gene,niche_a,niche_b,jaccard,size_a,size_b
MS4A1,0,1,0.2564102564102564,21,30
CXCR4,0,1,0.2564102564102564,21,30
TRAC,0,1,0.2830188679245283,18,52
PTPRC,0,1,0.2830188679245283,18,52
IL7R,0,1,0.2830188679245283,18,52
BANK1,0,1,0.2564102564102564,21,30
PTGDS,0,1,0.0,15,30
CD79A,0,1,0.2564102564102564,21,30
MPEG1,0,1,0.3870967741935484,15,30
CYTIP,0,1,0.2830188679245283,18,52
PECAM1,0,1,0.7073170731707317,41,31
SELL,0,1,0.2830188679245283,18,52
IRF8,0,1,0.3870967741935484,15,30
CD3E,0,1,0.2830188679245283,18,52
BASP1,0,1,0.3870967741935484,15,30
TCL1A,0,1,0.3870967741935484,15,30
CCR7,0,1,0.2830188679245283,18,52
PCNA,0,1,0.3333333333333333,18,52
AIF1,0,1,0.4827586206896552,15,30
CD3D,0,1,0.2830188679245283,18,52
FGL2,0,1,0.4827586206896552,15,30
CD4,0,1,0.4827586206896552,15,30
PLCG2,0,1,0.2564102564102564,21,30
MDM2,0,1,0.3333333333333333,18,52
CD2,0,1,0.2830188679245283,18,52
MKI67,0,1,0.3333333333333333,18,52
SERPINB9,0,1,0.22857142857142856,19,26
MS4A6A,0,1,0.4827586206896552,15,30
CD19,0,1,0.2564102564102564,21,30
TENT5C,0,1,0.3333333333333333,18,52
CTLA4,0,1,0.2830188679245283,18,52
ACTG2,0,1,0.3333333333333333,18,52
MZB1,0,1,0.3333333333333333,18,52
CD28,0,1,0.2830188679245283,18,52
GPR183,0,1,0.0,15,52
CD34,0,1,0.7073170731707317,41,31
KLRB1,0,1,0.22641509433962265,15,52
CD247,0,1,0.2830188679245283,18,52
MYC,0,1,0.04878048780487805,15,30
CXCL2,0,1,0.2222222222222222,20,15
C1orf162,0,1,0.4827586206896552,15,30
CD83,0,1,0.3870967741935484,15,30
CD69,0,1,0.0,15,30
ADAM28,0,1,0.2564102564102564,21,30
CCL5,0,1,0.22641509433962265,15,52
BCL2L11,0,1,0.22641509433962265,15,52
TFPI,0,1,0.018867924528301886,41,15
CXCL9,0,1,0.0625,21,15
PRDM1,0,1,0.3333333333333333,18,52
TNC,0,1,0.25806451612903225,15,26
LYVE1,0,1,0.2222222222222222,20,15
VWF,0,1,0.7073170731707317,41,31
IGSF6,0,1,0.4827586206896552,15,30
CD5L,0,1,0.4827586206896552,15,30
CD1C,0,1,0.04878048780487805,15,30
MEF2C,0,1,0.3870967741935484,15,30
MMRN1,0,1,0.7073170731707317,41,31
PLA2G7,0,1,0.4827586206896552,15,30
GNLY,0,1,0.22641509433962265,15,52
LAMP3,0,1,0.3870967741935484,15,30
TCF4,0,1,0.3870967741935484,15,30
GLIPR1,0,1,0.11363636363636363,21,30
CD27,0,1,0.3333333333333333,18,52
CD163,0,1,0.4827586206896552,15,30
SLAMF7,0,1,0.3333333333333333,18,52
CD8A,0,1,0.2830188679245283,18,52
SPIB,0,1,0.3870967741935484,15,30
MYLK,0,1,0.06557377049180328,41,26
CDK1,0,1,0.3333333333333333,18,52
ACTA2,0,1,0.25806451612903225,15,26
CAVIN2,0,1,0.7073170731707317,41,31
CAVIN1,0,1,0.7073170731707317,41,31
LY86,0,1,0.2564102564102564,21,30
KLRD1,0,1,0.22641509433962265,15,52
HLA-DQB2,0,1,0.04878048780487805,15,30
IL2RA,0,1,0.2830188679245283,18,52
CCL19,0,1,0.25806451612903225,15,26
TNFRSF9,0,1,0.22641509433962265,15,52
CLECL1,0,1,0.2564102564102564,21,30
FBN1,0,1,0.06557377049180328,41,26
KCNMA1,0,1,0.4827586206896552,15,30
TNFRSF13B,0,1,0.2564102564102564,21,30
TNFRSF17,0,1,0.3333333333333333,18,52
MS4A4A,0,1,0.4827586206896552,15,30
GZMK,0,1,0.22641509433962265,15,52
APOLD1,0,1,0.7073170731707317,41,31
TOP2A,0,1,0.3333333333333333,18,52
CD68,0,1,0.4827586206896552,15,30
CXCL10,0,1,0.0625,21,15
CLEC10A,0,1,0.16216216216216217,15,30
DUSP2,0,1,0.22641509433962265,15,52
MTRNR2L11,0,1,0.015625,15,52
DNASE1L3,0,1,0.11363636363636363,21,30
IL3RA,0,1,0.3870967741935484,15,30
RTKN2,0,1,0.2830188679245283,18,52
LILRA4,0,1,0.3870967741935484,15,30
CTSK,0,1,0.22857142857142856,19,26
C7,0,1,0.22857142857142856,19,26
ADGRL4,0,1,0.7073170731707317,41,31
SLAMF1,0,1,0.015625,15,52
PDGFRB,0,1,0.25806451612903225,15,26
DST,0,1,0.0,41,30
MMRN2,0,1,0.7073170731707317,41,31
SFRP4,0,1,0.037037037037037035,15,15
CD93,0,1,0.7073170731707317,41,31
FKBP11,0,1,0.3333333333333333,18,52
CSF2RA,0,1,0.16216216216216217,15,30
GZMA,0,1,0.22641509433962265,15,52
MNDA,0,1,0.16216216216216217,15,30
PROX1,0,1,0.2222222222222222,20,15
SH2D3C,0,1,0.0,15,52
HAVCR2,0,1,0.4827586206896552,15,30
PLD4,0,1,0.3870967741935484,15,30
MYH11,0,1,0.018867924528301886,41,15
ADAMTS1,0,1,0.25806451612903225,15,26
CCR2,0,1,0.3333333333333333,18,52
GNG11,0,1,0.7073170731707317,41,31
CD86,0,1,0.2564102564102564,21,30
FOXP3,0,1,0.2830188679245283,18,52
MARCO,0,1,0.0,20,15
CENPF,0,1,0.3333333333333333,18,52
GZMB,0,1,0.3870967741935484,15,30
FCGR3A,0,1,0.0,15,15
PRF1,0,1,0.22641509433962265,15,52
LILRB2,0,1,0.4827586206896552,15,30
THY1,0,1,0.06557377049180328,41,26
FAS,0,1,0.22857142857142856,19,26
EDNRB,0,1,0.0,15,31
DPT,0,1,0.22857142857142856,19,26
CD14,0,1,0.4827586206896552,15,30
TCIM,0,1,0.7073170731707317,41,31
KLRC1,0,1,0.22641509433962265,15,52
COCH,0,1,0.0,19,52
LTBP2,0,1,0.2222222222222222,20,15
AMY2A,0,1,0.0,18,15
FBLN1,0,1,0.22857142857142856,19,26
SMYD2,0,1,0.10344827586206896,19,15
MRC1,0,1,0.16216216216216217,15,30
CCNB2,0,1,0.3333333333333333,18,52
ACKR1,0,1,0.7073170731707317,41,31
ECSCR,0,1,0.7073170731707317,41,31
EGFL7,0,1,0.7073170731707317,41,31
NKG7,0,1,0.22641509433962265,15,52
PMP22,0,1,0.25806451612903225,15,26
IGF1,0,1,0.11363636363636363,21,30
UBE2C,0,1,0.3333333333333333,18,52
RBP5,0,1,0.06557377049180328,41,26
PDGFRA,0,1,0.22857142857142856,19,26
BTNL9,0,1,0.7073170731707317,41,31
SLC26A2,0,1,0.10344827586206896,19,15
CLEC14A,0,1,0.7073170731707317,41,31
PPARG,0,1,0.7073170731707317,41,31
THAP2,0,1,0.03225806451612903,19,15
MCF2L,0,1,0.7073170731707317,41,31
INMT,0,1,0.7073170731707317,41,31
CD1E,0,1,0.16216216216216217,15,30
TM4SF18,0,1,0.7073170731707317,41,31
EDN1,0,1,0.7073170731707317,41,31
NPDC1,0,1,0.7073170731707317,41,31
FHL2,0,1,0.22857142857142856,19,26
RGS16,0,1,0.2222222222222222,20,15
FCN1,0,1,0.16216216216216217,15,30
RAMP2,0,1,0.7073170731707317,41,31
RAPGEF3,0,1,0.7073170731707317,41,31
MEST,0,1,0.10344827586206896,19,15
KIT,0,1,0.0,41,15
GEM,0,1,0.023255813953488372,20,26
VCAN,0,1,0.0,20,15
SPI1,0,1,0.11363636363636363,21,30
FCGR1A,0,1,0.0,19,30
DES,0,1,0.3333333333333333,15,15
STEAP4,0,1,0.25806451612903225,15,26
ERG,0,1,0.7073170731707317,41,31
PCOLCE,0,1,0.22857142857142856,19,26
VWA5A,0,1,0.023255813953488372,20,26
COL5A2,0,1,0.25806451612903225,15,26
PTN,0,1,0.07692307692307693,15,15
CFB,0,1,0.06557377049180328,41,26
MET,0,1,0.7073170731707317,41,31
CAV1,0,1,0.7073170731707317,41,31
GATM,0,1,0.2222222222222222,20,15
OGN,0,1,0.0,15,30
PDPN,0,1,0.0,15,26
MFAP5,0,1,0.21739130434782608,15,15
MALL,0,1,0.7073170731707317,41,31
CLEC4E,0,1,0.16216216216216217,15,30
RIDA,0,1,0.10344827586206896,19,15
CRISPLD2,0,1,0.25806451612903225,15,26
ELF5,0,1,0.0,18,15
GHRL,0,1,0.11363636363636363,21,30
SEMA3C,0,1,0.11538461538461539,15,16
CPA3,0,1,0.12,15,15
SRPX,0,1,0.03225806451612903,19,15
VSIG4,0,1,0.21739130434782608,15,15
NTN4,0,1,0.7073170731707317,41,31
FSTL3,0,1,0.030303030303030304,20,16
ANPEP,0,1,0.0,21,15
CFHR3,0,1,0.07692307692307693,15,15
GYPA,0,1,0.07692307692307693,15,15
APOBEC3A,0,1,0.07692307692307693,15,15
AQP3,0,1,0.3333333333333333,18,52
ANGPT2,0,1,0.07692307692307693,15,15
APCDD1,0,1,0.07692307692307693,15,15
SLC4A1,0,1,0.21739130434782608,15,15
SFRP2,0,1,0.2727272727272727,15,15
DERL3,0,1,0.07692307692307693,15,15
CD274,0,1,0.07692307692307693,15,15
CXCL6,0,1,0.11538461538461539,15,16
IL1R2,0,1,0.0625,21,15
CYP4B1,0,1,0.07692307692307693,15,15
SOX17,0,1,0.2222222222222222,20,15
LIF,0,1,0.0,15,15
ASPN,0,1,0.11538461538461539,15,16
LILRB4,0,1,0.11363636363636363,21,30
CNN1,0,1,0.0,20,15
MS4A2,0,1,0.12,15,15
BMX,0,1,0.030303030303030304,20,16
ADGRE1,0,1,0.11538461538461539,15,16
LAG3,0,1,0.22641509433962265,15,52
CYP2A7,0,1,0.12,15,15
EHF,0,1,0.03225806451612903,19,15
GPC3,0,1,0.0,20,15
SMIM24,0,1,0.0,15,15
RERGL,0,1,0.12,15,15
SOX2,0,1,0.12,15,15
ESR1,0,1,0.03225806451612903,19,15
STC1,0,1,0.07692307692307693,15,15
HEMGN,0,1,0.21739130434782608,15,15
BAMBI,0,1,0.07692307692307693,15,15
MEDAG,0,1,0.21739130434782608,15,15
HEPACAM2,0,1,0.12,15,15
FCER1A,0,1,0.07692307692307693,15,15
PLIN4,0,1,0.2903225806451613,15,27
FXYD2,0,1,0.07692307692307693,15,15
SERPINB3,0,1,0.07407407407407407,15,16
PLAC9,0,1,0.20833333333333334,15,16
ALAS2,0,1,0.037037037037037035,15,15
EPCAM,0,1,0.20833333333333334,15,16
AHSP,0,1,0.0,15,15
SNCA,0,1,0.0,15,15
RND1,0,1,0.20833333333333334,15,16
ASCL3,0,1,0.20833333333333334,15,16
CLCA1,0,1,0.21739130434782608,15,15
CFAP53,0,1,0.21739130434782608,15,15
STC2,0,1,0.06451612903225806,20,15
ALDH1A3,0,1,0.20833333333333334,15,16
CFHR1,0,1,0.06451612903225806,20,15
TMEM100,0,1,0.21739130434782608,15,15
CD1A,0,1,0.037037037037037035,15,15
PPP1R1A,0,1,0.07407407407407407,15,16
IL1RL1,0,1,0.12,15,15
TSPAN19,0,1,0.21739130434782608,15,15
CYP1A1,0,1,0.20833333333333334,15,16
FGFBP2,0,1,0.21739130434782608,15,15
EGFR,0,1,0.06451612903225806,20,15
CYP2F1,0,1,0.0,15,15
SNTN,0,1,0.21739130434782608,15,15
TIMP4,0,1,0.12,15,15
GATA2,0,1,0.018867924528301886,41,15
HAMP,0,1,0.12,15,15
PPP1R1B,0,1,0.0,15,15
ADH1C,0,1,0.0,15,16
CCDC39,0,1,0.16666666666666666,15,15
CFTR,0,1,0.037037037037037035,15,15
TMC5,0,1,0.07407407407407407,15,16
PGR,0,1,0.16666666666666666,15,15
AGER,0,1,0.21739130434782608,15,15
MAMDC2,0,1,0.21739130434782608,15,15
AR,0,1,0.12,15,15
C15orf48,0,1,0.16666666666666666,15,15
S100A1,0,1,0.07692307692307693,15,15
SOX18,0,1,0.018867924528301886,41,15
SNAI1,0,1,0.12,15,15
CLIC6,0,1,0.16666666666666666,15,15
SLC26A3,0,1,0.07692307692307693,15,15
TM4SF4,0,1,0.16666666666666666,15,15
THBS2,0,1,0.037037037037037035,15,15
AQP9,0,1,0.07692307692307693,15,15
SLC18A2,0,1,0.16666666666666666,15,15
ERBB2,0,1,0.12,15,15
GPC1,0,1,0.16666666666666666,15,15
TAC1,0,1,0.07692307692307693,15,15
FGFBP1,0,1,0.16666666666666666,15,15
C6orf118,0,1,0.16666666666666666,15,15
APOA5,0,1,0.16666666666666666,15,15
DNAAF1,0,1,0.16666666666666666,15,15
ACE2,0,1,0.037037037037037035,15,15
CLCA2,0,1,0.12,15,15
MCEMP1,0,1,0.0,15,15
TBX3,0,1,0.0,15,15
CYP2B6,0,1,0.16666666666666666,15,15
SCGN,0,1,0.16666666666666666,15,15
OPRPN,0,1,0.07692307692307693,15,15
CD300E,0,1,0.0,15,15
CAPN8,0,1,0.16666666666666666,15,15
SCGB2A1,0,1,0.16666666666666666,15,15
GPRC5A,0,1,0.12,15,15
CCDC78,0,1,0.3333333333333333,15,15
CTSG,0,1,0.2903225806451613,15,27
ADIPOQ,0,1,0.12,15,15
C1orf194,0,1,0.21739130434782608,15,15
LILRA5,0,1,0.12,15,15
HPGDS,0,1,0.0,15,15
KCNK3,0,1,0.12,15,15
LPL,0,1,0.21739130434782608,15,15
GYPB,0,1,0.3333333333333333,15,15
GKN2,0,1,0.21739130434782608,15,15
C5orf46,0,1,0.21739130434782608,15,15
SELE,0,1,0.2727272727272727,15,15
SERPINB2,0,1,0.3333333333333333,15,15
DIRAS3,0,1,0.3333333333333333,15,15
PRG4,0,1,0.2727272727272727,15,15
LGI4,0,1,0.21739130434782608,15,15
COL17A1,0,1,0.3333333333333333,15,15
SFTA2,0,1,0.21739130434782608,15,15
HIGD1B,0,1,0.0,15,15
DPEP1,0,1,0.3333333333333333,15,15
PCP4,0,1,0.3333333333333333,15,15
CSF3,0,1,0.12,15,15
TREM2,0,1,0.12,15,15
TMEM52B,0,1,0.2727272727272727,15,15
AGR3,0,1,0.12,15,15
AQP8,0,1,0.2727272727272727,15,15
ARFGEF3,0,1,0.0,20,15
SNCG,0,1,0.0,20,27
SLC22A8,0,1,0.2727272727272727,15,15
PEBP4,0,1,0.0,15,15
BBOX1,0,1,0.2727272727272727,15,15
CYP3A4,0,1,0.21739130434782608,15,15
FOXI1,0,1,0.21739130434782608,15,15
S100A12,0,1,0.21739130434782608,15,15
HPX,0,1,0.21739130434782608,15,15
LGR5,0,1,0.2727272727272727,15,15
NAT8,0,1,0.21739130434782608,15,15
PCSK2,0,1,0.21739130434782608,15,15
ASCL1,0,1,0.2727272727272727,15,15
PVALB,0,1,0.21739130434782608,15,15
FCN2,0,1,0.037037037037037035,15,15
GCG,0,1,0.21739130434782608,15,15
CD70,0,1,0.2727272727272727,15,15
UMOD,0,1,0.2727272727272727,15,15
FOXJ1,0,1,0.21739130434782608,15,15
MLPH,0,1,0.037037037037037035,15,15
GLYATL1,0,1,0.21739130434782608,15,15
KRT20,0,1,0.21739130434782608,15,15
ADH4,0,1,0.2727272727272727,15,15
CA4,0,1,0.0,15,27
CDH16,0,1,0.2727272727272727,15,15
AQP2,0,1,0.16666666666666666,15,15
DMBT1,0,1,0.16666666666666666,15,15
CHGA,0,1,0.2727272727272727,15,15
CCL27,0,1,0.16666666666666666,15,15
KNG1,0,1,0.16666666666666666,15,15
PPY,0,1,0.2903225806451613,15,27
MLANA,0,1,0.16666666666666666,15,15
HMGCS2,0,1,0.2903225806451613,15,27
CRHBP,0,1,0.2903225806451613,15,27
TFF2,0,1,0.2903225806451613,15,27
GDF15,0,1,0.2903225806451613,15,27
PDCD1,0,1,0.5384615384615384,15,27
SST,0,1,0.2903225806451613,15,27
INS,0,1,0.2903225806451613,15,27
FOXA1,0,1,0.2903225806451613,15,27
TMEM174,0,1,0.5384615384615384,15,27
TCF15,0,1,0.5384615384615384,15,27
KLK11,0,1,0.5384615384615384,15,27
SPDEF,0,1,0.5384615384615384,15,27
ABCC11,0,1,0.5384615384615384,15,27
HES4,0,1,0.5384615384615384,15,27
C20orf85,0,1,0.5384615384615384,15,27
TAT,0,1,0.5384615384615384,15,27
MYBPC1,0,1,0.5384615384615384,15,27
LY6D,0,1,0.5384615384615384,15,27
UPK3B,0,1,0.5384615384615384,15,27
GPX2,0,1,0.5384615384615384,15,27
RETN,0,1,0.5384615384615384,15,27
KRT7,0,1,0.5384615384615384,15,27
MS4A1,0,2,0.16363636363636364,21,45
CXCR4,0,2,0.16363636363636364,21,45
TRAC,0,2,0.4666666666666667,18,28
PTPRC,0,2,0.4666666666666667,18,28
IL7R,0,2,0.4666666666666667,18,28
BANK1,0,2,0.16363636363636364,21,45
PTGDS,0,2,0.20833333333333334,15,45
CD79A,0,2,0.16363636363636364,21,45
MPEG1,0,2,0.01818181818181818,15,43
CYTIP,0,2,0.4666666666666667,18,28
PECAM1,0,2,0.5166666666666667,41,52
SELL,0,2,0.0,18,45
IRF8,0,2,0.20833333333333334,15,45
CD3E,0,2,0.4666666666666667,18,28
BASP1,0,2,0.01818181818181818,15,43
TCL1A,0,2,0.20833333333333334,15,45
CCR7,0,2,0.4666666666666667,18,28
PCNA,0,2,0.38636363636363635,18,45
AIF1,0,2,0.3333333333333333,15,43
CD3D,0,2,0.4666666666666667,18,28
FGL2,0,2,0.3333333333333333,15,43
CD4,0,2,0.3333333333333333,15,43
PLCG2,0,2,0.16363636363636364,21,45
MDM2,0,2,0.38636363636363635,18,45
CD2,0,2,0.4666666666666667,18,28
MKI67,0,2,0.38636363636363635,18,45
SERPINB9,0,2,0.029850746268656716,19,52
MS4A6A,0,2,0.3333333333333333,15,43
CD19,0,2,0.16363636363636364,21,45
TENT5C,0,2,0.38636363636363635,18,45
CTLA4,0,2,0.4666666666666667,18,28
ACTG2,0,2,0.38636363636363635,18,45
MZB1,0,2,0.38636363636363635,18,45
CD28,0,2,0.4666666666666667,18,28
GPR183,0,2,0.20833333333333334,15,45
CD34,0,2,0.5166666666666667,41,52
KLRB1,0,2,0.3225806451612903,15,28
CD247,0,2,0.4666666666666667,18,28
MYC,0,2,0.0,15,52
CXCL2,0,2,0.1111111111111111,20,52
C1orf162,0,2,0.3333333333333333,15,43
CD83,0,2,0.021739130434782608,15,34
CD69,0,2,0.3225806451612903,15,28
ADAM28,0,2,0.16363636363636364,21,45
CCL5,0,2,0.3225806451612903,15,28
BCL2L11,0,2,0.017543859649122806,15,45
TFPI,0,2,0.5166666666666667,41,52
CXCL9,0,2,0.030303030303030304,21,15
PRDM1,0,2,0.38636363636363635,18,45
TNC,0,2,0.06557377049180328,15,52
LYVE1,0,2,0.1111111111111111,20,52
VWF,0,2,0.5166666666666667,41,52
IGSF6,0,2,0.3333333333333333,15,43
CD5L,0,2,0.3333333333333333,15,43
CD1C,0,2,0.16666666666666666,15,43
MEF2C,0,2,0.20833333333333334,15,45
MMRN1,0,2,0.5166666666666667,41,52
PLA2G7,0,2,0.3333333333333333,15,43
GNLY,0,2,0.3225806451612903,15,28
LAMP3,0,2,0.021739130434782608,15,34
TCF4,0,2,0.20833333333333334,15,45
GLIPR1,0,2,0.14814814814814814,21,43
CD27,0,2,0.38636363636363635,18,45
CD163,0,2,0.3333333333333333,15,43
SLAMF7,0,2,0.38636363636363635,18,45
CD8A,0,2,0.4666666666666667,18,28
SPIB,0,2,0.20833333333333334,15,45
MYLK,0,2,0.028169014084507043,41,34
CDK1,0,2,0.38636363636363635,18,45
ACTA2,0,2,0.175,15,34
CAVIN2,0,2,0.5166666666666667,41,52
CAVIN1,0,2,0.5166666666666667,41,52
LY86,0,2,0.16363636363636364,21,45
KLRD1,0,2,0.3225806451612903,15,28
HLA-DQB2,0,2,0.16666666666666666,15,43
IL2RA,0,2,0.4666666666666667,18,28
CCL19,0,2,0.175,15,34
TNFRSF9,0,2,0.0,15,52
CLECL1,0,2,0.16363636363636364,21,45
FBN1,0,2,0.5166666666666667,41,52
KCNMA1,0,2,0.3333333333333333,15,43
TNFRSF13B,0,2,0.16363636363636364,21,45
TNFRSF17,0,2,0.38636363636363635,18,45
MS4A4A,0,2,0.3333333333333333,15,43
GZMK,0,2,0.3225806451612903,15,28
APOLD1,0,2,0.5166666666666667,41,52
TOP2A,0,2,0.38636363636363635,18,45
CD68,0,2,0.3333333333333333,15,43
CXCL10,0,2,0.030303030303030304,21,15
CLEC10A,0,2,0.16666666666666666,15,43
DUSP2,0,2,0.3225806451612903,15,28
MTRNR2L11,0,2,0.017543859649122806,15,45
DNASE1L3,0,2,0.14814814814814814,21,43
IL3RA,0,2,0.20833333333333334,15,45
RTKN2,0,2,0.4666666666666667,18,28
LILRA4,0,2,0.20833333333333334,15,45
CTSK,0,2,0.275,19,34
C7,0,2,0.275,19,34
ADGRL4,0,2,0.5166666666666667,41,52
SLAMF1,0,2,0.0,15,34
PDGFRB,0,2,0.175,15,34
DST,0,2,0.012345679012345678,41,43
MMRN2,0,2,0.5166666666666667,41,52
SFRP4,0,2,0.0,15,16
CD93,0,2,0.5166666666666667,41,52
FKBP11,0,2,0.38636363636363635,18,45
CSF2RA,0,2,0.16666666666666666,15,43
GZMA,0,2,0.3225806451612903,15,28
MNDA,0,2,0.16666666666666666,15,43
PROX1,0,2,0.1111111111111111,20,52
SH2D3C,0,2,0.06557377049180328,15,52
HAVCR2,0,2,0.3333333333333333,15,43
PLD4,0,2,0.20833333333333334,15,45
MYH11,0,2,0.0,41,15
ADAMTS1,0,2,0.175,15,34
CCR2,0,2,0.38636363636363635,18,45
GNG11,0,2,0.5166666666666667,41,52
CD86,0,2,0.14814814814814814,21,43
FOXP3,0,2,0.4666666666666667,18,28
MARCO,0,2,0.1111111111111111,20,52
CENPF,0,2,0.38636363636363635,18,45
GZMB,0,2,0.20833333333333334,15,45
FCGR3A,0,2,0.0,15,43
PRF1,0,2,0.3225806451612903,15,28
LILRB2,0,2,0.3333333333333333,15,43
THY1,0,2,0.5166666666666667,41,52
FAS,0,2,0.275,19,34
EDNRB,0,2,0.06557377049180328,15,52
DPT,0,2,0.275,19,34
CD14,0,2,0.3333333333333333,15,43
TCIM,0,2,0.028169014084507043,41,34
KLRC1,0,2,0.3225806451612903,15,28
COCH,0,2,0.275,19,34
LTBP2,0,2,0.1111111111111111,20,52
AMY2A,0,2,0.0,18,34
FBLN1,0,2,0.275,19,34
SMYD2,0,2,0.029850746268656716,19,52
MRC1,0,2,0.16666666666666666,15,43
CCNB2,0,2,0.38636363636363635,18,45
ACKR1,0,2,0.5166666666666667,41,52
ECSCR,0,2,0.5166666666666667,41,52
EGFL7,0,2,0.5166666666666667,41,52
NKG7,0,2,0.3225806451612903,15,28
PMP22,0,2,0.06557377049180328,15,52
IGF1,0,2,0.14814814814814814,21,43
UBE2C,0,2,0.38636363636363635,18,45
RBP5,0,2,0.5166666666666667,41,52
PDGFRA,0,2,0.275,19,34
BTNL9,0,2,0.5166666666666667,41,52
SLC26A2,0,2,0.275,19,34
CLEC14A,0,2,0.5166666666666667,41,52
PPARG,0,2,0.012345679012345678,41,43
THAP2,0,2,0.03225806451612903,19,15
MCF2L,0,2,0.5166666666666667,41,52
INMT,0,2,0.028169014084507043,41,34
CD1E,0,2,0.16666666666666666,15,43
TM4SF18,0,2,0.5166666666666667,41,52
EDN1,0,2,0.5166666666666667,41,52
NPDC1,0,2,0.5166666666666667,41,52
FHL2,0,2,0.275,19,34
RGS16,0,2,0.1111111111111111,20,52
FCN1,0,2,0.16666666666666666,15,43
RAMP2,0,2,0.5166666666666667,41,52
RAPGEF3,0,2,0.5166666666666667,41,52
MEST,0,2,0.029850746268656716,19,52
KIT,0,2,0.018867924528301886,41,15
GEM,0,2,0.061224489795918366,20,34
VCAN,0,2,0.061224489795918366,20,34
SPI1,0,2,0.14814814814814814,21,43
FCGR1A,0,2,0.0,19,43
DES,0,2,0.2727272727272727,15,15
STEAP4,0,2,0.175,15,34
ERG,0,2,0.5166666666666667,41,52
PCOLCE,0,2,0.275,19,34
VWA5A,0,2,0.0,20,15
COL5A2,0,2,0.175,15,34
PTN,0,2,0.044444444444444446,15,34
CFB,0,2,0.5166666666666667,41,52
MET,0,2,0.5166666666666667,41,52
CAV1,0,2,0.5166666666666667,41,52
GATM,0,2,0.0,20,43
OGN,0,2,0.044444444444444446,15,34
PDPN,0,2,0.0,15,52
MFAP5,0,2,0.20833333333333334,15,16
MALL,0,2,0.5166666666666667,41,52
CLEC4E,0,2,0.16666666666666666,15,43
RIDA,0,2,0.275,19,34
CRISPLD2,0,2,0.175,15,34
ELF5,0,2,0.0,18,15
GHRL,0,2,0.14814814814814814,21,43
SEMA3C,0,2,0.03571428571428571,15,16
CPA3,0,2,0.16666666666666666,15,15
SRPX,0,2,0.275,19,34
VSIG4,0,2,0.0,15,43
NTN4,0,2,0.5166666666666667,41,52
FSTL3,0,2,0.061224489795918366,20,34
ANPEP,0,2,0.14814814814814814,21,43
CFHR3,0,2,0.175,15,34
GYPA,0,2,0.07692307692307693,15,15
APOBEC3A,0,2,0.017543859649122806,15,45
AQP3,0,2,0.38636363636363635,18,45
ANGPT2,0,2,0.06557377049180328,15,52
APCDD1,0,2,0.12,15,15
SLC4A1,0,2,0.0,15,16
SFRP2,0,2,0.12,15,15
DERL3,0,2,0.0,15,28
CD274,0,2,0.01818181818181818,15,43
CXCL6,0,2,0.12,15,15
IL1R2,0,2,0.14814814814814814,21,43
CYP4B1,0,2,0.2608695652173913,15,16
SOX17,0,2,0.0,20,15
LIF,0,2,0.0,15,45
ASPN,0,2,0.044444444444444446,15,34
LILRB4,0,2,0.14814814814814814,21,43
CNN1,0,2,0.03125,20,15
MS4A2,0,2,0.16666666666666666,15,15
BMX,0,2,0.1111111111111111,20,52
ADGRE1,0,2,0.01818181818181818,15,43
LAG3,0,2,0.017543859649122806,15,45
CYP2A7,0,2,0.03571428571428571,15,16
EHF,0,2,0.03225806451612903,19,15
GPC3,0,2,0.030303030303030304,20,16
SMIM24,0,2,0.12,15,15
RERGL,0,2,0.03571428571428571,15,16
SOX2,0,2,0.03571428571428571,15,16
ESR1,0,2,0.0,19,28
STC1,0,2,0.03571428571428571,15,16
HEMGN,0,2,0.20833333333333334,15,16
BAMBI,0,2,0.0,15,52
MEDAG,0,2,0.07407407407407407,15,16
HEPACAM2,0,2,0.12,15,15
FCER1A,0,2,0.0,15,16
PLIN4,0,2,0.0,15,15
FXYD2,0,2,0.0,15,15
SERPINB3,0,2,0.0,15,15
PLAC9,0,2,0.2608695652173913,15,16
ALAS2,0,2,0.11538461538461539,15,16
EPCAM,0,2,0.03571428571428571,15,16
AHSP,0,2,0.03571428571428571,15,16
SNCA,0,2,0.03571428571428571,15,16
RND1,0,2,0.07692307692307693,15,15
ASCL3,0,2,0.07692307692307693,15,15
CLCA1,0,2,0.2608695652173913,15,16
CFAP53,0,2,0.07407407407407407,15,16
STC2,0,2,0.1111111111111111,20,52
ALDH1A3,0,2,0.2608695652173913,15,16
CFHR1,0,2,0.061224489795918366,20,34
TMEM100,0,2,0.2608695652173913,15,16
CD1A,0,2,0.07692307692307693,15,15
PPP1R1A,0,2,0.20833333333333334,15,16
IL1RL1,0,2,0.16666666666666666,15,15
TSPAN19,0,2,0.20833333333333334,15,16
CYP1A1,0,2,0.2608695652173913,15,16
FGFBP2,0,2,0.03571428571428571,15,16
EGFR,0,2,0.030303030303030304,20,16
CYP2F1,0,2,0.07407407407407407,15,16
SNTN,0,2,0.2608695652173913,15,16
TIMP4,0,2,0.0,15,15
GATA2,0,2,0.018867924528301886,41,15
HAMP,0,2,0.12,15,15
PPP1R1B,0,2,0.03571428571428571,15,16
ADH1C,0,2,0.07692307692307693,15,15
CCDC39,0,2,0.07692307692307693,15,15
CFTR,0,2,0.16666666666666666,15,15
TMC5,0,2,0.07692307692307693,15,15
PGR,0,2,0.03571428571428571,15,16
AGER,0,2,0.07692307692307693,15,15
MAMDC2,0,2,0.07407407407407407,15,16
AR,0,2,0.20833333333333334,15,16
C15orf48,0,2,0.0,15,16
S100A1,0,2,0.12,15,15
SOX18,0,2,0.0,41,16
SNAI1,0,2,0.20833333333333334,15,16
CLIC6,0,2,0.20833333333333334,15,16
SLC26A3,0,2,0.16666666666666666,15,15
TM4SF4,0,2,0.16666666666666666,15,15
THBS2,0,2,0.16666666666666666,15,15
AQP9,0,2,0.11538461538461539,15,16
SLC18A2,0,2,0.16666666666666666,15,15
ERBB2,0,2,0.07692307692307693,15,15
GPC1,0,2,0.16666666666666666,15,15
TAC1,0,2,0.12,15,15
FGFBP1,0,2,0.07692307692307693,15,15
C6orf118,0,2,0.20833333333333334,15,16
APOA5,0,2,0.20833333333333334,15,16
DNAAF1,0,2,0.11538461538461539,15,16
ACE2,0,2,0.16666666666666666,15,15
CLCA2,0,2,0.07692307692307693,15,15
MCEMP1,0,2,0.12,15,15
TBX3,0,2,0.0,15,15
CYP2B6,0,2,0.20833333333333334,15,16
SCGN,0,2,0.07692307692307693,15,15
OPRPN,0,2,0.07407407407407407,15,16
CD300E,0,2,0.11538461538461539,15,16
CAPN8,0,2,0.20833333333333334,15,16
SCGB2A1,0,2,0.20833333333333334,15,16
GPRC5A,0,2,0.07407407407407407,15,16
CCDC78,0,2,0.03571428571428571,15,16
CTSG,0,2,0.0,15,15
ADIPOQ,0,2,0.2727272727272727,15,15
C1orf194,0,2,0.21739130434782608,15,15
LILRA5,0,2,0.21739130434782608,15,15
HPGDS,0,2,0.16666666666666666,15,15
KCNK3,0,2,0.21739130434782608,15,15
LPL,0,2,0.07692307692307693,15,15
GYPB,0,2,0.16666666666666666,15,15
GKN2,0,2,0.21739130434782608,15,15
C5orf46,0,2,0.21739130434782608,15,15
SELE,0,2,0.0,15,15
SERPINB2,0,2,0.2727272727272727,15,15
DIRAS3,0,2,0.16666666666666666,15,15
PRG4,0,2,0.2727272727272727,15,15
LGI4,0,2,0.0,15,15
COL17A1,0,2,0.2727272727272727,15,15
SFTA2,0,2,0.21739130434782608,15,15
HIGD1B,0,2,0.0,15,15
DPEP1,0,2,0.2727272727272727,15,15
PCP4,0,2,0.2727272727272727,15,15
CSF3,0,2,0.16666666666666666,15,15
TREM2,0,2,0.16666666666666666,15,15
TMEM52B,0,2,0.12,15,15
AGR3,0,2,0.2727272727272727,15,15
AQP8,0,2,0.12,15,15
ARFGEF3,0,2,0.0,20,15
SNCG,0,2,0.03125,20,15
SLC22A8,0,2,0.2727272727272727,15,15
PEBP4,0,2,0.07692307692307693,15,15
BBOX1,0,2,0.2727272727272727,15,15
CYP3A4,0,2,0.2727272727272727,15,15
FOXI1,0,2,0.12,15,15
S100A12,0,2,0.06451612903225806,15,20
HPX,0,2,0.2727272727272727,15,15
LGR5,0,2,0.21739130434782608,15,15
NAT8,0,2,0.06451612903225806,15,20
PCSK2,0,2,0.21739130434782608,15,15
ASCL1,0,2,0.21739130434782608,15,15
PVALB,0,2,0.21739130434782608,15,15
FCN2,0,2,0.2727272727272727,15,15
GCG,0,2,0.17857142857142858,15,20
CD70,0,2,0.07692307692307693,15,15
UMOD,0,2,0.21739130434782608,15,15
FOXJ1,0,2,0.21739130434782608,15,15
MLPH,0,2,0.2727272727272727,15,15
GLYATL1,0,2,0.17857142857142858,15,20
KRT20,0,2,0.06451612903225806,15,20
ADH4,0,2,0.17857142857142858,15,20
CA4,0,2,0.17857142857142858,15,20
CDH16,0,2,0.17857142857142858,15,20
AQP2,0,2,0.43478260869565216,15,20
DMBT1,0,2,0.43478260869565216,15,20
CHGA,0,2,0.17857142857142858,15,20
CCL27,0,2,0.43478260869565216,15,20
KNG1,0,2,0.43478260869565216,15,20
PPY,0,2,0.43478260869565216,15,20
MLANA,0,2,0.43478260869565216,15,20
HMGCS2,0,2,0.43478260869565216,15,20
CRHBP,0,2,0.43478260869565216,15,20
TFF2,0,2,0.43478260869565216,15,20
GDF15,0,2,0.43478260869565216,15,20
PDCD1,0,2,0.875,15,17
SST,0,2,0.43478260869565216,15,20
INS,0,2,0.034482758620689655,15,17
FOXA1,0,2,0.034482758620689655,15,17
TMEM174,0,2,0.875,15,17
TCF15,0,2,0.875,15,17
KLK11,0,2,0.875,15,17
SPDEF,0,2,0.875,15,17
ABCC11,0,2,0.875,15,17
HES4,0,2,0.875,15,17
C20orf85,0,2,0.875,15,17
TAT,0,2,0.875,15,17
MYBPC1,0,2,0.875,15,17
LY6D,0,2,0.875,15,17
UPK3B,0,2,0.875,15,17
GPX2,0,2,0.875,15,17
RETN,0,2,0.875,15,17
KRT7,0,2,0.875,15,17
MS4A1,0,3,0.2619047619047619,21,34
CXCR4,0,3,0.2619047619047619,21,34
TRAC,0,3,0.4,18,26
PTPRC,0,3,0.041666666666666664,18,34
IL7R,0,3,0.4,18,26
BANK1,0,3,0.2619047619047619,21,34
PTGDS,0,3,0.0,15,15
CD79A,0,3,0.2619047619047619,21,34
MPEG1,0,3,0.14634146341463414,15,34
CYTIP,0,3,0.4,18,26
PECAM1,0,3,0.013888888888888888,41,34
SELL,0,3,0.041666666666666664,18,34
IRF8,0,3,0.14634146341463414,15,34
CD3E,0,3,0.4,18,26
BASP1,0,3,0.0,15,15
TCL1A,0,3,0.14634146341463414,15,34
CCR7,0,3,0.4,18,26
PCNA,0,3,0.7222222222222222,18,15
AIF1,0,3,0.4,15,15
CD3D,0,3,0.4,18,26
FGL2,0,3,0.021739130434782608,15,34
CD4,0,3,0.0,15,26
PLCG2,0,3,0.2619047619047619,21,34
MDM2,0,3,0.7222222222222222,18,15
CD2,0,3,0.4,18,26
MKI67,0,3,0.7222222222222222,18,15
SERPINB9,0,3,0.04081632653061224,19,34
MS4A6A,0,3,0.4,15,15
CD19,0,3,0.2619047619047619,21,34
TENT5C,0,3,0.7222222222222222,18,15
CTLA4,0,3,0.4,18,26
ACTG2,0,3,0.7222222222222222,18,15
MZB1,0,3,0.7222222222222222,18,15
CD28,0,3,0.4,18,26
GPR183,0,3,0.02631578947368421,15,26
CD34,0,3,0.11538461538461539,41,19
KLRB1,0,3,0.08333333333333333,15,26
CD247,0,3,0.4,18,26
MYC,0,3,0.05405405405405406,15,26
CXCL2,0,3,0.03125,20,15
C1orf162,0,3,0.021739130434782608,15,34
CD83,0,3,0.02631578947368421,15,26
CD69,0,3,0.08333333333333333,15,26
ADAM28,0,3,0.2619047619047619,21,34
CCL5,0,3,0.3333333333333333,15,15
BCL2L11,0,3,0.08333333333333333,15,26
TFPI,0,3,0.0,41,15
CXCL9,0,3,0.030303030303030304,21,15
PRDM1,0,3,0.024390243902439025,18,26
TNC,0,3,0.16666666666666666,15,15
LYVE1,0,3,0.03125,20,15
VWF,0,3,0.08,41,15
IGSF6,0,3,0.4,15,15
CD5L,0,3,0.0,15,15
CD1C,0,3,0.044444444444444446,15,34
MEF2C,0,3,0.14634146341463414,15,34
MMRN1,0,3,0.10204081632653061,41,15
PLA2G7,0,3,0.4,15,15
GNLY,0,3,0.3333333333333333,15,15
LAMP3,0,3,0.0,15,15
TCF4,0,3,0.14634146341463414,15,34
GLIPR1,0,3,0.2619047619047619,21,34
CD27,0,3,0.024390243902439025,18,26
CD163,0,3,0.0,15,16
SLAMF7,0,3,0.7222222222222222,18,15
CD8A,0,3,0.0,18,15
SPIB,0,3,0.14634146341463414,15,34
MYLK,0,3,0.10204081632653061,41,15
CDK1,0,3,0.7222222222222222,18,15
ACTA2,0,3,0.0,15,15
CAVIN2,0,3,0.0,41,15
CAVIN1,0,3,0.058823529411764705,41,15
LY86,0,3,0.2619047619047619,21,34
KLRD1,0,3,0.3333333333333333,15,15
HLA-DQB2,0,3,0.044444444444444446,15,34
IL2RA,0,3,0.4,18,26
CCL19,0,3,0.16666666666666666,15,15
TNFRSF9,0,3,0.0,15,34
CLECL1,0,3,0.2619047619047619,21,34
FBN1,0,3,0.013888888888888888,41,34
KCNMA1,0,3,0.4,15,15
TNFRSF13B,0,3,0.2619047619047619,21,34
TNFRSF17,0,3,0.7222222222222222,18,15
MS4A4A,0,3,0.4,15,15
GZMK,0,3,0.3333333333333333,15,15
APOLD1,0,3,0.11538461538461539,41,19
TOP2A,0,3,0.7222222222222222,18,15
CD68,0,3,0.4,15,15
CXCL10,0,3,0.0,21,19
CLEC10A,0,3,0.037037037037037035,15,15
DUSP2,0,3,0.08333333333333333,15,26
MTRNR2L11,0,3,0.05405405405405406,15,26
DNASE1L3,0,3,0.030303030303030304,21,15
IL3RA,0,3,0.0,15,15
RTKN2,0,3,0.4,18,26
LILRA4,0,3,0.0,15,19
CTSK,0,3,0.04081632653061224,19,34
C7,0,3,0.03225806451612903,19,15
ADGRL4,0,3,0.11538461538461539,41,19
SLAMF1,0,3,0.05405405405405406,15,26
PDGFRB,0,3,0.16666666666666666,15,15
DST,0,3,0.0,41,15
MMRN2,0,3,0.11538461538461539,41,19
SFRP4,0,3,0.16666666666666666,15,15
CD93,0,3,0.08,41,15
FKBP11,0,3,0.7222222222222222,18,15
CSF2RA,0,3,0.0,15,15
GZMA,0,3,0.3333333333333333,15,15
MNDA,0,3,0.044444444444444446,15,34
PROX1,0,3,0.0,20,17
SH2D3C,0,3,0.0,15,34
HAVCR2,0,3,0.4,15,15
PLD4,0,3,0.14634146341463414,15,34
MYH11,0,3,0.03389830508474576,41,22
ADAMTS1,0,3,0.037037037037037035,15,15
CCR2,0,3,0.0,18,19
GNG11,0,3,0.11538461538461539,41,19
CD86,0,3,0.2619047619047619,21,34
FOXP3,0,3,0.4,18,26
MARCO,0,3,0.0,20,16
CENPF,0,3,0.7222222222222222,18,15
GZMB,0,3,0.0,15,22
FCGR3A,0,3,0.0,15,15
PRF1,0,3,0.3333333333333333,15,15
LILRB2,0,3,0.4,15,15
THY1,0,3,0.10204081632653061,41,15
FAS,0,3,0.04081632653061224,19,34
EDNRB,0,3,0.16666666666666666,15,15
DPT,0,3,0.0,19,15
CD14,0,3,0.0,15,15
TCIM,0,3,0.10204081632653061,41,15
KLRC1,0,3,0.3333333333333333,15,15
COCH,0,3,0.09090909090909091,19,19
LTBP2,0,3,0.03125,20,15
AMY2A,0,3,0.041666666666666664,18,34
FBLN1,0,3,0.0,19,16
SMYD2,0,3,0.0,19,26
MRC1,0,3,0.0,15,15
CCNB2,0,3,0.7222222222222222,18,15
ACKR1,0,3,0.08,41,15
ECSCR,0,3,0.07692307692307693,41,17
EGFL7,0,3,0.0,41,16
NKG7,0,3,0.3333333333333333,15,15
PMP22,0,3,0.16666666666666666,15,15
IGF1,0,3,0.0,21,15
UBE2C,0,3,0.7222222222222222,18,15
RBP5,0,3,0.10204081632653061,41,15
PDGFRA,0,3,0.03225806451612903,19,15
BTNL9,0,3,0.058823529411764705,41,15
SLC26A2,0,3,0.03225806451612903,19,15
CLEC14A,0,3,0.018867924528301886,41,15
PPARG,0,3,0.11538461538461539,41,19
THAP2,0,3,0.03225806451612903,19,15
MCF2L,0,3,0.11538461538461539,41,19
INMT,0,3,0.058823529411764705,41,15
CD1E,0,3,0.037037037037037035,15,15
TM4SF18,0,3,0.07692307692307693,41,17
EDN1,0,3,0.0,41,15
NPDC1,0,3,0.08,41,15
FHL2,0,3,0.0,19,15
RGS16,0,3,0.0,20,15
FCN1,0,3,0.037037037037037035,15,15
RAMP2,0,3,0.08,41,15
RAPGEF3,0,3,0.07692307692307693,41,17
MEST,0,3,0.09090909090909091,19,19
KIT,0,3,0.018867924528301886,41,15
GEM,0,3,0.03125,20,15
VCAN,0,3,0.0,20,15
SPI1,0,3,0.0,21,15
FCGR1A,0,3,0.09090909090909091,19,19
DES,0,3,0.07692307692307693,15,15
STEAP4,0,3,0.0,15,15
ERG,0,3,0.0,41,15
PCOLCE,0,3,0.0,19,15
VWA5A,0,3,0.027777777777777776,20,19
COL5A2,0,3,0.0,15,15
PTN,0,3,0.0,15,15
CFB,0,3,0.10204081632653061,41,15
MET,0,3,0.07692307692307693,41,17
CAV1,0,3,0.0,41,15
GATM,0,3,0.027777777777777776,20,19
OGN,0,3,0.03225806451612903,15,19
PDPN,0,3,0.03225806451612903,15,19
MFAP5,0,3,0.12,15,15
MALL,0,3,0.058823529411764705,41,15
CLEC4E,0,3,0.0,15,17
RIDA,0,3,0.09090909090909091,19,19
CRISPLD2,0,3,0.0,15,16
ELF5,0,3,0.0,18,19
GHRL,0,3,0.0,21,15
SEMA3C,0,3,0.1111111111111111,15,17
CPA3,0,3,0.16666666666666666,15,15
SRPX,0,3,0.0,19,15
VSIG4,0,3,0.0,15,15
NTN4,0,3,0.07692307692307693,41,17
FSTL3,0,3,0.03125,20,15
ANPEP,0,3,0.0,21,22
CFHR3,0,3,0.0,15,17
GYPA,0,3,0.037037037037037035,15,15
APOBEC3A,0,3,0.037037037037037035,15,15
AQP3,0,3,0.0,18,15
ANGPT2,0,3,0.0,15,15
APCDD1,0,3,0.037037037037037035,15,15
SLC4A1,0,3,0.07692307692307693,15,15
SFRP2,0,3,0.16666666666666666,15,15
DERL3,0,3,0.0,15,15
CD274,0,3,0.12,15,15
CXCL6,0,3,0.037037037037037035,15,15
IL1R2,0,3,0.0,21,15
CYP4B1,0,3,0.037037037037037035,15,15
SOX17,0,3,0.0,20,15
LIF,0,3,0.037037037037037035,15,15
ASPN,0,3,0.0,15,15
LILRB4,0,3,0.0,21,15
CNN1,0,3,0.0,20,22
MS4A2,0,3,0.0,15,15
BMX,0,3,0.0,20,15
ADGRE1,0,3,0.1111111111111111,15,17
LAG3,0,3,0.0,15,15
CYP2A7,0,3,0.12,15,15
EHF,0,3,0.03225806451612903,19,15
GPC3,0,3,0.03125,20,15
SMIM24,0,3,0.12,15,15
RERGL,0,3,0.1111111111111111,15,17
SOX2,0,3,0.1111111111111111,15,17
ESR1,0,3,0.03225806451612903,19,15
STC1,0,3,0.037037037037037035,15,15
HEMGN,0,3,0.07692307692307693,15,15
BAMBI,0,3,0.037037037037037035,15,15
MEDAG,0,3,0.037037037037037035,15,15
HEPACAM2,0,3,0.12,15,15
FCER1A,0,3,0.0,15,22
PLIN4,0,3,0.4,15,15
FXYD2,0,3,0.0,15,22
SERPINB3,0,3,0.0,15,15
PLAC9,0,3,0.07692307692307693,15,15
ALAS2,0,3,0.0,15,15
EPCAM,0,3,0.0,15,15
AHSP,0,3,0.07692307692307693,15,15
SNCA,0,3,0.0,15,15
RND1,0,3,0.037037037037037035,15,15
ASCL3,0,3,0.07142857142857142,15,17
CLCA1,0,3,0.07142857142857142,15,17
CFAP53,0,3,0.0,15,17
STC2,0,3,0.030303030303030304,20,16
ALDH1A3,0,3,0.07692307692307693,15,15
CFHR1,0,3,0.030303030303030304,20,16
TMEM100,0,3,0.03571428571428571,15,16
CD1A,0,3,0.0,15,17
PPP1R1A,0,3,0.07692307692307693,15,15
IL1RL1,0,3,0.16666666666666666,15,15
TSPAN19,0,3,0.07692307692307693,15,15
CYP1A1,0,3,0.07142857142857142,15,17
FGFBP2,0,3,0.03571428571428571,15,16
EGFR,0,3,0.0,20,15
CYP2F1,0,3,0.12,15,15
SNTN,0,3,0.0,15,15
TIMP4,0,3,0.037037037037037035,15,15
GATA2,0,3,0.03389830508474576,41,22
HAMP,0,3,0.20689655172413793,15,22
PPP1R1B,0,3,0.0,15,15
ADH1C,0,3,0.07692307692307693,15,15
CCDC39,0,3,0.07692307692307693,15,15
CFTR,0,3,0.07692307692307693,15,15
TMC5,0,3,0.12,15,15
PGR,0,3,0.07692307692307693,15,15
AGER,0,3,0.12,15,15
MAMDC2,0,3,0.07692307692307693,15,15
AR,0,3,0.029411764705882353,15,22
C15orf48,0,3,0.16,15,16
S100A1,0,3,0.0,15,15
SOX18,0,3,0.03389830508474576,41,22
SNAI1,0,3,0.029411764705882353,15,22
CLIC6,0,3,0.16,15,16
SLC26A3,0,3,0.07407407407407407,15,16
TM4SF4,0,3,0.07407407407407407,15,16
THBS2,0,3,0.0,15,16
AQP9,0,3,0.07692307692307693,15,15
SLC18A2,0,3,0.0,15,22
ERBB2,0,3,0.037037037037037035,15,15
GPC1,0,3,0.07692307692307693,15,15
TAC1,0,3,0.0,15,16
FGFBP1,0,3,0.16,15,16
C6orf118,0,3,0.16,15,16
APOA5,0,3,0.0,15,15
DNAAF1,0,3,0.07407407407407407,15,16
ACE2,0,3,0.0,15,15
CLCA2,0,3,0.16666666666666666,15,15
MCEMP1,0,3,0.037037037037037035,15,15
TBX3,0,3,0.0,15,15
CYP2B6,0,3,0.16666666666666666,15,15
SCGN,0,3,0.16666666666666666,15,15
OPRPN,0,3,0.20689655172413793,15,22
CD300E,0,3,0.0,15,15
CAPN8,0,3,0.0,15,15
SCGB2A1,0,3,0.16,15,16
GPRC5A,0,3,0.037037037037037035,15,15
CCDC78,0,3,0.0,15,15
CTSG,0,3,0.4,15,15
ADIPOQ,0,3,0.07692307692307693,15,15
C1orf194,0,3,0.20689655172413793,15,22
LILRA5,0,3,0.0,15,15
HPGDS,0,3,0.0,15,15
KCNK3,0,3,0.20689655172413793,15,22
LPL,0,3,0.16,15,16
GYPB,0,3,0.07692307692307693,15,15
GKN2,0,3,0.20689655172413793,15,22
C5orf46,0,3,0.20689655172413793,15,22
SELE,0,3,0.16,15,16
SERPINB2,0,3,0.029411764705882353,15,22
DIRAS3,0,3,0.16666666666666666,15,15
PRG4,0,3,0.16666666666666666,15,15
LGI4,0,3,0.07692307692307693,15,15
COL17A1,0,3,0.07692307692307693,15,15
SFTA2,0,3,0.20689655172413793,15,22
HIGD1B,0,3,0.07692307692307693,15,15
DPEP1,0,3,0.07692307692307693,15,15
PCP4,0,3,0.16666666666666666,15,15
CSF3,0,3,0.029411764705882353,15,22
TREM2,0,3,0.16666666666666666,15,15
TMEM52B,0,3,0.0,15,15
AGR3,0,3,0.16666666666666666,15,15
AQP8,0,3,0.07692307692307693,15,15
ARFGEF3,0,3,0.03125,20,15
SNCG,0,3,0.03125,20,15
SLC22A8,0,3,0.0,15,22
PEBP4,0,3,0.0,15,22
BBOX1,0,3,0.16666666666666666,15,15
CYP3A4,0,3,0.07692307692307693,15,15
FOXI1,0,3,0.16666666666666666,15,15
S100A12,0,3,0.16,15,16
HPX,0,3,0.16,15,16
LGR5,0,3,0.16666666666666666,15,15
NAT8,0,3,0.16666666666666666,15,15
PCSK2,0,3,0.16666666666666666,15,15
ASCL1,0,3,0.16666666666666666,15,15
PVALB,0,3,0.16666666666666666,15,15
FCN2,0,3,0.16,15,16
GCG,0,3,0.16666666666666666,15,15
CD70,0,3,0.16,15,16
UMOD,0,3,0.16,15,16
FOXJ1,0,3,0.0,15,15
MLPH,0,3,0.16,15,16
GLYATL1,0,3,0.16,15,16
KRT20,0,3,0.07692307692307693,15,15
ADH4,0,3,0.16,15,16
CA4,0,3,0.0,15,17
CDH16,0,3,0.037037037037037035,15,15
AQP2,0,3,0.4,15,15
DMBT1,0,3,0.4,15,15
CHGA,0,3,0.037037037037037035,15,15
CCL27,0,3,0.07407407407407407,15,16
KNG1,0,3,0.07407407407407407,15,16
PPY,0,3,0.4,15,15
MLANA,0,3,0.4,15,15
HMGCS2,0,3,0.4,15,15
CRHBP,0,3,0.07142857142857142,15,17
TFF2,0,3,0.07407407407407407,15,16
GDF15,0,3,0.4,15,15
PDCD1,0,3,0.037037037037037035,15,15
SST,0,3,0.4,15,15
INS,0,3,0.07142857142857142,15,17
FOXA1,0,3,0.07142857142857142,15,17
TMEM174,0,3,0.6666666666666666,15,17
TCF15,0,3,0.037037037037037035,15,15
KLK11,0,3,0.6666666666666666,15,17
SPDEF,0,3,0.6666666666666666,15,17
ABCC11,0,3,0.6666666666666666,15,17
HES4,0,3,0.6666666666666666,15,17
C20orf85,0,3,0.6666666666666666,15,17
TAT,0,3,0.6666666666666666,15,17
MYBPC1,0,3,0.6666666666666666,15,17
LY6D,0,3,0.6666666666666666,15,17
UPK3B,0,3,0.6666666666666666,15,17
GPX2,0,3,0.6666666666666666,15,17
RETN,0,3,0.6666666666666666,15,17
KRT7,0,3,0.6666666666666666,15,17
MS4A1,0,4,0.15625,21,55
CXCR4,0,4,0.15625,21,55
TRAC,0,4,0.47619047619047616,18,15
PTPRC,0,4,0.028985507246376812,18,55
IL7R,0,4,0.47619047619047616,18,15
BANK1,0,4,0.15625,21,55
PTGDS,0,4,0.0,15,25
CD79A,0,4,0.15625,21,55
MPEG1,0,4,0.11475409836065574,15,55
CYTIP,0,4,0.47619047619047616,18,15
PECAM1,0,4,0.34545454545454546,41,35
SELL,0,4,0.028985507246376812,18,55
IRF8,0,4,0.11475409836065574,15,55
CD3E,0,4,0.47619047619047616,18,15
BASP1,0,4,0.11475409836065574,15,55
TCL1A,0,4,0.11475409836065574,15,55
CCR7,0,4,0.02564102564102564,18,24
PCNA,0,4,0.24561403508771928,18,55
AIF1,0,4,0.3103448275862069,15,25
CD3D,0,4,0.47619047619047616,18,15
FGL2,0,4,0.0,15,17
CD4,0,4,0.3103448275862069,15,25
PLCG2,0,4,0.15625,21,55
MDM2,0,4,0.24561403508771928,18,55
CD2,0,4,0.47619047619047616,18,15
MKI67,0,4,0.24561403508771928,18,55
SERPINB9,0,4,0.014084507042253521,19,55
MS4A6A,0,4,0.3103448275862069,15,25
CD19,0,4,0.15625,21,55
TENT5C,0,4,0.24561403508771928,18,55
CTLA4,0,4,0.47619047619047616,18,15
ACTG2,0,4,0.24561403508771928,18,55
MZB1,0,4,0.24561403508771928,18,55
CD28,0,4,0.47619047619047616,18,15
GPR183,0,4,0.027777777777777776,15,24
CD34,0,4,0.34545454545454546,41,35
KLRB1,0,4,0.0,15,15
CD247,0,4,0.47619047619047616,18,15
MYC,0,4,0.07936507936507936,15,55
CXCL2,0,4,0.03125,20,15
C1orf162,0,4,0.0,15,15
CD83,0,4,0.11475409836065574,15,55
CD69,0,4,0.14285714285714285,15,35
ADAM28,0,4,0.15625,21,55
CCL5,0,4,0.14285714285714285,15,35
BCL2L11,0,4,0.030303030303030304,15,55
TFPI,0,4,0.08,41,15
CXCL9,0,4,0.0,21,18
PRDM1,0,4,0.24561403508771928,18,55
TNC,0,4,0.0,15,15
LYVE1,0,4,0.0,20,18
VWF,0,4,0.34545454545454546,41,35
IGSF6,0,4,0.3103448275862069,15,25
CD5L,0,4,0.0,15,15
CD1C,0,4,0.07936507936507936,15,55
MEF2C,0,4,0.11475409836065574,15,55
MMRN1,0,4,0.0,41,15
PLA2G7,0,4,0.3103448275862069,15,25
GNLY,0,4,0.037037037037037035,15,15
LAMP3,0,4,0.0,15,18
TCF4,0,4,0.11475409836065574,15,55
GLIPR1,0,4,0.023809523809523808,21,24
CD27,0,4,0.0,18,15
CD163,0,4,0.0,15,15
SLAMF7,0,4,0.24561403508771928,18,55
CD8A,0,4,0.0,18,35
SPIB,0,4,0.11475409836065574,15,55
MYLK,0,4,0.34545454545454546,41,35
CDK1,0,4,0.24561403508771928,18,55
ACTA2,0,4,0.16666666666666666,15,15
CAVIN2,0,4,0.08,41,15
CAVIN1,0,4,0.34545454545454546,41,35
LY86,0,4,0.15625,21,55
KLRD1,0,4,0.037037037037037035,15,15
HLA-DQB2,0,4,0.07936507936507936,15,55
IL2RA,0,4,0.0,18,25
CCL19,0,4,0.16666666666666666,15,15
TNFRSF9,0,4,0.0,15,15
CLECL1,0,4,0.15625,21,55
FBN1,0,4,0.08,41,15
KCNMA1,0,4,0.3103448275862069,15,25
TNFRSF13B,0,4,0.15625,21,55
TNFRSF17,0,4,0.24561403508771928,18,55
MS4A4A,0,4,0.3103448275862069,15,25
GZMK,0,4,0.14285714285714285,15,35
APOLD1,0,4,0.34545454545454546,41,35
TOP2A,0,4,0.24561403508771928,18,55
CD68,0,4,0.3103448275862069,15,25
CXCL10,0,4,0.0,21,17
CLEC10A,0,4,0.037037037037037035,15,15
DUSP2,0,4,0.030303030303030304,15,55
MTRNR2L11,0,4,0.07936507936507936,15,55
DNASE1L3,0,4,0.0,21,15
IL3RA,0,4,0.0,15,15
RTKN2,0,4,0.028985507246376812,18,55
LILRA4,0,4,0.0,15,15
CTSK,0,4,0.06666666666666667,19,15
C7,0,4,0.0,19,15
ADGRL4,0,4,0.34545454545454546,41,35
SLAMF1,0,4,0.07936507936507936,15,55
PDGFRB,0,4,0.043478260869565216,15,35
DST,0,4,0.015873015873015872,41,25
MMRN2,0,4,0.08,41,15
SFRP4,0,4,0.07692307692307693,15,15
CD93,0,4,0.34545454545454546,41,35
FKBP11,0,4,0.24561403508771928,18,55
CSF2RA,0,4,0.02702702702702703,15,25
GZMA,0,4,0.14285714285714285,15,35
MNDA,0,4,0.027777777777777776,15,24
PROX1,0,4,0.06060606060606061,20,17
SH2D3C,0,4,0.0,15,55
HAVCR2,0,4,0.3103448275862069,15,25
PLD4,0,4,0.027777777777777776,15,24
MYH11,0,4,0.03278688524590164,41,24
ADAMTS1,0,4,0.16666666666666666,15,15
CCR2,0,4,0.0,18,15
GNG11,0,4,0.34545454545454546,41,35
CD86,0,4,0.15625,21,55
FOXP3,0,4,0.47619047619047616,18,15
MARCO,0,4,0.03125,20,15
CENPF,0,4,0.24561403508771928,18,55
GZMB,0,4,0.0,15,15
FCGR3A,0,4,0.0,15,17
PRF1,0,4,0.14285714285714285,15,35
LILRB2,0,4,0.0,15,24
THY1,0,4,0.34545454545454546,41,35
FAS,0,4,0.0,19,25
EDNRB,0,4,0.043478260869565216,15,35
DPT,0,4,0.06666666666666667,19,15
CD14,0,4,0.3103448275862069,15,25
TCIM,0,4,0.08,41,15
KLRC1,0,4,0.030303030303030304,15,55
COCH,0,4,0.1388888888888889,19,24
LTBP2,0,4,0.06451612903225806,20,15
AMY2A,0,4,0.02564102564102564,18,24
FBLN1,0,4,0.0,19,15
SMYD2,0,4,0.1388888888888889,19,24
MRC1,0,4,0.0,15,15
CCNB2,0,4,0.24561403508771928,18,55
ACKR1,0,4,0.08,41,15
ECSCR,0,4,0.34545454545454546,41,35
EGFL7,0,4,0.34545454545454546,41,35
NKG7,0,4,0.14285714285714285,15,35
PMP22,0,4,0.0,15,25
IGF1,0,4,0.047619047619047616,21,25
UBE2C,0,4,0.24561403508771928,18,55
RBP5,0,4,0.08,41,15
PDGFRA,0,4,0.06060606060606061,19,18
BTNL9,0,4,0.34545454545454546,41,35
SLC26A2,0,4,0.1388888888888889,19,24
CLEC14A,0,4,0.34545454545454546,41,35
PPARG,0,4,0.015873015873015872,41,25
THAP2,0,4,0.1388888888888889,19,24
MCF2L,0,4,0.08,41,15
INMT,0,4,0.01818181818181818,41,17
CD1E,0,4,0.037037037037037035,15,15
TM4SF18,0,4,0.34545454545454546,41,35
EDN1,0,4,0.08,41,15
NPDC1,0,4,0.34545454545454546,41,35
FHL2,0,4,0.1388888888888889,19,24
RGS16,0,4,0.013888888888888888,20,55
FCN1,0,4,0.0,15,17
RAMP2,0,4,0.34545454545454546,41,35
RAPGEF3,0,4,0.34545454545454546,41,35
MEST,0,4,0.1388888888888889,19,24
KIT,0,4,0.0,41,15
GEM,0,4,0.06451612903225806,20,15
VCAN,0,4,0.03125,20,15
SPI1,0,4,0.023809523809523808,21,24
FCGR1A,0,4,0.0,19,15
DES,0,4,0.07692307692307693,15,15
STEAP4,0,4,0.16666666666666666,15,15
ERG,0,4,0.0,41,15
PCOLCE,0,4,0.0,19,15
VWA5A,0,4,0.06451612903225806,20,15
COL5A2,0,4,0.16666666666666666,15,15
PTN,0,4,0.037037037037037035,15,15
CFB,0,4,0.08,41,15
MET,0,4,0.03278688524590164,41,24
CAV1,0,4,0.34545454545454546,41,35
GATM,0,4,0.0,20,24
OGN,0,4,0.037037037037037035,15,15
PDPN,0,4,0.0,15,15
MFAP5,0,4,0.07142857142857142,15,17
MALL,0,4,0.34545454545454546,41,35
CLEC4E,0,4,0.02702702702702703,15,25
RIDA,0,4,0.014084507042253521,19,55
CRISPLD2,0,4,0.043478260869565216,15,35
ELF5,0,4,0.47619047619047616,18,15
GHRL,0,4,0.047619047619047616,21,25
SEMA3C,0,4,0.03333333333333333,15,18
CPA3,0,4,0.07692307692307693,15,15
SRPX,0,4,0.06060606060606061,19,18
VSIG4,0,4,0.0,15,15
NTN4,0,4,0.03278688524590164,41,24
FSTL3,0,4,0.0,20,15
ANPEP,0,4,0.0,21,15
CFHR3,0,4,0.03333333333333333,15,18
GYPA,0,4,0.0,15,17
APOBEC3A,0,4,0.07936507936507936,15,55
AQP3,0,4,0.0,18,15
ANGPT2,0,4,0.03333333333333333,15,18
APCDD1,0,4,0.0,15,15
SLC4A1,0,4,0.0,15,35
SFRP2,0,4,0.037037037037037035,15,15
DERL3,0,4,0.027777777777777776,15,24
CD274,0,4,0.0,15,25
CXCL6,0,4,0.07142857142857142,15,17
IL1R2,0,4,0.0,21,15
CYP4B1,0,4,0.0,15,15
SOX17,0,4,0.0,20,15
LIF,0,4,0.0,15,15
ASPN,0,4,0.0,15,15
LILRB4,0,4,0.047619047619047616,21,25
CNN1,0,4,0.0,20,15
MS4A2,0,4,0.037037037037037035,15,15
BMX,0,4,0.06060606060606061,20,17
ADGRE1,0,4,0.07142857142857142,15,17
LAG3,0,4,0.14285714285714285,15,35
CYP2A7,0,4,0.07142857142857142,15,17
EHF,0,4,0.06060606060606061,19,18
GPC3,0,4,0.03125,20,15
SMIM24,0,4,0.027777777777777776,15,24
RERGL,0,4,0.0,15,55
SOX2,0,4,0.027777777777777776,15,24
ESR1,0,4,0.06666666666666667,19,15
STC1,0,4,0.0,15,17
HEMGN,0,4,0.0,15,35
BAMBI,0,4,0.037037037037037035,15,15
MEDAG,0,4,0.0,15,15
HEPACAM2,0,4,0.03333333333333333,15,18
FCER1A,0,4,0.0,15,15
PLIN4,0,4,0.2413793103448276,15,23
FXYD2,0,4,0.0,15,15
SERPINB3,0,4,0.0,15,18
PLAC9,0,4,0.0,15,55
ALAS2,0,4,0.07692307692307693,15,15
EPCAM,0,4,0.16666666666666666,15,15
AHSP,0,4,0.07692307692307693,15,15
SNCA,0,4,0.0,15,15
RND1,0,4,0.0,15,24
ASCL3,0,4,0.16666666666666666,15,15
CLCA1,0,4,0.0,15,15
CFAP53,0,4,0.07692307692307693,15,15
STC2,0,4,0.06060606060606061,20,17
ALDH1A3,0,4,0.16666666666666666,15,15
CFHR1,0,4,0.03125,20,15
TMEM100,0,4,0.0,15,15
CD1A,0,4,0.0,15,35
PPP1R1A,0,4,0.0,15,15
IL1RL1,0,4,0.07692307692307693,15,15
TSPAN19,0,4,0.07142857142857142,15,17
CYP1A1,0,4,0.16666666666666666,15,15
FGFBP2,0,4,0.037037037037037035,15,15
EGFR,0,4,0.0,20,15
CYP2F1,0,4,0.07142857142857142,15,17
SNTN,0,4,0.16666666666666666,15,15
TIMP4,0,4,0.0,15,15
GATA2,0,4,0.0,41,15
HAMP,0,4,0.0,15,25
PPP1R1B,0,4,0.0,15,24
ADH1C,0,4,0.037037037037037035,15,15
CCDC39,0,4,0.037037037037037035,15,15
CFTR,0,4,0.0,15,15
TMC5,0,4,0.0,15,24
PGR,0,4,0.07692307692307693,15,15
AGER,0,4,0.07692307692307693,15,15
MAMDC2,0,4,0.10714285714285714,15,18
AR,0,4,0.0,15,15
C15orf48,0,4,0.0,15,35
S100A1,0,4,0.0,15,15
SOX18,0,4,0.01818181818181818,41,17
SNAI1,0,4,0.0,15,15
CLIC6,0,4,0.0,15,15
SLC26A3,0,4,0.037037037037037035,15,15
TM4SF4,0,4,0.0,15,15
THBS2,0,4,0.07692307692307693,15,15
AQP9,0,4,0.06896551724137931,15,18
SLC18A2,0,4,0.037037037037037035,15,15
ERBB2,0,4,0.07692307692307693,15,15
GPC1,0,4,0.06896551724137931,15,18
TAC1,0,4,0.10714285714285714,15,18
FGFBP1,0,4,0.07692307692307693,15,15
C6orf118,0,4,0.0,15,15
APOA5,0,4,0.0,15,15
DNAAF1,0,4,0.06896551724137931,15,18
ACE2,0,4,0.07692307692307693,15,15
CLCA2,0,4,0.037037037037037035,15,15
MCEMP1,0,4,0.0,15,15
TBX3,0,4,0.0,15,15
CYP2B6,0,4,0.07692307692307693,15,15
SCGN,0,4,0.037037037037037035,15,15
OPRPN,0,4,0.0,15,15
CD300E,0,4,0.037037037037037035,15,15
CAPN8,0,4,0.07692307692307693,15,15
SCGB2A1,0,4,0.07692307692307693,15,15
GPRC5A,0,4,0.10714285714285714,15,18
CCDC78,0,4,0.0,15,25
CTSG,0,4,0.2413793103448276,15,23
ADIPOQ,0,4,0.037037037037037035,15,15
C1orf194,0,4,0.037037037037037035,15,15
LILRA5,0,4,0.0,15,15
HPGDS,0,4,0.0,15,15
KCNK3,0,4,0.0,15,15
LPL,0,4,0.0,15,25
GYPB,0,4,0.0,15,15
GKN2,0,4,0.037037037037037035,15,15
C5orf46,0,4,0.037037037037037035,15,15
SELE,0,4,0.0,15,15
SERPINB2,0,4,0.07692307692307693,15,15
DIRAS3,0,4,0.07692307692307693,15,15
PRG4,0,4,0.07692307692307693,15,15
LGI4,0,4,0.10714285714285714,15,18
COL17A1,0,4,0.037037037037037035,15,15
SFTA2,0,4,0.037037037037037035,15,15
HIGD1B,0,4,0.0,15,15
DPEP1,0,4,0.037037037037037035,15,15
PCP4,0,4,0.07692307692307693,15,15
CSF3,0,4,0.037037037037037035,15,15
TREM2,0,4,0.07692307692307693,15,15
TMEM52B,0,4,0.0,15,55
AGR3,0,4,0.07692307692307693,15,15
AQP8,0,4,0.037037037037037035,15,15
ARFGEF3,0,4,0.03125,20,15
SNCG,0,4,0.013888888888888888,20,55
SLC22A8,0,4,0.07692307692307693,15,15
PEBP4,0,4,0.037037037037037035,15,15
BBOX1,0,4,0.037037037037037035,15,15
CYP3A4,0,4,0.037037037037037035,15,15
FOXI1,0,4,0.037037037037037035,15,15
S100A12,0,4,0.037037037037037035,15,15
HPX,0,4,0.037037037037037035,15,15
LGR5,0,4,0.07692307692307693,15,15
NAT8,0,4,0.07692307692307693,15,15
PCSK2,0,4,0.07692307692307693,15,15
ASCL1,0,4,0.16666666666666666,15,15
PVALB,0,4,0.037037037037037035,15,15
FCN2,0,4,0.037037037037037035,15,15
GCG,0,4,0.07692307692307693,15,15
CD70,0,4,0.16666666666666666,15,15
UMOD,0,4,0.07692307692307693,15,15
FOXJ1,0,4,0.07692307692307693,15,15
MLPH,0,4,0.037037037037037035,15,15
GLYATL1,0,4,0.07692307692307693,15,15
KRT20,0,4,0.037037037037037035,15,15
ADH4,0,4,0.16666666666666666,15,15
CA4,0,4,0.0,15,23
CDH16,0,4,0.16666666666666666,15,15
AQP2,0,4,0.037037037037037035,15,15
DMBT1,0,4,0.2413793103448276,15,23
CHGA,0,4,0.16666666666666666,15,15
CCL27,0,4,0.037037037037037035,15,15
KNG1,0,4,0.037037037037037035,15,15
PPY,0,4,0.2413793103448276,15,23
MLANA,0,4,0.037037037037037035,15,15
HMGCS2,0,4,0.0,15,55
CRHBP,0,4,0.2413793103448276,15,23
TFF2,0,4,0.037037037037037035,15,15
GDF15,0,4,0.037037037037037035,15,15
PDCD1,0,4,0.0,15,15
SST,0,4,0.2413793103448276,15,23
INS,0,4,0.2413793103448276,15,23
FOXA1,0,4,0.2413793103448276,15,23
TMEM174,0,4,0.5652173913043478,15,23
TCF15,0,4,0.5652173913043478,15,23
KLK11,0,4,0.5652173913043478,15,23
SPDEF,0,4,0.5652173913043478,15,23
ABCC11,0,4,0.5652173913043478,15,23
HES4,0,4,0.5652173913043478,15,23
C20orf85,0,4,0.5652173913043478,15,23
TAT,0,4,0.5652173913043478,15,23
MYBPC1,0,4,0.5652173913043478,15,23
LY6D,0,4,0.5652173913043478,15,23
UPK3B,0,4,0.5652173913043478,15,23
GPX2,0,4,0.5652173913043478,15,23
RETN,0,4,0.5652173913043478,15,23
KRT7,0,4,0.5652173913043478,15,23
MS4A1,1,2,0.32727272727272727,30,45
CXCR4,1,2,0.32727272727272727,30,45
TRAC,1,2,0.4444444444444444,52,28
PTPRC,1,2,0.4444444444444444,52,28
IL7R,1,2,0.4444444444444444,52,28
BANK1,1,2,0.32727272727272727,30,45
PTGDS,1,2,0.0,30,45
CD79A,1,2,0.32727272727272727,30,45
MPEG1,1,2,0.07575757575757576,30,43
CYTIP,1,2,0.4444444444444444,52,28
PECAM1,1,2,0.5,31,52
SELL,1,2,0.3013698630136986,52,45
IRF8,1,2,0.32727272727272727,30,45
CD3E,1,2,0.4444444444444444,52,28
BASP1,1,2,0.07575757575757576,30,43
TCL1A,1,2,0.32727272727272727,30,45
CCR7,1,2,0.4444444444444444,52,28
PCNA,1,2,0.3013698630136986,52,45
AIF1,1,2,0.6511627906976745,30,43
CD3D,1,2,0.4444444444444444,52,28
FGL2,1,2,0.6511627906976745,30,43
CD4,1,2,0.6511627906976745,30,43
PLCG2,1,2,0.32727272727272727,30,45
MDM2,1,2,0.3013698630136986,52,45
CD2,1,2,0.4444444444444444,52,28
MKI67,1,2,0.3013698630136986,52,45
SERPINB9,1,2,0.10144927536231885,26,52
MS4A6A,1,2,0.6511627906976745,30,43
CD19,1,2,0.32727272727272727,30,45
TENT5C,1,2,0.3013698630136986,52,45
CTLA4,1,2,0.4444444444444444,52,28
ACTG2,1,2,0.3013698630136986,52,45
MZB1,1,2,0.3013698630136986,52,45
CD28,1,2,0.4444444444444444,52,28
GPR183,1,2,0.3013698630136986,52,45
CD34,1,2,0.5,31,52
KLRB1,1,2,0.4444444444444444,52,28
CD247,1,2,0.4444444444444444,52,28
MYC,1,2,0.0,30,52
CXCL2,1,2,0.1016949152542373,15,52
C1orf162,1,2,0.6511627906976745,30,43
CD83,1,2,0.03333333333333333,30,34
CD69,1,2,0.0,30,28
ADAM28,1,2,0.32727272727272727,30,45
CCL5,1,2,0.4444444444444444,52,28
BCL2L11,1,2,0.3013698630136986,52,45
TFPI,1,2,0.1016949152542373,15,52
CXCL9,1,2,0.12,15,15
PRDM1,1,2,0.3013698630136986,52,45
TNC,1,2,0.10144927536231885,26,52
LYVE1,1,2,0.1016949152542373,15,52
VWF,1,2,0.5,31,52
IGSF6,1,2,0.6511627906976745,30,43
CD5L,1,2,0.6511627906976745,30,43
CD1C,1,2,0.07575757575757576,30,43
MEF2C,1,2,0.32727272727272727,30,45
MMRN1,1,2,0.5,31,52
PLA2G7,1,2,0.6511627906976745,30,43
GNLY,1,2,0.4444444444444444,52,28
LAMP3,1,2,0.03333333333333333,30,34
TCF4,1,2,0.32727272727272727,30,45
GLIPR1,1,2,0.6511627906976745,30,43
CD27,1,2,0.3013698630136986,52,45
CD163,1,2,0.6511627906976745,30,43
SLAMF7,1,2,0.3013698630136986,52,45
CD8A,1,2,0.4444444444444444,52,28
SPIB,1,2,0.32727272727272727,30,45
MYLK,1,2,0.38095238095238093,26,34
CDK1,1,2,0.3013698630136986,52,45
ACTA2,1,2,0.38095238095238093,26,34
CAVIN2,1,2,0.5,31,52
CAVIN1,1,2,0.5,31,52
LY86,1,2,0.32727272727272727,30,45
KLRD1,1,2,0.4444444444444444,52,28
HLA-DQB2,1,2,0.07575757575757576,30,43
IL2RA,1,2,0.4444444444444444,52,28
CCL19,1,2,0.38095238095238093,26,34
TNFRSF9,1,2,0.009900990099009901,52,52
CLECL1,1,2,0.32727272727272727,30,45
FBN1,1,2,0.10144927536231885,26,52
KCNMA1,1,2,0.6511627906976745,30,43
TNFRSF13B,1,2,0.32727272727272727,30,45
TNFRSF17,1,2,0.3013698630136986,52,45
MS4A4A,1,2,0.6511627906976745,30,43
GZMK,1,2,0.4444444444444444,52,28
APOLD1,1,2,0.5,31,52
TOP2A,1,2,0.3013698630136986,52,45
CD68,1,2,0.6511627906976745,30,43
CXCL10,1,2,0.12,15,15
CLEC10A,1,2,0.6511627906976745,30,43
DUSP2,1,2,0.4444444444444444,52,28
MTRNR2L11,1,2,0.3013698630136986,52,45
DNASE1L3,1,2,0.6511627906976745,30,43
IL3RA,1,2,0.32727272727272727,30,45
RTKN2,1,2,0.4444444444444444,52,28
LILRA4,1,2,0.32727272727272727,30,45
CTSK,1,2,0.38095238095238093,26,34
C7,1,2,0.38095238095238093,26,34
ADGRL4,1,2,0.5,31,52
SLAMF1,1,2,0.012048192771084338,52,34
PDGFRB,1,2,0.38095238095238093,26,34
DST,1,2,0.6511627906976745,30,43
MMRN2,1,2,0.5,31,52
SFRP4,1,2,0.0,15,16
CD93,1,2,0.5,31,52
FKBP11,1,2,0.3013698630136986,52,45
CSF2RA,1,2,0.6511627906976745,30,43
GZMA,1,2,0.4444444444444444,52,28
MNDA,1,2,0.6511627906976745,30,43
PROX1,1,2,0.1016949152542373,15,52
SH2D3C,1,2,0.009900990099009901,52,52
HAVCR2,1,2,0.6511627906976745,30,43
PLD4,1,2,0.32727272727272727,30,45
MYH11,1,2,0.0,15,15
ADAMTS1,1,2,0.38095238095238093,26,34
CCR2,1,2,0.3013698630136986,52,45
GNG11,1,2,0.5,31,52
CD86,1,2,0.07575757575757576,30,43
FOXP3,1,2,0.4444444444444444,52,28
MARCO,1,2,0.0,15,52
CENPF,1,2,0.3013698630136986,52,45
GZMB,1,2,0.32727272727272727,30,45
FCGR3A,1,2,0.037037037037037035,15,43
PRF1,1,2,0.4444444444444444,52,28
LILRB2,1,2,0.6511627906976745,30,43
THY1,1,2,0.10144927536231885,26,52
FAS,1,2,0.38095238095238093,26,34
EDNRB,1,2,0.5,31,52
DPT,1,2,0.38095238095238093,26,34
CD14,1,2,0.6511627906976745,30,43
TCIM,1,2,0.016129032258064516,31,34
KLRC1,1,2,0.4444444444444444,52,28
COCH,1,2,0.012048192771084338,52,34
LTBP2,1,2,0.1016949152542373,15,52
AMY2A,1,2,0.06818181818181818,15,34
FBLN1,1,2,0.38095238095238093,26,34
SMYD2,1,2,0.015625,15,52
MRC1,1,2,0.6511627906976745,30,43
CCNB2,1,2,0.3013698630136986,52,45
ACKR1,1,2,0.5,31,52
ECSCR,1,2,0.5,31,52
EGFL7,1,2,0.5,31,52
NKG7,1,2,0.4444444444444444,52,28
PMP22,1,2,0.10144927536231885,26,52
IGF1,1,2,0.6511627906976745,30,43
UBE2C,1,2,0.3013698630136986,52,45
RBP5,1,2,0.10144927536231885,26,52
PDGFRA,1,2,0.38095238095238093,26,34
BTNL9,1,2,0.5,31,52
SLC26A2,1,2,0.06818181818181818,15,34
CLEC14A,1,2,0.5,31,52
PPARG,1,2,0.0,31,43
THAP2,1,2,0.16666666666666666,15,15
MCF2L,1,2,0.5,31,52
INMT,1,2,0.016129032258064516,31,34
CD1E,1,2,0.6511627906976745,30,43
TM4SF18,1,2,0.5,31,52
EDN1,1,2,0.5,31,52
NPDC1,1,2,0.5,31,52
FHL2,1,2,0.38095238095238093,26,34
RGS16,1,2,0.1016949152542373,15,52
FCN1,1,2,0.6511627906976745,30,43
RAMP2,1,2,0.5,31,52
RAPGEF3,1,2,0.5,31,52
MEST,1,2,0.015625,15,52
KIT,1,2,0.0,15,15
GEM,1,2,0.38095238095238093,26,34
VCAN,1,2,0.0,15,34
SPI1,1,2,0.6511627906976745,30,43
FCGR1A,1,2,0.07575757575757576,30,43
DES,1,2,0.16666666666666666,15,15
STEAP4,1,2,0.38095238095238093,26,34
ERG,1,2,0.5,31,52
PCOLCE,1,2,0.38095238095238093,26,34
VWA5A,1,2,0.0,26,15
COL5A2,1,2,0.38095238095238093,26,34
PTN,1,2,0.06818181818181818,15,34
CFB,1,2,0.10144927536231885,26,52
MET,1,2,0.5,31,52
CAV1,1,2,0.5,31,52
GATM,1,2,0.0,15,43
OGN,1,2,0.03333333333333333,30,34
PDPN,1,2,0.10144927536231885,26,52
MFAP5,1,2,0.16,15,16
MALL,1,2,0.5,31,52
CLEC4E,1,2,0.6511627906976745,30,43
RIDA,1,2,0.06818181818181818,15,34
CRISPLD2,1,2,0.38095238095238093,26,34
ELF5,1,2,0.16666666666666666,15,15
GHRL,1,2,0.6511627906976745,30,43
SEMA3C,1,2,0.07142857142857142,16,16
CPA3,1,2,0.12,15,15
SRPX,1,2,0.021739130434782608,15,34
VSIG4,1,2,0.0,15,43
NTN4,1,2,0.5,31,52
FSTL3,1,2,0.02127659574468085,16,34
ANPEP,1,2,0.0,15,43
CFHR3,1,2,0.021739130434782608,15,34
GYPA,1,2,0.16666666666666666,15,15
APOBEC3A,1,2,0.0,15,45
AQP3,1,2,0.3013698630136986,52,45
ANGPT2,1,2,0.1016949152542373,15,52
APCDD1,1,2,0.12,15,15
SLC4A1,1,2,0.0,15,16
SFRP2,1,2,0.2727272727272727,15,15
DERL3,1,2,0.0,15,28
CD274,1,2,0.037037037037037035,15,43
CXCL6,1,2,0.11538461538461539,16,15
IL1R2,1,2,0.037037037037037035,15,43
CYP4B1,1,2,0.07407407407407407,15,16
SOX17,1,2,0.037037037037037035,15,15
LIF,1,2,0.0,15,45
ASPN,1,2,0.02127659574468085,16,34
LILRB4,1,2,0.6511627906976745,30,43
CNN1,1,2,0.12,15,15
MS4A2,1,2,0.12,15,15
BMX,1,2,0.0,16,52
ADGRE1,1,2,0.0,16,43
LAG3,1,2,0.3013698630136986,52,45
CYP2A7,1,2,0.07407407407407407,15,16
EHF,1,2,0.16666666666666666,15,15
GPC3,1,2,0.16,15,16
SMIM24,1,2,0.037037037037037035,15,15
RERGL,1,2,0.03571428571428571,15,16
SOX2,1,2,0.07407407407407407,15,16
ESR1,1,2,0.0,15,28
STC1,1,2,0.0,15,16
HEMGN,1,2,0.16,15,16
BAMBI,1,2,0.0,15,52
MEDAG,1,2,0.16,15,16
HEPACAM2,1,2,0.16666666666666666,15,15
FCER1A,1,2,0.0,15,16
PLIN4,1,2,0.0,27,15
FXYD2,1,2,0.12,15,15
SERPINB3,1,2,0.11538461538461539,16,15
PLAC9,1,2,0.07142857142857142,16,16
ALAS2,1,2,0.20833333333333334,15,16
EPCAM,1,2,0.07142857142857142,16,16
AHSP,1,2,0.20833333333333334,15,16
SNCA,1,2,0.03571428571428571,15,16
RND1,1,2,0.11538461538461539,16,15
ASCL3,1,2,0.11538461538461539,16,15
CLCA1,1,2,0.16,15,16
CFAP53,1,2,0.16,15,16
STC2,1,2,0.0,15,52
ALDH1A3,1,2,0.07142857142857142,16,16
CFHR1,1,2,0.0,15,34
TMEM100,1,2,0.16,15,16
CD1A,1,2,0.037037037037037035,15,15
PPP1R1A,1,2,0.07142857142857142,16,16
IL1RL1,1,2,0.12,15,15
TSPAN19,1,2,0.16,15,16
CYP1A1,1,2,0.07142857142857142,16,16
FGFBP2,1,2,0.16,15,16
EGFR,1,2,0.03571428571428571,15,16
CYP2F1,1,2,0.03571428571428571,15,16
SNTN,1,2,0.16,15,16
TIMP4,1,2,0.16666666666666666,15,15
GATA2,1,2,0.037037037037037035,15,15
HAMP,1,2,0.12,15,15
PPP1R1B,1,2,0.03571428571428571,15,16
ADH1C,1,2,0.03571428571428571,16,15
CCDC39,1,2,0.12,15,15
CFTR,1,2,0.0,15,15
TMC5,1,2,0.03571428571428571,16,15
PGR,1,2,0.03571428571428571,15,16
AGER,1,2,0.037037037037037035,15,15
MAMDC2,1,2,0.07407407407407407,15,16
AR,1,2,0.07407407407407407,15,16
C15orf48,1,2,0.07407407407407407,15,16
S100A1,1,2,0.16666666666666666,15,15
SOX18,1,2,0.0,15,16
SNAI1,1,2,0.07407407407407407,15,16
CLIC6,1,2,0.20833333333333334,15,16
SLC26A3,1,2,0.16666666666666666,15,15
TM4SF4,1,2,0.12,15,15
THBS2,1,2,0.0,15,15
AQP9,1,2,0.16,15,16
SLC18A2,1,2,0.037037037037037035,15,15
ERBB2,1,2,0.0,15,15
GPC1,1,2,0.12,15,15
TAC1,1,2,0.16666666666666666,15,15
FGFBP1,1,2,0.12,15,15
C6orf118,1,2,0.20833333333333334,15,16
APOA5,1,2,0.16,15,16
DNAAF1,1,2,0.0,15,16
ACE2,1,2,0.12,15,15
CLCA2,1,2,0.12,15,15
MCEMP1,1,2,0.12,15,15
TBX3,1,2,0.12,15,15
CYP2B6,1,2,0.16,15,16
SCGN,1,2,0.16666666666666666,15,15
OPRPN,1,2,0.16,15,16
CD300E,1,2,0.07407407407407407,15,16
CAPN8,1,2,0.20833333333333334,15,16
SCGB2A1,1,2,0.16,15,16
GPRC5A,1,2,0.20833333333333334,15,16
CCDC78,1,2,0.07407407407407407,15,16
CTSG,1,2,0.0,27,15
ADIPOQ,1,2,0.2727272727272727,15,15
C1orf194,1,2,0.21739130434782608,15,15
LILRA5,1,2,0.037037037037037035,15,15
HPGDS,1,2,0.0,15,15
KCNK3,1,2,0.037037037037037035,15,15
LPL,1,2,0.037037037037037035,15,15
GYPB,1,2,0.21739130434782608,15,15
GKN2,1,2,0.21739130434782608,15,15
C5orf46,1,2,0.21739130434782608,15,15
SELE,1,2,0.12,15,15
SERPINB2,1,2,0.16666666666666666,15,15
DIRAS3,1,2,0.21739130434782608,15,15
PRG4,1,2,0.07692307692307693,15,15
LGI4,1,2,0.0,15,15
COL17A1,1,2,0.16666666666666666,15,15
SFTA2,1,2,0.21739130434782608,15,15
HIGD1B,1,2,0.2727272727272727,15,15
DPEP1,1,2,0.16666666666666666,15,15
PCP4,1,2,0.16666666666666666,15,15
CSF3,1,2,0.12,15,15
TREM2,1,2,0.12,15,15
TMEM52B,1,2,0.2727272727272727,15,15
AGR3,1,2,0.2727272727272727,15,15
AQP8,1,2,0.2727272727272727,15,15
ARFGEF3,1,2,0.0,15,15
SNCG,1,2,0.0,27,15
SLC22A8,1,2,0.07692307692307693,15,15
PEBP4,1,2,0.2727272727272727,15,15
BBOX1,1,2,0.07692307692307693,15,15
CYP3A4,1,2,0.16666666666666666,15,15
FOXI1,1,2,0.037037037037037035,15,15
S100A12,1,2,0.13793103448275862,15,20
HPX,1,2,0.16666666666666666,15,15
LGR5,1,2,0.16666666666666666,15,15
NAT8,1,2,0.13793103448275862,15,20
PCSK2,1,2,0.16666666666666666,15,15
ASCL1,1,2,0.16666666666666666,15,15
PVALB,1,2,0.16666666666666666,15,15
FCN2,1,2,0.16666666666666666,15,15
GCG,1,2,0.13793103448275862,15,20
CD70,1,2,0.0,15,15
UMOD,1,2,0.16666666666666666,15,15
FOXJ1,1,2,0.16666666666666666,15,15
MLPH,1,2,0.16666666666666666,15,15
GLYATL1,1,2,0.13793103448275862,15,20
KRT20,1,2,0.13793103448275862,15,20
ADH4,1,2,0.2692307692307692,15,20
CA4,1,2,0.15384615384615385,27,20
CDH16,1,2,0.2692307692307692,15,20
AQP2,1,2,0.2692307692307692,15,20
DMBT1,1,2,0.2692307692307692,15,20
CHGA,1,2,0.2692307692307692,15,20
CCL27,1,2,0.2692307692307692,15,20
KNG1,1,2,0.2692307692307692,15,20
PPY,1,2,0.15384615384615385,27,20
MLANA,1,2,0.2692307692307692,15,20
HMGCS2,1,2,0.15384615384615385,27,20
CRHBP,1,2,0.15384615384615385,27,20
TFF2,1,2,0.15384615384615385,27,20
GDF15,1,2,0.15384615384615385,27,20
PDCD1,1,2,0.6153846153846154,27,17
SST,1,2,0.15384615384615385,27,20
INS,1,2,0.6153846153846154,27,17
FOXA1,1,2,0.6153846153846154,27,17
TMEM174,1,2,0.6153846153846154,27,17
TCF15,1,2,0.6153846153846154,27,17
KLK11,1,2,0.6153846153846154,27,17
SPDEF,1,2,0.6153846153846154,27,17
ABCC11,1,2,0.6153846153846154,27,17
HES4,1,2,0.6153846153846154,27,17
C20orf85,1,2,0.6153846153846154,27,17
TAT,1,2,0.6153846153846154,27,17
MYBPC1,1,2,0.6153846153846154,27,17
LY6D,1,2,0.6153846153846154,27,17
UPK3B,1,2,0.6153846153846154,27,17
GPX2,1,2,0.6153846153846154,27,17
RETN,1,2,0.6153846153846154,27,17
KRT7,1,2,0.6153846153846154,27,17
MS4A1,1,3,0.4418604651162791,30,34
CXCR4,1,3,0.4418604651162791,30,34
TRAC,1,3,0.35714285714285715,52,26
PTPRC,1,3,0.037037037037037035,52,34
IL7R,1,3,0.35714285714285715,52,26
BANK1,1,3,0.4418604651162791,30,34
PTGDS,1,3,0.3870967741935484,30,15
CD79A,1,3,0.4418604651162791,30,34
MPEG1,1,3,0.4418604651162791,30,34
CYTIP,1,3,0.35714285714285715,52,26
PECAM1,1,3,0.0,31,34
SELL,1,3,0.037037037037037035,52,34
IRF8,1,3,0.4418604651162791,30,34
CD3E,1,3,0.35714285714285715,52,26
BASP1,1,3,0.0,30,15
TCL1A,1,3,0.4418604651162791,30,34
CCR7,1,3,0.35714285714285715,52,26
PCNA,1,3,0.25,52,15
AIF1,1,3,0.3870967741935484,30,15
CD3D,1,3,0.35714285714285715,52,26
FGL2,1,3,0.05084745762711865,30,34
CD4,1,3,0.0,30,26
PLCG2,1,3,0.4418604651162791,30,34
MDM2,1,3,0.25,52,15
CD2,1,3,0.35714285714285715,52,26
MKI67,1,3,0.25,52,15
SERPINB9,1,3,0.05454545454545454,26,34
MS4A6A,1,3,0.3870967741935484,30,15
CD19,1,3,0.4418604651162791,30,34
TENT5C,1,3,0.25,52,15
CTLA4,1,3,0.35714285714285715,52,26
ACTG2,1,3,0.25,52,15
MZB1,1,3,0.25,52,15
CD28,1,3,0.35714285714285715,52,26
GPR183,1,3,0.35714285714285715,52,26
CD34,1,3,0.14285714285714285,31,19
KLRB1,1,3,0.35714285714285715,52,26
CD247,1,3,0.35714285714285715,52,26
MYC,1,3,0.038461538461538464,30,26
CXCL2,1,3,0.037037037037037035,15,15
C1orf162,1,3,0.05084745762711865,30,34
CD83,1,3,0.038461538461538464,30,26
CD69,1,3,0.038461538461538464,30,26
ADAM28,1,3,0.4418604651162791,30,34
CCL5,1,3,0.14035087719298245,52,15
BCL2L11,1,3,0.35714285714285715,52,26
TFPI,1,3,0.037037037037037035,15,15
CXCL9,1,3,0.12,15,15
PRDM1,1,3,0.35714285714285715,52,26
TNC,1,3,0.3,26,15
LYVE1,1,3,0.037037037037037035,15,15
VWF,1,3,0.1,31,15
IGSF6,1,3,0.3870967741935484,30,15
CD5L,1,3,0.0,30,15
CD1C,1,3,0.4418604651162791,30,34
MEF2C,1,3,0.4418604651162791,30,34
MMRN1,1,3,0.047619047619047616,31,15
PLA2G7,1,3,0.3870967741935484,30,15
GNLY,1,3,0.14035087719298245,52,15
LAMP3,1,3,0.0,30,15
TCF4,1,3,0.4418604651162791,30,34
GLIPR1,1,3,0.05084745762711865,30,34
CD27,1,3,0.35714285714285715,52,26
CD163,1,3,0.0,30,16
SLAMF7,1,3,0.25,52,15
CD8A,1,3,0.14035087719298245,52,15
SPIB,1,3,0.4418604651162791,30,34
MYLK,1,3,0.3,26,15
CDK1,1,3,0.25,52,15
ACTA2,1,3,0.02631578947368421,26,15
CAVIN2,1,3,0.0,31,15
CAVIN1,1,3,0.07317073170731707,31,15
LY86,1,3,0.4418604651162791,30,34
KLRD1,1,3,0.14035087719298245,52,15
HLA-DQB2,1,3,0.4418604651162791,30,34
IL2RA,1,3,0.35714285714285715,52,26
CCL19,1,3,0.3,26,15
TNFRSF9,1,3,0.037037037037037035,52,34
CLECL1,1,3,0.4418604651162791,30,34
FBN1,1,3,0.05454545454545454,26,34
KCNMA1,1,3,0.3870967741935484,30,15
TNFRSF13B,1,3,0.4418604651162791,30,34
TNFRSF17,1,3,0.25,52,15
MS4A4A,1,3,0.3870967741935484,30,15
GZMK,1,3,0.14035087719298245,52,15
APOLD1,1,3,0.14285714285714285,31,19
TOP2A,1,3,0.25,52,15
CD68,1,3,0.3870967741935484,30,15
CXCL10,1,3,0.06666666666666667,15,19
CLEC10A,1,3,0.023809523809523808,30,15
DUSP2,1,3,0.35714285714285715,52,26
MTRNR2L11,1,3,0.35714285714285715,52,26
DNASE1L3,1,3,0.04878048780487805,30,15
IL3RA,1,3,0.0,30,15
RTKN2,1,3,0.35714285714285715,52,26
LILRA4,1,3,0.044444444444444446,30,19
CTSK,1,3,0.05454545454545454,26,34
C7,1,3,0.05405405405405406,26,15
ADGRL4,1,3,0.14285714285714285,31,19
SLAMF1,1,3,0.35714285714285715,52,26
PDGFRB,1,3,0.3,26,15
DST,1,3,0.3870967741935484,30,15
MMRN2,1,3,0.14285714285714285,31,19
SFRP4,1,3,0.21739130434782608,15,15
CD93,1,3,0.1,31,15
FKBP11,1,3,0.25,52,15
CSF2RA,1,3,0.3870967741935484,30,15
GZMA,1,3,0.14035087719298245,52,15
MNDA,1,3,0.05084745762711865,30,34
PROX1,1,3,0.034482758620689655,15,17
SH2D3C,1,3,0.037037037037037035,52,34
HAVCR2,1,3,0.3870967741935484,30,15
PLD4,1,3,0.4418604651162791,30,34
MYH11,1,3,0.0,15,22
ADAMTS1,1,3,0.0,26,15
CCR2,1,3,0.014705882352941176,52,19
GNG11,1,3,0.14285714285714285,31,19
CD86,1,3,0.4418604651162791,30,34
FOXP3,1,3,0.35714285714285715,52,26
MARCO,1,3,0.20833333333333334,15,16
CENPF,1,3,0.25,52,15
GZMB,1,3,0.0,30,22
FCGR3A,1,3,0.12,15,15
PRF1,1,3,0.14035087719298245,52,15
LILRB2,1,3,0.3870967741935484,30,15
THY1,1,3,0.3,26,15
FAS,1,3,0.05454545454545454,26,34
EDNRB,1,3,0.047619047619047616,31,15
DPT,1,3,0.0,26,15
CD14,1,3,0.04878048780487805,30,15
TCIM,1,3,0.047619047619047616,31,15
KLRC1,1,3,0.14035087719298245,52,15
COCH,1,3,0.014705882352941176,52,19
LTBP2,1,3,0.0,15,15
AMY2A,1,3,0.0,15,34
FBLN1,1,3,0.02564102564102564,26,16
SMYD2,1,3,0.0,15,26
MRC1,1,3,0.0,30,15
CCNB2,1,3,0.25,52,15
ACKR1,1,3,0.1,31,15
ECSCR,1,3,0.09523809523809523,31,17
EGFL7,1,3,0.0,31,16
NKG7,1,3,0.14035087719298245,52,15
PMP22,1,3,0.3,26,15
IGF1,1,3,0.3870967741935484,30,15
UBE2C,1,3,0.25,52,15
RBP5,1,3,0.3,26,15
PDGFRA,1,3,0.05405405405405406,26,15
BTNL9,1,3,0.07317073170731707,31,15
SLC26A2,1,3,0.0,15,15
CLEC14A,1,3,0.0,31,15
PPARG,1,3,0.14285714285714285,31,19
THAP2,1,3,0.0,15,15
MCF2L,1,3,0.14285714285714285,31,19
INMT,1,3,0.07317073170731707,31,15
CD1E,1,3,0.04878048780487805,30,15
TM4SF18,1,3,0.09523809523809523,31,17
EDN1,1,3,0.0,31,15
NPDC1,1,3,0.1,31,15
FHL2,1,3,0.02631578947368421,26,15
RGS16,1,3,0.12,15,15
FCN1,1,3,0.023809523809523808,30,15
RAMP2,1,3,0.1,31,15
RAPGEF3,1,3,0.09523809523809523,31,17
MEST,1,3,0.06666666666666667,15,19
KIT,1,3,0.0,15,15
GEM,1,3,0.3,26,15
VCAN,1,3,0.037037037037037035,15,15
SPI1,1,3,0.0,30,15
FCGR1A,1,3,0.044444444444444446,30,19
DES,1,3,0.037037037037037035,15,15
STEAP4,1,3,0.0,26,15
ERG,1,3,0.0,31,15
PCOLCE,1,3,0.3,26,15
VWA5A,1,3,0.023809523809523808,26,19
COL5A2,1,3,0.05405405405405406,26,15
PTN,1,3,0.0,15,15
CFB,1,3,0.3,26,15
MET,1,3,0.09523809523809523,31,17
CAV1,1,3,0.0,31,15
GATM,1,3,0.0,15,19
OGN,1,3,0.044444444444444446,30,19
PDPN,1,3,0.023809523809523808,26,19
MFAP5,1,3,0.12,15,15
MALL,1,3,0.07317073170731707,31,15
CLEC4E,1,3,0.0,30,17
RIDA,1,3,0.06666666666666667,15,19
CRISPLD2,1,3,0.02564102564102564,26,16
ELF5,1,3,0.0,15,19
GHRL,1,3,0.0,30,15
SEMA3C,1,3,0.10714285714285714,16,17
CPA3,1,3,0.07692307692307693,15,15
SRPX,1,3,0.037037037037037035,15,15
VSIG4,1,3,0.12,15,15
NTN4,1,3,0.09523809523809523,31,17
FSTL3,1,3,0.03571428571428571,16,15
ANPEP,1,3,0.0,15,22
CFHR3,1,3,0.034482758620689655,15,17
GYPA,1,3,0.037037037037037035,15,15
APOBEC3A,1,3,0.12,15,15
AQP3,1,3,0.015625,52,15
ANGPT2,1,3,0.12,15,15
APCDD1,1,3,0.12,15,15
SLC4A1,1,3,0.07692307692307693,15,15
SFRP2,1,3,0.21739130434782608,15,15
DERL3,1,3,0.037037037037037035,15,15
CD274,1,3,0.037037037037037035,15,15
CXCL6,1,3,0.03571428571428571,16,15
IL1R2,1,3,0.0,15,15
CYP4B1,1,3,0.037037037037037035,15,15
SOX17,1,3,0.0,15,15
LIF,1,3,0.0,15,15
ASPN,1,3,0.11538461538461539,16,15
LILRB4,1,3,0.0,30,15
CNN1,1,3,0.09375,15,22
MS4A2,1,3,0.0,15,15
BMX,1,3,0.11538461538461539,16,15
ADGRE1,1,3,0.10714285714285714,16,17
LAG3,1,3,0.015625,52,15
CYP2A7,1,3,0.07692307692307693,15,15
EHF,1,3,0.07692307692307693,15,15
GPC3,1,3,0.07692307692307693,15,15
SMIM24,1,3,0.12,15,15
RERGL,1,3,0.034482758620689655,15,17
SOX2,1,3,0.034482758620689655,15,17
ESR1,1,3,0.12,15,15
STC1,1,3,0.0,15,15
HEMGN,1,3,0.07692307692307693,15,15
BAMBI,1,3,0.0,15,15
MEDAG,1,3,0.07692307692307693,15,15
HEPACAM2,1,3,0.07692307692307693,15,15
FCER1A,1,3,0.09375,15,22
PLIN4,1,3,0.25,27,15
FXYD2,1,3,0.0,15,22
SERPINB3,1,3,0.11538461538461539,16,15
PLAC9,1,3,0.07407407407407407,16,15
ALAS2,1,3,0.0,15,15
EPCAM,1,3,0.0,16,15
AHSP,1,3,0.07692307692307693,15,15
SNCA,1,3,0.16666666666666666,15,15
RND1,1,3,0.11538461538461539,16,15
ASCL3,1,3,0.10714285714285714,16,17
CLCA1,1,3,0.07142857142857142,15,17
CFAP53,1,3,0.07142857142857142,15,17
STC2,1,3,0.11538461538461539,15,16
ALDH1A3,1,3,0.07407407407407407,16,15
CFHR1,1,3,0.11538461538461539,15,16
TMEM100,1,3,0.03571428571428571,15,16
CD1A,1,3,0.07142857142857142,15,17
PPP1R1A,1,3,0.07407407407407407,16,15
IL1RL1,1,3,0.07692307692307693,15,15
TSPAN19,1,3,0.07692307692307693,15,15
CYP1A1,1,3,0.10714285714285714,16,17
FGFBP2,1,3,0.03571428571428571,15,16
EGFR,1,3,0.037037037037037035,15,15
CYP2F1,1,3,0.037037037037037035,15,15
SNTN,1,3,0.07692307692307693,15,15
TIMP4,1,3,0.12,15,15
GATA2,1,3,0.12903225806451613,15,22
HAMP,1,3,0.12903225806451613,15,22
PPP1R1B,1,3,0.037037037037037035,15,15
ADH1C,1,3,0.03571428571428571,16,15
CCDC39,1,3,0.16666666666666666,15,15
CFTR,1,3,0.12,15,15
TMC5,1,3,0.03571428571428571,16,15
PGR,1,3,0.16666666666666666,15,15
AGER,1,3,0.12,15,15
MAMDC2,1,3,0.12,15,15
AR,1,3,0.09375,15,22
C15orf48,1,3,0.11538461538461539,15,16
S100A1,1,3,0.07692307692307693,15,15
SOX18,1,3,0.12903225806451613,15,22
SNAI1,1,3,0.09375,15,22
CLIC6,1,3,0.07407407407407407,15,16
SLC26A3,1,3,0.11538461538461539,15,16
TM4SF4,1,3,0.11538461538461539,15,16
THBS2,1,3,0.20833333333333334,15,16
AQP9,1,3,0.07692307692307693,15,15
SLC18A2,1,3,0.12903225806451613,15,22
ERBB2,1,3,0.12,15,15
GPC1,1,3,0.16666666666666666,15,15
TAC1,1,3,0.11538461538461539,15,16
FGFBP1,1,3,0.07407407407407407,15,16
C6orf118,1,3,0.07407407407407407,15,16
APOA5,1,3,0.07692307692307693,15,15
DNAAF1,1,3,0.11538461538461539,15,16
ACE2,1,3,0.07692307692307693,15,15
CLCA2,1,3,0.07692307692307693,15,15
MCEMP1,1,3,0.16666666666666666,15,15
TBX3,1,3,0.0,15,15
CYP2B6,1,3,0.12,15,15
SCGN,1,3,0.12,15,15
OPRPN,1,3,0.09375,15,22
CD300E,1,3,0.07692307692307693,15,15
CAPN8,1,3,0.037037037037037035,15,15
SCGB2A1,1,3,0.11538461538461539,15,16
GPRC5A,1,3,0.037037037037037035,15,15
CCDC78,1,3,0.0,15,15
CTSG,1,3,0.25,27,15
ADIPOQ,1,3,0.21739130434782608,15,15
C1orf194,1,3,0.12903225806451613,15,22
LILRA5,1,3,0.07692307692307693,15,15
HPGDS,1,3,0.21739130434782608,15,15
KCNK3,1,3,0.12903225806451613,15,22
LPL,1,3,0.20833333333333334,15,16
GYPB,1,3,0.037037037037037035,15,15
GKN2,1,3,0.12903225806451613,15,22
C5orf46,1,3,0.12903225806451613,15,22
SELE,1,3,0.0,15,16
SERPINB2,1,3,0.12903225806451613,15,22
DIRAS3,1,3,0.07692307692307693,15,15
PRG4,1,3,0.21739130434782608,15,15
LGI4,1,3,0.12,15,15
COL17A1,1,3,0.12,15,15
SFTA2,1,3,0.12903225806451613,15,22
HIGD1B,1,3,0.21739130434782608,15,15
DPEP1,1,3,0.12,15,15
PCP4,1,3,0.07692307692307693,15,15
CSF3,1,3,0.09375,15,22
TREM2,1,3,0.07692307692307693,15,15
TMEM52B,1,3,0.0,15,15
AGR3,1,3,0.07692307692307693,15,15
AQP8,1,3,0.07692307692307693,15,15
ARFGEF3,1,3,0.21739130434782608,15,15
SNCG,1,3,0.25,27,15
SLC22A8,1,3,0.09375,15,22
PEBP4,1,3,0.09375,15,22
BBOX1,1,3,0.21739130434782608,15,15
CYP3A4,1,3,0.21739130434782608,15,15
FOXI1,1,3,0.07692307692307693,15,15
S100A12,1,3,0.20833333333333334,15,16
HPX,1,3,0.20833333333333334,15,16
LGR5,1,3,0.037037037037037035,15,15
NAT8,1,3,0.07692307692307693,15,15
PCSK2,1,3,0.21739130434782608,15,15
ASCL1,1,3,0.037037037037037035,15,15
PVALB,1,3,0.21739130434782608,15,15
FCN2,1,3,0.2608695652173913,15,16
GCG,1,3,0.21739130434782608,15,15
CD70,1,3,0.2608695652173913,15,16
UMOD,1,3,0.2608695652173913,15,16
FOXJ1,1,3,0.07692307692307693,15,15
MLPH,1,3,0.2608695652173913,15,16
GLYATL1,1,3,0.20833333333333334,15,16
KRT20,1,3,0.21739130434782608,15,15
ADH4,1,3,0.2608695652173913,15,16
CA4,1,3,0.6153846153846154,27,17
CDH16,1,3,0.21739130434782608,15,15
AQP2,1,3,0.21739130434782608,15,15
DMBT1,1,3,0.21739130434782608,15,15
CHGA,1,3,0.21739130434782608,15,15
CCL27,1,3,0.2608695652173913,15,16
KNG1,1,3,0.2608695652173913,15,16
PPY,1,3,0.25,27,15
MLANA,1,3,0.21739130434782608,15,15
HMGCS2,1,3,0.25,27,15
CRHBP,1,3,0.6153846153846154,27,17
TFF2,1,3,0.0,27,16
GDF15,1,3,0.25,27,15
PDCD1,1,3,0.25,27,15
SST,1,3,0.25,27,15
INS,1,3,0.6153846153846154,27,17
FOXA1,1,3,0.6153846153846154,27,17
TMEM174,1,3,0.6153846153846154,27,17
TCF15,1,3,0.25,27,15
KLK11,1,3,0.6153846153846154,27,17
SPDEF,1,3,0.6153846153846154,27,17
ABCC11,1,3,0.6153846153846154,27,17
HES4,1,3,0.6153846153846154,27,17
C20orf85,1,3,0.6153846153846154,27,17
TAT,1,3,0.6153846153846154,27,17
MYBPC1,1,3,0.6153846153846154,27,17
LY6D,1,3,0.6153846153846154,27,17
UPK3B,1,3,0.6153846153846154,27,17
GPX2,1,3,0.6153846153846154,27,17
RETN,1,3,0.6153846153846154,27,17
KRT7,1,3,0.6153846153846154,27,17
MS4A1,1,4,0.3387096774193548,30,55
CXCR4,1,4,0.3387096774193548,30,55
TRAC,1,4,0.2037037037037037,52,15
PTPRC,1,4,0.2804878048780488,52,55
IL7R,1,4,0.2037037037037037,52,15
BANK1,1,4,0.3387096774193548,30,55
PTGDS,1,4,0.43243243243243246,30,25
CD79A,1,4,0.3387096774193548,30,55
MPEG1,1,4,0.3387096774193548,30,55
CYTIP,1,4,0.2037037037037037,52,15
PECAM1,1,4,0.391304347826087,31,35
SELL,1,4,0.2804878048780488,52,55
IRF8,1,4,0.3387096774193548,30,55
CD3E,1,4,0.2037037037037037,52,15
BASP1,1,4,0.3387096774193548,30,55
TCL1A,1,4,0.3387096774193548,30,55
CCR7,1,4,0.027777777777777776,52,24
PCNA,1,4,0.2804878048780488,52,55
AIF1,1,4,0.43243243243243246,30,25
CD3D,1,4,0.2037037037037037,52,15
FGL2,1,4,0.022727272727272728,30,17
CD4,1,4,0.43243243243243246,30,25
PLCG2,1,4,0.3387096774193548,30,55
MDM2,1,4,0.2804878048780488,52,55
CD2,1,4,0.2037037037037037,52,15
MKI67,1,4,0.2804878048780488,52,55
SERPINB9,1,4,0.0,26,55
MS4A6A,1,4,0.43243243243243246,30,25
CD19,1,4,0.3387096774193548,30,55
TENT5C,1,4,0.2804878048780488,52,55
CTLA4,1,4,0.2037037037037037,52,15
ACTG2,1,4,0.2804878048780488,52,55
MZB1,1,4,0.2804878048780488,52,55
CD28,1,4,0.2037037037037037,52,15
GPR183,1,4,0.027777777777777776,52,24
CD34,1,4,0.391304347826087,31,35
KLRB1,1,4,0.2037037037037037,52,15
CD247,1,4,0.2037037037037037,52,15
MYC,1,4,0.3387096774193548,30,55
CXCL2,1,4,0.0,15,15
C1orf162,1,4,0.0,30,15
CD83,1,4,0.3387096774193548,30,55
CD69,1,4,0.0,30,35
ADAM28,1,4,0.3387096774193548,30,55
CCL5,1,4,0.0759493670886076,52,35
BCL2L11,1,4,0.2804878048780488,52,55
TFPI,1,4,0.037037037037037035,15,15
CXCL9,1,4,0.0,15,18
PRDM1,1,4,0.2804878048780488,52,55
TNC,1,4,0.25806451612903225,26,15
LYVE1,1,4,0.10714285714285714,15,18
VWF,1,4,0.391304347826087,31,35
IGSF6,1,4,0.43243243243243246,30,25
CD5L,1,4,0.0,30,15
CD1C,1,4,0.3387096774193548,30,55
MEF2C,1,4,0.3387096774193548,30,55
MMRN1,1,4,0.0,31,15
PLA2G7,1,4,0.43243243243243246,30,25
GNLY,1,4,0.015625,52,15
LAMP3,1,4,0.0,30,18
TCF4,1,4,0.3387096774193548,30,55
GLIPR1,1,4,0.061224489795918366,30,24
CD27,1,4,0.2037037037037037,52,15
CD163,1,4,0.0,30,15
SLAMF7,1,4,0.2804878048780488,52,55
CD8A,1,4,0.0759493670886076,52,35
SPIB,1,4,0.3387096774193548,30,55
MYLK,1,4,0.05357142857142857,26,35
CDK1,1,4,0.2804878048780488,52,55
ACTA2,1,4,0.11428571428571428,26,15
CAVIN2,1,4,0.07317073170731707,31,15
CAVIN1,1,4,0.391304347826087,31,35
LY86,1,4,0.3387096774193548,30,55
KLRD1,1,4,0.015625,52,15
HLA-DQB2,1,4,0.3387096774193548,30,55
IL2RA,1,4,0.0,52,25
CCL19,1,4,0.11428571428571428,26,15
TNFRSF9,1,4,0.0,52,15
CLECL1,1,4,0.3387096774193548,30,55
FBN1,1,4,0.25806451612903225,26,15
KCNMA1,1,4,0.43243243243243246,30,25
TNFRSF13B,1,4,0.3387096774193548,30,55
TNFRSF17,1,4,0.2804878048780488,52,55
MS4A4A,1,4,0.43243243243243246,30,25
GZMK,1,4,0.0759493670886076,52,35
APOLD1,1,4,0.391304347826087,31,35
TOP2A,1,4,0.2804878048780488,52,55
CD68,1,4,0.43243243243243246,30,25
CXCL10,1,4,0.034482758620689655,15,17
CLEC10A,1,4,0.023809523809523808,30,15
DUSP2,1,4,0.2804878048780488,52,55
MTRNR2L11,1,4,0.2804878048780488,52,55
DNASE1L3,1,4,0.023809523809523808,30,15
IL3RA,1,4,0.0,30,15
RTKN2,1,4,0.2804878048780488,52,55
LILRA4,1,4,0.0,30,15
CTSK,1,4,0.25806451612903225,26,15
C7,1,4,0.0,26,15
ADGRL4,1,4,0.391304347826087,31,35
SLAMF1,1,4,0.2804878048780488,52,55
PDGFRB,1,4,0.05357142857142857,26,35
DST,1,4,0.43243243243243246,30,25
MMRN2,1,4,0.07317073170731707,31,15
SFRP4,1,4,0.0,15,15
CD93,1,4,0.391304347826087,31,35
FKBP11,1,4,0.2804878048780488,52,55
CSF2RA,1,4,0.43243243243243246,30,25
GZMA,1,4,0.0759493670886076,52,35
MNDA,1,4,0.061224489795918366,30,24
PROX1,1,4,0.034482758620689655,15,17
SH2D3C,1,4,0.2804878048780488,52,55
HAVCR2,1,4,0.43243243243243246,30,25
PLD4,1,4,0.0,30,24
MYH11,1,4,0.05714285714285714,15,24
ADAMTS1,1,4,0.11428571428571428,26,15
CCR2,1,4,0.0,52,15
GNG11,1,4,0.391304347826087,31,35
CD86,1,4,0.3387096774193548,30,55
FOXP3,1,4,0.2037037037037037,52,15
MARCO,1,4,0.07692307692307693,15,15
CENPF,1,4,0.2804878048780488,52,55
GZMB,1,4,0.0,30,15
FCGR3A,1,4,0.034482758620689655,15,17
PRF1,1,4,0.0759493670886076,52,35
LILRB2,1,4,0.061224489795918366,30,24
THY1,1,4,0.05357142857142857,26,35
FAS,1,4,0.020833333333333332,26,25
EDNRB,1,4,0.391304347826087,31,35
DPT,1,4,0.25806451612903225,26,15
CD14,1,4,0.43243243243243246,30,25
TCIM,1,4,0.023255813953488372,31,15
KLRC1,1,4,0.2804878048780488,52,55
COCH,1,4,0.027777777777777776,52,24
LTBP2,1,4,0.037037037037037035,15,15
AMY2A,1,4,0.12121212121212122,15,24
FBLN1,1,4,0.0,26,15
SMYD2,1,4,0.12121212121212122,15,24
MRC1,1,4,0.023809523809523808,30,15
CCNB2,1,4,0.2804878048780488,52,55
ACKR1,1,4,0.023255813953488372,31,15
ECSCR,1,4,0.391304347826087,31,35
EGFL7,1,4,0.391304347826087,31,35
NKG7,1,4,0.0759493670886076,52,35
PMP22,1,4,0.020833333333333332,26,25
IGF1,1,4,0.43243243243243246,30,25
UBE2C,1,4,0.2804878048780488,52,55
RBP5,1,4,0.25806451612903225,26,15
PDGFRA,1,4,0.0,26,18
BTNL9,1,4,0.391304347826087,31,35
SLC26A2,1,4,0.12121212121212122,15,24
CLEC14A,1,4,0.391304347826087,31,35
PPARG,1,4,0.0,31,25
THAP2,1,4,0.05714285714285714,15,24
MCF2L,1,4,0.07317073170731707,31,15
INMT,1,4,0.0,31,17
CD1E,1,4,0.023809523809523808,30,15
TM4SF18,1,4,0.391304347826087,31,35
EDN1,1,4,0.07317073170731707,31,15
NPDC1,1,4,0.391304347826087,31,35
FHL2,1,4,0.0,26,24
RGS16,1,4,0.0,15,55
FCN1,1,4,0.022727272727272728,30,17
RAMP2,1,4,0.391304347826087,31,35
RAPGEF3,1,4,0.391304347826087,31,35
MEST,1,4,0.12121212121212122,15,24
KIT,1,4,0.0,15,15
GEM,1,4,0.25806451612903225,26,15
VCAN,1,4,0.0,15,15
SPI1,1,4,0.061224489795918366,30,24
FCGR1A,1,4,0.0,30,15
DES,1,4,0.16666666666666666,15,15
STEAP4,1,4,0.11428571428571428,26,15
ERG,1,4,0.0,31,15
PCOLCE,1,4,0.0,26,15
VWA5A,1,4,0.25806451612903225,26,15
COL5A2,1,4,0.11428571428571428,26,15
PTN,1,4,0.037037037037037035,15,15
CFB,1,4,0.25806451612903225,26,15
MET,1,4,0.019230769230769232,31,24
CAV1,1,4,0.391304347826087,31,35
GATM,1,4,0.05714285714285714,15,24
OGN,1,4,0.0,30,15
PDPN,1,4,0.25806451612903225,26,15
MFAP5,1,4,0.034482758620689655,15,17
MALL,1,4,0.391304347826087,31,35
CLEC4E,1,4,0.43243243243243246,30,25
RIDA,1,4,0.014925373134328358,15,55
CRISPLD2,1,4,0.05357142857142857,26,35
ELF5,1,4,0.037037037037037035,15,15
GHRL,1,4,0.43243243243243246,30,25
SEMA3C,1,4,0.03225806451612903,16,18
CPA3,1,4,0.07692307692307693,15,15
SRPX,1,4,0.10714285714285714,15,18
VSIG4,1,4,0.037037037037037035,15,15
NTN4,1,4,0.019230769230769232,31,24
FSTL3,1,4,0.2608695652173913,16,15
ANPEP,1,4,0.0,15,15
CFHR3,1,4,0.10714285714285714,15,18
GYPA,1,4,0.034482758620689655,15,17
APOBEC3A,1,4,0.014925373134328358,15,55
AQP3,1,4,0.0,52,15
ANGPT2,1,4,0.10714285714285714,15,18
APCDD1,1,4,0.0,15,15
SLC4A1,1,4,0.043478260869565216,15,35
SFRP2,1,4,0.0,15,15
DERL3,1,4,0.12121212121212122,15,24
CD274,1,4,0.0,15,25
CXCL6,1,4,0.06896551724137931,16,17
IL1R2,1,4,0.037037037037037035,15,15
CYP4B1,1,4,0.0,15,15
SOX17,1,4,0.037037037037037035,15,15
LIF,1,4,0.037037037037037035,15,15
ASPN,1,4,0.2608695652173913,16,15
LILRB4,1,4,0.43243243243243246,30,25
CNN1,1,4,0.07692307692307693,15,15
MS4A2,1,4,0.037037037037037035,15,15
BMX,1,4,0.06896551724137931,16,17
ADGRE1,1,4,0.06896551724137931,16,17
LAG3,1,4,0.0759493670886076,52,35
CYP2A7,1,4,0.034482758620689655,15,17
EHF,1,4,0.03333333333333333,15,18
GPC3,1,4,0.037037037037037035,15,15
SMIM24,1,4,0.05714285714285714,15,24
RERGL,1,4,0.0,15,55
SOX2,1,4,0.05714285714285714,15,24
ESR1,1,4,0.037037037037037035,15,15
STC1,1,4,0.034482758620689655,15,17
HEMGN,1,4,0.043478260869565216,15,35
BAMBI,1,4,0.0,15,15
MEDAG,1,4,0.037037037037037035,15,15
HEPACAM2,1,4,0.03333333333333333,15,18
FCER1A,1,4,0.037037037037037035,15,15
PLIN4,1,4,0.7777777777777778,27,23
FXYD2,1,4,0.0,15,15
SERPINB3,1,4,0.03225806451612903,16,18
PLAC9,1,4,0.0,16,55
ALAS2,1,4,0.07692307692307693,15,15
EPCAM,1,4,0.2608695652173913,16,15
AHSP,1,4,0.12,15,15
SNCA,1,4,0.0,15,15
RND1,1,4,0.02702702702702703,16,24
ASCL3,1,4,0.2608695652173913,16,15
CLCA1,1,4,0.12,15,15
CFAP53,1,4,0.12,15,15
STC2,1,4,0.034482758620689655,15,17
ALDH1A3,1,4,0.2608695652173913,16,15
CFHR1,1,4,0.037037037037037035,15,15
TMEM100,1,4,0.037037037037037035,15,15
CD1A,1,4,0.043478260869565216,15,35
PPP1R1A,1,4,0.2608695652173913,16,15
IL1RL1,1,4,0.07692307692307693,15,15
TSPAN19,1,4,0.034482758620689655,15,17
CYP1A1,1,4,0.2608695652173913,16,15
FGFBP2,1,4,0.0,15,15
EGFR,1,4,0.037037037037037035,15,15
CYP2F1,1,4,0.034482758620689655,15,17
SNTN,1,4,0.0,15,15
TIMP4,1,4,0.037037037037037035,15,15
GATA2,1,4,0.037037037037037035,15,15
HAMP,1,4,0.0,15,25
PPP1R1B,1,4,0.05714285714285714,15,24
ADH1C,1,4,0.0,16,15
CCDC39,1,4,0.07692307692307693,15,15
CFTR,1,4,0.12,15,15
TMC5,1,4,0.02702702702702703,16,24
PGR,1,4,0.037037037037037035,15,15
AGER,1,4,0.12,15,15
MAMDC2,1,4,0.03333333333333333,15,18
AR,1,4,0.037037037037037035,15,15
C15orf48,1,4,0.0,15,35
S100A1,1,4,0.037037037037037035,15,15
SOX18,1,4,0.0,15,17
SNAI1,1,4,0.037037037037037035,15,15
CLIC6,1,4,0.037037037037037035,15,15
SLC26A3,1,4,0.037037037037037035,15,15
TM4SF4,1,4,0.0,15,15
THBS2,1,4,0.07692307692307693,15,15
AQP9,1,4,0.03333333333333333,15,18
SLC18A2,1,4,0.07692307692307693,15,15
ERBB2,1,4,0.037037037037037035,15,15
GPC1,1,4,0.03333333333333333,15,18
TAC1,1,4,0.03333333333333333,15,18
FGFBP1,1,4,0.12,15,15
C6orf118,1,4,0.037037037037037035,15,15
APOA5,1,4,0.037037037037037035,15,15
DNAAF1,1,4,0.03333333333333333,15,18
ACE2,1,4,0.07692307692307693,15,15
CLCA2,1,4,0.037037037037037035,15,15
MCEMP1,1,4,0.037037037037037035,15,15
TBX3,1,4,0.0,15,15
CYP2B6,1,4,0.0,15,15
SCGN,1,4,0.037037037037037035,15,15
OPRPN,1,4,0.0,15,15
CD300E,1,4,0.037037037037037035,15,15
CAPN8,1,4,0.12,15,15
SCGB2A1,1,4,0.037037037037037035,15,15
GPRC5A,1,4,0.0,15,18
CCDC78,1,4,0.0,15,25
CTSG,1,4,0.7777777777777778,27,23
ADIPOQ,1,4,0.07692307692307693,15,15
C1orf194,1,4,0.037037037037037035,15,15
LILRA5,1,4,0.12,15,15
HPGDS,1,4,0.07692307692307693,15,15
KCNK3,1,4,0.037037037037037035,15,15
LPL,1,4,0.0,15,25
GYPB,1,4,0.037037037037037035,15,15
GKN2,1,4,0.16666666666666666,15,15
C5orf46,1,4,0.16666666666666666,15,15
SELE,1,4,0.037037037037037035,15,15
SERPINB2,1,4,0.16666666666666666,15,15
DIRAS3,1,4,0.16666666666666666,15,15
PRG4,1,4,0.12,15,15
LGI4,1,4,0.03333333333333333,15,18
COL17A1,1,4,0.0,15,15
SFTA2,1,4,0.037037037037037035,15,15
HIGD1B,1,4,0.07692307692307693,15,15
DPEP1,1,4,0.0,15,15
PCP4,1,4,0.0,15,15
CSF3,1,4,0.12,15,15
TREM2,1,4,0.0,15,15
TMEM52B,1,4,0.0,15,55
AGR3,1,4,0.037037037037037035,15,15
AQP8,1,4,0.07692307692307693,15,15
ARFGEF3,1,4,0.2727272727272727,15,15
SNCG,1,4,0.012658227848101266,27,55
SLC22A8,1,4,0.12,15,15
PEBP4,1,4,0.12,15,15
BBOX1,1,4,0.07692307692307693,15,15
CYP3A4,1,4,0.07692307692307693,15,15
FOXI1,1,4,0.07692307692307693,15,15
S100A12,1,4,0.07692307692307693,15,15
HPX,1,4,0.0,15,15
LGR5,1,4,0.037037037037037035,15,15
NAT8,1,4,0.037037037037037035,15,15
PCSK2,1,4,0.07692307692307693,15,15
ASCL1,1,4,0.2727272727272727,15,15
PVALB,1,4,0.037037037037037035,15,15
FCN2,1,4,0.2727272727272727,15,15
GCG,1,4,0.07692307692307693,15,15
CD70,1,4,0.2727272727272727,15,15
UMOD,1,4,0.037037037037037035,15,15
FOXJ1,1,4,0.07692307692307693,15,15
MLPH,1,4,0.07692307692307693,15,15
GLYATL1,1,4,0.07692307692307693,15,15
KRT20,1,4,0.0,15,15
ADH4,1,4,0.2727272727272727,15,15
CA4,1,4,0.7777777777777778,27,23
CDH16,1,4,0.2727272727272727,15,15
AQP2,1,4,0.07692307692307693,15,15
DMBT1,1,4,0.0,15,23
CHGA,1,4,0.2727272727272727,15,15
CCL27,1,4,0.07692307692307693,15,15
KNG1,1,4,0.037037037037037035,15,15
PPY,1,4,0.7777777777777778,27,23
MLANA,1,4,0.037037037037037035,15,15
HMGCS2,1,4,0.012658227848101266,27,55
CRHBP,1,4,0.7777777777777778,27,23
TFF2,1,4,0.02564102564102564,27,15
GDF15,1,4,0.02564102564102564,27,15
PDCD1,1,4,0.0,27,15
SST,1,4,0.7777777777777778,27,23
INS,1,4,0.7777777777777778,27,23
FOXA1,1,4,0.7777777777777778,27,23
TMEM174,1,4,0.7777777777777778,27,23
TCF15,1,4,0.7777777777777778,27,23
KLK11,1,4,0.7777777777777778,27,23
SPDEF,1,4,0.7777777777777778,27,23
ABCC11,1,4,0.7777777777777778,27,23
HES4,1,4,0.7777777777777778,27,23
C20orf85,1,4,0.7777777777777778,27,23
TAT,1,4,0.7777777777777778,27,23
MYBPC1,1,4,0.7777777777777778,27,23
LY6D,1,4,0.7777777777777778,27,23
UPK3B,1,4,0.7777777777777778,27,23
GPX2,1,4,0.7777777777777778,27,23
RETN,1,4,0.7777777777777778,27,23
KRT7,1,4,0.7777777777777778,27,23
MS4A1,2,3,0.26229508196721313,45,34
CXCR4,2,3,0.26229508196721313,45,34
TRAC,2,3,0.40540540540540543,28,26
PTPRC,2,3,0.0,28,34
IL7R,2,3,0.40540540540540543,28,26
BANK1,2,3,0.26229508196721313,45,34
PTGDS,2,3,0.0,45,15
CD79A,2,3,0.26229508196721313,45,34
MPEG1,2,3,0.10294117647058823,43,34
CYTIP,2,3,0.40540540540540543,28,26
PECAM1,2,3,0.05,52,34
SELL,2,3,0.26229508196721313,45,34
IRF8,2,3,0.26229508196721313,45,34
CD3E,2,3,0.40540540540540543,28,26
BASP1,2,3,0.0,43,15
TCL1A,2,3,0.26229508196721313,45,34
CCR7,2,3,0.40540540540540543,28,26
PCNA,2,3,0.28888888888888886,45,15
AIF1,2,3,0.24444444444444444,43,15
CD3D,2,3,0.40540540540540543,28,26
FGL2,2,3,0.10294117647058823,43,34
CD4,2,3,0.0,43,26
PLCG2,2,3,0.26229508196721313,45,34
MDM2,2,3,0.28888888888888886,45,15
CD2,2,3,0.40540540540540543,28,26
MKI67,2,3,0.28888888888888886,45,15
SERPINB9,2,3,0.05,52,34
MS4A6A,2,3,0.24444444444444444,43,15
CD19,2,3,0.26229508196721313,45,34
TENT5C,2,3,0.28888888888888886,45,15
CTLA4,2,3,0.40540540540540543,28,26
ACTG2,2,3,0.28888888888888886,45,15
MZB1,2,3,0.28888888888888886,45,15
CD28,2,3,0.40540540540540543,28,26
GPR183,2,3,0.06153846153846154,45,26
CD34,2,3,0.11290322580645161,52,19
KLRB1,2,3,0.40540540540540543,28,26
CD247,2,3,0.40540540540540543,28,26
MYC,2,3,0.013333333333333334,52,26
CXCL2,2,3,0.0,52,15
C1orf162,2,3,0.10294117647058823,43,34
CD83,2,3,0.017543859649122806,34,26
CD69,2,3,0.40540540540540543,28,26
ADAM28,2,3,0.26229508196721313,45,34
CCL5,2,3,0.24242424242424243,28,15
BCL2L11,2,3,0.06153846153846154,45,26
TFPI,2,3,0.015625,52,15
CXCL9,2,3,0.12,15,15
PRDM1,2,3,0.06153846153846154,45,26
TNC,2,3,0.1206896551724138,52,15
LYVE1,2,3,0.015625,52,15
VWF,2,3,0.1016949152542373,52,15
IGSF6,2,3,0.24444444444444444,43,15
CD5L,2,3,0.0,43,15
CD1C,2,3,0.10294117647058823,43,34
MEF2C,2,3,0.26229508196721313,45,34
MMRN1,2,3,0.1206896551724138,52,15
PLA2G7,2,3,0.24444444444444444,43,15
GNLY,2,3,0.24242424242424243,28,15
LAMP3,2,3,0.044444444444444446,34,15
TCF4,2,3,0.26229508196721313,45,34
GLIPR1,2,3,0.10294117647058823,43,34
CD27,2,3,0.06153846153846154,45,26
CD163,2,3,0.0,43,16
SLAMF7,2,3,0.28888888888888886,45,15
CD8A,2,3,0.24242424242424243,28,15
SPIB,2,3,0.26229508196721313,45,34
MYLK,2,3,0.11904761904761904,34,15
CDK1,2,3,0.28888888888888886,45,15
ACTA2,2,3,0.044444444444444446,34,15
CAVIN2,2,3,0.0,52,15
CAVIN1,2,3,0.06557377049180328,52,15
LY86,2,3,0.26229508196721313,45,34
KLRD1,2,3,0.24242424242424243,28,15
HLA-DQB2,2,3,0.10294117647058823,43,34
IL2RA,2,3,0.40540540540540543,28,26
CCL19,2,3,0.11904761904761904,34,15
TNFRSF9,2,3,0.05,52,34
CLECL1,2,3,0.26229508196721313,45,34
FBN1,2,3,0.05,52,34
KCNMA1,2,3,0.24444444444444444,43,15
TNFRSF13B,2,3,0.26229508196721313,45,34
TNFRSF17,2,3,0.28888888888888886,45,15
MS4A4A,2,3,0.24444444444444444,43,15
GZMK,2,3,0.24242424242424243,28,15
APOLD1,2,3,0.11290322580645161,52,19
TOP2A,2,3,0.28888888888888886,45,15
CD68,2,3,0.24444444444444444,43,15
CXCL10,2,3,0.03225806451612903,15,19
CLEC10A,2,3,0.037037037037037035,43,15
DUSP2,2,3,0.40540540540540543,28,26
MTRNR2L11,2,3,0.06153846153846154,45,26
DNASE1L3,2,3,0.05660377358490566,43,15
IL3RA,2,3,0.0,45,15
RTKN2,2,3,0.40540540540540543,28,26
LILRA4,2,3,0.01639344262295082,45,19
CTSK,2,3,0.03125,34,34
C7,2,3,0.06818181818181818,34,15
ADGRL4,2,3,0.11290322580645161,52,19
SLAMF1,2,3,0.017543859649122806,34,26
PDGFRB,2,3,0.11904761904761904,34,15
DST,2,3,0.24444444444444444,43,15
MMRN2,2,3,0.11290322580645161,52,19
SFRP4,2,3,0.0,16,15
CD93,2,3,0.1016949152542373,52,15
FKBP11,2,3,0.28888888888888886,45,15
CSF2RA,2,3,0.24444444444444444,43,15
GZMA,2,3,0.24242424242424243,28,15
MNDA,2,3,0.10294117647058823,43,34
PROX1,2,3,0.08064516129032258,52,17
SH2D3C,2,3,0.05,52,34
HAVCR2,2,3,0.24444444444444444,43,15
PLD4,2,3,0.26229508196721313,45,34
MYH11,2,3,0.25,15,22
ADAMTS1,2,3,0.0,34,15
CCR2,2,3,0.01639344262295082,45,19
GNG11,2,3,0.11290322580645161,52,19
CD86,2,3,0.10294117647058823,43,34
FOXP3,2,3,0.40540540540540543,28,26
MARCO,2,3,0.015384615384615385,52,16
CENPF,2,3,0.28888888888888886,45,15
GZMB,2,3,0.0,45,22
FCGR3A,2,3,0.05660377358490566,43,15
PRF1,2,3,0.24242424242424243,28,15
LILRB2,2,3,0.24444444444444444,43,15
THY1,2,3,0.1206896551724138,52,15
FAS,2,3,0.03125,34,34
EDNRB,2,3,0.1206896551724138,52,15
DPT,2,3,0.044444444444444446,34,15
CD14,2,3,0.05660377358490566,43,15
TCIM,2,3,0.11904761904761904,34,15
KLRC1,2,3,0.24242424242424243,28,15
COCH,2,3,0.04081632653061224,34,19
LTBP2,2,3,0.1206896551724138,52,15
AMY2A,2,3,0.03125,34,34
FBLN1,2,3,0.043478260869565216,34,16
SMYD2,2,3,0.013333333333333334,52,26
MRC1,2,3,0.0,43,15
CCNB2,2,3,0.28888888888888886,45,15
ACKR1,2,3,0.1016949152542373,52,15
ECSCR,2,3,0.08064516129032258,52,17
EGFL7,2,3,0.015384615384615385,52,16
NKG7,2,3,0.24242424242424243,28,15
PMP22,2,3,0.1206896551724138,52,15
IGF1,2,3,0.24444444444444444,43,15
UBE2C,2,3,0.28888888888888886,45,15
RBP5,2,3,0.1206896551724138,52,15
PDGFRA,2,3,0.06818181818181818,34,15
BTNL9,2,3,0.06557377049180328,52,15
SLC26A2,2,3,0.0,34,15
CLEC14A,2,3,0.0,52,15
PPARG,2,3,0.034482758620689655,43,19
THAP2,2,3,0.0,15,15
MCF2L,2,3,0.11290322580645161,52,19
INMT,2,3,0.0,34,15
CD1E,2,3,0.05660377358490566,43,15
TM4SF18,2,3,0.08064516129032258,52,17
EDN1,2,3,0.0,52,15
NPDC1,2,3,0.1016949152542373,52,15
FHL2,2,3,0.044444444444444446,34,15
RGS16,2,3,0.06557377049180328,52,15
FCN1,2,3,0.037037037037037035,43,15
RAMP2,2,3,0.1016949152542373,52,15
RAPGEF3,2,3,0.08064516129032258,52,17
MEST,2,3,0.11290322580645161,52,19
KIT,2,3,0.12,15,15
GEM,2,3,0.11904761904761904,34,15
VCAN,2,3,0.021739130434782608,34,15
SPI1,2,3,0.0,43,15
FCGR1A,2,3,0.034482758620689655,43,19
DES,2,3,0.037037037037037035,15,15
STEAP4,2,3,0.021739130434782608,34,15
ERG,2,3,0.0,52,15
PCOLCE,2,3,0.11904761904761904,34,15
VWA5A,2,3,0.0,15,19
COL5A2,2,3,0.06818181818181818,34,15
PTN,2,3,0.044444444444444446,34,15
CFB,2,3,0.1206896551724138,52,15
MET,2,3,0.08064516129032258,52,17
CAV1,2,3,0.0,52,15
GATM,2,3,0.034482758620689655,43,19
OGN,2,3,0.04081632653061224,34,19
PDPN,2,3,0.11290322580645161,52,19
MFAP5,2,3,0.03571428571428571,16,15
MALL,2,3,0.06557377049180328,52,15
CLEC4E,2,3,0.017543859649122806,43,17
RIDA,2,3,0.04081632653061224,34,19
CRISPLD2,2,3,0.043478260869565216,34,16
ELF5,2,3,0.03225806451612903,15,19
GHRL,2,3,0.01818181818181818,43,15
SEMA3C,2,3,0.03333333333333333,16,17
CPA3,2,3,0.07692307692307693,15,15
SRPX,2,3,0.0,34,15
VSIG4,2,3,0.0,43,15
NTN4,2,3,0.08064516129032258,52,17
FSTL3,2,3,0.044444444444444446,34,15
ANPEP,2,3,0.0,43,22
CFHR3,2,3,0.0,34,17
GYPA,2,3,0.12,15,15
APOBEC3A,2,3,0.0,45,15
AQP3,2,3,0.017543859649122806,45,15
ANGPT2,2,3,0.06557377049180328,52,15
APCDD1,2,3,0.12,15,15
SLC4A1,2,3,0.0,16,15
SFRP2,2,3,0.21739130434782608,15,15
DERL3,2,3,0.025,28,15
CD274,2,3,0.01818181818181818,43,15
CXCL6,2,3,0.12,15,15
IL1R2,2,3,0.037037037037037035,43,15
CYP4B1,2,3,0.0,16,15
SOX17,2,3,0.0,15,15
LIF,2,3,0.0,45,15
ASPN,2,3,0.06818181818181818,34,15
LILRB4,2,3,0.0,43,15
CNN1,2,3,0.25,15,22
MS4A2,2,3,0.0,15,15
BMX,2,3,0.1016949152542373,52,15
ADGRE1,2,3,0.017543859649122806,43,17
LAG3,2,3,0.017543859649122806,45,15
CYP2A7,2,3,0.0,16,15
EHF,2,3,0.07692307692307693,15,15
GPC3,2,3,0.03571428571428571,16,15
SMIM24,2,3,0.07692307692307693,15,15
RERGL,2,3,0.03333333333333333,16,17
SOX2,2,3,0.10714285714285714,16,17
ESR1,2,3,0.025,28,15
STC1,2,3,0.03571428571428571,16,15
HEMGN,2,3,0.11538461538461539,16,15
BAMBI,2,3,0.1016949152542373,52,15
MEDAG,2,3,0.07407407407407407,16,15
HEPACAM2,2,3,0.07692307692307693,15,15
FCER1A,2,3,0.02857142857142857,16,22
PLIN4,2,3,0.0,15,15
FXYD2,2,3,0.0,15,22
SERPINB3,2,3,0.037037037037037035,15,15
PLAC9,2,3,0.03571428571428571,16,15
ALAS2,2,3,0.03571428571428571,16,15
EPCAM,2,3,0.0,16,15
AHSP,2,3,0.03571428571428571,16,15
SNCA,2,3,0.07407407407407407,16,15
RND1,2,3,0.037037037037037035,15,15
ASCL3,2,3,0.0,15,17
CLCA1,2,3,0.10714285714285714,16,17
CFAP53,2,3,0.10714285714285714,16,17
STC2,2,3,0.0,52,16
ALDH1A3,2,3,0.03571428571428571,16,15
CFHR1,2,3,0.043478260869565216,34,16
TMEM100,2,3,0.0,16,16
CD1A,2,3,0.0,15,17
PPP1R1A,2,3,0.11538461538461539,16,15
IL1RL1,2,3,0.07692307692307693,15,15
TSPAN19,2,3,0.11538461538461539,16,15
CYP1A1,2,3,0.10714285714285714,16,17
FGFBP2,2,3,0.034482758620689655,16,16
EGFR,2,3,0.03571428571428571,16,15
CYP2F1,2,3,0.03571428571428571,16,15
SNTN,2,3,0.07407407407407407,16,15
TIMP4,2,3,0.12,15,15
GATA2,2,3,0.029411764705882353,15,22
HAMP,2,3,0.0,15,22
PPP1R1B,2,3,0.11538461538461539,16,15
ADH1C,2,3,0.12,15,15
CCDC39,2,3,0.0,15,15
CFTR,2,3,0.037037037037037035,15,15
TMC5,2,3,0.12,15,15
PGR,2,3,0.03571428571428571,16,15
AGER,2,3,0.12,15,15
MAMDC2,2,3,0.03571428571428571,16,15
AR,2,3,0.02857142857142857,16,22
C15orf48,2,3,0.034482758620689655,16,16
S100A1,2,3,0.037037037037037035,15,15
SOX18,2,3,0.02857142857142857,16,22
SNAI1,2,3,0.02857142857142857,16,22
CLIC6,2,3,0.1111111111111111,16,16
SLC26A3,2,3,0.11538461538461539,15,16
TM4SF4,2,3,0.11538461538461539,15,16
THBS2,2,3,0.03571428571428571,15,16
AQP9,2,3,0.03571428571428571,16,15
SLC18A2,2,3,0.029411764705882353,15,22
ERBB2,2,3,0.07692307692307693,15,15
GPC1,2,3,0.037037037037037035,15,15
TAC1,2,3,0.11538461538461539,15,16
FGFBP1,2,3,0.11538461538461539,15,16
C6orf118,2,3,0.1111111111111111,16,16
APOA5,2,3,0.03571428571428571,16,15
DNAAF1,2,3,0.1111111111111111,16,16
ACE2,2,3,0.12,15,15
CLCA2,2,3,0.12,15,15
MCEMP1,2,3,0.037037037037037035,15,15
TBX3,2,3,0.0,15,15
CYP2B6,2,3,0.03571428571428571,16,15
SCGN,2,3,0.12,15,15
OPRPN,2,3,0.0,16,22
CD300E,2,3,0.0,16,15
CAPN8,2,3,0.07407407407407407,16,15
SCGB2A1,2,3,0.1111111111111111,16,16
GPRC5A,2,3,0.07407407407407407,16,15
CCDC78,2,3,0.07407407407407407,16,15
CTSG,2,3,0.0,15,15
ADIPOQ,2,3,0.21739130434782608,15,15
C1orf194,2,3,0.25,15,22
LILRA5,2,3,0.037037037037037035,15,15
HPGDS,2,3,0.0,15,15
KCNK3,2,3,0.25,15,22
LPL,2,3,0.03571428571428571,15,16
GYPB,2,3,0.037037037037037035,15,15
GKN2,2,3,0.25,15,22
C5orf46,2,3,0.25,15,22
SELE,2,3,0.03571428571428571,15,16
SERPINB2,2,3,0.029411764705882353,15,22
DIRAS3,2,3,0.037037037037037035,15,15
PRG4,2,3,0.12,15,15
LGI4,2,3,0.12,15,15
COL17A1,2,3,0.21739130434782608,15,15
SFTA2,2,3,0.25,15,22
HIGD1B,2,3,0.21739130434782608,15,15
DPEP1,2,3,0.21739130434782608,15,15
PCP4,2,3,0.07692307692307693,15,15
CSF3,2,3,0.25,15,22
TREM2,2,3,0.037037037037037035,15,15
TMEM52B,2,3,0.037037037037037035,15,15
AGR3,2,3,0.07692307692307693,15,15
AQP8,2,3,0.07692307692307693,15,15
ARFGEF3,2,3,0.0,15,15
SNCG,2,3,0.0,15,15
SLC22A8,2,3,0.0,15,22
PEBP4,2,3,0.029411764705882353,15,22
BBOX1,2,3,0.12,15,15
CYP3A4,2,3,0.16666666666666666,15,15
FOXI1,2,3,0.21739130434782608,15,15
S100A12,2,3,0.1724137931034483,20,16
HPX,2,3,0.11538461538461539,15,16
LGR5,2,3,0.16666666666666666,15,15
NAT8,2,3,0.0,20,15
PCSK2,2,3,0.16666666666666666,15,15
ASCL1,2,3,0.16666666666666666,15,15
PVALB,2,3,0.16666666666666666,15,15
FCN2,2,3,0.11538461538461539,15,16
GCG,2,3,0.03125,20,15
CD70,2,3,0.03571428571428571,15,16
UMOD,2,3,0.11538461538461539,15,16
FOXJ1,2,3,0.12,15,15
MLPH,2,3,0.11538461538461539,15,16
GLYATL1,2,3,0.1724137931034483,20,16
KRT20,2,3,0.03125,20,15
ADH4,2,3,0.1724137931034483,20,16
CA4,2,3,0.029411764705882353,20,17
CDH16,2,3,0.32,20,15
AQP2,2,3,0.32,20,15
DMBT1,2,3,0.32,20,15
CHGA,2,3,0.32,20,15
CCL27,2,3,0.1724137931034483,20,16
KNG1,2,3,0.1724137931034483,20,16
PPY,2,3,0.32,20,15
MLANA,2,3,0.32,20,15
HMGCS2,2,3,0.32,20,15
CRHBP,2,3,0.029411764705882353,20,17
TFF2,2,3,0.1724137931034483,20,16
GDF15,2,3,0.32,20,15
PDCD1,2,3,0.034482758620689655,17,15
SST,2,3,0.32,20,15
INS,2,3,0.7777777777777778,17,17
FOXA1,2,3,0.7777777777777778,17,17
TMEM174,2,3,0.7777777777777778,17,17
TCF15,2,3,0.034482758620689655,17,15
KLK11,2,3,0.7777777777777778,17,17
SPDEF,2,3,0.7777777777777778,17,17
ABCC11,2,3,0.7777777777777778,17,17
HES4,2,3,0.7777777777777778,17,17
C20orf85,2,3,0.7777777777777778,17,17
TAT,2,3,0.7777777777777778,17,17
MYBPC1,2,3,0.7777777777777778,17,17
LY6D,2,3,0.7777777777777778,17,17
UPK3B,2,3,0.7777777777777778,17,17
GPX2,2,3,0.7777777777777778,17,17
RETN,2,3,0.7777777777777778,17,17
KRT7,2,3,0.7777777777777778,17,17
MS4A1,2,4,0.5076923076923077,45,55
CXCR4,2,4,0.5076923076923077,45,55
TRAC,2,4,0.3225806451612903,28,15
PTPRC,2,4,0.038461538461538464,28,55
IL7R,2,4,0.3225806451612903,28,15
BANK1,2,4,0.5076923076923077,45,55
PTGDS,2,4,0.0,45,25
CD79A,2,4,0.5076923076923077,45,55
MPEG1,2,4,0.043478260869565216,43,55
CYTIP,2,4,0.3225806451612903,28,15
PECAM1,2,4,0.2878787878787879,52,35
SELL,2,4,0.5076923076923077,45,55
IRF8,2,4,0.5076923076923077,45,55
CD3E,2,4,0.3225806451612903,28,15
BASP1,2,4,0.043478260869565216,43,55
TCL1A,2,4,0.5076923076923077,45,55
CCR7,2,4,0.02040816326530612,28,24
PCNA,2,4,0.5076923076923077,45,55
AIF1,2,4,0.3469387755102041,43,25
CD3D,2,4,0.3225806451612903,28,15
FGL2,2,4,0.05454545454545454,43,17
CD4,2,4,0.3469387755102041,43,25
PLCG2,2,4,0.5076923076923077,45,55
MDM2,2,4,0.5076923076923077,45,55
CD2,2,4,0.3225806451612903,28,15
MKI67,2,4,0.5076923076923077,45,55
SERPINB9,2,4,0.029411764705882353,52,55
MS4A6A,2,4,0.3469387755102041,43,25
CD19,2,4,0.5076923076923077,45,55
TENT5C,2,4,0.5076923076923077,45,55
CTLA4,2,4,0.3225806451612903,28,15
ACTG2,2,4,0.5076923076923077,45,55
MZB1,2,4,0.5076923076923077,45,55
CD28,2,4,0.3225806451612903,28,15
GPR183,2,4,0.015151515151515152,45,24
CD34,2,4,0.2878787878787879,52,35
KLRB1,2,4,0.3225806451612903,28,15
CD247,2,4,0.3225806451612903,28,15
MYC,2,4,0.029411764705882353,52,55
CXCL2,2,4,0.0,52,15
C1orf162,2,4,0.0,43,15
CD83,2,4,0.023529411764705882,34,55
CD69,2,4,0.10909090909090909,28,35
ADAM28,2,4,0.5076923076923077,45,55
CCL5,2,4,0.10909090909090909,28,35
BCL2L11,2,4,0.5076923076923077,45,55
TFPI,2,4,0.06557377049180328,52,15
CXCL9,2,4,0.10714285714285714,15,18
PRDM1,2,4,0.5076923076923077,45,55
TNC,2,4,0.1206896551724138,52,15
LYVE1,2,4,0.014925373134328358,52,18
VWF,2,4,0.2878787878787879,52,35
IGSF6,2,4,0.3469387755102041,43,25
CD5L,2,4,0.0,43,15
CD1C,2,4,0.043478260869565216,43,55
MEF2C,2,4,0.5076923076923077,45,55
MMRN1,2,4,0.015625,52,15
PLA2G7,2,4,0.3469387755102041,43,25
GNLY,2,4,0.025,28,15
LAMP3,2,4,0.06382978723404255,34,18
TCF4,2,4,0.5076923076923077,45,55
GLIPR1,2,4,0.06557377049180328,43,24
CD27,2,4,0.017543859649122806,45,15
CD163,2,4,0.037037037037037035,43,15
SLAMF7,2,4,0.5076923076923077,45,55
CD8A,2,4,0.10909090909090909,28,35
SPIB,2,4,0.5076923076923077,45,55
MYLK,2,4,0.03076923076923077,34,35
CDK1,2,4,0.5076923076923077,45,55
ACTA2,2,4,0.09302325581395349,34,15
CAVIN2,2,4,0.06557377049180328,52,15
CAVIN1,2,4,0.2878787878787879,52,35
LY86,2,4,0.5076923076923077,45,55
KLRD1,2,4,0.025,28,15
HLA-DQB2,2,4,0.043478260869565216,43,55
IL2RA,2,4,0.0,28,25
CCL19,2,4,0.09302325581395349,34,15
TNFRSF9,2,4,0.1206896551724138,52,15
CLECL1,2,4,0.5076923076923077,45,55
FBN1,2,4,0.1206896551724138,52,15
KCNMA1,2,4,0.3469387755102041,43,25
TNFRSF13B,2,4,0.5076923076923077,45,55
TNFRSF17,2,4,0.5076923076923077,45,55
MS4A4A,2,4,0.3469387755102041,43,25
GZMK,2,4,0.10909090909090909,28,35
APOLD1,2,4,0.2878787878787879,52,35
TOP2A,2,4,0.5076923076923077,45,55
CD68,2,4,0.3469387755102041,43,25
CXCL10,2,4,0.07142857142857142,15,17
CLEC10A,2,4,0.037037037037037035,43,15
DUSP2,2,4,0.038461538461538464,28,55
MTRNR2L11,2,4,0.5076923076923077,45,55
DNASE1L3,2,4,0.01818181818181818,43,15
IL3RA,2,4,0.017543859649122806,45,15
RTKN2,2,4,0.038461538461538464,28,55
LILRA4,2,4,0.0,45,15
CTSK,2,4,0.06818181818181818,34,15
C7,2,4,0.0,34,15
ADGRL4,2,4,0.2878787878787879,52,35
SLAMF1,2,4,0.023529411764705882,34,55
PDGFRB,2,4,0.03076923076923077,34,35
DST,2,4,0.3469387755102041,43,25
MMRN2,2,4,0.06557377049180328,52,15
SFRP4,2,4,0.03571428571428571,16,15
CD93,2,4,0.2878787878787879,52,35
FKBP11,2,4,0.5076923076923077,45,55
CSF2RA,2,4,0.3469387755102041,43,25
GZMA,2,4,0.10909090909090909,28,35
MNDA,2,4,0.06557377049180328,43,24
PROX1,2,4,0.03076923076923077,52,17
SH2D3C,2,4,0.029411764705882353,52,55
HAVCR2,2,4,0.3469387755102041,43,25
PLD4,2,4,0.015151515151515152,45,24
MYH11,2,4,0.0,15,24
ADAMTS1,2,4,0.09302325581395349,34,15
CCR2,2,4,0.017543859649122806,45,15
GNG11,2,4,0.2878787878787879,52,35
CD86,2,4,0.043478260869565216,43,55
FOXP3,2,4,0.3225806451612903,28,15
MARCO,2,4,0.0,52,15
CENPF,2,4,0.5076923076923077,45,55
GZMB,2,4,0.0,45,15
FCGR3A,2,4,0.05454545454545454,43,17
PRF1,2,4,0.10909090909090909,28,35
LILRB2,2,4,0.06557377049180328,43,24
THY1,2,4,0.2878787878787879,52,35
FAS,2,4,0.0,34,25
EDNRB,2,4,0.2878787878787879,52,35
DPT,2,4,0.06818181818181818,34,15
CD14,2,4,0.3469387755102041,43,25
TCIM,2,4,0.06818181818181818,34,15
KLRC1,2,4,0.038461538461538464,28,55
COCH,2,4,0.05660377358490566,34,24
LTBP2,2,4,0.1206896551724138,52,15
AMY2A,2,4,0.05660377358490566,34,24
FBLN1,2,4,0.021739130434782608,34,15
SMYD2,2,4,0.04225352112676056,52,24
MRC1,2,4,0.01818181818181818,43,15
CCNB2,2,4,0.5076923076923077,45,55
ACKR1,2,4,0.1206896551724138,52,15
ECSCR,2,4,0.2878787878787879,52,35
EGFL7,2,4,0.2878787878787879,52,35
NKG7,2,4,0.10909090909090909,28,35
PMP22,2,4,0.0,52,25
IGF1,2,4,0.3469387755102041,43,25
UBE2C,2,4,0.5076923076923077,45,55
RBP5,2,4,0.1206896551724138,52,15
PDGFRA,2,4,0.06382978723404255,34,18
BTNL9,2,4,0.2878787878787879,52,35
SLC26A2,2,4,0.05660377358490566,34,24
CLEC14A,2,4,0.2878787878787879,52,35
PPARG,2,4,0.3469387755102041,43,25
THAP2,2,4,0.05714285714285714,15,24
MCF2L,2,4,0.06557377049180328,52,15
INMT,2,4,0.0,34,17
CD1E,2,4,0.037037037037037035,43,15
TM4SF18,2,4,0.2878787878787879,52,35
EDN1,2,4,0.06557377049180328,52,15
NPDC1,2,4,0.2878787878787879,52,35
FHL2,2,4,0.05660377358490566,34,24
RGS16,2,4,0.029411764705882353,52,55
FCN1,2,4,0.05454545454545454,43,17
RAMP2,2,4,0.2878787878787879,52,35
RAPGEF3,2,4,0.2878787878787879,52,35
MEST,2,4,0.04225352112676056,52,24
KIT,2,4,0.07692307692307693,15,15
GEM,2,4,0.06818181818181818,34,15
VCAN,2,4,0.021739130434782608,34,15
SPI1,2,4,0.06557377049180328,43,24
FCGR1A,2,4,0.0,43,15
DES,2,4,0.07692307692307693,15,15
STEAP4,2,4,0.09302325581395349,34,15
ERG,2,4,0.0,52,15
PCOLCE,2,4,0.044444444444444446,34,15
VWA5A,2,4,0.0,15,15
COL5A2,2,4,0.09302325581395349,34,15
PTN,2,4,0.044444444444444446,34,15
CFB,2,4,0.1206896551724138,52,15
MET,2,4,0.04225352112676056,52,24
CAV1,2,4,0.2878787878787879,52,35
GATM,2,4,0.06557377049180328,43,24
OGN,2,4,0.044444444444444446,34,15
PDPN,2,4,0.1206896551724138,52,15
MFAP5,2,4,0.03333333333333333,16,17
MALL,2,4,0.2878787878787879,52,35
CLEC4E,2,4,0.3469387755102041,43,25
RIDA,2,4,0.023529411764705882,34,55
CRISPLD2,2,4,0.03076923076923077,34,35
ELF5,2,4,0.0,15,15
GHRL,2,4,0.3469387755102041,43,25
SEMA3C,2,4,0.0,16,18
CPA3,2,4,0.12,15,15
SRPX,2,4,0.06382978723404255,34,18
VSIG4,2,4,0.037037037037037035,43,15
NTN4,2,4,0.04225352112676056,52,24
FSTL3,2,4,0.021739130434782608,34,15
ANPEP,2,4,0.037037037037037035,43,15
CFHR3,2,4,0.06382978723404255,34,18
GYPA,2,4,0.07142857142857142,15,17
APOBEC3A,2,4,0.5076923076923077,45,55
AQP3,2,4,0.0,45,15
ANGPT2,2,4,0.014925373134328358,52,18
APCDD1,2,4,0.037037037037037035,15,15
SLC4A1,2,4,0.0,16,35
SFRP2,2,4,0.07692307692307693,15,15
DERL3,2,4,0.02040816326530612,28,24
CD274,2,4,0.3469387755102041,43,25
CXCL6,2,4,0.07142857142857142,15,17
IL1R2,2,4,0.037037037037037035,43,15
CYP4B1,2,4,0.0,16,15
SOX17,2,4,0.037037037037037035,15,15
LIF,2,4,0.017543859649122806,45,15
ASPN,2,4,0.021739130434782608,34,15
LILRB4,2,4,0.3469387755102041,43,25
CNN1,2,4,0.037037037037037035,15,15
MS4A2,2,4,0.0,15,15
BMX,2,4,0.03076923076923077,52,17
ADGRE1,2,4,0.05454545454545454,43,17
LAG3,2,4,0.0,45,35
CYP2A7,2,4,0.10714285714285714,16,17
EHF,2,4,0.10714285714285714,15,18
GPC3,2,4,0.03571428571428571,16,15
SMIM24,2,4,0.05714285714285714,15,24
RERGL,2,4,0.0,16,55
SOX2,2,4,0.0,16,24
ESR1,2,4,0.0,28,15
STC1,2,4,0.10714285714285714,16,17
HEMGN,2,4,0.020833333333333332,16,35
BAMBI,2,4,0.015625,52,15
MEDAG,2,4,0.03571428571428571,16,15
HEPACAM2,2,4,0.10714285714285714,15,18
FCER1A,2,4,0.0,16,15
PLIN4,2,4,0.0,15,23
FXYD2,2,4,0.0,15,15
SERPINB3,2,4,0.10714285714285714,15,18
PLAC9,2,4,0.0,16,55
ALAS2,2,4,0.0,16,15
EPCAM,2,4,0.03571428571428571,16,15
AHSP,2,4,0.07407407407407407,16,15
SNCA,2,4,0.11538461538461539,16,15
RND1,2,4,0.05714285714285714,15,24
ASCL3,2,4,0.0,15,15
CLCA1,2,4,0.03571428571428571,16,15
CFAP53,2,4,0.03571428571428571,16,15
STC2,2,4,0.03076923076923077,52,17
ALDH1A3,2,4,0.11538461538461539,16,15
CFHR1,2,4,0.0,34,15
TMEM100,2,4,0.03571428571428571,16,15
CD1A,2,4,0.0,15,35
PPP1R1A,2,4,0.03571428571428571,16,15
IL1RL1,2,4,0.12,15,15
TSPAN19,2,4,0.03333333333333333,16,17
CYP1A1,2,4,0.11538461538461539,16,15
FGFBP2,2,4,0.03571428571428571,16,15
EGFR,2,4,0.0,16,15
CYP2F1,2,4,0.10714285714285714,16,17
SNTN,2,4,0.11538461538461539,16,15
TIMP4,2,4,0.07692307692307693,15,15
GATA2,2,4,0.0,15,15
HAMP,2,4,0.0,15,25
PPP1R1B,2,4,0.0,16,24
ADH1C,2,4,0.12,15,15
CCDC39,2,4,0.12,15,15
CFTR,2,4,0.037037037037037035,15,15
TMC5,2,4,0.0,15,24
PGR,2,4,0.0,16,15
AGER,2,4,0.07692307692307693,15,15
MAMDC2,2,4,0.10344827586206896,16,18
AR,2,4,0.0,16,15
C15orf48,2,4,0.020833333333333332,16,35
S100A1,2,4,0.0,15,15
SOX18,2,4,0.10714285714285714,16,17
SNAI1,2,4,0.03571428571428571,16,15
CLIC6,2,4,0.0,16,15
SLC26A3,2,4,0.07692307692307693,15,15
TM4SF4,2,4,0.037037037037037035,15,15
THBS2,2,4,0.037037037037037035,15,15
AQP9,2,4,0.10344827586206896,16,18
SLC18A2,2,4,0.0,15,15
ERBB2,2,4,0.07692307692307693,15,15
GPC1,2,4,0.03333333333333333,15,18
TAC1,2,4,0.03333333333333333,15,18
FGFBP1,2,4,0.037037037037037035,15,15
C6orf118,2,4,0.03571428571428571,16,15
APOA5,2,4,0.0,16,15
DNAAF1,2,4,0.10344827586206896,16,18
ACE2,2,4,0.037037037037037035,15,15
CLCA2,2,4,0.037037037037037035,15,15
MCEMP1,2,4,0.037037037037037035,15,15
TBX3,2,4,0.07692307692307693,15,15
CYP2B6,2,4,0.07407407407407407,16,15
SCGN,2,4,0.0,15,15
OPRPN,2,4,0.03571428571428571,16,15
CD300E,2,4,0.0,16,15
CAPN8,2,4,0.07407407407407407,16,15
SCGB2A1,2,4,0.0,16,15
GPRC5A,2,4,0.10344827586206896,16,18
CCDC78,2,4,0.0,16,25
CTSG,2,4,0.0,15,23
ADIPOQ,2,4,0.037037037037037035,15,15
C1orf194,2,4,0.037037037037037035,15,15
LILRA5,2,4,0.037037037037037035,15,15
HPGDS,2,4,0.0,15,15
KCNK3,2,4,0.037037037037037035,15,15
LPL,2,4,0.0,15,25
GYPB,2,4,0.0,15,15
GKN2,2,4,0.07692307692307693,15,15
C5orf46,2,4,0.07692307692307693,15,15
SELE,2,4,0.037037037037037035,15,15
SERPINB2,2,4,0.07692307692307693,15,15
DIRAS3,2,4,0.07692307692307693,15,15
PRG4,2,4,0.07692307692307693,15,15
LGI4,2,4,0.0,15,18
COL17A1,2,4,0.037037037037037035,15,15
SFTA2,2,4,0.037037037037037035,15,15
HIGD1B,2,4,0.037037037037037035,15,15
DPEP1,2,4,0.037037037037037035,15,15
PCP4,2,4,0.037037037037037035,15,15
CSF3,2,4,0.0,15,15
TREM2,2,4,0.037037037037037035,15,15
TMEM52B,2,4,0.0,15,55
AGR3,2,4,0.0,15,15
AQP8,2,4,0.037037037037037035,15,15
ARFGEF3,2,4,0.0,15,15
SNCG,2,4,0.0,15,55
SLC22A8,2,4,0.07692307692307693,15,15
PEBP4,2,4,0.037037037037037035,15,15
BBOX1,2,4,0.07692307692307693,15,15
CYP3A4,2,4,0.12,15,15
FOXI1,2,4,0.0,15,15
S100A12,2,4,0.17857142857142858,20,15
HPX,2,4,0.0,15,15
LGR5,2,4,0.12,15,15
NAT8,2,4,0.0,20,15
PCSK2,2,4,0.12,15,15
ASCL1,2,4,0.037037037037037035,15,15
PVALB,2,4,0.07692307692307693,15,15
FCN2,2,4,0.037037037037037035,15,15
GCG,2,4,0.1,20,15
CD70,2,4,0.037037037037037035,15,15
UMOD,2,4,0.12,15,15
FOXJ1,2,4,0.07692307692307693,15,15
MLPH,2,4,0.07692307692307693,15,15
GLYATL1,2,4,0.1,20,15
KRT20,2,4,0.06451612903225806,20,15
ADH4,2,4,0.17857142857142858,20,15
CA4,2,4,0.10810810810810811,20,23
CDH16,2,4,0.17857142857142858,20,15
AQP2,2,4,0.1,20,15
DMBT1,2,4,0.10810810810810811,20,23
CHGA,2,4,0.17857142857142858,20,15
CCL27,2,4,0.1,20,15
KNG1,2,4,0.06451612903225806,20,15
PPY,2,4,0.10810810810810811,20,23
MLANA,2,4,0.06451612903225806,20,15
HMGCS2,2,4,0.0,20,55
CRHBP,2,4,0.10810810810810811,20,23
TFF2,2,4,0.17857142857142858,20,15
GDF15,2,4,0.17857142857142858,20,15
PDCD1,2,4,0.0,17,15
SST,2,4,0.10810810810810811,20,23
INS,2,4,0.6521739130434783,17,23
FOXA1,2,4,0.6521739130434783,17,23
TMEM174,2,4,0.6521739130434783,17,23
TCF15,2,4,0.6521739130434783,17,23
KLK11,2,4,0.6521739130434783,17,23
SPDEF,2,4,0.6521739130434783,17,23
ABCC11,2,4,0.6521739130434783,17,23
HES4,2,4,0.6521739130434783,17,23
C20orf85,2,4,0.6521739130434783,17,23
TAT,2,4,0.6521739130434783,17,23
MYBPC1,2,4,0.6521739130434783,17,23
LY6D,2,4,0.6521739130434783,17,23
UPK3B,2,4,0.6521739130434783,17,23
GPX2,2,4,0.6521739130434783,17,23
RETN,2,4,0.6521739130434783,17,23
KRT7,2,4,0.6521739130434783,17,23
MS4A1,3,4,0.3384615384615385,34,55
CXCR4,3,4,0.3384615384615385,34,55
TRAC,3,4,0.39285714285714285,26,15
PTPRC,3,4,0.3384615384615385,34,55
IL7R,3,4,0.39285714285714285,26,15
BANK1,3,4,0.3384615384615385,34,55
PTGDS,3,4,0.4074074074074074,15,25
CD79A,3,4,0.3384615384615385,34,55
MPEG1,3,4,0.3384615384615385,34,55
CYTIP,3,4,0.39285714285714285,26,15
PECAM1,3,4,0.0,34,35
SELL,3,4,0.3384615384615385,34,55
IRF8,3,4,0.3384615384615385,34,55
CD3E,3,4,0.39285714285714285,26,15
BASP1,3,4,0.25925925925925924,15,55
TCL1A,3,4,0.3384615384615385,34,55
CCR7,3,4,0.043478260869565216,26,24
PCNA,3,4,0.25925925925925924,15,55
AIF1,3,4,0.4074074074074074,15,25
CD3D,3,4,0.39285714285714285,26,15
FGL2,3,4,0.0,34,17
CD4,3,4,0.020833333333333332,26,25
PLCG2,3,4,0.3384615384615385,34,55
MDM2,3,4,0.25925925925925924,15,55
CD2,3,4,0.39285714285714285,26,15
MKI67,3,4,0.25925925925925924,15,55
SERPINB9,3,4,0.3384615384615385,34,55
MS4A6A,3,4,0.4074074074074074,15,25
CD19,3,4,0.3384615384615385,34,55
TENT5C,3,4,0.25925925925925924,15,55
CTLA4,3,4,0.39285714285714285,26,15
ACTG2,3,4,0.25925925925925924,15,55
MZB1,3,4,0.25925925925925924,15,55
CD28,3,4,0.39285714285714285,26,15
GPR183,3,4,0.043478260869565216,26,24
CD34,3,4,0.061224489795918366,19,35
KLRB1,3,4,0.39285714285714285,26,15
CD247,3,4,0.39285714285714285,26,15
MYC,3,4,0.09722222222222222,26,55
CXCL2,3,4,0.0,15,15
C1orf162,3,4,0.0,34,15
CD83,3,4,0.09722222222222222,26,55
CD69,3,4,0.0,26,35
ADAM28,3,4,0.3384615384615385,34,55
CCL5,3,4,0.11627906976744186,15,35
BCL2L11,3,4,0.09722222222222222,26,55
TFPI,3,4,0.037037037037037035,15,15
CXCL9,3,4,0.06896551724137931,15,18
PRDM1,3,4,0.09722222222222222,26,55
TNC,3,4,0.21739130434782608,15,15
LYVE1,3,4,0.06896551724137931,15,18
VWF,3,4,0.06666666666666667,15,35
IGSF6,3,4,0.4074074074074074,15,25
CD5L,3,4,0.0,15,15
CD1C,3,4,0.3384615384615385,34,55
MEF2C,3,4,0.3384615384615385,34,55
MMRN1,3,4,0.0,15,15
PLA2G7,3,4,0.4074074074074074,15,25
GNLY,3,4,0.037037037037037035,15,15
LAMP3,3,4,0.06896551724137931,15,18
TCF4,3,4,0.3384615384615385,34,55
GLIPR1,3,4,0.05660377358490566,34,24
CD27,3,4,0.39285714285714285,26,15
CD163,3,4,0.03571428571428571,16,15
SLAMF7,3,4,0.25925925925925924,15,55
CD8A,3,4,0.11627906976744186,15,35
SPIB,3,4,0.3384615384615385,34,55
MYLK,3,4,0.06666666666666667,15,35
CDK1,3,4,0.25925925925925924,15,55
ACTA2,3,4,0.07692307692307693,15,15
CAVIN2,3,4,0.0,15,15
CAVIN1,3,4,0.043478260869565216,15,35
LY86,3,4,0.3384615384615385,34,55
KLRD1,3,4,0.037037037037037035,15,15
HLA-DQB2,3,4,0.3384615384615385,34,55
IL2RA,3,4,0.020833333333333332,26,25
CCL19,3,4,0.037037037037037035,15,15
TNFRSF9,3,4,0.044444444444444446,34,15
CLECL1,3,4,0.3384615384615385,34,55
FBN1,3,4,0.044444444444444446,34,15
KCNMA1,3,4,0.4074074074074074,15,25
TNFRSF13B,3,4,0.3384615384615385,34,55
TNFRSF17,3,4,0.25925925925925924,15,55
MS4A4A,3,4,0.4074074074074074,15,25
GZMK,3,4,0.11627906976744186,15,35
APOLD1,3,4,0.061224489795918366,19,35
TOP2A,3,4,0.25925925925925924,15,55
CD68,3,4,0.4074074074074074,15,25
CXCL10,3,4,0.0,19,17
CLEC10A,3,4,0.037037037037037035,15,15
DUSP2,3,4,0.09722222222222222,26,55
MTRNR2L11,3,4,0.09722222222222222,26,55
DNASE1L3,3,4,0.037037037037037035,15,15
IL3RA,3,4,0.037037037037037035,15,15
RTKN2,3,4,0.09722222222222222,26,55
LILRA4,3,4,0.0,19,15
CTSK,3,4,0.044444444444444446,34,15
C7,3,4,0.0,15,15
ADGRL4,3,4,0.061224489795918366,19,35
SLAMF1,3,4,0.09722222222222222,26,55
PDGFRB,3,4,0.06666666666666667,15,35
DST,3,4,0.4074074074074074,15,25
MMRN2,3,4,0.06666666666666667,19,15
SFRP4,3,4,0.037037037037037035,15,15
CD93,3,4,0.06666666666666667,15,35
FKBP11,3,4,0.25925925925925924,15,55
CSF2RA,3,4,0.4074074074074074,15,25
GZMA,3,4,0.11627906976744186,15,35
MNDA,3,4,0.05660377358490566,34,24
PROX1,3,4,0.03225806451612903,17,17
SH2D3C,3,4,0.3384615384615385,34,55
HAVCR2,3,4,0.4074074074074074,15,25
PLD4,3,4,0.05660377358490566,34,24
MYH11,3,4,0.0,22,24
ADAMTS1,3,4,0.0,15,15
CCR2,3,4,0.06666666666666667,19,15
GNG11,3,4,0.061224489795918366,19,35
CD86,3,4,0.3384615384615385,34,55
FOXP3,3,4,0.39285714285714285,26,15
MARCO,3,4,0.2608695652173913,16,15
CENPF,3,4,0.25925925925925924,15,55
GZMB,3,4,0.12903225806451613,22,15
FCGR3A,3,4,0.07142857142857142,15,17
PRF1,3,4,0.11627906976744186,15,35
LILRB2,3,4,0.05714285714285714,15,24
THY1,3,4,0.06666666666666667,15,35
FAS,3,4,0.0,34,25
EDNRB,3,4,0.06666666666666667,15,35
DPT,3,4,0.037037037037037035,15,15
CD14,3,4,0.0,15,25
TCIM,3,4,0.21739130434782608,15,15
KLRC1,3,4,0.0,15,55
COCH,3,4,0.05128205128205128,19,24
LTBP2,3,4,0.21739130434782608,15,15
AMY2A,3,4,0.05660377358490566,34,24
FBLN1,3,4,0.03571428571428571,16,15
SMYD2,3,4,0.043478260869565216,26,24
MRC1,3,4,0.0,15,15
CCNB2,3,4,0.25925925925925924,15,55
ACKR1,3,4,0.0,15,15
ECSCR,3,4,0.06382978723404255,17,35
EGFL7,3,4,0.0,16,35
NKG7,3,4,0.11627906976744186,15,35
PMP22,3,4,0.0,15,25
IGF1,3,4,0.4074074074074074,15,25
UBE2C,3,4,0.25925925925925924,15,55
RBP5,3,4,0.21739130434782608,15,15
PDGFRA,3,4,0.03333333333333333,15,18
BTNL9,3,4,0.043478260869565216,15,35
SLC26A2,3,4,0.05714285714285714,15,24
CLEC14A,3,4,0.0,15,35
PPARG,3,4,0.0,19,25
THAP2,3,4,0.05714285714285714,15,24
MCF2L,3,4,0.06666666666666667,19,15
INMT,3,4,0.034482758620689655,15,17
CD1E,3,4,0.0,15,15
TM4SF18,3,4,0.06382978723404255,17,35
EDN1,3,4,0.07692307692307693,15,15
NPDC1,3,4,0.06666666666666667,15,35
FHL2,3,4,0.027777777777777776,15,24
RGS16,3,4,0.0,15,55
FCN1,3,4,0.034482758620689655,15,17
RAMP2,3,4,0.06666666666666667,15,35
RAPGEF3,3,4,0.06382978723404255,17,35
MEST,3,4,0.05128205128205128,19,24
KIT,3,4,0.16666666666666666,15,15
GEM,3,4,0.21739130434782608,15,15
VCAN,3,4,0.0,15,15
SPI1,3,4,0.027777777777777776,15,24
FCGR1A,3,4,0.0,19,15
DES,3,4,0.07692307692307693,15,15
STEAP4,3,4,0.0,15,15
ERG,3,4,0.037037037037037035,15,15
PCOLCE,3,4,0.0,15,15
VWA5A,3,4,0.03225806451612903,19,15
COL5A2,3,4,0.0,15,15
PTN,3,4,0.0,15,15
CFB,3,4,0.21739130434782608,15,15
MET,3,4,0.05405405405405406,17,24
CAV1,3,4,0.0,15,35
GATM,3,4,0.05128205128205128,19,24
OGN,3,4,0.0,19,15
PDPN,3,4,0.03225806451612903,19,15
MFAP5,3,4,0.07142857142857142,15,17
MALL,3,4,0.043478260869565216,15,35
CLEC4E,3,4,0.0,17,25
RIDA,3,4,0.0,19,55
CRISPLD2,3,4,0.020833333333333332,16,35
ELF5,3,4,0.0,19,15
GHRL,3,4,0.02702702702702703,15,25
SEMA3C,3,4,0.03125,17,18
CPA3,3,4,0.037037037037037035,15,15
SRPX,3,4,0.06896551724137931,15,18
VSIG4,3,4,0.0,15,15
NTN4,3,4,0.05405405405405406,17,24
FSTL3,3,4,0.037037037037037035,15,15
ANPEP,3,4,0.09375,22,15
CFHR3,3,4,0.03125,17,18
GYPA,3,4,0.07142857142857142,15,17
APOBEC3A,3,4,0.0,15,55
AQP3,3,4,0.037037037037037035,15,15
ANGPT2,3,4,0.06896551724137931,15,18
APCDD1,3,4,0.037037037037037035,15,15
SLC4A1,3,4,0.043478260869565216,15,35
SFRP2,3,4,0.037037037037037035,15,15
DERL3,3,4,0.027777777777777776,15,24
CD274,3,4,0.02702702702702703,15,25
CXCL6,3,4,0.07142857142857142,15,17
IL1R2,3,4,0.037037037037037035,15,15
CYP4B1,3,4,0.037037037037037035,15,15
SOX17,3,4,0.07692307692307693,15,15
LIF,3,4,0.0,15,15
ASPN,3,4,0.0,15,15
LILRB4,3,4,0.02702702702702703,15,25
CNN1,3,4,0.12903225806451613,22,15
MS4A2,3,4,0.0,15,15
BMX,3,4,0.0,15,17
ADGRE1,3,4,0.03225806451612903,17,17
LAG3,3,4,0.043478260869565216,15,35
CYP2A7,3,4,0.034482758620689655,15,17
EHF,3,4,0.06896551724137931,15,18
GPC3,3,4,0.0,15,15
SMIM24,3,4,0.027777777777777776,15,24
RERGL,3,4,0.0,17,55
SOX2,3,4,0.05405405405405406,17,24
ESR1,3,4,0.0,15,15
STC1,3,4,0.07142857142857142,15,17
HEMGN,3,4,0.043478260869565216,15,35
BAMBI,3,4,0.0,15,15
MEDAG,3,4,0.037037037037037035,15,15
HEPACAM2,3,4,0.06896551724137931,15,18
FCER1A,3,4,0.12903225806451613,22,15
PLIN4,3,4,0.16129032258064516,15,23
FXYD2,3,4,0.0,22,15
SERPINB3,3,4,0.03333333333333333,15,18
PLAC9,3,4,0.0,15,55
ALAS2,3,4,0.037037037037037035,15,15
EPCAM,3,4,0.0,15,15
AHSP,3,4,0.07692307692307693,15,15
SNCA,3,4,0.037037037037037035,15,15
RND1,3,4,0.0,15,24
ASCL3,3,4,0.034482758620689655,17,15
CLCA1,3,4,0.034482758620689655,17,15
CFAP53,3,4,0.034482758620689655,17,15
STC2,3,4,0.0,16,17
ALDH1A3,3,4,0.037037037037037035,15,15
CFHR1,3,4,0.03571428571428571,16,15
TMEM100,3,4,0.0,16,15
CD1A,3,4,0.06382978723404255,17,35
PPP1R1A,3,4,0.037037037037037035,15,15
IL1RL1,3,4,0.037037037037037035,15,15
TSPAN19,3,4,0.034482758620689655,15,17
CYP1A1,3,4,0.034482758620689655,17,15
FGFBP2,3,4,0.07407407407407407,16,15
EGFR,3,4,0.16666666666666666,15,15
CYP2F1,3,4,0.07142857142857142,15,17
SNTN,3,4,0.037037037037037035,15,15
TIMP4,3,4,0.037037037037037035,15,15
GATA2,3,4,0.029411764705882353,22,15
HAMP,3,4,0.0,22,25
PPP1R1B,3,4,0.0,15,24
ADH1C,3,4,0.037037037037037035,15,15
CCDC39,3,4,0.0,15,15
CFTR,3,4,0.16666666666666666,15,15
TMC5,3,4,0.0,15,24
PGR,3,4,0.037037037037037035,15,15
AGER,3,4,0.16666666666666666,15,15
MAMDC2,3,4,0.03333333333333333,15,18
AR,3,4,0.12903225806451613,22,15
C15orf48,3,4,0.020833333333333332,16,35
S100A1,3,4,0.037037037037037035,15,15
SOX18,3,4,0.0,22,17
SNAI1,3,4,0.09375,22,15
CLIC6,3,4,0.0,16,15
SLC26A3,3,4,0.03571428571428571,16,15
TM4SF4,3,4,0.07407407407407407,16,15
THBS2,3,4,0.2608695652173913,16,15
AQP9,3,4,0.0,15,18
SLC18A2,3,4,0.09375,22,15
ERBB2,3,4,0.0,15,15
GPC1,3,4,0.06896551724137931,15,18
TAC1,3,4,0.03225806451612903,16,18
FGFBP1,3,4,0.07407407407407407,16,15
C6orf118,3,4,0.0,16,15
APOA5,3,4,0.16666666666666666,15,15
DNAAF1,3,4,0.03225806451612903,16,18
ACE2,3,4,0.07692307692307693,15,15
CLCA2,3,4,0.07692307692307693,15,15
MCEMP1,3,4,0.0,15,15
TBX3,3,4,0.12,15,15
CYP2B6,3,4,0.07692307692307693,15,15
SCGN,3,4,0.0,15,15
OPRPN,3,4,0.029411764705882353,22,15
CD300E,3,4,0.12,15,15
CAPN8,3,4,0.0,15,15
SCGB2A1,3,4,0.0,16,15
GPRC5A,3,4,0.06896551724137931,15,18
CCDC78,3,4,0.02702702702702703,15,25
CTSG,3,4,0.16129032258064516,15,23
ADIPOQ,3,4,0.12,15,15
C1orf194,3,4,0.09375,22,15
LILRA5,3,4,0.07692307692307693,15,15
HPGDS,3,4,0.037037037037037035,15,15
KCNK3,3,4,0.12903225806451613,22,15
LPL,3,4,0.0,16,25
GYPB,3,4,0.037037037037037035,15,15
GKN2,3,4,0.09375,22,15
C5orf46,3,4,0.09375,22,15
SELE,3,4,0.0,16,15
SERPINB2,3,4,0.09375,22,15
DIRAS3,3,4,0.0,15,15
PRG4,3,4,0.07692307692307693,15,15
LGI4,3,4,0.03333333333333333,15,18
COL17A1,3,4,0.07692307692307693,15,15
SFTA2,3,4,0.09375,22,15
HIGD1B,3,4,0.037037037037037035,15,15
DPEP1,3,4,0.12,15,15
PCP4,3,4,0.07692307692307693,15,15
CSF3,3,4,0.06060606060606061,22,15
TREM2,3,4,0.07692307692307693,15,15
TMEM52B,3,4,0.0,15,55
AGR3,3,4,0.037037037037037035,15,15
AQP8,3,4,0.12,15,15
ARFGEF3,3,4,0.12,15,15
SNCG,3,4,0.014925373134328358,15,55
SLC22A8,3,4,0.06060606060606061,22,15
PEBP4,3,4,0.06060606060606061,22,15
BBOX1,3,4,0.12,15,15
CYP3A4,3,4,0.07692307692307693,15,15
FOXI1,3,4,0.0,15,15
S100A12,3,4,0.2608695652173913,16,15
HPX,3,4,0.0,16,15
LGR5,3,4,0.07692307692307693,15,15
NAT8,3,4,0.07692307692307693,15,15
PCSK2,3,4,0.07692307692307693,15,15
ASCL1,3,4,0.07692307692307693,15,15
PVALB,3,4,0.0,15,15
FCN2,3,4,0.2608695652173913,16,15
GCG,3,4,0.0,15,15
CD70,3,4,0.2608695652173913,16,15
UMOD,3,4,0.0,16,15
FOXJ1,3,4,0.12,15,15
MLPH,3,4,0.07407407407407407,16,15
GLYATL1,3,4,0.07407407407407407,16,15
KRT20,3,4,0.12,15,15
ADH4,3,4,0.2608695652173913,16,15
CA4,3,4,0.7272727272727273,17,23
CDH16,3,4,0.12,15,15
AQP2,3,4,0.0,15,15
DMBT1,3,4,0.16129032258064516,15,23
CHGA,3,4,0.12,15,15
CCL27,3,4,0.07407407407407407,16,15
KNG1,3,4,0.0,16,15
PPY,3,4,0.16129032258064516,15,23
MLANA,3,4,0.0,15,15
HMGCS2,3,4,0.014925373134328358,15,55
CRHBP,3,4,0.7272727272727273,17,23
TFF2,3,4,0.2608695652173913,16,15
GDF15,3,4,0.12,15,15
PDCD1,3,4,0.0,15,15
SST,3,4,0.16129032258064516,15,23
INS,3,4,0.7272727272727273,17,23
FOXA1,3,4,0.7272727272727273,17,23
TMEM174,3,4,0.7272727272727273,17,23
TCF15,3,4,0.16129032258064516,15,23
KLK11,3,4,0.7272727272727273,17,23
SPDEF,3,4,0.7272727272727273,17,23
ABCC11,3,4,0.7272727272727273,17,23
HES4,3,4,0.7272727272727273,17,23
C20orf85,3,4,0.7272727272727273,17,23
TAT,3,4,0.7272727272727273,17,23
MYBPC1,3,4,0.7272727272727273,17,23
LY6D,3,4,0.7272727272727273,17,23
UPK3B,3,4,0.7272727272727273,17,23
GPX2,3,4,0.7272727272727273,17,23
RETN,3,4,0.7272727272727273,17,23
KRT7,3,4,0.7272727272727273,17,23
