gene,niche_a,niche_b,jaccard,size_a,size_b
MS4A1,0,1,0.22727272727272727,35,21
CXCR4,0,1,0.22727272727272727,35,21
TRAC,0,1,0.8275862068965517,26,29
PTPRC,0,1,0.8275862068965517,26,29
IL7R,0,1,0.8275862068965517,26,29
BANK1,0,1,0.22727272727272727,35,21
PTGDS,0,1,0.0,15,21
CD79A,0,1,0.22727272727272727,35,21
MPEG1,0,1,0.0,46,21
CYTIP,0,1,0.8275862068965517,26,29
PECAM1,0,1,0.4918032786885246,51,42
SELL,0,1,0.01639344262295082,35,29
IRF8,0,1,0.21428571428571427,15,21
CD3E,0,1,0.8275862068965517,26,29
BASP1,0,1,0.19230769230769232,46,18
TCL1A,0,1,0.21428571428571427,15,21
CCR7,0,1,0.8275862068965517,26,29
PCNA,0,1,0.47058823529411764,35,17
AIF1,0,1,0.41304347826086957,46,21
CD3D,0,1,0.8275862068965517,26,29
FGL2,0,1,0.41304347826086957,46,21
CD4,0,1,0.41304347826086957,46,21
PLCG2,0,1,0.22727272727272727,35,21
MDM2,0,1,0.47058823529411764,35,17
CD2,0,1,0.8275862068965517,26,29
MKI67,0,1,0.47058823529411764,35,17
SERPINB9,0,1,0.08333333333333333,51,16
MS4A6A,0,1,0.41304347826086957,46,21
CD19,0,1,0.22727272727272727,35,21
TENT5C,0,1,0.47058823529411764,35,17
CTLA4,0,1,0.8275862068965517,26,29
ACTG2,0,1,0.47058823529411764,35,17
MZB1,0,1,0.47058823529411764,35,17
CD28,0,1,0.8275862068965517,26,29
GPR183,0,1,0.0,15,29
CD34,0,1,0.4918032786885246,51,42
KLRB1,0,1,0.8275862068965517,26,29
CD247,0,1,0.8275862068965517,26,29
MYC,0,1,0.0,51,21
CXCL2,0,1,0.1016949152542373,51,16
C1orf162,0,1,0.10714285714285714,46,18
CD83,0,1,0.06896551724137931,15,18
CD69,0,1,0.0,26,21
ADAM28,0,1,0.22727272727272727,35,21
CCL5,0,1,0.8275862068965517,26,29
BCL2L11,0,1,0.47058823529411764,35,17
TFPI,0,1,0.4918032786885246,51,42
CXCL9,0,1,0.03333333333333333,15,18
PRDM1,0,1,0.47058823529411764,35,17
TNC,0,1,0.03225806451612903,51,15
LYVE1,0,1,0.1016949152542373,51,16
VWF,0,1,0.4918032786885246,51,42
IGSF6,0,1,0.41304347826086957,46,21
CD5L,0,1,0.41304347826086957,46,21
CD1C,0,1,0.19230769230769232,46,18
MEF2C,0,1,0.22727272727272727,35,21
MMRN1,0,1,0.4918032786885246,51,42
PLA2G7,0,1,0.41304347826086957,46,21
GNLY,0,1,0.8275862068965517,26,29
LAMP3,0,1,0.06896551724137931,15,18
TCF4,0,1,0.21428571428571427,15,21
GLIPR1,0,1,0.19230769230769232,46,18
CD27,0,1,0.01639344262295082,35,29
CD163,0,1,0.41304347826086957,46,21
SLAMF7,0,1,0.47058823529411764,35,17
CD8A,0,1,0.8275862068965517,26,29
SPIB,0,1,0.06896551724137931,15,18
MYLK,0,1,0.04838709677419355,25,42
CDK1,0,1,0.47058823529411764,35,17
ACTA2,0,1,0.4074074074074074,25,15
CAVIN2,0,1,0.4918032786885246,51,42
CAVIN1,0,1,0.4918032786885246,51,42
LY86,0,1,0.22727272727272727,35,21
KLRD1,0,1,0.8275862068965517,26,29
HLA-DQB2,0,1,0.19230769230769232,46,18
IL2RA,0,1,0.8275862068965517,26,29
CCL19,0,1,0.4074074074074074,25,15
TNFRSF9,0,1,0.0,51,29
CLECL1,0,1,0.22727272727272727,35,21
FBN1,0,1,0.4918032786885246,51,42
KCNMA1,0,1,0.41304347826086957,46,21
TNFRSF13B,0,1,0.22727272727272727,35,21
TNFRSF17,0,1,0.47058823529411764,35,17
MS4A4A,0,1,0.41304347826086957,46,21
GZMK,0,1,0.8275862068965517,26,29
APOLD1,0,1,0.4918032786885246,51,42
TOP2A,0,1,0.47058823529411764,35,17
CD68,0,1,0.41304347826086957,46,21
CXCL10,0,1,0.03333333333333333,15,18
CLEC10A,0,1,0.19230769230769232,46,18
DUSP2,0,1,0.8275862068965517,26,29
MTRNR2L11,0,1,0.0625,35,18
DNASE1L3,0,1,0.10714285714285714,46,18
IL3RA,0,1,0.21428571428571427,15,21
RTKN2,0,1,0.8275862068965517,26,29
LILRA4,0,1,0.21428571428571427,15,21
CTSK,0,1,0.14705882352941177,25,16
C7,0,1,0.4074074074074074,25,15
ADGRL4,0,1,0.4918032786885246,51,42
SLAMF1,0,1,0.0625,35,18
PDGFRB,0,1,0.4074074074074074,25,15
DST,0,1,0.41304347826086957,46,21
MMRN2,0,1,0.4918032786885246,51,42
SFRP4,0,1,0.3333333333333333,15,15
CD93,0,1,0.4918032786885246,51,42
FKBP11,0,1,0.47058823529411764,35,17
CSF2RA,0,1,0.41304347826086957,46,21
GZMA,0,1,0.8275862068965517,26,29
MNDA,0,1,0.19230769230769232,46,18
PROX1,0,1,0.1016949152542373,51,16
SH2D3C,0,1,0.08333333333333333,51,16
HAVCR2,0,1,0.41304347826086957,46,21
PLD4,0,1,0.21428571428571427,15,21
MYH11,0,1,0.0,16,42
ADAMTS1,0,1,0.4074074074074074,25,15
CCR2,0,1,0.47058823529411764,35,17
GNG11,0,1,0.4918032786885246,51,42
CD86,0,1,0.19230769230769232,46,18
FOXP3,0,1,0.8275862068965517,26,29
MARCO,0,1,0.1016949152542373,51,16
CENPF,0,1,0.47058823529411764,35,17
GZMB,0,1,0.21428571428571427,15,21
FCGR3A,0,1,0.10714285714285714,46,18
PRF1,0,1,0.8275862068965517,26,29
LILRB2,0,1,0.41304347826086957,46,21
THY1,0,1,0.4918032786885246,51,42
FAS,0,1,0.14705882352941177,25,16
EDNRB,0,1,0.4918032786885246,51,42
DPT,0,1,0.14705882352941177,25,16
CD14,0,1,0.41304347826086957,46,21
TCIM,0,1,0.04838709677419355,25,42
KLRC1,0,1,0.8275862068965517,26,29
COCH,0,1,0.14705882352941177,25,16
LTBP2,0,1,0.1016949152542373,51,16
AMY2A,0,1,0.14814814814814814,15,18
FBLN1,0,1,0.4074074074074074,25,15
SMYD2,0,1,0.025,25,18
MRC1,0,1,0.41304347826086957,46,21
CCNB2,0,1,0.47058823529411764,35,17
ACKR1,0,1,0.4918032786885246,51,42
ECSCR,0,1,0.4918032786885246,51,42
EGFL7,0,1,0.4918032786885246,51,42
NKG7,0,1,0.8275862068965517,26,29
PMP22,0,1,0.03225806451612903,51,15
IGF1,0,1,0.41304347826086957,46,21
UBE2C,0,1,0.47058823529411764,35,17
RBP5,0,1,0.03225806451612903,51,15
PDGFRA,0,1,0.4074074074074074,25,15
BTNL9,0,1,0.4918032786885246,51,42
SLC26A2,0,1,0.11538461538461539,15,16
CLEC14A,0,1,0.4918032786885246,51,42
PPARG,0,1,0.0,46,42
THAP2,0,1,0.14814814814814814,15,18
MCF2L,0,1,0.4918032786885246,51,42
INMT,0,1,0.04838709677419355,25,42
CD1E,0,1,0.19230769230769232,46,18
TM4SF18,0,1,0.4918032786885246,51,42
EDN1,0,1,0.4918032786885246,51,42
NPDC1,0,1,0.4918032786885246,51,42
FHL2,0,1,0.14705882352941177,25,16
RGS16,0,1,0.1016949152542373,51,16
FCN1,0,1,0.19230769230769232,46,18
RAMP2,0,1,0.4918032786885246,51,42
RAPGEF3,0,1,0.4918032786885246,51,42
MEST,0,1,0.025,25,18
KIT,0,1,0.018518518518518517,15,42
GEM,0,1,0.4074074074074074,25,15
VCAN,0,1,0.01694915254237288,46,16
SPI1,0,1,0.10714285714285714,46,18
FCGR1A,0,1,0.10714285714285714,46,18
DES,0,1,0.16666666666666666,15,15
STEAP4,0,1,0.4074074074074074,25,15
ERG,0,1,0.4918032786885246,51,42
PCOLCE,0,1,0.4074074074074074,25,15
VWA5A,0,1,0.0,15,16
COL5A2,0,1,0.4074074074074074,25,15
PTN,0,1,0.0,25,16
CFB,0,1,0.08333333333333333,51,16
MET,0,1,0.4918032786885246,51,42
CAV1,0,1,0.4918032786885246,51,42
GATM,0,1,0.0,46,16
OGN,0,1,0.07692307692307693,15,15
PDPN,0,1,0.08333333333333333,51,16
MFAP5,0,1,0.14285714285714285,27,15
MALL,0,1,0.4918032786885246,51,42
CLEC4E,0,1,0.19230769230769232,46,18
RIDA,0,1,0.14814814814814814,15,18
CRISPLD2,0,1,0.4074074074074074,25,15
ELF5,0,1,0.07692307692307693,15,15
GHRL,0,1,0.41304347826086957,46,21
SEMA3C,0,1,0.0,46,15
CPA3,0,1,0.12,15,15
SRPX,0,1,0.14705882352941177,25,16
VSIG4,0,1,0.017241379310344827,46,15
NTN4,0,1,0.4918032786885246,51,42
FSTL3,0,1,0.01694915254237288,46,16
ANPEP,0,1,0.10714285714285714,46,18
CFHR3,0,1,0.04838709677419355,25,42
GYPA,0,1,0.21739130434782608,15,15
APOBEC3A,0,1,0.0625,35,18
AQP3,0,1,0.0625,35,18
ANGPT2,0,1,0.08333333333333333,51,16
APCDD1,0,1,0.0,15,16
SLC4A1,0,1,0.21739130434782608,15,15
SFRP2,0,1,0.3333333333333333,15,15
DERL3,0,1,0.0,35,18
CD274,0,1,0.10714285714285714,46,18
CXCL6,0,1,0.11538461538461539,15,16
IL1R2,0,1,0.19230769230769232,46,18
CYP4B1,0,1,0.21212121212121213,27,15
SOX17,0,1,0.0,15,42
LIF,0,1,0.037037037037037035,15,15
ASPN,0,1,0.017241379310344827,46,15
LILRB4,0,1,0.41304347826086957,46,21
CNN1,0,1,0.0,16,15
MS4A2,0,1,0.12,15,15
BMX,0,1,0.1016949152542373,51,16
ADGRE1,0,1,0.0,15,15
LAG3,0,1,0.14814814814814814,15,18
CYP2A7,0,1,0.07692307692307693,15,15
EHF,0,1,0.0,51,18
GPC3,0,1,0.17647058823529413,27,15
SMIM24,0,1,0.14285714285714285,27,15
RERGL,0,1,0.14285714285714285,27,15
SOX2,0,1,0.21212121212121213,27,15
ESR1,0,1,0.11538461538461539,15,16
STC1,0,1,0.015151515151515152,27,42
HEMGN,0,1,0.12,15,15
BAMBI,0,1,0.0,51,15
MEDAG,0,1,0.17647058823529413,27,15
HEPACAM2,0,1,0.21212121212121213,27,15
FCER1A,0,1,0.17647058823529413,27,15
PLIN4,0,1,0.0,15,27
FXYD2,0,1,0.14814814814814814,15,18
SERPINB3,0,1,0.21212121212121213,27,15
PLAC9,0,1,0.14285714285714285,27,15
ALAS2,0,1,0.0,15,15
EPCAM,0,1,0.21212121212121213,27,15
AHSP,0,1,0.0,15,15
SNCA,0,1,0.21739130434782608,15,15
RND1,0,1,0.0,15,15
ASCL3,0,1,0.14285714285714285,27,15
CLCA1,0,1,0.17647058823529413,27,15
CFAP53,0,1,0.21212121212121213,27,15
STC2,0,1,0.08333333333333333,51,16
ALDH1A3,0,1,0.0,27,15
CFHR1,0,1,0.11538461538461539,15,16
TMEM100,0,1,0.21212121212121213,27,15
CD1A,0,1,0.21739130434782608,15,15
PPP1R1A,0,1,0.17647058823529413,27,15
IL1RL1,0,1,0.12,15,15
TSPAN19,0,1,0.0,15,15
CYP1A1,0,1,0.0,27,16
FGFBP2,0,1,0.14285714285714285,27,15
EGFR,0,1,0.0,27,16
CYP2F1,0,1,0.17647058823529413,27,15
SNTN,0,1,0.21212121212121213,27,15
TIMP4,0,1,0.12,15,15
GATA2,0,1,0.018518518518518517,15,42
HAMP,0,1,0.16666666666666666,15,15
PPP1R1B,0,1,0.21739130434782608,15,15
ADH1C,0,1,0.037037037037037035,15,15
CCDC39,0,1,0.21739130434782608,15,15
CFTR,0,1,0.20833333333333334,16,15
TMC5,0,1,0.12,15,15
PGR,0,1,0.037037037037037035,15,15
AGER,0,1,0.12,15,15
MAMDC2,0,1,0.07407407407407407,16,15
AR,0,1,0.17647058823529413,27,15
C15orf48,0,1,0.037037037037037035,15,15
S100A1,0,1,0.07407407407407407,16,15
SOX18,0,1,0.015151515151515152,27,42
SNAI1,0,1,0.12,15,15
CLIC6,0,1,0.16666666666666666,15,15
SLC26A3,0,1,0.20833333333333334,16,15
TM4SF4,0,1,0.03571428571428571,16,15
THBS2,0,1,0.034482758620689655,15,17
AQP9,0,1,0.03571428571428571,16,15
SLC18A2,0,1,0.037037037037037035,15,15
ERBB2,0,1,0.20833333333333334,16,15
GPC1,0,1,0.20833333333333334,16,15
TAC1,0,1,0.07692307692307693,15,15
FGFBP1,0,1,0.0,27,15
C6orf118,0,1,0.20833333333333334,16,15
APOA5,0,1,0.037037037037037035,15,15
DNAAF1,0,1,0.20833333333333334,16,15
ACE2,0,1,0.07407407407407407,16,15
CLCA2,0,1,0.07692307692307693,15,15
MCEMP1,0,1,0.16666666666666666,15,15
TBX3,0,1,0.0,15,16
CYP2B6,0,1,0.037037037037037035,15,15
SCGN,0,1,0.07692307692307693,15,15
OPRPN,0,1,0.16666666666666666,15,15
CD300E,0,1,0.07407407407407407,16,15
CAPN8,0,1,0.07407407407407407,16,15
SCGB2A1,0,1,0.16666666666666666,15,15
GPRC5A,0,1,0.16666666666666666,15,15
CCDC78,0,1,0.07407407407407407,16,15
CTSG,0,1,0.0,15,27
ADIPOQ,0,1,0.0,15,15
C1orf194,0,1,0.16666666666666666,15,15
LILRA5,0,1,0.16666666666666666,15,15
HPGDS,0,1,0.037037037037037035,15,15
KCNK3,0,1,0.16666666666666666,15,15
LPL,0,1,0.16666666666666666,15,15
GYPB,0,1,0.07692307692307693,15,15
GKN2,0,1,0.16666666666666666,15,15
C5orf46,0,1,0.037037037037037035,15,15
SELE,0,1,0.034482758620689655,15,17
SERPINB2,0,1,0.07692307692307693,15,15
DIRAS3,0,1,0.3333333333333333,15,15
PRG4,0,1,0.0,15,15
LGI4,0,1,0.16666666666666666,15,15
COL17A1,0,1,0.3333333333333333,15,15
SFTA2,0,1,0.07692307692307693,15,15
HIGD1B,0,1,0.037037037037037035,15,15
DPEP1,0,1,0.16666666666666666,15,15
PCP4,0,1,0.16666666666666666,15,15
CSF3,0,1,0.3333333333333333,15,15
TREM2,0,1,0.3333333333333333,15,15
TMEM52B,0,1,0.034482758620689655,15,17
AGR3,0,1,0.3333333333333333,15,15
AQP8,0,1,0.3333333333333333,15,15
ARFGEF3,0,1,0.034482758620689655,15,17
SNCG,0,1,0.037037037037037035,15,15
SLC22A8,0,1,0.25,15,17
PEBP4,0,1,0.25,15,17
BBOX1,0,1,0.25,15,17
CYP3A4,0,1,0.25,15,17
FOXI1,0,1,0.25,15,17
S100A12,0,1,0.2727272727272727,15,15
HPX,0,1,0.2,15,17
LGR5,0,1,0.2727272727272727,15,15
NAT8,0,1,0.2,15,17
PCSK2,0,1,0.25,15,17
ASCL1,0,1,0.2,15,17
PVALB,0,1,0.2,15,17
FCN2,0,1,0.037037037037037035,15,15
GCG,0,1,0.2727272727272727,15,15
CD70,0,1,0.25,15,17
UMOD,0,1,0.2,15,17
FOXJ1,0,1,0.2727272727272727,15,15
MLPH,0,1,0.2727272727272727,15,15
GLYATL1,0,1,0.2727272727272727,15,15
KRT20,0,1,0.2,15,17
ADH4,0,1,0.21739130434782608,15,15
CA4,0,1,0.21739130434782608,15,15
CDH16,0,1,0.2727272727272727,15,15
AQP2,0,1,0.21739130434782608,15,15
DMBT1,0,1,0.25,15,27
CHGA,0,1,0.21739130434782608,15,15
CCL27,0,1,0.21739130434782608,15,15
KNG1,0,1,0.21739130434782608,15,15
PPY,0,1,0.25,15,27
MLANA,0,1,0.25,15,27
HMGCS2,0,1,0.25,15,27
CRHBP,0,1,0.25,15,27
TFF2,0,1,0.25,15,27
GDF15,0,1,0.25,15,27
PDCD1,0,1,0.5769230769230769,16,27
SST,0,1,0.25,15,27
INS,0,1,0.5769230769230769,16,27
FOXA1,0,1,0.5769230769230769,16,27
TMEM174,0,1,0.5769230769230769,16,27
TCF15,0,1,0.25,15,27
KLK11,0,1,0.5769230769230769,16,27
SPDEF,0,1,0.5769230769230769,16,27
ABCC11,0,1,0.5769230769230769,16,27
HES4,0,1,0.5769230769230769,16,27
C20orf85,0,1,0.5769230769230769,16,27
TAT,0,1,0.5769230769230769,16,27
MYBPC1,0,1,0.5769230769230769,16,27
LY6D,0,1,0.5769230769230769,16,27
UPK3B,0,1,0.5769230769230769,16,27
GPX2,0,1,0.5769230769230769,16,27
RETN,0,1,0.5769230769230769,16,27
KRT7,0,1,0.5769230769230769,16,27
MS4A1,0,2,0.20930232558139536,35,19
CXCR4,0,2,0.20930232558139536,35,19
TRAC,0,2,0.5384615384615384,26,16
PTPRC,0,2,0.5384615384615384,26,16
IL7R,0,2,0.5384615384615384,26,16
BANK1,0,2,0.20930232558139536,35,19
PTGDS,0,2,0.6470588235294118,15,15
CD79A,0,2,0.20930232558139536,35,19
MPEG1,0,2,0.017241379310344827,46,15
CYTIP,0,2,0.5384615384615384,26,16
PECAM1,0,2,0.4594594594594595,51,59
SELL,0,2,0.0,35,16
IRF8,0,2,0.6470588235294118,15,15
CD3E,0,2,0.5384615384615384,26,16
BASP1,0,2,0.017241379310344827,46,15
TCL1A,0,2,0.6470588235294118,15,15
CCR7,0,2,0.5384615384615384,26,16
PCNA,0,2,0.5,35,18
AIF1,0,2,0.3111111111111111,46,15
CD3D,0,2,0.5384615384615384,26,16
FGL2,0,2,0.3111111111111111,46,15
CD4,0,2,0.3111111111111111,46,15
PLCG2,0,2,0.20930232558139536,35,19
MDM2,0,2,0.5,35,18
CD2,0,2,0.5384615384615384,26,16
MKI67,0,2,0.5,35,18
SERPINB9,0,2,0.0,51,15
MS4A6A,0,2,0.3111111111111111,46,15
CD19,0,2,0.20930232558139536,35,19
TENT5C,0,2,0.5,35,18
CTLA4,0,2,0.5384615384615384,26,16
ACTG2,0,2,0.5,35,18
MZB1,0,2,0.5,35,18
CD28,0,2,0.5384615384615384,26,16
GPR183,0,2,0.6470588235294118,15,15
CD34,0,2,0.4594594594594595,51,59
KLRB1,0,2,0.3448275862068966,26,15
CD247,0,2,0.5384615384615384,26,16
MYC,0,2,0.0,51,15
CXCL2,0,2,0.12280701754385964,51,15
C1orf162,0,2,0.3111111111111111,46,15
CD83,0,2,0.6470588235294118,15,15
CD69,0,2,0.3448275862068966,26,15
ADAM28,0,2,0.20930232558139536,35,19
CCL5,0,2,0.3448275862068966,26,15
BCL2L11,0,2,0.0,35,15
TFPI,0,2,0.4594594594594595,51,59
CXCL9,0,2,0.03225806451612903,15,19
PRDM1,0,2,0.5,35,18
TNC,0,2,0.4594594594594595,51,59
LYVE1,0,2,0.12280701754385964,51,15
VWF,0,2,0.4594594594594595,51,59
IGSF6,0,2,0.3111111111111111,46,15
CD5L,0,2,0.3111111111111111,46,15
CD1C,0,2,0.1568627450980392,46,15
MEF2C,0,2,0.0,35,15
MMRN1,0,2,0.4594594594594595,51,59
PLA2G7,0,2,0.3111111111111111,46,15
GNLY,0,2,0.3448275862068966,26,15
LAMP3,0,2,0.6470588235294118,15,15
TCF4,0,2,0.6470588235294118,15,15
GLIPR1,0,2,0.3111111111111111,46,15
CD27,0,2,0.5,35,18
CD163,0,2,0.3111111111111111,46,15
SLAMF7,0,2,0.5,35,18
CD8A,0,2,0.5384615384615384,26,16
SPIB,0,2,0.6470588235294118,15,15
MYLK,0,2,0.26153846153846155,25,59
CDK1,0,2,0.5,35,18
ACTA2,0,2,0.26153846153846155,25,59
CAVIN2,0,2,0.4594594594594595,51,59
CAVIN1,0,2,0.4594594594594595,51,59
LY86,0,2,0.20930232558139536,35,19
KLRD1,0,2,0.3448275862068966,26,15
HLA-DQB2,0,2,0.1568627450980392,46,15
IL2RA,0,2,0.5384615384615384,26,16
CCL19,0,2,0.26153846153846155,25,59
TNFRSF9,0,2,0.0,51,15
CLECL1,0,2,0.20930232558139536,35,19
FBN1,0,2,0.4594594594594595,51,59
KCNMA1,0,2,0.3111111111111111,46,15
TNFRSF13B,0,2,0.20930232558139536,35,19
TNFRSF17,0,2,0.5,35,18
MS4A4A,0,2,0.3111111111111111,46,15
GZMK,0,2,0.3448275862068966,26,15
APOLD1,0,2,0.4594594594594595,51,59
TOP2A,0,2,0.5,35,18
CD68,0,2,0.3111111111111111,46,15
CXCL10,0,2,0.03225806451612903,15,19
CLEC10A,0,2,0.1568627450980392,46,15
DUSP2,0,2,0.3448275862068966,26,15
MTRNR2L11,0,2,0.06666666666666667,35,15
DNASE1L3,0,2,0.019801980198019802,46,59
IL3RA,0,2,0.6470588235294118,15,15
RTKN2,0,2,0.5384615384615384,26,16
LILRA4,0,2,0.6470588235294118,15,15
CTSK,0,2,0.26153846153846155,25,59
C7,0,2,0.26153846153846155,25,59
ADGRL4,0,2,0.4594594594594595,51,59
SLAMF1,0,2,0.06666666666666667,35,15
PDGFRB,0,2,0.26153846153846155,25,59
DST,0,2,0.019801980198019802,46,59
MMRN2,0,2,0.4594594594594595,51,59
SFRP4,0,2,0.12,15,15
CD93,0,2,0.4594594594594595,51,59
FKBP11,0,2,0.5,35,18
CSF2RA,0,2,0.1568627450980392,46,15
GZMA,0,2,0.3448275862068966,26,15
MNDA,0,2,0.1568627450980392,46,15
PROX1,0,2,0.12280701754385964,51,15
SH2D3C,0,2,0.05714285714285714,51,25
HAVCR2,0,2,0.3111111111111111,46,15
PLD4,0,2,0.6470588235294118,15,15
MYH11,0,2,0.0,16,59
ADAMTS1,0,2,0.26153846153846155,25,59
CCR2,0,2,0.5,35,18
GNG11,0,2,0.4594594594594595,51,59
CD86,0,2,0.10526315789473684,46,19
FOXP3,0,2,0.5384615384615384,26,16
MARCO,0,2,0.12280701754385964,51,15
CENPF,0,2,0.5,35,18
GZMB,0,2,0.6470588235294118,15,15
FCGR3A,0,2,0.0,46,15
PRF1,0,2,0.3448275862068966,26,15
LILRB2,0,2,0.3111111111111111,46,15
THY1,0,2,0.4594594594594595,51,59
FAS,0,2,0.043478260869565216,25,25
EDNRB,0,2,0.4594594594594595,51,59
DPT,0,2,0.26153846153846155,25,59
CD14,0,2,0.10526315789473684,46,19
TCIM,0,2,0.26153846153846155,25,59
KLRC1,0,2,0.3448275862068966,26,15
COCH,0,2,0.02702702702702703,25,15
LTBP2,0,2,0.12280701754385964,51,15
AMY2A,0,2,0.3333333333333333,15,15
FBLN1,0,2,0.26153846153846155,25,59
SMYD2,0,2,0.0,25,15
MRC1,0,2,0.1568627450980392,46,15
CCNB2,0,2,0.5,35,18
ACKR1,0,2,0.4594594594594595,51,59
ECSCR,0,2,0.4594594594594595,51,59
EGFL7,0,2,0.4594594594594595,51,59
NKG7,0,2,0.3448275862068966,26,15
PMP22,0,2,0.4594594594594595,51,59
IGF1,0,2,0.10526315789473684,46,19
UBE2C,0,2,0.5,35,18
RBP5,0,2,0.4594594594594595,51,59
PDGFRA,0,2,0.26153846153846155,25,59
BTNL9,0,2,0.05714285714285714,51,25
SLC26A2,0,2,0.3333333333333333,15,15
CLEC14A,0,2,0.4594594594594595,51,59
PPARG,0,2,0.019801980198019802,46,59
THAP2,0,2,0.3333333333333333,15,15
MCF2L,0,2,0.4594594594594595,51,59
INMT,0,2,0.26153846153846155,25,59
CD1E,0,2,0.1568627450980392,46,15
TM4SF18,0,2,0.4594594594594595,51,59
EDN1,0,2,0.4594594594594595,51,59
NPDC1,0,2,0.4594594594594595,51,59
FHL2,0,2,0.26153846153846155,25,59
RGS16,0,2,0.05714285714285714,51,25
FCN1,0,2,0.1568627450980392,46,15
RAMP2,0,2,0.4594594594594595,51,59
RAPGEF3,0,2,0.4594594594594595,51,59
MEST,0,2,0.02702702702702703,25,15
KIT,0,2,0.0,15,59
GEM,0,2,0.26153846153846155,25,59
VCAN,0,2,0.017241379310344827,46,15
SPI1,0,2,0.10526315789473684,46,19
FCGR1A,0,2,0.017241379310344827,46,15
DES,0,2,0.16666666666666666,15,15
STEAP4,0,2,0.26153846153846155,25,59
ERG,0,2,0.4594594594594595,51,59
PCOLCE,0,2,0.26153846153846155,25,59
VWA5A,0,2,0.02702702702702703,15,25
COL5A2,0,2,0.26153846153846155,25,59
PTN,0,2,0.0,25,15
CFB,0,2,0.4594594594594595,51,59
MET,0,2,0.4594594594594595,51,59
CAV1,0,2,0.4594594594594595,51,59
GATM,0,2,0.029850746268656716,46,25
OGN,0,2,0.3333333333333333,15,15
PDPN,0,2,0.05714285714285714,51,25
MFAP5,0,2,0.20588235294117646,27,16
MALL,0,2,0.4594594594594595,51,59
CLEC4E,0,2,0.1568627450980392,46,15
RIDA,0,2,0.3333333333333333,15,15
CRISPLD2,0,2,0.26153846153846155,25,59
ELF5,0,2,0.3333333333333333,15,15
GHRL,0,2,0.10526315789473684,46,19
SEMA3C,0,2,0.017241379310344827,46,15
CPA3,0,2,0.21739130434782608,15,15
SRPX,0,2,0.043478260869565216,25,25
VSIG4,0,2,0.017241379310344827,46,15
NTN4,0,2,0.4594594594594595,51,59
FSTL3,0,2,0.029850746268656716,46,25
ANPEP,0,2,0.10526315789473684,46,19
CFHR3,0,2,0.043478260869565216,25,25
GYPA,0,2,0.11538461538461539,15,16
APOBEC3A,0,2,0.06666666666666667,35,15
AQP3,0,2,0.5,35,18
ANGPT2,0,2,0.4594594594594595,51,59
APCDD1,0,2,0.0,15,15
SLC4A1,0,2,0.07692307692307693,15,15
SFRP2,0,2,0.2727272727272727,15,15
DERL3,0,2,0.06666666666666667,35,15
CD274,0,2,0.029850746268656716,46,25
CXCL6,0,2,0.07407407407407407,15,16
IL1R2,0,2,0.10526315789473684,46,19
CYP4B1,0,2,0.14285714285714285,27,15
SOX17,0,2,0.02702702702702703,15,25
LIF,0,2,0.0,15,15
ASPN,0,2,0.017241379310344827,46,15
LILRB4,0,2,0.017241379310344827,46,15
CNN1,0,2,0.02631578947368421,16,25
MS4A2,0,2,0.21739130434782608,15,15
BMX,0,2,0.12280701754385964,51,15
ADGRE1,0,2,0.0,15,16
LAG3,0,2,0.0,15,15
CYP2A7,0,2,0.3333333333333333,15,15
EHF,0,2,0.12280701754385964,51,15
GPC3,0,2,0.08695652173913043,27,25
SMIM24,0,2,0.02564102564102564,27,15
RERGL,0,2,0.05263157894736842,27,15
SOX2,0,2,0.02564102564102564,27,15
ESR1,0,2,0.3333333333333333,15,15
STC1,0,2,0.08695652173913043,27,25
HEMGN,0,2,0.11538461538461539,15,16
BAMBI,0,2,0.12280701754385964,51,15
MEDAG,0,2,0.20588235294117646,27,16
HEPACAM2,0,2,0.20588235294117646,27,16
FCER1A,0,2,0.14285714285714285,27,15
PLIN4,0,2,0.2916666666666667,15,18
FXYD2,0,2,0.07407407407407407,15,16
SERPINB3,0,2,0.20588235294117646,27,16
PLAC9,0,2,0.05263157894736842,27,15
ALAS2,0,2,0.037037037037037035,15,15
EPCAM,0,2,0.20588235294117646,27,16
AHSP,0,2,0.0,15,15
SNCA,0,2,0.0,15,59
RND1,0,2,0.07407407407407407,15,16
ASCL3,0,2,0.14285714285714285,27,15
CLCA1,0,2,0.20588235294117646,27,16
CFAP53,0,2,0.14285714285714285,27,15
STC2,0,2,0.05714285714285714,51,25
ALDH1A3,0,2,0.08695652173913043,27,25
CFHR1,0,2,0.02702702702702703,15,25
TMEM100,0,2,0.05263157894736842,27,15
CD1A,0,2,0.11538461538461539,15,16
PPP1R1A,0,2,0.025,27,16
IL1RL1,0,2,0.21739130434782608,15,15
TSPAN19,0,2,0.11538461538461539,15,16
CYP1A1,0,2,0.14285714285714285,27,15
FGFBP2,0,2,0.20588235294117646,27,16
EGFR,0,2,0.08695652173913043,27,25
CYP2F1,0,2,0.14285714285714285,27,15
SNTN,0,2,0.20588235294117646,27,16
TIMP4,0,2,0.07407407407407407,15,16
GATA2,0,2,0.02702702702702703,15,25
HAMP,0,2,0.2727272727272727,15,15
PPP1R1B,0,2,0.07692307692307693,15,15
ADH1C,0,2,0.07407407407407407,15,16
CCDC39,0,2,0.11538461538461539,15,16
CFTR,0,2,0.03571428571428571,16,15
TMC5,0,2,0.11538461538461539,15,16
PGR,0,2,0.07692307692307693,15,15
AGER,0,2,0.11538461538461539,15,16
MAMDC2,0,2,0.03571428571428571,16,15
AR,0,2,0.025,27,16
C15orf48,0,2,0.037037037037037035,15,15
S100A1,0,2,0.07407407407407407,16,15
SOX18,0,2,0.08695652173913043,27,25
SNAI1,0,2,0.11538461538461539,15,16
CLIC6,0,2,0.03571428571428571,15,16
SLC26A3,0,2,0.15384615384615385,16,16
TM4SF4,0,2,0.15384615384615385,16,16
THBS2,0,2,0.0,15,15
AQP9,0,2,0.15384615384615385,16,16
SLC18A2,0,2,0.21739130434782608,15,15
ERBB2,0,2,0.02631578947368421,16,25
GPC1,0,2,0.03571428571428571,16,15
TAC1,0,2,0.0,15,15
FGFBP1,0,2,0.0,27,15
C6orf118,0,2,0.07407407407407407,16,15
APOA5,0,2,0.2727272727272727,15,15
DNAAF1,0,2,0.15384615384615385,16,16
ACE2,0,2,0.15384615384615385,16,16
CLCA2,0,2,0.21739130434782608,15,15
MCEMP1,0,2,0.2727272727272727,15,15
TBX3,0,2,0.02702702702702703,15,25
CYP2B6,0,2,0.07692307692307693,15,15
SCGN,0,2,0.07407407407407407,15,16
OPRPN,0,2,0.03571428571428571,15,16
CD300E,0,2,0.03571428571428571,16,15
CAPN8,0,2,0.07407407407407407,16,15
SCGB2A1,0,2,0.07692307692307693,15,15
GPRC5A,0,2,0.2727272727272727,15,15
CCDC78,0,2,0.0,16,15
CTSG,0,2,0.0,15,25
ADIPOQ,0,2,0.16666666666666666,15,15
C1orf194,0,2,0.07692307692307693,15,15
LILRA5,0,2,0.2727272727272727,15,15
HPGDS,0,2,0.21739130434782608,15,15
KCNK3,0,2,0.2727272727272727,15,15
LPL,0,2,0.06896551724137931,15,18
GYPB,0,2,0.12,15,15
GKN2,0,2,0.2727272727272727,15,15
C5orf46,0,2,0.12,15,15
SELE,0,2,0.2727272727272727,15,15
SERPINB2,0,2,0.2727272727272727,15,15
DIRAS3,0,2,0.2727272727272727,15,15
PRG4,0,2,0.21739130434782608,15,15
LGI4,0,2,0.0,15,15
COL17A1,0,2,0.12,15,15
SFTA2,0,2,0.12,15,15
HIGD1B,0,2,0.2727272727272727,15,15
DPEP1,0,2,0.16666666666666666,15,15
PCP4,0,2,0.16666666666666666,15,15
CSF3,0,2,0.2727272727272727,15,15
TREM2,0,2,0.2727272727272727,15,15
TMEM52B,0,2,0.12,15,15
AGR3,0,2,0.12,15,15
AQP8,0,2,0.12,15,15
ARFGEF3,0,2,0.02702702702702703,15,25
SNCG,0,2,0.0,15,25
SLC22A8,0,2,0.16666666666666666,15,15
PEBP4,0,2,0.16666666666666666,15,15
BBOX1,0,2,0.16666666666666666,15,15
CYP3A4,0,2,0.16666666666666666,15,15
FOXI1,0,2,0.16666666666666666,15,15
S100A12,0,2,0.0,15,15
HPX,0,2,0.21739130434782608,15,15
LGR5,0,2,0.2916666666666667,15,18
NAT8,0,2,0.21739130434782608,15,15
PCSK2,0,2,0.06896551724137931,15,18
ASCL1,0,2,0.2916666666666667,15,18
PVALB,0,2,0.21739130434782608,15,15
FCN2,0,2,0.16666666666666666,15,15
GCG,0,2,0.21739130434782608,15,15
CD70,0,2,0.06896551724137931,15,18
UMOD,0,2,0.21739130434782608,15,15
FOXJ1,0,2,0.2916666666666667,15,18
MLPH,0,2,0.2916666666666667,15,18
GLYATL1,0,2,0.2916666666666667,15,18
KRT20,0,2,0.2916666666666667,15,18
ADH4,0,2,0.24,15,18
CA4,0,2,0.22580645161290322,15,25
CDH16,0,2,0.2916666666666667,15,18
AQP2,0,2,0.24,15,18
DMBT1,0,2,0.24,15,18
CHGA,0,2,0.24,15,18
CCL27,0,2,0.24,15,18
KNG1,0,2,0.24,15,18
PPY,0,2,0.24,15,18
MLANA,0,2,0.22580645161290322,15,25
HMGCS2,0,2,0.22580645161290322,15,25
CRHBP,0,2,0.22580645161290322,15,25
TFF2,0,2,0.22580645161290322,15,25
GDF15,0,2,0.22580645161290322,15,25
PDCD1,0,2,0.625,16,25
SST,0,2,0.22580645161290322,15,25
INS,0,2,0.625,16,25
FOXA1,0,2,0.625,16,25
TMEM174,0,2,0.625,16,25
TCF15,0,2,0.22580645161290322,15,25
KLK11,0,2,0.625,16,25
SPDEF,0,2,0.625,16,25
ABCC11,0,2,0.625,16,25
HES4,0,2,0.625,16,25
C20orf85,0,2,0.625,16,25
TAT,0,2,0.625,16,25
MYBPC1,0,2,0.625,16,25
LY6D,0,2,0.625,16,25
UPK3B,0,2,0.625,16,25
GPX2,0,2,0.625,16,25
RETN,0,2,0.625,16,25
KRT7,0,2,0.625,16,25
MS4A1,0,3,0.3148148148148148,35,38
CXCR4,0,3,0.3148148148148148,35,38
TRAC,0,3,0.5333333333333333,26,45
PTPRC,0,3,0.5333333333333333,26,45
IL7R,0,3,0.5333333333333333,26,45
BANK1,0,3,0.3148148148148148,35,38
PTGDS,0,3,0.05,15,29
CD79A,0,3,0.3148148148148148,35,38
MPEG1,0,3,0.09333333333333334,46,38
CYTIP,0,3,0.5333333333333333,26,45
PECAM1,0,3,0.3484848484848485,51,40
SELL,0,3,0.2,35,45
IRF8,0,3,0.21428571428571427,15,38
CD3E,0,3,0.5333333333333333,26,45
BASP1,0,3,0.09333333333333334,46,38
TCL1A,0,3,0.21428571428571427,15,38
CCR7,0,3,0.5333333333333333,26,45
PCNA,0,3,0.2,35,45
AIF1,0,3,0.5208333333333334,46,29
CD3D,0,3,0.5333333333333333,26,45
FGL2,0,3,0.5208333333333334,46,29
CD4,0,3,0.5208333333333334,46,29
PLCG2,0,3,0.3148148148148148,35,38
MDM2,0,3,0.3148148148148148,35,38
CD2,0,3,0.5333333333333333,26,45
MKI67,0,3,0.2,35,45
SERPINB9,0,3,0.15873015873015872,51,24
MS4A6A,0,3,0.5208333333333334,46,29
CD19,0,3,0.3148148148148148,35,38
TENT5C,0,3,0.3148148148148148,35,38
CTLA4,0,3,0.5333333333333333,26,45
ACTG2,0,3,0.2,35,45
MZB1,0,3,0.3148148148148148,35,38
CD28,0,3,0.5333333333333333,26,45
GPR183,0,3,0.0,15,45
CD34,0,3,0.3484848484848485,51,40
KLRB1,0,3,0.5333333333333333,26,45
CD247,0,3,0.5333333333333333,26,45
MYC,0,3,0.0,51,38
CXCL2,0,3,0.10344827586206896,51,15
C1orf162,0,3,0.5208333333333334,46,29
CD83,0,3,0.21428571428571427,15,38
CD69,0,3,0.0,26,38
ADAM28,0,3,0.3148148148148148,35,38
CCL5,0,3,0.5333333333333333,26,45
BCL2L11,0,3,0.2,35,45
TFPI,0,3,0.10344827586206896,51,15
CXCL9,0,3,0.05,15,29
PRDM1,0,3,0.2,35,45
TNC,0,3,0.15873015873015872,51,24
LYVE1,0,3,0.10344827586206896,51,15
VWF,0,3,0.3484848484848485,51,40
IGSF6,0,3,0.5208333333333334,46,29
CD5L,0,3,0.5208333333333334,46,29
CD1C,0,3,0.09333333333333334,46,38
MEF2C,0,3,0.3148148148148148,35,38
MMRN1,0,3,0.3484848484848485,51,40
PLA2G7,0,3,0.5208333333333334,46,29
GNLY,0,3,0.5333333333333333,26,45
LAMP3,0,3,0.21428571428571427,15,38
TCF4,0,3,0.21428571428571427,15,38
GLIPR1,0,3,0.09333333333333334,46,38
CD27,0,3,0.2,35,45
CD163,0,3,0.5208333333333334,46,29
SLAMF7,0,3,0.3148148148148148,35,38
CD8A,0,3,0.5333333333333333,26,45
SPIB,0,3,0.21428571428571427,15,38
MYLK,0,3,0.34285714285714286,25,24
CDK1,0,3,0.2,35,45
ACTA2,0,3,0.34285714285714286,25,24
CAVIN2,0,3,0.3484848484848485,51,40
CAVIN1,0,3,0.3484848484848485,51,40
LY86,0,3,0.3148148148148148,35,38
KLRD1,0,3,0.5333333333333333,26,45
HLA-DQB2,0,3,0.09333333333333334,46,38
IL2RA,0,3,0.5333333333333333,26,45
CCL19,0,3,0.34285714285714286,25,24
TNFRSF9,0,3,0.010752688172043012,51,45
CLECL1,0,3,0.3148148148148148,35,38
FBN1,0,3,0.15873015873015872,51,24
KCNMA1,0,3,0.5208333333333334,46,29
TNFRSF13B,0,3,0.3148148148148148,35,38
TNFRSF17,0,3,0.3148148148148148,35,38
MS4A4A,0,3,0.5208333333333334,46,29
GZMK,0,3,0.5333333333333333,26,45
APOLD1,0,3,0.3484848484848485,51,40
TOP2A,0,3,0.2,35,45
CD68,0,3,0.5208333333333334,46,29
CXCL10,0,3,0.05,15,29
CLEC10A,0,3,0.5208333333333334,46,29
DUSP2,0,3,0.5333333333333333,26,45
MTRNR2L11,0,3,0.2,35,45
DNASE1L3,0,3,0.5208333333333334,46,29
IL3RA,0,3,0.21428571428571427,15,38
RTKN2,0,3,0.5333333333333333,26,45
LILRA4,0,3,0.21428571428571427,15,38
CTSK,0,3,0.34285714285714286,25,24
C7,0,3,0.34285714285714286,25,24
ADGRL4,0,3,0.3484848484848485,51,40
SLAMF1,0,3,0.2,35,45
PDGFRB,0,3,0.34285714285714286,25,24
DST,0,3,0.5208333333333334,46,29
MMRN2,0,3,0.3484848484848485,51,40
SFRP4,0,3,0.16666666666666666,15,15
CD93,0,3,0.3484848484848485,51,40
FKBP11,0,3,0.3148148148148148,35,38
CSF2RA,0,3,0.5208333333333334,46,29
GZMA,0,3,0.5333333333333333,26,45
MNDA,0,3,0.5208333333333334,46,29
PROX1,0,3,0.10344827586206896,51,15
SH2D3C,0,3,0.010752688172043012,51,45
HAVCR2,0,3,0.5208333333333334,46,29
PLD4,0,3,0.21428571428571427,15,38
MYH11,0,3,0.11538461538461539,16,15
ADAMTS1,0,3,0.34285714285714286,25,24
CCR2,0,3,0.3148148148148148,35,38
GNG11,0,3,0.3484848484848485,51,40
CD86,0,3,0.09333333333333334,46,38
FOXP3,0,3,0.5333333333333333,26,45
MARCO,0,3,0.0,51,15
CENPF,0,3,0.2,35,45
GZMB,0,3,0.21428571428571427,15,38
FCGR3A,0,3,0.09333333333333334,46,38
PRF1,0,3,0.5333333333333333,26,45
LILRB2,0,3,0.5208333333333334,46,29
THY1,0,3,0.15873015873015872,51,24
FAS,0,3,0.11764705882352941,25,15
EDNRB,0,3,0.15873015873015872,51,24
DPT,0,3,0.34285714285714286,25,24
CD14,0,3,0.5208333333333334,46,29
TCIM,0,3,0.11764705882352941,25,15
KLRC1,0,3,0.5333333333333333,26,45
COCH,0,3,0.11764705882352941,25,15
LTBP2,0,3,0.15873015873015872,51,24
AMY2A,0,3,0.06,15,40
FBLN1,0,3,0.0,25,15
SMYD2,0,3,0.05,25,40
MRC1,0,3,0.5208333333333334,46,29
CCNB2,0,3,0.2,35,45
ACKR1,0,3,0.15873015873015872,51,24
ECSCR,0,3,0.3484848484848485,51,40
EGFL7,0,3,0.3484848484848485,51,40
NKG7,0,3,0.5333333333333333,26,45
PMP22,0,3,0.15873015873015872,51,24
IGF1,0,3,0.5208333333333334,46,29
UBE2C,0,3,0.2,35,45
RBP5,0,3,0.15873015873015872,51,24
PDGFRA,0,3,0.34285714285714286,25,24
BTNL9,0,3,0.3484848484848485,51,40
SLC26A2,0,3,0.06,15,40
CLEC14A,0,3,0.3484848484848485,51,40
PPARG,0,3,0.06329113924050633,46,40
THAP2,0,3,0.12,15,15
MCF2L,0,3,0.3484848484848485,51,40
INMT,0,3,0.05,25,40
CD1E,0,3,0.5208333333333334,46,29
TM4SF18,0,3,0.3484848484848485,51,40
EDN1,0,3,0.10344827586206896,51,15
NPDC1,0,3,0.3484848484848485,51,40
FHL2,0,3,0.11764705882352941,25,15
RGS16,0,3,0.10344827586206896,51,15
FCN1,0,3,0.06329113924050633,46,40
RAMP2,0,3,0.3484848484848485,51,40
RAPGEF3,0,3,0.3484848484848485,51,40
MEST,0,3,0.05,25,40
KIT,0,3,0.037037037037037035,15,15
GEM,0,3,0.34285714285714286,25,24
VCAN,0,3,0.017241379310344827,46,15
SPI1,0,3,0.5208333333333334,46,29
FCGR1A,0,3,0.09333333333333334,46,38
DES,0,3,0.07692307692307693,15,15
STEAP4,0,3,0.05,25,40
ERG,0,3,0.3484848484848485,51,40
PCOLCE,0,3,0.34285714285714286,25,24
VWA5A,0,3,0.0,15,15
COL5A2,0,3,0.34285714285714286,25,24
PTN,0,3,0.0,25,15
CFB,0,3,0.15873015873015872,51,24
MET,0,3,0.3484848484848485,51,40
CAV1,0,3,0.3484848484848485,51,40
GATM,0,3,0.0,46,15
OGN,0,3,0.06,15,40
PDPN,0,3,0.15873015873015872,51,24
MFAP5,0,3,0.1111111111111111,27,15
MALL,0,3,0.3484848484848485,51,40
CLEC4E,0,3,0.06329113924050633,46,40
RIDA,0,3,0.03571428571428571,15,45
CRISPLD2,0,3,0.34285714285714286,25,24
ELF5,0,3,0.037037037037037035,15,15
GHRL,0,3,0.5208333333333334,46,29
SEMA3C,0,3,0.06329113924050633,46,40
CPA3,0,3,0.16666666666666666,15,15
SRPX,0,3,0.11764705882352941,25,15
VSIG4,0,3,0.0,46,15
NTN4,0,3,0.015873015873015872,51,15
FSTL3,0,3,0.017241379310344827,46,15
ANPEP,0,3,0.017241379310344827,46,15
CFHR3,0,3,0.0,25,15
GYPA,0,3,0.12,15,15
APOBEC3A,0,3,0.013888888888888888,35,40
AQP3,0,3,0.013888888888888888,35,40
ANGPT2,0,3,0.10344827586206896,51,15
APCDD1,0,3,0.12,15,15
SLC4A1,0,3,0.12,15,15
SFRP2,0,3,0.2727272727272727,15,15
DERL3,0,3,0.0,35,15
CD274,0,3,0.06329113924050633,46,40
CXCL6,0,3,0.037037037037037035,15,15
IL1R2,0,3,0.06329113924050633,46,40
CYP4B1,0,3,0.0,27,15
SOX17,0,3,0.12,15,15
LIF,0,3,0.037037037037037035,15,15
ASPN,0,3,0.017241379310344827,46,15
LILRB4,0,3,0.5208333333333334,46,29
CNN1,0,3,0.0,16,15
MS4A2,0,3,0.16666666666666666,15,15
BMX,0,3,0.015873015873015872,51,15
ADGRE1,0,3,0.0,15,15
LAG3,0,3,0.03571428571428571,15,45
CYP2A7,0,3,0.12,15,15
EHF,0,3,0.015873015873015872,51,15
GPC3,0,3,0.1111111111111111,27,15
SMIM24,0,3,0.14285714285714285,27,15
RERGL,0,3,0.1111111111111111,27,15
SOX2,0,3,0.14285714285714285,27,15
ESR1,0,3,0.06,15,40
STC1,0,3,0.14285714285714285,27,15
HEMGN,0,3,0.16666666666666666,15,15
BAMBI,0,3,0.015873015873015872,51,15
MEDAG,0,3,0.0,27,15
HEPACAM2,0,3,0.14285714285714285,27,15
FCER1A,0,3,0.08108108108108109,27,15
PLIN4,0,3,0.07692307692307693,15,15
FXYD2,0,3,0.03571428571428571,15,45
SERPINB3,0,3,0.1111111111111111,27,15
PLAC9,0,3,0.02564102564102564,27,15
ALAS2,0,3,0.07692307692307693,15,15
EPCAM,0,3,0.14285714285714285,27,15
AHSP,0,3,0.0,15,15
SNCA,0,3,0.16666666666666666,15,15
RND1,0,3,0.0,15,15
ASCL3,0,3,0.14285714285714285,27,15
CLCA1,0,3,0.14285714285714285,27,15
CFAP53,0,3,0.02564102564102564,27,15
STC2,0,3,0.0,51,15
ALDH1A3,0,3,0.14285714285714285,27,15
CFHR1,0,3,0.0,15,15
TMEM100,0,3,0.08108108108108109,27,15
CD1A,0,3,0.16666666666666666,15,15
PPP1R1A,0,3,0.14285714285714285,27,15
IL1RL1,0,3,0.0,15,15
TSPAN19,0,3,0.12,15,15
CYP1A1,0,3,0.14285714285714285,27,15
FGFBP2,0,3,0.08108108108108109,27,15
EGFR,0,3,0.1111111111111111,27,15
CYP2F1,0,3,0.14285714285714285,27,15
SNTN,0,3,0.14285714285714285,27,15
TIMP4,0,3,0.037037037037037035,15,15
GATA2,0,3,0.0,15,15
HAMP,0,3,0.16666666666666666,15,15
PPP1R1B,0,3,0.0,15,15
ADH1C,0,3,0.0,15,15
CCDC39,0,3,0.16666666666666666,15,15
CFTR,0,3,0.0,16,15
TMC5,0,3,0.12,15,15
PGR,0,3,0.07692307692307693,15,15
AGER,0,3,0.0,15,15
MAMDC2,0,3,0.03571428571428571,16,15
AR,0,3,0.08108108108108109,27,15
C15orf48,0,3,0.07692307692307693,15,15
S100A1,0,3,0.03571428571428571,16,15
SOX18,0,3,0.02564102564102564,27,15
SNAI1,0,3,0.16666666666666666,15,15
CLIC6,0,3,0.0,15,15
SLC26A3,0,3,0.03571428571428571,16,15
TM4SF4,0,3,0.03571428571428571,16,15
THBS2,0,3,0.0,15,15
AQP9,0,3,0.0,16,15
SLC18A2,0,3,0.037037037037037035,15,15
ERBB2,0,3,0.11538461538461539,16,15
GPC1,0,3,0.07407407407407407,16,15
TAC1,0,3,0.16666666666666666,15,15
FGFBP1,0,3,0.02564102564102564,27,15
C6orf118,0,3,0.03571428571428571,16,15
APOA5,0,3,0.16666666666666666,15,15
DNAAF1,0,3,0.03571428571428571,16,15
ACE2,0,3,0.07407407407407407,16,15
CLCA2,0,3,0.16666666666666666,15,15
MCEMP1,0,3,0.07692307692307693,15,15
TBX3,0,3,0.07692307692307693,15,15
CYP2B6,0,3,0.16666666666666666,15,15
SCGN,0,3,0.16666666666666666,15,15
OPRPN,0,3,0.07692307692307693,15,15
CD300E,0,3,0.11538461538461539,16,15
CAPN8,0,3,0.07407407407407407,16,15
SCGB2A1,0,3,0.07692307692307693,15,15
GPRC5A,0,3,0.16666666666666666,15,15
CCDC78,0,3,0.11538461538461539,16,15
CTSG,0,3,0.0,15,21
ADIPOQ,0,3,0.16666666666666666,15,15
C1orf194,0,3,0.07692307692307693,15,15
LILRA5,0,3,0.07692307692307693,15,15
HPGDS,0,3,0.0,15,15
KCNK3,0,3,0.16666666666666666,15,15
LPL,0,3,0.12,15,15
GYPB,0,3,0.2727272727272727,15,15
GKN2,0,3,0.0,15,15
C5orf46,0,3,0.2727272727272727,15,15
SELE,0,3,0.2727272727272727,15,15
SERPINB2,0,3,0.07692307692307693,15,15
DIRAS3,0,3,0.07692307692307693,15,15
PRG4,0,3,0.037037037037037035,15,15
LGI4,0,3,0.16666666666666666,15,15
COL17A1,0,3,0.07692307692307693,15,15
SFTA2,0,3,0.2727272727272727,15,15
HIGD1B,0,3,0.16666666666666666,15,15
DPEP1,0,3,0.07692307692307693,15,15
PCP4,0,3,0.07692307692307693,15,15
CSF3,0,3,0.2727272727272727,15,15
TREM2,0,3,0.16666666666666666,15,15
TMEM52B,0,3,0.2727272727272727,15,15
AGR3,0,3,0.16666666666666666,15,15
AQP8,0,3,0.16666666666666666,15,15
ARFGEF3,0,3,0.0,15,15
SNCG,0,3,0.037037037037037035,15,15
SLC22A8,0,3,0.16666666666666666,15,15
PEBP4,0,3,0.0,15,15
BBOX1,0,3,0.12,15,15
CYP3A4,0,3,0.16666666666666666,15,15
FOXI1,0,3,0.16666666666666666,15,15
S100A12,0,3,0.3333333333333333,15,15
HPX,0,3,0.3333333333333333,15,15
LGR5,0,3,0.3333333333333333,15,15
NAT8,0,3,0.037037037037037035,15,15
PCSK2,0,3,0.12,15,15
ASCL1,0,3,0.3333333333333333,15,15
PVALB,0,3,0.3333333333333333,15,15
FCN2,0,3,0.037037037037037035,15,15
GCG,0,3,0.037037037037037035,15,15
CD70,0,3,0.12,15,15
UMOD,0,3,0.07692307692307693,15,15
FOXJ1,0,3,0.037037037037037035,15,15
MLPH,0,3,0.07692307692307693,15,15
GLYATL1,0,3,0.3333333333333333,15,15
KRT20,0,3,0.3333333333333333,15,15
ADH4,0,3,0.037037037037037035,15,15
CA4,0,3,0.13333333333333333,15,21
CDH16,0,3,0.3333333333333333,15,15
AQP2,0,3,0.037037037037037035,15,15
DMBT1,0,3,0.3333333333333333,15,15
CHGA,0,3,0.3333333333333333,15,15
CCL27,0,3,0.3333333333333333,15,15
KNG1,0,3,0.3333333333333333,15,15
PPY,0,3,0.3333333333333333,15,15
MLANA,0,3,0.3333333333333333,15,15
HMGCS2,0,3,0.3333333333333333,15,15
CRHBP,0,3,0.13333333333333333,15,21
TFF2,0,3,0.3333333333333333,15,15
GDF15,0,3,0.13333333333333333,15,21
PDCD1,0,3,0.0,16,15
SST,0,3,0.13333333333333333,15,21
INS,0,3,0.6666666666666666,16,21
FOXA1,0,3,0.6666666666666666,16,21
TMEM174,0,3,0.6666666666666666,16,21
TCF15,0,3,0.13333333333333333,15,21
KLK11,0,3,0.6666666666666666,16,21
SPDEF,0,3,0.6666666666666666,16,21
ABCC11,0,3,0.6666666666666666,16,21
HES4,0,3,0.6666666666666666,16,21
C20orf85,0,3,0.6666666666666666,16,21
TAT,0,3,0.6666666666666666,16,21
MYBPC1,0,3,0.6666666666666666,16,21
LY6D,0,3,0.6666666666666666,16,21
UPK3B,0,3,0.6666666666666666,16,21
GPX2,0,3,0.6666666666666666,16,21
RETN,0,3,0.6666666666666666,16,21
KRT7,0,3,0.6666666666666666,16,21
MS4A1,0,4,0.23076923076923078,35,15
CXCR4,0,4,0.09090909090909091,35,39
TRAC,0,4,0.3404255319148936,26,39
PTPRC,0,4,0.3404255319148936,26,39
IL7R,0,4,0.3404255319148936,26,39
BANK1,0,4,0.23076923076923078,35,15
PTGDS,0,4,0.037037037037037035,15,15
CD79A,0,4,0.23076923076923078,35,15
MPEG1,0,4,0.2553191489361702,46,15
CYTIP,0,4,0.3404255319148936,26,39
PECAM1,0,4,0.023255813953488372,51,39
SELL,0,4,0.09090909090909091,35,39
IRF8,0,4,0.037037037037037035,15,15
CD3E,0,4,0.3404255319148936,26,39
BASP1,0,4,0.0,46,16
TCL1A,0,4,0.0,15,16
CCR7,0,4,0.3404255319148936,26,39
PCNA,0,4,0.3611111111111111,35,16
AIF1,0,4,0.2553191489361702,46,15
CD3D,0,4,0.3404255319148936,26,39
FGL2,0,4,0.2553191489361702,46,15
CD4,0,4,0.05063291139240506,46,39
PLCG2,0,4,0.23076923076923078,35,15
MDM2,0,4,0.3611111111111111,35,16
CD2,0,4,0.3404255319148936,26,39
MKI67,0,4,0.3611111111111111,35,16
SERPINB9,0,4,0.1206896551724138,51,16
MS4A6A,0,4,0.2553191489361702,46,15
CD19,0,4,0.23076923076923078,35,15
TENT5C,0,4,0.3611111111111111,35,16
CTLA4,0,4,0.3404255319148936,26,39
ACTG2,0,4,0.3611111111111111,35,16
MZB1,0,4,0.3611111111111111,35,16
CD28,0,4,0.3404255319148936,26,39
GPR183,0,4,0.04,15,39
CD34,0,4,0.07575757575757576,51,22
KLRB1,0,4,0.3404255319148936,26,39
CD247,0,4,0.3404255319148936,26,39
MYC,0,4,0.023255813953488372,51,39
CXCL2,0,4,0.0,51,15
C1orf162,0,4,0.05063291139240506,46,39
CD83,0,4,0.04,15,39
CD69,0,4,0.3404255319148936,26,39
ADAM28,0,4,0.23076923076923078,35,15
CCL5,0,4,0.25806451612903225,26,15
BCL2L11,0,4,0.09090909090909091,35,39
TFPI,0,4,0.07575757575757576,51,22
CXCL9,0,4,0.06060606060606061,15,22
PRDM1,0,4,0.09090909090909091,35,39
TNC,0,4,0.06666666666666667,51,15
LYVE1,0,4,0.015873015873015872,51,15
VWF,0,4,0.03225806451612903,51,15
IGSF6,0,4,0.2553191489361702,46,15
CD5L,0,4,0.03508771929824561,46,15
CD1C,0,4,0.017241379310344827,46,15
MEF2C,0,4,0.23076923076923078,35,15
MMRN1,0,4,0.07575757575757576,51,22
PLA2G7,0,4,0.2553191489361702,46,15
GNLY,0,4,0.25806451612903225,26,15
LAMP3,0,4,0.06060606060606061,15,22
TCF4,0,4,0.037037037037037035,15,15
GLIPR1,0,4,0.05063291139240506,46,39
CD27,0,4,0.09090909090909091,35,39
CD163,0,4,0.0,46,15
SLAMF7,0,4,0.3611111111111111,35,16
CD8A,0,4,0.25806451612903225,26,15
SPIB,0,4,0.04,15,39
MYLK,0,4,0.11764705882352941,25,15
CDK1,0,4,0.3611111111111111,35,16
ACTA2,0,4,0.05555555555555555,25,15
CAVIN2,0,4,0.0,51,15
CAVIN1,0,4,0.06666666666666667,51,15
LY86,0,4,0.23076923076923078,35,15
KLRD1,0,4,0.25806451612903225,26,15
HLA-DQB2,0,4,0.05063291139240506,46,39
IL2RA,0,4,0.3404255319148936,26,39
CCL19,0,4,0.11764705882352941,25,15
TNFRSF9,0,4,0.1206896551724138,51,16
CLECL1,0,4,0.23076923076923078,35,15
FBN1,0,4,0.1206896551724138,51,16
KCNMA1,0,4,0.2553191489361702,46,15
TNFRSF13B,0,4,0.23076923076923078,35,15
TNFRSF17,0,4,0.3611111111111111,35,16
MS4A4A,0,4,0.2553191489361702,46,15
GZMK,0,4,0.25806451612903225,26,15
APOLD1,0,4,0.06666666666666667,51,15
TOP2A,0,4,0.3611111111111111,35,16
CD68,0,4,0.2553191489361702,46,15
CXCL10,0,4,0.037037037037037035,15,15
CLEC10A,0,4,0.03508771929824561,46,15
DUSP2,0,4,0.3404255319148936,26,39
MTRNR2L11,0,4,0.09090909090909091,35,39
DNASE1L3,0,4,0.047619047619047616,46,22
IL3RA,0,4,0.037037037037037035,15,15
RTKN2,0,4,0.3404255319148936,26,39
LILRA4,0,4,0.06060606060606061,15,22
CTSK,0,4,0.01639344262295082,25,39
C7,0,4,0.05555555555555555,25,15
ADGRL4,0,4,0.1206896551724138,51,16
SLAMF1,0,4,0.09090909090909091,35,39
PDGFRB,0,4,0.11764705882352941,25,15
DST,0,4,0.05263157894736842,46,16
MMRN2,0,4,0.1206896551724138,51,16
SFRP4,0,4,0.12,15,15
CD93,0,4,0.03225806451612903,51,15
FKBP11,0,4,0.3611111111111111,35,16
CSF2RA,0,4,0.2553191489361702,46,15
GZMA,0,4,0.25806451612903225,26,15
MNDA,0,4,0.017241379310344827,46,15
PROX1,0,4,0.08196721311475409,51,17
SH2D3C,0,4,0.023255813953488372,51,39
HAVCR2,0,4,0.2553191489361702,46,15
PLD4,0,4,0.037037037037037035,15,15
MYH11,0,4,0.11538461538461539,16,15
ADAMTS1,0,4,0.02702702702702703,25,15
CCR2,0,4,0.0,35,15
GNG11,0,4,0.07575757575757576,51,22
CD86,0,4,0.05063291139240506,46,39
FOXP3,0,4,0.3404255319148936,26,39
MARCO,0,4,0.015873015873015872,51,15
CENPF,0,4,0.3611111111111111,35,16
GZMB,0,4,0.0,15,15
FCGR3A,0,4,0.047619047619047616,46,22
PRF1,0,4,0.25806451612903225,26,15
LILRB2,0,4,0.2553191489361702,46,15
THY1,0,4,0.06666666666666667,51,15
FAS,0,4,0.05405405405405406,25,16
EDNRB,0,4,0.06666666666666667,51,15
DPT,0,4,0.022727272727272728,25,22
CD14,0,4,0.017241379310344827,46,15
TCIM,0,4,0.05405405405405406,25,16
KLRC1,0,4,0.25806451612903225,26,15
COCH,0,4,0.022727272727272728,25,22
LTBP2,0,4,0.1206896551724138,51,16
AMY2A,0,4,0.0196078431372549,15,39
FBLN1,0,4,0.0,25,15
SMYD2,0,4,0.01639344262295082,25,39
MRC1,0,4,0.0,46,15
CCNB2,0,4,0.3611111111111111,35,16
ACKR1,0,4,0.06666666666666667,51,15
ECSCR,0,4,0.08196721311475409,51,17
EGFL7,0,4,0.015873015873015872,51,15
NKG7,0,4,0.25806451612903225,26,15
PMP22,0,4,0.07575757575757576,51,22
IGF1,0,4,0.2553191489361702,46,15
UBE2C,0,4,0.3611111111111111,35,16
RBP5,0,4,0.1206896551724138,51,16
PDGFRA,0,4,0.05555555555555555,25,15
BTNL9,0,4,0.06666666666666667,51,15
SLC26A2,0,4,0.0196078431372549,15,39
CLEC14A,0,4,0.015873015873015872,51,15
PPARG,0,4,0.05263157894736842,46,16
THAP2,0,4,0.0,15,15
MCF2L,0,4,0.06666666666666667,51,15
INMT,0,4,0.05555555555555555,25,15
CD1E,0,4,0.047619047619047616,46,22
TM4SF18,0,4,0.08196721311475409,51,17
EDN1,0,4,0.015873015873015872,51,15
NPDC1,0,4,0.015873015873015872,51,15
FHL2,0,4,0.05555555555555555,25,15
RGS16,0,4,0.06666666666666667,51,15
FCN1,0,4,0.03508771929824561,46,15
RAMP2,0,4,0.06666666666666667,51,15
RAPGEF3,0,4,0.08196721311475409,51,17
MEST,0,4,0.11764705882352941,25,15
KIT,0,4,0.07692307692307693,15,15
GEM,0,4,0.05405405405405406,25,16
VCAN,0,4,0.017241379310344827,46,15
SPI1,0,4,0.017241379310344827,46,15
FCGR1A,0,4,0.05263157894736842,46,16
DES,0,4,0.0,15,15
STEAP4,0,4,0.02702702702702703,25,15
ERG,0,4,0.03225806451612903,51,15
PCOLCE,0,4,0.11764705882352941,25,15
VWA5A,0,4,0.0,15,22
COL5A2,0,4,0.05555555555555555,25,15
PTN,0,4,0.0,25,15
CFB,0,4,0.07575757575757576,51,22
MET,0,4,0.06666666666666667,51,15
CAV1,0,4,0.0,51,15
GATM,0,4,0.05263157894736842,46,16
OGN,0,4,0.06060606060606061,15,22
PDPN,0,4,0.1206896551724138,51,16
MFAP5,0,4,0.05263157894736842,27,15
MALL,0,4,0.06666666666666667,51,15
CLEC4E,0,4,0.05172413793103448,46,17
RIDA,0,4,0.037037037037037035,15,15
CRISPLD2,0,4,0.02702702702702703,25,15
ELF5,0,4,0.037037037037037035,15,15
GHRL,0,4,0.0,46,15
SEMA3C,0,4,0.05172413793103448,46,17
CPA3,0,4,0.07692307692307693,15,15
SRPX,0,4,0.02702702702702703,25,15
VSIG4,0,4,0.0,46,15
NTN4,0,4,0.08196721311475409,51,17
FSTL3,0,4,0.047619047619047616,46,22
ANPEP,0,4,0.0,46,15
CFHR3,0,4,0.0,25,17
GYPA,0,4,0.0,15,22
APOBEC3A,0,4,0.018518518518518517,35,22
AQP3,0,4,0.0,35,15
ANGPT2,0,4,0.06666666666666667,51,15
APCDD1,0,4,0.06060606060606061,15,22
SLC4A1,0,4,0.21739130434782608,15,15
SFRP2,0,4,0.12,15,15
DERL3,0,4,0.018518518518518517,35,22
CD274,0,4,0.05172413793103448,46,17
CXCL6,0,4,0.06060606060606061,15,22
IL1R2,0,4,0.017241379310344827,46,15
CYP4B1,0,4,0.0,27,16
SOX17,0,4,0.0,15,15
LIF,0,4,0.07692307692307693,15,15
ASPN,0,4,0.05172413793103448,46,17
LILRB4,0,4,0.0,46,15
CNN1,0,4,0.0,16,15
MS4A2,0,4,0.0,15,15
BMX,0,4,0.06666666666666667,51,15
ADGRE1,0,4,0.0,15,17
LAG3,0,4,0.0,15,15
CYP2A7,0,4,0.037037037037037035,15,15
EHF,0,4,0.08196721311475409,51,17
GPC3,0,4,0.05263157894736842,27,15
SMIM24,0,4,0.08108108108108109,27,15
RERGL,0,4,0.02564102564102564,27,15
SOX2,0,4,0.08108108108108109,27,15
ESR1,0,4,0.037037037037037035,15,15
STC1,0,4,0.05263157894736842,27,15
HEMGN,0,4,0.21739130434782608,15,15
BAMBI,0,4,0.06666666666666667,51,15
MEDAG,0,4,0.05263157894736842,27,15
HEPACAM2,0,4,0.08108108108108109,27,15
FCER1A,0,4,0.0,27,15
PLIN4,0,4,0.037037037037037035,15,15
FXYD2,0,4,0.0,15,15
SERPINB3,0,4,0.02564102564102564,27,15
PLAC9,0,4,0.05263157894736842,27,15
ALAS2,0,4,0.037037037037037035,15,15
EPCAM,0,4,0.08108108108108109,27,15
AHSP,0,4,0.0,15,15
SNCA,0,4,0.037037037037037035,15,15
RND1,0,4,0.0,15,15
ASCL3,0,4,0.07692307692307693,27,17
CLCA1,0,4,0.07692307692307693,27,17
CFAP53,0,4,0.07692307692307693,27,17
STC2,0,4,0.0,51,15
ALDH1A3,0,4,0.05263157894736842,27,15
CFHR1,0,4,0.0,15,15
TMEM100,0,4,0.05263157894736842,27,15
CD1A,0,4,0.0,15,17
PPP1R1A,0,4,0.05263157894736842,27,15
IL1RL1,0,4,0.07692307692307693,15,15
TSPAN19,0,4,0.21739130434782608,15,15
CYP1A1,0,4,0.07692307692307693,27,17
FGFBP2,0,4,0.05263157894736842,27,15
EGFR,0,4,0.05263157894736842,27,15
CYP2F1,0,4,0.05263157894736842,27,15
SNTN,0,4,0.05263157894736842,27,15
TIMP4,0,4,0.0,15,15
GATA2,0,4,0.07692307692307693,15,15
HAMP,0,4,0.12,15,15
PPP1R1B,0,4,0.21739130434782608,15,15
ADH1C,0,4,0.07692307692307693,15,15
CCDC39,0,4,0.037037037037037035,15,15
CFTR,0,4,0.03571428571428571,16,15
TMC5,0,4,0.21739130434782608,15,15
PGR,0,4,0.037037037037037035,15,15
AGER,0,4,0.21739130434782608,15,15
MAMDC2,0,4,0.0,16,15
AR,0,4,0.02564102564102564,27,15
C15orf48,0,4,0.037037037037037035,15,15
S100A1,0,4,0.03571428571428571,16,15
SOX18,0,4,0.02564102564102564,27,15
SNAI1,0,4,0.037037037037037035,15,15
CLIC6,0,4,0.07692307692307693,15,15
SLC26A3,0,4,0.20833333333333334,16,15
TM4SF4,0,4,0.11538461538461539,16,15
THBS2,0,4,0.037037037037037035,15,15
AQP9,0,4,0.20833333333333334,16,15
SLC18A2,0,4,0.07692307692307693,15,15
ERBB2,0,4,0.11538461538461539,16,15
GPC1,0,4,0.20833333333333334,16,15
TAC1,0,4,0.037037037037037035,15,15
FGFBP1,0,4,0.0,27,15
C6orf118,0,4,0.20833333333333334,16,15
APOA5,0,4,0.0,15,15
DNAAF1,0,4,0.0,16,15
ACE2,0,4,0.11538461538461539,16,15
CLCA2,0,4,0.037037037037037035,15,15
MCEMP1,0,4,0.07692307692307693,15,15
TBX3,0,4,0.037037037037037035,15,15
CYP2B6,0,4,0.07692307692307693,15,15
SCGN,0,4,0.07692307692307693,15,15
OPRPN,0,4,0.12,15,15
CD300E,0,4,0.0,16,15
CAPN8,0,4,0.20833333333333334,16,15
SCGB2A1,0,4,0.07692307692307693,15,15
GPRC5A,0,4,0.07692307692307693,15,15
CCDC78,0,4,0.20833333333333334,16,15
CTSG,0,4,0.0,15,27
ADIPOQ,0,4,0.21739130434782608,15,15
C1orf194,0,4,0.12,15,15
LILRA5,0,4,0.07692307692307693,15,15
HPGDS,0,4,0.07692307692307693,15,15
KCNK3,0,4,0.0,15,15
LPL,0,4,0.07692307692307693,15,15
GYPB,0,4,0.0,15,15
GKN2,0,4,0.12,15,15
C5orf46,0,4,0.12,15,15
SELE,0,4,0.12,15,15
SERPINB2,0,4,0.12,15,15
DIRAS3,0,4,0.12,15,15
PRG4,0,4,0.0,15,15
LGI4,0,4,0.21739130434782608,15,15
COL17A1,0,4,0.12,15,15
SFTA2,0,4,0.12,15,15
HIGD1B,0,4,0.037037037037037035,15,15
DPEP1,0,4,0.21739130434782608,15,15
PCP4,0,4,0.21739130434782608,15,15
CSF3,0,4,0.037037037037037035,15,15
TREM2,0,4,0.12,15,15
TMEM52B,0,4,0.12,15,15
AGR3,0,4,0.12,15,15
AQP8,0,4,0.12,15,15
ARFGEF3,0,4,0.0,15,27
SNCG,0,4,0.0,15,27
SLC22A8,0,4,0.0,15,15
PEBP4,0,4,0.037037037037037035,15,15
BBOX1,0,4,0.037037037037037035,15,15
CYP3A4,0,4,0.21739130434782608,15,15
FOXI1,0,4,0.21739130434782608,15,15
S100A12,0,4,0.2727272727272727,15,15
HPX,0,4,0.2727272727272727,15,15
LGR5,0,4,0.2727272727272727,15,15
NAT8,0,4,0.12,15,15
PCSK2,0,4,0.0,15,15
ASCL1,0,4,0.12,15,15
PVALB,0,4,0.2727272727272727,15,15
FCN2,0,4,0.07692307692307693,15,15
GCG,0,4,0.2727272727272727,15,15
CD70,0,4,0.07692307692307693,15,15
UMOD,0,4,0.037037037037037035,15,15
FOXJ1,0,4,0.12,15,15
MLPH,0,4,0.2727272727272727,15,15
GLYATL1,0,4,0.2727272727272727,15,15
KRT20,0,4,0.12,15,15
ADH4,0,4,0.3333333333333333,15,15
CA4,0,4,0.17647058823529413,15,27
CDH16,0,4,0.0,15,27
AQP2,0,4,0.3333333333333333,15,15
DMBT1,0,4,0.17647058823529413,15,27
CHGA,0,4,0.3333333333333333,15,15
CCL27,0,4,0.3333333333333333,15,15
KNG1,0,4,0.3333333333333333,15,15
PPY,0,4,0.17647058823529413,15,27
MLANA,0,4,0.3333333333333333,15,15
HMGCS2,0,4,0.3333333333333333,15,15
CRHBP,0,4,0.17647058823529413,15,27
TFF2,0,4,0.3333333333333333,15,15
GDF15,0,4,0.17647058823529413,15,27
PDCD1,0,4,0.5769230769230769,16,27
SST,0,4,0.17647058823529413,15,27
INS,0,4,0.5769230769230769,16,27
FOXA1,0,4,0.5769230769230769,16,27
TMEM174,0,4,0.5769230769230769,16,27
TCF15,0,4,0.17647058823529413,15,27
KLK11,0,4,0.5769230769230769,16,27
SPDEF,0,4,0.5769230769230769,16,27
ABCC11,0,4,0.5769230769230769,16,27
HES4,0,4,0.5769230769230769,16,27
C20orf85,0,4,0.5769230769230769,16,27
TAT,0,4,0.5769230769230769,16,27
MYBPC1,0,4,0.5769230769230769,16,27
LY6D,0,4,0.5769230769230769,16,27
UPK3B,0,4,0.5769230769230769,16,27
GPX2,0,4,0.5769230769230769,16,27
RETN,0,4,0.5769230769230769,16,27
KRT7,0,4,0.5769230769230769,16,27
MS4A1,0,5,0.5098039215686274,35,44
CXCR4,0,5,0.08163265306122448,35,20
TRAC,0,5,0.3,26,15
PTPRC,0,5,0.030303030303030304,26,44
IL7R,0,5,0.3,26,15
BANK1,0,5,0.08163265306122448,35,20
PTGDS,0,5,0.02040816326530612,15,37
CD79A,0,5,0.5098039215686274,35,44
MPEG1,0,5,0.04918032786885246,46,20
CYTIP,0,5,0.3,26,15
PECAM1,0,5,0.3090909090909091,51,23
SELL,0,5,0.5098039215686274,35,44
IRF8,0,5,0.07547169811320754,15,44
CD3E,0,5,0.3,26,15
BASP1,0,5,0.03529411764705882,46,44
TCL1A,0,5,0.07547169811320754,15,44
CCR7,0,5,0.03389830508474576,26,37
PCNA,0,5,0.5098039215686274,35,44
AIF1,0,5,0.35,46,37
CD3D,0,5,0.3,26,15
FGL2,0,5,0.05357142857142857,46,15
CD4,0,5,0.35,46,37
PLCG2,0,5,0.5098039215686274,35,44
MDM2,0,5,0.5098039215686274,35,44
CD2,0,5,0.3,26,15
MKI67,0,5,0.5098039215686274,35,44
SERPINB9,0,5,0.02197802197802198,51,44
MS4A6A,0,5,0.35,46,37
CD19,0,5,0.5098039215686274,35,44
TENT5C,0,5,0.5098039215686274,35,44
CTLA4,0,5,0.3,26,15
ACTG2,0,5,0.5098039215686274,35,44
MZB1,0,5,0.5098039215686274,35,44
CD28,0,5,0.3,26,15
GPR183,0,5,0.02040816326530612,15,37
CD34,0,5,0.3090909090909091,51,23
KLRB1,0,5,0.3,26,15
CD247,0,5,0.3,26,15
MYC,0,5,0.0,51,20
CXCL2,0,5,0.04918032786885246,51,15
C1orf162,0,5,0.35,46,37
CD83,0,5,0.07547169811320754,15,44
CD69,0,5,0.0,26,20
ADAM28,0,5,0.08163265306122448,35,20
CCL5,0,5,0.14705882352941177,26,15
BCL2L11,0,5,0.5098039215686274,35,44
TFPI,0,5,0.04838709677419355,51,16
CXCL9,0,5,0.0,15,15
PRDM1,0,5,0.5098039215686274,35,44
TNC,0,5,0.12280701754385964,51,15
LYVE1,0,5,0.0,51,15
VWF,0,5,0.3090909090909091,51,23
IGSF6,0,5,0.35,46,37
CD5L,0,5,0.0,46,15
CD1C,0,5,0.04918032786885246,46,20
MEF2C,0,5,0.5098039215686274,35,44
MMRN1,0,5,0.04918032786885246,51,15
PLA2G7,0,5,0.35,46,37
GNLY,0,5,0.05405405405405406,26,15
LAMP3,0,5,0.037037037037037035,15,15
TCF4,0,5,0.07547169811320754,15,44
GLIPR1,0,5,0.35,46,37
CD27,0,5,0.0,35,15
CD163,0,5,0.0,46,15
SLAMF7,0,5,0.5098039215686274,35,44
CD8A,0,5,0.14705882352941177,26,15
SPIB,0,5,0.07547169811320754,15,44
MYLK,0,5,0.06976744186046512,25,23
CDK1,0,5,0.5098039215686274,35,44
ACTA2,0,5,0.034482758620689655,25,37
CAVIN2,0,5,0.04838709677419355,51,16
CAVIN1,0,5,0.3090909090909091,51,23
LY86,0,5,0.5098039215686274,35,44
KLRD1,0,5,0.05405405405405406,26,15
HLA-DQB2,0,5,0.03529411764705882,46,44
IL2RA,0,5,0.03389830508474576,26,37
CCL19,0,5,0.15151515151515152,25,15
TNFRSF9,0,5,0.12280701754385964,51,15
CLECL1,0,5,0.5098039215686274,35,44
FBN1,0,5,0.12280701754385964,51,15
KCNMA1,0,5,0.35,46,37
TNFRSF13B,0,5,0.08163265306122448,35,20
TNFRSF17,0,5,0.5098039215686274,35,44
MS4A4A,0,5,0.35,46,37
GZMK,0,5,0.14705882352941177,26,15
APOLD1,0,5,0.3090909090909091,51,23
TOP2A,0,5,0.5098039215686274,35,44
CD68,0,5,0.35,46,37
CXCL10,0,5,0.037037037037037035,15,15
CLEC10A,0,5,0.05357142857142857,46,15
DUSP2,0,5,0.030303030303030304,26,44
MTRNR2L11,0,5,0.5098039215686274,35,44
DNASE1L3,0,5,0.05357142857142857,46,15
IL3RA,0,5,0.0,15,23
RTKN2,0,5,0.030303030303030304,26,44
LILRA4,0,5,0.037037037037037035,15,15
CTSK,0,5,0.15151515151515152,25,15
C7,0,5,0.0,25,15
ADGRL4,0,5,0.3090909090909091,51,23
SLAMF1,0,5,0.5098039215686274,35,44
PDGFRB,0,5,0.06976744186046512,25,23
DST,0,5,0.35,46,37
MMRN2,0,5,0.3090909090909091,51,23
SFRP4,0,5,0.07692307692307693,15,15
CD93,0,5,0.3090909090909091,51,23
FKBP11,0,5,0.5098039215686274,35,44
CSF2RA,0,5,0.35,46,37
GZMA,0,5,0.14705882352941177,26,15
MNDA,0,5,0.35,46,37
PROX1,0,5,0.04918032786885246,51,15
SH2D3C,0,5,0.02197802197802198,51,44
HAVCR2,0,5,0.35,46,37
PLD4,0,5,0.0,15,20
MYH11,0,5,0.0,16,44
ADAMTS1,0,5,0.15151515151515152,25,15
CCR2,0,5,0.0,35,15
GNG11,0,5,0.3090909090909091,51,23
CD86,0,5,0.03529411764705882,46,44
FOXP3,0,5,0.14705882352941177,26,15
MARCO,0,5,0.0,51,26
CENPF,0,5,0.5098039215686274,35,44
GZMB,0,5,0.0,15,15
FCGR3A,0,5,0.034482758620689655,46,16
PRF1,0,5,0.03389830508474576,26,37
LILRB2,0,5,0.04918032786885246,46,20
THY1,0,5,0.3090909090909091,51,23
FAS,0,5,0.034482758620689655,25,37
EDNRB,0,5,0.3090909090909091,51,23
DPT,0,5,0.15151515151515152,25,15
CD14,0,5,0.35,46,37
TCIM,0,5,0.05555555555555555,25,15
KLRC1,0,5,0.05405405405405406,26,15
COCH,0,5,0.0,25,15
LTBP2,0,5,0.12280701754385964,51,15
AMY2A,0,5,0.06451612903225806,15,20
FBLN1,0,5,0.0,25,15
SMYD2,0,5,0.023809523809523808,25,20
MRC1,0,5,0.0,46,15
CCNB2,0,5,0.5098039215686274,35,44
ACKR1,0,5,0.0,51,15
ECSCR,0,5,0.3090909090909091,51,23
EGFL7,0,5,0.3090909090909091,51,23
NKG7,0,5,0.14705882352941177,26,15
PMP22,0,5,0.023809523809523808,51,37
IGF1,0,5,0.35,46,37
UBE2C,0,5,0.5098039215686274,35,44
RBP5,0,5,0.12280701754385964,51,15
PDGFRA,0,5,0.05555555555555555,25,15
BTNL9,0,5,0.3090909090909091,51,23
SLC26A2,0,5,0.06451612903225806,15,20
CLEC14A,0,5,0.3090909090909091,51,23
PPARG,0,5,0.35,46,37
THAP2,0,5,0.06451612903225806,15,20
MCF2L,0,5,0.023809523809523808,51,37
INMT,0,5,0.0,25,15
CD1E,0,5,0.034482758620689655,46,16
TM4SF18,0,5,0.3090909090909091,51,23
EDN1,0,5,0.3090909090909091,51,23
NPDC1,0,5,0.06666666666666667,51,15
FHL2,0,5,0.034482758620689655,25,37
RGS16,0,5,0.02197802197802198,51,44
FCN1,0,5,0.034482758620689655,46,16
RAMP2,0,5,0.3090909090909091,51,23
RAPGEF3,0,5,0.06666666666666667,51,15
MEST,0,5,0.023809523809523808,25,20
KIT,0,5,0.03571428571428571,15,16
GEM,0,5,0.05555555555555555,25,15
VCAN,0,5,0.35,46,37
SPI1,0,5,0.03529411764705882,46,44
FCGR1A,0,5,0.034482758620689655,46,16
DES,0,5,0.0,15,15
STEAP4,0,5,0.15151515151515152,25,15
ERG,0,5,0.06666666666666667,51,15
PCOLCE,0,5,0.0,25,16
VWA5A,0,5,0.0,15,15
COL5A2,0,5,0.06976744186046512,25,23
PTN,0,5,0.15151515151515152,25,15
CFB,0,5,0.12280701754385964,51,15
MET,0,5,0.023809523809523808,51,37
CAV1,0,5,0.06666666666666667,51,15
GATM,0,5,0.04918032786885246,46,20
OGN,0,5,0.03571428571428571,15,16
PDPN,0,5,0.12280701754385964,51,15
MFAP5,0,5,0.02564102564102564,27,15
MALL,0,5,0.06666666666666667,51,15
CLEC4E,0,5,0.35,46,37
RIDA,0,5,0.0,15,44
CRISPLD2,0,5,0.06976744186046512,25,23
ELF5,0,5,0.0,15,37
GHRL,0,5,0.35,46,37
SEMA3C,0,5,0.0,46,15
CPA3,0,5,0.037037037037037035,15,15
SRPX,0,5,0.0,25,15
VSIG4,0,5,0.017241379310344827,46,15
NTN4,0,5,0.12280701754385964,51,15
FSTL3,0,5,0.034482758620689655,46,16
ANPEP,0,5,0.017241379310344827,46,15
CFHR3,0,5,0.0,25,15
GYPA,0,5,0.07692307692307693,15,15
APOBEC3A,0,5,0.5098039215686274,35,44
AQP3,0,5,0.0,35,15
ANGPT2,0,5,0.04838709677419355,51,16
APCDD1,0,5,0.037037037037037035,15,15
SLC4A1,0,5,0.12,15,15
SFRP2,0,5,0.037037037037037035,15,15
DERL3,0,5,0.08163265306122448,35,20
CD274,0,5,0.35,46,37
CXCL6,0,5,0.0,15,15
IL1R2,0,5,0.05357142857142857,46,15
CYP4B1,0,5,0.0,27,15
SOX17,0,5,0.037037037037037035,15,15
LIF,0,5,0.0,15,15
ASPN,0,5,0.034482758620689655,46,16
LILRB4,0,5,0.35,46,37
CNN1,0,5,0.03571428571428571,16,15
MS4A2,0,5,0.07692307692307693,15,15
BMX,0,5,0.04918032786885246,51,15
ADGRE1,0,5,0.037037037037037035,15,15
LAG3,0,5,0.0,15,15
CYP2A7,0,5,0.0,15,15
EHF,0,5,0.0,51,15
GPC3,0,5,0.0,27,15
SMIM24,0,5,0.022727272727272728,27,20
RERGL,0,5,0.17142857142857143,27,16
SOX2,0,5,0.022727272727272728,27,20
ESR1,0,5,0.0,15,15
STC1,0,5,0.0,27,15
HEMGN,0,5,0.12,15,15
BAMBI,0,5,0.04838709677419355,51,16
MEDAG,0,5,0.08108108108108109,27,15
HEPACAM2,0,5,0.08108108108108109,27,15
FCER1A,0,5,0.0,27,15
PLIN4,0,5,0.07692307692307693,15,15
FXYD2,0,5,0.0,15,15
SERPINB3,0,5,0.08108108108108109,27,15
PLAC9,0,5,0.17142857142857143,27,16
ALAS2,0,5,0.0,15,15
EPCAM,0,5,0.17142857142857143,27,16
AHSP,0,5,0.0,15,15
SNCA,0,5,0.07692307692307693,15,15
RND1,0,5,0.03571428571428571,15,16
ASCL3,0,5,0.08108108108108109,27,15
CLCA1,0,5,0.08108108108108109,27,15
CFAP53,0,5,0.025,27,16
STC2,0,5,0.0,51,15
ALDH1A3,0,5,0.17142857142857143,27,16
CFHR1,0,5,0.0,15,15
TMEM100,0,5,0.08108108108108109,27,15
CD1A,0,5,0.12,15,15
PPP1R1A,0,5,0.17142857142857143,27,16
IL1RL1,0,5,0.037037037037037035,15,15
TSPAN19,0,5,0.03571428571428571,15,16
CYP1A1,0,5,0.17142857142857143,27,16
FGFBP2,0,5,0.0,27,15
EGFR,0,5,0.08108108108108109,27,15
CYP2F1,0,5,0.08108108108108109,27,15
SNTN,0,5,0.17142857142857143,27,16
TIMP4,0,5,0.0,15,15
GATA2,0,5,0.0,15,16
HAMP,0,5,0.0,15,37
PPP1R1B,0,5,0.07692307692307693,15,15
ADH1C,0,5,0.0,15,15
CCDC39,0,5,0.07692307692307693,15,15
CFTR,0,5,0.03571428571428571,16,15
TMC5,0,5,0.0,15,20
PGR,0,5,0.07692307692307693,15,15
AGER,0,5,0.03571428571428571,15,16
MAMDC2,0,5,0.03571428571428571,16,15
AR,0,5,0.0,27,15
C15orf48,0,5,0.12,15,15
S100A1,0,5,0.034482758620689655,16,16
SOX18,0,5,0.02564102564102564,27,15
SNAI1,0,5,0.07692307692307693,15,15
CLIC6,0,5,0.07692307692307693,15,15
SLC26A3,0,5,0.0,16,15
TM4SF4,0,5,0.03571428571428571,16,15
THBS2,0,5,0.0,15,15
AQP9,0,5,0.03571428571428571,16,15
SLC18A2,0,5,0.07692307692307693,15,15
ERBB2,0,5,0.034482758620689655,16,16
GPC1,0,5,0.0,16,15
TAC1,0,5,0.0,15,15
FGFBP1,0,5,0.025,27,16
C6orf118,0,5,0.0,16,15
APOA5,0,5,0.03571428571428571,15,16
DNAAF1,0,5,0.03571428571428571,16,15
ACE2,0,5,0.03571428571428571,16,15
CLCA2,0,5,0.07692307692307693,15,15
MCEMP1,0,5,0.03571428571428571,15,16
TBX3,0,5,0.07692307692307693,15,15
CYP2B6,0,5,0.07692307692307693,15,15
SCGN,0,5,0.03571428571428571,15,16
OPRPN,0,5,0.037037037037037035,15,15
CD300E,0,5,0.03571428571428571,16,15
CAPN8,0,5,0.0,16,15
SCGB2A1,0,5,0.0,15,15
GPRC5A,0,5,0.07692307692307693,15,15
CCDC78,0,5,0.0,16,37
CTSG,0,5,0.0,15,26
ADIPOQ,0,5,0.12,15,15
C1orf194,0,5,0.0,15,15
LILRA5,0,5,0.037037037037037035,15,15
HPGDS,0,5,0.0,15,15
KCNK3,0,5,0.07692307692307693,15,15
LPL,0,5,0.0,15,37
GYPB,0,5,0.12,15,15
GKN2,0,5,0.07692307692307693,15,15
C5orf46,0,5,0.12,15,15
SELE,0,5,0.07692307692307693,15,15
SERPINB2,0,5,0.12,15,15
DIRAS3,0,5,0.07692307692307693,15,15
PRG4,0,5,0.037037037037037035,15,15
LGI4,0,5,0.12,15,15
COL17A1,0,5,0.07692307692307693,15,15
SFTA2,0,5,0.07692307692307693,15,15
HIGD1B,0,5,0.0,15,16
DPEP1,0,5,0.12,15,15
PCP4,0,5,0.12,15,15
CSF3,0,5,0.037037037037037035,15,15
TREM2,0,5,0.0,15,15
TMEM52B,0,5,0.0,15,15
AGR3,0,5,0.07692307692307693,15,15
AQP8,0,5,0.12,15,15
ARFGEF3,0,5,0.0,15,26
SNCG,0,5,0.12,15,15
SLC22A8,0,5,0.0,15,15
PEBP4,0,5,0.037037037037037035,15,15
BBOX1,0,5,0.12,15,15
CYP3A4,0,5,0.037037037037037035,15,15
FOXI1,0,5,0.037037037037037035,15,15
S100A12,0,5,0.07692307692307693,15,15
HPX,0,5,0.037037037037037035,15,15
LGR5,0,5,0.07692307692307693,15,15
NAT8,0,5,0.037037037037037035,15,15
PCSK2,0,5,0.037037037037037035,15,15
ASCL1,0,5,0.07692307692307693,15,15
PVALB,0,5,0.0,15,15
FCN2,0,5,0.12,15,15
GCG,0,5,0.0,15,26
CD70,0,5,0.12,15,15
UMOD,0,5,0.037037037037037035,15,15
FOXJ1,0,5,0.07692307692307693,15,15
MLPH,0,5,0.07692307692307693,15,15
GLYATL1,0,5,0.07692307692307693,15,15
KRT20,0,5,0.07692307692307693,15,15
ADH4,0,5,0.18181818181818182,15,26
CA4,0,5,0.18181818181818182,15,26
CDH16,0,5,0.07692307692307693,15,15
AQP2,0,5,0.12,15,15
DMBT1,0,5,0.18181818181818182,15,26
CHGA,0,5,0.18181818181818182,15,26
CCL27,0,5,0.12,15,15
KNG1,0,5,0.12,15,15
PPY,0,5,0.12,15,15
MLANA,0,5,0.12,15,15
HMGCS2,0,5,0.12,15,15
CRHBP,0,5,0.18181818181818182,15,26
TFF2,0,5,0.12,15,15
GDF15,0,5,0.12,15,15
PDCD1,0,5,0.0,16,15
SST,0,5,0.18181818181818182,15,26
INS,0,5,0.5384615384615384,16,26
FOXA1,0,5,0.5384615384615384,16,26
TMEM174,0,5,0.5384615384615384,16,26
TCF15,0,5,0.18181818181818182,15,26
KLK11,0,5,0.5384615384615384,16,26
SPDEF,0,5,0.5384615384615384,16,26
ABCC11,0,5,0.5384615384615384,16,26
HES4,0,5,0.5384615384615384,16,26
C20orf85,0,5,0.5384615384615384,16,26
TAT,0,5,0.5384615384615384,16,26
MYBPC1,0,5,0.5384615384615384,16,26
LY6D,0,5,0.5384615384615384,16,26
UPK3B,0,5,0.5384615384615384,16,26
GPX2,0,5,0.5384615384615384,16,26
RETN,0,5,0.5384615384615384,16,26
KRT7,0,5,0.5384615384615384,16,26
MS4A1,1,2,0.3103448275862069,21,19
CXCR4,1,2,0.3103448275862069,21,19
TRAC,1,2,0.5357142857142857,29,16
PTPRC,1,2,0.5357142857142857,29,16
IL7R,1,2,0.5357142857142857,29,16
BANK1,1,2,0.3103448275862069,21,19
PTGDS,1,2,0.0,21,15
CD79A,1,2,0.3103448275862069,21,19
MPEG1,1,2,0.3076923076923077,21,15
CYTIP,1,2,0.5357142857142857,29,16
PECAM1,1,2,0.546875,42,59
SELL,1,2,0.5357142857142857,29,16
IRF8,1,2,0.3076923076923077,21,15
CD3E,1,2,0.5357142857142857,29,16
BASP1,1,2,0.10714285714285714,18,15
TCL1A,1,2,0.3076923076923077,21,15
CCR7,1,2,0.5357142857142857,29,16
PCNA,1,2,0.8333333333333334,17,18
AIF1,1,2,0.5454545454545454,21,15
CD3D,1,2,0.5357142857142857,29,16
FGL2,1,2,0.5454545454545454,21,15
CD4,1,2,0.5454545454545454,21,15
PLCG2,1,2,0.3103448275862069,21,19
MDM2,1,2,0.8333333333333334,17,18
CD2,1,2,0.5357142857142857,29,16
MKI67,1,2,0.8333333333333334,17,18
SERPINB9,1,2,0.03571428571428571,16,15
MS4A6A,1,2,0.5454545454545454,21,15
CD19,1,2,0.3103448275862069,21,19
TENT5C,1,2,0.8333333333333334,17,18
CTLA4,1,2,0.5357142857142857,29,16
ACTG2,1,2,0.8333333333333334,17,18
MZB1,1,2,0.8333333333333334,17,18
CD28,1,2,0.5357142857142857,29,16
GPR183,1,2,0.0,29,15
CD34,1,2,0.546875,42,59
KLRB1,1,2,0.3125,29,15
CD247,1,2,0.5357142857142857,29,16
MYC,1,2,0.0,21,15
CXCL2,1,2,0.2608695652173913,16,15
C1orf162,1,2,0.0,18,15
CD83,1,2,0.10714285714285714,18,15
CD69,1,2,0.0,21,15
ADAM28,1,2,0.3103448275862069,21,19
CCL5,1,2,0.3125,29,15
BCL2L11,1,2,0.0,17,15
TFPI,1,2,0.546875,42,59
CXCL9,1,2,0.09375,18,19
PRDM1,1,2,0.8333333333333334,17,18
TNC,1,2,0.2413793103448276,15,59
LYVE1,1,2,0.2608695652173913,16,15
VWF,1,2,0.546875,42,59
IGSF6,1,2,0.5454545454545454,21,15
CD5L,1,2,0.5454545454545454,21,15
CD1C,1,2,0.4090909090909091,18,15
MEF2C,1,2,0.3076923076923077,21,15
MMRN1,1,2,0.546875,42,59
PLA2G7,1,2,0.5454545454545454,21,15
GNLY,1,2,0.3125,29,15
LAMP3,1,2,0.10714285714285714,18,15
TCF4,1,2,0.3076923076923077,21,15
GLIPR1,1,2,0.0,18,15
CD27,1,2,0.0,29,18
CD163,1,2,0.5454545454545454,21,15
SLAMF7,1,2,0.8333333333333334,17,18
CD8A,1,2,0.5357142857142857,29,16
SPIB,1,2,0.10714285714285714,18,15
MYLK,1,2,0.546875,42,59
CDK1,1,2,0.8333333333333334,17,18
ACTA2,1,2,0.2413793103448276,15,59
CAVIN2,1,2,0.546875,42,59
CAVIN1,1,2,0.546875,42,59
LY86,1,2,0.3103448275862069,21,19
KLRD1,1,2,0.3125,29,15
HLA-DQB2,1,2,0.4090909090909091,18,15
IL2RA,1,2,0.5357142857142857,29,16
CCL19,1,2,0.2413793103448276,15,59
TNFRSF9,1,2,0.3125,29,15
CLECL1,1,2,0.3103448275862069,21,19
FBN1,1,2,0.546875,42,59
KCNMA1,1,2,0.5454545454545454,21,15
TNFRSF13B,1,2,0.3103448275862069,21,19
TNFRSF17,1,2,0.8333333333333334,17,18
MS4A4A,1,2,0.5454545454545454,21,15
GZMK,1,2,0.3125,29,15
APOLD1,1,2,0.546875,42,59
TOP2A,1,2,0.8333333333333334,17,18
CD68,1,2,0.5454545454545454,21,15
CXCL10,1,2,0.09375,18,19
CLEC10A,1,2,0.4090909090909091,18,15
DUSP2,1,2,0.3125,29,15
MTRNR2L11,1,2,0.4090909090909091,18,15
DNASE1L3,1,2,0.0,18,59
IL3RA,1,2,0.3076923076923077,21,15
RTKN2,1,2,0.5357142857142857,29,16
LILRA4,1,2,0.3076923076923077,21,15
CTSK,1,2,0.057971014492753624,16,59
C7,1,2,0.2413793103448276,15,59
ADGRL4,1,2,0.546875,42,59
SLAMF1,1,2,0.4090909090909091,18,15
PDGFRB,1,2,0.2413793103448276,15,59
DST,1,2,0.0,21,59
MMRN2,1,2,0.546875,42,59
SFRP4,1,2,0.037037037037037035,15,15
CD93,1,2,0.546875,42,59
FKBP11,1,2,0.8333333333333334,17,18
CSF2RA,1,2,0.030303030303030304,21,15
GZMA,1,2,0.3125,29,15
MNDA,1,2,0.4090909090909091,18,15
PROX1,1,2,0.2608695652173913,16,15
SH2D3C,1,2,0.21875,16,25
HAVCR2,1,2,0.5454545454545454,21,15
PLD4,1,2,0.3076923076923077,21,15
MYH11,1,2,0.546875,42,59
ADAMTS1,1,2,0.2413793103448276,15,59
CCR2,1,2,0.8333333333333334,17,18
GNG11,1,2,0.546875,42,59
CD86,1,2,0.029411764705882353,18,19
FOXP3,1,2,0.5357142857142857,29,16
MARCO,1,2,0.2608695652173913,16,15
CENPF,1,2,0.8333333333333334,17,18
GZMB,1,2,0.3076923076923077,21,15
FCGR3A,1,2,0.03333333333333333,18,15
PRF1,1,2,0.3125,29,15
LILRB2,1,2,0.5454545454545454,21,15
THY1,1,2,0.546875,42,59
FAS,1,2,0.21875,16,25
EDNRB,1,2,0.546875,42,59
DPT,1,2,0.057971014492753624,16,59
CD14,1,2,0.05555555555555555,21,19
TCIM,1,2,0.546875,42,59
KLRC1,1,2,0.3125,29,15
COCH,1,2,0.03571428571428571,16,15
LTBP2,1,2,0.2608695652173913,16,15
AMY2A,1,2,0.14814814814814814,18,15
FBLN1,1,2,0.2413793103448276,15,59
SMYD2,1,2,0.03333333333333333,18,15
MRC1,1,2,0.030303030303030304,21,15
CCNB2,1,2,0.8333333333333334,17,18
ACKR1,1,2,0.546875,42,59
ECSCR,1,2,0.546875,42,59
EGFL7,1,2,0.546875,42,59
NKG7,1,2,0.3125,29,15
PMP22,1,2,0.2413793103448276,15,59
IGF1,1,2,0.05555555555555555,21,19
UBE2C,1,2,0.8333333333333334,17,18
RBP5,1,2,0.2413793103448276,15,59
PDGFRA,1,2,0.2413793103448276,15,59
BTNL9,1,2,0.08333333333333333,42,25
SLC26A2,1,2,0.03571428571428571,16,15
CLEC14A,1,2,0.546875,42,59
PPARG,1,2,0.546875,42,59
THAP2,1,2,0.14814814814814814,18,15
MCF2L,1,2,0.546875,42,59
INMT,1,2,0.546875,42,59
CD1E,1,2,0.4090909090909091,18,15
TM4SF18,1,2,0.546875,42,59
EDN1,1,2,0.546875,42,59
NPDC1,1,2,0.546875,42,59
FHL2,1,2,0.057971014492753624,16,59
RGS16,1,2,0.08333333333333333,16,25
FCN1,1,2,0.4090909090909091,18,15
RAMP2,1,2,0.546875,42,59
RAPGEF3,1,2,0.546875,42,59
MEST,1,2,0.14814814814814814,18,15
KIT,1,2,0.546875,42,59
GEM,1,2,0.2413793103448276,15,59
VCAN,1,2,0.03571428571428571,16,15
SPI1,1,2,0.09375,18,19
FCGR1A,1,2,0.14814814814814814,18,15
DES,1,2,0.2727272727272727,15,15
STEAP4,1,2,0.2413793103448276,15,59
ERG,1,2,0.546875,42,59
PCOLCE,1,2,0.2413793103448276,15,59
VWA5A,1,2,0.21875,16,25
COL5A2,1,2,0.2413793103448276,15,59
PTN,1,2,0.2608695652173913,16,15
CFB,1,2,0.057971014492753624,16,59
MET,1,2,0.546875,42,59
CAV1,1,2,0.546875,42,59
GATM,1,2,0.21875,16,25
OGN,1,2,0.12,15,15
PDPN,1,2,0.21875,16,25
MFAP5,1,2,0.11538461538461539,15,16
MALL,1,2,0.546875,42,59
CLEC4E,1,2,0.4090909090909091,18,15
RIDA,1,2,0.14814814814814814,18,15
CRISPLD2,1,2,0.2413793103448276,15,59
ELF5,1,2,0.12,15,15
GHRL,1,2,0.05555555555555555,21,19
SEMA3C,1,2,0.07692307692307693,15,15
CPA3,1,2,0.21739130434782608,15,15
SRPX,1,2,0.21875,16,25
VSIG4,1,2,0.12,15,15
NTN4,1,2,0.546875,42,59
FSTL3,1,2,0.08333333333333333,16,25
ANPEP,1,2,0.09375,18,19
CFHR3,1,2,0.08333333333333333,42,25
GYPA,1,2,0.11538461538461539,15,16
APOBEC3A,1,2,0.4090909090909091,18,15
AQP3,1,2,0.0,18,18
ANGPT2,1,2,0.057971014492753624,16,59
APCDD1,1,2,0.0,16,15
SLC4A1,1,2,0.12,15,15
SFRP2,1,2,0.2727272727272727,15,15
DERL3,1,2,0.03333333333333333,18,15
CD274,1,2,0.0,18,25
CXCL6,1,2,0.0,16,16
IL1R2,1,2,0.029411764705882353,18,19
CYP4B1,1,2,0.037037037037037035,15,15
SOX17,1,2,0.08333333333333333,42,25
LIF,1,2,0.07692307692307693,15,15
ASPN,1,2,0.07692307692307693,15,15
LILRB4,1,2,0.0,21,15
CNN1,1,2,0.0,15,25
MS4A2,1,2,0.21739130434782608,15,15
BMX,1,2,0.2608695652173913,16,15
ADGRE1,1,2,0.20833333333333334,15,16
LAG3,1,2,0.03333333333333333,18,15
CYP2A7,1,2,0.12,15,15
EHF,1,2,0.0,18,15
GPC3,1,2,0.0,15,25
SMIM24,1,2,0.0,15,15
RERGL,1,2,0.07692307692307693,15,15
SOX2,1,2,0.12,15,15
ESR1,1,2,0.03571428571428571,16,15
STC1,1,2,0.08333333333333333,42,25
HEMGN,1,2,0.11538461538461539,15,16
BAMBI,1,2,0.07692307692307693,15,15
MEDAG,1,2,0.11538461538461539,15,16
HEPACAM2,1,2,0.20833333333333334,15,16
FCER1A,1,2,0.07692307692307693,15,15
PLIN4,1,2,0.04878048780487805,27,18
FXYD2,1,2,0.0,18,16
SERPINB3,1,2,0.20833333333333334,15,16
PLAC9,1,2,0.07692307692307693,15,15
ALAS2,1,2,0.16666666666666666,15,15
EPCAM,1,2,0.20833333333333334,15,16
AHSP,1,2,0.12,15,15
SNCA,1,2,0.0,15,59
RND1,1,2,0.11538461538461539,15,16
ASCL3,1,2,0.12,15,15
CLCA1,1,2,0.11538461538461539,15,16
CFAP53,1,2,0.037037037037037035,15,15
STC2,1,2,0.21875,16,25
ALDH1A3,1,2,0.02702702702702703,15,25
CFHR1,1,2,0.08333333333333333,16,25
TMEM100,1,2,0.07692307692307693,15,15
CD1A,1,2,0.03571428571428571,15,16
PPP1R1A,1,2,0.2608695652173913,15,16
IL1RL1,1,2,0.21739130434782608,15,15
TSPAN19,1,2,0.20833333333333334,15,16
CYP1A1,1,2,0.03571428571428571,16,15
FGFBP2,1,2,0.11538461538461539,15,16
EGFR,1,2,0.21875,16,25
CYP2F1,1,2,0.07692307692307693,15,15
SNTN,1,2,0.20833333333333334,15,16
TIMP4,1,2,0.07407407407407407,15,16
GATA2,1,2,0.08333333333333333,42,25
HAMP,1,2,0.16666666666666666,15,15
PPP1R1B,1,2,0.12,15,15
ADH1C,1,2,0.2608695652173913,15,16
CCDC39,1,2,0.03571428571428571,15,16
CFTR,1,2,0.037037037037037035,15,15
TMC5,1,2,0.2608695652173913,15,16
PGR,1,2,0.037037037037037035,15,15
AGER,1,2,0.2608695652173913,15,16
MAMDC2,1,2,0.21739130434782608,15,15
AR,1,2,0.2608695652173913,15,16
C15orf48,1,2,0.21739130434782608,15,15
S100A1,1,2,0.16666666666666666,15,15
SOX18,1,2,0.08333333333333333,42,25
SNAI1,1,2,0.11538461538461539,15,16
CLIC6,1,2,0.11538461538461539,15,16
SLC26A3,1,2,0.07407407407407407,15,16
TM4SF4,1,2,0.2608695652173913,15,16
THBS2,1,2,0.034482758620689655,17,15
AQP9,1,2,0.2608695652173913,15,16
SLC18A2,1,2,0.07692307692307693,15,15
ERBB2,1,2,0.02702702702702703,15,25
GPC1,1,2,0.037037037037037035,15,15
TAC1,1,2,0.16666666666666666,15,15
FGFBP1,1,2,0.16666666666666666,15,15
C6orf118,1,2,0.21739130434782608,15,15
APOA5,1,2,0.037037037037037035,15,15
DNAAF1,1,2,0.07407407407407407,15,16
ACE2,1,2,0.11538461538461539,15,16
CLCA2,1,2,0.16666666666666666,15,15
MCEMP1,1,2,0.16666666666666666,15,15
TBX3,1,2,0.08333333333333333,16,25
CYP2B6,1,2,0.21739130434782608,15,15
SCGN,1,2,0.11538461538461539,15,16
OPRPN,1,2,0.11538461538461539,15,16
CD300E,1,2,0.0,15,15
CAPN8,1,2,0.16666666666666666,15,15
SCGB2A1,1,2,0.16666666666666666,15,15
GPRC5A,1,2,0.21739130434782608,15,15
CCDC78,1,2,0.12,15,15
CTSG,1,2,0.8518518518518519,27,25
ADIPOQ,1,2,0.12,15,15
C1orf194,1,2,0.07692307692307693,15,15
LILRA5,1,2,0.21739130434782608,15,15
HPGDS,1,2,0.07692307692307693,15,15
KCNK3,1,2,0.21739130434782608,15,15
LPL,1,2,0.0,15,18
GYPB,1,2,0.0,15,15
GKN2,1,2,0.21739130434782608,15,15
C5orf46,1,2,0.16666666666666666,15,15
SELE,1,2,0.034482758620689655,17,15
SERPINB2,1,2,0.12,15,15
DIRAS3,1,2,0.2727272727272727,15,15
PRG4,1,2,0.07692307692307693,15,15
LGI4,1,2,0.0,15,15
COL17A1,1,2,0.037037037037037035,15,15
SFTA2,1,2,0.21739130434782608,15,15
HIGD1B,1,2,0.0,15,15
DPEP1,1,2,0.2727272727272727,15,15
PCP4,1,2,0.2727272727272727,15,15
CSF3,1,2,0.2727272727272727,15,15
TREM2,1,2,0.2727272727272727,15,15
TMEM52B,1,2,0.42857142857142855,17,15
AGR3,1,2,0.07692307692307693,15,15
AQP8,1,2,0.07692307692307693,15,15
ARFGEF3,1,2,0.0,17,25
SNCG,1,2,0.0,15,25
SLC22A8,1,2,0.42857142857142855,17,15
PEBP4,1,2,0.42857142857142855,17,15
BBOX1,1,2,0.42857142857142855,17,15
CYP3A4,1,2,0.42857142857142855,17,15
FOXI1,1,2,0.42857142857142855,17,15
S100A12,1,2,0.0,15,15
HPX,1,2,0.42857142857142855,17,15
LGR5,1,2,0.4090909090909091,15,18
NAT8,1,2,0.42857142857142855,17,15
PCSK2,1,2,0.1,17,18
ASCL1,1,2,0.1,17,18
PVALB,1,2,0.42857142857142855,17,15
FCN2,1,2,0.0,15,15
GCG,1,2,0.0,15,15
CD70,1,2,0.1,17,18
UMOD,1,2,0.42857142857142855,17,15
FOXJ1,1,2,0.4090909090909091,15,18
MLPH,1,2,0.4090909090909091,15,18
GLYATL1,1,2,0.4090909090909091,15,18
KRT20,1,2,0.1,17,18
ADH4,1,2,0.4090909090909091,15,18
CA4,1,2,0.0,15,25
CDH16,1,2,0.4090909090909091,15,18
AQP2,1,2,0.4090909090909091,15,18
DMBT1,1,2,0.04878048780487805,27,18
CHGA,1,2,0.4090909090909091,15,18
CCL27,1,2,0.4090909090909091,15,18
KNG1,1,2,0.4090909090909091,15,18
PPY,1,2,0.04878048780487805,27,18
MLANA,1,2,0.8518518518518519,27,25
HMGCS2,1,2,0.8518518518518519,27,25
CRHBP,1,2,0.8518518518518519,27,25
TFF2,1,2,0.8518518518518519,27,25
GDF15,1,2,0.8518518518518519,27,25
PDCD1,1,2,0.8518518518518519,27,25
SST,1,2,0.8518518518518519,27,25
INS,1,2,0.8518518518518519,27,25
FOXA1,1,2,0.8518518518518519,27,25
TMEM174,1,2,0.8518518518518519,27,25
TCF15,1,2,0.8518518518518519,27,25
KLK11,1,2,0.8518518518518519,27,25
SPDEF,1,2,0.8518518518518519,27,25
ABCC11,1,2,0.8518518518518519,27,25
HES4,1,2,0.8518518518518519,27,25
C20orf85,1,2,0.8518518518518519,27,25
TAT,1,2,0.8518518518518519,27,25
MYBPC1,1,2,0.8518518518518519,27,25
LY6D,1,2,0.8518518518518519,27,25
UPK3B,1,2,0.8518518518518519,27,25
GPX2,1,2,0.8518518518518519,27,25
RETN,1,2,0.8518518518518519,27,25
KRT7,1,2,0.8518518518518519,27,25
MS4A1,1,3,0.5405405405405406,21,38
CXCR4,1,3,0.5405405405405406,21,38
TRAC,1,3,0.6363636363636364,29,45
PTPRC,1,3,0.6363636363636364,29,45
IL7R,1,3,0.6363636363636364,29,45
BANK1,1,3,0.5405405405405406,21,38
PTGDS,1,3,0.7142857142857143,21,29
CD79A,1,3,0.5405405405405406,21,38
MPEG1,1,3,0.5405405405405406,21,38
CYTIP,1,3,0.6363636363636364,29,45
PECAM1,1,3,0.45454545454545453,42,40
SELL,1,3,0.6363636363636364,29,45
IRF8,1,3,0.5405405405405406,21,38
CD3E,1,3,0.6363636363636364,29,45
BASP1,1,3,0.14893617021276595,18,38
TCL1A,1,3,0.5405405405405406,21,38
CCR7,1,3,0.6363636363636364,29,45
PCNA,1,3,0.17647058823529413,17,45
AIF1,1,3,0.7142857142857143,21,29
CD3D,1,3,0.6363636363636364,29,45
FGL2,1,3,0.7142857142857143,21,29
CD4,1,3,0.7142857142857143,21,29
PLCG2,1,3,0.5405405405405406,21,38
MDM2,1,3,0.1276595744680851,17,38
CD2,1,3,0.6363636363636364,29,45
MKI67,1,3,0.17647058823529413,17,45
SERPINB9,1,3,0.11764705882352941,16,24
MS4A6A,1,3,0.7142857142857143,21,29
CD19,1,3,0.5405405405405406,21,38
TENT5C,1,3,0.1276595744680851,17,38
CTLA4,1,3,0.6363636363636364,29,45
ACTG2,1,3,0.17647058823529413,17,45
MZB1,1,3,0.1276595744680851,17,38
CD28,1,3,0.6363636363636364,29,45
GPR183,1,3,0.6363636363636364,29,45
CD34,1,3,0.45454545454545453,42,40
KLRB1,1,3,0.6363636363636364,29,45
CD247,1,3,0.6363636363636364,29,45
MYC,1,3,0.5405405405405406,21,38
CXCL2,1,3,0.11538461538461539,16,15
C1orf162,1,3,0.0975609756097561,18,29
CD83,1,3,0.14893617021276595,18,38
CD69,1,3,0.5405405405405406,21,38
ADAM28,1,3,0.5405405405405406,21,38
CCL5,1,3,0.6363636363636364,29,45
BCL2L11,1,3,0.17647058823529413,17,45
TFPI,1,3,0.03773584905660377,42,15
CXCL9,1,3,0.0975609756097561,18,29
PRDM1,1,3,0.17647058823529413,17,45
TNC,1,3,0.48,15,24
LYVE1,1,3,0.11538461538461539,16,15
VWF,1,3,0.45454545454545453,42,40
IGSF6,1,3,0.7142857142857143,21,29
CD5L,1,3,0.7142857142857143,21,29
CD1C,1,3,0.14893617021276595,18,38
MEF2C,1,3,0.5405405405405406,21,38
MMRN1,1,3,0.45454545454545453,42,40
PLA2G7,1,3,0.7142857142857143,21,29
GNLY,1,3,0.6363636363636364,29,45
LAMP3,1,3,0.14893617021276595,18,38
TCF4,1,3,0.5405405405405406,21,38
GLIPR1,1,3,0.14893617021276595,18,38
CD27,1,3,0.6363636363636364,29,45
CD163,1,3,0.7142857142857143,21,29
SLAMF7,1,3,0.1276595744680851,17,38
CD8A,1,3,0.6363636363636364,29,45
SPIB,1,3,0.14893617021276595,18,38
MYLK,1,3,0.06666666666666667,42,24
CDK1,1,3,0.17647058823529413,17,45
ACTA2,1,3,0.48,15,24
CAVIN2,1,3,0.45454545454545453,42,40
CAVIN1,1,3,0.45454545454545453,42,40
LY86,1,3,0.5405405405405406,21,38
KLRD1,1,3,0.6363636363636364,29,45
HLA-DQB2,1,3,0.14893617021276595,18,38
IL2RA,1,3,0.6363636363636364,29,45
CCL19,1,3,0.48,15,24
TNFRSF9,1,3,0.6363636363636364,29,45
CLECL1,1,3,0.5405405405405406,21,38
FBN1,1,3,0.06666666666666667,42,24
KCNMA1,1,3,0.7142857142857143,21,29
TNFRSF13B,1,3,0.5405405405405406,21,38
TNFRSF17,1,3,0.1276595744680851,17,38
MS4A4A,1,3,0.7142857142857143,21,29
GZMK,1,3,0.6363636363636364,29,45
APOLD1,1,3,0.45454545454545453,42,40
TOP2A,1,3,0.17647058823529413,17,45
CD68,1,3,0.7142857142857143,21,29
CXCL10,1,3,0.0975609756097561,18,29
CLEC10A,1,3,0.046511627906976744,18,29
DUSP2,1,3,0.6363636363636364,29,45
MTRNR2L11,1,3,0.016666666666666666,18,45
DNASE1L3,1,3,0.0975609756097561,18,29
IL3RA,1,3,0.5405405405405406,21,38
RTKN2,1,3,0.6363636363636364,29,45
LILRA4,1,3,0.5405405405405406,21,38
CTSK,1,3,0.11764705882352941,16,24
C7,1,3,0.48,15,24
ADGRL4,1,3,0.45454545454545453,42,40
SLAMF1,1,3,0.016666666666666666,18,45
PDGFRB,1,3,0.48,15,24
DST,1,3,0.7142857142857143,21,29
MMRN2,1,3,0.45454545454545453,42,40
SFRP4,1,3,0.21739130434782608,15,15
CD93,1,3,0.45454545454545453,42,40
FKBP11,1,3,0.1276595744680851,17,38
CSF2RA,1,3,0.7142857142857143,21,29
GZMA,1,3,0.6363636363636364,29,45
MNDA,1,3,0.046511627906976744,18,29
PROX1,1,3,0.11538461538461539,16,15
SH2D3C,1,3,0.0,16,45
HAVCR2,1,3,0.7142857142857143,21,29
PLD4,1,3,0.5405405405405406,21,38
MYH11,1,3,0.018518518518518517,42,15
ADAMTS1,1,3,0.48,15,24
CCR2,1,3,0.1276595744680851,17,38
GNG11,1,3,0.45454545454545453,42,40
CD86,1,3,0.14893617021276595,18,38
FOXP3,1,3,0.6363636363636364,29,45
MARCO,1,3,0.0,16,15
CENPF,1,3,0.17647058823529413,17,45
GZMB,1,3,0.5405405405405406,21,38
FCGR3A,1,3,0.018867924528301886,18,38
PRF1,1,3,0.6363636363636364,29,45
LILRB2,1,3,0.7142857142857143,21,29
THY1,1,3,0.06666666666666667,42,24
FAS,1,3,0.2608695652173913,16,15
EDNRB,1,3,0.06666666666666667,42,24
DPT,1,3,0.11764705882352941,16,24
CD14,1,3,0.7142857142857143,21,29
TCIM,1,3,0.03773584905660377,42,15
KLRC1,1,3,0.6363636363636364,29,45
COCH,1,3,0.2608695652173913,16,15
LTBP2,1,3,0.0,16,24
AMY2A,1,3,0.05660377358490566,18,40
FBLN1,1,3,0.0,15,15
SMYD2,1,3,0.05660377358490566,18,40
MRC1,1,3,0.7142857142857143,21,29
CCNB2,1,3,0.17647058823529413,17,45
ACKR1,1,3,0.06666666666666667,42,24
ECSCR,1,3,0.45454545454545453,42,40
EGFL7,1,3,0.45454545454545453,42,40
NKG7,1,3,0.6363636363636364,29,45
PMP22,1,3,0.48,15,24
IGF1,1,3,0.7142857142857143,21,29
UBE2C,1,3,0.17647058823529413,17,45
RBP5,1,3,0.48,15,24
PDGFRA,1,3,0.48,15,24
BTNL9,1,3,0.45454545454545453,42,40
SLC26A2,1,3,0.018867924528301886,16,40
CLEC14A,1,3,0.45454545454545453,42,40
PPARG,1,3,0.45454545454545453,42,40
THAP2,1,3,0.0,18,15
MCF2L,1,3,0.45454545454545453,42,40
INMT,1,3,0.45454545454545453,42,40
CD1E,1,3,0.046511627906976744,18,29
TM4SF18,1,3,0.45454545454545453,42,40
EDN1,1,3,0.03773584905660377,42,15
NPDC1,1,3,0.45454545454545453,42,40
FHL2,1,3,0.2608695652173913,16,15
RGS16,1,3,0.11538461538461539,16,15
FCN1,1,3,0.07692307692307693,18,40
RAMP2,1,3,0.45454545454545453,42,40
RAPGEF3,1,3,0.45454545454545453,42,40
MEST,1,3,0.05660377358490566,18,40
KIT,1,3,0.018518518518518517,42,15
GEM,1,3,0.48,15,24
VCAN,1,3,0.03571428571428571,16,15
SPI1,1,3,0.0975609756097561,18,29
FCGR1A,1,3,0.018867924528301886,18,38
DES,1,3,0.16666666666666666,15,15
STEAP4,1,3,0.0,15,40
ERG,1,3,0.45454545454545453,42,40
PCOLCE,1,3,0.48,15,24
VWA5A,1,3,0.2608695652173913,16,15
COL5A2,1,3,0.48,15,24
PTN,1,3,0.03571428571428571,16,15
CFB,1,3,0.11764705882352941,16,24
MET,1,3,0.45454545454545453,42,40
CAV1,1,3,0.45454545454545453,42,40
GATM,1,3,0.2608695652173913,16,15
OGN,1,3,0.019230769230769232,15,40
PDPN,1,3,0.11764705882352941,16,24
MFAP5,1,3,0.2727272727272727,15,15
MALL,1,3,0.45454545454545453,42,40
CLEC4E,1,3,0.07692307692307693,18,40
RIDA,1,3,0.03389830508474576,18,45
CRISPLD2,1,3,0.48,15,24
ELF5,1,3,0.07692307692307693,15,15
GHRL,1,3,0.7142857142857143,21,29
SEMA3C,1,3,0.019230769230769232,15,40
CPA3,1,3,0.12,15,15
SRPX,1,3,0.2608695652173913,16,15
VSIG4,1,3,0.2727272727272727,15,15
NTN4,1,3,0.03773584905660377,42,15
FSTL3,1,3,0.03571428571428571,16,15
ANPEP,1,3,0.03333333333333333,18,15
CFHR3,1,3,0.03773584905660377,42,15
GYPA,1,3,0.07692307692307693,15,15
APOBEC3A,1,3,0.07692307692307693,18,40
AQP3,1,3,0.07692307692307693,18,40
ANGPT2,1,3,0.2608695652173913,16,15
APCDD1,1,3,0.0,16,15
SLC4A1,1,3,0.07692307692307693,15,15
SFRP2,1,3,0.07692307692307693,15,15
DERL3,1,3,0.0,18,15
CD274,1,3,0.05660377358490566,18,40
CXCL6,1,3,0.03571428571428571,16,15
IL1R2,1,3,0.07692307692307693,18,40
CYP4B1,1,3,0.0,15,15
SOX17,1,3,0.03773584905660377,42,15
LIF,1,3,0.037037037037037035,15,15
ASPN,1,3,0.037037037037037035,15,15
LILRB4,1,3,0.7142857142857143,21,29
CNN1,1,3,0.21739130434782608,15,15
MS4A2,1,3,0.12,15,15
BMX,1,3,0.03571428571428571,16,15
ADGRE1,1,3,0.07692307692307693,15,15
LAG3,1,3,0.03389830508474576,18,45
CYP2A7,1,3,0.12,15,15
EHF,1,3,0.03333333333333333,18,15
GPC3,1,3,0.12,15,15
SMIM24,1,3,0.037037037037037035,15,15
RERGL,1,3,0.2727272727272727,15,15
SOX2,1,3,0.07692307692307693,15,15
ESR1,1,3,0.018867924528301886,16,40
STC1,1,3,0.018518518518518517,42,15
HEMGN,1,3,0.12,15,15
BAMBI,1,3,0.12,15,15
MEDAG,1,3,0.0,15,15
HEPACAM2,1,3,0.07692307692307693,15,15
FCER1A,1,3,0.037037037037037035,15,15
PLIN4,1,3,0.17647058823529413,27,15
FXYD2,1,3,0.03389830508474576,18,45
SERPINB3,1,3,0.0,15,15
PLAC9,1,3,0.07692307692307693,15,15
ALAS2,1,3,0.12,15,15
EPCAM,1,3,0.07692307692307693,15,15
AHSP,1,3,0.16666666666666666,15,15
SNCA,1,3,0.2727272727272727,15,15
RND1,1,3,0.2727272727272727,15,15
ASCL3,1,3,0.037037037037037035,15,15
CLCA1,1,3,0.16666666666666666,15,15
CFAP53,1,3,0.12,15,15
STC2,1,3,0.0,16,15
ALDH1A3,1,3,0.037037037037037035,15,15
CFHR1,1,3,0.0,16,15
TMEM100,1,3,0.0,15,15
CD1A,1,3,0.2727272727272727,15,15
PPP1R1A,1,3,0.16666666666666666,15,15
IL1RL1,1,3,0.0,15,15
TSPAN19,1,3,0.12,15,15
CYP1A1,1,3,0.03571428571428571,16,15
FGFBP2,1,3,0.0,15,15
EGFR,1,3,0.0,16,15
CYP2F1,1,3,0.16666666666666666,15,15
SNTN,1,3,0.07692307692307693,15,15
TIMP4,1,3,0.21739130434782608,15,15
GATA2,1,3,0.0,42,15
HAMP,1,3,0.12,15,15
PPP1R1B,1,3,0.037037037037037035,15,15
ADH1C,1,3,0.16666666666666666,15,15
CCDC39,1,3,0.2727272727272727,15,15
CFTR,1,3,0.037037037037037035,15,15
TMC5,1,3,0.0,15,15
PGR,1,3,0.21739130434782608,15,15
AGER,1,3,0.037037037037037035,15,15
MAMDC2,1,3,0.16666666666666666,15,15
AR,1,3,0.037037037037037035,15,15
C15orf48,1,3,0.21739130434782608,15,15
S100A1,1,3,0.037037037037037035,15,15
SOX18,1,3,0.018518518518518517,42,15
SNAI1,1,3,0.12,15,15
CLIC6,1,3,0.037037037037037035,15,15
SLC26A3,1,3,0.12,15,15
TM4SF4,1,3,0.16666666666666666,15,15
THBS2,1,3,0.15384615384615385,17,15
AQP9,1,3,0.12,15,15
SLC18A2,1,3,0.07692307692307693,15,15
ERBB2,1,3,0.0,15,15
GPC1,1,3,0.21739130434782608,15,15
TAC1,1,3,0.21739130434782608,15,15
FGFBP1,1,3,0.0,15,15
C6orf118,1,3,0.0,15,15
APOA5,1,3,0.21739130434782608,15,15
DNAAF1,1,3,0.12,15,15
ACE2,1,3,0.12,15,15
CLCA2,1,3,0.21739130434782608,15,15
MCEMP1,1,3,0.21739130434782608,15,15
TBX3,1,3,0.0,16,15
CYP2B6,1,3,0.21739130434782608,15,15
SCGN,1,3,0.21739130434782608,15,15
OPRPN,1,3,0.21739130434782608,15,15
CD300E,1,3,0.16666666666666666,15,15
CAPN8,1,3,0.12,15,15
SCGB2A1,1,3,0.21739130434782608,15,15
GPRC5A,1,3,0.07692307692307693,15,15
CCDC78,1,3,0.16666666666666666,15,15
CTSG,1,3,0.7037037037037037,27,21
ADIPOQ,1,3,0.037037037037037035,15,15
C1orf194,1,3,0.16666666666666666,15,15
LILRA5,1,3,0.16666666666666666,15,15
HPGDS,1,3,0.037037037037037035,15,15
KCNK3,1,3,0.07692307692307693,15,15
LPL,1,3,0.0,15,15
GYPB,1,3,0.16666666666666666,15,15
GKN2,1,3,0.16666666666666666,15,15
C5orf46,1,3,0.0,15,15
SELE,1,3,0.07142857142857142,17,15
SERPINB2,1,3,0.16666666666666666,15,15
DIRAS3,1,3,0.16666666666666666,15,15
PRG4,1,3,0.07692307692307693,15,15
LGI4,1,3,0.21739130434782608,15,15
COL17A1,1,3,0.16666666666666666,15,15
SFTA2,1,3,0.16666666666666666,15,15
HIGD1B,1,3,0.0,15,15
DPEP1,1,3,0.16666666666666666,15,15
PCP4,1,3,0.16666666666666666,15,15
CSF3,1,3,0.07692307692307693,15,15
TREM2,1,3,0.21739130434782608,15,15
TMEM52B,1,3,0.07142857142857142,17,15
AGR3,1,3,0.21739130434782608,15,15
AQP8,1,3,0.21739130434782608,15,15
ARFGEF3,1,3,0.034482758620689655,17,15
SNCG,1,3,0.21739130434782608,15,15
SLC22A8,1,3,0.15384615384615385,17,15
PEBP4,1,3,0.07142857142857142,17,15
BBOX1,1,3,0.25,17,15
CYP3A4,1,3,0.15384615384615385,17,15
FOXI1,1,3,0.15384615384615385,17,15
S100A12,1,3,0.21739130434782608,15,15
HPX,1,3,0.25,17,15
LGR5,1,3,0.21739130434782608,15,15
NAT8,1,3,0.15384615384615385,17,15
PCSK2,1,3,0.25,17,15
ASCL1,1,3,0.25,17,15
PVALB,1,3,0.25,17,15
FCN2,1,3,0.21739130434782608,15,15
GCG,1,3,0.0,15,15
CD70,1,3,0.25,17,15
UMOD,1,3,0.034482758620689655,17,15
FOXJ1,1,3,0.0,15,15
MLPH,1,3,0.21739130434782608,15,15
GLYATL1,1,3,0.21739130434782608,15,15
KRT20,1,3,0.25,17,15
ADH4,1,3,0.21739130434782608,15,15
CA4,1,3,0.0,15,21
CDH16,1,3,0.21739130434782608,15,15
AQP2,1,3,0.21739130434782608,15,15
DMBT1,1,3,0.17647058823529413,27,15
CHGA,1,3,0.21739130434782608,15,15
CCL27,1,3,0.21739130434782608,15,15
KNG1,1,3,0.21739130434782608,15,15
PPY,1,3,0.17647058823529413,27,15
MLANA,1,3,0.17647058823529413,27,15
HMGCS2,1,3,0.17647058823529413,27,15
CRHBP,1,3,0.7037037037037037,27,21
TFF2,1,3,0.17647058823529413,27,15
GDF15,1,3,0.7037037037037037,27,21
PDCD1,1,3,0.17647058823529413,27,15
SST,1,3,0.7037037037037037,27,21
INS,1,3,0.7037037037037037,27,21
FOXA1,1,3,0.7037037037037037,27,21
TMEM174,1,3,0.7037037037037037,27,21
TCF15,1,3,0.7037037037037037,27,21
KLK11,1,3,0.7037037037037037,27,21
SPDEF,1,3,0.7037037037037037,27,21
ABCC11,1,3,0.7037037037037037,27,21
HES4,1,3,0.7037037037037037,27,21
C20orf85,1,3,0.7037037037037037,27,21
TAT,1,3,0.7037037037037037,27,21
MYBPC1,1,3,0.7037037037037037,27,21
LY6D,1,3,0.7037037037037037,27,21
UPK3B,1,3,0.7037037037037037,27,21
GPX2,1,3,0.7037037037037037,27,21
RETN,1,3,0.7037037037037037,27,21
KRT7,1,3,0.7037037037037037,27,21
MS4A1,1,4,0.4782608695652174,21,15
CXCR4,1,4,0.03571428571428571,21,39
TRAC,1,4,0.375,29,39
PTPRC,1,4,0.375,29,39
IL7R,1,4,0.375,29,39
BANK1,1,4,0.4782608695652174,21,15
PTGDS,1,4,0.5454545454545454,21,15
CD79A,1,4,0.4782608695652174,21,15
MPEG1,1,4,0.030303030303030304,21,15
CYTIP,1,4,0.375,29,39
PECAM1,1,4,0.0,42,39
SELL,1,4,0.375,29,39
IRF8,1,4,0.030303030303030304,21,15
CD3E,1,4,0.375,29,39
BASP1,1,4,0.0,18,16
TCL1A,1,4,0.0,21,16
CCR7,1,4,0.375,29,39
PCNA,1,4,0.7222222222222222,17,16
AIF1,1,4,0.5454545454545454,21,15
CD3D,1,4,0.375,29,39
FGL2,1,4,0.5454545454545454,21,15
CD4,1,4,0.0,21,39
PLCG2,1,4,0.4782608695652174,21,15
MDM2,1,4,0.7222222222222222,17,16
CD2,1,4,0.375,29,39
MKI67,1,4,0.7222222222222222,17,16
SERPINB9,1,4,0.1111111111111111,16,16
MS4A6A,1,4,0.5454545454545454,21,15
CD19,1,4,0.4782608695652174,21,15
TENT5C,1,4,0.7222222222222222,17,16
CTLA4,1,4,0.375,29,39
ACTG2,1,4,0.7222222222222222,17,16
MZB1,1,4,0.7222222222222222,17,16
CD28,1,4,0.375,29,39
GPR183,1,4,0.375,29,39
CD34,1,4,0.05084745762711865,42,22
KLRB1,1,4,0.375,29,39
CD247,1,4,0.375,29,39
MYC,1,4,0.03571428571428571,21,39
CXCL2,1,4,0.0,16,15
C1orf162,1,4,0.03773584905660377,18,39
CD83,1,4,0.12244897959183673,18,39
CD69,1,4,0.03571428571428571,21,39
ADAM28,1,4,0.4782608695652174,21,15
CCL5,1,4,0.23529411764705882,29,15
BCL2L11,1,4,0.018867924528301886,17,39
TFPI,1,4,0.05084745762711865,42,22
CXCL9,1,4,0.08571428571428572,18,22
PRDM1,1,4,0.018867924528301886,17,39
TNC,1,4,0.12,15,15
LYVE1,1,4,0.03571428571428571,16,15
VWF,1,4,0.03773584905660377,42,15
IGSF6,1,4,0.5454545454545454,21,15
CD5L,1,4,0.0,21,15
CD1C,1,4,0.03333333333333333,18,15
MEF2C,1,4,0.4782608695652174,21,15
MMRN1,1,4,0.05084745762711865,42,22
PLA2G7,1,4,0.5454545454545454,21,15
GNLY,1,4,0.23529411764705882,29,15
LAMP3,1,4,0.05555555555555555,18,22
TCF4,1,4,0.4782608695652174,21,15
GLIPR1,1,4,0.12244897959183673,18,39
CD27,1,4,0.375,29,39
CD163,1,4,0.0,21,15
SLAMF7,1,4,0.7222222222222222,17,16
CD8A,1,4,0.23529411764705882,29,15
SPIB,1,4,0.12244897959183673,18,39
MYLK,1,4,0.0784313725490196,42,15
CDK1,1,4,0.7222222222222222,17,16
ACTA2,1,4,0.0,15,15
CAVIN2,1,4,0.018518518518518517,42,15
CAVIN1,1,4,0.057692307692307696,42,15
LY86,1,4,0.4782608695652174,21,15
KLRD1,1,4,0.23529411764705882,29,15
HLA-DQB2,1,4,0.12244897959183673,18,39
IL2RA,1,4,0.375,29,39
CCL19,1,4,0.12,15,15
TNFRSF9,1,4,0.0,29,16
CLECL1,1,4,0.4782608695652174,21,15
FBN1,1,4,0.07692307692307693,42,16
KCNMA1,1,4,0.5454545454545454,21,15
TNFRSF13B,1,4,0.4782608695652174,21,15
TNFRSF17,1,4,0.7222222222222222,17,16
MS4A4A,1,4,0.5454545454545454,21,15
GZMK,1,4,0.23529411764705882,29,15
APOLD1,1,4,0.0784313725490196,42,15
TOP2A,1,4,0.7222222222222222,17,16
CD68,1,4,0.5454545454545454,21,15
CXCL10,1,4,0.06896551724137931,18,15
CLEC10A,1,4,0.03333333333333333,18,15
DUSP2,1,4,0.375,29,39
MTRNR2L11,1,4,0.12244897959183673,18,39
DNASE1L3,1,4,0.08571428571428572,18,22
IL3RA,1,4,0.0,21,15
RTKN2,1,4,0.375,29,39
LILRA4,1,4,0.0,21,22
CTSK,1,4,0.019230769230769232,16,39
C7,1,4,0.07692307692307693,15,15
ADGRL4,1,4,0.07692307692307693,42,16
SLAMF1,1,4,0.12244897959183673,18,39
PDGFRB,1,4,0.12,15,15
DST,1,4,0.0,21,16
MMRN2,1,4,0.07692307692307693,42,16
SFRP4,1,4,0.07692307692307693,15,15
CD93,1,4,0.03773584905660377,42,15
FKBP11,1,4,0.7222222222222222,17,16
CSF2RA,1,4,0.5454545454545454,21,15
GZMA,1,4,0.23529411764705882,29,15
MNDA,1,4,0.03333333333333333,18,15
PROX1,1,4,0.03333333333333333,16,17
SH2D3C,1,4,0.019230769230769232,16,39
HAVCR2,1,4,0.5454545454545454,21,15
PLD4,1,4,0.4782608695652174,21,15
MYH11,1,4,0.018518518518518517,42,15
ADAMTS1,1,4,0.037037037037037035,15,15
CCR2,1,4,0.0,17,15
GNG11,1,4,0.05084745762711865,42,22
CD86,1,4,0.12244897959183673,18,39
FOXP3,1,4,0.375,29,39
MARCO,1,4,0.0,16,15
CENPF,1,4,0.7222222222222222,17,16
GZMB,1,4,0.0,21,15
FCGR3A,1,4,0.08571428571428572,18,22
PRF1,1,4,0.23529411764705882,29,15
LILRB2,1,4,0.5454545454545454,21,15
THY1,1,4,0.0784313725490196,42,15
FAS,1,4,0.1111111111111111,16,16
EDNRB,1,4,0.0784313725490196,42,15
DPT,1,4,0.125,16,22
CD14,1,4,0.0,21,15
TCIM,1,4,0.07692307692307693,42,16
KLRC1,1,4,0.23529411764705882,29,15
COCH,1,4,0.125,16,22
LTBP2,1,4,0.0,16,16
AMY2A,1,4,0.03773584905660377,18,39
FBLN1,1,4,0.0,15,15
SMYD2,1,4,0.03773584905660377,18,39
MRC1,1,4,0.0,21,15
CCNB2,1,4,0.7222222222222222,17,16
ACKR1,1,4,0.03773584905660377,42,15
ECSCR,1,4,0.07547169811320754,42,17
EGFL7,1,4,0.0,42,15
NKG7,1,4,0.23529411764705882,29,15
PMP22,1,4,0.0,15,22
IGF1,1,4,0.5454545454545454,21,15
UBE2C,1,4,0.7222222222222222,17,16
RBP5,1,4,0.03571428571428571,15,16
PDGFRA,1,4,0.07692307692307693,15,15
BTNL9,1,4,0.057692307692307696,42,15
SLC26A2,1,4,0.0,16,39
CLEC14A,1,4,0.057692307692307696,42,15
PPARG,1,4,0.07692307692307693,42,16
THAP2,1,4,0.0,18,15
MCF2L,1,4,0.0784313725490196,42,15
INMT,1,4,0.057692307692307696,42,15
CD1E,1,4,0.05555555555555555,18,22
TM4SF18,1,4,0.07547169811320754,42,17
EDN1,1,4,0.018518518518518517,42,15
NPDC1,1,4,0.057692307692307696,42,15
FHL2,1,4,0.03571428571428571,16,15
RGS16,1,4,0.03571428571428571,16,15
FCN1,1,4,0.03333333333333333,18,15
RAMP2,1,4,0.03773584905660377,42,15
RAPGEF3,1,4,0.07547169811320754,42,17
MEST,1,4,0.06896551724137931,18,15
KIT,1,4,0.057692307692307696,42,15
GEM,1,4,0.03571428571428571,15,16
VCAN,1,4,0.0,16,15
SPI1,1,4,0.0,18,15
FCGR1A,1,4,0.0,18,16
DES,1,4,0.0,15,15
STEAP4,1,4,0.037037037037037035,15,15
ERG,1,4,0.03773584905660377,42,15
PCOLCE,1,4,0.12,15,15
VWA5A,1,4,0.125,16,22
COL5A2,1,4,0.07692307692307693,15,15
PTN,1,4,0.03571428571428571,16,15
CFB,1,4,0.125,16,22
MET,1,4,0.03773584905660377,42,15
CAV1,1,4,0.018518518518518517,42,15
GATM,1,4,0.1111111111111111,16,16
OGN,1,4,0.0,15,22
PDPN,1,4,0.1111111111111111,16,16
MFAP5,1,4,0.0,15,15
MALL,1,4,0.057692307692307696,42,15
CLEC4E,1,4,0.0,18,17
RIDA,1,4,0.06896551724137931,18,15
CRISPLD2,1,4,0.0,15,15
ELF5,1,4,0.0,15,15
GHRL,1,4,0.0,21,15
SEMA3C,1,4,0.07142857142857142,15,17
CPA3,1,4,0.12,15,15
SRPX,1,4,0.03571428571428571,16,15
VSIG4,1,4,0.037037037037037035,15,15
NTN4,1,4,0.07547169811320754,42,17
FSTL3,1,4,0.02857142857142857,16,22
ANPEP,1,4,0.0,18,15
CFHR3,1,4,0.07547169811320754,42,17
GYPA,1,4,0.0,15,22
APOBEC3A,1,4,0.05555555555555555,18,22
AQP3,1,4,0.0,18,15
ANGPT2,1,4,0.03571428571428571,16,15
APCDD1,1,4,0.125,16,22
SLC4A1,1,4,0.07692307692307693,15,15
SFRP2,1,4,0.2727272727272727,15,15
DERL3,1,4,0.08571428571428572,18,22
CD274,1,4,0.03125,18,17
CXCL6,1,4,0.02857142857142857,16,22
IL1R2,1,4,0.0,18,15
CYP4B1,1,4,0.0,15,16
SOX17,1,4,0.018518518518518517,42,15
LIF,1,4,0.037037037037037035,15,15
ASPN,1,4,0.07142857142857142,15,17
LILRB4,1,4,0.0,21,15
CNN1,1,4,0.07692307692307693,15,15
MS4A2,1,4,0.0,15,15
BMX,1,4,0.0,16,15
ADGRE1,1,4,0.07142857142857142,15,17
LAG3,1,4,0.0,18,15
CYP2A7,1,4,0.12,15,15
EHF,1,4,0.03125,18,17
GPC3,1,4,0.037037037037037035,15,15
SMIM24,1,4,0.0,15,15
RERGL,1,4,0.037037037037037035,15,15
SOX2,1,4,0.12,15,15
ESR1,1,4,0.03571428571428571,16,15
STC1,1,4,0.057692307692307696,42,15
HEMGN,1,4,0.16666666666666666,15,15
BAMBI,1,4,0.037037037037037035,15,15
MEDAG,1,4,0.0,15,15
HEPACAM2,1,4,0.12,15,15
FCER1A,1,4,0.037037037037037035,15,15
PLIN4,1,4,0.08108108108108109,27,15
FXYD2,1,4,0.0,18,15
SERPINB3,1,4,0.037037037037037035,15,15
PLAC9,1,4,0.07692307692307693,15,15
ALAS2,1,4,0.037037037037037035,15,15
EPCAM,1,4,0.12,15,15
AHSP,1,4,0.037037037037037035,15,15
SNCA,1,4,0.037037037037037035,15,15
RND1,1,4,0.037037037037037035,15,15
ASCL3,1,4,0.07142857142857142,15,17
CLCA1,1,4,0.0,15,17
CFAP53,1,4,0.07142857142857142,15,17
STC2,1,4,0.0,16,15
ALDH1A3,1,4,0.07692307692307693,15,15
CFHR1,1,4,0.0,16,15
TMEM100,1,4,0.0,15,15
CD1A,1,4,0.07142857142857142,15,17
PPP1R1A,1,4,0.16666666666666666,15,15
IL1RL1,1,4,0.12,15,15
TSPAN19,1,4,0.0,15,15
CYP1A1,1,4,0.03333333333333333,16,17
FGFBP2,1,4,0.037037037037037035,15,15
EGFR,1,4,0.03571428571428571,16,15
CYP2F1,1,4,0.16666666666666666,15,15
SNTN,1,4,0.0,15,15
TIMP4,1,4,0.0,15,15
GATA2,1,4,0.018518518518518517,42,15
HAMP,1,4,0.07692307692307693,15,15
PPP1R1B,1,4,0.07692307692307693,15,15
ADH1C,1,4,0.037037037037037035,15,15
CCDC39,1,4,0.037037037037037035,15,15
CFTR,1,4,0.07692307692307693,15,15
TMC5,1,4,0.16666666666666666,15,15
PGR,1,4,0.037037037037037035,15,15
AGER,1,4,0.16666666666666666,15,15
MAMDC2,1,4,0.037037037037037035,15,15
AR,1,4,0.0,15,15
C15orf48,1,4,0.12,15,15
S100A1,1,4,0.0,15,15
SOX18,1,4,0.0,42,15
SNAI1,1,4,0.037037037037037035,15,15
CLIC6,1,4,0.12,15,15
SLC26A3,1,4,0.12,15,15
TM4SF4,1,4,0.0,15,15
THBS2,1,4,0.15384615384615385,17,15
AQP9,1,4,0.037037037037037035,15,15
SLC18A2,1,4,0.07692307692307693,15,15
ERBB2,1,4,0.12,15,15
GPC1,1,4,0.12,15,15
TAC1,1,4,0.12,15,15
FGFBP1,1,4,0.12,15,15
C6orf118,1,4,0.12,15,15
APOA5,1,4,0.07692307692307693,15,15
DNAAF1,1,4,0.037037037037037035,15,15
ACE2,1,4,0.12,15,15
CLCA2,1,4,0.12,15,15
MCEMP1,1,4,0.12,15,15
TBX3,1,4,0.0,16,15
CYP2B6,1,4,0.12,15,15
SCGN,1,4,0.12,15,15
OPRPN,1,4,0.07692307692307693,15,15
CD300E,1,4,0.0,15,15
CAPN8,1,4,0.0,15,15
SCGB2A1,1,4,0.12,15,15
GPRC5A,1,4,0.037037037037037035,15,15
CCDC78,1,4,0.0,15,15
CTSG,1,4,0.7333333333333333,27,27
ADIPOQ,1,4,0.037037037037037035,15,15
C1orf194,1,4,0.12,15,15
LILRA5,1,4,0.037037037037037035,15,15
HPGDS,1,4,0.07692307692307693,15,15
KCNK3,1,4,0.07692307692307693,15,15
LPL,1,4,0.0,15,15
GYPB,1,4,0.037037037037037035,15,15
GKN2,1,4,0.12,15,15
C5orf46,1,4,0.07692307692307693,15,15
SELE,1,4,0.15384615384615385,17,15
SERPINB2,1,4,0.12,15,15
DIRAS3,1,4,0.2727272727272727,15,15
PRG4,1,4,0.07692307692307693,15,15
LGI4,1,4,0.2727272727272727,15,15
COL17A1,1,4,0.2727272727272727,15,15
SFTA2,1,4,0.12,15,15
HIGD1B,1,4,0.037037037037037035,15,15
DPEP1,1,4,0.2727272727272727,15,15
PCP4,1,4,0.2727272727272727,15,15
CSF3,1,4,0.07692307692307693,15,15
TREM2,1,4,0.07692307692307693,15,15
TMEM52B,1,4,0.034482758620689655,17,15
AGR3,1,4,0.2727272727272727,15,15
AQP8,1,4,0.07692307692307693,15,15
ARFGEF3,1,4,0.0,17,27
SNCG,1,4,0.05263157894736842,15,27
SLC22A8,1,4,0.034482758620689655,17,15
PEBP4,1,4,0.034482758620689655,17,15
BBOX1,1,4,0.034482758620689655,17,15
CYP3A4,1,4,0.15384615384615385,17,15
FOXI1,1,4,0.15384615384615385,17,15
S100A12,1,4,0.16666666666666666,15,15
HPX,1,4,0.15384615384615385,17,15
LGR5,1,4,0.16666666666666666,15,15
NAT8,1,4,0.15384615384615385,17,15
PCSK2,1,4,0.15384615384615385,17,15
ASCL1,1,4,0.15384615384615385,17,15
PVALB,1,4,0.15384615384615385,17,15
FCN2,1,4,0.21739130434782608,15,15
GCG,1,4,0.16666666666666666,15,15
CD70,1,4,0.034482758620689655,17,15
UMOD,1,4,0.034482758620689655,17,15
FOXJ1,1,4,0.0,15,15
MLPH,1,4,0.16666666666666666,15,15
GLYATL1,1,4,0.16666666666666666,15,15
KRT20,1,4,0.15384615384615385,17,15
ADH4,1,4,0.21739130434782608,15,15
CA4,1,4,0.05263157894736842,15,27
CDH16,1,4,0.05263157894736842,15,27
AQP2,1,4,0.21739130434782608,15,15
DMBT1,1,4,0.7333333333333333,27,27
CHGA,1,4,0.21739130434782608,15,15
CCL27,1,4,0.21739130434782608,15,15
KNG1,1,4,0.21739130434782608,15,15
PPY,1,4,0.7333333333333333,27,27
MLANA,1,4,0.08108108108108109,27,15
HMGCS2,1,4,0.08108108108108109,27,15
CRHBP,1,4,0.7333333333333333,27,27
TFF2,1,4,0.08108108108108109,27,15
GDF15,1,4,0.7333333333333333,27,27
PDCD1,1,4,0.7333333333333333,27,27
SST,1,4,0.7333333333333333,27,27
INS,1,4,0.7333333333333333,27,27
FOXA1,1,4,0.7333333333333333,27,27
TMEM174,1,4,0.7333333333333333,27,27
TCF15,1,4,0.7333333333333333,27,27
KLK11,1,4,0.7333333333333333,27,27
SPDEF,1,4,0.7333333333333333,27,27
ABCC11,1,4,0.7333333333333333,27,27
HES4,1,4,0.7333333333333333,27,27
C20orf85,1,4,0.7333333333333333,27,27
TAT,1,4,0.7333333333333333,27,27
MYBPC1,1,4,0.7333333333333333,27,27
LY6D,1,4,0.7333333333333333,27,27
UPK3B,1,4,0.7333333333333333,27,27
GPX2,1,4,0.7333333333333333,27,27
RETN,1,4,0.7333333333333333,27,27
KRT7,1,4,0.7333333333333333,27,27
MS4A1,1,5,0.16666666666666666,21,44
CXCR4,1,5,0.21875,21,20
TRAC,1,5,0.3125,29,15
PTPRC,1,5,0.04411764705882353,29,44
IL7R,1,5,0.3125,29,15
BANK1,1,5,0.21875,21,20
PTGDS,1,5,0.36585365853658536,21,37
CD79A,1,5,0.16666666666666666,21,44
MPEG1,1,5,0.21875,21,20
CYTIP,1,5,0.3125,29,15
PECAM1,1,5,0.4,42,23
SELL,1,5,0.04411764705882353,29,44
IRF8,1,5,0.16666666666666666,21,44
CD3E,1,5,0.3125,29,15
BASP1,1,5,0.1320754716981132,18,44
TCL1A,1,5,0.16666666666666666,21,44
CCR7,1,5,0.04918032786885246,29,37
PCNA,1,5,0.3409090909090909,17,44
AIF1,1,5,0.36585365853658536,21,37
CD3D,1,5,0.3125,29,15
FGL2,1,5,0.0,21,15
CD4,1,5,0.36585365853658536,21,37
PLCG2,1,5,0.16666666666666666,21,44
MDM2,1,5,0.3409090909090909,17,44
CD2,1,5,0.3125,29,15
MKI67,1,5,0.3409090909090909,17,44
SERPINB9,1,5,0.017543859649122806,16,44
MS4A6A,1,5,0.36585365853658536,21,37
CD19,1,5,0.16666666666666666,21,44
TENT5C,1,5,0.3409090909090909,17,44
CTLA4,1,5,0.3125,29,15
ACTG2,1,5,0.3409090909090909,17,44
MZB1,1,5,0.3409090909090909,17,44
CD28,1,5,0.3125,29,15
GPR183,1,5,0.04918032786885246,29,37
CD34,1,5,0.4,42,23
KLRB1,1,5,0.3125,29,15
CD247,1,5,0.3125,29,15
MYC,1,5,0.21875,21,20
CXCL2,1,5,0.11538461538461539,16,15
C1orf162,1,5,0.019230769230769232,18,37
CD83,1,5,0.1320754716981132,18,44
CD69,1,5,0.21875,21,20
ADAM28,1,5,0.21875,21,20
CCL5,1,5,0.13513513513513514,29,15
BCL2L11,1,5,0.3409090909090909,17,44
TFPI,1,5,0.037037037037037035,42,16
CXCL9,1,5,0.03333333333333333,18,15
PRDM1,1,5,0.3409090909090909,17,44
TNC,1,5,0.12,15,15
LYVE1,1,5,0.0,16,15
VWF,1,5,0.4,42,23
IGSF6,1,5,0.36585365853658536,21,37
CD5L,1,5,0.0,21,15
CD1C,1,5,0.0,18,20
MEF2C,1,5,0.16666666666666666,21,44
MMRN1,1,5,0.018518518518518517,42,15
PLA2G7,1,5,0.36585365853658536,21,37
GNLY,1,5,0.05,29,15
LAMP3,1,5,0.0,18,15
TCF4,1,5,0.16666666666666666,21,44
GLIPR1,1,5,0.0392156862745098,18,37
CD27,1,5,0.3125,29,15
CD163,1,5,0.0,21,15
SLAMF7,1,5,0.3409090909090909,17,44
CD8A,1,5,0.13513513513513514,29,15
SPIB,1,5,0.1320754716981132,18,44
MYLK,1,5,0.4,42,23
CDK1,1,5,0.3409090909090909,17,44
ACTA2,1,5,0.02040816326530612,15,37
CAVIN2,1,5,0.037037037037037035,42,16
CAVIN1,1,5,0.4,42,23
LY86,1,5,0.16666666666666666,21,44
KLRD1,1,5,0.05,29,15
HLA-DQB2,1,5,0.1320754716981132,18,44
IL2RA,1,5,0.04918032786885246,29,37
CCL19,1,5,0.07692307692307693,15,15
TNFRSF9,1,5,0.0,29,15
CLECL1,1,5,0.16666666666666666,21,44
FBN1,1,5,0.03773584905660377,42,15
KCNMA1,1,5,0.36585365853658536,21,37
TNFRSF13B,1,5,0.21875,21,20
TNFRSF17,1,5,0.3409090909090909,17,44
MS4A4A,1,5,0.36585365853658536,21,37
GZMK,1,5,0.13513513513513514,29,15
APOLD1,1,5,0.4,42,23
TOP2A,1,5,0.3409090909090909,17,44
CD68,1,5,0.36585365853658536,21,37
CXCL10,1,5,0.0,18,15
CLEC10A,1,5,0.03333333333333333,18,15
DUSP2,1,5,0.04411764705882353,29,44
MTRNR2L11,1,5,0.1320754716981132,18,44
DNASE1L3,1,5,0.0,18,15
IL3RA,1,5,0.0,21,23
RTKN2,1,5,0.04411764705882353,29,44
LILRA4,1,5,0.0,21,15
CTSK,1,5,0.07407407407407407,16,15
C7,1,5,0.0,15,15
ADGRL4,1,5,0.4,42,23
SLAMF1,1,5,0.1320754716981132,18,44
PDGFRB,1,5,0.058823529411764705,15,23
DST,1,5,0.36585365853658536,21,37
MMRN2,1,5,0.4,42,23
SFRP4,1,5,0.07692307692307693,15,15
CD93,1,5,0.4,42,23
FKBP11,1,5,0.3409090909090909,17,44
CSF2RA,1,5,0.36585365853658536,21,37
GZMA,1,5,0.13513513513513514,29,15
MNDA,1,5,0.0392156862745098,18,37
PROX1,1,5,0.11538461538461539,16,15
SH2D3C,1,5,0.017543859649122806,16,44
HAVCR2,1,5,0.36585365853658536,21,37
PLD4,1,5,0.21875,21,20
MYH11,1,5,0.0,42,44
ADAMTS1,1,5,0.07692307692307693,15,15
CCR2,1,5,0.0,17,15
GNG11,1,5,0.4,42,23
CD86,1,5,0.1320754716981132,18,44
FOXP3,1,5,0.13513513513513514,29,15
MARCO,1,5,0.0,16,26
CENPF,1,5,0.3409090909090909,17,44
GZMB,1,5,0.0,21,15
FCGR3A,1,5,0.0,18,16
PRF1,1,5,0.04918032786885246,29,37
LILRB2,1,5,0.0,21,20
THY1,1,5,0.4,42,23
FAS,1,5,0.02,16,37
EDNRB,1,5,0.4,42,23
DPT,1,5,0.07407407407407407,16,15
CD14,1,5,0.36585365853658536,21,37
TCIM,1,5,0.03773584905660377,42,15
KLRC1,1,5,0.05,29,15
COCH,1,5,0.03571428571428571,16,15
LTBP2,1,5,0.03571428571428571,16,15
AMY2A,1,5,0.125,18,20
FBLN1,1,5,0.0,15,15
SMYD2,1,5,0.125,18,20
MRC1,1,5,0.0,21,15
CCNB2,1,5,0.3409090909090909,17,44
ACKR1,1,5,0.0,42,15
ECSCR,1,5,0.4,42,23
EGFL7,1,5,0.4,42,23
NKG7,1,5,0.13513513513513514,29,15
PMP22,1,5,0.02040816326530612,15,37
IGF1,1,5,0.36585365853658536,21,37
UBE2C,1,5,0.3409090909090909,17,44
RBP5,1,5,0.12,15,15
PDGFRA,1,5,0.12,15,15
BTNL9,1,5,0.4,42,23
SLC26A2,1,5,0.0,16,20
CLEC14A,1,5,0.4,42,23
PPARG,1,5,0.02666666666666667,42,37
THAP2,1,5,0.125,18,20
MCF2L,1,5,0.02666666666666667,42,37
INMT,1,5,0.0,42,15
CD1E,1,5,0.0,18,16
TM4SF18,1,5,0.4,42,23
EDN1,1,5,0.4,42,23
NPDC1,1,5,0.12244897959183673,42,15
FHL2,1,5,0.02,16,37
RGS16,1,5,0.0,16,44
FCN1,1,5,0.0,18,16
RAMP2,1,5,0.4,42,23
RAPGEF3,1,5,0.12244897959183673,42,15
MEST,1,5,0.125,18,20
KIT,1,5,0.037037037037037035,42,16
GEM,1,5,0.12,15,15
VCAN,1,5,0.0,16,37
SPI1,1,5,0.01694915254237288,18,44
FCGR1A,1,5,0.0,18,16
DES,1,5,0.07692307692307693,15,15
STEAP4,1,5,0.07692307692307693,15,15
ERG,1,5,0.12244897959183673,42,15
PCOLCE,1,5,0.0,15,16
VWA5A,1,5,0.07407407407407407,16,15
COL5A2,1,5,0.058823529411764705,15,23
PTN,1,5,0.0,16,15
CFB,1,5,0.07407407407407407,16,15
MET,1,5,0.02666666666666667,42,37
CAV1,1,5,0.12244897959183673,42,15
GATM,1,5,0.0,16,20
OGN,1,5,0.07407407407407407,15,16
PDPN,1,5,0.07407407407407407,16,15
MFAP5,1,5,0.0,15,15
MALL,1,5,0.12244897959183673,42,15
CLEC4E,1,5,0.0392156862745098,18,37
RIDA,1,5,0.01694915254237288,18,44
CRISPLD2,1,5,0.058823529411764705,15,23
ELF5,1,5,0.0,15,37
GHRL,1,5,0.36585365853658536,21,37
SEMA3C,1,5,0.07692307692307693,15,15
CPA3,1,5,0.07692307692307693,15,15
SRPX,1,5,0.03571428571428571,16,15
VSIG4,1,5,0.0,15,15
NTN4,1,5,0.03773584905660377,42,15
FSTL3,1,5,0.0,16,16
ANPEP,1,5,0.0,18,15
CFHR3,1,5,0.018518518518518517,42,15
GYPA,1,5,0.07692307692307693,15,15
APOBEC3A,1,5,0.1320754716981132,18,44
AQP3,1,5,0.0,18,15
ANGPT2,1,5,0.0,16,16
APCDD1,1,5,0.07407407407407407,16,15
SLC4A1,1,5,0.037037037037037035,15,15
SFRP2,1,5,0.037037037037037035,15,15
DERL3,1,5,0.125,18,20
CD274,1,5,0.019230769230769232,18,37
CXCL6,1,5,0.11538461538461539,16,15
IL1R2,1,5,0.03333333333333333,18,15
CYP4B1,1,5,0.0,15,15
SOX17,1,5,0.12244897959183673,42,15
LIF,1,5,0.0,15,15
ASPN,1,5,0.07407407407407407,15,16
LILRB4,1,5,0.36585365853658536,21,37
CNN1,1,5,0.037037037037037035,15,15
MS4A2,1,5,0.0,15,15
BMX,1,5,0.11538461538461539,16,15
ADGRE1,1,5,0.07692307692307693,15,15
LAG3,1,5,0.0,18,15
CYP2A7,1,5,0.07692307692307693,15,15
EHF,1,5,0.03333333333333333,18,15
GPC3,1,5,0.0,15,15
SMIM24,1,5,0.0,15,20
RERGL,1,5,0.07407407407407407,15,16
SOX2,1,5,0.0,15,20
ESR1,1,5,0.03571428571428571,16,15
STC1,1,5,0.0,42,15
HEMGN,1,5,0.0,15,15
BAMBI,1,5,0.07407407407407407,15,16
MEDAG,1,5,0.07692307692307693,15,15
HEPACAM2,1,5,0.07692307692307693,15,15
FCER1A,1,5,0.0,15,15
PLIN4,1,5,0.08108108108108109,27,15
FXYD2,1,5,0.0,18,15
SERPINB3,1,5,0.07692307692307693,15,15
PLAC9,1,5,0.07407407407407407,15,16
ALAS2,1,5,0.12,15,15
EPCAM,1,5,0.07407407407407407,15,16
AHSP,1,5,0.07692307692307693,15,15
SNCA,1,5,0.07692307692307693,15,15
RND1,1,5,0.0,15,16
ASCL3,1,5,0.07692307692307693,15,15
CLCA1,1,5,0.037037037037037035,15,15
CFAP53,1,5,0.07407407407407407,15,16
STC2,1,5,0.03571428571428571,16,15
ALDH1A3,1,5,0.03571428571428571,15,16
CFHR1,1,5,0.0,16,15
TMEM100,1,5,0.07692307692307693,15,15
CD1A,1,5,0.037037037037037035,15,15
PPP1R1A,1,5,0.03571428571428571,15,16
IL1RL1,1,5,0.07692307692307693,15,15
TSPAN19,1,5,0.07407407407407407,15,16
CYP1A1,1,5,0.0,16,16
FGFBP2,1,5,0.07692307692307693,15,15
EGFR,1,5,0.03571428571428571,16,15
CYP2F1,1,5,0.07692307692307693,15,15
SNTN,1,5,0.07407407407407407,15,16
TIMP4,1,5,0.0,15,15
GATA2,1,5,0.0,42,16
HAMP,1,5,0.0,15,37
PPP1R1B,1,5,0.07692307692307693,15,15
ADH1C,1,5,0.037037037037037035,15,15
CCDC39,1,5,0.07692307692307693,15,15
CFTR,1,5,0.07692307692307693,15,15
TMC5,1,5,0.0,15,20
PGR,1,5,0.0,15,15
AGER,1,5,0.03571428571428571,15,16
MAMDC2,1,5,0.037037037037037035,15,15
AR,1,5,0.0,15,15
C15orf48,1,5,0.0,15,15
S100A1,1,5,0.11538461538461539,15,16
SOX18,1,5,0.12244897959183673,42,15
SNAI1,1,5,0.037037037037037035,15,15
CLIC6,1,5,0.037037037037037035,15,15
SLC26A3,1,5,0.0,15,15
TM4SF4,1,5,0.07692307692307693,15,15
THBS2,1,5,0.0,17,15
AQP9,1,5,0.037037037037037035,15,15
SLC18A2,1,5,0.07692307692307693,15,15
ERBB2,1,5,0.0,15,16
GPC1,1,5,0.0,15,15
TAC1,1,5,0.0,15,15
FGFBP1,1,5,0.11538461538461539,15,16
C6orf118,1,5,0.0,15,15
APOA5,1,5,0.03571428571428571,15,16
DNAAF1,1,5,0.0,15,15
ACE2,1,5,0.0,15,15
CLCA2,1,5,0.12,15,15
MCEMP1,1,5,0.0,15,16
TBX3,1,5,0.0,16,15
CYP2B6,1,5,0.0,15,15
SCGN,1,5,0.11538461538461539,15,16
OPRPN,1,5,0.0,15,15
CD300E,1,5,0.0,15,15
CAPN8,1,5,0.037037037037037035,15,15
SCGB2A1,1,5,0.12,15,15
GPRC5A,1,5,0.07692307692307693,15,15
CCDC78,1,5,0.0,15,37
CTSG,1,5,0.59375,27,26
ADIPOQ,1,5,0.0,15,15
C1orf194,1,5,0.037037037037037035,15,15
LILRA5,1,5,0.0,15,15
HPGDS,1,5,0.07692307692307693,15,15
KCNK3,1,5,0.07692307692307693,15,15
LPL,1,5,0.0,15,37
GYPB,1,5,0.07692307692307693,15,15
GKN2,1,5,0.07692307692307693,15,15
C5orf46,1,5,0.12,15,15
SELE,1,5,0.034482758620689655,17,15
SERPINB2,1,5,0.07692307692307693,15,15
DIRAS3,1,5,0.037037037037037035,15,15
PRG4,1,5,0.037037037037037035,15,15
LGI4,1,5,0.07692307692307693,15,15
COL17A1,1,5,0.037037037037037035,15,15
SFTA2,1,5,0.07692307692307693,15,15
HIGD1B,1,5,0.11538461538461539,15,16
DPEP1,1,5,0.037037037037037035,15,15
PCP4,1,5,0.07692307692307693,15,15
CSF3,1,5,0.037037037037037035,15,15
TREM2,1,5,0.07692307692307693,15,15
TMEM52B,1,5,0.15384615384615385,17,15
AGR3,1,5,0.07692307692307693,15,15
AQP8,1,5,0.037037037037037035,15,15
ARFGEF3,1,5,0.0,17,26
SNCG,1,5,0.16666666666666666,15,15
SLC22A8,1,5,0.034482758620689655,17,15
PEBP4,1,5,0.15384615384615385,17,15
BBOX1,1,5,0.07142857142857142,17,15
CYP3A4,1,5,0.07142857142857142,17,15
FOXI1,1,5,0.15384615384615385,17,15
S100A12,1,5,0.12,15,15
HPX,1,5,0.15384615384615385,17,15
LGR5,1,5,0.037037037037037035,15,15
NAT8,1,5,0.034482758620689655,17,15
PCSK2,1,5,0.07142857142857142,17,15
ASCL1,1,5,0.034482758620689655,17,15
PVALB,1,5,0.07142857142857142,17,15
FCN2,1,5,0.12,15,15
GCG,1,5,0.08333333333333333,15,26
CD70,1,5,0.07142857142857142,17,15
UMOD,1,5,0.15384615384615385,17,15
FOXJ1,1,5,0.16666666666666666,15,15
MLPH,1,5,0.037037037037037035,15,15
GLYATL1,1,5,0.16666666666666666,15,15
KRT20,1,5,0.07142857142857142,17,15
ADH4,1,5,0.08333333333333333,15,26
CA4,1,5,0.08333333333333333,15,26
CDH16,1,5,0.12,15,15
AQP2,1,5,0.16666666666666666,15,15
DMBT1,1,5,0.59375,27,26
CHGA,1,5,0.08333333333333333,15,26
CCL27,1,5,0.12,15,15
KNG1,1,5,0.16666666666666666,15,15
PPY,1,5,0.08108108108108109,27,15
MLANA,1,5,0.02564102564102564,27,15
HMGCS2,1,5,0.02564102564102564,27,15
CRHBP,1,5,0.59375,27,26
TFF2,1,5,0.08108108108108109,27,15
GDF15,1,5,0.08108108108108109,27,15
PDCD1,1,5,0.0,27,15
SST,1,5,0.59375,27,26
INS,1,5,0.59375,27,26
FOXA1,1,5,0.59375,27,26
TMEM174,1,5,0.59375,27,26
TCF15,1,5,0.59375,27,26
KLK11,1,5,0.59375,27,26
SPDEF,1,5,0.59375,27,26
ABCC11,1,5,0.59375,27,26
HES4,1,5,0.59375,27,26
C20orf85,1,5,0.59375,27,26
TAT,1,5,0.59375,27,26
MYBPC1,1,5,0.59375,27,26
LY6D,1,5,0.59375,27,26
UPK3B,1,5,0.59375,27,26
GPX2,1,5,0.59375,27,26
RETN,1,5,0.59375,27,26
KRT7,1,5,0.59375,27,26
MS4A1,2,3,0.2222222222222222,19,38
CXCR4,2,3,0.2222222222222222,19,38
TRAC,2,3,0.3409090909090909,16,45
PTPRC,2,3,0.3409090909090909,16,45
IL7R,2,3,0.3409090909090909,16,45
BANK1,2,3,0.2222222222222222,19,38
PTGDS,2,3,0.0,15,29
CD79A,2,3,0.2222222222222222,19,38
MPEG1,2,3,0.3076923076923077,15,38
CYTIP,2,3,0.3409090909090909,16,45
PECAM1,2,3,0.3472222222222222,59,40
SELL,2,3,0.3409090909090909,16,45
IRF8,2,3,0.3076923076923077,15,38
CD3E,2,3,0.3409090909090909,16,45
BASP1,2,3,0.3076923076923077,15,38
TCL1A,2,3,0.3076923076923077,15,38
CCR7,2,3,0.3409090909090909,16,45
PCNA,2,3,0.17307692307692307,18,45
AIF1,2,3,0.4482758620689655,15,29
CD3D,2,3,0.3409090909090909,16,45
FGL2,2,3,0.4482758620689655,15,29
CD4,2,3,0.4482758620689655,15,29
PLCG2,2,3,0.2222222222222222,19,38
MDM2,2,3,0.125,18,38
CD2,2,3,0.3409090909090909,16,45
MKI67,2,3,0.17307692307692307,18,45
SERPINB9,2,3,0.0,15,24
MS4A6A,2,3,0.4482758620689655,15,29
CD19,2,3,0.2222222222222222,19,38
TENT5C,2,3,0.125,18,38
CTLA4,2,3,0.3409090909090909,16,45
ACTG2,2,3,0.17307692307692307,18,45
MZB1,2,3,0.125,18,38
CD28,2,3,0.3409090909090909,16,45
GPR183,2,3,0.0,15,45
CD34,2,3,0.3472222222222222,59,40
KLRB1,2,3,0.2608695652173913,15,45
CD247,2,3,0.3409090909090909,16,45
MYC,2,3,0.04081632653061224,15,38
CXCL2,2,3,0.07692307692307693,15,15
C1orf162,2,3,0.4482758620689655,15,29
CD83,2,3,0.3076923076923077,15,38
CD69,2,3,0.02,15,38
ADAM28,2,3,0.2222222222222222,19,38
CCL5,2,3,0.2608695652173913,15,45
BCL2L11,2,3,0.2608695652173913,15,45
TFPI,2,3,0.058823529411764705,59,15
CXCL9,2,3,0.12195121951219512,19,29
PRDM1,2,3,0.17307692307692307,18,45
TNC,2,3,0.32786885245901637,59,24
LYVE1,2,3,0.07692307692307693,15,15
VWF,2,3,0.3472222222222222,59,40
IGSF6,2,3,0.4482758620689655,15,29
CD5L,2,3,0.4482758620689655,15,29
CD1C,2,3,0.04081632653061224,15,38
MEF2C,2,3,0.3076923076923077,15,38
MMRN1,2,3,0.3472222222222222,59,40
PLA2G7,2,3,0.4482758620689655,15,29
GNLY,2,3,0.2608695652173913,15,45
LAMP3,2,3,0.3076923076923077,15,38
TCF4,2,3,0.3076923076923077,15,38
GLIPR1,2,3,0.0,15,38
CD27,2,3,0.17307692307692307,18,45
CD163,2,3,0.4482758620689655,15,29
SLAMF7,2,3,0.125,18,38
CD8A,2,3,0.3409090909090909,16,45
SPIB,2,3,0.3076923076923077,15,38
MYLK,2,3,0.32786885245901637,59,24
CDK1,2,3,0.17307692307692307,18,45
ACTA2,2,3,0.32786885245901637,59,24
CAVIN2,2,3,0.3472222222222222,59,40
CAVIN1,2,3,0.3472222222222222,59,40
LY86,2,3,0.2222222222222222,19,38
KLRD1,2,3,0.2608695652173913,15,45
HLA-DQB2,2,3,0.04081632653061224,15,38
IL2RA,2,3,0.3409090909090909,16,45
CCL19,2,3,0.32786885245901637,59,24
TNFRSF9,2,3,0.2608695652173913,15,45
CLECL1,2,3,0.2222222222222222,19,38
FBN1,2,3,0.32786885245901637,59,24
KCNMA1,2,3,0.4482758620689655,15,29
TNFRSF13B,2,3,0.2222222222222222,19,38
TNFRSF17,2,3,0.125,18,38
MS4A4A,2,3,0.4482758620689655,15,29
GZMK,2,3,0.2608695652173913,15,45
APOLD1,2,3,0.3472222222222222,59,40
TOP2A,2,3,0.17307692307692307,18,45
CD68,2,3,0.4482758620689655,15,29
CXCL10,2,3,0.12195121951219512,19,29
CLEC10A,2,3,0.10526315789473684,15,29
DUSP2,2,3,0.2608695652173913,15,45
MTRNR2L11,2,3,0.017543859649122806,15,45
DNASE1L3,2,3,0.011764705882352941,59,29
IL3RA,2,3,0.3076923076923077,15,38
RTKN2,2,3,0.3409090909090909,16,45
LILRA4,2,3,0.3076923076923077,15,38
CTSK,2,3,0.32786885245901637,59,24
C7,2,3,0.32786885245901637,59,24
ADGRL4,2,3,0.3472222222222222,59,40
SLAMF1,2,3,0.017543859649122806,15,45
PDGFRB,2,3,0.32786885245901637,59,24
DST,2,3,0.011764705882352941,59,29
MMRN2,2,3,0.3472222222222222,59,40
SFRP4,2,3,0.0,15,15
CD93,2,3,0.3472222222222222,59,40
FKBP11,2,3,0.125,18,38
CSF2RA,2,3,0.10526315789473684,15,29
GZMA,2,3,0.2608695652173913,15,45
MNDA,2,3,0.10526315789473684,15,29
PROX1,2,3,0.07692307692307693,15,15
SH2D3C,2,3,0.0,25,45
HAVCR2,2,3,0.4482758620689655,15,29
PLD4,2,3,0.3076923076923077,15,38
MYH11,2,3,0.0,59,15
ADAMTS1,2,3,0.32786885245901637,59,24
CCR2,2,3,0.125,18,38
GNG11,2,3,0.3472222222222222,59,40
CD86,2,3,0.2222222222222222,19,38
FOXP3,2,3,0.3409090909090909,16,45
MARCO,2,3,0.0,15,15
CENPF,2,3,0.17307692307692307,18,45
GZMB,2,3,0.3076923076923077,15,38
FCGR3A,2,3,0.02,15,38
PRF1,2,3,0.2608695652173913,15,45
LILRB2,2,3,0.4482758620689655,15,29
THY1,2,3,0.32786885245901637,59,24
FAS,2,3,0.11764705882352941,25,15
EDNRB,2,3,0.32786885245901637,59,24
DPT,2,3,0.32786885245901637,59,24
CD14,2,3,0.12195121951219512,19,29
TCIM,2,3,0.058823529411764705,59,15
KLRC1,2,3,0.2608695652173913,15,45
COCH,2,3,0.0,15,15
LTBP2,2,3,0.0,15,24
AMY2A,2,3,0.08163265306122448,15,40
FBLN1,2,3,0.014084507042253521,59,15
SMYD2,2,3,0.06,15,40
MRC1,2,3,0.10526315789473684,15,29
CCNB2,2,3,0.17307692307692307,18,45
ACKR1,2,3,0.32786885245901637,59,24
ECSCR,2,3,0.3472222222222222,59,40
EGFL7,2,3,0.3472222222222222,59,40
NKG7,2,3,0.2608695652173913,15,45
PMP22,2,3,0.32786885245901637,59,24
IGF1,2,3,0.12195121951219512,19,29
UBE2C,2,3,0.17307692307692307,18,45
RBP5,2,3,0.32786885245901637,59,24
PDGFRA,2,3,0.32786885245901637,59,24
BTNL9,2,3,0.016129032258064516,25,40
SLC26A2,2,3,0.08163265306122448,15,40
CLEC14A,2,3,0.3472222222222222,59,40
PPARG,2,3,0.3472222222222222,59,40
THAP2,2,3,0.037037037037037035,15,15
MCF2L,2,3,0.3472222222222222,59,40
INMT,2,3,0.3472222222222222,59,40
CD1E,2,3,0.10526315789473684,15,29
TM4SF18,2,3,0.3472222222222222,59,40
EDN1,2,3,0.058823529411764705,59,15
NPDC1,2,3,0.3472222222222222,59,40
FHL2,2,3,0.058823529411764705,59,15
RGS16,2,3,0.11764705882352941,25,15
FCN1,2,3,0.06,15,40
RAMP2,2,3,0.3472222222222222,59,40
RAPGEF3,2,3,0.3472222222222222,59,40
MEST,2,3,0.08163265306122448,15,40
KIT,2,3,0.0,59,15
GEM,2,3,0.32786885245901637,59,24
VCAN,2,3,0.07692307692307693,15,15
SPI1,2,3,0.12195121951219512,19,29
FCGR1A,2,3,0.0,15,38
DES,2,3,0.21739130434782608,15,15
STEAP4,2,3,0.3472222222222222,59,40
ERG,2,3,0.3472222222222222,59,40
PCOLCE,2,3,0.32786885245901637,59,24
VWA5A,2,3,0.11764705882352941,25,15
COL5A2,2,3,0.32786885245901637,59,24
PTN,2,3,0.12,15,15
CFB,2,3,0.32786885245901637,59,24
MET,2,3,0.3472222222222222,59,40
CAV1,2,3,0.3472222222222222,59,40
GATM,2,3,0.11764705882352941,25,15
OGN,2,3,0.08163265306122448,15,40
PDPN,2,3,0.0,25,24
MFAP5,2,3,0.16,16,15
MALL,2,3,0.3472222222222222,59,40
CLEC4E,2,3,0.06,15,40
RIDA,2,3,0.0,15,45
CRISPLD2,2,3,0.32786885245901637,59,24
ELF5,2,3,0.0,15,15
GHRL,2,3,0.12195121951219512,19,29
SEMA3C,2,3,0.0,15,40
CPA3,2,3,0.12,15,15
SRPX,2,3,0.11764705882352941,25,15
VSIG4,2,3,0.0,15,15
NTN4,2,3,0.0,59,15
FSTL3,2,3,0.05555555555555555,25,15
ANPEP,2,3,0.0,19,15
CFHR3,2,3,0.05555555555555555,25,15
GYPA,2,3,0.03571428571428571,16,15
APOBEC3A,2,3,0.06,15,40
AQP3,2,3,0.0,18,40
ANGPT2,2,3,0.058823529411764705,59,15
APCDD1,2,3,0.07692307692307693,15,15
SLC4A1,2,3,0.07692307692307693,15,15
SFRP2,2,3,0.12,15,15
DERL3,2,3,0.0,15,15
CD274,2,3,0.016129032258064516,25,40
CXCL6,2,3,0.11538461538461539,16,15
IL1R2,2,3,0.0,19,40
CYP4B1,2,3,0.0,15,15
SOX17,2,3,0.05555555555555555,25,15
LIF,2,3,0.0,15,15
ASPN,2,3,0.12,15,15
LILRB4,2,3,0.0,15,29
CNN1,2,3,0.0,25,15
MS4A2,2,3,0.12,15,15
BMX,2,3,0.12,15,15
ADGRE1,2,3,0.11538461538461539,16,15
LAG3,2,3,0.2608695652173913,15,45
CYP2A7,2,3,0.037037037037037035,15,15
EHF,2,3,0.12,15,15
GPC3,2,3,0.02702702702702703,25,15
SMIM24,2,3,0.037037037037037035,15,15
RERGL,2,3,0.0,15,15
SOX2,2,3,0.037037037037037035,15,15
ESR1,2,3,0.08163265306122448,15,40
STC1,2,3,0.02702702702702703,25,15
HEMGN,2,3,0.16,16,15
BAMBI,2,3,0.07692307692307693,15,15
MEDAG,2,3,0.0,16,15
HEPACAM2,2,3,0.03571428571428571,16,15
FCER1A,2,3,0.0,15,15
PLIN4,2,3,0.24,18,15
FXYD2,2,3,0.0,16,45
SERPINB3,2,3,0.16,16,15
PLAC9,2,3,0.07692307692307693,15,15
ALAS2,2,3,0.16666666666666666,15,15
EPCAM,2,3,0.11538461538461539,16,15
AHSP,2,3,0.12,15,15
SNCA,2,3,0.014084507042253521,59,15
RND1,2,3,0.16,16,15
ASCL3,2,3,0.12,15,15
CLCA1,2,3,0.11538461538461539,16,15
CFAP53,2,3,0.07692307692307693,15,15
STC2,2,3,0.0,25,15
ALDH1A3,2,3,0.02702702702702703,25,15
CFHR1,2,3,0.0,25,15
TMEM100,2,3,0.0,15,15
CD1A,2,3,0.07407407407407407,16,15
PPP1R1A,2,3,0.11538461538461539,16,15
IL1RL1,2,3,0.0,15,15
TSPAN19,2,3,0.03571428571428571,16,15
CYP1A1,2,3,0.12,15,15
FGFBP2,2,3,0.0,16,15
EGFR,2,3,0.02702702702702703,25,15
CYP2F1,2,3,0.12,15,15
SNTN,2,3,0.03571428571428571,16,15
TIMP4,2,3,0.03571428571428571,16,15
GATA2,2,3,0.0,25,15
HAMP,2,3,0.12,15,15
PPP1R1B,2,3,0.12,15,15
ADH1C,2,3,0.11538461538461539,16,15
CCDC39,2,3,0.07407407407407407,16,15
CFTR,2,3,0.0,15,15
TMC5,2,3,0.0,16,15
PGR,2,3,0.037037037037037035,15,15
AGER,2,3,0.0,16,15
MAMDC2,2,3,0.12,15,15
AR,2,3,0.16,16,15
C15orf48,2,3,0.16666666666666666,15,15
S100A1,2,3,0.0,15,15
SOX18,2,3,0.05555555555555555,25,15
SNAI1,2,3,0.16,16,15
CLIC6,2,3,0.11538461538461539,16,15
SLC26A3,2,3,0.16,16,15
TM4SF4,2,3,0.11538461538461539,16,15
THBS2,2,3,0.12,15,15
AQP9,2,3,0.07407407407407407,16,15
SLC18A2,2,3,0.16666666666666666,15,15
ERBB2,2,3,0.05555555555555555,25,15
GPC1,2,3,0.037037037037037035,15,15
TAC1,2,3,0.037037037037037035,15,15
FGFBP1,2,3,0.07692307692307693,15,15
C6orf118,2,3,0.0,15,15
APOA5,2,3,0.12,15,15
DNAAF1,2,3,0.16,16,15
ACE2,2,3,0.03571428571428571,16,15
CLCA2,2,3,0.12,15,15
MCEMP1,2,3,0.037037037037037035,15,15
TBX3,2,3,0.05555555555555555,25,15
CYP2B6,2,3,0.16666666666666666,15,15
SCGN,2,3,0.16,16,15
OPRPN,2,3,0.16,16,15
CD300E,2,3,0.0,15,15
CAPN8,2,3,0.16666666666666666,15,15
SCGB2A1,2,3,0.12,15,15
GPRC5A,2,3,0.12,15,15
CCDC78,2,3,0.21739130434782608,15,15
CTSG,2,3,0.8333333333333334,25,21
ADIPOQ,2,3,0.12,15,15
C1orf194,2,3,0.0,15,15
LILRA5,2,3,0.07692307692307693,15,15
HPGDS,2,3,0.037037037037037035,15,15
KCNK3,2,3,0.12,15,15
LPL,2,3,0.4090909090909091,18,15
GYPB,2,3,0.12,15,15
GKN2,2,3,0.12,15,15
C5orf46,2,3,0.12,15,15
SELE,2,3,0.12,15,15
SERPINB2,2,3,0.21739130434782608,15,15
DIRAS3,2,3,0.21739130434782608,15,15
PRG4,2,3,0.12,15,15
LGI4,2,3,0.037037037037037035,15,15
COL17A1,2,3,0.07692307692307693,15,15
SFTA2,2,3,0.12,15,15
HIGD1B,2,3,0.12,15,15
DPEP1,2,3,0.21739130434782608,15,15
PCP4,2,3,0.21739130434782608,15,15
CSF3,2,3,0.12,15,15
TREM2,2,3,0.12,15,15
TMEM52B,2,3,0.12,15,15
AGR3,2,3,0.2727272727272727,15,15
AQP8,2,3,0.2727272727272727,15,15
ARFGEF3,2,3,0.02702702702702703,25,15
SNCG,2,3,0.02702702702702703,25,15
SLC22A8,2,3,0.2727272727272727,15,15
PEBP4,2,3,0.12,15,15
BBOX1,2,3,0.07692307692307693,15,15
CYP3A4,2,3,0.2727272727272727,15,15
FOXI1,2,3,0.2727272727272727,15,15
S100A12,2,3,0.0,15,15
HPX,2,3,0.07692307692307693,15,15
LGR5,2,3,0.4090909090909091,18,15
NAT8,2,3,0.2727272727272727,15,15
PCSK2,2,3,0.4090909090909091,18,15
ASCL1,2,3,0.4090909090909091,18,15
PVALB,2,3,0.07692307692307693,15,15
FCN2,2,3,0.0,15,15
GCG,2,3,0.2727272727272727,15,15
CD70,2,3,0.4090909090909091,18,15
UMOD,2,3,0.0,15,15
FOXJ1,2,3,0.0,18,15
MLPH,2,3,0.24,18,15
GLYATL1,2,3,0.4090909090909091,18,15
KRT20,2,3,0.4090909090909091,18,15
ADH4,2,3,0.4090909090909091,18,15
CA4,2,3,0.8333333333333334,25,21
CDH16,2,3,0.4090909090909091,18,15
AQP2,2,3,0.4090909090909091,18,15
DMBT1,2,3,0.24,18,15
CHGA,2,3,0.24,18,15
CCL27,2,3,0.24,18,15
KNG1,2,3,0.24,18,15
PPY,2,3,0.24,18,15
MLANA,2,3,0.08571428571428572,25,15
HMGCS2,2,3,0.08571428571428572,25,15
CRHBP,2,3,0.8333333333333334,25,21
TFF2,2,3,0.08571428571428572,25,15
GDF15,2,3,0.8333333333333334,25,21
PDCD1,2,3,0.08571428571428572,25,15
SST,2,3,0.8333333333333334,25,21
INS,2,3,0.8333333333333334,25,21
FOXA1,2,3,0.8333333333333334,25,21
TMEM174,2,3,0.8333333333333334,25,21
TCF15,2,3,0.8333333333333334,25,21
KLK11,2,3,0.8333333333333334,25,21
SPDEF,2,3,0.8333333333333334,25,21
ABCC11,2,3,0.8333333333333334,25,21
HES4,2,3,0.8333333333333334,25,21
C20orf85,2,3,0.8333333333333334,25,21
TAT,2,3,0.8333333333333334,25,21
MYBPC1,2,3,0.8333333333333334,25,21
LY6D,2,3,0.8333333333333334,25,21
UPK3B,2,3,0.8333333333333334,25,21
GPX2,2,3,0.8333333333333334,25,21
RETN,2,3,0.8333333333333334,25,21
KRT7,2,3,0.8333333333333334,25,21
MS4A1,2,4,0.3333333333333333,19,15
CXCR4,2,4,0.01818181818181818,19,39
TRAC,2,4,0.358974358974359,16,39
PTPRC,2,4,0.358974358974359,16,39
IL7R,2,4,0.358974358974359,16,39
BANK1,2,4,0.3333333333333333,19,15
PTGDS,2,4,0.07692307692307693,15,15
CD79A,2,4,0.3333333333333333,19,15
MPEG1,2,4,0.07692307692307693,15,15
CYTIP,2,4,0.358974358974359,16,39
PECAM1,2,4,0.010526315789473684,59,39
SELL,2,4,0.358974358974359,16,39
IRF8,2,4,0.07692307692307693,15,15
CD3E,2,4,0.358974358974359,16,39
BASP1,2,4,0.03571428571428571,15,16
TCL1A,2,4,0.03571428571428571,15,16
CCR7,2,4,0.358974358974359,16,39
PCNA,2,4,0.6842105263157895,18,16
AIF1,2,4,0.47368421052631576,15,15
CD3D,2,4,0.358974358974359,16,39
FGL2,2,4,0.47368421052631576,15,15
CD4,2,4,0.04,15,39
PLCG2,2,4,0.3333333333333333,19,15
MDM2,2,4,0.6842105263157895,18,16
CD2,2,4,0.358974358974359,16,39
MKI67,2,4,0.6842105263157895,18,16
SERPINB9,2,4,0.03571428571428571,15,16
MS4A6A,2,4,0.47368421052631576,15,15
CD19,2,4,0.3333333333333333,19,15
TENT5C,2,4,0.6842105263157895,18,16
CTLA4,2,4,0.358974358974359,16,39
ACTG2,2,4,0.6842105263157895,18,16
MZB1,2,4,0.6842105263157895,18,16
CD28,2,4,0.358974358974359,16,39
GPR183,2,4,0.04,15,39
CD34,2,4,0.09722222222222222,59,22
KLRB1,2,4,0.061224489795918366,15,39
CD247,2,4,0.358974358974359,16,39
MYC,2,4,0.08333333333333333,15,39
CXCL2,2,4,0.0,15,15
C1orf162,2,4,0.04,15,39
CD83,2,4,0.04,15,39
CD69,2,4,0.061224489795918366,15,39
ADAM28,2,4,0.3333333333333333,19,15
CCL5,2,4,0.3333333333333333,15,15
BCL2L11,2,4,0.061224489795918366,15,39
TFPI,2,4,0.09722222222222222,59,22
CXCL9,2,4,0.0,19,22
PRDM1,2,4,0.018518518518518517,18,39
TNC,2,4,0.125,59,15
LYVE1,2,4,0.037037037037037035,15,15
VWF,2,4,0.02857142857142857,59,15
IGSF6,2,4,0.47368421052631576,15,15
CD5L,2,4,0.0,15,15
CD1C,2,4,0.037037037037037035,15,15
MEF2C,2,4,0.07692307692307693,15,15
MMRN1,2,4,0.09722222222222222,59,22
PLA2G7,2,4,0.47368421052631576,15,15
GNLY,2,4,0.3333333333333333,15,15
LAMP3,2,4,0.029411764705882353,15,22
TCF4,2,4,0.07692307692307693,15,15
GLIPR1,2,4,0.04,15,39
CD27,2,4,0.018518518518518517,18,39
CD163,2,4,0.0,15,15
SLAMF7,2,4,0.6842105263157895,18,16
CD8A,2,4,0.0,16,15
SPIB,2,4,0.04,15,39
MYLK,2,4,0.125,59,15
CDK1,2,4,0.6842105263157895,18,16
ACTA2,2,4,0.07462686567164178,59,15
CAVIN2,2,4,0.014084507042253521,59,15
CAVIN1,2,4,0.07462686567164178,59,15
LY86,2,4,0.3333333333333333,19,15
KLRD1,2,4,0.3333333333333333,15,15
HLA-DQB2,2,4,0.08333333333333333,15,39
IL2RA,2,4,0.358974358974359,16,39
CCL19,2,4,0.125,59,15
TNFRSF9,2,4,0.0,15,16
CLECL1,2,4,0.3333333333333333,19,15
FBN1,2,4,0.10606060606060606,59,16
KCNMA1,2,4,0.47368421052631576,15,15
TNFRSF13B,2,4,0.3333333333333333,19,15
TNFRSF17,2,4,0.6842105263157895,18,16
MS4A4A,2,4,0.47368421052631576,15,15
GZMK,2,4,0.3333333333333333,15,15
APOLD1,2,4,0.125,59,15
TOP2A,2,4,0.6842105263157895,18,16
CD68,2,4,0.47368421052631576,15,15
CXCL10,2,4,0.0,19,15
CLEC10A,2,4,0.037037037037037035,15,15
DUSP2,2,4,0.061224489795918366,15,39
MTRNR2L11,2,4,0.08333333333333333,15,39
DNASE1L3,2,4,0.09722222222222222,59,22
IL3RA,2,4,0.0,15,15
RTKN2,2,4,0.358974358974359,16,39
LILRA4,2,4,0.029411764705882353,15,22
CTSK,2,4,0.010526315789473684,59,39
C7,2,4,0.07462686567164178,59,15
ADGRL4,2,4,0.10606060606060606,59,16
SLAMF1,2,4,0.08333333333333333,15,39
PDGFRB,2,4,0.125,59,15
DST,2,4,0.10606060606060606,59,16
MMRN2,2,4,0.10606060606060606,59,16
SFRP4,2,4,0.0,15,15
CD93,2,4,0.02857142857142857,59,15
FKBP11,2,4,0.6842105263157895,18,16
CSF2RA,2,4,0.0,15,15
GZMA,2,4,0.3333333333333333,15,15
MNDA,2,4,0.037037037037037035,15,15
PROX1,2,4,0.1111111111111111,15,17
SH2D3C,2,4,0.0,25,39
HAVCR2,2,4,0.47368421052631576,15,15
PLD4,2,4,0.07692307692307693,15,15
MYH11,2,4,0.014084507042253521,59,15
ADAMTS1,2,4,0.058823529411764705,59,15
CCR2,2,4,0.0,18,15
GNG11,2,4,0.09722222222222222,59,22
CD86,2,4,0.01818181818181818,19,39
FOXP3,2,4,0.358974358974359,16,39
MARCO,2,4,0.0,15,15
CENPF,2,4,0.6842105263157895,18,16
GZMB,2,4,0.0,15,15
FCGR3A,2,4,0.0,15,22
PRF1,2,4,0.3333333333333333,15,15
LILRB2,2,4,0.47368421052631576,15,15
THY1,2,4,0.125,59,15
FAS,2,4,0.05405405405405406,25,16
EDNRB,2,4,0.125,59,15
DPT,2,4,0.09722222222222222,59,22
CD14,2,4,0.03225806451612903,19,15
TCIM,2,4,0.10606060606060606,59,16
KLRC1,2,4,0.3333333333333333,15,15
COCH,2,4,0.029411764705882353,15,22
LTBP2,2,4,0.0,15,16
AMY2A,2,4,0.0196078431372549,15,39
FBLN1,2,4,0.0,59,15
SMYD2,2,4,0.08333333333333333,15,39
MRC1,2,4,0.0,15,15
CCNB2,2,4,0.6842105263157895,18,16
ACKR1,2,4,0.07462686567164178,59,15
ECSCR,2,4,0.04225352112676056,59,17
EGFL7,2,4,0.0,59,15
NKG7,2,4,0.3333333333333333,15,15
PMP22,2,4,0.09722222222222222,59,22
IGF1,2,4,0.0,19,15
UBE2C,2,4,0.6842105263157895,18,16
RBP5,2,4,0.10606060606060606,59,16
PDGFRA,2,4,0.07462686567164178,59,15
BTNL9,2,4,0.02702702702702703,25,15
SLC26A2,2,4,0.0196078431372549,15,39
CLEC14A,2,4,0.058823529411764705,59,15
PPARG,2,4,0.10606060606060606,59,16
THAP2,2,4,0.0,15,15
MCF2L,2,4,0.125,59,15
INMT,2,4,0.07462686567164178,59,15
CD1E,2,4,0.06060606060606061,15,22
TM4SF18,2,4,0.04225352112676056,59,17
EDN1,2,4,0.0,59,15
NPDC1,2,4,0.058823529411764705,59,15
FHL2,2,4,0.07462686567164178,59,15
RGS16,2,4,0.02702702702702703,25,15
FCN1,2,4,0.037037037037037035,15,15
RAMP2,2,4,0.07462686567164178,59,15
RAPGEF3,2,4,0.04225352112676056,59,17
MEST,2,4,0.07692307692307693,15,15
KIT,2,4,0.058823529411764705,59,15
GEM,2,4,0.10606060606060606,59,16
VCAN,2,4,0.12,15,15
SPI1,2,4,0.03225806451612903,19,15
FCGR1A,2,4,0.03571428571428571,15,16
DES,2,4,0.037037037037037035,15,15
STEAP4,2,4,0.058823529411764705,59,15
ERG,2,4,0.02857142857142857,59,15
PCOLCE,2,4,0.125,59,15
VWA5A,2,4,0.022727272727272728,25,22
COL5A2,2,4,0.07462686567164178,59,15
PTN,2,4,0.037037037037037035,15,15
CFB,2,4,0.09722222222222222,59,22
MET,2,4,0.07462686567164178,59,15
CAV1,2,4,0.0,59,15
GATM,2,4,0.05405405405405406,25,16
OGN,2,4,0.029411764705882353,15,22
PDPN,2,4,0.05405405405405406,25,16
MFAP5,2,4,0.0,16,15
MALL,2,4,0.07462686567164178,59,15
CLEC4E,2,4,0.0,15,17
RIDA,2,4,0.07692307692307693,15,15
CRISPLD2,2,4,0.0,59,15
ELF5,2,4,0.07692307692307693,15,15
GHRL,2,4,0.0,19,15
SEMA3C,2,4,0.1111111111111111,15,17
CPA3,2,4,0.12,15,15
SRPX,2,4,0.05555555555555555,25,15
VSIG4,2,4,0.037037037037037035,15,15
NTN4,2,4,0.04225352112676056,59,17
FSTL3,2,4,0.022727272727272728,25,22
ANPEP,2,4,0.0,19,15
CFHR3,2,4,0.02564102564102564,25,17
GYPA,2,4,0.02857142857142857,16,22
APOBEC3A,2,4,0.06060606060606061,15,22
AQP3,2,4,0.0,18,15
ANGPT2,2,4,0.07462686567164178,59,15
APCDD1,2,4,0.0,15,22
SLC4A1,2,4,0.12,15,15
SFRP2,2,4,0.16666666666666666,15,15
DERL3,2,4,0.06060606060606061,15,22
CD274,2,4,0.02564102564102564,25,17
CXCL6,2,4,0.02857142857142857,16,22
IL1R2,2,4,0.0,19,15
CYP4B1,2,4,0.0,15,16
SOX17,2,4,0.0,25,15
LIF,2,4,0.0,15,15
ASPN,2,4,0.1111111111111111,15,17
LILRB4,2,4,0.0,15,15
CNN1,2,4,0.02702702702702703,25,15
MS4A2,2,4,0.0,15,15
BMX,2,4,0.07692307692307693,15,15
ADGRE1,2,4,0.03333333333333333,16,17
LAG3,2,4,0.0,15,15
CYP2A7,2,4,0.12,15,15
EHF,2,4,0.1111111111111111,15,17
GPC3,2,4,0.05555555555555555,25,15
SMIM24,2,4,0.12,15,15
RERGL,2,4,0.07692307692307693,15,15
SOX2,2,4,0.12,15,15
ESR1,2,4,0.12,15,15
STC1,2,4,0.02702702702702703,25,15
HEMGN,2,4,0.03571428571428571,16,15
BAMBI,2,4,0.07692307692307693,15,15
MEDAG,2,4,0.03571428571428571,16,15
HEPACAM2,2,4,0.03571428571428571,16,15
FCER1A,2,4,0.0,15,15
PLIN4,2,4,0.2916666666666667,18,15
FXYD2,2,4,0.03571428571428571,16,15
SERPINB3,2,4,0.03571428571428571,16,15
PLAC9,2,4,0.0,15,15
ALAS2,2,4,0.07692307692307693,15,15
EPCAM,2,4,0.03571428571428571,16,15
AHSP,2,4,0.037037037037037035,15,15
SNCA,2,4,0.0,59,15
RND1,2,4,0.03571428571428571,16,15
ASCL3,2,4,0.07142857142857142,15,17
CLCA1,2,4,0.03333333333333333,16,17
CFAP53,2,4,0.07142857142857142,15,17
STC2,2,4,0.02702702702702703,25,15
ALDH1A3,2,4,0.02702702702702703,25,15
CFHR1,2,4,0.02702702702702703,25,15
TMEM100,2,4,0.0,15,15
CD1A,2,4,0.0,16,17
PPP1R1A,2,4,0.07407407407407407,16,15
IL1RL1,2,4,0.12,15,15
TSPAN19,2,4,0.03571428571428571,16,15
CYP1A1,2,4,0.07142857142857142,15,17
FGFBP2,2,4,0.03571428571428571,16,15
EGFR,2,4,0.05555555555555555,25,15
CYP2F1,2,4,0.12,15,15
SNTN,2,4,0.0,16,15
TIMP4,2,4,0.07407407407407407,16,15
GATA2,2,4,0.02702702702702703,25,15
HAMP,2,4,0.12,15,15
PPP1R1B,2,4,0.12,15,15
ADH1C,2,4,0.0,16,15
CCDC39,2,4,0.07407407407407407,16,15
CFTR,2,4,0.037037037037037035,15,15
TMC5,2,4,0.07407407407407407,16,15
PGR,2,4,0.0,15,15
AGER,2,4,0.07407407407407407,16,15
MAMDC2,2,4,0.037037037037037035,15,15
AR,2,4,0.07407407407407407,16,15
C15orf48,2,4,0.07692307692307693,15,15
S100A1,2,4,0.0,15,15
SOX18,2,4,0.0,25,15
SNAI1,2,4,0.03571428571428571,16,15
CLIC6,2,4,0.03571428571428571,16,15
SLC26A3,2,4,0.07407407407407407,16,15
TM4SF4,2,4,0.07407407407407407,16,15
THBS2,2,4,0.07692307692307693,15,15
AQP9,2,4,0.07407407407407407,16,15
SLC18A2,2,4,0.07692307692307693,15,15
ERBB2,2,4,0.0,25,15
GPC1,2,4,0.037037037037037035,15,15
TAC1,2,4,0.07692307692307693,15,15
FGFBP1,2,4,0.037037037037037035,15,15
C6orf118,2,4,0.07692307692307693,15,15
APOA5,2,4,0.037037037037037035,15,15
DNAAF1,2,4,0.03571428571428571,16,15
ACE2,2,4,0.07407407407407407,16,15
CLCA2,2,4,0.0,15,15
MCEMP1,2,4,0.07692307692307693,15,15
TBX3,2,4,0.0,25,15
CYP2B6,2,4,0.12,15,15
SCGN,2,4,0.07407407407407407,16,15
OPRPN,2,4,0.07407407407407407,16,15
CD300E,2,4,0.037037037037037035,15,15
CAPN8,2,4,0.07692307692307693,15,15
SCGB2A1,2,4,0.12,15,15
GPRC5A,2,4,0.07692307692307693,15,15
CCDC78,2,4,0.0,15,15
CTSG,2,4,0.7241379310344828,25,27
ADIPOQ,2,4,0.16666666666666666,15,15
C1orf194,2,4,0.0,15,15
LILRA5,2,4,0.037037037037037035,15,15
HPGDS,2,4,0.07692307692307693,15,15
KCNK3,2,4,0.0,15,15
LPL,2,4,0.2916666666666667,18,15
GYPB,2,4,0.0,15,15
GKN2,2,4,0.12,15,15
C5orf46,2,4,0.12,15,15
SELE,2,4,0.07692307692307693,15,15
SERPINB2,2,4,0.0,15,15
DIRAS3,2,4,0.16666666666666666,15,15
PRG4,2,4,0.07692307692307693,15,15
LGI4,2,4,0.0,15,15
COL17A1,2,4,0.037037037037037035,15,15
SFTA2,2,4,0.12,15,15
HIGD1B,2,4,0.037037037037037035,15,15
DPEP1,2,4,0.16666666666666666,15,15
PCP4,2,4,0.16666666666666666,15,15
CSF3,2,4,0.037037037037037035,15,15
TREM2,2,4,0.07692307692307693,15,15
TMEM52B,2,4,0.037037037037037035,15,15
AGR3,2,4,0.12,15,15
AQP8,2,4,0.12,15,15
ARFGEF3,2,4,0.02040816326530612,25,27
SNCG,2,4,0.02040816326530612,25,27
SLC22A8,2,4,0.037037037037037035,15,15
PEBP4,2,4,0.07692307692307693,15,15
BBOX1,2,4,0.07692307692307693,15,15
CYP3A4,2,4,0.12,15,15
FOXI1,2,4,0.12,15,15
S100A12,2,4,0.037037037037037035,15,15
HPX,2,4,0.12,15,15
LGR5,2,4,0.10714285714285714,18,15
NAT8,2,4,0.12,15,15
PCSK2,2,4,0.10714285714285714,18,15
ASCL1,2,4,0.06896551724137931,18,15
PVALB,2,4,0.12,15,15
FCN2,2,4,0.0,15,15
GCG,2,4,0.12,15,15
CD70,2,4,0.2916666666666667,18,15
UMOD,2,4,0.0,15,15
FOXJ1,2,4,0.06896551724137931,18,15
MLPH,2,4,0.10714285714285714,18,15
GLYATL1,2,4,0.10714285714285714,18,15
KRT20,2,4,0.06896551724137931,18,15
ADH4,2,4,0.2916666666666667,18,15
CA4,2,4,0.7241379310344828,25,27
CDH16,2,4,0.04878048780487805,18,27
AQP2,2,4,0.2916666666666667,18,15
DMBT1,2,4,0.04878048780487805,18,27
CHGA,2,4,0.2916666666666667,18,15
CCL27,2,4,0.2916666666666667,18,15
KNG1,2,4,0.2916666666666667,18,15
PPY,2,4,0.04878048780487805,18,27
MLANA,2,4,0.05555555555555555,25,15
HMGCS2,2,4,0.05555555555555555,25,15
CRHBP,2,4,0.7241379310344828,25,27
TFF2,2,4,0.05555555555555555,25,15
GDF15,2,4,0.7241379310344828,25,27
PDCD1,2,4,0.7241379310344828,25,27
SST,2,4,0.7241379310344828,25,27
INS,2,4,0.7241379310344828,25,27
FOXA1,2,4,0.7241379310344828,25,27
TMEM174,2,4,0.7241379310344828,25,27
TCF15,2,4,0.7241379310344828,25,27
KLK11,2,4,0.7241379310344828,25,27
SPDEF,2,4,0.7241379310344828,25,27
ABCC11,2,4,0.7241379310344828,25,27
HES4,2,4,0.7241379310344828,25,27
C20orf85,2,4,0.7241379310344828,25,27
TAT,2,4,0.7241379310344828,25,27
MYBPC1,2,4,0.7241379310344828,25,27
LY6D,2,4,0.7241379310344828,25,27
UPK3B,2,4,0.7241379310344828,25,27
GPX2,2,4,0.7241379310344828,25,27
RETN,2,4,0.7241379310344828,25,27
KRT7,2,4,0.7241379310344828,25,27
MS4A1,2,5,0.12962962962962962,19,44
CXCR4,2,5,0.08823529411764706,19,20
TRAC,2,5,0.38095238095238093,16,15
PTPRC,2,5,0.03571428571428571,16,44
IL7R,2,5,0.38095238095238093,16,15
BANK1,2,5,0.08823529411764706,19,20
PTGDS,2,5,0.02040816326530612,15,37
CD79A,2,5,0.12962962962962962,19,44
MPEG1,2,5,0.03125,15,20
CYTIP,2,5,0.38095238095238093,16,15
PECAM1,2,5,0.3333333333333333,59,23
SELL,2,5,0.03571428571428571,16,44
IRF8,2,5,0.11764705882352941,15,44
CD3E,2,5,0.38095238095238093,16,15
BASP1,2,5,0.11764705882352941,15,44
TCL1A,2,5,0.11764705882352941,15,44
CCR7,2,5,0.02,16,37
PCNA,2,5,0.30434782608695654,18,44
AIF1,2,5,0.25,15,37
CD3D,2,5,0.38095238095238093,16,15
FGL2,2,5,0.0,15,15
CD4,2,5,0.25,15,37
PLCG2,2,5,0.12962962962962962,19,44
MDM2,2,5,0.30434782608695654,18,44
CD2,2,5,0.38095238095238093,16,15
MKI67,2,5,0.30434782608695654,18,44
SERPINB9,2,5,0.017857142857142856,15,44
MS4A6A,2,5,0.25,15,37
CD19,2,5,0.12962962962962962,19,44
TENT5C,2,5,0.30434782608695654,18,44
CTLA4,2,5,0.38095238095238093,16,15
ACTG2,2,5,0.30434782608695654,18,44
MZB1,2,5,0.30434782608695654,18,44
CD28,2,5,0.38095238095238093,16,15
GPR183,2,5,0.02040816326530612,15,37
CD34,2,5,0.3333333333333333,59,23
KLRB1,2,5,0.037037037037037035,15,15
CD247,2,5,0.38095238095238093,16,15
MYC,2,5,0.1,15,20
CXCL2,2,5,0.07692307692307693,15,15
C1orf162,2,5,0.25,15,37
CD83,2,5,0.11764705882352941,15,44
CD69,2,5,0.0,15,20
ADAM28,2,5,0.08823529411764706,19,20
CCL5,2,5,0.12,15,15
BCL2L11,2,5,0.017857142857142856,15,44
TFPI,2,5,0.04285714285714286,59,16
CXCL9,2,5,0.0,19,15
PRDM1,2,5,0.30434782608695654,18,44
TNC,2,5,0.1076923076923077,59,15
LYVE1,2,5,0.0,15,15
VWF,2,5,0.3333333333333333,59,23
IGSF6,2,5,0.25,15,37
CD5L,2,5,0.0,15,15
CD1C,2,5,0.1,15,20
MEF2C,2,5,0.11764705882352941,15,44
MMRN1,2,5,0.0,59,15
PLA2G7,2,5,0.25,15,37
GNLY,2,5,0.07692307692307693,15,15
LAMP3,2,5,0.037037037037037035,15,15
TCF4,2,5,0.11764705882352941,15,44
GLIPR1,2,5,0.25,15,37
CD27,2,5,0.0,18,15
CD163,2,5,0.0,15,15
SLAMF7,2,5,0.30434782608695654,18,44
CD8A,2,5,0.03571428571428571,16,15
SPIB,2,5,0.11764705882352941,15,44
MYLK,2,5,0.3333333333333333,59,23
CDK1,2,5,0.30434782608695654,18,44
ACTA2,2,5,0.06818181818181818,59,37
CAVIN2,2,5,0.04285714285714286,59,16
CAVIN1,2,5,0.3333333333333333,59,23
LY86,2,5,0.12962962962962962,19,44
KLRD1,2,5,0.07692307692307693,15,15
HLA-DQB2,2,5,0.05555555555555555,15,44
IL2RA,2,5,0.02,16,37
CCL19,2,5,0.14285714285714285,59,15
TNFRSF9,2,5,0.0,15,15
CLECL1,2,5,0.12962962962962962,19,44
FBN1,2,5,0.1076923076923077,59,15
KCNMA1,2,5,0.25,15,37
TNFRSF13B,2,5,0.08823529411764706,19,20
TNFRSF17,2,5,0.30434782608695654,18,44
MS4A4A,2,5,0.25,15,37
GZMK,2,5,0.12,15,15
APOLD1,2,5,0.3333333333333333,59,23
TOP2A,2,5,0.30434782608695654,18,44
CD68,2,5,0.25,15,37
CXCL10,2,5,0.0,19,15
CLEC10A,2,5,0.0,15,15
DUSP2,2,5,0.017857142857142856,15,44
MTRNR2L11,2,5,0.05555555555555555,15,44
DNASE1L3,2,5,0.014084507042253521,59,15
IL3RA,2,5,0.0,15,23
RTKN2,2,5,0.03571428571428571,16,44
LILRA4,2,5,0.037037037037037035,15,15
CTSK,2,5,0.14285714285714285,59,15
C7,2,5,0.0,59,15
ADGRL4,2,5,0.3333333333333333,59,23
SLAMF1,2,5,0.05555555555555555,15,44
PDGFRB,2,5,0.3333333333333333,59,23
DST,2,5,0.06818181818181818,59,37
MMRN2,2,5,0.3333333333333333,59,23
SFRP4,2,5,0.07692307692307693,15,15
CD93,2,5,0.3333333333333333,59,23
FKBP11,2,5,0.30434782608695654,18,44
CSF2RA,2,5,0.041666666666666664,15,37
GZMA,2,5,0.12,15,15
MNDA,2,5,0.041666666666666664,15,37
PROX1,2,5,0.07692307692307693,15,15
SH2D3C,2,5,0.015151515151515152,25,44
HAVCR2,2,5,0.25,15,37
PLD4,2,5,0.03125,15,20
MYH11,2,5,0.0,59,44
ADAMTS1,2,5,0.14285714285714285,59,15
CCR2,2,5,0.0,18,15
GNG11,2,5,0.3333333333333333,59,23
CD86,2,5,0.12962962962962962,19,44
FOXP3,2,5,0.03571428571428571,16,15
MARCO,2,5,0.0,15,26
CENPF,2,5,0.30434782608695654,18,44
GZMB,2,5,0.0,15,15
FCGR3A,2,5,0.0,15,16
PRF1,2,5,0.0,15,37
LILRB2,2,5,0.0,15,20
THY1,2,5,0.3333333333333333,59,23
FAS,2,5,0.01694915254237288,25,37
EDNRB,2,5,0.3333333333333333,59,23
DPT,2,5,0.14285714285714285,59,15
CD14,2,5,0.038461538461538464,19,37
TCIM,2,5,0.1076923076923077,59,15
KLRC1,2,5,0.07692307692307693,15,15
COCH,2,5,0.037037037037037035,15,15
LTBP2,2,5,0.0,15,15
AMY2A,2,5,0.17857142857142858,15,20
FBLN1,2,5,0.0,59,15
SMYD2,2,5,0.1,15,20
MRC1,2,5,0.0,15,15
CCNB2,2,5,0.30434782608695654,18,44
ACKR1,2,5,0.0,59,15
ECSCR,2,5,0.3333333333333333,59,23
EGFL7,2,5,0.3333333333333333,59,23
NKG7,2,5,0.12,15,15
PMP22,2,5,0.06818181818181818,59,37
IGF1,2,5,0.038461538461538464,19,37
UBE2C,2,5,0.30434782608695654,18,44
RBP5,2,5,0.1076923076923077,59,15
PDGFRA,2,5,0.1076923076923077,59,15
BTNL9,2,5,0.0,25,23
SLC26A2,2,5,0.17857142857142858,15,20
CLEC14A,2,5,0.3333333333333333,59,23
PPARG,2,5,0.06818181818181818,59,37
THAP2,2,5,0.17857142857142858,15,20
MCF2L,2,5,0.06818181818181818,59,37
INMT,2,5,0.014084507042253521,59,15
CD1E,2,5,0.0,15,16
TM4SF18,2,5,0.3333333333333333,59,23
EDN1,2,5,0.3333333333333333,59,23
NPDC1,2,5,0.14285714285714285,59,15
FHL2,2,5,0.06818181818181818,59,37
RGS16,2,5,0.015151515151515152,25,44
FCN1,2,5,0.0,15,16
RAMP2,2,5,0.3333333333333333,59,23
RAPGEF3,2,5,0.14285714285714285,59,15
MEST,2,5,0.17857142857142858,15,20
KIT,2,5,0.04285714285714286,59,16
GEM,2,5,0.1076923076923077,59,15
VCAN,2,5,0.0,15,37
SPI1,2,5,0.12962962962962962,19,44
FCGR1A,2,5,0.0,15,16
DES,2,5,0.037037037037037035,15,15
STEAP4,2,5,0.14285714285714285,59,15
ERG,2,5,0.14285714285714285,59,15
PCOLCE,2,5,0.0,59,16
VWA5A,2,5,0.02702702702702703,25,15
COL5A2,2,5,0.3333333333333333,59,23
PTN,2,5,0.037037037037037035,15,15
CFB,2,5,0.1076923076923077,59,15
MET,2,5,0.06818181818181818,59,37
CAV1,2,5,0.14285714285714285,59,15
GATM,2,5,0.0,25,20
OGN,2,5,0.0,15,16
PDPN,2,5,0.02702702702702703,25,15
MFAP5,2,5,0.0,16,15
MALL,2,5,0.14285714285714285,59,15
CLEC4E,2,5,0.041666666666666664,15,37
RIDA,2,5,0.017857142857142856,15,44
CRISPLD2,2,5,0.3333333333333333,59,23
ELF5,2,5,0.02040816326530612,15,37
GHRL,2,5,0.038461538461538464,19,37
SEMA3C,2,5,0.037037037037037035,15,15
CPA3,2,5,0.037037037037037035,15,15
SRPX,2,5,0.02702702702702703,25,15
VSIG4,2,5,0.0,15,15
NTN4,2,5,0.1076923076923077,59,15
FSTL3,2,5,0.02631578947368421,25,16
ANPEP,2,5,0.0,19,15
CFHR3,2,5,0.0,25,15
GYPA,2,5,0.11538461538461539,16,15
APOBEC3A,2,5,0.05555555555555555,15,44
AQP3,2,5,0.0,18,15
ANGPT2,2,5,0.04285714285714286,59,16
APCDD1,2,5,0.037037037037037035,15,15
SLC4A1,2,5,0.0,15,15
SFRP2,2,5,0.037037037037037035,15,15
DERL3,2,5,0.1,15,20
CD274,2,5,0.01694915254237288,25,37
CXCL6,2,5,0.11538461538461539,16,15
IL1R2,2,5,0.0,19,15
CYP4B1,2,5,0.037037037037037035,15,15
SOX17,2,5,0.02702702702702703,25,15
LIF,2,5,0.0,15,15
ASPN,2,5,0.07407407407407407,15,16
LILRB4,2,5,0.02040816326530612,15,37
CNN1,2,5,0.02702702702702703,25,15
MS4A2,2,5,0.16666666666666666,15,15
BMX,2,5,0.07692307692307693,15,15
ADGRE1,2,5,0.07407407407407407,16,15
LAG3,2,5,0.037037037037037035,15,15
CYP2A7,2,5,0.037037037037037035,15,15
EHF,2,5,0.0,15,15
GPC3,2,5,0.0,25,15
SMIM24,2,5,0.17857142857142858,15,20
RERGL,2,5,0.07407407407407407,15,16
SOX2,2,5,0.17857142857142858,15,20
ESR1,2,5,0.0,15,15
STC1,2,5,0.02702702702702703,25,15
HEMGN,2,5,0.0,16,15
BAMBI,2,5,0.0,15,16
MEDAG,2,5,0.07407407407407407,16,15
HEPACAM2,2,5,0.07407407407407407,16,15
FCER1A,2,5,0.037037037037037035,15,15
PLIN4,2,5,0.10714285714285714,18,15
FXYD2,2,5,0.0,16,15
SERPINB3,2,5,0.03571428571428571,16,15
PLAC9,2,5,0.07407407407407407,15,16
ALAS2,2,5,0.16666666666666666,15,15
EPCAM,2,5,0.07142857142857142,16,16
AHSP,2,5,0.037037037037037035,15,15
SNCA,2,5,0.0,59,15
RND1,2,5,0.0,16,16
ASCL3,2,5,0.12,15,15
CLCA1,2,5,0.03571428571428571,16,15
CFAP53,2,5,0.0,15,16
STC2,2,5,0.0,25,15
ALDH1A3,2,5,0.02631578947368421,25,16
CFHR1,2,5,0.02702702702702703,25,15
TMEM100,2,5,0.037037037037037035,15,15
CD1A,2,5,0.0,16,15
PPP1R1A,2,5,0.034482758620689655,16,16
IL1RL1,2,5,0.037037037037037035,15,15
TSPAN19,2,5,0.07142857142857142,16,16
CYP1A1,2,5,0.0,15,16
FGFBP2,2,5,0.11538461538461539,16,15
EGFR,2,5,0.02702702702702703,25,15
CYP2F1,2,5,0.12,15,15
SNTN,2,5,0.07142857142857142,16,16
TIMP4,2,5,0.03571428571428571,16,15
GATA2,2,5,0.02631578947368421,25,16
HAMP,2,5,0.0,15,37
PPP1R1B,2,5,0.12,15,15
ADH1C,2,5,0.03571428571428571,16,15
CCDC39,2,5,0.03571428571428571,16,15
CFTR,2,5,0.037037037037037035,15,15
TMC5,2,5,0.0,16,20
PGR,2,5,0.12,15,15
AGER,2,5,0.034482758620689655,16,16
MAMDC2,2,5,0.037037037037037035,15,15
AR,2,5,0.03571428571428571,16,15
C15orf48,2,5,0.0,15,15
S100A1,2,5,0.0,15,16
SOX18,2,5,0.02702702702702703,25,15
SNAI1,2,5,0.11538461538461539,16,15
CLIC6,2,5,0.0,16,15
SLC26A3,2,5,0.0,16,15
TM4SF4,2,5,0.03571428571428571,16,15
THBS2,2,5,0.16666666666666666,15,15
AQP9,2,5,0.03571428571428571,16,15
SLC18A2,2,5,0.16666666666666666,15,15
ERBB2,2,5,0.02631578947368421,25,16
GPC1,2,5,0.037037037037037035,15,15
TAC1,2,5,0.037037037037037035,15,15
FGFBP1,2,5,0.0,15,16
C6orf118,2,5,0.0,15,15
APOA5,2,5,0.03571428571428571,15,16
DNAAF1,2,5,0.0,16,15
ACE2,2,5,0.03571428571428571,16,15
CLCA2,2,5,0.16666666666666666,15,15
MCEMP1,2,5,0.03571428571428571,15,16
TBX3,2,5,0.0,25,15
CYP2B6,2,5,0.037037037037037035,15,15
SCGN,2,5,0.0,16,16
OPRPN,2,5,0.03571428571428571,16,15
CD300E,2,5,0.0,15,15
CAPN8,2,5,0.037037037037037035,15,15
SCGB2A1,2,5,0.16666666666666666,15,15
GPRC5A,2,5,0.07692307692307693,15,15
CCDC78,2,5,0.0,15,37
CTSG,2,5,0.6333333333333333,25,26
ADIPOQ,2,5,0.16666666666666666,15,15
C1orf194,2,5,0.0,15,15
LILRA5,2,5,0.037037037037037035,15,15
HPGDS,2,5,0.0,15,15
KCNK3,2,5,0.07692307692307693,15,15
LPL,2,5,0.0,18,37
GYPB,2,5,0.16666666666666666,15,15
GKN2,2,5,0.07692307692307693,15,15
C5orf46,2,5,0.0,15,15
SELE,2,5,0.037037037037037035,15,15
SERPINB2,2,5,0.0,15,15
DIRAS3,2,5,0.037037037037037035,15,15
PRG4,2,5,0.16666666666666666,15,15
LGI4,2,5,0.0,15,15
COL17A1,2,5,0.07692307692307693,15,15
SFTA2,2,5,0.07692307692307693,15,15
HIGD1B,2,5,0.0,15,16
DPEP1,2,5,0.0,15,15
PCP4,2,5,0.16666666666666666,15,15
CSF3,2,5,0.037037037037037035,15,15
TREM2,2,5,0.16666666666666666,15,15
TMEM52B,2,5,0.16666666666666666,15,15
AGR3,2,5,0.0,15,15
AQP8,2,5,0.16666666666666666,15,15
ARFGEF3,2,5,0.0,25,26
SNCG,2,5,0.02702702702702703,25,15
SLC22A8,2,5,0.16666666666666666,15,15
PEBP4,2,5,0.16666666666666666,15,15
BBOX1,2,5,0.0,15,15
CYP3A4,2,5,0.037037037037037035,15,15
FOXI1,2,5,0.16666666666666666,15,15
S100A12,2,5,0.037037037037037035,15,15
HPX,2,5,0.16666666666666666,15,15
LGR5,2,5,0.06896551724137931,18,15
NAT8,2,5,0.16666666666666666,15,15
PCSK2,2,5,0.0,18,15
ASCL1,2,5,0.06896551724137931,18,15
PVALB,2,5,0.037037037037037035,15,15
FCN2,2,5,0.16666666666666666,15,15
GCG,2,5,0.0,15,26
CD70,2,5,0.19230769230769232,18,15
UMOD,2,5,0.16666666666666666,15,15
FOXJ1,2,5,0.19230769230769232,18,15
MLPH,2,5,0.06896551724137931,18,15
GLYATL1,2,5,0.19230769230769232,18,15
KRT20,2,5,0.19230769230769232,18,15
ADH4,2,5,0.05,18,26
CA4,2,5,0.6333333333333333,25,26
CDH16,2,5,0.10714285714285714,18,15
AQP2,2,5,0.19230769230769232,18,15
DMBT1,2,5,0.05,18,26
CHGA,2,5,0.05,18,26
CCL27,2,5,0.10714285714285714,18,15
KNG1,2,5,0.19230769230769232,18,15
PPY,2,5,0.10714285714285714,18,15
MLANA,2,5,0.02702702702702703,25,15
HMGCS2,2,5,0.02702702702702703,25,15
CRHBP,2,5,0.6333333333333333,25,26
TFF2,2,5,0.02702702702702703,25,15
GDF15,2,5,0.02702702702702703,25,15
PDCD1,2,5,0.0,25,15
SST,2,5,0.6333333333333333,25,26
INS,2,5,0.6333333333333333,25,26
FOXA1,2,5,0.6333333333333333,25,26
TMEM174,2,5,0.6333333333333333,25,26
TCF15,2,5,0.6333333333333333,25,26
KLK11,2,5,0.6333333333333333,25,26
SPDEF,2,5,0.6333333333333333,25,26
ABCC11,2,5,0.6333333333333333,25,26
HES4,2,5,0.6333333333333333,25,26
C20orf85,2,5,0.6333333333333333,25,26
TAT,2,5,0.6333333333333333,25,26
MYBPC1,2,5,0.6333333333333333,25,26
LY6D,2,5,0.6333333333333333,25,26
UPK3B,2,5,0.6333333333333333,25,26
GPX2,2,5,0.6333333333333333,25,26
RETN,2,5,0.6333333333333333,25,26
KRT7,2,5,0.6333333333333333,25,26
MS4A1,3,4,0.3076923076923077,38,15
CXCR4,3,4,0.10294117647058823,38,39
TRAC,3,4,0.3898305084745763,45,39
PTPRC,3,4,0.3898305084745763,45,39
IL7R,3,4,0.3898305084745763,45,39
BANK1,3,4,0.3076923076923077,38,15
PTGDS,3,4,0.4,29,15
CD79A,3,4,0.3076923076923077,38,15
MPEG1,3,4,0.02,38,15
CYTIP,3,4,0.3898305084745763,45,39
PECAM1,3,4,0.04054054054054054,40,39
SELL,3,4,0.3898305084745763,45,39
IRF8,3,4,0.02,38,15
CD3E,3,4,0.3898305084745763,45,39
BASP1,3,4,0.15555555555555556,38,16
TCL1A,3,4,0.15555555555555556,38,16
CCR7,3,4,0.3898305084745763,45,39
PCNA,3,4,0.1346153846153846,45,16
AIF1,3,4,0.4,29,15
CD3D,3,4,0.3898305084745763,45,39
FGL2,3,4,0.4,29,15
CD4,3,4,0.015384615384615385,29,39
PLCG2,3,4,0.3076923076923077,38,15
MDM2,3,4,0.15555555555555556,38,16
CD2,3,4,0.3898305084745763,45,39
MKI67,3,4,0.1346153846153846,45,16
SERPINB9,3,4,0.15151515151515152,24,16
MS4A6A,3,4,0.4,29,15
CD19,3,4,0.3076923076923077,38,15
TENT5C,3,4,0.15555555555555556,38,16
CTLA4,3,4,0.3898305084745763,45,39
ACTG2,3,4,0.1346153846153846,45,16
MZB1,3,4,0.15555555555555556,38,16
CD28,3,4,0.3898305084745763,45,39
GPR183,3,4,0.3898305084745763,45,39
CD34,3,4,0.07142857142857142,40,22
KLRB1,3,4,0.3898305084745763,45,39
CD247,3,4,0.3898305084745763,45,39
MYC,3,4,0.10294117647058823,38,39
CXCL2,3,4,0.037037037037037035,15,15
C1orf162,3,4,0.015384615384615385,29,39
CD83,3,4,0.10294117647058823,38,39
CD69,3,4,0.10294117647058823,38,39
ADAM28,3,4,0.3076923076923077,38,15
CCL5,3,4,0.16,45,15
BCL2L11,3,4,0.3898305084745763,45,39
TFPI,3,4,0.06060606060606061,15,22
CXCL9,3,4,0.0425531914893617,29,22
PRDM1,3,4,0.3898305084745763,45,39
TNC,3,4,0.1935483870967742,24,15
LYVE1,3,4,0.037037037037037035,15,15
VWF,3,4,0.06,40,15
IGSF6,3,4,0.4,29,15
CD5L,3,4,0.024390243902439025,29,15
CD1C,3,4,0.3076923076923077,38,15
MEF2C,3,4,0.3076923076923077,38,15
MMRN1,3,4,0.07142857142857142,40,22
PLA2G7,3,4,0.4,29,15
GNLY,3,4,0.16,45,15
LAMP3,3,4,0.03571428571428571,38,22
TCF4,3,4,0.3076923076923077,38,15
GLIPR1,3,4,0.10294117647058823,38,39
CD27,3,4,0.3898305084745763,45,39
CD163,3,4,0.0,29,15
SLAMF7,3,4,0.15555555555555556,38,16
CD8A,3,4,0.16,45,15
SPIB,3,4,0.10294117647058823,38,39
MYLK,3,4,0.1935483870967742,24,15
CDK1,3,4,0.1346153846153846,45,16
ACTA2,3,4,0.0,24,15
CAVIN2,3,4,0.0,40,15
CAVIN1,3,4,0.08163265306122448,40,15
LY86,3,4,0.3076923076923077,38,15
KLRD1,3,4,0.16,45,15
HLA-DQB2,3,4,0.10294117647058823,38,39
IL2RA,3,4,0.3898305084745763,45,39
CCL19,3,4,0.1935483870967742,24,15
TNFRSF9,3,4,0.0,45,16
CLECL1,3,4,0.3076923076923077,38,15
FBN1,3,4,0.15151515151515152,24,16
KCNMA1,3,4,0.4,29,15
TNFRSF13B,3,4,0.3076923076923077,38,15
TNFRSF17,3,4,0.15555555555555556,38,16
MS4A4A,3,4,0.4,29,15
GZMK,3,4,0.16,45,15
APOLD1,3,4,0.0392156862745098,40,15
TOP2A,3,4,0.1346153846153846,45,16
CD68,3,4,0.4,29,15
CXCL10,3,4,0.0,29,15
CLEC10A,3,4,0.024390243902439025,29,15
DUSP2,3,4,0.3898305084745763,45,39
MTRNR2L11,3,4,0.3898305084745763,45,39
DNASE1L3,3,4,0.0425531914893617,29,22
IL3RA,3,4,0.02,38,15
RTKN2,3,4,0.3898305084745763,45,39
LILRA4,3,4,0.03571428571428571,38,22
CTSK,3,4,0.0,24,39
C7,3,4,0.08823529411764706,24,15
ADGRL4,3,4,0.038461538461538464,40,16
SLAMF1,3,4,0.3898305084745763,45,39
PDGFRB,3,4,0.1935483870967742,24,15
DST,3,4,0.0,29,16
MMRN2,3,4,0.038461538461538464,40,16
SFRP4,3,4,0.16666666666666666,15,15
CD93,3,4,0.06,40,15
FKBP11,3,4,0.15555555555555556,38,16
CSF2RA,3,4,0.4,29,15
GZMA,3,4,0.16,45,15
MNDA,3,4,0.0,29,15
PROX1,3,4,0.0,15,17
SH2D3C,3,4,0.3898305084745763,45,39
HAVCR2,3,4,0.4,29,15
PLD4,3,4,0.3076923076923077,38,15
MYH11,3,4,0.16666666666666666,15,15
ADAMTS1,3,4,0.0,24,15
CCR2,3,4,0.02,38,15
GNG11,3,4,0.07142857142857142,40,22
CD86,3,4,0.10294117647058823,38,39
FOXP3,3,4,0.3898305084745763,45,39
MARCO,3,4,0.16666666666666666,15,15
CENPF,3,4,0.1346153846153846,45,16
GZMB,3,4,0.0,38,15
FCGR3A,3,4,0.03571428571428571,38,22
PRF1,3,4,0.16,45,15
LILRB2,3,4,0.4,29,15
THY1,3,4,0.1935483870967742,24,15
FAS,3,4,0.11538461538461539,15,16
EDNRB,3,4,0.1935483870967742,24,15
DPT,3,4,0.047619047619047616,24,22
CD14,3,4,0.024390243902439025,29,15
TCIM,3,4,0.11538461538461539,15,16
KLRC1,3,4,0.16,45,15
COCH,3,4,0.06060606060606061,15,22
LTBP2,3,4,0.15151515151515152,24,16
AMY2A,3,4,0.04054054054054054,40,39
FBLN1,3,4,0.0,15,15
SMYD2,3,4,0.04054054054054054,40,39
MRC1,3,4,0.0,29,15
CCNB2,3,4,0.1346153846153846,45,16
ACKR1,3,4,0.08823529411764706,24,15
ECSCR,3,4,0.1,40,17
EGFL7,3,4,0.0,40,15
NKG7,3,4,0.16,45,15
PMP22,3,4,0.047619047619047616,24,22
IGF1,3,4,0.4,29,15
UBE2C,3,4,0.1346153846153846,45,16
RBP5,3,4,0.15151515151515152,24,16
PDGFRA,3,4,0.08823529411764706,24,15
BTNL9,3,4,0.08163265306122448,40,15
SLC26A2,3,4,0.04054054054054054,40,39
CLEC14A,3,4,0.06,40,15
PPARG,3,4,0.038461538461538464,40,16
THAP2,3,4,0.0,15,15
MCF2L,3,4,0.0392156862745098,40,15
INMT,3,4,0.08163265306122448,40,15
CD1E,3,4,0.0425531914893617,29,22
TM4SF18,3,4,0.1,40,17
EDN1,3,4,0.037037037037037035,15,15
NPDC1,3,4,0.06,40,15
FHL2,3,4,0.07692307692307693,15,15
RGS16,3,4,0.07692307692307693,15,15
FCN1,3,4,0.0392156862745098,40,15
RAMP2,3,4,0.0392156862745098,40,15
RAPGEF3,3,4,0.1,40,17
MEST,3,4,0.0392156862745098,40,15
KIT,3,4,0.16666666666666666,15,15
GEM,3,4,0.15151515151515152,24,16
VCAN,3,4,0.16666666666666666,15,15
SPI1,3,4,0.024390243902439025,29,15
FCGR1A,3,4,0.0,38,16
DES,3,4,0.16666666666666666,15,15
STEAP4,3,4,0.06,40,15
ERG,3,4,0.06,40,15
PCOLCE,3,4,0.1935483870967742,24,15
VWA5A,3,4,0.06060606060606061,15,22
COL5A2,3,4,0.08823529411764706,24,15
PTN,3,4,0.0,15,15
CFB,3,4,0.047619047619047616,24,22
MET,3,4,0.0392156862745098,40,15
CAV1,3,4,0.0,40,15
GATM,3,4,0.11538461538461539,15,16
OGN,3,4,0.07142857142857142,40,22
PDPN,3,4,0.15151515151515152,24,16
MFAP5,3,4,0.0,15,15
MALL,3,4,0.08163265306122448,40,15
CLEC4E,3,4,0.1,40,17
RIDA,3,4,0.0,45,15
CRISPLD2,3,4,0.0,24,15
ELF5,3,4,0.0,15,15
GHRL,3,4,0.0,29,15
SEMA3C,3,4,0.1,40,17
CPA3,3,4,0.07692307692307693,15,15
SRPX,3,4,0.037037037037037035,15,15
VSIG4,3,4,0.16666666666666666,15,15
NTN4,3,4,0.07142857142857142,15,17
FSTL3,3,4,0.06060606060606061,15,22
ANPEP,3,4,0.0,15,15
CFHR3,3,4,0.07142857142857142,15,17
GYPA,3,4,0.06060606060606061,15,22
APOBEC3A,3,4,0.07142857142857142,40,22
AQP3,3,4,0.06,40,15
ANGPT2,3,4,0.07692307692307693,15,15
APCDD1,3,4,0.06060606060606061,15,22
SLC4A1,3,4,0.16666666666666666,15,15
SFRP2,3,4,0.07692307692307693,15,15
DERL3,3,4,0.029411764705882353,15,22
CD274,3,4,0.1,40,17
CXCL6,3,4,0.029411764705882353,15,22
IL1R2,3,4,0.06,40,15
CYP4B1,3,4,0.11538461538461539,15,16
SOX17,3,4,0.0,15,15
LIF,3,4,0.16666666666666666,15,15
ASPN,3,4,0.034482758620689655,15,17
LILRB4,3,4,0.0,29,15
CNN1,3,4,0.07692307692307693,15,15
MS4A2,3,4,0.0,15,15
BMX,3,4,0.0,15,15
ADGRE1,3,4,0.1111111111111111,15,17
LAG3,3,4,0.0,45,15
CYP2A7,3,4,0.0,15,15
EHF,3,4,0.034482758620689655,15,17
GPC3,3,4,0.16666666666666666,15,15
SMIM24,3,4,0.07692307692307693,15,15
RERGL,3,4,0.07692307692307693,15,15
SOX2,3,4,0.07692307692307693,15,15
ESR1,3,4,0.08163265306122448,40,15
STC1,3,4,0.16666666666666666,15,15
HEMGN,3,4,0.0,15,15
BAMBI,3,4,0.0,15,15
MEDAG,3,4,0.12,15,15
HEPACAM2,3,4,0.07692307692307693,15,15
FCER1A,3,4,0.0,15,15
PLIN4,3,4,0.4,15,15
FXYD2,3,4,0.0,45,15
SERPINB3,3,4,0.07692307692307693,15,15
PLAC9,3,4,0.16666666666666666,15,15
ALAS2,3,4,0.07692307692307693,15,15
EPCAM,3,4,0.0,15,15
AHSP,3,4,0.0,15,15
SNCA,3,4,0.0,15,15
RND1,3,4,0.07692307692307693,15,15
ASCL3,3,4,0.1111111111111111,15,17
CLCA1,3,4,0.1111111111111111,15,17
CFAP53,3,4,0.07142857142857142,15,17
STC2,3,4,0.2727272727272727,15,15
ALDH1A3,3,4,0.16666666666666666,15,15
CFHR1,3,4,0.12,15,15
TMEM100,3,4,0.2727272727272727,15,15
CD1A,3,4,0.0,15,17
PPP1R1A,3,4,0.07692307692307693,15,15
IL1RL1,3,4,0.0,15,15
TSPAN19,3,4,0.16666666666666666,15,15
CYP1A1,3,4,0.1111111111111111,15,17
FGFBP2,3,4,0.2727272727272727,15,15
EGFR,3,4,0.16666666666666666,15,15
CYP2F1,3,4,0.07692307692307693,15,15
SNTN,3,4,0.0,15,15
TIMP4,3,4,0.037037037037037035,15,15
GATA2,3,4,0.12,15,15
HAMP,3,4,0.037037037037037035,15,15
PPP1R1B,3,4,0.07692307692307693,15,15
ADH1C,3,4,0.037037037037037035,15,15
CCDC39,3,4,0.16666666666666666,15,15
CFTR,3,4,0.16666666666666666,15,15
TMC5,3,4,0.16666666666666666,15,15
PGR,3,4,0.12,15,15
AGER,3,4,0.0,15,15
MAMDC2,3,4,0.07692307692307693,15,15
AR,3,4,0.037037037037037035,15,15
C15orf48,3,4,0.07692307692307693,15,15
S100A1,3,4,0.037037037037037035,15,15
SOX18,3,4,0.07692307692307693,15,15
SNAI1,3,4,0.0,15,15
CLIC6,3,4,0.0,15,15
SLC26A3,3,4,0.0,15,15
TM4SF4,3,4,0.0,15,15
THBS2,3,4,0.16666666666666666,15,15
AQP9,3,4,0.16666666666666666,15,15
SLC18A2,3,4,0.07692307692307693,15,15
ERBB2,3,4,0.16666666666666666,15,15
GPC1,3,4,0.07692307692307693,15,15
TAC1,3,4,0.2727272727272727,15,15
FGFBP1,3,4,0.16666666666666666,15,15
C6orf118,3,4,0.0,15,15
APOA5,3,4,0.0,15,15
DNAAF1,3,4,0.2727272727272727,15,15
ACE2,3,4,0.037037037037037035,15,15
CLCA2,3,4,0.2727272727272727,15,15
MCEMP1,3,4,0.2727272727272727,15,15
TBX3,3,4,0.037037037037037035,15,15
CYP2B6,3,4,0.037037037037037035,15,15
SCGN,3,4,0.07692307692307693,15,15
OPRPN,3,4,0.037037037037037035,15,15
CD300E,3,4,0.037037037037037035,15,15
CAPN8,3,4,0.07692307692307693,15,15
SCGB2A1,3,4,0.07692307692307693,15,15
GPRC5A,3,4,0.12,15,15
CCDC78,3,4,0.0,15,15
CTSG,3,4,0.7692307692307693,21,27
ADIPOQ,3,4,0.21739130434782608,15,15
C1orf194,3,4,0.07692307692307693,15,15
LILRA5,3,4,0.16666666666666666,15,15
HPGDS,3,4,0.07692307692307693,15,15
KCNK3,3,4,0.07692307692307693,15,15
LPL,3,4,0.16666666666666666,15,15
GYPB,3,4,0.0,15,15
GKN2,3,4,0.12,15,15
C5orf46,3,4,0.12,15,15
SELE,3,4,0.0,15,15
SERPINB2,3,4,0.07692307692307693,15,15
DIRAS3,3,4,0.12,15,15
PRG4,3,4,0.12,15,15
LGI4,3,4,0.21739130434782608,15,15
COL17A1,3,4,0.12,15,15
SFTA2,3,4,0.12,15,15
HIGD1B,3,4,0.07692307692307693,15,15
DPEP1,3,4,0.12,15,15
PCP4,3,4,0.12,15,15
CSF3,3,4,0.12,15,15
TREM2,3,4,0.16666666666666666,15,15
TMEM52B,3,4,0.12,15,15
AGR3,3,4,0.21739130434782608,15,15
AQP8,3,4,0.16666666666666666,15,15
ARFGEF3,3,4,0.1111111111111111,15,27
SNCG,3,4,0.1111111111111111,15,27
SLC22A8,3,4,0.0,15,15
PEBP4,3,4,0.12,15,15
BBOX1,3,4,0.0,15,15
CYP3A4,3,4,0.21739130434782608,15,15
FOXI1,3,4,0.21739130434782608,15,15
S100A12,3,4,0.21739130434782608,15,15
HPX,3,4,0.21739130434782608,15,15
LGR5,3,4,0.21739130434782608,15,15
NAT8,3,4,0.21739130434782608,15,15
PCSK2,3,4,0.21739130434782608,15,15
ASCL1,3,4,0.037037037037037035,15,15
PVALB,3,4,0.21739130434782608,15,15
FCN2,3,4,0.4,15,15
GCG,3,4,0.16666666666666666,15,15
CD70,3,4,0.16666666666666666,15,15
UMOD,3,4,0.4,15,15
FOXJ1,3,4,0.07692307692307693,15,15
MLPH,3,4,0.0,15,15
GLYATL1,3,4,0.21739130434782608,15,15
KRT20,3,4,0.037037037037037035,15,15
ADH4,3,4,0.16666666666666666,15,15
CA4,3,4,0.7692307692307693,21,27
CDH16,3,4,0.0,15,27
AQP2,3,4,0.16666666666666666,15,15
DMBT1,3,4,0.1111111111111111,15,27
CHGA,3,4,0.4,15,15
CCL27,3,4,0.4,15,15
KNG1,3,4,0.4,15,15
PPY,3,4,0.1111111111111111,15,27
MLANA,3,4,0.4,15,15
HMGCS2,3,4,0.4,15,15
CRHBP,3,4,0.7692307692307693,21,27
TFF2,3,4,0.4,15,15
GDF15,3,4,0.7692307692307693,21,27
PDCD1,3,4,0.1111111111111111,15,27
SST,3,4,0.7692307692307693,21,27
INS,3,4,0.7692307692307693,21,27
FOXA1,3,4,0.7692307692307693,21,27
TMEM174,3,4,0.7692307692307693,21,27
TCF15,3,4,0.7692307692307693,21,27
KLK11,3,4,0.7692307692307693,21,27
SPDEF,3,4,0.7692307692307693,21,27
ABCC11,3,4,0.7692307692307693,21,27
HES4,3,4,0.7692307692307693,21,27
C20orf85,3,4,0.7692307692307693,21,27
TAT,3,4,0.7692307692307693,21,27
MYBPC1,3,4,0.7692307692307693,21,27
LY6D,3,4,0.7692307692307693,21,27
UPK3B,3,4,0.7692307692307693,21,27
GPX2,3,4,0.7692307692307693,21,27
RETN,3,4,0.7692307692307693,21,27
KRT7,3,4,0.7692307692307693,21,27
MS4A1,3,5,0.3333333333333333,38,44
CXCR4,3,5,0.16666666666666666,38,20
TRAC,3,5,0.23404255319148937,45,15
PTPRC,3,5,0.24285714285714285,45,44
IL7R,3,5,0.23404255319148937,45,15
BANK1,3,5,0.16666666666666666,38,20
PTGDS,3,5,0.3617021276595745,29,37
CD79A,3,5,0.3333333333333333,38,44
MPEG1,3,5,0.16666666666666666,38,20
CYTIP,3,5,0.23404255319148937,45,15
PECAM1,3,5,0.2978723404255319,40,23
SELL,3,5,0.24285714285714285,45,44
IRF8,3,5,0.3333333333333333,38,44
CD3E,3,5,0.23404255319148937,45,15
BASP1,3,5,0.3333333333333333,38,44
TCL1A,3,5,0.3333333333333333,38,44
CCR7,3,5,0.03896103896103896,45,37
PCNA,3,5,0.24285714285714285,45,44
AIF1,3,5,0.3617021276595745,29,37
CD3D,3,5,0.23404255319148937,45,15
FGL2,3,5,0.05,29,15
CD4,3,5,0.3617021276595745,29,37
PLCG2,3,5,0.3333333333333333,38,44
MDM2,3,5,0.3333333333333333,38,44
CD2,3,5,0.23404255319148937,45,15
MKI67,3,5,0.24285714285714285,45,44
SERPINB9,3,5,0.0,24,44
MS4A6A,3,5,0.3617021276595745,29,37
CD19,3,5,0.3333333333333333,38,44
TENT5C,3,5,0.3333333333333333,38,44
CTLA4,3,5,0.23404255319148937,45,15
ACTG2,3,5,0.24285714285714285,45,44
MZB1,3,5,0.3333333333333333,38,44
CD28,3,5,0.23404255319148937,45,15
GPR183,3,5,0.03896103896103896,45,37
CD34,3,5,0.2978723404255319,40,23
KLRB1,3,5,0.23404255319148937,45,15
CD247,3,5,0.23404255319148937,45,15
MYC,3,5,0.16666666666666666,38,20
CXCL2,3,5,0.037037037037037035,15,15
C1orf162,3,5,0.3617021276595745,29,37
CD83,3,5,0.3333333333333333,38,44
CD69,3,5,0.16666666666666666,38,20
ADAM28,3,5,0.16666666666666666,38,20
CCL5,3,5,0.09433962264150944,45,15
BCL2L11,3,5,0.24285714285714285,45,44
TFPI,3,5,0.03571428571428571,15,16
CXCL9,3,5,0.024390243902439025,29,15
PRDM1,3,5,0.24285714285714285,45,44
TNC,3,5,0.23333333333333334,24,15
LYVE1,3,5,0.0,15,15
VWF,3,5,0.2978723404255319,40,23
IGSF6,3,5,0.3617021276595745,29,37
CD5L,3,5,0.024390243902439025,29,15
CD1C,3,5,0.16666666666666666,38,20
MEF2C,3,5,0.3333333333333333,38,44
MMRN1,3,5,0.0,40,15
PLA2G7,3,5,0.3617021276595745,29,37
GNLY,3,5,0.03571428571428571,45,15
LAMP3,3,5,0.04081632653061224,38,15
TCF4,3,5,0.3333333333333333,38,44
GLIPR1,3,5,0.0,38,37
CD27,3,5,0.23404255319148937,45,15
CD163,3,5,0.0,29,15
SLAMF7,3,5,0.3333333333333333,38,44
CD8A,3,5,0.09433962264150944,45,15
SPIB,3,5,0.3333333333333333,38,44
MYLK,3,5,0.125,24,23
CDK1,3,5,0.24285714285714285,45,44
ACTA2,3,5,0.017241379310344827,24,37
CAVIN2,3,5,0.038461538461538464,40,16
CAVIN1,3,5,0.2978723404255319,40,23
LY86,3,5,0.3333333333333333,38,44
KLRD1,3,5,0.03571428571428571,45,15
HLA-DQB2,3,5,0.3333333333333333,38,44
IL2RA,3,5,0.03896103896103896,45,37
CCL19,3,5,0.08823529411764706,24,15
TNFRSF9,3,5,0.0,45,15
CLECL1,3,5,0.3333333333333333,38,44
FBN1,3,5,0.23333333333333334,24,15
KCNMA1,3,5,0.3617021276595745,29,37
TNFRSF13B,3,5,0.16666666666666666,38,20
TNFRSF17,3,5,0.3333333333333333,38,44
MS4A4A,3,5,0.3617021276595745,29,37
GZMK,3,5,0.09433962264150944,45,15
APOLD1,3,5,0.2978723404255319,40,23
TOP2A,3,5,0.24285714285714285,45,44
CD68,3,5,0.3617021276595745,29,37
CXCL10,3,5,0.024390243902439025,29,15
CLEC10A,3,5,0.05,29,15
DUSP2,3,5,0.24285714285714285,45,44
MTRNR2L11,3,5,0.24285714285714285,45,44
DNASE1L3,3,5,0.05,29,15
IL3RA,3,5,0.0,38,23
RTKN2,3,5,0.24285714285714285,45,44
LILRA4,3,5,0.04081632653061224,38,15
CTSK,3,5,0.08823529411764706,24,15
C7,3,5,0.0,24,15
ADGRL4,3,5,0.2978723404255319,40,23
SLAMF1,3,5,0.24285714285714285,45,44
PDGFRB,3,5,0.125,24,23
DST,3,5,0.3617021276595745,29,37
MMRN2,3,5,0.2978723404255319,40,23
SFRP4,3,5,0.07692307692307693,15,15
CD93,3,5,0.2978723404255319,40,23
FKBP11,3,5,0.3333333333333333,38,44
CSF2RA,3,5,0.3617021276595745,29,37
GZMA,3,5,0.09433962264150944,45,15
MNDA,3,5,0.3617021276595745,29,37
PROX1,3,5,0.037037037037037035,15,15
SH2D3C,3,5,0.24285714285714285,45,44
HAVCR2,3,5,0.3617021276595745,29,37
PLD4,3,5,0.16666666666666666,38,20
MYH11,3,5,0.0,15,44
ADAMTS1,3,5,0.08823529411764706,24,15
CCR2,3,5,0.04081632653061224,38,15
GNG11,3,5,0.2978723404255319,40,23
CD86,3,5,0.3333333333333333,38,44
FOXP3,3,5,0.09433962264150944,45,15
MARCO,3,5,0.02631578947368421,15,26
CENPF,3,5,0.24285714285714285,45,44
GZMB,3,5,0.0,38,15
FCGR3A,3,5,0.0,38,16
PRF1,3,5,0.03896103896103896,45,37
LILRB2,3,5,0.0,29,20
THY1,3,5,0.125,24,23
FAS,3,5,0.02040816326530612,15,37
EDNRB,3,5,0.125,24,23
DPT,3,5,0.08823529411764706,24,15
CD14,3,5,0.3617021276595745,29,37
TCIM,3,5,0.07692307692307693,15,15
KLRC1,3,5,0.03571428571428571,45,15
COCH,3,5,0.0,15,15
LTBP2,3,5,0.23333333333333334,24,15
AMY2A,3,5,0.05454545454545454,40,20
FBLN1,3,5,0.0,15,15
SMYD2,3,5,0.05454545454545454,40,20
MRC1,3,5,0.024390243902439025,29,15
CCNB2,3,5,0.24285714285714285,45,44
ACKR1,3,5,0.0,24,15
ECSCR,3,5,0.2978723404255319,40,23
EGFL7,3,5,0.2978723404255319,40,23
NKG7,3,5,0.09433962264150944,45,15
PMP22,3,5,0.017241379310344827,24,37
IGF1,3,5,0.3617021276595745,29,37
UBE2C,3,5,0.24285714285714285,45,44
RBP5,3,5,0.23333333333333334,24,15
PDGFRA,3,5,0.23333333333333334,24,15
BTNL9,3,5,0.2978723404255319,40,23
SLC26A2,3,5,0.05454545454545454,40,20
CLEC14A,3,5,0.2978723404255319,40,23
PPARG,3,5,0.056338028169014086,40,37
THAP2,3,5,0.03125,15,20
MCF2L,3,5,0.056338028169014086,40,37
INMT,3,5,0.019230769230769232,40,15
CD1E,3,5,0.0,29,16
TM4SF18,3,5,0.2978723404255319,40,23
EDN1,3,5,0.0,15,23
NPDC1,3,5,0.10416666666666667,40,15
FHL2,3,5,0.02040816326530612,15,37
RGS16,3,5,0.0,15,44
FCN1,3,5,0.038461538461538464,40,16
RAMP2,3,5,0.2978723404255319,40,23
RAPGEF3,3,5,0.10416666666666667,40,15
MEST,3,5,0.05454545454545454,40,20
KIT,3,5,0.0,15,16
GEM,3,5,0.23333333333333334,24,15
VCAN,3,5,0.0,15,37
SPI1,3,5,0.0,29,44
FCGR1A,3,5,0.0,38,16
DES,3,5,0.037037037037037035,15,15
STEAP4,3,5,0.10416666666666667,40,15
ERG,3,5,0.10416666666666667,40,15
PCOLCE,3,5,0.0,24,16
VWA5A,3,5,0.07692307692307693,15,15
COL5A2,3,5,0.125,24,23
PTN,3,5,0.0,15,15
CFB,3,5,0.23333333333333334,24,15
MET,3,5,0.056338028169014086,40,37
CAV1,3,5,0.10416666666666667,40,15
GATM,3,5,0.0,15,20
OGN,3,5,0.038461538461538464,40,16
PDPN,3,5,0.23333333333333334,24,15
MFAP5,3,5,0.0,15,15
MALL,3,5,0.10416666666666667,40,15
CLEC4E,3,5,0.056338028169014086,40,37
RIDA,3,5,0.24285714285714285,45,44
CRISPLD2,3,5,0.125,24,23
ELF5,3,5,0.0,15,37
GHRL,3,5,0.3617021276595745,29,37
SEMA3C,3,5,0.0,40,15
CPA3,3,5,0.07692307692307693,15,15
SRPX,3,5,0.0,15,15
VSIG4,3,5,0.037037037037037035,15,15
NTN4,3,5,0.0,15,15
FSTL3,3,5,0.07407407407407407,15,16
ANPEP,3,5,0.0,15,15
CFHR3,3,5,0.037037037037037035,15,15
GYPA,3,5,0.037037037037037035,15,15
APOBEC3A,3,5,0.0,40,44
AQP3,3,5,0.0,40,15
ANGPT2,3,5,0.03571428571428571,15,16
APCDD1,3,5,0.037037037037037035,15,15
SLC4A1,3,5,0.0,15,15
SFRP2,3,5,0.037037037037037035,15,15
DERL3,3,5,0.0,15,20
CD274,3,5,0.056338028169014086,40,37
CXCL6,3,5,0.037037037037037035,15,15
IL1R2,3,5,0.019230769230769232,40,15
CYP4B1,3,5,0.07692307692307693,15,15
SOX17,3,5,0.037037037037037035,15,15
LIF,3,5,0.0,15,15
ASPN,3,5,0.11538461538461539,15,16
LILRB4,3,5,0.3617021276595745,29,37
CNN1,3,5,0.0,15,15
MS4A2,3,5,0.07692307692307693,15,15
BMX,3,5,0.0,15,15
ADGRE1,3,5,0.16666666666666666,15,15
LAG3,3,5,0.23404255319148937,45,15
CYP2A7,3,5,0.0,15,15
EHF,3,5,0.0,15,15
GPC3,3,5,0.037037037037037035,15,15
SMIM24,3,5,0.03125,15,20
RERGL,3,5,0.0,15,16
SOX2,3,5,0.03125,15,20
ESR1,3,5,0.0,40,15
STC1,3,5,0.0,15,15
HEMGN,3,5,0.037037037037037035,15,15
BAMBI,3,5,0.07407407407407407,15,16
MEDAG,3,5,0.07692307692307693,15,15
HEPACAM2,3,5,0.0,15,15
FCER1A,3,5,0.0,15,15
PLIN4,3,5,0.16666666666666666,15,15
FXYD2,3,5,0.0,45,15
SERPINB3,3,5,0.12,15,15
PLAC9,3,5,0.03571428571428571,15,16
ALAS2,3,5,0.037037037037037035,15,15
EPCAM,3,5,0.07407407407407407,15,16
AHSP,3,5,0.07692307692307693,15,15
SNCA,3,5,0.0,15,15
RND1,3,5,0.0,15,16
ASCL3,3,5,0.16666666666666666,15,15
CLCA1,3,5,0.0,15,15
CFAP53,3,5,0.07407407407407407,15,16
STC2,3,5,0.0,15,15
ALDH1A3,3,5,0.11538461538461539,15,16
CFHR1,3,5,0.0,15,15
TMEM100,3,5,0.07692307692307693,15,15
CD1A,3,5,0.037037037037037035,15,15
PPP1R1A,3,5,0.07407407407407407,15,16
IL1RL1,3,5,0.12,15,15
TSPAN19,3,5,0.03571428571428571,15,16
CYP1A1,3,5,0.07407407407407407,15,16
FGFBP2,3,5,0.0,15,15
EGFR,3,5,0.12,15,15
CYP2F1,3,5,0.16666666666666666,15,15
SNTN,3,5,0.11538461538461539,15,16
TIMP4,3,5,0.0,15,15
GATA2,3,5,0.0,15,16
HAMP,3,5,0.0,15,37
PPP1R1B,3,5,0.16666666666666666,15,15
ADH1C,3,5,0.037037037037037035,15,15
CCDC39,3,5,0.037037037037037035,15,15
CFTR,3,5,0.0,15,15
TMC5,3,5,0.03125,15,20
PGR,3,5,0.07692307692307693,15,15
AGER,3,5,0.11538461538461539,15,16
MAMDC2,3,5,0.07692307692307693,15,15
AR,3,5,0.0,15,15
C15orf48,3,5,0.0,15,15
S100A1,3,5,0.0,15,16
SOX18,3,5,0.0,15,15
SNAI1,3,5,0.037037037037037035,15,15
CLIC6,3,5,0.0,15,15
SLC26A3,3,5,0.0,15,15
TM4SF4,3,5,0.16666666666666666,15,15
THBS2,3,5,0.12,15,15
AQP9,3,5,0.12,15,15
SLC18A2,3,5,0.037037037037037035,15,15
ERBB2,3,5,0.03571428571428571,15,16
GPC1,3,5,0.0,15,15
TAC1,3,5,0.037037037037037035,15,15
FGFBP1,3,5,0.03571428571428571,15,16
C6orf118,3,5,0.0,15,15
APOA5,3,5,0.0,15,16
DNAAF1,3,5,0.037037037037037035,15,15
ACE2,3,5,0.07692307692307693,15,15
CLCA2,3,5,0.07692307692307693,15,15
MCEMP1,3,5,0.0,15,16
TBX3,3,5,0.037037037037037035,15,15
CYP2B6,3,5,0.037037037037037035,15,15
SCGN,3,5,0.0,15,16
OPRPN,3,5,0.07692307692307693,15,15
CD300E,3,5,0.037037037037037035,15,15
CAPN8,3,5,0.037037037037037035,15,15
SCGB2A1,3,5,0.07692307692307693,15,15
GPRC5A,3,5,0.037037037037037035,15,15
CCDC78,3,5,0.0,15,37
CTSG,3,5,0.7307692307692307,21,26
ADIPOQ,3,5,0.12,15,15
C1orf194,3,5,0.0,15,15
LILRA5,3,5,0.0,15,15
HPGDS,3,5,0.07692307692307693,15,15
KCNK3,3,5,0.037037037037037035,15,15
LPL,3,5,0.0,15,37
GYPB,3,5,0.07692307692307693,15,15
GKN2,3,5,0.07692307692307693,15,15
C5orf46,3,5,0.07692307692307693,15,15
SELE,3,5,0.0,15,15
SERPINB2,3,5,0.0,15,15
DIRAS3,3,5,0.037037037037037035,15,15
PRG4,3,5,0.07692307692307693,15,15
LGI4,3,5,0.12,15,15
COL17A1,3,5,0.037037037037037035,15,15
SFTA2,3,5,0.07692307692307693,15,15
HIGD1B,3,5,0.0,15,16
DPEP1,3,5,0.037037037037037035,15,15
PCP4,3,5,0.0,15,15
CSF3,3,5,0.037037037037037035,15,15
TREM2,3,5,0.12,15,15
TMEM52B,3,5,0.07692307692307693,15,15
AGR3,3,5,0.07692307692307693,15,15
AQP8,3,5,0.07692307692307693,15,15
ARFGEF3,3,5,0.05405405405405406,15,26
SNCG,3,5,0.12,15,15
SLC22A8,3,5,0.07692307692307693,15,15
PEBP4,3,5,0.07692307692307693,15,15
BBOX1,3,5,0.16666666666666666,15,15
CYP3A4,3,5,0.0,15,15
FOXI1,3,5,0.0,15,15
S100A12,3,5,0.037037037037037035,15,15
HPX,3,5,0.0,15,15
LGR5,3,5,0.037037037037037035,15,15
NAT8,3,5,0.07692307692307693,15,15
PCSK2,3,5,0.037037037037037035,15,15
ASCL1,3,5,0.037037037037037035,15,15
PVALB,3,5,0.037037037037037035,15,15
FCN2,3,5,0.16666666666666666,15,15
GCG,3,5,0.0,15,26
CD70,3,5,0.16666666666666666,15,15
UMOD,3,5,0.0,15,15
FOXJ1,3,5,0.0,15,15
MLPH,3,5,0.0,15,15
GLYATL1,3,5,0.16666666666666666,15,15
KRT20,3,5,0.16666666666666666,15,15
ADH4,3,5,0.02631578947368421,15,26
CA4,3,5,0.7307692307692307,21,26
CDH16,3,5,0.037037037037037035,15,15
AQP2,3,5,0.16666666666666666,15,15
DMBT1,3,5,0.05405405405405406,15,26
CHGA,3,5,0.05405405405405406,15,26
CCL27,3,5,0.16666666666666666,15,15
KNG1,3,5,0.12,15,15
PPY,3,5,0.16666666666666666,15,15
MLANA,3,5,0.12,15,15
HMGCS2,3,5,0.12,15,15
CRHBP,3,5,0.7307692307692307,21,26
TFF2,3,5,0.16666666666666666,15,15
GDF15,3,5,0.0,21,15
PDCD1,3,5,0.0,15,15
SST,3,5,0.7307692307692307,21,26
INS,3,5,0.7307692307692307,21,26
FOXA1,3,5,0.7307692307692307,21,26
TMEM174,3,5,0.7307692307692307,21,26
TCF15,3,5,0.7307692307692307,21,26
KLK11,3,5,0.7307692307692307,21,26
SPDEF,3,5,0.7307692307692307,21,26
ABCC11,3,5,0.7307692307692307,21,26
HES4,3,5,0.7307692307692307,21,26
C20orf85,3,5,0.7307692307692307,21,26
TAT,3,5,0.7307692307692307,21,26
MYBPC1,3,5,0.7307692307692307,21,26
LY6D,3,5,0.7307692307692307,21,26
UPK3B,3,5,0.7307692307692307,21,26
GPX2,3,5,0.7307692307692307,21,26
RETN,3,5,0.7307692307692307,21,26
KRT7,3,5,0.7307692307692307,21,26
MS4A1,4,5,0.14,15,44
CXCR4,4,5,0.09615384615384616,39,20
TRAC,4,5,0.23809523809523808,39,15
PTPRC,4,5,0.17391304347826086,39,44
IL7R,4,5,0.23809523809523808,39,15
BANK1,4,5,0.17857142857142858,15,20
PTGDS,4,5,0.25,15,37
CD79A,4,5,0.14,15,44
MPEG1,4,5,0.03125,15,20
CYTIP,4,5,0.23809523809523808,39,15
PECAM1,4,5,0.0,39,23
SELL,4,5,0.17391304347826086,39,44
IRF8,4,5,0.0,15,44
CD3E,4,5,0.23809523809523808,39,15
BASP1,4,5,0.3488372093023256,16,44
TCL1A,4,5,0.3488372093023256,16,44
CCR7,4,5,0.07246376811594203,39,37
PCNA,4,5,0.3488372093023256,16,44
AIF1,4,5,0.25,15,37
CD3D,4,5,0.23809523809523808,39,15
FGL2,4,5,0.0,15,15
CD4,4,5,0.07246376811594203,39,37
PLCG2,4,5,0.14,15,44
MDM2,4,5,0.3488372093023256,16,44
CD2,4,5,0.23809523809523808,39,15
MKI67,4,5,0.3488372093023256,16,44
SERPINB9,4,5,0.0,16,44
MS4A6A,4,5,0.25,15,37
CD19,4,5,0.14,15,44
TENT5C,4,5,0.3488372093023256,16,44
CTLA4,4,5,0.23809523809523808,39,15
ACTG2,4,5,0.3488372093023256,16,44
MZB1,4,5,0.3488372093023256,16,44
CD28,4,5,0.23809523809523808,39,15
GPR183,4,5,0.07246376811594203,39,37
CD34,4,5,0.023809523809523808,22,23
KLRB1,4,5,0.23809523809523808,39,15
CD247,4,5,0.23809523809523808,39,15
MYC,4,5,0.09615384615384616,39,20
CXCL2,4,5,0.07692307692307693,15,15
C1orf162,4,5,0.07246376811594203,39,37
CD83,4,5,0.17391304347826086,39,44
CD69,4,5,0.09615384615384616,39,20
ADAM28,4,5,0.17857142857142858,15,20
CCL5,4,5,0.16666666666666666,15,15
BCL2L11,4,5,0.17391304347826086,39,44
TFPI,4,5,0.09090909090909091,22,16
CXCL9,4,5,0.0,22,15
PRDM1,4,5,0.17391304347826086,39,44
TNC,4,5,0.0,15,15
LYVE1,4,5,0.0,15,15
VWF,4,5,0.02857142857142857,15,23
IGSF6,4,5,0.25,15,37
CD5L,4,5,0.0,15,15
CD1C,4,5,0.17857142857142858,15,20
MEF2C,4,5,0.14,15,44
MMRN1,4,5,0.12903225806451613,22,15
PLA2G7,4,5,0.25,15,37
GNLY,4,5,0.07692307692307693,15,15
LAMP3,4,5,0.12903225806451613,22,15
TCF4,4,5,0.14,15,44
GLIPR1,4,5,0.07246376811594203,39,37
CD27,4,5,0.23809523809523808,39,15
CD163,4,5,0.037037037037037035,15,15
SLAMF7,4,5,0.3488372093023256,16,44
CD8A,4,5,0.16666666666666666,15,15
SPIB,4,5,0.17391304347826086,39,44
MYLK,4,5,0.16129032258064516,15,23
CDK1,4,5,0.3488372093023256,16,44
ACTA2,4,5,0.041666666666666664,15,37
CAVIN2,4,5,0.11538461538461539,15,16
CAVIN1,4,5,0.02857142857142857,15,23
LY86,4,5,0.14,15,44
KLRD1,4,5,0.07692307692307693,15,15
HLA-DQB2,4,5,0.17391304347826086,39,44
IL2RA,4,5,0.07246376811594203,39,37
CCL19,4,5,0.0,15,15
TNFRSF9,4,5,0.3181818181818182,16,15
CLECL1,4,5,0.14,15,44
FBN1,4,5,0.3181818181818182,16,15
KCNMA1,4,5,0.25,15,37
TNFRSF13B,4,5,0.17857142857142858,15,20
TNFRSF17,4,5,0.3488372093023256,16,44
MS4A4A,4,5,0.25,15,37
GZMK,4,5,0.16666666666666666,15,15
APOLD1,4,5,0.16129032258064516,15,23
TOP2A,4,5,0.3488372093023256,16,44
CD68,4,5,0.25,15,37
CXCL10,4,5,0.0,15,15
CLEC10A,4,5,0.0,15,15
DUSP2,4,5,0.17391304347826086,39,44
MTRNR2L11,4,5,0.17391304347826086,39,44
DNASE1L3,4,5,0.0,22,15
IL3RA,4,5,0.16129032258064516,15,23
RTKN2,4,5,0.17391304347826086,39,44
LILRA4,4,5,0.12903225806451613,22,15
CTSK,4,5,0.0,39,15
C7,4,5,0.0,15,15
ADGRL4,4,5,0.027777777777777776,16,23
SLAMF1,4,5,0.17391304347826086,39,44
PDGFRB,4,5,0.16129032258064516,15,23
DST,4,5,0.04081632653061224,16,37
MMRN2,4,5,0.027777777777777776,16,23
SFRP4,4,5,0.16666666666666666,15,15
CD93,4,5,0.02857142857142857,15,23
FKBP11,4,5,0.3488372093023256,16,44
CSF2RA,4,5,0.25,15,37
GZMA,4,5,0.16666666666666666,15,15
MNDA,4,5,0.0,15,37
PROX1,4,5,0.034482758620689655,17,15
SH2D3C,4,5,0.17391304347826086,39,44
HAVCR2,4,5,0.25,15,37
PLD4,4,5,0.17857142857142858,15,20
MYH11,4,5,0.0,15,44
ADAMTS1,4,5,0.12,15,15
CCR2,4,5,0.0,15,15
GNG11,4,5,0.023809523809523808,22,23
CD86,4,5,0.17391304347826086,39,44
FOXP3,4,5,0.0,39,15
MARCO,4,5,0.05405405405405406,15,26
CENPF,4,5,0.3488372093023256,16,44
GZMB,4,5,0.07692307692307693,15,15
FCGR3A,4,5,0.09090909090909091,22,16
PRF1,4,5,0.02040816326530612,15,37
LILRB2,4,5,0.03125,15,20
THY1,4,5,0.16129032258064516,15,23
FAS,4,5,0.04081632653061224,16,37
EDNRB,4,5,0.16129032258064516,15,23
DPT,4,5,0.029411764705882353,22,15
CD14,4,5,0.02040816326530612,15,37
TCIM,4,5,0.3181818181818182,16,15
KLRC1,4,5,0.07692307692307693,15,15
COCH,4,5,0.0,22,15
LTBP2,4,5,0.3181818181818182,16,15
AMY2A,4,5,0.09615384615384616,39,20
FBLN1,4,5,0.0,15,15
SMYD2,4,5,0.09615384615384616,39,20
MRC1,4,5,0.07692307692307693,15,15
CCNB2,4,5,0.3488372093023256,16,44
ACKR1,4,5,0.037037037037037035,15,15
ECSCR,4,5,0.02702702702702703,17,23
EGFL7,4,5,0.0,15,23
NKG7,4,5,0.16666666666666666,15,15
PMP22,4,5,0.0,22,37
IGF1,4,5,0.25,15,37
UBE2C,4,5,0.3488372093023256,16,44
RBP5,4,5,0.3181818181818182,16,15
PDGFRA,4,5,0.0,15,15
BTNL9,4,5,0.02857142857142857,15,23
SLC26A2,4,5,0.09615384615384616,39,20
CLEC14A,4,5,0.0,15,23
PPARG,4,5,0.04081632653061224,16,37
THAP2,4,5,0.17857142857142858,15,20
MCF2L,4,5,0.02040816326530612,15,37
INMT,4,5,0.0,15,15
CD1E,4,5,0.0,22,16
TM4SF18,4,5,0.02702702702702703,17,23
EDN1,4,5,0.0,15,23
NPDC1,4,5,0.12,15,15
FHL2,4,5,0.041666666666666664,15,37
RGS16,4,5,0.0,15,44
FCN1,4,5,0.07407407407407407,15,16
RAMP2,4,5,0.02857142857142857,15,23
RAPGEF3,4,5,0.0,17,15
MEST,4,5,0.0,15,20
KIT,4,5,0.03571428571428571,15,16
GEM,4,5,0.3181818181818182,16,15
VCAN,4,5,0.0,15,37
SPI1,4,5,0.0,15,44
FCGR1A,4,5,0.0,16,16
DES,4,5,0.0,15,15
STEAP4,4,5,0.12,15,15
ERG,4,5,0.0,15,15
PCOLCE,4,5,0.0,15,16
VWA5A,4,5,0.029411764705882353,22,15
COL5A2,4,5,0.02857142857142857,15,23
PTN,4,5,0.037037037037037035,15,15
CFB,4,5,0.029411764705882353,22,15
MET,4,5,0.0,15,37
CAV1,4,5,0.0,15,15
GATM,4,5,0.0,16,20
OGN,4,5,0.09090909090909091,22,16
PDPN,4,5,0.3181818181818182,16,15
MFAP5,4,5,0.12,15,15
MALL,4,5,0.0,15,15
CLEC4E,4,5,0.0196078431372549,17,37
RIDA,4,5,0.0,15,44
CRISPLD2,4,5,0.0,15,23
ELF5,4,5,0.02040816326530612,15,37
GHRL,4,5,0.041666666666666664,15,37
SEMA3C,4,5,0.034482758620689655,17,15
CPA3,4,5,0.07692307692307693,15,15
SRPX,4,5,0.07692307692307693,15,15
VSIG4,4,5,0.037037037037037035,15,15
NTN4,4,5,0.0,17,15
FSTL3,4,5,0.09090909090909091,22,16
ANPEP,4,5,0.12,15,15
CFHR3,4,5,0.034482758620689655,17,15
GYPA,4,5,0.12903225806451613,22,15
APOBEC3A,4,5,0.0,22,44
AQP3,4,5,0.0,15,15
ANGPT2,4,5,0.0,15,16
APCDD1,4,5,0.029411764705882353,22,15
SLC4A1,4,5,0.07692307692307693,15,15
SFRP2,4,5,0.0,15,15
DERL3,4,5,0.0,22,20
CD274,4,5,0.0196078431372549,17,37
CXCL6,4,5,0.12903225806451613,22,15
IL1R2,4,5,0.07692307692307693,15,15
CYP4B1,4,5,0.3181818181818182,16,15
SOX17,4,5,0.037037037037037035,15,15
LIF,4,5,0.0,15,15
ASPN,4,5,0.03333333333333333,17,16
LILRB4,4,5,0.0,15,37
CNN1,4,5,0.037037037037037035,15,15
MS4A2,4,5,0.0,15,15
BMX,4,5,0.0,15,15
ADGRE1,4,5,0.034482758620689655,17,15
LAG3,4,5,0.0,15,15
CYP2A7,4,5,0.037037037037037035,15,15
EHF,4,5,0.0,17,15
GPC3,4,5,0.037037037037037035,15,15
SMIM24,4,5,0.03125,15,20
RERGL,4,5,0.0,15,16
SOX2,4,5,0.03125,15,20
ESR1,4,5,0.0,15,15
STC1,4,5,0.0,15,15
HEMGN,4,5,0.07692307692307693,15,15
BAMBI,4,5,0.07407407407407407,15,16
MEDAG,4,5,0.12,15,15
HEPACAM2,4,5,0.037037037037037035,15,15
FCER1A,4,5,0.0,15,15
PLIN4,4,5,0.12,15,15
FXYD2,4,5,0.07692307692307693,15,15
SERPINB3,4,5,0.037037037037037035,15,15
PLAC9,4,5,0.11538461538461539,15,16
ALAS2,4,5,0.07692307692307693,15,15
EPCAM,4,5,0.0,15,16
AHSP,4,5,0.037037037037037035,15,15
SNCA,4,5,0.12,15,15
RND1,4,5,0.07407407407407407,15,16
ASCL3,4,5,0.034482758620689655,17,15
CLCA1,4,5,0.034482758620689655,17,15
CFAP53,4,5,0.0,17,16
STC2,4,5,0.12,15,15
ALDH1A3,4,5,0.03571428571428571,15,16
CFHR1,4,5,0.07692307692307693,15,15
TMEM100,4,5,0.0,15,15
CD1A,4,5,0.0,17,15
PPP1R1A,4,5,0.11538461538461539,15,16
IL1RL1,4,5,0.07692307692307693,15,15
TSPAN19,4,5,0.11538461538461539,15,16
CYP1A1,4,5,0.03333333333333333,17,16
FGFBP2,4,5,0.0,15,15
EGFR,4,5,0.07692307692307693,15,15
CYP2F1,4,5,0.037037037037037035,15,15
SNTN,4,5,0.0,15,16
TIMP4,4,5,0.037037037037037035,15,15
GATA2,4,5,0.0,15,16
HAMP,4,5,0.0,15,37
PPP1R1B,4,5,0.037037037037037035,15,15
ADH1C,4,5,0.0,15,15
CCDC39,4,5,0.07692307692307693,15,15
CFTR,4,5,0.0,15,15
TMC5,4,5,0.0,15,20
PGR,4,5,0.12,15,15
AGER,4,5,0.11538461538461539,15,16
MAMDC2,4,5,0.037037037037037035,15,15
AR,4,5,0.037037037037037035,15,15
C15orf48,4,5,0.0,15,15
S100A1,4,5,0.03571428571428571,15,16
SOX18,4,5,0.0,15,15
SNAI1,4,5,0.0,15,15
CLIC6,4,5,0.0,15,15
SLC26A3,4,5,0.0,15,15
TM4SF4,4,5,0.07692307692307693,15,15
THBS2,4,5,0.07692307692307693,15,15
AQP9,4,5,0.07692307692307693,15,15
SLC18A2,4,5,0.07692307692307693,15,15
ERBB2,4,5,0.11538461538461539,15,16
GPC1,4,5,0.0,15,15
TAC1,4,5,0.07692307692307693,15,15
FGFBP1,4,5,0.11538461538461539,15,16
C6orf118,4,5,0.07692307692307693,15,15
APOA5,4,5,0.03571428571428571,15,16
DNAAF1,4,5,0.07692307692307693,15,15
ACE2,4,5,0.07692307692307693,15,15
CLCA2,4,5,0.037037037037037035,15,15
MCEMP1,4,5,0.0,15,16
TBX3,4,5,0.16666666666666666,15,15
CYP2B6,4,5,0.037037037037037035,15,15
SCGN,4,5,0.11538461538461539,15,16
OPRPN,4,5,0.0,15,15
CD300E,4,5,0.037037037037037035,15,15
CAPN8,4,5,0.0,15,15
SCGB2A1,4,5,0.0,15,15
GPRC5A,4,5,0.037037037037037035,15,15
CCDC78,4,5,0.0,15,37
CTSG,4,5,0.7,27,26
ADIPOQ,4,5,0.07692307692307693,15,15
C1orf194,4,5,0.07692307692307693,15,15
LILRA5,4,5,0.07692307692307693,15,15
HPGDS,4,5,0.07692307692307693,15,15
KCNK3,4,5,0.07692307692307693,15,15
LPL,4,5,0.0,15,37
GYPB,4,5,0.037037037037037035,15,15
GKN2,4,5,0.037037037037037035,15,15
C5orf46,4,5,0.12,15,15
SELE,4,5,0.16666666666666666,15,15
SERPINB2,4,5,0.12,15,15
DIRAS3,4,5,0.07692307692307693,15,15
PRG4,4,5,0.07692307692307693,15,15
LGI4,4,5,0.07692307692307693,15,15
COL17A1,4,5,0.07692307692307693,15,15
SFTA2,4,5,0.037037037037037035,15,15
HIGD1B,4,5,0.0,15,16
DPEP1,4,5,0.07692307692307693,15,15
PCP4,4,5,0.07692307692307693,15,15
CSF3,4,5,0.0,15,15
TREM2,4,5,0.07692307692307693,15,15
TMEM52B,4,5,0.07692307692307693,15,15
AGR3,4,5,0.037037037037037035,15,15
AQP8,4,5,0.0,15,15
ARFGEF3,4,5,0.7,27,26
SNCG,4,5,0.0,27,15
SLC22A8,4,5,0.12,15,15
PEBP4,4,5,0.0,15,15
BBOX1,4,5,0.037037037037037035,15,15
CYP3A4,4,5,0.07692307692307693,15,15
FOXI1,4,5,0.037037037037037035,15,15
S100A12,4,5,0.07692307692307693,15,15
HPX,4,5,0.0,15,15
LGR5,4,5,0.16666666666666666,15,15
NAT8,4,5,0.0,15,15
PCSK2,4,5,0.037037037037037035,15,15
ASCL1,4,5,0.037037037037037035,15,15
PVALB,4,5,0.037037037037037035,15,15
FCN2,4,5,0.12,15,15
GCG,4,5,0.0,15,26
CD70,4,5,0.16666666666666666,15,15
UMOD,4,5,0.0,15,15
FOXJ1,4,5,0.07692307692307693,15,15
MLPH,4,5,0.16666666666666666,15,15
GLYATL1,4,5,0.037037037037037035,15,15
KRT20,4,5,0.07692307692307693,15,15
ADH4,4,5,0.05405405405405406,15,26
CA4,4,5,0.7,27,26
CDH16,4,5,0.05263157894736842,27,15
AQP2,4,5,0.16666666666666666,15,15
DMBT1,4,5,0.7,27,26
CHGA,4,5,0.05405405405405406,15,26
CCL27,4,5,0.12,15,15
KNG1,4,5,0.16666666666666666,15,15
PPY,4,5,0.05263157894736842,27,15
MLANA,4,5,0.16666666666666666,15,15
HMGCS2,4,5,0.16666666666666666,15,15
CRHBP,4,5,0.7,27,26
TFF2,4,5,0.12,15,15
GDF15,4,5,0.05263157894736842,27,15
PDCD1,4,5,0.0,27,15
SST,4,5,0.7,27,26
INS,4,5,0.7,27,26
FOXA1,4,5,0.7,27,26
TMEM174,4,5,0.7,27,26
TCF15,4,5,0.7,27,26
KLK11,4,5,0.7,27,26
SPDEF,4,5,0.7,27,26
ABCC11,4,5,0.7,27,26
HES4,4,5,0.7,27,26
C20orf85,4,5,0.7,27,26
TAT,4,5,0.7,27,26
MYBPC1,4,5,0.7,27,26
LY6D,4,5,0.7,27,26
UPK3B,4,5,0.7,27,26
GPX2,4,5,0.7,27,26
RETN,4,5,0.7,27,26
KRT7,4,5,0.7,27,26
