gene,niche_a,niche_b,jaccard,size_a,size_b
MS4A1,0,1,0.8666666666666667,15,15
CXCR4,0,1,0.8666666666666667,15,15
TRAC,0,1,0.4411764705882353,35,16
PTPRC,0,1,0.4411764705882353,35,16
IL7R,0,1,0.4411764705882353,35,16
BANK1,0,1,0.8666666666666667,15,15
PTGDS,0,1,0.41379310344827586,24,19
CD79A,0,1,0.8666666666666667,15,15
MPEG1,0,1,0.41379310344827586,24,19
CYTIP,0,1,0.4411764705882353,35,16
PECAM1,0,1,0.5573770491803278,56,41
SELL,0,1,0.4411764705882353,35,16
IRF8,0,1,0.41379310344827586,24,19
CD3E,0,1,0.4411764705882353,35,16
BASP1,0,1,0.8666666666666667,15,15
TCL1A,0,1,0.41379310344827586,24,19
CCR7,0,1,0.4411764705882353,35,16
PCNA,0,1,0.8421052631578947,20,17
AIF1,0,1,0.6190476190476191,21,15
CD3D,0,1,0.4411764705882353,35,16
FGL2,0,1,0.6190476190476191,21,15
CD4,0,1,0.6190476190476191,21,15
PLCG2,0,1,0.8666666666666667,15,15
MDM2,0,1,0.8421052631578947,20,17
CD2,0,1,0.4411764705882353,35,16
MKI67,0,1,0.8421052631578947,20,17
SERPINB9,0,1,0.2127659574468085,29,30
MS4A6A,0,1,0.6190476190476191,21,15
CD19,0,1,0.8666666666666667,15,15
TENT5C,0,1,0.8421052631578947,20,17
CTLA4,0,1,0.4411764705882353,35,16
ACTG2,0,1,0.8421052631578947,20,17
MZB1,0,1,0.8421052631578947,20,17
CD28,0,1,0.4411764705882353,35,16
GPR183,0,1,0.41379310344827586,24,19
CD34,0,1,0.5573770491803278,56,41
KLRB1,0,1,0.3333333333333333,35,15
CD247,0,1,0.4411764705882353,35,16
MYC,0,1,0.06382978723404255,35,17
CXCL2,0,1,0.07692307692307693,56,30
C1orf162,0,1,0.21875,24,17
CD83,0,1,0.8666666666666667,15,15
CD69,0,1,0.06382978723404255,35,17
ADAM28,0,1,0.8666666666666667,15,15
CCL5,0,1,0.3333333333333333,35,15
BCL2L11,0,1,0.03125,20,15
TFPI,0,1,0.5573770491803278,56,41
CXCL9,0,1,0.03225806451612903,15,19
PRDM1,0,1,0.8421052631578947,20,17
TNC,0,1,0.1694915254237288,56,15
LYVE1,0,1,0.07692307692307693,56,30
VWF,0,1,0.5573770491803278,56,41
IGSF6,0,1,0.6190476190476191,21,15
CD5L,0,1,0.6190476190476191,21,15
CD1C,0,1,0.21875,24,17
MEF2C,0,1,0.8666666666666667,15,15
MMRN1,0,1,0.5573770491803278,56,41
PLA2G7,0,1,0.6190476190476191,21,15
GNLY,0,1,0.3333333333333333,35,15
LAMP3,0,1,0.8666666666666667,15,15
TCF4,0,1,0.016129032258064516,24,41
GLIPR1,0,1,0.0,24,15
CD27,0,1,0.8421052631578947,20,17
CD163,0,1,0.6190476190476191,21,15
SLAMF7,0,1,0.8421052631578947,20,17
CD8A,0,1,0.4411764705882353,35,16
SPIB,0,1,0.41379310344827586,24,19
MYLK,0,1,0.1694915254237288,56,15
CDK1,0,1,0.8421052631578947,20,17
ACTA2,0,1,0.1694915254237288,56,15
CAVIN2,0,1,0.5573770491803278,56,41
CAVIN1,0,1,0.5573770491803278,56,41
LY86,0,1,0.8666666666666667,15,15
KLRD1,0,1,0.3333333333333333,35,15
HLA-DQB2,0,1,0.21875,24,17
IL2RA,0,1,0.4411764705882353,35,16
CCL19,0,1,0.1694915254237288,56,15
TNFRSF9,0,1,0.3333333333333333,35,15
CLECL1,0,1,0.8666666666666667,15,15
FBN1,0,1,0.5573770491803278,56,41
KCNMA1,0,1,0.6190476190476191,21,15
TNFRSF13B,0,1,0.8666666666666667,15,15
TNFRSF17,0,1,0.8421052631578947,20,17
MS4A4A,0,1,0.6190476190476191,21,15
GZMK,0,1,0.3333333333333333,35,15
APOLD1,0,1,0.5573770491803278,56,41
TOP2A,0,1,0.8421052631578947,20,17
CD68,0,1,0.6190476190476191,21,15
CXCL10,0,1,0.03225806451612903,15,19
CLEC10A,0,1,0.21875,24,17
DUSP2,0,1,0.06382978723404255,35,17
MTRNR2L11,0,1,0.3333333333333333,35,15
DNASE1L3,0,1,0.016129032258064516,24,41
IL3RA,0,1,0.41379310344827586,24,19
RTKN2,0,1,0.4411764705882353,35,16
LILRA4,0,1,0.41379310344827586,24,19
CTSK,0,1,0.2127659574468085,29,30
C7,0,1,0.2127659574468085,29,30
ADGRL4,0,1,0.5573770491803278,56,41
SLAMF1,0,1,0.3333333333333333,35,15
PDGFRB,0,1,0.1694915254237288,56,15
DST,0,1,0.0,21,15
MMRN2,0,1,0.5573770491803278,56,41
SFRP4,0,1,0.07407407407407407,16,15
CD93,0,1,0.5573770491803278,56,41
FKBP11,0,1,0.8421052631578947,20,17
CSF2RA,0,1,0.058823529411764705,21,17
GZMA,0,1,0.3333333333333333,35,15
MNDA,0,1,0.21875,24,17
PROX1,0,1,0.07692307692307693,56,30
SH2D3C,0,1,0.16666666666666666,29,15
HAVCR2,0,1,0.6190476190476191,21,15
PLD4,0,1,0.41379310344827586,24,19
MYH11,0,1,0.5573770491803278,56,41
ADAMTS1,0,1,0.1694915254237288,56,15
CCR2,0,1,0.8421052631578947,20,17
GNG11,0,1,0.5573770491803278,56,41
CD86,0,1,0.0,15,19
FOXP3,0,1,0.4411764705882353,35,16
MARCO,0,1,0.07692307692307693,56,30
CENPF,0,1,0.8421052631578947,20,17
GZMB,0,1,0.41379310344827586,24,19
FCGR3A,0,1,0.058823529411764705,21,17
PRF1,0,1,0.3333333333333333,35,15
LILRB2,0,1,0.6190476190476191,21,15
THY1,0,1,0.5573770491803278,56,41
FAS,0,1,0.16666666666666666,29,15
EDNRB,0,1,0.07692307692307693,56,30
DPT,0,1,0.2127659574468085,29,30
CD14,0,1,0.05555555555555555,21,19
TCIM,0,1,0.5573770491803278,56,41
KLRC1,0,1,0.3333333333333333,35,15
COCH,0,1,0.2127659574468085,29,30
LTBP2,0,1,0.07692307692307693,56,30
AMY2A,0,1,0.22857142857142856,15,30
FBLN1,0,1,0.2127659574468085,29,30
SMYD2,0,1,0.22857142857142856,15,30
MRC1,0,1,0.058823529411764705,21,17
CCNB2,0,1,0.8421052631578947,20,17
ACKR1,0,1,0.5573770491803278,56,41
ECSCR,0,1,0.5573770491803278,56,41
EGFL7,0,1,0.5573770491803278,56,41
NKG7,0,1,0.3333333333333333,35,15
PMP22,0,1,0.1694915254237288,56,15
IGF1,0,1,0.05555555555555555,21,19
UBE2C,0,1,0.8421052631578947,20,17
RBP5,0,1,0.5573770491803278,56,41
PDGFRA,0,1,0.2127659574468085,29,30
BTNL9,0,1,0.1694915254237288,56,15
SLC26A2,0,1,0.0,35,30
CLEC14A,0,1,0.5573770491803278,56,41
PPARG,0,1,0.5573770491803278,56,41
THAP2,0,1,0.22857142857142856,15,30
MCF2L,0,1,0.5573770491803278,56,41
INMT,0,1,0.5573770491803278,56,41
CD1E,0,1,0.21875,24,17
TM4SF18,0,1,0.5573770491803278,56,41
EDN1,0,1,0.5573770491803278,56,41
NPDC1,0,1,0.5573770491803278,56,41
FHL2,0,1,0.2127659574468085,29,30
RGS16,0,1,0.07692307692307693,56,30
FCN1,0,1,0.21875,24,17
RAMP2,0,1,0.5573770491803278,56,41
RAPGEF3,0,1,0.5573770491803278,56,41
MEST,0,1,0.22857142857142856,15,30
KIT,0,1,0.018867924528301886,15,41
GEM,0,1,0.2127659574468085,29,30
VCAN,0,1,0.024390243902439025,29,15
SPI1,0,1,0.41379310344827586,24,19
FCGR1A,0,1,0.22857142857142856,15,30
DES,0,1,0.07407407407407407,16,15
STEAP4,0,1,0.1694915254237288,56,15
ERG,0,1,0.5573770491803278,56,41
PCOLCE,0,1,0.2127659574468085,29,30
VWA5A,0,1,0.16666666666666666,29,15
COL5A2,0,1,0.5573770491803278,56,41
PTN,0,1,0.07692307692307693,29,15
CFB,0,1,0.014925373134328358,29,41
MET,0,1,0.5573770491803278,56,41
CAV1,0,1,0.5573770491803278,56,41
GATM,0,1,0.037037037037037035,15,15
OGN,0,1,0.16,16,15
PDPN,0,1,0.2127659574468085,29,30
MFAP5,0,1,0.2608695652173913,16,15
MALL,0,1,0.5573770491803278,56,41
CLEC4E,0,1,0.21875,24,17
RIDA,0,1,0.22857142857142856,15,30
CRISPLD2,0,1,0.1694915254237288,56,15
ELF5,0,1,0.22857142857142856,15,30
GHRL,0,1,0.6190476190476191,21,15
SEMA3C,0,1,0.023255813953488372,16,30
CPA3,0,1,0.07692307692307693,15,15
SRPX,0,1,0.16666666666666666,29,15
VSIG4,0,1,0.2608695652173913,16,15
NTN4,0,1,0.5573770491803278,56,41
FSTL3,0,1,0.0,16,15
ANPEP,0,1,0.41379310344827586,24,19
CFHR3,0,1,0.024390243902439025,29,15
GYPA,0,1,0.16,16,15
APOBEC3A,0,1,0.0,20,17
AQP3,0,1,0.03125,20,15
ANGPT2,0,1,0.014925373134328358,29,41
APCDD1,0,1,0.07692307692307693,29,15
SLC4A1,0,1,0.12,15,15
SFRP2,0,1,0.20833333333333334,16,15
DERL3,0,1,0.0,35,15
CD274,0,1,0.037037037037037035,15,15
CXCL6,0,1,0.037037037037037035,15,15
IL1R2,0,1,0.41379310344827586,24,19
CYP4B1,0,1,0.024390243902439025,29,15
SOX17,0,1,0.014705882352941176,56,15
LIF,0,1,0.037037037037037035,15,15
ASPN,0,1,0.16,16,15
LILRB4,0,1,0.05555555555555555,21,19
CNN1,0,1,0.0,15,15
MS4A2,0,1,0.07692307692307693,15,15
BMX,0,1,0.014705882352941176,56,15
ADGRE1,0,1,0.2608695652173913,16,15
LAG3,0,1,0.3333333333333333,35,15
CYP2A7,0,1,0.037037037037037035,15,15
EHF,0,1,0.22857142857142856,15,30
GPC3,0,1,0.0,16,15
SMIM24,0,1,0.16,16,15
RERGL,0,1,0.0,29,15
SOX2,0,1,0.023255813953488372,16,30
ESR1,0,1,0.22857142857142856,15,30
STC1,0,1,0.0,56,15
HEMGN,0,1,0.12,15,15
BAMBI,0,1,0.07407407407407407,16,15
MEDAG,0,1,0.07407407407407407,16,15
HEPACAM2,0,1,0.2608695652173913,16,15
FCER1A,0,1,0.2608695652173913,16,15
PLIN4,0,1,0.5555555555555556,15,15
FXYD2,0,1,0.06382978723404255,35,17
SERPINB3,0,1,0.2608695652173913,16,15
PLAC9,0,1,0.0,15,15
ALAS2,0,1,0.03571428571428571,16,15
EPCAM,0,1,0.16,16,15
AHSP,0,1,0.20833333333333334,16,15
SNCA,0,1,0.018867924528301886,15,41
RND1,0,1,0.2608695652173913,16,15
ASCL3,0,1,0.2608695652173913,16,15
CLCA1,0,1,0.12,15,15
CFAP53,0,1,0.037037037037037035,15,15
STC2,0,1,0.07692307692307693,29,15
ALDH1A3,0,1,0.0,16,15
CFHR1,0,1,0.16666666666666666,29,15
TMEM100,0,1,0.2608695652173913,16,15
CD1A,0,1,0.06896551724137931,16,17
PPP1R1A,0,1,0.034482758620689655,15,17
IL1RL1,0,1,0.07692307692307693,15,15
TSPAN19,0,1,0.12,15,15
CYP1A1,0,1,0.07692307692307693,29,15
FGFBP2,0,1,0.0,15,17
EGFR,0,1,0.16666666666666666,29,15
CYP2F1,0,1,0.2608695652173913,16,15
SNTN,0,1,0.07407407407407407,16,15
TIMP4,0,1,0.0,16,15
GATA2,0,1,0.024390243902439025,29,15
HAMP,0,1,0.12,15,15
PPP1R1B,0,1,0.2608695652173913,16,15
ADH1C,0,1,0.19230769230769232,16,17
CCDC39,0,1,0.034482758620689655,15,17
CFTR,0,1,0.19230769230769232,16,17
TMC5,0,1,0.0,16,15
PGR,0,1,0.06896551724137931,16,17
AGER,0,1,0.2608695652173913,16,15
MAMDC2,0,1,0.21739130434782608,15,15
AR,0,1,0.2608695652173913,16,15
C15orf48,0,1,0.0,16,15
S100A1,0,1,0.19230769230769232,16,17
SOX18,0,1,0.1694915254237288,56,15
SNAI1,0,1,0.2608695652173913,16,15
CLIC6,0,1,0.19230769230769232,16,17
SLC26A3,0,1,0.19230769230769232,16,17
TM4SF4,0,1,0.06896551724137931,16,17
THBS2,0,1,0.20833333333333334,16,15
AQP9,0,1,0.19230769230769232,16,17
SLC18A2,0,1,0.07692307692307693,15,15
ERBB2,0,1,0.0,16,15
GPC1,0,1,0.19230769230769232,16,17
TAC1,0,1,0.2608695652173913,16,15
FGFBP1,0,1,0.19230769230769232,16,17
C6orf118,0,1,0.2608695652173913,16,15
APOA5,0,1,0.2608695652173913,16,15
DNAAF1,0,1,0.19230769230769232,16,17
ACE2,0,1,0.19230769230769232,16,17
CLCA2,0,1,0.03571428571428571,16,15
MCEMP1,0,1,0.2608695652173913,16,15
TBX3,0,1,0.16666666666666666,29,15
CYP2B6,0,1,0.2608695652173913,16,15
SCGN,0,1,0.19230769230769232,16,17
OPRPN,0,1,0.19230769230769232,16,17
CD300E,0,1,0.0,16,15
CAPN8,0,1,0.2608695652173913,16,15
SCGB2A1,0,1,0.2608695652173913,16,15
GPRC5A,0,1,0.20833333333333334,16,15
CCDC78,0,1,0.0,16,15
CTSG,0,1,0.9130434782608695,22,24
ADIPOQ,0,1,0.21739130434782608,15,15
C1orf194,0,1,0.12,15,15
LILRA5,0,1,0.20833333333333334,16,15
HPGDS,0,1,0.07692307692307693,15,15
KCNK3,0,1,0.20833333333333334,16,15
LPL,0,1,0.0,16,15
GYPB,0,1,0.21739130434782608,15,15
GKN2,0,1,0.20833333333333334,16,15
C5orf46,0,1,0.20833333333333334,16,15
SELE,0,1,0.0,15,15
SERPINB2,0,1,0.21739130434782608,15,15
DIRAS3,0,1,0.21739130434782608,15,15
PRG4,0,1,0.2,16,16
LGI4,0,1,0.07692307692307693,15,15
COL17A1,0,1,0.07407407407407407,16,15
SFTA2,0,1,0.12,15,15
HIGD1B,0,1,0.0,16,15
DPEP1,0,1,0.12,15,15
PCP4,0,1,0.20833333333333334,16,15
CSF3,0,1,0.0,15,16
TREM2,0,1,0.20833333333333334,16,15
TMEM52B,0,1,0.2,16,16
AGR3,0,1,0.21739130434782608,15,15
AQP8,0,1,0.20833333333333334,16,15
ARFGEF3,0,1,0.0,15,15
SNCG,0,1,0.0,15,15
SLC22A8,0,1,0.2,16,16
PEBP4,0,1,0.2608695652173913,15,16
BBOX1,0,1,0.2,16,16
CYP3A4,0,1,0.20833333333333334,16,15
FOXI1,0,1,0.2,16,16
S100A12,0,1,0.0,15,15
HPX,0,1,0.2,16,16
LGR5,0,1,0.07692307692307693,15,15
NAT8,0,1,0.2608695652173913,15,16
PCSK2,0,1,0.2608695652173913,15,16
ASCL1,0,1,0.07692307692307693,15,15
PVALB,0,1,0.2608695652173913,15,16
FCN2,0,1,0.0,15,15
GCG,0,1,0.03571428571428571,15,16
CD70,0,1,0.07692307692307693,15,15
UMOD,0,1,0.2608695652173913,15,16
FOXJ1,0,1,0.03571428571428571,15,16
MLPH,0,1,0.2608695652173913,15,16
GLYATL1,0,1,0.5555555555555556,15,15
KRT20,0,1,0.2608695652173913,15,16
ADH4,0,1,0.5555555555555556,15,15
CA4,0,1,0.0,15,24
CDH16,0,1,0.5555555555555556,15,15
AQP2,0,1,0.5555555555555556,15,15
DMBT1,0,1,0.5555555555555556,15,15
CHGA,0,1,0.5555555555555556,15,15
CCL27,0,1,0.5555555555555556,15,15
KNG1,0,1,0.5555555555555556,15,15
PPY,0,1,0.5555555555555556,15,15
MLANA,0,1,0.0,15,24
HMGCS2,0,1,0.5555555555555556,15,15
CRHBP,0,1,0.9130434782608695,22,24
TFF2,0,1,0.9130434782608695,22,24
GDF15,0,1,0.9130434782608695,22,24
PDCD1,0,1,0.9130434782608695,22,24
SST,0,1,0.9130434782608695,22,24
INS,0,1,0.9130434782608695,22,24
FOXA1,0,1,0.9130434782608695,22,24
TMEM174,0,1,0.9130434782608695,22,24
TCF15,0,1,0.9130434782608695,22,24
KLK11,0,1,0.9130434782608695,22,24
SPDEF,0,1,0.9130434782608695,22,24
ABCC11,0,1,0.9130434782608695,22,24
HES4,0,1,0.9130434782608695,22,24
C20orf85,0,1,0.9130434782608695,22,24
TAT,0,1,0.9130434782608695,22,24
MYBPC1,0,1,0.9130434782608695,22,24
LY6D,0,1,0.9130434782608695,22,24
UPK3B,0,1,0.9130434782608695,22,24
GPX2,0,1,0.9130434782608695,22,24
RETN,0,1,0.9130434782608695,22,24
KRT7,0,1,0.9130434782608695,22,24
MS4A1,0,2,0.2702702702702703,15,34
CXCR4,0,2,0.2702702702702703,15,34
TRAC,0,2,0.7352941176470589,35,26
PTPRC,0,2,0.7352941176470589,35,26
IL7R,0,2,0.7352941176470589,35,26
BANK1,0,2,0.2702702702702703,15,34
PTGDS,0,2,0.39655172413793105,24,59
CD79A,0,2,0.2702702702702703,15,34
MPEG1,0,2,0.39655172413793105,24,59
CYTIP,0,2,0.7352941176470589,35,26
PECAM1,0,2,0.5571428571428572,56,55
SELL,0,2,0.03076923076923077,35,34
IRF8,0,2,0.39655172413793105,24,59
CD3E,0,2,0.7352941176470589,35,26
BASP1,0,2,0.043478260869565216,15,59
TCL1A,0,2,0.39655172413793105,24,59
CCR7,0,2,0.7352941176470589,35,26
PCNA,0,2,0.5294117647058824,20,34
AIF1,0,2,0.3448275862068966,21,59
CD3D,0,2,0.7352941176470589,35,26
FGL2,0,2,0.3448275862068966,21,59
CD4,0,2,0.3448275862068966,21,59
PLCG2,0,2,0.2702702702702703,15,34
MDM2,0,2,0.5294117647058824,20,34
CD2,0,2,0.7352941176470589,35,26
MKI67,0,2,0.5294117647058824,20,34
SERPINB9,0,2,0.06493506493506493,29,55
MS4A6A,0,2,0.3448275862068966,21,59
CD19,0,2,0.2702702702702703,15,34
TENT5C,0,2,0.5294117647058824,20,34
CTLA4,0,2,0.7352941176470589,35,26
ACTG2,0,2,0.5294117647058824,20,34
MZB1,0,2,0.5294117647058824,20,34
CD28,0,2,0.7352941176470589,35,26
GPR183,0,2,0.39655172413793105,24,59
CD34,0,2,0.5571428571428572,56,55
KLRB1,0,2,0.7352941176470589,35,26
CD247,0,2,0.7352941176470589,35,26
MYC,0,2,0.023255813953488372,35,55
CXCL2,0,2,0.5571428571428572,56,55
C1orf162,0,2,0.39655172413793105,24,59
CD83,0,2,0.043478260869565216,15,59
CD69,0,2,0.7352941176470589,35,26
ADAM28,0,2,0.2702702702702703,15,34
CCL5,0,2,0.7352941176470589,35,26
BCL2L11,0,2,0.5294117647058824,20,34
TFPI,0,2,0.5571428571428572,56,55
CXCL9,0,2,0.07462686567164178,15,59
PRDM1,0,2,0.5294117647058824,20,34
TNC,0,2,0.5571428571428572,56,55
LYVE1,0,2,0.5571428571428572,56,55
VWF,0,2,0.5571428571428572,56,55
IGSF6,0,2,0.3448275862068966,21,59
CD5L,0,2,0.3448275862068966,21,59
CD1C,0,2,0.39655172413793105,24,59
MEF2C,0,2,0.2702702702702703,15,34
MMRN1,0,2,0.5571428571428572,56,55
PLA2G7,0,2,0.3448275862068966,21,59
GNLY,0,2,0.7352941176470589,35,26
LAMP3,0,2,0.043478260869565216,15,59
TCF4,0,2,0.39655172413793105,24,59
GLIPR1,0,2,0.39655172413793105,24,59
CD27,0,2,0.5294117647058824,20,34
CD163,0,2,0.3448275862068966,21,59
SLAMF7,0,2,0.5294117647058824,20,34
CD8A,0,2,0.7352941176470589,35,26
SPIB,0,2,0.39655172413793105,24,59
MYLK,0,2,0.11428571428571428,56,24
CDK1,0,2,0.5294117647058824,20,34
ACTA2,0,2,0.11428571428571428,56,24
CAVIN2,0,2,0.5571428571428572,56,55
CAVIN1,0,2,0.5571428571428572,56,55
LY86,0,2,0.2702702702702703,15,34
KLRD1,0,2,0.7352941176470589,35,26
HLA-DQB2,0,2,0.39655172413793105,24,59
IL2RA,0,2,0.7352941176470589,35,26
CCL19,0,2,0.11428571428571428,56,24
TNFRSF9,0,2,0.023255813953488372,35,55
CLECL1,0,2,0.2702702702702703,15,34
FBN1,0,2,0.5571428571428572,56,55
KCNMA1,0,2,0.3448275862068966,21,59
TNFRSF13B,0,2,0.2702702702702703,15,34
TNFRSF17,0,2,0.5294117647058824,20,34
MS4A4A,0,2,0.3448275862068966,21,59
GZMK,0,2,0.7352941176470589,35,26
APOLD1,0,2,0.5571428571428572,56,55
TOP2A,0,2,0.5294117647058824,20,34
CD68,0,2,0.3448275862068966,21,59
CXCL10,0,2,0.07462686567164178,15,59
CLEC10A,0,2,0.39655172413793105,24,59
DUSP2,0,2,0.7352941176470589,35,26
MTRNR2L11,0,2,0.03076923076923077,35,34
DNASE1L3,0,2,0.39655172413793105,24,59
IL3RA,0,2,0.39655172413793105,24,59
RTKN2,0,2,0.7352941176470589,35,26
LILRA4,0,2,0.39655172413793105,24,59
CTSK,0,2,0.3076923076923077,29,24
C7,0,2,0.3076923076923077,29,24
ADGRL4,0,2,0.5571428571428572,56,55
SLAMF1,0,2,0.02127659574468085,35,15
PDGFRB,0,2,0.11428571428571428,56,24
DST,0,2,0.3448275862068966,21,59
MMRN2,0,2,0.5571428571428572,56,55
SFRP4,0,2,0.07407407407407407,16,15
CD93,0,2,0.5571428571428572,56,55
FKBP11,0,2,0.5294117647058824,20,34
CSF2RA,0,2,0.3448275862068966,21,59
GZMA,0,2,0.7352941176470589,35,26
MNDA,0,2,0.39655172413793105,24,59
PROX1,0,2,0.5571428571428572,56,55
SH2D3C,0,2,0.06493506493506493,29,55
HAVCR2,0,2,0.3448275862068966,21,59
PLD4,0,2,0.39655172413793105,24,59
MYH11,0,2,0.0,56,15
ADAMTS1,0,2,0.11428571428571428,56,24
CCR2,0,2,0.5294117647058824,20,34
GNG11,0,2,0.5571428571428572,56,55
CD86,0,2,0.043478260869565216,15,59
FOXP3,0,2,0.7352941176470589,35,26
MARCO,0,2,0.5571428571428572,56,55
CENPF,0,2,0.5294117647058824,20,34
GZMB,0,2,0.39655172413793105,24,59
FCGR3A,0,2,0.3448275862068966,21,59
PRF1,0,2,0.7352941176470589,35,26
LILRB2,0,2,0.3448275862068966,21,59
THY1,0,2,0.5571428571428572,56,55
FAS,0,2,0.3076923076923077,29,24
EDNRB,0,2,0.5571428571428572,56,55
DPT,0,2,0.3076923076923077,29,24
CD14,0,2,0.3448275862068966,21,59
TCIM,0,2,0.11428571428571428,56,24
KLRC1,0,2,0.7352941176470589,35,26
COCH,0,2,0.05,29,15
LTBP2,0,2,0.5571428571428572,56,55
AMY2A,0,2,0.030303030303030304,15,55
FBLN1,0,2,0.3076923076923077,29,24
SMYD2,0,2,0.030303030303030304,15,55
MRC1,0,2,0.3448275862068966,21,59
CCNB2,0,2,0.5294117647058824,20,34
ACKR1,0,2,0.5571428571428572,56,55
ECSCR,0,2,0.5571428571428572,56,55
EGFL7,0,2,0.5571428571428572,56,55
NKG7,0,2,0.7352941176470589,35,26
PMP22,0,2,0.5571428571428572,56,55
IGF1,0,2,0.3448275862068966,21,59
UBE2C,0,2,0.5294117647058824,20,34
RBP5,0,2,0.5571428571428572,56,55
PDGFRA,0,2,0.3076923076923077,29,24
BTNL9,0,2,0.5571428571428572,56,55
SLC26A2,0,2,0.023255813953488372,35,55
CLEC14A,0,2,0.5571428571428572,56,55
PPARG,0,2,0.008928571428571428,56,59
THAP2,0,2,0.12,15,15
MCF2L,0,2,0.5571428571428572,56,55
INMT,0,2,0.11428571428571428,56,24
CD1E,0,2,0.39655172413793105,24,59
TM4SF18,0,2,0.5571428571428572,56,55
EDN1,0,2,0.5571428571428572,56,55
NPDC1,0,2,0.5571428571428572,56,55
FHL2,0,2,0.3076923076923077,29,24
RGS16,0,2,0.5571428571428572,56,55
FCN1,0,2,0.39655172413793105,24,59
RAMP2,0,2,0.5571428571428572,56,55
RAPGEF3,0,2,0.5571428571428572,56,55
MEST,0,2,0.030303030303030304,15,55
KIT,0,2,0.12,15,15
GEM,0,2,0.3076923076923077,29,24
VCAN,0,2,0.3076923076923077,29,24
SPI1,0,2,0.39655172413793105,24,59
FCGR1A,0,2,0.07462686567164178,15,59
DES,0,2,0.07407407407407407,16,15
STEAP4,0,2,0.014705882352941176,56,15
ERG,0,2,0.5571428571428572,56,55
PCOLCE,0,2,0.3076923076923077,29,24
VWA5A,0,2,0.024390243902439025,29,15
COL5A2,0,2,0.11428571428571428,56,24
PTN,0,2,0.3076923076923077,29,24
CFB,0,2,0.06493506493506493,29,55
MET,0,2,0.5571428571428572,56,55
CAV1,0,2,0.5571428571428572,56,55
GATM,0,2,0.07462686567164178,15,59
OGN,0,2,0.03571428571428571,16,15
PDPN,0,2,0.06493506493506493,29,55
MFAP5,0,2,0.03571428571428571,16,15
MALL,0,2,0.5571428571428572,56,55
CLEC4E,0,2,0.39655172413793105,24,59
RIDA,0,2,0.12,15,15
CRISPLD2,0,2,0.11428571428571428,56,24
ELF5,0,2,0.037037037037037035,15,15
GHRL,0,2,0.3448275862068966,21,59
SEMA3C,0,2,0.03571428571428571,16,15
CPA3,0,2,0.12,15,15
SRPX,0,2,0.3076923076923077,29,24
VSIG4,0,2,0.013888888888888888,16,59
NTN4,0,2,0.008928571428571428,56,59
FSTL3,0,2,0.02702702702702703,16,24
ANPEP,0,2,0.39655172413793105,24,59
CFHR3,0,2,0.3076923076923077,29,24
GYPA,0,2,0.20833333333333334,16,15
APOBEC3A,0,2,0.0,20,15
AQP3,0,2,0.5294117647058824,20,34
ANGPT2,0,2,0.06493506493506493,29,55
APCDD1,0,2,0.05,29,15
SLC4A1,0,2,0.0,15,18
SFRP2,0,2,0.07407407407407407,16,15
DERL3,0,2,0.02127659574468085,35,15
CD274,0,2,0.07462686567164178,15,59
CXCL6,0,2,0.12,15,15
IL1R2,0,2,0.39655172413793105,24,59
CYP4B1,0,2,0.07692307692307693,29,15
SOX17,0,2,0.014705882352941176,56,15
LIF,0,2,0.0,15,34
ASPN,0,2,0.02702702702702703,16,24
LILRB4,0,2,0.3448275862068966,21,59
CNN1,0,2,0.037037037037037035,15,15
MS4A2,0,2,0.12,15,15
BMX,0,2,0.5571428571428572,56,55
ADGRE1,0,2,0.013888888888888888,16,59
LAG3,0,2,0.03076923076923077,35,34
CYP2A7,0,2,0.037037037037037035,15,15
EHF,0,2,0.07462686567164178,15,59
GPC3,0,2,0.03571428571428571,16,15
SMIM24,0,2,0.20833333333333334,16,15
RERGL,0,2,0.07692307692307693,29,15
SOX2,0,2,0.0,16,15
ESR1,0,2,0.12,15,15
STC1,0,2,0.014705882352941176,56,15
HEMGN,0,2,0.12,15,15
BAMBI,0,2,0.0,16,55
MEDAG,0,2,0.11538461538461539,16,15
HEPACAM2,0,2,0.20833333333333334,16,15
FCER1A,0,2,0.03571428571428571,16,15
PLIN4,0,2,0.3333333333333333,15,15
FXYD2,0,2,0.0,35,15
SERPINB3,0,2,0.20833333333333334,16,15
PLAC9,0,2,0.0,15,15
ALAS2,0,2,0.23076923076923078,16,18
EPCAM,0,2,0.07407407407407407,16,15
AHSP,0,2,0.23076923076923078,16,18
SNCA,0,2,0.12,15,15
RND1,0,2,0.20833333333333334,16,15
ASCL3,0,2,0.07407407407407407,16,15
CLCA1,0,2,0.12,15,15
CFAP53,0,2,0.12,15,15
STC2,0,2,0.06493506493506493,29,55
ALDH1A3,0,2,0.11538461538461539,16,15
CFHR1,0,2,0.05,29,15
TMEM100,0,2,0.20833333333333334,16,15
CD1A,0,2,0.16,16,15
PPP1R1A,0,2,0.12,15,15
IL1RL1,0,2,0.12,15,15
TSPAN19,0,2,0.12,15,15
CYP1A1,0,2,0.07692307692307693,29,15
FGFBP2,0,2,0.12,15,15
EGFR,0,2,0.07692307692307693,29,15
CYP2F1,0,2,0.11538461538461539,16,15
SNTN,0,2,0.11538461538461539,16,15
TIMP4,0,2,0.11538461538461539,16,15
GATA2,0,2,0.024390243902439025,29,15
HAMP,0,2,0.07692307692307693,15,15
PPP1R1B,0,2,0.16,16,15
ADH1C,0,2,0.11538461538461539,16,15
CCDC39,0,2,0.12,15,15
CFTR,0,2,0.11538461538461539,16,15
TMC5,0,2,0.07407407407407407,16,15
PGR,0,2,0.16,16,15
AGER,0,2,0.16,16,15
MAMDC2,0,2,0.0,15,18
AR,0,2,0.03571428571428571,16,15
C15orf48,0,2,0.11538461538461539,16,15
S100A1,0,2,0.03571428571428571,16,15
SOX18,0,2,0.014705882352941176,56,15
SNAI1,0,2,0.16,16,15
CLIC6,0,2,0.23076923076923078,16,18
SLC26A3,0,2,0.23076923076923078,16,18
TM4SF4,0,2,0.0,16,15
THBS2,0,2,0.0,16,18
AQP9,0,2,0.18518518518518517,16,18
SLC18A2,0,2,0.07692307692307693,15,15
ERBB2,0,2,0.11538461538461539,16,15
GPC1,0,2,0.18518518518518517,16,18
TAC1,0,2,0.03571428571428571,16,15
FGFBP1,0,2,0.0,16,15
C6orf118,0,2,0.18518518518518517,16,18
APOA5,0,2,0.18518518518518517,16,18
DNAAF1,0,2,0.18518518518518517,16,18
ACE2,0,2,0.23076923076923078,16,18
CLCA2,0,2,0.03571428571428571,16,15
MCEMP1,0,2,0.18518518518518517,16,18
TBX3,0,2,0.0,29,18
CYP2B6,0,2,0.11538461538461539,16,15
SCGN,0,2,0.03571428571428571,16,15
OPRPN,0,2,0.0,16,55
CD300E,0,2,0.23076923076923078,16,18
CAPN8,0,2,0.11538461538461539,16,15
SCGB2A1,0,2,0.11538461538461539,16,15
GPRC5A,0,2,0.11538461538461539,16,15
CCDC78,0,2,0.23076923076923078,16,18
CTSG,0,2,0.0,22,15
ADIPOQ,0,2,0.2727272727272727,15,15
C1orf194,0,2,0.0,15,55
LILRA5,0,2,0.11538461538461539,16,15
HPGDS,0,2,0.07692307692307693,15,15
KCNK3,0,2,0.11538461538461539,16,15
LPL,0,2,0.20833333333333334,16,15
GYPB,0,2,0.2727272727272727,15,15
GKN2,0,2,0.11538461538461539,16,15
C5orf46,0,2,0.0,16,15
SELE,0,2,0.0,15,15
SERPINB2,0,2,0.2727272727272727,15,15
DIRAS3,0,2,0.037037037037037035,15,15
PRG4,0,2,0.16,16,15
LGI4,0,2,0.0,15,15
COL17A1,0,2,0.20833333333333334,16,15
SFTA2,0,2,0.2727272727272727,15,15
HIGD1B,0,2,0.0,16,15
DPEP1,0,2,0.2727272727272727,15,15
PCP4,0,2,0.16,16,15
CSF3,0,2,0.2727272727272727,15,15
TREM2,0,2,0.20833333333333334,16,15
TMEM52B,0,2,0.20833333333333334,16,15
AGR3,0,2,0.2727272727272727,15,15
AQP8,0,2,0.20833333333333334,16,15
ARFGEF3,0,2,0.0,15,18
SNCG,0,2,0.0,15,15
SLC22A8,0,2,0.16,16,15
PEBP4,0,2,0.3333333333333333,15,15
BBOX1,0,2,0.0,16,15
CYP3A4,0,2,0.16,16,15
FOXI1,0,2,0.20833333333333334,16,15
S100A12,0,2,0.12,15,15
HPX,0,2,0.16,16,15
LGR5,0,2,0.3333333333333333,15,15
NAT8,0,2,0.12,15,15
PCSK2,0,2,0.3333333333333333,15,15
ASCL1,0,2,0.3333333333333333,15,15
PVALB,0,2,0.3333333333333333,15,15
FCN2,0,2,0.3333333333333333,15,15
GCG,0,2,0.3333333333333333,15,15
CD70,0,2,0.3333333333333333,15,15
UMOD,0,2,0.12,15,15
FOXJ1,0,2,0.3333333333333333,15,15
MLPH,0,2,0.3333333333333333,15,15
GLYATL1,0,2,0.3333333333333333,15,15
KRT20,0,2,0.12,15,15
ADH4,0,2,0.3333333333333333,15,15
CA4,0,2,0.0,15,26
CDH16,0,2,0.3333333333333333,15,15
AQP2,0,2,0.3333333333333333,15,15
DMBT1,0,2,0.3333333333333333,15,15
CHGA,0,2,0.14705882352941177,15,26
CCL27,0,2,0.14705882352941177,15,26
KNG1,0,2,0.14705882352941177,15,26
PPY,0,2,0.14705882352941177,15,26
MLANA,0,2,0.14705882352941177,15,26
HMGCS2,0,2,0.14705882352941177,15,26
CRHBP,0,2,0.029411764705882353,22,15
TFF2,0,2,0.6428571428571429,22,26
GDF15,0,2,0.029411764705882353,22,15
PDCD1,0,2,0.6428571428571429,22,26
SST,0,2,0.6428571428571429,22,26
INS,0,2,0.6428571428571429,22,26
FOXA1,0,2,0.6428571428571429,22,26
TMEM174,0,2,0.6428571428571429,22,26
TCF15,0,2,0.6428571428571429,22,26
KLK11,0,2,0.6428571428571429,22,26
SPDEF,0,2,0.6428571428571429,22,26
ABCC11,0,2,0.6428571428571429,22,26
HES4,0,2,0.6428571428571429,22,26
C20orf85,0,2,0.6428571428571429,22,26
TAT,0,2,0.6428571428571429,22,26
MYBPC1,0,2,0.6428571428571429,22,26
LY6D,0,2,0.6428571428571429,22,26
UPK3B,0,2,0.6428571428571429,22,26
GPX2,0,2,0.6428571428571429,22,26
RETN,0,2,0.6428571428571429,22,26
KRT7,0,2,0.6428571428571429,22,26
MS4A1,0,3,0.32432432432432434,15,36
CXCR4,0,3,0.32432432432432434,15,36
TRAC,0,3,0.38636363636363635,35,28
PTPRC,0,3,0.014705882352941176,35,36
IL7R,0,3,0.38636363636363635,35,28
BANK1,0,3,0.32432432432432434,15,36
PTGDS,0,3,0.1111111111111111,24,28
CD79A,0,3,0.32432432432432434,15,36
MPEG1,0,3,0.1111111111111111,24,28
CYTIP,0,3,0.38636363636363635,35,28
PECAM1,0,3,0.025,56,28
SELL,0,3,0.014705882352941176,35,36
IRF8,0,3,0.1111111111111111,24,28
CD3E,0,3,0.38636363636363635,35,28
BASP1,0,3,0.32432432432432434,15,36
TCL1A,0,3,0.09433962264150944,24,36
CCR7,0,3,0.38636363636363635,35,28
PCNA,0,3,0.3170731707317073,20,36
AIF1,0,3,0.3055555555555556,21,28
CD3D,0,3,0.38636363636363635,35,28
FGL2,0,3,0.3055555555555556,21,28
CD4,0,3,0.0,21,28
PLCG2,0,3,0.32432432432432434,15,36
MDM2,0,3,0.3170731707317073,20,36
CD2,0,3,0.38636363636363635,35,28
MKI67,0,3,0.3170731707317073,20,36
SERPINB9,0,3,0.03773584905660377,29,28
MS4A6A,0,3,0.3055555555555556,21,28
CD19,0,3,0.32432432432432434,15,36
TENT5C,0,3,0.3170731707317073,20,36
CTLA4,0,3,0.38636363636363635,35,28
ACTG2,0,3,0.3170731707317073,20,36
MZB1,0,3,0.3170731707317073,20,36
CD28,0,3,0.38636363636363635,35,28
GPR183,0,3,0.02040816326530612,24,28
CD34,0,3,0.06153846153846154,56,15
KLRB1,0,3,0.38636363636363635,35,28
CD247,0,3,0.38636363636363635,35,28
MYC,0,3,0.38636363636363635,35,28
CXCL2,0,3,0.0,56,15
C1orf162,0,3,0.1111111111111111,24,28
CD83,0,3,0.0,15,28
CD69,0,3,0.38636363636363635,35,28
ADAM28,0,3,0.32432432432432434,15,36
CCL5,0,3,0.2,35,15
BCL2L11,0,3,0.045454545454545456,20,28
TFPI,0,3,0.15,56,15
CXCL9,0,3,0.037037037037037035,15,15
PRDM1,0,3,0.045454545454545456,20,28
TNC,0,3,0.15,56,15
LYVE1,0,3,0.06153846153846154,56,15
VWF,0,3,0.09523809523809523,56,15
IGSF6,0,3,0.3055555555555556,21,28
CD5L,0,3,0.0,21,15
CD1C,0,3,0.09433962264150944,24,36
MEF2C,0,3,0.32432432432432434,15,36
MMRN1,0,3,0.06153846153846154,56,15
PLA2G7,0,3,0.3055555555555556,21,28
GNLY,0,3,0.2,35,15
LAMP3,0,3,0.0,15,15
TCF4,0,3,0.09433962264150944,24,36
GLIPR1,0,3,0.02040816326530612,24,28
CD27,0,3,0.045454545454545456,20,28
CD163,0,3,0.030303030303030304,21,15
SLAMF7,0,3,0.3170731707317073,20,36
CD8A,0,3,0.2,35,15
SPIB,0,3,0.1111111111111111,24,28
MYLK,0,3,0.15,56,15
CDK1,0,3,0.3170731707317073,20,36
ACTA2,0,3,0.06060606060606061,56,16
CAVIN2,0,3,0.0,56,15
CAVIN1,0,3,0.06153846153846154,56,15
LY86,0,3,0.32432432432432434,15,36
KLRD1,0,3,0.2,35,15
HLA-DQB2,0,3,0.09433962264150944,24,36
IL2RA,0,3,0.38636363636363635,35,28
CCL19,0,3,0.15,56,15
TNFRSF9,0,3,0.03389830508474576,35,28
CLECL1,0,3,0.32432432432432434,15,36
FBN1,0,3,0.025,56,28
KCNMA1,0,3,0.3055555555555556,21,28
TNFRSF13B,0,3,0.32432432432432434,15,36
TNFRSF17,0,3,0.3170731707317073,20,36
MS4A4A,0,3,0.3055555555555556,21,28
GZMK,0,3,0.2,35,15
APOLD1,0,3,0.06153846153846154,56,15
TOP2A,0,3,0.3170731707317073,20,36
CD68,0,3,0.3055555555555556,21,28
CXCL10,0,3,0.16666666666666666,15,15
CLEC10A,0,3,0.05405405405405406,24,17
DUSP2,0,3,0.38636363636363635,35,28
MTRNR2L11,0,3,0.03389830508474576,35,28
DNASE1L3,0,3,0.0,24,15
IL3RA,0,3,0.0,24,15
RTKN2,0,3,0.38636363636363635,35,28
LILRA4,0,3,0.09433962264150944,24,36
CTSK,0,3,0.03773584905660377,29,28
C7,0,3,0.05,29,15
ADGRL4,0,3,0.06153846153846154,56,15
SLAMF1,0,3,0.38636363636363635,35,28
PDGFRB,0,3,0.15,56,15
DST,0,3,0.3055555555555556,21,28
MMRN2,0,3,0.025,56,28
SFRP4,0,3,0.20833333333333334,16,15
CD93,0,3,0.09523809523809523,56,15
FKBP11,0,3,0.3170731707317073,20,36
CSF2RA,0,3,0.3055555555555556,21,28
GZMA,0,3,0.2,35,15
MNDA,0,3,0.1111111111111111,24,28
PROX1,0,3,0.06153846153846154,56,15
SH2D3C,0,3,0.0,29,28
HAVCR2,0,3,0.3055555555555556,21,28
PLD4,0,3,0.09433962264150944,24,36
MYH11,0,3,0.014705882352941176,56,15
ADAMTS1,0,3,0.028985507246376812,56,17
CCR2,0,3,0.0,20,15
GNG11,0,3,0.06153846153846154,56,15
CD86,0,3,0.32432432432432434,15,36
FOXP3,0,3,0.38636363636363635,35,28
MARCO,0,3,0.0,56,18
CENPF,0,3,0.3170731707317073,20,36
GZMB,0,3,0.0,24,15
FCGR3A,0,3,0.0,21,15
PRF1,0,3,0.2,35,15
LILRB2,0,3,0.3055555555555556,21,28
THY1,0,3,0.15,56,15
FAS,0,3,0.03773584905660377,29,28
EDNRB,0,3,0.15,56,15
DPT,0,3,0.024390243902439025,29,15
CD14,0,3,0.0,21,15
TCIM,0,3,0.15,56,15
KLRC1,0,3,0.2,35,15
COCH,0,3,0.0,29,36
LTBP2,0,3,0.06153846153846154,56,15
AMY2A,0,3,0.025,15,28
FBLN1,0,3,0.05,29,15
SMYD2,0,3,0.025,15,28
MRC1,0,3,0.030303030303030304,21,15
CCNB2,0,3,0.3170731707317073,20,36
ACKR1,0,3,0.09523809523809523,56,15
ECSCR,0,3,0.09523809523809523,56,15
EGFL7,0,3,0.0,56,17
NKG7,0,3,0.2,35,15
PMP22,0,3,0.15,56,15
IGF1,0,3,0.0,21,15
UBE2C,0,3,0.3170731707317073,20,36
RBP5,0,3,0.15,56,15
PDGFRA,0,3,0.05,29,15
BTNL9,0,3,0.06060606060606061,56,16
SLC26A2,0,3,0.03389830508474576,35,28
CLEC14A,0,3,0.028985507246376812,56,17
PPARG,0,3,0.06153846153846154,56,15
THAP2,0,3,0.0,15,28
MCF2L,0,3,0.06153846153846154,56,15
INMT,0,3,0.06060606060606061,56,16
CD1E,0,3,0.0,24,15
TM4SF18,0,3,0.06153846153846154,56,15
EDN1,0,3,0.014705882352941176,56,15
NPDC1,0,3,0.028985507246376812,56,17
FHL2,0,3,0.0,29,16
RGS16,0,3,0.06060606060606061,56,16
FCN1,0,3,0.05405405405405406,24,17
RAMP2,0,3,0.06153846153846154,56,15
RAPGEF3,0,3,0.06153846153846154,56,15
MEST,0,3,0.16666666666666666,15,15
KIT,0,3,0.034482758620689655,15,17
GEM,0,3,0.0,29,15
VCAN,0,3,0.0,29,17
SPI1,0,3,0.02702702702702703,24,16
FCGR1A,0,3,0.16666666666666666,15,15
DES,0,3,0.03571428571428571,16,15
STEAP4,0,3,0.028985507246376812,56,17
ERG,0,3,0.028985507246376812,56,17
PCOLCE,0,3,0.05,29,15
VWA5A,0,3,0.05,29,15
COL5A2,0,3,0.09523809523809523,56,15
PTN,0,3,0.05,29,15
CFB,0,3,0.05,29,15
MET,0,3,0.09523809523809523,56,15
CAV1,0,3,0.0,56,16
GATM,0,3,0.0,15,15
OGN,0,3,0.0,16,15
PDPN,0,3,0.05,29,15
MFAP5,0,3,0.10714285714285714,16,17
MALL,0,3,0.014705882352941176,56,15
CLEC4E,0,3,0.02702702702702703,24,16
RIDA,0,3,0.16666666666666666,15,15
CRISPLD2,0,3,0.0,56,15
ELF5,0,3,0.16666666666666666,15,15
GHRL,0,3,0.0,21,16
SEMA3C,0,3,0.03571428571428571,16,15
CPA3,0,3,0.0,15,15
SRPX,0,3,0.0,29,17
VSIG4,0,3,0.03333333333333333,16,17
NTN4,0,3,0.06153846153846154,56,15
FSTL3,0,3,0.03571428571428571,16,15
ANPEP,0,3,0.0,24,16
CFHR3,0,3,0.05,29,15
GYPA,0,3,0.03571428571428571,16,15
APOBEC3A,0,3,0.0,20,15
AQP3,0,3,0.0,20,17
ANGPT2,0,3,0.05,29,15
APCDD1,0,3,0.024390243902439025,29,15
SLC4A1,0,3,0.2,15,17
SFRP2,0,3,0.20833333333333334,16,15
DERL3,0,3,0.0,35,16
CD274,0,3,0.037037037037037035,15,15
CXCL6,0,3,0.037037037037037035,15,15
IL1R2,0,3,0.05405405405405406,24,17
CYP4B1,0,3,0.05,29,15
SOX17,0,3,0.06060606060606061,56,16
LIF,0,3,0.034482758620689655,15,17
ASPN,0,3,0.07407407407407407,16,15
LILRB4,0,3,0.0,21,15
CNN1,0,3,0.20833333333333334,15,16
MS4A2,0,3,0.2,15,17
BMX,0,3,0.09523809523809523,56,15
ADGRE1,0,3,0.07407407407407407,16,15
LAG3,0,3,0.0,35,17
CYP2A7,0,3,0.03571428571428571,15,16
EHF,0,3,0.037037037037037035,15,15
GPC3,0,3,0.10714285714285714,16,17
SMIM24,0,3,0.1111111111111111,16,16
RERGL,0,3,0.05,29,15
SOX2,0,3,0.1111111111111111,16,16
ESR1,0,3,0.03571428571428571,15,16
STC1,0,3,0.028985507246376812,56,17
HEMGN,0,3,0.2,15,17
BAMBI,0,3,0.0,16,15
MEDAG,0,3,0.07407407407407407,16,15
HEPACAM2,0,3,0.1111111111111111,16,16
FCER1A,0,3,0.034482758620689655,16,16
PLIN4,0,3,0.4090909090909091,15,18
FXYD2,0,3,0.0,35,15
SERPINB3,0,3,0.03571428571428571,16,15
PLAC9,0,3,0.2,15,17
ALAS2,0,3,0.034482758620689655,16,16
EPCAM,0,3,0.1111111111111111,16,16
AHSP,0,3,0.11538461538461539,16,15
SNCA,0,3,0.037037037037037035,15,15
RND1,0,3,0.0,16,17
ASCL3,0,3,0.07407407407407407,16,15
CLCA1,0,3,0.0,15,15
CFAP53,0,3,0.0,15,15
STC2,0,3,0.05,29,15
ALDH1A3,0,3,0.03333333333333333,16,17
CFHR1,0,3,0.05,29,15
TMEM100,0,3,0.0,16,15
CD1A,0,3,0.0,16,15
PPP1R1A,0,3,0.2,15,17
IL1RL1,0,3,0.0,15,15
TSPAN19,0,3,0.2,15,17
CYP1A1,0,3,0.05,29,15
FGFBP2,0,3,0.037037037037037035,15,15
EGFR,0,3,0.0,29,15
CYP2F1,0,3,0.10714285714285714,16,17
SNTN,0,3,0.07407407407407407,16,15
TIMP4,0,3,0.0,16,15
GATA2,0,3,0.0,29,15
HAMP,0,3,0.037037037037037035,15,15
PPP1R1B,0,3,0.03333333333333333,16,17
ADH1C,0,3,0.06896551724137931,16,17
CCDC39,0,3,0.0,15,15
CFTR,0,3,0.06896551724137931,16,17
TMC5,0,3,0.03333333333333333,16,17
PGR,0,3,0.07407407407407407,16,15
AGER,0,3,0.10714285714285714,16,17
MAMDC2,0,3,0.20833333333333334,15,16
AR,0,3,0.03571428571428571,16,15
C15orf48,0,3,0.07407407407407407,16,15
S100A1,0,3,0.0,16,17
SOX18,0,3,0.014705882352941176,56,15
SNAI1,0,3,0.03571428571428571,16,15
CLIC6,0,3,0.07407407407407407,16,15
SLC26A3,0,3,0.07407407407407407,16,15
TM4SF4,0,3,0.0,16,15
THBS2,0,3,0.06896551724137931,16,17
AQP9,0,3,0.16,16,15
SLC18A2,0,3,0.07692307692307693,15,15
ERBB2,0,3,0.11538461538461539,16,15
GPC1,0,3,0.16,16,15
TAC1,0,3,0.16,16,15
FGFBP1,0,3,0.07407407407407407,16,15
C6orf118,0,3,0.07407407407407407,16,15
APOA5,0,3,0.06896551724137931,16,17
DNAAF1,0,3,0.11538461538461539,16,15
ACE2,0,3,0.11538461538461539,16,15
CLCA2,0,3,0.07407407407407407,16,15
MCEMP1,0,3,0.16,16,15
TBX3,0,3,0.0,29,17
CYP2B6,0,3,0.11538461538461539,16,15
SCGN,0,3,0.11538461538461539,16,15
OPRPN,0,3,0.11538461538461539,16,15
CD300E,0,3,0.0,16,17
CAPN8,0,3,0.16,16,15
SCGB2A1,0,3,0.07407407407407407,16,15
GPRC5A,0,3,0.07407407407407407,16,15
CCDC78,0,3,0.07407407407407407,16,15
CTSG,0,3,0.8571428571428571,22,19
ADIPOQ,0,3,0.12,15,15
C1orf194,0,3,0.07692307692307693,15,15
LILRA5,0,3,0.11538461538461539,16,15
HPGDS,0,3,0.12,15,15
KCNK3,0,3,0.034482758620689655,16,16
LPL,0,3,0.0,16,18
GYPB,0,3,0.037037037037037035,15,15
GKN2,0,3,0.03571428571428571,16,15
C5orf46,0,3,0.03571428571428571,16,15
SELE,0,3,0.12,15,15
SERPINB2,0,3,0.20833333333333334,15,16
DIRAS3,0,3,0.12,15,15
PRG4,0,3,0.1111111111111111,16,16
LGI4,0,3,0.20833333333333334,15,16
COL17A1,0,3,0.1111111111111111,16,16
SFTA2,0,3,0.07692307692307693,15,15
HIGD1B,0,3,0.034482758620689655,16,16
DPEP1,0,3,0.20833333333333334,15,16
PCP4,0,3,0.20833333333333334,16,15
CSF3,0,3,0.20833333333333334,15,16
TREM2,0,3,0.06896551724137931,16,17
TMEM52B,0,3,0.03571428571428571,16,15
AGR3,0,3,0.12,15,15
AQP8,0,3,0.20833333333333334,16,15
ARFGEF3,0,3,0.06896551724137931,15,18
SNCG,0,3,0.4090909090909091,15,18
SLC22A8,0,3,0.1111111111111111,16,16
PEBP4,0,3,0.0,15,15
BBOX1,0,3,0.1111111111111111,16,16
CYP3A4,0,3,0.20833333333333334,16,15
FOXI1,0,3,0.20833333333333334,16,15
S100A12,0,3,0.25,15,17
HPX,0,3,0.06896551724137931,16,17
LGR5,0,3,0.25,15,17
NAT8,0,3,0.12,15,15
PCSK2,0,3,0.25,15,17
ASCL1,0,3,0.25,15,17
PVALB,0,3,0.12,15,15
FCN2,0,3,0.06896551724137931,15,18
GCG,0,3,0.1111111111111111,15,17
CD70,0,3,0.25,15,17
UMOD,0,3,0.25,15,17
FOXJ1,0,3,0.0,15,15
MLPH,0,3,0.25,15,17
GLYATL1,0,3,0.1111111111111111,15,17
KRT20,0,3,0.12,15,15
ADH4,0,3,0.4090909090909091,15,18
CA4,0,3,0.06896551724137931,15,18
CDH16,0,3,0.4090909090909091,15,18
AQP2,0,3,0.4090909090909091,15,18
DMBT1,0,3,0.4090909090909091,15,18
CHGA,0,3,0.4090909090909091,15,18
CCL27,0,3,0.1111111111111111,15,17
KNG1,0,3,0.1111111111111111,15,17
PPY,0,3,0.4090909090909091,15,18
MLANA,0,3,0.4090909090909091,15,18
HMGCS2,0,3,0.4090909090909091,15,18
CRHBP,0,3,0.8571428571428571,22,19
TFF2,0,3,0.05555555555555555,22,18
GDF15,0,3,0.8571428571428571,22,19
PDCD1,0,3,0.05555555555555555,22,18
SST,0,3,0.05555555555555555,22,18
INS,0,3,0.8571428571428571,22,19
FOXA1,0,3,0.8571428571428571,22,19
TMEM174,0,3,0.8571428571428571,22,19
TCF15,0,3,0.8571428571428571,22,19
KLK11,0,3,0.8571428571428571,22,19
SPDEF,0,3,0.8571428571428571,22,19
ABCC11,0,3,0.8571428571428571,22,19
HES4,0,3,0.8571428571428571,22,19
C20orf85,0,3,0.8571428571428571,22,19
TAT,0,3,0.8571428571428571,22,19
MYBPC1,0,3,0.8571428571428571,22,19
LY6D,0,3,0.8571428571428571,22,19
UPK3B,0,3,0.8571428571428571,22,19
GPX2,0,3,0.8571428571428571,22,19
RETN,0,3,0.8571428571428571,22,19
KRT7,0,3,0.8571428571428571,22,19
MS4A1,0,4,0.5185185185185185,15,28
CXCR4,0,4,0.5185185185185185,15,28
TRAC,0,4,0.5272727272727272,35,51
PTPRC,0,4,0.5272727272727272,35,51
IL7R,0,4,0.5272727272727272,35,51
BANK1,0,4,0.5185185185185185,15,28
PTGDS,0,4,0.16279069767441862,24,28
CD79A,0,4,0.5185185185185185,15,28
MPEG1,0,4,0.28205128205128205,24,28
CYTIP,0,4,0.5272727272727272,35,51
PECAM1,0,4,0.2545454545454545,56,15
SELL,0,4,0.5272727272727272,35,51
IRF8,0,4,0.28205128205128205,24,28
CD3E,0,4,0.5272727272727272,35,51
BASP1,0,4,0.5185185185185185,15,28
TCL1A,0,4,0.28205128205128205,24,28
CCR7,0,4,0.0,35,28
PCNA,0,4,0.3269230769230769,20,51
AIF1,0,4,0.6785714285714286,21,28
CD3D,0,4,0.5272727272727272,35,51
FGL2,0,4,0.6785714285714286,21,28
CD4,0,4,0.6785714285714286,21,28
PLCG2,0,4,0.5185185185185185,15,28
MDM2,0,4,0.3269230769230769,20,51
CD2,0,4,0.5272727272727272,35,51
MKI67,0,4,0.3269230769230769,20,51
SERPINB9,0,4,0.2,29,15
MS4A6A,0,4,0.6785714285714286,21,28
CD19,0,4,0.5185185185185185,15,28
TENT5C,0,4,0.3269230769230769,20,51
CTLA4,0,4,0.5272727272727272,35,51
ACTG2,0,4,0.3269230769230769,20,51
MZB1,0,4,0.3269230769230769,20,51
CD28,0,4,0.5272727272727272,35,51
GPR183,0,4,0.0,24,51
CD34,0,4,0.2545454545454545,56,15
KLRB1,0,4,0.5272727272727272,35,51
CD247,0,4,0.5272727272727272,35,51
MYC,0,4,0.5272727272727272,35,51
CXCL2,0,4,0.23214285714285715,56,15
C1orf162,0,4,0.16279069767441862,24,28
CD83,0,4,0.5185185185185185,15,28
CD69,0,4,0.5272727272727272,35,51
ADAM28,0,4,0.5185185185185185,15,28
CCL5,0,4,0.5272727272727272,35,51
BCL2L11,0,4,0.3269230769230769,20,51
TFPI,0,4,0.23214285714285715,56,15
CXCL9,0,4,0.25925925925925924,15,21
PRDM1,0,4,0.3269230769230769,20,51
TNC,0,4,0.16129032258064516,56,18
LYVE1,0,4,0.23214285714285715,56,15
VWF,0,4,0.2545454545454545,56,15
IGSF6,0,4,0.6785714285714286,21,28
CD5L,0,4,0.6785714285714286,21,28
CD1C,0,4,0.28205128205128205,24,28
MEF2C,0,4,0.5185185185185185,15,28
MMRN1,0,4,0.23214285714285715,56,15
PLA2G7,0,4,0.6785714285714286,21,28
GNLY,0,4,0.5272727272727272,35,51
LAMP3,0,4,0.5185185185185185,15,28
TCF4,0,4,0.28205128205128205,24,28
GLIPR1,0,4,0.28205128205128205,24,28
CD27,0,4,0.3269230769230769,20,51
CD163,0,4,0.6785714285714286,21,28
SLAMF7,0,4,0.3269230769230769,20,51
CD8A,0,4,0.5272727272727272,35,51
SPIB,0,4,0.28205128205128205,24,28
MYLK,0,4,0.16129032258064516,56,18
CDK1,0,4,0.3269230769230769,20,51
ACTA2,0,4,0.16129032258064516,56,18
CAVIN2,0,4,0.23214285714285715,56,15
CAVIN1,0,4,0.2545454545454545,56,15
LY86,0,4,0.5185185185185185,15,28
KLRD1,0,4,0.5272727272727272,35,51
HLA-DQB2,0,4,0.28205128205128205,24,28
IL2RA,0,4,0.5272727272727272,35,51
CCL19,0,4,0.16129032258064516,56,18
TNFRSF9,0,4,0.0,35,15
CLECL1,0,4,0.5185185185185185,15,28
FBN1,0,4,0.06153846153846154,56,15
KCNMA1,0,4,0.6785714285714286,21,28
TNFRSF13B,0,4,0.5185185185185185,15,28
TNFRSF17,0,4,0.3269230769230769,20,51
MS4A4A,0,4,0.6785714285714286,21,28
GZMK,0,4,0.5272727272727272,35,51
APOLD1,0,4,0.2545454545454545,56,15
TOP2A,0,4,0.3269230769230769,20,51
CD68,0,4,0.6785714285714286,21,28
CXCL10,0,4,0.25925925925925924,15,21
CLEC10A,0,4,0.16279069767441862,24,28
DUSP2,0,4,0.5272727272727272,35,51
MTRNR2L11,0,4,0.5272727272727272,35,51
DNASE1L3,0,4,0.16279069767441862,24,28
IL3RA,0,4,0.28205128205128205,24,28
RTKN2,0,4,0.5272727272727272,35,51
LILRA4,0,4,0.28205128205128205,24,28
CTSK,0,4,0.15384615384615385,29,18
C7,0,4,0.15384615384615385,29,18
ADGRL4,0,4,0.2545454545454545,56,15
SLAMF1,0,4,0.5272727272727272,35,51
PDGFRB,0,4,0.16129032258064516,56,18
DST,0,4,0.6785714285714286,21,28
MMRN2,0,4,0.23214285714285715,56,15
SFRP4,0,4,0.19230769230769232,16,17
CD93,0,4,0.2545454545454545,56,15
FKBP11,0,4,0.3269230769230769,20,51
CSF2RA,0,4,0.6785714285714286,21,28
GZMA,0,4,0.5272727272727272,35,51
MNDA,0,4,0.16279069767441862,24,28
PROX1,0,4,0.23214285714285715,56,15
SH2D3C,0,4,0.0,29,51
HAVCR2,0,4,0.6785714285714286,21,28
PLD4,0,4,0.28205128205128205,24,28
MYH11,0,4,0.0,56,15
ADAMTS1,0,4,0.16129032258064516,56,18
CCR2,0,4,0.3269230769230769,20,51
GNG11,0,4,0.2545454545454545,56,15
CD86,0,4,0.5185185185185185,15,28
FOXP3,0,4,0.5272727272727272,35,51
MARCO,0,4,0.0,56,15
CENPF,0,4,0.3269230769230769,20,51
GZMB,0,4,0.28205128205128205,24,28
FCGR3A,0,4,0.0,21,21
PRF1,0,4,0.5272727272727272,35,51
LILRB2,0,4,0.6785714285714286,21,28
THY1,0,4,0.16129032258064516,56,18
FAS,0,4,0.2,29,15
EDNRB,0,4,0.16129032258064516,56,18
DPT,0,4,0.15384615384615385,29,18
CD14,0,4,0.6785714285714286,21,28
TCIM,0,4,0.06153846153846154,56,15
KLRC1,0,4,0.5272727272727272,35,51
COCH,0,4,0.043478260869565216,29,21
LTBP2,0,4,0.06153846153846154,56,15
AMY2A,0,4,0.25925925925925924,15,21
FBLN1,0,4,0.2,29,15
SMYD2,0,4,0.25925925925925924,15,21
MRC1,0,4,0.6785714285714286,21,28
CCNB2,0,4,0.3269230769230769,20,51
ACKR1,0,4,0.06153846153846154,56,15
ECSCR,0,4,0.2545454545454545,56,15
EGFL7,0,4,0.23214285714285715,56,15
NKG7,0,4,0.5272727272727272,35,51
PMP22,0,4,0.16129032258064516,56,18
IGF1,0,4,0.6785714285714286,21,28
UBE2C,0,4,0.3269230769230769,20,51
RBP5,0,4,0.16129032258064516,56,18
PDGFRA,0,4,0.15384615384615385,29,18
BTNL9,0,4,0.2545454545454545,56,15
SLC26A2,0,4,0.018867924528301886,35,21
CLEC14A,0,4,0.2545454545454545,56,15
PPARG,0,4,0.013513513513513514,56,21
THAP2,0,4,0.0,15,15
MCF2L,0,4,0.02857142857142857,56,18
INMT,0,4,0.2545454545454545,56,15
CD1E,0,4,0.16279069767441862,24,28
TM4SF18,0,4,0.2545454545454545,56,15
EDN1,0,4,0.02857142857142857,56,18
NPDC1,0,4,0.23214285714285715,56,15
FHL2,0,4,0.043478260869565216,29,21
RGS16,0,4,0.23214285714285715,56,15
FCN1,0,4,0.16279069767441862,24,28
RAMP2,0,4,0.23214285714285715,56,15
RAPGEF3,0,4,0.2545454545454545,56,15
MEST,0,4,0.10714285714285714,15,18
KIT,0,4,0.12,15,15
GEM,0,4,0.2,29,15
VCAN,0,4,0.046511627906976744,29,18
SPI1,0,4,0.16279069767441862,24,28
FCGR1A,0,4,0.25925925925925924,15,21
DES,0,4,0.0,16,15
STEAP4,0,4,0.2545454545454545,56,15
ERG,0,4,0.23214285714285715,56,15
PCOLCE,0,4,0.15384615384615385,29,18
VWA5A,0,4,0.2,29,15
COL5A2,0,4,0.16129032258064516,56,18
PTN,0,4,0.043478260869565216,29,21
CFB,0,4,0.15384615384615385,29,18
MET,0,4,0.23214285714285715,56,15
CAV1,0,4,0.013513513513513514,56,21
GATM,0,4,0.0,15,15
OGN,0,4,0.029411764705882353,16,21
PDPN,0,4,0.15384615384615385,29,18
MFAP5,0,4,0.20833333333333334,16,15
MALL,0,4,0.23214285714285715,56,15
CLEC4E,0,4,0.023809523809523808,24,21
RIDA,0,4,0.0,15,51
CRISPLD2,0,4,0.06153846153846154,56,15
ELF5,0,4,0.25925925925925924,15,21
GHRL,0,4,0.6785714285714286,21,28
SEMA3C,0,4,0.10344827586206896,16,18
CPA3,0,4,0.12,15,15
SRPX,0,4,0.046511627906976744,29,18
VSIG4,0,4,0.03571428571428571,16,15
NTN4,0,4,0.0,56,15
FSTL3,0,4,0.029411764705882353,16,21
ANPEP,0,4,0.0,24,15
CFHR3,0,4,0.2,29,15
GYPA,0,4,0.10344827586206896,16,18
APOBEC3A,0,4,0.0,20,21
AQP3,0,4,0.0,20,15
ANGPT2,0,4,0.2,29,15
APCDD1,0,4,0.0,29,15
SLC4A1,0,4,0.06896551724137931,15,18
SFRP2,0,4,0.19230769230769232,16,17
DERL3,0,4,0.0,35,15
CD274,0,4,0.25925925925925924,15,21
CXCL6,0,4,0.10714285714285714,15,18
IL1R2,0,4,0.023809523809523808,24,21
CYP4B1,0,4,0.2,29,15
SOX17,0,4,0.02857142857142857,56,18
LIF,0,4,0.06896551724137931,15,18
ASPN,0,4,0.03571428571428571,16,15
LILRB4,0,4,0.6785714285714286,21,28
CNN1,0,4,0.07692307692307693,15,15
MS4A2,0,4,0.12,15,15
BMX,0,4,0.014705882352941176,56,15
ADGRE1,0,4,0.16,16,15
LAG3,0,4,0.5272727272727272,35,51
CYP2A7,0,4,0.10714285714285714,15,18
EHF,0,4,0.25925925925925924,15,21
GPC3,0,4,0.20833333333333334,16,15
SMIM24,0,4,0.16,16,15
RERGL,0,4,0.046511627906976744,29,18
SOX2,0,4,0.16,16,15
ESR1,0,4,0.10714285714285714,15,18
STC1,0,4,0.014705882352941176,56,15
HEMGN,0,4,0.12,15,15
BAMBI,0,4,0.07407407407407407,16,15
MEDAG,0,4,0.0,16,15
HEPACAM2,0,4,0.16,16,15
FCER1A,0,4,0.034482758620689655,16,16
PLIN4,0,4,0.21739130434782608,15,15
FXYD2,0,4,0.018867924528301886,35,21
SERPINB3,0,4,0.10344827586206896,16,18
PLAC9,0,4,0.07692307692307693,15,15
ALAS2,0,4,0.11538461538461539,16,15
EPCAM,0,4,0.10344827586206896,16,18
AHSP,0,4,0.06896551724137931,16,17
SNCA,0,4,0.12,15,15
RND1,0,4,0.03571428571428571,16,15
ASCL3,0,4,0.03571428571428571,16,15
CLCA1,0,4,0.12,15,15
CFAP53,0,4,0.06896551724137931,15,18
STC2,0,4,0.023809523809523808,29,16
ALDH1A3,0,4,0.07407407407407407,16,15
CFHR1,0,4,0.023809523809523808,29,16
TMEM100,0,4,0.0,16,16
CD1A,0,4,0.07407407407407407,16,15
PPP1R1A,0,4,0.07692307692307693,15,15
IL1RL1,0,4,0.12,15,15
TSPAN19,0,4,0.07692307692307693,15,15
CYP1A1,0,4,0.024390243902439025,29,15
FGFBP2,0,4,0.0,15,16
EGFR,0,4,0.024390243902439025,29,15
CYP2F1,0,4,0.07407407407407407,16,15
SNTN,0,4,0.07407407407407407,16,15
TIMP4,0,4,0.2,16,16
GATA2,0,4,0.0,29,15
HAMP,0,4,0.0,15,15
PPP1R1B,0,4,0.20833333333333334,16,15
ADH1C,0,4,0.0,16,15
CCDC39,0,4,0.12,15,15
CFTR,0,4,0.0,16,18
TMC5,0,4,0.16,16,15
PGR,0,4,0.034482758620689655,16,16
AGER,0,4,0.07407407407407407,16,15
MAMDC2,0,4,0.15384615384615385,15,17
AR,0,4,0.20833333333333334,16,15
C15orf48,0,4,0.2,16,16
S100A1,0,4,0.0,16,15
SOX18,0,4,0.0,56,17
SNAI1,0,4,0.20833333333333334,16,15
CLIC6,0,4,0.07142857142857142,16,16
SLC26A3,0,4,0.0,16,15
TM4SF4,0,4,0.20833333333333334,16,15
THBS2,0,4,0.19230769230769232,16,17
AQP9,0,4,0.0,16,15
SLC18A2,0,4,0.0,15,16
ERBB2,0,4,0.20833333333333334,16,15
GPC1,0,4,0.20833333333333334,16,15
TAC1,0,4,0.20833333333333334,16,15
FGFBP1,0,4,0.11538461538461539,16,15
C6orf118,0,4,0.0,16,15
APOA5,0,4,0.2,16,16
DNAAF1,0,4,0.2,16,16
ACE2,0,4,0.11538461538461539,16,15
CLCA2,0,4,0.07142857142857142,16,16
MCEMP1,0,4,0.2,16,16
TBX3,0,4,0.0,29,15
CYP2B6,0,4,0.20833333333333334,16,15
SCGN,0,4,0.20833333333333334,16,15
OPRPN,0,4,0.07142857142857142,16,16
CD300E,0,4,0.11538461538461539,16,15
CAPN8,0,4,0.20833333333333334,16,15
SCGB2A1,0,4,0.2,16,16
GPRC5A,0,4,0.11538461538461539,16,15
CCDC78,0,4,0.11538461538461539,16,15
CTSG,0,4,0.20689655172413793,22,15
ADIPOQ,0,4,0.15384615384615385,15,17
C1orf194,0,4,0.16666666666666666,15,15
LILRA5,0,4,0.11538461538461539,16,15
HPGDS,0,4,0.07692307692307693,15,15
KCNK3,0,4,0.11538461538461539,16,15
LPL,0,4,0.11538461538461539,16,15
GYPB,0,4,0.15384615384615385,15,17
GKN2,0,4,0.06896551724137931,16,17
C5orf46,0,4,0.06896551724137931,16,17
SELE,0,4,0.034482758620689655,15,17
SERPINB2,0,4,0.16666666666666666,15,15
DIRAS3,0,4,0.16666666666666666,15,15
PRG4,0,4,0.11538461538461539,16,15
LGI4,0,4,0.15384615384615385,15,17
COL17A1,0,4,0.11538461538461539,16,15
SFTA2,0,4,0.16666666666666666,15,15
HIGD1B,0,4,0.0,16,15
DPEP1,0,4,0.16666666666666666,15,15
PCP4,0,4,0.11538461538461539,16,15
CSF3,0,4,0.15384615384615385,15,17
TREM2,0,4,0.11538461538461539,16,15
TMEM52B,0,4,0.11538461538461539,16,15
AGR3,0,4,0.07692307692307693,15,15
AQP8,0,4,0.19230769230769232,16,17
ARFGEF3,0,4,0.037037037037037035,15,15
SNCG,0,4,0.21739130434782608,15,15
SLC22A8,0,4,0.19230769230769232,16,17
PEBP4,0,4,0.12,15,15
BBOX1,0,4,0.11538461538461539,16,15
CYP3A4,0,4,0.19230769230769232,16,17
FOXI1,0,4,0.11538461538461539,16,15
S100A12,0,4,0.12,15,15
HPX,0,4,0.0,16,15
LGR5,0,4,0.2727272727272727,15,15
NAT8,0,4,0.034482758620689655,15,17
PCSK2,0,4,0.12,15,15
ASCL1,0,4,0.2727272727272727,15,15
PVALB,0,4,0.2727272727272727,15,15
FCN2,0,4,0.2727272727272727,15,15
GCG,0,4,0.037037037037037035,15,15
CD70,0,4,0.2727272727272727,15,15
UMOD,0,4,0.2727272727272727,15,15
FOXJ1,0,4,0.037037037037037035,15,15
MLPH,0,4,0.2727272727272727,15,15
GLYATL1,0,4,0.2727272727272727,15,15
KRT20,0,4,0.12,15,15
ADH4,0,4,0.2727272727272727,15,15
CA4,0,4,0.037037037037037035,15,15
CDH16,0,4,0.2727272727272727,15,15
AQP2,0,4,0.2727272727272727,15,15
DMBT1,0,4,0.2727272727272727,15,15
CHGA,0,4,0.2727272727272727,15,15
CCL27,0,4,0.2727272727272727,15,15
KNG1,0,4,0.21739130434782608,15,15
PPY,0,4,0.21739130434782608,15,15
MLANA,0,4,0.21739130434782608,15,15
HMGCS2,0,4,0.21739130434782608,15,15
CRHBP,0,4,0.20689655172413793,22,15
TFF2,0,4,0.20689655172413793,22,15
GDF15,0,4,0.6666666666666666,22,15
PDCD1,0,4,0.20689655172413793,22,15
SST,0,4,0.20689655172413793,22,15
INS,0,4,0.20689655172413793,22,15
FOXA1,0,4,0.6666666666666666,22,15
TMEM174,0,4,0.6666666666666666,22,15
TCF15,0,4,0.6666666666666666,22,15
KLK11,0,4,0.6666666666666666,22,15
SPDEF,0,4,0.20689655172413793,22,15
ABCC11,0,4,0.6666666666666666,22,15
HES4,0,4,0.6666666666666666,22,15
C20orf85,0,4,0.6666666666666666,22,15
TAT,0,4,0.6666666666666666,22,15
MYBPC1,0,4,0.6666666666666666,22,15
LY6D,0,4,0.6666666666666666,22,15
UPK3B,0,4,0.6666666666666666,22,15
GPX2,0,4,0.6666666666666666,22,15
RETN,0,4,0.6666666666666666,22,15
KRT7,0,4,0.6666666666666666,22,15
MS4A1,0,5,0.2708333333333333,15,48
CXCR4,0,5,0.2708333333333333,15,48
TRAC,0,5,0.2631578947368421,35,15
PTPRC,0,5,0.06578947368421052,35,48
IL7R,0,5,0.2631578947368421,35,15
BANK1,0,5,0.2708333333333333,15,48
PTGDS,0,5,0.021739130434782608,24,25
CD79A,0,5,0.2708333333333333,15,48
MPEG1,0,5,0.09375,24,48
CYTIP,0,5,0.2631578947368421,35,15
PECAM1,0,5,0.31343283582089554,56,34
SELL,0,5,0.06578947368421052,35,48
IRF8,0,5,0.09375,24,48
CD3E,0,5,0.2631578947368421,35,15
BASP1,0,5,0.2708333333333333,15,48
TCL1A,0,5,0.09375,24,48
CCR7,0,5,0.125,35,21
PCNA,0,5,0.32,20,48
AIF1,0,5,0.4666666666666667,21,25
CD3D,0,5,0.2631578947368421,35,15
FGL2,0,5,0.0,21,15
CD4,0,5,0.4666666666666667,21,25
PLCG2,0,5,0.2708333333333333,15,48
MDM2,0,5,0.32,20,48
CD2,0,5,0.2631578947368421,35,15
MKI67,0,5,0.32,20,48
SERPINB9,0,5,0.0,29,48
MS4A6A,0,5,0.4666666666666667,21,25
CD19,0,5,0.2708333333333333,15,48
TENT5C,0,5,0.32,20,48
CTLA4,0,5,0.2631578947368421,35,15
ACTG2,0,5,0.32,20,48
MZB1,0,5,0.32,20,48
CD28,0,5,0.2631578947368421,35,15
GPR183,0,5,0.10256410256410256,24,21
CD34,0,5,0.31343283582089554,56,34
KLRB1,0,5,0.2631578947368421,35,15
CD247,0,5,0.2631578947368421,35,15
MYC,0,5,0.061224489795918366,35,19
CXCL2,0,5,0.0,56,15
C1orf162,0,5,0.10256410256410256,24,21
CD83,0,5,0.2708333333333333,15,48
CD69,0,5,0.061224489795918366,35,19
ADAM28,0,5,0.2708333333333333,15,48
CCL5,0,5,0.125,35,21
BCL2L11,0,5,0.32,20,48
TFPI,0,5,0.056338028169014086,56,21
CXCL9,0,5,0.044444444444444446,15,34
PRDM1,0,5,0.32,20,48
TNC,0,5,0.056338028169014086,56,21
LYVE1,0,5,0.0,56,15
VWF,0,5,0.31343283582089554,56,34
IGSF6,0,5,0.4666666666666667,21,25
CD5L,0,5,0.0,21,15
CD1C,0,5,0.09375,24,48
MEF2C,0,5,0.2708333333333333,15,48
MMRN1,0,5,0.045454545454545456,56,15
PLA2G7,0,5,0.4666666666666667,21,25
GNLY,0,5,0.02127659574468085,35,15
LAMP3,0,5,0.0,15,15
TCF4,0,5,0.09375,24,48
GLIPR1,0,5,0.10256410256410256,24,21
CD27,0,5,0.03125,20,15
CD163,0,5,0.0,21,15
SLAMF7,0,5,0.32,20,48
CD8A,0,5,0.125,35,21
SPIB,0,5,0.09375,24,48
MYLK,0,5,0.31343283582089554,56,34
CDK1,0,5,0.32,20,48
ACTA2,0,5,0.31343283582089554,56,34
CAVIN2,0,5,0.13114754098360656,56,15
CAVIN1,0,5,0.31343283582089554,56,34
LY86,0,5,0.2708333333333333,15,48
KLRD1,0,5,0.02127659574468085,35,15
HLA-DQB2,0,5,0.09375,24,48
IL2RA,0,5,0.0,35,25
CCL19,0,5,0.13114754098360656,56,15
TNFRSF9,0,5,0.0,35,15
CLECL1,0,5,0.2708333333333333,15,48
FBN1,0,5,0.06153846153846154,56,15
KCNMA1,0,5,0.4666666666666667,21,25
TNFRSF13B,0,5,0.2708333333333333,15,48
TNFRSF17,0,5,0.32,20,48
MS4A4A,0,5,0.4666666666666667,21,25
GZMK,0,5,0.125,35,21
APOLD1,0,5,0.31343283582089554,56,34
TOP2A,0,5,0.32,20,48
CD68,0,5,0.4666666666666667,21,25
CXCL10,0,5,0.0,15,15
CLEC10A,0,5,0.05714285714285714,24,15
DUSP2,0,5,0.06578947368421052,35,48
MTRNR2L11,0,5,0.06578947368421052,35,48
DNASE1L3,0,5,0.0,24,15
IL3RA,0,5,0.10256410256410256,24,21
RTKN2,0,5,0.06578947368421052,35,48
LILRA4,0,5,0.0,24,15
CTSK,0,5,0.043478260869565216,29,21
C7,0,5,0.0,29,15
ADGRL4,0,5,0.31343283582089554,56,34
SLAMF1,0,5,0.06578947368421052,35,48
PDGFRB,0,5,0.31343283582089554,56,34
DST,0,5,0.4666666666666667,21,25
MMRN2,0,5,0.13114754098360656,56,15
SFRP4,0,5,0.07407407407407407,16,15
CD93,0,5,0.31343283582089554,56,34
FKBP11,0,5,0.32,20,48
CSF2RA,0,5,0.4666666666666667,21,25
GZMA,0,5,0.125,35,21
MNDA,0,5,0.10256410256410256,24,21
PROX1,0,5,0.0,56,15
SH2D3C,0,5,0.045454545454545456,29,19
HAVCR2,0,5,0.4666666666666667,21,25
PLD4,0,5,0.025,24,19
MYH11,0,5,0.009900990099009901,56,48
ADAMTS1,0,5,0.13114754098360656,56,15
CCR2,0,5,0.0,20,15
GNG11,0,5,0.31343283582089554,56,34
CD86,0,5,0.2708333333333333,15,48
FOXP3,0,5,0.2631578947368421,35,15
MARCO,0,5,0.0,56,15
CENPF,0,5,0.32,20,48
GZMB,0,5,0.027777777777777776,24,15
FCGR3A,0,5,0.0,21,34
PRF1,0,5,0.125,35,21
LILRB2,0,5,0.0,21,19
THY1,0,5,0.31343283582089554,56,34
FAS,0,5,0.0,29,25
EDNRB,0,5,0.31343283582089554,56,34
DPT,0,5,0.043478260869565216,29,21
CD14,0,5,0.4666666666666667,21,25
TCIM,0,5,0.06153846153846154,56,15
KLRC1,0,5,0.0,35,15
COCH,0,5,0.043478260869565216,29,21
LTBP2,0,5,0.06153846153846154,56,15
AMY2A,0,5,0.037037037037037035,15,15
FBLN1,0,5,0.0,29,15
SMYD2,0,5,0.10344827586206896,15,19
MRC1,0,5,0.0,21,15
CCNB2,0,5,0.32,20,48
ACKR1,0,5,0.13114754098360656,56,15
ECSCR,0,5,0.31343283582089554,56,34
EGFL7,0,5,0.31343283582089554,56,34
NKG7,0,5,0.125,35,21
PMP22,0,5,0.01282051282051282,56,25
IGF1,0,5,0.4666666666666667,21,25
UBE2C,0,5,0.32,20,48
RBP5,0,5,0.06153846153846154,56,15
PDGFRA,0,5,0.024390243902439025,29,15
BTNL9,0,5,0.31343283582089554,56,34
SLC26A2,0,5,0.061224489795918366,35,19
CLEC14A,0,5,0.31343283582089554,56,34
PPARG,0,5,0.01282051282051282,56,25
THAP2,0,5,0.10344827586206896,15,19
MCF2L,0,5,0.13114754098360656,56,15
INMT,0,5,0.06153846153846154,56,15
CD1E,0,5,0.05714285714285714,24,15
TM4SF18,0,5,0.13114754098360656,56,15
EDN1,0,5,0.31343283582089554,56,34
NPDC1,0,5,0.31343283582089554,56,34
FHL2,0,5,0.045454545454545456,29,19
RGS16,0,5,0.009900990099009901,56,48
FCN1,0,5,0.0,24,34
RAMP2,0,5,0.31343283582089554,56,34
RAPGEF3,0,5,0.31343283582089554,56,34
MEST,0,5,0.10344827586206896,15,19
KIT,0,5,0.0,15,19
GEM,0,5,0.10526315789473684,29,15
VCAN,0,5,0.045454545454545456,29,19
SPI1,0,5,0.025,24,19
FCGR1A,0,5,0.044444444444444446,15,34
DES,0,5,0.07407407407407407,16,15
STEAP4,0,5,0.13114754098360656,56,15
ERG,0,5,0.014492753623188406,56,16
PCOLCE,0,5,0.04878048780487805,29,16
VWA5A,0,5,0.10526315789473684,29,15
COL5A2,0,5,0.056338028169014086,56,21
PTN,0,5,0.10526315789473684,29,15
CFB,0,5,0.10526315789473684,29,15
MET,0,5,0.0,56,19
CAV1,0,5,0.31343283582089554,56,34
GATM,0,5,0.10344827586206896,15,19
OGN,0,5,0.0,16,15
PDPN,0,5,0.10526315789473684,29,15
MFAP5,0,5,0.02127659574468085,16,34
MALL,0,5,0.014492753623188406,56,16
CLEC4E,0,5,0.021739130434782608,24,25
RIDA,0,5,0.0,15,48
CRISPLD2,0,5,0.056338028169014086,56,21
ELF5,0,5,0.044444444444444446,15,34
GHRL,0,5,0.4666666666666667,21,25
SEMA3C,0,5,0.07407407407407407,16,15
CPA3,0,5,0.03571428571428571,15,16
SRPX,0,5,0.10526315789473684,29,15
VSIG4,0,5,0.0,16,15
NTN4,0,5,0.045454545454545456,56,15
FSTL3,0,5,0.1111111111111111,16,16
ANPEP,0,5,0.027777777777777776,24,15
CFHR3,0,5,0.10526315789473684,29,15
GYPA,0,5,0.07407407407407407,16,15
APOBEC3A,0,5,0.32,20,48
AQP3,0,5,0.03125,20,15
ANGPT2,0,5,0.10526315789473684,29,15
APCDD1,0,5,0.024390243902439025,29,15
SLC4A1,0,5,0.044444444444444446,15,34
SFRP2,0,5,0.07407407407407407,16,15
DERL3,0,5,0.061224489795918366,35,19
CD274,0,5,0.0,15,25
CXCL6,0,5,0.0,15,15
IL1R2,0,5,0.05714285714285714,24,15
CYP4B1,0,5,0.10526315789473684,29,15
SOX17,0,5,0.056338028169014086,56,21
LIF,0,5,0.0,15,15
ASPN,0,5,0.1111111111111111,16,16
LILRB4,0,5,0.4666666666666667,21,25
CNN1,0,5,0.12,15,15
MS4A2,0,5,0.037037037037037035,15,15
BMX,0,5,0.045454545454545456,56,15
ADGRE1,0,5,0.07407407407407407,16,15
LAG3,0,5,0.0,35,34
CYP2A7,0,5,0.0,15,15
EHF,0,5,0.0,15,15
GPC3,0,5,0.03571428571428571,16,15
SMIM24,0,5,0.1111111111111111,16,16
RERGL,0,5,0.0,29,15
SOX2,0,5,0.06451612903225806,16,19
ESR1,0,5,0.037037037037037035,15,15
STC1,0,5,0.045454545454545456,56,15
HEMGN,0,5,0.044444444444444446,15,34
BAMBI,0,5,0.03571428571428571,16,15
MEDAG,0,5,0.0,16,15
HEPACAM2,0,5,0.03571428571428571,16,15
FCER1A,0,5,0.0,16,15
PLIN4,0,5,0.12,15,15
FXYD2,0,5,0.0,35,15
SERPINB3,0,5,0.03571428571428571,16,15
PLAC9,0,5,0.044444444444444446,15,34
ALAS2,0,5,0.11538461538461539,16,15
EPCAM,0,5,0.1111111111111111,16,16
AHSP,0,5,0.11538461538461539,16,15
SNCA,0,5,0.0,15,15
RND1,0,5,0.06451612903225806,16,19
ASCL3,0,5,0.0,16,15
CLCA1,0,5,0.07692307692307693,15,15
CFAP53,0,5,0.07692307692307693,15,15
STC2,0,5,0.0,29,15
ALDH1A3,0,5,0.0,16,15
CFHR1,0,5,0.0,29,15
TMEM100,0,5,0.0,16,15
CD1A,0,5,0.03571428571428571,16,15
PPP1R1A,0,5,0.037037037037037035,15,15
IL1RL1,0,5,0.0,15,15
TSPAN19,0,5,0.03571428571428571,15,16
CYP1A1,0,5,0.10526315789473684,29,15
FGFBP2,0,5,0.07692307692307693,15,15
EGFR,0,5,0.04878048780487805,29,16
CYP2F1,0,5,0.02127659574468085,16,34
SNTN,0,5,0.07142857142857142,16,16
TIMP4,0,5,0.0,16,15
GATA2,0,5,0.04878048780487805,29,16
HAMP,0,5,0.0,15,25
PPP1R1B,0,5,0.03571428571428571,16,15
ADH1C,0,5,0.03571428571428571,16,15
CCDC39,0,5,0.0,15,15
CFTR,0,5,0.03571428571428571,16,15
TMC5,0,5,0.06451612903225806,16,19
PGR,0,5,0.0,16,15
AGER,0,5,0.07142857142857142,16,16
MAMDC2,0,5,0.037037037037037035,15,15
AR,0,5,0.0,16,15
C15orf48,0,5,0.0,16,34
S100A1,0,5,0.03571428571428571,16,15
SOX18,0,5,0.13114754098360656,56,15
SNAI1,0,5,0.03571428571428571,16,15
CLIC6,0,5,0.11538461538461539,16,15
SLC26A3,0,5,0.11538461538461539,16,15
TM4SF4,0,5,0.07142857142857142,16,16
THBS2,0,5,0.07407407407407407,16,15
AQP9,0,5,0.07407407407407407,16,15
SLC18A2,0,5,0.07692307692307693,15,15
ERBB2,0,5,0.07407407407407407,16,15
GPC1,0,5,0.0,16,21
TAC1,0,5,0.07407407407407407,16,15
FGFBP1,0,5,0.11538461538461539,16,15
C6orf118,0,5,0.03571428571428571,16,15
APOA5,0,5,0.034482758620689655,16,16
DNAAF1,0,5,0.03571428571428571,16,15
ACE2,0,5,0.0,16,15
CLCA2,0,5,0.11538461538461539,16,15
MCEMP1,0,5,0.034482758620689655,16,16
TBX3,0,5,0.0,29,15
CYP2B6,0,5,0.03571428571428571,16,15
SCGN,0,5,0.03571428571428571,16,15
OPRPN,0,5,0.03571428571428571,16,15
CD300E,0,5,0.07407407407407407,16,15
CAPN8,0,5,0.03571428571428571,16,15
SCGB2A1,0,5,0.03571428571428571,16,15
GPRC5A,0,5,0.07407407407407407,16,15
CCDC78,0,5,0.0,16,25
CTSG,0,5,0.7727272727272727,22,19
ADIPOQ,0,5,0.0,15,15
C1orf194,0,5,0.12,15,15
LILRA5,0,5,0.0,16,15
HPGDS,0,5,0.037037037037037035,15,15
KCNK3,0,5,0.07407407407407407,16,15
LPL,0,5,0.0,16,25
GYPB,0,5,0.037037037037037035,15,15
GKN2,0,5,0.11538461538461539,16,15
C5orf46,0,5,0.11538461538461539,16,15
SELE,0,5,0.07692307692307693,15,15
SERPINB2,0,5,0.07692307692307693,15,15
DIRAS3,0,5,0.037037037037037035,15,15
PRG4,0,5,0.07407407407407407,16,15
LGI4,0,5,0.12,15,15
COL17A1,0,5,0.07407407407407407,16,15
SFTA2,0,5,0.07692307692307693,15,15
HIGD1B,0,5,0.03571428571428571,16,15
DPEP1,0,5,0.12,15,15
PCP4,0,5,0.03571428571428571,16,15
CSF3,0,5,0.037037037037037035,15,15
TREM2,0,5,0.03571428571428571,16,15
TMEM52B,0,5,0.0,16,15
AGR3,0,5,0.037037037037037035,15,15
AQP8,0,5,0.07407407407407407,16,15
ARFGEF3,0,5,0.07692307692307693,15,15
SNCG,0,5,0.07692307692307693,15,15
SLC22A8,0,5,0.07407407407407407,16,15
PEBP4,0,5,0.037037037037037035,15,15
BBOX1,0,5,0.07407407407407407,16,15
CYP3A4,0,5,0.07407407407407407,16,15
FOXI1,0,5,0.07407407407407407,16,15
S100A12,0,5,0.07692307692307693,15,15
HPX,0,5,0.07407407407407407,16,15
LGR5,0,5,0.037037037037037035,15,15
NAT8,0,5,0.037037037037037035,15,15
PCSK2,0,5,0.0,15,15
ASCL1,0,5,0.07692307692307693,15,15
PVALB,0,5,0.037037037037037035,15,15
FCN2,0,5,0.07692307692307693,15,15
GCG,0,5,0.12,15,15
CD70,0,5,0.07692307692307693,15,15
UMOD,0,5,0.0,15,15
FOXJ1,0,5,0.21739130434782608,15,15
MLPH,0,5,0.07692307692307693,15,15
GLYATL1,0,5,0.0,15,15
KRT20,0,5,0.07692307692307693,15,15
ADH4,0,5,0.12,15,15
CA4,0,5,0.07692307692307693,15,15
CDH16,0,5,0.21739130434782608,15,15
AQP2,0,5,0.07692307692307693,15,15
DMBT1,0,5,0.21739130434782608,15,15
CHGA,0,5,0.12,15,15
CCL27,0,5,0.21739130434782608,15,15
KNG1,0,5,0.21739130434782608,15,15
PPY,0,5,0.0,15,19
MLANA,0,5,0.07692307692307693,15,15
HMGCS2,0,5,0.21739130434782608,15,15
CRHBP,0,5,0.7727272727272727,22,19
TFF2,0,5,0.06060606060606061,22,15
GDF15,0,5,0.06060606060606061,22,15
PDCD1,0,5,0.0,22,15
SST,0,5,0.06060606060606061,22,15
INS,0,5,0.7727272727272727,22,19
FOXA1,0,5,0.7727272727272727,22,19
TMEM174,0,5,0.7727272727272727,22,19
TCF15,0,5,0.7727272727272727,22,19
KLK11,0,5,0.7727272727272727,22,19
SPDEF,0,5,0.7727272727272727,22,19
ABCC11,0,5,0.7727272727272727,22,19
HES4,0,5,0.7727272727272727,22,19
C20orf85,0,5,0.7727272727272727,22,19
TAT,0,5,0.7727272727272727,22,19
MYBPC1,0,5,0.7727272727272727,22,19
LY6D,0,5,0.7727272727272727,22,19
UPK3B,0,5,0.7727272727272727,22,19
GPX2,0,5,0.7727272727272727,22,19
RETN,0,5,0.7727272727272727,22,19
KRT7,0,5,0.7727272727272727,22,19
MS4A1,1,2,0.2702702702702703,15,34
CXCR4,1,2,0.2702702702702703,15,34
TRAC,1,2,0.5384615384615384,16,26
PTPRC,1,2,0.5384615384615384,16,26
IL7R,1,2,0.5384615384615384,16,26
BANK1,1,2,0.2702702702702703,15,34
PTGDS,1,2,0.3103448275862069,19,59
CD79A,1,2,0.2702702702702703,15,34
MPEG1,1,2,0.3103448275862069,19,59
CYTIP,1,2,0.5384615384615384,16,26
PECAM1,1,2,0.46875,41,55
SELL,1,2,0.0,16,34
IRF8,1,2,0.3103448275862069,19,59
CD3E,1,2,0.5384615384615384,16,26
BASP1,1,2,0.02857142857142857,15,59
TCL1A,1,2,0.3103448275862069,19,59
CCR7,1,2,0.5384615384615384,16,26
PCNA,1,2,0.48484848484848486,17,34
AIF1,1,2,0.2413793103448276,15,59
CD3D,1,2,0.5384615384615384,16,26
FGL2,1,2,0.2413793103448276,15,59
CD4,1,2,0.2413793103448276,15,59
PLCG2,1,2,0.2702702702702703,15,34
MDM2,1,2,0.48484848484848486,17,34
CD2,1,2,0.5384615384615384,16,26
MKI67,1,2,0.48484848484848486,17,34
SERPINB9,1,2,0.16901408450704225,30,55
MS4A6A,1,2,0.2413793103448276,15,59
CD19,1,2,0.2702702702702703,15,34
TENT5C,1,2,0.48484848484848486,17,34
CTLA4,1,2,0.5384615384615384,16,26
ACTG2,1,2,0.48484848484848486,17,34
MZB1,1,2,0.48484848484848486,17,34
CD28,1,2,0.5384615384615384,16,26
GPR183,1,2,0.3103448275862069,19,59
CD34,1,2,0.46875,41,55
KLRB1,1,2,0.25806451612903225,15,26
CD247,1,2,0.5384615384615384,16,26
MYC,1,2,0.0,17,55
CXCL2,1,2,0.16901408450704225,30,55
C1orf162,1,2,0.15625,17,59
CD83,1,2,0.02857142857142857,15,59
CD69,1,2,0.025,17,26
ADAM28,1,2,0.2702702702702703,15,34
CCL5,1,2,0.25806451612903225,15,26
BCL2L11,1,2,0.06818181818181818,15,34
TFPI,1,2,0.46875,41,55
CXCL9,1,2,0.3103448275862069,19,59
PRDM1,1,2,0.48484848484848486,17,34
TNC,1,2,0.030303030303030304,15,55
LYVE1,1,2,0.16901408450704225,30,55
VWF,1,2,0.46875,41,55
IGSF6,1,2,0.2413793103448276,15,59
CD5L,1,2,0.2413793103448276,15,59
CD1C,1,2,0.15625,17,59
MEF2C,1,2,0.2702702702702703,15,34
MMRN1,1,2,0.46875,41,55
PLA2G7,1,2,0.2413793103448276,15,59
GNLY,1,2,0.25806451612903225,15,26
LAMP3,1,2,0.02857142857142857,15,59
TCF4,1,2,0.031578947368421054,41,59
GLIPR1,1,2,0.2413793103448276,15,59
CD27,1,2,0.48484848484848486,17,34
CD163,1,2,0.2413793103448276,15,59
SLAMF7,1,2,0.48484848484848486,17,34
CD8A,1,2,0.5384615384615384,16,26
SPIB,1,2,0.3103448275862069,19,59
MYLK,1,2,0.1935483870967742,15,24
CDK1,1,2,0.48484848484848486,17,34
ACTA2,1,2,0.1935483870967742,15,24
CAVIN2,1,2,0.46875,41,55
CAVIN1,1,2,0.46875,41,55
LY86,1,2,0.2702702702702703,15,34
KLRD1,1,2,0.25806451612903225,15,26
HLA-DQB2,1,2,0.15625,17,59
IL2RA,1,2,0.5384615384615384,16,26
CCL19,1,2,0.1935483870967742,15,24
TNFRSF9,1,2,0.0,15,55
CLECL1,1,2,0.2702702702702703,15,34
FBN1,1,2,0.46875,41,55
KCNMA1,1,2,0.2413793103448276,15,59
TNFRSF13B,1,2,0.2702702702702703,15,34
TNFRSF17,1,2,0.48484848484848486,17,34
MS4A4A,1,2,0.2413793103448276,15,59
GZMK,1,2,0.25806451612903225,15,26
APOLD1,1,2,0.46875,41,55
TOP2A,1,2,0.48484848484848486,17,34
CD68,1,2,0.2413793103448276,15,59
CXCL10,1,2,0.3103448275862069,19,59
CLEC10A,1,2,0.15625,17,59
DUSP2,1,2,0.025,17,26
MTRNR2L11,1,2,0.06818181818181818,15,34
DNASE1L3,1,2,0.031578947368421054,41,59
IL3RA,1,2,0.3103448275862069,19,59
RTKN2,1,2,0.5384615384615384,16,26
LILRA4,1,2,0.3103448275862069,19,59
CTSK,1,2,0.15555555555555556,30,24
C7,1,2,0.15555555555555556,30,24
ADGRL4,1,2,0.46875,41,55
SLAMF1,1,2,0.0,15,15
PDGFRB,1,2,0.1935483870967742,15,24
DST,1,2,0.0,15,59
MMRN2,1,2,0.46875,41,55
SFRP4,1,2,0.21739130434782608,15,15
CD93,1,2,0.46875,41,55
FKBP11,1,2,0.48484848484848486,17,34
CSF2RA,1,2,0.15625,17,59
GZMA,1,2,0.25806451612903225,15,26
MNDA,1,2,0.15625,17,59
PROX1,1,2,0.16901408450704225,30,55
SH2D3C,1,2,0.014925373134328358,15,55
HAVCR2,1,2,0.2413793103448276,15,59
PLD4,1,2,0.3103448275862069,19,59
MYH11,1,2,0.0,41,15
ADAMTS1,1,2,0.1935483870967742,15,24
CCR2,1,2,0.48484848484848486,17,34
GNG11,1,2,0.46875,41,55
CD86,1,2,0.3103448275862069,19,59
FOXP3,1,2,0.5384615384615384,16,26
MARCO,1,2,0.16901408450704225,30,55
CENPF,1,2,0.48484848484848486,17,34
GZMB,1,2,0.3103448275862069,19,59
FCGR3A,1,2,0.15625,17,59
PRF1,1,2,0.25806451612903225,15,26
LILRB2,1,2,0.2413793103448276,15,59
THY1,1,2,0.46875,41,55
FAS,1,2,0.05714285714285714,15,24
EDNRB,1,2,0.16901408450704225,30,55
DPT,1,2,0.15555555555555556,30,24
CD14,1,2,0.3103448275862069,19,59
TCIM,1,2,0.03278688524590164,41,24
KLRC1,1,2,0.25806451612903225,15,26
COCH,1,2,0.10256410256410256,30,15
LTBP2,1,2,0.16901408450704225,30,55
AMY2A,1,2,0.16901408450704225,30,55
FBLN1,1,2,0.15555555555555556,30,24
SMYD2,1,2,0.16901408450704225,30,55
MRC1,1,2,0.15625,17,59
CCNB2,1,2,0.48484848484848486,17,34
ACKR1,1,2,0.46875,41,55
ECSCR,1,2,0.46875,41,55
EGFL7,1,2,0.46875,41,55
NKG7,1,2,0.25806451612903225,15,26
PMP22,1,2,0.030303030303030304,15,55
IGF1,1,2,0.3103448275862069,19,59
UBE2C,1,2,0.48484848484848486,17,34
RBP5,1,2,0.46875,41,55
PDGFRA,1,2,0.15555555555555556,30,24
BTNL9,1,2,0.030303030303030304,15,55
SLC26A2,1,2,0.16901408450704225,30,55
CLEC14A,1,2,0.46875,41,55
PPARG,1,2,0.031578947368421054,41,59
THAP2,1,2,0.10256410256410256,30,15
MCF2L,1,2,0.46875,41,55
INMT,1,2,0.03278688524590164,41,24
CD1E,1,2,0.15625,17,59
TM4SF18,1,2,0.46875,41,55
EDN1,1,2,0.46875,41,55
NPDC1,1,2,0.46875,41,55
FHL2,1,2,0.15555555555555556,30,24
RGS16,1,2,0.16901408450704225,30,55
FCN1,1,2,0.15625,17,59
RAMP2,1,2,0.46875,41,55
RAPGEF3,1,2,0.46875,41,55
MEST,1,2,0.16901408450704225,30,55
KIT,1,2,0.0,41,15
GEM,1,2,0.15555555555555556,30,24
VCAN,1,2,0.0,15,24
SPI1,1,2,0.3103448275862069,19,59
FCGR1A,1,2,0.011627906976744186,30,59
DES,1,2,0.21739130434782608,15,15
STEAP4,1,2,0.0,15,15
ERG,1,2,0.46875,41,55
PCOLCE,1,2,0.15555555555555556,30,24
VWA5A,1,2,0.0,15,15
COL5A2,1,2,0.03278688524590164,41,24
PTN,1,2,0.027777777777777776,15,24
CFB,1,2,0.46875,41,55
MET,1,2,0.46875,41,55
CAV1,1,2,0.46875,41,55
GATM,1,2,0.014084507042253521,15,59
OGN,1,2,0.12,15,15
PDPN,1,2,0.16901408450704225,30,55
MFAP5,1,2,0.0,15,15
MALL,1,2,0.46875,41,55
CLEC4E,1,2,0.15625,17,59
RIDA,1,2,0.10256410256410256,30,15
CRISPLD2,1,2,0.1935483870967742,15,24
ELF5,1,2,0.0,30,15
GHRL,1,2,0.2413793103448276,15,59
SEMA3C,1,2,0.10256410256410256,30,15
CPA3,1,2,0.2727272727272727,15,15
SRPX,1,2,0.05714285714285714,15,24
VSIG4,1,2,0.014084507042253521,15,59
NTN4,1,2,0.031578947368421054,41,59
FSTL3,1,2,0.05714285714285714,15,24
ANPEP,1,2,0.3103448275862069,19,59
CFHR3,1,2,0.1935483870967742,15,24
GYPA,1,2,0.12,15,15
APOBEC3A,1,2,0.0,17,15
AQP3,1,2,0.06818181818181818,15,34
ANGPT2,1,2,0.46875,41,55
APCDD1,1,2,0.12,15,15
SLC4A1,1,2,0.0,15,18
SFRP2,1,2,0.07692307692307693,15,15
DERL3,1,2,0.0,15,15
CD274,1,2,0.014084507042253521,15,59
CXCL6,1,2,0.12,15,15
IL1R2,1,2,0.3103448275862069,19,59
CYP4B1,1,2,0.16666666666666666,15,15
SOX17,1,2,0.0,15,15
LIF,1,2,0.0,15,34
ASPN,1,2,0.027777777777777776,15,24
LILRB4,1,2,0.3103448275862069,19,59
CNN1,1,2,0.0,15,15
MS4A2,1,2,0.2727272727272727,15,15
BMX,1,2,0.014925373134328358,15,55
ADGRE1,1,2,0.014084507042253521,15,59
LAG3,1,2,0.06818181818181818,15,34
CYP2A7,1,2,0.12,15,15
EHF,1,2,0.011627906976744186,30,59
GPC3,1,2,0.037037037037037035,15,15
SMIM24,1,2,0.12,15,15
RERGL,1,2,0.07692307692307693,15,15
SOX2,1,2,0.0,30,15
ESR1,1,2,0.10256410256410256,30,15
STC1,1,2,0.07692307692307693,15,15
HEMGN,1,2,0.037037037037037035,15,15
BAMBI,1,2,0.0,15,55
MEDAG,1,2,0.21739130434782608,15,15
HEPACAM2,1,2,0.21739130434782608,15,15
FCER1A,1,2,0.16666666666666666,15,15
PLIN4,1,2,0.21739130434782608,15,15
FXYD2,1,2,0.0,17,15
SERPINB3,1,2,0.21739130434782608,15,15
PLAC9,1,2,0.12,15,15
ALAS2,1,2,0.10714285714285714,15,18
EPCAM,1,2,0.07692307692307693,15,15
AHSP,1,2,0.0,15,18
SNCA,1,2,0.0,41,15
RND1,1,2,0.21739130434782608,15,15
ASCL3,1,2,0.07692307692307693,15,15
CLCA1,1,2,0.07692307692307693,15,15
CFAP53,1,2,0.16666666666666666,15,15
STC2,1,2,0.0,15,55
ALDH1A3,1,2,0.12,15,15
CFHR1,1,2,0.037037037037037035,15,15
TMEM100,1,2,0.21739130434782608,15,15
CD1A,1,2,0.15384615384615385,17,15
PPP1R1A,1,2,0.0,17,15
IL1RL1,1,2,0.2727272727272727,15,15
TSPAN19,1,2,0.037037037037037035,15,15
CYP1A1,1,2,0.07692307692307693,15,15
FGFBP2,1,2,0.0,17,15
EGFR,1,2,0.0,15,15
CYP2F1,1,2,0.0,15,15
SNTN,1,2,0.21739130434782608,15,15
TIMP4,1,2,0.12,15,15
GATA2,1,2,0.0,15,15
HAMP,1,2,0.0,15,15
PPP1R1B,1,2,0.12,15,15
ADH1C,1,2,0.15384615384615385,17,15
CCDC39,1,2,0.15384615384615385,17,15
CFTR,1,2,0.0,17,15
TMC5,1,2,0.16666666666666666,15,15
PGR,1,2,0.15384615384615385,17,15
AGER,1,2,0.12,15,15
MAMDC2,1,2,0.06896551724137931,15,18
AR,1,2,0.16666666666666666,15,15
C15orf48,1,2,0.0,15,15
S100A1,1,2,0.07142857142857142,17,15
SOX18,1,2,0.0,15,15
SNAI1,1,2,0.12,15,15
CLIC6,1,2,0.17857142857142858,17,18
SLC26A3,1,2,0.17857142857142858,17,18
TM4SF4,1,2,0.07142857142857142,17,15
THBS2,1,2,0.06896551724137931,15,18
AQP9,1,2,0.17857142857142858,17,18
SLC18A2,1,2,0.2727272727272727,15,15
ERBB2,1,2,0.0,15,15
GPC1,1,2,0.17857142857142858,17,18
TAC1,1,2,0.2727272727272727,15,15
FGFBP1,1,2,0.15384615384615385,17,15
C6orf118,1,2,0.10714285714285714,15,18
APOA5,1,2,0.10714285714285714,15,18
DNAAF1,1,2,0.17857142857142858,17,18
ACE2,1,2,0.17857142857142858,17,18
CLCA2,1,2,0.2727272727272727,15,15
MCEMP1,1,2,0.10714285714285714,15,18
TBX3,1,2,0.03333333333333333,15,18
CYP2B6,1,2,0.07692307692307693,15,15
SCGN,1,2,0.07142857142857142,17,15
OPRPN,1,2,0.0,17,55
CD300E,1,2,0.0,15,18
CAPN8,1,2,0.07692307692307693,15,15
SCGB2A1,1,2,0.07692307692307693,15,15
GPRC5A,1,2,0.21739130434782608,15,15
CCDC78,1,2,0.06896551724137931,15,18
CTSG,1,2,0.0,24,15
ADIPOQ,1,2,0.21739130434782608,15,15
C1orf194,1,2,0.0,15,55
LILRA5,1,2,0.21739130434782608,15,15
HPGDS,1,2,0.2727272727272727,15,15
KCNK3,1,2,0.21739130434782608,15,15
LPL,1,2,0.0,15,15
GYPB,1,2,0.21739130434782608,15,15
GKN2,1,2,0.21739130434782608,15,15
C5orf46,1,2,0.12,15,15
SELE,1,2,0.07692307692307693,15,15
SERPINB2,1,2,0.21739130434782608,15,15
DIRAS3,1,2,0.07692307692307693,15,15
PRG4,1,2,0.2608695652173913,16,15
LGI4,1,2,0.0,15,15
COL17A1,1,2,0.12,15,15
SFTA2,1,2,0.12,15,15
HIGD1B,1,2,0.07692307692307693,15,15
DPEP1,1,2,0.12,15,15
PCP4,1,2,0.07692307692307693,15,15
CSF3,1,2,0.07407407407407407,16,15
TREM2,1,2,0.21739130434782608,15,15
TMEM52B,1,2,0.07407407407407407,16,15
AGR3,1,2,0.21739130434782608,15,15
AQP8,1,2,0.21739130434782608,15,15
ARFGEF3,1,2,0.03333333333333333,15,18
SNCG,1,2,0.0,15,15
SLC22A8,1,2,0.2608695652173913,16,15
PEBP4,1,2,0.2608695652173913,16,15
BBOX1,1,2,0.20833333333333334,16,15
CYP3A4,1,2,0.07692307692307693,15,15
FOXI1,1,2,0.07407407407407407,16,15
S100A12,1,2,0.0,15,15
HPX,1,2,0.2608695652173913,16,15
LGR5,1,2,0.07692307692307693,15,15
NAT8,1,2,0.20833333333333334,16,15
PCSK2,1,2,0.2608695652173913,16,15
ASCL1,1,2,0.07692307692307693,15,15
PVALB,1,2,0.2608695652173913,16,15
FCN2,1,2,0.0,15,15
GCG,1,2,0.20833333333333334,16,15
CD70,1,2,0.07692307692307693,15,15
UMOD,1,2,0.20833333333333334,16,15
FOXJ1,1,2,0.20833333333333334,16,15
MLPH,1,2,0.2608695652173913,16,15
GLYATL1,1,2,0.21739130434782608,15,15
KRT20,1,2,0.20833333333333334,16,15
ADH4,1,2,0.21739130434782608,15,15
CA4,1,2,0.7142857142857143,24,26
CDH16,1,2,0.21739130434782608,15,15
AQP2,1,2,0.21739130434782608,15,15
DMBT1,1,2,0.21739130434782608,15,15
CHGA,1,2,0.11428571428571428,15,26
CCL27,1,2,0.11428571428571428,15,26
KNG1,1,2,0.11428571428571428,15,26
PPY,1,2,0.11428571428571428,15,26
MLANA,1,2,0.7142857142857143,24,26
HMGCS2,1,2,0.11428571428571428,15,26
CRHBP,1,2,0.027777777777777776,24,15
TFF2,1,2,0.7142857142857143,24,26
GDF15,1,2,0.027777777777777776,24,15
PDCD1,1,2,0.7142857142857143,24,26
SST,1,2,0.7142857142857143,24,26
INS,1,2,0.7142857142857143,24,26
FOXA1,1,2,0.7142857142857143,24,26
TMEM174,1,2,0.7142857142857143,24,26
TCF15,1,2,0.7142857142857143,24,26
KLK11,1,2,0.7142857142857143,24,26
SPDEF,1,2,0.7142857142857143,24,26
ABCC11,1,2,0.7142857142857143,24,26
HES4,1,2,0.7142857142857143,24,26
C20orf85,1,2,0.7142857142857143,24,26
TAT,1,2,0.7142857142857143,24,26
MYBPC1,1,2,0.7142857142857143,24,26
LY6D,1,2,0.7142857142857143,24,26
UPK3B,1,2,0.7142857142857143,24,26
GPX2,1,2,0.7142857142857143,24,26
RETN,1,2,0.7142857142857143,24,26
KRT7,1,2,0.7142857142857143,24,26
MS4A1,1,3,0.2894736842105263,15,36
CXCR4,1,3,0.2894736842105263,15,36
TRAC,1,3,0.4,16,28
PTPRC,1,3,0.02040816326530612,16,36
IL7R,1,3,0.4,16,28
BANK1,1,3,0.2894736842105263,15,36
PTGDS,1,3,0.07142857142857142,19,28
CD79A,1,3,0.2894736842105263,15,36
MPEG1,1,3,0.07142857142857142,19,28
CYTIP,1,3,0.4,16,28
PECAM1,1,3,0.03076923076923077,41,28
SELL,1,3,0.02040816326530612,16,36
IRF8,1,3,0.07142857142857142,19,28
CD3E,1,3,0.4,16,28
BASP1,1,3,0.2894736842105263,15,36
TCL1A,1,3,0.06,19,36
CCR7,1,3,0.4,16,28
PCNA,1,3,0.34210526315789475,17,36
AIF1,1,3,0.28125,15,28
CD3D,1,3,0.4,16,28
FGL2,1,3,0.28125,15,28
CD4,1,3,0.025,15,28
PLCG2,1,3,0.2894736842105263,15,36
MDM2,1,3,0.34210526315789475,17,36
CD2,1,3,0.4,16,28
MKI67,1,3,0.34210526315789475,17,36
SERPINB9,1,3,0.05660377358490566,30,28
MS4A6A,1,3,0.28125,15,28
CD19,1,3,0.2894736842105263,15,36
TENT5C,1,3,0.34210526315789475,17,36
CTLA4,1,3,0.4,16,28
ACTG2,1,3,0.34210526315789475,17,36
MZB1,1,3,0.34210526315789475,17,36
CD28,1,3,0.4,16,28
GPR183,1,3,0.0,19,28
CD34,1,3,0.08,41,15
KLRB1,1,3,0.05128205128205128,15,28
CD247,1,3,0.4,16,28
MYC,1,3,0.04878048780487805,17,28
CXCL2,1,3,0.0,30,15
C1orf162,1,3,0.04878048780487805,17,28
CD83,1,3,0.0,15,28
CD69,1,3,0.04878048780487805,17,28
ADAM28,1,3,0.2894736842105263,15,36
CCL5,1,3,0.3333333333333333,15,15
BCL2L11,1,3,0.05128205128205128,15,28
TFPI,1,3,0.058823529411764705,41,15
CXCL9,1,3,0.0,19,15
PRDM1,1,3,0.023809523809523808,17,28
TNC,1,3,0.16666666666666666,15,15
LYVE1,1,3,0.0,30,15
VWF,1,3,0.10204081632653061,41,15
IGSF6,1,3,0.28125,15,28
CD5L,1,3,0.0,15,15
CD1C,1,3,0.02,17,36
MEF2C,1,3,0.2894736842105263,15,36
MMRN1,1,3,0.058823529411764705,41,15
PLA2G7,1,3,0.28125,15,28
GNLY,1,3,0.3333333333333333,15,15
LAMP3,1,3,0.0,15,15
TCF4,1,3,0.0,41,36
GLIPR1,1,3,0.025,15,28
CD27,1,3,0.023809523809523808,17,28
CD163,1,3,0.0,15,15
SLAMF7,1,3,0.34210526315789475,17,36
CD8A,1,3,0.0,16,15
SPIB,1,3,0.07142857142857142,19,28
MYLK,1,3,0.16666666666666666,15,15
CDK1,1,3,0.34210526315789475,17,36
ACTA2,1,3,0.03571428571428571,15,16
CAVIN2,1,3,0.0,41,15
CAVIN1,1,3,0.08,41,15
LY86,1,3,0.2894736842105263,15,36
KLRD1,1,3,0.3333333333333333,15,15
HLA-DQB2,1,3,0.02,17,36
IL2RA,1,3,0.4,16,28
CCL19,1,3,0.16666666666666666,15,15
TNFRSF9,1,3,0.025,15,28
CLECL1,1,3,0.2894736842105263,15,36
FBN1,1,3,0.03076923076923077,41,28
KCNMA1,1,3,0.28125,15,28
TNFRSF13B,1,3,0.2894736842105263,15,36
TNFRSF17,1,3,0.34210526315789475,17,36
MS4A4A,1,3,0.28125,15,28
GZMK,1,3,0.3333333333333333,15,15
APOLD1,1,3,0.058823529411764705,41,15
TOP2A,1,3,0.34210526315789475,17,36
CD68,1,3,0.28125,15,28
CXCL10,1,3,0.03225806451612903,19,15
CLEC10A,1,3,0.03225806451612903,17,17
DUSP2,1,3,0.04878048780487805,17,28
MTRNR2L11,1,3,0.025,15,28
DNASE1L3,1,3,0.038461538461538464,41,15
IL3RA,1,3,0.0,19,15
RTKN2,1,3,0.4,16,28
LILRA4,1,3,0.06,19,36
CTSK,1,3,0.05660377358490566,30,28
C7,1,3,0.04878048780487805,30,15
ADGRL4,1,3,0.08,41,15
SLAMF1,1,3,0.05128205128205128,15,28
PDGFRB,1,3,0.16666666666666666,15,15
DST,1,3,0.0,15,28
MMRN2,1,3,0.03076923076923077,41,28
SFRP4,1,3,0.0,15,15
CD93,1,3,0.10204081632653061,41,15
FKBP11,1,3,0.34210526315789475,17,36
CSF2RA,1,3,0.04878048780487805,17,28
GZMA,1,3,0.3333333333333333,15,15
MNDA,1,3,0.04878048780487805,17,28
PROX1,1,3,0.023809523809523808,30,15
SH2D3C,1,3,0.0,15,28
HAVCR2,1,3,0.28125,15,28
PLD4,1,3,0.06,19,36
MYH11,1,3,0.0,41,15
ADAMTS1,1,3,0.0,15,17
CCR2,1,3,0.0,17,15
GNG11,1,3,0.08,41,15
CD86,1,3,0.06,19,36
FOXP3,1,3,0.4,16,28
MARCO,1,3,0.0,30,18
CENPF,1,3,0.34210526315789475,17,36
GZMB,1,3,0.0,19,15
FCGR3A,1,3,0.07142857142857142,17,15
PRF1,1,3,0.3333333333333333,15,15
LILRB2,1,3,0.28125,15,28
THY1,1,3,0.058823529411764705,41,15
FAS,1,3,0.0,15,28
EDNRB,1,3,0.04878048780487805,30,15
DPT,1,3,0.0,30,15
CD14,1,3,0.0,19,15
TCIM,1,3,0.058823529411764705,41,15
KLRC1,1,3,0.3333333333333333,15,15
COCH,1,3,0.0,30,36
LTBP2,1,3,0.13157894736842105,30,15
AMY2A,1,3,0.01818181818181818,30,28
FBLN1,1,3,0.0,30,15
SMYD2,1,3,0.01818181818181818,30,28
MRC1,1,3,0.034482758620689655,17,15
CCNB2,1,3,0.34210526315789475,17,36
ACKR1,1,3,0.10204081632653061,41,15
ECSCR,1,3,0.10204081632653061,41,15
EGFL7,1,3,0.0,41,17
NKG7,1,3,0.3333333333333333,15,15
PMP22,1,3,0.16666666666666666,15,15
IGF1,1,3,0.03225806451612903,19,15
UBE2C,1,3,0.34210526315789475,17,36
RBP5,1,3,0.058823529411764705,41,15
PDGFRA,1,3,0.04878048780487805,30,15
BTNL9,1,3,0.03571428571428571,15,16
SLC26A2,1,3,0.05660377358490566,30,28
CLEC14A,1,3,0.01818181818181818,41,17
PPARG,1,3,0.058823529411764705,41,15
THAP2,1,3,0.05660377358490566,30,28
MCF2L,1,3,0.058823529411764705,41,15
INMT,1,3,0.0,41,16
CD1E,1,3,0.07142857142857142,17,15
TM4SF18,1,3,0.08,41,15
EDN1,1,3,0.038461538461538464,41,15
NPDC1,1,3,0.01818181818181818,41,17
FHL2,1,3,0.07317073170731707,30,16
RGS16,1,3,0.07317073170731707,30,16
FCN1,1,3,0.03225806451612903,17,17
RAMP2,1,3,0.08,41,15
RAPGEF3,1,3,0.08,41,15
MEST,1,3,0.13157894736842105,30,15
KIT,1,3,0.01818181818181818,41,17
GEM,1,3,0.13157894736842105,30,15
VCAN,1,3,0.034482758620689655,15,17
SPI1,1,3,0.0,19,16
FCGR1A,1,3,0.13157894736842105,30,15
DES,1,3,0.12,15,15
STEAP4,1,3,0.0,15,17
ERG,1,3,0.01818181818181818,41,17
PCOLCE,1,3,0.04878048780487805,30,15
VWA5A,1,3,0.037037037037037035,15,15
COL5A2,1,3,0.10204081632653061,41,15
PTN,1,3,0.07692307692307693,15,15
CFB,1,3,0.08,41,15
MET,1,3,0.10204081632653061,41,15
CAV1,1,3,0.0,41,16
GATM,1,3,0.037037037037037035,15,15
OGN,1,3,0.0,15,15
PDPN,1,3,0.04878048780487805,30,15
MFAP5,1,3,0.15384615384615385,15,17
MALL,1,3,0.038461538461538464,41,15
CLEC4E,1,3,0.0,17,16
RIDA,1,3,0.13157894736842105,30,15
CRISPLD2,1,3,0.0,15,15
ELF5,1,3,0.13157894736842105,30,15
GHRL,1,3,0.0,15,16
SEMA3C,1,3,0.04878048780487805,30,15
CPA3,1,3,0.037037037037037035,15,15
SRPX,1,3,0.034482758620689655,15,17
VSIG4,1,3,0.0,15,17
NTN4,1,3,0.08,41,15
FSTL3,1,3,0.0,15,15
ANPEP,1,3,0.0,19,16
CFHR3,1,3,0.0,15,15
GYPA,1,3,0.07692307692307693,15,15
APOBEC3A,1,3,0.07142857142857142,17,15
AQP3,1,3,0.0,15,17
ANGPT2,1,3,0.08,41,15
APCDD1,1,3,0.0,15,15
SLC4A1,1,3,0.1111111111111111,15,17
SFRP2,1,3,0.3333333333333333,15,15
DERL3,1,3,0.0,15,16
CD274,1,3,0.0,15,15
CXCL6,1,3,0.07692307692307693,15,15
IL1R2,1,3,0.0,19,17
CYP4B1,1,3,0.0,15,15
SOX17,1,3,0.0,15,16
LIF,1,3,0.15384615384615385,15,17
ASPN,1,3,0.037037037037037035,15,15
LILRB4,1,3,0.0,19,15
CNN1,1,3,0.0,15,16
MS4A2,1,3,0.0,15,17
BMX,1,3,0.0,15,15
ADGRE1,1,3,0.07692307692307693,15,15
LAG3,1,3,0.0,15,17
CYP2A7,1,3,0.07407407407407407,15,16
EHF,1,3,0.023809523809523808,30,15
GPC3,1,3,0.034482758620689655,15,17
SMIM24,1,3,0.07407407407407407,15,16
RERGL,1,3,0.07692307692307693,15,15
SOX2,1,3,0.07317073170731707,30,16
ESR1,1,3,0.07317073170731707,30,16
STC1,1,3,0.0,15,17
HEMGN,1,3,0.1111111111111111,15,17
BAMBI,1,3,0.07692307692307693,15,15
MEDAG,1,3,0.037037037037037035,15,15
HEPACAM2,1,3,0.0,15,16
FCER1A,1,3,0.0,15,16
PLIN4,1,3,0.34782608695652173,15,18
FXYD2,1,3,0.0,17,15
SERPINB3,1,3,0.07692307692307693,15,15
PLAC9,1,3,0.034482758620689655,15,17
ALAS2,1,3,0.03571428571428571,15,16
EPCAM,1,3,0.07407407407407407,15,16
AHSP,1,3,0.12,15,15
SNCA,1,3,0.0,41,15
RND1,1,3,0.1111111111111111,15,17
ASCL3,1,3,0.07692307692307693,15,15
CLCA1,1,3,0.07692307692307693,15,15
CFAP53,1,3,0.0,15,15
STC2,1,3,0.0,15,15
ALDH1A3,1,3,0.034482758620689655,15,17
CFHR1,1,3,0.0,15,15
TMEM100,1,3,0.0,15,15
CD1A,1,3,0.0,17,15
PPP1R1A,1,3,0.0,17,17
IL1RL1,1,3,0.037037037037037035,15,15
TSPAN19,1,3,0.1111111111111111,15,17
CYP1A1,1,3,0.037037037037037035,15,15
FGFBP2,1,3,0.034482758620689655,17,15
EGFR,1,3,0.0,15,15
CYP2F1,1,3,0.15384615384615385,15,17
SNTN,1,3,0.037037037037037035,15,15
TIMP4,1,3,0.07692307692307693,15,15
GATA2,1,3,0.037037037037037035,15,15
HAMP,1,3,0.12,15,15
PPP1R1B,1,3,0.034482758620689655,15,17
ADH1C,1,3,0.06666666666666667,17,17
CCDC39,1,3,0.15384615384615385,17,15
CFTR,1,3,0.06666666666666667,17,17
TMC5,1,3,0.15384615384615385,15,17
PGR,1,3,0.15384615384615385,17,15
AGER,1,3,0.15384615384615385,15,17
MAMDC2,1,3,0.07407407407407407,15,16
AR,1,3,0.07692307692307693,15,15
C15orf48,1,3,0.0,15,15
S100A1,1,3,0.06666666666666667,17,17
SOX18,1,3,0.037037037037037035,15,15
SNAI1,1,3,0.07692307692307693,15,15
CLIC6,1,3,0.034482758620689655,17,15
SLC26A3,1,3,0.15384615384615385,17,15
TM4SF4,1,3,0.15384615384615385,17,15
THBS2,1,3,0.034482758620689655,15,17
AQP9,1,3,0.15384615384615385,17,15
SLC18A2,1,3,0.037037037037037035,15,15
ERBB2,1,3,0.0,15,15
GPC1,1,3,0.15384615384615385,17,15
TAC1,1,3,0.07692307692307693,15,15
FGFBP1,1,3,0.034482758620689655,17,15
C6orf118,1,3,0.07692307692307693,15,15
APOA5,1,3,0.0,15,17
DNAAF1,1,3,0.15384615384615385,17,15
ACE2,1,3,0.15384615384615385,17,15
CLCA2,1,3,0.07692307692307693,15,15
MCEMP1,1,3,0.07692307692307693,15,15
TBX3,1,3,0.0,15,17
CYP2B6,1,3,0.037037037037037035,15,15
SCGN,1,3,0.15384615384615385,17,15
OPRPN,1,3,0.15384615384615385,17,15
CD300E,1,3,0.034482758620689655,15,17
CAPN8,1,3,0.07692307692307693,15,15
SCGB2A1,1,3,0.07692307692307693,15,15
GPRC5A,1,3,0.0,15,15
CCDC78,1,3,0.0,15,15
CTSG,1,3,0.782608695652174,24,19
ADIPOQ,1,3,0.3333333333333333,15,15
C1orf194,1,3,0.12,15,15
LILRA5,1,3,0.12,15,15
HPGDS,1,3,0.0,15,15
KCNK3,1,3,0.07407407407407407,15,16
LPL,1,3,0.34782608695652173,15,18
GYPB,1,3,0.0,15,15
GKN2,1,3,0.12,15,15
C5orf46,1,3,0.12,15,15
SELE,1,3,0.3333333333333333,15,15
SERPINB2,1,3,0.07407407407407407,15,16
DIRAS3,1,3,0.3333333333333333,15,15
PRG4,1,3,0.1111111111111111,16,16
LGI4,1,3,0.03571428571428571,15,16
COL17A1,1,3,0.07407407407407407,15,16
SFTA2,1,3,0.12,15,15
HIGD1B,1,3,0.07407407407407407,15,16
DPEP1,1,3,0.07407407407407407,15,16
PCP4,1,3,0.3333333333333333,15,15
CSF3,1,3,0.1111111111111111,16,16
TREM2,1,3,0.034482758620689655,15,17
TMEM52B,1,3,0.0,16,15
AGR3,1,3,0.3333333333333333,15,15
AQP8,1,3,0.3333333333333333,15,15
ARFGEF3,1,3,0.0,15,18
SNCG,1,3,0.0,15,18
SLC22A8,1,3,0.1111111111111111,16,16
PEBP4,1,3,0.0,16,15
BBOX1,1,3,0.1111111111111111,16,16
CYP3A4,1,3,0.3333333333333333,15,15
FOXI1,1,3,0.16,16,15
S100A12,1,3,0.034482758620689655,15,17
HPX,1,3,0.14814814814814814,16,17
LGR5,1,3,0.2,15,17
NAT8,1,3,0.16,16,15
PCSK2,1,3,0.14814814814814814,16,17
ASCL1,1,3,0.2,15,17
PVALB,1,3,0.16,16,15
FCN2,1,3,0.0,15,18
GCG,1,3,0.14814814814814814,16,17
CD70,1,3,0.2,15,17
UMOD,1,3,0.14814814814814814,16,17
FOXJ1,1,3,0.16,16,15
MLPH,1,3,0.14814814814814814,16,17
GLYATL1,1,3,0.2,15,17
KRT20,1,3,0.16,16,15
ADH4,1,3,0.34782608695652173,15,18
CA4,1,3,0.1111111111111111,24,18
CDH16,1,3,0.34782608695652173,15,18
AQP2,1,3,0.34782608695652173,15,18
DMBT1,1,3,0.34782608695652173,15,18
CHGA,1,3,0.34782608695652173,15,18
CCL27,1,3,0.2,15,17
KNG1,1,3,0.2,15,17
PPY,1,3,0.34782608695652173,15,18
MLANA,1,3,0.1111111111111111,24,18
HMGCS2,1,3,0.34782608695652173,15,18
CRHBP,1,3,0.782608695652174,24,19
TFF2,1,3,0.1111111111111111,24,18
GDF15,1,3,0.782608695652174,24,19
PDCD1,1,3,0.1111111111111111,24,18
SST,1,3,0.1111111111111111,24,18
INS,1,3,0.782608695652174,24,19
FOXA1,1,3,0.782608695652174,24,19
TMEM174,1,3,0.782608695652174,24,19
TCF15,1,3,0.782608695652174,24,19
KLK11,1,3,0.782608695652174,24,19
SPDEF,1,3,0.782608695652174,24,19
ABCC11,1,3,0.782608695652174,24,19
HES4,1,3,0.782608695652174,24,19
C20orf85,1,3,0.782608695652174,24,19
TAT,1,3,0.782608695652174,24,19
MYBPC1,1,3,0.782608695652174,24,19
LY6D,1,3,0.782608695652174,24,19
UPK3B,1,3,0.782608695652174,24,19
GPX2,1,3,0.782608695652174,24,19
RETN,1,3,0.782608695652174,24,19
KRT7,1,3,0.782608695652174,24,19
MS4A1,1,4,0.4642857142857143,15,28
CXCR4,1,4,0.4642857142857143,15,28
TRAC,1,4,0.27450980392156865,16,51
PTPRC,1,4,0.27450980392156865,16,51
IL7R,1,4,0.27450980392156865,16,51
BANK1,1,4,0.4642857142857143,15,28
PTGDS,1,4,0.0975609756097561,19,28
CD79A,1,4,0.4642857142857143,15,28
MPEG1,1,4,0.21621621621621623,19,28
CYTIP,1,4,0.27450980392156865,16,51
PECAM1,1,4,0.2857142857142857,41,15
SELL,1,4,0.27450980392156865,16,51
IRF8,1,4,0.21621621621621623,19,28
CD3E,1,4,0.27450980392156865,16,51
BASP1,1,4,0.4642857142857143,15,28
TCL1A,1,4,0.21621621621621623,19,28
CCR7,1,4,0.0,16,28
PCNA,1,4,0.32,17,51
AIF1,1,4,0.4642857142857143,15,28
CD3D,1,4,0.27450980392156865,16,51
FGL2,1,4,0.4642857142857143,15,28
CD4,1,4,0.4642857142857143,15,28
PLCG2,1,4,0.4642857142857143,15,28
MDM2,1,4,0.32,17,51
CD2,1,4,0.27450980392156865,16,51
MKI67,1,4,0.32,17,51
SERPINB9,1,4,0.075,30,15
MS4A6A,1,4,0.4642857142857143,15,28
CD19,1,4,0.4642857142857143,15,28
TENT5C,1,4,0.32,17,51
CTLA4,1,4,0.27450980392156865,16,51
ACTG2,1,4,0.32,17,51
MZB1,1,4,0.32,17,51
CD28,1,4,0.27450980392156865,16,51
GPR183,1,4,0.0,19,51
CD34,1,4,0.2857142857142857,41,15
KLRB1,1,4,0.23076923076923078,15,51
CD247,1,4,0.27450980392156865,16,51
MYC,1,4,0.03125,17,51
CXCL2,1,4,0.075,30,15
C1orf162,1,4,0.16216216216216217,17,28
CD83,1,4,0.4642857142857143,15,28
CD69,1,4,0.03125,17,51
ADAM28,1,4,0.4642857142857143,15,28
CCL5,1,4,0.23076923076923078,15,51
BCL2L11,1,4,0.23076923076923078,15,51
TFPI,1,4,0.2,41,15
CXCL9,1,4,0.05555555555555555,19,21
PRDM1,1,4,0.32,17,51
TNC,1,4,0.24,15,18
LYVE1,1,4,0.075,30,15
VWF,1,4,0.2857142857142857,41,15
IGSF6,1,4,0.4642857142857143,15,28
CD5L,1,4,0.4642857142857143,15,28
CD1C,1,4,0.023809523809523808,17,28
MEF2C,1,4,0.4642857142857143,15,28
MMRN1,1,4,0.2,41,15
PLA2G7,1,4,0.4642857142857143,15,28
GNLY,1,4,0.23076923076923078,15,51
LAMP3,1,4,0.4642857142857143,15,28
TCF4,1,4,0.0,41,28
GLIPR1,1,4,0.0,15,28
CD27,1,4,0.32,17,51
CD163,1,4,0.4642857142857143,15,28
SLAMF7,1,4,0.32,17,51
CD8A,1,4,0.27450980392156865,16,51
SPIB,1,4,0.21621621621621623,19,28
MYLK,1,4,0.24,15,18
CDK1,1,4,0.32,17,51
ACTA2,1,4,0.24,15,18
CAVIN2,1,4,0.2,41,15
CAVIN1,1,4,0.2857142857142857,41,15
LY86,1,4,0.4642857142857143,15,28
KLRD1,1,4,0.23076923076923078,15,51
HLA-DQB2,1,4,0.023809523809523808,17,28
IL2RA,1,4,0.27450980392156865,16,51
CCL19,1,4,0.24,15,18
TNFRSF9,1,4,0.0,15,15
CLECL1,1,4,0.4642857142857143,15,28
FBN1,1,4,0.058823529411764705,41,15
KCNMA1,1,4,0.4642857142857143,15,28
TNFRSF13B,1,4,0.4642857142857143,15,28
TNFRSF17,1,4,0.32,17,51
MS4A4A,1,4,0.4642857142857143,15,28
GZMK,1,4,0.23076923076923078,15,51
APOLD1,1,4,0.2857142857142857,41,15
TOP2A,1,4,0.32,17,51
CD68,1,4,0.4642857142857143,15,28
CXCL10,1,4,0.05555555555555555,19,21
CLEC10A,1,4,0.16216216216216217,17,28
DUSP2,1,4,0.03125,17,51
MTRNR2L11,1,4,0.23076923076923078,15,51
DNASE1L3,1,4,0.0,41,28
IL3RA,1,4,0.21621621621621623,19,28
RTKN2,1,4,0.27450980392156865,16,51
LILRA4,1,4,0.21621621621621623,19,28
CTSK,1,4,0.15,30,18
C7,1,4,0.15,30,18
ADGRL4,1,4,0.2857142857142857,41,15
SLAMF1,1,4,0.23076923076923078,15,51
PDGFRB,1,4,0.24,15,18
DST,1,4,0.0,15,28
MMRN2,1,4,0.2,41,15
SFRP4,1,4,0.1111111111111111,15,17
CD93,1,4,0.2857142857142857,41,15
FKBP11,1,4,0.32,17,51
CSF2RA,1,4,0.16216216216216217,17,28
GZMA,1,4,0.23076923076923078,15,51
MNDA,1,4,0.16216216216216217,17,28
PROX1,1,4,0.075,30,15
SH2D3C,1,4,0.0,15,51
HAVCR2,1,4,0.4642857142857143,15,28
PLD4,1,4,0.21621621621621623,19,28
MYH11,1,4,0.0,41,15
ADAMTS1,1,4,0.24,15,18
CCR2,1,4,0.32,17,51
GNG11,1,4,0.2857142857142857,41,15
CD86,1,4,0.21621621621621623,19,28
FOXP3,1,4,0.27450980392156865,16,51
MARCO,1,4,0.0,30,15
CENPF,1,4,0.32,17,51
GZMB,1,4,0.21621621621621623,19,28
FCGR3A,1,4,0.09090909090909091,17,21
PRF1,1,4,0.23076923076923078,15,51
LILRB2,1,4,0.4642857142857143,15,28
THY1,1,4,0.05555555555555555,41,18
FAS,1,4,0.07692307692307693,15,15
EDNRB,1,4,0.15,30,18
DPT,1,4,0.15,30,18
CD14,1,4,0.0975609756097561,19,28
TCIM,1,4,0.058823529411764705,41,15
KLRC1,1,4,0.23076923076923078,15,51
COCH,1,4,0.16666666666666666,30,21
LTBP2,1,4,0.075,30,15
AMY2A,1,4,0.16666666666666666,30,21
FBLN1,1,4,0.075,30,15
SMYD2,1,4,0.16666666666666666,30,21
MRC1,1,4,0.16216216216216217,17,28
CCNB2,1,4,0.32,17,51
ACKR1,1,4,0.058823529411764705,41,15
ECSCR,1,4,0.2857142857142857,41,15
EGFL7,1,4,0.2,41,15
NKG7,1,4,0.23076923076923078,15,51
PMP22,1,4,0.24,15,18
IGF1,1,4,0.0975609756097561,19,28
UBE2C,1,4,0.32,17,51
RBP5,1,4,0.05555555555555555,41,18
PDGFRA,1,4,0.15,30,18
BTNL9,1,4,0.037037037037037035,15,15
SLC26A2,1,4,0.16666666666666666,30,21
CLEC14A,1,4,0.2857142857142857,41,15
PPARG,1,4,0.01694915254237288,41,21
THAP2,1,4,0.023809523809523808,30,15
MCF2L,1,4,0.017857142857142856,41,18
INMT,1,4,0.2857142857142857,41,15
CD1E,1,4,0.16216216216216217,17,28
TM4SF18,1,4,0.2857142857142857,41,15
EDN1,1,4,0.017857142857142856,41,18
NPDC1,1,4,0.2,41,15
FHL2,1,4,0.16666666666666666,30,21
RGS16,1,4,0.075,30,15
FCN1,1,4,0.16216216216216217,17,28
RAMP2,1,4,0.2,41,15
RAPGEF3,1,4,0.2857142857142857,41,15
MEST,1,4,0.045454545454545456,30,18
KIT,1,4,0.0,41,15
GEM,1,4,0.075,30,15
VCAN,1,4,0.06896551724137931,15,18
SPI1,1,4,0.0975609756097561,19,28
FCGR1A,1,4,0.16666666666666666,30,21
DES,1,4,0.12,15,15
STEAP4,1,4,0.037037037037037035,15,15
ERG,1,4,0.2,41,15
PCOLCE,1,4,0.15,30,18
VWA5A,1,4,0.07692307692307693,15,15
COL5A2,1,4,0.05555555555555555,41,18
PTN,1,4,0.030303030303030304,15,21
CFB,1,4,0.05555555555555555,41,18
MET,1,4,0.2,41,15
CAV1,1,4,0.01694915254237288,41,21
GATM,1,4,0.07692307692307693,15,15
OGN,1,4,0.030303030303030304,15,21
PDPN,1,4,0.15,30,18
MFAP5,1,4,0.12,15,15
MALL,1,4,0.2,41,15
CLEC4E,1,4,0.09090909090909091,17,21
RIDA,1,4,0.0,30,51
CRISPLD2,1,4,0.037037037037037035,15,15
ELF5,1,4,0.16666666666666666,30,21
GHRL,1,4,0.4642857142857143,15,28
SEMA3C,1,4,0.045454545454545456,30,18
CPA3,1,4,0.07692307692307693,15,15
SRPX,1,4,0.03333333333333333,15,18
VSIG4,1,4,0.12,15,15
NTN4,1,4,0.0,41,15
FSTL3,1,4,0.030303030303030304,15,21
ANPEP,1,4,0.0,19,15
CFHR3,1,4,0.037037037037037035,15,15
GYPA,1,4,0.10714285714285714,15,18
APOBEC3A,1,4,0.09090909090909091,17,21
AQP3,1,4,0.0,15,15
ANGPT2,1,4,0.058823529411764705,41,15
APCDD1,1,4,0.0,15,15
SLC4A1,1,4,0.06896551724137931,15,18
SFRP2,1,4,0.30434782608695654,15,17
DERL3,1,4,0.0,15,15
CD274,1,4,0.030303030303030304,15,21
CXCL6,1,4,0.10714285714285714,15,18
IL1R2,1,4,0.05555555555555555,19,21
CYP4B1,1,4,0.0,15,15
SOX17,1,4,0.03333333333333333,15,18
LIF,1,4,0.06896551724137931,15,18
ASPN,1,4,0.07692307692307693,15,15
LILRB4,1,4,0.0975609756097561,19,28
CNN1,1,4,0.0,15,15
MS4A2,1,4,0.07692307692307693,15,15
BMX,1,4,0.037037037037037035,15,15
ADGRE1,1,4,0.12,15,15
LAG3,1,4,0.23076923076923078,15,51
CYP2A7,1,4,0.10714285714285714,15,18
EHF,1,4,0.16666666666666666,30,21
GPC3,1,4,0.0,15,15
SMIM24,1,4,0.07692307692307693,15,15
RERGL,1,4,0.06896551724137931,15,18
SOX2,1,4,0.023809523809523808,30,15
ESR1,1,4,0.045454545454545456,30,18
STC1,1,4,0.07692307692307693,15,15
HEMGN,1,4,0.12,15,15
BAMBI,1,4,0.12,15,15
MEDAG,1,4,0.0,15,15
HEPACAM2,1,4,0.12,15,15
FCER1A,1,4,0.03571428571428571,15,16
PLIN4,1,4,0.12,15,15
FXYD2,1,4,0.09090909090909091,17,21
SERPINB3,1,4,0.06896551724137931,15,18
PLAC9,1,4,0.07692307692307693,15,15
ALAS2,1,4,0.12,15,15
EPCAM,1,4,0.10714285714285714,15,18
AHSP,1,4,0.1111111111111111,15,17
SNCA,1,4,0.0,41,15
RND1,1,4,0.12,15,15
ASCL3,1,4,0.037037037037037035,15,15
CLCA1,1,4,0.12,15,15
CFAP53,1,4,0.06896551724137931,15,18
STC2,1,4,0.0,15,16
ALDH1A3,1,4,0.07692307692307693,15,15
CFHR1,1,4,0.0,15,16
TMEM100,1,4,0.0,15,16
CD1A,1,4,0.07142857142857142,17,15
PPP1R1A,1,4,0.0,17,15
IL1RL1,1,4,0.07692307692307693,15,15
TSPAN19,1,4,0.12,15,15
CYP1A1,1,4,0.07692307692307693,15,15
FGFBP2,1,4,0.0,17,16
EGFR,1,4,0.037037037037037035,15,15
CYP2F1,1,4,0.0,15,15
SNTN,1,4,0.037037037037037035,15,15
TIMP4,1,4,0.03571428571428571,15,16
GATA2,1,4,0.0,15,15
HAMP,1,4,0.12,15,15
PPP1R1B,1,4,0.12,15,15
ADH1C,1,4,0.07142857142857142,17,15
CCDC39,1,4,0.1111111111111111,17,15
CFTR,1,4,0.0,17,18
TMC5,1,4,0.037037037037037035,15,15
PGR,1,4,0.10714285714285714,17,16
AGER,1,4,0.037037037037037035,15,15
MAMDC2,1,4,0.30434782608695654,15,17
AR,1,4,0.12,15,15
C15orf48,1,4,0.0,15,16
S100A1,1,4,0.07142857142857142,17,15
SOX18,1,4,0.0,15,17
SNAI1,1,4,0.12,15,15
CLIC6,1,4,0.10714285714285714,17,16
SLC26A3,1,4,0.1111111111111111,17,15
TM4SF4,1,4,0.1111111111111111,17,15
THBS2,1,4,0.30434782608695654,15,17
AQP9,1,4,0.1111111111111111,17,15
SLC18A2,1,4,0.16,15,16
ERBB2,1,4,0.0,15,15
GPC1,1,4,0.07142857142857142,17,15
TAC1,1,4,0.12,15,15
FGFBP1,1,4,0.0,17,15
C6orf118,1,4,0.0,15,15
APOA5,1,4,0.16,15,16
DNAAF1,1,4,0.10714285714285714,17,16
ACE2,1,4,0.07142857142857142,17,15
CLCA2,1,4,0.16,15,16
MCEMP1,1,4,0.16,15,16
TBX3,1,4,0.0,15,15
CYP2B6,1,4,0.12,15,15
SCGN,1,4,0.07142857142857142,17,15
OPRPN,1,4,0.10714285714285714,17,16
CD300E,1,4,0.0,15,15
CAPN8,1,4,0.12,15,15
SCGB2A1,1,4,0.16,15,16
GPRC5A,1,4,0.12,15,15
CCDC78,1,4,0.12,15,15
CTSG,1,4,0.27586206896551724,24,15
ADIPOQ,1,4,0.30434782608695654,15,17
C1orf194,1,4,0.16666666666666666,15,15
LILRA5,1,4,0.16666666666666666,15,15
HPGDS,1,4,0.0,15,15
KCNK3,1,4,0.12,15,15
LPL,1,4,0.0,15,15
GYPB,1,4,0.30434782608695654,15,17
GKN2,1,4,0.1111111111111111,15,17
C5orf46,1,4,0.1111111111111111,15,17
SELE,1,4,0.30434782608695654,15,17
SERPINB2,1,4,0.12,15,15
DIRAS3,1,4,0.12,15,15
PRG4,1,4,0.03571428571428571,16,15
LGI4,1,4,0.0,15,17
COL17A1,1,4,0.16666666666666666,15,15
SFTA2,1,4,0.16666666666666666,15,15
HIGD1B,1,4,0.07692307692307693,15,15
DPEP1,1,4,0.16666666666666666,15,15
PCP4,1,4,0.12,15,15
CSF3,1,4,0.06896551724137931,16,17
TREM2,1,4,0.07692307692307693,15,15
TMEM52B,1,4,0.03571428571428571,16,15
AGR3,1,4,0.07692307692307693,15,15
AQP8,1,4,0.30434782608695654,15,17
ARFGEF3,1,4,0.0,15,15
SNCG,1,4,0.0,15,15
SLC22A8,1,4,0.06896551724137931,16,17
PEBP4,1,4,0.2608695652173913,16,15
BBOX1,1,4,0.2608695652173913,16,15
CYP3A4,1,4,0.30434782608695654,15,17
FOXI1,1,4,0.2608695652173913,16,15
S100A12,1,4,0.0,15,15
HPX,1,4,0.11538461538461539,16,15
LGR5,1,4,0.47368421052631576,15,15
NAT8,1,4,0.06896551724137931,16,17
PCSK2,1,4,0.2608695652173913,16,15
ASCL1,1,4,0.47368421052631576,15,15
PVALB,1,4,0.11538461538461539,16,15
FCN2,1,4,0.0,15,15
GCG,1,4,0.2608695652173913,16,15
CD70,1,4,0.47368421052631576,15,15
UMOD,1,4,0.11538461538461539,16,15
FOXJ1,1,4,0.2608695652173913,16,15
MLPH,1,4,0.11538461538461539,16,15
GLYATL1,1,4,0.47368421052631576,15,15
KRT20,1,4,0.2608695652173913,16,15
ADH4,1,4,0.47368421052631576,15,15
CA4,1,4,0.27586206896551724,24,15
CDH16,1,4,0.47368421052631576,15,15
AQP2,1,4,0.47368421052631576,15,15
DMBT1,1,4,0.47368421052631576,15,15
CHGA,1,4,0.47368421052631576,15,15
CCL27,1,4,0.47368421052631576,15,15
KNG1,1,4,0.12,15,15
PPY,1,4,0.12,15,15
MLANA,1,4,0.27586206896551724,24,15
HMGCS2,1,4,0.12,15,15
CRHBP,1,4,0.27586206896551724,24,15
TFF2,1,4,0.27586206896551724,24,15
GDF15,1,4,0.6086956521739131,24,15
PDCD1,1,4,0.27586206896551724,24,15
SST,1,4,0.27586206896551724,24,15
INS,1,4,0.27586206896551724,24,15
FOXA1,1,4,0.6086956521739131,24,15
TMEM174,1,4,0.6086956521739131,24,15
TCF15,1,4,0.6086956521739131,24,15
KLK11,1,4,0.6086956521739131,24,15
SPDEF,1,4,0.27586206896551724,24,15
ABCC11,1,4,0.6086956521739131,24,15
HES4,1,4,0.6086956521739131,24,15
C20orf85,1,4,0.6086956521739131,24,15
TAT,1,4,0.6086956521739131,24,15
MYBPC1,1,4,0.6086956521739131,24,15
LY6D,1,4,0.6086956521739131,24,15
UPK3B,1,4,0.6086956521739131,24,15
GPX2,1,4,0.6086956521739131,24,15
RETN,1,4,0.6086956521739131,24,15
KRT7,1,4,0.6086956521739131,24,15
MS4A1,1,5,0.24489795918367346,15,48
CXCR4,1,5,0.24489795918367346,15,48
TRAC,1,5,0.45,16,15
PTPRC,1,5,0.03333333333333333,16,48
IL7R,1,5,0.45,16,15
BANK1,1,5,0.24489795918367346,15,48
PTGDS,1,5,0.07692307692307693,19,25
CD79A,1,5,0.24489795918367346,15,48
MPEG1,1,5,0.06557377049180328,19,48
CYTIP,1,5,0.45,16,15
PECAM1,1,5,0.2807017543859649,41,34
SELL,1,5,0.03333333333333333,16,48
IRF8,1,5,0.06557377049180328,19,48
CD3E,1,5,0.45,16,15
BASP1,1,5,0.24489795918367346,15,48
TCL1A,1,5,0.06557377049180328,19,48
CCR7,1,5,0.029411764705882353,16,21
PCNA,1,5,0.2857142857142857,17,48
AIF1,1,5,0.3103448275862069,15,25
CD3D,1,5,0.45,16,15
FGL2,1,5,0.0,15,15
CD4,1,5,0.3103448275862069,15,25
PLCG2,1,5,0.24489795918367346,15,48
MDM2,1,5,0.2857142857142857,17,48
CD2,1,5,0.45,16,15
MKI67,1,5,0.2857142857142857,17,48
SERPINB9,1,5,0.02702702702702703,30,48
MS4A6A,1,5,0.3103448275862069,15,25
CD19,1,5,0.24489795918367346,15,48
TENT5C,1,5,0.2857142857142857,17,48
CTLA4,1,5,0.45,16,15
ACTG2,1,5,0.2857142857142857,17,48
MZB1,1,5,0.2857142857142857,17,48
CD28,1,5,0.45,16,15
GPR183,1,5,0.02702702702702703,19,21
CD34,1,5,0.2807017543859649,41,34
KLRB1,1,5,0.037037037037037035,15,15
CD247,1,5,0.45,16,15
MYC,1,5,0.030303030303030304,17,19
CXCL2,1,5,0.023809523809523808,30,15
C1orf162,1,5,0.02857142857142857,17,21
CD83,1,5,0.24489795918367346,15,48
CD69,1,5,0.030303030303030304,17,19
ADAM28,1,5,0.24489795918367346,15,48
CCL5,1,5,0.13333333333333333,15,21
BCL2L11,1,5,0.03389830508474576,15,48
TFPI,1,5,0.01694915254237288,41,21
CXCL9,1,5,0.0,19,34
PRDM1,1,5,0.2857142857142857,17,48
TNC,1,5,0.030303030303030304,15,21
LYVE1,1,5,0.0,30,15
VWF,1,5,0.2807017543859649,41,34
IGSF6,1,5,0.3103448275862069,15,25
CD5L,1,5,0.0,15,15
CD1C,1,5,0.05,17,48
MEF2C,1,5,0.24489795918367346,15,48
MMRN1,1,5,0.018867924528301886,41,15
PLA2G7,1,5,0.3103448275862069,15,25
GNLY,1,5,0.037037037037037035,15,15
LAMP3,1,5,0.0,15,15
TCF4,1,5,0.011627906976744186,41,48
GLIPR1,1,5,0.0,15,21
CD27,1,5,0.0,17,15
CD163,1,5,0.0,15,15
SLAMF7,1,5,0.2857142857142857,17,48
CD8A,1,5,0.029411764705882353,16,21
SPIB,1,5,0.06557377049180328,19,48
MYLK,1,5,0.06818181818181818,15,34
CDK1,1,5,0.2857142857142857,17,48
ACTA2,1,5,0.06818181818181818,15,34
CAVIN2,1,5,0.08,41,15
CAVIN1,1,5,0.2807017543859649,41,34
LY86,1,5,0.24489795918367346,15,48
KLRD1,1,5,0.037037037037037035,15,15
HLA-DQB2,1,5,0.05,17,48
IL2RA,1,5,0.0,16,25
CCL19,1,5,0.12,15,15
TNFRSF9,1,5,0.0,15,15
CLECL1,1,5,0.24489795918367346,15,48
FBN1,1,5,0.10204081632653061,41,15
KCNMA1,1,5,0.3103448275862069,15,25
TNFRSF13B,1,5,0.24489795918367346,15,48
TNFRSF17,1,5,0.2857142857142857,17,48
MS4A4A,1,5,0.3103448275862069,15,25
GZMK,1,5,0.13333333333333333,15,21
APOLD1,1,5,0.2807017543859649,41,34
TOP2A,1,5,0.2857142857142857,17,48
CD68,1,5,0.3103448275862069,15,25
CXCL10,1,5,0.0,19,15
CLEC10A,1,5,0.07142857142857142,17,15
DUSP2,1,5,0.05,17,48
MTRNR2L11,1,5,0.03389830508474576,15,48
DNASE1L3,1,5,0.10204081632653061,41,15
IL3RA,1,5,0.02702702702702703,19,21
RTKN2,1,5,0.03333333333333333,16,48
LILRA4,1,5,0.0,19,15
CTSK,1,5,0.0425531914893617,30,21
C7,1,5,0.023809523809523808,30,15
ADGRL4,1,5,0.2807017543859649,41,34
SLAMF1,1,5,0.03389830508474576,15,48
PDGFRB,1,5,0.06818181818181818,15,34
DST,1,5,0.02702702702702703,15,25
MMRN2,1,5,0.08,41,15
SFRP4,1,5,0.037037037037037035,15,15
CD93,1,5,0.2807017543859649,41,34
FKBP11,1,5,0.2857142857142857,17,48
CSF2RA,1,5,0.02564102564102564,17,25
GZMA,1,5,0.13333333333333333,15,21
MNDA,1,5,0.02857142857142857,17,21
PROX1,1,5,0.023809523809523808,30,15
SH2D3C,1,5,0.03225806451612903,15,19
HAVCR2,1,5,0.3103448275862069,15,25
PLD4,1,5,0.02857142857142857,19,19
MYH11,1,5,0.011627906976744186,41,48
ADAMTS1,1,5,0.12,15,15
CCR2,1,5,0.0,17,15
GNG11,1,5,0.2807017543859649,41,34
CD86,1,5,0.06557377049180328,19,48
FOXP3,1,5,0.45,16,15
MARCO,1,5,0.023809523809523808,30,15
CENPF,1,5,0.2857142857142857,17,48
GZMB,1,5,0.03225806451612903,19,15
FCGR3A,1,5,0.020833333333333332,17,34
PRF1,1,5,0.13333333333333333,15,21
LILRB2,1,5,0.0,15,19
THY1,1,5,0.2807017543859649,41,34
FAS,1,5,0.02702702702702703,15,25
EDNRB,1,5,0.03333333333333333,30,34
DPT,1,5,0.0425531914893617,30,21
CD14,1,5,0.07692307692307693,19,25
TCIM,1,5,0.10204081632653061,41,15
KLRC1,1,5,0.0,15,15
COCH,1,5,0.0425531914893617,30,21
LTBP2,1,5,0.10256410256410256,30,15
AMY2A,1,5,0.10256410256410256,30,15
FBLN1,1,5,0.0,30,15
SMYD2,1,5,0.11904761904761904,30,19
MRC1,1,5,0.07142857142857142,17,15
CCNB2,1,5,0.2857142857142857,17,48
ACKR1,1,5,0.08,41,15
ECSCR,1,5,0.2807017543859649,41,34
EGFL7,1,5,0.2807017543859649,41,34
NKG7,1,5,0.13333333333333333,15,21
PMP22,1,5,0.02702702702702703,15,25
IGF1,1,5,0.07692307692307693,19,25
UBE2C,1,5,0.2857142857142857,17,48
RBP5,1,5,0.10204081632653061,41,15
PDGFRA,1,5,0.0,30,15
BTNL9,1,5,0.06818181818181818,15,34
SLC26A2,1,5,0.11904761904761904,30,19
CLEC14A,1,5,0.2807017543859649,41,34
PPARG,1,5,0.0,41,25
THAP2,1,5,0.11904761904761904,30,19
MCF2L,1,5,0.08,41,15
INMT,1,5,0.10204081632653061,41,15
CD1E,1,5,0.07142857142857142,17,15
TM4SF18,1,5,0.08,41,15
EDN1,1,5,0.2807017543859649,41,34
NPDC1,1,5,0.2807017543859649,41,34
FHL2,1,5,0.11904761904761904,30,19
RGS16,1,5,0.02702702702702703,30,48
FCN1,1,5,0.020833333333333332,17,34
RAMP2,1,5,0.2807017543859649,41,34
RAPGEF3,1,5,0.2807017543859649,41,34
MEST,1,5,0.11904761904761904,30,19
KIT,1,5,0.017543859649122806,41,19
GEM,1,5,0.10256410256410256,30,15
VCAN,1,5,0.03225806451612903,15,19
SPI1,1,5,0.02857142857142857,19,19
FCGR1A,1,5,0.03333333333333333,30,34
DES,1,5,0.0,15,15
STEAP4,1,5,0.12,15,15
ERG,1,5,0.018518518518518517,41,16
PCOLCE,1,5,0.0,30,16
VWA5A,1,5,0.0,15,15
COL5A2,1,5,0.01694915254237288,41,21
PTN,1,5,0.12,15,15
CFB,1,5,0.10204081632653061,41,15
MET,1,5,0.017543859649122806,41,19
CAV1,1,5,0.2807017543859649,41,34
GATM,1,5,0.03225806451612903,15,19
OGN,1,5,0.07692307692307693,15,15
PDPN,1,5,0.10256410256410256,30,15
MFAP5,1,5,0.021739130434782608,15,34
MALL,1,5,0.018518518518518517,41,16
CLEC4E,1,5,0.02564102564102564,17,25
RIDA,1,5,0.02702702702702703,30,48
CRISPLD2,1,5,0.030303030303030304,15,21
ELF5,1,5,0.03333333333333333,30,34
GHRL,1,5,0.3103448275862069,15,25
SEMA3C,1,5,0.023809523809523808,30,15
CPA3,1,5,0.07407407407407407,15,16
SRPX,1,5,0.0,15,15
VSIG4,1,5,0.0,15,15
NTN4,1,5,0.018867924528301886,41,15
FSTL3,1,5,0.03571428571428571,15,16
ANPEP,1,5,0.03225806451612903,19,15
CFHR3,1,5,0.0,15,15
GYPA,1,5,0.037037037037037035,15,15
APOBEC3A,1,5,0.05,17,48
AQP3,1,5,0.037037037037037035,15,15
ANGPT2,1,5,0.0,41,15
APCDD1,1,5,0.0,15,15
SLC4A1,1,5,0.021739130434782608,15,34
SFRP2,1,5,0.07692307692307693,15,15
DERL3,1,5,0.0,15,19
CD274,1,5,0.02702702702702703,15,25
CXCL6,1,5,0.037037037037037035,15,15
IL1R2,1,5,0.0,19,15
CYP4B1,1,5,0.0,15,15
SOX17,1,5,0.0,15,21
LIF,1,5,0.0,15,15
ASPN,1,5,0.07407407407407407,15,16
LILRB4,1,5,0.07692307692307693,19,25
CNN1,1,5,0.0,15,15
MS4A2,1,5,0.037037037037037035,15,15
BMX,1,5,0.0,15,15
ADGRE1,1,5,0.037037037037037035,15,15
LAG3,1,5,0.0,15,34
CYP2A7,1,5,0.12,15,15
EHF,1,5,0.023809523809523808,30,15
GPC3,1,5,0.0,15,15
SMIM24,1,5,0.07407407407407407,15,16
RERGL,1,5,0.037037037037037035,15,15
SOX2,1,5,0.11904761904761904,30,19
ESR1,1,5,0.10256410256410256,30,15
STC1,1,5,0.07692307692307693,15,15
HEMGN,1,5,0.021739130434782608,15,34
BAMBI,1,5,0.0,15,15
MEDAG,1,5,0.07692307692307693,15,15
HEPACAM2,1,5,0.07692307692307693,15,15
FCER1A,1,5,0.0,15,15
PLIN4,1,5,0.07692307692307693,15,15
FXYD2,1,5,0.0,17,15
SERPINB3,1,5,0.07692307692307693,15,15
PLAC9,1,5,0.0,15,34
ALAS2,1,5,0.07692307692307693,15,15
EPCAM,1,5,0.07407407407407407,15,16
AHSP,1,5,0.16666666666666666,15,15
SNCA,1,5,0.0,41,15
RND1,1,5,0.0,15,19
ASCL3,1,5,0.0,15,15
CLCA1,1,5,0.0,15,15
CFAP53,1,5,0.037037037037037035,15,15
STC2,1,5,0.0,15,15
ALDH1A3,1,5,0.12,15,15
CFHR1,1,5,0.0,15,15
TMEM100,1,5,0.0,15,15
CD1A,1,5,0.034482758620689655,17,15
PPP1R1A,1,5,0.034482758620689655,17,15
IL1RL1,1,5,0.07692307692307693,15,15
TSPAN19,1,5,0.03571428571428571,15,16
CYP1A1,1,5,0.12,15,15
FGFBP2,1,5,0.0,17,15
EGFR,1,5,0.03571428571428571,15,16
CYP2F1,1,5,0.021739130434782608,15,34
SNTN,1,5,0.03571428571428571,15,16
TIMP4,1,5,0.07692307692307693,15,15
GATA2,1,5,0.0,15,16
HAMP,1,5,0.0,15,25
PPP1R1B,1,5,0.037037037037037035,15,15
ADH1C,1,5,0.034482758620689655,17,15
CCDC39,1,5,0.2,17,15
CFTR,1,5,0.07142857142857142,17,15
TMC5,1,5,0.03225806451612903,15,19
PGR,1,5,0.034482758620689655,17,15
AGER,1,5,0.0,15,16
MAMDC2,1,5,0.037037037037037035,15,15
AR,1,5,0.07692307692307693,15,15
C15orf48,1,5,0.0,15,34
S100A1,1,5,0.07142857142857142,17,15
SOX18,1,5,0.12,15,15
SNAI1,1,5,0.0,15,15
CLIC6,1,5,0.2,17,15
SLC26A3,1,5,0.2,17,15
TM4SF4,1,5,0.0,17,16
THBS2,1,5,0.037037037037037035,15,15
AQP9,1,5,0.034482758620689655,17,15
SLC18A2,1,5,0.07692307692307693,15,15
ERBB2,1,5,0.07692307692307693,15,15
GPC1,1,5,0.0,17,21
TAC1,1,5,0.0,15,15
FGFBP1,1,5,0.2,17,15
C6orf118,1,5,0.037037037037037035,15,15
APOA5,1,5,0.07407407407407407,15,16
DNAAF1,1,5,0.2,17,15
ACE2,1,5,0.034482758620689655,17,15
CLCA2,1,5,0.0,15,15
MCEMP1,1,5,0.07407407407407407,15,16
TBX3,1,5,0.0,15,15
CYP2B6,1,5,0.07692307692307693,15,15
SCGN,1,5,0.2,17,15
OPRPN,1,5,0.07142857142857142,17,15
CD300E,1,5,0.07692307692307693,15,15
CAPN8,1,5,0.0,15,15
SCGB2A1,1,5,0.07692307692307693,15,15
GPRC5A,1,5,0.12,15,15
CCDC78,1,5,0.0,15,25
CTSG,1,5,0.7083333333333334,24,19
ADIPOQ,1,5,0.037037037037037035,15,15
C1orf194,1,5,0.12,15,15
LILRA5,1,5,0.0,15,15
HPGDS,1,5,0.07692307692307693,15,15
KCNK3,1,5,0.12,15,15
LPL,1,5,0.0,15,25
GYPB,1,5,0.037037037037037035,15,15
GKN2,1,5,0.16666666666666666,15,15
C5orf46,1,5,0.16666666666666666,15,15
SELE,1,5,0.0,15,15
SERPINB2,1,5,0.07692307692307693,15,15
DIRAS3,1,5,0.037037037037037035,15,15
PRG4,1,5,0.07407407407407407,16,15
LGI4,1,5,0.0,15,15
COL17A1,1,5,0.16666666666666666,15,15
SFTA2,1,5,0.16666666666666666,15,15
HIGD1B,1,5,0.0,15,15
DPEP1,1,5,0.12,15,15
PCP4,1,5,0.037037037037037035,15,15
CSF3,1,5,0.0,16,15
TREM2,1,5,0.037037037037037035,15,15
TMEM52B,1,5,0.03571428571428571,16,15
AGR3,1,5,0.0,15,15
AQP8,1,5,0.037037037037037035,15,15
ARFGEF3,1,5,0.0,15,15
SNCG,1,5,0.0,15,15
SLC22A8,1,5,0.07407407407407407,16,15
PEBP4,1,5,0.03571428571428571,16,15
BBOX1,1,5,0.03571428571428571,16,15
CYP3A4,1,5,0.07692307692307693,15,15
FOXI1,1,5,0.07407407407407407,16,15
S100A12,1,5,0.0,15,15
HPX,1,5,0.07407407407407407,16,15
LGR5,1,5,0.037037037037037035,15,15
NAT8,1,5,0.07407407407407407,16,15
PCSK2,1,5,0.03571428571428571,16,15
ASCL1,1,5,0.037037037037037035,15,15
PVALB,1,5,0.03571428571428571,16,15
FCN2,1,5,0.037037037037037035,15,15
GCG,1,5,0.03571428571428571,16,15
CD70,1,5,0.21739130434782608,15,15
UMOD,1,5,0.07407407407407407,16,15
FOXJ1,1,5,0.03571428571428571,16,15
MLPH,1,5,0.03571428571428571,16,15
GLYATL1,1,5,0.037037037037037035,15,15
KRT20,1,5,0.0,16,15
ADH4,1,5,0.07692307692307693,15,15
CA4,1,5,0.08823529411764706,24,15
CDH16,1,5,0.21739130434782608,15,15
AQP2,1,5,0.037037037037037035,15,15
DMBT1,1,5,0.21739130434782608,15,15
CHGA,1,5,0.07692307692307693,15,15
CCL27,1,5,0.21739130434782608,15,15
KNG1,1,5,0.21739130434782608,15,15
PPY,1,5,0.0,15,19
MLANA,1,5,0.0,24,15
HMGCS2,1,5,0.21739130434782608,15,15
CRHBP,1,5,0.7083333333333334,24,19
TFF2,1,5,0.08823529411764706,24,15
GDF15,1,5,0.08823529411764706,24,15
PDCD1,1,5,0.0,24,15
SST,1,5,0.08823529411764706,24,15
INS,1,5,0.7083333333333334,24,19
FOXA1,1,5,0.7083333333333334,24,19
TMEM174,1,5,0.7083333333333334,24,19
TCF15,1,5,0.7083333333333334,24,19
KLK11,1,5,0.7083333333333334,24,19
SPDEF,1,5,0.7083333333333334,24,19
ABCC11,1,5,0.7083333333333334,24,19
HES4,1,5,0.7083333333333334,24,19
C20orf85,1,5,0.7083333333333334,24,19
TAT,1,5,0.7083333333333334,24,19
MYBPC1,1,5,0.7083333333333334,24,19
LY6D,1,5,0.7083333333333334,24,19
UPK3B,1,5,0.7083333333333334,24,19
GPX2,1,5,0.7083333333333334,24,19
RETN,1,5,0.7083333333333334,24,19
KRT7,1,5,0.7083333333333334,24,19
MS4A1,2,3,0.5813953488372093,34,36
CXCR4,2,3,0.5813953488372093,34,36
TRAC,2,3,0.40540540540540543,26,28
PTPRC,2,3,0.0,26,36
IL7R,2,3,0.40540540540540543,26,28
BANK1,2,3,0.5813953488372093,34,36
PTGDS,2,3,0.25,59,28
CD79A,2,3,0.5813953488372093,34,36
MPEG1,2,3,0.25,59,28
CYTIP,2,3,0.40540540540540543,26,28
PECAM1,2,3,0.06578947368421052,55,28
SELL,2,3,0.5813953488372093,34,36
IRF8,2,3,0.25,59,28
CD3E,2,3,0.40540540540540543,26,28
BASP1,2,3,0.08139534883720931,59,36
TCL1A,2,3,0.08139534883720931,59,36
CCR7,2,3,0.40540540540540543,26,28
PCNA,2,3,0.5813953488372093,34,36
AIF1,2,3,0.25,59,28
CD3D,2,3,0.40540540540540543,26,28
FGL2,2,3,0.25,59,28
CD4,2,3,0.036585365853658534,59,28
PLCG2,2,3,0.5813953488372093,34,36
MDM2,2,3,0.5813953488372093,34,36
CD2,2,3,0.40540540540540543,26,28
MKI67,2,3,0.5813953488372093,34,36
SERPINB9,2,3,0.06578947368421052,55,28
MS4A6A,2,3,0.25,59,28
CD19,2,3,0.5813953488372093,34,36
TENT5C,2,3,0.5813953488372093,34,36
CTLA4,2,3,0.40540540540540543,26,28
ACTG2,2,3,0.5813953488372093,34,36
MZB1,2,3,0.5813953488372093,34,36
CD28,2,3,0.40540540540540543,26,28
GPR183,2,3,0.036585365853658534,59,28
CD34,2,3,0.07936507936507936,55,15
KLRB1,2,3,0.40540540540540543,26,28
CD247,2,3,0.40540540540540543,26,28
MYC,2,3,0.038461538461538464,55,28
CXCL2,2,3,0.0,55,15
C1orf162,2,3,0.25,59,28
CD83,2,3,0.036585365853658534,59,28
CD69,2,3,0.40540540540540543,26,28
ADAM28,2,3,0.5813953488372093,34,36
CCL5,2,3,0.25806451612903225,26,15
BCL2L11,2,3,0.034482758620689655,34,28
TFPI,2,3,0.0967741935483871,55,15
CXCL9,2,3,0.02857142857142857,59,15
PRDM1,2,3,0.034482758620689655,34,28
TNC,2,3,0.0967741935483871,55,15
LYVE1,2,3,0.07936507936507936,55,15
VWF,2,3,0.0967741935483871,55,15
IGSF6,2,3,0.25,59,28
CD5L,2,3,0.0,59,15
CD1C,2,3,0.08139534883720931,59,36
MEF2C,2,3,0.5813953488372093,34,36
MMRN1,2,3,0.0625,55,15
PLA2G7,2,3,0.25,59,28
GNLY,2,3,0.25806451612903225,26,15
LAMP3,2,3,0.058823529411764705,59,15
TCF4,2,3,0.08139534883720931,59,36
GLIPR1,2,3,0.036585365853658534,59,28
CD27,2,3,0.034482758620689655,34,28
CD163,2,3,0.014084507042253521,59,15
SLAMF7,2,3,0.5813953488372093,34,36
CD8A,2,3,0.25806451612903225,26,15
SPIB,2,3,0.25,59,28
MYLK,2,3,0.12121212121212122,24,15
CDK1,2,3,0.5813953488372093,34,36
ACTA2,2,3,0.05555555555555555,24,16
CAVIN2,2,3,0.014925373134328358,55,15
CAVIN1,2,3,0.07936507936507936,55,15
LY86,2,3,0.5813953488372093,34,36
KLRD1,2,3,0.25806451612903225,26,15
HLA-DQB2,2,3,0.08139534883720931,59,36
IL2RA,2,3,0.40540540540540543,26,28
CCL19,2,3,0.12121212121212122,24,15
TNFRSF9,2,3,0.06578947368421052,55,28
CLECL1,2,3,0.5813953488372093,34,36
FBN1,2,3,0.06578947368421052,55,28
KCNMA1,2,3,0.25,59,28
TNFRSF13B,2,3,0.5813953488372093,34,36
TNFRSF17,2,3,0.5813953488372093,34,36
MS4A4A,2,3,0.25,59,28
GZMK,2,3,0.25806451612903225,26,15
APOLD1,2,3,0.0625,55,15
TOP2A,2,3,0.5813953488372093,34,36
CD68,2,3,0.25,59,28
CXCL10,2,3,0.058823529411764705,59,15
CLEC10A,2,3,0.027777777777777776,59,17
DUSP2,2,3,0.40540540540540543,26,28
MTRNR2L11,2,3,0.0,34,28
DNASE1L3,2,3,0.014084507042253521,59,15
IL3RA,2,3,0.014084507042253521,59,15
RTKN2,2,3,0.40540540540540543,26,28
LILRA4,2,3,0.08139534883720931,59,36
CTSK,2,3,0.02040816326530612,24,28
C7,2,3,0.05714285714285714,24,15
ADGRL4,2,3,0.07936507936507936,55,15
SLAMF1,2,3,0.0,15,28
PDGFRB,2,3,0.12121212121212122,24,15
DST,2,3,0.25,59,28
MMRN2,2,3,0.06578947368421052,55,28
SFRP4,2,3,0.12,15,15
CD93,2,3,0.0967741935483871,55,15
FKBP11,2,3,0.5813953488372093,34,36
CSF2RA,2,3,0.25,59,28
GZMA,2,3,0.25806451612903225,26,15
MNDA,2,3,0.25,59,28
PROX1,2,3,0.0625,55,15
SH2D3C,2,3,0.038461538461538464,55,28
HAVCR2,2,3,0.25,59,28
PLD4,2,3,0.08139534883720931,59,36
MYH11,2,3,0.037037037037037035,15,15
ADAMTS1,2,3,0.02631578947368421,24,17
CCR2,2,3,0.0,34,15
GNG11,2,3,0.07936507936507936,55,15
CD86,2,3,0.08139534883720931,59,36
FOXP3,2,3,0.40540540540540543,26,28
MARCO,2,3,0.0,55,18
CENPF,2,3,0.5813953488372093,34,36
GZMB,2,3,0.0,59,15
FCGR3A,2,3,0.02857142857142857,59,15
PRF1,2,3,0.25806451612903225,26,15
LILRB2,2,3,0.25,59,28
THY1,2,3,0.0967741935483871,55,15
FAS,2,3,0.02040816326530612,24,28
EDNRB,2,3,0.0967741935483871,55,15
DPT,2,3,0.0,24,15
CD14,2,3,0.014084507042253521,59,15
TCIM,2,3,0.12121212121212122,24,15
KLRC1,2,3,0.25806451612903225,26,15
COCH,2,3,0.0,15,36
LTBP2,2,3,0.0625,55,15
AMY2A,2,3,0.038461538461538464,55,28
FBLN1,2,3,0.027777777777777776,24,15
SMYD2,2,3,0.038461538461538464,55,28
MRC1,2,3,0.014084507042253521,59,15
CCNB2,2,3,0.5813953488372093,34,36
ACKR1,2,3,0.0967741935483871,55,15
ECSCR,2,3,0.0967741935483871,55,15
EGFL7,2,3,0.0,55,17
NKG7,2,3,0.25806451612903225,26,15
PMP22,2,3,0.0967741935483871,55,15
IGF1,2,3,0.058823529411764705,59,15
UBE2C,2,3,0.5813953488372093,34,36
RBP5,2,3,0.0967741935483871,55,15
PDGFRA,2,3,0.05714285714285714,24,15
BTNL9,2,3,0.014705882352941176,55,16
SLC26A2,2,3,0.06578947368421052,55,28
CLEC14A,2,3,0.014492753623188406,55,17
PPARG,2,3,0.058823529411764705,59,15
THAP2,2,3,0.0,15,28
MCF2L,2,3,0.0625,55,15
INMT,2,3,0.05555555555555555,24,16
CD1E,2,3,0.02857142857142857,59,15
TM4SF18,2,3,0.0625,55,15
EDN1,2,3,0.014925373134328358,55,15
NPDC1,2,3,0.0,55,17
FHL2,2,3,0.05555555555555555,24,16
RGS16,2,3,0.014705882352941176,55,16
FCN1,2,3,0.027777777777777776,59,17
RAMP2,2,3,0.0625,55,15
RAPGEF3,2,3,0.0625,55,15
MEST,2,3,0.0625,55,15
KIT,2,3,0.034482758620689655,15,17
GEM,2,3,0.0,24,15
VCAN,2,3,0.02631578947368421,24,17
SPI1,2,3,0.028169014084507043,59,16
FCGR1A,2,3,0.058823529411764705,59,15
DES,2,3,0.07692307692307693,15,15
STEAP4,2,3,0.034482758620689655,15,17
ERG,2,3,0.014492753623188406,55,17
PCOLCE,2,3,0.12121212121212122,24,15
VWA5A,2,3,0.0,15,15
COL5A2,2,3,0.05714285714285714,24,15
PTN,2,3,0.027777777777777776,24,15
CFB,2,3,0.07936507936507936,55,15
MET,2,3,0.0967741935483871,55,15
CAV1,2,3,0.0,55,16
GATM,2,3,0.014084507042253521,59,15
OGN,2,3,0.037037037037037035,15,15
PDPN,2,3,0.0967741935483871,55,15
MFAP5,2,3,0.034482758620689655,15,17
MALL,2,3,0.014925373134328358,55,15
CLEC4E,2,3,0.028169014084507043,59,16
RIDA,2,3,0.037037037037037035,15,15
CRISPLD2,2,3,0.027777777777777776,24,15
ELF5,2,3,0.0,15,15
GHRL,2,3,0.028169014084507043,59,16
SEMA3C,2,3,0.0,15,15
CPA3,2,3,0.12,15,15
SRPX,2,3,0.0,24,17
VSIG4,2,3,0.0,59,17
NTN4,2,3,0.043478260869565216,59,15
FSTL3,2,3,0.027777777777777776,24,15
ANPEP,2,3,0.0,59,16
CFHR3,2,3,0.027777777777777776,24,15
GYPA,2,3,0.0,15,15
APOBEC3A,2,3,0.037037037037037035,15,15
AQP3,2,3,0.020833333333333332,34,17
ANGPT2,2,3,0.0625,55,15
APCDD1,2,3,0.0,15,15
SLC4A1,2,3,0.0,18,17
SFRP2,2,3,0.12,15,15
DERL3,2,3,0.03571428571428571,15,16
CD274,2,3,0.043478260869565216,59,15
CXCL6,2,3,0.037037037037037035,15,15
IL1R2,2,3,0.027777777777777776,59,17
CYP4B1,2,3,0.0,15,15
SOX17,2,3,0.11538461538461539,15,16
LIF,2,3,0.020833333333333332,34,17
ASPN,2,3,0.027777777777777776,24,15
LILRB4,2,3,0.0,59,15
CNN1,2,3,0.03571428571428571,15,16
MS4A2,2,3,0.0,15,17
BMX,2,3,0.0967741935483871,55,15
ADGRE1,2,3,0.043478260869565216,59,15
LAG3,2,3,0.0,34,17
CYP2A7,2,3,0.11538461538461539,15,16
EHF,2,3,0.043478260869565216,59,15
GPC3,2,3,0.034482758620689655,15,17
SMIM24,2,3,0.11538461538461539,15,16
RERGL,2,3,0.037037037037037035,15,15
SOX2,2,3,0.0,15,16
ESR1,2,3,0.03571428571428571,15,16
STC1,2,3,0.034482758620689655,15,17
HEMGN,2,3,0.07142857142857142,15,17
BAMBI,2,3,0.0967741935483871,55,15
MEDAG,2,3,0.037037037037037035,15,15
HEPACAM2,2,3,0.11538461538461539,15,16
FCER1A,2,3,0.0,15,16
PLIN4,2,3,0.14814814814814814,15,18
FXYD2,2,3,0.0,15,15
SERPINB3,2,3,0.0,15,15
PLAC9,2,3,0.0,15,17
ALAS2,2,3,0.03225806451612903,18,16
EPCAM,2,3,0.0,15,16
AHSP,2,3,0.06896551724137931,18,15
SNCA,2,3,0.0,15,15
RND1,2,3,0.034482758620689655,15,17
ASCL3,2,3,0.07692307692307693,15,15
CLCA1,2,3,0.07692307692307693,15,15
CFAP53,2,3,0.037037037037037035,15,15
STC2,2,3,0.0,55,15
ALDH1A3,2,3,0.034482758620689655,15,17
CFHR1,2,3,0.0,15,15
TMEM100,2,3,0.0,15,15
CD1A,2,3,0.0,15,15
PPP1R1A,2,3,0.0,15,17
IL1RL1,2,3,0.07692307692307693,15,15
TSPAN19,2,3,0.07142857142857142,15,17
CYP1A1,2,3,0.07692307692307693,15,15
FGFBP2,2,3,0.07692307692307693,15,15
EGFR,2,3,0.0,15,15
CYP2F1,2,3,0.034482758620689655,15,17
SNTN,2,3,0.037037037037037035,15,15
TIMP4,2,3,0.037037037037037035,15,15
GATA2,2,3,0.07692307692307693,15,15
HAMP,2,3,0.12,15,15
PPP1R1B,2,3,0.07142857142857142,15,17
ADH1C,2,3,0.034482758620689655,15,17
CCDC39,2,3,0.037037037037037035,15,15
CFTR,2,3,0.0,15,17
TMC5,2,3,0.034482758620689655,15,17
PGR,2,3,0.037037037037037035,15,15
AGER,2,3,0.034482758620689655,15,17
MAMDC2,2,3,0.03225806451612903,18,16
AR,2,3,0.037037037037037035,15,15
C15orf48,2,3,0.07692307692307693,15,15
S100A1,2,3,0.034482758620689655,15,17
SOX18,2,3,0.037037037037037035,15,15
SNAI1,2,3,0.037037037037037035,15,15
CLIC6,2,3,0.03333333333333333,18,15
SLC26A3,2,3,0.14814814814814814,18,15
TM4SF4,2,3,0.12,15,15
THBS2,2,3,0.06451612903225806,18,17
AQP9,2,3,0.14814814814814814,18,15
SLC18A2,2,3,0.07692307692307693,15,15
ERBB2,2,3,0.0,15,15
GPC1,2,3,0.14814814814814814,18,15
TAC1,2,3,0.0,15,15
FGFBP1,2,3,0.07692307692307693,15,15
C6orf118,2,3,0.03333333333333333,18,15
APOA5,2,3,0.0,18,17
DNAAF1,2,3,0.06896551724137931,18,15
ACE2,2,3,0.06896551724137931,18,15
CLCA2,2,3,0.0,15,15
MCEMP1,2,3,0.14814814814814814,18,15
TBX3,2,3,0.06451612903225806,18,17
CYP2B6,2,3,0.07692307692307693,15,15
SCGN,2,3,0.12,15,15
OPRPN,2,3,0.014925373134328358,55,15
CD300E,2,3,0.06451612903225806,18,17
CAPN8,2,3,0.037037037037037035,15,15
SCGB2A1,2,3,0.0,15,15
GPRC5A,2,3,0.037037037037037035,15,15
CCDC78,2,3,0.14814814814814814,18,15
CTSG,2,3,0.0,15,19
ADIPOQ,2,3,0.12,15,15
C1orf194,2,3,0.0,55,15
LILRA5,2,3,0.07692307692307693,15,15
HPGDS,2,3,0.0,15,15
KCNK3,2,3,0.03571428571428571,15,16
LPL,2,3,0.03333333333333333,15,18
GYPB,2,3,0.037037037037037035,15,15
GKN2,2,3,0.037037037037037035,15,15
C5orf46,2,3,0.037037037037037035,15,15
SELE,2,3,0.12,15,15
SERPINB2,2,3,0.11538461538461539,15,16
DIRAS3,2,3,0.12,15,15
PRG4,2,3,0.11538461538461539,15,16
LGI4,2,3,0.11538461538461539,15,16
COL17A1,2,3,0.11538461538461539,15,16
SFTA2,2,3,0.037037037037037035,15,15
HIGD1B,2,3,0.11538461538461539,15,16
DPEP1,2,3,0.11538461538461539,15,16
PCP4,2,3,0.07692307692307693,15,15
CSF3,2,3,0.11538461538461539,15,16
TREM2,2,3,0.0,15,17
TMEM52B,2,3,0.037037037037037035,15,15
AGR3,2,3,0.12,15,15
AQP8,2,3,0.12,15,15
ARFGEF3,2,3,0.0,18,18
SNCG,2,3,0.03333333333333333,15,18
SLC22A8,2,3,0.11538461538461539,15,16
PEBP4,2,3,0.0,15,15
BBOX1,2,3,0.0,15,16
CYP3A4,2,3,0.07692307692307693,15,15
FOXI1,2,3,0.12,15,15
S100A12,2,3,0.1111111111111111,15,17
HPX,2,3,0.2,15,17
LGR5,2,3,0.2,15,17
NAT8,2,3,0.07692307692307693,15,15
PCSK2,2,3,0.2,15,17
ASCL1,2,3,0.2,15,17
PVALB,2,3,0.07692307692307693,15,15
FCN2,2,3,0.0,15,18
GCG,2,3,0.1111111111111111,15,17
CD70,2,3,0.2,15,17
UMOD,2,3,0.1111111111111111,15,17
FOXJ1,2,3,0.07692307692307693,15,15
MLPH,2,3,0.2,15,17
GLYATL1,2,3,0.1111111111111111,15,17
KRT20,2,3,0.07692307692307693,15,15
ADH4,2,3,0.14814814814814814,15,18
CA4,2,3,0.2,26,18
CDH16,2,3,0.14814814814814814,15,18
AQP2,2,3,0.14814814814814814,15,18
DMBT1,2,3,0.14814814814814814,15,18
CHGA,2,3,0.2,26,18
CCL27,2,3,0.025,26,17
KNG1,2,3,0.025,26,17
PPY,2,3,0.2,26,18
MLANA,2,3,0.2,26,18
HMGCS2,2,3,0.2,26,18
CRHBP,2,3,0.03225806451612903,15,19
TFF2,2,3,0.2,26,18
GDF15,2,3,0.03225806451612903,15,19
PDCD1,2,3,0.2,26,18
SST,2,3,0.2,26,18
INS,2,3,0.5357142857142857,26,19
FOXA1,2,3,0.5357142857142857,26,19
TMEM174,2,3,0.5357142857142857,26,19
TCF15,2,3,0.5357142857142857,26,19
KLK11,2,3,0.5357142857142857,26,19
SPDEF,2,3,0.5357142857142857,26,19
ABCC11,2,3,0.5357142857142857,26,19
HES4,2,3,0.5357142857142857,26,19
C20orf85,2,3,0.5357142857142857,26,19
TAT,2,3,0.5357142857142857,26,19
MYBPC1,2,3,0.5357142857142857,26,19
LY6D,2,3,0.5357142857142857,26,19
UPK3B,2,3,0.5357142857142857,26,19
GPX2,2,3,0.5357142857142857,26,19
RETN,2,3,0.5357142857142857,26,19
KRT7,2,3,0.5357142857142857,26,19
MS4A1,2,4,0.2,34,28
CXCR4,2,4,0.2,34,28
TRAC,2,4,0.47058823529411764,26,51
PTPRC,2,4,0.47058823529411764,26,51
IL7R,2,4,0.47058823529411764,26,51
BANK1,2,4,0.2,34,28
PTGDS,2,4,0.46551724137931033,59,28
CD79A,2,4,0.2,34,28
MPEG1,2,4,0.21428571428571427,59,28
CYTIP,2,4,0.47058823529411764,26,51
PECAM1,2,4,0.21428571428571427,55,15
SELL,2,4,0.31746031746031744,34,51
IRF8,2,4,0.21428571428571427,59,28
CD3E,2,4,0.47058823529411764,26,51
BASP1,2,4,0.21428571428571427,59,28
TCL1A,2,4,0.21428571428571427,59,28
CCR7,2,4,0.0,26,28
PCNA,2,4,0.31746031746031744,34,51
AIF1,2,4,0.46551724137931033,59,28
CD3D,2,4,0.47058823529411764,26,51
FGL2,2,4,0.46551724137931033,59,28
CD4,2,4,0.46551724137931033,59,28
PLCG2,2,4,0.2,34,28
MDM2,2,4,0.31746031746031744,34,51
CD2,2,4,0.47058823529411764,26,51
MKI67,2,4,0.31746031746031744,34,51
SERPINB9,2,4,0.07936507936507936,55,15
MS4A6A,2,4,0.46551724137931033,59,28
CD19,2,4,0.2,34,28
TENT5C,2,4,0.31746031746031744,34,51
CTLA4,2,4,0.47058823529411764,26,51
ACTG2,2,4,0.31746031746031744,34,51
MZB1,2,4,0.31746031746031744,34,51
CD28,2,4,0.47058823529411764,26,51
GPR183,2,4,0.0,59,51
CD34,2,4,0.21428571428571427,55,15
KLRB1,2,4,0.47058823529411764,26,51
CD247,2,4,0.47058823529411764,26,51
MYC,2,4,0.009708737864077669,55,51
CXCL2,2,4,0.23636363636363636,55,15
C1orf162,2,4,0.46551724137931033,59,28
CD83,2,4,0.21428571428571427,59,28
CD69,2,4,0.47058823529411764,26,51
ADAM28,2,4,0.2,34,28
CCL5,2,4,0.47058823529411764,26,51
BCL2L11,2,4,0.31746031746031744,34,51
TFPI,2,4,0.23636363636363636,55,15
CXCL9,2,4,0.11428571428571428,59,21
PRDM1,2,4,0.31746031746031744,34,51
TNC,2,4,0.09230769230769231,55,18
LYVE1,2,4,0.23636363636363636,55,15
VWF,2,4,0.21428571428571427,55,15
IGSF6,2,4,0.46551724137931033,59,28
CD5L,2,4,0.46551724137931033,59,28
CD1C,2,4,0.21428571428571427,59,28
MEF2C,2,4,0.2,34,28
MMRN1,2,4,0.23636363636363636,55,15
PLA2G7,2,4,0.46551724137931033,59,28
GNLY,2,4,0.47058823529411764,26,51
LAMP3,2,4,0.21428571428571427,59,28
TCF4,2,4,0.21428571428571427,59,28
GLIPR1,2,4,0.21428571428571427,59,28
CD27,2,4,0.31746031746031744,34,51
CD163,2,4,0.46551724137931033,59,28
SLAMF7,2,4,0.31746031746031744,34,51
CD8A,2,4,0.47058823529411764,26,51
SPIB,2,4,0.21428571428571427,59,28
MYLK,2,4,0.3333333333333333,24,18
CDK1,2,4,0.31746031746031744,34,51
ACTA2,2,4,0.3333333333333333,24,18
CAVIN2,2,4,0.23636363636363636,55,15
CAVIN1,2,4,0.21428571428571427,55,15
LY86,2,4,0.2,34,28
KLRD1,2,4,0.47058823529411764,26,51
HLA-DQB2,2,4,0.21428571428571427,59,28
IL2RA,2,4,0.47058823529411764,26,51
CCL19,2,4,0.3333333333333333,24,18
TNFRSF9,2,4,0.07936507936507936,55,15
CLECL1,2,4,0.2,34,28
FBN1,2,4,0.07936507936507936,55,15
KCNMA1,2,4,0.46551724137931033,59,28
TNFRSF13B,2,4,0.2,34,28
TNFRSF17,2,4,0.31746031746031744,34,51
MS4A4A,2,4,0.46551724137931033,59,28
GZMK,2,4,0.47058823529411764,26,51
APOLD1,2,4,0.21428571428571427,55,15
TOP2A,2,4,0.31746031746031744,34,51
CD68,2,4,0.46551724137931033,59,28
CXCL10,2,4,0.11428571428571428,59,21
CLEC10A,2,4,0.46551724137931033,59,28
DUSP2,2,4,0.47058823529411764,26,51
MTRNR2L11,2,4,0.31746031746031744,34,51
DNASE1L3,2,4,0.46551724137931033,59,28
IL3RA,2,4,0.21428571428571427,59,28
RTKN2,2,4,0.47058823529411764,26,51
LILRA4,2,4,0.21428571428571427,59,28
CTSK,2,4,0.3333333333333333,24,18
C7,2,4,0.3333333333333333,24,18
ADGRL4,2,4,0.21428571428571427,55,15
SLAMF1,2,4,0.015873015873015872,15,51
PDGFRB,2,4,0.3333333333333333,24,18
DST,2,4,0.46551724137931033,59,28
MMRN2,2,4,0.23636363636363636,55,15
SFRP4,2,4,0.1111111111111111,15,17
CD93,2,4,0.21428571428571427,55,15
FKBP11,2,4,0.31746031746031744,34,51
CSF2RA,2,4,0.46551724137931033,59,28
GZMA,2,4,0.47058823529411764,26,51
MNDA,2,4,0.46551724137931033,59,28
PROX1,2,4,0.23636363636363636,55,15
SH2D3C,2,4,0.009708737864077669,55,51
HAVCR2,2,4,0.46551724137931033,59,28
PLD4,2,4,0.21428571428571427,59,28
MYH11,2,4,0.21739130434782608,15,15
ADAMTS1,2,4,0.3333333333333333,24,18
CCR2,2,4,0.31746031746031744,34,51
GNG11,2,4,0.21428571428571427,55,15
CD86,2,4,0.21428571428571427,59,28
FOXP3,2,4,0.47058823529411764,26,51
MARCO,2,4,0.0,55,15
CENPF,2,4,0.31746031746031744,34,51
GZMB,2,4,0.21428571428571427,59,28
FCGR3A,2,4,0.11428571428571428,59,21
PRF1,2,4,0.47058823529411764,26,51
LILRB2,2,4,0.46551724137931033,59,28
THY1,2,4,0.09230769230769231,55,18
FAS,2,4,0.15625,24,15
EDNRB,2,4,0.09230769230769231,55,18
DPT,2,4,0.3333333333333333,24,18
CD14,2,4,0.46551724137931033,59,28
TCIM,2,4,0.15625,24,15
KLRC1,2,4,0.47058823529411764,26,51
COCH,2,4,0.0625,15,21
LTBP2,2,4,0.07936507936507936,55,15
AMY2A,2,4,0.04225352112676056,55,21
FBLN1,2,4,0.15625,24,15
SMYD2,2,4,0.04225352112676056,55,21
MRC1,2,4,0.46551724137931033,59,28
CCNB2,2,4,0.31746031746031744,34,51
ACKR1,2,4,0.07936507936507936,55,15
ECSCR,2,4,0.21428571428571427,55,15
EGFL7,2,4,0.23636363636363636,55,15
NKG7,2,4,0.47058823529411764,26,51
PMP22,2,4,0.09230769230769231,55,18
IGF1,2,4,0.46551724137931033,59,28
UBE2C,2,4,0.31746031746031744,34,51
RBP5,2,4,0.09230769230769231,55,18
PDGFRA,2,4,0.3333333333333333,24,18
BTNL9,2,4,0.21428571428571427,55,15
SLC26A2,2,4,0.04225352112676056,55,21
CLEC14A,2,4,0.21428571428571427,55,15
PPARG,2,4,0.11428571428571428,59,21
THAP2,2,4,0.07692307692307693,15,15
MCF2L,2,4,0.028985507246376812,55,18
INMT,2,4,0.0,24,15
CD1E,2,4,0.46551724137931033,59,28
TM4SF18,2,4,0.21428571428571427,55,15
EDN1,2,4,0.028985507246376812,55,18
NPDC1,2,4,0.23636363636363636,55,15
FHL2,2,4,0.04878048780487805,24,21
RGS16,2,4,0.23636363636363636,55,15
FCN1,2,4,0.46551724137931033,59,28
RAMP2,2,4,0.23636363636363636,55,15
RAPGEF3,2,4,0.21428571428571427,55,15
MEST,2,4,0.028985507246376812,55,18
KIT,2,4,0.16666666666666666,15,15
GEM,2,4,0.15625,24,15
VCAN,2,4,0.02564102564102564,24,18
SPI1,2,4,0.46551724137931033,59,28
FCGR1A,2,4,0.11428571428571428,59,21
DES,2,4,0.21739130434782608,15,15
STEAP4,2,4,0.0,15,15
ERG,2,4,0.23636363636363636,55,15
PCOLCE,2,4,0.3333333333333333,24,18
VWA5A,2,4,0.0,15,15
COL5A2,2,4,0.3333333333333333,24,18
PTN,2,4,0.04878048780487805,24,21
CFB,2,4,0.09230769230769231,55,18
MET,2,4,0.23636363636363636,55,15
CAV1,2,4,0.04225352112676056,55,21
GATM,2,4,0.0,59,15
OGN,2,4,0.0625,15,21
PDPN,2,4,0.09230769230769231,55,18
MFAP5,2,4,0.037037037037037035,15,15
MALL,2,4,0.23636363636363636,55,15
CLEC4E,2,4,0.11428571428571428,59,21
RIDA,2,4,0.015873015873015872,15,51
CRISPLD2,2,4,0.15625,24,15
ELF5,2,4,0.030303030303030304,15,21
GHRL,2,4,0.46551724137931033,59,28
SEMA3C,2,4,0.06896551724137931,15,18
CPA3,2,4,0.16666666666666666,15,15
SRPX,2,4,0.02564102564102564,24,18
VSIG4,2,4,0.014084507042253521,59,15
NTN4,2,4,0.014084507042253521,59,15
FSTL3,2,4,0.04878048780487805,24,21
ANPEP,2,4,0.014084507042253521,59,15
CFHR3,2,4,0.15625,24,15
GYPA,2,4,0.10714285714285714,15,18
APOBEC3A,2,4,0.0625,15,21
AQP3,2,4,0.0,34,15
ANGPT2,2,4,0.07936507936507936,55,15
APCDD1,2,4,0.0,15,15
SLC4A1,2,4,0.0,18,18
SFRP2,2,4,0.1111111111111111,15,17
DERL3,2,4,0.07692307692307693,15,15
CD274,2,4,0.11428571428571428,59,21
CXCL6,2,4,0.06896551724137931,15,18
IL1R2,2,4,0.11428571428571428,59,21
CYP4B1,2,4,0.0,15,15
SOX17,2,4,0.10714285714285714,15,18
LIF,2,4,0.0,34,18
ASPN,2,4,0.0,24,15
LILRB4,2,4,0.46551724137931033,59,28
CNN1,2,4,0.0,15,15
MS4A2,2,4,0.16666666666666666,15,15
BMX,2,4,0.0,55,15
ADGRE1,2,4,0.014084507042253521,59,15
LAG3,2,4,0.31746031746031744,34,51
CYP2A7,2,4,0.10714285714285714,15,18
EHF,2,4,0.11428571428571428,59,21
GPC3,2,4,0.037037037037037035,15,15
SMIM24,2,4,0.07692307692307693,15,15
RERGL,2,4,0.06896551724137931,15,18
SOX2,2,4,0.07692307692307693,15,15
ESR1,2,4,0.06896551724137931,15,18
STC1,2,4,0.12,15,15
HEMGN,2,4,0.12,15,15
BAMBI,2,4,0.0,55,15
MEDAG,2,4,0.0,15,15
HEPACAM2,2,4,0.07692307692307693,15,15
FCER1A,2,4,0.0,15,16
PLIN4,2,4,0.037037037037037035,15,15
FXYD2,2,4,0.030303030303030304,15,21
SERPINB3,2,4,0.10714285714285714,15,18
PLAC9,2,4,0.07692307692307693,15,15
ALAS2,2,4,0.10714285714285714,18,15
EPCAM,2,4,0.06896551724137931,15,18
AHSP,2,4,0.06451612903225806,18,17
SNCA,2,4,0.07692307692307693,15,15
RND1,2,4,0.0,15,15
ASCL3,2,4,0.12,15,15
CLCA1,2,4,0.07692307692307693,15,15
CFAP53,2,4,0.06896551724137931,15,18
STC2,2,4,0.014705882352941176,55,16
ALDH1A3,2,4,0.07692307692307693,15,15
CFHR1,2,4,0.0,15,16
TMEM100,2,4,0.0,15,16
CD1A,2,4,0.037037037037037035,15,15
PPP1R1A,2,4,0.037037037037037035,15,15
IL1RL1,2,4,0.16666666666666666,15,15
TSPAN19,2,4,0.07692307692307693,15,15
CYP1A1,2,4,0.12,15,15
FGFBP2,2,4,0.11538461538461539,15,16
EGFR,2,4,0.12,15,15
CYP2F1,2,4,0.037037037037037035,15,15
SNTN,2,4,0.037037037037037035,15,15
TIMP4,2,4,0.11538461538461539,15,16
GATA2,2,4,0.0,15,15
HAMP,2,4,0.07692307692307693,15,15
PPP1R1B,2,4,0.12,15,15
ADH1C,2,4,0.037037037037037035,15,15
CCDC39,2,4,0.12,15,15
CFTR,2,4,0.0,15,18
TMC5,2,4,0.037037037037037035,15,15
PGR,2,4,0.11538461538461539,15,16
AGER,2,4,0.07692307692307693,15,15
MAMDC2,2,4,0.06451612903225806,18,17
AR,2,4,0.07692307692307693,15,15
C15orf48,2,4,0.11538461538461539,15,16
S100A1,2,4,0.16666666666666666,15,15
SOX18,2,4,0.0,15,17
SNAI1,2,4,0.12,15,15
CLIC6,2,4,0.10344827586206896,18,16
SLC26A3,2,4,0.03333333333333333,18,15
TM4SF4,2,4,0.0,15,15
THBS2,2,4,0.06451612903225806,18,17
AQP9,2,4,0.03333333333333333,18,15
SLC18A2,2,4,0.03571428571428571,15,16
ERBB2,2,4,0.0,15,15
GPC1,2,4,0.10714285714285714,18,15
TAC1,2,4,0.07692307692307693,15,15
FGFBP1,2,4,0.0,15,15
C6orf118,2,4,0.06896551724137931,18,15
APOA5,2,4,0.10344827586206896,18,16
DNAAF1,2,4,0.10344827586206896,18,16
ACE2,2,4,0.10714285714285714,18,15
CLCA2,2,4,0.03571428571428571,15,16
MCEMP1,2,4,0.10344827586206896,18,16
TBX3,2,4,0.10714285714285714,18,15
CYP2B6,2,4,0.21739130434782608,15,15
SCGN,2,4,0.07692307692307693,15,15
OPRPN,2,4,0.014705882352941176,55,16
CD300E,2,4,0.06896551724137931,18,15
CAPN8,2,4,0.21739130434782608,15,15
SCGB2A1,2,4,0.0,15,16
GPRC5A,2,4,0.21739130434782608,15,15
CCDC78,2,4,0.06896551724137931,18,15
CTSG,2,4,0.0,15,15
ADIPOQ,2,4,0.15384615384615385,15,17
C1orf194,2,4,0.0,55,15
LILRA5,2,4,0.037037037037037035,15,15
HPGDS,2,4,0.0,15,15
KCNK3,2,4,0.21739130434782608,15,15
LPL,2,4,0.12,15,15
GYPB,2,4,0.15384615384615385,15,17
GKN2,2,4,0.1111111111111111,15,17
C5orf46,2,4,0.15384615384615385,15,17
SELE,2,4,0.1111111111111111,15,17
SERPINB2,2,4,0.16666666666666666,15,15
DIRAS3,2,4,0.037037037037037035,15,15
PRG4,2,4,0.037037037037037035,15,15
LGI4,2,4,0.07142857142857142,15,17
COL17A1,2,4,0.16666666666666666,15,15
SFTA2,2,4,0.16666666666666666,15,15
HIGD1B,2,4,0.07692307692307693,15,15
DPEP1,2,4,0.16666666666666666,15,15
PCP4,2,4,0.037037037037037035,15,15
CSF3,2,4,0.15384615384615385,15,17
TREM2,2,4,0.12,15,15
TMEM52B,2,4,0.16666666666666666,15,15
AGR3,2,4,0.12,15,15
AQP8,2,4,0.15384615384615385,15,17
ARFGEF3,2,4,0.0,18,15
SNCG,2,4,0.0,15,15
SLC22A8,2,4,0.07142857142857142,15,17
PEBP4,2,4,0.07692307692307693,15,15
BBOX1,2,4,0.16666666666666666,15,15
CYP3A4,2,4,0.07142857142857142,15,17
FOXI1,2,4,0.12,15,15
S100A12,2,4,0.16666666666666666,15,15
HPX,2,4,0.2727272727272727,15,15
LGR5,2,4,0.2727272727272727,15,15
NAT8,2,4,0.0,15,17
PCSK2,2,4,0.07692307692307693,15,15
ASCL1,2,4,0.2727272727272727,15,15
PVALB,2,4,0.2727272727272727,15,15
FCN2,2,4,0.2727272727272727,15,15
GCG,2,4,0.16666666666666666,15,15
CD70,2,4,0.2727272727272727,15,15
UMOD,2,4,0.21739130434782608,15,15
FOXJ1,2,4,0.16666666666666666,15,15
MLPH,2,4,0.2727272727272727,15,15
GLYATL1,2,4,0.21739130434782608,15,15
KRT20,2,4,0.16666666666666666,15,15
ADH4,2,4,0.21739130434782608,15,15
CA4,2,4,0.3,26,15
CDH16,2,4,0.21739130434782608,15,15
AQP2,2,4,0.21739130434782608,15,15
DMBT1,2,4,0.21739130434782608,15,15
CHGA,2,4,0.02631578947368421,26,15
CCL27,2,4,0.02631578947368421,26,15
KNG1,2,4,0.3,26,15
PPY,2,4,0.3,26,15
MLANA,2,4,0.3,26,15
HMGCS2,2,4,0.3,26,15
CRHBP,2,4,0.037037037037037035,15,15
TFF2,2,4,0.3,26,15
GDF15,2,4,0.0,15,15
PDCD1,2,4,0.3,26,15
SST,2,4,0.3,26,15
INS,2,4,0.3,26,15
FOXA1,2,4,0.5,26,15
TMEM174,2,4,0.5,26,15
TCF15,2,4,0.5,26,15
KLK11,2,4,0.5,26,15
SPDEF,2,4,0.3,26,15
ABCC11,2,4,0.5,26,15
HES4,2,4,0.5,26,15
C20orf85,2,4,0.5,26,15
TAT,2,4,0.5,26,15
MYBPC1,2,4,0.5,26,15
LY6D,2,4,0.5,26,15
UPK3B,2,4,0.5,26,15
GPX2,2,4,0.5,26,15
RETN,2,4,0.5,26,15
KRT7,2,4,0.5,26,15
MS4A1,2,5,0.5384615384615384,34,48
CXCR4,2,5,0.5384615384615384,34,48
TRAC,2,5,0.3448275862068966,26,15
PTPRC,2,5,0.02857142857142857,26,48
IL7R,2,5,0.3448275862068966,26,15
BANK1,2,5,0.5384615384615384,34,48
PTGDS,2,5,0.28125,59,25
CD79A,2,5,0.5384615384615384,34,48
MPEG1,2,5,0.09375,59,48
CYTIP,2,5,0.3448275862068966,26,15
PECAM1,2,5,0.2608695652173913,55,34
SELL,2,5,0.5384615384615384,34,48
IRF8,2,5,0.09375,59,48
CD3E,2,5,0.3448275862068966,26,15
BASP1,2,5,0.09375,59,48
TCL1A,2,5,0.09375,59,48
CCR7,2,5,0.15384615384615385,26,21
PCNA,2,5,0.5384615384615384,34,48
AIF1,2,5,0.28125,59,25
CD3D,2,5,0.3448275862068966,26,15
FGL2,2,5,0.014084507042253521,59,15
CD4,2,5,0.28125,59,25
PLCG2,2,5,0.5384615384615384,34,48
MDM2,2,5,0.5384615384615384,34,48
CD2,2,5,0.3448275862068966,26,15
MKI67,2,5,0.5384615384615384,34,48
SERPINB9,2,5,0.01,55,48
MS4A6A,2,5,0.28125,59,25
CD19,2,5,0.5384615384615384,34,48
TENT5C,2,5,0.5384615384615384,34,48
CTLA4,2,5,0.3448275862068966,26,15
ACTG2,2,5,0.5384615384615384,34,48
MZB1,2,5,0.5384615384615384,34,48
CD28,2,5,0.3448275862068966,26,15
GPR183,2,5,0.05405405405405406,59,21
CD34,2,5,0.2608695652173913,55,34
KLRB1,2,5,0.3448275862068966,26,15
CD247,2,5,0.3448275862068966,26,15
MYC,2,5,0.07462686567164178,55,19
CXCL2,2,5,0.0,55,15
C1orf162,2,5,0.05405405405405406,59,21
CD83,2,5,0.09375,59,48
CD69,2,5,0.0,26,19
ADAM28,2,5,0.5384615384615384,34,48
CCL5,2,5,0.15384615384615385,26,21
BCL2L11,2,5,0.5384615384615384,34,48
TFPI,2,5,0.0136986301369863,55,21
CXCL9,2,5,0.03409090909090909,59,34
PRDM1,2,5,0.5384615384615384,34,48
TNC,2,5,0.0136986301369863,55,21
LYVE1,2,5,0.014925373134328358,55,15
VWF,2,5,0.2608695652173913,55,34
IGSF6,2,5,0.28125,59,25
CD5L,2,5,0.043478260869565216,59,15
CD1C,2,5,0.09375,59,48
MEF2C,2,5,0.5384615384615384,34,48
MMRN1,2,5,0.014925373134328358,55,15
PLA2G7,2,5,0.28125,59,25
GNLY,2,5,0.02631578947368421,26,15
LAMP3,2,5,0.014084507042253521,59,15
TCF4,2,5,0.09375,59,48
GLIPR1,2,5,0.05405405405405406,59,21
CD27,2,5,0.044444444444444446,34,15
CD163,2,5,0.0,59,15
SLAMF7,2,5,0.5384615384615384,34,48
CD8A,2,5,0.15384615384615385,26,21
SPIB,2,5,0.09375,59,48
MYLK,2,5,0.037037037037037035,24,34
CDK1,2,5,0.5384615384615384,34,48
ACTA2,2,5,0.037037037037037035,24,34
CAVIN2,2,5,0.07936507936507936,55,15
CAVIN1,2,5,0.2608695652173913,55,34
LY86,2,5,0.5384615384615384,34,48
KLRD1,2,5,0.02631578947368421,26,15
HLA-DQB2,2,5,0.09375,59,48
IL2RA,2,5,0.0,26,25
CCL19,2,5,0.05714285714285714,24,15
TNFRSF9,2,5,0.0967741935483871,55,15
CLECL1,2,5,0.5384615384615384,34,48
FBN1,2,5,0.0967741935483871,55,15
KCNMA1,2,5,0.28125,59,25
TNFRSF13B,2,5,0.5384615384615384,34,48
TNFRSF17,2,5,0.5384615384615384,34,48
MS4A4A,2,5,0.28125,59,25
GZMK,2,5,0.15384615384615385,26,21
APOLD1,2,5,0.2608695652173913,55,34
TOP2A,2,5,0.5384615384615384,34,48
CD68,2,5,0.28125,59,25
CXCL10,2,5,0.0,59,15
CLEC10A,2,5,0.058823529411764705,59,15
DUSP2,2,5,0.02857142857142857,26,48
MTRNR2L11,2,5,0.5384615384615384,34,48
DNASE1L3,2,5,0.014084507042253521,59,15
IL3RA,2,5,0.05405405405405406,59,21
RTKN2,2,5,0.02857142857142857,26,48
LILRA4,2,5,0.014084507042253521,59,15
CTSK,2,5,0.075,24,21
C7,2,5,0.0,24,15
ADGRL4,2,5,0.2608695652173913,55,34
SLAMF1,2,5,0.03389830508474576,15,48
PDGFRB,2,5,0.037037037037037035,24,34
DST,2,5,0.28125,59,25
MMRN2,2,5,0.07936507936507936,55,15
SFRP4,2,5,0.0,15,15
CD93,2,5,0.2608695652173913,55,34
FKBP11,2,5,0.5384615384615384,34,48
CSF2RA,2,5,0.28125,59,25
GZMA,2,5,0.15384615384615385,26,21
MNDA,2,5,0.05405405405405406,59,21
PROX1,2,5,0.014925373134328358,55,15
SH2D3C,2,5,0.07462686567164178,55,19
HAVCR2,2,5,0.28125,59,25
PLD4,2,5,0.0410958904109589,59,19
MYH11,2,5,0.0,15,48
ADAMTS1,2,5,0.05714285714285714,24,15
CCR2,2,5,0.0,34,15
GNG11,2,5,0.2608695652173913,55,34
CD86,2,5,0.09375,59,48
FOXP3,2,5,0.3448275862068966,26,15
MARCO,2,5,0.0,55,15
CENPF,2,5,0.5384615384615384,34,48
GZMB,2,5,0.043478260869565216,59,15
FCGR3A,2,5,0.03409090909090909,59,34
PRF1,2,5,0.15384615384615385,26,21
LILRB2,2,5,0.0410958904109589,59,19
THY1,2,5,0.2608695652173913,55,34
FAS,2,5,0.0,24,25
EDNRB,2,5,0.2608695652173913,55,34
DPT,2,5,0.075,24,21
CD14,2,5,0.28125,59,25
TCIM,2,5,0.05714285714285714,24,15
KLRC1,2,5,0.0,26,15
COCH,2,5,0.0,15,21
LTBP2,2,5,0.0967741935483871,55,15
AMY2A,2,5,0.0967741935483871,55,15
FBLN1,2,5,0.0,24,15
SMYD2,2,5,0.07462686567164178,55,19
MRC1,2,5,0.058823529411764705,59,15
CCNB2,2,5,0.5384615384615384,34,48
ACKR1,2,5,0.07936507936507936,55,15
ECSCR,2,5,0.2608695652173913,55,34
EGFL7,2,5,0.2608695652173913,55,34
NKG7,2,5,0.15384615384615385,26,21
PMP22,2,5,0.0,55,25
IGF1,2,5,0.28125,59,25
UBE2C,2,5,0.5384615384615384,34,48
RBP5,2,5,0.0967741935483871,55,15
PDGFRA,2,5,0.05714285714285714,24,15
BTNL9,2,5,0.2608695652173913,55,34
SLC26A2,2,5,0.07462686567164178,55,19
CLEC14A,2,5,0.2608695652173913,55,34
PPARG,2,5,0.28125,59,25
THAP2,2,5,0.03225806451612903,15,19
MCF2L,2,5,0.07936507936507936,55,15
INMT,2,5,0.05714285714285714,24,15
CD1E,2,5,0.058823529411764705,59,15
TM4SF18,2,5,0.07936507936507936,55,15
EDN1,2,5,0.2608695652173913,55,34
NPDC1,2,5,0.2608695652173913,55,34
FHL2,2,5,0.025,24,19
RGS16,2,5,0.01,55,48
FCN1,2,5,0.03409090909090909,59,34
RAMP2,2,5,0.2608695652173913,55,34
RAPGEF3,2,5,0.2608695652173913,55,34
MEST,2,5,0.07462686567164178,55,19
KIT,2,5,0.0,15,19
GEM,2,5,0.05714285714285714,24,15
VCAN,2,5,0.025,24,19
SPI1,2,5,0.0410958904109589,59,19
FCGR1A,2,5,0.03409090909090909,59,34
DES,2,5,0.037037037037037035,15,15
STEAP4,2,5,0.0,15,15
ERG,2,5,0.014705882352941176,55,16
PCOLCE,2,5,0.05555555555555555,24,16
VWA5A,2,5,0.0,15,15
COL5A2,2,5,0.075,24,21
PTN,2,5,0.05714285714285714,24,15
CFB,2,5,0.0967741935483871,55,15
MET,2,5,0.07462686567164178,55,19
CAV1,2,5,0.2608695652173913,55,34
GATM,2,5,0.0410958904109589,59,19
OGN,2,5,0.0,15,15
PDPN,2,5,0.0967741935483871,55,15
MFAP5,2,5,0.021739130434782608,15,34
MALL,2,5,0.014705882352941176,55,16
CLEC4E,2,5,0.28125,59,25
RIDA,2,5,0.03389830508474576,15,48
CRISPLD2,2,5,0.075,24,21
ELF5,2,5,0.021739130434782608,15,34
GHRL,2,5,0.28125,59,25
SEMA3C,2,5,0.037037037037037035,15,15
CPA3,2,5,0.07407407407407407,15,16
SRPX,2,5,0.05714285714285714,24,15
VSIG4,2,5,0.043478260869565216,59,15
NTN4,2,5,0.0,59,15
FSTL3,2,5,0.05555555555555555,24,16
ANPEP,2,5,0.043478260869565216,59,15
CFHR3,2,5,0.05714285714285714,24,15
GYPA,2,5,0.0,15,15
APOBEC3A,2,5,0.03389830508474576,15,48
AQP3,2,5,0.044444444444444446,34,15
ANGPT2,2,5,0.014925373134328358,55,15
APCDD1,2,5,0.0,15,15
SLC4A1,2,5,0.0,18,34
SFRP2,2,5,0.037037037037037035,15,15
DERL3,2,5,0.03225806451612903,15,19
CD274,2,5,0.28125,59,25
CXCL6,2,5,0.037037037037037035,15,15
IL1R2,2,5,0.058823529411764705,59,15
CYP4B1,2,5,0.0,15,15
SOX17,2,5,0.0,15,21
LIF,2,5,0.044444444444444446,34,15
ASPN,2,5,0.05555555555555555,24,16
LILRB4,2,5,0.28125,59,25
CNN1,2,5,0.12,15,15
MS4A2,2,5,0.0,15,15
BMX,2,5,0.014925373134328358,55,15
ADGRE1,2,5,0.058823529411764705,59,15
LAG3,2,5,0.0,34,34
CYP2A7,2,5,0.037037037037037035,15,15
EHF,2,5,0.0,59,15
GPC3,2,5,0.0,15,15
SMIM24,2,5,0.03571428571428571,15,16
RERGL,2,5,0.037037037037037035,15,15
SOX2,2,5,0.0,15,19
ESR1,2,5,0.0,15,15
STC1,2,5,0.07692307692307693,15,15
HEMGN,2,5,0.021739130434782608,15,34
BAMBI,2,5,0.07936507936507936,55,15
MEDAG,2,5,0.07692307692307693,15,15
HEPACAM2,2,5,0.07692307692307693,15,15
FCER1A,2,5,0.0,15,15
PLIN4,2,5,0.12,15,15
FXYD2,2,5,0.0,15,15
SERPINB3,2,5,0.07692307692307693,15,15
PLAC9,2,5,0.021739130434782608,15,34
ALAS2,2,5,0.03333333333333333,18,15
EPCAM,2,5,0.03571428571428571,15,16
AHSP,2,5,0.03333333333333333,18,15
SNCA,2,5,0.037037037037037035,15,15
RND1,2,5,0.0,15,19
ASCL3,2,5,0.07692307692307693,15,15
CLCA1,2,5,0.07692307692307693,15,15
CFAP53,2,5,0.07692307692307693,15,15
STC2,2,5,0.0,55,15
ALDH1A3,2,5,0.037037037037037035,15,15
CFHR1,2,5,0.0,15,15
TMEM100,2,5,0.0,15,15
CD1A,2,5,0.12,15,15
PPP1R1A,2,5,0.07692307692307693,15,15
IL1RL1,2,5,0.037037037037037035,15,15
TSPAN19,2,5,0.03571428571428571,15,16
CYP1A1,2,5,0.07692307692307693,15,15
FGFBP2,2,5,0.12,15,15
EGFR,2,5,0.03571428571428571,15,16
CYP2F1,2,5,0.021739130434782608,15,34
SNTN,2,5,0.03571428571428571,15,16
TIMP4,2,5,0.0,15,15
GATA2,2,5,0.07407407407407407,15,16
HAMP,2,5,0.0,15,25
PPP1R1B,2,5,0.12,15,15
ADH1C,2,5,0.0,15,15
CCDC39,2,5,0.037037037037037035,15,15
CFTR,2,5,0.037037037037037035,15,15
TMC5,2,5,0.0,15,19
PGR,2,5,0.0,15,15
AGER,2,5,0.03571428571428571,15,16
MAMDC2,2,5,0.03333333333333333,18,15
AR,2,5,0.0,15,15
C15orf48,2,5,0.021739130434782608,15,34
S100A1,2,5,0.0,15,15
SOX18,2,5,0.0,15,15
SNAI1,2,5,0.0,15,15
CLIC6,2,5,0.06896551724137931,18,15
SLC26A3,2,5,0.06896551724137931,18,15
TM4SF4,2,5,0.07407407407407407,15,16
THBS2,2,5,0.03333333333333333,18,15
AQP9,2,5,0.0,18,15
SLC18A2,2,5,0.037037037037037035,15,15
ERBB2,2,5,0.12,15,15
GPC1,2,5,0.0,18,21
TAC1,2,5,0.0,15,15
FGFBP1,2,5,0.037037037037037035,15,15
C6orf118,2,5,0.0,18,15
APOA5,2,5,0.03225806451612903,18,16
DNAAF1,2,5,0.06896551724137931,18,15
ACE2,2,5,0.03333333333333333,18,15
CLCA2,2,5,0.037037037037037035,15,15
MCEMP1,2,5,0.03225806451612903,18,16
TBX3,2,5,0.03333333333333333,18,15
CYP2B6,2,5,0.07692307692307693,15,15
SCGN,2,5,0.037037037037037035,15,15
OPRPN,2,5,0.014925373134328358,55,15
CD300E,2,5,0.0,18,15
CAPN8,2,5,0.037037037037037035,15,15
SCGB2A1,2,5,0.07692307692307693,15,15
GPRC5A,2,5,0.12,15,15
CCDC78,2,5,0.0,18,25
CTSG,2,5,0.0,15,19
ADIPOQ,2,5,0.0,15,15
C1orf194,2,5,0.0,55,15
LILRA5,2,5,0.07692307692307693,15,15
HPGDS,2,5,0.0,15,15
KCNK3,2,5,0.12,15,15
LPL,2,5,0.0,15,25
GYPB,2,5,0.037037037037037035,15,15
GKN2,2,5,0.037037037037037035,15,15
C5orf46,2,5,0.12,15,15
SELE,2,5,0.12,15,15
SERPINB2,2,5,0.12,15,15
DIRAS3,2,5,0.037037037037037035,15,15
PRG4,2,5,0.07692307692307693,15,15
LGI4,2,5,0.037037037037037035,15,15
COL17A1,2,5,0.12,15,15
SFTA2,2,5,0.12,15,15
HIGD1B,2,5,0.0,15,15
DPEP1,2,5,0.037037037037037035,15,15
PCP4,2,5,0.037037037037037035,15,15
CSF3,2,5,0.037037037037037035,15,15
TREM2,2,5,0.0,15,15
TMEM52B,2,5,0.0,15,15
AGR3,2,5,0.037037037037037035,15,15
AQP8,2,5,0.037037037037037035,15,15
ARFGEF3,2,5,0.0,18,15
SNCG,2,5,0.037037037037037035,15,15
SLC22A8,2,5,0.07692307692307693,15,15
PEBP4,2,5,0.07692307692307693,15,15
BBOX1,2,5,0.16666666666666666,15,15
CYP3A4,2,5,0.07692307692307693,15,15
FOXI1,2,5,0.0,15,15
S100A12,2,5,0.16666666666666666,15,15
HPX,2,5,0.0,15,15
LGR5,2,5,0.07692307692307693,15,15
NAT8,2,5,0.037037037037037035,15,15
PCSK2,2,5,0.0,15,15
ASCL1,2,5,0.037037037037037035,15,15
PVALB,2,5,0.07692307692307693,15,15
FCN2,2,5,0.037037037037037035,15,15
GCG,2,5,0.12,15,15
CD70,2,5,0.037037037037037035,15,15
UMOD,2,5,0.0,15,15
FOXJ1,2,5,0.16666666666666666,15,15
MLPH,2,5,0.037037037037037035,15,15
GLYATL1,2,5,0.037037037037037035,15,15
KRT20,2,5,0.037037037037037035,15,15
ADH4,2,5,0.12,15,15
CA4,2,5,0.08333333333333333,26,15
CDH16,2,5,0.16666666666666666,15,15
AQP2,2,5,0.037037037037037035,15,15
DMBT1,2,5,0.16666666666666666,15,15
CHGA,2,5,0.08333333333333333,26,15
CCL27,2,5,0.05405405405405406,26,15
KNG1,2,5,0.05405405405405406,26,15
PPY,2,5,0.5925925925925926,26,19
MLANA,2,5,0.0,26,15
HMGCS2,2,5,0.05405405405405406,26,15
CRHBP,2,5,0.0,15,19
TFF2,2,5,0.08333333333333333,26,15
GDF15,2,5,0.12,15,15
PDCD1,2,5,0.0,26,15
SST,2,5,0.08333333333333333,26,15
INS,2,5,0.5925925925925926,26,19
FOXA1,2,5,0.5925925925925926,26,19
TMEM174,2,5,0.5925925925925926,26,19
TCF15,2,5,0.5925925925925926,26,19
KLK11,2,5,0.5925925925925926,26,19
SPDEF,2,5,0.5925925925925926,26,19
ABCC11,2,5,0.5925925925925926,26,19
HES4,2,5,0.5925925925925926,26,19
C20orf85,2,5,0.5925925925925926,26,19
TAT,2,5,0.5925925925925926,26,19
MYBPC1,2,5,0.5925925925925926,26,19
LY6D,2,5,0.5925925925925926,26,19
UPK3B,2,5,0.5925925925925926,26,19
GPX2,2,5,0.5925925925925926,26,19
RETN,2,5,0.5925925925925926,26,19
KRT7,2,5,0.5925925925925926,26,19
MS4A1,3,4,0.4090909090909091,36,28
CXCR4,3,4,0.4090909090909091,36,28
TRAC,3,4,0.375,28,51
PTPRC,3,4,0.21428571428571427,36,51
IL7R,3,4,0.375,28,51
BANK1,3,4,0.4090909090909091,36,28
PTGDS,3,4,0.35,28,28
CD79A,3,4,0.4090909090909091,36,28
MPEG1,3,4,0.038461538461538464,28,28
CYTIP,3,4,0.375,28,51
PECAM1,3,4,0.0,28,15
SELL,3,4,0.21428571428571427,36,51
IRF8,3,4,0.038461538461538464,28,28
CD3E,3,4,0.375,28,51
BASP1,3,4,0.4090909090909091,36,28
TCL1A,3,4,0.4090909090909091,36,28
CCR7,3,4,0.038461538461538464,28,28
PCNA,3,4,0.21428571428571427,36,51
AIF1,3,4,0.35,28,28
CD3D,3,4,0.375,28,51
FGL2,3,4,0.35,28,28
CD4,3,4,0.0,28,28
PLCG2,3,4,0.4090909090909091,36,28
MDM2,3,4,0.21428571428571427,36,51
CD2,3,4,0.375,28,51
MKI67,3,4,0.21428571428571427,36,51
SERPINB9,3,4,0.07894736842105263,28,15
MS4A6A,3,4,0.35,28,28
CD19,3,4,0.4090909090909091,36,28
TENT5C,3,4,0.21428571428571427,36,51
CTLA4,3,4,0.375,28,51
ACTG2,3,4,0.21428571428571427,36,51
MZB1,3,4,0.21428571428571427,36,51
CD28,3,4,0.375,28,51
GPR183,3,4,0.375,28,51
CD34,3,4,0.12,15,15
KLRB1,3,4,0.375,28,51
CD247,3,4,0.375,28,51
MYC,3,4,0.375,28,51
CXCL2,3,4,0.0,15,15
C1orf162,3,4,0.35,28,28
CD83,3,4,0.038461538461538464,28,28
CD69,3,4,0.375,28,51
ADAM28,3,4,0.4090909090909091,36,28
CCL5,3,4,0.14285714285714285,15,51
BCL2L11,3,4,0.375,28,51
TFPI,3,4,0.0,15,15
CXCL9,3,4,0.13333333333333333,15,21
PRDM1,3,4,0.375,28,51
TNC,3,4,0.4090909090909091,15,18
LYVE1,3,4,0.0,15,15
VWF,3,4,0.07692307692307693,15,15
IGSF6,3,4,0.35,28,28
CD5L,3,4,0.0,15,28
CD1C,3,4,0.4090909090909091,36,28
MEF2C,3,4,0.4090909090909091,36,28
MMRN1,3,4,0.0,15,15
PLA2G7,3,4,0.35,28,28
GNLY,3,4,0.14285714285714285,15,51
LAMP3,3,4,0.0,15,28
TCF4,3,4,0.4090909090909091,36,28
GLIPR1,3,4,0.038461538461538464,28,28
CD27,3,4,0.375,28,51
CD163,3,4,0.025,15,28
SLAMF7,3,4,0.21428571428571427,36,51
CD8A,3,4,0.14285714285714285,15,51
SPIB,3,4,0.038461538461538464,28,28
MYLK,3,4,0.4090909090909091,15,18
CDK1,3,4,0.21428571428571427,36,51
ACTA2,3,4,0.0,16,18
CAVIN2,3,4,0.0,15,15
CAVIN1,3,4,0.12,15,15
LY86,3,4,0.4090909090909091,36,28
KLRD1,3,4,0.14285714285714285,15,51
HLA-DQB2,3,4,0.4090909090909091,36,28
IL2RA,3,4,0.375,28,51
CCL19,3,4,0.4090909090909091,15,18
TNFRSF9,3,4,0.07894736842105263,28,15
CLECL1,3,4,0.4090909090909091,36,28
FBN1,3,4,0.07894736842105263,28,15
KCNMA1,3,4,0.35,28,28
TNFRSF13B,3,4,0.4090909090909091,36,28
TNFRSF17,3,4,0.21428571428571427,36,51
MS4A4A,3,4,0.35,28,28
GZMK,3,4,0.14285714285714285,15,51
APOLD1,3,4,0.0,15,15
TOP2A,3,4,0.21428571428571427,36,51
CD68,3,4,0.35,28,28
CXCL10,3,4,0.13333333333333333,15,21
CLEC10A,3,4,0.023809523809523808,17,28
DUSP2,3,4,0.375,28,51
MTRNR2L11,3,4,0.0,28,51
DNASE1L3,3,4,0.025,15,28
IL3RA,3,4,0.0,15,28
RTKN2,3,4,0.375,28,51
LILRA4,3,4,0.4090909090909091,36,28
CTSK,3,4,0.0,28,18
C7,3,4,0.06896551724137931,15,18
ADGRL4,3,4,0.12,15,15
SLAMF1,3,4,0.375,28,51
PDGFRB,3,4,0.4090909090909091,15,18
DST,3,4,0.35,28,28
MMRN2,3,4,0.0,28,15
SFRP4,3,4,0.25,15,17
CD93,3,4,0.07692307692307693,15,15
FKBP11,3,4,0.21428571428571427,36,51
CSF2RA,3,4,0.35,28,28
GZMA,3,4,0.14285714285714285,15,51
MNDA,3,4,0.35,28,28
PROX1,3,4,0.037037037037037035,15,15
SH2D3C,3,4,0.375,28,51
HAVCR2,3,4,0.35,28,28
PLD4,3,4,0.4090909090909091,36,28
MYH11,3,4,0.0,15,15
ADAMTS1,3,4,0.0,17,18
CCR2,3,4,0.015873015873015872,15,51
GNG11,3,4,0.12,15,15
CD86,3,4,0.4090909090909091,36,28
FOXP3,3,4,0.375,28,51
MARCO,3,4,0.03333333333333333,18,15
CENPF,3,4,0.21428571428571427,36,51
GZMB,3,4,0.0,15,28
FCGR3A,3,4,0.13333333333333333,15,21
PRF1,3,4,0.14285714285714285,15,51
LILRB2,3,4,0.35,28,28
THY1,3,4,0.4090909090909091,15,18
FAS,3,4,0.07894736842105263,28,15
EDNRB,3,4,0.4090909090909091,15,18
DPT,3,4,0.0,15,18
CD14,3,4,0.025,15,28
TCIM,3,4,0.07692307692307693,15,15
KLRC1,3,4,0.14285714285714285,15,51
COCH,3,4,0.0,36,21
LTBP2,3,4,0.037037037037037035,15,15
AMY2A,3,4,0.021739130434782608,28,21
FBLN1,3,4,0.037037037037037035,15,15
SMYD2,3,4,0.021739130434782608,28,21
MRC1,3,4,0.025,15,28
CCNB2,3,4,0.21428571428571427,36,51
ACKR1,3,4,0.0,15,15
ECSCR,3,4,0.07692307692307693,15,15
EGFL7,3,4,0.0,17,15
NKG7,3,4,0.14285714285714285,15,51
PMP22,3,4,0.4090909090909091,15,18
IGF1,3,4,0.0,15,28
UBE2C,3,4,0.21428571428571427,36,51
RBP5,3,4,0.4090909090909091,15,18
PDGFRA,3,4,0.06896551724137931,15,18
BTNL9,3,4,0.03571428571428571,16,15
SLC26A2,3,4,0.0,28,21
CLEC14A,3,4,0.0,17,15
PPARG,3,4,0.13333333333333333,15,21
THAP2,3,4,0.0,28,15
MCF2L,3,4,0.03333333333333333,15,18
INMT,3,4,0.03571428571428571,16,15
CD1E,3,4,0.0,15,28
TM4SF18,3,4,0.037037037037037035,15,15
EDN1,3,4,0.0,15,18
NPDC1,3,4,0.0,17,15
FHL2,3,4,0.029411764705882353,16,21
RGS16,3,4,0.0,16,15
FCN1,3,4,0.023809523809523808,17,28
RAMP2,3,4,0.037037037037037035,15,15
RAPGEF3,3,4,0.037037037037037035,15,15
MEST,3,4,0.03333333333333333,15,18
KIT,3,4,0.15384615384615385,17,15
GEM,3,4,0.037037037037037035,15,15
VCAN,3,4,0.03125,17,18
SPI1,3,4,0.024390243902439025,16,28
FCGR1A,3,4,0.13333333333333333,15,21
DES,3,4,0.21739130434782608,15,15
STEAP4,3,4,0.0,17,15
ERG,3,4,0.0,17,15
PCOLCE,3,4,0.4090909090909091,15,18
VWA5A,3,4,0.07692307692307693,15,15
COL5A2,3,4,0.06896551724137931,15,18
PTN,3,4,0.13333333333333333,15,21
CFB,3,4,0.0,15,18
MET,3,4,0.0,15,15
CAV1,3,4,0.0,16,21
GATM,3,4,0.07692307692307693,15,15
OGN,3,4,0.13333333333333333,15,21
PDPN,3,4,0.4090909090909091,15,18
MFAP5,3,4,0.07142857142857142,17,15
MALL,3,4,0.037037037037037035,15,15
CLEC4E,3,4,0.029411764705882353,16,21
RIDA,3,4,0.015873015873015872,15,51
CRISPLD2,3,4,0.037037037037037035,15,15
ELF5,3,4,0.13333333333333333,15,21
GHRL,3,4,0.024390243902439025,16,28
SEMA3C,3,4,0.10714285714285714,15,18
CPA3,3,4,0.0,15,15
SRPX,3,4,0.06451612903225806,17,18
VSIG4,3,4,0.07142857142857142,17,15
NTN4,3,4,0.037037037037037035,15,15
FSTL3,3,4,0.13333333333333333,15,21
ANPEP,3,4,0.0,16,15
CFHR3,3,4,0.037037037037037035,15,15
GYPA,3,4,0.03333333333333333,15,18
APOBEC3A,3,4,0.13333333333333333,15,21
AQP3,3,4,0.07142857142857142,17,15
ANGPT2,3,4,0.037037037037037035,15,15
APCDD1,3,4,0.037037037037037035,15,15
SLC4A1,3,4,0.03125,17,18
SFRP2,3,4,0.25,15,17
DERL3,3,4,0.11538461538461539,16,15
CD274,3,4,0.030303030303030304,15,21
CXCL6,3,4,0.03333333333333333,15,18
IL1R2,3,4,0.0,17,21
CYP4B1,3,4,0.0,15,15
SOX17,3,4,0.10344827586206896,16,18
LIF,3,4,0.06451612903225806,17,18
ASPN,3,4,0.12,15,15
LILRB4,3,4,0.0,15,28
CNN1,3,4,0.07407407407407407,16,15
MS4A2,3,4,0.0,17,15
BMX,3,4,0.0,15,15
ADGRE1,3,4,0.037037037037037035,15,15
LAG3,3,4,0.0,17,51
CYP2A7,3,4,0.10344827586206896,16,18
EHF,3,4,0.030303030303030304,15,21
GPC3,3,4,0.07142857142857142,17,15
SMIM24,3,4,0.11538461538461539,16,15
RERGL,3,4,0.10714285714285714,15,18
SOX2,3,4,0.11538461538461539,16,15
ESR1,3,4,0.10344827586206896,16,18
STC1,3,4,0.15384615384615385,17,15
HEMGN,3,4,0.07142857142857142,17,15
BAMBI,3,4,0.0,15,15
MEDAG,3,4,0.16666666666666666,15,15
HEPACAM2,3,4,0.11538461538461539,16,15
FCER1A,3,4,0.0,16,16
PLIN4,3,4,0.4090909090909091,18,15
FXYD2,3,4,0.0,15,21
SERPINB3,3,4,0.10714285714285714,15,18
PLAC9,3,4,0.1111111111111111,17,15
ALAS2,3,4,0.03571428571428571,16,15
EPCAM,3,4,0.10344827586206896,16,18
AHSP,3,4,0.034482758620689655,15,17
SNCA,3,4,0.0,15,15
RND1,3,4,0.07142857142857142,17,15
ASCL3,3,4,0.12,15,15
CLCA1,3,4,0.0,15,15
CFAP53,3,4,0.10714285714285714,15,18
STC2,3,4,0.3181818181818182,15,16
ALDH1A3,3,4,0.1111111111111111,17,15
CFHR1,3,4,0.3181818181818182,15,16
TMEM100,3,4,0.3181818181818182,15,16
CD1A,3,4,0.12,15,15
PPP1R1A,3,4,0.1111111111111111,17,15
IL1RL1,3,4,0.0,15,15
TSPAN19,3,4,0.1111111111111111,17,15
CYP1A1,3,4,0.12,15,15
FGFBP2,3,4,0.3181818181818182,15,16
EGFR,3,4,0.037037037037037035,15,15
CYP2F1,3,4,0.15384615384615385,17,15
SNTN,3,4,0.037037037037037035,15,15
TIMP4,3,4,0.03571428571428571,15,16
GATA2,3,4,0.07692307692307693,15,15
HAMP,3,4,0.21739130434782608,15,15
PPP1R1B,3,4,0.07142857142857142,17,15
ADH1C,3,4,0.15384615384615385,17,15
CCDC39,3,4,0.07692307692307693,15,15
CFTR,3,4,0.06451612903225806,17,18
TMC5,3,4,0.07142857142857142,17,15
PGR,3,4,0.03571428571428571,15,16
AGER,3,4,0.07142857142857142,17,15
MAMDC2,3,4,0.10714285714285714,16,17
AR,3,4,0.037037037037037035,15,15
C15orf48,3,4,0.3181818181818182,15,16
S100A1,3,4,0.15384615384615385,17,15
SOX18,3,4,0.07142857142857142,15,17
SNAI1,3,4,0.037037037037037035,15,15
CLIC6,3,4,0.3181818181818182,15,16
SLC26A3,3,4,0.07692307692307693,15,15
TM4SF4,3,4,0.0,15,15
THBS2,3,4,0.0,17,17
AQP9,3,4,0.07692307692307693,15,15
SLC18A2,3,4,0.03571428571428571,15,16
ERBB2,3,4,0.21739130434782608,15,15
GPC1,3,4,0.16666666666666666,15,15
TAC1,3,4,0.16666666666666666,15,15
FGFBP1,3,4,0.037037037037037035,15,15
C6orf118,3,4,0.037037037037037035,15,15
APOA5,3,4,0.0,17,16
DNAAF1,3,4,0.03571428571428571,15,16
ACE2,3,4,0.21739130434782608,15,15
CLCA2,3,4,0.3181818181818182,15,16
MCEMP1,3,4,0.03571428571428571,15,16
TBX3,3,4,0.0,17,15
CYP2B6,3,4,0.21739130434782608,15,15
SCGN,3,4,0.21739130434782608,15,15
OPRPN,3,4,0.03571428571428571,15,16
CD300E,3,4,0.0,17,15
CAPN8,3,4,0.16666666666666666,15,15
SCGB2A1,3,4,0.3181818181818182,15,16
GPRC5A,3,4,0.16666666666666666,15,15
CCDC78,3,4,0.0,15,15
CTSG,3,4,0.10344827586206896,19,15
ADIPOQ,3,4,0.25,15,17
C1orf194,3,4,0.07692307692307693,15,15
LILRA5,3,4,0.037037037037037035,15,15
HPGDS,3,4,0.16666666666666666,15,15
KCNK3,3,4,0.03571428571428571,16,15
LPL,3,4,0.03333333333333333,18,15
GYPB,3,4,0.034482758620689655,15,17
GKN2,3,4,0.07142857142857142,15,17
C5orf46,3,4,0.07142857142857142,15,17
SELE,3,4,0.25,15,17
SERPINB2,3,4,0.11538461538461539,16,15
DIRAS3,3,4,0.037037037037037035,15,15
PRG4,3,4,0.11538461538461539,16,15
LGI4,3,4,0.10714285714285714,16,17
COL17A1,3,4,0.11538461538461539,16,15
SFTA2,3,4,0.07692307692307693,15,15
HIGD1B,3,4,0.07407407407407407,16,15
DPEP1,3,4,0.11538461538461539,16,15
PCP4,3,4,0.037037037037037035,15,15
CSF3,3,4,0.10714285714285714,16,17
TREM2,3,4,0.1111111111111111,17,15
TMEM52B,3,4,0.037037037037037035,15,15
AGR3,3,4,0.16666666666666666,15,15
AQP8,3,4,0.25,15,17
ARFGEF3,3,4,0.4090909090909091,18,15
SNCG,3,4,0.4090909090909091,18,15
SLC22A8,3,4,0.10714285714285714,16,17
PEBP4,3,4,0.0,15,15
BBOX1,3,4,0.07407407407407407,16,15
CYP3A4,3,4,0.25,15,17
FOXI1,3,4,0.16666666666666666,15,15
S100A12,3,4,0.1111111111111111,17,15
HPX,3,4,0.30434782608695654,17,15
LGR5,3,4,0.30434782608695654,17,15
NAT8,3,4,0.25,15,17
PCSK2,3,4,0.1111111111111111,17,15
ASCL1,3,4,0.30434782608695654,17,15
PVALB,3,4,0.0,15,15
FCN2,3,4,0.19230769230769232,18,15
GCG,3,4,0.1111111111111111,17,15
CD70,3,4,0.30434782608695654,17,15
UMOD,3,4,0.30434782608695654,17,15
FOXJ1,3,4,0.16666666666666666,15,15
MLPH,3,4,0.30434782608695654,17,15
GLYATL1,3,4,0.30434782608695654,17,15
KRT20,3,4,0.16666666666666666,15,15
ADH4,3,4,0.19230769230769232,18,15
CA4,3,4,0.4090909090909091,18,15
CDH16,3,4,0.19230769230769232,18,15
AQP2,3,4,0.19230769230769232,18,15
DMBT1,3,4,0.19230769230769232,18,15
CHGA,3,4,0.19230769230769232,18,15
CCL27,3,4,0.30434782608695654,17,15
KNG1,3,4,0.0,17,15
PPY,3,4,0.4090909090909091,18,15
MLANA,3,4,0.4090909090909091,18,15
HMGCS2,3,4,0.4090909090909091,18,15
CRHBP,3,4,0.10344827586206896,19,15
TFF2,3,4,0.4090909090909091,18,15
GDF15,3,4,0.7777777777777778,19,15
PDCD1,3,4,0.4090909090909091,18,15
SST,3,4,0.4090909090909091,18,15
INS,3,4,0.10344827586206896,19,15
FOXA1,3,4,0.7777777777777778,19,15
TMEM174,3,4,0.7777777777777778,19,15
TCF15,3,4,0.7777777777777778,19,15
KLK11,3,4,0.7777777777777778,19,15
SPDEF,3,4,0.10344827586206896,19,15
ABCC11,3,4,0.7777777777777778,19,15
HES4,3,4,0.7777777777777778,19,15
C20orf85,3,4,0.7777777777777778,19,15
TAT,3,4,0.7777777777777778,19,15
MYBPC1,3,4,0.7777777777777778,19,15
LY6D,3,4,0.7777777777777778,19,15
UPK3B,3,4,0.7777777777777778,19,15
GPX2,3,4,0.7777777777777778,19,15
RETN,3,4,0.7777777777777778,19,15
KRT7,3,4,0.7777777777777778,19,15
MS4A1,3,5,0.64,36,48
CXCR4,3,5,0.64,36,48
TRAC,3,5,0.36666666666666664,28,15
PTPRC,3,5,0.64,36,48
IL7R,3,5,0.36666666666666664,28,15
BANK1,3,5,0.64,36,48
PTGDS,3,5,0.275,28,25
CD79A,3,5,0.64,36,48
MPEG1,3,5,0.05714285714285714,28,48
CYTIP,3,5,0.36666666666666664,28,15
PECAM1,3,5,0.0,28,34
SELL,3,5,0.64,36,48
IRF8,3,5,0.05714285714285714,28,48
CD3E,3,5,0.36666666666666664,28,15
BASP1,3,5,0.64,36,48
TCL1A,3,5,0.64,36,48
CCR7,3,5,0.044444444444444446,28,21
PCNA,3,5,0.64,36,48
AIF1,3,5,0.275,28,25
CD3D,3,5,0.36666666666666664,28,15
FGL2,3,5,0.05128205128205128,28,15
CD4,3,5,0.02,28,25
PLCG2,3,5,0.64,36,48
MDM2,3,5,0.64,36,48
CD2,3,5,0.36666666666666664,28,15
MKI67,3,5,0.64,36,48
SERPINB9,3,5,0.05714285714285714,28,48
MS4A6A,3,5,0.275,28,25
CD19,3,5,0.64,36,48
TENT5C,3,5,0.64,36,48
CTLA4,3,5,0.36666666666666664,28,15
ACTG2,3,5,0.64,36,48
MZB1,3,5,0.64,36,48
CD28,3,5,0.36666666666666664,28,15
GPR183,3,5,0.044444444444444446,28,21
CD34,3,5,0.11904761904761904,15,34
KLRB1,3,5,0.36666666666666664,28,15
CD247,3,5,0.36666666666666664,28,15
MYC,3,5,0.07142857142857142,28,19
CXCL2,3,5,0.12,15,15
C1orf162,3,5,0.044444444444444446,28,21
CD83,3,5,0.07246376811594203,28,48
CD69,3,5,0.07142857142857142,28,19
ADAM28,3,5,0.64,36,48
CCL5,3,5,0.21428571428571427,15,21
BCL2L11,3,5,0.07246376811594203,28,48
TFPI,3,5,0.0625,15,21
CXCL9,3,5,0.11904761904761904,15,34
PRDM1,3,5,0.07246376811594203,28,48
TNC,3,5,0.0625,15,21
LYVE1,3,5,0.037037037037037035,15,15
VWF,3,5,0.044444444444444446,15,34
IGSF6,3,5,0.275,28,25
CD5L,3,5,0.0,15,15
CD1C,3,5,0.64,36,48
MEF2C,3,5,0.64,36,48
MMRN1,3,5,0.037037037037037035,15,15
PLA2G7,3,5,0.275,28,25
GNLY,3,5,0.037037037037037035,15,15
LAMP3,3,5,0.0,15,15
TCF4,3,5,0.64,36,48
GLIPR1,3,5,0.044444444444444446,28,21
CD27,3,5,0.36666666666666664,28,15
CD163,3,5,0.07692307692307693,15,15
SLAMF7,3,5,0.64,36,48
CD8A,3,5,0.21428571428571427,15,21
SPIB,3,5,0.05714285714285714,28,48
MYLK,3,5,0.06818181818181818,15,34
CDK1,3,5,0.64,36,48
ACTA2,3,5,0.02127659574468085,16,34
CAVIN2,3,5,0.0,15,15
CAVIN1,3,5,0.11904761904761904,15,34
LY86,3,5,0.64,36,48
KLRD1,3,5,0.037037037037037035,15,15
HLA-DQB2,3,5,0.64,36,48
IL2RA,3,5,0.02,28,25
CCL19,3,5,0.0,15,15
TNFRSF9,3,5,0.05128205128205128,28,15
CLECL1,3,5,0.64,36,48
FBN1,3,5,0.05128205128205128,28,15
KCNMA1,3,5,0.275,28,25
TNFRSF13B,3,5,0.64,36,48
TNFRSF17,3,5,0.64,36,48
MS4A4A,3,5,0.275,28,25
GZMK,3,5,0.21428571428571427,15,21
APOLD1,3,5,0.044444444444444446,15,34
TOP2A,3,5,0.64,36,48
CD68,3,5,0.275,28,25
CXCL10,3,5,0.07692307692307693,15,15
CLEC10A,3,5,0.034482758620689655,17,15
DUSP2,3,5,0.07246376811594203,28,48
MTRNR2L11,3,5,0.05714285714285714,28,48
DNASE1L3,3,5,0.0,15,15
IL3RA,3,5,0.0625,15,21
RTKN2,3,5,0.07246376811594203,28,48
LILRA4,3,5,0.0,36,15
CTSK,3,5,0.044444444444444446,28,21
C7,3,5,0.0,15,15
ADGRL4,3,5,0.11904761904761904,15,34
SLAMF1,3,5,0.07246376811594203,28,48
PDGFRB,3,5,0.06818181818181818,15,34
DST,3,5,0.275,28,25
MMRN2,3,5,0.0,28,15
SFRP4,3,5,0.07692307692307693,15,15
CD93,3,5,0.044444444444444446,15,34
FKBP11,3,5,0.64,36,48
CSF2RA,3,5,0.275,28,25
GZMA,3,5,0.21428571428571427,15,21
MNDA,3,5,0.044444444444444446,28,21
PROX1,3,5,0.037037037037037035,15,15
SH2D3C,3,5,0.07142857142857142,28,19
HAVCR2,3,5,0.275,28,25
PLD4,3,5,0.0,36,19
MYH11,3,5,0.0,15,48
ADAMTS1,3,5,0.0,17,15
CCR2,3,5,0.07692307692307693,15,15
GNG11,3,5,0.11904761904761904,15,34
CD86,3,5,0.64,36,48
FOXP3,3,5,0.36666666666666664,28,15
MARCO,3,5,0.2916666666666667,18,15
CENPF,3,5,0.64,36,48
GZMB,3,5,0.0,15,15
FCGR3A,3,5,0.11904761904761904,15,34
PRF1,3,5,0.21428571428571427,15,21
LILRB2,3,5,0.046511627906976744,28,19
THY1,3,5,0.06818181818181818,15,34
FAS,3,5,0.275,28,25
EDNRB,3,5,0.06818181818181818,15,34
DPT,3,5,0.21428571428571427,15,21
CD14,3,5,0.0,15,25
TCIM,3,5,0.12,15,15
KLRC1,3,5,0.0,15,15
COCH,3,5,0.0,36,21
LTBP2,3,5,0.037037037037037035,15,15
AMY2A,3,5,0.0,28,15
FBLN1,3,5,0.07692307692307693,15,15
SMYD2,3,5,0.07142857142857142,28,19
MRC1,3,5,0.037037037037037035,15,15
CCNB2,3,5,0.64,36,48
ACKR1,3,5,0.07692307692307693,15,15
ECSCR,3,5,0.044444444444444446,15,34
EGFL7,3,5,0.0,17,34
NKG7,3,5,0.21428571428571427,15,21
PMP22,3,5,0.0,15,25
IGF1,3,5,0.02702702702702703,15,25
UBE2C,3,5,0.64,36,48
RBP5,3,5,0.12,15,15
PDGFRA,3,5,0.07692307692307693,15,15
BTNL9,3,5,0.02127659574468085,16,34
SLC26A2,3,5,0.046511627906976744,28,19
CLEC14A,3,5,0.11363636363636363,17,34
PPARG,3,5,0.02702702702702703,15,25
THAP2,3,5,0.046511627906976744,28,19
MCF2L,3,5,0.07692307692307693,15,15
INMT,3,5,0.03571428571428571,16,15
CD1E,3,5,0.07692307692307693,15,15
TM4SF18,3,5,0.0,15,15
EDN1,3,5,0.0,15,34
NPDC1,3,5,0.0425531914893617,17,34
FHL2,3,5,0.1,16,19
RGS16,3,5,0.0,16,48
FCN1,3,5,0.11363636363636363,17,34
RAMP2,3,5,0.021739130434782608,15,34
RAPGEF3,3,5,0.021739130434782608,15,34
MEST,3,5,0.0,15,19
KIT,3,5,0.030303030303030304,17,19
GEM,3,5,0.037037037037037035,15,15
VCAN,3,5,0.030303030303030304,17,19
SPI1,3,5,0.1,16,19
FCGR1A,3,5,0.044444444444444446,15,34
DES,3,5,0.037037037037037035,15,15
STEAP4,3,5,0.0,17,15
ERG,3,5,0.03333333333333333,17,16
PCOLCE,3,5,0.0,15,16
VWA5A,3,5,0.12,15,15
COL5A2,3,5,0.0,15,21
PTN,3,5,0.037037037037037035,15,15
CFB,3,5,0.037037037037037035,15,15
MET,3,5,0.0,15,19
CAV1,3,5,0.0,16,34
GATM,3,5,0.0,15,19
OGN,3,5,0.037037037037037035,15,15
PDPN,3,5,0.12,15,15
MFAP5,3,5,0.0425531914893617,17,34
MALL,3,5,0.0,15,16
CLEC4E,3,5,0.02631578947368421,16,25
RIDA,3,5,0.0,15,48
CRISPLD2,3,5,0.0,15,21
ELF5,3,5,0.044444444444444446,15,34
GHRL,3,5,0.02631578947368421,16,25
SEMA3C,3,5,0.037037037037037035,15,15
CPA3,3,5,0.03571428571428571,15,16
SRPX,3,5,0.034482758620689655,17,15
VSIG4,3,5,0.0,17,15
NTN4,3,5,0.07692307692307693,15,15
FSTL3,3,5,0.0,15,16
ANPEP,3,5,0.03571428571428571,16,15
CFHR3,3,5,0.12,15,15
GYPA,3,5,0.07692307692307693,15,15
APOBEC3A,3,5,0.0,15,48
AQP3,3,5,0.034482758620689655,17,15
ANGPT2,3,5,0.12,15,15
APCDD1,3,5,0.0,15,15
SLC4A1,3,5,0.11363636363636363,17,34
SFRP2,3,5,0.07692307692307693,15,15
DERL3,3,5,0.1,16,19
CD274,3,5,0.0,15,25
CXCL6,3,5,0.07692307692307693,15,15
IL1R2,3,5,0.034482758620689655,17,15
CYP4B1,3,5,0.037037037037037035,15,15
SOX17,3,5,0.0,16,21
LIF,3,5,0.034482758620689655,17,15
ASPN,3,5,0.0,15,16
LILRB4,3,5,0.02702702702702703,15,25
CNN1,3,5,0.11538461538461539,16,15
MS4A2,3,5,0.07142857142857142,17,15
BMX,3,5,0.037037037037037035,15,15
ADGRE1,3,5,0.037037037037037035,15,15
LAG3,3,5,0.11363636363636363,17,34
CYP2A7,3,5,0.0,16,15
EHF,3,5,0.0,15,15
GPC3,3,5,0.0,17,15
SMIM24,3,5,0.034482758620689655,16,16
RERGL,3,5,0.037037037037037035,15,15
SOX2,3,5,0.1,16,19
ESR1,3,5,0.03571428571428571,16,15
STC1,3,5,0.0,17,15
HEMGN,3,5,0.11363636363636363,17,34
BAMBI,3,5,0.07692307692307693,15,15
MEDAG,3,5,0.12,15,15
HEPACAM2,3,5,0.0,16,15
FCER1A,3,5,0.0,16,15
PLIN4,3,5,0.2916666666666667,18,15
FXYD2,3,5,0.0,15,15
SERPINB3,3,5,0.0,15,15
PLAC9,3,5,0.11363636363636363,17,34
ALAS2,3,5,0.07407407407407407,16,15
EPCAM,3,5,0.034482758620689655,16,16
AHSP,3,5,0.0,15,15
SNCA,3,5,0.037037037037037035,15,15
RND1,3,5,0.030303030303030304,17,19
ASCL3,3,5,0.12,15,15
CLCA1,3,5,0.07692307692307693,15,15
CFAP53,3,5,0.037037037037037035,15,15
STC2,3,5,0.037037037037037035,15,15
ALDH1A3,3,5,0.07142857142857142,17,15
CFHR1,3,5,0.0,15,15
TMEM100,3,5,0.037037037037037035,15,15
CD1A,3,5,0.07692307692307693,15,15
PPP1R1A,3,5,0.07142857142857142,17,15
IL1RL1,3,5,0.21739130434782608,15,15
TSPAN19,3,5,0.03333333333333333,17,16
CYP1A1,3,5,0.12,15,15
FGFBP2,3,5,0.0,15,15
EGFR,3,5,0.07407407407407407,15,16
CYP2F1,3,5,0.0425531914893617,17,34
SNTN,3,5,0.07407407407407407,15,16
TIMP4,3,5,0.07692307692307693,15,15
GATA2,3,5,0.0,15,16
HAMP,3,5,0.0,15,25
PPP1R1B,3,5,0.0,17,15
ADH1C,3,5,0.034482758620689655,17,15
CCDC39,3,5,0.12,15,15
CFTR,3,5,0.034482758620689655,17,15
TMC5,3,5,0.030303030303030304,17,19
PGR,3,5,0.0,15,15
AGER,3,5,0.03333333333333333,17,16
MAMDC2,3,5,0.03571428571428571,16,15
AR,3,5,0.07692307692307693,15,15
C15orf48,3,5,0.0,15,34
S100A1,3,5,0.034482758620689655,17,15
SOX18,3,5,0.0,15,15
SNAI1,3,5,0.0,15,15
CLIC6,3,5,0.07692307692307693,15,15
SLC26A3,3,5,0.12,15,15
TM4SF4,3,5,0.03571428571428571,15,16
THBS2,3,5,0.2,17,15
AQP9,3,5,0.037037037037037035,15,15
SLC18A2,3,5,0.21739130434782608,15,15
ERBB2,3,5,0.0,15,15
GPC1,3,5,0.0,15,21
TAC1,3,5,0.037037037037037035,15,15
FGFBP1,3,5,0.07692307692307693,15,15
C6orf118,3,5,0.0,15,15
APOA5,3,5,0.03333333333333333,17,16
DNAAF1,3,5,0.07692307692307693,15,15
ACE2,3,5,0.037037037037037035,15,15
CLCA2,3,5,0.07692307692307693,15,15
MCEMP1,3,5,0.07407407407407407,15,16
TBX3,3,5,0.2,17,15
CYP2B6,3,5,0.07692307692307693,15,15
SCGN,3,5,0.07692307692307693,15,15
OPRPN,3,5,0.0,15,15
CD300E,3,5,0.034482758620689655,17,15
CAPN8,3,5,0.0,15,15
SCGB2A1,3,5,0.07692307692307693,15,15
GPRC5A,3,5,0.0,15,15
CCDC78,3,5,0.02702702702702703,15,25
CTSG,3,5,0.8947368421052632,19,19
ADIPOQ,3,5,0.07692307692307693,15,15
C1orf194,3,5,0.07692307692307693,15,15
LILRA5,3,5,0.07692307692307693,15,15
HPGDS,3,5,0.07692307692307693,15,15
KCNK3,3,5,0.11538461538461539,16,15
LPL,3,5,0.0,18,25
GYPB,3,5,0.07692307692307693,15,15
GKN2,3,5,0.21739130434782608,15,15
C5orf46,3,5,0.21739130434782608,15,15
SELE,3,5,0.037037037037037035,15,15
SERPINB2,3,5,0.07407407407407407,16,15
DIRAS3,3,5,0.037037037037037035,15,15
PRG4,3,5,0.03571428571428571,16,15
LGI4,3,5,0.11538461538461539,16,15
COL17A1,3,5,0.07407407407407407,16,15
SFTA2,3,5,0.21739130434782608,15,15
HIGD1B,3,5,0.0,16,15
DPEP1,3,5,0.11538461538461539,16,15
PCP4,3,5,0.0,15,15
CSF3,3,5,0.0,16,15
TREM2,3,5,0.07142857142857142,17,15
TMEM52B,3,5,0.07692307692307693,15,15
AGR3,3,5,0.0,15,15
AQP8,3,5,0.07692307692307693,15,15
ARFGEF3,3,5,0.2916666666666667,18,15
SNCG,3,5,0.06896551724137931,18,15
SLC22A8,3,5,0.03571428571428571,16,15
PEBP4,3,5,0.21739130434782608,15,15
BBOX1,3,5,0.0,16,15
CYP3A4,3,5,0.07692307692307693,15,15
FOXI1,3,5,0.037037037037037035,15,15
S100A12,3,5,0.2,17,15
HPX,3,5,0.034482758620689655,17,15
LGR5,3,5,0.034482758620689655,17,15
NAT8,3,5,0.07692307692307693,15,15
PCSK2,3,5,0.0,17,15
ASCL1,3,5,0.034482758620689655,17,15
PVALB,3,5,0.07692307692307693,15,15
FCN2,3,5,0.10714285714285714,18,15
GCG,3,5,0.07142857142857142,17,15
CD70,3,5,0.2,17,15
UMOD,3,5,0.034482758620689655,17,15
FOXJ1,3,5,0.07692307692307693,15,15
MLPH,3,5,0.07142857142857142,17,15
GLYATL1,3,5,0.034482758620689655,17,15
KRT20,3,5,0.037037037037037035,15,15
ADH4,3,5,0.2916666666666667,18,15
CA4,3,5,0.2916666666666667,18,15
CDH16,3,5,0.10714285714285714,18,15
AQP2,3,5,0.06896551724137931,18,15
DMBT1,3,5,0.10714285714285714,18,15
CHGA,3,5,0.2916666666666667,18,15
CCL27,3,5,0.2,17,15
KNG1,3,5,0.2,17,15
PPY,3,5,0.0,18,19
MLANA,3,5,0.06896551724137931,18,15
HMGCS2,3,5,0.10714285714285714,18,15
CRHBP,3,5,0.8947368421052632,19,19
TFF2,3,5,0.2916666666666667,18,15
GDF15,3,5,0.0,19,15
PDCD1,3,5,0.0,18,15
SST,3,5,0.2916666666666667,18,15
INS,3,5,0.8947368421052632,19,19
FOXA1,3,5,0.8947368421052632,19,19
TMEM174,3,5,0.8947368421052632,19,19
TCF15,3,5,0.8947368421052632,19,19
KLK11,3,5,0.8947368421052632,19,19
SPDEF,3,5,0.8947368421052632,19,19
ABCC11,3,5,0.8947368421052632,19,19
HES4,3,5,0.8947368421052632,19,19
C20orf85,3,5,0.8947368421052632,19,19
TAT,3,5,0.8947368421052632,19,19
MYBPC1,3,5,0.8947368421052632,19,19
LY6D,3,5,0.8947368421052632,19,19
UPK3B,3,5,0.8947368421052632,19,19
GPX2,3,5,0.8947368421052632,19,19
RETN,3,5,0.8947368421052632,19,19
KRT7,3,5,0.8947368421052632,19,19
MS4A1,4,5,0.37037037037037035,28,48
CXCR4,4,5,0.37037037037037035,28,48
TRAC,4,5,0.20754716981132076,51,15
PTPRC,4,5,0.29333333333333333,51,48
IL7R,4,5,0.20754716981132076,51,15
BANK1,4,5,0.37037037037037035,28,48
PTGDS,4,5,0.4166666666666667,28,25
CD79A,4,5,0.37037037037037035,28,48
MPEG1,4,5,0.37037037037037035,28,48
CYTIP,4,5,0.20754716981132076,51,15
PECAM1,4,5,0.3055555555555556,15,34
SELL,4,5,0.29333333333333333,51,48
IRF8,4,5,0.37037037037037035,28,48
CD3E,4,5,0.20754716981132076,51,15
BASP1,4,5,0.37037037037037035,28,48
TCL1A,4,5,0.37037037037037035,28,48
CCR7,4,5,0.044444444444444446,28,21
PCNA,4,5,0.29333333333333333,51,48
AIF1,4,5,0.4166666666666667,28,25
CD3D,4,5,0.20754716981132076,51,15
FGL2,4,5,0.025,28,15
CD4,4,5,0.4166666666666667,28,25
PLCG2,4,5,0.37037037037037035,28,48
MDM2,4,5,0.29333333333333333,51,48
CD2,4,5,0.20754716981132076,51,15
MKI67,4,5,0.29333333333333333,51,48
SERPINB9,4,5,0.0,15,48
MS4A6A,4,5,0.4166666666666667,28,25
CD19,4,5,0.37037037037037035,28,48
TENT5C,4,5,0.29333333333333333,51,48
CTLA4,4,5,0.20754716981132076,51,15
ACTG2,4,5,0.29333333333333333,51,48
MZB1,4,5,0.29333333333333333,51,48
CD28,4,5,0.20754716981132076,51,15
GPR183,4,5,0.09375,51,21
CD34,4,5,0.3055555555555556,15,34
KLRB1,4,5,0.20754716981132076,51,15
CD247,4,5,0.20754716981132076,51,15
MYC,4,5,0.030303030303030304,51,19
CXCL2,4,5,0.0,15,15
C1orf162,4,5,0.021739130434782608,28,21
CD83,4,5,0.37037037037037035,28,48
CD69,4,5,0.030303030303030304,51,19
ADAM28,4,5,0.37037037037037035,28,48
CCL5,4,5,0.09375,51,21
BCL2L11,4,5,0.29333333333333333,51,48
TFPI,4,5,0.0,15,21
CXCL9,4,5,0.08163265306122448,21,34
PRDM1,4,5,0.29333333333333333,51,48
TNC,4,5,0.08823529411764706,18,21
LYVE1,4,5,0.0,15,15
VWF,4,5,0.3055555555555556,15,34
IGSF6,4,5,0.4166666666666667,28,25
CD5L,4,5,0.0,28,15
CD1C,4,5,0.37037037037037035,28,48
MEF2C,4,5,0.37037037037037035,28,48
MMRN1,4,5,0.0,15,15
PLA2G7,4,5,0.4166666666666667,28,25
GNLY,4,5,0.015873015873015872,51,15
LAMP3,4,5,0.025,28,15
TCF4,4,5,0.37037037037037035,28,48
GLIPR1,4,5,0.044444444444444446,28,21
CD27,4,5,0.20754716981132076,51,15
CD163,4,5,0.0,28,15
SLAMF7,4,5,0.29333333333333333,51,48
CD8A,4,5,0.09375,51,21
SPIB,4,5,0.37037037037037035,28,48
MYLK,4,5,0.08695652173913043,18,34
CDK1,4,5,0.29333333333333333,51,48
ACTA2,4,5,0.08695652173913043,18,34
CAVIN2,4,5,0.07692307692307693,15,15
CAVIN1,4,5,0.3055555555555556,15,34
LY86,4,5,0.37037037037037035,28,48
KLRD1,4,5,0.015873015873015872,51,15
HLA-DQB2,4,5,0.37037037037037035,28,48
IL2RA,4,5,0.0,51,25
CCL19,4,5,0.06896551724137931,18,15
TNFRSF9,4,5,0.2727272727272727,15,15
CLECL1,4,5,0.37037037037037035,28,48
FBN1,4,5,0.2727272727272727,15,15
KCNMA1,4,5,0.4166666666666667,28,25
TNFRSF13B,4,5,0.37037037037037035,28,48
TNFRSF17,4,5,0.29333333333333333,51,48
MS4A4A,4,5,0.4166666666666667,28,25
GZMK,4,5,0.09375,51,21
APOLD1,4,5,0.3055555555555556,15,34
TOP2A,4,5,0.29333333333333333,51,48
CD68,4,5,0.4166666666666667,28,25
CXCL10,4,5,0.0,21,15
CLEC10A,4,5,0.05128205128205128,28,15
DUSP2,4,5,0.29333333333333333,51,48
MTRNR2L11,4,5,0.29333333333333333,51,48
DNASE1L3,4,5,0.025,28,15
IL3RA,4,5,0.044444444444444446,28,21
RTKN2,4,5,0.29333333333333333,51,48
LILRA4,4,5,0.025,28,15
CTSK,4,5,0.08823529411764706,18,21
C7,4,5,0.0,18,15
ADGRL4,4,5,0.3055555555555556,15,34
SLAMF1,4,5,0.29333333333333333,51,48
PDGFRB,4,5,0.08695652173913043,18,34
DST,4,5,0.4166666666666667,28,25
MMRN2,4,5,0.07692307692307693,15,15
SFRP4,4,5,0.07142857142857142,17,15
CD93,4,5,0.3055555555555556,15,34
FKBP11,4,5,0.29333333333333333,51,48
CSF2RA,4,5,0.4166666666666667,28,25
GZMA,4,5,0.09375,51,21
MNDA,4,5,0.021739130434782608,28,21
PROX1,4,5,0.0,15,15
SH2D3C,4,5,0.030303030303030304,51,19
HAVCR2,4,5,0.4166666666666667,28,25
PLD4,4,5,0.0,28,19
MYH11,4,5,0.0,15,48
ADAMTS1,4,5,0.06896551724137931,18,15
CCR2,4,5,0.0,51,15
GNG11,4,5,0.3055555555555556,15,34
CD86,4,5,0.37037037037037035,28,48
FOXP3,4,5,0.20754716981132076,51,15
MARCO,4,5,0.07692307692307693,15,15
CENPF,4,5,0.29333333333333333,51,48
GZMB,4,5,0.0,28,15
FCGR3A,4,5,0.08163265306122448,21,34
PRF1,4,5,0.09375,51,21
LILRB2,4,5,0.022727272727272728,28,19
THY1,4,5,0.08695652173913043,18,34
FAS,4,5,0.0,15,25
EDNRB,4,5,0.08695652173913043,18,34
DPT,4,5,0.08823529411764706,18,21
CD14,4,5,0.4166666666666667,28,25
TCIM,4,5,0.2727272727272727,15,15
KLRC1,4,5,0.0,51,15
COCH,4,5,0.0,21,21
LTBP2,4,5,0.2727272727272727,15,15
AMY2A,4,5,0.0,21,15
FBLN1,4,5,0.0,15,15
SMYD2,4,5,0.05555555555555555,21,19
MRC1,4,5,0.05128205128205128,28,15
CCNB2,4,5,0.29333333333333333,51,48
ACKR1,4,5,0.0,15,15
ECSCR,4,5,0.3055555555555556,15,34
EGFL7,4,5,0.044444444444444446,15,34
NKG7,4,5,0.09375,51,21
PMP22,4,5,0.0,18,25
IGF1,4,5,0.4166666666666667,28,25
UBE2C,4,5,0.29333333333333333,51,48
RBP5,4,5,0.06896551724137931,18,15
PDGFRA,4,5,0.06896551724137931,18,15
BTNL9,4,5,0.3055555555555556,15,34
SLC26A2,4,5,0.05555555555555555,21,19
CLEC14A,4,5,0.3055555555555556,15,34
PPARG,4,5,0.047619047619047616,21,25
THAP2,4,5,0.10344827586206896,15,19
MCF2L,4,5,0.0,18,15
INMT,4,5,0.0,15,15
CD1E,4,5,0.05128205128205128,28,15
TM4SF18,4,5,0.037037037037037035,15,15
EDN1,4,5,0.02040816326530612,18,34
NPDC1,4,5,0.044444444444444446,15,34
FHL2,4,5,0.05555555555555555,21,19
RGS16,4,5,0.0,15,48
FCN1,4,5,0.0,28,34
RAMP2,4,5,0.044444444444444446,15,34
RAPGEF3,4,5,0.3055555555555556,15,34
MEST,4,5,0.029411764705882353,18,19
KIT,4,5,0.0,15,19
GEM,4,5,0.2727272727272727,15,15
VCAN,4,5,0.029411764705882353,18,19
SPI1,4,5,0.022727272727272728,28,19
FCGR1A,4,5,0.08163265306122448,21,34
DES,4,5,0.037037037037037035,15,15
STEAP4,4,5,0.037037037037037035,15,15
ERG,4,5,0.03571428571428571,15,16
PCOLCE,4,5,0.0,18,16
VWA5A,4,5,0.2727272727272727,15,15
COL5A2,4,5,0.08823529411764706,18,21
PTN,4,5,0.0,21,15
CFB,4,5,0.06896551724137931,18,15
MET,4,5,0.0,15,19
CAV1,4,5,0.08163265306122448,21,34
GATM,4,5,0.0,15,19
OGN,4,5,0.0,21,15
PDPN,4,5,0.06896551724137931,18,15
MFAP5,4,5,0.021739130434782608,15,34
MALL,4,5,0.03571428571428571,15,16
CLEC4E,4,5,0.047619047619047616,21,25
RIDA,4,5,0.29333333333333333,51,48
CRISPLD2,4,5,0.0,15,21
ELF5,4,5,0.08163265306122448,21,34
GHRL,4,5,0.4166666666666667,28,25
SEMA3C,4,5,0.14814814814814814,18,15
CPA3,4,5,0.11538461538461539,15,16
SRPX,4,5,0.03333333333333333,18,15
VSIG4,4,5,0.037037037037037035,15,15
NTN4,4,5,0.0,15,15
FSTL3,4,5,0.0,21,16
ANPEP,4,5,0.037037037037037035,15,15
CFHR3,4,5,0.037037037037037035,15,15
GYPA,4,5,0.14814814814814814,18,15
APOBEC3A,4,5,0.0,21,48
AQP3,4,5,0.0,15,15
ANGPT2,4,5,0.037037037037037035,15,15
APCDD1,4,5,0.07692307692307693,15,15
SLC4A1,4,5,0.02040816326530612,18,34
SFRP2,4,5,0.15384615384615385,17,15
DERL3,4,5,0.10344827586206896,15,19
CD274,4,5,0.047619047619047616,21,25
CXCL6,4,5,0.14814814814814814,18,15
IL1R2,4,5,0.0,21,15
CYP4B1,4,5,0.2727272727272727,15,15
SOX17,4,5,0.0,18,21
LIF,4,5,0.0,18,15
ASPN,4,5,0.11538461538461539,15,16
LILRB4,4,5,0.4166666666666667,28,25
CNN1,4,5,0.037037037037037035,15,15
MS4A2,4,5,0.12,15,15
BMX,4,5,0.07692307692307693,15,15
ADGRE1,4,5,0.0,15,15
LAG3,4,5,0.0,51,34
CYP2A7,4,5,0.03333333333333333,18,15
EHF,4,5,0.0,21,15
GPC3,4,5,0.037037037037037035,15,15
SMIM24,4,5,0.07407407407407407,15,16
RERGL,4,5,0.14814814814814814,18,15
SOX2,4,5,0.10344827586206896,15,19
ESR1,4,5,0.0,18,15
STC1,4,5,0.07692307692307693,15,15
HEMGN,4,5,0.021739130434782608,15,34
BAMBI,4,5,0.0,15,15
MEDAG,4,5,0.037037037037037035,15,15
HEPACAM2,4,5,0.0,15,15
FCER1A,4,5,0.0,16,15
PLIN4,4,5,0.16666666666666666,15,15
FXYD2,4,5,0.0,21,15
SERPINB3,4,5,0.0,18,15
PLAC9,4,5,0.0,15,34
ALAS2,4,5,0.0,15,15
EPCAM,4,5,0.0,18,16
AHSP,4,5,0.15384615384615385,17,15
SNCA,4,5,0.0,15,15
RND1,4,5,0.0,15,19
ASCL3,4,5,0.12,15,15
CLCA1,4,5,0.07692307692307693,15,15
CFAP53,4,5,0.0,18,15
STC2,4,5,0.07407407407407407,16,15
ALDH1A3,4,5,0.037037037037037035,15,15
CFHR1,4,5,0.03571428571428571,16,15
TMEM100,4,5,0.07407407407407407,16,15
CD1A,4,5,0.07692307692307693,15,15
PPP1R1A,4,5,0.037037037037037035,15,15
IL1RL1,4,5,0.0,15,15
TSPAN19,4,5,0.07407407407407407,15,16
CYP1A1,4,5,0.12,15,15
FGFBP2,4,5,0.0,16,15
EGFR,4,5,0.11538461538461539,15,16
CYP2F1,4,5,0.0,15,34
SNTN,4,5,0.11538461538461539,15,16
TIMP4,4,5,0.0,16,15
GATA2,4,5,0.0,15,16
HAMP,4,5,0.0,15,25
PPP1R1B,4,5,0.07692307692307693,15,15
ADH1C,4,5,0.12,15,15
CCDC39,4,5,0.037037037037037035,15,15
CFTR,4,5,0.14814814814814814,18,15
TMC5,4,5,0.10344827586206896,15,19
PGR,4,5,0.03571428571428571,16,15
AGER,4,5,0.07407407407407407,15,16
MAMDC2,4,5,0.0,17,15
AR,4,5,0.0,15,15
C15orf48,4,5,0.0,16,34
S100A1,4,5,0.0,15,15
SOX18,4,5,0.0,17,15
SNAI1,4,5,0.037037037037037035,15,15
CLIC6,4,5,0.07407407407407407,16,15
SLC26A3,4,5,0.037037037037037035,15,15
TM4SF4,4,5,0.0,15,16
THBS2,4,5,0.07142857142857142,17,15
AQP9,4,5,0.07692307692307693,15,15
SLC18A2,4,5,0.07407407407407407,16,15
ERBB2,4,5,0.037037037037037035,15,15
GPC1,4,5,0.0,15,21
TAC1,4,5,0.037037037037037035,15,15
FGFBP1,4,5,0.037037037037037035,15,15
C6orf118,4,5,0.0,15,15
APOA5,4,5,0.034482758620689655,16,16
DNAAF1,4,5,0.07407407407407407,16,15
ACE2,4,5,0.037037037037037035,15,15
CLCA2,4,5,0.07407407407407407,16,15
MCEMP1,4,5,0.034482758620689655,16,16
TBX3,4,5,0.0,15,15
CYP2B6,4,5,0.0,15,15
SCGN,4,5,0.037037037037037035,15,15
OPRPN,4,5,0.0,16,15
CD300E,4,5,0.07692307692307693,15,15
CAPN8,4,5,0.0,15,15
SCGB2A1,4,5,0.0,16,15
GPRC5A,4,5,0.037037037037037035,15,15
CCDC78,4,5,0.0,15,25
CTSG,4,5,0.14285714285714285,15,19
ADIPOQ,4,5,0.07142857142857142,17,15
C1orf194,4,5,0.07692307692307693,15,15
LILRA5,4,5,0.037037037037037035,15,15
HPGDS,4,5,0.0,15,15
KCNK3,4,5,0.037037037037037035,15,15
LPL,4,5,0.0,15,25
GYPB,4,5,0.1111111111111111,17,15
GKN2,4,5,0.15384615384615385,17,15
C5orf46,4,5,0.15384615384615385,17,15
SELE,4,5,0.034482758620689655,17,15
SERPINB2,4,5,0.07692307692307693,15,15
DIRAS3,4,5,0.0,15,15
PRG4,4,5,0.037037037037037035,15,15
LGI4,4,5,0.034482758620689655,17,15
COL17A1,4,5,0.07692307692307693,15,15
SFTA2,4,5,0.07692307692307693,15,15
HIGD1B,4,5,0.0,15,15
DPEP1,4,5,0.07692307692307693,15,15
PCP4,4,5,0.0,15,15
CSF3,4,5,0.0,17,15
TREM2,4,5,0.07692307692307693,15,15
TMEM52B,4,5,0.037037037037037035,15,15
AGR3,4,5,0.0,15,15
AQP8,4,5,0.1111111111111111,17,15
ARFGEF3,4,5,0.16666666666666666,15,15
SNCG,4,5,0.037037037037037035,15,15
SLC22A8,4,5,0.1111111111111111,17,15
PEBP4,4,5,0.0,15,15
BBOX1,4,5,0.07692307692307693,15,15
CYP3A4,4,5,0.15384615384615385,17,15
FOXI1,4,5,0.0,15,15
S100A12,4,5,0.07692307692307693,15,15
HPX,4,5,0.037037037037037035,15,15
LGR5,4,5,0.037037037037037035,15,15
NAT8,4,5,0.1111111111111111,17,15
PCSK2,4,5,0.0,15,15
ASCL1,4,5,0.037037037037037035,15,15
PVALB,4,5,0.0,15,15
FCN2,4,5,0.16666666666666666,15,15
GCG,4,5,0.07692307692307693,15,15
CD70,4,5,0.16666666666666666,15,15
UMOD,4,5,0.037037037037037035,15,15
FOXJ1,4,5,0.07692307692307693,15,15
MLPH,4,5,0.07692307692307693,15,15
GLYATL1,4,5,0.037037037037037035,15,15
KRT20,4,5,0.037037037037037035,15,15
ADH4,4,5,0.07692307692307693,15,15
CA4,4,5,0.16666666666666666,15,15
CDH16,4,5,0.16666666666666666,15,15
AQP2,4,5,0.037037037037037035,15,15
DMBT1,4,5,0.16666666666666666,15,15
CHGA,4,5,0.07692307692307693,15,15
CCL27,4,5,0.16666666666666666,15,15
KNG1,4,5,0.037037037037037035,15,15
PPY,4,5,0.14285714285714285,15,19
MLANA,4,5,0.037037037037037035,15,15
HMGCS2,4,5,0.037037037037037035,15,15
CRHBP,4,5,0.14285714285714285,15,19
TFF2,4,5,0.16666666666666666,15,15
GDF15,4,5,0.0,15,15
PDCD1,4,5,0.0,15,15
SST,4,5,0.16666666666666666,15,15
INS,4,5,0.14285714285714285,15,19
FOXA1,4,5,0.6842105263157895,15,19
TMEM174,4,5,0.6842105263157895,15,19
TCF15,4,5,0.6842105263157895,15,19
KLK11,4,5,0.6842105263157895,15,19
SPDEF,4,5,0.14285714285714285,15,19
ABCC11,4,5,0.6842105263157895,15,19
HES4,4,5,0.6842105263157895,15,19
C20orf85,4,5,0.6842105263157895,15,19
TAT,4,5,0.6842105263157895,15,19
MYBPC1,4,5,0.6842105263157895,15,19
LY6D,4,5,0.6842105263157895,15,19
UPK3B,4,5,0.6842105263157895,15,19
GPX2,4,5,0.6842105263157895,15,19
RETN,4,5,0.6842105263157895,15,19
KRT7,4,5,0.6842105263157895,15,19
