gene,niche,seed,matched_niche,tile_jaccard,jaccard
MT1A,0,0,1,0.7626262626262627,0.8
DEFB1,0,0,1,0.7626262626262627,0.8
LY6D,0,0,1,0.7626262626262627,0.8
HBE1,0,0,1,0.7626262626262627,0.8
WIF1,0,0,1,0.7626262626262627,0.8
MT1G,0,0,1,0.7626262626262627,0.8
CA1,0,0,1,0.7626262626262627,0.8
DCT,0,0,1,0.7626262626262627,0.8
MIA,0,0,1,0.7626262626262627,0.8
KRTDAP,0,0,1,0.7626262626262627,0.8
TNFRSF18,0,0,1,0.7626262626262627,0.8
SERPINB2,0,0,1,0.7626262626262627,0.8
ALAS2,0,0,1,0.7626262626262627,0.8
SCGB1B2P,0,0,1,0.7626262626262627,0.8
IL17A,0,0,1,0.7626262626262627,0.8
AHSP,0,0,1,0.7626262626262627,0.8
HBD,0,0,1,0.7626262626262627,0.8
BCAN,0,0,1,0.7626262626262627,0.0967741935483871
MYOC,0,0,1,0.7626262626262627,0.0967741935483871
PPP1R14A,0,0,1,0.7626262626262627,0.0967741935483871
MIR205HG,0,0,1,0.7626262626262627,0.0967741935483871
RGS16,0,0,1,0.7626262626262627,0.5555555555555556
CLDN4,0,0,1,0.7626262626262627,0.5555555555555556
RHOV,0,0,1,0.7626262626262627,0.5555555555555556
SLPI,0,0,1,0.7626262626262627,0.5555555555555556
CXCL5,0,0,1,0.7626262626262627,0.5555555555555556
MT1X,0,0,1,0.7626262626262627,0.5555555555555556
HAPLN1,0,0,1,0.7626262626262627,0.5555555555555556
FGFBP1,0,0,1,0.7626262626262627,0.5555555555555556
MMP10,0,0,1,0.7626262626262627,0.5555555555555556
CAPNS2,0,0,1,0.7626262626262627,0.5555555555555556
SOX15,0,0,1,0.7626262626262627,0.5555555555555556
LINC00636,0,0,1,0.7626262626262627,0.12
LOR,0,0,1,0.7626262626262627,0.12
SERPINB5,0,0,1,0.7626262626262627,0.12
CD207,0,0,1,0.7626262626262627,0.12
ARG1,0,0,1,0.7626262626262627,0.5555555555555556
ACER1,0,0,1,0.7626262626262627,0.5555555555555556
NDUFA4L2,0,0,1,0.7626262626262627,0.5555555555555556
MAL2,0,0,1,0.7626262626262627,0.5555555555555556
IGFBP2,0,0,1,0.7626262626262627,0.5555555555555556
CLDN1,0,0,1,0.7626262626262627,0.5555555555555556
CD1A,0,0,1,0.7626262626262627,0.5555555555555556
CD1B,0,0,1,0.7626262626262627,0.5555555555555556
IL1B,0,0,1,0.7626262626262627,0.5555555555555556
CCL22,0,0,1,0.7626262626262627,0.5555555555555556
NMB,0,0,1,0.7626262626262627,0.5555555555555556
KRT15,0,0,1,0.7626262626262627,0.12
IGLL1,0,0,1,0.7626262626262627,0.12
IL33,0,0,1,0.7626262626262627,0.12
CDH2,0,0,1,0.7626262626262627,0.12
ACHE,0,0,1,0.7626262626262627,0.47368421052631576
KRT17,0,0,1,0.7626262626262627,0.47368421052631576
S100A14,0,0,1,0.7626262626262627,0.47368421052631576
ASPN,0,0,1,0.7626262626262627,0.47368421052631576
LAMB3,0,0,1,0.7626262626262627,0.47368421052631576
G0S2,0,0,1,0.7626262626262627,0.47368421052631576
DSC1,0,0,1,0.7626262626262627,0.47368421052631576
TP63,0,0,1,0.7626262626262627,0.16666666666666666
SOSTDC1,0,0,1,0.7626262626262627,0.47368421052631576
COL17A1,0,0,1,0.7626262626262627,0.47368421052631576
CES1,0,0,1,0.7626262626262627,0.16666666666666666
GPR4,0,0,1,0.7626262626262627,0.16666666666666666
SOX17,0,0,1,0.7626262626262627,0.16666666666666666
CLDN5,0,0,1,0.7626262626262627,0.16666666666666666
AREG,0,0,1,0.7626262626262627,0.47368421052631576
TFAP2B,0,0,1,0.7626262626262627,0.47368421052631576
PLAC9,0,0,1,0.7626262626262627,0.47368421052631576
CR2,0,0,1,0.7626262626262627,0.47368421052631576
AZGP1,0,0,1,0.7626262626262627,0.47368421052631576
FCER2,0,0,1,0.7626262626262627,0.12
COCH,0,0,1,0.7626262626262627,0.12
SBSN,0,0,1,0.7626262626262627,0.12
TFF3,0,0,1,0.7626262626262627,0.47368421052631576
PKHD1L1,0,0,1,0.7626262626262627,0.47368421052631576
LYVE1,0,0,1,0.7626262626262627,0.47368421052631576
PDPN,0,0,1,0.7626262626262627,0.47368421052631576
FABP4,0,0,1,0.7626262626262627,0.47368421052631576
MMRN1,0,0,1,0.7626262626262627,0.0
PROX1,0,0,1,0.7626262626262627,0.47368421052631576
DMKN,0,0,1,0.7626262626262627,0.12
ITGA8,0,0,1,0.7626262626262627,0.0
DERL3,0,0,1,0.7626262626262627,0.0
AHNAK2,0,0,1,0.7626262626262627,0.03333333333333333
MMP27,0,0,1,0.7626262626262627,0.03333333333333333
TFPI2,0,0,1,0.7626262626262627,0.38095238095238093
MFAP5,0,0,1,0.7626262626262627,0.03333333333333333
LEPR,0,0,1,0.7626262626262627,0.38095238095238093
KRT5,0,0,1,0.7626262626262627,0.38095238095238093
CXCL1,0,0,1,0.7626262626262627,0.38095238095238093
C5AR1,0,0,1,0.7626262626262627,0.38095238095238093
NGFR,0,0,1,0.7626262626262627,0.38095238095238093
MYH11,0,0,1,0.7626262626262627,0.38095238095238093
CSPG4,0,0,1,0.7626262626262627,0.03571428571428571
PDCD1,0,0,1,0.7626262626262627,0.38095238095238093
CXADR,0,0,1,0.7626262626262627,0.38095238095238093
KRT16,0,0,1,0.7626262626262627,0.03571428571428571
PCDH7,0,0,1,0.7626262626262627,0.75
NSG1,0,0,1,0.7626262626262627,0.75
SOX10,0,0,1,0.7626262626262627,0.75
SNCA,0,0,1,0.7626262626262627,0.75
TYRP1,0,0,1,0.7626262626262627,0.75
TYR,0,0,1,0.7626262626262627,0.75
TRPM1,0,0,1,0.7626262626262627,0.75
EDNRB,0,0,1,0.7626262626262627,0.0
PLP1,0,0,1,0.7626262626262627,0.75
MLANA,0,0,1,0.7626262626262627,0.75
PMEL,0,0,1,0.7626262626262627,0.75
TFAP2A,0,0,1,0.7626262626262627,0.75
TUBB2B,0,0,1,0.7626262626262627,0.75
COMP,0,0,1,0.7626262626262627,0.75
LSAMP,0,0,1,0.7626262626262627,0.0
NR4A2,0,0,1,0.7626262626262627,0.5172413793103449
C15orf48,0,0,1,0.7626262626262627,0.5172413793103449
C11orf96,0,0,1,0.7626262626262627,0.5172413793103449
FRZB,0,0,1,0.7626262626262627,0.0
MPZ,0,0,1,0.7626262626262627,0.5172413793103449
ENPP1,0,0,1,0.7626262626262627,0.5172413793103449
KIT,0,0,1,0.7626262626262627,0.5172413793103449
GATA2,0,0,1,0.7626262626262627,0.5172413793103449
SFRP1,0,0,1,0.7626262626262627,0.5172413793103449
CD40LG,0,0,1,0.7626262626262627,0.5172413793103449
ID4,0,0,1,0.7626262626262627,0.5172413793103449
IL6,0,0,1,0.7626262626262627,0.5172413793103449
CCL3,0,0,1,0.7626262626262627,0.5172413793103449
IL10,0,0,1,0.7626262626262627,0.5172413793103449
IFNG,0,0,1,0.7626262626262627,0.5172413793103449
MT1F,0,0,1,0.7626262626262627,0.5172413793103449
AKR1C1,0,0,1,0.7626262626262627,0.023809523809523808
CCR2,0,0,1,0.7626262626262627,0.15151515151515152
PKIB,0,0,1,0.7626262626262627,0.15151515151515152
MNDA,0,0,1,0.7626262626262627,0.15151515151515152
FCER1A,0,0,1,0.7626262626262627,0.15151515151515152
CLEC10A,0,0,1,0.7626262626262627,0.15151515151515152
CD1C,0,0,1,0.7626262626262627,0.15151515151515152
ATF3,0,0,1,0.7626262626262627,0.5172413793103449
ZNF667-AS1,0,0,1,0.7626262626262627,0.023809523809523808
IRF4,0,0,1,0.7626262626262627,0.4
FCRL5,0,0,1,0.7626262626262627,0.4
MZB1,0,0,1,0.7626262626262627,0.4
TNFRSF17,0,0,1,0.7626262626262627,0.4
MEF2C,0,0,1,0.7626262626262627,0.4
AIM2,0,0,1,0.7626262626262627,0.4
MS4A1,0,0,1,0.7626262626262627,0.4
CD79A,0,0,1,0.7626262626262627,0.4
TMEM45A,0,0,1,0.7626262626262627,0.1
KRT2,0,0,1,0.7626262626262627,0.1
LYPD3,0,0,1,0.7626262626262627,0.4
PERP,0,0,1,0.7626262626262627,0.030303030303030304
TACSTD2,0,0,1,0.7626262626262627,0.030303030303030304
PTCH1,0,0,1,0.7626262626262627,0.1
NLGN4Y,0,0,1,0.7626262626262627,0.1
PTN,0,0,1,0.7626262626262627,0.03333333333333333
CRABP2,0,0,1,0.7626262626262627,0.03333333333333333
AQP3,0,0,1,0.7626262626262627,0.06451612903225806
CXCR3,0,0,1,0.7626262626262627,0.06451612903225806
LTB,0,0,1,0.7626262626262627,0.06451612903225806
KLRB1,0,0,1,0.7626262626262627,0.30434782608695654
CTSW,0,0,1,0.7626262626262627,0.30434782608695654
GNLY,0,0,1,0.7626262626262627,0.30434782608695654
KLRD1,0,0,1,0.7626262626262627,0.30434782608695654
ITGAE,0,0,1,0.7626262626262627,0.0
ETV1,0,0,1,0.7626262626262627,0.30434782608695654
GYPC,0,0,1,0.7626262626262627,0.30434782608695654
TGFB1,0,0,1,0.7626262626262627,0.0
S100A4,0,0,1,0.7626262626262627,0.30434782608695654
CCND3,0,0,1,0.7626262626262627,0.30434782608695654
CXCR4,0,0,1,0.7626262626262627,1.0
CDC20,0,0,1,0.7626262626262627,1.0
BIRC5,0,0,1,0.7626262626262627,1.0
COTL1,0,0,1,0.7626262626262627,1.0
ARHGDIB,0,0,1,0.7626262626262627,1.0
CDK1,0,0,1,0.7626262626262627,1.0
UBE2C,0,0,1,0.7626262626262627,1.0
PTTG1,0,0,1,0.7626262626262627,1.0
CENPF,0,0,1,0.7626262626262627,1.0
NUSAP1,0,0,1,0.7626262626262627,1.0
RRM2,0,0,1,0.7626262626262627,1.0
HIST1H4C,0,0,1,0.7626262626262627,1.0
TOP2A,0,0,1,0.7626262626262627,1.0
TYMS,0,0,1,0.7626262626262627,1.0
MKI67,0,0,1,0.7626262626262627,1.0
HMGN2,0,0,1,0.7626262626262627,1.0
STMN1,0,0,1,0.7626262626262627,1.0
HMGB2,0,0,1,0.7626262626262627,1.0
AKAP5,0,0,1,0.7626262626262627,1.0
CXCL13,0,0,1,0.7626262626262627,1.0
ITM2A,0,0,1,0.7626262626262627,1.0
CYB561A3,0,0,1,0.7626262626262627,0.0625
GZMB,0,0,1,0.7626262626262627,0.0625
ALOX5AP,0,0,1,0.7626262626262627,0.0625
KLRG1,0,0,1,0.7626262626262627,0.7894736842105263
CD52,0,0,1,0.7626262626262627,0.7894736842105263
LAG3,0,0,1,0.7626262626262627,0.7894736842105263
LCK,0,0,1,0.7626262626262627,0.7894736842105263
PTPRCAP,0,0,1,0.7626262626262627,0.7894736842105263
NKG7,0,0,1,0.7626262626262627,0.7894736842105263
CCL4,0,0,1,0.7626262626262627,0.7894736842105263
CD3E,0,0,1,0.7626262626262627,0.7894736842105263
CD3D,0,0,1,0.7626262626262627,0.7894736842105263
CD3G,0,0,1,0.7626262626262627,0.7894736842105263
GZMK,0,0,1,0.7626262626262627,0.7894736842105263
CST7,0,0,1,0.7626262626262627,0.7894736842105263
PRF1,0,0,1,0.7626262626262627,0.7894736842105263
GZMA,0,0,1,0.7626262626262627,0.7894736842105263
CCL5,0,0,1,0.7626262626262627,0.7894736842105263
CD8A,0,0,1,0.7626262626262627,0.7894736842105263
GPR183,0,0,1,0.7626262626262627,0.29411764705882354
SELL,0,0,1,0.7626262626262627,0.29411764705882354
PBXIP1,0,0,1,0.7626262626262627,0.29411764705882354
GIMAP7,0,0,1,0.7626262626262627,0.29411764705882354
IL7R,0,0,1,0.7626262626262627,0.29411764705882354
TCF7,0,0,1,0.7626262626262627,0.29411764705882354
IL32,0,0,1,0.7626262626262627,0.1388888888888889
CD27,0,0,1,0.7626262626262627,0.1388888888888889
IL2RA,0,0,1,0.7626262626262627,0.1388888888888889
TIGIT,0,0,1,0.7626262626262627,0.1388888888888889
CTLA4,0,0,1,0.7626262626262627,0.1388888888888889
FOXP3,0,0,1,0.7626262626262627,0.1388888888888889
DUSP2,0,0,1,0.7626262626262627,0.29411764705882354
TNF,0,0,1,0.7626262626262627,0.29411764705882354
CD69,0,0,1,0.7626262626262627,0.29411764705882354
QPCT,0,0,1,0.7626262626262627,0.10526315789473684
PTGER3,0,0,1,0.7626262626262627,0.29411764705882354
FAM210B,0,0,1,0.7626262626262627,0.29411764705882354
VEGFA,0,0,1,0.7626262626262627,0.10526315789473684
TMEM150C,0,0,1,0.7626262626262627,0.10526315789473684
BCL2A1,0,0,1,0.7626262626262627,0.10526315789473684
STRADB,0,0,1,0.7626262626262627,0.0375
INSIG1,0,0,1,0.7626262626262627,0.0375
SLC25A39,0,0,1,0.7626262626262627,0.10526315789473684
RGCC,0,0,1,0.7626262626262627,0.0375
LST1,0,0,1,0.7626262626262627,0.0375
CBFA2T3,0,0,1,0.7626262626262627,0.16176470588235295
CCND1,0,0,1,0.7626262626262627,0.16176470588235295
S100B,0,0,1,0.7626262626262627,0.16176470588235295
ID2,0,0,1,0.7626262626262627,0.16176470588235295
TSPAN33,0,0,1,0.7626262626262627,0.16176470588235295
CLEC9A,0,0,1,0.7626262626262627,0.16176470588235295
LGALS2,0,0,1,0.7626262626262627,0.16176470588235295
C1orf54,0,0,1,0.7626262626262627,0.16176470588235295
CPVL,0,0,1,0.7626262626262627,0.16176470588235295
IRF8,0,0,1,0.7626262626262627,0.16176470588235295
WDFY4,0,0,1,0.7626262626262627,0.16176470588235295
CD274,0,0,1,0.7626262626262627,0.3103448275862069
ADAM12,0,0,1,0.7626262626262627,0.3103448275862069
BASP1,0,0,1,0.7626262626262627,0.3103448275862069
RGS1,0,0,1,0.7626262626262627,0.3103448275862069
IDO1,0,0,1,0.7626262626262627,0.16176470588235295
GPR157,0,0,1,0.7626262626262627,0.3103448275862069
MARCKSL1,0,0,1,0.7626262626262627,0.3103448275862069
FSCN1,0,0,1,0.7626262626262627,0.3103448275862069
CCR7,0,0,1,0.7626262626262627,0.3103448275862069
BIRC3,0,0,1,0.7626262626262627,0.3103448275862069
CD83,0,0,1,0.7626262626262627,0.3103448275862069
LGALS9,0,0,1,0.7626262626262627,0.6349206349206349
IRF5,0,0,1,0.7626262626262627,0.6349206349206349
IRF1,0,0,1,0.7626262626262627,0.6349206349206349
MITF,0,0,1,0.7626262626262627,0.6349206349206349
CXCL10,0,0,1,0.7626262626262627,0.6349206349206349
CXCL11,0,0,1,0.7626262626262627,0.6349206349206349
CCL8,0,0,1,0.7626262626262627,0.6349206349206349
IL4I1,0,0,1,0.7626262626262627,0.6349206349206349
HAVCR2,0,0,1,0.7626262626262627,0.6349206349206349
AXL,0,0,1,0.7626262626262627,0.6349206349206349
TYROBP,0,0,1,0.7626262626262627,0.6349206349206349
NRP2,0,0,1,0.7626262626262627,0.6349206349206349
CXCL2,0,0,1,0.7626262626262627,0.6349206349206349
PDCD1LG2,0,0,1,0.7626262626262627,0.6349206349206349
TMEM176A,0,0,1,0.7626262626262627,0.6349206349206349
AIF1,0,0,1,0.7626262626262627,0.6349206349206349
CD63,0,0,1,0.7626262626262627,0.6349206349206349
CTSL,0,0,1,0.7626262626262627,0.6349206349206349
CD4,0,0,1,0.7626262626262627,0.6349206349206349
C3AR1,0,0,1,0.7626262626262627,0.6349206349206349
RNASE1,0,0,1,0.7626262626262627,0.6349206349206349
ITGAX,0,0,1,0.7626262626262627,0.6349206349206349
LYZ,0,0,1,0.7626262626262627,0.6349206349206349
HLA-DPB1,0,0,1,0.7626262626262627,0.6349206349206349
MMP9,0,0,1,0.7626262626262627,0.6349206349206349
CD14,0,0,1,0.7626262626262627,0.6349206349206349
CD163,0,0,1,0.7626262626262627,0.6349206349206349
CSF1R,0,0,1,0.7626262626262627,0.6349206349206349
C1QA,0,0,1,0.7626262626262627,0.6349206349206349
FCER1G,0,0,1,0.7626262626262627,0.6349206349206349
CTSZ,0,0,1,0.7626262626262627,0.6349206349206349
CD68,0,0,1,0.7626262626262627,0.6349206349206349
RASSF8,0,0,1,0.7626262626262627,0.6349206349206349
FKBP8,0,0,1,0.7626262626262627,0.6349206349206349
TBC1D7,0,0,1,0.7626262626262627,0.6349206349206349
CRYAB,0,0,1,0.7626262626262627,0.6349206349206349
SLC2A3,0,0,1,0.7626262626262627,0.6349206349206349
MYC,0,0,1,0.7626262626262627,0.6349206349206349
KRT18,0,0,1,0.7626262626262627,0.6349206349206349
HES1,0,0,1,0.7626262626262627,0.6349206349206349
KRT1,0,0,1,0.7626262626262627,0.6349206349206349
LENG8,0,0,1,0.7626262626262627,0.0
KDM5B,0,0,1,0.7626262626262627,0.033707865168539325
PTEN,0,0,1,0.7626262626262627,0.033707865168539325
CTNNB1,0,0,1,0.7626262626262627,0.033707865168539325
FBXO7,0,0,1,0.7626262626262627,0.033707865168539325
DSP,0,0,1,0.7626262626262627,0.0
RGS5,0,0,1,0.7626262626262627,0.0
IFITM1,0,0,1,0.7626262626262627,0.7
ITGB1,0,0,1,0.7626262626262627,0.7
SLC8A1,0,0,1,0.7626262626262627,0.7
ENTPD1,0,0,1,0.7626262626262627,0.7
TSC22D1,0,0,1,0.7626262626262627,0.7
IFI27,0,0,1,0.7626262626262627,0.7
NR2F2,0,0,1,0.7626262626262627,0.7
TFPI,0,0,1,0.7626262626262627,0.7
SELE,0,0,1,0.7626262626262627,0.7
IL3RA,0,0,1,0.7626262626262627,0.7
ITGA5,0,0,1,0.7626262626262627,0.7
VIM,0,0,1,0.7626262626262627,0.7
RAMP2,0,0,1,0.7626262626262627,0.7
MYCT1,0,0,1,0.7626262626262627,0.7
ITGA6,0,0,1,0.7626262626262627,0.7
GNG11,0,0,1,0.7626262626262627,0.7
MGP,0,0,1,0.7626262626262627,0.7
IGFBP7,0,0,1,0.7626262626262627,0.7
TM4SF1,0,0,1,0.7626262626262627,0.7
ECSCR,0,0,1,0.7626262626262627,0.7
CD93,0,0,1,0.7626262626262627,0.7
CALCRL,0,0,1,0.7626262626262627,0.7
PECAM1,0,0,1,0.7626262626262627,0.7
PLVAP,0,0,1,0.7626262626262627,0.7
VWF,0,0,1,0.7626262626262627,0.7
AQP1,0,0,1,0.7626262626262627,0.7
SPARCL1,0,0,1,0.7626262626262627,0.7
CD34,0,0,1,0.7626262626262627,0.7
CDH5,0,0,1,0.7626262626262627,0.7
SLC25A37,0,0,1,0.7626262626262627,0.7142857142857143
IGFBP3,0,0,1,0.7626262626262627,0.7142857142857143
S100A13,0,0,1,0.7626262626262627,0.7142857142857143
PTGR1,0,0,1,0.7626262626262627,0.7142857142857143
INHBA,0,0,1,0.7626262626262627,0.7142857142857143
NFKBIZ,0,0,1,0.7626262626262627,0.7142857142857143
BHLHE41,0,0,1,0.7626262626262627,0.7142857142857143
IGFBP5,0,0,1,0.7626262626262627,0.7142857142857143
IFI6,0,0,1,0.7626262626262627,0.7142857142857143
SERPINE2,0,0,1,0.7626262626262627,0.7142857142857143
GEM,0,0,1,0.7626262626262627,0.7142857142857143
CD276,0,0,1,0.7626262626262627,0.7142857142857143
SPRY1,0,0,1,0.7626262626262627,0.7142857142857143
APCDD1,0,0,1,0.7626262626262627,0.7142857142857143
CCL2,0,0,1,0.7626262626262627,0.7142857142857143
SOD3,0,0,1,0.7626262626262627,0.7142857142857143
DST,0,0,1,0.7626262626262627,0.7142857142857143
THY1,0,0,1,0.7626262626262627,0.7142857142857143
HTRA1,0,0,1,0.7626262626262627,0.7142857142857143
APOD,0,0,1,0.7626262626262627,0.7142857142857143
PDGFRA,0,0,1,0.7626262626262627,0.7142857142857143
FAP,0,0,1,0.7626262626262627,0.7142857142857143
SFRP2,0,0,1,0.7626262626262627,0.7142857142857143
CXCL12,0,0,1,0.7626262626262627,0.7142857142857143
POSTN,0,0,1,0.7626262626262627,0.7142857142857143
LUM,0,0,1,0.7626262626262627,0.7142857142857143
THBS2,0,0,1,0.7626262626262627,0.7142857142857143
VCAN,0,0,1,0.7626262626262627,0.7142857142857143
PTGDS,0,0,1,0.7626262626262627,0.7142857142857143
C3,0,0,1,0.7626262626262627,0.7142857142857143
SERPING1,0,0,1,0.7626262626262627,0.7142857142857143
TNC,0,0,1,0.7626262626262627,0.7142857142857143
COL5A2,0,0,1,0.7626262626262627,0.7142857142857143
PDGFRB,0,0,1,0.7626262626262627,0.7142857142857143
FN1,0,0,1,0.7626262626262627,0.7142857142857143
MMP2,0,0,1,0.7626262626262627,0.7142857142857143
COL6A3,0,0,1,0.7626262626262627,0.7142857142857143
COL6A1,0,0,1,0.7626262626262627,0.7142857142857143
COL6A2,0,0,1,0.7626262626262627,0.7142857142857143
FBLN1,0,0,1,0.7626262626262627,0.7142857142857143
MFAP4,0,0,1,0.7626262626262627,0.7142857142857143
ENAH,0,0,1,0.7626262626262627,0.10126582278481013
CCL19,0,0,1,0.7626262626262627,0.10126582278481013
CPE,0,0,1,0.7626262626262627,0.10126582278481013
ACTA2,0,0,1,0.7626262626262627,0.10126582278481013
TAGLN,0,0,1,0.7626262626262627,0.10126582278481013
SYNPO2,0,0,1,0.7626262626262627,0.10126582278481013
MYL9,0,0,1,0.7626262626262627,0.10126582278481013
CALD1,0,0,1,0.7626262626262627,0.10126582278481013
NOTCH3,0,0,1,0.7626262626262627,0.10126582278481013
MT1A,0,1,0,0.5316239316239316,0.7142857142857143
DEFB1,0,1,0,0.5316239316239316,0.7142857142857143
LY6D,0,1,0,0.5316239316239316,0.7142857142857143
HBE1,0,1,0,0.5316239316239316,0.7142857142857143
WIF1,0,1,0,0.5316239316239316,0.7142857142857143
MT1G,0,1,0,0.5316239316239316,0.7142857142857143
CA1,0,1,0,0.5316239316239316,0.7142857142857143
DCT,0,1,0,0.5316239316239316,0.0
MIA,0,1,0,0.5316239316239316,0.09090909090909091
KRTDAP,0,1,0,0.5316239316239316,0.09090909090909091
TNFRSF18,0,1,0,0.5316239316239316,0.7142857142857143
SERPINB2,0,1,0,0.5316239316239316,0.7142857142857143
ALAS2,0,1,0,0.5316239316239316,0.7142857142857143
SCGB1B2P,0,1,0,0.5316239316239316,0.7142857142857143
IL17A,0,1,0,0.5316239316239316,0.7142857142857143
AHSP,0,1,0,0.5316239316239316,0.7142857142857143
HBD,0,1,0,0.5316239316239316,0.7142857142857143
BCAN,0,1,0,0.5316239316239316,0.09090909090909091
MYOC,0,1,0,0.5316239316239316,0.7142857142857143
PPP1R14A,0,1,0,0.5316239316239316,0.7142857142857143
MIR205HG,0,1,0,0.5316239316239316,0.09090909090909091
RGS16,0,1,0,0.5316239316239316,0.0
CLDN4,0,1,0,0.5316239316239316,0.42857142857142855
RHOV,0,1,0,0.5316239316239316,0.42857142857142855
SLPI,0,1,0,0.5316239316239316,0.42857142857142855
CXCL5,0,1,0,0.5316239316239316,0.42857142857142855
MT1X,0,1,0,0.5316239316239316,0.42857142857142855
HAPLN1,0,1,0,0.5316239316239316,0.42857142857142855
FGFBP1,0,1,0,0.5316239316239316,0.42857142857142855
MMP10,0,1,0,0.5316239316239316,0.42857142857142855
CAPNS2,0,1,0,0.5316239316239316,0.07692307692307693
SOX15,0,1,0,0.5316239316239316,0.07692307692307693
LINC00636,0,1,0,0.5316239316239316,0.42857142857142855
LOR,0,1,0,0.5316239316239316,0.42857142857142855
SERPINB5,0,1,0,0.5316239316239316,0.0
CD207,0,1,0,0.5316239316239316,0.07692307692307693
ARG1,0,1,0,0.5316239316239316,0.47368421052631576
ACER1,0,1,0,0.5316239316239316,0.47368421052631576
NDUFA4L2,0,1,0,0.5316239316239316,0.47368421052631576
MAL2,0,1,0,0.5316239316239316,0.0
IGFBP2,0,1,0,0.5316239316239316,0.034482758620689655
CLDN1,0,1,0,0.5316239316239316,0.47368421052631576
CD1A,0,1,0,0.5316239316239316,0.47368421052631576
CD1B,0,1,0,0.5316239316239316,0.47368421052631576
IL1B,0,1,0,0.5316239316239316,0.47368421052631576
CCL22,0,1,0,0.5316239316239316,0.47368421052631576
NMB,0,1,0,0.5316239316239316,0.47368421052631576
KRT15,0,1,0,0.5316239316239316,0.03225806451612903
IGLL1,0,1,0,0.5316239316239316,0.47368421052631576
IL33,0,1,0,0.5316239316239316,0.034482758620689655
CDH2,0,1,0,0.5316239316239316,0.03225806451612903
ACHE,0,1,0,0.5316239316239316,0.0
KRT17,0,1,0,0.5316239316239316,0.06666666666666667
S100A14,0,1,0,0.5316239316239316,0.06666666666666667
ASPN,0,1,0,0.5316239316239316,0.3333333333333333
LAMB3,0,1,0,0.5316239316239316,0.07692307692307693
G0S2,0,1,0,0.5316239316239316,0.3333333333333333
DSC1,0,1,0,0.5316239316239316,0.07692307692307693
TP63,0,1,0,0.5316239316239316,0.3333333333333333
SOSTDC1,0,1,0,0.5316239316239316,0.3333333333333333
COL17A1,0,1,0,0.5316239316239316,0.06666666666666667
CES1,0,1,0,0.5316239316239316,0.3333333333333333
GPR4,0,1,0,0.5316239316239316,0.3333333333333333
SOX17,0,1,0,0.5316239316239316,0.3333333333333333
CLDN5,0,1,0,0.5316239316239316,0.3333333333333333
AREG,0,1,0,0.5316239316239316,0.07692307692307693
TFAP2B,0,1,0,0.5316239316239316,0.0
PLAC9,0,1,0,0.5316239316239316,0.12
CR2,0,1,0,0.5316239316239316,0.12
AZGP1,0,1,0,0.5316239316239316,0.06666666666666667
FCER2,0,1,0,0.5316239316239316,0.12
COCH,0,1,0,0.5316239316239316,0.12
SBSN,0,1,0,0.5316239316239316,0.06666666666666667
TFF3,0,1,0,0.5316239316239316,0.0
PKHD1L1,0,1,0,0.5316239316239316,0.21739130434782608
LYVE1,0,1,0,0.5316239316239316,0.21739130434782608
PDPN,0,1,0,0.5316239316239316,0.21739130434782608
FABP4,0,1,0,0.5316239316239316,0.21739130434782608
MMRN1,0,1,0,0.5316239316239316,0.21739130434782608
PROX1,0,1,0,0.5316239316239316,0.21739130434782608
DMKN,0,1,0,0.5316239316239316,0.06666666666666667
ITGA8,0,1,0,0.5316239316239316,0.16
DERL3,0,1,0,0.5316239316239316,0.16
AHNAK2,0,1,0,0.5316239316239316,0.2222222222222222
MMP27,0,1,0,0.5316239316239316,0.16
TFPI2,0,1,0,0.5316239316239316,0.16
MFAP5,0,1,0,0.5316239316239316,0.07407407407407407
LEPR,0,1,0,0.5316239316239316,0.16
KRT5,0,1,0,0.5316239316239316,0.2222222222222222
CXCL1,0,1,0,0.5316239316239316,0.2222222222222222
C5AR1,0,1,0,0.5316239316239316,0.2222222222222222
NGFR,0,1,0,0.5316239316239316,0.07407407407407407
MYH11,0,1,0,0.5316239316239316,0.07407407407407407
CSPG4,0,1,0,0.5316239316239316,0.0
PDCD1,0,1,0,0.5316239316239316,0.2222222222222222
CXADR,0,1,0,0.5316239316239316,0.2222222222222222
KRT16,0,1,0,0.5316239316239316,0.2222222222222222
PCDH7,0,1,0,0.5316239316239316,0.18032786885245902
NSG1,0,1,0,0.5316239316239316,0.18032786885245902
SOX10,0,1,0,0.5316239316239316,0.18032786885245902
SNCA,0,1,0,0.5316239316239316,0.18032786885245902
TYRP1,0,1,0,0.5316239316239316,0.18032786885245902
TYR,0,1,0,0.5316239316239316,0.18032786885245902
TRPM1,0,1,0,0.5316239316239316,0.18032786885245902
EDNRB,0,1,0,0.5316239316239316,0.18032786885245902
PLP1,0,1,0,0.5316239316239316,0.18032786885245902
MLANA,0,1,0,0.5316239316239316,0.18032786885245902
PMEL,0,1,0,0.5316239316239316,0.18032786885245902
TFAP2A,0,1,0,0.5316239316239316,0.18032786885245902
TUBB2B,0,1,0,0.5316239316239316,0.037037037037037035
COMP,0,1,0,0.5316239316239316,0.0
LSAMP,0,1,0,0.5316239316239316,0.037037037037037035
NR4A2,0,1,0,0.5316239316239316,0.08571428571428572
C15orf48,0,1,0,0.5316239316239316,0.08571428571428572
C11orf96,0,1,0,0.5316239316239316,0.05
FRZB,0,1,0,0.5316239316239316,0.05
MPZ,0,1,0,0.5316239316239316,0.1875
ENPP1,0,1,0,0.5316239316239316,0.0
KIT,0,1,0,0.5316239316239316,0.0379746835443038
GATA2,0,1,0,0.5316239316239316,0.0
SFRP1,0,1,0,0.5316239316239316,0.0
CD40LG,0,1,0,0.5316239316239316,0.05
ID4,0,1,0,0.5316239316239316,0.0379746835443038
IL6,0,1,0,0.5316239316239316,0.08571428571428572
CCL3,0,1,0,0.5316239316239316,0.03076923076923077
IL10,0,1,0,0.5316239316239316,0.0379746835443038
IFNG,0,1,0,0.5316239316239316,0.03076923076923077
MT1F,0,1,0,0.5316239316239316,0.1875
AKR1C1,0,1,0,0.5316239316239316,0.08571428571428572
CCR2,0,1,0,0.5316239316239316,0.1875
PKIB,0,1,0,0.5316239316239316,0.1875
MNDA,0,1,0,0.5316239316239316,0.03076923076923077
FCER1A,0,1,0,0.5316239316239316,0.1875
CLEC10A,0,1,0,0.5316239316239316,0.1875
CD1C,0,1,0,0.5316239316239316,0.1875
ATF3,0,1,0,0.5316239316239316,0.0379746835443038
ZNF667-AS1,0,1,0,0.5316239316239316,0.0
IRF4,0,1,0,0.5316239316239316,0.02857142857142857
FCRL5,0,1,0,0.5316239316239316,0.2727272727272727
MZB1,0,1,0,0.5316239316239316,0.2727272727272727
TNFRSF17,0,1,0,0.5316239316239316,0.2727272727272727
MEF2C,0,1,0,0.5316239316239316,0.02857142857142857
AIM2,0,1,0,0.5316239316239316,0.2727272727272727
MS4A1,0,1,0,0.5316239316239316,0.2727272727272727
CD79A,0,1,0,0.5316239316239316,0.2727272727272727
TMEM45A,0,1,0,0.5316239316239316,0.037037037037037035
KRT2,0,1,0,0.5316239316239316,0.07692307692307693
LYPD3,0,1,0,0.5316239316239316,0.037037037037037035
PERP,0,1,0,0.5316239316239316,0.07692307692307693
TACSTD2,0,1,0,0.5316239316239316,0.07692307692307693
PTCH1,0,1,0,0.5316239316239316,0.02857142857142857
NLGN4Y,0,1,0,0.5316239316239316,0.2727272727272727
PTN,0,1,0,0.5316239316239316,0.037037037037037035
CRABP2,0,1,0,0.5316239316239316,0.037037037037037035
AQP3,0,1,0,0.5316239316239316,0.037037037037037035
CXCR3,0,1,0,0.5316239316239316,0.09615384615384616
LTB,0,1,0,0.5316239316239316,0.037037037037037035
KLRB1,0,1,0,0.5316239316239316,0.1
CTSW,0,1,0,0.5316239316239316,0.1
GNLY,0,1,0,0.5316239316239316,0.1
KLRD1,0,1,0,0.5316239316239316,0.1
ITGAE,0,1,0,0.5316239316239316,0.09615384615384616
ETV1,0,1,0,0.5316239316239316,0.09615384615384616
GYPC,0,1,0,0.5316239316239316,0.0
TGFB1,0,1,0,0.5316239316239316,0.09615384615384616
S100A4,0,1,0,0.5316239316239316,0.09615384615384616
CCND3,0,1,0,0.5316239316239316,0.09615384615384616
CXCR4,0,1,0,0.5316239316239316,0.0
CDC20,0,1,0,0.5316239316239316,0.95
BIRC5,0,1,0,0.5316239316239316,0.95
COTL1,0,1,0,0.5316239316239316,0.95
ARHGDIB,0,1,0,0.5316239316239316,0.95
CDK1,0,1,0,0.5316239316239316,0.95
UBE2C,0,1,0,0.5316239316239316,0.95
PTTG1,0,1,0,0.5316239316239316,0.95
CENPF,0,1,0,0.5316239316239316,0.95
NUSAP1,0,1,0,0.5316239316239316,0.95
RRM2,0,1,0,0.5316239316239316,0.95
HIST1H4C,0,1,0,0.5316239316239316,0.95
TOP2A,0,1,0,0.5316239316239316,0.95
TYMS,0,1,0,0.5316239316239316,0.95
MKI67,0,1,0,0.5316239316239316,0.95
HMGN2,0,1,0,0.5316239316239316,0.95
STMN1,0,1,0,0.5316239316239316,0.95
HMGB2,0,1,0,0.5316239316239316,0.95
AKAP5,0,1,0,0.5316239316239316,0.95
CXCL13,0,1,0,0.5316239316239316,0.95
ITM2A,0,1,0,0.5316239316239316,0.95
CYB561A3,0,1,0,0.5316239316239316,0.0
GZMB,0,1,0,0.5316239316239316,0.7368421052631579
ALOX5AP,0,1,0,0.5316239316239316,0.7368421052631579
KLRG1,0,1,0,0.5316239316239316,0.027777777777777776
CD52,0,1,0,0.5316239316239316,0.027777777777777776
LAG3,0,1,0,0.5316239316239316,0.7368421052631579
LCK,0,1,0,0.5316239316239316,0.7368421052631579
PTPRCAP,0,1,0,0.5316239316239316,0.7368421052631579
NKG7,0,1,0,0.5316239316239316,0.7368421052631579
CCL4,0,1,0,0.5316239316239316,0.0
CD3E,0,1,0,0.5316239316239316,0.7368421052631579
CD3D,0,1,0,0.5316239316239316,0.7368421052631579
CD3G,0,1,0,0.5316239316239316,0.7368421052631579
GZMK,0,1,0,0.5316239316239316,0.7368421052631579
CST7,0,1,0,0.5316239316239316,0.7368421052631579
PRF1,0,1,0,0.5316239316239316,0.7368421052631579
GZMA,0,1,0,0.5316239316239316,0.7368421052631579
CCL5,0,1,0,0.5316239316239316,0.7368421052631579
CD8A,0,1,0,0.5316239316239316,0.7368421052631579
GPR183,0,1,0,0.5316239316239316,0.0641025641025641
SELL,0,1,0,0.5316239316239316,0.29411764705882354
PBXIP1,0,1,0,0.5316239316239316,0.29411764705882354
GIMAP7,0,1,0,0.5316239316239316,0.29411764705882354
IL7R,0,1,0,0.5316239316239316,0.29411764705882354
TCF7,0,1,0,0.5316239316239316,0.29411764705882354
IL32,0,1,0,0.5316239316239316,0.29411764705882354
CD27,0,1,0,0.5316239316239316,0.0
IL2RA,0,1,0,0.5316239316239316,0.29411764705882354
TIGIT,0,1,0,0.5316239316239316,0.29411764705882354
CTLA4,0,1,0,0.5316239316239316,0.29411764705882354
FOXP3,0,1,0,0.5316239316239316,0.29411764705882354
DUSP2,0,1,0,0.5316239316239316,0.030303030303030304
TNF,0,1,0,0.5316239316239316,0.030303030303030304
CD69,0,1,0,0.5316239316239316,0.29411764705882354
QPCT,0,1,0,0.5316239316239316,0.0641025641025641
PTGER3,0,1,0,0.5316239316239316,0.0
FAM210B,0,1,0,0.5316239316239316,0.0641025641025641
VEGFA,0,1,0,0.5316239316239316,0.0
TMEM150C,0,1,0,0.5316239316239316,0.0
BCL2A1,0,1,0,0.5316239316239316,0.021739130434782608
STRADB,0,1,0,0.5316239316239316,0.0641025641025641
INSIG1,0,1,0,0.5316239316239316,0.0641025641025641
SLC25A39,0,1,0,0.5316239316239316,0.0641025641025641
RGCC,0,1,0,0.5316239316239316,0.021739130434782608
LST1,0,1,0,0.5316239316239316,0.030303030303030304
CBFA2T3,0,1,0,0.5316239316239316,0.72
CCND1,0,1,0,0.5316239316239316,0.01282051282051282
S100B,0,1,0,0.5316239316239316,0.01282051282051282
ID2,0,1,0,0.5316239316239316,0.72
TSPAN33,0,1,0,0.5316239316239316,0.72
CLEC9A,0,1,0,0.5316239316239316,0.72
LGALS2,0,1,0,0.5316239316239316,0.72
C1orf54,0,1,0,0.5316239316239316,0.72
CPVL,0,1,0,0.5316239316239316,0.72
IRF8,0,1,0,0.5316239316239316,0.72
WDFY4,0,1,0,0.5316239316239316,0.72
CD274,0,1,0,0.5316239316239316,0.72
ADAM12,0,1,0,0.5316239316239316,0.0
BASP1,0,1,0,0.5316239316239316,0.72
RGS1,0,1,0,0.5316239316239316,0.72
IDO1,0,1,0,0.5316239316239316,0.72
GPR157,0,1,0,0.5316239316239316,0.72
MARCKSL1,0,1,0,0.5316239316239316,0.72
FSCN1,0,1,0,0.5316239316239316,0.72
CCR7,0,1,0,0.5316239316239316,0.72
BIRC3,0,1,0,0.5316239316239316,0.72
CD83,0,1,0,0.5316239316239316,0.72
LGALS9,0,1,0,0.5316239316239316,0.4666666666666667
IRF5,0,1,0,0.5316239316239316,0.17045454545454544
IRF1,0,1,0,0.5316239316239316,0.4666666666666667
MITF,0,1,0,0.5316239316239316,0.17045454545454544
CXCL10,0,1,0,0.5316239316239316,0.4666666666666667
CXCL11,0,1,0,0.5316239316239316,0.4666666666666667
CCL8,0,1,0,0.5316239316239316,0.4666666666666667
IL4I1,0,1,0,0.5316239316239316,0.4666666666666667
HAVCR2,0,1,0,0.5316239316239316,0.4666666666666667
AXL,0,1,0,0.5316239316239316,0.4666666666666667
TYROBP,0,1,0,0.5316239316239316,0.4666666666666667
NRP2,0,1,0,0.5316239316239316,0.17045454545454544
CXCL2,0,1,0,0.5316239316239316,0.4666666666666667
PDCD1LG2,0,1,0,0.5316239316239316,0.4666666666666667
TMEM176A,0,1,0,0.5316239316239316,0.4666666666666667
AIF1,0,1,0,0.5316239316239316,0.4666666666666667
CD63,0,1,0,0.5316239316239316,0.17045454545454544
CTSL,0,1,0,0.5316239316239316,0.4666666666666667
CD4,0,1,0,0.5316239316239316,0.4666666666666667
C3AR1,0,1,0,0.5316239316239316,0.4666666666666667
RNASE1,0,1,0,0.5316239316239316,0.4666666666666667
ITGAX,0,1,0,0.5316239316239316,0.4666666666666667
LYZ,0,1,0,0.5316239316239316,0.4666666666666667
HLA-DPB1,0,1,0,0.5316239316239316,0.4666666666666667
MMP9,0,1,0,0.5316239316239316,0.4666666666666667
CD14,0,1,0,0.5316239316239316,0.4666666666666667
CD163,0,1,0,0.5316239316239316,0.4666666666666667
CSF1R,0,1,0,0.5316239316239316,0.4666666666666667
C1QA,0,1,0,0.5316239316239316,0.4666666666666667
FCER1G,0,1,0,0.5316239316239316,0.4666666666666667
CTSZ,0,1,0,0.5316239316239316,0.4666666666666667
CD68,0,1,0,0.5316239316239316,0.4666666666666667
RASSF8,0,1,0,0.5316239316239316,0.17045454545454544
FKBP8,0,1,0,0.5316239316239316,0.17045454545454544
TBC1D7,0,1,0,0.5316239316239316,0.17045454545454544
CRYAB,0,1,0,0.5316239316239316,0.17045454545454544
SLC2A3,0,1,0,0.5316239316239316,0.4666666666666667
MYC,0,1,0,0.5316239316239316,0.17045454545454544
KRT18,0,1,0,0.5316239316239316,0.17045454545454544
HES1,0,1,0,0.5316239316239316,0.17045454545454544
KRT1,0,1,0,0.5316239316239316,0.0
LENG8,0,1,0,0.5316239316239316,0.17045454545454544
KDM5B,0,1,0,0.5316239316239316,0.17045454545454544
PTEN,0,1,0,0.5316239316239316,0.17045454545454544
CTNNB1,0,1,0,0.5316239316239316,0.17045454545454544
FBXO7,0,1,0,0.5316239316239316,0.17045454545454544
DSP,0,1,0,0.5316239316239316,0.0
RGS5,0,1,0,0.5316239316239316,0.0
IFITM1,0,1,0,0.5316239316239316,0.047619047619047616
ITGB1,0,1,0,0.5316239316239316,0.047619047619047616
SLC8A1,0,1,0,0.5316239316239316,0.0
ENTPD1,0,1,0,0.5316239316239316,0.6875
TSC22D1,0,1,0,0.5316239316239316,0.047619047619047616
IFI27,0,1,0,0.5316239316239316,0.047619047619047616
NR2F2,0,1,0,0.5316239316239316,0.6875
TFPI,0,1,0,0.5316239316239316,0.6875
SELE,0,1,0,0.5316239316239316,0.6875
IL3RA,0,1,0,0.5316239316239316,0.6875
ITGA5,0,1,0,0.5316239316239316,0.6875
VIM,0,1,0,0.5316239316239316,0.047619047619047616
RAMP2,0,1,0,0.5316239316239316,0.6875
MYCT1,0,1,0,0.5316239316239316,0.6875
ITGA6,0,1,0,0.5316239316239316,0.6875
GNG11,0,1,0,0.5316239316239316,0.6875
MGP,0,1,0,0.5316239316239316,0.6875
IGFBP7,0,1,0,0.5316239316239316,0.6875
TM4SF1,0,1,0,0.5316239316239316,0.6875
ECSCR,0,1,0,0.5316239316239316,0.6875
CD93,0,1,0,0.5316239316239316,0.6875
CALCRL,0,1,0,0.5316239316239316,0.6875
PECAM1,0,1,0,0.5316239316239316,0.6875
PLVAP,0,1,0,0.5316239316239316,0.6875
VWF,0,1,0,0.5316239316239316,0.6875
AQP1,0,1,0,0.5316239316239316,0.6875
SPARCL1,0,1,0,0.5316239316239316,0.6875
CD34,0,1,0,0.5316239316239316,0.6875
CDH5,0,1,0,0.5316239316239316,0.6875
SLC25A37,0,1,0,0.5316239316239316,0.125
IGFBP3,0,1,0,0.5316239316239316,0.125
S100A13,0,1,0,0.5316239316239316,0.07
PTGR1,0,1,0,0.5316239316239316,0.07
INHBA,0,1,0,0.5316239316239316,0.6326530612244898
NFKBIZ,0,1,0,0.5316239316239316,0.0
BHLHE41,0,1,0,0.5316239316239316,0.6326530612244898
IGFBP5,0,1,0,0.5316239316239316,0.6326530612244898
IFI6,0,1,0,0.5316239316239316,0.07
SERPINE2,0,1,0,0.5316239316239316,0.07
GEM,0,1,0,0.5316239316239316,0.6326530612244898
CD276,0,1,0,0.5316239316239316,0.07
SPRY1,0,1,0,0.5316239316239316,0.6326530612244898
APCDD1,0,1,0,0.5316239316239316,0.07
CCL2,0,1,0,0.5316239316239316,0.0
SOD3,0,1,0,0.5316239316239316,0.6326530612244898
DST,0,1,0,0.5316239316239316,0.07
THY1,0,1,0,0.5316239316239316,0.6326530612244898
HTRA1,0,1,0,0.5316239316239316,0.6326530612244898
APOD,0,1,0,0.5316239316239316,0.6326530612244898
PDGFRA,0,1,0,0.5316239316239316,0.6326530612244898
FAP,0,1,0,0.5316239316239316,0.6326530612244898
SFRP2,0,1,0,0.5316239316239316,0.6326530612244898
CXCL12,0,1,0,0.5316239316239316,0.6326530612244898
POSTN,0,1,0,0.5316239316239316,0.6326530612244898
LUM,0,1,0,0.5316239316239316,0.6326530612244898
THBS2,0,1,0,0.5316239316239316,0.6326530612244898
VCAN,0,1,0,0.5316239316239316,0.6326530612244898
PTGDS,0,1,0,0.5316239316239316,0.6326530612244898
C3,0,1,0,0.5316239316239316,0.6326530612244898
SERPING1,0,1,0,0.5316239316239316,0.6326530612244898
TNC,0,1,0,0.5316239316239316,0.6326530612244898
COL5A2,0,1,0,0.5316239316239316,0.6326530612244898
PDGFRB,0,1,0,0.5316239316239316,0.6326530612244898
FN1,0,1,0,0.5316239316239316,0.6326530612244898
MMP2,0,1,0,0.5316239316239316,0.6326530612244898
COL6A3,0,1,0,0.5316239316239316,0.6326530612244898
COL6A1,0,1,0,0.5316239316239316,0.6326530612244898
COL6A2,0,1,0,0.5316239316239316,0.6326530612244898
FBLN1,0,1,0,0.5316239316239316,0.6326530612244898
MFAP4,0,1,0,0.5316239316239316,0.6326530612244898
ENAH,0,1,0,0.5316239316239316,0.07
CCL19,0,1,0,0.5316239316239316,0.6326530612244898
CPE,0,1,0,0.5316239316239316,0.6326530612244898
ACTA2,0,1,0,0.5316239316239316,0.125
TAGLN,0,1,0,0.5316239316239316,0.125
SYNPO2,0,1,0,0.5316239316239316,0.125
MYL9,0,1,0,0.5316239316239316,0.125
CALD1,0,1,0,0.5316239316239316,0.125
NOTCH3,0,1,0,0.5316239316239316,0.125
MT1A,0,2,0,0.5295138888888888,0.7
DEFB1,0,2,0,0.5295138888888888,0.7
LY6D,0,2,0,0.5295138888888888,0.7
HBE1,0,2,0,0.5295138888888888,0.7
WIF1,0,2,0,0.5295138888888888,0.7
MT1G,0,2,0,0.5295138888888888,0.7
CA1,0,2,0,0.5295138888888888,0.7
DCT,0,2,0,0.5295138888888888,0.029411764705882353
MIA,0,2,0,0.5295138888888888,0.029411764705882353
KRTDAP,0,2,0,0.5295138888888888,0.7
TNFRSF18,0,2,0,0.5295138888888888,0.7
SERPINB2,0,2,0,0.5295138888888888,0.0967741935483871
ALAS2,0,2,0,0.5295138888888888,0.7
SCGB1B2P,0,2,0,0.5295138888888888,0.7
IL17A,0,2,0,0.5295138888888888,0.0967741935483871
AHSP,0,2,0,0.5295138888888888,0.7
HBD,0,2,0,0.5295138888888888,0.7
BCAN,0,2,0,0.5295138888888888,0.0967741935483871
MYOC,0,2,0,0.5295138888888888,0.7
PPP1R14A,0,2,0,0.5295138888888888,0.7
MIR205HG,0,2,0,0.5295138888888888,0.0967741935483871
RGS16,0,2,0,0.5295138888888888,0.4
CLDN4,0,2,0,0.5295138888888888,0.4
RHOV,0,2,0,0.5295138888888888,0.4
SLPI,0,2,0,0.5295138888888888,0.4
CXCL5,0,2,0,0.5295138888888888,0.20833333333333334
MT1X,0,2,0,0.5295138888888888,0.4
HAPLN1,0,2,0,0.5295138888888888,0.4
FGFBP1,0,2,0,0.5295138888888888,0.4
MMP10,0,2,0,0.5295138888888888,0.4
CAPNS2,0,2,0,0.5295138888888888,0.20833333333333334
SOX15,0,2,0,0.5295138888888888,0.20833333333333334
LINC00636,0,2,0,0.5295138888888888,0.4
LOR,0,2,0,0.5295138888888888,0.20833333333333334
SERPINB5,0,2,0,0.5295138888888888,0.20833333333333334
CD207,0,2,0,0.5295138888888888,0.20833333333333334
ARG1,0,2,0,0.5295138888888888,0.3181818181818182
ACER1,0,2,0,0.5295138888888888,0.3181818181818182
NDUFA4L2,0,2,0,0.5295138888888888,0.3181818181818182
MAL2,0,2,0,0.5295138888888888,0.3181818181818182
IGFBP2,0,2,0,0.5295138888888888,0.0
CLDN1,0,2,0,0.5295138888888888,0.16666666666666666
CD1A,0,2,0,0.5295138888888888,0.16666666666666666
CD1B,0,2,0,0.5295138888888888,0.3181818181818182
IL1B,0,2,0,0.5295138888888888,0.16666666666666666
CCL22,0,2,0,0.5295138888888888,0.3181818181818182
NMB,0,2,0,0.5295138888888888,0.16666666666666666
KRT15,0,2,0,0.5295138888888888,0.3181818181818182
IGLL1,0,2,0,0.5295138888888888,0.16666666666666666
IL33,0,2,0,0.5295138888888888,0.3181818181818182
CDH2,0,2,0,0.5295138888888888,0.0
ACHE,0,2,0,0.5295138888888888,0.3333333333333333
KRT17,0,2,0,0.5295138888888888,0.0
S100A14,0,2,0,0.5295138888888888,0.21739130434782608
ASPN,0,2,0,0.5295138888888888,0.3333333333333333
LAMB3,0,2,0,0.5295138888888888,0.21739130434782608
G0S2,0,2,0,0.5295138888888888,0.3333333333333333
DSC1,0,2,0,0.5295138888888888,0.21739130434782608
TP63,0,2,0,0.5295138888888888,0.3333333333333333
SOSTDC1,0,2,0,0.5295138888888888,0.3333333333333333
COL17A1,0,2,0,0.5295138888888888,0.3333333333333333
CES1,0,2,0,0.5295138888888888,0.3333333333333333
GPR4,0,2,0,0.5295138888888888,0.21739130434782608
SOX17,0,2,0,0.5295138888888888,0.21739130434782608
CLDN5,0,2,0,0.5295138888888888,0.3333333333333333
AREG,0,2,0,0.5295138888888888,0.21739130434782608
TFAP2B,0,2,0,0.5295138888888888,0.0
PLAC9,0,2,0,0.5295138888888888,0.037037037037037035
CR2,0,2,0,0.5295138888888888,0.037037037037037035
AZGP1,0,2,0,0.5295138888888888,0.3333333333333333
FCER2,0,2,0,0.5295138888888888,0.037037037037037035
COCH,0,2,0,0.5295138888888888,0.037037037037037035
SBSN,0,2,0,0.5295138888888888,0.3333333333333333
TFF3,0,2,0,0.5295138888888888,0.0
PKHD1L1,0,2,0,0.5295138888888888,0.3333333333333333
LYVE1,0,2,0,0.5295138888888888,0.3333333333333333
PDPN,0,2,0,0.5295138888888888,0.3333333333333333
FABP4,0,2,0,0.5295138888888888,0.3333333333333333
MMRN1,0,2,0,0.5295138888888888,0.3333333333333333
PROX1,0,2,0,0.5295138888888888,0.3333333333333333
DMKN,0,2,0,0.5295138888888888,0.0
ITGA8,0,2,0,0.5295138888888888,0.2608695652173913
DERL3,0,2,0,0.5295138888888888,0.2608695652173913
AHNAK2,0,2,0,0.5295138888888888,0.2608695652173913
MMP27,0,2,0,0.5295138888888888,0.2608695652173913
TFPI2,0,2,0,0.5295138888888888,0.2608695652173913
MFAP5,0,2,0,0.5295138888888888,0.2608695652173913
LEPR,0,2,0,0.5295138888888888,0.11538461538461539
KRT5,0,2,0,0.5295138888888888,0.11538461538461539
CXCL1,0,2,0,0.5295138888888888,0.16
C5AR1,0,2,0,0.5295138888888888,0.11538461538461539
NGFR,0,2,0,0.5295138888888888,0.2608695652173913
MYH11,0,2,0,0.5295138888888888,0.11538461538461539
CSPG4,0,2,0,0.5295138888888888,0.16
PDCD1,0,2,0,0.5295138888888888,0.16
CXADR,0,2,0,0.5295138888888888,0.16
KRT16,0,2,0,0.5295138888888888,0.16
PCDH7,0,2,0,0.5295138888888888,0.15492957746478872
NSG1,0,2,0,0.5295138888888888,0.15492957746478872
SOX10,0,2,0,0.5295138888888888,0.15492957746478872
SNCA,0,2,0,0.5295138888888888,0.15492957746478872
TYRP1,0,2,0,0.5295138888888888,0.15492957746478872
TYR,0,2,0,0.5295138888888888,0.15492957746478872
TRPM1,0,2,0,0.5295138888888888,0.15492957746478872
EDNRB,0,2,0,0.5295138888888888,0.15492957746478872
PLP1,0,2,0,0.5295138888888888,0.15492957746478872
MLANA,0,2,0,0.5295138888888888,0.15492957746478872
PMEL,0,2,0,0.5295138888888888,0.15492957746478872
TFAP2A,0,2,0,0.5295138888888888,0.15492957746478872
TUBB2B,0,2,0,0.5295138888888888,0.037037037037037035
COMP,0,2,0,0.5295138888888888,0.0
LSAMP,0,2,0,0.5295138888888888,0.037037037037037035
NR4A2,0,2,0,0.5295138888888888,0.15151515151515152
C15orf48,0,2,0,0.5295138888888888,0.15151515151515152
C11orf96,0,2,0,0.5295138888888888,0.11764705882352941
FRZB,0,2,0,0.5295138888888888,0.11764705882352941
MPZ,0,2,0,0.5295138888888888,0.15151515151515152
ENPP1,0,2,0,0.5295138888888888,0.019230769230769232
KIT,0,2,0,0.5295138888888888,0.045454545454545456
GATA2,0,2,0,0.5295138888888888,0.0
SFRP1,0,2,0,0.5295138888888888,0.11764705882352941
CD40LG,0,2,0,0.5295138888888888,0.11764705882352941
ID4,0,2,0,0.5295138888888888,0.045454545454545456
IL6,0,2,0,0.5295138888888888,0.11764705882352941
CCL3,0,2,0,0.5295138888888888,0.045454545454545456
IL10,0,2,0,0.5295138888888888,0.019230769230769232
IFNG,0,2,0,0.5295138888888888,0.045454545454545456
MT1F,0,2,0,0.5295138888888888,0.15151515151515152
AKR1C1,0,2,0,0.5295138888888888,0.15151515151515152
CCR2,0,2,0,0.5295138888888888,0.15151515151515152
PKIB,0,2,0,0.5295138888888888,0.11428571428571428
MNDA,0,2,0,0.5295138888888888,0.0
FCER1A,0,2,0,0.5295138888888888,0.11428571428571428
CLEC10A,0,2,0,0.5295138888888888,0.11428571428571428
CD1C,0,2,0,0.5295138888888888,0.11428571428571428
ATF3,0,2,0,0.5295138888888888,0.045454545454545456
ZNF667-AS1,0,2,0,0.5295138888888888,0.11428571428571428
IRF4,0,2,0,0.5295138888888888,0.025
FCRL5,0,2,0,0.5295138888888888,0.2727272727272727
MZB1,0,2,0,0.5295138888888888,0.2727272727272727
TNFRSF17,0,2,0,0.5295138888888888,0.2727272727272727
MEF2C,0,2,0,0.5295138888888888,0.2727272727272727
AIM2,0,2,0,0.5295138888888888,0.2727272727272727
MS4A1,0,2,0,0.5295138888888888,0.2727272727272727
CD79A,0,2,0,0.5295138888888888,0.2727272727272727
TMEM45A,0,2,0,0.5295138888888888,0.11538461538461539
KRT2,0,2,0,0.5295138888888888,0.11538461538461539
LYPD3,0,2,0,0.5295138888888888,0.11538461538461539
PERP,0,2,0,0.5295138888888888,0.025
TACSTD2,0,2,0,0.5295138888888888,0.11538461538461539
PTCH1,0,2,0,0.5295138888888888,0.025
NLGN4Y,0,2,0,0.5295138888888888,0.0
PTN,0,2,0,0.5295138888888888,0.02127659574468085
CRABP2,0,2,0,0.5295138888888888,0.02127659574468085
AQP3,0,2,0,0.5295138888888888,0.03571428571428571
CXCR3,0,2,0,0.5295138888888888,0.05128205128205128
LTB,0,2,0,0.5295138888888888,0.03571428571428571
KLRB1,0,2,0,0.5295138888888888,0.07894736842105263
CTSW,0,2,0,0.5295138888888888,0.07894736842105263
GNLY,0,2,0,0.5295138888888888,0.07894736842105263
KLRD1,0,2,0,0.5295138888888888,0.07894736842105263
ITGAE,0,2,0,0.5295138888888888,0.05128205128205128
ETV1,0,2,0,0.5295138888888888,0.05128205128205128
GYPC,0,2,0,0.5295138888888888,0.05128205128205128
TGFB1,0,2,0,0.5295138888888888,0.023809523809523808
S100A4,0,2,0,0.5295138888888888,0.023809523809523808
CCND3,0,2,0,0.5295138888888888,0.05128205128205128
CXCR4,0,2,0,0.5295138888888888,1.0
CDC20,0,2,0,0.5295138888888888,1.0
BIRC5,0,2,0,0.5295138888888888,1.0
COTL1,0,2,0,0.5295138888888888,1.0
ARHGDIB,0,2,0,0.5295138888888888,1.0
CDK1,0,2,0,0.5295138888888888,1.0
UBE2C,0,2,0,0.5295138888888888,1.0
PTTG1,0,2,0,0.5295138888888888,1.0
CENPF,0,2,0,0.5295138888888888,1.0
NUSAP1,0,2,0,0.5295138888888888,1.0
RRM2,0,2,0,0.5295138888888888,1.0
HIST1H4C,0,2,0,0.5295138888888888,1.0
TOP2A,0,2,0,0.5295138888888888,1.0
TYMS,0,2,0,0.5295138888888888,1.0
MKI67,0,2,0,0.5295138888888888,1.0
HMGN2,0,2,0,0.5295138888888888,1.0
STMN1,0,2,0,0.5295138888888888,1.0
HMGB2,0,2,0,0.5295138888888888,1.0
AKAP5,0,2,0,0.5295138888888888,1.0
CXCL13,0,2,0,0.5295138888888888,1.0
ITM2A,0,2,0,0.5295138888888888,1.0
CYB561A3,0,2,0,0.5295138888888888,0.6071428571428571
GZMB,0,2,0,0.5295138888888888,0.6071428571428571
ALOX5AP,0,2,0,0.5295138888888888,0.6071428571428571
KLRG1,0,2,0,0.5295138888888888,0.6071428571428571
CD52,0,2,0,0.5295138888888888,0.6071428571428571
LAG3,0,2,0,0.5295138888888888,0.6071428571428571
LCK,0,2,0,0.5295138888888888,0.6071428571428571
PTPRCAP,0,2,0,0.5295138888888888,0.6071428571428571
NKG7,0,2,0,0.5295138888888888,0.6071428571428571
CCL4,0,2,0,0.5295138888888888,0.0
CD3E,0,2,0,0.5295138888888888,0.6071428571428571
CD3D,0,2,0,0.5295138888888888,0.6071428571428571
CD3G,0,2,0,0.5295138888888888,0.6071428571428571
GZMK,0,2,0,0.5295138888888888,0.6071428571428571
CST7,0,2,0,0.5295138888888888,0.6071428571428571
PRF1,0,2,0,0.5295138888888888,0.6071428571428571
GZMA,0,2,0,0.5295138888888888,0.6071428571428571
CCL5,0,2,0,0.5295138888888888,0.6071428571428571
CD8A,0,2,0,0.5295138888888888,0.6071428571428571
GPR183,0,2,0,0.5295138888888888,0.058823529411764705
SELL,0,2,0,0.5295138888888888,0.10638297872340426
PBXIP1,0,2,0,0.5295138888888888,0.13414634146341464
GIMAP7,0,2,0,0.5295138888888888,0.10638297872340426
IL7R,0,2,0,0.5295138888888888,0.10638297872340426
TCF7,0,2,0,0.5295138888888888,0.10638297872340426
IL32,0,2,0,0.5295138888888888,0.13414634146341464
CD27,0,2,0,0.5295138888888888,0.10638297872340426
IL2RA,0,2,0,0.5295138888888888,0.13414634146341464
TIGIT,0,2,0,0.5295138888888888,0.13414634146341464
CTLA4,0,2,0,0.5295138888888888,0.13414634146341464
FOXP3,0,2,0,0.5295138888888888,0.13414634146341464
DUSP2,0,2,0,0.5295138888888888,0.13414634146341464
TNF,0,2,0,0.5295138888888888,0.13414634146341464
CD69,0,2,0,0.5295138888888888,0.10638297872340426
QPCT,0,2,0,0.5295138888888888,0.13414634146341464
PTGER3,0,2,0,0.5295138888888888,0.02564102564102564
FAM210B,0,2,0,0.5295138888888888,0.13414634146341464
VEGFA,0,2,0,0.5295138888888888,0.0
TMEM150C,0,2,0,0.5295138888888888,0.02564102564102564
BCL2A1,0,2,0,0.5295138888888888,0.058823529411764705
STRADB,0,2,0,0.5295138888888888,0.13414634146341464
INSIG1,0,2,0,0.5295138888888888,0.058823529411764705
SLC25A39,0,2,0,0.5295138888888888,0.13414634146341464
RGCC,0,2,0,0.5295138888888888,0.058823529411764705
LST1,0,2,0,0.5295138888888888,0.0
CBFA2T3,0,2,0,0.5295138888888888,0.5625
CCND1,0,2,0,0.5295138888888888,0.011363636363636364
S100B,0,2,0,0.5295138888888888,0.011363636363636364
ID2,0,2,0,0.5295138888888888,0.5625
TSPAN33,0,2,0,0.5295138888888888,0.5625
CLEC9A,0,2,0,0.5295138888888888,0.5625
LGALS2,0,2,0,0.5295138888888888,0.5625
C1orf54,0,2,0,0.5295138888888888,0.5625
CPVL,0,2,0,0.5295138888888888,0.5625
IRF8,0,2,0,0.5295138888888888,0.5625
WDFY4,0,2,0,0.5295138888888888,0.5625
CD274,0,2,0,0.5295138888888888,0.5625
ADAM12,0,2,0,0.5295138888888888,0.0
BASP1,0,2,0,0.5295138888888888,0.5625
RGS1,0,2,0,0.5295138888888888,0.5625
IDO1,0,2,0,0.5295138888888888,0.5625
GPR157,0,2,0,0.5295138888888888,0.5625
MARCKSL1,0,2,0,0.5295138888888888,0.5625
FSCN1,0,2,0,0.5295138888888888,0.5625
CCR7,0,2,0,0.5295138888888888,0.5625
BIRC3,0,2,0,0.5295138888888888,0.5625
CD83,0,2,0,0.5295138888888888,0.5625
LGALS9,0,2,0,0.5295138888888888,0.0136986301369863
IRF5,0,2,0,0.5295138888888888,0.0136986301369863
IRF1,0,2,0,0.5295138888888888,0.5306122448979592
MITF,0,2,0,0.5295138888888888,0.1414141414141414
CXCL10,0,2,0,0.5295138888888888,0.5306122448979592
CXCL11,0,2,0,0.5295138888888888,0.5306122448979592
CCL8,0,2,0,0.5295138888888888,0.5306122448979592
IL4I1,0,2,0,0.5295138888888888,0.5306122448979592
HAVCR2,0,2,0,0.5295138888888888,0.5306122448979592
AXL,0,2,0,0.5295138888888888,0.5306122448979592
TYROBP,0,2,0,0.5295138888888888,0.5306122448979592
NRP2,0,2,0,0.5295138888888888,0.1414141414141414
CXCL2,0,2,0,0.5295138888888888,0.5306122448979592
PDCD1LG2,0,2,0,0.5295138888888888,0.5306122448979592
TMEM176A,0,2,0,0.5295138888888888,0.5306122448979592
AIF1,0,2,0,0.5295138888888888,0.5306122448979592
CD63,0,2,0,0.5295138888888888,0.1414141414141414
CTSL,0,2,0,0.5295138888888888,0.5306122448979592
CD4,0,2,0,0.5295138888888888,0.5306122448979592
C3AR1,0,2,0,0.5295138888888888,0.5306122448979592
RNASE1,0,2,0,0.5295138888888888,0.5306122448979592
ITGAX,0,2,0,0.5295138888888888,0.5306122448979592
LYZ,0,2,0,0.5295138888888888,0.5306122448979592
HLA-DPB1,0,2,0,0.5295138888888888,0.5306122448979592
MMP9,0,2,0,0.5295138888888888,0.5306122448979592
CD14,0,2,0,0.5295138888888888,0.5306122448979592
CD163,0,2,0,0.5295138888888888,0.5306122448979592
CSF1R,0,2,0,0.5295138888888888,0.5306122448979592
C1QA,0,2,0,0.5295138888888888,0.5306122448979592
FCER1G,0,2,0,0.5295138888888888,0.5306122448979592
CTSZ,0,2,0,0.5295138888888888,0.5306122448979592
CD68,0,2,0,0.5295138888888888,0.5306122448979592
RASSF8,0,2,0,0.5295138888888888,0.1414141414141414
FKBP8,0,2,0,0.5295138888888888,0.1414141414141414
TBC1D7,0,2,0,0.5295138888888888,0.1414141414141414
CRYAB,0,2,0,0.5295138888888888,0.1414141414141414
SLC2A3,0,2,0,0.5295138888888888,0.1414141414141414
MYC,0,2,0,0.5295138888888888,0.1414141414141414
KRT18,0,2,0,0.5295138888888888,0.0
HES1,0,2,0,0.5295138888888888,0.0
KRT1,0,2,0,0.5295138888888888,0.1414141414141414
LENG8,0,2,0,0.5295138888888888,0.1414141414141414
KDM5B,0,2,0,0.5295138888888888,0.1414141414141414
PTEN,0,2,0,0.5295138888888888,0.1414141414141414
CTNNB1,0,2,0,0.5295138888888888,0.1414141414141414
FBXO7,0,2,0,0.5295138888888888,0.1414141414141414
DSP,0,2,0,0.5295138888888888,0.0
RGS5,0,2,0,0.5295138888888888,0.0
IFITM1,0,2,0,0.5295138888888888,0.0425531914893617
ITGB1,0,2,0,0.5295138888888888,0.0425531914893617
SLC8A1,0,2,0,0.5295138888888888,0.0
ENTPD1,0,2,0,0.5295138888888888,0.5238095238095238
TSC22D1,0,2,0,0.5295138888888888,0.0425531914893617
IFI27,0,2,0,0.5295138888888888,0.0425531914893617
NR2F2,0,2,0,0.5295138888888888,0.5238095238095238
TFPI,0,2,0,0.5295138888888888,0.5238095238095238
SELE,0,2,0,0.5295138888888888,0.5238095238095238
IL3RA,0,2,0,0.5295138888888888,0.5238095238095238
ITGA5,0,2,0,0.5295138888888888,0.5238095238095238
VIM,0,2,0,0.5295138888888888,0.0425531914893617
RAMP2,0,2,0,0.5295138888888888,0.5238095238095238
MYCT1,0,2,0,0.5295138888888888,0.5238095238095238
ITGA6,0,2,0,0.5295138888888888,0.5238095238095238
GNG11,0,2,0,0.5295138888888888,0.5238095238095238
MGP,0,2,0,0.5295138888888888,0.5238095238095238
IGFBP7,0,2,0,0.5295138888888888,0.5238095238095238
TM4SF1,0,2,0,0.5295138888888888,0.5238095238095238
ECSCR,0,2,0,0.5295138888888888,0.5238095238095238
CD93,0,2,0,0.5295138888888888,0.5238095238095238
CALCRL,0,2,0,0.5295138888888888,0.5238095238095238
PECAM1,0,2,0,0.5295138888888888,0.5238095238095238
PLVAP,0,2,0,0.5295138888888888,0.5238095238095238
VWF,0,2,0,0.5295138888888888,0.5238095238095238
AQP1,0,2,0,0.5295138888888888,0.5238095238095238
SPARCL1,0,2,0,0.5295138888888888,0.5238095238095238
CD34,0,2,0,0.5295138888888888,0.5238095238095238
CDH5,0,2,0,0.5295138888888888,0.5238095238095238
SLC25A37,0,2,0,0.5295138888888888,0.09210526315789473
IGFBP3,0,2,0,0.5295138888888888,0.09210526315789473
S100A13,0,2,0,0.5295138888888888,0.06363636363636363
PTGR1,0,2,0,0.5295138888888888,0.06363636363636363
INHBA,0,2,0,0.5295138888888888,0.6122448979591837
NFKBIZ,0,2,0,0.5295138888888888,0.0
BHLHE41,0,2,0,0.5295138888888888,0.6122448979591837
IGFBP5,0,2,0,0.5295138888888888,0.6122448979591837
IFI6,0,2,0,0.5295138888888888,0.06363636363636363
SERPINE2,0,2,0,0.5295138888888888,0.06363636363636363
GEM,0,2,0,0.5295138888888888,0.6122448979591837
CD276,0,2,0,0.5295138888888888,0.06363636363636363
SPRY1,0,2,0,0.5295138888888888,0.6122448979591837
APCDD1,0,2,0,0.5295138888888888,0.06363636363636363
CCL2,0,2,0,0.5295138888888888,0.0
SOD3,0,2,0,0.5295138888888888,0.6122448979591837
DST,0,2,0,0.5295138888888888,0.06363636363636363
THY1,0,2,0,0.5295138888888888,0.6122448979591837
HTRA1,0,2,0,0.5295138888888888,0.6122448979591837
APOD,0,2,0,0.5295138888888888,0.6122448979591837
PDGFRA,0,2,0,0.5295138888888888,0.6122448979591837
FAP,0,2,0,0.5295138888888888,0.6122448979591837
SFRP2,0,2,0,0.5295138888888888,0.6122448979591837
CXCL12,0,2,0,0.5295138888888888,0.6122448979591837
POSTN,0,2,0,0.5295138888888888,0.6122448979591837
LUM,0,2,0,0.5295138888888888,0.6122448979591837
THBS2,0,2,0,0.5295138888888888,0.6122448979591837
VCAN,0,2,0,0.5295138888888888,0.6122448979591837
PTGDS,0,2,0,0.5295138888888888,0.6122448979591837
C3,0,2,0,0.5295138888888888,0.6122448979591837
SERPING1,0,2,0,0.5295138888888888,0.6122448979591837
TNC,0,2,0,0.5295138888888888,0.6122448979591837
COL5A2,0,2,0,0.5295138888888888,0.6122448979591837
PDGFRB,0,2,0,0.5295138888888888,0.6122448979591837
FN1,0,2,0,0.5295138888888888,0.6122448979591837
MMP2,0,2,0,0.5295138888888888,0.6122448979591837
COL6A3,0,2,0,0.5295138888888888,0.6122448979591837
COL6A1,0,2,0,0.5295138888888888,0.6122448979591837
COL6A2,0,2,0,0.5295138888888888,0.6122448979591837
FBLN1,0,2,0,0.5295138888888888,0.6122448979591837
MFAP4,0,2,0,0.5295138888888888,0.6122448979591837
ENAH,0,2,0,0.5295138888888888,0.06363636363636363
CCL19,0,2,0,0.5295138888888888,0.09210526315789473
CPE,0,2,0,0.5295138888888888,0.6122448979591837
ACTA2,0,2,0,0.5295138888888888,0.0
TAGLN,0,2,0,0.5295138888888888,0.09210526315789473
SYNPO2,0,2,0,0.5295138888888888,0.09210526315789473
MYL9,0,2,0,0.5295138888888888,0.09210526315789473
CALD1,0,2,0,0.5295138888888888,0.09210526315789473
NOTCH3,0,2,0,0.5295138888888888,0.09210526315789473
MT1A,0,3,0,0.7425,0.95
DEFB1,0,3,0,0.7425,0.95
LY6D,0,3,0,0.7425,0.95
HBE1,0,3,0,0.7425,0.95
WIF1,0,3,0,0.7425,0.95
MT1G,0,3,0,0.7425,0.95
CA1,0,3,0,0.7425,0.95
DCT,0,3,0,0.7425,0.95
MIA,0,3,0,0.7425,0.95
KRTDAP,0,3,0,0.7425,0.95
TNFRSF18,0,3,0,0.7425,0.95
SERPINB2,0,3,0,0.7425,0.95
ALAS2,0,3,0,0.7425,0.95
SCGB1B2P,0,3,0,0.7425,0.95
IL17A,0,3,0,0.7425,0.95
AHSP,0,3,0,0.7425,0.95
HBD,0,3,0,0.7425,0.95
BCAN,0,3,0,0.7425,0.95
MYOC,0,3,0,0.7425,0.95
PPP1R14A,0,3,0,0.7425,0.0
MIR205HG,0,3,0,0.7425,0.95
RGS16,0,3,0,0.7425,0.8125
CLDN4,0,3,0,0.7425,0.8125
RHOV,0,3,0,0.7425,0.8125
SLPI,0,3,0,0.7425,0.8125
CXCL5,0,3,0,0.7425,0.8125
MT1X,0,3,0,0.7425,0.8125
HAPLN1,0,3,0,0.7425,0.8125
FGFBP1,0,3,0,0.7425,0.8125
MMP10,0,3,0,0.7425,0.8125
CAPNS2,0,3,0,0.7425,0.8125
SOX15,0,3,0,0.7425,0.8125
LINC00636,0,3,0,0.7425,0.8125
LOR,0,3,0,0.7425,0.8125
SERPINB5,0,3,0,0.7425,0.8125
CD207,0,3,0,0.7425,0.0
ARG1,0,3,0,0.7425,0.0
ACER1,0,3,0,0.7425,0.6470588235294118
NDUFA4L2,0,3,0,0.7425,0.6470588235294118
MAL2,0,3,0,0.7425,0.6470588235294118
IGFBP2,0,3,0,0.7425,0.6470588235294118
CLDN1,0,3,0,0.7425,0.6470588235294118
CD1A,0,3,0,0.7425,0.6470588235294118
CD1B,0,3,0,0.7425,0.6470588235294118
IL1B,0,3,0,0.7425,0.6470588235294118
CCL22,0,3,0,0.7425,0.6470588235294118
NMB,0,3,0,0.7425,0.6470588235294118
KRT15,0,3,0,0.7425,0.6470588235294118
IGLL1,0,3,0,0.7425,0.6470588235294118
IL33,0,3,0,0.7425,0.03571428571428571
CDH2,0,3,0,0.7425,0.03571428571428571
ACHE,0,3,0,0.7425,0.7058823529411765
KRT17,0,3,0,0.7425,0.7058823529411765
S100A14,0,3,0,0.7425,0.7058823529411765
ASPN,0,3,0,0.7425,0.7058823529411765
LAMB3,0,3,0,0.7425,0.7058823529411765
G0S2,0,3,0,0.7425,0.7058823529411765
DSC1,0,3,0,0.7425,0.7058823529411765
TP63,0,3,0,0.7425,0.0
SOSTDC1,0,3,0,0.7425,0.7058823529411765
COL17A1,0,3,0,0.7425,0.0
CES1,0,3,0,0.7425,0.7058823529411765
GPR4,0,3,0,0.7425,0.7058823529411765
SOX17,0,3,0,0.7425,0.7058823529411765
CLDN5,0,3,0,0.7425,0.7058823529411765
AREG,0,3,0,0.7425,0.7058823529411765
TFAP2B,0,3,0,0.7425,0.75
PLAC9,0,3,0,0.7425,0.0
CR2,0,3,0,0.7425,0.75
AZGP1,0,3,0,0.7425,0.75
FCER2,0,3,0,0.7425,0.75
COCH,0,3,0,0.7425,0.75
SBSN,0,3,0,0.7425,0.75
TFF3,0,3,0,0.7425,0.75
PKHD1L1,0,3,0,0.7425,0.75
LYVE1,0,3,0,0.7425,0.75
PDPN,0,3,0,0.7425,0.75
FABP4,0,3,0,0.7425,0.75
MMRN1,0,3,0,0.7425,0.75
PROX1,0,3,0,0.7425,0.75
DMKN,0,3,0,0.7425,0.0
ITGA8,0,3,0,0.7425,0.0
DERL3,0,3,0,0.7425,0.0
AHNAK2,0,3,0,0.7425,0.6111111111111112
MMP27,0,3,0,0.7425,0.6111111111111112
TFPI2,0,3,0,0.7425,0.0
MFAP5,0,3,0,0.7425,0.6111111111111112
LEPR,0,3,0,0.7425,0.6111111111111112
KRT5,0,3,0,0.7425,0.6111111111111112
CXCL1,0,3,0,0.7425,0.6111111111111112
C5AR1,0,3,0,0.7425,0.6111111111111112
NGFR,0,3,0,0.7425,0.6111111111111112
MYH11,0,3,0,0.7425,0.6111111111111112
CSPG4,0,3,0,0.7425,0.0
PDCD1,0,3,0,0.7425,0.6111111111111112
CXADR,0,3,0,0.7425,0.6111111111111112
KRT16,0,3,0,0.7425,0.6111111111111112
PCDH7,0,3,0,0.7425,0.6470588235294118
NSG1,0,3,0,0.7425,0.0
SOX10,0,3,0,0.7425,0.6470588235294118
SNCA,0,3,0,0.7425,0.6470588235294118
TYRP1,0,3,0,0.7425,0.6470588235294118
TYR,0,3,0,0.7425,0.6470588235294118
TRPM1,0,3,0,0.7425,0.6470588235294118
EDNRB,0,3,0,0.7425,0.0
PLP1,0,3,0,0.7425,0.6470588235294118
MLANA,0,3,0,0.7425,0.6470588235294118
PMEL,0,3,0,0.7425,0.6470588235294118
TFAP2A,0,3,0,0.7425,0.6470588235294118
TUBB2B,0,3,0,0.7425,0.6470588235294118
COMP,0,3,0,0.7425,0.6470588235294118
LSAMP,0,3,0,0.7425,0.0
NR4A2,0,3,0,0.7425,0.02702702702702703
C15orf48,0,3,0,0.7425,0.02702702702702703
C11orf96,0,3,0,0.7425,0.52
FRZB,0,3,0,0.7425,0.0
MPZ,0,3,0,0.7425,0.52
ENPP1,0,3,0,0.7425,0.023809523809523808
KIT,0,3,0,0.7425,0.52
GATA2,0,3,0,0.7425,0.52
SFRP1,0,3,0,0.7425,0.52
CD40LG,0,3,0,0.7425,0.52
ID4,0,3,0,0.7425,0.52
IL6,0,3,0,0.7425,0.52
CCL3,0,3,0,0.7425,0.52
IL10,0,3,0,0.7425,0.11764705882352941
IFNG,0,3,0,0.7425,0.11764705882352941
MT1F,0,3,0,0.7425,0.52
AKR1C1,0,3,0,0.7425,0.11764705882352941
CCR2,0,3,0,0.7425,0.023809523809523808
PKIB,0,3,0,0.7425,0.52
MNDA,0,3,0,0.7425,0.0
FCER1A,0,3,0,0.7425,0.52
CLEC10A,0,3,0,0.7425,0.52
CD1C,0,3,0,0.7425,0.52
ATF3,0,3,0,0.7425,0.11764705882352941
ZNF667-AS1,0,3,0,0.7425,0.11764705882352941
IRF4,0,3,0,0.7425,0.4
FCRL5,0,3,0,0.7425,0.4
MZB1,0,3,0,0.7425,0.4
TNFRSF17,0,3,0,0.7425,0.4
MEF2C,0,3,0,0.7425,0.4
AIM2,0,3,0,0.7425,0.4
MS4A1,0,3,0,0.7425,0.4
CD79A,0,3,0,0.7425,0.4
TMEM45A,0,3,0,0.7425,0.4
KRT2,0,3,0,0.7425,0.17857142857142858
LYPD3,0,3,0,0.7425,0.17857142857142858
PERP,0,3,0,0.7425,0.17857142857142858
TACSTD2,0,3,0,0.7425,0.17857142857142858
PTCH1,0,3,0,0.7425,0.17857142857142858
NLGN4Y,0,3,0,0.7425,0.17857142857142858
PTN,0,3,0,0.7425,0.06451612903225806
CRABP2,0,3,0,0.7425,0.06451612903225806
AQP3,0,3,0,0.7425,0.06451612903225806
CXCR3,0,3,0,0.7425,0.30434782608695654
LTB,0,3,0,0.7425,0.30434782608695654
KLRB1,0,3,0,0.7425,0.30434782608695654
CTSW,0,3,0,0.7425,0.30434782608695654
GNLY,0,3,0,0.7425,0.30434782608695654
KLRD1,0,3,0,0.7425,0.30434782608695654
ITGAE,0,3,0,0.7425,0.30434782608695654
ETV1,0,3,0,0.7425,0.30434782608695654
GYPC,0,3,0,0.7425,0.05128205128205128
TGFB1,0,3,0,0.7425,0.0
S100A4,0,3,0,0.7425,0.05128205128205128
CCND3,0,3,0,0.7425,0.05128205128205128
CXCR4,0,3,0,0.7425,1.0
CDC20,0,3,0,0.7425,1.0
BIRC5,0,3,0,0.7425,1.0
COTL1,0,3,0,0.7425,1.0
ARHGDIB,0,3,0,0.7425,1.0
CDK1,0,3,0,0.7425,1.0
UBE2C,0,3,0,0.7425,1.0
PTTG1,0,3,0,0.7425,1.0
CENPF,0,3,0,0.7425,1.0
NUSAP1,0,3,0,0.7425,1.0
RRM2,0,3,0,0.7425,1.0
HIST1H4C,0,3,0,0.7425,1.0
TOP2A,0,3,0,0.7425,1.0
TYMS,0,3,0,0.7425,1.0
MKI67,0,3,0,0.7425,1.0
HMGN2,0,3,0,0.7425,1.0
STMN1,0,3,0,0.7425,1.0
HMGB2,0,3,0,0.7425,1.0
AKAP5,0,3,0,0.7425,1.0
CXCL13,0,3,0,0.7425,1.0
ITM2A,0,3,0,0.7425,1.0
CYB561A3,0,3,0,0.7425,0.06451612903225806
GZMB,0,3,0,0.7425,0.06451612903225806
ALOX5AP,0,3,0,0.7425,0.06451612903225806
KLRG1,0,3,0,0.7425,0.5
CD52,0,3,0,0.7425,0.5
LAG3,0,3,0,0.7425,0.5
LCK,0,3,0,0.7425,0.5
PTPRCAP,0,3,0,0.7425,0.5
NKG7,0,3,0,0.7425,0.5
CCL4,0,3,0,0.7425,0.5
CD3E,0,3,0,0.7425,0.5
CD3D,0,3,0,0.7425,0.5
CD3G,0,3,0,0.7425,0.5
GZMK,0,3,0,0.7425,0.5
CST7,0,3,0,0.7425,0.5
PRF1,0,3,0,0.7425,0.5
GZMA,0,3,0,0.7425,0.5
CCL5,0,3,0,0.7425,0.5
CD8A,0,3,0,0.7425,0.5
GPR183,0,3,0,0.7425,0.18181818181818182
SELL,0,3,0,0.7425,0.18181818181818182
PBXIP1,0,3,0,0.7425,0.18181818181818182
GIMAP7,0,3,0,0.7425,0.18181818181818182
IL7R,0,3,0,0.7425,0.18181818181818182
TCF7,0,3,0,0.7425,0.18181818181818182
IL32,0,3,0,0.7425,0.1388888888888889
CD27,0,3,0,0.7425,0.1388888888888889
IL2RA,0,3,0,0.7425,0.1388888888888889
TIGIT,0,3,0,0.7425,0.1388888888888889
CTLA4,0,3,0,0.7425,0.1388888888888889
FOXP3,0,3,0,0.7425,0.1388888888888889
DUSP2,0,3,0,0.7425,0.18181818181818182
TNF,0,3,0,0.7425,0.18181818181818182
CD69,0,3,0,0.7425,0.18181818181818182
QPCT,0,3,0,0.7425,0.1891891891891892
PTGER3,0,3,0,0.7425,0.1891891891891892
FAM210B,0,3,0,0.7425,0.1891891891891892
VEGFA,0,3,0,0.7425,0.1891891891891892
TMEM150C,0,3,0,0.7425,0.1891891891891892
BCL2A1,0,3,0,0.7425,0.02564102564102564
STRADB,0,3,0,0.7425,0.1891891891891892
INSIG1,0,3,0,0.7425,0.02564102564102564
SLC25A39,0,3,0,0.7425,0.1891891891891892
RGCC,0,3,0,0.7425,0.1891891891891892
LST1,0,3,0,0.7425,0.0
CBFA2T3,0,3,0,0.7425,0.18333333333333332
CCND1,0,3,0,0.7425,0.18333333333333332
S100B,0,3,0,0.7425,0.18333333333333332
ID2,0,3,0,0.7425,0.18333333333333332
TSPAN33,0,3,0,0.7425,0.18333333333333332
CLEC9A,0,3,0,0.7425,0.18333333333333332
LGALS2,0,3,0,0.7425,0.18333333333333332
C1orf54,0,3,0,0.7425,0.18333333333333332
CPVL,0,3,0,0.7425,0.18333333333333332
IRF8,0,3,0,0.7425,0.18333333333333332
WDFY4,0,3,0,0.7425,0.18333333333333332
CD274,0,3,0,0.7425,0.3333333333333333
ADAM12,0,3,0,0.7425,0.3333333333333333
BASP1,0,3,0,0.7425,0.3333333333333333
RGS1,0,3,0,0.7425,0.3333333333333333
IDO1,0,3,0,0.7425,0.18333333333333332
GPR157,0,3,0,0.7425,0.3333333333333333
MARCKSL1,0,3,0,0.7425,0.3333333333333333
FSCN1,0,3,0,0.7425,0.3333333333333333
CCR7,0,3,0,0.7425,0.3333333333333333
BIRC3,0,3,0,0.7425,0.3333333333333333
CD83,0,3,0,0.7425,0.3333333333333333
LGALS9,0,3,0,0.7425,0.0
IRF5,0,3,0,0.7425,0.6101694915254238
IRF1,0,3,0,0.7425,0.6101694915254238
MITF,0,3,0,0.7425,0.042105263157894736
CXCL10,0,3,0,0.7425,0.6101694915254238
CXCL11,0,3,0,0.7425,0.6101694915254238
CCL8,0,3,0,0.7425,0.6101694915254238
IL4I1,0,3,0,0.7425,0.6101694915254238
HAVCR2,0,3,0,0.7425,0.6101694915254238
AXL,0,3,0,0.7425,0.6101694915254238
TYROBP,0,3,0,0.7425,0.6101694915254238
NRP2,0,3,0,0.7425,0.6101694915254238
CXCL2,0,3,0,0.7425,0.6101694915254238
PDCD1LG2,0,3,0,0.7425,0.6101694915254238
TMEM176A,0,3,0,0.7425,0.6101694915254238
AIF1,0,3,0,0.7425,0.6101694915254238
CD63,0,3,0,0.7425,0.6101694915254238
CTSL,0,3,0,0.7425,0.6101694915254238
CD4,0,3,0,0.7425,0.6101694915254238
C3AR1,0,3,0,0.7425,0.6101694915254238
RNASE1,0,3,0,0.7425,0.6101694915254238
ITGAX,0,3,0,0.7425,0.6101694915254238
LYZ,0,3,0,0.7425,0.6101694915254238
HLA-DPB1,0,3,0,0.7425,0.6101694915254238
MMP9,0,3,0,0.7425,0.6101694915254238
CD14,0,3,0,0.7425,0.6101694915254238
CD163,0,3,0,0.7425,0.6101694915254238
CSF1R,0,3,0,0.7425,0.6101694915254238
C1QA,0,3,0,0.7425,0.6101694915254238
FCER1G,0,3,0,0.7425,0.6101694915254238
CTSZ,0,3,0,0.7425,0.6101694915254238
CD68,0,3,0,0.7425,0.6101694915254238
RASSF8,0,3,0,0.7425,0.6101694915254238
FKBP8,0,3,0,0.7425,0.6101694915254238
TBC1D7,0,3,0,0.7425,0.6101694915254238
CRYAB,0,3,0,0.7425,0.6101694915254238
SLC2A3,0,3,0,0.7425,0.03389830508474576
MYC,0,3,0,0.7425,0.03389830508474576
KRT18,0,3,0,0.7425,0.03389830508474576
HES1,0,3,0,0.7425,0.6101694915254238
KRT1,0,3,0,0.7425,0.6101694915254238
LENG8,0,3,0,0.7425,0.6101694915254238
KDM5B,0,3,0,0.7425,0.042105263157894736
PTEN,0,3,0,0.7425,0.042105263157894736
CTNNB1,0,3,0,0.7425,0.042105263157894736
FBXO7,0,3,0,0.7425,0.042105263157894736
DSP,0,3,0,0.7425,0.967741935483871
RGS5,0,3,0,0.7425,0.967741935483871
IFITM1,0,3,0,0.7425,0.967741935483871
ITGB1,0,3,0,0.7425,0.967741935483871
SLC8A1,0,3,0,0.7425,0.967741935483871
ENTPD1,0,3,0,0.7425,0.967741935483871
TSC22D1,0,3,0,0.7425,0.967741935483871
IFI27,0,3,0,0.7425,0.967741935483871
NR2F2,0,3,0,0.7425,0.967741935483871
TFPI,0,3,0,0.7425,0.967741935483871
SELE,0,3,0,0.7425,0.967741935483871
IL3RA,0,3,0,0.7425,0.967741935483871
ITGA5,0,3,0,0.7425,0.967741935483871
VIM,0,3,0,0.7425,0.967741935483871
RAMP2,0,3,0,0.7425,0.967741935483871
MYCT1,0,3,0,0.7425,0.967741935483871
ITGA6,0,3,0,0.7425,0.967741935483871
GNG11,0,3,0,0.7425,0.967741935483871
MGP,0,3,0,0.7425,0.967741935483871
IGFBP7,0,3,0,0.7425,0.967741935483871
TM4SF1,0,3,0,0.7425,0.967741935483871
ECSCR,0,3,0,0.7425,0.967741935483871
CD93,0,3,0,0.7425,0.967741935483871
CALCRL,0,3,0,0.7425,0.967741935483871
PECAM1,0,3,0,0.7425,0.967741935483871
PLVAP,0,3,0,0.7425,0.967741935483871
VWF,0,3,0,0.7425,0.967741935483871
AQP1,0,3,0,0.7425,0.967741935483871
SPARCL1,0,3,0,0.7425,0.967741935483871
CD34,0,3,0,0.7425,0.967741935483871
CDH5,0,3,0,0.7425,0.967741935483871
SLC25A37,0,3,0,0.7425,0.9074074074074074
IGFBP3,0,3,0,0.7425,0.9074074074074074
S100A13,0,3,0,0.7425,0.9074074074074074
PTGR1,0,3,0,0.7425,0.9074074074074074
INHBA,0,3,0,0.7425,0.9074074074074074
NFKBIZ,0,3,0,0.7425,0.9074074074074074
BHLHE41,0,3,0,0.7425,0.9074074074074074
IGFBP5,0,3,0,0.7425,0.9074074074074074
IFI6,0,3,0,0.7425,0.9074074074074074
SERPINE2,0,3,0,0.7425,0.9074074074074074
GEM,0,3,0,0.7425,0.9074074074074074
CD276,0,3,0,0.7425,0.9074074074074074
SPRY1,0,3,0,0.7425,0.9074074074074074
APCDD1,0,3,0,0.7425,0.9074074074074074
CCL2,0,3,0,0.7425,0.9074074074074074
SOD3,0,3,0,0.7425,0.9074074074074074
DST,0,3,0,0.7425,0.9074074074074074
THY1,0,3,0,0.7425,0.9074074074074074
HTRA1,0,3,0,0.7425,0.9074074074074074
APOD,0,3,0,0.7425,0.9074074074074074
PDGFRA,0,3,0,0.7425,0.9074074074074074
FAP,0,3,0,0.7425,0.9074074074074074
SFRP2,0,3,0,0.7425,0.9074074074074074
CXCL12,0,3,0,0.7425,0.9074074074074074
POSTN,0,3,0,0.7425,0.9074074074074074
LUM,0,3,0,0.7425,0.9074074074074074
THBS2,0,3,0,0.7425,0.9074074074074074
VCAN,0,3,0,0.7425,0.9074074074074074
PTGDS,0,3,0,0.7425,0.9074074074074074
C3,0,3,0,0.7425,0.9074074074074074
SERPING1,0,3,0,0.7425,0.9074074074074074
TNC,0,3,0,0.7425,0.9074074074074074
COL5A2,0,3,0,0.7425,0.9074074074074074
PDGFRB,0,3,0,0.7425,0.9074074074074074
FN1,0,3,0,0.7425,0.9074074074074074
MMP2,0,3,0,0.7425,0.9074074074074074
COL6A3,0,3,0,0.7425,0.9074074074074074
COL6A1,0,3,0,0.7425,0.9074074074074074
COL6A2,0,3,0,0.7425,0.9074074074074074
FBLN1,0,3,0,0.7425,0.9074074074074074
MFAP4,0,3,0,0.7425,0.9074074074074074
ENAH,0,3,0,0.7425,0.9074074074074074
CCL19,0,3,0,0.7425,0.9074074074074074
CPE,0,3,0,0.7425,0.9074074074074074
ACTA2,0,3,0,0.7425,0.9074074074074074
TAGLN,0,3,0,0.7425,0.9074074074074074
SYNPO2,0,3,0,0.7425,0.9074074074074074
MYL9,0,3,0,0.7425,0.9074074074074074
CALD1,0,3,0,0.7425,0.9074074074074074
NOTCH3,0,3,0,0.7425,0.9074074074074074
MT1A,0,4,0,0.7728395061728395,0.7
DEFB1,0,4,0,0.7728395061728395,0.7
LY6D,0,4,0,0.7728395061728395,0.7
HBE1,0,4,0,0.7728395061728395,0.7
WIF1,0,4,0,0.7728395061728395,0.7
MT1G,0,4,0,0.7728395061728395,0.7
CA1,0,4,0,0.7728395061728395,0.7
DCT,0,4,0,0.7728395061728395,0.1724137931034483
MIA,0,4,0,0.7728395061728395,0.7
KRTDAP,0,4,0,0.7728395061728395,0.7
TNFRSF18,0,4,0,0.7728395061728395,0.7
SERPINB2,0,4,0,0.7728395061728395,0.7
ALAS2,0,4,0,0.7728395061728395,0.7
SCGB1B2P,0,4,0,0.7728395061728395,0.7
IL17A,0,4,0,0.7728395061728395,0.1724137931034483
AHSP,0,4,0,0.7728395061728395,0.7
HBD,0,4,0,0.7728395061728395,0.7
BCAN,0,4,0,0.7728395061728395,0.1724137931034483
MYOC,0,4,0,0.7728395061728395,0.1724137931034483
PPP1R14A,0,4,0,0.7728395061728395,0.1724137931034483
MIR205HG,0,4,0,0.7728395061728395,0.1724137931034483
RGS16,0,4,0,0.7728395061728395,0.4
CLDN4,0,4,0,0.7728395061728395,0.4
RHOV,0,4,0,0.7728395061728395,0.4
SLPI,0,4,0,0.7728395061728395,0.4
CXCL5,0,4,0,0.7728395061728395,0.4
MT1X,0,4,0,0.7728395061728395,0.4
HAPLN1,0,4,0,0.7728395061728395,0.4
FGFBP1,0,4,0,0.7728395061728395,0.4
MMP10,0,4,0,0.7728395061728395,0.4
CAPNS2,0,4,0,0.7728395061728395,0.21739130434782608
SOX15,0,4,0,0.7728395061728395,0.21739130434782608
LINC00636,0,4,0,0.7728395061728395,0.21739130434782608
LOR,0,4,0,0.7728395061728395,0.21739130434782608
SERPINB5,0,4,0,0.7728395061728395,0.21739130434782608
CD207,0,4,0,0.7728395061728395,0.21739130434782608
ARG1,0,4,0,0.7728395061728395,0.4
ACER1,0,4,0,0.7728395061728395,0.4
NDUFA4L2,0,4,0,0.7728395061728395,0.4
MAL2,0,4,0,0.7728395061728395,0.4
IGFBP2,0,4,0,0.7728395061728395,0.4
CLDN1,0,4,0,0.7728395061728395,0.4
CD1A,0,4,0,0.7728395061728395,0.4
CD1B,0,4,0,0.7728395061728395,0.4
IL1B,0,4,0,0.7728395061728395,0.4
CCL22,0,4,0,0.7728395061728395,0.16666666666666666
NMB,0,4,0,0.7728395061728395,0.16666666666666666
KRT15,0,4,0,0.7728395061728395,0.16666666666666666
IGLL1,0,4,0,0.7728395061728395,0.16666666666666666
IL33,0,4,0,0.7728395061728395,0.16666666666666666
CDH2,0,4,0,0.7728395061728395,0.0
ACHE,0,4,0,0.7728395061728395,0.4
KRT17,0,4,0,0.7728395061728395,0.4
S100A14,0,4,0,0.7728395061728395,0.4
ASPN,0,4,0,0.7728395061728395,0.4
LAMB3,0,4,0,0.7728395061728395,0.4
G0S2,0,4,0,0.7728395061728395,0.4
DSC1,0,4,0,0.7728395061728395,0.4
TP63,0,4,0,0.7728395061728395,0.21739130434782608
SOSTDC1,0,4,0,0.7728395061728395,0.4
COL17A1,0,4,0,0.7728395061728395,0.4
CES1,0,4,0,0.7728395061728395,0.21739130434782608
GPR4,0,4,0,0.7728395061728395,0.21739130434782608
SOX17,0,4,0,0.7728395061728395,0.21739130434782608
CLDN5,0,4,0,0.7728395061728395,0.21739130434782608
AREG,0,4,0,0.7728395061728395,0.21739130434782608
TFAP2B,0,4,0,0.7728395061728395,0.0
PLAC9,0,4,0,0.7728395061728395,0.2727272727272727
CR2,0,4,0,0.7728395061728395,0.2727272727272727
AZGP1,0,4,0,0.7728395061728395,0.2727272727272727
FCER2,0,4,0,0.7728395061728395,0.2727272727272727
COCH,0,4,0,0.7728395061728395,0.2727272727272727
SBSN,0,4,0,0.7728395061728395,0.2727272727272727
TFF3,0,4,0,0.7728395061728395,0.2727272727272727
PKHD1L1,0,4,0,0.7728395061728395,0.2727272727272727
LYVE1,0,4,0,0.7728395061728395,0.2727272727272727
PDPN,0,4,0,0.7728395061728395,0.2727272727272727
FABP4,0,4,0,0.7728395061728395,0.2727272727272727
MMRN1,0,4,0,0.7728395061728395,0.2727272727272727
PROX1,0,4,0,0.7728395061728395,0.2727272727272727
DMKN,0,4,0,0.7728395061728395,0.2727272727272727
ITGA8,0,4,0,0.7728395061728395,0.02702702702702703
DERL3,0,4,0,0.7728395061728395,0.0
AHNAK2,0,4,0,0.7728395061728395,0.029411764705882353
MMP27,0,4,0,0.7728395061728395,0.029411764705882353
TFPI2,0,4,0,0.7728395061728395,0.0
MFAP5,0,4,0,0.7728395061728395,0.029411764705882353
LEPR,0,4,0,0.7728395061728395,0.2608695652173913
KRT5,0,4,0,0.7728395061728395,0.2608695652173913
CXCL1,0,4,0,0.7728395061728395,0.2608695652173913
C5AR1,0,4,0,0.7728395061728395,0.2608695652173913
NGFR,0,4,0,0.7728395061728395,0.2608695652173913
MYH11,0,4,0,0.7728395061728395,0.2608695652173913
CSPG4,0,4,0,0.7728395061728395,0.02702702702702703
PDCD1,0,4,0,0.7728395061728395,0.03571428571428571
CXADR,0,4,0,0.7728395061728395,0.2608695652173913
KRT16,0,4,0,0.7728395061728395,0.03571428571428571
PCDH7,0,4,0,0.7728395061728395,0.6470588235294118
NSG1,0,4,0,0.7728395061728395,0.6470588235294118
SOX10,0,4,0,0.7728395061728395,0.6470588235294118
SNCA,0,4,0,0.7728395061728395,0.6470588235294118
TYRP1,0,4,0,0.7728395061728395,0.6470588235294118
TYR,0,4,0,0.7728395061728395,0.6470588235294118
TRPM1,0,4,0,0.7728395061728395,0.6470588235294118
EDNRB,0,4,0,0.7728395061728395,0.0
PLP1,0,4,0,0.7728395061728395,0.6470588235294118
MLANA,0,4,0,0.7728395061728395,0.6470588235294118
PMEL,0,4,0,0.7728395061728395,0.6470588235294118
TFAP2A,0,4,0,0.7728395061728395,0.6470588235294118
TUBB2B,0,4,0,0.7728395061728395,0.6470588235294118
COMP,0,4,0,0.7728395061728395,0.027777777777777776
LSAMP,0,4,0,0.7728395061728395,0.027777777777777776
NR4A2,0,4,0,0.7728395061728395,0.6785714285714286
C15orf48,0,4,0,0.7728395061728395,0.6785714285714286
C11orf96,0,4,0,0.7728395061728395,0.6785714285714286
FRZB,0,4,0,0.7728395061728395,0.0
MPZ,0,4,0,0.7728395061728395,0.6785714285714286
ENPP1,0,4,0,0.7728395061728395,0.014285714285714285
KIT,0,4,0,0.7728395061728395,0.6785714285714286
GATA2,0,4,0,0.7728395061728395,0.6785714285714286
SFRP1,0,4,0,0.7728395061728395,0.6785714285714286
CD40LG,0,4,0,0.7728395061728395,0.6785714285714286
ID4,0,4,0,0.7728395061728395,0.6785714285714286
IL6,0,4,0,0.7728395061728395,0.6785714285714286
CCL3,0,4,0,0.7728395061728395,0.6785714285714286
IL10,0,4,0,0.7728395061728395,0.6785714285714286
IFNG,0,4,0,0.7728395061728395,0.6785714285714286
MT1F,0,4,0,0.7728395061728395,0.6785714285714286
AKR1C1,0,4,0,0.7728395061728395,0.025
CCR2,0,4,0,0.7728395061728395,0.6785714285714286
PKIB,0,4,0,0.7728395061728395,0.6785714285714286
MNDA,0,4,0,0.7728395061728395,0.014285714285714285
FCER1A,0,4,0,0.7728395061728395,0.6785714285714286
CLEC10A,0,4,0,0.7728395061728395,0.6785714285714286
CD1C,0,4,0,0.7728395061728395,0.6785714285714286
ATF3,0,4,0,0.7728395061728395,0.6785714285714286
ZNF667-AS1,0,4,0,0.7728395061728395,0.025
IRF4,0,4,0,0.7728395061728395,0.8235294117647058
FCRL5,0,4,0,0.7728395061728395,0.8235294117647058
MZB1,0,4,0,0.7728395061728395,0.8235294117647058
TNFRSF17,0,4,0,0.7728395061728395,0.8235294117647058
MEF2C,0,4,0,0.7728395061728395,0.8235294117647058
AIM2,0,4,0,0.7728395061728395,0.8235294117647058
MS4A1,0,4,0,0.7728395061728395,0.8235294117647058
CD79A,0,4,0,0.7728395061728395,0.8235294117647058
TMEM45A,0,4,0,0.7728395061728395,0.8235294117647058
KRT2,0,4,0,0.7728395061728395,0.8235294117647058
LYPD3,0,4,0,0.7728395061728395,0.8235294117647058
PERP,0,4,0,0.7728395061728395,0.8235294117647058
TACSTD2,0,4,0,0.7728395061728395,0.8235294117647058
PTCH1,0,4,0,0.7728395061728395,0.8235294117647058
NLGN4Y,0,4,0,0.7728395061728395,0.8235294117647058
PTN,0,4,0,0.7728395061728395,0.21739130434782608
CRABP2,0,4,0,0.7728395061728395,0.21739130434782608
AQP3,0,4,0,0.7728395061728395,0.21739130434782608
CXCR3,0,4,0,0.7728395061728395,0.0
LTB,0,4,0,0.7728395061728395,0.16666666666666666
KLRB1,0,4,0,0.7728395061728395,0.16666666666666666
CTSW,0,4,0,0.7728395061728395,0.16666666666666666
GNLY,0,4,0,0.7728395061728395,0.16666666666666666
KLRD1,0,4,0,0.7728395061728395,0.16666666666666666
ITGAE,0,4,0,0.7728395061728395,0.21739130434782608
ETV1,0,4,0,0.7728395061728395,0.21739130434782608
GYPC,0,4,0,0.7728395061728395,0.16666666666666666
TGFB1,0,4,0,0.7728395061728395,0.0
S100A4,0,4,0,0.7728395061728395,0.0
CCND3,0,4,0,0.7728395061728395,0.21739130434782608
CXCR4,0,4,0,0.7728395061728395,1.0
CDC20,0,4,0,0.7728395061728395,1.0
BIRC5,0,4,0,0.7728395061728395,1.0
COTL1,0,4,0,0.7728395061728395,1.0
ARHGDIB,0,4,0,0.7728395061728395,1.0
CDK1,0,4,0,0.7728395061728395,1.0
UBE2C,0,4,0,0.7728395061728395,1.0
PTTG1,0,4,0,0.7728395061728395,1.0
CENPF,0,4,0,0.7728395061728395,1.0
NUSAP1,0,4,0,0.7728395061728395,1.0
RRM2,0,4,0,0.7728395061728395,1.0
HIST1H4C,0,4,0,0.7728395061728395,1.0
TOP2A,0,4,0,0.7728395061728395,1.0
TYMS,0,4,0,0.7728395061728395,1.0
MKI67,0,4,0,0.7728395061728395,1.0
HMGN2,0,4,0,0.7728395061728395,1.0
STMN1,0,4,0,0.7728395061728395,1.0
HMGB2,0,4,0,0.7728395061728395,1.0
AKAP5,0,4,0,0.7728395061728395,1.0
CXCL13,0,4,0,0.7728395061728395,1.0
ITM2A,0,4,0,0.7728395061728395,1.0
CYB561A3,0,4,0,0.7728395061728395,0.9473684210526315
GZMB,0,4,0,0.7728395061728395,0.9473684210526315
ALOX5AP,0,4,0,0.7728395061728395,0.9473684210526315
KLRG1,0,4,0,0.7728395061728395,0.9473684210526315
CD52,0,4,0,0.7728395061728395,0.9473684210526315
LAG3,0,4,0,0.7728395061728395,0.9473684210526315
LCK,0,4,0,0.7728395061728395,0.9473684210526315
PTPRCAP,0,4,0,0.7728395061728395,0.9473684210526315
NKG7,0,4,0,0.7728395061728395,0.9473684210526315
CCL4,0,4,0,0.7728395061728395,0.9473684210526315
CD3E,0,4,0,0.7728395061728395,0.9473684210526315
CD3D,0,4,0,0.7728395061728395,0.9473684210526315
CD3G,0,4,0,0.7728395061728395,0.9473684210526315
GZMK,0,4,0,0.7728395061728395,0.9473684210526315
CST7,0,4,0,0.7728395061728395,0.9473684210526315
PRF1,0,4,0,0.7728395061728395,0.9473684210526315
GZMA,0,4,0,0.7728395061728395,0.9473684210526315
CCL5,0,4,0,0.7728395061728395,0.9473684210526315
CD8A,0,4,0,0.7728395061728395,0.9473684210526315
GPR183,0,4,0,0.7728395061728395,0.35294117647058826
SELL,0,4,0,0.7728395061728395,0.35294117647058826
PBXIP1,0,4,0,0.7728395061728395,0.35294117647058826
GIMAP7,0,4,0,0.7728395061728395,0.35294117647058826
IL7R,0,4,0,0.7728395061728395,0.35294117647058826
TCF7,0,4,0,0.7728395061728395,0.35294117647058826
IL32,0,4,0,0.7728395061728395,0.25806451612903225
CD27,0,4,0,0.7728395061728395,0.25806451612903225
IL2RA,0,4,0,0.7728395061728395,0.25806451612903225
TIGIT,0,4,0,0.7728395061728395,0.25806451612903225
CTLA4,0,4,0,0.7728395061728395,0.25806451612903225
FOXP3,0,4,0,0.7728395061728395,0.25806451612903225
DUSP2,0,4,0,0.7728395061728395,0.25806451612903225
TNF,0,4,0,0.7728395061728395,0.25806451612903225
CD69,0,4,0,0.7728395061728395,0.25806451612903225
QPCT,0,4,0,0.7728395061728395,0.0
PTGER3,0,4,0,0.7728395061728395,0.35294117647058826
FAM210B,0,4,0,0.7728395061728395,0.35294117647058826
VEGFA,0,4,0,0.7728395061728395,0.35294117647058826
TMEM150C,0,4,0,0.7728395061728395,0.35294117647058826
BCL2A1,0,4,0,0.7728395061728395,0.05405405405405406
STRADB,0,4,0,0.7728395061728395,0.35294117647058826
INSIG1,0,4,0,0.7728395061728395,0.05405405405405406
SLC25A39,0,4,0,0.7728395061728395,0.35294117647058826
RGCC,0,4,0,0.7728395061728395,0.35294117647058826
LST1,0,4,0,0.7728395061728395,0.05405405405405406
CBFA2T3,0,4,0,0.7728395061728395,0.15254237288135594
CCND1,0,4,0,0.7728395061728395,0.0
S100B,0,4,0,0.7728395061728395,0.15254237288135594
ID2,0,4,0,0.7728395061728395,0.15254237288135594
TSPAN33,0,4,0,0.7728395061728395,0.15254237288135594
CLEC9A,0,4,0,0.7728395061728395,0.15254237288135594
LGALS2,0,4,0,0.7728395061728395,0.15254237288135594
C1orf54,0,4,0,0.7728395061728395,0.15254237288135594
CPVL,0,4,0,0.7728395061728395,0.15254237288135594
IRF8,0,4,0,0.7728395061728395,0.15254237288135594
WDFY4,0,4,0,0.7728395061728395,0.15254237288135594
CD274,0,4,0,0.7728395061728395,0.4
ADAM12,0,4,0,0.7728395061728395,0.4
BASP1,0,4,0,0.7728395061728395,0.4
RGS1,0,4,0,0.7728395061728395,0.4
IDO1,0,4,0,0.7728395061728395,0.4
GPR157,0,4,0,0.7728395061728395,0.4
MARCKSL1,0,4,0,0.7728395061728395,0.4
FSCN1,0,4,0,0.7728395061728395,0.4
CCR7,0,4,0,0.7728395061728395,0.4
BIRC3,0,4,0,0.7728395061728395,0.4
CD83,0,4,0,0.7728395061728395,0.4
LGALS9,0,4,0,0.7728395061728395,0.559322033898305
IRF5,0,4,0,0.7728395061728395,0.559322033898305
IRF1,0,4,0,0.7728395061728395,0.559322033898305
MITF,0,4,0,0.7728395061728395,0.08695652173913043
CXCL10,0,4,0,0.7728395061728395,0.559322033898305
CXCL11,0,4,0,0.7728395061728395,0.559322033898305
CCL8,0,4,0,0.7728395061728395,0.559322033898305
IL4I1,0,4,0,0.7728395061728395,0.559322033898305
HAVCR2,0,4,0,0.7728395061728395,0.559322033898305
AXL,0,4,0,0.7728395061728395,0.559322033898305
TYROBP,0,4,0,0.7728395061728395,0.559322033898305
NRP2,0,4,0,0.7728395061728395,0.559322033898305
CXCL2,0,4,0,0.7728395061728395,0.559322033898305
PDCD1LG2,0,4,0,0.7728395061728395,0.559322033898305
TMEM176A,0,4,0,0.7728395061728395,0.559322033898305
AIF1,0,4,0,0.7728395061728395,0.559322033898305
CD63,0,4,0,0.7728395061728395,0.559322033898305
CTSL,0,4,0,0.7728395061728395,0.559322033898305
CD4,0,4,0,0.7728395061728395,0.559322033898305
C3AR1,0,4,0,0.7728395061728395,0.559322033898305
RNASE1,0,4,0,0.7728395061728395,0.559322033898305
ITGAX,0,4,0,0.7728395061728395,0.559322033898305
LYZ,0,4,0,0.7728395061728395,0.559322033898305
HLA-DPB1,0,4,0,0.7728395061728395,0.559322033898305
MMP9,0,4,0,0.7728395061728395,0.559322033898305
CD14,0,4,0,0.7728395061728395,0.559322033898305
CD163,0,4,0,0.7728395061728395,0.559322033898305
CSF1R,0,4,0,0.7728395061728395,0.559322033898305
C1QA,0,4,0,0.7728395061728395,0.559322033898305
FCER1G,0,4,0,0.7728395061728395,0.559322033898305
CTSZ,0,4,0,0.7728395061728395,0.559322033898305
CD68,0,4,0,0.7728395061728395,0.559322033898305
RASSF8,0,4,0,0.7728395061728395,0.559322033898305
FKBP8,0,4,0,0.7728395061728395,0.03125
TBC1D7,0,4,0,0.7728395061728395,0.08695652173913043
CRYAB,0,4,0,0.7728395061728395,0.08695652173913043
SLC2A3,0,4,0,0.7728395061728395,0.559322033898305
MYC,0,4,0,0.7728395061728395,0.08695652173913043
KRT18,0,4,0,0.7728395061728395,0.08695652173913043
HES1,0,4,0,0.7728395061728395,0.559322033898305
KRT1,0,4,0,0.7728395061728395,0.08695652173913043
LENG8,0,4,0,0.7728395061728395,0.03125
KDM5B,0,4,0,0.7728395061728395,0.03125
PTEN,0,4,0,0.7728395061728395,0.08695652173913043
CTNNB1,0,4,0,0.7728395061728395,0.08695652173913043
FBXO7,0,4,0,0.7728395061728395,0.08695652173913043
DSP,0,4,0,0.7728395061728395,0.7631578947368421
RGS5,0,4,0,0.7728395061728395,0.7631578947368421
IFITM1,0,4,0,0.7728395061728395,0.7631578947368421
ITGB1,0,4,0,0.7728395061728395,0.7631578947368421
SLC8A1,0,4,0,0.7728395061728395,0.0
ENTPD1,0,4,0,0.7728395061728395,0.7631578947368421
TSC22D1,0,4,0,0.7728395061728395,0.7631578947368421
IFI27,0,4,0,0.7728395061728395,0.7631578947368421
NR2F2,0,4,0,0.7728395061728395,0.7631578947368421
TFPI,0,4,0,0.7728395061728395,0.7631578947368421
SELE,0,4,0,0.7728395061728395,0.7631578947368421
IL3RA,0,4,0,0.7728395061728395,0.7631578947368421
ITGA5,0,4,0,0.7728395061728395,0.7631578947368421
VIM,0,4,0,0.7728395061728395,0.7631578947368421
RAMP2,0,4,0,0.7728395061728395,0.7631578947368421
MYCT1,0,4,0,0.7728395061728395,0.7631578947368421
ITGA6,0,4,0,0.7728395061728395,0.7631578947368421
GNG11,0,4,0,0.7728395061728395,0.7631578947368421
MGP,0,4,0,0.7728395061728395,0.7631578947368421
IGFBP7,0,4,0,0.7728395061728395,0.7631578947368421
TM4SF1,0,4,0,0.7728395061728395,0.7631578947368421
ECSCR,0,4,0,0.7728395061728395,0.7631578947368421
CD93,0,4,0,0.7728395061728395,0.7631578947368421
CALCRL,0,4,0,0.7728395061728395,0.7631578947368421
PECAM1,0,4,0,0.7728395061728395,0.7631578947368421
PLVAP,0,4,0,0.7728395061728395,0.7631578947368421
VWF,0,4,0,0.7728395061728395,0.7631578947368421
AQP1,0,4,0,0.7728395061728395,0.7631578947368421
SPARCL1,0,4,0,0.7728395061728395,0.7631578947368421
CD34,0,4,0,0.7728395061728395,0.7631578947368421
CDH5,0,4,0,0.7728395061728395,0.7631578947368421
SLC25A37,0,4,0,0.7728395061728395,0.625
IGFBP3,0,4,0,0.7728395061728395,0.625
S100A13,0,4,0,0.7728395061728395,0.625
PTGR1,0,4,0,0.7728395061728395,0.625
INHBA,0,4,0,0.7728395061728395,0.625
NFKBIZ,0,4,0,0.7728395061728395,0.625
BHLHE41,0,4,0,0.7728395061728395,0.625
IGFBP5,0,4,0,0.7728395061728395,0.625
IFI6,0,4,0,0.7728395061728395,0.625
SERPINE2,0,4,0,0.7728395061728395,0.625
GEM,0,4,0,0.7728395061728395,0.625
CD276,0,4,0,0.7728395061728395,0.625
SPRY1,0,4,0,0.7728395061728395,0.625
APCDD1,0,4,0,0.7728395061728395,0.625
CCL2,0,4,0,0.7728395061728395,0.0
SOD3,0,4,0,0.7728395061728395,0.625
DST,0,4,0,0.7728395061728395,0.625
THY1,0,4,0,0.7728395061728395,0.625
HTRA1,0,4,0,0.7728395061728395,0.625
APOD,0,4,0,0.7728395061728395,0.625
PDGFRA,0,4,0,0.7728395061728395,0.625
FAP,0,4,0,0.7728395061728395,0.625
SFRP2,0,4,0,0.7728395061728395,0.625
CXCL12,0,4,0,0.7728395061728395,0.625
POSTN,0,4,0,0.7728395061728395,0.625
LUM,0,4,0,0.7728395061728395,0.625
THBS2,0,4,0,0.7728395061728395,0.625
VCAN,0,4,0,0.7728395061728395,0.625
PTGDS,0,4,0,0.7728395061728395,0.625
C3,0,4,0,0.7728395061728395,0.625
SERPING1,0,4,0,0.7728395061728395,0.625
TNC,0,4,0,0.7728395061728395,0.625
COL5A2,0,4,0,0.7728395061728395,0.625
PDGFRB,0,4,0,0.7728395061728395,0.625
FN1,0,4,0,0.7728395061728395,0.625
MMP2,0,4,0,0.7728395061728395,0.625
COL6A3,0,4,0,0.7728395061728395,0.625
COL6A1,0,4,0,0.7728395061728395,0.625
COL6A2,0,4,0,0.7728395061728395,0.625
FBLN1,0,4,0,0.7728395061728395,0.625
MFAP4,0,4,0,0.7728395061728395,0.625
ENAH,0,4,0,0.7728395061728395,0.08860759493670886
CCL19,0,4,0,0.7728395061728395,0.08860759493670886
CPE,0,4,0,0.7728395061728395,0.625
ACTA2,0,4,0,0.7728395061728395,0.08860759493670886
TAGLN,0,4,0,0.7728395061728395,0.08860759493670886
SYNPO2,0,4,0,0.7728395061728395,0.08860759493670886
MYL9,0,4,0,0.7728395061728395,0.08860759493670886
CALD1,0,4,0,0.7728395061728395,0.08860759493670886
NOTCH3,0,4,0,0.7728395061728395,0.08860759493670886
TNFRSF18,1,0,0,0.4613526570048309,0.6363636363636364
MT1A,1,0,0,0.4613526570048309,0.6363636363636364
DEFB1,1,0,0,0.4613526570048309,0.6363636363636364
IL33,1,0,0,0.4613526570048309,0.6363636363636364
LY6D,1,0,0,0.4613526570048309,0.6363636363636364
HBE1,1,0,0,0.4613526570048309,0.6363636363636364
TFF3,1,0,0,0.4613526570048309,0.6363636363636364
RGS16,1,0,0,0.4613526570048309,0.6363636363636364
WIF1,1,0,0,0.4613526570048309,0.6363636363636364
MT1G,1,0,0,0.4613526570048309,0.6363636363636364
ALAS2,1,0,0,0.4613526570048309,0.6363636363636364
KRTDAP,1,0,0,0.4613526570048309,0.6363636363636364
PPP1R14A,1,0,0,0.4613526570048309,0.6363636363636364
AHSP,1,0,0,0.4613526570048309,0.6363636363636364
MYOC,1,0,0,0.4613526570048309,0.6363636363636364
SERPINB2,1,0,0,0.4613526570048309,0.16129032258064516
CA1,1,0,0,0.4613526570048309,0.16129032258064516
SCGB1B2P,1,0,0,0.4613526570048309,0.16129032258064516
ACER1,1,0,0,0.4613526570048309,0.16129032258064516
SLPI,1,0,0,0.4613526570048309,0.16129032258064516
G0S2,1,0,0,0.4613526570048309,0.02857142857142857
HBD,1,0,0,0.4613526570048309,0.16129032258064516
COCH,1,0,0,0.4613526570048309,0.02857142857142857
CD1B,1,0,0,0.4613526570048309,0.21739130434782608
MYH11,1,0,0,0.4613526570048309,0.2727272727272727
MIR205HG,1,0,0,0.4613526570048309,0.2727272727272727
ACHE,1,0,0,0.4613526570048309,0.21739130434782608
SOX15,1,0,0,0.4613526570048309,0.21739130434782608
CLDN4,1,0,0,0.4613526570048309,0.2727272727272727
CR2,1,0,0,0.4613526570048309,0.0
LYVE1,1,0,0,0.4613526570048309,0.2727272727272727
SELE,1,0,0,0.4613526570048309,0.21739130434782608
CLDN5,1,0,0,0.4613526570048309,0.2727272727272727
LOR,1,0,0,0.4613526570048309,0.2727272727272727
CD40LG,1,0,0,0.4613526570048309,0.0
IL17A,1,0,0,0.4613526570048309,0.2727272727272727
CCL22,1,0,0,0.4613526570048309,0.21739130434782608
PKHD1L1,1,0,0,0.4613526570048309,0.21739130434782608
MT1X,1,0,0,0.4613526570048309,0.03571428571428571
NMB,1,0,0,0.4613526570048309,0.20833333333333334
FGFBP1,1,0,0,0.4613526570048309,0.03571428571428571
LINC00636,1,0,0,0.4613526570048309,0.16
FCER2,1,0,0,0.4613526570048309,0.20833333333333334
SERPINB5,1,0,0,0.4613526570048309,0.16
LTB,1,0,0,0.4613526570048309,0.0
COL17A1,1,0,0,0.4613526570048309,0.20833333333333334
MMRN1,1,0,0,0.4613526570048309,0.03571428571428571
HAPLN1,1,0,0,0.4613526570048309,0.16
PDCD1,1,0,0,0.4613526570048309,0.03571428571428571
IGLL1,1,0,0,0.4613526570048309,0.20833333333333334
CAPNS2,1,0,0,0.4613526570048309,0.16
IL1B,1,0,0,0.4613526570048309,0.20833333333333334
MMP27,1,0,0,0.4613526570048309,0.20833333333333334
MMP10,1,0,0,0.4613526570048309,0.16
ARG1,1,0,0,0.4613526570048309,0.12
NLGN4Y,1,0,0,0.4613526570048309,0.21739130434782608
TP63,1,0,0,0.4613526570048309,0.12
PLAC9,1,0,0,0.4613526570048309,0.037037037037037035
RHOV,1,0,0,0.4613526570048309,0.037037037037037035
DERL3,1,0,0,0.4613526570048309,0.21739130434782608
TNFRSF17,1,0,0,0.4613526570048309,0.21739130434782608
MZB1,1,0,0,0.4613526570048309,0.21739130434782608
CD79A,1,0,0,0.4613526570048309,0.21739130434782608
FCRL5,1,0,0,0.4613526570048309,0.21739130434782608
CES1,1,0,0,0.4613526570048309,0.12
DSC1,1,0,0,0.4613526570048309,0.07692307692307693
CLDN1,1,0,0,0.4613526570048309,0.07692307692307693
CXCL5,1,0,0,0.4613526570048309,0.12
CD207,1,0,0,0.4613526570048309,0.07692307692307693
NDUFA4L2,1,0,0,0.4613526570048309,0.07692307692307693
ASPN,1,0,0,0.4613526570048309,0.16666666666666666
FABP4,1,0,0,0.4613526570048309,0.07692307692307693
PDPN,1,0,0,0.4613526570048309,0.12
FCER1A,1,0,0,0.4613526570048309,0.16666666666666666
CD1A,1,0,0,0.4613526570048309,0.16666666666666666
SFRP1,1,0,0,0.4613526570048309,0.12
LAMB3,1,0,0,0.4613526570048309,0.12
CXCR3,1,0,0,0.4613526570048309,0.03571428571428571
MT1F,1,0,0,0.4613526570048309,0.03571428571428571
MS4A1,1,0,0,0.4613526570048309,0.12
TFPI2,1,0,0,0.4613526570048309,0.16666666666666666
NGFR,1,0,0,0.4613526570048309,0.07692307692307693
FBLN1,1,0,0,0.4613526570048309,0.0
COMP,1,0,0,0.4613526570048309,0.16666666666666666
AHNAK2,1,0,0,0.4613526570048309,0.0
MFAP5,1,0,0,0.4613526570048309,0.07692307692307693
MMP9,1,0,0,0.4613526570048309,0.02631578947368421
TMEM150C,1,0,0,0.4613526570048309,0.3333333333333333
KLRB1,1,0,0,0.4613526570048309,0.3333333333333333
AREG,1,0,0,0.4613526570048309,0.3333333333333333
IL32,1,0,0,0.4613526570048309,0.0
S100A14,1,0,0,0.4613526570048309,0.07692307692307693
MAL2,1,0,0,0.4613526570048309,0.07692307692307693
KRT15,1,0,0,0.4613526570048309,0.3333333333333333
DSP,1,0,0,0.4613526570048309,0.3333333333333333
KRT5,1,0,0,0.4613526570048309,0.3333333333333333
KRT16,1,0,0,0.4613526570048309,0.3333333333333333
KRT17,1,0,0,0.4613526570048309,0.3333333333333333
CCR2,1,0,0,0.4613526570048309,0.02631578947368421
CCL19,1,0,0,0.4613526570048309,0.037037037037037035
IGFBP2,1,0,0,0.4613526570048309,0.0
ITGA8,1,0,0,0.4613526570048309,0.037037037037037035
ACTA2,1,0,0,0.4613526570048309,0.12
BCAN,1,0,0,0.4613526570048309,0.0
DMKN,1,0,0,0.4613526570048309,0.11538461538461539
GATA2,1,0,0,0.4613526570048309,0.037037037037037035
AQP3,1,0,0,0.4613526570048309,0.11538461538461539
SBSN,1,0,0,0.4613526570048309,0.12
MPZ,1,0,0,0.4613526570048309,0.0
TACSTD2,1,0,0,0.4613526570048309,0.11538461538461539
CBFA2T3,1,0,0,0.4613526570048309,0.11538461538461539
CLEC9A,1,0,0,0.4613526570048309,0.037037037037037035
LEPR,1,0,0,0.4613526570048309,0.12
AKR1C1,1,0,0,0.4613526570048309,0.12
SOX17,1,0,0,0.4613526570048309,0.0
IL6,1,0,0,0.4613526570048309,0.16
CCR7,1,0,0,0.4613526570048309,0.05405405405405406
GPR157,1,0,0,0.4613526570048309,0.05405405405405406
AZGP1,1,0,0,0.4613526570048309,0.16
CXCL2,1,0,0,0.4613526570048309,0.05405405405405406
CXCL1,1,0,0,0.4613526570048309,0.16
IL7R,1,0,0,0.4613526570048309,0.06896551724137931
FOXP3,1,0,0,0.4613526570048309,0.06896551724137931
IL2RA,1,0,0,0.4613526570048309,0.06896551724137931
SOSTDC1,1,0,0,0.4613526570048309,0.0
CSPG4,1,0,0,0.4613526570048309,0.0
KRT2,1,0,0,0.4613526570048309,0.16
PTGER3,1,0,0,0.4613526570048309,0.0
FRZB,1,0,0,0.4613526570048309,0.16
TAGLN,1,0,0,0.4613526570048309,0.12
BHLHE41,1,0,0,0.4613526570048309,0.42857142857142855
CRABP2,1,0,0,0.4613526570048309,0.12
TFPI,1,0,0,0.4613526570048309,0.12
IGFBP3,1,0,0,0.4613526570048309,0.42857142857142855
MFAP4,1,0,0,0.4613526570048309,0.12
GEM,1,0,0,0.4613526570048309,0.42857142857142855
SOD3,1,0,0,0.4613526570048309,0.42857142857142855
C3,1,0,0,0.4613526570048309,0.42857142857142855
SPRY1,1,0,0,0.4613526570048309,0.42857142857142855
IGFBP5,1,0,0,0.4613526570048309,0.42857142857142855
INHBA,1,0,0,0.4613526570048309,0.42857142857142855
SFRP2,1,0,0,0.4613526570048309,0.42857142857142855
CCL2,1,0,0,0.4613526570048309,0.0
PTN,1,0,0,0.4613526570048309,0.42857142857142855
APOD,1,0,0,0.4613526570048309,0.03125
SERPING1,1,0,0,0.4613526570048309,0.03125
PTGDS,1,0,0,0.4613526570048309,0.8823529411764706
THY1,1,0,0,0.4613526570048309,0.8823529411764706
THBS2,1,0,0,0.4613526570048309,0.8823529411764706
PDGFRA,1,0,0,0.4613526570048309,0.8823529411764706
FAP,1,0,0,0.4613526570048309,0.8823529411764706
TNC,1,0,0,0.4613526570048309,0.8823529411764706
LUM,1,0,0,0.4613526570048309,0.8823529411764706
VCAN,1,0,0,0.4613526570048309,0.8823529411764706
MMP2,1,0,0,0.4613526570048309,0.8823529411764706
COL5A2,1,0,0,0.4613526570048309,0.8823529411764706
PDGFRB,1,0,0,0.4613526570048309,0.8823529411764706
COL6A2,1,0,0,0.4613526570048309,0.8823529411764706
FN1,1,0,0,0.4613526570048309,0.8823529411764706
POSTN,1,0,0,0.4613526570048309,0.8823529411764706
COL6A1,1,0,0,0.4613526570048309,0.8823529411764706
COL6A3,1,0,0,0.4613526570048309,0.8823529411764706
NR2F2,1,0,0,0.4613526570048309,0.14285714285714285
FSCN1,1,0,0,0.4613526570048309,0.0
GPR4,1,0,0,0.4613526570048309,0.0
IL3RA,1,0,0,0.4613526570048309,0.14285714285714285
RGCC,1,0,0,0.4613526570048309,0.14285714285714285
SYNPO2,1,0,0,0.4613526570048309,0.14285714285714285
CPE,1,0,0,0.4613526570048309,0.07692307692307693
MYL9,1,0,0,0.4613526570048309,0.07692307692307693
NOTCH3,1,0,0,0.4613526570048309,0.07692307692307693
RGS5,1,0,0,0.4613526570048309,0.07692307692307693
MGP,1,0,0,0.4613526570048309,0.14285714285714285
MYCT1,1,0,0,0.4613526570048309,0.14285714285714285
TM4SF1,1,0,0,0.4613526570048309,0.5384615384615384
RAMP2,1,0,0,0.4613526570048309,0.5384615384615384
ITGA5,1,0,0,0.4613526570048309,0.5384615384615384
ECSCR,1,0,0,0.4613526570048309,0.5384615384615384
IGFBP7,1,0,0,0.4613526570048309,0.5384615384615384
CD93,1,0,0,0.4613526570048309,0.5384615384615384
VWF,1,0,0,0.4613526570048309,0.5384615384615384
CXCL12,1,0,0,0.4613526570048309,0.5384615384615384
PECAM1,1,0,0,0.4613526570048309,0.5384615384615384
SPARCL1,1,0,0,0.4613526570048309,0.5384615384615384
CALCRL,1,0,0,0.4613526570048309,0.5384615384615384
AQP1,1,0,0,0.4613526570048309,0.5384615384615384
CD34,1,0,0,0.4613526570048309,0.5384615384615384
PLVAP,1,0,0,0.4613526570048309,0.5384615384615384
CDH5,1,0,0,0.4613526570048309,0.5384615384615384
IDO1,1,0,0,0.4613526570048309,0.36363636363636365
BCL2A1,1,0,0,0.4613526570048309,0.0
AIM2,1,0,0,0.4613526570048309,0.36363636363636365
C5AR1,1,0,0,0.4613526570048309,0.0
IL10,1,0,0,0.4613526570048309,0.36363636363636365
CD274,1,0,0,0.4613526570048309,0.36363636363636365
TNF,1,0,0,0.4613526570048309,0.36363636363636365
NFKBIZ,1,0,0,0.4613526570048309,0.36363636363636365
LGALS2,1,0,0,0.4613526570048309,0.0625
CLEC10A,1,0,0,0.4613526570048309,0.36363636363636365
CD1C,1,0,0,0.4613526570048309,0.36363636363636365
C15orf48,1,0,0,0.4613526570048309,0.36363636363636365
CXCR4,1,0,0,0.4613526570048309,0.030303030303030304
GPR183,1,0,0,0.4613526570048309,0.030303030303030304
BIRC3,1,0,0,0.4613526570048309,0.36363636363636365
S100A4,1,0,0,0.4613526570048309,0.0
CXCL11,1,0,0,0.4613526570048309,0.0625
CCL8,1,0,0,0.4613526570048309,0.0625
IRF5,1,0,0,0.4613526570048309,0.36363636363636365
MNDA,1,0,0,0.4613526570048309,0.36363636363636365
TGFB1,1,0,0,0.4613526570048309,0.36363636363636365
LST1,1,0,0,0.4613526570048309,0.14705882352941177
PDCD1LG2,1,0,0,0.4613526570048309,0.3333333333333333
IRF1,1,0,0,0.4613526570048309,0.14705882352941177
LGALS9,1,0,0,0.4613526570048309,0.14705882352941177
CD83,1,0,0,0.4613526570048309,0.14705882352941177
TSPAN33,1,0,0,0.4613526570048309,0.3333333333333333
RGS1,1,0,0,0.4613526570048309,0.14705882352941177
BASP1,1,0,0,0.4613526570048309,0.14705882352941177
IL4I1,1,0,0,0.4613526570048309,0.3333333333333333
COTL1,1,0,0,0.4613526570048309,0.3333333333333333
ARHGDIB,1,0,0,0.4613526570048309,0.3333333333333333
IRF8,1,0,0,0.4613526570048309,0.3333333333333333
WDFY4,1,0,0,0.4613526570048309,0.3333333333333333
RNASE1,1,0,0,0.4613526570048309,0.3333333333333333
CTSL,1,0,0,0.4613526570048309,0.0
CXCL10,1,0,0,0.4613526570048309,0.0
TYROBP,1,0,0,0.4613526570048309,0.8947368421052632
CD4,1,0,0,0.4613526570048309,0.8947368421052632
TMEM176A,1,0,0,0.4613526570048309,0.8947368421052632
AXL,1,0,0,0.4613526570048309,0.8947368421052632
ITGAX,1,0,0,0.4613526570048309,0.8947368421052632
CPVL,1,0,0,0.4613526570048309,0.8947368421052632
LYZ,1,0,0,0.4613526570048309,0.8947368421052632
HLA-DPB1,1,0,0,0.4613526570048309,0.8947368421052632
AIF1,1,0,0,0.4613526570048309,0.8947368421052632
C3AR1,1,0,0,0.4613526570048309,0.8947368421052632
CD14,1,0,0,0.4613526570048309,0.8947368421052632
SLC8A1,1,0,0,0.4613526570048309,0.8947368421052632
CD163,1,0,0,0.4613526570048309,0.8947368421052632
CSF1R,1,0,0,0.4613526570048309,0.8947368421052632
CTSZ,1,0,0,0.4613526570048309,0.8947368421052632
C1QA,1,0,0,0.4613526570048309,0.8947368421052632
FCER1G,1,0,0,0.4613526570048309,0.8947368421052632
CD68,1,0,0,0.4613526570048309,0.8947368421052632
SELL,1,0,0,0.4613526570048309,0.4782608695652174
GZMK,1,0,0,0.4613526570048309,0.14814814814814814
KLRG1,1,0,0,0.4613526570048309,0.14814814814814814
CD69,1,0,0,0.4613526570048309,0.4782608695652174
KLRD1,1,0,0,0.4613526570048309,0.4782608695652174
CXCL13,1,0,0,0.4613526570048309,0.14814814814814814
ITM2A,1,0,0,0.4613526570048309,0.14814814814814814
GIMAP7,1,0,0,0.4613526570048309,0.4782608695652174
CTSW,1,0,0,0.4613526570048309,0.4782608695652174
DUSP2,1,0,0,0.4613526570048309,0.14814814814814814
CTLA4,1,0,0,0.4613526570048309,0.4782608695652174
IFNG,1,0,0,0.4613526570048309,0.4782608695652174
CCL4,1,0,0,0.4613526570048309,0.4782608695652174
CCL3,1,0,0,0.4613526570048309,0.4782608695652174
CD52,1,0,0,0.4613526570048309,0.4782608695652174
PTPRCAP,1,0,0,0.4613526570048309,0.4782608695652174
LCK,1,0,0,0.4613526570048309,0.4782608695652174
ALOX5AP,1,0,0,0.4613526570048309,0.0
AKAP5,1,0,0,0.4613526570048309,0.8666666666666667
NKG7,1,0,0,0.4613526570048309,0.8666666666666667
CD27,1,0,0,0.4613526570048309,0.8666666666666667
CST7,1,0,0,0.4613526570048309,0.8666666666666667
GNLY,1,0,0,0.4613526570048309,0.0
TIGIT,1,0,0,0.4613526570048309,0.8666666666666667
CD3G,1,0,0,0.4613526570048309,0.8666666666666667
LAG3,1,0,0,0.4613526570048309,0.8666666666666667
CD3E,1,0,0,0.4613526570048309,0.8666666666666667
CD3D,1,0,0,0.4613526570048309,0.8666666666666667
GZMB,1,0,0,0.4613526570048309,0.8666666666666667
CD8A,1,0,0,0.4613526570048309,0.8666666666666667
PRF1,1,0,0,0.4613526570048309,0.8666666666666667
CCL5,1,0,0,0.4613526570048309,0.8666666666666667
GZMA,1,0,0,0.4613526570048309,0.8666666666666667
ID2,1,0,0,0.4613526570048309,0.02702702702702703
HAVCR2,1,0,0,0.4613526570048309,0.02702702702702703
MIA,1,0,0,0.4613526570048309,0.05405405405405406
PROX1,1,0,0,0.4613526570048309,0.05405405405405406
PKIB,1,0,0,0.4613526570048309,0.0
INSIG1,1,0,0,0.4613526570048309,0.11764705882352941
KRT18,1,0,0,0.4613526570048309,0.11764705882352941
LYPD3,1,0,0,0.4613526570048309,0.05405405405405406
ITGAE,1,0,0,0.4613526570048309,0.025
TCF7,1,0,0,0.4613526570048309,0.025
HES1,1,0,0,0.4613526570048309,0.28125
SLC2A3,1,0,0,0.4613526570048309,0.28125
ATF3,1,0,0,0.4613526570048309,0.28125
NR4A2,1,0,0,0.4613526570048309,0.11764705882352941
ENPP1,1,0,0,0.4613526570048309,0.02702702702702703
TMEM45A,1,0,0,0.4613526570048309,0.11764705882352941
C1orf54,1,0,0,0.4613526570048309,0.02702702702702703
KRT1,1,0,0,0.4613526570048309,0.28125
ZNF667-AS1,1,0,0,0.4613526570048309,0.28125
FKBP8,1,0,0,0.4613526570048309,0.28125
C11orf96,1,0,0,0.4613526570048309,0.11764705882352941
SLC25A37,1,0,0,0.4613526570048309,0.28125
PBXIP1,1,0,0,0.4613526570048309,0.28125
DCT,1,0,0,0.4613526570048309,0.28125
ENTPD1,1,0,0,0.4613526570048309,0.28125
CXADR,1,0,0,0.4613526570048309,0.0
MEF2C,1,0,0,0.4613526570048309,0.24
VEGFA,1,0,0,0.4613526570048309,0.24
ETV1,1,0,0,0.4613526570048309,0.24
CDC20,1,0,0,0.4613526570048309,0.037037037037037035
ADAM12,1,0,0,0.4613526570048309,0.24
PTCH1,1,0,0,0.4613526570048309,0.24
TUBB2B,1,0,0,0.4613526570048309,0.06060606060606061
CCND3,1,0,0,0.4613526570048309,0.24
SLC25A39,1,0,0,0.4613526570048309,0.24
KDM5B,1,0,0,0.4613526570048309,0.06060606060606061
LENG8,1,0,0,0.4613526570048309,0.037037037037037035
IFI27,1,0,0,0.4613526570048309,0.06060606060606061
IFITM1,1,0,0,0.4613526570048309,0.06060606060606061
S100A13,1,0,0,0.4613526570048309,0.06060606060606061
RRM2,1,0,0,0.4613526570048309,0.75
BIRC5,1,0,0,0.4613526570048309,0.75
HIST1H4C,1,0,0,0.4613526570048309,0.75
CENPF,1,0,0,0.4613526570048309,0.75
UBE2C,1,0,0,0.4613526570048309,0.75
CDK1,1,0,0,0.4613526570048309,0.75
PTTG1,1,0,0,0.4613526570048309,0.75
NUSAP1,1,0,0,0.4613526570048309,0.75
HMGN2,1,0,0,0.4613526570048309,0.75
TYMS,1,0,0,0.4613526570048309,0.75
MKI67,1,0,0,0.4613526570048309,0.75
HMGB2,1,0,0,0.4613526570048309,0.75
TOP2A,1,0,0,0.4613526570048309,0.75
CDH2,1,0,0,0.4613526570048309,0.014492753623188406
ID4,1,0,0,0.4613526570048309,0.014492753623188406
PTGR1,1,0,0,0.4613526570048309,0.875
RASSF8,1,0,0,0.4613526570048309,0.875
FAM210B,1,0,0,0.4613526570048309,0.875
GNG11,1,0,0,0.4613526570048309,0.875
HTRA1,1,0,0,0.4613526570048309,0.875
STRADB,1,0,0,0.4613526570048309,0.875
CALD1,1,0,0,0.4613526570048309,0.875
TSC22D1,1,0,0,0.4613526570048309,0.875
PTEN,1,0,0,0.4613526570048309,0.875
CD276,1,0,0,0.4613526570048309,0.875
ITGA6,1,0,0,0.4613526570048309,0.875
PCDH7,1,0,0,0.4613526570048309,0.875
ENAH,1,0,0,0.4613526570048309,0.875
LSAMP,1,0,0,0.4613526570048309,0.875
PERP,1,0,0,0.4613526570048309,0.875
IRF4,1,0,0,0.4613526570048309,0.875
DST,1,0,0,0.4613526570048309,0.875
KIT,1,0,0,0.4613526570048309,0.875
MYC,1,0,0,0.4613526570048309,0.875
NRP2,1,0,0,0.4613526570048309,0.875
GYPC,1,0,0,0.4613526570048309,0.875
S100B,1,0,0,0.4613526570048309,0.875
CRYAB,1,0,0,0.4613526570048309,0.875
IFI6,1,0,0,0.4613526570048309,0.875
STMN1,1,0,0,0.4613526570048309,0.875
CYB561A3,1,0,0,0.4613526570048309,0.875
NSG1,1,0,0,0.4613526570048309,0.875
PLP1,1,0,0,0.4613526570048309,0.875
SOX10,1,0,0,0.4613526570048309,0.875
TBC1D7,1,0,0,0.4613526570048309,0.875
ITGB1,1,0,0,0.4613526570048309,0.875
SNCA,1,0,0,0.4613526570048309,0.875
TRPM1,1,0,0,0.4613526570048309,0.875
TFAP2A,1,0,0,0.4613526570048309,0.875
TFAP2B,1,0,0,0.4613526570048309,0.875
CCND1,1,0,0,0.4613526570048309,0.875
MITF,1,0,0,0.4613526570048309,0.875
EDNRB,1,0,0,0.4613526570048309,0.875
FBXO7,1,0,0,0.4613526570048309,0.875
MARCKSL1,1,0,0,0.4613526570048309,0.875
CTNNB1,1,0,0,0.4613526570048309,0.875
APCDD1,1,0,0,0.4613526570048309,0.875
SERPINE2,1,0,0,0.4613526570048309,0.875
MLANA,1,0,0,0.4613526570048309,0.875
TYR,1,0,0,0.4613526570048309,0.875
QPCT,1,0,0,0.4613526570048309,0.875
VIM,1,0,0,0.4613526570048309,0.875
CD63,1,0,0,0.4613526570048309,0.875
TYRP1,1,0,0,0.4613526570048309,0.875
PMEL,1,0,0,0.4613526570048309,0.875
TNFRSF18,1,1,1,0.6617100371747212,0.8636363636363636
MT1A,1,1,1,0.6617100371747212,0.8636363636363636
DEFB1,1,1,1,0.6617100371747212,0.8636363636363636
IL33,1,1,1,0.6617100371747212,0.8636363636363636
LY6D,1,1,1,0.6617100371747212,0.8636363636363636
HBE1,1,1,1,0.6617100371747212,0.8636363636363636
TFF3,1,1,1,0.6617100371747212,0.8636363636363636
RGS16,1,1,1,0.6617100371747212,0.8636363636363636
WIF1,1,1,1,0.6617100371747212,0.8636363636363636
MT1G,1,1,1,0.6617100371747212,0.8636363636363636
ALAS2,1,1,1,0.6617100371747212,0.8636363636363636
KRTDAP,1,1,1,0.6617100371747212,0.8636363636363636
PPP1R14A,1,1,1,0.6617100371747212,0.8636363636363636
AHSP,1,1,1,0.6617100371747212,0.8636363636363636
MYOC,1,1,1,0.6617100371747212,0.8636363636363636
SERPINB2,1,1,1,0.6617100371747212,0.8636363636363636
CA1,1,1,1,0.6617100371747212,0.8636363636363636
SCGB1B2P,1,1,1,0.6617100371747212,0.8636363636363636
ACER1,1,1,1,0.6617100371747212,0.058823529411764705
SLPI,1,1,1,0.6617100371747212,0.8636363636363636
G0S2,1,1,1,0.6617100371747212,0.8636363636363636
HBD,1,1,1,0.6617100371747212,0.058823529411764705
COCH,1,1,1,0.6617100371747212,0.058823529411764705
CD1B,1,1,1,0.6617100371747212,0.47368421052631576
MYH11,1,1,1,0.6617100371747212,0.12
MIR205HG,1,1,1,0.6617100371747212,0.47368421052631576
ACHE,1,1,1,0.6617100371747212,0.47368421052631576
SOX15,1,1,1,0.6617100371747212,0.47368421052631576
CLDN4,1,1,1,0.6617100371747212,0.47368421052631576
CR2,1,1,1,0.6617100371747212,0.47368421052631576
LYVE1,1,1,1,0.6617100371747212,0.47368421052631576
SELE,1,1,1,0.6617100371747212,0.0
CLDN5,1,1,1,0.6617100371747212,0.12
LOR,1,1,1,0.6617100371747212,0.47368421052631576
CD40LG,1,1,1,0.6617100371747212,0.12
IL17A,1,1,1,0.6617100371747212,0.47368421052631576
CCL22,1,1,1,0.6617100371747212,0.47368421052631576
PKHD1L1,1,1,1,0.6617100371747212,0.12
MT1X,1,1,1,0.6617100371747212,0.03571428571428571
NMB,1,1,1,0.6617100371747212,0.45
FGFBP1,1,1,1,0.6617100371747212,0.03571428571428571
LINC00636,1,1,1,0.6617100371747212,0.45
FCER2,1,1,1,0.6617100371747212,0.45
SERPINB5,1,1,1,0.6617100371747212,0.45
LTB,1,1,1,0.6617100371747212,0.11538461538461539
COL17A1,1,1,1,0.6617100371747212,0.45
MMRN1,1,1,1,0.6617100371747212,0.11538461538461539
HAPLN1,1,1,1,0.6617100371747212,0.45
PDCD1,1,1,1,0.6617100371747212,0.45
IGLL1,1,1,1,0.6617100371747212,0.45
CAPNS2,1,1,1,0.6617100371747212,0.45
IL1B,1,1,1,0.6617100371747212,0.45
MMP27,1,1,1,0.6617100371747212,0.11538461538461539
MMP10,1,1,1,0.6617100371747212,0.11538461538461539
ARG1,1,1,1,0.6617100371747212,0.0
NLGN4Y,1,1,1,0.6617100371747212,0.4
TP63,1,1,1,0.6617100371747212,0.4
PLAC9,1,1,1,0.6617100371747212,0.4
RHOV,1,1,1,0.6617100371747212,0.4
DERL3,1,1,1,0.6617100371747212,0.16666666666666666
TNFRSF17,1,1,1,0.6617100371747212,0.16666666666666666
MZB1,1,1,1,0.6617100371747212,0.16666666666666666
CD79A,1,1,1,0.6617100371747212,0.16666666666666666
FCRL5,1,1,1,0.6617100371747212,0.16666666666666666
CES1,1,1,1,0.6617100371747212,0.4
DSC1,1,1,1,0.6617100371747212,0.4
CLDN1,1,1,1,0.6617100371747212,0.4
CXCL5,1,1,1,0.6617100371747212,0.4
CD207,1,1,1,0.6617100371747212,0.4
NDUFA4L2,1,1,1,0.6617100371747212,0.3333333333333333
ASPN,1,1,1,0.6617100371747212,0.3333333333333333
FABP4,1,1,1,0.6617100371747212,0.3333333333333333
PDPN,1,1,1,0.6617100371747212,0.3333333333333333
FCER1A,1,1,1,0.6617100371747212,0.3333333333333333
CD1A,1,1,1,0.6617100371747212,0.3333333333333333
SFRP1,1,1,1,0.6617100371747212,0.0
LAMB3,1,1,1,0.6617100371747212,0.12
CXCR3,1,1,1,0.6617100371747212,0.12
MT1F,1,1,1,0.6617100371747212,0.12
MS4A1,1,1,1,0.6617100371747212,0.3333333333333333
TFPI2,1,1,1,0.6617100371747212,0.3333333333333333
NGFR,1,1,1,0.6617100371747212,0.12
FBLN1,1,1,1,0.6617100371747212,0.0
COMP,1,1,1,0.6617100371747212,0.0
AHNAK2,1,1,1,0.6617100371747212,0.4
MFAP5,1,1,1,0.6617100371747212,0.037037037037037035
MMP9,1,1,1,0.6617100371747212,0.12
TMEM150C,1,1,1,0.6617100371747212,0.12
KLRB1,1,1,1,0.6617100371747212,0.12
AREG,1,1,1,0.6617100371747212,0.12
IL32,1,1,1,0.6617100371747212,0.4
S100A14,1,1,1,0.6617100371747212,0.4
MAL2,1,1,1,0.6617100371747212,0.4
KRT15,1,1,1,0.6617100371747212,0.4
DSP,1,1,1,0.6617100371747212,0.4
KRT5,1,1,1,0.6617100371747212,0.4
KRT16,1,1,1,0.6617100371747212,0.4
KRT17,1,1,1,0.6617100371747212,0.4
CCR2,1,1,1,0.6617100371747212,0.037037037037037035
CCL19,1,1,1,0.6617100371747212,0.4
IGFBP2,1,1,1,0.6617100371747212,0.4
ITGA8,1,1,1,0.6617100371747212,0.4
ACTA2,1,1,1,0.6617100371747212,0.4
BCAN,1,1,1,0.6617100371747212,0.037037037037037035
DMKN,1,1,1,0.6617100371747212,0.037037037037037035
GATA2,1,1,1,0.6617100371747212,0.1111111111111111
AQP3,1,1,1,0.6617100371747212,0.4
SBSN,1,1,1,0.6617100371747212,0.4
MPZ,1,1,1,0.6617100371747212,0.4
TACSTD2,1,1,1,0.6617100371747212,0.1111111111111111
CBFA2T3,1,1,1,0.6617100371747212,0.1111111111111111
CLEC9A,1,1,1,0.6617100371747212,0.1111111111111111
LEPR,1,1,1,0.6617100371747212,0.4
AKR1C1,1,1,1,0.6617100371747212,0.4
SOX17,1,1,1,0.6617100371747212,0.07142857142857142
IL6,1,1,1,0.6617100371747212,0.1111111111111111
CCR7,1,1,1,0.6617100371747212,0.09375
GPR157,1,1,1,0.6617100371747212,0.09375
AZGP1,1,1,1,0.6617100371747212,0.0
CXCL2,1,1,1,0.6617100371747212,0.09375
CXCL1,1,1,1,0.6617100371747212,0.09375
IL7R,1,1,1,0.6617100371747212,0.0
FOXP3,1,1,1,0.6617100371747212,0.02857142857142857
IL2RA,1,1,1,0.6617100371747212,0.02857142857142857
SOSTDC1,1,1,1,0.6617100371747212,0.1111111111111111
CSPG4,1,1,1,0.6617100371747212,0.1111111111111111
KRT2,1,1,1,0.6617100371747212,0.1111111111111111
PTGER3,1,1,1,0.6617100371747212,0.07142857142857142
FRZB,1,1,1,0.6617100371747212,0.07142857142857142
TAGLN,1,1,1,0.6617100371747212,0.15384615384615385
BHLHE41,1,1,1,0.6617100371747212,0.15384615384615385
CRABP2,1,1,1,0.6617100371747212,0.15384615384615385
TFPI,1,1,1,0.6617100371747212,0.15384615384615385
IGFBP3,1,1,1,0.6617100371747212,0.19444444444444445
MFAP4,1,1,1,0.6617100371747212,0.15384615384615385
GEM,1,1,1,0.6617100371747212,0.19444444444444445
SOD3,1,1,1,0.6617100371747212,0.19444444444444445
C3,1,1,1,0.6617100371747212,0.19444444444444445
SPRY1,1,1,1,0.6617100371747212,0.19444444444444445
IGFBP5,1,1,1,0.6617100371747212,0.19444444444444445
INHBA,1,1,1,0.6617100371747212,0.19444444444444445
SFRP2,1,1,1,0.6617100371747212,0.03125
CCL2,1,1,1,0.6617100371747212,0.19444444444444445
PTN,1,1,1,0.6617100371747212,0.03125
APOD,1,1,1,0.6617100371747212,0.8947368421052632
SERPING1,1,1,1,0.6617100371747212,0.8947368421052632
PTGDS,1,1,1,0.6617100371747212,0.8947368421052632
THY1,1,1,1,0.6617100371747212,0.8947368421052632
THBS2,1,1,1,0.6617100371747212,0.8947368421052632
PDGFRA,1,1,1,0.6617100371747212,0.8947368421052632
FAP,1,1,1,0.6617100371747212,0.8947368421052632
TNC,1,1,1,0.6617100371747212,0.8947368421052632
LUM,1,1,1,0.6617100371747212,0.8947368421052632
VCAN,1,1,1,0.6617100371747212,0.8947368421052632
MMP2,1,1,1,0.6617100371747212,0.8947368421052632
COL5A2,1,1,1,0.6617100371747212,0.8947368421052632
PDGFRB,1,1,1,0.6617100371747212,0.8947368421052632
COL6A2,1,1,1,0.6617100371747212,0.8947368421052632
FN1,1,1,1,0.6617100371747212,0.8947368421052632
POSTN,1,1,1,0.6617100371747212,0.8947368421052632
COL6A1,1,1,1,0.6617100371747212,0.8947368421052632
COL6A3,1,1,1,0.6617100371747212,0.8947368421052632
NR2F2,1,1,1,0.6617100371747212,0.13513513513513514
FSCN1,1,1,1,0.6617100371747212,0.13513513513513514
GPR4,1,1,1,0.6617100371747212,0.13513513513513514
IL3RA,1,1,1,0.6617100371747212,0.13513513513513514
RGCC,1,1,1,0.6617100371747212,0.13513513513513514
SYNPO2,1,1,1,0.6617100371747212,0.13513513513513514
CPE,1,1,1,0.6617100371747212,0.5714285714285714
MYL9,1,1,1,0.6617100371747212,0.5714285714285714
NOTCH3,1,1,1,0.6617100371747212,0.5714285714285714
RGS5,1,1,1,0.6617100371747212,0.5714285714285714
MGP,1,1,1,0.6617100371747212,0.5714285714285714
MYCT1,1,1,1,0.6617100371747212,0.5714285714285714
TM4SF1,1,1,1,0.6617100371747212,0.5714285714285714
RAMP2,1,1,1,0.6617100371747212,0.5714285714285714
ITGA5,1,1,1,0.6617100371747212,0.5714285714285714
ECSCR,1,1,1,0.6617100371747212,0.5714285714285714
IGFBP7,1,1,1,0.6617100371747212,0.5714285714285714
CD93,1,1,1,0.6617100371747212,0.5714285714285714
VWF,1,1,1,0.6617100371747212,0.5714285714285714
CXCL12,1,1,1,0.6617100371747212,0.5714285714285714
PECAM1,1,1,1,0.6617100371747212,0.5714285714285714
SPARCL1,1,1,1,0.6617100371747212,0.5714285714285714
CALCRL,1,1,1,0.6617100371747212,0.5714285714285714
AQP1,1,1,1,0.6617100371747212,0.5714285714285714
CD34,1,1,1,0.6617100371747212,0.5714285714285714
PLVAP,1,1,1,0.6617100371747212,0.5714285714285714
CDH5,1,1,1,0.6617100371747212,0.5714285714285714
IDO1,1,1,1,0.6617100371747212,0.5769230769230769
BCL2A1,1,1,1,0.6617100371747212,0.0
AIM2,1,1,1,0.6617100371747212,0.5769230769230769
C5AR1,1,1,1,0.6617100371747212,0.5769230769230769
IL10,1,1,1,0.6617100371747212,0.5769230769230769
CD274,1,1,1,0.6617100371747212,0.5769230769230769
TNF,1,1,1,0.6617100371747212,0.5769230769230769
NFKBIZ,1,1,1,0.6617100371747212,0.5769230769230769
LGALS2,1,1,1,0.6617100371747212,0.5769230769230769
CLEC10A,1,1,1,0.6617100371747212,0.5769230769230769
CD1C,1,1,1,0.6617100371747212,0.5769230769230769
C15orf48,1,1,1,0.6617100371747212,0.5769230769230769
CXCR4,1,1,1,0.6617100371747212,0.02857142857142857
GPR183,1,1,1,0.6617100371747212,0.02857142857142857
BIRC3,1,1,1,0.6617100371747212,0.5769230769230769
S100A4,1,1,1,0.6617100371747212,0.0
CXCL11,1,1,1,0.6617100371747212,0.0
CCL8,1,1,1,0.6617100371747212,0.5769230769230769
IRF5,1,1,1,0.6617100371747212,0.5769230769230769
MNDA,1,1,1,0.6617100371747212,0.5769230769230769
TGFB1,1,1,1,0.6617100371747212,0.5769230769230769
LST1,1,1,1,0.6617100371747212,0.75
PDCD1LG2,1,1,1,0.6617100371747212,0.75
IRF1,1,1,1,0.6617100371747212,0.75
LGALS9,1,1,1,0.6617100371747212,0.75
CD83,1,1,1,0.6617100371747212,0.0
TSPAN33,1,1,1,0.6617100371747212,0.75
RGS1,1,1,1,0.6617100371747212,0.75
BASP1,1,1,1,0.6617100371747212,0.75
IL4I1,1,1,1,0.6617100371747212,0.75
COTL1,1,1,1,0.6617100371747212,0.75
ARHGDIB,1,1,1,0.6617100371747212,0.75
IRF8,1,1,1,0.6617100371747212,0.75
WDFY4,1,1,1,0.6617100371747212,0.75
RNASE1,1,1,1,0.6617100371747212,0.0
CTSL,1,1,1,0.6617100371747212,0.75
CXCL10,1,1,1,0.6617100371747212,0.0
TYROBP,1,1,1,0.6617100371747212,0.8947368421052632
CD4,1,1,1,0.6617100371747212,0.8947368421052632
TMEM176A,1,1,1,0.6617100371747212,0.8947368421052632
AXL,1,1,1,0.6617100371747212,0.8947368421052632
ITGAX,1,1,1,0.6617100371747212,0.8947368421052632
CPVL,1,1,1,0.6617100371747212,0.8947368421052632
LYZ,1,1,1,0.6617100371747212,0.8947368421052632
HLA-DPB1,1,1,1,0.6617100371747212,0.8947368421052632
AIF1,1,1,1,0.6617100371747212,0.8947368421052632
C3AR1,1,1,1,0.6617100371747212,0.8947368421052632
CD14,1,1,1,0.6617100371747212,0.8947368421052632
SLC8A1,1,1,1,0.6617100371747212,0.8947368421052632
CD163,1,1,1,0.6617100371747212,0.8947368421052632
CSF1R,1,1,1,0.6617100371747212,0.8947368421052632
CTSZ,1,1,1,0.6617100371747212,0.8947368421052632
C1QA,1,1,1,0.6617100371747212,0.8947368421052632
FCER1G,1,1,1,0.6617100371747212,0.8947368421052632
CD68,1,1,1,0.6617100371747212,0.8947368421052632
SELL,1,1,1,0.6617100371747212,0.6956521739130435
GZMK,1,1,1,0.6617100371747212,0.6956521739130435
KLRG1,1,1,1,0.6617100371747212,0.6956521739130435
CD69,1,1,1,0.6617100371747212,0.0
KLRD1,1,1,1,0.6617100371747212,0.6956521739130435
CXCL13,1,1,1,0.6617100371747212,0.6956521739130435
ITM2A,1,1,1,0.6617100371747212,0.6956521739130435
GIMAP7,1,1,1,0.6617100371747212,0.6956521739130435
CTSW,1,1,1,0.6617100371747212,0.6956521739130435
DUSP2,1,1,1,0.6617100371747212,0.6956521739130435
CTLA4,1,1,1,0.6617100371747212,0.6956521739130435
IFNG,1,1,1,0.6617100371747212,0.6956521739130435
CCL4,1,1,1,0.6617100371747212,0.6956521739130435
CCL3,1,1,1,0.6617100371747212,0.6956521739130435
CD52,1,1,1,0.6617100371747212,0.6956521739130435
PTPRCAP,1,1,1,0.6617100371747212,0.6956521739130435
LCK,1,1,1,0.6617100371747212,0.6956521739130435
ALOX5AP,1,1,1,0.6617100371747212,0.6956521739130435
AKAP5,1,1,1,0.6617100371747212,0.8666666666666667
NKG7,1,1,1,0.6617100371747212,0.8666666666666667
CD27,1,1,1,0.6617100371747212,0.8666666666666667
CST7,1,1,1,0.6617100371747212,0.8666666666666667
GNLY,1,1,1,0.6617100371747212,0.0
TIGIT,1,1,1,0.6617100371747212,0.8666666666666667
CD3G,1,1,1,0.6617100371747212,0.8666666666666667
LAG3,1,1,1,0.6617100371747212,0.8666666666666667
CD3E,1,1,1,0.6617100371747212,0.8666666666666667
CD3D,1,1,1,0.6617100371747212,0.8666666666666667
GZMB,1,1,1,0.6617100371747212,0.8666666666666667
CD8A,1,1,1,0.6617100371747212,0.8666666666666667
PRF1,1,1,1,0.6617100371747212,0.8666666666666667
CCL5,1,1,1,0.6617100371747212,0.8666666666666667
GZMA,1,1,1,0.6617100371747212,0.8666666666666667
ID2,1,1,1,0.6617100371747212,0.045454545454545456
HAVCR2,1,1,1,0.6617100371747212,0.045454545454545456
MIA,1,1,1,0.6617100371747212,0.21212121212121213
PROX1,1,1,1,0.6617100371747212,0.21212121212121213
PKIB,1,1,1,0.6617100371747212,0.21212121212121213
INSIG1,1,1,1,0.6617100371747212,0.21212121212121213
KRT18,1,1,1,0.6617100371747212,0.46153846153846156
LYPD3,1,1,1,0.6617100371747212,0.21212121212121213
ITGAE,1,1,1,0.6617100371747212,0.21212121212121213
TCF7,1,1,1,0.6617100371747212,0.045454545454545456
HES1,1,1,1,0.6617100371747212,0.46153846153846156
SLC2A3,1,1,1,0.6617100371747212,0.46153846153846156
ATF3,1,1,1,0.6617100371747212,0.46153846153846156
NR4A2,1,1,1,0.6617100371747212,0.21212121212121213
ENPP1,1,1,1,0.6617100371747212,0.21212121212121213
TMEM45A,1,1,1,0.6617100371747212,0.46153846153846156
C1orf54,1,1,1,0.6617100371747212,0.46153846153846156
KRT1,1,1,1,0.6617100371747212,0.46153846153846156
ZNF667-AS1,1,1,1,0.6617100371747212,0.46153846153846156
FKBP8,1,1,1,0.6617100371747212,0.46153846153846156
C11orf96,1,1,1,0.6617100371747212,0.46153846153846156
SLC25A37,1,1,1,0.6617100371747212,0.46153846153846156
PBXIP1,1,1,1,0.6617100371747212,0.46153846153846156
DCT,1,1,1,0.6617100371747212,0.0
ENTPD1,1,1,1,0.6617100371747212,0.46153846153846156
CXADR,1,1,1,0.6617100371747212,0.037037037037037035
MEF2C,1,1,1,0.6617100371747212,0.037037037037037035
VEGFA,1,1,1,0.6617100371747212,0.75
ETV1,1,1,1,0.6617100371747212,0.75
CDC20,1,1,1,0.6617100371747212,0.75
ADAM12,1,1,1,0.6617100371747212,0.75
PTCH1,1,1,1,0.6617100371747212,0.75
TUBB2B,1,1,1,0.6617100371747212,0.75
CCND3,1,1,1,0.6617100371747212,0.75
SLC25A39,1,1,1,0.6617100371747212,0.75
KDM5B,1,1,1,0.6617100371747212,0.75
LENG8,1,1,1,0.6617100371747212,0.75
IFI27,1,1,1,0.6617100371747212,0.75
IFITM1,1,1,1,0.6617100371747212,0.75
S100A13,1,1,1,0.6617100371747212,0.75
RRM2,1,1,1,0.6617100371747212,0.8666666666666667
BIRC5,1,1,1,0.6617100371747212,0.8666666666666667
HIST1H4C,1,1,1,0.6617100371747212,0.8666666666666667
CENPF,1,1,1,0.6617100371747212,0.8666666666666667
UBE2C,1,1,1,0.6617100371747212,0.8666666666666667
CDK1,1,1,1,0.6617100371747212,0.8666666666666667
PTTG1,1,1,1,0.6617100371747212,0.8666666666666667
NUSAP1,1,1,1,0.6617100371747212,0.8666666666666667
HMGN2,1,1,1,0.6617100371747212,0.8666666666666667
TYMS,1,1,1,0.6617100371747212,0.8666666666666667
MKI67,1,1,1,0.6617100371747212,0.8666666666666667
HMGB2,1,1,1,0.6617100371747212,0.8666666666666667
TOP2A,1,1,1,0.6617100371747212,0.8666666666666667
CDH2,1,1,1,0.6617100371747212,0.0
ID4,1,1,1,0.6617100371747212,0.8666666666666667
PTGR1,1,1,1,0.6617100371747212,0.9795918367346939
RASSF8,1,1,1,0.6617100371747212,0.9795918367346939
FAM210B,1,1,1,0.6617100371747212,0.9795918367346939
GNG11,1,1,1,0.6617100371747212,0.9795918367346939
HTRA1,1,1,1,0.6617100371747212,0.9795918367346939
STRADB,1,1,1,0.6617100371747212,0.9795918367346939
CALD1,1,1,1,0.6617100371747212,0.9795918367346939
TSC22D1,1,1,1,0.6617100371747212,0.9795918367346939
PTEN,1,1,1,0.6617100371747212,0.9795918367346939
CD276,1,1,1,0.6617100371747212,0.9795918367346939
ITGA6,1,1,1,0.6617100371747212,0.9795918367346939
PCDH7,1,1,1,0.6617100371747212,0.9795918367346939
ENAH,1,1,1,0.6617100371747212,0.9795918367346939
LSAMP,1,1,1,0.6617100371747212,0.9795918367346939
PERP,1,1,1,0.6617100371747212,0.9795918367346939
IRF4,1,1,1,0.6617100371747212,0.9795918367346939
DST,1,1,1,0.6617100371747212,0.9795918367346939
KIT,1,1,1,0.6617100371747212,0.9795918367346939
MYC,1,1,1,0.6617100371747212,0.9795918367346939
NRP2,1,1,1,0.6617100371747212,0.9795918367346939
GYPC,1,1,1,0.6617100371747212,0.9795918367346939
S100B,1,1,1,0.6617100371747212,0.9795918367346939
CRYAB,1,1,1,0.6617100371747212,0.9795918367346939
IFI6,1,1,1,0.6617100371747212,0.9795918367346939
STMN1,1,1,1,0.6617100371747212,0.0
CYB561A3,1,1,1,0.6617100371747212,0.9795918367346939
NSG1,1,1,1,0.6617100371747212,0.9795918367346939
PLP1,1,1,1,0.6617100371747212,0.9795918367346939
SOX10,1,1,1,0.6617100371747212,0.9795918367346939
TBC1D7,1,1,1,0.6617100371747212,0.9795918367346939
ITGB1,1,1,1,0.6617100371747212,0.9795918367346939
SNCA,1,1,1,0.6617100371747212,0.9795918367346939
TRPM1,1,1,1,0.6617100371747212,0.9795918367346939
TFAP2A,1,1,1,0.6617100371747212,0.9795918367346939
TFAP2B,1,1,1,0.6617100371747212,0.9795918367346939
CCND1,1,1,1,0.6617100371747212,0.9795918367346939
MITF,1,1,1,0.6617100371747212,0.9795918367346939
EDNRB,1,1,1,0.6617100371747212,0.9795918367346939
FBXO7,1,1,1,0.6617100371747212,0.9795918367346939
MARCKSL1,1,1,1,0.6617100371747212,0.9795918367346939
CTNNB1,1,1,1,0.6617100371747212,0.9795918367346939
APCDD1,1,1,1,0.6617100371747212,0.9795918367346939
SERPINE2,1,1,1,0.6617100371747212,0.9795918367346939
MLANA,1,1,1,0.6617100371747212,0.9795918367346939
TYR,1,1,1,0.6617100371747212,0.9795918367346939
QPCT,1,1,1,0.6617100371747212,0.9795918367346939
VIM,1,1,1,0.6617100371747212,0.9795918367346939
CD63,1,1,1,0.6617100371747212,0.9795918367346939
TYRP1,1,1,1,0.6617100371747212,0.9795918367346939
PMEL,1,1,1,0.6617100371747212,0.9795918367346939
TNFRSF18,1,2,1,0.7768595041322314,0.7272727272727273
MT1A,1,2,1,0.7768595041322314,0.7272727272727273
DEFB1,1,2,1,0.7768595041322314,0.7272727272727273
IL33,1,2,1,0.7768595041322314,0.7272727272727273
LY6D,1,2,1,0.7768595041322314,0.7272727272727273
HBE1,1,2,1,0.7768595041322314,0.7272727272727273
TFF3,1,2,1,0.7768595041322314,0.7272727272727273
RGS16,1,2,1,0.7768595041322314,0.7272727272727273
WIF1,1,2,1,0.7768595041322314,0.7272727272727273
MT1G,1,2,1,0.7768595041322314,0.7272727272727273
ALAS2,1,2,1,0.7768595041322314,0.7272727272727273
KRTDAP,1,2,1,0.7768595041322314,0.7272727272727273
PPP1R14A,1,2,1,0.7768595041322314,0.7272727272727273
AHSP,1,2,1,0.7768595041322314,0.7272727272727273
MYOC,1,2,1,0.7768595041322314,0.7272727272727273
SERPINB2,1,2,1,0.7768595041322314,0.7272727272727273
CA1,1,2,1,0.7768595041322314,0.7272727272727273
SCGB1B2P,1,2,1,0.7768595041322314,0.16129032258064516
ACER1,1,2,1,0.7768595041322314,0.16129032258064516
SLPI,1,2,1,0.7768595041322314,0.16129032258064516
G0S2,1,2,1,0.7768595041322314,0.16129032258064516
HBD,1,2,1,0.7768595041322314,0.16129032258064516
COCH,1,2,1,0.7768595041322314,0.16129032258064516
CD1B,1,2,1,0.7768595041322314,0.4
MYH11,1,2,1,0.7768595041322314,0.4
MIR205HG,1,2,1,0.7768595041322314,0.4
ACHE,1,2,1,0.7768595041322314,0.4
SOX15,1,2,1,0.7768595041322314,0.4
CLDN4,1,2,1,0.7768595041322314,0.4
CR2,1,2,1,0.7768595041322314,0.4
LYVE1,1,2,1,0.7768595041322314,0.4
SELE,1,2,1,0.7768595041322314,0.4
CLDN5,1,2,1,0.7768595041322314,0.21739130434782608
LOR,1,2,1,0.7768595041322314,0.21739130434782608
CD40LG,1,2,1,0.7768595041322314,0.21739130434782608
IL17A,1,2,1,0.7768595041322314,0.21739130434782608
CCL22,1,2,1,0.7768595041322314,0.21739130434782608
PKHD1L1,1,2,1,0.7768595041322314,0.21739130434782608
MT1X,1,2,1,0.7768595041322314,0.38095238095238093
NMB,1,2,1,0.7768595041322314,0.38095238095238093
FGFBP1,1,2,1,0.7768595041322314,0.38095238095238093
LINC00636,1,2,1,0.7768595041322314,0.38095238095238093
FCER2,1,2,1,0.7768595041322314,0.38095238095238093
SERPINB5,1,2,1,0.7768595041322314,0.2608695652173913
LTB,1,2,1,0.7768595041322314,0.38095238095238093
COL17A1,1,2,1,0.7768595041322314,0.2608695652173913
MMRN1,1,2,1,0.7768595041322314,0.2608695652173913
HAPLN1,1,2,1,0.7768595041322314,0.38095238095238093
PDCD1,1,2,1,0.7768595041322314,0.2608695652173913
IGLL1,1,2,1,0.7768595041322314,0.38095238095238093
CAPNS2,1,2,1,0.7768595041322314,0.38095238095238093
IL1B,1,2,1,0.7768595041322314,0.2608695652173913
MMP27,1,2,1,0.7768595041322314,0.2608695652173913
MMP10,1,2,1,0.7768595041322314,0.2608695652173913
ARG1,1,2,1,0.7768595041322314,0.2727272727272727
NLGN4Y,1,2,1,0.7768595041322314,0.2727272727272727
TP63,1,2,1,0.7768595041322314,0.2727272727272727
PLAC9,1,2,1,0.7768595041322314,0.2727272727272727
RHOV,1,2,1,0.7768595041322314,0.2727272727272727
DERL3,1,2,1,0.7768595041322314,0.3333333333333333
TNFRSF17,1,2,1,0.7768595041322314,0.3333333333333333
MZB1,1,2,1,0.7768595041322314,0.3333333333333333
CD79A,1,2,1,0.7768595041322314,0.3333333333333333
FCRL5,1,2,1,0.7768595041322314,0.3333333333333333
CES1,1,2,1,0.7768595041322314,0.2727272727272727
DSC1,1,2,1,0.7768595041322314,0.2727272727272727
CLDN1,1,2,1,0.7768595041322314,0.3333333333333333
CXCL5,1,2,1,0.7768595041322314,0.3333333333333333
CD207,1,2,1,0.7768595041322314,0.3333333333333333
NDUFA4L2,1,2,1,0.7768595041322314,0.2727272727272727
ASPN,1,2,1,0.7768595041322314,0.2727272727272727
FABP4,1,2,1,0.7768595041322314,0.2727272727272727
PDPN,1,2,1,0.7768595041322314,0.2727272727272727
FCER1A,1,2,1,0.7768595041322314,0.2727272727272727
CD1A,1,2,1,0.7768595041322314,0.2727272727272727
SFRP1,1,2,1,0.7768595041322314,0.2727272727272727
LAMB3,1,2,1,0.7768595041322314,0.0
CXCR3,1,2,1,0.7768595041322314,0.2727272727272727
MT1F,1,2,1,0.7768595041322314,0.2727272727272727
MS4A1,1,2,1,0.7768595041322314,0.2727272727272727
TFPI2,1,2,1,0.7768595041322314,0.2727272727272727
NGFR,1,2,1,0.7768595041322314,0.2727272727272727
FBLN1,1,2,1,0.7768595041322314,0.2727272727272727
COMP,1,2,1,0.7768595041322314,0.2727272727272727
AHNAK2,1,2,1,0.7768595041322314,0.21739130434782608
MFAP5,1,2,1,0.7768595041322314,0.21739130434782608
MMP9,1,2,1,0.7768595041322314,0.4
TMEM150C,1,2,1,0.7768595041322314,0.21739130434782608
KLRB1,1,2,1,0.7768595041322314,0.21739130434782608
AREG,1,2,1,0.7768595041322314,0.21739130434782608
IL32,1,2,1,0.7768595041322314,0.21739130434782608
S100A14,1,2,1,0.7768595041322314,0.4
MAL2,1,2,1,0.7768595041322314,0.4
KRT15,1,2,1,0.7768595041322314,0.4
DSP,1,2,1,0.7768595041322314,0.4
KRT5,1,2,1,0.7768595041322314,0.4
KRT16,1,2,1,0.7768595041322314,0.4
KRT17,1,2,1,0.7768595041322314,0.4
CCR2,1,2,1,0.7768595041322314,0.4
CCL19,1,2,1,0.7768595041322314,0.2608695652173913
IGFBP2,1,2,1,0.7768595041322314,0.16666666666666666
ITGA8,1,2,1,0.7768595041322314,0.037037037037037035
ACTA2,1,2,1,0.7768595041322314,0.037037037037037035
BCAN,1,2,1,0.7768595041322314,0.2608695652173913
DMKN,1,2,1,0.7768595041322314,0.2608695652173913
GATA2,1,2,1,0.7768595041322314,0.0
AQP3,1,2,1,0.7768595041322314,0.16666666666666666
SBSN,1,2,1,0.7768595041322314,0.2608695652173913
MPZ,1,2,1,0.7768595041322314,0.2608695652173913
TACSTD2,1,2,1,0.7768595041322314,0.16666666666666666
CBFA2T3,1,2,1,0.7768595041322314,0.16666666666666666
CLEC9A,1,2,1,0.7768595041322314,0.16666666666666666
LEPR,1,2,1,0.7768595041322314,0.2608695652173913
AKR1C1,1,2,1,0.7768595041322314,0.2608695652173913
SOX17,1,2,1,0.7768595041322314,0.0
IL6,1,2,1,0.7768595041322314,0.38095238095238093
CCR7,1,2,1,0.7768595041322314,0.0
GPR157,1,2,1,0.7768595041322314,0.0
AZGP1,1,2,1,0.7768595041322314,0.38095238095238093
CXCL2,1,2,1,0.7768595041322314,0.38095238095238093
CXCL1,1,2,1,0.7768595041322314,0.38095238095238093
IL7R,1,2,1,0.7768595041322314,0.0
FOXP3,1,2,1,0.7768595041322314,0.38095238095238093
IL2RA,1,2,1,0.7768595041322314,0.38095238095238093
SOSTDC1,1,2,1,0.7768595041322314,0.38095238095238093
CSPG4,1,2,1,0.7768595041322314,0.38095238095238093
KRT2,1,2,1,0.7768595041322314,0.38095238095238093
PTGER3,1,2,1,0.7768595041322314,0.037037037037037035
FRZB,1,2,1,0.7768595041322314,0.037037037037037035
TAGLN,1,2,1,0.7768595041322314,0.16666666666666666
BHLHE41,1,2,1,0.7768595041322314,0.16666666666666666
CRABP2,1,2,1,0.7768595041322314,0.16666666666666666
TFPI,1,2,1,0.7768595041322314,0.2727272727272727
IGFBP3,1,2,1,0.7768595041322314,0.16666666666666666
MFAP4,1,2,1,0.7768595041322314,0.16666666666666666
GEM,1,2,1,0.7768595041322314,0.2727272727272727
SOD3,1,2,1,0.7768595041322314,0.2727272727272727
C3,1,2,1,0.7768595041322314,0.2727272727272727
SPRY1,1,2,1,0.7768595041322314,0.2727272727272727
IGFBP5,1,2,1,0.7768595041322314,0.2727272727272727
INHBA,1,2,1,0.7768595041322314,0.2727272727272727
SFRP2,1,2,1,0.7768595041322314,0.2727272727272727
CCL2,1,2,1,0.7768595041322314,0.2727272727272727
PTN,1,2,1,0.7768595041322314,0.2727272727272727
APOD,1,2,1,0.7768595041322314,0.0
SERPING1,1,2,1,0.7768595041322314,0.8421052631578947
PTGDS,1,2,1,0.7768595041322314,0.8421052631578947
THY1,1,2,1,0.7768595041322314,0.8421052631578947
THBS2,1,2,1,0.7768595041322314,0.8421052631578947
PDGFRA,1,2,1,0.7768595041322314,0.8421052631578947
FAP,1,2,1,0.7768595041322314,0.8421052631578947
TNC,1,2,1,0.7768595041322314,0.8421052631578947
LUM,1,2,1,0.7768595041322314,0.8421052631578947
VCAN,1,2,1,0.7768595041322314,0.8421052631578947
MMP2,1,2,1,0.7768595041322314,0.8421052631578947
COL5A2,1,2,1,0.7768595041322314,0.8421052631578947
PDGFRB,1,2,1,0.7768595041322314,0.8421052631578947
COL6A2,1,2,1,0.7768595041322314,0.8421052631578947
FN1,1,2,1,0.7768595041322314,0.8421052631578947
POSTN,1,2,1,0.7768595041322314,0.8421052631578947
COL6A1,1,2,1,0.7768595041322314,0.8421052631578947
COL6A3,1,2,1,0.7768595041322314,0.8421052631578947
NR2F2,1,2,1,0.7768595041322314,0.21212121212121213
FSCN1,1,2,1,0.7768595041322314,0.21212121212121213
GPR4,1,2,1,0.7768595041322314,0.21212121212121213
IL3RA,1,2,1,0.7768595041322314,0.21212121212121213
RGCC,1,2,1,0.7768595041322314,0.21212121212121213
SYNPO2,1,2,1,0.7768595041322314,0.21212121212121213
CPE,1,2,1,0.7768595041322314,0.023255813953488372
MYL9,1,2,1,0.7768595041322314,0.21212121212121213
NOTCH3,1,2,1,0.7768595041322314,0.023255813953488372
RGS5,1,2,1,0.7768595041322314,0.42105263157894735
MGP,1,2,1,0.7768595041322314,0.21212121212121213
MYCT1,1,2,1,0.7768595041322314,0.42105263157894735
TM4SF1,1,2,1,0.7768595041322314,0.42105263157894735
RAMP2,1,2,1,0.7768595041322314,0.42105263157894735
ITGA5,1,2,1,0.7768595041322314,0.42105263157894735
ECSCR,1,2,1,0.7768595041322314,0.42105263157894735
IGFBP7,1,2,1,0.7768595041322314,0.42105263157894735
CD93,1,2,1,0.7768595041322314,0.42105263157894735
VWF,1,2,1,0.7768595041322314,0.42105263157894735
CXCL12,1,2,1,0.7768595041322314,0.42105263157894735
PECAM1,1,2,1,0.7768595041322314,0.42105263157894735
SPARCL1,1,2,1,0.7768595041322314,0.42105263157894735
CALCRL,1,2,1,0.7768595041322314,0.42105263157894735
AQP1,1,2,1,0.7768595041322314,0.42105263157894735
CD34,1,2,1,0.7768595041322314,0.42105263157894735
PLVAP,1,2,1,0.7768595041322314,0.42105263157894735
CDH5,1,2,1,0.7768595041322314,0.42105263157894735
IDO1,1,2,1,0.7768595041322314,0.7619047619047619
BCL2A1,1,2,1,0.7768595041322314,0.7619047619047619
AIM2,1,2,1,0.7768595041322314,0.023255813953488372
C5AR1,1,2,1,0.7768595041322314,0.7619047619047619
IL10,1,2,1,0.7768595041322314,0.7619047619047619
CD274,1,2,1,0.7768595041322314,0.7619047619047619
TNF,1,2,1,0.7768595041322314,0.7619047619047619
NFKBIZ,1,2,1,0.7768595041322314,0.7619047619047619
LGALS2,1,2,1,0.7768595041322314,0.7619047619047619
CLEC10A,1,2,1,0.7768595041322314,0.7619047619047619
CD1C,1,2,1,0.7768595041322314,0.7619047619047619
C15orf48,1,2,1,0.7768595041322314,0.7619047619047619
CXCR4,1,2,1,0.7768595041322314,0.023255813953488372
GPR183,1,2,1,0.7768595041322314,0.7619047619047619
BIRC3,1,2,1,0.7768595041322314,0.7619047619047619
S100A4,1,2,1,0.7768595041322314,0.0
CXCL11,1,2,1,0.7768595041322314,0.7619047619047619
CCL8,1,2,1,0.7768595041322314,0.7619047619047619
IRF5,1,2,1,0.7768595041322314,0.7619047619047619
MNDA,1,2,1,0.7768595041322314,0.0
TGFB1,1,2,1,0.7768595041322314,0.7619047619047619
LST1,1,2,1,0.7768595041322314,0.0
PDCD1LG2,1,2,1,0.7768595041322314,0.6470588235294118
IRF1,1,2,1,0.7768595041322314,0.6470588235294118
LGALS9,1,2,1,0.7768595041322314,0.6470588235294118
CD83,1,2,1,0.7768595041322314,0.6470588235294118
TSPAN33,1,2,1,0.7768595041322314,0.6470588235294118
RGS1,1,2,1,0.7768595041322314,0.0
BASP1,1,2,1,0.7768595041322314,0.6470588235294118
IL4I1,1,2,1,0.7768595041322314,0.6470588235294118
COTL1,1,2,1,0.7768595041322314,0.6470588235294118
ARHGDIB,1,2,1,0.7768595041322314,0.6470588235294118
IRF8,1,2,1,0.7768595041322314,0.6470588235294118
WDFY4,1,2,1,0.7768595041322314,0.6470588235294118
RNASE1,1,2,1,0.7768595041322314,0.0
CTSL,1,2,1,0.7768595041322314,0.6470588235294118
CXCL10,1,2,1,0.7768595041322314,0.03225806451612903
TYROBP,1,2,1,0.7768595041322314,0.8421052631578947
CD4,1,2,1,0.7768595041322314,0.8421052631578947
TMEM176A,1,2,1,0.7768595041322314,0.8421052631578947
AXL,1,2,1,0.7768595041322314,0.8421052631578947
ITGAX,1,2,1,0.7768595041322314,0.8421052631578947
CPVL,1,2,1,0.7768595041322314,0.03225806451612903
LYZ,1,2,1,0.7768595041322314,0.8421052631578947
HLA-DPB1,1,2,1,0.7768595041322314,0.8421052631578947
AIF1,1,2,1,0.7768595041322314,0.8421052631578947
C3AR1,1,2,1,0.7768595041322314,0.8421052631578947
CD14,1,2,1,0.7768595041322314,0.8421052631578947
SLC8A1,1,2,1,0.7768595041322314,0.8421052631578947
CD163,1,2,1,0.7768595041322314,0.8421052631578947
CSF1R,1,2,1,0.7768595041322314,0.8421052631578947
CTSZ,1,2,1,0.7768595041322314,0.8421052631578947
C1QA,1,2,1,0.7768595041322314,0.8421052631578947
FCER1G,1,2,1,0.7768595041322314,0.8421052631578947
CD68,1,2,1,0.7768595041322314,0.8421052631578947
SELL,1,2,1,0.7768595041322314,0.7083333333333334
GZMK,1,2,1,0.7768595041322314,0.7083333333333334
KLRG1,1,2,1,0.7768595041322314,0.7083333333333334
CD69,1,2,1,0.7768595041322314,0.7083333333333334
KLRD1,1,2,1,0.7768595041322314,0.7083333333333334
CXCL13,1,2,1,0.7768595041322314,0.7083333333333334
ITM2A,1,2,1,0.7768595041322314,0.7083333333333334
GIMAP7,1,2,1,0.7768595041322314,0.7083333333333334
CTSW,1,2,1,0.7768595041322314,0.7083333333333334
DUSP2,1,2,1,0.7768595041322314,0.7083333333333334
CTLA4,1,2,1,0.7768595041322314,0.7083333333333334
IFNG,1,2,1,0.7768595041322314,0.7083333333333334
CCL4,1,2,1,0.7768595041322314,0.7083333333333334
CCL3,1,2,1,0.7768595041322314,0.7083333333333334
CD52,1,2,1,0.7768595041322314,0.7083333333333334
PTPRCAP,1,2,1,0.7768595041322314,0.7083333333333334
LCK,1,2,1,0.7768595041322314,0.7083333333333334
ALOX5AP,1,2,1,0.7768595041322314,0.7083333333333334
AKAP5,1,2,1,0.7768595041322314,1.0
NKG7,1,2,1,0.7768595041322314,1.0
CD27,1,2,1,0.7768595041322314,1.0
CST7,1,2,1,0.7768595041322314,1.0
GNLY,1,2,1,0.7768595041322314,1.0
TIGIT,1,2,1,0.7768595041322314,1.0
CD3G,1,2,1,0.7768595041322314,1.0
LAG3,1,2,1,0.7768595041322314,1.0
CD3E,1,2,1,0.7768595041322314,1.0
CD3D,1,2,1,0.7768595041322314,1.0
GZMB,1,2,1,0.7768595041322314,1.0
CD8A,1,2,1,0.7768595041322314,1.0
PRF1,1,2,1,0.7768595041322314,1.0
CCL5,1,2,1,0.7768595041322314,1.0
GZMA,1,2,1,0.7768595041322314,1.0
ID2,1,2,1,0.7768595041322314,0.043478260869565216
HAVCR2,1,2,1,0.7768595041322314,0.043478260869565216
MIA,1,2,1,0.7768595041322314,0.7692307692307693
PROX1,1,2,1,0.7768595041322314,0.7692307692307693
PKIB,1,2,1,0.7768595041322314,0.7692307692307693
INSIG1,1,2,1,0.7768595041322314,0.7692307692307693
KRT18,1,2,1,0.7768595041322314,0.7692307692307693
LYPD3,1,2,1,0.7768595041322314,0.7692307692307693
ITGAE,1,2,1,0.7768595041322314,0.7692307692307693
TCF7,1,2,1,0.7768595041322314,0.043478260869565216
HES1,1,2,1,0.7768595041322314,0.7692307692307693
SLC2A3,1,2,1,0.7768595041322314,0.7692307692307693
ATF3,1,2,1,0.7768595041322314,0.7692307692307693
NR4A2,1,2,1,0.7768595041322314,0.7692307692307693
ENPP1,1,2,1,0.7768595041322314,0.7692307692307693
TMEM45A,1,2,1,0.7768595041322314,0.7692307692307693
C1orf54,1,2,1,0.7768595041322314,0.7692307692307693
KRT1,1,2,1,0.7768595041322314,0.7692307692307693
ZNF667-AS1,1,2,1,0.7768595041322314,0.7692307692307693
FKBP8,1,2,1,0.7768595041322314,0.7692307692307693
C11orf96,1,2,1,0.7768595041322314,0.7692307692307693
SLC25A37,1,2,1,0.7768595041322314,0.7692307692307693
PBXIP1,1,2,1,0.7768595041322314,0.7692307692307693
DCT,1,2,1,0.7768595041322314,0.0
ENTPD1,1,2,1,0.7768595041322314,0.7692307692307693
CXADR,1,2,1,0.7768595041322314,0.8666666666666667
MEF2C,1,2,1,0.7768595041322314,0.8666666666666667
VEGFA,1,2,1,0.7768595041322314,0.0
ETV1,1,2,1,0.7768595041322314,0.8666666666666667
CDC20,1,2,1,0.7768595041322314,0.8666666666666667
ADAM12,1,2,1,0.7768595041322314,0.8666666666666667
PTCH1,1,2,1,0.7768595041322314,0.8666666666666667
TUBB2B,1,2,1,0.7768595041322314,0.8666666666666667
CCND3,1,2,1,0.7768595041322314,0.8666666666666667
SLC25A39,1,2,1,0.7768595041322314,0.8666666666666667
KDM5B,1,2,1,0.7768595041322314,0.8666666666666667
LENG8,1,2,1,0.7768595041322314,0.8666666666666667
IFI27,1,2,1,0.7768595041322314,0.8666666666666667
IFITM1,1,2,1,0.7768595041322314,0.8666666666666667
S100A13,1,2,1,0.7768595041322314,0.8666666666666667
RRM2,1,2,1,0.7768595041322314,1.0
BIRC5,1,2,1,0.7768595041322314,1.0
HIST1H4C,1,2,1,0.7768595041322314,1.0
CENPF,1,2,1,0.7768595041322314,1.0
UBE2C,1,2,1,0.7768595041322314,1.0
CDK1,1,2,1,0.7768595041322314,1.0
PTTG1,1,2,1,0.7768595041322314,1.0
NUSAP1,1,2,1,0.7768595041322314,1.0
HMGN2,1,2,1,0.7768595041322314,1.0
TYMS,1,2,1,0.7768595041322314,1.0
MKI67,1,2,1,0.7768595041322314,1.0
HMGB2,1,2,1,0.7768595041322314,1.0
TOP2A,1,2,1,0.7768595041322314,1.0
CDH2,1,2,1,0.7768595041322314,1.0
ID4,1,2,1,0.7768595041322314,1.0
PTGR1,1,2,1,0.7768595041322314,0.9607843137254902
RASSF8,1,2,1,0.7768595041322314,0.9607843137254902
FAM210B,1,2,1,0.7768595041322314,0.9607843137254902
GNG11,1,2,1,0.7768595041322314,0.9607843137254902
HTRA1,1,2,1,0.7768595041322314,0.9607843137254902
STRADB,1,2,1,0.7768595041322314,0.9607843137254902
CALD1,1,2,1,0.7768595041322314,0.9607843137254902
TSC22D1,1,2,1,0.7768595041322314,0.9607843137254902
PTEN,1,2,1,0.7768595041322314,0.9607843137254902
CD276,1,2,1,0.7768595041322314,0.9607843137254902
ITGA6,1,2,1,0.7768595041322314,0.9607843137254902
PCDH7,1,2,1,0.7768595041322314,0.9607843137254902
ENAH,1,2,1,0.7768595041322314,0.9607843137254902
LSAMP,1,2,1,0.7768595041322314,0.9607843137254902
PERP,1,2,1,0.7768595041322314,0.9607843137254902
IRF4,1,2,1,0.7768595041322314,0.9607843137254902
DST,1,2,1,0.7768595041322314,0.9607843137254902
KIT,1,2,1,0.7768595041322314,0.9607843137254902
MYC,1,2,1,0.7768595041322314,0.9607843137254902
NRP2,1,2,1,0.7768595041322314,0.9607843137254902
GYPC,1,2,1,0.7768595041322314,0.9607843137254902
S100B,1,2,1,0.7768595041322314,0.9607843137254902
CRYAB,1,2,1,0.7768595041322314,0.9607843137254902
IFI6,1,2,1,0.7768595041322314,0.9607843137254902
STMN1,1,2,1,0.7768595041322314,0.9607843137254902
CYB561A3,1,2,1,0.7768595041322314,0.9607843137254902
NSG1,1,2,1,0.7768595041322314,0.9607843137254902
PLP1,1,2,1,0.7768595041322314,0.9607843137254902
SOX10,1,2,1,0.7768595041322314,0.9607843137254902
TBC1D7,1,2,1,0.7768595041322314,0.9607843137254902
ITGB1,1,2,1,0.7768595041322314,0.9607843137254902
SNCA,1,2,1,0.7768595041322314,0.9607843137254902
TRPM1,1,2,1,0.7768595041322314,0.9607843137254902
TFAP2A,1,2,1,0.7768595041322314,0.9607843137254902
TFAP2B,1,2,1,0.7768595041322314,0.9607843137254902
CCND1,1,2,1,0.7768595041322314,0.9607843137254902
MITF,1,2,1,0.7768595041322314,0.9607843137254902
EDNRB,1,2,1,0.7768595041322314,0.9607843137254902
FBXO7,1,2,1,0.7768595041322314,0.9607843137254902
MARCKSL1,1,2,1,0.7768595041322314,0.9607843137254902
CTNNB1,1,2,1,0.7768595041322314,0.9607843137254902
APCDD1,1,2,1,0.7768595041322314,0.9607843137254902
SERPINE2,1,2,1,0.7768595041322314,0.9607843137254902
MLANA,1,2,1,0.7768595041322314,0.9607843137254902
TYR,1,2,1,0.7768595041322314,0.9607843137254902
QPCT,1,2,1,0.7768595041322314,0.9607843137254902
VIM,1,2,1,0.7768595041322314,0.9607843137254902
CD63,1,2,1,0.7768595041322314,0.9607843137254902
TYRP1,1,2,1,0.7768595041322314,0.9607843137254902
PMEL,1,2,1,0.7768595041322314,0.9607843137254902
TNFRSF18,1,3,2,0.7325102880658436,0.9565217391304348
MT1A,1,3,2,0.7325102880658436,0.9565217391304348
DEFB1,1,3,2,0.7325102880658436,0.9565217391304348
IL33,1,3,2,0.7325102880658436,0.9565217391304348
LY6D,1,3,2,0.7325102880658436,0.9565217391304348
HBE1,1,3,2,0.7325102880658436,0.9565217391304348
TFF3,1,3,2,0.7325102880658436,0.9565217391304348
RGS16,1,3,2,0.7325102880658436,0.9565217391304348
WIF1,1,3,2,0.7325102880658436,0.9565217391304348
MT1G,1,3,2,0.7325102880658436,0.9565217391304348
ALAS2,1,3,2,0.7325102880658436,0.9565217391304348
KRTDAP,1,3,2,0.7325102880658436,0.9565217391304348
PPP1R14A,1,3,2,0.7325102880658436,0.9565217391304348
AHSP,1,3,2,0.7325102880658436,0.9565217391304348
MYOC,1,3,2,0.7325102880658436,0.9565217391304348
SERPINB2,1,3,2,0.7325102880658436,0.9565217391304348
CA1,1,3,2,0.7325102880658436,0.9565217391304348
SCGB1B2P,1,3,2,0.7325102880658436,0.9565217391304348
ACER1,1,3,2,0.7325102880658436,0.9565217391304348
SLPI,1,3,2,0.7325102880658436,0.9565217391304348
G0S2,1,3,2,0.7325102880658436,0.9565217391304348
HBD,1,3,2,0.7325102880658436,0.9565217391304348
COCH,1,3,2,0.7325102880658436,0.9565217391304348
CD1B,1,3,2,0.7325102880658436,0.6470588235294118
MYH11,1,3,2,0.7325102880658436,0.6470588235294118
MIR205HG,1,3,2,0.7325102880658436,0.6470588235294118
ACHE,1,3,2,0.7325102880658436,0.0
SOX15,1,3,2,0.7325102880658436,0.6470588235294118
CLDN4,1,3,2,0.7325102880658436,0.6470588235294118
CR2,1,3,2,0.7325102880658436,0.6470588235294118
LYVE1,1,3,2,0.7325102880658436,0.6470588235294118
SELE,1,3,2,0.7325102880658436,0.6470588235294118
CLDN5,1,3,2,0.7325102880658436,0.037037037037037035
LOR,1,3,2,0.7325102880658436,0.6470588235294118
CD40LG,1,3,2,0.7325102880658436,0.6470588235294118
IL17A,1,3,2,0.7325102880658436,0.037037037037037035
CCL22,1,3,2,0.7325102880658436,0.6470588235294118
PKHD1L1,1,3,2,0.7325102880658436,0.6470588235294118
MT1X,1,3,2,0.7325102880658436,0.07407407407407407
NMB,1,3,2,0.7325102880658436,0.6111111111111112
FGFBP1,1,3,2,0.7325102880658436,0.07407407407407407
LINC00636,1,3,2,0.7325102880658436,0.6111111111111112
FCER2,1,3,2,0.7325102880658436,0.6111111111111112
SERPINB5,1,3,2,0.7325102880658436,0.6111111111111112
LTB,1,3,2,0.7325102880658436,0.6111111111111112
COL17A1,1,3,2,0.7325102880658436,0.07407407407407407
MMRN1,1,3,2,0.7325102880658436,0.6111111111111112
HAPLN1,1,3,2,0.7325102880658436,0.6111111111111112
PDCD1,1,3,2,0.7325102880658436,0.6111111111111112
IGLL1,1,3,2,0.7325102880658436,0.6111111111111112
CAPNS2,1,3,2,0.7325102880658436,0.6111111111111112
IL1B,1,3,2,0.7325102880658436,0.6111111111111112
MMP27,1,3,2,0.7325102880658436,0.0
MMP10,1,3,2,0.7325102880658436,0.6111111111111112
ARG1,1,3,2,0.7325102880658436,0.75
NLGN4Y,1,3,2,0.7325102880658436,0.75
TP63,1,3,2,0.7325102880658436,0.75
PLAC9,1,3,2,0.7325102880658436,0.0
RHOV,1,3,2,0.7325102880658436,0.75
DERL3,1,3,2,0.7325102880658436,0.75
TNFRSF17,1,3,2,0.7325102880658436,0.75
MZB1,1,3,2,0.7325102880658436,0.75
CD79A,1,3,2,0.7325102880658436,0.75
FCRL5,1,3,2,0.7325102880658436,0.75
CES1,1,3,2,0.7325102880658436,0.75
DSC1,1,3,2,0.7325102880658436,0.75
CLDN1,1,3,2,0.7325102880658436,0.75
CXCL5,1,3,2,0.7325102880658436,0.75
CD207,1,3,2,0.7325102880658436,0.0
NDUFA4L2,1,3,2,0.7325102880658436,0.6470588235294118
ASPN,1,3,2,0.7325102880658436,0.0
FABP4,1,3,2,0.7325102880658436,0.6470588235294118
PDPN,1,3,2,0.7325102880658436,0.6470588235294118
FCER1A,1,3,2,0.7325102880658436,0.6470588235294118
CD1A,1,3,2,0.7325102880658436,0.6470588235294118
SFRP1,1,3,2,0.7325102880658436,0.6470588235294118
LAMB3,1,3,2,0.7325102880658436,0.6470588235294118
CXCR3,1,3,2,0.7325102880658436,0.6470588235294118
MT1F,1,3,2,0.7325102880658436,0.0
MS4A1,1,3,2,0.7325102880658436,0.6470588235294118
TFPI2,1,3,2,0.7325102880658436,0.6470588235294118
NGFR,1,3,2,0.7325102880658436,0.6470588235294118
FBLN1,1,3,2,0.7325102880658436,0.0
COMP,1,3,2,0.7325102880658436,0.6470588235294118
AHNAK2,1,3,2,0.7325102880658436,0.6470588235294118
MFAP5,1,3,2,0.7325102880658436,0.037037037037037035
MMP9,1,3,2,0.7325102880658436,0.037037037037037035
TMEM150C,1,3,2,0.7325102880658436,0.0
KLRB1,1,3,2,0.7325102880658436,0.6470588235294118
AREG,1,3,2,0.7325102880658436,0.6470588235294118
IL32,1,3,2,0.7325102880658436,0.6470588235294118
S100A14,1,3,2,0.7325102880658436,0.6470588235294118
MAL2,1,3,2,0.7325102880658436,0.6470588235294118
KRT15,1,3,2,0.7325102880658436,0.6470588235294118
DSP,1,3,2,0.7325102880658436,0.6470588235294118
KRT5,1,3,2,0.7325102880658436,0.6470588235294118
KRT16,1,3,2,0.7325102880658436,0.6470588235294118
KRT17,1,3,2,0.7325102880658436,0.6470588235294118
CCR2,1,3,2,0.7325102880658436,0.6470588235294118
CCL19,1,3,2,0.7325102880658436,0.7058823529411765
IGFBP2,1,3,2,0.7325102880658436,0.7058823529411765
ITGA8,1,3,2,0.7325102880658436,0.7058823529411765
ACTA2,1,3,2,0.7325102880658436,0.7058823529411765
BCAN,1,3,2,0.7325102880658436,0.7058823529411765
DMKN,1,3,2,0.7325102880658436,0.037037037037037035
GATA2,1,3,2,0.7325102880658436,0.7058823529411765
AQP3,1,3,2,0.7325102880658436,0.037037037037037035
SBSN,1,3,2,0.7325102880658436,0.7058823529411765
MPZ,1,3,2,0.7325102880658436,0.7058823529411765
TACSTD2,1,3,2,0.7325102880658436,0.7058823529411765
CBFA2T3,1,3,2,0.7325102880658436,0.7058823529411765
CLEC9A,1,3,2,0.7325102880658436,0.7058823529411765
LEPR,1,3,2,0.7325102880658436,0.7058823529411765
AKR1C1,1,3,2,0.7325102880658436,0.7058823529411765
SOX17,1,3,2,0.7325102880658436,0.07692307692307693
IL6,1,3,2,0.7325102880658436,0.0
CCR7,1,3,2,0.7325102880658436,0.029411764705882353
GPR157,1,3,2,0.7325102880658436,0.029411764705882353
AZGP1,1,3,2,0.7325102880658436,0.3333333333333333
CXCL2,1,3,2,0.7325102880658436,0.3333333333333333
CXCL1,1,3,2,0.7325102880658436,0.3333333333333333
IL7R,1,3,2,0.7325102880658436,0.0
FOXP3,1,3,2,0.7325102880658436,0.3333333333333333
IL2RA,1,3,2,0.7325102880658436,0.3333333333333333
SOSTDC1,1,3,2,0.7325102880658436,0.3333333333333333
CSPG4,1,3,2,0.7325102880658436,0.3333333333333333
KRT2,1,3,2,0.7325102880658436,0.3333333333333333
PTGER3,1,3,2,0.7325102880658436,0.07692307692307693
FRZB,1,3,2,0.7325102880658436,0.07692307692307693
TAGLN,1,3,2,0.7325102880658436,0.21739130434782608
BHLHE41,1,3,2,0.7325102880658436,0.21739130434782608
CRABP2,1,3,2,0.7325102880658436,0.21739130434782608
TFPI,1,3,2,0.7325102880658436,0.21739130434782608
IGFBP3,1,3,2,0.7325102880658436,0.21739130434782608
MFAP4,1,3,2,0.7325102880658436,0.21739130434782608
GEM,1,3,2,0.7325102880658436,0.2
SOD3,1,3,2,0.7325102880658436,0.2
C3,1,3,2,0.7325102880658436,0.2
SPRY1,1,3,2,0.7325102880658436,0.2
IGFBP5,1,3,2,0.7325102880658436,0.2
INHBA,1,3,2,0.7325102880658436,0.0
SFRP2,1,3,2,0.7325102880658436,0.2
CCL2,1,3,2,0.7325102880658436,0.2
PTN,1,3,2,0.7325102880658436,0.2
APOD,1,3,2,0.7325102880658436,0.9444444444444444
SERPING1,1,3,2,0.7325102880658436,0.9444444444444444
PTGDS,1,3,2,0.7325102880658436,0.9444444444444444
THY1,1,3,2,0.7325102880658436,0.9444444444444444
THBS2,1,3,2,0.7325102880658436,0.9444444444444444
PDGFRA,1,3,2,0.7325102880658436,0.9444444444444444
FAP,1,3,2,0.7325102880658436,0.9444444444444444
TNC,1,3,2,0.7325102880658436,0.9444444444444444
LUM,1,3,2,0.7325102880658436,0.9444444444444444
VCAN,1,3,2,0.7325102880658436,0.9444444444444444
MMP2,1,3,2,0.7325102880658436,0.9444444444444444
COL5A2,1,3,2,0.7325102880658436,0.9444444444444444
PDGFRB,1,3,2,0.7325102880658436,0.9444444444444444
COL6A2,1,3,2,0.7325102880658436,0.9444444444444444
FN1,1,3,2,0.7325102880658436,0.9444444444444444
POSTN,1,3,2,0.7325102880658436,0.9444444444444444
COL6A1,1,3,2,0.7325102880658436,0.9444444444444444
COL6A3,1,3,2,0.7325102880658436,0.9444444444444444
NR2F2,1,3,2,0.7325102880658436,0.14285714285714285
FSCN1,1,3,2,0.7325102880658436,0.0
GPR4,1,3,2,0.7325102880658436,0.14285714285714285
IL3RA,1,3,2,0.7325102880658436,0.14285714285714285
RGCC,1,3,2,0.7325102880658436,0.14285714285714285
SYNPO2,1,3,2,0.7325102880658436,0.14285714285714285
CPE,1,3,2,0.7325102880658436,0.5428571428571428
MYL9,1,3,2,0.7325102880658436,0.5428571428571428
NOTCH3,1,3,2,0.7325102880658436,0.5428571428571428
RGS5,1,3,2,0.7325102880658436,0.5428571428571428
MGP,1,3,2,0.7325102880658436,0.14285714285714285
MYCT1,1,3,2,0.7325102880658436,0.5428571428571428
TM4SF1,1,3,2,0.7325102880658436,0.5428571428571428
RAMP2,1,3,2,0.7325102880658436,0.5428571428571428
ITGA5,1,3,2,0.7325102880658436,0.5428571428571428
ECSCR,1,3,2,0.7325102880658436,0.5428571428571428
IGFBP7,1,3,2,0.7325102880658436,0.5428571428571428
CD93,1,3,2,0.7325102880658436,0.5428571428571428
VWF,1,3,2,0.7325102880658436,0.5428571428571428
CXCL12,1,3,2,0.7325102880658436,0.5428571428571428
PECAM1,1,3,2,0.7325102880658436,0.5428571428571428
SPARCL1,1,3,2,0.7325102880658436,0.5428571428571428
CALCRL,1,3,2,0.7325102880658436,0.5428571428571428
AQP1,1,3,2,0.7325102880658436,0.5428571428571428
CD34,1,3,2,0.7325102880658436,0.5428571428571428
PLVAP,1,3,2,0.7325102880658436,0.5428571428571428
CDH5,1,3,2,0.7325102880658436,0.5428571428571428
IDO1,1,3,2,0.7325102880658436,0.64
BCL2A1,1,3,2,0.7325102880658436,0.0
AIM2,1,3,2,0.7325102880658436,0.64
C5AR1,1,3,2,0.7325102880658436,0.64
IL10,1,3,2,0.7325102880658436,0.64
CD274,1,3,2,0.7325102880658436,0.64
TNF,1,3,2,0.7325102880658436,0.64
NFKBIZ,1,3,2,0.7325102880658436,0.64
LGALS2,1,3,2,0.7325102880658436,0.64
CLEC10A,1,3,2,0.7325102880658436,0.64
CD1C,1,3,2,0.7325102880658436,0.64
C15orf48,1,3,2,0.7325102880658436,0.64
CXCR4,1,3,2,0.7325102880658436,0.64
GPR183,1,3,2,0.7325102880658436,0.64
BIRC3,1,3,2,0.7325102880658436,0.64
S100A4,1,3,2,0.7325102880658436,0.0
CXCL11,1,3,2,0.7325102880658436,0.030303030303030304
CCL8,1,3,2,0.7325102880658436,0.64
IRF5,1,3,2,0.7325102880658436,0.64
MNDA,1,3,2,0.7325102880658436,0.64
TGFB1,1,3,2,0.7325102880658436,0.030303030303030304
LST1,1,3,2,0.7325102880658436,0.029411764705882353
PDCD1LG2,1,3,2,0.7325102880658436,0.6470588235294118
IRF1,1,3,2,0.7325102880658436,0.6470588235294118
LGALS9,1,3,2,0.7325102880658436,0.6470588235294118
CD83,1,3,2,0.7325102880658436,0.029411764705882353
TSPAN33,1,3,2,0.7325102880658436,0.6470588235294118
RGS1,1,3,2,0.7325102880658436,0.6470588235294118
BASP1,1,3,2,0.7325102880658436,0.6470588235294118
IL4I1,1,3,2,0.7325102880658436,0.6470588235294118
COTL1,1,3,2,0.7325102880658436,0.6470588235294118
ARHGDIB,1,3,2,0.7325102880658436,0.6470588235294118
IRF8,1,3,2,0.7325102880658436,0.6470588235294118
WDFY4,1,3,2,0.7325102880658436,0.6470588235294118
RNASE1,1,3,2,0.7325102880658436,0.0
CTSL,1,3,2,0.7325102880658436,0.6470588235294118
CXCL10,1,3,2,0.7325102880658436,0.0
TYROBP,1,3,2,0.7325102880658436,0.8947368421052632
CD4,1,3,2,0.7325102880658436,0.8947368421052632
TMEM176A,1,3,2,0.7325102880658436,0.8947368421052632
AXL,1,3,2,0.7325102880658436,0.8947368421052632
ITGAX,1,3,2,0.7325102880658436,0.8947368421052632
CPVL,1,3,2,0.7325102880658436,0.8947368421052632
LYZ,1,3,2,0.7325102880658436,0.8947368421052632
HLA-DPB1,1,3,2,0.7325102880658436,0.8947368421052632
AIF1,1,3,2,0.7325102880658436,0.8947368421052632
C3AR1,1,3,2,0.7325102880658436,0.8947368421052632
CD14,1,3,2,0.7325102880658436,0.8947368421052632
SLC8A1,1,3,2,0.7325102880658436,0.8947368421052632
CD163,1,3,2,0.7325102880658436,0.8947368421052632
CSF1R,1,3,2,0.7325102880658436,0.8947368421052632
CTSZ,1,3,2,0.7325102880658436,0.8947368421052632
C1QA,1,3,2,0.7325102880658436,0.8947368421052632
FCER1G,1,3,2,0.7325102880658436,0.8947368421052632
CD68,1,3,2,0.7325102880658436,0.8947368421052632
SELL,1,3,2,0.7325102880658436,0.56
GZMK,1,3,2,0.7325102880658436,0.56
KLRG1,1,3,2,0.7325102880658436,0.56
CD69,1,3,2,0.7325102880658436,0.56
KLRD1,1,3,2,0.7325102880658436,0.56
CXCL13,1,3,2,0.7325102880658436,0.56
ITM2A,1,3,2,0.7325102880658436,0.56
GIMAP7,1,3,2,0.7325102880658436,0.56
CTSW,1,3,2,0.7325102880658436,0.56
DUSP2,1,3,2,0.7325102880658436,0.56
CTLA4,1,3,2,0.7325102880658436,0.56
IFNG,1,3,2,0.7325102880658436,0.06896551724137931
CCL4,1,3,2,0.7325102880658436,0.06896551724137931
CCL3,1,3,2,0.7325102880658436,0.06896551724137931
CD52,1,3,2,0.7325102880658436,0.56
PTPRCAP,1,3,2,0.7325102880658436,0.56
LCK,1,3,2,0.7325102880658436,0.56
ALOX5AP,1,3,2,0.7325102880658436,0.56
AKAP5,1,3,2,0.7325102880658436,0.058823529411764705
NKG7,1,3,2,0.7325102880658436,0.058823529411764705
CD27,1,3,2,0.7325102880658436,0.058823529411764705
CST7,1,3,2,0.7325102880658436,0.6470588235294118
GNLY,1,3,2,0.7325102880658436,0.6470588235294118
TIGIT,1,3,2,0.7325102880658436,0.6470588235294118
CD3G,1,3,2,0.7325102880658436,0.6470588235294118
LAG3,1,3,2,0.7325102880658436,0.6470588235294118
CD3E,1,3,2,0.7325102880658436,0.6470588235294118
CD3D,1,3,2,0.7325102880658436,0.6470588235294118
GZMB,1,3,2,0.7325102880658436,0.6470588235294118
CD8A,1,3,2,0.7325102880658436,0.6470588235294118
PRF1,1,3,2,0.7325102880658436,0.6470588235294118
CCL5,1,3,2,0.7325102880658436,0.6470588235294118
GZMA,1,3,2,0.7325102880658436,0.6470588235294118
ID2,1,3,2,0.7325102880658436,0.06976744186046512
HAVCR2,1,3,2,0.7325102880658436,0.06976744186046512
MIA,1,3,2,0.7325102880658436,0.1875
PROX1,1,3,2,0.7325102880658436,0.1875
PKIB,1,3,2,0.7325102880658436,0.1875
INSIG1,1,3,2,0.7325102880658436,0.1875
KRT18,1,3,2,0.7325102880658436,0.1875
LYPD3,1,3,2,0.7325102880658436,0.1875
ITGAE,1,3,2,0.7325102880658436,0.1875
TCF7,1,3,2,0.7325102880658436,0.06976744186046512
HES1,1,3,2,0.7325102880658436,0.46153846153846156
SLC2A3,1,3,2,0.7325102880658436,0.46153846153846156
ATF3,1,3,2,0.7325102880658436,0.46153846153846156
NR4A2,1,3,2,0.7325102880658436,0.06976744186046512
ENPP1,1,3,2,0.7325102880658436,0.46153846153846156
TMEM45A,1,3,2,0.7325102880658436,0.46153846153846156
C1orf54,1,3,2,0.7325102880658436,0.46153846153846156
KRT1,1,3,2,0.7325102880658436,0.46153846153846156
ZNF667-AS1,1,3,2,0.7325102880658436,0.46153846153846156
FKBP8,1,3,2,0.7325102880658436,0.46153846153846156
C11orf96,1,3,2,0.7325102880658436,0.46153846153846156
SLC25A37,1,3,2,0.7325102880658436,0.46153846153846156
PBXIP1,1,3,2,0.7325102880658436,0.46153846153846156
DCT,1,3,2,0.7325102880658436,0.0
ENTPD1,1,3,2,0.7325102880658436,0.46153846153846156
CXADR,1,3,2,0.7325102880658436,0.0
MEF2C,1,3,2,0.7325102880658436,0.8666666666666667
VEGFA,1,3,2,0.7325102880658436,0.8666666666666667
ETV1,1,3,2,0.7325102880658436,0.8666666666666667
CDC20,1,3,2,0.7325102880658436,0.8666666666666667
ADAM12,1,3,2,0.7325102880658436,0.8666666666666667
PTCH1,1,3,2,0.7325102880658436,0.8666666666666667
TUBB2B,1,3,2,0.7325102880658436,0.8666666666666667
CCND3,1,3,2,0.7325102880658436,0.8666666666666667
SLC25A39,1,3,2,0.7325102880658436,0.8666666666666667
KDM5B,1,3,2,0.7325102880658436,0.8666666666666667
LENG8,1,3,2,0.7325102880658436,0.8666666666666667
IFI27,1,3,2,0.7325102880658436,0.8666666666666667
IFITM1,1,3,2,0.7325102880658436,0.8666666666666667
S100A13,1,3,2,0.7325102880658436,0.8666666666666667
RRM2,1,3,2,0.7325102880658436,1.0
BIRC5,1,3,2,0.7325102880658436,1.0
HIST1H4C,1,3,2,0.7325102880658436,1.0
CENPF,1,3,2,0.7325102880658436,1.0
UBE2C,1,3,2,0.7325102880658436,1.0
CDK1,1,3,2,0.7325102880658436,1.0
PTTG1,1,3,2,0.7325102880658436,1.0
NUSAP1,1,3,2,0.7325102880658436,1.0
HMGN2,1,3,2,0.7325102880658436,1.0
TYMS,1,3,2,0.7325102880658436,1.0
MKI67,1,3,2,0.7325102880658436,1.0
HMGB2,1,3,2,0.7325102880658436,1.0
TOP2A,1,3,2,0.7325102880658436,1.0
CDH2,1,3,2,0.7325102880658436,1.0
ID4,1,3,2,0.7325102880658436,1.0
PTGR1,1,3,2,0.7325102880658436,1.0
RASSF8,1,3,2,0.7325102880658436,1.0
FAM210B,1,3,2,0.7325102880658436,1.0
GNG11,1,3,2,0.7325102880658436,1.0
HTRA1,1,3,2,0.7325102880658436,1.0
STRADB,1,3,2,0.7325102880658436,1.0
CALD1,1,3,2,0.7325102880658436,1.0
TSC22D1,1,3,2,0.7325102880658436,1.0
PTEN,1,3,2,0.7325102880658436,1.0
CD276,1,3,2,0.7325102880658436,1.0
ITGA6,1,3,2,0.7325102880658436,1.0
PCDH7,1,3,2,0.7325102880658436,1.0
ENAH,1,3,2,0.7325102880658436,1.0
LSAMP,1,3,2,0.7325102880658436,1.0
PERP,1,3,2,0.7325102880658436,1.0
IRF4,1,3,2,0.7325102880658436,1.0
DST,1,3,2,0.7325102880658436,1.0
KIT,1,3,2,0.7325102880658436,1.0
MYC,1,3,2,0.7325102880658436,1.0
NRP2,1,3,2,0.7325102880658436,1.0
GYPC,1,3,2,0.7325102880658436,1.0
S100B,1,3,2,0.7325102880658436,1.0
CRYAB,1,3,2,0.7325102880658436,1.0
IFI6,1,3,2,0.7325102880658436,1.0
STMN1,1,3,2,0.7325102880658436,1.0
CYB561A3,1,3,2,0.7325102880658436,1.0
NSG1,1,3,2,0.7325102880658436,1.0
PLP1,1,3,2,0.7325102880658436,1.0
SOX10,1,3,2,0.7325102880658436,1.0
TBC1D7,1,3,2,0.7325102880658436,1.0
ITGB1,1,3,2,0.7325102880658436,1.0
SNCA,1,3,2,0.7325102880658436,1.0
TRPM1,1,3,2,0.7325102880658436,1.0
TFAP2A,1,3,2,0.7325102880658436,1.0
TFAP2B,1,3,2,0.7325102880658436,1.0
CCND1,1,3,2,0.7325102880658436,1.0
MITF,1,3,2,0.7325102880658436,1.0
EDNRB,1,3,2,0.7325102880658436,1.0
FBXO7,1,3,2,0.7325102880658436,1.0
MARCKSL1,1,3,2,0.7325102880658436,1.0
CTNNB1,1,3,2,0.7325102880658436,1.0
APCDD1,1,3,2,0.7325102880658436,1.0
SERPINE2,1,3,2,0.7325102880658436,1.0
MLANA,1,3,2,0.7325102880658436,1.0
TYR,1,3,2,0.7325102880658436,1.0
QPCT,1,3,2,0.7325102880658436,1.0
VIM,1,3,2,0.7325102880658436,1.0
CD63,1,3,2,0.7325102880658436,1.0
TYRP1,1,3,2,0.7325102880658436,1.0
PMEL,1,3,2,0.7325102880658436,1.0
TNFRSF18,1,4,2,0.6844262295081968,0.6818181818181818
MT1A,1,4,2,0.6844262295081968,0.6818181818181818
DEFB1,1,4,2,0.6844262295081968,0.6818181818181818
IL33,1,4,2,0.6844262295081968,0.6818181818181818
LY6D,1,4,2,0.6844262295081968,0.6818181818181818
HBE1,1,4,2,0.6844262295081968,0.6818181818181818
TFF3,1,4,2,0.6844262295081968,0.6818181818181818
RGS16,1,4,2,0.6844262295081968,0.6818181818181818
WIF1,1,4,2,0.6844262295081968,0.6818181818181818
MT1G,1,4,2,0.6844262295081968,0.6818181818181818
ALAS2,1,4,2,0.6844262295081968,0.6818181818181818
KRTDAP,1,4,2,0.6844262295081968,0.6818181818181818
PPP1R14A,1,4,2,0.6844262295081968,0.6818181818181818
AHSP,1,4,2,0.6844262295081968,0.6818181818181818
MYOC,1,4,2,0.6844262295081968,0.6818181818181818
SERPINB2,1,4,2,0.6844262295081968,0.6818181818181818
CA1,1,4,2,0.6844262295081968,0.1935483870967742
SCGB1B2P,1,4,2,0.6844262295081968,0.1935483870967742
ACER1,1,4,2,0.6844262295081968,0.1935483870967742
SLPI,1,4,2,0.6844262295081968,0.1935483870967742
G0S2,1,4,2,0.6844262295081968,0.1935483870967742
HBD,1,4,2,0.6844262295081968,0.1935483870967742
COCH,1,4,2,0.6844262295081968,0.1935483870967742
CD1B,1,4,2,0.6844262295081968,0.20833333333333334
MYH11,1,4,2,0.6844262295081968,0.38095238095238093
MIR205HG,1,4,2,0.6844262295081968,0.38095238095238093
ACHE,1,4,2,0.6844262295081968,0.38095238095238093
SOX15,1,4,2,0.6844262295081968,0.38095238095238093
CLDN4,1,4,2,0.6844262295081968,0.38095238095238093
CR2,1,4,2,0.6844262295081968,0.38095238095238093
LYVE1,1,4,2,0.6844262295081968,0.38095238095238093
SELE,1,4,2,0.6844262295081968,0.38095238095238093
CLDN5,1,4,2,0.6844262295081968,0.20833333333333334
LOR,1,4,2,0.6844262295081968,0.38095238095238093
CD40LG,1,4,2,0.6844262295081968,0.20833333333333334
IL17A,1,4,2,0.6844262295081968,0.20833333333333334
CCL22,1,4,2,0.6844262295081968,0.20833333333333334
PKHD1L1,1,4,2,0.6844262295081968,0.20833333333333334
MT1X,1,4,2,0.6844262295081968,0.42857142857142855
NMB,1,4,2,0.6844262295081968,0.42857142857142855
FGFBP1,1,4,2,0.6844262295081968,0.42857142857142855
LINC00636,1,4,2,0.6844262295081968,0.42857142857142855
FCER2,1,4,2,0.6844262295081968,0.42857142857142855
SERPINB5,1,4,2,0.6844262295081968,0.2
LTB,1,4,2,0.6844262295081968,0.42857142857142855
COL17A1,1,4,2,0.6844262295081968,0.2
MMRN1,1,4,2,0.6844262295081968,0.2
HAPLN1,1,4,2,0.6844262295081968,0.42857142857142855
PDCD1,1,4,2,0.6844262295081968,0.42857142857142855
IGLL1,1,4,2,0.6844262295081968,0.42857142857142855
CAPNS2,1,4,2,0.6844262295081968,0.42857142857142855
IL1B,1,4,2,0.6844262295081968,0.2
MMP27,1,4,2,0.6844262295081968,0.2
MMP10,1,4,2,0.6844262295081968,0.2
ARG1,1,4,2,0.6844262295081968,0.3333333333333333
NLGN4Y,1,4,2,0.6844262295081968,0.2608695652173913
TP63,1,4,2,0.6844262295081968,0.3333333333333333
PLAC9,1,4,2,0.6844262295081968,0.2608695652173913
RHOV,1,4,2,0.6844262295081968,0.3333333333333333
DERL3,1,4,2,0.6844262295081968,0.3333333333333333
TNFRSF17,1,4,2,0.6844262295081968,0.3333333333333333
MZB1,1,4,2,0.6844262295081968,0.3333333333333333
CD79A,1,4,2,0.6844262295081968,0.3333333333333333
FCRL5,1,4,2,0.6844262295081968,0.3333333333333333
CES1,1,4,2,0.6844262295081968,0.2608695652173913
DSC1,1,4,2,0.6844262295081968,0.2608695652173913
CLDN1,1,4,2,0.6844262295081968,0.2608695652173913
CXCL5,1,4,2,0.6844262295081968,0.2608695652173913
CD207,1,4,2,0.6844262295081968,0.2608695652173913
NDUFA4L2,1,4,2,0.6844262295081968,0.07407407407407407
ASPN,1,4,2,0.6844262295081968,0.21739130434782608
FABP4,1,4,2,0.6844262295081968,0.07407407407407407
PDPN,1,4,2,0.6844262295081968,0.21739130434782608
FCER1A,1,4,2,0.6844262295081968,0.21739130434782608
CD1A,1,4,2,0.6844262295081968,0.21739130434782608
SFRP1,1,4,2,0.6844262295081968,0.21739130434782608
LAMB3,1,4,2,0.6844262295081968,0.07407407407407407
CXCR3,1,4,2,0.6844262295081968,0.16666666666666666
MT1F,1,4,2,0.6844262295081968,0.16666666666666666
MS4A1,1,4,2,0.6844262295081968,0.21739130434782608
TFPI2,1,4,2,0.6844262295081968,0.16666666666666666
NGFR,1,4,2,0.6844262295081968,0.16666666666666666
FBLN1,1,4,2,0.6844262295081968,0.0
COMP,1,4,2,0.6844262295081968,0.16666666666666666
AHNAK2,1,4,2,0.6844262295081968,0.3333333333333333
MFAP5,1,4,2,0.6844262295081968,0.0
MMP9,1,4,2,0.6844262295081968,0.21739130434782608
TMEM150C,1,4,2,0.6844262295081968,0.21739130434782608
KLRB1,1,4,2,0.6844262295081968,0.21739130434782608
AREG,1,4,2,0.6844262295081968,0.21739130434782608
IL32,1,4,2,0.6844262295081968,0.21739130434782608
S100A14,1,4,2,0.6844262295081968,0.3333333333333333
MAL2,1,4,2,0.6844262295081968,0.3333333333333333
KRT15,1,4,2,0.6844262295081968,0.3333333333333333
DSP,1,4,2,0.6844262295081968,0.3333333333333333
KRT5,1,4,2,0.6844262295081968,0.3333333333333333
KRT16,1,4,2,0.6844262295081968,0.3333333333333333
KRT17,1,4,2,0.6844262295081968,0.3333333333333333
CCR2,1,4,2,0.6844262295081968,0.21739130434782608
CCL19,1,4,2,0.6844262295081968,0.2727272727272727
IGFBP2,1,4,2,0.6844262295081968,0.12
ITGA8,1,4,2,0.6844262295081968,0.12
ACTA2,1,4,2,0.6844262295081968,0.2727272727272727
BCAN,1,4,2,0.6844262295081968,0.2727272727272727
DMKN,1,4,2,0.6844262295081968,0.12
GATA2,1,4,2,0.6844262295081968,0.12
AQP3,1,4,2,0.6844262295081968,0.2727272727272727
SBSN,1,4,2,0.6844262295081968,0.12
MPZ,1,4,2,0.6844262295081968,0.2727272727272727
TACSTD2,1,4,2,0.6844262295081968,0.2727272727272727
CBFA2T3,1,4,2,0.6844262295081968,0.12
CLEC9A,1,4,2,0.6844262295081968,0.2727272727272727
LEPR,1,4,2,0.6844262295081968,0.12
AKR1C1,1,4,2,0.6844262295081968,0.12
SOX17,1,4,2,0.6844262295081968,0.3333333333333333
IL6,1,4,2,0.6844262295081968,0.3333333333333333
CCR7,1,4,2,0.6844262295081968,0.3333333333333333
GPR157,1,4,2,0.6844262295081968,0.3333333333333333
AZGP1,1,4,2,0.6844262295081968,0.3333333333333333
CXCL2,1,4,2,0.6844262295081968,0.0
CXCL1,1,4,2,0.6844262295081968,0.3333333333333333
IL7R,1,4,2,0.6844262295081968,0.06060606060606061
FOXP3,1,4,2,0.6844262295081968,0.06060606060606061
IL2RA,1,4,2,0.6844262295081968,0.06060606060606061
SOSTDC1,1,4,2,0.6844262295081968,0.3333333333333333
CSPG4,1,4,2,0.6844262295081968,0.3333333333333333
KRT2,1,4,2,0.6844262295081968,0.0
PTGER3,1,4,2,0.6844262295081968,0.034482758620689655
FRZB,1,4,2,0.6844262295081968,0.034482758620689655
TAGLN,1,4,2,0.6844262295081968,0.6666666666666666
BHLHE41,1,4,2,0.6844262295081968,0.6666666666666666
CRABP2,1,4,2,0.6844262295081968,0.6666666666666666
TFPI,1,4,2,0.6844262295081968,0.6666666666666666
IGFBP3,1,4,2,0.6844262295081968,0.6666666666666666
MFAP4,1,4,2,0.6844262295081968,0.6666666666666666
GEM,1,4,2,0.6844262295081968,0.6666666666666666
SOD3,1,4,2,0.6844262295081968,0.6666666666666666
C3,1,4,2,0.6844262295081968,0.6666666666666666
SPRY1,1,4,2,0.6844262295081968,0.6666666666666666
IGFBP5,1,4,2,0.6844262295081968,0.6666666666666666
INHBA,1,4,2,0.6844262295081968,0.029411764705882353
SFRP2,1,4,2,0.6844262295081968,0.029411764705882353
CCL2,1,4,2,0.6844262295081968,0.6666666666666666
PTN,1,4,2,0.6844262295081968,0.6666666666666666
APOD,1,4,2,0.6844262295081968,0.8095238095238095
SERPING1,1,4,2,0.6844262295081968,0.8095238095238095
PTGDS,1,4,2,0.6844262295081968,0.8095238095238095
THY1,1,4,2,0.6844262295081968,0.8095238095238095
THBS2,1,4,2,0.6844262295081968,0.8095238095238095
PDGFRA,1,4,2,0.6844262295081968,0.8095238095238095
FAP,1,4,2,0.6844262295081968,0.8095238095238095
TNC,1,4,2,0.6844262295081968,0.8095238095238095
LUM,1,4,2,0.6844262295081968,0.8095238095238095
VCAN,1,4,2,0.6844262295081968,0.8095238095238095
MMP2,1,4,2,0.6844262295081968,0.8095238095238095
COL5A2,1,4,2,0.6844262295081968,0.8095238095238095
PDGFRB,1,4,2,0.6844262295081968,0.8095238095238095
COL6A2,1,4,2,0.6844262295081968,0.8095238095238095
FN1,1,4,2,0.6844262295081968,0.8095238095238095
POSTN,1,4,2,0.6844262295081968,0.8095238095238095
COL6A1,1,4,2,0.6844262295081968,0.8095238095238095
COL6A3,1,4,2,0.6844262295081968,0.8095238095238095
NR2F2,1,4,2,0.6844262295081968,0.8846153846153846
FSCN1,1,4,2,0.6844262295081968,0.0
GPR4,1,4,2,0.6844262295081968,0.8846153846153846
IL3RA,1,4,2,0.6844262295081968,0.8846153846153846
RGCC,1,4,2,0.6844262295081968,0.8846153846153846
SYNPO2,1,4,2,0.6844262295081968,0.8846153846153846
CPE,1,4,2,0.6844262295081968,0.021739130434782608
MYL9,1,4,2,0.6844262295081968,0.8846153846153846
NOTCH3,1,4,2,0.6844262295081968,0.021739130434782608
RGS5,1,4,2,0.6844262295081968,0.8846153846153846
MGP,1,4,2,0.6844262295081968,0.8846153846153846
MYCT1,1,4,2,0.6844262295081968,0.8846153846153846
TM4SF1,1,4,2,0.6844262295081968,0.8846153846153846
RAMP2,1,4,2,0.6844262295081968,0.8846153846153846
ITGA5,1,4,2,0.6844262295081968,0.8846153846153846
ECSCR,1,4,2,0.6844262295081968,0.8846153846153846
IGFBP7,1,4,2,0.6844262295081968,0.8846153846153846
CD93,1,4,2,0.6844262295081968,0.8846153846153846
VWF,1,4,2,0.6844262295081968,0.8846153846153846
CXCL12,1,4,2,0.6844262295081968,0.8846153846153846
PECAM1,1,4,2,0.6844262295081968,0.8846153846153846
SPARCL1,1,4,2,0.6844262295081968,0.8846153846153846
CALCRL,1,4,2,0.6844262295081968,0.8846153846153846
AQP1,1,4,2,0.6844262295081968,0.8846153846153846
CD34,1,4,2,0.6844262295081968,0.8846153846153846
PLVAP,1,4,2,0.6844262295081968,0.8846153846153846
CDH5,1,4,2,0.6844262295081968,0.8846153846153846
IDO1,1,4,2,0.6844262295081968,0.030303030303030304
BCL2A1,1,4,2,0.6844262295081968,0.0
AIM2,1,4,2,0.6844262295081968,0.025
C5AR1,1,4,2,0.6844262295081968,0.5454545454545454
IL10,1,4,2,0.6844262295081968,0.5454545454545454
CD274,1,4,2,0.6844262295081968,0.5454545454545454
TNF,1,4,2,0.6844262295081968,0.5454545454545454
NFKBIZ,1,4,2,0.6844262295081968,0.5454545454545454
LGALS2,1,4,2,0.6844262295081968,0.5454545454545454
CLEC10A,1,4,2,0.6844262295081968,0.5454545454545454
CD1C,1,4,2,0.6844262295081968,0.5454545454545454
C15orf48,1,4,2,0.6844262295081968,0.5454545454545454
CXCR4,1,4,2,0.6844262295081968,0.025
GPR183,1,4,2,0.6844262295081968,0.5454545454545454
BIRC3,1,4,2,0.6844262295081968,0.030303030303030304
S100A4,1,4,2,0.6844262295081968,0.0
CXCL11,1,4,2,0.6844262295081968,0.030303030303030304
CCL8,1,4,2,0.6844262295081968,0.5454545454545454
IRF5,1,4,2,0.6844262295081968,0.5454545454545454
MNDA,1,4,2,0.6844262295081968,0.5454545454545454
TGFB1,1,4,2,0.6844262295081968,0.030303030303030304
LST1,1,4,2,0.6844262295081968,0.5555555555555556
PDCD1LG2,1,4,2,0.6844262295081968,0.5555555555555556
IRF1,1,4,2,0.6844262295081968,0.5555555555555556
LGALS9,1,4,2,0.6844262295081968,0.5555555555555556
CD83,1,4,2,0.6844262295081968,0.0
TSPAN33,1,4,2,0.6844262295081968,0.5555555555555556
RGS1,1,4,2,0.6844262295081968,0.5555555555555556
BASP1,1,4,2,0.6844262295081968,0.5555555555555556
IL4I1,1,4,2,0.6844262295081968,0.5555555555555556
COTL1,1,4,2,0.6844262295081968,0.5555555555555556
ARHGDIB,1,4,2,0.6844262295081968,0.5555555555555556
IRF8,1,4,2,0.6844262295081968,0.0625
WDFY4,1,4,2,0.6844262295081968,0.0625
RNASE1,1,4,2,0.6844262295081968,0.0625
CTSL,1,4,2,0.6844262295081968,0.5555555555555556
CXCL10,1,4,2,0.6844262295081968,0.0
TYROBP,1,4,2,0.6844262295081968,0.8095238095238095
CD4,1,4,2,0.6844262295081968,0.8095238095238095
TMEM176A,1,4,2,0.6844262295081968,0.8095238095238095
AXL,1,4,2,0.6844262295081968,0.8095238095238095
ITGAX,1,4,2,0.6844262295081968,0.8095238095238095
CPVL,1,4,2,0.6844262295081968,0.8095238095238095
LYZ,1,4,2,0.6844262295081968,0.8095238095238095
HLA-DPB1,1,4,2,0.6844262295081968,0.8095238095238095
AIF1,1,4,2,0.6844262295081968,0.8095238095238095
C3AR1,1,4,2,0.6844262295081968,0.8095238095238095
CD14,1,4,2,0.6844262295081968,0.8095238095238095
SLC8A1,1,4,2,0.6844262295081968,0.8095238095238095
CD163,1,4,2,0.6844262295081968,0.8095238095238095
CSF1R,1,4,2,0.6844262295081968,0.8095238095238095
CTSZ,1,4,2,0.6844262295081968,0.8095238095238095
C1QA,1,4,2,0.6844262295081968,0.8095238095238095
FCER1G,1,4,2,0.6844262295081968,0.8095238095238095
CD68,1,4,2,0.6844262295081968,0.8095238095238095
SELL,1,4,2,0.6844262295081968,0.5833333333333334
GZMK,1,4,2,0.6844262295081968,0.5833333333333334
KLRG1,1,4,2,0.6844262295081968,0.5833333333333334
CD69,1,4,2,0.6844262295081968,0.5833333333333334
KLRD1,1,4,2,0.6844262295081968,0.5833333333333334
CXCL13,1,4,2,0.6844262295081968,0.5833333333333334
ITM2A,1,4,2,0.6844262295081968,0.5833333333333334
GIMAP7,1,4,2,0.6844262295081968,0.5833333333333334
CTSW,1,4,2,0.6844262295081968,0.5833333333333334
DUSP2,1,4,2,0.6844262295081968,0.5833333333333334
CTLA4,1,4,2,0.6844262295081968,0.5833333333333334
IFNG,1,4,2,0.6844262295081968,0.04878048780487805
CCL4,1,4,2,0.6844262295081968,0.04878048780487805
CCL3,1,4,2,0.6844262295081968,0.04878048780487805
CD52,1,4,2,0.6844262295081968,0.5833333333333334
PTPRCAP,1,4,2,0.6844262295081968,0.5833333333333334
LCK,1,4,2,0.6844262295081968,0.5833333333333334
ALOX5AP,1,4,2,0.6844262295081968,0.5833333333333334
AKAP5,1,4,2,0.6844262295081968,1.0
NKG7,1,4,2,0.6844262295081968,1.0
CD27,1,4,2,0.6844262295081968,1.0
CST7,1,4,2,0.6844262295081968,1.0
GNLY,1,4,2,0.6844262295081968,1.0
TIGIT,1,4,2,0.6844262295081968,1.0
CD3G,1,4,2,0.6844262295081968,1.0
LAG3,1,4,2,0.6844262295081968,1.0
CD3E,1,4,2,0.6844262295081968,1.0
CD3D,1,4,2,0.6844262295081968,1.0
GZMB,1,4,2,0.6844262295081968,1.0
CD8A,1,4,2,0.6844262295081968,1.0
PRF1,1,4,2,0.6844262295081968,1.0
CCL5,1,4,2,0.6844262295081968,1.0
GZMA,1,4,2,0.6844262295081968,1.0
ID2,1,4,2,0.6844262295081968,0.022727272727272728
HAVCR2,1,4,2,0.6844262295081968,0.0
MIA,1,4,2,0.6844262295081968,0.6666666666666666
PROX1,1,4,2,0.6844262295081968,0.6666666666666666
PKIB,1,4,2,0.6844262295081968,0.6666666666666666
INSIG1,1,4,2,0.6844262295081968,0.6666666666666666
KRT18,1,4,2,0.6844262295081968,0.6666666666666666
LYPD3,1,4,2,0.6844262295081968,0.6666666666666666
ITGAE,1,4,2,0.6844262295081968,0.6666666666666666
TCF7,1,4,2,0.6844262295081968,0.022727272727272728
HES1,1,4,2,0.6844262295081968,0.6666666666666666
SLC2A3,1,4,2,0.6844262295081968,0.6666666666666666
ATF3,1,4,2,0.6844262295081968,0.6666666666666666
NR4A2,1,4,2,0.6844262295081968,0.6666666666666666
ENPP1,1,4,2,0.6844262295081968,0.6666666666666666
TMEM45A,1,4,2,0.6844262295081968,0.6666666666666666
C1orf54,1,4,2,0.6844262295081968,0.6666666666666666
KRT1,1,4,2,0.6844262295081968,0.6666666666666666
ZNF667-AS1,1,4,2,0.6844262295081968,0.6666666666666666
FKBP8,1,4,2,0.6844262295081968,0.6666666666666666
C11orf96,1,4,2,0.6844262295081968,0.6666666666666666
SLC25A37,1,4,2,0.6844262295081968,0.6666666666666666
PBXIP1,1,4,2,0.6844262295081968,0.6666666666666666
DCT,1,4,2,0.6844262295081968,0.0
ENTPD1,1,4,2,0.6844262295081968,0.6666666666666666
CXADR,1,4,2,0.6844262295081968,0.8666666666666667
MEF2C,1,4,2,0.6844262295081968,0.8666666666666667
VEGFA,1,4,2,0.6844262295081968,0.0
ETV1,1,4,2,0.6844262295081968,0.8666666666666667
CDC20,1,4,2,0.6844262295081968,0.8666666666666667
ADAM12,1,4,2,0.6844262295081968,0.8666666666666667
PTCH1,1,4,2,0.6844262295081968,0.8666666666666667
TUBB2B,1,4,2,0.6844262295081968,0.8666666666666667
CCND3,1,4,2,0.6844262295081968,0.8666666666666667
SLC25A39,1,4,2,0.6844262295081968,0.8666666666666667
KDM5B,1,4,2,0.6844262295081968,0.8666666666666667
LENG8,1,4,2,0.6844262295081968,0.8666666666666667
IFI27,1,4,2,0.6844262295081968,0.8666666666666667
IFITM1,1,4,2,0.6844262295081968,0.8666666666666667
S100A13,1,4,2,0.6844262295081968,0.8666666666666667
RRM2,1,4,2,0.6844262295081968,1.0
BIRC5,1,4,2,0.6844262295081968,1.0
HIST1H4C,1,4,2,0.6844262295081968,1.0
CENPF,1,4,2,0.6844262295081968,1.0
UBE2C,1,4,2,0.6844262295081968,1.0
CDK1,1,4,2,0.6844262295081968,1.0
PTTG1,1,4,2,0.6844262295081968,1.0
NUSAP1,1,4,2,0.6844262295081968,1.0
HMGN2,1,4,2,0.6844262295081968,1.0
TYMS,1,4,2,0.6844262295081968,1.0
MKI67,1,4,2,0.6844262295081968,1.0
HMGB2,1,4,2,0.6844262295081968,1.0
TOP2A,1,4,2,0.6844262295081968,1.0
CDH2,1,4,2,0.6844262295081968,1.0
ID4,1,4,2,0.6844262295081968,1.0
PTGR1,1,4,2,0.6844262295081968,1.0
RASSF8,1,4,2,0.6844262295081968,1.0
FAM210B,1,4,2,0.6844262295081968,1.0
GNG11,1,4,2,0.6844262295081968,1.0
HTRA1,1,4,2,0.6844262295081968,1.0
STRADB,1,4,2,0.6844262295081968,1.0
CALD1,1,4,2,0.6844262295081968,1.0
TSC22D1,1,4,2,0.6844262295081968,1.0
PTEN,1,4,2,0.6844262295081968,1.0
CD276,1,4,2,0.6844262295081968,1.0
ITGA6,1,4,2,0.6844262295081968,1.0
PCDH7,1,4,2,0.6844262295081968,1.0
ENAH,1,4,2,0.6844262295081968,1.0
LSAMP,1,4,2,0.6844262295081968,1.0
PERP,1,4,2,0.6844262295081968,1.0
IRF4,1,4,2,0.6844262295081968,1.0
DST,1,4,2,0.6844262295081968,1.0
KIT,1,4,2,0.6844262295081968,1.0
MYC,1,4,2,0.6844262295081968,1.0
NRP2,1,4,2,0.6844262295081968,1.0
GYPC,1,4,2,0.6844262295081968,1.0
S100B,1,4,2,0.6844262295081968,1.0
CRYAB,1,4,2,0.6844262295081968,1.0
IFI6,1,4,2,0.6844262295081968,1.0
STMN1,1,4,2,0.6844262295081968,1.0
CYB561A3,1,4,2,0.6844262295081968,1.0
NSG1,1,4,2,0.6844262295081968,1.0
PLP1,1,4,2,0.6844262295081968,1.0
SOX10,1,4,2,0.6844262295081968,1.0
TBC1D7,1,4,2,0.6844262295081968,1.0
ITGB1,1,4,2,0.6844262295081968,1.0
SNCA,1,4,2,0.6844262295081968,1.0
TRPM1,1,4,2,0.6844262295081968,1.0
TFAP2A,1,4,2,0.6844262295081968,1.0
TFAP2B,1,4,2,0.6844262295081968,1.0
CCND1,1,4,2,0.6844262295081968,1.0
MITF,1,4,2,0.6844262295081968,1.0
EDNRB,1,4,2,0.6844262295081968,1.0
FBXO7,1,4,2,0.6844262295081968,1.0
MARCKSL1,1,4,2,0.6844262295081968,1.0
CTNNB1,1,4,2,0.6844262295081968,1.0
APCDD1,1,4,2,0.6844262295081968,1.0
SERPINE2,1,4,2,0.6844262295081968,1.0
MLANA,1,4,2,0.6844262295081968,1.0
TYR,1,4,2,0.6844262295081968,1.0
QPCT,1,4,2,0.6844262295081968,1.0
VIM,1,4,2,0.6844262295081968,1.0
CD63,1,4,2,0.6844262295081968,1.0
TYRP1,1,4,2,0.6844262295081968,1.0
PMEL,1,4,2,0.6844262295081968,1.0
MT1A,2,0,0,0.36729857819905215,0.7777777777777778
LY6D,2,0,0,0.36729857819905215,0.7777777777777778
WIF1,2,0,0,0.36729857819905215,0.7777777777777778
HBE1,2,0,0,0.36729857819905215,0.7777777777777778
DEFB1,2,0,0,0.36729857819905215,0.7777777777777778
MYOC,2,0,0,0.36729857819905215,0.7777777777777778
TFF3,2,0,0,0.36729857819905215,0.7777777777777778
PPP1R14A,2,0,0,0.36729857819905215,0.7777777777777778
IL33,2,0,0,0.36729857819905215,0.7777777777777778
MT1G,2,0,0,0.36729857819905215,0.7777777777777778
TNFRSF18,2,0,0,0.36729857819905215,0.7777777777777778
KRTDAP,2,0,0,0.36729857819905215,0.7777777777777778
ALAS2,2,0,0,0.36729857819905215,0.7777777777777778
HBD,2,0,0,0.36729857819905215,0.10344827586206896
SLPI,2,0,0,0.36729857819905215,0.10344827586206896
RGS16,2,0,0,0.36729857819905215,0.7777777777777778
SCGB1B2P,2,0,0,0.36729857819905215,0.10344827586206896
CA1,2,0,0,0.36729857819905215,0.10344827586206896
AHSP,2,0,0,0.36729857819905215,0.7777777777777778
MIR205HG,2,0,0,0.36729857819905215,0.4
IL17A,2,0,0,0.36729857819905215,0.4
FGFBP1,2,0,0,0.36729857819905215,0.4
IGFBP2,2,0,0,0.36729857819905215,0.037037037037037035
MYH11,2,0,0,0.36729857819905215,0.4
LYVE1,2,0,0,0.36729857819905215,0.4
HAPLN1,2,0,0,0.36729857819905215,0.12
SERPINB2,2,0,0,0.36729857819905215,0.4
LOR,2,0,0,0.36729857819905215,0.4
CLDN5,2,0,0,0.36729857819905215,0.4
NDUFA4L2,2,0,0,0.36729857819905215,0.037037037037037035
RHOV,2,0,0,0.36729857819905215,0.12
CLDN4,2,0,0,0.36729857819905215,0.4
LINC00636,2,0,0,0.36729857819905215,0.12
MMP10,2,0,0,0.36729857819905215,0.12
MT1X,2,0,0,0.36729857819905215,0.037037037037037035
FABP4,2,0,0,0.36729857819905215,0.037037037037037035
PKHD1L1,2,0,0,0.36729857819905215,0.2727272727272727
BCAN,2,0,0,0.36729857819905215,0.07692307692307693
NGFR,2,0,0,0.36729857819905215,0.037037037037037035
SOX15,2,0,0,0.36729857819905215,0.2727272727272727
COCH,2,0,0,0.36729857819905215,0.2727272727272727
KRT15,2,0,0,0.36729857819905215,0.0
PLAC9,2,0,0,0.36729857819905215,0.2727272727272727
ACER1,2,0,0,0.36729857819905215,0.037037037037037035
CAPNS2,2,0,0,0.36729857819905215,0.2727272727272727
MAL2,2,0,0,0.36729857819905215,0.07692307692307693
ACHE,2,0,0,0.36729857819905215,0.2727272727272727
CCL22,2,0,0,0.36729857819905215,0.2727272727272727
MFAP5,2,0,0,0.36729857819905215,0.07692307692307693
TP63,2,0,0,0.36729857819905215,0.4
SERPINB5,2,0,0,0.36729857819905215,0.07692307692307693
IGLL1,2,0,0,0.36729857819905215,0.4
CD1B,2,0,0,0.36729857819905215,0.07692307692307693
CXCL5,2,0,0,0.36729857819905215,0.4
CES1,2,0,0,0.36729857819905215,0.4
ARG1,2,0,0,0.36729857819905215,0.4
IL1B,2,0,0,0.36729857819905215,0.4
SOX17,2,0,0,0.36729857819905215,0.037037037037037035
GPR4,2,0,0,0.36729857819905215,0.037037037037037035
MMP27,2,0,0,0.36729857819905215,0.4
G0S2,2,0,0,0.36729857819905215,0.07692307692307693
COL17A1,2,0,0,0.36729857819905215,0.4
ASPN,2,0,0,0.36729857819905215,0.0
NMB,2,0,0,0.36729857819905215,0.4
CD207,2,0,0,0.36729857819905215,0.2727272727272727
CLDN1,2,0,0,0.36729857819905215,0.2727272727272727
FCER1A,2,0,0,0.36729857819905215,0.2727272727272727
CD1A,2,0,0,0.36729857819905215,0.2727272727272727
TFPI2,2,0,0,0.36729857819905215,0.2727272727272727
FCER2,2,0,0,0.36729857819905215,0.037037037037037035
CR2,2,0,0,0.36729857819905215,0.037037037037037035
LEPR,2,0,0,0.36729857819905215,0.037037037037037035
DSC1,2,0,0,0.36729857819905215,0.2727272727272727
ITGA8,2,0,0,0.36729857819905215,0.12
DERL3,2,0,0,0.36729857819905215,0.12
MMRN1,2,0,0,0.36729857819905215,0.2727272727272727
SOSTDC1,2,0,0,0.36729857819905215,0.037037037037037035
GATA2,2,0,0,0.36729857819905215,0.12
AHNAK2,2,0,0,0.36729857819905215,0.12
S100A14,2,0,0,0.36729857819905215,0.034482758620689655
FRZB,2,0,0,0.36729857819905215,0.14814814814814814
COMP,2,0,0,0.36729857819905215,0.034482758620689655
SBSN,2,0,0,0.36729857819905215,0.30434782608695654
MIA,2,0,0,0.36729857819905215,0.14814814814814814
SFRP1,2,0,0,0.36729857819905215,0.034482758620689655
PROX1,2,0,0,0.36729857819905215,0.14814814814814814
ACTA2,2,0,0,0.36729857819905215,0.30434782608695654
AREG,2,0,0,0.36729857819905215,0.30434782608695654
KRT17,2,0,0,0.36729857819905215,0.30434782608695654
DSP,2,0,0,0.36729857819905215,0.30434782608695654
LAMB3,2,0,0,0.36729857819905215,0.034482758620689655
AKR1C1,2,0,0,0.36729857819905215,0.30434782608695654
AZGP1,2,0,0,0.36729857819905215,0.14814814814814814
TMEM150C,2,0,0,0.36729857819905215,0.30434782608695654
C5AR1,2,0,0,0.36729857819905215,0.14814814814814814
KRT5,2,0,0,0.36729857819905215,0.30434782608695654
PDCD1,2,0,0,0.36729857819905215,0.037037037037037035
NLGN4Y,2,0,0,0.36729857819905215,0.2727272727272727
DMKN,2,0,0,0.36729857819905215,0.07407407407407407
IL6,2,0,0,0.36729857819905215,0.07407407407407407
PDPN,2,0,0,0.36729857819905215,0.2727272727272727
CXCL1,2,0,0,0.36729857819905215,0.07407407407407407
FBLN1,2,0,0,0.36729857819905215,0.0
CD40LG,2,0,0,0.36729857819905215,0.037037037037037035
TNFRSF17,2,0,0,0.36729857819905215,0.2727272727272727
MZB1,2,0,0,0.36729857819905215,0.2727272727272727
FCRL5,2,0,0,0.36729857819905215,0.2727272727272727
MS4A1,2,0,0,0.36729857819905215,0.2727272727272727
CD79A,2,0,0,0.36729857819905215,0.2727272727272727
C11orf96,2,0,0,0.36729857819905215,0.0
MFAP4,2,0,0,0.36729857819905215,0.0
PTGER3,2,0,0,0.36729857819905215,0.037037037037037035
KRT2,2,0,0,0.36729857819905215,0.20833333333333334
KRT16,2,0,0,0.36729857819905215,0.037037037037037035
CXADR,2,0,0,0.36729857819905215,0.07692307692307693
MT1F,2,0,0,0.36729857819905215,0.20833333333333334
PKIB,2,0,0,0.36729857819905215,0.02631578947368421
TACSTD2,2,0,0,0.36729857819905215,0.20833333333333334
AQP3,2,0,0,0.36729857819905215,0.20833333333333334
LTB,2,0,0,0.36729857819905215,0.037037037037037035
TMEM45A,2,0,0,0.36729857819905215,0.07692307692307693
LYPD3,2,0,0,0.36729857819905215,0.20833333333333334
TAGLN,2,0,0,0.36729857819905215,0.037037037037037035
CCR2,2,0,0,0.36729857819905215,0.02631578947368421
IL32,2,0,0,0.36729857819905215,0.20833333333333334
INSIG1,2,0,0,0.36729857819905215,0.07692307692307693
IRF5,2,0,0,0.36729857819905215,0.3448275862068966
AIM2,2,0,0,0.36729857819905215,0.3448275862068966
IL10,2,0,0,0.36729857819905215,0.3448275862068966
RGS1,2,0,0,0.36729857819905215,0.3448275862068966
IDO1,2,0,0,0.36729857819905215,0.3448275862068966
GPR157,2,0,0,0.36729857819905215,0.3448275862068966
CCR7,2,0,0,0.36729857819905215,0.3448275862068966
BIRC3,2,0,0,0.36729857819905215,0.3448275862068966
BASP1,2,0,0,0.36729857819905215,0.3448275862068966
CD83,2,0,0,0.36729857819905215,0.3448275862068966
FSCN1,2,0,0,0.36729857819905215,0.3448275862068966
CBFA2T3,2,0,0,0.36729857819905215,0.0
RGCC,2,0,0,0.36729857819905215,0.07692307692307693
CLEC9A,2,0,0,0.36729857819905215,0.07692307692307693
ENPP1,2,0,0,0.36729857819905215,0.07692307692307693
TSPAN33,2,0,0,0.36729857819905215,0.42857142857142855
ID2,2,0,0,0.36729857819905215,0.42857142857142855
LGALS2,2,0,0,0.36729857819905215,0.42857142857142855
C1orf54,2,0,0,0.36729857819905215,0.0
CPVL,2,0,0,0.36729857819905215,0.0
IRF8,2,0,0,0.36729857819905215,0.42857142857142855
WDFY4,2,0,0,0.36729857819905215,0.42857142857142855
LGALS9,2,0,0,0.36729857819905215,0.07894736842105263
LST1,2,0,0,0.36729857819905215,0.07894736842105263
MNDA,2,0,0,0.36729857819905215,0.07894736842105263
ENTPD1,2,0,0,0.36729857819905215,0.0
HAVCR2,2,0,0,0.36729857819905215,0.42857142857142855
CCL2,2,0,0,0.36729857819905215,0.42857142857142855
CCL8,2,0,0,0.36729857819905215,0.42857142857142855
PDCD1LG2,2,0,0,0.36729857819905215,0.42857142857142855
CXCL2,2,0,0,0.36729857819905215,0.07894736842105263
RNASE1,2,0,0,0.36729857819905215,0.42857142857142855
TYROBP,2,0,0,0.36729857819905215,0.85
AIF1,2,0,0,0.36729857819905215,0.85
TMEM176A,2,0,0,0.36729857819905215,0.85
C3AR1,2,0,0,0.36729857819905215,0.85
CD4,2,0,0,0.36729857819905215,0.85
CTSL,2,0,0,0.36729857819905215,0.85
AXL,2,0,0,0.36729857819905215,0.85
IL4I1,2,0,0,0.36729857819905215,0.0
ITGAX,2,0,0,0.36729857819905215,0.85
CSF1R,2,0,0,0.36729857819905215,0.85
CD14,2,0,0,0.36729857819905215,0.85
MMP9,2,0,0,0.36729857819905215,0.0
CD163,2,0,0,0.36729857819905215,0.85
C1QA,2,0,0,0.36729857819905215,0.85
LYZ,2,0,0,0.36729857819905215,0.85
CD68,2,0,0,0.36729857819905215,0.85
CTSZ,2,0,0,0.36729857819905215,0.85
FCER1G,2,0,0,0.36729857819905215,0.85
HLA-DPB1,2,0,0,0.36729857819905215,0.85
SLC8A1,2,0,0,0.36729857819905215,0.85
C15orf48,2,0,0,0.36729857819905215,0.04878048780487805
CLEC10A,2,0,0,0.36729857819905215,0.04878048780487805
CD1C,2,0,0,0.36729857819905215,0.04878048780487805
KRT18,2,0,0,0.36729857819905215,0.10344827586206896
ADAM12,2,0,0,0.36729857819905215,0.34615384615384615
ZNF667-AS1,2,0,0,0.36729857819905215,0.34615384615384615
BHLHE41,2,0,0,0.36729857819905215,0.0
VEGFA,2,0,0,0.36729857819905215,0.34615384615384615
SLC25A39,2,0,0,0.36729857819905215,0.34615384615384615
FKBP8,2,0,0,0.36729857819905215,0.34615384615384615
SLC2A3,2,0,0,0.36729857819905215,0.34615384615384615
NR4A2,2,0,0,0.36729857819905215,0.10344827586206896
CCND3,2,0,0,0.36729857819905215,0.34615384615384615
CSPG4,2,0,0,0.36729857819905215,0.10344827586206896
HES1,2,0,0,0.36729857819905215,0.34615384615384615
MEF2C,2,0,0,0.36729857819905215,0.34615384615384615
KRT1,2,0,0,0.36729857819905215,0.34615384615384615
MPZ,2,0,0,0.36729857819905215,0.10344827586206896
LENG8,2,0,0,0.36729857819905215,0.0
ETV1,2,0,0,0.36729857819905215,0.10714285714285714
CD274,2,0,0,0.36729857819905215,0.02631578947368421
DCT,2,0,0,0.36729857819905215,0.10714285714285714
PTCH1,2,0,0,0.36729857819905215,0.10714285714285714
ATF3,2,0,0,0.36729857819905215,0.10714285714285714
STRADB,2,0,0,0.36729857819905215,0.07692307692307693
SERPING1,2,0,0,0.36729857819905215,0.0
IRF1,2,0,0,0.36729857819905215,0.02631578947368421
CXCL10,2,0,0,0.36729857819905215,0.037037037037037035
CXCL11,2,0,0,0.36729857819905215,0.037037037037037035
KDM5B,2,0,0,0.36729857819905215,0.07692307692307693
LSAMP,2,0,0,0.36729857819905215,0.07692307692307693
TUBB2B,2,0,0,0.36729857819905215,0.07692307692307693
RASSF8,2,0,0,0.36729857819905215,0.07692307692307693
ID4,2,0,0,0.36729857819905215,0.07692307692307693
CYB561A3,2,0,0,0.36729857819905215,0.8245614035087719
FAM210B,2,0,0,0.36729857819905215,0.8245614035087719
PTGR1,2,0,0,0.36729857819905215,0.8245614035087719
CALD1,2,0,0,0.36729857819905215,0.8245614035087719
CDH2,2,0,0,0.36729857819905215,0.8245614035087719
PERP,2,0,0,0.36729857819905215,0.8245614035087719
S100A13,2,0,0,0.36729857819905215,0.8245614035087719
GYPC,2,0,0,0.36729857819905215,0.8245614035087719
IFITM1,2,0,0,0.36729857819905215,0.8245614035087719
MYC,2,0,0,0.36729857819905215,0.8245614035087719
ENAH,2,0,0,0.36729857819905215,0.8245614035087719
ITGB1,2,0,0,0.36729857819905215,0.8245614035087719
PTEN,2,0,0,0.36729857819905215,0.8245614035087719
CD276,2,0,0,0.36729857819905215,0.8245614035087719
ITGA6,2,0,0,0.36729857819905215,0.8245614035087719
NRP2,2,0,0,0.36729857819905215,0.8245614035087719
IFI27,2,0,0,0.36729857819905215,0.8245614035087719
CRYAB,2,0,0,0.36729857819905215,0.8245614035087719
TSC22D1,2,0,0,0.36729857819905215,0.8245614035087719
TNC,2,0,0,0.36729857819905215,0.0
IRF4,2,0,0,0.36729857819905215,0.8245614035087719
KIT,2,0,0,0.36729857819905215,0.8245614035087719
DST,2,0,0,0.36729857819905215,0.8245614035087719
APCDD1,2,0,0,0.36729857819905215,0.8245614035087719
TBC1D7,2,0,0,0.36729857819905215,0.8245614035087719
PCDH7,2,0,0,0.36729857819905215,0.8245614035087719
SNCA,2,0,0,0.36729857819905215,0.8245614035087719
S100B,2,0,0,0.36729857819905215,0.8245614035087719
NSG1,2,0,0,0.36729857819905215,0.8245614035087719
CCND1,2,0,0,0.36729857819905215,0.8245614035087719
TYRP1,2,0,0,0.36729857819905215,0.8245614035087719
TFAP2B,2,0,0,0.36729857819905215,0.8245614035087719
FBXO7,2,0,0,0.36729857819905215,0.8245614035087719
PLP1,2,0,0,0.36729857819905215,0.8245614035087719
TRPM1,2,0,0,0.36729857819905215,0.8245614035087719
SOX10,2,0,0,0.36729857819905215,0.8245614035087719
MARCKSL1,2,0,0,0.36729857819905215,0.8245614035087719
EDNRB,2,0,0,0.36729857819905215,0.8245614035087719
CTNNB1,2,0,0,0.36729857819905215,0.8245614035087719
MITF,2,0,0,0.36729857819905215,0.8245614035087719
QPCT,2,0,0,0.36729857819905215,0.8245614035087719
IFI6,2,0,0,0.36729857819905215,0.8245614035087719
MLANA,2,0,0,0.36729857819905215,0.8245614035087719
CD63,2,0,0,0.36729857819905215,0.8245614035087719
SERPINE2,2,0,0,0.36729857819905215,0.8245614035087719
TYR,2,0,0,0.36729857819905215,0.8245614035087719
TFAP2A,2,0,0,0.36729857819905215,0.8245614035087719
PMEL,2,0,0,0.36729857819905215,0.8245614035087719
VIM,2,0,0,0.36729857819905215,0.8245614035087719
NFKBIZ,2,0,0,0.36729857819905215,0.05128205128205128
BCL2A1,2,0,0,0.36729857819905215,0.03125
CXCR3,2,0,0,0.36729857819905215,0.0
PBXIP1,2,0,0,0.36729857819905215,0.03125
GPR183,2,0,0,0.36729857819905215,0.0
IL2RA,2,0,0,0.36729857819905215,0.2222222222222222
CTLA4,2,0,0,0.36729857819905215,0.2222222222222222
FOXP3,2,0,0,0.36729857819905215,0.2222222222222222
IFNG,2,0,0,0.36729857819905215,0.2222222222222222
TNF,2,0,0,0.36729857819905215,0.05128205128205128
CCL4,2,0,0,0.36729857819905215,0.2222222222222222
CCL3,2,0,0,0.36729857819905215,0.2222222222222222
ITGAE,2,0,0,0.36729857819905215,0.2222222222222222
TGFB1,2,0,0,0.36729857819905215,0.05128205128205128
S100A4,2,0,0,0.36729857819905215,0.0
ALOX5AP,2,0,0,0.36729857819905215,0.0
CDC20,2,0,0,0.36729857819905215,0.0
COTL1,2,0,0,0.36729857819905215,0.03571428571428571
ARHGDIB,2,0,0,0.36729857819905215,0.03571428571428571
BIRC5,2,0,0,0.36729857819905215,0.7058823529411765
CENPF,2,0,0,0.36729857819905215,0.7058823529411765
PTTG1,2,0,0,0.36729857819905215,0.7058823529411765
UBE2C,2,0,0,0.36729857819905215,0.7058823529411765
CDK1,2,0,0,0.36729857819905215,0.7058823529411765
HIST1H4C,2,0,0,0.36729857819905215,0.7058823529411765
NUSAP1,2,0,0,0.36729857819905215,0.7058823529411765
TOP2A,2,0,0,0.36729857819905215,0.7058823529411765
MKI67,2,0,0,0.36729857819905215,0.7058823529411765
HMGN2,2,0,0,0.36729857819905215,0.7058823529411765
HMGB2,2,0,0,0.36729857819905215,0.7058823529411765
RRM2,2,0,0,0.36729857819905215,0.7058823529411765
STMN1,2,0,0,0.36729857819905215,0.0
TYMS,2,0,0,0.36729857819905215,0.7058823529411765
LCK,2,0,0,0.36729857819905215,0.0
LAG3,2,0,0,0.36729857819905215,0.6470588235294118
CD3E,2,0,0,0.36729857819905215,0.6470588235294118
CD8A,2,0,0,0.36729857819905215,0.6470588235294118
CCL5,2,0,0,0.36729857819905215,0.6470588235294118
GZMA,2,0,0,0.36729857819905215,0.6470588235294118
GZMB,2,0,0,0.36729857819905215,0.6470588235294118
PRF1,2,0,0,0.36729857819905215,0.6470588235294118
CD3D,2,0,0,0.36729857819905215,0.6470588235294118
CD3G,2,0,0,0.36729857819905215,0.6470588235294118
GZMK,2,0,0,0.36729857819905215,0.037037037037037035
CST7,2,0,0,0.36729857819905215,0.6470588235294118
CD27,2,0,0,0.36729857819905215,0.6470588235294118
TIGIT,2,0,0,0.36729857819905215,0.6470588235294118
DUSP2,2,0,0,0.36729857819905215,0.037037037037037035
AKAP5,2,0,0,0.36729857819905215,0.034482758620689655
CXCL13,2,0,0,0.36729857819905215,0.1111111111111111
ITM2A,2,0,0,0.36729857819905215,0.1111111111111111
PTPRCAP,2,0,0,0.36729857819905215,0.375
CXCR4,2,0,0,0.36729857819905215,0.1111111111111111
CD52,2,0,0,0.36729857819905215,0.375
CD69,2,0,0,0.36729857819905215,0.375
KLRG1,2,0,0,0.36729857819905215,0.1111111111111111
SELL,2,0,0,0.36729857819905215,0.375
IL7R,2,0,0,0.36729857819905215,0.375
GIMAP7,2,0,0,0.36729857819905215,0.375
TCF7,2,0,0,0.36729857819905215,0.375
NKG7,2,0,0,0.36729857819905215,0.034482758620689655
KLRB1,2,0,0,0.36729857819905215,0.0
CTSW,2,0,0,0.36729857819905215,0.375
GNLY,2,0,0,0.36729857819905215,0.375
KLRD1,2,0,0,0.36729857819905215,0.375
CRABP2,2,0,0,0.36729857819905215,0.13793103448275862
TFPI,2,0,0,0.36729857819905215,0.13793103448275862
SYNPO2,2,0,0,0.36729857819905215,0.13793103448275862
NR2F2,2,0,0,0.36729857819905215,0.13793103448275862
PTN,2,0,0,0.36729857819905215,0.4583333333333333
IGFBP3,2,0,0,0.36729857819905215,0.4583333333333333
CPE,2,0,0,0.36729857819905215,0.4583333333333333
SPRY1,2,0,0,0.36729857819905215,0.4583333333333333
SLC25A37,2,0,0,0.36729857819905215,0.0
GEM,2,0,0,0.36729857819905215,0.4583333333333333
CCL19,2,0,0,0.36729857819905215,0.13793103448275862
HTRA1,2,0,0,0.36729857819905215,0.0
MYL9,2,0,0,0.36729857819905215,0.4583333333333333
NOTCH3,2,0,0,0.36729857819905215,0.4583333333333333
SFRP2,2,0,0,0.36729857819905215,0.4583333333333333
SOD3,2,0,0,0.36729857819905215,0.4583333333333333
APOD,2,0,0,0.36729857819905215,0.4583333333333333
INHBA,2,0,0,0.36729857819905215,0.4583333333333333
IGFBP5,2,0,0,0.36729857819905215,0.4583333333333333
CXCL12,2,0,0,0.36729857819905215,0.0
PDGFRA,2,0,0,0.36729857819905215,0.875
THY1,2,0,0,0.36729857819905215,0.875
FAP,2,0,0,0.36729857819905215,0.875
VCAN,2,0,0,0.36729857819905215,0.875
C3,2,0,0,0.36729857819905215,0.0
THBS2,2,0,0,0.36729857819905215,0.875
PTGDS,2,0,0,0.36729857819905215,0.875
LUM,2,0,0,0.36729857819905215,0.875
PDGFRB,2,0,0,0.36729857819905215,0.875
COL5A2,2,0,0,0.36729857819905215,0.875
MMP2,2,0,0,0.36729857819905215,0.875
POSTN,2,0,0,0.36729857819905215,0.875
FN1,2,0,0,0.36729857819905215,0.875
COL6A3,2,0,0,0.36729857819905215,0.875
COL6A1,2,0,0,0.36729857819905215,0.875
COL6A2,2,0,0,0.36729857819905215,0.875
SELE,2,0,0,0.36729857819905215,0.0
RGS5,2,0,0,0.36729857819905215,0.0
MYCT1,2,0,0,0.36729857819905215,0.06451612903225806
IL3RA,2,0,0,0.36729857819905215,0.06451612903225806
TM4SF1,2,0,0,0.36729857819905215,0.65
GNG11,2,0,0,0.36729857819905215,0.0
RAMP2,2,0,0,0.36729857819905215,0.65
MGP,2,0,0,0.36729857819905215,0.06451612903225806
ITGA5,2,0,0,0.36729857819905215,0.65
CD93,2,0,0,0.36729857819905215,0.65
IGFBP7,2,0,0,0.36729857819905215,0.65
ECSCR,2,0,0,0.36729857819905215,0.65
CALCRL,2,0,0,0.36729857819905215,0.65
VWF,2,0,0,0.36729857819905215,0.65
CD34,2,0,0,0.36729857819905215,0.65
CDH5,2,0,0,0.36729857819905215,0.65
PECAM1,2,0,0,0.36729857819905215,0.65
PLVAP,2,0,0,0.36729857819905215,0.65
AQP1,2,0,0,0.36729857819905215,0.65
SPARCL1,2,0,0,0.36729857819905215,0.65
MT1A,2,1,0,0.22795341098169716,0.7
LY6D,2,1,0,0.22795341098169716,0.7
WIF1,2,1,0,0.22795341098169716,0.7
HBE1,2,1,0,0.22795341098169716,0.7
DEFB1,2,1,0,0.22795341098169716,0.7
MYOC,2,1,0,0.22795341098169716,0.7
TFF3,2,1,0,0.22795341098169716,0.0967741935483871
PPP1R14A,2,1,0,0.22795341098169716,0.7
IL33,2,1,0,0.22795341098169716,0.0967741935483871
MT1G,2,1,0,0.22795341098169716,0.7
TNFRSF18,2,1,0,0.22795341098169716,0.7
KRTDAP,2,1,0,0.22795341098169716,0.0967741935483871
ALAS2,2,1,0,0.22795341098169716,0.7
HBD,2,1,0,0.22795341098169716,0.7
SLPI,2,1,0,0.22795341098169716,0.0967741935483871
RGS16,2,1,0,0.22795341098169716,0.7
SCGB1B2P,2,1,0,0.22795341098169716,0.7
CA1,2,1,0,0.22795341098169716,0.7
AHSP,2,1,0,0.22795341098169716,0.7
MIR205HG,2,1,0,0.22795341098169716,0.36363636363636365
IL17A,2,1,0,0.22795341098169716,0.034482758620689655
FGFBP1,2,1,0,0.22795341098169716,0.36363636363636365
IGFBP2,2,1,0,0.22795341098169716,0.36363636363636365
MYH11,2,1,0,0.22795341098169716,0.037037037037037035
LYVE1,2,1,0,0.22795341098169716,0.0
HAPLN1,2,1,0,0.22795341098169716,0.36363636363636365
SERPINB2,2,1,0,0.22795341098169716,0.034482758620689655
LOR,2,1,0,0.22795341098169716,0.36363636363636365
CLDN5,2,1,0,0.22795341098169716,0.037037037037037035
NDUFA4L2,2,1,0,0.22795341098169716,0.0
RHOV,2,1,0,0.22795341098169716,0.36363636363636365
CLDN4,2,1,0,0.22795341098169716,0.36363636363636365
LINC00636,2,1,0,0.22795341098169716,0.36363636363636365
MMP10,2,1,0,0.22795341098169716,0.36363636363636365
MT1X,2,1,0,0.22795341098169716,0.034482758620689655
FABP4,2,1,0,0.22795341098169716,0.037037037037037035
PKHD1L1,2,1,0,0.22795341098169716,0.037037037037037035
BCAN,2,1,0,0.22795341098169716,0.034482758620689655
NGFR,2,1,0,0.22795341098169716,0.12
SOX15,2,1,0,0.22795341098169716,0.16666666666666666
COCH,2,1,0,0.22795341098169716,0.12
KRT15,2,1,0,0.22795341098169716,0.0
PLAC9,2,1,0,0.22795341098169716,0.12
ACER1,2,1,0,0.22795341098169716,0.16666666666666666
CAPNS2,2,1,0,0.22795341098169716,0.16666666666666666
MAL2,2,1,0,0.22795341098169716,0.0
ACHE,2,1,0,0.22795341098169716,0.16666666666666666
CCL22,2,1,0,0.22795341098169716,0.16666666666666666
MFAP5,2,1,0,0.22795341098169716,0.12
TP63,2,1,0,0.22795341098169716,0.21739130434782608
SERPINB5,2,1,0,0.22795341098169716,0.0
IGLL1,2,1,0,0.22795341098169716,0.16666666666666666
CD1B,2,1,0,0.22795341098169716,0.16666666666666666
CXCL5,2,1,0,0.22795341098169716,0.0
CES1,2,1,0,0.22795341098169716,0.21739130434782608
ARG1,2,1,0,0.22795341098169716,0.16666666666666666
IL1B,2,1,0,0.22795341098169716,0.16666666666666666
SOX17,2,1,0,0.22795341098169716,0.21739130434782608
GPR4,2,1,0,0.22795341098169716,0.21739130434782608
MMP27,2,1,0,0.22795341098169716,0.0
G0S2,2,1,0,0.22795341098169716,0.21739130434782608
COL17A1,2,1,0,0.22795341098169716,0.0
ASPN,2,1,0,0.22795341098169716,0.21739130434782608
NMB,2,1,0,0.22795341098169716,0.16666666666666666
CD207,2,1,0,0.22795341098169716,0.07692307692307693
CLDN1,2,1,0,0.22795341098169716,0.07692307692307693
FCER1A,2,1,0,0.22795341098169716,0.0
CD1A,2,1,0,0.22795341098169716,0.07692307692307693
TFPI2,2,1,0,0.22795341098169716,0.2727272727272727
FCER2,2,1,0,0.22795341098169716,0.07692307692307693
CR2,2,1,0,0.22795341098169716,0.07692307692307693
LEPR,2,1,0,0.22795341098169716,0.2727272727272727
DSC1,2,1,0,0.22795341098169716,0.2727272727272727
ITGA8,2,1,0,0.22795341098169716,0.2727272727272727
DERL3,2,1,0,0.22795341098169716,0.2727272727272727
MMRN1,2,1,0,0.22795341098169716,0.2727272727272727
SOSTDC1,2,1,0,0.22795341098169716,0.07692307692307693
GATA2,2,1,0,0.22795341098169716,0.2727272727272727
AHNAK2,2,1,0,0.22795341098169716,0.0
S100A14,2,1,0,0.22795341098169716,0.25925925925925924
FRZB,2,1,0,0.22795341098169716,0.25925925925925924
COMP,2,1,0,0.22795341098169716,0.25925925925925924
SBSN,2,1,0,0.22795341098169716,0.25925925925925924
MIA,2,1,0,0.22795341098169716,0.0
SFRP1,2,1,0,0.22795341098169716,0.0
PROX1,2,1,0,0.22795341098169716,0.07142857142857142
ACTA2,2,1,0,0.22795341098169716,0.0
AREG,2,1,0,0.22795341098169716,0.07142857142857142
KRT17,2,1,0,0.22795341098169716,0.25925925925925924
DSP,2,1,0,0.22795341098169716,0.0
LAMB3,2,1,0,0.22795341098169716,0.07142857142857142
AKR1C1,2,1,0,0.22795341098169716,0.034482758620689655
AZGP1,2,1,0,0.22795341098169716,0.25925925925925924
TMEM150C,2,1,0,0.22795341098169716,0.034482758620689655
C5AR1,2,1,0,0.22795341098169716,0.25925925925925924
KRT5,2,1,0,0.22795341098169716,0.25925925925925924
PDCD1,2,1,0,0.22795341098169716,0.14285714285714285
NLGN4Y,2,1,0,0.22795341098169716,0.2727272727272727
DMKN,2,1,0,0.22795341098169716,0.14285714285714285
IL6,2,1,0,0.22795341098169716,0.2727272727272727
PDPN,2,1,0,0.22795341098169716,0.0
CXCL1,2,1,0,0.22795341098169716,0.14285714285714285
FBLN1,2,1,0,0.22795341098169716,0.022727272727272728
CD40LG,2,1,0,0.22795341098169716,0.14285714285714285
TNFRSF17,2,1,0,0.22795341098169716,0.2727272727272727
MZB1,2,1,0,0.22795341098169716,0.2727272727272727
FCRL5,2,1,0,0.22795341098169716,0.2727272727272727
MS4A1,2,1,0,0.22795341098169716,0.2727272727272727
CD79A,2,1,0,0.22795341098169716,0.2727272727272727
C11orf96,2,1,0,0.22795341098169716,0.14285714285714285
MFAP4,2,1,0,0.22795341098169716,0.022727272727272728
PTGER3,2,1,0,0.22795341098169716,0.3333333333333333
KRT2,2,1,0,0.22795341098169716,0.3333333333333333
KRT16,2,1,0,0.22795341098169716,0.03225806451612903
CXADR,2,1,0,0.22795341098169716,0.03225806451612903
MT1F,2,1,0,0.22795341098169716,0.3333333333333333
PKIB,2,1,0,0.22795341098169716,0.3333333333333333
TACSTD2,2,1,0,0.22795341098169716,0.3333333333333333
AQP3,2,1,0,0.22795341098169716,0.3333333333333333
LTB,2,1,0,0.22795341098169716,0.3333333333333333
TMEM45A,2,1,0,0.22795341098169716,0.07692307692307693
LYPD3,2,1,0,0.22795341098169716,0.07692307692307693
TAGLN,2,1,0,0.22795341098169716,0.07692307692307693
CCR2,2,1,0,0.22795341098169716,0.3333333333333333
IL32,2,1,0,0.22795341098169716,0.0
INSIG1,2,1,0,0.22795341098169716,0.0
IRF5,2,1,0,0.22795341098169716,0.014084507042253521
AIM2,2,1,0,0.22795341098169716,0.0
IL10,2,1,0,0.22795341098169716,0.014084507042253521
RGS1,2,1,0,0.22795341098169716,0.44
IDO1,2,1,0,0.22795341098169716,0.44
GPR157,2,1,0,0.22795341098169716,0.44
CCR7,2,1,0,0.22795341098169716,0.44
BIRC3,2,1,0,0.22795341098169716,0.44
BASP1,2,1,0,0.22795341098169716,0.44
CD83,2,1,0,0.22795341098169716,0.44
FSCN1,2,1,0,0.22795341098169716,0.44
CBFA2T3,2,1,0,0.22795341098169716,0.44
RGCC,2,1,0,0.22795341098169716,0.44
CLEC9A,2,1,0,0.22795341098169716,0.44
ENPP1,2,1,0,0.22795341098169716,0.44
TSPAN33,2,1,0,0.22795341098169716,0.1875
ID2,2,1,0,0.22795341098169716,0.1875
LGALS2,2,1,0,0.22795341098169716,0.1875
C1orf54,2,1,0,0.22795341098169716,0.1875
CPVL,2,1,0,0.22795341098169716,0.1875
IRF8,2,1,0,0.22795341098169716,0.1875
WDFY4,2,1,0,0.22795341098169716,0.1875
LGALS9,2,1,0,0.22795341098169716,0.1568627450980392
LST1,2,1,0,0.22795341098169716,0.1568627450980392
MNDA,2,1,0,0.22795341098169716,0.1568627450980392
ENTPD1,2,1,0,0.22795341098169716,0.0
HAVCR2,2,1,0,0.22795341098169716,0.1568627450980392
CCL2,2,1,0,0.22795341098169716,0.1568627450980392
CCL8,2,1,0,0.22795341098169716,0.1568627450980392
PDCD1LG2,2,1,0,0.22795341098169716,0.1568627450980392
CXCL2,2,1,0,0.22795341098169716,0.1568627450980392
RNASE1,2,1,0,0.22795341098169716,0.1568627450980392
TYROBP,2,1,0,0.22795341098169716,0.4418604651162791
AIF1,2,1,0,0.22795341098169716,0.4418604651162791
TMEM176A,2,1,0,0.22795341098169716,0.4418604651162791
C3AR1,2,1,0,0.22795341098169716,0.4418604651162791
CD4,2,1,0,0.22795341098169716,0.4418604651162791
CTSL,2,1,0,0.22795341098169716,0.4418604651162791
AXL,2,1,0,0.22795341098169716,0.4418604651162791
IL4I1,2,1,0,0.22795341098169716,0.4418604651162791
ITGAX,2,1,0,0.22795341098169716,0.4418604651162791
CSF1R,2,1,0,0.22795341098169716,0.4418604651162791
CD14,2,1,0,0.22795341098169716,0.4418604651162791
MMP9,2,1,0,0.22795341098169716,0.4418604651162791
CD163,2,1,0,0.22795341098169716,0.4418604651162791
C1QA,2,1,0,0.22795341098169716,0.4418604651162791
LYZ,2,1,0,0.22795341098169716,0.4418604651162791
CD68,2,1,0,0.22795341098169716,0.4418604651162791
CTSZ,2,1,0,0.22795341098169716,0.4418604651162791
FCER1G,2,1,0,0.22795341098169716,0.4418604651162791
HLA-DPB1,2,1,0,0.22795341098169716,0.4418604651162791
SLC8A1,2,1,0,0.22795341098169716,0.4418604651162791
C15orf48,2,1,0,0.22795341098169716,0.06666666666666667
CLEC10A,2,1,0,0.22795341098169716,0.10344827586206896
CD1C,2,1,0,0.22795341098169716,0.10344827586206896
KRT18,2,1,0,0.22795341098169716,0.07042253521126761
ADAM12,2,1,0,0.22795341098169716,0.10344827586206896
ZNF667-AS1,2,1,0,0.22795341098169716,0.06666666666666667
BHLHE41,2,1,0,0.22795341098169716,0.0
VEGFA,2,1,0,0.22795341098169716,0.06666666666666667
SLC25A39,2,1,0,0.22795341098169716,0.07042253521126761
FKBP8,2,1,0,0.22795341098169716,0.07042253521126761
SLC2A3,2,1,0,0.22795341098169716,0.016666666666666666
NR4A2,2,1,0,0.22795341098169716,0.06666666666666667
CCND3,2,1,0,0.22795341098169716,0.016666666666666666
CSPG4,2,1,0,0.22795341098169716,0.06666666666666667
HES1,2,1,0,0.22795341098169716,0.07042253521126761
MEF2C,2,1,0,0.22795341098169716,0.07042253521126761
KRT1,2,1,0,0.22795341098169716,0.06666666666666667
MPZ,2,1,0,0.22795341098169716,0.10344827586206896
LENG8,2,1,0,0.22795341098169716,0.07042253521126761
ETV1,2,1,0,0.22795341098169716,0.05555555555555555
CD274,2,1,0,0.22795341098169716,0.0
DCT,2,1,0,0.22795341098169716,0.0
PTCH1,2,1,0,0.22795341098169716,0.07462686567164178
ATF3,2,1,0,0.22795341098169716,0.07462686567164178
STRADB,2,1,0,0.22795341098169716,0.07462686567164178
SERPING1,2,1,0,0.22795341098169716,0.0
IRF1,2,1,0,0.22795341098169716,0.05555555555555555
CXCL10,2,1,0,0.22795341098169716,0.05555555555555555
CXCL11,2,1,0,0.22795341098169716,0.05555555555555555
KDM5B,2,1,0,0.22795341098169716,0.07462686567164178
LSAMP,2,1,0,0.22795341098169716,0.037037037037037035
TUBB2B,2,1,0,0.22795341098169716,0.037037037037037035
RASSF8,2,1,0,0.22795341098169716,0.07462686567164178
ID4,2,1,0,0.22795341098169716,0.07462686567164178
CYB561A3,2,1,0,0.22795341098169716,0.65625
FAM210B,2,1,0,0.22795341098169716,0.65625
PTGR1,2,1,0,0.22795341098169716,0.65625
CALD1,2,1,0,0.22795341098169716,0.0
CDH2,2,1,0,0.22795341098169716,0.0
PERP,2,1,0,0.22795341098169716,0.0
S100A13,2,1,0,0.22795341098169716,0.65625
GYPC,2,1,0,0.22795341098169716,0.65625
IFITM1,2,1,0,0.22795341098169716,0.65625
MYC,2,1,0,0.22795341098169716,0.65625
ENAH,2,1,0,0.22795341098169716,0.65625
ITGB1,2,1,0,0.22795341098169716,0.65625
PTEN,2,1,0,0.22795341098169716,0.65625
CD276,2,1,0,0.22795341098169716,0.65625
ITGA6,2,1,0,0.22795341098169716,0.0
NRP2,2,1,0,0.22795341098169716,0.65625
IFI27,2,1,0,0.22795341098169716,0.65625
CRYAB,2,1,0,0.22795341098169716,0.65625
TSC22D1,2,1,0,0.22795341098169716,0.65625
TNC,2,1,0,0.22795341098169716,0.0
IRF4,2,1,0,0.22795341098169716,0.65625
KIT,2,1,0,0.22795341098169716,0.65625
DST,2,1,0,0.22795341098169716,0.65625
APCDD1,2,1,0,0.22795341098169716,0.65625
TBC1D7,2,1,0,0.22795341098169716,0.65625
PCDH7,2,1,0,0.22795341098169716,0.65625
SNCA,2,1,0,0.22795341098169716,0.65625
S100B,2,1,0,0.22795341098169716,0.65625
NSG1,2,1,0,0.22795341098169716,0.65625
CCND1,2,1,0,0.22795341098169716,0.65625
TYRP1,2,1,0,0.22795341098169716,0.65625
TFAP2B,2,1,0,0.22795341098169716,0.65625
FBXO7,2,1,0,0.22795341098169716,0.65625
PLP1,2,1,0,0.22795341098169716,0.65625
TRPM1,2,1,0,0.22795341098169716,0.65625
SOX10,2,1,0,0.22795341098169716,0.65625
MARCKSL1,2,1,0,0.22795341098169716,0.0
EDNRB,2,1,0,0.22795341098169716,0.65625
CTNNB1,2,1,0,0.22795341098169716,0.65625
MITF,2,1,0,0.22795341098169716,0.65625
QPCT,2,1,0,0.22795341098169716,0.65625
IFI6,2,1,0,0.22795341098169716,0.65625
MLANA,2,1,0,0.22795341098169716,0.65625
CD63,2,1,0,0.22795341098169716,0.65625
SERPINE2,2,1,0,0.22795341098169716,0.65625
TYR,2,1,0,0.22795341098169716,0.65625
TFAP2A,2,1,0,0.22795341098169716,0.65625
PMEL,2,1,0,0.22795341098169716,0.65625
VIM,2,1,0,0.22795341098169716,0.65625
NFKBIZ,2,1,0,0.22795341098169716,0.02702702702702703
BCL2A1,2,1,0,0.22795341098169716,0.02702702702702703
CXCR3,2,1,0,0.22795341098169716,0.1346153846153846
PBXIP1,2,1,0,0.22795341098169716,0.09375
GPR183,2,1,0,0.22795341098169716,0.0
IL2RA,2,1,0,0.22795341098169716,0.09375
CTLA4,2,1,0,0.22795341098169716,0.09375
FOXP3,2,1,0,0.22795341098169716,0.09375
IFNG,2,1,0,0.22795341098169716,0.1346153846153846
TNF,2,1,0,0.22795341098169716,0.1346153846153846
CCL4,2,1,0,0.22795341098169716,0.1346153846153846
CCL3,2,1,0,0.22795341098169716,0.1346153846153846
ITGAE,2,1,0,0.22795341098169716,0.1346153846153846
TGFB1,2,1,0,0.22795341098169716,0.1346153846153846
S100A4,2,1,0,0.22795341098169716,0.1346153846153846
ALOX5AP,2,1,0,0.22795341098169716,0.0
CDC20,2,1,0,0.22795341098169716,0.0
COTL1,2,1,0,0.22795341098169716,0.7894736842105263
ARHGDIB,2,1,0,0.22795341098169716,0.7894736842105263
BIRC5,2,1,0,0.22795341098169716,0.7894736842105263
CENPF,2,1,0,0.22795341098169716,0.7894736842105263
PTTG1,2,1,0,0.22795341098169716,0.7894736842105263
UBE2C,2,1,0,0.22795341098169716,0.7894736842105263
CDK1,2,1,0,0.22795341098169716,0.7894736842105263
HIST1H4C,2,1,0,0.22795341098169716,0.7894736842105263
NUSAP1,2,1,0,0.22795341098169716,0.7894736842105263
TOP2A,2,1,0,0.22795341098169716,0.7894736842105263
MKI67,2,1,0,0.22795341098169716,0.7894736842105263
HMGN2,2,1,0,0.22795341098169716,0.7894736842105263
HMGB2,2,1,0,0.22795341098169716,0.7894736842105263
RRM2,2,1,0,0.22795341098169716,0.7894736842105263
STMN1,2,1,0,0.22795341098169716,0.7894736842105263
TYMS,2,1,0,0.22795341098169716,0.7894736842105263
LCK,2,1,0,0.22795341098169716,0.7058823529411765
LAG3,2,1,0,0.22795341098169716,0.7058823529411765
CD3E,2,1,0,0.22795341098169716,0.7058823529411765
CD8A,2,1,0,0.22795341098169716,0.7058823529411765
CCL5,2,1,0,0.22795341098169716,0.7058823529411765
GZMA,2,1,0,0.22795341098169716,0.7058823529411765
GZMB,2,1,0,0.22795341098169716,0.7058823529411765
PRF1,2,1,0,0.22795341098169716,0.7058823529411765
CD3D,2,1,0,0.22795341098169716,0.7058823529411765
CD3G,2,1,0,0.22795341098169716,0.7058823529411765
GZMK,2,1,0,0.22795341098169716,0.7058823529411765
CST7,2,1,0,0.22795341098169716,0.7058823529411765
CD27,2,1,0,0.22795341098169716,0.7058823529411765
TIGIT,2,1,0,0.22795341098169716,0.0
DUSP2,2,1,0,0.22795341098169716,0.0
AKAP5,2,1,0,0.22795341098169716,0.06060606060606061
CXCL13,2,1,0,0.22795341098169716,0.06060606060606061
ITM2A,2,1,0,0.22795341098169716,0.06060606060606061
PTPRCAP,2,1,0,0.22795341098169716,0.03333333333333333
CXCR4,2,1,0,0.22795341098169716,0.4583333333333333
CD52,2,1,0,0.22795341098169716,0.4583333333333333
CD69,2,1,0,0.22795341098169716,0.4583333333333333
KLRG1,2,1,0,0.22795341098169716,0.4583333333333333
SELL,2,1,0,0.22795341098169716,0.4583333333333333
IL7R,2,1,0,0.22795341098169716,0.4583333333333333
GIMAP7,2,1,0,0.22795341098169716,0.4583333333333333
TCF7,2,1,0,0.22795341098169716,0.4583333333333333
NKG7,2,1,0,0.22795341098169716,0.03333333333333333
KLRB1,2,1,0,0.22795341098169716,0.4583333333333333
CTSW,2,1,0,0.22795341098169716,0.4583333333333333
GNLY,2,1,0,0.22795341098169716,0.4583333333333333
KLRD1,2,1,0,0.22795341098169716,0.4583333333333333
CRABP2,2,1,0,0.22795341098169716,0.2222222222222222
TFPI,2,1,0,0.22795341098169716,0.023809523809523808
SYNPO2,2,1,0,0.22795341098169716,0.2222222222222222
NR2F2,2,1,0,0.22795341098169716,0.023809523809523808
PTN,2,1,0,0.22795341098169716,0.2222222222222222
IGFBP3,2,1,0,0.22795341098169716,0.2222222222222222
CPE,2,1,0,0.22795341098169716,0.25
SPRY1,2,1,0,0.22795341098169716,0.25
SLC25A37,2,1,0,0.22795341098169716,0.2222222222222222
GEM,2,1,0,0.22795341098169716,0.25
CCL19,2,1,0,0.22795341098169716,0.25
HTRA1,2,1,0,0.22795341098169716,0.25
MYL9,2,1,0,0.22795341098169716,0.2222222222222222
NOTCH3,2,1,0,0.22795341098169716,0.2222222222222222
SFRP2,2,1,0,0.22795341098169716,0.25
SOD3,2,1,0,0.22795341098169716,0.25
APOD,2,1,0,0.22795341098169716,0.25
INHBA,2,1,0,0.22795341098169716,0.25
IGFBP5,2,1,0,0.22795341098169716,0.25
CXCL12,2,1,0,0.22795341098169716,0.25
PDGFRA,2,1,0,0.22795341098169716,0.4838709677419355
THY1,2,1,0,0.22795341098169716,0.4838709677419355
FAP,2,1,0,0.22795341098169716,0.4838709677419355
VCAN,2,1,0,0.22795341098169716,0.4838709677419355
C3,2,1,0,0.22795341098169716,0.4838709677419355
THBS2,2,1,0,0.22795341098169716,0.4838709677419355
PTGDS,2,1,0,0.22795341098169716,0.4838709677419355
LUM,2,1,0,0.22795341098169716,0.4838709677419355
PDGFRB,2,1,0,0.22795341098169716,0.4838709677419355
COL5A2,2,1,0,0.22795341098169716,0.4838709677419355
MMP2,2,1,0,0.22795341098169716,0.4838709677419355
POSTN,2,1,0,0.22795341098169716,0.4838709677419355
FN1,2,1,0,0.22795341098169716,0.4838709677419355
COL6A3,2,1,0,0.22795341098169716,0.4838709677419355
COL6A1,2,1,0,0.22795341098169716,0.4838709677419355
COL6A2,2,1,0,0.22795341098169716,0.4838709677419355
SELE,2,1,0,0.22795341098169716,0.72
RGS5,2,1,0,0.22795341098169716,0.0
MYCT1,2,1,0,0.22795341098169716,0.72
IL3RA,2,1,0,0.22795341098169716,0.72
TM4SF1,2,1,0,0.22795341098169716,0.72
GNG11,2,1,0,0.22795341098169716,0.72
RAMP2,2,1,0,0.22795341098169716,0.72
MGP,2,1,0,0.22795341098169716,0.72
ITGA5,2,1,0,0.22795341098169716,0.72
CD93,2,1,0,0.22795341098169716,0.72
IGFBP7,2,1,0,0.22795341098169716,0.72
ECSCR,2,1,0,0.22795341098169716,0.72
CALCRL,2,1,0,0.22795341098169716,0.72
VWF,2,1,0,0.22795341098169716,0.72
CD34,2,1,0,0.22795341098169716,0.72
CDH5,2,1,0,0.22795341098169716,0.72
PECAM1,2,1,0,0.22795341098169716,0.72
PLVAP,2,1,0,0.22795341098169716,0.72
AQP1,2,1,0,0.22795341098169716,0.72
SPARCL1,2,1,0,0.22795341098169716,0.72
MT1A,2,2,0,0.30505415162454874,0.7777777777777778
LY6D,2,2,0,0.30505415162454874,0.7777777777777778
WIF1,2,2,0,0.30505415162454874,0.7777777777777778
HBE1,2,2,0,0.30505415162454874,0.7777777777777778
DEFB1,2,2,0,0.30505415162454874,0.7777777777777778
MYOC,2,2,0,0.30505415162454874,0.7777777777777778
TFF3,2,2,0,0.30505415162454874,0.06666666666666667
PPP1R14A,2,2,0,0.30505415162454874,0.7777777777777778
IL33,2,2,0,0.30505415162454874,0.0
MT1G,2,2,0,0.30505415162454874,0.7777777777777778
TNFRSF18,2,2,0,0.30505415162454874,0.7777777777777778
KRTDAP,2,2,0,0.30505415162454874,0.7777777777777778
ALAS2,2,2,0,0.30505415162454874,0.7777777777777778
HBD,2,2,0,0.30505415162454874,0.7777777777777778
SLPI,2,2,0,0.30505415162454874,0.06666666666666667
RGS16,2,2,0,0.30505415162454874,0.06666666666666667
SCGB1B2P,2,2,0,0.30505415162454874,0.7777777777777778
CA1,2,2,0,0.30505415162454874,0.7777777777777778
AHSP,2,2,0,0.30505415162454874,0.7777777777777778
MIR205HG,2,2,0,0.30505415162454874,0.47368421052631576
IL17A,2,2,0,0.30505415162454874,0.47368421052631576
FGFBP1,2,2,0,0.30505415162454874,0.47368421052631576
IGFBP2,2,2,0,0.30505415162454874,0.47368421052631576
MYH11,2,2,0,0.30505415162454874,0.037037037037037035
LYVE1,2,2,0,0.30505415162454874,0.037037037037037035
HAPLN1,2,2,0,0.30505415162454874,0.47368421052631576
SERPINB2,2,2,0,0.30505415162454874,0.47368421052631576
LOR,2,2,0,0.30505415162454874,0.03571428571428571
CLDN5,2,2,0,0.30505415162454874,0.0
NDUFA4L2,2,2,0,0.30505415162454874,0.03571428571428571
RHOV,2,2,0,0.30505415162454874,0.47368421052631576
CLDN4,2,2,0,0.30505415162454874,0.47368421052631576
LINC00636,2,2,0,0.30505415162454874,0.47368421052631576
MMP10,2,2,0,0.30505415162454874,0.47368421052631576
MT1X,2,2,0,0.30505415162454874,0.037037037037037035
FABP4,2,2,0,0.30505415162454874,0.037037037037037035
PKHD1L1,2,2,0,0.30505415162454874,0.037037037037037035
BCAN,2,2,0,0.30505415162454874,0.037037037037037035
NGFR,2,2,0,0.30505415162454874,0.037037037037037035
SOX15,2,2,0,0.30505415162454874,0.20833333333333334
COCH,2,2,0,0.30505415162454874,0.07692307692307693
KRT15,2,2,0,0.30505415162454874,0.20833333333333334
PLAC9,2,2,0,0.30505415162454874,0.07692307692307693
ACER1,2,2,0,0.30505415162454874,0.20833333333333334
CAPNS2,2,2,0,0.30505415162454874,0.20833333333333334
MAL2,2,2,0,0.30505415162454874,0.20833333333333334
ACHE,2,2,0,0.30505415162454874,0.07692307692307693
CCL22,2,2,0,0.30505415162454874,0.20833333333333334
MFAP5,2,2,0,0.30505415162454874,0.037037037037037035
TP63,2,2,0,0.30505415162454874,0.3333333333333333
SERPINB5,2,2,0,0.30505415162454874,0.11538461538461539
IGLL1,2,2,0,0.30505415162454874,0.3333333333333333
CD1B,2,2,0,0.30505415162454874,0.11538461538461539
CXCL5,2,2,0,0.30505415162454874,0.11538461538461539
CES1,2,2,0,0.30505415162454874,0.3333333333333333
ARG1,2,2,0,0.30505415162454874,0.11538461538461539
IL1B,2,2,0,0.30505415162454874,0.3333333333333333
SOX17,2,2,0,0.30505415162454874,0.07692307692307693
GPR4,2,2,0,0.30505415162454874,0.07692307692307693
MMP27,2,2,0,0.30505415162454874,0.07692307692307693
G0S2,2,2,0,0.30505415162454874,0.3333333333333333
COL17A1,2,2,0,0.30505415162454874,0.3333333333333333
ASPN,2,2,0,0.30505415162454874,0.3333333333333333
NMB,2,2,0,0.30505415162454874,0.3333333333333333
CD207,2,2,0,0.30505415162454874,0.0
CLDN1,2,2,0,0.30505415162454874,0.07692307692307693
FCER1A,2,2,0,0.30505415162454874,0.0
CD1A,2,2,0,0.30505415162454874,0.07692307692307693
TFPI2,2,2,0,0.30505415162454874,0.2727272727272727
FCER2,2,2,0,0.30505415162454874,0.2727272727272727
CR2,2,2,0,0.30505415162454874,0.2727272727272727
LEPR,2,2,0,0.30505415162454874,0.07692307692307693
DSC1,2,2,0,0.30505415162454874,0.2727272727272727
ITGA8,2,2,0,0.30505415162454874,0.2727272727272727
DERL3,2,2,0,0.30505415162454874,0.2727272727272727
MMRN1,2,2,0,0.30505415162454874,0.07692307692307693
SOSTDC1,2,2,0,0.30505415162454874,0.07692307692307693
GATA2,2,2,0,0.30505415162454874,0.07692307692307693
AHNAK2,2,2,0,0.30505415162454874,0.2727272727272727
S100A14,2,2,0,0.30505415162454874,0.07142857142857142
FRZB,2,2,0,0.30505415162454874,0.1111111111111111
COMP,2,2,0,0.30505415162454874,0.1111111111111111
SBSN,2,2,0,0.30505415162454874,0.25
MIA,2,2,0,0.30505415162454874,0.0
SFRP1,2,2,0,0.30505415162454874,0.1111111111111111
PROX1,2,2,0,0.30505415162454874,0.25
ACTA2,2,2,0,0.30505415162454874,0.25
AREG,2,2,0,0.30505415162454874,0.07142857142857142
KRT17,2,2,0,0.30505415162454874,0.25
DSP,2,2,0,0.30505415162454874,0.1111111111111111
LAMB3,2,2,0,0.30505415162454874,0.07142857142857142
AKR1C1,2,2,0,0.30505415162454874,0.0
AZGP1,2,2,0,0.30505415162454874,0.25
TMEM150C,2,2,0,0.30505415162454874,0.0
C5AR1,2,2,0,0.30505415162454874,0.25
KRT5,2,2,0,0.30505415162454874,0.25
PDCD1,2,2,0,0.30505415162454874,0.2727272727272727
NLGN4Y,2,2,0,0.30505415162454874,0.2727272727272727
DMKN,2,2,0,0.30505415162454874,0.2727272727272727
IL6,2,2,0,0.30505415162454874,0.2727272727272727
PDPN,2,2,0,0.30505415162454874,0.0
CXCL1,2,2,0,0.30505415162454874,0.2727272727272727
FBLN1,2,2,0,0.30505415162454874,0.023255813953488372
CD40LG,2,2,0,0.30505415162454874,0.2727272727272727
TNFRSF17,2,2,0,0.30505415162454874,0.16666666666666666
MZB1,2,2,0,0.30505415162454874,0.16666666666666666
FCRL5,2,2,0,0.30505415162454874,0.16666666666666666
MS4A1,2,2,0,0.30505415162454874,0.16666666666666666
CD79A,2,2,0,0.30505415162454874,0.16666666666666666
C11orf96,2,2,0,0.30505415162454874,0.2727272727272727
MFAP4,2,2,0,0.30505415162454874,0.023255813953488372
PTGER3,2,2,0,0.30505415162454874,0.3181818181818182
KRT2,2,2,0,0.30505415162454874,0.3181818181818182
KRT16,2,2,0,0.30505415162454874,0.037037037037037035
CXADR,2,2,0,0.30505415162454874,0.037037037037037035
MT1F,2,2,0,0.30505415162454874,0.037037037037037035
PKIB,2,2,0,0.30505415162454874,0.3181818181818182
TACSTD2,2,2,0,0.30505415162454874,0.3181818181818182
AQP3,2,2,0,0.30505415162454874,0.3181818181818182
LTB,2,2,0,0.30505415162454874,0.3181818181818182
TMEM45A,2,2,0,0.30505415162454874,0.3181818181818182
LYPD3,2,2,0,0.30505415162454874,0.3181818181818182
TAGLN,2,2,0,0.30505415162454874,0.0
CCR2,2,2,0,0.30505415162454874,0.037037037037037035
IL32,2,2,0,0.30505415162454874,0.0
INSIG1,2,2,0,0.30505415162454874,0.0
IRF5,2,2,0,0.30505415162454874,0.43333333333333335
AIM2,2,2,0,0.30505415162454874,0.0
IL10,2,2,0,0.30505415162454874,0.43333333333333335
RGS1,2,2,0,0.30505415162454874,0.43333333333333335
IDO1,2,2,0,0.30505415162454874,0.43333333333333335
GPR157,2,2,0,0.30505415162454874,0.43333333333333335
CCR7,2,2,0,0.30505415162454874,0.43333333333333335
BIRC3,2,2,0,0.30505415162454874,0.43333333333333335
BASP1,2,2,0,0.30505415162454874,0.43333333333333335
CD83,2,2,0,0.30505415162454874,0.43333333333333335
FSCN1,2,2,0,0.30505415162454874,0.43333333333333335
CBFA2T3,2,2,0,0.30505415162454874,0.43333333333333335
RGCC,2,2,0,0.30505415162454874,0.43333333333333335
CLEC9A,2,2,0,0.30505415162454874,0.43333333333333335
ENPP1,2,2,0,0.30505415162454874,0.43333333333333335
TSPAN33,2,2,0,0.30505415162454874,0.18421052631578946
ID2,2,2,0,0.30505415162454874,0.18421052631578946
LGALS2,2,2,0,0.30505415162454874,0.18421052631578946
C1orf54,2,2,0,0.30505415162454874,0.18421052631578946
CPVL,2,2,0,0.30505415162454874,0.18421052631578946
IRF8,2,2,0,0.30505415162454874,0.18421052631578946
WDFY4,2,2,0,0.30505415162454874,0.18421052631578946
LGALS9,2,2,0,0.30505415162454874,0.18421052631578946
LST1,2,2,0,0.30505415162454874,0.1794871794871795
MNDA,2,2,0,0.30505415162454874,0.1794871794871795
ENTPD1,2,2,0,0.30505415162454874,0.0
HAVCR2,2,2,0,0.30505415162454874,0.1794871794871795
CCL2,2,2,0,0.30505415162454874,0.1794871794871795
CCL8,2,2,0,0.30505415162454874,0.1794871794871795
PDCD1LG2,2,2,0,0.30505415162454874,0.1794871794871795
CXCL2,2,2,0,0.30505415162454874,0.1794871794871795
RNASE1,2,2,0,0.30505415162454874,0.1794871794871795
TYROBP,2,2,0,0.30505415162454874,0.6333333333333333
AIF1,2,2,0,0.30505415162454874,0.6333333333333333
TMEM176A,2,2,0,0.30505415162454874,0.6333333333333333
C3AR1,2,2,0,0.30505415162454874,0.6333333333333333
CD4,2,2,0,0.30505415162454874,0.6333333333333333
CTSL,2,2,0,0.30505415162454874,0.6333333333333333
AXL,2,2,0,0.30505415162454874,0.6333333333333333
IL4I1,2,2,0,0.30505415162454874,0.6333333333333333
ITGAX,2,2,0,0.30505415162454874,0.6333333333333333
CSF1R,2,2,0,0.30505415162454874,0.6333333333333333
CD14,2,2,0,0.30505415162454874,0.6333333333333333
MMP9,2,2,0,0.30505415162454874,0.6333333333333333
CD163,2,2,0,0.30505415162454874,0.6333333333333333
C1QA,2,2,0,0.30505415162454874,0.6333333333333333
LYZ,2,2,0,0.30505415162454874,0.6333333333333333
CD68,2,2,0,0.30505415162454874,0.6333333333333333
CTSZ,2,2,0,0.30505415162454874,0.6333333333333333
FCER1G,2,2,0,0.30505415162454874,0.6333333333333333
HLA-DPB1,2,2,0,0.30505415162454874,0.6333333333333333
SLC8A1,2,2,0,0.30505415162454874,0.6333333333333333
C15orf48,2,2,0,0.30505415162454874,0.10344827586206896
CLEC10A,2,2,0,0.30505415162454874,0.13793103448275862
CD1C,2,2,0,0.30505415162454874,0.13793103448275862
KRT18,2,2,0,0.30505415162454874,0.13793103448275862
ADAM12,2,2,0,0.30505415162454874,0.13793103448275862
ZNF667-AS1,2,2,0,0.30505415162454874,0.13793103448275862
BHLHE41,2,2,0,0.30505415162454874,0.0
VEGFA,2,2,0,0.30505415162454874,0.0196078431372549
SLC25A39,2,2,0,0.30505415162454874,0.06172839506172839
FKBP8,2,2,0,0.30505415162454874,0.06172839506172839
SLC2A3,2,2,0,0.30505415162454874,0.06172839506172839
NR4A2,2,2,0,0.30505415162454874,0.10344827586206896
CCND3,2,2,0,0.30505415162454874,0.06172839506172839
CSPG4,2,2,0,0.30505415162454874,0.0
HES1,2,2,0,0.30505415162454874,0.0196078431372549
MEF2C,2,2,0,0.30505415162454874,0.10344827586206896
KRT1,2,2,0,0.30505415162454874,0.06172839506172839
MPZ,2,2,0,0.30505415162454874,0.10344827586206896
LENG8,2,2,0,0.30505415162454874,0.06172839506172839
ETV1,2,2,0,0.30505415162454874,0.07894736842105263
CD274,2,2,0,0.30505415162454874,0.0
DCT,2,2,0,0.30505415162454874,0.0
PTCH1,2,2,0,0.30505415162454874,0.07894736842105263
ATF3,2,2,0,0.30505415162454874,0.07894736842105263
STRADB,2,2,0,0.30505415162454874,0.07894736842105263
SERPING1,2,2,0,0.30505415162454874,0.0
IRF1,2,2,0,0.30505415162454874,0.047619047619047616
CXCL10,2,2,0,0.30505415162454874,0.047619047619047616
CXCL11,2,2,0,0.30505415162454874,0.047619047619047616
KDM5B,2,2,0,0.30505415162454874,0.07894736842105263
LSAMP,2,2,0,0.30505415162454874,0.037037037037037035
TUBB2B,2,2,0,0.30505415162454874,0.037037037037037035
RASSF8,2,2,0,0.30505415162454874,0.07894736842105263
ID4,2,2,0,0.30505415162454874,0.07894736842105263
CYB561A3,2,2,0,0.30505415162454874,0.0
FAM210B,2,2,0,0.30505415162454874,0.5675675675675675
PTGR1,2,2,0,0.30505415162454874,0.5675675675675675
CALD1,2,2,0,0.30505415162454874,0.012345679012345678
CDH2,2,2,0,0.30505415162454874,0.0
PERP,2,2,0,0.30505415162454874,0.5675675675675675
S100A13,2,2,0,0.30505415162454874,0.5675675675675675
GYPC,2,2,0,0.30505415162454874,0.5675675675675675
IFITM1,2,2,0,0.30505415162454874,0.5675675675675675
MYC,2,2,0,0.30505415162454874,0.5675675675675675
ENAH,2,2,0,0.30505415162454874,0.5675675675675675
ITGB1,2,2,0,0.30505415162454874,0.5675675675675675
PTEN,2,2,0,0.30505415162454874,0.5675675675675675
CD276,2,2,0,0.30505415162454874,0.5675675675675675
ITGA6,2,2,0,0.30505415162454874,0.012345679012345678
NRP2,2,2,0,0.30505415162454874,0.5675675675675675
IFI27,2,2,0,0.30505415162454874,0.5675675675675675
CRYAB,2,2,0,0.30505415162454874,0.5675675675675675
TSC22D1,2,2,0,0.30505415162454874,0.5675675675675675
TNC,2,2,0,0.30505415162454874,0.0
IRF4,2,2,0,0.30505415162454874,0.5675675675675675
KIT,2,2,0,0.30505415162454874,0.5675675675675675
DST,2,2,0,0.30505415162454874,0.5675675675675675
APCDD1,2,2,0,0.30505415162454874,0.5675675675675675
TBC1D7,2,2,0,0.30505415162454874,0.5675675675675675
PCDH7,2,2,0,0.30505415162454874,0.5675675675675675
SNCA,2,2,0,0.30505415162454874,0.5675675675675675
S100B,2,2,0,0.30505415162454874,0.5675675675675675
NSG1,2,2,0,0.30505415162454874,0.5675675675675675
CCND1,2,2,0,0.30505415162454874,0.5675675675675675
TYRP1,2,2,0,0.30505415162454874,0.5675675675675675
TFAP2B,2,2,0,0.30505415162454874,0.5675675675675675
FBXO7,2,2,0,0.30505415162454874,0.5675675675675675
PLP1,2,2,0,0.30505415162454874,0.5675675675675675
TRPM1,2,2,0,0.30505415162454874,0.5675675675675675
SOX10,2,2,0,0.30505415162454874,0.5675675675675675
MARCKSL1,2,2,0,0.30505415162454874,0.0
EDNRB,2,2,0,0.30505415162454874,0.5675675675675675
CTNNB1,2,2,0,0.30505415162454874,0.5675675675675675
MITF,2,2,0,0.30505415162454874,0.5675675675675675
QPCT,2,2,0,0.30505415162454874,0.5675675675675675
IFI6,2,2,0,0.30505415162454874,0.5675675675675675
MLANA,2,2,0,0.30505415162454874,0.5675675675675675
CD63,2,2,0,0.30505415162454874,0.5675675675675675
SERPINE2,2,2,0,0.30505415162454874,0.5675675675675675
TYR,2,2,0,0.30505415162454874,0.5675675675675675
TFAP2A,2,2,0,0.30505415162454874,0.5675675675675675
PMEL,2,2,0,0.30505415162454874,0.5675675675675675
VIM,2,2,0,0.30505415162454874,0.5675675675675675
NFKBIZ,2,2,0,0.30505415162454874,0.0975609756097561
BCL2A1,2,2,0,0.30505415162454874,0.0975609756097561
CXCR3,2,2,0,0.30505415162454874,0.12
PBXIP1,2,2,0,0.30505415162454874,0.12
GPR183,2,2,0,0.30505415162454874,0.0975609756097561
IL2RA,2,2,0,0.30505415162454874,0.12
CTLA4,2,2,0,0.30505415162454874,0.12
FOXP3,2,2,0,0.30505415162454874,0.12
IFNG,2,2,0,0.30505415162454874,0.12
TNF,2,2,0,0.30505415162454874,0.12
CCL4,2,2,0,0.30505415162454874,0.12
CCL3,2,2,0,0.30505415162454874,0.12
ITGAE,2,2,0,0.30505415162454874,0.12
TGFB1,2,2,0,0.30505415162454874,0.0975609756097561
S100A4,2,2,0,0.30505415162454874,0.0975609756097561
ALOX5AP,2,2,0,0.30505415162454874,0.0
CDC20,2,2,0,0.30505415162454874,0.0
COTL1,2,2,0,0.30505415162454874,0.75
ARHGDIB,2,2,0,0.30505415162454874,0.75
BIRC5,2,2,0,0.30505415162454874,0.75
CENPF,2,2,0,0.30505415162454874,0.75
PTTG1,2,2,0,0.30505415162454874,0.75
UBE2C,2,2,0,0.30505415162454874,0.75
CDK1,2,2,0,0.30505415162454874,0.75
HIST1H4C,2,2,0,0.30505415162454874,0.75
NUSAP1,2,2,0,0.30505415162454874,0.75
TOP2A,2,2,0,0.30505415162454874,0.75
MKI67,2,2,0,0.30505415162454874,0.75
HMGN2,2,2,0,0.30505415162454874,0.75
HMGB2,2,2,0,0.30505415162454874,0.75
RRM2,2,2,0,0.30505415162454874,0.75
STMN1,2,2,0,0.30505415162454874,0.75
TYMS,2,2,0,0.30505415162454874,0.75
LCK,2,2,0,0.30505415162454874,0.41379310344827586
LAG3,2,2,0,0.30505415162454874,0.41379310344827586
CD3E,2,2,0,0.30505415162454874,0.41379310344827586
CD8A,2,2,0,0.30505415162454874,0.41379310344827586
CCL5,2,2,0,0.30505415162454874,0.41379310344827586
GZMA,2,2,0,0.30505415162454874,0.41379310344827586
GZMB,2,2,0,0.30505415162454874,0.41379310344827586
PRF1,2,2,0,0.30505415162454874,0.41379310344827586
CD3D,2,2,0,0.30505415162454874,0.41379310344827586
CD3G,2,2,0,0.30505415162454874,0.41379310344827586
GZMK,2,2,0,0.30505415162454874,0.41379310344827586
CST7,2,2,0,0.30505415162454874,0.41379310344827586
CD27,2,2,0,0.30505415162454874,0.41379310344827586
TIGIT,2,2,0,0.30505415162454874,0.012345679012345678
DUSP2,2,2,0,0.30505415162454874,0.012345679012345678
AKAP5,2,2,0,0.30505415162454874,0.09090909090909091
CXCL13,2,2,0,0.30505415162454874,0.09090909090909091
ITM2A,2,2,0,0.30505415162454874,0.09090909090909091
PTPRCAP,2,2,0,0.30505415162454874,0.3870967741935484
CXCR4,2,2,0,0.30505415162454874,0.09090909090909091
CD52,2,2,0,0.30505415162454874,0.3870967741935484
CD69,2,2,0,0.30505415162454874,0.3870967741935484
KLRG1,2,2,0,0.30505415162454874,0.3870967741935484
SELL,2,2,0,0.30505415162454874,0.3870967741935484
IL7R,2,2,0,0.30505415162454874,0.3870967741935484
GIMAP7,2,2,0,0.30505415162454874,0.3870967741935484
TCF7,2,2,0,0.30505415162454874,0.3870967741935484
NKG7,2,2,0,0.30505415162454874,0.3870967741935484
KLRB1,2,2,0,0.30505415162454874,0.3870967741935484
CTSW,2,2,0,0.30505415162454874,0.3870967741935484
GNLY,2,2,0,0.30505415162454874,0.3870967741935484
KLRD1,2,2,0,0.30505415162454874,0.3870967741935484
CRABP2,2,2,0,0.30505415162454874,0.20454545454545456
TFPI,2,2,0,0.30505415162454874,0.20454545454545456
SYNPO2,2,2,0,0.30505415162454874,0.20454545454545456
NR2F2,2,2,0,0.30505415162454874,0.20454545454545456
PTN,2,2,0,0.30505415162454874,0.20454545454545456
IGFBP3,2,2,0,0.30505415162454874,0.20454545454545456
CPE,2,2,0,0.30505415162454874,0.225
SPRY1,2,2,0,0.30505415162454874,0.225
SLC25A37,2,2,0,0.30505415162454874,0.20454545454545456
GEM,2,2,0,0.30505415162454874,0.225
CCL19,2,2,0,0.30505415162454874,0.20454545454545456
HTRA1,2,2,0,0.30505415162454874,0.225
MYL9,2,2,0,0.30505415162454874,0.20454545454545456
NOTCH3,2,2,0,0.30505415162454874,0.20454545454545456
SFRP2,2,2,0,0.30505415162454874,0.225
SOD3,2,2,0,0.30505415162454874,0.225
APOD,2,2,0,0.30505415162454874,0.225
INHBA,2,2,0,0.30505415162454874,0.225
IGFBP5,2,2,0,0.30505415162454874,0.225
CXCL12,2,2,0,0.30505415162454874,0.225
PDGFRA,2,2,0,0.30505415162454874,0.5
THY1,2,2,0,0.30505415162454874,0.5
FAP,2,2,0,0.30505415162454874,0.5
VCAN,2,2,0,0.30505415162454874,0.5
C3,2,2,0,0.30505415162454874,0.5
THBS2,2,2,0,0.30505415162454874,0.5
PTGDS,2,2,0,0.30505415162454874,0.5
LUM,2,2,0,0.30505415162454874,0.5
PDGFRB,2,2,0,0.30505415162454874,0.5
COL5A2,2,2,0,0.30505415162454874,0.5
MMP2,2,2,0,0.30505415162454874,0.5
POSTN,2,2,0,0.30505415162454874,0.5
FN1,2,2,0,0.30505415162454874,0.5
COL6A3,2,2,0,0.30505415162454874,0.5
COL6A1,2,2,0,0.30505415162454874,0.5
COL6A2,2,2,0,0.30505415162454874,0.5
SELE,2,2,0,0.30505415162454874,0.5142857142857142
RGS5,2,2,0,0.30505415162454874,0.0
MYCT1,2,2,0,0.30505415162454874,0.5142857142857142
IL3RA,2,2,0,0.30505415162454874,0.5142857142857142
TM4SF1,2,2,0,0.30505415162454874,0.5142857142857142
GNG11,2,2,0,0.30505415162454874,0.5142857142857142
RAMP2,2,2,0,0.30505415162454874,0.5142857142857142
MGP,2,2,0,0.30505415162454874,0.5142857142857142
ITGA5,2,2,0,0.30505415162454874,0.5142857142857142
CD93,2,2,0,0.30505415162454874,0.5142857142857142
IGFBP7,2,2,0,0.30505415162454874,0.5142857142857142
ECSCR,2,2,0,0.30505415162454874,0.5142857142857142
CALCRL,2,2,0,0.30505415162454874,0.5142857142857142
VWF,2,2,0,0.30505415162454874,0.5142857142857142
CD34,2,2,0,0.30505415162454874,0.5142857142857142
CDH5,2,2,0,0.30505415162454874,0.5142857142857142
PECAM1,2,2,0,0.30505415162454874,0.5142857142857142
PLVAP,2,2,0,0.30505415162454874,0.5142857142857142
AQP1,2,2,0,0.30505415162454874,0.5142857142857142
SPARCL1,2,2,0,0.30505415162454874,0.5142857142857142
MT1A,2,3,1,0.6124031007751938,0.8095238095238095
LY6D,2,3,1,0.6124031007751938,0.8095238095238095
WIF1,2,3,1,0.6124031007751938,0.8095238095238095
HBE1,2,3,1,0.6124031007751938,0.8095238095238095
DEFB1,2,3,1,0.6124031007751938,0.8095238095238095
MYOC,2,3,1,0.6124031007751938,0.8095238095238095
TFF3,2,3,1,0.6124031007751938,0.8095238095238095
PPP1R14A,2,3,1,0.6124031007751938,0.8095238095238095
IL33,2,3,1,0.6124031007751938,0.8095238095238095
MT1G,2,3,1,0.6124031007751938,0.8095238095238095
TNFRSF18,2,3,1,0.6124031007751938,0.8095238095238095
KRTDAP,2,3,1,0.6124031007751938,0.0
ALAS2,2,3,1,0.6124031007751938,0.8095238095238095
HBD,2,3,1,0.6124031007751938,0.8095238095238095
SLPI,2,3,1,0.6124031007751938,0.8095238095238095
RGS16,2,3,1,0.6124031007751938,0.8095238095238095
SCGB1B2P,2,3,1,0.6124031007751938,0.8095238095238095
CA1,2,3,1,0.6124031007751938,0.8095238095238095
AHSP,2,3,1,0.6124031007751938,0.8095238095238095
MIR205HG,2,3,1,0.6124031007751938,0.0
IL17A,2,3,1,0.6124031007751938,0.0625
FGFBP1,2,3,1,0.6124031007751938,0.06896551724137931
IGFBP2,2,3,1,0.6124031007751938,0.0625
MYH11,2,3,1,0.6124031007751938,0.0625
LYVE1,2,3,1,0.6124031007751938,0.3333333333333333
HAPLN1,2,3,1,0.6124031007751938,0.3333333333333333
SERPINB2,2,3,1,0.6124031007751938,0.3333333333333333
LOR,2,3,1,0.6124031007751938,0.3333333333333333
CLDN5,2,3,1,0.6124031007751938,0.3333333333333333
NDUFA4L2,2,3,1,0.6124031007751938,0.06896551724137931
RHOV,2,3,1,0.6124031007751938,0.06896551724137931
CLDN4,2,3,1,0.6124031007751938,0.3333333333333333
LINC00636,2,3,1,0.6124031007751938,0.3333333333333333
MMP10,2,3,1,0.6124031007751938,0.3333333333333333
MT1X,2,3,1,0.6124031007751938,0.21739130434782608
FABP4,2,3,1,0.6124031007751938,0.21739130434782608
PKHD1L1,2,3,1,0.6124031007751938,0.21739130434782608
BCAN,2,3,1,0.6124031007751938,0.21739130434782608
NGFR,2,3,1,0.6124031007751938,0.21739130434782608
SOX15,2,3,1,0.6124031007751938,0.19230769230769232
COCH,2,3,1,0.6124031007751938,0.19230769230769232
KRT15,2,3,1,0.6124031007751938,0.037037037037037035
PLAC9,2,3,1,0.6124031007751938,0.21739130434782608
ACER1,2,3,1,0.6124031007751938,0.19230769230769232
CAPNS2,2,3,1,0.6124031007751938,0.037037037037037035
MAL2,2,3,1,0.6124031007751938,0.0
ACHE,2,3,1,0.6124031007751938,0.19230769230769232
CCL22,2,3,1,0.6124031007751938,0.19230769230769232
MFAP5,2,3,1,0.6124031007751938,0.19230769230769232
TP63,2,3,1,0.6124031007751938,0.16666666666666666
SERPINB5,2,3,1,0.6124031007751938,0.16666666666666666
IGLL1,2,3,1,0.6124031007751938,0.34782608695652173
CD1B,2,3,1,0.6124031007751938,0.34782608695652173
CXCL5,2,3,1,0.6124031007751938,0.34782608695652173
CES1,2,3,1,0.6124031007751938,0.34782608695652173
ARG1,2,3,1,0.6124031007751938,0.34782608695652173
IL1B,2,3,1,0.6124031007751938,0.34782608695652173
SOX17,2,3,1,0.6124031007751938,0.0
GPR4,2,3,1,0.6124031007751938,0.34782608695652173
MMP27,2,3,1,0.6124031007751938,0.34782608695652173
G0S2,2,3,1,0.6124031007751938,0.16666666666666666
COL17A1,2,3,1,0.6124031007751938,0.16666666666666666
ASPN,2,3,1,0.6124031007751938,0.16666666666666666
NMB,2,3,1,0.6124031007751938,0.34782608695652173
CD207,2,3,1,0.6124031007751938,0.2727272727272727
CLDN1,2,3,1,0.6124031007751938,0.2727272727272727
FCER1A,2,3,1,0.6124031007751938,0.2727272727272727
CD1A,2,3,1,0.6124031007751938,0.2727272727272727
TFPI2,2,3,1,0.6124031007751938,0.16666666666666666
FCER2,2,3,1,0.6124031007751938,0.16666666666666666
CR2,2,3,1,0.6124031007751938,0.16666666666666666
LEPR,2,3,1,0.6124031007751938,0.16666666666666666
DSC1,2,3,1,0.6124031007751938,0.037037037037037035
ITGA8,2,3,1,0.6124031007751938,0.16666666666666666
DERL3,2,3,1,0.6124031007751938,0.037037037037037035
MMRN1,2,3,1,0.6124031007751938,0.2727272727272727
SOSTDC1,2,3,1,0.6124031007751938,0.2727272727272727
GATA2,2,3,1,0.6124031007751938,0.0
AHNAK2,2,3,1,0.6124031007751938,0.2727272727272727
S100A14,2,3,1,0.6124031007751938,0.1111111111111111
FRZB,2,3,1,0.6124031007751938,0.25
COMP,2,3,1,0.6124031007751938,0.034482758620689655
SBSN,2,3,1,0.6124031007751938,0.07142857142857142
MIA,2,3,1,0.6124031007751938,0.25
SFRP1,2,3,1,0.6124031007751938,0.0
PROX1,2,3,1,0.6124031007751938,0.25
ACTA2,2,3,1,0.6124031007751938,0.25
AREG,2,3,1,0.6124031007751938,0.25
KRT17,2,3,1,0.6124031007751938,0.1111111111111111
DSP,2,3,1,0.6124031007751938,0.1111111111111111
LAMB3,2,3,1,0.6124031007751938,0.034482758620689655
AKR1C1,2,3,1,0.6124031007751938,0.07142857142857142
AZGP1,2,3,1,0.6124031007751938,0.07142857142857142
TMEM150C,2,3,1,0.6124031007751938,0.25
C5AR1,2,3,1,0.6124031007751938,0.25
KRT5,2,3,1,0.6124031007751938,0.1111111111111111
PDCD1,2,3,1,0.6124031007751938,0.0
NLGN4Y,2,3,1,0.6124031007751938,0.47368421052631576
DMKN,2,3,1,0.6124031007751938,0.07692307692307693
IL6,2,3,1,0.6124031007751938,0.07692307692307693
PDPN,2,3,1,0.6124031007751938,0.07692307692307693
CXCL1,2,3,1,0.6124031007751938,0.47368421052631576
FBLN1,2,3,1,0.6124031007751938,0.47368421052631576
CD40LG,2,3,1,0.6124031007751938,0.47368421052631576
TNFRSF17,2,3,1,0.6124031007751938,0.47368421052631576
MZB1,2,3,1,0.6124031007751938,0.47368421052631576
FCRL5,2,3,1,0.6124031007751938,0.47368421052631576
MS4A1,2,3,1,0.6124031007751938,0.47368421052631576
CD79A,2,3,1,0.6124031007751938,0.47368421052631576
C11orf96,2,3,1,0.6124031007751938,0.47368421052631576
MFAP4,2,3,1,0.6124031007751938,0.0
PTGER3,2,3,1,0.6124031007751938,0.2727272727272727
KRT2,2,3,1,0.6124031007751938,0.2727272727272727
KRT16,2,3,1,0.6124031007751938,0.2727272727272727
CXADR,2,3,1,0.6124031007751938,0.2727272727272727
MT1F,2,3,1,0.6124031007751938,0.2727272727272727
PKIB,2,3,1,0.6124031007751938,0.2727272727272727
TACSTD2,2,3,1,0.6124031007751938,0.2727272727272727
AQP3,2,3,1,0.6124031007751938,0.2727272727272727
LTB,2,3,1,0.6124031007751938,0.2727272727272727
TMEM45A,2,3,1,0.6124031007751938,0.2727272727272727
LYPD3,2,3,1,0.6124031007751938,0.2727272727272727
TAGLN,2,3,1,0.6124031007751938,0.2727272727272727
CCR2,2,3,1,0.6124031007751938,0.2727272727272727
IL32,2,3,1,0.6124031007751938,0.2727272727272727
INSIG1,2,3,1,0.6124031007751938,0.0
IRF5,2,3,1,0.6124031007751938,0.6470588235294118
AIM2,2,3,1,0.6124031007751938,0.6470588235294118
IL10,2,3,1,0.6124031007751938,0.6470588235294118
RGS1,2,3,1,0.6124031007751938,0.6470588235294118
IDO1,2,3,1,0.6124031007751938,0.6470588235294118
GPR157,2,3,1,0.6124031007751938,0.6470588235294118
CCR7,2,3,1,0.6124031007751938,0.6470588235294118
BIRC3,2,3,1,0.6124031007751938,0.6470588235294118
BASP1,2,3,1,0.6124031007751938,0.6470588235294118
CD83,2,3,1,0.6124031007751938,0.6470588235294118
FSCN1,2,3,1,0.6124031007751938,0.6470588235294118
CBFA2T3,2,3,1,0.6124031007751938,0.6470588235294118
RGCC,2,3,1,0.6124031007751938,0.06451612903225806
CLEC9A,2,3,1,0.6124031007751938,0.06451612903225806
ENPP1,2,3,1,0.6124031007751938,0.06451612903225806
TSPAN33,2,3,1,0.6124031007751938,0.8421052631578947
ID2,2,3,1,0.6124031007751938,0.8421052631578947
LGALS2,2,3,1,0.6124031007751938,0.8421052631578947
C1orf54,2,3,1,0.6124031007751938,0.8421052631578947
CPVL,2,3,1,0.6124031007751938,0.8421052631578947
IRF8,2,3,1,0.6124031007751938,0.8421052631578947
WDFY4,2,3,1,0.6124031007751938,0.8421052631578947
LGALS9,2,3,1,0.6124031007751938,0.8421052631578947
LST1,2,3,1,0.6124031007751938,0.8421052631578947
MNDA,2,3,1,0.6124031007751938,0.8421052631578947
ENTPD1,2,3,1,0.6124031007751938,0.8421052631578947
HAVCR2,2,3,1,0.6124031007751938,0.8421052631578947
CCL2,2,3,1,0.6124031007751938,0.8421052631578947
CCL8,2,3,1,0.6124031007751938,0.8421052631578947
PDCD1LG2,2,3,1,0.6124031007751938,0.8421052631578947
CXCL2,2,3,1,0.6124031007751938,0.8421052631578947
RNASE1,2,3,1,0.6124031007751938,0.8421052631578947
TYROBP,2,3,1,0.6124031007751938,1.0
AIF1,2,3,1,0.6124031007751938,1.0
TMEM176A,2,3,1,0.6124031007751938,1.0
C3AR1,2,3,1,0.6124031007751938,1.0
CD4,2,3,1,0.6124031007751938,1.0
CTSL,2,3,1,0.6124031007751938,1.0
AXL,2,3,1,0.6124031007751938,1.0
IL4I1,2,3,1,0.6124031007751938,1.0
ITGAX,2,3,1,0.6124031007751938,1.0
CSF1R,2,3,1,0.6124031007751938,1.0
CD14,2,3,1,0.6124031007751938,1.0
MMP9,2,3,1,0.6124031007751938,1.0
CD163,2,3,1,0.6124031007751938,1.0
C1QA,2,3,1,0.6124031007751938,1.0
LYZ,2,3,1,0.6124031007751938,1.0
CD68,2,3,1,0.6124031007751938,1.0
CTSZ,2,3,1,0.6124031007751938,1.0
FCER1G,2,3,1,0.6124031007751938,1.0
HLA-DPB1,2,3,1,0.6124031007751938,1.0
SLC8A1,2,3,1,0.6124031007751938,1.0
C15orf48,2,3,1,0.6124031007751938,0.06666666666666667
CLEC10A,2,3,1,0.6124031007751938,0.06666666666666667
CD1C,2,3,1,0.6124031007751938,0.06666666666666667
KRT18,2,3,1,0.6124031007751938,0.3870967741935484
ADAM12,2,3,1,0.6124031007751938,0.3870967741935484
ZNF667-AS1,2,3,1,0.6124031007751938,0.3870967741935484
BHLHE41,2,3,1,0.6124031007751938,0.0
VEGFA,2,3,1,0.6124031007751938,0.3870967741935484
SLC25A39,2,3,1,0.6124031007751938,0.3870967741935484
FKBP8,2,3,1,0.6124031007751938,0.3870967741935484
SLC2A3,2,3,1,0.6124031007751938,0.3870967741935484
NR4A2,2,3,1,0.6124031007751938,0.3870967741935484
CCND3,2,3,1,0.6124031007751938,0.3870967741935484
CSPG4,2,3,1,0.6124031007751938,0.3870967741935484
HES1,2,3,1,0.6124031007751938,0.3870967741935484
MEF2C,2,3,1,0.6124031007751938,0.3870967741935484
KRT1,2,3,1,0.6124031007751938,0.0
MPZ,2,3,1,0.6124031007751938,0.3870967741935484
LENG8,2,3,1,0.6124031007751938,0.0
ETV1,2,3,1,0.6124031007751938,0.0
CD274,2,3,1,0.6124031007751938,0.75
DCT,2,3,1,0.6124031007751938,0.75
PTCH1,2,3,1,0.6124031007751938,0.75
ATF3,2,3,1,0.6124031007751938,0.75
STRADB,2,3,1,0.6124031007751938,0.75
SERPING1,2,3,1,0.6124031007751938,0.0
IRF1,2,3,1,0.6124031007751938,0.75
CXCL10,2,3,1,0.6124031007751938,0.75
CXCL11,2,3,1,0.6124031007751938,0.75
KDM5B,2,3,1,0.6124031007751938,0.75
LSAMP,2,3,1,0.6124031007751938,0.75
TUBB2B,2,3,1,0.6124031007751938,0.75
RASSF8,2,3,1,0.6124031007751938,0.75
ID4,2,3,1,0.6124031007751938,0.75
CYB561A3,2,3,1,0.6124031007751938,1.0
FAM210B,2,3,1,0.6124031007751938,1.0
PTGR1,2,3,1,0.6124031007751938,1.0
CALD1,2,3,1,0.6124031007751938,1.0
CDH2,2,3,1,0.6124031007751938,1.0
PERP,2,3,1,0.6124031007751938,1.0
S100A13,2,3,1,0.6124031007751938,1.0
GYPC,2,3,1,0.6124031007751938,1.0
IFITM1,2,3,1,0.6124031007751938,1.0
MYC,2,3,1,0.6124031007751938,1.0
ENAH,2,3,1,0.6124031007751938,1.0
ITGB1,2,3,1,0.6124031007751938,1.0
PTEN,2,3,1,0.6124031007751938,1.0
CD276,2,3,1,0.6124031007751938,1.0
ITGA6,2,3,1,0.6124031007751938,1.0
NRP2,2,3,1,0.6124031007751938,1.0
IFI27,2,3,1,0.6124031007751938,1.0
CRYAB,2,3,1,0.6124031007751938,1.0
TSC22D1,2,3,1,0.6124031007751938,1.0
TNC,2,3,1,0.6124031007751938,1.0
IRF4,2,3,1,0.6124031007751938,1.0
KIT,2,3,1,0.6124031007751938,1.0
DST,2,3,1,0.6124031007751938,1.0
APCDD1,2,3,1,0.6124031007751938,1.0
TBC1D7,2,3,1,0.6124031007751938,1.0
PCDH7,2,3,1,0.6124031007751938,1.0
SNCA,2,3,1,0.6124031007751938,1.0
S100B,2,3,1,0.6124031007751938,1.0
NSG1,2,3,1,0.6124031007751938,1.0
CCND1,2,3,1,0.6124031007751938,1.0
TYRP1,2,3,1,0.6124031007751938,1.0
TFAP2B,2,3,1,0.6124031007751938,1.0
FBXO7,2,3,1,0.6124031007751938,1.0
PLP1,2,3,1,0.6124031007751938,1.0
TRPM1,2,3,1,0.6124031007751938,1.0
SOX10,2,3,1,0.6124031007751938,1.0
MARCKSL1,2,3,1,0.6124031007751938,1.0
EDNRB,2,3,1,0.6124031007751938,1.0
CTNNB1,2,3,1,0.6124031007751938,1.0
MITF,2,3,1,0.6124031007751938,1.0
QPCT,2,3,1,0.6124031007751938,1.0
IFI6,2,3,1,0.6124031007751938,1.0
MLANA,2,3,1,0.6124031007751938,1.0
CD63,2,3,1,0.6124031007751938,1.0
SERPINE2,2,3,1,0.6124031007751938,1.0
TYR,2,3,1,0.6124031007751938,1.0
TFAP2A,2,3,1,0.6124031007751938,1.0
PMEL,2,3,1,0.6124031007751938,1.0
VIM,2,3,1,0.6124031007751938,1.0
NFKBIZ,2,3,1,0.6124031007751938,0.0
BCL2A1,2,3,1,0.6124031007751938,0.0
CXCR3,2,3,1,0.6124031007751938,0.2
PBXIP1,2,3,1,0.6124031007751938,0.2
GPR183,2,3,1,0.6124031007751938,0.0
IL2RA,2,3,1,0.6124031007751938,0.2
CTLA4,2,3,1,0.6124031007751938,0.2
FOXP3,2,3,1,0.6124031007751938,0.2
IFNG,2,3,1,0.6124031007751938,0.2
TNF,2,3,1,0.6124031007751938,0.2
CCL4,2,3,1,0.6124031007751938,0.2
CCL3,2,3,1,0.6124031007751938,0.2
ITGAE,2,3,1,0.6124031007751938,0.2
TGFB1,2,3,1,0.6124031007751938,0.02857142857142857
S100A4,2,3,1,0.6124031007751938,0.02857142857142857
ALOX5AP,2,3,1,0.6124031007751938,0.2
CDC20,2,3,1,0.6124031007751938,0.2
COTL1,2,3,1,0.6124031007751938,1.0
ARHGDIB,2,3,1,0.6124031007751938,1.0
BIRC5,2,3,1,0.6124031007751938,1.0
CENPF,2,3,1,0.6124031007751938,1.0
PTTG1,2,3,1,0.6124031007751938,1.0
UBE2C,2,3,1,0.6124031007751938,1.0
CDK1,2,3,1,0.6124031007751938,1.0
HIST1H4C,2,3,1,0.6124031007751938,1.0
NUSAP1,2,3,1,0.6124031007751938,1.0
TOP2A,2,3,1,0.6124031007751938,1.0
MKI67,2,3,1,0.6124031007751938,1.0
HMGN2,2,3,1,0.6124031007751938,1.0
HMGB2,2,3,1,0.6124031007751938,1.0
RRM2,2,3,1,0.6124031007751938,1.0
STMN1,2,3,1,0.6124031007751938,1.0
TYMS,2,3,1,0.6124031007751938,1.0
LCK,2,3,1,0.6124031007751938,0.16666666666666666
LAG3,2,3,1,0.6124031007751938,0.4
CD3E,2,3,1,0.6124031007751938,0.16666666666666666
CD8A,2,3,1,0.6124031007751938,0.4
CCL5,2,3,1,0.6124031007751938,0.4
GZMA,2,3,1,0.6124031007751938,0.4
GZMB,2,3,1,0.6124031007751938,0.4
PRF1,2,3,1,0.6124031007751938,0.4
CD3D,2,3,1,0.6124031007751938,0.4
CD3G,2,3,1,0.6124031007751938,0.4
GZMK,2,3,1,0.6124031007751938,0.0
CST7,2,3,1,0.6124031007751938,0.16666666666666666
CD27,2,3,1,0.6124031007751938,0.16666666666666666
TIGIT,2,3,1,0.6124031007751938,0.4
DUSP2,2,3,1,0.6124031007751938,0.16666666666666666
AKAP5,2,3,1,0.6124031007751938,0.1111111111111111
CXCL13,2,3,1,0.6124031007751938,0.1111111111111111
ITM2A,2,3,1,0.6124031007751938,0.1111111111111111
PTPRCAP,2,3,1,0.6124031007751938,0.15384615384615385
CXCR4,2,3,1,0.6124031007751938,0.15384615384615385
CD52,2,3,1,0.6124031007751938,0.15384615384615385
CD69,2,3,1,0.6124031007751938,0.15384615384615385
KLRG1,2,3,1,0.6124031007751938,0.20588235294117646
SELL,2,3,1,0.6124031007751938,0.20588235294117646
IL7R,2,3,1,0.6124031007751938,0.15384615384615385
GIMAP7,2,3,1,0.6124031007751938,0.20588235294117646
TCF7,2,3,1,0.6124031007751938,0.20588235294117646
NKG7,2,3,1,0.6124031007751938,0.1111111111111111
KLRB1,2,3,1,0.6124031007751938,0.20588235294117646
CTSW,2,3,1,0.6124031007751938,0.20588235294117646
GNLY,2,3,1,0.6124031007751938,0.20588235294117646
KLRD1,2,3,1,0.6124031007751938,0.20588235294117646
CRABP2,2,3,1,0.6124031007751938,0.0
TFPI,2,3,1,0.6124031007751938,0.6956521739130435
SYNPO2,2,3,1,0.6124031007751938,0.6956521739130435
NR2F2,2,3,1,0.6124031007751938,0.6956521739130435
PTN,2,3,1,0.6124031007751938,0.6956521739130435
IGFBP3,2,3,1,0.6124031007751938,0.6956521739130435
CPE,2,3,1,0.6124031007751938,0.6956521739130435
SPRY1,2,3,1,0.6124031007751938,0.6956521739130435
SLC25A37,2,3,1,0.6124031007751938,0.0
GEM,2,3,1,0.6124031007751938,0.6956521739130435
CCL19,2,3,1,0.6124031007751938,0.6956521739130435
HTRA1,2,3,1,0.6124031007751938,0.6956521739130435
MYL9,2,3,1,0.6124031007751938,0.6956521739130435
NOTCH3,2,3,1,0.6124031007751938,0.6956521739130435
SFRP2,2,3,1,0.6124031007751938,0.6956521739130435
SOD3,2,3,1,0.6124031007751938,0.6956521739130435
APOD,2,3,1,0.6124031007751938,0.6956521739130435
INHBA,2,3,1,0.6124031007751938,0.6956521739130435
IGFBP5,2,3,1,0.6124031007751938,0.6956521739130435
CXCL12,2,3,1,0.6124031007751938,0.0
PDGFRA,2,3,1,0.6124031007751938,0.8823529411764706
THY1,2,3,1,0.6124031007751938,0.8823529411764706
FAP,2,3,1,0.6124031007751938,0.8823529411764706
VCAN,2,3,1,0.6124031007751938,0.8823529411764706
C3,2,3,1,0.6124031007751938,0.8823529411764706
THBS2,2,3,1,0.6124031007751938,0.8823529411764706
PTGDS,2,3,1,0.6124031007751938,0.8823529411764706
LUM,2,3,1,0.6124031007751938,0.8823529411764706
PDGFRB,2,3,1,0.6124031007751938,0.8823529411764706
COL5A2,2,3,1,0.6124031007751938,0.8823529411764706
MMP2,2,3,1,0.6124031007751938,0.8823529411764706
POSTN,2,3,1,0.6124031007751938,0.8823529411764706
FN1,2,3,1,0.6124031007751938,0.8823529411764706
COL6A3,2,3,1,0.6124031007751938,0.8823529411764706
COL6A1,2,3,1,0.6124031007751938,0.8823529411764706
COL6A2,2,3,1,0.6124031007751938,0.8823529411764706
SELE,2,3,1,0.6124031007751938,0.8636363636363636
RGS5,2,3,1,0.6124031007751938,0.8636363636363636
MYCT1,2,3,1,0.6124031007751938,0.8636363636363636
IL3RA,2,3,1,0.6124031007751938,0.8636363636363636
TM4SF1,2,3,1,0.6124031007751938,0.8636363636363636
GNG11,2,3,1,0.6124031007751938,0.8636363636363636
RAMP2,2,3,1,0.6124031007751938,0.8636363636363636
MGP,2,3,1,0.6124031007751938,0.8636363636363636
ITGA5,2,3,1,0.6124031007751938,0.8636363636363636
CD93,2,3,1,0.6124031007751938,0.8636363636363636
IGFBP7,2,3,1,0.6124031007751938,0.8636363636363636
ECSCR,2,3,1,0.6124031007751938,0.8636363636363636
CALCRL,2,3,1,0.6124031007751938,0.8636363636363636
VWF,2,3,1,0.6124031007751938,0.8636363636363636
CD34,2,3,1,0.6124031007751938,0.8636363636363636
CDH5,2,3,1,0.6124031007751938,0.8636363636363636
PECAM1,2,3,1,0.6124031007751938,0.8636363636363636
PLVAP,2,3,1,0.6124031007751938,0.8636363636363636
AQP1,2,3,1,0.6124031007751938,0.8636363636363636
SPARCL1,2,3,1,0.6124031007751938,0.8636363636363636
MT1A,2,4,1,0.5770750988142292,0.7619047619047619
LY6D,2,4,1,0.5770750988142292,0.7619047619047619
WIF1,2,4,1,0.5770750988142292,0.7619047619047619
HBE1,2,4,1,0.5770750988142292,0.7619047619047619
DEFB1,2,4,1,0.5770750988142292,0.03225806451612903
MYOC,2,4,1,0.5770750988142292,0.7619047619047619
TFF3,2,4,1,0.5770750988142292,0.7619047619047619
PPP1R14A,2,4,1,0.5770750988142292,0.7619047619047619
IL33,2,4,1,0.5770750988142292,0.7619047619047619
MT1G,2,4,1,0.5770750988142292,0.7619047619047619
TNFRSF18,2,4,1,0.5770750988142292,0.7619047619047619
KRTDAP,2,4,1,0.5770750988142292,0.03225806451612903
ALAS2,2,4,1,0.5770750988142292,0.7619047619047619
HBD,2,4,1,0.5770750988142292,0.7619047619047619
SLPI,2,4,1,0.5770750988142292,0.7619047619047619
RGS16,2,4,1,0.5770750988142292,0.7619047619047619
SCGB1B2P,2,4,1,0.5770750988142292,0.7619047619047619
CA1,2,4,1,0.5770750988142292,0.7619047619047619
AHSP,2,4,1,0.5770750988142292,0.7619047619047619
MIR205HG,2,4,1,0.5770750988142292,0.0
IL17A,2,4,1,0.5770750988142292,0.06451612903225806
FGFBP1,2,4,1,0.5770750988142292,0.07692307692307693
IGFBP2,2,4,1,0.5770750988142292,0.06451612903225806
MYH11,2,4,1,0.5770750988142292,0.06451612903225806
LYVE1,2,4,1,0.5770750988142292,0.3333333333333333
HAPLN1,2,4,1,0.5770750988142292,0.3333333333333333
SERPINB2,2,4,1,0.5770750988142292,0.3333333333333333
LOR,2,4,1,0.5770750988142292,0.07692307692307693
CLDN5,2,4,1,0.5770750988142292,0.3333333333333333
NDUFA4L2,2,4,1,0.5770750988142292,0.3333333333333333
RHOV,2,4,1,0.5770750988142292,0.07692307692307693
CLDN4,2,4,1,0.5770750988142292,0.3333333333333333
LINC00636,2,4,1,0.5770750988142292,0.3333333333333333
MMP10,2,4,1,0.5770750988142292,0.3333333333333333
MT1X,2,4,1,0.5770750988142292,0.12
FABP4,2,4,1,0.5770750988142292,0.2727272727272727
PKHD1L1,2,4,1,0.5770750988142292,0.12
BCAN,2,4,1,0.5770750988142292,0.2727272727272727
NGFR,2,4,1,0.5770750988142292,0.12
SOX15,2,4,1,0.5770750988142292,0.0
COCH,2,4,1,0.5770750988142292,0.2727272727272727
KRT15,2,4,1,0.5770750988142292,0.07692307692307693
PLAC9,2,4,1,0.5770750988142292,0.2727272727272727
ACER1,2,4,1,0.5770750988142292,0.2727272727272727
CAPNS2,2,4,1,0.5770750988142292,0.07692307692307693
MAL2,2,4,1,0.5770750988142292,0.07692307692307693
ACHE,2,4,1,0.5770750988142292,0.12
CCL22,2,4,1,0.5770750988142292,0.2727272727272727
MFAP5,2,4,1,0.5770750988142292,0.2727272727272727
TP63,2,4,1,0.5770750988142292,0.07692307692307693
SERPINB5,2,4,1,0.5770750988142292,0.07692307692307693
IGLL1,2,4,1,0.5770750988142292,0.16666666666666666
CD1B,2,4,1,0.5770750988142292,0.16666666666666666
CXCL5,2,4,1,0.5770750988142292,0.16666666666666666
CES1,2,4,1,0.5770750988142292,0.16666666666666666
ARG1,2,4,1,0.5770750988142292,0.2727272727272727
IL1B,2,4,1,0.5770750988142292,0.2727272727272727
SOX17,2,4,1,0.5770750988142292,0.2727272727272727
GPR4,2,4,1,0.5770750988142292,0.16666666666666666
MMP27,2,4,1,0.5770750988142292,0.2727272727272727
G0S2,2,4,1,0.5770750988142292,0.2727272727272727
COL17A1,2,4,1,0.5770750988142292,0.07692307692307693
ASPN,2,4,1,0.5770750988142292,0.2727272727272727
NMB,2,4,1,0.5770750988142292,0.2727272727272727
CD207,2,4,1,0.5770750988142292,0.21739130434782608
CLDN1,2,4,1,0.5770750988142292,0.21739130434782608
FCER1A,2,4,1,0.5770750988142292,0.21739130434782608
CD1A,2,4,1,0.5770750988142292,0.21739130434782608
TFPI2,2,4,1,0.5770750988142292,0.21739130434782608
FCER2,2,4,1,0.5770750988142292,0.21739130434782608
CR2,2,4,1,0.5770750988142292,0.21739130434782608
LEPR,2,4,1,0.5770750988142292,0.21739130434782608
DSC1,2,4,1,0.5770750988142292,0.07692307692307693
ITGA8,2,4,1,0.5770750988142292,0.21739130434782608
DERL3,2,4,1,0.5770750988142292,0.21739130434782608
MMRN1,2,4,1,0.5770750988142292,0.21739130434782608
SOSTDC1,2,4,1,0.5770750988142292,0.07692307692307693
GATA2,2,4,1,0.5770750988142292,0.21739130434782608
AHNAK2,2,4,1,0.5770750988142292,0.07692307692307693
S100A14,2,4,1,0.5770750988142292,0.07692307692307693
FRZB,2,4,1,0.5770750988142292,0.42857142857142855
COMP,2,4,1,0.5770750988142292,0.034482758620689655
SBSN,2,4,1,0.5770750988142292,0.42857142857142855
MIA,2,4,1,0.5770750988142292,0.42857142857142855
SFRP1,2,4,1,0.5770750988142292,0.42857142857142855
PROX1,2,4,1,0.5770750988142292,0.42857142857142855
ACTA2,2,4,1,0.5770750988142292,0.42857142857142855
AREG,2,4,1,0.5770750988142292,0.42857142857142855
KRT17,2,4,1,0.5770750988142292,0.07692307692307693
DSP,2,4,1,0.5770750988142292,0.07692307692307693
LAMB3,2,4,1,0.5770750988142292,0.034482758620689655
AKR1C1,2,4,1,0.5770750988142292,0.42857142857142855
AZGP1,2,4,1,0.5770750988142292,0.0
TMEM150C,2,4,1,0.5770750988142292,0.42857142857142855
C5AR1,2,4,1,0.5770750988142292,0.42857142857142855
KRT5,2,4,1,0.5770750988142292,0.07692307692307693
PDCD1,2,4,1,0.5770750988142292,0.037037037037037035
NLGN4Y,2,4,1,0.5770750988142292,0.037037037037037035
DMKN,2,4,1,0.5770750988142292,0.0
IL6,2,4,1,0.5770750988142292,0.5238095238095238
PDPN,2,4,1,0.5770750988142292,0.5238095238095238
CXCL1,2,4,1,0.5770750988142292,0.5238095238095238
FBLN1,2,4,1,0.5770750988142292,0.5238095238095238
CD40LG,2,4,1,0.5770750988142292,0.5238095238095238
TNFRSF17,2,4,1,0.5770750988142292,0.5238095238095238
MZB1,2,4,1,0.5770750988142292,0.5238095238095238
FCRL5,2,4,1,0.5770750988142292,0.5238095238095238
MS4A1,2,4,1,0.5770750988142292,0.5238095238095238
CD79A,2,4,1,0.5770750988142292,0.5238095238095238
C11orf96,2,4,1,0.5770750988142292,0.5238095238095238
MFAP4,2,4,1,0.5770750988142292,0.5238095238095238
PTGER3,2,4,1,0.5770750988142292,0.0
KRT2,2,4,1,0.5770750988142292,0.42857142857142855
KRT16,2,4,1,0.5770750988142292,0.42857142857142855
CXADR,2,4,1,0.5770750988142292,0.42857142857142855
MT1F,2,4,1,0.5770750988142292,0.42857142857142855
PKIB,2,4,1,0.5770750988142292,0.42857142857142855
TACSTD2,2,4,1,0.5770750988142292,0.42857142857142855
AQP3,2,4,1,0.5770750988142292,0.42857142857142855
LTB,2,4,1,0.5770750988142292,0.42857142857142855
TMEM45A,2,4,1,0.5770750988142292,0.42857142857142855
LYPD3,2,4,1,0.5770750988142292,0.42857142857142855
TAGLN,2,4,1,0.5770750988142292,0.42857142857142855
CCR2,2,4,1,0.5770750988142292,0.42857142857142855
IL32,2,4,1,0.5770750988142292,0.42857142857142855
INSIG1,2,4,1,0.5770750988142292,0.0
IRF5,2,4,1,0.5770750988142292,0.05405405405405406
AIM2,2,4,1,0.5770750988142292,0.05405405405405406
IL10,2,4,1,0.5770750988142292,0.05405405405405406
RGS1,2,4,1,0.5770750988142292,0.47619047619047616
IDO1,2,4,1,0.5770750988142292,0.0
GPR157,2,4,1,0.5770750988142292,0.47619047619047616
CCR7,2,4,1,0.5770750988142292,0.47619047619047616
BIRC3,2,4,1,0.5770750988142292,0.47619047619047616
BASP1,2,4,1,0.5770750988142292,0.47619047619047616
CD83,2,4,1,0.5770750988142292,0.47619047619047616
FSCN1,2,4,1,0.5770750988142292,0.47619047619047616
CBFA2T3,2,4,1,0.5770750988142292,0.47619047619047616
RGCC,2,4,1,0.5770750988142292,0.47619047619047616
CLEC9A,2,4,1,0.5770750988142292,0.47619047619047616
ENPP1,2,4,1,0.5770750988142292,0.47619047619047616
TSPAN33,2,4,1,0.5770750988142292,0.2222222222222222
ID2,2,4,1,0.5770750988142292,0.2222222222222222
LGALS2,2,4,1,0.5770750988142292,0.2222222222222222
C1orf54,2,4,1,0.5770750988142292,0.2222222222222222
CPVL,2,4,1,0.5770750988142292,0.2222222222222222
IRF8,2,4,1,0.5770750988142292,0.2222222222222222
WDFY4,2,4,1,0.5770750988142292,0.2222222222222222
LGALS9,2,4,1,0.5770750988142292,0.28125
LST1,2,4,1,0.5770750988142292,0.28125
MNDA,2,4,1,0.5770750988142292,0.28125
ENTPD1,2,4,1,0.5770750988142292,0.28125
HAVCR2,2,4,1,0.5770750988142292,0.28125
CCL2,2,4,1,0.5770750988142292,0.28125
CCL8,2,4,1,0.5770750988142292,0.28125
PDCD1LG2,2,4,1,0.5770750988142292,0.28125
CXCL2,2,4,1,0.5770750988142292,0.28125
RNASE1,2,4,1,0.5770750988142292,0.28125
TYROBP,2,4,1,0.5770750988142292,1.0
AIF1,2,4,1,0.5770750988142292,1.0
TMEM176A,2,4,1,0.5770750988142292,1.0
C3AR1,2,4,1,0.5770750988142292,1.0
CD4,2,4,1,0.5770750988142292,1.0
CTSL,2,4,1,0.5770750988142292,1.0
AXL,2,4,1,0.5770750988142292,1.0
IL4I1,2,4,1,0.5770750988142292,1.0
ITGAX,2,4,1,0.5770750988142292,1.0
CSF1R,2,4,1,0.5770750988142292,1.0
CD14,2,4,1,0.5770750988142292,1.0
MMP9,2,4,1,0.5770750988142292,1.0
CD163,2,4,1,0.5770750988142292,1.0
C1QA,2,4,1,0.5770750988142292,1.0
LYZ,2,4,1,0.5770750988142292,1.0
CD68,2,4,1,0.5770750988142292,1.0
CTSZ,2,4,1,0.5770750988142292,1.0
FCER1G,2,4,1,0.5770750988142292,1.0
HLA-DPB1,2,4,1,0.5770750988142292,1.0
SLC8A1,2,4,1,0.5770750988142292,1.0
C15orf48,2,4,1,0.5770750988142292,0.04878048780487805
CLEC10A,2,4,1,0.5770750988142292,0.04878048780487805
CD1C,2,4,1,0.5770750988142292,0.04878048780487805
KRT18,2,4,1,0.5770750988142292,0.48
ADAM12,2,4,1,0.5770750988142292,0.48
ZNF667-AS1,2,4,1,0.5770750988142292,0.48
BHLHE41,2,4,1,0.5770750988142292,0.0
VEGFA,2,4,1,0.5770750988142292,0.48
SLC25A39,2,4,1,0.5770750988142292,0.48
FKBP8,2,4,1,0.5770750988142292,0.48
SLC2A3,2,4,1,0.5770750988142292,0.48
NR4A2,2,4,1,0.5770750988142292,0.48
CCND3,2,4,1,0.5770750988142292,0.48
CSPG4,2,4,1,0.5770750988142292,0.48
HES1,2,4,1,0.5770750988142292,0.48
MEF2C,2,4,1,0.5770750988142292,0.48
KRT1,2,4,1,0.5770750988142292,0.0
MPZ,2,4,1,0.5770750988142292,0.48
LENG8,2,4,1,0.5770750988142292,0.0
ETV1,2,4,1,0.5770750988142292,0.06451612903225806
CD274,2,4,1,0.5770750988142292,0.5555555555555556
DCT,2,4,1,0.5770750988142292,0.06451612903225806
PTCH1,2,4,1,0.5770750988142292,0.06451612903225806
ATF3,2,4,1,0.5770750988142292,0.5555555555555556
STRADB,2,4,1,0.5770750988142292,0.5555555555555556
SERPING1,2,4,1,0.5770750988142292,0.0
IRF1,2,4,1,0.5770750988142292,0.5555555555555556
CXCL10,2,4,1,0.5770750988142292,0.5555555555555556
CXCL11,2,4,1,0.5770750988142292,0.5555555555555556
KDM5B,2,4,1,0.5770750988142292,0.5555555555555556
LSAMP,2,4,1,0.5770750988142292,0.5555555555555556
TUBB2B,2,4,1,0.5770750988142292,0.5555555555555556
RASSF8,2,4,1,0.5770750988142292,0.5555555555555556
ID4,2,4,1,0.5770750988142292,0.5555555555555556
CYB561A3,2,4,1,0.5770750988142292,1.0
FAM210B,2,4,1,0.5770750988142292,1.0
PTGR1,2,4,1,0.5770750988142292,1.0
CALD1,2,4,1,0.5770750988142292,1.0
CDH2,2,4,1,0.5770750988142292,1.0
PERP,2,4,1,0.5770750988142292,1.0
S100A13,2,4,1,0.5770750988142292,1.0
GYPC,2,4,1,0.5770750988142292,1.0
IFITM1,2,4,1,0.5770750988142292,1.0
MYC,2,4,1,0.5770750988142292,1.0
ENAH,2,4,1,0.5770750988142292,1.0
ITGB1,2,4,1,0.5770750988142292,1.0
PTEN,2,4,1,0.5770750988142292,1.0
CD276,2,4,1,0.5770750988142292,1.0
ITGA6,2,4,1,0.5770750988142292,1.0
NRP2,2,4,1,0.5770750988142292,1.0
IFI27,2,4,1,0.5770750988142292,1.0
CRYAB,2,4,1,0.5770750988142292,1.0
TSC22D1,2,4,1,0.5770750988142292,1.0
TNC,2,4,1,0.5770750988142292,1.0
IRF4,2,4,1,0.5770750988142292,1.0
KIT,2,4,1,0.5770750988142292,1.0
DST,2,4,1,0.5770750988142292,1.0
APCDD1,2,4,1,0.5770750988142292,1.0
TBC1D7,2,4,1,0.5770750988142292,1.0
PCDH7,2,4,1,0.5770750988142292,1.0
SNCA,2,4,1,0.5770750988142292,1.0
S100B,2,4,1,0.5770750988142292,1.0
NSG1,2,4,1,0.5770750988142292,1.0
CCND1,2,4,1,0.5770750988142292,1.0
TYRP1,2,4,1,0.5770750988142292,1.0
TFAP2B,2,4,1,0.5770750988142292,1.0
FBXO7,2,4,1,0.5770750988142292,1.0
PLP1,2,4,1,0.5770750988142292,1.0
TRPM1,2,4,1,0.5770750988142292,1.0
SOX10,2,4,1,0.5770750988142292,1.0
MARCKSL1,2,4,1,0.5770750988142292,1.0
EDNRB,2,4,1,0.5770750988142292,1.0
CTNNB1,2,4,1,0.5770750988142292,1.0
MITF,2,4,1,0.5770750988142292,1.0
QPCT,2,4,1,0.5770750988142292,1.0
IFI6,2,4,1,0.5770750988142292,1.0
MLANA,2,4,1,0.5770750988142292,1.0
CD63,2,4,1,0.5770750988142292,1.0
SERPINE2,2,4,1,0.5770750988142292,1.0
TYR,2,4,1,0.5770750988142292,1.0
TFAP2A,2,4,1,0.5770750988142292,1.0
PMEL,2,4,1,0.5770750988142292,1.0
VIM,2,4,1,0.5770750988142292,1.0
NFKBIZ,2,4,1,0.5770750988142292,0.0
BCL2A1,2,4,1,0.5770750988142292,0.0
CXCR3,2,4,1,0.5770750988142292,0.13513513513513514
PBXIP1,2,4,1,0.5770750988142292,0.13513513513513514
GPR183,2,4,1,0.5770750988142292,0.05128205128205128
IL2RA,2,4,1,0.5770750988142292,0.13513513513513514
CTLA4,2,4,1,0.5770750988142292,0.13513513513513514
FOXP3,2,4,1,0.5770750988142292,0.13513513513513514
IFNG,2,4,1,0.5770750988142292,0.15384615384615385
TNF,2,4,1,0.5770750988142292,0.15384615384615385
CCL4,2,4,1,0.5770750988142292,0.15384615384615385
CCL3,2,4,1,0.5770750988142292,0.15384615384615385
ITGAE,2,4,1,0.5770750988142292,0.15384615384615385
TGFB1,2,4,1,0.5770750988142292,0.05128205128205128
S100A4,2,4,1,0.5770750988142292,0.05128205128205128
ALOX5AP,2,4,1,0.5770750988142292,0.0
CDC20,2,4,1,0.5770750988142292,0.13513513513513514
COTL1,2,4,1,0.5770750988142292,1.0
ARHGDIB,2,4,1,0.5770750988142292,1.0
BIRC5,2,4,1,0.5770750988142292,1.0
CENPF,2,4,1,0.5770750988142292,1.0
PTTG1,2,4,1,0.5770750988142292,1.0
UBE2C,2,4,1,0.5770750988142292,1.0
CDK1,2,4,1,0.5770750988142292,1.0
HIST1H4C,2,4,1,0.5770750988142292,1.0
NUSAP1,2,4,1,0.5770750988142292,1.0
TOP2A,2,4,1,0.5770750988142292,1.0
MKI67,2,4,1,0.5770750988142292,1.0
HMGN2,2,4,1,0.5770750988142292,1.0
HMGB2,2,4,1,0.5770750988142292,1.0
RRM2,2,4,1,0.5770750988142292,1.0
STMN1,2,4,1,0.5770750988142292,1.0
TYMS,2,4,1,0.5770750988142292,1.0
LCK,2,4,1,0.5770750988142292,0.037037037037037035
LAG3,2,4,1,0.5770750988142292,0.6470588235294118
CD3E,2,4,1,0.5770750988142292,0.6470588235294118
CD8A,2,4,1,0.5770750988142292,0.6470588235294118
CCL5,2,4,1,0.5770750988142292,0.6470588235294118
GZMA,2,4,1,0.5770750988142292,0.6470588235294118
GZMB,2,4,1,0.5770750988142292,0.6470588235294118
PRF1,2,4,1,0.5770750988142292,0.6470588235294118
CD3D,2,4,1,0.5770750988142292,0.6470588235294118
CD3G,2,4,1,0.5770750988142292,0.6470588235294118
GZMK,2,4,1,0.5770750988142292,0.0
CST7,2,4,1,0.5770750988142292,0.6470588235294118
CD27,2,4,1,0.5770750988142292,0.6470588235294118
TIGIT,2,4,1,0.5770750988142292,0.6470588235294118
DUSP2,2,4,1,0.5770750988142292,0.037037037037037035
AKAP5,2,4,1,0.5770750988142292,0.30434782608695654
CXCL13,2,4,1,0.5770750988142292,0.034482758620689655
ITM2A,2,4,1,0.5770750988142292,0.034482758620689655
PTPRCAP,2,4,1,0.5770750988142292,0.30434782608695654
CXCR4,2,4,1,0.5770750988142292,0.30434782608695654
CD52,2,4,1,0.5770750988142292,0.30434782608695654
CD69,2,4,1,0.5770750988142292,0.1388888888888889
KLRG1,2,4,1,0.5770750988142292,0.1388888888888889
SELL,2,4,1,0.5770750988142292,0.1388888888888889
IL7R,2,4,1,0.5770750988142292,0.1388888888888889
GIMAP7,2,4,1,0.5770750988142292,0.1388888888888889
TCF7,2,4,1,0.5770750988142292,0.1388888888888889
NKG7,2,4,1,0.5770750988142292,0.30434782608695654
KLRB1,2,4,1,0.5770750988142292,0.0
CTSW,2,4,1,0.5770750988142292,0.30434782608695654
GNLY,2,4,1,0.5770750988142292,0.30434782608695654
KLRD1,2,4,1,0.5770750988142292,0.30434782608695654
CRABP2,2,4,1,0.5770750988142292,0.0
TFPI,2,4,1,0.5770750988142292,0.0
SYNPO2,2,4,1,0.5770750988142292,0.65
NR2F2,2,4,1,0.5770750988142292,0.65
PTN,2,4,1,0.5770750988142292,0.65
IGFBP3,2,4,1,0.5770750988142292,0.02702702702702703
CPE,2,4,1,0.5770750988142292,0.65
SPRY1,2,4,1,0.5770750988142292,0.0
SLC25A37,2,4,1,0.5770750988142292,0.02702702702702703
GEM,2,4,1,0.5770750988142292,0.65
CCL19,2,4,1,0.5770750988142292,0.65
HTRA1,2,4,1,0.5770750988142292,0.65
MYL9,2,4,1,0.5770750988142292,0.65
NOTCH3,2,4,1,0.5770750988142292,0.65
SFRP2,2,4,1,0.5770750988142292,0.65
SOD3,2,4,1,0.5770750988142292,0.65
APOD,2,4,1,0.5770750988142292,0.0
INHBA,2,4,1,0.5770750988142292,0.65
IGFBP5,2,4,1,0.5770750988142292,0.65
CXCL12,2,4,1,0.5770750988142292,0.65
PDGFRA,2,4,1,0.5770750988142292,0.9375
THY1,2,4,1,0.5770750988142292,0.9375
FAP,2,4,1,0.5770750988142292,0.9375
VCAN,2,4,1,0.5770750988142292,0.9375
C3,2,4,1,0.5770750988142292,0.9375
THBS2,2,4,1,0.5770750988142292,0.9375
PTGDS,2,4,1,0.5770750988142292,0.9375
LUM,2,4,1,0.5770750988142292,0.9375
PDGFRB,2,4,1,0.5770750988142292,0.9375
COL5A2,2,4,1,0.5770750988142292,0.9375
MMP2,2,4,1,0.5770750988142292,0.9375
POSTN,2,4,1,0.5770750988142292,0.9375
FN1,2,4,1,0.5770750988142292,0.9375
COL6A3,2,4,1,0.5770750988142292,0.9375
COL6A1,2,4,1,0.5770750988142292,0.9375
COL6A2,2,4,1,0.5770750988142292,0.9375
SELE,2,4,1,0.5770750988142292,0.0
RGS5,2,4,1,0.5770750988142292,0.0
MYCT1,2,4,1,0.5770750988142292,0.08823529411764706
IL3RA,2,4,1,0.5770750988142292,0.08823529411764706
TM4SF1,2,4,1,0.5770750988142292,0.08823529411764706
GNG11,2,4,1,0.5770750988142292,0.65
RAMP2,2,4,1,0.5770750988142292,0.08823529411764706
MGP,2,4,1,0.5770750988142292,0.65
ITGA5,2,4,1,0.5770750988142292,0.65
CD93,2,4,1,0.5770750988142292,0.65
IGFBP7,2,4,1,0.5770750988142292,0.65
ECSCR,2,4,1,0.5770750988142292,0.65
CALCRL,2,4,1,0.5770750988142292,0.65
VWF,2,4,1,0.5770750988142292,0.65
CD34,2,4,1,0.5770750988142292,0.65
CDH5,2,4,1,0.5770750988142292,0.65
PECAM1,2,4,1,0.5770750988142292,0.65
PLVAP,2,4,1,0.5770750988142292,0.65
AQP1,2,4,1,0.5770750988142292,0.65
SPARCL1,2,4,1,0.5770750988142292,0.65
HBE1,3,0,2,0.8673469387755102,0.6956521739130435
MT1A,3,0,2,0.8673469387755102,0.6956521739130435
TFF3,3,0,2,0.8673469387755102,0.6956521739130435
TNFRSF18,3,0,2,0.8673469387755102,0.6956521739130435
RGS16,3,0,2,0.8673469387755102,0.6956521739130435
MT1G,3,0,2,0.8673469387755102,0.6956521739130435
WIF1,3,0,2,0.8673469387755102,0.6956521739130435
MYOC,3,0,2,0.8673469387755102,0.6956521739130435
SELE,3,0,2,0.8673469387755102,0.6956521739130435
PPP1R14A,3,0,2,0.8673469387755102,0.6956521739130435
IL17A,3,0,2,0.8673469387755102,0.6956521739130435
AHSP,3,0,2,0.8673469387755102,0.6956521739130435
IL33,3,0,2,0.8673469387755102,0.6956521739130435
PKHD1L1,3,0,2,0.8673469387755102,0.14705882352941177
ALAS2,3,0,2,0.8673469387755102,0.6956521739130435
LINC00636,3,0,2,0.8673469387755102,0.14705882352941177
SCGB1B2P,3,0,2,0.8673469387755102,0.14705882352941177
GPR4,3,0,2,0.8673469387755102,0.6956521739130435
CLDN5,3,0,2,0.8673469387755102,0.6956521739130435
ACHE,3,0,2,0.8673469387755102,0.14705882352941177
HBD,3,0,2,0.8673469387755102,0.14705882352941177
CA1,3,0,2,0.8673469387755102,0.14705882352941177
MYH11,3,0,2,0.8673469387755102,0.6956521739130435
SOX17,3,0,2,0.8673469387755102,0.0
COCH,3,0,2,0.8673469387755102,0.4166666666666667
CXCL5,3,0,2,0.8673469387755102,0.4166666666666667
IGFBP2,3,0,2,0.8673469387755102,0.4166666666666667
MMP10,3,0,2,0.8673469387755102,0.4166666666666667
FCER2,3,0,2,0.8673469387755102,0.4166666666666667
HAPLN1,3,0,2,0.8673469387755102,0.4166666666666667
NGFR,3,0,2,0.8673469387755102,0.4166666666666667
PLAC9,3,0,2,0.8673469387755102,0.4166666666666667
CR2,3,0,2,0.8673469387755102,0.4166666666666667
FABP4,3,0,2,0.8673469387755102,0.4166666666666667
G0S2,3,0,2,0.8673469387755102,0.23076923076923078
BCAN,3,0,2,0.8673469387755102,0.23076923076923078
MFAP5,3,0,2,0.8673469387755102,0.4166666666666667
CES1,3,0,2,0.8673469387755102,0.23076923076923078
NMB,3,0,2,0.8673469387755102,0.23076923076923078
MIA,3,0,2,0.8673469387755102,0.23076923076923078
MT1X,3,0,2,0.8673469387755102,0.23076923076923078
C5AR1,3,0,2,0.8673469387755102,0.0
TFPI2,3,0,2,0.8673469387755102,0.23076923076923078
PROX1,3,0,2,0.8673469387755102,0.2727272727272727
MMRN1,3,0,2,0.8673469387755102,0.2727272727272727
LYVE1,3,0,2,0.8673469387755102,0.2727272727272727
ACTA2,3,0,2,0.8673469387755102,0.2727272727272727
RGS5,3,0,2,0.8673469387755102,0.0
CD40LG,3,0,2,0.8673469387755102,0.2727272727272727
TMEM150C,3,0,2,0.8673469387755102,0.2727272727272727
GATA2,3,0,2,0.8673469387755102,0.2727272727272727
CD1B,3,0,2,0.8673469387755102,0.2727272727272727
DERL3,3,0,2,0.8673469387755102,0.2727272727272727
CD79A,3,0,2,0.8673469387755102,0.2727272727272727
FCRL5,3,0,2,0.8673469387755102,0.2727272727272727
MZB1,3,0,2,0.8673469387755102,0.2727272727272727
TNFRSF17,3,0,2,0.8673469387755102,0.2727272727272727
ITGA8,3,0,2,0.8673469387755102,0.2727272727272727
IL1B,3,0,2,0.8673469387755102,0.2727272727272727
LEPR,3,0,2,0.8673469387755102,0.2727272727272727
CCL19,3,0,2,0.8673469387755102,0.2727272727272727
PDCD1,3,0,2,0.8673469387755102,0.2727272727272727
DCT,3,0,2,0.8673469387755102,0.2727272727272727
CDH2,3,0,2,0.8673469387755102,0.2727272727272727
MMP27,3,0,2,0.8673469387755102,0.2727272727272727
IGLL1,3,0,2,0.8673469387755102,0.2727272727272727
CCL22,3,0,2,0.8673469387755102,0.2727272727272727
C11orf96,3,0,2,0.8673469387755102,0.2727272727272727
KLRB1,3,0,2,0.8673469387755102,0.2727272727272727
KLRG1,3,0,2,0.8673469387755102,0.2727272727272727
MS4A1,3,0,2,0.8673469387755102,0.2727272727272727
IL6,3,0,2,0.8673469387755102,0.2727272727272727
CXCR3,3,0,2,0.8673469387755102,0.0
IL32,3,0,2,0.8673469387755102,0.0
FOXP3,3,0,2,0.8673469387755102,0.10344827586206896
IL2RA,3,0,2,0.8673469387755102,0.10344827586206896
SELL,3,0,2,0.8673469387755102,0.10344827586206896
LTB,3,0,2,0.8673469387755102,0.10344827586206896
ADAM12,3,0,2,0.8673469387755102,0.0
FRZB,3,0,2,0.8673469387755102,0.3333333333333333
CXCL2,3,0,2,0.8673469387755102,0.3333333333333333
CXCL1,3,0,2,0.8673469387755102,0.3333333333333333
ENPP1,3,0,2,0.8673469387755102,0.3333333333333333
CCR2,3,0,2,0.8673469387755102,0.3333333333333333
ASPN,3,0,2,0.8673469387755102,0.3333333333333333
MPZ,3,0,2,0.8673469387755102,0.0
CCL8,3,0,2,0.8673469387755102,0.3333333333333333
IL10,3,0,2,0.8673469387755102,0.3333333333333333
MT1F,3,0,2,0.8673469387755102,0.3793103448275862
LSAMP,3,0,2,0.8673469387755102,0.3793103448275862
NLGN4Y,3,0,2,0.8673469387755102,0.3793103448275862
SOX15,3,0,2,0.8673469387755102,0.3793103448275862
PTN,3,0,2,0.8673469387755102,0.0
ZNF667-AS1,3,0,2,0.8673469387755102,0.3793103448275862
AKR1C1,3,0,2,0.8673469387755102,0.3793103448275862
PTCH1,3,0,2,0.8673469387755102,0.3793103448275862
CCND3,3,0,2,0.8673469387755102,0.3793103448275862
SLC25A37,3,0,2,0.8673469387755102,0.3793103448275862
FKBP8,3,0,2,0.8673469387755102,0.3793103448275862
CSPG4,3,0,2,0.8673469387755102,0.3793103448275862
SFRP1,3,0,2,0.8673469387755102,0.034482758620689655
PDPN,3,0,2,0.8673469387755102,0.034482758620689655
AIM2,3,0,2,0.8673469387755102,0.3793103448275862
CDC20,3,0,2,0.8673469387755102,1.0
HIST1H4C,3,0,2,0.8673469387755102,1.0
BIRC5,3,0,2,0.8673469387755102,1.0
CENPF,3,0,2,0.8673469387755102,1.0
UBE2C,3,0,2,0.8673469387755102,1.0
PTTG1,3,0,2,0.8673469387755102,1.0
CDK1,3,0,2,0.8673469387755102,1.0
NUSAP1,3,0,2,0.8673469387755102,1.0
TOP2A,3,0,2,0.8673469387755102,1.0
HMGB2,3,0,2,0.8673469387755102,1.0
MKI67,3,0,2,0.8673469387755102,1.0
HMGN2,3,0,2,0.8673469387755102,1.0
STMN1,3,0,2,0.8673469387755102,1.0
TYMS,3,0,2,0.8673469387755102,1.0
RRM2,3,0,2,0.8673469387755102,1.0
LENG8,3,0,2,0.8673469387755102,0.2857142857142857
BHLHE41,3,0,2,0.8673469387755102,0.2857142857142857
CCL2,3,0,2,0.8673469387755102,0.2857142857142857
IRF1,3,0,2,0.8673469387755102,0.2857142857142857
CXCL10,3,0,2,0.8673469387755102,0.2857142857142857
CXCL11,3,0,2,0.8673469387755102,0.2857142857142857
FAM210B,3,0,2,0.8673469387755102,0.2857142857142857
BCL2A1,3,0,2,0.8673469387755102,0.2857142857142857
RASSF8,3,0,2,0.8673469387755102,0.2857142857142857
STRADB,3,0,2,0.8673469387755102,0.2857142857142857
APOD,3,0,2,0.8673469387755102,0.2857142857142857
CRYAB,3,0,2,0.8673469387755102,0.2857142857142857
NRP2,3,0,2,0.8673469387755102,0.2857142857142857
CYB561A3,3,0,2,0.8673469387755102,0.2857142857142857
S100A13,3,0,2,0.8673469387755102,0.2857142857142857
GYPC,3,0,2,0.8673469387755102,0.6296296296296297
NSG1,3,0,2,0.8673469387755102,0.6296296296296297
MYC,3,0,2,0.8673469387755102,0.6296296296296297
SNCA,3,0,2,0.8673469387755102,0.6296296296296297
KIT,3,0,2,0.8673469387755102,0.6296296296296297
TBC1D7,3,0,2,0.8673469387755102,0.6296296296296297
S100B,3,0,2,0.8673469387755102,0.6296296296296297
IRF4,3,0,2,0.8673469387755102,0.6296296296296297
TRPM1,3,0,2,0.8673469387755102,0.6296296296296297
TFAP2B,3,0,2,0.8673469387755102,0.6296296296296297
SOX10,3,0,2,0.8673469387755102,0.6296296296296297
CCND1,3,0,2,0.8673469387755102,0.6296296296296297
CTNNB1,3,0,2,0.8673469387755102,0.6296296296296297
TFAP2A,3,0,2,0.8673469387755102,0.6296296296296297
QPCT,3,0,2,0.8673469387755102,0.6296296296296297
SERPINE2,3,0,2,0.8673469387755102,0.6296296296296297
VIM,3,0,2,0.8673469387755102,0.6296296296296297
CD63,3,0,2,0.8673469387755102,0.6296296296296297
MITF,3,0,2,0.8673469387755102,0.6296296296296297
MLANA,3,0,2,0.8673469387755102,0.6296296296296297
TYR,3,0,2,0.8673469387755102,0.6296296296296297
TYRP1,3,0,2,0.8673469387755102,0.6296296296296297
PMEL,3,0,2,0.8673469387755102,0.6296296296296297
EDNRB,3,0,2,0.8673469387755102,0.6296296296296297
PLP1,3,0,2,0.8673469387755102,0.6296296296296297
MARCKSL1,3,0,2,0.8673469387755102,0.6296296296296297
FBXO7,3,0,2,0.8673469387755102,0.6296296296296297
CD276,3,0,2,0.8673469387755102,0.6296296296296297
IFITM1,3,0,2,0.8673469387755102,0.6296296296296297
ITGB1,3,0,2,0.8673469387755102,0.6296296296296297
CALD1,3,0,2,0.8673469387755102,0.6296296296296297
INSIG1,3,0,2,0.8673469387755102,0.6296296296296297
KRT18,3,0,2,0.8673469387755102,0.6296296296296297
DUSP2,3,0,2,0.8673469387755102,0.0
IGFBP3,3,0,2,0.8673469387755102,0.0
NDUFA4L2,3,0,2,0.8673469387755102,0.6296296296296297
SOSTDC1,3,0,2,0.8673469387755102,0.6296296296296297
DEFB1,3,0,2,0.8673469387755102,0.023809523809523808
HES1,3,0,2,0.8673469387755102,0.023809523809523808
PTGR1,3,0,2,0.8673469387755102,0.023809523809523808
VEGFA,3,0,2,0.8673469387755102,0.9148936170212766
TUBB2B,3,0,2,0.8673469387755102,0.9148936170212766
PTEN,3,0,2,0.8673469387755102,0.9148936170212766
SLC25A39,3,0,2,0.8673469387755102,0.9148936170212766
AREG,3,0,2,0.8673469387755102,0.9148936170212766
KDM5B,3,0,2,0.8673469387755102,0.9148936170212766
NOTCH3,3,0,2,0.8673469387755102,0.9148936170212766
LY6D,3,0,2,0.8673469387755102,0.9148936170212766
CLDN4,3,0,2,0.8673469387755102,0.9148936170212766
C15orf48,3,0,2,0.8673469387755102,0.9148936170212766
PTGER3,3,0,2,0.8673469387755102,0.9148936170212766
ARG1,3,0,2,0.8673469387755102,0.9148936170212766
AZGP1,3,0,2,0.8673469387755102,0.9148936170212766
LOR,3,0,2,0.8673469387755102,0.9148936170212766
SERPINB2,3,0,2,0.8673469387755102,0.9148936170212766
ACER1,3,0,2,0.8673469387755102,0.9148936170212766
AHNAK2,3,0,2,0.8673469387755102,0.9148936170212766
CXADR,3,0,2,0.8673469387755102,0.9148936170212766
ID4,3,0,2,0.8673469387755102,0.9148936170212766
GPR157,3,0,2,0.8673469387755102,0.9148936170212766
ENAH,3,0,2,0.8673469387755102,0.9148936170212766
CAPNS2,3,0,2,0.8673469387755102,0.9148936170212766
RHOV,3,0,2,0.8673469387755102,0.9148936170212766
SLPI,3,0,2,0.8673469387755102,0.9148936170212766
AQP3,3,0,2,0.8673469387755102,0.9148936170212766
IFI6,3,0,2,0.8673469387755102,0.9148936170212766
KRT16,3,0,2,0.8673469387755102,0.9148936170212766
KRT2,3,0,2,0.8673469387755102,0.9148936170212766
CLDN1,3,0,2,0.8673469387755102,0.9148936170212766
DSC1,3,0,2,0.8673469387755102,0.9148936170212766
KRTDAP,3,0,2,0.8673469387755102,0.9148936170212766
CRABP2,3,0,2,0.8673469387755102,0.9148936170212766
S100A14,3,0,2,0.8673469387755102,0.9148936170212766
SERPINB5,3,0,2,0.8673469387755102,0.9148936170212766
MAL2,3,0,2,0.8673469387755102,0.9148936170212766
TACSTD2,3,0,2,0.8673469387755102,0.9148936170212766
LYPD3,3,0,2,0.8673469387755102,0.9148936170212766
PERP,3,0,2,0.8673469387755102,0.9148936170212766
DSP,3,0,2,0.8673469387755102,0.9148936170212766
IFI27,3,0,2,0.8673469387755102,0.9148936170212766
SBSN,3,0,2,0.8673469387755102,0.9148936170212766
KRT1,3,0,2,0.8673469387755102,0.9148936170212766
DMKN,3,0,2,0.8673469387755102,0.9148936170212766
TMEM45A,3,0,2,0.8673469387755102,0.9148936170212766
ATF3,3,0,2,0.8673469387755102,0.7647058823529411
FGFBP1,3,0,2,0.8673469387755102,0.7647058823529411
NFKBIZ,3,0,2,0.8673469387755102,0.7647058823529411
APCDD1,3,0,2,0.8673469387755102,0.7647058823529411
THBS2,3,0,2,0.8673469387755102,0.7647058823529411
PCDH7,3,0,2,0.8673469387755102,0.7647058823529411
MIR205HG,3,0,2,0.8673469387755102,0.7647058823529411
TP63,3,0,2,0.8673469387755102,0.7647058823529411
ITGA6,3,0,2,0.8673469387755102,0.7647058823529411
LAMB3,3,0,2,0.8673469387755102,0.7647058823529411
DST,3,0,2,0.8673469387755102,0.7647058823529411
COL17A1,3,0,2,0.8673469387755102,0.7647058823529411
KRT15,3,0,2,0.8673469387755102,0.7647058823529411
KRT17,3,0,2,0.8673469387755102,0.0
KRT5,3,0,2,0.8673469387755102,0.7647058823529411
ETV1,3,0,2,0.8673469387755102,0.22580645161290322
SLC2A3,3,0,2,0.8673469387755102,0.22580645161290322
NR4A2,3,0,2,0.8673469387755102,0.22580645161290322
CCL3,3,0,2,0.8673469387755102,0.22580645161290322
TNF,3,0,2,0.8673469387755102,0.22580645161290322
CD69,3,0,2,0.8673469387755102,0.22580645161290322
IFNG,3,0,2,0.8673469387755102,0.22580645161290322
GIMAP7,3,0,2,0.8673469387755102,0.22580645161290322
CXCL13,3,0,2,0.8673469387755102,0.4782608695652174
ITM2A,3,0,2,0.8673469387755102,0.4782608695652174
CD52,3,0,2,0.8673469387755102,0.4782608695652174
KLRD1,3,0,2,0.8673469387755102,0.4782608695652174
GNLY,3,0,2,0.8673469387755102,0.4782608695652174
CTSW,3,0,2,0.8673469387755102,0.4782608695652174
GZMK,3,0,2,0.8673469387755102,0.4782608695652174
CXCR4,3,0,2,0.8673469387755102,0.4782608695652174
PTPRCAP,3,0,2,0.8673469387755102,0.4782608695652174
NKG7,3,0,2,0.8673469387755102,0.4782608695652174
AKAP5,3,0,2,0.8673469387755102,0.4782608695652174
CD27,3,0,2,0.8673469387755102,0.0
ITGAE,3,0,2,0.8673469387755102,0.4782608695652174
ALOX5AP,3,0,2,0.8673469387755102,0.037037037037037035
CST7,3,0,2,0.8673469387755102,0.037037037037037035
LCK,3,0,2,0.8673469387755102,0.6
TIGIT,3,0,2,0.8673469387755102,0.6
CTLA4,3,0,2,0.8673469387755102,0.6
CCL4,3,0,2,0.8673469387755102,0.6
LAG3,3,0,2,0.8673469387755102,0.6
GZMB,3,0,2,0.8673469387755102,0.6
CD3E,3,0,2,0.8673469387755102,0.6
CD3G,3,0,2,0.8673469387755102,0.6
CD3D,3,0,2,0.8673469387755102,0.6
PRF1,3,0,2,0.8673469387755102,0.6
GZMA,3,0,2,0.8673469387755102,0.6
CCL5,3,0,2,0.8673469387755102,0.6
CD8A,3,0,2,0.8673469387755102,0.6
IRF5,3,0,2,0.8673469387755102,0.32558139534883723
IL7R,3,0,2,0.8673469387755102,0.32558139534883723
TCF7,3,0,2,0.8673469387755102,0.32558139534883723
PBXIP1,3,0,2,0.8673469387755102,0.2727272727272727
LGALS9,3,0,2,0.8673469387755102,0.2727272727272727
CD274,3,0,2,0.8673469387755102,0.2727272727272727
IDO1,3,0,2,0.8673469387755102,0.2727272727272727
CCR7,3,0,2,0.8673469387755102,0.2727272727272727
BASP1,3,0,2,0.8673469387755102,0.2727272727272727
BIRC3,3,0,2,0.8673469387755102,0.2727272727272727
CD83,3,0,2,0.8673469387755102,0.2727272727272727
FSCN1,3,0,2,0.8673469387755102,0.2727272727272727
ID2,3,0,2,0.8673469387755102,0.32558139534883723
CLEC9A,3,0,2,0.8673469387755102,0.32558139534883723
C1orf54,3,0,2,0.8673469387755102,0.32558139534883723
CBFA2T3,3,0,2,0.8673469387755102,0.32558139534883723
IRF8,3,0,2,0.8673469387755102,0.32558139534883723
WDFY4,3,0,2,0.8673469387755102,0.32558139534883723
TYROBP,3,0,2,0.8673469387755102,0.32558139534883723
TGFB1,3,0,2,0.8673469387755102,0.32558139534883723
PDCD1LG2,3,0,2,0.8673469387755102,0.2727272727272727
MNDA,3,0,2,0.8673469387755102,0.32558139534883723
CLEC10A,3,0,2,0.8673469387755102,0.32558139534883723
CD1C,3,0,2,0.8673469387755102,0.32558139534883723
ENTPD1,3,0,2,0.8673469387755102,0.32558139534883723
LST1,3,0,2,0.8673469387755102,0.48484848484848486
PKIB,3,0,2,0.8673469387755102,0.48484848484848486
CD1A,3,0,2,0.8673469387755102,0.48484848484848486
CD207,3,0,2,0.8673469387755102,0.48484848484848486
FCER1A,3,0,2,0.8673469387755102,0.48484848484848486
HLA-DPB1,3,0,2,0.8673469387755102,0.48484848484848486
CPVL,3,0,2,0.8673469387755102,0.48484848484848486
SLC8A1,3,0,2,0.8673469387755102,0.48484848484848486
CSF1R,3,0,2,0.8673469387755102,0.48484848484848486
TSPAN33,3,0,2,0.8673469387755102,0.48484848484848486
LGALS2,3,0,2,0.8673469387755102,0.48484848484848486
GPR183,3,0,2,0.8673469387755102,0.48484848484848486
RGS1,3,0,2,0.8673469387755102,0.48484848484848486
HAVCR2,3,0,2,0.8673469387755102,0.48484848484848486
S100A4,3,0,2,0.8673469387755102,0.48484848484848486
COTL1,3,0,2,0.8673469387755102,0.48484848484848486
ARHGDIB,3,0,2,0.8673469387755102,0.48484848484848486
MMP9,3,0,2,0.8673469387755102,0.020833333333333332
CTSL,3,0,2,0.8673469387755102,0.875
TMEM176A,3,0,2,0.8673469387755102,0.875
ITGAX,3,0,2,0.8673469387755102,0.875
IL4I1,3,0,2,0.8673469387755102,0.020833333333333332
AXL,3,0,2,0.8673469387755102,0.875
CD4,3,0,2,0.8673469387755102,0.875
AIF1,3,0,2,0.8673469387755102,0.875
C3AR1,3,0,2,0.8673469387755102,0.875
CD163,3,0,2,0.8673469387755102,0.875
CD14,3,0,2,0.8673469387755102,0.875
RNASE1,3,0,2,0.8673469387755102,0.875
C1QA,3,0,2,0.8673469387755102,0.875
LYZ,3,0,2,0.8673469387755102,0.875
FCER1G,3,0,2,0.8673469387755102,0.875
CTSZ,3,0,2,0.8673469387755102,0.875
CD68,3,0,2,0.8673469387755102,0.875
MEF2C,3,0,2,0.8673469387755102,0.32432432432432434
NR2F2,3,0,2,0.8673469387755102,0.32432432432432434
TFPI,3,0,2,0.8673469387755102,0.32432432432432434
IL3RA,3,0,2,0.8673469387755102,0.32432432432432434
TM4SF1,3,0,2,0.8673469387755102,0.32432432432432434
MGP,3,0,2,0.8673469387755102,0.32432432432432434
SPRY1,3,0,2,0.8673469387755102,0.32432432432432434
RGCC,3,0,2,0.8673469387755102,0.32432432432432434
RAMP2,3,0,2,0.8673469387755102,0.32432432432432434
MYCT1,3,0,2,0.8673469387755102,0.32432432432432434
ITGA5,3,0,2,0.8673469387755102,0.2708333333333333
TSC22D1,3,0,2,0.8673469387755102,0.2708333333333333
GNG11,3,0,2,0.8673469387755102,0.2708333333333333
ECSCR,3,0,2,0.8673469387755102,0.2708333333333333
CALCRL,3,0,2,0.8673469387755102,0.2708333333333333
IGFBP7,3,0,2,0.8673469387755102,0.2708333333333333
CD93,3,0,2,0.8673469387755102,0.2708333333333333
VWF,3,0,2,0.8673469387755102,0.2708333333333333
PECAM1,3,0,2,0.8673469387755102,0.2708333333333333
CD34,3,0,2,0.8673469387755102,0.2708333333333333
CDH5,3,0,2,0.8673469387755102,0.2708333333333333
PLVAP,3,0,2,0.8673469387755102,0.2708333333333333
AQP1,3,0,2,0.8673469387755102,0.2708333333333333
SPARCL1,3,0,2,0.8673469387755102,0.2708333333333333
TAGLN,3,0,2,0.8673469387755102,0.32432432432432434
MYL9,3,0,2,0.8673469387755102,0.32432432432432434
SYNPO2,3,0,2,0.8673469387755102,0.32432432432432434
FBLN1,3,0,2,0.8673469387755102,0.14545454545454545
IGFBP5,3,0,2,0.8673469387755102,0.14545454545454545
INHBA,3,0,2,0.8673469387755102,0.14545454545454545
GEM,3,0,2,0.8673469387755102,0.14545454545454545
CXCL12,3,0,2,0.8673469387755102,0.14545454545454545
C3,3,0,2,0.8673469387755102,0.14545454545454545
SOD3,3,0,2,0.8673469387755102,0.14545454545454545
PDGFRA,3,0,2,0.8673469387755102,0.14545454545454545
MFAP4,3,0,2,0.8673469387755102,0.14545454545454545
FAP,3,0,2,0.8673469387755102,0.6428571428571429
COMP,3,0,2,0.8673469387755102,0.6428571428571429
HTRA1,3,0,2,0.8673469387755102,0.6428571428571429
CPE,3,0,2,0.8673469387755102,0.6428571428571429
SERPING1,3,0,2,0.8673469387755102,0.6428571428571429
TNC,3,0,2,0.8673469387755102,0.6428571428571429
THY1,3,0,2,0.8673469387755102,0.6428571428571429
SFRP2,3,0,2,0.8673469387755102,0.6428571428571429
VCAN,3,0,2,0.8673469387755102,0.6428571428571429
PTGDS,3,0,2,0.8673469387755102,0.6428571428571429
PDGFRB,3,0,2,0.8673469387755102,0.6428571428571429
LUM,3,0,2,0.8673469387755102,0.6428571428571429
FN1,3,0,2,0.8673469387755102,0.6428571428571429
COL5A2,3,0,2,0.8673469387755102,0.6428571428571429
POSTN,3,0,2,0.8673469387755102,0.6428571428571429
MMP2,3,0,2,0.8673469387755102,0.6428571428571429
COL6A3,3,0,2,0.8673469387755102,0.6428571428571429
COL6A1,3,0,2,0.8673469387755102,0.6428571428571429
COL6A2,3,0,2,0.8673469387755102,0.6428571428571429
HBE1,3,1,2,0.5052631578947369,0.6551724137931034
MT1A,3,1,2,0.5052631578947369,0.6551724137931034
TFF3,3,1,2,0.5052631578947369,0.6551724137931034
TNFRSF18,3,1,2,0.5052631578947369,0.6551724137931034
RGS16,3,1,2,0.5052631578947369,0.6551724137931034
MT1G,3,1,2,0.5052631578947369,0.6551724137931034
WIF1,3,1,2,0.5052631578947369,0.6551724137931034
MYOC,3,1,2,0.5052631578947369,0.6551724137931034
SELE,3,1,2,0.5052631578947369,0.6551724137931034
PPP1R14A,3,1,2,0.5052631578947369,0.6551724137931034
IL17A,3,1,2,0.5052631578947369,0.6551724137931034
AHSP,3,1,2,0.5052631578947369,0.6551724137931034
IL33,3,1,2,0.5052631578947369,0.6551724137931034
PKHD1L1,3,1,2,0.5052631578947369,0.08823529411764706
ALAS2,3,1,2,0.5052631578947369,0.6551724137931034
LINC00636,3,1,2,0.5052631578947369,0.6551724137931034
SCGB1B2P,3,1,2,0.5052631578947369,0.6551724137931034
GPR4,3,1,2,0.5052631578947369,0.6551724137931034
CLDN5,3,1,2,0.5052631578947369,0.6551724137931034
ACHE,3,1,2,0.5052631578947369,0.08823529411764706
HBD,3,1,2,0.5052631578947369,0.08823529411764706
CA1,3,1,2,0.5052631578947369,0.6551724137931034
MYH11,3,1,2,0.5052631578947369,0.6551724137931034
SOX17,3,1,2,0.5052631578947369,0.08823529411764706
COCH,3,1,2,0.5052631578947369,0.075
CXCL5,3,1,2,0.5052631578947369,0.14285714285714285
IGFBP2,3,1,2,0.5052631578947369,0.23076923076923078
MMP10,3,1,2,0.5052631578947369,0.23076923076923078
FCER2,3,1,2,0.5052631578947369,0.075
HAPLN1,3,1,2,0.5052631578947369,0.14285714285714285
NGFR,3,1,2,0.5052631578947369,0.14285714285714285
PLAC9,3,1,2,0.5052631578947369,0.23076923076923078
CR2,3,1,2,0.5052631578947369,0.14285714285714285
FABP4,3,1,2,0.5052631578947369,0.23076923076923078
G0S2,3,1,2,0.5052631578947369,0.075
BCAN,3,1,2,0.5052631578947369,0.23076923076923078
MFAP5,3,1,2,0.5052631578947369,0.075
CES1,3,1,2,0.5052631578947369,0.03225806451612903
NMB,3,1,2,0.5052631578947369,0.23076923076923078
MIA,3,1,2,0.5052631578947369,0.0
MT1X,3,1,2,0.5052631578947369,0.14285714285714285
C5AR1,3,1,2,0.5052631578947369,0.03225806451612903
TFPI2,3,1,2,0.5052631578947369,0.23076923076923078
PROX1,3,1,2,0.5052631578947369,0.21739130434782608
MMRN1,3,1,2,0.5052631578947369,0.21739130434782608
LYVE1,3,1,2,0.5052631578947369,0.21739130434782608
ACTA2,3,1,2,0.5052631578947369,0.12
RGS5,3,1,2,0.5052631578947369,0.0
CD40LG,3,1,2,0.5052631578947369,0.12
TMEM150C,3,1,2,0.5052631578947369,0.02631578947368421
GATA2,3,1,2,0.5052631578947369,0.21739130434782608
CD1B,3,1,2,0.5052631578947369,0.12
DERL3,3,1,2,0.5052631578947369,0.12
CD79A,3,1,2,0.5052631578947369,0.21739130434782608
FCRL5,3,1,2,0.5052631578947369,0.02631578947368421
MZB1,3,1,2,0.5052631578947369,0.21739130434782608
TNFRSF17,3,1,2,0.5052631578947369,0.037037037037037035
ITGA8,3,1,2,0.5052631578947369,0.037037037037037035
IL1B,3,1,2,0.5052631578947369,0.037037037037037035
LEPR,3,1,2,0.5052631578947369,0.2727272727272727
CCL19,3,1,2,0.5052631578947369,0.037037037037037035
PDCD1,3,1,2,0.5052631578947369,0.0
DCT,3,1,2,0.5052631578947369,0.0
CDH2,3,1,2,0.5052631578947369,0.02857142857142857
MMP27,3,1,2,0.5052631578947369,0.2727272727272727
IGLL1,3,1,2,0.5052631578947369,0.2727272727272727
CCL22,3,1,2,0.5052631578947369,0.0
C11orf96,3,1,2,0.5052631578947369,0.02857142857142857
KLRB1,3,1,2,0.5052631578947369,0.2727272727272727
KLRG1,3,1,2,0.5052631578947369,0.2727272727272727
MS4A1,3,1,2,0.5052631578947369,0.2727272727272727
IL6,3,1,2,0.5052631578947369,0.2727272727272727
CXCR3,3,1,2,0.5052631578947369,0.0
IL32,3,1,2,0.5052631578947369,0.07692307692307693
FOXP3,3,1,2,0.5052631578947369,0.16666666666666666
IL2RA,3,1,2,0.5052631578947369,0.16666666666666666
SELL,3,1,2,0.5052631578947369,0.07692307692307693
LTB,3,1,2,0.5052631578947369,0.0
ADAM12,3,1,2,0.5052631578947369,0.16666666666666666
FRZB,3,1,2,0.5052631578947369,0.16666666666666666
CXCL2,3,1,2,0.5052631578947369,0.11538461538461539
CXCL1,3,1,2,0.5052631578947369,0.11538461538461539
ENPP1,3,1,2,0.5052631578947369,0.16666666666666666
CCR2,3,1,2,0.5052631578947369,0.07692307692307693
ASPN,3,1,2,0.5052631578947369,0.0
MPZ,3,1,2,0.5052631578947369,0.0
CCL8,3,1,2,0.5052631578947369,0.11538461538461539
IL10,3,1,2,0.5052631578947369,0.11538461538461539
MT1F,3,1,2,0.5052631578947369,0.0
LSAMP,3,1,2,0.5052631578947369,0.10344827586206896
NLGN4Y,3,1,2,0.5052631578947369,0.0
SOX15,3,1,2,0.5052631578947369,0.18181818181818182
PTN,3,1,2,0.5052631578947369,0.0
ZNF667-AS1,3,1,2,0.5052631578947369,0.0
AKR1C1,3,1,2,0.5052631578947369,0.10344827586206896
PTCH1,3,1,2,0.5052631578947369,0.18181818181818182
CCND3,3,1,2,0.5052631578947369,0.10344827586206896
SLC25A37,3,1,2,0.5052631578947369,0.18181818181818182
FKBP8,3,1,2,0.5052631578947369,0.18181818181818182
CSPG4,3,1,2,0.5052631578947369,0.18181818181818182
SFRP1,3,1,2,0.5052631578947369,0.18181818181818182
PDPN,3,1,2,0.5052631578947369,0.10344827586206896
AIM2,3,1,2,0.5052631578947369,0.18181818181818182
CDC20,3,1,2,0.5052631578947369,0.56
HIST1H4C,3,1,2,0.5052631578947369,0.56
BIRC5,3,1,2,0.5052631578947369,0.56
CENPF,3,1,2,0.5052631578947369,0.56
UBE2C,3,1,2,0.5052631578947369,0.56
PTTG1,3,1,2,0.5052631578947369,0.56
CDK1,3,1,2,0.5052631578947369,0.56
NUSAP1,3,1,2,0.5052631578947369,0.56
TOP2A,3,1,2,0.5052631578947369,0.56
HMGB2,3,1,2,0.5052631578947369,0.56
MKI67,3,1,2,0.5052631578947369,0.56
HMGN2,3,1,2,0.5052631578947369,0.56
STMN1,3,1,2,0.5052631578947369,0.56
TYMS,3,1,2,0.5052631578947369,0.56
RRM2,3,1,2,0.5052631578947369,0.56
LENG8,3,1,2,0.5052631578947369,0.18518518518518517
BHLHE41,3,1,2,0.5052631578947369,0.18518518518518517
CCL2,3,1,2,0.5052631578947369,0.0
IRF1,3,1,2,0.5052631578947369,0.07142857142857142
CXCL10,3,1,2,0.5052631578947369,0.07142857142857142
CXCL11,3,1,2,0.5052631578947369,0.07142857142857142
FAM210B,3,1,2,0.5052631578947369,0.0
BCL2A1,3,1,2,0.5052631578947369,0.18518518518518517
RASSF8,3,1,2,0.5052631578947369,0.18518518518518517
STRADB,3,1,2,0.5052631578947369,0.18518518518518517
APOD,3,1,2,0.5052631578947369,0.18518518518518517
CRYAB,3,1,2,0.5052631578947369,0.0
NRP2,3,1,2,0.5052631578947369,0.046511627906976744
CYB561A3,3,1,2,0.5052631578947369,0.046511627906976744
S100A13,3,1,2,0.5052631578947369,0.046511627906976744
GYPC,3,1,2,0.5052631578947369,0.6666666666666666
NSG1,3,1,2,0.5052631578947369,0.05813953488372093
MYC,3,1,2,0.5052631578947369,0.05813953488372093
SNCA,3,1,2,0.5052631578947369,0.6666666666666666
KIT,3,1,2,0.5052631578947369,0.6666666666666666
TBC1D7,3,1,2,0.5052631578947369,0.6666666666666666
S100B,3,1,2,0.5052631578947369,0.6666666666666666
IRF4,3,1,2,0.5052631578947369,0.6666666666666666
TRPM1,3,1,2,0.5052631578947369,0.6666666666666666
TFAP2B,3,1,2,0.5052631578947369,0.6666666666666666
SOX10,3,1,2,0.5052631578947369,0.6666666666666666
CCND1,3,1,2,0.5052631578947369,0.6666666666666666
CTNNB1,3,1,2,0.5052631578947369,0.6666666666666666
TFAP2A,3,1,2,0.5052631578947369,0.6666666666666666
QPCT,3,1,2,0.5052631578947369,0.6666666666666666
SERPINE2,3,1,2,0.5052631578947369,0.6666666666666666
VIM,3,1,2,0.5052631578947369,0.6666666666666666
CD63,3,1,2,0.5052631578947369,0.6666666666666666
MITF,3,1,2,0.5052631578947369,0.6666666666666666
MLANA,3,1,2,0.5052631578947369,0.6666666666666666
TYR,3,1,2,0.5052631578947369,0.6666666666666666
TYRP1,3,1,2,0.5052631578947369,0.6666666666666666
PMEL,3,1,2,0.5052631578947369,0.6666666666666666
EDNRB,3,1,2,0.5052631578947369,0.6666666666666666
PLP1,3,1,2,0.5052631578947369,0.6666666666666666
MARCKSL1,3,1,2,0.5052631578947369,0.6666666666666666
FBXO7,3,1,2,0.5052631578947369,0.6666666666666666
CD276,3,1,2,0.5052631578947369,0.6666666666666666
IFITM1,3,1,2,0.5052631578947369,0.6666666666666666
ITGB1,3,1,2,0.5052631578947369,0.6666666666666666
CALD1,3,1,2,0.5052631578947369,0.6666666666666666
INSIG1,3,1,2,0.5052631578947369,0.0392156862745098
KRT18,3,1,2,0.5052631578947369,0.015873015873015872
DUSP2,3,1,2,0.5052631578947369,0.015873015873015872
IGFBP3,3,1,2,0.5052631578947369,0.0392156862745098
NDUFA4L2,3,1,2,0.5052631578947369,0.05813953488372093
SOSTDC1,3,1,2,0.5052631578947369,0.0392156862745098
DEFB1,3,1,2,0.5052631578947369,0.05813953488372093
HES1,3,1,2,0.5052631578947369,0.05813953488372093
PTGR1,3,1,2,0.5052631578947369,0.05813953488372093
VEGFA,3,1,2,0.5052631578947369,0.8269230769230769
TUBB2B,3,1,2,0.5052631578947369,0.8269230769230769
PTEN,3,1,2,0.5052631578947369,0.8269230769230769
SLC25A39,3,1,2,0.5052631578947369,0.8269230769230769
AREG,3,1,2,0.5052631578947369,0.8269230769230769
KDM5B,3,1,2,0.5052631578947369,0.8269230769230769
NOTCH3,3,1,2,0.5052631578947369,0.8269230769230769
LY6D,3,1,2,0.5052631578947369,0.8269230769230769
CLDN4,3,1,2,0.5052631578947369,0.8269230769230769
C15orf48,3,1,2,0.5052631578947369,0.8269230769230769
PTGER3,3,1,2,0.5052631578947369,0.8269230769230769
ARG1,3,1,2,0.5052631578947369,0.8269230769230769
AZGP1,3,1,2,0.5052631578947369,0.8269230769230769
LOR,3,1,2,0.5052631578947369,0.8269230769230769
SERPINB2,3,1,2,0.5052631578947369,0.8269230769230769
ACER1,3,1,2,0.5052631578947369,0.8269230769230769
AHNAK2,3,1,2,0.5052631578947369,0.8269230769230769
CXADR,3,1,2,0.5052631578947369,0.8269230769230769
ID4,3,1,2,0.5052631578947369,0.8269230769230769
GPR157,3,1,2,0.5052631578947369,0.8269230769230769
ENAH,3,1,2,0.5052631578947369,0.8269230769230769
CAPNS2,3,1,2,0.5052631578947369,0.8269230769230769
RHOV,3,1,2,0.5052631578947369,0.8269230769230769
SLPI,3,1,2,0.5052631578947369,0.8269230769230769
AQP3,3,1,2,0.5052631578947369,0.8269230769230769
IFI6,3,1,2,0.5052631578947369,0.8269230769230769
KRT16,3,1,2,0.5052631578947369,0.8269230769230769
KRT2,3,1,2,0.5052631578947369,0.8269230769230769
CLDN1,3,1,2,0.5052631578947369,0.8269230769230769
DSC1,3,1,2,0.5052631578947369,0.8269230769230769
KRTDAP,3,1,2,0.5052631578947369,0.8269230769230769
CRABP2,3,1,2,0.5052631578947369,0.8269230769230769
S100A14,3,1,2,0.5052631578947369,0.8269230769230769
SERPINB5,3,1,2,0.5052631578947369,0.8269230769230769
MAL2,3,1,2,0.5052631578947369,0.8269230769230769
TACSTD2,3,1,2,0.5052631578947369,0.8269230769230769
LYPD3,3,1,2,0.5052631578947369,0.8269230769230769
PERP,3,1,2,0.5052631578947369,0.8269230769230769
DSP,3,1,2,0.5052631578947369,0.8269230769230769
IFI27,3,1,2,0.5052631578947369,0.8269230769230769
SBSN,3,1,2,0.5052631578947369,0.8269230769230769
KRT1,3,1,2,0.5052631578947369,0.8269230769230769
DMKN,3,1,2,0.5052631578947369,0.8269230769230769
TMEM45A,3,1,2,0.5052631578947369,0.8269230769230769
ATF3,3,1,2,0.5052631578947369,0.6470588235294118
FGFBP1,3,1,2,0.5052631578947369,0.6470588235294118
NFKBIZ,3,1,2,0.5052631578947369,0.6470588235294118
APCDD1,3,1,2,0.5052631578947369,0.03125
THBS2,3,1,2,0.5052631578947369,0.03125
PCDH7,3,1,2,0.5052631578947369,0.6470588235294118
MIR205HG,3,1,2,0.5052631578947369,0.6470588235294118
TP63,3,1,2,0.5052631578947369,0.6470588235294118
ITGA6,3,1,2,0.5052631578947369,0.6470588235294118
LAMB3,3,1,2,0.5052631578947369,0.6470588235294118
DST,3,1,2,0.5052631578947369,0.6470588235294118
COL17A1,3,1,2,0.5052631578947369,0.6470588235294118
KRT15,3,1,2,0.5052631578947369,0.6470588235294118
KRT17,3,1,2,0.5052631578947369,0.0
KRT5,3,1,2,0.5052631578947369,0.6470588235294118
ETV1,3,1,2,0.5052631578947369,0.05555555555555555
SLC2A3,3,1,2,0.5052631578947369,0.05555555555555555
NR4A2,3,1,2,0.5052631578947369,0.05555555555555555
CCL3,3,1,2,0.5052631578947369,0.0
TNF,3,1,2,0.5052631578947369,0.0
CD69,3,1,2,0.5052631578947369,0.4074074074074074
IFNG,3,1,2,0.5052631578947369,0.4074074074074074
GIMAP7,3,1,2,0.5052631578947369,0.07692307692307693
CXCL13,3,1,2,0.5052631578947369,0.07692307692307693
ITM2A,3,1,2,0.5052631578947369,0.07692307692307693
CD52,3,1,2,0.5052631578947369,0.07692307692307693
KLRD1,3,1,2,0.5052631578947369,0.4074074074074074
GNLY,3,1,2,0.5052631578947369,0.4074074074074074
CTSW,3,1,2,0.5052631578947369,0.4074074074074074
GZMK,3,1,2,0.5052631578947369,0.4074074074074074
CXCR4,3,1,2,0.5052631578947369,0.4074074074074074
PTPRCAP,3,1,2,0.5052631578947369,0.4074074074074074
NKG7,3,1,2,0.5052631578947369,0.4074074074074074
AKAP5,3,1,2,0.5052631578947369,0.4074074074074074
CD27,3,1,2,0.5052631578947369,0.4074074074074074
ITGAE,3,1,2,0.5052631578947369,0.4074074074074074
ALOX5AP,3,1,2,0.5052631578947369,0.5
CST7,3,1,2,0.5052631578947369,0.03225806451612903
LCK,3,1,2,0.5052631578947369,0.03225806451612903
TIGIT,3,1,2,0.5052631578947369,0.5
CTLA4,3,1,2,0.5052631578947369,0.5
CCL4,3,1,2,0.5052631578947369,0.5
LAG3,3,1,2,0.5052631578947369,0.5
GZMB,3,1,2,0.5052631578947369,0.5
CD3E,3,1,2,0.5052631578947369,0.5
CD3G,3,1,2,0.5052631578947369,0.5
CD3D,3,1,2,0.5052631578947369,0.5
PRF1,3,1,2,0.5052631578947369,0.5
GZMA,3,1,2,0.5052631578947369,0.5
CCL5,3,1,2,0.5052631578947369,0.5
CD8A,3,1,2,0.5052631578947369,0.5
IRF5,3,1,2,0.5052631578947369,0.17647058823529413
IL7R,3,1,2,0.5052631578947369,0.17647058823529413
TCF7,3,1,2,0.5052631578947369,0.024390243902439025
PBXIP1,3,1,2,0.5052631578947369,0.024390243902439025
LGALS9,3,1,2,0.5052631578947369,0.17647058823529413
CD274,3,1,2,0.5052631578947369,0.21875
IDO1,3,1,2,0.5052631578947369,0.08888888888888889
CCR7,3,1,2,0.5052631578947369,0.21875
BASP1,3,1,2,0.5052631578947369,0.21875
BIRC3,3,1,2,0.5052631578947369,0.21875
CD83,3,1,2,0.5052631578947369,0.21875
FSCN1,3,1,2,0.5052631578947369,0.21875
ID2,3,1,2,0.5052631578947369,0.21875
CLEC9A,3,1,2,0.5052631578947369,0.0
C1orf54,3,1,2,0.5052631578947369,0.024390243902439025
CBFA2T3,3,1,2,0.5052631578947369,0.08888888888888889
IRF8,3,1,2,0.5052631578947369,0.08888888888888889
WDFY4,3,1,2,0.5052631578947369,0.08888888888888889
TYROBP,3,1,2,0.5052631578947369,0.17647058823529413
TGFB1,3,1,2,0.5052631578947369,0.024390243902439025
PDCD1LG2,3,1,2,0.5052631578947369,0.21875
MNDA,3,1,2,0.5052631578947369,0.17647058823529413
CLEC10A,3,1,2,0.5052631578947369,0.17647058823529413
CD1C,3,1,2,0.5052631578947369,0.17647058823529413
ENTPD1,3,1,2,0.5052631578947369,0.08888888888888889
LST1,3,1,2,0.5052631578947369,0.24242424242424243
PKIB,3,1,2,0.5052631578947369,0.24242424242424243
CD1A,3,1,2,0.5052631578947369,0.24242424242424243
CD207,3,1,2,0.5052631578947369,0.24242424242424243
FCER1A,3,1,2,0.5052631578947369,0.24242424242424243
HLA-DPB1,3,1,2,0.5052631578947369,0.24242424242424243
CPVL,3,1,2,0.5052631578947369,0.24242424242424243
SLC8A1,3,1,2,0.5052631578947369,0.24242424242424243
CSF1R,3,1,2,0.5052631578947369,0.24242424242424243
TSPAN33,3,1,2,0.5052631578947369,0.18518518518518517
LGALS2,3,1,2,0.5052631578947369,0.18518518518518517
GPR183,3,1,2,0.5052631578947369,0.18518518518518517
RGS1,3,1,2,0.5052631578947369,0.030303030303030304
HAVCR2,3,1,2,0.5052631578947369,0.030303030303030304
S100A4,3,1,2,0.5052631578947369,0.18518518518518517
COTL1,3,1,2,0.5052631578947369,0.18518518518518517
ARHGDIB,3,1,2,0.5052631578947369,0.18518518518518517
MMP9,3,1,2,0.5052631578947369,0.0
CTSL,3,1,2,0.5052631578947369,0.875
TMEM176A,3,1,2,0.5052631578947369,0.875
ITGAX,3,1,2,0.5052631578947369,0.875
IL4I1,3,1,2,0.5052631578947369,0.0
AXL,3,1,2,0.5052631578947369,0.875
CD4,3,1,2,0.5052631578947369,0.875
AIF1,3,1,2,0.5052631578947369,0.875
C3AR1,3,1,2,0.5052631578947369,0.875
CD163,3,1,2,0.5052631578947369,0.875
CD14,3,1,2,0.5052631578947369,0.875
RNASE1,3,1,2,0.5052631578947369,0.875
C1QA,3,1,2,0.5052631578947369,0.875
LYZ,3,1,2,0.5052631578947369,0.875
FCER1G,3,1,2,0.5052631578947369,0.875
CTSZ,3,1,2,0.5052631578947369,0.875
CD68,3,1,2,0.5052631578947369,0.875
MEF2C,3,1,2,0.5052631578947369,0.13953488372093023
NR2F2,3,1,2,0.5052631578947369,0.13953488372093023
TFPI,3,1,2,0.5052631578947369,0.13953488372093023
IL3RA,3,1,2,0.5052631578947369,0.0
TM4SF1,3,1,2,0.5052631578947369,0.13953488372093023
MGP,3,1,2,0.5052631578947369,0.13953488372093023
SPRY1,3,1,2,0.5052631578947369,0.0
RGCC,3,1,2,0.5052631578947369,0.0392156862745098
RAMP2,3,1,2,0.5052631578947369,0.13953488372093023
MYCT1,3,1,2,0.5052631578947369,0.13953488372093023
ITGA5,3,1,2,0.5052631578947369,0.4
TSC22D1,3,1,2,0.5052631578947369,0.4
GNG11,3,1,2,0.5052631578947369,0.4
ECSCR,3,1,2,0.5052631578947369,0.4
CALCRL,3,1,2,0.5052631578947369,0.4
IGFBP7,3,1,2,0.5052631578947369,0.4
CD93,3,1,2,0.5052631578947369,0.4
VWF,3,1,2,0.5052631578947369,0.4
PECAM1,3,1,2,0.5052631578947369,0.4
CD34,3,1,2,0.5052631578947369,0.4
CDH5,3,1,2,0.5052631578947369,0.4
PLVAP,3,1,2,0.5052631578947369,0.4
AQP1,3,1,2,0.5052631578947369,0.4
SPARCL1,3,1,2,0.5052631578947369,0.4
TAGLN,3,1,2,0.5052631578947369,0.0392156862745098
MYL9,3,1,2,0.5052631578947369,0.4
SYNPO2,3,1,2,0.5052631578947369,0.0392156862745098
FBLN1,3,1,2,0.5052631578947369,0.15384615384615385
IGFBP5,3,1,2,0.5052631578947369,0.15384615384615385
INHBA,3,1,2,0.5052631578947369,0.15384615384615385
GEM,3,1,2,0.5052631578947369,0.15384615384615385
CXCL12,3,1,2,0.5052631578947369,0.15384615384615385
C3,3,1,2,0.5052631578947369,0.15384615384615385
SOD3,3,1,2,0.5052631578947369,0.15384615384615385
PDGFRA,3,1,2,0.5052631578947369,0.15384615384615385
MFAP4,3,1,2,0.5052631578947369,0.15384615384615385
FAP,3,1,2,0.5052631578947369,0.0
COMP,3,1,2,0.5052631578947369,0.85
HTRA1,3,1,2,0.5052631578947369,0.85
CPE,3,1,2,0.5052631578947369,0.85
SERPING1,3,1,2,0.5052631578947369,0.85
TNC,3,1,2,0.5052631578947369,0.85
THY1,3,1,2,0.5052631578947369,0.85
SFRP2,3,1,2,0.5052631578947369,0.85
VCAN,3,1,2,0.5052631578947369,0.85
PTGDS,3,1,2,0.5052631578947369,0.85
PDGFRB,3,1,2,0.5052631578947369,0.85
LUM,3,1,2,0.5052631578947369,0.85
FN1,3,1,2,0.5052631578947369,0.85
COL5A2,3,1,2,0.5052631578947369,0.85
POSTN,3,1,2,0.5052631578947369,0.85
MMP2,3,1,2,0.5052631578947369,0.85
COL6A3,3,1,2,0.5052631578947369,0.85
COL6A1,3,1,2,0.5052631578947369,0.85
COL6A2,3,1,2,0.5052631578947369,0.85
HBE1,3,2,2,0.8041237113402062,0.6086956521739131
MT1A,3,2,2,0.8041237113402062,0.6086956521739131
TFF3,3,2,2,0.8041237113402062,0.6086956521739131
TNFRSF18,3,2,2,0.8041237113402062,0.6086956521739131
RGS16,3,2,2,0.8041237113402062,0.6086956521739131
MT1G,3,2,2,0.8041237113402062,0.6086956521739131
WIF1,3,2,2,0.8041237113402062,0.013513513513513514
MYOC,3,2,2,0.8041237113402062,0.6086956521739131
SELE,3,2,2,0.8041237113402062,0.013513513513513514
PPP1R14A,3,2,2,0.8041237113402062,0.6086956521739131
IL17A,3,2,2,0.8041237113402062,0.6086956521739131
AHSP,3,2,2,0.8041237113402062,0.6086956521739131
IL33,3,2,2,0.8041237113402062,0.15625
PKHD1L1,3,2,2,0.8041237113402062,0.6086956521739131
ALAS2,3,2,2,0.8041237113402062,0.6086956521739131
LINC00636,3,2,2,0.8041237113402062,0.15625
SCGB1B2P,3,2,2,0.8041237113402062,0.15625
GPR4,3,2,2,0.8041237113402062,0.6086956521739131
CLDN5,3,2,2,0.8041237113402062,0.6086956521739131
ACHE,3,2,2,0.8041237113402062,0.15625
HBD,3,2,2,0.8041237113402062,0.15625
CA1,3,2,2,0.8041237113402062,0.15625
MYH11,3,2,2,0.8041237113402062,0.6086956521739131
SOX17,3,2,2,0.8041237113402062,0.0
COCH,3,2,2,0.8041237113402062,0.3333333333333333
CXCL5,3,2,2,0.8041237113402062,0.3333333333333333
IGFBP2,3,2,2,0.8041237113402062,0.28
MMP10,3,2,2,0.8041237113402062,0.3333333333333333
FCER2,3,2,2,0.8041237113402062,0.3333333333333333
HAPLN1,3,2,2,0.8041237113402062,0.3333333333333333
NGFR,3,2,2,0.8041237113402062,0.3333333333333333
PLAC9,3,2,2,0.8041237113402062,0.3333333333333333
CR2,3,2,2,0.8041237113402062,0.28
FABP4,3,2,2,0.8041237113402062,0.3333333333333333
G0S2,3,2,2,0.8041237113402062,0.28
BCAN,3,2,2,0.8041237113402062,0.28
MFAP5,3,2,2,0.8041237113402062,0.3333333333333333
CES1,3,2,2,0.8041237113402062,0.03125
NMB,3,2,2,0.8041237113402062,0.28
MIA,3,2,2,0.8041237113402062,0.28
MT1X,3,2,2,0.8041237113402062,0.28
C5AR1,3,2,2,0.8041237113402062,0.03125
TFPI2,3,2,2,0.8041237113402062,0.28
PROX1,3,2,2,0.8041237113402062,0.21739130434782608
MMRN1,3,2,2,0.8041237113402062,0.21739130434782608
LYVE1,3,2,2,0.8041237113402062,0.21739130434782608
ACTA2,3,2,2,0.8041237113402062,0.2608695652173913
RGS5,3,2,2,0.8041237113402062,0.0
CD40LG,3,2,2,0.8041237113402062,0.21739130434782608
TMEM150C,3,2,2,0.8041237113402062,0.2608695652173913
GATA2,3,2,2,0.8041237113402062,0.21739130434782608
CD1B,3,2,2,0.8041237113402062,0.2608695652173913
DERL3,3,2,2,0.8041237113402062,0.21739130434782608
CD79A,3,2,2,0.8041237113402062,0.2608695652173913
FCRL5,3,2,2,0.8041237113402062,0.2608695652173913
MZB1,3,2,2,0.8041237113402062,0.2608695652173913
TNFRSF17,3,2,2,0.8041237113402062,0.0
ITGA8,3,2,2,0.8041237113402062,0.2608695652173913
IL1B,3,2,2,0.8041237113402062,0.2608695652173913
LEPR,3,2,2,0.8041237113402062,0.2608695652173913
CCL19,3,2,2,0.8041237113402062,0.2608695652173913
PDCD1,3,2,2,0.8041237113402062,0.2608695652173913
DCT,3,2,2,0.8041237113402062,0.20833333333333334
CDH2,3,2,2,0.8041237113402062,0.015384615384615385
MMP27,3,2,2,0.8041237113402062,0.2608695652173913
IGLL1,3,2,2,0.8041237113402062,0.2608695652173913
CCL22,3,2,2,0.8041237113402062,0.2608695652173913
C11orf96,3,2,2,0.8041237113402062,0.015384615384615385
KLRB1,3,2,2,0.8041237113402062,0.20833333333333334
KLRG1,3,2,2,0.8041237113402062,0.20833333333333334
MS4A1,3,2,2,0.8041237113402062,0.20833333333333334
IL6,3,2,2,0.8041237113402062,0.20833333333333334
CXCR3,3,2,2,0.8041237113402062,0.20833333333333334
IL32,3,2,2,0.8041237113402062,0.38095238095238093
FOXP3,3,2,2,0.8041237113402062,0.38095238095238093
IL2RA,3,2,2,0.8041237113402062,0.38095238095238093
SELL,3,2,2,0.8041237113402062,0.38095238095238093
LTB,3,2,2,0.8041237113402062,0.38095238095238093
ADAM12,3,2,2,0.8041237113402062,0.0
FRZB,3,2,2,0.8041237113402062,0.38095238095238093
CXCL2,3,2,2,0.8041237113402062,0.16666666666666666
CXCL1,3,2,2,0.8041237113402062,0.16666666666666666
ENPP1,3,2,2,0.8041237113402062,0.38095238095238093
CCR2,3,2,2,0.8041237113402062,0.38095238095238093
ASPN,3,2,2,0.8041237113402062,0.38095238095238093
MPZ,3,2,2,0.8041237113402062,0.16666666666666666
CCL8,3,2,2,0.8041237113402062,0.16666666666666666
IL10,3,2,2,0.8041237113402062,0.16666666666666666
MT1F,3,2,2,0.8041237113402062,0.12121212121212122
LSAMP,3,2,2,0.8041237113402062,0.12121212121212122
NLGN4Y,3,2,2,0.8041237113402062,0.12121212121212122
SOX15,3,2,2,0.8041237113402062,0.15789473684210525
PTN,3,2,2,0.8041237113402062,0.12121212121212122
ZNF667-AS1,3,2,2,0.8041237113402062,0.12121212121212122
AKR1C1,3,2,2,0.8041237113402062,0.15789473684210525
PTCH1,3,2,2,0.8041237113402062,0.15789473684210525
CCND3,3,2,2,0.8041237113402062,0.15789473684210525
SLC25A37,3,2,2,0.8041237113402062,0.15789473684210525
FKBP8,3,2,2,0.8041237113402062,0.15789473684210525
CSPG4,3,2,2,0.8041237113402062,0.15789473684210525
SFRP1,3,2,2,0.8041237113402062,0.03125
PDPN,3,2,2,0.8041237113402062,0.03125
AIM2,3,2,2,0.8041237113402062,0.03125
CDC20,3,2,2,0.8041237113402062,1.0
HIST1H4C,3,2,2,0.8041237113402062,1.0
BIRC5,3,2,2,0.8041237113402062,1.0
CENPF,3,2,2,0.8041237113402062,1.0
UBE2C,3,2,2,0.8041237113402062,1.0
PTTG1,3,2,2,0.8041237113402062,1.0
CDK1,3,2,2,0.8041237113402062,1.0
NUSAP1,3,2,2,0.8041237113402062,1.0
TOP2A,3,2,2,0.8041237113402062,1.0
HMGB2,3,2,2,0.8041237113402062,1.0
MKI67,3,2,2,0.8041237113402062,1.0
HMGN2,3,2,2,0.8041237113402062,1.0
STMN1,3,2,2,0.8041237113402062,1.0
TYMS,3,2,2,0.8041237113402062,1.0
RRM2,3,2,2,0.8041237113402062,1.0
LENG8,3,2,2,0.8041237113402062,0.2692307692307692
BHLHE41,3,2,2,0.8041237113402062,0.2692307692307692
CCL2,3,2,2,0.8041237113402062,0.2692307692307692
IRF1,3,2,2,0.8041237113402062,0.2692307692307692
CXCL10,3,2,2,0.8041237113402062,0.2692307692307692
CXCL11,3,2,2,0.8041237113402062,0.2692307692307692
FAM210B,3,2,2,0.8041237113402062,0.2692307692307692
BCL2A1,3,2,2,0.8041237113402062,0.2692307692307692
RASSF8,3,2,2,0.8041237113402062,0.2692307692307692
STRADB,3,2,2,0.8041237113402062,0.2692307692307692
APOD,3,2,2,0.8041237113402062,0.2692307692307692
CRYAB,3,2,2,0.8041237113402062,0.2692307692307692
NRP2,3,2,2,0.8041237113402062,0.2692307692307692
CYB561A3,3,2,2,0.8041237113402062,0.2692307692307692
S100A13,3,2,2,0.8041237113402062,0.2692307692307692
GYPC,3,2,2,0.8041237113402062,0.5964912280701754
NSG1,3,2,2,0.8041237113402062,0.5964912280701754
MYC,3,2,2,0.8041237113402062,0.5964912280701754
SNCA,3,2,2,0.8041237113402062,0.5964912280701754
KIT,3,2,2,0.8041237113402062,0.5964912280701754
TBC1D7,3,2,2,0.8041237113402062,0.5964912280701754
S100B,3,2,2,0.8041237113402062,0.5964912280701754
IRF4,3,2,2,0.8041237113402062,0.5964912280701754
TRPM1,3,2,2,0.8041237113402062,0.5964912280701754
TFAP2B,3,2,2,0.8041237113402062,0.5964912280701754
SOX10,3,2,2,0.8041237113402062,0.5964912280701754
CCND1,3,2,2,0.8041237113402062,0.5964912280701754
CTNNB1,3,2,2,0.8041237113402062,0.5964912280701754
TFAP2A,3,2,2,0.8041237113402062,0.5964912280701754
QPCT,3,2,2,0.8041237113402062,0.5964912280701754
SERPINE2,3,2,2,0.8041237113402062,0.5964912280701754
VIM,3,2,2,0.8041237113402062,0.5964912280701754
CD63,3,2,2,0.8041237113402062,0.5964912280701754
MITF,3,2,2,0.8041237113402062,0.5964912280701754
MLANA,3,2,2,0.8041237113402062,0.5964912280701754
TYR,3,2,2,0.8041237113402062,0.5964912280701754
TYRP1,3,2,2,0.8041237113402062,0.5964912280701754
PMEL,3,2,2,0.8041237113402062,0.5964912280701754
EDNRB,3,2,2,0.8041237113402062,0.5964912280701754
PLP1,3,2,2,0.8041237113402062,0.5964912280701754
MARCKSL1,3,2,2,0.8041237113402062,0.5964912280701754
FBXO7,3,2,2,0.8041237113402062,0.5964912280701754
CD276,3,2,2,0.8041237113402062,0.5964912280701754
IFITM1,3,2,2,0.8041237113402062,0.5964912280701754
ITGB1,3,2,2,0.8041237113402062,0.5964912280701754
CALD1,3,2,2,0.8041237113402062,0.5964912280701754
INSIG1,3,2,2,0.8041237113402062,0.5964912280701754
KRT18,3,2,2,0.8041237113402062,0.5964912280701754
DUSP2,3,2,2,0.8041237113402062,0.5964912280701754
IGFBP3,3,2,2,0.8041237113402062,0.0
NDUFA4L2,3,2,2,0.8041237113402062,0.03409090909090909
SOSTDC1,3,2,2,0.8041237113402062,0.5964912280701754
DEFB1,3,2,2,0.8041237113402062,0.03409090909090909
HES1,3,2,2,0.8041237113402062,0.03409090909090909
PTGR1,3,2,2,0.8041237113402062,0.03409090909090909
VEGFA,3,2,2,0.8041237113402062,0.8269230769230769
TUBB2B,3,2,2,0.8041237113402062,0.8269230769230769
PTEN,3,2,2,0.8041237113402062,0.8269230769230769
SLC25A39,3,2,2,0.8041237113402062,0.8269230769230769
AREG,3,2,2,0.8041237113402062,0.8269230769230769
KDM5B,3,2,2,0.8041237113402062,0.8269230769230769
NOTCH3,3,2,2,0.8041237113402062,0.8269230769230769
LY6D,3,2,2,0.8041237113402062,0.8269230769230769
CLDN4,3,2,2,0.8041237113402062,0.8269230769230769
C15orf48,3,2,2,0.8041237113402062,0.8269230769230769
PTGER3,3,2,2,0.8041237113402062,0.8269230769230769
ARG1,3,2,2,0.8041237113402062,0.8269230769230769
AZGP1,3,2,2,0.8041237113402062,0.8269230769230769
LOR,3,2,2,0.8041237113402062,0.8269230769230769
SERPINB2,3,2,2,0.8041237113402062,0.8269230769230769
ACER1,3,2,2,0.8041237113402062,0.8269230769230769
AHNAK2,3,2,2,0.8041237113402062,0.8269230769230769
CXADR,3,2,2,0.8041237113402062,0.8269230769230769
ID4,3,2,2,0.8041237113402062,0.8269230769230769
GPR157,3,2,2,0.8041237113402062,0.8269230769230769
ENAH,3,2,2,0.8041237113402062,0.8269230769230769
CAPNS2,3,2,2,0.8041237113402062,0.8269230769230769
RHOV,3,2,2,0.8041237113402062,0.8269230769230769
SLPI,3,2,2,0.8041237113402062,0.8269230769230769
AQP3,3,2,2,0.8041237113402062,0.8269230769230769
IFI6,3,2,2,0.8041237113402062,0.8269230769230769
KRT16,3,2,2,0.8041237113402062,0.8269230769230769
KRT2,3,2,2,0.8041237113402062,0.8269230769230769
CLDN1,3,2,2,0.8041237113402062,0.8269230769230769
DSC1,3,2,2,0.8041237113402062,0.8269230769230769
KRTDAP,3,2,2,0.8041237113402062,0.8269230769230769
CRABP2,3,2,2,0.8041237113402062,0.8269230769230769
S100A14,3,2,2,0.8041237113402062,0.8269230769230769
SERPINB5,3,2,2,0.8041237113402062,0.8269230769230769
MAL2,3,2,2,0.8041237113402062,0.8269230769230769
TACSTD2,3,2,2,0.8041237113402062,0.8269230769230769
LYPD3,3,2,2,0.8041237113402062,0.8269230769230769
PERP,3,2,2,0.8041237113402062,0.8269230769230769
DSP,3,2,2,0.8041237113402062,0.8269230769230769
IFI27,3,2,2,0.8041237113402062,0.8269230769230769
SBSN,3,2,2,0.8041237113402062,0.8269230769230769
KRT1,3,2,2,0.8041237113402062,0.8269230769230769
DMKN,3,2,2,0.8041237113402062,0.8269230769230769
TMEM45A,3,2,2,0.8041237113402062,0.8269230769230769
ATF3,3,2,2,0.8041237113402062,0.8666666666666667
FGFBP1,3,2,2,0.8041237113402062,0.8666666666666667
NFKBIZ,3,2,2,0.8041237113402062,0.8666666666666667
APCDD1,3,2,2,0.8041237113402062,0.8666666666666667
THBS2,3,2,2,0.8041237113402062,0.8666666666666667
PCDH7,3,2,2,0.8041237113402062,0.8666666666666667
MIR205HG,3,2,2,0.8041237113402062,0.8666666666666667
TP63,3,2,2,0.8041237113402062,0.8666666666666667
ITGA6,3,2,2,0.8041237113402062,0.8666666666666667
LAMB3,3,2,2,0.8041237113402062,0.8666666666666667
DST,3,2,2,0.8041237113402062,0.8666666666666667
COL17A1,3,2,2,0.8041237113402062,0.8666666666666667
KRT15,3,2,2,0.8041237113402062,0.8666666666666667
KRT17,3,2,2,0.8041237113402062,0.0
KRT5,3,2,2,0.8041237113402062,0.8666666666666667
ETV1,3,2,2,0.8041237113402062,0.5357142857142857
SLC2A3,3,2,2,0.8041237113402062,0.5357142857142857
NR4A2,3,2,2,0.8041237113402062,0.5357142857142857
CCL3,3,2,2,0.8041237113402062,0.0
TNF,3,2,2,0.8041237113402062,0.0
CD69,3,2,2,0.8041237113402062,0.5357142857142857
IFNG,3,2,2,0.8041237113402062,0.5357142857142857
GIMAP7,3,2,2,0.8041237113402062,0.5357142857142857
CXCL13,3,2,2,0.8041237113402062,0.5357142857142857
ITM2A,3,2,2,0.8041237113402062,0.5357142857142857
CD52,3,2,2,0.8041237113402062,0.5357142857142857
KLRD1,3,2,2,0.8041237113402062,0.5357142857142857
GNLY,3,2,2,0.8041237113402062,0.030303030303030304
CTSW,3,2,2,0.8041237113402062,0.030303030303030304
GZMK,3,2,2,0.8041237113402062,0.5357142857142857
CXCR4,3,2,2,0.8041237113402062,0.5357142857142857
PTPRCAP,3,2,2,0.8041237113402062,0.5357142857142857
NKG7,3,2,2,0.8041237113402062,0.5357142857142857
AKAP5,3,2,2,0.8041237113402062,0.0
CD27,3,2,2,0.8041237113402062,0.5357142857142857
ITGAE,3,2,2,0.8041237113402062,0.5357142857142857
ALOX5AP,3,2,2,0.8041237113402062,0.0
CST7,3,2,2,0.8041237113402062,0.8666666666666667
LCK,3,2,2,0.8041237113402062,0.8666666666666667
TIGIT,3,2,2,0.8041237113402062,0.8666666666666667
CTLA4,3,2,2,0.8041237113402062,0.8666666666666667
CCL4,3,2,2,0.8041237113402062,0.8666666666666667
LAG3,3,2,2,0.8041237113402062,0.8666666666666667
GZMB,3,2,2,0.8041237113402062,0.8666666666666667
CD3E,3,2,2,0.8041237113402062,0.8666666666666667
CD3G,3,2,2,0.8041237113402062,0.8666666666666667
CD3D,3,2,2,0.8041237113402062,0.8666666666666667
PRF1,3,2,2,0.8041237113402062,0.8666666666666667
GZMA,3,2,2,0.8041237113402062,0.8666666666666667
CCL5,3,2,2,0.8041237113402062,0.8666666666666667
CD8A,3,2,2,0.8041237113402062,0.8666666666666667
IRF5,3,2,2,0.8041237113402062,0.0
IL7R,3,2,2,0.8041237113402062,0.6538461538461539
TCF7,3,2,2,0.8041237113402062,0.6538461538461539
PBXIP1,3,2,2,0.8041237113402062,0.0
LGALS9,3,2,2,0.8041237113402062,0.0
CD274,3,2,2,0.8041237113402062,0.6538461538461539
IDO1,3,2,2,0.8041237113402062,0.6538461538461539
CCR7,3,2,2,0.8041237113402062,0.6538461538461539
BASP1,3,2,2,0.8041237113402062,0.6538461538461539
BIRC3,3,2,2,0.8041237113402062,0.6538461538461539
CD83,3,2,2,0.8041237113402062,0.6538461538461539
FSCN1,3,2,2,0.8041237113402062,0.6538461538461539
ID2,3,2,2,0.8041237113402062,0.6538461538461539
CLEC9A,3,2,2,0.8041237113402062,0.6538461538461539
C1orf54,3,2,2,0.8041237113402062,0.6538461538461539
CBFA2T3,3,2,2,0.8041237113402062,0.6538461538461539
IRF8,3,2,2,0.8041237113402062,0.6538461538461539
WDFY4,3,2,2,0.8041237113402062,0.6538461538461539
TYROBP,3,2,2,0.8041237113402062,0.6538461538461539
TGFB1,3,2,2,0.8041237113402062,0.6538461538461539
PDCD1LG2,3,2,2,0.8041237113402062,0.6538461538461539
MNDA,3,2,2,0.8041237113402062,0.08571428571428572
CLEC10A,3,2,2,0.8041237113402062,0.08571428571428572
CD1C,3,2,2,0.8041237113402062,0.08571428571428572
ENTPD1,3,2,2,0.8041237113402062,0.08571428571428572
LST1,3,2,2,0.8041237113402062,0.42857142857142855
PKIB,3,2,2,0.8041237113402062,0.42857142857142855
CD1A,3,2,2,0.8041237113402062,0.42857142857142855
CD207,3,2,2,0.8041237113402062,0.42857142857142855
FCER1A,3,2,2,0.8041237113402062,0.42857142857142855
HLA-DPB1,3,2,2,0.8041237113402062,0.42857142857142855
CPVL,3,2,2,0.8041237113402062,0.42857142857142855
SLC8A1,3,2,2,0.8041237113402062,0.42857142857142855
CSF1R,3,2,2,0.8041237113402062,0.42857142857142855
TSPAN33,3,2,2,0.8041237113402062,0.42857142857142855
LGALS2,3,2,2,0.8041237113402062,0.0
GPR183,3,2,2,0.8041237113402062,0.12195121951219512
RGS1,3,2,2,0.8041237113402062,0.12195121951219512
HAVCR2,3,2,2,0.8041237113402062,0.12195121951219512
S100A4,3,2,2,0.8041237113402062,0.12195121951219512
COTL1,3,2,2,0.8041237113402062,0.12195121951219512
ARHGDIB,3,2,2,0.8041237113402062,0.12195121951219512
MMP9,3,2,2,0.8041237113402062,0.5333333333333333
CTSL,3,2,2,0.8041237113402062,0.5333333333333333
TMEM176A,3,2,2,0.8041237113402062,0.5333333333333333
ITGAX,3,2,2,0.8041237113402062,0.5333333333333333
IL4I1,3,2,2,0.8041237113402062,0.5333333333333333
AXL,3,2,2,0.8041237113402062,0.5333333333333333
CD4,3,2,2,0.8041237113402062,0.5333333333333333
AIF1,3,2,2,0.8041237113402062,0.5333333333333333
C3AR1,3,2,2,0.8041237113402062,0.5333333333333333
CD163,3,2,2,0.8041237113402062,0.5333333333333333
CD14,3,2,2,0.8041237113402062,0.5333333333333333
RNASE1,3,2,2,0.8041237113402062,0.5333333333333333
C1QA,3,2,2,0.8041237113402062,0.5333333333333333
LYZ,3,2,2,0.8041237113402062,0.5333333333333333
FCER1G,3,2,2,0.8041237113402062,0.5333333333333333
CTSZ,3,2,2,0.8041237113402062,0.5333333333333333
CD68,3,2,2,0.8041237113402062,0.5333333333333333
MEF2C,3,2,2,0.8041237113402062,0.13953488372093023
NR2F2,3,2,2,0.8041237113402062,0.13953488372093023
TFPI,3,2,2,0.8041237113402062,0.13953488372093023
IL3RA,3,2,2,0.8041237113402062,0.13953488372093023
TM4SF1,3,2,2,0.8041237113402062,0.13953488372093023
MGP,3,2,2,0.8041237113402062,0.13953488372093023
SPRY1,3,2,2,0.8041237113402062,0.0
RGCC,3,2,2,0.8041237113402062,0.0
RAMP2,3,2,2,0.8041237113402062,0.13953488372093023
MYCT1,3,2,2,0.8041237113402062,0.4
ITGA5,3,2,2,0.8041237113402062,0.4
TSC22D1,3,2,2,0.8041237113402062,0.4
GNG11,3,2,2,0.8041237113402062,0.4
ECSCR,3,2,2,0.8041237113402062,0.4
CALCRL,3,2,2,0.8041237113402062,0.4
IGFBP7,3,2,2,0.8041237113402062,0.4
CD93,3,2,2,0.8041237113402062,0.4
VWF,3,2,2,0.8041237113402062,0.4
PECAM1,3,2,2,0.8041237113402062,0.4
CD34,3,2,2,0.8041237113402062,0.4
CDH5,3,2,2,0.8041237113402062,0.4
PLVAP,3,2,2,0.8041237113402062,0.4
AQP1,3,2,2,0.8041237113402062,0.4
SPARCL1,3,2,2,0.8041237113402062,0.4
TAGLN,3,2,2,0.8041237113402062,0.2894736842105263
MYL9,3,2,2,0.8041237113402062,0.2894736842105263
SYNPO2,3,2,2,0.8041237113402062,0.2894736842105263
FBLN1,3,2,2,0.8041237113402062,0.2894736842105263
IGFBP5,3,2,2,0.8041237113402062,0.2894736842105263
INHBA,3,2,2,0.8041237113402062,0.2894736842105263
GEM,3,2,2,0.8041237113402062,0.2894736842105263
CXCL12,3,2,2,0.8041237113402062,0.2894736842105263
C3,3,2,2,0.8041237113402062,0.2894736842105263
SOD3,3,2,2,0.8041237113402062,0.2894736842105263
PDGFRA,3,2,2,0.8041237113402062,0.2894736842105263
MFAP4,3,2,2,0.8041237113402062,0.2894736842105263
FAP,3,2,2,0.8041237113402062,1.0
COMP,3,2,2,0.8041237113402062,1.0
HTRA1,3,2,2,0.8041237113402062,1.0
CPE,3,2,2,0.8041237113402062,1.0
SERPING1,3,2,2,0.8041237113402062,1.0
TNC,3,2,2,0.8041237113402062,1.0
THY1,3,2,2,0.8041237113402062,1.0
SFRP2,3,2,2,0.8041237113402062,1.0
VCAN,3,2,2,0.8041237113402062,1.0
PTGDS,3,2,2,0.8041237113402062,1.0
PDGFRB,3,2,2,0.8041237113402062,1.0
LUM,3,2,2,0.8041237113402062,1.0
FN1,3,2,2,0.8041237113402062,1.0
COL5A2,3,2,2,0.8041237113402062,1.0
POSTN,3,2,2,0.8041237113402062,1.0
MMP2,3,2,2,0.8041237113402062,1.0
COL6A3,3,2,2,0.8041237113402062,1.0
COL6A1,3,2,2,0.8041237113402062,1.0
COL6A2,3,2,2,0.8041237113402062,1.0
HBE1,3,3,3,0.4574468085106383,0.5483870967741935
MT1A,3,3,3,0.4574468085106383,0.5483870967741935
TFF3,3,3,3,0.4574468085106383,0.5483870967741935
TNFRSF18,3,3,3,0.4574468085106383,0.5483870967741935
RGS16,3,3,3,0.4574468085106383,0.5483870967741935
MT1G,3,3,3,0.4574468085106383,0.5483870967741935
WIF1,3,3,3,0.4574468085106383,0.5483870967741935
MYOC,3,3,3,0.4574468085106383,0.023255813953488372
SELE,3,3,3,0.4574468085106383,0.5483870967741935
PPP1R14A,3,3,3,0.4574468085106383,0.5483870967741935
IL17A,3,3,3,0.4574468085106383,0.5483870967741935
AHSP,3,3,3,0.4574468085106383,0.023255813953488372
IL33,3,3,3,0.4574468085106383,0.5483870967741935
PKHD1L1,3,3,3,0.4574468085106383,0.05714285714285714
ALAS2,3,3,3,0.4574468085106383,0.5483870967741935
LINC00636,3,3,3,0.4574468085106383,0.5483870967741935
SCGB1B2P,3,3,3,0.4574468085106383,0.5483870967741935
GPR4,3,3,3,0.4574468085106383,0.5483870967741935
CLDN5,3,3,3,0.4574468085106383,0.5483870967741935
ACHE,3,3,3,0.4574468085106383,0.5483870967741935
HBD,3,3,3,0.4574468085106383,0.05714285714285714
CA1,3,3,3,0.4574468085106383,0.05714285714285714
MYH11,3,3,3,0.4574468085106383,0.5483870967741935
SOX17,3,3,3,0.4574468085106383,0.0
COCH,3,3,3,0.4574468085106383,0.10256410256410256
CXCL5,3,3,3,0.4574468085106383,0.10256410256410256
IGFBP2,3,3,3,0.4574468085106383,0.10344827586206896
MMP10,3,3,3,0.4574468085106383,0.2222222222222222
FCER2,3,3,3,0.4574468085106383,0.10256410256410256
HAPLN1,3,3,3,0.4574468085106383,0.2222222222222222
NGFR,3,3,3,0.4574468085106383,0.10256410256410256
PLAC9,3,3,3,0.4574468085106383,0.2222222222222222
CR2,3,3,3,0.4574468085106383,0.06666666666666667
FABP4,3,3,3,0.4574468085106383,0.10344827586206896
G0S2,3,3,3,0.4574468085106383,0.10256410256410256
BCAN,3,3,3,0.4574468085106383,0.2222222222222222
MFAP5,3,3,3,0.4574468085106383,0.06666666666666667
CES1,3,3,3,0.4574468085106383,0.06666666666666667
NMB,3,3,3,0.4574468085106383,0.2222222222222222
MIA,3,3,3,0.4574468085106383,0.2222222222222222
MT1X,3,3,3,0.4574468085106383,0.2222222222222222
C5AR1,3,3,3,0.4574468085106383,0.10344827586206896
TFPI2,3,3,3,0.4574468085106383,0.10344827586206896
PROX1,3,3,3,0.4574468085106383,0.037037037037037035
MMRN1,3,3,3,0.4574468085106383,0.21739130434782608
LYVE1,3,3,3,0.4574468085106383,0.21739130434782608
ACTA2,3,3,3,0.4574468085106383,0.11538461538461539
RGS5,3,3,3,0.4574468085106383,0.21739130434782608
CD40LG,3,3,3,0.4574468085106383,0.05405405405405406
TMEM150C,3,3,3,0.4574468085106383,0.05405405405405406
GATA2,3,3,3,0.4574468085106383,0.21739130434782608
CD1B,3,3,3,0.4574468085106383,0.21739130434782608
DERL3,3,3,3,0.4574468085106383,0.05405405405405406
CD79A,3,3,3,0.4574468085106383,0.11538461538461539
FCRL5,3,3,3,0.4574468085106383,0.21739130434782608
MZB1,3,3,3,0.4574468085106383,0.11538461538461539
TNFRSF17,3,3,3,0.4574468085106383,0.037037037037037035
ITGA8,3,3,3,0.4574468085106383,0.11538461538461539
IL1B,3,3,3,0.4574468085106383,0.07407407407407407
LEPR,3,3,3,0.4574468085106383,0.16666666666666666
CCL19,3,3,3,0.4574468085106383,0.037037037037037035
PDCD1,3,3,3,0.4574468085106383,0.0
DCT,3,3,3,0.4574468085106383,0.0
CDH2,3,3,3,0.4574468085106383,0.16666666666666666
MMP27,3,3,3,0.4574468085106383,0.07407407407407407
IGLL1,3,3,3,0.4574468085106383,0.16666666666666666
CCL22,3,3,3,0.4574468085106383,0.0
C11orf96,3,3,3,0.4574468085106383,0.16666666666666666
KLRB1,3,3,3,0.4574468085106383,0.16666666666666666
KLRG1,3,3,3,0.4574468085106383,0.037037037037037035
MS4A1,3,3,3,0.4574468085106383,0.037037037037037035
IL6,3,3,3,0.4574468085106383,0.037037037037037035
CXCR3,3,3,3,0.4574468085106383,0.07407407407407407
IL32,3,3,3,0.4574468085106383,0.07692307692307693
FOXP3,3,3,3,0.4574468085106383,0.07692307692307693
IL2RA,3,3,3,0.4574468085106383,0.07692307692307693
SELL,3,3,3,0.4574468085106383,0.3333333333333333
LTB,3,3,3,0.4574468085106383,0.0
ADAM12,3,3,3,0.4574468085106383,0.3333333333333333
FRZB,3,3,3,0.4574468085106383,0.3333333333333333
CXCL2,3,3,3,0.4574468085106383,0.3333333333333333
CXCL1,3,3,3,0.4574468085106383,0.3333333333333333
ENPP1,3,3,3,0.4574468085106383,0.0
CCR2,3,3,3,0.4574468085106383,0.3333333333333333
ASPN,3,3,3,0.4574468085106383,0.0
MPZ,3,3,3,0.4574468085106383,0.3333333333333333
CCL8,3,3,3,0.4574468085106383,0.0
IL10,3,3,3,0.4574468085106383,0.3333333333333333
MT1F,3,3,3,0.4574468085106383,0.037037037037037035
LSAMP,3,3,3,0.4574468085106383,0.0
NLGN4Y,3,3,3,0.4574468085106383,0.15789473684210525
SOX15,3,3,3,0.4574468085106383,0.15789473684210525
PTN,3,3,3,0.4574468085106383,0.0
ZNF667-AS1,3,3,3,0.4574468085106383,0.037037037037037035
AKR1C1,3,3,3,0.4574468085106383,0.024390243902439025
PTCH1,3,3,3,0.4574468085106383,0.024390243902439025
CCND3,3,3,3,0.4574468085106383,0.15789473684210525
SLC25A37,3,3,3,0.4574468085106383,0.15789473684210525
FKBP8,3,3,3,0.4574468085106383,0.0
CSPG4,3,3,3,0.4574468085106383,0.15789473684210525
SFRP1,3,3,3,0.4574468085106383,0.0
PDPN,3,3,3,0.4574468085106383,0.15789473684210525
AIM2,3,3,3,0.4574468085106383,0.15789473684210525
CDC20,3,3,3,0.4574468085106383,0.0
HIST1H4C,3,3,3,0.4574468085106383,0.6842105263157895
BIRC5,3,3,3,0.4574468085106383,0.6842105263157895
CENPF,3,3,3,0.4574468085106383,0.6842105263157895
UBE2C,3,3,3,0.4574468085106383,0.6842105263157895
PTTG1,3,3,3,0.4574468085106383,0.6842105263157895
CDK1,3,3,3,0.4574468085106383,0.6842105263157895
NUSAP1,3,3,3,0.4574468085106383,0.6842105263157895
TOP2A,3,3,3,0.4574468085106383,0.6842105263157895
HMGB2,3,3,3,0.4574468085106383,0.6842105263157895
MKI67,3,3,3,0.4574468085106383,0.6842105263157895
HMGN2,3,3,3,0.4574468085106383,0.6842105263157895
STMN1,3,3,3,0.4574468085106383,0.6842105263157895
TYMS,3,3,3,0.4574468085106383,0.6842105263157895
RRM2,3,3,3,0.4574468085106383,0.6842105263157895
LENG8,3,3,3,0.4574468085106383,0.20408163265306123
BHLHE41,3,3,3,0.4574468085106383,0.20408163265306123
CCL2,3,3,3,0.4574468085106383,0.07692307692307693
IRF1,3,3,3,0.4574468085106383,0.07692307692307693
CXCL10,3,3,3,0.4574468085106383,0.07692307692307693
CXCL11,3,3,3,0.4574468085106383,0.07692307692307693
FAM210B,3,3,3,0.4574468085106383,0.20408163265306123
BCL2A1,3,3,3,0.4574468085106383,0.20408163265306123
RASSF8,3,3,3,0.4574468085106383,0.20408163265306123
STRADB,3,3,3,0.4574468085106383,0.20408163265306123
APOD,3,3,3,0.4574468085106383,0.20408163265306123
CRYAB,3,3,3,0.4574468085106383,0.20408163265306123
NRP2,3,3,3,0.4574468085106383,0.20408163265306123
CYB561A3,3,3,3,0.4574468085106383,0.20408163265306123
S100A13,3,3,3,0.4574468085106383,0.20408163265306123
GYPC,3,3,3,0.4574468085106383,0.5555555555555556
NSG1,3,3,3,0.4574468085106383,0.5555555555555556
MYC,3,3,3,0.4574468085106383,0.5555555555555556
SNCA,3,3,3,0.4574468085106383,0.5555555555555556
KIT,3,3,3,0.4574468085106383,0.5555555555555556
TBC1D7,3,3,3,0.4574468085106383,0.5555555555555556
S100B,3,3,3,0.4574468085106383,0.5555555555555556
IRF4,3,3,3,0.4574468085106383,0.5555555555555556
TRPM1,3,3,3,0.4574468085106383,0.5555555555555556
TFAP2B,3,3,3,0.4574468085106383,0.5555555555555556
SOX10,3,3,3,0.4574468085106383,0.5555555555555556
CCND1,3,3,3,0.4574468085106383,0.5555555555555556
CTNNB1,3,3,3,0.4574468085106383,0.5555555555555556
TFAP2A,3,3,3,0.4574468085106383,0.5555555555555556
QPCT,3,3,3,0.4574468085106383,0.5555555555555556
SERPINE2,3,3,3,0.4574468085106383,0.5555555555555556
VIM,3,3,3,0.4574468085106383,0.5555555555555556
CD63,3,3,3,0.4574468085106383,0.5555555555555556
MITF,3,3,3,0.4574468085106383,0.5555555555555556
MLANA,3,3,3,0.4574468085106383,0.5555555555555556
TYR,3,3,3,0.4574468085106383,0.5555555555555556
TYRP1,3,3,3,0.4574468085106383,0.5555555555555556
PMEL,3,3,3,0.4574468085106383,0.5555555555555556
EDNRB,3,3,3,0.4574468085106383,0.5555555555555556
PLP1,3,3,3,0.4574468085106383,0.5555555555555556
MARCKSL1,3,3,3,0.4574468085106383,0.5555555555555556
FBXO7,3,3,3,0.4574468085106383,0.5555555555555556
CD276,3,3,3,0.4574468085106383,0.5555555555555556
IFITM1,3,3,3,0.4574468085106383,0.5555555555555556
ITGB1,3,3,3,0.4574468085106383,0.5555555555555556
CALD1,3,3,3,0.4574468085106383,0.5555555555555556
INSIG1,3,3,3,0.4574468085106383,0.047058823529411764
KRT18,3,3,3,0.4574468085106383,0.03636363636363636
DUSP2,3,3,3,0.4574468085106383,0.03636363636363636
IGFBP3,3,3,3,0.4574468085106383,0.0
NDUFA4L2,3,3,3,0.4574468085106383,0.047058823529411764
SOSTDC1,3,3,3,0.4574468085106383,0.03636363636363636
DEFB1,3,3,3,0.4574468085106383,0.047058823529411764
HES1,3,3,3,0.4574468085106383,0.047058823529411764
PTGR1,3,3,3,0.4574468085106383,0.047058823529411764
VEGFA,3,3,3,0.4574468085106383,0.86
TUBB2B,3,3,3,0.4574468085106383,0.86
PTEN,3,3,3,0.4574468085106383,0.86
SLC25A39,3,3,3,0.4574468085106383,0.86
AREG,3,3,3,0.4574468085106383,0.86
KDM5B,3,3,3,0.4574468085106383,0.86
NOTCH3,3,3,3,0.4574468085106383,0.86
LY6D,3,3,3,0.4574468085106383,0.86
CLDN4,3,3,3,0.4574468085106383,0.86
C15orf48,3,3,3,0.4574468085106383,0.86
PTGER3,3,3,3,0.4574468085106383,0.86
ARG1,3,3,3,0.4574468085106383,0.86
AZGP1,3,3,3,0.4574468085106383,0.86
LOR,3,3,3,0.4574468085106383,0.86
SERPINB2,3,3,3,0.4574468085106383,0.86
ACER1,3,3,3,0.4574468085106383,0.86
AHNAK2,3,3,3,0.4574468085106383,0.86
CXADR,3,3,3,0.4574468085106383,0.86
ID4,3,3,3,0.4574468085106383,0.86
GPR157,3,3,3,0.4574468085106383,0.86
ENAH,3,3,3,0.4574468085106383,0.86
CAPNS2,3,3,3,0.4574468085106383,0.86
RHOV,3,3,3,0.4574468085106383,0.86
SLPI,3,3,3,0.4574468085106383,0.86
AQP3,3,3,3,0.4574468085106383,0.86
IFI6,3,3,3,0.4574468085106383,0.86
KRT16,3,3,3,0.4574468085106383,0.86
KRT2,3,3,3,0.4574468085106383,0.86
CLDN1,3,3,3,0.4574468085106383,0.86
DSC1,3,3,3,0.4574468085106383,0.86
KRTDAP,3,3,3,0.4574468085106383,0.86
CRABP2,3,3,3,0.4574468085106383,0.86
S100A14,3,3,3,0.4574468085106383,0.86
SERPINB5,3,3,3,0.4574468085106383,0.86
MAL2,3,3,3,0.4574468085106383,0.86
TACSTD2,3,3,3,0.4574468085106383,0.86
LYPD3,3,3,3,0.4574468085106383,0.86
PERP,3,3,3,0.4574468085106383,0.86
DSP,3,3,3,0.4574468085106383,0.86
IFI27,3,3,3,0.4574468085106383,0.86
SBSN,3,3,3,0.4574468085106383,0.86
KRT1,3,3,3,0.4574468085106383,0.86
DMKN,3,3,3,0.4574468085106383,0.86
TMEM45A,3,3,3,0.4574468085106383,0.86
ATF3,3,3,3,0.4574468085106383,0.7222222222222222
FGFBP1,3,3,3,0.4574468085106383,0.7222222222222222
NFKBIZ,3,3,3,0.4574468085106383,0.7222222222222222
APCDD1,3,3,3,0.4574468085106383,0.7222222222222222
THBS2,3,3,3,0.4574468085106383,0.7222222222222222
PCDH7,3,3,3,0.4574468085106383,0.7222222222222222
MIR205HG,3,3,3,0.4574468085106383,0.7222222222222222
TP63,3,3,3,0.4574468085106383,0.7222222222222222
ITGA6,3,3,3,0.4574468085106383,0.7222222222222222
LAMB3,3,3,3,0.4574468085106383,0.7222222222222222
DST,3,3,3,0.4574468085106383,0.7222222222222222
COL17A1,3,3,3,0.4574468085106383,0.7222222222222222
KRT15,3,3,3,0.4574468085106383,0.7222222222222222
KRT17,3,3,3,0.4574468085106383,0.0
KRT5,3,3,3,0.4574468085106383,0.7222222222222222
ETV1,3,3,3,0.4574468085106383,0.041666666666666664
SLC2A3,3,3,3,0.4574468085106383,0.041666666666666664
NR4A2,3,3,3,0.4574468085106383,0.041666666666666664
CCL3,3,3,3,0.4574468085106383,0.36
TNF,3,3,3,0.4574468085106383,0.0
CD69,3,3,3,0.4574468085106383,0.36
IFNG,3,3,3,0.4574468085106383,0.36
GIMAP7,3,3,3,0.4574468085106383,0.36
CXCL13,3,3,3,0.4574468085106383,0.36
ITM2A,3,3,3,0.4574468085106383,0.36
CD52,3,3,3,0.4574468085106383,0.36
KLRD1,3,3,3,0.4574468085106383,0.0
GNLY,3,3,3,0.4574468085106383,0.11363636363636363
CTSW,3,3,3,0.4574468085106383,0.11363636363636363
GZMK,3,3,3,0.4574468085106383,0.36
CXCR4,3,3,3,0.4574468085106383,0.11363636363636363
PTPRCAP,3,3,3,0.4574468085106383,0.36
NKG7,3,3,3,0.4574468085106383,0.11363636363636363
AKAP5,3,3,3,0.4574468085106383,0.11363636363636363
CD27,3,3,3,0.4574468085106383,0.11363636363636363
ITGAE,3,3,3,0.4574468085106383,0.36
ALOX5AP,3,3,3,0.4574468085106383,0.0
CST7,3,3,3,0.4574468085106383,0.43333333333333335
LCK,3,3,3,0.4574468085106383,0.43333333333333335
TIGIT,3,3,3,0.4574468085106383,0.43333333333333335
CTLA4,3,3,3,0.4574468085106383,0.43333333333333335
CCL4,3,3,3,0.4574468085106383,0.43333333333333335
LAG3,3,3,3,0.4574468085106383,0.43333333333333335
GZMB,3,3,3,0.4574468085106383,0.43333333333333335
CD3E,3,3,3,0.4574468085106383,0.43333333333333335
CD3G,3,3,3,0.4574468085106383,0.43333333333333335
CD3D,3,3,3,0.4574468085106383,0.43333333333333335
PRF1,3,3,3,0.4574468085106383,0.43333333333333335
GZMA,3,3,3,0.4574468085106383,0.43333333333333335
CCL5,3,3,3,0.4574468085106383,0.43333333333333335
CD8A,3,3,3,0.4574468085106383,0.43333333333333335
IRF5,3,3,3,0.4574468085106383,0.40540540540540543
IL7R,3,3,3,0.4574468085106383,0.40540540540540543
TCF7,3,3,3,0.4574468085106383,0.40540540540540543
PBXIP1,3,3,3,0.4574468085106383,0.0
LGALS9,3,3,3,0.4574468085106383,0.40540540540540543
CD274,3,3,3,0.4574468085106383,0.40540540540540543
IDO1,3,3,3,0.4574468085106383,0.11764705882352941
CCR7,3,3,3,0.4574468085106383,0.40540540540540543
BASP1,3,3,3,0.4574468085106383,0.40540540540540543
BIRC3,3,3,3,0.4574468085106383,0.40540540540540543
CD83,3,3,3,0.4574468085106383,0.40540540540540543
FSCN1,3,3,3,0.4574468085106383,0.0
ID2,3,3,3,0.4574468085106383,0.40540540540540543
CLEC9A,3,3,3,0.4574468085106383,0.40540540540540543
C1orf54,3,3,3,0.4574468085106383,0.40540540540540543
CBFA2T3,3,3,3,0.4574468085106383,0.11764705882352941
IRF8,3,3,3,0.4574468085106383,0.11764705882352941
WDFY4,3,3,3,0.4574468085106383,0.11764705882352941
TYROBP,3,3,3,0.4574468085106383,0.40540540540540543
TGFB1,3,3,3,0.4574468085106383,0.0
PDCD1LG2,3,3,3,0.4574468085106383,0.40540540540540543
MNDA,3,3,3,0.4574468085106383,0.0
CLEC10A,3,3,3,0.4574468085106383,0.40540540540540543
CD1C,3,3,3,0.4574468085106383,0.40540540540540543
ENTPD1,3,3,3,0.4574468085106383,0.11764705882352941
LST1,3,3,3,0.4574468085106383,0.36363636363636365
PKIB,3,3,3,0.4574468085106383,0.36363636363636365
CD1A,3,3,3,0.4574468085106383,0.36363636363636365
CD207,3,3,3,0.4574468085106383,0.36363636363636365
FCER1A,3,3,3,0.4574468085106383,0.36363636363636365
HLA-DPB1,3,3,3,0.4574468085106383,0.36363636363636365
CPVL,3,3,3,0.4574468085106383,0.36363636363636365
SLC8A1,3,3,3,0.4574468085106383,0.36363636363636365
CSF1R,3,3,3,0.4574468085106383,0.36363636363636365
TSPAN33,3,3,3,0.4574468085106383,0.047619047619047616
LGALS2,3,3,3,0.4574468085106383,0.047619047619047616
GPR183,3,3,3,0.4574468085106383,0.047619047619047616
RGS1,3,3,3,0.4574468085106383,0.034482758620689655
HAVCR2,3,3,3,0.4574468085106383,0.034482758620689655
S100A4,3,3,3,0.4574468085106383,0.05714285714285714
COTL1,3,3,3,0.4574468085106383,0.05714285714285714
ARHGDIB,3,3,3,0.4574468085106383,0.05714285714285714
MMP9,3,3,3,0.4574468085106383,0.0
CTSL,3,3,3,0.4574468085106383,0.6818181818181818
TMEM176A,3,3,3,0.4574468085106383,0.6818181818181818
ITGAX,3,3,3,0.4574468085106383,0.6818181818181818
IL4I1,3,3,3,0.4574468085106383,0.6818181818181818
AXL,3,3,3,0.4574468085106383,0.6818181818181818
CD4,3,3,3,0.4574468085106383,0.6818181818181818
AIF1,3,3,3,0.4574468085106383,0.6818181818181818
C3AR1,3,3,3,0.4574468085106383,0.6818181818181818
CD163,3,3,3,0.4574468085106383,0.6818181818181818
CD14,3,3,3,0.4574468085106383,0.6818181818181818
RNASE1,3,3,3,0.4574468085106383,0.6818181818181818
C1QA,3,3,3,0.4574468085106383,0.6818181818181818
LYZ,3,3,3,0.4574468085106383,0.6818181818181818
FCER1G,3,3,3,0.4574468085106383,0.6818181818181818
CTSZ,3,3,3,0.4574468085106383,0.6818181818181818
CD68,3,3,3,0.4574468085106383,0.6818181818181818
MEF2C,3,3,3,0.4574468085106383,0.14285714285714285
NR2F2,3,3,3,0.4574468085106383,0.14285714285714285
TFPI,3,3,3,0.4574468085106383,0.14285714285714285
IL3RA,3,3,3,0.4574468085106383,0.0
TM4SF1,3,3,3,0.4574468085106383,0.41304347826086957
MGP,3,3,3,0.4574468085106383,0.14285714285714285
SPRY1,3,3,3,0.4574468085106383,0.0
RGCC,3,3,3,0.4574468085106383,0.14285714285714285
RAMP2,3,3,3,0.4574468085106383,0.41304347826086957
MYCT1,3,3,3,0.4574468085106383,0.41304347826086957
ITGA5,3,3,3,0.4574468085106383,0.41304347826086957
TSC22D1,3,3,3,0.4574468085106383,0.0
GNG11,3,3,3,0.4574468085106383,0.41304347826086957
ECSCR,3,3,3,0.4574468085106383,0.41304347826086957
CALCRL,3,3,3,0.4574468085106383,0.41304347826086957
IGFBP7,3,3,3,0.4574468085106383,0.41304347826086957
CD93,3,3,3,0.4574468085106383,0.41304347826086957
VWF,3,3,3,0.4574468085106383,0.41304347826086957
PECAM1,3,3,3,0.4574468085106383,0.41304347826086957
CD34,3,3,3,0.4574468085106383,0.41304347826086957
CDH5,3,3,3,0.4574468085106383,0.41304347826086957
PLVAP,3,3,3,0.4574468085106383,0.41304347826086957
AQP1,3,3,3,0.4574468085106383,0.41304347826086957
SPARCL1,3,3,3,0.4574468085106383,0.41304347826086957
TAGLN,3,3,3,0.4574468085106383,0.41304347826086957
MYL9,3,3,3,0.4574468085106383,0.41304347826086957
SYNPO2,3,3,3,0.4574468085106383,0.41304347826086957
FBLN1,3,3,3,0.4574468085106383,0.020833333333333332
IGFBP5,3,3,3,0.4574468085106383,0.020833333333333332
INHBA,3,3,3,0.4574468085106383,0.41304347826086957
GEM,3,3,3,0.4574468085106383,0.14285714285714285
CXCL12,3,3,3,0.4574468085106383,0.14285714285714285
C3,3,3,3,0.4574468085106383,0.0
SOD3,3,3,3,0.4574468085106383,0.14285714285714285
PDGFRA,3,3,3,0.4574468085106383,0.0
MFAP4,3,3,3,0.4574468085106383,0.14285714285714285
FAP,3,3,3,0.4574468085106383,0.0
COMP,3,3,3,0.4574468085106383,0.8947368421052632
HTRA1,3,3,3,0.4574468085106383,0.8947368421052632
CPE,3,3,3,0.4574468085106383,0.8947368421052632
SERPING1,3,3,3,0.4574468085106383,0.8947368421052632
TNC,3,3,3,0.4574468085106383,0.8947368421052632
THY1,3,3,3,0.4574468085106383,0.8947368421052632
SFRP2,3,3,3,0.4574468085106383,0.8947368421052632
VCAN,3,3,3,0.4574468085106383,0.8947368421052632
PTGDS,3,3,3,0.4574468085106383,0.8947368421052632
PDGFRB,3,3,3,0.4574468085106383,0.8947368421052632
LUM,3,3,3,0.4574468085106383,0.8947368421052632
FN1,3,3,3,0.4574468085106383,0.8947368421052632
COL5A2,3,3,3,0.4574468085106383,0.8947368421052632
POSTN,3,3,3,0.4574468085106383,0.8947368421052632
MMP2,3,3,3,0.4574468085106383,0.8947368421052632
COL6A3,3,3,3,0.4574468085106383,0.8947368421052632
COL6A1,3,3,3,0.4574468085106383,0.8947368421052632
COL6A2,3,3,3,0.4574468085106383,0.8947368421052632
HBE1,3,4,3,0.5212765957446809,0.5416666666666666
MT1A,3,4,3,0.5212765957446809,0.5416666666666666
TFF3,3,4,3,0.5212765957446809,0.5416666666666666
TNFRSF18,3,4,3,0.5212765957446809,0.5416666666666666
RGS16,3,4,3,0.5212765957446809,0.5416666666666666
MT1G,3,4,3,0.5212765957446809,0.5416666666666666
WIF1,3,4,3,0.5212765957446809,0.5416666666666666
MYOC,3,4,3,0.5212765957446809,0.013513513513513514
SELE,3,4,3,0.5212765957446809,0.5416666666666666
PPP1R14A,3,4,3,0.5212765957446809,0.5416666666666666
IL17A,3,4,3,0.5212765957446809,0.5416666666666666
AHSP,3,4,3,0.5212765957446809,0.013513513513513514
IL33,3,4,3,0.5212765957446809,0.1875
PKHD1L1,3,4,3,0.5212765957446809,0.1875
ALAS2,3,4,3,0.5212765957446809,0.5416666666666666
LINC00636,3,4,3,0.5212765957446809,0.1875
SCGB1B2P,3,4,3,0.5212765957446809,0.1875
GPR4,3,4,3,0.5212765957446809,0.5416666666666666
CLDN5,3,4,3,0.5212765957446809,0.5416666666666666
ACHE,3,4,3,0.5212765957446809,0.1875
HBD,3,4,3,0.5212765957446809,0.1875
CA1,3,4,3,0.5212765957446809,0.1875
MYH11,3,4,3,0.5212765957446809,0.5416666666666666
SOX17,3,4,3,0.5212765957446809,0.0
COCH,3,4,3,0.5212765957446809,0.17857142857142858
CXCL5,3,4,3,0.5212765957446809,0.17857142857142858
IGFBP2,3,4,3,0.5212765957446809,0.23076923076923078
MMP10,3,4,3,0.5212765957446809,0.14285714285714285
FCER2,3,4,3,0.5212765957446809,0.17857142857142858
HAPLN1,3,4,3,0.5212765957446809,0.23076923076923078
NGFR,3,4,3,0.5212765957446809,0.17857142857142858
PLAC9,3,4,3,0.5212765957446809,0.23076923076923078
CR2,3,4,3,0.5212765957446809,0.17857142857142858
FABP4,3,4,3,0.5212765957446809,0.14285714285714285
G0S2,3,4,3,0.5212765957446809,0.17857142857142858
BCAN,3,4,3,0.5212765957446809,0.14285714285714285
MFAP5,3,4,3,0.5212765957446809,0.23076923076923078
CES1,3,4,3,0.5212765957446809,0.23076923076923078
NMB,3,4,3,0.5212765957446809,0.14285714285714285
MIA,3,4,3,0.5212765957446809,0.0
MT1X,3,4,3,0.5212765957446809,0.23076923076923078
C5AR1,3,4,3,0.5212765957446809,0.14285714285714285
TFPI2,3,4,3,0.5212765957446809,0.23076923076923078
PROX1,3,4,3,0.5212765957446809,0.21739130434782608
MMRN1,3,4,3,0.5212765957446809,0.21739130434782608
LYVE1,3,4,3,0.5212765957446809,0.21739130434782608
ACTA2,3,4,3,0.5212765957446809,0.16666666666666666
RGS5,3,4,3,0.5212765957446809,0.16666666666666666
CD40LG,3,4,3,0.5212765957446809,0.03571428571428571
TMEM150C,3,4,3,0.5212765957446809,0.0
GATA2,3,4,3,0.5212765957446809,0.16666666666666666
CD1B,3,4,3,0.5212765957446809,0.16666666666666666
DERL3,3,4,3,0.5212765957446809,0.16666666666666666
CD79A,3,4,3,0.5212765957446809,0.21739130434782608
FCRL5,3,4,3,0.5212765957446809,0.03571428571428571
MZB1,3,4,3,0.5212765957446809,0.21739130434782608
TNFRSF17,3,4,3,0.5212765957446809,0.0
ITGA8,3,4,3,0.5212765957446809,0.21739130434782608
IL1B,3,4,3,0.5212765957446809,0.0
LEPR,3,4,3,0.5212765957446809,0.0
CCL19,3,4,3,0.5212765957446809,0.0
PDCD1,3,4,3,0.5212765957446809,0.0
DCT,3,4,3,0.5212765957446809,0.0
CDH2,3,4,3,0.5212765957446809,0.21739130434782608
MMP27,3,4,3,0.5212765957446809,0.07692307692307693
IGLL1,3,4,3,0.5212765957446809,0.21739130434782608
CCL22,3,4,3,0.5212765957446809,0.0
C11orf96,3,4,3,0.5212765957446809,0.21739130434782608
KLRB1,3,4,3,0.5212765957446809,0.21739130434782608
KLRG1,3,4,3,0.5212765957446809,0.21739130434782608
MS4A1,3,4,3,0.5212765957446809,0.07692307692307693
IL6,3,4,3,0.5212765957446809,0.21739130434782608
CXCR3,3,4,3,0.5212765957446809,0.07692307692307693
IL32,3,4,3,0.5212765957446809,0.16666666666666666
FOXP3,3,4,3,0.5212765957446809,0.16666666666666666
IL2RA,3,4,3,0.5212765957446809,0.16666666666666666
SELL,3,4,3,0.5212765957446809,0.3333333333333333
LTB,3,4,3,0.5212765957446809,0.0
ADAM12,3,4,3,0.5212765957446809,0.3333333333333333
FRZB,3,4,3,0.5212765957446809,0.3333333333333333
CXCL2,3,4,3,0.5212765957446809,0.3333333333333333
CXCL1,3,4,3,0.5212765957446809,0.3333333333333333
ENPP1,3,4,3,0.5212765957446809,0.16666666666666666
CCR2,3,4,3,0.5212765957446809,0.16666666666666666
ASPN,3,4,3,0.5212765957446809,0.0
MPZ,3,4,3,0.5212765957446809,0.3333333333333333
CCL8,3,4,3,0.5212765957446809,0.3333333333333333
IL10,3,4,3,0.5212765957446809,0.3333333333333333
MT1F,3,4,3,0.5212765957446809,0.037037037037037035
LSAMP,3,4,3,0.5212765957446809,0.0
NLGN4Y,3,4,3,0.5212765957446809,0.18181818181818182
SOX15,3,4,3,0.5212765957446809,0.18181818181818182
PTN,3,4,3,0.5212765957446809,0.0
ZNF667-AS1,3,4,3,0.5212765957446809,0.037037037037037035
AKR1C1,3,4,3,0.5212765957446809,0.18181818181818182
PTCH1,3,4,3,0.5212765957446809,0.034482758620689655
CCND3,3,4,3,0.5212765957446809,0.18181818181818182
SLC25A37,3,4,3,0.5212765957446809,0.18181818181818182
FKBP8,3,4,3,0.5212765957446809,0.0
CSPG4,3,4,3,0.5212765957446809,0.18181818181818182
SFRP1,3,4,3,0.5212765957446809,0.0
PDPN,3,4,3,0.5212765957446809,0.18181818181818182
AIM2,3,4,3,0.5212765957446809,0.034482758620689655
CDC20,3,4,3,0.5212765957446809,0.5
HIST1H4C,3,4,3,0.5212765957446809,0.5
BIRC5,3,4,3,0.5212765957446809,0.5
CENPF,3,4,3,0.5212765957446809,0.5
UBE2C,3,4,3,0.5212765957446809,0.5
PTTG1,3,4,3,0.5212765957446809,0.5
CDK1,3,4,3,0.5212765957446809,0.5
NUSAP1,3,4,3,0.5212765957446809,0.5
TOP2A,3,4,3,0.5212765957446809,0.5
HMGB2,3,4,3,0.5212765957446809,0.5
MKI67,3,4,3,0.5212765957446809,0.5
HMGN2,3,4,3,0.5212765957446809,0.5
STMN1,3,4,3,0.5212765957446809,0.0
TYMS,3,4,3,0.5212765957446809,0.5
RRM2,3,4,3,0.5212765957446809,0.5
LENG8,3,4,3,0.5212765957446809,0.36363636363636365
BHLHE41,3,4,3,0.5212765957446809,0.36363636363636365
CCL2,3,4,3,0.5212765957446809,0.36363636363636365
IRF1,3,4,3,0.5212765957446809,0.36363636363636365
CXCL10,3,4,3,0.5212765957446809,0.36363636363636365
CXCL11,3,4,3,0.5212765957446809,0.36363636363636365
FAM210B,3,4,3,0.5212765957446809,0.36363636363636365
BCL2A1,3,4,3,0.5212765957446809,0.36363636363636365
RASSF8,3,4,3,0.5212765957446809,0.36363636363636365
STRADB,3,4,3,0.5212765957446809,0.09433962264150944
APOD,3,4,3,0.5212765957446809,0.09433962264150944
CRYAB,3,4,3,0.5212765957446809,0.09433962264150944
NRP2,3,4,3,0.5212765957446809,0.09433962264150944
CYB561A3,3,4,3,0.5212765957446809,0.09433962264150944
S100A13,3,4,3,0.5212765957446809,0.09433962264150944
GYPC,3,4,3,0.5212765957446809,0.6938775510204082
NSG1,3,4,3,0.5212765957446809,0.6938775510204082
MYC,3,4,3,0.5212765957446809,0.6938775510204082
SNCA,3,4,3,0.5212765957446809,0.6938775510204082
KIT,3,4,3,0.5212765957446809,0.6938775510204082
TBC1D7,3,4,3,0.5212765957446809,0.6938775510204082
S100B,3,4,3,0.5212765957446809,0.6938775510204082
IRF4,3,4,3,0.5212765957446809,0.6938775510204082
TRPM1,3,4,3,0.5212765957446809,0.6938775510204082
TFAP2B,3,4,3,0.5212765957446809,0.6938775510204082
SOX10,3,4,3,0.5212765957446809,0.6938775510204082
CCND1,3,4,3,0.5212765957446809,0.6938775510204082
CTNNB1,3,4,3,0.5212765957446809,0.6938775510204082
TFAP2A,3,4,3,0.5212765957446809,0.6938775510204082
QPCT,3,4,3,0.5212765957446809,0.6938775510204082
SERPINE2,3,4,3,0.5212765957446809,0.6938775510204082
VIM,3,4,3,0.5212765957446809,0.6938775510204082
CD63,3,4,3,0.5212765957446809,0.6938775510204082
MITF,3,4,3,0.5212765957446809,0.6938775510204082
MLANA,3,4,3,0.5212765957446809,0.6938775510204082
TYR,3,4,3,0.5212765957446809,0.6938775510204082
TYRP1,3,4,3,0.5212765957446809,0.6938775510204082
PMEL,3,4,3,0.5212765957446809,0.6938775510204082
EDNRB,3,4,3,0.5212765957446809,0.6938775510204082
PLP1,3,4,3,0.5212765957446809,0.6938775510204082
MARCKSL1,3,4,3,0.5212765957446809,0.6938775510204082
FBXO7,3,4,3,0.5212765957446809,0.6938775510204082
CD276,3,4,3,0.5212765957446809,0.6938775510204082
IFITM1,3,4,3,0.5212765957446809,0.6938775510204082
ITGB1,3,4,3,0.5212765957446809,0.6938775510204082
CALD1,3,4,3,0.5212765957446809,0.6938775510204082
INSIG1,3,4,3,0.5212765957446809,0.6938775510204082
KRT18,3,4,3,0.5212765957446809,0.6938775510204082
DUSP2,3,4,3,0.5212765957446809,0.6938775510204082
IGFBP3,3,4,3,0.5212765957446809,0.0
NDUFA4L2,3,4,3,0.5212765957446809,0.03409090909090909
SOSTDC1,3,4,3,0.5212765957446809,0.6938775510204082
DEFB1,3,4,3,0.5212765957446809,0.03409090909090909
HES1,3,4,3,0.5212765957446809,0.03409090909090909
PTGR1,3,4,3,0.5212765957446809,0.03409090909090909
VEGFA,3,4,3,0.5212765957446809,0.8269230769230769
TUBB2B,3,4,3,0.5212765957446809,0.8269230769230769
PTEN,3,4,3,0.5212765957446809,0.8269230769230769
SLC25A39,3,4,3,0.5212765957446809,0.8269230769230769
AREG,3,4,3,0.5212765957446809,0.8269230769230769
KDM5B,3,4,3,0.5212765957446809,0.8269230769230769
NOTCH3,3,4,3,0.5212765957446809,0.8269230769230769
LY6D,3,4,3,0.5212765957446809,0.8269230769230769
CLDN4,3,4,3,0.5212765957446809,0.8269230769230769
C15orf48,3,4,3,0.5212765957446809,0.8269230769230769
PTGER3,3,4,3,0.5212765957446809,0.8269230769230769
ARG1,3,4,3,0.5212765957446809,0.8269230769230769
AZGP1,3,4,3,0.5212765957446809,0.8269230769230769
LOR,3,4,3,0.5212765957446809,0.8269230769230769
SERPINB2,3,4,3,0.5212765957446809,0.8269230769230769
ACER1,3,4,3,0.5212765957446809,0.8269230769230769
AHNAK2,3,4,3,0.5212765957446809,0.8269230769230769
CXADR,3,4,3,0.5212765957446809,0.8269230769230769
ID4,3,4,3,0.5212765957446809,0.8269230769230769
GPR157,3,4,3,0.5212765957446809,0.8269230769230769
ENAH,3,4,3,0.5212765957446809,0.8269230769230769
CAPNS2,3,4,3,0.5212765957446809,0.8269230769230769
RHOV,3,4,3,0.5212765957446809,0.8269230769230769
SLPI,3,4,3,0.5212765957446809,0.8269230769230769
AQP3,3,4,3,0.5212765957446809,0.8269230769230769
IFI6,3,4,3,0.5212765957446809,0.8269230769230769
KRT16,3,4,3,0.5212765957446809,0.8269230769230769
KRT2,3,4,3,0.5212765957446809,0.8269230769230769
CLDN1,3,4,3,0.5212765957446809,0.8269230769230769
DSC1,3,4,3,0.5212765957446809,0.8269230769230769
KRTDAP,3,4,3,0.5212765957446809,0.8269230769230769
CRABP2,3,4,3,0.5212765957446809,0.8269230769230769
S100A14,3,4,3,0.5212765957446809,0.8269230769230769
SERPINB5,3,4,3,0.5212765957446809,0.8269230769230769
MAL2,3,4,3,0.5212765957446809,0.8269230769230769
TACSTD2,3,4,3,0.5212765957446809,0.8269230769230769
LYPD3,3,4,3,0.5212765957446809,0.8269230769230769
PERP,3,4,3,0.5212765957446809,0.8269230769230769
DSP,3,4,3,0.5212765957446809,0.8269230769230769
IFI27,3,4,3,0.5212765957446809,0.8269230769230769
SBSN,3,4,3,0.5212765957446809,0.8269230769230769
KRT1,3,4,3,0.5212765957446809,0.8269230769230769
DMKN,3,4,3,0.5212765957446809,0.8269230769230769
TMEM45A,3,4,3,0.5212765957446809,0.8269230769230769
ATF3,3,4,3,0.5212765957446809,0.8125
FGFBP1,3,4,3,0.5212765957446809,0.8125
NFKBIZ,3,4,3,0.5212765957446809,0.8125
APCDD1,3,4,3,0.5212765957446809,0.8125
THBS2,3,4,3,0.5212765957446809,0.8125
PCDH7,3,4,3,0.5212765957446809,0.8125
MIR205HG,3,4,3,0.5212765957446809,0.8125
TP63,3,4,3,0.5212765957446809,0.8125
ITGA6,3,4,3,0.5212765957446809,0.8125
LAMB3,3,4,3,0.5212765957446809,0.8125
DST,3,4,3,0.5212765957446809,0.8125
COL17A1,3,4,3,0.5212765957446809,0.8125
KRT15,3,4,3,0.5212765957446809,0.8125
KRT17,3,4,3,0.5212765957446809,0.0
KRT5,3,4,3,0.5212765957446809,0.8125
ETV1,3,4,3,0.5212765957446809,0.058823529411764705
SLC2A3,3,4,3,0.5212765957446809,0.058823529411764705
NR4A2,3,4,3,0.5212765957446809,0.058823529411764705
CCL3,3,4,3,0.5212765957446809,0.030303030303030304
TNF,3,4,3,0.5212765957446809,0.023255813953488372
CD69,3,4,3,0.5212765957446809,0.36
IFNG,3,4,3,0.5212765957446809,0.36
GIMAP7,3,4,3,0.5212765957446809,0.023255813953488372
CXCL13,3,4,3,0.5212765957446809,0.36
ITM2A,3,4,3,0.5212765957446809,0.36
CD52,3,4,3,0.5212765957446809,0.36
KLRD1,3,4,3,0.5212765957446809,0.030303030303030304
GNLY,3,4,3,0.5212765957446809,0.09375
CTSW,3,4,3,0.5212765957446809,0.09375
GZMK,3,4,3,0.5212765957446809,0.36
CXCR4,3,4,3,0.5212765957446809,0.36
PTPRCAP,3,4,3,0.5212765957446809,0.36
NKG7,3,4,3,0.5212765957446809,0.36
AKAP5,3,4,3,0.5212765957446809,0.09375
CD27,3,4,3,0.5212765957446809,0.09375
ITGAE,3,4,3,0.5212765957446809,0.36
ALOX5AP,3,4,3,0.5212765957446809,0.0
CST7,3,4,3,0.5212765957446809,0.037037037037037035
LCK,3,4,3,0.5212765957446809,0.037037037037037035
TIGIT,3,4,3,0.5212765957446809,0.6111111111111112
CTLA4,3,4,3,0.5212765957446809,0.6111111111111112
CCL4,3,4,3,0.5212765957446809,0.6111111111111112
LAG3,3,4,3,0.5212765957446809,0.6111111111111112
GZMB,3,4,3,0.5212765957446809,0.6111111111111112
CD3E,3,4,3,0.5212765957446809,0.6111111111111112
CD3G,3,4,3,0.5212765957446809,0.6111111111111112
CD3D,3,4,3,0.5212765957446809,0.6111111111111112
PRF1,3,4,3,0.5212765957446809,0.6111111111111112
GZMA,3,4,3,0.5212765957446809,0.6111111111111112
CCL5,3,4,3,0.5212765957446809,0.6111111111111112
CD8A,3,4,3,0.5212765957446809,0.6111111111111112
IRF5,3,4,3,0.5212765957446809,0.5
IL7R,3,4,3,0.5212765957446809,0.5
TCF7,3,4,3,0.5212765957446809,0.020833333333333332
PBXIP1,3,4,3,0.5212765957446809,0.02564102564102564
LGALS9,3,4,3,0.5212765957446809,0.5
CD274,3,4,3,0.5212765957446809,0.02564102564102564
IDO1,3,4,3,0.5212765957446809,0.5
CCR7,3,4,3,0.5212765957446809,0.5
BASP1,3,4,3,0.5212765957446809,0.5
BIRC3,3,4,3,0.5212765957446809,0.5
CD83,3,4,3,0.5212765957446809,0.5
FSCN1,3,4,3,0.5212765957446809,0.5
ID2,3,4,3,0.5212765957446809,0.5
CLEC9A,3,4,3,0.5212765957446809,0.0
C1orf54,3,4,3,0.5212765957446809,0.020833333333333332
CBFA2T3,3,4,3,0.5212765957446809,0.5
IRF8,3,4,3,0.5212765957446809,0.5
WDFY4,3,4,3,0.5212765957446809,0.5
TYROBP,3,4,3,0.5212765957446809,0.5
TGFB1,3,4,3,0.5212765957446809,0.0
PDCD1LG2,3,4,3,0.5212765957446809,0.5
MNDA,3,4,3,0.5212765957446809,0.02564102564102564
CLEC10A,3,4,3,0.5212765957446809,0.5
CD1C,3,4,3,0.5212765957446809,0.5
ENTPD1,3,4,3,0.5212765957446809,0.02564102564102564
LST1,3,4,3,0.5212765957446809,0.6842105263157895
PKIB,3,4,3,0.5212765957446809,0.6842105263157895
CD1A,3,4,3,0.5212765957446809,0.6842105263157895
CD207,3,4,3,0.5212765957446809,0.6842105263157895
FCER1A,3,4,3,0.5212765957446809,0.6842105263157895
HLA-DPB1,3,4,3,0.5212765957446809,0.6842105263157895
CPVL,3,4,3,0.5212765957446809,0.6842105263157895
SLC8A1,3,4,3,0.5212765957446809,0.6842105263157895
CSF1R,3,4,3,0.5212765957446809,0.6842105263157895
TSPAN33,3,4,3,0.5212765957446809,0.6842105263157895
LGALS2,3,4,3,0.5212765957446809,0.0
GPR183,3,4,3,0.5212765957446809,0.6842105263157895
RGS1,3,4,3,0.5212765957446809,0.034482758620689655
HAVCR2,3,4,3,0.5212765957446809,0.034482758620689655
S100A4,3,4,3,0.5212765957446809,0.6842105263157895
COTL1,3,4,3,0.5212765957446809,0.6842105263157895
ARHGDIB,3,4,3,0.5212765957446809,0.6842105263157895
MMP9,3,4,3,0.5212765957446809,0.0
CTSL,3,4,3,0.5212765957446809,0.875
TMEM176A,3,4,3,0.5212765957446809,0.875
ITGAX,3,4,3,0.5212765957446809,0.875
IL4I1,3,4,3,0.5212765957446809,0.0
AXL,3,4,3,0.5212765957446809,0.875
CD4,3,4,3,0.5212765957446809,0.875
AIF1,3,4,3,0.5212765957446809,0.875
C3AR1,3,4,3,0.5212765957446809,0.875
CD163,3,4,3,0.5212765957446809,0.875
CD14,3,4,3,0.5212765957446809,0.875
RNASE1,3,4,3,0.5212765957446809,0.875
C1QA,3,4,3,0.5212765957446809,0.875
LYZ,3,4,3,0.5212765957446809,0.875
FCER1G,3,4,3,0.5212765957446809,0.875
CTSZ,3,4,3,0.5212765957446809,0.875
CD68,3,4,3,0.5212765957446809,0.875
MEF2C,3,4,3,0.5212765957446809,0.6486486486486487
NR2F2,3,4,3,0.5212765957446809,0.6486486486486487
TFPI,3,4,3,0.5212765957446809,0.6486486486486487
IL3RA,3,4,3,0.5212765957446809,0.017241379310344827
TM4SF1,3,4,3,0.5212765957446809,0.6486486486486487
MGP,3,4,3,0.5212765957446809,0.6486486486486487
SPRY1,3,4,3,0.5212765957446809,0.011627906976744186
RGCC,3,4,3,0.5212765957446809,0.034482758620689655
RAMP2,3,4,3,0.5212765957446809,0.0
MYCT1,3,4,3,0.5212765957446809,0.6486486486486487
ITGA5,3,4,3,0.5212765957446809,0.6486486486486487
TSC22D1,3,4,3,0.5212765957446809,0.011627906976744186
GNG11,3,4,3,0.5212765957446809,0.6486486486486487
ECSCR,3,4,3,0.5212765957446809,0.6486486486486487
CALCRL,3,4,3,0.5212765957446809,0.6486486486486487
IGFBP7,3,4,3,0.5212765957446809,0.6486486486486487
CD93,3,4,3,0.5212765957446809,0.6486486486486487
VWF,3,4,3,0.5212765957446809,0.6486486486486487
PECAM1,3,4,3,0.5212765957446809,0.6486486486486487
CD34,3,4,3,0.5212765957446809,0.6486486486486487
CDH5,3,4,3,0.5212765957446809,0.6486486486486487
PLVAP,3,4,3,0.5212765957446809,0.6486486486486487
AQP1,3,4,3,0.5212765957446809,0.6486486486486487
SPARCL1,3,4,3,0.5212765957446809,0.6486486486486487
TAGLN,3,4,3,0.5212765957446809,0.017241379310344827
MYL9,3,4,3,0.5212765957446809,0.6486486486486487
SYNPO2,3,4,3,0.5212765957446809,0.034482758620689655
FBLN1,3,4,3,0.5212765957446809,0.020833333333333332
IGFBP5,3,4,3,0.5212765957446809,0.020833333333333332
INHBA,3,4,3,0.5212765957446809,0.034482758620689655
GEM,3,4,3,0.5212765957446809,0.6486486486486487
CXCL12,3,4,3,0.5212765957446809,0.6486486486486487
C3,3,4,3,0.5212765957446809,0.6486486486486487
SOD3,3,4,3,0.5212765957446809,0.6486486486486487
PDGFRA,3,4,3,0.5212765957446809,0.0
MFAP4,3,4,3,0.5212765957446809,0.6486486486486487
FAP,3,4,3,0.5212765957446809,0.0
COMP,3,4,3,0.5212765957446809,0.8947368421052632
HTRA1,3,4,3,0.5212765957446809,0.8947368421052632
CPE,3,4,3,0.5212765957446809,0.8947368421052632
SERPING1,3,4,3,0.5212765957446809,0.8947368421052632
TNC,3,4,3,0.5212765957446809,0.8947368421052632
THY1,3,4,3,0.5212765957446809,0.8947368421052632
SFRP2,3,4,3,0.5212765957446809,0.8947368421052632
VCAN,3,4,3,0.5212765957446809,0.8947368421052632
PTGDS,3,4,3,0.5212765957446809,0.8947368421052632
PDGFRB,3,4,3,0.5212765957446809,0.8947368421052632
LUM,3,4,3,0.5212765957446809,0.8947368421052632
FN1,3,4,3,0.5212765957446809,0.8947368421052632
COL5A2,3,4,3,0.5212765957446809,0.8947368421052632
POSTN,3,4,3,0.5212765957446809,0.8947368421052632
MMP2,3,4,3,0.5212765957446809,0.8947368421052632
COL6A3,3,4,3,0.5212765957446809,0.8947368421052632
COL6A1,3,4,3,0.5212765957446809,0.8947368421052632
COL6A2,3,4,3,0.5212765957446809,0.8947368421052632
