tile_id,x0,y0,x1,y1,n_cells,niche,d_module,coherence,d_layer_mean,node_member
0,4599.097320556641,2577.6849055588245,4960.924186706543,2749.026123046875,46,3,1.9064254785835977,0.6134522070030605,3.984394464904925,False
1,4960.924186706543,2492.0142968147993,5141.837619781494,2577.6849055588245,23,3,6.453152125094413,0.49048462417370864,5.1825124817104244,False
2,4960.924186706543,2406.343688070774,5141.837619781494,2492.0142968147993,199,3,1.4794975458727104,0.48432737885678745,2.246828164989266,False
3,4780.010753631592,2492.0142968147993,4960.924186706543,2577.6849055588245,139,3,1.288806894851072,0.4533985939045041,2.9812153843357847,False
4,4599.097320556641,2492.0142968147993,4780.010753631592,2577.6849055588245,188,2,1.2804357658097933,0.08542749683453031,,False
5,4870.467470169067,2449.1789924427867,4960.924186706543,2492.0142968147993,46,2,1.563605906484932,0.042437905685236484,,False
6,4780.010753631592,2449.1789924427867,4870.467470169067,2492.0142968147993,48,2,1.464975060121177,0.021428298500112353,,False
7,4870.467470169067,2406.343688070774,4960.924186706543,2449.1789924427867,61,2,2.230108007889918,0.034425601335061014,,False
8,4780.010753631592,2406.343688070774,4870.467470169067,2449.1789924427867,61,2,1.4291650194941452,0.011678778413574325,,False
9,4599.097320556641,2406.343688070774,4780.010753631592,2492.0142968147993,191,2,1.3867282310997346,0.04147202526773091,,False
10,5141.837619781494,2320.673079326749,5322.751052856445,2406.343688070774,103,3,1.4274083387714516,0.4930045268542033,3.4204209028205916,False
11,4960.924186706543,2320.673079326749,5141.837619781494,2406.343688070774,190,2,1.3887110960879756,0.01900042694641912,,False
12,5141.837619781494,2235.0024705827236,5322.751052856445,2320.673079326749,198,3,1.9676011107419313,0.5583829506244933,2.5568177293636265,False
13,5051.380903244019,2277.8377749547362,5141.837619781494,2320.673079326749,52,1,2.1875132317911743,0.01893548204763182,,False
14,4960.924186706543,2277.8377749547362,5051.380903244019,2320.673079326749,53,2,2.2177630009202507,0.05287360530480694,,False
15,5051.380903244019,2235.0024705827236,5141.837619781494,2277.8377749547362,41,2,3.479998349347826,0.03657939198603043,,False
16,4960.924186706543,2235.0024705827236,5051.380903244019,2277.8377749547362,61,2,3.0416634218422067,0.008576808960670534,,False
18,4780.010753631592,2363.5083836987615,4870.467470169067,2406.343688070774,48,2,1.454091398208954,0.016315947056404316,,False
19,4870.467470169067,2320.673079326749,4960.924186706543,2363.5083836987615,73,0,1.4425581264180103,0.004714266007315948,,False
21,4689.554037094116,2363.5083836987615,4780.010753631592,2406.343688070774,41,2,1.449923267898733,0.022576765685263185,,False
22,4599.097320556641,2363.5083836987615,4689.554037094116,2406.343688070774,76,0,1.4274486504504864,0.006545494887709135,,False
23,4689.554037094116,2320.673079326749,4780.010753631592,2363.5083836987615,49,0,1.5989625524917694,0.022784370652289724,,False
24,4599.097320556641,2320.673079326749,4689.554037094116,2363.5083836987615,71,0,1.4222978523203018,0.004423468851098745,,False
25,4870.467470169067,2277.8377749547362,4960.924186706543,2320.673079326749,66,0,1.4499562914127295,0.012136186285838468,,False
26,4780.010753631592,2277.8377749547362,4870.467470169067,2320.673079326749,73,0,1.4403569076592904,0.014879354247797964,,False
27,4870.467470169067,2235.0024705827236,4960.924186706543,2277.8377749547362,79,0,1.9683932307761085,0.004419080520428437,,False
29,4599.097320556641,2235.0024705827236,4780.010753631592,2320.673079326749,185,2,1.3971973806059874,0.02025897069380158,,False
30,5141.837619781494,2149.3318618386984,5322.751052856445,2235.0024705827236,187,2,1.3713899176340045,0.028747843833886965,,False
31,5051.380903244019,2192.167166210711,5141.837619781494,2235.0024705827236,43,0,1.444903320880237,0.0007720096138852662,,False
32,4960.924186706543,2192.167166210711,5051.380903244019,2235.0024705827236,70,0,1.4949268366621444,0.007123880196719647,,False
33,5051.380903244019,2149.3318618386984,5141.837619781494,2192.167166210711,60,0,1.5363186457629014,0.010317933239231549,,False
34,4960.924186706543,2149.3318618386984,5051.380903244019,2192.167166210711,71,0,1.4091938200393663,0.022876277366319114,,False
35,5232.29433631897,2106.4965574666858,5322.751052856445,2149.3318618386984,42,2,1.4283970441561626,0.007675611573274642,,False
36,5141.837619781494,2106.4965574666858,5232.29433631897,2149.3318618386984,80,3,1.4242746786820693,0.2389404179288118,3.0091822857206125,False
37,5232.29433631897,2063.661253094673,5322.751052856445,2106.4965574666858,59,2,2.219041984803408,0.009040896940283406,,False
38,5141.837619781494,2063.661253094673,5232.29433631897,2106.4965574666858,69,0,1.3600966894028956,0.007011768308216211,,False
39,5051.380903244019,2106.4965574666858,5141.837619781494,2149.3318618386984,61,0,1.4388968497944519,-4.78106049067883e-05,,False
40,4960.924186706543,2106.4965574666858,5051.380903244019,2149.3318618386984,72,0,1.4127616273840387,0.0016477077396755422,,False
41,5051.380903244019,2063.661253094673,5141.837619781494,2106.4965574666858,63,3,2.257545636296726,0.11467933090026772,4.114308950338443,False
42,4960.924186706543,2063.661253094673,5051.380903244019,2106.4965574666858,87,0,1.4267369942526276,0.006000376544011076,,False
43,4870.467470169067,2192.167166210711,4960.924186706543,2235.0024705827236,83,0,1.418138539698993,0.003735079190605922,,False
44,4780.010753631592,2192.167166210711,4870.467470169067,2235.0024705827236,50,0,1.4429930569313885,0.006076266659206108,,False
45,4870.467470169067,2149.3318618386984,4960.924186706543,2192.167166210711,66,0,1.4329461141871718,0.0030639234261747744,,False
46,4780.010753631592,2149.3318618386984,4870.467470169067,2192.167166210711,33,0,1.52189775097396,0.0030097700322343456,,False
47,4599.097320556641,2149.3318618386984,4780.010753631592,2235.0024705827236,174,2,1.3902976098336253,0.013400192707032757,,False
48,4780.010753631592,2063.661253094673,4960.924186706543,2149.3318618386984,183,0,1.3954297726114957,0.01380111533289314,,False
49,4599.097320556641,2063.661253094673,4780.010753631592,2149.3318618386984,187,2,1.4138970656632344,0.006243100747967775,,False
51,4056.357021331787,2577.6849055588245,4237.270454406738,2663.3555143028498,170,3,1.385635378193062,0.5562483814042057,3.1125746614000387,False
52,3875.443588256836,2577.6849055588245,4056.357021331787,2663.3555143028498,148,3,1.110616277224275,0.5147976261374588,3.4201974555479997,False
53,4508.640604019165,2534.849601186812,4599.097320556641,2577.6849055588245,50,2,1.5100976797989425,0.14524351769073546,,False
54,4418.183887481689,2534.849601186812,4508.640604019165,2577.6849055588245,63,2,1.450997967149035,0.02737601120721927,,False
55,4508.640604019165,2492.0142968147993,4599.097320556641,2534.849601186812,53,2,2.2081954353056066,0.03309178191481615,,False
56,4418.183887481689,2492.0142968147993,4508.640604019165,2534.849601186812,88,0,1.4198873780204613,0.005340787097128818,,False
57,4327.727170944214,2534.849601186812,4418.183887481689,2577.6849055588245,67,0,1.4090926442763976,0.013405939886559824,,False
58,4237.270454406738,2534.849601186812,4327.727170944214,2577.6849055588245,77,0,1.4573673920880732,0.019925920076874545,,False
59,4327.727170944214,2492.0142968147993,4418.183887481689,2534.849601186812,69,0,1.4639001275302348,0.0027633733092104354,,False
60,4237.270454406738,2492.0142968147993,4327.727170944214,2534.849601186812,81,2,1.45036707201359,0.021861609873615084,,False
61,4508.640604019165,2449.1789924427867,4599.097320556641,2492.0142968147993,63,2,1.4618581221091576,0.009326816270493898,,False
62,4418.183887481689,2449.1789924427867,4508.640604019165,2492.0142968147993,94,0,1.4360788251033056,-0.003620406045166861,,False
63,4508.640604019165,2406.343688070774,4599.097320556641,2449.1789924427867,79,0,1.4292103730332786,0.011593204524399475,,False
64,4418.183887481689,2406.343688070774,4508.640604019165,2449.1789924427867,59,0,2.2943075930089454,0.010826554592951065,,False
65,4327.727170944214,2449.1789924427867,4418.183887481689,2492.0142968147993,77,0,1.4494900411783673,0.018573113961910907,,False
66,4237.270454406738,2449.1789924427867,4327.727170944214,2492.0142968147993,63,2,1.4248578471604647,0.012084659893022355,,False
67,4327.727170944214,2406.343688070774,4418.183887481689,2449.1789924427867,54,0,2.111509830072353,0.022413507680653647,,False
68,4237.270454406738,2406.343688070774,4327.727170944214,2449.1789924427867,58,0,1.4863998719731817,0.007468193702657302,,False
69,4146.813737869263,2534.849601186812,4237.270454406738,2577.6849055588245,57,2,1.7000847868021993,0.028025596330946544,,False
70,4056.357021331787,2534.849601186812,4146.813737869263,2577.6849055588245,58,2,1.5046628994321396,0.0401597167040271,,False
71,4146.813737869263,2492.0142968147993,4237.270454406738,2534.849601186812,65,2,1.530480485771764,0.013353317049003754,,False
72,4056.357021331787,2492.0142968147993,4146.813737869263,2534.849601186812,61,2,1.4880845244923386,0.018301221384843313,,False
73,3965.9003047943115,2534.849601186812,4056.357021331787,2577.6849055588245,50,2,2.2637279870125466,0.029335087542852314,,False
74,3875.443588256836,2534.849601186812,3965.9003047943115,2577.6849055588245,45,2,1.639060989356749,0.045387576653101225,,False
75,3965.9003047943115,2492.0142968147993,4056.357021331787,2534.849601186812,49,2,2.8029814008180933,0.048301188719752794,,False
76,3875.443588256836,2492.0142968147993,3965.9003047943115,2534.849601186812,76,3,1.2264522055621683,0.21494193902334732,2.1530375371552117,False
77,4146.813737869263,2449.1789924427867,4237.270454406738,2492.0142968147993,71,2,2.1032717570367505,0.016751390463739208,,False
78,4056.357021331787,2449.1789924427867,4146.813737869263,2492.0142968147993,71,2,1.4396150947950737,0.00531884284601585,,False
79,4146.813737869263,2406.343688070774,4237.270454406738,2449.1789924427867,30,0,1.5413180801931745,0.010107981573923147,,False
81,3965.9003047943115,2449.1789924427867,4056.357021331787,2492.0142968147993,69,0,1.4405861536912894,-0.0004372703869817097,,False
82,3875.443588256836,2449.1789924427867,3965.9003047943115,2492.0142968147993,63,3,1.511315722512651,0.23685203254478018,2.0639632083371984,False
83,3965.9003047943115,2406.343688070774,4056.357021331787,2449.1789924427867,46,0,2.246288865175927,0.018583939310611468,,False
84,3875.443588256836,2406.343688070774,3965.9003047943115,2449.1789924427867,59,0,2.19467371546122,0.0009284780750718342,,False
85,3513.6167221069336,2577.6849055588245,3875.443588256836,2749.026123046875,113,3,1.1596049438264502,0.4528014079784394,4.366975001102142,False
86,3332.7032890319824,2577.6849055588245,3513.6167221069336,2663.3555143028498,112,3,1.732755169611804,0.523198800809588,3.058502175503428,False
87,3151.7898559570312,2577.6849055588245,3332.7032890319824,2663.3555143028498,133,3,1.401726959050399,0.5177498697843139,3.415535980124125,False
88,3784.9868717193604,2534.849601186812,3875.443588256836,2577.6849055588245,46,3,1.4471141110100683,0.36696008055557916,3.559584245284316,False
89,3694.5301551818848,2534.849601186812,3784.9868717193604,2577.6849055588245,42,3,1.5077157150274059,0.3301905093450527,3.9538929473296758,False
90,3784.9868717193604,2492.0142968147993,3875.443588256836,2534.849601186812,88,3,1.0527091004781597,0.26195338050327416,2.910073630923597,False
92,3604.073438644409,2534.849601186812,3694.5301551818848,2577.6849055588245,39,3,2.3856672338448504,0.5658949034757201,2.904742531278476,False
93,3513.6167221069336,2534.849601186812,3604.073438644409,2577.6849055588245,48,2,2.3761519648029754,0.0597849721486344,,False
94,3604.073438644409,2492.0142968147993,3694.5301551818848,2534.849601186812,60,0,1.408775122037185,0.016080661614361842,,False
96,3784.9868717193604,2449.1789924427867,3875.443588256836,2492.0142968147993,62,3,1.5549741642825172,0.15577270921852535,1.8965027388754339,False
97,3694.5301551818848,2449.1789924427867,3784.9868717193604,2492.0142968147993,68,0,1.6433314038745144,0.017804738806411834,,False
98,3784.9868717193604,2406.343688070774,3875.443588256836,2449.1789924427867,61,0,1.4066058842001408,0.001921769317842975,,False
99,3694.5301551818848,2406.343688070774,3784.9868717193604,2449.1789924427867,80,0,1.4275806152560155,-0.0008243335121544418,,False
100,3604.073438644409,2449.1789924427867,3694.5301551818848,2492.0142968147993,52,2,2.3158172447437995,0.02500851799396833,,False
101,3513.6167221069336,2449.1789924427867,3604.073438644409,2492.0142968147993,43,1,2.2869614677744643,0.022715307918051465,,False
102,3604.073438644409,2406.343688070774,3694.5301551818848,2449.1789924427867,74,2,2.0412083023557352,0.029454345948000327,,False
103,3513.6167221069336,2406.343688070774,3604.073438644409,2449.1789924427867,43,1,1.4202409684486321,0.020903692670311322,,False
104,3423.160005569458,2534.849601186812,3513.6167221069336,2577.6849055588245,58,2,1.5757501035548085,0.05932826513701219,,False
105,3332.7032890319824,2534.849601186812,3423.160005569458,2577.6849055588245,54,2,1.447731221885869,0.0024136508450210547,,False
107,3332.7032890319824,2492.0142968147993,3423.160005569458,2534.849601186812,49,2,1.4175295903771767,0.019085694117610526,,False
108,3151.7898559570312,2492.0142968147993,3332.7032890319824,2577.6849055588245,186,1,1.3850775993257363,0.016625822589229195,,False
109,3332.7032890319824,2406.343688070774,3513.6167221069336,2492.0142968147993,151,1,1.384979139581491,0.024510958064327657,,False
111,4508.640604019165,2363.5083836987615,4599.097320556641,2406.343688070774,56,2,1.5113309503624146,0.0038602940217326376,,False
112,4418.183887481689,2363.5083836987615,4508.640604019165,2406.343688070774,58,0,2.27332845092527,0.00277681974500373,,False
114,4418.183887481689,2320.673079326749,4508.640604019165,2363.5083836987615,44,2,1.5208559476743875,0.012135770790260724,,False
115,4327.727170944214,2363.5083836987615,4418.183887481689,2406.343688070774,55,0,1.5292182987702376,0.007784391649346497,,False
116,4237.270454406738,2363.5083836987615,4327.727170944214,2406.343688070774,57,0,2.2632877930106803,0.011712712813762386,,False
117,4327.727170944214,2320.673079326749,4418.183887481689,2363.5083836987615,56,2,2.2927403823344576,0.015770192744354778,,False
118,4237.270454406738,2320.673079326749,4327.727170944214,2363.5083836987615,54,2,2.347530140516279,0.004394818300992457,,False
119,4418.183887481689,2235.0024705827236,4599.097320556641,2320.673079326749,196,1,1.9569648894673743,0.016064739980898756,,False
120,4327.727170944214,2277.8377749547362,4418.183887481689,2320.673079326749,68,2,1.4268930706186653,-0.0007638048174689738,,False
121,4237.270454406738,2277.8377749547362,4327.727170944214,2320.673079326749,60,2,1.4569409880672906,0.00799127140989524,,False
122,4327.727170944214,2235.0024705827236,4418.183887481689,2277.8377749547362,58,2,1.4660055154981013,0.0024163377599743063,,False
123,4237.270454406738,2235.0024705827236,4327.727170944214,2277.8377749547362,40,2,1.4617437956247972,0.010885984390626347,,False
124,4146.813737869263,2363.5083836987615,4237.270454406738,2406.343688070774,62,0,1.4222108004190934,0.018025332931765444,,False
125,4056.357021331787,2363.5083836987615,4146.813737869263,2406.343688070774,65,0,1.4820442658595987,0.014044786916923254,,False
126,4146.813737869263,2320.673079326749,4237.270454406738,2363.5083836987615,59,2,1.439874893531436,0.017479535984268116,,False
127,4056.357021331787,2320.673079326749,4146.813737869263,2363.5083836987615,77,0,1.461823495736254,0.002356006407947391,,False
128,3965.9003047943115,2363.5083836987615,4056.357021331787,2406.343688070774,74,0,2.1267913217139798,0.005734774322400119,,False
129,3875.443588256836,2363.5083836987615,3965.9003047943115,2406.343688070774,71,0,1.434566152318129,0.023302484161872795,,False
131,3875.443588256836,2320.673079326749,3965.9003047943115,2363.5083836987615,72,0,1.4342110126684595,0.0019826437795599063,,False
132,4056.357021331787,2235.0024705827236,4237.270454406738,2320.673079326749,189,1,1.4051728579438967,0.019157843855958694,,False
133,3875.443588256836,2235.0024705827236,4056.357021331787,2320.673079326749,187,1,1.388603244809498,0.01834370298322687,,False
134,4418.183887481689,2149.3318618386984,4599.097320556641,2235.0024705827236,168,1,1.383379673342323,0.013796305249739613,,False
135,4237.270454406738,2149.3318618386984,4418.183887481689,2235.0024705827236,164,1,1.4093294550484932,0.022820959610038067,,False
136,4418.183887481689,2063.661253094673,4599.097320556641,2149.3318618386984,159,1,1.4103187500325742,0.012981216045467911,,False
137,4237.270454406738,2063.661253094673,4418.183887481689,2149.3318618386984,140,1,1.3983857008397582,0.022238096254068994,,False
138,4056.357021331787,2149.3318618386984,4237.270454406738,2235.0024705827236,136,1,1.3897417927053588,0.027252394273539295,,False
139,3875.443588256836,2149.3318618386984,4056.357021331787,2235.0024705827236,125,1,1.4026734944319916,0.009309451747440354,,False
140,4056.357021331787,2063.661253094673,4237.270454406738,2149.3318618386984,111,1,1.4167123304348557,0.018699296694107952,,False
141,3875.443588256836,2063.661253094673,4056.357021331787,2149.3318618386984,131,1,1.3977369987879005,0.014117107915695459,,False
142,3784.9868717193604,2363.5083836987615,3875.443588256836,2406.343688070774,60,0,1.4242093872895674,-0.0038594647968907027,,False
143,3694.5301551818848,2363.5083836987615,3784.9868717193604,2406.343688070774,75,0,1.4224017201762478,0.006842601784476342,,False
144,3784.9868717193604,2320.673079326749,3875.443588256836,2363.5083836987615,89,0,1.4551485487637925,0.005467958832343321,,False
145,3694.5301551818848,2320.673079326749,3784.9868717193604,2363.5083836987615,84,0,1.4332352514653444,0.02049038246900077,,False
146,3604.073438644409,2363.5083836987615,3694.5301551818848,2406.343688070774,77,0,1.407296724855196,0.004613346562108968,,False
147,3513.6167221069336,2363.5083836987615,3604.073438644409,2406.343688070774,53,1,2.145528421572561,0.012622517279570958,,False
149,3513.6167221069336,2320.673079326749,3604.073438644409,2363.5083836987615,56,2,1.4363277361021085,0.004579098121628462,,False
150,3784.9868717193604,2277.8377749547362,3875.443588256836,2320.673079326749,81,0,1.407357802060615,0.0014263100466954484,,False
151,3694.5301551818848,2277.8377749547362,3784.9868717193604,2320.673079326749,79,0,2.0846246344700794,0.01767056049499856,,False
152,3784.9868717193604,2235.0024705827236,3875.443588256836,2277.8377749547362,43,2,1.4955702214845639,0.020287455230915904,,False
153,3694.5301551818848,2235.0024705827236,3784.9868717193604,2277.8377749547362,92,0,1.3857313498737753,0.00823785218737068,,False
154,3604.073438644409,2277.8377749547362,3694.5301551818848,2320.673079326749,72,2,1.4365692454647925,-0.0036151990606574642,,False
155,3513.6167221069336,2277.8377749547362,3604.073438644409,2320.673079326749,64,2,1.4543628071080508,0.01703403115875072,,False
156,3604.073438644409,2235.0024705827236,3694.5301551818848,2277.8377749547362,67,2,1.4786042369802028,0.022550876402867306,,False
157,3513.6167221069336,2235.0024705827236,3604.073438644409,2277.8377749547362,88,0,2.1036038953776273,0.011649391911681463,,False
158,3332.7032890319824,2320.673079326749,3513.6167221069336,2406.343688070774,133,1,1.3915654040134717,0.03358070683571285,,False
159,3151.7898559570312,2320.673079326749,3332.7032890319824,2406.343688070774,136,1,1.416211806115717,0.01459159789745846,,False
160,3423.160005569458,2277.8377749547362,3513.6167221069336,2320.673079326749,59,2,1.4865929964883757,0.029945273307307032,,False
161,3332.7032890319824,2277.8377749547362,3423.160005569458,2320.673079326749,61,1,1.457652155229453,0.01832437543756457,,False
162,3423.160005569458,2235.0024705827236,3513.6167221069336,2277.8377749547362,60,2,2.091705642484638,0.0045825690442485596,,False
163,3332.7032890319824,2235.0024705827236,3423.160005569458,2277.8377749547362,44,2,2.258038813759074,0.019209606742523994,,False
164,3151.7898559570312,2235.0024705827236,3332.7032890319824,2320.673079326749,163,1,1.3861105709959767,0.022599650838267545,,False
165,3694.5301551818848,2149.3318618386984,3875.443588256836,2235.0024705827236,150,1,1.423906762269367,0.03203339896531346,,False
166,3604.073438644409,2192.167166210711,3694.5301551818848,2235.0024705827236,81,0,1.4376781168368802,0.006154672789126815,,False
167,3513.6167221069336,2192.167166210711,3604.073438644409,2235.0024705827236,88,0,1.4133468591204879,0.006118434081171366,,False
168,3604.073438644409,2149.3318618386984,3694.5301551818848,2192.167166210711,65,0,1.4326989983805596,0.0009588042189724251,,False
169,3513.6167221069336,2149.3318618386984,3604.073438644409,2192.167166210711,89,0,1.4439704193355714,0.005352094430011343,,False
170,3694.5301551818848,2063.661253094673,3875.443588256836,2149.3318618386984,134,1,1.381003123430499,0.01670927008223944,,False
171,3604.073438644409,2106.4965574666858,3694.5301551818848,2149.3318618386984,56,1,1.481632307181202,0.0016331453705989093,,False
172,3513.6167221069336,2106.4965574666858,3604.073438644409,2149.3318618386984,68,2,1.403368676961284,0.006793944585769588,,False
174,3513.6167221069336,2063.661253094673,3604.073438644409,2106.4965574666858,54,1,2.2795544454055974,0.035792320069950014,,False
175,3423.160005569458,2192.167166210711,3513.6167221069336,2235.0024705827236,71,2,1.4276126040931176,0.010631446945594432,,False
176,3332.7032890319824,2192.167166210711,3423.160005569458,2235.0024705827236,55,1,1.4635917465071016,0.015455174774415053,,False
177,3423.160005569458,2149.3318618386984,3513.6167221069336,2192.167166210711,66,0,1.4173838593783452,0.002435199087381041,,False
178,3332.7032890319824,2149.3318618386984,3423.160005569458,2192.167166210711,49,1,1.438385838212667,0.006224172601116786,,False
179,3151.7898559570312,2149.3318618386984,3332.7032890319824,2235.0024705827236,154,1,1.401920465323593,0.02459491363823995,,False
180,3423.160005569458,2106.4965574666858,3513.6167221069336,2149.3318618386984,62,2,2.2588798898420146,0.014501396190949742,,False
181,3332.7032890319824,2106.4965574666858,3423.160005569458,2149.3318618386984,76,1,1.4023472097539456,0.012696742141475755,,False
182,3423.160005569458,2063.661253094673,3513.6167221069336,2106.4965574666858,55,0,1.4309925990866572,0.0031250275835783894,,False
183,3332.7032890319824,2063.661253094673,3423.160005569458,2106.4965574666858,59,0,1.4433951633159534,0.0005958108429330431,,False
184,3242.246572494507,2106.4965574666858,3332.7032890319824,2149.3318618386984,51,2,1.4436371008683602,0.01901846278891609,,False
185,3151.7898559570312,2106.4965574666858,3242.246572494507,2149.3318618386984,69,2,2.278249388302662,0.014372406668046204,,False
186,3242.246572494507,2063.661253094673,3332.7032890319824,2106.4965574666858,67,0,1.4306411616940198,0.010700002331889067,,False
187,3151.7898559570312,2063.661253094673,3242.246572494507,2106.4965574666858,50,2,1.4446233146061234,0.005158355712791686,,False
188,5684.577919006348,1892.3200356066227,6046.40478515625,2063.661253094673,112,3,1.1054401940361027,0.3060207938428378,4.453430334694256,False
189,5503.6644859313965,1977.990644350648,5684.577919006348,2063.661253094673,70,3,1.234526106093612,0.2780315195279182,4.789336543531934,False
190,5322.751052856445,1977.990644350648,5503.6644859313965,2063.661253094673,155,3,0.9997093075710222,0.4302001180700223,3.473354001760696,False
191,5503.6644859313965,1892.3200356066227,5684.577919006348,1977.990644350648,144,3,0.9559219198685152,0.3567171294312876,2.791856328634476,False
192,5322.751052856445,1892.3200356066227,5503.6644859313965,1977.990644350648,191,3,1.0483234536626491,0.2925956881118094,2.2207161184421698,False
193,5865.491352081299,1806.6494268625975,6046.40478515625,1892.3200356066227,36,3,1.7885355121273496,0.43734710023500883,4.41399502458473,False
194,5684.577919006348,1806.6494268625975,5865.491352081299,1892.3200356066227,110,3,1.3409373330734276,0.46661323541623523,2.8966447797007513,False
195,5865.491352081299,1720.9788181185722,6046.40478515625,1806.6494268625975,139,3,1.1072073182522892,0.43572992102486746,3.542349458053454,False
196,5684.577919006348,1720.9788181185722,5865.491352081299,1806.6494268625975,55,0,1.4899971762947253,0.08214697576153591,,False
197,5503.6644859313965,1806.6494268625975,5684.577919006348,1892.3200356066227,80,3,1.3535167087953037,0.06647572541711418,2.640663568343024,False
198,5413.207769393921,1849.48473123461,5503.6644859313965,1892.3200356066227,43,3,2.9251618899635763,0.17982790759281617,2.4822473909009877,False
199,5322.751052856445,1849.48473123461,5413.207769393921,1892.3200356066227,63,0,1.4293948452694125,-0.002145895734127135,,False
200,5413.207769393921,1806.6494268625975,5503.6644859313965,1849.48473123461,57,3,1.4982915403244939,0.08212411221103233,3.8715227732571758,False
201,5322.751052856445,1806.6494268625975,5413.207769393921,1849.48473123461,79,0,1.4250047158141812,0.0037592395303454383,,False
202,5503.6644859313965,1720.9788181185722,5684.577919006348,1806.6494268625975,52,0,1.5274675879483586,0.04497721694679244,,False
203,5322.751052856445,1720.9788181185722,5503.6644859313965,1806.6494268625975,145,0,1.4069011831722313,0.01028196344182248,,False
204,5232.29433631897,2020.8259487226605,5322.751052856445,2063.661253094673,66,0,1.4164935093239377,0.0010949297662552592,,False
205,5141.837619781494,2020.8259487226605,5232.29433631897,2063.661253094673,48,0,1.4260477828595381,0.007114869042884819,,False
206,5232.29433631897,1977.990644350648,5322.751052856445,2020.8259487226605,64,0,1.4004325582276913,0.010145565498228998,,False
208,5051.380903244019,2020.8259487226605,5141.837619781494,2063.661253094673,64,3,1.2029142828135366,0.22269496032483616,3.311645365333689,False
209,4960.924186706543,2020.8259487226605,5051.380903244019,2063.661253094673,80,3,1.9444270638796264,0.21753608573791644,3.2381271093976243,False
210,5051.380903244019,1977.990644350648,5141.837619781494,2020.8259487226605,50,3,1.1999831786294077,0.2956770270473995,2.9724093023976232,False
211,4960.924186706543,1977.990644350648,5051.380903244019,2020.8259487226605,69,3,1.6962065671870712,0.1969096113444751,3.420999124692103,False
212,5232.29433631897,1935.1553399786353,5322.751052856445,1977.990644350648,63,0,1.4194577396196997,-0.0005999032046220728,,False
213,5141.837619781494,1935.1553399786353,5232.29433631897,1977.990644350648,69,0,2.297646478478855,0.005994506383877957,,False
214,5232.29433631897,1892.3200356066227,5322.751052856445,1935.1553399786353,68,0,2.1808441562440284,0.01847532212440602,,False
215,5141.837619781494,1892.3200356066227,5232.29433631897,1935.1553399786353,70,0,1.4533124466713465,0.01296668234850852,,False
216,5051.380903244019,1935.1553399786353,5141.837619781494,1977.990644350648,69,3,1.3837389833565223,0.24156353849124665,2.552229416327206,False
217,4960.924186706543,1935.1553399786353,5051.380903244019,1977.990644350648,64,0,1.4417929240704304,0.012282149342828327,,False
218,5051.380903244019,1892.3200356066227,5141.837619781494,1935.1553399786353,63,0,1.4783641455098104,0.007047795110903708,,False
219,4960.924186706543,1892.3200356066227,5051.380903244019,1935.1553399786353,61,0,1.5497169517861895,0.01597654237589939,,False
220,4780.010753631592,1977.990644350648,4960.924186706543,2063.661253094673,163,0,1.3907072730349384,0.015277982772704108,,False
221,4599.097320556641,1977.990644350648,4780.010753631592,2063.661253094673,199,2,1.3898125596502704,0.010733597674066057,,False
222,4780.010753631592,1892.3200356066227,4960.924186706543,1977.990644350648,151,2,1.4073247673789093,0.007090357166380519,,False
223,4599.097320556641,1892.3200356066227,4780.010753631592,1977.990644350648,179,2,1.3710546204255818,0.022596939820771836,,False
225,5141.837619781494,1849.48473123461,5232.29433631897,1892.3200356066227,77,0,1.4246137168725594,-0.001718919847349024,,False
226,5232.29433631897,1806.6494268625975,5322.751052856445,1849.48473123461,70,0,1.4300056530373069,0.0016968832607506116,,False
227,5141.837619781494,1806.6494268625975,5232.29433631897,1849.48473123461,87,0,1.4439663985682976,0.0034919278408525154,,False
228,5051.380903244019,1849.48473123461,5141.837619781494,1892.3200356066227,78,0,1.4180360232732525,0.0033436992641299778,,False
229,4960.924186706543,1849.48473123461,5051.380903244019,1892.3200356066227,43,0,1.4437721906552154,0.006903360635402199,,False
230,5051.380903244019,1806.6494268625975,5141.837619781494,1849.48473123461,71,0,1.465118543124218,0.00990680759984285,,False
231,4960.924186706543,1806.6494268625975,5051.380903244019,1849.48473123461,50,0,1.4368907932493291,0.008340145732743227,,False
232,5232.29433631897,1763.8141224905849,5322.751052856445,1806.6494268625975,43,0,2.315757429338623,0.004335348243219307,,False
233,5141.837619781494,1763.8141224905849,5232.29433631897,1806.6494268625975,69,0,1.4213980568616837,-0.0015613640120233638,,False
234,5232.29433631897,1720.9788181185722,5322.751052856445,1763.8141224905849,36,0,2.360653623860895,0.006598275590866469,,False
235,5141.837619781494,1720.9788181185722,5232.29433631897,1763.8141224905849,67,0,2.11663536294798,-0.00013948481092759013,,False
236,5051.380903244019,1763.8141224905849,5141.837619781494,1806.6494268625975,78,0,1.4122447596044825,0.00304538766279384,,False
237,4960.924186706543,1763.8141224905849,5051.380903244019,1806.6494268625975,56,0,2.30481226953445,-0.004639974205678308,,False
239,4960.924186706543,1720.9788181185722,5051.380903244019,1763.8141224905849,48,0,2.2673112533599995,0.0017257438030776982,,False
240,4780.010753631592,1806.6494268625975,4960.924186706543,1892.3200356066227,139,1,1.389595028511441,0.027077048080188605,,False
241,4599.097320556641,1806.6494268625975,4780.010753631592,1892.3200356066227,178,1,1.4125284917129954,0.011068033098092542,,False
242,4780.010753631592,1720.9788181185722,4960.924186706543,1806.6494268625975,150,1,1.3957693463924574,0.01249218638871427,,False
243,4599.097320556641,1720.9788181185722,4780.010753631592,1806.6494268625975,149,1,2.0378746734606987,0.023300364006652332,,False
244,5684.577919006348,1549.6376006305218,6046.40478515625,1720.9788181185722,72,0,1.4004073994169803,0.039894367314931165,,False
245,5503.6644859313965,1635.308209374547,5684.577919006348,1720.9788181185722,25,0,4.596971392968873,0.03555962788372453,,False
246,5322.751052856445,1635.308209374547,5503.6644859313965,1720.9788181185722,101,0,1.393324787445154,0.015330630298145279,,False
247,5503.6644859313965,1549.6376006305218,5684.577919006348,1635.308209374547,13,0,5.542861366162903,-0.007936674067621247,,False
249,5684.577919006348,1378.2963831424713,6046.40478515625,1549.6376006305218,65,0,1.4454872785158663,0.017011962575781046,,False
251,5141.837619781494,1635.308209374547,5322.751052856445,1720.9788181185722,170,0,1.4021948375765678,0.01525617716880855,,False
252,5051.380903244019,1678.1435137465596,5141.837619781494,1720.9788181185722,75,0,1.416339680750896,-0.0031641775885875314,,False
253,4960.924186706543,1678.1435137465596,5051.380903244019,1720.9788181185722,51,0,3.043715175804901,0.02037047081196681,,False
254,5051.380903244019,1635.308209374547,5141.837619781494,1678.1435137465596,82,0,1.4097496420212212,-0.0003604433100448857,,False
255,4960.924186706543,1635.308209374547,5051.380903244019,1678.1435137465596,52,0,1.4556660123434944,0.015128657471531838,,False
256,5141.837619781494,1549.6376006305218,5322.751052856445,1635.308209374547,136,0,1.4035627965097044,0.008341260490041436,,False
258,4960.924186706543,1592.4729050025344,5051.380903244019,1635.308209374547,48,0,1.445203573872249,0.0013938216063293354,,False
259,5051.380903244019,1549.6376006305218,5141.837619781494,1592.4729050025344,65,0,1.4237095910293767,-0.00042844064408945266,,False
261,4780.010753631592,1635.308209374547,4960.924186706543,1720.9788181185722,140,1,1.4099427598035663,0.018433760629641593,,False
263,4780.010753631592,1549.6376006305218,4960.924186706543,1635.308209374547,135,1,1.4388603039255787,0.01569861021389354,,False
266,4960.924186706543,1463.9669918864965,5141.837619781494,1549.6376006305218,137,0,1.411729725428855,0.014630856796205037,,False
267,5141.837619781494,1378.2963831424713,5322.751052856445,1463.9669918864965,12,0,4.262432044183505,0.020013572947847502,,False
268,4960.924186706543,1378.2963831424713,5141.837619781494,1463.9669918864965,35,0,1.514487136690686,0.00680758666355222,,False
269,4780.010753631592,1463.9669918864965,4960.924186706543,1549.6376006305218,121,2,1.8944594357595155,0.009102824674984177,,False
270,4599.097320556641,1463.9669918864965,4780.010753631592,1549.6376006305218,133,1,1.412610681456079,0.01544244211726678,,False
271,4780.010753631592,1378.2963831424713,4960.924186706543,1463.9669918864965,96,0,1.4260816321043026,0.0005598486271403771,,False
272,4599.097320556641,1378.2963831424713,4780.010753631592,1463.9669918864965,132,1,1.4103858841581471,0.009078940305007851,,False
273,4418.183887481689,1977.990644350648,4599.097320556641,2063.661253094673,166,1,1.3683452038866182,0.032485278990528534,,False
274,4237.270454406738,1977.990644350648,4418.183887481689,2063.661253094673,123,1,1.3945813844486419,0.01614964211230282,,False
275,4418.183887481689,1892.3200356066227,4599.097320556641,1977.990644350648,142,1,2.0322250456100264,0.02577107433743357,,False
276,4237.270454406738,1892.3200356066227,4418.183887481689,1977.990644350648,121,1,1.3947272220458509,0.016256515552529906,,False
277,4056.357021331787,1977.990644350648,4237.270454406738,2063.661253094673,146,1,1.3751190698848763,0.020775722286034526,,False
278,3875.443588256836,1977.990644350648,4056.357021331787,2063.661253094673,127,1,2.117247826375031,0.013260051091937864,,False
279,4056.357021331787,1892.3200356066227,4237.270454406738,1977.990644350648,142,1,1.4112737004411382,0.006389904497515779,,False
280,3875.443588256836,1892.3200356066227,4056.357021331787,1977.990644350648,152,1,1.404374132287996,0.0046319397265658585,,False
281,4418.183887481689,1806.6494268625975,4599.097320556641,1892.3200356066227,153,1,1.3998214875399395,0.013742157823364595,,False
282,4237.270454406738,1806.6494268625975,4418.183887481689,1892.3200356066227,135,1,1.416389309770861,0.011100754853823856,,False
283,4418.183887481689,1720.9788181185722,4599.097320556641,1806.6494268625975,160,1,1.413220320381018,0.002883164996279621,,False
284,4237.270454406738,1720.9788181185722,4418.183887481689,1806.6494268625975,104,1,1.4340131471481674,0.02245973247185792,,False
285,4056.357021331787,1806.6494268625975,4237.270454406738,1892.3200356066227,112,1,1.392115453930938,0.016218360277189932,,False
286,3875.443588256836,1806.6494268625975,4056.357021331787,1892.3200356066227,156,1,1.3893207836919146,0.014736243230785982,,False
287,4056.357021331787,1720.9788181185722,4237.270454406738,1806.6494268625975,132,1,1.400758595544583,0.015696194738283025,,False
288,3875.443588256836,1720.9788181185722,4056.357021331787,1806.6494268625975,116,1,1.3930172198514486,0.015775903273219916,,False
290,3513.6167221069336,1977.990644350648,3694.5301551818848,2063.661253094673,168,1,1.3987837756235422,0.018686662650342453,,False
292,3513.6167221069336,1892.3200356066227,3694.5301551818848,1977.990644350648,184,1,1.3780476255274172,0.018414231261704307,,False
293,3332.7032890319824,1977.990644350648,3513.6167221069336,2063.661253094673,186,1,1.4065360213657023,0.01706857074499774,,False
295,3151.7898559570312,2020.8259487226605,3242.246572494507,2063.661253094673,46,1,2.841168810278734,0.024219321562503195,,False
296,3242.246572494507,1977.990644350648,3332.7032890319824,2020.8259487226605,60,2,1.4484306513061849,0.015850193026167244,,False
297,3151.7898559570312,1977.990644350648,3242.246572494507,2020.8259487226605,45,1,2.2422418567980738,0.010426439041351553,,False
298,3332.7032890319824,1892.3200356066227,3513.6167221069336,1977.990644350648,141,1,1.4073483190729477,0.010784234349194845,,False
299,3242.246572494507,1935.1553399786353,3332.7032890319824,1977.990644350648,68,2,2.3011688335302267,0.020756104103743993,,False
300,3151.7898559570312,1935.1553399786353,3242.246572494507,1977.990644350648,50,1,1.448925469415155,0.012619159929559651,,False
301,3242.246572494507,1892.3200356066227,3332.7032890319824,1935.1553399786353,69,2,2.2814731776662165,0.006582441777951662,,False
303,3694.5301551818848,1806.6494268625975,3875.443588256836,1892.3200356066227,160,1,1.373122308234328,0.015938797328683182,,False
304,3513.6167221069336,1806.6494268625975,3694.5301551818848,1892.3200356066227,170,1,2.046827790494389,0.02897273933874638,,False
305,3694.5301551818848,1720.9788181185722,3875.443588256836,1806.6494268625975,171,1,1.3972586436444157,0.019450791038631912,,False
306,3513.6167221069336,1720.9788181185722,3694.5301551818848,1806.6494268625975,174,1,1.3992067548568734,0.008956631886197218,,False
307,3332.7032890319824,1806.6494268625975,3513.6167221069336,1892.3200356066227,157,1,1.9971883242547128,0.006847165506410989,,False
309,3151.7898559570312,1849.48473123461,3242.246572494507,1892.3200356066227,51,1,1.4409879050934873,0.016541499323545473,,False
310,3242.246572494507,1806.6494268625975,3332.7032890319824,1849.48473123461,83,2,1.4589652950481486,0.006228796814178775,,False
311,3151.7898559570312,1806.6494268625975,3242.246572494507,1849.48473123461,53,2,1.4360694954412754,0.008319455099283248,,False
312,3332.7032890319824,1720.9788181185722,3513.6167221069336,1806.6494268625975,151,1,1.3811884417012854,0.0300661899770672,,False
313,3151.7898559570312,1720.9788181185722,3332.7032890319824,1806.6494268625975,167,1,2.023299698338547,0.015630471980615335,,False
314,4418.183887481689,1635.308209374547,4599.097320556641,1720.9788181185722,132,1,1.4057294895937877,0.026829234157406397,,False
315,4237.270454406738,1635.308209374547,4418.183887481689,1720.9788181185722,153,1,1.4309003932524007,0.02538822116431847,,False
316,4418.183887481689,1549.6376006305218,4599.097320556641,1635.308209374547,140,1,1.4229851693569748,0.006600145047724146,,False
317,4237.270454406738,1549.6376006305218,4418.183887481689,1635.308209374547,142,1,1.3795765442234282,0.01697354087603008,,False
318,4056.357021331787,1635.308209374547,4237.270454406738,1720.9788181185722,127,1,1.402023925694819,0.01609276168012888,,False
319,3875.443588256836,1635.308209374547,4056.357021331787,1720.9788181185722,117,1,1.3840656615721914,0.012529247462287773,,False
320,4056.357021331787,1549.6376006305218,4237.270454406738,1635.308209374547,112,1,1.421944706448879,0.0045350395954010915,,False
321,3875.443588256836,1549.6376006305218,4056.357021331787,1635.308209374547,130,1,1.4351087162504037,0.06109906844893675,,False
322,4418.183887481689,1463.9669918864965,4599.097320556641,1549.6376006305218,152,1,2.052906446873826,0.018953446870574854,,False
323,4237.270454406738,1463.9669918864965,4418.183887481689,1549.6376006305218,140,1,1.3945279984876804,0.009494636979008458,,False
324,4418.183887481689,1378.2963831424713,4599.097320556641,1463.9669918864965,155,1,1.416470560274313,0.0023352666074593397,,False
325,4237.270454406738,1378.2963831424713,4418.183887481689,1463.9669918864965,158,1,1.3921857678134661,0.011916967450072662,,False
326,4056.357021331787,1463.9669918864965,4237.270454406738,1549.6376006305218,120,1,2.032786851803469,0.008971003942482483,,False
327,3875.443588256836,1463.9669918864965,4056.357021331787,1549.6376006305218,140,1,1.356215498457612,0.02113135248493465,,False
328,4056.357021331787,1378.2963831424713,4237.270454406738,1463.9669918864965,148,1,1.405748598376466,0.011136263125746271,,False
329,3875.443588256836,1378.2963831424713,4056.357021331787,1463.9669918864965,143,1,1.4067277709648591,0.007709688168168883,,False
330,3694.5301551818848,1635.308209374547,3875.443588256836,1720.9788181185722,148,1,1.4019190101858459,0.013361080478940288,,False
331,3513.6167221069336,1635.308209374547,3694.5301551818848,1720.9788181185722,117,1,1.3609009240768577,0.020088937543692516,,False
334,3332.7032890319824,1635.308209374547,3513.6167221069336,1720.9788181185722,134,1,1.9819093863615247,0.022597857051929834,,False
336,3332.7032890319824,1549.6376006305218,3513.6167221069336,1635.308209374547,159,1,1.3734545989734366,0.020115661646668673,,False
337,3151.7898559570312,1549.6376006305218,3332.7032890319824,1635.308209374547,169,1,1.434979181395984,0.026702468430399723,,False
338,3694.5301551818848,1463.9669918864965,3875.443588256836,1549.6376006305218,125,1,2.0837304263649443,0.012556317411312173,,False
339,3513.6167221069336,1463.9669918864965,3694.5301551818848,1549.6376006305218,117,1,1.404635688864894,0.0073643045667873335,,False
340,3694.5301551818848,1378.2963831424713,3875.443588256836,1463.9669918864965,128,1,1.4288755318630588,0.010417621667238294,,False
341,3513.6167221069336,1378.2963831424713,3694.5301551818848,1463.9669918864965,135,1,1.404547213842171,0.011769873437010291,,False
342,3332.7032890319824,1463.9669918864965,3513.6167221069336,1549.6376006305218,155,1,1.4033976148738458,0.010190194517305875,,False
343,3151.7898559570312,1463.9669918864965,3332.7032890319824,1549.6376006305218,175,1,1.3912542482273687,0.018807643831232658,,False
344,3332.7032890319824,1378.2963831424713,3513.6167221069336,1463.9669918864965,156,1,1.3987438615638144,0.01098807965623747,,False
345,3151.7898559570312,1378.2963831424713,3332.7032890319824,1463.9669918864965,140,1,1.9978941958325152,0.018078168135365183,,False
346,2789.962989807129,2577.6849055588245,3151.7898559570312,2749.026123046875,65,3,2.2310940225100615,0.4657659883501874,3.5155827630280942,False
347,2970.87642288208,2492.0142968147993,3151.7898559570312,2577.6849055588245,194,1,1.3281763826196915,0.24812948644237828,,False
350,2789.962989807129,2406.343688070774,2970.87642288208,2492.0142968147993,160,1,1.3627752541613967,0.02933981698443005,,False
351,2428.1361236572266,2406.343688070774,2789.962989807129,2577.6849055588245,112,3,1.3609997192755057,0.5600484064837281,4.01765857390409,False
352,2970.87642288208,2320.673079326749,3151.7898559570312,2406.343688070774,130,1,1.40861906217186,0.009700085219430499,,False
353,2789.962989807129,2320.673079326749,2970.87642288208,2406.343688070774,150,1,1.3808193432263873,0.0219379904110588,,False
354,2970.87642288208,2235.0024705827236,3151.7898559570312,2320.673079326749,137,1,2.0505258856159907,0.031734561438176594,,False
355,2789.962989807129,2235.0024705827236,2970.87642288208,2320.673079326749,130,1,2.1135992057815995,0.01930904564291511,,False
356,2609.0495567321777,2320.673079326749,2789.962989807129,2406.343688070774,132,1,1.8866652738638872,0.18989464675614082,,False
357,2428.1361236572266,2320.673079326749,2609.0495567321777,2406.343688070774,58,3,2.254893585626798,0.6497474326513938,4.017073719542935,False
358,2609.0495567321777,2235.0024705827236,2789.962989807129,2320.673079326749,152,1,1.4023953722003943,0.0263596557245197,,False
360,3061.3331394195557,2192.167166210711,3151.7898559570312,2235.0024705827236,67,2,1.4643047771945574,0.015619174132020078,,False
361,2970.87642288208,2192.167166210711,3061.3331394195557,2235.0024705827236,41,1,1.4359657950515188,0.006942706413646262,,False
362,3061.3331394195557,2149.3318618386984,3151.7898559570312,2192.167166210711,53,2,1.4137094335607874,0.00811456709382283,,False
363,2970.87642288208,2149.3318618386984,3061.3331394195557,2192.167166210711,42,1,1.4311684520846415,0.009544449052188528,,False
364,2789.962989807129,2149.3318618386984,2970.87642288208,2235.0024705827236,151,1,1.4284086331381425,0.018769869836314155,,False
365,2970.87642288208,2063.661253094673,3151.7898559570312,2149.3318618386984,167,1,1.3964152322629784,0.0241436961571922,,False
366,2789.962989807129,2063.661253094673,2970.87642288208,2149.3318618386984,161,1,1.3923116322351015,0.011471952047052286,,False
367,2609.0495567321777,2149.3318618386984,2789.962989807129,2235.0024705827236,134,1,1.3988469605273683,0.009379662194389215,,False
368,2428.1361236572266,2149.3318618386984,2609.0495567321777,2235.0024705827236,120,1,1.3820803118227176,0.030773294681603152,,False
369,2609.0495567321777,2063.661253094673,2789.962989807129,2149.3318618386984,166,1,1.4056145274563738,0.021303671558614068,,False
370,2428.1361236572266,2063.661253094673,2609.0495567321777,2149.3318618386984,142,1,1.3968161136185606,0.020842359136142633,,False
371,2247.2226905822754,2149.3318618386984,2428.1361236572266,2235.0024705827236,106,3,1.7797576152198302,0.5014074959850708,3.16196091512042,False
372,2247.2226905822754,2063.661253094673,2428.1361236572266,2149.3318618386984,186,1,1.306097622488403,0.06011461266091726,,False
373,2066.309257507324,2063.661253094673,2247.2226905822754,2149.3318618386984,73,3,1.5897627279898083,0.5013428476599533,3.7763904173352216,False
374,2970.87642288208,1977.990644350648,3151.7898559570312,2063.661253094673,168,1,1.402915209362983,0.008116953340441876,,False
375,2789.962989807129,1977.990644350648,2970.87642288208,2063.661253094673,168,1,1.407641009470717,0.019936000954782075,,False
376,2970.87642288208,1892.3200356066227,3151.7898559570312,1977.990644350648,146,1,1.387486580737884,0.019055228567842926,,False
377,2789.962989807129,1892.3200356066227,2970.87642288208,1977.990644350648,151,1,1.346199902465459,0.017306852810234485,,False
379,2428.1361236572266,1977.990644350648,2609.0495567321777,2063.661253094673,128,1,1.4094639836860705,0.02342814988276349,,False
380,2609.0495567321777,1892.3200356066227,2789.962989807129,1977.990644350648,125,1,1.3982261028359404,0.015163728500168977,,False
381,2428.1361236572266,1892.3200356066227,2609.0495567321777,1977.990644350648,124,1,1.4045183901211191,0.010160649368390274,,False
382,2970.87642288208,1806.6494268625975,3151.7898559570312,1892.3200356066227,142,1,2.0580006138762226,0.018082922632293663,,False
383,2789.962989807129,1806.6494268625975,2970.87642288208,1892.3200356066227,155,1,1.409080231720436,0.006564656790612853,,False
384,2970.87642288208,1720.9788181185722,3151.7898559570312,1806.6494268625975,159,1,1.3960680797480336,0.010401651085388942,,False
385,2789.962989807129,1720.9788181185722,2970.87642288208,1806.6494268625975,131,1,1.4137451746906564,0.009105533243327977,,False
388,2609.0495567321777,1720.9788181185722,2789.962989807129,1806.6494268625975,134,1,1.4145272571088447,0.018445687949188598,,False
389,2428.1361236572266,1720.9788181185722,2609.0495567321777,1806.6494268625975,143,1,1.3807332071270413,0.02070424695648466,,False
390,2247.2226905822754,1977.990644350648,2428.1361236572266,2063.661253094673,184,1,1.4031085922979851,0.016172087971452285,,False
391,2066.309257507324,1977.990644350648,2247.2226905822754,2063.661253094673,158,3,2.16397103364479,0.5183556675558966,2.3273750841673593,False
392,2247.2226905822754,1892.3200356066227,2428.1361236572266,1977.990644350648,171,1,1.347862584246091,0.02071210712422167,,False
394,2247.2226905822754,1806.6494268625975,2428.1361236572266,1892.3200356066227,141,1,1.4671605014586664,0.009432828550805477,,False
395,2066.309257507324,1806.6494268625975,2247.2226905822754,1892.3200356066227,139,1,1.3947203454733066,0.023167528849072725,,False
396,2247.2226905822754,1720.9788181185722,2428.1361236572266,1806.6494268625975,161,1,1.4046030050740768,0.028192652666747545,,False
398,1885.395824432373,1806.6494268625975,2066.309257507324,1892.3200356066227,95,3,1.9197739773957507,0.5889452360083205,3.319181006095485,False
399,1885.395824432373,1720.9788181185722,2066.309257507324,1806.6494268625975,140,3,2.9244668840617765,0.6841417824611165,2.5751259257245462,False
400,2970.87642288208,1635.308209374547,3151.7898559570312,1720.9788181185722,125,1,1.4105987311858625,0.015165502764847107,,False
402,2970.87642288208,1549.6376006305218,3151.7898559570312,1635.308209374547,142,1,1.401923903354671,0.009679417220371325,,False
404,2609.0495567321777,1635.308209374547,2789.962989807129,1720.9788181185722,179,1,1.373183766617341,0.02064102083118166,,False
405,2428.1361236572266,1635.308209374547,2609.0495567321777,1720.9788181185722,138,1,1.4120792116238707,0.015285707725318749,,False
407,2428.1361236572266,1549.6376006305218,2609.0495567321777,1635.308209374547,140,1,1.4022511618548108,0.011736403801020054,,False
408,2970.87642288208,1463.9669918864965,3151.7898559570312,1549.6376006305218,119,1,2.922920239128773,0.013743926004300635,,False
409,2789.962989807129,1463.9669918864965,2970.87642288208,1549.6376006305218,128,1,1.3861458834771276,0.020115099721136693,,False
411,2789.962989807129,1378.2963831424713,2970.87642288208,1463.9669918864965,120,1,1.3897657170434925,0.017043809389549906,,False
413,2428.1361236572266,1463.9669918864965,2609.0495567321777,1549.6376006305218,172,1,1.3804353003186145,0.018818436663361558,,False
414,2609.0495567321777,1378.2963831424713,2789.962989807129,1463.9669918864965,157,1,1.3795497500378533,0.015830805083633066,,False
415,2518.592840194702,1421.131687514484,2609.0495567321777,1463.9669918864965,62,2,1.4394863685636343,0.012614800521884918,,False
416,2428.1361236572266,1421.131687514484,2518.592840194702,1463.9669918864965,38,1,2.2370310116682193,0.005942099613618893,,False
417,2518.592840194702,1378.2963831424713,2609.0495567321777,1421.131687514484,56,2,1.4499582865554637,0.014587856704363333,,False
418,2428.1361236572266,1378.2963831424713,2518.592840194702,1421.131687514484,55,2,2.286188996915588,0.0147822847903199,,False
419,2247.2226905822754,1635.308209374547,2428.1361236572266,1720.9788181185722,135,1,1.3914659072161297,0.020346867532357957,,False
420,2066.309257507324,1635.308209374547,2247.2226905822754,1720.9788181185722,176,1,1.4119410977856177,0.015389754546286678,,False
424,1704.4823913574219,1635.308209374547,1885.395824432373,1720.9788181185722,22,3,7.573768706146145,0.5117187269237303,6.894947381526923,False
425,1885.395824432373,1549.6376006305218,2066.309257507324,1635.308209374547,142,1,1.1918132932517134,0.1853586346615771,,False
426,1704.4823913574219,1549.6376006305218,1885.395824432373,1635.308209374547,67,3,1.6821589763410636,0.5681382134194775,4.271619868307015,False
427,2247.2226905822754,1463.9669918864965,2428.1361236572266,1549.6376006305218,146,1,1.400966930561941,0.01236303330816172,,False
428,2066.309257507324,1463.9669918864965,2247.2226905822754,1549.6376006305218,146,1,1.4009475666367832,0.022169183337486832,,False
429,2247.2226905822754,1378.2963831424713,2428.1361236572266,1463.9669918864965,145,1,1.3918487020755266,0.020996607686970818,,False
430,2066.309257507324,1378.2963831424713,2247.2226905822754,1463.9669918864965,163,1,1.4656022906467783,0.01529655701703175,,False
431,1885.395824432373,1463.9669918864965,2066.309257507324,1549.6376006305218,185,1,1.1283044387674246,0.19030162655888458,,False
432,1704.4823913574219,1463.9669918864965,1885.395824432373,1549.6376006305218,185,3,1.3800764830512968,0.49227198873051214,2.8184485353920032,False
433,1885.395824432373,1378.2963831424713,2066.309257507324,1463.9669918864965,199,1,1.1971287645623496,0.13869654564483194,,False
434,1794.9391078948975,1421.131687514484,1885.395824432373,1463.9669918864965,86,0,1.3900618807800693,0.06178596147612803,,False
435,1704.4823913574219,1421.131687514484,1794.9391078948975,1463.9669918864965,52,3,1.5630898633696226,0.2101669867360505,1.83239853729837,False
436,1794.9391078948975,1378.2963831424713,1885.395824432373,1421.131687514484,80,0,1.4484684495131803,-0.0013893831900204465,,False
437,1704.4823913574219,1378.2963831424713,1794.9391078948975,1421.131687514484,77,0,1.399297486767364,0.0161503779352384,,False
438,4960.924186706543,1206.9551656544209,5322.751052856445,1378.2963831424713,134,0,1.4038828394393732,0.020164348668159925,,False
440,4599.097320556641,1292.625774398446,4780.010753631592,1378.2963831424713,157,0,1.4076319434501683,0.009444257581308915,,False
441,4780.010753631592,1206.9551656544209,4960.924186706543,1292.625774398446,50,0,1.5930376984646506,0.03197636484301281,,False
442,4599.097320556641,1206.9551656544209,4780.010753631592,1292.625774398446,111,0,1.3968030662963624,0.01004150067194931,,False
443,4960.924186706543,1035.6139481663704,5322.751052856445,1206.9551656544209,95,0,1.400019690912067,0.010420990872313556,,False
445,4599.097320556641,1121.2845569103956,4780.010753631592,1206.9551656544209,121,0,1.4061157644760345,0.004873598168048988,,False
446,4780.010753631592,1035.6139481663704,4960.924186706543,1121.2845569103956,30,0,1.4493915214847466,0.0035132079999087283,,False
447,4599.097320556641,1035.6139481663704,4780.010753631592,1121.2845569103956,24,0,1.674784203925959,0.002814053815974729,,False
448,4418.183887481689,1292.625774398446,4599.097320556641,1378.2963831424713,157,1,1.4205892330256076,0.009426277882776172,,False
449,4237.270454406738,1292.625774398446,4418.183887481689,1378.2963831424713,177,1,1.4068609779703694,0.014389545359877937,,False
450,4418.183887481689,1206.9551656544209,4599.097320556641,1292.625774398446,183,2,1.4012530038190416,0.014052872333666758,,False
452,4056.357021331787,1292.625774398446,4237.270454406738,1378.2963831424713,137,1,1.4103779577941338,0.013659566858883431,,False
454,4056.357021331787,1206.9551656544209,4237.270454406738,1292.625774398446,146,1,1.4016090360758386,0.014052001114610274,,False
455,3875.443588256836,1206.9551656544209,4056.357021331787,1292.625774398446,148,1,1.4033185324072937,0.005602828645993118,,False
456,4418.183887481689,1121.2845569103956,4599.097320556641,1206.9551656544209,147,2,1.394069397899564,0.010352572097845018,,False
457,4237.270454406738,1121.2845569103956,4418.183887481689,1206.9551656544209,158,1,1.4001936646017388,0.015006295010307456,,False
458,4418.183887481689,1035.6139481663704,4599.097320556641,1121.2845569103956,160,0,1.3951680975511827,0.010646049693663843,,False
459,4237.270454406738,1035.6139481663704,4418.183887481689,1121.2845569103956,196,2,1.4004652387172303,0.011692613879428784,,False
460,4056.357021331787,1121.2845569103956,4237.270454406738,1206.9551656544209,135,1,1.4006573333767047,0.02229349725016805,,False
461,3875.443588256836,1121.2845569103956,4056.357021331787,1206.9551656544209,132,1,1.4201605493153497,0.009595132803801658,,False
462,4056.357021331787,1035.6139481663704,4237.270454406738,1121.2845569103956,154,1,1.4015020703002359,0.009957655655291102,,False
463,3875.443588256836,1035.6139481663704,4056.357021331787,1121.2845569103956,126,1,1.3952096849745401,0.01449378428529783,,False
465,3513.6167221069336,1292.625774398446,3694.5301551818848,1378.2963831424713,117,1,1.4054823035725235,0.006266173411084384,,False
466,3694.5301551818848,1206.9551656544209,3875.443588256836,1292.625774398446,121,1,1.4355185827859094,0.011170600911991692,,False
467,3513.6167221069336,1206.9551656544209,3694.5301551818848,1292.625774398446,102,1,1.386616044774344,0.01780011293366678,,False
468,3332.7032890319824,1292.625774398446,3513.6167221069336,1378.2963831424713,145,1,1.4065949562014803,0.009631293140258427,,False
469,3151.7898559570312,1292.625774398446,3332.7032890319824,1378.2963831424713,141,1,1.40029146264433,0.011813657739777597,,False
470,3332.7032890319824,1206.9551656544209,3513.6167221069336,1292.625774398446,126,1,1.9110517147340274,0.018606618553805937,,False
471,3151.7898559570312,1206.9551656544209,3332.7032890319824,1292.625774398446,131,1,1.4131905478194344,0.0188161914107135,,False
472,3694.5301551818848,1121.2845569103956,3875.443588256836,1206.9551656544209,97,1,1.4077317247807795,0.03471186793374647,,False
474,3694.5301551818848,1035.6139481663704,3875.443588256836,1121.2845569103956,88,1,1.4077768822760812,0.01491935750454995,,False
475,3513.6167221069336,1035.6139481663704,3694.5301551818848,1121.2845569103956,120,1,1.4224315533533674,0.009518690335498164,,False
476,3332.7032890319824,1121.2845569103956,3513.6167221069336,1206.9551656544209,114,1,1.4279804359022992,0.012603604809239768,,False
477,3151.7898559570312,1121.2845569103956,3332.7032890319824,1206.9551656544209,112,1,1.419066718873635,0.015216239914946505,,False
478,3332.7032890319824,1035.6139481663704,3513.6167221069336,1121.2845569103956,113,1,1.4215241299408803,0.01814233698672858,,False
479,3151.7898559570312,1035.6139481663704,3332.7032890319824,1121.2845569103956,113,1,1.3834712381269734,0.012118527532682498,,False
481,4237.270454406738,949.9433394223452,4418.183887481689,1035.6139481663704,178,0,1.4007087200914794,0.012342350316006341,,False
482,4418.183887481689,864.2727306783199,4599.097320556641,949.9433394223452,46,0,1.4407430047245398,0.006943803570411903,,False
484,4056.357021331787,949.9433394223452,4237.270454406738,1035.6139481663704,160,1,1.4135001786424168,0.008102490702485428,,False
485,3875.443588256836,949.9433394223452,4056.357021331787,1035.6139481663704,132,1,1.3807101824656185,0.019168063471412283,,False
486,4056.357021331787,864.2727306783199,4237.270454406738,949.9433394223452,136,2,1.4105147676232528,0.02757691521648264,,False
487,3875.443588256836,864.2727306783199,4056.357021331787,949.9433394223452,155,1,1.4160432257501319,0.01031935913759761,,False
488,4237.270454406738,692.9315131902695,4599.097320556641,864.2727306783199,61,0,1.4787989756374726,0.011663490948460527,,False
489,4056.357021331787,778.6021219342947,4237.270454406738,864.2727306783199,94,0,1.4003403090591033,0.013961723333898493,,False
490,3875.443588256836,778.6021219342947,4056.357021331787,864.2727306783199,138,1,1.4052145055296619,0.0136329584606502,,False
492,3875.443588256836,692.9315131902695,4056.357021331787,778.6021219342947,111,0,1.4085439493433203,0.013444518645916451,,False
493,3694.5301551818848,949.9433394223452,3875.443588256836,1035.6139481663704,107,1,1.4006139172650725,0.008924076262543107,,False
494,3513.6167221069336,949.9433394223452,3694.5301551818848,1035.6139481663704,123,1,2.062201035576045,0.01782607583041826,,False
495,3694.5301551818848,864.2727306783199,3875.443588256836,949.9433394223452,117,1,1.4009770891307738,0.012315256260091693,,False
496,3513.6167221069336,864.2727306783199,3694.5301551818848,949.9433394223452,120,1,1.3980658446948162,0.011514787795130313,,False
497,3332.7032890319824,949.9433394223452,3513.6167221069336,1035.6139481663704,141,1,1.4166021853183397,0.005988560276496949,,False
498,3151.7898559570312,949.9433394223452,3332.7032890319824,1035.6139481663704,117,1,1.396063856147626,0.021077355107981137,,False
499,3332.7032890319824,864.2727306783199,3513.6167221069336,949.9433394223452,165,1,2.003902554053418,0.015641680364114837,,False
501,3694.5301551818848,778.6021219342947,3875.443588256836,864.2727306783199,137,1,1.4077006195229909,0.011982605425692985,,False
502,3513.6167221069336,778.6021219342947,3694.5301551818848,864.2727306783199,141,1,1.4021595538891303,0.012818888321153665,,False
503,3694.5301551818848,692.9315131902695,3875.443588256836,778.6021219342947,119,0,1.411404208207693,0.013976335433970838,,False
505,3423.160005569458,821.4374263063073,3513.6167221069336,864.2727306783199,55,2,2.3211771383751434,0.003962886804179524,,False
506,3332.7032890319824,821.4374263063073,3423.160005569458,864.2727306783199,37,2,1.4744408458740794,0.0054530088195663415,,False
507,3423.160005569458,778.6021219342947,3513.6167221069336,821.4374263063073,61,2,1.408490190326315,-0.0037855733157523197,,False
508,3332.7032890319824,778.6021219342947,3423.160005569458,821.4374263063073,50,2,1.405963078887491,2.6920865130854023e-05,,False
509,3151.7898559570312,778.6021219342947,3332.7032890319824,864.2727306783199,129,1,1.4184689039526142,0.007511540245839447,,False
510,3332.7032890319824,692.9315131902695,3513.6167221069336,778.6021219342947,196,2,1.4033155820122747,0.007928128636212868,,False
512,3513.6167221069336,521.590295702219,3875.443588256836,692.9315131902695,119,0,1.396046340013211,0.011707549153887966,,False
513,3332.7032890319824,607.2609044462442,3513.6167221069336,692.9315131902695,196,0,1.4112743226215776,0.015527240149312536,,False
514,3151.7898559570312,607.2609044462442,3332.7032890319824,692.9315131902695,170,1,1.4149242996229923,0.021730591034632322,,False
515,3332.7032890319824,521.590295702219,3513.6167221069336,607.2609044462442,17,0,2.4998940814193196,0.004235388002118487,,False
516,3151.7898559570312,521.590295702219,3332.7032890319824,607.2609044462442,25,2,3.079204129000819,0.029999160742926256,,False
517,3513.6167221069336,350.24907821416855,3875.443588256836,521.590295702219,48,0,1.4782769111206138,-0.011274958085434104,,False
518,3151.7898559570312,350.24907821416855,3513.6167221069336,521.590295702219,182,0,1.4129887385120974,0.0063732309442741004,,False
519,2970.87642288208,1292.625774398446,3151.7898559570312,1378.2963831424713,126,1,1.4271434163446344,0.008747444468507715,,False
520,2789.962989807129,1292.625774398446,2970.87642288208,1378.2963831424713,120,1,1.384224650839763,0.02187689605066183,,False
521,2970.87642288208,1206.9551656544209,3151.7898559570312,1292.625774398446,139,1,1.4029579265259078,0.0215744846455793,,False
522,2789.962989807129,1206.9551656544209,2970.87642288208,1292.625774398446,117,1,1.4168715198903894,0.005744547135771986,,False
523,2609.0495567321777,1292.625774398446,2789.962989807129,1378.2963831424713,155,1,1.4079652173202544,0.016981596823310813,,False
524,2518.592840194702,1335.4610787704587,2609.0495567321777,1378.2963831424713,64,0,1.4110769257375824,0.0026156353141348087,,False
526,2518.592840194702,1292.625774398446,2609.0495567321777,1335.4610787704587,57,2,1.5621713786256666,0.01173991581956371,,False
527,2428.1361236572266,1292.625774398446,2518.592840194702,1335.4610787704587,38,1,1.4576225414027124,0.008232324692651886,,False
528,2699.5062732696533,1249.7904700264335,2789.962989807129,1292.625774398446,30,2,1.4992293911934769,0.02605768798600514,,False
529,2609.0495567321777,1249.7904700264335,2699.5062732696533,1292.625774398446,65,2,1.5234694195920493,0.022200619002253275,,False
530,2699.5062732696533,1206.9551656544209,2789.962989807129,1249.7904700264335,43,2,2.3947182786826056,0.015076984723990817,,False
531,2609.0495567321777,1206.9551656544209,2699.5062732696533,1249.7904700264335,63,2,2.1434253820094913,0.005391451274378389,,False
532,2518.592840194702,1249.7904700264335,2609.0495567321777,1292.625774398446,56,2,1.479091692809761,0.01801925972128885,,False
533,2428.1361236572266,1249.7904700264335,2518.592840194702,1292.625774398446,43,1,1.4915117750096665,0.005792676191906399,,False
535,2428.1361236572266,1206.9551656544209,2518.592840194702,1249.7904700264335,63,2,1.4178016806311484,0.011211026675095263,,False
536,2970.87642288208,1121.2845569103956,3151.7898559570312,1206.9551656544209,119,1,1.398770134961904,0.014732791694256986,,False
537,2789.962989807129,1121.2845569103956,2970.87642288208,1206.9551656544209,128,1,1.394554445721104,0.010162508305744769,,False
538,2970.87642288208,1035.6139481663704,3151.7898559570312,1121.2845569103956,112,1,1.4009941957967649,0.011257984740398781,,False
539,2789.962989807129,1035.6139481663704,2970.87642288208,1121.2845569103956,151,1,1.3884836232091722,0.0250056160704181,,False
540,2609.0495567321777,1121.2845569103956,2789.962989807129,1206.9551656544209,197,1,1.3920379270120364,0.037663931036610025,,False
542,2428.1361236572266,1164.1198612824082,2518.592840194702,1206.9551656544209,72,0,2.0866480687393003,0.013644484228568328,,False
543,2518.592840194702,1121.2845569103956,2609.0495567321777,1164.1198612824082,65,2,1.4591955622327217,0.011758890947360774,,False
545,2699.5062732696533,1078.449252538383,2789.962989807129,1121.2845569103956,50,2,2.1676008021730664,0.016448395035178295,,False
546,2609.0495567321777,1078.449252538383,2699.5062732696533,1121.2845569103956,57,0,1.482659105126662,0.006630045045942015,,False
547,2699.5062732696533,1035.6139481663704,2789.962989807129,1078.449252538383,46,2,2.2945939829884767,0.02214069654966656,,False
548,2609.0495567321777,1035.6139481663704,2699.5062732696533,1078.449252538383,53,0,2.135787659478585,0.0012094559979969996,,False
549,2518.592840194702,1078.449252538383,2609.0495567321777,1121.2845569103956,80,0,1.4347182186081426,0.008066777057449908,,False
550,2428.1361236572266,1078.449252538383,2518.592840194702,1121.2845569103956,78,0,2.0991281941192583,0.00972305091181727,,False
551,2518.592840194702,1035.6139481663704,2609.0495567321777,1078.449252538383,84,0,2.1029859859961455,0.01302478736313829,,False
552,2428.1361236572266,1035.6139481663704,2518.592840194702,1078.449252538383,65,0,1.4432980633495505,0.010839989308939707,,False
553,2247.2226905822754,1292.625774398446,2428.1361236572266,1378.2963831424713,194,1,1.4098021826231855,0.026069284295891733,,False
554,2156.7659740448,1335.4610787704587,2247.2226905822754,1378.2963831424713,53,2,2.1425026404837815,0.014293081080770997,,False
556,2156.7659740448,1292.625774398446,2247.2226905822754,1335.4610787704587,61,2,1.48997202629563,0.01326569975644159,,False
557,2066.309257507324,1292.625774398446,2156.7659740448,1335.4610787704587,55,2,2.893252211091692,0.014086379073103701,,False
558,2337.679407119751,1249.7904700264335,2428.1361236572266,1292.625774398446,62,2,1.4666350434657165,0.014252949890750165,,False
559,2247.2226905822754,1249.7904700264335,2337.679407119751,1292.625774398446,47,2,1.54205687091887,0.02827406610085513,,False
560,2337.679407119751,1206.9551656544209,2428.1361236572266,1249.7904700264335,80,0,2.0107056946760893,0.006958903978035634,,False
561,2247.2226905822754,1206.9551656544209,2337.679407119751,1249.7904700264335,59,2,1.4558054481016027,0.0012104259160418893,,False
562,2156.7659740448,1249.7904700264335,2247.2226905822754,1292.625774398446,69,2,1.544246555237438,0.031104688937366346,,False
563,2066.309257507324,1249.7904700264335,2156.7659740448,1292.625774398446,54,2,2.1455249054428767,0.006858048077689097,,False
564,2156.7659740448,1206.9551656544209,2247.2226905822754,1249.7904700264335,77,2,1.4292734071987605,0.00988394792081345,,False
565,2066.309257507324,1206.9551656544209,2156.7659740448,1249.7904700264335,69,2,1.4289943098024769,0.00902374772383958,,False
566,1975.8525409698486,1335.4610787704587,2066.309257507324,1378.2963831424713,57,2,2.124367347988031,0.01889933457829997,,False
568,1975.8525409698486,1292.625774398446,2066.309257507324,1335.4610787704587,54,2,1.494281430401187,0.005487513892303314,,False
569,1885.395824432373,1292.625774398446,1975.8525409698486,1335.4610787704587,65,2,1.4344072270776027,0.08946265966662745,,False
570,1794.9391078948975,1335.4610787704587,1885.395824432373,1378.2963831424713,81,0,2.156370678335598,0.009298952535922573,,False
571,1704.4823913574219,1335.4610787704587,1794.9391078948975,1378.2963831424713,64,3,1.472818865808361,0.03452407971977469,3.501200571765955,False
572,1794.9391078948975,1292.625774398446,1885.395824432373,1335.4610787704587,85,0,1.384712117554625,-0.0028790044800755406,,False
573,1704.4823913574219,1292.625774398446,1794.9391078948975,1335.4610787704587,45,3,3.025854146797207,0.07902380032830902,3.9391126809310286,False
574,1975.8525409698486,1249.7904700264335,2066.309257507324,1292.625774398446,58,2,2.0319938029401787,0.01840375439896429,,False
576,1975.8525409698486,1206.9551656544209,2066.309257507324,1249.7904700264335,60,2,2.175158875194685,0.011235414215514829,,False
577,1885.395824432373,1206.9551656544209,1975.8525409698486,1249.7904700264335,84,0,1.3985068507988885,0.010432831603256499,,False
578,1794.9391078948975,1249.7904700264335,1885.395824432373,1292.625774398446,82,0,1.4305714071599274,-2.756656053254211e-05,,False
579,1704.4823913574219,1249.7904700264335,1794.9391078948975,1292.625774398446,58,2,1.481150333032284,0.006257905468694883,,False
580,1794.9391078948975,1206.9551656544209,1885.395824432373,1249.7904700264335,85,0,1.471703880416936,0.006291781251027086,,False
582,2337.679407119751,1164.1198612824082,2428.1361236572266,1206.9551656544209,77,0,1.4252843096825458,0.007818066124322629,,False
583,2247.2226905822754,1164.1198612824082,2337.679407119751,1206.9551656544209,72,2,2.1824812662531046,0.010834891552689371,,False
584,2337.679407119751,1121.2845569103956,2428.1361236572266,1164.1198612824082,69,0,1.4745322745481326,0.014782425225508525,,False
585,2247.2226905822754,1121.2845569103956,2337.679407119751,1164.1198612824082,55,0,1.5638203104452686,0.009455615843239375,,False
586,2156.7659740448,1164.1198612824082,2247.2226905822754,1206.9551656544209,67,0,1.9951961620374314,0.01831238709888167,,False
587,2066.309257507324,1164.1198612824082,2156.7659740448,1206.9551656544209,55,2,1.4759796530951728,0.01271425060317029,,False
589,2066.309257507324,1121.2845569103956,2156.7659740448,1164.1198612824082,56,2,1.4329947671413563,0.007920635793187669,,False
590,2337.679407119751,1078.449252538383,2428.1361236572266,1121.2845569103956,63,2,1.4504714372570404,0.002047128267084073,,False
591,2247.2226905822754,1078.449252538383,2337.679407119751,1121.2845569103956,70,0,1.5004358537657325,0.02705011422995749,,False
592,2337.679407119751,1035.6139481663704,2428.1361236572266,1078.449252538383,64,2,1.4450400380295816,0.008408572412923306,,False
593,2247.2226905822754,1035.6139481663704,2337.679407119751,1078.449252538383,70,0,2.9072412065859607,0.02969439765997665,,False
594,2156.7659740448,1078.449252538383,2247.2226905822754,1121.2845569103956,69,0,1.4602466451374079,-0.0027485228973953583,,False
595,2066.309257507324,1078.449252538383,2156.7659740448,1121.2845569103956,54,3,2.2769066411097785,0.10200820764362471,3.676733070268563,False
596,2156.7659740448,1035.6139481663704,2247.2226905822754,1078.449252538383,66,2,1.4309528031837562,0.021200361707677716,,False
597,2066.309257507324,1035.6139481663704,2156.7659740448,1078.449252538383,53,3,1.5671813272292194,0.3683341919811103,2.7903694473016944,False
598,1975.8525409698486,1164.1198612824082,2066.309257507324,1206.9551656544209,75,2,2.0481930448099006,0.006813824150092111,,False
599,1885.395824432373,1164.1198612824082,1975.8525409698486,1206.9551656544209,88,0,1.5025048171995048,0.007375261870012056,,False
600,1975.8525409698486,1121.2845569103956,2066.309257507324,1164.1198612824082,67,2,1.4415088233039282,0.010484731225177079,,False
601,1885.395824432373,1121.2845569103956,1975.8525409698486,1164.1198612824082,83,0,1.4623220945709605,0.02306678465373437,,False
602,1794.9391078948975,1164.1198612824082,1885.395824432373,1206.9551656544209,77,0,1.4961900587104324,0.02224185207850792,,False
603,1704.4823913574219,1164.1198612824082,1794.9391078948975,1206.9551656544209,70,2,1.44202367966351,0.008163862389438111,,False
605,1704.4823913574219,1121.2845569103956,1794.9391078948975,1164.1198612824082,55,2,1.4283899140598562,0.011934799637913523,,False
606,1975.8525409698486,1078.449252538383,2066.309257507324,1121.2845569103956,76,3,1.4558933699610295,0.14054689534287268,3.668590653010895,False
607,1885.395824432373,1078.449252538383,1975.8525409698486,1121.2845569103956,75,0,1.4659785441477695,0.007463822259884201,,False
608,1975.8525409698486,1035.6139481663704,2066.309257507324,1078.449252538383,67,3,2.277483204589898,0.2934176089050213,2.2544894862379143,False
609,1885.395824432373,1035.6139481663704,1975.8525409698486,1078.449252538383,89,0,1.3883464747337757,0.014581391756443017,,False
610,1794.9391078948975,1078.449252538383,1885.395824432373,1121.2845569103956,59,0,1.5124156826531567,0.015818065554599723,,False
611,1704.4823913574219,1078.449252538383,1794.9391078948975,1121.2845569103956,57,2,1.435571660993446,0.008594475563971932,,False
612,1794.9391078948975,1035.6139481663704,1885.395824432373,1078.449252538383,71,0,1.4402839821336215,0.001110123315732435,,False
613,1704.4823913574219,1035.6139481663704,1794.9391078948975,1078.449252538383,63,0,1.4280678591175349,0.010965776932487813,,False
614,2970.87642288208,949.9433394223452,3151.7898559570312,1035.6139481663704,115,1,1.3735228108392923,0.03418865523237663,,False
615,2789.962989807129,949.9433394223452,2970.87642288208,1035.6139481663704,155,1,1.4013168680686647,0.02284713426327081,,False
616,2970.87642288208,864.2727306783199,3151.7898559570312,949.9433394223452,140,1,1.4069814391020776,0.022995558894330807,,False
617,2789.962989807129,864.2727306783199,2970.87642288208,949.9433394223452,173,1,1.4001712742363384,0.019586420561073514,,False
618,2699.5062732696533,992.7786437943578,2789.962989807129,1035.6139481663704,57,2,1.4626746718092012,0.01620561061263513,,False
619,2609.0495567321777,992.7786437943578,2699.5062732696533,1035.6139481663704,74,0,2.1627819476813563,-0.00027120676985976775,,False
620,2699.5062732696533,949.9433394223452,2789.962989807129,992.7786437943578,67,2,2.2031129645523992,0.027230919699953223,,False
621,2609.0495567321777,949.9433394223452,2699.5062732696533,992.7786437943578,81,0,2.748222094673723,0.00741442024020535,,False
622,2518.592840194702,992.7786437943578,2609.0495567321777,1035.6139481663704,72,0,1.467767913909633,0.005871942047328237,,False
623,2428.1361236572266,992.7786437943578,2518.592840194702,1035.6139481663704,65,0,1.3499002174267731,0.016135597028999558,,False
625,2428.1361236572266,949.9433394223452,2518.592840194702,992.7786437943578,60,0,2.2205255233421646,0.01021215222674753,,False
626,2699.5062732696533,907.1080350503325,2789.962989807129,949.9433394223452,76,0,1.4468400552883884,0.003040191203558407,,False
627,2609.0495567321777,907.1080350503325,2699.5062732696533,949.9433394223452,76,0,1.4102803061062144,0.012529443069121037,,False
628,2699.5062732696533,864.2727306783199,2789.962989807129,907.1080350503325,72,2,1.68420899955765,0.031229362595559567,,False
629,2609.0495567321777,864.2727306783199,2699.5062732696533,907.1080350503325,62,0,1.4732352034533314,0.005036757842769819,,False
630,2518.592840194702,907.1080350503325,2609.0495567321777,949.9433394223452,77,2,2.1651789493731615,0.0032090008154635192,,False
631,2428.1361236572266,907.1080350503325,2518.592840194702,949.9433394223452,57,0,1.5385233853853446,0.009343451380527728,,False
632,2518.592840194702,864.2727306783199,2609.0495567321777,907.1080350503325,76,0,2.814705248317351,0.00220758478194204,,False
633,2428.1361236572266,864.2727306783199,2518.592840194702,907.1080350503325,69,0,2.0792920948490137,0.012278388187030465,,False
634,2970.87642288208,778.6021219342947,3151.7898559570312,864.2727306783199,123,1,1.408284378209316,0.01878773939716907,,False
636,2970.87642288208,692.9315131902695,3151.7898559570312,778.6021219342947,140,1,1.4005341447204263,0.015637036741962627,,False
637,2789.962989807129,692.9315131902695,2970.87642288208,778.6021219342947,180,1,1.4088249115136766,0.01892609180160794,,False
638,2699.5062732696533,821.4374263063073,2789.962989807129,864.2727306783199,49,2,1.4551051441549445,0.004640321513132971,,False
639,2609.0495567321777,821.4374263063073,2699.5062732696533,864.2727306783199,69,0,1.46768942110114,0.0002592983805185846,,False
640,2699.5062732696533,778.6021219342947,2789.962989807129,821.4374263063073,48,2,1.4504301783073947,0.014896531801469184,,False
641,2609.0495567321777,778.6021219342947,2699.5062732696533,821.4374263063073,75,0,2.1112889323727715,0.006822399845149481,,False
642,2518.592840194702,821.4374263063073,2609.0495567321777,864.2727306783199,85,0,2.703462782063999,0.015395006865236904,,False
643,2428.1361236572266,821.4374263063073,2518.592840194702,864.2727306783199,84,0,1.4166957232628294,0.0019615707718103298,,False
644,2518.592840194702,778.6021219342947,2609.0495567321777,821.4374263063073,89,0,1.419235197781947,-0.0020310597879932544,,False
645,2428.1361236572266,778.6021219342947,2518.592840194702,821.4374263063073,72,2,1.4111455060427445,-0.0011245779343984279,,False
646,2699.5062732696533,735.7668175622821,2789.962989807129,778.6021219342947,59,2,1.5798558613649005,0.018312274540481212,,False
647,2609.0495567321777,735.7668175622821,2699.5062732696533,778.6021219342947,77,0,1.4325316573329951,0.008503638179107527,,False
648,2699.5062732696533,692.9315131902695,2789.962989807129,735.7668175622821,44,2,1.4817134087053199,0.023410666538785693,,False
649,2609.0495567321777,692.9315131902695,2699.5062732696533,735.7668175622821,79,0,1.4148243493379897,-7.042884864401201e-05,,False
650,2518.592840194702,735.7668175622821,2609.0495567321777,778.6021219342947,85,0,1.4500347490730614,0.003518023366400527,,False
651,2428.1361236572266,735.7668175622821,2518.592840194702,778.6021219342947,66,2,1.4266088601010571,0.004687578936263962,,False
652,2518.592840194702,692.9315131902695,2609.0495567321777,735.7668175622821,88,0,1.4176145699823437,-0.001081088339537671,,False
653,2428.1361236572266,692.9315131902695,2518.592840194702,735.7668175622821,82,0,1.420336372208325,0.0021617210050020107,,False
654,2337.679407119751,992.7786437943578,2428.1361236572266,1035.6139481663704,84,2,1.470810752526329,0.018429194478023762,,False
655,2247.2226905822754,992.7786437943578,2337.679407119751,1035.6139481663704,67,2,2.168868569296867,0.012590077460725416,,False
656,2337.679407119751,949.9433394223452,2428.1361236572266,992.7786437943578,69,2,2.1079940907177437,0.01731273106605408,,False
657,2247.2226905822754,949.9433394223452,2337.679407119751,992.7786437943578,71,2,1.4440007923346094,0.0026375262772554754,,False
658,2156.7659740448,992.7786437943578,2247.2226905822754,1035.6139481663704,52,2,1.5370310224620587,0.03495524645145665,,False
659,2066.309257507324,992.7786437943578,2156.7659740448,1035.6139481663704,41,3,1.3569829281404098,0.2377345713418304,3.7150391094622313,False
660,2156.7659740448,949.9433394223452,2247.2226905822754,992.7786437943578,56,3,1.4047503038181113,0.05347479513166168,2.609709479754364,False
662,2337.679407119751,907.1080350503325,2428.1361236572266,949.9433394223452,66,2,2.218862925710567,0.011628084204068828,,False
663,2247.2226905822754,907.1080350503325,2337.679407119751,949.9433394223452,65,2,1.4015118298521265,0.0207652836886461,,False
664,2337.679407119751,864.2727306783199,2428.1361236572266,907.1080350503325,74,2,1.4574763656795189,0.007757104161773157,,False
665,2247.2226905822754,864.2727306783199,2337.679407119751,907.1080350503325,59,3,1.544250110610878,0.23498591044367736,2.9473362430466867,False
666,2156.7659740448,907.1080350503325,2247.2226905822754,949.9433394223452,57,3,2.2715532987775973,0.08634512297905769,3.9647136706595747,False
667,2066.309257507324,907.1080350503325,2156.7659740448,949.9433394223452,67,0,1.4840743385550517,-0.004653313438618602,,False
668,2156.7659740448,864.2727306783199,2247.2226905822754,907.1080350503325,62,3,1.8051945707568802,0.11660109570137439,4.130044506871178,False
669,2066.309257507324,864.2727306783199,2156.7659740448,907.1080350503325,59,0,2.2008725356338523,0.006234522365933088,,False
670,1975.8525409698486,992.7786437943578,2066.309257507324,1035.6139481663704,52,3,3.2121794432774893,0.21934548116804128,3.7135138432716137,False
671,1885.395824432373,992.7786437943578,1975.8525409698486,1035.6139481663704,93,0,1.4519544980444643,0.013681195569069519,,False
672,1975.8525409698486,949.9433394223452,2066.309257507324,992.7786437943578,63,0,1.4515766864672393,0.001989441727296279,,False
673,1885.395824432373,949.9433394223452,1975.8525409698486,992.7786437943578,80,0,1.3838570942035928,0.004131579869075878,,False
674,1794.9391078948975,992.7786437943578,1885.395824432373,1035.6139481663704,56,0,2.2965472167248517,0.01817083080975104,,False
675,1704.4823913574219,992.7786437943578,1794.9391078948975,1035.6139481663704,87,0,1.4182366878916428,-0.0008095014680146172,,False
677,1704.4823913574219,949.9433394223452,1794.9391078948975,992.7786437943578,72,0,2.2004237185962414,0.01915746742086755,,False
678,1975.8525409698486,907.1080350503325,2066.309257507324,949.9433394223452,55,0,1.5370291731867296,0.016339882547265067,,False
679,1885.395824432373,907.1080350503325,1975.8525409698486,949.9433394223452,66,0,2.255947461370252,0.004196687476084525,,False
680,1975.8525409698486,864.2727306783199,2066.309257507324,907.1080350503325,55,0,2.2653596307055786,0.02226003211772699,,False
682,1794.9391078948975,907.1080350503325,1885.395824432373,949.9433394223452,39,0,2.3912781558376404,0.008311383380012595,,False
683,1704.4823913574219,907.1080350503325,1794.9391078948975,949.9433394223452,76,2,1.4815537039065352,0.006004335449963727,,False
684,1794.9391078948975,864.2727306783199,1885.395824432373,907.1080350503325,49,0,2.3210768879851367,0.010826766806010642,,False
686,2337.679407119751,821.4374263063073,2428.1361236572266,864.2727306783199,75,2,1.4485475836920596,0.0018112823459752521,,False
687,2247.2226905822754,821.4374263063073,2337.679407119751,864.2727306783199,65,3,1.3378878820324074,0.09180721083730019,3.9397378681931743,False
688,2337.679407119751,778.6021219342947,2428.1361236572266,821.4374263063073,66,2,1.4652949890298042,0.009537501893795701,,False
689,2247.2226905822754,778.6021219342947,2337.679407119751,821.4374263063073,60,3,1.4231561086331055,0.037140192035627566,3.79767170685938,False
690,2156.7659740448,821.4374263063073,2247.2226905822754,864.2727306783199,64,3,1.4359574620756872,0.051413217971339985,3.974626398447387,False
691,2066.309257507324,821.4374263063073,2156.7659740448,864.2727306783199,46,0,1.4506542589753797,0.0013698615463584197,,False
692,2156.7659740448,778.6021219342947,2247.2226905822754,821.4374263063073,55,0,1.42617003587549,0.011880904119946,,False
693,2066.309257507324,778.6021219342947,2156.7659740448,821.4374263063073,46,0,2.344663053843367,0.005641739792521437,,False
694,2337.679407119751,735.7668175622821,2428.1361236572266,778.6021219342947,57,2,1.4408409599146685,0.009763837694241401,,False
695,2247.2226905822754,735.7668175622821,2337.679407119751,778.6021219342947,60,0,1.460496430129998,0.016399545912604677,,False
696,2337.679407119751,692.9315131902695,2428.1361236572266,735.7668175622821,51,2,2.2274851865062937,0.0035981041058333464,,False
697,2247.2226905822754,692.9315131902695,2337.679407119751,735.7668175622821,64,0,2.163035512503671,0.011382597789137765,,False
699,1885.395824432373,778.6021219342947,2066.309257507324,864.2727306783199,180,0,1.397891085151437,0.009936375552992214,,False
701,1704.4823913574219,821.4374263063073,1794.9391078948975,864.2727306783199,75,0,1.4785971124858501,0.014053136842907078,,False
702,1794.9391078948975,778.6021219342947,1885.395824432373,821.4374263063073,77,2,2.188607600135626,0.006653319151055226,,False
703,1704.4823913574219,778.6021219342947,1794.9391078948975,821.4374263063073,79,0,1.4120018737420343,0.001101621292371174,,False
704,1885.395824432373,692.9315131902695,2066.309257507324,778.6021219342947,138,0,1.4055171868684533,0.016236372730419762,,False
705,1794.9391078948975,735.7668175622821,1885.395824432373,778.6021219342947,69,0,1.4702673933179742,0.009743537900437745,,False
706,1704.4823913574219,735.7668175622821,1794.9391078948975,778.6021219342947,81,0,1.4273130142337587,-0.002212267854993455,,False
708,1704.4823913574219,692.9315131902695,1794.9391078948975,735.7668175622821,84,0,1.4454222233217269,0.00414201104352704,,False
709,1523.5689582824707,1292.625774398446,1704.4823913574219,1378.2963831424713,98,3,1.6456127251473676,0.5937599801528493,4.02714995016184,False
710,1342.6555252075195,1292.625774398446,1523.5689582824707,1378.2963831424713,13,3,11.307168099356359,0.585066521420716,9.593371667152848,True
711,1614.0256748199463,1249.7904700264335,1704.4823913574219,1292.625774398446,61,3,1.5131865921670828,0.09415125728103263,2.5450843665576377,False
712,1523.5689582824707,1249.7904700264335,1614.0256748199463,1292.625774398446,43,3,1.6621949565238545,0.298426002315805,2.51842224153677,False
713,1614.0256748199463,1206.9551656544209,1704.4823913574219,1249.7904700264335,60,3,1.4050722622733314,0.03957159311876285,3.143026030503008,False
714,1523.5689582824707,1206.9551656544209,1614.0256748199463,1249.7904700264335,49,3,1.5245329867168564,0.18784367968395935,1.9382332804779676,False
715,1342.6555252075195,1206.9551656544209,1523.5689582824707,1292.625774398446,96,3,1.7082911378935792,0.6304406002618923,4.121658775660672,False
716,1523.5689582824707,1121.2845569103956,1704.4823913574219,1206.9551656544209,198,1,1.3249877254706068,0.07865874169521214,,False
717,1433.1122417449951,1164.1198612824082,1523.5689582824707,1206.9551656544209,59,3,1.448493093599854,0.02996853798253882,2.737858411720171,False
718,1342.6555252075195,1164.1198612824082,1433.1122417449951,1206.9551656544209,52,3,2.6484776475941745,0.6001309394310023,2.1617940891127723,False
719,1433.1122417449951,1121.2845569103956,1523.5689582824707,1164.1198612824082,61,0,1.3677058333754895,0.01632124831372318,,False
720,1342.6555252075195,1121.2845569103956,1433.1122417449951,1164.1198612824082,59,3,1.4505564052991275,0.08265914656484792,1.8294970923544738,False
721,1614.0256748199463,1078.449252538383,1704.4823913574219,1121.2845569103956,63,2,1.501872354558206,0.011283843991170968,,False
722,1523.5689582824707,1078.449252538383,1614.0256748199463,1121.2845569103956,68,2,2.104259905327129,0.026849185591375245,,False
724,1523.5689582824707,1035.6139481663704,1614.0256748199463,1078.449252538383,71,2,1.4715164351477417,0.011851680395256116,,False
725,1433.1122417449951,1078.449252538383,1523.5689582824707,1121.2845569103956,62,0,1.4249120490666118,0.0064458136396453695,,False
726,1342.6555252075195,1078.449252538383,1433.1122417449951,1121.2845569103956,51,2,1.4515709389840794,0.014773170305367364,,False
727,1433.1122417449951,1035.6139481663704,1523.5689582824707,1078.449252538383,62,0,2.200869234590281,0.006738390510500665,,False
728,1342.6555252075195,1035.6139481663704,1433.1122417449951,1078.449252538383,42,2,2.133448048967205,0.015148435196500474,,False
729,980.8286590576172,1035.6139481663704,1342.6555252075195,1206.9551656544209,140,3,1.4600474899141809,0.6275257382839456,4.695467425005295,False
730,1614.0256748199463,992.7786437943578,1704.4823913574219,1035.6139481663704,73,2,2.334239818548369,0.01714247813768301,,False
732,1614.0256748199463,949.9433394223452,1704.4823913574219,992.7786437943578,75,0,1.421299312260403,0.0031505514268583795,,False
733,1523.5689582824707,949.9433394223452,1614.0256748199463,992.7786437943578,83,0,2.1206254160491627,0.02089348216819368,,False
734,1433.1122417449951,992.7786437943578,1523.5689582824707,1035.6139481663704,67,0,1.4220731578874217,0.0008513087694071072,,False
735,1342.6555252075195,992.7786437943578,1433.1122417449951,1035.6139481663704,67,0,1.436870011596665,0.011820047668332867,,False
736,1433.1122417449951,949.9433394223452,1523.5689582824707,992.7786437943578,66,0,1.4209687888973652,0.001624011333370035,,False
737,1342.6555252075195,949.9433394223452,1433.1122417449951,992.7786437943578,64,0,1.5039835886612378,0.006261880057875504,,False
738,1614.0256748199463,907.1080350503325,1704.4823913574219,949.9433394223452,82,0,1.4155014148782732,0.00452616633659862,,False
739,1523.5689582824707,907.1080350503325,1614.0256748199463,949.9433394223452,68,2,2.2371370469460388,0.011831210796280541,,False
740,1614.0256748199463,864.2727306783199,1704.4823913574219,907.1080350503325,74,0,2.160344844662016,0.01605175172175331,,False
741,1523.5689582824707,864.2727306783199,1614.0256748199463,907.1080350503325,70,2,1.4145221992337282,-0.0010664710489774406,,False
742,1433.1122417449951,907.1080350503325,1523.5689582824707,949.9433394223452,45,2,1.4696498480818125,0.015817447761450484,,False
743,1342.6555252075195,907.1080350503325,1433.1122417449951,949.9433394223452,49,0,3.040200644386422,0.0274541672993492,,False
744,1433.1122417449951,864.2727306783199,1523.5689582824707,907.1080350503325,61,0,1.4919537667461684,0.020647901674541863,,False
745,1342.6555252075195,864.2727306783199,1433.1122417449951,907.1080350503325,51,2,1.4322446967434,0.0013612447686750233,,False
746,1161.7420921325684,949.9433394223452,1342.6555252075195,1035.6139481663704,142,3,1.5509386836990895,0.5811779520202571,3.3374051815839496,False
747,980.8286590576172,949.9433394223452,1161.7420921325684,1035.6139481663704,31,3,2.0329952402073626,0.42613666411657464,4.955691523648294,False
749,980.8286590576172,864.2727306783199,1161.7420921325684,949.9433394223452,119,3,1.4143933675304368,0.5774121568595123,3.969107677162035,False
750,1614.0256748199463,821.4374263063073,1704.4823913574219,864.2727306783199,89,0,1.4721193691238126,0.010043793835567577,,False
751,1523.5689582824707,821.4374263063073,1614.0256748199463,864.2727306783199,74,0,1.45409461914103,0.00813033993752632,,False
753,1523.5689582824707,778.6021219342947,1614.0256748199463,821.4374263063073,70,0,1.4373150105274675,-0.0011380356403622833,,False
754,1433.1122417449951,821.4374263063073,1523.5689582824707,864.2727306783199,76,0,1.4690308888969161,0.006232245463162757,,False
755,1342.6555252075195,821.4374263063073,1433.1122417449951,864.2727306783199,65,2,2.216005862861189,0.019062141079220545,,False
756,1433.1122417449951,778.6021219342947,1523.5689582824707,821.4374263063073,66,0,2.2101883308548422,0.014555418502884884,,False
757,1342.6555252075195,778.6021219342947,1433.1122417449951,821.4374263063073,65,0,1.549184652083219,-0.0006032013539666631,,False
758,1614.0256748199463,735.7668175622821,1704.4823913574219,778.6021219342947,89,0,1.4075550639107235,-0.0010250666498687762,,False
759,1523.5689582824707,735.7668175622821,1614.0256748199463,778.6021219342947,73,0,1.4302496408276177,-0.0010767957331880025,,False
760,1614.0256748199463,692.9315131902695,1704.4823913574219,735.7668175622821,77,0,1.458678652467293,0.009554256554932576,,False
761,1523.5689582824707,692.9315131902695,1614.0256748199463,735.7668175622821,79,0,1.3670615653632185,0.006424261977119277,,False
762,1433.1122417449951,735.7668175622821,1523.5689582824707,778.6021219342947,82,0,1.4200922566795016,0.003612771339470167,,False
763,1342.6555252075195,735.7668175622821,1433.1122417449951,778.6021219342947,69,2,1.451195658812121,0.005140519024942885,,False
764,1433.1122417449951,692.9315131902695,1523.5689582824707,735.7668175622821,62,0,1.4418253170712787,0.009829747262192575,,False
765,1342.6555252075195,692.9315131902695,1433.1122417449951,735.7668175622821,64,0,2.262787426751582,0.011809626526215119,,False
766,1161.7420921325684,778.6021219342947,1342.6555252075195,864.2727306783199,175,2,1.4119812465708874,0.0075470879487141915,,False
768,1161.7420921325684,692.9315131902695,1342.6555252075195,778.6021219342947,169,2,1.397883209570499,0.010830455361359828,,False
769,980.8286590576172,692.9315131902695,1161.7420921325684,778.6021219342947,157,2,1.4156464245899631,0.015411660797559897,,False
770,619.0017929077148,864.2727306783199,980.8286590576172,1035.6139481663704,66,3,1.419646749660496,0.4006308635325797,4.520731680670477,False
771,799.915225982666,778.6021219342947,980.8286590576172,864.2727306783199,122,3,1.364726592386878,0.4341573797729178,2.9088970797678617,False
772,619.0017929077148,778.6021219342947,799.915225982666,864.2727306783199,32,3,2.3157433587034286,0.4420444932868914,3.9229569760361773,False
773,799.915225982666,692.9315131902695,980.8286590576172,778.6021219342947,148,0,1.3935283829181568,0.015113221815538204,,False
774,619.0017929077148,692.9315131902695,799.915225982666,778.6021219342947,86,3,1.3920754867643712,0.45714951882142363,3.540713113419927,False
775,2970.87642288208,607.2609044462442,3151.7898559570312,692.9315131902695,191,2,1.409449779119792,0.011140711748885024,,False
776,2880.4197063446045,650.0962088182569,2970.87642288208,692.9315131902695,67,2,1.414220036950356,-0.003151946525934506,,False
777,2789.962989807129,650.0962088182569,2880.4197063446045,692.9315131902695,53,2,1.4152711176538042,0.004241191780833096,,False
778,2880.4197063446045,607.2609044462442,2970.87642288208,650.0962088182569,41,2,1.4666883870185508,0.013135690587780538,,False
779,2789.962989807129,607.2609044462442,2880.4197063446045,650.0962088182569,67,0,1.4144148313899745,-0.0026640492929865204,,False
781,2880.4197063446045,564.4256000742316,2970.87642288208,607.2609044462442,29,2,2.392843295411373,0.0011932340048429984,,False
783,2880.4197063446045,521.590295702219,2970.87642288208,564.4256000742316,28,0,2.3751109772143733,0.009184342384076267,,False
784,2789.962989807129,521.590295702219,2880.4197063446045,564.4256000742316,87,0,2.1191927168569866,0.012143958730817528,,False
785,2699.5062732696533,650.0962088182569,2789.962989807129,692.9315131902695,64,2,1.4410980635030843,0.007019254379298683,,False
787,2699.5062732696533,607.2609044462442,2789.962989807129,650.0962088182569,61,0,1.420901822214133,0.003044939814377643,,False
788,2609.0495567321777,607.2609044462442,2699.5062732696533,650.0962088182569,85,0,1.4169173490064304,-0.002260933014451323,,False
789,2518.592840194702,650.0962088182569,2609.0495567321777,692.9315131902695,85,0,1.4333520292918427,5.20626416209501e-05,,False
790,2428.1361236572266,650.0962088182569,2518.592840194702,692.9315131902695,71,0,1.4222675680317645,0.005665962523624235,,False
791,2518.592840194702,607.2609044462442,2609.0495567321777,650.0962088182569,70,0,1.4831945429265918,0.0013932619738146218,,False
792,2428.1361236572266,607.2609044462442,2518.592840194702,650.0962088182569,74,2,1.4222202531796682,0.001010280925016149,,False
794,2428.1361236572266,521.590295702219,2609.0495567321777,607.2609044462442,166,0,1.392285624317424,0.017533273325351744,,False
795,2970.87642288208,435.9196869581938,3151.7898559570312,521.590295702219,138,0,1.3790175788644636,0.016803902542899964,,False
796,2789.962989807129,435.9196869581938,2970.87642288208,521.590295702219,115,0,1.4041325899659534,0.0098875159796055,,False
797,2970.87642288208,350.24907821416855,3151.7898559570312,435.9196869581938,50,0,1.430602285727166,0.004831910772464018,,False
798,2789.962989807129,350.24907821416855,2970.87642288208,435.9196869581938,79,0,1.4054266975232674,0.006923676436707472,,False
799,2428.1361236572266,350.24907821416855,2789.962989807129,521.590295702219,126,0,1.4124228022563898,0.00795137917268475,,False
800,2337.679407119751,650.0962088182569,2428.1361236572266,692.9315131902695,59,2,1.4241746510690179,0.001745635816038332,,False
801,2247.2226905822754,650.0962088182569,2337.679407119751,692.9315131902695,62,0,2.1787405036440823,0.0013111048489463707,,False
802,2337.679407119751,607.2609044462442,2428.1361236572266,650.0962088182569,61,2,2.7979728445762864,0.005806977292892528,,False
803,2247.2226905822754,607.2609044462442,2337.679407119751,650.0962088182569,49,2,1.4357020185328988,0.008408655884522026,,False
804,2066.309257507324,607.2609044462442,2247.2226905822754,692.9315131902695,121,0,1.383509703195936,0.012802903970346838,,False
807,1885.395824432373,607.2609044462442,2066.309257507324,692.9315131902695,114,0,1.4263403305798537,0.012947401731112316,,False
808,1794.9391078948975,650.0962088182569,1885.395824432373,692.9315131902695,62,0,1.4231475472496176,0.0012662535674250698,,False
809,1704.4823913574219,650.0962088182569,1794.9391078948975,692.9315131902695,82,0,1.433256529757066,0.005613061074800917,,False
810,1794.9391078948975,607.2609044462442,1885.395824432373,650.0962088182569,74,0,1.4416007762890473,0.0044846105136688965,,False
811,1704.4823913574219,607.2609044462442,1794.9391078948975,650.0962088182569,93,0,1.4318084989165576,-0.0010804856816811993,,False
812,1885.395824432373,521.590295702219,2066.309257507324,607.2609044462442,70,0,1.427248273610546,0.009238983589152943,,False
813,1794.9391078948975,564.4256000742316,1885.395824432373,607.2609044462442,68,0,2.6882714673604733,0.012395760174903016,,False
814,1704.4823913574219,564.4256000742316,1794.9391078948975,607.2609044462442,85,0,1.422443759971446,0.0036849155842834437,,False
815,1794.9391078948975,521.590295702219,1885.395824432373,564.4256000742316,42,0,2.3106031125698467,0.01162858936263193,,False
816,1704.4823913574219,521.590295702219,1794.9391078948975,564.4256000742316,73,0,2.0935367201713944,0.01428847728137607,,False
817,2066.309257507324,350.24907821416855,2428.1361236572266,521.590295702219,97,0,1.4300767765815705,0.005178407643744758,,False
818,1885.395824432373,435.9196869581938,2066.309257507324,521.590295702219,33,0,1.4959489934160723,0.007624274765945598,,False
819,1704.4823913574219,435.9196869581938,1885.395824432373,521.590295702219,161,0,1.4024090570573953,0.011947601321088843,,False
820,1885.395824432373,350.24907821416855,2066.309257507324,435.9196869581938,52,0,1.42176120106547,0.0030075323015554727,,False
821,1704.4823913574219,350.24907821416855,1885.395824432373,435.9196869581938,177,0,1.423644258510467,0.0024332136128049197,,False
822,2970.87642288208,264.5784694701433,3151.7898559570312,350.24907821416855,93,0,1.3921646984628884,0.005252078337890806,,False
823,2789.962989807129,264.5784694701433,2970.87642288208,350.24907821416855,110,0,1.4188734539405155,0.006143985387373688,,False
824,2970.87642288208,178.9078607261181,3151.7898559570312,264.5784694701433,24,0,2.5306964453182053,-0.002250530072590912,,False
825,2789.962989807129,178.9078607261181,2970.87642288208,264.5784694701433,80,0,2.620902436673296,0.005311224228831271,,False
826,2428.1361236572266,178.9078607261181,2789.962989807129,350.24907821416855,152,0,1.4144958570320056,0.0024107289934404493,,False
827,2789.962989807129,7.566643238067627,3151.7898559570312,178.9078607261181,186,0,1.385370784559095,0.025581419726817118,,False
828,2428.1361236572266,7.566643238067627,2789.962989807129,178.9078607261181,57,0,1.4850716672813948,0.01696288152209081,,False
829,1885.395824432373,264.5784694701433,2066.309257507324,350.24907821416855,55,0,1.6116909800129386,0.16229168405914943,,False
830,1704.4823913574219,264.5784694701433,1885.395824432373,350.24907821416855,83,0,1.4688202064933782,0.009494354528844184,,False
832,1704.4823913574219,178.9078607261181,1885.395824432373,264.5784694701433,38,0,1.5287623379396396,0.010344083995703258,,False
834,1614.0256748199463,650.0962088182569,1704.4823913574219,692.9315131902695,83,0,1.4101856957807604,0.0014993893493828621,,False
835,1523.5689582824707,650.0962088182569,1614.0256748199463,692.9315131902695,77,0,1.45063915794208,0.006171860278751217,,False
836,1614.0256748199463,607.2609044462442,1704.4823913574219,650.0962088182569,79,0,1.4128138655372757,0.0013104122081215443,,False
837,1523.5689582824707,607.2609044462442,1614.0256748199463,650.0962088182569,83,0,1.9579122359926264,0.004425082999551871,,False
838,1433.1122417449951,650.0962088182569,1523.5689582824707,692.9315131902695,64,0,2.1901802474862606,0.014717446389508554,,False
839,1342.6555252075195,650.0962088182569,1433.1122417449951,692.9315131902695,71,0,2.683021636530863,0.018012583147775915,,False
840,1433.1122417449951,607.2609044462442,1523.5689582824707,650.0962088182569,77,0,1.4285447463561787,0.004026387244469452,,False
842,1614.0256748199463,564.4256000742316,1704.4823913574219,607.2609044462442,87,0,1.4307283484538384,0.006082679914228433,,False
843,1523.5689582824707,564.4256000742316,1614.0256748199463,607.2609044462442,81,0,2.2562047861581465,0.004719855394573013,,False
844,1614.0256748199463,521.590295702219,1704.4823913574219,564.4256000742316,65,0,3.100259039408706,0.01909996025709324,,False
845,1523.5689582824707,521.590295702219,1614.0256748199463,564.4256000742316,70,0,1.4208472941778834,-0.00047253754725354004,,False
846,1433.1122417449951,564.4256000742316,1523.5689582824707,607.2609044462442,78,0,2.189734420003639,0.0026744500483147126,,False
847,1342.6555252075195,564.4256000742316,1433.1122417449951,607.2609044462442,62,0,1.4676325452246166,0.006934681938978133,,False
848,1433.1122417449951,521.590295702219,1523.5689582824707,564.4256000742316,83,0,1.4321863708046594,0.0003527998418200387,,False
849,1342.6555252075195,521.590295702219,1433.1122417449951,564.4256000742316,80,0,1.4180180886228435,0.0026644832254931277,,False
850,1252.198808670044,650.0962088182569,1342.6555252075195,692.9315131902695,56,0,2.292239180597239,0.013105766500028778,,False
851,1161.7420921325684,650.0962088182569,1252.198808670044,692.9315131902695,50,2,2.275674377694995,0.0033308185893478138,,False
852,1252.198808670044,607.2609044462442,1342.6555252075195,650.0962088182569,53,2,1.4503059237131641,0.007797036803818992,,False
853,1161.7420921325684,607.2609044462442,1252.198808670044,650.0962088182569,58,2,1.4740960929507319,-0.00042637253377085873,,False
854,980.8286590576172,607.2609044462442,1161.7420921325684,692.9315131902695,191,0,1.3935585139498876,0.011002204042084927,,False
855,1252.198808670044,564.4256000742316,1342.6555252075195,607.2609044462442,53,0,1.4294714836975868,0.004718472418787468,,False
856,1161.7420921325684,564.4256000742316,1252.198808670044,607.2609044462442,53,2,2.2748000991002737,0.01005536635400396,,False
857,1252.198808670044,521.590295702219,1342.6555252075195,564.4256000742316,67,0,1.422807668841418,0.0014007545835274307,,False
858,1161.7420921325684,521.590295702219,1252.198808670044,564.4256000742316,60,0,1.4193642349461721,0.0001295268013481962,,False
859,1071.2853755950928,564.4256000742316,1161.7420921325684,607.2609044462442,53,0,1.4158542065864896,-0.0029817883512872163,,False
860,980.8286590576172,564.4256000742316,1071.2853755950928,607.2609044462442,53,2,1.509608235115002,0.005798649539367026,,False
861,1071.2853755950928,521.590295702219,1161.7420921325684,564.4256000742316,58,0,1.4700038650732423,0.008118374343142911,,False
862,980.8286590576172,521.590295702219,1071.2853755950928,564.4256000742316,48,0,1.4679386970103612,0.002447097500583762,,False
863,1614.0256748199463,478.7549913302064,1704.4823913574219,521.590295702219,66,0,1.4157517641308168,-0.0014838350551114746,,False
864,1523.5689582824707,478.7549913302064,1614.0256748199463,521.590295702219,79,0,1.3948650928290267,0.011013093509695569,,False
865,1614.0256748199463,435.9196869581938,1704.4823913574219,478.7549913302064,49,0,2.257410434527949,0.011063770640978758,,False
866,1523.5689582824707,435.9196869581938,1614.0256748199463,478.7549913302064,65,2,1.408842704011332,0.002819218552657647,,False
867,1433.1122417449951,478.7549913302064,1523.5689582824707,521.590295702219,83,0,1.4029589370156221,0.0036748203288001478,,False
868,1342.6555252075195,478.7549913302064,1433.1122417449951,521.590295702219,67,0,1.4237257122578946,0.0017651764167269655,,False
870,1342.6555252075195,435.9196869581938,1433.1122417449951,478.7549913302064,73,0,1.4824569840556947,0.007553176813837064,,False
871,1523.5689582824707,350.24907821416855,1704.4823913574219,435.9196869581938,171,0,1.38203861748672,0.011635437439159778,,False
872,1433.1122417449951,393.08438258618116,1523.5689582824707,435.9196869581938,60,2,1.4062362401000739,0.006176710507154804,,False
873,1342.6555252075195,393.08438258618116,1433.1122417449951,435.9196869581938,69,0,1.4144712309483125,0.014920364164903405,,False
874,1433.1122417449951,350.24907821416855,1523.5689582824707,393.08438258618116,65,2,1.4125734027183439,0.007595953052363825,,False
875,1342.6555252075195,350.24907821416855,1433.1122417449951,393.08438258618116,59,0,1.404638282376111,0.00019473898525773344,,False
877,1161.7420921325684,478.7549913302064,1252.198808670044,521.590295702219,63,0,2.1731948648781785,0.0021137870474545123,,False
878,1252.198808670044,435.9196869581938,1342.6555252075195,478.7549913302064,49,2,2.2621332556700504,0.013042618920326326,,False
879,1161.7420921325684,435.9196869581938,1252.198808670044,478.7549913302064,51,0,1.443730238212043,-0.0005127503094160988,,False
880,1071.2853755950928,478.7549913302064,1161.7420921325684,521.590295702219,65,0,1.4392979714040086,0.004566807380091125,,False
881,980.8286590576172,478.7549913302064,1071.2853755950928,521.590295702219,49,2,2.960049157037438,0.0019209407062343801,,False
882,1071.2853755950928,435.9196869581938,1161.7420921325684,478.7549913302064,54,2,1.426223757163133,-0.0008500292200267306,,False
883,980.8286590576172,435.9196869581938,1071.2853755950928,478.7549913302064,47,0,2.248867863981757,0.002170502379732012,,False
884,1252.198808670044,393.08438258618116,1342.6555252075195,435.9196869581938,56,0,2.247734104460684,0.012526248846757253,,False
885,1161.7420921325684,393.08438258618116,1252.198808670044,435.9196869581938,52,2,1.4771707598921051,0.006606948997521594,,False
886,1252.198808670044,350.24907821416855,1342.6555252075195,393.08438258618116,75,0,1.454092351923244,0.004900039508190325,,False
887,1161.7420921325684,350.24907821416855,1252.198808670044,393.08438258618116,50,0,1.5279372799165274,0.010344452711110032,,False
888,1071.2853755950928,393.08438258618116,1161.7420921325684,435.9196869581938,57,0,1.4570694360445875,0.0003060449196317758,,False
889,980.8286590576172,393.08438258618116,1071.2853755950928,435.9196869581938,53,0,1.4373840851542985,0.0018864910270397065,,False
890,1071.2853755950928,350.24907821416855,1161.7420921325684,393.08438258618116,53,0,2.2177362487811103,0.004815177075640934,,False
891,980.8286590576172,350.24907821416855,1071.2853755950928,393.08438258618116,63,0,2.2898887537108914,0.0062154728092855965,,False
892,799.915225982666,607.2609044462442,980.8286590576172,692.9315131902695,196,0,1.4122827507139566,0.004049314657147482,,False
893,619.0017929077148,607.2609044462442,799.915225982666,692.9315131902695,121,3,1.157794779322242,0.4440773704684572,3.108772686117975,False
894,799.915225982666,521.590295702219,980.8286590576172,607.2609044462442,185,0,1.398312723961927,0.013809381052496931,,False
895,619.0017929077148,521.590295702219,799.915225982666,607.2609044462442,142,3,1.549315558444515,0.5271268924680086,2.601114499064054,False
896,799.915225982666,435.9196869581938,980.8286590576172,521.590295702219,152,0,1.4265674944623263,0.007497030846285881,,False
897,619.0017929077148,435.9196869581938,799.915225982666,521.590295702219,130,0,1.2627131960304436,0.11087465498191477,,False
898,799.915225982666,350.24907821416855,980.8286590576172,435.9196869581938,164,0,1.4009281254731039,0.012623770371579678,,False
899,619.0017929077148,350.24907821416855,799.915225982666,435.9196869581938,144,0,1.4295339935478601,0.009401746700655004,,False
900,257.1749267578125,350.24907821416855,619.0017929077148,521.590295702219,171,3,1.0440542484477364,0.4186021966522549,4.213665401375596,False
901,1523.5689582824707,264.5784694701433,1704.4823913574219,350.24907821416855,91,0,1.4164367409050311,0.0015667384943462365,,False
902,1342.6555252075195,264.5784694701433,1523.5689582824707,350.24907821416855,189,0,1.4022509700721224,0.010641867693008249,,False
903,1523.5689582824707,178.9078607261181,1704.4823913574219,264.5784694701433,51,0,2.3370060299901474,0.009668052443336203,,False
906,1161.7420921325684,307.41377384215593,1252.198808670044,350.24907821416855,54,0,1.418539056934053,-0.002034253831554959,,False
907,1252.198808670044,264.5784694701433,1342.6555252075195,307.41377384215593,38,0,2.3276924937903614,0.0035568430450465,,False
909,1071.2853755950928,307.41377384215593,1161.7420921325684,350.24907821416855,63,0,1.4035445995098579,0.01023158406429065,,False
911,1071.2853755950928,264.5784694701433,1161.7420921325684,307.41377384215593,46,2,2.4035115865922556,0.0029657700155485754,,False
912,980.8286590576172,264.5784694701433,1071.2853755950928,307.41377384215593,43,0,1.4435982794563633,0.0014810727714261358,,False
913,1161.7420921325684,178.9078607261181,1342.6555252075195,264.5784694701433,144,0,1.418116741483529,0.001342753726902289,,False
914,980.8286590576172,178.9078607261181,1161.7420921325684,264.5784694701433,137,0,1.412844181327417,0.010180531803869498,,False
915,1342.6555252075195,7.566643238067627,1704.4823913574219,178.9078607261181,100,0,2.105086461542361,0.007865855625883055,,False
916,980.8286590576172,7.566643238067627,1342.6555252075195,178.9078607261181,139,3,1.4652538631106737,0.17878568421417748,2.295037587408423,False
917,799.915225982666,264.5784694701433,980.8286590576172,350.24907821416855,168,0,1.3917591217217737,0.009013913530634705,,False
918,619.0017929077148,264.5784694701433,799.915225982666,350.24907821416855,113,0,1.4227994347039696,0.009087831160401506,,False
919,799.915225982666,178.9078607261181,980.8286590576172,264.5784694701433,181,0,1.4012267543661396,0.008090419621728889,,False
920,619.0017929077148,178.9078607261181,799.915225982666,264.5784694701433,70,0,1.4484849641995816,0.031507316784687586,,False
921,438.0883598327637,264.5784694701433,619.0017929077148,350.24907821416855,89,3,1.5676699652755506,0.5259853858979195,3.9173835159263364,False
923,257.1749267578125,178.9078607261181,438.0883598327637,264.5784694701433,18,3,8.892314185473467,0.3589656471504054,7.605238291055519,False
924,799.915225982666,93.23725198209286,980.8286590576172,178.9078607261181,60,3,1.495792530439674,0.07349267638434485,3.2361885349393895,False
925,619.0017929077148,93.23725198209286,799.915225982666,178.9078607261181,44,0,1.5296029160134745,0.01883683872702857,,False
926,799.915225982666,7.566643238067627,980.8286590576172,93.23725198209286,106,3,1.1343035480486112,0.1974115989056704,2.5220247831635287,False
927,619.0017929077148,7.566643238067627,799.915225982666,93.23725198209286,26,0,1.6554830279380053,0.017078553172249687,,False
929,257.1749267578125,93.23725198209286,438.0883598327637,178.9078607261181,85,3,1.183972820560765,0.3800602385959475,4.165363742716826,False
930,438.0883598327637,7.566643238067627,619.0017929077148,93.23725198209286,32,0,1.7738839065418883,0.03089552783913977,,False
931,257.1749267578125,7.566643238067627,438.0883598327637,93.23725198209286,86,3,1.3425995045850923,0.4609995477930943,3.6364157547744393,False
