model,level,noise_seed,query_idx,Dataset,spindle_time_ms,exact_best_dist,spindle_best_dist,spindle_best_rank,recall_at_eps_0.1,overlap_at_eps_0.1,recall_at_eps_0.25,overlap_at_eps_0.25,recall_at_eps_0.5,overlap_at_eps_0.5,recall_at_eps_1.0,overlap_at_eps_1.0,d_le_whole,d_block_over_eps,exact_noisy_best_rank,exact_noisy_recall_at_eps_0.1,exact_noisy_recall_at_eps_0.25,exact_noisy_recall_at_eps_0.5,exact_noisy_recall_at_eps_1.0
cell_subsample,0.0,0,0,xenium_human_lymph_node,1510.5421,93.6197,93.6197,1,1,1.0,1,1.0,1,1.0,1,0.8095,0.0,0.0,1,1,1,1,1
cell_subsample,0.0,0,1,xenium_human_lymph_node,1492.8696,56.8509,56.8509,1,1,1.0,1,1.0,1,1.0,1,0.975,0.0,0.0,1,1,1,1,1
cell_subsample,0.0,0,2,xenium_human_lymph_node,1490.7334,50.962,50.962,1,1,1.0,1,1.0,1,1.0,1,0.9423,0.0,0.0,1,1,1,1,1
cell_subsample,0.0,0,3,xenium_human_lymph_node,1493.3849,46.3401,46.3401,1,1,1.0,1,1.0,1,1.0,1,0.9277,0.0,0.0,1,1,1,1,1
cell_subsample,0.0,0,4,xenium_human_lymph_node,1420.3414,52.8463,52.8463,1,1,1.0,1,1.0,1,1.0,1,0.9153,0.0,0.0,1,1,1,1,1
cell_subsample,0.0,0,5,xenium_human_lymph_node,1579.4479,57.2226,57.2226,1,1,1.0,1,1.0,1,1.0,1,0.8715,0.0,0.0,1,1,1,1,1
cell_subsample,0.0,0,6,xenium_human_lymph_node,1601.9677,94.573,94.573,1,1,0.5,1,0.3333,1,0.4,1,0.7368,0.0,0.0,1,1,1,1,1
cell_subsample,0.0,0,7,xenium_human_lymph_node,1590.8761,95.1399,99.0293,2,0,0.0,0,0.0,0,0.0,1,0.25,0.0,0.0,1,1,1,1,1
cell_subsample,0.0,0,8,xenium_human_lymph_node,1514.5377,62.4029,62.4029,1,1,1.0,1,1.0,1,1.0,1,0.8446,0.0,0.0,1,1,1,1,1
cell_subsample,0.0,0,9,xenium_human_lymph_node,1458.212,56.3787,56.3787,1,1,1.0,1,1.0,1,1.0,1,0.9714,0.0,0.0,1,1,1,1,1
cell_subsample,0.0,0,10,xenium_human_lymph_node,1516.4811,64.6732,64.6732,1,1,1.0,1,1.0,1,1.0,1,1.0,0.0,0.0,1,1,1,1,1
cell_subsample,0.0,0,11,xenium_human_lymph_node,1514.2777,57.0123,57.0123,1,1,1.0,1,1.0,1,0.8571,1,0.9293,0.0,0.0,1,1,1,1,1
cell_subsample,0.0,0,12,xenium_human_lymph_node,1442.9095,99.337,99.337,1,1,0.5,1,0.6667,1,0.6,1,0.8033,0.0,0.0,1,1,1,1,1
cell_subsample,0.0,0,13,xenium_human_lymph_node,1469.4285,53.542,53.542,1,1,1.0,1,1.0,1,1.0,1,0.9813,0.0,0.0,1,1,1,1,1
cell_subsample,0.0,0,14,xenium_human_lymph_node,1460.7602,73.5679,73.5679,1,1,1.0,1,0.8889,1,0.9333,1,0.8429,0.0,0.0,1,1,1,1,1
cell_subsample,0.0,0,15,xenium_human_lymph_node,1457.5621,97.4644,97.4644,1,1,1.0,1,1.0,1,0.9286,1,0.7374,0.0,0.0,1,1,1,1,1
cell_subsample,0.0,0,16,xenium_human_lymph_node,1450.1819,51.1935,51.1935,1,1,1.0,1,1.0,1,1.0,1,0.9459,0.0,0.0,1,1,1,1,1
cell_subsample,0.0,0,17,xenium_human_lymph_node,1466.2967,66.0313,66.0313,1,1,1.0,1,1.0,1,1.0,1,0.9,0.0,0.0,1,1,1,1,1
cell_subsample,0.0,0,18,xenium_human_lymph_node,1456.6139,56.3622,56.3622,1,1,1.0,1,1.0,1,1.0,1,0.9118,0.0,0.0,1,1,1,1,1
cell_subsample,0.0,0,19,xenium_human_lymph_node,1438.1552,54.7547,54.7547,1,1,1.0,1,1.0,1,1.0,1,0.9773,0.0,0.0,1,1,1,1,1
cell_subsample,0.0,0,20,xenium_human_lymph_node,1446.4078,99.3431,99.3431,1,1,1.0,1,1.0,1,0.875,1,0.8545,0.0,0.0,1,1,1,1,1
cell_subsample,0.0,0,21,xenium_human_lymph_node,1451.8334,56.527,56.527,1,1,1.0,1,1.0,1,0.9231,1,0.9516,0.0,0.0,1,1,1,1,1
cell_subsample,0.0,0,22,xenium_human_lymph_node,1464.3468,96.5448,96.5448,1,1,1.0,1,1.0,1,1.0,1,0.9318,0.0,0.0,1,1,1,1,1
cell_subsample,0.0,0,23,xenium_human_lymph_node,1442.5337,92.1286,92.1286,1,1,1.0,1,1.0,1,1.0,1,0.8925,0.0,0.0,1,1,1,1,1
cell_subsample,0.0,0,24,xenium_human_lymph_node,1466.2659,52.8904,52.8904,1,1,1.0,1,1.0,1,1.0,1,0.8929,0.0,0.0,1,1,1,1,1
cell_subsample,0.0,0,25,xenium_human_lymph_node,1438.5898,48.9604,48.9604,1,1,1.0,1,1.0,1,1.0,1,0.931,0.0,0.0,1,1,1,1,1
cell_subsample,0.0,0,26,xenium_human_lymph_node,1443.6018,63.6542,63.6542,1,1,1.0,1,1.0,1,1.0,1,0.9344,0.0,0.0,1,1,1,1,1
cell_subsample,0.0,0,27,xenium_human_lymph_node,1440.551,59.148,59.148,1,1,1.0,1,1.0,1,1.0,1,0.9608,0.0,0.0,1,1,1,1,1
cell_subsample,0.0,0,28,xenium_human_lymph_node,1432.4935,50.4841,50.4841,1,1,1.0,1,1.0,1,1.0,1,0.9605,0.0,0.0,1,1,1,1,1
cell_subsample,0.0,0,29,xenium_human_lymph_node,1422.2808,65.4209,65.4209,1,1,1.0,1,1.0,1,1.0,1,0.9839,0.0,0.0,1,1,1,1,1
cell_subsample,0.0,0,30,xenium_human_lymph_node,1413.9626,45.812,45.812,1,1,1.0,1,1.0,1,1.0,1,0.963,0.0,0.0,1,1,1,1,1
cell_subsample,0.0,0,31,xenium_human_lymph_node,1474.4698,90.6601,90.6601,1,1,1.0,1,1.0,1,0.8333,1,0.8514,0.0,0.0,1,1,1,1,1
cell_subsample,0.0,0,32,xenium_human_lymph_node,1469.508,60.7504,60.7504,1,1,1.0,1,1.0,1,1.0,1,1.0,0.0,0.0,1,1,1,1,1
cell_subsample,0.0,0,33,xenium_human_lymph_node,1493.1335,76.3857,81.7253,4,0,0.0,0,0.0,0,0.0,1,0.5,0.0,0.0,1,1,1,1,1
cell_subsample,0.0,0,34,xenium_human_lymph_node,1448.8166,44.1298,44.1298,1,1,1.0,1,1.0,1,1.0,1,0.9333,0.0,0.0,1,1,1,1,1
cell_subsample,0.0,0,35,xenium_human_lymph_node,1416.4684,50.0516,50.0516,1,1,1.0,1,1.0,1,0.9524,1,0.8899,0.0,0.0,1,1,1,1,1
cell_subsample,0.0,0,36,xenium_human_lymph_node,1474.0628,60.3986,60.3986,1,1,1.0,1,1.0,1,1.0,1,0.9359,0.0,0.0,1,1,1,1,1
cell_subsample,0.0,0,37,xenium_human_lymph_node,1469.6116,52.1523,52.1523,1,1,1.0,1,1.0,1,1.0,1,0.9808,0.0,0.0,1,1,1,1,1
cell_subsample,0.0,0,38,xenium_human_lymph_node,1453.6337,47.1105,47.1105,1,1,1.0,1,1.0,1,0.9167,1,0.9649,0.0,0.0,1,1,1,1,1
cell_subsample,0.0,0,39,xenium_human_lymph_node,1427.9535,57.1556,57.1556,1,1,1.0,1,1.0,1,1.0,1,0.9385,0.0,0.0,1,1,1,1,1
cell_subsample,0.0,0,40,xenium_human_lymph_node,1422.5873,54.8418,54.8418,1,1,1.0,1,1.0,1,0.9444,1,0.9021,0.0,0.0,1,1,1,1,1
cell_subsample,0.0,0,41,xenium_human_lymph_node,1426.9855,71.2363,71.2363,1,1,1.0,1,1.0,1,0.9286,1,0.8343,0.0,0.0,1,1,1,1,1
cell_subsample,0.0,0,42,xenium_human_lymph_node,1577.6974,53.8966,53.8966,1,1,1.0,1,1.0,1,1.0,1,0.9304,0.0,0.0,1,1,1,1,1
cell_subsample,0.0,0,43,xenium_human_lymph_node,1501.2207,49.6057,49.6057,1,1,1.0,1,1.0,1,1.0,1,1.0,0.0,0.0,1,1,1,1,1
cell_subsample,0.0,0,44,xenium_human_lymph_node,1480.667,95.1399,95.1399,1,1,1.0,1,1.0,1,1.0,1,0.9574,0.0,0.0,1,1,1,1,1
cell_subsample,0.0,0,45,xenium_human_lymph_node,1442.5457,58.1405,58.1405,1,1,1.0,1,1.0,1,1.0,1,0.9388,0.0,0.0,1,1,1,1,1
cell_subsample,0.0,0,46,xenium_human_lymph_node,1437.0892,72.9522,72.9522,1,1,1.0,1,1.0,1,0.9,1,0.8182,0.0,0.0,1,1,1,1,1
cell_subsample,0.0,0,47,xenium_human_lymph_node,1455.0631,95.4536,95.4536,1,1,1.0,1,0.6667,1,0.7692,1,0.8313,0.0,0.0,1,1,1,1,1
cell_subsample,0.0,0,48,xenium_human_lymph_node,1431.6304,91.1799,91.1799,1,1,1.0,1,1.0,1,1.0,1,0.8228,0.0,0.0,1,1,1,1,1
cell_subsample,0.0,0,49,xenium_human_lymph_node,1450.8921,58.0803,58.0803,1,1,1.0,1,1.0,1,0.8696,1,0.8571,0.0,0.0,1,1,1,1,1
cell_subsample,0.0,0,50,xenium_human_lymph_node,1453.3783,68.2811,68.2811,1,1,1.0,1,0.6667,1,0.9,1,0.8983,0.0,0.0,1,1,1,1,1
cell_subsample,0.0,0,51,xenium_human_lymph_node,1438.9017,95.0873,95.0873,1,1,1.0,1,1.0,1,1.0,1,0.8649,0.0,0.0,1,1,1,1,1
cell_subsample,0.0,0,52,xenium_human_lymph_node,1466.4625,56.1298,56.1298,1,1,1.0,1,1.0,1,1.0,1,1.0,0.0,0.0,1,1,1,1,1
cell_subsample,0.0,0,53,xenium_human_lymph_node,1435.4694,51.4364,51.4364,1,1,1.0,1,1.0,1,0.9412,1,0.9223,0.0,0.0,1,1,1,1,1
cell_subsample,0.0,0,54,xenium_human_lymph_node,1423.8313,50.1012,50.1012,1,1,1.0,1,1.0,1,1.0,1,0.963,0.0,0.0,1,1,1,1,1
cell_subsample,0.0,0,55,xenium_human_lymph_node,1440.9182,50.6638,50.6638,1,1,1.0,1,1.0,1,1.0,1,0.9796,0.0,0.0,1,1,1,1,1
cell_subsample,0.0,0,56,xenium_human_lymph_node,1481.5587,47.7003,47.7003,1,1,1.0,1,1.0,1,1.0,1,0.9859,0.0,0.0,1,1,1,1,1
cell_subsample,0.0,0,57,xenium_human_lymph_node,1485.74,53.6257,53.6257,1,1,1.0,1,1.0,1,1.0,1,0.9231,0.0,0.0,1,1,1,1,1
cell_subsample,0.0,0,58,xenium_human_lymph_node,1461.6919,54.7787,54.7787,1,1,1.0,1,1.0,1,1.0,1,0.9726,0.0,0.0,1,1,1,1,1
cell_subsample,0.0,0,59,xenium_human_lymph_node,1484.7092,47.3972,47.3972,1,1,1.0,1,1.0,1,1.0,1,0.9706,0.0,0.0,1,1,1,1,1
cell_subsample,0.0,0,60,xenium_human_lymph_node,1516.815,103.5844,108.5762,3,0,0.0,0,0.0,0,0.0,1,0.75,0.0,0.0,1,1,1,1,1
cell_subsample,0.0,0,61,xenium_human_lymph_node,1486.7458,48.3149,48.3149,1,1,1.0,1,1.0,1,1.0,1,1.0,0.0,0.0,1,1,1,1,1
cell_subsample,0.0,0,62,xenium_human_lymph_node,1515.3693,49.5907,49.5907,1,1,1.0,1,1.0,1,1.0,1,0.9211,0.0,0.0,1,1,1,1,1
cell_subsample,0.0,0,63,xenium_human_lymph_node,1512.1896,53.3106,53.3106,1,1,1.0,1,1.0,1,0.9744,1,0.8451,0.0,0.0,1,1,1,1,1
cell_subsample,0.0,0,64,xenium_human_lymph_node,1476.1807,53.6778,53.6778,1,1,1.0,1,1.0,1,1.0,1,0.8689,0.0,0.0,1,1,1,1,1
cell_subsample,0.0,0,65,xenium_human_lymph_node,1463.7674,63.3858,63.3858,1,1,1.0,1,1.0,1,0.9714,1,0.8147,0.0,0.0,1,1,1,1,1
cell_subsample,0.0,0,66,xenium_human_lymph_node,1438.1714,63.7375,63.7375,1,1,1.0,1,1.0,1,1.0,1,0.942,0.0,0.0,1,1,1,1,1
cell_subsample,0.0,0,67,xenium_human_lymph_node,1464.429,47.1795,47.1795,1,1,1.0,1,1.0,1,1.0,1,0.9714,0.0,0.0,1,1,1,1,1
cell_subsample,0.0,0,68,xenium_human_lymph_node,1467.6474,55.8857,55.8857,1,1,1.0,1,1.0,1,0.95,1,0.8913,0.0,0.0,1,1,1,1,1
cell_subsample,0.0,0,69,xenium_human_lymph_node,1455.0788,94.0005,94.8301,2,0,0.0,1,0.5,1,0.6667,1,0.7976,0.0,0.0,1,1,1,1,1
cell_subsample,0.0,0,70,xenium_human_lymph_node,1438.7802,52.241,52.241,1,1,1.0,1,1.0,1,0.9565,1,0.8646,0.0,0.0,1,1,1,1,1
cell_subsample,0.0,0,71,xenium_human_lymph_node,1429.7407,46.2645,46.2645,1,1,1.0,1,1.0,1,1.0,1,1.0,0.0,0.0,1,1,1,1,1
cell_subsample,0.0,0,72,xenium_human_lymph_node,1418.4232,49.372,49.372,1,1,1.0,1,1.0,1,1.0,1,0.9706,0.0,0.0,1,1,1,1,1
cell_subsample,0.0,0,73,xenium_human_lymph_node,1725.6562,93.8224,93.8224,1,1,0.6667,1,0.8333,1,0.7333,1,0.8,0.0,0.0,1,1,1,1,1
cell_subsample,0.0,0,74,xenium_human_lymph_node,1480.6009,45.1987,45.1987,1,1,1.0,1,1.0,1,1.0,1,0.9405,0.0,0.0,1,1,1,1,1
cell_subsample,0.0,0,75,xenium_human_lymph_node,1434.7403,59.136,59.136,1,1,1.0,1,1.0,1,0.9667,1,0.9152,0.0,0.0,1,1,1,1,1
cell_subsample,0.0,0,76,xenium_human_lymph_node,1425.5797,52.6895,52.6895,1,1,1.0,1,1.0,1,1.0,1,0.9528,0.0,0.0,1,1,1,1,1
cell_subsample,0.0,0,77,xenium_human_lymph_node,1450.7048,51.0998,51.0998,1,1,1.0,1,1.0,1,0.9286,1,0.9479,0.0,0.0,1,1,1,1,1
cell_subsample,0.0,0,78,xenium_human_lymph_node,1431.2315,47.3882,47.3882,1,1,1.0,1,1.0,1,1.0,1,0.9706,0.0,0.0,1,1,1,1,1
cell_subsample,0.0,0,79,xenium_human_lymph_node,1466.8505,63.156,63.156,1,1,1.0,1,1.0,1,1.0,1,0.9208,0.0,0.0,1,1,1,1,1
cell_subsample,0.0,0,80,xenium_human_lymph_node,1452.3459,44.0226,44.0226,1,1,1.0,1,1.0,1,1.0,1,1.0,0.0,0.0,1,1,1,1,1
cell_subsample,0.0,0,81,xenium_human_lymph_node,1471.6117,54.1123,54.1123,1,1,1.0,1,1.0,1,1.0,1,0.9583,0.0,0.0,1,1,1,1,1
cell_subsample,0.0,0,82,xenium_human_lymph_node,1465.8354,54.1828,54.1828,1,1,1.0,1,1.0,1,1.0,1,0.9294,0.0,0.0,1,1,1,1,1
cell_subsample,0.0,0,83,xenium_human_lymph_node,1467.8386,53.6954,53.6954,1,1,1.0,1,1.0,1,1.0,1,0.9677,0.0,0.0,1,1,1,1,1
cell_subsample,0.0,0,84,xenium_human_lymph_node,1466.0868,67.3576,67.3576,1,1,1.0,1,1.0,1,1.0,1,0.8095,0.0,0.0,1,1,1,1,1
cell_subsample,0.0,0,85,xenium_human_lymph_node,1443.4284,52.5167,52.5167,1,1,1.0,1,1.0,1,1.0,1,0.9516,0.0,0.0,1,1,1,1,1
cell_subsample,0.0,0,86,xenium_human_lymph_node,1466.2248,52.6188,52.6188,1,1,1.0,1,1.0,1,1.0,1,0.9423,0.0,0.0,1,1,1,1,1
cell_subsample,0.0,0,87,xenium_human_lymph_node,1471.6953,79.6342,79.6342,1,1,1.0,1,1.0,1,0.973,1,0.85,0.0,0.0,1,1,1,1,1
cell_subsample,0.0,0,88,xenium_human_lymph_node,1474.2177,57.8073,57.8073,1,1,1.0,1,1.0,1,1.0,1,0.9143,0.0,0.0,1,1,1,1,1
cell_subsample,0.0,0,89,xenium_human_lymph_node,1466.9136,59.2967,59.2967,1,1,1.0,1,1.0,1,0.9231,1,0.8088,0.0,0.0,1,1,1,1,1
cell_subsample,0.0,0,90,xenium_human_lymph_node,1444.4246,89.6834,89.6834,1,1,1.0,1,0.8,1,0.9286,1,0.8677,0.0,0.0,1,1,1,1,1
cell_subsample,0.0,0,91,xenium_human_lymph_node,1426.628,51.8746,51.8746,1,1,1.0,1,1.0,1,1.0,1,0.9145,0.0,0.0,1,1,1,1,1
cell_subsample,0.0,0,92,xenium_human_lymph_node,1451.9698,57.9569,57.9569,1,1,1.0,1,1.0,1,1.0,1,0.8843,0.0,0.0,1,1,1,1,1
cell_subsample,0.0,0,93,xenium_human_lymph_node,1438.3789,63.7931,63.7931,1,1,1.0,1,1.0,1,1.0,1,0.9474,0.0,0.0,1,1,1,1,1
cell_subsample,0.0,0,94,xenium_human_lymph_node,1506.2428,54.9805,54.9805,1,1,1.0,1,1.0,1,0.9333,1,0.9462,0.0,0.0,1,1,1,1,1
cell_subsample,0.0,0,95,xenium_human_lymph_node,1438.5998,52.9306,52.9306,1,1,1.0,1,1.0,1,1.0,1,0.9375,0.0,0.0,1,1,1,1,1
cell_subsample,0.0,0,96,xenium_human_lymph_node,1444.2711,51.6752,51.6752,1,1,1.0,1,1.0,1,1.0,1,0.9608,0.0,0.0,1,1,1,1,1
cell_subsample,0.0,0,97,xenium_human_lymph_node,1508.1627,94.2516,94.2516,1,1,1.0,1,1.0,1,1.0,1,1.0,0.0,0.0,1,1,1,1,1
cell_subsample,0.0,0,98,xenium_human_lymph_node,1451.0635,94.7943,94.7943,1,1,0.5,1,0.625,1,0.8077,1,0.7943,0.0,0.0,1,1,1,1,1
cell_subsample,0.0,0,99,xenium_human_lymph_node,1460.5537,57.3673,57.3673,1,1,1.0,1,1.0,1,0.9091,1,0.9459,0.0,0.0,1,1,1,1,1
cell_subsample,0.9,0,0,xenium_human_lymph_node,1467.6013,93.6197,94.5986,2,0,1.0,1,1.0,1,1.0,1,0.8095,1.4645723643399229,3.5069456129657803,2,0,1,1,1
cell_subsample,0.9,0,1,xenium_human_lymph_node,1445.8636,56.8509,56.8509,1,1,1.0,1,1.0,1,1.0,1,0.975,2.089982907962615,1.8956660352679873,1,1,1,1,1
cell_subsample,0.9,0,2,xenium_human_lymph_node,1436.8828,50.962,50.962,1,1,1.0,1,1.0,1,1.0,1,0.9423,2.1312270087968055,1.459409053664645,1,1,1,1,1
cell_subsample,0.9,0,3,xenium_human_lymph_node,1465.5217,46.3401,47.5882,6,0,1.0,1,1.0,1,1.0,1,0.9277,2.079874292782622,2.001520540495201,6,0,1,1,1
cell_subsample,0.9,0,4,xenium_human_lymph_node,1490.7982,52.8463,52.8463,1,1,1.0,1,1.0,1,1.0,1,0.8983,2.044234213937744,2.729032784197102,1,1,1,1,1
cell_subsample,0.9,0,5,xenium_human_lymph_node,1504.3214,57.2226,58.7053,6,0,1.0,1,1.0,1,1.0,1,0.8492,2.1460637965050138,2.4674678559224286,6,0,1,1,1
cell_subsample,0.9,0,6,xenium_human_lymph_node,1463.0969,94.573,94.573,1,1,0.5,1,0.3333,1,0.4,1,0.7368,1.5151494290143994,4.367808405923852,4,0,0,1,1
cell_subsample,0.9,0,7,xenium_human_lymph_node,1447.845,95.1399,99.0293,2,0,0.0,0,0.0,0,0.0,1,0.25,1.457293756688504,4.2942369969349485,1,1,1,1,1
cell_subsample,0.9,0,8,xenium_human_lymph_node,1471.0448,62.4029,64.5591,14,0,1.0,0,1.0,1,0.9688,1,0.8187,1.9939864277955242,1.7501082495121094,14,0,0,1,1
cell_subsample,0.9,0,9,xenium_human_lymph_node,1491.1886,56.3787,56.3787,1,1,1.0,1,1.0,1,1.0,1,0.9429,1.9655755451755361,2.964394010400647,1,1,1,1,1
cell_subsample,0.9,0,10,xenium_human_lymph_node,1441.1627,64.6732,64.6732,1,1,1.0,1,1.0,1,1.0,1,0.9545,1.8905008256886418,1.6440003396462743,1,1,1,1,1
cell_subsample,0.9,0,11,xenium_human_lymph_node,1443.393,57.0123,57.0123,1,1,1.0,1,1.0,1,0.8571,1,0.8889,2.05082410685478,1.344980242432028,1,1,1,1,1
cell_subsample,0.9,0,12,xenium_human_lymph_node,1492.5367,99.337,99.337,1,1,0.5,1,0.6667,1,0.6,1,0.8033,1.4047669544519066,2.8452695428545858,2,1,1,1,1
cell_subsample,0.9,0,13,xenium_human_lymph_node,1609.6802,53.542,53.542,1,1,1.0,1,1.0,1,1.0,1,0.9533,2.1302124537009983,1.867679538016127,1,1,1,1,1
cell_subsample,0.9,0,14,xenium_human_lymph_node,1536.1699,73.5679,75.4227,12,0,0.6667,0,0.7778,1,0.8333,1,0.8048,1.6937743882198184,4.88731127590635,12,0,0,1,1
cell_subsample,0.9,0,15,xenium_human_lymph_node,1539.1681,97.4644,97.6648,3,1,1.0,1,1.0,1,0.9643,1,0.7318,1.4024966811347874,3.396155497564247,3,1,1,1,1
cell_subsample,0.9,0,16,xenium_human_lymph_node,1536.8064,51.1935,54.0146,10,0,1.0,0,1.0,1,1.0,1,0.973,2.1128563708739794,2.4519146985029594,10,0,0,1,1
cell_subsample,0.9,0,17,xenium_human_lymph_node,1532.5716,66.0313,66.0313,1,1,1.0,1,1.0,1,1.0,1,0.95,1.9598279058788965,3.203416983980388,1,1,1,1,1
cell_subsample,0.9,0,18,xenium_human_lymph_node,1500.353,56.3622,58.126,6,0,1.0,0,0.75,1,0.9231,1,0.8824,2.1310694423392462,2.937800428418358,6,0,0,1,1
cell_subsample,0.9,0,19,xenium_human_lymph_node,1437.2315,54.7547,55.51,3,0,1.0,1,1.0,1,1.0,1,0.9773,2.0876685278253935,1.6480981429626473,3,0,1,1,1
cell_subsample,0.9,0,20,xenium_human_lymph_node,1453.4651,99.3431,99.3431,1,1,1.0,1,1.0,1,0.875,1,0.8727,1.3610928527070856,2.834106416605113,1,1,1,1,1
cell_subsample,0.9,0,21,xenium_human_lymph_node,1513.7484,56.527,56.527,1,1,1.0,1,1.0,1,0.9231,1,0.9516,2.019823593964103,1.3924124849446535,1,1,1,1,1
cell_subsample,0.9,0,22,xenium_human_lymph_node,1468.8853,96.5448,96.5448,1,1,1.0,1,1.0,1,1.0,1,0.9091,1.380327355609824,2.59908900705735,1,1,1,1,1
cell_subsample,0.9,0,23,xenium_human_lymph_node,1459.5277,92.1286,92.1286,1,1,1.0,1,1.0,1,1.0,1,0.9032,1.4194442110335082,4.03982531205081,1,1,1,1,1
cell_subsample,0.9,0,24,xenium_human_lymph_node,1464.7024,52.8904,52.8904,1,1,1.0,1,1.0,1,1.0,1,0.9018,2.078311398555831,2.1831126400464833,1,1,1,1,1
cell_subsample,0.9,0,25,xenium_human_lymph_node,1447.0212,48.9604,48.9604,1,1,1.0,1,1.0,1,1.0,1,0.9655,1.9858430710631223,1.1250986528580187,1,1,1,1,1
cell_subsample,0.9,0,26,xenium_human_lymph_node,1467.406,63.6542,66.2568,13,0,1.0,0,1.0,1,1.0,1,0.9098,1.9497151648939048,3.8352899415201294,13,0,0,1,1
cell_subsample,0.9,0,27,xenium_human_lymph_node,1426.9532,59.148,59.148,1,1,1.0,1,1.0,1,1.0,1,0.9608,2.1242263035820677,2.303587132641041,1,1,1,1,1
cell_subsample,0.9,0,28,xenium_human_lymph_node,1439.3176,50.4841,50.4841,1,1,1.0,1,1.0,1,1.0,1,0.9605,2.195740060421497,2.3564153590805903,1,1,1,1,1
cell_subsample,0.9,0,29,xenium_human_lymph_node,1445.6861,65.4209,66.508,3,0,1.0,1,1.0,1,1.0,1,0.9839,2.014051003370568,2.0719892122063217,3,0,1,1,1
cell_subsample,0.9,0,30,xenium_human_lymph_node,1432.5459,45.812,45.812,1,1,1.0,1,1.0,1,1.0,1,0.9259,2.1346810934481204,2.577081274856786,1,1,1,1,1
cell_subsample,0.9,0,31,xenium_human_lymph_node,1434.9428,90.6601,90.6601,1,1,1.0,1,1.0,1,0.8333,1,0.8243,1.4625740012188915,2.6712188231566416,1,1,1,1,1
cell_subsample,0.9,0,32,xenium_human_lymph_node,1454.5407,60.7504,60.7504,1,1,1.0,1,1.0,1,1.0,1,1.0,2.1373131605702222,1.7416796065981117,1,1,1,1,1
cell_subsample,0.9,0,33,xenium_human_lymph_node,1485.7123,76.3857,84.0528,10,0,0.0,0,0.0,0,0.0,0,0.5,1.8809376026360616,5.046730014979043,1,1,1,1,1
cell_subsample,0.9,0,34,xenium_human_lymph_node,1510.9184,44.1298,44.1298,1,1,1.0,1,1.0,1,1.0,1,0.9333,2.1095500293349896,1.9343829616603057,1,1,1,1,1
cell_subsample,0.9,0,35,xenium_human_lymph_node,1542.3757,50.0516,50.1433,2,1,1.0,1,1.0,1,0.9524,1,0.8899,2.113852065146937,1.5988013141851336,2,1,1,1,1
cell_subsample,0.9,0,36,xenium_human_lymph_node,1678.0413,60.3986,60.3986,1,1,1.0,1,1.0,1,1.0,1,0.9231,2.0092764646528467,2.7844209633691235,1,1,1,1,1
cell_subsample,0.9,0,37,xenium_human_lymph_node,1586.1015,52.1523,52.1523,1,1,1.0,1,1.0,1,1.0,1,0.9615,2.0634084015007432,3.2565605891947618,1,1,1,1,1
cell_subsample,0.9,0,38,xenium_human_lymph_node,1577.9941,47.1105,47.1105,1,1,1.0,1,1.0,1,1.0,1,0.9474,2.186490791482608,2.528869155696596,1,1,1,1,1
cell_subsample,0.9,0,39,xenium_human_lymph_node,1608.218,57.1556,57.1556,1,1,1.0,1,1.0,1,1.0,1,0.9538,2.0647457517209524,1.3144479169103707,1,1,1,1,1
cell_subsample,0.9,0,40,xenium_human_lymph_node,1586.1412,54.8418,56.568,18,0,1.0,0,1.0,1,0.9444,1,0.8811,2.116227742958421,3.5283600009234615,18,0,0,1,1
cell_subsample,0.9,0,41,xenium_human_lymph_node,1613.6636,71.2363,73.0759,7,0,1.0,0,1.0,1,0.9286,1,0.8057,1.9491536624803074,1.9419599089147423,7,0,0,1,1
cell_subsample,0.9,0,42,xenium_human_lymph_node,1620.7299,53.8966,54.083,2,1,1.0,1,1.0,1,1.0,1,0.9304,2.0656874175951208,1.9679045810116873,2,1,1,1,1
cell_subsample,0.9,0,43,xenium_human_lymph_node,1573.5232,49.6057,49.6057,1,1,1.0,1,1.0,1,0.875,1,0.9615,2.110487372937255,1.199119556988169,1,1,1,1,1
cell_subsample,0.9,0,44,xenium_human_lymph_node,1562.9215,95.1399,95.4737,3,1,1.0,1,1.0,1,1.0,1,0.9574,1.404924815609823,3.5923229604682807,3,1,1,1,1
cell_subsample,0.9,0,45,xenium_human_lymph_node,1619.8555,58.1405,58.1405,1,1,1.0,1,1.0,1,1.0,1,0.9388,2.009743270018385,2.777013284064441,1,1,1,1,1
cell_subsample,0.9,0,46,xenium_human_lymph_node,1597.9076,72.9522,72.9522,1,1,1.0,1,1.0,1,0.8,1,0.8182,1.8452900580488059,1.453442343394791,1,1,1,1,1
cell_subsample,0.9,0,47,xenium_human_lymph_node,1555.6519,95.4536,95.4536,1,1,1.0,1,0.6667,1,0.7692,1,0.8313,1.5091560096199954,3.485574131655923,1,1,1,1,1
cell_subsample,0.9,0,48,xenium_human_lymph_node,1579.6368,91.1799,91.1799,1,1,1.0,1,1.0,1,1.0,1,0.8354,1.4803243931236187,5.113955013226512,207,0,0,0,0
cell_subsample,0.9,0,49,xenium_human_lymph_node,1614.0344,58.0803,58.3224,2,1,1.0,1,1.0,1,0.8261,1,0.85,2.0495610211245423,2.1275283453694103,2,1,1,1,1
cell_subsample,0.9,0,50,xenium_human_lymph_node,1649.4872,68.2811,68.2811,1,1,1.0,1,0.6667,1,0.9,1,0.9153,1.9651334946399888,1.335765517409048,1,1,1,1,1
cell_subsample,0.9,0,51,xenium_human_lymph_node,1598.2844,95.0873,96.787,8,0,1.0,0,1.0,1,1.0,1,0.8919,1.5293669530390317,3.8320178002571703,8,0,0,1,1
cell_subsample,0.9,0,52,xenium_human_lymph_node,1632.3098,56.1298,56.1298,1,1,1.0,1,1.0,1,1.0,1,1.0,2.107712081441636,2.6757611818236104,1,1,1,1,1
cell_subsample,0.9,0,53,xenium_human_lymph_node,1628.6898,51.4364,51.4364,1,1,1.0,1,1.0,1,0.9412,1,0.8544,2.070735438244167,2.1552118382746395,1,1,1,1,1
cell_subsample,0.9,0,54,xenium_human_lymph_node,1556.6034,50.1012,51.9391,4,0,1.0,0,1.0,1,1.0,1,0.963,2.15879701306473,2.8702681046294045,4,0,0,1,1
cell_subsample,0.9,0,55,xenium_human_lymph_node,1562.0047,50.6638,50.6638,1,1,1.0,1,1.0,1,1.0,1,0.9796,2.2042435409901913,2.3649393511750976,1,1,1,1,1
cell_subsample,0.9,0,56,xenium_human_lymph_node,1598.4571,47.7003,47.7561,2,1,1.0,1,1.0,1,1.0,1,0.9718,2.1718005680852968,1.350959592087251,2,1,1,1,1
cell_subsample,0.9,0,57,xenium_human_lymph_node,1599.062,53.6257,53.6257,1,1,1.0,1,1.0,1,1.0,1,0.9231,2.063862043583667,2.044195420916125,1,1,1,1,1
cell_subsample,0.9,0,58,xenium_human_lymph_node,1959.8888,54.7787,54.7787,1,1,1.0,1,1.0,1,1.0,1,0.9452,2.054868181620872,1.7841057296037088,1,1,1,1,1
cell_subsample,0.9,0,59,xenium_human_lymph_node,1492.0394,47.3972,48.5598,2,0,1.0,1,1.0,1,1.0,1,0.9706,2.13314924099227,2.945218719402992,2,0,1,1,1
cell_subsample,0.9,0,60,xenium_human_lymph_node,1518.6437,103.5844,109.0634,8,0,0.0,0,0.0,0,0.0,1,0.75,1.358863837439951,2.5573503977135372,1,1,1,1,1
cell_subsample,0.9,0,61,xenium_human_lymph_node,1524.6289,48.3149,48.3149,1,1,1.0,1,1.0,1,1.0,1,1.0,2.170865582085888,1.2513703136639915,1,1,1,1,1
cell_subsample,0.9,0,62,xenium_human_lymph_node,1517.7195,49.5907,49.9121,3,1,1.0,1,1.0,1,1.0,1,0.9342,2.0957097217673577,1.6752681625326882,3,1,1,1,1
cell_subsample,0.9,0,63,xenium_human_lymph_node,1519.0308,53.3106,53.3106,1,1,1.0,1,1.0,1,0.9744,1,0.8451,2.163654853750039,0.6861680744295467,1,1,1,1,1
cell_subsample,0.9,0,64,xenium_human_lymph_node,1486.2196,53.6778,54.1726,2,1,1.0,1,1.0,1,1.0,1,0.8361,2.017550471876866,1.7578029969918485,2,1,1,1,1
cell_subsample,0.9,0,65,xenium_human_lymph_node,1505.5738,63.3858,65.4801,16,0,1.0,0,1.0,1,0.9429,1,0.7759,1.910417265217551,3.8229104899766884,16,0,0,1,1
cell_subsample,0.9,0,66,xenium_human_lymph_node,1503.5513,63.7375,63.7375,1,1,1.0,1,1.0,1,1.0,1,0.942,1.9014190809828528,2.2250184384836844,1,1,1,1,1
cell_subsample,0.9,0,67,xenium_human_lymph_node,1502.4336,47.1795,47.1795,1,1,1.0,1,1.0,1,1.0,1,0.9429,2.176807134217454,3.1011151907795544,1,1,1,1,1
cell_subsample,0.9,0,68,xenium_human_lymph_node,1504.4831,55.8857,56.4226,4,1,1.0,1,1.0,1,0.95,1,0.8768,2.0571456259800125,2.6277878912214527,4,1,1,1,1
cell_subsample,0.9,0,69,xenium_human_lymph_node,1460.7896,94.0005,94.8301,2,0,0.0,1,0.5,1,0.6667,1,0.7976,1.4786613990088893,2.1385493720186,1,1,1,1,1
cell_subsample,0.9,0,70,xenium_human_lymph_node,1451.5231,52.241,52.3937,4,1,1.0,1,1.0,1,0.9348,1,0.8438,2.1916513876680406,2.3815488030647387,4,1,1,1,1
cell_subsample,0.9,0,71,xenium_human_lymph_node,1462.01,46.2645,47.8288,2,0,1.0,0,1.0,1,1.0,1,1.0,2.1032155433940476,1.8664824938446036,2,0,0,1,1
cell_subsample,0.9,0,72,xenium_human_lymph_node,1495.4234,49.372,49.372,1,1,1.0,1,1.0,1,1.0,1,0.9706,2.102167785391348,0.944305722822048,1,1,1,1,1
cell_subsample,0.9,0,73,xenium_human_lymph_node,1483.811,93.8224,94.3916,3,1,0.6667,1,0.8333,1,0.7333,1,0.7905,1.4860380436457472,2.211646777187355,2,1,1,1,1
cell_subsample,0.9,0,74,xenium_human_lymph_node,1532.4099,45.1987,45.1987,1,1,1.0,1,1.0,1,1.0,1,0.9405,2.102523979889547,2.2912505598545825,1,1,1,1,1
cell_subsample,0.9,0,75,xenium_human_lymph_node,1603.257,59.136,60.0913,6,0,1.0,1,1.0,1,0.9667,1,0.9152,2.1174574293148614,2.4195693736495287,6,0,1,1,1
cell_subsample,0.9,0,76,xenium_human_lymph_node,1619.3788,52.6895,52.6895,1,1,1.0,1,1.0,1,1.0,1,0.9434,2.1638344245009233,1.99617460178478,1,1,1,1,1
cell_subsample,0.9,0,77,xenium_human_lymph_node,1513.2967,51.0998,51.0998,1,1,1.0,1,1.0,1,0.9286,1,0.9479,2.219047715192221,1.39422100370473,1,1,1,1,1
cell_subsample,0.9,0,78,xenium_human_lymph_node,1461.2216,47.3882,47.3882,1,1,1.0,1,1.0,1,1.0,1,0.9706,2.1495261327663253,1.529799256367177,1,1,1,1,1
cell_subsample,0.9,0,79,xenium_human_lymph_node,1449.0359,63.156,65.7115,9,0,1.0,0,1.0,1,0.8462,1,0.8614,2.056106905454928,3.1568916468580714,9,0,0,1,1
cell_subsample,0.9,0,80,xenium_human_lymph_node,1464.3358,44.0226,44.0226,1,1,1.0,1,1.0,1,1.0,1,1.0,2.181950834249084,2.24630296766956,1,1,1,1,1
cell_subsample,0.9,0,81,xenium_human_lymph_node,1479.7918,54.1123,54.937,2,0,1.0,1,1.0,1,1.0,1,0.8958,2.1242944775979944,3.7240061393119417,2,0,1,1,1
cell_subsample,0.9,0,82,xenium_human_lymph_node,1473.2236,54.1828,55.5807,4,0,1.0,1,1.0,1,1.0,1,0.8824,2.1084075742842305,1.9937640287418859,4,0,1,1,1
cell_subsample,0.9,0,83,xenium_human_lymph_node,1461.1262,53.6954,53.6954,1,1,1.0,1,1.0,1,1.0,1,0.9677,1.9834121860514211,2.055611928842664,1,1,1,1,1
cell_subsample,0.9,0,84,xenium_human_lymph_node,1462.0601,67.3576,68.6726,4,0,1.0,1,1.0,1,1.0,1,0.8095,1.887091142557786,3.0607823913033694,4,0,1,1,1
cell_subsample,0.9,0,85,xenium_human_lymph_node,1484.1288,52.5167,54.5448,4,0,1.0,0,1.0,1,1.0,1,0.9516,2.1026835110161533,2.0774558150600413,4,0,0,1,1
cell_subsample,0.9,0,86,xenium_human_lymph_node,1453.13,52.6188,52.6188,1,1,1.0,1,1.0,1,1.0,1,0.9423,2.0921890348353536,2.5801610399913724,1,1,1,1,1
cell_subsample,0.9,0,87,xenium_human_lymph_node,1451.2556,79.6342,81.0285,6,0,1.0,1,1.0,1,0.973,1,0.8167,1.5760860953396076,3.111180709267134,6,0,1,1,1
cell_subsample,0.9,0,88,xenium_human_lymph_node,1458.2229,57.8073,58.2001,2,1,1.0,1,1.0,1,1.0,1,0.9286,2.1064847526880515,1.2667950354491841,2,1,1,1,1
cell_subsample,0.9,0,89,xenium_human_lymph_node,1450.8016,59.2967,59.9909,4,0,1.0,1,1.0,1,0.9038,1,0.7649,2.0787345882685284,2.880254603299467,4,0,1,1,1
cell_subsample,0.9,0,90,xenium_human_lymph_node,1462.6505,89.6834,90.114,2,1,1.0,1,0.8,1,0.8929,1,0.8571,1.5225518108157714,3.3131317941029694,2,1,1,1,1
cell_subsample,0.9,0,91,xenium_human_lymph_node,1474.7991,51.8746,51.8746,1,1,1.0,1,1.0,1,1.0,1,0.8974,2.201022466087836,0.9505501287915779,1,1,1,1,1
cell_subsample,0.9,0,92,xenium_human_lymph_node,1476.054,57.9569,57.9569,1,1,1.0,1,1.0,1,0.9412,1,0.8678,2.058151732998918,2.6423879250041318,1,1,1,1,1
cell_subsample,0.9,0,93,xenium_human_lymph_node,1410.434,63.7931,64.1076,2,1,1.0,1,1.0,1,1.0,1,0.9649,1.9896802661785784,2.239472434710825,2,1,1,1,1
cell_subsample,0.9,0,94,xenium_human_lymph_node,1449.5828,54.9805,54.9805,1,1,1.0,1,1.0,1,0.8667,1,0.8817,2.0945696243194547,2.620169396208017,1,1,1,1,1
cell_subsample,0.9,0,95,xenium_human_lymph_node,1410.922,52.9306,52.9306,1,1,1.0,1,1.0,1,1.0,1,0.9375,2.1012072586943296,2.7060559243531186,1,1,1,1,1
cell_subsample,0.9,0,96,xenium_human_lymph_node,1525.881,51.6752,51.6752,1,1,1.0,1,1.0,1,1.0,1,0.9216,2.0495105291300377,4.1430198943480026,1,1,1,1,1
cell_subsample,0.9,0,97,xenium_human_lymph_node,1507.3115,94.2516,94.2516,1,1,1.0,1,1.0,1,1.0,1,0.9792,1.4490484336325693,2.380913986393774,1,1,1,1,1
cell_subsample,0.9,0,98,xenium_human_lymph_node,1489.4612,94.7943,95.0482,2,1,1.0,1,0.875,1,0.9231,1,0.8134,1.5035042461728434,4.0488089655125385,2,1,1,1,1
cell_subsample,0.9,0,99,xenium_human_lymph_node,1568.0568,57.3673,59.9348,6,0,1.0,0,1.0,1,0.9091,1,0.9369,2.019411995798782,2.0553234430402063,6,0,0,1,1
cell_subsample,0.9,1,0,xenium_human_lymph_node,1499.4571,93.6197,94.5986,2,0,1.0,1,1.0,1,1.0,1,0.8333,1.4888626483344427,3.120931032545544,2,0,1,1,1
cell_subsample,0.9,1,1,xenium_human_lymph_node,1482.2441,56.8509,56.8509,1,1,1.0,1,1.0,1,1.0,1,0.975,2.1007860336506794,1.0953614556920555,1,1,1,1,1
cell_subsample,0.9,1,2,xenium_human_lymph_node,1489.4205,50.962,50.962,1,1,1.0,1,1.0,1,1.0,1,0.9615,2.0908634726294255,1.4045405672978113,1,1,1,1,1
cell_subsample,0.9,1,3,xenium_human_lymph_node,1486.3825,46.3401,46.6506,2,1,1.0,1,1.0,1,0.9524,1,0.9036,2.0460527116075338,3.2360520021374946,2,1,1,1,1
cell_subsample,0.9,1,4,xenium_human_lymph_node,1480.5636,52.8463,56.0003,5,0,1.0,0,1.0,0,1.0,1,0.8814,2.0607782990476884,2.857770338051844,5,0,0,0,1
cell_subsample,0.9,1,5,xenium_human_lymph_node,1457.6712,57.2226,57.2226,1,1,1.0,1,1.0,1,1.0,1,0.8492,2.099306834325285,1.0694524581315024,1,1,1,1,1
cell_subsample,0.9,1,6,xenium_human_lymph_node,1500.1493,94.573,94.573,1,1,0.5,1,0.3333,1,0.4,1,0.7368,1.4995682282043294,3.2171776942585386,3,0,1,1,1
cell_subsample,0.9,1,7,xenium_human_lymph_node,1476.2176,95.1399,99.0293,2,0,0.0,0,0.0,0,0.0,1,0.25,1.4307142403205628,1.847220739558465,1,1,1,1,1
cell_subsample,0.9,1,8,xenium_human_lymph_node,1502.4964,62.4029,65.8073,38,0,1.0,0,1.0,0,0.9375,1,0.8135,2.014447866518037,2.7118938229441905,38,0,0,0,1
cell_subsample,0.9,1,9,xenium_human_lymph_node,1501.51,56.3787,56.3787,1,1,1.0,1,1.0,1,1.0,1,0.9429,2.007507869576848,2.623117046217782,1,1,1,1,1
cell_subsample,0.9,1,10,xenium_human_lymph_node,1474.1378,64.6732,64.6732,1,1,1.0,1,1.0,1,1.0,1,1.0,1.9814974195983344,3.531553775916895,1,1,1,1,1
cell_subsample,0.9,1,11,xenium_human_lymph_node,1483.2976,57.0123,57.0123,1,1,1.0,1,1.0,1,0.8571,1,0.9091,2.006356180581568,1.5751801174504632,1,1,1,1,1
cell_subsample,0.9,1,12,xenium_human_lymph_node,1505.8308,99.337,99.337,1,1,0.5,1,0.6667,1,0.6,1,0.8033,1.4146803797620924,3.086571231895262,2,1,1,1,1
cell_subsample,0.9,1,13,xenium_human_lymph_node,1506.8076,53.542,54.3023,3,0,1.0,1,1.0,1,1.0,1,0.972,2.122715276618114,1.5600050412200075,3,0,1,1,1
cell_subsample,0.9,1,14,xenium_human_lymph_node,1510.2321,73.5679,74.0284,2,1,1.0,1,0.8889,1,0.9333,1,0.8238,1.6528650669912157,2.7749862831646004,2,1,1,1,1
cell_subsample,0.9,1,15,xenium_human_lymph_node,1482.4988,97.4644,99.1807,9,0,1.0,0,0.875,1,0.9286,1,0.7207,1.3786826329172306,3.6873026685257853,9,0,0,1,1
cell_subsample,0.9,1,16,xenium_human_lymph_node,1459.8927,51.1935,51.1935,1,1,1.0,1,1.0,1,1.0,1,0.9189,2.0618001234189696,2.23053137428675,1,1,1,1,1
cell_subsample,0.9,1,17,xenium_human_lymph_node,1523.7261,66.0313,66.0313,1,1,1.0,1,1.0,1,1.0,1,0.95,1.957108410984209,3.471259410142497,1,1,1,1,1
cell_subsample,0.9,1,18,xenium_human_lymph_node,1554.3171,56.3622,57.0178,3,0,1.0,1,1.0,1,1.0,1,0.8725,2.0521205919588144,2.613867256604964,3,0,1,1,1
cell_subsample,0.9,1,19,xenium_human_lymph_node,1532.3461,54.7547,54.7547,1,1,1.0,1,1.0,1,1.0,1,0.9773,2.0493307619122483,1.1884451221261627,1,1,1,1,1
cell_subsample,0.9,1,20,xenium_human_lymph_node,1489.3914,99.3431,100.1974,2,0,1.0,1,1.0,1,0.875,1,0.8545,1.3891607041114888,4.0345074300066095,2,0,1,1,1
cell_subsample,0.9,1,21,xenium_human_lymph_node,1455.0581,56.527,58.8295,8,0,1.0,0,1.0,1,0.9231,1,0.9355,2.078656197973558,2.41405036919728,8,0,0,1,1
cell_subsample,0.9,1,22,xenium_human_lymph_node,1431.8914,96.5448,96.5448,1,1,1.0,1,1.0,1,1.0,1,0.9318,1.3788646595044238,2.697484371023679,1,1,1,1,1
cell_subsample,0.9,1,23,xenium_human_lymph_node,1439.554,92.1286,92.3702,2,1,1.0,1,1.0,1,0.9231,1,0.871,1.3947997954432885,2.8551082024560057,2,1,1,1,1
cell_subsample,0.9,1,24,xenium_human_lymph_node,1458.1264,52.8904,54.6603,12,0,1.0,0,1.0,1,0.9565,1,0.8571,2.071536630281484,2.4953104333003497,12,0,0,1,1
cell_subsample,0.9,1,25,xenium_human_lymph_node,1500.5734,48.9604,49.8481,2,0,1.0,1,1.0,1,1.0,1,0.931,2.0608323274464775,1.5802097232943069,2,0,1,1,1
cell_subsample,0.9,1,26,xenium_human_lymph_node,1473.1425,63.6542,65.1828,5,0,1.0,1,1.0,1,1.0,1,0.9262,2.018144194862832,2.9920296704798317,5,0,1,1,1
cell_subsample,0.9,1,27,xenium_human_lymph_node,1528.5773,59.148,59.148,1,1,1.0,1,1.0,1,1.0,1,0.9412,2.0763027209223037,2.8018263825755496,1,1,1,1,1
cell_subsample,0.9,1,28,xenium_human_lymph_node,1476.8891,50.4841,54.7982,31,0,1.0,0,1.0,0,1.0,1,0.9605,2.25995310708273,2.3159332835291235,31,0,0,0,1
cell_subsample,0.9,1,29,xenium_human_lymph_node,1485.4123,65.4209,65.6916,2,1,1.0,1,1.0,1,1.0,1,0.9839,2.0578939684199677,2.259389265239827,2,1,1,1,1
cell_subsample,0.9,1,30,xenium_human_lymph_node,1534.0596,45.812,46.5063,2,0,1.0,1,1.0,1,1.0,1,0.963,2.1416008542981273,1.908257660612947,2,0,1,1,1
cell_subsample,0.9,1,31,xenium_human_lymph_node,1494.2662,90.6601,90.6601,1,1,1.0,1,1.0,1,0.8333,1,0.8243,1.4274595695775059,2.4276668660918372,1,1,1,1,1
cell_subsample,0.9,1,32,xenium_human_lymph_node,1495.6669,60.7504,60.7504,1,1,1.0,1,1.0,1,1.0,1,1.0,2.094631904328241,1.8894306450499574,1,1,1,1,1
cell_subsample,0.9,1,33,xenium_human_lymph_node,1469.2742,76.3857,84.0528,10,0,0.0,0,0.0,0,0.0,0,0.5,1.797286316891929,2.7925087696388933,1,1,1,1,1
cell_subsample,0.9,1,34,xenium_human_lymph_node,1478.7454,44.1298,44.1298,1,1,1.0,1,1.0,1,1.0,1,0.9333,2.1241982088146973,1.9904575232683377,1,1,1,1,1
cell_subsample,0.9,1,35,xenium_human_lymph_node,1524.7643,50.0516,54.3081,47,0,1.0,0,1.0,0,0.9524,1,0.8991,2.137048912583417,1.6083794963609268,47,0,0,0,1
cell_subsample,0.9,1,36,xenium_human_lymph_node,1566.1329,60.3986,60.3986,1,1,1.0,1,1.0,1,1.0,1,0.9231,1.9809677448232963,2.168307565739355,1,1,1,1,1
cell_subsample,0.9,1,37,xenium_human_lymph_node,1557.4705,52.1523,52.1523,1,1,1.0,1,1.0,1,1.0,1,0.9808,2.0846195579315445,2.1076140475408383,1,1,1,1,1
cell_subsample,0.9,1,38,xenium_human_lymph_node,1542.8007,47.1105,48.3104,3,0,1.0,1,1.0,1,0.9167,1,0.9649,2.1673281954669856,1.9712395669411926,3,0,1,1,1
cell_subsample,0.9,1,39,xenium_human_lymph_node,1503.5517,57.1556,57.1556,1,1,1.0,1,1.0,1,1.0,1,0.9231,2.11558018804057,3.748796928857224,1,1,1,1,1
cell_subsample,0.9,1,40,xenium_human_lymph_node,1612.3384,54.8418,55.163,5,1,1.0,1,1.0,1,0.9444,1,0.9091,2.0997761937605843,2.308580536938128,5,1,1,1,1
cell_subsample,0.9,1,41,xenium_human_lymph_node,1557.8832,71.2363,72.9242,4,0,1.0,0,1.0,1,0.9286,1,0.8,1.9500923813509055,2.9169954085233982,4,0,0,1,1
cell_subsample,0.9,1,42,xenium_human_lymph_node,1767.3557,53.8966,56.0265,15,0,1.0,0,1.0,1,1.0,1,0.913,2.0971900998941795,3.1343539900746142,15,0,0,1,1
cell_subsample,0.9,1,43,xenium_human_lymph_node,1465.3573,49.6057,49.6057,1,1,1.0,1,1.0,1,0.875,1,0.9423,2.060839007321237,1.9891570470332252,1,1,1,1,1
cell_subsample,0.9,1,44,xenium_human_lymph_node,1450.5678,95.1399,95.9767,6,0,1.0,1,1.0,1,0.9167,1,0.9362,1.440682086963347,3.6158206388901966,6,0,1,1,1
cell_subsample,0.9,1,45,xenium_human_lymph_node,1485.8428,58.1405,58.1405,1,1,1.0,1,1.0,1,1.0,1,0.9388,1.9799693000136733,2.5300728509003676,1,1,1,1,1
cell_subsample,0.9,1,46,xenium_human_lymph_node,1441.6889,72.9522,72.9522,1,1,1.0,1,1.0,1,0.7,1,0.7597,1.8875805416173632,3.2052540658169013,1,1,1,1,1
cell_subsample,0.9,1,47,xenium_human_lymph_node,1429.8065,95.4536,97.0331,4,0,1.0,0,0.6667,1,0.7692,1,0.8193,1.4361365304230393,4.06537322617982,4,0,0,1,1
cell_subsample,0.9,1,48,xenium_human_lymph_node,1443.3634,91.1799,92.1388,2,0,1.0,1,1.0,1,1.0,1,0.8354,1.413597257716549,2.4361083407534663,2,0,1,1,1
cell_subsample,0.9,1,49,xenium_human_lymph_node,1497.3152,58.0803,58.0803,1,1,1.0,1,1.0,1,0.8696,1,0.8571,2.0295143240378253,1.564977682023103,1,1,1,1,1
cell_subsample,0.9,1,50,xenium_human_lymph_node,1501.1398,68.2811,72.701,27,0,1.0,0,0.6667,0,0.9,1,0.8644,2.0070671943096334,4.011297979188547,27,0,0,0,1
cell_subsample,0.9,1,51,xenium_human_lymph_node,1449.636,95.0873,95.0873,1,1,1.0,1,1.0,1,1.0,1,0.8919,1.5566944189131193,4.773356563976942,11,0,0,0,1
cell_subsample,0.9,1,52,xenium_human_lymph_node,1467.344,56.1298,56.1298,1,1,1.0,1,1.0,1,1.0,1,1.0,2.1130946852293655,2.1903185903572147,1,1,1,1,1
cell_subsample,0.9,1,53,xenium_human_lymph_node,1466.991,51.4364,54.4449,16,0,1.0,0,1.0,1,0.9412,1,0.8932,2.0729832161007,1.5557368240042981,16,0,0,1,1
cell_subsample,0.9,1,54,xenium_human_lymph_node,1473.2004,50.1012,50.1012,1,1,1.0,1,1.0,1,1.0,1,0.9815,2.1714147070844905,3.0248047716999484,1,1,1,1,1
cell_subsample,0.9,1,55,xenium_human_lymph_node,1459.1051,50.6638,50.6638,1,1,1.0,1,1.0,1,1.0,1,0.9796,2.1657269901937806,1.6821701432727194,1,1,1,1,1
cell_subsample,0.9,1,56,xenium_human_lymph_node,1461.161,47.7003,49.8972,7,0,1.0,0,1.0,1,1.0,1,1.0,2.2139814231210386,2.2139644066122997,7,0,0,1,1
cell_subsample,0.9,1,57,xenium_human_lymph_node,1469.7998,53.6257,53.6257,1,1,1.0,1,1.0,1,1.0,1,0.9231,2.000816010336279,1.3085137367529571,1,1,1,1,1
cell_subsample,0.9,1,58,xenium_human_lymph_node,1421.8636,54.7787,54.9827,2,1,1.0,1,1.0,1,1.0,1,0.9452,2.084248628415494,1.9851321857354391,2,1,1,1,1
cell_subsample,0.9,1,59,xenium_human_lymph_node,1439.5426,47.3972,47.3972,1,1,1.0,1,1.0,1,1.0,1,0.9706,2.1550439057844804,2.3302736356997067,1,1,1,1,1
cell_subsample,0.9,1,60,xenium_human_lymph_node,1443.932,103.5844,111.2672,38,0,0.0,0,0.0,0,0.0,0,0.75,1.4104601724159476,5.025296324172614,1,1,1,1,1
cell_subsample,0.9,1,61,xenium_human_lymph_node,1416.313,48.3149,48.3149,1,1,1.0,1,1.0,1,1.0,1,0.9756,2.215187533448917,2.1626044341057926,1,1,1,1,1
cell_subsample,0.9,1,62,xenium_human_lymph_node,1486.3858,49.5907,49.9121,3,1,1.0,1,1.0,1,1.0,1,0.8816,2.130996553117607,1.978112173201707,3,1,1,1,1
cell_subsample,0.9,1,63,xenium_human_lymph_node,1480.2954,53.3106,56.8498,55,0,1.0,0,1.0,0,0.9744,1,0.784,2.127101203798363,2.2910178965628742,55,0,0,0,1
cell_subsample,0.9,1,64,xenium_human_lymph_node,1497.8618,53.6778,54.1726,2,1,1.0,1,1.0,1,1.0,1,0.8689,2.013849035392549,1.3112265547781465,2,1,1,1,1
cell_subsample,0.9,1,65,xenium_human_lymph_node,1583.662,63.3858,63.3858,1,1,1.0,1,1.0,1,0.9429,1,0.8147,1.9429553281043141,1.5608960592884462,1,1,1,1,1
cell_subsample,0.9,1,66,xenium_human_lymph_node,1628.237,63.7375,63.7375,1,1,1.0,1,1.0,1,1.0,1,0.9275,1.9451034972401697,1.820249813132844,1,1,1,1,1
cell_subsample,0.9,1,67,xenium_human_lymph_node,1559.8421,47.1795,47.1795,1,1,1.0,1,1.0,1,1.0,1,1.0,2.1837302350048406,2.084948632169092,1,1,1,1,1
cell_subsample,0.9,1,68,xenium_human_lymph_node,1561.7561,55.8857,56.3418,3,1,1.0,1,1.0,1,0.95,1,0.8333,2.093864111664721,3.3552272208304297,3,1,1,1,1
cell_subsample,0.9,1,69,xenium_human_lymph_node,1543.0861,94.0005,94.8301,2,0,0.0,1,0.5,1,0.75,1,0.7976,1.4931408134174704,2.639540327190413,1,1,1,1,1
cell_subsample,0.9,1,70,xenium_human_lymph_node,1610.8189,52.241,52.5254,5,1,1.0,1,1.0,1,0.9565,1,0.8698,2.220859140053442,2.173667337332235,5,1,1,1,1
cell_subsample,0.9,1,71,xenium_human_lymph_node,1578.7121,46.2645,46.2645,1,1,1.0,1,1.0,1,1.0,1,1.0,2.181795428927476,1.519417695819368,1,1,1,1,1
cell_subsample,0.9,1,72,xenium_human_lymph_node,1580.2425,49.372,49.372,1,1,1.0,1,1.0,1,1.0,1,1.0,2.156976354258989,2.1004607592975097,1,1,1,1,1
cell_subsample,0.9,1,73,xenium_human_lymph_node,1543.3034,93.8224,98.0671,36,0,0.6667,0,0.8333,0,0.6667,1,0.781,1.5085555085258173,4.170890717154608,2,1,1,1,1
cell_subsample,0.9,1,74,xenium_human_lymph_node,1533.487,45.1987,45.4492,2,1,1.0,1,1.0,1,1.0,1,0.9643,2.119247439283471,2.0297708525679825,2,1,1,1,1
cell_subsample,0.9,1,75,xenium_human_lymph_node,1510.5008,59.136,60.0913,6,0,1.0,1,1.0,1,0.9667,1,0.9152,2.0989011301671052,1.8727939346876719,6,0,1,1,1
cell_subsample,0.9,1,76,xenium_human_lymph_node,1537.3119,52.6895,53.5847,3,0,1.0,1,1.0,1,1.0,1,0.9245,2.107674752729745,1.4141673703238935,3,0,1,1,1
cell_subsample,0.9,1,77,xenium_human_lymph_node,1559.2695,51.0998,51.0998,1,1,1.0,1,1.0,1,0.9286,1,0.9479,2.1617298710179087,2.6772940179748335,1,1,1,1,1
cell_subsample,0.9,1,78,xenium_human_lymph_node,1538.4153,47.3882,48.0369,3,0,1.0,1,1.0,1,1.0,1,0.9853,2.1663177661761766,2.9403494464469406,3,0,1,1,1
cell_subsample,0.9,1,79,xenium_human_lymph_node,1541.2912,63.156,63.156,1,1,1.0,1,1.0,1,0.9231,1,0.901,2.0256612151030895,2.5647617702111645,1,1,1,1,1
cell_subsample,0.9,1,80,xenium_human_lymph_node,1582.0386,44.0226,44.0226,1,1,1.0,1,1.0,1,1.0,1,1.0,2.1654140184146127,2.0730766611858695,1,1,1,1,1
cell_subsample,0.9,1,81,xenium_human_lymph_node,1562.3973,54.1123,54.1123,1,1,1.0,1,1.0,1,1.0,1,0.9792,2.0819839544051586,2.681922417495235,1,1,1,1,1
cell_subsample,0.9,1,82,xenium_human_lymph_node,1453.8793,54.1828,54.1828,1,1,1.0,1,1.0,1,1.0,1,0.9294,2.084456293933749,0.963949743026542,1,1,1,1,1
cell_subsample,0.9,1,83,xenium_human_lymph_node,1478.5122,53.6954,53.6954,1,1,1.0,1,1.0,1,1.0,1,0.9677,2.0341240270225134,1.754157302266385,1,1,1,1,1
cell_subsample,0.9,1,84,xenium_human_lymph_node,1491.5549,67.3576,67.399,2,1,1.0,1,1.0,1,1.0,1,0.8016,1.8911831552486222,2.2388413008091907,2,1,1,1,1
cell_subsample,0.9,1,85,xenium_human_lymph_node,1493.5923,52.5167,52.5167,1,1,1.0,1,1.0,1,1.0,1,0.9677,2.065662859232035,0.9751879611220319,1,1,1,1,1
cell_subsample,0.9,1,86,xenium_human_lymph_node,1464.6311,52.6188,55.1526,2,0,1.0,0,1.0,1,1.0,1,0.9423,2.0976739978804257,2.336303322255354,2,0,0,1,1
cell_subsample,0.9,1,87,xenium_human_lymph_node,1458.4904,79.6342,81.6263,15,0,1.0,0,0.875,1,0.9189,1,0.8333,1.574301586444329,4.154218135894809,15,0,0,1,1
cell_subsample,0.9,1,88,xenium_human_lymph_node,1449.021,57.8073,58.2001,2,1,1.0,1,1.0,1,1.0,1,0.8714,2.1424894741080296,2.9885161387065664,2,1,1,1,1
cell_subsample,0.9,1,89,xenium_human_lymph_node,1496.0908,59.2967,61.1002,19,0,1.0,0,1.0,1,0.9038,1,0.7888,2.1002168690277987,2.2660622559139902,19,0,0,1,1
cell_subsample,0.9,1,90,xenium_human_lymph_node,1480.5226,89.6834,90.114,2,1,1.0,1,0.8,1,0.9286,1,0.8571,1.48766891542156,2.012503221817894,2,1,1,1,1
cell_subsample,0.9,1,91,xenium_human_lymph_node,1455.9758,51.8746,53.8958,5,0,1.0,0,1.0,1,1.0,1,0.8718,2.2251823942910955,2.1560970838966136,5,0,0,1,1
cell_subsample,0.9,1,92,xenium_human_lymph_node,1464.7515,57.9569,59.6487,3,0,1.0,0,1.0,1,0.9412,1,0.8595,2.0450450328533902,2.6028921186067624,3,0,0,1,1
cell_subsample,0.9,1,93,xenium_human_lymph_node,1444.8992,63.7931,64.613,4,0,1.0,1,0.8,1,0.9091,1,0.9298,2.0091299003419496,2.623746656976263,4,0,1,1,1
cell_subsample,0.9,1,94,xenium_human_lymph_node,1476.8097,54.9805,56.7567,5,0,1.0,0,1.0,1,0.9333,1,0.9032,2.08546888436051,2.3008693655471144,5,0,0,1,1
cell_subsample,0.9,1,95,xenium_human_lymph_node,1452.8025,52.9306,52.9306,1,1,1.0,1,1.0,1,1.0,1,0.9688,2.064491916480096,1.5997682771021888,1,1,1,1,1
cell_subsample,0.9,1,96,xenium_human_lymph_node,1451.2467,51.6752,51.6752,1,1,1.0,1,1.0,1,1.0,1,0.9412,2.0279188163048563,2.496600082622039,1,1,1,1,1
cell_subsample,0.9,1,97,xenium_human_lymph_node,1472.6098,94.2516,94.2516,1,1,1.0,1,1.0,1,1.0,1,1.0,1.4312104174883515,3.693613863229424,1,1,1,1,1
cell_subsample,0.9,1,98,xenium_human_lymph_node,1424.8058,94.7943,96.064,4,0,0.5,1,0.75,1,0.8846,1,0.8182,1.4450366776722983,2.834493616762943,4,0,1,1,1
cell_subsample,0.9,1,99,xenium_human_lymph_node,1409.7647,57.3673,59.341,4,0,1.0,0,1.0,1,1.0,1,0.9369,2.0313241771638086,1.8633169255225763,4,0,0,1,1
cell_subsample,0.9,2,0,xenium_human_lymph_node,1590.3847,93.6197,94.5986,2,0,1.0,1,1.0,1,1.0,1,0.8095,1.4430668022524467,2.36143166289677,2,0,1,1,1
cell_subsample,0.9,2,1,xenium_human_lymph_node,1561.4927,56.8509,56.8509,1,1,1.0,1,1.0,1,1.0,1,0.95,2.1397271494281203,3.180601038336418,1,1,1,1,1
cell_subsample,0.9,2,2,xenium_human_lymph_node,1555.1873,50.962,50.962,1,1,1.0,1,1.0,1,1.0,1,0.9423,2.165293780668944,2.271842334617552,1,1,1,1,1
cell_subsample,0.9,2,3,xenium_human_lymph_node,1484.5351,46.3401,46.6506,2,1,1.0,1,1.0,1,1.0,1,0.9157,2.0695825704474595,2.495602585175908,2,1,1,1,1
cell_subsample,0.9,2,4,xenium_human_lymph_node,1473.853,52.8463,52.8463,1,1,1.0,1,1.0,1,1.0,1,0.9153,2.0387635929767143,2.1368062315394103,1,1,1,1,1
cell_subsample,0.9,2,5,xenium_human_lymph_node,1486.2796,57.2226,58.3357,3,0,1.0,1,1.0,1,1.0,1,0.838,2.089616693652277,3.1263210855299173,3,0,1,1,1
cell_subsample,0.9,2,6,xenium_human_lymph_node,1463.973,94.573,94.573,1,1,0.5,1,0.3333,1,0.4,1,0.7368,1.4877621389678344,3.090376645909207,1,1,1,1,1
cell_subsample,0.9,2,7,xenium_human_lymph_node,1443.5394,95.1399,99.0293,2,0,0.0,0,0.0,0,0.0,1,0.25,1.4680494356190863,3.443489856333111,1,1,1,1,1
cell_subsample,0.9,2,8,xenium_human_lymph_node,1471.0283,62.4029,64.4396,12,0,1.0,0,1.0,1,0.9375,1,0.8031,2.0695448488017596,2.4550970741293883,12,0,0,1,1
cell_subsample,0.9,2,9,xenium_human_lymph_node,1480.592,56.3787,56.3787,1,1,1.0,1,1.0,1,1.0,1,0.9429,2.008932058168929,1.5082268201330924,1,1,1,1,1
cell_subsample,0.9,2,10,xenium_human_lymph_node,1477.9868,64.6732,64.6732,1,1,1.0,1,1.0,1,1.0,1,1.0,1.8875950801683101,1.1620004997046778,1,1,1,1,1
cell_subsample,0.9,2,11,xenium_human_lymph_node,1504.7535,57.0123,57.0123,1,1,1.0,1,1.0,1,0.8571,1,0.9091,2.1142577693051168,2.419099649331281,1,1,1,1,1
cell_subsample,0.9,2,12,xenium_human_lymph_node,1507.7846,99.337,99.337,1,1,0.5,1,0.6667,1,0.6,1,0.8033,1.3947842745578183,2.7058510892186436,2,1,1,1,1
cell_subsample,0.9,2,13,xenium_human_lymph_node,1473.3771,53.542,54.5235,4,0,1.0,1,1.0,1,1.0,1,0.9439,2.1119439785686094,2.6144075434446945,4,0,1,1,1
cell_subsample,0.9,2,14,xenium_human_lymph_node,1461.3176,73.5679,74.2591,5,0,1.0,1,0.8889,1,0.9333,1,0.8429,1.6585887373254835,1.8753123049468186,5,0,1,1,1
cell_subsample,0.9,2,15,xenium_human_lymph_node,1451.0201,97.4644,97.663,2,1,1.0,1,0.875,1,0.8929,1,0.6927,1.397429603195986,4.5796290046518005,123,0,0,0,1
cell_subsample,0.9,2,16,xenium_human_lymph_node,1465.6703,51.1935,51.1935,1,1,1.0,1,1.0,1,1.0,1,0.9595,2.1058091030028305,1.968647084420313,1,1,1,1,1
cell_subsample,0.9,2,17,xenium_human_lymph_node,1462.2167,66.0313,66.0313,1,1,1.0,1,1.0,1,1.0,1,0.9,1.9371029719474762,2.914264714037084,1,1,1,1,1
cell_subsample,0.9,2,18,xenium_human_lymph_node,1461.9829,56.3622,56.3622,1,1,1.0,1,1.0,1,1.0,1,0.9216,2.063858703646287,1.6420146308418901,1,1,1,1,1
cell_subsample,0.9,2,19,xenium_human_lymph_node,1443.0603,54.7547,55.3867,2,0,1.0,1,1.0,1,1.0,1,0.9773,2.079807494035028,1.7676877005709677,2,0,1,1,1
cell_subsample,0.9,2,20,xenium_human_lymph_node,1446.6385,99.3431,100.1974,2,0,1.0,1,1.0,1,0.875,1,0.8545,1.3661339970144681,3.533577465082775,2,0,1,1,1
cell_subsample,0.9,2,21,xenium_human_lymph_node,1772.7959,56.527,57.6654,3,0,1.0,1,1.0,1,0.9231,1,0.9516,2.024012661305855,1.7971672079682603,3,0,1,1,1
cell_subsample,0.9,2,22,xenium_human_lymph_node,1512.1274,96.5448,96.5448,1,1,1.0,1,1.0,1,1.0,1,0.9318,1.4331506264055953,3.0268614944130237,1,1,1,1,1
cell_subsample,0.9,2,23,xenium_human_lymph_node,1569.481,92.1286,92.3787,3,1,1.0,1,1.0,1,1.0,1,0.9032,1.4114022312239252,2.131851554309788,3,1,1,1,1
cell_subsample,0.9,2,24,xenium_human_lymph_node,1560.316,52.8904,54.4078,7,0,1.0,1,1.0,1,1.0,1,0.8839,2.1228571257232987,2.9452113659480945,7,0,1,1,1
cell_subsample,0.9,2,25,xenium_human_lymph_node,1476.8453,48.9604,49.8481,2,0,1.0,1,1.0,1,1.0,1,0.9655,2.0513423865493463,2.5740501722329503,2,0,1,1,1
cell_subsample,0.9,2,26,xenium_human_lymph_node,1440.1595,63.6542,67.5453,30,0,1.0,0,1.0,0,1.0,1,0.9098,1.954864758932675,2.938476083068978,30,0,0,0,1
cell_subsample,0.9,2,27,xenium_human_lymph_node,1430.4829,59.148,59.148,1,1,1.0,1,1.0,1,1.0,1,0.9412,2.0849594456766543,2.2869089676692638,1,1,1,1,1
cell_subsample,0.9,2,28,xenium_human_lymph_node,1425.6406,50.4841,51.1921,3,0,1.0,1,1.0,1,1.0,1,0.9605,2.220667191887562,1.8536335788636815,3,0,1,1,1
cell_subsample,0.9,2,29,xenium_human_lymph_node,1452.325,65.4209,65.6916,2,1,1.0,1,1.0,1,0.9167,1,0.9516,1.9793470893265273,1.9484638468222257,2,1,1,1,1
cell_subsample,0.9,2,30,xenium_human_lymph_node,1442.8245,45.812,45.812,1,1,1.0,1,1.0,1,1.0,1,0.963,2.1293586085332254,1.5997033662067814,1,1,1,1,1
cell_subsample,0.9,2,31,xenium_human_lymph_node,1457.0631,90.6601,91.5404,2,0,1.0,1,1.0,1,0.8333,1,0.8649,1.4494170055457636,3.5138114183076383,2,0,1,1,1
cell_subsample,0.9,2,32,xenium_human_lymph_node,1432.1476,60.7504,60.7504,1,1,1.0,1,1.0,1,1.0,1,0.9706,2.141524035738394,1.3160090298914806,1,1,1,1,1
cell_subsample,0.9,2,33,xenium_human_lymph_node,1454.1462,76.3857,82.6856,8,0,0.0,0,0.0,0,0.0,0,0.5,1.856090040266395,2.6960214968039,1,1,1,1,1
cell_subsample,0.9,2,34,xenium_human_lymph_node,1458.2429,44.1298,44.1298,1,1,1.0,1,1.0,1,1.0,1,0.8667,2.132915248908787,2.31497601900183,1,1,1,1,1
cell_subsample,0.9,2,35,xenium_human_lymph_node,1451.8111,50.0516,52.2209,11,0,1.0,0,1.0,1,0.9524,1,0.8991,2.1272304790216476,1.4777337472605085,11,0,0,1,1
cell_subsample,0.9,2,36,xenium_human_lymph_node,1454.1396,60.3986,60.9433,2,1,1.0,1,1.0,1,1.0,1,0.9359,1.9938331836098677,3.0317377240514176,2,1,1,1,1
cell_subsample,0.9,2,37,xenium_human_lymph_node,1448.4108,52.1523,54.1213,3,0,1.0,0,1.0,1,1.0,1,0.9615,2.139347771835168,3.0008978701422433,3,0,0,1,1
cell_subsample,0.9,2,38,xenium_human_lymph_node,1441.9607,47.1105,47.1105,1,1,1.0,1,1.0,1,0.9167,1,0.9649,2.1568904982216406,1.3416735986343329,1,1,1,1,1
cell_subsample,0.9,2,39,xenium_human_lymph_node,1423.2035,57.1556,57.1556,1,1,1.0,1,1.0,1,1.0,1,0.9308,2.095722688583067,2.348292718202932,1,1,1,1,1
cell_subsample,0.9,2,40,xenium_human_lymph_node,1440.7397,54.8418,54.9753,3,1,1.0,1,1.0,1,0.9167,1,0.8741,2.0917204612676734,2.780924090992978,3,1,1,1,1
cell_subsample,0.9,2,41,xenium_human_lymph_node,1475.07,71.2363,76.3043,82,0,1.0,0,1.0,0,0.9286,1,0.8114,1.9271882696024096,3.5228132098975173,82,0,0,0,1
cell_subsample,0.9,2,42,xenium_human_lymph_node,1472.3431,53.8966,57.8218,40,0,1.0,0,1.0,0,0.96,1,0.9043,2.095628580935722,2.6317904444499827,40,0,0,0,1
cell_subsample,0.9,2,43,xenium_human_lymph_node,1445.1154,49.6057,49.6057,1,1,1.0,1,1.0,1,0.875,1,0.9231,2.0385331372975153,0.8070574989140546,1,1,1,1,1
cell_subsample,0.9,2,44,xenium_human_lymph_node,1456.4739,95.1399,95.9767,6,0,1.0,1,1.0,1,1.0,1,0.9574,1.413343913642954,3.796988060145221,6,0,1,1,1
cell_subsample,0.9,2,45,xenium_human_lymph_node,1437.4288,58.1405,58.1405,1,1,1.0,1,1.0,1,1.0,1,0.9592,2.065764629088663,2.4715462414578524,1,1,1,1,1
cell_subsample,0.9,2,46,xenium_human_lymph_node,1465.7341,72.9522,72.9522,1,1,1.0,1,1.0,1,0.9,1,0.8571,1.8893377416128903,2.551381790737654,1,1,1,1,1
cell_subsample,0.9,2,47,xenium_human_lymph_node,1461.1359,95.4536,97.0331,4,0,1.0,0,0.6667,1,0.7692,1,0.8193,1.4656777853791483,3.4774093243620436,4,0,0,1,1
cell_subsample,0.9,2,48,xenium_human_lymph_node,1492.1098,91.1799,91.1799,1,1,1.0,1,1.0,1,1.0,1,0.8481,1.53852231079748,3.6234935246492994,1,1,1,1,1
cell_subsample,0.9,2,49,xenium_human_lymph_node,1445.6764,58.0803,58.0803,1,1,1.0,1,1.0,1,0.8696,1,0.8357,2.073847474014421,3.094170134419562,1,1,1,1,1
cell_subsample,0.9,2,50,xenium_human_lymph_node,1420.6482,68.2811,68.2811,1,1,1.0,1,0.6667,1,0.9,1,0.9237,1.9679180200801278,1.8896380305229878,1,1,1,1,1
cell_subsample,0.9,2,51,xenium_human_lymph_node,1455.0783,95.0873,96.1652,3,0,1.0,1,1.0,1,1.0,1,0.8919,1.5484292526998111,5.261732271314163,11,0,0,0,1
cell_subsample,0.9,2,52,xenium_human_lymph_node,1431.6781,56.1298,56.1298,1,1,1.0,1,1.0,1,1.0,1,1.0,2.1295694175219553,1.7433385609848795,1,1,1,1,1
cell_subsample,0.9,2,53,xenium_human_lymph_node,1479.4483,51.4364,51.4364,1,1,1.0,1,1.0,1,1.0,1,0.9126,2.063694064380159,1.3198046520036697,1,1,1,1,1
cell_subsample,0.9,2,54,xenium_human_lymph_node,1502.4745,50.1012,50.1012,1,1,1.0,1,1.0,1,1.0,1,0.9259,2.159161459172926,2.805354632790244,1,1,1,1,1
cell_subsample,0.9,2,55,xenium_human_lymph_node,1471.0034,50.6638,50.6638,1,1,1.0,1,1.0,1,1.0,1,0.9796,2.147557730848259,1.6815935449395696,1,1,1,1,1
cell_subsample,0.9,2,56,xenium_human_lymph_node,1462.7339,47.7003,47.7003,1,1,1.0,1,1.0,1,1.0,1,0.9718,2.2124790407008916,1.2224144915150141,1,1,1,1,1
cell_subsample,0.9,2,57,xenium_human_lymph_node,1425.6009,53.6257,53.6257,1,1,1.0,1,1.0,1,1.0,1,0.9231,2.027427059642423,2.1928537081711905,1,1,1,1,1
cell_subsample,0.9,2,58,xenium_human_lymph_node,1464.9954,54.7787,54.9827,2,1,1.0,1,1.0,1,1.0,1,0.8904,2.077892138181227,2.3016269191544265,2,1,1,1,1
cell_subsample,0.9,2,59,xenium_human_lymph_node,1499.1972,47.3972,52.5538,19,0,1.0,0,1.0,0,1.0,1,0.9412,2.1190435066364053,2.9491143401251554,19,0,0,0,1
cell_subsample,0.9,2,60,xenium_human_lymph_node,1506.6694,103.5844,108.8557,5,0,0.0,0,0.0,0,0.0,1,0.75,1.3620632027493385,2.6823833749777477,1,1,1,1,1
cell_subsample,0.9,2,61,xenium_human_lymph_node,1493.1578,48.3149,53.7768,29,0,1.0,0,1.0,0,1.0,1,1.0,2.229654177508693,4.067288394419912,29,0,0,0,1
cell_subsample,0.9,2,62,xenium_human_lymph_node,1453.6669,49.5907,49.9121,3,1,1.0,1,1.0,1,0.9333,1,0.8684,2.1381255512211057,1.8490447758062558,3,1,1,1,1
cell_subsample,0.9,2,63,xenium_human_lymph_node,1437.6023,53.3106,53.3106,1,1,1.0,1,1.0,1,0.9744,1,0.8451,2.107178477328504,1.5699038459553323,1,1,1,1,1
cell_subsample,0.9,2,64,xenium_human_lymph_node,1452.1051,53.6778,59.0675,83,0,1.0,0,1.0,0,0.9444,1,0.8197,2.1022831114644,3.1023975966660973,83,0,0,0,1
cell_subsample,0.9,2,65,xenium_human_lymph_node,1444.989,63.3858,63.3858,1,1,1.0,1,0.875,1,0.9429,1,0.819,1.9645036217435599,1.5708343375785723,1,1,1,1,1
cell_subsample,0.9,2,66,xenium_human_lymph_node,1472.9952,63.7375,63.7375,1,1,1.0,1,1.0,1,1.0,1,0.9565,1.885517639118142,2.221050683037135,1,1,1,1,1
cell_subsample,0.9,2,67,xenium_human_lymph_node,1449.6635,47.1795,47.1795,1,1,1.0,1,1.0,1,1.0,1,1.0,2.1891114635242377,1.428619011892416,1,1,1,1,1
cell_subsample,0.9,2,68,xenium_human_lymph_node,1445.6581,55.8857,57.9616,9,0,1.0,0,1.0,1,0.95,1,0.8696,2.092403969629082,2.125862302750912,9,0,0,1,1
cell_subsample,0.9,2,69,xenium_human_lymph_node,1410.5641,94.0005,94.8301,2,0,0.0,1,0.5,1,0.6667,1,0.7738,1.4464642062017594,3.1963361504231296,8,0,0,1,1
cell_subsample,0.9,2,70,xenium_human_lymph_node,1439.0253,52.241,52.3455,3,1,1.0,1,1.0,1,0.9348,1,0.8542,2.173139490040744,1.930677190438631,3,1,1,1,1
cell_subsample,0.9,2,71,xenium_human_lymph_node,1437.6348,46.2645,46.2645,1,1,1.0,1,1.0,1,1.0,1,1.0,2.133268299936511,2.0891421682921556,1,1,1,1,1
cell_subsample,0.9,2,72,xenium_human_lymph_node,1467.7783,49.372,49.372,1,1,1.0,1,1.0,1,1.0,1,0.9706,2.106887902776471,1.591201000627728,1,1,1,1,1
cell_subsample,0.9,2,73,xenium_human_lymph_node,1514.067,93.8224,94.6553,4,0,0.6667,1,0.8333,1,0.7333,1,0.8,1.5731599172611885,3.9736599560903727,10,0,0,1,1
cell_subsample,0.9,2,74,xenium_human_lymph_node,1553.3326,45.1987,45.4492,2,1,1.0,1,1.0,1,1.0,1,0.9524,2.076722767164526,2.905036262879737,2,1,1,1,1
cell_subsample,0.9,2,75,xenium_human_lymph_node,1526.8819,59.136,62.1021,28,0,1.0,0,1.0,1,1.0,1,0.8788,2.128235014305316,3.5796694002733958,28,0,0,1,1
cell_subsample,0.9,2,76,xenium_human_lymph_node,1542.6905,52.6895,52.6895,1,1,1.0,1,1.0,1,1.0,1,0.9245,2.1071694398508884,2.0563057303111294,1,1,1,1,1
cell_subsample,0.9,2,77,xenium_human_lymph_node,1537.1279,51.0998,52.6557,4,0,1.0,0,1.0,1,0.9286,1,0.9271,2.2179862045061935,3.7234686963681325,4,0,0,1,1
cell_subsample,0.9,2,78,xenium_human_lymph_node,1546.1412,47.3882,47.6048,2,1,1.0,1,1.0,1,1.0,1,0.9706,2.0991695039589087,1.9832863568228276,2,1,1,1,1
cell_subsample,0.9,2,79,xenium_human_lymph_node,1612.2179,63.156,63.5254,2,1,1.0,1,1.0,1,0.8462,1,0.8911,2.0518107636501215,3.5349246300111528,2,1,1,1,1
cell_subsample,0.9,2,80,xenium_human_lymph_node,1564.3782,44.0226,44.0226,1,1,1.0,1,1.0,1,1.0,1,1.0,2.1764004477247507,1.5377684951749233,1,1,1,1,1
cell_subsample,0.9,2,81,xenium_human_lymph_node,1531.0285,54.1123,54.1123,1,1,1.0,1,1.0,1,1.0,1,0.9375,2.0852028681715624,2.9654346899417297,1,1,1,1,1
cell_subsample,0.9,2,82,xenium_human_lymph_node,1539.3866,54.1828,54.1828,1,1,1.0,1,1.0,1,1.0,1,0.8941,2.0720810400743734,2.7900318665409074,1,1,1,1,1
cell_subsample,0.9,2,83,xenium_human_lymph_node,1523.5608,53.6954,53.6954,1,1,1.0,1,1.0,1,1.0,1,0.9677,1.9880307300468203,1.8752695326090578,1,1,1,1,1
cell_subsample,0.9,2,84,xenium_human_lymph_node,1534.4646,67.3576,67.399,2,1,1.0,1,1.0,1,1.0,1,0.8175,1.8077132084575163,1.8958348853605982,2,1,1,1,1
cell_subsample,0.9,2,85,xenium_human_lymph_node,1555.0439,52.5167,53.4589,3,0,1.0,1,1.0,1,1.0,1,0.9516,2.070901649245533,1.6844170904167515,3,0,1,1,1
cell_subsample,0.9,2,86,xenium_human_lymph_node,1520.5434,52.6188,52.6188,1,1,1.0,1,1.0,1,1.0,1,0.9423,2.088531999871496,2.4280654113498286,1,1,1,1,1
cell_subsample,0.9,2,87,xenium_human_lymph_node,1559.1754,79.6342,80.1591,2,1,1.0,1,1.0,1,1.0,1,0.8167,1.6112325510864576,4.902730389713405,2,1,1,1,1
cell_subsample,0.9,2,88,xenium_human_lymph_node,1564.6616,57.8073,57.8073,1,1,1.0,1,1.0,1,1.0,1,0.9286,2.132644321047223,2.402387800485738,1,1,1,1,1
cell_subsample,0.9,2,89,xenium_human_lymph_node,1546.276,59.2967,59.2967,1,1,1.0,1,1.0,1,0.8654,1,0.8167,2.038318202503787,1.8963902051171724,1,1,1,1,1
cell_subsample,0.9,2,90,xenium_human_lymph_node,1537.7379,89.6834,90.114,2,1,1.0,1,0.8,1,0.9286,1,0.8519,1.5859714258824231,2.8803441185391194,2,1,1,1,1
cell_subsample,0.9,2,91,xenium_human_lymph_node,1517.3048,51.8746,51.8746,1,1,1.0,1,1.0,1,1.0,1,0.8974,2.2162297903782853,1.7531535003638548,1,1,1,1,1
cell_subsample,0.9,2,92,xenium_human_lymph_node,1500.0722,57.9569,57.9569,1,1,1.0,1,1.0,1,1.0,1,0.8678,2.0300897756016556,2.4224831582125708,1,1,1,1,1
cell_subsample,0.9,2,93,xenium_human_lymph_node,1526.3372,63.7931,65.0785,5,0,1.0,1,1.0,1,1.0,1,0.9474,1.9611998342743309,2.018962473402453,5,0,1,1,1
cell_subsample,0.9,2,94,xenium_human_lymph_node,1534.7692,54.9805,56.7567,5,0,1.0,0,1.0,1,0.9333,1,0.9355,2.151001795687435,2.6920279643720035,5,0,0,1,1
cell_subsample,0.9,2,95,xenium_human_lymph_node,1547.3441,52.9306,52.9306,1,1,1.0,1,1.0,1,1.0,1,0.9375,2.0537695386898585,2.846793672852115,1,1,1,1,1
cell_subsample,0.9,2,96,xenium_human_lymph_node,1545.1139,51.6752,51.6752,1,1,1.0,1,1.0,1,1.0,1,0.9608,1.9957791883007996,0.88562465301171,1,1,1,1,1
cell_subsample,0.9,2,97,xenium_human_lymph_node,1539.025,94.2516,96.6868,6,0,1.0,0,1.0,1,0.8571,1,0.9583,1.4980666316518012,3.899356131166264,6,0,0,1,1
cell_subsample,0.9,2,98,xenium_human_lymph_node,1663.141,94.7943,95.0482,2,1,1.0,1,0.875,1,0.8846,1,0.823,1.524130913562199,3.4761666666108293,2,1,1,1,1
cell_subsample,0.9,2,99,xenium_human_lymph_node,1934.5221,57.3673,57.3673,1,1,1.0,1,1.0,1,0.9091,1,0.9279,2.006011184696937,2.073377109168538,1,1,1,1,1
cell_subsample,0.9,3,0,xenium_human_lymph_node,1532.4554,93.6197,94.5986,2,0,1.0,1,1.0,1,1.0,1,0.8095,1.487313212090623,3.1032499473823516,2,0,1,1,1
cell_subsample,0.9,3,1,xenium_human_lymph_node,1540.2741,56.8509,56.8509,1,1,1.0,1,1.0,1,1.0,1,0.95,2.141859404744696,2.868076408674328,1,1,1,1,1
cell_subsample,0.9,3,2,xenium_human_lymph_node,1518.207,50.962,53.3267,4,0,1.0,0,1.0,1,1.0,1,0.9615,2.148006264791661,2.34485245681969,4,0,0,1,1
cell_subsample,0.9,3,3,xenium_human_lymph_node,1540.4252,46.3401,48.77,14,0,1.0,0,1.0,1,1.0,1,0.9277,2.0597148236926137,2.337141679565667,14,0,0,1,1
cell_subsample,0.9,3,4,xenium_human_lymph_node,1533.753,52.8463,52.8463,1,1,1.0,1,1.0,1,1.0,1,0.8814,2.1049444521552996,2.744607507737348,1,1,1,1,1
cell_subsample,0.9,3,5,xenium_human_lymph_node,1549.7454,57.2226,60.7324,30,0,1.0,0,1.0,0,1.0,1,0.8492,2.1055743250517285,2.4007679504242625,30,0,0,0,1
cell_subsample,0.9,3,6,xenium_human_lymph_node,1528.2264,94.573,94.573,1,1,0.5,1,0.3333,1,0.4,1,0.7368,1.5015653142904803,3.409450528538694,1,1,1,1,1
cell_subsample,0.9,3,7,xenium_human_lymph_node,1523.3622,95.1399,99.0293,2,0,0.0,0,0.0,0,0.0,1,0.25,1.4615198580417894,3.795859378147673,1,1,1,1,1
cell_subsample,0.9,3,8,xenium_human_lymph_node,1503.5991,62.4029,64.0825,8,0,1.0,0,1.0,1,0.9688,1,0.8342,2.0327581891011244,2.824131501612327,8,0,0,1,1
cell_subsample,0.9,3,9,xenium_human_lymph_node,1517.9983,56.3787,56.3787,1,1,1.0,1,1.0,1,1.0,1,1.0,2.0444719388924164,2.620046160707273,1,1,1,1,1
cell_subsample,0.9,3,10,xenium_human_lymph_node,1535.6923,64.6732,64.6732,1,1,1.0,1,1.0,1,1.0,1,0.9091,1.9450029061849696,3.5132663680740888,1,1,1,1,1
cell_subsample,0.9,3,11,xenium_human_lymph_node,1541.3671,57.0123,57.0123,1,1,1.0,1,1.0,1,0.8571,1,0.8889,2.030533004938631,2.0396637218433664,1,1,1,1,1
cell_subsample,0.9,3,12,xenium_human_lymph_node,1456.3679,99.337,99.337,1,1,0.5,1,0.6667,1,0.6,1,0.7869,1.3740875667169417,3.140981636912593,1,1,1,1,1
cell_subsample,0.9,3,13,xenium_human_lymph_node,1433.241,53.542,54.16,2,0,1.0,1,1.0,1,1.0,1,0.9626,2.144357088503991,2.3294227021467715,2,0,1,1,1
cell_subsample,0.9,3,14,xenium_human_lymph_node,1424.7504,73.5679,74.0284,2,1,0.6667,1,0.7778,1,0.8667,1,0.8429,1.6977451808304622,3.659943205785482,2,1,1,1,1
cell_subsample,0.9,3,15,xenium_human_lymph_node,1444.8087,97.4644,97.6648,3,1,1.0,1,1.0,1,0.9286,1,0.743,1.4125780856484813,4.3628040195440265,3,1,1,1,1
cell_subsample,0.9,3,16,xenium_human_lymph_node,1439.4746,51.1935,52.6054,4,0,1.0,1,1.0,1,1.0,1,0.973,2.1126547958297697,2.8597577806111225,4,0,1,1,1
cell_subsample,0.9,3,17,xenium_human_lymph_node,1448.3289,66.0313,66.0313,1,1,1.0,1,1.0,1,1.0,1,0.85,1.9384358034288776,2.7571904557405027,1,1,1,1,1
cell_subsample,0.9,3,18,xenium_human_lymph_node,1450.7291,56.3622,56.7084,2,1,1.0,1,0.75,1,0.9231,1,0.8922,2.1155442345970124,2.1882690833368663,2,1,1,1,1
cell_subsample,0.9,3,19,xenium_human_lymph_node,1441.2609,54.7547,55.3867,2,0,1.0,1,1.0,1,1.0,1,0.9773,2.1305910454263315,2.068217673873739,2,0,1,1,1
cell_subsample,0.9,3,20,xenium_human_lymph_node,1469.7111,99.3431,100.1974,2,0,1.0,1,1.0,1,0.875,1,0.8727,1.4072264253982398,3.0226620465064338,2,0,1,1,1
cell_subsample,0.9,3,21,xenium_human_lymph_node,1447.0274,56.527,57.6654,3,0,1.0,1,1.0,1,0.9231,1,0.9677,2.077301362198831,2.421779676420303,3,0,1,1,1
cell_subsample,0.9,3,22,xenium_human_lymph_node,1443.301,96.5448,96.5448,1,1,1.0,1,1.0,1,1.0,1,0.9318,1.3564463121777686,1.7153419389518179,1,1,1,1,1
cell_subsample,0.9,3,23,xenium_human_lymph_node,1435.2371,92.1286,93.5914,8,0,1.0,0,1.0,1,1.0,1,0.828,1.4052077279525734,4.191543079130592,8,0,0,1,1
cell_subsample,0.9,3,24,xenium_human_lymph_node,1421.7906,52.8904,53.9813,5,0,1.0,1,1.0,1,0.9565,1,0.8929,2.1108716622028236,3.0100169082171857,5,0,1,1,1
cell_subsample,0.9,3,25,xenium_human_lymph_node,1408.0661,48.9604,48.9604,1,1,1.0,1,1.0,1,1.0,1,0.9655,2.0424848726184046,0.9182346865103296,1,1,1,1,1
cell_subsample,0.9,3,26,xenium_human_lymph_node,1411.8226,63.6542,63.6542,1,1,1.0,1,1.0,1,0.9375,1,0.8607,1.9650598195507307,4.253736647688776,1,1,1,1,1
cell_subsample,0.9,3,27,xenium_human_lymph_node,1429.3478,59.148,59.148,1,1,1.0,1,1.0,1,1.0,1,0.9804,2.0891714996462545,1.4781035239171507,1,1,1,1,1
cell_subsample,0.9,3,28,xenium_human_lymph_node,1511.2533,50.4841,50.4841,1,1,1.0,1,1.0,1,1.0,1,0.9605,2.1626426562570877,1.6331029898597023,1,1,1,1,1
cell_subsample,0.9,3,29,xenium_human_lymph_node,1617.8529,65.4209,65.4209,1,1,1.0,1,1.0,1,0.9167,1,0.9516,2.0241442941319954,2.445379772115879,1,1,1,1,1
cell_subsample,0.9,3,30,xenium_human_lymph_node,1561.276,45.812,45.812,1,1,1.0,1,1.0,1,1.0,1,0.963,2.1503308612079266,1.6809402787985692,1,1,1,1,1
cell_subsample,0.9,3,31,xenium_human_lymph_node,1475.7833,90.6601,90.6601,1,1,1.0,1,1.0,1,0.8333,1,0.8649,1.41993380655999,1.1515656709844921,1,1,1,1,1
cell_subsample,0.9,3,32,xenium_human_lymph_node,1477.4756,60.7504,60.7504,1,1,1.0,1,1.0,1,1.0,1,1.0,2.09394034082374,1.1086806464462085,1,1,1,1,1
cell_subsample,0.9,3,33,xenium_human_lymph_node,1550.9344,76.3857,82.6856,8,0,0.0,0,0.0,0,0.0,0,0.5,1.8129036676124615,2.805187026656237,1,1,1,1,1
cell_subsample,0.9,3,34,xenium_human_lymph_node,1550.6276,44.1298,44.1298,1,1,1.0,1,1.0,1,1.0,1,0.9,2.1713428001973747,2.4343789276471974,1,1,1,1,1
cell_subsample,0.9,3,35,xenium_human_lymph_node,1540.186,50.0516,50.0516,1,1,1.0,1,1.0,1,0.9524,1,0.8991,2.0833450771208355,1.8683479986677887,1,1,1,1,1
cell_subsample,0.9,3,36,xenium_human_lymph_node,1465.5185,60.3986,60.3986,1,1,1.0,1,1.0,1,1.0,1,0.9103,1.937368398735709,2.194301386281829,1,1,1,1,1
cell_subsample,0.9,3,37,xenium_human_lymph_node,1454.1077,52.1523,52.1523,1,1,1.0,1,1.0,1,1.0,1,0.9808,2.0760543867547785,1.7682015855167306,1,1,1,1,1
cell_subsample,0.9,3,38,xenium_human_lymph_node,1435.619,47.1105,47.1105,1,1,1.0,1,1.0,1,1.0,1,0.9649,2.162366816722906,1.6864601297013448,1,1,1,1,1
cell_subsample,0.9,3,39,xenium_human_lymph_node,1452.0776,57.1556,58.0431,2,0,1.0,1,1.0,1,1.0,1,0.9385,2.0631973960451084,1.6991222732247455,2,0,1,1,1
cell_subsample,0.9,3,40,xenium_human_lymph_node,1461.1786,54.8418,54.8793,2,1,1.0,1,1.0,1,0.9722,1,0.9161,2.0363034343962143,1.7881853561680225,2,1,1,1,1
cell_subsample,0.9,3,41,xenium_human_lymph_node,1475.4558,71.2363,71.2363,1,1,1.0,1,1.0,1,0.9286,1,0.8057,1.9122310476816282,1.3235014097682603,1,1,1,1,1
cell_subsample,0.9,3,42,xenium_human_lymph_node,1441.5029,53.8966,53.8966,1,1,1.0,1,1.0,1,0.96,1,0.913,2.100568937720999,1.7839822932918459,1,1,1,1,1
cell_subsample,0.9,3,43,xenium_human_lymph_node,1477.0969,49.6057,53.639,15,0,1.0,0,1.0,0,0.875,1,0.9231,2.070898112841249,2.474652729055032,15,0,0,0,1
cell_subsample,0.9,3,44,xenium_human_lymph_node,1467.418,95.1399,95.9767,6,0,1.0,1,1.0,1,1.0,1,0.9574,1.4027521863443337,3.39653307422173,6,0,1,1,1
cell_subsample,0.9,3,45,xenium_human_lymph_node,1455.5102,58.1405,58.9203,3,0,1.0,1,1.0,1,1.0,1,0.9388,1.990101491222229,2.2402357558922423,3,0,1,1,1
cell_subsample,0.9,3,46,xenium_human_lymph_node,1457.6598,72.9522,72.9522,1,1,1.0,1,1.0,1,0.9,1,0.8506,1.9302052153907945,1.6663883844911225,1,1,1,1,1
cell_subsample,0.9,3,47,xenium_human_lymph_node,1452.5889,95.4536,97.0331,4,0,1.0,0,0.6667,1,0.7692,1,0.8313,1.3941513564243666,2.7669557275678787,4,0,0,1,1
cell_subsample,0.9,3,48,xenium_human_lymph_node,1485.8402,91.1799,91.1799,1,1,1.0,1,1.0,1,1.0,1,0.8354,1.5140968575725349,2.190343389512922,1,1,1,1,1
cell_subsample,0.9,3,49,xenium_human_lymph_node,1556.0767,58.0803,58.0803,1,1,1.0,1,1.0,1,0.7826,1,0.8214,2.0443658467638848,1.8176747122633816,1,1,1,1,1
cell_subsample,0.9,3,50,xenium_human_lymph_node,1540.425,68.2811,68.2811,1,1,1.0,1,0.6667,1,0.9,1,0.8814,1.9671991476758754,2.9960921293476934,1,1,1,1,1
cell_subsample,0.9,3,51,xenium_human_lymph_node,1547.1695,95.0873,95.0873,1,1,1.0,1,1.0,1,1.0,1,0.8649,1.5313806405786285,3.2156005428077528,1,1,1,1,1
cell_subsample,0.9,3,52,xenium_human_lymph_node,1537.9522,56.1298,56.1298,1,1,1.0,1,1.0,1,1.0,1,1.0,2.13066432758178,2.4026930160497737,1,1,1,1,1
cell_subsample,0.9,3,53,xenium_human_lymph_node,1523.8058,51.4364,52.9926,4,0,1.0,0,1.0,1,1.0,1,0.8932,2.0918012091655,2.413072264369278,4,0,0,1,1
cell_subsample,0.9,3,54,xenium_human_lymph_node,1534.5703,50.1012,50.1012,1,1,1.0,1,1.0,1,1.0,1,0.9444,2.1028381304701425,1.8779232650057962,1,1,1,1,1
cell_subsample,0.9,3,55,xenium_human_lymph_node,1511.13,50.6638,50.6638,1,1,1.0,1,1.0,1,1.0,1,0.9796,2.1778315126584964,1.8485318815473537,1,1,1,1,1
cell_subsample,0.9,3,56,xenium_human_lymph_node,1512.7499,47.7003,49.8972,7,0,1.0,0,1.0,1,1.0,1,0.9859,2.225558235479763,2.220710682592168,7,0,0,1,1
cell_subsample,0.9,3,57,xenium_human_lymph_node,1542.5718,53.6257,53.6257,1,1,1.0,1,1.0,1,1.0,1,0.9231,2.035649985471223,2.834186930073048,1,1,1,1,1
cell_subsample,0.9,3,58,xenium_human_lymph_node,1534.8324,54.7787,54.9827,2,1,1.0,1,1.0,1,1.0,1,0.9726,2.073780871733732,1.0407929578921598,2,1,1,1,1
cell_subsample,0.9,3,59,xenium_human_lymph_node,1540.3122,47.3972,47.3972,1,1,1.0,1,1.0,1,1.0,1,0.9706,2.142834273525757,2.5922808866447933,1,1,1,1,1
cell_subsample,0.9,3,60,xenium_human_lymph_node,1514.4122,103.5844,109.1276,9,0,0.0,0,0.0,0,0.0,1,0.75,1.3678872676719014,2.4108723111119392,1,1,1,1,1
cell_subsample,0.9,3,61,xenium_human_lymph_node,1551.8887,48.3149,48.3149,1,1,1.0,1,1.0,1,1.0,1,0.9756,2.1626357799154237,1.9874486715993294,1,1,1,1,1
cell_subsample,0.9,3,62,xenium_human_lymph_node,1571.9574,49.5907,49.6813,2,1,1.0,1,1.0,1,0.9333,1,0.9342,2.1171204885733217,2.1503500229798234,2,1,1,1,1
cell_subsample,0.9,3,63,xenium_human_lymph_node,1547.5192,53.3106,53.3106,1,1,1.0,1,1.0,1,0.9487,1,0.8404,2.123827279298647,1.2392941390224037,1,1,1,1,1
cell_subsample,0.9,3,64,xenium_human_lymph_node,1591.7325,53.6778,57.3361,32,0,1.0,0,1.0,0,1.0,1,0.8607,2.0385606426641716,2.497286591805445,32,0,0,0,1
cell_subsample,0.9,3,65,xenium_human_lymph_node,1576.0367,63.3858,63.3858,1,1,1.0,1,1.0,1,0.9714,1,0.8147,1.9902028681450479,1.2884846277691961,1,1,1,1,1
cell_subsample,0.9,3,66,xenium_human_lymph_node,1528.6635,63.7375,63.7375,1,1,1.0,1,1.0,1,1.0,1,0.9855,1.8959154535818354,2.20915616002933,1,1,1,1,1
cell_subsample,0.9,3,67,xenium_human_lymph_node,1534.6992,47.1795,47.1795,1,1,1.0,1,1.0,1,1.0,1,0.9714,2.1486693405949824,1.9877354240938505,1,1,1,1,1
cell_subsample,0.9,3,68,xenium_human_lymph_node,1539.5238,55.8857,56.3116,2,1,1.0,1,1.0,1,0.95,1,0.8913,2.0234169736508414,1.4469113450224271,2,1,1,1,1
cell_subsample,0.9,3,69,xenium_human_lymph_node,1540.1273,94.0005,94.8301,2,0,0.0,1,0.5,1,0.75,1,0.7976,1.4882982971507273,2.525780231469029,5,0,0,1,1
cell_subsample,0.9,3,70,xenium_human_lymph_node,1552.4067,52.241,52.5254,5,1,1.0,1,1.0,1,0.9348,1,0.8594,2.1791670946765636,2.7394539254398933,5,1,1,1,1
cell_subsample,0.9,3,71,xenium_human_lymph_node,1550.862,46.2645,46.2645,1,1,1.0,1,1.0,1,1.0,1,1.0,2.151409464514662,2.2320485506152443,1,1,1,1,1
cell_subsample,0.9,3,72,xenium_human_lymph_node,1598.9268,49.372,49.372,1,1,1.0,1,1.0,1,1.0,1,1.0,2.092450335818588,1.5077710873818244,1,1,1,1,1
cell_subsample,0.9,3,73,xenium_human_lymph_node,1609.3443,93.8224,93.8224,1,1,0.6667,1,0.8333,1,0.7333,1,0.7905,1.4664888007616992,1.942468850023104,1,1,1,1,1
cell_subsample,0.9,3,74,xenium_human_lymph_node,1559.9663,45.1987,45.1987,1,1,1.0,1,1.0,1,1.0,1,0.9405,2.1232070332805475,1.6371575114356909,1,1,1,1,1
cell_subsample,0.9,3,75,xenium_human_lymph_node,1568.5829,59.136,62.1021,28,0,1.0,0,1.0,1,0.9667,1,0.8909,2.107916407022511,3.703644055942006,28,0,0,1,1
cell_subsample,0.9,3,76,xenium_human_lymph_node,1926.7456,52.6895,52.6895,1,1,1.0,1,1.0,1,1.0,1,0.934,2.137517682618002,2.294154046687022,1,1,1,1,1
cell_subsample,0.9,3,77,xenium_human_lymph_node,1493.894,51.0998,51.0998,1,1,1.0,1,1.0,1,0.9286,1,0.9479,2.195510390609917,1.1683311592007768,1,1,1,1,1
cell_subsample,0.9,3,78,xenium_human_lymph_node,1498.4189,47.3882,49.8395,9,0,1.0,0,1.0,1,1.0,1,0.9706,2.1169002491731668,2.9565752144057833,9,0,0,1,1
cell_subsample,0.9,3,79,xenium_human_lymph_node,1507.8956,63.156,65.3739,6,0,1.0,0,1.0,1,0.9231,1,0.8911,2.099466954852606,1.8317927375495118,6,0,0,1,1
cell_subsample,0.9,3,80,xenium_human_lymph_node,1511.8342,44.0226,44.0226,1,1,1.0,1,1.0,1,1.0,1,1.0,2.1519012211770954,1.0975125904071497,1,1,1,1,1
cell_subsample,0.9,3,81,xenium_human_lymph_node,1516.2828,54.1123,57.0769,5,0,1.0,0,1.0,1,1.0,1,0.9375,2.107889294589664,2.1767678892915336,5,0,0,1,1
cell_subsample,0.9,3,82,xenium_human_lymph_node,1587.2821,54.1828,54.1828,1,1,1.0,1,1.0,1,1.0,1,0.9412,2.1083038397585554,1.968549638980399,1,1,1,1,1
cell_subsample,0.9,3,83,xenium_human_lymph_node,1555.3756,53.6954,53.6954,1,1,1.0,1,1.0,1,1.0,1,0.9677,2.0457230401414677,2.127424408629324,1,1,1,1,1
cell_subsample,0.9,3,84,xenium_human_lymph_node,1561.6004,67.3576,67.399,2,1,1.0,1,1.0,1,1.0,1,0.8095,1.7729481932061177,2.80654201545464,2,1,1,1,1
cell_subsample,0.9,3,85,xenium_human_lymph_node,1531.4979,52.5167,52.5167,1,1,1.0,1,1.0,1,1.0,1,0.9516,2.069126963695489,2.9110442361178848,1,1,1,1,1
cell_subsample,0.9,3,86,xenium_human_lymph_node,1540.0474,52.6188,55.1526,2,0,1.0,0,1.0,1,1.0,1,0.9423,2.052938876616839,2.162451148328529,2,0,0,1,1
cell_subsample,0.9,3,87,xenium_human_lymph_node,1520.6927,79.6342,79.6342,1,1,1.0,1,1.0,1,1.0,1,0.8375,1.5694669288537733,3.1502165455568005,1,1,1,1,1
cell_subsample,0.9,3,88,xenium_human_lymph_node,1545.8337,57.8073,58.2001,2,1,1.0,1,1.0,1,1.0,1,0.9143,2.153690248811182,2.7539932888293714,2,1,1,1,1
cell_subsample,0.9,3,89,xenium_human_lymph_node,1541.6587,59.2967,61.2412,24,0,1.0,0,1.0,1,0.8846,1,0.7928,2.0969667170235495,2.7087178312832703,24,0,0,1,1
cell_subsample,0.9,3,90,xenium_human_lymph_node,1594.5779,89.6834,89.6834,1,1,1.0,1,0.8,1,0.9286,1,0.8466,1.568856113247099,3.518208123282736,5,0,1,1,1
cell_subsample,0.9,3,91,xenium_human_lymph_node,1570.5299,51.8746,51.8746,1,1,1.0,1,1.0,1,1.0,1,0.8889,2.207851262760972,2.2109815689588443,1,1,1,1,1
cell_subsample,0.9,3,92,xenium_human_lymph_node,1559.276,57.9569,59.8409,4,0,1.0,0,1.0,1,1.0,1,0.9008,2.03515154893403,2.258510215911468,4,0,0,1,1
cell_subsample,0.9,3,93,xenium_human_lymph_node,1492.741,63.7931,64.3321,3,1,1.0,1,1.0,1,1.0,1,0.9649,1.9674793094819603,1.9263182877797675,3,1,1,1,1
cell_subsample,0.9,3,94,xenium_human_lymph_node,1530.9262,54.9805,55.6861,3,0,1.0,1,1.0,1,0.9333,1,0.9355,2.110922940064947,3.321961872844879,3,0,1,1,1
cell_subsample,0.9,3,95,xenium_human_lymph_node,1468.3128,52.9306,52.9306,1,1,1.0,1,1.0,1,1.0,1,0.9219,2.067351295810921,2.5579927888831686,1,1,1,1,1
cell_subsample,0.9,3,96,xenium_human_lymph_node,1473.1929,51.6752,54.0721,3,0,1.0,0,1.0,1,1.0,1,0.9804,1.9891503949366356,2.3368393657326387,3,0,0,1,1
cell_subsample,0.9,3,97,xenium_human_lymph_node,1454.8196,94.2516,96.4451,4,0,1.0,0,1.0,1,1.0,1,0.9792,1.4597181582923506,4.45295793574673,4,0,0,1,1
cell_subsample,0.9,3,98,xenium_human_lymph_node,1514.1187,94.7943,95.0482,2,1,1.0,1,0.875,1,0.8846,1,0.8086,1.5312500883204636,2.657373444267969,2,1,1,1,1
cell_subsample,0.9,3,99,xenium_human_lymph_node,1537.0258,57.3673,57.3673,1,1,1.0,1,1.0,1,0.8182,1,0.8919,2.1116679425675233,3.3936309428384406,1,1,1,1,1
cell_subsample,0.9,4,0,xenium_human_lymph_node,1512.9987,93.6197,93.6197,1,1,1.0,1,1.0,1,1.0,1,0.7857,1.4585599858892164,2.0370390516287813,1,1,1,1,1
cell_subsample,0.9,4,1,xenium_human_lymph_node,1491.2928,56.8509,56.8509,1,1,1.0,1,1.0,1,1.0,1,0.975,2.139070557032654,1.0241640403613952,1,1,1,1,1
cell_subsample,0.9,4,2,xenium_human_lymph_node,1494.4806,50.962,50.962,1,1,1.0,1,1.0,1,1.0,1,0.9423,2.1003756142867864,0.8490903055746046,1,1,1,1,1
cell_subsample,0.9,4,3,xenium_human_lymph_node,1549.456,46.3401,48.168,10,0,1.0,0,1.0,1,0.9524,1,0.9398,2.113587031292513,2.6926649545745795,10,0,0,1,1
cell_subsample,0.9,4,4,xenium_human_lymph_node,1547.9359,52.8463,56.0003,5,0,1.0,0,1.0,0,1.0,1,0.8983,2.0799825460471046,2.4585165364877786,5,0,0,0,1
cell_subsample,0.9,4,5,xenium_human_lymph_node,1547.0819,57.2226,58.477,4,0,1.0,1,1.0,1,1.0,1,0.838,2.057953694358993,2.162091079970703,4,0,1,1,1
cell_subsample,0.9,4,6,xenium_human_lymph_node,1560.9942,94.573,94.573,1,1,0.5,1,0.3333,1,0.4,1,0.7368,1.4930416958640553,4.755593471758247,11,0,0,0,1
cell_subsample,0.9,4,7,xenium_human_lymph_node,1540.5248,95.1399,99.0293,2,0,0.0,0,0.0,0,0.0,1,0.25,1.478599020766651,3.9007659286638408,1,1,1,1,1
cell_subsample,0.9,4,8,xenium_human_lymph_node,1558.679,62.4029,62.4029,1,1,1.0,1,1.0,1,1.0,1,0.8238,1.9844306704853223,1.313735181477856,1,1,1,1,1
cell_subsample,0.9,4,9,xenium_human_lymph_node,1500.4045,56.3787,59.9715,5,0,1.0,0,1.0,0,1.0,1,0.9714,1.990095793681993,2.723438709023106,5,0,0,0,1
cell_subsample,0.9,4,10,xenium_human_lymph_node,1437.3379,64.6732,64.6732,1,1,1.0,1,1.0,1,1.0,1,0.9545,1.964360004436233,2.740616578355519,1,1,1,1,1
cell_subsample,0.9,4,11,xenium_human_lymph_node,1431.8984,57.0123,57.0123,1,1,1.0,1,1.0,1,0.8571,1,0.899,2.1009029314589682,3.0081203251339472,1,1,1,1,1
cell_subsample,0.9,4,12,xenium_human_lymph_node,1469.5221,99.337,99.337,1,1,0.5,1,0.6667,1,0.6,1,0.8197,1.3598057980144764,2.3309549043561444,6,0,0,1,1
cell_subsample,0.9,4,13,xenium_human_lymph_node,1454.3712,53.542,53.542,1,1,1.0,1,1.0,1,1.0,1,0.9813,2.1002864183120584,2.1780902051224307,1,1,1,1,1
cell_subsample,0.9,4,14,xenium_human_lymph_node,1463.5354,73.5679,75.7796,17,0,1.0,0,0.8889,1,0.9,1,0.8048,1.6556197294618424,5.028632496738833,17,0,0,1,1
cell_subsample,0.9,4,15,xenium_human_lymph_node,1461.4475,97.4644,97.4644,1,1,1.0,1,1.0,1,0.9286,1,0.7263,1.3887509723817626,1.9811338646600043,1,1,1,1,1
cell_subsample,0.9,4,16,xenium_human_lymph_node,1487.9464,51.1935,52.035,3,0,1.0,1,1.0,1,1.0,1,0.9324,2.100204884546613,2.4550831385085816,3,0,1,1,1
cell_subsample,0.9,4,17,xenium_human_lymph_node,1500.1962,66.0313,66.0313,1,1,1.0,1,1.0,1,1.0,1,0.95,1.9531132564773839,2.1101107382025575,1,1,1,1,1
cell_subsample,0.9,4,18,xenium_human_lymph_node,1518.6385,56.3622,56.7084,2,1,1.0,1,1.0,1,1.0,1,0.8922,2.1122893673870506,2.26098548404948,2,1,1,1,1
cell_subsample,0.9,4,19,xenium_human_lymph_node,1514.7039,54.7547,54.7547,1,1,1.0,1,1.0,1,1.0,1,0.9773,2.114382722256498,2.8094280415537547,1,1,1,1,1
cell_subsample,0.9,4,20,xenium_human_lymph_node,1563.1365,99.3431,99.3431,1,1,1.0,1,1.0,1,0.875,1,0.8545,1.3925912127342415,3.690409350706545,8,0,0,1,1
cell_subsample,0.9,4,21,xenium_human_lymph_node,1484.3885,56.527,57.6044,2,0,1.0,1,1.0,1,0.9231,1,0.9516,2.0825446709511373,2.257127193622449,2,0,1,1,1
cell_subsample,0.9,4,22,xenium_human_lymph_node,1460.9737,96.5448,96.5448,1,1,1.0,1,1.0,1,1.0,1,0.9318,1.4084250699837397,3.8582921541296074,1,1,1,1,1
cell_subsample,0.9,4,23,xenium_human_lymph_node,1462.2427,92.1286,93.5914,8,0,1.0,0,1.0,1,0.9231,1,0.871,1.4007992070782853,4.856652253277881,8,0,0,1,1
cell_subsample,0.9,4,24,xenium_human_lymph_node,1440.7944,52.8904,52.8904,1,1,1.0,1,1.0,1,0.9565,1,0.8839,2.0860439429905306,2.208745041035661,1,1,1,1,1
cell_subsample,0.9,4,25,xenium_human_lymph_node,1439.5755,48.9604,52.086,6,0,1.0,0,1.0,0,1.0,1,0.8966,2.0431624869726726,1.7811282904525514,6,0,0,0,1
cell_subsample,0.9,4,26,xenium_human_lymph_node,1437.2583,63.6542,64.6326,2,0,1.0,1,1.0,1,1.0,1,0.9344,1.9823730725925277,2.3761716178412295,2,0,1,1,1
cell_subsample,0.9,4,27,xenium_human_lymph_node,1478.7855,59.148,59.148,1,1,1.0,1,1.0,1,1.0,1,0.9608,2.0777070663570116,1.9704752473328886,1,1,1,1,1
cell_subsample,0.9,4,28,xenium_human_lymph_node,1460.7951,50.4841,50.4841,1,1,1.0,1,1.0,1,1.0,1,0.9605,2.132127809554799,0.5356767503047851,1,1,1,1,1
cell_subsample,0.9,4,29,xenium_human_lymph_node,1517.4791,65.4209,65.4209,1,1,1.0,1,1.0,1,1.0,1,0.9516,2.011977491658494,1.7090455665453645,1,1,1,1,1
cell_subsample,0.9,4,30,xenium_human_lymph_node,1523.7964,45.812,45.812,1,1,1.0,1,1.0,1,1.0,1,0.963,2.0971176036063497,1.3941731573038643,1,1,1,1,1
cell_subsample,0.9,4,31,xenium_human_lymph_node,1519.6722,90.6601,90.6601,1,1,1.0,1,1.0,1,0.8333,1,0.8649,1.453541435275873,2.4881803622120393,1,1,1,1,1
cell_subsample,0.9,4,32,xenium_human_lymph_node,1564.5883,60.7504,62.969,2,0,1.0,0,1.0,1,1.0,1,1.0,2.1298680472170806,2.850406034643959,2,0,0,1,1
cell_subsample,0.9,4,33,xenium_human_lymph_node,1638.6933,76.3857,81.7253,4,0,0.0,0,0.0,0,0.0,1,0.5,1.8304615219505946,2.868887319923483,2,0,0,1,1
cell_subsample,0.9,4,34,xenium_human_lymph_node,1651.7735,44.1298,46.6828,6,0,1.0,0,1.0,1,1.0,1,0.9,2.14570445853634,2.7344498777545008,6,0,0,1,1
cell_subsample,0.9,4,35,xenium_human_lymph_node,1552.9576,50.0516,50.0516,1,1,1.0,1,1.0,1,0.9524,1,0.8991,2.065175031907695,1.172699371214275,1,1,1,1,1
cell_subsample,0.9,4,36,xenium_human_lymph_node,1501.8678,60.3986,62.1385,3,0,1.0,0,1.0,1,1.0,1,0.859,1.9892390015106498,2.761026698699277,3,0,0,1,1
cell_subsample,0.9,4,37,xenium_human_lymph_node,1505.477,52.1523,52.1523,1,1,1.0,1,1.0,1,1.0,1,0.9615,2.0895591288492037,2.270319863120418,1,1,1,1,1
cell_subsample,0.9,4,38,xenium_human_lymph_node,1548.8652,47.1105,48.3104,3,0,1.0,1,1.0,1,1.0,1,0.9474,2.205120765719622,2.040777784794202,3,0,1,1,1
cell_subsample,0.9,4,39,xenium_human_lymph_node,1538.5259,57.1556,59.2026,9,0,1.0,0,1.0,1,1.0,1,0.9462,2.0731248687389794,2.2221529790433814,9,0,0,1,1
cell_subsample,0.9,4,40,xenium_human_lymph_node,1542.868,54.8418,54.8418,1,1,1.0,1,1.0,1,0.9444,1,0.9161,2.0546620878378548,2.3581848713632265,1,1,1,1,1
cell_subsample,0.9,4,41,xenium_human_lymph_node,1480.8531,71.2363,71.835,2,1,1.0,1,1.0,1,0.9286,1,0.8,1.9421997163888851,2.9105297036317457,2,1,1,1,1
cell_subsample,0.9,4,42,xenium_human_lymph_node,1463.7716,53.8966,53.8966,1,1,1.0,1,1.0,1,1.0,1,0.9304,2.1034092597620697,1.6808705999763298,1,1,1,1,1
cell_subsample,0.9,4,43,xenium_human_lymph_node,1459.6311,49.6057,49.6057,1,1,1.0,1,1.0,1,1.0,1,0.9808,2.0830971358871193,1.7434775466948318,1,1,1,1,1
cell_subsample,0.9,4,44,xenium_human_lymph_node,1514.9917,95.1399,95.5961,4,1,1.0,1,1.0,1,0.9167,1,0.9362,1.4257305625828014,4.233682625673524,4,1,1,1,1
cell_subsample,0.9,4,45,xenium_human_lymph_node,1500.3017,58.1405,58.1405,1,1,1.0,1,1.0,1,1.0,1,0.9388,1.9657961775095003,1.8469872845150188,1,1,1,1,1
cell_subsample,0.9,4,46,xenium_human_lymph_node,1486.3801,72.9522,75.4049,4,0,1.0,0,1.0,1,0.8,1,0.7857,1.9183492235605086,3.7314724146925022,4,0,0,1,1
cell_subsample,0.9,4,47,xenium_human_lymph_node,1470.8145,95.4536,95.4536,1,1,1.0,1,0.6667,1,0.7692,1,0.8313,1.4714091179226987,3.1583273517696133,1,1,1,1,1
cell_subsample,0.9,4,48,xenium_human_lymph_node,1437.97,91.1799,92.1388,2,0,1.0,1,1.0,1,1.0,1,0.8228,1.4068288746166042,3.3291202593320217,2,0,1,1,1
cell_subsample,0.9,4,49,xenium_human_lymph_node,1441.7815,58.0803,58.0803,1,1,1.0,1,1.0,1,0.8696,1,0.8786,2.038759270704811,2.0500196845797274,1,1,1,1,1
cell_subsample,0.9,4,50,xenium_human_lymph_node,1447.3592,68.2811,68.2811,1,1,1.0,1,0.6667,1,0.9,1,0.8898,1.9816147103404331,2.297336155193043,1,1,1,1,1
cell_subsample,0.9,4,51,xenium_human_lymph_node,1464.4272,95.0873,96.1652,3,0,1.0,1,1.0,1,1.0,1,0.8649,1.5083083531597203,3.021245185580873,3,0,1,1,1
cell_subsample,0.9,4,52,xenium_human_lymph_node,1436.3065,56.1298,56.1298,1,1,1.0,1,1.0,1,1.0,1,1.0,2.122719205956208,1.7804058509189165,1,1,1,1,1
cell_subsample,0.9,4,53,xenium_human_lymph_node,1484.5969,51.4364,51.4364,1,1,1.0,1,1.0,1,0.8824,1,0.835,2.1059108728594587,2.3917297595403912,1,1,1,1,1
cell_subsample,0.9,4,54,xenium_human_lymph_node,1485.182,50.1012,54.4133,14,0,1.0,0,1.0,0,1.0,1,0.9444,2.1394972831496357,4.388915612288579,14,0,0,0,1
cell_subsample,0.9,4,55,xenium_human_lymph_node,1454.7301,50.6638,50.6638,1,1,1.0,1,1.0,1,1.0,1,0.9796,2.1225498514843673,0.8139653625752883,1,1,1,1,1
cell_subsample,0.9,4,56,xenium_human_lymph_node,1908.4571,47.7003,49.8972,7,0,1.0,0,1.0,1,1.0,1,0.9859,2.1841117737337443,3.4412506176094158,7,0,0,1,1
cell_subsample,0.9,4,57,xenium_human_lymph_node,1566.4161,53.6257,53.6257,1,1,1.0,1,1.0,1,1.0,1,1.0,2.0883221732172896,2.7574463738439645,1,1,1,1,1
cell_subsample,0.9,4,58,xenium_human_lymph_node,1560.6779,54.7787,54.7787,1,1,1.0,1,1.0,1,1.0,1,0.9315,2.11829182425907,2.6772489216432,1,1,1,1,1
cell_subsample,0.9,4,59,xenium_human_lymph_node,1584.3878,47.3972,47.3972,1,1,1.0,1,1.0,1,1.0,1,0.9706,2.1644446507068835,2.9451369077496103,1,1,1,1,1
cell_subsample,0.9,4,60,xenium_human_lymph_node,1544.7436,103.5844,109.1276,9,0,0.0,0,0.0,0,0.0,1,0.75,1.3974002313937353,2.5991932678332175,1,1,1,1,1
cell_subsample,0.9,4,61,xenium_human_lymph_node,1540.509,48.3149,48.3149,1,1,1.0,1,1.0,1,1.0,1,1.0,2.185282127084969,1.8807717795498444,1,1,1,1,1
cell_subsample,0.9,4,62,xenium_human_lymph_node,1555.2309,49.5907,52.0877,11,0,1.0,0,1.0,1,0.9333,1,0.8816,2.0697872889621443,2.363385223443226,11,0,0,1,1
cell_subsample,0.9,4,63,xenium_human_lymph_node,1706.3541,53.3106,55.1862,14,0,1.0,0,1.0,1,0.9487,1,0.8169,2.1352677436255183,1.8926861734606393,14,0,0,1,1
cell_subsample,0.9,4,64,xenium_human_lymph_node,1704.2362,53.6778,53.6778,1,1,1.0,1,1.0,1,1.0,1,0.8361,2.0311905796686207,3.0626948814012187,1,1,1,1,1
cell_subsample,0.9,4,65,xenium_human_lymph_node,1683.044,63.3858,63.5423,2,1,1.0,1,0.875,1,0.9429,1,0.8017,1.997841304932402,2.8242740468315986,2,1,1,1,1
cell_subsample,0.9,4,66,xenium_human_lymph_node,1605.8545,63.7375,63.7375,1,1,1.0,1,1.0,1,1.0,1,0.971,1.8719519922832637,1.9377740533669765,1,1,1,1,1
cell_subsample,0.9,4,67,xenium_human_lymph_node,1513.7985,47.1795,47.1795,1,1,1.0,1,1.0,1,1.0,1,0.9429,2.228746303942131,2.8082534081166868,1,1,1,1,1
cell_subsample,0.9,4,68,xenium_human_lymph_node,1472.4526,55.8857,56.3418,3,1,1.0,1,1.0,1,0.95,1,0.8841,2.0668365525206394,2.080403439652359,3,1,1,1,1
cell_subsample,0.9,4,69,xenium_human_lymph_node,1459.69,94.0005,97.0705,11,0,0.0,0,0.5,1,0.6667,1,0.7857,1.4678626938261805,3.2956897542874324,8,0,0,1,1
cell_subsample,0.9,4,70,xenium_human_lymph_node,1435.1558,52.241,56.2039,79,0,1.0,0,1.0,0,0.9783,1,0.8594,2.2441127664253773,3.453103210525665,79,0,0,0,1
cell_subsample,0.9,4,71,xenium_human_lymph_node,1445.076,46.2645,46.2645,1,1,1.0,1,1.0,1,1.0,1,1.0,2.213236420618463,2.479426050808909,1,1,1,1,1
cell_subsample,0.9,4,72,xenium_human_lymph_node,1420.14,49.372,49.372,1,1,1.0,1,1.0,1,1.0,1,0.9706,2.026593254098928,2.0252850491338332,1,1,1,1,1
cell_subsample,0.9,4,73,xenium_human_lymph_node,1475.5512,93.8224,94.6553,4,0,0.6667,1,0.8333,1,0.7333,1,0.7905,1.4660235671313988,2.883945512321263,2,1,1,1,1
cell_subsample,0.9,4,74,xenium_human_lymph_node,1482.2382,45.1987,50.5388,57,0,1.0,0,1.0,0,1.0,1,0.9405,2.162916138188413,2.097721804175388,57,0,0,0,1
cell_subsample,0.9,4,75,xenium_human_lymph_node,1474.7582,59.136,59.8425,5,0,1.0,1,1.0,1,0.9667,1,0.903,2.1061012492901012,1.9526853605353083,5,0,1,1,1
cell_subsample,0.9,4,76,xenium_human_lymph_node,1448.8801,52.6895,54.3573,7,0,1.0,0,1.0,1,1.0,1,0.9151,2.122023516646709,2.049313393346495,7,0,0,1,1
cell_subsample,0.9,4,77,xenium_human_lymph_node,1425.3759,51.0998,51.0998,1,1,1.0,1,1.0,1,0.9286,1,0.9583,2.196233388819168,1.661665484301158,1,1,1,1,1
cell_subsample,0.9,4,78,xenium_human_lymph_node,1422.7918,47.3882,47.3882,1,1,1.0,1,1.0,1,1.0,1,0.9706,2.169716840094179,2.571983527576922,1,1,1,1,1
cell_subsample,0.9,4,79,xenium_human_lymph_node,1445.3266,63.156,63.156,1,1,1.0,1,1.0,1,1.0,1,0.8911,1.981095644778248,2.568295700449616,1,1,1,1,1
cell_subsample,0.9,4,80,xenium_human_lymph_node,1430.6197,44.0226,44.0226,1,1,1.0,1,1.0,1,1.0,1,1.0,2.1711642117810133,1.6424948953953553,1,1,1,1,1
cell_subsample,0.9,4,81,xenium_human_lymph_node,1453.0921,54.1123,54.1123,1,1,1.0,1,1.0,1,1.0,1,0.875,2.0650964451458202,3.484429694642066,1,1,1,1,1
cell_subsample,0.9,4,82,xenium_human_lymph_node,1425.4294,54.1828,54.1828,1,1,1.0,1,1.0,1,1.0,1,0.8824,2.0718859484380188,2.050221610156786,1,1,1,1,1
cell_subsample,0.9,4,83,xenium_human_lymph_node,1489.0426,53.6954,53.6954,1,1,1.0,1,1.0,1,1.0,1,0.9355,2.028315679452325,1.6419208707924782,1,1,1,1,1
cell_subsample,0.9,4,84,xenium_human_lymph_node,1501.9697,67.3576,67.399,2,1,1.0,1,1.0,1,1.0,1,0.8175,1.8042388877150184,2.455013582557764,2,1,1,1,1
cell_subsample,0.9,4,85,xenium_human_lymph_node,1454.3564,52.5167,53.1158,2,1,0.5,1,0.6667,1,0.875,1,0.9516,2.100232586380174,3.063884303729946,2,1,1,1,1
cell_subsample,0.9,4,86,xenium_human_lymph_node,1496.5257,52.6188,52.6188,1,1,1.0,1,1.0,1,1.0,1,0.9231,2.0955714090664577,1.6862811058702967,1,1,1,1,1
cell_subsample,0.9,4,87,xenium_human_lymph_node,1451.722,79.6342,81.6009,13,0,1.0,0,1.0,1,1.0,1,0.8167,1.5991385396011426,3.3510385606556206,13,0,0,1,1
cell_subsample,0.9,4,88,xenium_human_lymph_node,1447.9387,57.8073,59.2837,4,0,1.0,1,1.0,1,1.0,1,0.8857,2.1281214564344064,3.2159430428060896,4,0,1,1,1
cell_subsample,0.9,4,89,xenium_human_lymph_node,1404.6415,59.2967,59.2967,1,1,1.0,1,1.0,1,0.8846,1,0.7769,2.0551736876576614,2.9611943970893715,1,1,1,1,1
cell_subsample,0.9,4,90,xenium_human_lymph_node,1394.4489,89.6834,89.6834,1,1,1.0,1,0.8,1,0.9286,1,0.8519,1.5344035786076065,3.275612368507379,5,0,1,1,1
cell_subsample,0.9,4,91,xenium_human_lymph_node,1403.2643,51.8746,51.8746,1,1,1.0,1,1.0,1,1.0,1,0.8803,2.217991902046429,1.5457220977699602,1,1,1,1,1
cell_subsample,0.9,4,92,xenium_human_lymph_node,1378.5537,57.9569,57.9569,1,1,1.0,1,1.0,1,0.9412,1,0.8926,2.011978670459922,2.7145446700964735,1,1,1,1,1
cell_subsample,0.9,4,93,xenium_human_lymph_node,1438.1528,63.7931,64.1076,2,1,1.0,1,1.0,1,1.0,1,0.9474,2.0181595192813977,2.2654648329418854,2,1,1,1,1
cell_subsample,0.9,4,94,xenium_human_lymph_node,1405.3905,54.9805,54.9805,1,1,1.0,1,1.0,1,1.0,1,0.9355,2.059530144802207,1.9977736841705118,1,1,1,1,1
cell_subsample,0.9,4,95,xenium_human_lymph_node,1429.3923,52.9306,52.9306,1,1,1.0,1,1.0,1,1.0,1,0.9375,2.117214006819953,2.7199605617193954,1,1,1,1,1
cell_subsample,0.9,4,96,xenium_human_lymph_node,1462.1355,51.6752,51.6752,1,1,1.0,1,1.0,1,1.0,1,0.9804,1.9756425093717354,2.2245520059729684,1,1,1,1,1
cell_subsample,0.9,4,97,xenium_human_lymph_node,1405.8223,94.2516,94.2516,1,1,1.0,1,1.0,1,1.0,1,1.0,1.4430301611747225,3.4840265117873854,1,1,1,1,1
cell_subsample,0.9,4,98,xenium_human_lymph_node,1421.9934,94.7943,96.1217,7,0,0.5,1,0.75,1,0.8077,1,0.8134,1.505474710993409,3.627198016255057,15,0,0,1,1
cell_subsample,0.9,4,99,xenium_human_lymph_node,1447.7902,57.3673,59.2567,2,0,1.0,0,1.0,1,0.9091,1,0.9009,2.037373982559858,2.5930388302607223,2,0,0,1,1
cell_subsample,0.75,0,0,xenium_human_lymph_node,1663.6041,93.6197,93.6197,1,1,1.0,1,1.0,1,1.0,1,0.8333,2.3739561719982607,4.605034903462012,1,1,1,1,1
cell_subsample,0.75,0,1,xenium_human_lymph_node,1682.1825,56.8509,56.8509,1,1,1.0,1,1.0,1,1.0,1,0.925,3.367461607170554,3.943064551356535,1,1,1,1,1
cell_subsample,0.75,0,2,xenium_human_lymph_node,1691.7824,50.962,50.962,1,1,1.0,1,1.0,1,1.0,1,0.9231,3.445438928707305,4.6574461309493564,1,1,1,1,1
cell_subsample,0.75,0,3,xenium_human_lymph_node,1534.2676,46.3401,49.4667,24,0,1.0,0,1.0,0,1.0,1,0.8795,3.3505658463012185,4.670502768761718,24,0,0,0,1
cell_subsample,0.75,0,4,xenium_human_lymph_node,1529.4433,52.8463,55.1157,2,0,1.0,0,1.0,1,1.0,1,0.8305,3.26721397611983,3.3783033408808323,2,0,0,1,1
cell_subsample,0.75,0,5,xenium_human_lymph_node,1574.3041,57.2226,61.758,72,0,1.0,0,1.0,0,0.9524,1,0.7989,3.4045565234446444,5.400343488502893,72,0,0,0,1
cell_subsample,0.75,0,6,xenium_human_lymph_node,1552.7675,94.573,94.573,1,1,0.5,1,0.3333,1,0.4,1,0.7368,2.309883795640784,8.08379515972711,4,0,0,1,1
cell_subsample,0.75,0,7,xenium_human_lymph_node,1559.548,95.1399,99.0293,2,0,0.0,0,0.0,0,0.0,1,0.25,2.254493095334553,5.402964887423825,1,1,1,1,1
cell_subsample,0.75,0,8,xenium_human_lymph_node,1577.0159,62.4029,65.9276,43,0,1.0,0,1.0,0,0.9062,1,0.7306,3.2934918175556236,5.962602779956214,43,0,0,0,1
cell_subsample,0.75,0,9,xenium_human_lymph_node,1596.7179,56.3787,60.5177,9,0,1.0,0,1.0,0,1.0,1,0.8857,3.247790472054782,5.190567445329603,9,0,0,0,1
cell_subsample,0.75,0,10,xenium_human_lymph_node,1680.779,64.6732,64.6732,1,1,1.0,1,1.0,1,1.0,1,0.9545,3.1476917629178116,6.03803457598198,1,1,1,1,1
cell_subsample,0.75,0,11,xenium_human_lymph_node,1784.0645,57.0123,62.2487,50,0,1.0,0,1.0,0,0.7143,1,0.8283,3.322769315692189,5.239515522082529,50,0,0,0,1
cell_subsample,0.75,0,12,xenium_human_lymph_node,1771.5773,99.337,99.337,1,1,0.5,1,0.6667,1,0.6,1,0.8033,2.368504411860081,6.692523970995277,6,0,0,1,1
cell_subsample,0.75,0,13,xenium_human_lymph_node,1710.8113,53.542,54.8085,7,0,1.0,1,1.0,1,1.0,1,0.9346,3.3913952054996135,4.341647473955621,7,0,1,1,1
cell_subsample,0.75,0,14,xenium_human_lymph_node,1718.0043,73.5679,75.1871,10,0,1.0,0,0.8889,1,0.9,1,0.819,2.7028798850250313,6.548876806169821,10,0,0,1,1
cell_subsample,0.75,0,15,xenium_human_lymph_node,1728.9848,97.4644,99.2393,10,0,0.6667,0,0.875,1,0.9643,1,0.7039,2.2190889732422057,8.493034337600069,507,0,0,0,0
cell_subsample,0.75,0,16,xenium_human_lymph_node,1677.6679,51.1935,53.693,7,0,1.0,0,1.0,1,1.0,1,0.9324,3.3740247805885524,4.4329157355049125,7,0,0,1,1
cell_subsample,0.75,0,17,xenium_human_lymph_node,1581.52,66.0313,66.0313,1,1,1.0,1,1.0,1,1.0,1,0.95,3.065368004048654,4.8691263513163,1,1,1,1,1
cell_subsample,0.75,0,18,xenium_human_lymph_node,1638.6957,56.3622,56.7084,2,1,1.0,1,1.0,1,1.0,1,0.8627,3.321291884568937,4.7368951830567845,2,1,1,1,1
cell_subsample,0.75,0,19,xenium_human_lymph_node,1620.9181,54.7547,55.9826,4,0,1.0,1,1.0,1,1.0,1,0.9773,3.360028085364789,3.4978769943227777,4,0,1,1,1
cell_subsample,0.75,0,20,xenium_human_lymph_node,1627.8875,99.3431,105.4314,54,0,1.0,0,1.0,0,0.875,1,0.8,2.2878032731567393,8.5123909101308,34,0,0,0,1
cell_subsample,0.75,0,21,xenium_human_lymph_node,1620.5466,56.527,59.3032,11,0,1.0,0,1.0,1,1.0,1,0.9516,3.369174012711812,5.560147099655712,11,0,0,1,1
cell_subsample,0.75,0,22,xenium_human_lymph_node,1649.7505,96.5448,96.5448,1,1,1.0,1,1.0,1,1.0,1,0.9318,2.3278208311049644,6.272775489955895,1,1,1,1,1
cell_subsample,0.75,0,23,xenium_human_lymph_node,1456.7492,92.1286,92.3702,2,1,1.0,1,1.0,1,0.9231,1,0.8817,2.2931163276602096,8.644308621079091,48,0,0,0,1
cell_subsample,0.75,0,24,xenium_human_lymph_node,1437.9235,52.8904,54.4078,7,0,1.0,1,1.0,1,1.0,1,0.8839,3.4373739622698736,4.7945038151336545,7,0,1,1,1
cell_subsample,0.75,0,25,xenium_human_lymph_node,1438.3797,48.9604,49.8481,2,0,1.0,1,1.0,1,1.0,1,1.0,3.3973285060211826,4.268084359184166,2,0,1,1,1
cell_subsample,0.75,0,26,xenium_human_lymph_node,1450.0093,63.6542,63.6542,1,1,1.0,1,1.0,1,0.8125,1,0.8443,2.9997822431243675,6.383012443453467,1,1,1,1,1
cell_subsample,0.75,0,27,xenium_human_lymph_node,1460.9508,59.148,59.148,1,1,1.0,1,1.0,1,1.0,1,0.9216,3.359753817565845,4.5486062796630895,1,1,1,1,1
cell_subsample,0.75,0,28,xenium_human_lymph_node,1539.6442,50.4841,52.3492,6,0,1.0,0,1.0,1,1.0,1,0.9474,3.466024338046676,4.501951078911554,6,0,0,1,1
cell_subsample,0.75,0,29,xenium_human_lymph_node,1533.5893,65.4209,65.6916,2,1,1.0,1,1.0,1,0.9167,1,0.9516,3.291202585182202,4.878099640655482,2,1,1,1,1
cell_subsample,0.75,0,30,xenium_human_lymph_node,1494.11,45.812,51.1652,21,0,1.0,0,1.0,0,1.0,1,0.963,3.467001171496783,4.804000952367545,21,0,0,0,1
cell_subsample,0.75,0,31,xenium_human_lymph_node,1552.0913,90.6601,94.7141,15,0,1.0,0,1.0,0,0.8333,1,0.8378,2.3525687847539545,6.233920557156016,15,0,0,0,1
cell_subsample,0.75,0,32,xenium_human_lymph_node,1542.4885,60.7504,60.7504,1,1,1.0,1,1.0,1,0.6667,1,0.9706,3.4741022712998166,5.26263846737087,1,1,1,1,1
cell_subsample,0.75,0,33,xenium_human_lymph_node,1538.2073,76.3857,76.3857,1,1,1.0,1,1.0,1,0.5,1,0.8333,2.896813152509909,5.321210683046057,1,1,1,1,1
cell_subsample,0.75,0,34,xenium_human_lymph_node,1540.6183,44.1298,44.1298,1,1,1.0,1,1.0,1,1.0,1,0.9,3.4471890558942633,4.336202452925464,1,1,1,1,1
cell_subsample,0.75,0,35,xenium_human_lymph_node,1546.3986,50.0516,50.1433,2,1,1.0,1,1.0,1,0.9048,1,0.8532,3.4665280791902955,5.0022609696802975,2,1,1,1,1
cell_subsample,0.75,0,36,xenium_human_lymph_node,1567.2504,60.3986,60.9433,2,1,1.0,1,1.0,1,1.0,1,0.8718,3.233515186760172,4.93769352525975,2,1,1,1,1
cell_subsample,0.75,0,37,xenium_human_lymph_node,1544.6149,52.1523,58.1298,71,0,1.0,0,1.0,0,1.0,0,0.9231,3.381855558475596,5.567662326362005,71,0,0,0,0
cell_subsample,0.75,0,38,xenium_human_lymph_node,1680.4729,47.1105,48.3868,4,0,1.0,1,1.0,1,0.9167,1,0.9649,3.499167518999877,4.4905103314422075,4,0,1,1,1
cell_subsample,0.75,0,39,xenium_human_lymph_node,1773.462,57.1556,58.0431,2,0,1.0,1,1.0,1,1.0,1,0.9231,3.365239959412345,3.520769452650497,2,0,1,1,1
cell_subsample,0.75,0,40,xenium_human_lymph_node,1940.9096,54.8418,56.441,15,0,0.8,0,0.9231,1,0.9167,1,0.9021,3.3066209149282857,4.609154213492399,15,0,0,1,1
cell_subsample,0.75,0,41,xenium_human_lymph_node,1515.807,71.2363,76.3043,82,0,1.0,0,1.0,0,0.9286,1,0.76,3.2267555464374857,6.891983218526701,82,0,0,0,1
cell_subsample,0.75,0,42,xenium_human_lymph_node,1521.0224,53.8966,57.7213,38,0,1.0,0,1.0,0,0.96,1,0.887,3.312610404984596,4.7824985313822745,38,0,0,0,1
cell_subsample,0.75,0,43,xenium_human_lymph_node,1568.4657,49.6057,53.7654,16,0,1.0,0,1.0,0,1.0,1,0.9231,3.4323117960036895,5.118690124724106,16,0,0,0,1
cell_subsample,0.75,0,44,xenium_human_lymph_node,1548.5075,95.1399,101.7527,76,0,1.0,0,1.0,0,1.0,0,0.9574,2.214237812431656,8.932410674403778,24,0,0,0,1
cell_subsample,0.75,0,45,xenium_human_lymph_node,1531.031,58.1405,58.9203,3,0,0.5,1,0.6667,1,0.75,1,0.8367,3.3312476484970834,5.828493060925716,3,0,1,1,1
cell_subsample,0.75,0,46,xenium_human_lymph_node,1495.2777,72.9522,75.4917,6,0,1.0,0,1.0,1,0.8,1,0.8052,3.0612755984240088,5.86617470487655,6,0,0,1,1
cell_subsample,0.75,0,47,xenium_human_lymph_node,1497.7467,95.4536,97.0331,4,0,1.0,0,0.6667,1,0.7692,1,0.8193,2.3541251955728906,8.050058731523974,4,0,0,1,1
cell_subsample,0.75,0,48,xenium_human_lymph_node,1510.5391,91.1799,92.1388,2,0,1.0,1,1.0,1,1.0,1,0.8354,2.21225978363526,5.005433338634251,2,0,1,1,1
cell_subsample,0.75,0,49,xenium_human_lymph_node,1568.8372,58.0803,58.0803,1,1,1.0,1,1.0,1,0.8261,1,0.8143,3.3500699638337865,5.061158729009055,1,1,1,1,1
cell_subsample,0.75,0,50,xenium_human_lymph_node,1551.2832,68.2811,69.5631,3,0,1.0,1,0.6667,1,0.9,1,0.8814,3.0549104636459354,3.664464067158729,3,0,1,1,1
cell_subsample,0.75,0,51,xenium_human_lymph_node,1492.7176,95.0873,96.1652,3,0,1.0,1,1.0,1,1.0,1,0.9189,2.377299645782237,7.704494385644157,11,0,0,0,1
cell_subsample,0.75,0,52,xenium_human_lymph_node,1591.0134,56.1298,56.1298,1,1,1.0,1,1.0,1,1.0,1,0.8,3.4220892300189774,4.267016318835369,1,1,1,1,1
cell_subsample,0.75,0,53,xenium_human_lymph_node,1510.9325,51.4364,53.2658,5,0,1.0,0,1.0,1,0.9412,1,0.8641,3.3856226149060786,4.149452235308732,5,0,0,1,1
cell_subsample,0.75,0,54,xenium_human_lymph_node,1498.7369,50.1012,54.7348,22,0,1.0,0,1.0,0,1.0,1,0.8519,3.376596925304724,4.75967556506873,22,0,0,0,1
cell_subsample,0.75,0,55,xenium_human_lymph_node,1452.0907,50.6638,50.6638,1,1,1.0,1,1.0,1,1.0,1,0.9388,3.4807495325530216,4.654295912067272,1,1,1,1,1
cell_subsample,0.75,0,56,xenium_human_lymph_node,1480.1501,47.7003,50.3017,12,0,1.0,0,1.0,1,1.0,1,0.9577,3.5006783494969262,4.642881471867356,12,0,0,1,1
cell_subsample,0.75,0,57,xenium_human_lymph_node,1469.1456,53.6257,53.6257,1,1,1.0,1,1.0,1,1.0,1,1.0,3.319443130995826,5.78665588079872,1,1,1,1,1
cell_subsample,0.75,0,58,xenium_human_lymph_node,1435.2428,54.7787,57.6435,7,0,1.0,0,1.0,1,1.0,1,0.9589,3.3140685823511884,4.238932635000239,7,0,0,1,1
cell_subsample,0.75,0,59,xenium_human_lymph_node,1482.5094,47.3972,48.5598,2,0,1.0,1,1.0,1,1.0,1,0.9706,3.5426629340948845,5.256344338146296,2,0,1,1,1
cell_subsample,0.75,0,60,xenium_human_lymph_node,1449.0435,103.5844,109.0258,7,0,0.0,0,0.0,0,0.0,1,0.75,2.227763576484883,6.435119955696566,1,1,1,1,1
cell_subsample,0.75,0,61,xenium_human_lymph_node,1455.1843,48.3149,50.6137,4,0,1.0,0,1.0,1,1.0,1,0.9756,3.4972610041567878,3.773858886240204,4,0,0,1,1
cell_subsample,0.75,0,62,xenium_human_lymph_node,1456.1384,49.5907,49.9121,3,1,1.0,1,1.0,1,0.8667,1,0.8289,3.49409474352084,4.8309706266773595,3,1,1,1,1
cell_subsample,0.75,0,63,xenium_human_lymph_node,1443.7043,53.3106,56.2792,36,0,0.6667,0,0.9091,1,0.8462,1,0.7512,3.458565668477111,4.373427257343626,36,0,0,1,1
cell_subsample,0.75,0,64,xenium_human_lymph_node,1425.8984,53.6778,53.6778,1,1,1.0,1,1.0,1,0.8889,1,0.7705,3.392456126784927,5.149319739361463,1,1,1,1,1
cell_subsample,0.75,0,65,xenium_human_lymph_node,1482.7574,63.3858,63.5423,2,1,1.0,1,0.75,1,0.9429,1,0.7371,3.1023271616916053,5.031453063956042,2,1,1,1,1
cell_subsample,0.75,0,66,xenium_human_lymph_node,1467.0981,63.7375,63.7375,1,1,1.0,1,1.0,1,1.0,1,0.9275,3.100125160623865,6.771245269517662,1,1,1,1,1
cell_subsample,0.75,0,67,xenium_human_lymph_node,1494.0681,47.1795,53.4284,42,0,1.0,0,1.0,0,1.0,0,0.9714,3.4915512829727526,4.970266394768556,42,0,0,0,0
cell_subsample,0.75,0,68,xenium_human_lymph_node,1464.3956,55.8857,55.8857,1,1,1.0,1,1.0,1,0.95,1,0.8043,3.3845479409374364,4.76650097019141,1,1,1,1,1
cell_subsample,0.75,0,69,xenium_human_lymph_node,1422.8637,94.0005,101.1094,148,0,0.0,0,0.5,0,0.6667,0,0.7976,2.3289951137942833,6.907380445516692,5,0,0,1,1
cell_subsample,0.75,0,70,xenium_human_lymph_node,1417.9471,52.241,55.7679,59,0,1.0,0,0.9286,0,0.8696,1,0.7917,3.533588520701168,4.885969880541567,59,0,0,0,1
cell_subsample,0.75,0,71,xenium_human_lymph_node,1432.5622,46.2645,46.2645,1,1,1.0,1,1.0,1,1.0,1,1.0,3.497002846644028,2.8859066105150415,1,1,1,1,1
cell_subsample,0.75,0,72,xenium_human_lymph_node,1444.3816,49.372,49.372,1,1,1.0,1,1.0,1,1.0,1,0.9706,3.420361892992963,4.232331556990651,1,1,1,1,1
cell_subsample,0.75,0,73,xenium_human_lymph_node,1451.6294,93.8224,96.3252,11,0,0.6667,0,0.8333,1,0.6667,1,0.781,2.306191396634083,6.42017543922682,22,0,0,0,1
cell_subsample,0.75,0,74,xenium_human_lymph_node,1448.9825,45.1987,45.1987,1,1,1.0,1,1.0,1,0.9286,1,0.869,3.4821271584886917,4.516218142063476,1,1,1,1,1
cell_subsample,0.75,0,75,xenium_human_lymph_node,1455.2298,59.136,60.0913,6,0,1.0,1,1.0,1,0.9,1,0.8606,3.3146096522066983,4.238093251285414,6,0,1,1,1
cell_subsample,0.75,0,76,xenium_human_lymph_node,1443.3845,52.6895,53.5847,3,0,1.0,1,0.8333,1,0.8824,1,0.8208,3.362971159597011,4.388997644777723,3,0,1,1,1
cell_subsample,0.75,0,77,xenium_human_lymph_node,1472.8514,51.0998,54.7071,23,0,1.0,0,1.0,0,0.9286,1,0.9062,3.5519833240532708,5.712017859803807,23,0,0,0,1
cell_subsample,0.75,0,78,xenium_human_lymph_node,1452.9332,47.3882,49.1988,6,0,1.0,0,1.0,1,0.9286,1,0.9265,3.4764461214727413,3.3332082100213176,6,0,0,1,1
cell_subsample,0.75,0,79,xenium_human_lymph_node,1430.3555,63.156,65.2613,5,0,1.0,0,1.0,1,0.9231,1,0.8515,3.2846496280432476,4.147586304833761,5,0,0,1,1
cell_subsample,0.75,0,80,xenium_human_lymph_node,1441.7811,44.0226,51.1348,27,0,1.0,0,1.0,0,1.0,0,1.0,3.502071299851162,4.583515431605515,27,0,0,0,0
cell_subsample,0.75,0,81,xenium_human_lymph_node,1435.6808,54.1123,59.4212,27,0,1.0,0,1.0,0,1.0,1,0.8542,3.2951336914780986,5.303533584399529,27,0,0,0,1
cell_subsample,0.75,0,82,xenium_human_lymph_node,1470.1003,54.1828,56.2243,7,0,1.0,0,1.0,1,1.0,1,0.8824,3.3615200550389877,3.755235023713859,7,0,0,1,1
cell_subsample,0.75,0,83,xenium_human_lymph_node,1487.0659,53.6954,58.4137,13,0,1.0,0,1.0,0,1.0,1,0.9032,3.339696118332465,6.194073334072642,13,0,0,0,1
cell_subsample,0.75,0,84,xenium_human_lymph_node,1442.7339,67.3576,67.399,2,1,1.0,1,1.0,1,1.0,1,0.7619,2.9805080539068824,3.788481866148558,2,1,1,1,1
cell_subsample,0.75,0,85,xenium_human_lymph_node,1431.3342,52.5167,53.1158,2,1,1.0,1,1.0,1,1.0,1,0.8871,3.3746499382792687,4.81798308262235,2,1,1,1,1
cell_subsample,0.75,0,86,xenium_human_lymph_node,1442.8597,52.6188,58.7443,52,0,1.0,0,1.0,0,1.0,1,0.9423,3.3806358919312944,4.505913416609967,52,0,0,0,1
cell_subsample,0.75,0,87,xenium_human_lymph_node,1445.011,79.6342,84.1114,114,0,1.0,0,0.875,0,0.9459,1,0.775,2.519772533389162,8.46924261944948,114,0,0,0,1
cell_subsample,0.75,0,88,xenium_human_lymph_node,1413.0367,57.8073,59.1917,3,0,1.0,1,1.0,1,1.0,1,0.9286,3.432319654679877,3.6923887593818314,3,0,1,1,1
cell_subsample,0.75,0,89,xenium_human_lymph_node,1420.1139,59.2967,60.4805,7,0,1.0,1,1.0,1,0.9038,1,0.745,3.3233862217729087,6.741288694744715,7,0,1,1,1
cell_subsample,0.75,0,90,xenium_human_lymph_node,1415.4494,89.6834,92.8344,29,0,1.0,0,0.8,0,0.8571,1,0.8042,2.4481939424711854,7.940107072377254,29,0,0,0,1
cell_subsample,0.75,0,91,xenium_human_lymph_node,1458.5592,51.8746,54.2631,8,0,1.0,0,1.0,1,1.0,1,0.8803,3.5297295177592916,3.927080742551537,8,0,0,1,1
cell_subsample,0.75,0,92,xenium_human_lymph_node,1439.554,57.9569,60.6131,9,0,1.0,0,1.0,1,1.0,1,0.8264,3.2715026521822583,5.651812829241318,9,0,0,1,1
cell_subsample,0.75,0,93,xenium_human_lymph_node,1423.7831,63.7931,66.465,9,0,1.0,0,1.0,1,1.0,1,0.9123,3.2784202518963137,5.176099959596087,9,0,0,1,1
cell_subsample,0.75,0,94,xenium_human_lymph_node,1425.9933,54.9805,55.6861,3,0,1.0,1,1.0,1,0.9333,1,0.9355,3.3149994425455986,5.654599550529936,3,0,1,1,1
cell_subsample,0.75,0,95,xenium_human_lymph_node,1410.9795,52.9306,54.4481,2,0,1.0,1,1.0,1,1.0,1,0.9375,3.2927599783356616,4.457673144220576,2,0,1,1,1
cell_subsample,0.75,0,96,xenium_human_lymph_node,1498.236,51.6752,52.7095,2,0,1.0,1,1.0,1,1.0,1,0.902,3.326617316487403,5.0252513322190735,2,0,1,1,1
cell_subsample,0.75,0,97,xenium_human_lymph_node,1522.5678,94.2516,94.2516,1,1,1.0,1,1.0,1,1.0,1,0.9583,2.3216851696715666,6.690414904186484,60,0,0,0,0
cell_subsample,0.75,0,98,xenium_human_lymph_node,1510.8327,94.7943,97.7161,24,0,1.0,0,1.0,1,0.9615,1,0.8182,2.3371249143102615,7.584293634191773,15,0,0,1,1
cell_subsample,0.75,0,99,xenium_human_lymph_node,1492.7139,57.3673,64.1865,156,0,1.0,0,1.0,0,0.9091,0,0.7387,3.307288116536605,6.734402666625928,156,0,0,0,0
cell_subsample,0.75,1,0,xenium_human_lymph_node,1444.8058,93.6197,101.1063,97,0,1.0,0,1.0,0,1.0,0,0.7857,2.3455555056573165,6.3220738055571255,97,0,0,0,0
cell_subsample,0.75,1,1,xenium_human_lymph_node,1480.4376,56.8509,56.8509,1,1,1.0,1,1.0,1,1.0,1,0.975,3.3700439681657697,4.471262709637654,1,1,1,1,1
cell_subsample,0.75,1,2,xenium_human_lymph_node,1490.5593,50.962,54.7778,12,0,1.0,0,1.0,0,1.0,1,0.9423,3.4518759703724937,3.0890753547682936,12,0,0,0,1
cell_subsample,0.75,1,3,xenium_human_lymph_node,1463.7223,46.3401,46.6506,2,1,1.0,1,1.0,1,0.9524,1,0.8313,3.4255325089905346,4.836325460782126,2,1,1,1,1
cell_subsample,0.75,1,4,xenium_human_lymph_node,1435.0137,52.8463,58.5684,40,0,1.0,0,1.0,0,1.0,1,0.8475,3.28399048157802,5.545939142347814,40,0,0,0,1
cell_subsample,0.75,1,5,xenium_human_lymph_node,1459.1823,57.2226,61.0198,43,0,1.0,0,1.0,0,1.0,1,0.8492,3.3792523719884833,4.102101317068223,43,0,0,0,1
cell_subsample,0.75,1,6,xenium_human_lymph_node,1463.56,94.573,94.573,1,1,0.5,1,0.3333,1,0.4,1,0.7368,2.312041788121874,5.971530688744421,2,1,1,1,1
cell_subsample,0.75,1,7,xenium_human_lymph_node,1478.6288,95.1399,99.0293,2,0,0.0,0,0.0,0,0.0,1,0.25,2.2400185925985894,4.710255910234201,1,1,1,1,1
cell_subsample,0.75,1,8,xenium_human_lymph_node,1487.3382,62.4029,64.0825,8,0,1.0,0,1.0,1,0.8438,1,0.7461,3.301612580593986,4.842174956938066,8,0,0,1,1
cell_subsample,0.75,1,9,xenium_human_lymph_node,1519.083,56.3787,56.3787,1,1,1.0,1,1.0,1,1.0,1,0.9714,3.3000530263045746,5.635043757228351,1,1,1,1,1
cell_subsample,0.75,1,10,xenium_human_lymph_node,1507.6875,64.6732,64.6732,1,1,1.0,1,1.0,1,1.0,1,0.9091,3.1343056868338177,5.7787234046870495,1,1,1,1,1
cell_subsample,0.75,1,11,xenium_human_lymph_node,1495.1359,57.0123,57.0123,1,1,1.0,1,1.0,1,0.8571,1,0.8586,3.336384472187049,5.236426779142477,1,1,1,1,1
cell_subsample,0.75,1,12,xenium_human_lymph_node,1492.297,99.337,107.3173,182,0,0.5,0,0.6667,0,0.6,0,0.8033,2.3855815116824433,6.941616717443297,7,0,0,1,1
cell_subsample,0.75,1,13,xenium_human_lymph_node,1507.3884,53.542,59.5528,105,0,1.0,0,1.0,0,1.0,1,0.8972,3.4301141172078524,5.224257360283738,105,0,0,0,1
cell_subsample,0.75,1,14,xenium_human_lymph_node,1517.72,73.5679,73.5679,1,1,1.0,1,0.8889,1,0.9333,1,0.781,2.652017746871853,5.223319059847231,1,1,1,1,1
cell_subsample,0.75,1,15,xenium_human_lymph_node,1466.4679,97.4644,103.1576,149,0,1.0,0,1.0,0,0.8929,1,0.7598,2.1674260359855197,6.709359831624892,123,0,0,0,1
cell_subsample,0.75,1,16,xenium_human_lymph_node,1454.7562,51.1935,56.0208,45,0,1.0,0,1.0,0,0.9231,1,0.9054,3.4171233325360904,5.288624116442687,45,0,0,0,1
cell_subsample,0.75,1,17,xenium_human_lymph_node,1474.393,66.0313,70.2564,7,0,1.0,0,1.0,0,1.0,1,0.85,3.0545336401227443,5.757487665012982,7,0,0,0,1
cell_subsample,0.75,1,18,xenium_human_lymph_node,1472.1663,56.3622,59.4046,13,0,1.0,0,1.0,1,1.0,1,0.8922,3.3411535098314387,4.686914652105259,13,0,0,1,1
cell_subsample,0.75,1,19,xenium_human_lymph_node,1455.7635,54.7547,58.3176,10,0,1.0,0,1.0,0,0.8571,1,0.9091,3.3994923925094134,4.763819194946661,10,0,0,0,1
cell_subsample,0.75,1,20,xenium_human_lymph_node,1452.7976,99.3431,100.1974,2,0,1.0,1,1.0,1,0.875,1,0.8545,2.2103518935238373,5.835522693024786,8,0,0,1,1
cell_subsample,0.75,1,21,xenium_human_lymph_node,1460.622,56.527,57.6654,3,0,1.0,1,1.0,1,0.9231,1,0.9194,3.305859409205716,3.9360287373130873,3,0,1,1,1
cell_subsample,0.75,1,22,xenium_human_lymph_node,1811.2224,96.5448,101.0745,12,0,1.0,0,1.0,0,1.0,1,0.9091,2.340959948289766,7.5496389896344,12,0,0,0,1
cell_subsample,0.75,1,23,xenium_human_lymph_node,1481.7528,92.1286,93.5914,8,0,1.0,0,1.0,1,0.9231,1,0.8817,2.304489403838773,6.4216041168100375,8,0,0,1,1
cell_subsample,0.75,1,24,xenium_human_lymph_node,1423.9507,52.8904,55.2456,18,0,1.0,0,1.0,1,1.0,1,0.8571,3.4211945197350295,4.641936309978548,18,0,0,1,1
cell_subsample,0.75,1,25,xenium_human_lymph_node,1509.0711,48.9604,48.9604,1,1,1.0,1,1.0,1,1.0,1,0.9655,3.3945013472627266,3.326990373511664,1,1,1,1,1
cell_subsample,0.75,1,26,xenium_human_lymph_node,1474.3346,63.6542,64.6326,2,0,1.0,1,1.0,1,1.0,1,0.9016,2.942638665094513,4.2298150664268075,2,0,1,1,1
cell_subsample,0.75,1,27,xenium_human_lymph_node,1469.5165,59.148,59.148,1,1,1.0,1,1.0,1,1.0,1,0.9216,3.4022213178155263,5.734236038663062,1,1,1,1,1
cell_subsample,0.75,1,28,xenium_human_lymph_node,1514.577,50.4841,51.6225,4,0,1.0,1,1.0,1,1.0,1,0.9342,3.5408267544036733,4.198653171225461,4,0,1,1,1
cell_subsample,0.75,1,29,xenium_human_lymph_node,1503.9187,65.4209,65.6916,2,1,1.0,1,1.0,1,1.0,1,0.9355,3.2748789359393173,5.994414943337375,2,1,1,1,1
cell_subsample,0.75,1,30,xenium_human_lymph_node,1469.0526,45.812,50.8584,19,0,1.0,0,1.0,0,1.0,1,0.9259,3.4227285333268314,3.8704974711069777,19,0,0,0,1
cell_subsample,0.75,1,31,xenium_human_lymph_node,1458.1731,90.6601,91.5404,2,0,1.0,1,1.0,1,0.8333,1,0.8514,2.3342507999615845,3.841121022127704,2,0,1,1,1
cell_subsample,0.75,1,32,xenium_human_lymph_node,1459.3047,60.7504,60.7504,1,1,1.0,1,1.0,1,1.0,1,0.9706,3.40021814125533,3.0942968788412544,1,1,1,1,1
cell_subsample,0.75,1,33,xenium_human_lymph_node,1435.123,76.3857,76.3857,1,1,1.0,1,1.0,1,0.5,1,0.6667,2.967703716327669,5.214123513152624,1,1,1,1,1
cell_subsample,0.75,1,34,xenium_human_lymph_node,1441.5887,44.1298,45.1328,2,0,1.0,1,1.0,1,1.0,1,0.9,3.4217218369072113,4.378154246404798,2,0,1,1,1
cell_subsample,0.75,1,35,xenium_human_lymph_node,1482.301,50.0516,50.5986,4,1,1.0,1,1.0,1,0.9524,1,0.8716,3.483967267517997,3.9711281259863402,4,1,1,1,1
cell_subsample,0.75,1,36,xenium_human_lymph_node,1454.6022,60.3986,64.4398,21,0,1.0,0,1.0,0,1.0,1,0.8846,3.227215868395169,4.6245467809055,21,0,0,0,1
cell_subsample,0.75,1,37,xenium_human_lymph_node,1423.9537,52.1523,58.2233,77,0,1.0,0,1.0,0,1.0,0,0.8654,3.4253053932487156,6.1010646264523345,77,0,0,0,0
cell_subsample,0.75,1,38,xenium_human_lymph_node,1418.3591,47.1105,52.048,31,0,1.0,0,1.0,0,0.9167,1,0.9474,3.4966142351065557,4.668481529957586,31,0,0,0,1
cell_subsample,0.75,1,39,xenium_human_lymph_node,1425.4174,57.1556,58.0431,2,0,1.0,1,1.0,1,0.9545,1,0.9231,3.364172358252272,4.109643137934006,2,0,1,1,1
cell_subsample,0.75,1,40,xenium_human_lymph_node,1441.7628,54.8418,54.9753,3,1,1.0,1,1.0,1,0.9167,1,0.8601,3.350805142991128,5.580872871804472,3,1,1,1,1
cell_subsample,0.75,1,41,xenium_human_lymph_node,1434.7276,71.2363,74.3801,16,0,1.0,0,1.0,0,0.9286,1,0.7771,3.1772775176278323,4.395171446081889,16,0,0,0,1
cell_subsample,0.75,1,42,xenium_human_lymph_node,1444.1115,53.8966,55.0647,7,0,1.0,1,1.0,1,0.96,1,0.8,3.3374976536690095,5.332646619382938,7,0,1,1,1
cell_subsample,0.75,1,43,xenium_human_lymph_node,1417.4892,49.6057,55.965,57,0,1.0,0,1.0,0,0.875,0,0.8846,3.3848343896844715,3.910226460730599,57,0,0,0,0
cell_subsample,0.75,1,44,xenium_human_lymph_node,1417.0576,95.1399,95.1399,1,1,1.0,1,1.0,1,1.0,1,0.9787,2.1869589721164786,6.107507339297311,1,1,1,1,1
cell_subsample,0.75,1,45,xenium_human_lymph_node,1549.6043,58.1405,58.1405,1,1,1.0,1,1.0,1,1.0,1,0.9184,3.3596736590687324,4.558778709801063,1,1,1,1,1
cell_subsample,0.75,1,46,xenium_human_lymph_node,1539.9287,72.9522,76.1797,13,0,1.0,0,1.0,0,0.9,1,0.8182,3.0607508353215875,5.329518676509405,13,0,0,0,1
cell_subsample,0.75,1,47,xenium_human_lymph_node,1472.6931,95.4536,97.0331,4,0,1.0,0,0.6667,1,0.7692,1,0.8313,2.2690279134102562,7.036571579054679,4,0,0,1,1
cell_subsample,0.75,1,48,xenium_human_lymph_node,1425.3275,91.1799,91.1799,1,1,1.0,1,1.0,1,1.0,1,0.8481,2.1959701231668864,5.244477227512819,1,1,1,1,1
cell_subsample,0.75,1,49,xenium_human_lymph_node,1429.7666,58.0803,58.0803,1,1,1.0,1,1.0,1,0.7826,1,0.85,3.355312486718474,4.279158736859796,1,1,1,1,1
cell_subsample,0.75,1,50,xenium_human_lymph_node,1434.1077,68.2811,69.291,2,0,1.0,1,1.0,1,1.0,1,0.8814,3.097260673153518,4.9045966920271375,2,0,1,1,1
cell_subsample,0.75,1,51,xenium_human_lymph_node,1468.3207,95.0873,95.0873,1,1,1.0,1,1.0,1,1.0,1,0.8649,2.3480136995687695,4.917199462858327,1,1,1,1,1
cell_subsample,0.75,1,52,xenium_human_lymph_node,1460.2269,56.1298,56.1298,1,1,1.0,1,1.0,1,1.0,1,0.8,3.3945705036131764,5.503557807229061,1,1,1,1,1
cell_subsample,0.75,1,53,xenium_human_lymph_node,1507.507,51.4364,54.7027,20,0,1.0,0,1.0,0,0.9412,1,0.9126,3.4125869117068506,3.705054546311121,20,0,0,0,1
cell_subsample,0.75,1,54,xenium_human_lymph_node,1511.5456,50.1012,54.375,13,0,1.0,0,1.0,0,1.0,1,0.9074,3.392425477947796,5.101555641222165,13,0,0,0,1
cell_subsample,0.75,1,55,xenium_human_lymph_node,1513.7858,50.6638,56.1866,30,0,1.0,0,1.0,0,1.0,1,1.0,3.4968158101507654,4.650275215844328,30,0,0,0,1
cell_subsample,0.75,1,56,xenium_human_lymph_node,1518.4714,47.7003,47.7003,1,1,1.0,1,1.0,1,1.0,1,0.9437,3.522717613930986,4.368351870235141,1,1,1,1,1
cell_subsample,0.75,1,57,xenium_human_lymph_node,1448.793,53.6257,56.0167,2,0,1.0,0,1.0,1,1.0,1,0.9231,3.3261218269537807,4.975547031393428,2,0,0,1,1
cell_subsample,0.75,1,58,xenium_human_lymph_node,1504.9339,54.7787,54.9827,2,1,1.0,1,1.0,1,1.0,1,0.9178,3.2478916525106962,2.7148626876852964,2,1,1,1,1
cell_subsample,0.75,1,59,xenium_human_lymph_node,1516.8759,47.3972,52.5538,19,0,1.0,0,1.0,0,1.0,1,0.9706,3.5382990112079606,4.808451099847081,19,0,0,0,1
cell_subsample,0.75,1,60,xenium_human_lymph_node,1471.338,103.5844,109.1276,9,0,0.0,0,0.0,0,0.0,1,0.75,2.2031706352236915,5.578259571576292,1,1,1,1,1
cell_subsample,0.75,1,61,xenium_human_lymph_node,1510.6124,48.3149,48.3149,1,1,1.0,1,1.0,1,1.0,1,0.9756,3.4880133069531363,3.494192973768714,1,1,1,1,1
cell_subsample,0.75,1,62,xenium_human_lymph_node,1522.9796,49.5907,52.0877,11,0,1.0,0,1.0,1,1.0,1,0.8684,3.493443652198705,5.18110433139834,11,0,0,1,1
cell_subsample,0.75,1,63,xenium_human_lymph_node,1519.3053,53.3106,53.8138,3,1,1.0,1,1.0,1,0.9231,1,0.7793,3.440766159846212,3.7406560067370425,3,1,1,1,1
cell_subsample,0.75,1,64,xenium_human_lymph_node,1508.1867,53.6778,54.1726,2,1,1.0,1,1.0,1,0.7222,1,0.7869,3.4055266770199926,5.158633763170678,2,1,1,1,1
cell_subsample,0.75,1,65,xenium_human_lymph_node,1512.9162,63.3858,64.9463,9,0,1.0,0,0.875,1,0.9714,1,0.7672,3.175084946971517,5.451025313021633,9,0,0,1,1
cell_subsample,0.75,1,66,xenium_human_lymph_node,1524.9072,63.7375,63.7375,1,1,1.0,1,1.0,1,1.0,1,0.9275,3.0990608994011715,5.503646681084051,1,1,1,1,1
cell_subsample,0.75,1,67,xenium_human_lymph_node,1484.1795,47.1795,50.2655,3,0,1.0,0,1.0,0,1.0,1,0.9714,3.4598576348423373,3.754112950944904,3,0,0,0,1
cell_subsample,0.75,1,68,xenium_human_lymph_node,1514.0027,55.8857,58.4459,12,0,1.0,0,1.0,1,0.95,1,0.8623,3.366964545901694,4.668103539092212,12,0,0,1,1
cell_subsample,0.75,1,69,xenium_human_lymph_node,1535.3359,94.0005,101.1094,148,0,0.0,0,0.5,0,0.75,0,0.8095,2.3647212451434143,6.375688781279414,5,0,0,1,1
cell_subsample,0.75,1,70,xenium_human_lymph_node,1534.1832,52.241,53.8209,16,0,1.0,0,1.0,1,1.0,1,0.8698,3.524158502209966,4.593694251580506,16,0,0,1,1
cell_subsample,0.75,1,71,xenium_human_lymph_node,1537.6172,46.2645,48.7971,5,0,1.0,0,1.0,1,1.0,1,1.0,3.4674836942146965,4.083040161655926,5,0,0,1,1
cell_subsample,0.75,1,72,xenium_human_lymph_node,1578.8631,49.372,49.372,1,1,1.0,1,1.0,1,1.0,1,0.9412,3.406205666642593,4.214132493339304,1,1,1,1,1
cell_subsample,0.75,1,73,xenium_human_lymph_node,1533.303,93.8224,98.4361,48,0,0.6667,0,0.8333,0,0.8,1,0.819,2.3631151281975917,7.990373900741118,24,0,0,0,1
cell_subsample,0.75,1,74,xenium_human_lymph_node,1513.7803,45.1987,47.6132,8,0,1.0,0,1.0,1,1.0,1,0.8571,3.506322450734795,4.704632231741138,8,0,0,1,1
cell_subsample,0.75,1,75,xenium_human_lymph_node,1495.7198,59.136,62.7597,50,0,1.0,0,1.0,0,0.9667,1,0.8667,3.313106680385837,5.094163643564666,50,0,0,0,1
cell_subsample,0.75,1,76,xenium_human_lymph_node,1510.7805,52.6895,55.3507,14,0,1.0,0,1.0,1,1.0,1,0.8774,3.3823754099053995,3.841923750149586,14,0,0,1,1
cell_subsample,0.75,1,77,xenium_human_lymph_node,1505.1496,51.0998,51.6093,2,1,1.0,1,1.0,1,0.9286,1,0.9167,3.5281381358313206,4.45055770763601,2,1,1,1,1
cell_subsample,0.75,1,78,xenium_human_lymph_node,1499.6264,47.3882,49.8395,9,0,1.0,0,1.0,1,0.8571,1,0.9265,3.4890970183993937,5.139491950098269,9,0,0,1,1
cell_subsample,0.75,1,79,xenium_human_lymph_node,1502.5808,63.156,63.156,1,1,1.0,1,1.0,1,0.8462,1,0.8911,3.2981429750572007,4.799799647153436,1,1,1,1,1
cell_subsample,0.75,1,80,xenium_human_lymph_node,1495.0929,44.0226,44.0226,1,1,1.0,1,1.0,1,1.0,1,1.0,3.4617221057678242,3.383256394617727,1,1,1,1,1
cell_subsample,0.75,1,81,xenium_human_lymph_node,1523.1755,54.1123,59.9052,33,0,1.0,0,1.0,0,1.0,1,0.8958,3.2726470719020644,5.579698549863704,33,0,0,0,1
cell_subsample,0.75,1,82,xenium_human_lymph_node,1515.4925,54.1828,54.5044,2,1,1.0,1,1.0,1,1.0,1,0.8588,3.3829121574890064,5.239361748336896,2,1,1,1,1
cell_subsample,0.75,1,83,xenium_human_lymph_node,1504.0459,53.6954,59.7676,29,0,1.0,0,1.0,0,1.0,1,0.9355,3.2848236977208005,4.913590706249425,29,0,0,0,1
cell_subsample,0.75,1,84,xenium_human_lymph_node,1470.3635,67.3576,69.0743,6,0,1.0,0,1.0,1,1.0,1,0.754,3.068674738521453,6.054369305868814,6,0,0,1,1
cell_subsample,0.75,1,85,xenium_human_lymph_node,1489.2982,52.5167,53.1158,2,1,0.5,1,0.6667,1,0.875,1,0.9355,3.3860289084649726,3.441782632611298,2,1,1,1,1
cell_subsample,0.75,1,86,xenium_human_lymph_node,1596.7291,52.6188,55.4647,4,0,1.0,0,1.0,1,1.0,1,0.8846,3.402684979710589,4.257024375728729,4,0,0,1,1
cell_subsample,0.75,1,87,xenium_human_lymph_node,1505.598,79.6342,81.27,9,0,1.0,0,1.0,1,1.0,1,0.7958,2.431549855706755,7.63450373387454,9,0,0,1,1
cell_subsample,0.75,1,88,xenium_human_lymph_node,1521.324,57.8073,58.2001,2,1,1.0,1,1.0,1,1.0,1,0.9143,3.438370835344259,4.441929560871917,2,1,1,1,1
cell_subsample,0.75,1,89,xenium_human_lymph_node,1478.4341,59.2967,63.7222,123,0,1.0,0,0.8182,0,0.7885,1,0.7331,3.2623547601661884,5.356782115828443,123,0,0,0,1
cell_subsample,0.75,1,90,xenium_human_lymph_node,1606.0854,89.6834,102.2779,1130,0,1.0,0,0.8,0,0.9286,0,0.7989,2.435557387628575,6.558972571359371,1130,0,0,0,0
cell_subsample,0.75,1,91,xenium_human_lymph_node,1616.7776,51.8746,54.2631,8,0,1.0,0,1.0,1,1.0,1,0.8291,3.5245451490783917,4.50809172995351,8,0,0,1,1
cell_subsample,0.75,1,92,xenium_human_lymph_node,1653.7789,57.9569,57.9569,1,1,1.0,1,1.0,1,1.0,1,0.8182,3.2244549189835925,3.886880514754782,1,1,1,1,1
cell_subsample,0.75,1,93,xenium_human_lymph_node,1668.1923,63.7931,63.7931,1,1,1.0,1,0.8,1,0.9091,1,0.9123,3.2840561015241856,4.222285562824648,1,1,1,1,1
cell_subsample,0.75,1,94,xenium_human_lymph_node,1612.1493,54.9805,56.7567,5,0,1.0,0,1.0,1,0.9333,1,0.8925,3.3121903587423733,6.3522304646227825,5,0,0,1,1
cell_subsample,0.75,1,95,xenium_human_lymph_node,1480.935,52.9306,54.4481,2,0,1.0,1,1.0,1,1.0,1,0.9219,3.3024648540265216,4.11249647927931,2,0,1,1,1
cell_subsample,0.75,1,96,xenium_human_lymph_node,1472.947,51.6752,52.7095,2,0,1.0,1,1.0,1,1.0,1,1.0,3.307712092116921,4.7269642796260065,2,0,1,1,1
cell_subsample,0.75,1,97,xenium_human_lymph_node,1537.6985,94.2516,94.2516,1,1,1.0,1,1.0,1,1.0,1,1.0,2.317803769502556,5.54435329849815,1,1,1,1,1
cell_subsample,0.75,1,98,xenium_human_lymph_node,1580.7874,94.7943,105.7451,930,0,0.5,0,0.875,0,0.9231,0,0.823,2.342418125656358,7.49499567235518,331,0,0,0,0
cell_subsample,0.75,1,99,xenium_human_lymph_node,1626.5555,57.3673,61.9468,46,0,1.0,0,1.0,0,0.9091,1,0.8559,3.224133499127523,5.1185452941721525,46,0,0,0,1
cell_subsample,0.75,2,0,xenium_human_lymph_node,1444.2662,93.6197,94.5986,2,0,1.0,1,1.0,1,1.0,1,0.7857,2.373732003260012,6.76010536976463,2,0,1,1,1
cell_subsample,0.75,2,1,xenium_human_lymph_node,1436.1007,56.8509,56.8509,1,1,1.0,1,1.0,1,1.0,1,0.975,3.3641456387532345,3.6843209883352417,1,1,1,1,1
cell_subsample,0.75,2,2,xenium_human_lymph_node,1434.1493,50.962,53.6742,5,0,1.0,0,1.0,1,1.0,1,0.9231,3.4526417983669666,4.080233223572859,5,0,0,1,1
cell_subsample,0.75,2,3,xenium_human_lymph_node,1745.8139,46.3401,49.1007,18,0,1.0,0,1.0,1,1.0,1,0.9036,3.368777149564343,4.812048825000997,18,0,0,1,1
cell_subsample,0.75,2,4,xenium_human_lymph_node,1422.9656,52.8463,57.7853,27,0,1.0,0,1.0,0,1.0,1,0.9153,3.296835684273409,4.549255249584871,27,0,0,0,1
cell_subsample,0.75,2,5,xenium_human_lymph_node,1434.9011,57.2226,58.234,2,0,1.0,1,1.0,1,1.0,1,0.8547,3.404612712979385,3.6269818409402346,2,0,1,1,1
cell_subsample,0.75,2,6,xenium_human_lymph_node,1427.3893,94.573,94.573,1,1,0.5,1,0.3333,1,0.4,1,0.7368,2.302879161087952,7.3158725664720095,4,0,0,1,1
cell_subsample,0.75,2,7,xenium_human_lymph_node,1430.3864,95.1399,99.0293,2,0,0.0,0,0.0,0,0.0,1,0.25,2.2953275626724703,6.492832961028262,1,1,1,1,1
cell_subsample,0.75,2,8,xenium_human_lymph_node,1451.8905,62.4029,64.1626,9,0,0.5,0,0.75,1,0.875,1,0.7824,3.3259732979738366,5.92640260021454,9,0,0,1,1
cell_subsample,0.75,2,9,xenium_human_lymph_node,1412.7228,56.3787,56.3787,1,1,1.0,1,1.0,1,1.0,1,0.9429,3.2798118269822165,5.9157359203515645,1,1,1,1,1
cell_subsample,0.75,2,10,xenium_human_lymph_node,1456.3274,64.6732,64.6732,1,1,1.0,1,1.0,1,1.0,1,1.0,3.0821407766356548,5.095703981503812,1,1,1,1,1
cell_subsample,0.75,2,11,xenium_human_lymph_node,1471.5309,57.0123,57.0123,1,1,1.0,1,1.0,1,0.8571,1,0.8687,3.362782551368511,5.76047099051298,1,1,1,1,1
cell_subsample,0.75,2,12,xenium_human_lymph_node,1452.8451,99.337,99.337,1,1,0.5,1,0.6667,1,0.6,1,0.7869,2.3778100668006155,6.013758100201199,2,1,1,1,1
cell_subsample,0.75,2,13,xenium_human_lymph_node,1440.2969,53.542,55.154,10,0,1.0,0,1.0,1,1.0,1,0.9065,3.4255419394019597,5.77209269244958,10,0,0,1,1
cell_subsample,0.75,2,14,xenium_human_lymph_node,1409.3055,73.5679,74.6066,7,0,0.6667,1,0.7778,1,0.8,1,0.7667,2.7329063150022668,6.742627807463467,7,0,1,1,1
cell_subsample,0.75,2,15,xenium_human_lymph_node,1436.9581,97.4644,100.5299,28,0,1.0,0,1.0,1,0.9286,1,0.7318,2.2012083237796705,8.271626397017004,123,0,0,0,1
cell_subsample,0.75,2,16,xenium_human_lymph_node,1454.6057,51.1935,52.035,3,0,1.0,1,1.0,1,1.0,1,0.9459,3.3949712960987393,5.2704001945786745,3,0,1,1,1
cell_subsample,0.75,2,17,xenium_human_lymph_node,1431.5368,66.0313,66.0313,1,1,1.0,1,1.0,1,1.0,1,0.95,3.069332902652157,6.004605034761808,1,1,1,1,1
cell_subsample,0.75,2,18,xenium_human_lymph_node,1485.3924,56.3622,56.7084,2,1,1.0,1,1.0,1,1.0,1,0.8824,3.361371918992853,3.851863363885878,2,1,1,1,1
cell_subsample,0.75,2,19,xenium_human_lymph_node,1454.7052,54.7547,55.51,3,0,1.0,1,1.0,1,1.0,1,0.9545,3.3958962622860094,3.0211613743783685,3,0,1,1,1
cell_subsample,0.75,2,20,xenium_human_lymph_node,1544.3084,99.3431,105.3603,53,0,1.0,0,1.0,0,0.875,1,0.8182,2.221650705212429,7.767996505218293,34,0,0,0,1
cell_subsample,0.75,2,21,xenium_human_lymph_node,1592.5629,56.527,61.7428,42,0,1.0,0,1.0,0,0.9231,1,0.9194,3.3171782605185856,5.220809608615202,42,0,0,0,1
cell_subsample,0.75,2,22,xenium_human_lymph_node,1585.84,96.5448,101.0745,12,0,1.0,0,1.0,0,1.0,1,0.9318,2.3189898402061555,7.974966908412033,418,0,0,0,0
cell_subsample,0.75,2,23,xenium_human_lymph_node,1511.5698,92.1286,100.1097,308,0,1.0,0,1.0,0,1.0,0,0.8817,2.2944098657606737,7.912514207312053,308,0,0,0,0
cell_subsample,0.75,2,24,xenium_human_lymph_node,1474.0658,52.8904,54.4799,8,0,1.0,0,1.0,1,0.913,1,0.875,3.444146569408269,5.197951002888284,8,0,0,1,1
cell_subsample,0.75,2,25,xenium_human_lymph_node,1495.6086,48.9604,49.8481,2,0,1.0,1,1.0,1,1.0,1,0.8966,3.4461898252170213,4.105587714360741,2,0,1,1,1
cell_subsample,0.75,2,26,xenium_human_lymph_node,1504.7862,63.6542,63.6542,1,1,1.0,1,1.0,1,1.0,1,0.9016,3.019305355910092,5.688916315976146,1,1,1,1,1
cell_subsample,0.75,2,27,xenium_human_lymph_node,1476.7374,59.148,64.693,34,0,1.0,0,1.0,0,1.0,1,0.902,3.3819801184931677,4.667312339695231,34,0,0,0,1
cell_subsample,0.75,2,28,xenium_human_lymph_node,1464.7197,50.4841,51.6225,4,0,1.0,1,1.0,1,1.0,1,0.9211,3.4834682415800904,4.0018380584966184,4,0,1,1,1
cell_subsample,0.75,2,29,xenium_human_lymph_node,1499.4666,65.4209,65.6916,2,1,1.0,1,1.0,1,0.9167,1,0.9032,3.307144302762374,5.954011580383625,2,1,1,1,1
cell_subsample,0.75,2,30,xenium_human_lymph_node,1481.6563,45.812,46.5063,2,0,1.0,1,1.0,1,1.0,1,0.9259,3.4365248323078132,3.889967423476582,2,0,1,1,1
cell_subsample,0.75,2,31,xenium_human_lymph_node,1424.5953,90.6601,94.7141,15,0,1.0,0,1.0,0,0.8333,1,0.8243,2.3514115946853438,6.04532842932128,118,0,0,0,0
cell_subsample,0.75,2,32,xenium_human_lymph_node,1450.9037,60.7504,60.7504,1,1,1.0,1,1.0,1,1.0,1,0.9706,3.433849738933585,4.741398534242847,1,1,1,1,1
cell_subsample,0.75,2,33,xenium_human_lymph_node,1483.3394,76.3857,82.6856,8,0,0.0,0,0.0,0,0.0,0,0.5,2.8748603335139116,4.726356555532379,1,1,1,1,1
cell_subsample,0.75,2,34,xenium_human_lymph_node,1477.6454,44.1298,45.1328,2,0,1.0,1,1.0,1,1.0,1,0.8667,3.438129966919112,3.423901251826663,2,0,1,1,1
cell_subsample,0.75,2,35,xenium_human_lymph_node,1408.046,50.0516,50.5986,4,1,1.0,1,1.0,1,0.9524,1,0.8716,3.3891032225895263,2.83946397351533,4,1,1,1,1
cell_subsample,0.75,2,36,xenium_human_lymph_node,1442.9704,60.3986,60.9433,2,1,1.0,1,1.0,1,1.0,1,0.9103,3.2450829616412804,4.717978710976025,2,1,1,1,1
cell_subsample,0.75,2,37,xenium_human_lymph_node,1449.2568,52.1523,56.4621,26,0,1.0,0,1.0,0,1.0,1,0.9038,3.3853090537261967,5.989476318519373,26,0,0,0,1
cell_subsample,0.75,2,38,xenium_human_lymph_node,1441.0123,47.1105,48.3104,3,0,1.0,1,1.0,1,0.9167,1,0.9649,3.4990468883203993,5.457729918634098,3,0,1,1,1
cell_subsample,0.75,2,39,xenium_human_lymph_node,1431.4607,57.1556,59.754,14,0,1.0,0,1.0,1,1.0,1,0.9308,3.3628953233718017,3.966368743676091,14,0,0,1,1
cell_subsample,0.75,2,40,xenium_human_lymph_node,1431.6891,54.8418,55.9158,8,0,1.0,1,1.0,1,0.8889,1,0.8951,3.2816592052869953,5.080289170800876,8,0,1,1,1
cell_subsample,0.75,2,41,xenium_human_lymph_node,1406.9199,71.2363,72.697,3,0,1.0,1,1.0,1,0.9286,1,0.7886,3.2175548048240548,4.376932751795379,3,0,1,1,1
cell_subsample,0.75,2,42,xenium_human_lymph_node,1428.0352,53.8966,57.9768,43,0,0.8,0,0.7778,0,0.88,1,0.8435,3.336253625228527,6.289795298811131,43,0,0,0,1
cell_subsample,0.75,2,43,xenium_human_lymph_node,1423.5177,49.6057,52.2214,6,0,1.0,0,1.0,1,1.0,1,0.9615,3.441295048753631,4.03363860844345,6,0,0,1,1
cell_subsample,0.75,2,44,xenium_human_lymph_node,1429.8203,95.1399,96.4599,7,0,1.0,1,1.0,1,0.9167,1,0.9362,2.2292083941019567,7.190084017145158,7,0,1,1,1
cell_subsample,0.75,2,45,xenium_human_lymph_node,1420.5025,58.1405,58.1405,1,1,1.0,1,1.0,1,1.0,1,0.9184,3.313512581010922,4.814176190700453,1,1,1,1,1
cell_subsample,0.75,2,46,xenium_human_lymph_node,1420.3299,72.9522,78.1027,79,0,1.0,0,1.0,0,0.8,1,0.8117,3.0638371339273274,6.098481244401756,79,0,0,0,1
cell_subsample,0.75,2,47,xenium_human_lymph_node,1397.1236,95.4536,97.0331,4,0,1.0,0,0.6667,1,0.7692,1,0.7952,2.210231459311264,4.4520028432716,4,0,0,1,1
cell_subsample,0.75,2,48,xenium_human_lymph_node,1415.3804,91.1799,91.1799,1,1,1.0,1,1.0,1,1.0,1,0.8228,2.285131519719891,5.789881109447854,1,1,1,1,1
cell_subsample,0.75,2,49,xenium_human_lymph_node,1425.4133,58.0803,60.0126,6,0,0.6667,0,0.6667,1,0.7826,1,0.7714,3.355162778937102,5.306108785939074,6,0,0,1,1
cell_subsample,0.75,2,50,xenium_human_lymph_node,1424.4608,68.2811,68.2811,1,1,1.0,1,0.6667,1,0.9,1,0.8814,3.0611418044619163,4.445042846248695,1,1,1,1,1
cell_subsample,0.75,2,51,xenium_human_lymph_node,1471.6581,95.0873,96.3511,5,0,1.0,1,1.0,1,1.0,1,0.8919,2.3389667915417087,7.933078600251138,11,0,0,0,1
cell_subsample,0.75,2,52,xenium_human_lymph_node,1546.2255,56.1298,56.1298,1,1,1.0,1,1.0,1,1.0,1,1.0,3.4049184154830794,4.259441500005329,1,1,1,1,1
cell_subsample,0.75,2,53,xenium_human_lymph_node,1532.8257,51.4364,54.5337,18,0,1.0,0,1.0,0,0.9412,1,0.8155,3.439360635610076,5.306047855520784,18,0,0,0,1
cell_subsample,0.75,2,54,xenium_human_lymph_node,1558.5044,50.1012,58.7615,165,0,1.0,0,1.0,0,1.0,0,0.8333,3.3633420891130617,5.942036048349906,165,0,0,0,0
cell_subsample,0.75,2,55,xenium_human_lymph_node,1454.8707,50.6638,53.6146,3,0,1.0,0,1.0,1,1.0,1,0.9592,3.451971453288172,4.020655837260285,3,0,0,1,1
cell_subsample,0.75,2,56,xenium_human_lymph_node,1464.3124,47.7003,47.7561,2,1,1.0,1,1.0,1,1.0,1,0.9859,3.5481974067999382,4.241847004865563,2,1,1,1,1
cell_subsample,0.75,2,57,xenium_human_lymph_node,1436.6437,53.6257,53.6257,1,1,1.0,1,1.0,1,1.0,1,1.0,3.337532624778044,6.1839948441699795,1,1,1,1,1
cell_subsample,0.75,2,58,xenium_human_lymph_node,1458.7443,54.7787,61.8901,128,0,1.0,0,1.0,0,1.0,0,0.8767,3.306923473961505,6.171017709248379,128,0,0,0,0
cell_subsample,0.75,2,59,xenium_human_lymph_node,1450.5081,47.3972,48.5598,2,0,1.0,1,1.0,1,1.0,1,0.9706,3.4994280341154935,4.628248395096136,2,0,1,1,1
cell_subsample,0.75,2,60,xenium_human_lymph_node,1446.3833,103.5844,108.7827,4,0,0.0,0,0.0,0,0.0,1,0.8333,2.217488750303524,6.39894466935735,1,1,1,1,1
cell_subsample,0.75,2,61,xenium_human_lymph_node,1433.4044,48.3149,54.836,53,0,1.0,0,1.0,0,1.0,0,0.9512,3.528388434667893,4.947067549071468,53,0,0,0,0
cell_subsample,0.75,2,62,xenium_human_lymph_node,1433.7817,49.5907,49.9121,3,1,1.0,1,1.0,1,1.0,1,0.8816,3.45133725811984,3.1098648710394023,3,1,1,1,1
cell_subsample,0.75,2,63,xenium_human_lymph_node,1471.1466,53.3106,53.8138,3,1,1.0,1,1.0,1,0.9231,1,0.8263,3.4465018146616657,4.666479980984237,3,1,1,1,1
cell_subsample,0.75,2,64,xenium_human_lymph_node,1451.6304,53.6778,57.3361,32,0,1.0,0,1.0,0,0.9444,1,0.8197,3.374398853575078,4.828671582676919,32,0,0,0,1
cell_subsample,0.75,2,65,xenium_human_lymph_node,1458.4598,63.3858,65.0861,11,0,1.0,0,1.0,1,0.9429,1,0.7802,3.1202013277462854,4.300139855626747,11,0,0,1,1
cell_subsample,0.75,2,66,xenium_human_lymph_node,1503.0171,63.7375,63.7375,1,1,1.0,1,1.0,1,1.0,1,0.942,3.12653718895556,3.8505862806560995,1,1,1,1,1
cell_subsample,0.75,2,67,xenium_human_lymph_node,1462.9174,47.1795,47.1795,1,1,1.0,1,1.0,1,1.0,1,0.9714,3.478137701522103,4.512679276397334,1,1,1,1,1
cell_subsample,0.75,2,68,xenium_human_lymph_node,1466.409,55.8857,59.4977,30,0,1.0,0,1.0,0,0.9,1,0.8551,3.421090392275545,4.948599118423774,30,0,0,0,1
cell_subsample,0.75,2,69,xenium_human_lymph_node,1485.9166,94.0005,97.0705,11,0,0.0,0,0.5,1,0.75,1,0.75,2.3267801459108335,5.259931276141617,20,0,0,0,1
cell_subsample,0.75,2,70,xenium_human_lymph_node,1476.845,52.241,53.2833,10,0,1.0,1,1.0,1,0.9348,1,0.8385,3.5089904713004545,3.845409116981031,10,0,1,1,1
cell_subsample,0.75,2,71,xenium_human_lymph_node,1494.2552,46.2645,49.9973,11,0,1.0,0,1.0,0,1.0,1,1.0,3.480866233894406,3.192908802586887,11,0,0,0,1
cell_subsample,0.75,2,72,xenium_human_lymph_node,1427.8188,49.372,49.372,1,1,1.0,1,1.0,1,1.0,1,0.9412,3.438997564770213,3.8421237282266167,1,1,1,1,1
cell_subsample,0.75,2,73,xenium_human_lymph_node,1428.2033,93.8224,94.3916,3,1,0.6667,1,0.8333,1,0.8,1,0.8476,2.3503571568078847,5.601546617637079,2,1,1,1,1
cell_subsample,0.75,2,74,xenium_human_lymph_node,1466.6912,45.1987,48.0638,11,0,1.0,0,1.0,1,1.0,1,0.9167,3.51184985063128,4.068508809899612,11,0,0,1,1
cell_subsample,0.75,2,75,xenium_human_lymph_node,1452.731,59.136,64.3731,108,0,1.0,0,0.8571,0,0.9667,1,0.8788,3.366503634543297,4.162121037672865,108,0,0,0,1
cell_subsample,0.75,2,76,xenium_human_lymph_node,1477.0101,52.6895,54.0174,4,0,1.0,1,1.0,1,1.0,1,0.8585,3.427407589128874,5.513246545911309,4,0,1,1,1
cell_subsample,0.75,2,77,xenium_human_lymph_node,1489.3518,51.0998,51.0998,1,1,1.0,1,1.0,1,0.8571,1,0.9062,3.5474241130630872,5.2313719530747225,1,1,1,1,1
cell_subsample,0.75,2,78,xenium_human_lymph_node,1446.8126,47.3882,50.1689,12,0,1.0,0,1.0,1,0.9286,1,0.9706,3.4457847104595554,4.756045806641878,12,0,0,1,1
cell_subsample,0.75,2,79,xenium_human_lymph_node,1461.6672,63.156,64.8007,3,0,1.0,0,1.0,1,0.9231,1,0.8911,3.255968406962409,5.738340150935145,3,0,0,1,1
cell_subsample,0.75,2,80,xenium_human_lymph_node,1463.6538,44.0226,44.0226,1,1,1.0,1,1.0,1,1.0,1,1.0,3.5354907132723543,4.180472892344417,1,1,1,1,1
cell_subsample,0.75,2,81,xenium_human_lymph_node,1498.9002,54.1123,54.937,2,0,1.0,1,1.0,1,1.0,1,0.9375,3.2093965166068967,3.83770176754228,2,0,1,1,1
cell_subsample,0.75,2,82,xenium_human_lymph_node,1498.0457,54.1828,54.9705,3,0,1.0,1,1.0,1,1.0,1,0.8824,3.3273403146966536,3.9116085103259293,3,0,1,1,1
cell_subsample,0.75,2,83,xenium_human_lymph_node,1520.6212,53.6954,53.6954,1,1,1.0,1,1.0,1,1.0,1,0.9032,3.324101361305972,5.943332352432367,1,1,1,1,1
cell_subsample,0.75,2,84,xenium_human_lymph_node,1428.6401,67.3576,67.399,2,1,1.0,1,1.0,1,1.0,1,0.8016,2.971372932239617,5.168679035198561,2,1,1,1,1
cell_subsample,0.75,2,85,xenium_human_lymph_node,1790.3119,52.5167,55.3853,7,0,0.5,0,0.6667,1,0.875,1,0.8871,3.42501344342835,6.268122531892337,7,0,0,1,1
cell_subsample,0.75,2,86,xenium_human_lymph_node,1459.5267,52.6188,55.1526,2,0,1.0,0,1.0,1,1.0,1,0.8846,3.3743245890851057,4.847544588053386,2,0,0,1,1
cell_subsample,0.75,2,87,xenium_human_lymph_node,1440.9293,79.6342,81.8982,21,0,1.0,0,1.0,1,1.0,1,0.7833,2.4364283254170562,7.201188169130603,21,0,0,1,1
cell_subsample,0.75,2,88,xenium_human_lymph_node,1459.2007,57.8073,60.0676,7,0,1.0,0,1.0,1,1.0,1,0.9,3.4143586502533245,3.5304198629100885,7,0,0,1,1
cell_subsample,0.75,2,89,xenium_human_lymph_node,1503.1201,59.2967,64.0784,147,0,1.0,0,1.0,0,0.9038,1,0.745,3.285977154918222,4.960824628554193,147,0,0,0,1
cell_subsample,0.75,2,90,xenium_human_lymph_node,1463.6234,89.6834,102.2779,1130,0,1.0,0,0.8,0,0.9286,0,0.7937,2.46289772208492,8.476577154379537,1130,0,0,0,0
cell_subsample,0.75,2,91,xenium_human_lymph_node,1467.5045,51.8746,54.5875,15,0,1.0,0,1.0,1,0.9,1,0.8291,3.53137237401629,3.799931249693272,15,0,0,1,1
cell_subsample,0.75,2,92,xenium_human_lymph_node,1481.8661,57.9569,60.9163,16,0,1.0,0,1.0,1,0.9412,1,0.876,3.308260234781,5.781547710714302,16,0,0,1,1
cell_subsample,0.75,2,93,xenium_human_lymph_node,1447.232,63.7931,63.7931,1,1,1.0,1,1.0,1,1.0,1,0.8596,3.2792469846312393,5.140176132861591,1,1,1,1,1
cell_subsample,0.75,2,94,xenium_human_lymph_node,1469.7224,54.9805,59.0294,28,0,1.0,0,1.0,0,1.0,1,0.9032,3.2568432740889834,5.075500190169921,28,0,0,0,1
cell_subsample,0.75,2,95,xenium_human_lymph_node,1449.7151,52.9306,56.4661,16,0,1.0,0,1.0,0,1.0,1,0.8438,3.322035708270085,5.756395720872929,16,0,0,0,1
cell_subsample,0.75,2,96,xenium_human_lymph_node,1524.6302,51.6752,51.6752,1,1,1.0,1,1.0,1,1.0,1,0.9216,3.3434124863015384,5.342227107946914,1,1,1,1,1
cell_subsample,0.75,2,97,xenium_human_lymph_node,1517.4191,94.2516,94.2516,1,1,1.0,1,1.0,1,1.0,1,0.9792,2.329014171084038,8.673495320906998,60,0,0,0,0
cell_subsample,0.75,2,98,xenium_human_lymph_node,1467.2666,94.7943,95.0482,2,1,1.0,1,0.875,1,0.9231,1,0.8182,2.317298456623699,5.0671780384571345,2,1,1,1,1
cell_subsample,0.75,2,99,xenium_human_lymph_node,1468.0941,57.3673,65.2894,249,0,1.0,0,1.0,0,0.9091,0,0.7748,3.3224934761580074,7.8616814003658835,249,0,0,0,0
cell_subsample,0.75,3,0,xenium_human_lymph_node,1440.2307,93.6197,93.6197,1,1,1.0,1,1.0,1,1.0,1,0.7857,2.3657234228242263,4.433980685379402,1,1,1,1,1
cell_subsample,0.75,3,1,xenium_human_lymph_node,1438.7672,56.8509,56.8509,1,1,1.0,1,1.0,1,1.0,1,0.975,3.348912773765176,3.26565737526014,1,1,1,1,1
cell_subsample,0.75,3,2,xenium_human_lymph_node,1401.0672,50.962,50.962,1,1,1.0,1,1.0,1,1.0,1,0.9231,3.450645694615339,4.203290413006511,1,1,1,1,1
cell_subsample,0.75,3,3,xenium_human_lymph_node,1406.4909,46.3401,49.1951,21,0,1.0,0,1.0,1,0.9524,1,0.759,3.408563269498846,5.843121987013345,21,0,0,1,1
cell_subsample,0.75,3,4,xenium_human_lymph_node,1448.9751,52.8463,59.0107,60,0,1.0,0,1.0,0,1.0,0,0.8475,3.265941263511263,4.967793614190878,60,0,0,0,0
cell_subsample,0.75,3,5,xenium_human_lymph_node,1445.3259,57.2226,58.7996,7,0,1.0,0,1.0,1,0.9524,1,0.8547,3.384931444335387,4.681876509306523,7,0,0,1,1
cell_subsample,0.75,3,6,xenium_human_lymph_node,1429.1341,94.573,97.585,6,0,0.5,0,0.3333,0,0.4,1,0.7368,2.3193812022802938,7.186767923875153,3,0,1,1,1
cell_subsample,0.75,3,7,xenium_human_lymph_node,1427.9253,95.1399,101.2578,8,0,0.0,0,0.0,0,0.0,1,0.25,2.284499289220606,4.091692698942428,1,1,1,1,1
cell_subsample,0.75,3,8,xenium_human_lymph_node,1446.8277,62.4029,64.284,10,0,1.0,0,1.0,1,0.9375,1,0.7824,3.304084134254958,4.40973887539401,10,0,0,1,1
cell_subsample,0.75,3,9,xenium_human_lymph_node,1427.2764,56.3787,56.3787,1,1,1.0,1,1.0,1,1.0,1,0.9714,3.2391590915311363,4.272494368825431,1,1,1,1,1
cell_subsample,0.75,3,10,xenium_human_lymph_node,1427.1982,64.6732,64.6732,1,1,1.0,1,1.0,1,1.0,1,0.9091,3.1154448639837957,4.768902366194994,1,1,1,1,1
cell_subsample,0.75,3,11,xenium_human_lymph_node,1427.5281,57.0123,63.2176,102,0,1.0,0,1.0,0,0.8571,0,0.8687,3.360598625256002,5.1781109094114015,102,0,0,0,0
cell_subsample,0.75,3,12,xenium_human_lymph_node,1426.2025,99.337,107.3173,182,0,0.5,0,0.6667,0,0.6,0,0.7541,2.378088460404558,8.125438631433504,7,0,0,1,1
cell_subsample,0.75,3,13,xenium_human_lymph_node,1514.6055,53.542,54.5235,4,0,1.0,1,1.0,1,1.0,1,0.9159,3.393395631523144,3.4592807752911536,4,0,1,1,1
cell_subsample,0.75,3,14,xenium_human_lymph_node,1552.3009,73.5679,74.5864,6,0,0.6667,1,0.8889,1,0.9,1,0.7619,2.632157693344589,6.345217174344532,6,0,1,1,1
cell_subsample,0.75,3,15,xenium_human_lymph_node,1504.7542,97.4644,100.5299,28,0,1.0,0,1.0,1,0.9643,1,0.7095,2.1570313649923016,5.942402686546196,123,0,0,0,1
cell_subsample,0.75,3,16,xenium_human_lymph_node,1493.5776,51.1935,51.1935,1,1,1.0,1,1.0,1,1.0,1,0.9324,3.4087228006254526,4.745544164022714,1,1,1,1,1
cell_subsample,0.75,3,17,xenium_human_lymph_node,1485.3971,66.0313,66.0313,1,1,1.0,1,1.0,1,1.0,1,0.85,2.9907923104996663,6.4947353229926605,1,1,1,1,1
cell_subsample,0.75,3,18,xenium_human_lymph_node,1477.9421,56.3622,58.6972,10,0,1.0,0,1.0,1,1.0,1,0.9216,3.40500603972257,4.769185098593686,10,0,0,1,1
cell_subsample,0.75,3,19,xenium_human_lymph_node,1433.588,54.7547,59.3995,18,0,1.0,0,1.0,0,1.0,1,0.9318,3.3924219415435113,5.175497881518806,18,0,0,0,1
cell_subsample,0.75,3,20,xenium_human_lymph_node,1462.4671,99.3431,102.0709,6,0,1.0,0,1.0,1,0.875,1,0.8364,2.1875662513188687,6.565150293418626,45,0,0,0,1
cell_subsample,0.75,3,21,xenium_human_lymph_node,1530.6864,56.527,59.2146,9,0,1.0,0,1.0,1,1.0,1,0.9355,3.2895184708752185,3.1439660984766293,9,0,0,1,1
cell_subsample,0.75,3,22,xenium_human_lymph_node,1466.5685,96.5448,101.0745,12,0,1.0,0,1.0,0,1.0,1,0.9091,2.341719882277098,7.698524985126602,12,0,0,0,1
cell_subsample,0.75,3,23,xenium_human_lymph_node,1458.8905,92.1286,93.5914,8,0,1.0,0,1.0,1,1.0,1,0.8817,2.286099119225478,7.933633850887767,42,0,0,0,1
cell_subsample,0.75,3,24,xenium_human_lymph_node,1470.0023,52.8904,52.8904,1,1,1.0,1,1.0,1,1.0,1,0.8571,3.411918531297103,4.753218682460765,1,1,1,1,1
cell_subsample,0.75,3,25,xenium_human_lymph_node,1481.7275,48.9604,48.9604,1,1,1.0,1,1.0,1,1.0,1,0.931,3.3997092919721887,4.061327720919907,1,1,1,1,1
cell_subsample,0.75,3,26,xenium_human_lymph_node,1494.2643,63.6542,63.6542,1,1,1.0,1,1.0,1,0.9375,1,0.8607,2.9370650954754267,4.8383093002177215,1,1,1,1,1
cell_subsample,0.75,3,27,xenium_human_lymph_node,1450.7031,59.148,59.148,1,1,1.0,1,1.0,1,1.0,1,0.9608,3.4060571376626494,5.085174006952872,1,1,1,1,1
cell_subsample,0.75,3,28,xenium_human_lymph_node,1493.4677,50.4841,50.4841,1,1,1.0,1,1.0,1,1.0,1,0.9605,3.488490328597718,3.9372200035027776,1,1,1,1,1
cell_subsample,0.75,3,29,xenium_human_lymph_node,1444.591,65.4209,69.4023,20,0,1.0,0,1.0,0,0.9167,1,0.9516,3.2614757672346153,5.5278216610426965,20,0,0,0,1
cell_subsample,0.75,3,30,xenium_human_lymph_node,1417.3137,45.812,46.5063,2,0,1.0,1,1.0,1,1.0,1,0.963,3.4244051818914363,4.070110043974028,2,0,1,1,1
cell_subsample,0.75,3,31,xenium_human_lymph_node,1436.0507,90.6601,94.7141,15,0,1.0,0,1.0,0,0.8333,1,0.8514,2.343441914696686,6.054401458316248,212,0,0,0,0
cell_subsample,0.75,3,32,xenium_human_lymph_node,1509.2962,60.7504,60.7504,1,1,1.0,1,1.0,1,1.0,1,0.9118,3.4344623227424016,5.306134824510851,1,1,1,1,1
cell_subsample,0.75,3,33,xenium_human_lymph_node,1463.1215,76.3857,76.3857,1,1,1.0,1,1.0,1,0.5,1,0.6667,2.9628802573506805,6.477457133899816,1,1,1,1,1
cell_subsample,0.75,3,34,xenium_human_lymph_node,1454.6788,44.1298,46.6828,6,0,1.0,0,1.0,1,1.0,1,0.9667,3.4620392033519902,5.195671751223827,6,0,0,1,1
cell_subsample,0.75,3,35,xenium_human_lymph_node,1494.5882,50.0516,50.5986,4,1,1.0,1,1.0,1,0.9524,1,0.8349,3.436283178015047,4.261693722637339,4,1,1,1,1
cell_subsample,0.75,3,36,xenium_human_lymph_node,1493.4172,60.3986,60.9433,2,1,1.0,1,1.0,1,1.0,1,0.8718,3.2432031662972283,4.457874571467536,2,1,1,1,1
cell_subsample,0.75,3,37,xenium_human_lymph_node,1501.4453,52.1523,54.1213,3,0,1.0,0,1.0,1,1.0,1,0.9423,3.3632937582545086,5.241053843233916,3,0,0,1,1
cell_subsample,0.75,3,38,xenium_human_lymph_node,1498.5178,47.1105,47.1105,1,1,1.0,1,1.0,1,0.9167,1,0.9474,3.4851826117903952,4.726975026587138,1,1,1,1,1
cell_subsample,0.75,3,39,xenium_human_lymph_node,1517.7431,57.1556,57.1556,1,1,1.0,1,1.0,1,1.0,1,0.9,3.4146136642956093,4.365151788008418,1,1,1,1,1
cell_subsample,0.75,3,40,xenium_human_lymph_node,1443.4971,54.8418,62.2465,227,0,1.0,0,1.0,0,0.9167,0,0.8531,3.351763508552195,5.285728466900887,227,0,0,0,0
cell_subsample,0.75,3,41,xenium_human_lymph_node,1487.377,71.2363,76.3043,82,0,1.0,0,1.0,0,0.9286,1,0.8057,3.1833693669414846,5.328346403730326,82,0,0,0,1
cell_subsample,0.75,3,42,xenium_human_lymph_node,1510.1306,53.8966,56.9498,25,0,1.0,0,1.0,1,0.96,1,0.8783,3.322874229019292,5.17069322884075,25,0,0,1,1
cell_subsample,0.75,3,43,xenium_human_lymph_node,1447.5789,49.6057,52.2214,6,0,1.0,0,1.0,1,1.0,1,0.9423,3.4110481829093366,4.808378523640566,6,0,0,1,1
cell_subsample,0.75,3,44,xenium_human_lymph_node,1491.6551,95.1399,95.9767,6,0,1.0,1,1.0,1,1.0,1,0.9574,2.219763247659094,6.736535927761907,6,0,1,1,1
cell_subsample,0.75,3,45,xenium_human_lymph_node,1435.8265,58.1405,58.3163,2,1,1.0,1,1.0,1,1.0,1,0.8571,3.3381546389982852,5.636729953100504,2,1,1,1,1
cell_subsample,0.75,3,46,xenium_human_lymph_node,1460.3456,72.9522,75.4917,6,0,1.0,0,1.0,1,0.8,1,0.7857,3.0696767197353605,6.773699146660406,6,0,0,1,1
cell_subsample,0.75,3,47,xenium_human_lymph_node,1417.4839,95.4536,97.0331,4,0,1.0,0,0.6667,1,0.7692,1,0.8193,2.2469185102912226,6.307515464734103,3,0,1,1,1
cell_subsample,0.75,3,48,xenium_human_lymph_node,1433.8251,91.1799,91.1799,1,1,1.0,1,1.0,1,1.0,1,0.8481,2.2443982328378884,5.161231955516344,1,1,1,1,1
cell_subsample,0.75,3,49,xenium_human_lymph_node,1473.7147,58.0803,60.0126,6,0,1.0,0,1.0,1,0.8696,1,0.8,3.3375385187851845,4.611690057239648,6,0,0,1,1
cell_subsample,0.75,3,50,xenium_human_lymph_node,1464.9877,68.2811,69.291,2,0,1.0,1,1.0,1,1.0,1,0.8644,3.0914521291164254,4.694760233365647,2,0,1,1,1
cell_subsample,0.75,3,51,xenium_human_lymph_node,1439.1174,95.0873,96.1652,3,0,1.0,1,1.0,1,1.0,1,0.8649,2.3755318365738565,6.473762064301129,11,0,0,0,1
cell_subsample,0.75,3,52,xenium_human_lymph_node,1474.3209,56.1298,56.1298,1,1,1.0,1,1.0,1,1.0,1,0.8,3.4171142950584747,4.077249521103064,1,1,1,1,1
cell_subsample,0.75,3,53,xenium_human_lymph_node,1463.1125,51.4364,53.3028,6,0,1.0,0,1.0,1,1.0,1,0.8641,3.4122560614393564,4.43274971780014,6,0,0,1,1
cell_subsample,0.75,3,54,xenium_human_lymph_node,1485.7254,50.1012,55.1821,31,0,1.0,0,1.0,0,1.0,1,0.8889,3.4166635999791213,5.544072303174231,31,0,0,0,1
cell_subsample,0.75,3,55,xenium_human_lymph_node,1595.0723,50.6638,50.6638,1,1,1.0,1,1.0,1,1.0,1,1.0,3.4581853085496355,3.2888255233249786,1,1,1,1,1
cell_subsample,0.75,3,56,xenium_human_lymph_node,1627.6635,47.7003,47.7003,1,1,1.0,1,1.0,1,1.0,1,0.9155,3.5315283687386123,4.66739705082712,1,1,1,1,1
cell_subsample,0.75,3,57,xenium_human_lymph_node,1580.6006,53.6257,56.0167,2,0,1.0,0,1.0,1,1.0,1,0.9231,3.3605294689055523,5.243450675963172,2,0,0,1,1
cell_subsample,0.75,3,58,xenium_human_lymph_node,1536.1387,54.7787,58.9323,21,0,1.0,0,1.0,0,1.0,1,0.9315,3.3136996175041844,5.2335925679817015,21,0,0,0,1
cell_subsample,0.75,3,59,xenium_human_lymph_node,1554.9771,47.3972,54.1715,43,0,1.0,0,1.0,0,1.0,0,0.9706,3.522530184503914,5.392122135616839,43,0,0,0,0
cell_subsample,0.75,3,60,xenium_human_lymph_node,1545.9434,103.5844,108.7827,4,0,0.0,0,0.0,0,0.0,1,0.8333,2.250705016945269,7.363144152224298,1,1,1,1,1
cell_subsample,0.75,3,61,xenium_human_lymph_node,1519.416,48.3149,56.2687,111,0,1.0,0,1.0,0,1.0,0,0.9268,3.566358021601653,6.368118975206567,111,0,0,0,0
cell_subsample,0.75,3,62,xenium_human_lymph_node,1505.8497,49.5907,51.063,6,0,1.0,1,1.0,1,0.8667,1,0.8421,3.5036677899186546,4.775966493633131,6,0,1,1,1
cell_subsample,0.75,3,63,xenium_human_lymph_node,1524.7642,53.3106,55.5769,20,0,1.0,0,1.0,1,0.8718,1,0.7934,3.449081818054025,3.373205291878586,20,0,0,1,1
cell_subsample,0.75,3,64,xenium_human_lymph_node,1516.5317,53.6778,54.1726,2,1,1.0,1,1.0,1,0.9444,1,0.8033,3.3773454642115843,5.232513934867618,2,1,1,1,1
cell_subsample,0.75,3,65,xenium_human_lymph_node,1581.7756,63.3858,65.9604,22,0,1.0,0,1.0,1,0.8857,1,0.7888,3.1395531213911223,5.654624867991111,22,0,0,1,1
cell_subsample,0.75,3,66,xenium_human_lymph_node,1519.6972,63.7375,63.7375,1,1,1.0,1,1.0,1,1.0,1,0.9275,3.1284604034855485,6.0515310068351065,1,1,1,1,1
cell_subsample,0.75,3,67,xenium_human_lymph_node,1523.4605,47.1795,47.1795,1,1,1.0,1,1.0,1,1.0,1,0.9714,3.458318513111014,3.1994593861125447,1,1,1,1,1
cell_subsample,0.75,3,68,xenium_human_lymph_node,1464.472,55.8857,61.4253,104,0,1.0,0,1.0,0,0.9,1,0.8043,3.411043860637433,6.003617184121149,104,0,0,0,1
cell_subsample,0.75,3,69,xenium_human_lymph_node,1477.4979,94.0005,96.494,6,0,0.0,0,0.5,1,0.75,1,0.7738,2.312373031323178,6.552863453825078,5,0,0,1,1
cell_subsample,0.75,3,70,xenium_human_lymph_node,1724.7161,52.241,54.8292,32,0,1.0,0,1.0,1,0.9348,1,0.8333,3.5364820852734087,4.324117188719984,32,0,0,1,1
cell_subsample,0.75,3,71,xenium_human_lymph_node,1448.9405,46.2645,46.2645,1,1,1.0,1,1.0,1,1.0,1,1.0,3.4764909159270103,4.093926526415846,1,1,1,1,1
cell_subsample,0.75,3,72,xenium_human_lymph_node,1479.8177,49.372,49.372,1,1,1.0,1,1.0,1,1.0,1,0.9118,3.461049010152364,3.727583729647173,1,1,1,1,1
cell_subsample,0.75,3,73,xenium_human_lymph_node,1439.7,93.8224,93.8224,1,1,0.6667,1,0.8333,1,0.8,1,0.819,2.328705718043678,5.172303271788,2,1,1,1,1
cell_subsample,0.75,3,74,xenium_human_lymph_node,1458.6638,45.1987,45.1987,1,1,1.0,1,1.0,1,1.0,1,0.9286,3.4914726962108777,3.929491091053284,1,1,1,1,1
cell_subsample,0.75,3,75,xenium_human_lymph_node,1460.6396,59.136,60.8986,10,0,1.0,0,1.0,1,1.0,1,0.8788,3.3366563823831368,4.293327603380044,10,0,0,1,1
cell_subsample,0.75,3,76,xenium_human_lymph_node,1486.6095,52.6895,52.6895,1,1,1.0,1,1.0,1,1.0,1,0.9245,3.3767882840698897,3.887914806194376,1,1,1,1,1
cell_subsample,0.75,3,77,xenium_human_lymph_node,1472.122,51.0998,51.6093,2,1,1.0,1,1.0,1,0.8571,1,0.9167,3.57466464233185,3.7434109417454593,2,1,1,1,1
cell_subsample,0.75,3,78,xenium_human_lymph_node,1481.9733,47.3882,48.8257,4,0,1.0,1,1.0,1,1.0,1,0.9706,3.4452436406040454,3.058308984696226,4,0,1,1,1
cell_subsample,0.75,3,79,xenium_human_lymph_node,1466.8212,63.156,64.8007,3,0,1.0,0,1.0,1,1.0,1,0.8812,3.224168863170367,3.573690781801689,3,0,0,1,1
cell_subsample,0.75,3,80,xenium_human_lymph_node,1461.606,44.0226,49.6078,13,0,1.0,0,1.0,0,1.0,1,1.0,3.5011475124653204,4.570194565005815,13,0,0,0,1
cell_subsample,0.75,3,81,xenium_human_lymph_node,1452.3937,54.1123,56.9076,4,0,1.0,0,1.0,1,1.0,1,0.8958,3.285552197003383,4.953048313084018,4,0,0,1,1
cell_subsample,0.75,3,82,xenium_human_lymph_node,1447.7413,54.1828,54.1828,1,1,1.0,1,1.0,1,1.0,1,0.9059,3.373838137029099,4.702599577640097,1,1,1,1,1
cell_subsample,0.75,3,83,xenium_human_lymph_node,1464.0704,53.6954,53.6954,1,1,1.0,1,1.0,1,1.0,1,0.9032,3.2778764315041378,4.82494370818006,1,1,1,1,1
cell_subsample,0.75,3,84,xenium_human_lymph_node,1458.0878,67.3576,69.5065,8,0,1.0,0,1.0,1,1.0,1,0.7778,2.9538341351912387,4.294503816925464,8,0,0,1,1
cell_subsample,0.75,3,85,xenium_human_lymph_node,1448.8689,52.5167,54.9156,5,0,1.0,0,1.0,1,1.0,1,0.9032,3.387969215615669,3.694432729048306,5,0,0,1,1
cell_subsample,0.75,3,86,xenium_human_lymph_node,1485.885,52.6188,58.3643,40,0,1.0,0,1.0,0,1.0,1,0.9038,3.3665370339170937,3.8034776834695023,40,0,0,0,1
cell_subsample,0.75,3,87,xenium_human_lymph_node,1471.7793,79.6342,80.1591,2,1,1.0,1,1.0,1,0.973,1,0.8042,2.4587764358252855,6.593430852113175,2,1,1,1,1
cell_subsample,0.75,3,88,xenium_human_lymph_node,1535.0876,57.8073,58.2001,2,1,1.0,1,1.0,1,1.0,1,0.9,3.439992866109361,4.408575080445796,2,1,1,1,1
cell_subsample,0.75,3,89,xenium_human_lymph_node,1543.1595,59.2967,61.5868,35,0,1.0,0,1.0,1,0.8462,1,0.7171,3.28766480562949,5.433948160699905,35,0,0,1,1
cell_subsample,0.75,3,90,xenium_human_lymph_node,1531.667,89.6834,95.0189,132,0,1.0,0,1.0,0,0.9643,1,0.7989,2.4460976405981674,7.342137145886025,132,0,0,0,1
cell_subsample,0.75,3,91,xenium_human_lymph_node,1502.2206,51.8746,56.4225,53,0,1.0,0,1.0,0,0.95,1,0.8718,3.590131695870297,4.125670173077538,53,0,0,0,1
cell_subsample,0.75,3,92,xenium_human_lymph_node,1520.6673,57.9569,59.2323,2,0,1.0,1,1.0,1,0.9412,1,0.8678,3.242264250959726,3.0317760219132173,2,0,1,1,1
cell_subsample,0.75,3,93,xenium_human_lymph_node,1482.6724,63.7931,64.1076,2,1,1.0,1,1.0,1,1.0,1,0.9649,3.248863967221996,4.230783913272987,2,1,1,1,1
cell_subsample,0.75,3,94,xenium_human_lymph_node,1509.0345,54.9805,55.6861,3,0,1.0,1,1.0,1,0.8667,1,0.8925,3.3048248144856305,4.530755595430797,3,0,1,1,1
cell_subsample,0.75,3,95,xenium_human_lymph_node,1506.7778,52.9306,56.2147,10,0,1.0,0,1.0,0,1.0,1,0.9062,3.3489257405808854,5.89853069307846,10,0,0,0,1
cell_subsample,0.75,3,96,xenium_human_lymph_node,1511.5322,51.6752,51.6752,1,1,1.0,1,1.0,1,1.0,1,0.9608,3.3448706636681305,4.522979405086909,1,1,1,1,1
cell_subsample,0.75,3,97,xenium_human_lymph_node,1559.7051,94.2516,94.2516,1,1,1.0,1,1.0,1,1.0,1,0.9583,2.302557348298074,8.541776668973142,60,0,0,0,0
cell_subsample,0.75,3,98,xenium_human_lymph_node,1529.3305,94.7943,98.496,52,0,0.5,0,0.875,0,0.9231,1,0.8086,2.373060872313599,6.181802652891374,2,1,1,1,1
cell_subsample,0.75,3,99,xenium_human_lymph_node,1520.3624,57.3673,61.5675,33,0,0.0,0,0.0,0,0.8182,1,0.8739,3.27177554471287,5.994252723470348,33,0,0,0,1
cell_subsample,0.75,4,0,xenium_human_lymph_node,1450.063,93.6197,98.4051,19,0,1.0,0,1.0,0,1.0,1,0.8095,2.359021740238423,5.793276671962604,19,0,0,0,1
cell_subsample,0.75,4,1,xenium_human_lymph_node,1432.8737,56.8509,56.8509,1,1,1.0,1,1.0,1,1.0,1,0.975,3.408080746780933,4.789325458678551,1,1,1,1,1
cell_subsample,0.75,4,2,xenium_human_lymph_node,1429.8829,50.962,50.962,1,1,1.0,1,1.0,1,1.0,1,0.9808,3.4234751075646446,4.381283947050409,1,1,1,1,1
cell_subsample,0.75,4,3,xenium_human_lymph_node,1429.4575,46.3401,54.3008,154,0,1.0,0,1.0,0,1.0,0,0.9277,3.410713010369939,5.3738029501401305,154,0,0,0,0
cell_subsample,0.75,4,4,xenium_human_lymph_node,1422.11,52.8463,58.8222,47,0,1.0,0,1.0,0,1.0,1,0.8305,3.2728686865705523,5.129846796844711,47,0,0,0,1
cell_subsample,0.75,4,5,xenium_human_lymph_node,1425.8428,57.2226,57.2226,1,1,1.0,1,1.0,1,0.9524,1,0.8212,3.501734162642718,5.898411374326367,1,1,1,1,1
cell_subsample,0.75,4,6,xenium_human_lymph_node,1404.1436,94.573,96.0776,5,0,0.5,0,0.3333,1,0.4,1,0.7368,2.298890686455887,6.07496159538158,3,0,1,1,1
cell_subsample,0.75,4,7,xenium_human_lymph_node,1466.843,95.1399,103.6383,12,0,0.0,0,0.0,0,0.0,0,0.25,2.281353461142746,6.609231467922568,1,1,1,1,1
cell_subsample,0.75,4,8,xenium_human_lymph_node,1513.1366,62.4029,67.353,108,0,1.0,0,1.0,0,0.875,1,0.7513,3.3306122745273234,6.222335600814149,108,0,0,0,1
cell_subsample,0.75,4,9,xenium_human_lymph_node,1466.3716,56.3787,56.3787,1,1,1.0,1,1.0,1,1.0,1,0.9714,3.284432728580472,5.630160070455171,1,1,1,1,1
cell_subsample,0.75,4,10,xenium_human_lymph_node,1434.3344,64.6732,64.6732,1,1,1.0,1,1.0,1,1.0,1,0.8636,3.0735736407898417,5.602177763760309,1,1,1,1,1
cell_subsample,0.75,4,11,xenium_human_lymph_node,1433.6958,57.0123,58.8828,4,0,1.0,0,1.0,1,1.0,1,0.8485,3.338898462699433,5.138648930443672,4,0,0,1,1
cell_subsample,0.75,4,12,xenium_human_lymph_node,1511.5959,99.337,100.943,4,0,0.5,0,0.6667,1,0.6,1,0.7869,2.3748801558510073,7.588095122604571,6,0,0,1,1
cell_subsample,0.75,4,13,xenium_human_lymph_node,1513.1485,53.542,54.16,2,0,1.0,1,1.0,1,1.0,1,0.8879,3.471849188836858,5.151292285058654,2,0,1,1,1
cell_subsample,0.75,4,14,xenium_human_lymph_node,1433.6878,73.5679,75.1871,10,0,1.0,0,0.8889,1,0.9333,1,0.819,2.678520542913514,5.223258722556938,10,0,0,1,1
cell_subsample,0.75,4,15,xenium_human_lymph_node,1428.0044,97.4644,100.5299,28,0,0.6667,0,0.875,1,0.8929,1,0.7263,2.2272680869512604,8.400237043565664,338,0,0,0,0
cell_subsample,0.75,4,16,xenium_human_lymph_node,1448.2581,51.1935,51.1935,1,1,1.0,1,1.0,1,0.9231,1,0.9189,3.38908829110477,4.777353033447589,1,1,1,1,1
cell_subsample,0.75,4,17,xenium_human_lymph_node,1446.8304,66.0313,66.0313,1,1,1.0,1,1.0,1,1.0,1,0.95,3.0355889259044204,5.670961791055672,1,1,1,1,1
cell_subsample,0.75,4,18,xenium_human_lymph_node,1426.577,56.3622,58.126,6,0,1.0,0,0.75,1,0.9231,1,0.8333,3.3234604862628805,4.83571461983606,6,0,0,1,1
cell_subsample,0.75,4,19,xenium_human_lymph_node,1423.8227,54.7547,55.3867,2,0,1.0,1,1.0,1,1.0,1,0.9318,3.397354832586411,5.117348492337929,2,0,1,1,1
cell_subsample,0.75,4,20,xenium_human_lymph_node,1416.9825,99.3431,100.1974,2,0,1.0,1,1.0,1,0.875,1,0.8545,2.2437895783671657,6.891367315321202,27,0,0,0,1
cell_subsample,0.75,4,21,xenium_human_lymph_node,1440.461,56.527,56.527,1,1,1.0,1,1.0,1,0.9231,1,0.9032,3.300078174068375,5.266978421697049,1,1,1,1,1
cell_subsample,0.75,4,22,xenium_human_lymph_node,1439.1633,96.5448,97.0872,2,1,1.0,1,1.0,1,1.0,1,0.9091,2.32315513505244,5.332418070161435,2,1,1,1,1
cell_subsample,0.75,4,23,xenium_human_lymph_node,1449.666,92.1286,93.5914,8,0,1.0,0,1.0,1,1.0,1,0.871,2.3131657752835926,8.745139050499539,8,0,0,1,1
cell_subsample,0.75,4,24,xenium_human_lymph_node,1440.497,52.8904,57.1646,39,0,1.0,0,1.0,0,1.0,1,0.8571,3.46651275477173,6.301951705709034,39,0,0,0,1
cell_subsample,0.75,4,25,xenium_human_lymph_node,1426.5693,48.9604,52.3001,7,0,1.0,0,1.0,0,1.0,1,0.9655,3.4497753462275726,5.28715594279475,7,0,0,0,1
cell_subsample,0.75,4,26,xenium_human_lymph_node,1477.7266,63.6542,65.8094,9,0,1.0,0,1.0,1,0.9375,1,0.8852,3.0095939968113776,4.935826671311287,9,0,0,1,1
cell_subsample,0.75,4,27,xenium_human_lymph_node,1450.681,59.148,63.7878,14,0,1.0,0,1.0,0,1.0,1,0.9412,3.3720031361393157,5.395168846159705,14,0,0,0,1
cell_subsample,0.75,4,28,xenium_human_lymph_node,1459.2021,50.4841,53.4898,15,0,1.0,0,1.0,1,1.0,1,0.8553,3.5386577597759206,5.232187030072047,15,0,0,1,1
cell_subsample,0.75,4,29,xenium_human_lymph_node,1479.8334,65.4209,66.508,3,0,1.0,1,1.0,1,1.0,1,0.9355,3.3017666106472614,4.919274079366077,3,0,1,1,1
cell_subsample,0.75,4,30,xenium_human_lymph_node,1517.2938,45.812,46.5063,2,0,1.0,1,1.0,1,1.0,1,0.9259,3.4206640590923727,4.26431855913198,2,0,1,1,1
cell_subsample,0.75,4,31,xenium_human_lymph_node,1589.1841,90.6601,94.5706,12,0,1.0,0,1.0,0,0.8333,1,0.8784,2.3614866140246353,5.95840259612494,118,0,0,0,0
cell_subsample,0.75,4,32,xenium_human_lymph_node,1580.1933,60.7504,60.7504,1,1,1.0,1,1.0,1,0.6667,1,0.8824,3.464672252808615,4.60220739954274,1,1,1,1,1
cell_subsample,0.75,4,33,xenium_human_lymph_node,1596.7081,76.3857,76.3857,1,1,1.0,1,1.0,1,0.5,1,0.6667,2.967087792581473,6.744224497887151,1,1,1,1,1
cell_subsample,0.75,4,34,xenium_human_lymph_node,1644.619,44.1298,45.1328,2,0,1.0,1,1.0,1,1.0,1,0.9667,3.4203972570358068,3.6540472117349405,2,0,1,1,1
cell_subsample,0.75,4,35,xenium_human_lymph_node,1632.4907,50.0516,50.4322,3,1,1.0,1,1.0,1,0.9048,1,0.8624,3.4634883432409667,4.039076131031782,3,1,1,1,1
cell_subsample,0.75,4,36,xenium_human_lymph_node,1582.1918,60.3986,63.7498,8,0,1.0,0,1.0,0,1.0,1,0.8718,3.2720682804008545,6.022941076215633,8,0,0,0,1
cell_subsample,0.75,4,37,xenium_human_lymph_node,1473.9014,52.1523,54.1213,3,0,1.0,0,1.0,1,1.0,1,0.8654,3.429410372755261,5.576736591122143,3,0,0,1,1
cell_subsample,0.75,4,38,xenium_human_lymph_node,1528.8378,47.1105,48.3868,4,0,1.0,1,1.0,1,0.9167,1,0.9298,3.462615637250344,4.186827373014167,4,0,1,1,1
cell_subsample,0.75,4,39,xenium_human_lymph_node,1479.2923,57.1556,58.718,5,0,1.0,0,1.0,1,1.0,1,0.8923,3.4119197100985312,5.01787120605359,5,0,0,1,1
cell_subsample,0.75,4,40,xenium_human_lymph_node,1491.3407,54.8418,55.9158,8,0,0.8,1,0.9231,1,0.9167,1,0.9021,3.3371550153872342,3.39235276759462,8,0,1,1,1
cell_subsample,0.75,4,41,xenium_human_lymph_node,1447.8806,71.2363,74.7111,21,0,1.0,0,1.0,0,0.9286,1,0.7943,3.1877226806155554,5.8078938167429355,21,0,0,0,1
cell_subsample,0.75,4,42,xenium_human_lymph_node,1436.3879,53.8966,54.7855,6,0,1.0,1,1.0,1,1.0,1,0.8609,3.2980926795296006,5.1942856496705065,6,0,1,1,1
cell_subsample,0.75,4,43,xenium_human_lymph_node,1467.1191,49.6057,52.2214,6,0,1.0,0,1.0,1,0.875,1,0.9038,3.433089019078634,4.735295908440036,6,0,0,1,1
cell_subsample,0.75,4,44,xenium_human_lymph_node,1463.2591,95.1399,95.9767,6,0,1.0,1,1.0,1,0.9167,1,0.9362,2.198875279286504,8.045881410546514,64,0,0,0,0
cell_subsample,0.75,4,45,xenium_human_lymph_node,1433.4455,58.1405,58.9203,3,0,1.0,1,1.0,1,1.0,1,0.9388,3.3553172019241866,4.949017396204643,3,0,1,1,1
cell_subsample,0.75,4,46,xenium_human_lymph_node,1459.5105,72.9522,75.4917,6,0,1.0,0,1.0,1,0.9,1,0.7987,3.0496895521207636,4.8859792328468625,6,0,0,1,1
cell_subsample,0.75,4,47,xenium_human_lymph_node,1451.8709,95.4536,98.1792,13,0,1.0,0,0.6667,1,0.7692,1,0.8072,2.277302313568085,5.5834133148952345,7,0,0,1,1
cell_subsample,0.75,4,48,xenium_human_lymph_node,1756.2617,91.1799,92.1388,2,0,1.0,1,1.0,1,1.0,1,0.8481,2.2365106760153903,5.895562202076875,37,0,0,0,1
cell_subsample,0.75,4,49,xenium_human_lymph_node,1509.6917,58.0803,61.5477,29,0,1.0,0,1.0,0,0.8261,1,0.7786,3.378039778252751,4.601546259545892,29,0,0,0,1
cell_subsample,0.75,4,50,xenium_human_lymph_node,1514.1638,68.2811,69.5631,3,0,1.0,1,0.6667,1,0.9,1,0.8644,3.0916079273718426,3.673441075239597,3,0,1,1,1
cell_subsample,0.75,4,51,xenium_human_lymph_node,1446.7467,95.0873,100.0802,32,0,1.0,0,1.0,0,1.0,1,0.8919,2.3392583484282654,7.596676393174372,37,0,0,0,1
cell_subsample,0.75,4,52,xenium_human_lymph_node,1451.6998,56.1298,56.1298,1,1,1.0,1,1.0,1,1.0,1,0.8,3.3891778800133077,5.249978466309553,1,1,1,1,1
cell_subsample,0.75,4,53,xenium_human_lymph_node,1477.6568,51.4364,53.899,9,0,1.0,0,1.0,1,0.9412,1,0.8738,3.3865613337766765,3.840587789541955,9,0,0,1,1
cell_subsample,0.75,4,54,xenium_human_lymph_node,1443.0051,50.1012,50.1012,1,1,1.0,1,1.0,1,1.0,1,0.9259,3.351443660431363,5.364221759078117,1,1,1,1,1
cell_subsample,0.75,4,55,xenium_human_lymph_node,1461.2406,50.6638,50.6638,1,1,1.0,1,1.0,1,1.0,1,0.9796,3.4948861122129222,4.009876458419193,1,1,1,1,1
cell_subsample,0.75,4,56,xenium_human_lymph_node,1449.3962,47.7003,47.7003,1,1,1.0,1,1.0,1,1.0,1,0.9718,3.520822887102178,4.173144825061518,1,1,1,1,1
cell_subsample,0.75,4,57,xenium_human_lymph_node,1435.076,53.6257,53.6257,1,1,1.0,1,1.0,1,1.0,1,1.0,3.2841896990193735,4.941991814005111,1,1,1,1,1
cell_subsample,0.75,4,58,xenium_human_lymph_node,1441.0705,54.7787,57.4422,5,0,1.0,0,1.0,1,1.0,1,0.9452,3.3450675235066276,4.794447430818271,5,0,0,1,1
cell_subsample,0.75,4,59,xenium_human_lymph_node,1459.8647,47.3972,51.1578,8,0,1.0,0,1.0,0,1.0,1,0.9706,3.478732603309497,4.486750205542253,8,0,0,0,1
cell_subsample,0.75,4,60,xenium_human_lymph_node,1507.1256,103.5844,108.7827,4,0,0.0,0,0.0,0,0.0,1,0.8333,2.2204618839721633,7.470653205436167,1,1,1,1,1
cell_subsample,0.75,4,61,xenium_human_lymph_node,1480.066,48.3149,48.3149,1,1,1.0,1,1.0,1,1.0,1,0.9756,3.5214515811971787,3.471361112757168,1,1,1,1,1
cell_subsample,0.75,4,62,xenium_human_lymph_node,1446.105,49.5907,49.5907,1,1,1.0,1,1.0,1,0.9333,1,0.8816,3.4864879379051406,4.757298269363857,1,1,1,1,1
cell_subsample,0.75,4,63,xenium_human_lymph_node,1501.8977,53.3106,53.8138,3,1,0.6667,1,0.9091,1,0.9231,1,0.7981,3.3800767471205533,4.876051366229343,3,1,1,1,1
cell_subsample,0.75,4,64,xenium_human_lymph_node,1461.414,53.6778,58.1736,51,0,1.0,0,1.0,0,0.9444,1,0.8115,3.422438548175512,5.860188239827942,51,0,0,0,1
cell_subsample,0.75,4,65,xenium_human_lymph_node,1441.2531,63.3858,63.3858,1,1,1.0,1,1.0,1,0.9429,1,0.7802,3.147541269268821,3.485651985541604,1,1,1,1,1
cell_subsample,0.75,4,66,xenium_human_lymph_node,1484.6974,63.7375,63.7375,1,1,1.0,1,1.0,1,1.0,1,0.9275,3.1369503278378192,5.093758154484347,1,1,1,1,1
cell_subsample,0.75,4,67,xenium_human_lymph_node,1562.6304,47.1795,47.1795,1,1,1.0,1,1.0,1,1.0,1,0.9429,3.5362922982434806,5.562819094630401,1,1,1,1,1
cell_subsample,0.75,4,68,xenium_human_lymph_node,1530.2823,55.8857,59.0659,22,0,1.0,0,1.0,0,0.95,1,0.8406,3.352254282880105,5.114787207443261,22,0,0,0,1
cell_subsample,0.75,4,69,xenium_human_lymph_node,1456.6084,94.0005,94.8301,2,0,0.0,1,0.5,1,0.6667,1,0.7857,2.2903657909945814,5.925423402346095,1,1,1,1,1
cell_subsample,0.75,4,70,xenium_human_lymph_node,1418.7714,52.241,53.2833,10,0,1.0,1,1.0,1,0.9348,1,0.8125,3.5162357778115285,4.990413383641524,10,0,1,1,1
cell_subsample,0.75,4,71,xenium_human_lymph_node,1399.8359,46.2645,46.2645,1,1,1.0,1,1.0,1,1.0,1,1.0,3.4878608486350986,4.152323700273365,1,1,1,1,1
cell_subsample,0.75,4,72,xenium_human_lymph_node,1426.5127,49.372,49.372,1,1,1.0,1,1.0,1,1.0,1,0.9706,3.4486401604522867,4.08926936428061,1,1,1,1,1
cell_subsample,0.75,4,73,xenium_human_lymph_node,1434.9464,93.8224,97.7408,29,0,0.3333,0,0.6667,0,0.6667,1,0.7905,2.299815259709347,7.812950628246658,2,1,1,1,1
cell_subsample,0.75,4,74,xenium_human_lymph_node,1446.1092,45.1987,51.9692,115,0,1.0,0,1.0,0,1.0,0,0.8929,3.529582560514585,5.231955787218707,115,0,0,0,0
cell_subsample,0.75,4,75,xenium_human_lymph_node,1420.9711,59.136,62.9003,51,0,1.0,0,1.0,0,0.9667,1,0.9091,3.2930373896050806,3.4643671118552954,51,0,0,0,1
cell_subsample,0.75,4,76,xenium_human_lymph_node,1453.2344,52.6895,58.842,106,0,1.0,0,1.0,0,1.0,1,0.8396,3.3891299420885637,5.356889006972596,106,0,0,0,1
cell_subsample,0.75,4,77,xenium_human_lymph_node,1417.6388,51.0998,52.6557,4,0,1.0,0,0.6667,1,0.9286,1,0.9271,3.5537841397016385,4.665877283283526,4,0,0,1,1
cell_subsample,0.75,4,78,xenium_human_lymph_node,1445.355,47.3882,48.8257,4,0,1.0,1,1.0,1,1.0,1,0.9706,3.4323275133560647,3.268313684589766,4,0,1,1,1
cell_subsample,0.75,4,79,xenium_human_lymph_node,1441.5598,63.156,65.2613,5,0,1.0,0,1.0,1,1.0,1,0.8713,3.305675123249119,5.0847283862254455,5,0,0,1,1
cell_subsample,0.75,4,80,xenium_human_lymph_node,1446.7827,44.0226,44.0226,1,1,1.0,1,1.0,1,1.0,1,1.0,3.5051845144228437,4.787245023012793,1,1,1,1,1
cell_subsample,0.75,4,81,xenium_human_lymph_node,1430.141,54.1123,60.95,74,0,1.0,0,1.0,0,1.0,0,0.8333,3.2998769919579747,4.720552780174328,74,0,0,0,0
cell_subsample,0.75,4,82,xenium_human_lymph_node,1445.4667,54.1828,54.9705,3,0,1.0,1,1.0,1,1.0,1,0.8706,3.3325455088694507,3.9953135467823078,3,0,1,1,1
cell_subsample,0.75,4,83,xenium_human_lymph_node,1428.1116,53.6954,60.0707,36,0,1.0,0,1.0,0,1.0,0,0.9032,3.330017372739929,6.357036630602298,36,0,0,0,0
cell_subsample,0.75,4,84,xenium_human_lymph_node,1439.5803,67.3576,67.399,2,1,1.0,1,1.0,1,1.0,1,0.7937,3.0315666589647488,4.955603006035978,2,1,1,1,1
cell_subsample,0.75,4,85,xenium_human_lymph_node,1446.6607,52.5167,58.0677,39,0,0.5,0,0.6667,0,0.875,1,0.871,3.389294581354692,5.3005882215356195,39,0,0,0,1
cell_subsample,0.75,4,86,xenium_human_lymph_node,1433.8061,52.6188,52.6188,1,1,1.0,1,1.0,1,1.0,1,0.9038,3.3632359969845305,4.150159703413703,1,1,1,1,1
cell_subsample,0.75,4,87,xenium_human_lymph_node,1421.4613,79.6342,81.4852,10,0,1.0,0,0.875,1,0.973,1,0.7917,2.4181606361522863,6.451566431799195,10,0,0,1,1
cell_subsample,0.75,4,88,xenium_human_lymph_node,1442.272,57.8073,57.8073,1,1,1.0,1,1.0,1,1.0,1,0.9143,3.4167740143795555,3.619969446208958,1,1,1,1,1
cell_subsample,0.75,4,89,xenium_human_lymph_node,1528.0231,59.2967,60.9756,16,0,1.0,0,1.0,1,0.9231,1,0.7888,3.2875302257997787,3.8468137499864565,16,0,0,1,1
cell_subsample,0.75,4,90,xenium_human_lymph_node,1527.4198,89.6834,94.1299,80,0,1.0,0,0.8,0,0.9286,1,0.8307,2.4502036024392364,7.06713742189364,38,0,0,0,1
cell_subsample,0.75,4,91,xenium_human_lymph_node,1561.5294,51.8746,56.7281,60,0,1.0,0,1.0,0,1.0,1,0.8547,3.54707007970084,4.567896784618974,60,0,0,0,1
cell_subsample,0.75,4,92,xenium_human_lymph_node,1512.185,57.9569,66.9728,349,0,1.0,0,1.0,0,0.8824,0,0.8017,3.365681224080274,5.641341235803891,349,0,0,0,0
cell_subsample,0.75,4,93,xenium_human_lymph_node,1464.6768,63.7931,63.7931,1,1,1.0,1,1.0,1,1.0,1,0.9298,3.2696448611315314,5.083102556241934,1,1,1,1,1
cell_subsample,0.75,4,94,xenium_human_lymph_node,1437.9572,54.9805,55.6861,3,0,1.0,1,1.0,1,0.9333,1,0.8602,3.3085242863009006,5.759645757135513,3,0,1,1,1
cell_subsample,0.75,4,95,xenium_human_lymph_node,1432.6245,52.9306,55.4916,5,0,1.0,0,1.0,1,1.0,1,0.9375,3.330324254045051,5.021427897570022,5,0,0,1,1
cell_subsample,0.75,4,96,xenium_human_lymph_node,1476.3948,51.6752,55.6559,8,0,1.0,0,1.0,0,1.0,1,0.8824,3.335971105819586,5.351704647437368,8,0,0,0,1
cell_subsample,0.75,4,97,xenium_human_lymph_node,1471.6917,94.2516,98.5425,20,0,1.0,0,1.0,0,1.0,1,0.9583,2.313231591696663,9.373958644461155,60,0,0,0,0
cell_subsample,0.75,4,98,xenium_human_lymph_node,1452.824,94.7943,98.6481,54,0,1.0,0,1.0,0,0.9231,1,0.8134,2.2979712213419483,6.7318500518255515,54,0,0,0,1
cell_subsample,0.75,4,99,xenium_human_lymph_node,1438.9425,57.3673,57.3673,1,1,1.0,1,1.0,1,0.9091,1,0.8468,3.290167990462116,5.980334497870385,1,1,1,1,1
cell_subsample,0.5,0,0,xenium_human_lymph_node,1452.2424,93.6197,101.1063,97,0,1.0,0,1.0,0,1.0,0,0.8333,3.516972135770298,10.908143786554543,142,0,0,0,0
cell_subsample,0.5,0,1,xenium_human_lymph_node,1495.3335,56.8509,62.4245,26,0,1.0,0,1.0,0,1.0,1,0.875,4.945704614423276,8.885705191144217,26,0,0,0,1
cell_subsample,0.5,0,2,xenium_human_lymph_node,1539.8552,50.962,54.2962,10,0,1.0,0,1.0,0,1.0,1,0.8077,5.1152099728469,8.797382745284967,10,0,0,0,1
cell_subsample,0.5,0,3,xenium_human_lymph_node,1536.0933,46.3401,55.9669,242,0,1.0,0,1.0,0,0.9524,0,0.747,4.917675466999096,9.342601127774524,242,0,0,0,0
cell_subsample,0.5,0,4,xenium_human_lymph_node,1556.7091,52.8463,61.4632,195,0,1.0,0,1.0,0,1.0,0,0.7119,4.833989603079738,9.869743965170251,195,0,0,0,0
cell_subsample,0.5,0,5,xenium_human_lymph_node,1506.1515,57.2226,60.884,35,0,1.0,0,1.0,0,0.9524,1,0.7765,5.0139222460027595,9.829437618316158,35,0,0,0,1
cell_subsample,0.5,0,6,xenium_human_lymph_node,1509.1272,94.573,96.0025,4,0,0.5,0,0.3333,1,0.6,1,0.7895,3.4676113977027434,11.86811228294364,4,0,0,1,1
cell_subsample,0.5,0,7,xenium_human_lymph_node,1492.9993,95.1399,100.4189,6,0,0.0,0,0.0,0,0.0,1,0.375,3.168269313580995,10.364449789195012,6,0,0,0,1
cell_subsample,0.5,0,8,xenium_human_lymph_node,1523.0146,62.4029,75.6389,889,0,0.5,0,0.75,0,0.8438,0,0.7202,4.857692156328885,10.455639252628766,889,0,0,0,0
cell_subsample,0.5,0,9,xenium_human_lymph_node,1510.0324,56.3787,56.3787,1,1,1.0,1,1.0,1,1.0,1,0.8857,4.713440653833822,9.835998714014991,1,1,1,1,1
cell_subsample,0.5,0,10,xenium_human_lymph_node,1547.0076,64.6732,70.3976,16,0,1.0,0,1.0,0,1.0,1,0.8636,4.448795018013736,10.096188770316244,16,0,0,0,1
cell_subsample,0.5,0,11,xenium_human_lymph_node,1534.9062,57.0123,58.8828,4,0,1.0,0,1.0,1,0.7143,1,0.8283,4.890285229948961,8.56160816572882,4,0,0,1,1
cell_subsample,0.5,0,12,xenium_human_lymph_node,1492.0417,99.337,103.6656,21,0,0.5,0,0.6667,0,0.6,1,0.7869,3.398213000026087,12.185979117072009,21,0,0,0,1
cell_subsample,0.5,0,13,xenium_human_lymph_node,1522.1896,53.542,56.0774,15,0,1.0,0,0.8889,1,0.9048,1,0.785,4.9814788801640555,9.812523714332844,15,0,0,1,1
cell_subsample,0.5,0,14,xenium_human_lymph_node,1546.853,73.5679,75.1871,10,0,1.0,0,0.8889,1,0.8667,1,0.7095,3.9222896470820365,11.226416567588076,10,0,0,1,1
cell_subsample,0.5,0,15,xenium_human_lymph_node,1526.6876,97.4644,111.4583,1165,0,1.0,0,0.875,0,0.9643,0,0.743,3.1972705792495697,13.11139859048775,338,0,0,0,0
cell_subsample,0.5,0,16,xenium_human_lymph_node,1521.5278,51.1935,58.9271,153,0,1.0,0,1.0,0,1.0,0,0.9459,5.0421675070220955,9.734837342239446,153,0,0,0,0
cell_subsample,0.5,0,17,xenium_human_lymph_node,1531.4664,66.0313,74.1566,87,0,1.0,0,1.0,0,1.0,0,0.7,4.3929056847034085,11.055818033818596,87,0,0,0,0
cell_subsample,0.5,0,18,xenium_human_lymph_node,1537.4069,56.3622,62.6407,107,0,0.5,0,0.5,0,0.6923,0,0.7647,4.9523188692364934,9.41520766689082,107,0,0,0,0
cell_subsample,0.5,0,19,xenium_human_lymph_node,1515.2498,54.7547,62.941,125,0,1.0,0,1.0,0,0.8571,0,0.8409,4.878304285167293,7.492980752104693,125,0,0,0,0
cell_subsample,0.5,0,20,xenium_human_lymph_node,1520.1469,99.3431,105.3603,53,0,1.0,0,1.0,0,0.875,1,0.8364,3.205280927887498,10.916073575709014,8,0,0,1,1
cell_subsample,0.5,0,21,xenium_human_lymph_node,1515.3829,56.527,61.1134,30,0,1.0,0,1.0,0,1.0,1,0.8548,4.889827069127229,9.502010471126626,30,0,0,0,1
cell_subsample,0.5,0,22,xenium_human_lymph_node,1500.5325,96.5448,108.4333,568,0,1.0,0,1.0,0,1.0,0,0.9091,3.3096013178723984,12.345902082846044,1083,0,0,0,0
cell_subsample,0.5,0,23,xenium_human_lymph_node,1507.8454,92.1286,93.5914,8,0,1.0,0,1.0,1,0.9231,1,0.8387,3.4111613478464364,12.38307629240821,944,0,0,0,0
cell_subsample,0.5,0,24,xenium_human_lymph_node,1516.8799,52.8904,61.1141,244,0,0.5,0,0.8571,0,0.7826,0,0.75,5.009591722489632,10.023160231394858,244,0,0,0,0
cell_subsample,0.5,0,25,xenium_human_lymph_node,1468.1822,48.9604,56.5801,68,0,1.0,0,1.0,0,1.0,0,0.8276,4.945925050290335,9.246092428307687,68,0,0,0,0
cell_subsample,0.5,0,26,xenium_human_lymph_node,1460.4232,63.6542,71.4412,256,0,1.0,0,1.0,0,1.0,0,0.7787,4.3991965549915095,8.7051449173181,256,0,0,0,0
cell_subsample,0.5,0,27,xenium_human_lymph_node,1457.924,59.148,61.8464,4,0,1.0,0,1.0,1,1.0,1,0.8824,4.99480169390474,7.1802718840205975,4,0,0,1,1
cell_subsample,0.5,0,28,xenium_human_lymph_node,1485.863,50.4841,54.4753,26,0,1.0,0,1.0,0,0.9333,1,0.7632,5.199622764313602,9.125332940452408,26,0,0,0,1
cell_subsample,0.5,0,29,xenium_human_lymph_node,1476.7358,65.4209,68.1254,8,0,1.0,0,1.0,1,1.0,1,0.8871,4.92611018415115,10.179427518031503,8,0,0,1,1
cell_subsample,0.5,0,30,xenium_human_lymph_node,1750.5533,45.812,57.3107,226,0,1.0,0,1.0,0,1.0,0,0.8889,5.077959847718106,7.827987339625567,226,0,0,0,0
cell_subsample,0.5,0,31,xenium_human_lymph_node,1462.1945,90.6601,98.9277,227,0,1.0,0,1.0,0,0.8333,0,0.8649,3.509063164055189,10.216274854461687,227,0,0,0,0
cell_subsample,0.5,0,32,xenium_human_lymph_node,1497.5742,60.7504,66.4757,27,0,1.0,0,1.0,0,1.0,1,0.9706,5.027102817704449,8.811080420514715,27,0,0,0,1
cell_subsample,0.5,0,33,xenium_human_lymph_node,1481.9753,76.3857,76.3857,1,1,1.0,1,1.0,1,0.5,1,0.6667,4.462370488193849,11.401424979314195,2,0,0,1,1
cell_subsample,0.5,0,34,xenium_human_lymph_node,1438.312,44.1298,50.4619,36,0,1.0,0,1.0,0,0.8889,0,0.7,5.094144791326282,8.577451512804316,36,0,0,0,0
cell_subsample,0.5,0,35,xenium_human_lymph_node,1498.8038,50.0516,58.6033,263,0,1.0,0,1.0,0,0.8095,0,0.7064,5.071573494514327,8.103274009226295,263,0,0,0,0
cell_subsample,0.5,0,36,xenium_human_lymph_node,1480.237,60.3986,68.3822,204,0,1.0,0,1.0,0,1.0,0,0.7949,4.750640090501206,9.538856450670313,204,0,0,0,0
cell_subsample,0.5,0,37,xenium_human_lymph_node,1498.4141,52.1523,56.3457,23,0,1.0,0,1.0,0,0.875,1,0.9231,4.916744213870876,10.248932071976258,23,0,0,0,1
cell_subsample,0.5,0,38,xenium_human_lymph_node,1456.986,47.1105,49.0755,5,0,1.0,0,1.0,1,0.9167,1,0.9123,5.128502923618072,7.460170592543815,5,0,0,1,1
cell_subsample,0.5,0,39,xenium_human_lymph_node,1461.6841,57.1556,61.1638,42,0,1.0,0,1.0,0,0.8636,1,0.8,4.914260872195623,9.265113266476241,42,0,0,0,1
cell_subsample,0.5,0,40,xenium_human_lymph_node,1457.6379,54.8418,62.2465,227,0,1.0,0,1.0,0,0.8056,0,0.7762,4.875688917732091,9.214663007838126,227,0,0,0,0
cell_subsample,0.5,0,41,xenium_human_lymph_node,1475.4303,71.2363,76.3043,82,0,1.0,0,1.0,0,0.9286,1,0.72,4.661188315863073,8.464974417361455,82,0,0,0,1
cell_subsample,0.5,0,42,xenium_human_lymph_node,1463.0025,53.8966,61.6955,239,0,0.6,0,0.5556,0,0.64,0,0.7391,4.858874494161296,10.835094173806114,239,0,0,0,0
cell_subsample,0.5,0,43,xenium_human_lymph_node,1470.3417,49.6057,62.0199,513,0,1.0,0,1.0,0,0.875,0,0.8077,5.041748246647492,9.521420113150985,513,0,0,0,0
cell_subsample,0.5,0,44,xenium_human_lymph_node,1466.3762,95.1399,103.7084,169,0,1.0,0,1.0,0,0.9167,0,0.9574,3.232647588909071,12.112863138518538,169,0,0,0,0
cell_subsample,0.5,0,45,xenium_human_lymph_node,1433.862,58.1405,64.9126,78,0,1.0,0,1.0,0,1.0,0,0.8571,4.881597463423669,8.804474905258418,78,0,0,0,0
cell_subsample,0.5,0,46,xenium_human_lymph_node,1471.0792,72.9522,78.1027,79,0,1.0,0,1.0,0,0.9,1,0.7792,4.491039724793501,9.362168287545787,79,0,0,0,1
cell_subsample,0.5,0,47,xenium_human_lymph_node,1422.2615,95.4536,97.0331,4,0,1.0,0,0.6667,1,0.7692,1,0.8554,3.3323093556500156,9.674255873187773,4,0,0,1,1
cell_subsample,0.5,0,48,xenium_human_lymph_node,1442.6595,91.1799,91.1799,1,1,1.0,1,1.0,1,1.0,1,0.7848,3.284884995395063,11.615588937258881,207,0,0,0,0
cell_subsample,0.5,0,49,xenium_human_lymph_node,1462.7612,58.0803,63.498,88,0,0.6667,0,0.6667,0,0.6957,1,0.7143,4.8930813469364765,9.359781613090307,88,0,0,0,1
cell_subsample,0.5,0,50,xenium_human_lymph_node,1504.8002,68.2811,73.0054,42,0,1.0,0,1.0,0,1.0,1,0.7627,4.51413715997621,8.385760543274092,42,0,0,0,1
cell_subsample,0.5,0,51,xenium_human_lymph_node,1439.475,95.0873,102.7389,160,0,1.0,0,1.0,0,1.0,0,0.8919,3.410336972714367,12.371648622120878,11,0,0,0,1
cell_subsample,0.5,0,52,xenium_human_lymph_node,1522.3662,56.1298,56.1298,1,1,1.0,1,1.0,1,1.0,1,1.0,4.979864708075141,7.9649713270284455,1,1,1,1,1
cell_subsample,0.5,0,53,xenium_human_lymph_node,1514.7152,51.4364,54.5337,18,0,1.0,0,1.0,0,0.8235,1,0.6311,4.961406249445919,9.775234279241499,18,0,0,0,1
cell_subsample,0.5,0,54,xenium_human_lymph_node,1509.3563,50.1012,55.7286,43,0,1.0,0,1.0,0,0.8333,1,0.8519,4.912234905474484,9.259976892590231,43,0,0,0,1
cell_subsample,0.5,0,55,xenium_human_lymph_node,1461.6853,50.6638,56.7026,47,0,1.0,0,1.0,0,1.0,1,0.9388,5.167804556165615,7.975035767586205,47,0,0,0,1
cell_subsample,0.5,0,56,xenium_human_lymph_node,1427.5471,47.7003,56.8269,230,0,0.6667,0,0.5,0,0.8571,0,0.6901,5.138775392196575,9.522819683671,230,0,0,0,0
cell_subsample,0.5,0,57,xenium_human_lymph_node,1445.2139,53.6257,60.2347,23,0,1.0,0,1.0,0,1.0,0,1.0,4.900318008903745,9.898781909157046,23,0,0,0,0
cell_subsample,0.5,0,58,xenium_human_lymph_node,1458.8361,54.7787,58.1904,10,0,1.0,0,1.0,0,1.0,1,0.9452,4.812518913867844,6.336714548077751,10,0,0,0,1
cell_subsample,0.5,0,59,xenium_human_lymph_node,1462.9825,47.3972,52.1196,14,0,1.0,0,1.0,0,1.0,1,0.9412,5.1391494651831,8.10195419497578,14,0,0,0,1
cell_subsample,0.5,0,60,xenium_human_lymph_node,1421.5053,103.5844,113.6832,136,0,0.0,0,0.0,0,0.0,0,0.75,3.292878054945379,12.338367686614328,2,0,0,0,1
cell_subsample,0.5,0,61,xenium_human_lymph_node,1460.9433,48.3149,54.2265,38,0,1.0,0,1.0,0,1.0,1,0.9024,5.138085007493502,7.85150084280438,38,0,0,0,1
cell_subsample,0.5,0,62,xenium_human_lymph_node,1458.2822,49.5907,58.1733,178,0,1.0,0,1.0,0,0.7333,0,0.7105,5.079497397714192,9.167130516508916,178,0,0,0,0
cell_subsample,0.5,0,63,xenium_human_lymph_node,1458.2365,53.3106,62.401,501,0,0.3333,0,0.6364,0,0.7949,0,0.6197,5.033120206061225,9.852132644966504,501,0,0,0,0
cell_subsample,0.5,0,64,xenium_human_lymph_node,1503.9523,53.6778,59.1739,85,0,1.0,0,0.6667,0,0.7778,1,0.6721,4.985522169062529,9.260313771358287,85,0,0,0,1
cell_subsample,0.5,0,65,xenium_human_lymph_node,1484.5759,63.3858,66.7182,47,0,1.0,0,1.0,0,0.8286,1,0.7026,4.628421565499253,9.072672779769052,47,0,0,0,1
cell_subsample,0.5,0,66,xenium_human_lymph_node,1409.657,63.7375,85.3086,1735,0,1.0,0,1.0,0,0.8333,0,0.7681,4.577637228240331,10.09291032042296,1735,0,0,0,0
cell_subsample,0.5,0,67,xenium_human_lymph_node,1438.1086,47.1795,57.6438,220,0,1.0,0,1.0,0,1.0,0,0.9143,5.052078083562163,8.114620053829073,220,0,0,0,0
cell_subsample,0.5,0,68,xenium_human_lymph_node,1425.7105,55.8857,59.1158,23,0,0.75,0,0.6667,0,0.75,1,0.7246,4.919134430233307,8.818892753417016,42,0,0,0,1
cell_subsample,0.5,0,69,xenium_human_lymph_node,1430.4037,94.0005,101.1094,148,0,0.0,0,0.5,0,0.75,0,0.7976,3.4103699791543542,13.06463843485179,5,0,0,1,1
cell_subsample,0.5,0,70,xenium_human_lymph_node,1503.7873,52.241,52.8587,8,0,1.0,1,0.9286,1,0.7609,1,0.7396,5.183027597808439,8.13215891925514,8,0,1,1,1
cell_subsample,0.5,0,71,xenium_human_lymph_node,1426.2327,46.2645,50.3759,13,0,1.0,0,1.0,0,1.0,1,0.9722,5.1598048167405395,8.34165224588876,13,0,0,0,1
cell_subsample,0.5,0,72,xenium_human_lymph_node,1427.119,49.372,49.372,1,1,1.0,1,1.0,1,1.0,1,0.8824,5.079044345031982,8.373619463685122,1,1,1,1,1
cell_subsample,0.5,0,73,xenium_human_lymph_node,1495.6886,93.8224,104.9632,673,0,0.6667,0,0.8333,0,0.7333,0,0.7905,3.442997238015846,12.28810684990025,2,1,1,1,1
cell_subsample,0.5,0,74,xenium_human_lymph_node,1551.2648,45.1987,48.5551,17,0,1.0,0,1.0,0,0.9286,1,0.8333,5.183215027235511,7.594395296875413,17,0,0,0,1
cell_subsample,0.5,0,75,xenium_human_lymph_node,1532.5872,59.136,66.5059,271,0,1.0,0,1.0,0,0.9333,0,0.7879,4.885516978172189,7.896426769086524,271,0,0,0,0
cell_subsample,0.5,0,76,xenium_human_lymph_node,1478.8905,52.6895,59.6843,137,0,1.0,0,0.6667,0,0.8235,0,0.6887,5.016684177748859,9.14610035473774,137,0,0,0,0
cell_subsample,0.5,0,77,xenium_human_lymph_node,1426.6048,51.0998,51.6093,2,1,1.0,1,1.0,1,0.7857,1,0.8854,5.262991985619202,7.753302076509004,2,1,1,1,1
cell_subsample,0.5,0,78,xenium_human_lymph_node,1465.2663,47.3882,49.2931,7,0,1.0,0,1.0,1,0.9286,1,0.9559,5.036224776089101,7.340021238999483,7,0,0,1,1
cell_subsample,0.5,0,79,xenium_human_lymph_node,1434.1481,63.156,68.0995,42,0,1.0,0,1.0,0,0.9231,1,0.7921,4.755390660256555,9.701715182005751,42,0,0,0,1
cell_subsample,0.5,0,80,xenium_human_lymph_node,1447.5898,44.0226,51.1348,27,0,1.0,0,1.0,0,1.0,0,0.8125,5.066473999536252,8.176721730977379,27,0,0,0,0
cell_subsample,0.5,0,81,xenium_human_lymph_node,1432.9744,54.1123,61.3058,87,0,1.0,0,1.0,0,1.0,0,0.7292,4.820805494973763,9.914073411815368,87,0,0,0,0
cell_subsample,0.5,0,82,xenium_human_lymph_node,1478.2027,54.1828,59.9938,75,0,1.0,0,0.75,0,0.7143,1,0.7529,4.895976483243955,8.151844520959473,75,0,0,0,1
cell_subsample,0.5,0,83,xenium_human_lymph_node,1449.6321,53.6954,65.1181,310,0,1.0,0,1.0,0,0.5,0,0.6452,4.868454220433869,9.698451284790709,310,0,0,0,0
cell_subsample,0.5,0,84,xenium_human_lymph_node,1471.4141,67.3576,69.5065,8,0,1.0,0,1.0,1,0.8462,1,0.6825,4.560924181592355,10.655585495400008,8,0,0,1,1
cell_subsample,0.5,0,85,xenium_human_lymph_node,1550.1169,52.5167,54.9156,5,0,1.0,0,1.0,1,1.0,1,0.8387,4.911245891076286,9.523906098140165,5,0,0,1,1
cell_subsample,0.5,0,86,xenium_human_lymph_node,1505.0183,52.6188,62.6922,266,0,1.0,0,1.0,0,1.0,0,0.8269,4.898755311143859,8.238303765323813,266,0,0,0,0
cell_subsample,0.5,0,87,xenium_human_lymph_node,1402.214,79.6342,106.2651,2053,0,1.0,0,1.0,0,0.8919,0,0.65,3.5822313686989937,13.072420109559319,1944,0,0,0,0
cell_subsample,0.5,0,88,xenium_human_lymph_node,1463.8378,57.8073,61.8617,25,0,1.0,0,1.0,0,0.8462,1,0.8,5.028312267969707,9.42131407638801,25,0,0,0,1
cell_subsample,0.5,0,89,xenium_human_lymph_node,1430.1795,59.2967,63.193,89,0,1.0,0,0.5455,0,0.6346,1,0.6096,4.840442755031112,9.317316162628916,89,0,0,0,1
cell_subsample,0.5,0,90,xenium_human_lymph_node,1465.6059,89.6834,102.2779,1130,0,0.5,0,0.6,0,0.8929,0,0.7354,3.500719214613101,12.296536341139303,1130,0,0,0,0
cell_subsample,0.5,0,91,xenium_human_lymph_node,1462.5521,51.8746,58.0029,115,0,1.0,0,1.0,0,1.0,1,0.8291,5.232828421742494,6.554931242460287,115,0,0,0,1
cell_subsample,0.5,0,92,xenium_human_lymph_node,1455.3145,57.9569,66.3605,294,0,1.0,0,1.0,0,0.7059,0,0.6116,4.843681315487984,10.805435400623567,294,0,0,0,0
cell_subsample,0.5,0,93,xenium_human_lymph_node,1445.2945,63.7931,74.6331,355,0,1.0,0,1.0,0,1.0,0,0.9123,4.845488418077302,8.852724520245584,355,0,0,0,0
cell_subsample,0.5,0,94,xenium_human_lymph_node,1433.3845,54.9805,58.2973,17,0,1.0,0,1.0,0,0.8,1,0.7849,4.839174757628257,8.85369729252449,17,0,0,0,1
cell_subsample,0.5,0,95,xenium_human_lymph_node,1465.1018,52.9306,56.1976,9,0,1.0,0,1.0,0,1.0,1,0.7812,4.887565342120464,9.645630963733753,9,0,0,0,1
cell_subsample,0.5,0,96,xenium_human_lymph_node,1472.2471,51.6752,60.1263,162,0,1.0,0,1.0,0,1.0,0,0.9608,4.787626557043909,9.061656691432118,162,0,0,0,0
cell_subsample,0.5,0,97,xenium_human_lymph_node,1452.0639,94.2516,108.8003,1063,0,1.0,0,1.0,0,1.0,0,0.9583,3.218269158489499,13.225927796928874,1063,0,0,0,0
cell_subsample,0.5,0,98,xenium_human_lymph_node,1442.0539,94.7943,97.7161,24,0,1.0,0,1.0,1,0.8846,1,0.7799,3.3455410087469253,11.796477789312348,331,0,0,0,0
cell_subsample,0.5,0,99,xenium_human_lymph_node,1518.2486,57.3673,61.3125,29,0,1.0,0,1.0,0,0.9091,1,0.7387,4.7666985094227625,10.332366223566499,29,0,0,0,1
cell_subsample,0.5,1,0,xenium_human_lymph_node,1438.1057,93.6197,101.1063,97,0,1.0,0,1.0,0,1.0,0,0.8095,3.516105323786816,10.420588345056226,97,0,0,0,0
cell_subsample,0.5,1,1,xenium_human_lymph_node,1444.5421,56.8509,61.5259,13,0,1.0,0,1.0,0,1.0,1,0.95,4.976980966848134,8.791440553697553,13,0,0,0,1
cell_subsample,0.5,1,2,xenium_human_lymph_node,1456.6322,50.962,56.3413,36,0,1.0,0,1.0,0,0.8333,1,0.9038,5.064928197930169,7.672727038948721,36,0,0,0,1
cell_subsample,0.5,1,3,xenium_human_lymph_node,1451.333,46.3401,52.0138,71,0,1.0,0,1.0,0,0.8571,1,0.7349,4.9075719599586245,9.952530555171588,71,0,0,0,1
cell_subsample,0.5,1,4,xenium_human_lymph_node,1440.6457,52.8463,58.968,55,0,1.0,0,1.0,0,1.0,1,0.7627,4.827060215351402,9.442627697066214,55,0,0,0,1
cell_subsample,0.5,1,5,xenium_human_lymph_node,1452.8109,57.2226,66.8057,537,0,1.0,0,0.8333,0,0.9048,0,0.7039,4.969482218030013,10.124525690887264,537,0,0,0,0
cell_subsample,0.5,1,6,xenium_human_lymph_node,1442.4082,94.573,115.2207,1229,0,0.5,0,0.3333,0,0.4,0,0.7368,3.4150293882659284,12.461876076091462,2,1,1,1,1
cell_subsample,0.5,1,7,xenium_human_lymph_node,1452.7774,95.1399,100.4189,6,0,0.0,0,0.0,0,0.0,1,0.375,3.1746407353000183,10.544519040169357,1,1,1,1,1
cell_subsample,0.5,1,8,xenium_human_lymph_node,1452.7456,62.4029,65.3919,29,0,0.5,0,0.75,1,0.8125,1,0.7047,4.837998313802987,8.58719810876654,29,0,0,1,1
cell_subsample,0.5,1,9,xenium_human_lymph_node,1481.5434,56.3787,60.497,8,0,1.0,0,1.0,0,1.0,1,0.8571,4.707956083722559,9.276834080952431,8,0,0,0,1
cell_subsample,0.5,1,10,xenium_human_lymph_node,1571.9011,64.6732,71.3927,32,0,1.0,0,1.0,0,1.0,0,0.9091,4.431329503120806,9.415630167092871,32,0,0,0,0
cell_subsample,0.5,1,11,xenium_human_lymph_node,1900.6514,57.0123,60.1106,8,0,1.0,0,1.0,0,0.5714,1,0.7576,4.927699994343883,9.940473049833956,8,0,0,0,1
cell_subsample,0.5,1,12,xenium_human_lymph_node,1523.0447,99.337,107.3173,182,0,0.0,0,0.3333,0,0.5,0,0.8033,3.3427806487360625,10.323115857183987,7,0,0,1,1
cell_subsample,0.5,1,13,xenium_human_lymph_node,1609.8478,53.542,54.5235,4,0,0.0,1,0.8889,1,0.9048,1,0.8037,4.927621800515817,8.678411733890002,4,0,1,1,1
cell_subsample,0.5,1,14,xenium_human_lymph_node,1600.1307,73.5679,74.0284,2,1,0.3333,1,0.5556,1,0.7,1,0.7095,3.9451018123191384,11.65303028323746,2,1,1,1,1
cell_subsample,0.5,1,15,xenium_human_lymph_node,1595.3633,97.4644,104.0842,224,0,0.6667,0,0.75,0,0.8929,0,0.7151,3.2113690443299614,12.380063006368266,123,0,0,0,1
cell_subsample,0.5,1,16,xenium_human_lymph_node,1555.6124,51.1935,54.6335,20,0,1.0,0,1.0,0,0.9231,1,0.9324,5.061341891051999,10.288171466877817,20,0,0,0,1
cell_subsample,0.5,1,17,xenium_human_lymph_node,1540.4648,66.0313,68.087,2,0,1.0,0,1.0,1,1.0,1,0.85,4.3427865843837585,9.15836547217327,2,0,0,1,1
cell_subsample,0.5,1,18,xenium_human_lymph_node,1539.5844,56.3622,58.126,6,0,0.5,0,0.75,1,0.9231,1,0.7941,4.930932660793615,8.937933515314192,6,0,0,1,1
cell_subsample,0.5,1,19,xenium_human_lymph_node,1527.3606,54.7547,58.7975,13,0,1.0,0,1.0,0,1.0,1,0.8864,4.899977728224825,8.047300864021244,13,0,0,0,1
cell_subsample,0.5,1,20,xenium_human_lymph_node,1515.4342,99.3431,105.3603,53,0,1.0,0,1.0,0,0.875,1,0.8545,3.224106386694676,12.204570142026785,8,0,0,1,1
cell_subsample,0.5,1,21,xenium_human_lymph_node,1543.1354,56.527,59.2146,9,0,1.0,0,1.0,1,1.0,1,0.8548,4.881072110920535,9.038969827008895,9,0,0,1,1
cell_subsample,0.5,1,22,xenium_human_lymph_node,1541.0123,96.5448,108.4333,568,0,1.0,0,1.0,0,1.0,0,0.9091,3.303040109123447,12.064975321279075,568,0,0,0,0
cell_subsample,0.5,1,23,xenium_human_lymph_node,1583.6018,92.1286,105.7317,1085,0,1.0,0,1.0,0,0.9231,0,0.8817,3.404973819150201,12.873491372017298,42,0,0,0,1
cell_subsample,0.5,1,24,xenium_human_lymph_node,1501.7835,52.8904,56.4656,29,0,1.0,0,1.0,0,0.8261,1,0.7679,4.996119593901385,8.196609868729043,29,0,0,0,1
cell_subsample,0.5,1,25,xenium_human_lymph_node,1441.4429,48.9604,58.6323,158,0,1.0,0,1.0,0,1.0,0,0.8276,4.99066803023011,9.884729315869599,158,0,0,0,0
cell_subsample,0.5,1,26,xenium_human_lymph_node,1533.6216,63.6542,63.6542,1,1,1.0,1,0.8,1,0.75,1,0.6885,4.410783780096182,10.60163309799919,1,1,1,1,1
cell_subsample,0.5,1,27,xenium_human_lymph_node,1576.4633,59.148,63.7878,14,0,1.0,0,1.0,0,1.0,1,0.8431,4.995639428786328,7.9694403441447434,14,0,0,0,1
cell_subsample,0.5,1,28,xenium_human_lymph_node,1540.4606,50.4841,63.3275,593,0,1.0,0,1.0,0,0.7333,0,0.7895,5.19164620798328,9.549092040695248,593,0,0,0,0
cell_subsample,0.5,1,29,xenium_human_lymph_node,1512.52,65.4209,72.8003,108,0,1.0,0,1.0,0,1.0,0,0.871,4.903357351919263,9.47225903638917,108,0,0,0,0
cell_subsample,0.5,1,30,xenium_human_lymph_node,1564.0191,45.812,61.2821,566,0,1.0,0,1.0,0,1.0,0,0.963,5.09462377763991,8.355937087646332,566,0,0,0,0
cell_subsample,0.5,1,31,xenium_human_lymph_node,1540.4944,90.6601,98.9277,227,0,1.0,0,1.0,0,1.0,0,0.7838,3.4910970514891146,10.019749997494904,227,0,0,0,0
cell_subsample,0.5,1,32,xenium_human_lymph_node,1530.9907,60.7504,62.969,2,0,1.0,0,1.0,1,0.6667,1,0.9118,5.071021029578345,9.014013465405503,2,0,0,1,1
cell_subsample,0.5,1,33,xenium_human_lymph_node,1515.9551,76.3857,90.4692,562,0,0.0,0,0.0,0,0.0,0,0.5,4.394472311801388,9.724943505401841,2,0,0,1,1
cell_subsample,0.5,1,34,xenium_human_lymph_node,1555.8882,44.1298,51.1886,54,0,1.0,0,1.0,0,1.0,0,0.8667,5.131723802053522,9.781252986467605,54,0,0,0,0
cell_subsample,0.5,1,35,xenium_human_lymph_node,1522.202,50.0516,59.4786,363,0,1.0,0,1.0,0,0.7143,0,0.6881,5.050174319255739,9.393524760157716,363,0,0,0,0
cell_subsample,0.5,1,36,xenium_human_lymph_node,1501.2369,60.3986,69.0172,258,0,1.0,0,1.0,0,1.0,0,0.7949,4.782104658220756,9.840940456297002,258,0,0,0,0
cell_subsample,0.5,1,37,xenium_human_lymph_node,1500.34,52.1523,56.3457,23,0,1.0,0,1.0,0,1.0,1,0.7692,4.9600639875530925,10.579149614317732,23,0,0,0,1
cell_subsample,0.5,1,38,xenium_human_lymph_node,1514.956,47.1105,50.7212,17,0,1.0,0,1.0,0,0.9167,1,0.8596,5.112005990565253,8.753918786801336,17,0,0,0,1
cell_subsample,0.5,1,39,xenium_human_lymph_node,1539.4264,57.1556,63.505,141,0,1.0,0,1.0,0,0.9091,0,0.8154,4.920947426829765,8.31168014282554,141,0,0,0,0
cell_subsample,0.5,1,40,xenium_human_lymph_node,1532.1807,54.8418,61.0419,145,0,0.8,0,0.9231,0,0.8611,0,0.7972,4.843627090622291,9.681580419138314,145,0,0,0,0
cell_subsample,0.5,1,41,xenium_human_lymph_node,1501.8632,71.2363,76.49,95,0,1.0,0,1.0,0,0.9286,1,0.7486,4.655649520886117,7.7169016420075005,95,0,0,0,1
cell_subsample,0.5,1,42,xenium_human_lymph_node,1511.0612,53.8966,56.0265,15,0,0.8,0,0.7778,1,0.88,1,0.7739,4.829491689763818,9.137876874336639,15,0,0,1,1
cell_subsample,0.5,1,43,xenium_human_lymph_node,1500.8554,49.6057,55.7567,52,0,1.0,0,1.0,0,0.75,1,0.75,5.052815620322361,9.771895465483803,52,0,0,0,1
cell_subsample,0.5,1,44,xenium_human_lymph_node,1528.7476,95.1399,101.7527,76,0,1.0,0,1.0,0,1.0,0,0.9574,3.264533971072985,11.065999351504109,169,0,0,0,0
cell_subsample,0.5,1,45,xenium_human_lymph_node,1574.3554,58.1405,62.4954,14,0,1.0,0,1.0,0,1.0,1,0.898,4.882928723169833,7.9862973078691715,14,0,0,0,1
cell_subsample,0.5,1,46,xenium_human_lymph_node,1545.5623,72.9522,78.1027,79,0,1.0,0,1.0,0,0.7,1,0.7143,4.494106180241867,10.01524714313344,79,0,0,0,1
cell_subsample,0.5,1,47,xenium_human_lymph_node,1530.1648,95.4536,97.0331,4,0,1.0,0,0.6667,1,0.6923,1,0.7711,3.3522507464758204,11.535843159341395,100,0,0,0,0
cell_subsample,0.5,1,48,xenium_human_lymph_node,1527.8286,91.1799,95.3653,17,0,1.0,0,1.0,0,1.0,1,0.7215,3.344282834689305,11.78413393410963,1234,0,0,0,0
cell_subsample,0.5,1,49,xenium_human_lymph_node,1522.2609,58.0803,60.0877,8,0,1.0,0,1.0,1,0.7826,1,0.7643,4.878651638654781,7.8987350632413005,8,0,0,1,1
cell_subsample,0.5,1,50,xenium_human_lymph_node,1552.1118,68.2811,74.9817,157,0,1.0,0,1.0,0,1.0,0,0.8051,4.486834154231756,9.855617391705723,157,0,0,0,0
cell_subsample,0.5,1,51,xenium_human_lymph_node,1511.5409,95.0873,106.3259,563,0,1.0,0,1.0,0,1.0,0,0.8919,3.46071148001011,13.75206715212342,11,0,0,0,1
cell_subsample,0.5,1,52,xenium_human_lymph_node,1561.4324,56.1298,56.1298,1,1,1.0,1,1.0,1,1.0,1,1.0,5.010927697441509,7.436967592339271,1,1,1,1,1
cell_subsample,0.5,1,53,xenium_human_lymph_node,1529.6677,51.4364,57.5767,103,0,1.0,0,1.0,0,0.7059,1,0.7282,5.003378653095788,8.843311199318649,103,0,0,0,1
cell_subsample,0.5,1,54,xenium_human_lymph_node,1560.4058,50.1012,54.9273,26,0,1.0,0,1.0,0,1.0,1,0.8519,4.9632553959528405,8.75752560086266,26,0,0,0,1
cell_subsample,0.5,1,55,xenium_human_lymph_node,1558.7434,50.6638,59.1953,152,0,1.0,0,1.0,0,1.0,0,0.8776,5.177816509628501,8.340681327189417,152,0,0,0,0
cell_subsample,0.5,1,56,xenium_human_lymph_node,1531.4403,47.7003,54.1825,87,0,1.0,0,1.0,0,0.9286,0,0.7606,5.16084884187205,9.218835410278626,87,0,0,0,0
cell_subsample,0.5,1,57,xenium_human_lymph_node,1518.8384,53.6257,62.4267,88,0,1.0,0,1.0,0,1.0,0,0.7692,4.87256823741803,10.426007875710924,88,0,0,0,0
cell_subsample,0.5,1,58,xenium_human_lymph_node,1510.2642,54.7787,62.0234,139,0,1.0,0,1.0,0,1.0,0,0.7534,4.8643853908377865,8.283538000564036,139,0,0,0,0
cell_subsample,0.5,1,59,xenium_human_lymph_node,1497.8752,47.3972,57.0453,142,0,1.0,0,1.0,0,0.8,0,0.9118,5.117238690104705,8.144093556898472,142,0,0,0,0
cell_subsample,0.5,1,60,xenium_human_lymph_node,1551.1286,103.5844,113.6832,136,0,0.0,0,0.0,0,0.0,0,0.75,3.297768902070675,10.6835252901202,2,0,0,0,1
cell_subsample,0.5,1,61,xenium_human_lymph_node,1586.6111,48.3149,55.6247,86,0,1.0,0,1.0,0,0.8333,0,0.8537,5.108184316335267,8.4209779510556,86,0,0,0,0
cell_subsample,0.5,1,62,xenium_human_lymph_node,1545.5741,49.5907,53.3824,26,0,1.0,0,1.0,0,0.8,1,0.7105,5.066671645242368,8.850997037658535,26,0,0,0,1
cell_subsample,0.5,1,63,xenium_human_lymph_node,1576.2466,53.3106,59.0541,171,0,0.6667,0,0.9091,0,0.8205,1,0.6854,4.993561201868541,8.061741304659204,171,0,0,0,1
cell_subsample,0.5,1,64,xenium_human_lymph_node,1501.1195,53.6778,57.3058,31,0,1.0,0,1.0,0,0.7222,1,0.7541,4.952511799736897,7.445128030310541,31,0,0,0,1
cell_subsample,0.5,1,65,xenium_human_lymph_node,1492.54,63.3858,66.7182,47,0,1.0,0,0.75,0,0.8286,1,0.7026,4.576830535129683,8.566179650720875,47,0,0,0,1
cell_subsample,0.5,1,66,xenium_human_lymph_node,1539.0168,63.7375,81.1068,1375,0,1.0,0,1.0,0,0.8333,0,0.7971,4.571597442656421,11.373032809612603,1375,0,0,0,0
cell_subsample,0.5,1,67,xenium_human_lymph_node,1507.536,47.1795,53.4284,42,0,1.0,0,1.0,0,1.0,0,0.9429,5.069993507666828,9.129118947042079,42,0,0,0,0
cell_subsample,0.5,1,68,xenium_human_lymph_node,1518.2451,55.8857,63.0958,220,0,0.75,0,0.8333,0,0.7,0,0.6957,4.95437823533143,9.553080087513468,220,0,0,0,0
cell_subsample,0.5,1,69,xenium_human_lymph_node,1524.4554,94.0005,101.1094,148,0,0.0,0,0.5,0,0.75,0,0.8095,3.396945395557042,10.949802607523484,5,0,0,1,1
cell_subsample,0.5,1,70,xenium_human_lymph_node,1499.8678,52.241,53.1464,9,0,1.0,1,0.9286,1,0.8696,1,0.75,5.216553103358162,8.908906058256077,9,0,1,1,1
cell_subsample,0.5,1,71,xenium_human_lymph_node,1557.143,46.2645,49.3253,7,0,1.0,0,1.0,1,1.0,1,0.9722,5.097717345521123,7.418968135644121,7,0,0,1,1
cell_subsample,0.5,1,72,xenium_human_lymph_node,1521.6029,49.372,53.8967,13,0,1.0,0,1.0,0,0.75,1,0.8235,5.072156215353631,9.039940106310214,13,0,0,0,1
cell_subsample,0.5,1,73,xenium_human_lymph_node,1508.9845,93.8224,100.4489,134,0,0.3333,0,0.6667,0,0.6667,0,0.7714,3.4293408234710014,12.217975209655515,42,0,0,0,1
cell_subsample,0.5,1,74,xenium_human_lymph_node,1527.2191,45.1987,50.353,50,0,1.0,0,1.0,0,0.6429,1,0.7262,5.168945635948041,8.758752437009129,50,0,0,0,1
cell_subsample,0.5,1,75,xenium_human_lymph_node,1499.3034,59.136,60.8986,10,0,1.0,0,0.8571,1,0.9667,1,0.8182,4.852646493282695,8.236421339034273,10,0,0,1,1
cell_subsample,0.5,1,76,xenium_human_lymph_node,1529.2421,52.6895,58.9859,111,0,1.0,0,1.0,0,1.0,0,0.7736,5.000034786378002,7.999465040081094,111,0,0,0,0
cell_subsample,0.5,1,77,xenium_human_lymph_node,1607.2792,51.0998,59.5989,223,0,1.0,0,1.0,0,0.9286,0,0.8229,5.2585883764175305,7.453231934374492,223,0,0,0,0
cell_subsample,0.5,1,78,xenium_human_lymph_node,1688.0233,47.3882,55.9102,159,0,1.0,0,1.0,0,1.0,0,0.8235,5.061709677097575,8.940769398282539,159,0,0,0,0
cell_subsample,0.5,1,79,xenium_human_lymph_node,1631.7028,63.156,68.4461,49,0,1.0,0,1.0,0,0.9231,1,0.8317,4.765464304327514,7.637563668234378,3,0,0,1,1
cell_subsample,0.5,1,80,xenium_human_lymph_node,1523.9114,44.0226,44.0226,1,1,1.0,1,1.0,1,1.0,1,1.0,5.118062672302965,8.093522229419158,1,1,1,1,1
cell_subsample,0.5,1,81,xenium_human_lymph_node,1498.0378,54.1123,58.8482,19,0,1.0,0,1.0,0,1.0,1,0.7917,4.821293125831199,9.654081962183442,19,0,0,0,1
cell_subsample,0.5,1,82,xenium_human_lymph_node,1504.5292,54.1828,59.2954,44,0,1.0,0,1.0,0,1.0,1,0.8,4.931529527250056,8.812019768576603,44,0,0,0,1
cell_subsample,0.5,1,83,xenium_human_lymph_node,1569.817,53.6954,64.4507,261,0,1.0,0,1.0,0,1.0,0,0.7419,4.826448810344014,9.78825750607881,261,0,0,0,0
cell_subsample,0.5,1,84,xenium_human_lymph_node,1599.3431,67.3576,69.5065,8,0,1.0,0,1.0,1,1.0,1,0.6746,4.560138706907414,8.546603526132632,8,0,0,1,1
cell_subsample,0.5,1,85,xenium_human_lymph_node,1554.8204,52.5167,60.5458,147,0,0.5,0,0.6667,0,0.875,0,0.8226,4.9400149328635194,9.345951612878054,147,0,0,0,0
cell_subsample,0.5,1,86,xenium_human_lymph_node,1552.6273,52.6188,59.7265,83,0,1.0,0,1.0,0,0.8,0,0.8269,4.915724943569356,8.718240874880705,83,0,0,0,0
cell_subsample,0.5,1,87,xenium_human_lymph_node,1566.3911,79.6342,81.4852,10,0,1.0,0,1.0,1,0.973,1,0.6958,3.5396310568217437,12.193158506719543,10,0,0,1,1
cell_subsample,0.5,1,88,xenium_human_lymph_node,1547.5097,57.8073,61.689,21,0,1.0,0,1.0,0,0.9231,1,0.7714,5.0242104319336365,8.41710641894317,21,0,0,0,1
cell_subsample,0.5,1,89,xenium_human_lymph_node,1575.7216,59.2967,61.1992,21,0,1.0,0,0.9091,1,0.7692,1,0.6773,4.8699406890347365,9.011765674730814,21,0,0,1,1
cell_subsample,0.5,1,90,xenium_human_lymph_node,1580.2853,89.6834,102.2779,1130,0,0.5,0,0.6,0,0.8571,0,0.7831,3.4448998235208417,10.727085382233223,1130,0,0,0,0
cell_subsample,0.5,1,91,xenium_human_lymph_node,1497.2977,51.8746,54.2631,8,0,1.0,0,1.0,1,0.75,1,0.812,5.258988383035475,7.988021896226206,8,0,0,1,1
cell_subsample,0.5,1,92,xenium_human_lymph_node,1458.2531,57.9569,69.1139,598,0,1.0,0,1.0,0,0.8235,0,0.6777,4.821790187100058,10.097726374795833,598,0,0,0,0
cell_subsample,0.5,1,93,xenium_human_lymph_node,1834.2254,63.7931,65.0785,5,0,1.0,1,0.8,1,0.9091,1,0.8246,4.8504421346120985,9.365865073288992,5,0,1,1,1
cell_subsample,0.5,1,94,xenium_human_lymph_node,1453.778,54.9805,59.1961,32,0,0.5,0,0.6667,0,0.8667,1,0.7849,4.806905854400916,8.101126718102133,32,0,0,0,1
cell_subsample,0.5,1,95,xenium_human_lymph_node,1453.5287,52.9306,63.9563,430,0,1.0,0,1.0,0,0.8333,0,0.7656,4.9249801065153855,9.744995851237832,430,0,0,0,0
cell_subsample,0.5,1,96,xenium_human_lymph_node,1450.681,51.6752,55.9557,12,0,1.0,0,1.0,0,1.0,1,0.8627,4.7481960422068905,9.391392924689987,12,0,0,0,1
cell_subsample,0.5,1,97,xenium_human_lymph_node,1451.1221,94.2516,97.627,11,0,1.0,0,1.0,0,1.0,1,0.9583,3.239221568006827,12.163047436458065,60,0,0,0,0
cell_subsample,0.5,1,98,xenium_human_lymph_node,1436.8453,94.7943,105.7451,930,0,1.0,0,0.875,0,0.8846,0,0.8182,3.2981103615510228,10.998336885540965,655,0,0,0,0
cell_subsample,0.5,1,99,xenium_human_lymph_node,1463.4935,57.3673,65.2894,249,0,1.0,0,1.0,0,0.9091,0,0.7928,4.766112645112984,10.056675882430433,249,0,0,0,0
cell_subsample,0.5,2,0,xenium_human_lymph_node,1426.2272,93.6197,94.5986,2,0,1.0,1,1.0,1,1.0,1,0.8571,3.5020610835721184,10.60317151076204,2,0,1,1,1
cell_subsample,0.5,2,1,xenium_human_lymph_node,1404.6742,56.8509,56.8509,1,1,1.0,1,1.0,1,1.0,1,0.95,4.954743663774149,8.769348908129025,1,1,1,1,1
cell_subsample,0.5,2,2,xenium_human_lymph_node,1425.8978,50.962,58.9973,132,0,1.0,0,1.0,0,1.0,0,0.8654,5.104424725647163,8.556299773463595,132,0,0,0,0
cell_subsample,0.5,2,3,xenium_human_lymph_node,1417.3332,46.3401,50.2599,32,0,1.0,0,0.875,0,0.9048,1,0.7831,4.881944816911157,9.766864225849215,32,0,0,0,1
cell_subsample,0.5,2,4,xenium_human_lymph_node,1439.6096,52.8463,56.0037,6,0,1.0,0,1.0,0,0.6667,1,0.8305,4.8195496785189995,9.2353046696865,6,0,0,0,1
cell_subsample,0.5,2,5,xenium_human_lymph_node,1513.809,57.2226,60.884,35,0,1.0,0,1.0,0,1.0,1,0.7598,4.981173570594171,9.216671036860461,35,0,0,0,1
cell_subsample,0.5,2,6,xenium_human_lymph_node,1540.9117,94.573,96.0025,4,0,0.5,0,0.3333,1,0.6,1,0.7895,3.419739092905103,12.117121023670613,4,0,0,1,1
cell_subsample,0.5,2,7,xenium_human_lymph_node,1473.3942,95.1399,108.4038,76,0,0.0,0,0.0,0,0.0,0,0.25,3.1319013248542493,9.99550420390415,1,1,1,1,1
cell_subsample,0.5,2,8,xenium_human_lymph_node,1478.1396,62.4029,70.6868,376,0,1.0,0,1.0,0,0.9062,0,0.6632,4.808606078994083,9.192216819954844,376,0,0,0,0
cell_subsample,0.5,2,9,xenium_human_lymph_node,1403.1666,56.3787,65.5444,191,0,1.0,0,1.0,0,1.0,0,0.8286,4.728501413813374,9.452276960991355,191,0,0,0,0
cell_subsample,0.5,2,10,xenium_human_lymph_node,1457.9685,64.6732,71.513,40,0,1.0,0,1.0,0,1.0,0,0.8636,4.418488819164225,9.835086812438128,40,0,0,0,0
cell_subsample,0.5,2,11,xenium_human_lymph_node,1483.0235,57.0123,62.957,80,0,1.0,0,1.0,0,0.8571,1,0.7778,4.901172639939136,7.834841996565349,80,0,0,0,1
cell_subsample,0.5,2,12,xenium_human_lymph_node,1444.6083,99.337,105.0094,44,0,0.5,0,0.6667,0,0.6,1,0.7869,3.336347929342777,10.326209946978901,7,0,0,1,1
cell_subsample,0.5,2,13,xenium_human_lymph_node,1443.3856,53.542,54.16,2,0,1.0,1,1.0,1,1.0,1,0.8692,4.963027101409593,8.711961566403906,2,0,1,1,1
cell_subsample,0.5,2,14,xenium_human_lymph_node,1452.8629,73.5679,77.5115,55,0,0.6667,0,0.7778,0,0.8,1,0.7524,3.9856914818938143,10.936068294469415,55,0,0,0,1
cell_subsample,0.5,2,15,xenium_human_lymph_node,1434.5559,97.4644,111.4583,1165,0,1.0,0,1.0,0,0.9286,0,0.7598,3.2126826220547033,13.060478527139079,338,0,0,0,0
cell_subsample,0.5,2,16,xenium_human_lymph_node,1452.713,51.1935,56.3029,46,0,0.5,0,0.8,0,0.7692,1,0.8108,5.0502753032447485,9.957650321986655,46,0,0,0,1
cell_subsample,0.5,2,17,xenium_human_lymph_node,1438.8005,66.0313,71.0041,12,0,1.0,0,1.0,0,1.0,1,0.8,4.4022885511374845,10.46206905972358,1211,0,0,0,0
cell_subsample,0.5,2,18,xenium_human_lymph_node,1417.1699,56.3622,60.1698,25,0,1.0,0,0.75,0,0.8462,1,0.8627,4.905552280178435,7.248190583834805,25,0,0,0,1
cell_subsample,0.5,2,19,xenium_human_lymph_node,1455.4471,54.7547,61.9737,86,0,1.0,0,1.0,0,1.0,0,0.9091,4.883523624957228,8.140156574577158,86,0,0,0,0
cell_subsample,0.5,2,20,xenium_human_lymph_node,1469.3892,99.3431,105.3603,53,0,1.0,0,1.0,0,0.875,1,0.8364,3.2116631552862787,11.407891256197395,34,0,0,0,1
cell_subsample,0.5,2,21,xenium_human_lymph_node,1476.9239,56.527,56.527,1,1,1.0,1,1.0,1,0.9231,1,0.8548,4.8771423798929705,9.516797694621363,1,1,1,1,1
cell_subsample,0.5,2,22,xenium_human_lymph_node,1416.1467,96.5448,108.4333,568,0,1.0,0,1.0,0,1.0,0,0.8636,3.294794982534417,9.847689304264653,568,0,0,0,0
cell_subsample,0.5,2,23,xenium_human_lymph_node,1408.3208,92.1286,105.7317,1085,0,1.0,0,1.0,0,1.0,0,0.871,3.426278690294539,13.410929975133639,588,0,0,0,0
cell_subsample,0.5,2,24,xenium_human_lymph_node,1423.1204,52.8904,62.7704,424,0,1.0,0,1.0,0,0.8261,0,0.6964,5.005849027955331,10.091770439399907,424,0,0,0,0
cell_subsample,0.5,2,25,xenium_human_lymph_node,1433.1375,48.9604,56.387,60,0,1.0,0,1.0,0,1.0,0,0.9655,4.962391334506024,7.626782889981643,60,0,0,0,0
cell_subsample,0.5,2,26,xenium_human_lymph_node,1424.093,63.6542,68.1748,40,0,1.0,0,0.8,0,0.625,1,0.5984,4.422545860746027,11.777463184105457,40,0,0,0,1
cell_subsample,0.5,2,27,xenium_human_lymph_node,1402.8782,59.148,71.001,561,0,1.0,0,1.0,0,1.0,0,0.8627,4.990170183093631,8.668501288630283,561,0,0,0,0
cell_subsample,0.5,2,28,xenium_human_lymph_node,1428.6383,50.4841,55.7134,50,0,1.0,0,1.0,0,0.9333,1,0.8026,5.166936565380705,9.113508850186435,50,0,0,0,1
cell_subsample,0.5,2,29,xenium_human_lymph_node,1438.0398,65.4209,68.6461,14,0,1.0,0,1.0,0,0.8333,1,0.8871,4.893882931907602,10.083219830458532,14,0,0,0,1
cell_subsample,0.5,2,30,xenium_human_lymph_node,1459.1191,45.812,54.9702,100,0,1.0,0,1.0,0,1.0,0,0.9259,5.065088907858204,8.397317397859208,100,0,0,0,0
cell_subsample,0.5,2,31,xenium_human_lymph_node,1464.6577,90.6601,98.9277,227,0,1.0,0,1.0,0,0.8333,0,0.8378,3.4870675152739694,10.558424759681099,212,0,0,0,0
cell_subsample,0.5,2,32,xenium_human_lymph_node,1452.5535,60.7504,67.5602,56,0,1.0,0,1.0,0,0.6667,0,0.9118,5.060263680679073,8.395214522752125,56,0,0,0,0
cell_subsample,0.5,2,33,xenium_human_lymph_node,1415.1886,76.3857,84.0528,10,0,1.0,0,1.0,0,0.5,0,0.6667,4.433666673418972,10.174088681676924,10,0,0,0,0
cell_subsample,0.5,2,34,xenium_human_lymph_node,1468.9984,44.1298,53.1784,113,0,1.0,0,1.0,0,1.0,0,0.8667,5.136551386835509,8.933751531033408,113,0,0,0,0
cell_subsample,0.5,2,35,xenium_human_lymph_node,1464.149,50.0516,58.8628,289,0,1.0,0,1.0,0,0.7619,0,0.7064,5.031308781200004,8.836673929212434,289,0,0,0,0
cell_subsample,0.5,2,36,xenium_human_lymph_node,1460.8565,60.3986,70.93,474,0,1.0,0,1.0,0,0.8571,0,0.8205,4.753350547918278,8.247505600577908,474,0,0,0,0
cell_subsample,0.5,2,37,xenium_human_lymph_node,1437.051,52.1523,60.7211,237,0,1.0,0,1.0,0,0.75,0,0.8269,4.936045908455018,10.46684793844378,237,0,0,0,0
cell_subsample,0.5,2,38,xenium_human_lymph_node,1426.551,47.1105,51.6595,24,0,0.0,0,0.75,0,0.8333,1,0.9123,5.144166051127397,8.776875662663636,24,0,0,0,1
cell_subsample,0.5,2,39,xenium_human_lymph_node,1425.6293,57.1556,61.0334,39,0,1.0,0,1.0,0,0.9545,1,0.8615,4.933581427602615,8.248098319935698,39,0,0,0,1
cell_subsample,0.5,2,40,xenium_human_lymph_node,1453.5705,54.8418,61.4643,177,0,1.0,0,1.0,0,0.8333,0,0.7972,4.867852638771716,9.605156280499639,177,0,0,0,0
cell_subsample,0.5,2,41,xenium_human_lymph_node,1430.0316,71.2363,76.49,95,0,1.0,0,1.0,0,0.9286,1,0.7486,4.657816157911013,8.775168397503029,95,0,0,0,1
cell_subsample,0.5,2,42,xenium_human_lymph_node,1399.9094,53.8966,58.3193,53,0,0.6,0,0.5556,0,0.72,1,0.7739,4.843206258512449,8.845825354205077,53,0,0,0,1
cell_subsample,0.5,2,43,xenium_human_lymph_node,1448.8033,49.6057,58.8718,207,0,1.0,0,1.0,0,0.875,0,0.8462,5.030421143724626,8.32844171067361,207,0,0,0,0
cell_subsample,0.5,2,44,xenium_human_lymph_node,1557.445,95.1399,101.7527,76,0,1.0,0,1.0,0,0.9167,0,0.9574,3.279544828458746,13.22833074292082,51,0,0,0,0
cell_subsample,0.5,2,45,xenium_human_lymph_node,1596.6551,58.1405,61.528,6,0,1.0,0,1.0,0,1.0,1,0.8163,4.8674809233880465,9.45428989154642,6,0,0,0,1
cell_subsample,0.5,2,46,xenium_human_lymph_node,1523.9998,72.9522,78.1027,79,0,1.0,0,1.0,0,0.8,1,0.7532,4.528735436862127,11.12586332028735,1862,0,0,0,0
cell_subsample,0.5,2,47,xenium_human_lymph_node,1428.0942,95.4536,97.0331,4,0,1.0,0,0.6667,1,0.6923,1,0.7952,3.2698415245031236,10.441495602272697,4,0,0,1,1
cell_subsample,0.5,2,48,xenium_human_lymph_node,1400.1578,91.1799,100.3404,344,0,1.0,0,1.0,0,1.0,0,0.8481,3.358092100485996,12.671035421166286,1234,0,0,0,0
cell_subsample,0.5,2,49,xenium_human_lymph_node,1431.9332,58.0803,63.2695,75,0,0.6667,0,0.6667,0,0.7391,1,0.7571,4.920463332376615,9.834578092150858,75,0,0,0,1
cell_subsample,0.5,2,50,xenium_human_lymph_node,1438.8104,68.2811,72.8862,35,0,1.0,0,0.6667,0,0.8,1,0.8051,4.462175985958208,8.528127906411004,35,0,0,0,1
cell_subsample,0.5,2,51,xenium_human_lymph_node,1509.451,95.0873,106.3259,563,0,1.0,0,1.0,0,1.0,0,0.8919,3.407615120216823,11.072049332588373,11,0,0,0,1
cell_subsample,0.5,2,52,xenium_human_lymph_node,1545.137,56.1298,56.1298,1,1,1.0,1,1.0,1,1.0,1,1.0,4.981000679718045,7.553902130861199,1,1,1,1,1
cell_subsample,0.5,2,53,xenium_human_lymph_node,1509.8777,51.4364,59.5528,237,0,1.0,0,1.0,0,0.7059,0,0.7184,4.961727276368179,8.881354160747453,237,0,0,0,0
cell_subsample,0.5,2,54,xenium_human_lymph_node,1541.2865,50.1012,62.1447,414,0,1.0,0,1.0,0,1.0,0,0.8148,5.006169661943781,10.684951159234002,414,0,0,0,0
cell_subsample,0.5,2,55,xenium_human_lymph_node,1545.2772,50.6638,60.5838,267,0,1.0,0,1.0,0,0.6667,0,0.7551,5.156131278556688,8.968698095178926,267,0,0,0,0
cell_subsample,0.5,2,56,xenium_human_lymph_node,1523.8659,47.7003,49.9765,8,0,1.0,0,1.0,1,1.0,1,0.9296,5.1261814706722815,8.54563117715753,8,0,0,1,1
cell_subsample,0.5,2,57,xenium_human_lymph_node,1558.3892,53.6257,63.768,172,0,1.0,0,1.0,0,1.0,0,0.8462,4.886111879959584,9.481838667804103,172,0,0,0,0
cell_subsample,0.5,2,58,xenium_human_lymph_node,1553.2021,54.7787,62.8638,210,0,1.0,0,1.0,0,0.875,0,0.7671,4.892612969835701,9.309525918659787,210,0,0,0,0
cell_subsample,0.5,2,59,xenium_human_lymph_node,1592.5185,47.3972,53.3341,25,0,1.0,0,1.0,0,0.6,1,0.8529,5.121347598949344,8.737158927212079,25,0,0,0,1
cell_subsample,0.5,2,60,xenium_human_lymph_node,1599.7091,103.5844,114.2271,174,0,0.0,0,0.0,0,0.0,0,0.75,3.2860292186479647,10.895626700145977,25,0,0,0,0
cell_subsample,0.5,2,61,xenium_human_lymph_node,1610.4887,48.3149,55.3617,75,0,1.0,0,1.0,0,1.0,0,0.9024,5.145619513288276,7.913651495176806,75,0,0,0,0
cell_subsample,0.5,2,62,xenium_human_lymph_node,1576.8796,49.5907,55.7165,75,0,1.0,0,1.0,0,0.7333,1,0.7237,5.1125144469145845,8.700500978995034,75,0,0,0,1
cell_subsample,0.5,2,63,xenium_human_lymph_node,1502.3506,53.3106,55.135,13,0,1.0,0,1.0,1,0.8205,1,0.6948,5.034843613749146,9.22290942222352,13,0,0,1,1
cell_subsample,0.5,2,64,xenium_human_lymph_node,1519.5838,53.6778,65.7974,684,0,1.0,0,0.6667,0,0.6667,0,0.7295,4.941840896275687,8.307644598725197,684,0,0,0,0
cell_subsample,0.5,2,65,xenium_human_lymph_node,1521.5427,63.3858,68.1049,121,0,0.75,0,0.625,0,0.7429,1,0.6724,4.55129533859361,9.529872409954022,121,0,0,0,1
cell_subsample,0.5,2,66,xenium_human_lymph_node,1531.9383,63.7375,70.1278,84,0,1.0,0,1.0,0,1.0,0,0.7826,4.538081367518123,10.088023389084036,84,0,0,0,0
cell_subsample,0.5,2,67,xenium_human_lymph_node,1471.3205,47.1795,47.1795,1,1,1.0,1,1.0,1,1.0,1,0.8857,5.079742981345052,8.109642966984408,1,1,1,1,1
cell_subsample,0.5,2,68,xenium_human_lymph_node,1473.6799,55.8857,63.55,267,0,1.0,0,1.0,0,0.85,0,0.7246,4.922362774411136,9.261071301787624,267,0,0,0,0
cell_subsample,0.5,2,69,xenium_human_lymph_node,1433.9346,94.0005,101.1094,148,0,0.0,0,0.5,0,0.75,0,0.75,3.4066799377505093,12.676774146094976,8,0,0,1,1
cell_subsample,0.5,2,70,xenium_human_lymph_node,1522.054,52.241,54.4587,22,0,1.0,0,0.9286,1,0.8261,1,0.7656,5.178228697194537,8.16734873227061,22,0,0,1,1
cell_subsample,0.5,2,71,xenium_human_lymph_node,1500.1847,46.2645,49.4722,9,0,1.0,0,1.0,0,1.0,1,0.9444,5.1282801301481555,7.916775089222265,9,0,0,0,1
cell_subsample,0.5,2,72,xenium_human_lymph_node,1463.5505,49.372,49.372,1,1,1.0,1,1.0,1,1.0,1,0.9118,5.090065745451155,9.235279717314853,1,1,1,1,1
cell_subsample,0.5,2,73,xenium_human_lymph_node,1472.3699,93.8224,104.9632,673,0,0.6667,0,0.8333,0,0.6667,0,0.781,3.377715607860016,11.276419964729314,42,0,0,0,1
cell_subsample,0.5,2,74,xenium_human_lymph_node,1439.8734,45.1987,50.4412,52,0,1.0,0,1.0,0,0.9286,1,0.8452,5.164897631843855,7.008520169570763,52,0,0,0,1
cell_subsample,0.5,2,75,xenium_human_lymph_node,1451.7032,59.136,62.7597,50,0,1.0,0,1.0,0,0.8667,1,0.7697,4.854130211346896,7.300098556323796,50,0,0,0,1
cell_subsample,0.5,2,76,xenium_human_lymph_node,1483.0316,52.6895,60.5648,199,0,1.0,0,0.8333,0,0.7647,0,0.6981,5.047685476507155,9.659540417932309,199,0,0,0,0
cell_subsample,0.5,2,77,xenium_human_lymph_node,1486.7238,51.0998,51.0998,1,1,1.0,1,1.0,1,0.7857,1,0.8229,5.236318852771176,8.234145619541799,1,1,1,1,1
cell_subsample,0.5,2,78,xenium_human_lymph_node,1490.8386,47.3882,49.8395,9,0,1.0,0,1.0,1,1.0,1,0.8824,5.06124051412918,8.890976260074018,9,0,0,1,1
cell_subsample,0.5,2,79,xenium_human_lymph_node,1807.1465,63.156,70.799,219,0,1.0,0,1.0,0,0.9231,0,0.8416,4.767174745199726,8.402849989765478,219,0,0,0,0
cell_subsample,0.5,2,80,xenium_human_lymph_node,1433.9728,44.0226,44.0226,1,1,1.0,1,1.0,1,1.0,1,0.9375,5.07034479049241,7.65849177066108,1,1,1,1,1
cell_subsample,0.5,2,81,xenium_human_lymph_node,1486.2106,54.1123,56.9076,4,0,1.0,0,1.0,1,1.0,1,0.7708,4.867665602278453,9.325917250694015,4,0,0,1,1
cell_subsample,0.5,2,82,xenium_human_lymph_node,1464.4312,54.1828,54.1828,1,1,1.0,1,1.0,1,1.0,1,0.8471,4.872743485897012,7.4618106907122534,1,1,1,1,1
cell_subsample,0.5,2,83,xenium_human_lymph_node,1515.6598,53.6954,59.4828,24,0,1.0,0,1.0,0,1.0,1,0.7742,4.848914407961247,9.746667561721127,24,0,0,0,1
cell_subsample,0.5,2,84,xenium_human_lymph_node,1555.8029,67.3576,69.5065,8,0,1.0,0,1.0,1,1.0,1,0.7143,4.551084726071784,8.320114927217267,8,0,0,1,1
cell_subsample,0.5,2,85,xenium_human_lymph_node,1553.2904,52.5167,61.1881,202,0,1.0,0,1.0,0,1.0,0,0.8065,4.940220044312013,8.168003756164554,202,0,0,0,0
cell_subsample,0.5,2,86,xenium_human_lymph_node,1519.1931,52.6188,60.4201,115,0,1.0,0,1.0,0,0.8,0,0.8269,4.959643155443252,10.465859953044147,115,0,0,0,0
cell_subsample,0.5,2,87,xenium_human_lymph_node,1503.9708,79.6342,95.8125,1249,0,1.0,0,1.0,0,0.8108,0,0.6708,3.5419332560108745,12.908372711532147,1779,0,0,0,0
cell_subsample,0.5,2,88,xenium_human_lymph_node,1449.4509,57.8073,59.5329,5,0,1.0,0,1.0,1,1.0,1,0.7714,5.044553794046433,8.513782806135561,5,0,0,1,1
cell_subsample,0.5,2,89,xenium_human_lymph_node,1443.6175,59.2967,61.1992,21,0,0.5,0,0.7273,1,0.7308,1,0.6335,4.861764129395443,8.638983082047039,21,0,0,1,1
cell_subsample,0.5,2,90,xenium_human_lymph_node,1431.9377,89.6834,102.2779,1130,0,1.0,0,0.8,0,0.8571,0,0.7566,3.486186950607159,12.871807079716124,1130,0,0,0,0
cell_subsample,0.5,2,91,xenium_human_lymph_node,1448.9823,51.8746,57.4405,89,0,1.0,0,1.0,0,0.8,1,0.7863,5.267665933281723,7.800197190088833,89,0,0,0,1
cell_subsample,0.5,2,92,xenium_human_lymph_node,1473.3205,57.9569,68.5255,519,0,1.0,0,1.0,0,0.8235,0,0.7025,4.8232833355756854,9.638646477518428,519,0,0,0,0
cell_subsample,0.5,2,93,xenium_human_lymph_node,1448.3085,63.7931,72.2596,139,0,1.0,0,1.0,0,1.0,0,0.8772,4.84964251431002,9.3286718169713,139,0,0,0,0
cell_subsample,0.5,2,94,xenium_human_lymph_node,1476.7573,54.9805,66.5987,575,0,1.0,0,1.0,0,0.9333,0,0.8495,4.835704366223853,8.51306060276963,575,0,0,0,0
cell_subsample,0.5,2,95,xenium_human_lymph_node,1433.9489,52.9306,63.3929,356,0,1.0,0,1.0,0,0.8333,0,0.6875,4.929490593713207,10.357509185042217,356,0,0,0,0
cell_subsample,0.5,2,96,xenium_human_lymph_node,1469.3646,51.6752,66.0467,720,0,1.0,0,1.0,0,1.0,0,0.8039,4.748629841132441,9.690942410938346,720,0,0,0,0
cell_subsample,0.5,2,97,xenium_human_lymph_node,1453.2087,94.2516,100.4392,85,0,1.0,0,1.0,0,1.0,0,0.9583,3.242367199617782,12.54860523623529,60,0,0,0,0
cell_subsample,0.5,2,98,xenium_human_lymph_node,1441.973,94.7943,105.7451,930,0,1.0,0,0.875,0,0.8846,0,0.7512,3.299134347058255,12.165205084251044,393,0,0,0,0
cell_subsample,0.5,2,99,xenium_human_lymph_node,1455.6324,57.3673,60.0972,9,0,1.0,0,1.0,1,0.8182,1,0.6306,4.824277851047214,10.973626820022345,9,0,0,1,1
cell_subsample,0.5,3,0,xenium_human_lymph_node,1375.7572,93.6197,101.1063,97,0,1.0,0,1.0,0,1.0,0,0.8571,3.5107967880221533,10.867753942921052,102,0,0,0,0
cell_subsample,0.5,3,1,xenium_human_lymph_node,1409.7516,56.8509,68.183,365,0,1.0,0,1.0,0,1.0,0,0.875,4.972399751564626,8.75488801749939,365,0,0,0,0
cell_subsample,0.5,3,2,xenium_human_lymph_node,1443.4088,50.962,53.3267,4,0,1.0,0,1.0,1,1.0,1,0.7885,5.110518343162957,8.784883596562093,4,0,0,1,1
cell_subsample,0.5,3,3,xenium_human_lymph_node,1405.7372,46.3401,55.9868,245,0,1.0,0,1.0,0,0.8571,0,0.759,4.930055632531089,9.63479734502871,245,0,0,0,0
cell_subsample,0.5,3,4,xenium_human_lymph_node,1432.6124,52.8463,64.2807,458,0,1.0,0,1.0,0,1.0,0,0.7119,4.838000278472034,9.917827169382086,458,0,0,0,0
cell_subsample,0.5,3,5,xenium_human_lymph_node,1417.5844,57.2226,58.234,2,0,1.0,1,0.8333,1,0.9048,1,0.6927,4.922930563765684,9.076916878245868,2,0,1,1,1
cell_subsample,0.5,3,6,xenium_human_lymph_node,1458.3039,94.573,96.0025,4,0,0.5,0,0.3333,1,0.6,1,0.7895,3.4431225839010366,13.14743420569677,4,0,0,1,1
cell_subsample,0.5,3,7,xenium_human_lymph_node,1501.6624,95.1399,100.4189,6,0,0.0,0,0.0,0,0.0,1,0.375,3.173203186958418,10.76700657471618,6,0,0,0,1
cell_subsample,0.5,3,8,xenium_human_lymph_node,1593.996,62.4029,64.284,10,0,0.5,0,0.75,1,0.8125,1,0.7047,4.803950992154412,9.085757311912053,10,0,0,1,1
cell_subsample,0.5,3,9,xenium_human_lymph_node,1716.8004,56.3787,64.4955,111,0,1.0,0,1.0,0,1.0,0,0.7714,4.718872177880819,8.718766346564513,111,0,0,0,0
cell_subsample,0.5,3,10,xenium_human_lymph_node,1736.2754,64.6732,74.0144,185,0,1.0,0,1.0,0,1.0,0,0.9091,4.454054437052227,9.180089559806474,185,0,0,0,0
cell_subsample,0.5,3,11,xenium_human_lymph_node,1725.0401,57.0123,62.957,80,0,1.0,0,1.0,0,0.7143,1,0.7374,4.937496227145423,9.199023412793002,80,0,0,0,1
cell_subsample,0.5,3,12,xenium_human_lymph_node,1686.8371,99.337,107.3173,182,0,0.5,0,0.6667,0,0.6,0,0.8033,3.3548920475424424,9.817391915200757,5,0,0,1,1
cell_subsample,0.5,3,13,xenium_human_lymph_node,1698.1007,53.542,55.5683,12,0,1.0,0,1.0,1,0.8571,1,0.8318,4.935666727328971,7.785065077992158,12,0,0,1,1
cell_subsample,0.5,3,14,xenium_human_lymph_node,1678.861,73.5679,88.8084,1282,0,0.6667,0,0.7778,0,0.7667,0,0.6905,3.8823648215128244,11.508199222900682,1282,0,0,0,0
cell_subsample,0.5,3,15,xenium_human_lymph_node,1660.6013,97.4644,107.5511,712,0,1.0,0,1.0,0,0.9643,0,0.7374,3.24773212138409,13.308911073948547,123,0,0,0,1
cell_subsample,0.5,3,16,xenium_human_lymph_node,1670.1863,51.1935,56.0208,45,0,1.0,0,1.0,0,1.0,1,0.9054,5.033220404182616,9.965123268860953,45,0,0,0,1
cell_subsample,0.5,3,17,xenium_human_lymph_node,1650.0692,66.0313,71.0041,12,0,1.0,0,1.0,0,1.0,1,0.8,4.386420705113475,10.639855047954486,12,0,0,0,1
cell_subsample,0.5,3,18,xenium_human_lymph_node,1625.761,56.3622,58.6972,10,0,0.5,0,0.75,1,0.9231,1,0.8431,4.916730854121358,8.428323280838978,10,0,0,1,1
cell_subsample,0.5,3,19,xenium_human_lymph_node,1600.7696,54.7547,54.7547,1,1,1.0,1,1.0,1,1.0,1,0.8864,4.950364416468659,9.714913540171196,1,1,1,1,1
cell_subsample,0.5,3,20,xenium_human_lymph_node,1510.6071,99.3431,105.3603,53,0,1.0,0,1.0,0,0.875,1,0.8364,3.2453422979554682,12.543472313564715,159,0,0,0,0
cell_subsample,0.5,3,21,xenium_human_lymph_node,1446.2714,56.527,60.1751,17,0,1.0,0,1.0,0,1.0,1,0.8387,4.902551444676234,8.692067052719835,17,0,0,0,1
cell_subsample,0.5,3,22,xenium_human_lymph_node,1421.2567,96.5448,108.4333,568,0,1.0,0,1.0,0,1.0,0,0.8864,3.2935949626805843,11.299455292163225,418,0,0,0,0
cell_subsample,0.5,3,23,xenium_human_lymph_node,1427.9494,92.1286,105.7317,1085,0,1.0,0,1.0,0,1.0,0,0.8065,3.407801370842467,14.330054689374693,1085,0,0,0,0
cell_subsample,0.5,3,24,xenium_human_lymph_node,1419.5629,52.8904,55.2456,18,0,1.0,0,1.0,1,0.913,1,0.8125,4.981217186247012,8.158382493786439,18,0,0,1,1
cell_subsample,0.5,3,25,xenium_human_lymph_node,1399.269,48.9604,58.3135,137,0,1.0,0,1.0,0,1.0,0,0.9655,4.910927614690691,8.17574776878048,137,0,0,0,0
cell_subsample,0.5,3,26,xenium_human_lymph_node,1517.8934,63.6542,72.6875,394,0,0.0,0,0.8,0,0.8125,0,0.6967,4.393076217976677,10.313921534431653,394,0,0,0,0
cell_subsample,0.5,3,27,xenium_human_lymph_node,1534.9956,59.148,63.7878,14,0,1.0,0,1.0,0,1.0,1,0.9216,4.95406978229107,7.0108218443562205,14,0,0,0,1
cell_subsample,0.5,3,28,xenium_human_lymph_node,1568.8034,50.4841,52.3492,6,0,1.0,0,1.0,1,0.9333,1,0.8026,5.161316826039017,8.634492415712142,6,0,0,1,1
cell_subsample,0.5,3,29,xenium_human_lymph_node,1553.0328,65.4209,68.1859,9,0,1.0,0,1.0,1,0.9167,1,0.871,4.9098501901853835,9.411425480450879,9,0,0,1,1
cell_subsample,0.5,3,30,xenium_human_lymph_node,1570.9599,45.812,50.8584,19,0,1.0,0,1.0,0,1.0,1,0.8148,5.1081383430795695,9.805510521903,19,0,0,0,1
cell_subsample,0.5,3,31,xenium_human_lymph_node,1542.632,90.6601,98.9277,227,0,1.0,0,1.0,0,1.0,0,0.9054,3.4989753743670926,10.26595516795755,227,0,0,0,0
cell_subsample,0.5,3,32,xenium_human_lymph_node,1558.6985,60.7504,64.9137,10,0,1.0,0,1.0,0,0.6667,1,0.8529,5.070529862316626,9.583704321042484,10,0,0,0,1
cell_subsample,0.5,3,33,xenium_human_lymph_node,1566.7057,76.3857,76.3857,1,1,1.0,1,1.0,1,0.5,1,0.6667,4.460145696965165,10.113423830246578,2,0,0,1,1
cell_subsample,0.5,3,34,xenium_human_lymph_node,1559.1984,44.1298,54.3221,183,0,1.0,0,1.0,0,1.0,0,0.8333,5.137518396940382,9.612657759089693,183,0,0,0,0
cell_subsample,0.5,3,35,xenium_human_lymph_node,1560.5855,50.0516,57.8272,219,0,1.0,0,1.0,0,0.9524,0,0.7706,5.045932991717341,8.716136743565668,219,0,0,0,0
cell_subsample,0.5,3,36,xenium_human_lymph_node,1599.5697,60.3986,69.1271,273,0,1.0,0,1.0,0,0.8571,0,0.7821,4.773170522196986,9.94970719296848,273,0,0,0,0
cell_subsample,0.5,3,37,xenium_human_lymph_node,1508.0382,52.1523,65.2642,645,0,1.0,0,1.0,0,0.875,0,0.8654,4.917260528896396,12.201391449572885,645,0,0,0,0
cell_subsample,0.5,3,38,xenium_human_lymph_node,1441.8516,47.1105,56.3477,206,0,1.0,0,1.0,0,0.75,0,0.8596,5.1635388667310345,9.704009778092358,206,0,0,0,0
cell_subsample,0.5,3,39,xenium_human_lymph_node,1371.0198,57.1556,61.4732,51,0,1.0,0,1.0,0,0.9091,1,0.8,4.9224362530334895,9.802553046826038,51,0,0,0,1
cell_subsample,0.5,3,40,xenium_human_lymph_node,1419.7492,54.8418,62.2465,227,0,1.0,0,0.9231,0,0.8333,0,0.8182,4.881287831581881,9.909512930170672,227,0,0,0,0
cell_subsample,0.5,3,41,xenium_human_lymph_node,1417.5436,71.2363,76.3043,82,0,1.0,0,1.0,0,0.9286,1,0.7714,4.713872095156516,10.181307853607246,82,0,0,0,1
cell_subsample,0.5,3,42,xenium_human_lymph_node,1466.5712,53.8966,61.6955,239,0,1.0,0,0.7778,0,0.8,0,0.7652,4.832227687878499,8.827059613060612,239,0,0,0,0
cell_subsample,0.5,3,43,xenium_human_lymph_node,1564.4359,49.6057,59.1941,230,0,1.0,0,1.0,0,0.75,0,0.8654,5.036354444246195,8.877819072472576,230,0,0,0,0
cell_subsample,0.5,3,44,xenium_human_lymph_node,1543.2827,95.1399,101.7527,76,0,1.0,0,1.0,0,1.0,0,0.9787,3.2680833421730733,12.307792785221352,114,0,0,0,0
cell_subsample,0.5,3,45,xenium_human_lymph_node,1562.505,58.1405,66.3002,181,0,1.0,0,1.0,0,0.75,0,0.8571,4.878212731589709,9.449585861998813,181,0,0,0,0
cell_subsample,0.5,3,46,xenium_human_lymph_node,1553.429,72.9522,78.1027,79,0,1.0,0,1.0,0,0.8,1,0.7403,4.492199272464968,9.710036771325296,79,0,0,0,1
cell_subsample,0.5,3,47,xenium_human_lymph_node,1522.6507,95.4536,97.0331,4,0,1.0,0,0.6667,1,0.8462,1,0.8313,3.3330020979559447,12.024823242145438,4,0,0,1,1
cell_subsample,0.5,3,48,xenium_human_lymph_node,1500.5986,91.1799,100.3404,344,0,1.0,0,1.0,0,1.0,0,0.7848,3.3084928515961503,12.423071998983215,344,0,0,0,0
cell_subsample,0.5,3,49,xenium_human_lymph_node,1504.5826,58.0803,61.5477,29,0,1.0,0,1.0,0,0.7391,1,0.7786,4.876367907354691,8.734584069430298,29,0,0,0,1
cell_subsample,0.5,3,50,xenium_human_lymph_node,1574.0379,68.2811,86.8029,1591,0,1.0,0,0.6667,0,0.9,0,0.7288,4.513511216417875,11.363849398285632,1591,0,0,0,0
cell_subsample,0.5,3,51,xenium_human_lymph_node,1558.4695,95.0873,106.3259,563,0,1.0,0,1.0,0,1.0,0,0.8919,3.4225379604292843,12.36070310295827,56,0,0,0,0
cell_subsample,0.5,3,52,xenium_human_lymph_node,1566.0446,56.1298,66.35,97,0,1.0,0,1.0,0,1.0,0,0.8,5.0138401228366,8.01491751343159,97,0,0,0,0
cell_subsample,0.5,3,53,xenium_human_lymph_node,1565.698,51.4364,64.3383,728,0,1.0,0,1.0,0,0.8824,0,0.7282,4.992296740869971,9.729640999895672,728,0,0,0,0
cell_subsample,0.5,3,54,xenium_human_lymph_node,1543.8533,50.1012,60.7567,292,0,1.0,0,1.0,0,1.0,0,0.8704,4.885199880588024,9.548759063438673,292,0,0,0,0
cell_subsample,0.5,3,55,xenium_human_lymph_node,1608.2255,50.6638,50.6638,1,1,1.0,1,1.0,1,1.0,1,0.9388,5.12359046513326,7.776250021485499,1,1,1,1,1
cell_subsample,0.5,3,56,xenium_human_lymph_node,1588.6834,47.7003,62.0887,657,0,0.6667,0,0.75,0,0.8571,0,0.8732,5.150182653616554,9.696393207296042,657,0,0,0,0
cell_subsample,0.5,3,57,xenium_human_lymph_node,1465.4472,53.6257,53.6257,1,1,1.0,1,1.0,1,1.0,1,0.9231,4.845116702693633,7.909081063262216,1,1,1,1,1
cell_subsample,0.5,3,58,xenium_human_lymph_node,1447.7621,54.7787,57.4422,5,0,1.0,0,1.0,1,1.0,1,0.8493,4.855421784778313,8.549537188970254,5,0,0,1,1
cell_subsample,0.5,3,59,xenium_human_lymph_node,1436.626,47.3972,50.3208,5,0,1.0,0,1.0,1,1.0,1,0.9412,5.101018775387495,7.612009205543527,5,0,0,1,1
cell_subsample,0.5,3,60,xenium_human_lymph_node,1729.7416,103.5844,113.6832,136,0,0.0,0,0.0,0,0.0,0,0.8333,3.307751778431668,11.826161027163687,2,0,0,0,1
cell_subsample,0.5,3,61,xenium_human_lymph_node,1458.2752,48.3149,53.6362,27,0,1.0,0,1.0,0,0.8333,1,0.8537,5.152873071409347,8.211075235398551,27,0,0,0,1
cell_subsample,0.5,3,62,xenium_human_lymph_node,1465.0138,49.5907,51.063,6,0,1.0,1,1.0,1,0.9333,1,0.8289,5.078855736803482,8.78648257547616,6,0,1,1,1
cell_subsample,0.5,3,63,xenium_human_lymph_node,1451.6118,53.3106,55.5769,20,0,0.6667,0,0.6364,1,0.8205,1,0.662,5.000472514641647,9.78031863525728,20,0,0,1,1
cell_subsample,0.5,3,64,xenium_human_lymph_node,1434.7331,53.6778,67.2707,839,0,1.0,0,1.0,0,0.7222,0,0.6885,4.973657532688437,9.508924834360302,1373,0,0,0,0
cell_subsample,0.5,3,65,xenium_human_lymph_node,1424.4979,63.3858,75.1356,854,0,1.0,0,0.875,0,0.8571,0,0.6509,4.573748755262752,9.482541504170928,1100,0,0,0,0
cell_subsample,0.5,3,66,xenium_human_lymph_node,1532.1834,63.7375,81.1068,1375,0,1.0,0,1.0,0,0.8333,0,0.7971,4.575372357763091,11.341595619227036,1375,0,0,0,0
cell_subsample,0.5,3,67,xenium_human_lymph_node,1431.8908,47.1795,58.0102,253,0,1.0,0,1.0,0,1.0,0,0.8857,5.101159445691252,10.62470801357531,253,0,0,0,0
cell_subsample,0.5,3,68,xenium_human_lymph_node,1478.9159,55.8857,63.3353,248,0,0.75,0,0.8333,0,0.65,0,0.6594,4.984704080871409,10.023343153144461,248,0,0,0,0
cell_subsample,0.5,3,69,xenium_human_lymph_node,1516.1883,94.0005,101.1094,148,0,0.0,0,0.5,0,0.6667,0,0.7381,3.3966888097795196,11.960236654638322,5,0,0,1,1
cell_subsample,0.5,3,70,xenium_human_lymph_node,1480.8735,52.241,61.957,531,0,1.0,0,0.9286,0,0.8261,0,0.75,5.177071114192116,8.353278147755223,531,0,0,0,0
cell_subsample,0.5,3,71,xenium_human_lymph_node,1493.7393,46.2645,49.4722,9,0,1.0,0,1.0,0,1.0,1,0.9167,5.129407850181064,6.916626776945363,9,0,0,0,1
cell_subsample,0.5,3,72,xenium_human_lymph_node,1470.4806,49.372,49.372,1,1,1.0,1,1.0,1,1.0,1,0.9118,5.039055471251841,7.493277231838972,1,1,1,1,1
cell_subsample,0.5,3,73,xenium_human_lymph_node,1438.2871,93.8224,104.9632,673,0,0.6667,0,0.8333,0,0.7333,0,0.781,3.42281772930156,10.900938421692064,42,0,0,0,1
cell_subsample,0.5,3,74,xenium_human_lymph_node,1444.9348,45.1987,51.6546,94,0,0.5,0,0.5,0,0.9286,0,0.7143,5.1762982133890745,9.132516756690894,94,0,0,0,0
cell_subsample,0.5,3,75,xenium_human_lymph_node,1425.1999,59.136,69.5874,609,0,0.5,0,0.7143,0,0.8667,0,0.8182,4.877700345902284,8.729994041123359,609,0,0,0,0
cell_subsample,0.5,3,76,xenium_human_lymph_node,1429.529,52.6895,52.6895,1,1,1.0,1,1.0,1,0.9412,1,0.8302,5.02101234365913,8.162665179155143,1,1,1,1,1
cell_subsample,0.5,3,77,xenium_human_lymph_node,1474.0585,51.0998,51.6093,2,1,1.0,1,1.0,1,1.0,1,0.8333,5.2796390193872025,8.387615445695687,2,1,1,1,1
cell_subsample,0.5,3,78,xenium_human_lymph_node,1433.4971,47.3882,56.4422,196,0,1.0,0,0.8,0,0.9286,0,0.9265,5.047329478475861,7.82148366430261,196,0,0,0,0
cell_subsample,0.5,3,79,xenium_human_lymph_node,1437.0701,63.156,63.5254,2,1,1.0,1,1.0,1,0.6923,1,0.7822,4.772409802342035,9.023702679112048,2,1,1,1,1
cell_subsample,0.5,3,80,xenium_human_lymph_node,1465.8366,44.0226,53.9308,120,0,1.0,0,1.0,0,1.0,0,0.8125,5.1232659018067155,8.516129574672533,120,0,0,0,0
cell_subsample,0.5,3,81,xenium_human_lymph_node,1529.3145,54.1123,65.7745,479,0,1.0,0,1.0,0,0.6667,0,0.6875,4.8847916223600825,10.043745558607498,479,0,0,0,0
cell_subsample,0.5,3,82,xenium_human_lymph_node,1570.1027,54.1828,54.9705,3,0,1.0,1,1.0,1,1.0,1,0.8353,4.881781749380266,7.171396854303699,3,0,1,1,1
cell_subsample,0.5,3,83,xenium_human_lymph_node,1517.1007,53.6954,65.6748,358,0,1.0,0,1.0,0,0.5,0,0.8065,4.834771934294205,9.290590674314858,358,0,0,0,0
cell_subsample,0.5,3,84,xenium_human_lymph_node,1458.9005,67.3576,72.5931,75,0,1.0,0,0.75,0,0.9231,1,0.7302,4.545557719109109,8.706092904383338,75,0,0,0,1
cell_subsample,0.5,3,85,xenium_human_lymph_node,1447.7274,52.5167,53.1158,2,1,1.0,1,1.0,1,1.0,1,0.9032,4.943879043944918,8.3733061806386,2,1,1,1,1
cell_subsample,0.5,3,86,xenium_human_lymph_node,1429.3191,52.6188,57.6285,28,0,1.0,0,1.0,0,0.8,1,0.8846,4.9337319212516055,7.607328115741308,28,0,0,0,1
cell_subsample,0.5,3,87,xenium_human_lymph_node,1439.7654,79.6342,90.6222,809,0,1.0,0,1.0,0,0.8649,0,0.6458,3.575616720951967,12.965386519386115,1959,0,0,0,0
cell_subsample,0.5,3,88,xenium_human_lymph_node,1463.583,57.8073,58.2001,2,1,1.0,1,1.0,1,1.0,1,0.8286,5.008915090469888,7.2457938970484514,2,1,1,1,1
cell_subsample,0.5,3,89,xenium_human_lymph_node,1469.0925,59.2967,60.4805,7,0,1.0,1,0.8182,1,0.75,1,0.6494,4.859043848633137,9.281128638408514,7,0,1,1,1
cell_subsample,0.5,3,90,xenium_human_lymph_node,1441.6858,89.6834,102.2779,1130,0,1.0,0,1.0,0,0.9286,0,0.7831,3.4724271944704492,10.911025157487673,1060,0,0,0,0
cell_subsample,0.5,3,91,xenium_human_lymph_node,1473.5875,51.8746,57.4405,89,0,1.0,0,1.0,0,0.9,1,0.7607,5.2534841662337435,7.717751466533533,89,0,0,0,1
cell_subsample,0.5,3,92,xenium_human_lymph_node,1549.6631,57.9569,65.1845,188,0,1.0,0,1.0,0,0.8824,0,0.7438,4.797088796107479,9.132918972174757,188,0,0,0,0
cell_subsample,0.5,3,93,xenium_human_lymph_node,1571.8055,63.7931,72.9076,186,0,1.0,0,1.0,0,1.0,0,0.8947,4.843681315487984,9.85591563227815,186,0,0,0,0
cell_subsample,0.5,3,94,xenium_human_lymph_node,1557.5143,54.9805,60.2845,64,0,0.5,0,0.6667,0,0.8,1,0.7419,4.845968190258549,9.466294964091748,64,0,0,0,1
cell_subsample,0.5,3,95,xenium_human_lymph_node,1475.6314,52.9306,63.9964,436,0,0.0,0,0.5,0,0.6667,0,0.7188,4.917629493743399,10.347313030482178,436,0,0,0,0
cell_subsample,0.5,3,96,xenium_human_lymph_node,1451.0418,51.6752,58.2048,63,0,1.0,0,1.0,0,1.0,0,0.8039,4.759630416059717,8.716103507373525,63,0,0,0,0
cell_subsample,0.5,3,97,xenium_human_lymph_node,1435.9588,94.2516,100.0777,67,0,1.0,0,1.0,0,1.0,0,0.9792,3.2194505139873866,12.549618297159963,60,0,0,0,0
cell_subsample,0.5,3,98,xenium_human_lymph_node,1436.1859,94.7943,105.7451,930,0,1.0,0,0.875,0,0.9231,0,0.7656,3.325676632947758,12.096358902418995,818,0,0,0,0
cell_subsample,0.5,3,99,xenium_human_lymph_node,1458.8029,57.3673,61.5675,33,0,0.0,0,0.0,0,0.6364,1,0.6486,4.817111131298016,10.889265881392685,33,0,0,0,1
cell_subsample,0.5,4,0,xenium_human_lymph_node,1444.7895,93.6197,101.1063,97,0,1.0,0,1.0,0,1.0,0,0.8095,3.5038383231919235,11.059166940873412,97,0,0,0,0
cell_subsample,0.5,4,1,xenium_human_lymph_node,1511.633,56.8509,60.0973,3,0,1.0,0,1.0,0,1.0,1,0.975,4.956080031659835,7.361532442625204,3,0,0,0,1
cell_subsample,0.5,4,2,xenium_human_lymph_node,1530.8071,50.962,53.3267,4,0,1.0,0,1.0,1,0.8333,1,0.7692,5.1237283849003505,9.668083323404352,4,0,0,1,1
cell_subsample,0.5,4,3,xenium_human_lymph_node,1526.0288,46.3401,55.8431,236,0,1.0,0,1.0,0,1.0,0,0.8554,4.914376787669389,8.943506498346814,236,0,0,0,0
cell_subsample,0.5,4,4,xenium_human_lymph_node,1540.2194,52.8463,59.2508,70,0,1.0,0,1.0,0,1.0,0,0.7627,4.834160529286817,9.956374171169312,70,0,0,0,0
cell_subsample,0.5,4,5,xenium_human_lymph_node,1546.1087,57.2226,64.5133,276,0,1.0,0,1.0,0,1.0,0,0.7709,4.917611025854359,7.686579542981343,276,0,0,0,0
cell_subsample,0.5,4,6,xenium_human_lymph_node,1522.7317,94.573,98.5746,10,0,0.5,0,0.3333,0,0.4,1,0.7368,3.414369652399987,11.221975297239574,4,0,0,1,1
cell_subsample,0.5,4,7,xenium_human_lymph_node,1506.6224,95.1399,108.4038,76,0,0.0,0,0.0,0,0.0,0,0.25,3.1713406807019786,11.464945786294573,1,1,1,1,1
cell_subsample,0.5,4,8,xenium_human_lymph_node,1503.7968,62.4029,64.5591,14,0,1.0,0,1.0,1,0.8438,1,0.7409,4.856347929767011,9.878150862920084,14,0,0,1,1
cell_subsample,0.5,4,9,xenium_human_lymph_node,1577.9569,56.3787,61.4945,21,0,1.0,0,1.0,0,1.0,1,0.8571,4.714619455261948,9.69984135835315,21,0,0,0,1
cell_subsample,0.5,4,10,xenium_human_lymph_node,1561.4278,64.6732,67.3155,2,0,1.0,0,1.0,1,1.0,1,0.9091,4.427683077369802,8.59964041422142,2,0,0,1,1
cell_subsample,0.5,4,11,xenium_human_lymph_node,1539.774,57.0123,62.6439,69,0,1.0,0,1.0,0,0.7143,1,0.7879,4.896859798447431,8.30128593155933,69,0,0,0,1
cell_subsample,0.5,4,12,xenium_human_lymph_node,1581.3325,99.337,107.3173,182,0,0.5,0,0.6667,0,0.6,0,0.7377,3.351399258910904,11.187013478113048,21,0,0,0,1
cell_subsample,0.5,4,13,xenium_human_lymph_node,1559.5493,53.542,55.5683,12,0,1.0,0,1.0,1,0.9048,1,0.8037,4.979583760401438,9.485053312183286,12,0,0,1,1
cell_subsample,0.5,4,14,xenium_human_lymph_node,1563.276,73.5679,74.0284,2,1,0.6667,1,0.6667,1,0.7667,1,0.7333,3.929529845453589,10.466215243523378,2,1,1,1,1
cell_subsample,0.5,4,15,xenium_human_lymph_node,1557.6845,97.4644,104.0842,224,0,1.0,0,1.0,0,0.9643,0,0.7654,3.2525819069263067,12.812321463682062,1010,0,0,0,0
cell_subsample,0.5,4,16,xenium_human_lymph_node,1555.6692,51.1935,61.0367,294,0,1.0,0,1.0,0,0.9231,0,0.9054,5.06034737558047,9.94280898830367,294,0,0,0,0
cell_subsample,0.5,4,17,xenium_human_lymph_node,1490.7189,66.0313,71.0041,12,0,1.0,0,1.0,0,1.0,1,0.9,4.374976900849225,9.76652690532309,12,0,0,0,1
cell_subsample,0.5,4,18,xenium_human_lymph_node,1439.412,56.3622,62.049,75,0,0.0,0,0.25,0,0.6923,1,0.7941,4.973236700578596,9.080097033364115,75,0,0,0,1
cell_subsample,0.5,4,19,xenium_human_lymph_node,1439.2334,54.7547,66.4648,408,0,1.0,0,1.0,0,0.7143,0,0.75,4.9290740838752685,9.924157039365046,408,0,0,0,0
cell_subsample,0.5,4,20,xenium_human_lymph_node,1457.833,99.3431,110.9768,587,0,1.0,0,1.0,0,0.875,0,0.8182,3.257088268319129,10.472374896750443,34,0,0,0,1
cell_subsample,0.5,4,21,xenium_human_lymph_node,1460.4403,56.527,64.4086,145,0,1.0,0,1.0,0,0.9231,0,0.7581,4.900943166594461,10.309230159423416,145,0,0,0,0
cell_subsample,0.5,4,22,xenium_human_lymph_node,1510.0413,96.5448,101.0745,12,0,1.0,0,1.0,0,1.0,1,0.9091,3.288168743240014,10.563449971041441,418,0,0,0,0
cell_subsample,0.5,4,23,xenium_human_lymph_node,1507.2648,92.1286,97.0992,71,0,1.0,0,1.0,0,0.9231,1,0.8495,3.435669415404803,12.632172335545139,588,0,0,0,0
cell_subsample,0.5,4,24,xenium_human_lymph_node,1488.4006,52.8904,55.902,22,0,1.0,0,1.0,1,1.0,1,0.8393,4.975668174991011,8.618851596298448,22,0,0,1,1
cell_subsample,0.5,4,25,xenium_human_lymph_node,1460.5906,48.9604,60.8988,341,0,1.0,0,1.0,0,0.8,0,0.7586,4.963587817955572,8.544665467658,341,0,0,0,0
cell_subsample,0.5,4,26,xenium_human_lymph_node,1460.3762,63.6542,65.1828,5,0,1.0,1,0.8,1,0.625,1,0.6475,4.404061075551577,11.353011490278005,5,0,1,1,1
cell_subsample,0.5,4,27,xenium_human_lymph_node,1455.0008,59.148,69.9524,424,0,1.0,0,1.0,0,1.0,0,0.8431,4.990331285955476,7.846108101228011,424,0,0,0,0
cell_subsample,0.5,4,28,xenium_human_lymph_node,1451.4451,50.4841,59.786,270,0,1.0,0,1.0,0,0.9333,0,0.8421,5.197949259219472,8.67630934026712,270,0,0,0,0
cell_subsample,0.5,4,29,xenium_human_lymph_node,1483.6694,65.4209,69.1411,17,0,1.0,0,1.0,0,0.9167,1,0.9032,4.889469499360698,9.27277795617997,17,0,0,0,1
cell_subsample,0.5,4,30,xenium_human_lymph_node,1460.6001,45.812,50.8584,19,0,1.0,0,1.0,0,1.0,1,0.8148,5.089544322286113,9.949489533724417,19,0,0,0,1
cell_subsample,0.5,4,31,xenium_human_lymph_node,1455.8214,90.6601,98.9277,227,0,1.0,0,1.0,0,1.0,0,0.8378,3.504806119164415,11.201718267417181,212,0,0,0,0
cell_subsample,0.5,4,32,xenium_human_lymph_node,1438.6479,60.7504,66.9185,35,0,1.0,0,1.0,0,0.6667,0,0.8824,5.065627227177048,9.034969972233522,35,0,0,0,0
cell_subsample,0.5,4,33,xenium_human_lymph_node,1450.7198,76.3857,76.3857,1,1,1.0,1,1.0,1,0.5,1,0.6667,4.420991021662329,10.607675321995421,1,1,1,1,1
cell_subsample,0.5,4,34,xenium_human_lymph_node,1436.7619,44.1298,49.4557,22,0,1.0,0,1.0,0,0.8889,1,0.6667,5.12053894116965,9.83796566518103,22,0,0,0,1
cell_subsample,0.5,4,35,xenium_human_lymph_node,1475.2785,50.0516,51.7114,9,0,1.0,0,1.0,1,0.8571,1,0.7706,5.085077057807324,7.426629169358064,9,0,0,1,1
cell_subsample,0.5,4,36,xenium_human_lymph_node,1447.0625,60.3986,66.3441,67,0,1.0,0,1.0,0,0.8571,1,0.8077,4.746243161174295,9.685455554595178,67,0,0,0,1
cell_subsample,0.5,4,37,xenium_human_lymph_node,1452.7511,52.1523,56.1487,22,0,1.0,0,1.0,0,1.0,1,0.8654,4.927674846580083,10.962221448988242,22,0,0,0,1
cell_subsample,0.5,4,38,xenium_human_lymph_node,1449.6724,47.1105,56.4357,211,0,0.0,0,0.75,0,0.8333,0,0.8596,5.1259193838214285,8.046336167274355,211,0,0,0,0
cell_subsample,0.5,4,39,xenium_human_lymph_node,1479.3499,57.1556,62.7643,103,0,1.0,0,0.75,0,0.9545,1,0.8308,4.961580319123473,9.243115602007517,103,0,0,0,1
cell_subsample,0.5,4,40,xenium_human_lymph_node,1469.0867,54.8418,57.1697,27,0,1.0,0,1.0,1,0.8611,1,0.8112,4.834603365689983,9.236136842087845,27,0,0,1,1
cell_subsample,0.5,4,41,xenium_human_lymph_node,1443.7439,71.2363,76.3043,82,0,1.0,0,1.0,0,0.9286,1,0.6686,4.692322819182747,10.194654664750347,82,0,0,0,1
cell_subsample,0.5,4,42,xenium_human_lymph_node,1458.9935,53.8966,58.5812,58,0,0.6,0,0.6667,0,0.8,1,0.7043,4.863255706135832,9.617637914015164,58,0,0,0,1
cell_subsample,0.5,4,43,xenium_human_lymph_node,1771.1532,49.6057,56.4827,73,0,1.0,0,1.0,0,0.875,0,0.9231,5.027376692569584,8.565893069520715,73,0,0,0,0
cell_subsample,0.5,4,44,xenium_human_lymph_node,1442.1411,95.1399,101.7527,76,0,1.0,0,1.0,0,0.9167,0,0.9574,3.268644058719052,12.91610974979578,114,0,0,0,0
cell_subsample,0.5,4,45,xenium_human_lymph_node,1462.6639,58.1405,64.2602,47,0,1.0,0,1.0,0,1.0,1,0.8776,4.892019246849735,9.017157561297608,47,0,0,0,1
cell_subsample,0.5,4,46,xenium_human_lymph_node,1446.772,72.9522,75.4049,4,0,1.0,0,1.0,1,1.0,1,0.7727,4.4935969380249166,8.559748388184707,4,0,0,1,1
cell_subsample,0.5,4,47,xenium_human_lymph_node,1436.406,95.4536,97.0331,4,0,1.0,0,0.6667,1,0.7692,1,0.7711,3.308048836391556,10.98334588105594,4,0,0,1,1
cell_subsample,0.5,4,48,xenium_human_lymph_node,1440.6138,91.1799,100.3404,344,0,1.0,0,1.0,0,1.0,0,0.8228,3.3016581609158737,10.715803953806706,207,0,0,0,0
cell_subsample,0.5,4,49,xenium_human_lymph_node,1471.7705,58.0803,66.4676,343,0,1.0,0,1.0,0,0.6957,0,0.7214,4.927238690051676,8.856363945013644,343,0,0,0,0
cell_subsample,0.5,4,50,xenium_human_lymph_node,1477.2694,68.2811,75.6962,234,0,1.0,0,1.0,0,1.0,0,0.8136,4.493169033106507,9.621442301140213,234,0,0,0,0
cell_subsample,0.5,4,51,xenium_human_lymph_node,1425.4305,95.0873,106.3259,563,0,1.0,0,1.0,0,1.0,0,0.8919,3.4059769791655365,13.519077667595578,11,0,0,0,1
cell_subsample,0.5,4,52,xenium_human_lymph_node,1492.0665,56.1298,56.1298,1,1,1.0,1,1.0,1,1.0,1,1.0,4.986994884980068,7.967790798409512,1,1,1,1,1
cell_subsample,0.5,4,53,xenium_human_lymph_node,1448.8057,51.4364,59.6291,241,0,1.0,0,1.0,0,0.9412,0,0.7864,4.982598741520776,9.359085316159469,241,0,0,0,0
cell_subsample,0.5,4,54,xenium_human_lymph_node,1472.201,50.1012,61.7302,383,0,1.0,0,1.0,0,1.0,0,0.7963,4.994193432367827,10.467073709597992,383,0,0,0,0
cell_subsample,0.5,4,55,xenium_human_lymph_node,1507.8861,50.6638,60.074,217,0,1.0,0,1.0,0,0.6667,0,0.8776,5.1598016732700644,8.212492328811758,217,0,0,0,0
cell_subsample,0.5,4,56,xenium_human_lymph_node,1492.7311,47.7003,50.3017,12,0,1.0,0,0.75,1,0.8571,1,0.8028,5.147112661763903,9.521340725157769,12,0,0,1,1
cell_subsample,0.5,4,57,xenium_human_lymph_node,1469.0179,53.6257,70.9296,903,0,1.0,0,1.0,0,1.0,0,0.9231,4.866869125446849,10.110878048541066,903,0,0,0,0
cell_subsample,0.5,4,58,xenium_human_lymph_node,1432.7568,54.7787,64.1822,343,0,1.0,0,1.0,0,1.0,0,0.7945,4.851566711174531,8.120023480970628,343,0,0,0,0
cell_subsample,0.5,4,59,xenium_human_lymph_node,1416.9785,47.3972,50.3208,5,0,1.0,0,1.0,1,0.8,1,0.8529,5.1154315875153875,8.414618095287079,5,0,0,1,1
cell_subsample,0.5,4,60,xenium_human_lymph_node,1412.5609,103.5844,113.6832,136,0,0.0,0,0.0,0,0.0,0,0.75,3.2849745843036007,9.211606894733857,13,0,0,0,0
cell_subsample,0.5,4,61,xenium_human_lymph_node,1432.1776,48.3149,55.3617,75,0,1.0,0,1.0,0,1.0,0,0.7805,5.155097076770413,8.30968978813524,75,0,0,0,0
cell_subsample,0.5,4,62,xenium_human_lymph_node,1417.7627,49.5907,51.063,6,0,0.6667,1,0.8333,1,0.8,1,0.7895,5.0699597153592215,9.079141906501004,6,0,1,1,1
cell_subsample,0.5,4,63,xenium_human_lymph_node,1391.2396,53.3106,57.6231,86,0,0.6667,0,0.8182,0,0.6923,1,0.6667,5.009187393599785,8.43337419407784,86,0,0,0,1
cell_subsample,0.5,4,64,xenium_human_lymph_node,1403.4144,53.6778,63.7955,466,0,1.0,0,0.6667,0,0.8333,0,0.7295,4.954118506083432,8.802843633709097,466,0,0,0,0
cell_subsample,0.5,4,65,xenium_human_lymph_node,1427.6376,63.3858,67.2945,73,0,1.0,0,0.875,0,0.8286,1,0.7069,4.568602894095171,8.031041425573909,73,0,0,0,1
cell_subsample,0.5,4,66,xenium_human_lymph_node,1478.7148,63.7375,75.4354,632,0,1.0,0,1.0,0,1.0,0,0.7971,4.560188216567395,10.58886661521857,632,0,0,0,0
cell_subsample,0.5,4,67,xenium_human_lymph_node,1592.6136,47.1795,52.4448,20,0,1.0,0,1.0,0,1.0,1,0.9714,5.08669005109481,7.701009810348964,20,0,0,0,1
cell_subsample,0.5,4,68,xenium_human_lymph_node,1568.9587,55.8857,67.1071,629,0,0.5,0,0.5,0,0.6,0,0.6812,4.963543809368922,9.629321350835834,42,0,0,0,1
cell_subsample,0.5,4,69,xenium_human_lymph_node,1545.486,94.0005,101.1094,148,0,0.0,0,0.5,0,0.6667,0,0.7381,3.400786716477496,12.214416982361712,8,0,0,1,1
cell_subsample,0.5,4,70,xenium_human_lymph_node,1524.4061,52.241,52.8587,8,0,0.8571,1,0.8571,1,0.7826,1,0.6875,5.204884540954949,7.8939475729970585,8,0,1,1,1
cell_subsample,0.5,4,71,xenium_human_lymph_node,1562.2142,46.2645,49.3253,7,0,0.0,0,0.0,1,0.8571,1,0.9444,5.118090570603432,8.009186271709847,7,0,0,1,1
cell_subsample,0.5,4,72,xenium_human_lymph_node,1494.4361,49.372,49.372,1,1,1.0,1,1.0,1,1.0,1,0.8824,5.045439073918955,8.047705136932208,1,1,1,1,1
cell_subsample,0.5,4,73,xenium_human_lymph_node,1409.926,93.8224,104.9632,673,0,0.3333,0,0.6667,0,0.6667,0,0.8,3.4397956133370546,10.788527300477636,211,0,0,0,0
cell_subsample,0.5,4,74,xenium_human_lymph_node,1390.4306,45.1987,50.5701,58,0,1.0,0,1.0,0,0.8571,1,0.8571,5.19128156540818,8.059699867347708,362,0,0,0,0
cell_subsample,0.5,4,75,xenium_human_lymph_node,1451.5937,59.136,60.8986,10,0,1.0,0,1.0,1,1.0,1,0.8848,4.855382098463567,7.282993844853443,10,0,0,1,1
cell_subsample,0.5,4,76,xenium_human_lymph_node,1589.8254,52.6895,56.1228,23,0,1.0,0,0.8333,0,0.8235,1,0.8113,5.015083758343273,8.255955070238604,23,0,0,0,1
cell_subsample,0.5,4,77,xenium_human_lymph_node,1494.2186,51.0998,56.5031,72,0,1.0,0,0.6667,0,0.7143,1,0.8125,5.282445352653762,8.911124370351207,72,0,0,0,1
cell_subsample,0.5,4,78,xenium_human_lymph_node,1488.1254,47.3882,54.1875,86,0,1.0,0,1.0,0,0.9286,0,0.8824,5.074107917584799,7.775393012404991,266,0,0,0,0
cell_subsample,0.5,4,79,xenium_human_lymph_node,1458.1684,63.156,67.3873,28,0,1.0,0,1.0,0,0.7692,1,0.7822,4.797152844318408,9.184438786315134,28,0,0,0,1
cell_subsample,0.5,4,80,xenium_human_lymph_node,1488.503,44.0226,44.0226,1,1,1.0,1,1.0,1,1.0,1,0.875,5.115696031969097,9.128115410470594,1,1,1,1,1
cell_subsample,0.5,4,81,xenium_human_lymph_node,1477.283,54.1123,54.937,2,0,1.0,1,1.0,1,1.0,1,0.7917,4.79013622528439,8.559638706104737,2,0,1,1,1
cell_subsample,0.5,4,82,xenium_human_lymph_node,1440.1313,54.1828,54.1828,1,1,1.0,1,1.0,1,1.0,1,0.8353,4.87131674323517,7.451687868153025,1,1,1,1,1
cell_subsample,0.5,4,83,xenium_human_lymph_node,1441.7811,53.6954,53.6954,1,1,1.0,1,1.0,1,0.5,1,0.6452,4.83680104448582,10.120731977411294,1,1,1,1,1
cell_subsample,0.5,4,84,xenium_human_lymph_node,1480.6643,67.3576,69.5065,8,0,1.0,0,1.0,1,0.9231,1,0.7857,4.552395946193671,8.97292071903067,8,0,0,1,1
cell_subsample,0.5,4,85,xenium_human_lymph_node,1566.4154,52.5167,61.3021,210,0,0.5,0,0.6667,0,0.875,0,0.8548,4.913725303413445,9.418710836175327,210,0,0,0,0
cell_subsample,0.5,4,86,xenium_human_lymph_node,1601.5336,52.6188,59.3528,70,0,1.0,0,1.0,0,0.8,0,0.8077,4.9546827590336955,9.832366098646974,70,0,0,0,0
cell_subsample,0.5,4,87,xenium_human_lymph_node,1571.6178,79.6342,81.0285,6,0,1.0,1,1.0,1,0.8649,1,0.6792,3.535637670517061,13.147912816476898,1944,0,0,0,0
cell_subsample,0.5,4,88,xenium_human_lymph_node,1614.893,57.8073,59.5329,5,0,1.0,0,1.0,1,0.9231,1,0.8429,5.034296649886495,7.594496660505305,5,0,0,1,1
cell_subsample,0.5,4,89,xenium_human_lymph_node,1512.0605,59.2967,65.8912,291,0,0.5,0,0.7273,0,0.6346,0,0.6135,4.863142148264923,9.666910168898905,291,0,0,0,0
cell_subsample,0.5,4,90,xenium_human_lymph_node,1466.314,89.6834,102.2779,1130,0,1.0,0,0.8,0,0.9286,0,0.7937,3.466155970872817,11.660762788568203,1130,0,0,0,0
cell_subsample,0.5,4,91,xenium_human_lymph_node,1478.3405,51.8746,54.5577,14,0,1.0,0,1.0,1,0.9,1,0.7949,5.251420477866904,7.150674090128209,14,0,0,1,1
cell_subsample,0.5,4,92,xenium_human_lymph_node,1436.0638,57.9569,60.7645,13,0,0.0,0,0.5,1,0.7647,1,0.7107,4.803151764786143,8.928822158757969,13,0,0,1,1
cell_subsample,0.5,4,93,xenium_human_lymph_node,1411.5759,63.7931,65.0785,5,0,1.0,1,1.0,1,1.0,1,0.8772,4.847365462884689,8.684277224236192,5,0,1,1,1
cell_subsample,0.5,4,94,xenium_human_lymph_node,1434.0636,54.9805,63.6708,262,0,1.0,0,1.0,0,0.8,0,0.8065,4.832314133316562,8.601830455467107,262,0,0,0,0
cell_subsample,0.5,4,95,xenium_human_lymph_node,1439.655,52.9306,57.5148,25,0,1.0,0,1.0,0,0.6667,1,0.7344,4.876838249124514,9.676031051230048,25,0,0,0,1
cell_subsample,0.5,4,96,xenium_human_lymph_node,1444.2358,51.6752,60.3018,169,0,1.0,0,1.0,0,1.0,0,0.8235,4.764108682685169,10.167556728878374,169,0,0,0,0
cell_subsample,0.5,4,97,xenium_human_lymph_node,1433.4104,94.2516,100.4079,83,0,1.0,0,1.0,0,0.8571,0,0.9167,3.245751342051028,14.16374626029678,60,0,0,0,0
cell_subsample,0.5,4,98,xenium_human_lymph_node,1427.3045,94.7943,97.7161,24,0,1.0,0,0.875,1,0.9231,1,0.8134,3.337304723168606,10.777232870966676,24,0,0,1,1
cell_subsample,0.5,4,99,xenium_human_lymph_node,1457.8751,57.3673,65.9165,309,0,1.0,0,1.0,0,0.9091,0,0.7117,4.75979819879632,10.891975717789263,309,0,0,0,0
