model,level,noise_seed,query_idx,Dataset,spindle_time_ms,exact_best_dist,spindle_best_dist,spindle_best_rank,recall_at_eps_0.1,overlap_at_eps_0.1,recall_at_eps_0.25,overlap_at_eps_0.25,recall_at_eps_0.5,overlap_at_eps_0.5,recall_at_eps_1.0,overlap_at_eps_1.0,d_le_whole,d_block_over_eps,exact_noisy_best_rank,exact_noisy_recall_at_eps_0.1,exact_noisy_recall_at_eps_0.25,exact_noisy_recall_at_eps_0.5,exact_noisy_recall_at_eps_1.0
cell_subsample,0.0,0,0,xenium_human_kidney_nondiseased,388.018,55.0871,55.0871,1,1,1.0,1,1.0,1,1.0,1,1.0,0.0,0.0,1,1,1,1,1
cell_subsample,0.0,0,1,xenium_human_kidney_nondiseased,362.4141,70.8632,70.8632,1,1,1.0,1,1.0,1,1.0,1,0.9868,0.0,0.0,1,1,1,1,1
cell_subsample,0.0,0,2,xenium_human_kidney_nondiseased,383.9591,69.3708,69.3708,1,1,1.0,1,1.0,1,1.0,1,0.9226,0.0,0.0,1,1,1,1,1
cell_subsample,0.0,0,3,xenium_human_kidney_nondiseased,376.9253,67.621,67.621,1,1,1.0,1,1.0,1,1.0,1,1.0,0.0,0.0,1,1,1,1,1
cell_subsample,0.0,0,4,xenium_human_kidney_nondiseased,373.3747,54.4661,54.4661,1,1,1.0,1,1.0,1,1.0,1,1.0,0.0,0.0,1,1,1,1,1
cell_subsample,0.0,0,5,xenium_human_kidney_nondiseased,380.3686,65.486,65.486,1,1,1.0,1,1.0,1,1.0,1,0.9677,0.0,0.0,1,1,1,1,1
cell_subsample,0.0,0,6,xenium_human_kidney_nondiseased,357.8189,78.8659,78.8659,1,1,1.0,1,1.0,1,1.0,1,0.963,0.0,0.0,1,1,1,1,1
cell_subsample,0.0,0,7,xenium_human_kidney_nondiseased,375.3703,54.8858,54.8858,1,1,1.0,1,1.0,1,1.0,1,1.0,0.0,0.0,1,1,1,1,1
cell_subsample,0.0,0,8,xenium_human_kidney_nondiseased,367.5503,61.4796,61.4796,1,1,1.0,1,1.0,1,1.0,1,1.0,0.0,0.0,1,1,1,1,1
cell_subsample,0.0,0,9,xenium_human_kidney_nondiseased,376.2329,70.2012,70.2012,1,1,1.0,1,0.9091,1,0.9474,1,0.9007,0.0,0.0,1,1,1,1,1
cell_subsample,0.0,0,10,xenium_human_kidney_nondiseased,352.0717,60.0133,60.0133,1,1,1.0,1,1.0,1,1.0,1,0.9853,0.0,0.0,1,1,1,1,1
cell_subsample,0.0,0,11,xenium_human_kidney_nondiseased,345.3719,62.8194,62.8194,1,1,1.0,1,1.0,1,1.0,1,1.0,0.0,0.0,1,1,1,1,1
cell_subsample,0.0,0,12,xenium_human_kidney_nondiseased,361.0921,58.7145,58.7145,1,1,1.0,1,1.0,1,1.0,1,1.0,0.0,0.0,1,1,1,1,1
cell_subsample,0.0,0,13,xenium_human_kidney_nondiseased,363.6851,62.9089,62.9089,1,1,1.0,1,1.0,1,1.0,1,1.0,0.0,0.0,1,1,1,1,1
cell_subsample,0.0,0,14,xenium_human_kidney_nondiseased,375.552,88.7807,88.7807,1,1,1.0,1,1.0,1,1.0,1,0.9344,0.0,0.0,1,1,1,1,1
cell_subsample,0.0,0,15,xenium_human_kidney_nondiseased,377.2479,55.7185,55.7185,1,1,1.0,1,1.0,1,1.0,1,1.0,0.0,0.0,1,1,1,1,1
cell_subsample,0.0,0,16,xenium_human_kidney_nondiseased,386.5147,59.519,59.519,1,1,1.0,1,1.0,1,1.0,1,1.0,0.0,0.0,1,1,1,1,1
cell_subsample,0.0,0,17,xenium_human_kidney_nondiseased,384.2217,66.2106,66.2106,1,1,1.0,1,1.0,1,0.9375,1,0.9747,0.0,0.0,1,1,1,1,1
cell_subsample,0.0,0,18,xenium_human_kidney_nondiseased,388.5305,64.7085,64.7085,1,1,1.0,1,1.0,1,1.0,1,1.0,0.0,0.0,1,1,1,1,1
cell_subsample,0.0,0,19,xenium_human_kidney_nondiseased,384.3864,66.2135,66.2135,1,1,1.0,1,1.0,1,1.0,1,1.0,0.0,0.0,1,1,1,1,1
cell_subsample,0.0,0,20,xenium_human_kidney_nondiseased,373.5637,76.0854,76.0854,1,1,1.0,1,1.0,1,1.0,1,0.918,0.0,0.0,1,1,1,1,1
cell_subsample,0.0,0,21,xenium_human_kidney_nondiseased,367.6969,94.8702,95.8966,2,0,0.0,1,0.6667,1,0.6667,1,0.6667,0.0,0.0,1,1,1,1,1
cell_subsample,0.0,0,22,xenium_human_kidney_nondiseased,369.7159,68.9536,68.9536,1,1,1.0,1,1.0,1,1.0,1,0.9714,0.0,0.0,1,1,1,1,1
cell_subsample,0.0,0,23,xenium_human_kidney_nondiseased,391.782,60.3739,60.3739,1,1,1.0,1,1.0,1,1.0,1,1.0,0.0,0.0,1,1,1,1,1
cell_subsample,0.0,0,24,xenium_human_kidney_nondiseased,391.4641,66.6259,66.6259,1,1,1.0,1,1.0,1,1.0,1,0.9815,0.0,0.0,1,1,1,1,1
cell_subsample,0.0,0,25,xenium_human_kidney_nondiseased,373.6565,68.4286,68.4286,1,1,1.0,1,1.0,1,1.0,1,0.9767,0.0,0.0,1,1,1,1,1
cell_subsample,0.0,0,26,xenium_human_kidney_nondiseased,377.4763,76.1431,76.1431,1,1,1.0,1,1.0,1,1.0,1,1.0,0.0,0.0,1,1,1,1,1
cell_subsample,0.0,0,27,xenium_human_kidney_nondiseased,420.9398,72.2015,72.2015,1,1,1.0,1,1.0,1,1.0,1,0.9808,0.0,0.0,1,1,1,1,1
cell_subsample,0.0,0,28,xenium_human_kidney_nondiseased,421.5194,65.3109,65.3109,1,1,1.0,1,1.0,1,1.0,1,1.0,0.0,0.0,1,1,1,1,1
cell_subsample,0.0,0,29,xenium_human_kidney_nondiseased,415.6639,63.628,63.628,1,1,1.0,1,1.0,1,1.0,1,1.0,0.0,0.0,1,1,1,1,1
cell_subsample,0.0,0,30,xenium_human_kidney_nondiseased,393.8752,60.2231,60.2231,1,1,1.0,1,1.0,1,1.0,1,1.0,0.0,0.0,1,1,1,1,1
cell_subsample,0.0,0,31,xenium_human_kidney_nondiseased,430.474,77.7924,77.7924,1,1,1.0,1,1.0,1,1.0,1,0.9681,0.0,0.0,1,1,1,1,1
cell_subsample,0.0,0,32,xenium_human_kidney_nondiseased,432.7125,55.0263,55.0263,1,1,1.0,1,1.0,1,1.0,1,1.0,0.0,0.0,1,1,1,1,1
cell_subsample,0.0,0,33,xenium_human_kidney_nondiseased,414.8213,71.4937,71.4937,1,1,1.0,1,1.0,1,0.9643,1,0.9586,0.0,0.0,1,1,1,1,1
cell_subsample,0.0,0,34,xenium_human_kidney_nondiseased,404.4222,90.5825,90.5825,1,1,1.0,1,1.0,1,1.0,1,0.7308,0.0,0.0,1,1,1,1,1
cell_subsample,0.0,0,35,xenium_human_kidney_nondiseased,413.9024,66.3804,66.3804,1,1,1.0,1,1.0,1,0.9697,1,0.9754,0.0,0.0,1,1,1,1,1
cell_subsample,0.0,0,36,xenium_human_kidney_nondiseased,410.3103,64.9728,64.9728,1,1,1.0,1,1.0,1,1.0,1,0.9811,0.0,0.0,1,1,1,1,1
cell_subsample,0.0,0,37,xenium_human_kidney_nondiseased,395.2698,54.4402,54.4402,1,1,1.0,1,1.0,1,1.0,1,1.0,0.0,0.0,1,1,1,1,1
cell_subsample,0.0,0,38,xenium_human_kidney_nondiseased,431.3283,77.3585,77.3585,1,1,1.0,1,1.0,1,1.0,1,0.9333,0.0,0.0,1,1,1,1,1
cell_subsample,0.0,0,39,xenium_human_kidney_nondiseased,416.0078,58.4638,58.4638,1,1,1.0,1,1.0,1,1.0,1,1.0,0.0,0.0,1,1,1,1,1
cell_subsample,0.0,0,40,xenium_human_kidney_nondiseased,436.1115,54.4683,54.4683,1,1,1.0,1,1.0,1,1.0,1,1.0,0.0,0.0,1,1,1,1,1
cell_subsample,0.0,0,41,xenium_human_kidney_nondiseased,431.611,81.3084,81.3084,1,1,1.0,1,1.0,1,1.0,1,0.9507,0.0,0.0,1,1,1,1,1
cell_subsample,0.0,0,42,xenium_human_kidney_nondiseased,422.9057,68.3466,68.3466,1,1,1.0,1,1.0,1,1.0,1,1.0,0.0,0.0,1,1,1,1,1
cell_subsample,0.0,0,43,xenium_human_kidney_nondiseased,435.1191,81.6526,81.6526,1,1,1.0,1,1.0,1,0.8,1,0.9143,0.0,0.0,1,1,1,1,1
cell_subsample,0.0,0,44,xenium_human_kidney_nondiseased,440.8896,86.1595,86.1595,1,1,1.0,1,1.0,1,1.0,1,0.9077,0.0,0.0,1,1,1,1,1
cell_subsample,0.0,0,45,xenium_human_kidney_nondiseased,405.4111,58.4664,58.4664,1,1,1.0,1,1.0,1,1.0,1,1.0,0.0,0.0,1,1,1,1,1
cell_subsample,0.0,0,46,xenium_human_kidney_nondiseased,424.706,71.5535,71.5535,1,1,1.0,1,1.0,1,1.0,1,0.9739,0.0,0.0,1,1,1,1,1
cell_subsample,0.0,0,47,xenium_human_kidney_nondiseased,445.4889,60.1915,60.1915,1,1,1.0,1,1.0,1,1.0,1,1.0,0.0,0.0,1,1,1,1,1
cell_subsample,0.0,0,48,xenium_human_kidney_nondiseased,442.1505,76.8102,76.8102,1,1,1.0,1,1.0,1,1.0,1,0.9794,0.0,0.0,1,1,1,1,1
cell_subsample,0.0,0,49,xenium_human_kidney_nondiseased,403.65,69.7665,69.7665,1,1,1.0,1,1.0,1,0.9091,1,0.9659,0.0,0.0,1,1,1,1,1
cell_subsample,0.0,0,50,xenium_human_kidney_nondiseased,424.8667,68.1069,68.1069,1,1,1.0,1,1.0,1,1.0,1,1.0,0.0,0.0,1,1,1,1,1
cell_subsample,0.0,0,51,xenium_human_kidney_nondiseased,429.4267,64.6732,64.6732,1,1,1.0,1,1.0,1,1.0,1,1.0,0.0,0.0,1,1,1,1,1
cell_subsample,0.0,0,52,xenium_human_kidney_nondiseased,420.1168,57.4321,57.4321,1,1,1.0,1,1.0,1,1.0,1,1.0,0.0,0.0,1,1,1,1,1
cell_subsample,0.0,0,53,xenium_human_kidney_nondiseased,416.3049,58.9097,58.9097,1,1,1.0,1,1.0,1,1.0,1,1.0,0.0,0.0,1,1,1,1,1
cell_subsample,0.0,0,54,xenium_human_kidney_nondiseased,410.3246,66.8666,66.8666,1,1,1.0,1,1.0,1,1.0,1,0.9565,0.0,0.0,1,1,1,1,1
cell_subsample,0.0,0,55,xenium_human_kidney_nondiseased,399.9309,61.9982,61.9982,1,1,1.0,1,1.0,1,1.0,1,0.9821,0.0,0.0,1,1,1,1,1
cell_subsample,0.0,0,56,xenium_human_kidney_nondiseased,420.2054,61.0214,61.0214,1,1,1.0,1,1.0,1,1.0,1,1.0,0.0,0.0,1,1,1,1,1
cell_subsample,0.0,0,57,xenium_human_kidney_nondiseased,413.8517,72.12,72.12,1,1,1.0,1,1.0,1,1.0,1,0.9615,0.0,0.0,1,1,1,1,1
cell_subsample,0.0,0,58,xenium_human_kidney_nondiseased,405.4452,67.9544,67.9544,1,1,1.0,1,1.0,1,1.0,1,0.9855,0.0,0.0,1,1,1,1,1
cell_subsample,0.0,0,59,xenium_human_kidney_nondiseased,394.3238,64.3246,64.3246,1,1,1.0,1,1.0,1,1.0,1,1.0,0.0,0.0,1,1,1,1,1
cell_subsample,0.0,0,60,xenium_human_kidney_nondiseased,372.9965,82.111,82.111,1,1,1.0,1,0.9091,1,0.9688,1,0.9262,0.0,0.0,1,1,1,1,1
cell_subsample,0.0,0,61,xenium_human_kidney_nondiseased,412.8461,62.7991,62.7991,1,1,1.0,1,1.0,1,1.0,1,0.9868,0.0,0.0,1,1,1,1,1
cell_subsample,0.0,0,62,xenium_human_kidney_nondiseased,408.9938,77.9745,77.9745,1,1,1.0,1,1.0,1,1.0,1,0.9615,0.0,0.0,1,1,1,1,1
cell_subsample,0.0,0,63,xenium_human_kidney_nondiseased,386.3201,78.1028,78.1028,1,1,1.0,1,1.0,1,1.0,1,0.9444,0.0,0.0,1,1,1,1,1
cell_subsample,0.0,0,64,xenium_human_kidney_nondiseased,388.7298,100.8298,100.8298,1,1,1.0,1,1.0,1,1.0,1,0.8265,0.0,0.0,1,1,1,1,1
cell_subsample,0.0,0,65,xenium_human_kidney_nondiseased,379.4796,65.2969,65.2969,1,1,1.0,1,1.0,1,1.0,1,1.0,0.0,0.0,1,1,1,1,1
cell_subsample,0.0,0,66,xenium_human_kidney_nondiseased,382.9371,57.6253,57.6253,1,1,1.0,1,1.0,1,1.0,1,1.0,0.0,0.0,1,1,1,1,1
cell_subsample,0.0,0,67,xenium_human_kidney_nondiseased,400.6263,83.9108,83.9108,1,1,1.0,1,1.0,1,0.9259,1,0.8589,0.0,0.0,1,1,1,1,1
cell_subsample,0.0,0,68,xenium_human_kidney_nondiseased,384.3732,56.79,56.79,1,1,1.0,1,1.0,1,1.0,1,1.0,0.0,0.0,1,1,1,1,1
cell_subsample,0.0,0,69,xenium_human_kidney_nondiseased,378.1875,81.0997,81.0997,1,1,1.0,1,1.0,1,0.9375,1,0.8899,0.0,0.0,1,1,1,1,1
cell_subsample,0.0,0,70,xenium_human_kidney_nondiseased,394.3744,70.5892,70.5892,1,1,1.0,1,1.0,1,1.0,1,0.982,0.0,0.0,1,1,1,1,1
cell_subsample,0.0,0,71,xenium_human_kidney_nondiseased,389.5308,65.7592,65.7592,1,1,1.0,1,1.0,1,0.9231,1,0.9867,0.0,0.0,1,1,1,1,1
cell_subsample,0.0,0,72,xenium_human_kidney_nondiseased,382.2498,54.5407,54.5407,1,1,1.0,1,1.0,1,1.0,1,1.0,0.0,0.0,1,1,1,1,1
cell_subsample,0.0,0,73,xenium_human_kidney_nondiseased,377.091,71.5473,71.5473,1,1,1.0,1,1.0,1,1.0,1,1.0,0.0,0.0,1,1,1,1,1
cell_subsample,0.0,0,74,xenium_human_kidney_nondiseased,386.9767,69.5529,69.5529,1,1,1.0,1,1.0,1,1.0,1,1.0,0.0,0.0,1,1,1,1,1
cell_subsample,0.0,0,75,xenium_human_kidney_nondiseased,414.4082,77.9849,77.9849,1,1,1.0,1,1.0,1,0.9474,1,0.9344,0.0,0.0,1,1,1,1,1
cell_subsample,0.0,0,76,xenium_human_kidney_nondiseased,427.132,65.9228,65.9228,1,1,1.0,1,1.0,1,1.0,1,1.0,0.0,0.0,1,1,1,1,1
cell_subsample,0.0,0,77,xenium_human_kidney_nondiseased,403.7221,77.0108,77.0108,1,1,1.0,1,1.0,1,1.0,1,0.9839,0.0,0.0,1,1,1,1,1
cell_subsample,0.0,0,78,xenium_human_kidney_nondiseased,399.0679,55.8948,55.8948,1,1,1.0,1,1.0,1,1.0,1,1.0,0.0,0.0,1,1,1,1,1
cell_subsample,0.0,0,79,xenium_human_kidney_nondiseased,389.1333,73.8989,73.8989,1,1,1.0,1,1.0,1,1.0,1,0.9909,0.0,0.0,1,1,1,1,1
cell_subsample,0.0,0,80,xenium_human_kidney_nondiseased,408.2143,61.4775,61.4775,1,1,1.0,1,1.0,1,1.0,1,1.0,0.0,0.0,1,1,1,1,1
cell_subsample,0.0,0,81,xenium_human_kidney_nondiseased,422.8027,70.616,70.616,1,1,1.0,1,1.0,1,1.0,1,0.9762,0.0,0.0,1,1,1,1,1
cell_subsample,0.0,0,82,xenium_human_kidney_nondiseased,399.2295,67.1344,67.1344,1,1,1.0,1,1.0,1,1.0,1,0.9859,0.0,0.0,1,1,1,1,1
cell_subsample,0.0,0,83,xenium_human_kidney_nondiseased,386.7833,65.8154,65.8154,1,1,1.0,1,1.0,1,1.0,1,1.0,0.0,0.0,1,1,1,1,1
cell_subsample,0.0,0,84,xenium_human_kidney_nondiseased,399.1675,42.4762,42.4762,1,1,1.0,1,1.0,1,1.0,1,1.0,0.0,0.0,1,1,1,1,1
cell_subsample,0.0,0,85,xenium_human_kidney_nondiseased,413.2126,95.6316,95.6316,1,1,1.0,1,1.0,1,1.0,1,0.9333,0.0,0.0,1,1,1,1,1
cell_subsample,0.0,0,86,xenium_human_kidney_nondiseased,404.0764,58.2252,58.2252,1,1,1.0,1,1.0,1,1.0,1,1.0,0.0,0.0,1,1,1,1,1
cell_subsample,0.0,0,87,xenium_human_kidney_nondiseased,389.0455,73.5669,73.5669,1,1,1.0,1,1.0,1,1.0,1,1.0,0.0,0.0,1,1,1,1,1
cell_subsample,0.0,0,88,xenium_human_kidney_nondiseased,388.6194,75.1401,75.1401,1,1,1.0,1,1.0,1,0.9455,1,0.9289,0.0,0.0,1,1,1,1,1
cell_subsample,0.0,0,89,xenium_human_kidney_nondiseased,407.8379,68.341,68.341,1,1,1.0,1,1.0,1,0.875,1,0.9365,0.0,0.0,1,1,1,1,1
cell_subsample,0.0,0,90,xenium_human_kidney_nondiseased,422.413,83.912,83.912,1,1,1.0,1,1.0,1,1.0,1,0.9,0.0,0.0,1,1,1,1,1
cell_subsample,0.0,0,91,xenium_human_kidney_nondiseased,397.1897,58.743,58.743,1,1,1.0,1,1.0,1,1.0,1,1.0,0.0,0.0,1,1,1,1,1
cell_subsample,0.0,0,92,xenium_human_kidney_nondiseased,384.126,65.9585,65.9585,1,1,1.0,1,1.0,1,1.0,1,1.0,0.0,0.0,1,1,1,1,1
cell_subsample,0.0,0,93,xenium_human_kidney_nondiseased,416.8635,62.1645,62.1645,1,1,1.0,1,1.0,1,1.0,1,1.0,0.0,0.0,1,1,1,1,1
cell_subsample,0.0,0,94,xenium_human_kidney_nondiseased,398.3759,71.1774,71.1774,1,1,1.0,1,1.0,1,1.0,1,0.988,0.0,0.0,1,1,1,1,1
cell_subsample,0.0,0,95,xenium_human_kidney_nondiseased,411.0048,58.5677,58.5677,1,1,1.0,1,1.0,1,1.0,1,1.0,0.0,0.0,1,1,1,1,1
cell_subsample,0.0,0,96,xenium_human_kidney_nondiseased,391.1062,74.2748,74.2748,1,1,1.0,1,1.0,1,1.0,1,0.9451,0.0,0.0,1,1,1,1,1
cell_subsample,0.0,0,97,xenium_human_kidney_nondiseased,389.3891,74.7465,74.7465,1,1,1.0,1,1.0,1,1.0,1,0.9565,0.0,0.0,1,1,1,1,1
cell_subsample,0.0,0,98,xenium_human_kidney_nondiseased,377.9942,85.218,85.218,1,1,1.0,1,1.0,1,0.9231,1,0.8415,0.0,0.0,1,1,1,1,1
cell_subsample,0.0,0,99,xenium_human_kidney_nondiseased,410.8871,62.1326,62.1326,1,1,1.0,1,1.0,1,1.0,1,1.0,0.0,0.0,1,1,1,1,1
cell_subsample,0.9,0,0,xenium_human_kidney_nondiseased,469.3265,55.0871,55.1679,2,1,1.0,1,1.0,1,1.0,1,1.0,2.1814288216833284,1.097430744361372,2,1,1,1,1
cell_subsample,0.9,0,1,xenium_human_kidney_nondiseased,414.3793,70.8632,70.8632,1,1,1.0,1,1.0,1,1.0,1,0.9605,1.8987512568840983,3.1446116232033026,1,1,1,1,1
cell_subsample,0.9,0,2,xenium_human_kidney_nondiseased,448.9737,69.3708,69.3819,2,1,1.0,1,1.0,1,0.9667,1,0.9226,1.9124976532712894,2.066120192706783,2,1,1,1,1
cell_subsample,0.9,0,3,xenium_human_kidney_nondiseased,434.0683,67.621,67.621,1,1,1.0,1,1.0,1,0.8333,1,0.9853,1.876032413426723,1.1909494612944733,1,1,1,1,1
cell_subsample,0.9,0,4,xenium_human_kidney_nondiseased,450.7479,54.4661,54.4661,1,1,1.0,1,1.0,1,1.0,1,1.0,2.0708525325193614,1.4953507984653645,1,1,1,1,1
cell_subsample,0.9,0,5,xenium_human_kidney_nondiseased,429.9058,65.486,65.486,1,1,1.0,1,1.0,1,1.0,1,0.9677,2.049064352789492,2.1086591917925035,1,1,1,1,1
cell_subsample,0.9,0,6,xenium_human_kidney_nondiseased,435.2421,78.8659,78.8659,1,1,1.0,1,1.0,1,1.0,1,0.963,1.7304268610245521,3.4542701264243094,1,1,1,1,1
cell_subsample,0.9,0,7,xenium_human_kidney_nondiseased,398.0173,54.8858,55.5326,2,1,1.0,1,1.0,1,1.0,1,1.0,2.098025477172912,2.5146476228008425,2,1,1,1,1
cell_subsample,0.9,0,8,xenium_human_kidney_nondiseased,443.861,61.4796,61.4796,1,1,1.0,1,1.0,1,1.0,1,1.0,2.0597635474849763,2.904384132349343,1,1,1,1,1
cell_subsample,0.9,0,9,xenium_human_kidney_nondiseased,433.1164,70.2012,70.2012,1,1,1.0,1,0.9091,1,0.9737,1,0.9139,1.8768840974585443,2.604094294431727,1,1,1,1,1
cell_subsample,0.9,0,10,xenium_human_kidney_nondiseased,412.1382,60.0133,60.0133,1,1,1.0,1,1.0,1,1.0,1,0.9559,2.0068243612154393,2.039393742238162,1,1,1,1,1
cell_subsample,0.9,0,11,xenium_human_kidney_nondiseased,398.6836,62.8194,64.4145,8,0,1.0,1,1.0,1,1.0,1,0.988,2.0882897561780163,2.4039942103850525,8,0,1,1,1
cell_subsample,0.9,0,12,xenium_human_kidney_nondiseased,435.1323,58.7145,58.7145,1,1,1.0,1,1.0,1,1.0,1,1.0,2.183992911256408,2.446007327689884,1,1,1,1,1
cell_subsample,0.9,0,13,xenium_human_kidney_nondiseased,421.0723,62.9089,62.9089,1,1,1.0,1,1.0,1,1.0,1,1.0,1.9642684508586485,1.8263142928253397,1,1,1,1,1
cell_subsample,0.9,0,14,xenium_human_kidney_nondiseased,412.3846,88.7807,88.7807,1,1,1.0,1,1.0,1,1.0,1,0.9836,1.65566530978373,4.9246316391418885,1,1,1,1,1
cell_subsample,0.9,0,15,xenium_human_kidney_nondiseased,396.1267,55.7185,56.3904,2,1,1.0,1,1.0,1,1.0,1,1.0,2.126026922763531,1.3212559665843924,2,1,1,1,1
cell_subsample,0.9,0,16,xenium_human_kidney_nondiseased,405.5546,59.519,59.519,1,1,1.0,1,1.0,1,1.0,1,1.0,2.0690874738476466,1.6686185533113123,1,1,1,1,1
cell_subsample,0.9,0,17,xenium_human_kidney_nondiseased,387.9756,66.2106,66.2106,1,1,1.0,1,1.0,1,0.9375,1,0.9747,1.7796852398347647,1.8989232829034997,1,1,1,1,1
cell_subsample,0.9,0,18,xenium_human_kidney_nondiseased,407.9973,64.7085,65.5565,5,0,1.0,1,1.0,1,1.0,1,1.0,1.9719192650609982,2.9540475249505906,5,0,1,1,1
cell_subsample,0.9,0,19,xenium_human_kidney_nondiseased,415.0417,66.2135,66.9546,2,0,1.0,1,1.0,1,1.0,1,1.0,2.0825761056558876,2.4335065499393376,2,0,1,1,1
cell_subsample,0.9,0,20,xenium_human_kidney_nondiseased,381.3726,76.0854,76.0854,1,1,1.0,1,1.0,1,1.0,1,0.918,1.752573396388572,2.022796489755157,1,1,1,1,1
cell_subsample,0.9,0,21,xenium_human_kidney_nondiseased,403.8855,94.8702,96.6839,4,0,0.0,0,0.6667,1,0.6667,1,0.5833,1.3677695839959936,1.3974629329752297,1,1,1,1,1
cell_subsample,0.9,0,22,xenium_human_kidney_nondiseased,412.1343,68.9536,68.9536,1,1,1.0,1,1.0,1,1.0,1,0.9714,2.0220132176168475,2.8468255677361918,1,1,1,1,1
cell_subsample,0.9,0,23,xenium_human_kidney_nondiseased,419.6634,60.3739,60.5168,2,1,1.0,1,1.0,1,1.0,1,1.0,2.191290477964129,1.7703543594500757,2,1,1,1,1
cell_subsample,0.9,0,24,xenium_human_kidney_nondiseased,408.0893,66.6259,66.6259,1,1,1.0,1,1.0,1,1.0,1,1.0,1.958797633430714,2.4874311096010198,1,1,1,1,1
cell_subsample,0.9,0,25,xenium_human_kidney_nondiseased,420.2518,68.4286,68.4286,1,1,1.0,1,1.0,1,1.0,1,1.0,1.9653645397199013,1.9250499837517705,1,1,1,1,1
cell_subsample,0.9,0,26,xenium_human_kidney_nondiseased,414.5833,76.1431,76.1431,1,1,1.0,1,1.0,1,1.0,1,1.0,1.8492506343804058,1.7066914531619046,1,1,1,1,1
cell_subsample,0.9,0,27,xenium_human_kidney_nondiseased,424.359,72.2015,72.5518,3,1,1.0,1,1.0,1,1.0,1,0.9808,1.7395079542930285,2.130961613898988,3,1,1,1,1
cell_subsample,0.9,0,28,xenium_human_kidney_nondiseased,425.9832,65.3109,65.3109,1,1,1.0,1,1.0,1,1.0,1,1.0,1.8949753594429046,2.8171495071916453,1,1,1,1,1
cell_subsample,0.9,0,29,xenium_human_kidney_nondiseased,383.5892,63.628,63.9255,4,1,1.0,1,1.0,1,1.0,1,1.0,2.0275614430052293,1.2104600321919214,4,1,1,1,1
cell_subsample,0.9,0,30,xenium_human_kidney_nondiseased,421.1073,60.2231,60.2231,1,1,1.0,1,1.0,1,1.0,1,0.9773,2.0178885914198332,2.437311696376487,1,1,1,1,1
cell_subsample,0.9,0,31,xenium_human_kidney_nondiseased,425.35,77.7924,81.469,16,0,1.0,0,1.0,0,1.0,1,0.9894,1.6979349678603906,3.4729439882216417,16,0,0,0,1
cell_subsample,0.9,0,32,xenium_human_kidney_nondiseased,407.0059,55.0263,55.0263,1,1,1.0,1,1.0,1,1.0,1,1.0,2.158286395579447,1.217990928701958,1,1,1,1,1
cell_subsample,0.9,0,33,xenium_human_kidney_nondiseased,426.6973,71.4937,71.4937,1,1,1.0,1,1.0,1,0.9643,1,0.931,1.9370845040584355,1.7700245353526745,1,1,1,1,1
cell_subsample,0.9,0,34,xenium_human_kidney_nondiseased,413.621,90.5825,90.5825,1,1,1.0,1,1.0,1,1.0,1,0.7308,1.4486643408339048,2.1643493071955064,1,1,1,1,1
cell_subsample,0.9,0,35,xenium_human_kidney_nondiseased,399.0795,66.3804,66.6075,3,1,1.0,1,1.0,1,0.9697,1,0.9672,2.0371885178018325,2.6386749276455865,3,1,1,1,1
cell_subsample,0.9,0,36,xenium_human_kidney_nondiseased,409.971,64.9728,64.9728,1,1,1.0,1,1.0,1,1.0,1,0.9811,1.9169741516945993,1.8623670713925962,1,1,1,1,1
cell_subsample,0.9,0,37,xenium_human_kidney_nondiseased,429.8158,54.4402,54.4402,1,1,1.0,1,1.0,1,1.0,1,1.0,2.105989263154429,1.5622935994299492,1,1,1,1,1
cell_subsample,0.9,0,38,xenium_human_kidney_nondiseased,415.5879,77.3585,78.189,2,0,1.0,1,1.0,1,1.0,1,0.9467,1.682203862802044,2.349956559375158,2,0,1,1,1
cell_subsample,0.9,0,39,xenium_human_kidney_nondiseased,413.092,58.4638,58.4638,1,1,1.0,1,1.0,1,1.0,1,1.0,2.071272185827774,2.0251316216488786,1,1,1,1,1
cell_subsample,0.9,0,40,xenium_human_kidney_nondiseased,411.547,54.4683,55.1015,3,1,1.0,1,1.0,1,1.0,1,1.0,2.104406722237169,2.2752968235038886,3,1,1,1,1
cell_subsample,0.9,0,41,xenium_human_kidney_nondiseased,392.653,81.3084,83.2844,9,0,1.0,0,0.8333,1,0.931,1,0.9366,1.6841512427613088,2.2135985084239524,9,0,0,1,1
cell_subsample,0.9,0,42,xenium_human_kidney_nondiseased,405.7404,68.3466,71.2957,4,0,1.0,0,1.0,1,1.0,1,1.0,1.9846300843935802,1.4225595912355136,4,0,0,1,1
cell_subsample,0.9,0,43,xenium_human_kidney_nondiseased,402.9103,81.6526,86.6654,25,0,1.0,0,1.0,0,0.9,1,0.9143,1.8096884867172467,4.3443066507558505,25,0,0,0,1
cell_subsample,0.9,0,44,xenium_human_kidney_nondiseased,379.3033,86.1595,86.1595,1,1,1.0,1,1.0,1,1.0,1,0.9385,1.5599017411321465,2.9165707348359295,1,1,1,1,1
cell_subsample,0.9,0,45,xenium_human_kidney_nondiseased,372.3758,58.4664,58.4664,1,1,1.0,1,1.0,1,1.0,1,1.0,2.0788729009694284,1.0586788291887508,1,1,1,1,1
cell_subsample,0.9,0,46,xenium_human_kidney_nondiseased,385.1703,71.5535,71.7457,2,1,1.0,1,1.0,1,0.9444,1,0.9565,1.9152821787114285,1.9401956917966523,2,1,1,1,1
cell_subsample,0.9,0,47,xenium_human_kidney_nondiseased,386.9193,60.1915,60.1915,1,1,1.0,1,1.0,1,1.0,1,1.0,2.157896015839832,2.600742687898338,1,1,1,1,1
cell_subsample,0.9,0,48,xenium_human_kidney_nondiseased,385.2146,76.8102,76.8102,1,1,1.0,1,1.0,1,1.0,1,0.9691,1.8557735320829432,3.000487427698496,1,1,1,1,1
cell_subsample,0.9,0,49,xenium_human_kidney_nondiseased,361.0236,69.7665,71.9016,4,0,1.0,0,1.0,1,0.9091,1,0.9659,1.9675223357340867,2.9652112471217986,4,0,0,1,1
cell_subsample,0.9,0,50,xenium_human_kidney_nondiseased,367.1745,68.1069,68.1958,2,1,1.0,1,1.0,1,1.0,1,1.0,1.9290637426745587,2.0687967667188984,2,1,1,1,1
cell_subsample,0.9,0,51,xenium_human_kidney_nondiseased,385.3321,64.6732,64.6732,1,1,1.0,1,1.0,1,1.0,1,0.9815,2.026648854232955,3.4338964196915485,1,1,1,1,1
cell_subsample,0.9,0,52,xenium_human_kidney_nondiseased,385.0313,57.4321,57.4321,1,1,1.0,1,1.0,1,1.0,1,1.0,2.0699688243820757,2.336339679571459,1,1,1,1,1
cell_subsample,0.9,0,53,xenium_human_kidney_nondiseased,376.7678,58.9097,58.9097,1,1,1.0,1,1.0,1,1.0,1,1.0,2.0124413500204614,1.2209730485211445,1,1,1,1,1
cell_subsample,0.9,0,54,xenium_human_kidney_nondiseased,371.2626,66.8666,66.8666,1,1,1.0,1,1.0,1,1.0,1,0.9565,1.9124968674036706,2.304731209410304,1,1,1,1,1
cell_subsample,0.9,0,55,xenium_human_kidney_nondiseased,366.3957,61.9982,61.9982,1,1,1.0,1,1.0,1,1.0,1,0.9643,1.9214710826759969,3.265648378878784,1,1,1,1,1
cell_subsample,0.9,0,56,xenium_human_kidney_nondiseased,391.5671,61.0214,61.0214,1,1,1.0,1,1.0,1,1.0,1,1.0,1.9961330251961422,2.2616438079473746,1,1,1,1,1
cell_subsample,0.9,0,57,xenium_human_kidney_nondiseased,387.0629,72.12,72.4746,2,1,1.0,1,1.0,1,1.0,1,0.9551,1.8975117471824234,2.315611225664374,2,1,1,1,1
cell_subsample,0.9,0,58,xenium_human_kidney_nondiseased,368.948,67.9544,67.9544,1,1,1.0,1,1.0,1,1.0,1,0.9855,1.881953533000202,1.999525214988225,1,1,1,1,1
cell_subsample,0.9,0,59,xenium_human_kidney_nondiseased,364.2741,64.3246,64.3246,1,1,1.0,1,1.0,1,1.0,1,1.0,2.0335595776053457,1.8389551700398086,1,1,1,1,1
cell_subsample,0.9,0,60,xenium_human_kidney_nondiseased,366.1047,82.111,82.2962,2,1,1.0,1,0.9091,1,0.9688,1,0.9329,1.7302628111591378,3.4694403840690953,2,1,1,1,1
cell_subsample,0.9,0,61,xenium_human_kidney_nondiseased,390.7834,62.7991,64.8956,7,0,1.0,0,1.0,1,1.0,1,0.9737,1.930806404119139,2.2740866624026976,7,0,0,1,1
cell_subsample,0.9,0,62,xenium_human_kidney_nondiseased,388.1185,77.9745,78.857,2,0,1.0,1,1.0,1,1.0,1,0.9231,1.7021615603809377,2.960084785393587,2,0,1,1,1
cell_subsample,0.9,0,63,xenium_human_kidney_nondiseased,353.6956,78.1028,78.3155,2,1,1.0,1,1.0,1,1.0,1,0.9444,1.8039946793524917,2.903520301072314,2,1,1,1,1
cell_subsample,0.9,0,64,xenium_human_kidney_nondiseased,366.6778,100.8298,100.8298,1,1,1.0,1,1.0,1,1.0,1,0.8776,1.4950847552059032,3.8197871212610024,1,1,1,1,1
cell_subsample,0.9,0,65,xenium_human_kidney_nondiseased,398.5007,65.2969,65.2969,1,1,1.0,1,1.0,1,1.0,1,1.0,1.9032507419352567,1.4028931940690326,1,1,1,1,1
cell_subsample,0.9,0,66,xenium_human_kidney_nondiseased,380.1907,57.6253,57.6253,1,1,1.0,1,1.0,1,1.0,1,1.0,2.0785949002992954,0.9840031473489163,1,1,1,1,1
cell_subsample,0.9,0,67,xenium_human_kidney_nondiseased,368.2222,83.9108,83.9108,1,1,0.8,1,0.9,1,0.8519,1,0.8589,1.7511138437536466,2.388684770350207,1,1,1,1,1
cell_subsample,0.9,0,68,xenium_human_kidney_nondiseased,361.7465,56.79,56.79,1,1,1.0,1,1.0,1,1.0,1,1.0,1.9681698906519376,1.9976503033414073,1,1,1,1,1
cell_subsample,0.9,0,69,xenium_human_kidney_nondiseased,365.0648,81.0997,81.3042,2,1,1.0,1,0.875,1,0.875,1,0.8532,1.6687965682923438,2.3624678994662287,2,1,1,1,1
cell_subsample,0.9,0,70,xenium_human_kidney_nondiseased,368.2502,70.5892,72.3908,8,0,1.0,0,1.0,1,1.0,1,0.973,1.9354642414954757,3.0991163580443755,8,0,0,1,1
cell_subsample,0.9,0,71,xenium_human_kidney_nondiseased,386.1933,65.7592,65.7857,2,1,1.0,1,1.0,1,1.0,1,0.9733,2.009064280395784,1.5963477099183057,2,1,1,1,1
cell_subsample,0.9,0,72,xenium_human_kidney_nondiseased,374.0274,54.5407,54.5407,1,1,1.0,1,1.0,1,1.0,1,1.0,2.1554790799783636,1.3840763523316821,1,1,1,1,1
cell_subsample,0.9,0,73,xenium_human_kidney_nondiseased,364.7833,71.5473,71.5473,1,1,1.0,1,1.0,1,1.0,1,1.0,1.8246759645413504,2.2821363169449462,1,1,1,1,1
cell_subsample,0.9,0,74,xenium_human_kidney_nondiseased,365.8197,69.5529,73.5024,9,0,1.0,0,1.0,0,1.0,1,1.0,1.8616734332307157,3.7616905876345315,9,0,0,0,1
cell_subsample,0.9,0,75,xenium_human_kidney_nondiseased,379.2449,77.9849,77.9849,1,1,1.0,1,1.0,1,1.0,1,0.9098,1.9064054110238275,1.9830616078766623,1,1,1,1,1
cell_subsample,0.9,0,76,xenium_human_kidney_nondiseased,367.8955,65.9228,65.9228,1,1,1.0,1,1.0,1,1.0,1,1.0,2.1095500293349896,2.4783619656720175,1,1,1,1,1
cell_subsample,0.9,0,77,xenium_human_kidney_nondiseased,364.4683,77.0108,77.0108,1,1,1.0,1,1.0,1,1.0,1,0.9839,1.6186437738985404,2.2120829580069366,1,1,1,1,1
cell_subsample,0.9,0,78,xenium_human_kidney_nondiseased,368.4942,55.8948,55.8948,1,1,1.0,1,1.0,1,1.0,1,1.0,2.047458039376765,1.4593786046576671,1,1,1,1,1
cell_subsample,0.9,0,79,xenium_human_kidney_nondiseased,361.2334,73.8989,74.7129,3,0,1.0,1,1.0,1,1.0,1,1.0,1.9694088109528984,2.564910307780464,3,0,1,1,1
cell_subsample,0.9,0,80,xenium_human_kidney_nondiseased,383.5075,61.4775,61.4775,1,1,1.0,1,1.0,1,1.0,1,1.0,1.9848625047418258,1.7336626329419038,1,1,1,1,1
cell_subsample,0.9,0,81,xenium_human_kidney_nondiseased,370.3465,70.616,73.565,2,0,1.0,0,1.0,1,1.0,1,1.0,1.931455727239132,2.2928018838360944,2,0,0,1,1
cell_subsample,0.9,0,82,xenium_human_kidney_nondiseased,365.9859,67.1344,68.1986,5,0,1.0,1,1.0,1,1.0,1,0.9859,1.9310751708447518,2.3477266109149926,5,0,1,1,1
cell_subsample,0.9,0,83,xenium_human_kidney_nondiseased,367.269,65.8154,70.5689,23,0,1.0,0,1.0,0,1.0,1,1.0,1.9541608180131789,2.464911835408518,23,0,0,0,1
cell_subsample,0.9,0,84,xenium_human_kidney_nondiseased,382.1941,42.4762,42.4762,1,1,1.0,1,1.0,1,1.0,1,1.0,2.3407098459200983,1.365883646032089,1,1,1,1,1
cell_subsample,0.9,0,85,xenium_human_kidney_nondiseased,377.8599,95.6316,95.6316,1,1,1.0,1,1.0,1,1.0,1,0.9333,1.4433899903106582,4.139119447151817,1,1,1,1,1
cell_subsample,0.9,0,86,xenium_human_kidney_nondiseased,360.5383,58.2252,59.719,5,0,1.0,1,1.0,1,1.0,1,1.0,2.135877969831478,3.087883156988701,5,0,1,1,1
cell_subsample,0.9,0,87,xenium_human_kidney_nondiseased,364.4619,73.5669,73.5669,1,1,1.0,1,1.0,1,1.0,1,1.0,1.815755384734004,1.3045698088847735,1,1,1,1,1
cell_subsample,0.9,0,88,xenium_human_kidney_nondiseased,365.8597,75.1401,75.7546,5,1,1.0,1,1.0,1,0.9455,1,0.9194,1.8764353670482377,3.169276354550905,5,1,1,1,1
cell_subsample,0.9,0,89,xenium_human_kidney_nondiseased,361.624,68.341,68.341,1,1,1.0,1,1.0,1,0.875,1,0.9206,1.9925596851336818,1.9741028657569812,1,1,1,1,1
cell_subsample,0.9,0,90,xenium_human_kidney_nondiseased,385.6156,83.912,83.912,1,1,1.0,1,1.0,1,1.0,1,0.9,1.6536026037514135,1.3509888979333993,1,1,1,1,1
cell_subsample,0.9,0,91,xenium_human_kidney_nondiseased,367.8039,58.743,59.6442,2,0,1.0,1,1.0,1,1.0,1,1.0,2.011597721131732,1.8408906844388249,2,0,1,1,1
cell_subsample,0.9,0,92,xenium_human_kidney_nondiseased,356.1439,65.9585,67.3494,4,0,1.0,1,1.0,1,1.0,1,0.9872,1.9071009038664222,1.436077377531742,4,0,1,1,1
cell_subsample,0.9,0,93,xenium_human_kidney_nondiseased,359.4485,62.1645,62.1645,1,1,1.0,1,1.0,1,1.0,1,1.0,2.0628103562428737,1.860244354801932,1,1,1,1,1
cell_subsample,0.9,0,94,xenium_human_kidney_nondiseased,367.7035,71.1774,75.1621,16,0,1.0,0,1.0,0,1.0,1,0.9759,1.7963141986475342,3.4486710699813776,16,0,0,0,1
cell_subsample,0.9,0,95,xenium_human_kidney_nondiseased,372.9375,58.5677,58.5677,1,1,1.0,1,1.0,1,1.0,1,1.0,1.97910622090138,2.104756724602595,1,1,1,1,1
cell_subsample,0.9,0,96,xenium_human_kidney_nondiseased,366.7086,74.2748,74.405,2,1,1.0,1,1.0,1,1.0,1,0.9231,1.9314590671765117,2.613234373390392,2,1,1,1,1
cell_subsample,0.9,0,97,xenium_human_kidney_nondiseased,365.8658,74.7465,74.7465,1,1,1.0,1,1.0,1,1.0,1,0.9565,1.862921391009292,1.7884447505019463,1,1,1,1,1
cell_subsample,0.9,0,98,xenium_human_kidney_nondiseased,368.6181,85.218,85.218,1,1,1.0,1,1.0,1,0.9231,1,0.8902,1.6724088088019324,2.962089743988039,1,1,1,1,1
cell_subsample,0.9,0,99,xenium_human_kidney_nondiseased,371.84,62.1326,62.1326,1,1,1.0,1,1.0,1,1.0,1,1.0,1.9454033057367233,1.7359278598290282,1,1,1,1,1
cell_subsample,0.9,1,0,xenium_human_kidney_nondiseased,402.8777,55.0871,56.3486,6,0,1.0,1,1.0,1,1.0,1,1.0,2.180953371773984,1.8668607611823265,6,0,1,1,1
cell_subsample,0.9,1,1,xenium_human_kidney_nondiseased,394.3597,70.8632,70.8632,1,1,1.0,1,1.0,1,1.0,1,0.9868,1.8208189262685208,1.8804843602178445,1,1,1,1,1
cell_subsample,0.9,1,2,xenium_human_kidney_nondiseased,397.7509,69.3708,69.3819,2,1,1.0,1,1.0,1,1.0,1,0.9355,1.8951523761240283,1.9010257619130957,2,1,1,1,1
cell_subsample,0.9,1,3,xenium_human_kidney_nondiseased,391.2263,67.621,67.621,1,1,1.0,1,1.0,1,1.0,1,0.9559,1.988024639572775,2.0018791611509994,1,1,1,1,1
cell_subsample,0.9,1,4,xenium_human_kidney_nondiseased,398.6296,54.4661,55.3263,2,0,1.0,1,1.0,1,1.0,1,1.0,2.0801784235510783,2.0425761311709234,2,0,1,1,1
cell_subsample,0.9,1,5,xenium_human_kidney_nondiseased,391.1215,65.486,65.486,1,1,1.0,1,1.0,1,1.0,1,0.9677,1.9896315423862159,2.0764895286791996,1,1,1,1,1
cell_subsample,0.9,1,6,xenium_human_kidney_nondiseased,382.1685,78.8659,78.8659,1,1,1.0,1,1.0,1,1.0,1,1.0,1.6627762329319977,3.7292446990457933,1,1,1,1,1
cell_subsample,0.9,1,7,xenium_human_kidney_nondiseased,393.1832,54.8858,58.2587,15,0,1.0,0,1.0,1,1.0,1,1.0,2.092390216945754,2.378260461808569,15,0,0,1,1
cell_subsample,0.9,1,8,xenium_human_kidney_nondiseased,402.2992,61.4796,61.4796,1,1,1.0,1,1.0,1,1.0,1,1.0,2.0861246908883575,2.2912799731369886,1,1,1,1,1
cell_subsample,0.9,1,9,xenium_human_kidney_nondiseased,398.4986,70.2012,70.5046,3,1,1.0,1,1.0,1,0.9737,1,0.9073,1.8992726800491395,1.8640082370316482,3,1,1,1,1
cell_subsample,0.9,1,10,xenium_human_kidney_nondiseased,393.7716,60.0133,60.0133,1,1,1.0,1,1.0,1,1.0,1,0.9559,2.023440942613213,1.7807691003812285,1,1,1,1,1
cell_subsample,0.9,1,11,xenium_human_kidney_nondiseased,377.4117,62.8194,62.8194,1,1,1.0,1,1.0,1,1.0,1,0.988,2.072275738776919,2.4187273095997366,1,1,1,1,1
cell_subsample,0.9,1,12,xenium_human_kidney_nondiseased,594.7351,58.7145,59.2684,2,1,1.0,1,1.0,1,1.0,1,1.0,2.150092743319445,1.176355618298323,2,1,1,1,1
cell_subsample,0.9,1,13,xenium_human_kidney_nondiseased,371.204,62.9089,62.9089,1,1,1.0,1,1.0,1,1.0,1,1.0,1.9724619066517457,2.2393081498627225,1,1,1,1,1
cell_subsample,0.9,1,14,xenium_human_kidney_nondiseased,368.5434,88.7807,88.7807,1,1,1.0,1,1.0,1,1.0,1,0.9672,1.6019073476889067,4.515717216135934,1,1,1,1,1
cell_subsample,0.9,1,15,xenium_human_kidney_nondiseased,377.6952,55.7185,55.7185,1,1,1.0,1,1.0,1,1.0,1,1.0,2.2186184350054785,2.1359598458391096,1,1,1,1,1
cell_subsample,0.9,1,16,xenium_human_kidney_nondiseased,377.2098,59.519,61.0106,8,0,1.0,1,1.0,1,1.0,1,1.0,2.1069998889121426,3.226530328413382,8,0,1,1,1
cell_subsample,0.9,1,17,xenium_human_kidney_nondiseased,385.8921,66.2106,66.4267,4,1,1.0,1,1.0,1,0.9375,1,0.9747,1.8266278632394228,1.6741075540015067,4,1,1,1,1
cell_subsample,0.9,1,18,xenium_human_kidney_nondiseased,375.2876,64.7085,64.978,2,1,1.0,1,1.0,1,1.0,1,1.0,1.9914048526679273,2.663664571249663,2,1,1,1,1
cell_subsample,0.9,1,19,xenium_human_kidney_nondiseased,369.5321,66.2135,68.7312,14,0,1.0,0,1.0,1,1.0,1,0.982,2.0065453782107827,2.9408756660396183,14,0,0,1,1
cell_subsample,0.9,1,20,xenium_human_kidney_nondiseased,367.2074,76.0854,76.0854,1,1,1.0,1,1.0,1,1.0,1,0.918,1.7701888155297785,3.2526055773310367,1,1,1,1,1
cell_subsample,0.9,1,21,xenium_human_kidney_nondiseased,358.1925,94.8702,95.8966,2,0,0.0,1,0.6667,1,0.6667,1,0.5833,1.3734154534360048,1.3279558449075413,1,1,1,1,1
cell_subsample,0.9,1,22,xenium_human_kidney_nondiseased,376.6803,68.9536,69.8193,8,0,1.0,1,1.0,1,1.0,1,0.9714,2.034104576798949,2.387634778939288,8,0,1,1,1
cell_subsample,0.9,1,23,xenium_human_kidney_nondiseased,383.405,60.3739,60.3739,1,1,1.0,1,1.0,1,1.0,1,1.0,2.1344791254701017,1.5276055269911641,1,1,1,1,1
cell_subsample,0.9,1,24,xenium_human_kidney_nondiseased,389.8018,66.6259,66.6259,1,1,1.0,1,1.0,1,1.0,1,1.0,2.013468282531264,4.1611350160801095,1,1,1,1,1
cell_subsample,0.9,1,25,xenium_human_kidney_nondiseased,387.5079,68.4286,68.4286,1,1,1.0,1,1.0,1,1.0,1,0.9767,1.916109893780878,1.8862618640801587,1,1,1,1,1
cell_subsample,0.9,1,26,xenium_human_kidney_nondiseased,375.7187,76.1431,76.1431,1,1,1.0,1,1.0,1,1.0,1,1.0,1.82247101647004,0.9759874581896488,1,1,1,1,1
cell_subsample,0.9,1,27,xenium_human_kidney_nondiseased,378.801,72.2015,72.2015,1,1,1.0,1,1.0,1,1.0,1,0.9808,1.7432932821456468,1.147095047157193,1,1,1,1,1
cell_subsample,0.9,1,28,xenium_human_kidney_nondiseased,390.7545,65.3109,66.3499,2,0,1.0,1,1.0,1,1.0,1,1.0,1.9122400851592438,1.507056944316638,2,0,1,1,1
cell_subsample,0.9,1,29,xenium_human_kidney_nondiseased,368.6279,63.628,64.9391,9,0,1.0,1,1.0,1,1.0,1,1.0,2.1030956985821883,1.8657011183353907,9,0,1,1,1
cell_subsample,0.9,1,30,xenium_human_kidney_nondiseased,378.3175,60.2231,61.7581,2,0,1.0,1,1.0,1,1.0,1,0.9773,2.115767028066928,2.164442171184144,2,0,1,1,1
cell_subsample,0.9,1,31,xenium_human_kidney_nondiseased,388.6785,77.7924,77.7924,1,1,1.0,1,1.0,1,1.0,1,0.9787,1.723893157642257,2.2889855603376055,1,1,1,1,1
cell_subsample,0.9,1,32,xenium_human_kidney_nondiseased,386.2562,55.0263,55.0263,1,1,1.0,1,1.0,1,1.0,1,1.0,2.206280313391089,1.752796600552586,1,1,1,1,1
cell_subsample,0.9,1,33,xenium_human_kidney_nondiseased,379.7317,71.4937,71.4937,1,1,1.0,1,1.0,1,0.9643,1,0.9448,1.8886884184928974,2.0556189502125144,1,1,1,1,1
cell_subsample,0.9,1,34,xenium_human_kidney_nondiseased,374.3461,90.5825,92.3711,2,0,1.0,0,1.0,1,1.0,1,0.7308,1.469866558020543,1.9905053524742717,2,0,0,1,1
cell_subsample,0.9,1,35,xenium_human_kidney_nondiseased,372.3928,66.3804,66.6075,3,1,1.0,1,0.9,1,0.9394,1,0.959,1.983231043565299,2.234564558713865,3,1,1,1,1
cell_subsample,0.9,1,36,xenium_human_kidney_nondiseased,387.2376,64.9728,65.0911,2,1,1.0,1,1.0,1,1.0,1,0.9528,1.9303576737088322,2.3504861005408095,2,1,1,1,1
cell_subsample,0.9,1,37,xenium_human_kidney_nondiseased,385.7106,54.4402,54.4402,1,1,1.0,1,1.0,1,1.0,1,1.0,2.1666472411753377,3.1737737228218528,1,1,1,1,1
cell_subsample,0.9,1,38,xenium_human_kidney_nondiseased,377.8316,77.3585,82.2528,26,0,1.0,0,1.0,0,1.0,1,0.96,1.7323650070392966,3.163401395779611,26,0,0,0,1
cell_subsample,0.9,1,39,xenium_human_kidney_nondiseased,374.3744,58.4638,58.4638,1,1,1.0,1,1.0,1,1.0,1,1.0,2.085012098807111,2.2416182624172203,1,1,1,1,1
cell_subsample,0.9,1,40,xenium_human_kidney_nondiseased,372.2435,54.4683,55.1015,3,1,1.0,1,1.0,1,1.0,1,1.0,2.0498944254617975,2.863305230539609,3,1,1,1,1
cell_subsample,0.9,1,41,xenium_human_kidney_nondiseased,391.9805,81.3084,81.3084,1,1,1.0,1,1.0,1,0.9655,1,0.9296,1.7562575437852763,2.672577832433408,1,1,1,1,1
cell_subsample,0.9,1,42,xenium_human_kidney_nondiseased,391.7224,68.3466,68.3466,1,1,1.0,1,1.0,1,1.0,1,1.0,1.9936239463563752,1.4286326560222742,1,1,1,1,1
cell_subsample,0.9,1,43,xenium_human_kidney_nondiseased,382.3142,81.6526,81.6526,1,1,1.0,1,1.0,1,0.8,1,0.9143,1.7769769435536442,2.5714881646926457,1,1,1,1,1
cell_subsample,0.9,1,44,xenium_human_kidney_nondiseased,379.4427,86.1595,87.3914,2,0,1.0,1,1.0,1,1.0,1,0.9385,1.549241152183433,3.0360354551578683,2,0,1,1,1
cell_subsample,0.9,1,45,xenium_human_kidney_nondiseased,378.9633,58.4664,60.2992,4,0,1.0,0,1.0,1,1.0,1,1.0,2.120576341426779,2.2704449761932515,4,0,0,1,1
cell_subsample,0.9,1,46,xenium_human_kidney_nondiseased,390.6134,71.5535,73.8763,8,0,1.0,0,1.0,1,1.0,1,0.9826,1.9013186863945575,2.0216905925277566,8,0,0,1,1
cell_subsample,0.9,1,47,xenium_human_kidney_nondiseased,394.9204,60.1915,60.1915,1,1,1.0,1,1.0,1,1.0,1,1.0,2.156612104617698,1.6804447911941598,1,1,1,1,1
cell_subsample,0.9,1,48,xenium_human_kidney_nondiseased,377.1757,76.8102,77.9979,6,0,1.0,1,1.0,1,1.0,1,0.9588,1.8325552697538516,1.8068564264259566,6,0,1,1,1
cell_subsample,0.9,1,49,xenium_human_kidney_nondiseased,372.7786,69.7665,69.7665,1,1,1.0,1,1.0,1,0.9091,1,0.9773,1.9953827180871397,2.28705660301565,1,1,1,1,1
cell_subsample,0.9,1,50,xenium_human_kidney_nondiseased,388.5242,68.1069,68.1069,1,1,1.0,1,1.0,1,1.0,1,1.0,1.8736270691126313,2.3494620422521595,1,1,1,1,1
cell_subsample,0.9,1,51,xenium_human_kidney_nondiseased,386.4798,64.6732,64.6732,1,1,1.0,1,1.0,1,1.0,1,1.0,1.9866859140842328,2.1754837726702565,1,1,1,1,1
cell_subsample,0.9,1,52,xenium_human_kidney_nondiseased,377.9019,57.4321,57.4778,2,1,1.0,1,1.0,1,1.0,1,1.0,2.067696881096267,2.0294989585951906,2,1,1,1,1
cell_subsample,0.9,1,53,xenium_human_kidney_nondiseased,377.359,58.9097,58.9097,1,1,1.0,1,1.0,1,1.0,1,1.0,2.0760321859945488,2.293286976108806,1,1,1,1,1
cell_subsample,0.9,1,54,xenium_human_kidney_nondiseased,378.446,66.8666,66.8666,1,1,1.0,1,1.0,1,1.0,1,0.9783,1.9443665498806861,3.481235743290673,1,1,1,1,1
cell_subsample,0.9,1,55,xenium_human_kidney_nondiseased,395.9022,61.9982,61.9982,1,1,1.0,1,1.0,1,1.0,1,0.9643,1.9116634547939853,2.2553689769713534,1,1,1,1,1
cell_subsample,0.9,1,56,xenium_human_kidney_nondiseased,393.6387,61.0214,61.0214,1,1,1.0,1,1.0,1,1.0,1,1.0,2.016926100053768,1.9597802761929906,1,1,1,1,1
cell_subsample,0.9,1,57,xenium_human_kidney_nondiseased,380.6713,72.12,72.5861,4,1,1.0,1,1.0,1,1.0,1,0.9423,1.8913707811425988,1.9009352086958087,4,1,1,1,1
cell_subsample,0.9,1,58,xenium_human_kidney_nondiseased,382.2563,67.9544,68.3745,3,1,1.0,1,1.0,1,1.0,1,0.9855,1.894875161321514,1.514097674345744,3,1,1,1,1
cell_subsample,0.9,1,59,xenium_human_kidney_nondiseased,374.7112,64.3246,64.3246,1,1,1.0,1,1.0,1,1.0,1,0.9828,2.048495581100421,1.360358557171473,1,1,1,1,1
cell_subsample,0.9,1,60,xenium_human_kidney_nondiseased,392.3966,82.111,82.111,1,1,1.0,1,1.0,1,0.9688,1,0.9262,1.674504914208046,3.265050423478579,1,1,1,1,1
cell_subsample,0.9,1,61,xenium_human_kidney_nondiseased,392.6492,62.7991,62.7991,1,1,1.0,1,1.0,1,1.0,1,0.9868,1.9157592003560104,1.896584172820763,1,1,1,1,1
cell_subsample,0.9,1,62,xenium_human_kidney_nondiseased,382.349,77.9745,77.9745,1,1,1.0,1,1.0,1,1.0,1,0.9615,1.7368346291209424,1.3330988258958045,1,1,1,1,1
cell_subsample,0.9,1,63,xenium_human_kidney_nondiseased,373.4262,78.1028,78.1028,1,1,1.0,1,1.0,1,1.0,1,0.9583,1.7516596288148694,1.0181260961542835,1,1,1,1,1
cell_subsample,0.9,1,64,xenium_human_kidney_nondiseased,366.3349,100.8298,101.8712,3,0,1.0,1,1.0,1,1.0,1,0.8571,1.5210952051844164,2.363171376073201,3,0,1,1,1
cell_subsample,0.9,1,65,xenium_human_kidney_nondiseased,394.9445,65.2969,65.2969,1,1,1.0,1,1.0,1,1.0,1,1.0,2.017200367852712,2.110140802200421,1,1,1,1,1
cell_subsample,0.9,1,66,xenium_human_kidney_nondiseased,388.1424,57.6253,58.6218,2,0,1.0,1,1.0,1,1.0,1,1.0,2.1954944767906373,3.3389487428510614,2,0,1,1,1
cell_subsample,0.9,1,67,xenium_human_kidney_nondiseased,377.9305,83.9108,84.266,3,1,0.8,1,0.9,1,0.8889,1,0.865,1.6966877959494329,1.6995017110972166,3,1,1,1,1
cell_subsample,0.9,1,68,xenium_human_kidney_nondiseased,359.1742,56.79,56.79,1,1,1.0,1,1.0,1,1.0,1,1.0,1.9443824636999658,1.332080069602976,1,1,1,1,1
cell_subsample,0.9,1,69,xenium_human_kidney_nondiseased,364.0676,81.0997,81.8053,4,0,1.0,1,1.0,1,1.0,1,0.9174,1.6905654942655537,2.774317843891724,4,0,1,1,1
cell_subsample,0.9,1,70,xenium_human_kidney_nondiseased,397.1157,70.5892,70.5892,1,1,1.0,1,1.0,1,1.0,1,0.982,1.899229457330108,2.4832634653272696,1,1,1,1,1
cell_subsample,0.9,1,71,xenium_human_kidney_nondiseased,379.0358,65.7592,65.7857,2,1,1.0,1,1.0,1,1.0,1,0.9867,2.0132083568163623,2.2567157614442683,2,1,1,1,1
cell_subsample,0.9,1,72,xenium_human_kidney_nondiseased,374.0148,54.5407,54.5407,1,1,1.0,1,1.0,1,1.0,1,1.0,2.1356021302972965,3.592238240639507,1,1,1,1,1
cell_subsample,0.9,1,73,xenium_human_kidney_nondiseased,378.424,71.5473,72.4762,3,0,1.0,1,1.0,1,1.0,1,1.0,1.8053725017550668,2.2645215573646094,3,0,1,1,1
cell_subsample,0.9,1,74,xenium_human_kidney_nondiseased,379.9481,69.5529,69.5529,1,1,1.0,1,1.0,1,1.0,1,1.0,1.8087456420416503,1.9260407507377584,1,1,1,1,1
cell_subsample,0.9,1,75,xenium_human_kidney_nondiseased,386.4609,77.9849,77.9849,1,1,1.0,1,1.0,1,0.9474,1,0.9344,1.8326666664888096,2.088798097256537,1,1,1,1,1
cell_subsample,0.9,1,76,xenium_human_kidney_nondiseased,375.5062,65.9228,65.9228,1,1,1.0,1,1.0,1,0.8333,1,0.9722,2.08842571127606,2.5940668640894895,1,1,1,1,1
cell_subsample,0.9,1,77,xenium_human_kidney_nondiseased,357.8157,77.0108,79.0831,9,0,1.0,0,1.0,1,1.0,1,0.9597,1.647383640350428,3.8279850106514357,9,0,0,1,1
cell_subsample,0.9,1,78,xenium_human_kidney_nondiseased,364.7717,55.8948,55.8948,1,1,1.0,1,1.0,1,1.0,1,1.0,2.099878945951736,2.0276973950360673,1,1,1,1,1
cell_subsample,0.9,1,79,xenium_human_kidney_nondiseased,380.7251,73.8989,75.0113,4,0,1.0,1,1.0,1,1.0,1,0.9636,1.9974585874020703,2.465326395213997,4,0,1,1,1
cell_subsample,0.9,1,80,xenium_human_kidney_nondiseased,382.9868,61.4775,61.4775,1,1,1.0,1,1.0,1,1.0,1,1.0,2.010767451992522,2.9506048095111748,1,1,1,1,1
cell_subsample,0.9,1,81,xenium_human_kidney_nondiseased,359.7152,70.616,70.616,1,1,1.0,1,1.0,1,1.0,1,0.9762,1.9718322302222215,1.4159201588407515,1,1,1,1,1
cell_subsample,0.9,1,82,xenium_human_kidney_nondiseased,356.0722,67.1344,67.1344,1,1,1.0,1,1.0,1,1.0,1,0.9859,1.9909140783400174,2.670710864160907,1,1,1,1,1
cell_subsample,0.9,1,83,xenium_human_kidney_nondiseased,363.8918,65.8154,67.2487,2,0,1.0,1,1.0,1,1.0,1,1.0,1.9460086202700662,2.7582682870030655,2,0,1,1,1
cell_subsample,0.9,1,84,xenium_human_kidney_nondiseased,384.5036,42.4762,42.4762,1,1,1.0,1,1.0,1,1.0,1,1.0,2.3220160199390607,2.0919351403733755,1,1,1,1,1
cell_subsample,0.9,1,85,xenium_human_kidney_nondiseased,369.978,95.6316,95.6316,1,1,1.0,1,1.0,1,1.0,1,0.9333,1.5212288026796041,3.0307084171278547,1,1,1,1,1
cell_subsample,0.9,1,86,xenium_human_kidney_nondiseased,367.3889,58.2252,59.3026,3,0,1.0,1,1.0,1,1.0,1,1.0,2.0514616419604916,1.1602006456555498,3,0,1,1,1
cell_subsample,0.9,1,87,xenium_human_kidney_nondiseased,359.0169,73.5669,73.5669,1,1,1.0,1,1.0,1,1.0,1,1.0,1.8442197063520671,2.1998234996093586,1,1,1,1,1
cell_subsample,0.9,1,88,xenium_human_kidney_nondiseased,357.3438,75.1401,76.2727,15,0,1.0,1,1.0,1,0.9455,1,0.9242,1.8502699046819258,2.428871221278387,15,0,1,1,1
cell_subsample,0.9,1,89,xenium_human_kidney_nondiseased,380.9068,68.341,72.7357,15,0,1.0,0,1.0,0,1.0,1,0.9365,2.094562355043981,2.7938823550285816,15,0,0,0,1
cell_subsample,0.9,1,90,xenium_human_kidney_nondiseased,376.631,83.912,83.912,1,1,1.0,1,1.0,1,1.0,1,0.9333,1.736071158729326,2.8642078736746996,1,1,1,1,1
cell_subsample,0.9,1,91,xenium_human_kidney_nondiseased,358.5965,58.743,61.3357,4,0,1.0,0,1.0,1,1.0,1,1.0,2.0687970957625184,2.823673577724643,4,0,0,1,1
cell_subsample,0.9,1,92,xenium_human_kidney_nondiseased,360.3374,65.9585,65.9585,1,1,1.0,1,1.0,1,1.0,1,1.0,1.9562606562904814,1.7506202366900963,1,1,1,1,1
cell_subsample,0.9,1,93,xenium_human_kidney_nondiseased,365.4431,62.1645,62.1645,1,1,1.0,1,1.0,1,1.0,1,1.0,2.0158429780082248,1.071372986454967,1,1,1,1,1
cell_subsample,0.9,1,94,xenium_human_kidney_nondiseased,349.4668,71.1774,71.1774,1,1,1.0,1,1.0,1,1.0,1,0.9639,1.8223401695115178,3.470720486594849,1,1,1,1,1
cell_subsample,0.9,1,95,xenium_human_kidney_nondiseased,339.9669,58.5677,58.5677,1,1,1.0,1,1.0,1,1.0,1,1.0,2.056214765785602,2.100512589157639,1,1,1,1,1
cell_subsample,0.9,1,96,xenium_human_kidney_nondiseased,342.5992,74.2748,74.405,2,1,1.0,1,1.0,1,1.0,1,0.967,1.8588704399015357,2.1496799816590095,2,1,1,1,1
cell_subsample,0.9,1,97,xenium_human_kidney_nondiseased,348.0305,74.7465,74.7465,1,1,1.0,1,1.0,1,1.0,1,0.9565,1.8406286842681847,1.6236296392276832,1,1,1,1,1
cell_subsample,0.9,1,98,xenium_human_kidney_nondiseased,358.602,85.218,86.3149,2,0,1.0,1,1.0,1,0.9231,1,0.8659,1.6622367348117253,3.4444109134659633,2,0,1,1,1
cell_subsample,0.9,1,99,xenium_human_kidney_nondiseased,362.1514,62.1326,62.1326,1,1,1.0,1,1.0,1,1.0,1,1.0,1.9652529465180388,2.3362718162901333,1,1,1,1,1
cell_subsample,0.9,2,0,xenium_human_kidney_nondiseased,374.6466,55.0871,55.1679,2,1,1.0,1,1.0,1,1.0,1,1.0,2.2030146405013697,1.4322203334439514,2,1,1,1,1
cell_subsample,0.9,2,1,xenium_human_kidney_nondiseased,360.5913,70.8632,70.8632,1,1,1.0,1,1.0,1,1.0,1,0.9868,1.897283649106081,2.957659447748624,1,1,1,1,1
cell_subsample,0.9,2,2,xenium_human_kidney_nondiseased,352.6257,69.3708,69.3819,2,1,1.0,1,1.0,1,1.0,1,0.9161,1.9529240588481696,2.4840548757813976,2,1,1,1,1
cell_subsample,0.9,2,3,xenium_human_kidney_nondiseased,359.9881,67.621,69.9183,2,0,1.0,0,1.0,1,1.0,1,0.9853,2.046835828689619,3.1825326155795346,2,0,0,1,1
cell_subsample,0.9,2,4,xenium_human_kidney_nondiseased,364.8127,54.4661,58.6482,17,0,1.0,0,1.0,0,1.0,1,1.0,2.1009895733639357,3.016743008520976,17,0,0,0,1
cell_subsample,0.9,2,5,xenium_human_kidney_nondiseased,356.263,65.486,65.486,1,1,1.0,1,1.0,1,1.0,1,0.9677,1.952668455405171,1.465465235060681,1,1,1,1,1
cell_subsample,0.9,2,6,xenium_human_kidney_nondiseased,361.5905,78.8659,78.8659,1,1,1.0,1,1.0,1,1.0,1,0.9259,1.706681870923993,3.990349908781542,1,1,1,1,1
cell_subsample,0.9,2,7,xenium_human_kidney_nondiseased,368.9093,54.8858,57.0012,7,0,1.0,0,1.0,1,1.0,1,1.0,2.1259176871645242,2.0719048726263636,7,0,0,1,1
cell_subsample,0.9,2,8,xenium_human_kidney_nondiseased,367.2659,61.4796,61.4796,1,1,1.0,1,1.0,1,1.0,1,1.0,2.129400848917733,2.4517346428840883,1,1,1,1,1
cell_subsample,0.9,2,9,xenium_human_kidney_nondiseased,349.7402,70.2012,70.5046,3,1,1.0,1,0.9091,1,0.9474,1,0.9073,1.8317959251672338,2.4539495296459815,3,1,1,1,1
cell_subsample,0.9,2,10,xenium_human_kidney_nondiseased,352.8454,60.0133,60.0133,1,1,1.0,1,1.0,1,1.0,1,0.9853,2.0109621506950677,2.177921721159041,1,1,1,1,1
cell_subsample,0.9,2,11,xenium_human_kidney_nondiseased,356.123,62.8194,64.6574,11,0,1.0,0,1.0,1,1.0,1,1.0,2.065639479670377,0.9984988177423447,11,0,0,1,1
cell_subsample,0.9,2,12,xenium_human_kidney_nondiseased,368.2098,58.7145,59.6474,3,0,1.0,1,1.0,1,1.0,1,1.0,2.130822679906958,1.4469199002871609,3,0,1,1,1
cell_subsample,0.9,2,13,xenium_human_kidney_nondiseased,392.086,62.9089,66.0901,5,0,1.0,0,1.0,1,1.0,1,1.0,1.9880741492327563,2.2213083976181687,5,0,0,1,1
cell_subsample,0.9,2,14,xenium_human_kidney_nondiseased,393.616,88.7807,88.7807,1,1,1.0,1,1.0,1,1.0,1,0.9508,1.5436428277343563,2.7850670104031154,1,1,1,1,1
cell_subsample,0.9,2,15,xenium_human_kidney_nondiseased,382.5899,55.7185,55.7185,1,1,1.0,1,1.0,1,1.0,1,1.0,2.169608586829696,1.993397758181059,1,1,1,1,1
cell_subsample,0.9,2,16,xenium_human_kidney_nondiseased,393.4985,59.519,59.519,1,1,1.0,1,1.0,1,1.0,1,1.0,2.069249166110205,2.0633935418744733,1,1,1,1,1
cell_subsample,0.9,2,17,xenium_human_kidney_nondiseased,395.4338,66.2106,66.4267,4,1,1.0,1,1.0,1,0.9375,1,0.962,1.8238627880228477,2.8342161182518733,4,1,1,1,1
cell_subsample,0.9,2,18,xenium_human_kidney_nondiseased,394.1819,64.7085,68.9578,34,0,1.0,0,1.0,0,1.0,1,1.0,1.980849078812865,2.9057543781716952,34,0,0,0,1
cell_subsample,0.9,2,19,xenium_human_kidney_nondiseased,382.4575,66.2135,66.2135,1,1,1.0,1,1.0,1,1.0,1,1.0,1.983075048842977,1.244254520032453,1,1,1,1,1
cell_subsample,0.9,2,20,xenium_human_kidney_nondiseased,384.1146,76.0854,76.0854,1,1,1.0,1,1.0,1,1.0,1,0.9508,1.7416457106829357,2.7037410106866715,1,1,1,1,1
cell_subsample,0.9,2,21,xenium_human_kidney_nondiseased,407.0133,94.8702,95.8966,2,0,0.0,1,0.6667,1,0.6667,1,0.75,1.5564807611542713,5.165270030180807,5,0,0,1,1
cell_subsample,0.9,2,22,xenium_human_kidney_nondiseased,401.4015,68.9536,69.0167,3,1,1.0,1,1.0,1,1.0,1,0.9714,1.990625468457031,2.4005435231380288,3,1,1,1,1
cell_subsample,0.9,2,23,xenium_human_kidney_nondiseased,385.4884,60.3739,60.5168,2,1,1.0,1,1.0,1,1.0,1,1.0,2.1856776149641055,1.5610974877520074,2,1,1,1,1
cell_subsample,0.9,2,24,xenium_human_kidney_nondiseased,445.5247,66.6259,66.6259,1,1,1.0,1,1.0,1,1.0,1,1.0,2.02181675071216,2.5430552991874182,1,1,1,1,1
cell_subsample,0.9,2,25,xenium_human_kidney_nondiseased,449.9657,68.4286,68.4286,1,1,1.0,1,1.0,1,1.0,1,0.9767,2.0380309678891337,3.726843246778754,1,1,1,1,1
cell_subsample,0.9,2,26,xenium_human_kidney_nondiseased,445.2269,76.1431,76.1431,1,1,1.0,1,1.0,1,1.0,1,1.0,1.8281601086290826,2.4298939171333886,1,1,1,1,1
cell_subsample,0.9,2,27,xenium_human_kidney_nondiseased,499.9377,72.2015,72.4886,2,1,1.0,1,1.0,1,1.0,1,0.9808,1.7338554049782577,1.7879663268695967,2,1,1,1,1
cell_subsample,0.9,2,28,xenium_human_kidney_nondiseased,506.6777,65.3109,66.3499,2,0,1.0,1,1.0,1,1.0,1,1.0,1.9045918250266551,2.2311110054101926,2,0,1,1,1
cell_subsample,0.9,2,29,xenium_human_kidney_nondiseased,453.6047,63.628,64.9391,9,0,1.0,1,1.0,1,1.0,1,1.0,2.050133918618612,1.5932122079328574,9,0,1,1,1
cell_subsample,0.9,2,30,xenium_human_kidney_nondiseased,506.9257,60.2231,60.2231,1,1,1.0,1,1.0,1,1.0,1,0.9773,2.0043105671699597,2.1625255703034743,1,1,1,1,1
cell_subsample,0.9,2,31,xenium_human_kidney_nondiseased,512.7373,77.7924,77.7924,1,1,1.0,1,1.0,1,1.0,1,0.9681,1.743232966805908,1.8657532381890245,1,1,1,1,1
cell_subsample,0.9,2,32,xenium_human_kidney_nondiseased,512.3048,55.0263,55.0263,1,1,1.0,1,1.0,1,1.0,1,1.0,2.270769788987218,2.031428823456714,1,1,1,1,1
cell_subsample,0.9,2,33,xenium_human_kidney_nondiseased,544.8135,71.4937,73.3193,6,0,1.0,0,1.0,1,0.9286,1,0.931,1.9100023271148505,1.6193391227959757,6,0,0,1,1
cell_subsample,0.9,2,34,xenium_human_kidney_nondiseased,473.7087,90.5825,90.5825,1,1,1.0,1,1.0,1,1.0,1,0.7692,1.462521839255697,2.7465250106692296,1,1,1,1,1
cell_subsample,0.9,2,35,xenium_human_kidney_nondiseased,521.2858,66.3804,66.3804,1,1,1.0,1,1.0,1,0.9697,1,0.9754,2.071804807606383,2.262548001381794,1,1,1,1,1
cell_subsample,0.9,2,36,xenium_human_kidney_nondiseased,527.7329,64.9728,66.5876,8,0,1.0,1,1.0,1,1.0,1,0.9811,1.9477349749615573,3.0995033956740325,8,0,1,1,1
cell_subsample,0.9,2,37,xenium_human_kidney_nondiseased,535.7886,54.4402,54.4402,1,1,1.0,1,1.0,1,1.0,1,1.0,2.1143041354946233,2.2516618905758525,1,1,1,1,1
cell_subsample,0.9,2,38,xenium_human_kidney_nondiseased,501.3785,77.3585,77.3585,1,1,1.0,1,1.0,1,1.0,1,0.9467,1.7380562603342908,1.4752270945717698,1,1,1,1,1
cell_subsample,0.9,2,39,xenium_human_kidney_nondiseased,529.6983,58.4638,58.4638,1,1,1.0,1,1.0,1,1.0,1,1.0,2.115680189695056,2.6827053343756586,1,1,1,1,1
cell_subsample,0.9,2,40,xenium_human_kidney_nondiseased,550.7626,54.4683,54.4683,1,1,1.0,1,1.0,1,1.0,1,1.0,2.056087062297555,1.0692540807272914,1,1,1,1,1
cell_subsample,0.9,2,41,xenium_human_kidney_nondiseased,532.522,81.3084,81.3084,1,1,1.0,1,1.0,1,1.0,1,0.9437,1.6904869075036786,1.3958314663259948,1,1,1,1,1
cell_subsample,0.9,2,42,xenium_human_kidney_nondiseased,483.7222,68.3466,68.3466,1,1,1.0,1,1.0,1,1.0,1,1.0,2.0183660059982245,2.160621299212978,1,1,1,1,1
cell_subsample,0.9,2,43,xenium_human_kidney_nondiseased,514.2869,81.6526,81.6526,1,1,1.0,1,1.0,1,0.8,1,0.8857,1.8244657449533344,3.384602917804296,1,1,1,1,1
cell_subsample,0.9,2,44,xenium_human_kidney_nondiseased,442.4449,86.1595,86.1595,1,1,1.0,1,1.0,1,1.0,1,0.9231,1.5249800435242593,2.197063982709813,1,1,1,1,1
cell_subsample,0.9,2,45,xenium_human_kidney_nondiseased,437.449,58.4664,60.6441,7,0,1.0,0,1.0,1,1.0,1,1.0,2.104739340706806,2.5600011447624738,7,0,0,1,1
cell_subsample,0.9,2,46,xenium_human_kidney_nondiseased,542.469,71.5535,72.3875,3,0,1.0,1,1.0,1,1.0,1,0.9478,1.9476870370368136,3.0038335564851133,3,0,1,1,1
cell_subsample,0.9,2,47,xenium_human_kidney_nondiseased,494.3944,60.1915,60.1915,1,1,1.0,1,1.0,1,1.0,1,1.0,2.1318887093317938,1.628655093754246,1,1,1,1,1
cell_subsample,0.9,2,48,xenium_human_kidney_nondiseased,513.0343,76.8102,77.6272,5,0,1.0,1,1.0,1,1.0,1,0.9691,1.769069347106868,1.6197537500268715,5,0,1,1,1
cell_subsample,0.9,2,49,xenium_human_kidney_nondiseased,486.1124,69.7665,69.7665,1,1,1.0,1,1.0,1,0.9091,1,0.9545,1.9728106354075665,2.166453095165775,1,1,1,1,1
cell_subsample,0.9,2,50,xenium_human_kidney_nondiseased,483.6004,68.1069,70.9088,15,0,1.0,0,1.0,1,1.0,1,1.0,1.9708443946254517,2.5331492338599024,15,0,0,1,1
cell_subsample,0.9,2,51,xenium_human_kidney_nondiseased,500.5125,64.6732,64.6732,1,1,1.0,1,1.0,1,1.0,1,1.0,2.02696339774736,1.81874998967364,1,1,1,1,1
cell_subsample,0.9,2,52,xenium_human_kidney_nondiseased,432.0256,57.4321,57.4321,1,1,1.0,1,1.0,1,1.0,1,1.0,2.0526029182098227,2.252457474741396,1,1,1,1,1
cell_subsample,0.9,2,53,xenium_human_kidney_nondiseased,495.799,58.9097,62.0521,6,0,1.0,0,1.0,1,1.0,1,1.0,2.037518385734803,3.238365710901574,6,0,0,1,1
cell_subsample,0.9,2,54,xenium_human_kidney_nondiseased,464.3319,66.8666,66.8666,1,1,1.0,1,1.0,1,1.0,1,0.9565,1.8872096121013129,2.1726863341363116,1,1,1,1,1
cell_subsample,0.9,2,55,xenium_human_kidney_nondiseased,520.2651,61.9982,61.9982,1,1,1.0,1,1.0,1,1.0,1,0.9643,2.043223195246221,2.8372509888637123,1,1,1,1,1
cell_subsample,0.9,2,56,xenium_human_kidney_nondiseased,501.9279,61.0214,61.0214,1,1,1.0,1,1.0,1,1.0,1,1.0,1.9964108293993708,2.607055468424534,1,1,1,1,1
cell_subsample,0.9,2,57,xenium_human_kidney_nondiseased,483.2962,72.12,72.4979,3,1,1.0,1,1.0,1,1.0,1,0.9679,1.8685318964064597,2.5274452775932135,3,1,1,1,1
cell_subsample,0.9,2,58,xenium_human_kidney_nondiseased,493.1021,67.9544,68.3724,2,1,1.0,1,1.0,1,1.0,1,0.9855,1.956316256424508,3.0084683684728306,2,1,1,1,1
cell_subsample,0.9,2,59,xenium_human_kidney_nondiseased,516.4538,64.3246,64.3246,1,1,1.0,1,1.0,1,1.0,1,1.0,2.027330594392221,2.5553822414021172,1,1,1,1,1
cell_subsample,0.9,2,60,xenium_human_kidney_nondiseased,478.8568,82.111,82.111,1,1,1.0,1,1.0,1,0.9688,1,0.9262,1.71119471572467,3.5450948775903366,97,0,0,0,1
cell_subsample,0.9,2,61,xenium_human_kidney_nondiseased,469.3331,62.7991,64.8956,7,0,1.0,0,1.0,1,1.0,1,0.9868,1.9267931746570828,3.636298682772875,7,0,0,1,1
cell_subsample,0.9,2,62,xenium_human_kidney_nondiseased,477.4448,77.9745,78.857,2,0,1.0,1,1.0,1,1.0,1,0.9615,1.7409895112212785,3.9697497428095976,2,0,1,1,1
cell_subsample,0.9,2,63,xenium_human_kidney_nondiseased,466.9642,78.1028,80.2761,4,0,1.0,0,1.0,1,1.0,1,0.9722,1.8305646670755558,2.5069211594966996,4,0,0,1,1
cell_subsample,0.9,2,64,xenium_human_kidney_nondiseased,500.2573,100.8298,100.8298,1,1,1.0,1,1.0,1,1.0,1,0.8673,1.5322402815200897,2.3734389312172577,1,1,1,1,1
cell_subsample,0.9,2,65,xenium_human_kidney_nondiseased,481.1619,65.2969,67.8782,7,0,1.0,0,1.0,1,1.0,1,1.0,2.0142610264916794,2.807812966636439,7,0,0,1,1
cell_subsample,0.9,2,66,xenium_human_kidney_nondiseased,492.9885,57.6253,57.6253,1,1,1.0,1,1.0,1,1.0,1,1.0,2.107934874911552,2.2220452070834193,1,1,1,1,1
cell_subsample,0.9,2,67,xenium_human_kidney_nondiseased,441.9224,83.9108,84.4938,4,1,1.0,1,1.0,1,0.9259,1,0.8773,1.713179817329635,1.2858794614628195,4,1,1,1,1
cell_subsample,0.9,2,68,xenium_human_kidney_nondiseased,481.0104,56.79,56.79,1,1,1.0,1,1.0,1,1.0,1,1.0,1.9662075792079166,3.069110167196129,1,1,1,1,1
cell_subsample,0.9,2,69,xenium_human_kidney_nondiseased,459.4329,81.0997,81.0997,1,1,1.0,1,1.0,1,0.9375,1,0.8624,1.7434553673420143,4.23833748116089,1,1,1,1,1
cell_subsample,0.9,2,70,xenium_human_kidney_nondiseased,457.0758,70.5892,70.5892,1,1,1.0,1,1.0,1,1.0,1,0.982,1.8768326231295163,1.1891646588245417,1,1,1,1,1
cell_subsample,0.9,2,71,xenium_human_kidney_nondiseased,507.3612,65.7592,69.0081,12,0,1.0,0,1.0,1,1.0,1,0.96,2.0279129222977157,3.010221482542308,12,0,0,1,1
cell_subsample,0.9,2,72,xenium_human_kidney_nondiseased,470.346,54.5407,56.8254,4,0,1.0,0,1.0,1,1.0,1,1.0,2.079027127489608,1.637317507446635,4,0,0,1,1
cell_subsample,0.9,2,73,xenium_human_kidney_nondiseased,488.3544,71.5473,71.5473,1,1,1.0,1,1.0,1,1.0,1,0.9848,1.8249044555515022,3.968968216459731,1,1,1,1,1
cell_subsample,0.9,2,74,xenium_human_kidney_nondiseased,479.047,69.5529,70.7151,2,0,1.0,1,1.0,1,1.0,1,1.0,1.8595122972791507,2.0356798267794174,2,0,1,1,1
cell_subsample,0.9,2,75,xenium_human_kidney_nondiseased,492.5137,77.9849,78.3873,3,1,1.0,1,1.0,1,0.9474,1,0.9016,1.877004531671118,2.824050509521571,3,1,1,1,1
cell_subsample,0.9,2,76,xenium_human_kidney_nondiseased,480.0282,65.9228,65.9228,1,1,1.0,1,1.0,1,1.0,1,1.0,2.02222874181129,1.5052114228898275,1,1,1,1,1
cell_subsample,0.9,2,77,xenium_human_kidney_nondiseased,418.5747,77.0108,78.1427,3,0,1.0,1,1.0,1,1.0,1,0.9597,1.7064783312107366,3.124891987907158,3,0,1,1,1
cell_subsample,0.9,2,78,xenium_human_kidney_nondiseased,473.9903,55.8948,55.8948,1,1,1.0,1,1.0,1,1.0,1,1.0,2.0453631127720797,0.8901894949518419,1,1,1,1,1
cell_subsample,0.9,2,79,xenium_human_kidney_nondiseased,442.0345,73.8989,73.8989,1,1,1.0,1,1.0,1,1.0,1,0.9909,1.9857515174855378,2.11081099121328,1,1,1,1,1
cell_subsample,0.9,2,80,xenium_human_kidney_nondiseased,480.5939,61.4775,61.4775,1,1,1.0,1,1.0,1,1.0,1,1.0,1.9431559208140003,1.0675914856231918,1,1,1,1,1
cell_subsample,0.9,2,81,xenium_human_kidney_nondiseased,504.1755,70.616,74.2552,3,0,1.0,0,1.0,0,1.0,1,1.0,1.9163625502203063,1.8133540282488858,3,0,0,0,1
cell_subsample,0.9,2,82,xenium_human_kidney_nondiseased,462.9376,67.1344,67.1344,1,1,1.0,1,1.0,1,1.0,1,1.0,1.9881112814777422,0.8045381066849812,1,1,1,1,1
cell_subsample,0.9,2,83,xenium_human_kidney_nondiseased,522.4637,65.8154,67.2487,2,0,1.0,1,1.0,1,1.0,1,1.0,1.9714390999459415,2.5830148835151054,2,0,1,1,1
cell_subsample,0.9,2,84,xenium_human_kidney_nondiseased,510.5832,42.4762,42.4762,1,1,1.0,1,1.0,1,1.0,1,1.0,2.3475775430403627,1.3539672999455394,1,1,1,1,1
cell_subsample,0.9,2,85,xenium_human_kidney_nondiseased,474.3385,95.6316,95.6316,1,1,1.0,1,1.0,1,1.0,1,0.9333,1.4698272646396056,3.582306491306539,1,1,1,1,1
cell_subsample,0.9,2,86,xenium_human_kidney_nondiseased,463.758,58.2252,58.2252,1,1,1.0,1,1.0,1,1.0,1,1.0,2.0766261054474198,1.88934649804597,1,1,1,1,1
cell_subsample,0.9,2,87,xenium_human_kidney_nondiseased,444.6191,73.5669,74.7279,2,0,1.0,1,1.0,1,1.0,1,1.0,1.8402023510850123,2.2897514954570473,2,0,1,1,1
cell_subsample,0.9,2,88,xenium_human_kidney_nondiseased,464.4316,75.1401,75.7546,5,1,1.0,1,1.0,1,0.9818,1,0.9289,1.8342307395170288,4.4241392511075235,5,1,1,1,1
cell_subsample,0.9,2,89,xenium_human_kidney_nondiseased,460.6159,68.341,69.3027,2,0,1.0,1,1.0,1,0.875,1,0.9524,2.0316363630753576,2.7982224588807765,2,0,1,1,1
cell_subsample,0.9,2,90,xenium_human_kidney_nondiseased,434.4487,83.912,83.912,1,1,1.0,1,1.0,1,1.0,1,0.9167,1.674674661613696,2.328784887104286,1,1,1,1,1
cell_subsample,0.9,2,91,xenium_human_kidney_nondiseased,476.622,58.743,58.743,1,1,1.0,1,1.0,1,1.0,1,1.0,2.0898479351990944,1.6347810188027805,1,1,1,1,1
cell_subsample,0.9,2,92,xenium_human_kidney_nondiseased,473.1302,65.9585,67.668,6,0,1.0,0,1.0,1,1.0,1,1.0,1.9123691639156235,1.8595683078207725,6,0,0,1,1
cell_subsample,0.9,2,93,xenium_human_kidney_nondiseased,436.2131,62.1645,62.1645,1,1,1.0,1,1.0,1,1.0,1,1.0,2.090771722584936,2.29972186459581,1,1,1,1,1
cell_subsample,0.9,2,94,xenium_human_kidney_nondiseased,435.409,71.1774,73.0507,2,0,1.0,0,1.0,1,1.0,1,0.988,1.7202424096193496,1.1483307515092382,2,0,0,1,1
cell_subsample,0.9,2,95,xenium_human_kidney_nondiseased,509.6637,58.5677,58.5677,1,1,1.0,1,1.0,1,1.0,1,1.0,2.006333783354434,2.2171338190053267,1,1,1,1,1
cell_subsample,0.9,2,96,xenium_human_kidney_nondiseased,418.6299,74.2748,74.405,2,1,1.0,1,1.0,1,1.0,1,0.9121,1.8992597132334301,2.0854346950144174,2,1,1,1,1
cell_subsample,0.9,2,97,xenium_human_kidney_nondiseased,455.5697,74.7465,74.7465,1,1,1.0,1,1.0,1,1.0,1,0.9565,1.8266459381946543,2.090339014535724,1,1,1,1,1
cell_subsample,0.9,2,98,xenium_human_kidney_nondiseased,472.3577,85.218,91.1092,59,0,1.0,0,1.0,0,0.9231,1,0.878,1.6730795468145363,3.645337042924398,59,0,0,0,1
cell_subsample,0.9,2,99,xenium_human_kidney_nondiseased,482.9223,62.1326,62.1326,1,1,1.0,1,1.0,1,1.0,1,1.0,1.910821790574303,2.3901331684272837,1,1,1,1,1
cell_subsample,0.9,3,0,xenium_human_kidney_nondiseased,521.0262,55.0871,55.1679,2,1,1.0,1,1.0,1,1.0,1,1.0,2.2326322228499498,1.7134376687288573,2,1,1,1,1
cell_subsample,0.9,3,1,xenium_human_kidney_nondiseased,485.7727,70.8632,70.8632,1,1,1.0,1,1.0,1,1.0,1,0.9605,1.8872528348203441,1.7041793404561854,1,1,1,1,1
cell_subsample,0.9,3,2,xenium_human_kidney_nondiseased,466.7758,69.3708,69.7678,3,1,1.0,1,1.0,1,1.0,1,0.9548,1.8607832416855754,2.8554613966615383,3,1,1,1,1
cell_subsample,0.9,3,3,xenium_human_kidney_nondiseased,517.3698,67.621,67.621,1,1,1.0,1,1.0,1,1.0,1,1.0,1.921408016799592,2.478302836783039,1,1,1,1,1
cell_subsample,0.9,3,4,xenium_human_kidney_nondiseased,502.5723,54.4661,55.6289,4,0,1.0,1,1.0,1,1.0,1,1.0,2.055565246198704,1.7493716714041903,4,0,1,1,1
cell_subsample,0.9,3,5,xenium_human_kidney_nondiseased,505.9565,65.486,65.486,1,1,1.0,1,1.0,1,1.0,1,0.9839,1.9623029959441525,1.3763222551551402,1,1,1,1,1
cell_subsample,0.9,3,6,xenium_human_kidney_nondiseased,463.9907,78.8659,78.8659,1,1,1.0,1,1.0,1,1.0,1,0.9259,1.6924183736436638,2.8600840477177085,1,1,1,1,1
cell_subsample,0.9,3,7,xenium_human_kidney_nondiseased,457.266,54.8858,55.5326,2,1,1.0,1,1.0,1,1.0,1,1.0,2.109070257153742,3.116032782975365,2,1,1,1,1
cell_subsample,0.9,3,8,xenium_human_kidney_nondiseased,506.1628,61.4796,61.4796,1,1,1.0,1,1.0,1,1.0,1,1.0,2.1125461496314775,2.1423488864626643,1,1,1,1,1
cell_subsample,0.9,3,9,xenium_human_kidney_nondiseased,468.669,70.2012,70.7136,5,1,1.0,1,0.9091,1,0.9737,1,0.9139,1.8752997883391425,2.206527147991343,5,1,1,1,1
cell_subsample,0.9,3,10,xenium_human_kidney_nondiseased,424.9591,60.0133,60.0133,1,1,1.0,1,1.0,1,1.0,1,0.9853,1.990592854950853,2.0367788829794646,1,1,1,1,1
cell_subsample,0.9,3,11,xenium_human_kidney_nondiseased,482.4539,62.8194,62.8194,1,1,1.0,1,1.0,1,1.0,1,0.988,2.1063910379745154,3.450239679415194,1,1,1,1,1
cell_subsample,0.9,3,12,xenium_human_kidney_nondiseased,455.3877,58.7145,58.7145,1,1,1.0,1,1.0,1,1.0,1,1.0,2.1647277595165386,2.5510306201574835,1,1,1,1,1
cell_subsample,0.9,3,13,xenium_human_kidney_nondiseased,483.2913,62.9089,62.9089,1,1,1.0,1,1.0,1,1.0,1,1.0,2.005551845073777,2.122908838650039,1,1,1,1,1
cell_subsample,0.9,3,14,xenium_human_kidney_nondiseased,466.9541,88.7807,88.7807,1,1,1.0,1,1.0,1,1.0,1,0.9672,1.5479291461939284,3.1093664950629383,1,1,1,1,1
cell_subsample,0.9,3,15,xenium_human_kidney_nondiseased,502.7371,55.7185,56.3904,2,1,1.0,1,1.0,1,1.0,1,1.0,2.1437152311263765,2.0402430460679786,2,1,1,1,1
cell_subsample,0.9,3,16,xenium_human_kidney_nondiseased,476.7489,59.519,61.0106,8,0,1.0,1,1.0,1,1.0,1,1.0,2.0762044874699597,2.5375278985811893,8,0,1,1,1
cell_subsample,0.9,3,17,xenium_human_kidney_nondiseased,491.6299,66.2106,67.42,5,0,1.0,1,1.0,1,0.9375,1,0.9747,1.8309234156435155,1.8945359293600783,5,0,1,1,1
cell_subsample,0.9,3,18,xenium_human_kidney_nondiseased,478.7619,64.7085,65.5565,5,0,1.0,1,1.0,1,1.0,1,1.0,1.9647499912420383,2.412025059526374,5,0,1,1,1
cell_subsample,0.9,3,19,xenium_human_kidney_nondiseased,425.0487,66.2135,66.2135,1,1,1.0,1,1.0,1,1.0,1,1.0,1.9749077231482033,1.0772179047748311,1,1,1,1,1
cell_subsample,0.9,3,20,xenium_human_kidney_nondiseased,417.4111,76.0854,76.0854,1,1,1.0,1,1.0,1,1.0,1,0.918,1.7113725182734125,2.6492522747370613,1,1,1,1,1
cell_subsample,0.9,3,21,xenium_human_kidney_nondiseased,453.0369,94.8702,95.8966,2,0,0.0,1,0.6667,1,0.6667,1,0.6667,1.4248589371601543,2.66908073916697,2,0,1,1,1
cell_subsample,0.9,3,22,xenium_human_kidney_nondiseased,486.9849,68.9536,68.9536,1,1,1.0,1,1.0,1,1.0,1,0.9714,2.038342564399968,2.52680891703764,1,1,1,1,1
cell_subsample,0.9,3,23,xenium_human_kidney_nondiseased,514.5966,60.3739,60.5168,2,1,1.0,1,1.0,1,1.0,1,1.0,2.1761703849793617,1.6918536059859801,2,1,1,1,1
cell_subsample,0.9,3,24,xenium_human_kidney_nondiseased,433.3394,66.6259,66.6259,1,1,1.0,1,1.0,1,1.0,1,1.0,1.942197948186743,2.5218019004189864,1,1,1,1,1
cell_subsample,0.9,3,25,xenium_human_kidney_nondiseased,422.7199,68.4286,71.3299,6,0,1.0,0,1.0,1,1.0,1,1.0,1.9480829178497592,2.1841994059028647,6,0,0,1,1
cell_subsample,0.9,3,26,xenium_human_kidney_nondiseased,458.9773,76.1431,76.1431,1,1,1.0,1,1.0,1,1.0,1,1.0,1.814299368503363,1.3284394390762206,1,1,1,1,1
cell_subsample,0.9,3,27,xenium_human_kidney_nondiseased,478.3171,72.2015,72.4886,2,1,1.0,1,1.0,1,1.0,1,0.9808,1.8008639792262926,2.9003118916448085,2,1,1,1,1
cell_subsample,0.9,3,28,xenium_human_kidney_nondiseased,475.645,65.3109,65.3109,1,1,1.0,1,1.0,1,1.0,1,1.0,1.9715253489170992,2.762963702130933,1,1,1,1,1
cell_subsample,0.9,3,29,xenium_human_kidney_nondiseased,459.8385,63.628,63.6376,2,1,1.0,1,1.0,1,1.0,1,1.0,2.0666552135676124,2.5046696383453666,2,1,1,1,1
cell_subsample,0.9,3,30,xenium_human_kidney_nondiseased,470.7965,60.2231,60.2231,1,1,1.0,1,1.0,1,1.0,1,0.9773,2.054945000180605,3.5592868014927923,1,1,1,1,1
cell_subsample,0.9,3,31,xenium_human_kidney_nondiseased,456.2383,77.7924,77.7924,1,1,1.0,1,1.0,1,1.0,1,0.9787,1.7416908980710137,2.692152884728674,1,1,1,1,1
cell_subsample,0.9,3,32,xenium_human_kidney_nondiseased,487.231,55.0263,55.3696,2,1,1.0,1,1.0,1,1.0,1,1.0,2.1845734709597604,2.3464960873825493,2,1,1,1,1
cell_subsample,0.9,3,33,xenium_human_kidney_nondiseased,456.7859,71.4937,77.4841,105,0,1.0,0,1.0,0,0.9643,1,0.9517,1.9262945416529853,3.470340362658215,105,0,0,0,1
cell_subsample,0.9,3,34,xenium_human_kidney_nondiseased,416.6296,90.5825,90.5825,1,1,1.0,1,1.0,1,1.0,1,0.7308,1.4497619031969429,2.3440792758565263,1,1,1,1,1
cell_subsample,0.9,3,35,xenium_human_kidney_nondiseased,432.9916,66.3804,66.6075,3,1,1.0,1,1.0,1,1.0,1,0.9836,2.0308634622723156,2.8694364854990297,3,1,1,1,1
cell_subsample,0.9,3,36,xenium_human_kidney_nondiseased,457.007,64.9728,65.0911,2,1,1.0,1,1.0,1,1.0,1,0.9717,1.9454944663804985,1.3709953082265975,2,1,1,1,1
cell_subsample,0.9,3,37,xenium_human_kidney_nondiseased,514.0694,54.4402,55.017,2,1,1.0,1,1.0,1,1.0,1,1.0,2.16848636787012,1.5065919604916425,2,1,1,1,1
cell_subsample,0.9,3,38,xenium_human_kidney_nondiseased,402.3909,77.3585,78.189,2,0,1.0,1,1.0,1,0.8333,1,0.9333,1.7365676305974718,2.5105463492029094,2,0,1,1,1
cell_subsample,0.9,3,39,xenium_human_kidney_nondiseased,415.8495,58.4638,58.4638,1,1,1.0,1,1.0,1,1.0,1,1.0,2.0819485903623147,2.12772743474163,1,1,1,1,1
cell_subsample,0.9,3,40,xenium_human_kidney_nondiseased,448.0509,54.4683,54.4683,1,1,1.0,1,1.0,1,1.0,1,1.0,2.115428515590151,2.289719419751553,1,1,1,1,1
cell_subsample,0.9,3,41,xenium_human_kidney_nondiseased,437.1181,81.3084,81.3084,1,1,1.0,1,1.0,1,0.9655,1,0.9296,1.7410869588060036,1.6664017921551093,1,1,1,1,1
cell_subsample,0.9,3,42,xenium_human_kidney_nondiseased,425.9915,68.3466,68.3466,1,1,1.0,1,1.0,1,1.0,1,1.0,2.0017857709778175,2.5414711312709284,1,1,1,1,1
cell_subsample,0.9,3,43,xenium_human_kidney_nondiseased,463.7599,81.6526,81.6526,1,1,1.0,1,1.0,1,0.9,1,0.9143,1.8014201770334637,2.3273817035980726,1,1,1,1,1
cell_subsample,0.9,3,44,xenium_human_kidney_nondiseased,461.105,86.1595,86.1595,1,1,1.0,1,1.0,1,1.0,1,0.9077,1.5085049182978603,1.774685742263444,1,1,1,1,1
cell_subsample,0.9,3,45,xenium_human_kidney_nondiseased,423.229,58.4664,58.4664,1,1,1.0,1,1.0,1,1.0,1,1.0,2.172903533288214,1.3466084856826337,1,1,1,1,1
cell_subsample,0.9,3,46,xenium_human_kidney_nondiseased,459.318,71.5535,71.7457,2,1,1.0,1,1.0,1,1.0,1,0.9739,1.895998166148709,1.4021876357347531,2,1,1,1,1
cell_subsample,0.9,3,47,xenium_human_kidney_nondiseased,414.6363,60.1915,60.1915,1,1,1.0,1,1.0,1,1.0,1,1.0,2.1682806670209116,1.7845710176925564,1,1,1,1,1
cell_subsample,0.9,3,48,xenium_human_kidney_nondiseased,464.6012,76.8102,77.1711,2,1,1.0,1,1.0,1,1.0,1,0.9691,1.8433611459785817,2.067508779051073,2,1,1,1,1
cell_subsample,0.9,3,49,xenium_human_kidney_nondiseased,413.6968,69.7665,69.9369,2,1,1.0,1,1.0,1,0.9091,1,0.9886,1.9632006532316708,2.4422672311912734,2,1,1,1,1
cell_subsample,0.9,3,50,xenium_human_kidney_nondiseased,469.4484,68.1069,68.1069,1,1,1.0,1,1.0,1,1.0,1,1.0,1.9957000121382105,2.74156503449209,1,1,1,1,1
cell_subsample,0.9,3,51,xenium_human_kidney_nondiseased,444.5448,64.6732,64.6732,1,1,1.0,1,1.0,1,1.0,1,1.0,2.000390463020725,1.0056587625514493,1,1,1,1,1
cell_subsample,0.9,3,52,xenium_human_kidney_nondiseased,373.1941,57.4321,57.4778,2,1,1.0,1,1.0,1,1.0,1,1.0,2.0592293539711304,1.9040704859082367,2,1,1,1,1
cell_subsample,0.9,3,53,xenium_human_kidney_nondiseased,370.1752,58.9097,63.1489,8,0,1.0,0,1.0,0,1.0,1,1.0,2.049793441472788,2.4126905655333863,8,0,0,0,1
cell_subsample,0.9,3,54,xenium_human_kidney_nondiseased,364.1204,66.8666,66.8666,1,1,1.0,1,1.0,1,1.0,1,0.9565,1.897035707872365,2.1795662328981202,1,1,1,1,1
cell_subsample,0.9,3,55,xenium_human_kidney_nondiseased,376.3906,61.9982,61.9982,1,1,1.0,1,1.0,1,1.0,1,1.0,1.992356931288044,1.9050568485088912,1,1,1,1,1
cell_subsample,0.9,3,56,xenium_human_kidney_nondiseased,385.4422,61.0214,61.8053,2,0,1.0,1,1.0,1,1.0,1,1.0,1.9745609590614295,1.8588818045801352,2,0,1,1,1
cell_subsample,0.9,3,57,xenium_human_kidney_nondiseased,367.3134,72.12,72.12,1,1,1.0,1,1.0,1,1.0,1,0.9487,1.9059957775275536,2.828071901023976,1,1,1,1,1
cell_subsample,0.9,3,58,xenium_human_kidney_nondiseased,364.8551,67.9544,67.9544,1,1,1.0,1,1.0,1,1.0,1,0.9855,1.878397482025354,3.078101084414088,1,1,1,1,1
cell_subsample,0.9,3,59,xenium_human_kidney_nondiseased,383.1178,64.3246,64.3246,1,1,1.0,1,1.0,1,1.0,1,0.9828,2.0410628451622745,3.2571504436569265,1,1,1,1,1
cell_subsample,0.9,3,60,xenium_human_kidney_nondiseased,379.4773,82.111,83.0482,6,0,1.0,1,1.0,1,1.0,1,0.9396,1.706042567616139,1.6632313137916324,6,0,1,1,1
cell_subsample,0.9,3,61,xenium_human_kidney_nondiseased,358.9128,62.7991,62.7991,1,1,1.0,1,1.0,1,1.0,1,0.9868,1.9285916327025943,2.113145053259603,1,1,1,1,1
cell_subsample,0.9,3,62,xenium_human_kidney_nondiseased,359.5531,77.9745,77.9745,1,1,1.0,1,1.0,1,1.0,1,0.9615,1.7244475872472858,1.9929920643632149,1,1,1,1,1
cell_subsample,0.9,3,63,xenium_human_kidney_nondiseased,355.4574,78.1028,78.3155,2,1,1.0,1,1.0,1,1.0,1,0.9583,1.7990358546781733,1.8516758970610767,2,1,1,1,1
cell_subsample,0.9,3,64,xenium_human_kidney_nondiseased,356.5903,100.8298,100.8298,1,1,1.0,1,1.0,1,1.0,1,0.8878,1.4895613828809646,3.5594003918607062,1,1,1,1,1
cell_subsample,0.9,3,65,xenium_human_kidney_nondiseased,385.2591,65.2969,65.2969,1,1,1.0,1,1.0,1,1.0,1,1.0,1.9437555378071074,2.0108584535732947,1,1,1,1,1
cell_subsample,0.9,3,66,xenium_human_kidney_nondiseased,369.2443,57.6253,58.6218,2,0,1.0,1,1.0,1,1.0,1,1.0,2.0899461686514385,1.306155834881914,2,0,1,1,1
cell_subsample,0.9,3,67,xenium_human_kidney_nondiseased,361.6855,83.9108,83.9108,1,1,1.0,1,1.0,1,0.9259,1,0.8773,1.7309805047619622,1.8371006155174252,1,1,1,1,1
cell_subsample,0.9,3,68,xenium_human_kidney_nondiseased,358.6388,56.79,56.79,1,1,1.0,1,1.0,1,1.0,1,1.0,1.959525543312582,1.6593343935352767,1,1,1,1,1
cell_subsample,0.9,3,69,xenium_human_kidney_nondiseased,372.7111,81.0997,81.8053,4,0,1.0,1,0.875,1,0.875,1,0.8716,1.7424176291514537,2.692035143581819,4,0,1,1,1
cell_subsample,0.9,3,70,xenium_human_kidney_nondiseased,371.3375,70.5892,70.6837,2,1,1.0,1,1.0,1,1.0,1,0.973,1.9162766941829579,3.73643466951179,2,1,1,1,1
cell_subsample,0.9,3,71,xenium_human_kidney_nondiseased,364.935,65.7592,65.7857,2,1,1.0,1,1.0,1,0.9231,1,0.9733,2.0326636885199694,1.869139130429918,2,1,1,1,1
cell_subsample,0.9,3,72,xenium_human_kidney_nondiseased,356.5885,54.5407,54.5407,1,1,1.0,1,1.0,1,1.0,1,1.0,2.080774700606806,1.2972207812464145,1,1,1,1,1
cell_subsample,0.9,3,73,xenium_human_kidney_nondiseased,353.4241,71.5473,73.1064,4,0,1.0,1,1.0,1,1.0,1,1.0,1.823594021297235,3.0806381587253133,4,0,1,1,1
cell_subsample,0.9,3,74,xenium_human_kidney_nondiseased,349.6932,69.5529,70.7151,2,0,1.0,1,1.0,1,1.0,1,1.0,1.986506343333348,3.0565439800765217,2,0,1,1,1
cell_subsample,0.9,3,75,xenium_human_kidney_nondiseased,352.365,77.9849,78.349,2,1,1.0,1,1.0,1,0.9474,1,0.918,1.8136025003924356,2.2339053798598743,2,1,1,1,1
cell_subsample,0.9,3,76,xenium_human_kidney_nondiseased,344.7787,65.9228,65.9228,1,1,1.0,1,1.0,1,1.0,1,1.0,2.02055523671716,1.6406958464157582,1,1,1,1,1
cell_subsample,0.9,3,77,xenium_human_kidney_nondiseased,349.2246,77.0108,78.1427,3,0,1.0,1,1.0,1,1.0,1,0.9516,1.5018501913022775,2.314039373758375,3,0,1,1,1
cell_subsample,0.9,3,78,xenium_human_kidney_nondiseased,353.2478,55.8948,55.8948,1,1,1.0,1,1.0,1,1.0,1,1.0,2.091848361222625,2.0945510215341336,1,1,1,1,1
cell_subsample,0.9,3,79,xenium_human_kidney_nondiseased,351.4465,73.8989,74.6314,2,0,1.0,1,1.0,1,1.0,1,0.9727,1.9327924880586274,2.0340432183815795,2,0,1,1,1
cell_subsample,0.9,3,80,xenium_human_kidney_nondiseased,357.9539,61.4775,61.4775,1,1,1.0,1,1.0,1,1.0,1,1.0,2.0069758371989534,2.2421396812487453,1,1,1,1,1
cell_subsample,0.9,3,81,xenium_human_kidney_nondiseased,340.0156,70.616,70.616,1,1,1.0,1,1.0,1,1.0,1,0.9762,1.9634234467015867,2.9475176474779676,1,1,1,1,1
cell_subsample,0.9,3,82,xenium_human_kidney_nondiseased,347.943,67.1344,68.1986,5,0,1.0,1,1.0,1,1.0,1,1.0,2.0664188638812733,3.086344982693633,5,0,1,1,1
cell_subsample,0.9,3,83,xenium_human_kidney_nondiseased,381.0133,65.8154,65.8154,1,1,1.0,1,1.0,1,1.0,1,0.9839,1.9122241713399641,1.7317309770657945,1,1,1,1,1
cell_subsample,0.9,3,84,xenium_human_kidney_nondiseased,383.1535,42.4762,42.4762,1,1,1.0,1,1.0,1,1.0,1,1.0,2.342814202936209,1.0891863399276243,1,1,1,1,1
cell_subsample,0.9,3,85,xenium_human_kidney_nondiseased,357.6251,95.6316,95.6316,1,1,1.0,1,1.0,1,1.0,1,0.9333,1.4665444991291783,2.3361703138160292,1,1,1,1,1
cell_subsample,0.9,3,86,xenium_human_kidney_nondiseased,344.2406,58.2252,58.2252,1,1,1.0,1,1.0,1,1.0,1,1.0,2.033786889814069,1.956455747904624,1,1,1,1,1
cell_subsample,0.9,3,87,xenium_human_kidney_nondiseased,357.238,73.5669,73.5669,1,1,1.0,1,1.0,1,1.0,1,1.0,1.8398895757727494,3.1341729768779945,1,1,1,1,1
cell_subsample,0.9,3,88,xenium_human_kidney_nondiseased,369.4523,75.1401,76.2727,15,0,1.0,1,1.0,1,0.9636,1,0.9242,1.8099146201245424,2.463054572060151,15,0,1,1,1
cell_subsample,0.9,3,89,xenium_human_kidney_nondiseased,371.7014,68.341,68.341,1,1,1.0,1,1.0,1,1.0,1,0.9524,1.959132413036302,2.1824866045728712,1,1,1,1,1
cell_subsample,0.9,3,90,xenium_human_kidney_nondiseased,369.0149,83.912,83.912,1,1,1.0,1,1.0,1,1.0,1,0.9167,1.698382715936174,2.347004793144376,1,1,1,1,1
cell_subsample,0.9,3,91,xenium_human_kidney_nondiseased,356.0103,58.743,59.6442,2,0,1.0,1,1.0,1,1.0,1,1.0,2.0754608602357165,1.815380302016359,2,0,1,1,1
cell_subsample,0.9,3,92,xenium_human_kidney_nondiseased,350.3215,65.9585,67.668,6,0,1.0,0,1.0,1,1.0,1,0.9872,1.9173440988761263,1.8391585050012278,6,0,0,1,1
cell_subsample,0.9,3,93,xenium_human_kidney_nondiseased,364.7253,62.1645,63.4357,6,0,1.0,1,1.0,1,1.0,1,1.0,2.07166511963715,2.3103831228364022,6,0,1,1,1
cell_subsample,0.9,3,94,xenium_human_kidney_nondiseased,371.6202,71.1774,73.0507,2,0,1.0,0,1.0,1,1.0,1,0.988,1.7872018671412127,3.4587757277020987,2,0,0,1,1
cell_subsample,0.9,3,95,xenium_human_kidney_nondiseased,357.7202,58.5677,58.5677,1,1,1.0,1,1.0,1,1.0,1,1.0,1.9596831097701417,1.3293766898360513,1,1,1,1,1
cell_subsample,0.9,3,96,xenium_human_kidney_nondiseased,356.8754,74.2748,74.405,2,1,1.0,1,1.0,1,1.0,1,0.956,1.9189578780312313,3.104733545292216,2,1,1,1,1
cell_subsample,0.9,3,97,xenium_human_kidney_nondiseased,356.7939,74.7465,74.7465,1,1,1.0,1,1.0,1,1.0,1,0.9565,1.8730078054290555,2.1042922879280535,1,1,1,1,1
cell_subsample,0.9,3,98,xenium_human_kidney_nondiseased,373.2452,85.218,89.1239,18,0,1.0,0,1.0,0,0.9231,1,0.8659,1.6349318626316767,2.9081499790421446,18,0,0,0,1
cell_subsample,0.9,3,99,xenium_human_kidney_nondiseased,365.792,62.1326,62.1326,1,1,1.0,1,1.0,1,1.0,1,1.0,1.9884621713695145,1.9014701297254721,1,1,1,1,1
cell_subsample,0.9,4,0,xenium_human_kidney_nondiseased,398.6689,55.0871,55.4292,4,1,1.0,1,1.0,1,1.0,1,1.0,2.1545643300701376,2.2197263991622584,4,1,1,1,1
cell_subsample,0.9,4,1,xenium_human_kidney_nondiseased,414.2963,70.8632,70.8632,1,1,1.0,1,1.0,1,1.0,1,0.9605,1.8310322583087124,2.223202700670731,1,1,1,1,1
cell_subsample,0.9,4,2,xenium_human_kidney_nondiseased,411.8068,69.3708,69.3819,2,1,1.0,1,1.0,1,1.0,1,0.929,1.9427168172820233,2.7056395196065464,2,1,1,1,1
cell_subsample,0.9,4,3,xenium_human_kidney_nondiseased,399.9847,67.621,67.621,1,1,1.0,1,1.0,1,1.0,1,1.0,1.9624079092712559,2.100468855745935,1,1,1,1,1
cell_subsample,0.9,4,4,xenium_human_kidney_nondiseased,377.0596,54.4661,55.3263,2,0,1.0,1,1.0,1,1.0,1,1.0,2.096181438805513,2.377132523629099,2,0,1,1,1
cell_subsample,0.9,4,5,xenium_human_kidney_nondiseased,374.7938,65.486,65.486,1,1,1.0,1,1.0,1,1.0,1,0.9839,2.056505340337635,2.162003563781252,1,1,1,1,1
cell_subsample,0.9,4,6,xenium_human_kidney_nondiseased,373.1161,78.8659,78.8659,1,1,1.0,1,1.0,1,1.0,1,0.963,1.696295058606962,2.435276511331926,1,1,1,1,1
cell_subsample,0.9,4,7,xenium_human_kidney_nondiseased,383.7795,54.8858,55.5326,2,1,1.0,1,1.0,1,1.0,1,1.0,2.1168257882162904,1.9913609829536094,2,1,1,1,1
cell_subsample,0.9,4,8,xenium_human_kidney_nondiseased,385.6908,61.4796,61.4796,1,1,1.0,1,1.0,1,1.0,1,1.0,2.1160825539158563,2.5436334375671303,1,1,1,1,1
cell_subsample,0.9,4,9,xenium_human_kidney_nondiseased,380.6549,70.2012,71.1206,7,0,1.0,1,1.0,1,0.9737,1,0.947,1.8863583210033008,1.9879489760497107,7,0,1,1,1
cell_subsample,0.9,4,10,xenium_human_kidney_nondiseased,378.5052,60.0133,60.0133,1,1,1.0,1,1.0,1,1.0,1,0.9853,2.0469413314174365,2.220242148691538,1,1,1,1,1
cell_subsample,0.9,4,11,xenium_human_kidney_nondiseased,373.3335,62.8194,63.7221,5,0,1.0,1,1.0,1,1.0,1,0.988,2.0563055334955678,1.3970116161679318,5,0,1,1,1
cell_subsample,0.9,4,12,xenium_human_kidney_nondiseased,381.6188,58.7145,60.04,5,0,1.0,1,1.0,1,1.0,1,1.0,2.166234267741684,2.2613887819321894,5,0,1,1,1
cell_subsample,0.9,4,13,xenium_human_kidney_nondiseased,390.4569,62.9089,66.0901,5,0,1.0,0,1.0,1,1.0,1,1.0,1.9823437990237291,2.3005135198765587,5,0,0,1,1
cell_subsample,0.9,4,14,xenium_human_kidney_nondiseased,387.8768,88.7807,88.7807,1,1,1.0,1,1.0,1,1.0,1,0.9344,1.6029660096048166,2.745031498187935,1,1,1,1,1
cell_subsample,0.9,4,15,xenium_human_kidney_nondiseased,384.4433,55.7185,55.7185,1,1,1.0,1,1.0,1,1.0,1,1.0,2.197811214530715,2.2320805533198995,1,1,1,1,1
cell_subsample,0.9,4,16,xenium_human_kidney_nondiseased,394.9665,59.519,60.7668,5,0,1.0,1,1.0,1,1.0,1,1.0,2.032657794512829,2.2245501923197795,5,0,1,1,1
cell_subsample,0.9,4,17,xenium_human_kidney_nondiseased,394.7924,66.2106,66.4267,4,1,1.0,1,1.0,1,1.0,1,0.9873,1.8592242767968783,2.3548614583938097,4,1,1,1,1
cell_subsample,0.9,4,18,xenium_human_kidney_nondiseased,378.9614,64.7085,64.7085,1,1,1.0,1,1.0,1,1.0,1,1.0,2.009301612416647,2.103980551571714,1,1,1,1,1
cell_subsample,0.9,4,19,xenium_human_kidney_nondiseased,371.84,66.2135,66.2135,1,1,1.0,1,1.0,1,1.0,1,0.991,2.021644842170558,2.141185440700871,1,1,1,1,1
cell_subsample,0.9,4,20,xenium_human_kidney_nondiseased,370.9825,76.0854,76.4879,3,1,1.0,1,1.0,1,1.0,1,0.9344,1.7709725220125778,3.136103202444197,3,1,1,1,1
cell_subsample,0.9,4,21,xenium_human_kidney_nondiseased,576.4109,94.8702,95.8966,2,0,0.0,1,0.6667,1,0.6667,1,0.5833,1.3436708552335441,0.5763831824348593,1,1,1,1,1
cell_subsample,0.9,4,22,xenium_human_kidney_nondiseased,370.1181,68.9536,69.8193,8,0,1.0,1,1.0,1,1.0,1,0.9714,1.9920744118791032,2.062820303465597,8,0,1,1,1
cell_subsample,0.9,4,23,xenium_human_kidney_nondiseased,363.9937,60.3739,60.3739,1,1,1.0,1,1.0,1,1.0,1,1.0,2.2411946434900503,2.6317835296230245,1,1,1,1,1
cell_subsample,0.9,4,24,xenium_human_kidney_nondiseased,362.8158,66.6259,66.6259,1,1,1.0,1,1.0,1,1.0,1,1.0,1.9221555733719289,1.5672048939648409,1,1,1,1,1
cell_subsample,0.9,4,25,xenium_human_kidney_nondiseased,359.3864,68.4286,68.4286,1,1,1.0,1,1.0,1,1.0,1,0.9767,1.980869118437143,2.31365285850722,1,1,1,1,1
cell_subsample,0.9,4,26,xenium_human_kidney_nondiseased,368.1509,76.1431,76.1431,1,1,1.0,1,1.0,1,1.0,1,1.0,1.8086293336340753,2.6829539995972986,1,1,1,1,1
cell_subsample,0.9,4,27,xenium_human_kidney_nondiseased,363.8736,72.2015,72.2015,1,1,1.0,1,1.0,1,1.0,1,0.9808,1.7597106461020677,2.883444333597183,1,1,1,1,1
cell_subsample,0.9,4,28,xenium_human_kidney_nondiseased,364.7201,65.3109,65.3109,1,1,1.0,1,1.0,1,1.0,1,1.0,1.9118677803748605,3.0273331222328714,1,1,1,1,1
cell_subsample,0.9,4,29,xenium_human_kidney_nondiseased,359.7958,63.628,63.9255,4,1,1.0,1,1.0,1,1.0,1,1.0,1.986138360820868,1.921076520998153,4,1,1,1,1
cell_subsample,0.9,4,30,xenium_human_kidney_nondiseased,365.8402,60.2231,60.2231,1,1,1.0,1,1.0,1,1.0,1,0.9773,2.096580856022743,2.5959216643304255,1,1,1,1,1
cell_subsample,0.9,4,31,xenium_human_kidney_nondiseased,410.9786,77.7924,77.7924,1,1,1.0,1,1.0,1,1.0,1,0.9894,1.6988699538597996,2.882098132408656,1,1,1,1,1
cell_subsample,0.9,4,32,xenium_human_kidney_nondiseased,361.4725,55.0263,55.3696,2,1,1.0,1,1.0,1,1.0,1,1.0,2.157833342897237,1.5937170693254756,2,1,1,1,1
cell_subsample,0.9,4,33,xenium_human_kidney_nondiseased,351.8593,71.4937,72.6599,3,0,1.0,1,1.0,1,0.9643,1,0.9241,1.916269031973675,1.5440264329150983,3,0,1,1,1
cell_subsample,0.9,4,34,xenium_human_kidney_nondiseased,356.1756,90.5825,90.5825,1,1,1.0,1,1.0,1,1.0,1,0.7308,1.4786406717504448,3.199521641013683,1,1,1,1,1
cell_subsample,0.9,4,35,xenium_human_kidney_nondiseased,370.6376,66.3804,66.6075,3,1,1.0,1,1.0,1,0.9697,1,0.9754,2.0041602699878736,2.0674111527572467,3,1,1,1,1
cell_subsample,0.9,4,36,xenium_human_kidney_nondiseased,365.6117,64.9728,64.9728,1,1,1.0,1,1.0,1,1.0,1,0.9717,1.9547117112139234,1.2046379449606295,1,1,1,1,1
cell_subsample,0.9,4,37,xenium_human_kidney_nondiseased,354.0114,54.4402,54.4402,1,1,1.0,1,1.0,1,1.0,1,1.0,2.080468212235493,1.1703738597787336,1,1,1,1,1
cell_subsample,0.9,4,38,xenium_human_kidney_nondiseased,354.0191,77.3585,77.3585,1,1,1.0,1,1.0,1,1.0,1,0.96,1.7371837508105725,2.8174752787623487,1,1,1,1,1
cell_subsample,0.9,4,39,xenium_human_kidney_nondiseased,357.8096,58.4638,58.4638,1,1,1.0,1,1.0,1,1.0,1,1.0,2.1130589282527126,2.8678603331432764,1,1,1,1,1
cell_subsample,0.9,4,40,xenium_human_kidney_nondiseased,362.4649,54.4683,54.4683,1,1,1.0,1,1.0,1,1.0,1,1.0,2.092483145791671,1.492872485235965,1,1,1,1,1
cell_subsample,0.9,4,41,xenium_human_kidney_nondiseased,364.1181,81.3084,83.2844,9,0,1.0,0,1.0,1,0.931,1,0.9014,1.7579823267415298,3.306980629138717,9,0,0,1,1
cell_subsample,0.9,4,42,xenium_human_kidney_nondiseased,359.2627,68.3466,68.3466,1,1,1.0,1,1.0,1,1.0,1,1.0,2.0291441803893937,1.8961143246863852,1,1,1,1,1
cell_subsample,0.9,4,43,xenium_human_kidney_nondiseased,360.6456,81.6526,83.4257,3,0,1.0,0,1.0,1,0.8,1,0.9,1.7946562144388745,2.7973018866357164,3,0,0,1,1
cell_subsample,0.9,4,44,xenium_human_kidney_nondiseased,362.7537,86.1595,87.3914,2,0,1.0,1,1.0,1,1.0,1,0.9385,1.5833540937781732,3.107941703944348,2,0,1,1,1
cell_subsample,0.9,4,45,xenium_human_kidney_nondiseased,368.6327,58.4664,58.4664,1,1,1.0,1,1.0,1,1.0,1,1.0,2.114775656065874,1.1268665787460965,1,1,1,1,1
cell_subsample,0.9,4,46,xenium_human_kidney_nondiseased,371.1357,71.5535,71.5535,1,1,1.0,1,1.0,1,0.9444,1,0.9652,1.9001377238304795,1.5898820184638454,1,1,1,1,1
cell_subsample,0.9,4,47,xenium_human_kidney_nondiseased,367.4912,60.1915,64.1731,3,0,1.0,0,1.0,0,1.0,1,1.0,2.184227099806796,2.5786891771395495,3,0,0,0,1
cell_subsample,0.9,4,48,xenium_human_kidney_nondiseased,366.1315,76.8102,77.6272,5,0,1.0,1,1.0,1,1.0,1,0.9794,1.832548786345997,1.8137174402021392,5,0,1,1,1
cell_subsample,0.9,4,49,xenium_human_kidney_nondiseased,376.9167,69.7665,69.9369,2,1,1.0,1,1.0,1,0.9091,1,0.9659,1.9523590200302878,2.0607135518173756,2,1,1,1,1
cell_subsample,0.9,4,50,xenium_human_kidney_nondiseased,378.6,68.1069,68.1958,2,1,1.0,1,1.0,1,1.0,1,1.0,1.9870810090295596,2.5084677240228093,2,1,1,1,1
cell_subsample,0.9,4,51,xenium_human_kidney_nondiseased,376.0703,64.6732,64.6732,1,1,1.0,1,1.0,1,1.0,1,1.0,1.9862595809010604,2.383744389957317,1,1,1,1,1
cell_subsample,0.9,4,52,xenium_human_kidney_nondiseased,381.7245,57.4321,57.4778,2,1,1.0,1,1.0,1,1.0,1,1.0,2.079995709329719,1.3608177718289365,2,1,1,1,1
cell_subsample,0.9,4,53,xenium_human_kidney_nondiseased,378.8856,58.9097,58.9097,1,1,1.0,1,1.0,1,1.0,1,1.0,2.0559393191852298,2.7286324650827036,1,1,1,1,1
cell_subsample,0.9,4,54,xenium_human_kidney_nondiseased,386.5991,66.8666,66.8666,1,1,1.0,1,1.0,1,1.0,1,0.9565,1.8112490233411813,1.511353835859709,1,1,1,1,1
cell_subsample,0.9,4,55,xenium_human_kidney_nondiseased,384.8582,61.9982,61.9982,1,1,1.0,1,1.0,1,1.0,1,0.9643,1.952524445164035,2.6473398807895494,1,1,1,1,1
cell_subsample,0.9,4,56,xenium_human_kidney_nondiseased,377.0069,61.0214,61.0214,1,1,1.0,1,1.0,1,1.0,1,1.0,1.9639012542137873,1.317516158217212,1,1,1,1,1
cell_subsample,0.9,4,57,xenium_human_kidney_nondiseased,371.8127,72.12,74.2117,13,0,1.0,0,1.0,1,1.0,1,0.9359,1.9345082335372652,2.9778120483379493,13,0,0,1,1
cell_subsample,0.9,4,58,xenium_human_kidney_nondiseased,382.3566,67.9544,67.9544,1,1,1.0,1,1.0,1,1.0,1,0.9855,1.8400182615953198,1.5927885344879862,1,1,1,1,1
cell_subsample,0.9,4,59,xenium_human_kidney_nondiseased,380.6913,64.3246,64.3246,1,1,1.0,1,1.0,1,1.0,1,0.9828,2.0044396459263396,2.361819764414791,1,1,1,1,1
cell_subsample,0.9,4,60,xenium_human_kidney_nondiseased,370.2297,82.111,83.552,9,0,1.0,1,1.0,1,1.0,1,0.9329,1.7400885139963806,2.482472322209049,9,0,1,1,1
cell_subsample,0.9,4,61,xenium_human_kidney_nondiseased,373.4665,62.7991,62.7991,1,1,1.0,1,1.0,1,1.0,1,0.9737,1.8933778870408888,3.1671499155667866,1,1,1,1,1
cell_subsample,0.9,4,62,xenium_human_kidney_nondiseased,370.247,77.9745,77.9745,1,1,1.0,1,1.0,1,1.0,1,0.9231,1.6789376005116103,1.742582511023851,1,1,1,1,1
cell_subsample,0.9,4,63,xenium_human_kidney_nondiseased,379.6556,78.1028,78.3155,2,1,1.0,1,1.0,1,1.0,1,0.9583,1.8453350489699794,1.9089092725715457,2,1,1,1,1
cell_subsample,0.9,4,64,xenium_human_kidney_nondiseased,376.0296,100.8298,100.8298,1,1,1.0,1,1.0,1,1.0,1,0.8878,1.4673116041585315,2.893075071410086,1,1,1,1,1
cell_subsample,0.9,4,65,xenium_human_kidney_nondiseased,373.1839,65.2969,65.2969,1,1,1.0,1,1.0,1,1.0,1,1.0,2.0012794757644374,2.676652147603211,1,1,1,1,1
cell_subsample,0.9,4,66,xenium_human_kidney_nondiseased,367.5052,57.6253,57.6253,1,1,1.0,1,1.0,1,1.0,1,1.0,2.093985135278009,1.4364147131691525,1,1,1,1,1
cell_subsample,0.9,4,67,xenium_human_kidney_nondiseased,354.3092,83.9108,83.9108,1,1,1.0,1,1.0,1,0.963,1,0.8712,1.7544131124840678,2.621618128240989,1,1,1,1,1
cell_subsample,0.9,4,68,xenium_human_kidney_nondiseased,368.9647,56.79,56.79,1,1,1.0,1,1.0,1,1.0,1,1.0,2.01418185032909,2.288243217057531,1,1,1,1,1
cell_subsample,0.9,4,69,xenium_human_kidney_nondiseased,378.5242,81.0997,81.0997,1,1,1.0,1,1.0,1,1.0,1,0.8991,1.6847514491551299,2.350306825087622,1,1,1,1,1
cell_subsample,0.9,4,70,xenium_human_kidney_nondiseased,373.813,70.5892,72.3908,8,0,1.0,0,1.0,1,1.0,1,0.964,1.9364446113498675,2.794501920591949,8,0,0,1,1
cell_subsample,0.9,4,71,xenium_human_kidney_nondiseased,360.8071,65.7592,65.7857,2,1,1.0,1,1.0,1,1.0,1,0.9867,2.0319721250154688,2.1312855258221184,2,1,1,1,1
cell_subsample,0.9,4,72,xenium_human_kidney_nondiseased,362.4772,54.5407,54.5407,1,1,1.0,1,1.0,1,1.0,1,1.0,2.107885561718475,1.2727708297684819,1,1,1,1,1
cell_subsample,0.9,4,73,xenium_human_kidney_nondiseased,380.859,71.5473,71.5473,1,1,1.0,1,1.0,1,1.0,1,1.0,1.8077762743339212,1.3591318871353784,1,1,1,1,1
cell_subsample,0.9,4,74,xenium_human_kidney_nondiseased,374.9561,69.5529,71.8348,3,0,1.0,0,1.0,1,1.0,1,1.0,1.9099427976427301,2.029324537576705,3,0,0,1,1
cell_subsample,0.9,4,75,xenium_human_kidney_nondiseased,365.944,77.9849,78.349,2,1,1.0,1,1.0,1,1.0,1,0.9262,1.8637944899337244,3.008811491546262,2,1,1,1,1
cell_subsample,0.9,4,76,xenium_human_kidney_nondiseased,363.9231,65.9228,65.9228,1,1,1.0,1,1.0,1,1.0,1,1.0,1.9832998069819396,2.1601274727991293,1,1,1,1,1
cell_subsample,0.9,4,77,xenium_human_kidney_nondiseased,365.2914,77.0108,77.0108,1,1,1.0,1,1.0,1,1.0,1,0.9758,1.59460703044452,1.2917184492842022,1,1,1,1,1
cell_subsample,0.9,4,78,xenium_human_kidney_nondiseased,375.1397,55.8948,55.8948,1,1,1.0,1,1.0,1,1.0,1,1.0,2.0840741658041315,1.6487429855173625,1,1,1,1,1
cell_subsample,0.9,4,79,xenium_human_kidney_nondiseased,375.7872,73.8989,73.8989,1,1,1.0,1,1.0,1,1.0,1,0.9727,1.9446865944684224,2.2913877227539317,1,1,1,1,1
cell_subsample,0.9,4,80,xenium_human_kidney_nondiseased,370.8955,61.4775,61.4775,1,1,1.0,1,1.0,1,1.0,1,1.0,1.961804362940055,1.6580340982836053,1,1,1,1,1
cell_subsample,0.9,4,81,xenium_human_kidney_nondiseased,370.6388,70.616,70.616,1,1,1.0,1,1.0,1,1.0,1,0.9762,1.9312325408354067,1.636682658710598,1,1,1,1,1
cell_subsample,0.9,4,82,xenium_human_kidney_nondiseased,382.2959,67.1344,67.1344,1,1,1.0,1,1.0,1,1.0,1,1.0,1.981252425368189,2.036074713232184,1,1,1,1,1
cell_subsample,0.9,4,83,xenium_human_kidney_nondiseased,375.7264,65.8154,69.4053,10,0,1.0,0,1.0,0,1.0,1,1.0,1.92872640899921,2.4519670426487683,10,0,0,0,1
cell_subsample,0.9,4,84,xenium_human_kidney_nondiseased,375.7617,42.4762,42.4762,1,1,1.0,1,1.0,1,1.0,1,1.0,2.3268041148732057,1.1120722596428705,1,1,1,1,1
cell_subsample,0.9,4,85,xenium_human_kidney_nondiseased,376.5075,95.6316,95.6316,1,1,1.0,1,1.0,1,1.0,1,0.9333,1.5027211290907583,2.9053695047245136,1,1,1,1,1
cell_subsample,0.9,4,86,xenium_human_kidney_nondiseased,376.9839,58.2252,58.2252,1,1,1.0,1,1.0,1,1.0,1,0.9744,2.0701332671812995,2.952348960779217,1,1,1,1,1
cell_subsample,0.9,4,87,xenium_human_kidney_nondiseased,370.8897,73.5669,73.5669,1,1,1.0,1,1.0,1,1.0,1,1.0,1.841424964632884,2.705305770400727,1,1,1,1,1
cell_subsample,0.9,4,88,xenium_human_kidney_nondiseased,385.1897,75.1401,75.8007,7,1,1.0,1,1.0,1,0.9636,1,0.9242,1.8663933541489337,3.1036961376515415,7,1,1,1,1
cell_subsample,0.9,4,89,xenium_human_kidney_nondiseased,378.0447,68.341,69.9752,3,0,1.0,1,1.0,1,1.0,1,0.9365,2.0225631284830685,2.713290765687369,3,0,1,1,1
cell_subsample,0.9,4,90,xenium_human_kidney_nondiseased,367.5228,83.912,86.0373,4,0,1.0,0,1.0,1,1.0,1,0.9333,1.7019087074746047,3.8356163856694945,4,0,0,1,1
cell_subsample,0.9,4,91,xenium_human_kidney_nondiseased,367.5577,58.743,59.6442,2,0,1.0,1,1.0,1,1.0,1,1.0,2.1032226162026166,2.4286845386772966,2,0,1,1,1
cell_subsample,0.9,4,92,xenium_human_kidney_nondiseased,383.2728,65.9585,67.668,6,0,1.0,0,1.0,1,1.0,1,1.0,1.9287556825680086,1.9132616374760487,6,0,0,1,1
cell_subsample,0.9,4,93,xenium_human_kidney_nondiseased,389.2298,62.1645,67.2434,25,0,1.0,0,1.0,0,1.0,1,1.0,2.0717038236173733,3.4681288403257433,25,0,0,0,1
cell_subsample,0.9,4,94,xenium_human_kidney_nondiseased,377.3755,71.1774,71.1774,1,1,1.0,1,1.0,1,1.0,1,1.0,1.7617847472148562,2.085209396699347,1,1,1,1,1
cell_subsample,0.9,4,95,xenium_human_kidney_nondiseased,352.6365,58.5677,58.5677,1,1,1.0,1,1.0,1,1.0,1,1.0,1.9982403292158228,2.8123347635072617,1,1,1,1,1
cell_subsample,0.9,4,96,xenium_human_kidney_nondiseased,367.9491,74.2748,74.405,2,1,1.0,1,1.0,1,1.0,1,0.9451,1.9102111714345336,2.261984273036344,2,1,1,1,1
cell_subsample,0.9,4,97,xenium_human_kidney_nondiseased,384.5744,74.7465,74.7465,1,1,1.0,1,1.0,1,1.0,1,0.9565,1.887578184014507,2.7731005645037614,1,1,1,1,1
cell_subsample,0.9,4,98,xenium_human_kidney_nondiseased,378.4179,85.218,89.8185,28,0,1.0,0,1.0,0,0.9231,1,0.8902,1.6664702036739365,3.8686764181520097,8,0,0,1,1
cell_subsample,0.9,4,99,xenium_human_kidney_nondiseased,373.4104,62.1326,62.1326,1,1,1.0,1,1.0,1,1.0,1,1.0,1.9851686001793294,2.2201447625139923,1,1,1,1,1
cell_subsample,0.75,0,0,xenium_human_kidney_nondiseased,358.5341,55.0871,55.1679,2,1,1.0,1,1.0,1,1.0,1,1.0,3.5695313550461694,3.7554184500530914,2,1,1,1,1
cell_subsample,0.75,0,1,xenium_human_kidney_nondiseased,357.6634,70.8632,74.4626,9,0,1.0,0,1.0,0,1.0,1,0.9342,3.0698535399495794,4.603793834278801,9,0,0,0,1
cell_subsample,0.75,0,2,xenium_human_kidney_nondiseased,356.6248,69.3708,69.3819,2,1,1.0,1,1.0,1,1.0,1,0.9419,3.223998329897098,4.371002431020521,2,1,1,1,1
cell_subsample,0.75,0,3,xenium_human_kidney_nondiseased,355.4005,67.621,67.621,1,1,1.0,1,1.0,1,1.0,1,0.9265,3.173887088253636,4.800313855002555,1,1,1,1,1
cell_subsample,0.75,0,4,xenium_human_kidney_nondiseased,352.0189,54.4661,57.4545,10,0,1.0,0,1.0,1,1.0,1,1.0,3.4402211606526083,3.8581344956391916,10,0,0,1,1
cell_subsample,0.75,0,5,xenium_human_kidney_nondiseased,355.4521,65.486,68.0828,7,0,1.0,0,1.0,1,1.0,1,0.9677,3.2138099491538017,5.078725686487494,7,0,0,1,1
cell_subsample,0.75,0,6,xenium_human_kidney_nondiseased,359.9356,78.8659,82.7047,3,0,1.0,0,1.0,0,1.0,1,0.963,2.5382645878590853,7.09772438549822,3,0,0,0,1
cell_subsample,0.75,0,7,xenium_human_kidney_nondiseased,352.7386,54.8858,57.0012,7,0,1.0,0,1.0,1,1.0,1,1.0,3.392084804335067,3.8258924204738136,7,0,0,1,1
cell_subsample,0.75,0,8,xenium_human_kidney_nondiseased,347.4472,61.4796,61.4796,1,1,1.0,1,1.0,1,1.0,1,1.0,3.401736830428566,4.43397953942949,1,1,1,1,1
cell_subsample,0.75,0,9,xenium_human_kidney_nondiseased,353.3887,70.2012,70.2012,1,1,1.0,1,1.0,1,1.0,1,0.9139,3.065268002394168,5.317894839743542,1,1,1,1,1
cell_subsample,0.75,0,10,xenium_human_kidney_nondiseased,370.0067,60.0133,60.0133,1,1,1.0,1,1.0,1,1.0,1,0.9559,3.2747447490434154,4.728461983557323,1,1,1,1,1
cell_subsample,0.75,0,11,xenium_human_kidney_nondiseased,358.9358,62.8194,69.2006,69,0,1.0,0,1.0,0,1.0,1,0.988,3.387017136995552,5.293495428344508,69,0,0,0,1
cell_subsample,0.75,0,12,xenium_human_kidney_nondiseased,367.2377,58.7145,58.7145,1,1,1.0,1,1.0,1,1.0,1,0.9851,3.480744817347309,5.010432618446306,1,1,1,1,1
cell_subsample,0.75,0,13,xenium_human_kidney_nondiseased,369.8337,62.9089,67.1377,15,0,1.0,0,1.0,0,1.0,1,1.0,3.213447860648462,4.7546983393386055,15,0,0,0,1
cell_subsample,0.75,0,14,xenium_human_kidney_nondiseased,376.6302,88.7807,88.7807,1,1,1.0,1,1.0,1,1.0,1,0.9836,2.4654557211839543,5.526942130733038,1,1,1,1,1
cell_subsample,0.75,0,15,xenium_human_kidney_nondiseased,375.749,55.7185,57.9324,5,0,1.0,0,1.0,1,1.0,1,1.0,3.503384484642095,4.178621311278129,5,0,0,1,1
cell_subsample,0.75,0,16,xenium_human_kidney_nondiseased,369.0174,59.519,61.4079,10,0,0.75,0,0.875,1,0.96,1,0.9787,3.3330751836444885,5.485060136323559,10,0,0,1,1
cell_subsample,0.75,0,17,xenium_human_kidney_nondiseased,368.0776,66.2106,68.9179,12,0,1.0,0,1.0,1,1.0,1,0.9873,2.9467896178567554,3.8666455622268803,12,0,0,1,1
cell_subsample,0.75,0,18,xenium_human_kidney_nondiseased,383.3639,64.7085,64.7085,1,1,1.0,1,1.0,1,1.0,1,0.9885,3.1956230077868586,4.359109391012641,1,1,1,1,1
cell_subsample,0.75,0,19,xenium_human_kidney_nondiseased,377.319,66.2135,68.3252,11,0,1.0,0,1.0,1,1.0,1,0.982,3.3936895460125567,4.643293587677306,11,0,0,1,1
cell_subsample,0.75,0,20,xenium_human_kidney_nondiseased,379.0215,76.0854,82.0587,42,0,1.0,0,1.0,0,1.0,1,0.9344,2.8592661658881324,5.324680211455017,42,0,0,0,1
cell_subsample,0.75,0,21,xenium_human_kidney_nondiseased,376.942,94.8702,95.8966,2,0,0.0,1,0.6667,1,0.6667,1,0.6667,2.223680797738567,4.007727416303493,1,1,1,1,1
cell_subsample,0.75,0,22,xenium_human_kidney_nondiseased,362.708,68.9536,69.8193,8,0,1.0,1,1.0,1,0.8929,1,0.9333,3.348077003552634,5.754661221204364,8,0,1,1,1
cell_subsample,0.75,0,23,xenium_human_kidney_nondiseased,353.2409,60.3739,60.3739,1,1,1.0,1,1.0,1,1.0,1,1.0,3.5715408185473154,4.220157769948098,1,1,1,1,1
cell_subsample,0.75,0,24,xenium_human_kidney_nondiseased,366.4871,66.6259,66.6259,1,1,1.0,1,1.0,1,1.0,1,0.9815,3.248258063287939,5.054574318611257,1,1,1,1,1
cell_subsample,0.75,0,25,xenium_human_kidney_nondiseased,381.1407,68.4286,68.4286,1,1,1.0,1,1.0,1,1.0,1,0.9535,3.15589071978424,4.823456175001841,1,1,1,1,1
cell_subsample,0.75,0,26,xenium_human_kidney_nondiseased,371.8299,76.1431,76.1431,1,1,1.0,1,1.0,1,1.0,1,1.0,2.9652358955378864,5.411386787579654,1,1,1,1,1
cell_subsample,0.75,0,27,xenium_human_kidney_nondiseased,381.4628,72.2015,72.4886,2,1,1.0,1,1.0,1,1.0,1,0.9808,2.8061580180805636,5.188344158547656,2,1,1,1,1
cell_subsample,0.75,0,28,xenium_human_kidney_nondiseased,372.2704,65.3109,67.6216,5,0,1.0,0,1.0,1,1.0,1,1.0,3.0589692734298795,3.32340007437787,5,0,0,1,1
cell_subsample,0.75,0,29,xenium_human_kidney_nondiseased,370.8861,63.628,67.709,39,0,1.0,0,0.9231,0,0.9643,1,0.9892,3.355754930187831,5.572232590469205,39,0,0,0,1
cell_subsample,0.75,0,30,xenium_human_kidney_nondiseased,378.1187,60.2231,60.2231,1,1,1.0,1,1.0,1,1.0,1,0.9773,3.322066357107216,4.650063764791205,1,1,1,1,1
cell_subsample,0.75,0,31,xenium_human_kidney_nondiseased,374.0598,77.7924,88.0266,267,0,1.0,0,1.0,0,1.0,0,0.9468,2.797401881072441,6.454443389115859,267,0,0,0,0
cell_subsample,0.75,0,32,xenium_human_kidney_nondiseased,369.3367,55.0263,55.3696,2,1,1.0,1,1.0,1,1.0,1,1.0,3.551898843284255,3.8466547279464764,2,1,1,1,1
cell_subsample,0.75,0,33,xenium_human_kidney_nondiseased,352.0027,71.4937,74.3282,19,0,1.0,0,1.0,1,0.9286,1,0.9034,3.228678760967474,5.320471783472526,19,0,0,1,1
cell_subsample,0.75,0,34,xenium_human_kidney_nondiseased,375.7412,90.5825,92.3711,2,0,1.0,0,1.0,1,1.0,1,0.8077,2.343996933702429,4.731292408945795,2,0,0,1,1
cell_subsample,0.75,0,35,xenium_human_kidney_nondiseased,373.5749,66.3804,66.6075,3,1,1.0,1,1.0,1,0.9697,1,0.9508,3.321685997179741,4.721436698151733,3,1,1,1,1
cell_subsample,0.75,0,36,xenium_human_kidney_nondiseased,370.8393,64.9728,65.9067,3,0,1.0,1,1.0,1,1.0,1,0.9528,3.1636191384139414,4.780815620471937,3,0,1,1,1
cell_subsample,0.75,0,37,xenium_human_kidney_nondiseased,366.3839,54.4402,54.4402,1,1,1.0,1,1.0,1,1.0,1,1.0,3.3774256227086967,3.7510268113306933,1,1,1,1,1
cell_subsample,0.75,0,38,xenium_human_kidney_nondiseased,371.2723,77.3585,83.2419,46,0,1.0,0,1.0,0,1.0,1,0.9333,2.8253390819852267,6.653319790883392,372,0,0,0,0
cell_subsample,0.75,0,39,xenium_human_kidney_nondiseased,373.3815,58.4638,58.4638,1,1,1.0,1,1.0,1,1.0,1,1.0,3.30435958085533,3.1166727826788234,1,1,1,1,1
cell_subsample,0.75,0,40,xenium_human_kidney_nondiseased,380.2376,54.4683,55.188,4,0,1.0,1,1.0,1,1.0,1,1.0,3.329539565227728,4.778935435932547,4,0,1,1,1
cell_subsample,0.75,0,41,xenium_human_kidney_nondiseased,370.9656,81.3084,85.5216,48,0,0.5,0,0.8333,0,0.931,1,0.8873,2.8742793808767497,5.389980631763878,48,0,0,0,1
cell_subsample,0.75,0,42,xenium_human_kidney_nondiseased,360.7648,68.3466,68.3466,1,1,1.0,1,1.0,1,1.0,1,1.0,3.173917540623863,4.196936528383718,1,1,1,1,1
cell_subsample,0.75,0,43,xenium_human_kidney_nondiseased,354.4127,81.6526,85.3176,12,0,1.0,0,1.0,0,0.8,1,0.8714,2.850076033487554,6.065743655175775,12,0,0,0,1
cell_subsample,0.75,0,44,xenium_human_kidney_nondiseased,371.864,86.1595,86.1595,1,1,1.0,1,1.0,1,1.0,1,0.9231,2.509933667269305,5.882420685488353,1,1,1,1,1
cell_subsample,0.75,0,45,xenium_human_kidney_nondiseased,387.5678,58.4664,58.4664,1,1,1.0,1,1.0,1,1.0,1,1.0,3.454025711243587,3.383083006678549,1,1,1,1,1
cell_subsample,0.75,0,46,xenium_human_kidney_nondiseased,384.5622,71.5535,72.3875,3,0,1.0,1,1.0,1,1.0,1,0.9478,3.13855133664412,4.46677150319572,3,0,1,1,1
cell_subsample,0.75,0,47,xenium_human_kidney_nondiseased,371.9949,60.1915,60.1915,1,1,1.0,1,1.0,1,1.0,1,1.0,3.4447308619828103,2.982451706352435,1,1,1,1,1
cell_subsample,0.75,0,48,xenium_human_kidney_nondiseased,376.2797,76.8102,77.565,4,0,1.0,1,1.0,1,1.0,1,0.9485,2.9962157794035713,5.851352705740698,4,0,1,1,1
cell_subsample,0.75,0,49,xenium_human_kidney_nondiseased,382.3286,69.7665,69.7665,1,1,1.0,1,1.0,1,0.9091,1,0.9773,3.113593556340923,3.656422162307791,1,1,1,1,1
cell_subsample,0.75,0,50,xenium_human_kidney_nondiseased,371.7199,68.1069,68.1958,2,1,1.0,1,1.0,1,1.0,1,1.0,3.1713670072672064,4.981233484271692,2,1,1,1,1
cell_subsample,0.75,0,51,xenium_human_kidney_nondiseased,370.5449,64.6732,69.0348,13,0,1.0,0,1.0,0,1.0,1,0.9815,3.3330582874906853,5.8064645814503155,13,0,0,0,1
cell_subsample,0.75,0,52,xenium_human_kidney_nondiseased,377.2051,57.4321,57.4778,2,1,1.0,1,1.0,1,1.0,1,1.0,3.351418905601373,5.533756960858919,2,1,1,1,1
cell_subsample,0.75,0,53,xenium_human_kidney_nondiseased,375.5796,58.9097,63.8991,17,0,1.0,0,1.0,0,1.0,1,1.0,3.337482329250444,4.703752399393039,17,0,0,0,1
cell_subsample,0.75,0,54,xenium_human_kidney_nondiseased,389.1317,66.8666,71.1641,3,0,1.0,0,1.0,0,1.0,1,0.9783,3.046622703738588,5.754033420251249,3,0,0,0,1
cell_subsample,0.75,0,55,xenium_human_kidney_nondiseased,374.201,61.9982,61.9982,1,1,1.0,1,1.0,1,1.0,1,0.9643,3.110230828800288,3.086483017865637,1,1,1,1,1
cell_subsample,0.75,0,56,xenium_human_kidney_nondiseased,373.1912,61.0214,61.8053,2,0,1.0,1,1.0,1,1.0,1,1.0,3.2641508606088436,5.673868137839398,2,0,1,1,1
cell_subsample,0.75,0,57,xenium_human_kidney_nondiseased,362.0075,72.12,74.1896,12,0,1.0,0,1.0,1,0.9375,1,0.9423,3.058703846641646,5.917143229319151,12,0,0,1,1
cell_subsample,0.75,0,58,xenium_human_kidney_nondiseased,382.0701,67.9544,74.4064,61,0,1.0,0,1.0,0,1.0,1,0.971,3.1043236583770417,5.556517868190822,61,0,0,0,1
cell_subsample,0.75,0,59,xenium_human_kidney_nondiseased,384.964,64.3246,64.3246,1,1,1.0,1,1.0,1,1.0,1,0.9828,3.282499887172154,4.427028885727283,1,1,1,1,1
cell_subsample,0.75,0,60,xenium_human_kidney_nondiseased,369.7554,82.111,84.4521,15,0,1.0,0,1.0,1,1.0,1,0.9262,2.7701267736284527,5.430528640423244,15,0,0,1,1
cell_subsample,0.75,0,61,xenium_human_kidney_nondiseased,353.3258,62.7991,66.1409,18,0,1.0,0,1.0,1,1.0,1,0.9737,3.0623638286090737,5.713973326523603,18,0,0,1,1
cell_subsample,0.75,0,62,xenium_human_kidney_nondiseased,350.5835,77.9745,78.857,2,0,1.0,1,1.0,1,1.0,1,0.9615,2.8147838975308783,4.730569169629797,2,0,1,1,1
cell_subsample,0.75,0,63,xenium_human_kidney_nondiseased,385.7609,78.1028,80.2761,4,0,1.0,0,1.0,1,1.0,1,0.9861,2.952157290159729,5.211337132320626,4,0,0,1,1
cell_subsample,0.75,0,64,xenium_human_kidney_nondiseased,371.7171,100.8298,102.7152,6,0,1.0,0,1.0,1,1.0,1,0.9082,2.339915923158255,8.952112904478861,105,0,0,0,0
cell_subsample,0.75,0,65,xenium_human_kidney_nondiseased,356.9209,65.2969,67.8388,6,0,1.0,0,1.0,1,1.0,1,1.0,3.2024663430109417,2.74504312133788,6,0,0,1,1
cell_subsample,0.75,0,66,xenium_human_kidney_nondiseased,351.1017,57.6253,58.6218,2,0,1.0,1,1.0,1,1.0,1,1.0,3.4918837049754843,4.568836810955359,2,0,1,1,1
cell_subsample,0.75,0,67,xenium_human_kidney_nondiseased,375.8322,83.9108,83.9108,1,1,1.0,1,1.0,1,1.0,1,0.9018,2.841851928857326,6.410031617135471,1,1,1,1,1
cell_subsample,0.75,0,68,xenium_human_kidney_nondiseased,364.5331,56.79,57.5991,2,0,1.0,1,1.0,1,1.0,1,1.0,3.2152351200804064,4.755752720279262,2,0,1,1,1
cell_subsample,0.75,0,69,xenium_human_kidney_nondiseased,347.7715,81.0997,81.8053,4,0,1.0,1,1.0,1,1.0,1,0.9266,2.797744715821121,6.387677867079667,4,0,1,1,1
cell_subsample,0.75,0,70,xenium_human_kidney_nondiseased,344.3803,70.5892,71.7206,6,0,1.0,1,1.0,1,1.0,1,0.973,3.0388850511643666,4.098207614223518,6,0,1,1,1
cell_subsample,0.75,0,71,xenium_human_kidney_nondiseased,346.7363,65.7592,67.5446,5,0,1.0,0,1.0,1,1.0,1,0.9867,3.2713515691325536,4.552423044507478,5,0,0,1,1
cell_subsample,0.75,0,72,xenium_human_kidney_nondiseased,353.9313,54.5407,54.5407,1,1,1.0,1,1.0,1,1.0,1,1.0,3.428313694493294,4.093215927156816,1,1,1,1,1
cell_subsample,0.75,0,73,xenium_human_kidney_nondiseased,367.4177,71.5473,75.5651,20,0,1.0,0,1.0,0,1.0,1,0.9848,2.8357789403665237,4.726672146694128,20,0,0,0,1
cell_subsample,0.75,0,74,xenium_human_kidney_nondiseased,351.0051,69.5529,72.1227,4,0,1.0,0,1.0,1,1.0,1,1.0,3.169235734285154,4.590031549313701,4,0,0,1,1
cell_subsample,0.75,0,75,xenium_human_kidney_nondiseased,350.4191,77.9849,77.9849,1,1,1.0,1,1.0,1,1.0,1,0.918,3.035599338650369,5.105100143695194,1,1,1,1,1
cell_subsample,0.75,0,76,xenium_human_kidney_nondiseased,349.1445,65.9228,65.9228,1,1,1.0,1,1.0,1,1.0,1,0.9722,3.2810696081060278,4.6195677910596045,1,1,1,1,1
cell_subsample,0.75,0,77,xenium_human_kidney_nondiseased,363.0245,77.0108,79.0831,9,0,1.0,0,1.0,1,1.0,1,0.9677,2.723201439311407,3.51631520602848,9,0,0,1,1
cell_subsample,0.75,0,78,xenium_human_kidney_nondiseased,359.8212,55.8948,55.8948,1,1,1.0,1,1.0,1,1.0,1,1.0,3.397601987952508,4.038608529789691,1,1,1,1,1
cell_subsample,0.75,0,79,xenium_human_kidney_nondiseased,349.9553,73.8989,73.8989,1,1,1.0,1,0.75,1,0.9524,1,0.9636,3.150104180040472,4.7109747629737955,1,1,1,1,1
cell_subsample,0.75,0,80,xenium_human_kidney_nondiseased,348.7141,61.4775,64.879,9,0,1.0,0,1.0,1,1.0,1,0.98,3.285102287791648,5.5961898074031495,9,0,0,1,1
cell_subsample,0.75,0,81,xenium_human_kidney_nondiseased,348.8148,70.616,70.616,1,1,1.0,1,1.0,1,1.0,1,1.0,3.162534051699351,4.856762317041926,1,1,1,1,1
cell_subsample,0.75,0,82,xenium_human_kidney_nondiseased,357.9278,67.1344,68.1986,5,0,1.0,1,1.0,1,1.0,1,0.9859,3.1114817335824347,4.452745388543825,5,0,1,1,1
cell_subsample,0.75,0,83,xenium_human_kidney_nondiseased,363.9907,65.8154,68.6309,6,0,1.0,0,0.5,1,0.8889,1,0.9516,3.1196323595903097,5.051108343534604,6,0,0,1,1
cell_subsample,0.75,0,84,xenium_human_kidney_nondiseased,358.3772,42.4762,42.4762,1,1,1.0,1,1.0,1,1.0,1,1.0,3.7324204939875294,2.7044263805677557,1,1,1,1,1
cell_subsample,0.75,0,85,xenium_human_kidney_nondiseased,353.4266,95.6316,95.6316,1,1,1.0,1,1.0,1,1.0,1,0.9333,2.186811621937963,6.003604797137611,1,1,1,1,1
cell_subsample,0.75,0,86,xenium_human_kidney_nondiseased,355.6436,58.2252,58.2252,1,1,1.0,1,1.0,1,1.0,1,0.9744,3.3422364354100775,4.27471480465113,1,1,1,1,1
cell_subsample,0.75,0,87,xenium_human_kidney_nondiseased,364.8534,73.5669,73.5669,1,1,1.0,1,1.0,1,1.0,1,1.0,2.781413011435144,5.7571625095102545,1,1,1,1,1
cell_subsample,0.75,0,88,xenium_human_kidney_nondiseased,362.3022,75.1401,78.456,52,0,1.0,0,1.0,1,1.0,1,0.9005,2.9568051077239264,5.944698390572257,52,0,0,1,1
cell_subsample,0.75,0,89,xenium_human_kidney_nondiseased,348.9313,68.341,69.9752,3,0,1.0,1,1.0,1,0.875,1,0.9206,3.181090350847107,3.9345174703033585,3,0,1,1,1
cell_subsample,0.75,0,90,xenium_human_kidney_nondiseased,351.51,83.912,83.912,1,1,1.0,1,1.0,1,1.0,1,0.9333,2.6891495989240246,5.39987050413564,1,1,1,1,1
cell_subsample,0.75,0,91,xenium_human_kidney_nondiseased,359.9012,58.743,59.6442,2,0,1.0,1,1.0,1,1.0,1,0.973,3.445311618153067,5.67918969942159,2,0,1,1,1
cell_subsample,0.75,0,92,xenium_human_kidney_nondiseased,365.9647,65.9585,68.7675,13,0,1.0,0,1.0,1,1.0,1,0.9744,3.1485876520031875,4.969355004129058,13,0,0,1,1
cell_subsample,0.75,0,93,xenium_human_kidney_nondiseased,349.4632,62.1645,63.4357,6,0,1.0,1,1.0,1,1.0,1,1.0,3.3024294899836777,4.239673546590008,6,0,1,1,1
cell_subsample,0.75,0,94,xenium_human_kidney_nondiseased,346.9389,71.1774,71.1774,1,1,1.0,1,1.0,1,1.0,1,0.988,2.965518611413732,3.416064456830521,1,1,1,1,1
cell_subsample,0.75,0,95,xenium_human_kidney_nondiseased,350.6214,58.5677,58.5677,1,1,1.0,1,1.0,1,1.0,1,1.0,3.2298477390503657,3.9934036175369516,1,1,1,1,1
cell_subsample,0.75,0,96,xenium_human_kidney_nondiseased,361.1351,74.2748,74.5796,3,1,1.0,1,1.0,1,1.0,1,0.9451,3.0260734443096795,4.977045035980716,3,1,1,1,1
cell_subsample,0.75,0,97,xenium_human_kidney_nondiseased,367.9507,74.7465,78.3077,4,0,1.0,0,1.0,0,1.0,1,0.9565,2.930440034982452,5.10246681605849,4,0,0,0,1
cell_subsample,0.75,0,98,xenium_human_kidney_nondiseased,353.7635,85.218,87.2321,5,0,1.0,0,1.0,1,1.0,1,0.939,2.7224511322024045,4.780195736495946,5,0,0,1,1
cell_subsample,0.75,0,99,xenium_human_kidney_nondiseased,352.8092,62.1326,62.1326,1,1,1.0,1,1.0,1,1.0,1,1.0,3.185425196632137,5.092365877919614,1,1,1,1,1
cell_subsample,0.75,1,0,xenium_human_kidney_nondiseased,365.9822,55.0871,55.1679,2,1,1.0,1,1.0,1,1.0,1,1.0,3.550966411354607,2.4177432716409393,2,1,1,1,1
cell_subsample,0.75,1,1,xenium_human_kidney_nondiseased,371.1217,70.8632,74.4626,9,0,1.0,0,1.0,0,1.0,1,0.9737,3.1341756257429143,4.7905139398646766,9,0,0,0,1
cell_subsample,0.75,1,2,xenium_human_kidney_nondiseased,367.8563,69.3708,69.3819,2,1,1.0,1,1.0,1,1.0,1,0.9355,3.1827905754402748,3.835920299483726,2,1,1,1,1
cell_subsample,0.75,1,3,xenium_human_kidney_nondiseased,371.5707,67.621,70.3802,3,0,1.0,0,1.0,1,1.0,1,0.9412,3.203192681157572,4.121148689176196,3,0,0,1,1
cell_subsample,0.75,1,4,xenium_human_kidney_nondiseased,374.9166,54.4661,57.1983,9,0,1.0,0,1.0,1,1.0,1,1.0,3.4722633410719395,4.791399289653829,9,0,0,1,1
cell_subsample,0.75,1,5,xenium_human_kidney_nondiseased,380.5145,65.486,71.3502,38,0,1.0,0,1.0,0,1.0,1,0.9677,3.194180744239546,4.901183044792968,38,0,0,0,1
cell_subsample,0.75,1,6,xenium_human_kidney_nondiseased,382.8885,78.8659,78.8659,1,1,1.0,1,1.0,1,1.0,1,1.0,2.546525038866681,4.843556268557176,1,1,1,1,1
cell_subsample,0.75,1,7,xenium_human_kidney_nondiseased,368.1667,54.8858,55.8743,3,0,1.0,1,1.0,1,1.0,1,1.0,3.394745752092158,3.8770232898832724,3,0,1,1,1
cell_subsample,0.75,1,8,xenium_human_kidney_nondiseased,362.4162,61.4796,61.4796,1,1,1.0,1,1.0,1,1.0,1,1.0,3.3711960500948583,3.8151433094152916,1,1,1,1,1
cell_subsample,0.75,1,9,xenium_human_kidney_nondiseased,372.0618,70.2012,70.2012,1,1,1.0,1,1.0,1,0.9737,1,0.8742,3.0556181374366207,6.284877075248947,1,1,1,1,1
cell_subsample,0.75,1,10,xenium_human_kidney_nondiseased,383.0945,60.0133,60.0133,1,1,1.0,1,1.0,1,1.0,1,0.9706,3.2531999918084544,5.357691483375701,1,1,1,1,1
cell_subsample,0.75,1,11,xenium_human_kidney_nondiseased,382.2449,62.8194,63.6871,4,0,1.0,1,1.0,1,1.0,1,0.9759,3.376093577094914,5.217209889932031,4,0,1,1,1
cell_subsample,0.75,1,12,xenium_human_kidney_nondiseased,369.6172,58.7145,66.2112,78,0,1.0,0,1.0,0,1.0,0,1.0,3.446173714930837,4.3312848720184896,78,0,0,0,0
cell_subsample,0.75,1,13,xenium_human_kidney_nondiseased,364.6062,62.9089,66.0901,5,0,1.0,0,1.0,1,1.0,1,1.0,3.189628016657217,3.913278569252556,5,0,0,1,1
cell_subsample,0.75,1,14,xenium_human_kidney_nondiseased,366.6943,88.7807,92.0911,5,0,1.0,0,1.0,1,1.0,1,0.9672,2.299489517581375,6.557855455353223,5,0,0,1,1
cell_subsample,0.75,1,15,xenium_human_kidney_nondiseased,384.0249,55.7185,56.3904,2,1,1.0,1,1.0,1,1.0,1,1.0,3.5614141284120913,4.647148268718688,2,1,1,1,1
cell_subsample,0.75,1,16,xenium_human_kidney_nondiseased,384.0198,59.519,62.9284,25,0,1.0,0,1.0,1,1.0,1,1.0,3.4046410042136603,5.510180847026059,25,0,0,1,1
cell_subsample,0.75,1,17,xenium_human_kidney_nondiseased,373.8023,66.2106,66.4267,4,1,1.0,1,1.0,1,0.9375,1,0.962,2.916185771646643,5.008216696184624,4,1,1,1,1
cell_subsample,0.75,1,18,xenium_human_kidney_nondiseased,366.9314,64.7085,66.1858,7,0,1.0,1,1.0,1,1.0,1,1.0,3.152809725784927,4.262448578052431,7,0,1,1,1
cell_subsample,0.75,1,19,xenium_human_kidney_nondiseased,368.6767,66.2135,68.1678,10,0,1.0,0,1.0,1,1.0,1,0.982,3.3250939121084544,4.303221477156336,10,0,0,1,1
cell_subsample,0.75,1,20,xenium_human_kidney_nondiseased,382.338,76.0854,80.5021,13,0,1.0,0,1.0,0,1.0,1,0.9344,2.83771256764246,6.947248780099826,13,0,0,0,1
cell_subsample,0.75,1,21,xenium_human_kidney_nondiseased,384.0602,94.8702,96.6839,4,0,0.0,0,0.6667,1,0.6667,1,0.6667,2.359341981293064,3.921118799426991,1,1,1,1,1
cell_subsample,0.75,1,22,xenium_human_kidney_nondiseased,369.0229,68.9536,71.5339,17,0,1.0,0,1.0,1,1.0,1,0.9619,3.3104032957773337,5.742942813832037,17,0,0,1,1
cell_subsample,0.75,1,23,xenium_human_kidney_nondiseased,376.7117,60.3739,60.3739,1,1,1.0,1,1.0,1,1.0,1,1.0,3.5863009841626954,3.7333845605995353,1,1,1,1,1
cell_subsample,0.75,1,24,xenium_human_kidney_nondiseased,387.1211,66.6259,66.8235,2,1,1.0,1,1.0,1,1.0,1,1.0,3.2177039232047124,5.9439369838492135,2,1,1,1,1
cell_subsample,0.75,1,25,xenium_human_kidney_nondiseased,389.7308,68.4286,68.4286,1,1,1.0,1,1.0,1,1.0,1,0.9535,3.1834723155995412,4.764845163040905,1,1,1,1,1
cell_subsample,0.75,1,26,xenium_human_kidney_nondiseased,359.7343,76.1431,76.1431,1,1,1.0,1,1.0,1,1.0,1,1.0,2.969276433899694,4.577614040732089,1,1,1,1,1
cell_subsample,0.75,1,27,xenium_human_kidney_nondiseased,387.8049,72.2015,72.5518,3,1,1.0,1,1.0,1,1.0,1,0.9808,2.7856219219342693,4.044436405964695,3,1,1,1,1
cell_subsample,0.75,1,28,xenium_human_kidney_nondiseased,391.4362,65.3109,66.3499,2,0,1.0,1,1.0,1,1.0,1,1.0,3.1116882202992615,4.00615038723597,2,0,1,1,1
cell_subsample,0.75,1,29,xenium_human_kidney_nondiseased,392.5532,63.628,65.0686,11,0,1.0,1,0.9231,1,0.9643,1,0.9892,3.2749372866100095,3.8832858701782946,11,0,1,1,1
cell_subsample,0.75,1,30,xenium_human_kidney_nondiseased,406.3742,60.2231,60.2231,1,1,1.0,1,1.0,1,1.0,1,0.9545,3.379782439697331,5.922081795532014,1,1,1,1,1
cell_subsample,0.75,1,31,xenium_human_kidney_nondiseased,376.8521,77.7924,77.7924,1,1,1.0,1,1.0,1,1.0,1,0.9787,2.781674901819093,4.373056034882875,1,1,1,1,1
cell_subsample,0.75,1,32,xenium_human_kidney_nondiseased,365.7615,55.0263,55.3696,2,1,1.0,1,1.0,1,1.0,1,1.0,3.4831421065183084,3.0509644925896406,2,1,1,1,1
cell_subsample,0.75,1,33,xenium_human_kidney_nondiseased,368.3241,71.4937,71.4937,1,1,1.0,1,1.0,1,1.0,1,0.9379,3.1828385133650183,4.368663239091494,1,1,1,1,1
cell_subsample,0.75,1,34,xenium_human_kidney_nondiseased,383.284,90.5825,90.5825,1,1,1.0,1,1.0,1,1.0,1,0.7692,2.3486300162487748,5.720795241905026,9,0,0,0,1
cell_subsample,0.75,1,35,xenium_human_kidney_nondiseased,383.5012,66.3804,69.2218,23,0,1.0,0,1.0,1,0.9697,1,0.959,3.3051698103702623,5.873725612108691,23,0,0,1,1
cell_subsample,0.75,1,36,xenium_human_kidney_nondiseased,372.7222,64.9728,67.3733,15,0,1.0,0,1.0,1,1.0,1,0.9434,3.204228258212181,6.050655209531179,15,0,0,1,1
cell_subsample,0.75,1,37,xenium_human_kidney_nondiseased,370.8724,54.4402,54.4402,1,1,1.0,1,1.0,1,1.0,1,1.0,3.391811322403742,4.5394186367315745,1,1,1,1,1
cell_subsample,0.75,1,38,xenium_human_kidney_nondiseased,366.7568,77.3585,82.2723,27,0,1.0,0,1.0,0,1.0,1,0.92,2.8306774807194017,7.283976015524518,27,0,0,0,1
cell_subsample,0.75,1,39,xenium_human_kidney_nondiseased,383.4751,58.4638,64.8801,36,0,1.0,0,1.0,0,1.0,1,1.0,3.32264279100557,5.161857431594236,36,0,0,0,1
cell_subsample,0.75,1,40,xenium_human_kidney_nondiseased,385.6857,54.4683,56.0295,5,0,1.0,1,1.0,1,1.0,1,1.0,3.325018468817054,4.695966768139191,5,0,1,1,1
cell_subsample,0.75,1,41,xenium_human_kidney_nondiseased,372.2669,81.3084,84.0494,16,0,0.5,0,0.8333,1,0.9655,1,0.9507,2.917545912027796,4.905574741003832,16,0,0,1,1
cell_subsample,0.75,1,42,xenium_human_kidney_nondiseased,375.6634,68.3466,70.3894,2,0,1.0,0,1.0,1,1.0,1,1.0,3.1824247540637463,4.02207688963669,2,0,0,1,1
cell_subsample,0.75,1,43,xenium_human_kidney_nondiseased,383.1336,81.6526,85.8556,14,0,1.0,0,1.0,0,0.8,1,0.8857,2.8534261871462894,5.838946635108022,14,0,0,0,1
cell_subsample,0.75,1,44,xenium_human_kidney_nondiseased,379.3098,86.1595,87.3914,2,0,1.0,1,1.0,1,1.0,1,0.9385,2.4610949417675054,5.389631462266191,2,0,1,1,1
cell_subsample,0.75,1,45,xenium_human_kidney_nondiseased,367.0448,58.4664,62.258,20,0,1.0,0,1.0,0,1.0,1,1.0,3.4631618152453756,4.226688607510068,20,0,0,0,1
cell_subsample,0.75,1,46,xenium_human_kidney_nondiseased,357.128,71.5535,73.1672,6,0,1.0,1,1.0,1,1.0,1,0.9652,3.1129074939097534,4.706952078893509,6,0,1,1,1
cell_subsample,0.75,1,47,xenium_human_kidney_nondiseased,359.6727,60.1915,64.1731,3,0,1.0,0,1.0,0,1.0,1,1.0,3.441017244550403,3.5118354288258478,3,0,0,0,1
cell_subsample,0.75,1,48,xenium_human_kidney_nondiseased,371.5827,76.8102,77.6272,5,0,1.0,1,1.0,1,0.96,1,0.9794,2.9759358761009898,5.446396670855817,5,0,1,1,1
cell_subsample,0.75,1,49,xenium_human_kidney_nondiseased,386.8892,69.7665,74.4908,29,0,1.0,0,1.0,0,1.0,1,0.9773,3.138605954443623,5.0279431876546905,29,0,0,0,1
cell_subsample,0.75,1,50,xenium_human_kidney_nondiseased,373.7057,68.1069,72.0832,29,0,1.0,0,1.0,0,1.0,1,1.0,3.165054918553399,5.214069677480442,29,0,0,0,1
cell_subsample,0.75,1,51,xenium_human_kidney_nondiseased,351.2103,64.6732,64.6732,1,1,1.0,1,1.0,1,1.0,1,0.9815,3.2059349662132033,4.228177308996848,1,1,1,1,1
cell_subsample,0.75,1,52,xenium_human_kidney_nondiseased,358.5118,57.4321,60.4416,5,0,1.0,0,1.0,1,1.0,1,1.0,3.404942384445451,4.499889185932403,5,0,0,1,1
cell_subsample,0.75,1,53,xenium_human_kidney_nondiseased,376.3717,58.9097,58.9097,1,1,1.0,1,1.0,1,1.0,1,1.0,3.349397654085945,5.175260049154849,1,1,1,1,1
cell_subsample,0.75,1,54,xenium_human_kidney_nondiseased,381.8942,66.8666,71.5705,8,0,1.0,0,1.0,0,1.0,1,0.9783,3.058844909879212,5.282173969030696,8,0,0,0,1
cell_subsample,0.75,1,55,xenium_human_kidney_nondiseased,359.4139,61.9982,68.5485,49,0,1.0,0,1.0,0,1.0,1,0.9821,3.2144999409230652,5.1691902090647615,49,0,0,0,1
cell_subsample,0.75,1,56,xenium_human_kidney_nondiseased,355.3984,61.0214,61.8053,2,0,1.0,1,1.0,1,1.0,1,1.0,3.2980588872219943,5.1005694471978975,2,0,1,1,1
cell_subsample,0.75,1,57,xenium_human_kidney_nondiseased,355.8321,72.12,74.1896,12,0,1.0,0,1.0,1,0.9375,1,0.9359,2.994034014427014,5.347516571419004,12,0,0,1,1
cell_subsample,0.75,1,58,xenium_human_kidney_nondiseased,375.4859,67.9544,68.3745,3,1,1.0,1,1.0,1,1.0,1,0.9855,3.084321952211498,3.5867754992807335,3,1,1,1,1
cell_subsample,0.75,1,59,xenium_human_kidney_nondiseased,382.9087,64.3246,71.0432,53,0,1.0,0,1.0,0,1.0,1,0.9828,3.377243694354956,6.438560737026445,53,0,0,0,1
cell_subsample,0.75,1,60,xenium_human_kidney_nondiseased,356.4062,82.111,82.111,1,1,1.0,1,1.0,1,0.9688,1,0.9396,2.750280865718326,6.234145225009759,1,1,1,1,1
cell_subsample,0.75,1,61,xenium_human_kidney_nondiseased,353.4197,62.7991,66.1409,18,0,1.0,0,1.0,1,1.0,1,0.9868,2.9987081585564397,4.33601631129364,18,0,0,1,1
cell_subsample,0.75,1,62,xenium_human_kidney_nondiseased,373.317,77.9745,83.3581,11,0,1.0,0,1.0,0,1.0,1,0.9615,2.7287954414885807,5.641194327056555,11,0,0,0,1
cell_subsample,0.75,1,63,xenium_human_kidney_nondiseased,370.4533,78.1028,78.3155,2,1,1.0,1,1.0,1,1.0,1,0.9306,2.9951316750235044,5.100128845815505,2,1,1,1,1
cell_subsample,0.75,1,64,xenium_human_kidney_nondiseased,353.276,100.8298,102.0245,4,0,1.0,1,1.0,1,1.0,1,0.9082,2.340867412377658,6.939026086915946,105,0,0,0,0
cell_subsample,0.75,1,65,xenium_human_kidney_nondiseased,352.9208,65.2969,69.6677,21,0,1.0,0,1.0,0,1.0,1,1.0,3.29015305897736,5.644053512112882,21,0,0,0,1
cell_subsample,0.75,1,66,xenium_human_kidney_nondiseased,355.3071,57.6253,59.0276,3,0,1.0,1,1.0,1,1.0,1,1.0,3.4527034889750383,4.168894481110472,3,0,1,1,1
cell_subsample,0.75,1,67,xenium_human_kidney_nondiseased,372.8029,83.9108,83.9108,1,1,1.0,1,0.9,1,0.8519,1,0.8896,2.7864722306977576,5.399759095278717,1,1,1,1,1
cell_subsample,0.75,1,68,xenium_human_kidney_nondiseased,381.1743,56.79,56.79,1,1,1.0,1,1.0,1,1.0,1,1.0,3.2115490080146554,4.148588027914587,1,1,1,1,1
cell_subsample,0.75,1,69,xenium_human_kidney_nondiseased,366.5271,81.0997,81.3042,2,1,1.0,1,1.0,1,0.9375,1,0.8807,2.77554533085974,5.592697629696585,2,1,1,1,1
cell_subsample,0.75,1,70,xenium_human_kidney_nondiseased,351.7668,70.5892,72.3908,8,0,1.0,0,1.0,1,1.0,1,0.9459,3.0653236025281947,5.57733979220028,8,0,0,1,1
cell_subsample,0.75,1,71,xenium_human_kidney_nondiseased,351.3625,65.7592,65.7857,2,1,1.0,1,1.0,1,0.9231,1,0.9467,3.2230405537367455,4.514819303339791,2,1,1,1,1
cell_subsample,0.75,1,72,xenium_human_kidney_nondiseased,363.6248,54.5407,56.8254,4,0,1.0,0,1.0,1,1.0,1,1.0,3.4574536657965784,4.6586683051372875,4,0,0,1,1
cell_subsample,0.75,1,73,xenium_human_kidney_nondiseased,370.2971,71.5473,73.1064,4,0,1.0,1,1.0,1,1.0,1,1.0,2.906832178781365,6.165858159890944,4,0,1,1,1
cell_subsample,0.75,1,74,xenium_human_kidney_nondiseased,359.0394,69.5529,70.7151,2,0,1.0,1,1.0,1,1.0,1,1.0,3.2465892733995214,5.712833003225458,2,0,1,1,1
cell_subsample,0.75,1,75,xenium_human_kidney_nondiseased,356.5601,77.9849,84.0708,97,0,1.0,0,1.0,0,0.9474,1,0.9016,3.0560554727664555,4.68822639872497,97,0,0,0,1
cell_subsample,0.75,1,76,xenium_human_kidney_nondiseased,364.3629,65.9228,65.9228,1,1,1.0,1,1.0,1,1.0,1,1.0,3.3376398957080036,4.3483223001576485,1,1,1,1,1
cell_subsample,0.75,1,77,xenium_human_kidney_nondiseased,375.0972,77.0108,79.3375,11,0,1.0,0,1.0,1,1.0,1,0.9274,2.7143064002016697,5.953333876296963,11,0,0,1,1
cell_subsample,0.75,1,78,xenium_human_kidney_nondiseased,374.0431,55.8948,61.4617,11,0,1.0,0,1.0,0,1.0,1,1.0,3.3693351155736564,4.346593291724249,11,0,0,0,1
cell_subsample,0.75,1,79,xenium_human_kidney_nondiseased,361.3656,73.8989,77.578,24,0,1.0,0,1.0,0,1.0,1,0.9727,3.102833260438081,4.117304267501126,24,0,0,0,1
cell_subsample,0.75,1,80,xenium_human_kidney_nondiseased,360.002,61.4775,65.0986,12,0,1.0,0,1.0,0,1.0,1,1.0,3.2904705494953355,6.210644168561355,12,0,0,0,1
cell_subsample,0.75,1,81,xenium_human_kidney_nondiseased,368.693,70.616,70.616,1,1,1.0,1,1.0,1,1.0,1,0.9762,3.1162967444825216,5.041046194693803,1,1,1,1,1
cell_subsample,0.75,1,82,xenium_human_kidney_nondiseased,359.5979,67.1344,68.2089,6,0,1.0,1,1.0,1,1.0,1,1.0,3.0813936129971276,3.8561189489473353,6,0,1,1,1
cell_subsample,0.75,1,83,xenium_human_kidney_nondiseased,344.364,65.8154,67.2487,2,0,1.0,1,1.0,1,1.0,1,0.9839,3.1416657300172295,5.167152100516794,2,0,1,1,1
cell_subsample,0.75,1,84,xenium_human_kidney_nondiseased,342.0623,42.4762,42.4762,1,1,1.0,1,1.0,1,1.0,1,1.0,3.737907028767839,1.7684704008184342,1,1,1,1,1
cell_subsample,0.75,1,85,xenium_human_kidney_nondiseased,342.937,95.6316,95.6316,1,1,1.0,1,1.0,1,1.0,1,0.9333,2.2194123577673217,8.305124523637854,1,1,1,1,1
cell_subsample,0.75,1,86,xenium_human_kidney_nondiseased,350.6744,58.2252,58.7326,2,1,1.0,1,1.0,1,1.0,1,1.0,3.3424989151947404,4.397614937677389,2,1,1,1,1
cell_subsample,0.75,1,87,xenium_human_kidney_nondiseased,353.6911,73.5669,77.1991,8,0,1.0,0,1.0,0,1.0,1,1.0,2.8276047383300855,4.907493856668596,8,0,0,0,1
cell_subsample,0.75,1,88,xenium_human_kidney_nondiseased,346.0252,75.1401,76.2727,15,0,1.0,1,0.9583,1,0.9455,1,0.8768,3.0180542546610405,5.814566525439179,15,0,1,1,1
cell_subsample,0.75,1,89,xenium_human_kidney_nondiseased,341.7079,68.341,71.4196,6,0,1.0,0,1.0,1,0.875,1,0.9206,3.2129539428500773,5.215213612866156,6,0,0,1,1
cell_subsample,0.75,1,90,xenium_human_kidney_nondiseased,343.5267,83.912,83.912,1,1,1.0,1,1.0,1,1.0,1,0.9167,2.671960120032181,4.741985674292564,1,1,1,1,1
cell_subsample,0.75,1,91,xenium_human_kidney_nondiseased,349.4654,58.743,59.6442,2,0,1.0,1,1.0,1,1.0,1,1.0,3.4345460176437985,3.635565762303669,2,0,1,1,1
cell_subsample,0.75,1,92,xenium_human_kidney_nondiseased,351.5848,65.9585,66.7911,2,0,1.0,1,1.0,1,1.0,1,0.9487,3.1709705370535466,5.687969903793549,2,0,1,1,1
cell_subsample,0.75,1,93,xenium_human_kidney_nondiseased,346.4093,62.1645,62.1645,1,1,1.0,1,1.0,1,1.0,1,1.0,3.3522519252772485,4.865542981183341,1,1,1,1,1
cell_subsample,0.75,1,94,xenium_human_kidney_nondiseased,352.2915,71.1774,73.9931,7,0,1.0,0,1.0,1,1.0,1,0.988,2.9219748654601716,5.36925243322838,7,0,0,1,1
cell_subsample,0.75,1,95,xenium_human_kidney_nondiseased,365.074,58.5677,60.7712,6,0,1.0,0,1.0,1,1.0,1,1.0,3.2816792449112735,3.9107579659277487,6,0,0,1,1
cell_subsample,0.75,1,96,xenium_human_kidney_nondiseased,377.2316,74.2748,74.405,2,1,1.0,1,1.0,1,1.0,1,0.9451,3.007448185278378,4.689140885861285,2,1,1,1,1
cell_subsample,0.75,1,97,xenium_human_kidney_nondiseased,372.695,74.7465,82.7382,49,0,1.0,0,1.0,0,1.0,0,0.9565,2.9763115208227524,4.926394314054653,49,0,0,0,0
cell_subsample,0.75,1,98,xenium_human_kidney_nondiseased,367.4273,85.218,90.7039,48,0,1.0,0,1.0,0,0.9231,1,0.939,2.697071144521034,5.445451780862832,48,0,0,0,1
cell_subsample,0.75,1,99,xenium_human_kidney_nondiseased,356.0561,62.1326,67.2114,10,0,1.0,0,1.0,0,1.0,1,1.0,3.239183060493508,6.03009406248086,10,0,0,0,1
cell_subsample,0.75,2,0,xenium_human_kidney_nondiseased,368.019,55.0871,55.1679,2,1,1.0,1,1.0,1,1.0,1,1.0,3.5824074030455937,3.9645690544870997,2,1,1,1,1
cell_subsample,0.75,2,1,xenium_human_kidney_nondiseased,368.1501,70.8632,74.4626,9,0,1.0,0,1.0,0,1.0,1,0.9474,3.07998592762504,4.28712104171744,9,0,0,0,1
cell_subsample,0.75,2,2,xenium_human_kidney_nondiseased,367.1035,69.3708,69.3819,2,1,1.0,1,1.0,1,0.9333,1,0.9097,3.197052108051557,5.22216196519239,2,1,1,1,1
cell_subsample,0.75,2,3,xenium_human_kidney_nondiseased,367.6224,67.621,67.621,1,1,1.0,1,1.0,1,1.0,1,0.9412,3.2121195479058686,4.78108422542745,1,1,1,1,1
cell_subsample,0.75,2,4,xenium_human_kidney_nondiseased,375.2068,54.4661,60.5878,37,0,1.0,0,1.0,0,1.0,1,1.0,3.4040700713886376,3.4027651089764643,37,0,0,0,1
cell_subsample,0.75,2,5,xenium_human_kidney_nondiseased,368.8228,65.486,65.486,1,1,1.0,1,1.0,1,1.0,1,0.9677,3.2481333068034624,4.435079535081127,1,1,1,1,1
cell_subsample,0.75,2,6,xenium_human_kidney_nondiseased,375.962,78.8659,78.8659,1,1,1.0,1,1.0,1,1.0,1,0.9259,2.6081871592374486,4.190048341239499,1,1,1,1,1
cell_subsample,0.75,2,7,xenium_human_kidney_nondiseased,373.3762,54.8858,56.6293,6,0,1.0,0,1.0,1,1.0,1,1.0,3.376158018239652,3.6931742902899694,6,0,0,1,1
cell_subsample,0.75,2,8,xenium_human_kidney_nondiseased,370.9655,61.4796,61.4796,1,1,1.0,1,1.0,1,1.0,1,1.0,3.3766413268251836,5.001761848894545,1,1,1,1,1
cell_subsample,0.75,2,9,xenium_human_kidney_nondiseased,365.8314,70.2012,71.1206,7,0,1.0,1,1.0,1,0.9737,1,0.8874,3.123982922727715,6.255395199182256,7,0,1,1,1
cell_subsample,0.75,2,10,xenium_human_kidney_nondiseased,372.4973,60.0133,63.6151,16,0,1.0,0,1.0,0,1.0,1,0.9706,3.2636612650823618,5.163932977108922,16,0,0,0,1
cell_subsample,0.75,2,11,xenium_human_kidney_nondiseased,374.2662,62.8194,63.6871,4,0,1.0,1,1.0,1,1.0,1,0.9759,3.3531513507669093,4.517904900849174,4,0,1,1,1
cell_subsample,0.75,2,12,xenium_human_kidney_nondiseased,384.617,58.7145,60.844,7,0,1.0,0,1.0,1,1.0,1,1.0,3.424466479565699,3.750550999358422,7,0,0,1,1
cell_subsample,0.75,2,13,xenium_human_kidney_nondiseased,382.9297,62.9089,62.9089,1,1,1.0,1,1.0,1,1.0,1,1.0,3.2575540913501437,5.153192309350599,1,1,1,1,1
cell_subsample,0.75,2,14,xenium_human_kidney_nondiseased,389.453,88.7807,92.0911,5,0,1.0,0,1.0,1,1.0,1,0.9672,2.3814515808790024,5.502666435210491,5,0,0,1,1
cell_subsample,0.75,2,15,xenium_human_kidney_nondiseased,398.0207,55.7185,55.7185,1,1,1.0,1,1.0,1,1.0,1,1.0,3.5602255036387302,4.385958159830905,1,1,1,1,1
cell_subsample,0.75,2,16,xenium_human_kidney_nondiseased,388.4123,59.519,66.0194,81,0,1.0,0,1.0,0,1.0,1,1.0,3.355350208364174,3.7350337674005143,81,0,0,0,1
cell_subsample,0.75,2,17,xenium_human_kidney_nondiseased,386.1125,66.2106,66.2499,2,1,1.0,1,1.0,1,0.875,1,0.9367,2.9427905340118365,6.519801788276123,2,1,1,1,1
cell_subsample,0.75,2,18,xenium_human_kidney_nondiseased,380.6598,64.7085,68.656,26,0,1.0,0,1.0,0,1.0,1,0.977,3.2083721381658545,6.138982319342901,26,0,0,0,1
cell_subsample,0.75,2,19,xenium_human_kidney_nondiseased,388.2704,66.2135,69.0359,19,0,1.0,0,1.0,1,0.9667,1,0.991,3.354678291550142,3.3956618776966896,19,0,0,1,1
cell_subsample,0.75,2,20,xenium_human_kidney_nondiseased,386.5556,76.0854,79.8781,10,0,1.0,0,1.0,0,1.0,1,0.9016,2.863671150358136,7.271050907143947,10,0,0,0,1
cell_subsample,0.75,2,21,xenium_human_kidney_nondiseased,372.3418,94.8702,95.8966,2,0,0.0,1,0.6667,1,0.6667,1,0.75,2.2259425247453324,4.506188527404862,1,1,1,1,1
cell_subsample,0.75,2,22,xenium_human_kidney_nondiseased,362.6164,68.9536,69.145,4,1,1.0,1,1.0,1,1.0,1,0.9429,3.3309757383009955,5.383349234481923,4,1,1,1,1
cell_subsample,0.75,2,23,xenium_human_kidney_nondiseased,357.9891,60.3739,60.3739,1,1,1.0,1,1.0,1,1.0,1,1.0,3.5761573978736676,2.9565992657380287,1,1,1,1,1
cell_subsample,0.75,2,24,xenium_human_kidney_nondiseased,366.2159,66.6259,66.8235,2,1,1.0,1,1.0,1,1.0,1,1.0,3.164631728840702,4.5848294171464214,2,1,1,1,1
cell_subsample,0.75,2,25,xenium_human_kidney_nondiseased,368.2239,68.4286,71.0476,5,0,1.0,0,1.0,1,1.0,1,0.9767,3.177953167313053,4.6458579584025115,5,0,0,1,1
cell_subsample,0.75,2,26,xenium_human_kidney_nondiseased,368.6119,76.1431,76.1431,1,1,1.0,1,1.0,1,1.0,1,1.0,2.9424522180019643,5.521199345440564,1,1,1,1,1
cell_subsample,0.75,2,27,xenium_human_kidney_nondiseased,364.532,72.2015,72.5518,3,1,1.0,1,1.0,1,1.0,1,0.9808,2.8351750011015135,3.7279936414015844,3,1,1,1,1
cell_subsample,0.75,2,28,xenium_human_kidney_nondiseased,363.0592,65.3109,73.0087,55,0,1.0,0,1.0,0,1.0,0,0.9762,3.063461096271755,5.202047093352898,55,0,0,0,0
cell_subsample,0.75,2,29,xenium_human_kidney_nondiseased,386.0932,63.628,64.9391,9,0,1.0,1,1.0,1,1.0,1,1.0,3.2856480728528705,4.179160706469653,9,0,1,1,1
cell_subsample,0.75,2,30,xenium_human_kidney_nondiseased,390.2111,60.2231,63.7911,9,0,1.0,0,1.0,0,1.0,1,0.9773,3.363753883745287,4.336935724121622,9,0,0,0,1
cell_subsample,0.75,2,31,xenium_human_kidney_nondiseased,381.5547,77.7924,83.0147,37,0,1.0,0,1.0,0,1.0,1,0.9894,2.84033618668766,5.101021457167681,37,0,0,0,1
cell_subsample,0.75,2,32,xenium_human_kidney_nondiseased,365.7745,55.0263,55.0263,1,1,1.0,1,1.0,1,1.0,1,0.963,3.5008516333068607,4.201041308493947,1,1,1,1,1
cell_subsample,0.75,2,33,xenium_human_kidney_nondiseased,377.0173,71.4937,75.3682,35,0,1.0,0,1.0,0,0.9286,1,0.9448,3.2146015143127884,4.908714877299841,35,0,0,0,1
cell_subsample,0.75,2,34,xenium_human_kidney_nondiseased,385.3723,90.5825,96.2063,12,0,1.0,0,1.0,0,1.0,1,0.7692,2.3391058901102277,6.016763450065796,12,0,0,0,1
cell_subsample,0.75,2,35,xenium_human_kidney_nondiseased,377.2268,66.3804,68.8946,17,0,1.0,0,0.8,1,0.9091,1,0.959,3.3326979671874883,3.519792014193947,17,0,0,1,1
cell_subsample,0.75,2,36,xenium_human_kidney_nondiseased,360.068,64.9728,67.547,19,0,1.0,0,1.0,1,1.0,1,0.9623,3.141883218880719,4.727438577087631,19,0,0,1,1
cell_subsample,0.75,2,37,xenium_human_kidney_nondiseased,358.2362,54.4402,58.0786,9,0,1.0,0,1.0,0,1.0,1,1.0,3.3879951492470877,4.851148208232266,9,0,0,0,1
cell_subsample,0.75,2,38,xenium_human_kidney_nondiseased,595.3218,77.3585,82.2528,26,0,1.0,0,1.0,0,1.0,1,0.96,2.8182045828083964,5.782250034691957,26,0,0,0,1
cell_subsample,0.75,2,39,xenium_human_kidney_nondiseased,356.2568,58.4638,58.4638,1,1,1.0,1,1.0,1,1.0,1,1.0,3.284250210826017,3.726689827458251,1,1,1,1,1
cell_subsample,0.75,2,40,xenium_human_kidney_nondiseased,339.6096,54.4683,54.4683,1,1,1.0,1,1.0,1,1.0,1,1.0,3.3300790633480006,3.742557457453314,1,1,1,1,1
cell_subsample,0.75,2,41,xenium_human_kidney_nondiseased,337.5143,81.3084,84.3134,20,0,0.5,0,0.8333,1,0.8966,1,0.8944,2.930742790482576,5.314800922683631,20,0,0,1,1
cell_subsample,0.75,2,42,xenium_human_kidney_nondiseased,335.5705,68.3466,68.3466,1,1,1.0,1,1.0,1,1.0,1,1.0,3.240272862413811,4.9627567036317055,1,1,1,1,1
cell_subsample,0.75,2,43,xenium_human_kidney_nondiseased,338.8727,81.6526,86.6654,25,0,1.0,0,1.0,0,1.0,1,0.9429,2.8381546181780073,6.806013727879305,25,0,0,0,1
cell_subsample,0.75,2,44,xenium_human_kidney_nondiseased,342.4419,86.1595,87.3914,2,0,1.0,1,1.0,1,1.0,1,0.9231,2.4712571924124784,5.066199456415544,2,0,1,1,1
cell_subsample,0.75,2,45,xenium_human_kidney_nondiseased,345.9784,58.4664,64.391,46,0,1.0,0,1.0,0,1.0,1,1.0,3.5103099430323375,4.556387342934555,46,0,0,0,1
cell_subsample,0.75,2,46,xenium_human_kidney_nondiseased,346.4227,71.5535,73.1672,6,0,1.0,1,1.0,1,1.0,1,0.9391,3.1532763346835604,4.263799459171755,6,0,1,1,1
cell_subsample,0.75,2,47,xenium_human_kidney_nondiseased,350.647,60.1915,64.1731,3,0,1.0,0,1.0,0,1.0,1,1.0,3.452411146220863,4.406210357612547,3,0,0,0,1
cell_subsample,0.75,2,48,xenium_human_kidney_nondiseased,347.6258,76.8102,77.565,4,0,1.0,1,1.0,1,1.0,1,0.9588,3.0306764674196085,5.056057408215448,4,0,1,1,1
cell_subsample,0.75,2,49,xenium_human_kidney_nondiseased,341.3017,69.7665,69.9369,2,1,1.0,1,1.0,1,0.9091,1,0.9659,3.105977123846894,2.649158937172398,2,1,1,1,1
cell_subsample,0.75,2,50,xenium_human_kidney_nondiseased,353.5792,68.1069,68.4061,4,1,1.0,1,1.0,1,1.0,1,1.0,3.1419368543456985,4.67513763422644,4,1,1,1,1
cell_subsample,0.75,2,51,xenium_human_kidney_nondiseased,352.3057,64.6732,64.6732,1,1,1.0,1,1.0,1,1.0,1,1.0,3.2516885719106914,4.098186915751667,1,1,1,1,1
cell_subsample,0.75,2,52,xenium_human_kidney_nondiseased,349.831,57.4321,57.4778,2,1,1.0,1,1.0,1,1.0,1,1.0,3.35827206417069,4.058422261419534,2,1,1,1,1
cell_subsample,0.75,2,53,xenium_human_kidney_nondiseased,348.3153,58.9097,58.9097,1,1,1.0,1,1.0,1,1.0,1,0.9714,3.3340598757707833,4.786434212259912,1,1,1,1,1
cell_subsample,0.75,2,54,xenium_human_kidney_nondiseased,352.2987,66.8666,66.8666,1,1,1.0,1,1.0,1,1.0,1,0.9565,3.0430450414042247,3.635801385607264,1,1,1,1,1
cell_subsample,0.75,2,55,xenium_human_kidney_nondiseased,350.1347,61.9982,68.1922,41,0,1.0,0,1.0,0,1.0,1,0.9286,3.217785456970158,5.460010222915449,41,0,0,0,1
cell_subsample,0.75,2,56,xenium_human_kidney_nondiseased,355.6136,61.0214,61.8053,2,0,1.0,1,1.0,1,1.0,1,1.0,3.269826396551463,5.206296772184626,2,0,1,1,1
cell_subsample,0.75,2,57,xenium_human_kidney_nondiseased,360.6942,72.12,73.6674,8,0,1.0,1,1.0,1,1.0,1,0.9487,3.0412672123837052,5.026624273304173,8,0,1,1,1
cell_subsample,0.75,2,58,xenium_human_kidney_nondiseased,368.5785,67.9544,68.3724,2,1,1.0,1,1.0,1,1.0,1,0.971,3.1621481906985442,5.344711032709749,2,1,1,1,1
cell_subsample,0.75,2,59,xenium_human_kidney_nondiseased,366.0423,64.3246,69.0837,15,0,1.0,0,1.0,0,1.0,1,0.9828,3.2752526159920334,3.576988137228215,15,0,0,0,1
cell_subsample,0.75,2,60,xenium_human_kidney_nondiseased,361.2754,82.111,83.552,9,0,1.0,1,1.0,1,1.0,1,0.9262,2.7624138758842216,4.5090351993798885,9,0,1,1,1
cell_subsample,0.75,2,61,xenium_human_kidney_nondiseased,359.0006,62.7991,66.6702,23,0,1.0,0,1.0,0,1.0,1,0.9868,3.0611262835764457,4.895601267172595,23,0,0,0,1
cell_subsample,0.75,2,62,xenium_human_kidney_nondiseased,377.7218,77.9745,86.085,62,0,1.0,0,1.0,0,1.0,0,0.9615,2.7900196371287995,6.305165413185456,62,0,0,0,0
cell_subsample,0.75,2,63,xenium_human_kidney_nondiseased,384.6487,78.1028,80.2761,4,0,1.0,0,1.0,1,1.0,1,0.9583,3.02115018014511,5.240061612535824,4,0,0,1,1
cell_subsample,0.75,2,64,xenium_human_kidney_nondiseased,381.9056,100.8298,102.0245,4,0,1.0,1,1.0,1,1.0,1,0.9082,2.2688389122479466,5.97206030625424,105,0,0,0,0
cell_subsample,0.75,2,65,xenium_human_kidney_nondiseased,399.3439,65.2969,69.6971,23,0,1.0,0,1.0,0,1.0,1,1.0,3.2202330416687577,5.356488327383275,23,0,0,0,1
cell_subsample,0.75,2,66,xenium_human_kidney_nondiseased,387.5432,57.6253,61.6968,11,0,1.0,0,1.0,0,1.0,1,1.0,3.472086127923911,3.905410626760868,11,0,0,0,1
cell_subsample,0.75,2,67,xenium_human_kidney_nondiseased,398.6811,83.9108,83.9108,1,1,1.0,1,0.9,1,0.8519,1,0.8712,2.819543701230748,5.9181411603040095,1,1,1,1,1
cell_subsample,0.75,2,68,xenium_human_kidney_nondiseased,404.7953,56.79,62.9561,8,0,1.0,0,1.0,0,1.0,1,1.0,3.1980358178433286,5.105412238605272,8,0,0,0,1
cell_subsample,0.75,2,69,xenium_human_kidney_nondiseased,370.4832,81.0997,81.3042,2,1,1.0,1,1.0,1,1.0,1,0.9174,2.7711525273378275,5.697693197099043,2,1,1,1,1
cell_subsample,0.75,2,70,xenium_human_kidney_nondiseased,360.9914,70.5892,70.5892,1,1,1.0,1,1.0,1,1.0,1,0.955,3.0247964094292095,4.018115329705206,1,1,1,1,1
cell_subsample,0.75,2,71,xenium_human_kidney_nondiseased,381.4436,65.7592,68.3409,9,0,1.0,0,1.0,1,0.9231,1,0.9467,3.2988337526940827,6.03737454616762,9,0,0,1,1
cell_subsample,0.75,2,72,xenium_human_kidney_nondiseased,379.4345,54.5407,62.2902,59,0,1.0,0,1.0,0,1.0,0,1.0,3.464313504240655,5.000741915008143,59,0,0,0,0
cell_subsample,0.75,2,73,xenium_human_kidney_nondiseased,356.7312,71.5473,73.1064,4,0,1.0,1,1.0,1,1.0,1,0.9848,2.851659163805528,5.669918364087231,4,0,1,1,1
cell_subsample,0.75,2,74,xenium_human_kidney_nondiseased,367.6025,69.5529,72.1227,4,0,1.0,0,1.0,1,1.0,1,1.0,3.169370903515579,5.743749619517934,4,0,0,1,1
cell_subsample,0.75,2,75,xenium_human_kidney_nondiseased,363.2224,77.9849,80.6391,10,0,1.0,0,1.0,1,1.0,1,0.9016,3.0724577087712155,6.457133778512176,10,0,0,1,1
cell_subsample,0.75,2,76,xenium_human_kidney_nondiseased,380.1068,65.9228,65.9228,1,1,1.0,1,1.0,1,1.0,1,1.0,3.3196891075604946,4.47642606949906,1,1,1,1,1
cell_subsample,0.75,2,77,xenium_human_kidney_nondiseased,385.0091,77.0108,77.0108,1,1,1.0,1,1.0,1,1.0,1,0.9597,2.699167446394052,4.4049449084300125,1,1,1,1,1
cell_subsample,0.75,2,78,xenium_human_kidney_nondiseased,371.0149,55.8948,55.8948,1,1,1.0,1,1.0,1,1.0,1,1.0,3.404713304034585,3.9285076268265717,1,1,1,1,1
cell_subsample,0.75,2,79,xenium_human_kidney_nondiseased,364.2929,73.8989,75.9265,7,0,1.0,0,1.0,1,1.0,1,0.9455,3.140581822104067,5.021264413837825,7,0,0,1,1
cell_subsample,0.75,2,80,xenium_human_kidney_nondiseased,379.4193,61.4775,64.879,9,0,1.0,0,1.0,1,1.0,1,1.0,3.2760113711779373,4.9564446407326574,9,0,0,1,1
cell_subsample,0.75,2,81,xenium_human_kidney_nondiseased,381.5767,70.616,74.4585,5,0,1.0,0,1.0,0,1.0,1,1.0,3.1042678617761106,4.908196778721378,5,0,0,0,1
cell_subsample,0.75,2,82,xenium_human_kidney_nondiseased,381.5543,67.1344,67.1344,1,1,1.0,1,1.0,1,1.0,1,1.0,3.094555913276682,4.869391750327553,1,1,1,1,1
cell_subsample,0.75,2,83,xenium_human_kidney_nondiseased,373.4637,65.8154,67.2487,2,0,1.0,1,1.0,1,1.0,1,0.9839,3.077913594714394,3.1951282652338753,2,0,1,1,1
cell_subsample,0.75,2,84,xenium_human_kidney_nondiseased,370.6701,42.4762,42.4762,1,1,1.0,1,1.0,1,1.0,1,1.0,3.7308927673366776,2.474607838971866,1,1,1,1,1
cell_subsample,0.75,2,85,xenium_human_kidney_nondiseased,365.2288,95.6316,95.6316,1,1,1.0,1,1.0,1,1.0,1,0.9333,2.2229607465328867,6.04236318522368,1,1,1,1,1
cell_subsample,0.75,2,86,xenium_human_kidney_nondiseased,392.7212,58.2252,61.2961,6,0,1.0,0,1.0,1,1.0,1,0.9744,3.3773749342472876,5.266005990945293,6,0,0,1,1
cell_subsample,0.75,2,87,xenium_human_kidney_nondiseased,401.2119,73.5669,73.5669,1,1,1.0,1,1.0,1,1.0,1,1.0,2.8282365758955614,6.3278837865909185,1,1,1,1,1
cell_subsample,0.75,2,88,xenium_human_kidney_nondiseased,397.7211,75.1401,75.7546,5,1,1.0,1,0.9583,1,0.9636,1,0.8768,3.0033722828737264,5.546285806204044,5,1,1,1,1
cell_subsample,0.75,2,89,xenium_human_kidney_nondiseased,385.1497,68.341,69.9752,3,0,1.0,1,1.0,1,1.0,1,0.9048,3.22143011451902,5.637749803331362,3,0,1,1,1
cell_subsample,0.75,2,90,xenium_human_kidney_nondiseased,412.5787,83.912,84.1319,2,1,1.0,1,1.0,1,1.0,1,0.9,2.705284639938409,4.543287084466237,2,1,1,1,1
cell_subsample,0.75,2,91,xenium_human_kidney_nondiseased,401.6305,58.743,59.6442,2,0,1.0,1,1.0,1,1.0,1,1.0,3.410364478081023,3.9482229804437594,2,0,1,1,1
cell_subsample,0.75,2,92,xenium_human_kidney_nondiseased,386.3875,65.9585,66.8555,3,0,1.0,1,1.0,1,1.0,1,0.9872,3.1112222008013424,4.161205773654272,3,0,1,1,1
cell_subsample,0.75,2,93,xenium_human_kidney_nondiseased,384.8044,62.1645,62.1645,1,1,1.0,1,1.0,1,1.0,1,1.0,3.3787934252991327,4.951582418941109,1,1,1,1,1
cell_subsample,0.75,2,94,xenium_human_kidney_nondiseased,373.7163,71.1774,83.8515,362,0,1.0,0,1.0,0,0.9091,0,0.8675,3.0250869839812426,7.872335614456632,362,0,0,0,0
cell_subsample,0.75,2,95,xenium_human_kidney_nondiseased,390.2081,58.5677,58.5677,1,1,1.0,1,1.0,1,1.0,1,1.0,3.249274779519698,3.274322869465789,1,1,1,1,1
cell_subsample,0.75,2,96,xenium_human_kidney_nondiseased,406.2404,74.2748,74.405,2,1,1.0,1,1.0,1,1.0,1,0.9231,3.0271180588419044,5.453211307828817,2,1,1,1,1
cell_subsample,0.75,2,97,xenium_human_kidney_nondiseased,386.1165,74.7465,74.7465,1,1,1.0,1,1.0,1,0.6667,1,0.913,2.9235440466279123,4.8921303242111,1,1,1,1,1
cell_subsample,0.75,2,98,xenium_human_kidney_nondiseased,382.0874,85.218,88.5041,11,0,1.0,0,1.0,1,0.9231,1,0.9146,2.743255209206693,5.9481299748846945,45,0,0,0,1
cell_subsample,0.75,2,99,xenium_human_kidney_nondiseased,360.9516,62.1326,68.5089,16,0,1.0,0,1.0,0,1.0,1,1.0,3.2100509478664114,4.540070131117219,16,0,0,0,1
cell_subsample,0.75,3,0,xenium_human_kidney_nondiseased,371.2008,55.0871,56.3486,6,0,1.0,1,1.0,1,1.0,1,1.0,3.6560569516058834,4.366830948990367,6,0,1,1,1
cell_subsample,0.75,3,1,xenium_human_kidney_nondiseased,373.6457,70.8632,75.218,16,0,1.0,0,1.0,0,1.0,1,0.9474,3.1536712331619827,5.177179727008272,16,0,0,0,1
cell_subsample,0.75,3,2,xenium_human_kidney_nondiseased,381.365,69.3708,69.3819,2,1,1.0,1,1.0,1,1.0,1,0.9226,3.1842102452935483,4.527173760041122,2,1,1,1,1
cell_subsample,0.75,3,3,xenium_human_kidney_nondiseased,368.4274,67.621,67.621,1,1,1.0,1,1.0,1,1.0,1,0.9559,3.1549480715755482,3.393500672740977,1,1,1,1,1
cell_subsample,0.75,3,4,xenium_human_kidney_nondiseased,377.573,54.4661,54.4661,1,1,1.0,1,1.0,1,1.0,1,0.9808,3.4568344021130026,3.663377942163891,1,1,1,1,1
cell_subsample,0.75,3,5,xenium_human_kidney_nondiseased,373.9848,65.486,68.3376,8,0,1.0,0,1.0,1,1.0,1,0.9516,3.224200887275831,5.254559437134821,8,0,0,1,1
cell_subsample,0.75,3,6,xenium_human_kidney_nondiseased,361.1222,78.8659,82.7047,3,0,1.0,0,1.0,0,1.0,1,0.9259,2.6123045161589893,6.310606095774251,3,0,0,0,1
cell_subsample,0.75,3,7,xenium_human_kidney_nondiseased,366.2148,54.8858,57.0012,7,0,1.0,0,1.0,1,1.0,1,1.0,3.3867927717903985,4.929416780516007,7,0,0,1,1
cell_subsample,0.75,3,8,xenium_human_kidney_nondiseased,363.5396,61.4796,61.4796,1,1,1.0,1,1.0,1,1.0,1,0.9655,3.4113809978458773,5.692058889920684,1,1,1,1,1
cell_subsample,0.75,3,9,xenium_human_kidney_nondiseased,377.3776,70.2012,71.3386,8,0,1.0,1,0.8182,1,0.9474,1,0.9536,3.0601303928365837,3.9652435720980908,8,0,1,1,1
cell_subsample,0.75,3,10,xenium_human_kidney_nondiseased,375.6164,60.0133,61.4552,2,0,1.0,1,1.0,1,1.0,1,1.0,3.2629630217031016,3.2112428100140216,2,0,1,1,1
cell_subsample,0.75,3,11,xenium_human_kidney_nondiseased,387.3662,62.8194,62.8194,1,1,1.0,1,1.0,1,1.0,1,0.9759,3.415367704275801,5.1801784102216155,1,1,1,1,1
cell_subsample,0.75,3,12,xenium_human_kidney_nondiseased,378.9165,58.7145,64.2518,47,0,1.0,0,1.0,0,1.0,1,0.9701,3.4442958842558316,4.440767966704052,47,0,0,0,1
cell_subsample,0.75,3,13,xenium_human_kidney_nondiseased,373.8941,62.9089,62.9089,1,1,1.0,1,1.0,1,1.0,1,0.9623,3.2406467389334317,5.8146587735982855,1,1,1,1,1
cell_subsample,0.75,3,14,xenium_human_kidney_nondiseased,386.8341,88.7807,92.0911,5,0,1.0,0,1.0,1,1.0,1,1.0,2.3557425111322803,7.551281381453111,113,0,0,0,0
cell_subsample,0.75,3,15,xenium_human_kidney_nondiseased,382.579,55.7185,56.3904,2,1,1.0,1,1.0,1,1.0,1,1.0,3.491150883420999,4.3811107204893025,2,1,1,1,1
cell_subsample,0.75,3,16,xenium_human_kidney_nondiseased,367.7178,59.519,60.7668,5,0,0.75,1,0.875,1,0.96,1,0.9787,3.321128031170428,5.054166338915555,5,0,1,1,1
cell_subsample,0.75,3,17,xenium_human_kidney_nondiseased,372.9156,66.2106,75.0748,136,0,1.0,0,1.0,0,1.0,0,0.9747,2.942403494209602,5.9059853670972124,136,0,0,0,0
cell_subsample,0.75,3,18,xenium_human_kidney_nondiseased,383.5142,64.7085,68.5669,25,0,1.0,0,1.0,0,1.0,1,0.977,3.237307587421359,5.365195113645453,25,0,0,0,1
cell_subsample,0.75,3,19,xenium_human_kidney_nondiseased,383.3907,66.2135,68.5384,12,0,1.0,0,1.0,1,1.0,1,1.0,3.363385311832093,3.1260960555778103,12,0,0,1,1
cell_subsample,0.75,3,20,xenium_human_kidney_nondiseased,384.6097,76.0854,80.5021,13,0,1.0,0,1.0,0,1.0,1,0.9016,2.9093275049378033,7.596803958773158,13,0,0,0,1
cell_subsample,0.75,3,21,xenium_human_kidney_nondiseased,362.5803,94.8702,95.8966,2,0,0.0,1,0.6667,1,0.6667,1,0.6667,2.22827517630469,4.028839752209215,2,0,1,1,1
cell_subsample,0.75,3,22,xenium_human_kidney_nondiseased,381.978,68.9536,68.9536,1,1,1.0,1,1.0,1,1.0,1,0.9619,3.301945002596718,4.9520889237200745,1,1,1,1,1
cell_subsample,0.75,3,23,xenium_human_kidney_nondiseased,384.4055,60.3739,60.3739,1,1,1.0,1,1.0,1,1.0,1,1.0,3.578730721391268,4.218286746356762,1,1,1,1,1
cell_subsample,0.75,3,24,xenium_human_kidney_nondiseased,387.9642,66.6259,66.6259,1,1,1.0,1,1.0,1,0.9,1,0.963,3.225562402925317,5.184864423725692,1,1,1,1,1
cell_subsample,0.75,3,25,xenium_human_kidney_nondiseased,385.5489,68.4286,68.4286,1,1,1.0,1,1.0,1,1.0,1,0.9767,3.2205043624641316,5.698870277568195,1,1,1,1,1
cell_subsample,0.75,3,26,xenium_human_kidney_nondiseased,382.1949,76.1431,76.1431,1,1,1.0,1,1.0,1,1.0,1,1.0,2.9872898949897984,5.289707046772891,1,1,1,1,1
cell_subsample,0.75,3,27,xenium_human_kidney_nondiseased,376.0383,72.2015,76.8983,24,0,1.0,0,1.0,0,1.0,1,0.9615,2.844771230594081,5.818047725932363,24,0,0,0,1
cell_subsample,0.75,3,28,xenium_human_kidney_nondiseased,387.4186,65.3109,74.5825,93,0,1.0,0,1.0,0,1.0,0,0.9762,3.0963683204724264,4.519956583467001,93,0,0,0,0
cell_subsample,0.75,3,29,xenium_human_kidney_nondiseased,384.7541,63.628,69.0879,62,0,1.0,0,1.0,0,1.0,1,0.9892,3.2793695799797646,5.555987721952869,62,0,0,0,1
cell_subsample,0.75,3,30,xenium_human_kidney_nondiseased,382.149,60.2231,60.2231,1,1,1.0,1,1.0,1,1.0,1,0.9773,3.3015076672668826,3.78540549952227,1,1,1,1,1
cell_subsample,0.75,3,31,xenium_human_kidney_nondiseased,381.7111,77.7924,77.7924,1,1,1.0,1,1.0,1,1.0,1,0.9681,2.883758123160314,6.304435465363291,1,1,1,1,1
cell_subsample,0.75,3,32,xenium_human_kidney_nondiseased,373.3383,55.0263,55.0263,1,1,1.0,1,1.0,1,1.0,1,1.0,3.543293985792742,3.851998626987893,1,1,1,1,1
cell_subsample,0.75,3,33,xenium_human_kidney_nondiseased,382.903,71.4937,71.4937,1,1,1.0,1,1.0,1,0.9643,1,0.8828,3.20541806178697,5.411530138444789,1,1,1,1,1
cell_subsample,0.75,3,34,xenium_human_kidney_nondiseased,382.9071,90.5825,94.7613,5,0,1.0,0,1.0,0,1.0,1,0.8077,2.3337395930755873,4.999828727308238,5,0,0,0,1
cell_subsample,0.75,3,35,xenium_human_kidney_nondiseased,382.9203,66.3804,67.6411,6,0,1.0,1,1.0,1,1.0,1,0.9672,3.3296484078929254,5.4084892601887375,6,0,1,1,1
cell_subsample,0.75,3,36,xenium_human_kidney_nondiseased,375.2009,64.9728,65.9067,3,0,1.0,1,1.0,1,1.0,1,0.9528,3.1163596138920218,5.392293952362841,3,0,1,1,1
cell_subsample,0.75,3,37,xenium_human_kidney_nondiseased,387.4348,54.4402,59.6866,19,0,1.0,0,1.0,0,1.0,1,1.0,3.395286036080049,4.754336709278074,19,0,0,0,1
cell_subsample,0.75,3,38,xenium_human_kidney_nondiseased,385.6861,77.3585,77.3585,1,1,1.0,1,1.0,1,1.0,1,0.92,2.741818643199616,5.156005103860904,1,1,1,1,1
cell_subsample,0.75,3,39,xenium_human_kidney_nondiseased,372.9002,58.4638,61.8592,6,0,1.0,0,1.0,1,1.0,1,0.9792,3.249558477730067,4.768613443383334,6,0,0,1,1
cell_subsample,0.75,3,40,xenium_human_kidney_nondiseased,368.2791,54.4683,54.8033,2,1,1.0,1,1.0,1,1.0,1,1.0,3.303128912164366,4.713890295374859,2,1,1,1,1
cell_subsample,0.75,3,41,xenium_human_kidney_nondiseased,381.2266,81.3084,83.1772,7,0,1.0,0,1.0,1,0.9655,1,0.9437,2.8832357176607495,3.449640634413815,7,0,0,1,1
cell_subsample,0.75,3,42,xenium_human_kidney_nondiseased,377.1158,68.3466,71.092,3,0,1.0,0,1.0,1,1.0,1,0.963,3.2212110539202934,5.415423605488243,3,0,0,1,1
cell_subsample,0.75,3,43,xenium_human_kidney_nondiseased,389.391,81.6526,83.4257,3,0,1.0,0,1.0,1,0.8,1,0.9,2.783292217378482,5.73213220660571,3,0,0,1,1
cell_subsample,0.75,3,44,xenium_human_kidney_nondiseased,384.0308,86.1595,87.3914,2,0,1.0,1,1.0,1,1.0,1,0.9231,2.486647820325001,4.497878078522494,2,0,1,1,1
cell_subsample,0.75,3,45,xenium_human_kidney_nondiseased,375.059,58.4664,62.197,19,0,1.0,0,1.0,0,1.0,1,1.0,3.4794375265635167,4.42383455570166,19,0,0,0,1
cell_subsample,0.75,3,46,xenium_human_kidney_nondiseased,374.2598,71.5535,72.8089,4,0,1.0,1,1.0,1,1.0,1,0.9565,3.141842746698353,5.0374787028290235,4,0,1,1,1
cell_subsample,0.75,3,47,xenium_human_kidney_nondiseased,381.1087,60.1915,64.1731,3,0,1.0,0,1.0,0,1.0,1,1.0,3.445558380585355,4.218611384149574,3,0,0,0,1
cell_subsample,0.75,3,48,xenium_human_kidney_nondiseased,389.2997,76.8102,78.9237,11,0,1.0,0,1.0,1,1.0,1,0.9588,2.969154624418788,4.869056260667083,11,0,0,1,1
cell_subsample,0.75,3,49,xenium_human_kidney_nondiseased,377.4268,69.7665,69.7665,1,1,1.0,1,1.0,1,0.9091,1,0.9773,3.114314589881127,5.10184422992161,1,1,1,1,1
cell_subsample,0.75,3,50,xenium_human_kidney_nondiseased,358.1917,68.1069,70.3996,10,0,1.0,0,1.0,1,1.0,1,0.9886,3.1489644755263786,4.692727074614392,10,0,0,1,1
cell_subsample,0.75,3,51,xenium_human_kidney_nondiseased,354.6838,64.6732,64.6732,1,1,1.0,1,1.0,1,1.0,1,0.963,3.266520055012473,4.706182863873968,1,1,1,1,1
cell_subsample,0.75,3,52,xenium_human_kidney_nondiseased,377.537,57.4321,57.4321,1,1,1.0,1,1.0,1,1.0,1,1.0,3.3993477928675633,5.114993004171768,1,1,1,1,1
cell_subsample,0.75,3,53,xenium_human_kidney_nondiseased,391.0474,58.9097,58.9097,1,1,1.0,1,1.0,1,1.0,1,0.9714,3.3649000716672353,4.683091443490661,1,1,1,1,1
cell_subsample,0.75,3,54,xenium_human_kidney_nondiseased,379.5891,66.8666,73.2972,34,0,1.0,0,1.0,0,1.0,1,0.9783,3.0940561014711565,5.901463437215493,34,0,0,0,1
cell_subsample,0.75,3,55,xenium_human_kidney_nondiseased,366.0464,61.9982,61.9982,1,1,1.0,1,1.0,1,1.0,1,0.9286,3.173022044472296,4.437295391986833,1,1,1,1,1
cell_subsample,0.75,3,56,xenium_human_kidney_nondiseased,377.1977,61.0214,61.8053,2,0,1.0,1,1.0,1,1.0,1,1.0,3.2669501210668344,5.455063132177312,2,0,1,1,1
cell_subsample,0.75,3,57,xenium_human_kidney_nondiseased,382.609,72.12,73.6674,8,0,1.0,1,1.0,1,0.9375,1,0.8974,3.0415904004419168,5.481367600464616,8,0,1,1,1
cell_subsample,0.75,3,58,xenium_human_kidney_nondiseased,379.6312,67.9544,67.9544,1,1,1.0,1,1.0,1,1.0,1,0.971,3.1530452896036474,5.887256522593444,1,1,1,1,1
cell_subsample,0.75,3,59,xenium_human_kidney_nondiseased,378.3941,64.3246,71.8469,76,0,1.0,0,1.0,0,1.0,0,0.9483,3.278677820008359,5.045684205618781,76,0,0,0,0
cell_subsample,0.75,3,60,xenium_human_kidney_nondiseased,358.7176,82.111,82.2962,2,1,1.0,1,1.0,1,0.9688,1,0.9195,2.7057577322448974,4.344003389126024,2,1,1,1,1
cell_subsample,0.75,3,61,xenium_human_kidney_nondiseased,378.919,62.7991,65.8656,16,0,1.0,0,1.0,1,1.0,1,0.9868,3.0865803392808835,4.941382524532982,16,0,0,1,1
cell_subsample,0.75,3,62,xenium_human_kidney_nondiseased,370.0708,77.9745,86.1565,65,0,1.0,0,1.0,0,1.0,0,0.9615,2.7698473976899867,6.22093710898797,65,0,0,0,0
cell_subsample,0.75,3,63,xenium_human_kidney_nondiseased,368.3657,78.1028,78.3155,2,1,1.0,1,1.0,1,1.0,1,0.9583,2.9368004545548123,4.722733573777071,2,1,1,1,1
cell_subsample,0.75,3,64,xenium_human_kidney_nondiseased,359.1125,100.8298,102.7152,6,0,1.0,0,1.0,1,1.0,1,0.9286,2.376298450435948,7.949314484813681,105,0,0,0,0
cell_subsample,0.75,3,65,xenium_human_kidney_nondiseased,361.4132,65.2969,65.2969,1,1,1.0,1,1.0,1,1.0,1,1.0,3.2143740056371604,3.989776831149564,1,1,1,1,1
cell_subsample,0.75,3,66,xenium_human_kidney_nondiseased,377.0739,57.6253,63.5263,31,0,1.0,0,1.0,0,1.0,1,1.0,3.5103818499194532,4.814137747343489,31,0,0,0,1
cell_subsample,0.75,3,67,xenium_human_kidney_nondiseased,382.4346,83.9108,83.9108,1,1,1.0,1,1.0,1,0.963,1,0.8834,2.8329710353647264,6.023880116195678,1,1,1,1,1
cell_subsample,0.75,3,68,xenium_human_kidney_nondiseased,363.2407,56.79,56.79,1,1,1.0,1,1.0,1,1.0,1,1.0,3.220431866176302,4.879130137573273,1,1,1,1,1
cell_subsample,0.75,3,69,xenium_human_kidney_nondiseased,357.2274,81.0997,81.3042,2,1,1.0,1,1.0,1,0.9375,1,0.8991,2.767645200155342,5.756367941664767,2,1,1,1,1
cell_subsample,0.75,3,70,xenium_human_kidney_nondiseased,355.1664,70.5892,74.5545,29,0,1.0,0,1.0,0,1.0,1,0.9099,3.0558415203072506,6.027329358979345,29,0,0,0,1
cell_subsample,0.75,3,71,xenium_human_kidney_nondiseased,374.6924,65.7592,68.3409,9,0,1.0,0,1.0,1,0.8462,1,0.9467,3.2612128945161434,3.7426646497824714,9,0,0,1,1
cell_subsample,0.75,3,72,xenium_human_kidney_nondiseased,380.8796,54.5407,57.7106,9,0,1.0,0,1.0,1,1.0,1,1.0,3.4205799712571663,3.283234916983152,9,0,0,1,1
cell_subsample,0.75,3,73,xenium_human_kidney_nondiseased,369.7277,71.5473,76.2875,31,0,1.0,0,1.0,0,1.0,1,0.9697,2.8067047854763096,4.837342888386539,31,0,0,0,1
cell_subsample,0.75,3,74,xenium_human_kidney_nondiseased,356.9051,69.5529,72.1227,4,0,1.0,0,1.0,1,1.0,1,1.0,3.188993232088171,4.7724236783511085,4,0,0,1,1
cell_subsample,0.75,3,75,xenium_human_kidney_nondiseased,357.5457,77.9849,78.3873,3,1,0.6667,1,0.75,1,0.9474,1,0.9262,3.047997972071402,4.226211915266713,2,1,1,1,1
cell_subsample,0.75,3,76,xenium_human_kidney_nondiseased,370.3781,65.9228,72.1893,21,0,1.0,0,1.0,0,1.0,1,0.9722,3.3590524307161096,6.107396020523581,21,0,0,0,1
cell_subsample,0.75,3,77,xenium_human_kidney_nondiseased,380.9797,77.0108,77.0108,1,1,1.0,1,1.0,1,1.0,1,0.9597,2.7451839248100125,5.366013912862837,1,1,1,1,1
cell_subsample,0.75,3,78,xenium_human_kidney_nondiseased,366.8129,55.8948,59.4385,4,0,1.0,0,1.0,0,1.0,1,1.0,3.377628769488144,4.519902408085036,4,0,0,0,1
cell_subsample,0.75,3,79,xenium_human_kidney_nondiseased,358.2499,73.8989,74.7129,3,0,1.0,1,1.0,1,1.0,1,0.9545,3.1247167266167235,3.7389774737677848,3,0,1,1,1
cell_subsample,0.75,3,80,xenium_human_kidney_nondiseased,378.2357,61.4775,64.9349,11,0,1.0,0,1.0,0,1.0,1,1.0,3.269575901247986,4.950468635991136,11,0,0,0,1
cell_subsample,0.75,3,81,xenium_human_kidney_nondiseased,373.0765,70.616,73.565,2,0,1.0,0,1.0,1,1.0,1,1.0,3.104217762715415,4.888657075093592,2,0,0,1,1
cell_subsample,0.75,3,82,xenium_human_kidney_nondiseased,363.3719,67.1344,67.9111,2,0,1.0,1,1.0,1,1.0,1,0.9859,3.078119688497411,4.94417611330754,2,0,1,1,1
cell_subsample,0.75,3,83,xenium_human_kidney_nondiseased,359.1707,65.8154,67.7801,3,0,1.0,0,1.0,1,1.0,1,0.9677,3.100595895327497,4.350837682096088,3,0,0,1,1
cell_subsample,0.75,3,84,xenium_human_kidney_nondiseased,361.3433,42.4762,42.4762,1,1,1.0,1,1.0,1,1.0,1,1.0,3.7470187708734466,2.4433669926007324,1,1,1,1,1
cell_subsample,0.75,3,85,xenium_human_kidney_nondiseased,365.0532,95.6316,100.4296,4,0,1.0,0,1.0,0,1.0,1,1.0,2.1451286140387,6.896411895028576,4,0,0,0,1
cell_subsample,0.75,3,86,xenium_human_kidney_nondiseased,377.3419,58.2252,59.719,5,0,1.0,1,1.0,1,1.0,1,0.9744,3.317034446744354,3.88254212675823,5,0,1,1,1
cell_subsample,0.75,3,87,xenium_human_kidney_nondiseased,367.8161,73.5669,77.1991,8,0,1.0,0,1.0,0,1.0,1,1.0,2.816275277804363,5.902074120557908,8,0,0,0,1
cell_subsample,0.75,3,88,xenium_human_kidney_nondiseased,359.2923,75.1401,75.7546,5,1,1.0,1,0.9583,1,0.9273,1,0.8815,3.022429769095341,5.823708904856796,5,1,1,1,1
cell_subsample,0.75,3,89,xenium_human_kidney_nondiseased,359.8579,68.341,73.9828,35,0,1.0,0,1.0,0,1.0,1,0.9683,3.300931233368529,5.611905215856825,35,0,0,0,1
cell_subsample,0.75,3,90,xenium_human_kidney_nondiseased,367.4314,83.912,83.912,1,1,1.0,1,1.0,1,1.0,1,0.95,2.694379154993003,6.0777379354088605,1,1,1,1,1
cell_subsample,0.75,3,91,xenium_human_kidney_nondiseased,367.0834,58.743,59.6442,2,0,1.0,1,1.0,1,1.0,1,1.0,3.39017671775674,4.315363505456804,2,0,1,1,1
cell_subsample,0.75,3,92,xenium_human_kidney_nondiseased,359.2557,65.9585,67.668,6,0,1.0,0,1.0,1,1.0,1,0.9615,3.130720165823267,5.0089826335687055,6,0,0,1,1
cell_subsample,0.75,3,93,xenium_human_kidney_nondiseased,357.4619,62.1645,62.8849,3,0,1.0,1,1.0,1,1.0,1,1.0,3.330279066656973,3.3295102954808415,3,0,1,1,1
cell_subsample,0.75,3,94,xenium_human_kidney_nondiseased,364.1621,71.1774,75.1621,16,0,1.0,0,1.0,0,1.0,1,0.988,2.931750469236719,4.068047444929104,16,0,0,0,1
cell_subsample,0.75,3,95,xenium_human_kidney_nondiseased,367.0652,58.5677,61.4439,9,0,1.0,0,1.0,1,1.0,1,1.0,3.2172251333579887,3.687220551232724,9,0,0,1,1
cell_subsample,0.75,3,96,xenium_human_kidney_nondiseased,372.308,74.2748,75.3738,5,0,1.0,1,1.0,1,1.0,1,0.9011,3.055471966059533,5.405699606326375,5,0,1,1,1
cell_subsample,0.75,3,97,xenium_human_kidney_nondiseased,363.3439,74.7465,79.5172,5,0,1.0,0,1.0,0,1.0,1,0.913,2.9473782327032,5.520186968903793,5,0,0,0,1
cell_subsample,0.75,3,98,xenium_human_kidney_nondiseased,360.9735,85.218,87.2321,5,0,1.0,0,1.0,1,0.9231,1,0.939,2.7495144483231395,5.463160904029364,5,0,0,1,1
cell_subsample,0.75,3,99,xenium_human_kidney_nondiseased,376.9003,62.1326,68.5089,16,0,1.0,0,1.0,0,1.0,1,1.0,3.1686589074529907,5.156585784840142,16,0,0,0,1
cell_subsample,0.75,4,0,xenium_human_kidney_nondiseased,399.3208,55.0871,55.1679,2,1,1.0,1,1.0,1,1.0,1,1.0,3.5697969783013073,3.1853391760729477,2,1,1,1,1
cell_subsample,0.75,4,1,xenium_human_kidney_nondiseased,398.3567,70.8632,77.5632,66,0,1.0,0,1.0,0,1.0,1,0.9868,3.0735315968722388,4.80730290841251,66,0,0,0,1
cell_subsample,0.75,4,2,xenium_human_kidney_nondiseased,393.4102,69.3708,69.7678,3,1,1.0,1,1.0,1,0.9667,1,0.9226,3.1808579304988616,4.66868915881363,3,1,1,1,1
cell_subsample,0.75,4,3,xenium_human_kidney_nondiseased,381.0476,67.621,67.621,1,1,1.0,1,1.0,1,1.0,1,0.9706,3.1938612890525238,4.498119069511287,1,1,1,1,1
cell_subsample,0.75,4,4,xenium_human_kidney_nondiseased,398.3519,54.4661,57.1983,9,0,1.0,0,1.0,1,1.0,1,1.0,3.4270217281280675,5.290977803767792,9,0,0,1,1
cell_subsample,0.75,4,5,xenium_human_kidney_nondiseased,394.7951,65.486,65.486,1,1,1.0,1,1.0,1,1.0,1,0.9516,3.2092204822602963,5.261310346570352,1,1,1,1,1
cell_subsample,0.75,4,6,xenium_human_kidney_nondiseased,404.0606,78.8659,84.3423,14,0,1.0,0,1.0,0,1.0,1,0.8889,2.594408149344079,5.716735994946424,14,0,0,0,1
cell_subsample,0.75,4,7,xenium_human_kidney_nondiseased,397.6771,54.8858,57.0012,7,0,1.0,0,1.0,1,1.0,1,1.0,3.3812594778867733,5.24087921167676,7,0,0,1,1
cell_subsample,0.75,4,8,xenium_human_kidney_nondiseased,398.4966,61.4796,61.4796,1,1,1.0,1,1.0,1,1.0,1,1.0,3.3771073463231027,4.3772492512635655,1,1,1,1,1
cell_subsample,0.75,4,9,xenium_human_kidney_nondiseased,392.2422,70.2012,72.3314,17,0,1.0,0,1.0,1,0.8947,1,0.8609,3.092501655321267,5.853496275794768,17,0,0,1,1
cell_subsample,0.75,4,10,xenium_human_kidney_nondiseased,388.3912,60.0133,65.127,33,0,1.0,0,1.0,0,1.0,1,1.0,3.2557976772222355,5.154520257437087,33,0,0,0,1
cell_subsample,0.75,4,11,xenium_human_kidney_nondiseased,387.9119,62.8194,63.0333,2,1,1.0,1,1.0,1,1.0,1,0.988,3.3632277453745334,4.917221779595157,2,1,1,1,1
cell_subsample,0.75,4,12,xenium_human_kidney_nondiseased,381.27,58.7145,58.7145,1,1,1.0,1,1.0,1,1.0,1,1.0,3.45968631570145,4.364151856037304,1,1,1,1,1
cell_subsample,0.75,4,13,xenium_human_kidney_nondiseased,390.8949,62.9089,62.9089,1,1,1.0,1,1.0,1,1.0,1,0.9623,3.22108393983296,4.599428083479722,1,1,1,1,1
cell_subsample,0.75,4,14,xenium_human_kidney_nondiseased,392.4912,88.7807,92.0911,5,0,1.0,0,1.0,1,1.0,1,0.918,2.393739996366506,7.584684024655792,391,0,0,0,0
cell_subsample,0.75,4,15,xenium_human_kidney_nondiseased,384.1838,55.7185,55.7185,1,1,1.0,1,1.0,1,1.0,1,1.0,3.5020602977044994,3.3397419408677806,1,1,1,1,1
cell_subsample,0.75,4,16,xenium_human_kidney_nondiseased,384.0132,59.519,61.4797,11,0,0.75,0,0.875,1,0.96,1,0.9574,3.3350567488451692,5.649411974596553,11,0,0,1,1
cell_subsample,0.75,4,17,xenium_human_kidney_nondiseased,391.502,66.2106,66.2106,1,1,1.0,1,1.0,1,1.0,1,0.9747,2.86153260810061,4.161784889277277,1,1,1,1,1
cell_subsample,0.75,4,18,xenium_human_kidney_nondiseased,391.2143,64.7085,64.978,2,1,1.0,1,1.0,1,1.0,1,1.0,3.18654014631624,3.5490966037146796,2,1,1,1,1
cell_subsample,0.75,4,19,xenium_human_kidney_nondiseased,394.6156,66.2135,69.0359,19,0,1.0,0,1.0,1,0.9667,1,0.991,3.3432777100049225,2.7981341639693667,19,0,0,1,1
cell_subsample,0.75,4,20,xenium_human_kidney_nondiseased,391.389,76.0854,79.8781,10,0,1.0,0,1.0,0,1.0,1,0.9344,2.8988057198572523,5.711755442933514,10,0,0,0,1
cell_subsample,0.75,4,21,xenium_human_kidney_nondiseased,370.2187,94.8702,96.7032,5,0,0.0,0,0.6667,1,0.8333,1,0.8333,2.2455241846686538,4.582504287434646,1,1,1,1,1
cell_subsample,0.75,4,22,xenium_human_kidney_nondiseased,364.6968,68.9536,69.8193,8,0,1.0,1,1.0,1,1.0,1,0.9619,3.297243156633731,5.422731936197008,8,0,1,1,1
cell_subsample,0.75,4,23,xenium_human_kidney_nondiseased,386.3306,60.3739,65.4774,7,0,1.0,0,1.0,0,1.0,1,1.0,3.5334368482507488,4.66620821783805,7,0,0,0,1
cell_subsample,0.75,4,24,xenium_human_kidney_nondiseased,389.6451,66.6259,66.8235,2,1,1.0,1,1.0,1,1.0,1,1.0,3.2672232100643503,5.681739889486505,2,1,1,1,1
cell_subsample,0.75,4,25,xenium_human_kidney_nondiseased,383.0325,68.4286,68.4286,1,1,1.0,1,1.0,1,1.0,1,0.9767,3.204323151727145,5.04407195405117,1,1,1,1,1
cell_subsample,0.75,4,26,xenium_human_kidney_nondiseased,374.0817,76.1431,76.1431,1,1,1.0,1,1.0,1,1.0,1,1.0,2.974667289297421,4.260206928042774,1,1,1,1,1
cell_subsample,0.75,4,27,xenium_human_kidney_nondiseased,371.633,72.2015,77.8161,30,0,1.0,0,1.0,0,0.8182,1,0.9231,2.8217938366901367,5.775029841002732,30,0,0,0,1
cell_subsample,0.75,4,28,xenium_human_kidney_nondiseased,391.8038,65.3109,68.204,7,0,1.0,0,1.0,1,1.0,1,1.0,3.1098895657868453,3.6052096645900504,7,0,0,1,1
cell_subsample,0.75,4,29,xenium_human_kidney_nondiseased,395.4653,63.628,67.6701,38,0,1.0,0,0.9231,0,0.9286,1,0.9785,3.2596246560586475,5.023288953878715,38,0,0,0,1
cell_subsample,0.75,4,30,xenium_human_kidney_nondiseased,386.3994,60.2231,63.7911,9,0,1.0,0,1.0,0,1.0,1,0.9773,3.3768043943560744,6.593746642148312,9,0,0,0,1
cell_subsample,0.75,4,31,xenium_human_kidney_nondiseased,379.9101,77.7924,77.7924,1,1,1.0,1,1.0,1,1.0,1,0.9894,2.8154754610353794,5.568074764493257,1,1,1,1,1
cell_subsample,0.75,4,32,xenium_human_kidney_nondiseased,388.5731,55.0263,56.8061,5,0,1.0,0,1.0,1,1.0,1,1.0,3.586466016362633,3.76134531595407,5,0,0,1,1
cell_subsample,0.75,4,33,xenium_human_kidney_nondiseased,390.4492,71.4937,76.7961,70,0,1.0,0,1.0,0,0.9286,1,0.9241,3.192305074700492,5.769808003519829,70,0,0,0,1
cell_subsample,0.75,4,34,xenium_human_kidney_nondiseased,377.2618,90.5825,96.9278,20,0,1.0,0,1.0,0,1.0,1,0.8462,2.3515062917334033,5.469312047064809,20,0,0,0,1
cell_subsample,0.75,4,35,xenium_human_kidney_nondiseased,365.5232,66.3804,70.031,43,0,1.0,0,0.9,0,0.9394,1,0.9344,3.3705139170017824,5.96846047604017,43,0,0,0,1
cell_subsample,0.75,4,36,xenium_human_kidney_nondiseased,365.1443,64.9728,66.5876,8,0,1.0,1,1.0,1,1.0,1,0.9623,3.1255780375268745,4.135817026792296,8,0,1,1,1
cell_subsample,0.75,4,37,xenium_human_kidney_nondiseased,379.8516,54.4402,54.4402,1,1,1.0,1,1.0,1,1.0,1,1.0,3.436307932845038,4.4179337935942575,1,1,1,1,1
cell_subsample,0.75,4,38,xenium_human_kidney_nondiseased,383.162,77.3585,82.2528,26,0,1.0,0,1.0,0,1.0,1,0.9467,2.7918528698164407,5.884007256981273,26,0,0,0,1
cell_subsample,0.75,4,39,xenium_human_kidney_nondiseased,373.5595,58.4638,60.4101,2,0,1.0,0,1.0,1,1.0,1,1.0,3.273152581247826,4.548951877232363,2,0,0,1,1
cell_subsample,0.75,4,40,xenium_human_kidney_nondiseased,375.9537,54.4683,54.4683,1,1,1.0,1,1.0,1,1.0,1,1.0,3.33591805975532,4.731646961971987,1,1,1,1,1
cell_subsample,0.75,4,41,xenium_human_kidney_nondiseased,360.9682,81.3084,83.2844,9,0,0.5,0,0.8333,1,0.931,1,0.9014,2.860781908057798,5.618242617857102,9,0,0,1,1
cell_subsample,0.75,4,42,xenium_human_kidney_nondiseased,379.6478,68.3466,74.7101,19,0,1.0,0,1.0,0,1.0,1,1.0,3.1963222335006423,4.425400309142577,19,0,0,0,1
cell_subsample,0.75,4,43,xenium_human_kidney_nondiseased,389.269,81.6526,86.6654,25,0,1.0,0,1.0,0,1.0,1,0.9429,2.8302768847007433,6.334569904147486,25,0,0,0,1
cell_subsample,0.75,4,44,xenium_human_kidney_nondiseased,381.2685,86.1595,86.1595,1,1,1.0,1,1.0,1,1.0,1,0.9231,2.471588828547591,5.115553867289356,1,1,1,1,1
cell_subsample,0.75,4,45,xenium_human_kidney_nondiseased,365.9149,58.4664,61.2533,10,0,1.0,0,1.0,1,1.0,1,1.0,3.482061538542526,3.7991716983601393,10,0,0,1,1
cell_subsample,0.75,4,46,xenium_human_kidney_nondiseased,359.5792,71.5535,74.9085,17,0,1.0,0,1.0,1,1.0,1,0.9739,3.1216492888338343,4.302970795086237,17,0,0,1,1
cell_subsample,0.75,4,47,xenium_human_kidney_nondiseased,378.7429,60.1915,64.8938,9,0,1.0,0,1.0,0,1.0,1,1.0,3.449344690772497,4.271852733666203,9,0,0,0,1
cell_subsample,0.75,4,48,xenium_human_kidney_nondiseased,375.5532,76.8102,77.9979,6,0,1.0,1,1.0,1,1.0,1,0.9794,2.9607568430448157,4.754013612572053,6,0,1,1,1
cell_subsample,0.75,4,49,xenium_human_kidney_nondiseased,374.8436,69.7665,71.9016,4,0,1.0,0,1.0,1,0.9091,1,0.9432,3.1364821472039486,6.442958920513644,4,0,0,1,1
cell_subsample,0.75,4,50,xenium_human_kidney_nondiseased,362.7218,68.1069,70.3996,10,0,1.0,0,1.0,1,1.0,1,1.0,3.1717055197439836,5.544395036057943,10,0,0,1,1
cell_subsample,0.75,4,51,xenium_human_kidney_nondiseased,359.3628,64.6732,69.0402,14,0,1.0,0,1.0,0,1.0,1,0.9815,3.293947031373785,5.043866649217501,14,0,0,0,1
cell_subsample,0.75,4,52,xenium_human_kidney_nondiseased,380.5139,57.4321,62.7191,13,0,1.0,0,1.0,0,1.0,1,1.0,3.3987084895597093,6.069001903279495,13,0,0,0,1
cell_subsample,0.75,4,53,xenium_human_kidney_nondiseased,387.8704,58.9097,58.9097,1,1,1.0,1,1.0,1,1.0,1,1.0,3.3014872347087953,3.9674704050530325,1,1,1,1,1
cell_subsample,0.75,4,54,xenium_human_kidney_nondiseased,364.604,66.8666,66.8666,1,1,1.0,1,1.0,1,1.0,1,0.9783,3.0718223348014555,4.973696767104439,1,1,1,1,1
cell_subsample,0.75,4,55,xenium_human_kidney_nondiseased,364.0846,61.9982,66.636,18,0,1.0,0,1.0,0,1.0,1,0.9107,3.2274154787703315,5.582181364823415,18,0,0,0,1
cell_subsample,0.75,4,56,xenium_human_kidney_nondiseased,381.3092,61.0214,64.2641,7,0,1.0,0,1.0,1,1.0,1,1.0,3.2566955309766583,5.129155427467892,7,0,0,1,1
cell_subsample,0.75,4,57,xenium_human_kidney_nondiseased,363.9578,72.12,72.4746,2,1,1.0,1,1.0,1,0.9688,1,0.9295,2.9844055643620777,4.82295194767706,2,1,1,1,1
cell_subsample,0.75,4,58,xenium_human_kidney_nondiseased,358.2325,67.9544,67.9544,1,1,1.0,1,1.0,1,1.0,1,0.971,3.1182150473398926,5.748455710446348,1,1,1,1,1
cell_subsample,0.75,4,59,xenium_human_kidney_nondiseased,355.4008,64.3246,68.7567,8,0,1.0,0,1.0,0,1.0,1,0.9655,3.291031266041314,5.504934636810979,8,0,0,0,1
cell_subsample,0.75,4,60,xenium_human_kidney_nondiseased,353.696,82.111,85.0085,23,0,1.0,0,1.0,1,0.9688,1,0.953,2.800111749088799,5.796816031668315,23,0,0,1,1
cell_subsample,0.75,4,61,xenium_human_kidney_nondiseased,364.5637,62.7991,64.7487,6,0,1.0,0,1.0,1,1.0,1,0.9868,2.9857110869437276,4.970497606046758,6,0,0,1,1
cell_subsample,0.75,4,62,xenium_human_kidney_nondiseased,378.0435,77.9745,82.0485,7,0,1.0,0,1.0,0,1.0,1,0.9615,2.7720293591334486,5.603696949133803,7,0,0,0,1
cell_subsample,0.75,4,63,xenium_human_kidney_nondiseased,366.937,78.1028,78.3155,2,1,1.0,1,1.0,1,1.0,1,0.9167,2.9687039293394344,6.911055378307918,2,1,1,1,1
cell_subsample,0.75,4,64,xenium_human_kidney_nondiseased,360.2456,100.8298,102.0245,4,0,1.0,1,1.0,1,1.0,1,0.9082,2.2917656176904817,5.03076734119576,4,0,1,1,1
cell_subsample,0.75,4,65,xenium_human_kidney_nondiseased,360.7204,65.2969,68.7572,13,0,1.0,0,1.0,0,1.0,1,1.0,3.2166443771877318,5.124958537751251,13,0,0,0,1
cell_subsample,0.75,4,66,xenium_human_kidney_nondiseased,372.3524,57.6253,61.7147,12,0,1.0,0,1.0,0,1.0,1,1.0,3.505789239555473,5.1127131332748785,12,0,0,0,1
cell_subsample,0.75,4,67,xenium_human_kidney_nondiseased,377.6278,83.9108,83.9108,1,1,1.0,1,1.0,1,0.963,1,0.8773,2.8018168853545835,4.940716716685983,1,1,1,1,1
cell_subsample,0.75,4,68,xenium_human_kidney_nondiseased,364.2453,56.79,56.79,1,1,1.0,1,1.0,1,1.0,1,0.9,3.277323180700537,5.108046704081035,1,1,1,1,1
cell_subsample,0.75,4,69,xenium_human_kidney_nondiseased,359.253,81.0997,81.3042,2,1,1.0,1,1.0,1,1.0,1,0.9266,2.769959776759468,5.701912924578828,2,1,1,1,1
cell_subsample,0.75,4,70,xenium_human_kidney_nondiseased,359.4441,70.5892,72.3908,8,0,1.0,0,1.0,1,1.0,1,0.955,3.0140541884815986,5.507472853140934,8,0,0,1,1
cell_subsample,0.75,4,71,xenium_human_kidney_nondiseased,369.3296,65.7592,69.0081,12,0,1.0,0,1.0,1,0.9231,1,0.9733,3.260887152388171,4.6548825813365,12,0,0,1,1
cell_subsample,0.75,4,72,xenium_human_kidney_nondiseased,368.8567,54.5407,54.5407,1,1,1.0,1,1.0,1,1.0,1,1.0,3.461130740384714,4.27507082445411,1,1,1,1,1
cell_subsample,0.75,4,73,xenium_human_kidney_nondiseased,360.8588,71.5473,74.3662,9,0,1.0,0,1.0,1,1.0,1,0.9848,2.82706091793791,4.790583324934599,9,0,0,1,1
cell_subsample,0.75,4,74,xenium_human_kidney_nondiseased,361.1637,69.5529,72.1227,4,0,1.0,0,1.0,1,1.0,1,1.0,3.1262475967380503,4.287094985402114,4,0,0,1,1
cell_subsample,0.75,4,75,xenium_human_kidney_nondiseased,374.2132,77.9849,78.3873,3,1,1.0,1,1.0,1,0.9474,1,0.9262,3.0026103842173475,5.030569837987862,3,1,1,1,1
cell_subsample,0.75,4,76,xenium_human_kidney_nondiseased,368.3523,65.9228,65.9228,1,1,1.0,1,1.0,1,0.8333,1,0.9722,3.3203468787573893,6.30470037011773,1,1,1,1,1
cell_subsample,0.75,4,77,xenium_human_kidney_nondiseased,362.2725,77.0108,79.0831,9,0,1.0,0,1.0,1,1.0,1,0.9516,2.746510272883559,5.147604665342432,9,0,0,1,1
cell_subsample,0.75,4,78,xenium_human_kidney_nondiseased,358.5753,55.8948,55.8948,1,1,1.0,1,1.0,1,1.0,1,1.0,3.371774448662259,3.9707463270311774,1,1,1,1,1
cell_subsample,0.75,4,79,xenium_human_kidney_nondiseased,357.0725,73.8989,75.0113,4,0,1.0,1,1.0,1,1.0,1,0.9727,3.1147018261502666,4.136980049334289,4,0,1,1,1
cell_subsample,0.75,4,80,xenium_human_kidney_nondiseased,363.2832,61.4775,67.9935,44,0,1.0,0,1.0,0,1.0,1,1.0,3.28910864091204,4.2121086041361355,44,0,0,0,1
cell_subsample,0.75,4,81,xenium_human_kidney_nondiseased,372.7111,70.616,70.616,1,1,1.0,1,1.0,1,1.0,1,1.0,3.090560169369143,4.0012227073983215,1,1,1,1,1
cell_subsample,0.75,4,82,xenium_human_kidney_nondiseased,362.1588,67.1344,67.1344,1,1,1.0,1,1.0,1,1.0,1,0.9718,3.1383747128968054,5.393178239483127,1,1,1,1,1
cell_subsample,0.75,4,83,xenium_human_kidney_nondiseased,356.9819,65.8154,70.5668,22,0,1.0,0,1.0,0,1.0,1,0.9839,3.1309370652860418,5.348097983067087,22,0,0,0,1
cell_subsample,0.75,4,84,xenium_human_kidney_nondiseased,355.3398,42.4762,42.4762,1,1,1.0,1,1.0,1,1.0,1,1.0,3.7382759936148426,3.471072459573418,1,1,1,1,1
cell_subsample,0.75,4,85,xenium_human_kidney_nondiseased,363.4961,95.6316,95.6316,1,1,1.0,1,1.0,1,1.0,1,0.9333,2.273733099310623,5.707066742794637,1,1,1,1,1
cell_subsample,0.75,4,86,xenium_human_kidney_nondiseased,372.2655,58.2252,59.719,5,0,1.0,1,1.0,1,1.0,1,1.0,3.325743824629161,4.372071783330054,5,0,1,1,1
cell_subsample,0.75,4,87,xenium_human_kidney_nondiseased,355.6794,73.5669,77.1991,8,0,1.0,0,1.0,0,1.0,1,1.0,2.8032752591880805,5.584489074462855,8,0,0,0,1
cell_subsample,0.75,4,88,xenium_human_kidney_nondiseased,351.6932,75.1401,80.4421,141,0,1.0,0,0.9583,0,0.9455,1,0.9005,3.0019256970545105,6.089576147540415,141,0,0,0,1
cell_subsample,0.75,4,89,xenium_human_kidney_nondiseased,352.7721,68.341,72.7763,17,0,1.0,0,1.0,0,1.0,1,0.9365,3.1880523520816215,4.360616316043362,17,0,0,0,1
cell_subsample,0.75,4,90,xenium_human_kidney_nondiseased,357.1349,83.912,83.912,1,1,1.0,1,1.0,1,1.0,1,0.95,2.734534239774509,5.8405873711648315,1,1,1,1,1
cell_subsample,0.75,4,91,xenium_human_kidney_nondiseased,369.7352,58.743,58.743,1,1,1.0,1,1.0,1,1.0,1,1.0,3.4408588922252243,3.6637732358253166,1,1,1,1,1
cell_subsample,0.75,4,92,xenium_human_kidney_nondiseased,362.256,65.9585,67.3494,4,0,1.0,1,1.0,1,1.0,1,0.9487,3.1365909898691453,4.098667590373635,4,0,1,1,1
cell_subsample,0.75,4,93,xenium_human_kidney_nondiseased,362.0688,62.1645,63.4357,6,0,1.0,1,1.0,1,1.0,1,1.0,3.320890699149565,4.245702504244727,6,0,1,1,1
cell_subsample,0.75,4,94,xenium_human_kidney_nondiseased,363.1247,71.1774,75.1621,16,0,1.0,0,1.0,0,1.0,1,0.988,2.932170711945846,4.413763069808921,16,0,0,0,1
cell_subsample,0.75,4,95,xenium_human_kidney_nondiseased,373.9093,58.5677,60.3073,3,0,1.0,0,1.0,1,1.0,1,1.0,3.257746039516024,4.430355997331868,3,0,0,1,1
cell_subsample,0.75,4,96,xenium_human_kidney_nondiseased,362.4684,74.2748,74.405,2,1,1.0,1,1.0,1,1.0,1,0.9231,3.0666839393762526,5.925680253375902,2,1,1,1,1
cell_subsample,0.75,4,97,xenium_human_kidney_nondiseased,359.36,74.7465,78.1322,3,0,1.0,0,1.0,1,1.0,1,0.8696,2.965875984713359,6.041677865989535,3,0,0,1,1
cell_subsample,0.75,4,98,xenium_human_kidney_nondiseased,358.37,85.218,89.5635,24,0,1.0,0,1.0,0,1.0,1,0.9146,2.7032060200868133,5.596738093974071,24,0,0,0,1
cell_subsample,0.75,4,99,xenium_human_kidney_nondiseased,365.1579,62.1326,62.1326,1,1,1.0,1,1.0,1,1.0,1,1.0,3.2375048401936652,3.8147066347436347,1,1,1,1,1
cell_subsample,0.5,0,0,xenium_human_kidney_nondiseased,388.6457,55.0871,56.3486,6,0,1.0,1,0.875,1,0.9333,1,0.9667,5.347661755797235,6.738386673214176,6,0,1,1,1
cell_subsample,0.5,0,1,xenium_human_kidney_nondiseased,379.9467,70.8632,76.087,31,0,1.0,0,1.0,0,1.0,1,0.8816,4.477543234309073,8.614908556828718,31,0,0,0,1
cell_subsample,0.5,0,2,xenium_human_kidney_nondiseased,381.2159,69.3708,82.4727,454,0,1.0,0,1.0,0,0.7667,0,0.8129,4.618957754700445,10.036337285691218,454,0,0,0,0
cell_subsample,0.5,0,3,xenium_human_kidney_nondiseased,375.7672,67.621,72.5011,23,0,1.0,0,1.0,0,1.0,1,0.8235,4.785802165366979,8.480463504428913,23,0,0,0,1
cell_subsample,0.5,0,4,xenium_human_kidney_nondiseased,385.4642,54.4661,63.2179,78,0,1.0,0,1.0,0,1.0,0,0.9615,5.078022324193797,8.142968448580634,78,0,0,0,0
cell_subsample,0.5,0,5,xenium_human_kidney_nondiseased,382.1914,65.486,65.486,1,1,1.0,1,0.8,1,0.9091,1,0.9355,4.732318372837647,8.116202874436718,1,1,1,1,1
cell_subsample,0.5,0,6,xenium_human_kidney_nondiseased,384.7018,78.8659,87.869,96,0,1.0,0,1.0,0,1.0,0,0.6667,3.7147903398284714,10.644523675220015,96,0,0,0,0
cell_subsample,0.5,0,7,xenium_human_kidney_nondiseased,385.4378,54.8858,58.8889,16,0,1.0,0,0.75,0,0.9333,1,0.9773,4.887545695429995,7.784274826830558,16,0,0,0,1
cell_subsample,0.5,0,8,xenium_human_kidney_nondiseased,384.134,61.4796,61.4796,1,1,1.0,1,1.0,1,0.8,1,0.8621,4.9881367506301135,8.628163395986386,1,1,1,1,1
cell_subsample,0.5,0,9,xenium_human_kidney_nondiseased,387.3008,70.2012,79.8291,313,0,1.0,0,1.0,0,0.9211,0,0.8212,4.574224598105905,10.228517075581005,313,0,0,0,0
cell_subsample,0.5,0,10,xenium_human_kidney_nondiseased,383.9328,60.0133,66.67,61,0,1.0,0,1.0,0,0.9333,1,0.9118,4.891111962683887,8.382683016004606,61,0,0,0,1
cell_subsample,0.5,0,11,xenium_human_kidney_nondiseased,388.4391,62.8194,65.4144,16,0,1.0,0,0.9,1,0.9048,1,0.8795,5.020783263248264,8.456282217017511,16,0,0,1,1
cell_subsample,0.5,0,12,xenium_human_kidney_nondiseased,390.1946,58.7145,70.2863,184,0,1.0,0,1.0,0,1.0,0,0.9552,5.156587081775564,7.266312509184214,184,0,0,0,0
cell_subsample,0.5,0,13,xenium_human_kidney_nondiseased,392.1025,62.9089,75.018,252,0,1.0,0,1.0,0,1.0,0,0.8491,4.73988509920479,9.255961487334753,252,0,0,0,0
cell_subsample,0.5,0,14,xenium_human_kidney_nondiseased,397.7818,88.7807,92.0911,5,0,1.0,0,1.0,1,1.0,1,0.9508,3.507622275776209,11.08522991841847,391,0,0,0,0
cell_subsample,0.5,0,15,xenium_human_kidney_nondiseased,398.2795,55.7185,62.0673,32,0,1.0,0,1.0,0,0.875,1,0.9211,5.239445427092377,8.507702575943057,32,0,0,0,1
cell_subsample,0.5,0,16,xenium_human_kidney_nondiseased,384.0916,59.519,65.1969,58,0,1.0,0,1.0,0,1.0,1,0.9681,4.861667074744528,7.864511363125011,58,0,0,0,1
cell_subsample,0.5,0,17,xenium_human_kidney_nondiseased,379.4347,66.2106,82.4921,424,0,1.0,0,1.0,0,0.875,0,0.8608,4.274961100746032,9.46758370049412,424,0,0,0,0
cell_subsample,0.5,0,18,xenium_human_kidney_nondiseased,396.7444,64.7085,69.5356,39,0,1.0,0,0.8571,0,0.9412,1,0.9425,4.747370881207202,8.42070360695719,39,0,0,0,1
cell_subsample,0.5,0,19,xenium_human_kidney_nondiseased,396.4022,66.2135,70.6715,47,0,1.0,0,1.0,0,1.0,1,0.9369,4.936570475090534,5.880271125568981,47,0,0,0,1
cell_subsample,0.5,0,20,xenium_human_kidney_nondiseased,390.6756,76.0854,83.4163,76,0,1.0,0,1.0,0,1.0,0,0.8361,4.205216528383316,10.66453606929826,76,0,0,0,0
cell_subsample,0.5,0,21,xenium_human_kidney_nondiseased,380.0689,94.8702,96.7032,5,0,0.0,0,0.6667,1,0.8333,1,0.9167,3.3473426102629116,10.541662091432125,5,0,0,1,1
cell_subsample,0.5,0,22,xenium_human_kidney_nondiseased,377.1858,68.9536,71.5339,17,0,1.0,0,1.0,1,1.0,1,0.8952,4.852893255714982,8.758087091188012,17,0,0,1,1
cell_subsample,0.5,0,23,xenium_human_kidney_nondiseased,394.5181,60.3739,65.4774,7,0,1.0,0,1.0,0,1.0,1,1.0,5.160710922104959,6.026852566928106,7,0,0,0,1
cell_subsample,0.5,0,24,xenium_human_kidney_nondiseased,389.5212,66.6259,69.9604,10,0,1.0,0,1.0,1,1.0,1,0.9444,4.752793367776584,8.352993113196867,10,0,0,1,1
cell_subsample,0.5,0,25,xenium_human_kidney_nondiseased,379.3091,68.4286,74.2607,28,0,1.0,0,1.0,0,1.0,1,0.9302,4.7270593467329665,9.414029496789865,28,0,0,0,1
cell_subsample,0.5,0,26,xenium_human_kidney_nondiseased,373.8231,76.1431,76.1431,1,1,1.0,1,1.0,1,1.0,1,1.0,4.350928958781637,8.719966901027162,1,1,1,1,1
cell_subsample,0.5,0,27,xenium_human_kidney_nondiseased,373.2192,72.2015,72.4886,2,1,1.0,1,1.0,1,0.9091,1,0.9423,4.031478879898908,8.154861714966964,2,1,1,1,1
cell_subsample,0.5,0,28,xenium_human_kidney_nondiseased,392.1778,65.3109,81.4542,374,0,1.0,0,1.0,0,0.8571,0,0.9048,4.553019925082959,9.614757106462642,374,0,0,0,0
cell_subsample,0.5,0,29,xenium_human_kidney_nondiseased,390.8476,63.628,69.3604,72,0,1.0,0,0.9231,0,0.9286,1,0.9247,4.754888883781983,8.079781045868978,72,0,0,0,1
cell_subsample,0.5,0,30,xenium_human_kidney_nondiseased,378.8842,60.2231,72.1118,192,0,1.0,0,1.0,0,1.0,0,0.8864,5.026803402141706,9.459832591047972,192,0,0,0,0
cell_subsample,0.5,0,31,xenium_human_kidney_nondiseased,383.484,77.7924,87.828,246,0,1.0,0,1.0,0,1.0,0,0.9149,4.110125760646835,9.772391514241574,606,0,0,0,0
cell_subsample,0.5,0,32,xenium_human_kidney_nondiseased,397.6535,55.0263,55.3696,2,1,1.0,1,1.0,1,1.0,1,0.9259,5.309721245965369,7.037986453852178,2,1,1,1,1
cell_subsample,0.5,0,33,xenium_human_kidney_nondiseased,391.3832,71.4937,81.8116,350,0,1.0,0,0.8,0,0.8214,0,0.8483,4.635871590525012,8.79689268337161,350,0,0,0,0
cell_subsample,0.5,0,34,xenium_human_kidney_nondiseased,383.1788,90.5825,95.8472,9,0,1.0,0,1.0,0,1.0,1,0.9231,3.3044774609981427,10.01987544529247,212,0,0,0,0
cell_subsample,0.5,0,35,xenium_human_kidney_nondiseased,361.0761,66.3804,69.4928,29,0,1.0,0,1.0,1,1.0,1,0.9426,4.882382938108611,7.41981571615423,172,0,0,0,0
cell_subsample,0.5,0,36,xenium_human_kidney_nondiseased,358.2866,64.9728,76.7229,297,0,1.0,0,1.0,0,1.0,0,0.9057,4.651761047908537,9.458042551012854,297,0,0,0,0
cell_subsample,0.5,0,37,xenium_human_kidney_nondiseased,378.0861,54.4402,65.5654,106,0,0.5,0,0.6667,0,0.75,0,0.8421,5.043886985371922,8.472967125795547,106,0,0,0,0
cell_subsample,0.5,0,38,xenium_human_kidney_nondiseased,388.6517,77.3585,82.2528,26,0,1.0,0,1.0,0,1.0,1,0.84,4.1438669868579066,10.2705020827731,26,0,0,0,1
cell_subsample,0.5,0,39,xenium_human_kidney_nondiseased,374.4856,58.4638,67.2528,101,0,1.0,0,1.0,0,1.0,0,0.9583,4.840695018536731,8.753265715027975,101,0,0,0,0
cell_subsample,0.5,0,40,xenium_human_kidney_nondiseased,363.7918,54.4683,65.0148,89,0,1.0,0,1.0,0,0.8333,0,0.9286,4.906612022662321,10.0672242403958,89,0,0,0,0
cell_subsample,0.5,0,41,xenium_human_kidney_nondiseased,367.8962,81.3084,83.2844,9,0,0.5,0,0.8333,1,0.8621,1,0.8028,4.132818474005887,9.200312531223291,9,0,0,1,1
cell_subsample,0.5,0,42,xenium_human_kidney_nondiseased,379.8118,68.3466,72.3156,6,0,1.0,0,1.0,0,1.0,1,0.9259,4.663956927483933,8.913477111405554,6,0,0,0,1
cell_subsample,0.5,0,43,xenium_human_kidney_nondiseased,394.2493,81.6526,84.676,6,0,1.0,0,1.0,1,1.0,1,0.9571,4.146808489354891,9.309882151689102,6,0,0,1,1
cell_subsample,0.5,0,44,xenium_human_kidney_nondiseased,375.1112,86.1595,94.1902,109,0,1.0,0,1.0,0,1.0,0,0.8923,3.6419769544145324,11.195959406756275,580,0,0,0,0
cell_subsample,0.5,0,45,xenium_human_kidney_nondiseased,365.1417,58.4664,62.197,19,0,1.0,0,1.0,0,1.0,1,0.9831,5.1525147157751965,7.893766028863924,19,0,0,0,1
cell_subsample,0.5,0,46,xenium_human_kidney_nondiseased,592.7833,71.5535,77.889,97,0,1.0,0,1.0,0,1.0,1,0.913,4.600436819595533,9.257350652444762,97,0,0,0,1
cell_subsample,0.5,0,47,xenium_human_kidney_nondiseased,353.0407,60.1915,75.9805,231,0,1.0,0,1.0,0,0.5,0,0.9048,5.070194689777228,8.851752528858707,231,0,0,0,0
cell_subsample,0.5,0,48,xenium_human_kidney_nondiseased,360.5775,76.8102,85.7669,192,0,1.0,0,1.0,0,0.92,0,0.8969,4.3685709009549765,8.558561549772165,192,0,0,0,0
cell_subsample,0.5,0,49,xenium_human_kidney_nondiseased,357.471,69.7665,71.9016,4,0,1.0,0,1.0,1,0.9091,1,0.9205,4.612319530924856,9.138887595617742,4,0,0,1,1
cell_subsample,0.5,0,50,xenium_human_kidney_nondiseased,357.8966,68.1069,78.9244,233,0,1.0,0,0.8571,0,0.9412,0,0.7841,4.601335066283765,9.888902809110508,233,0,0,0,0
cell_subsample,0.5,0,51,xenium_human_kidney_nondiseased,371.6472,64.6732,72.4493,85,0,1.0,0,1.0,0,1.0,0,0.9815,4.771303693668643,7.8970319214876845,85,0,0,0,0
cell_subsample,0.5,0,52,xenium_human_kidney_nondiseased,368.8829,57.4321,73.3845,243,0,1.0,0,1.0,0,1.0,0,0.9643,4.944775718897913,8.893111188322607,243,0,0,0,0
cell_subsample,0.5,0,53,xenium_human_kidney_nondiseased,361.5993,58.9097,69.1413,115,0,1.0,0,1.0,0,1.0,0,0.8571,4.8723175456476495,7.9612031263458904,115,0,0,0,0
cell_subsample,0.5,0,54,xenium_human_kidney_nondiseased,356.2095,66.8666,75.9142,104,0,1.0,0,1.0,0,1.0,0,0.8478,4.4966040604680675,9.431196541198057,104,0,0,0,0
cell_subsample,0.5,0,55,xenium_human_kidney_nondiseased,360.3411,61.9982,64.88,6,0,1.0,0,1.0,1,1.0,1,0.875,4.723000340482118,8.599667813436833,6,0,0,1,1
cell_subsample,0.5,0,56,xenium_human_kidney_nondiseased,367.3145,61.0214,74.4338,254,0,1.0,0,1.0,0,1.0,0,0.9512,4.748177181384041,8.840252148003795,254,0,0,0,0
cell_subsample,0.5,0,57,xenium_human_kidney_nondiseased,364.2399,72.12,85.8888,479,0,1.0,0,0.9091,0,0.8125,0,0.8077,4.414431777582424,9.149012114903694,479,0,0,0,0
cell_subsample,0.5,0,58,xenium_human_kidney_nondiseased,371.877,67.9544,72.1761,25,0,1.0,0,1.0,0,0.9286,1,0.8986,4.550568803980075,10.495800484988916,25,0,0,0,1
cell_subsample,0.5,0,59,xenium_human_kidney_nondiseased,368.0199,64.3246,74.346,165,0,1.0,0,1.0,0,1.0,0,0.9828,4.875342350112222,8.104529963520852,165,0,0,0,0
cell_subsample,0.5,0,60,xenium_human_kidney_nondiseased,366.7145,82.111,83.552,9,0,1.0,1,1.0,1,0.9688,1,0.9329,4.031726428198815,9.285764707465066,9,0,1,1,1
cell_subsample,0.5,0,61,xenium_human_kidney_nondiseased,375.283,62.7991,82.1431,478,0,1.0,0,0.75,0,0.7222,0,0.7763,4.524400591077097,10.986379044729237,478,0,0,0,0
cell_subsample,0.5,0,62,xenium_human_kidney_nondiseased,376.1039,77.9745,86.1565,65,0,1.0,0,1.0,0,1.0,0,0.9615,4.002866225767806,9.080989080470658,65,0,0,0,0
cell_subsample,0.5,0,63,xenium_human_kidney_nondiseased,357.1438,78.1028,86.6672,138,0,1.0,0,1.0,0,1.0,0,0.9028,4.2620445805642415,9.224403689112892,138,0,0,0,0
cell_subsample,0.5,0,64,xenium_human_kidney_nondiseased,355.0619,100.8298,107.838,108,0,1.0,0,1.0,0,1.0,0,0.9286,3.2393137109851255,9.952685863594184,105,0,0,0,0
cell_subsample,0.5,0,65,xenium_human_kidney_nondiseased,370.4521,65.2969,72.4643,93,0,1.0,0,1.0,0,0.9167,0,0.9324,4.787095703467442,8.654038029648975,93,0,0,0,0
cell_subsample,0.5,0,66,xenium_human_kidney_nondiseased,375.9807,57.6253,66.9651,79,0,0.0,0,0.6667,0,0.8571,0,0.9744,5.15048049744406,7.685907928204399,79,0,0,0,0
cell_subsample,0.5,0,67,xenium_human_kidney_nondiseased,366.3847,83.9108,89.4563,93,0,1.0,0,0.9,0,0.8148,1,0.8405,4.164937276518047,10.123253085665144,544,0,0,0,0
cell_subsample,0.5,0,68,xenium_human_kidney_nondiseased,357.7709,56.79,69.5085,117,0,1.0,0,1.0,0,1.0,0,0.9,4.696192824271286,9.194887748077418,117,0,0,0,0
cell_subsample,0.5,0,69,xenium_human_kidney_nondiseased,376.0813,81.0997,87.8021,102,0,1.0,0,1.0,0,1.0,1,0.9083,4.006139757333713,10.615085863617674,102,0,0,0,1
cell_subsample,0.5,0,70,xenium_human_kidney_nondiseased,372.9005,70.5892,76.2943,82,0,1.0,0,1.0,0,0.9412,1,0.8649,4.44033043789217,8.411137675762042,82,0,0,0,1
cell_subsample,0.5,0,71,xenium_human_kidney_nondiseased,383.7484,65.7592,68.3409,9,0,1.0,0,1.0,1,1.0,1,0.9467,4.777071569056465,7.993079111214578,9,0,0,1,1
cell_subsample,0.5,0,72,xenium_human_kidney_nondiseased,374.9735,54.5407,57.9935,11,0,1.0,0,0.6667,0,0.9,1,0.95,5.161979705375433,8.204617640967042,11,0,0,0,1
cell_subsample,0.5,0,73,xenium_human_kidney_nondiseased,358.607,71.5473,77.7358,56,0,1.0,0,0.75,0,0.9167,1,0.9091,4.126536641195401,8.849073205878243,56,0,0,0,1
cell_subsample,0.5,0,74,xenium_human_kidney_nondiseased,358.8208,69.5529,70.7151,2,0,1.0,1,1.0,1,1.0,1,1.0,4.754047219562301,6.358191074815296,2,0,1,1,1
cell_subsample,0.5,0,75,xenium_human_kidney_nondiseased,378.9904,77.9849,81.1312,14,0,1.0,0,1.0,1,0.9474,1,0.8689,4.411822304154361,8.209549396227649,14,0,0,1,1
cell_subsample,0.5,0,76,xenium_human_kidney_nondiseased,380.2137,65.9228,72.1893,21,0,1.0,0,1.0,0,1.0,1,0.9167,4.967800461325886,9.237468446455605,21,0,0,0,1
cell_subsample,0.5,0,77,xenium_human_kidney_nondiseased,368.3312,77.0108,85.9265,222,0,1.0,0,1.0,0,1.0,0,0.8629,3.8173562803545105,9.873988126372316,222,0,0,0,0
cell_subsample,0.5,0,78,xenium_human_kidney_nondiseased,369.4088,55.8948,70.13,157,0,1.0,0,1.0,0,0.6667,0,0.9474,4.957915818417237,8.451743755288742,157,0,0,0,0
cell_subsample,0.5,0,79,xenium_human_kidney_nondiseased,372.9377,73.8989,75.9265,7,0,1.0,0,0.75,1,0.8571,1,0.8545,4.643923197212924,8.205289516206188,7,0,0,1,1
cell_subsample,0.5,0,80,xenium_human_kidney_nondiseased,384.5565,61.4775,66.748,25,0,1.0,0,1.0,0,1.0,1,0.96,4.726409827146068,7.911162429901116,25,0,0,0,1
cell_subsample,0.5,0,81,xenium_human_kidney_nondiseased,380.2192,70.616,73.565,2,0,1.0,0,1.0,1,1.0,1,0.9762,4.562627156722189,7.4677858513531055,2,0,0,1,1
cell_subsample,0.5,0,82,xenium_human_kidney_nondiseased,374.4258,67.1344,73.3238,52,0,1.0,0,1.0,0,0.9474,1,0.9577,4.549223791550582,8.027307165856422,52,0,0,0,1
cell_subsample,0.5,0,83,xenium_human_kidney_nondiseased,368.4326,65.8154,71.0009,31,0,1.0,0,1.0,0,1.0,1,0.9677,4.583204314451563,8.014966946789102,31,0,0,0,1
cell_subsample,0.5,0,84,xenium_human_kidney_nondiseased,376.4622,42.4762,42.4762,1,1,1.0,1,1.0,1,1.0,1,1.0,5.528972417589736,6.1480911270786605,1,1,1,1,1
cell_subsample,0.5,0,85,xenium_human_kidney_nondiseased,376.7471,95.6316,106.2408,80,0,1.0,0,1.0,0,1.0,0,1.0,3.078194149454288,10.281090793763385,221,0,0,0,0
cell_subsample,0.5,0,86,xenium_human_kidney_nondiseased,366.278,58.2252,58.7326,2,1,1.0,1,1.0,1,1.0,1,1.0,4.863811707476098,6.958823209002528,2,1,1,1,1
cell_subsample,0.5,0,87,xenium_human_kidney_nondiseased,367.1216,73.5669,81.1132,29,0,1.0,0,1.0,0,1.0,0,1.0,3.9899732816145788,8.202310608084092,29,0,0,0,0
cell_subsample,0.5,0,88,xenium_human_kidney_nondiseased,357.026,75.1401,85.6695,412,0,1.0,0,0.9583,0,0.8545,0,0.8199,4.326249965016192,9.184831669361925,412,0,0,0,0
cell_subsample,0.5,0,89,xenium_human_kidney_nondiseased,380.0886,68.341,73.9828,35,0,1.0,0,1.0,0,0.875,1,0.7937,4.728587466317627,9.464442533524151,35,0,0,0,1
cell_subsample,0.5,0,90,xenium_human_kidney_nondiseased,386.557,83.912,91.1301,71,0,1.0,0,1.0,0,1.0,0,0.9333,3.93317823587364,9.807188512575516,71,0,0,0,0
cell_subsample,0.5,0,91,xenium_human_kidney_nondiseased,374.8317,58.743,60.1117,3,0,1.0,1,1.0,1,1.0,1,1.0,5.0846330426027295,7.245921643056475,3,0,1,1,1
cell_subsample,0.5,0,92,xenium_human_kidney_nondiseased,367.6948,65.9585,75.4028,161,0,1.0,0,1.0,0,1.0,0,0.9359,4.526508288030587,8.99203372524347,161,0,0,0,0
cell_subsample,0.5,0,93,xenium_human_kidney_nondiseased,370.8858,62.1645,63.4515,7,0,1.0,1,1.0,1,1.0,1,1.0,4.975020620073161,7.219187399384448,7,0,1,1,1
cell_subsample,0.5,0,94,xenium_human_kidney_nondiseased,379.3996,71.1774,83.21,327,0,0.0,0,0.0,0,0.8182,0,0.747,4.341239996910057,10.59163661017212,327,0,0,0,0
cell_subsample,0.5,0,95,xenium_human_kidney_nondiseased,382.4183,58.5677,64.3582,39,0,1.0,0,1.0,0,0.9375,1,0.9592,4.7736239678130055,8.793162287554697,39,0,0,0,1
cell_subsample,0.5,0,96,xenium_human_kidney_nondiseased,381.0775,74.2748,84.6967,323,0,0.75,0,0.8333,0,0.95,0,0.8681,4.464241246060285,8.18838474938285,323,0,0,0,0
cell_subsample,0.5,0,97,xenium_human_kidney_nondiseased,366.7535,74.7465,85.8344,187,0,1.0,0,1.0,0,1.0,0,0.913,4.311595105661725,9.50206133859555,187,0,0,0,0
cell_subsample,0.5,0,98,xenium_human_kidney_nondiseased,360.2207,85.218,87.8329,8,0,1.0,0,1.0,1,1.0,1,0.9512,3.9114686429056458,9.179810527572345,8,0,0,1,1
cell_subsample,0.5,0,99,xenium_human_kidney_nondiseased,378.6032,62.1326,73.2507,112,0,1.0,0,1.0,0,1.0,0,1.0,4.683943505697815,8.61261056064919,112,0,0,0,0
cell_subsample,0.5,1,0,xenium_human_kidney_nondiseased,362.5357,55.0871,60.2695,36,0,1.0,0,1.0,0,1.0,1,1.0,5.373141941599997,7.194502665080141,36,0,0,0,1
cell_subsample,0.5,1,1,xenium_human_kidney_nondiseased,370.884,70.8632,77.5632,66,0,1.0,0,1.0,0,1.0,1,0.9211,4.441685273666897,8.809295076903279,66,0,0,0,1
cell_subsample,0.5,1,2,xenium_human_kidney_nondiseased,384.2741,69.3708,76.5726,182,0,1.0,0,1.0,0,0.9,0,0.8258,4.631778791966557,8.737348797139836,182,0,0,0,0
cell_subsample,0.5,1,3,xenium_human_kidney_nondiseased,388.8697,67.621,67.621,1,1,1.0,1,1.0,1,1.0,1,0.8824,4.771704486154206,8.215416252308117,1,1,1,1,1
cell_subsample,0.5,1,4,xenium_human_kidney_nondiseased,375.1134,54.4661,69.0897,217,0,1.0,0,0.8,0,0.9091,0,0.9615,5.0612145804977615,7.9810978639668235,217,0,0,0,0
cell_subsample,0.5,1,5,xenium_human_kidney_nondiseased,375.2934,65.486,71.6118,45,0,1.0,0,0.8,0,0.7273,1,0.8387,4.747942992833653,8.642275176977439,45,0,0,0,1
cell_subsample,0.5,1,6,xenium_human_kidney_nondiseased,372.4791,78.8659,92.8417,399,0,1.0,0,1.0,0,1.0,0,0.8148,3.71547679519345,10.010077861421179,399,0,0,0,0
cell_subsample,0.5,1,7,xenium_human_kidney_nondiseased,367.9433,54.8858,58.2587,15,0,1.0,0,0.75,1,0.9333,1,0.9773,4.890690344706427,6.6867704624840085,15,0,0,1,1
cell_subsample,0.5,1,8,xenium_human_kidney_nondiseased,378.3636,61.4796,67.086,15,0,1.0,0,1.0,0,1.0,1,0.8621,5.013411432050571,9.53973720178745,15,0,0,0,1
cell_subsample,0.5,1,9,xenium_human_kidney_nondiseased,365.6332,70.2012,83.4663,475,0,1.0,0,1.0,0,1.0,0,0.8543,4.532014469501365,8.902820089860791,475,0,0,0,0
cell_subsample,0.5,1,10,xenium_human_kidney_nondiseased,361.1156,60.0133,66.6787,62,0,1.0,0,1.0,0,1.0,1,0.9412,4.890599184062652,8.058430225639563,62,0,0,0,1
cell_subsample,0.5,1,11,xenium_human_kidney_nondiseased,363.2315,62.8194,63.6871,4,0,1.0,1,0.9,1,0.9524,1,0.9036,5.034911984231978,9.042512773073183,4,0,1,1,1
cell_subsample,0.5,1,12,xenium_human_kidney_nondiseased,365.5968,58.7145,69.1185,147,0,1.0,0,1.0,0,1.0,0,0.9403,5.108374889232814,8.791913866984343,147,0,0,0,0
cell_subsample,0.5,1,13,xenium_human_kidney_nondiseased,370.4353,62.9089,78.4547,362,0,1.0,0,1.0,0,1.0,0,0.9434,4.737402150463347,8.208110066045428,362,0,0,0,0
cell_subsample,0.5,1,14,xenium_human_kidney_nondiseased,374.0834,88.7807,92.0911,5,0,1.0,0,1.0,1,1.0,1,0.9672,3.443769745885078,8.556696928793842,5,0,0,1,1
cell_subsample,0.5,1,15,xenium_human_kidney_nondiseased,368.9573,55.7185,75.577,320,0,1.0,0,1.0,0,0.875,0,0.9211,5.250687263378609,8.73829185933924,320,0,0,0,0
cell_subsample,0.5,1,16,xenium_human_kidney_nondiseased,374.6943,59.519,62.9284,25,0,0.75,0,0.75,1,0.88,1,0.9255,4.9081271754312725,8.191971264322726,25,0,0,1,1
cell_subsample,0.5,1,17,xenium_human_kidney_nondiseased,376.3283,66.2106,75.4723,148,0,1.0,0,1.0,0,0.875,0,0.8481,4.313287078644896,11.187811168277586,148,0,0,0,0
cell_subsample,0.5,1,18,xenium_human_kidney_nondiseased,380.9244,64.7085,64.7085,1,1,1.0,1,1.0,1,1.0,1,0.9425,4.717812042463124,8.22162418979798,1,1,1,1,1
cell_subsample,0.5,1,19,xenium_human_kidney_nondiseased,362.7036,66.2135,69.0359,19,0,1.0,0,1.0,1,0.9667,1,0.9009,4.9355535623918705,7.879048413780483,19,0,0,1,1
cell_subsample,0.5,1,20,xenium_human_kidney_nondiseased,377.7364,76.0854,90.1624,449,0,1.0,0,1.0,0,0.875,0,0.7213,4.208197324261238,11.183972369606952,449,0,0,0,0
cell_subsample,0.5,1,21,xenium_human_kidney_nondiseased,360.8036,94.8702,96.7032,5,0,0.0,0,0.6667,1,0.8333,1,0.9167,3.3156356023829776,8.920853090352386,5,0,0,1,1
cell_subsample,0.5,1,22,xenium_human_kidney_nondiseased,373.8751,68.9536,74.3261,61,0,0.8333,0,0.9,0,0.8214,1,0.8762,4.817559468774513,8.441926233449486,61,0,0,0,1
cell_subsample,0.5,1,23,xenium_human_kidney_nondiseased,377.4398,60.3739,65.4774,7,0,1.0,0,1.0,0,1.0,1,1.0,5.1775779988062105,6.692295511779525,7,0,0,0,1
cell_subsample,0.5,1,24,xenium_human_kidney_nondiseased,366.8974,66.6259,66.8235,2,1,1.0,1,1.0,1,1.0,1,0.9444,4.768966130436668,8.194811335064108,2,1,1,1,1
cell_subsample,0.5,1,25,xenium_human_kidney_nondiseased,354.3973,68.4286,68.4286,1,1,1.0,1,1.0,1,1.0,1,0.907,4.734697587053415,9.042341575509003,1,1,1,1,1
cell_subsample,0.5,1,26,xenium_human_kidney_nondiseased,362.5394,76.1431,76.1431,1,1,1.0,1,1.0,1,1.0,1,1.0,4.348172528108868,8.542872677878787,1,1,1,1,1
cell_subsample,0.5,1,27,xenium_human_kidney_nondiseased,378.4184,72.2015,78.8122,48,0,1.0,0,1.0,0,0.8182,1,0.8846,4.049066597206554,10.009824122541362,48,0,0,0,1
cell_subsample,0.5,1,28,xenium_human_kidney_nondiseased,384.84,65.3109,73.0087,55,0,1.0,0,1.0,0,1.0,0,0.9048,4.545146710344502,9.788287833924143,55,0,0,0,0
cell_subsample,0.5,1,29,xenium_human_kidney_nondiseased,362.7506,63.628,70.6185,96,0,1.0,0,0.9231,0,0.9286,0,0.957,4.7634234061216185,7.84753864666828,96,0,0,0,0
cell_subsample,0.5,1,30,xenium_human_kidney_nondiseased,377.2861,60.2231,63.7911,9,0,1.0,0,1.0,0,1.0,1,0.9545,5.011029860231947,8.609506062665956,9,0,0,0,1
cell_subsample,0.5,1,31,xenium_human_kidney_nondiseased,383.5076,77.7924,87.828,246,0,1.0,0,1.0,0,1.0,0,0.9149,4.069759277475885,9.876100511362832,246,0,0,0,0
cell_subsample,0.5,1,32,xenium_human_kidney_nondiseased,381.5202,55.0263,55.3696,2,1,1.0,1,1.0,1,1.0,1,0.963,5.264289845991569,6.2980929297391555,2,1,1,1,1
cell_subsample,0.5,1,33,xenium_human_kidney_nondiseased,367.7266,71.4937,75.7419,43,0,1.0,0,0.8,0,0.8929,1,0.8138,4.572505905623697,8.543540972831158,43,0,0,0,1
cell_subsample,0.5,1,34,xenium_human_kidney_nondiseased,369.8262,90.5825,95.8472,9,0,1.0,0,1.0,0,1.0,1,0.8846,3.306180436127976,9.31050799699383,201,0,0,0,0
cell_subsample,0.5,1,35,xenium_human_kidney_nondiseased,364.7105,66.3804,69.537,31,0,1.0,0,0.9,1,0.9091,1,0.9262,4.946290085799245,7.741063059789834,31,0,0,1,1
cell_subsample,0.5,1,36,xenium_human_kidney_nondiseased,377.592,64.9728,83.7128,512,0,1.0,0,1.0,0,0.88,0,0.8302,4.6451401132205605,9.737203269967033,512,0,0,0,0
cell_subsample,0.5,1,37,xenium_human_kidney_nondiseased,394.3105,54.4402,65.4876,103,0,1.0,0,1.0,0,1.0,0,0.9474,5.0112766226642345,8.55962620744889,103,0,0,0,0
cell_subsample,0.5,1,38,xenium_human_kidney_nondiseased,381.0045,77.3585,82.2528,26,0,1.0,0,1.0,0,1.0,1,0.8933,4.159686109089553,9.884819690279656,26,0,0,0,1
cell_subsample,0.5,1,39,xenium_human_kidney_nondiseased,374.5543,58.4638,71.6344,265,0,1.0,0,1.0,0,1.0,0,0.9375,4.817604656162591,9.126672905112017,265,0,0,0,0
cell_subsample,0.5,1,40,xenium_human_kidney_nondiseased,369.574,54.4683,58.257,14,0,1.0,0,1.0,0,0.9167,1,0.9762,4.921288493376303,8.230895447697891,14,0,0,0,1
cell_subsample,0.5,1,41,xenium_human_kidney_nondiseased,380.0503,81.3084,90.5886,296,0,0.5,0,0.8333,0,0.8621,0,0.8099,4.1973554945929505,9.001690034558973,296,0,0,0,0
cell_subsample,0.5,1,42,xenium_human_kidney_nondiseased,381.0625,68.3466,74.7101,19,0,1.0,0,1.0,0,1.0,1,0.9259,4.638077913864655,8.926301353276921,19,0,0,0,1
cell_subsample,0.5,1,43,xenium_human_kidney_nondiseased,373.8659,81.6526,84.676,6,0,1.0,0,1.0,1,1.0,1,0.9571,4.199486767575003,9.843257987901968,6,0,0,1,1
cell_subsample,0.5,1,44,xenium_human_kidney_nondiseased,358.5187,86.1595,94.1902,109,0,1.0,0,1.0,0,1.0,0,0.9077,3.6277959732341722,10.786479437373686,580,0,0,0,0
cell_subsample,0.5,1,45,xenium_human_kidney_nondiseased,379.5594,58.4664,65.4037,62,0,1.0,0,1.0,0,0.9412,0,0.9661,5.17774185220472,8.455165187520215,62,0,0,0,0
cell_subsample,0.5,1,46,xenium_human_kidney_nondiseased,383.2205,71.5535,75.3977,27,0,1.0,0,1.0,0,1.0,1,0.9652,4.560131634098845,8.626315449082458,27,0,0,0,1
cell_subsample,0.5,1,47,xenium_human_kidney_nondiseased,388.2536,60.1915,74.2551,174,0,1.0,0,1.0,0,1.0,0,1.0,5.07215032134649,8.001487033534753,174,0,0,0,0
cell_subsample,0.5,1,48,xenium_human_kidney_nondiseased,360.3296,76.8102,76.8102,1,1,1.0,1,1.0,1,0.96,1,0.9072,4.36487575141161,8.397619054479515,1,1,1,1,1
cell_subsample,0.5,1,49,xenium_human_kidney_nondiseased,358.4142,69.7665,71.9664,5,0,1.0,0,1.0,1,1.0,1,0.9091,4.679416515280001,8.790620962185773,5,0,0,1,1
cell_subsample,0.5,1,50,xenium_human_kidney_nondiseased,383.0981,68.1069,81.5884,347,0,1.0,0,0.8571,0,0.8824,0,0.8864,4.595327501272224,9.571842134260168,401,0,0,0,0
cell_subsample,0.5,1,51,xenium_human_kidney_nondiseased,388.0509,64.6732,74.9014,169,0,1.0,0,1.0,0,1.0,0,0.963,4.794834534843092,8.242564962106371,169,0,0,0,0
cell_subsample,0.5,1,52,xenium_human_kidney_nondiseased,377.0179,57.4321,73.3845,243,0,1.0,0,1.0,0,1.0,0,1.0,4.966409082706888,8.621107689600171,243,0,0,0,0
cell_subsample,0.5,1,53,xenium_human_kidney_nondiseased,372.9374,58.9097,73.3762,248,0,1.0,0,1.0,0,1.0,0,0.8857,4.899683420801603,9.269101141466784,248,0,0,0,0
cell_subsample,0.5,1,54,xenium_human_kidney_nondiseased,373.2479,66.8666,81.2839,353,0,1.0,0,1.0,0,1.0,0,0.8478,4.492013807706943,9.873302556316332,353,0,0,0,0
cell_subsample,0.5,1,55,xenium_human_kidney_nondiseased,386.9917,61.9982,65.311,9,0,1.0,0,1.0,1,1.0,1,0.8393,4.693542878660858,8.28357196476044,9,0,0,1,1
cell_subsample,0.5,1,56,xenium_human_kidney_nondiseased,391.9877,61.0214,67.7981,39,0,1.0,0,1.0,0,1.0,1,0.9268,4.805551411559999,9.309518734223223,39,0,0,0,1
cell_subsample,0.5,1,57,xenium_human_kidney_nondiseased,374.4169,72.12,79.376,172,0,1.0,0,1.0,0,0.8438,0,0.8333,4.4309907941771245,9.085934930766149,172,0,0,0,0
cell_subsample,0.5,1,58,xenium_human_kidney_nondiseased,373.4607,67.9544,74.4064,61,0,1.0,0,1.0,0,1.0,1,0.971,4.514308086183288,8.332914686843665,61,0,0,0,1
cell_subsample,0.5,1,59,xenium_human_kidney_nondiseased,369.762,64.3246,70.5447,44,0,1.0,0,1.0,0,1.0,1,0.931,4.864712311767187,8.718448647624928,44,0,0,0,1
cell_subsample,0.5,1,60,xenium_human_kidney_nondiseased,370.1033,82.111,87.8338,97,0,1.0,0,1.0,0,0.9375,1,0.906,4.105782663251809,9.838760371310986,97,0,0,0,1
cell_subsample,0.5,1,61,xenium_human_kidney_nondiseased,378.5055,62.7991,66.3311,20,0,1.0,0,1.0,0,0.9444,1,0.8947,4.474146321527022,9.520102701651837,20,0,0,0,1
cell_subsample,0.5,1,62,xenium_human_kidney_nondiseased,367.0696,77.9745,86.1565,65,0,1.0,0,1.0,0,1.0,0,0.9615,4.088659000773035,10.228350076142783,65,0,0,0,0
cell_subsample,0.5,1,63,xenium_human_kidney_nondiseased,361.037,78.1028,79.4669,3,0,1.0,1,1.0,1,1.0,1,0.9444,4.2818146522491585,9.06058030322974,3,0,1,1,1
cell_subsample,0.5,1,64,xenium_human_kidney_nondiseased,359.089,100.8298,107.838,108,0,1.0,0,1.0,0,1.0,0,0.9184,3.238796806558892,11.647868386242504,105,0,0,0,0
cell_subsample,0.5,1,65,xenium_human_kidney_nondiseased,371.6603,65.2969,76.4868,230,0,1.0,0,1.0,0,0.9167,0,0.9595,4.722397580018535,9.085731020505262,230,0,0,0,0
cell_subsample,0.5,1,66,xenium_human_kidney_nondiseased,368.7747,57.6253,66.9294,78,0,0.0,0,0.6667,0,0.7143,0,0.8974,5.192559779090078,8.313572540954748,78,0,0,0,0
cell_subsample,0.5,1,67,xenium_human_kidney_nondiseased,367.6955,83.9108,89.0872,84,0,1.0,0,1.0,0,0.8889,1,0.9018,4.152471844349419,9.380071250494218,84,0,0,0,1
cell_subsample,0.5,1,68,xenium_human_kidney_nondiseased,376.0461,56.79,72.2657,223,0,1.0,0,1.0,0,1.0,0,0.8,4.718514608114288,8.785075493915697,223,0,0,0,0
cell_subsample,0.5,1,69,xenium_human_kidney_nondiseased,373.7332,81.0997,91.9629,384,0,1.0,0,1.0,0,0.9375,0,0.844,3.9593433053061426,9.605934854984737,384,0,0,0,0
cell_subsample,0.5,1,70,xenium_human_kidney_nondiseased,373.0614,70.5892,84.8769,458,0,0.6667,0,0.7143,0,0.7059,0,0.8018,4.450095235988959,9.559973531466978,458,0,0,0,0
cell_subsample,0.5,1,71,xenium_human_kidney_nondiseased,369.6595,65.7592,65.7857,2,1,1.0,1,1.0,1,1.0,1,0.9467,4.781437849546245,7.3287303917497795,2,1,1,1,1
cell_subsample,0.5,1,72,xenium_human_kidney_nondiseased,354.5321,54.5407,59.1616,16,0,1.0,0,1.0,0,1.0,1,1.0,5.149515452008234,7.681590338197572,16,0,0,0,1
cell_subsample,0.5,1,73,xenium_human_kidney_nondiseased,357.5359,71.5473,77.7358,56,0,1.0,0,1.0,0,1.0,1,0.9394,4.111363109212559,8.139135678803243,56,0,0,0,1
cell_subsample,0.5,1,74,xenium_human_kidney_nondiseased,371.0109,69.5529,72.1227,4,0,1.0,0,1.0,1,1.0,1,0.9231,4.824854284945569,8.622804290023126,4,0,0,1,1
cell_subsample,0.5,1,75,xenium_human_kidney_nondiseased,371.8644,77.9849,86.6926,248,0,0.6667,0,0.75,0,0.9474,0,0.8934,4.393894699101606,8.32500714387641,248,0,0,0,0
cell_subsample,0.5,1,76,xenium_human_kidney_nondiseased,380.9253,65.9228,72.6071,34,0,1.0,0,1.0,0,0.8333,1,0.8889,4.9377402390410445,8.51352416763794,34,0,0,0,1
cell_subsample,0.5,1,77,xenium_human_kidney_nondiseased,376.2998,77.0108,92.2389,512,0,1.0,0,1.0,0,0.9259,0,0.6935,3.8957752594929995,12.07608247370719,512,0,0,0,0
cell_subsample,0.5,1,78,xenium_human_kidney_nondiseased,367.2829,55.8948,61.4617,11,0,1.0,0,1.0,0,1.0,1,1.0,4.891941053021669,6.489350165781811,11,0,0,0,1
cell_subsample,0.5,1,79,xenium_human_kidney_nondiseased,377.0093,73.8989,80.6065,105,0,1.0,0,0.75,0,0.8571,1,0.7818,4.661790683392845,8.762059102192977,105,0,0,0,1
cell_subsample,0.5,1,80,xenium_human_kidney_nondiseased,383.011,61.4775,64.879,9,0,1.0,0,1.0,1,1.0,1,0.98,4.749921021630049,8.384802592727599,9,0,0,1,1
cell_subsample,0.5,1,81,xenium_human_kidney_nondiseased,376.6011,70.616,81.797,240,0,1.0,0,1.0,0,1.0,0,0.9286,4.573716141756574,8.826563464618326,240,0,0,0,0
cell_subsample,0.5,1,82,xenium_human_kidney_nondiseased,374.5691,67.1344,68.1986,5,0,1.0,1,1.0,1,0.9474,1,0.9718,4.573985301415996,8.79426831868431,5,0,1,1,1
cell_subsample,0.5,1,83,xenium_human_kidney_nondiseased,369.3294,65.8154,84.8676,537,0,0.0,0,0.5,0,0.7778,0,0.7903,4.6035912922171995,9.658985353269083,537,0,0,0,0
cell_subsample,0.5,1,84,xenium_human_kidney_nondiseased,383.8115,42.4762,44.9863,2,0,1.0,0,1.0,1,1.0,1,1.0,5.56134623414418,6.147115065777938,2,0,0,1,1
cell_subsample,0.5,1,85,xenium_human_kidney_nondiseased,376.0122,95.6316,95.6316,1,1,1.0,1,1.0,1,1.0,1,1.0,3.123153832389933,12.518149884698225,203,0,0,0,0
cell_subsample,0.5,1,86,xenium_human_kidney_nondiseased,382.5146,58.2252,65.4896,46,0,1.0,0,1.0,0,1.0,0,0.9487,4.910998342776379,7.096573500164291,46,0,0,0,0
cell_subsample,0.5,1,87,xenium_human_kidney_nondiseased,370.513,73.5669,73.5669,1,1,1.0,1,1.0,1,1.0,1,0.9474,4.031166497520455,10.301609094721838,1,1,1,1,1
cell_subsample,0.5,1,88,xenium_human_kidney_nondiseased,360.0195,75.1401,79.4626,96,0,1.0,0,0.9583,0,0.8909,1,0.8246,4.3074362942232955,8.986918745016443,96,0,0,0,1
cell_subsample,0.5,1,89,xenium_human_kidney_nondiseased,369.9363,68.341,72.7357,15,0,1.0,0,1.0,0,1.0,1,0.873,4.729789843774316,9.212085953368687,15,0,0,0,1
cell_subsample,0.5,1,90,xenium_human_kidney_nondiseased,380.1918,83.912,91.7483,96,0,1.0,0,1.0,0,1.0,0,0.9333,3.952066957024128,9.774719932600648,96,0,0,0,0
cell_subsample,0.5,1,91,xenium_human_kidney_nondiseased,365.7349,58.743,61.3357,4,0,1.0,0,1.0,1,1.0,1,1.0,5.050983762903052,7.021913206911788,4,0,0,1,1
cell_subsample,0.5,1,92,xenium_human_kidney_nondiseased,368.5757,65.9585,74.2232,132,0,0.0,0,0.6,0,0.8462,0,0.8462,4.599832094462904,9.339101526817846,132,0,0,0,0
cell_subsample,0.5,1,93,xenium_human_kidney_nondiseased,384.1148,62.1645,63.908,8,0,1.0,0,1.0,1,1.0,1,0.9815,4.990263308406453,7.966416515405757,8,0,0,1,1
cell_subsample,0.5,1,94,xenium_human_kidney_nondiseased,378.6561,71.1774,75.1621,16,0,1.0,0,1.0,0,0.6364,1,0.7349,4.351606376669,10.26118410751123,16,0,0,0,1
cell_subsample,0.5,1,95,xenium_human_kidney_nondiseased,358.4529,58.5677,71.4485,185,0,1.0,0,1.0,0,0.875,0,0.9388,4.821211395598849,9.093576882778505,185,0,0,0,0
cell_subsample,0.5,1,96,xenium_human_kidney_nondiseased,360.2453,74.2748,87.8722,505,0,1.0,0,1.0,0,1.0,0,0.8901,4.501502373335742,9.644569960717833,505,0,0,0,0
cell_subsample,0.5,1,97,xenium_human_kidney_nondiseased,362.2315,74.7465,79.5172,5,0,1.0,0,1.0,0,1.0,1,0.913,4.268341344859484,9.739524291251557,5,0,0,0,1
cell_subsample,0.5,1,98,xenium_human_kidney_nondiseased,370.9491,85.218,91.1092,59,0,1.0,0,1.0,0,1.0,1,0.9146,3.847110800135658,9.45892311132518,59,0,0,0,1
cell_subsample,0.5,1,99,xenium_human_kidney_nondiseased,378.5217,62.1326,68.5089,16,0,1.0,0,1.0,0,1.0,1,1.0,4.660740371320385,8.361615002040308,16,0,0,0,1
cell_subsample,0.5,2,0,xenium_human_kidney_nondiseased,372.9173,55.0871,59.1719,24,0,1.0,0,1.0,0,1.0,1,1.0,5.378237900173787,6.927093551462703,24,0,0,0,1
cell_subsample,0.5,2,1,xenium_human_kidney_nondiseased,372.7558,70.8632,80.0302,167,0,1.0,0,1.0,0,1.0,0,0.9211,4.510489555423777,7.3816883873918995,167,0,0,0,0
cell_subsample,0.5,2,2,xenium_human_kidney_nondiseased,372.8653,69.3708,75.26,108,0,1.0,0,1.0,0,0.8333,1,0.8452,4.632498253771524,9.280035569836032,108,0,0,0,1
cell_subsample,0.5,2,3,xenium_human_kidney_nondiseased,382.7785,67.621,67.621,1,1,1.0,1,1.0,1,1.0,1,0.8382,4.76483796783537,9.312652759761667,1,1,1,1,1
cell_subsample,0.5,2,4,xenium_human_kidney_nondiseased,377.9114,54.4661,61.4959,55,0,1.0,0,1.0,0,1.0,0,0.9615,5.054238826579919,7.40687723831237,55,0,0,0,0
cell_subsample,0.5,2,5,xenium_human_kidney_nondiseased,367.8142,65.486,77.2565,282,0,1.0,0,0.8,0,0.9091,0,0.9194,4.711317239527957,8.06246220043912,282,0,0,0,0
cell_subsample,0.5,2,6,xenium_human_kidney_nondiseased,367.7266,78.8659,92.3426,360,0,1.0,0,1.0,0,1.0,0,0.7037,3.7247504260285202,11.189092054630379,627,0,0,0,0
cell_subsample,0.5,2,7,xenium_human_kidney_nondiseased,379.0596,54.8858,57.0012,7,0,1.0,0,1.0,1,1.0,1,1.0,4.887552375304755,7.210952017239692,7,0,0,1,1
cell_subsample,0.5,2,8,xenium_human_kidney_nondiseased,378.0054,61.4796,61.4796,1,1,1.0,1,1.0,1,1.0,1,0.9655,4.972477159525073,7.170479949503524,1,1,1,1,1
cell_subsample,0.5,2,9,xenium_human_kidney_nondiseased,377.1642,70.2012,76.1775,119,0,1.0,0,1.0,0,0.9737,1,0.8543,4.5517366032615385,10.340658844197133,119,0,0,0,1
cell_subsample,0.5,2,10,xenium_human_kidney_nondiseased,383.1014,60.0133,66.6787,62,0,1.0,0,1.0,0,1.0,1,0.9412,4.90546740647561,8.198391009589987,62,0,0,0,1
cell_subsample,0.5,2,11,xenium_human_kidney_nondiseased,382.998,62.8194,63.6871,4,0,1.0,1,0.9,1,0.9048,1,0.9518,5.050084337413392,8.465796808751568,4,0,1,1,1
cell_subsample,0.5,2,12,xenium_human_kidney_nondiseased,389.7697,58.7145,63.5498,35,0,1.0,0,1.0,0,1.0,1,0.9403,5.141934972957762,8.096964987134697,35,0,0,0,1
cell_subsample,0.5,2,13,xenium_human_kidney_nondiseased,389.2484,62.9089,72.5114,152,0,1.0,0,1.0,0,1.0,0,0.9245,4.775981177735448,8.630730424702252,152,0,0,0,0
cell_subsample,0.5,2,14,xenium_human_kidney_nondiseased,379.2642,88.7807,96.7837,113,0,1.0,0,1.0,0,1.0,0,0.918,3.4282331430623723,12.262195599576927,391,0,0,0,0
cell_subsample,0.5,2,15,xenium_human_kidney_nondiseased,370.7988,55.7185,56.3904,2,1,1.0,1,1.0,1,0.875,1,0.9211,5.212055190042242,7.110165224387947,2,1,1,1,1
cell_subsample,0.5,2,16,xenium_human_kidney_nondiseased,379.5088,59.519,79.7595,456,0,0.75,0,0.875,0,0.92,0,0.9043,4.874732123906261,9.637549288249158,456,0,0,0,0
cell_subsample,0.5,2,17,xenium_human_kidney_nondiseased,386.3928,66.2106,69.6424,17,0,1.0,0,1.0,0,0.875,1,0.9114,4.29207533281338,9.402006509927785,17,0,0,0,1
cell_subsample,0.5,2,18,xenium_human_kidney_nondiseased,387.407,64.7085,68.5669,25,0,1.0,0,1.0,0,0.9412,1,0.9655,4.702010995186709,7.797477065459079,25,0,0,0,1
cell_subsample,0.5,2,19,xenium_human_kidney_nondiseased,379.7536,66.2135,68.3252,11,0,1.0,0,1.0,1,1.0,1,0.9099,4.963596855433187,8.414703130636616,11,0,0,1,1
cell_subsample,0.5,2,20,xenium_human_kidney_nondiseased,393.147,76.0854,80.5021,13,0,1.0,0,1.0,0,1.0,1,0.9016,4.189531396580666,9.81443029733658,13,0,0,0,1
cell_subsample,0.5,2,21,xenium_human_kidney_nondiseased,390.8949,94.8702,96.7032,5,0,0.0,0,0.6667,1,0.8333,1,0.8333,3.2661341940116664,7.273438163392807,5,0,0,1,1
cell_subsample,0.5,2,22,xenium_human_kidney_nondiseased,399.6707,68.9536,69.8193,8,0,0.6667,1,0.7,1,0.7857,1,0.8381,4.791695779573801,8.94050308802772,8,0,1,1,1
cell_subsample,0.5,2,23,xenium_human_kidney_nondiseased,400.6991,60.3739,67.1838,12,0,1.0,0,1.0,0,1.0,1,1.0,5.1696603825472955,6.580455987157798,12,0,0,0,1
cell_subsample,0.5,2,24,xenium_human_kidney_nondiseased,386.2667,66.6259,69.9604,10,0,1.0,0,1.0,1,0.8,1,0.8333,4.772541828101985,9.73857179630125,10,0,0,1,1
cell_subsample,0.5,2,25,xenium_human_kidney_nondiseased,373.1308,68.4286,77.9954,132,0,1.0,0,1.0,0,1.0,0,0.8372,4.789992804443968,10.155930142249796,132,0,0,0,0
cell_subsample,0.5,2,26,xenium_human_kidney_nondiseased,388.8933,76.1431,76.1431,1,1,1.0,1,1.0,1,1.0,1,1.0,4.377951802720006,7.9740158513647765,1,1,1,1,1
cell_subsample,0.5,2,27,xenium_human_kidney_nondiseased,389.3362,72.2015,80.089,73,0,1.0,0,1.0,0,0.9091,0,0.9423,4.034765771214334,8.263206789507603,73,0,0,0,0
cell_subsample,0.5,2,28,xenium_human_kidney_nondiseased,369.5188,65.3109,74.5825,93,0,1.0,0,1.0,0,1.0,0,0.9286,4.549749536987527,8.56352984418525,93,0,0,0,0
cell_subsample,0.5,2,29,xenium_human_kidney_nondiseased,367.7845,63.628,70.6185,96,0,1.0,0,0.9231,0,0.8929,0,0.871,4.772385047512044,9.548680930497312,96,0,0,0,0
cell_subsample,0.5,2,30,xenium_human_kidney_nondiseased,366.4347,60.2231,68.2403,73,0,1.0,0,1.0,0,1.0,0,0.9318,4.985782291244336,8.73519712036997,73,0,0,0,0
cell_subsample,0.5,2,31,xenium_human_kidney_nondiseased,383.1858,77.7924,87.4603,216,0,1.0,0,1.0,0,1.0,0,0.9043,4.094547506840335,9.807481711801858,216,0,0,0,0
cell_subsample,0.5,2,32,xenium_human_kidney_nondiseased,388.9338,55.0263,55.0263,1,1,1.0,1,1.0,1,1.0,1,0.963,5.274869981742812,7.585979537113744,1,1,1,1,1
cell_subsample,0.5,2,33,xenium_human_kidney_nondiseased,383.2968,71.4937,74.1947,17,0,1.0,0,0.8,1,0.8214,1,0.8828,4.624017170429964,8.53401612992299,17,0,0,1,1
cell_subsample,0.5,2,34,xenium_human_kidney_nondiseased,372.7772,90.5825,92.3711,2,0,1.0,0,1.0,1,1.0,1,0.8462,3.2737362844216533,8.359113283806359,2,0,0,1,1
cell_subsample,0.5,2,35,xenium_human_kidney_nondiseased,371.8527,66.3804,77.2799,299,0,1.0,0,0.8,0,0.8182,0,0.7377,4.8983765229516205,9.976994869174602,299,0,0,0,0
cell_subsample,0.5,2,36,xenium_human_kidney_nondiseased,383.2707,64.9728,76.7229,297,0,1.0,0,1.0,0,0.96,0,0.9057,4.675464387025302,8.8669263483333,297,0,0,0,0
cell_subsample,0.5,2,37,xenium_human_kidney_nondiseased,388.0563,54.4402,66.3114,123,0,1.0,0,1.0,0,1.0,0,0.9474,5.033684851945298,8.667747086464233,123,0,0,0,0
cell_subsample,0.5,2,38,xenium_human_kidney_nondiseased,382.2236,77.3585,82.2528,26,0,1.0,0,1.0,0,1.0,1,0.9067,4.101275319524462,8.788769473729998,26,0,0,0,1
cell_subsample,0.5,2,39,xenium_human_kidney_nondiseased,372.0562,58.4638,70.8179,235,0,1.0,0,1.0,0,0.8571,0,0.9375,4.830927076969466,8.403629362107367,235,0,0,0,0
cell_subsample,0.5,2,40,xenium_human_kidney_nondiseased,384.5459,54.4683,65.0148,89,0,1.0,0,1.0,0,0.8333,0,0.9524,4.86539012258836,8.394987057517541,89,0,0,0,0
cell_subsample,0.5,2,41,xenium_human_kidney_nondiseased,387.8326,81.3084,87.4535,111,0,0.5,0,0.6667,0,0.7586,1,0.7676,4.179204703136469,9.988527622173933,670,0,0,0,0
cell_subsample,0.5,2,42,xenium_human_kidney_nondiseased,388.684,68.3466,77.7915,98,0,1.0,0,1.0,0,1.0,0,0.963,4.677977984603877,8.606850674965376,98,0,0,0,0
cell_subsample,0.5,2,43,xenium_human_kidney_nondiseased,384.601,81.6526,84.676,6,0,1.0,0,1.0,1,1.0,1,0.9143,4.173244290182053,9.20592235591031,6,0,0,1,1
cell_subsample,0.5,2,44,xenium_human_kidney_nondiseased,364.9415,86.1595,94.1902,109,0,1.0,0,1.0,0,1.0,0,0.9231,3.6519562943712414,10.933301726466274,580,0,0,0,0
cell_subsample,0.5,2,45,xenium_human_kidney_nondiseased,389.1304,58.4664,62.197,19,0,1.0,0,1.0,0,1.0,1,0.9831,5.14657316364363,7.253667310345423,19,0,0,0,1
cell_subsample,0.5,2,46,xenium_human_kidney_nondiseased,385.6846,71.5535,74.6964,14,0,1.0,0,1.0,1,0.9444,1,0.8348,4.590346279370771,9.315045227133187,14,0,0,1,1
cell_subsample,0.5,2,47,xenium_human_kidney_nondiseased,364.7136,60.1915,71.4799,100,0,1.0,0,1.0,0,1.0,0,1.0,5.087418943311202,7.6584864291444354,100,0,0,0,0
cell_subsample,0.5,2,48,xenium_human_kidney_nondiseased,362.6661,76.8102,89.154,379,0,1.0,0,1.0,0,0.88,0,0.866,4.3567907453499,10.16754090119831,379,0,0,0,0
cell_subsample,0.5,2,49,xenium_human_kidney_nondiseased,376.3097,69.7665,79.2883,193,0,1.0,0,1.0,0,0.9091,0,0.8864,4.603838054649487,9.542419723970948,193,0,0,0,0
cell_subsample,0.5,2,50,xenium_human_kidney_nondiseased,385.8006,68.1069,79.2456,246,0,1.0,0,0.8571,0,0.8824,0,0.8523,4.619946769098643,9.465661336241284,246,0,0,0,0
cell_subsample,0.5,2,51,xenium_human_kidney_nondiseased,385.6916,64.6732,64.6732,1,1,1.0,1,1.0,1,1.0,1,0.9815,4.764375091807925,7.262559059364761,1,1,1,1,1
cell_subsample,0.5,2,52,xenium_human_kidney_nondiseased,365.8232,57.4321,69.3583,134,0,1.0,0,1.0,0,1.0,0,0.9643,4.945134467465872,9.00542282590226,134,0,0,0,0
cell_subsample,0.5,2,53,xenium_human_kidney_nondiseased,375.8007,58.9097,65.7086,35,0,1.0,0,1.0,0,1.0,1,0.9429,4.874332510222127,8.536725669056894,35,0,0,0,1
cell_subsample,0.5,2,54,xenium_human_kidney_nondiseased,366.86,66.8666,73.9018,50,0,1.0,0,1.0,0,1.0,0,0.913,4.46833404461874,8.808396430345343,50,0,0,0,0
cell_subsample,0.5,2,55,xenium_human_kidney_nondiseased,387.4108,61.9982,74.5868,252,0,1.0,0,1.0,0,0.9,0,0.7143,4.736501939106068,9.96421241756024,252,0,0,0,0
cell_subsample,0.5,2,56,xenium_human_kidney_nondiseased,389.9701,61.0214,74.4338,254,0,1.0,0,1.0,0,1.0,0,0.9024,4.745033317975228,9.334035419230444,254,0,0,0,0
cell_subsample,0.5,2,57,xenium_human_kidney_nondiseased,380.2402,72.12,77.7948,101,0,1.0,0,0.9091,0,0.8438,1,0.8013,4.411634088859671,9.111636674883611,101,0,0,0,1
cell_subsample,0.5,2,58,xenium_human_kidney_nondiseased,380.1514,67.9544,70.4449,7,0,1.0,0,1.0,1,1.0,1,0.9565,4.492277859226843,8.473371934790238,7,0,0,1,1
cell_subsample,0.5,2,59,xenium_human_kidney_nondiseased,366.3152,64.3246,72.1805,87,0,1.0,0,1.0,0,1.0,0,0.931,4.84545226816684,9.015659267632932,87,0,0,0,0
cell_subsample,0.5,2,60,xenium_human_kidney_nondiseased,380.8232,82.111,87.8338,97,0,1.0,0,1.0,0,0.9375,1,0.8926,4.116061418771261,9.781347724513338,561,0,0,0,0
cell_subsample,0.5,2,61,xenium_human_kidney_nondiseased,390.0647,62.7991,72.6994,185,0,1.0,0,0.75,0,0.8889,0,0.8947,4.51570968108133,10.265443676850396,185,0,0,0,0
cell_subsample,0.5,2,62,xenium_human_kidney_nondiseased,375.5486,77.9745,79.7128,3,0,1.0,0,1.0,1,1.0,1,1.0,4.01413831795736,8.932527117940642,3,0,0,1,1
cell_subsample,0.5,2,63,xenium_human_kidney_nondiseased,358.7702,78.1028,87.7889,208,0,1.0,0,1.0,0,1.0,0,0.9306,4.279981616028422,8.723803448720943,208,0,0,0,0
cell_subsample,0.5,2,64,xenium_human_kidney_nondiseased,365.3203,100.8298,102.0245,4,0,1.0,1,1.0,1,1.0,1,0.8776,3.18029583868455,9.457011838522828,105,0,0,0,0
cell_subsample,0.5,2,65,xenium_human_kidney_nondiseased,386.4168,65.2969,72.6555,101,0,1.0,0,1.0,0,0.8333,0,0.9189,4.77091547506498,9.650629482147373,101,0,0,0,0
cell_subsample,0.5,2,66,xenium_human_kidney_nondiseased,383.9131,57.6253,68.3628,109,0,0.0,0,0.6667,0,0.8571,0,0.9744,5.15521181344275,7.2634699027249265,109,0,0,0,0
cell_subsample,0.5,2,67,xenium_human_kidney_nondiseased,364.2345,83.9108,83.9108,1,1,1.0,1,0.8,1,0.8148,1,0.8957,4.168211201017763,10.672409793852042,1,1,1,1,1
cell_subsample,0.5,2,68,xenium_human_kidney_nondiseased,365.9689,56.79,79.9897,450,0,1.0,0,1.0,0,1.0,0,0.9,4.712074422978623,9.84258171181413,450,0,0,0,0
cell_subsample,0.5,2,69,xenium_human_kidney_nondiseased,386.686,81.0997,94.9004,536,0,1.0,0,1.0,0,1.0,0,0.8165,4.000735738653373,11.045043012354975,624,0,0,0,0
cell_subsample,0.5,2,70,xenium_human_kidney_nondiseased,388.4588,70.5892,76.2943,82,0,1.0,0,1.0,0,1.0,1,0.8108,4.481708725622262,9.425399426806136,82,0,0,0,1
cell_subsample,0.5,2,71,xenium_human_kidney_nondiseased,365.0958,65.7592,71.3486,46,0,1.0,0,1.0,0,0.8462,1,0.8667,4.813849780680199,8.59697088675202,46,0,0,0,1
cell_subsample,0.5,2,72,xenium_human_kidney_nondiseased,364.5088,54.5407,69.1472,203,0,1.0,0,0.6667,0,0.9,0,0.95,5.14792014074217,8.150969308255778,203,0,0,0,0
cell_subsample,0.5,2,73,xenium_human_kidney_nondiseased,358.6079,71.5473,80.1606,120,0,1.0,0,0.75,0,0.8333,0,0.7424,4.130063222134546,10.541513028128835,120,0,0,0,0
cell_subsample,0.5,2,74,xenium_human_kidney_nondiseased,376.0877,69.5529,70.7151,2,0,1.0,1,1.0,1,0.8333,1,0.8846,4.820861291574695,8.381118440362327,2,0,1,1,1
cell_subsample,0.5,2,75,xenium_human_kidney_nondiseased,374.1082,77.9849,82.9695,59,0,1.0,0,1.0,0,1.0,1,0.8607,4.423570632120878,8.912340765998627,59,0,0,0,1
cell_subsample,0.5,2,76,xenium_human_kidney_nondiseased,358.311,65.9228,72.1893,21,0,1.0,0,1.0,0,0.8333,1,0.9722,4.947152968444634,8.452783901610296,21,0,0,0,1
cell_subsample,0.5,2,77,xenium_human_kidney_nondiseased,356.984,77.0108,83.2418,97,0,1.0,0,0.8571,0,0.963,1,0.8387,3.85050692705009,10.640646813861993,97,0,0,0,1
cell_subsample,0.5,2,78,xenium_human_kidney_nondiseased,361.8035,55.8948,61.4043,9,0,1.0,0,1.0,0,0.6667,1,0.8947,4.908948014159058,8.176184225874291,9,0,0,0,1
cell_subsample,0.5,2,79,xenium_human_kidney_nondiseased,373.9448,73.8989,82.7827,198,0,1.0,0,1.0,0,0.9524,0,0.9182,4.702334379711824,8.725948348605037,198,0,0,0,0
cell_subsample,0.5,2,80,xenium_human_kidney_nondiseased,374.9983,61.4775,66.748,25,0,1.0,0,1.0,0,1.0,1,0.98,4.709974191767512,7.229032634188153,25,0,0,0,1
cell_subsample,0.5,2,81,xenium_human_kidney_nondiseased,365.3428,70.616,81.797,240,0,1.0,0,1.0,0,1.0,0,0.9048,4.549969972854586,9.370836905997896,240,0,0,0,0
cell_subsample,0.5,2,82,xenium_human_kidney_nondiseased,363.3241,67.1344,71.3248,24,0,1.0,0,1.0,0,0.9474,1,0.9577,4.554850603700839,8.922905959254653,24,0,0,0,1
cell_subsample,0.5,2,83,xenium_human_kidney_nondiseased,365.0396,65.8154,75.2719,152,0,0.0,0,0.0,0,0.6667,0,0.7419,4.636397728895766,10.613543521895014,152,0,0,0,0
cell_subsample,0.5,2,84,xenium_human_kidney_nondiseased,375.0818,42.4762,42.4762,1,1,1.0,1,1.0,1,1.0,1,1.0,5.523047368678164,5.843424704870529,1,1,1,1,1
cell_subsample,0.5,2,85,xenium_human_kidney_nondiseased,377.8315,95.6316,95.6316,1,1,1.0,1,1.0,1,1.0,1,1.0,3.0925374122979203,10.22758918079491,221,0,0,0,0
cell_subsample,0.5,2,86,xenium_human_kidney_nondiseased,363.4529,58.2252,64.6189,32,0,1.0,0,1.0,0,1.0,1,1.0,4.964342643803382,8.180448671785982,32,0,0,0,1
cell_subsample,0.5,2,87,xenium_human_kidney_nondiseased,361.7353,73.5669,73.5669,1,1,1.0,1,1.0,1,1.0,1,1.0,4.027406120964732,9.570707930874207,1,1,1,1,1
cell_subsample,0.5,2,88,xenium_human_kidney_nondiseased,375.0747,75.1401,78.2607,49,0,1.0,0,0.9583,1,0.9273,1,0.8626,4.319055346966527,8.848376197991707,49,0,0,1,1
cell_subsample,0.5,2,89,xenium_human_kidney_nondiseased,370.042,68.341,73.9828,35,0,1.0,0,0.6667,0,0.625,1,0.8254,4.70606803676851,9.951085393352882,35,0,0,0,1
cell_subsample,0.5,2,90,xenium_human_kidney_nondiseased,360.1712,83.912,91.1301,71,0,1.0,0,1.0,0,1.0,0,0.9667,3.923129346632672,10.173784913229257,71,0,0,0,0
cell_subsample,0.5,2,91,xenium_human_kidney_nondiseased,358.3982,58.743,66.9476,72,0,1.0,0,1.0,0,1.0,0,0.9459,5.096572336400603,8.09239806533699,72,0,0,0,0
cell_subsample,0.5,2,92,xenium_human_kidney_nondiseased,358.1713,65.9585,75.2244,159,0,1.0,0,1.0,0,1.0,0,0.9744,4.5404283611615215,8.170192199357228,159,0,0,0,0
cell_subsample,0.5,2,93,xenium_human_kidney_nondiseased,362.9406,62.1645,63.4515,7,0,1.0,1,1.0,1,0.9231,1,0.9815,4.966996125818095,7.773955695671617,7,0,1,1,1
cell_subsample,0.5,2,94,xenium_human_kidney_nondiseased,372.7681,71.1774,83.21,327,0,1.0,0,1.0,0,0.8182,0,0.7952,4.353796196788649,9.99187968265444,327,0,0,0,0
cell_subsample,0.5,2,95,xenium_human_kidney_nondiseased,360.7624,58.5677,66.1338,64,0,1.0,0,1.0,0,0.9375,0,0.9592,4.7538468233195195,8.33223775776634,64,0,0,0,0
cell_subsample,0.5,2,96,xenium_human_kidney_nondiseased,355.2694,74.2748,74.405,2,1,1.0,1,1.0,1,1.0,1,0.8571,4.533754773343089,9.919523791822272,2,1,1,1,1
cell_subsample,0.5,2,97,xenium_human_kidney_nondiseased,360.1014,74.7465,86.1537,203,0,1.0,0,1.0,0,1.0,0,0.9565,4.2727056606802165,9.827340946147528,203,0,0,0,0
cell_subsample,0.5,2,98,xenium_human_kidney_nondiseased,366.7796,85.218,87.8329,8,0,1.0,0,1.0,1,1.0,1,0.939,3.9357814223607526,10.633809217158243,8,0,0,1,1
cell_subsample,0.5,2,99,xenium_human_kidney_nondiseased,364.96,62.1326,68.5089,16,0,1.0,0,1.0,0,1.0,1,1.0,4.651773228856627,9.020692683052335,16,0,0,0,1
cell_subsample,0.5,3,0,xenium_human_kidney_nondiseased,385.2032,55.0871,59.1719,24,0,1.0,0,0.875,0,0.8667,1,0.9333,5.396220515959855,8.031790025238799,24,0,0,0,1
cell_subsample,0.5,3,1,xenium_human_kidney_nondiseased,395.0567,70.8632,82.3538,312,0,1.0,0,1.0,0,1.0,0,0.8947,4.465066799993783,9.162034157536935,312,0,0,0,0
cell_subsample,0.5,3,2,xenium_human_kidney_nondiseased,390.5357,69.3708,75.26,108,0,1.0,0,0.9,0,0.7667,1,0.8258,4.613314439330195,9.30791151092903,108,0,0,0,1
cell_subsample,0.5,3,3,xenium_human_kidney_nondiseased,395.2634,67.621,76.4256,144,0,1.0,0,1.0,0,1.0,0,0.8676,4.802923077309086,9.040795957290486,144,0,0,0,0
cell_subsample,0.5,3,4,xenium_human_kidney_nondiseased,386.5894,54.4661,61.4959,55,0,1.0,0,1.0,0,1.0,0,0.9808,5.054699737938316,8.24423467563392,55,0,0,0,0
cell_subsample,0.5,3,5,xenium_human_kidney_nondiseased,372.0731,65.486,75.9608,219,0,1.0,0,0.8,0,0.9091,0,0.8548,4.7324299660395095,8.575014267981972,219,0,0,0,0
cell_subsample,0.5,3,6,xenium_human_kidney_nondiseased,375.2744,78.8659,92.3426,360,0,1.0,0,1.0,0,1.0,0,0.8148,3.7860952523482174,10.90564716292619,360,0,0,0,0
cell_subsample,0.5,3,7,xenium_human_kidney_nondiseased,395.6315,54.8858,57.0012,7,0,1.0,0,0.75,1,0.9333,1,0.9773,4.905537348693679,8.457951346214635,7,0,0,1,1
cell_subsample,0.5,3,8,xenium_human_kidney_nondiseased,392.7081,61.4796,64.7188,5,0,1.0,0,1.0,1,1.0,1,0.9655,4.9910436749518725,6.8936941761731605,5,0,0,1,1
cell_subsample,0.5,3,9,xenium_human_kidney_nondiseased,383.4401,70.2012,79.8291,313,0,1.0,0,0.9091,0,0.8421,0,0.755,4.553791647084572,9.669775949217618,313,0,0,0,0
cell_subsample,0.5,3,10,xenium_human_kidney_nondiseased,380.1468,60.0133,66.6787,62,0,1.0,0,1.0,0,0.9333,1,0.9265,4.894667227791116,8.688907169449124,62,0,0,0,1
cell_subsample,0.5,3,11,xenium_human_kidney_nondiseased,380.0697,62.8194,78.5135,393,0,1.0,0,0.9,0,0.8095,0,0.8554,5.024108662077008,9.354138882426914,393,0,0,0,0
cell_subsample,0.5,3,12,xenium_human_kidney_nondiseased,386.7596,58.7145,66.2112,78,0,1.0,0,1.0,0,1.0,0,0.9552,5.121332667464588,7.3804125991333525,78,0,0,0,0
cell_subsample,0.5,3,13,xenium_human_kidney_nondiseased,392.3082,62.9089,62.9089,1,1,1.0,1,1.0,1,1.0,1,0.9245,4.752692383787574,8.563627346387545,1,1,1,1,1
cell_subsample,0.5,3,14,xenium_human_kidney_nondiseased,393.4559,88.7807,96.7837,113,0,1.0,0,1.0,0,1.0,0,0.9344,3.5278681903042797,11.601267471434124,391,0,0,0,0
cell_subsample,0.5,3,15,xenium_human_kidney_nondiseased,378.2712,55.7185,61.1248,23,0,1.0,0,1.0,0,1.0,1,0.9737,5.169041904731338,7.011413136677053,23,0,0,0,1
cell_subsample,0.5,3,16,xenium_human_kidney_nondiseased,385.017,59.519,66.9749,107,0,0.75,0,0.875,0,0.96,0,0.9043,4.876397377390394,9.010885739691194,107,0,0,0,0
cell_subsample,0.5,3,17,xenium_human_kidney_nondiseased,392.0921,66.2106,73.3567,88,0,1.0,0,1.0,0,0.875,0,0.8608,4.306311324727053,10.661130844091037,88,0,0,0,0
cell_subsample,0.5,3,18,xenium_human_kidney_nondiseased,388.518,64.7085,68.5669,25,0,1.0,0,1.0,0,1.0,1,0.954,4.719606964104351,8.111830570629527,25,0,0,0,1
cell_subsample,0.5,3,19,xenium_human_kidney_nondiseased,384.5652,66.2135,68.1678,10,0,1.0,0,1.0,1,0.9667,1,0.8919,4.955836805631831,7.33668584697694,10,0,0,1,1
cell_subsample,0.5,3,20,xenium_human_kidney_nondiseased,376.2823,76.0854,86.3021,216,0,1.0,0,1.0,0,0.75,0,0.7869,4.167269731610499,11.297930437151336,216,0,0,0,0
cell_subsample,0.5,3,21,xenium_human_kidney_nondiseased,386.4727,94.8702,96.7032,5,0,0.0,0,0.6667,1,0.8333,1,0.9167,3.216853614441224,8.08101293215575,5,0,0,1,1
cell_subsample,0.5,3,22,xenium_human_kidney_nondiseased,388.154,68.9536,69.8193,8,0,0.8333,1,0.8,1,0.8571,1,0.819,4.818542196231761,9.145229863417294,8,0,1,1,1
cell_subsample,0.5,3,23,xenium_human_kidney_nondiseased,385.7009,60.3739,65.4774,7,0,1.0,0,1.0,0,1.0,1,1.0,5.156310456373764,7.579021435200318,7,0,0,0,1
cell_subsample,0.5,3,24,xenium_human_kidney_nondiseased,367.5343,66.6259,66.6259,1,1,1.0,1,1.0,1,0.9,1,0.9444,4.771269901361037,8.998823284331275,1,1,1,1,1
cell_subsample,0.5,3,25,xenium_human_kidney_nondiseased,374.1091,68.4286,71.3299,6,0,1.0,0,1.0,1,1.0,1,0.9767,4.724443979297763,6.858372512513125,6,0,0,1,1
cell_subsample,0.5,3,26,xenium_human_kidney_nondiseased,380.8749,76.1431,82.8492,5,0,1.0,0,1.0,0,1.0,1,1.0,4.39200468747851,9.136721447320358,5,0,0,0,1
cell_subsample,0.5,3,27,xenium_human_kidney_nondiseased,385.1875,72.2015,76.8983,24,0,1.0,0,1.0,0,0.8182,1,0.9231,4.0308615808843795,8.79615393201779,24,0,0,0,1
cell_subsample,0.5,3,28,xenium_human_kidney_nondiseased,379.7072,65.3109,73.0087,55,0,1.0,0,1.0,0,1.0,0,0.9048,4.527825009225804,9.482688530245895,55,0,0,0,0
cell_subsample,0.5,3,29,xenium_human_kidney_nondiseased,371.7086,63.628,70.6185,96,0,1.0,0,0.7692,0,0.75,0,0.8065,4.793186963380381,9.254491147697522,96,0,0,0,0
cell_subsample,0.5,3,30,xenium_human_kidney_nondiseased,372.0874,60.2231,74.446,270,0,1.0,0,1.0,0,1.0,0,0.8636,5.059910433184444,9.524279612414528,270,0,0,0,0
cell_subsample,0.5,3,31,xenium_human_kidney_nondiseased,376.8566,77.7924,87.828,246,0,1.0,0,1.0,0,1.0,0,0.8936,4.055219940661374,10.175724881474698,246,0,0,0,0
cell_subsample,0.5,3,32,xenium_human_kidney_nondiseased,385.2216,55.0263,57.9723,7,0,1.0,0,1.0,1,1.0,1,0.963,5.274426359472027,7.261823204977484,7,0,0,1,1
cell_subsample,0.5,3,33,xenium_human_kidney_nondiseased,383.3713,71.4937,77.3946,98,0,1.0,0,0.6,0,0.8214,1,0.8138,4.613940775822339,8.441964304794517,98,0,0,0,1
cell_subsample,0.5,3,34,xenium_human_kidney_nondiseased,370.492,90.5825,98.5363,38,0,1.0,0,1.0,0,1.0,0,0.9615,3.300878187304263,10.953649121373441,201,0,0,0,0
cell_subsample,0.5,3,35,xenium_human_kidney_nondiseased,365.4873,66.3804,70.3262,46,0,1.0,0,0.8,0,0.9091,1,0.8689,4.90346030057732,7.69996773344938,46,0,0,0,1
cell_subsample,0.5,3,36,xenium_human_kidney_nondiseased,388.142,64.9728,83.7128,512,0,1.0,0,1.0,0,0.92,0,0.7925,4.671794385245735,10.197480098026675,512,0,0,0,0
cell_subsample,0.5,3,37,xenium_human_kidney_nondiseased,392.0425,54.4402,59.6866,19,0,1.0,0,1.0,0,1.0,1,0.9737,5.013237362373018,7.94691150717231,19,0,0,0,1
cell_subsample,0.5,3,38,xenium_human_kidney_nondiseased,372.5342,77.3585,88.0199,311,0,1.0,0,1.0,0,1.0,0,0.8933,4.158472729486202,8.271246655416808,311,0,0,0,0
cell_subsample,0.5,3,39,xenium_human_kidney_nondiseased,374.7206,58.4638,71.5091,258,0,1.0,0,1.0,0,1.0,0,0.9583,4.79552806301664,8.366836851197855,258,0,0,0,0
cell_subsample,0.5,3,40,xenium_human_kidney_nondiseased,389.6869,54.4683,60.1398,31,0,1.0,0,1.0,0,0.9167,1,0.9762,4.878534544379588,8.414739992868567,31,0,0,0,1
cell_subsample,0.5,3,41,xenium_human_kidney_nondiseased,389.8643,81.3084,83.5371,10,0,0.5,0,0.8333,1,0.8276,1,0.7817,4.1575245802041785,9.273552648657642,10,0,0,1,1
cell_subsample,0.5,3,42,xenium_human_kidney_nondiseased,377.9926,68.3466,74.7101,19,0,1.0,0,1.0,0,1.0,1,0.9259,4.637560812971517,9.489443202000302,19,0,0,0,1
cell_subsample,0.5,3,43,xenium_human_kidney_nondiseased,361.4054,81.6526,84.676,6,0,1.0,0,1.0,1,1.0,1,0.9,4.196327186813814,9.99543926190858,6,0,0,1,1
cell_subsample,0.5,3,44,xenium_human_kidney_nondiseased,359.9244,86.1595,91.9731,37,0,1.0,0,1.0,0,1.0,1,0.9385,3.6627902653633413,11.258736353874697,549,0,0,0,0
cell_subsample,0.5,3,45,xenium_human_kidney_nondiseased,378.2849,58.4664,70.5753,198,0,1.0,0,1.0,0,1.0,0,0.9831,5.175072259903823,7.3637052893119845,198,0,0,0,0
cell_subsample,0.5,3,46,xenium_human_kidney_nondiseased,382.2179,71.5535,84.7123,408,0,1.0,0,0.8333,0,0.8889,0,0.8522,4.620863483675916,9.826831477684278,408,0,0,0,0
cell_subsample,0.5,3,47,xenium_human_kidney_nondiseased,379.9923,60.1915,60.1915,1,1,1.0,1,1.0,1,1.0,1,0.9524,5.104322955790534,7.3150584182095475,1,1,1,1,1
cell_subsample,0.5,3,48,xenium_human_kidney_nondiseased,361.6537,76.8102,77.6272,5,0,1.0,1,1.0,1,0.96,1,0.9485,4.342427835815799,7.877106936076087,5,0,1,1,1
cell_subsample,0.5,3,49,xenium_human_kidney_nondiseased,369.2471,69.7665,71.9016,4,0,1.0,0,1.0,1,0.8182,1,0.8523,4.637649616012436,8.959065803117564,4,0,0,1,1
cell_subsample,0.5,3,50,xenium_human_kidney_nondiseased,381.1991,68.1069,92.0324,573,0,1.0,0,0.7143,0,0.7647,0,0.8068,4.589616601286761,9.925473354801763,573,0,0,0,0
cell_subsample,0.5,3,51,xenium_human_kidney_nondiseased,383.888,64.6732,75.3757,189,0,1.0,0,1.0,0,1.0,0,0.9815,4.790335049791934,8.821617181463317,189,0,0,0,0
cell_subsample,0.5,3,52,xenium_human_kidney_nondiseased,377.9512,57.4321,69.3583,134,0,1.0,0,1.0,0,1.0,0,0.9643,4.998722387454688,8.300072568538772,134,0,0,0,0
cell_subsample,0.5,3,53,xenium_human_kidney_nondiseased,358.1014,58.9097,63.1489,8,0,1.0,0,1.0,0,1.0,1,0.8857,4.888200716090224,8.491281527631427,8,0,0,0,1
cell_subsample,0.5,3,54,xenium_human_kidney_nondiseased,368.012,66.8666,80.5941,317,0,1.0,0,1.0,0,1.0,0,0.8913,4.463831023163298,9.820481011545985,317,0,0,0,0
cell_subsample,0.5,3,55,xenium_human_kidney_nondiseased,401.7361,61.9982,74.2677,240,0,1.0,0,1.0,0,1.0,0,0.8214,4.68129159541834,7.813714355822253,240,0,0,0,0
cell_subsample,0.5,3,56,xenium_human_kidney_nondiseased,405.5076,61.0214,79.8041,430,0,1.0,0,1.0,0,1.0,0,0.878,4.792330367675943,10.296715097583242,430,0,0,0,0
cell_subsample,0.5,3,57,xenium_human_kidney_nondiseased,377.9801,72.12,80.9429,258,0,1.0,0,0.9091,0,0.75,0,0.7179,4.405083096389763,10.086292866663424,258,0,0,0,0
cell_subsample,0.5,3,58,xenium_human_kidney_nondiseased,376.4716,67.9544,71.6572,19,0,1.0,0,1.0,0,1.0,1,0.9565,4.517698712024389,9.122973627506951,19,0,0,0,1
cell_subsample,0.5,3,59,xenium_human_kidney_nondiseased,623.5436,64.3246,71.5231,66,0,1.0,0,1.0,0,1.0,0,0.8621,4.894424394696922,9.256129803885678,66,0,0,0,0
cell_subsample,0.5,3,60,xenium_human_kidney_nondiseased,377.1835,82.111,87.8338,97,0,1.0,0,1.0,0,0.9375,1,0.9262,4.098918109602019,10.433259031202876,561,0,0,0,0
cell_subsample,0.5,3,61,xenium_human_kidney_nondiseased,366.1427,62.7991,74.8596,263,0,1.0,0,0.75,0,0.7222,0,0.8026,4.484519381160725,10.096898429935795,263,0,0,0,0
cell_subsample,0.5,3,62,xenium_human_kidney_nondiseased,364.7028,77.9745,77.9745,1,1,1.0,1,1.0,1,1.0,1,0.9615,4.0239345507588995,9.151718702626919,253,0,0,0,0
cell_subsample,0.5,3,63,xenium_human_kidney_nondiseased,363.1429,78.1028,87.7889,208,0,1.0,0,1.0,0,1.0,0,0.9444,4.280482606635376,9.488067373593726,208,0,0,0,0
cell_subsample,0.5,3,64,xenium_human_kidney_nondiseased,369.9083,100.8298,106.4957,56,0,1.0,0,1.0,0,1.0,1,0.9388,3.228529446119911,11.48546841847118,105,0,0,0,0
cell_subsample,0.5,3,65,xenium_human_kidney_nondiseased,373.3286,65.2969,72.7381,104,0,1.0,0,1.0,0,0.8333,0,0.9595,4.751489220463267,8.84857762147216,104,0,0,0,0
cell_subsample,0.5,3,66,xenium_human_kidney_nondiseased,385.0319,57.6253,62.9001,26,0,0.0,0,0.6667,0,0.8571,1,0.9744,5.180007901483388,7.673040628798743,26,0,0,0,1
cell_subsample,0.5,3,67,xenium_human_kidney_nondiseased,372.7732,83.9108,89.0872,84,0,1.0,0,0.9,0,0.8519,1,0.865,4.201049858268698,10.483193440091611,84,0,0,0,1
cell_subsample,0.5,3,68,xenium_human_kidney_nondiseased,363.3394,56.79,56.79,1,1,1.0,1,1.0,1,1.0,1,0.9,4.684920732081732,7.8656349762743565,1,1,1,1,1
cell_subsample,0.5,3,69,xenium_human_kidney_nondiseased,369.6059,81.0997,87.8021,102,0,1.0,0,1.0,0,0.9375,1,0.8624,3.9834611895917993,10.440075413787469,102,0,0,0,1
cell_subsample,0.5,3,70,xenium_human_kidney_nondiseased,375.15,70.5892,79.5734,207,0,1.0,0,1.0,0,1.0,0,0.8739,4.441759931090678,7.958389775517904,207,0,0,0,0
cell_subsample,0.5,3,71,xenium_human_kidney_nondiseased,363.4646,65.7592,67.5446,5,0,1.0,0,1.0,1,0.8462,1,0.92,4.8182710719032915,8.894766859610604,5,0,0,1,1
cell_subsample,0.5,3,72,xenium_human_kidney_nondiseased,379.0467,54.5407,62.2218,58,0,1.0,0,1.0,0,1.0,0,1.0,5.164397034170711,6.83220906848087,58,0,0,0,0
cell_subsample,0.5,3,73,xenium_human_kidney_nondiseased,380.4995,71.5473,80.4485,131,0,1.0,0,1.0,0,1.0,0,0.9697,4.110439714760527,8.163017943991568,131,0,0,0,0
cell_subsample,0.5,3,74,xenium_human_kidney_nondiseased,368.9372,69.5529,70.7151,2,0,1.0,1,1.0,1,1.0,1,1.0,4.820136721630207,7.832273847292883,2,0,1,1,1
cell_subsample,0.5,3,75,xenium_human_kidney_nondiseased,357.3836,77.9849,85.0457,138,0,1.0,0,1.0,0,0.9474,0,0.8525,4.3903520078762766,9.51130567726938,138,0,0,0,0
cell_subsample,0.5,3,76,xenium_human_kidney_nondiseased,352.1916,65.9228,72.1893,21,0,1.0,0,1.0,0,1.0,1,0.9167,4.936411729831546,9.115532498601485,21,0,0,0,1
cell_subsample,0.5,3,77,xenium_human_kidney_nondiseased,353.4155,77.0108,83.2418,97,0,1.0,0,1.0,0,0.963,1,0.7823,3.8836159227618756,11.887780350204814,641,0,0,0,0
cell_subsample,0.5,3,78,xenium_human_kidney_nondiseased,363.3087,55.8948,63.2221,23,0,1.0,0,1.0,0,0.6667,0,0.8947,4.914889566290624,7.5889263746821,23,0,0,0,0
cell_subsample,0.5,3,79,xenium_human_kidney_nondiseased,380.5922,73.8989,75.0113,4,0,1.0,1,0.75,1,0.9048,1,0.8273,4.668308669422766,8.436795558940545,4,0,1,1,1
cell_subsample,0.5,3,80,xenium_human_kidney_nondiseased,371.8227,61.4775,74.1846,239,0,1.0,0,0.6667,0,0.8889,0,0.84,4.7555816260879125,9.694004854855562,239,0,0,0,0
cell_subsample,0.5,3,81,xenium_human_kidney_nondiseased,358.3893,70.616,84.5785,392,0,1.0,0,1.0,0,1.0,0,0.9048,4.534802334878884,9.16199575796479,392,0,0,0,0
cell_subsample,0.5,3,82,xenium_human_kidney_nondiseased,357.0702,67.1344,68.1986,5,0,1.0,1,1.0,1,0.9474,1,0.9577,4.536526135500615,8.1223732462221,5,0,1,1,1
cell_subsample,0.5,3,83,xenium_human_kidney_nondiseased,376.0745,65.8154,75.2719,152,0,0.0,0,0.5,0,0.8889,0,0.9194,4.611921488975959,8.961055125703487,152,0,0,0,0
cell_subsample,0.5,3,84,xenium_human_kidney_nondiseased,375.8344,42.4762,42.4762,1,1,1.0,1,1.0,1,1.0,1,1.0,5.562224048274325,6.726117878935972,1,1,1,1,1
cell_subsample,0.5,3,85,xenium_human_kidney_nondiseased,361.8424,95.6316,106.2408,80,0,1.0,0,1.0,0,1.0,0,0.9333,3.133541234107678,11.569277059221221,221,0,0,0,0
cell_subsample,0.5,3,86,xenium_human_kidney_nondiseased,361.2777,58.2252,73.6828,292,0,1.0,0,1.0,0,1.0,0,0.9487,4.943050739474754,9.156923488853263,292,0,0,0,0
cell_subsample,0.5,3,87,xenium_human_kidney_nondiseased,364.1205,73.5669,78.5445,10,0,1.0,0,1.0,0,1.0,1,0.9474,4.008932730850754,9.659183222345593,10,0,0,0,1
cell_subsample,0.5,3,88,xenium_human_kidney_nondiseased,381.3181,75.1401,85.6695,412,0,0.875,0,0.9167,0,0.8364,0,0.763,4.342113488768298,10.519480890177778,412,0,0,0,0
cell_subsample,0.5,3,89,xenium_human_kidney_nondiseased,374.9834,68.341,78.3397,198,0,1.0,0,0.6667,0,0.875,0,0.8413,4.717787680566943,9.110632785325427,198,0,0,0,0
cell_subsample,0.5,3,90,xenium_human_kidney_nondiseased,374.6814,83.912,91.1301,71,0,1.0,0,1.0,0,1.0,0,0.9833,3.9312784009053097,8.688227278595093,71,0,0,0,0
cell_subsample,0.5,3,91,xenium_human_kidney_nondiseased,367.4566,58.743,67.3395,77,0,1.0,0,1.0,0,1.0,0,1.0,5.082419646454517,7.2565096371804145,77,0,0,0,0
cell_subsample,0.5,3,92,xenium_human_kidney_nondiseased,372.433,65.9585,69.4324,15,0,0.0,0,0.8,0,0.9231,1,0.9103,4.510497414099965,9.019102827802504,15,0,0,0,1
cell_subsample,0.5,3,93,xenium_human_kidney_nondiseased,380.6904,62.1645,71.1601,99,0,1.0,0,1.0,0,0.9231,0,0.963,5.007063193426301,9.075985837907133,99,0,0,0,0
cell_subsample,0.5,3,94,xenium_human_kidney_nondiseased,361.9395,71.1774,85.3387,417,0,0.0,0,0.0,0,0.8182,0,0.759,4.3993733752057285,10.258289315989453,417,0,0,0,0
cell_subsample,0.5,3,95,xenium_human_kidney_nondiseased,357.0124,58.5677,60.7712,6,0,1.0,0,1.0,1,0.875,1,0.9388,4.77564089705653,9.445402295216558,6,0,0,1,1
cell_subsample,0.5,3,96,xenium_human_kidney_nondiseased,360.0853,74.2748,74.405,2,1,1.0,1,1.0,1,1.0,1,0.8791,4.471862590226932,8.427780615127253,2,1,1,1,1
cell_subsample,0.5,3,97,xenium_human_kidney_nondiseased,377.6759,74.7465,85.5793,161,0,1.0,0,1.0,0,1.0,0,0.9565,4.315412850553617,9.43545172194154,161,0,0,0,0
cell_subsample,0.5,3,98,xenium_human_kidney_nondiseased,379.8394,85.218,87.2321,5,0,1.0,0,1.0,1,1.0,1,0.9268,3.9132482401283073,10.106458817712358,5,0,0,1,1
cell_subsample,0.5,3,99,xenium_human_kidney_nondiseased,371.1759,62.1326,73.2507,112,0,1.0,0,1.0,0,0.5,0,0.9524,4.645797098549836,9.036322244844829,112,0,0,0,0
cell_subsample,0.5,4,0,xenium_human_kidney_nondiseased,370.8087,55.0871,65.12,112,0,1.0,0,1.0,0,0.9333,0,0.9833,5.358937384391074,6.655556356973648,112,0,0,0,0
cell_subsample,0.5,4,1,xenium_human_kidney_nondiseased,369.1677,70.8632,84.5692,413,0,1.0,0,1.0,0,1.0,0,0.8421,4.492875511550904,9.150684222211435,413,0,0,0,0
cell_subsample,0.5,4,2,xenium_human_kidney_nondiseased,364.5278,69.3708,73.2209,43,0,1.0,0,1.0,0,0.9667,1,0.9226,4.5857917835863,8.178009733809624,307,0,0,0,0
cell_subsample,0.5,4,3,xenium_human_kidney_nondiseased,371.5827,67.621,73.4439,44,0,1.0,0,1.0,0,1.0,1,0.8529,4.777096716820266,8.382848728428321,44,0,0,0,1
cell_subsample,0.5,4,4,xenium_human_kidney_nondiseased,366.0886,54.4661,57.1983,9,0,1.0,0,1.0,1,1.0,1,0.9808,5.028560602137232,7.850383950428173,9,0,0,1,1
cell_subsample,0.5,4,5,xenium_human_kidney_nondiseased,365.5645,65.486,80.578,412,0,0.5,0,0.6,0,0.8182,0,0.871,4.758432753808741,9.340061433236894,412,0,0,0,0
cell_subsample,0.5,4,6,xenium_human_kidney_nondiseased,369.4278,78.8659,95.5567,509,0,1.0,0,1.0,0,1.0,0,0.7778,3.7201947514426212,9.9441217972758,509,0,0,0,0
cell_subsample,0.5,4,7,xenium_human_kidney_nondiseased,373.8927,54.8858,60.9533,34,0,1.0,0,0.75,0,0.9333,1,0.9545,4.864466728136327,7.766428148160114,34,0,0,0,1
cell_subsample,0.5,4,8,xenium_human_kidney_nondiseased,374.6883,61.4796,71.7054,109,0,1.0,0,1.0,0,1.0,0,0.8966,4.96054415266815,7.347925646770261,109,0,0,0,0
cell_subsample,0.5,4,9,xenium_human_kidney_nondiseased,360.618,70.2012,71.1206,7,0,1.0,1,1.0,1,0.9474,1,0.8411,4.571702748917334,9.838833004413567,7,0,1,1,1
cell_subsample,0.5,4,10,xenium_human_kidney_nondiseased,359.1022,60.0133,76.4999,398,0,1.0,0,1.0,0,0.7333,0,0.7647,4.901496417398062,9.863501480172122,398,0,0,0,0
cell_subsample,0.5,4,11,xenium_human_kidney_nondiseased,370.8438,62.8194,71.6912,146,0,1.0,0,0.9,0,0.9048,0,0.9036,5.054472229262688,8.796328626319475,146,0,0,0,0
cell_subsample,0.5,4,12,xenium_human_kidney_nondiseased,382.3954,58.7145,62.742,17,0,1.0,0,1.0,0,0.9231,1,0.8955,5.138978538976022,7.977501261254148,17,0,0,0,1
cell_subsample,0.5,4,13,xenium_human_kidney_nondiseased,370.6055,62.9089,66.0901,5,0,1.0,0,1.0,1,1.0,1,0.9434,4.751587060981801,8.331438561278942,5,0,0,1,1
cell_subsample,0.5,4,14,xenium_human_kidney_nondiseased,363.5882,88.7807,96.7837,113,0,1.0,0,1.0,0,1.0,0,0.9672,3.4639535768712673,11.897040865622442,391,0,0,0,0
cell_subsample,0.5,4,15,xenium_human_kidney_nondiseased,365.7812,55.7185,62.0673,32,0,1.0,0,1.0,0,0.875,1,0.9211,5.212010788521782,8.49853960880512,32,0,0,0,1
cell_subsample,0.5,4,16,xenium_human_kidney_nondiseased,383.069,59.519,66.9749,107,0,0.75,0,0.875,0,0.92,0,0.9468,4.88433385447216,9.018089109229606,107,0,0,0,0
cell_subsample,0.5,4,17,xenium_human_kidney_nondiseased,380.5691,66.2106,70.0566,20,0,1.0,0,1.0,0,0.9375,1,0.962,4.243438378822695,9.167310448483773,20,0,0,0,1
cell_subsample,0.5,4,18,xenium_human_kidney_nondiseased,367.1449,64.7085,75.631,255,0,1.0,0,1.0,0,1.0,0,0.9655,4.706311655730323,7.72060383559231,255,0,0,0,0
cell_subsample,0.5,4,19,xenium_human_kidney_nondiseased,365.8737,66.2135,68.3252,11,0,1.0,0,1.0,1,0.9667,1,0.9009,4.960657710539059,7.905592973707414,11,0,0,1,1
cell_subsample,0.5,4,20,xenium_human_kidney_nondiseased,375.8352,76.0854,86.3021,216,0,1.0,0,1.0,0,0.75,0,0.8197,4.173390068625332,10.76796193362142,216,0,0,0,0
cell_subsample,0.5,4,21,xenium_human_kidney_nondiseased,377.8966,94.8702,96.7032,5,0,0.0,0,0.6667,1,0.8333,1,0.8333,3.259914444743062,8.351600094066006,5,0,0,1,1
cell_subsample,0.5,4,22,xenium_human_kidney_nondiseased,377.8135,68.9536,68.9536,1,1,0.8333,1,0.8,1,0.8571,1,0.8286,4.8415107491249945,8.896632302703951,1,1,1,1,1
cell_subsample,0.5,4,23,xenium_human_kidney_nondiseased,374.9831,60.3739,65.4774,7,0,1.0,0,1.0,0,1.0,1,1.0,5.147170030100072,6.9285108259866295,7,0,0,0,1
cell_subsample,0.5,4,24,xenium_human_kidney_nondiseased,368.6966,66.6259,72.7535,41,0,1.0,0,1.0,0,0.9,1,0.9074,4.780644909118926,8.993586585373814,41,0,0,0,1
cell_subsample,0.5,4,25,xenium_human_kidney_nondiseased,380.9574,68.4286,71.0476,5,0,1.0,0,1.0,1,1.0,1,0.907,4.758262220535471,8.396400947970003,5,0,0,1,1
cell_subsample,0.5,4,26,xenium_human_kidney_nondiseased,382.1859,76.1431,90.5952,229,0,1.0,0,1.0,0,1.0,0,1.0,4.354219779435156,10.516561685374842,229,0,0,0,0
cell_subsample,0.5,4,27,xenium_human_kidney_nondiseased,372.4318,72.2015,78.9825,52,0,1.0,0,1.0,0,0.8182,1,0.8846,4.05460578511732,8.509001465635551,52,0,0,0,1
cell_subsample,0.5,4,28,xenium_human_kidney_nondiseased,359.584,65.3109,66.3499,2,0,1.0,1,1.0,1,1.0,1,0.9524,4.540321876099181,8.451459938577962,2,0,1,1,1
cell_subsample,0.5,4,29,xenium_human_kidney_nondiseased,364.9882,63.628,65.0686,11,0,1.0,1,0.9231,1,0.9286,1,0.9247,4.737310989819572,8.665062310211317,11,0,1,1,1
cell_subsample,0.5,4,30,xenium_human_kidney_nondiseased,379.1182,60.2231,65.6961,20,0,1.0,0,1.0,0,0.875,1,0.9318,5.049015950385701,9.394755808070261,20,0,0,0,1
cell_subsample,0.5,4,31,xenium_human_kidney_nondiseased,386.6039,77.7924,81.469,16,0,1.0,0,1.0,0,1.0,1,0.9255,4.091421718386754,9.510232005596416,16,0,0,0,1
cell_subsample,0.5,4,32,xenium_human_kidney_nondiseased,383.491,55.0263,55.3696,2,1,1.0,1,1.0,1,1.0,1,0.963,5.280805246933428,7.123492974061235,2,1,1,1,1
cell_subsample,0.5,4,33,xenium_human_kidney_nondiseased,367.0455,71.4937,78.5731,157,0,1.0,0,0.8,0,0.9286,0,0.8414,4.613029562318398,8.49868142145177,157,0,0,0,0
cell_subsample,0.5,4,34,xenium_human_kidney_nondiseased,369.0592,90.5825,95.2014,7,0,1.0,0,1.0,0,1.0,1,0.8462,3.288205875485,8.406240351875423,201,0,0,0,0
cell_subsample,0.5,4,35,xenium_human_kidney_nondiseased,378.1556,66.3804,70.031,43,0,1.0,0,0.9,0,0.9697,1,0.7705,4.885652540336424,8.729321653128208,43,0,0,0,1
cell_subsample,0.5,4,36,xenium_human_kidney_nondiseased,388.7507,64.9728,75.199,232,0,1.0,0,1.0,0,1.0,0,0.8868,4.66015804341489,9.65122595354558,232,0,0,0,0
cell_subsample,0.5,4,37,xenium_human_kidney_nondiseased,387.3394,54.4402,63.8834,70,0,1.0,0,1.0,0,1.0,0,0.9474,5.04431017508462,7.86203439957706,70,0,0,0,0
cell_subsample,0.5,4,38,xenium_human_kidney_nondiseased,373.283,77.3585,82.2528,26,0,1.0,0,1.0,0,1.0,1,0.9333,4.151023883261871,9.427609802675631,26,0,0,0,1
cell_subsample,0.5,4,39,xenium_human_kidney_nondiseased,380.0615,58.4638,67.9751,127,0,1.0,0,1.0,0,1.0,0,0.9583,4.818496615909873,8.12925733519846,127,0,0,0,0
cell_subsample,0.5,4,40,xenium_human_kidney_nondiseased,385.4371,54.4683,58.6607,18,0,1.0,0,1.0,0,0.8333,1,0.9286,4.8971878981782595,9.491926186328532,18,0,0,0,1
cell_subsample,0.5,4,41,xenium_human_kidney_nondiseased,373.6778,81.3084,85.5216,48,0,0.5,0,0.6667,0,0.7586,1,0.7465,4.228172507394649,9.616084291004555,48,0,0,0,1
cell_subsample,0.5,4,42,xenium_human_kidney_nondiseased,362.3757,68.3466,80.0682,188,0,1.0,0,1.0,0,1.0,0,0.963,4.661954143857546,7.552575514287891,188,0,0,0,0
cell_subsample,0.5,4,43,xenium_human_kidney_nondiseased,375.7127,81.6526,84.676,6,0,1.0,0,1.0,1,1.0,1,0.9286,4.180904927729637,9.47043886741232,6,0,0,1,1
cell_subsample,0.5,4,44,xenium_human_kidney_nondiseased,371.1031,86.1595,91.9731,37,0,1.0,0,1.0,0,1.0,1,0.9077,3.694057187376775,10.785929827914039,580,0,0,0,0
cell_subsample,0.5,4,45,xenium_human_kidney_nondiseased,386.0266,58.4664,63.7744,34,0,1.0,0,1.0,0,1.0,1,0.9661,5.18007627196622,8.400233260835796,34,0,0,0,1
cell_subsample,0.5,4,46,xenium_human_kidney_nondiseased,369.8942,71.5535,73.1672,6,0,1.0,1,1.0,1,1.0,1,0.8696,4.575567645866351,9.12273802907385,6,0,1,1,1
cell_subsample,0.5,4,47,xenium_human_kidney_nondiseased,367.3589,60.1915,64.1908,4,0,1.0,0,1.0,0,1.0,1,0.9048,5.057692714764329,7.890475839958278,4,0,0,0,1
cell_subsample,0.5,4,48,xenium_human_kidney_nondiseased,370.8913,76.8102,83.8901,111,0,1.0,0,1.0,0,0.92,0,0.9072,4.367508015000616,10.035046188527513,111,0,0,0,0
cell_subsample,0.5,4,49,xenium_human_kidney_nondiseased,383.1907,69.7665,74.4908,29,0,0.5,0,0.5,0,0.8182,1,0.875,4.631805118531785,10.110930202486418,29,0,0,0,1
cell_subsample,0.5,4,50,xenium_human_kidney_nondiseased,377.9024,68.1069,73.5907,59,0,1.0,0,0.8571,0,0.9412,1,0.9545,4.570244964484551,7.893312682780517,59,0,0,0,1
cell_subsample,0.5,4,51,xenium_human_kidney_nondiseased,362.8341,64.6732,74.4765,150,0,1.0,0,1.0,0,1.0,0,0.963,4.788492976093582,9.089588381700471,150,0,0,0,0
cell_subsample,0.5,4,52,xenium_human_kidney_nondiseased,352.5245,57.4321,66.1665,58,0,1.0,0,1.0,0,1.0,0,1.0,4.966862135389098,8.513418153112807,58,0,0,0,0
cell_subsample,0.5,4,53,xenium_human_kidney_nondiseased,358.9165,58.9097,66.1706,46,0,1.0,0,1.0,0,1.0,0,0.9429,4.88407648282702,8.989566224991336,46,0,0,0,0
cell_subsample,0.5,4,54,xenium_human_kidney_nondiseased,377.7444,66.8666,91.0031,584,0,1.0,0,1.0,0,1.0,0,0.913,4.5060828027516315,10.087235799079043,584,0,0,0,0
cell_subsample,0.5,4,55,xenium_human_kidney_nondiseased,377.0068,61.9982,73.551,209,0,1.0,0,1.0,0,0.9,0,0.7679,4.706390242492198,8.640168032313639,209,0,0,0,0
cell_subsample,0.5,4,56,xenium_human_kidney_nondiseased,363.3918,61.0214,72.3778,175,0,1.0,0,1.0,0,1.0,0,0.9512,4.759500747902623,8.592154677245128,175,0,0,0,0
cell_subsample,0.5,4,57,xenium_human_kidney_nondiseased,367.2146,72.12,77.7948,101,0,1.0,0,0.9091,0,0.8125,1,0.7115,4.376440186355339,9.225583601002958,101,0,0,0,1
cell_subsample,0.5,4,58,xenium_human_kidney_nondiseased,373.4473,67.9544,77.4421,151,0,1.0,0,1.0,0,1.0,0,0.942,4.478521246560609,9.781834299457728,151,0,0,0,0
cell_subsample,0.5,4,59,xenium_human_kidney_nondiseased,393.133,64.3246,74.346,165,0,1.0,0,1.0,0,1.0,0,0.8793,4.941580381160071,9.334645409801178,165,0,0,0,0
cell_subsample,0.5,4,60,xenium_human_kidney_nondiseased,392.4955,82.111,85.5573,34,0,1.0,0,1.0,0,1.0,1,0.9329,4.092149038867908,9.840125670446485,561,0,0,0,0
cell_subsample,0.5,4,61,xenium_human_kidney_nondiseased,375.1018,62.7991,74.8596,263,0,1.0,0,1.0,0,0.9444,0,0.9211,4.481613635640393,9.285234595368932,263,0,0,0,0
cell_subsample,0.5,4,62,xenium_human_kidney_nondiseased,376.7249,77.9745,86.1565,65,0,1.0,0,1.0,0,1.0,0,0.9615,4.0976567920739235,9.606043014269341,65,0,0,0,0
cell_subsample,0.5,4,63,xenium_human_kidney_nondiseased,374.322,78.1028,80.2761,4,0,1.0,0,1.0,1,1.0,1,0.9444,4.295565763842062,8.67790830239758,4,0,0,1,1
cell_subsample,0.5,4,64,xenium_human_kidney_nondiseased,376.6355,100.8298,106.4957,56,0,1.0,0,1.0,0,1.0,1,0.9286,3.1650187686429367,10.451629377993811,105,0,0,0,0
cell_subsample,0.5,4,65,xenium_human_kidney_nondiseased,359.3633,65.2969,67.8388,6,0,1.0,0,1.0,1,0.9167,1,0.9865,4.719887125910436,7.832246312776261,6,0,0,1,1
cell_subsample,0.5,4,66,xenium_human_kidney_nondiseased,361.977,57.6253,66.3936,71,0,1.0,0,1.0,0,1.0,0,1.0,5.172692652754246,7.762577894641432,71,0,0,0,0
cell_subsample,0.5,4,67,xenium_human_kidney_nondiseased,380.0812,83.9108,92.749,289,0,1.0,0,0.9,0,0.7778,0,0.8773,4.1757563160253905,10.675670836496124,289,0,0,0,0
cell_subsample,0.5,4,68,xenium_human_kidney_nondiseased,376.4778,56.79,62.9561,8,0,1.0,0,1.0,0,1.0,1,0.9,4.682616961157364,8.050418463601744,8,0,0,0,1
cell_subsample,0.5,4,69,xenium_human_kidney_nondiseased,374.1379,81.0997,87.4427,86,0,1.0,0,0.875,0,0.9375,1,0.8991,3.9888306300969147,9.84071019291865,86,0,0,0,1
cell_subsample,0.5,4,70,xenium_human_kidney_nondiseased,359.0417,70.5892,81.3356,307,0,1.0,0,0.8571,0,0.7647,0,0.7297,4.476949118389298,10.304441888888014,307,0,0,0,0
cell_subsample,0.5,4,71,xenium_human_kidney_nondiseased,353.3293,65.7592,67.5446,5,0,1.0,0,1.0,1,0.9231,1,0.92,4.802969836432402,8.656951293987275,5,0,0,1,1
cell_subsample,0.5,4,72,xenium_human_kidney_nondiseased,359.3676,54.5407,56.8254,4,0,1.0,0,0.6667,1,0.9,1,0.925,5.145943683681011,8.841295959248624,4,0,0,1,1
cell_subsample,0.5,4,73,xenium_human_kidney_nondiseased,372.5597,71.5473,80.4485,131,0,1.0,0,0.75,0,0.8333,0,0.8939,4.137186326230904,10.509993903887974,131,0,0,0,0
cell_subsample,0.5,4,74,xenium_human_kidney_nondiseased,376.5429,69.5529,80.8794,156,0,1.0,0,1.0,0,1.0,0,0.8846,4.82360121902747,7.798660439961221,156,0,0,0,0
cell_subsample,0.5,4,75,xenium_human_kidney_nondiseased,362.8214,77.9849,85.0457,138,0,1.0,0,1.0,0,0.8947,0,0.8689,4.408924417310217,9.334526704737964,138,0,0,0,0
cell_subsample,0.5,4,76,xenium_human_kidney_nondiseased,365.5286,65.9228,72.1893,21,0,1.0,0,1.0,0,1.0,1,0.9722,4.943194553248985,8.5928616031879,21,0,0,0,1
cell_subsample,0.5,4,77,xenium_human_kidney_nondiseased,360.4936,77.0108,83.2418,97,0,1.0,0,1.0,0,1.0,1,0.8548,3.8059325157145376,10.29318102189516,97,0,0,0,1
cell_subsample,0.5,4,78,xenium_human_kidney_nondiseased,370.2752,55.8948,66.9489,84,0,1.0,0,1.0,0,0.6667,0,0.8947,4.932312251398332,7.920646121543333,84,0,0,0,0
cell_subsample,0.5,4,79,xenium_human_kidney_nondiseased,370.3509,73.8989,80.6065,105,0,1.0,0,1.0,0,0.9524,1,0.8455,4.683302630654724,8.816961596052206,105,0,0,0,1
cell_subsample,0.5,4,80,xenium_human_kidney_nondiseased,360.8733,61.4775,67.9935,44,0,1.0,0,0.6667,0,0.8889,1,0.92,4.773144981499376,8.533244922692049,44,0,0,0,1
cell_subsample,0.5,4,81,xenium_human_kidney_nondiseased,357.6309,70.616,77.2102,34,0,1.0,0,1.0,0,1.0,1,1.0,4.490087646173385,7.158289152568692,34,0,0,0,1
cell_subsample,0.5,4,82,xenium_human_kidney_nondiseased,368.4723,67.1344,68.1986,5,0,1.0,1,1.0,1,0.9474,1,0.9296,4.573618694171849,8.29326016575925,5,0,1,1,1
cell_subsample,0.5,4,83,xenium_human_kidney_nondiseased,368.5305,65.8154,80.7226,432,0,0.0,0,0.5,0,0.8889,0,0.8226,4.616026468482504,9.68848906348629,432,0,0,0,0
cell_subsample,0.5,4,84,xenium_human_kidney_nondiseased,356.5748,42.4762,44.9863,2,0,1.0,0,1.0,1,1.0,1,1.0,5.567822962124116,7.145879136813212,2,0,0,1,1
cell_subsample,0.5,4,85,xenium_human_kidney_nondiseased,358.2769,95.6316,104.5315,39,0,1.0,0,1.0,0,1.0,0,0.9333,3.0968394481098676,12.117208149119392,203,0,0,0,0
cell_subsample,0.5,4,86,xenium_human_kidney_nondiseased,365.8559,58.2252,73.6828,292,0,1.0,0,1.0,0,1.0,0,0.9487,4.932296926979767,9.02152909287951,292,0,0,0,0
cell_subsample,0.5,4,87,xenium_human_kidney_nondiseased,362.4459,73.5669,73.5669,1,1,1.0,1,1.0,1,1.0,1,0.8947,4.072079158686438,10.792965695469567,1,1,1,1,1
cell_subsample,0.5,4,88,xenium_human_kidney_nondiseased,378.264,75.1401,79.3833,92,0,1.0,0,0.9583,0,0.8545,1,0.8341,4.301853490659688,9.75377618637604,92,0,0,0,1
cell_subsample,0.5,4,89,xenium_human_kidney_nondiseased,364.6008,68.341,74.4645,49,0,1.0,0,1.0,0,1.0,1,0.9048,4.712907442654499,8.334373573609273,49,0,0,0,1
cell_subsample,0.5,4,90,xenium_human_kidney_nondiseased,355.6641,83.912,91.1301,71,0,1.0,0,1.0,0,1.0,0,0.95,3.953419042262189,10.29685281782988,71,0,0,0,0
cell_subsample,0.5,4,91,xenium_human_kidney_nondiseased,358.2611,58.743,78.5556,415,0,1.0,0,1.0,0,1.0,0,1.0,5.109488070714774,8.647264348151973,415,0,0,0,0
cell_subsample,0.5,4,92,xenium_human_kidney_nondiseased,379.1061,65.9585,78.8762,294,0,0.0,0,0.6,0,0.8462,0,0.9103,4.571083485233758,9.452283940932356,294,0,0,0,0
cell_subsample,0.5,4,93,xenium_human_kidney_nondiseased,373.5495,62.1645,63.4515,7,0,1.0,1,1.0,1,1.0,1,1.0,4.945011086249728,7.036001638893571,7,0,1,1,1
cell_subsample,0.5,4,94,xenium_human_kidney_nondiseased,358.0489,71.1774,82.5483,290,0,0.0,0,0.0,0,0.7273,0,0.7831,4.40717350425564,9.94456884959404,290,0,0,0,0
cell_subsample,0.5,4,95,xenium_human_kidney_nondiseased,360.6619,58.5677,66.1338,64,0,1.0,0,1.0,0,0.875,0,0.9388,4.759674817580176,8.567149133229794,64,0,0,0,0
cell_subsample,0.5,4,96,xenium_human_kidney_nondiseased,362.4652,74.2748,74.405,2,1,1.0,1,1.0,1,1.0,1,0.9231,4.494644106626903,8.689685647371446,2,1,1,1,1
cell_subsample,0.5,4,97,xenium_human_kidney_nondiseased,376.308,74.7465,88.8056,359,0,1.0,0,1.0,0,1.0,0,0.913,4.294839622162336,9.814984361817404,359,0,0,0,0
cell_subsample,0.5,4,98,xenium_human_kidney_nondiseased,372.9215,85.218,90.7039,48,0,1.0,0,1.0,0,1.0,1,0.9756,3.939112322262828,10.175094962752414,48,0,0,0,1
cell_subsample,0.5,4,99,xenium_human_kidney_nondiseased,379.2331,62.1326,80.0584,370,0,1.0,0,1.0,0,1.0,0,1.0,4.65913287910623,8.83021223386576,370,0,0,0,0
