model,level,noise_seed,query_idx,Dataset,spindle_time_ms,exact_best_dist,spindle_best_dist,spindle_best_rank,recall_at_eps_0.1,overlap_at_eps_0.1,recall_at_eps_0.25,overlap_at_eps_0.25,recall_at_eps_0.5,overlap_at_eps_0.5,recall_at_eps_1.0,overlap_at_eps_1.0,d_le_whole,d_block_over_eps,exact_noisy_best_rank,exact_noisy_recall_at_eps_0.1,exact_noisy_recall_at_eps_0.25,exact_noisy_recall_at_eps_0.5,exact_noisy_recall_at_eps_1.0
cell_subsample,0.0,0,0,xenium_human_skin_melanoma,200.6438,83.9211,83.9211,1,1,1.0,1,1.0,1,1.0,1,1.0,0.0,0.0,1,1,1,1,1
cell_subsample,0.0,0,1,xenium_human_skin_melanoma,346.0391,40.2023,40.2023,1,1,1.0,1,1.0,1,1.0,1,1.0,0.0,0.0,1,1,1,1,1
cell_subsample,0.0,0,2,xenium_human_skin_melanoma,186.4038,70.1042,70.1042,1,1,1.0,1,1.0,1,1.0,1,1.0,0.0,0.0,1,1,1,1,1
cell_subsample,0.0,0,3,xenium_human_skin_melanoma,183.403,63.359,63.359,1,1,1.0,1,1.0,1,1.0,1,1.0,0.0,0.0,1,1,1,1,1
cell_subsample,0.0,0,4,xenium_human_skin_melanoma,186.2849,84.0858,84.0858,1,1,1.0,1,1.0,1,1.0,1,1.0,0.0,0.0,1,1,1,1,1
cell_subsample,0.0,0,5,xenium_human_skin_melanoma,183.9635,64.4386,64.4386,1,1,1.0,1,1.0,1,1.0,1,1.0,0.0,0.0,1,1,1,1,1
cell_subsample,0.0,0,6,xenium_human_skin_melanoma,183.5719,66.8199,66.8199,1,1,1.0,1,1.0,1,1.0,1,1.0,0.0,0.0,1,1,1,1,1
cell_subsample,0.0,0,7,xenium_human_skin_melanoma,181.9392,49.6585,49.6585,1,1,1.0,1,1.0,1,1.0,1,1.0,0.0,0.0,1,1,1,1,1
cell_subsample,0.0,0,8,xenium_human_skin_melanoma,183.1209,46.4538,46.4538,1,1,1.0,1,1.0,1,1.0,1,1.0,0.0,0.0,1,1,1,1,1
cell_subsample,0.0,0,9,xenium_human_skin_melanoma,183.3734,64.7292,64.7292,1,1,1.0,1,1.0,1,1.0,1,1.0,0.0,0.0,1,1,1,1,1
cell_subsample,0.0,0,10,xenium_human_skin_melanoma,184.4407,53.8101,53.8101,1,1,1.0,1,1.0,1,1.0,1,1.0,0.0,0.0,1,1,1,1,1
cell_subsample,0.0,0,11,xenium_human_skin_melanoma,184.8559,50.4429,50.4429,1,1,1.0,1,1.0,1,1.0,1,1.0,0.0,0.0,1,1,1,1,1
cell_subsample,0.0,0,12,xenium_human_skin_melanoma,183.5456,52.4759,52.4759,1,1,1.0,1,1.0,1,1.0,1,1.0,0.0,0.0,1,1,1,1,1
cell_subsample,0.0,0,13,xenium_human_skin_melanoma,183.1972,46.3413,46.3413,1,1,1.0,1,1.0,1,1.0,1,1.0,0.0,0.0,1,1,1,1,1
cell_subsample,0.0,0,14,xenium_human_skin_melanoma,184.7058,53.8045,53.8045,1,1,1.0,1,1.0,1,1.0,1,1.0,0.0,0.0,1,1,1,1,1
cell_subsample,0.0,0,15,xenium_human_skin_melanoma,185.8729,69.4626,69.4626,1,1,1.0,1,1.0,1,1.0,1,1.0,0.0,0.0,1,1,1,1,1
cell_subsample,0.0,0,16,xenium_human_skin_melanoma,183.0517,49.085,49.085,1,1,1.0,1,1.0,1,1.0,1,1.0,0.0,0.0,1,1,1,1,1
cell_subsample,0.0,0,17,xenium_human_skin_melanoma,183.4696,54.3104,54.3104,1,1,1.0,1,1.0,1,1.0,1,1.0,0.0,0.0,1,1,1,1,1
cell_subsample,0.0,0,18,xenium_human_skin_melanoma,186.8416,71.8933,71.8933,1,1,1.0,1,1.0,1,1.0,1,1.0,0.0,0.0,1,1,1,1,1
cell_subsample,0.0,0,19,xenium_human_skin_melanoma,186.5516,72.4752,72.4752,1,1,1.0,1,1.0,1,1.0,1,1.0,0.0,0.0,1,1,1,1,1
cell_subsample,0.0,0,20,xenium_human_skin_melanoma,181.3705,68.3737,68.3737,1,1,1.0,1,1.0,1,1.0,1,1.0,0.0,0.0,1,1,1,1,1
cell_subsample,0.0,0,21,xenium_human_skin_melanoma,181.9002,62.7781,62.7781,1,1,1.0,1,1.0,1,1.0,1,1.0,0.0,0.0,1,1,1,1,1
cell_subsample,0.0,0,22,xenium_human_skin_melanoma,184.0382,40.186,40.186,1,1,1.0,1,1.0,1,1.0,1,1.0,0.0,0.0,1,1,1,1,1
cell_subsample,0.0,0,23,xenium_human_skin_melanoma,185.4705,64.0478,64.0478,1,1,1.0,1,1.0,1,1.0,1,1.0,0.0,0.0,1,1,1,1,1
cell_subsample,0.0,0,24,xenium_human_skin_melanoma,182.6074,76.4336,76.4336,1,1,1.0,1,1.0,1,1.0,1,1.0,0.0,0.0,1,1,1,1,1
cell_subsample,0.0,0,25,xenium_human_skin_melanoma,182.7295,49.6209,49.6209,1,1,1.0,1,1.0,1,1.0,1,1.0,0.0,0.0,1,1,1,1,1
cell_subsample,0.0,0,26,xenium_human_skin_melanoma,185.3857,39.1867,39.1867,1,1,1.0,1,1.0,1,1.0,1,1.0,0.0,0.0,1,1,1,1,1
cell_subsample,0.0,0,27,xenium_human_skin_melanoma,182.0268,75.8682,75.8682,1,1,1.0,1,1.0,1,1.0,1,1.0,0.0,0.0,1,1,1,1,1
cell_subsample,0.0,0,28,xenium_human_skin_melanoma,182.7164,58.5483,58.5483,1,1,1.0,1,1.0,1,1.0,1,1.0,0.0,0.0,1,1,1,1,1
cell_subsample,0.0,0,29,xenium_human_skin_melanoma,182.8969,63.8401,63.8401,1,1,1.0,1,1.0,1,1.0,1,1.0,0.0,0.0,1,1,1,1,1
cell_subsample,0.0,0,30,xenium_human_skin_melanoma,183.8923,60.3228,60.3228,1,1,1.0,1,1.0,1,1.0,1,1.0,0.0,0.0,1,1,1,1,1
cell_subsample,0.0,0,31,xenium_human_skin_melanoma,186.1825,69.0365,69.0365,1,1,1.0,1,1.0,1,1.0,1,1.0,0.0,0.0,1,1,1,1,1
cell_subsample,0.0,0,32,xenium_human_skin_melanoma,181.0715,68.5486,68.5486,1,1,1.0,1,1.0,1,1.0,1,1.0,0.0,0.0,1,1,1,1,1
cell_subsample,0.0,0,33,xenium_human_skin_melanoma,181.8397,83.0616,83.0616,1,1,1.0,1,1.0,1,1.0,1,1.0,0.0,0.0,1,1,1,1,1
cell_subsample,0.0,0,34,xenium_human_skin_melanoma,185.4605,62.4036,62.4036,1,1,1.0,1,1.0,1,1.0,1,1.0,0.0,0.0,1,1,1,1,1
cell_subsample,0.0,0,35,xenium_human_skin_melanoma,183.4695,62.8477,62.8477,1,1,1.0,1,1.0,1,1.0,1,1.0,0.0,0.0,1,1,1,1,1
cell_subsample,0.0,0,36,xenium_human_skin_melanoma,183.4394,53.6544,53.6544,1,1,1.0,1,1.0,1,1.0,1,1.0,0.0,0.0,1,1,1,1,1
cell_subsample,0.0,0,37,xenium_human_skin_melanoma,185.5044,58.6333,58.6333,1,1,1.0,1,1.0,1,1.0,1,1.0,0.0,0.0,1,1,1,1,1
cell_subsample,0.0,0,38,xenium_human_skin_melanoma,188.2201,53.152,53.152,1,1,1.0,1,1.0,1,1.0,1,1.0,0.0,0.0,1,1,1,1,1
cell_subsample,0.0,0,39,xenium_human_skin_melanoma,185.8866,62.148,62.148,1,1,1.0,1,1.0,1,1.0,1,1.0,0.0,0.0,1,1,1,1,1
cell_subsample,0.0,0,40,xenium_human_skin_melanoma,182.563,65.1238,65.1238,1,1,1.0,1,1.0,1,1.0,1,1.0,0.0,0.0,1,1,1,1,1
cell_subsample,0.0,0,41,xenium_human_skin_melanoma,185.0163,60.9975,60.9975,1,1,1.0,1,1.0,1,1.0,1,1.0,0.0,0.0,1,1,1,1,1
cell_subsample,0.0,0,42,xenium_human_skin_melanoma,184.5268,69.1273,69.1273,1,1,1.0,1,1.0,1,1.0,1,1.0,0.0,0.0,1,1,1,1,1
cell_subsample,0.0,0,43,xenium_human_skin_melanoma,187.5705,74.4888,74.4888,1,1,1.0,1,1.0,1,1.0,1,1.0,0.0,0.0,1,1,1,1,1
cell_subsample,0.0,0,44,xenium_human_skin_melanoma,185.6519,47.046,47.046,1,1,1.0,1,1.0,1,1.0,1,1.0,0.0,0.0,1,1,1,1,1
cell_subsample,0.0,0,45,xenium_human_skin_melanoma,180.6108,46.5023,46.5023,1,1,1.0,1,1.0,1,1.0,1,1.0,0.0,0.0,1,1,1,1,1
cell_subsample,0.0,0,46,xenium_human_skin_melanoma,199.0777,56.0438,56.0438,1,1,1.0,1,1.0,1,1.0,1,1.0,0.0,0.0,1,1,1,1,1
cell_subsample,0.0,0,47,xenium_human_skin_melanoma,186.7599,59.2963,59.2963,1,1,1.0,1,1.0,1,1.0,1,1.0,0.0,0.0,1,1,1,1,1
cell_subsample,0.0,0,48,xenium_human_skin_melanoma,185.994,60.4399,60.4399,1,1,1.0,1,1.0,1,1.0,1,1.0,0.0,0.0,1,1,1,1,1
cell_subsample,0.0,0,49,xenium_human_skin_melanoma,182.8685,38.1504,38.1504,1,1,1.0,1,1.0,1,1.0,1,1.0,0.0,0.0,1,1,1,1,1
cell_subsample,0.0,0,50,xenium_human_skin_melanoma,184.4625,76.516,76.516,1,1,1.0,1,1.0,1,1.0,1,1.0,0.0,0.0,1,1,1,1,1
cell_subsample,0.0,0,51,xenium_human_skin_melanoma,182.263,63.975,63.975,1,1,1.0,1,1.0,1,1.0,1,1.0,0.0,0.0,1,1,1,1,1
cell_subsample,0.0,0,52,xenium_human_skin_melanoma,186.2043,66.8047,66.8047,1,1,1.0,1,1.0,1,1.0,1,1.0,0.0,0.0,1,1,1,1,1
cell_subsample,0.0,0,53,xenium_human_skin_melanoma,185.9632,46.4432,46.4432,1,1,1.0,1,1.0,1,1.0,1,1.0,0.0,0.0,1,1,1,1,1
cell_subsample,0.0,0,54,xenium_human_skin_melanoma,180.559,68.5447,68.5447,1,1,1.0,1,1.0,1,1.0,1,1.0,0.0,0.0,1,1,1,1,1
cell_subsample,0.0,0,55,xenium_human_skin_melanoma,184.0506,75.1212,75.1212,1,1,1.0,1,1.0,1,1.0,1,1.0,0.0,0.0,1,1,1,1,1
cell_subsample,0.0,0,56,xenium_human_skin_melanoma,185.1463,62.675,62.675,1,1,1.0,1,1.0,1,1.0,1,1.0,0.0,0.0,1,1,1,1,1
cell_subsample,0.0,0,57,xenium_human_skin_melanoma,189.5514,57.5523,57.5523,1,1,1.0,1,1.0,1,1.0,1,1.0,0.0,0.0,1,1,1,1,1
cell_subsample,0.0,0,58,xenium_human_skin_melanoma,187.9063,56.694,56.694,1,1,1.0,1,1.0,1,1.0,1,1.0,0.0,0.0,1,1,1,1,1
cell_subsample,0.0,0,59,xenium_human_skin_melanoma,182.5517,67.8561,67.8561,1,1,1.0,1,1.0,1,1.0,1,1.0,0.0,0.0,1,1,1,1,1
cell_subsample,0.0,0,60,xenium_human_skin_melanoma,182.7237,62.2396,62.2396,1,1,1.0,1,1.0,1,1.0,1,1.0,0.0,0.0,1,1,1,1,1
cell_subsample,0.0,0,61,xenium_human_skin_melanoma,185.0683,67.5106,67.5106,1,1,1.0,1,1.0,1,1.0,1,1.0,0.0,0.0,1,1,1,1,1
cell_subsample,0.0,0,62,xenium_human_skin_melanoma,189.2041,45.8507,45.8507,1,1,1.0,1,1.0,1,1.0,1,1.0,0.0,0.0,1,1,1,1,1
cell_subsample,0.0,0,63,xenium_human_skin_melanoma,187.4832,62.6842,62.6842,1,1,1.0,1,1.0,1,1.0,1,1.0,0.0,0.0,1,1,1,1,1
cell_subsample,0.0,0,64,xenium_human_skin_melanoma,183.8442,48.5487,48.5487,1,1,1.0,1,1.0,1,1.0,1,1.0,0.0,0.0,1,1,1,1,1
cell_subsample,0.0,0,65,xenium_human_skin_melanoma,181.9655,67.9502,67.9502,1,1,1.0,1,1.0,1,1.0,1,1.0,0.0,0.0,1,1,1,1,1
cell_subsample,0.0,0,66,xenium_human_skin_melanoma,185.2996,99.9851,99.9851,1,1,1.0,1,1.0,1,1.0,1,1.0,0.0,0.0,1,1,1,1,1
cell_subsample,0.0,0,67,xenium_human_skin_melanoma,189.1835,60.9133,60.9133,1,1,1.0,1,1.0,1,1.0,1,1.0,0.0,0.0,1,1,1,1,1
cell_subsample,0.0,0,68,xenium_human_skin_melanoma,182.5041,61.0199,61.0199,1,1,1.0,1,1.0,1,1.0,1,1.0,0.0,0.0,1,1,1,1,1
cell_subsample,0.0,0,69,xenium_human_skin_melanoma,185.8569,62.6582,62.6582,1,1,1.0,1,1.0,1,1.0,1,1.0,0.0,0.0,1,1,1,1,1
cell_subsample,0.0,0,70,xenium_human_skin_melanoma,185.7606,44.7472,44.7472,1,1,1.0,1,1.0,1,1.0,1,1.0,0.0,0.0,1,1,1,1,1
cell_subsample,0.0,0,71,xenium_human_skin_melanoma,188.2049,64.2979,64.2979,1,1,1.0,1,1.0,1,1.0,1,1.0,0.0,0.0,1,1,1,1,1
cell_subsample,0.0,0,72,xenium_human_skin_melanoma,184.8346,50.1662,50.1662,1,1,1.0,1,1.0,1,1.0,1,1.0,0.0,0.0,1,1,1,1,1
cell_subsample,0.0,0,73,xenium_human_skin_melanoma,182.1751,63.5137,63.5137,1,1,1.0,1,1.0,1,1.0,1,1.0,0.0,0.0,1,1,1,1,1
cell_subsample,0.0,0,74,xenium_human_skin_melanoma,183.0929,68.1338,68.1338,1,1,1.0,1,1.0,1,1.0,1,1.0,0.0,0.0,1,1,1,1,1
cell_subsample,0.0,0,75,xenium_human_skin_melanoma,186.4431,45.6387,45.6387,1,1,1.0,1,1.0,1,1.0,1,1.0,0.0,0.0,1,1,1,1,1
cell_subsample,0.0,0,76,xenium_human_skin_melanoma,185.3521,79.5126,79.5126,1,1,1.0,1,1.0,1,1.0,1,1.0,0.0,0.0,1,1,1,1,1
cell_subsample,0.0,0,77,xenium_human_skin_melanoma,183.71,63.9195,63.9195,1,1,1.0,1,1.0,1,1.0,1,1.0,0.0,0.0,1,1,1,1,1
cell_subsample,0.0,0,78,xenium_human_skin_melanoma,183.5978,48.819,48.819,1,1,1.0,1,1.0,1,1.0,1,1.0,0.0,0.0,1,1,1,1,1
cell_subsample,0.0,0,79,xenium_human_skin_melanoma,182.932,83.0101,83.0101,1,1,1.0,1,1.0,1,1.0,1,1.0,0.0,0.0,1,1,1,1,1
cell_subsample,0.0,0,80,xenium_human_skin_melanoma,185.7923,68.8877,68.8877,1,1,1.0,1,1.0,1,1.0,1,1.0,0.0,0.0,1,1,1,1,1
cell_subsample,0.0,0,81,xenium_human_skin_melanoma,186.671,60.1906,60.1906,1,1,1.0,1,1.0,1,1.0,1,1.0,0.0,0.0,1,1,1,1,1
cell_subsample,0.0,0,82,xenium_human_skin_melanoma,182.357,58.8923,58.8923,1,1,1.0,1,1.0,1,1.0,1,1.0,0.0,0.0,1,1,1,1,1
cell_subsample,0.0,0,83,xenium_human_skin_melanoma,184.5343,68.1985,68.1985,1,1,1.0,1,1.0,1,1.0,1,1.0,0.0,0.0,1,1,1,1,1
cell_subsample,0.0,0,84,xenium_human_skin_melanoma,184.021,39.0256,39.0256,1,1,1.0,1,1.0,1,1.0,1,1.0,0.0,0.0,1,1,1,1,1
cell_subsample,0.0,0,85,xenium_human_skin_melanoma,186.894,67.798,67.798,1,1,1.0,1,1.0,1,1.0,1,1.0,0.0,0.0,1,1,1,1,1
cell_subsample,0.0,0,86,xenium_human_skin_melanoma,186.8196,63.3089,63.3089,1,1,1.0,1,1.0,1,1.0,1,1.0,0.0,0.0,1,1,1,1,1
cell_subsample,0.0,0,87,xenium_human_skin_melanoma,184.2282,68.6534,68.6534,1,1,1.0,1,1.0,1,1.0,1,1.0,0.0,0.0,1,1,1,1,1
cell_subsample,0.0,0,88,xenium_human_skin_melanoma,184.5749,50.6237,50.6237,1,1,1.0,1,1.0,1,1.0,1,1.0,0.0,0.0,1,1,1,1,1
cell_subsample,0.0,0,89,xenium_human_skin_melanoma,186.0398,73.6568,73.6568,1,1,1.0,1,1.0,1,1.0,1,1.0,0.0,0.0,1,1,1,1,1
cell_subsample,0.0,0,90,xenium_human_skin_melanoma,188.0676,45.684,45.684,1,1,1.0,1,1.0,1,1.0,1,1.0,0.0,0.0,1,1,1,1,1
cell_subsample,0.0,0,91,xenium_human_skin_melanoma,185.3787,59.5937,59.5937,1,1,1.0,1,1.0,1,1.0,1,1.0,0.0,0.0,1,1,1,1,1
cell_subsample,0.0,0,92,xenium_human_skin_melanoma,182.6173,54.3021,54.3021,1,1,1.0,1,1.0,1,1.0,1,1.0,0.0,0.0,1,1,1,1,1
cell_subsample,0.0,0,93,xenium_human_skin_melanoma,181.6586,72.689,72.689,1,1,1.0,1,1.0,1,1.0,1,1.0,0.0,0.0,1,1,1,1,1
cell_subsample,0.0,0,94,xenium_human_skin_melanoma,187.4253,49.5787,49.5787,1,1,1.0,1,1.0,1,1.0,1,1.0,0.0,0.0,1,1,1,1,1
cell_subsample,0.0,0,95,xenium_human_skin_melanoma,191.236,67.6615,67.6615,1,1,1.0,1,1.0,1,1.0,1,1.0,0.0,0.0,1,1,1,1,1
cell_subsample,0.0,0,96,xenium_human_skin_melanoma,183.7609,64.9754,64.9754,1,1,1.0,1,1.0,1,1.0,1,1.0,0.0,0.0,1,1,1,1,1
cell_subsample,0.0,0,97,xenium_human_skin_melanoma,182.6318,72.7834,72.7834,1,1,1.0,1,1.0,1,1.0,1,1.0,0.0,0.0,1,1,1,1,1
cell_subsample,0.0,0,98,xenium_human_skin_melanoma,183.4637,65.8831,65.8831,1,1,1.0,1,1.0,1,1.0,1,1.0,0.0,0.0,1,1,1,1,1
cell_subsample,0.0,0,99,xenium_human_skin_melanoma,186.1236,60.4258,60.4258,1,1,1.0,1,1.0,1,1.0,1,1.0,0.0,0.0,1,1,1,1,1
cell_subsample,0.9,0,0,xenium_human_skin_melanoma,197.7713,83.9211,86.1903,3,0,1.0,0,1.0,1,1.0,1,1.0,1.835997983933292,3.2475122948536512,3,0,0,1,1
cell_subsample,0.9,0,1,xenium_human_skin_melanoma,190.9397,40.2023,40.2023,1,1,1.0,1,1.0,1,1.0,1,1.0,2.2725913191707225,0.9339825272442376,1,1,1,1,1
cell_subsample,0.9,0,2,xenium_human_skin_melanoma,186.6125,70.1042,71.0099,2,0,1.0,1,1.0,1,1.0,1,1.0,1.8229289392875738,3.3315628564738025,2,0,1,1,1
cell_subsample,0.9,0,3,xenium_human_skin_melanoma,187.6089,63.359,63.359,1,1,1.0,1,1.0,1,1.0,1,1.0,2.074102666314288,2.660583723804803,1,1,1,1,1
cell_subsample,0.9,0,4,xenium_human_skin_melanoma,185.3941,84.0858,84.4305,2,1,1.0,1,1.0,1,1.0,1,1.0,1.6989119810999012,2.746752113854919,2,1,1,1,1
cell_subsample,0.9,0,5,xenium_human_skin_melanoma,184.4757,64.4386,64.4386,1,1,1.0,1,1.0,1,1.0,1,1.0,2.070926747938017,1.5187142256536978,1,1,1,1,1
cell_subsample,0.9,0,6,xenium_human_skin_melanoma,185.8517,66.8199,66.8199,1,1,1.0,1,1.0,1,1.0,1,1.0,1.8769552690553057,1.7114790196919865,1,1,1,1,1
cell_subsample,0.9,0,7,xenium_human_skin_melanoma,186.518,49.6585,49.6585,1,1,1.0,1,1.0,1,1.0,1,1.0,2.3673740970392547,0.8756536677517045,1,1,1,1,1
cell_subsample,0.9,0,8,xenium_human_skin_melanoma,185.162,46.4538,46.4538,1,1,1.0,1,1.0,1,1.0,1,1.0,2.4000156755278237,1.6407608141997143,1,1,1,1,1
cell_subsample,0.9,0,9,xenium_human_skin_melanoma,185.1311,64.7292,64.9965,2,1,1.0,1,1.0,1,1.0,1,1.0,1.82403754403052,1.8086933565273182,2,1,1,1,1
cell_subsample,0.9,0,10,xenium_human_skin_melanoma,184.0606,53.8101,53.9059,2,1,1.0,1,1.0,1,1.0,1,1.0,2.2975493689769735,2.3575508372269054,2,1,1,1,1
cell_subsample,0.9,0,11,xenium_human_skin_melanoma,186.4508,50.4429,50.4429,1,1,1.0,1,1.0,1,1.0,1,1.0,2.144184247165604,1.2697960264998422,1,1,1,1,1
cell_subsample,0.9,0,12,xenium_human_skin_melanoma,187.284,52.4759,52.4759,1,1,1.0,1,1.0,1,1.0,1,1.0,2.1902360395059954,2.1421191017409478,1,1,1,1,1
cell_subsample,0.9,0,13,xenium_human_skin_melanoma,185.4671,46.3413,46.3413,1,1,1.0,1,1.0,1,1.0,1,1.0,2.241206094331862,1.4436690753605086,1,1,1,1,1
cell_subsample,0.9,0,14,xenium_human_skin_melanoma,186.1342,53.8045,53.8045,1,1,1.0,1,1.0,1,1.0,1,1.0,2.207177393676371,1.8802495736284137,1,1,1,1,1
cell_subsample,0.9,0,15,xenium_human_skin_melanoma,187.305,69.4626,71.4239,6,0,1.0,0,1.0,1,1.0,1,1.0,1.6679768341725256,2.494817604197005,6,0,0,1,1
cell_subsample,0.9,0,16,xenium_human_skin_melanoma,186.9759,49.085,54.6043,18,0,1.0,0,1.0,0,1.0,1,1.0,2.3014817929841707,2.6779916406382487,18,0,0,0,1
cell_subsample,0.9,0,17,xenium_human_skin_melanoma,185.8796,54.3104,54.3104,1,1,1.0,1,1.0,1,1.0,1,1.0,2.1444227533268507,2.5075304826485816,1,1,1,1,1
cell_subsample,0.9,0,18,xenium_human_skin_melanoma,183.8825,71.8933,71.8933,1,1,1.0,1,1.0,1,1.0,1,1.0,2.0042037710332887,2.0946681137951653,1,1,1,1,1
cell_subsample,0.9,0,19,xenium_human_skin_melanoma,184.3796,72.4752,74.2288,4,0,1.0,0,1.0,1,1.0,1,1.0,1.931018096901723,3.604700387038449,4,0,0,1,1
cell_subsample,0.9,0,20,xenium_human_skin_melanoma,185.7189,68.3737,68.3737,1,1,1.0,1,1.0,1,1.0,1,1.0,1.8497212615188616,1.9545338301599133,1,1,1,1,1
cell_subsample,0.9,0,21,xenium_human_skin_melanoma,186.5869,62.7781,63.2451,2,1,1.0,1,1.0,1,1.0,1,1.0,1.862454992265217,2.8678318327265684,2,1,1,1,1
cell_subsample,0.9,0,22,xenium_human_skin_melanoma,185.3045,40.186,40.186,1,1,1.0,1,1.0,1,1.0,1,1.0,2.4718126660773363,1.5852341752301122,1,1,1,1,1
cell_subsample,0.9,0,23,xenium_human_skin_melanoma,183.6893,64.0478,64.0478,1,1,1.0,1,1.0,1,1.0,1,1.0,1.8661633532011288,2.0782575891629516,1,1,1,1,1
cell_subsample,0.9,0,24,xenium_human_skin_melanoma,184.048,76.4336,79.1274,8,0,1.0,0,1.0,1,1.0,1,1.0,1.6840777566486889,2.7329008830419057,8,0,0,1,1
cell_subsample,0.9,0,25,xenium_human_skin_melanoma,189.1626,49.6209,50.0913,2,1,1.0,1,1.0,1,1.0,1,1.0,2.3129172070491744,1.1930953154042117,2,1,1,1,1
cell_subsample,0.9,0,26,xenium_human_skin_melanoma,185.2091,39.1867,39.1867,1,1,1.0,1,1.0,1,1.0,1,1.0,2.422154395138325,0.5429048381140157,1,1,1,1,1
cell_subsample,0.9,0,27,xenium_human_skin_melanoma,184.3954,75.8682,75.8682,1,1,1.0,1,1.0,1,1.0,1,1.0,1.9365523376563427,2.1285377979886557,1,1,1,1,1
cell_subsample,0.9,0,28,xenium_human_skin_melanoma,184.6156,58.5483,58.5483,1,1,1.0,1,1.0,1,1.0,1,1.0,2.1962024018980943,1.8913741505928796,1,1,1,1,1
cell_subsample,0.9,0,29,xenium_human_skin_melanoma,183.2129,63.8401,65.1264,2,0,1.0,1,1.0,1,1.0,1,1.0,1.8809593229816337,1.1687587689825754,2,0,1,1,1
cell_subsample,0.9,0,30,xenium_human_skin_melanoma,187.438,60.3228,60.3228,1,1,1.0,1,1.0,1,1.0,1,1.0,2.0512568208263757,2.4581908847559957,1,1,1,1,1
cell_subsample,0.9,0,31,xenium_human_skin_melanoma,186.2937,69.0365,69.0365,1,1,1.0,1,1.0,1,1.0,1,1.0,1.7899422880550737,1.4493474330818317,1,1,1,1,1
cell_subsample,0.9,0,32,xenium_human_skin_melanoma,185.6994,68.5486,68.943,2,1,1.0,1,1.0,1,1.0,1,1.0,1.705556388012598,2.366646128295594,2,1,1,1,1
cell_subsample,0.9,0,33,xenium_human_skin_melanoma,183.1135,83.0616,83.0616,1,1,1.0,1,1.0,1,1.0,1,1.0,1.7106821235335934,1.4159274921751674,1,1,1,1,1
cell_subsample,0.9,0,34,xenium_human_skin_melanoma,188.4404,62.4036,64.1941,3,0,1.0,0,1.0,1,1.0,1,1.0,1.8934771880861407,3.0480838056202963,3,0,0,1,1
cell_subsample,0.9,0,35,xenium_human_skin_melanoma,186.9201,62.8477,63.8118,2,0,1.0,1,1.0,1,1.0,1,1.0,1.7920035512047665,1.8670262774342827,2,0,1,1,1
cell_subsample,0.9,0,36,xenium_human_skin_melanoma,185.6685,53.6544,54.166,3,1,1.0,1,1.0,1,1.0,1,1.0,2.1537656759395434,1.700229608514149,3,1,1,1,1
cell_subsample,0.9,0,37,xenium_human_skin_melanoma,186.9184,58.6333,58.6333,1,1,1.0,1,1.0,1,1.0,1,1.0,1.8615148251795177,1.7050476933551346,1,1,1,1,1
cell_subsample,0.9,0,38,xenium_human_skin_melanoma,186.0885,53.152,53.2726,2,1,1.0,1,1.0,1,1.0,1,1.0,2.330218467407225,1.9730941628718528,2,1,1,1,1
cell_subsample,0.9,0,39,xenium_human_skin_melanoma,189.0478,62.148,62.148,1,1,1.0,1,1.0,1,1.0,1,1.0,1.9968596549650526,1.511729518708724,1,1,1,1,1
cell_subsample,0.9,0,40,xenium_human_skin_melanoma,189.1016,65.1238,67.5111,4,0,1.0,0,1.0,1,1.0,1,1.0,1.8261335486668755,2.9118859188291197,4,0,0,1,1
cell_subsample,0.9,0,41,xenium_human_skin_melanoma,185.9506,60.9975,60.9975,1,1,1.0,1,1.0,1,1.0,1,1.0,1.8369373703114258,1.8982805029131262,1,1,1,1,1
cell_subsample,0.9,0,42,xenium_human_skin_melanoma,185.0193,69.1273,69.7482,2,1,1.0,1,1.0,1,1.0,1,1.0,1.845986161348833,1.7651600690464924,2,1,1,1,1
cell_subsample,0.9,0,43,xenium_human_skin_melanoma,185.5166,74.4888,74.4888,1,1,1.0,1,1.0,1,1.0,1,1.0,1.7362604455005988,2.3718013998945886,1,1,1,1,1
cell_subsample,0.9,0,44,xenium_human_skin_melanoma,189.3136,47.046,47.046,1,1,1.0,1,1.0,1,1.0,1,1.0,2.2254902558623595,2.566349375298225,1,1,1,1,1
cell_subsample,0.9,0,45,xenium_human_skin_melanoma,186.4227,46.5023,46.5023,1,1,1.0,1,1.0,1,1.0,1,1.0,2.4821872937377774,1.8403604359366021,1,1,1,1,1
cell_subsample,0.9,0,46,xenium_human_skin_melanoma,184.195,56.0438,56.5842,2,1,1.0,1,1.0,1,1.0,1,1.0,2.308875288805922,2.4089667219359416,2,1,1,1,1
cell_subsample,0.9,0,47,xenium_human_skin_melanoma,186.1207,59.2963,59.6533,2,1,1.0,1,1.0,1,1.0,1,1.0,2.1263784545433784,1.6881857660549504,2,1,1,1,1
cell_subsample,0.9,0,48,xenium_human_skin_melanoma,190.3986,60.4399,60.4399,1,1,1.0,1,1.0,1,1.0,1,1.0,1.8608322915904185,1.2531709580225485,1,1,1,1,1
cell_subsample,0.9,0,49,xenium_human_skin_melanoma,188.62,38.1504,38.1504,1,1,1.0,1,1.0,1,1.0,1,1.0,2.5004414076794657,1.9998165160885693,1,1,1,1,1
cell_subsample,0.9,0,50,xenium_human_skin_melanoma,183.6528,76.516,76.6887,2,1,1.0,1,1.0,1,1.0,1,1.0,1.8254572607383002,2.3441725400032003,2,1,1,1,1
cell_subsample,0.9,0,51,xenium_human_skin_melanoma,184.1202,63.975,67.748,14,0,1.0,0,1.0,0,1.0,1,1.0,1.8468312772884383,2.0403835171534186,14,0,0,0,1
cell_subsample,0.9,0,52,xenium_human_skin_melanoma,183.7008,66.8047,66.8047,1,1,1.0,1,1.0,1,1.0,1,1.0,1.7579633351126849,1.44896762534874,1,1,1,1,1
cell_subsample,0.9,0,53,xenium_human_skin_melanoma,188.3144,46.4432,46.4432,1,1,1.0,1,1.0,1,1.0,1,1.0,2.245727367020304,1.494278840037051,1,1,1,1,1
cell_subsample,0.9,0,54,xenium_human_skin_melanoma,186.1801,68.5447,69.6836,2,0,1.0,1,1.0,1,1.0,1,1.0,1.6333358636088262,2.0923259815715105,2,0,1,1,1
cell_subsample,0.9,0,55,xenium_human_skin_melanoma,183.3371,75.1212,76.2513,3,0,1.0,1,1.0,1,1.0,1,1.0,1.9595900420284658,4.0590531191471735,3,0,1,1,1
cell_subsample,0.9,0,56,xenium_human_skin_melanoma,186.4791,62.675,62.675,1,1,1.0,1,1.0,1,1.0,1,1.0,1.7831805798306672,1.809959166374061,1,1,1,1,1
cell_subsample,0.9,0,57,xenium_human_skin_melanoma,185.5431,57.5523,58.209,2,1,1.0,1,1.0,1,1.0,1,1.0,1.9320099858636337,1.1608399184655822,2,1,1,1,1
cell_subsample,0.9,0,58,xenium_human_skin_melanoma,190.5034,56.694,56.694,1,1,1.0,1,1.0,1,1.0,1,1.0,1.9225667423287802,1.1377713697317198,1,1,1,1,1
cell_subsample,0.9,0,59,xenium_human_skin_melanoma,187.3223,67.8561,67.8561,1,1,1.0,1,1.0,1,1.0,1,1.0,1.704126522106467,1.4341170929061657,1,1,1,1,1
cell_subsample,0.9,0,60,xenium_human_skin_melanoma,186.7114,62.2396,62.2396,1,1,1.0,1,1.0,1,1.0,1,1.0,2.111427123957348,1.5444187531698783,1,1,1,1,1
cell_subsample,0.9,0,61,xenium_human_skin_melanoma,185.449,67.5106,68.1808,2,1,1.0,1,1.0,1,1.0,1,1.0,1.8788886913411553,2.6621062768201504,2,1,1,1,1
cell_subsample,0.9,0,62,xenium_human_skin_melanoma,184.4938,45.8507,45.8507,1,1,1.0,1,1.0,1,1.0,1,1.0,2.2460738060024745,1.389582267687477,1,1,1,1,1
cell_subsample,0.9,0,63,xenium_human_skin_melanoma,188.397,62.6842,62.6842,1,1,1.0,1,1.0,1,1.0,1,1.0,1.7522194743767403,2.328173687518995,1,1,1,1,1
cell_subsample,0.9,0,64,xenium_human_skin_melanoma,184.1857,48.5487,49.7662,4,0,1.0,1,1.0,1,1.0,1,1.0,2.3424802604302624,1.6284583158284087,4,0,1,1,1
cell_subsample,0.9,0,65,xenium_human_skin_melanoma,184.5564,67.9502,68.0634,2,1,1.0,1,1.0,1,1.0,1,1.0,1.7324720620392278,1.8633635307980556,2,1,1,1,1
cell_subsample,0.9,0,66,xenium_human_skin_melanoma,183.0103,99.9851,99.9851,1,1,1.0,1,1.0,1,1.0,1,1.0,1.445789510401365,3.2407533092423066,1,1,1,1,1
cell_subsample,0.9,0,67,xenium_human_skin_melanoma,186.8733,60.9133,60.9133,1,1,1.0,1,1.0,1,1.0,1,1.0,1.7849041869583007,0.8628420980551788,1,1,1,1,1
cell_subsample,0.9,0,68,xenium_human_skin_melanoma,186.0795,61.0199,61.0199,1,1,1.0,1,1.0,1,1.0,1,1.0,1.7041153970236593,2.5492016131936457,1,1,1,1,1
cell_subsample,0.9,0,69,xenium_human_skin_melanoma,183.8712,62.6582,62.6582,1,1,1.0,1,1.0,1,1.0,1,1.0,1.8843495455846224,3.4228315070463835,1,1,1,1,1
cell_subsample,0.9,0,70,xenium_human_skin_melanoma,184.7506,44.7472,44.7472,1,1,1.0,1,1.0,1,1.0,1,1.0,2.3764519694334756,0.9481763339733364,1,1,1,1,1
cell_subsample,0.9,0,71,xenium_human_skin_melanoma,183.7804,64.2979,64.2979,1,1,1.0,1,1.0,1,1.0,1,1.0,2.0930849852376547,2.6509918208296717,1,1,1,1,1
cell_subsample,0.9,0,72,xenium_human_skin_melanoma,188.1802,50.1662,50.1662,1,1,1.0,1,1.0,1,1.0,1,1.0,2.3355128357623585,2.4926449519404605,1,1,1,1,1
cell_subsample,0.9,0,73,xenium_human_skin_melanoma,185.685,63.5137,63.5137,1,1,1.0,1,1.0,1,1.0,1,1.0,1.822430652683922,0.8738820438877282,1,1,1,1,1
cell_subsample,0.9,0,74,xenium_human_skin_melanoma,182.8584,68.1338,68.1367,2,1,1.0,1,1.0,1,1.0,1,1.0,1.8725731574904063,2.0693416888762126,2,1,1,1,1
cell_subsample,0.9,0,75,xenium_human_skin_melanoma,183.2887,45.6387,45.6387,1,1,1.0,1,1.0,1,1.0,1,1.0,2.363792210728947,1.2892105343211497,1,1,1,1,1
cell_subsample,0.9,0,76,xenium_human_skin_melanoma,184.7046,79.5126,82.9467,13,0,1.0,0,1.0,1,1.0,1,1.0,1.610892765636243,2.252404001130941,13,0,0,1,1
cell_subsample,0.9,0,77,xenium_human_skin_melanoma,189.9344,63.9195,64.28,2,1,1.0,1,1.0,1,1.0,1,1.0,1.8235909793030798,2.262612969952537,2,1,1,1,1
cell_subsample,0.9,0,78,xenium_human_skin_melanoma,185.5518,48.819,48.819,1,1,1.0,1,1.0,1,1.0,1,1.0,2.2877747150805843,0.9160920002558245,1,1,1,1,1
cell_subsample,0.9,0,79,xenium_human_skin_melanoma,189.225,83.0101,83.0101,1,1,1.0,1,1.0,1,1.0,1,1.0,1.7865508943907369,2.18330637590162,1,1,1,1,1
cell_subsample,0.9,0,80,xenium_human_skin_melanoma,183.4779,68.8877,69.8936,4,0,1.0,1,1.0,1,1.0,1,1.0,1.8231789608854108,1.0075695240022515,4,0,1,1,1
cell_subsample,0.9,0,81,xenium_human_skin_melanoma,187.6256,60.1906,61.7522,2,0,1.0,1,1.0,1,1.0,1,1.0,2.2733226469826624,2.5109999985450457,2,0,1,1,1
cell_subsample,0.9,0,82,xenium_human_skin_melanoma,187.0405,58.8923,58.8923,1,1,1.0,1,1.0,1,1.0,1,1.0,1.9362597674961886,1.9130940403025933,1,1,1,1,1
cell_subsample,0.9,0,83,xenium_human_skin_melanoma,182.1021,68.1985,68.1985,1,1,1.0,1,1.0,1,1.0,1,1.0,1.7069759095434867,1.898559993080896,1,1,1,1,1
cell_subsample,0.9,0,84,xenium_human_skin_melanoma,184.3231,39.0256,39.0256,1,1,1.0,1,1.0,1,1.0,1,1.0,2.5287541578944777,0.7790688558402176,1,1,1,1,1
cell_subsample,0.9,0,85,xenium_human_skin_melanoma,183.3912,67.798,67.798,1,1,1.0,1,1.0,1,1.0,1,1.0,1.865199374534683,2.4162107945364264,1,1,1,1,1
cell_subsample,0.9,0,86,xenium_human_skin_melanoma,185.8689,63.3089,64.2267,2,0,1.0,1,1.0,1,1.0,1,1.0,1.74803332041077,2.909392746564951,2,0,1,1,1
cell_subsample,0.9,0,87,xenium_human_skin_melanoma,187.108,68.6534,68.6534,1,1,1.0,1,1.0,1,1.0,1,1.0,1.7750981095824019,1.5636937881460646,1,1,1,1,1
cell_subsample,0.9,0,88,xenium_human_skin_melanoma,183.7669,50.6237,50.6237,1,1,1.0,1,1.0,1,1.0,1,1.0,2.436488771570755,2.02447483632567,1,1,1,1,1
cell_subsample,0.9,0,89,xenium_human_skin_melanoma,186.3607,73.6568,73.6568,1,1,1.0,1,1.0,1,1.0,1,1.0,1.6483180321436923,1.6347804730022788,1,1,1,1,1
cell_subsample,0.9,0,90,xenium_human_skin_melanoma,186.8801,45.684,45.684,1,1,1.0,1,1.0,1,1.0,1,1.0,2.253484672567557,0.7608701731995933,1,1,1,1,1
cell_subsample,0.9,0,91,xenium_human_skin_melanoma,187.3993,59.5937,59.5937,1,1,1.0,1,1.0,1,1.0,1,1.0,2.1147291266054404,1.6397571251629717,1,1,1,1,1
cell_subsample,0.9,0,92,xenium_human_skin_melanoma,182.9986,54.3021,54.3021,1,1,1.0,1,1.0,1,1.0,1,1.0,2.2762784058254755,2.1747870873780597,1,1,1,1,1
cell_subsample,0.9,0,93,xenium_human_skin_melanoma,181.8897,72.689,72.689,1,1,1.0,1,1.0,1,1.0,1,1.0,1.6700744002240122,2.6720022225647084,1,1,1,1,1
cell_subsample,0.9,0,94,xenium_human_skin_melanoma,181.2388,49.5787,50.822,4,0,1.0,1,1.0,1,1.0,1,1.0,2.4017853444018193,1.9536349117959941,4,0,1,1,1
cell_subsample,0.9,0,95,xenium_human_skin_melanoma,187.9619,67.6615,67.6615,1,1,1.0,1,1.0,1,1.0,1,1.0,1.7865760722097228,1.8322706298886569,1,1,1,1,1
cell_subsample,0.9,0,96,xenium_human_skin_melanoma,186.1449,64.9754,64.9754,1,1,1.0,1,1.0,1,1.0,1,1.0,1.9808416826677189,1.57849422491309,1,1,1,1,1
cell_subsample,0.9,0,97,xenium_human_skin_melanoma,182.9696,72.7834,74.8718,9,0,1.0,0,1.0,1,1.0,1,1.0,1.988092894535666,2.33727272794408,9,0,0,1,1
cell_subsample,0.9,0,98,xenium_human_skin_melanoma,184.6683,65.8831,65.8831,1,1,1.0,1,1.0,1,1.0,1,1.0,1.757337793175864,1.8187745767266394,1,1,1,1,1
cell_subsample,0.9,0,99,xenium_human_skin_melanoma,186.0889,60.4258,61.7774,3,0,1.0,1,1.0,1,1.0,1,1.0,1.918310910212593,1.4893942117904952,3,0,1,1,1
cell_subsample,0.9,1,0,xenium_human_skin_melanoma,204.1378,83.9211,86.1903,3,0,1.0,0,1.0,1,1.0,1,1.0,1.8505765266568177,4.513553123999368,3,0,0,1,1
cell_subsample,0.9,1,1,xenium_human_skin_melanoma,190.8121,40.2023,40.2023,1,1,1.0,1,1.0,1,1.0,1,1.0,2.2749994116563688,0.7889328676255397,1,1,1,1,1
cell_subsample,0.9,1,2,xenium_human_skin_melanoma,187.1403,70.1042,70.1042,1,1,1.0,1,1.0,1,1.0,1,1.0,1.820153133538598,3.0175083777624327,1,1,1,1,1
cell_subsample,0.9,1,3,xenium_human_skin_melanoma,185.5354,63.359,63.359,1,1,1.0,1,1.0,1,1.0,1,1.0,2.0875956351680487,1.8680749237183631,1,1,1,1,1
cell_subsample,0.9,1,4,xenium_human_skin_melanoma,189.4604,84.0858,84.4305,2,1,1.0,1,1.0,1,1.0,1,1.0,1.6692948637199052,2.65344548857802,2,1,1,1,1
cell_subsample,0.9,1,5,xenium_human_skin_melanoma,185.9091,64.4386,64.4386,1,1,1.0,1,1.0,1,1.0,1,1.0,2.0772733149144926,2.40901116884384,1,1,1,1,1
cell_subsample,0.9,1,6,xenium_human_skin_melanoma,186.3719,66.8199,66.9686,2,1,1.0,1,1.0,1,1.0,1,1.0,1.864493810072403,1.6806282139579773,2,1,1,1,1
cell_subsample,0.9,1,7,xenium_human_skin_melanoma,186.1955,49.6585,49.6585,1,1,1.0,1,1.0,1,1.0,1,1.0,2.3926053944934154,1.2265098852369642,1,1,1,1,1
cell_subsample,0.9,1,8,xenium_human_skin_melanoma,186.429,46.4538,50.8143,4,0,1.0,0,1.0,0,1.0,1,1.0,2.3648047884413423,1.3327326397260781,4,0,0,0,1
cell_subsample,0.9,1,9,xenium_human_skin_melanoma,189.5225,64.7292,64.9965,2,1,1.0,1,1.0,1,1.0,1,1.0,1.8066744125979073,1.9193925135640502,2,1,1,1,1
cell_subsample,0.9,1,10,xenium_human_skin_melanoma,186.7541,53.8101,53.9059,2,1,1.0,1,1.0,1,1.0,1,1.0,2.2337999120121723,1.4452803620341432,2,1,1,1,1
cell_subsample,0.9,1,11,xenium_human_skin_melanoma,184.9644,50.4429,50.4429,1,1,1.0,1,1.0,1,1.0,1,1.0,2.2073423181495735,2.4565714361679842,1,1,1,1,1
cell_subsample,0.9,1,12,xenium_human_skin_melanoma,188.2338,52.4759,52.4759,1,1,1.0,1,1.0,1,1.0,1,1.0,2.1985706782979024,1.5122981220709277,1,1,1,1,1
cell_subsample,0.9,1,13,xenium_human_skin_melanoma,186.0565,46.3413,46.3413,1,1,1.0,1,1.0,1,1.0,1,1.0,2.2522119240589737,1.1242103099238405,1,1,1,1,1
cell_subsample,0.9,1,14,xenium_human_skin_melanoma,184.5646,53.8045,53.8045,1,1,1.0,1,1.0,1,1.0,1,1.0,2.157233578945295,0.8005176881398889,1,1,1,1,1
cell_subsample,0.9,1,15,xenium_human_skin_melanoma,187.1508,69.4626,71.4239,6,0,1.0,0,1.0,1,1.0,1,1.0,1.7601651256241595,3.1384405453320534,6,0,0,1,1
cell_subsample,0.9,1,16,xenium_human_skin_melanoma,184.0875,49.085,49.085,1,1,1.0,1,1.0,1,1.0,1,1.0,2.2887921722152638,1.8968775680851233,1,1,1,1,1
cell_subsample,0.9,1,17,xenium_human_skin_melanoma,187.2731,54.3104,54.3104,1,1,1.0,1,1.0,1,1.0,1,1.0,2.0347938452167327,1.0453526706893452,1,1,1,1,1
cell_subsample,0.9,1,18,xenium_human_skin_melanoma,187.055,71.8933,71.8933,1,1,1.0,1,1.0,1,1.0,1,1.0,2.04879017527332,2.9480545023318556,1,1,1,1,1
cell_subsample,0.9,1,19,xenium_human_skin_melanoma,184.1037,72.4752,72.4752,1,1,1.0,1,1.0,1,1.0,1,1.0,1.9112078376051913,3.419052426144967,1,1,1,1,1
cell_subsample,0.9,1,20,xenium_human_skin_melanoma,185.9647,68.3737,68.9829,3,1,1.0,1,1.0,1,1.0,1,1.0,1.8188842885678422,1.433631282273513,3,1,1,1,1
cell_subsample,0.9,1,21,xenium_human_skin_melanoma,184.5025,62.7781,63.2451,2,1,1.0,1,1.0,1,1.0,1,1.0,1.8350808477207736,2.29679359774079,2,1,1,1,1
cell_subsample,0.9,1,22,xenium_human_skin_melanoma,186.6203,40.186,40.186,1,1,1.0,1,1.0,1,1.0,1,1.0,2.4584928191262154,1.454526550231169,1,1,1,1,1
cell_subsample,0.9,1,23,xenium_human_skin_melanoma,187.1776,64.0478,64.0478,1,1,1.0,1,1.0,1,1.0,1,1.0,1.863797418924017,1.9754509096401278,1,1,1,1,1
cell_subsample,0.9,1,24,xenium_human_skin_melanoma,186.9456,76.4336,76.4336,1,1,1.0,1,1.0,1,1.0,1,1.0,1.7263005687343054,0.9319635091547376,1,1,1,1,1
cell_subsample,0.9,1,25,xenium_human_skin_melanoma,188.0331,49.6209,49.6209,1,1,1.0,1,1.0,1,1.0,1,1.0,2.2370433615928556,0.9979924901696661,1,1,1,1,1
cell_subsample,0.9,1,26,xenium_human_skin_melanoma,186.9569,39.1867,39.1867,1,1,1.0,1,1.0,1,1.0,1,1.0,2.414963688106701,1.3769558408262927,1,1,1,1,1
cell_subsample,0.9,1,27,xenium_human_skin_melanoma,190.4183,75.8682,75.8682,1,1,1.0,1,1.0,1,1.0,1,1.0,1.9824636026349518,3.836106771595743,1,1,1,1,1
cell_subsample,0.9,1,28,xenium_human_skin_melanoma,186.8353,58.5483,60.4985,4,0,1.0,0,1.0,1,1.0,1,1.0,2.1535880649684023,1.9004037887868155,4,0,0,1,1
cell_subsample,0.9,1,29,xenium_human_skin_melanoma,183.0765,63.8401,65.1264,2,0,1.0,1,1.0,1,1.0,1,1.0,1.873547870885877,1.4628757901680975,2,0,1,1,1
cell_subsample,0.9,1,30,xenium_human_skin_melanoma,188.2732,60.3228,60.3228,1,1,1.0,1,1.0,1,1.0,1,1.0,2.049801777101259,1.3979819284813617,1,1,1,1,1
cell_subsample,0.9,1,31,xenium_human_skin_melanoma,188.8196,69.0365,70.6415,4,0,1.0,1,1.0,1,1.0,1,1.0,1.7554531651128553,3.0232686271563165,4,0,1,1,1
cell_subsample,0.9,1,32,xenium_human_skin_melanoma,188.2764,68.5486,68.943,2,1,1.0,1,1.0,1,1.0,1,1.0,1.704460860121373,1.8645050268781076,2,1,1,1,1
cell_subsample,0.9,1,33,xenium_human_skin_melanoma,185.4719,83.0616,83.0616,1,1,1.0,1,1.0,1,1.0,1,1.0,1.7384895607768645,1.8443383502630728,1,1,1,1,1
cell_subsample,0.9,1,34,xenium_human_skin_melanoma,184.8889,62.4036,63.8237,2,0,1.0,1,1.0,1,1.0,1,1.0,1.866776208640011,1.397027679777396,2,0,1,1,1
cell_subsample,0.9,1,35,xenium_human_skin_melanoma,184.8056,62.8477,63.8118,2,0,1.0,1,1.0,1,1.0,1,1.0,1.7560884658942444,1.8966916333656816,2,0,1,1,1
cell_subsample,0.9,1,36,xenium_human_skin_melanoma,188.0896,53.6544,54.166,3,1,1.0,1,1.0,1,1.0,1,1.0,2.1745112228994903,2.877127335508489,3,1,1,1,1
cell_subsample,0.9,1,37,xenium_human_skin_melanoma,187.0782,58.6333,58.6333,1,1,1.0,1,1.0,1,1.0,1,1.0,1.8961829253311167,1.8835812942339647,1,1,1,1,1
cell_subsample,0.9,1,38,xenium_human_skin_melanoma,185.0074,53.152,53.152,1,1,1.0,1,1.0,1,1.0,1,1.0,2.3693686096921014,1.2625705592983123,1,1,1,1,1
cell_subsample,0.9,1,39,xenium_human_skin_melanoma,186.7792,62.148,62.148,1,1,1.0,1,1.0,1,1.0,1,1.0,2.0305856362620385,1.6109886218333003,1,1,1,1,1
cell_subsample,0.9,1,40,xenium_human_skin_melanoma,181.9854,65.1238,65.2975,2,1,1.0,1,1.0,1,1.0,1,1.0,1.7769638054869483,2.0376863698983905,2,1,1,1,1
cell_subsample,0.9,1,41,xenium_human_skin_melanoma,188.077,60.9975,63.0259,7,0,1.0,0,1.0,1,1.0,1,1.0,1.9265013132817825,3.133412306338898,7,0,0,1,1
cell_subsample,0.9,1,42,xenium_human_skin_melanoma,185.7642,69.1273,70.7908,7,0,1.0,1,1.0,1,1.0,1,1.0,1.836536672153456,1.7444880447565543,7,0,1,1,1
cell_subsample,0.9,1,43,xenium_human_skin_melanoma,184.8816,74.4888,74.4888,1,1,1.0,1,1.0,1,1.0,1,1.0,1.7117208549494314,2.622917678160729,1,1,1,1,1
cell_subsample,0.9,1,44,xenium_human_skin_melanoma,184.7071,47.046,47.046,1,1,1.0,1,1.0,1,1.0,1,1.0,2.222744312177763,2.1412890316091184,1,1,1,1,1
cell_subsample,0.9,1,45,xenium_human_skin_melanoma,185.9787,46.5023,46.5023,1,1,1.0,1,1.0,1,1.0,1,1.0,2.4871717211894255,1.51535422900746,1,1,1,1,1
cell_subsample,0.9,1,46,xenium_human_skin_melanoma,188.1154,56.0438,56.5842,2,1,1.0,1,1.0,1,1.0,1,1.0,2.301651401702766,2.0235651537488377,2,1,1,1,1
cell_subsample,0.9,1,47,xenium_human_skin_melanoma,183.2748,59.2963,59.6533,2,1,1.0,1,1.0,1,1.0,1,1.0,2.140498721925982,2.263378854561084,2,1,1,1,1
cell_subsample,0.9,1,48,xenium_human_skin_melanoma,185.7813,60.4399,60.4399,1,1,1.0,1,1.0,1,1.0,1,1.0,1.8205192853867966,0.591618232027849,1,1,1,1,1
cell_subsample,0.9,1,49,xenium_human_skin_melanoma,185.4058,38.1504,38.1504,1,1,1.0,1,1.0,1,1.0,1,1.0,2.5228233176966066,2.009307985002706,1,1,1,1,1
cell_subsample,0.9,1,50,xenium_human_skin_melanoma,184.5367,76.516,76.6887,2,1,1.0,1,1.0,1,1.0,1,1.0,1.8365224242403866,2.490012720802203,2,1,1,1,1
cell_subsample,0.9,1,51,xenium_human_skin_melanoma,188.9071,63.975,63.975,1,1,1.0,1,1.0,1,1.0,1,1.0,1.813505408618748,1.32999551462725,1,1,1,1,1
cell_subsample,0.9,1,52,xenium_human_skin_melanoma,186.2042,66.8047,67.8937,2,0,1.0,1,1.0,1,1.0,1,1.0,1.7868258986306684,1.4349631560680376,2,0,1,1,1
cell_subsample,0.9,1,53,xenium_human_skin_melanoma,187.5196,46.4432,46.4432,1,1,1.0,1,1.0,1,1.0,1,1.0,2.2202815701625345,1.0282537848284627,1,1,1,1,1
cell_subsample,0.9,1,54,xenium_human_skin_melanoma,186.1097,68.5447,69.6836,2,0,1.0,1,1.0,1,1.0,1,1.0,1.6459782515700234,1.234776444503886,2,0,1,1,1
cell_subsample,0.9,1,55,xenium_human_skin_melanoma,185.236,75.1212,75.1212,1,1,1.0,1,1.0,1,1.0,1,1.0,1.9573380910559106,2.304064766798654,1,1,1,1,1
cell_subsample,0.9,1,56,xenium_human_skin_melanoma,186.0794,62.675,62.675,1,1,1.0,1,1.0,1,1.0,1,1.0,1.78084392208726,2.711085603028388,1,1,1,1,1
cell_subsample,0.9,1,57,xenium_human_skin_melanoma,183.3058,57.5523,57.5523,1,1,1.0,1,1.0,1,1.0,1,1.0,1.9060245249012435,1.7032715718304274,1,1,1,1,1
cell_subsample,0.9,1,58,xenium_human_skin_melanoma,185.0652,56.694,56.694,1,1,1.0,1,1.0,1,1.0,1,1.0,1.9129060717369475,2.301499101929545,1,1,1,1,1
cell_subsample,0.9,1,59,xenium_human_skin_melanoma,187.5384,67.8561,67.8561,1,1,1.0,1,1.0,1,1.0,1,1.0,1.7292641346527728,2.6363889122620834,1,1,1,1,1
cell_subsample,0.9,1,60,xenium_human_skin_melanoma,188.277,62.2396,62.2396,1,1,1.0,1,1.0,1,1.0,1,1.0,2.131112079689624,2.1745565854165925,1,1,1,1,1
cell_subsample,0.9,1,61,xenium_human_skin_melanoma,183.4003,67.5106,67.5106,1,1,1.0,1,1.0,1,1.0,1,1.0,1.9205864775890034,1.2580823944660349,1,1,1,1,1
cell_subsample,0.9,1,62,xenium_human_skin_melanoma,182.7535,45.8507,47.8444,3,0,1.0,0,1.0,1,1.0,1,1.0,2.280018385417788,1.4675630721449633,3,0,0,1,1
cell_subsample,0.9,1,63,xenium_human_skin_melanoma,183.3466,62.6842,62.6842,1,1,1.0,1,1.0,1,1.0,1,1.0,1.7606286707411485,1.7386853734428351,1,1,1,1,1
cell_subsample,0.9,1,64,xenium_human_skin_melanoma,188.3652,48.5487,48.5487,1,1,1.0,1,1.0,1,1.0,1,1.0,2.3844329476982313,1.522666720881,1,1,1,1,1
cell_subsample,0.9,1,65,xenium_human_skin_melanoma,189.1614,67.9502,68.0634,2,1,1.0,1,1.0,1,1.0,1,1.0,1.7426833266415978,2.541003564876769,2,1,1,1,1
cell_subsample,0.9,1,66,xenium_human_skin_melanoma,182.8464,99.9851,99.9851,1,1,1.0,1,1.0,1,1.0,1,1.0,1.440200424940272,3.1503976828882148,1,1,1,1,1
cell_subsample,0.9,1,67,xenium_human_skin_melanoma,185.8106,60.9133,60.9133,1,1,1.0,1,1.0,1,1.0,1,1.0,1.8053005624595977,2.8680309942291826,1,1,1,1,1
cell_subsample,0.9,1,68,xenium_human_skin_melanoma,185.5247,61.0199,63.3897,6,0,1.0,0,1.0,1,1.0,1,1.0,1.7580312566708796,2.9646602470566417,6,0,0,1,1
cell_subsample,0.9,1,69,xenium_human_skin_melanoma,186.4508,62.6582,62.6582,1,1,1.0,1,1.0,1,1.0,1,1.0,1.8332580907323275,1.1367243141922494,1,1,1,1,1
cell_subsample,0.9,1,70,xenium_human_skin_melanoma,185.9685,44.7472,44.7472,1,1,1.0,1,1.0,1,1.0,1,1.0,2.3854139067542257,1.9166281105370948,1,1,1,1,1
cell_subsample,0.9,1,71,xenium_human_skin_melanoma,182.9578,64.2979,64.2995,2,1,1.0,1,1.0,1,1.0,1,1.0,2.0671797419776152,1.3204526519537976,2,1,1,1,1
cell_subsample,0.9,1,72,xenium_human_skin_melanoma,183.5284,50.1662,50.1662,1,1,1.0,1,1.0,1,1.0,1,1.0,2.317965262167407,1.4784706603071347,1,1,1,1,1
cell_subsample,0.9,1,73,xenium_human_skin_melanoma,186.9281,63.5137,63.5137,1,1,1.0,1,1.0,1,1.0,1,1.0,1.8769578063548935,1.529623671537118,1,1,1,1,1
cell_subsample,0.9,1,74,xenium_human_skin_melanoma,189.0538,68.1338,68.1338,1,1,1.0,1,1.0,1,1.0,1,1.0,1.8841779850971137,2.1625101593284093,1,1,1,1,1
cell_subsample,0.9,1,75,xenium_human_skin_melanoma,184.2177,45.6387,45.6387,1,1,1.0,1,1.0,1,1.0,1,1.0,2.371363317521839,0.8718468596918573,1,1,1,1,1
cell_subsample,0.9,1,76,xenium_human_skin_melanoma,185.097,79.5126,79.5126,1,1,1.0,1,1.0,1,1.0,1,1.0,1.6022799021856966,3.489769207920074,1,1,1,1,1
cell_subsample,0.9,1,77,xenium_human_skin_melanoma,187.188,63.9195,63.9195,1,1,1.0,1,1.0,1,1.0,1,1.0,1.8109376614359662,2.1087237195886663,1,1,1,1,1
cell_subsample,0.9,1,78,xenium_human_skin_melanoma,189.6437,48.819,51.1803,4,0,1.0,0,1.0,1,1.0,1,1.0,2.253915427966797,1.6176015342158905,4,0,0,1,1
cell_subsample,0.9,1,79,xenium_human_skin_melanoma,189.6281,83.0101,83.0101,1,1,1.0,1,1.0,1,1.0,1,1.0,1.790992339730611,2.3821229307358296,1,1,1,1,1
cell_subsample,0.9,1,80,xenium_human_skin_melanoma,184.1275,68.8877,70.35,6,0,1.0,1,1.0,1,1.0,1,1.0,1.8232236563935331,1.5768847396673689,6,0,1,1,1
cell_subsample,0.9,1,81,xenium_human_skin_melanoma,182.5724,60.1906,60.1906,1,1,1.0,1,1.0,1,1.0,1,1.0,2.2227542661992223,1.6964162422715203,1,1,1,1,1
cell_subsample,0.9,1,82,xenium_human_skin_melanoma,183.4571,58.8923,58.8923,1,1,1.0,1,1.0,1,1.0,1,1.0,1.9779678981192788,2.1577771166222366,1,1,1,1,1
cell_subsample,0.9,1,83,xenium_human_skin_melanoma,189.3623,68.1985,68.1985,1,1,1.0,1,1.0,1,1.0,1,1.0,1.7126135940505294,1.6053347077764692,1,1,1,1,1
cell_subsample,0.9,1,84,xenium_human_skin_melanoma,188.4363,39.0256,39.0256,1,1,1.0,1,1.0,1,1.0,1,1.0,2.5142874515297033,0.8569178435039618,1,1,1,1,1
cell_subsample,0.9,1,85,xenium_human_skin_melanoma,181.6509,67.798,67.798,1,1,1.0,1,1.0,1,1.0,1,1.0,1.8087932529305524,1.138418168824121,1,1,1,1,1
cell_subsample,0.9,1,86,xenium_human_skin_melanoma,187.4921,63.3089,63.3089,1,1,1.0,1,1.0,1,1.0,1,1.0,1.7476601421944826,1.5128777407693248,1,1,1,1,1
cell_subsample,0.9,1,87,xenium_human_skin_melanoma,188.1906,68.6534,70.3154,3,0,1.0,1,1.0,1,1.0,1,1.0,1.790138245654003,2.0901659628588707,3,0,1,1,1
cell_subsample,0.9,1,88,xenium_human_skin_melanoma,190.4267,50.6237,50.6237,1,1,1.0,1,1.0,1,1.0,1,1.0,2.418362108139127,2.23240681905706,1,1,1,1,1
cell_subsample,0.9,1,89,xenium_human_skin_melanoma,181.8793,73.6568,73.6568,1,1,1.0,1,1.0,1,1.0,1,1.0,1.713582842493042,2.2774138901520087,1,1,1,1,1
cell_subsample,0.9,1,90,xenium_human_skin_melanoma,181.5546,45.684,46.9059,5,0,1.0,1,1.0,1,1.0,1,1.0,2.248692689530794,1.2157294944309422,5,0,1,1,1
cell_subsample,0.9,1,91,xenium_human_skin_melanoma,180.6475,59.5937,64.5058,16,0,1.0,0,1.0,0,1.0,1,1.0,2.129660158794769,2.6529643443796456,16,0,0,0,1
cell_subsample,0.9,1,92,xenium_human_skin_melanoma,185.464,54.3021,54.3021,1,1,1.0,1,1.0,1,1.0,1,1.0,2.295216419594502,1.6774326591594482,1,1,1,1,1
cell_subsample,0.9,1,93,xenium_human_skin_melanoma,189.5005,72.689,72.689,1,1,1.0,1,1.0,1,1.0,1,1.0,1.6747479108877177,2.9452960373549457,1,1,1,1,1
cell_subsample,0.9,1,94,xenium_human_skin_melanoma,179.9724,49.5787,49.5787,1,1,1.0,1,1.0,1,1.0,1,1.0,2.389621139824463,1.3601882286562623,1,1,1,1,1
cell_subsample,0.9,1,95,xenium_human_skin_melanoma,181.5538,67.6615,67.6615,1,1,1.0,1,1.0,1,1.0,1,1.0,1.7324498118736125,1.1346466219877933,1,1,1,1,1
cell_subsample,0.9,1,96,xenium_human_skin_melanoma,181.6421,64.9754,64.9754,1,1,1.0,1,1.0,1,1.0,1,1.0,1.9777793572422213,1.7565292770991618,1,1,1,1,1
cell_subsample,0.9,1,97,xenium_human_skin_melanoma,188.3143,72.7834,72.7834,1,1,1.0,1,1.0,1,1.0,1,1.0,1.9976913036991535,1.382245492458475,1,1,1,1,1
cell_subsample,0.9,1,98,xenium_human_skin_melanoma,184.9196,65.8831,65.8831,1,1,1.0,1,1.0,1,1.0,1,1.0,1.6771626393876704,1.4541189168733781,1,1,1,1,1
cell_subsample,0.9,1,99,xenium_human_skin_melanoma,182.1228,60.4258,62.2812,5,0,1.0,0,1.0,1,1.0,1,1.0,1.975599231365688,3.617545009037065,5,0,0,1,1
cell_subsample,0.9,2,0,xenium_human_skin_melanoma,200.1015,83.9211,85.2774,2,0,1.0,1,1.0,1,1.0,1,1.0,1.827497054429943,4.406836452511803,2,0,1,1,1
cell_subsample,0.9,2,1,xenium_human_skin_melanoma,189.8389,40.2023,40.2023,1,1,1.0,1,1.0,1,1.0,1,1.0,2.3293946257487783,1.7221830565460663,1,1,1,1,1
cell_subsample,0.9,2,2,xenium_human_skin_melanoma,188.4978,70.1042,71.0099,2,0,1.0,1,1.0,1,1.0,1,1.0,1.8541125463976553,3.3302944956072498,2,0,1,1,1
cell_subsample,0.9,2,3,xenium_human_skin_melanoma,187.2689,63.359,63.359,1,1,1.0,1,1.0,1,1.0,1,1.0,2.056749879256918,2.084506268925254,1,1,1,1,1
cell_subsample,0.9,2,4,xenium_human_skin_melanoma,188.793,84.0858,84.0858,1,1,1.0,1,1.0,1,1.0,1,1.0,1.65429278714212,1.9491168848779399,1,1,1,1,1
cell_subsample,0.9,2,5,xenium_human_skin_melanoma,189.8501,64.4386,64.4386,1,1,1.0,1,1.0,1,1.0,1,1.0,2.0567830593284495,1.159907500718923,1,1,1,1,1
cell_subsample,0.9,2,6,xenium_human_skin_melanoma,188.2676,66.8199,66.8199,1,1,1.0,1,1.0,1,1.0,1,1.0,1.8953951913975724,1.7644518105949074,1,1,1,1,1
cell_subsample,0.9,2,7,xenium_human_skin_melanoma,189.6884,49.6585,49.6585,1,1,1.0,1,1.0,1,1.0,1,1.0,2.376294071328362,1.2938556144577271,1,1,1,1,1
cell_subsample,0.9,2,8,xenium_human_skin_melanoma,186.2966,46.4538,46.4538,1,1,1.0,1,1.0,1,1.0,1,1.0,2.354731318724275,1.7271458274762748,1,1,1,1,1
cell_subsample,0.9,2,9,xenium_human_skin_melanoma,186.6505,64.7292,64.9965,2,1,1.0,1,1.0,1,1.0,1,1.0,1.794985268574131,1.6740798524907015,2,1,1,1,1
cell_subsample,0.9,2,10,xenium_human_skin_melanoma,188.856,53.8101,53.8101,1,1,1.0,1,1.0,1,1.0,1,1.0,2.28527957370139,2.9452393460083166,1,1,1,1,1
cell_subsample,0.9,2,11,xenium_human_skin_melanoma,188.2664,50.4429,50.4429,1,1,1.0,1,1.0,1,1.0,1,1.0,2.1363408686092598,1.4554101331736993,1,1,1,1,1
cell_subsample,0.9,2,12,xenium_human_skin_melanoma,184.2126,52.4759,52.4759,1,1,1.0,1,1.0,1,1.0,1,1.0,2.1767741037779618,1.5420832563683973,1,1,1,1,1
cell_subsample,0.9,2,13,xenium_human_skin_melanoma,184.5999,46.3413,46.3413,1,1,1.0,1,1.0,1,1.0,1,1.0,2.317900463439474,1.613862020447288,1,1,1,1,1
cell_subsample,0.9,2,14,xenium_human_skin_melanoma,189.2046,53.8045,53.8045,1,1,1.0,1,1.0,1,1.0,1,1.0,2.192182343466675,2.3481408575743083,1,1,1,1,1
cell_subsample,0.9,2,15,xenium_human_skin_melanoma,188.4153,69.4626,69.6992,2,1,1.0,1,1.0,1,1.0,1,1.0,1.7244717612622267,3.3989395317216835,2,1,1,1,1
cell_subsample,0.9,2,16,xenium_human_skin_melanoma,187.5018,49.085,49.085,1,1,1.0,1,1.0,1,1.0,1,1.0,2.2969585685268155,2.1485549392647165,1,1,1,1,1
cell_subsample,0.9,2,17,xenium_human_skin_melanoma,188.1134,54.3104,54.3104,1,1,1.0,1,1.0,1,1.0,1,1.0,2.043322099484873,1.629103911588862,1,1,1,1,1
cell_subsample,0.9,2,18,xenium_human_skin_melanoma,184.7865,71.8933,71.8933,1,1,1.0,1,1.0,1,1.0,1,1.0,1.9976858387461953,2.4045994947645464,1,1,1,1,1
cell_subsample,0.9,2,19,xenium_human_skin_melanoma,188.7736,72.4752,72.4752,1,1,1.0,1,1.0,1,1.0,1,1.0,1.8180651311547884,2.512529958855015,1,1,1,1,1
cell_subsample,0.9,2,20,xenium_human_skin_melanoma,190.632,68.3737,68.3737,1,1,1.0,1,1.0,1,1.0,1,1.0,1.8514524805452584,1.901056505279345,1,1,1,1,1
cell_subsample,0.9,2,21,xenium_human_skin_melanoma,184.897,62.7781,62.7781,1,1,1.0,1,1.0,1,1.0,1,1.0,1.7970619506982415,1.4854832447817272,1,1,1,1,1
cell_subsample,0.9,2,22,xenium_human_skin_melanoma,186.3241,40.186,40.186,1,1,1.0,1,1.0,1,1.0,1,1.0,2.4516132240594253,1.0348121769552039,1,1,1,1,1
cell_subsample,0.9,2,23,xenium_human_skin_melanoma,187.0996,64.0478,64.0478,1,1,1.0,1,1.0,1,1.0,1,1.0,1.8340067892875989,2.053065553106657,1,1,1,1,1
cell_subsample,0.9,2,24,xenium_human_skin_melanoma,192.7381,76.4336,76.4336,1,1,1.0,1,1.0,1,1.0,1,1.0,1.7012359523453695,1.3462165381860605,1,1,1,1,1
cell_subsample,0.9,2,25,xenium_human_skin_melanoma,189.7856,49.6209,50.0913,2,1,1.0,1,1.0,1,1.0,1,1.0,2.223559566052989,1.7702239870791703,2,1,1,1,1
cell_subsample,0.9,2,26,xenium_human_skin_melanoma,185.6696,39.1867,39.1867,1,1,1.0,1,1.0,1,1.0,1,1.0,2.4561241523726247,1.499472534770534,1,1,1,1,1
cell_subsample,0.9,2,27,xenium_human_skin_melanoma,188.0598,75.8682,75.8682,1,1,1.0,1,1.0,1,1.0,1,1.0,1.8922399617717858,1.5309723337814454,1,1,1,1,1
cell_subsample,0.9,2,28,xenium_human_skin_melanoma,187.8032,58.5483,58.5483,1,1,1.0,1,1.0,1,1.0,1,1.0,2.2025072010198183,2.2971437152702396,1,1,1,1,1
cell_subsample,0.9,2,29,xenium_human_skin_melanoma,190.8408,63.8401,63.8401,1,1,1.0,1,1.0,1,1.0,1,1.0,1.8967909013477149,1.617230467092073,1,1,1,1,1
cell_subsample,0.9,2,30,xenium_human_skin_melanoma,184.8507,60.3228,61.6435,2,0,1.0,1,1.0,1,1.0,1,1.0,2.087298966293176,2.126388712460665,2,0,1,1,1
cell_subsample,0.9,2,31,xenium_human_skin_melanoma,184.6645,69.0365,69.5515,3,1,1.0,1,1.0,1,1.0,1,1.0,1.7186750075887227,2.3601005334902014,3,1,1,1,1
cell_subsample,0.9,2,32,xenium_human_skin_melanoma,186.0218,68.5486,70.7992,5,0,1.0,0,1.0,1,1.0,1,1.0,1.798430335883593,3.325179144481229,5,0,0,1,1
cell_subsample,0.9,2,33,xenium_human_skin_melanoma,187.5986,83.0616,83.0616,1,1,1.0,1,1.0,1,1.0,1,1.0,1.7479370982033278,2.3842492797658466,1,1,1,1,1
cell_subsample,0.9,2,34,xenium_human_skin_melanoma,188.557,62.4036,62.4036,1,1,1.0,1,1.0,1,1.0,1,1.0,1.8670357939055249,1.510530400608834,1,1,1,1,1
cell_subsample,0.9,2,35,xenium_human_skin_melanoma,183.4771,62.8477,65.8342,4,0,1.0,0,1.0,1,1.0,1,1.0,1.8208364478352628,3.1654253354678485,4,0,0,1,1
cell_subsample,0.9,2,36,xenium_human_skin_melanoma,187.4782,53.6544,54.4471,4,0,1.0,1,1.0,1,1.0,1,1.0,2.198014424157516,2.5176092603891327,4,0,1,1,1
cell_subsample,0.9,2,37,xenium_human_skin_melanoma,189.2574,58.6333,58.6333,1,1,1.0,1,1.0,1,1.0,1,1.0,1.8610645520911415,1.0898976981633341,1,1,1,1,1
cell_subsample,0.9,2,38,xenium_human_skin_melanoma,187.4348,53.152,53.2726,2,1,1.0,1,1.0,1,1.0,1,1.0,2.289095867458226,2.4709890320028216,2,1,1,1,1
cell_subsample,0.9,2,39,xenium_human_skin_melanoma,186.1359,62.148,62.148,1,1,1.0,1,1.0,1,1.0,1,1.0,2.003749008876411,1.7935506745642156,1,1,1,1,1
cell_subsample,0.9,2,40,xenium_human_skin_melanoma,185.0461,65.1238,65.2975,2,1,1.0,1,1.0,1,1.0,1,1.0,1.7492397087762896,2.6229257843037344,2,1,1,1,1
cell_subsample,0.9,2,41,xenium_human_skin_melanoma,185.1654,60.9975,60.9975,1,1,1.0,1,1.0,1,1.0,1,1.0,1.8956733184677659,1.8314065346436639,1,1,1,1,1
cell_subsample,0.9,2,42,xenium_human_skin_melanoma,190.0722,69.1273,69.1273,1,1,1.0,1,1.0,1,1.0,1,1.0,1.8140421450699984,1.8295998997127383,1,1,1,1,1
cell_subsample,0.9,2,43,xenium_human_skin_melanoma,189.9898,74.4888,74.4888,1,1,1.0,1,1.0,1,1.0,1,1.0,1.6916223193843554,2.7991544082989397,1,1,1,1,1
cell_subsample,0.9,2,44,xenium_human_skin_melanoma,183.2521,47.046,47.046,1,1,1.0,1,1.0,1,1.0,1,1.0,2.2052022035357695,1.5628953945593802,1,1,1,1,1
cell_subsample,0.9,2,45,xenium_human_skin_melanoma,187.105,46.5023,46.5023,1,1,1.0,1,1.0,1,1.0,1,1.0,2.4984952988956777,1.1325662174829338,1,1,1,1,1
cell_subsample,0.9,2,46,xenium_human_skin_melanoma,185.0416,56.0438,56.0438,1,1,1.0,1,1.0,1,1.0,1,1.0,2.2671620835836563,1.5324004346871358,1,1,1,1,1
cell_subsample,0.9,2,47,xenium_human_skin_melanoma,189.9104,59.2963,59.2963,1,1,1.0,1,1.0,1,1.0,1,1.0,2.15481279996171,0.8217834974156516,1,1,1,1,1
cell_subsample,0.9,2,48,xenium_human_skin_melanoma,189.9418,60.4399,62.5806,5,0,1.0,0,1.0,1,1.0,1,1.0,1.8974447439337834,2.221175516166271,5,0,0,1,1
cell_subsample,0.9,2,49,xenium_human_skin_melanoma,185.0226,38.1504,38.1504,1,1,1.0,1,1.0,1,1.0,1,1.0,2.502617239664389,1.6465389646565745,1,1,1,1,1
cell_subsample,0.9,2,50,xenium_human_skin_melanoma,184.8046,76.516,76.516,1,1,1.0,1,1.0,1,1.0,1,1.0,1.8100722470996593,1.1322883867324747,1,1,1,1,1
cell_subsample,0.9,2,51,xenium_human_skin_melanoma,188.7812,63.975,63.975,1,1,1.0,1,1.0,1,1.0,1,1.0,1.861215619005057,1.540974183244374,1,1,1,1,1
cell_subsample,0.9,2,52,xenium_human_skin_melanoma,191.7457,66.8047,66.8047,1,1,1.0,1,1.0,1,1.0,1,1.0,1.759886803377075,1.3730006916976578,1,1,1,1,1
cell_subsample,0.9,2,53,xenium_human_skin_melanoma,184.7626,46.4432,46.4432,1,1,1.0,1,1.0,1,1.0,1,1.0,2.2124659067247636,0.4813186104472464,1,1,1,1,1
cell_subsample,0.9,2,54,xenium_human_skin_melanoma,181.8204,68.5447,69.6836,2,0,1.0,1,1.0,1,1.0,1,1.0,1.6467794527090716,2.49419382231926,2,0,1,1,1
cell_subsample,0.9,2,55,xenium_human_skin_melanoma,184.6514,75.1212,75.1212,1,1,1.0,1,1.0,1,1.0,1,1.0,1.9797153168276587,2.0407310678264388,1,1,1,1,1
cell_subsample,0.9,2,56,xenium_human_skin_melanoma,187.0404,62.675,62.675,1,1,1.0,1,1.0,1,1.0,1,1.0,1.7312650881430343,2.2245224797262764,1,1,1,1,1
cell_subsample,0.9,2,57,xenium_human_skin_melanoma,190.7886,57.5523,57.5523,1,1,1.0,1,1.0,1,1.0,1,1.0,1.9187830431128021,1.7486254264923426,1,1,1,1,1
cell_subsample,0.9,2,58,xenium_human_skin_melanoma,184.6624,56.694,56.694,1,1,1.0,1,1.0,1,1.0,1,1.0,1.9557665267266495,2.8405989578100743,1,1,1,1,1
cell_subsample,0.9,2,59,xenium_human_skin_melanoma,183.032,67.8561,67.8561,1,1,1.0,1,1.0,1,1.0,1,1.0,1.81246667720291,2.9714349612181903,1,1,1,1,1
cell_subsample,0.9,2,60,xenium_human_skin_melanoma,184.878,62.2396,62.2396,1,1,1.0,1,1.0,1,1.0,1,1.0,2.0991907039301876,1.7842302532370726,1,1,1,1,1
cell_subsample,0.9,2,61,xenium_human_skin_melanoma,190.1883,67.5106,68.1808,2,1,1.0,1,1.0,1,1.0,1,1.0,1.8653929900109159,2.3678398039738475,2,1,1,1,1
cell_subsample,0.9,2,62,xenium_human_skin_melanoma,186.3857,45.8507,47.6966,2,0,1.0,0,1.0,1,1.0,1,1.0,2.2446378896127115,1.2659310984160146,2,0,0,1,1
cell_subsample,0.9,2,63,xenium_human_skin_melanoma,183.9951,62.6842,62.6842,1,1,1.0,1,1.0,1,1.0,1,1.0,1.7529191835322795,1.7266922262902185,1,1,1,1,1
cell_subsample,0.9,2,64,xenium_human_skin_melanoma,184.699,48.5487,49.4361,3,0,1.0,1,1.0,1,1.0,1,1.0,2.2721316775915605,1.4757475726107836,3,0,1,1,1
cell_subsample,0.9,2,65,xenium_human_skin_melanoma,186.0576,67.9502,67.9502,1,1,1.0,1,1.0,1,1.0,1,1.0,1.6984166221496197,0.8238743352501523,1,1,1,1,1
cell_subsample,0.9,2,66,xenium_human_skin_melanoma,189.8664,99.9851,99.9851,1,1,1.0,1,1.0,1,1.0,1,1.0,1.4551862042476282,4.914903287381029,1,1,1,1,1
cell_subsample,0.9,2,67,xenium_human_skin_melanoma,189.5441,60.9133,60.9133,1,1,1.0,1,1.0,1,1.0,1,1.0,1.750958436481639,0.8043100622134024,1,1,1,1,1
cell_subsample,0.9,2,68,xenium_human_skin_melanoma,186.369,61.0199,61.0199,1,1,1.0,1,1.0,1,1.0,1,1.0,1.7299482296570028,1.5708507398355922,1,1,1,1,1
cell_subsample,0.9,2,69,xenium_human_skin_melanoma,185.5562,62.6582,62.6582,1,1,1.0,1,1.0,1,1.0,1,1.0,1.8719409795392792,1.6146808816716536,1,1,1,1,1
cell_subsample,0.9,2,70,xenium_human_skin_melanoma,188.4676,44.7472,44.7472,1,1,1.0,1,1.0,1,1.0,1,1.0,2.357550063389351,1.4706155533366538,1,1,1,1,1
cell_subsample,0.9,2,71,xenium_human_skin_melanoma,189.4277,64.2979,64.2995,2,1,1.0,1,1.0,1,1.0,1,1.0,2.0927073179528657,2.0502377860995855,2,1,1,1,1
cell_subsample,0.9,2,72,xenium_human_skin_melanoma,185.9552,50.1662,50.7403,3,1,1.0,1,1.0,1,1.0,1,1.0,2.354115340455131,1.8085394434579989,3,1,1,1,1
cell_subsample,0.9,2,73,xenium_human_skin_melanoma,185.7549,63.5137,63.5137,1,1,1.0,1,1.0,1,1.0,1,1.0,1.871515493916106,1.7000947245439733,1,1,1,1,1
cell_subsample,0.9,2,74,xenium_human_skin_melanoma,184.0176,68.1338,68.1367,2,1,1.0,1,1.0,1,1.0,1,1.0,1.8207698925153077,1.423815878890652,2,1,1,1,1
cell_subsample,0.9,2,75,xenium_human_skin_melanoma,185.028,45.6387,45.6387,1,1,1.0,1,1.0,1,1.0,1,1.0,2.364482356216809,1.0612271962326496,1,1,1,1,1
cell_subsample,0.9,2,76,xenium_human_skin_melanoma,189.4319,79.5126,79.5126,1,1,1.0,1,1.0,1,1.0,1,1.0,1.6008780441634765,3.0621957363707297,1,1,1,1,1
cell_subsample,0.9,2,77,xenium_human_skin_melanoma,184.5938,63.9195,63.9195,1,1,1.0,1,1.0,1,1.0,1,1.0,1.8243072784943848,2.7523106685851504,1,1,1,1,1
cell_subsample,0.9,2,78,xenium_human_skin_melanoma,184.1723,48.819,48.819,1,1,1.0,1,1.0,1,1.0,1,1.0,2.2251217618914647,0.5262558664974922,1,1,1,1,1
cell_subsample,0.9,2,79,xenium_human_skin_melanoma,182.8646,83.0101,83.0101,1,1,1.0,1,1.0,1,1.0,1,1.0,1.8240051446665535,4.019328691518397,1,1,1,1,1
cell_subsample,0.9,2,80,xenium_human_skin_melanoma,190.0873,68.8877,68.8877,1,1,1.0,1,1.0,1,1.0,1,1.0,1.7897839995961777,0.9818851465300414,1,1,1,1,1
cell_subsample,0.9,2,81,xenium_human_skin_melanoma,191.5011,60.1906,60.1906,1,1,1.0,1,1.0,1,1.0,1,1.0,2.2301725494861766,1.9914530969164548,1,1,1,1,1
cell_subsample,0.9,2,82,xenium_human_skin_melanoma,182.0503,58.8923,58.8923,1,1,1.0,1,1.0,1,1.0,1,1.0,1.9567675890024543,1.7146365891922724,1,1,1,1,1
cell_subsample,0.9,2,83,xenium_human_skin_melanoma,184.786,68.1985,70.0866,2,0,1.0,0,1.0,1,1.0,1,1.0,1.7466992863582989,2.32158614216217,2,0,0,1,1
cell_subsample,0.9,2,84,xenium_human_skin_melanoma,186.2267,39.0256,39.0256,1,1,1.0,1,1.0,1,1.0,1,1.0,2.5500046274723824,1.0879915936012075,1,1,1,1,1
cell_subsample,0.9,2,85,xenium_human_skin_melanoma,191.0428,67.798,67.798,1,1,1.0,1,1.0,1,1.0,1,1.0,1.9004430513389137,2.3518634383414776,1,1,1,1,1
cell_subsample,0.9,2,86,xenium_human_skin_melanoma,183.6219,63.3089,63.3089,1,1,1.0,1,1.0,1,1.0,1,1.0,1.707590911928174,1.6068609027017084,1,1,1,1,1
cell_subsample,0.9,2,87,xenium_human_skin_melanoma,182.9368,68.6534,68.6534,1,1,1.0,1,1.0,1,1.0,1,1.0,1.7549847405735823,1.1108910311161468,1,1,1,1,1
cell_subsample,0.9,2,88,xenium_human_skin_melanoma,182.8615,50.6237,50.6237,1,1,1.0,1,1.0,1,1.0,1,1.0,2.3995835538903445,2.419138001548732,1,1,1,1,1
cell_subsample,0.9,2,89,xenium_human_skin_melanoma,186.7839,73.6568,73.6568,1,1,1.0,1,1.0,1,1.0,1,1.0,1.705501152952342,2.8420051120879752,1,1,1,1,1
cell_subsample,0.9,2,90,xenium_human_skin_melanoma,188.1864,45.684,45.684,1,1,1.0,1,1.0,1,1.0,1,1.0,2.19892668094775,0.9158834825984705,1,1,1,1,1
cell_subsample,0.9,2,91,xenium_human_skin_melanoma,182.6134,59.5937,59.5937,1,1,1.0,1,1.0,1,1.0,1,1.0,2.150582145664509,2.2886168433752743,1,1,1,1,1
cell_subsample,0.9,2,92,xenium_human_skin_melanoma,183.282,54.3021,54.3021,1,1,1.0,1,1.0,1,1.0,1,1.0,2.2751994679700163,1.6155494876580008,1,1,1,1,1
cell_subsample,0.9,2,93,xenium_human_skin_melanoma,184.9926,72.689,72.689,1,1,1.0,1,1.0,1,1.0,1,1.0,1.708276177993752,2.944521168902247,1,1,1,1,1
cell_subsample,0.9,2,94,xenium_human_skin_melanoma,188.3831,49.5787,49.5787,1,1,1.0,1,1.0,1,1.0,1,1.0,2.3308740665853156,1.4263246557703935,1,1,1,1,1
cell_subsample,0.9,2,95,xenium_human_skin_melanoma,184.379,67.6615,68.4146,2,0,1.0,1,1.0,1,1.0,1,1.0,1.763441364922592,2.1149666162267398,2,0,1,1,1
cell_subsample,0.9,2,96,xenium_human_skin_melanoma,181.5942,64.9754,64.9754,1,1,1.0,1,1.0,1,1.0,1,1.0,2.007397840860457,1.588128965341648,1,1,1,1,1
cell_subsample,0.9,2,97,xenium_human_skin_melanoma,182.6793,72.7834,72.7834,1,1,1.0,1,1.0,1,1.0,1,1.0,2.0140104339398612,2.127185691997909,1,1,1,1,1
cell_subsample,0.9,2,98,xenium_human_skin_melanoma,185.1019,65.8831,70.2589,10,0,1.0,0,1.0,0,1.0,1,1.0,1.722353116106473,1.8864635854994747,10,0,0,0,1
cell_subsample,0.9,2,99,xenium_human_skin_melanoma,183.7448,60.4258,61.2484,2,0,1.0,1,1.0,1,1.0,1,1.0,1.9994849793307865,2.7585638306115974,2,0,1,1,1
cell_subsample,0.9,3,0,xenium_human_skin_melanoma,205.4305,83.9211,83.9211,1,1,1.0,1,1.0,1,1.0,1,1.0,1.7652830540695004,1.5861419411439426,1,1,1,1,1
cell_subsample,0.9,3,1,xenium_human_skin_melanoma,193.2823,40.2023,40.2023,1,1,1.0,1,1.0,1,1.0,1,1.0,2.2893650163914163,1.5026174779033636,1,1,1,1,1
cell_subsample,0.9,3,2,xenium_human_skin_melanoma,191.3255,70.1042,71.0099,2,0,1.0,1,1.0,1,1.0,1,1.0,1.8373417768303317,2.729004611113543,2,0,1,1,1
cell_subsample,0.9,3,3,xenium_human_skin_melanoma,189.35,63.359,65.9825,2,0,1.0,0,1.0,1,1.0,1,1.0,2.0688367937852936,2.878372203710759,2,0,0,1,1
cell_subsample,0.9,3,4,xenium_human_skin_melanoma,187.7127,84.0858,84.0858,1,1,1.0,1,1.0,1,1.0,1,1.0,1.6715534507067669,1.8966359041809817,1,1,1,1,1
cell_subsample,0.9,3,5,xenium_human_skin_melanoma,186.7057,64.4386,64.4386,1,1,1.0,1,1.0,1,1.0,1,1.0,2.052924412186188,3.950887754870185,1,1,1,1,1
cell_subsample,0.9,3,6,xenium_human_skin_melanoma,185.2301,66.8199,66.8199,1,1,1.0,1,1.0,1,1.0,1,1.0,1.908885037421071,2.3580207894664524,1,1,1,1,1
cell_subsample,0.9,3,7,xenium_human_skin_melanoma,186.0066,49.6585,49.6585,1,1,1.0,1,1.0,1,1.0,1,1.0,2.4082357454845007,0.9779211892895149,1,1,1,1,1
cell_subsample,0.9,3,8,xenium_human_skin_melanoma,189.6505,46.4538,46.4538,1,1,1.0,1,1.0,1,1.0,1,1.0,2.356111804876891,0.7419797071210408,1,1,1,1,1
cell_subsample,0.9,3,9,xenium_human_skin_melanoma,187.1465,64.7292,64.7292,1,1,1.0,1,1.0,1,1.0,1,1.0,1.7967180490156585,1.7542705829423753,1,1,1,1,1
cell_subsample,0.9,3,10,xenium_human_skin_melanoma,188.0054,53.8101,53.9059,2,1,1.0,1,1.0,1,1.0,1,1.0,2.303764191551779,2.3139607841056136,2,1,1,1,1
cell_subsample,0.9,3,11,xenium_human_skin_melanoma,185.3458,50.4429,50.4429,1,1,1.0,1,1.0,1,1.0,1,1.0,2.1570799747317917,1.5250267657533967,1,1,1,1,1
cell_subsample,0.9,3,12,xenium_human_skin_melanoma,189.031,52.4759,52.4759,1,1,1.0,1,1.0,1,1.0,1,1.0,2.1981153306103507,1.9910495929514047,1,1,1,1,1
cell_subsample,0.9,3,13,xenium_human_skin_melanoma,191.448,46.3413,46.3413,1,1,1.0,1,1.0,1,1.0,1,1.0,2.240323504429115,1.3014807907299204,1,1,1,1,1
cell_subsample,0.9,3,14,xenium_human_skin_melanoma,184.7644,53.8045,53.8045,1,1,1.0,1,1.0,1,1.0,1,1.0,2.2002095786546843,1.7051017517331426,1,1,1,1,1
cell_subsample,0.9,3,15,xenium_human_skin_melanoma,186.916,69.4626,69.4626,1,1,1.0,1,1.0,1,1.0,1,1.0,1.726971586886814,2.8384339266193215,1,1,1,1,1
cell_subsample,0.9,3,16,xenium_human_skin_melanoma,185.4956,49.085,49.085,1,1,1.0,1,1.0,1,1.0,1,1.0,2.310539562158581,1.6785672187964658,1,1,1,1,1
cell_subsample,0.9,3,17,xenium_human_skin_melanoma,189.5647,54.3104,54.3104,1,1,1.0,1,1.0,1,1.0,1,1.0,2.0837686066821877,1.4753708129358012,1,1,1,1,1
cell_subsample,0.9,3,18,xenium_human_skin_melanoma,188.7272,71.8933,71.8933,1,1,1.0,1,1.0,1,1.0,1,1.0,2.0554480493915213,2.3385455675977447,1,1,1,1,1
cell_subsample,0.9,3,19,xenium_human_skin_melanoma,185.616,72.4752,72.4752,1,1,1.0,1,1.0,1,1.0,1,1.0,1.8932753751804705,1.7753145891200326,1,1,1,1,1
cell_subsample,0.9,3,20,xenium_human_skin_melanoma,187.7026,68.3737,69.4877,4,0,1.0,1,1.0,1,1.0,1,1.0,1.838630725020898,1.6799022476936554,4,0,1,1,1
cell_subsample,0.9,3,21,xenium_human_skin_melanoma,188.9936,62.7781,62.7781,1,1,1.0,1,1.0,1,1.0,1,1.0,1.8570056534583403,1.5672920689851066,1,1,1,1,1
cell_subsample,0.9,3,22,xenium_human_skin_melanoma,190.5505,40.186,40.186,1,1,1.0,1,1.0,1,1.0,1,1.0,2.561920762220815,0.972024748308242,1,1,1,1,1
cell_subsample,0.9,3,23,xenium_human_skin_melanoma,185.8544,64.0478,64.0478,1,1,1.0,1,1.0,1,1.0,1,1.0,1.85278085446788,2.694277591917792,1,1,1,1,1
cell_subsample,0.9,3,24,xenium_human_skin_melanoma,184.1284,76.4336,78.1574,4,0,1.0,1,1.0,1,1.0,1,1.0,1.7242730711868184,2.1645664116991563,4,0,1,1,1
cell_subsample,0.9,3,25,xenium_human_skin_melanoma,183.7261,49.6209,49.6209,1,1,1.0,1,1.0,1,1.0,1,1.0,2.2828127329714434,1.4081717975977184,1,1,1,1,1
cell_subsample,0.9,3,26,xenium_human_skin_melanoma,185.9331,39.1867,39.1867,1,1,1.0,1,1.0,1,1.0,1,1.0,2.423388888976201,1.4855766541113455,1,1,1,1,1
cell_subsample,0.9,3,27,xenium_human_skin_melanoma,189.1064,75.8682,75.8682,1,1,1.0,1,1.0,1,1.0,1,1.0,1.9467206633426126,4.051129456910016,1,1,1,1,1
cell_subsample,0.9,3,28,xenium_human_skin_melanoma,185.3388,58.5483,60.4985,4,0,1.0,0,1.0,1,1.0,1,1.0,2.1642646312797833,1.7039813870203415,4,0,0,1,1
cell_subsample,0.9,3,29,xenium_human_skin_melanoma,185.6302,63.8401,63.8401,1,1,1.0,1,1.0,1,1.0,1,1.0,1.887995645092189,1.6417917666882726,1,1,1,1,1
cell_subsample,0.9,3,30,xenium_human_skin_melanoma,186.0262,60.3228,60.3228,1,1,1.0,1,1.0,1,1.0,1,1.0,2.02365334343458,2.1310356648824813,1,1,1,1,1
cell_subsample,0.9,3,31,xenium_human_skin_melanoma,189.6656,69.0365,69.5515,3,1,1.0,1,1.0,1,1.0,1,1.0,1.767114008487384,2.0229669019075365,3,1,1,1,1
cell_subsample,0.9,3,32,xenium_human_skin_melanoma,187.2741,68.5486,70.7992,5,0,1.0,0,1.0,1,1.0,1,1.0,1.7166500473408235,3.1008862483931723,5,0,0,1,1
cell_subsample,0.9,3,33,xenium_human_skin_melanoma,183.8845,83.0616,83.0616,1,1,1.0,1,1.0,1,1.0,1,1.0,1.7548408952046473,1.9294890578944834,1,1,1,1,1
cell_subsample,0.9,3,34,xenium_human_skin_melanoma,184.8434,62.4036,62.4036,1,1,1.0,1,1.0,1,1.0,1,1.0,1.902139724055539,1.86295782861552,1,1,1,1,1
cell_subsample,0.9,3,35,xenium_human_skin_melanoma,187.6377,62.8477,63.8118,2,0,1.0,1,1.0,1,1.0,1,1.0,1.8218014023861653,3.2723644429521856,2,0,1,1,1
cell_subsample,0.9,3,36,xenium_human_skin_melanoma,190.1017,53.6544,53.6544,1,1,1.0,1,1.0,1,1.0,1,1.0,2.1961711735954763,1.4540886643278377,1,1,1,1,1
cell_subsample,0.9,3,37,xenium_human_skin_melanoma,187.1336,58.6333,58.6333,1,1,1.0,1,1.0,1,1.0,1,1.0,1.8980113424494125,1.0098152187489653,1,1,1,1,1
cell_subsample,0.9,3,38,xenium_human_skin_melanoma,187.2731,53.152,53.2726,2,1,1.0,1,1.0,1,1.0,1,1.0,2.3399704807842157,2.1218419765622456,2,1,1,1,1
cell_subsample,0.9,3,39,xenium_human_skin_melanoma,184.0456,62.148,66.0853,7,0,1.0,0,1.0,0,1.0,1,1.0,2.102223557645089,2.7414384707856394,7,0,0,0,1
cell_subsample,0.9,3,40,xenium_human_skin_melanoma,187.5931,65.1238,69.5212,12,0,1.0,0,1.0,0,1.0,1,1.0,1.8453323187627646,3.4852024311162326,12,0,0,0,1
cell_subsample,0.9,3,41,xenium_human_skin_melanoma,187.0898,60.9975,60.9975,1,1,1.0,1,1.0,1,1.0,1,1.0,1.9093253564879877,1.4598006692997076,1,1,1,1,1
cell_subsample,0.9,3,42,xenium_human_skin_melanoma,181.7836,69.1273,72.3851,17,0,1.0,0,1.0,1,1.0,1,1.0,1.8234180525773314,2.510696730094958,17,0,0,1,1
cell_subsample,0.9,3,43,xenium_human_skin_melanoma,186.7377,74.4888,74.4888,1,1,1.0,1,1.0,1,1.0,1,1.0,1.7130154632698473,2.7385442309671824,1,1,1,1,1
cell_subsample,0.9,3,44,xenium_human_skin_melanoma,185.6349,47.046,47.046,1,1,1.0,1,1.0,1,1.0,1,1.0,2.1998889030221735,2.1238236171351,1,1,1,1,1
cell_subsample,0.9,3,45,xenium_human_skin_melanoma,189.9488,46.5023,46.5023,1,1,1.0,1,1.0,1,1.0,1,1.0,2.485850959165567,1.9049839920628915,1,1,1,1,1
cell_subsample,0.9,3,46,xenium_human_skin_melanoma,187.4005,56.0438,56.0438,1,1,1.0,1,1.0,1,1.0,1,1.0,2.2123923250367197,1.0320948303842288,1,1,1,1,1
cell_subsample,0.9,3,47,xenium_human_skin_melanoma,183.1777,59.2963,59.2963,1,1,1.0,1,1.0,1,1.0,1,1.0,2.172706812538832,2.6793230531945404,1,1,1,1,1
cell_subsample,0.9,3,48,xenium_human_skin_melanoma,183.3878,60.4399,60.4399,1,1,1.0,1,1.0,1,1.0,1,1.0,1.9059454782602412,2.0712886197019786,1,1,1,1,1
cell_subsample,0.9,3,49,xenium_human_skin_melanoma,188.4669,38.1504,38.1504,1,1,1.0,1,1.0,1,1.0,1,1.0,2.5012369486886645,1.5113173693925759,1,1,1,1,1
cell_subsample,0.9,3,50,xenium_human_skin_melanoma,190.3499,76.516,76.6887,2,1,1.0,1,1.0,1,1.0,1,1.0,1.8525372737074581,3.1480967414775822,2,1,1,1,1
cell_subsample,0.9,3,51,xenium_human_skin_melanoma,185.2846,63.975,63.975,1,1,1.0,1,1.0,1,1.0,1,1.0,1.8172822766435284,1.319814955086935,1,1,1,1,1
cell_subsample,0.9,3,52,xenium_human_skin_melanoma,185.4869,66.8047,66.8047,1,1,1.0,1,1.0,1,1.0,1,1.0,1.7789643686234269,1.268387253684941,1,1,1,1,1
cell_subsample,0.9,3,53,xenium_human_skin_melanoma,183.188,46.4432,48.6564,3,0,1.0,0,1.0,1,1.0,1,1.0,2.254489638381189,1.0213756566062036,3,0,0,1,1
cell_subsample,0.9,3,54,xenium_human_skin_melanoma,187.4063,68.5447,69.6836,2,0,1.0,1,1.0,1,1.0,1,1.0,1.6328726112571743,2.308181770332617,2,0,1,1,1
cell_subsample,0.9,3,55,xenium_human_skin_melanoma,187.4264,75.1212,75.1212,1,1,1.0,1,1.0,1,1.0,1,1.0,1.9818612867482033,1.890851556046405,1,1,1,1,1
cell_subsample,0.9,3,56,xenium_human_skin_melanoma,184.3911,62.675,62.675,1,1,1.0,1,1.0,1,1.0,1,1.0,1.7428859202548335,1.9547703276437827,1,1,1,1,1
cell_subsample,0.9,3,57,xenium_human_skin_melanoma,185.376,57.5523,57.5523,1,1,1.0,1,1.0,1,1.0,1,1.0,1.8801179154029644,1.4228795964945173,1,1,1,1,1
cell_subsample,0.9,3,58,xenium_human_skin_melanoma,184.441,56.694,56.694,1,1,1.0,1,1.0,1,1.0,1,1.0,1.8996039858829408,1.2219516281616982,1,1,1,1,1
cell_subsample,0.9,3,59,xenium_human_skin_melanoma,188.3625,67.8561,67.8561,1,1,1.0,1,1.0,1,1.0,1,1.0,1.7209267633843865,2.1698755808364294,1,1,1,1,1
cell_subsample,0.9,3,60,xenium_human_skin_melanoma,186.7095,62.2396,62.2396,1,1,1.0,1,1.0,1,1.0,1,1.0,2.0966065618885312,2.393611685823676,1,1,1,1,1
cell_subsample,0.9,3,61,xenium_human_skin_melanoma,181.1812,67.5106,67.5106,1,1,1.0,1,1.0,1,1.0,1,1.0,1.8751325120668596,2.6457131802761107,1,1,1,1,1
cell_subsample,0.9,3,62,xenium_human_skin_melanoma,180.619,45.8507,45.8507,1,1,1.0,1,1.0,1,1.0,1,1.0,2.2746834202692505,2.2526234070220754,1,1,1,1,1
cell_subsample,0.9,3,63,xenium_human_skin_melanoma,184.6522,62.6842,62.6842,1,1,1.0,1,1.0,1,1.0,1,1.0,1.7900562713596302,3.5288603809325814,1,1,1,1,1
cell_subsample,0.9,3,64,xenium_human_skin_melanoma,188.9555,48.5487,49.7662,4,0,1.0,1,1.0,1,1.0,1,1.0,2.3565015731289445,1.6594216738225023,4,0,1,1,1
cell_subsample,0.9,3,65,xenium_human_skin_melanoma,184.7591,67.9502,68.0634,2,1,1.0,1,1.0,1,1.0,1,1.0,1.7171288162553389,1.6027755068995904,2,1,1,1,1
cell_subsample,0.9,3,66,xenium_human_skin_melanoma,180.1245,99.9851,99.9851,1,1,1.0,1,1.0,1,1.0,1,1.0,1.4472265978524765,3.3383531549340426,1,1,1,1,1
cell_subsample,0.9,3,67,xenium_human_skin_melanoma,180.534,60.9133,60.9133,1,1,1.0,1,1.0,1,1.0,1,1.0,1.7809272626198724,1.2523950126109482,1,1,1,1,1
cell_subsample,0.9,3,68,xenium_human_skin_melanoma,186.8905,61.0199,61.0199,1,1,1.0,1,1.0,1,1.0,1,1.0,1.7085812394749538,2.354698938395532,1,1,1,1,1
cell_subsample,0.9,3,69,xenium_human_skin_melanoma,188.4018,62.6582,62.6582,1,1,1.0,1,1.0,1,1.0,1,1.0,1.8376175617778285,1.3017171502952942,1,1,1,1,1
cell_subsample,0.9,3,70,xenium_human_skin_melanoma,185.3824,44.7472,44.7472,1,1,1.0,1,1.0,1,1.0,1,1.0,2.387710358058012,0.8810708045407364,1,1,1,1,1
cell_subsample,0.9,3,71,xenium_human_skin_melanoma,186.4388,64.2979,64.2979,1,1,1.0,1,1.0,1,1.0,1,1.0,2.0665087238251063,1.12843577637024,1,1,1,1,1
cell_subsample,0.9,3,72,xenium_human_skin_melanoma,185.8616,50.1662,50.1662,1,1,1.0,1,1.0,1,1.0,1,1.0,2.31234982782598,2.312754815949144,1,1,1,1,1
cell_subsample,0.9,3,73,xenium_human_skin_melanoma,189.1671,63.5137,63.5137,1,1,1.0,1,1.0,1,1.0,1,1.0,1.8404614842618903,2.0930245587560443,1,1,1,1,1
cell_subsample,0.9,3,74,xenium_human_skin_melanoma,185.741,68.1338,68.1367,2,1,1.0,1,1.0,1,1.0,1,1.0,1.8583763807663882,1.4989220775985572,2,1,1,1,1
cell_subsample,0.9,3,75,xenium_human_skin_melanoma,183.2338,45.6387,46.4304,2,0,1.0,1,1.0,1,1.0,1,1.0,2.3346971915333494,1.1618098861629558,2,0,1,1,1
cell_subsample,0.9,3,76,xenium_human_skin_melanoma,182.8382,79.5126,81.8202,8,0,1.0,0,1.0,1,1.0,1,1.0,1.6169845291810434,4.400146569009388,8,0,0,1,1
cell_subsample,0.9,3,77,xenium_human_skin_melanoma,183.4885,63.9195,63.9195,1,1,1.0,1,1.0,1,1.0,1,1.0,1.823329832622435,2.3873306984873444,1,1,1,1,1
cell_subsample,0.9,3,78,xenium_human_skin_melanoma,185.4947,48.819,49.3561,3,1,1.0,1,1.0,1,1.0,1,1.0,2.2620679667190617,0.7541606793228047,3,1,1,1,1
cell_subsample,0.9,3,79,xenium_human_skin_melanoma,183.0909,83.0101,83.0101,1,1,1.0,1,1.0,1,1.0,1,1.0,1.7985056741636594,2.4198762088031747,1,1,1,1,1
cell_subsample,0.9,3,80,xenium_human_skin_melanoma,182.632,68.8877,68.8877,1,1,1.0,1,1.0,1,1.0,1,1.0,1.8039233943141348,0.803566172455635,1,1,1,1,1
cell_subsample,0.9,3,81,xenium_human_skin_melanoma,181.6792,60.1906,60.1906,1,1,1.0,1,1.0,1,1.0,1,1.0,2.2145529332241165,0.7642446658343824,1,1,1,1,1
cell_subsample,0.9,3,82,xenium_human_skin_melanoma,185.9875,58.8923,58.8923,1,1,1.0,1,1.0,1,1.0,1,1.0,1.9934536230338633,2.156360407795039,1,1,1,1,1
cell_subsample,0.9,3,83,xenium_human_skin_melanoma,185.9813,68.1985,68.1985,1,1,1.0,1,1.0,1,1.0,1,1.0,1.70116588384137,1.2197333154882548,1,1,1,1,1
cell_subsample,0.9,3,84,xenium_human_skin_melanoma,182.4704,39.0256,39.0256,1,1,1.0,1,1.0,1,1.0,1,1.0,2.5155039890935735,0.7991477924257311,1,1,1,1,1
cell_subsample,0.9,3,85,xenium_human_skin_melanoma,183.7405,67.798,70.369,2,0,1.0,0,1.0,1,1.0,1,1.0,1.8466686949379323,2.232900782281058,2,0,0,1,1
cell_subsample,0.9,3,86,xenium_human_skin_melanoma,183.2132,63.3089,64.2456,3,0,1.0,1,1.0,1,1.0,1,1.0,1.7469766327209266,1.5730893853575425,3,0,1,1,1
cell_subsample,0.9,3,87,xenium_human_skin_melanoma,187.714,68.6534,68.7815,2,1,1.0,1,1.0,1,1.0,1,1.0,1.763250481922838,0.8738942315590013,2,1,1,1,1
cell_subsample,0.9,3,88,xenium_human_skin_melanoma,184.3659,50.6237,50.6237,1,1,1.0,1,1.0,1,1.0,1,1.0,2.4329301113105193,1.0619308972909776,1,1,1,1,1
cell_subsample,0.9,3,89,xenium_human_skin_melanoma,180.8393,73.6568,73.6568,1,1,1.0,1,1.0,1,1.0,1,1.0,1.6218867871614273,2.471448794692561,1,1,1,1,1
cell_subsample,0.9,3,90,xenium_human_skin_melanoma,181.274,45.684,46.4192,3,0,1.0,1,1.0,1,1.0,1,1.0,2.2152132166476,1.6416568541488903,3,0,1,1,1
cell_subsample,0.9,3,91,xenium_human_skin_melanoma,181.9997,59.5937,60.3051,2,0,1.0,1,1.0,1,1.0,1,1.0,2.133996989320872,2.0346554962214243,2,0,1,1,1
cell_subsample,0.9,3,92,xenium_human_skin_melanoma,186.092,54.3021,54.3021,1,1,1.0,1,1.0,1,1.0,1,1.0,2.250969427968552,1.5085476002450955,1,1,1,1,1
cell_subsample,0.9,3,93,xenium_human_skin_melanoma,181.2297,72.689,72.689,1,1,1.0,1,1.0,1,1.0,1,1.0,1.7219936002725809,4.004036983788102,1,1,1,1,1
cell_subsample,0.9,3,94,xenium_human_skin_melanoma,181.1524,49.5787,50.822,4,0,1.0,1,1.0,1,1.0,1,1.0,2.3594270795535963,1.280942358818513,4,0,1,1,1
cell_subsample,0.9,3,95,xenium_human_skin_melanoma,180.9365,67.6615,67.6615,1,1,1.0,1,1.0,1,1.0,1,1.0,1.7744469994728125,1.1565375333082661,1,1,1,1,1
cell_subsample,0.9,3,96,xenium_human_skin_melanoma,182.5557,64.9754,64.9754,1,1,1.0,1,1.0,1,1.0,1,1.0,1.9737536386809522,1.0193720357468457,1,1,1,1,1
cell_subsample,0.9,3,97,xenium_human_skin_melanoma,184.8307,72.7834,72.7834,1,1,1.0,1,1.0,1,1.0,1,1.0,1.9884518248388838,2.089588183497768,1,1,1,1,1
cell_subsample,0.9,3,98,xenium_human_skin_melanoma,182.834,65.8831,65.8831,1,1,1.0,1,1.0,1,1.0,1,1.0,1.7118051713665006,0.8662991170244912,1,1,1,1,1
cell_subsample,0.9,3,99,xenium_human_skin_melanoma,182.4719,60.4258,60.4258,1,1,1.0,1,1.0,1,1.0,1,1.0,1.9222121059171722,2.536422865269952,1,1,1,1,1
cell_subsample,0.9,4,0,xenium_human_skin_melanoma,205.2937,83.9211,83.9211,1,1,1.0,1,1.0,1,1.0,1,1.0,1.7767149549504595,2.1459792967297338,1,1,1,1,1
cell_subsample,0.9,4,1,xenium_human_skin_melanoma,192.7827,40.2023,40.2023,1,1,1.0,1,1.0,1,1.0,1,1.0,2.3569319381744016,1.807832872610127,1,1,1,1,1
cell_subsample,0.9,4,2,xenium_human_skin_melanoma,190.918,70.1042,70.1042,1,1,1.0,1,1.0,1,1.0,1,1.0,1.8424829313257447,2.66961051142962,1,1,1,1,1
cell_subsample,0.9,4,3,xenium_human_skin_melanoma,189.5075,63.359,65.9825,2,0,1.0,0,1.0,1,1.0,1,1.0,2.093924831401193,2.456799439564564,2,0,0,1,1
cell_subsample,0.9,4,4,xenium_human_skin_melanoma,186.8669,84.0858,84.4305,2,1,1.0,1,1.0,1,1.0,1,1.0,1.6324928946150261,2.566684594518385,2,1,1,1,1
cell_subsample,0.9,4,5,xenium_human_skin_melanoma,188.826,64.4386,64.4386,1,1,1.0,1,1.0,1,1.0,1,1.0,2.0324599199498046,0.785599999794768,1,1,1,1,1
cell_subsample,0.9,4,6,xenium_human_skin_melanoma,188.8151,66.8199,66.9686,2,1,1.0,1,1.0,1,1.0,1,1.0,1.8758802347376742,1.624734994510357,2,1,1,1,1
cell_subsample,0.9,4,7,xenium_human_skin_melanoma,185.1,49.6585,49.6585,1,1,1.0,1,1.0,1,1.0,1,1.0,2.393763964520551,1.263572488230192,1,1,1,1,1
cell_subsample,0.9,4,8,xenium_human_skin_melanoma,186.0964,46.4538,46.4538,1,1,1.0,1,1.0,1,1.0,1,1.0,2.386987032498618,2.460605213973724,1,1,1,1,1
cell_subsample,0.9,4,9,xenium_human_skin_melanoma,190.1964,64.7292,66.1129,4,0,1.0,1,1.0,1,1.0,1,1.0,1.8353216960047165,2.513070544455697,4,0,1,1,1
cell_subsample,0.9,4,10,xenium_human_skin_melanoma,191.6742,53.8101,53.9059,2,1,1.0,1,1.0,1,1.0,1,1.0,2.273288100672891,1.4953228897496949,2,1,1,1,1
cell_subsample,0.9,4,11,xenium_human_skin_melanoma,186.6242,50.4429,54.7212,9,0,1.0,0,1.0,0,1.0,1,1.0,2.2019663658538495,2.2668247838798403,9,0,0,0,1
cell_subsample,0.9,4,12,xenium_human_skin_melanoma,185.0945,52.4759,52.4759,1,1,1.0,1,1.0,1,1.0,1,1.0,2.1648612870366826,1.200265810754395,1,1,1,1,1
cell_subsample,0.9,4,13,xenium_human_skin_melanoma,182.6396,46.3413,46.3413,1,1,1.0,1,1.0,1,1.0,1,1.0,2.3099395883945286,1.5599151406715877,1,1,1,1,1
cell_subsample,0.9,4,14,xenium_human_skin_melanoma,187.5271,53.8045,53.8045,1,1,1.0,1,1.0,1,1.0,1,1.0,2.221860356036776,2.1954658670686933,1,1,1,1,1
cell_subsample,0.9,4,15,xenium_human_skin_melanoma,191.1508,69.4626,69.8084,3,1,1.0,1,1.0,1,1.0,1,1.0,1.7186314831419485,1.7317016702824786,3,1,1,1,1
cell_subsample,0.9,4,16,xenium_human_skin_melanoma,185.4451,49.085,51.3557,3,0,1.0,0,1.0,1,1.0,1,1.0,2.267593814867353,1.7497773566359154,3,0,0,1,1
cell_subsample,0.9,4,17,xenium_human_skin_melanoma,184.9225,54.3104,54.3104,1,1,1.0,1,1.0,1,1.0,1,1.0,2.049521307908369,1.183270909800144,1,1,1,1,1
cell_subsample,0.9,4,18,xenium_human_skin_melanoma,186.1292,71.8933,71.8933,1,1,1.0,1,1.0,1,1.0,1,1.0,2.011095271890452,2.1445205386895587,1,1,1,1,1
cell_subsample,0.9,4,19,xenium_human_skin_melanoma,192.5392,72.4752,72.4752,1,1,1.0,1,1.0,1,1.0,1,1.0,1.8755445304845284,2.1528576435958717,1,1,1,1,1
cell_subsample,0.9,4,20,xenium_human_skin_melanoma,186.7085,68.3737,68.3737,1,1,1.0,1,1.0,1,1.0,1,1.0,1.7988888064014064,1.2068669424328573,1,1,1,1,1
cell_subsample,0.9,4,21,xenium_human_skin_melanoma,186.2721,62.7781,62.7781,1,1,1.0,1,1.0,1,1.0,1,1.0,1.8082922338504217,1.0501191167226422,1,1,1,1,1
cell_subsample,0.9,4,22,xenium_human_skin_melanoma,183.8058,40.186,40.186,1,1,1.0,1,1.0,1,1.0,1,1.0,2.521569696523377,1.1749575253501015,1,1,1,1,1
cell_subsample,0.9,4,23,xenium_human_skin_melanoma,188.8087,64.0478,64.0478,1,1,1.0,1,1.0,1,1.0,1,1.0,1.839630811412246,2.3269300780457916,1,1,1,1,1
cell_subsample,0.9,4,24,xenium_human_skin_melanoma,190.9874,76.4336,76.4336,1,1,1.0,1,1.0,1,1.0,1,1.0,1.6535079808619464,1.401013754094264,1,1,1,1,1
cell_subsample,0.9,4,25,xenium_human_skin_melanoma,184.8514,49.6209,49.6209,1,1,1.0,1,1.0,1,1.0,1,1.0,2.2813680336215687,1.0996355052750806,1,1,1,1,1
cell_subsample,0.9,4,26,xenium_human_skin_melanoma,185.5415,39.1867,39.1867,1,1,1.0,1,1.0,1,1.0,1,1.0,2.413650928335388,0.7765508647414506,1,1,1,1,1
cell_subsample,0.9,4,27,xenium_human_skin_melanoma,185.7255,75.8682,75.8682,1,1,1.0,1,1.0,1,1.0,1,1.0,1.9198149433374423,2.5840662990700465,1,1,1,1,1
cell_subsample,0.9,4,28,xenium_human_skin_melanoma,190.0689,58.5483,58.5483,1,1,1.0,1,1.0,1,1.0,1,1.0,2.179823742705521,2.2674703322481298,1,1,1,1,1
cell_subsample,0.9,4,29,xenium_human_skin_melanoma,187.4283,63.8401,68.7573,16,0,1.0,0,1.0,0,1.0,1,1.0,1.8657851003856658,2.508197313641872,16,0,0,0,1
cell_subsample,0.9,4,30,xenium_human_skin_melanoma,185.3553,60.3228,60.3228,1,1,1.0,1,1.0,1,1.0,1,1.0,2.052524104382001,3.2220484078798246,1,1,1,1,1
cell_subsample,0.9,4,31,xenium_human_skin_melanoma,393.7325,69.0365,69.5515,3,1,1.0,1,1.0,1,1.0,1,1.0,1.713928500767647,2.3194415144596046,3,1,1,1,1
cell_subsample,0.9,4,32,xenium_human_skin_melanoma,184.6157,68.5486,68.943,2,1,1.0,1,1.0,1,1.0,1,1.0,1.7208373723681418,2.011962436246329,2,1,1,1,1
cell_subsample,0.9,4,33,xenium_human_skin_melanoma,181.1436,83.0616,83.0616,1,1,1.0,1,1.0,1,1.0,1,1.0,1.751537331141424,2.0072342126034806,1,1,1,1,1
cell_subsample,0.9,4,34,xenium_human_skin_melanoma,182.39,62.4036,64.1941,3,0,1.0,0,1.0,1,1.0,1,1.0,1.9306404296169342,2.571537525484593,3,0,0,1,1
cell_subsample,0.9,4,35,xenium_human_skin_melanoma,188.606,62.8477,63.8118,2,0,1.0,1,1.0,1,1.0,1,1.0,1.8259815058685032,2.549096855390705,2,0,1,1,1
cell_subsample,0.9,4,36,xenium_human_skin_melanoma,183.1962,53.6544,53.822,2,1,1.0,1,1.0,1,1.0,1,1.0,2.198429955759229,2.196851865008077,2,1,1,1,1
cell_subsample,0.9,4,37,xenium_human_skin_melanoma,180.7043,58.6333,58.6333,1,1,1.0,1,1.0,1,1.0,1,1.0,1.9285932192034194,2.526972509197855,1,1,1,1,1
cell_subsample,0.9,4,38,xenium_human_skin_melanoma,183.9585,53.152,53.2726,2,1,1.0,1,1.0,1,1.0,1,1.0,2.3550584351942008,1.378826173170395,2,1,1,1,1
cell_subsample,0.9,4,39,xenium_human_skin_melanoma,180.4128,62.148,62.148,1,1,1.0,1,1.0,1,1.0,1,1.0,2.019758198213633,1.6666473676899363,1,1,1,1,1
cell_subsample,0.9,4,40,xenium_human_skin_melanoma,181.589,65.1238,65.2975,2,1,1.0,1,1.0,1,1.0,1,1.0,1.7894385364984637,2.320842714301859,2,1,1,1,1
cell_subsample,0.9,4,41,xenium_human_skin_melanoma,183.2109,60.9975,60.9975,1,1,1.0,1,1.0,1,1.0,1,1.0,1.9365699035765656,3.0058784954849616,1,1,1,1,1
cell_subsample,0.9,4,42,xenium_human_skin_melanoma,179.6269,69.1273,69.1273,1,1,1.0,1,1.0,1,1.0,1,1.0,1.84935179166351,2.3296931777535717,1,1,1,1,1
cell_subsample,0.9,4,43,xenium_human_skin_melanoma,180.7509,74.4888,74.4888,1,1,1.0,1,1.0,1,1.0,1,1.0,1.6825102910341463,2.3491839248261224,1,1,1,1,1
cell_subsample,0.9,4,44,xenium_human_skin_melanoma,185.1197,47.046,47.046,1,1,1.0,1,1.0,1,1.0,1,1.0,2.1532158626365714,2.127492447042528,1,1,1,1,1
cell_subsample,0.9,4,45,xenium_human_skin_melanoma,183.3742,46.5023,46.5023,1,1,1.0,1,1.0,1,1.0,1,1.0,2.4601674368541167,1.6291732452967242,1,1,1,1,1
cell_subsample,0.9,4,46,xenium_human_skin_melanoma,181.3194,56.0438,56.5842,2,1,1.0,1,1.0,1,1.0,1,1.0,2.2565762745267595,1.832027865279965,2,1,1,1,1
cell_subsample,0.9,4,47,xenium_human_skin_melanoma,184.5975,59.2963,60.2839,3,0,1.0,1,1.0,1,1.0,1,1.0,2.1292114471215235,1.8440711272248322,3,0,1,1,1
cell_subsample,0.9,4,48,xenium_human_skin_melanoma,183.1931,60.4399,60.4399,1,1,1.0,1,1.0,1,1.0,1,1.0,1.8090268796695148,1.6958817081142095,1,1,1,1,1
cell_subsample,0.9,4,49,xenium_human_skin_melanoma,184.5365,38.1504,38.1504,1,1,1.0,1,1.0,1,1.0,1,1.0,2.4888902537178836,1.5363320395370443,1,1,1,1,1
cell_subsample,0.9,4,50,xenium_human_skin_melanoma,180.9011,76.516,76.6887,2,1,1.0,1,1.0,1,1.0,1,1.0,1.8636725057135441,2.7981382651895146,2,1,1,1,1
cell_subsample,0.9,4,51,xenium_human_skin_melanoma,183.664,63.975,63.975,1,1,1.0,1,1.0,1,1.0,1,1.0,1.852953390839846,1.7570899206637511,1,1,1,1,1
cell_subsample,0.9,4,52,xenium_human_skin_melanoma,183.4763,66.8047,67.8937,2,0,1.0,1,1.0,1,1.0,1,1.0,1.8059350825334213,1.6980266307696579,2,0,1,1,1
cell_subsample,0.9,4,53,xenium_human_skin_melanoma,184.6348,46.4432,46.4432,1,1,1.0,1,1.0,1,1.0,1,1.0,2.2671652064139183,2.200868123271639,1,1,1,1,1
cell_subsample,0.9,4,54,xenium_human_skin_melanoma,183.4277,68.5447,69.6836,2,0,1.0,1,1.0,1,1.0,1,1.0,1.6310113068326837,2.2486465807802114,2,0,1,1,1
cell_subsample,0.9,4,55,xenium_human_skin_melanoma,181.7499,75.1212,75.1212,1,1,1.0,1,1.0,1,1.0,1,1.0,1.938114923848601,1.47844573321889,1,1,1,1,1
cell_subsample,0.9,4,56,xenium_human_skin_melanoma,183.2801,62.675,62.675,1,1,1.0,1,1.0,1,1.0,1,1.0,1.6996907368964425,1.8837838363026096,1,1,1,1,1
cell_subsample,0.9,4,57,xenium_human_skin_melanoma,183.1073,57.5523,57.5523,1,1,1.0,1,1.0,1,1.0,1,1.0,1.920555639640168,1.2266087085425923,1,1,1,1,1
cell_subsample,0.9,4,58,xenium_human_skin_melanoma,184.8684,56.694,56.694,1,1,1.0,1,1.0,1,1.0,1,1.0,1.9420697931983053,2.0222825732938268,1,1,1,1,1
cell_subsample,0.9,4,59,xenium_human_skin_melanoma,184.6711,67.8561,67.8561,1,1,1.0,1,1.0,1,1.0,1,1.0,1.7598828998392475,2.3983088341491468,1,1,1,1,1
cell_subsample,0.9,4,60,xenium_human_skin_melanoma,179.8237,62.2396,62.2396,1,1,1.0,1,1.0,1,1.0,1,1.0,2.1178691324337007,1.9309535371352173,1,1,1,1,1
cell_subsample,0.9,4,61,xenium_human_skin_melanoma,183.0409,67.5106,68.1808,2,1,1.0,1,1.0,1,1.0,1,1.0,1.8986349326173197,2.869325201284009,2,1,1,1,1
cell_subsample,0.9,4,62,xenium_human_skin_melanoma,182.9924,45.8507,45.8507,1,1,1.0,1,1.0,1,1.0,1,1.0,2.2402313809363914,1.6354804199226736,1,1,1,1,1
cell_subsample,0.9,4,63,xenium_human_skin_melanoma,186.9475,62.6842,62.6842,1,1,1.0,1,1.0,1,1.0,1,1.0,1.6978549030562748,2.536898942454279,1,1,1,1,1
cell_subsample,0.9,4,64,xenium_human_skin_melanoma,184.1068,48.5487,49.7662,4,0,1.0,1,1.0,1,1.0,1,1.0,2.3179033910928446,1.3406240005508214,4,0,1,1,1
cell_subsample,0.9,4,65,xenium_human_skin_melanoma,180.7844,67.9502,68.0634,2,1,1.0,1,1.0,1,1.0,1,1.0,1.672978632367505,1.1544568010169098,2,1,1,1,1
cell_subsample,0.9,4,66,xenium_human_skin_melanoma,182.8498,99.9851,101.8856,3,0,1.0,0,1.0,1,1.0,1,1.0,1.4485472622878894,5.570484209303726,3,0,0,1,1
cell_subsample,0.9,4,67,xenium_human_skin_melanoma,186.6896,60.9133,61.8948,2,0,1.0,1,1.0,1,1.0,1,1.0,1.8230468261299575,2.42469366945651,2,0,1,1,1
cell_subsample,0.9,4,68,xenium_human_skin_melanoma,186.2253,61.0199,62.8917,4,0,1.0,0,1.0,1,1.0,1,1.0,1.6919439709013229,2.597182695396586,4,0,0,1,1
cell_subsample,0.9,4,69,xenium_human_skin_melanoma,181.8215,62.6582,62.6582,1,1,1.0,1,1.0,1,1.0,1,1.0,1.899691034776489,3.007381553641408,1,1,1,1,1
cell_subsample,0.9,4,70,xenium_human_skin_melanoma,181.7316,44.7472,44.7472,1,1,1.0,1,1.0,1,1.0,1,1.0,2.4051781043043956,2.0622291995676543,1,1,1,1,1
cell_subsample,0.9,4,71,xenium_human_skin_melanoma,183.7685,64.2979,64.2979,1,1,1.0,1,1.0,1,1.0,1,1.0,2.061198936495555,1.879796113159582,1,1,1,1,1
cell_subsample,0.9,4,72,xenium_human_skin_melanoma,185.7666,50.1662,51.1689,5,0,1.0,1,1.0,1,1.0,1,1.0,2.319312568248491,1.4001508742822613,5,0,1,1,1
cell_subsample,0.9,4,73,xenium_human_skin_melanoma,184.6631,63.5137,67.2069,5,0,1.0,0,1.0,0,1.0,1,1.0,1.8411344541833126,1.8923898141849007,5,0,0,0,1
cell_subsample,0.9,4,74,xenium_human_skin_melanoma,183.4642,68.1338,68.1367,2,1,1.0,1,1.0,1,1.0,1,1.0,1.8386978658715272,1.4942765449105146,2,1,1,1,1
cell_subsample,0.9,4,75,xenium_human_skin_melanoma,186.3131,45.6387,45.6387,1,1,1.0,1,1.0,1,1.0,1,1.0,2.302346231436021,0.3956095732885428,1,1,1,1,1
cell_subsample,0.9,4,76,xenium_human_skin_melanoma,186.6392,79.5126,79.5126,1,1,1.0,1,1.0,1,1.0,1,1.0,1.5709293212450535,1.7873524359258453,1,1,1,1,1
cell_subsample,0.9,4,77,xenium_human_skin_melanoma,188.529,63.9195,64.28,2,1,1.0,1,1.0,1,1.0,1,1.0,1.8068939866006917,2.860996423777528,2,1,1,1,1
cell_subsample,0.9,4,78,xenium_human_skin_melanoma,185.0285,48.819,49.3561,3,1,1.0,1,1.0,1,1.0,1,1.0,2.319403130326084,1.402157679137828,3,1,1,1,1
cell_subsample,0.9,4,79,xenium_human_skin_melanoma,186.4115,83.0101,83.0101,1,1,1.0,1,1.0,1,1.0,1,1.0,1.8122857482246157,3.049983171617354,1,1,1,1,1
cell_subsample,0.9,4,80,xenium_human_skin_melanoma,184.8193,68.8877,68.8877,1,1,1.0,1,1.0,1,1.0,1,1.0,1.8080517759202615,1.0583103949517474,1,1,1,1,1
cell_subsample,0.9,4,81,xenium_human_skin_melanoma,186.7835,60.1906,60.1906,1,1,1.0,1,1.0,1,1.0,1,1.0,2.211095179416716,1.421839014437981,1,1,1,1,1
cell_subsample,0.9,4,82,xenium_human_skin_melanoma,187.4699,58.8923,58.8923,1,1,1.0,1,1.0,1,1.0,1,1.0,1.964066424031894,1.9940838721228051,1,1,1,1,1
cell_subsample,0.9,4,83,xenium_human_skin_melanoma,184.3629,68.1985,68.1985,1,1,1.0,1,1.0,1,1.0,1,1.0,1.748914153721495,1.7675707076717726,1,1,1,1,1
cell_subsample,0.9,4,84,xenium_human_skin_melanoma,187.2339,39.0256,39.0256,1,1,1.0,1,1.0,1,1.0,1,1.0,2.5340781931370984,0.7826897220181295,1,1,1,1,1
cell_subsample,0.9,4,85,xenium_human_skin_melanoma,185.5538,67.798,67.798,1,1,1.0,1,1.0,1,1.0,1,1.0,1.897300703387957,2.459261342238194,1,1,1,1,1
cell_subsample,0.9,4,86,xenium_human_skin_melanoma,187.1262,63.3089,63.3089,1,1,1.0,1,1.0,1,1.0,1,1.0,1.7507784833878017,2.300605185919668,1,1,1,1,1
cell_subsample,0.9,4,87,xenium_human_skin_melanoma,185.88,68.6534,71.9654,13,0,1.0,0,1.0,1,1.0,1,1.0,1.7864615033744922,2.469078596324998,13,0,0,1,1
cell_subsample,0.9,4,88,xenium_human_skin_melanoma,181.5288,50.6237,50.6237,1,1,1.0,1,1.0,1,1.0,1,1.0,2.3617916475924683,1.8098548423331267,1,1,1,1,1
cell_subsample,0.9,4,89,xenium_human_skin_melanoma,184.6832,73.6568,73.6568,1,1,1.0,1,1.0,1,1.0,1,1.0,1.7141949172243587,3.2633678781550857,1,1,1,1,1
cell_subsample,0.9,4,90,xenium_human_skin_melanoma,184.5486,45.684,46.4192,3,0,1.0,1,1.0,1,1.0,1,1.0,2.275807639163506,1.5611498952625427,3,0,1,1,1
cell_subsample,0.9,4,91,xenium_human_skin_melanoma,188.1892,59.5937,60.3051,2,0,1.0,1,1.0,1,1.0,1,1.0,2.1017414707234208,1.695107508037207,2,0,1,1,1
cell_subsample,0.9,4,92,xenium_human_skin_melanoma,183.7575,54.3021,56.4235,3,0,1.0,0,1.0,1,1.0,1,1.0,2.3033305084991684,1.5527734838726925,3,0,0,1,1
cell_subsample,0.9,4,93,xenium_human_skin_melanoma,183.5389,72.689,72.689,1,1,1.0,1,1.0,1,1.0,1,1.0,1.717290422721388,2.8979219573177533,1,1,1,1,1
cell_subsample,0.9,4,94,xenium_human_skin_melanoma,183.2172,49.5787,49.5787,1,1,1.0,1,1.0,1,1.0,1,1.0,2.3376915954006523,0.9950778415277669,1,1,1,1,1
cell_subsample,0.9,4,95,xenium_human_skin_melanoma,186.3962,67.6615,67.6615,1,1,1.0,1,1.0,1,1.0,1,1.0,1.8264142130366567,1.6851173777246322,1,1,1,1,1
cell_subsample,0.9,4,96,xenium_human_skin_melanoma,187.0772,64.9754,64.9754,1,1,1.0,1,1.0,1,1.0,1,1.0,2.0192292688380373,1.161444083087946,1,1,1,1,1
cell_subsample,0.9,4,97,xenium_human_skin_melanoma,181.4694,72.7834,72.7834,1,1,1.0,1,1.0,1,1.0,1,1.0,2.0154108281353964,2.1469620195169106,1,1,1,1,1
cell_subsample,0.9,4,98,xenium_human_skin_melanoma,183.9654,65.8831,65.8831,1,1,1.0,1,1.0,1,1.0,1,1.0,1.7000609874593595,1.4880538918877664,1,1,1,1,1
cell_subsample,0.9,4,99,xenium_human_skin_melanoma,183.4233,60.4258,60.4258,1,1,1.0,1,1.0,1,1.0,1,1.0,1.933580574308438,1.550002611724959,1,1,1,1,1
cell_subsample,0.75,0,0,xenium_human_skin_melanoma,194.762,83.9211,87.6448,6,0,1.0,0,1.0,0,1.0,1,1.0,2.712534865748412,6.003774352951944,6,0,0,0,1
cell_subsample,0.75,0,1,xenium_human_skin_melanoma,186.084,40.2023,40.2023,1,1,1.0,1,1.0,1,1.0,1,1.0,3.7793760478344085,2.6545673540042687,1,1,1,1,1
cell_subsample,0.75,0,2,xenium_human_skin_melanoma,188.3539,70.1042,77.9242,13,0,1.0,0,1.0,0,1.0,0,1.0,2.6945405322491287,5.892949829288351,13,0,0,0,0
cell_subsample,0.75,0,3,xenium_human_skin_melanoma,187.7266,63.359,65.9825,2,0,1.0,0,1.0,1,1.0,1,1.0,3.45807662997893,4.998689833098245,2,0,0,1,1
cell_subsample,0.75,0,4,xenium_human_skin_melanoma,187.5125,84.0858,84.4305,2,1,1.0,1,1.0,1,1.0,1,1.0,2.697857563517856,5.316807737495259,2,1,1,1,1
cell_subsample,0.75,0,5,xenium_human_skin_melanoma,185.6876,64.4386,64.4386,1,1,1.0,1,1.0,1,1.0,1,1.0,3.400187944708,3.808980708295163,1,1,1,1,1
cell_subsample,0.75,0,6,xenium_human_skin_melanoma,184.9014,66.8199,68.8004,10,0,1.0,0,1.0,1,1.0,1,1.0,2.875660198366209,4.108264443573993,10,0,0,1,1
cell_subsample,0.75,0,7,xenium_human_skin_melanoma,182.7428,49.6585,50.5932,3,0,1.0,1,1.0,1,1.0,1,1.0,3.8877288894287902,3.7694740061872207,3,0,1,1,1
cell_subsample,0.75,0,8,xenium_human_skin_melanoma,185.5608,46.4538,46.4538,1,1,1.0,1,1.0,1,1.0,1,1.0,3.885123277929084,3.5980612003150836,1,1,1,1,1
cell_subsample,0.75,0,9,xenium_human_skin_melanoma,187.5485,64.7292,66.6414,6,0,1.0,0,1.0,1,1.0,1,1.0,2.9400229011236756,3.5352973151175227,6,0,0,1,1
cell_subsample,0.75,0,10,xenium_human_skin_melanoma,185.0336,53.8101,55.9193,7,0,1.0,0,1.0,1,1.0,1,1.0,3.5832412282878217,3.5714727086033355,7,0,0,1,1
cell_subsample,0.75,0,11,xenium_human_skin_melanoma,185.0681,50.4429,50.4429,1,1,1.0,1,1.0,1,1.0,1,1.0,3.3495508616588,4.048889879946099,1,1,1,1,1
cell_subsample,0.75,0,12,xenium_human_skin_melanoma,183.7175,52.4759,55.3597,4,0,1.0,0,1.0,1,1.0,1,1.0,3.5596673729951225,3.698815702508153,4,0,0,1,1
cell_subsample,0.75,0,13,xenium_human_skin_melanoma,186.5623,46.3413,46.3413,1,1,1.0,1,1.0,1,1.0,1,1.0,3.777879821785214,3.2731546984728617,1,1,1,1,1
cell_subsample,0.75,0,14,xenium_human_skin_melanoma,186.9773,53.8045,55.8719,4,0,1.0,0,1.0,1,1.0,1,1.0,3.5085915322941363,3.9883022527652625,4,0,0,1,1
cell_subsample,0.75,0,15,xenium_human_skin_melanoma,186.9242,69.4626,72.3771,7,0,1.0,0,1.0,1,1.0,1,1.0,2.6866454318165727,3.422719316519552,7,0,0,1,1
cell_subsample,0.75,0,16,xenium_human_skin_melanoma,187.1754,49.085,53.1065,7,0,1.0,0,1.0,0,1.0,1,1.0,3.741021056204948,4.975283859703771,7,0,0,0,1
cell_subsample,0.75,0,17,xenium_human_skin_melanoma,185.5904,54.3104,56.6436,2,0,1.0,0,1.0,1,1.0,1,1.0,3.229207913274159,3.4457298922071824,2,0,0,1,1
cell_subsample,0.75,0,18,xenium_human_skin_melanoma,187.6777,71.8933,71.8933,1,1,1.0,1,1.0,1,1.0,1,1.0,3.2742910427027114,5.634387426194466,1,1,1,1,1
cell_subsample,0.75,0,19,xenium_human_skin_melanoma,183.5312,72.4752,73.8234,3,0,1.0,1,1.0,1,1.0,1,1.0,2.832697470685433,4.577071399635309,3,0,1,1,1
cell_subsample,0.75,0,20,xenium_human_skin_melanoma,183.1443,68.3737,71.4208,8,0,1.0,0,1.0,1,1.0,1,1.0,2.9194504760663684,4.002801717370532,8,0,0,1,1
cell_subsample,0.75,0,21,xenium_human_skin_melanoma,183.6708,62.7781,62.7781,1,1,1.0,1,1.0,1,1.0,1,1.0,2.9093428503933128,3.5273937718527195,1,1,1,1,1
cell_subsample,0.75,0,22,xenium_human_skin_melanoma,185.7772,40.186,41.9804,2,0,1.0,0,1.0,1,1.0,1,1.0,3.860016112977831,2.103151017782131,2,0,0,1,1
cell_subsample,0.75,0,23,xenium_human_skin_melanoma,187.4795,64.0478,64.0478,1,1,1.0,1,1.0,1,1.0,1,1.0,2.9319923479285133,3.2424658813766665,1,1,1,1,1
cell_subsample,0.75,0,24,xenium_human_skin_melanoma,182.0934,76.4336,80.4367,16,0,1.0,0,1.0,0,1.0,1,1.0,2.806234607046767,4.4870644284499805,16,0,0,0,1
cell_subsample,0.75,0,25,xenium_human_skin_melanoma,183.5744,49.6209,49.6209,1,1,1.0,1,1.0,1,1.0,1,1.0,3.602356462674207,1.9650283234219135,1,1,1,1,1
cell_subsample,0.75,0,26,xenium_human_skin_melanoma,183.095,39.1867,39.1867,1,1,1.0,1,1.0,1,1.0,1,1.0,3.945297094244101,3.4252670890756036,1,1,1,1,1
cell_subsample,0.75,0,27,xenium_human_skin_melanoma,185.7951,75.8682,75.8682,1,1,1.0,1,1.0,1,1.0,1,1.0,3.228803311578362,4.042307121471761,1,1,1,1,1
cell_subsample,0.75,0,28,xenium_human_skin_melanoma,185.9948,58.5483,59.3681,2,0,1.0,1,1.0,1,1.0,1,1.0,3.5099886084825185,3.9011197189273017,2,0,1,1,1
cell_subsample,0.75,0,29,xenium_human_skin_melanoma,183.39,63.8401,67.7499,8,0,1.0,0,1.0,0,1.0,1,1.0,2.8057128992161515,4.439427505631044,8,0,0,0,1
cell_subsample,0.75,0,30,xenium_human_skin_melanoma,184.4214,60.3228,60.3228,1,1,1.0,1,1.0,1,1.0,1,1.0,3.0790620391089436,3.616537162720878,1,1,1,1,1
cell_subsample,0.75,0,31,xenium_human_skin_melanoma,186.8654,69.0365,75.0108,25,0,1.0,0,1.0,0,1.0,1,1.0,2.841672680034796,6.188275157943813,25,0,0,0,1
cell_subsample,0.75,0,32,xenium_human_skin_melanoma,187.2145,68.5486,72.2817,9,0,1.0,0,1.0,0,1.0,1,1.0,2.7203294500819153,5.312702466611597,9,0,0,0,1
cell_subsample,0.75,0,33,xenium_human_skin_melanoma,183.0225,83.0616,83.0616,1,1,1.0,1,1.0,1,1.0,1,1.0,2.8101906474578193,4.595301457317854,1,1,1,1,1
cell_subsample,0.75,0,34,xenium_human_skin_melanoma,183.4588,62.4036,62.4036,1,1,1.0,1,1.0,1,1.0,1,1.0,2.8577911684311816,4.478537119628185,1,1,1,1,1
cell_subsample,0.75,0,35,xenium_human_skin_melanoma,182.4151,62.8477,63.8118,2,0,1.0,1,1.0,1,1.0,1,1.0,2.8601506618708785,4.446395865198978,2,0,1,1,1
cell_subsample,0.75,0,36,xenium_human_skin_melanoma,186.2745,53.6544,53.822,2,1,1.0,1,1.0,1,1.0,1,1.0,3.5474301722603965,4.773848636184751,2,1,1,1,1
cell_subsample,0.75,0,37,xenium_human_skin_melanoma,186.3375,58.6333,60.7408,2,0,1.0,0,1.0,1,1.0,1,1.0,2.9207068297160768,4.903433855799631,2,0,0,1,1
cell_subsample,0.75,0,38,xenium_human_skin_melanoma,183.0472,53.152,53.152,1,1,1.0,1,1.0,1,1.0,1,1.0,3.80830126313452,4.767553091381333,1,1,1,1,1
cell_subsample,0.75,0,39,xenium_human_skin_melanoma,183.3389,62.148,66.0853,7,0,1.0,0,1.0,0,1.0,1,1.0,3.262357146857165,4.906904301177817,7,0,0,0,1
cell_subsample,0.75,0,40,xenium_human_skin_melanoma,182.7604,65.1238,69.5212,12,0,1.0,0,1.0,0,1.0,1,1.0,2.68988087914471,4.735648122905905,12,0,0,0,1
cell_subsample,0.75,0,41,xenium_human_skin_melanoma,186.1675,60.9975,68.3661,19,0,1.0,0,1.0,0,1.0,0,1.0,2.719554597823201,4.354735374661801,19,0,0,0,0
cell_subsample,0.75,0,42,xenium_human_skin_melanoma,185.3639,69.1273,69.1273,1,1,1.0,1,1.0,1,1.0,1,1.0,2.873777912425897,4.844759736115398,1,1,1,1,1
cell_subsample,0.75,0,43,xenium_human_skin_melanoma,180.018,74.4888,74.4888,1,1,1.0,1,1.0,1,1.0,1,1.0,2.591055011971577,5.700163854018409,1,1,1,1,1
cell_subsample,0.75,0,44,xenium_human_skin_melanoma,188.0472,47.046,47.046,1,1,1.0,1,1.0,1,1.0,1,1.0,3.548167160202186,3.1953956363251113,1,1,1,1,1
cell_subsample,0.75,0,45,xenium_human_skin_melanoma,182.9114,46.5023,46.5023,1,1,1.0,1,1.0,1,1.0,1,1.0,3.9989024274571614,3.058112551003036,1,1,1,1,1
cell_subsample,0.75,0,46,xenium_human_skin_melanoma,187.2836,56.0438,58.9456,6,0,1.0,0,1.0,1,1.0,1,1.0,3.6281920277840296,2.8541348877766106,6,0,0,1,1
cell_subsample,0.75,0,47,xenium_human_skin_melanoma,184.2854,59.2963,60.2839,3,0,1.0,1,1.0,1,1.0,1,1.0,3.4558602012006028,4.295923699187156,3,0,1,1,1
cell_subsample,0.75,0,48,xenium_human_skin_melanoma,182.7325,60.4399,60.4399,1,1,1.0,1,1.0,1,1.0,1,1.0,2.8815117967461865,2.5570486539758894,1,1,1,1,1
cell_subsample,0.75,0,49,xenium_human_skin_melanoma,182.8691,38.1504,38.1504,1,1,1.0,1,1.0,1,1.0,1,1.0,4.033083756441699,3.4110422824690647,1,1,1,1,1
cell_subsample,0.75,0,50,xenium_human_skin_melanoma,186.0757,76.516,82.0858,36,0,1.0,0,1.0,0,1.0,1,1.0,2.7887293868372414,5.276039730237747,36,0,0,0,1
cell_subsample,0.75,0,51,xenium_human_skin_melanoma,186.3087,63.975,69.0896,26,0,1.0,0,1.0,0,1.0,1,1.0,2.9210118911972787,4.450866567340549,26,0,0,0,1
cell_subsample,0.75,0,52,xenium_human_skin_melanoma,182.6099,66.8047,67.8937,2,0,1.0,1,1.0,1,1.0,1,1.0,2.897118336156525,3.3382748410126557,2,0,1,1,1
cell_subsample,0.75,0,53,xenium_human_skin_melanoma,183.3655,46.4432,46.4432,1,1,1.0,1,1.0,1,1.0,1,1.0,3.5507208546487896,2.949918738815605,1,1,1,1,1
cell_subsample,0.75,0,54,xenium_human_skin_melanoma,183.7708,68.5447,68.5447,1,1,1.0,1,1.0,1,1.0,1,1.0,2.629601472131465,4.18870074707892,1,1,1,1,1
cell_subsample,0.75,0,55,xenium_human_skin_melanoma,187.5844,75.1212,76.2513,3,0,1.0,1,1.0,1,1.0,1,1.0,3.2144482463954476,6.6540681091072305,3,0,1,1,1
cell_subsample,0.75,0,56,xenium_human_skin_melanoma,185.893,62.675,62.675,1,1,1.0,1,1.0,1,1.0,1,1.0,2.8798527931695945,4.669783647345991,1,1,1,1,1
cell_subsample,0.75,0,57,xenium_human_skin_melanoma,181.9132,57.5523,57.5523,1,1,1.0,1,1.0,1,1.0,1,1.0,2.952510904163804,2.12548234045281,1,1,1,1,1
cell_subsample,0.75,0,58,xenium_human_skin_melanoma,184.2922,56.694,56.694,1,1,1.0,1,1.0,1,1.0,1,1.0,2.859937333528618,5.663631808756715,1,1,1,1,1
cell_subsample,0.75,0,59,xenium_human_skin_melanoma,185.2091,67.8561,72.2739,5,0,1.0,0,1.0,0,1.0,1,1.0,2.825534869126165,4.688075140132544,5,0,0,0,1
cell_subsample,0.75,0,60,xenium_human_skin_melanoma,188.2317,62.2396,62.2396,1,1,1.0,1,1.0,1,1.0,1,1.0,3.5063762745771574,3.9651332860678803,1,1,1,1,1
cell_subsample,0.75,0,61,xenium_human_skin_melanoma,183.765,67.5106,68.1808,2,1,1.0,1,1.0,1,1.0,1,1.0,2.8325791934892663,4.972747797245676,2,1,1,1,1
cell_subsample,0.75,0,62,xenium_human_skin_melanoma,184.1177,45.8507,45.8507,1,1,1.0,1,1.0,1,1.0,1,1.0,3.5970546775972014,3.492305649210326,1,1,1,1,1
cell_subsample,0.75,0,63,xenium_human_skin_melanoma,183.9769,62.6842,62.6842,1,1,1.0,1,1.0,1,1.0,1,1.0,2.8383388635534113,5.5242909296229294,1,1,1,1,1
cell_subsample,0.75,0,64,xenium_human_skin_melanoma,184.6477,48.5487,49.7662,4,0,1.0,1,1.0,1,1.0,1,1.0,3.625843269073358,2.6624834512661324,4,0,1,1,1
cell_subsample,0.75,0,65,xenium_human_skin_melanoma,185.8965,67.9502,67.9502,1,1,1.0,1,1.0,1,1.0,1,1.0,2.7459676913545694,4.484542287100958,1,1,1,1,1
cell_subsample,0.75,0,66,xenium_human_skin_melanoma,179.1906,99.9851,99.9851,1,1,1.0,1,1.0,1,1.0,1,1.0,2.009786610833858,7.415550907495322,1,1,1,1,1
cell_subsample,0.75,0,67,xenium_human_skin_melanoma,183.42,60.9133,61.8948,2,0,1.0,1,1.0,1,1.0,1,1.0,2.764101771508069,4.494149979432799,2,0,1,1,1
cell_subsample,0.75,0,68,xenium_human_skin_melanoma,184.2386,61.0199,61.0199,1,1,1.0,1,1.0,1,1.0,1,1.0,2.7767213237729766,3.5259980683663126,1,1,1,1,1
cell_subsample,0.75,0,69,xenium_human_skin_melanoma,187.1297,62.6582,67.5297,10,0,1.0,0,1.0,0,1.0,1,1.0,2.960834417872903,4.661665214832043,10,0,0,0,1
cell_subsample,0.75,0,70,xenium_human_skin_melanoma,185.8367,44.7472,47.1256,7,0,1.0,0,1.0,1,1.0,1,1.0,3.884243810856599,3.2844173404156227,7,0,0,1,1
cell_subsample,0.75,0,71,xenium_human_skin_melanoma,181.7056,64.2979,64.2995,2,1,1.0,1,1.0,1,1.0,1,1.0,3.3341322775948448,3.368660983432372,2,1,1,1,1
cell_subsample,0.75,0,72,xenium_human_skin_melanoma,182.474,50.1662,54.1565,13,0,1.0,0,1.0,0,1.0,1,1.0,3.8534234279413453,2.486997386857843,13,0,0,0,1
cell_subsample,0.75,0,73,xenium_human_skin_melanoma,184.7193,63.5137,68.3281,12,0,1.0,0,1.0,0,1.0,1,1.0,2.893987113288376,4.308219920665129,12,0,0,0,1
cell_subsample,0.75,0,74,xenium_human_skin_melanoma,188.4646,68.1338,68.9632,3,0,1.0,1,1.0,1,1.0,1,1.0,3.0046063489452743,3.765546412762493,3,0,1,1,1
cell_subsample,0.75,0,75,xenium_human_skin_melanoma,184.0077,45.6387,48.7701,6,0,1.0,0,1.0,1,1.0,1,1.0,3.888662225323292,3.4563184128502296,6,0,0,1,1
cell_subsample,0.75,0,76,xenium_human_skin_melanoma,183.1525,79.5126,84.4046,24,0,1.0,0,1.0,0,1.0,1,1.0,2.57340360427042,6.424764384195041,24,0,0,0,1
cell_subsample,0.75,0,77,xenium_human_skin_melanoma,182.2739,63.9195,68.6469,27,0,1.0,0,1.0,0,1.0,1,1.0,2.751346180949881,5.208553728261158,27,0,0,0,1
cell_subsample,0.75,0,78,xenium_human_skin_melanoma,186.3966,48.819,49.2574,2,1,1.0,1,1.0,1,1.0,1,1.0,3.6400498046419445,3.1572016310526347,2,1,1,1,1
cell_subsample,0.75,0,79,xenium_human_skin_melanoma,187.7602,83.0101,87.9941,14,0,1.0,0,1.0,0,1.0,1,1.0,2.6455222463369,6.439905741436157,14,0,0,0,1
cell_subsample,0.75,0,80,xenium_human_skin_melanoma,185.2117,68.8877,71.7731,13,0,1.0,0,1.0,1,1.0,1,1.0,2.8575731558435282,3.5102141471475226,13,0,0,1,1
cell_subsample,0.75,0,81,xenium_human_skin_melanoma,186.1825,60.1906,63.0481,7,0,1.0,0,1.0,1,1.0,1,1.0,3.615144452596361,3.277037613341999,7,0,0,1,1
cell_subsample,0.75,0,82,xenium_human_skin_melanoma,184.7484,58.8923,58.8923,1,1,1.0,1,1.0,1,1.0,1,1.0,3.0112482185583835,3.1688462614948,1,1,1,1,1
cell_subsample,0.75,0,83,xenium_human_skin_melanoma,188.5439,68.1985,75.0195,22,0,1.0,0,1.0,0,1.0,1,1.0,2.7605887826404123,5.303286208559812,22,0,0,0,1
cell_subsample,0.75,0,84,xenium_human_skin_melanoma,186.5806,39.0256,39.0256,1,1,1.0,1,1.0,1,1.0,1,1.0,4.045524721851009,1.9653451503239139,1,1,1,1,1
cell_subsample,0.75,0,85,xenium_human_skin_melanoma,183.1958,67.798,70.369,2,0,1.0,0,1.0,1,1.0,1,1.0,2.885041375649609,4.318431228096965,2,0,0,1,1
cell_subsample,0.75,0,86,xenium_human_skin_melanoma,181.8842,63.3089,67.1036,10,0,1.0,0,1.0,0,1.0,1,1.0,2.81591967475002,3.7327570474540352,10,0,0,0,1
cell_subsample,0.75,0,87,xenium_human_skin_melanoma,187.638,68.6534,72.4595,18,0,1.0,0,1.0,0,1.0,1,1.0,2.8682571388767815,3.716670769896958,18,0,0,0,1
cell_subsample,0.75,0,88,xenium_human_skin_melanoma,187.2413,50.6237,50.6237,1,1,1.0,1,1.0,1,1.0,1,1.0,3.7560746594820533,4.214713185284029,1,1,1,1,1
cell_subsample,0.75,0,89,xenium_human_skin_melanoma,184.4292,73.6568,73.6568,1,1,1.0,1,1.0,1,1.0,1,1.0,2.564058925065705,5.865756545163402,1,1,1,1,1
cell_subsample,0.75,0,90,xenium_human_skin_melanoma,183.2059,45.684,46.4192,3,0,1.0,1,1.0,1,1.0,1,1.0,3.536435857969875,2.995237386225973,3,0,1,1,1
cell_subsample,0.75,0,91,xenium_human_skin_melanoma,184.0129,59.5937,62.8338,7,0,1.0,0,1.0,0,1.0,1,1.0,3.4333121956489117,4.183338160855804,7,0,0,0,1
cell_subsample,0.75,0,92,xenium_human_skin_melanoma,186.8705,54.3021,57.8422,5,0,1.0,0,1.0,0,1.0,1,1.0,3.6854944016733024,4.315074898697335,5,0,0,0,1
cell_subsample,0.75,0,93,xenium_human_skin_melanoma,186.219,72.689,73.8709,2,0,1.0,1,1.0,1,1.0,1,1.0,2.5260490061801755,5.71128509880553,2,0,1,1,1
cell_subsample,0.75,0,94,xenium_human_skin_melanoma,179.2853,49.5787,49.5787,1,1,1.0,1,1.0,1,1.0,1,1.0,3.711141816259851,2.7086018706404746,1,1,1,1,1
cell_subsample,0.75,0,95,xenium_human_skin_melanoma,181.489,67.6615,67.6615,1,1,1.0,1,1.0,1,1.0,1,1.0,2.8993665787681446,3.6971058313323817,1,1,1,1,1
cell_subsample,0.75,0,96,xenium_human_skin_melanoma,182.5699,64.9754,64.9754,1,1,1.0,1,1.0,1,1.0,1,1.0,3.1307280947294136,4.414207611828103,1,1,1,1,1
cell_subsample,0.75,0,97,xenium_human_skin_melanoma,187.7386,72.7834,76.8337,28,0,1.0,0,1.0,0,1.0,1,1.0,3.350323371794818,5.13747722955641,28,0,0,0,1
cell_subsample,0.75,0,98,xenium_human_skin_melanoma,186.2966,65.8831,65.8831,1,1,1.0,1,1.0,1,1.0,1,1.0,2.773918388436101,2.8433933080903704,1,1,1,1,1
cell_subsample,0.75,0,99,xenium_human_skin_melanoma,181.5042,60.4258,61.7774,3,0,1.0,1,1.0,1,1.0,1,1.0,2.9754287699246293,4.537161234374995,3,0,1,1,1
cell_subsample,0.75,1,0,xenium_human_skin_melanoma,201.2172,83.9211,87.6448,6,0,1.0,0,1.0,0,1.0,1,1.0,2.6535020535403078,6.128061575567315,6,0,0,0,1
cell_subsample,0.75,1,1,xenium_human_skin_melanoma,190.2797,40.2023,40.2023,1,1,1.0,1,1.0,1,1.0,1,1.0,3.79835192592036,4.005401733426193,1,1,1,1,1
cell_subsample,0.75,1,2,xenium_human_skin_melanoma,188.2858,70.1042,70.1042,1,1,1.0,1,1.0,1,1.0,1,1.0,2.7203458449407902,4.730426491328744,1,1,1,1,1
cell_subsample,0.75,1,3,xenium_human_skin_melanoma,189.4402,63.359,63.359,1,1,1.0,1,1.0,1,1.0,1,1.0,3.418301140934124,4.294379472007776,1,1,1,1,1
cell_subsample,0.75,1,4,xenium_human_skin_melanoma,189.4628,84.0858,84.0858,1,1,1.0,1,1.0,1,1.0,1,1.0,2.692233151039426,5.294883893807457,1,1,1,1,1
cell_subsample,0.75,1,5,xenium_human_skin_melanoma,186.5247,64.4386,66.4133,2,0,1.0,0,1.0,1,1.0,1,1.0,3.3648499974652406,4.137730465458869,2,0,0,1,1
cell_subsample,0.75,1,6,xenium_human_skin_melanoma,185.9687,66.8199,69.2706,14,0,1.0,0,1.0,1,1.0,1,1.0,2.881598260109061,4.899141051675424,14,0,0,1,1
cell_subsample,0.75,1,7,xenium_human_skin_melanoma,186.2865,49.6585,50.5932,3,0,1.0,1,1.0,1,1.0,1,1.0,3.838337034946491,2.6069631278299923,3,0,1,1,1
cell_subsample,0.75,1,8,xenium_human_skin_melanoma,185.7892,46.4538,46.4538,1,1,1.0,1,1.0,1,1.0,1,1.0,3.8768161590788592,3.6539855392697986,1,1,1,1,1
cell_subsample,0.75,1,9,xenium_human_skin_melanoma,186.39,64.7292,69.2939,15,0,1.0,0,1.0,0,1.0,1,1.0,2.942219812212866,4.1587223438502035,15,0,0,0,1
cell_subsample,0.75,1,10,xenium_human_skin_melanoma,189.049,53.8101,56.2781,8,0,1.0,0,1.0,1,1.0,1,1.0,3.6185783948230155,4.358751023569563,8,0,0,1,1
cell_subsample,0.75,1,11,xenium_human_skin_melanoma,187.3396,50.4429,50.4429,1,1,1.0,1,1.0,1,1.0,1,1.0,3.360318380401557,3.3621569945487426,1,1,1,1,1
cell_subsample,0.75,1,12,xenium_human_skin_melanoma,185.2779,52.4759,52.4759,1,1,1.0,1,1.0,1,1.0,1,1.0,3.593054722385592,3.553244633812307,1,1,1,1,1
cell_subsample,0.75,1,13,xenium_human_skin_melanoma,186.3998,46.3413,46.3413,1,1,1.0,1,1.0,1,1.0,1,1.0,3.7367521472370395,3.857359573151496,1,1,1,1,1
cell_subsample,0.75,1,14,xenium_human_skin_melanoma,187.5163,53.8045,53.8045,1,1,1.0,1,1.0,1,1.0,1,1.0,3.493466494274792,4.574413331028795,1,1,1,1,1
cell_subsample,0.75,1,15,xenium_human_skin_melanoma,188.7491,69.4626,69.4626,1,1,1.0,1,1.0,1,1.0,1,1.0,2.690521644879057,4.701953204057236,1,1,1,1,1
cell_subsample,0.75,1,16,xenium_human_skin_melanoma,185.7745,49.085,49.085,1,1,1.0,1,1.0,1,1.0,1,1.0,3.7760178342416038,4.917136053903059,1,1,1,1,1
cell_subsample,0.75,1,17,xenium_human_skin_melanoma,181.5071,54.3104,54.3104,1,1,1.0,1,1.0,1,1.0,1,1.0,3.279423414238013,3.6077315045606504,1,1,1,1,1
cell_subsample,0.75,1,18,xenium_human_skin_melanoma,184.7008,71.8933,71.8933,1,1,1.0,1,1.0,1,1.0,1,1.0,3.2845304127774377,5.723828600268879,1,1,1,1,1
cell_subsample,0.75,1,19,xenium_human_skin_melanoma,187.1677,72.4752,72.4752,1,1,1.0,1,1.0,1,1.0,1,1.0,2.7748359150024027,5.942419851608616,1,1,1,1,1
cell_subsample,0.75,1,20,xenium_human_skin_melanoma,187.8118,68.3737,68.3737,1,1,1.0,1,1.0,1,1.0,1,1.0,2.899832661184721,3.365382126207501,1,1,1,1,1
cell_subsample,0.75,1,21,xenium_human_skin_melanoma,184.161,62.7781,62.7781,1,1,1.0,1,1.0,1,1.0,1,1.0,3.007284761425459,5.279209571850395,1,1,1,1,1
cell_subsample,0.75,1,22,xenium_human_skin_melanoma,181.8955,40.186,40.186,1,1,1.0,1,1.0,1,1.0,1,1.0,3.8265994870536564,2.4839298229903077,1,1,1,1,1
cell_subsample,0.75,1,23,xenium_human_skin_melanoma,188.3854,64.0478,64.0478,1,1,1.0,1,1.0,1,1.0,1,1.0,2.94133878372525,3.4958668681054332,1,1,1,1,1
cell_subsample,0.75,1,24,xenium_human_skin_melanoma,186.1477,76.4336,78.1574,4,0,1.0,1,1.0,1,1.0,1,1.0,2.811822911800294,3.7562625021259355,4,0,1,1,1
cell_subsample,0.75,1,25,xenium_human_skin_melanoma,181.028,49.6209,50.5859,3,0,1.0,1,1.0,1,1.0,1,1.0,3.6573256920041173,2.6041058862272073,3,0,1,1,1
cell_subsample,0.75,1,26,xenium_human_skin_melanoma,185.4591,39.1867,39.1867,1,1,1.0,1,1.0,1,1.0,1,1.0,3.943234074502386,2.871272198300869,1,1,1,1,1
cell_subsample,0.75,1,27,xenium_human_skin_melanoma,184.2026,75.8682,82.5737,8,0,1.0,0,1.0,0,1.0,0,1.0,3.207029377577819,6.140921544694184,8,0,0,0,0
cell_subsample,0.75,1,28,xenium_human_skin_melanoma,187.5287,58.5483,61.8905,15,0,1.0,0,1.0,0,1.0,1,1.0,3.5180619054168893,3.35839280426184,15,0,0,0,1
cell_subsample,0.75,1,29,xenium_human_skin_melanoma,190.044,63.8401,72.3512,57,0,1.0,0,1.0,0,1.0,0,1.0,2.8312480870901653,5.288753169841277,57,0,0,0,0
cell_subsample,0.75,1,30,xenium_human_skin_melanoma,181.176,60.3228,61.6435,2,0,1.0,1,1.0,1,1.0,1,1.0,3.093922026909816,2.5162004022331015,2,0,1,1,1
cell_subsample,0.75,1,31,xenium_human_skin_melanoma,183.0497,69.0365,70.6415,4,0,1.0,1,1.0,1,1.0,1,1.0,2.850296570979704,4.6097772597688795,4,0,1,1,1
cell_subsample,0.75,1,32,xenium_human_skin_melanoma,184.7078,68.5486,69.7827,3,0,1.0,1,1.0,1,1.0,1,1.0,2.726085021431342,4.629511661932263,3,0,1,1,1
cell_subsample,0.75,1,33,xenium_human_skin_melanoma,187.0923,83.0616,83.0616,1,1,1.0,1,1.0,1,1.0,1,1.0,2.8124913926532153,3.5270903215554315,1,1,1,1,1
cell_subsample,0.75,1,34,xenium_human_skin_melanoma,186.7761,62.4036,62.4036,1,1,1.0,1,1.0,1,1.0,1,1.0,2.8596371514697005,3.506574967045973,1,1,1,1,1
cell_subsample,0.75,1,35,xenium_human_skin_melanoma,181.0265,62.8477,65.8342,4,0,1.0,0,1.0,1,1.0,1,1.0,2.817721938164873,3.468063261750698,4,0,0,1,1
cell_subsample,0.75,1,36,xenium_human_skin_melanoma,183.2508,53.6544,54.4471,4,0,1.0,1,1.0,1,1.0,1,1.0,3.545284787870526,3.913817588936106,4,0,1,1,1
cell_subsample,0.75,1,37,xenium_human_skin_melanoma,185.8311,58.6333,58.6333,1,1,1.0,1,1.0,1,1.0,1,1.0,2.9428707271455643,5.392381809709941,1,1,1,1,1
cell_subsample,0.75,1,38,xenium_human_skin_melanoma,188.0918,53.152,59.6002,37,0,1.0,0,1.0,0,1.0,0,1.0,3.765933824972403,4.561343603640998,37,0,0,0,0
cell_subsample,0.75,1,39,xenium_human_skin_melanoma,184.5955,62.148,62.148,1,1,1.0,1,1.0,1,1.0,1,1.0,3.289728363748238,3.4882169716690425,1,1,1,1,1
cell_subsample,0.75,1,40,xenium_human_skin_melanoma,184.1839,65.1238,68.3834,7,0,1.0,0,1.0,1,1.0,1,1.0,2.6776782247197555,4.86394645963097,7,0,0,1,1
cell_subsample,0.75,1,41,xenium_human_skin_melanoma,185.2412,60.9975,63.0259,7,0,1.0,0,1.0,1,1.0,1,1.0,2.717492944319726,4.247442687353116,7,0,0,1,1
cell_subsample,0.75,1,42,xenium_human_skin_melanoma,188.2159,69.1273,69.7482,2,1,1.0,1,1.0,1,1.0,1,1.0,2.902405287789787,3.196139978555961,2,1,1,1,1
cell_subsample,0.75,1,43,xenium_human_skin_melanoma,186.2153,74.4888,74.4888,1,1,1.0,1,1.0,1,1.0,1,1.0,2.5637708439740523,4.701599210365654,1,1,1,1,1
cell_subsample,0.75,1,44,xenium_human_skin_melanoma,180.2711,47.046,50.3095,2,0,1.0,0,1.0,0,1.0,1,1.0,3.604492478573292,3.881320818399695,2,0,0,0,1
cell_subsample,0.75,1,45,xenium_human_skin_melanoma,183.606,46.5023,46.5023,1,1,1.0,1,1.0,1,1.0,1,1.0,4.023288608971717,2.406942238086805,1,1,1,1,1
cell_subsample,0.75,1,46,xenium_human_skin_melanoma,183.3682,56.0438,59.2837,7,0,1.0,0,1.0,1,1.0,1,1.0,3.603901873300025,3.5463176104015797,7,0,0,1,1
cell_subsample,0.75,1,47,xenium_human_skin_melanoma,186.0919,59.2963,59.6533,2,1,1.0,1,1.0,1,1.0,1,1.0,3.4521530113260392,3.9860660924301308,2,1,1,1,1
cell_subsample,0.75,1,48,xenium_human_skin_melanoma,187.4671,60.4399,60.4399,1,1,1.0,1,1.0,1,1.0,1,1.0,2.871166640796341,3.3071106681797184,1,1,1,1,1
cell_subsample,0.75,1,49,xenium_human_skin_melanoma,180.6866,38.1504,38.1504,1,1,1.0,1,1.0,1,1.0,1,1.0,4.062203367925608,3.013531437265772,1,1,1,1,1
cell_subsample,0.75,1,50,xenium_human_skin_melanoma,184.7537,76.516,76.6887,2,1,1.0,1,1.0,1,1.0,1,1.0,2.7666117463310074,5.133889960074563,2,1,1,1,1
cell_subsample,0.75,1,51,xenium_human_skin_melanoma,186.5748,63.975,63.975,1,1,1.0,1,1.0,1,1.0,1,1.0,2.901847667411161,4.152766591356126,1,1,1,1,1
cell_subsample,0.75,1,52,xenium_human_skin_melanoma,189.6474,66.8047,66.8047,1,1,1.0,1,1.0,1,1.0,1,1.0,2.9393528588556235,3.3762905890569677,1,1,1,1,1
cell_subsample,0.75,1,53,xenium_human_skin_melanoma,184.2409,46.4432,48.6564,3,0,1.0,0,1.0,1,1.0,1,1.0,3.522029461264532,2.524643489364811,3,0,0,1,1
cell_subsample,0.75,1,54,xenium_human_skin_melanoma,182.9526,68.5447,69.6836,2,0,1.0,1,1.0,1,1.0,1,1.0,2.6486667412336615,5.698463902063792,2,0,1,1,1
cell_subsample,0.75,1,55,xenium_human_skin_melanoma,183.5563,75.1212,75.8702,2,0,1.0,1,1.0,1,1.0,1,1.0,3.185414317566847,4.717173650354379,2,0,1,1,1
cell_subsample,0.75,1,56,xenium_human_skin_melanoma,182.4559,62.675,62.675,1,1,1.0,1,1.0,1,1.0,1,1.0,2.826151432925983,3.251111898723315,1,1,1,1,1
cell_subsample,0.75,1,57,xenium_human_skin_melanoma,188.8187,57.5523,58.8864,3,0,1.0,1,1.0,1,1.0,1,1.0,3.0089396662873327,3.0250913240256496,3,0,1,1,1
cell_subsample,0.75,1,58,xenium_human_skin_melanoma,183.1536,56.694,59.0749,4,0,1.0,0,1.0,1,1.0,1,1.0,2.8565859511270104,5.610469618751247,4,0,0,1,1
cell_subsample,0.75,1,59,xenium_human_skin_melanoma,181.9577,67.8561,67.8561,1,1,1.0,1,1.0,1,1.0,1,1.0,2.784235243736699,2.435402372507513,1,1,1,1,1
cell_subsample,0.75,1,60,xenium_human_skin_melanoma,186.3118,62.2396,62.2396,1,1,1.0,1,1.0,1,1.0,1,1.0,3.468431154419561,3.7767237463751115,1,1,1,1,1
cell_subsample,0.75,1,61,xenium_human_skin_melanoma,185.0358,67.5106,68.1808,2,1,1.0,1,1.0,1,1.0,1,1.0,2.8245427849873628,5.117228760081074,2,1,1,1,1
cell_subsample,0.75,1,62,xenium_human_skin_melanoma,186.003,45.8507,45.8507,1,1,1.0,1,1.0,1,1.0,1,1.0,3.591831353630524,2.4112782860195923,1,1,1,1,1
cell_subsample,0.75,1,63,xenium_human_skin_melanoma,184.1089,62.6842,62.6842,1,1,1.0,1,1.0,1,1.0,1,1.0,2.815381962414313,4.527685969428102,1,1,1,1,1
cell_subsample,0.75,1,64,xenium_human_skin_melanoma,181.8025,48.5487,49.7662,4,0,1.0,1,1.0,1,1.0,1,1.0,3.641982836574011,3.4098577709223776,4,0,1,1,1
cell_subsample,0.75,1,65,xenium_human_skin_melanoma,184.3888,67.9502,67.9502,1,1,1.0,1,1.0,1,1.0,1,1.0,2.736658534344083,3.0793384465165325,1,1,1,1,1
cell_subsample,0.75,1,66,xenium_human_skin_melanoma,184.5835,99.9851,101.8856,3,0,1.0,0,1.0,1,1.0,1,1.0,2.0850091510036957,8.293563236849439,3,0,0,1,1
cell_subsample,0.75,1,67,xenium_human_skin_melanoma,186.9828,60.9133,64.6179,5,0,1.0,0,1.0,0,1.0,1,1.0,2.700444828389774,4.351936075991899,5,0,0,0,1
cell_subsample,0.75,1,68,xenium_human_skin_melanoma,180.4413,61.0199,61.0199,1,1,1.0,1,1.0,1,1.0,1,1.0,2.80969275120795,4.168203151794679,1,1,1,1,1
cell_subsample,0.75,1,69,xenium_human_skin_melanoma,185.9042,62.6582,69.8074,34,0,1.0,0,1.0,0,1.0,0,1.0,2.889750994038217,4.087008359174379,34,0,0,0,0
cell_subsample,0.75,1,70,xenium_human_skin_melanoma,184.6631,44.7472,45.8116,2,0,1.0,1,1.0,1,1.0,1,1.0,3.862064689629585,3.289518778343975,2,0,1,1,1
cell_subsample,0.75,1,71,xenium_human_skin_melanoma,190.0266,64.2979,68.5164,18,0,1.0,0,1.0,0,1.0,1,1.0,3.3994607156107786,4.34301067191176,18,0,0,0,1
cell_subsample,0.75,1,72,xenium_human_skin_melanoma,188.9257,50.1662,50.1662,1,1,1.0,1,1.0,1,1.0,1,1.0,3.76589049570252,3.0388808760473487,1,1,1,1,1
cell_subsample,0.75,1,73,xenium_human_skin_melanoma,186.2132,63.5137,63.5137,1,1,1.0,1,1.0,1,1.0,1,1.0,2.8541780538182557,3.6200211575918306,1,1,1,1,1
cell_subsample,0.75,1,74,xenium_human_skin_melanoma,185.5366,68.1338,68.1338,1,1,1.0,1,1.0,1,1.0,1,1.0,2.981458564806422,4.324386818865901,1,1,1,1,1
cell_subsample,0.75,1,75,xenium_human_skin_melanoma,189.4125,45.6387,48.7701,6,0,1.0,0,1.0,1,1.0,1,1.0,3.8350955371347215,3.15294711124061,6,0,0,1,1
cell_subsample,0.75,1,76,xenium_human_skin_melanoma,187.7845,79.5126,84.4046,24,0,1.0,0,1.0,0,1.0,1,1.0,2.5927358753600016,6.675789624697564,24,0,0,0,1
cell_subsample,0.75,1,77,xenium_human_skin_melanoma,183.3931,63.9195,70.9482,53,0,1.0,0,1.0,0,1.0,1,1.0,2.7882350037714168,5.060249752300779,53,0,0,0,1
cell_subsample,0.75,1,78,xenium_human_skin_melanoma,186.2358,48.819,51.1803,4,0,1.0,0,1.0,1,1.0,1,1.0,3.612956129290391,3.385414950368404,4,0,0,1,1
cell_subsample,0.75,1,79,xenium_human_skin_melanoma,189.2771,83.0101,87.9941,14,0,1.0,0,1.0,0,1.0,1,1.0,2.6948069487058404,6.883121230190392,14,0,0,0,1
cell_subsample,0.75,1,80,xenium_human_skin_melanoma,188.0418,68.8877,69.8936,4,0,1.0,1,1.0,1,1.0,1,1.0,2.9058579669980125,3.797243559916411,4,0,1,1,1
cell_subsample,0.75,1,81,xenium_human_skin_melanoma,181.6169,60.1906,64.5105,19,0,1.0,0,1.0,0,1.0,1,1.0,3.553502906058289,4.568746329665958,19,0,0,0,1
cell_subsample,0.75,1,82,xenium_human_skin_melanoma,181.9027,58.8923,58.8923,1,1,1.0,1,1.0,1,1.0,1,1.0,3.029114125663149,4.6618888194208346,1,1,1,1,1
cell_subsample,0.75,1,83,xenium_human_skin_melanoma,186.9414,68.1985,70.0866,2,0,1.0,0,1.0,1,1.0,1,1.0,2.712871155532232,4.934867151345224,2,0,0,1,1
cell_subsample,0.75,1,84,xenium_human_skin_melanoma,186.4196,39.0256,39.0256,1,1,1.0,1,1.0,1,1.0,1,1.0,4.028527937443486,1.978161049765153,1,1,1,1,1
cell_subsample,0.75,1,85,xenium_human_skin_melanoma,180.9306,67.798,70.369,2,0,1.0,0,1.0,1,1.0,1,1.0,2.9219936309608383,4.022745177341417,2,0,0,1,1
cell_subsample,0.75,1,86,xenium_human_skin_melanoma,185.7467,63.3089,67.1036,10,0,1.0,0,1.0,0,1.0,1,1.0,2.8888250748655873,5.422199241131169,10,0,0,0,1
cell_subsample,0.75,1,87,xenium_human_skin_melanoma,185.1753,68.6534,70.3154,3,0,1.0,1,1.0,1,1.0,1,1.0,2.835374516927378,3.9194120632025142,3,0,1,1,1
cell_subsample,0.75,1,88,xenium_human_skin_melanoma,187.3199,50.6237,50.6237,1,1,1.0,1,1.0,1,1.0,1,1.0,3.67162474141921,4.240693854216496,1,1,1,1,1
cell_subsample,0.75,1,89,xenium_human_skin_melanoma,186.2477,73.6568,73.6568,1,1,1.0,1,1.0,1,1.0,1,1.0,2.546373751762342,5.311087152251773,1,1,1,1,1
cell_subsample,0.75,1,90,xenium_human_skin_melanoma,180.9438,45.684,46.4192,3,0,1.0,1,1.0,1,1.0,1,1.0,3.520956769069597,2.414031725036386,3,0,1,1,1
cell_subsample,0.75,1,91,xenium_human_skin_melanoma,181.8554,59.5937,65.8884,33,0,1.0,0,1.0,0,1.0,1,1.0,3.4388368727358545,4.90100647863927,33,0,0,0,1
cell_subsample,0.75,1,92,xenium_human_skin_melanoma,181.3511,54.3021,54.8024,2,1,1.0,1,1.0,1,1.0,1,1.0,3.6619673888345305,3.2217491279885797,2,1,1,1,1
cell_subsample,0.75,1,93,xenium_human_skin_melanoma,187.3663,72.689,72.689,1,1,1.0,1,1.0,1,1.0,1,1.0,2.4876385843135678,5.505504195639739,1,1,1,1,1
cell_subsample,0.75,1,94,xenium_human_skin_melanoma,184.0106,49.5787,50.5775,2,0,1.0,1,1.0,1,1.0,1,1.0,3.706331486595299,1.9880134719000917,2,0,1,1,1
cell_subsample,0.75,1,95,xenium_human_skin_melanoma,180.2901,67.6615,71.2415,15,0,1.0,0,1.0,1,1.0,1,1.0,2.885557032996592,3.2734530244169786,15,0,0,1,1
cell_subsample,0.75,1,96,xenium_human_skin_melanoma,180.6991,64.9754,64.9754,1,1,1.0,1,1.0,1,1.0,1,1.0,3.1578266495032516,3.6114760978786338,1,1,1,1,1
cell_subsample,0.75,1,97,xenium_human_skin_melanoma,181.2502,72.7834,72.7834,1,1,1.0,1,1.0,1,1.0,1,1.0,3.3350823987020033,4.176408909237345,1,1,1,1,1
cell_subsample,0.75,1,98,xenium_human_skin_melanoma,185.5794,65.8831,65.8831,1,1,1.0,1,1.0,1,1.0,1,1.0,2.7633540488372543,3.4103985957100016,1,1,1,1,1
cell_subsample,0.75,1,99,xenium_human_skin_melanoma,181.4972,60.4258,60.4258,1,1,1.0,1,1.0,1,1.0,1,1.0,2.993659852993137,3.0110731710626655,1,1,1,1,1
cell_subsample,0.75,2,0,xenium_human_skin_melanoma,194.9119,83.9211,85.2774,2,0,1.0,1,1.0,1,1.0,1,1.0,2.7024252883064426,5.54142143773624,2,0,1,1,1
cell_subsample,0.75,2,1,xenium_human_skin_melanoma,188.4957,40.2023,40.2023,1,1,1.0,1,1.0,1,1.0,1,1.0,3.7515793453201627,2.9583041206607277,1,1,1,1,1
cell_subsample,0.75,2,2,xenium_human_skin_melanoma,186.9796,70.1042,75.3131,4,0,1.0,0,1.0,0,1.0,1,1.0,2.6333631163587192,5.072435315358451,4,0,0,0,1
cell_subsample,0.75,2,3,xenium_human_skin_melanoma,185.9786,63.359,66.0101,3,0,1.0,0,1.0,1,1.0,1,1.0,3.4330861808087123,3.9503422930795558,3,0,0,1,1
cell_subsample,0.75,2,4,xenium_human_skin_melanoma,184.4699,84.0858,84.0858,1,1,1.0,1,1.0,1,1.0,1,1.0,2.7716012483818306,4.543764780533211,1,1,1,1,1
cell_subsample,0.75,2,5,xenium_human_skin_melanoma,186.778,64.4386,64.4386,1,1,1.0,1,1.0,1,1.0,1,1.0,3.347909814356213,4.772826106692917,1,1,1,1,1
cell_subsample,0.75,2,6,xenium_human_skin_melanoma,185.8685,66.8199,69.2706,14,0,1.0,0,1.0,1,1.0,1,1.0,2.9066416022168378,4.840433437551135,14,0,0,1,1
cell_subsample,0.75,2,7,xenium_human_skin_melanoma,186.5386,49.6585,51.1319,4,0,1.0,1,1.0,1,1.0,1,1.0,3.842351823601844,3.4288645230119212,4,0,1,1,1
cell_subsample,0.75,2,8,xenium_human_skin_melanoma,186.9037,46.4538,46.4538,1,1,1.0,1,1.0,1,1.0,1,1.0,3.8763075280999653,3.0240389138604185,1,1,1,1,1
cell_subsample,0.75,2,9,xenium_human_skin_melanoma,185.6539,64.7292,66.1129,4,0,1.0,1,1.0,1,1.0,1,1.0,2.90825766687733,3.8898118130800765,4,0,1,1,1
cell_subsample,0.75,2,10,xenium_human_skin_melanoma,188.8686,53.8101,56.4121,9,0,1.0,0,1.0,1,1.0,1,1.0,3.6082426073639557,3.112057896508283,9,0,0,1,1
cell_subsample,0.75,2,11,xenium_human_skin_melanoma,191.1006,50.4429,54.7212,9,0,1.0,0,1.0,0,1.0,1,1.0,3.372466190120038,3.9104921903235397,9,0,0,0,1
cell_subsample,0.75,2,12,xenium_human_skin_melanoma,188.8836,52.4759,55.3597,4,0,1.0,0,1.0,1,1.0,1,1.0,3.544956890693035,3.7038945573301776,4,0,0,1,1
cell_subsample,0.75,2,13,xenium_human_skin_melanoma,188.2643,46.3413,46.3413,1,1,1.0,1,1.0,1,1.0,1,1.0,3.693842507670714,3.63664431944414,1,1,1,1,1
cell_subsample,0.75,2,14,xenium_human_skin_melanoma,185.7307,53.8045,56.9815,7,0,1.0,0,1.0,1,1.0,1,1.0,3.480083214833978,4.4187460012463875,7,0,0,1,1
cell_subsample,0.75,2,15,xenium_human_skin_melanoma,190.7236,69.4626,69.6992,2,1,1.0,1,1.0,1,1.0,1,1.0,2.708082685679513,5.119133233564573,2,1,1,1,1
cell_subsample,0.75,2,16,xenium_human_skin_melanoma,191.7816,49.085,51.3557,3,0,1.0,0,1.0,1,1.0,1,1.0,3.748483059115568,3.81086412486022,3,0,0,1,1
cell_subsample,0.75,2,17,xenium_human_skin_melanoma,187.2525,54.3104,54.3104,1,1,1.0,1,1.0,1,1.0,1,1.0,3.258030660706304,2.8812349332357474,1,1,1,1,1
cell_subsample,0.75,2,18,xenium_human_skin_melanoma,190.6474,71.8933,71.8933,1,1,1.0,1,1.0,1,1.0,1,1.0,3.28515185599954,6.219376483232772,1,1,1,1,1
cell_subsample,0.75,2,19,xenium_human_skin_melanoma,186.0942,72.4752,72.4752,1,1,1.0,1,1.0,1,1.0,1,1.0,2.7690038343115617,4.822759198398208,1,1,1,1,1
cell_subsample,0.75,2,20,xenium_human_skin_melanoma,190.945,68.3737,73.2583,24,0,1.0,0,1.0,0,1.0,1,1.0,2.893351812506987,4.588525514165497,24,0,0,0,1
cell_subsample,0.75,2,21,xenium_human_skin_melanoma,187.1676,62.7781,65.8907,6,0,1.0,0,1.0,1,1.0,1,1.0,2.889411191070353,4.9623534137453325,6,0,0,1,1
cell_subsample,0.75,2,22,xenium_human_skin_melanoma,183.9277,40.186,40.186,1,1,1.0,1,1.0,1,1.0,1,1.0,3.897659880015162,3.011872528419327,1,1,1,1,1
cell_subsample,0.75,2,23,xenium_human_skin_melanoma,186.752,64.0478,67.1763,4,0,1.0,0,1.0,1,1.0,1,1.0,2.9521392873626473,4.283008474856953,4,0,0,1,1
cell_subsample,0.75,2,24,xenium_human_skin_melanoma,185.7667,76.4336,78.1574,4,0,1.0,1,1.0,1,1.0,1,1.0,2.770507281905737,4.215196090779045,4,0,1,1,1
cell_subsample,0.75,2,25,xenium_human_skin_melanoma,190.8698,49.6209,50.0913,2,1,1.0,1,1.0,1,1.0,1,1.0,3.6149664512714375,2.475616013308719,2,1,1,1,1
cell_subsample,0.75,2,26,xenium_human_skin_melanoma,185.9825,39.1867,39.1867,1,1,1.0,1,1.0,1,1.0,1,1.0,3.9434194925491814,2.3689504194320845,1,1,1,1,1
cell_subsample,0.75,2,27,xenium_human_skin_melanoma,184.24,75.8682,75.8682,1,1,1.0,1,1.0,1,1.0,1,1.0,3.240936092676208,6.545723247910548,1,1,1,1,1
cell_subsample,0.75,2,28,xenium_human_skin_melanoma,187.2761,58.5483,58.5483,1,1,1.0,1,1.0,1,1.0,1,1.0,3.547137016569568,5.302240952903492,1,1,1,1,1
cell_subsample,0.75,2,29,xenium_human_skin_melanoma,186.4187,63.8401,68.1968,12,0,1.0,0,1.0,0,1.0,1,1.0,2.8314707839232116,3.740733474758865,12,0,0,0,1
cell_subsample,0.75,2,30,xenium_human_skin_melanoma,187.6386,60.3228,66.2751,19,0,1.0,0,1.0,0,1.0,1,1.0,3.111149900756714,3.7470367661298556,19,0,0,0,1
cell_subsample,0.75,2,31,xenium_human_skin_melanoma,187.831,69.0365,69.5515,3,1,1.0,1,1.0,1,1.0,1,1.0,2.829023460882401,4.18527324109017,3,1,1,1,1
cell_subsample,0.75,2,32,xenium_human_skin_melanoma,186.7131,68.5486,72.2817,9,0,1.0,0,1.0,0,1.0,1,1.0,2.770912078778425,5.199463654460992,9,0,0,0,1
cell_subsample,0.75,2,33,xenium_human_skin_melanoma,185.4752,83.0616,86.9297,2,0,1.0,0,1.0,0,1.0,1,1.0,2.8237667616673003,4.929808254038461,2,0,0,0,1
cell_subsample,0.75,2,34,xenium_human_skin_melanoma,189.0926,62.4036,62.4036,1,1,1.0,1,1.0,1,1.0,1,1.0,2.862386217984559,2.938536510508035,1,1,1,1,1
cell_subsample,0.75,2,35,xenium_human_skin_melanoma,187.4701,62.8477,69.801,37,0,1.0,0,1.0,0,1.0,1,1.0,2.784570947989845,3.3692223596465816,37,0,0,0,1
cell_subsample,0.75,2,36,xenium_human_skin_melanoma,185.1475,53.6544,53.822,2,1,1.0,1,1.0,1,1.0,1,1.0,3.5506096038207122,3.6572938388830782,2,1,1,1,1
cell_subsample,0.75,2,37,xenium_human_skin_melanoma,186.368,58.6333,63.5154,7,0,1.0,0,1.0,0,1.0,1,1.0,2.9693443255132554,4.491284707607231,7,0,0,0,1
cell_subsample,0.75,2,38,xenium_human_skin_melanoma,187.0918,53.152,53.152,1,1,1.0,1,1.0,1,1.0,1,1.0,3.8035580743205974,4.770605601862813,1,1,1,1,1
cell_subsample,0.75,2,39,xenium_human_skin_melanoma,189.937,62.148,62.148,1,1,1.0,1,1.0,1,1.0,1,1.0,3.2951304697474044,3.942767811838732,1,1,1,1,1
cell_subsample,0.75,2,40,xenium_human_skin_melanoma,188.955,65.1238,69.5814,13,0,1.0,0,1.0,0,1.0,1,1.0,2.6252517599305323,5.4420043358600125,13,0,0,0,1
cell_subsample,0.75,2,41,xenium_human_skin_melanoma,184.2393,60.9975,63.0259,7,0,1.0,0,1.0,1,1.0,1,1.0,2.7243811271697362,3.8950169888815216,7,0,0,1,1
cell_subsample,0.75,2,42,xenium_human_skin_melanoma,185.8397,69.1273,70.7908,7,0,1.0,1,1.0,1,1.0,1,1.0,2.9075007708926215,3.479778691461583,7,0,1,1,1
cell_subsample,0.75,2,43,xenium_human_skin_melanoma,186.5116,74.4888,75.1336,2,1,1.0,1,1.0,1,1.0,1,1.0,2.5440870593031244,3.089578966977015,2,1,1,1,1
cell_subsample,0.75,2,44,xenium_human_skin_melanoma,189.6841,47.046,50.3095,2,0,1.0,0,1.0,0,1.0,1,1.0,3.612483020505725,4.424577240497872,2,0,0,0,1
cell_subsample,0.75,2,45,xenium_human_skin_melanoma,186.9556,46.5023,46.5023,1,1,1.0,1,1.0,1,1.0,1,1.0,4.032173061066596,3.3864581065647292,1,1,1,1,1
cell_subsample,0.75,2,46,xenium_human_skin_melanoma,185.2547,56.0438,59.2837,7,0,1.0,0,1.0,1,1.0,1,1.0,3.602480985530897,4.047733328571512,7,0,0,1,1
cell_subsample,0.75,2,47,xenium_human_skin_melanoma,185.8,59.2963,60.5736,4,0,1.0,1,1.0,1,1.0,1,1.0,3.3990797303188365,4.684927568325018,4,0,1,1,1
cell_subsample,0.75,2,48,xenium_human_skin_melanoma,186.3245,60.4399,62.5806,5,0,1.0,0,1.0,1,1.0,1,1.0,2.91770754642649,4.289877418908859,5,0,0,1,1
cell_subsample,0.75,2,49,xenium_human_skin_melanoma,187.1393,38.1504,38.1504,1,1,1.0,1,1.0,1,1.0,1,1.0,4.0600833565316155,2.400078690978827,1,1,1,1,1
cell_subsample,0.75,2,50,xenium_human_skin_melanoma,185.3106,76.516,76.6887,2,1,1.0,1,1.0,1,1.0,1,1.0,2.710941441607318,4.067641836666523,2,1,1,1,1
cell_subsample,0.75,2,51,xenium_human_skin_melanoma,184.1594,63.975,63.975,1,1,1.0,1,1.0,1,1.0,1,1.0,2.909015148392713,3.281525515214222,1,1,1,1,1
cell_subsample,0.75,2,52,xenium_human_skin_melanoma,184.2472,66.8047,67.8937,2,0,1.0,1,1.0,1,1.0,1,1.0,2.9295180904766944,3.316057821076822,2,0,1,1,1
cell_subsample,0.75,2,53,xenium_human_skin_melanoma,190.125,46.4432,48.6564,3,0,1.0,0,1.0,1,1.0,1,1.0,3.5266742809252074,3.7245747715733533,3,0,0,1,1
cell_subsample,0.75,2,54,xenium_human_skin_melanoma,187.0192,68.5447,74.3594,13,0,1.0,0,1.0,0,1.0,1,1.0,2.585323252202897,4.393318722694612,13,0,0,0,1
cell_subsample,0.75,2,55,xenium_human_skin_melanoma,183.0601,75.1212,75.1212,1,1,1.0,1,1.0,1,1.0,1,1.0,3.2302210765172283,6.684326185229743,1,1,1,1,1
cell_subsample,0.75,2,56,xenium_human_skin_melanoma,183.5629,62.675,69.3362,24,0,1.0,0,1.0,0,1.0,1,1.0,2.839428926491678,4.2733900880490285,24,0,0,0,1
cell_subsample,0.75,2,57,xenium_human_skin_melanoma,185.987,57.5523,57.5523,1,1,1.0,1,1.0,1,1.0,1,1.0,2.9443259660475727,2.74453224481734,1,1,1,1,1
cell_subsample,0.75,2,58,xenium_human_skin_melanoma,189.2748,56.694,56.694,1,1,1.0,1,1.0,1,1.0,1,1.0,2.853363775827486,3.5826126876933424,1,1,1,1,1
cell_subsample,0.75,2,59,xenium_human_skin_melanoma,185.3563,67.8561,67.8561,1,1,1.0,1,1.0,1,1.0,1,1.0,2.7744769846991844,3.35654707818555,1,1,1,1,1
cell_subsample,0.75,2,60,xenium_human_skin_melanoma,182.3001,62.2396,65.2611,4,0,1.0,0,1.0,1,1.0,1,1.0,3.466330660714704,3.936991912194297,4,0,0,1,1
cell_subsample,0.75,2,61,xenium_human_skin_melanoma,180.4687,67.5106,68.1808,2,1,1.0,1,1.0,1,1.0,1,1.0,2.8414047021629534,4.014515948076635,2,1,1,1,1
cell_subsample,0.75,2,62,xenium_human_skin_melanoma,188.0203,45.8507,45.8507,1,1,1.0,1,1.0,1,1.0,1,1.0,3.634828042090398,2.7899623700276917,1,1,1,1,1
cell_subsample,0.75,2,63,xenium_human_skin_melanoma,188.0229,62.6842,62.6842,1,1,1.0,1,1.0,1,1.0,1,1.0,2.8476827620505607,4.884900248843231,1,1,1,1,1
cell_subsample,0.75,2,64,xenium_human_skin_melanoma,181.9602,48.5487,49.7662,4,0,1.0,1,1.0,1,1.0,1,1.0,3.619159631605497,3.518520152546619,4,0,1,1,1
cell_subsample,0.75,2,65,xenium_human_skin_melanoma,183.4764,67.9502,67.9502,1,1,1.0,1,1.0,1,1.0,1,1.0,2.815247485536163,4.360879391322955,1,1,1,1,1
cell_subsample,0.75,2,66,xenium_human_skin_melanoma,181.7175,99.9851,101.8856,3,0,1.0,0,1.0,1,1.0,1,1.0,2.0675837581427383,7.987606430644665,3,0,0,1,1
cell_subsample,0.75,2,67,xenium_human_skin_melanoma,188.2127,60.9133,60.9133,1,1,1.0,1,1.0,1,1.0,1,1.0,2.7277760340181176,3.921826682474032,1,1,1,1,1
cell_subsample,0.75,2,68,xenium_human_skin_melanoma,189.2571,61.0199,63.3897,6,0,1.0,0,1.0,1,1.0,1,1.0,2.813233650371072,3.8902033802760454,6,0,0,1,1
cell_subsample,0.75,2,69,xenium_human_skin_melanoma,183.3819,62.6582,62.6582,1,1,1.0,1,1.0,1,1.0,1,1.0,2.9206248554217042,3.985733355360298,1,1,1,1,1
cell_subsample,0.75,2,70,xenium_human_skin_melanoma,185.0274,44.7472,44.7472,1,1,1.0,1,1.0,1,1.0,1,1.0,3.8768887648824464,3.2122570354879976,1,1,1,1,1
cell_subsample,0.75,2,71,xenium_human_skin_melanoma,188.1161,64.2979,64.2995,2,1,1.0,1,1.0,1,1.0,1,1.0,3.4439028841280925,6.352983862805594,2,1,1,1,1
cell_subsample,0.75,2,72,xenium_human_skin_melanoma,186.6055,50.1662,50.1662,1,1,1.0,1,1.0,1,1.0,1,1.0,3.795665511187629,2.9034750145139725,1,1,1,1,1
cell_subsample,0.75,2,73,xenium_human_skin_melanoma,184.96,63.5137,67.2069,5,0,1.0,0,1.0,0,1.0,1,1.0,2.8523666170895083,3.9032906579882427,5,0,0,0,1
cell_subsample,0.75,2,74,xenium_human_skin_melanoma,184.4148,68.1338,68.1338,1,1,1.0,1,1.0,1,1.0,1,1.0,2.987877152055811,3.852991234176287,1,1,1,1,1
cell_subsample,0.75,2,75,xenium_human_skin_melanoma,183.7177,45.6387,49.255,7,0,1.0,0,1.0,0,1.0,1,1.0,3.859361489684197,2.3506021035908247,7,0,0,0,1
cell_subsample,0.75,2,76,xenium_human_skin_melanoma,186.8092,79.5126,91.7907,117,0,1.0,0,1.0,0,1.0,0,1.0,2.563526482506065,6.378551861106991,117,0,0,0,0
cell_subsample,0.75,2,77,xenium_human_skin_melanoma,187.9055,63.9195,68.6469,27,0,1.0,0,1.0,0,1.0,1,1.0,2.8012925329805447,5.555070931533798,27,0,0,0,1
cell_subsample,0.75,2,78,xenium_human_skin_melanoma,183.1909,48.819,49.2574,2,1,1.0,1,1.0,1,1.0,1,1.0,3.6138184207964357,2.7925863980999845,2,1,1,1,1
cell_subsample,0.75,2,79,xenium_human_skin_melanoma,182.6528,83.0101,87.9941,14,0,1.0,0,1.0,0,1.0,1,1.0,2.696162647393253,6.460942063418585,14,0,0,0,1
cell_subsample,0.75,2,80,xenium_human_skin_melanoma,181.2733,68.8877,70.4003,7,0,1.0,1,1.0,1,1.0,1,1.0,2.894050740954961,3.0047899703100973,7,0,1,1,1
cell_subsample,0.75,2,81,xenium_human_skin_melanoma,188.7812,60.1906,63.0481,7,0,1.0,0,1.0,1,1.0,1,1.0,3.5653169632925383,3.7748817793671128,7,0,0,1,1
cell_subsample,0.75,2,82,xenium_human_skin_melanoma,185.3094,58.8923,64.0222,8,0,1.0,0,1.0,0,1.0,1,1.0,2.998187761695885,4.307960493975035,8,0,0,0,1
cell_subsample,0.75,2,83,xenium_human_skin_melanoma,180.1642,68.1985,72.1307,3,0,1.0,0,1.0,0,1.0,1,1.0,2.712270010706831,3.8662061002209005,3,0,0,0,1
cell_subsample,0.75,2,84,xenium_human_skin_melanoma,182.551,39.0256,39.0256,1,1,1.0,1,1.0,1,1.0,1,1.0,4.049306859651856,1.6678198724213955,1,1,1,1,1
cell_subsample,0.75,2,85,xenium_human_skin_melanoma,184.5817,67.798,70.369,2,0,1.0,0,1.0,1,1.0,1,1.0,2.8994981279929237,4.674729381373217,2,0,0,1,1
cell_subsample,0.75,2,86,xenium_human_skin_melanoma,187.0613,63.3089,67.1036,10,0,1.0,0,1.0,0,1.0,1,1.0,2.8889872668623107,5.528954106504729,10,0,0,0,1
cell_subsample,0.75,2,87,xenium_human_skin_melanoma,180.5411,68.6534,68.6534,1,1,1.0,1,1.0,1,1.0,1,1.0,2.852218477828963,3.4528240022198653,1,1,1,1,1
cell_subsample,0.75,2,88,xenium_human_skin_melanoma,181.2101,50.6237,50.6237,1,1,1.0,1,1.0,1,1.0,1,1.0,3.7218187729250145,3.4239048438876134,1,1,1,1,1
cell_subsample,0.75,2,89,xenium_human_skin_melanoma,179.2832,73.6568,73.6568,1,1,1.0,1,1.0,1,1.0,1,1.0,2.567653693050843,4.640148808161203,1,1,1,1,1
cell_subsample,0.75,2,90,xenium_human_skin_melanoma,183.8839,45.684,46.4192,3,0,1.0,1,1.0,1,1.0,1,1.0,3.590191477389286,3.1164995399529607,3,0,1,1,1
cell_subsample,0.75,2,91,xenium_human_skin_melanoma,188.6754,59.5937,65.8884,33,0,1.0,0,1.0,0,1.0,1,1.0,3.4357698630649645,5.595928891893969,33,0,0,0,1
cell_subsample,0.75,2,92,xenium_human_skin_melanoma,182.8567,54.3021,54.3021,1,1,1.0,1,1.0,1,1.0,1,1.0,3.7076165312480382,5.006122750039626,1,1,1,1,1
cell_subsample,0.75,2,93,xenium_human_skin_melanoma,180.371,72.689,73.8709,2,0,1.0,1,1.0,1,1.0,1,1.0,2.4872802395410236,5.083116841715834,2,0,1,1,1
cell_subsample,0.75,2,94,xenium_human_skin_melanoma,181.5094,49.5787,49.5787,1,1,1.0,1,1.0,1,1.0,1,1.0,3.7436165185063035,3.083218972779201,1,1,1,1,1
cell_subsample,0.75,2,95,xenium_human_skin_melanoma,185.9449,67.6615,69.556,6,0,1.0,0,1.0,1,1.0,1,1.0,2.8401932391982583,3.1435714097608733,6,0,0,1,1
cell_subsample,0.75,2,96,xenium_human_skin_melanoma,183.6852,64.9754,74.5254,22,0,1.0,0,1.0,0,1.0,0,1.0,3.1379262184829098,3.8002728570828883,22,0,0,0,0
cell_subsample,0.75,2,97,xenium_human_skin_melanoma,181.6571,72.7834,73.615,2,0,1.0,1,1.0,1,1.0,1,1.0,3.3870837682218364,4.051513870293646,2,0,1,1,1
cell_subsample,0.75,2,98,xenium_human_skin_melanoma,180.9706,65.8831,65.8831,1,1,1.0,1,1.0,1,1.0,1,1.0,2.767811889036003,4.495863566869694,1,1,1,1,1
cell_subsample,0.75,2,99,xenium_human_skin_melanoma,180.9369,60.4258,61.7774,3,0,1.0,1,1.0,1,1.0,1,1.0,2.958742707128158,4.174569887706022,3,0,1,1,1
cell_subsample,0.75,3,0,xenium_human_skin_melanoma,197.641,83.9211,87.6448,6,0,1.0,0,1.0,0,1.0,1,1.0,2.721953126641171,7.346872583588539,6,0,0,0,1
cell_subsample,0.75,3,1,xenium_human_skin_melanoma,190.5167,40.2023,40.2023,1,1,1.0,1,1.0,1,1.0,1,1.0,3.7431137428341503,2.260615802622446,1,1,1,1,1
cell_subsample,0.75,3,2,xenium_human_skin_melanoma,187.8971,70.1042,71.0099,2,0,1.0,1,1.0,1,1.0,1,1.0,2.66253874361045,3.7445801766689213,2,0,1,1,1
cell_subsample,0.75,3,3,xenium_human_skin_melanoma,186.8305,63.359,63.359,1,1,1.0,1,1.0,1,1.0,1,1.0,3.4183386148972654,3.3184910756497583,1,1,1,1,1
cell_subsample,0.75,3,4,xenium_human_skin_melanoma,188.0373,84.0858,84.4305,2,1,1.0,1,1.0,1,1.0,1,1.0,2.707336524423829,4.811647485906745,2,1,1,1,1
cell_subsample,0.75,3,5,xenium_human_skin_melanoma,184.7151,64.4386,64.4386,1,1,1.0,1,1.0,1,1.0,1,1.0,3.37555779207924,4.056237288851593,1,1,1,1,1
cell_subsample,0.75,3,6,xenium_human_skin_melanoma,185.5619,66.8199,66.9686,2,1,1.0,1,1.0,1,1.0,1,1.0,2.8581440482507676,4.768245846974347,2,1,1,1,1
cell_subsample,0.75,3,7,xenium_human_skin_melanoma,184.7918,49.6585,50.5932,3,0,1.0,1,1.0,1,1.0,1,1.0,3.8359980350803875,2.9802863520859546,3,0,1,1,1
cell_subsample,0.75,3,8,xenium_human_skin_melanoma,186.1567,46.4538,46.4538,1,1,1.0,1,1.0,1,1.0,1,1.0,3.908598764068536,3.426288245083355,1,1,1,1,1
cell_subsample,0.75,3,9,xenium_human_skin_melanoma,189.2296,64.7292,66.1129,4,0,1.0,1,1.0,1,1.0,1,1.0,2.9233446454028584,4.3483842374660195,4,0,1,1,1
cell_subsample,0.75,3,10,xenium_human_skin_melanoma,184.7772,53.8101,56.4121,9,0,1.0,0,1.0,1,1.0,1,1.0,3.621109448750221,4.607681578207102,9,0,0,1,1
cell_subsample,0.75,3,11,xenium_human_skin_melanoma,186.2261,50.4429,50.4429,1,1,1.0,1,1.0,1,1.0,1,1.0,3.3514432967974632,3.8527816036516267,1,1,1,1,1
cell_subsample,0.75,3,12,xenium_human_skin_melanoma,189.1331,52.4759,55.3597,4,0,1.0,0,1.0,1,1.0,1,1.0,3.5523010067612706,4.248466429048222,4,0,0,1,1
cell_subsample,0.75,3,13,xenium_human_skin_melanoma,186.8359,46.3413,46.3413,1,1,1.0,1,1.0,1,1.0,1,1.0,3.6823348781559058,2.865181972174167,1,1,1,1,1
cell_subsample,0.75,3,14,xenium_human_skin_melanoma,183.3199,53.8045,53.8045,1,1,1.0,1,1.0,1,1.0,1,1.0,3.5332088032480664,5.797338162661652,1,1,1,1,1
cell_subsample,0.75,3,15,xenium_human_skin_melanoma,185.8093,69.4626,69.4626,1,1,1.0,1,1.0,1,1.0,1,1.0,2.691438585914684,5.064875949771799,1,1,1,1,1
cell_subsample,0.75,3,16,xenium_human_skin_melanoma,186.0948,49.085,49.085,1,1,1.0,1,1.0,1,1.0,1,1.0,3.7534487495856452,3.5352526822945682,1,1,1,1,1
cell_subsample,0.75,3,17,xenium_human_skin_melanoma,188.7391,54.3104,54.3104,1,1,1.0,1,1.0,1,1.0,1,1.0,3.2383544879341395,3.5408864632479227,1,1,1,1,1
cell_subsample,0.75,3,18,xenium_human_skin_melanoma,183.1521,71.8933,74.2826,2,0,1.0,0,1.0,1,1.0,1,1.0,3.283022866468544,5.481871454379987,2,0,0,1,1
cell_subsample,0.75,3,19,xenium_human_skin_melanoma,185.003,72.4752,72.4752,1,1,1.0,1,1.0,1,1.0,1,1.0,2.8218587123773284,5.2478434705899915,1,1,1,1,1
cell_subsample,0.75,3,20,xenium_human_skin_melanoma,188.126,68.3737,68.3737,1,1,1.0,1,1.0,1,1.0,1,1.0,2.922260632948224,4.461059765355173,1,1,1,1,1
cell_subsample,0.75,3,21,xenium_human_skin_melanoma,186.0426,62.7781,65.8907,6,0,1.0,0,1.0,1,1.0,1,1.0,2.918138887356404,4.638630756346657,6,0,0,1,1
cell_subsample,0.75,3,22,xenium_human_skin_melanoma,183.8607,40.186,42.0388,3,0,1.0,0,1.0,1,1.0,1,1.0,3.8659557361358132,2.507824497395416,3,0,0,1,1
cell_subsample,0.75,3,23,xenium_human_skin_melanoma,183.6316,64.0478,64.0478,1,1,1.0,1,1.0,1,1.0,1,1.0,2.975260527444274,4.364529655769128,1,1,1,1,1
cell_subsample,0.75,3,24,xenium_human_skin_melanoma,186.5554,76.4336,80.4367,16,0,1.0,0,1.0,0,1.0,1,1.0,2.780808913408808,3.806230683643483,16,0,0,0,1
cell_subsample,0.75,3,25,xenium_human_skin_melanoma,186.9121,49.6209,50.0913,2,1,1.0,1,1.0,1,1.0,1,1.0,3.6679421438329585,2.99899799462533,2,1,1,1,1
cell_subsample,0.75,3,26,xenium_human_skin_melanoma,185.0435,39.1867,39.1867,1,1,1.0,1,1.0,1,1.0,1,1.0,4.025671718815269,2.808180853003503,1,1,1,1,1
cell_subsample,0.75,3,27,xenium_human_skin_melanoma,183.6093,75.8682,75.8682,1,1,1.0,1,1.0,1,1.0,1,1.0,3.2990913895807408,6.837539794322578,1,1,1,1,1
cell_subsample,0.75,3,28,xenium_human_skin_melanoma,187.4887,58.5483,58.5483,1,1,1.0,1,1.0,1,1.0,1,1.0,3.5379254480047635,4.415630449436603,1,1,1,1,1
cell_subsample,0.75,3,29,xenium_human_skin_melanoma,185.0019,63.8401,68.7573,16,0,1.0,0,1.0,0,1.0,1,1.0,2.8391835891392336,3.334503585361019,16,0,0,0,1
cell_subsample,0.75,3,30,xenium_human_skin_melanoma,180.3459,60.3228,61.6435,2,0,1.0,1,1.0,1,1.0,1,1.0,3.183815623649686,3.0806061392327777,2,0,1,1,1
cell_subsample,0.75,3,31,xenium_human_skin_melanoma,181.3149,69.0365,72.688,11,0,1.0,0,1.0,0,1.0,1,1.0,2.8853731763649275,6.222712288037181,11,0,0,0,1
cell_subsample,0.75,3,32,xenium_human_skin_melanoma,186.957,68.5486,74.2519,27,0,1.0,0,1.0,0,1.0,1,1.0,2.7336528102170807,4.476473283571838,27,0,0,0,1
cell_subsample,0.75,3,33,xenium_human_skin_melanoma,186.8185,83.0616,83.0616,1,1,1.0,1,1.0,1,1.0,1,1.0,2.8282409967249236,3.8180089807223947,1,1,1,1,1
cell_subsample,0.75,3,34,xenium_human_skin_melanoma,183.9101,62.4036,62.4036,1,1,1.0,1,1.0,1,1.0,1,1.0,2.8702487238762573,4.150537283777532,1,1,1,1,1
cell_subsample,0.75,3,35,xenium_human_skin_melanoma,184.7371,62.8477,65.8342,4,0,1.0,0,1.0,1,1.0,1,1.0,2.808028477855291,4.942006211118389,4,0,0,1,1
cell_subsample,0.75,3,36,xenium_human_skin_melanoma,187.9313,53.6544,54.4471,4,0,1.0,1,1.0,1,1.0,1,1.0,3.54459269061375,4.994466849266406,4,0,1,1,1
cell_subsample,0.75,3,37,xenium_human_skin_melanoma,184.842,58.6333,61.201,3,0,1.0,0,1.0,1,1.0,1,1.0,2.972170682077094,4.134153760290956,3,0,0,1,1
cell_subsample,0.75,3,38,xenium_human_skin_melanoma,181.2314,53.152,53.2726,2,1,1.0,1,1.0,1,1.0,1,1.0,3.7785036071300127,3.1871316791761855,2,1,1,1,1
cell_subsample,0.75,3,39,xenium_human_skin_melanoma,182.5398,62.148,62.148,1,1,1.0,1,1.0,1,1.0,1,1.0,3.2667966404281255,3.7340811056861143,1,1,1,1,1
cell_subsample,0.75,3,40,xenium_human_skin_melanoma,184.747,65.1238,74.1877,53,0,1.0,0,1.0,0,1.0,0,1.0,2.6745347057074507,4.745755581116987,53,0,0,0,0
cell_subsample,0.75,3,41,xenium_human_skin_melanoma,186.951,60.9975,63.0259,7,0,1.0,0,1.0,1,1.0,1,1.0,2.8108259482392084,3.7850736364414086,7,0,0,1,1
cell_subsample,0.75,3,42,xenium_human_skin_melanoma,181.781,69.1273,70.5326,4,0,1.0,1,1.0,1,1.0,1,1.0,2.8699616186690613,3.5004558651934987,4,0,1,1,1
cell_subsample,0.75,3,43,xenium_human_skin_melanoma,181.8819,74.4888,76.5276,8,0,1.0,0,1.0,1,1.0,1,1.0,2.6181927973005785,4.4350440490974945,8,0,0,1,1
cell_subsample,0.75,3,44,xenium_human_skin_melanoma,188.5476,47.046,47.046,1,1,1.0,1,1.0,1,1.0,1,1.0,3.5363273396182766,3.8308745458716364,1,1,1,1,1
cell_subsample,0.75,3,45,xenium_human_skin_melanoma,183.649,46.5023,47.4352,3,0,1.0,1,1.0,1,1.0,1,1.0,3.993631870682774,2.2228081859736664,3,0,1,1,1
cell_subsample,0.75,3,46,xenium_human_skin_melanoma,184.1447,56.0438,56.0438,1,1,1.0,1,1.0,1,1.0,1,1.0,3.583398540862261,3.083077994508191,1,1,1,1,1
cell_subsample,0.75,3,47,xenium_human_skin_melanoma,183.1238,59.2963,59.6533,2,1,1.0,1,1.0,1,1.0,1,1.0,3.414713399317075,3.3937286365528347,2,1,1,1,1
cell_subsample,0.75,3,48,xenium_human_skin_melanoma,186.7697,60.4399,60.4399,1,1,1.0,1,1.0,1,1.0,1,1.0,2.875019822985645,2.946807106934273,1,1,1,1,1
cell_subsample,0.75,3,49,xenium_human_skin_melanoma,186.0966,38.1504,38.1504,1,1,1.0,1,1.0,1,1.0,1,1.0,4.0800483911029986,3.1139024314428667,1,1,1,1,1
cell_subsample,0.75,3,50,xenium_human_skin_melanoma,181.414,76.516,76.6887,2,1,1.0,1,1.0,1,1.0,1,1.0,2.7583731345696507,5.375961334117049,2,1,1,1,1
cell_subsample,0.75,3,51,xenium_human_skin_melanoma,183.5812,63.975,68.5003,21,0,1.0,0,1.0,0,1.0,1,1.0,2.919668683830913,3.770978508585965,21,0,0,0,1
cell_subsample,0.75,3,52,xenium_human_skin_melanoma,187.8742,66.8047,70.5124,6,0,1.0,0,1.0,0,1.0,1,1.0,2.9286042722713295,4.262299652861544,6,0,0,0,1
cell_subsample,0.75,3,53,xenium_human_skin_melanoma,187.3018,46.4432,46.4432,1,1,1.0,1,1.0,1,1.0,1,1.0,3.530670332598989,2.899599410413266,1,1,1,1,1
cell_subsample,0.75,3,54,xenium_human_skin_melanoma,184.3391,68.5447,68.5447,1,1,1.0,1,1.0,1,1.0,1,1.0,2.58067530971196,4.323859938749735,1,1,1,1,1
cell_subsample,0.75,3,55,xenium_human_skin_melanoma,185.7223,75.1212,75.1212,1,1,1.0,1,1.0,1,1.0,1,1.0,3.2354867538693317,5.859514276406535,1,1,1,1,1
cell_subsample,0.75,3,56,xenium_human_skin_melanoma,190.7779,62.675,62.675,1,1,1.0,1,1.0,1,1.0,1,1.0,2.858947981866295,4.666338381938821,1,1,1,1,1
cell_subsample,0.75,3,57,xenium_human_skin_melanoma,188.2812,57.5523,58.209,2,1,1.0,1,1.0,1,1.0,1,1.0,2.9740908323343307,3.924580631346769,2,1,1,1,1
cell_subsample,0.75,3,58,xenium_human_skin_melanoma,182.7025,56.694,60.9665,8,0,1.0,0,1.0,0,1.0,1,1.0,2.811841063251191,4.449967336829368,8,0,0,0,1
cell_subsample,0.75,3,59,xenium_human_skin_melanoma,182.996,67.8561,72.2739,5,0,1.0,0,1.0,0,1.0,1,1.0,2.792012457326871,4.01723184207031,5,0,0,0,1
cell_subsample,0.75,3,60,xenium_human_skin_melanoma,188.5627,62.2396,66.7819,12,0,1.0,0,1.0,0,1.0,1,1.0,3.523961322135251,4.756915907517019,12,0,0,0,1
cell_subsample,0.75,3,61,xenium_human_skin_melanoma,189.8503,67.5106,68.1808,2,1,1.0,1,1.0,1,1.0,1,1.0,2.8367243603080503,4.577728673281561,2,1,1,1,1
cell_subsample,0.75,3,62,xenium_human_skin_melanoma,180.2077,45.8507,47.8444,3,0,1.0,0,1.0,1,1.0,1,1.0,3.5952606116117853,3.1538379265938357,3,0,0,1,1
cell_subsample,0.75,3,63,xenium_human_skin_melanoma,180.9244,62.6842,62.6842,1,1,1.0,1,1.0,1,1.0,1,1.0,2.855359654718572,5.016703739713081,1,1,1,1,1
cell_subsample,0.75,3,64,xenium_human_skin_melanoma,187.9136,48.5487,49.7662,4,0,1.0,1,1.0,1,1.0,1,1.0,3.6287916111942993,2.98440711252482,4,0,1,1,1
cell_subsample,0.75,3,65,xenium_human_skin_melanoma,183.626,67.9502,68.2768,3,1,1.0,1,1.0,1,1.0,1,1.0,2.8260015370734157,4.388137210305976,3,1,1,1,1
cell_subsample,0.75,3,66,xenium_human_skin_melanoma,180.435,99.9851,101.8856,3,0,1.0,0,1.0,1,1.0,1,1.0,2.003876849740254,8.270182626231566,3,0,0,1,1
cell_subsample,0.75,3,67,xenium_human_skin_melanoma,186.3396,60.9133,60.9133,1,1,1.0,1,1.0,1,1.0,1,1.0,2.7286402772930765,3.970542200741763,1,1,1,1,1
cell_subsample,0.75,3,68,xenium_human_skin_melanoma,186.5443,61.0199,61.0199,1,1,1.0,1,1.0,1,1.0,1,1.0,2.7962495524614877,3.4996763113192753,1,1,1,1,1
cell_subsample,0.75,3,69,xenium_human_skin_melanoma,186.2761,62.6582,65.7081,2,0,1.0,0,1.0,1,1.0,1,1.0,2.9183988629757005,3.577483571590055,2,0,0,1,1
cell_subsample,0.75,3,70,xenium_human_skin_melanoma,182.7694,44.7472,44.7472,1,1,1.0,1,1.0,1,1.0,1,1.0,3.8848898463670127,3.146664259004735,1,1,1,1,1
cell_subsample,0.75,3,71,xenium_human_skin_melanoma,183.8438,64.2979,64.2995,2,1,1.0,1,1.0,1,1.0,1,1.0,3.4052968950163383,4.46856395971408,2,1,1,1,1
cell_subsample,0.75,3,72,xenium_human_skin_melanoma,182.2888,50.1662,50.53,2,1,1.0,1,1.0,1,1.0,1,1.0,3.7990323125636545,3.2360638188032245,2,1,1,1,1
cell_subsample,0.75,3,73,xenium_human_skin_melanoma,186.8429,63.5137,63.5137,1,1,1.0,1,1.0,1,1.0,1,1.0,2.8362676463822587,3.9257565025508705,1,1,1,1,1
cell_subsample,0.75,3,74,xenium_human_skin_melanoma,182.2662,68.1338,68.1367,2,1,1.0,1,1.0,1,1.0,1,1.0,2.993183426201318,3.7275516603911294,2,1,1,1,1
cell_subsample,0.75,3,75,xenium_human_skin_melanoma,183.8895,45.6387,48.7701,6,0,1.0,0,1.0,1,1.0,1,1.0,3.882507517231027,2.8425623019549513,6,0,0,1,1
cell_subsample,0.75,3,76,xenium_human_skin_melanoma,183.3986,79.5126,85.9896,40,0,1.0,0,1.0,0,1.0,1,1.0,2.5590735217296,5.0158838809452835,40,0,0,0,1
cell_subsample,0.75,3,77,xenium_human_skin_melanoma,185.5162,63.9195,68.6469,27,0,1.0,0,1.0,0,1.0,1,1.0,2.770681770046616,4.3001093418177305,27,0,0,0,1
cell_subsample,0.75,3,78,xenium_human_skin_melanoma,187.2634,48.819,49.2574,2,1,1.0,1,1.0,1,1.0,1,1.0,3.646291171273975,3.0419036395393153,2,1,1,1,1
cell_subsample,0.75,3,79,xenium_human_skin_melanoma,182.0922,83.0101,87.9941,14,0,1.0,0,1.0,0,1.0,1,1.0,2.6973711827045777,6.242404136097853,14,0,0,0,1
cell_subsample,0.75,3,80,xenium_human_skin_melanoma,182.865,68.8877,69.8936,4,0,1.0,1,1.0,1,1.0,1,1.0,2.8926452721602502,4.469884197629767,4,0,1,1,1
cell_subsample,0.75,3,81,xenium_human_skin_melanoma,181.5602,60.1906,63.8646,14,0,1.0,0,1.0,0,1.0,1,1.0,3.591284467980923,3.823475470808151,14,0,0,0,1
cell_subsample,0.75,3,82,xenium_human_skin_melanoma,183.3709,58.8923,58.8923,1,1,1.0,1,1.0,1,1.0,1,1.0,3.023265845290325,3.06311502236726,1,1,1,1,1
cell_subsample,0.75,3,83,xenium_human_skin_melanoma,185.816,68.1985,72.1307,3,0,1.0,0,1.0,0,1.0,1,1.0,2.7106242791588517,3.6550663818631803,3,0,0,0,1
cell_subsample,0.75,3,84,xenium_human_skin_melanoma,183.5903,39.0256,39.0256,1,1,1.0,1,1.0,1,1.0,1,1.0,4.063589904561857,1.715349071388488,1,1,1,1,1
cell_subsample,0.75,3,85,xenium_human_skin_melanoma,181.4971,67.798,70.369,2,0,1.0,0,1.0,1,1.0,1,1.0,2.8942425998391714,4.580644239085066,2,0,0,1,1
cell_subsample,0.75,3,86,xenium_human_skin_melanoma,182.0737,63.3089,67.1036,10,0,1.0,0,1.0,0,1.0,1,1.0,2.8969672692426096,6.109570014032887,10,0,0,0,1
cell_subsample,0.75,3,87,xenium_human_skin_melanoma,188.4291,68.6534,71.9654,13,0,1.0,0,1.0,1,1.0,1,1.0,2.876979398974937,4.218658814823264,13,0,0,1,1
cell_subsample,0.75,3,88,xenium_human_skin_melanoma,184.5637,50.6237,50.6237,1,1,1.0,1,1.0,1,1.0,1,1.0,3.736125629415762,4.512820592096637,1,1,1,1,1
cell_subsample,0.75,3,89,xenium_human_skin_melanoma,180.1619,73.6568,73.6568,1,1,1.0,1,1.0,1,1.0,1,1.0,2.5123963826292797,5.362141235615532,1,1,1,1,1
cell_subsample,0.75,3,90,xenium_human_skin_melanoma,181.2886,45.684,46.9059,5,0,1.0,1,1.0,1,1.0,1,1.0,3.5512907711715718,2.676687136643086,5,0,1,1,1
cell_subsample,0.75,3,91,xenium_human_skin_melanoma,183.4004,59.5937,61.8044,4,0,1.0,0,1.0,1,1.0,1,1.0,3.4346003631319126,3.69420973619946,4,0,0,1,1
cell_subsample,0.75,3,92,xenium_human_skin_melanoma,188.0385,54.3021,56.4235,3,0,1.0,0,1.0,1,1.0,1,1.0,3.663618585335468,4.0254212750316825,3,0,0,1,1
cell_subsample,0.75,3,93,xenium_human_skin_melanoma,182.7478,72.689,72.689,1,1,1.0,1,1.0,1,1.0,1,1.0,2.4832566679255597,4.9870696373291,1,1,1,1,1
cell_subsample,0.75,3,94,xenium_human_skin_melanoma,180.9533,49.5787,50.9483,5,0,1.0,1,1.0,1,1.0,1,1.0,3.6697205956670653,2.5294617339437018,5,0,1,1,1
cell_subsample,0.75,3,95,xenium_human_skin_melanoma,182.8735,67.6615,71.3538,16,0,1.0,0,1.0,0,1.0,1,1.0,2.9095446632989828,4.3727462790533815,16,0,0,0,1
cell_subsample,0.75,3,96,xenium_human_skin_melanoma,185.7147,64.9754,64.9754,1,1,1.0,1,1.0,1,1.0,1,1.0,3.102071052478036,3.8997670473686563,1,1,1,1,1
cell_subsample,0.75,3,97,xenium_human_skin_melanoma,185.7019,72.7834,72.7834,1,1,1.0,1,1.0,1,1.0,1,1.0,3.3989981463782466,5.002965337201237,1,1,1,1,1
cell_subsample,0.75,3,98,xenium_human_skin_melanoma,179.897,65.8831,65.8831,1,1,1.0,1,1.0,1,1.0,1,1.0,2.778372910627697,4.545046282768733,1,1,1,1,1
cell_subsample,0.75,3,99,xenium_human_skin_melanoma,181.8253,60.4258,61.7774,3,0,1.0,1,1.0,1,1.0,1,1.0,2.973715897526021,4.2282490290543935,3,0,1,1,1
cell_subsample,0.75,4,0,xenium_human_skin_melanoma,198.1031,83.9211,83.9211,1,1,1.0,1,1.0,1,1.0,1,1.0,2.6571063851931225,4.177741962895854,1,1,1,1,1
cell_subsample,0.75,4,1,xenium_human_skin_melanoma,190.5217,40.2023,40.2023,1,1,1.0,1,1.0,1,1.0,1,1.0,3.7911986928518777,2.699541736701,1,1,1,1,1
cell_subsample,0.75,4,2,xenium_human_skin_melanoma,188.8972,70.1042,71.0099,2,0,1.0,1,1.0,1,1.0,1,1.0,2.7046647479579504,4.289920344006457,2,0,1,1,1
cell_subsample,0.75,4,3,xenium_human_skin_melanoma,193.1556,63.359,65.9825,2,0,1.0,0,1.0,1,1.0,1,1.0,3.413409617682765,6.453217767959311,2,0,0,1,1
cell_subsample,0.75,4,4,xenium_human_skin_melanoma,192.8856,84.0858,84.4305,2,1,1.0,1,1.0,1,1.0,1,1.0,2.7506597438229545,5.159735180473772,2,1,1,1,1
cell_subsample,0.75,4,5,xenium_human_skin_melanoma,191.891,64.4386,68.2007,6,0,1.0,0,1.0,0,1.0,1,1.0,3.3501676206355095,4.651756873879134,6,0,0,0,1
cell_subsample,0.75,4,6,xenium_human_skin_melanoma,192.3868,66.8199,66.8199,1,1,1.0,1,1.0,1,1.0,1,1.0,2.9235519232614866,4.977179334186691,1,1,1,1,1
cell_subsample,0.75,4,7,xenium_human_skin_melanoma,190.8756,49.6585,51.3434,5,0,1.0,0,1.0,1,1.0,1,1.0,3.82533200832114,3.087743444452811,5,0,0,1,1
cell_subsample,0.75,4,8,xenium_human_skin_melanoma,192.4257,46.4538,50.8143,4,0,1.0,0,1.0,0,1.0,1,1.0,3.9014869085010226,3.6612651981910638,4,0,0,0,1
cell_subsample,0.75,4,9,xenium_human_skin_melanoma,193.7684,64.7292,75.396,117,0,1.0,0,1.0,0,1.0,0,1.0,2.93181727425696,5.324815011122059,117,0,0,0,0
cell_subsample,0.75,4,10,xenium_human_skin_melanoma,195.1108,53.8101,55.9193,7,0,1.0,0,1.0,1,1.0,1,1.0,3.6383256119836367,3.3015905883227057,7,0,0,1,1
cell_subsample,0.75,4,11,xenium_human_skin_melanoma,192.4249,50.4429,50.4429,1,1,1.0,1,1.0,1,1.0,1,1.0,3.3441690540563354,2.1474532840504645,1,1,1,1,1
cell_subsample,0.75,4,12,xenium_human_skin_melanoma,190.7764,52.4759,52.4759,1,1,1.0,1,1.0,1,1.0,1,1.0,3.579011354698186,3.473042674139851,1,1,1,1,1
cell_subsample,0.75,4,13,xenium_human_skin_melanoma,188.7197,46.3413,46.3413,1,1,1.0,1,1.0,1,1.0,1,1.0,3.6966557873828316,3.5634651667779442,1,1,1,1,1
cell_subsample,0.75,4,14,xenium_human_skin_melanoma,190.7831,53.8045,53.8045,1,1,1.0,1,1.0,1,1.0,1,1.0,3.5037905711203705,6.064527203352646,1,1,1,1,1
cell_subsample,0.75,4,15,xenium_human_skin_melanoma,189.0414,69.4626,72.3771,7,0,1.0,0,1.0,1,1.0,1,1.0,2.7044898694632886,5.156434293590624,7,0,0,1,1
cell_subsample,0.75,4,16,xenium_human_skin_melanoma,186.0065,49.085,49.085,1,1,1.0,1,1.0,1,1.0,1,1.0,3.7796898922757216,3.8930867946623113,1,1,1,1,1
cell_subsample,0.75,4,17,xenium_human_skin_melanoma,186.0596,54.3104,54.3104,1,1,1.0,1,1.0,1,1.0,1,1.0,3.2422921817174037,2.9140502131791366,1,1,1,1,1
cell_subsample,0.75,4,18,xenium_human_skin_melanoma,188.0866,71.8933,71.8933,1,1,1.0,1,1.0,1,1.0,1,1.0,3.25174010949765,4.724919275560458,1,1,1,1,1
cell_subsample,0.75,4,19,xenium_human_skin_melanoma,194.324,72.4752,72.4752,1,1,1.0,1,1.0,1,1.0,1,1.0,2.7299731402841996,5.091465728913272,1,1,1,1,1
cell_subsample,0.75,4,20,xenium_human_skin_melanoma,189.9698,68.3737,74.1454,35,0,1.0,0,1.0,0,1.0,1,1.0,2.924050014688247,4.462766171261741,35,0,0,0,1
cell_subsample,0.75,4,21,xenium_human_skin_melanoma,185.5587,62.7781,62.7781,1,1,1.0,1,1.0,1,1.0,1,1.0,2.9109050462317883,3.208311030562486,1,1,1,1,1
cell_subsample,0.75,4,22,xenium_human_skin_melanoma,187.8437,40.186,40.186,1,1,1.0,1,1.0,1,1.0,1,1.0,3.9173243421738446,2.5507354863396903,1,1,1,1,1
cell_subsample,0.75,4,23,xenium_human_skin_melanoma,185.915,64.0478,66.9697,3,0,1.0,0,1.0,1,1.0,1,1.0,2.948259951469901,4.625726988310546,3,0,0,1,1
cell_subsample,0.75,4,24,xenium_human_skin_melanoma,190.807,76.4336,79.8266,11,0,1.0,0,1.0,1,1.0,1,1.0,2.800043010522034,3.6569581466541203,11,0,0,1,1
cell_subsample,0.75,4,25,xenium_human_skin_melanoma,189.7595,49.6209,50.5859,3,0,1.0,1,1.0,1,1.0,1,1.0,3.6441887258002046,3.0243027568085092,3,0,1,1,1
cell_subsample,0.75,4,26,xenium_human_skin_melanoma,184.7971,39.1867,39.1867,1,1,1.0,1,1.0,1,1.0,1,1.0,3.932995485135225,2.6486181077927347,1,1,1,1,1
cell_subsample,0.75,4,27,xenium_human_skin_melanoma,186.3839,75.8682,83.0332,13,0,1.0,0,1.0,0,1.0,0,1.0,3.2835697521181455,5.249082392202112,13,0,0,0,0
cell_subsample,0.75,4,28,xenium_human_skin_melanoma,189.0775,58.5483,58.5483,1,1,1.0,1,1.0,1,1.0,1,1.0,3.5089619780339447,3.4750292127662954,1,1,1,1,1
cell_subsample,0.75,4,29,xenium_human_skin_melanoma,188.205,63.8401,67.0808,4,0,1.0,0,1.0,1,1.0,1,1.0,2.8487199320512677,5.254380416756445,4,0,0,1,1
cell_subsample,0.75,4,30,xenium_human_skin_melanoma,184.9385,60.3228,66.7812,25,0,1.0,0,1.0,0,1.0,1,1.0,3.0781962344188543,3.289780493364736,25,0,0,0,1
cell_subsample,0.75,4,31,xenium_human_skin_melanoma,186.5359,69.0365,72.688,11,0,1.0,0,1.0,0,1.0,1,1.0,2.8729201099883532,5.359484338852068,11,0,0,0,1
cell_subsample,0.75,4,32,xenium_human_skin_melanoma,191.8179,68.5486,72.2817,9,0,1.0,0,1.0,0,1.0,1,1.0,2.7484444861059756,5.227639792264801,9,0,0,0,1
cell_subsample,0.75,4,33,xenium_human_skin_melanoma,188.0541,83.0616,83.0616,1,1,1.0,1,1.0,1,1.0,1,1.0,2.795953469117289,4.190213872888866,1,1,1,1,1
cell_subsample,0.75,4,34,xenium_human_skin_melanoma,183.7852,62.4036,64.1941,3,0,1.0,0,1.0,1,1.0,1,1.0,2.8619581950617983,4.112552282246529,3,0,0,1,1
cell_subsample,0.75,4,35,xenium_human_skin_melanoma,187.1383,62.8477,65.8342,4,0,1.0,0,1.0,1,1.0,1,1.0,2.809478446981233,3.3593419035016563,4,0,0,1,1
cell_subsample,0.75,4,36,xenium_human_skin_melanoma,188.098,53.6544,53.822,2,1,1.0,1,1.0,1,1.0,1,1.0,3.6006193883410695,5.565784386664324,2,1,1,1,1
cell_subsample,0.75,4,37,xenium_human_skin_melanoma,189.6635,58.6333,58.6333,1,1,1.0,1,1.0,1,1.0,1,1.0,2.9264948004294697,4.271872370084227,1,1,1,1,1
cell_subsample,0.75,4,38,xenium_human_skin_melanoma,186.3718,53.152,53.152,1,1,1.0,1,1.0,1,1.0,1,1.0,3.7773653354995793,4.536774001916392,1,1,1,1,1
cell_subsample,0.75,4,39,xenium_human_skin_melanoma,184.0073,62.148,62.148,1,1,1.0,1,1.0,1,1.0,1,1.0,3.2851124302674846,3.7491837364779474,1,1,1,1,1
cell_subsample,0.75,4,40,xenium_human_skin_melanoma,182.8093,65.1238,69.5212,12,0,1.0,0,1.0,0,1.0,1,1.0,2.6727021898744363,5.402028176762011,12,0,0,0,1
cell_subsample,0.75,4,41,xenium_human_skin_melanoma,189.3282,60.9975,63.9116,8,0,1.0,0,1.0,1,1.0,1,1.0,2.7655300759990693,4.685981326303755,8,0,0,1,1
cell_subsample,0.75,4,42,xenium_human_skin_melanoma,189.0412,69.1273,69.1273,1,1,1.0,1,1.0,1,1.0,1,1.0,2.898875904063256,4.5082194564523315,1,1,1,1,1
cell_subsample,0.75,4,43,xenium_human_skin_melanoma,184.2527,74.4888,74.4888,1,1,1.0,1,1.0,1,1.0,1,1.0,2.5530911548324093,2.9764030752789092,1,1,1,1,1
cell_subsample,0.75,4,44,xenium_human_skin_melanoma,184.7925,47.046,53.903,12,0,1.0,0,1.0,0,1.0,0,1.0,3.5751679313534503,4.791210606147772,12,0,0,0,0
cell_subsample,0.75,4,45,xenium_human_skin_melanoma,184.5189,46.5023,47.4352,3,0,1.0,1,1.0,1,1.0,1,1.0,4.012637415656213,2.435651079455808,3,0,1,1,1
cell_subsample,0.75,4,46,xenium_human_skin_melanoma,189.5474,56.0438,58.754,5,0,1.0,0,1.0,1,1.0,1,1.0,3.6014797280782007,4.391416464462723,5,0,0,1,1
cell_subsample,0.75,4,47,xenium_human_skin_melanoma,185.8513,59.2963,59.6533,2,1,1.0,1,1.0,1,1.0,1,1.0,3.4406879303735485,4.452001936236716,2,1,1,1,1
cell_subsample,0.75,4,48,xenium_human_skin_melanoma,183.0784,60.4399,62.5806,5,0,1.0,0,1.0,1,1.0,1,1.0,2.894431140716229,3.857670317705806,5,0,0,1,1
cell_subsample,0.75,4,49,xenium_human_skin_melanoma,187.2605,38.1504,38.1504,1,1,1.0,1,1.0,1,1.0,1,1.0,4.03934659253178,2.9645768475674776,1,1,1,1,1
cell_subsample,0.75,4,50,xenium_human_skin_melanoma,185.6946,76.516,76.6887,2,1,1.0,1,1.0,1,1.0,1,1.0,2.7532458376335245,3.51345891586931,2,1,1,1,1
cell_subsample,0.75,4,51,xenium_human_skin_melanoma,190.0803,63.975,66.7763,8,0,1.0,0,1.0,1,1.0,1,1.0,2.9371143750885724,3.5139583469518567,8,0,0,1,1
cell_subsample,0.75,4,52,xenium_human_skin_melanoma,188.3893,66.8047,70.6264,8,0,1.0,0,1.0,0,1.0,1,1.0,2.938371704622738,3.1193617272836596,8,0,0,0,1
cell_subsample,0.75,4,53,xenium_human_skin_melanoma,182.861,46.4432,48.094,2,0,1.0,1,1.0,1,1.0,1,1.0,3.556447344641403,3.2883260723782195,2,0,1,1,1
cell_subsample,0.75,4,54,xenium_human_skin_melanoma,184.1853,68.5447,72.1512,4,0,1.0,0,1.0,1,1.0,1,1.0,2.5953492939353624,4.1105647847345175,4,0,0,1,1
cell_subsample,0.75,4,55,xenium_human_skin_melanoma,187.8884,75.1212,76.2513,3,0,1.0,1,1.0,1,1.0,1,1.0,3.2132037985361124,6.1861037669031305,3,0,1,1,1
cell_subsample,0.75,4,56,xenium_human_skin_melanoma,187.7187,62.675,62.675,1,1,1.0,1,1.0,1,1.0,1,1.0,2.871403780719348,4.092432483312111,1,1,1,1,1
cell_subsample,0.75,4,57,xenium_human_skin_melanoma,183.7485,57.5523,57.5523,1,1,1.0,1,1.0,1,1.0,1,1.0,2.9868042646839843,4.614385834181721,1,1,1,1,1
cell_subsample,0.75,4,58,xenium_human_skin_melanoma,184.0711,56.694,58.3674,3,0,1.0,1,1.0,1,1.0,1,1.0,2.8380615171907833,4.092753915521794,3,0,1,1,1
cell_subsample,0.75,4,59,xenium_human_skin_melanoma,183.6878,67.8561,72.5309,8,0,1.0,0,1.0,0,1.0,1,1.0,2.788584370406958,3.8619962949861795,8,0,0,0,1
cell_subsample,0.75,4,60,xenium_human_skin_melanoma,188.084,62.2396,62.2396,1,1,1.0,1,1.0,1,1.0,1,1.0,3.4947207009786956,3.9256949989033654,1,1,1,1,1
cell_subsample,0.75,4,61,xenium_human_skin_melanoma,188.0734,67.5106,68.1808,2,1,1.0,1,1.0,1,1.0,1,1.0,2.882039750237326,5.468437403889846,2,1,1,1,1
cell_subsample,0.75,4,62,xenium_human_skin_melanoma,183.3436,45.8507,45.8507,1,1,1.0,1,1.0,1,1.0,1,1.0,3.616666441995216,3.728604205371197,1,1,1,1,1
cell_subsample,0.75,4,63,xenium_human_skin_melanoma,381.3081,62.6842,62.6842,1,1,1.0,1,1.0,1,1.0,1,1.0,2.884631309000854,5.645537875640009,1,1,1,1,1
cell_subsample,0.75,4,64,xenium_human_skin_melanoma,187.6224,48.5487,49.4361,3,0,1.0,1,1.0,1,1.0,1,1.0,3.665740938852158,3.454636980530397,3,0,1,1,1
cell_subsample,0.75,4,65,xenium_human_skin_melanoma,181.6692,67.9502,68.0634,2,1,1.0,1,1.0,1,1.0,1,1.0,2.764274112703143,3.677173060431749,2,1,1,1,1
cell_subsample,0.75,4,66,xenium_human_skin_melanoma,178.6158,99.9851,99.9851,1,1,1.0,1,1.0,1,1.0,1,1.0,2.0489006453938323,7.522082482605308,1,1,1,1,1
cell_subsample,0.75,4,67,xenium_human_skin_melanoma,184.7434,60.9133,61.8948,2,0,1.0,1,1.0,1,1.0,1,1.0,2.740968040105395,4.648208901675564,2,0,1,1,1
cell_subsample,0.75,4,68,xenium_human_skin_melanoma,180.5387,61.0199,62.1455,2,0,1.0,1,1.0,1,1.0,1,1.0,2.8370512816010844,4.186306895450462,2,0,1,1,1
cell_subsample,0.75,4,69,xenium_human_skin_melanoma,183.9482,62.6582,65.8155,3,0,1.0,0,1.0,1,1.0,1,1.0,2.917900186018266,4.842043726743688,3,0,0,1,1
cell_subsample,0.75,4,70,xenium_human_skin_melanoma,183.0692,44.7472,44.7472,1,1,1.0,1,1.0,1,1.0,1,1.0,3.883164482647357,3.5014309194088415,1,1,1,1,1
cell_subsample,0.75,4,71,xenium_human_skin_melanoma,179.0806,64.2979,64.2995,2,1,1.0,1,1.0,1,1.0,1,1.0,3.4217873905676637,5.1711877169738685,2,1,1,1,1
cell_subsample,0.75,4,72,xenium_human_skin_melanoma,183.885,50.1662,50.1662,1,1,1.0,1,1.0,1,1.0,1,1.0,3.7690109838416443,2.9441543145782845,1,1,1,1,1
cell_subsample,0.75,4,73,xenium_human_skin_melanoma,183.9137,63.5137,63.5137,1,1,1.0,1,1.0,1,1.0,1,1.0,2.8922350103346037,3.100366787437879,1,1,1,1,1
cell_subsample,0.75,4,74,xenium_human_skin_melanoma,184.1344,68.1338,68.1338,1,1,1.0,1,1.0,1,1.0,1,1.0,2.9915827805152437,3.0097177902169103,1,1,1,1,1
cell_subsample,0.75,4,75,xenium_human_skin_melanoma,185.1033,45.6387,46.4304,2,0,1.0,1,1.0,1,1.0,1,1.0,3.875098602434858,3.702308577794936,2,0,1,1,1
cell_subsample,0.75,4,76,xenium_human_skin_melanoma,184.6266,79.5126,79.5126,1,1,1.0,1,1.0,1,1.0,1,1.0,2.6083837922713093,6.0060221304939825,1,1,1,1,1
cell_subsample,0.75,4,77,xenium_human_skin_melanoma,185.1267,63.9195,68.6469,27,0,1.0,0,1.0,0,1.0,1,1.0,2.7949871483281465,5.0877518752443995,27,0,0,0,1
cell_subsample,0.75,4,78,xenium_human_skin_melanoma,184.013,48.819,49.3561,3,1,1.0,1,1.0,1,1.0,1,1.0,3.628263462526269,2.706947855225115,3,1,1,1,1
cell_subsample,0.75,4,79,xenium_human_skin_melanoma,180.4377,83.0101,87.9941,14,0,1.0,0,1.0,0,1.0,1,1.0,2.6274566732722686,5.567594641504077,14,0,0,0,1
cell_subsample,0.75,4,80,xenium_human_skin_melanoma,181.5599,68.8877,68.8877,1,1,1.0,1,1.0,1,1.0,1,1.0,2.8603969751077796,2.9148634348259894,1,1,1,1,1
cell_subsample,0.75,4,81,xenium_human_skin_melanoma,185.9822,60.1906,63.0481,7,0,1.0,0,1.0,1,1.0,1,1.0,3.571596584595276,3.9489724948027445,7,0,0,1,1
cell_subsample,0.75,4,82,xenium_human_skin_melanoma,184.0937,58.8923,58.8923,1,1,1.0,1,1.0,1,1.0,1,1.0,3.0165117489646818,3.376588723704283,1,1,1,1,1
cell_subsample,0.75,4,83,xenium_human_skin_melanoma,181.2201,68.1985,68.1985,1,1,1.0,1,1.0,1,1.0,1,1.0,2.706298768892448,2.067299618306423,1,1,1,1,1
cell_subsample,0.75,4,84,xenium_human_skin_melanoma,182.689,39.0256,39.0256,1,1,1.0,1,1.0,1,1.0,1,1.0,4.045999782404588,2.2169808979705126,1,1,1,1,1
cell_subsample,0.75,4,85,xenium_human_skin_melanoma,181.6377,67.798,70.369,2,0,1.0,0,1.0,1,1.0,1,1.0,2.8900261934550397,4.185993328329516,2,0,0,1,1
cell_subsample,0.75,4,86,xenium_human_skin_melanoma,189.3835,63.3089,67.1036,10,0,1.0,0,1.0,0,1.0,1,1.0,2.8982183531162518,5.8851411450373,10,0,0,0,1
cell_subsample,0.75,4,87,xenium_human_skin_melanoma,185.978,68.6534,71.9654,13,0,1.0,0,1.0,1,1.0,1,1.0,2.8809762313562843,3.8538055804585998,13,0,0,1,1
cell_subsample,0.75,4,88,xenium_human_skin_melanoma,184.4718,50.6237,50.6237,1,1,1.0,1,1.0,1,1.0,1,1.0,3.7258804040342945,2.6595569825087213,1,1,1,1,1
cell_subsample,0.75,4,89,xenium_human_skin_melanoma,183.5059,73.6568,73.6568,1,1,1.0,1,1.0,1,1.0,1,1.0,2.562669655952978,5.401837479209863,1,1,1,1,1
cell_subsample,0.75,4,90,xenium_human_skin_melanoma,187.0128,45.684,46.9059,5,0,1.0,1,1.0,1,1.0,1,1.0,3.5118822146825295,2.5021078532965153,5,0,1,1,1
cell_subsample,0.75,4,91,xenium_human_skin_melanoma,186.4934,59.5937,64.0449,11,0,1.0,0,1.0,0,1.0,1,1.0,3.4305988465051724,4.619784594040819,11,0,0,0,1
cell_subsample,0.75,4,92,xenium_human_skin_melanoma,183.9775,54.3021,54.8024,2,1,1.0,1,1.0,1,1.0,1,1.0,3.6869960926754555,3.9469539311018713,2,1,1,1,1
cell_subsample,0.75,4,93,xenium_human_skin_melanoma,183.9366,72.689,73.8709,2,0,1.0,1,1.0,1,1.0,1,1.0,2.5081157630478894,6.64529120094147,2,0,1,1,1
cell_subsample,0.75,4,94,xenium_human_skin_melanoma,184.0956,49.5787,50.822,4,0,1.0,1,1.0,1,1.0,1,1.0,3.727833734363063,2.8611257330168307,4,0,1,1,1
cell_subsample,0.75,4,95,xenium_human_skin_melanoma,185.9119,67.6615,71.7547,23,0,1.0,0,1.0,0,1.0,1,1.0,2.8717285550665776,3.727040582686341,23,0,0,0,1
cell_subsample,0.75,4,96,xenium_human_skin_melanoma,184.6036,64.9754,64.9754,1,1,1.0,1,1.0,1,1.0,1,1.0,3.1027984767521493,2.9393721432169984,1,1,1,1,1
cell_subsample,0.75,4,97,xenium_human_skin_melanoma,182.8155,72.7834,74.8718,9,0,1.0,0,1.0,1,1.0,1,1.0,3.3531315769077596,3.868244088160691,9,0,0,1,1
cell_subsample,0.75,4,98,xenium_human_skin_melanoma,184.1797,65.8831,65.8831,1,1,1.0,1,1.0,1,1.0,1,1.0,2.798804808323222,4.613664158551804,1,1,1,1,1
cell_subsample,0.75,4,99,xenium_human_skin_melanoma,182.7492,60.4258,68.9613,57,0,1.0,0,1.0,0,1.0,0,1.0,3.002318095070925,4.879288421568586,57,0,0,0,0
cell_subsample,0.5,0,0,xenium_human_skin_melanoma,194.2537,83.9211,103.4753,157,0,1.0,0,1.0,0,1.0,0,1.0,3.779385806678977,10.727094913878629,157,0,0,0,0
cell_subsample,0.5,0,1,xenium_human_skin_melanoma,188.4952,40.2023,40.2023,1,1,1.0,1,1.0,1,1.0,1,1.0,5.559678939578808,5.725596499783052,1,1,1,1,1
cell_subsample,0.5,0,2,xenium_human_skin_melanoma,183.038,70.1042,77.9242,13,0,1.0,0,1.0,0,1.0,0,1.0,3.727085035807792,8.89103801868066,13,0,0,0,0
cell_subsample,0.5,0,3,xenium_human_skin_melanoma,185.0912,63.359,70.511,23,0,1.0,0,1.0,0,1.0,0,1.0,5.138609779103561,8.561545127156414,23,0,0,0,0
cell_subsample,0.5,0,4,xenium_human_skin_melanoma,182.5098,84.0858,84.4305,2,1,1.0,1,1.0,1,1.0,1,1.0,3.8120197732687826,7.192550913916254,2,1,1,1,1
cell_subsample,0.5,0,5,xenium_human_skin_melanoma,182.6523,64.4386,68.2007,6,0,1.0,0,1.0,0,1.0,1,1.0,5.078845834260409,9.86954261000298,6,0,0,0,1
cell_subsample,0.5,0,6,xenium_human_skin_melanoma,182.6021,66.8199,69.2706,14,0,1.0,0,1.0,1,1.0,1,1.0,4.102069419048007,8.84368351357007,14,0,0,1,1
cell_subsample,0.5,0,7,xenium_human_skin_melanoma,183.8333,49.6585,56.0149,44,0,1.0,0,1.0,0,1.0,1,1.0,5.624157577409744,6.279219010630779,44,0,0,0,1
cell_subsample,0.5,0,8,xenium_human_skin_melanoma,182.3298,46.4538,46.4538,1,1,1.0,1,1.0,1,1.0,1,1.0,5.745458453977199,6.140403553779874,1,1,1,1,1
cell_subsample,0.5,0,9,xenium_human_skin_melanoma,186.3602,64.7292,66.1129,4,0,1.0,1,1.0,1,1.0,1,1.0,4.129323529804262,7.624666042987967,4,0,1,1,1
cell_subsample,0.5,0,10,xenium_human_skin_melanoma,186.4809,53.8101,57.4526,16,0,1.0,0,1.0,0,1.0,1,1.0,5.182454706333302,6.795895431823146,16,0,0,0,1
cell_subsample,0.5,0,11,xenium_human_skin_melanoma,183.5438,50.4429,53.9927,7,0,1.0,0,1.0,0,1.0,1,1.0,4.916567178997347,7.777772453211724,7,0,0,0,1
cell_subsample,0.5,0,12,xenium_human_skin_melanoma,186.7337,52.4759,55.3597,4,0,1.0,0,1.0,1,1.0,1,1.0,5.282663206604856,6.612947550835904,4,0,0,1,1
cell_subsample,0.5,0,13,xenium_human_skin_melanoma,184.8163,46.3413,46.3413,1,1,1.0,1,1.0,1,1.0,1,1.0,5.396804604443305,6.631118225112339,1,1,1,1,1
cell_subsample,0.5,0,14,xenium_human_skin_melanoma,183.5264,53.8045,58.7266,16,0,1.0,0,1.0,0,1.0,1,1.0,5.195357460267578,9.025235692229266,16,0,0,0,1
cell_subsample,0.5,0,15,xenium_human_skin_melanoma,181.8142,69.4626,80.0329,126,0,1.0,0,1.0,0,1.0,0,1.0,3.824164460157002,9.819386706284794,126,0,0,0,0
cell_subsample,0.5,0,16,xenium_human_skin_melanoma,183.3899,49.085,55.7282,24,0,1.0,0,1.0,0,1.0,0,1.0,5.46870503874524,7.149539262875795,24,0,0,0,0
cell_subsample,0.5,0,17,xenium_human_skin_melanoma,186.8158,54.3104,57.8825,5,0,1.0,0,1.0,1,1.0,1,1.0,4.69642911499706,5.817970630842603,5,0,0,1,1
cell_subsample,0.5,0,18,xenium_human_skin_melanoma,187.2709,71.8933,74.3771,3,0,1.0,0,1.0,1,1.0,1,1.0,4.957121814192477,9.8966915125678,3,0,0,1,1
cell_subsample,0.5,0,19,xenium_human_skin_melanoma,183.7423,72.4752,87.8427,339,0,1.0,0,1.0,0,1.0,0,1.0,3.762570927134205,9.287804066566737,339,0,0,0,0
cell_subsample,0.5,0,20,xenium_human_skin_melanoma,185.6507,68.3737,68.3737,1,1,1.0,1,1.0,1,1.0,1,1.0,4.234808442156945,5.785080723969603,1,1,1,1,1
cell_subsample,0.5,0,21,xenium_human_skin_melanoma,182.717,62.7781,77.9898,269,0,1.0,0,1.0,0,1.0,0,1.0,4.279687416557131,8.223005810820242,269,0,0,0,0
cell_subsample,0.5,0,22,xenium_human_skin_melanoma,184.4323,40.186,41.9804,2,0,1.0,0,1.0,1,1.0,1,1.0,5.355125750353919,5.345052545758383,2,0,0,1,1
cell_subsample,0.5,0,23,xenium_human_skin_melanoma,185.5484,64.0478,64.0478,1,1,1.0,1,1.0,1,1.0,1,1.0,4.223934356831503,7.463865846963569,1,1,1,1,1
cell_subsample,0.5,0,24,xenium_human_skin_melanoma,180.3324,76.4336,80.4367,16,0,1.0,0,1.0,0,1.0,1,1.0,3.955145329828534,8.967740961102788,16,0,0,0,1
cell_subsample,0.5,0,25,xenium_human_skin_melanoma,185.049,49.6209,50.0913,2,1,1.0,1,1.0,1,1.0,1,1.0,5.327432491592096,4.630581437885107,2,1,1,1,1
cell_subsample,0.5,0,26,xenium_human_skin_melanoma,184.6635,39.1867,41.0119,2,0,1.0,0,1.0,1,1.0,1,1.0,5.750701295633013,5.103050702598803,2,0,0,1,1
cell_subsample,0.5,0,27,xenium_human_skin_melanoma,184.8557,75.8682,83.0332,13,0,1.0,0,1.0,0,1.0,0,1.0,4.847026433312,9.228182237743557,13,0,0,0,0
cell_subsample,0.5,0,28,xenium_human_skin_melanoma,184.7986,58.5483,63.1612,28,0,1.0,0,1.0,0,1.0,1,1.0,5.266781662954586,7.175757138398681,28,0,0,0,1
cell_subsample,0.5,0,29,xenium_human_skin_melanoma,179.6397,63.8401,70.8644,34,0,1.0,0,1.0,0,1.0,1,1.0,4.082982680487762,9.085367370654824,34,0,0,0,1
cell_subsample,0.5,0,30,xenium_human_skin_melanoma,179.4372,60.3228,76.484,155,0,1.0,0,1.0,0,1.0,0,1.0,4.355465625336682,8.44693241648904,155,0,0,0,0
cell_subsample,0.5,0,31,xenium_human_skin_melanoma,183.245,69.0365,75.0108,25,0,1.0,0,1.0,0,1.0,1,1.0,3.970616221299375,9.800589392778916,25,0,0,0,1
cell_subsample,0.5,0,32,xenium_human_skin_melanoma,185.7949,68.5486,77.6938,98,0,1.0,0,1.0,0,1.0,0,1.0,3.9773970568591355,10.877716280088096,98,0,0,0,0
cell_subsample,0.5,0,33,xenium_human_skin_melanoma,182.5221,83.0616,89.0001,8,0,1.0,0,1.0,0,1.0,1,1.0,4.020098637859268,8.407724555765014,8,0,0,0,1
cell_subsample,0.5,0,34,xenium_human_skin_melanoma,182.9281,62.4036,62.4036,1,1,1.0,1,1.0,1,1.0,1,1.0,4.071214294646091,6.159440995424756,1,1,1,1,1
cell_subsample,0.5,0,35,xenium_human_skin_melanoma,181.2538,62.8477,69.801,37,0,1.0,0,1.0,0,1.0,1,1.0,4.101324624030563,8.258519854419077,37,0,0,0,1
cell_subsample,0.5,0,36,xenium_human_skin_melanoma,186.0449,53.6544,56.8658,10,0,1.0,0,1.0,1,1.0,1,1.0,5.218576483971779,7.375788206569423,10,0,0,1,1
cell_subsample,0.5,0,37,xenium_human_skin_melanoma,184.8116,58.6333,77.4449,65,0,1.0,0,1.0,0,1.0,0,1.0,4.105855460386682,9.27787019200144,65,0,0,0,0
cell_subsample,0.5,0,38,xenium_human_skin_melanoma,179.4496,53.152,53.2726,2,1,1.0,1,1.0,1,1.0,1,1.0,5.599743680776616,7.053501762364114,2,1,1,1,1
cell_subsample,0.5,0,39,xenium_human_skin_melanoma,183.6636,62.148,70.8692,36,0,1.0,0,1.0,0,1.0,0,1.0,4.7239186090843,7.707216994139053,36,0,0,0,0
cell_subsample,0.5,0,40,xenium_human_skin_melanoma,183.7303,65.1238,76.9436,107,0,1.0,0,1.0,0,1.0,0,1.0,3.714002719133461,11.24461548839862,107,0,0,0,0
cell_subsample,0.5,0,41,xenium_human_skin_melanoma,186.3115,60.9975,63.0259,7,0,1.0,0,1.0,1,1.0,1,1.0,3.9210319224021912,9.679625384929746,7,0,0,1,1
cell_subsample,0.5,0,42,xenium_human_skin_melanoma,186.6817,69.1273,70.7908,7,0,1.0,1,1.0,1,1.0,1,1.0,4.2443674255883765,8.422091913640848,7,0,1,1,1
cell_subsample,0.5,0,43,xenium_human_skin_melanoma,184.732,74.4888,81.087,56,0,1.0,0,1.0,0,1.0,1,1.0,3.5926589036499066,8.73593973193565,56,0,0,0,1
cell_subsample,0.5,0,44,xenium_human_skin_melanoma,184.9601,47.046,61.08,64,0,1.0,0,1.0,0,1.0,0,1.0,5.289667324528336,9.0402147960045,64,0,0,0,0
cell_subsample,0.5,0,45,xenium_human_skin_melanoma,185.846,46.5023,48.3187,8,0,1.0,0,1.0,1,1.0,1,1.0,5.87182221910663,5.243626052991546,8,0,0,1,1
cell_subsample,0.5,0,46,xenium_human_skin_melanoma,184.0351,56.0438,56.0438,1,1,1.0,1,1.0,1,1.0,1,1.0,5.333095353918124,5.808057091847156,1,1,1,1,1
cell_subsample,0.5,0,47,xenium_human_skin_melanoma,180.4809,59.2963,59.6533,2,1,1.0,1,1.0,1,1.0,1,1.0,5.124055047960782,7.533490442744353,2,1,1,1,1
cell_subsample,0.5,0,48,xenium_human_skin_melanoma,181.4291,60.4399,64.7806,9,0,1.0,0,1.0,0,1.0,1,1.0,4.146798107241843,6.490285346815402,9,0,0,0,1
cell_subsample,0.5,0,49,xenium_human_skin_melanoma,182.1447,38.1504,38.1504,1,1,1.0,1,1.0,1,1.0,1,1.0,5.965559044014344,6.218366592798284,1,1,1,1,1
cell_subsample,0.5,0,50,xenium_human_skin_melanoma,187.7165,76.516,84.4916,79,0,1.0,0,1.0,0,1.0,0,1.0,4.06227519302163,10.475244993753357,79,0,0,0,0
cell_subsample,0.5,0,51,xenium_human_skin_melanoma,186.0361,63.975,72.8136,96,0,1.0,0,1.0,0,1.0,0,1.0,4.204171525519573,8.719560074312243,96,0,0,0,0
cell_subsample,0.5,0,52,xenium_human_skin_melanoma,181.5762,66.8047,70.5191,7,0,1.0,0,1.0,0,1.0,1,1.0,4.185324464181922,8.002611033778129,7,0,0,0,1
cell_subsample,0.5,0,53,xenium_human_skin_melanoma,185.9177,46.4432,48.094,2,0,1.0,1,1.0,1,1.0,1,1.0,5.112643445476524,6.141278845448713,2,0,1,1,1
cell_subsample,0.5,0,54,xenium_human_skin_melanoma,183.4939,68.5447,74.833,16,0,1.0,0,1.0,0,1.0,1,1.0,3.707592329313509,8.486563171689804,16,0,0,0,1
cell_subsample,0.5,0,55,xenium_human_skin_melanoma,186.336,75.1212,75.1212,1,1,1.0,1,1.0,1,1.0,1,1.0,4.744645614239567,10.655425375304942,1,1,1,1,1
cell_subsample,0.5,0,56,xenium_human_skin_melanoma,187.4825,62.675,69.3362,24,0,1.0,0,1.0,0,1.0,1,1.0,4.017106185760878,9.409195754219937,24,0,0,0,1
cell_subsample,0.5,0,57,xenium_human_skin_melanoma,182.0817,57.5523,68.3126,90,0,1.0,0,1.0,0,1.0,0,1.0,4.345726298457629,8.40262881137516,90,0,0,0,0
cell_subsample,0.5,0,58,xenium_human_skin_melanoma,182.7753,56.694,66.5211,28,0,1.0,0,1.0,0,1.0,0,1.0,4.114705561348681,10.36718745717827,28,0,0,0,0
cell_subsample,0.5,0,59,xenium_human_skin_melanoma,186.7375,67.8561,72.2739,5,0,1.0,0,1.0,0,1.0,1,1.0,4.105117691737327,6.089078920214,5,0,0,0,1
cell_subsample,0.5,0,60,xenium_human_skin_melanoma,185.6509,62.2396,65.2611,4,0,1.0,0,1.0,1,1.0,1,1.0,5.122980403996933,7.652044817804286,4,0,0,1,1
cell_subsample,0.5,0,61,xenium_human_skin_melanoma,183.3123,67.5106,71.4726,17,0,1.0,0,1.0,0,1.0,1,1.0,4.069686449940495,8.688246408194134,17,0,0,0,1
cell_subsample,0.5,0,62,xenium_human_skin_melanoma,182.0959,45.8507,49.718,6,0,1.0,0,1.0,0,1.0,1,1.0,5.1649071327383504,5.577739593129276,6,0,0,0,1
cell_subsample,0.5,0,63,xenium_human_skin_melanoma,180.6541,62.6842,62.6842,1,1,1.0,1,1.0,1,1.0,1,1.0,3.9965692828977986,8.834277157775988,1,1,1,1,1
cell_subsample,0.5,0,64,xenium_human_skin_melanoma,184.8813,48.5487,57.8902,19,0,1.0,0,1.0,0,1.0,0,1.0,5.266292549664828,6.858554373399303,19,0,0,0,0
cell_subsample,0.5,0,65,xenium_human_skin_melanoma,184.5541,67.9502,76.3705,70,0,1.0,0,1.0,0,1.0,0,1.0,3.9947072953541882,8.275272674128674,70,0,0,0,0
cell_subsample,0.5,0,66,xenium_human_skin_melanoma,173.9374,99.9851,101.8856,3,0,1.0,0,1.0,1,1.0,1,1.0,2.860494953907244,10.254674581642089,3,0,0,1,1
cell_subsample,0.5,0,67,xenium_human_skin_melanoma,184.9583,60.9133,70.4596,31,0,1.0,0,1.0,0,1.0,0,1.0,3.9096800440466914,7.740532073249873,31,0,0,0,0
cell_subsample,0.5,0,68,xenium_human_skin_melanoma,181.7198,61.0199,69.6236,46,0,1.0,0,1.0,0,1.0,0,1.0,3.975917225668815,8.066611235964634,46,0,0,0,0
cell_subsample,0.5,0,69,xenium_human_skin_melanoma,185.9947,62.6582,62.6582,1,1,1.0,1,1.0,1,1.0,1,1.0,4.22989896263158,6.987421694616055,1,1,1,1,1
cell_subsample,0.5,0,70,xenium_human_skin_melanoma,186.6289,44.7472,45.8116,2,0,1.0,1,1.0,1,1.0,1,1.0,5.721723772926016,7.514839570198515,2,0,1,1,1
cell_subsample,0.5,0,71,xenium_human_skin_melanoma,181.9002,64.2979,64.2995,2,1,1.0,1,1.0,1,1.0,1,1.0,5.13193472941892,7.255431269405859,2,1,1,1,1
cell_subsample,0.5,0,72,xenium_human_skin_melanoma,181.8968,50.1662,57.9941,43,0,1.0,0,1.0,0,1.0,0,1.0,5.58284955941395,5.908742456161535,43,0,0,0,0
cell_subsample,0.5,0,73,xenium_human_skin_melanoma,183.0216,63.5137,63.5137,1,1,1.0,1,1.0,1,1.0,1,1.0,4.198435667036175,7.389338854204537,1,1,1,1,1
cell_subsample,0.5,0,74,xenium_human_skin_melanoma,187.5918,68.1338,68.1338,1,1,1.0,1,1.0,1,1.0,1,1.0,4.239719483097439,7.838953524868736,1,1,1,1,1
cell_subsample,0.5,0,75,xenium_human_skin_melanoma,182.0696,45.6387,49.255,7,0,1.0,0,1.0,0,1.0,1,1.0,5.680781126070855,5.806238613635346,7,0,0,0,1
cell_subsample,0.5,0,76,xenium_human_skin_melanoma,183.5704,79.5126,91.7907,117,0,1.0,0,1.0,0,1.0,0,1.0,3.606368128499298,10.298951902086882,117,0,0,0,0
cell_subsample,0.5,0,77,xenium_human_skin_melanoma,181.8963,63.9195,74.034,104,0,1.0,0,1.0,0,1.0,0,1.0,3.9033254748176693,9.749815112587594,104,0,0,0,0
cell_subsample,0.5,0,78,xenium_human_skin_melanoma,182.7215,48.819,49.2574,2,1,1.0,1,1.0,1,1.0,1,1.0,5.293853478494307,5.609049163750972,2,1,1,1,1
cell_subsample,0.5,0,79,xenium_human_skin_melanoma,185.615,83.0101,87.9941,14,0,1.0,0,1.0,0,1.0,1,1.0,3.5957044438627466,10.615107705417367,14,0,0,0,1
cell_subsample,0.5,0,80,xenium_human_skin_melanoma,181.5392,68.8877,68.8877,1,1,1.0,1,1.0,1,1.0,1,1.0,4.1092058669038325,6.099106963661108,1,1,1,1,1
cell_subsample,0.5,0,81,xenium_human_skin_melanoma,183.3399,60.1906,63.1486,9,0,1.0,0,1.0,1,1.0,1,1.0,5.25992705052989,6.600836214376931,9,0,0,1,1
cell_subsample,0.5,0,82,xenium_human_skin_melanoma,184.5109,58.8923,71.3043,89,0,1.0,0,1.0,0,1.0,0,1.0,4.317399885860222,8.416330299859196,89,0,0,0,0
cell_subsample,0.5,0,83,xenium_human_skin_melanoma,192.1381,68.1985,75.9881,34,0,1.0,0,1.0,0,1.0,0,1.0,3.986822539296875,8.775784191258358,34,0,0,0,0
cell_subsample,0.5,0,84,xenium_human_skin_melanoma,185.8539,39.0256,39.0256,1,1,1.0,1,1.0,1,1.0,1,1.0,6.00852021027999,3.6742805095007642,1,1,1,1,1
cell_subsample,0.5,0,85,xenium_human_skin_melanoma,180.0931,67.798,70.369,2,0,1.0,0,1.0,1,1.0,1,1.0,4.029255947248273,7.864866964136669,2,0,0,1,1
cell_subsample,0.5,0,86,xenium_human_skin_melanoma,183.5156,63.3089,67.1036,10,0,1.0,0,1.0,0,1.0,1,1.0,4.034482003691429,8.83744775718844,10,0,0,0,1
cell_subsample,0.5,0,87,xenium_human_skin_melanoma,184.8368,68.6534,76.0351,84,0,1.0,0,1.0,0,1.0,0,1.0,4.085041796691649,8.292876387822405,84,0,0,0,0
cell_subsample,0.5,0,88,xenium_human_skin_melanoma,189.7036,50.6237,56.2886,7,0,1.0,0,1.0,0,1.0,1,1.0,5.326413277865394,7.302992304170158,7,0,0,0,1
cell_subsample,0.5,0,89,xenium_human_skin_melanoma,183.6259,73.6568,82.1796,30,0,1.0,0,1.0,0,1.0,0,1.0,3.689502944668132,10.57972425497002,30,0,0,0,0
cell_subsample,0.5,0,90,xenium_human_skin_melanoma,183.638,45.684,46.4192,3,0,1.0,1,1.0,1,1.0,1,1.0,5.174351352157661,5.125036997152551,3,0,1,1,1
cell_subsample,0.5,0,91,xenium_human_skin_melanoma,183.9322,59.5937,64.0449,11,0,1.0,0,1.0,0,1.0,1,1.0,5.179911941792615,9.008186828594985,11,0,0,0,1
cell_subsample,0.5,0,92,xenium_human_skin_melanoma,185.7449,54.3021,57.8422,5,0,1.0,0,1.0,0,1.0,1,1.0,5.450854940968674,7.29869778066862,5,0,0,0,1
cell_subsample,0.5,0,93,xenium_human_skin_melanoma,184.0757,72.689,78.8879,17,0,1.0,0,1.0,0,1.0,1,1.0,3.6357816763816015,9.629333915892563,17,0,0,0,1
cell_subsample,0.5,0,94,xenium_human_skin_melanoma,182.7412,49.5787,50.822,4,0,1.0,1,1.0,1,1.0,1,1.0,5.499744019778821,5.584066581302524,4,0,1,1,1
cell_subsample,0.5,0,95,xenium_human_skin_melanoma,183.7384,67.6615,74.4231,58,0,1.0,0,1.0,0,1.0,1,1.0,4.175441487110826,7.709074723984374,58,0,0,0,1
cell_subsample,0.5,0,96,xenium_human_skin_melanoma,181.6976,64.9754,64.9754,1,1,1.0,1,1.0,1,1.0,1,1.0,4.4983128596493485,6.005900829294867,1,1,1,1,1
cell_subsample,0.5,0,97,xenium_human_skin_melanoma,186.4741,72.7834,76.8337,28,0,1.0,0,1.0,0,1.0,1,1.0,5.030270209537792,9.229325144108218,28,0,0,0,1
cell_subsample,0.5,0,98,xenium_human_skin_melanoma,184.4983,65.8831,65.8831,1,1,1.0,1,1.0,1,1.0,1,1.0,3.910929956858985,7.193927793839159,1,1,1,1,1
cell_subsample,0.5,0,99,xenium_human_skin_melanoma,184.7555,60.4258,73.7928,143,0,1.0,0,1.0,0,1.0,0,1.0,4.28016520958719,8.308150327136078,143,0,0,0,0
cell_subsample,0.5,1,0,xenium_human_skin_melanoma,195.2135,83.9211,87.6448,6,0,1.0,0,1.0,0,1.0,1,1.0,3.721088811351314,10.277113789946187,6,0,0,0,1
cell_subsample,0.5,1,1,xenium_human_skin_melanoma,184.1524,40.2023,40.2023,1,1,1.0,1,1.0,1,1.0,1,1.0,5.529394122053457,5.834234046221647,1,1,1,1,1
cell_subsample,0.5,1,2,xenium_human_skin_melanoma,186.8276,70.1042,79.5693,28,0,1.0,0,1.0,0,1.0,0,1.0,3.671626302834341,8.822288804319415,28,0,0,0,0
cell_subsample,0.5,1,3,xenium_human_skin_melanoma,189.6389,63.359,68.8503,14,0,1.0,0,1.0,0,1.0,1,1.0,5.1160145407441595,8.839893425600765,14,0,0,0,1
cell_subsample,0.5,1,4,xenium_human_skin_melanoma,183.775,84.0858,84.0858,1,1,1.0,1,1.0,1,1.0,1,1.0,3.796155795538735,8.867715199193864,1,1,1,1,1
cell_subsample,0.5,1,5,xenium_human_skin_melanoma,185.4255,64.4386,78.0986,139,0,1.0,0,1.0,0,1.0,0,1.0,5.084488007835953,9.279472824354357,139,0,0,0,0
cell_subsample,0.5,1,6,xenium_human_skin_melanoma,184.955,66.8199,74.8519,79,0,1.0,0,1.0,0,1.0,0,1.0,4.118532980188324,8.468193259824934,79,0,0,0,0
cell_subsample,0.5,1,7,xenium_human_skin_melanoma,182.9693,49.6585,51.1319,4,0,1.0,1,1.0,1,1.0,1,1.0,5.590078911470064,6.003043034767365,4,0,1,1,1
cell_subsample,0.5,1,8,xenium_human_skin_melanoma,184.9988,46.4538,56.9176,47,0,1.0,0,1.0,0,1.0,0,1.0,5.739162828169369,6.671326260248342,47,0,0,0,0
cell_subsample,0.5,1,9,xenium_human_skin_melanoma,182.7721,64.7292,66.1129,4,0,1.0,1,1.0,1,1.0,1,1.0,4.1490961199607606,8.657806527252978,4,0,1,1,1
cell_subsample,0.5,1,10,xenium_human_skin_melanoma,185.5521,53.8101,56.4121,9,0,1.0,0,1.0,1,1.0,1,1.0,5.1736541803017095,6.156023218596567,9,0,0,1,1
cell_subsample,0.5,1,11,xenium_human_skin_melanoma,186.0125,50.4429,51.4602,3,0,1.0,1,1.0,1,1.0,1,1.0,4.92219061559132,7.840808537711585,3,0,1,1,1
cell_subsample,0.5,1,12,xenium_human_skin_melanoma,183.9575,52.4759,56.2317,6,0,1.0,0,1.0,0,1.0,1,1.0,5.285884796373707,6.227514654905448,6,0,0,0,1
cell_subsample,0.5,1,13,xenium_human_skin_melanoma,185.2973,46.3413,52.4118,8,0,1.0,0,1.0,0,1.0,1,1.0,5.425928119465041,6.436712126757756,8,0,0,0,1
cell_subsample,0.5,1,14,xenium_human_skin_melanoma,186.1229,53.8045,55.8719,4,0,1.0,0,1.0,1,1.0,1,1.0,5.178630019970138,9.098604103927958,4,0,0,1,1
cell_subsample,0.5,1,15,xenium_human_skin_melanoma,184.0696,69.4626,71.4239,6,0,1.0,0,1.0,1,1.0,1,1.0,3.847715674930303,9.317425680229489,6,0,0,1,1
cell_subsample,0.5,1,16,xenium_human_skin_melanoma,184.9201,49.085,61.8372,95,0,1.0,0,1.0,0,1.0,0,1.0,5.512544891375805,8.131597054396591,95,0,0,0,0
cell_subsample,0.5,1,17,xenium_human_skin_melanoma,183.4694,54.3104,56.8487,3,0,1.0,0,1.0,1,1.0,1,1.0,4.688788720407734,7.342075518530844,3,0,0,1,1
cell_subsample,0.5,1,18,xenium_human_skin_melanoma,183.6995,71.8933,74.3771,3,0,1.0,0,1.0,1,1.0,1,1.0,4.925155742924918,8.477403713484133,3,0,0,1,1
cell_subsample,0.5,1,19,xenium_human_skin_melanoma,187.2223,72.4752,75.6171,9,0,1.0,0,1.0,1,1.0,1,1.0,3.760221387715968,9.651158030014546,9,0,0,1,1
cell_subsample,0.5,1,20,xenium_human_skin_melanoma,185.7064,68.3737,69.4877,4,0,1.0,1,1.0,1,1.0,1,1.0,4.241224296929855,7.460666331991137,4,0,1,1,1
cell_subsample,0.5,1,21,xenium_human_skin_melanoma,181.0791,62.7781,69.0322,31,0,1.0,0,1.0,0,1.0,1,1.0,4.214997206975956,7.008794926810696,31,0,0,0,1
cell_subsample,0.5,1,22,xenium_human_skin_melanoma,183.0083,40.186,41.9804,2,0,1.0,0,1.0,1,1.0,1,1.0,5.4067847796062996,5.031689190432792,2,0,0,1,1
cell_subsample,0.5,1,23,xenium_human_skin_melanoma,183.8365,64.0478,66.9697,3,0,1.0,0,1.0,1,1.0,1,1.0,4.213333909507754,7.367272296865814,3,0,0,1,1
cell_subsample,0.5,1,24,xenium_human_skin_melanoma,185.3086,76.4336,78.1574,4,0,1.0,1,1.0,1,1.0,1,1.0,3.9206677223229063,7.484479118629825,4,0,1,1,1
cell_subsample,0.5,1,25,xenium_human_skin_melanoma,187.1846,49.6209,50.0913,2,1,1.0,1,1.0,1,1.0,1,1.0,5.323988009813308,5.415753431930884,2,1,1,1,1
cell_subsample,0.5,1,26,xenium_human_skin_melanoma,182.2925,39.1867,39.1867,1,1,1.0,1,1.0,1,1.0,1,1.0,5.710544821296264,5.708465950741139,1,1,1,1,1
cell_subsample,0.5,1,27,xenium_human_skin_melanoma,181.9442,75.8682,83.0332,13,0,1.0,0,1.0,0,1.0,0,1.0,4.820313743252388,10.836666198941751,13,0,0,0,0
cell_subsample,0.5,1,28,xenium_human_skin_melanoma,186.1814,58.5483,59.3681,2,0,1.0,1,1.0,1,1.0,1,1.0,5.281821994203078,7.830299228041664,2,0,1,1,1
cell_subsample,0.5,1,29,xenium_human_skin_melanoma,187.093,63.8401,70.8644,34,0,1.0,0,1.0,0,1.0,1,1.0,4.063497781069133,9.34671786209335,34,0,0,0,1
cell_subsample,0.5,1,30,xenium_human_skin_melanoma,182.8413,60.3228,69.8316,51,0,1.0,0,1.0,0,1.0,0,1.0,4.316035989743372,8.316302182623716,51,0,0,0,0
cell_subsample,0.5,1,31,xenium_human_skin_melanoma,183.0562,69.0365,82.7059,246,0,1.0,0,1.0,0,1.0,0,1.0,4.000109791707137,9.469891087440944,246,0,0,0,0
cell_subsample,0.5,1,32,xenium_human_skin_melanoma,183.4682,68.5486,73.4019,16,0,1.0,0,1.0,0,1.0,1,1.0,3.9441982483457227,9.975518397723405,16,0,0,0,1
cell_subsample,0.5,1,33,xenium_human_skin_melanoma,187.8005,83.0616,91.5756,23,0,1.0,0,1.0,0,1.0,0,1.0,4.031604705958944,7.93014150244426,23,0,0,0,0
cell_subsample,0.5,1,34,xenium_human_skin_melanoma,187.0735,62.4036,68.5328,19,0,1.0,0,1.0,0,1.0,1,1.0,4.085584778803423,7.586290029157675,19,0,0,0,1
cell_subsample,0.5,1,35,xenium_human_skin_melanoma,181.2676,62.8477,75.4252,149,0,1.0,0,1.0,0,1.0,0,1.0,4.079410553022021,7.815428526192516,149,0,0,0,0
cell_subsample,0.5,1,36,xenium_human_skin_melanoma,186.8334,53.6544,57.6339,14,0,1.0,0,1.0,0,1.0,1,1.0,5.258398425116729,8.722070597580744,14,0,0,0,1
cell_subsample,0.5,1,37,xenium_human_skin_melanoma,183.9416,58.6333,69.0999,17,0,1.0,0,1.0,0,1.0,0,1.0,4.097632267599743,8.985325044090219,17,0,0,0,0
cell_subsample,0.5,1,38,xenium_human_skin_melanoma,188.1321,53.152,53.2726,2,1,1.0,1,1.0,1,1.0,1,1.0,5.613914303797191,8.387449315798511,2,1,1,1,1
cell_subsample,0.5,1,39,xenium_human_skin_melanoma,187.0385,62.148,62.148,1,1,1.0,1,1.0,1,1.0,1,1.0,4.722970439746054,6.412992946244039,1,1,1,1,1
cell_subsample,0.5,1,40,xenium_human_skin_melanoma,185.0862,65.1238,76.3285,89,0,1.0,0,1.0,0,1.0,0,1.0,3.715011393308029,9.347373795190476,89,0,0,0,0
cell_subsample,0.5,1,41,xenium_human_skin_melanoma,184.8031,60.9975,74.7177,87,0,1.0,0,1.0,0,1.0,0,1.0,3.879801975162942,9.590840892301893,87,0,0,0,0
cell_subsample,0.5,1,42,xenium_human_skin_melanoma,184.9376,69.1273,70.5326,4,0,1.0,1,1.0,1,1.0,1,1.0,4.226955695109814,8.305002386636176,4,0,1,1,1
cell_subsample,0.5,1,43,xenium_human_skin_melanoma,188.3941,74.4888,74.4888,1,1,1.0,1,1.0,1,1.0,1,1.0,3.5863976289749564,9.776817389202677,1,1,1,1,1
cell_subsample,0.5,1,44,xenium_human_skin_melanoma,183.306,47.046,47.046,1,1,1.0,1,1.0,1,1.0,1,1.0,5.272830194817949,6.256410636341102,1,1,1,1,1
cell_subsample,0.5,1,45,xenium_human_skin_melanoma,183.6088,46.5023,49.666,13,0,1.0,0,1.0,1,1.0,1,1.0,5.864356703011966,5.455019923072655,13,0,0,1,1
cell_subsample,0.5,1,46,xenium_human_skin_melanoma,184.8481,56.0438,63.5202,37,0,1.0,0,1.0,0,1.0,0,1.0,5.355511810245036,7.02216293178299,37,0,0,0,0
cell_subsample,0.5,1,47,xenium_human_skin_melanoma,190.3351,59.2963,61.6558,6,0,1.0,0,1.0,1,1.0,1,1.0,5.131323435395169,7.880840903431531,6,0,0,1,1
cell_subsample,0.5,1,48,xenium_human_skin_melanoma,187.3894,60.4399,62.5806,5,0,1.0,0,1.0,1,1.0,1,1.0,4.10782869875837,7.6814627480882045,5,0,0,1,1
cell_subsample,0.5,1,49,xenium_human_skin_melanoma,181.2743,38.1504,38.1504,1,1,1.0,1,1.0,1,1.0,1,1.0,5.915877156671478,4.685811247299248,1,1,1,1,1
cell_subsample,0.5,1,50,xenium_human_skin_melanoma,184.2597,76.516,76.6887,2,1,1.0,1,1.0,1,1.0,1,1.0,4.031919721461605,9.472881706608693,2,1,1,1,1
cell_subsample,0.5,1,51,xenium_human_skin_melanoma,183.2186,63.975,72.8136,96,0,1.0,0,1.0,0,1.0,0,1.0,4.17466936732859,7.607420423881438,96,0,0,0,0
cell_subsample,0.5,1,52,xenium_human_skin_melanoma,187.269,66.8047,70.6264,8,0,1.0,0,1.0,0,1.0,1,1.0,4.177834746152728,6.994494951884924,8,0,0,0,1
cell_subsample,0.5,1,53,xenium_human_skin_melanoma,187.1151,46.4432,48.6564,3,0,1.0,0,1.0,1,1.0,1,1.0,5.081842189896625,5.816914545035141,3,0,0,1,1
cell_subsample,0.5,1,54,xenium_human_skin_melanoma,181.0063,68.5447,74.3179,12,0,1.0,0,1.0,0,1.0,1,1.0,3.7520735332090958,7.96901391353108,12,0,0,0,1
cell_subsample,0.5,1,55,xenium_human_skin_melanoma,184.4573,75.1212,76.2513,3,0,1.0,1,1.0,1,1.0,1,1.0,4.768909224666346,8.781446750169456,3,0,1,1,1
cell_subsample,0.5,1,56,xenium_human_skin_melanoma,188.1533,62.675,69.3362,24,0,1.0,0,1.0,0,1.0,1,1.0,4.0492295696028755,9.010157232904882,24,0,0,0,1
cell_subsample,0.5,1,57,xenium_human_skin_melanoma,185.3178,57.5523,64.8066,35,0,1.0,0,1.0,0,1.0,0,1.0,4.372063468178257,9.036364454548625,35,0,0,0,0
cell_subsample,0.5,1,58,xenium_human_skin_melanoma,184.5255,56.694,64.5321,20,0,1.0,0,1.0,0,1.0,0,1.0,4.1086546873626215,8.761826679382867,20,0,0,0,0
cell_subsample,0.5,1,59,xenium_human_skin_melanoma,181.8182,67.8561,72.5309,8,0,1.0,0,1.0,0,1.0,1,1.0,4.13217116064926,7.4077945335036945,8,0,0,0,1
cell_subsample,0.5,1,60,xenium_human_skin_melanoma,183.0977,62.2396,65.2611,4,0,1.0,0,1.0,1,1.0,1,1.0,5.149743449694516,8.349970263257836,4,0,0,1,1
cell_subsample,0.5,1,61,xenium_human_skin_melanoma,186.6742,67.5106,68.1808,2,1,1.0,1,1.0,1,1.0,1,1.0,4.0727718062391745,9.415161146087035,2,1,1,1,1
cell_subsample,0.5,1,62,xenium_human_skin_melanoma,188.1509,45.8507,45.8507,1,1,1.0,1,1.0,1,1.0,1,1.0,5.1917806485564455,6.881975223088486,1,1,1,1,1
cell_subsample,0.5,1,63,xenium_human_skin_melanoma,182.1456,62.6842,62.6842,1,1,1.0,1,1.0,1,1.0,1,1.0,3.997418302375231,9.681836969486993,1,1,1,1,1
cell_subsample,0.5,1,64,xenium_human_skin_melanoma,186.4119,48.5487,54.808,9,0,1.0,0,1.0,0,1.0,1,1.0,5.2634511644803545,7.438997887218048,9,0,0,0,1
cell_subsample,0.5,1,65,xenium_human_skin_melanoma,182.5196,67.9502,75.3897,48,0,1.0,0,1.0,0,1.0,0,1.0,3.986043002792768,7.255140635910275,48,0,0,0,0
cell_subsample,0.5,1,66,xenium_human_skin_melanoma,180.1898,99.9851,117.9644,253,0,1.0,0,1.0,0,1.0,0,1.0,2.801854447250781,10.976953425856484,253,0,0,0,0
cell_subsample,0.5,1,67,xenium_human_skin_melanoma,186.6714,60.9133,73.5605,57,0,1.0,0,1.0,0,1.0,0,1.0,3.9493064179464956,9.513658831159843,57,0,0,0,0
cell_subsample,0.5,1,68,xenium_human_skin_melanoma,184.6335,61.0199,63.3897,6,0,1.0,0,1.0,1,1.0,1,1.0,3.959237408532867,7.405071325147169,6,0,0,1,1
cell_subsample,0.5,1,69,xenium_human_skin_melanoma,185.9179,62.6582,62.6582,1,1,1.0,1,1.0,1,1.0,1,1.0,4.237465580355971,7.548518565923763,1,1,1,1,1
cell_subsample,0.5,1,70,xenium_human_skin_melanoma,185.536,44.7472,44.7472,1,1,1.0,1,1.0,1,1.0,1,1.0,5.716186214164243,7.043757492397697,1,1,1,1,1
cell_subsample,0.5,1,71,xenium_human_skin_melanoma,186.4628,64.2979,71.1841,40,0,1.0,0,1.0,0,1.0,0,1.0,5.1318832027196,8.863311580361003,40,0,0,0,0
cell_subsample,0.5,1,72,xenium_human_skin_melanoma,188.2436,50.1662,57.1839,33,0,1.0,0,1.0,0,1.0,0,1.0,5.59903870184501,5.671935711226135,33,0,0,0,0
cell_subsample,0.5,1,73,xenium_human_skin_melanoma,181.8091,63.5137,67.2069,5,0,1.0,0,1.0,0,1.0,1,1.0,4.222216409833719,8.568514315643204,5,0,0,0,1
cell_subsample,0.5,1,74,xenium_human_skin_melanoma,181.912,68.1338,71.3405,10,0,1.0,0,1.0,1,1.0,1,1.0,4.226676592155164,6.379712609423859,10,0,0,1,1
cell_subsample,0.5,1,75,xenium_human_skin_melanoma,188.585,45.6387,52.4055,16,0,1.0,0,1.0,0,1.0,1,1.0,5.633700165982302,5.524219050009413,16,0,0,0,1
cell_subsample,0.5,1,76,xenium_human_skin_melanoma,181.5113,79.5126,92.9367,147,0,1.0,0,1.0,0,1.0,0,1.0,3.638761246805161,10.420542555235427,147,0,0,0,0
cell_subsample,0.5,1,77,xenium_human_skin_melanoma,182.553,63.9195,69.8533,39,0,1.0,0,1.0,0,1.0,1,1.0,3.9110294970735806,9.269818351575482,39,0,0,0,1
cell_subsample,0.5,1,78,xenium_human_skin_melanoma,183.8665,48.819,55.3682,18,0,1.0,0,1.0,0,1.0,1,1.0,5.307904653257368,5.706370294916777,18,0,0,0,1
cell_subsample,0.5,1,79,xenium_human_skin_melanoma,183.9367,83.0101,87.9941,14,0,1.0,0,1.0,0,1.0,1,1.0,3.6058610589355347,11.631554003224212,14,0,0,0,1
cell_subsample,0.5,1,80,xenium_human_skin_melanoma,186.0584,68.8877,78.6268,124,0,1.0,0,1.0,0,1.0,0,1.0,4.085904088197695,6.042694721468964,124,0,0,0,0
cell_subsample,0.5,1,81,xenium_human_skin_melanoma,183.035,60.1906,67.2545,47,0,1.0,0,1.0,0,1.0,0,1.0,5.277799398472071,7.083406613364725,47,0,0,0,0
cell_subsample,0.5,1,82,xenium_human_skin_melanoma,182.3986,58.8923,77.7753,301,0,1.0,0,1.0,0,1.0,0,1.0,4.36040008750414,8.417623375747313,301,0,0,0,0
cell_subsample,0.5,1,83,xenium_human_skin_melanoma,184.0144,68.1985,70.0866,2,0,1.0,0,1.0,1,1.0,1,1.0,3.9740267422990656,8.882419543077804,2,0,0,1,1
cell_subsample,0.5,1,84,xenium_human_skin_melanoma,188.9429,39.0256,40.858,3,0,1.0,0,1.0,1,1.0,1,1.0,5.9679761146369925,4.321547422249472,3,0,0,1,1
cell_subsample,0.5,1,85,xenium_human_skin_melanoma,184.8937,67.798,75.8932,56,0,1.0,0,1.0,0,1.0,0,1.0,4.068166412310554,8.038647416856973,56,0,0,0,0
cell_subsample,0.5,1,86,xenium_human_skin_melanoma,184.0467,63.3089,67.1036,10,0,1.0,0,1.0,0,1.0,1,1.0,4.016782192121214,8.662311634093507,10,0,0,0,1
cell_subsample,0.5,1,87,xenium_human_skin_melanoma,182.7176,68.6534,74.6412,48,0,1.0,0,1.0,0,1.0,1,1.0,4.035435637982633,7.400385346851549,48,0,0,0,1
cell_subsample,0.5,1,88,xenium_human_skin_melanoma,187.7121,50.6237,50.6237,1,1,1.0,1,1.0,1,1.0,1,1.0,5.361056005021116,6.540102684161848,1,1,1,1,1
cell_subsample,0.5,1,89,xenium_human_skin_melanoma,183.9025,73.6568,89.0491,205,0,1.0,0,1.0,0,1.0,0,1.0,3.676656401678568,10.469993398551509,205,0,0,0,0
cell_subsample,0.5,1,90,xenium_human_skin_melanoma,182.9546,45.684,46.4192,3,0,1.0,1,1.0,1,1.0,1,1.0,5.167518599544798,5.036112573204938,3,0,1,1,1
cell_subsample,0.5,1,91,xenium_human_skin_melanoma,183.0905,59.5937,64.0449,11,0,1.0,0,1.0,0,1.0,1,1.0,5.1746683194292356,8.92992612352778,11,0,0,0,1
cell_subsample,0.5,1,92,xenium_human_skin_melanoma,190.0178,54.3021,67.3084,116,0,1.0,0,1.0,0,1.0,0,1.0,5.461241084065707,7.670802433191493,116,0,0,0,0
cell_subsample,0.5,1,93,xenium_human_skin_melanoma,185.9282,72.689,77.222,7,0,1.0,0,1.0,0,1.0,1,1.0,3.6254568188284577,10.508369771212234,7,0,0,0,1
cell_subsample,0.5,1,94,xenium_human_skin_melanoma,187.4318,49.5787,50.822,4,0,1.0,1,1.0,1,1.0,1,1.0,5.455694937520714,5.19767772986206,4,0,1,1,1
cell_subsample,0.5,1,95,xenium_human_skin_melanoma,182.3492,67.6615,69.556,6,0,1.0,0,1.0,1,1.0,1,1.0,4.236016977468269,8.415275635944528,6,0,0,1,1
cell_subsample,0.5,1,96,xenium_human_skin_melanoma,182.7448,64.9754,64.9754,1,1,1.0,1,1.0,1,1.0,1,1.0,4.51244288587652,6.930285938852256,1,1,1,1,1
cell_subsample,0.5,1,97,xenium_human_skin_melanoma,186.4332,72.7834,77.2589,33,0,1.0,0,1.0,0,1.0,1,1.0,5.001083457203253,9.570905374010067,33,0,0,0,1
cell_subsample,0.5,1,98,xenium_human_skin_melanoma,187.5273,65.8831,70.2589,10,0,1.0,0,1.0,0,1.0,1,1.0,3.925412082198177,6.472137001756458,10,0,0,0,1
cell_subsample,0.5,1,99,xenium_human_skin_melanoma,181.5418,60.4258,67.2733,42,0,1.0,0,1.0,0,1.0,1,1.0,4.236528340923642,8.233274570987815,42,0,0,0,1
cell_subsample,0.5,2,0,xenium_human_skin_melanoma,201.845,83.9211,87.6448,6,0,1.0,0,1.0,0,1.0,1,1.0,3.740705650348504,9.754092014430007,6,0,0,0,1
cell_subsample,0.5,2,1,xenium_human_skin_melanoma,188.4637,40.2023,40.2023,1,1,1.0,1,1.0,1,1.0,1,1.0,5.554884224065566,4.883992828266629,1,1,1,1,1
cell_subsample,0.5,2,2,xenium_human_skin_melanoma,185.567,70.1042,79.5693,28,0,1.0,0,1.0,0,1.0,0,1.0,3.720908467903694,8.846796907667066,28,0,0,0,0
cell_subsample,0.5,2,3,xenium_human_skin_melanoma,184.6092,63.359,68.8503,14,0,1.0,0,1.0,0,1.0,1,1.0,5.109092006761269,8.377369232538458,14,0,0,0,1
cell_subsample,0.5,2,4,xenium_human_skin_melanoma,183.1426,84.0858,100.6751,406,0,1.0,0,1.0,0,1.0,0,1.0,3.8383151751346585,10.008145574400952,406,0,0,0,0
cell_subsample,0.5,2,5,xenium_human_skin_melanoma,185.7581,64.4386,64.4386,1,1,1.0,1,1.0,1,1.0,1,1.0,5.059085345071175,6.839411336565377,1,1,1,1,1
cell_subsample,0.5,2,6,xenium_human_skin_melanoma,183.952,66.8199,76.8469,140,0,1.0,0,1.0,0,1.0,0,1.0,4.086385004058014,9.1143982111595,140,0,0,0,0
cell_subsample,0.5,2,7,xenium_human_skin_melanoma,187.3103,49.6585,51.3434,5,0,1.0,0,1.0,1,1.0,1,1.0,5.584411755252426,5.252172511709319,5,0,0,1,1
cell_subsample,0.5,2,8,xenium_human_skin_melanoma,186.6272,46.4538,46.4538,1,1,1.0,1,1.0,1,1.0,1,1.0,5.728686122994745,5.243097629424144,1,1,1,1,1
cell_subsample,0.5,2,9,xenium_human_skin_melanoma,183.8116,64.7292,69.6095,17,0,1.0,0,1.0,0,1.0,1,1.0,4.121503182121098,8.055176563016692,17,0,0,0,1
cell_subsample,0.5,2,10,xenium_human_skin_melanoma,184.2419,53.8101,60.9402,44,0,1.0,0,1.0,0,1.0,0,1.0,5.210001972780385,6.268388994612528,44,0,0,0,0
cell_subsample,0.5,2,11,xenium_human_skin_melanoma,187.1424,50.4429,50.4429,1,1,1.0,1,1.0,1,1.0,1,1.0,4.899698430630559,7.085266717691464,1,1,1,1,1
cell_subsample,0.5,2,12,xenium_human_skin_melanoma,185.7256,52.4759,55.3597,4,0,1.0,0,1.0,1,1.0,1,1.0,5.284483816647498,7.968379648760675,4,0,0,1,1
cell_subsample,0.5,2,13,xenium_human_skin_melanoma,184.5671,46.3413,46.3413,1,1,1.0,1,1.0,1,1.0,1,1.0,5.430498771906999,6.074623032452218,1,1,1,1,1
cell_subsample,0.5,2,14,xenium_human_skin_melanoma,184.0169,53.8045,64.3562,80,0,1.0,0,1.0,0,1.0,0,1.0,5.2177746973020565,9.074433999009237,80,0,0,0,0
cell_subsample,0.5,2,15,xenium_human_skin_melanoma,185.4952,69.4626,74.7695,22,0,1.0,0,1.0,0,1.0,1,1.0,3.8180800157456276,8.872947143287313,22,0,0,0,1
cell_subsample,0.5,2,16,xenium_human_skin_melanoma,187.0347,49.085,56.6156,29,0,1.0,0,1.0,0,1.0,0,1.0,5.474771917236391,8.17897608251394,29,0,0,0,0
cell_subsample,0.5,2,17,xenium_human_skin_melanoma,185.6024,54.3104,58.5629,10,0,1.0,0,1.0,0,1.0,1,1.0,4.733319499233727,7.151927881640195,10,0,0,0,1
cell_subsample,0.5,2,18,xenium_human_skin_melanoma,183.8129,71.8933,81.6839,61,0,1.0,0,1.0,0,1.0,0,1.0,4.943786938620722,9.226939003881569,61,0,0,0,0
cell_subsample,0.5,2,19,xenium_human_skin_melanoma,186.7843,72.4752,73.8234,3,0,1.0,1,1.0,1,1.0,1,1.0,3.788895215180003,9.547641358548917,3,0,1,1,1
cell_subsample,0.5,2,20,xenium_human_skin_melanoma,184.9886,68.3737,73.9994,33,0,1.0,0,1.0,0,1.0,1,1.0,4.285116847321088,8.57414316312681,33,0,0,0,1
cell_subsample,0.5,2,21,xenium_human_skin_melanoma,187.8022,62.7781,68.3552,24,0,1.0,0,1.0,0,1.0,1,1.0,4.259730189061402,8.444181606729467,24,0,0,0,1
cell_subsample,0.5,2,22,xenium_human_skin_melanoma,186.0774,40.186,42.0388,3,0,1.0,0,1.0,1,1.0,1,1.0,5.463911884647128,4.839908542957596,3,0,0,1,1
cell_subsample,0.5,2,23,xenium_human_skin_melanoma,186.1343,64.0478,69.6974,12,0,1.0,0,1.0,0,1.0,1,1.0,4.259831290691128,8.243745060986667,12,0,0,0,1
cell_subsample,0.5,2,24,xenium_human_skin_melanoma,185.5319,76.4336,80.5127,17,0,1.0,0,1.0,0,1.0,1,1.0,3.9434776552628077,8.532758323920095,17,0,0,0,1
cell_subsample,0.5,2,25,xenium_human_skin_melanoma,186.2381,49.6209,50.5859,3,0,1.0,1,1.0,1,1.0,1,1.0,5.330634954025593,5.530898025305886,3,0,1,1,1
cell_subsample,0.5,2,26,xenium_human_skin_melanoma,187.6753,39.1867,39.1867,1,1,1.0,1,1.0,1,1.0,1,1.0,5.736908144720335,5.017439419733276,1,1,1,1,1
cell_subsample,0.5,2,27,xenium_human_skin_melanoma,185.0997,75.8682,84.0707,23,0,1.0,0,1.0,0,1.0,0,1.0,4.841012642935299,11.378242778075656,23,0,0,0,0
cell_subsample,0.5,2,28,xenium_human_skin_melanoma,182.944,58.5483,63.2212,30,0,1.0,0,1.0,0,1.0,1,1.0,5.28155460186191,7.228280233433852,30,0,0,0,1
cell_subsample,0.5,2,29,xenium_human_skin_melanoma,187.5654,63.8401,76.3518,136,0,1.0,0,1.0,0,1.0,0,1.0,4.063341639556042,9.291326605756508,136,0,0,0,0
cell_subsample,0.5,2,30,xenium_human_skin_melanoma,187.3064,60.3228,74.7211,109,0,1.0,0,1.0,0,1.0,0,1.0,4.367798462748175,8.25959803289084,109,0,0,0,0
cell_subsample,0.5,2,31,xenium_human_skin_melanoma,183.1111,69.0365,75.2798,31,0,1.0,0,1.0,0,1.0,1,1.0,3.96343254063584,9.049951257111202,31,0,0,0,1
cell_subsample,0.5,2,32,xenium_human_skin_melanoma,183.4297,68.5486,76.7322,72,0,1.0,0,1.0,0,1.0,0,1.0,3.9840049656931473,9.012091136378416,72,0,0,0,0
cell_subsample,0.5,2,33,xenium_human_skin_melanoma,188.5526,83.0616,83.0616,1,1,1.0,1,1.0,1,1.0,1,1.0,4.039333710856949,8.53669244667951,1,1,1,1,1
cell_subsample,0.5,2,34,xenium_human_skin_melanoma,188.1091,62.4036,62.4036,1,1,1.0,1,1.0,1,1.0,1,1.0,4.054088303136486,7.110386338250249,1,1,1,1,1
cell_subsample,0.5,2,35,xenium_human_skin_melanoma,184.2164,62.8477,73.9183,106,0,1.0,0,1.0,0,1.0,0,1.0,4.1087991182622305,8.787829372798047,106,0,0,0,0
cell_subsample,0.5,2,36,xenium_human_skin_melanoma,183.8767,53.6544,57.6339,14,0,1.0,0,1.0,0,1.0,1,1.0,5.231275863585254,8.080050689661096,14,0,0,0,1
cell_subsample,0.5,2,37,xenium_human_skin_melanoma,184.5401,58.6333,67.2506,13,0,1.0,0,1.0,0,1.0,0,1.0,4.096244169548364,9.64862504314792,13,0,0,0,0
cell_subsample,0.5,2,38,xenium_human_skin_melanoma,188.4403,53.152,53.2726,2,1,1.0,1,1.0,1,1.0,1,1.0,5.565631054057838,6.427554598070996,2,1,1,1,1
cell_subsample,0.5,2,39,xenium_human_skin_melanoma,181.3492,62.148,70.8692,36,0,1.0,0,1.0,0,1.0,0,1.0,4.715990914110885,7.589722678547044,36,0,0,0,0
cell_subsample,0.5,2,40,xenium_human_skin_melanoma,185.4586,65.1238,78.6747,147,0,1.0,0,1.0,0,1.0,0,1.0,3.714979384297845,10.19780600913014,147,0,0,0,0
cell_subsample,0.5,2,41,xenium_human_skin_melanoma,186.9515,60.9975,68.3661,19,0,1.0,0,1.0,0,1.0,0,1.0,3.9079300880387238,10.05787932705117,19,0,0,0,0
cell_subsample,0.5,2,42,xenium_human_skin_melanoma,187.9284,69.1273,72.3851,17,0,1.0,0,1.0,1,1.0,1,1.0,4.22850930316507,8.682832637926909,17,0,0,1,1
cell_subsample,0.5,2,43,xenium_human_skin_melanoma,184.801,74.4888,74.4888,1,1,1.0,1,1.0,1,1.0,1,1.0,3.6040658218887707,8.461356609209439,1,1,1,1,1
cell_subsample,0.5,2,44,xenium_human_skin_melanoma,185.9682,47.046,60.3816,57,0,1.0,0,1.0,0,1.0,0,1.0,5.318263081235826,9.335399488526354,57,0,0,0,0
cell_subsample,0.5,2,45,xenium_human_skin_melanoma,189.6354,46.5023,52.014,26,0,1.0,0,1.0,0,1.0,1,1.0,5.889936586394102,4.77225310868611,26,0,0,0,1
cell_subsample,0.5,2,46,xenium_human_skin_melanoma,187.1828,56.0438,59.2837,7,0,1.0,0,1.0,1,1.0,1,1.0,5.3544590260930205,6.001818617362792,7,0,0,1,1
cell_subsample,0.5,2,47,xenium_human_skin_melanoma,182.8889,59.2963,59.6533,2,1,1.0,1,1.0,1,1.0,1,1.0,5.128597204576599,7.019796027157298,2,1,1,1,1
cell_subsample,0.5,2,48,xenium_human_skin_melanoma,185.2254,60.4399,60.4399,1,1,1.0,1,1.0,1,1.0,1,1.0,4.108420865446767,7.338587533503231,1,1,1,1,1
cell_subsample,0.5,2,49,xenium_human_skin_melanoma,187.2898,38.1504,38.1504,1,1,1.0,1,1.0,1,1.0,1,1.0,5.965771786825931,6.373952544752355,1,1,1,1,1
cell_subsample,0.5,2,50,xenium_human_skin_melanoma,187.0355,76.516,76.6887,2,1,1.0,1,1.0,1,1.0,1,1.0,4.082393246275843,8.18635004025481,2,1,1,1,1
cell_subsample,0.5,2,51,xenium_human_skin_melanoma,184.3516,63.975,75.8926,190,0,1.0,0,1.0,0,1.0,0,1.0,4.247300153558009,8.957279791787089,190,0,0,0,0
cell_subsample,0.5,2,52,xenium_human_skin_melanoma,183.1366,66.8047,70.5191,7,0,1.0,0,1.0,0,1.0,1,1.0,4.1806987718566,6.917904244758388,7,0,0,0,1
cell_subsample,0.5,2,53,xenium_human_skin_melanoma,185.369,46.4432,46.4432,1,1,1.0,1,1.0,1,1.0,1,1.0,5.112009901287158,5.805600036288345,1,1,1,1,1
cell_subsample,0.5,2,54,xenium_human_skin_melanoma,182.3463,68.5447,69.6836,2,0,1.0,1,1.0,1,1.0,1,1.0,3.7168429332565864,9.453259173955523,2,0,1,1,1
cell_subsample,0.5,2,55,xenium_human_skin_melanoma,180.9121,75.1212,76.2513,3,0,1.0,1,1.0,1,1.0,1,1.0,4.740618724616949,9.43460926592774,3,0,1,1,1
cell_subsample,0.5,2,56,xenium_human_skin_melanoma,181.9525,62.675,69.3362,24,0,1.0,0,1.0,0,1.0,1,1.0,4.056327372434211,8.986679012130255,24,0,0,0,1
cell_subsample,0.5,2,57,xenium_human_skin_melanoma,187.6585,57.5523,64.8066,35,0,1.0,0,1.0,0,1.0,0,1.0,4.341890682188548,8.255755479876974,35,0,0,0,0
cell_subsample,0.5,2,58,xenium_human_skin_melanoma,184.4269,56.694,74.523,66,0,1.0,0,1.0,0,1.0,0,1.0,4.122187081948437,8.9417623509923,66,0,0,0,0
cell_subsample,0.5,2,59,xenium_human_skin_melanoma,182.2796,67.8561,72.2739,5,0,1.0,0,1.0,0,1.0,1,1.0,4.132435039806383,8.304647969345792,5,0,0,0,1
cell_subsample,0.5,2,60,xenium_human_skin_melanoma,182.7157,62.2396,65.2611,4,0,1.0,0,1.0,1,1.0,1,1.0,5.125632857950567,8.254108166247734,4,0,0,1,1
cell_subsample,0.5,2,61,xenium_human_skin_melanoma,186.7649,67.5106,72.5333,28,0,1.0,0,1.0,0,1.0,1,1.0,4.115551848349634,9.335257551943739,28,0,0,0,1
cell_subsample,0.5,2,62,xenium_human_skin_melanoma,185.367,45.8507,47.8444,3,0,1.0,0,1.0,1,1.0,1,1.0,5.214660454823456,6.592739856979217,3,0,0,1,1
cell_subsample,0.5,2,63,xenium_human_skin_melanoma,183.4543,62.6842,62.6842,1,1,1.0,1,1.0,1,1.0,1,1.0,3.9453849238452148,7.929350610795934,1,1,1,1,1
cell_subsample,0.5,2,64,xenium_human_skin_melanoma,185.2788,48.5487,48.5487,1,1,1.0,1,1.0,1,1.0,1,1.0,5.282888050383708,5.351615896553095,1,1,1,1,1
cell_subsample,0.5,2,65,xenium_human_skin_melanoma,185.9133,67.9502,68.0634,2,1,1.0,1,1.0,1,1.0,1,1.0,3.9122782388245256,6.8260699260902795,2,1,1,1,1
cell_subsample,0.5,2,66,xenium_human_skin_melanoma,180.4164,99.9851,115.3898,164,0,1.0,0,1.0,0,1.0,0,1.0,2.873212875325399,11.367717059340348,164,0,0,0,0
cell_subsample,0.5,2,67,xenium_human_skin_melanoma,183.8313,60.9133,81.0027,198,0,1.0,0,1.0,0,1.0,0,1.0,3.9511559141690586,9.962682730944893,198,0,0,0,0
cell_subsample,0.5,2,68,xenium_human_skin_melanoma,183.9941,61.0199,63.3897,6,0,1.0,0,1.0,1,1.0,1,1.0,3.9945476406570526,8.93059775567194,6,0,0,1,1
cell_subsample,0.5,2,69,xenium_human_skin_melanoma,186.7401,62.6582,62.6582,1,1,1.0,1,1.0,1,1.0,1,1.0,4.255987086638828,8.058495186693866,1,1,1,1,1
cell_subsample,0.5,2,70,xenium_human_skin_melanoma,186.2633,44.7472,47.1256,7,0,1.0,0,1.0,1,1.0,1,1.0,5.6637726310498495,6.821369948322493,7,0,0,1,1
cell_subsample,0.5,2,71,xenium_human_skin_melanoma,187.0784,64.2979,71.1841,40,0,1.0,0,1.0,0,1.0,0,1.0,5.143187067559825,9.5742030515054,40,0,0,0,0
cell_subsample,0.5,2,72,xenium_human_skin_melanoma,187.9571,50.1662,50.1662,1,1,1.0,1,1.0,1,1.0,1,1.0,5.58650756471189,6.632515782614168,1,1,1,1,1
cell_subsample,0.5,2,73,xenium_human_skin_melanoma,182.0986,63.5137,67.2069,5,0,1.0,0,1.0,0,1.0,1,1.0,4.178273894158297,8.178874301232646,5,0,0,0,1
cell_subsample,0.5,2,74,xenium_human_skin_melanoma,182.0807,68.1338,76.9091,88,0,1.0,0,1.0,0,1.0,0,1.0,4.2412231258685065,7.379755268352833,88,0,0,0,0
cell_subsample,0.5,2,75,xenium_human_skin_melanoma,186.5217,45.6387,53.5521,19,0,1.0,0,1.0,0,1.0,0,1.0,5.630859561505394,5.808596106883908,19,0,0,0,0
cell_subsample,0.5,2,76,xenium_human_skin_melanoma,185.5083,79.5126,91.7907,117,0,1.0,0,1.0,0,1.0,0,1.0,3.622496375740252,11.163832361360038,117,0,0,0,0
cell_subsample,0.5,2,77,xenium_human_skin_melanoma,187.3457,63.9195,82.961,350,0,1.0,0,1.0,0,1.0,0,1.0,3.9302836974066166,9.373035626881121,350,0,0,0,0
cell_subsample,0.5,2,78,xenium_human_skin_melanoma,183.7913,48.819,49.2574,2,1,1.0,1,1.0,1,1.0,1,1.0,5.301876810144488,5.691704022499006,2,1,1,1,1
cell_subsample,0.5,2,79,xenium_human_skin_melanoma,182.7762,83.0101,87.9941,14,0,1.0,0,1.0,0,1.0,1,1.0,3.577672050869648,10.67254649247893,14,0,0,0,1
cell_subsample,0.5,2,80,xenium_human_skin_melanoma,186.1901,68.8877,70.35,6,0,1.0,1,1.0,1,1.0,1,1.0,4.13165316117958,5.903444193665404,6,0,1,1,1
cell_subsample,0.5,2,81,xenium_human_skin_melanoma,189.8555,60.1906,65.8575,33,0,1.0,0,1.0,0,1.0,1,1.0,5.255900941614838,6.763616535567718,33,0,0,0,1
cell_subsample,0.5,2,82,xenium_human_skin_melanoma,185.313,58.8923,67.5628,26,0,1.0,0,1.0,0,1.0,0,1.0,4.300599839759194,8.146182889772376,26,0,0,0,0
cell_subsample,0.5,2,83,xenium_human_skin_melanoma,182.2157,68.1985,74.0083,11,0,1.0,0,1.0,0,1.0,1,1.0,3.9868369823868357,9.140824205730208,11,0,0,0,1
cell_subsample,0.5,2,84,xenium_human_skin_melanoma,188.0457,39.0256,39.0256,1,1,1.0,1,1.0,1,1.0,1,1.0,6.001966950975559,4.110627219532327,1,1,1,1,1
cell_subsample,0.5,2,85,xenium_human_skin_melanoma,186.4395,67.798,70.369,2,0,1.0,0,1.0,1,1.0,1,1.0,4.032762104924731,8.738460387974202,2,0,0,1,1
cell_subsample,0.5,2,86,xenium_human_skin_melanoma,181.5141,63.3089,70.2759,36,0,1.0,0,1.0,0,1.0,1,1.0,4.036267872247407,9.331502388366037,36,0,0,0,1
cell_subsample,0.5,2,87,xenium_human_skin_melanoma,182.9877,68.6534,71.9654,13,0,1.0,0,1.0,1,1.0,1,1.0,4.0387466187677274,7.561778680109108,13,0,0,1,1
cell_subsample,0.5,2,88,xenium_human_skin_melanoma,188.7035,50.6237,50.6237,1,1,1.0,1,1.0,1,1.0,1,1.0,5.39987239482176,6.147748524841108,1,1,1,1,1
cell_subsample,0.5,2,89,xenium_human_skin_melanoma,186.1778,73.6568,82.1796,30,0,1.0,0,1.0,0,1.0,0,1.0,3.70255481374741,10.1206433358993,30,0,0,0,0
cell_subsample,0.5,2,90,xenium_human_skin_melanoma,182.5988,45.684,47.8708,7,0,1.0,0,1.0,1,1.0,1,1.0,5.208930451646798,5.368172989642246,7,0,0,1,1
cell_subsample,0.5,2,91,xenium_human_skin_melanoma,182.2983,59.5937,72.6332,144,0,1.0,0,1.0,0,1.0,0,1.0,5.2006272363344,8.776156273197552,144,0,0,0,0
cell_subsample,0.5,2,92,xenium_human_skin_melanoma,188.0559,54.3021,54.8024,2,1,1.0,1,1.0,1,1.0,1,1.0,5.46658268522855,6.740783300912794,2,1,1,1,1
cell_subsample,0.5,2,93,xenium_human_skin_melanoma,185.96,72.689,78.8879,17,0,1.0,0,1.0,0,1.0,1,1.0,3.678980568100928,10.43170484111863,17,0,0,0,1
cell_subsample,0.5,2,94,xenium_human_skin_melanoma,180.9763,49.5787,49.5787,1,1,1.0,1,1.0,1,1.0,1,1.0,5.444406686831798,4.146999424007843,1,1,1,1,1
cell_subsample,0.5,2,95,xenium_human_skin_melanoma,183.1423,67.6615,73.857,52,0,1.0,0,1.0,0,1.0,1,1.0,4.232796168406984,9.74436433707837,52,0,0,0,1
cell_subsample,0.5,2,96,xenium_human_skin_melanoma,182.7879,64.9754,71.138,9,0,1.0,0,1.0,0,1.0,1,1.0,4.529940494187282,7.107216955765287,9,0,0,0,1
cell_subsample,0.5,2,97,xenium_human_skin_melanoma,185.334,72.7834,74.8718,9,0,1.0,0,1.0,1,1.0,1,1.0,5.010948478000344,7.618750581275912,9,0,0,1,1
cell_subsample,0.5,2,98,xenium_human_skin_melanoma,181.9137,65.8831,65.8831,1,1,1.0,1,1.0,1,1.0,1,1.0,3.922632372911374,7.819847450023863,1,1,1,1,1
cell_subsample,0.5,2,99,xenium_human_skin_melanoma,182.539,60.4258,75.0701,180,0,1.0,0,1.0,0,1.0,0,1.0,4.263552923655653,8.545389118269464,180,0,0,0,0
cell_subsample,0.5,3,0,xenium_human_skin_melanoma,195.3578,83.9211,87.6448,6,0,1.0,0,1.0,0,1.0,1,1.0,3.7223316977955188,9.63006428745832,6,0,0,0,1
cell_subsample,0.5,3,1,xenium_human_skin_melanoma,191.4016,40.2023,40.2023,1,1,1.0,1,1.0,1,1.0,1,1.0,5.55842980747408,5.336866298670555,1,1,1,1,1
cell_subsample,0.5,3,2,xenium_human_skin_melanoma,186.8923,70.1042,71.0099,2,0,1.0,1,1.0,1,1.0,1,1.0,3.682823210738098,8.595834294488936,2,0,1,1,1
cell_subsample,0.5,3,3,xenium_human_skin_melanoma,186.5161,63.359,68.8503,14,0,1.0,0,1.0,0,1.0,1,1.0,5.127912914395479,7.8696102119817155,14,0,0,0,1
cell_subsample,0.5,3,4,xenium_human_skin_melanoma,188.8119,84.0858,92.0396,51,0,1.0,0,1.0,0,1.0,0,1.0,3.787327944742352,8.473245786932317,51,0,0,0,0
cell_subsample,0.5,3,5,xenium_human_skin_melanoma,183.8357,64.4386,70.2173,28,0,1.0,0,1.0,0,1.0,1,1.0,5.052448159703458,8.277619000571784,28,0,0,0,1
cell_subsample,0.5,3,6,xenium_human_skin_melanoma,180.6337,66.8199,76.8469,140,0,1.0,0,1.0,0,1.0,0,1.0,4.073560320880284,9.053564141890833,140,0,0,0,0
cell_subsample,0.5,3,7,xenium_human_skin_melanoma,186.5772,49.6585,56.0149,44,0,1.0,0,1.0,0,1.0,1,1.0,5.601011549862915,6.36614778108437,44,0,0,0,1
cell_subsample,0.5,3,8,xenium_human_skin_melanoma,184.3057,46.4538,46.4538,1,1,1.0,1,1.0,1,1.0,1,1.0,5.732331246617854,5.018354032742187,1,1,1,1,1
cell_subsample,0.5,3,9,xenium_human_skin_melanoma,186.96,64.7292,66.1129,4,0,1.0,1,1.0,1,1.0,1,1.0,4.109445153772644,8.607710714684416,4,0,1,1,1
cell_subsample,0.5,3,10,xenium_human_skin_melanoma,186.2204,53.8101,64.9436,87,0,1.0,0,1.0,0,1.0,0,1.0,5.199463591708089,7.783262637625583,87,0,0,0,0
cell_subsample,0.5,3,11,xenium_human_skin_melanoma,183.4916,50.4429,66.1775,71,0,1.0,0,1.0,0,1.0,0,1.0,4.91384836490065,6.722836473064689,71,0,0,0,0
cell_subsample,0.5,3,12,xenium_human_skin_melanoma,188.1204,52.4759,56.2317,6,0,1.0,0,1.0,0,1.0,1,1.0,5.30805962370911,7.3819394819824735,6,0,0,0,1
cell_subsample,0.5,3,13,xenium_human_skin_melanoma,185.75,46.3413,49.4946,3,0,1.0,0,1.0,1,1.0,1,1.0,5.416185279401945,5.851048507053783,3,0,0,1,1
cell_subsample,0.5,3,14,xenium_human_skin_melanoma,182.4974,53.8045,64.3562,80,0,1.0,0,1.0,0,1.0,0,1.0,5.189764861622441,7.883280580701133,80,0,0,0,0
cell_subsample,0.5,3,15,xenium_human_skin_melanoma,184.2202,69.4626,80.0329,126,0,1.0,0,1.0,0,1.0,0,1.0,3.8064388852371267,8.303247867083712,126,0,0,0,0
cell_subsample,0.5,3,16,xenium_human_skin_melanoma,184.3217,49.085,51.3557,3,0,1.0,0,1.0,1,1.0,1,1.0,5.470173549675861,6.006589105702148,3,0,0,1,1
cell_subsample,0.5,3,17,xenium_human_skin_melanoma,188.1791,54.3104,56.8487,3,0,1.0,0,1.0,1,1.0,1,1.0,4.693709129839014,6.017179959800435,3,0,0,1,1
cell_subsample,0.5,3,18,xenium_human_skin_melanoma,182.6006,71.8933,78.5116,17,0,1.0,0,1.0,0,1.0,0,1.0,4.9392467337738175,9.921315925503752,17,0,0,0,0
cell_subsample,0.5,3,19,xenium_human_skin_melanoma,183.279,72.4752,74.2288,4,0,1.0,0,1.0,1,1.0,1,1.0,3.7899483896858017,9.650668346211965,4,0,0,1,1
cell_subsample,0.5,3,20,xenium_human_skin_melanoma,187.9424,68.3737,71.4208,8,0,1.0,0,1.0,1,1.0,1,1.0,4.298348279140421,7.331453458672659,8,0,0,1,1
cell_subsample,0.5,3,21,xenium_human_skin_melanoma,183.5313,62.7781,75.3178,191,0,1.0,0,1.0,0,1.0,0,1.0,4.266776465193417,8.044333711095076,191,0,0,0,0
cell_subsample,0.5,3,22,xenium_human_skin_melanoma,180.2789,40.186,41.9804,2,0,1.0,0,1.0,1,1.0,1,1.0,5.443254752818969,5.795559976389242,2,0,0,1,1
cell_subsample,0.5,3,23,xenium_human_skin_melanoma,183.355,64.0478,66.9697,3,0,1.0,0,1.0,1,1.0,1,1.0,4.220111622237252,7.944210633772362,3,0,0,1,1
cell_subsample,0.5,3,24,xenium_human_skin_melanoma,186.5259,76.4336,80.4367,16,0,1.0,0,1.0,0,1.0,1,1.0,3.9259027569030653,6.69336954202022,16,0,0,0,1
cell_subsample,0.5,3,25,xenium_human_skin_melanoma,186.6292,49.6209,50.5859,3,0,1.0,1,1.0,1,1.0,1,1.0,5.315733588723751,4.829313272532583,3,0,1,1,1
cell_subsample,0.5,3,26,xenium_human_skin_melanoma,182.0647,39.1867,39.1867,1,1,1.0,1,1.0,1,1.0,1,1.0,5.700143454401706,4.727809074032426,1,1,1,1,1
cell_subsample,0.5,3,27,xenium_human_skin_melanoma,186.2511,75.8682,84.0707,23,0,1.0,0,1.0,0,1.0,0,1.0,4.8122673807290255,10.616534489615761,23,0,0,0,0
cell_subsample,0.5,3,28,xenium_human_skin_melanoma,189.4346,58.5483,63.1612,28,0,1.0,0,1.0,0,1.0,1,1.0,5.300910294178456,8.319941033963667,28,0,0,0,1
cell_subsample,0.5,3,29,xenium_human_skin_melanoma,183.2717,63.8401,70.8644,34,0,1.0,0,1.0,0,1.0,1,1.0,4.060780528387567,8.247598959011077,34,0,0,0,1
cell_subsample,0.5,3,30,xenium_human_skin_melanoma,180.627,60.3228,66.2751,19,0,1.0,0,1.0,0,1.0,1,1.0,4.350237617124611,7.675881831240657,19,0,0,0,1
cell_subsample,0.5,3,31,xenium_human_skin_melanoma,185.9119,69.0365,75.0108,25,0,1.0,0,1.0,0,1.0,1,1.0,4.005835500992185,9.771858786917194,25,0,0,0,1
cell_subsample,0.5,3,32,xenium_human_skin_melanoma,185.3775,68.5486,79.7535,148,0,1.0,0,1.0,0,1.0,0,1.0,3.9448021256476022,9.53473264493093,148,0,0,0,0
cell_subsample,0.5,3,33,xenium_human_skin_melanoma,185.5523,83.0616,83.0616,1,1,1.0,1,1.0,1,1.0,1,1.0,4.021212707555171,7.645566243027938,1,1,1,1,1
cell_subsample,0.5,3,34,xenium_human_skin_melanoma,182.828,62.4036,62.4036,1,1,1.0,1,1.0,1,1.0,1,1.0,4.110559223468549,9.504747268302092,1,1,1,1,1
cell_subsample,0.5,3,35,xenium_human_skin_melanoma,183.2869,62.8477,66.8827,5,0,1.0,0,1.0,0,1.0,1,1.0,4.101163017564514,8.814970904544406,5,0,0,0,1
cell_subsample,0.5,3,36,xenium_human_skin_melanoma,185.6215,53.6544,57.6339,14,0,1.0,0,1.0,0,1.0,1,1.0,5.2859164150301075,9.82320336873007,14,0,0,0,1
cell_subsample,0.5,3,37,xenium_human_skin_melanoma,186.5597,58.6333,78.1948,73,0,1.0,0,1.0,0,1.0,0,1.0,4.120753312504479,9.643733699949092,73,0,0,0,0
cell_subsample,0.5,3,38,xenium_human_skin_melanoma,184.0809,53.152,59.869,41,0,1.0,0,1.0,0,1.0,0,1.0,5.565914841257881,6.461175134993089,41,0,0,0,0
cell_subsample,0.5,3,39,xenium_human_skin_melanoma,182.5994,62.148,70.8692,36,0,1.0,0,1.0,0,1.0,0,1.0,4.69946021211994,6.497361453416396,36,0,0,0,0
cell_subsample,0.5,3,40,xenium_human_skin_melanoma,183.3734,65.1238,78.6747,147,0,1.0,0,1.0,0,1.0,0,1.0,3.6375921372258917,9.799651599648591,147,0,0,0,0
cell_subsample,0.5,3,41,xenium_human_skin_melanoma,185.6642,60.9975,73.3041,62,0,1.0,0,1.0,0,1.0,0,1.0,3.8976317745428055,8.69912133569426,62,0,0,0,0
cell_subsample,0.5,3,42,xenium_human_skin_melanoma,187.7345,69.1273,74.7112,55,0,1.0,0,1.0,0,1.0,1,1.0,4.2619458371321635,8.225974140923634,55,0,0,0,1
cell_subsample,0.5,3,43,xenium_human_skin_melanoma,182.0408,74.4888,77.2981,18,0,1.0,0,1.0,1,1.0,1,1.0,3.5777106958941376,9.545725336758643,18,0,0,1,1
cell_subsample,0.5,3,44,xenium_human_skin_melanoma,184.2572,47.046,56.665,27,0,1.0,0,1.0,0,1.0,0,1.0,5.29133647730328,6.966704811605169,27,0,0,0,0
cell_subsample,0.5,3,45,xenium_human_skin_melanoma,184.6647,46.5023,54.8816,58,0,1.0,0,1.0,0,1.0,0,1.0,5.8569969727924205,5.563509591225331,58,0,0,0,0
cell_subsample,0.5,3,46,xenium_human_skin_melanoma,185.1345,56.0438,63.9973,42,0,1.0,0,1.0,0,1.0,0,1.0,5.325564648741745,7.15319615682802,42,0,0,0,0
cell_subsample,0.5,3,47,xenium_human_skin_melanoma,184.9285,59.2963,65.4051,28,0,1.0,0,1.0,0,1.0,1,1.0,5.142141309775897,10.104510688876061,28,0,0,0,1
cell_subsample,0.5,3,48,xenium_human_skin_melanoma,182.7135,60.4399,62.5806,5,0,1.0,0,1.0,1,1.0,1,1.0,4.081982203742631,7.152345318072349,5,0,0,1,1
cell_subsample,0.5,3,49,xenium_human_skin_melanoma,186.2824,38.1504,40.7771,2,0,1.0,0,1.0,1,1.0,1,1.0,5.903022416252477,5.309499485572435,2,0,0,1,1
cell_subsample,0.5,3,50,xenium_human_skin_melanoma,185.5879,76.516,76.6887,2,1,1.0,1,1.0,1,1.0,1,1.0,4.051571692299241,10.464318171972295,2,1,1,1,1
cell_subsample,0.5,3,51,xenium_human_skin_melanoma,188.0515,63.975,67.748,14,0,1.0,0,1.0,0,1.0,1,1.0,4.237327004763102,8.085929259165239,14,0,0,0,1
cell_subsample,0.5,3,52,xenium_human_skin_melanoma,183.887,66.8047,70.5124,6,0,1.0,0,1.0,0,1.0,1,1.0,4.182757888060488,7.319279016802882,6,0,0,0,1
cell_subsample,0.5,3,53,xenium_human_skin_melanoma,184.4276,46.4432,48.6564,3,0,1.0,0,1.0,1,1.0,1,1.0,5.129953683971578,7.330592162131254,3,0,0,1,1
cell_subsample,0.5,3,54,xenium_human_skin_melanoma,181.9557,68.5447,74.3594,13,0,1.0,0,1.0,0,1.0,1,1.0,3.744045907667304,7.8638069667228505,13,0,0,0,1
cell_subsample,0.5,3,55,xenium_human_skin_melanoma,185.7029,75.1212,76.2513,3,0,1.0,1,1.0,1,1.0,1,1.0,4.738384729918399,11.400307770154903,3,0,1,1,1
cell_subsample,0.5,3,56,xenium_human_skin_melanoma,190.2376,62.675,69.3362,24,0,1.0,0,1.0,0,1.0,1,1.0,3.9925704987475377,8.19643345719526,24,0,0,0,1
cell_subsample,0.5,3,57,xenium_human_skin_melanoma,184.1788,57.5523,57.5523,1,1,1.0,1,1.0,1,1.0,1,1.0,4.337655733999737,6.7488994442748655,1,1,1,1,1
cell_subsample,0.5,3,58,xenium_human_skin_melanoma,184.0681,56.694,64.5321,20,0,1.0,0,1.0,0,1.0,0,1.0,4.082987364733154,10.01201332830772,20,0,0,0,0
cell_subsample,0.5,3,59,xenium_human_skin_melanoma,183.5017,67.8561,75.9165,28,0,1.0,0,1.0,0,1.0,0,1.0,4.143914954202618,8.670388983643564,28,0,0,0,0
cell_subsample,0.5,3,60,xenium_human_skin_melanoma,187.2157,62.2396,66.7819,12,0,1.0,0,1.0,0,1.0,1,1.0,5.142621444928652,8.737928197449076,12,0,0,0,1
cell_subsample,0.5,3,61,xenium_human_skin_melanoma,183.1309,67.5106,68.1808,2,1,1.0,1,1.0,1,1.0,1,1.0,4.072758143856778,8.481719606609053,2,1,1,1,1
cell_subsample,0.5,3,62,xenium_human_skin_melanoma,179.1404,45.8507,47.8444,3,0,1.0,0,1.0,1,1.0,1,1.0,5.179935363019578,6.1666586777558035,3,0,0,1,1
cell_subsample,0.5,3,63,xenium_human_skin_melanoma,182.0766,62.6842,62.6842,1,1,1.0,1,1.0,1,1.0,1,1.0,4.004431398435714,9.367319093265841,1,1,1,1,1
cell_subsample,0.5,3,64,xenium_human_skin_melanoma,182.9595,48.5487,49.7662,4,0,1.0,1,1.0,1,1.0,1,1.0,5.272499565163979,5.636675039872988,4,0,1,1,1
cell_subsample,0.5,3,65,xenium_human_skin_melanoma,186.5372,67.9502,70.9235,10,0,1.0,0,1.0,1,1.0,1,1.0,3.951925691828597,7.330385819230753,10,0,0,1,1
cell_subsample,0.5,3,66,xenium_human_skin_melanoma,178.2775,99.9851,115.3898,164,0,1.0,0,1.0,0,1.0,0,1.0,2.931486449426098,10.96706680857276,164,0,0,0,0
cell_subsample,0.5,3,67,xenium_human_skin_melanoma,181.0584,60.9133,69.8814,25,0,1.0,0,1.0,0,1.0,0,1.0,3.921915683366286,7.9985814853397414,25,0,0,0,0
cell_subsample,0.5,3,68,xenium_human_skin_melanoma,181.3729,61.0199,64.9087,10,0,1.0,0,1.0,0,1.0,1,1.0,4.016710757378974,8.593146714223964,10,0,0,0,1
cell_subsample,0.5,3,69,xenium_human_skin_melanoma,180.2256,62.6582,78.6293,224,0,1.0,0,1.0,0,1.0,0,1.0,4.28482095915378,9.612456352163486,224,0,0,0,0
cell_subsample,0.5,3,70,xenium_human_skin_melanoma,188.5053,44.7472,45.8116,2,0,1.0,1,1.0,1,1.0,1,1.0,5.671473140121716,6.6281555472701,2,0,1,1,1
cell_subsample,0.5,3,71,xenium_human_skin_melanoma,188.4264,64.2979,64.2995,2,1,1.0,1,1.0,1,1.0,1,1.0,5.157478309899263,7.975458452254276,2,1,1,1,1
cell_subsample,0.5,3,72,xenium_human_skin_melanoma,179.3512,50.1662,52.798,6,0,1.0,0,1.0,1,1.0,1,1.0,5.593518709003459,5.3472161761000345,6,0,0,1,1
cell_subsample,0.5,3,73,xenium_human_skin_melanoma,182.0373,63.5137,74.0637,87,0,1.0,0,1.0,0,1.0,0,1.0,4.181845631270254,8.11559404041414,87,0,0,0,0
cell_subsample,0.5,3,74,xenium_human_skin_melanoma,183.233,68.1338,74.3043,45,0,1.0,0,1.0,0,1.0,1,1.0,4.255284840183701,8.585603446590223,45,0,0,0,1
cell_subsample,0.5,3,75,xenium_human_skin_melanoma,187.3826,45.6387,45.6387,1,1,1.0,1,1.0,1,1.0,1,1.0,5.602768922592754,5.2342199981560595,1,1,1,1,1
cell_subsample,0.5,3,76,xenium_human_skin_melanoma,180.0482,79.5126,84.4046,24,0,1.0,0,1.0,0,1.0,1,1.0,3.5852831689252693,10.864184097442994,24,0,0,0,1
cell_subsample,0.5,3,77,xenium_human_skin_melanoma,180.9472,63.9195,69.8533,39,0,1.0,0,1.0,0,1.0,1,1.0,3.946429900921576,9.32978084143243,39,0,0,0,1
cell_subsample,0.5,3,78,xenium_human_skin_melanoma,185.2374,48.819,49.3561,3,1,1.0,1,1.0,1,1.0,1,1.0,5.298428034474091,5.425708949535447,3,1,1,1,1
cell_subsample,0.5,3,79,xenium_human_skin_melanoma,180.4508,83.0101,87.9941,14,0,1.0,0,1.0,0,1.0,1,1.0,3.609021363160497,10.94792429695278,14,0,0,0,1
cell_subsample,0.5,3,80,xenium_human_skin_melanoma,177.8103,68.8877,69.8936,4,0,1.0,1,1.0,1,1.0,1,1.0,4.132004479584035,6.8053046879146235,4,0,1,1,1
cell_subsample,0.5,3,81,xenium_human_skin_melanoma,181.9594,60.1906,63.0481,7,0,1.0,0,1.0,1,1.0,1,1.0,5.253157535229829,6.402941772970581,7,0,0,1,1
cell_subsample,0.5,3,82,xenium_human_skin_melanoma,179.1752,58.8923,71.3043,89,0,1.0,0,1.0,0,1.0,0,1.0,4.335697719425576,8.7035988002189,89,0,0,0,0
cell_subsample,0.5,3,83,xenium_human_skin_melanoma,183.448,68.1985,72.1307,3,0,1.0,0,1.0,0,1.0,1,1.0,3.9894788967883357,8.002958920732285,3,0,0,0,1
cell_subsample,0.5,3,84,xenium_human_skin_melanoma,180.9331,39.0256,39.0256,1,1,1.0,1,1.0,1,1.0,1,1.0,5.991524206580032,3.3661421036715238,1,1,1,1,1
cell_subsample,0.5,3,85,xenium_human_skin_melanoma,183.7945,67.798,75.8932,56,0,1.0,0,1.0,0,1.0,0,1.0,4.046766046880082,8.236223808179918,56,0,0,0,0
cell_subsample,0.5,3,86,xenium_human_skin_melanoma,181.5948,63.3089,67.1036,10,0,1.0,0,1.0,0,1.0,1,1.0,4.000609054195246,9.486224456318457,10,0,0,0,1
cell_subsample,0.5,3,87,xenium_human_skin_melanoma,181.3765,68.6534,76.9687,115,0,1.0,0,1.0,0,1.0,0,1.0,4.074018205867423,7.9818477207025,115,0,0,0,0
cell_subsample,0.5,3,88,xenium_human_skin_melanoma,181.0434,50.6237,50.6237,1,1,1.0,1,1.0,1,1.0,1,1.0,5.332279904866007,6.317493832156554,1,1,1,1,1
cell_subsample,0.5,3,89,xenium_human_skin_melanoma,180.4588,73.6568,82.1796,30,0,1.0,0,1.0,0,1.0,0,1.0,3.698951457979052,9.834605053323493,30,0,0,0,0
cell_subsample,0.5,3,90,xenium_human_skin_melanoma,180.6368,45.684,46.9059,5,0,1.0,1,1.0,1,1.0,1,1.0,5.187085082904017,5.9765025366108855,5,0,1,1,1
cell_subsample,0.5,3,91,xenium_human_skin_melanoma,182.7632,59.5937,65.8884,33,0,1.0,0,1.0,0,1.0,1,1.0,5.212932358627321,9.345881506872939,33,0,0,0,1
cell_subsample,0.5,3,92,xenium_human_skin_melanoma,184.397,54.3021,60.8155,28,0,1.0,0,1.0,0,1.0,0,1.0,5.460967055710232,8.137196251118134,28,0,0,0,0
cell_subsample,0.5,3,93,xenium_human_skin_melanoma,178.9586,72.689,79.2966,22,0,1.0,0,1.0,0,1.0,1,1.0,3.656145262165149,10.402361167233595,22,0,0,0,1
cell_subsample,0.5,3,94,xenium_human_skin_melanoma,181.8954,49.5787,50.822,4,0,1.0,1,1.0,1,1.0,1,1.0,5.4759410268156605,6.166378386696062,4,0,1,1,1
cell_subsample,0.5,3,95,xenium_human_skin_melanoma,180.562,67.6615,69.556,6,0,1.0,0,1.0,1,1.0,1,1.0,4.179342682815404,7.086065513471619,6,0,0,1,1
cell_subsample,0.5,3,96,xenium_human_skin_melanoma,183.6053,64.9754,74.5254,22,0,1.0,0,1.0,0,1.0,0,1.0,4.499140409668731,8.087826474700892,22,0,0,0,0
cell_subsample,0.5,3,97,xenium_human_skin_melanoma,181.4063,72.7834,74.8718,9,0,1.0,0,1.0,1,1.0,1,1.0,5.022352273408947,8.009067635334567,9,0,0,1,1
cell_subsample,0.5,3,98,xenium_human_skin_melanoma,179.6623,65.8831,65.8831,1,1,1.0,1,1.0,1,1.0,1,1.0,3.9042307052398146,6.863668189757389,1,1,1,1,1
cell_subsample,0.5,3,99,xenium_human_skin_melanoma,183.5185,60.4258,67.625,45,0,1.0,0,1.0,0,1.0,1,1.0,4.236702048356956,7.065893593550633,45,0,0,0,1
cell_subsample,0.5,4,0,xenium_human_skin_melanoma,197.8492,83.9211,103.4753,157,0,1.0,0,1.0,0,1.0,0,1.0,3.747378748264232,11.70237941597146,157,0,0,0,0
cell_subsample,0.5,4,1,xenium_human_skin_melanoma,192.8394,40.2023,40.2023,1,1,1.0,1,1.0,1,1.0,1,1.0,5.539000338292599,6.20954681093189,1,1,1,1,1
cell_subsample,0.5,4,2,xenium_human_skin_melanoma,188.3265,70.1042,76.25,8,0,1.0,0,1.0,0,1.0,1,1.0,3.7047333782088128,8.096073990499262,8,0,0,0,1
cell_subsample,0.5,4,3,xenium_human_skin_melanoma,189.007,63.359,72.841,52,0,1.0,0,1.0,0,1.0,0,1.0,5.115094867232054,10.020054694011476,52,0,0,0,0
cell_subsample,0.5,4,4,xenium_human_skin_melanoma,186.8628,84.0858,95.3582,150,0,1.0,0,1.0,0,1.0,0,1.0,3.830593196604742,10.078204750004693,150,0,0,0,0
cell_subsample,0.5,4,5,xenium_human_skin_melanoma,190.617,64.4386,69.67,22,0,1.0,0,1.0,0,1.0,1,1.0,5.0754290676001945,6.158385783242314,22,0,0,0,1
cell_subsample,0.5,4,6,xenium_human_skin_melanoma,188.7219,66.8199,71.33,29,0,1.0,0,1.0,0,1.0,1,1.0,4.09739844568389,8.039094657350288,29,0,0,0,1
cell_subsample,0.5,4,7,xenium_human_skin_melanoma,186.7714,49.6585,53.4502,11,0,1.0,0,1.0,0,1.0,1,1.0,5.577903776986792,5.752842751705507,11,0,0,0,1
cell_subsample,0.5,4,8,xenium_human_skin_melanoma,189.8488,46.4538,46.4538,1,1,1.0,1,1.0,1,1.0,1,1.0,5.749972114766877,6.78348869315947,1,1,1,1,1
cell_subsample,0.5,4,9,xenium_human_skin_melanoma,184.642,64.7292,77.2616,177,0,1.0,0,1.0,0,1.0,0,1.0,4.103509043798707,9.223590808905465,177,0,0,0,0
cell_subsample,0.5,4,10,xenium_human_skin_melanoma,190.8678,53.8101,56.4121,9,0,1.0,0,1.0,1,1.0,1,1.0,5.193372901636192,8.051315477816509,9,0,0,1,1
cell_subsample,0.5,4,11,xenium_human_skin_melanoma,190.457,50.4429,53.9927,7,0,1.0,0,1.0,0,1.0,1,1.0,4.919318392458011,7.270890921274451,7,0,0,0,1
cell_subsample,0.5,4,12,xenium_human_skin_melanoma,186.1551,52.4759,56.2317,6,0,1.0,0,1.0,0,1.0,1,1.0,5.269863115715437,6.729215082780031,6,0,0,0,1
cell_subsample,0.5,4,13,xenium_human_skin_melanoma,183.1856,46.3413,46.3413,1,1,1.0,1,1.0,1,1.0,1,1.0,5.384454981819153,5.401480270637253,1,1,1,1,1
cell_subsample,0.5,4,14,xenium_human_skin_melanoma,186.7627,53.8045,58.7266,16,0,1.0,0,1.0,0,1.0,1,1.0,5.169272849444376,9.47138232595244,16,0,0,0,1
cell_subsample,0.5,4,15,xenium_human_skin_melanoma,192.6725,69.4626,73.9074,15,0,1.0,0,1.0,0,1.0,1,1.0,3.839146238338085,8.858882534284309,15,0,0,0,1
cell_subsample,0.5,4,16,xenium_human_skin_melanoma,186.2737,49.085,56.6156,29,0,1.0,0,1.0,0,1.0,0,1.0,5.484633034495655,8.091855048793098,29,0,0,0,0
cell_subsample,0.5,4,17,xenium_human_skin_melanoma,185.3991,54.3104,54.3104,1,1,1.0,1,1.0,1,1.0,1,1.0,4.727650781600958,6.669734387531036,1,1,1,1,1
cell_subsample,0.5,4,18,xenium_human_skin_melanoma,186.4112,71.8933,74.3771,3,0,1.0,0,1.0,1,1.0,1,1.0,4.917072687145979,10.072340651635184,3,0,0,1,1
cell_subsample,0.5,4,19,xenium_human_skin_melanoma,187.1714,72.4752,78.8179,24,0,1.0,0,1.0,0,1.0,1,1.0,3.838447895420786,9.682081106375188,24,0,0,0,1
cell_subsample,0.5,4,20,xenium_human_skin_melanoma,189.5635,68.3737,71.995,11,0,1.0,0,1.0,0,1.0,1,1.0,4.2774998739587256,7.8873873479445304,11,0,0,0,1
cell_subsample,0.5,4,21,xenium_human_skin_melanoma,184.8642,62.7781,68.3552,24,0,1.0,0,1.0,0,1.0,1,1.0,4.24999086218235,7.999990305376903,24,0,0,0,1
cell_subsample,0.5,4,22,xenium_human_skin_melanoma,184.4728,40.186,42.0388,3,0,1.0,0,1.0,1,1.0,1,1.0,5.328132786278309,5.373232736794098,3,0,0,1,1
cell_subsample,0.5,4,23,xenium_human_skin_melanoma,184.9805,64.0478,66.9697,3,0,1.0,0,1.0,1,1.0,1,1.0,4.214890250039489,7.538227241747836,3,0,0,1,1
cell_subsample,0.5,4,24,xenium_human_skin_melanoma,190.9862,76.4336,78.1574,4,0,1.0,1,1.0,1,1.0,1,1.0,3.9069323437700723,5.646875003244099,4,0,1,1,1
cell_subsample,0.5,4,25,xenium_human_skin_melanoma,186.6258,49.6209,50.0913,2,1,1.0,1,1.0,1,1.0,1,1.0,5.287101919468252,5.294448905612344,2,1,1,1,1
cell_subsample,0.5,4,26,xenium_human_skin_melanoma,183.2452,39.1867,39.1867,1,1,1.0,1,1.0,1,1.0,1,1.0,5.750570917469582,5.863099307597879,1,1,1,1,1
cell_subsample,0.5,4,27,xenium_human_skin_melanoma,185.5695,75.8682,84.0707,23,0,1.0,0,1.0,0,1.0,0,1.0,4.835278736220814,8.99846496730896,23,0,0,0,0
cell_subsample,0.5,4,28,xenium_human_skin_melanoma,189.1447,58.5483,58.5483,1,1,1.0,1,1.0,1,1.0,1,1.0,5.292177689705057,7.846475957225198,1,1,1,1,1
cell_subsample,0.5,4,29,xenium_human_skin_melanoma,187.7719,63.8401,71.9176,50,0,1.0,0,1.0,0,1.0,0,1.0,4.032353794867999,8.64976984543232,50,0,0,0,0
cell_subsample,0.5,4,30,xenium_human_skin_melanoma,184.3335,60.3228,66.2751,19,0,1.0,0,1.0,0,1.0,1,1.0,4.329193254343987,7.617504670547047,19,0,0,0,1
cell_subsample,0.5,4,31,xenium_human_skin_melanoma,186.8192,69.0365,79.9254,133,0,1.0,0,1.0,0,1.0,0,1.0,3.978520885399608,10.224423022704732,133,0,0,0,0
cell_subsample,0.5,4,32,xenium_human_skin_melanoma,183.6418,68.5486,76.7322,72,0,1.0,0,1.0,0,1.0,0,1.0,3.986309224072588,10.626953425708189,72,0,0,0,0
cell_subsample,0.5,4,33,xenium_human_skin_melanoma,185.6386,83.0616,83.0616,1,1,1.0,1,1.0,1,1.0,1,1.0,4.040279147718716,7.399166081898216,1,1,1,1,1
cell_subsample,0.5,4,34,xenium_human_skin_melanoma,188.1599,62.4036,72.7714,68,0,1.0,0,1.0,0,1.0,0,1.0,4.126920902271574,8.955821097362637,68,0,0,0,0
cell_subsample,0.5,4,35,xenium_human_skin_melanoma,181.7849,62.8477,69.2631,26,0,1.0,0,1.0,0,1.0,1,1.0,4.109846047107506,8.446447039322184,26,0,0,0,1
cell_subsample,0.5,4,36,xenium_human_skin_melanoma,183.5907,53.6544,63.0779,69,0,1.0,0,1.0,0,1.0,0,1.0,5.267840302413343,9.692065020284561,69,0,0,0,0
cell_subsample,0.5,4,37,xenium_human_skin_melanoma,183.4504,58.6333,67.2506,13,0,1.0,0,1.0,0,1.0,0,1.0,4.113748804227216,9.160751910107034,13,0,0,0,0
cell_subsample,0.5,4,38,xenium_human_skin_melanoma,190.4432,53.152,53.152,1,1,1.0,1,1.0,1,1.0,1,1.0,5.584156463878522,6.630257012256169,1,1,1,1,1
cell_subsample,0.5,4,39,xenium_human_skin_melanoma,185.9975,62.148,70.8692,36,0,1.0,0,1.0,0,1.0,0,1.0,4.714741782006158,6.606958490487605,36,0,0,0,0
cell_subsample,0.5,4,40,xenium_human_skin_melanoma,183.6621,65.1238,72.4988,37,0,1.0,0,1.0,0,1.0,0,1.0,3.700891516279208,10.95340939936972,37,0,0,0,0
cell_subsample,0.5,4,41,xenium_human_skin_melanoma,186.2268,60.9975,63.0259,7,0,1.0,0,1.0,1,1.0,1,1.0,3.9686242459461165,9.603344441954706,7,0,0,1,1
cell_subsample,0.5,4,42,xenium_human_skin_melanoma,187.3658,69.1273,70.5326,4,0,1.0,1,1.0,1,1.0,1,1.0,4.2269295414063714,8.0577291741994,4,0,1,1,1
cell_subsample,0.5,4,43,xenium_human_skin_melanoma,188.389,74.4888,74.4888,1,1,1.0,1,1.0,1,1.0,1,1.0,3.6026035566186736,8.88401382540738,1,1,1,1,1
cell_subsample,0.5,4,44,xenium_human_skin_melanoma,185.8453,47.046,47.046,1,1,1.0,1,1.0,1,1.0,1,1.0,5.294605690233623,8.077788488895411,1,1,1,1,1
cell_subsample,0.5,4,45,xenium_human_skin_melanoma,186.5825,46.5023,49.524,11,0,1.0,0,1.0,1,1.0,1,1.0,5.840903857391912,4.816704419020857,11,0,0,1,1
cell_subsample,0.5,4,46,xenium_human_skin_melanoma,185.152,56.0438,56.0438,1,1,1.0,1,1.0,1,1.0,1,1.0,5.298279700036654,6.003791447088274,1,1,1,1,1
cell_subsample,0.5,4,47,xenium_human_skin_melanoma,187.2419,59.2963,59.6533,2,1,1.0,1,1.0,1,1.0,1,1.0,5.160950116442842,8.735600015418,2,1,1,1,1
cell_subsample,0.5,4,48,xenium_human_skin_melanoma,191.2338,60.4399,62.5806,5,0,1.0,0,1.0,1,1.0,1,1.0,4.1458038761572364,6.712476643705418,5,0,0,1,1
cell_subsample,0.5,4,49,xenium_human_skin_melanoma,183.3713,38.1504,45.1826,4,0,1.0,0,1.0,0,1.0,0,1.0,5.973809951919856,5.398624592990982,4,0,0,0,0
cell_subsample,0.5,4,50,xenium_human_skin_melanoma,185.2827,76.516,76.6887,2,1,1.0,1,1.0,1,1.0,1,1.0,4.028931172901044,8.441589547807471,2,1,1,1,1
cell_subsample,0.5,4,51,xenium_human_skin_melanoma,186.1733,63.975,72.1038,75,0,1.0,0,1.0,0,1.0,0,1.0,4.200667319612028,8.56348995027081,75,0,0,0,0
cell_subsample,0.5,4,52,xenium_human_skin_melanoma,189.2964,66.8047,70.5191,7,0,1.0,0,1.0,0,1.0,1,1.0,4.155250828053026,6.725212676432575,7,0,0,0,1
cell_subsample,0.5,4,53,xenium_human_skin_melanoma,185.4778,46.4432,48.6564,3,0,1.0,0,1.0,1,1.0,1,1.0,5.129469645280996,6.4546262988510605,3,0,0,1,1
cell_subsample,0.5,4,54,xenium_human_skin_melanoma,182.2175,68.5447,74.3594,13,0,1.0,0,1.0,0,1.0,1,1.0,3.744650175322966,8.780869588361972,13,0,0,0,1
cell_subsample,0.5,4,55,xenium_human_skin_melanoma,182.5391,75.1212,76.2513,3,0,1.0,1,1.0,1,1.0,1,1.0,4.765075169812396,10.04014413418937,3,0,1,1,1
cell_subsample,0.5,4,56,xenium_human_skin_melanoma,186.3854,62.675,69.3362,24,0,1.0,0,1.0,0,1.0,1,1.0,4.0042686209083165,9.274615204387386,24,0,0,0,1
cell_subsample,0.5,4,57,xenium_human_skin_melanoma,189.2905,57.5523,64.8066,35,0,1.0,0,1.0,0,1.0,0,1.0,4.353235534175959,8.2604186450974,35,0,0,0,0
cell_subsample,0.5,4,58,xenium_human_skin_melanoma,183.403,56.694,64.5321,20,0,1.0,0,1.0,0,1.0,0,1.0,4.134553880139029,9.573300374115181,20,0,0,0,0
cell_subsample,0.5,4,59,xenium_human_skin_melanoma,182.8593,67.8561,72.0554,3,0,1.0,0,1.0,0,1.0,1,1.0,4.12883519722207,7.930657315416158,3,0,0,0,1
cell_subsample,0.5,4,60,xenium_human_skin_melanoma,181.7949,62.2396,66.7819,12,0,1.0,0,1.0,0,1.0,1,1.0,5.077676724681139,7.672237813804004,12,0,0,0,1
cell_subsample,0.5,4,61,xenium_human_skin_melanoma,188.8403,67.5106,68.1808,2,1,1.0,1,1.0,1,1.0,1,1.0,4.102634260971614,9.008993300887582,2,1,1,1,1
cell_subsample,0.5,4,62,xenium_human_skin_melanoma,185.2102,45.8507,45.8507,1,1,1.0,1,1.0,1,1.0,1,1.0,5.191989097476422,7.252975941144329,1,1,1,1,1
cell_subsample,0.5,4,63,xenium_human_skin_melanoma,182.1501,62.6842,62.6842,1,1,1.0,1,1.0,1,1.0,1,1.0,4.000646528158388,9.851186329857198,1,1,1,1,1
cell_subsample,0.5,4,64,xenium_human_skin_melanoma,181.5498,48.5487,54.808,9,0,1.0,0,1.0,0,1.0,1,1.0,5.224225683915411,7.313032701348643,9,0,0,0,1
cell_subsample,0.5,4,65,xenium_human_skin_melanoma,181.8443,67.9502,68.0634,2,1,1.0,1,1.0,1,1.0,1,1.0,3.9416035667519327,5.9102552270077,2,1,1,1,1
cell_subsample,0.5,4,66,xenium_human_skin_melanoma,180.1519,99.9851,115.3898,164,0,1.0,0,1.0,0,1.0,0,1.0,2.91454899879355,11.940941122940949,164,0,0,0,0
cell_subsample,0.5,4,67,xenium_human_skin_melanoma,186.7722,60.9133,81.0027,198,0,1.0,0,1.0,0,1.0,0,1.0,3.958460994859022,10.1449159337878,198,0,0,0,0
cell_subsample,0.5,4,68,xenium_human_skin_melanoma,183.3416,61.0199,64.9087,10,0,1.0,0,1.0,0,1.0,1,1.0,3.970126717655835,8.270768307846765,10,0,0,0,1
cell_subsample,0.5,4,69,xenium_human_skin_melanoma,180.1527,62.6582,62.6582,1,1,1.0,1,1.0,1,1.0,1,1.0,4.272138755106745,8.234918112763154,1,1,1,1,1
cell_subsample,0.5,4,70,xenium_human_skin_melanoma,179.1817,44.7472,47.1256,7,0,1.0,0,1.0,1,1.0,1,1.0,5.700245727092781,5.912933040937041,7,0,0,1,1
cell_subsample,0.5,4,71,xenium_human_skin_melanoma,190.0049,64.2979,64.2995,2,1,1.0,1,1.0,1,1.0,1,1.0,5.150414467847025,8.458909145315937,2,1,1,1,1
cell_subsample,0.5,4,72,xenium_human_skin_melanoma,185.6598,50.1662,54.2022,14,0,1.0,0,1.0,0,1.0,1,1.0,5.571670998137981,6.100993529274058,14,0,0,0,1
cell_subsample,0.5,4,73,xenium_human_skin_melanoma,179.1474,63.5137,63.5137,1,1,1.0,1,1.0,1,1.0,1,1.0,4.191666542089896,7.294660469051954,1,1,1,1,1
cell_subsample,0.5,4,74,xenium_human_skin_melanoma,180.1419,68.1338,76.9091,88,0,1.0,0,1.0,0,1.0,0,1.0,4.229829479658255,6.871738775007726,88,0,0,0,0
cell_subsample,0.5,4,75,xenium_human_skin_melanoma,186.3432,45.6387,53.5521,19,0,1.0,0,1.0,0,1.0,0,1.0,5.654184761438496,4.627039650817043,19,0,0,0,0
cell_subsample,0.5,4,76,xenium_human_skin_melanoma,182.6532,79.5126,112.6799,636,0,1.0,0,1.0,0,1.0,0,1.0,3.642893141595332,10.75385377268052,636,0,0,0,0
cell_subsample,0.5,4,77,xenium_human_skin_melanoma,179.4746,63.9195,70.9482,53,0,1.0,0,1.0,0,1.0,1,1.0,3.912351234981896,10.02735727877936,53,0,0,0,1
cell_subsample,0.5,4,78,xenium_human_skin_melanoma,181.5099,48.819,49.3561,3,1,1.0,1,1.0,1,1.0,1,1.0,5.31675241209667,5.75636137730765,3,1,1,1,1
cell_subsample,0.5,4,79,xenium_human_skin_melanoma,184.7528,83.0101,87.9941,14,0,1.0,0,1.0,0,1.0,1,1.0,3.651870107536717,10.953896436374594,14,0,0,0,1
cell_subsample,0.5,4,80,xenium_human_skin_melanoma,181.6044,68.8877,79.2041,144,0,1.0,0,1.0,0,1.0,0,1.0,4.114868338876079,6.566181983359725,144,0,0,0,0
cell_subsample,0.5,4,81,xenium_human_skin_melanoma,179.7984,60.1906,63.1486,9,0,1.0,0,1.0,1,1.0,1,1.0,5.277416461411216,7.198004478493399,9,0,0,1,1
cell_subsample,0.5,4,82,xenium_human_skin_melanoma,183.1404,58.8923,77.7753,301,0,1.0,0,1.0,0,1.0,0,1.0,4.296773591980898,6.958866293953248,301,0,0,0,0
cell_subsample,0.5,4,83,xenium_human_skin_melanoma,179.9171,68.1985,75.0195,22,0,1.0,0,1.0,0,1.0,1,1.0,4.0026638765075235,8.412742843573923,22,0,0,0,1
cell_subsample,0.5,4,84,xenium_human_skin_melanoma,183.9691,39.0256,40.864,4,0,1.0,0,1.0,1,1.0,1,1.0,5.986370755940463,2.8649150003899004,4,0,0,1,1
cell_subsample,0.5,4,85,xenium_human_skin_melanoma,184.3056,67.798,70.369,2,0,1.0,0,1.0,1,1.0,1,1.0,4.0104260614770615,8.080295934320976,2,0,0,1,1
cell_subsample,0.5,4,86,xenium_human_skin_melanoma,179.4981,63.3089,67.1036,10,0,1.0,0,1.0,0,1.0,1,1.0,4.020544421879142,9.346946076066946,10,0,0,0,1
cell_subsample,0.5,4,87,xenium_human_skin_melanoma,180.1893,68.6534,71.9654,13,0,1.0,0,1.0,1,1.0,1,1.0,4.083766120529695,8.889737425768725,13,0,0,1,1
cell_subsample,0.5,4,88,xenium_human_skin_melanoma,182.1413,50.6237,50.6237,1,1,1.0,1,1.0,1,1.0,1,1.0,5.384204765044425,6.541008649175963,1,1,1,1,1
cell_subsample,0.5,4,89,xenium_human_skin_melanoma,182.1839,73.6568,83.1269,43,0,1.0,0,1.0,0,1.0,0,1.0,3.711970927694364,10.142661493533588,43,0,0,0,0
cell_subsample,0.5,4,90,xenium_human_skin_melanoma,179.8979,45.684,46.4192,3,0,1.0,1,1.0,1,1.0,1,1.0,5.160548052046632,5.066727001239238,3,0,1,1,1
cell_subsample,0.5,4,91,xenium_human_skin_melanoma,179.5248,59.5937,66.1634,39,0,1.0,0,1.0,0,1.0,0,1.0,5.189779695066185,7.768946254023359,39,0,0,0,0
cell_subsample,0.5,4,92,xenium_human_skin_melanoma,383.0174,54.3021,62.4231,46,0,1.0,0,1.0,0,1.0,0,1.0,5.421918795762647,6.7888827444398325,46,0,0,0,0
cell_subsample,0.5,4,93,xenium_human_skin_melanoma,179.9571,72.689,77.222,7,0,1.0,0,1.0,0,1.0,1,1.0,3.591082655075253,10.46563120080663,7,0,0,0,1
cell_subsample,0.5,4,94,xenium_human_skin_melanoma,182.82,49.5787,49.5787,1,1,1.0,1,1.0,1,1.0,1,1.0,5.475738433202425,6.140846956088163,1,1,1,1,1
cell_subsample,0.5,4,95,xenium_human_skin_melanoma,183.2062,67.6615,73.857,52,0,1.0,0,1.0,0,1.0,1,1.0,4.180195215476882,7.966672550316263,52,0,0,0,1
cell_subsample,0.5,4,96,xenium_human_skin_melanoma,181.5011,64.9754,64.9754,1,1,1.0,1,1.0,1,1.0,1,1.0,4.5368571728634315,7.7170874886170076,1,1,1,1,1
cell_subsample,0.5,4,97,xenium_human_skin_melanoma,183.1165,72.7834,76.8337,28,0,1.0,0,1.0,0,1.0,1,1.0,5.016251043784915,8.326229652701137,28,0,0,0,1
cell_subsample,0.5,4,98,xenium_human_skin_melanoma,178.8339,65.8831,65.8831,1,1,1.0,1,1.0,1,1.0,1,1.0,3.9416976420135703,6.788359375555951,1,1,1,1,1
cell_subsample,0.5,4,99,xenium_human_skin_melanoma,179.778,60.4258,74.2881,161,0,1.0,0,1.0,0,1.0,0,1.0,4.28553491622239,8.226025568090378,161,0,0,0,0
