seed,tile_id,niche,majority_label,majority_fraction,n_cells,x,y
0,0,2,DCIS_1,0.32456140350877194,114,7405.417520087957,5388.899078688399
0,1,2,DCIS_1,0.4,50,7229.148829516768,5431.6392121957615
0,2,3,DCIS_1,0.5128205128205128,78,7111.636369135976,5431.6392121957615
0,3,2,Stromal,0.40425531914893614,47,7229.148829516768,5346.158945181035
0,4,3,DCIS_1,0.6282051282051282,78,7111.636369135976,5346.158945181035
0,5,3,DCIS_1,0.4945054945054945,91,7464.1737502783535,5260.678678166308
0,7,3,DCIS_1,0.8235294117647058,51,7464.1737502783535,5175.19841115158
0,8,2,DCIS_1,0.5882352941176471,68,7346.661289897561,5175.19841115158
0,10,3,DCIS_1,0.6666666666666666,72,7111.636369135976,5260.678678166308
0,11,2,DCIS_1,0.43548387096774194,62,7229.148829516768,5175.19841115158
0,12,2,DCIS_1,0.2328767123287671,73,7111.636369135976,5175.19841115158
0,13,2,Stromal,0.3048780487804878,164,6935.367678564787,5388.899078688399
0,14,1,Stromal,0.5357142857142857,28,6700.3427578032015,5388.899078688399
0,15,2,DCIS_1,0.38095238095238093,147,6935.367678564787,5217.938544658944
0,16,1,Stromal,0.5344827586206896,58,6700.3427578032015,5217.938544658944
0,19,2,Stromal,0.3684210526315789,57,7464.1737502783535,5004.2378771221265
0,20,2,DCIS_1,0.6666666666666666,51,7346.661289897561,5004.2378771221265
0,21,3,DCIS_1,0.8666666666666667,45,7229.148829516768,5089.718144136853
0,22,2,DCIS_1,0.34545454545454546,55,7111.636369135976,5089.718144136853
0,23,2,DCIS_1,0.72,50,7229.148829516768,5004.2378771221265
0,24,2,Stromal,0.5384615384615384,52,7111.636369135976,5004.2378771221265
0,25,1,Stromal,0.6666666666666666,81,7405.417520087957,4876.017476600036
0,26,1,Stromal,0.34177215189873417,79,7229.148829516768,4918.757610107399
0,28,2,Stromal,0.36363636363636365,66,7229.148829516768,4833.277343092673
0,29,1,Stromal,0.85,20,7111.636369135976,4833.277343092673
0,32,1,Stromal,0.7608695652173914,46,6935.367678564787,4876.017476600036
0,33,1,Stromal,0.4482758620689655,29,6759.098987993598,4918.757610107399
0,34,1,Stromal,0.5471698113207547,53,6641.586527612805,4918.757610107399
0,35,2,Stromal,0.37681159420289856,69,6759.098987993598,4833.277343092673
0,36,2,DCIS_1,0.746268656716418,67,6641.586527612805,4833.277343092673
0,38,1,Stromal,0.8333333333333334,30,6465.317837041616,5046.978010629489
0,39,1,Stromal,0.7142857142857143,28,6230.292916280031,5046.978010629489
0,40,2,Stromal,0.3770491803278688,183,6465.317837041616,4876.017476600036
0,41,1,Stromal,0.6666666666666666,72,6230.292916280031,4876.017476600036
0,42,1,Stromal,0.7052023121387283,173,5877.755535137653,4961.497743614763
0,43,1,Stromal,0.6461538461538462,65,7405.417520087957,4705.056942570582
0,44,1,Stromal,0.639344262295082,61,7170.392599326372,4705.056942570582
0,45,1,Stromal,0.8285714285714286,35,7405.417520087957,4534.096408541129
0,46,1,Stromal,0.48360655737704916,122,7170.392599326372,4534.096408541129
0,48,2,DCIS_1,0.4827586206896552,58,6759.098987993598,4747.797076077945
0,49,3,DCIS_1,0.8870967741935484,62,6641.586527612805,4747.797076077945
0,50,2,DCIS_1,0.5753424657534246,73,6759.098987993598,4662.316809063219
0,51,3,DCIS_1,0.7058823529411765,68,6641.586527612805,4662.316809063219
0,52,1,Stromal,0.5714285714285714,56,6994.123908755183,4576.8365420484915
0,54,1,Stromal,0.49122807017543857,57,6994.123908755183,4491.356275033765
0,55,2,DCIS_1,0.37681159420289856,69,6876.61144837439,4491.356275033765
0,56,3,DCIS_1,0.6440677966101694,59,6759.098987993598,4576.8365420484915
0,57,3,DCIS_1,0.75,80,6641.586527612805,4576.8365420484915
0,58,3,DCIS_1,0.6976744186046512,43,6759.098987993598,4491.356275033765
0,59,3,Macrophages_1,0.5161290322580645,31,6641.586527612805,4491.356275033765
0,60,1,Stromal,0.9396551724137931,116,7287.905059707165,4277.655607496947
0,61,1,Stromal,0.696969696969697,66,6994.123908755183,4405.876008019038
0,62,2,Myoepi_KRT15+,0.37681159420289856,69,6876.61144837439,4405.876008019038
0,63,1,Stromal,0.7222222222222222,54,6994.123908755183,4320.39574100431
0,64,3,DCIS_1,0.8235294117647058,85,6876.61144837439,4320.39574100431
0,65,3,DCIS_1,0.6875,144,6700.3427578032015,4363.135874511674
0,66,1,Stromal,0.8529411764705882,34,6994.123908755183,4234.915473989583
0,67,2,DCIS_1,0.4722222222222222,72,6876.61144837439,4234.915473989583
0,68,1,Stromal,0.5333333333333333,45,6994.123908755183,4149.435206974857
0,69,2,Stromal,0.35294117647058826,68,6876.61144837439,4149.435206974857
0,70,3,DCIS_1,0.4895833333333333,96,6759.098987993598,4234.915473989583
0,71,3,DCIS_1,0.4666666666666667,15,6641.586527612805,4234.915473989583
0,72,3,DCIS_1,0.44285714285714284,70,6759.098987993598,4149.435206974857
0,73,3,DCIS_1,0.8367346938775511,49,6641.586527612805,4149.435206974857
0,74,3,DCIS_1,0.6833333333333333,60,6524.074067232013,4747.797076077945
0,75,2,DCIS_1,0.49295774647887325,71,6406.56160685122,4747.797076077945
0,78,2,Stromal,0.3333333333333333,174,6230.292916280031,4705.056942570582
0,79,3,DCIS_1,0.45925925925925926,135,6465.317837041616,4534.096408541129
0,81,2,Stromal,0.5217391304347826,46,6171.536686089635,4576.8365420484915
0,82,3,DCIS_1,0.7945205479452054,73,6289.049146470427,4491.356275033765
0,83,2,Stromal,0.43103448275862066,58,6171.536686089635,4491.356275033765
0,84,1,Stromal,0.3983739837398374,123,5995.267995518446,4705.056942570582
0,86,1,Stromal,0.7142857142857143,35,6054.024225708842,4576.8365420484915
0,87,2,Stromal,0.3076923076923077,78,5936.5117653280495,4576.8365420484915
0,88,1,B_Cells,0.2558139534883721,86,6054.024225708842,4491.356275033765
0,89,1,CD4+_T_Cells,0.41830065359477125,153,5936.5117653280495,4491.356275033765
0,90,1,CD4+_T_Cells,0.375,80,5818.999304947257,4576.8365420484915
0,91,1,Stromal,0.7777777777777778,27,5701.486844566464,4576.8365420484915
0,92,1,CD4+_T_Cells,0.5294117647058824,136,5818.999304947257,4491.356275033765
0,93,1,CD4+_T_Cells,0.35714285714285715,98,5701.486844566464,4491.356275033765
0,94,3,DCIS_1,0.9295774647887324,71,6289.049146470427,4405.876008019038
0,95,2,DCIS_1,0.5081967213114754,61,6171.536686089635,4405.876008019038
0,96,3,DCIS_1,0.7638888888888888,72,6289.049146470427,4320.39574100431
0,97,2,DCIS_1,0.515625,64,6171.536686089635,4320.39574100431
0,98,3,Macrophages_1,0.4457831325301205,83,6465.317837041616,4192.175340482219
0,99,3,DCIS_1,0.6666666666666666,39,6289.049146470427,4234.915473989583
0,100,2,DCIS_1,0.7272727272727273,77,6171.536686089635,4234.915473989583
0,101,3,DCIS_1,0.6037735849056604,53,6289.049146470427,4149.435206974857
0,102,2,DCIS_1,0.6582278481012658,79,6171.536686089635,4149.435206974857
0,103,1,B_Cells,0.24778761061946902,113,6054.024225708842,4405.876008019038
0,104,1,Stromal,0.2248062015503876,129,5936.5117653280495,4405.876008019038
0,105,1,Stromal,0.3118279569892473,93,6054.024225708842,4320.39574100431
0,106,1,Myoepi_KRT15+,0.5116279069767442,129,5936.5117653280495,4320.39574100431
0,108,1,CD4+_T_Cells,0.33587786259541985,131,5701.486844566464,4405.876008019038
0,109,1,Stromal,0.415929203539823,113,5818.999304947257,4320.39574100431
0,110,1,Stromal,0.5833333333333334,84,5701.486844566464,4320.39574100431
0,111,1,Stromal,0.5254237288135594,59,6054.024225708842,4234.915473989583
0,112,3,Myoepi_KRT15+,0.5194805194805194,77,5936.5117653280495,4234.915473989583
0,113,1,Stromal,0.6842105263157895,76,6054.024225708842,4149.435206974857
0,114,3,Myoepi_KRT15+,0.4,55,5936.5117653280495,4149.435206974857
0,115,3,Myoepi_KRT15+,0.494949494949495,99,5818.999304947257,4234.915473989583
0,116,1,Myoepi_ACTA2+,0.4344262295081967,122,5701.486844566464,4234.915473989583
0,117,3,Macrophages_1,0.9166666666666666,24,5818.999304947257,4149.435206974857
0,119,1,Endothelial,0.46875,32,4585.118470948934,5046.978010629489
0,120,2,Stromal,0.43157894736842106,95,4350.093550187349,5046.978010629489
0,121,1,Stromal,0.8387096774193549,31,4585.118470948934,4876.017476600036
0,122,2,DCIS_2,0.3829787234042553,188,4350.093550187349,4876.017476600036
0,123,2,DCIS_2,0.49032258064516127,155,4115.068629425764,5046.978010629489
0,124,1,Stromal,0.8666666666666667,30,3880.0437086641787,5046.978010629489
0,125,3,DCIS_2,0.875,56,4173.82485961616,4918.757610107399
0,126,1,Stromal,0.5428571428571428,35,4056.3123992353676,4918.757610107399
0,127,2,DCIS_2,0.7575757575757576,99,4173.82485961616,4833.277343092673
0,128,1,Stromal,0.7857142857142857,14,4056.3123992353676,4833.277343092673
0,129,1,Stromal,0.8125,32,3880.0437086641787,4876.017476600036
0,130,1,Stromal,0.8244274809160306,131,5407.705693614483,4619.576675555855
0,131,1,Stromal,0.7280701754385965,114,4937.655852091312,4619.576675555855
0,132,1,Stromal,0.532258064516129,124,5525.218153995275,4363.135874511674
0,133,1,Stromal,0.6571428571428571,70,5583.974384185672,4234.915473989583
0,134,1,Stromal,0.85,20,5466.461923804879,4234.915473989583
0,136,1,Stromal,0.7346938775510204,49,5466.461923804879,4149.435206974857
0,137,1,Stromal,0.84375,64,5290.19323323369,4192.175340482219
0,138,1,Stromal,0.8606060606060606,165,4937.655852091312,4277.655607496947
0,139,1,Stromal,0.7424242424242424,198,4467.606010568142,4619.576675555855
0,140,1,Stromal,0.8484848484848485,198,3997.5561690449713,4619.576675555855
0,141,1,Stromal,0.8333333333333334,42,4585.118470948934,4363.135874511674
0,142,1,Stromal,0.8541666666666666,48,4350.093550187349,4363.135874511674
0,143,1,Stromal,0.5555555555555556,117,4585.118470948934,4192.175340482219
0,144,2,Stromal,0.5827814569536424,151,4350.093550187349,4192.175340482219
0,146,1,Stromal,0.9418604651162791,86,3880.0437086641787,4363.135874511674
0,147,1,Stromal,0.6,165,4115.068629425764,4192.175340482219
0,149,1,Stromal,0.5980392156862745,102,7170.392599326372,4021.214806452766
0,150,2,Stromal,0.6017699115044248,113,7405.417520087957,3850.2542724233117
0,151,1,Stromal,0.8255813953488372,86,7170.392599326372,3850.2542724233117
0,152,1,Stromal,0.7518248175182481,137,6935.367678564787,4021.214806452766
0,153,2,DCIS_1,0.3611111111111111,72,6759.098987993598,4063.954939960129
0,154,3,DCIS_1,0.7241379310344828,58,6641.586527612805,4063.954939960129
0,155,1,Stromal,0.5217391304347826,69,6759.098987993598,3978.4746729454027
0,157,1,Stromal,0.6178343949044586,157,6935.367678564787,3850.2542724233117
0,158,2,Stromal,0.5588235294117647,68,6759.098987993598,3892.9944059306754
0,159,2,DCIS_1,0.39705882352941174,68,6641.586527612805,3892.9944059306754
0,160,2,DCIS_1,0.25,96,6759.098987993598,3807.514138915948
0,162,3,DCIS_1,0.7466666666666667,75,7464.1737502783535,3722.0338719012216
0,163,2,Stromal,0.5405405405405406,37,7346.661289897561,3722.0338719012216
0,164,3,DCIS_1,0.8450704225352113,71,7464.1737502783535,3636.553604886494
0,165,2,DCIS_1,0.8461538461538461,78,7346.661289897561,3636.553604886494
0,166,2,Stromal,0.6637931034482759,116,7170.392599326372,3679.293738393858
0,167,3,DCIS_1,0.8909090909090909,55,7464.1737502783535,3551.073337871767
0,168,3,DCIS_1,0.8266666666666667,75,7346.661289897561,3551.073337871767
0,169,3,DCIS_1,0.8493150684931506,73,7464.1737502783535,3465.5930708570404
0,170,3,DCIS_1,0.8823529411764706,51,7346.661289897561,3465.5930708570404
0,171,3,DCIS_1,0.8977272727272727,88,7229.148829516768,3551.073337871767
0,172,3,DCIS_1,0.7837837837837838,74,7111.636369135976,3551.073337871767
0,173,3,DCIS_1,0.8833333333333333,60,7229.148829516768,3465.5930708570404
0,174,3,DCIS_1,0.8666666666666667,90,7111.636369135976,3465.5930708570404
0,176,2,DCIS_1,0.6081081081081081,74,6759.098987993598,3722.0338719012216
0,177,3,DCIS_1,0.8311688311688312,77,6641.586527612805,3722.0338719012216
0,178,2,DCIS_1,0.5569620253164557,79,6759.098987993598,3636.553604886494
0,179,3,DCIS_1,0.8285714285714286,70,6641.586527612805,3636.553604886494
0,180,2,DCIS_1,0.6666666666666666,54,6994.123908755183,3551.073337871767
0,181,2,Stromal,0.4523809523809524,42,6876.61144837439,3551.073337871767
0,183,2,DCIS_1,0.8923076923076924,65,6876.61144837439,3465.5930708570404
0,184,2,Stromal,0.5245901639344263,61,6759.098987993598,3551.073337871767
0,185,2,DCIS_1,0.47058823529411764,68,6641.586527612805,3551.073337871767
0,186,2,Stromal,0.4666666666666667,45,6759.098987993598,3465.5930708570404
0,187,1,Stromal,0.8275862068965517,29,6641.586527612805,3465.5930708570404
0,188,3,Macrophages_1,0.4857142857142857,35,6524.074067232013,4063.954939960129
0,189,3,DCIS_1,0.7407407407407407,54,6406.56160685122,4063.954939960129
0,190,2,DCIS_1,0.44285714285714284,70,6524.074067232013,3978.4746729454027
0,192,3,Myoepi_KRT15+,0.5375,80,6289.049146470427,4063.954939960129
0,193,2,DCIS_1,0.5147058823529411,68,6171.536686089635,4063.954939960129
0,194,2,DCIS_1,0.5569620253164557,79,6289.049146470427,3978.4746729454027
0,195,2,Stromal,0.6415094339622641,53,6171.536686089635,3978.4746729454027
0,196,2,Stromal,0.5072463768115942,69,6524.074067232013,3892.9944059306754
0,197,2,Stromal,0.49056603773584906,53,6406.56160685122,3892.9944059306754
0,198,3,DCIS_1,0.7469879518072289,83,6524.074067232013,3807.514138915948
0,199,2,Stromal,0.4090909090909091,66,6406.56160685122,3807.514138915948
0,201,1,Stromal,0.7169811320754716,53,6171.536686089635,3892.9944059306754
0,202,1,Stromal,0.6101694915254238,59,6289.049146470427,3807.514138915948
0,203,1,Stromal,0.6756756756756757,37,6171.536686089635,3807.514138915948
0,204,1,Stromal,0.5625,64,6054.024225708842,4063.954939960129
0,205,3,Myoepi_KRT15+,0.484375,64,5936.5117653280495,4063.954939960129
0,206,1,Stromal,0.4,70,6054.024225708842,3978.4746729454027
0,207,1,Stromal,0.37349397590361444,83,5936.5117653280495,3978.4746729454027
0,208,3,Macrophages_1,0.7419354838709677,31,5818.999304947257,4063.954939960129
0,209,3,Macrophages_1,0.42857142857142855,56,5701.486844566464,4063.954939960129
0,210,2,Stromal,0.27058823529411763,85,5818.999304947257,3978.4746729454027
0,211,2,Stromal,0.3258426966292135,89,5701.486844566464,3978.4746729454027
0,212,1,Stromal,0.5266666666666666,150,5995.267995518446,3850.2542724233117
0,213,1,Stromal,0.5555555555555556,54,5818.999304947257,3892.9944059306754
0,214,1,Stromal,0.2891566265060241,83,5701.486844566464,3892.9944059306754
0,216,1,Stromal,0.45098039215686275,51,5701.486844566464,3807.514138915948
0,217,3,DCIS_1,0.7792207792207793,77,6524.074067232013,3722.0338719012216
0,218,2,DCIS_1,0.39215686274509803,51,6406.56160685122,3722.0338719012216
0,219,3,DCIS_1,0.5970149253731343,67,6524.074067232013,3636.553604886494
0,221,2,DCIS_1,0.5294117647058824,51,6289.049146470427,3722.0338719012216
0,222,2,DCIS_1,0.7424242424242424,66,6171.536686089635,3722.0338719012216
0,223,3,DCIS_1,0.6,70,6289.049146470427,3636.553604886494
0,224,3,DCIS_1,0.9142857142857143,70,6171.536686089635,3636.553604886494
0,225,2,Stromal,0.42424242424242425,66,6524.074067232013,3551.073337871767
0,226,2,DCIS_1,0.4126984126984127,63,6406.56160685122,3551.073337871767
0,227,2,Stromal,0.5192307692307693,52,6524.074067232013,3465.5930708570404
0,228,3,DCIS_1,0.5,64,6406.56160685122,3465.5930708570404
0,230,2,DCIS_1,0.5777777777777777,45,6054.024225708842,3722.0338719012216
0,231,2,Stromal,0.45652173913043476,46,5936.5117653280495,3722.0338719012216
0,232,3,DCIS_1,0.8870967741935484,62,6054.024225708842,3636.553604886494
0,234,1,Stromal,0.627906976744186,43,5818.999304947257,3722.0338719012216
0,235,2,DCIS_1,0.42105263157894735,57,5701.486844566464,3722.0338719012216
0,236,2,DCIS_1,0.5166666666666667,60,5818.999304947257,3636.553604886494
0,237,3,DCIS_1,0.7794117647058824,68,5701.486844566464,3636.553604886494
0,238,3,DCIS_1,0.9142857142857143,70,6054.024225708842,3551.073337871767
0,239,2,DCIS_1,0.7101449275362319,69,5936.5117653280495,3551.073337871767
0,241,3,DCIS_1,0.5625,64,5936.5117653280495,3465.5930708570404
0,242,2,DCIS_1,0.7719298245614035,57,5818.999304947257,3551.073337871767
0,243,3,DCIS_1,0.7301587301587301,63,5701.486844566464,3551.073337871767
0,244,3,DCIS_1,0.9180327868852459,61,5818.999304947257,3465.5930708570404
0,245,3,DCIS_1,0.8208955223880597,67,5701.486844566464,3465.5930708570404
0,246,0,DCIS_1,0.7857142857142857,56,7464.1737502783535,3380.112803842313
0,247,1,Endothelial,0.5185185185185185,54,7346.661289897561,3380.112803842313
0,248,3,DCIS_1,0.6506024096385542,83,7464.1737502783535,3294.6325368275866
0,249,2,Stromal,0.3142857142857143,35,7346.661289897561,3294.6325368275866
0,250,3,Myoepi_KRT15+,0.4067796610169492,59,7229.148829516768,3380.112803842313
0,251,3,DCIS_1,0.6829268292682927,82,7111.636369135976,3380.112803842313
0,253,3,Myoepi_KRT15+,0.40384615384615385,52,7111.636369135976,3294.6325368275866
0,255,2,Endothelial,0.29411764705882354,17,7346.661289897561,3209.1522698128592
0,256,3,DCIS_1,0.5975609756097561,82,7464.1737502783535,3123.672002798133
0,257,2,Myoepi_ACTA2+,0.5,40,7346.661289897561,3123.672002798133
0,258,2,Myoepi_KRT15+,0.22522522522522523,111,7170.392599326372,3166.412136305496
0,261,3,DCIS_1,0.7171717171717171,99,6994.123908755183,3294.6325368275866
0,263,2,Stromal,0.3197278911564626,147,6700.3427578032015,3337.37267033495
0,265,3,DCIS_1,0.810126582278481,79,6876.61144837439,3209.1522698128592
0,266,3,Myoepi_KRT15+,0.5434782608695652,46,6994.123908755183,3123.672002798133
0,267,3,DCIS_1,0.7922077922077922,77,6876.61144837439,3123.672002798133
0,268,2,Stromal,0.37894736842105264,190,6700.3427578032015,3166.412136305496
0,269,3,DCIS_1,0.647887323943662,71,7464.1737502783535,3038.1917357834054
0,270,3,Myoepi_KRT15+,0.43902439024390244,82,7346.661289897561,3038.1917357834054
0,271,2,DCIS_1,0.5370370370370371,54,7464.1737502783535,2952.711468768679
0,272,3,DCIS_1,0.821917808219178,73,7346.661289897561,2952.711468768679
0,273,3,Myoepi_KRT15+,0.6197183098591549,71,7229.148829516768,3038.1917357834054
0,274,3,DCIS_1,0.671875,64,7111.636369135976,3038.1917357834054
0,275,3,DCIS_1,0.8387096774193549,62,7229.148829516768,2952.711468768679
0,276,3,DCIS_1,0.8,75,7111.636369135976,2952.711468768679
0,277,2,DCIS_1,0.47282608695652173,184,7405.417520087957,2824.491068246588
0,278,3,DCIS_1,0.8243243243243243,74,7229.148829516768,2867.2312017539516
0,280,3,DCIS_1,0.6551724137931034,58,7229.148829516768,2781.7509347392242
0,281,2,DCIS_1,0.52,50,7111.636369135976,2781.7509347392242
0,282,3,DCIS_1,0.8266666666666667,75,6994.123908755183,3038.1917357834054
0,283,2,DCIS_1,0.65,60,6876.61144837439,3038.1917357834054
0,284,3,DCIS_1,0.725,80,6994.123908755183,2952.711468768679
0,285,2,DCIS_1,0.45714285714285713,35,6876.61144837439,2952.711468768679
0,286,1,Stromal,0.7850467289719626,107,6700.3427578032015,2995.451602276042
0,287,2,DCIS_1,0.2777777777777778,54,6994.123908755183,2867.2312017539516
0,288,1,Stromal,0.7142857142857143,35,6876.61144837439,2867.2312017539516
0,290,2,DCIS_1,0.569620253164557,79,6876.61144837439,2781.7509347392242
0,291,2,Stromal,0.34615384615384615,182,6700.3427578032015,2824.491068246588
0,292,2,Stromal,0.5208333333333334,48,6524.074067232013,3380.112803842313
0,293,3,DCIS_1,0.3918918918918919,74,6406.56160685122,3380.112803842313
0,295,3,DCIS_1,0.5897435897435898,78,6406.56160685122,3294.6325368275866
0,296,3,Myoepi_KRT15+,0.3125,16,6289.049146470427,3380.112803842313
0,297,3,Myoepi_KRT15+,0.5131578947368421,76,6171.536686089635,3380.112803842313
0,298,3,Myoepi_KRT15+,0.5647058823529412,85,6289.049146470427,3294.6325368275866
0,299,3,DCIS_1,0.5180722891566265,83,6171.536686089635,3294.6325368275866
0,300,1,Stromal,0.3090909090909091,55,6524.074067232013,3209.1522698128592
0,301,2,DCIS_1,0.3333333333333333,48,6406.56160685122,3209.1522698128592
0,302,1,Stromal,0.6341463414634146,41,6524.074067232013,3123.672002798133
0,304,2,DCIS_1,0.589041095890411,73,6289.049146470427,3209.1522698128592
0,305,2,DCIS_1,0.3055555555555556,72,6171.536686089635,3209.1522698128592
0,306,1,Stromal,0.391304347826087,46,6289.049146470427,3123.672002798133
0,307,2,Stromal,0.3617021276595745,47,6171.536686089635,3123.672002798133
0,308,3,DCIS_1,0.7926829268292683,82,6054.024225708842,3380.112803842313
0,309,3,DCIS_1,0.30357142857142855,56,5936.5117653280495,3380.112803842313
0,310,3,DCIS_1,0.9047619047619048,63,6054.024225708842,3294.6325368275866
0,311,3,DCIS_1,0.8513513513513513,74,5936.5117653280495,3294.6325368275866
0,312,3,DCIS_1,0.5921052631578947,76,5818.999304947257,3380.112803842313
0,313,3,DCIS_1,0.8985507246376812,69,5701.486844566464,3380.112803842313
0,314,3,DCIS_1,0.8518518518518519,81,5818.999304947257,3294.6325368275866
0,315,2,DCIS_1,0.6197183098591549,71,5701.486844566464,3294.6325368275866
0,316,2,DCIS_1,0.6829268292682927,82,6054.024225708842,3209.1522698128592
0,317,3,DCIS_1,0.8372093023255814,86,5936.5117653280495,3209.1522698128592
0,318,3,DCIS_1,0.6,85,6054.024225708842,3123.672002798133
0,319,3,DCIS_1,0.5774647887323944,71,5936.5117653280495,3123.672002798133
0,320,2,DCIS_1,0.6180904522613065,199,5760.243074756861,3166.412136305496
0,321,2,Stromal,0.5833333333333334,108,6465.317837041616,2995.451602276042
0,322,2,Stromal,0.49101796407185627,167,6230.292916280031,2995.451602276042
0,323,2,Stromal,0.5454545454545454,99,6465.317837041616,2824.491068246588
0,324,2,Stromal,0.418848167539267,191,6230.292916280031,2824.491068246588
0,325,2,DCIS_1,0.3548387096774194,62,6054.024225708842,3038.1917357834054
0,326,3,DCIS_1,0.8705882352941177,85,5936.5117653280495,3038.1917357834054
0,327,2,Stromal,0.30612244897959184,49,6054.024225708842,2952.711468768679
0,328,2,Stromal,0.46511627906976744,43,5936.5117653280495,2952.711468768679
0,329,2,Stromal,0.3584905660377358,53,5818.999304947257,3038.1917357834054
0,330,2,DCIS_1,0.5357142857142857,56,5701.486844566464,3038.1917357834054
0,331,2,DCIS_1,0.40425531914893614,47,5818.999304947257,2952.711468768679
0,332,3,DCIS_1,0.8709677419354839,62,5701.486844566464,2952.711468768679
0,334,2,DCIS_1,0.3880597014925373,67,5936.5117653280495,2867.2312017539516
0,335,2,Stromal,0.5833333333333334,36,6054.024225708842,2781.7509347392242
0,336,2,DCIS_1,0.4642857142857143,56,5936.5117653280495,2781.7509347392242
0,337,3,DCIS_1,0.8,60,5818.999304947257,2867.2312017539516
0,338,3,DCIS_1,0.9074074074074074,54,5701.486844566464,2867.2312017539516
0,339,3,DCIS_1,0.5844155844155844,77,5818.999304947257,2781.7509347392242
0,340,3,DCIS_1,0.4153846153846154,65,5701.486844566464,2781.7509347392242
0,341,1,Stromal,0.5652173913043478,69,5583.974384185672,4063.954939960129
0,342,1,Stromal,0.35443037974683544,79,5466.461923804879,4063.954939960129
0,343,1,Stromal,0.23595505617977527,89,5583.974384185672,3978.4746729454027
0,344,1,Stromal,0.31958762886597936,97,5466.461923804879,3978.4746729454027
0,345,1,Stromal,0.49122807017543857,57,5348.949463424086,4063.954939960129
0,346,1,Stromal,0.46551724137931033,58,5231.437003043294,4063.954939960129
0,347,1,Macrophages_1,0.23,100,5348.949463424086,3978.4746729454027
0,348,1,Stromal,0.3333333333333333,87,5231.437003043294,3978.4746729454027
0,349,1,Macrophages_1,0.1896551724137931,116,5583.974384185672,3892.9944059306754
0,350,1,Stromal,0.27722772277227725,101,5466.461923804879,3892.9944059306754
0,351,1,Stromal,0.5070422535211268,71,5583.974384185672,3807.514138915948
0,352,1,Stromal,0.4852941176470588,68,5466.461923804879,3807.514138915948
0,354,1,Stromal,0.5641025641025641,39,5231.437003043294,3892.9944059306754
0,355,2,Stromal,0.33707865168539325,89,5348.949463424086,3807.514138915948
0,356,2,Stromal,0.3389830508474576,59,5231.437003043294,3807.514138915948
0,357,1,Stromal,0.8055555555555556,72,5055.168312472105,4021.214806452766
0,358,1,Stromal,0.5797101449275363,69,4820.14339171052,4021.214806452766
0,359,2,Stromal,0.46060606060606063,165,5055.168312472105,3850.2542724233117
0,360,1,Stromal,0.6210526315789474,95,4820.14339171052,3850.2542724233117
0,361,2,DCIS_1,0.47368421052631576,57,5583.974384185672,3722.0338719012216
0,362,2,Stromal,0.48214285714285715,56,5466.461923804879,3722.0338719012216
0,363,3,DCIS_1,0.8888888888888888,54,5583.974384185672,3636.553604886494
0,364,3,DCIS_1,0.803030303030303,66,5466.461923804879,3636.553604886494
0,365,1,Stromal,0.5,64,5348.949463424086,3722.0338719012216
0,366,2,DCIS_1,0.35526315789473684,76,5231.437003043294,3722.0338719012216
0,367,2,Stromal,0.4482758620689655,58,5348.949463424086,3636.553604886494
0,368,2,Stromal,0.4714285714285714,70,5231.437003043294,3636.553604886494
0,369,3,DCIS_1,0.75,76,5583.974384185672,3551.073337871767
0,370,3,DCIS_1,0.819672131147541,61,5466.461923804879,3551.073337871767
0,371,3,DCIS_1,0.8222222222222222,90,5583.974384185672,3465.5930708570404
0,372,3,DCIS_1,0.9104477611940298,67,5466.461923804879,3465.5930708570404
0,373,2,DCIS_1,0.4375,64,5348.949463424086,3551.073337871767
0,374,2,DCIS_1,0.22857142857142856,70,5231.437003043294,3551.073337871767
0,375,2,DCIS_1,0.3333333333333333,66,5348.949463424086,3465.5930708570404
0,376,2,DCIS_1,0.20930232558139536,86,5231.437003043294,3465.5930708570404
0,377,2,DCIS_1,0.3793103448275862,58,5113.924542662501,3722.0338719012216
0,378,2,Stromal,0.37254901960784315,51,4996.4120822817085,3722.0338719012216
0,380,2,Stromal,0.3125,48,4996.4120822817085,3636.553604886494
0,381,1,Stromal,0.59375,64,4820.14339171052,3679.293738393858
0,382,2,Stromal,0.39416058394160586,137,5055.168312472105,3508.3332043644036
0,383,1,Stromal,0.5194805194805194,77,4820.14339171052,3508.3332043644036
0,384,2,Stromal,0.54,150,4585.118470948934,4021.214806452766
0,387,2,Stromal,0.24,50,4408.849780377745,3978.4746729454027
0,388,2,Myoepi_ACTA2+,0.27710843373493976,83,4291.337319996953,3978.4746729454027
0,389,2,Stromal,0.44666666666666666,150,4585.118470948934,3850.2542724233117
0,391,2,Stromal,0.323943661971831,71,4291.337319996953,3892.9944059306754
0,392,2,Stromal,0.358974358974359,39,4408.849780377745,3807.514138915948
0,393,2,Stromal,0.37209302325581395,43,4291.337319996953,3807.514138915948
0,394,2,Myoepi_ACTA2+,0.38235294117647056,68,4173.82485961616,4063.954939960129
0,395,2,Myoepi_ACTA2+,0.3050847457627119,59,4056.3123992353676,4063.954939960129
0,396,2,Myoepi_ACTA2+,0.4,60,4173.82485961616,3978.4746729454027
0,397,2,Stromal,0.3958333333333333,48,4056.3123992353676,3978.4746729454027
0,398,1,Stromal,0.4523809523809524,42,3938.799938854575,4063.954939960129
0,399,1,Stromal,0.6,25,3821.2874784737824,4063.954939960129
0,400,2,Stromal,0.325,80,3938.799938854575,3978.4746729454027
0,401,2,Stromal,0.45454545454545453,66,3821.2874784737824,3978.4746729454027
0,403,2,Myoepi_ACTA2+,0.5510204081632653,49,3938.799938854575,3892.9944059306754
0,404,2,Stromal,0.37333333333333335,75,3821.2874784737824,3892.9944059306754
0,406,1,Stromal,0.5365853658536586,41,3821.2874784737824,3807.514138915948
0,407,2,Stromal,0.42953020134228187,149,4585.118470948934,3679.293738393858
0,408,2,Stromal,0.41818181818181815,55,4408.849780377745,3722.0338719012216
0,409,2,DCIS_2,0.484375,64,4291.337319996953,3722.0338719012216
0,410,2,Stromal,0.40425531914893614,47,4408.849780377745,3636.553604886494
0,411,2,Myoepi_ACTA2+,0.2857142857142857,42,4291.337319996953,3636.553604886494
0,412,2,Stromal,0.5089285714285714,112,4585.118470948934,3508.3332043644036
0,413,2,Stromal,0.5046728971962616,107,4350.093550187349,3508.3332043644036
0,414,2,Stromal,0.4074074074074074,162,4115.068629425764,3679.293738393858
0,415,2,Stromal,0.42857142857142855,154,3880.0437086641787,3679.293738393858
0,416,1,Stromal,0.3885350318471338,157,4115.068629425764,3508.3332043644036
0,417,1,Stromal,0.3983050847457627,118,3880.0437086641787,3508.3332043644036
0,418,3,DCIS_1,0.9032258064516129,62,5583.974384185672,3380.112803842313
0,419,2,DCIS_1,0.5873015873015873,63,5466.461923804879,3380.112803842313
0,420,2,DCIS_1,0.5555555555555556,54,5583.974384185672,3294.6325368275866
0,421,2,DCIS_1,0.578125,64,5466.461923804879,3294.6325368275866
0,422,2,DCIS_1,0.5660377358490566,53,5348.949463424086,3380.112803842313
0,423,2,Macrophages_1,0.23076923076923078,91,5231.437003043294,3380.112803842313
0,424,2,DCIS_1,0.47761194029850745,67,5348.949463424086,3294.6325368275866
0,426,2,Stromal,0.336734693877551,196,5525.218153995275,3166.412136305496
0,427,2,DCIS_1,0.7619047619047619,63,5348.949463424086,3209.1522698128592
0,428,2,Stromal,0.35555555555555557,45,5231.437003043294,3209.1522698128592
0,429,2,DCIS_1,0.62,50,5348.949463424086,3123.672002798133
0,430,2,DCIS_1,0.48,50,5231.437003043294,3123.672002798133
0,431,2,Stromal,0.4358974358974359,156,5055.168312472105,3337.37267033495
0,432,1,Stromal,0.5304347826086957,115,4820.14339171052,3337.37267033495
0,433,1,Stromal,0.27638190954773867,199,5055.168312472105,3166.412136305496
0,434,1,Stromal,0.43956043956043955,91,4820.14339171052,3166.412136305496
0,435,2,Stromal,0.3269230769230769,52,5583.974384185672,3038.1917357834054
0,437,3,DCIS_1,0.43548387096774194,62,5583.974384185672,2952.711468768679
0,438,2,DCIS_1,0.49206349206349204,63,5466.461923804879,2952.711468768679
0,439,3,DCIS_1,0.6567164179104478,67,5348.949463424086,3038.1917357834054
0,441,2,DCIS_1,0.7532467532467533,77,5348.949463424086,2952.711468768679
0,442,3,DCIS_1,0.7121212121212122,66,5231.437003043294,2952.711468768679
0,443,3,DCIS_1,0.5294117647058824,68,5583.974384185672,2867.2312017539516
0,444,2,Stromal,0.3333333333333333,54,5466.461923804879,2867.2312017539516
0,445,3,DCIS_1,0.3235294117647059,68,5583.974384185672,2781.7509347392242
0,446,2,Stromal,0.34285714285714286,35,5466.461923804879,2781.7509347392242
0,447,2,DCIS_1,0.4198895027624309,181,5290.19323323369,2824.491068246588
0,448,2,Stromal,0.4329896907216495,194,5055.168312472105,2995.451602276042
0,449,1,Stromal,0.625,96,4820.14339171052,2995.451602276042
0,450,2,Stromal,0.5217391304347826,92,5055.168312472105,2824.491068246588
0,451,1,CD4+_T_Cells,0.3567567567567568,185,4820.14339171052,2824.491068246588
0,453,2,Myoepi_ACTA2+,0.41304347826086957,46,4408.849780377745,3380.112803842313
0,454,2,Stromal,0.36585365853658536,41,4291.337319996953,3380.112803842313
0,455,1,Stromal,0.41818181818181815,55,4408.849780377745,3294.6325368275866
0,456,1,Stromal,0.34375,64,4291.337319996953,3294.6325368275866
0,458,1,CD4+_T_Cells,0.3620689655172414,116,4408.849780377745,3209.1522698128592
0,459,1,B_Cells,0.25842696629213485,89,4291.337319996953,3209.1522698128592
0,460,1,B_Cells,0.25742574257425743,101,4408.849780377745,3123.672002798133
0,461,2,Stromal,0.5111111111111111,45,4291.337319996953,3123.672002798133
0,462,1,Stromal,0.5882352941176471,136,4115.068629425764,3337.37267033495
0,463,1,Stromal,0.7547169811320755,53,3880.0437086641787,3337.37267033495
0,464,1,Stromal,0.577639751552795,161,4115.068629425764,3166.412136305496
0,465,2,Stromal,0.4652777777777778,144,3880.0437086641787,3166.412136305496
0,466,1,Stromal,0.6632653061224489,98,4585.118470948934,2995.451602276042
0,467,2,DCIS_2,0.4397905759162304,191,4350.093550187349,2995.451602276042
0,468,1,Stromal,0.5324675324675324,77,4585.118470948934,2824.491068246588
0,469,2,Stromal,0.4260869565217391,115,4350.093550187349,2824.491068246588
0,470,1,Stromal,0.41420118343195267,169,4115.068629425764,2995.451602276042
0,471,2,Stromal,0.4873417721518987,158,3880.0437086641787,2995.451602276042
0,472,1,Stromal,0.41216216216216217,148,4115.068629425764,2824.491068246588
0,473,1,Stromal,0.6333333333333333,30,3938.799938854575,2867.2312017539516
0,474,2,Myoepi_ACTA2+,0.3620689655172414,58,3821.2874784737824,2867.2312017539516
0,475,2,Stromal,0.59375,32,3938.799938854575,2781.7509347392242
0,476,3,DCIS_2,0.36585365853658536,82,3821.2874784737824,2781.7509347392242
0,477,1,Stromal,0.9044117647058824,136,3057.4564859986303,5303.418811673671
0,478,1,Stromal,0.7096774193548387,124,3527.506327521801,4961.497743614763
0,479,1,Stromal,0.7398843930635838,173,3057.4564859986303,4961.497743614763
0,480,1,Stromal,0.9722222222222222,36,2704.9191048562525,5388.899078688399
0,481,0,Stromal,0.432,125,2469.8941840946673,5388.899078688399
0,482,1,Stromal,0.627906976744186,43,2704.9191048562525,5217.938544658944
0,483,0,Invasive_Tumor,0.6415094339622641,159,2469.8941840946673,5217.938544658944
0,484,1,Stromal,0.9746835443037974,158,2117.3568029522894,5303.418811673671
0,485,1,Stromal,0.7352941176470589,68,2469.8941840946673,5046.978010629489
0,486,1,Stromal,0.7580645161290323,62,2704.9191048562525,4876.017476600036
0,488,1,Stromal,0.813953488372093,172,2117.3568029522894,4961.497743614763
0,489,1,Stromal,1.0,40,3645.0187879025934,4705.056942570582
0,490,1,Stromal,0.9583333333333334,72,3409.993867141008,4705.056942570582
0,492,1,Stromal,0.9069767441860465,86,3409.993867141008,4534.096408541129
0,493,1,Stromal,0.9054054054054054,74,3174.968946379423,4705.056942570582
0,494,1,Stromal,0.8243243243243243,74,2939.9440256178377,4705.056942570582
0,495,1,Stromal,0.9142857142857143,35,3174.968946379423,4534.096408541129
0,496,1,Stromal,0.7857142857142857,42,2939.9440256178377,4534.096408541129
0,497,1,Stromal,0.9305555555555556,72,3645.0187879025934,4363.135874511674
0,498,1,Stromal,0.8,55,3409.993867141008,4363.135874511674
0,499,1,Stromal,0.8717948717948718,78,3645.0187879025934,4192.175340482219
0,500,1,Stromal,0.975,40,3409.993867141008,4192.175340482219
0,501,1,Stromal,0.891566265060241,166,3057.4564859986303,4277.655607496947
0,502,1,Stromal,0.7291666666666666,96,2704.9191048562525,4705.056942570582
0,503,1,Stromal,0.9759036144578314,83,2469.8941840946673,4705.056942570582
0,504,1,Stromal,0.8979591836734694,49,2704.9191048562525,4534.096408541129
0,505,1,Stromal,0.9148936170212766,47,2469.8941840946673,4534.096408541129
0,506,1,Stromal,0.9105691056910569,123,2117.3568029522894,4619.576675555855
0,507,1,Stromal,0.8181818181818182,143,2587.40664447546,4277.655607496947
0,508,1,Stromal,0.8113207547169812,159,2117.3568029522894,4277.655607496947
0,509,1,Stromal,0.6971830985915493,142,1647.306961429119,5303.418811673671
0,510,1,Stromal,0.9642857142857143,28,1294.769580286741,5388.899078688399
0,511,1,Stromal,0.40298507462686567,67,1059.7446595251558,5388.899078688399
0,512,1,Stromal,0.8285714285714286,35,1294.769580286741,5217.938544658944
0,513,1,Stromal,0.6310679611650486,103,1059.7446595251558,5217.938544658944
0,514,0,Invasive_Tumor,0.7350427350427351,117,1529.7945010483263,5046.978010629489
0,515,1,Stromal,0.6363636363636364,33,1764.8194218099115,4876.017476600036
0,516,0,Invasive_Tumor,0.7368421052631579,38,1588.5507312387226,4918.757610107399
0,517,0,Invasive_Tumor,0.59375,64,1471.03827085793,4918.757610107399
0,519,0,Invasive_Tumor,0.6491228070175439,57,1471.03827085793,4833.277343092673
0,520,0,Invasive_Tumor,0.6707317073170732,164,1294.769580286741,5046.978010629489
0,521,1,Invasive_Tumor,0.6229508196721312,61,1059.7446595251558,5046.978010629489
0,523,0,Invasive_Tumor,0.7049180327868853,61,1236.0133500963448,4918.757610107399
0,524,0,Invasive_Tumor,0.6610169491525424,59,1353.5258104771374,4833.277343092673
0,525,0,Invasive_Tumor,0.7794117647058824,68,1236.0133500963448,4833.277343092673
0,526,0,Invasive_Tumor,0.6774193548387096,62,1118.5008897155521,4918.757610107399
0,527,0,Invasive_Tumor,0.40425531914893614,47,1000.9884293347595,4918.757610107399
0,528,0,Invasive_Tumor,0.7111111111111111,45,1118.5008897155521,4833.277343092673
0,529,0,Invasive_Tumor,0.7230769230769231,65,1000.9884293347595,4833.277343092673
0,530,2,Stromal,0.34782608695652173,46,883.475968953967,5431.6392121957615
0,531,2,DCIS_2,0.6229508196721312,61,765.9635085731744,5431.6392121957615
0,532,2,DCIS_2,0.2553191489361702,47,883.475968953967,5346.158945181035
0,533,2,DCIS_2,0.4925373134328358,67,765.9635085731744,5346.158945181035
0,534,2,DCIS_2,0.4406779661016949,59,648.4510481923818,5431.6392121957615
0,535,3,DCIS_2,0.8596491228070176,57,530.9385878115892,5431.6392121957615
0,537,2,Myoepi_ACTA2+,0.46296296296296297,54,530.9385878115892,5346.158945181035
0,538,2,Stromal,0.28888888888888886,45,883.475968953967,5260.678678166308
0,539,2,DCIS_2,0.5151515151515151,66,765.9635085731744,5260.678678166308
0,540,1,Stromal,0.45652173913043476,46,883.475968953967,5175.19841115158
0,541,2,Stromal,0.46938775510204084,49,765.9635085731744,5175.19841115158
0,542,2,Stromal,0.29545454545454547,44,648.4510481923818,5260.678678166308
0,543,2,DCIS_2,0.3404255319148936,47,530.9385878115892,5260.678678166308
0,544,2,Myoepi_ACTA2+,0.4264705882352941,68,648.4510481923818,5175.19841115158
0,545,2,DCIS_2,0.3382352941176471,68,530.9385878115892,5175.19841115158
0,546,2,Stromal,0.38095238095238093,42,413.4261274307966,5431.6392121957615
0,547,1,Stromal,0.375,64,295.913667050004,5431.6392121957615
0,548,2,DCIS_2,0.2631578947368421,38,413.4261274307966,5346.158945181035
0,549,2,B_Cells,0.3898305084745763,59,295.913667050004,5346.158945181035
0,550,1,CD4+_T_Cells,0.46534653465346537,101,178.40120666921138,5431.6392121957615
0,551,1,CD4+_T_Cells,0.3372093023255814,86,60.888746288418766,5431.6392121957615
0,552,1,Stromal,0.35185185185185186,54,178.40120666921138,5346.158945181035
0,553,1,Stromal,0.3333333333333333,66,60.888746288418766,5346.158945181035
0,554,3,DCIS_2,0.7142857142857143,70,413.4261274307966,5260.678678166308
0,555,2,DCIS_2,0.7346938775510204,49,295.913667050004,5260.678678166308
0,556,2,DCIS_2,0.45714285714285713,70,413.4261274307966,5175.19841115158
0,557,3,DCIS_2,0.9215686274509803,51,295.913667050004,5175.19841115158
0,559,1,Stromal,0.3698630136986301,73,60.888746288418766,5260.678678166308
0,560,2,DCIS_2,0.4642857142857143,56,178.40120666921138,5175.19841115158
0,561,1,Stromal,0.358974358974359,78,60.888746288418766,5175.19841115158
0,562,1,Stromal,0.5555555555555556,36,883.475968953967,5089.718144136853
0,563,1,Stromal,0.4507042253521127,71,765.9635085731744,5089.718144136853
0,564,1,Stromal,0.6666666666666666,30,883.475968953967,5004.2378771221265
0,565,1,CD4+_T_Cells,0.24691358024691357,81,765.9635085731744,5004.2378771221265
0,566,2,Macrophages_1,0.352112676056338,71,648.4510481923818,5089.718144136853
0,567,2,Stromal,0.3877551020408163,49,530.9385878115892,5089.718144136853
0,568,1,Stromal,0.5106382978723404,47,648.4510481923818,5004.2378771221265
0,569,2,DCIS_2,0.22641509433962265,53,530.9385878115892,5004.2378771221265
0,570,1,Stromal,0.4423076923076923,52,883.475968953967,4918.757610107399
0,571,1,Stromal,0.2826086956521739,92,765.9635085731744,4918.757610107399
0,573,1,Stromal,0.2727272727272727,88,765.9635085731744,4833.277343092673
0,574,1,Stromal,0.32222222222222224,90,648.4510481923818,4918.757610107399
0,575,2,Stromal,0.36,75,530.9385878115892,4918.757610107399
0,576,0,CD4+_T_Cells,0.2876712328767123,73,648.4510481923818,4833.277343092673
0,577,1,CD4+_T_Cells,0.31297709923664124,131,530.9385878115892,4833.277343092673
0,578,2,Stromal,0.30303030303030304,66,413.4261274307966,5089.718144136853
0,579,2,Stromal,0.2807017543859649,57,295.913667050004,5089.718144136853
0,580,2,CD4+_T_Cells,0.275,80,413.4261274307966,5004.2378771221265
0,581,2,DCIS_2,0.21052631578947367,76,295.913667050004,5004.2378771221265
0,583,1,Macrophages_1,0.34615384615384615,104,60.888746288418766,5089.718144136853
0,584,2,CD8+_T_Cells,0.29896907216494845,97,178.40120666921138,5004.2378771221265
0,585,2,Macrophages_1,0.2549019607843137,102,60.888746288418766,5004.2378771221265
0,586,2,CD8+_T_Cells,0.25961538461538464,104,413.4261274307966,4918.757610107399
0,587,2,DCIS_2,0.36470588235294116,85,295.913667050004,4918.757610107399
0,588,1,CD4+_T_Cells,0.47928994082840237,169,413.4261274307966,4833.277343092673
0,589,1,CD4+_T_Cells,0.25,120,295.913667050004,4833.277343092673
0,590,2,DCIS_2,0.323943661971831,71,178.40120666921138,4918.757610107399
0,591,2,Stromal,0.22988505747126436,87,60.888746288418766,4918.757610107399
0,592,1,Stromal,0.3764705882352941,85,178.40120666921138,4833.277343092673
0,593,2,DCIS_2,0.4716981132075472,53,60.888746288418766,4833.277343092673
0,594,0,Stromal,0.5853658536585366,41,1764.8194218099115,4705.056942570582
0,595,0,Invasive_Tumor,0.4528301886792453,159,1529.7945010483263,4705.056942570582
0,598,0,Invasive_Tumor,0.7049180327868853,61,1353.5258104771374,4747.797076077945
0,599,0,Invasive_Tumor,0.4166666666666667,60,1236.0133500963448,4747.797076077945
0,600,0,Invasive_Tumor,0.7058823529411765,68,1353.5258104771374,4662.316809063219
0,601,0,Invasive_Tumor,0.6933333333333334,75,1236.0133500963448,4662.316809063219
0,602,0,Invasive_Tumor,0.532258064516129,62,1118.5008897155521,4747.797076077945
0,603,0,Invasive_Tumor,0.7543859649122807,57,1000.9884293347595,4747.797076077945
0,604,0,Invasive_Tumor,0.8253968253968254,63,1118.5008897155521,4662.316809063219
0,605,0,Invasive_Tumor,0.6170212765957447,47,1000.9884293347595,4662.316809063219
0,606,0,Invasive_Tumor,0.660377358490566,53,1353.5258104771374,4576.8365420484915
0,607,0,Invasive_Tumor,0.5735294117647058,68,1236.0133500963448,4576.8365420484915
0,608,0,Invasive_Tumor,0.8,60,1353.5258104771374,4491.356275033765
0,610,0,Invasive_Tumor,0.4898989898989899,198,1059.7446595251558,4534.096408541129
0,611,0,Stromal,0.5567567567567567,185,1647.306961429119,4277.655607496947
0,612,0,Invasive_Tumor,0.7161290322580646,155,1294.769580286741,4363.135874511674
0,613,0,Invasive_Tumor,0.7,50,1118.5008897155521,4405.876008019038
0,614,0,Stromal,0.25806451612903225,62,1000.9884293347595,4405.876008019038
0,616,0,Invasive_Tumor,0.3953488372093023,43,1000.9884293347595,4320.39574100431
0,617,0,Stromal,0.47560975609756095,82,1294.769580286741,4192.175340482219
0,618,0,Invasive_Tumor,0.47,200,1059.7446595251558,4192.175340482219
0,619,0,Stromal,0.3854748603351955,179,824.7197387635707,4705.056942570582
0,620,0,Stromal,0.4262295081967213,61,648.4510481923818,4747.797076077945
0,621,1,CD4+_T_Cells,0.3291139240506329,79,530.9385878115892,4747.797076077945
0,622,0,Stromal,0.5526315789473685,38,648.4510481923818,4662.316809063219
0,623,2,Stromal,0.4888888888888889,45,530.9385878115892,4662.316809063219
0,624,0,Invasive_Tumor,0.46368715083798884,179,824.7197387635707,4534.096408541129
0,625,0,Stromal,0.410958904109589,73,648.4510481923818,4576.8365420484915
0,626,2,Myoepi_ACTA2+,0.49333333333333335,75,530.9385878115892,4576.8365420484915
0,627,0,Invasive_Tumor,0.47540983606557374,61,648.4510481923818,4491.356275033765
0,628,2,Stromal,0.4117647058823529,85,530.9385878115892,4491.356275033765
0,629,1,CD4+_T_Cells,0.4430379746835443,158,413.4261274307966,4747.797076077945
0,630,2,CD4+_T_Cells,0.42105263157894735,114,295.913667050004,4747.797076077945
0,631,1,Stromal,0.4461538461538462,65,413.4261274307966,4662.316809063219
0,632,2,Stromal,0.2765957446808511,94,295.913667050004,4662.316809063219
0,633,1,Stromal,0.2876712328767123,73,178.40120666921138,4747.797076077945
0,634,2,DCIS_2,0.30666666666666664,75,60.888746288418766,4747.797076077945
0,635,2,Stromal,0.3108108108108108,74,178.40120666921138,4662.316809063219
0,636,2,CD8+_T_Cells,0.352112676056338,71,60.888746288418766,4662.316809063219
0,637,2,Stromal,0.5277777777777778,72,413.4261274307966,4576.8365420484915
0,638,2,DCIS_2,0.36363636363636365,55,295.913667050004,4576.8365420484915
0,639,2,DCIS_2,0.7636363636363637,55,413.4261274307966,4491.356275033765
0,640,1,Stromal,0.6721311475409836,61,295.913667050004,4491.356275033765
0,641,2,Stromal,0.26,100,178.40120666921138,4576.8365420484915
0,642,2,Stromal,0.2777777777777778,54,60.888746288418766,4576.8365420484915
0,643,1,CD4+_T_Cells,0.3433734939759036,166,178.40120666921138,4491.356275033765
0,644,2,CD4+_T_Cells,0.3026315789473684,76,60.888746288418766,4491.356275033765
0,645,0,Invasive_Tumor,0.49230769230769234,195,824.7197387635707,4363.135874511674
0,646,0,Invasive_Tumor,0.48148148148148145,54,648.4510481923818,4405.876008019038
0,647,2,Stromal,0.3595505617977528,89,530.9385878115892,4405.876008019038
0,648,0,Invasive_Tumor,0.7413793103448276,58,648.4510481923818,4320.39574100431
0,649,0,Stromal,0.4358974358974359,78,530.9385878115892,4320.39574100431
0,650,0,Invasive_Tumor,0.6098901098901099,182,824.7197387635707,4192.175340482219
0,651,0,Invasive_Tumor,0.4528301886792453,53,648.4510481923818,4234.915473989583
0,652,0,Stromal,0.35714285714285715,56,530.9385878115892,4234.915473989583
0,653,0,Invasive_Tumor,0.5223880597014925,67,648.4510481923818,4149.435206974857
0,654,0,Invasive_Tumor,0.30158730158730157,63,530.9385878115892,4149.435206974857
0,655,2,DCIS_2,0.7924528301886793,53,413.4261274307966,4405.876008019038
0,656,2,Stromal,0.6111111111111112,72,295.913667050004,4405.876008019038
0,657,2,Stromal,0.3523809523809524,105,413.4261274307966,4320.39574100431
0,658,2,Stromal,0.6527777777777778,72,295.913667050004,4320.39574100431
0,659,1,CD4+_T_Cells,0.3795620437956204,137,178.40120666921138,4405.876008019038
0,660,2,CD4+_T_Cells,0.4051724137931034,116,60.888746288418766,4405.876008019038
0,661,1,CD4+_T_Cells,0.34108527131782945,129,178.40120666921138,4320.39574100431
0,662,1,CD4+_T_Cells,0.5142857142857142,140,60.888746288418766,4320.39574100431
0,663,1,Stromal,0.6056338028169014,71,413.4261274307966,4234.915473989583
0,664,0,Stromal,0.7230769230769231,65,295.913667050004,4234.915473989583
0,665,0,Stromal,0.3684210526315789,38,413.4261274307966,4149.435206974857
0,668,1,CD4+_T_Cells,0.3706293706293706,143,60.888746288418766,4234.915473989583
0,669,0,Invasive_Tumor,0.6,50,178.40120666921138,4149.435206974857
0,670,0,Stromal,0.5882352941176471,68,60.888746288418766,4149.435206974857
0,671,1,Stromal,0.8777777777777778,90,3645.0187879025934,4021.214806452766
0,672,1,Stromal,0.6810344827586207,116,3409.993867141008,4021.214806452766
0,673,1,Stromal,0.5117647058823529,170,3645.0187879025934,3850.2542724233117
0,674,1,Stromal,0.625,120,3409.993867141008,3850.2542724233117
0,675,1,Stromal,0.7662337662337663,77,3174.968946379423,4021.214806452766
0,676,1,Stromal,0.8333333333333334,36,2939.9440256178377,4021.214806452766
0,677,1,Stromal,0.7380952380952381,84,3174.968946379423,3850.2542724233117
0,678,1,Stromal,0.7837837837837838,74,2939.9440256178377,3850.2542724233117
0,679,1,Stromal,0.32786885245901637,61,3703.7750180929897,3722.0338719012216
0,680,1,Stromal,0.38461538461538464,65,3586.262557712197,3722.0338719012216
0,681,1,Stromal,0.38095238095238093,63,3703.7750180929897,3636.553604886494
0,682,1,Stromal,0.7631578947368421,38,3586.262557712197,3636.553604886494
0,683,1,Stromal,0.7368421052631579,95,3409.993867141008,3679.293738393858
0,684,1,Stromal,0.7843137254901961,102,3645.0187879025934,3508.3332043644036
0,685,1,Stromal,0.9154929577464789,71,3409.993867141008,3508.3332043644036
0,687,1,Stromal,0.7701149425287356,87,2939.9440256178377,3679.293738393858
0,689,1,Stromal,0.675,120,2939.9440256178377,3508.3332043644036
0,690,1,Stromal,0.8368421052631579,190,2587.40664447546,3935.734539438039
0,691,1,Stromal,0.8888888888888888,171,2117.3568029522894,3935.734539438039
0,692,1,Stromal,0.7166666666666667,120,2704.9191048562525,3679.293738393858
0,693,1,Stromal,0.5798319327731093,119,2469.8941840946673,3679.293738393858
0,694,1,Stromal,0.3333333333333333,84,2763.675335046649,3551.073337871767
0,695,1,Stromal,0.42592592592592593,54,2646.162874665856,3551.073337871767
0,696,1,CD4+_T_Cells,0.45161290322580644,124,2763.675335046649,3465.5930708570404
0,697,1,CD8+_T_Cells,0.3185840707964602,113,2646.162874665856,3465.5930708570404
0,698,1,Stromal,0.7927927927927928,111,2469.8941840946673,3508.3332043644036
0,699,1,Stromal,0.65625,96,2234.869263333082,3679.293738393858
0,700,1,Stromal,0.49032258064516127,155,1999.8443425714968,3679.293738393858
0,701,1,Stromal,0.32323232323232326,99,2293.6254935234783,3551.073337871767
0,702,1,CD4+_T_Cells,0.3941176470588235,170,2176.1130331426857,3551.073337871767
0,703,1,CD4+_T_Cells,0.29411764705882354,136,2293.6254935234783,3465.5930708570404
0,705,1,CD4+_T_Cells,0.3161764705882353,136,2058.600572761893,3551.073337871767
0,706,1,CD4+_T_Cells,0.3287671232876712,146,1941.0881123811005,3551.073337871767
0,707,2,Stromal,0.4722222222222222,108,2058.600572761893,3465.5930708570404
0,709,1,Stromal,0.84,50,3645.0187879025934,3337.37267033495
0,710,1,Stromal,0.9692307692307692,65,3409.993867141008,3337.37267033495
0,712,2,Myoepi_ACTA2+,0.4827586206896552,58,3586.262557712197,3209.1522698128592
0,713,2,Stromal,0.2962962962962963,54,3703.7750180929897,3123.672002798133
0,714,2,Myoepi_ACTA2+,0.3469387755102041,49,3586.262557712197,3123.672002798133
0,715,1,Stromal,0.8709677419354839,62,3409.993867141008,3166.412136305496
0,717,1,Stromal,0.54,200,2939.9440256178377,3337.37267033495
0,718,1,Stromal,0.8958333333333334,96,3174.968946379423,3166.412136305496
0,719,1,Stromal,0.5342465753424658,73,2998.700255808234,3209.1522698128592
0,720,1,Stromal,0.676923076923077,65,2881.1877954274414,3209.1522698128592
0,722,2,Myoepi_ACTA2+,0.3037974683544304,79,2881.1877954274414,3123.672002798133
0,723,2,DCIS_2,0.38095238095238093,63,3703.7750180929897,3038.1917357834054
0,724,2,Stromal,0.8214285714285714,28,3586.262557712197,3038.1917357834054
0,725,3,DCIS_2,0.782608695652174,69,3703.7750180929897,2952.711468768679
0,726,2,Stromal,0.32608695652173914,46,3586.262557712197,2952.711468768679
0,727,1,Stromal,0.7375,80,3409.993867141008,2995.451602276042
0,729,1,Stromal,0.9117647058823529,68,3409.993867141008,2824.491068246588
0,730,1,Stromal,0.6721311475409836,122,3174.968946379423,2995.451602276042
0,732,2,Myoepi_ACTA2+,0.4782608695652174,92,2881.1877954274414,3038.1917357834054
0,733,1,CD4+_T_Cells,0.4069767441860465,86,2998.700255808234,2952.711468768679
0,734,2,Myoepi_ACTA2+,0.4375,48,2881.1877954274414,2952.711468768679
0,735,1,Stromal,0.9493670886075949,79,3174.968946379423,2824.491068246588
0,736,1,Stromal,0.6901408450704225,71,2998.700255808234,2867.2312017539516
0,737,2,DCIS_2,0.3050847457627119,59,2881.1877954274414,2867.2312017539516
0,738,1,Stromal,0.875,64,2998.700255808234,2781.7509347392242
0,739,2,Stromal,0.5370370370370371,54,2881.1877954274414,2781.7509347392242
0,741,1,CD4+_T_Cells,0.2923076923076923,130,2646.162874665856,3380.112803842313
0,742,1,Stromal,0.6666666666666666,48,2763.675335046649,3294.6325368275866
0,743,1,Stromal,0.37662337662337664,77,2646.162874665856,3294.6325368275866
0,744,1,Stromal,0.5898876404494382,178,2469.8941840946673,3337.37267033495
0,745,1,Stromal,0.559322033898305,59,2763.675335046649,3209.1522698128592
0,746,1,Stromal,0.5555555555555556,63,2646.162874665856,3209.1522698128592
0,747,2,Stromal,0.5106382978723404,47,2763.675335046649,3123.672002798133
0,748,1,Stromal,0.6666666666666666,39,2646.162874665856,3123.672002798133
0,749,1,Stromal,0.46153846153846156,65,2528.6504142850636,3209.1522698128592
0,750,1,Stromal,0.4444444444444444,54,2411.137953904271,3209.1522698128592
0,751,1,Stromal,0.7083333333333334,48,2528.6504142850636,3123.672002798133
0,752,1,Stromal,0.5306122448979592,49,2411.137953904271,3123.672002798133
0,753,1,B_Cells,0.2523364485981308,107,2293.6254935234783,3380.112803842313
0,754,1,Stromal,0.20754716981132076,106,2176.1130331426857,3380.112803842313
0,755,1,Stromal,0.45977011494252873,87,2293.6254935234783,3294.6325368275866
0,756,1,Stromal,0.5,80,2176.1130331426857,3294.6325368275866
0,757,2,Myoepi_KRT15+,0.4,95,2058.600572761893,3380.112803842313
0,758,2,Stromal,0.45098039215686275,102,1941.0881123811005,3380.112803842313
0,759,2,Stromal,0.5113636363636364,88,2058.600572761893,3294.6325368275866
0,760,2,Stromal,0.5324675324675324,77,1941.0881123811005,3294.6325368275866
0,761,2,Stromal,0.2828282828282828,99,2293.6254935234783,3209.1522698128592
0,762,2,Stromal,0.49019607843137253,51,2176.1130331426857,3209.1522698128592
0,763,2,Stromal,0.421875,64,2293.6254935234783,3123.672002798133
0,764,2,Stromal,0.5087719298245614,57,2176.1130331426857,3123.672002798133
0,765,2,Stromal,0.625,64,2058.600572761893,3209.1522698128592
0,766,3,Myoepi_KRT15+,0.5,76,1941.0881123811005,3209.1522698128592
0,767,1,Stromal,0.95,40,2058.600572761893,3123.672002798133
0,768,2,Stromal,0.4117647058823529,68,1941.0881123811005,3123.672002798133
0,769,2,DCIS_2,0.5423728813559322,59,2763.675335046649,3038.1917357834054
0,770,2,Myoepi_ACTA2+,0.4657534246575342,73,2646.162874665856,3038.1917357834054
0,771,2,Myoepi_ACTA2+,0.41025641025641024,39,2763.675335046649,2952.711468768679
0,772,2,Myoepi_ACTA2+,0.4473684210526316,76,2646.162874665856,2952.711468768679
0,774,2,Myoepi_KRT15+,0.37209302325581395,86,2763.675335046649,2867.2312017539516
0,775,2,Stromal,0.5689655172413793,58,2646.162874665856,2867.2312017539516
0,776,2,Myoepi_ACTA2+,0.47191011235955055,89,2763.675335046649,2781.7509347392242
0,777,1,Stromal,0.6419753086419753,81,2646.162874665856,2781.7509347392242
0,778,1,Stromal,0.7526881720430108,93,2469.8941840946673,2824.491068246588
0,779,1,Stromal,0.5185185185185185,81,2293.6254935234783,3038.1917357834054
0,780,1,Stromal,0.8285714285714286,35,2176.1130331426857,3038.1917357834054
0,781,1,Stromal,0.4342105263157895,76,2293.6254935234783,2952.711468768679
0,782,2,Stromal,0.5333333333333333,45,2176.1130331426857,2952.711468768679
0,783,2,DCIS_2,0.5625,64,2058.600572761893,3038.1917357834054
0,784,2,DCIS_2,0.5862068965517241,58,1941.0881123811005,3038.1917357834054
0,785,3,DCIS_2,0.9516129032258065,62,2058.600572761893,2952.711468768679
0,786,3,DCIS_2,0.8205128205128205,39,1941.0881123811005,2952.711468768679
0,787,1,Stromal,0.5,78,2293.6254935234783,2867.2312017539516
0,788,2,Stromal,0.4489795918367347,49,2176.1130331426857,2867.2312017539516
0,790,2,Stromal,0.5932203389830508,59,2176.1130331426857,2781.7509347392242
0,791,3,DCIS_2,0.9024390243902439,41,2058.600572761893,2867.2312017539516
0,792,2,DCIS_2,0.39344262295081966,61,1941.0881123811005,2867.2312017539516
0,794,2,Stromal,0.8235294117647058,51,1941.0881123811005,2781.7509347392242
0,795,1,Stromal,0.44871794871794873,78,1294.769580286741,4021.214806452766
0,796,0,Invasive_Tumor,0.5751633986928104,153,1059.7446595251558,4021.214806452766
0,797,0,Invasive_Tumor,0.5533333333333333,150,1294.769580286741,3850.2542724233117
0,798,0,Invasive_Tumor,0.7333333333333333,45,1118.5008897155521,3892.9944059306754
0,799,0,Invasive_Tumor,0.46551724137931033,58,1000.9884293347595,3892.9944059306754
0,800,3,Invasive_Tumor,0.7951807228915663,83,1118.5008897155521,3807.514138915948
0,801,0,Invasive_Tumor,0.7246376811594203,69,1000.9884293347595,3807.514138915948
0,802,1,Stromal,0.8653846153846154,52,1764.8194218099115,3679.293738393858
0,803,0,Invasive_Tumor,0.44370860927152317,151,1529.7945010483263,3679.293738393858
0,804,1,Stromal,0.6578947368421053,38,1823.5756520003079,3551.073337871767
0,805,1,Invasive_Tumor,0.5,24,1706.0631916195152,3551.073337871767
0,806,1,Stromal,0.3076923076923077,117,1823.5756520003079,3465.5930708570404
0,807,0,Stromal,0.375,32,1706.0631916195152,3465.5930708570404
0,808,0,Invasive_Tumor,0.625,48,1588.5507312387226,3551.073337871767
0,809,0,Invasive_Tumor,0.9565217391304348,69,1471.03827085793,3551.073337871767
0,810,0,Stromal,0.41025641025641024,39,1588.5507312387226,3465.5930708570404
0,812,0,Stromal,0.4298245614035088,114,1294.769580286741,3679.293738393858
0,815,0,Invasive_Tumor,0.7702702702702703,74,1236.0133500963448,3551.073337871767
0,816,0,Invasive_Tumor,0.6470588235294118,51,1353.5258104771374,3465.5930708570404
0,817,0,Invasive_Tumor,0.6282051282051282,78,1236.0133500963448,3465.5930708570404
0,818,0,Invasive_Tumor,0.8227848101265823,79,1118.5008897155521,3551.073337871767
0,819,0,CD4+_T_Cells,0.36666666666666664,30,1000.9884293347595,3551.073337871767
0,820,0,Invasive_Tumor,0.7934782608695652,92,1118.5008897155521,3465.5930708570404
0,821,0,Invasive_Tumor,0.7105263157894737,76,1000.9884293347595,3465.5930708570404
0,822,0,Invasive_Tumor,0.41954022988505746,174,824.7197387635707,4021.214806452766
0,823,0,Invasive_Tumor,0.48947368421052634,190,589.6948180019855,4021.214806452766
0,824,0,Invasive_Tumor,0.7758620689655172,58,883.475968953967,3892.9944059306754
0,826,0,Invasive_Tumor,0.5471698113207547,53,883.475968953967,3807.514138915948
0,827,0,Invasive_Tumor,0.8301886792452831,53,765.9635085731744,3807.514138915948
0,828,0,Invasive_Tumor,0.45454545454545453,55,648.4510481923818,3892.9944059306754
0,830,0,Invasive_Tumor,0.8,65,648.4510481923818,3807.514138915948
0,831,0,Macrophages_1,0.28205128205128205,78,530.9385878115892,3807.514138915948
0,832,0,Invasive_Tumor,0.45,180,354.6698972404003,4021.214806452766
0,833,0,Invasive_Tumor,0.5357142857142857,56,178.40120666921138,4063.954939960129
0,834,0,Stromal,0.391304347826087,46,60.888746288418766,4063.954939960129
0,835,0,Invasive_Tumor,0.5660377358490566,53,178.40120666921138,3978.4746729454027
0,836,0,Invasive_Tumor,0.62,50,60.888746288418766,3978.4746729454027
0,837,0,Invasive_Tumor,0.5434782608695652,46,413.4261274307966,3892.9944059306754
0,839,0,Invasive_Tumor,0.6792452830188679,53,413.4261274307966,3807.514138915948
0,840,0,Invasive_Tumor,0.5178571428571429,56,295.913667050004,3807.514138915948
0,841,0,Invasive_Tumor,0.5434782608695652,46,178.40120666921138,3892.9944059306754
0,842,0,Invasive_Tumor,0.75,44,60.888746288418766,3892.9944059306754
0,843,0,Invasive_Tumor,0.3584905660377358,53,178.40120666921138,3807.514138915948
0,844,0,Invasive_Tumor,0.3380281690140845,71,60.888746288418766,3807.514138915948
0,845,0,Invasive_Tumor,0.39080459770114945,174,824.7197387635707,3679.293738393858
0,846,0,Invasive_Tumor,0.8793103448275862,58,648.4510481923818,3722.0338719012216
0,847,0,Invasive_Tumor,0.5454545454545454,55,530.9385878115892,3722.0338719012216
0,848,0,Invasive_Tumor,0.4807692307692308,52,648.4510481923818,3636.553604886494
0,849,0,Invasive_Tumor,0.765625,64,530.9385878115892,3636.553604886494
0,850,0,Invasive_Tumor,0.6829268292682927,164,824.7197387635707,3508.3332043644036
0,851,0,Invasive_Tumor,0.7222222222222222,54,648.4510481923818,3551.073337871767
0,852,0,Invasive_Tumor,0.7413793103448276,58,530.9385878115892,3551.073337871767
0,853,0,Invasive_Tumor,0.7037037037037037,54,648.4510481923818,3465.5930708570404
0,854,0,Invasive_Tumor,0.6615384615384615,65,530.9385878115892,3465.5930708570404
0,855,0,Invasive_Tumor,0.49444444444444446,180,354.6698972404003,3679.293738393858
0,856,0,Stromal,0.38095238095238093,42,178.40120666921138,3722.0338719012216
0,857,0,Invasive_Tumor,0.4393939393939394,66,60.888746288418766,3722.0338719012216
0,858,0,Stromal,0.4772727272727273,44,178.40120666921138,3636.553604886494
0,859,0,Invasive_Tumor,0.3484848484848485,66,60.888746288418766,3636.553604886494
0,860,0,Invasive_Tumor,0.45161290322580644,186,354.6698972404003,3508.3332043644036
0,861,0,Stromal,0.625,32,178.40120666921138,3551.073337871767
0,862,0,Stromal,0.22784810126582278,79,60.888746288418766,3551.073337871767
0,863,0,Stromal,0.44,50,178.40120666921138,3465.5930708570404
0,864,0,Stromal,0.36363636363636365,44,60.888746288418766,3465.5930708570404
0,865,1,B_Cells,0.30952380952380953,126,1823.5756520003079,3380.112803842313
0,866,0,Stromal,0.5531914893617021,47,1706.0631916195152,3380.112803842313
0,867,1,CD4+_T_Cells,0.3333333333333333,120,1823.5756520003079,3294.6325368275866
0,868,1,Stromal,0.4057971014492754,69,1706.0631916195152,3294.6325368275866
0,869,0,Invasive_Tumor,0.450261780104712,191,1529.7945010483263,3337.37267033495
0,870,1,Stromal,0.48148148148148145,108,1823.5756520003079,3209.1522698128592
0,871,1,Stromal,0.3368421052631579,95,1706.0631916195152,3209.1522698128592
0,872,1,Stromal,0.5779816513761468,109,1823.5756520003079,3123.672002798133
0,873,1,Stromal,0.375,104,1706.0631916195152,3123.672002798133
0,874,0,Invasive_Tumor,0.3157894736842105,57,1588.5507312387226,3209.1522698128592
0,876,0,Stromal,0.3472222222222222,72,1588.5507312387226,3123.672002798133
0,877,0,CD4+_T_Cells,0.5954198473282443,131,1471.03827085793,3123.672002798133
0,878,0,Invasive_Tumor,0.8245614035087719,57,1353.5258104771374,3380.112803842313
0,879,0,Invasive_Tumor,0.28846153846153844,52,1236.0133500963448,3380.112803842313
0,881,0,Invasive_Tumor,0.4827586206896552,58,1236.0133500963448,3294.6325368275866
0,882,0,Invasive_Tumor,0.8026315789473685,76,1118.5008897155521,3380.112803842313
0,883,0,Invasive_Tumor,0.8767123287671232,73,1000.9884293347595,3380.112803842313
0,885,0,Invasive_Tumor,0.7230769230769231,65,1000.9884293347595,3294.6325368275866
0,886,0,Invasive_Tumor,0.7586206896551724,58,1353.5258104771374,3209.1522698128592
0,887,0,Invasive_Tumor,0.7727272727272727,66,1236.0133500963448,3209.1522698128592
0,888,0,Invasive_Tumor,0.803030303030303,66,1353.5258104771374,3123.672002798133
0,889,0,Invasive_Tumor,0.46774193548387094,62,1236.0133500963448,3123.672002798133
0,890,0,Invasive_Tumor,0.8714285714285714,70,1118.5008897155521,3209.1522698128592
0,891,0,Invasive_Tumor,0.6363636363636364,66,1000.9884293347595,3209.1522698128592
0,892,0,Invasive_Tumor,0.5714285714285714,77,1118.5008897155521,3123.672002798133
0,893,0,Invasive_Tumor,0.6885245901639344,61,1000.9884293347595,3123.672002798133
0,894,2,Stromal,0.7058823529411765,68,1823.5756520003079,3038.1917357834054
0,896,2,DCIS_2,0.5692307692307692,65,1823.5756520003079,2952.711468768679
0,897,1,Stromal,0.6944444444444444,72,1706.0631916195152,2952.711468768679
0,898,1,Stromal,0.7142857142857143,21,1588.5507312387226,3038.1917357834054
0,899,0,CD4+_T_Cells,0.3888888888888889,90,1471.03827085793,3038.1917357834054
0,900,1,Stromal,0.7916666666666666,24,1588.5507312387226,2952.711468768679
0,901,0,Stromal,0.21212121212121213,99,1471.03827085793,2952.711468768679
0,902,2,Myoepi_ACTA2+,0.47674418604651164,86,1823.5756520003079,2867.2312017539516
0,903,1,Stromal,0.7638888888888888,72,1706.0631916195152,2867.2312017539516
0,904,1,Stromal,0.6075949367088608,79,1823.5756520003079,2781.7509347392242
0,905,1,Stromal,0.35789473684210527,95,1706.0631916195152,2781.7509347392242
0,907,0,Invasive_Tumor,0.6901408450704225,71,1353.5258104771374,3038.1917357834054
0,908,0,Invasive_Tumor,0.5,52,1236.0133500963448,3038.1917357834054
0,909,0,Invasive_Tumor,0.42424242424242425,66,1353.5258104771374,2952.711468768679
0,910,0,Invasive_Tumor,0.5147058823529411,68,1236.0133500963448,2952.711468768679
0,911,0,Invasive_Tumor,0.746031746031746,63,1118.5008897155521,3038.1917357834054
0,912,0,Invasive_Tumor,0.9012345679012346,81,1000.9884293347595,3038.1917357834054
0,914,0,Invasive_Tumor,0.6363636363636364,55,1000.9884293347595,2952.711468768679
0,915,0,Invasive_Tumor,0.6976744186046512,43,1353.5258104771374,2867.2312017539516
0,917,0,Invasive_Tumor,0.7391304347826086,69,1353.5258104771374,2781.7509347392242
0,918,0,Invasive_Tumor,0.7228915662650602,83,1236.0133500963448,2781.7509347392242
0,919,0,Invasive_Tumor,0.7808219178082192,73,1118.5008897155521,2867.2312017539516
0,920,0,Invasive_Tumor,0.5915492957746479,71,1000.9884293347595,2867.2312017539516
0,922,0,Invasive_Tumor,0.5151515151515151,66,1000.9884293347595,2781.7509347392242
0,924,0,Invasive_Tumor,0.7575757575757576,66,648.4510481923818,3380.112803842313
0,925,0,Invasive_Tumor,0.8095238095238095,63,530.9385878115892,3380.112803842313
0,926,0,Invasive_Tumor,0.6363636363636364,33,648.4510481923818,3294.6325368275866
0,928,0,Invasive_Tumor,0.6351351351351351,74,883.475968953967,3209.1522698128592
0,929,0,Invasive_Tumor,0.39344262295081966,61,765.9635085731744,3209.1522698128592
0,930,0,Invasive_Tumor,0.38,50,883.475968953967,3123.672002798133
0,931,0,Invasive_Tumor,0.4032258064516129,62,765.9635085731744,3123.672002798133
0,932,0,Invasive_Tumor,0.546875,64,648.4510481923818,3209.1522698128592
0,933,0,Invasive_Tumor,0.746268656716418,67,530.9385878115892,3209.1522698128592
0,934,0,Invasive_Tumor,0.7647058823529411,68,648.4510481923818,3123.672002798133
0,935,0,Invasive_Tumor,0.5319148936170213,47,530.9385878115892,3123.672002798133
0,936,0,Invasive_Tumor,0.4046242774566474,173,354.6698972404003,3337.37267033495
0,937,0,Endothelial,0.42592592592592593,54,178.40120666921138,3380.112803842313
0,938,0,Invasive_Tumor,0.5344827586206896,58,60.888746288418766,3380.112803842313
0,939,0,Endothelial,0.2653061224489796,49,178.40120666921138,3294.6325368275866
0,940,0,Invasive_Tumor,0.48,50,60.888746288418766,3294.6325368275866
0,941,0,Invasive_Tumor,0.4406779661016949,59,413.4261274307966,3209.1522698128592
0,943,0,Invasive_Tumor,0.5535714285714286,56,413.4261274307966,3123.672002798133
0,944,0,Invasive_Tumor,0.41304347826086957,46,295.913667050004,3123.672002798133
0,945,0,Invasive_Tumor,0.39759036144578314,166,119.64497647881507,3166.412136305496
0,946,0,Invasive_Tumor,0.8095238095238095,63,883.475968953967,3038.1917357834054
0,947,0,CD4+_T_Cells,0.3,90,765.9635085731744,3038.1917357834054
0,948,0,Invasive_Tumor,0.48214285714285715,56,883.475968953967,2952.711468768679
0,949,0,Invasive_Tumor,0.390625,64,765.9635085731744,2952.711468768679
0,950,0,Invasive_Tumor,0.4230769230769231,52,648.4510481923818,3038.1917357834054
0,951,0,Invasive_Tumor,0.4523809523809524,42,530.9385878115892,3038.1917357834054
0,952,0,Invasive_Tumor,0.5483870967741935,62,648.4510481923818,2952.711468768679
0,954,0,Invasive_Tumor,0.5538461538461539,65,883.475968953967,2867.2312017539516
0,956,0,Stromal,0.2537313432835821,67,883.475968953967,2781.7509347392242
0,957,0,Invasive_Tumor,0.5866666666666667,75,765.9635085731744,2781.7509347392242
0,958,0,CD8+_T_Cells,0.37254901960784315,51,648.4510481923818,2867.2312017539516
0,959,0,CD8+_T_Cells,0.2191780821917808,73,530.9385878115892,2867.2312017539516
0,960,0,Invasive_Tumor,0.5538461538461539,65,648.4510481923818,2781.7509347392242
0,961,0,CD8+_T_Cells,0.23943661971830985,71,530.9385878115892,2781.7509347392242
0,962,0,Invasive_Tumor,0.5692307692307692,195,354.6698972404003,2995.451602276042
0,963,0,Invasive_Tumor,0.576271186440678,59,178.40120666921138,3038.1917357834054
0,964,0,Invasive_Tumor,0.3902439024390244,41,60.888746288418766,3038.1917357834054
0,965,0,Invasive_Tumor,0.7313432835820896,67,178.40120666921138,2952.711468768679
0,966,0,Invasive_Tumor,0.6304347826086957,46,60.888746288418766,2952.711468768679
0,967,0,Invasive_Tumor,0.31088082901554404,193,354.6698972404003,2824.491068246588
0,968,0,Stromal,0.30386740331491713,181,119.64497647881507,2824.491068246588
0,969,1,Stromal,0.9230769230769231,65,7405.417520087957,2653.530534217134
0,970,2,Stromal,0.54421768707483,147,7170.392599326372,2653.530534217134
0,971,1,Stromal,0.5714285714285714,91,7405.417520087957,2482.57000018768
0,972,2,Stromal,0.6880733944954128,109,7170.392599326372,2482.57000018768
0,973,3,DCIS_1,0.6216216216216216,74,6994.123908755183,2696.270667724498
0,974,3,DCIS_1,0.52,100,6876.61144837439,2696.270667724498
0,975,3,DCIS_1,0.8857142857142857,70,6994.123908755183,2610.7904007097704
0,976,3,DCIS_1,0.4338235294117647,136,6876.61144837439,2610.7904007097704
0,977,3,DCIS_1,0.7317073170731707,82,6759.098987993598,2696.270667724498
0,978,2,DCIS_1,0.6551724137931034,58,6641.586527612805,2696.270667724498
0,979,3,DCIS_1,0.7340425531914894,94,6759.098987993598,2610.7904007097704
0,980,3,DCIS_1,0.90625,64,6641.586527612805,2610.7904007097704
0,982,3,DCIS_1,0.7951807228915663,83,6876.61144837439,2525.310133695043
0,983,2,DCIS_1,0.5245901639344263,61,6994.123908755183,2439.8298666803166
0,984,3,DCIS_1,0.859375,64,6876.61144837439,2439.8298666803166
0,985,3,DCIS_1,0.8552631578947368,76,6759.098987993598,2525.310133695043
0,986,0,DCIS_1,0.7796610169491526,59,6641.586527612805,2525.310133695043
0,988,2,DCIS_1,0.6727272727272727,55,6641.586527612805,2439.8298666803166
0,989,2,DCIS_1,0.35,40,7464.1737502783535,2354.3495996655893
0,990,2,DCIS_1,0.6538461538461539,52,7346.661289897561,2354.3495996655893
0,991,2,DCIS_1,0.8421052631578947,76,7464.1737502783535,2268.869332650863
0,992,3,DCIS_1,1.0,62,7346.661289897561,2268.869332650863
0,993,2,DCIS_1,0.48,50,7229.148829516768,2354.3495996655893
0,994,2,Stromal,0.5217391304347826,46,7111.636369135976,2354.3495996655893
0,996,2,DCIS_1,0.8235294117647058,68,7111.636369135976,2268.869332650863
0,997,2,DCIS_1,0.6666666666666666,75,7464.1737502783535,2183.3890656361355
0,998,2,DCIS_1,0.6363636363636364,88,7346.661289897561,2183.3890656361355
0,999,2,DCIS_1,0.6865671641791045,67,7464.1737502783535,2097.908798621409
0,1000,2,DCIS_1,0.4791666666666667,96,7346.661289897561,2097.908798621409
0,1002,3,DCIS_1,0.5824175824175825,91,7111.636369135976,2183.3890656361355
0,1003,3,DCIS_1,0.4819277108433735,83,7229.148829516768,2097.908798621409
0,1004,3,DCIS_1,0.7833333333333333,60,7111.636369135976,2097.908798621409
0,1005,2,Stromal,0.49079754601226994,163,6935.367678564787,2311.609466158226
0,1006,2,Stromal,0.40229885057471265,174,6700.3427578032015,2311.609466158226
0,1007,2,DCIS_1,0.42105263157894735,171,6935.367678564787,2140.6489321287722
0,1008,1,Stromal,0.75,64,6700.3427578032015,2140.6489321287722
0,1009,1,Stromal,0.62,100,6465.317837041616,2653.530534217134
0,1010,1,Stromal,0.3972602739726027,146,6230.292916280031,2653.530534217134
0,1011,2,Stromal,0.3333333333333333,180,6465.317837041616,2482.57000018768
0,1012,1,Stromal,0.6105263157894737,95,6230.292916280031,2482.57000018768
0,1015,1,Stromal,0.7023809523809523,84,5995.267995518446,2482.57000018768
0,1016,1,Stromal,0.9423076923076923,52,5760.243074756861,2482.57000018768
0,1017,2,Stromal,0.5348837209302325,129,6465.317837041616,2311.609466158226
0,1018,1,Stromal,0.868421052631579,38,6230.292916280031,2311.609466158226
0,1019,1,Stromal,0.9,40,6465.317837041616,2140.6489321287722
0,1020,1,Stromal,0.8,30,6230.292916280031,2140.6489321287722
0,1021,1,Stromal,0.907563025210084,119,5877.755535137653,2226.129199143499
0,1022,2,DCIS_1,0.5753424657534246,73,7464.1737502783535,2012.4285316066819
0,1024,2,Stromal,0.32786885245901637,61,7464.1737502783535,1926.9482645919547
0,1025,2,DCIS_1,0.3333333333333333,75,7346.661289897561,1926.9482645919547
0,1026,2,DCIS_1,0.45454545454545453,66,7229.148829516768,2012.4285316066819
0,1027,3,DCIS_1,0.9402985074626866,67,7111.636369135976,2012.4285316066819
0,1028,2,Stromal,0.5434782608695652,46,7229.148829516768,1926.9482645919547
0,1029,2,Stromal,0.47619047619047616,42,7111.636369135976,1926.9482645919547
0,1030,1,Endothelial,0.24,50,7464.1737502783535,1841.4679975772278
0,1031,2,Stromal,0.2833333333333333,60,7346.661289897561,1841.4679975772278
0,1032,1,CD4+_T_Cells,0.25,20,7464.1737502783535,1755.9877305625007
0,1033,1,CD4+_T_Cells,0.3026315789473684,76,7346.661289897561,1755.9877305625007
0,1034,2,CD4+_T_Cells,0.30434782608695654,92,7229.148829516768,1841.4679975772278
0,1035,1,CD4+_T_Cells,0.38372093023255816,86,7111.636369135976,1841.4679975772278
0,1036,1,CD4+_T_Cells,0.3516483516483517,91,7229.148829516768,1755.9877305625007
0,1037,1,CD4+_T_Cells,0.3404255319148936,47,7111.636369135976,1755.9877305625007
0,1038,2,Stromal,0.4690265486725664,113,6935.367678564787,1969.6883980993184
0,1039,2,Stromal,0.4330708661417323,127,6700.3427578032015,1969.6883980993184
0,1040,1,Stromal,0.8571428571428571,56,6935.367678564787,1798.7278640698642
0,1041,2,DCIS_1,0.2890625,128,6700.3427578032015,1798.7278640698642
0,1042,1,CD4+_T_Cells,0.3087248322147651,149,7405.417520087957,1627.7673300404103
0,1043,1,Stromal,0.5833333333333334,72,7170.392599326372,1627.7673300404103
0,1045,1,CD8+_T_Cells,0.25806451612903225,62,7346.661289897561,1499.5469295183198
0,1046,1,CD4+_T_Cells,0.41509433962264153,53,7464.1737502783535,1414.0666625035926
0,1047,1,CD4+_T_Cells,0.2727272727272727,88,7346.661289897561,1414.0666625035926
0,1048,1,Stromal,0.5542168674698795,83,7170.392599326372,1456.806796010956
0,1049,1,Stromal,0.7924528301886793,53,6935.367678564787,1627.7673300404103
0,1050,1,Stromal,0.851063829787234,47,6700.3427578032015,1627.7673300404103
0,1051,1,Stromal,0.5362318840579711,69,6935.367678564787,1456.806796010956
0,1052,2,DCIS_1,0.33858267716535434,127,6700.3427578032015,1456.806796010956
0,1053,1,Stromal,0.7254901960784313,51,6465.317837041616,1969.6883980993184
0,1054,1,Stromal,0.576271186440678,59,6230.292916280031,1969.6883980993184
0,1056,1,Stromal,0.5094339622641509,53,6230.292916280031,1798.7278640698642
0,1058,1,Stromal,0.6,10,6524.074067232013,1670.5074635477738
0,1059,1,CD4+_T_Cells,0.580952380952381,105,6406.56160685122,1670.5074635477738
0,1060,1,Stromal,0.4782608695652174,23,6524.074067232013,1585.0271965330467
0,1061,1,CD4+_T_Cells,0.5918367346938775,98,6406.56160685122,1585.0271965330467
0,1062,1,Stromal,0.6271186440677966,59,6230.292916280031,1627.7673300404103
0,1063,2,Stromal,0.3202614379084967,153,6465.317837041616,1456.806796010956
0,1064,1,Stromal,0.6474820143884892,139,5877.755535137653,1542.2870630256832
0,1065,2,DCIS_1,0.35625,160,5525.218153995275,2653.530534217134
0,1066,1,Stromal,0.5343511450381679,131,5290.19323323369,2653.530534217134
0,1067,1,Stromal,0.8536585365853658,41,5525.218153995275,2482.57000018768
0,1068,1,Stromal,0.5909090909090909,88,5290.19323323369,2482.57000018768
0,1069,1,Stromal,0.5866666666666667,75,5055.168312472105,2653.530534217134
0,1070,1,Invasive_Tumor,0.6666666666666666,75,4820.14339171052,2653.530534217134
0,1071,1,Stromal,0.3855421686746988,83,5055.168312472105,2482.57000018768
0,1072,1,Stromal,0.96875,32,4820.14339171052,2482.57000018768
0,1073,1,Stromal,0.5192307692307693,52,5525.218153995275,2311.609466158226
0,1074,1,Stromal,0.631578947368421,57,5290.19323323369,2311.609466158226
0,1075,1,Stromal,0.3763440860215054,93,5525.218153995275,2140.6489321287722
0,1076,1,Stromal,0.43902439024390244,41,5290.19323323369,2140.6489321287722
0,1077,1,Stromal,0.7,50,4585.118470948934,2653.530534217134
0,1078,1,Stromal,0.9166666666666666,60,4350.093550187349,2653.530534217134
0,1079,0,Invasive_Tumor,0.5859375,128,4585.118470948934,2482.57000018768
0,1080,1,Stromal,0.9310344827586207,29,4350.093550187349,2482.57000018768
0,1081,1,Stromal,0.6746987951807228,83,4115.068629425764,2653.530534217134
0,1082,2,Stromal,0.7313432835820896,67,3880.0437086641787,2653.530534217134
0,1083,1,Stromal,0.7073170731707317,41,4115.068629425764,2482.57000018768
0,1084,1,Stromal,0.6404494382022472,89,3880.0437086641787,2482.57000018768
0,1085,1,Stromal,0.9655172413793104,29,4115.068629425764,2311.609466158226
0,1086,1,Stromal,0.5833333333333334,24,3938.799938854575,2354.3495996655893
0,1087,1,Endothelial,0.2727272727272727,55,3821.2874784737824,2354.3495996655893
0,1088,1,B_Cells,0.3287671232876712,73,3938.799938854575,2268.869332650863
0,1089,1,CD4+_T_Cells,0.39622641509433965,106,3821.2874784737824,2268.869332650863
0,1090,1,Stromal,0.8409090909090909,44,4115.068629425764,2140.6489321287722
0,1091,1,CD4+_T_Cells,0.3275862068965517,58,3938.799938854575,2183.3890656361355
0,1092,1,B_Cells,0.3434343434343434,99,3821.2874784737824,2183.3890656361355
0,1093,1,CD4+_T_Cells,0.37037037037037035,54,3938.799938854575,2097.908798621409
0,1094,1,Stromal,0.5416666666666666,24,3821.2874784737824,2097.908798621409
0,1095,1,Stromal,0.5244755244755245,143,5407.705693614483,1884.2081310845913
0,1096,1,Stromal,0.5657894736842105,152,4937.655852091312,1884.2081310845913
0,1097,2,Stromal,0.52,75,5525.218153995275,1627.7673300404103
0,1098,1,Stromal,0.5930232558139535,86,5290.19323323369,1627.7673300404103
0,1099,1,Stromal,0.34615384615384615,26,5583.974384185672,1499.5469295183198
0,1100,0,DCIS_2,0.8142857142857143,70,5466.461923804879,1499.5469295183198
0,1101,2,Stromal,0.3333333333333333,33,5583.974384185672,1414.0666625035926
0,1102,3,DCIS_2,0.7391304347826086,92,5466.461923804879,1414.0666625035926
0,1103,2,Stromal,0.34545454545454546,55,5348.949463424086,1499.5469295183198
0,1104,2,DCIS_2,0.2807017543859649,57,5231.437003043294,1499.5469295183198
0,1105,3,DCIS_2,0.8378378378378378,74,5348.949463424086,1414.0666625035926
0,1106,3,DCIS_2,0.7777777777777778,72,5231.437003043294,1414.0666625035926
0,1107,2,Stromal,0.517948717948718,195,4937.655852091312,1542.2870630256832
0,1108,1,Stromal,0.7647058823529411,119,3997.5561690449713,1884.2081310845913
0,1109,0,Stromal,0.5620437956204379,137,3997.5561690449713,1542.2870630256832
0,1110,2,DCIS_1,0.5740740740740741,54,7464.1737502783535,1328.5863954888657
0,1111,1,Stromal,0.25,52,7346.661289897561,1328.5863954888657
0,1112,2,DCIS_1,0.23214285714285715,56,7464.1737502783535,1243.1061284741386
0,1113,2,DCIS_1,0.4444444444444444,54,7346.661289897561,1243.1061284741386
0,1114,2,DCIS_1,0.36257309941520466,171,7170.392599326372,1285.8462619815023
0,1115,2,DCIS_1,0.484472049689441,161,7405.417520087957,1114.885727952048
0,1116,2,DCIS_1,0.4083769633507853,191,7170.392599326372,1114.885727952048
0,1117,2,DCIS_1,0.6708074534161491,161,6935.367678564787,1285.8462619815023
0,1118,2,DCIS_1,0.30612244897959184,147,6700.3427578032015,1285.8462619815023
0,1119,2,DCIS_1,0.4533333333333333,150,6935.367678564787,1114.885727952048
0,1120,2,DCIS_1,0.37988826815642457,179,6700.3427578032015,1114.885727952048
0,1121,1,Stromal,0.3282051282051282,195,7405.417520087957,943.9251939225942
0,1122,2,DCIS_1,0.3717948717948718,78,7229.148829516768,986.6653274299576
0,1123,2,CD8+_T_Cells,0.19298245614035087,57,7111.636369135976,986.6653274299576
0,1124,2,DCIS_1,0.33766233766233766,77,7229.148829516768,901.1850604152307
0,1126,1,Stromal,0.3769230769230769,130,7405.417520087957,772.9646598931402
0,1129,2,Stromal,0.40217391304347827,92,6465.317837041616,1285.8462619815023
0,1130,2,DCIS_1,0.39473684210526316,114,6465.317837041616,1114.885727952048
0,1131,1,Stromal,0.8108108108108109,37,5995.267995518446,1285.8462619815023
0,1132,1,Stromal,0.5873015873015873,63,5760.243074756861,1285.8462619815023
0,1133,1,Stromal,0.6341463414634146,41,5995.267995518446,1114.885727952048
0,1134,1,Stromal,0.6041666666666666,96,5760.243074756861,1114.885727952048
0,1135,1,Stromal,0.4772727272727273,44,6465.317837041616,943.9251939225942
0,1136,2,Stromal,0.5822784810126582,79,6230.292916280031,943.9251939225942
0,1137,1,Stromal,0.7837837837837838,37,6465.317837041616,772.9646598931402
0,1138,2,Stromal,0.2857142857142857,140,6230.292916280031,772.9646598931402
0,1139,2,Stromal,0.22289156626506024,166,5995.267995518446,943.9251939225942
0,1141,2,DCIS_2,0.6733668341708543,199,5995.267995518446,772.9646598931402
0,1142,1,Stromal,0.44696969696969696,132,5760.243074756861,772.9646598931402
0,1143,1,Stromal,0.6770833333333334,192,7287.905059707165,516.5238588489592
0,1144,0,Invasive_Tumor,0.5172413793103449,58,6935.367678564787,602.0041258636862
0,1145,0,Invasive_Tumor,0.4805194805194805,77,6700.3427578032015,602.0041258636862
0,1146,1,Stromal,0.6785714285714286,28,6935.367678564787,431.0435918342322
0,1147,1,Stromal,0.5609756097560976,41,6700.3427578032015,431.0435918342322
0,1148,1,Stromal,0.45652173913043476,46,7405.417520087957,260.0830578047782
0,1149,1,Stromal,0.7586206896551724,58,7170.392599326372,260.0830578047782
0,1150,1,Stromal,0.35714285714285715,56,7405.417520087957,89.12252377532423
0,1151,0,Stromal,0.4189189189189189,74,7170.392599326372,89.12252377532423
0,1152,1,Stromal,0.6618705035971223,139,6817.855218183994,174.60279079005122
0,1153,2,Stromal,0.38961038961038963,154,6230.292916280031,602.0041258636862
0,1154,1,Stromal,0.7692307692307693,39,6230.292916280031,431.0435918342322
0,1155,1,Stromal,0.40404040404040403,99,5995.267995518446,602.0041258636862
0,1156,1,Stromal,0.46875,32,5818.999304947257,644.7442593710498
0,1157,1,Stromal,0.7,30,5701.486844566464,644.7442593710498
0,1159,1,Stromal,0.40425531914893614,47,5701.486844566464,559.2639923563227
0,1160,1,Stromal,0.55,20,6054.024225708842,473.7837253415957
0,1161,1,CD4+_T_Cells,0.4896551724137931,145,5936.5117653280495,473.7837253415957
0,1162,1,Stromal,0.6,20,6054.024225708842,388.30345832686874
0,1163,1,CD4+_T_Cells,0.4230769230769231,104,5936.5117653280495,388.30345832686874
0,1164,1,CD4+_T_Cells,0.5069444444444444,144,5818.999304947257,473.7837253415957
0,1165,1,Stromal,0.31343283582089554,67,5701.486844566464,473.7837253415957
0,1166,1,CD4+_T_Cells,0.3173076923076923,104,5818.999304947257,388.30345832686874
0,1167,2,Macrophages_1,0.23170731707317074,82,5701.486844566464,388.30345832686874
0,1168,1,Stromal,0.2596685082872928,181,5995.267995518446,260.0830578047782
0,1169,1,Macrophages_1,0.3125,80,5818.999304947257,302.8231913121417
0,1170,2,CD4+_T_Cells,0.21951219512195122,82,5701.486844566464,302.8231913121417
0,1171,1,CD4+_T_Cells,0.4791666666666667,96,5818.999304947257,217.3429242974147
0,1172,1,CD4+_T_Cells,0.7328767123287672,146,5701.486844566464,217.3429242974147
0,1173,1,Stromal,0.28846153846153844,104,5995.267995518446,89.12252377532423
0,1174,1,CD4+_T_Cells,0.6666666666666666,108,5818.999304947257,131.86265728268774
0,1175,1,CD4+_T_Cells,0.7551020408163265,98,5701.486844566464,131.86265728268774
0,1176,1,CD4+_T_Cells,0.3157894736842105,19,5818.999304947257,46.38239026796073
0,1177,1,CD4+_T_Cells,0.5454545454545454,11,5701.486844566464,46.38239026796073
0,1178,2,DCIS_2,0.41304347826086957,184,5525.218153995275,1285.8462619815023
0,1179,3,DCIS_2,0.8,80,5348.949463424086,1328.5863954888657
0,1180,3,DCIS_2,0.8314606741573034,89,5231.437003043294,1328.5863954888657
0,1181,3,DCIS_2,0.8380952380952381,105,5348.949463424086,1243.1061284741386
0,1182,3,DCIS_2,0.8620689655172413,116,5231.437003043294,1243.1061284741386
0,1183,2,DCIS_2,0.3756906077348066,181,5525.218153995275,1114.885727952048
0,1184,3,DCIS_2,0.7866666666666666,75,5348.949463424086,1157.6258614594117
0,1185,3,DCIS_2,0.953125,64,5231.437003043294,1157.6258614594117
0,1186,2,DCIS_2,0.5151515151515151,66,5348.949463424086,1072.1455944446845
0,1187,3,DCIS_2,0.8666666666666667,60,5231.437003043294,1072.1455944446845
0,1189,1,Stromal,0.64,50,4820.14339171052,1285.8462619815023
0,1190,2,DCIS_2,0.5128205128205128,156,5055.168312472105,1114.885727952048
0,1192,3,DCIS_2,0.8428571428571429,70,5583.974384185672,986.6653274299576
0,1194,2,DCIS_2,0.5294117647058824,51,5583.974384185672,901.1850604152307
0,1195,3,DCIS_2,0.9701492537313433,67,5466.461923804879,901.1850604152307
0,1196,2,DCIS_2,0.6,75,5348.949463424086,986.6653274299576
0,1197,2,Myoepi_ACTA2+,0.25,48,5231.437003043294,986.6653274299576
0,1198,0,DCIS_2,0.7384615384615385,65,5348.949463424086,901.1850604152307
0,1199,1,Stromal,0.7297297297297297,37,5231.437003043294,901.1850604152307
0,1201,2,Stromal,0.5517241379310345,29,5348.949463424086,815.7047934005036
0,1202,2,Stromal,0.3389830508474576,59,5231.437003043294,815.7047934005036
0,1203,1,Macrophages_1,0.288135593220339,59,5348.949463424086,730.2245263857767
0,1204,2,DCIS_2,0.35526315789473684,76,5231.437003043294,730.2245263857767
0,1205,1,Stromal,0.5825242718446602,103,5055.168312472105,943.9251939225942
0,1206,1,Stromal,0.8048780487804879,41,4820.14339171052,943.9251939225942
0,1207,2,Stromal,0.3430232558139535,172,5055.168312472105,772.9646598931402
0,1208,1,Stromal,0.5106382978723404,47,4820.14339171052,772.9646598931402
0,1209,1,Stromal,0.5304878048780488,164,4467.606010568142,858.4449269078672
0,1210,2,Stromal,0.37055837563451777,197,5525.218153995275,602.0041258636862
0,1211,1,Stromal,0.25,60,5348.949463424086,644.7442593710498
0,1213,2,Stromal,0.24193548387096775,62,5348.949463424086,559.2639923563227
0,1215,2,DCIS_2,0.4069767441860465,86,5583.974384185672,473.7837253415957
0,1216,3,DCIS_2,0.9859154929577465,71,5466.461923804879,473.7837253415957
0,1217,3,DCIS_2,0.8181818181818182,77,5583.974384185672,388.30345832686874
0,1218,3,DCIS_2,1.0,65,5466.461923804879,388.30345832686874
0,1219,2,DCIS_2,0.3076923076923077,78,5348.949463424086,473.7837253415957
0,1220,2,Stromal,0.3114754098360656,61,5231.437003043294,473.7837253415957
0,1221,2,DCIS_2,0.328125,64,5348.949463424086,388.30345832686874
0,1222,2,Stromal,0.25287356321839083,87,5231.437003043294,388.30345832686874
0,1223,1,Endothelial,0.32653061224489793,49,5113.924542662501,644.7442593710498
0,1224,1,Stromal,0.38666666666666666,75,4996.4120822817085,644.7442593710498
0,1225,1,Stromal,0.3384615384615385,65,5113.924542662501,559.2639923563227
0,1226,1,Stromal,0.2903225806451613,62,4996.4120822817085,559.2639923563227
0,1227,1,Stromal,0.5666666666666667,30,4878.899621900916,644.7442593710498
0,1228,1,Stromal,0.5294117647058824,34,4761.387161520123,644.7442593710498
0,1229,2,CD8+_T_Cells,0.3076923076923077,78,4878.899621900916,559.2639923563227
0,1230,2,Stromal,0.2375,80,4761.387161520123,559.2639923563227
0,1231,2,Stromal,0.23376623376623376,77,5113.924542662501,473.7837253415957
0,1232,2,Myoepi_ACTA2+,0.24675324675324675,77,4996.4120822817085,473.7837253415957
0,1233,2,DCIS_2,0.7105263157894737,76,5113.924542662501,388.30345832686874
0,1234,2,DCIS_2,0.25287356321839083,87,4996.4120822817085,388.30345832686874
0,1235,2,DCIS_2,0.2222222222222222,90,4878.899621900916,473.7837253415957
0,1236,2,DCIS_2,0.5492957746478874,71,4761.387161520123,473.7837253415957
0,1237,2,DCIS_2,0.28431372549019607,102,4878.899621900916,388.30345832686874
0,1238,2,DCIS_2,0.4823529411764706,85,4761.387161520123,388.30345832686874
0,1239,2,DCIS_2,0.42857142857142855,91,5583.974384185672,302.8231913121417
0,1240,3,DCIS_2,0.6333333333333333,60,5466.461923804879,302.8231913121417
0,1241,1,CD4+_T_Cells,0.5354330708661418,127,5583.974384185672,217.3429242974147
0,1242,2,DCIS_2,0.2537313432835821,67,5466.461923804879,217.3429242974147
0,1243,2,DCIS_2,0.5584415584415584,77,5348.949463424086,302.8231913121417
0,1244,2,CD4+_T_Cells,0.2692307692307692,78,5231.437003043294,302.8231913121417
0,1247,1,CD4+_T_Cells,0.3211009174311927,109,5525.218153995275,89.12252377532423
0,1248,1,DCIS_2,0.6029411764705882,68,5290.19323323369,89.12252377532423
0,1249,2,Stromal,0.3333333333333333,69,5113.924542662501,302.8231913121417
0,1250,3,DCIS_2,0.2839506172839506,81,4996.4120822817085,302.8231913121417
0,1251,1,Stromal,0.45454545454545453,44,5113.924542662501,217.3429242974147
0,1252,3,Stromal,0.5151515151515151,33,4996.4120822817085,217.3429242974147
0,1253,3,DCIS_2,0.6582278481012658,79,4878.899621900916,302.8231913121417
0,1254,3,DCIS_2,0.4268292682926829,82,4761.387161520123,302.8231913121417
0,1255,3,Stromal,0.4222222222222222,45,4878.899621900916,217.3429242974147
0,1256,3,Stromal,0.2682926829268293,41,4761.387161520123,217.3429242974147
0,1258,1,CD4+_T_Cells,0.33695652173913043,92,4526.362240758538,644.7442593710498
0,1259,1,CD4+_T_Cells,0.2857142857142857,133,4643.874701139331,559.2639923563227
0,1260,2,CD4+_T_Cells,0.35344827586206895,116,4526.362240758538,559.2639923563227
0,1261,1,CD4+_T_Cells,0.5050505050505051,99,4408.849780377745,644.7442593710498
0,1262,1,CD4+_T_Cells,0.2625,80,4291.337319996953,644.7442593710498
0,1263,2,CD8+_T_Cells,0.25,120,4408.849780377745,559.2639923563227
0,1264,2,CD4+_T_Cells,0.3220338983050847,118,4291.337319996953,559.2639923563227
0,1265,2,CD8+_T_Cells,0.2087912087912088,91,4643.874701139331,473.7837253415957
0,1267,2,DCIS_2,0.2235294117647059,85,4643.874701139331,388.30345832686874
0,1268,2,DCIS_2,0.3974358974358974,78,4526.362240758538,388.30345832686874
0,1269,2,CD4+_T_Cells,0.26956521739130435,115,4408.849780377745,473.7837253415957
0,1270,2,DCIS_2,0.618421052631579,76,4291.337319996953,473.7837253415957
0,1271,2,DCIS_2,0.4111111111111111,90,4408.849780377745,388.30345832686874
0,1272,2,CD4+_T_Cells,0.3023255813953488,129,4291.337319996953,388.30345832686874
0,1273,1,CD4+_T_Cells,0.26548672566371684,113,4115.068629425764,602.0041258636862
0,1274,2,DCIS_2,0.23376623376623376,77,4173.82485961616,473.7837253415957
0,1275,1,Stromal,0.42857142857142855,21,4056.3123992353676,473.7837253415957
0,1276,2,DCIS_2,0.2777777777777778,90,4173.82485961616,388.30345832686874
0,1277,1,Stromal,0.5,20,4056.3123992353676,388.30345832686874
0,1278,1,Stromal,0.36363636363636365,33,3880.0437086641787,431.0435918342322
0,1279,2,CD4+_T_Cells,0.20833333333333334,96,4643.874701139331,302.8231913121417
0,1280,2,CD4+_T_Cells,0.26582278481012656,79,4526.362240758538,302.8231913121417
0,1281,1,CD4+_T_Cells,0.38235294117647056,34,4643.874701139331,217.3429242974147
0,1283,3,DCIS_2,0.2676056338028169,71,4408.849780377745,302.8231913121417
0,1284,1,B_Cells,0.21428571428571427,112,4291.337319996953,302.8231913121417
0,1285,1,DCIS_1,0.47058823529411764,17,4408.849780377745,217.3429242974147
0,1286,1,Stromal,0.3333333333333333,9,4291.337319996953,217.3429242974147
0,1287,1,CD4+_T_Cells,0.2795031055900621,161,3997.5561690449713,174.60279079005122
0,1288,1,Stromal,0.6464646464646465,99,3645.0187879025934,2653.530534217134
0,1289,1,Stromal,0.8636363636363636,66,3409.993867141008,2653.530534217134
0,1290,2,Myoepi_ACTA2+,0.4107142857142857,56,3703.7750180929897,2525.310133695043
0,1292,2,Myoepi_ACTA2+,0.3150684931506849,73,3703.7750180929897,2439.8298666803166
0,1293,2,Stromal,0.40384615384615385,52,3586.262557712197,2439.8298666803166
0,1294,1,Stromal,0.7105263157894737,76,3409.993867141008,2482.57000018768
0,1295,1,Stromal,0.9298245614035088,57,3174.968946379423,2653.530534217134
0,1296,1,Stromal,0.7619047619047619,168,2939.9440256178377,2653.530534217134
0,1297,1,Stromal,0.7831325301204819,83,3174.968946379423,2482.57000018768
0,1298,1,Stromal,0.7092198581560284,141,2939.9440256178377,2482.57000018768
0,1300,1,Stromal,0.782608695652174,46,3409.993867141008,2311.609466158226
0,1301,0,Stromal,0.4639175257731959,97,3645.0187879025934,2140.6489321287722
0,1302,1,Stromal,1.0,33,3409.993867141008,2140.6489321287722
0,1303,1,Stromal,0.8181818181818182,44,3174.968946379423,2311.609466158226
0,1304,1,Stromal,0.3945945945945946,185,2939.9440256178377,2311.609466158226
0,1305,1,Stromal,0.7142857142857143,77,3174.968946379423,2140.6489321287722
0,1306,1,Stromal,0.49523809523809526,105,2939.9440256178377,2140.6489321287722
0,1307,2,Stromal,0.6122448979591837,98,2763.675335046649,2696.270667724498
0,1308,1,Stromal,0.8484848484848485,66,2646.162874665856,2696.270667724498
0,1309,1,Stromal,0.9714285714285714,35,2763.675335046649,2610.7904007097704
0,1310,1,Stromal,0.918918918918919,37,2646.162874665856,2610.7904007097704
0,1312,1,Stromal,0.7166666666666667,180,2704.9191048562525,2482.57000018768
0,1313,1,Stromal,0.8461538461538461,78,2469.8941840946673,2482.57000018768
0,1314,1,Stromal,0.22988505747126436,87,2293.6254935234783,2696.270667724498
0,1316,1,Stromal,0.5,64,2293.6254935234783,2610.7904007097704
0,1317,1,Stromal,0.23076923076923078,78,2176.1130331426857,2610.7904007097704
0,1318,1,Stromal,0.6875,48,2058.600572761893,2696.270667724498
0,1319,2,Stromal,0.6888888888888889,45,1941.0881123811005,2696.270667724498
0,1320,1,Stromal,0.7142857142857143,63,2058.600572761893,2610.7904007097704
0,1321,2,Stromal,0.42857142857142855,56,1941.0881123811005,2610.7904007097704
0,1322,1,Stromal,0.37142857142857144,70,2293.6254935234783,2525.310133695043
0,1323,1,Stromal,0.3114754098360656,61,2176.1130331426857,2525.310133695043
0,1324,1,Stromal,0.45098039215686275,51,2293.6254935234783,2439.8298666803166
0,1328,1,Stromal,0.3958333333333333,48,2058.600572761893,2439.8298666803166
0,1329,1,Stromal,0.47761194029850745,67,1941.0881123811005,2439.8298666803166
0,1330,1,Stromal,0.6223776223776224,143,2704.9191048562525,2311.609466158226
0,1331,0,Stromal,0.6263736263736264,91,2469.8941840946673,2311.609466158226
0,1332,1,Stromal,0.42857142857142855,147,2704.9191048562525,2140.6489321287722
0,1333,0,Invasive_Tumor,0.8703703703703703,54,2528.6504142850636,2183.3890656361355
0,1335,0,Invasive_Tumor,0.7222222222222222,54,2528.6504142850636,2097.908798621409
0,1336,0,Invasive_Tumor,0.546875,64,2411.137953904271,2097.908798621409
0,1337,0,Stromal,0.5138888888888888,144,2234.869263333082,2311.609466158226
0,1338,1,Stromal,0.5211267605633803,142,1999.8443425714968,2311.609466158226
0,1339,0,Invasive_Tumor,0.5573770491803278,183,2234.869263333082,2140.6489321287722
0,1340,0,Invasive_Tumor,0.4067796610169492,118,1999.8443425714968,2140.6489321287722
0,1341,1,Stromal,0.47244094488188976,127,3645.0187879025934,1969.6883980993184
0,1342,1,Stromal,0.64,25,3468.7500973314045,2012.4285316066819
0,1344,0,Invasive_Tumor,0.8275862068965517,58,3468.7500973314045,1926.9482645919547
0,1345,3,Invasive_Tumor,0.8904109589041096,73,3351.237636950612,1926.9482645919547
0,1346,1,Stromal,0.3673469387755102,98,3645.0187879025934,1798.7278640698642
0,1347,3,Invasive_Tumor,0.921875,64,3468.7500973314045,1841.4679975772278
0,1348,3,Invasive_Tumor,0.9482758620689655,58,3351.237636950612,1841.4679975772278
0,1349,0,Invasive_Tumor,0.3050847457627119,59,3468.7500973314045,1755.9877305625007
0,1350,0,Invasive_Tumor,0.5964912280701754,57,3351.237636950612,1755.9877305625007
0,1351,0,Invasive_Tumor,0.7903225806451613,62,3233.7251765698193,2012.4285316066819
0,1352,0,Invasive_Tumor,0.8846153846153846,52,3116.2127161890267,2012.4285316066819
0,1353,3,Invasive_Tumor,0.9830508474576272,59,3233.7251765698193,1926.9482645919547
0,1354,3,Invasive_Tumor,0.9482758620689655,58,3116.2127161890267,1926.9482645919547
0,1355,1,Invasive_Tumor,0.5508982035928144,167,2939.9440256178377,1969.6883980993184
0,1356,3,Invasive_Tumor,1.0,69,3233.7251765698193,1841.4679975772278
0,1357,3,Invasive_Tumor,0.9661016949152542,59,3116.2127161890267,1841.4679975772278
0,1358,0,Invasive_Tumor,0.8367346938775511,49,3233.7251765698193,1755.9877305625007
0,1359,0,Invasive_Tumor,0.8783783783783784,74,3116.2127161890267,1755.9877305625007
0,1361,0,Invasive_Tumor,0.85,60,2881.1877954274414,1841.4679975772278
0,1362,0,Invasive_Tumor,0.618421052631579,76,2998.700255808234,1755.9877305625007
0,1365,0,Invasive_Tumor,0.6363636363636364,55,3586.262557712197,1670.5074635477738
0,1366,0,Invasive_Tumor,0.8533333333333334,75,3703.7750180929897,1585.0271965330467
0,1367,0,Invasive_Tumor,0.7454545454545455,55,3586.262557712197,1585.0271965330467
0,1368,0,Invasive_Tumor,0.6666666666666666,57,3468.7500973314045,1670.5074635477738
0,1369,0,Invasive_Tumor,0.7727272727272727,44,3351.237636950612,1670.5074635477738
0,1370,0,Invasive_Tumor,0.6756756756756757,74,3468.7500973314045,1585.0271965330467
0,1371,0,Invasive_Tumor,0.847457627118644,59,3351.237636950612,1585.0271965330467
0,1372,0,Invasive_Tumor,0.3,60,3703.7750180929897,1499.5469295183198
0,1373,0,Invasive_Tumor,0.8028169014084507,71,3586.262557712197,1499.5469295183198
0,1374,0,Invasive_Tumor,0.7380952380952381,84,3703.7750180929897,1414.0666625035926
0,1375,0,Invasive_Tumor,0.8,70,3586.262557712197,1414.0666625035926
0,1376,0,Invasive_Tumor,0.7540983606557377,61,3468.7500973314045,1499.5469295183198
0,1377,0,Invasive_Tumor,0.8354430379746836,79,3351.237636950612,1499.5469295183198
0,1378,0,Invasive_Tumor,0.855072463768116,69,3468.7500973314045,1414.0666625035926
0,1379,0,Invasive_Tumor,0.7012987012987013,77,3351.237636950612,1414.0666625035926
0,1380,0,Invasive_Tumor,0.3137254901960784,51,3233.7251765698193,1670.5074635477738
0,1381,0,Invasive_Tumor,0.35064935064935066,77,3116.2127161890267,1670.5074635477738
0,1382,0,Invasive_Tumor,0.7261904761904762,84,3233.7251765698193,1585.0271965330467
0,1383,0,Invasive_Tumor,0.4745762711864407,59,3116.2127161890267,1585.0271965330467
0,1384,0,Invasive_Tumor,0.673469387755102,196,2939.9440256178377,1627.7673300404103
0,1385,0,Invasive_Tumor,0.6923076923076923,65,3233.7251765698193,1499.5469295183198
0,1387,0,Invasive_Tumor,0.8208955223880597,67,3233.7251765698193,1414.0666625035926
0,1388,0,Invasive_Tumor,0.828125,64,3116.2127161890267,1414.0666625035926
0,1389,0,Invasive_Tumor,0.6585365853658537,82,2998.700255808234,1499.5469295183198
0,1390,0,Invasive_Tumor,0.765625,64,2881.1877954274414,1499.5469295183198
0,1391,0,Invasive_Tumor,0.6825396825396826,63,2998.700255808234,1414.0666625035926
0,1392,0,Invasive_Tumor,0.5333333333333333,45,2881.1877954274414,1414.0666625035926
0,1393,0,Stromal,0.2727272727272727,176,2704.9191048562525,1969.6883980993184
0,1395,0,Invasive_Tumor,0.2215909090909091,176,2704.9191048562525,1798.7278640698642
0,1396,0,Invasive_Tumor,0.30256410256410254,195,2469.8941840946673,1798.7278640698642
0,1397,0,Invasive_Tumor,0.45595854922279794,193,2234.869263333082,1969.6883980993184
0,1398,0,Invasive_Tumor,0.7093023255813954,172,1999.8443425714968,1969.6883980993184
0,1399,1,Macrophages_1,0.45,40,2293.6254935234783,1841.4679975772278
0,1400,0,Invasive_Tumor,0.3333333333333333,63,2176.1130331426857,1841.4679975772278
0,1401,0,Invasive_Tumor,0.813953488372093,43,2293.6254935234783,1755.9877305625007
0,1402,0,Invasive_Tumor,0.8857142857142857,70,2176.1130331426857,1755.9877305625007
0,1404,3,Invasive_Tumor,1.0,60,1941.0881123811005,1841.4679975772278
0,1405,0,Invasive_Tumor,0.7611940298507462,67,2058.600572761893,1755.9877305625007
0,1406,0,Invasive_Tumor,0.7962962962962963,54,1941.0881123811005,1755.9877305625007
0,1407,0,Invasive_Tumor,0.5401069518716578,187,2704.9191048562525,1627.7673300404103
0,1408,0,Invasive_Tumor,0.36363636363636365,44,2528.6504142850636,1670.5074635477738
0,1409,0,Invasive_Tumor,0.8813559322033898,59,2411.137953904271,1670.5074635477738
0,1410,0,Invasive_Tumor,0.45161290322580644,62,2528.6504142850636,1585.0271965330467
0,1411,0,Invasive_Tumor,0.8987341772151899,79,2411.137953904271,1585.0271965330467
0,1412,0,Invasive_Tumor,0.6730769230769231,52,2763.675335046649,1499.5469295183198
0,1413,0,Invasive_Tumor,0.5970149253731343,67,2646.162874665856,1499.5469295183198
0,1414,0,Invasive_Tumor,0.55,60,2763.675335046649,1414.0666625035926
0,1416,0,Invasive_Tumor,0.625,72,2528.6504142850636,1499.5469295183198
0,1417,0,Invasive_Tumor,0.6060606060606061,66,2411.137953904271,1499.5469295183198
0,1418,0,Invasive_Tumor,0.5932203389830508,59,2528.6504142850636,1414.0666625035926
0,1419,0,Invasive_Tumor,0.6338028169014085,71,2411.137953904271,1414.0666625035926
0,1420,3,Invasive_Tumor,0.9420289855072463,69,2293.6254935234783,1670.5074635477738
0,1421,0,Invasive_Tumor,0.7090909090909091,55,2176.1130331426857,1670.5074635477738
0,1422,0,Invasive_Tumor,0.5833333333333334,60,2293.6254935234783,1585.0271965330467
0,1423,0,Invasive_Tumor,0.5,40,2176.1130331426857,1585.0271965330467
0,1424,0,Stromal,0.3488372093023256,43,2058.600572761893,1670.5074635477738
0,1425,0,Invasive_Tumor,0.5961538461538461,52,1941.0881123811005,1670.5074635477738
0,1426,0,Macrophages_1,0.22413793103448276,58,2058.600572761893,1585.0271965330467
0,1427,0,Invasive_Tumor,0.47058823529411764,68,1941.0881123811005,1585.0271965330467
0,1428,0,Invasive_Tumor,0.5212765957446809,188,2234.869263333082,1456.806796010956
0,1429,0,Invasive_Tumor,0.3958333333333333,48,2058.600572761893,1499.5469295183198
0,1430,0,Invasive_Tumor,0.7419354838709677,62,1941.0881123811005,1499.5469295183198
0,1431,0,Invasive_Tumor,0.7384615384615385,65,2058.600572761893,1414.0666625035926
0,1432,0,Invasive_Tumor,0.6551724137931034,58,1941.0881123811005,1414.0666625035926
0,1433,2,Stromal,0.4025974025974026,77,1823.5756520003079,2696.270667724498
0,1434,1,CD4+_T_Cells,0.2980769230769231,104,1706.0631916195152,2696.270667724498
0,1435,2,Stromal,0.35135135135135137,74,1823.5756520003079,2610.7904007097704
0,1436,1,Stromal,0.3246753246753247,77,1706.0631916195152,2610.7904007097704
0,1438,2,Myoepi_ACTA2+,0.2976190476190476,84,1823.5756520003079,2525.310133695043
0,1439,1,Stromal,0.5384615384615384,39,1706.0631916195152,2525.310133695043
0,1441,1,Stromal,0.8064516129032258,31,1706.0631916195152,2439.8298666803166
0,1442,1,Stromal,0.5609756097560976,41,1588.5507312387226,2525.310133695043
0,1443,0,Invasive_Tumor,0.28125,96,1471.03827085793,2525.310133695043
0,1444,1,Stromal,0.41379310344827586,29,1588.5507312387226,2439.8298666803166
0,1445,0,Invasive_Tumor,0.6136363636363636,44,1471.03827085793,2439.8298666803166
0,1446,0,Invasive_Tumor,0.6716417910447762,67,1353.5258104771374,2696.270667724498
0,1447,0,Invasive_Tumor,0.35526315789473684,76,1236.0133500963448,2696.270667724498
0,1448,0,Invasive_Tumor,0.8571428571428571,63,1353.5258104771374,2610.7904007097704
0,1450,0,Invasive_Tumor,0.5543478260869565,92,1118.5008897155521,2696.270667724498
0,1452,0,Invasive_Tumor,0.8701298701298701,77,1118.5008897155521,2610.7904007097704
0,1453,0,Invasive_Tumor,0.6338028169014085,71,1000.9884293347595,2610.7904007097704
0,1454,0,Invasive_Tumor,0.6037735849056604,53,1353.5258104771374,2525.310133695043
0,1455,0,Invasive_Tumor,0.4126984126984127,63,1236.0133500963448,2525.310133695043
0,1456,0,Invasive_Tumor,0.6078431372549019,51,1353.5258104771374,2439.8298666803166
0,1457,0,Invasive_Tumor,0.4266666666666667,75,1236.0133500963448,2439.8298666803166
0,1458,0,Invasive_Tumor,0.6909090909090909,55,1118.5008897155521,2525.310133695043
0,1459,0,Invasive_Tumor,0.5522388059701493,67,1000.9884293347595,2525.310133695043
0,1460,0,Invasive_Tumor,0.8285714285714286,70,1118.5008897155521,2439.8298666803166
0,1461,0,Invasive_Tumor,0.7272727272727273,66,1000.9884293347595,2439.8298666803166
0,1462,1,Stromal,0.8222222222222222,45,1823.5756520003079,2354.3495996655893
0,1463,0,Stromal,0.5714285714285714,49,1706.0631916195152,2354.3495996655893
0,1465,0,Invasive_Tumor,0.8181818181818182,55,1706.0631916195152,2268.869332650863
0,1466,0,Stromal,0.3684210526315789,38,1588.5507312387226,2354.3495996655893
0,1467,0,Invasive_Tumor,0.6,60,1471.03827085793,2354.3495996655893
0,1468,0,Invasive_Tumor,0.703125,64,1588.5507312387226,2268.869332650863
0,1469,0,Invasive_Tumor,0.5957446808510638,47,1471.03827085793,2268.869332650863
0,1470,0,Invasive_Tumor,0.7846153846153846,65,1823.5756520003079,2183.3890656361355
0,1472,0,Invasive_Tumor,0.6774193548387096,62,1823.5756520003079,2097.908798621409
0,1473,0,Invasive_Tumor,0.640625,64,1706.0631916195152,2097.908798621409
0,1475,0,Invasive_Tumor,0.43478260869565216,46,1471.03827085793,2183.3890656361355
0,1476,0,Invasive_Tumor,0.2875,80,1588.5507312387226,2097.908798621409
0,1477,0,Invasive_Tumor,0.6896551724137931,58,1471.03827085793,2097.908798621409
0,1478,0,Invasive_Tumor,0.6363636363636364,66,1353.5258104771374,2354.3495996655893
0,1479,0,Invasive_Tumor,0.5901639344262295,61,1236.0133500963448,2354.3495996655893
0,1480,0,Invasive_Tumor,0.6346153846153846,52,1353.5258104771374,2268.869332650863
0,1481,0,Invasive_Tumor,0.4642857142857143,56,1236.0133500963448,2268.869332650863
0,1482,0,Invasive_Tumor,0.6166666666666667,60,1118.5008897155521,2354.3495996655893
0,1483,0,Invasive_Tumor,0.546875,64,1000.9884293347595,2354.3495996655893
0,1484,0,Invasive_Tumor,0.6440677966101694,59,1118.5008897155521,2268.869332650863
0,1485,0,Invasive_Tumor,0.2222222222222222,90,1000.9884293347595,2268.869332650863
0,1487,0,Invasive_Tumor,0.6923076923076923,52,1236.0133500963448,2183.3890656361355
0,1488,0,Invasive_Tumor,0.4807692307692308,52,1353.5258104771374,2097.908798621409
0,1489,0,Invasive_Tumor,0.8095238095238095,63,1236.0133500963448,2097.908798621409
0,1490,0,Invasive_Tumor,0.8169014084507042,71,1118.5008897155521,2183.3890656361355
0,1491,0,Invasive_Tumor,0.7142857142857143,70,1000.9884293347595,2183.3890656361355
0,1493,0,Invasive_Tumor,0.8507462686567164,67,1000.9884293347595,2097.908798621409
0,1494,0,Invasive_Tumor,0.7317073170731707,82,883.475968953967,2696.270667724498
0,1495,0,Invasive_Tumor,0.5714285714285714,63,765.9635085731744,2696.270667724498
0,1496,0,Invasive_Tumor,0.7123287671232876,73,883.475968953967,2610.7904007097704
0,1497,0,Invasive_Tumor,0.7910447761194029,67,765.9635085731744,2610.7904007097704
0,1498,0,Stromal,0.35714285714285715,56,648.4510481923818,2696.270667724498
0,1499,0,Invasive_Tumor,0.36538461538461536,52,530.9385878115892,2696.270667724498
0,1500,0,Invasive_Tumor,0.5409836065573771,61,648.4510481923818,2610.7904007097704
0,1501,0,Invasive_Tumor,0.48717948717948717,39,530.9385878115892,2610.7904007097704
0,1502,0,Invasive_Tumor,0.7017543859649122,57,883.475968953967,2525.310133695043
0,1503,0,Invasive_Tumor,0.6530612244897959,49,765.9635085731744,2525.310133695043
0,1504,0,Invasive_Tumor,0.3684210526315789,57,883.475968953967,2439.8298666803166
0,1505,0,Invasive_Tumor,0.7941176470588235,68,765.9635085731744,2439.8298666803166
0,1506,0,Invasive_Tumor,0.7368421052631579,76,648.4510481923818,2525.310133695043
0,1507,0,Invasive_Tumor,0.6029411764705882,68,530.9385878115892,2525.310133695043
0,1508,0,Invasive_Tumor,0.375,72,648.4510481923818,2439.8298666803166
0,1510,0,Invasive_Tumor,0.24193548387096775,62,413.4261274307966,2696.270667724498
0,1511,0,CD4+_T_Cells,0.23853211009174313,109,295.913667050004,2696.270667724498
0,1512,0,Macrophages_1,0.32,75,413.4261274307966,2610.7904007097704
0,1513,0,Invasive_Tumor,0.3181818181818182,88,295.913667050004,2610.7904007097704
0,1514,1,CD4+_T_Cells,0.3,120,178.40120666921138,2696.270667724498
0,1515,1,CD4+_T_Cells,0.23529411764705882,102,60.888746288418766,2696.270667724498
0,1517,2,CD4+_T_Cells,0.21782178217821782,101,60.888746288418766,2610.7904007097704
0,1518,0,Invasive_Tumor,0.5833333333333334,72,413.4261274307966,2525.310133695043
0,1519,2,DCIS_2,0.5735294117647058,68,295.913667050004,2525.310133695043
0,1522,3,DCIS_2,0.8933333333333333,75,178.40120666921138,2525.310133695043
0,1523,2,Stromal,0.375,72,60.888746288418766,2525.310133695043
0,1524,2,Myoepi_ACTA2+,0.32954545454545453,88,178.40120666921138,2439.8298666803166
0,1525,2,DCIS_2,0.2976190476190476,84,60.888746288418766,2439.8298666803166
0,1526,0,Stromal,0.23,100,883.475968953967,2354.3495996655893
0,1527,0,Invasive_Tumor,0.6833333333333333,60,765.9635085731744,2354.3495996655893
0,1528,0,Invasive_Tumor,0.5606060606060606,66,883.475968953967,2268.869332650863
0,1529,0,Invasive_Tumor,0.8382352941176471,68,765.9635085731744,2268.869332650863
0,1530,0,Invasive_Tumor,0.5606060606060606,66,648.4510481923818,2354.3495996655893
0,1531,0,Invasive_Tumor,0.8311688311688312,77,530.9385878115892,2354.3495996655893
0,1532,0,Invasive_Tumor,0.43283582089552236,67,648.4510481923818,2268.869332650863
0,1533,0,Invasive_Tumor,0.8055555555555556,72,530.9385878115892,2268.869332650863
0,1535,0,Invasive_Tumor,0.6615384615384615,65,765.9635085731744,2183.3890656361355
0,1536,0,Invasive_Tumor,0.47761194029850745,67,883.475968953967,2097.908798621409
0,1537,0,Invasive_Tumor,0.8615384615384616,65,765.9635085731744,2097.908798621409
0,1538,0,Invasive_Tumor,0.3707865168539326,89,648.4510481923818,2183.3890656361355
0,1539,0,Invasive_Tumor,0.5256410256410257,78,530.9385878115892,2183.3890656361355
0,1540,0,Invasive_Tumor,0.859375,64,648.4510481923818,2097.908798621409
0,1541,0,Invasive_Tumor,0.38461538461538464,78,530.9385878115892,2097.908798621409
0,1542,0,CD4+_T_Cells,0.2222222222222222,108,413.4261274307966,2354.3495996655893
0,1544,0,Invasive_Tumor,0.3333333333333333,93,413.4261274307966,2268.869332650863
0,1545,1,Macrophages_1,0.27358490566037735,106,295.913667050004,2268.869332650863
0,1546,2,Myoepi_ACTA2+,0.4270833333333333,96,178.40120666921138,2354.3495996655893
0,1547,2,DCIS_2,0.23958333333333334,96,60.888746288418766,2354.3495996655893
0,1548,2,Myoepi_ACTA2+,0.38028169014084506,71,178.40120666921138,2268.869332650863
0,1549,2,Myoepi_ACTA2+,0.21568627450980393,102,60.888746288418766,2268.869332650863
0,1550,0,Invasive_Tumor,0.40963855421686746,83,413.4261274307966,2183.3890656361355
0,1551,0,Invasive_Tumor,0.21238938053097345,113,295.913667050004,2183.3890656361355
0,1552,0,Invasive_Tumor,0.21,100,413.4261274307966,2097.908798621409
0,1553,0,Invasive_Tumor,0.4186046511627907,86,295.913667050004,2097.908798621409
0,1554,2,Stromal,0.26506024096385544,83,178.40120666921138,2183.3890656361355
0,1556,0,Invasive_Tumor,0.2857142857142857,63,178.40120666921138,2097.908798621409
0,1558,0,Invasive_Tumor,0.7971014492753623,69,1823.5756520003079,2012.4285316066819
0,1559,0,Invasive_Tumor,0.7735849056603774,53,1706.0631916195152,2012.4285316066819
0,1560,1,Invasive_Tumor,0.475,40,1823.5756520003079,1926.9482645919547
0,1561,0,Invasive_Tumor,0.7692307692307693,65,1706.0631916195152,1926.9482645919547
0,1562,0,Invasive_Tumor,0.75,60,1588.5507312387226,2012.4285316066819
0,1563,0,Invasive_Tumor,0.7543859649122807,57,1471.03827085793,2012.4285316066819
0,1564,0,Invasive_Tumor,0.7627118644067796,59,1588.5507312387226,1926.9482645919547
0,1565,0,Invasive_Tumor,0.746031746031746,63,1471.03827085793,1926.9482645919547
0,1567,0,Invasive_Tumor,0.78125,64,1706.0631916195152,1841.4679975772278
0,1569,0,Invasive_Tumor,0.5909090909090909,44,1706.0631916195152,1755.9877305625007
0,1570,0,Invasive_Tumor,0.7384615384615385,65,1588.5507312387226,1841.4679975772278
0,1571,0,Invasive_Tumor,0.75,52,1471.03827085793,1841.4679975772278
0,1573,0,Invasive_Tumor,0.7169811320754716,53,1471.03827085793,1755.9877305625007
0,1574,0,Invasive_Tumor,0.5,62,1353.5258104771374,2012.4285316066819
0,1575,0,Invasive_Tumor,0.6507936507936508,63,1236.0133500963448,2012.4285316066819
0,1576,0,Invasive_Tumor,0.5094339622641509,53,1353.5258104771374,1926.9482645919547
0,1577,0,Invasive_Tumor,0.8421052631578947,57,1236.0133500963448,1926.9482645919547
0,1578,0,Invasive_Tumor,0.5645161290322581,62,1118.5008897155521,2012.4285316066819
0,1579,0,Invasive_Tumor,0.819672131147541,61,1000.9884293347595,2012.4285316066819
0,1580,0,Invasive_Tumor,0.7758620689655172,58,1118.5008897155521,1926.9482645919547
0,1581,0,Invasive_Tumor,0.746031746031746,63,1000.9884293347595,1926.9482645919547
0,1582,0,Invasive_Tumor,0.8793103448275862,58,1353.5258104771374,1841.4679975772278
0,1583,0,Invasive_Tumor,0.62,50,1236.0133500963448,1841.4679975772278
0,1584,0,Invasive_Tumor,0.6470588235294118,68,1353.5258104771374,1755.9877305625007
0,1586,0,Invasive_Tumor,0.7878787878787878,66,1118.5008897155521,1841.4679975772278
0,1587,0,Invasive_Tumor,0.6623376623376623,77,1000.9884293347595,1841.4679975772278
0,1589,0,Invasive_Tumor,0.7875,80,1000.9884293347595,1755.9877305625007
0,1590,0,Invasive_Tumor,0.48,50,1823.5756520003079,1670.5074635477738
0,1592,0,Invasive_Tumor,0.8181818181818182,66,1823.5756520003079,1585.0271965330467
0,1593,0,Invasive_Tumor,0.7213114754098361,61,1706.0631916195152,1585.0271965330467
0,1594,0,Invasive_Tumor,0.46987951807228917,83,1588.5507312387226,1670.5074635477738
0,1595,0,Invasive_Tumor,0.9285714285714286,84,1471.03827085793,1670.5074635477738
0,1596,0,Invasive_Tumor,0.54,50,1588.5507312387226,1585.0271965330467
0,1598,0,Invasive_Tumor,0.7884615384615384,52,1823.5756520003079,1499.5469295183198
0,1599,0,Invasive_Tumor,0.3230769230769231,65,1706.0631916195152,1499.5469295183198
0,1600,0,Invasive_Tumor,0.6296296296296297,54,1823.5756520003079,1414.0666625035926
0,1601,0,Invasive_Tumor,0.7090909090909091,55,1706.0631916195152,1414.0666625035926
0,1602,0,Invasive_Tumor,0.6842105263157895,57,1588.5507312387226,1499.5469295183198
0,1603,0,Invasive_Tumor,0.5230769230769231,65,1471.03827085793,1499.5469295183198
0,1604,0,Stromal,0.39215686274509803,51,1588.5507312387226,1414.0666625035926
0,1605,0,Invasive_Tumor,0.7096774193548387,62,1471.03827085793,1414.0666625035926
0,1606,0,Invasive_Tumor,0.4,75,1353.5258104771374,1670.5074635477738
0,1607,0,Invasive_Tumor,0.75,68,1236.0133500963448,1670.5074635477738
0,1608,0,Invasive_Tumor,0.5454545454545454,77,1353.5258104771374,1585.0271965330467
0,1609,0,Invasive_Tumor,0.6129032258064516,62,1236.0133500963448,1585.0271965330467
0,1610,0,Invasive_Tumor,0.5324675324675324,77,1118.5008897155521,1670.5074635477738
0,1611,0,Invasive_Tumor,0.62,50,1000.9884293347595,1670.5074635477738
0,1612,0,Invasive_Tumor,0.6206896551724138,58,1118.5008897155521,1585.0271965330467
0,1613,0,Invasive_Tumor,0.31868131868131866,91,1000.9884293347595,1585.0271965330467
0,1614,0,Invasive_Tumor,0.618421052631579,76,1353.5258104771374,1499.5469295183198
0,1615,0,Invasive_Tumor,0.7777777777777778,45,1236.0133500963448,1499.5469295183198
0,1616,0,Invasive_Tumor,0.3559322033898305,59,1353.5258104771374,1414.0666625035926
0,1617,0,Invasive_Tumor,0.6935483870967742,62,1236.0133500963448,1414.0666625035926
0,1619,0,Invasive_Tumor,0.717948717948718,78,1000.9884293347595,1499.5469295183198
0,1620,0,Invasive_Tumor,0.6724137931034483,58,1118.5008897155521,1414.0666625035926
0,1621,0,Invasive_Tumor,0.6521739130434783,69,1000.9884293347595,1414.0666625035926
0,1622,0,Invasive_Tumor,0.6666666666666666,54,883.475968953967,2012.4285316066819
0,1623,0,Invasive_Tumor,0.7575757575757576,66,765.9635085731744,2012.4285316066819
0,1624,0,Invasive_Tumor,0.7049180327868853,61,883.475968953967,1926.9482645919547
0,1625,0,Invasive_Tumor,0.8870967741935484,62,765.9635085731744,1926.9482645919547
0,1626,0,Invasive_Tumor,0.6557377049180327,61,648.4510481923818,2012.4285316066819
0,1627,0,Invasive_Tumor,0.7878787878787878,66,530.9385878115892,2012.4285316066819
0,1629,0,Invasive_Tumor,0.696969696969697,66,530.9385878115892,1926.9482645919547
0,1630,0,Invasive_Tumor,0.7547169811320755,53,883.475968953967,1841.4679975772278
0,1631,0,Invasive_Tumor,0.6338028169014085,71,765.9635085731744,1841.4679975772278
0,1632,0,Invasive_Tumor,0.7391304347826086,69,883.475968953967,1755.9877305625007
0,1633,0,Invasive_Tumor,0.78125,64,765.9635085731744,1755.9877305625007
0,1634,0,Invasive_Tumor,0.6493506493506493,77,648.4510481923818,1841.4679975772278
0,1635,0,Invasive_Tumor,0.3492063492063492,63,530.9385878115892,1841.4679975772278
0,1636,0,Invasive_Tumor,0.3333333333333333,54,648.4510481923818,1755.9877305625007
0,1637,1,Macrophages_1,0.26666666666666666,60,530.9385878115892,1755.9877305625007
0,1638,0,CD4+_T_Cells,0.2543859649122807,114,413.4261274307966,2012.4285316066819
0,1639,0,CD4+_T_Cells,0.25,52,295.913667050004,2012.4285316066819
0,1640,0,CD4+_T_Cells,0.2871287128712871,101,413.4261274307966,1926.9482645919547
0,1641,0,CD4+_T_Cells,0.34513274336283184,113,295.913667050004,1926.9482645919547
0,1642,0,Invasive_Tumor,0.3181818181818182,66,178.40120666921138,2012.4285316066819
0,1643,2,Myoepi_ACTA2+,0.2222222222222222,81,60.888746288418766,2012.4285316066819
0,1644,1,CD4+_T_Cells,0.32978723404255317,94,178.40120666921138,1926.9482645919547
0,1645,2,Stromal,0.2028985507246377,69,60.888746288418766,1926.9482645919547
0,1646,0,Invasive_Tumor,0.2894736842105263,76,413.4261274307966,1841.4679975772278
0,1647,0,CD4+_T_Cells,0.32075471698113206,106,295.913667050004,1841.4679975772278
0,1648,0,Endothelial,0.2459016393442623,61,413.4261274307966,1755.9877305625007
0,1649,1,Macrophages_1,0.2916666666666667,96,295.913667050004,1755.9877305625007
0,1650,2,Myoepi_ACTA2+,0.19672131147540983,61,178.40120666921138,1841.4679975772278
0,1651,3,DCIS_2,0.7321428571428571,56,60.888746288418766,1841.4679975772278
0,1652,2,DCIS_2,0.3508771929824561,57,178.40120666921138,1755.9877305625007
0,1653,3,DCIS_2,0.9,60,60.888746288418766,1755.9877305625007
0,1654,0,Stromal,0.30120481927710846,166,824.7197387635707,1627.7673300404103
0,1655,0,Invasive_Tumor,0.3768844221105528,199,589.6948180019855,1627.7673300404103
0,1656,0,Invasive_Tumor,0.2,75,883.475968953967,1499.5469295183198
0,1657,1,CD4+_T_Cells,0.3088235294117647,68,765.9635085731744,1499.5469295183198
0,1659,1,CD4+_T_Cells,0.410958904109589,73,765.9635085731744,1414.0666625035926
0,1660,0,Invasive_Tumor,0.4246575342465753,73,648.4510481923818,1499.5469295183198
0,1661,0,Invasive_Tumor,0.7126436781609196,87,530.9385878115892,1499.5469295183198
0,1662,0,Invasive_Tumor,0.4444444444444444,63,648.4510481923818,1414.0666625035926
0,1663,0,Invasive_Tumor,0.4166666666666667,72,530.9385878115892,1414.0666625035926
0,1664,0,Invasive_Tumor,0.6268656716417911,67,413.4261274307966,1670.5074635477738
0,1665,2,Stromal,0.24390243902439024,82,295.913667050004,1670.5074635477738
0,1666,0,Invasive_Tumor,0.7466666666666667,75,413.4261274307966,1585.0271965330467
0,1667,2,Stromal,0.30158730158730157,63,295.913667050004,1585.0271965330467
0,1668,2,Myoepi_ACTA2+,0.34782608695652173,69,178.40120666921138,1670.5074635477738
0,1669,3,DCIS_2,0.8701298701298701,77,60.888746288418766,1670.5074635477738
0,1670,2,Myoepi_ACTA2+,0.4050632911392405,79,178.40120666921138,1585.0271965330467
0,1671,2,Myoepi_ACTA2+,0.5529411764705883,85,60.888746288418766,1585.0271965330467
0,1672,0,Invasive_Tumor,0.3333333333333333,60,413.4261274307966,1499.5469295183198
0,1674,0,Invasive_Tumor,0.49230769230769234,65,413.4261274307966,1414.0666625035926
0,1675,0,Stromal,0.29545454545454547,44,295.913667050004,1414.0666625035926
0,1676,2,DCIS_2,0.47540983606557374,61,178.40120666921138,1499.5469295183198
0,1678,2,Myoepi_ACTA2+,0.5849056603773585,53,178.40120666921138,1414.0666625035926
0,1679,2,Myoepi_ACTA2+,0.34,50,60.888746288418766,1414.0666625035926
0,1680,0,Invasive_Tumor,0.7878787878787878,66,3703.7750180929897,1328.5863954888657
0,1681,0,Invasive_Tumor,0.65,80,3586.262557712197,1328.5863954888657
0,1682,0,Invasive_Tumor,0.6323529411764706,68,3703.7750180929897,1243.1061284741386
0,1683,0,Invasive_Tumor,0.8266666666666667,75,3586.262557712197,1243.1061284741386
0,1684,0,Invasive_Tumor,0.821917808219178,73,3468.7500973314045,1328.5863954888657
0,1686,0,Invasive_Tumor,0.8805970149253731,67,3468.7500973314045,1243.1061284741386
0,1688,0,Invasive_Tumor,0.76,50,3703.7750180929897,1157.6258614594117
0,1689,0,Invasive_Tumor,0.7976190476190477,84,3586.262557712197,1157.6258614594117
0,1690,1,Invasive_Tumor,0.2962962962962963,27,3703.7750180929897,1072.1455944446845
0,1692,0,Invasive_Tumor,0.8360655737704918,61,3468.7500973314045,1157.6258614594117
0,1693,0,Invasive_Tumor,0.5616438356164384,73,3351.237636950612,1157.6258614594117
0,1694,0,Invasive_Tumor,0.578125,64,3468.7500973314045,1072.1455944446845
0,1695,0,Invasive_Tumor,0.44,50,3351.237636950612,1072.1455944446845
0,1696,0,Invasive_Tumor,0.8412698412698413,63,3233.7251765698193,1328.5863954888657
0,1697,0,Invasive_Tumor,0.7746478873239436,71,3116.2127161890267,1328.5863954888657
0,1699,0,Invasive_Tumor,0.7971014492753623,69,3116.2127161890267,1243.1061284741386
0,1700,0,Invasive_Tumor,0.576271186440678,59,2998.700255808234,1328.5863954888657
0,1701,0,Invasive_Tumor,0.375,40,2881.1877954274414,1328.5863954888657
0,1702,0,Invasive_Tumor,0.8769230769230769,65,2998.700255808234,1243.1061284741386
0,1703,0,Invasive_Tumor,0.7837837837837838,74,2881.1877954274414,1243.1061284741386
0,1704,0,Invasive_Tumor,0.8840579710144928,69,3233.7251765698193,1157.6258614594117
0,1705,0,Invasive_Tumor,0.927710843373494,83,3116.2127161890267,1157.6258614594117
0,1706,0,Invasive_Tumor,0.84,75,3233.7251765698193,1072.1455944446845
0,1707,0,Invasive_Tumor,0.8734177215189873,79,3116.2127161890267,1072.1455944446845
0,1708,0,Invasive_Tumor,0.8421052631578947,57,2998.700255808234,1157.6258614594117
0,1709,0,Invasive_Tumor,0.9137931034482759,58,2881.1877954274414,1157.6258614594117
0,1710,0,Invasive_Tumor,0.8070175438596491,57,2998.700255808234,1072.1455944446845
0,1711,0,Invasive_Tumor,0.8205128205128205,78,2881.1877954274414,1072.1455944446845
0,1712,0,Invasive_Tumor,0.569620253164557,158,3645.0187879025934,943.9251939225942
0,1713,0,Invasive_Tumor,0.66,150,3409.993867141008,943.9251939225942
0,1714,1,Stromal,0.39215686274509803,51,3645.0187879025934,772.9646598931402
0,1715,1,Stromal,0.5333333333333333,60,3409.993867141008,772.9646598931402
0,1716,0,Invasive_Tumor,0.639344262295082,61,3233.7251765698193,986.6653274299576
0,1717,0,Invasive_Tumor,0.8607594936708861,79,3116.2127161890267,986.6653274299576
0,1718,0,Invasive_Tumor,0.7346938775510204,49,3233.7251765698193,901.1850604152307
0,1719,0,Invasive_Tumor,0.6964285714285714,56,3116.2127161890267,901.1850604152307
0,1720,0,Invasive_Tumor,0.8767123287671232,73,2998.700255808234,986.6653274299576
0,1721,0,Invasive_Tumor,0.6808510638297872,47,2881.1877954274414,986.6653274299576
0,1722,0,Invasive_Tumor,0.7115384615384616,52,2998.700255808234,901.1850604152307
0,1723,0,Invasive_Tumor,0.375,48,2881.1877954274414,901.1850604152307
0,1724,0,Stromal,0.5079365079365079,63,3174.968946379423,772.9646598931402
0,1725,0,Invasive_Tumor,0.5294117647058824,51,2998.700255808234,815.7047934005036
0,1726,0,Invasive_Tumor,0.9649122807017544,57,2881.1877954274414,815.7047934005036
0,1727,0,Invasive_Tumor,0.8421052631578947,38,2998.700255808234,730.2245263857767
0,1728,0,Invasive_Tumor,0.8805970149253731,67,2881.1877954274414,730.2245263857767
0,1729,0,Invasive_Tumor,0.7936507936507936,63,2763.675335046649,1328.5863954888657
0,1730,0,Invasive_Tumor,0.6923076923076923,52,2646.162874665856,1328.5863954888657
0,1731,0,Invasive_Tumor,0.8260869565217391,69,2763.675335046649,1243.1061284741386
0,1732,0,Invasive_Tumor,0.8125,48,2646.162874665856,1243.1061284741386
0,1733,0,Invasive_Tumor,0.7936507936507936,63,2528.6504142850636,1328.5863954888657
0,1734,0,Invasive_Tumor,0.5882352941176471,51,2411.137953904271,1328.5863954888657
0,1735,0,Invasive_Tumor,0.8095238095238095,63,2528.6504142850636,1243.1061284741386
0,1736,0,Invasive_Tumor,0.6,60,2411.137953904271,1243.1061284741386
0,1737,0,Invasive_Tumor,0.8529411764705882,68,2763.675335046649,1157.6258614594117
0,1738,0,Invasive_Tumor,0.6730769230769231,52,2646.162874665856,1157.6258614594117
0,1739,0,Invasive_Tumor,0.8166666666666667,60,2763.675335046649,1072.1455944446845
0,1740,0,Invasive_Tumor,0.8611111111111112,72,2646.162874665856,1072.1455944446845
0,1741,0,Invasive_Tumor,0.5,46,2528.6504142850636,1157.6258614594117
0,1742,0,Invasive_Tumor,0.6825396825396826,63,2411.137953904271,1157.6258614594117
0,1743,0,Invasive_Tumor,0.6666666666666666,54,2528.6504142850636,1072.1455944446845
0,1744,0,Invasive_Tumor,0.8448275862068966,58,2411.137953904271,1072.1455944446845
0,1745,0,Invasive_Tumor,0.7833333333333333,60,2293.6254935234783,1328.5863954888657
0,1746,0,Invasive_Tumor,0.7755102040816326,49,2176.1130331426857,1328.5863954888657
0,1747,0,Invasive_Tumor,0.6833333333333333,60,2293.6254935234783,1243.1061284741386
0,1748,0,Invasive_Tumor,0.72,50,2176.1130331426857,1243.1061284741386
0,1749,0,Invasive_Tumor,0.7058823529411765,68,2058.600572761893,1328.5863954888657
0,1750,0,Invasive_Tumor,0.9104477611940298,67,1941.0881123811005,1328.5863954888657
0,1751,0,Invasive_Tumor,0.6140350877192983,57,2058.600572761893,1243.1061284741386
0,1752,0,Invasive_Tumor,0.75,64,1941.0881123811005,1243.1061284741386
0,1753,0,Invasive_Tumor,0.65625,64,2293.6254935234783,1157.6258614594117
0,1755,0,Invasive_Tumor,0.576271186440678,59,2293.6254935234783,1072.1455944446845
0,1756,0,Invasive_Tumor,0.8421052631578947,57,2176.1130331426857,1072.1455944446845
0,1757,0,Invasive_Tumor,0.8596491228070176,57,2058.600572761893,1157.6258614594117
0,1758,0,Invasive_Tumor,0.6268656716417911,67,1941.0881123811005,1157.6258614594117
0,1759,0,Invasive_Tumor,0.803921568627451,51,2058.600572761893,1072.1455944446845
0,1761,0,Invasive_Tumor,0.8387096774193549,62,2763.675335046649,986.6653274299576
0,1762,0,Invasive_Tumor,0.5576923076923077,52,2646.162874665856,986.6653274299576
0,1763,0,Invasive_Tumor,0.7903225806451613,62,2763.675335046649,901.1850604152307
0,1764,0,Invasive_Tumor,0.7,50,2646.162874665856,901.1850604152307
0,1765,0,Invasive_Tumor,0.8653846153846154,52,2528.6504142850636,986.6653274299576
0,1766,0,Invasive_Tumor,0.88,75,2411.137953904271,986.6653274299576
0,1767,0,Invasive_Tumor,0.7272727272727273,55,2528.6504142850636,901.1850604152307
0,1768,0,Invasive_Tumor,0.7166666666666667,60,2411.137953904271,901.1850604152307
0,1769,0,Invasive_Tumor,0.6666666666666666,48,2763.675335046649,815.7047934005036
0,1770,0,Invasive_Tumor,0.8518518518518519,54,2646.162874665856,815.7047934005036
0,1771,0,Invasive_Tumor,0.38,50,2763.675335046649,730.2245263857767
0,1772,0,Invasive_Tumor,0.5238095238095238,63,2646.162874665856,730.2245263857767
0,1773,0,Invasive_Tumor,0.7931034482758621,58,2528.6504142850636,815.7047934005036
0,1774,0,Invasive_Tumor,0.6896551724137931,58,2411.137953904271,815.7047934005036
0,1775,0,Invasive_Tumor,0.7090909090909091,55,2528.6504142850636,730.2245263857767
0,1776,0,Invasive_Tumor,0.6888888888888889,45,2411.137953904271,730.2245263857767
0,1777,0,Invasive_Tumor,0.6964285714285714,56,2293.6254935234783,986.6653274299576
0,1778,0,Stromal,0.40540540540540543,37,2176.1130331426857,986.6653274299576
0,1779,0,Invasive_Tumor,0.7692307692307693,52,2293.6254935234783,901.1850604152307
0,1780,0,Invasive_Tumor,0.8169014084507042,71,2176.1130331426857,901.1850604152307
0,1781,0,Invasive_Tumor,0.6751269035532995,197,1999.8443425714968,943.9251939225942
0,1782,0,Invasive_Tumor,0.5555555555555556,45,2293.6254935234783,815.7047934005036
0,1783,0,Invasive_Tumor,0.7407407407407407,54,2176.1130331426857,815.7047934005036
0,1785,0,Invasive_Tumor,0.6842105263157895,57,2176.1130331426857,730.2245263857767
0,1786,0,Invasive_Tumor,0.7619047619047619,63,2058.600572761893,815.7047934005036
0,1787,0,Invasive_Tumor,0.7254901960784313,51,1941.0881123811005,815.7047934005036
0,1789,0,Invasive_Tumor,0.875,56,1941.0881123811005,730.2245263857767
0,1790,0,Invasive_Tumor,0.7294117647058823,170,2939.9440256178377,602.0041258636862
0,1791,0,Invasive_Tumor,0.3979591836734694,98,2939.9440256178377,431.0435918342322
0,1792,0,Invasive_Tumor,0.7010309278350515,194,2704.9191048562525,602.0041258636862
0,1793,0,Invasive_Tumor,0.8360655737704918,61,2528.6504142850636,644.7442593710498
0,1794,0,Invasive_Tumor,0.6190476190476191,42,2411.137953904271,644.7442593710498
0,1795,0,Invasive_Tumor,0.6811594202898551,69,2528.6504142850636,559.2639923563227
0,1796,0,Invasive_Tumor,0.782608695652174,69,2411.137953904271,559.2639923563227
0,1797,0,Invasive_Tumor,0.7017543859649122,171,2704.9191048562525,431.0435918342322
0,1798,0,Invasive_Tumor,0.76,50,2528.6504142850636,473.7837253415957
0,1800,0,Invasive_Tumor,0.717391304347826,46,2528.6504142850636,388.30345832686874
0,1802,0,Invasive_Tumor,0.85,60,2293.6254935234783,644.7442593710498
0,1803,0,Invasive_Tumor,0.8769230769230769,65,2176.1130331426857,644.7442593710498
0,1804,0,Invasive_Tumor,0.8,65,2293.6254935234783,559.2639923563227
0,1806,0,Invasive_Tumor,0.7230769230769231,65,2058.600572761893,644.7442593710498
0,1807,0,Invasive_Tumor,0.7868852459016393,61,1941.0881123811005,644.7442593710498
0,1808,0,Invasive_Tumor,0.8253968253968254,63,2058.600572761893,559.2639923563227
0,1809,0,Invasive_Tumor,0.7592592592592593,54,1941.0881123811005,559.2639923563227
0,1810,0,Invasive_Tumor,0.6271186440677966,59,2293.6254935234783,473.7837253415957
0,1811,1,Stromal,0.625,48,2176.1130331426857,473.7837253415957
0,1812,1,Stromal,0.4230769230769231,52,2293.6254935234783,388.30345832686874
0,1813,2,Myoepi_ACTA2+,0.3181818181818182,66,2176.1130331426857,388.30345832686874
0,1814,0,Invasive_Tumor,0.3402061855670103,194,1999.8443425714968,431.0435918342322
0,1815,0,Invasive_Tumor,0.7551020408163265,196,2704.9191048562525,260.0830578047782
0,1816,0,Invasive_Tumor,0.3373493975903614,166,2469.8941840946673,260.0830578047782
0,1817,3,DCIS_2,0.5,66,2293.6254935234783,302.8231913121417
0,1818,3,DCIS_2,0.8307692307692308,65,2176.1130331426857,302.8231913121417
0,1819,3,DCIS_2,0.46296296296296297,54,2293.6254935234783,217.3429242974147
0,1820,3,DCIS_2,0.29545454545454547,44,2176.1130331426857,217.3429242974147
0,1821,3,DCIS_2,0.5584415584415584,77,2058.600572761893,302.8231913121417
0,1822,0,Stromal,0.2926829268292683,41,1941.0881123811005,302.8231913121417
0,1823,3,DCIS_2,0.6292134831460674,89,2058.600572761893,217.3429242974147
0,1825,1,Invasive_Tumor,0.6891891891891891,74,2234.869263333082,89.12252377532423
0,1827,0,Invasive_Tumor,0.6296296296296297,54,1823.5756520003079,1328.5863954888657
0,1828,0,Invasive_Tumor,0.8181818181818182,55,1706.0631916195152,1328.5863954888657
0,1829,0,Invasive_Tumor,0.8461538461538461,65,1823.5756520003079,1243.1061284741386
0,1831,0,Invasive_Tumor,0.543010752688172,186,1529.7945010483263,1285.8462619815023
0,1832,0,Invasive_Tumor,0.5454545454545454,66,1823.5756520003079,1157.6258614594117
0,1833,0,Invasive_Tumor,0.8,55,1706.0631916195152,1157.6258614594117
0,1834,0,Invasive_Tumor,0.5,62,1823.5756520003079,1072.1455944446845
0,1835,0,Invasive_Tumor,0.52,50,1706.0631916195152,1072.1455944446845
0,1836,0,Invasive_Tumor,0.5,54,1588.5507312387226,1157.6258614594117
0,1837,0,Invasive_Tumor,0.8095238095238095,63,1471.03827085793,1157.6258614594117
0,1839,0,Invasive_Tumor,0.7708333333333334,48,1471.03827085793,1072.1455944446845
0,1840,0,Invasive_Tumor,0.4126984126984127,63,1353.5258104771374,1328.5863954888657
0,1841,0,Invasive_Tumor,0.5471698113207547,53,1236.0133500963448,1328.5863954888657
0,1842,0,Invasive_Tumor,0.575,40,1353.5258104771374,1243.1061284741386
0,1843,0,Invasive_Tumor,0.6031746031746031,63,1236.0133500963448,1243.1061284741386
0,1844,0,Stromal,0.25555555555555554,180,1059.7446595251558,1285.8462619815023
0,1845,0,Invasive_Tumor,0.6855670103092784,194,1294.769580286741,1114.885727952048
0,1846,0,Invasive_Tumor,0.32642487046632124,193,1059.7446595251558,1114.885727952048
0,1847,0,Invasive_Tumor,0.5082872928176796,181,1764.8194218099115,943.9251939225942
0,1848,0,Invasive_Tumor,0.5849056603773585,159,1529.7945010483263,943.9251939225942
0,1849,0,Invasive_Tumor,0.7741935483870968,62,1823.5756520003079,815.7047934005036
0,1850,0,Invasive_Tumor,0.7692307692307693,52,1706.0631916195152,815.7047934005036
0,1851,0,Invasive_Tumor,0.6481481481481481,54,1823.5756520003079,730.2245263857767
0,1852,0,Invasive_Tumor,0.8363636363636363,55,1706.0631916195152,730.2245263857767
0,1854,0,Invasive_Tumor,0.36065573770491804,183,1294.769580286741,943.9251939225942
0,1855,2,Stromal,0.28846153846153844,52,1118.5008897155521,986.6653274299576
0,1857,2,DCIS_2,0.48484848484848486,66,1118.5008897155521,901.1850604152307
0,1858,2,Stromal,0.30952380952380953,84,1000.9884293347595,901.1850604152307
0,1859,2,Invasive_Tumor,0.285,200,1294.769580286741,772.9646598931402
0,1860,3,Invasive_Tumor,0.4794520547945205,73,1118.5008897155521,815.7047934005036
0,1861,2,DCIS_2,0.4,70,1000.9884293347595,815.7047934005036
0,1862,3,Invasive_Tumor,0.581081081081081,74,1118.5008897155521,730.2245263857767
0,1863,3,DCIS_2,0.7283950617283951,81,1000.9884293347595,730.2245263857767
0,1864,1,B_Cells,0.20967741935483872,62,883.475968953967,1328.5863954888657
0,1865,2,Stromal,0.2465753424657534,73,765.9635085731744,1328.5863954888657
0,1867,3,DCIS_2,0.8,70,765.9635085731744,1243.1061284741386
0,1869,0,Invasive_Tumor,0.546875,64,530.9385878115892,1328.5863954888657
0,1870,2,DCIS_2,0.44,50,648.4510481923818,1243.1061284741386
0,1871,0,Stromal,0.24,50,530.9385878115892,1243.1061284741386
0,1872,3,DCIS_2,0.6857142857142857,70,883.475968953967,1157.6258614594117
0,1873,3,DCIS_2,0.8987341772151899,79,765.9635085731744,1157.6258614594117
0,1874,3,Invasive_Tumor,0.532258064516129,62,883.475968953967,1072.1455944446845
0,1875,3,DCIS_2,0.8020833333333334,96,765.9635085731744,1072.1455944446845
0,1876,2,DCIS_2,0.6585365853658537,82,648.4510481923818,1157.6258614594117
0,1877,1,Endothelial,0.37777777777777777,45,530.9385878115892,1157.6258614594117
0,1878,3,DCIS_2,0.676923076923077,65,648.4510481923818,1072.1455944446845
0,1879,2,DCIS_2,0.32,50,530.9385878115892,1072.1455944446845
0,1880,0,Invasive_Tumor,0.8428571428571429,70,413.4261274307966,1328.5863954888657
0,1881,0,Invasive_Tumor,0.6440677966101694,59,295.913667050004,1328.5863954888657
0,1882,0,Invasive_Tumor,0.48148148148148145,54,413.4261274307966,1243.1061284741386
0,1883,0,Invasive_Tumor,0.2830188679245283,53,295.913667050004,1243.1061284741386
0,1885,2,Myoepi_ACTA2+,0.3333333333333333,75,60.888746288418766,1328.5863954888657
0,1886,2,Stromal,0.2714285714285714,70,178.40120666921138,1243.1061284741386
0,1887,3,DCIS_2,0.803921568627451,51,60.888746288418766,1243.1061284741386
0,1888,1,Stromal,0.28205128205128205,39,413.4261274307966,1157.6258614594117
0,1889,0,Invasive_Tumor,0.1875,64,295.913667050004,1157.6258614594117
0,1890,1,CD8+_T_Cells,0.2459016393442623,61,413.4261274307966,1072.1455944446845
0,1891,1,CD4+_T_Cells,0.23076923076923078,52,295.913667050004,1072.1455944446845
0,1892,2,CD4+_T_Cells,0.26136363636363635,88,178.40120666921138,1157.6258614594117
0,1894,1,Stromal,0.26136363636363635,88,178.40120666921138,1072.1455944446845
0,1895,2,CD4+_T_Cells,0.27884615384615385,104,60.888746288418766,1072.1455944446845
0,1896,3,Invasive_Tumor,0.5074626865671642,67,883.475968953967,986.6653274299576
0,1897,3,DCIS_2,0.6122448979591837,98,765.9635085731744,986.6653274299576
0,1899,3,DCIS_2,0.7647058823529411,85,765.9635085731744,901.1850604152307
0,1900,3,DCIS_2,0.6534653465346535,101,648.4510481923818,986.6653274299576
0,1901,2,DCIS_2,0.6363636363636364,66,530.9385878115892,986.6653274299576
0,1902,3,DCIS_2,0.7592592592592593,108,648.4510481923818,901.1850604152307
0,1903,3,DCIS_2,0.797979797979798,99,530.9385878115892,901.1850604152307
0,1904,2,DCIS_2,0.35135135135135137,74,883.475968953967,815.7047934005036
0,1905,3,DCIS_2,0.5238095238095238,63,765.9635085731744,815.7047934005036
0,1906,2,DCIS_2,0.746031746031746,63,883.475968953967,730.2245263857767
0,1907,2,DCIS_2,0.39473684210526316,76,765.9635085731744,730.2245263857767
0,1908,3,DCIS_2,0.8478260869565217,92,648.4510481923818,815.7047934005036
0,1909,2,DCIS_2,0.4659090909090909,88,530.9385878115892,815.7047934005036
0,1910,2,DCIS_2,0.42391304347826086,92,648.4510481923818,730.2245263857767
0,1911,2,DCIS_2,0.3409090909090909,88,530.9385878115892,730.2245263857767
0,1912,1,CD4+_T_Cells,0.2549019607843137,51,413.4261274307966,986.6653274299576
0,1913,0,Stromal,0.21666666666666667,60,295.913667050004,986.6653274299576
0,1914,1,Stromal,0.32,50,413.4261274307966,901.1850604152307
0,1915,0,Invasive_Tumor,0.4117647058823529,68,295.913667050004,901.1850604152307
0,1916,0,Stromal,0.3137254901960784,51,178.40120666921138,986.6653274299576
0,1918,0,Invasive_Tumor,0.2978723404255319,47,178.40120666921138,901.1850604152307
0,1919,1,Stromal,0.47058823529411764,51,60.888746288418766,901.1850604152307
0,1920,2,Stromal,0.18571428571428572,70,413.4261274307966,815.7047934005036
0,1921,0,Invasive_Tumor,0.24528301886792453,106,295.913667050004,815.7047934005036
0,1922,2,DCIS_2,0.44871794871794873,78,413.4261274307966,730.2245263857767
0,1923,0,CD8+_T_Cells,0.16161616161616163,99,295.913667050004,730.2245263857767
0,1924,0,Invasive_Tumor,0.6896551724137931,58,178.40120666921138,815.7047934005036
0,1925,0,Invasive_Tumor,0.3125,48,60.888746288418766,815.7047934005036
0,1926,0,Invasive_Tumor,0.5147058823529411,68,178.40120666921138,730.2245263857767
0,1927,0,Invasive_Tumor,0.7857142857142857,56,60.888746288418766,730.2245263857767
0,1929,0,Invasive_Tumor,0.5614035087719298,57,1706.0631916195152,644.7442593710498
0,1930,0,Invasive_Tumor,0.7321428571428571,56,1823.5756520003079,559.2639923563227
0,1931,0,Invasive_Tumor,0.6785714285714286,56,1706.0631916195152,559.2639923563227
0,1932,0,Invasive_Tumor,0.3761467889908257,109,1529.7945010483263,602.0041258636862
0,1934,0,Invasive_Tumor,0.38095238095238093,42,1706.0631916195152,473.7837253415957
0,1935,0,Invasive_Tumor,0.5362318840579711,69,1823.5756520003079,388.30345832686874
0,1936,0,Invasive_Tumor,0.7567567567567568,74,1706.0631916195152,388.30345832686874
0,1938,2,Stromal,0.25,48,1353.5258104771374,644.7442593710498
0,1939,0,DCIS_2,0.515625,64,1236.0133500963448,644.7442593710498
0,1940,2,DCIS_2,0.2835820895522388,67,1353.5258104771374,559.2639923563227
0,1941,3,Invasive_Tumor,0.5072463768115942,69,1236.0133500963448,559.2639923563227
0,1943,3,DCIS_2,0.6206896551724138,58,1000.9884293347595,644.7442593710498
0,1944,3,DCIS_2,0.5555555555555556,63,1118.5008897155521,559.2639923563227
0,1945,3,Invasive_Tumor,0.29545454545454547,44,1000.9884293347595,559.2639923563227
0,1947,2,Myoepi_ACTA2+,0.2692307692307692,78,1236.0133500963448,473.7837253415957
0,1948,1,Stromal,0.42857142857142855,35,1353.5258104771374,388.30345832686874
0,1949,2,Myoepi_ACTA2+,0.17567567567567569,74,1236.0133500963448,388.30345832686874
0,1950,2,Macrophages_1,0.3382352941176471,68,1118.5008897155521,473.7837253415957
0,1951,1,Invasive_Tumor,0.52,50,1000.9884293347595,473.7837253415957
0,1953,3,Invasive_Tumor,0.39473684210526316,38,1000.9884293347595,388.30345832686874
0,1954,0,Invasive_Tumor,0.48,50,1823.5756520003079,302.8231913121417
0,1955,0,Invasive_Tumor,0.56,50,1706.0631916195152,302.8231913121417
0,1956,1,Macrophages_1,0.27450980392156865,51,1823.5756520003079,217.3429242974147
0,1957,0,Invasive_Tumor,0.7377049180327869,61,1706.0631916195152,217.3429242974147
0,1958,0,Invasive_Tumor,0.36,50,1588.5507312387226,302.8231913121417
0,1959,0,Invasive_Tumor,0.7777777777777778,81,1471.03827085793,302.8231913121417
0,1960,0,Invasive_Tumor,0.8307692307692308,65,1588.5507312387226,217.3429242974147
0,1961,0,Invasive_Tumor,0.7916666666666666,48,1471.03827085793,217.3429242974147
0,1962,3,Invasive_Tumor,0.7638190954773869,199,1764.8194218099115,89.12252377532423
0,1963,3,Invasive_Tumor,0.8620689655172413,87,1588.5507312387226,131.86265728268774
0,1965,3,Invasive_Tumor,0.6206896551724138,29,1588.5507312387226,46.38239026796073
0,1966,3,Invasive_Tumor,0.76,50,1471.03827085793,46.38239026796073
0,1967,0,B_Cells,0.25,56,1353.5258104771374,302.8231913121417
0,1969,0,Invasive_Tumor,0.6190476190476191,63,1353.5258104771374,217.3429242974147
0,1970,1,Stromal,0.29545454545454547,44,1236.0133500963448,217.3429242974147
0,1971,2,DCIS_2,0.5465116279069767,86,1118.5008897155521,302.8231913121417
0,1972,3,DCIS_2,0.5476190476190477,84,1000.9884293347595,302.8231913121417
0,1973,2,DCIS_2,0.3333333333333333,51,1118.5008897155521,217.3429242974147
0,1974,2,DCIS_2,0.5876288659793815,97,1000.9884293347595,217.3429242974147
0,1975,0,Invasive_Tumor,0.7945205479452054,73,1353.5258104771374,131.86265728268774
0,1976,0,Invasive_Tumor,0.759493670886076,79,1236.0133500963448,131.86265728268774
0,1977,3,Invasive_Tumor,0.8472222222222222,72,1353.5258104771374,46.38239026796073
0,1978,0,Invasive_Tumor,0.7571428571428571,70,1236.0133500963448,46.38239026796073
0,1979,1,Stromal,0.4,35,1118.5008897155521,131.86265728268774
0,1980,2,Myoepi_ACTA2+,0.3132530120481928,83,1000.9884293347595,131.86265728268774
0,1981,0,Invasive_Tumor,0.6727272727272727,55,1118.5008897155521,46.38239026796073
0,1982,1,Stromal,0.5111111111111111,45,1000.9884293347595,46.38239026796073
0,1983,3,DCIS_2,0.8588235294117647,85,883.475968953967,644.7442593710498
0,1984,3,DCIS_2,0.8108108108108109,74,765.9635085731744,644.7442593710498
0,1985,3,DCIS_2,0.4152542372881356,118,883.475968953967,559.2639923563227
0,1986,3,DCIS_2,0.7450980392156863,102,765.9635085731744,559.2639923563227
0,1987,3,DCIS_2,0.5205479452054794,73,648.4510481923818,644.7442593710498
0,1988,2,DCIS_2,0.3695652173913043,92,530.9385878115892,644.7442593710498
0,1989,3,DCIS_2,0.75,76,648.4510481923818,559.2639923563227
0,1990,2,DCIS_2,0.22666666666666666,75,530.9385878115892,559.2639923563227
0,1991,1,Invasive_Tumor,0.47560975609756095,82,883.475968953967,473.7837253415957
0,1992,3,DCIS_2,0.7752808988764045,89,765.9635085731744,473.7837253415957
0,1993,1,DCIS_2,0.4222222222222222,90,883.475968953967,388.30345832686874
0,1994,3,DCIS_2,0.7192982456140351,114,765.9635085731744,388.30345832686874
0,1995,3,DCIS_2,0.550561797752809,89,648.4510481923818,473.7837253415957
0,1996,2,Invasive_Tumor,0.4588235294117647,85,530.9385878115892,473.7837253415957
0,1997,3,DCIS_2,0.5957446808510638,94,648.4510481923818,388.30345832686874
0,1998,3,Invasive_Tumor,0.5529411764705883,85,530.9385878115892,388.30345832686874
0,2000,0,Stromal,0.28169014084507044,71,295.913667050004,644.7442593710498
0,2001,2,DCIS_2,0.3424657534246575,73,413.4261274307966,559.2639923563227
0,2002,0,Invasive_Tumor,0.6721311475409836,61,295.913667050004,559.2639923563227
0,2003,0,Invasive_Tumor,0.5636363636363636,55,178.40120666921138,644.7442593710498
0,2004,0,Invasive_Tumor,0.5737704918032787,61,60.888746288418766,644.7442593710498
0,2005,0,Invasive_Tumor,0.7540983606557377,61,178.40120666921138,559.2639923563227
0,2006,0,Invasive_Tumor,0.6153846153846154,65,60.888746288418766,559.2639923563227
0,2007,3,DCIS_2,0.5189873417721519,79,413.4261274307966,473.7837253415957
0,2008,0,Invasive_Tumor,0.6451612903225806,62,295.913667050004,473.7837253415957
0,2009,2,DCIS_2,0.3384615384615385,65,413.4261274307966,388.30345832686874
0,2010,0,Invasive_Tumor,0.68,75,295.913667050004,388.30345832686874
0,2011,0,Invasive_Tumor,0.7590361445783133,83,178.40120666921138,473.7837253415957
0,2012,0,Invasive_Tumor,0.7164179104477612,67,60.888746288418766,473.7837253415957
0,2013,0,Invasive_Tumor,0.8,95,178.40120666921138,388.30345832686874
0,2014,3,Invasive_Tumor,0.7777777777777778,108,60.888746288418766,388.30345832686874
0,2015,3,DCIS_2,0.7764705882352941,85,883.475968953967,302.8231913121417
0,2016,3,DCIS_2,0.77,100,765.9635085731744,302.8231913121417
0,2017,2,DCIS_2,0.41935483870967744,93,883.475968953967,217.3429242974147
0,2018,3,DCIS_2,0.7391304347826086,92,765.9635085731744,217.3429242974147
0,2019,3,DCIS_2,0.6703296703296703,91,648.4510481923818,302.8231913121417
0,2020,2,DCIS_2,0.3253012048192771,83,530.9385878115892,302.8231913121417
0,2021,2,DCIS_2,0.33663366336633666,101,648.4510481923818,217.3429242974147
0,2022,1,Stromal,0.5151515151515151,33,530.9385878115892,217.3429242974147
0,2023,3,Invasive_Tumor,0.5360824742268041,97,883.475968953967,131.86265728268774
0,2024,3,DCIS_2,0.61,100,765.9635085731744,131.86265728268774
0,2025,2,DCIS_2,0.34375,64,883.475968953967,46.38239026796073
0,2026,3,DCIS_2,0.6021505376344086,93,765.9635085731744,46.38239026796073
0,2027,3,DCIS_2,0.5494505494505495,91,648.4510481923818,131.86265728268774
0,2028,1,Stromal,0.4666666666666667,30,530.9385878115892,131.86265728268774
0,2029,2,DCIS_2,0.3188405797101449,69,648.4510481923818,46.38239026796073
0,2030,1,Stromal,0.6086956521739131,23,530.9385878115892,46.38239026796073
0,2031,0,Invasive_Tumor,0.4375,48,413.4261274307966,302.8231913121417
0,2033,0,Invasive_Tumor,0.5873015873015873,63,413.4261274307966,217.3429242974147
0,2034,0,Invasive_Tumor,0.7070707070707071,99,295.913667050004,217.3429242974147
0,2035,0,Invasive_Tumor,0.6976744186046512,86,178.40120666921138,302.8231913121417
0,2036,0,Invasive_Tumor,0.7111111111111111,90,60.888746288418766,302.8231913121417
0,2037,0,Invasive_Tumor,0.6060606060606061,99,178.40120666921138,217.3429242974147
0,2038,0,Invasive_Tumor,0.6781609195402298,87,60.888746288418766,217.3429242974147
0,2039,0,Invasive_Tumor,0.3611111111111111,36,413.4261274307966,131.86265728268774
0,2040,0,Invasive_Tumor,0.7672413793103449,116,295.913667050004,131.86265728268774
0,2041,0,Macrophages_1,0.225,40,413.4261274307966,46.38239026796073
0,2042,0,Invasive_Tumor,0.6909090909090909,55,295.913667050004,46.38239026796073
1,0,2,DCIS_1,0.32456140350877194,114,7405.417520087957,5388.899078688399
1,1,2,DCIS_1,0.4,50,7229.148829516768,5431.6392121957615
1,2,3,DCIS_1,0.5128205128205128,78,7111.636369135976,5431.6392121957615
1,3,2,Stromal,0.40425531914893614,47,7229.148829516768,5346.158945181035
1,4,3,DCIS_1,0.6282051282051282,78,7111.636369135976,5346.158945181035
1,5,2,DCIS_1,0.4945054945054945,91,7464.1737502783535,5260.678678166308
1,6,1,Stromal,0.3888888888888889,36,7346.661289897561,5260.678678166308
1,7,3,DCIS_1,0.8235294117647058,51,7464.1737502783535,5175.19841115158
1,9,2,Stromal,0.3617021276595745,47,7229.148829516768,5260.678678166308
1,10,3,DCIS_1,0.6666666666666666,72,7111.636369135976,5260.678678166308
1,11,2,DCIS_1,0.43548387096774194,62,7229.148829516768,5175.19841115158
1,12,2,DCIS_1,0.2328767123287671,73,7111.636369135976,5175.19841115158
1,13,2,Stromal,0.3048780487804878,164,6935.367678564787,5388.899078688399
1,14,1,Stromal,0.5357142857142857,28,6700.3427578032015,5388.899078688399
1,15,2,DCIS_1,0.38095238095238093,147,6935.367678564787,5217.938544658944
1,16,1,Stromal,0.5344827586206896,58,6700.3427578032015,5217.938544658944
1,17,3,DCIS_1,0.8596491228070176,57,7464.1737502783535,5089.718144136853
1,18,3,DCIS_1,0.896551724137931,58,7346.661289897561,5089.718144136853
1,19,2,Stromal,0.3684210526315789,57,7464.1737502783535,5004.2378771221265
1,20,2,DCIS_1,0.6666666666666666,51,7346.661289897561,5004.2378771221265
1,21,3,DCIS_1,0.8666666666666667,45,7229.148829516768,5089.718144136853
1,22,2,DCIS_1,0.34545454545454546,55,7111.636369135976,5089.718144136853
1,23,2,DCIS_1,0.72,50,7229.148829516768,5004.2378771221265
1,24,2,Stromal,0.5384615384615384,52,7111.636369135976,5004.2378771221265
1,25,1,Stromal,0.6666666666666666,81,7405.417520087957,4876.017476600036
1,26,1,Stromal,0.34177215189873417,79,7229.148829516768,4918.757610107399
1,27,1,Stromal,0.45454545454545453,44,7111.636369135976,4918.757610107399
1,28,2,Stromal,0.36363636363636365,66,7229.148829516768,4833.277343092673
1,29,1,Stromal,0.85,20,7111.636369135976,4833.277343092673
1,30,1,Stromal,0.7346938775510204,49,6935.367678564787,5046.978010629489
1,31,1,Stromal,0.5913978494623656,93,6700.3427578032015,5046.978010629489
1,32,1,Stromal,0.7608695652173914,46,6935.367678564787,4876.017476600036
1,33,1,Stromal,0.4482758620689655,29,6759.098987993598,4918.757610107399
1,34,1,Stromal,0.5471698113207547,53,6641.586527612805,4918.757610107399
1,35,2,Stromal,0.37681159420289856,69,6759.098987993598,4833.277343092673
1,36,2,DCIS_1,0.746268656716418,67,6641.586527612805,4833.277343092673
1,37,1,Stromal,0.6159420289855072,138,5877.755535137653,5303.418811673671
1,38,1,Stromal,0.8333333333333334,30,6465.317837041616,5046.978010629489
1,39,1,Stromal,0.7142857142857143,28,6230.292916280031,5046.978010629489
1,41,1,Stromal,0.6666666666666666,72,6230.292916280031,4876.017476600036
1,42,1,Stromal,0.7052023121387283,173,5877.755535137653,4961.497743614763
1,43,1,Stromal,0.6461538461538462,65,7405.417520087957,4705.056942570582
1,44,1,Stromal,0.639344262295082,61,7170.392599326372,4705.056942570582
1,45,1,Stromal,0.8285714285714286,35,7405.417520087957,4534.096408541129
1,46,1,Stromal,0.48360655737704916,122,7170.392599326372,4534.096408541129
1,49,3,DCIS_1,0.8870967741935484,62,6641.586527612805,4747.797076077945
1,50,2,DCIS_1,0.5753424657534246,73,6759.098987993598,4662.316809063219
1,51,3,DCIS_1,0.7058823529411765,68,6641.586527612805,4662.316809063219
1,52,1,Stromal,0.5714285714285714,56,6994.123908755183,4576.8365420484915
1,53,2,Stromal,0.49122807017543857,57,6876.61144837439,4576.8365420484915
1,54,1,Stromal,0.49122807017543857,57,6994.123908755183,4491.356275033765
1,55,2,DCIS_1,0.37681159420289856,69,6876.61144837439,4491.356275033765
1,57,3,DCIS_1,0.75,80,6641.586527612805,4576.8365420484915
1,58,3,DCIS_1,0.6976744186046512,43,6759.098987993598,4491.356275033765
1,59,3,Macrophages_1,0.5161290322580645,31,6641.586527612805,4491.356275033765
1,60,1,Stromal,0.9396551724137931,116,7287.905059707165,4277.655607496947
1,61,1,Stromal,0.696969696969697,66,6994.123908755183,4405.876008019038
1,62,2,Myoepi_KRT15+,0.37681159420289856,69,6876.61144837439,4405.876008019038
1,63,1,Stromal,0.7222222222222222,54,6994.123908755183,4320.39574100431
1,64,3,DCIS_1,0.8235294117647058,85,6876.61144837439,4320.39574100431
1,65,3,DCIS_1,0.6875,144,6700.3427578032015,4363.135874511674
1,66,1,Stromal,0.8529411764705882,34,6994.123908755183,4234.915473989583
1,67,2,DCIS_1,0.4722222222222222,72,6876.61144837439,4234.915473989583
1,68,1,Stromal,0.5333333333333333,45,6994.123908755183,4149.435206974857
1,69,2,Stromal,0.35294117647058826,68,6876.61144837439,4149.435206974857
1,70,3,DCIS_1,0.4895833333333333,96,6759.098987993598,4234.915473989583
1,71,3,DCIS_1,0.4666666666666667,15,6641.586527612805,4234.915473989583
1,72,2,DCIS_1,0.44285714285714284,70,6759.098987993598,4149.435206974857
1,73,3,DCIS_1,0.8367346938775511,49,6641.586527612805,4149.435206974857
1,74,3,DCIS_1,0.6833333333333333,60,6524.074067232013,4747.797076077945
1,75,2,DCIS_1,0.49295774647887325,71,6406.56160685122,4747.797076077945
1,76,3,DCIS_1,0.5897435897435898,78,6524.074067232013,4662.316809063219
1,77,3,DCIS_1,0.627906976744186,43,6406.56160685122,4662.316809063219
1,78,2,Stromal,0.3333333333333333,174,6230.292916280031,4705.056942570582
1,79,3,DCIS_1,0.45925925925925926,135,6465.317837041616,4534.096408541129
1,80,3,DCIS_1,0.546875,64,6289.049146470427,4576.8365420484915
1,81,2,Stromal,0.5217391304347826,46,6171.536686089635,4576.8365420484915
1,82,3,DCIS_1,0.7945205479452054,73,6289.049146470427,4491.356275033765
1,83,2,Stromal,0.43103448275862066,58,6171.536686089635,4491.356275033765
1,84,1,Stromal,0.3983739837398374,123,5995.267995518446,4705.056942570582
1,85,1,Stromal,0.925,40,5760.243074756861,4705.056942570582
1,86,1,Stromal,0.7142857142857143,35,6054.024225708842,4576.8365420484915
1,88,1,B_Cells,0.2558139534883721,86,6054.024225708842,4491.356275033765
1,89,1,CD4+_T_Cells,0.41830065359477125,153,5936.5117653280495,4491.356275033765
1,90,1,CD4+_T_Cells,0.375,80,5818.999304947257,4576.8365420484915
1,91,1,Stromal,0.7777777777777778,27,5701.486844566464,4576.8365420484915
1,92,1,CD4+_T_Cells,0.5294117647058824,136,5818.999304947257,4491.356275033765
1,93,1,CD4+_T_Cells,0.35714285714285715,98,5701.486844566464,4491.356275033765
1,94,3,DCIS_1,0.9295774647887324,71,6289.049146470427,4405.876008019038
1,95,2,DCIS_1,0.5081967213114754,61,6171.536686089635,4405.876008019038
1,96,3,DCIS_1,0.7638888888888888,72,6289.049146470427,4320.39574100431
1,97,2,DCIS_1,0.515625,64,6171.536686089635,4320.39574100431
1,98,3,Macrophages_1,0.4457831325301205,83,6465.317837041616,4192.175340482219
1,99,3,DCIS_1,0.6666666666666666,39,6289.049146470427,4234.915473989583
1,100,2,DCIS_1,0.7272727272727273,77,6171.536686089635,4234.915473989583
1,101,3,DCIS_1,0.6037735849056604,53,6289.049146470427,4149.435206974857
1,103,1,B_Cells,0.24778761061946902,113,6054.024225708842,4405.876008019038
1,104,1,Stromal,0.2248062015503876,129,5936.5117653280495,4405.876008019038
1,105,1,Stromal,0.3118279569892473,93,6054.024225708842,4320.39574100431
1,106,1,Myoepi_KRT15+,0.5116279069767442,129,5936.5117653280495,4320.39574100431
1,107,1,CD4+_T_Cells,0.5182926829268293,164,5818.999304947257,4405.876008019038
1,109,1,Stromal,0.415929203539823,113,5818.999304947257,4320.39574100431
1,110,1,Stromal,0.5833333333333334,84,5701.486844566464,4320.39574100431
1,112,3,Myoepi_KRT15+,0.5194805194805194,77,5936.5117653280495,4234.915473989583
1,113,1,Stromal,0.6842105263157895,76,6054.024225708842,4149.435206974857
1,114,3,Myoepi_KRT15+,0.4,55,5936.5117653280495,4149.435206974857
1,115,3,Myoepi_KRT15+,0.494949494949495,99,5818.999304947257,4234.915473989583
1,116,1,Myoepi_ACTA2+,0.4344262295081967,122,5701.486844566464,4234.915473989583
1,117,3,Macrophages_1,0.9166666666666666,24,5818.999304947257,4149.435206974857
1,118,3,Macrophages_1,0.6,45,5701.486844566464,4149.435206974857
1,121,1,Stromal,0.8387096774193549,31,4585.118470948934,4876.017476600036
1,122,2,DCIS_2,0.3829787234042553,188,4350.093550187349,4876.017476600036
1,123,2,DCIS_2,0.49032258064516127,155,4115.068629425764,5046.978010629489
1,124,1,Stromal,0.8666666666666667,30,3880.0437086641787,5046.978010629489
1,125,3,DCIS_2,0.875,56,4173.82485961616,4918.757610107399
1,127,2,DCIS_2,0.7575757575757576,99,4173.82485961616,4833.277343092673
1,128,1,Stromal,0.7857142857142857,14,4056.3123992353676,4833.277343092673
1,129,1,Stromal,0.8125,32,3880.0437086641787,4876.017476600036
1,130,1,Stromal,0.8244274809160306,131,5407.705693614483,4619.576675555855
1,131,1,Stromal,0.7280701754385965,114,4937.655852091312,4619.576675555855
1,132,1,Stromal,0.532258064516129,124,5525.218153995275,4363.135874511674
1,133,1,Stromal,0.6571428571428571,70,5583.974384185672,4234.915473989583
1,135,1,Stromal,0.4878048780487805,82,5583.974384185672,4149.435206974857
1,136,1,Stromal,0.7346938775510204,49,5466.461923804879,4149.435206974857
1,137,1,Stromal,0.84375,64,5290.19323323369,4192.175340482219
1,138,1,Stromal,0.8606060606060606,165,4937.655852091312,4277.655607496947
1,139,1,Stromal,0.7424242424242424,198,4467.606010568142,4619.576675555855
1,140,1,Stromal,0.8484848484848485,198,3997.5561690449713,4619.576675555855
1,141,1,Stromal,0.8333333333333334,42,4585.118470948934,4363.135874511674
1,142,1,Stromal,0.8541666666666666,48,4350.093550187349,4363.135874511674
1,143,1,Stromal,0.5555555555555556,117,4585.118470948934,4192.175340482219
1,144,2,Stromal,0.5827814569536424,151,4350.093550187349,4192.175340482219
1,145,1,Stromal,0.7435897435897436,78,4115.068629425764,4363.135874511674
1,146,1,Stromal,0.9418604651162791,86,3880.0437086641787,4363.135874511674
1,147,1,Stromal,0.6,165,4115.068629425764,4192.175340482219
1,148,1,Stromal,0.8490566037735849,106,3880.0437086641787,4192.175340482219
1,149,1,Stromal,0.5980392156862745,102,7170.392599326372,4021.214806452766
1,150,2,Stromal,0.6017699115044248,113,7405.417520087957,3850.2542724233117
1,151,1,Stromal,0.8255813953488372,86,7170.392599326372,3850.2542724233117
1,152,1,Stromal,0.7518248175182481,137,6935.367678564787,4021.214806452766
1,153,2,DCIS_1,0.3611111111111111,72,6759.098987993598,4063.954939960129
1,154,3,DCIS_1,0.7241379310344828,58,6641.586527612805,4063.954939960129
1,155,1,Stromal,0.5217391304347826,69,6759.098987993598,3978.4746729454027
1,156,2,Stromal,0.35294117647058826,68,6641.586527612805,3978.4746729454027
1,157,1,Stromal,0.6178343949044586,157,6935.367678564787,3850.2542724233117
1,158,2,Stromal,0.5588235294117647,68,6759.098987993598,3892.9944059306754
1,159,2,DCIS_1,0.39705882352941174,68,6641.586527612805,3892.9944059306754
1,160,2,DCIS_1,0.25,96,6759.098987993598,3807.514138915948
1,161,3,DCIS_1,0.7611940298507462,67,6641.586527612805,3807.514138915948
1,162,3,DCIS_1,0.7466666666666667,75,7464.1737502783535,3722.0338719012216
1,163,2,Stromal,0.5405405405405406,37,7346.661289897561,3722.0338719012216
1,164,3,DCIS_1,0.8450704225352113,71,7464.1737502783535,3636.553604886494
1,165,2,DCIS_1,0.8461538461538461,78,7346.661289897561,3636.553604886494
1,166,2,Stromal,0.6637931034482759,116,7170.392599326372,3679.293738393858
1,167,3,DCIS_1,0.8909090909090909,55,7464.1737502783535,3551.073337871767
1,168,3,DCIS_1,0.8266666666666667,75,7346.661289897561,3551.073337871767
1,170,3,DCIS_1,0.8823529411764706,51,7346.661289897561,3465.5930708570404
1,171,3,DCIS_1,0.8977272727272727,88,7229.148829516768,3551.073337871767
1,172,3,DCIS_1,0.7837837837837838,74,7111.636369135976,3551.073337871767
1,173,3,DCIS_1,0.8833333333333333,60,7229.148829516768,3465.5930708570404
1,174,3,DCIS_1,0.8666666666666667,90,7111.636369135976,3465.5930708570404
1,175,1,Stromal,0.6625766871165644,163,6935.367678564787,3679.293738393858
1,176,2,DCIS_1,0.6081081081081081,74,6759.098987993598,3722.0338719012216
1,178,2,DCIS_1,0.5569620253164557,79,6759.098987993598,3636.553604886494
1,179,3,DCIS_1,0.8285714285714286,70,6641.586527612805,3636.553604886494
1,180,2,DCIS_1,0.6666666666666666,54,6994.123908755183,3551.073337871767
1,182,3,DCIS_1,0.88,75,6994.123908755183,3465.5930708570404
1,183,2,DCIS_1,0.8923076923076924,65,6876.61144837439,3465.5930708570404
1,184,2,Stromal,0.5245901639344263,61,6759.098987993598,3551.073337871767
1,185,2,DCIS_1,0.47058823529411764,68,6641.586527612805,3551.073337871767
1,187,1,Stromal,0.8275862068965517,29,6641.586527612805,3465.5930708570404
1,188,3,Macrophages_1,0.4857142857142857,35,6524.074067232013,4063.954939960129
1,189,3,DCIS_1,0.7407407407407407,54,6406.56160685122,4063.954939960129
1,190,2,DCIS_1,0.44285714285714284,70,6524.074067232013,3978.4746729454027
1,191,3,DCIS_1,0.5932203389830508,59,6406.56160685122,3978.4746729454027
1,192,3,Myoepi_KRT15+,0.5375,80,6289.049146470427,4063.954939960129
1,193,2,DCIS_1,0.5147058823529411,68,6171.536686089635,4063.954939960129
1,195,2,Stromal,0.6415094339622641,53,6171.536686089635,3978.4746729454027
1,196,2,Stromal,0.5072463768115942,69,6524.074067232013,3892.9944059306754
1,197,2,Stromal,0.49056603773584906,53,6406.56160685122,3892.9944059306754
1,198,3,DCIS_1,0.7469879518072289,83,6524.074067232013,3807.514138915948
1,199,2,Stromal,0.4090909090909091,66,6406.56160685122,3807.514138915948
1,200,2,Stromal,0.5064935064935064,77,6289.049146470427,3892.9944059306754
1,201,1,Stromal,0.7169811320754716,53,6171.536686089635,3892.9944059306754
1,202,1,Stromal,0.6101694915254238,59,6289.049146470427,3807.514138915948
1,203,1,Stromal,0.6756756756756757,37,6171.536686089635,3807.514138915948
1,204,1,Stromal,0.5625,64,6054.024225708842,4063.954939960129
1,205,3,Myoepi_KRT15+,0.484375,64,5936.5117653280495,4063.954939960129
1,206,1,Stromal,0.4,70,6054.024225708842,3978.4746729454027
1,207,1,Stromal,0.37349397590361444,83,5936.5117653280495,3978.4746729454027
1,208,3,Macrophages_1,0.7419354838709677,31,5818.999304947257,4063.954939960129
1,209,3,Macrophages_1,0.42857142857142855,56,5701.486844566464,4063.954939960129
1,210,2,Stromal,0.27058823529411763,85,5818.999304947257,3978.4746729454027
1,211,1,Stromal,0.3258426966292135,89,5701.486844566464,3978.4746729454027
1,212,1,Stromal,0.5266666666666666,150,5995.267995518446,3850.2542724233117
1,213,1,Stromal,0.5555555555555556,54,5818.999304947257,3892.9944059306754
1,214,1,Stromal,0.2891566265060241,83,5701.486844566464,3892.9944059306754
1,215,1,Stromal,0.5,40,5818.999304947257,3807.514138915948
1,216,1,Stromal,0.45098039215686275,51,5701.486844566464,3807.514138915948
1,217,3,DCIS_1,0.7792207792207793,77,6524.074067232013,3722.0338719012216
1,218,2,DCIS_1,0.39215686274509803,51,6406.56160685122,3722.0338719012216
1,219,3,DCIS_1,0.5970149253731343,67,6524.074067232013,3636.553604886494
1,220,2,Stromal,0.2553191489361702,47,6406.56160685122,3636.553604886494
1,221,2,DCIS_1,0.5294117647058824,51,6289.049146470427,3722.0338719012216
1,222,2,DCIS_1,0.7424242424242424,66,6171.536686089635,3722.0338719012216
1,224,3,DCIS_1,0.9142857142857143,70,6171.536686089635,3636.553604886494
1,225,2,Stromal,0.42424242424242425,66,6524.074067232013,3551.073337871767
1,226,2,DCIS_1,0.4126984126984127,63,6406.56160685122,3551.073337871767
1,227,2,Stromal,0.5192307692307693,52,6524.074067232013,3465.5930708570404
1,228,3,DCIS_1,0.5,64,6406.56160685122,3465.5930708570404
1,229,2,DCIS_1,0.51,200,6230.292916280031,3508.3332043644036
1,230,2,DCIS_1,0.5777777777777777,45,6054.024225708842,3722.0338719012216
1,232,3,DCIS_1,0.8870967741935484,62,6054.024225708842,3636.553604886494
1,233,2,DCIS_1,0.375,56,5936.5117653280495,3636.553604886494
1,234,1,Stromal,0.627906976744186,43,5818.999304947257,3722.0338719012216
1,235,2,DCIS_1,0.42105263157894735,57,5701.486844566464,3722.0338719012216
1,237,3,DCIS_1,0.7794117647058824,68,5701.486844566464,3636.553604886494
1,238,3,DCIS_1,0.9142857142857143,70,6054.024225708842,3551.073337871767
1,239,2,DCIS_1,0.7101449275362319,69,5936.5117653280495,3551.073337871767
1,240,3,DCIS_1,0.7303370786516854,89,6054.024225708842,3465.5930708570404
1,242,2,DCIS_1,0.7719298245614035,57,5818.999304947257,3551.073337871767
1,243,3,DCIS_1,0.7301587301587301,63,5701.486844566464,3551.073337871767
1,244,3,DCIS_1,0.9180327868852459,61,5818.999304947257,3465.5930708570404
1,245,3,DCIS_1,0.8208955223880597,67,5701.486844566464,3465.5930708570404
1,246,0,DCIS_1,0.7857142857142857,56,7464.1737502783535,3380.112803842313
1,247,1,Endothelial,0.5185185185185185,54,7346.661289897561,3380.112803842313
1,248,3,DCIS_1,0.6506024096385542,83,7464.1737502783535,3294.6325368275866
1,249,2,Stromal,0.3142857142857143,35,7346.661289897561,3294.6325368275866
1,250,3,Myoepi_KRT15+,0.4067796610169492,59,7229.148829516768,3380.112803842313
1,251,3,DCIS_1,0.6829268292682927,82,7111.636369135976,3380.112803842313
1,252,1,Stromal,0.4,10,7229.148829516768,3294.6325368275866
1,253,3,Myoepi_KRT15+,0.40384615384615385,52,7111.636369135976,3294.6325368275866
1,254,2,Myoepi_KRT15+,0.36619718309859156,71,7464.1737502783535,3209.1522698128592
1,255,2,Endothelial,0.29411764705882354,17,7346.661289897561,3209.1522698128592
1,256,3,DCIS_1,0.5975609756097561,82,7464.1737502783535,3123.672002798133
1,257,2,Myoepi_ACTA2+,0.5,40,7346.661289897561,3123.672002798133
1,259,3,DCIS_1,0.41025641025641024,78,6994.123908755183,3380.112803842313
1,260,3,DCIS_1,0.9666666666666667,60,6876.61144837439,3380.112803842313
1,261,3,DCIS_1,0.7171717171717171,99,6994.123908755183,3294.6325368275866
1,262,3,DCIS_1,0.8571428571428571,70,6876.61144837439,3294.6325368275866
1,263,2,Stromal,0.3197278911564626,147,6700.3427578032015,3337.37267033495
1,264,3,Myoepi_KRT15+,0.55,60,6994.123908755183,3209.1522698128592
1,265,3,DCIS_1,0.810126582278481,79,6876.61144837439,3209.1522698128592
1,266,3,Myoepi_KRT15+,0.5434782608695652,46,6994.123908755183,3123.672002798133
1,267,3,DCIS_1,0.7922077922077922,77,6876.61144837439,3123.672002798133
1,268,2,Stromal,0.37894736842105264,190,6700.3427578032015,3166.412136305496
1,269,3,DCIS_1,0.647887323943662,71,7464.1737502783535,3038.1917357834054
1,270,3,Myoepi_KRT15+,0.43902439024390244,82,7346.661289897561,3038.1917357834054
1,271,2,DCIS_1,0.5370370370370371,54,7464.1737502783535,2952.711468768679
1,272,3,DCIS_1,0.821917808219178,73,7346.661289897561,2952.711468768679
1,273,3,Myoepi_KRT15+,0.6197183098591549,71,7229.148829516768,3038.1917357834054
1,274,3,DCIS_1,0.671875,64,7111.636369135976,3038.1917357834054
1,276,3,DCIS_1,0.8,75,7111.636369135976,2952.711468768679
1,277,2,DCIS_1,0.47282608695652173,184,7405.417520087957,2824.491068246588
1,278,3,DCIS_1,0.8243243243243243,74,7229.148829516768,2867.2312017539516
1,279,3,DCIS_1,0.5970149253731343,67,7111.636369135976,2867.2312017539516
1,280,3,DCIS_1,0.6551724137931034,58,7229.148829516768,2781.7509347392242
1,281,2,DCIS_1,0.52,50,7111.636369135976,2781.7509347392242
1,283,2,DCIS_1,0.65,60,6876.61144837439,3038.1917357834054
1,284,3,DCIS_1,0.725,80,6994.123908755183,2952.711468768679
1,285,2,DCIS_1,0.45714285714285713,35,6876.61144837439,2952.711468768679
1,286,1,Stromal,0.7850467289719626,107,6700.3427578032015,2995.451602276042
1,287,2,DCIS_1,0.2777777777777778,54,6994.123908755183,2867.2312017539516
1,288,1,Stromal,0.7142857142857143,35,6876.61144837439,2867.2312017539516
1,289,2,DCIS_1,0.44680851063829785,47,6994.123908755183,2781.7509347392242
1,290,2,DCIS_1,0.569620253164557,79,6876.61144837439,2781.7509347392242
1,291,2,Stromal,0.34615384615384615,182,6700.3427578032015,2824.491068246588
1,292,2,Stromal,0.5208333333333334,48,6524.074067232013,3380.112803842313
1,293,3,DCIS_1,0.3918918918918919,74,6406.56160685122,3380.112803842313
1,294,2,Stromal,0.5185185185185185,54,6524.074067232013,3294.6325368275866
1,295,3,DCIS_1,0.5897435897435898,78,6406.56160685122,3294.6325368275866
1,296,3,Myoepi_KRT15+,0.3125,16,6289.049146470427,3380.112803842313
1,297,3,Myoepi_KRT15+,0.5131578947368421,76,6171.536686089635,3380.112803842313
1,298,3,Myoepi_KRT15+,0.5647058823529412,85,6289.049146470427,3294.6325368275866
1,299,3,DCIS_1,0.5180722891566265,83,6171.536686089635,3294.6325368275866
1,300,1,Stromal,0.3090909090909091,55,6524.074067232013,3209.1522698128592
1,302,1,Stromal,0.6341463414634146,41,6524.074067232013,3123.672002798133
1,303,1,Stromal,0.35,60,6406.56160685122,3123.672002798133
1,305,2,DCIS_1,0.3055555555555556,72,6171.536686089635,3209.1522698128592
1,306,1,Stromal,0.391304347826087,46,6289.049146470427,3123.672002798133
1,307,2,Stromal,0.3617021276595745,47,6171.536686089635,3123.672002798133
1,308,3,DCIS_1,0.7926829268292683,82,6054.024225708842,3380.112803842313
1,310,3,DCIS_1,0.9047619047619048,63,6054.024225708842,3294.6325368275866
1,311,3,DCIS_1,0.8513513513513513,74,5936.5117653280495,3294.6325368275866
1,312,3,DCIS_1,0.5921052631578947,76,5818.999304947257,3380.112803842313
1,313,3,DCIS_1,0.8985507246376812,69,5701.486844566464,3380.112803842313
1,314,3,DCIS_1,0.8518518518518519,81,5818.999304947257,3294.6325368275866
1,315,2,DCIS_1,0.6197183098591549,71,5701.486844566464,3294.6325368275866
1,316,2,DCIS_1,0.6829268292682927,82,6054.024225708842,3209.1522698128592
1,317,3,DCIS_1,0.8372093023255814,86,5936.5117653280495,3209.1522698128592
1,318,3,DCIS_1,0.6,85,6054.024225708842,3123.672002798133
1,319,3,DCIS_1,0.5774647887323944,71,5936.5117653280495,3123.672002798133
1,320,2,DCIS_1,0.6180904522613065,199,5760.243074756861,3166.412136305496
1,322,2,Stromal,0.49101796407185627,167,6230.292916280031,2995.451602276042
1,323,2,Stromal,0.5454545454545454,99,6465.317837041616,2824.491068246588
1,324,2,Stromal,0.418848167539267,191,6230.292916280031,2824.491068246588
1,326,3,DCIS_1,0.8705882352941177,85,5936.5117653280495,3038.1917357834054
1,327,2,Stromal,0.30612244897959184,49,6054.024225708842,2952.711468768679
1,328,2,Stromal,0.46511627906976744,43,5936.5117653280495,2952.711468768679
1,330,2,DCIS_1,0.5357142857142857,56,5701.486844566464,3038.1917357834054
1,332,3,DCIS_1,0.8709677419354839,62,5701.486844566464,2952.711468768679
1,333,2,Stromal,0.38095238095238093,42,6054.024225708842,2867.2312017539516
1,334,2,DCIS_1,0.3880597014925373,67,5936.5117653280495,2867.2312017539516
1,335,2,Stromal,0.5833333333333334,36,6054.024225708842,2781.7509347392242
1,336,2,DCIS_1,0.4642857142857143,56,5936.5117653280495,2781.7509347392242
1,337,3,DCIS_1,0.8,60,5818.999304947257,2867.2312017539516
1,338,3,DCIS_1,0.9074074074074074,54,5701.486844566464,2867.2312017539516
1,339,3,DCIS_1,0.5844155844155844,77,5818.999304947257,2781.7509347392242
1,340,3,DCIS_1,0.4153846153846154,65,5701.486844566464,2781.7509347392242
1,341,1,Stromal,0.5652173913043478,69,5583.974384185672,4063.954939960129
1,342,1,Stromal,0.35443037974683544,79,5466.461923804879,4063.954939960129
1,343,1,Stromal,0.23595505617977527,89,5583.974384185672,3978.4746729454027
1,344,1,Stromal,0.31958762886597936,97,5466.461923804879,3978.4746729454027
1,345,1,Stromal,0.49122807017543857,57,5348.949463424086,4063.954939960129
1,346,1,Stromal,0.46551724137931033,58,5231.437003043294,4063.954939960129
1,347,1,Macrophages_1,0.23,100,5348.949463424086,3978.4746729454027
1,348,1,Stromal,0.3333333333333333,87,5231.437003043294,3978.4746729454027
1,349,1,Macrophages_1,0.1896551724137931,116,5583.974384185672,3892.9944059306754
1,350,1,Stromal,0.27722772277227725,101,5466.461923804879,3892.9944059306754
1,351,1,Stromal,0.5070422535211268,71,5583.974384185672,3807.514138915948
1,352,1,Stromal,0.4852941176470588,68,5466.461923804879,3807.514138915948
1,353,1,Macrophages_1,0.2978723404255319,94,5348.949463424086,3892.9944059306754
1,354,1,Stromal,0.5641025641025641,39,5231.437003043294,3892.9944059306754
1,355,2,Stromal,0.33707865168539325,89,5348.949463424086,3807.514138915948
1,356,2,Stromal,0.3389830508474576,59,5231.437003043294,3807.514138915948
1,357,1,Stromal,0.8055555555555556,72,5055.168312472105,4021.214806452766
1,358,1,Stromal,0.5797101449275363,69,4820.14339171052,4021.214806452766
1,359,2,Stromal,0.46060606060606063,165,5055.168312472105,3850.2542724233117
1,360,1,Stromal,0.6210526315789474,95,4820.14339171052,3850.2542724233117
1,361,2,DCIS_1,0.47368421052631576,57,5583.974384185672,3722.0338719012216
1,362,2,Stromal,0.48214285714285715,56,5466.461923804879,3722.0338719012216
1,363,3,DCIS_1,0.8888888888888888,54,5583.974384185672,3636.553604886494
1,364,3,DCIS_1,0.803030303030303,66,5466.461923804879,3636.553604886494
1,365,1,Stromal,0.5,64,5348.949463424086,3722.0338719012216
1,366,2,DCIS_1,0.35526315789473684,76,5231.437003043294,3722.0338719012216
1,369,3,DCIS_1,0.75,76,5583.974384185672,3551.073337871767
1,371,3,DCIS_1,0.8222222222222222,90,5583.974384185672,3465.5930708570404
1,373,2,DCIS_1,0.4375,64,5348.949463424086,3551.073337871767
1,374,2,DCIS_1,0.22857142857142856,70,5231.437003043294,3551.073337871767
1,376,2,DCIS_1,0.20930232558139536,86,5231.437003043294,3465.5930708570404
1,377,2,DCIS_1,0.3793103448275862,58,5113.924542662501,3722.0338719012216
1,378,2,Stromal,0.37254901960784315,51,4996.4120822817085,3722.0338719012216
1,379,2,Stromal,0.36619718309859156,71,5113.924542662501,3636.553604886494
1,380,2,Stromal,0.3125,48,4996.4120822817085,3636.553604886494
1,381,1,Stromal,0.59375,64,4820.14339171052,3679.293738393858
1,383,1,Stromal,0.5194805194805194,77,4820.14339171052,3508.3332043644036
1,384,2,Stromal,0.54,150,4585.118470948934,4021.214806452766
1,385,2,Stromal,0.5,34,4408.849780377745,4063.954939960129
1,386,2,Stromal,0.6216216216216216,37,4291.337319996953,4063.954939960129
1,387,2,Stromal,0.24,50,4408.849780377745,3978.4746729454027
1,388,2,Myoepi_ACTA2+,0.27710843373493976,83,4291.337319996953,3978.4746729454027
1,390,2,Stromal,0.3584905660377358,53,4408.849780377745,3892.9944059306754
1,391,2,Stromal,0.323943661971831,71,4291.337319996953,3892.9944059306754
1,392,2,Stromal,0.358974358974359,39,4408.849780377745,3807.514138915948
1,393,2,Stromal,0.37209302325581395,43,4291.337319996953,3807.514138915948
1,394,2,Myoepi_ACTA2+,0.38235294117647056,68,4173.82485961616,4063.954939960129
1,395,2,Myoepi_ACTA2+,0.3050847457627119,59,4056.3123992353676,4063.954939960129
1,396,2,Myoepi_ACTA2+,0.4,60,4173.82485961616,3978.4746729454027
1,397,2,Stromal,0.3958333333333333,48,4056.3123992353676,3978.4746729454027
1,398,1,Stromal,0.4523809523809524,42,3938.799938854575,4063.954939960129
1,399,1,Stromal,0.6,25,3821.2874784737824,4063.954939960129
1,401,2,Stromal,0.45454545454545453,66,3821.2874784737824,3978.4746729454027
1,402,2,Stromal,0.3487179487179487,195,4115.068629425764,3850.2542724233117
1,404,2,Stromal,0.37333333333333335,75,3821.2874784737824,3892.9944059306754
1,405,2,Stromal,0.36507936507936506,63,3938.799938854575,3807.514138915948
1,406,1,Stromal,0.5365853658536586,41,3821.2874784737824,3807.514138915948
1,407,2,Stromal,0.42953020134228187,149,4585.118470948934,3679.293738393858
1,408,2,Stromal,0.41818181818181815,55,4408.849780377745,3722.0338719012216
1,409,2,DCIS_2,0.484375,64,4291.337319996953,3722.0338719012216
1,410,2,Stromal,0.40425531914893614,47,4408.849780377745,3636.553604886494
1,411,2,Myoepi_ACTA2+,0.2857142857142857,42,4291.337319996953,3636.553604886494
1,412,2,Stromal,0.5089285714285714,112,4585.118470948934,3508.3332043644036
1,413,2,Stromal,0.5046728971962616,107,4350.093550187349,3508.3332043644036
1,414,2,Stromal,0.4074074074074074,162,4115.068629425764,3679.293738393858
1,415,2,Stromal,0.42857142857142855,154,3880.0437086641787,3679.293738393858
1,416,2,Stromal,0.3885350318471338,157,4115.068629425764,3508.3332043644036
1,417,1,Stromal,0.3983050847457627,118,3880.0437086641787,3508.3332043644036
1,418,3,DCIS_1,0.9032258064516129,62,5583.974384185672,3380.112803842313
1,419,2,DCIS_1,0.5873015873015873,63,5466.461923804879,3380.112803842313
1,420,2,DCIS_1,0.5555555555555556,54,5583.974384185672,3294.6325368275866
1,421,2,DCIS_1,0.578125,64,5466.461923804879,3294.6325368275866
1,422,2,DCIS_1,0.5660377358490566,53,5348.949463424086,3380.112803842313
1,423,2,Macrophages_1,0.23076923076923078,91,5231.437003043294,3380.112803842313
1,424,2,DCIS_1,0.47761194029850745,67,5348.949463424086,3294.6325368275866
1,425,2,DCIS_1,0.5753424657534246,73,5231.437003043294,3294.6325368275866
1,426,2,Stromal,0.336734693877551,196,5525.218153995275,3166.412136305496
1,427,2,DCIS_1,0.7619047619047619,63,5348.949463424086,3209.1522698128592
1,428,2,Stromal,0.35555555555555557,45,5231.437003043294,3209.1522698128592
1,429,2,DCIS_1,0.62,50,5348.949463424086,3123.672002798133
1,430,2,DCIS_1,0.48,50,5231.437003043294,3123.672002798133
1,431,2,Stromal,0.4358974358974359,156,5055.168312472105,3337.37267033495
1,432,1,Stromal,0.5304347826086957,115,4820.14339171052,3337.37267033495
1,433,1,Stromal,0.27638190954773867,199,5055.168312472105,3166.412136305496
1,434,1,Stromal,0.43956043956043955,91,4820.14339171052,3166.412136305496
1,436,2,Stromal,0.37209302325581395,43,5466.461923804879,3038.1917357834054
1,437,2,DCIS_1,0.43548387096774194,62,5583.974384185672,2952.711468768679
1,438,2,DCIS_1,0.49206349206349204,63,5466.461923804879,2952.711468768679
1,439,3,DCIS_1,0.6567164179104478,67,5348.949463424086,3038.1917357834054
1,440,2,DCIS_1,0.5571428571428572,70,5231.437003043294,3038.1917357834054
1,441,2,DCIS_1,0.7532467532467533,77,5348.949463424086,2952.711468768679
1,442,3,DCIS_1,0.7121212121212122,66,5231.437003043294,2952.711468768679
1,443,3,DCIS_1,0.5294117647058824,68,5583.974384185672,2867.2312017539516
1,444,2,Stromal,0.3333333333333333,54,5466.461923804879,2867.2312017539516
1,445,3,DCIS_1,0.3235294117647059,68,5583.974384185672,2781.7509347392242
1,446,2,Stromal,0.34285714285714286,35,5466.461923804879,2781.7509347392242
1,448,2,Stromal,0.4329896907216495,194,5055.168312472105,2995.451602276042
1,449,1,Stromal,0.625,96,4820.14339171052,2995.451602276042
1,450,2,Stromal,0.5217391304347826,92,5055.168312472105,2824.491068246588
1,451,1,CD4+_T_Cells,0.3567567567567568,185,4820.14339171052,2824.491068246588
1,452,1,Stromal,0.647887323943662,71,4585.118470948934,3337.37267033495
1,453,2,Myoepi_ACTA2+,0.41304347826086957,46,4408.849780377745,3380.112803842313
1,454,2,Stromal,0.36585365853658536,41,4291.337319996953,3380.112803842313
1,455,1,Stromal,0.41818181818181815,55,4408.849780377745,3294.6325368275866
1,456,1,Stromal,0.34375,64,4291.337319996953,3294.6325368275866
1,457,1,Stromal,0.7866666666666666,75,4585.118470948934,3166.412136305496
1,458,1,CD4+_T_Cells,0.3620689655172414,116,4408.849780377745,3209.1522698128592
1,459,1,B_Cells,0.25842696629213485,89,4291.337319996953,3209.1522698128592
1,460,1,B_Cells,0.25742574257425743,101,4408.849780377745,3123.672002798133
1,461,2,Stromal,0.5111111111111111,45,4291.337319996953,3123.672002798133
1,462,1,Stromal,0.5882352941176471,136,4115.068629425764,3337.37267033495
1,463,1,Stromal,0.7547169811320755,53,3880.0437086641787,3337.37267033495
1,464,1,Stromal,0.577639751552795,161,4115.068629425764,3166.412136305496
1,465,2,Stromal,0.4652777777777778,144,3880.0437086641787,3166.412136305496
1,466,1,Stromal,0.6632653061224489,98,4585.118470948934,2995.451602276042
1,467,2,DCIS_2,0.4397905759162304,191,4350.093550187349,2995.451602276042
1,468,1,Stromal,0.5324675324675324,77,4585.118470948934,2824.491068246588
1,469,2,Stromal,0.4260869565217391,115,4350.093550187349,2824.491068246588
1,470,1,Stromal,0.41420118343195267,169,4115.068629425764,2995.451602276042
1,471,2,Stromal,0.4873417721518987,158,3880.0437086641787,2995.451602276042
1,472,1,Stromal,0.41216216216216217,148,4115.068629425764,2824.491068246588
1,473,1,Stromal,0.6333333333333333,30,3938.799938854575,2867.2312017539516
1,474,2,Myoepi_ACTA2+,0.3620689655172414,58,3821.2874784737824,2867.2312017539516
1,475,2,Stromal,0.59375,32,3938.799938854575,2781.7509347392242
1,476,3,DCIS_2,0.36585365853658536,82,3821.2874784737824,2781.7509347392242
1,477,1,Stromal,0.9044117647058824,136,3057.4564859986303,5303.418811673671
1,478,1,Stromal,0.7096774193548387,124,3527.506327521801,4961.497743614763
1,479,1,Stromal,0.7398843930635838,173,3057.4564859986303,4961.497743614763
1,480,1,Stromal,0.9722222222222222,36,2704.9191048562525,5388.899078688399
1,481,0,Stromal,0.432,125,2469.8941840946673,5388.899078688399
1,482,1,Stromal,0.627906976744186,43,2704.9191048562525,5217.938544658944
1,483,0,Invasive_Tumor,0.6415094339622641,159,2469.8941840946673,5217.938544658944
1,484,1,Stromal,0.9746835443037974,158,2117.3568029522894,5303.418811673671
1,485,1,Stromal,0.7352941176470589,68,2469.8941840946673,5046.978010629489
1,487,1,Stromal,0.896551724137931,58,2469.8941840946673,4876.017476600036
1,488,1,Stromal,0.813953488372093,172,2117.3568029522894,4961.497743614763
1,489,1,Stromal,1.0,40,3645.0187879025934,4705.056942570582
1,490,1,Stromal,0.9583333333333334,72,3409.993867141008,4705.056942570582
1,491,1,Stromal,0.8888888888888888,99,3645.0187879025934,4534.096408541129
1,492,1,Stromal,0.9069767441860465,86,3409.993867141008,4534.096408541129
1,493,1,Stromal,0.9054054054054054,74,3174.968946379423,4705.056942570582
1,494,1,Stromal,0.8243243243243243,74,2939.9440256178377,4705.056942570582
1,495,1,Stromal,0.9142857142857143,35,3174.968946379423,4534.096408541129
1,496,1,Stromal,0.7857142857142857,42,2939.9440256178377,4534.096408541129
1,497,1,Stromal,0.9305555555555556,72,3645.0187879025934,4363.135874511674
1,498,1,Stromal,0.8,55,3409.993867141008,4363.135874511674
1,499,1,Stromal,0.8717948717948718,78,3645.0187879025934,4192.175340482219
1,500,1,Stromal,0.975,40,3409.993867141008,4192.175340482219
1,501,1,Stromal,0.891566265060241,166,3057.4564859986303,4277.655607496947
1,502,1,Stromal,0.7291666666666666,96,2704.9191048562525,4705.056942570582
1,503,1,Stromal,0.9759036144578314,83,2469.8941840946673,4705.056942570582
1,504,1,Stromal,0.8979591836734694,49,2704.9191048562525,4534.096408541129
1,505,1,Stromal,0.9148936170212766,47,2469.8941840946673,4534.096408541129
1,506,1,Stromal,0.9105691056910569,123,2117.3568029522894,4619.576675555855
1,507,1,Stromal,0.8181818181818182,143,2587.40664447546,4277.655607496947
1,508,1,Stromal,0.8113207547169812,159,2117.3568029522894,4277.655607496947
1,509,0,Stromal,0.6971830985915493,142,1647.306961429119,5303.418811673671
1,511,1,Stromal,0.40298507462686567,67,1059.7446595251558,5388.899078688399
1,513,1,Stromal,0.6310679611650486,103,1059.7446595251558,5217.938544658944
1,514,0,Invasive_Tumor,0.7350427350427351,117,1529.7945010483263,5046.978010629489
1,515,1,Stromal,0.6363636363636364,33,1764.8194218099115,4876.017476600036
1,516,0,Invasive_Tumor,0.7368421052631579,38,1588.5507312387226,4918.757610107399
1,517,0,Invasive_Tumor,0.59375,64,1471.03827085793,4918.757610107399
1,518,0,Invasive_Tumor,0.6808510638297872,47,1588.5507312387226,4833.277343092673
1,519,0,Invasive_Tumor,0.6491228070175439,57,1471.03827085793,4833.277343092673
1,520,0,Invasive_Tumor,0.6707317073170732,164,1294.769580286741,5046.978010629489
1,521,0,Invasive_Tumor,0.6229508196721312,61,1059.7446595251558,5046.978010629489
1,522,0,Invasive_Tumor,0.6666666666666666,54,1353.5258104771374,4918.757610107399
1,523,0,Invasive_Tumor,0.7049180327868853,61,1236.0133500963448,4918.757610107399
1,524,0,Invasive_Tumor,0.6610169491525424,59,1353.5258104771374,4833.277343092673
1,525,0,Invasive_Tumor,0.7794117647058824,68,1236.0133500963448,4833.277343092673
1,526,0,Invasive_Tumor,0.6774193548387096,62,1118.5008897155521,4918.757610107399
1,528,0,Invasive_Tumor,0.7111111111111111,45,1118.5008897155521,4833.277343092673
1,529,0,Invasive_Tumor,0.7230769230769231,65,1000.9884293347595,4833.277343092673
1,530,2,Stromal,0.34782608695652173,46,883.475968953967,5431.6392121957615
1,531,2,DCIS_2,0.6229508196721312,61,765.9635085731744,5431.6392121957615
1,532,2,DCIS_2,0.2553191489361702,47,883.475968953967,5346.158945181035
1,533,2,DCIS_2,0.4925373134328358,67,765.9635085731744,5346.158945181035
1,534,2,DCIS_2,0.4406779661016949,59,648.4510481923818,5431.6392121957615
1,536,2,Stromal,0.24242424242424243,33,648.4510481923818,5346.158945181035
1,538,2,Stromal,0.28888888888888886,45,883.475968953967,5260.678678166308
1,539,2,DCIS_2,0.5151515151515151,66,765.9635085731744,5260.678678166308
1,540,1,Stromal,0.45652173913043476,46,883.475968953967,5175.19841115158
1,541,2,Stromal,0.46938775510204084,49,765.9635085731744,5175.19841115158
1,542,2,Stromal,0.29545454545454547,44,648.4510481923818,5260.678678166308
1,543,2,DCIS_2,0.3404255319148936,47,530.9385878115892,5260.678678166308
1,544,2,Myoepi_ACTA2+,0.4264705882352941,68,648.4510481923818,5175.19841115158
1,545,2,DCIS_2,0.3382352941176471,68,530.9385878115892,5175.19841115158
1,548,2,DCIS_2,0.2631578947368421,38,413.4261274307966,5346.158945181035
1,549,2,B_Cells,0.3898305084745763,59,295.913667050004,5346.158945181035
1,550,1,CD4+_T_Cells,0.46534653465346537,101,178.40120666921138,5431.6392121957615
1,551,1,CD4+_T_Cells,0.3372093023255814,86,60.888746288418766,5431.6392121957615
1,552,1,Stromal,0.35185185185185186,54,178.40120666921138,5346.158945181035
1,554,3,DCIS_2,0.7142857142857143,70,413.4261274307966,5260.678678166308
1,555,2,DCIS_2,0.7346938775510204,49,295.913667050004,5260.678678166308
1,556,2,DCIS_2,0.45714285714285713,70,413.4261274307966,5175.19841115158
1,557,3,DCIS_2,0.9215686274509803,51,295.913667050004,5175.19841115158
1,558,2,Stromal,0.3148148148148148,54,178.40120666921138,5260.678678166308
1,559,1,Stromal,0.3698630136986301,73,60.888746288418766,5260.678678166308
1,561,1,Stromal,0.358974358974359,78,60.888746288418766,5175.19841115158
1,562,1,Stromal,0.5555555555555556,36,883.475968953967,5089.718144136853
1,563,1,Stromal,0.4507042253521127,71,765.9635085731744,5089.718144136853
1,564,1,Stromal,0.6666666666666666,30,883.475968953967,5004.2378771221265
1,565,1,CD4+_T_Cells,0.24691358024691357,81,765.9635085731744,5004.2378771221265
1,566,2,Macrophages_1,0.352112676056338,71,648.4510481923818,5089.718144136853
1,567,2,Stromal,0.3877551020408163,49,530.9385878115892,5089.718144136853
1,568,1,Stromal,0.5106382978723404,47,648.4510481923818,5004.2378771221265
1,569,2,DCIS_2,0.22641509433962265,53,530.9385878115892,5004.2378771221265
1,570,1,Stromal,0.4423076923076923,52,883.475968953967,4918.757610107399
1,571,1,Stromal,0.2826086956521739,92,765.9635085731744,4918.757610107399
1,572,0,B_Cells,0.2463768115942029,69,883.475968953967,4833.277343092673
1,574,1,Stromal,0.32222222222222224,90,648.4510481923818,4918.757610107399
1,575,2,Stromal,0.36,75,530.9385878115892,4918.757610107399
1,576,0,CD4+_T_Cells,0.2876712328767123,73,648.4510481923818,4833.277343092673
1,577,1,CD4+_T_Cells,0.31297709923664124,131,530.9385878115892,4833.277343092673
1,578,2,Stromal,0.30303030303030304,66,413.4261274307966,5089.718144136853
1,579,2,Stromal,0.2807017543859649,57,295.913667050004,5089.718144136853
1,580,2,CD4+_T_Cells,0.275,80,413.4261274307966,5004.2378771221265
1,581,2,DCIS_2,0.21052631578947367,76,295.913667050004,5004.2378771221265
1,582,2,CD8+_T_Cells,0.2872340425531915,94,178.40120666921138,5089.718144136853
1,583,1,Macrophages_1,0.34615384615384615,104,60.888746288418766,5089.718144136853
1,584,2,CD8+_T_Cells,0.29896907216494845,97,178.40120666921138,5004.2378771221265
1,586,2,CD8+_T_Cells,0.25961538461538464,104,413.4261274307966,4918.757610107399
1,587,2,DCIS_2,0.36470588235294116,85,295.913667050004,4918.757610107399
1,588,1,CD4+_T_Cells,0.47928994082840237,169,413.4261274307966,4833.277343092673
1,590,2,DCIS_2,0.323943661971831,71,178.40120666921138,4918.757610107399
1,591,2,Stromal,0.22988505747126436,87,60.888746288418766,4918.757610107399
1,592,1,Stromal,0.3764705882352941,85,178.40120666921138,4833.277343092673
1,593,2,DCIS_2,0.4716981132075472,53,60.888746288418766,4833.277343092673
1,594,0,Stromal,0.5853658536585366,41,1764.8194218099115,4705.056942570582
1,595,0,Invasive_Tumor,0.4528301886792453,159,1529.7945010483263,4705.056942570582
1,596,0,Stromal,0.4430379746835443,79,1764.8194218099115,4534.096408541129
1,597,0,Invasive_Tumor,0.6282722513089005,191,1529.7945010483263,4534.096408541129
1,598,0,Invasive_Tumor,0.7049180327868853,61,1353.5258104771374,4747.797076077945
1,599,0,Invasive_Tumor,0.4166666666666667,60,1236.0133500963448,4747.797076077945
1,600,0,Invasive_Tumor,0.7058823529411765,68,1353.5258104771374,4662.316809063219
1,601,0,Invasive_Tumor,0.6933333333333334,75,1236.0133500963448,4662.316809063219
1,602,0,Invasive_Tumor,0.532258064516129,62,1118.5008897155521,4747.797076077945
1,603,0,Invasive_Tumor,0.7543859649122807,57,1000.9884293347595,4747.797076077945
1,604,0,Invasive_Tumor,0.8253968253968254,63,1118.5008897155521,4662.316809063219
1,605,0,Invasive_Tumor,0.6170212765957447,47,1000.9884293347595,4662.316809063219
1,606,0,Invasive_Tumor,0.660377358490566,53,1353.5258104771374,4576.8365420484915
1,609,3,Invasive_Tumor,0.9375,48,1236.0133500963448,4491.356275033765
1,610,0,Invasive_Tumor,0.4898989898989899,198,1059.7446595251558,4534.096408541129
1,611,0,Stromal,0.5567567567567567,185,1647.306961429119,4277.655607496947
1,614,0,Stromal,0.25806451612903225,62,1000.9884293347595,4405.876008019038
1,615,0,Invasive_Tumor,0.821917808219178,73,1118.5008897155521,4320.39574100431
1,616,0,Invasive_Tumor,0.3953488372093023,43,1000.9884293347595,4320.39574100431
1,617,0,Stromal,0.47560975609756095,82,1294.769580286741,4192.175340482219
1,618,0,Invasive_Tumor,0.47,200,1059.7446595251558,4192.175340482219
1,620,0,Stromal,0.4262295081967213,61,648.4510481923818,4747.797076077945
1,621,2,CD4+_T_Cells,0.3291139240506329,79,530.9385878115892,4747.797076077945
1,622,0,Stromal,0.5526315789473685,38,648.4510481923818,4662.316809063219
1,624,0,Invasive_Tumor,0.46368715083798884,179,824.7197387635707,4534.096408541129
1,625,0,Stromal,0.410958904109589,73,648.4510481923818,4576.8365420484915
1,626,2,Myoepi_ACTA2+,0.49333333333333335,75,530.9385878115892,4576.8365420484915
1,627,0,Invasive_Tumor,0.47540983606557374,61,648.4510481923818,4491.356275033765
1,628,2,Stromal,0.4117647058823529,85,530.9385878115892,4491.356275033765
1,629,1,CD4+_T_Cells,0.4430379746835443,158,413.4261274307966,4747.797076077945
1,630,2,CD4+_T_Cells,0.42105263157894735,114,295.913667050004,4747.797076077945
1,631,1,Stromal,0.4461538461538462,65,413.4261274307966,4662.316809063219
1,632,2,Stromal,0.2765957446808511,94,295.913667050004,4662.316809063219
1,633,1,Stromal,0.2876712328767123,73,178.40120666921138,4747.797076077945
1,634,2,DCIS_2,0.30666666666666664,75,60.888746288418766,4747.797076077945
1,635,2,Stromal,0.3108108108108108,74,178.40120666921138,4662.316809063219
1,637,2,Stromal,0.5277777777777778,72,413.4261274307966,4576.8365420484915
1,638,2,DCIS_2,0.36363636363636365,55,295.913667050004,4576.8365420484915
1,639,2,DCIS_2,0.7636363636363637,55,413.4261274307966,4491.356275033765
1,640,1,Stromal,0.6721311475409836,61,295.913667050004,4491.356275033765
1,641,2,Stromal,0.26,100,178.40120666921138,4576.8365420484915
1,642,2,Stromal,0.2777777777777778,54,60.888746288418766,4576.8365420484915
1,643,1,CD4+_T_Cells,0.3433734939759036,166,178.40120666921138,4491.356275033765
1,644,2,CD4+_T_Cells,0.3026315789473684,76,60.888746288418766,4491.356275033765
1,645,0,Invasive_Tumor,0.49230769230769234,195,824.7197387635707,4363.135874511674
1,646,0,Invasive_Tumor,0.48148148148148145,54,648.4510481923818,4405.876008019038
1,647,2,Stromal,0.3595505617977528,89,530.9385878115892,4405.876008019038
1,648,0,Invasive_Tumor,0.7413793103448276,58,648.4510481923818,4320.39574100431
1,649,0,Stromal,0.4358974358974359,78,530.9385878115892,4320.39574100431
1,650,0,Invasive_Tumor,0.6098901098901099,182,824.7197387635707,4192.175340482219
1,651,0,Invasive_Tumor,0.4528301886792453,53,648.4510481923818,4234.915473989583
1,652,0,Stromal,0.35714285714285715,56,530.9385878115892,4234.915473989583
1,653,0,Invasive_Tumor,0.5223880597014925,67,648.4510481923818,4149.435206974857
1,654,0,Invasive_Tumor,0.30158730158730157,63,530.9385878115892,4149.435206974857
1,656,2,Stromal,0.6111111111111112,72,295.913667050004,4405.876008019038
1,657,2,Stromal,0.3523809523809524,105,413.4261274307966,4320.39574100431
1,658,2,Stromal,0.6527777777777778,72,295.913667050004,4320.39574100431
1,659,1,CD4+_T_Cells,0.3795620437956204,137,178.40120666921138,4405.876008019038
1,660,2,CD4+_T_Cells,0.4051724137931034,116,60.888746288418766,4405.876008019038
1,662,1,CD4+_T_Cells,0.5142857142857142,140,60.888746288418766,4320.39574100431
1,663,1,Stromal,0.6056338028169014,71,413.4261274307966,4234.915473989583
1,665,0,Stromal,0.3684210526315789,38,413.4261274307966,4149.435206974857
1,666,0,Invasive_Tumor,0.660377358490566,53,295.913667050004,4149.435206974857
1,667,0,Stromal,0.5151515151515151,66,178.40120666921138,4234.915473989583
1,668,1,CD4+_T_Cells,0.3706293706293706,143,60.888746288418766,4234.915473989583
1,670,0,Stromal,0.5882352941176471,68,60.888746288418766,4149.435206974857
1,671,1,Stromal,0.8777777777777778,90,3645.0187879025934,4021.214806452766
1,672,1,Stromal,0.6810344827586207,116,3409.993867141008,4021.214806452766
1,673,1,Stromal,0.5117647058823529,170,3645.0187879025934,3850.2542724233117
1,675,1,Stromal,0.7662337662337663,77,3174.968946379423,4021.214806452766
1,676,1,Stromal,0.8333333333333334,36,2939.9440256178377,4021.214806452766
1,677,1,Stromal,0.7380952380952381,84,3174.968946379423,3850.2542724233117
1,678,1,Stromal,0.7837837837837838,74,2939.9440256178377,3850.2542724233117
1,680,1,Stromal,0.38461538461538464,65,3586.262557712197,3722.0338719012216
1,681,1,Stromal,0.38095238095238093,63,3703.7750180929897,3636.553604886494
1,682,1,Stromal,0.7631578947368421,38,3586.262557712197,3636.553604886494
1,684,1,Stromal,0.7843137254901961,102,3645.0187879025934,3508.3332043644036
1,685,1,Stromal,0.9154929577464789,71,3409.993867141008,3508.3332043644036
1,686,1,Stromal,0.7672413793103449,116,3174.968946379423,3679.293738393858
1,687,1,Stromal,0.7701149425287356,87,2939.9440256178377,3679.293738393858
1,688,1,Stromal,0.9230769230769231,65,3174.968946379423,3508.3332043644036
1,689,1,Stromal,0.675,120,2939.9440256178377,3508.3332043644036
1,690,1,Stromal,0.8368421052631579,190,2587.40664447546,3935.734539438039
1,691,1,Stromal,0.8888888888888888,171,2117.3568029522894,3935.734539438039
1,692,1,Stromal,0.7166666666666667,120,2704.9191048562525,3679.293738393858
1,693,1,Stromal,0.5798319327731093,119,2469.8941840946673,3679.293738393858
1,694,1,Stromal,0.3333333333333333,84,2763.675335046649,3551.073337871767
1,695,1,Stromal,0.42592592592592593,54,2646.162874665856,3551.073337871767
1,696,1,CD4+_T_Cells,0.45161290322580644,124,2763.675335046649,3465.5930708570404
1,697,1,CD8+_T_Cells,0.3185840707964602,113,2646.162874665856,3465.5930708570404
1,698,1,Stromal,0.7927927927927928,111,2469.8941840946673,3508.3332043644036
1,699,1,Stromal,0.65625,96,2234.869263333082,3679.293738393858
1,701,1,Stromal,0.32323232323232326,99,2293.6254935234783,3551.073337871767
1,702,1,CD4+_T_Cells,0.3941176470588235,170,2176.1130331426857,3551.073337871767
1,703,1,CD4+_T_Cells,0.29411764705882354,136,2293.6254935234783,3465.5930708570404
1,704,1,CD4+_T_Cells,0.3088235294117647,136,2176.1130331426857,3465.5930708570404
1,705,1,CD4+_T_Cells,0.3161764705882353,136,2058.600572761893,3551.073337871767
1,706,1,CD4+_T_Cells,0.3287671232876712,146,1941.0881123811005,3551.073337871767
1,707,2,Stromal,0.4722222222222222,108,2058.600572761893,3465.5930708570404
1,708,1,CD4+_T_Cells,0.3194444444444444,144,1941.0881123811005,3465.5930708570404
1,709,1,Stromal,0.84,50,3645.0187879025934,3337.37267033495
1,710,1,Stromal,0.9692307692307692,65,3409.993867141008,3337.37267033495
1,711,2,Stromal,0.44,50,3703.7750180929897,3209.1522698128592
1,712,2,Myoepi_ACTA2+,0.4827586206896552,58,3586.262557712197,3209.1522698128592
1,714,2,Myoepi_ACTA2+,0.3469387755102041,49,3586.262557712197,3123.672002798133
1,715,1,Stromal,0.8709677419354839,62,3409.993867141008,3166.412136305496
1,716,1,Stromal,0.9841269841269841,63,3174.968946379423,3337.37267033495
1,717,1,Stromal,0.54,200,2939.9440256178377,3337.37267033495
1,718,1,Stromal,0.8958333333333334,96,3174.968946379423,3166.412136305496
1,719,1,Stromal,0.5342465753424658,73,2998.700255808234,3209.1522698128592
1,720,1,Stromal,0.676923076923077,65,2881.1877954274414,3209.1522698128592
1,721,1,Stromal,0.4155844155844156,77,2998.700255808234,3123.672002798133
1,722,2,Myoepi_ACTA2+,0.3037974683544304,79,2881.1877954274414,3123.672002798133
1,723,2,DCIS_2,0.38095238095238093,63,3703.7750180929897,3038.1917357834054
1,724,2,Stromal,0.8214285714285714,28,3586.262557712197,3038.1917357834054
1,725,3,DCIS_2,0.782608695652174,69,3703.7750180929897,2952.711468768679
1,726,2,Stromal,0.32608695652173914,46,3586.262557712197,2952.711468768679
1,727,1,Stromal,0.7375,80,3409.993867141008,2995.451602276042
1,728,2,Stromal,0.3496932515337423,163,3645.0187879025934,2824.491068246588
1,729,1,Stromal,0.9117647058823529,68,3409.993867141008,2824.491068246588
1,730,1,Stromal,0.6721311475409836,122,3174.968946379423,2995.451602276042
1,731,1,CD4+_T_Cells,0.29896907216494845,97,2998.700255808234,3038.1917357834054
1,732,2,Myoepi_ACTA2+,0.4782608695652174,92,2881.1877954274414,3038.1917357834054
1,733,1,CD4+_T_Cells,0.4069767441860465,86,2998.700255808234,2952.711468768679
1,734,2,Myoepi_ACTA2+,0.4375,48,2881.1877954274414,2952.711468768679
1,735,1,Stromal,0.9493670886075949,79,3174.968946379423,2824.491068246588
1,736,1,Stromal,0.6901408450704225,71,2998.700255808234,2867.2312017539516
1,737,2,DCIS_2,0.3050847457627119,59,2881.1877954274414,2867.2312017539516
1,738,1,Stromal,0.875,64,2998.700255808234,2781.7509347392242
1,739,2,Stromal,0.5370370370370371,54,2881.1877954274414,2781.7509347392242
1,740,1,Stromal,0.3132530120481928,83,2763.675335046649,3380.112803842313
1,741,1,CD4+_T_Cells,0.2923076923076923,130,2646.162874665856,3380.112803842313
1,742,1,Stromal,0.6666666666666666,48,2763.675335046649,3294.6325368275866
1,743,1,Stromal,0.37662337662337664,77,2646.162874665856,3294.6325368275866
1,744,1,Stromal,0.5898876404494382,178,2469.8941840946673,3337.37267033495
1,745,1,Stromal,0.559322033898305,59,2763.675335046649,3209.1522698128592
1,746,1,Stromal,0.5555555555555556,63,2646.162874665856,3209.1522698128592
1,747,2,Stromal,0.5106382978723404,47,2763.675335046649,3123.672002798133
1,748,1,Stromal,0.6666666666666666,39,2646.162874665856,3123.672002798133
1,749,1,Stromal,0.46153846153846156,65,2528.6504142850636,3209.1522698128592
1,751,1,Stromal,0.7083333333333334,48,2528.6504142850636,3123.672002798133
1,752,1,Stromal,0.5306122448979592,49,2411.137953904271,3123.672002798133
1,753,1,B_Cells,0.2523364485981308,107,2293.6254935234783,3380.112803842313
1,754,2,Stromal,0.20754716981132076,106,2176.1130331426857,3380.112803842313
1,755,1,Stromal,0.45977011494252873,87,2293.6254935234783,3294.6325368275866
1,756,1,Stromal,0.5,80,2176.1130331426857,3294.6325368275866
1,757,2,Myoepi_KRT15+,0.4,95,2058.600572761893,3380.112803842313
1,758,2,Stromal,0.45098039215686275,102,1941.0881123811005,3380.112803842313
1,759,2,Stromal,0.5113636363636364,88,2058.600572761893,3294.6325368275866
1,760,2,Stromal,0.5324675324675324,77,1941.0881123811005,3294.6325368275866
1,762,2,Stromal,0.49019607843137253,51,2176.1130331426857,3209.1522698128592
1,764,2,Stromal,0.5087719298245614,57,2176.1130331426857,3123.672002798133
1,765,2,Stromal,0.625,64,2058.600572761893,3209.1522698128592
1,767,1,Stromal,0.95,40,2058.600572761893,3123.672002798133
1,768,2,Stromal,0.4117647058823529,68,1941.0881123811005,3123.672002798133
1,770,2,Myoepi_ACTA2+,0.4657534246575342,73,2646.162874665856,3038.1917357834054
1,771,2,Myoepi_ACTA2+,0.41025641025641024,39,2763.675335046649,2952.711468768679
1,772,2,Myoepi_ACTA2+,0.4473684210526316,76,2646.162874665856,2952.711468768679
1,773,1,Stromal,0.6923076923076923,156,2469.8941840946673,2995.451602276042
1,774,2,Myoepi_KRT15+,0.37209302325581395,86,2763.675335046649,2867.2312017539516
1,775,2,Stromal,0.5689655172413793,58,2646.162874665856,2867.2312017539516
1,776,2,Myoepi_ACTA2+,0.47191011235955055,89,2763.675335046649,2781.7509347392242
1,777,1,Stromal,0.6419753086419753,81,2646.162874665856,2781.7509347392242
1,778,1,Stromal,0.7526881720430108,93,2469.8941840946673,2824.491068246588
1,779,1,Stromal,0.5185185185185185,81,2293.6254935234783,3038.1917357834054
1,780,2,Stromal,0.8285714285714286,35,2176.1130331426857,3038.1917357834054
1,781,1,Stromal,0.4342105263157895,76,2293.6254935234783,2952.711468768679
1,782,2,Stromal,0.5333333333333333,45,2176.1130331426857,2952.711468768679
1,783,2,DCIS_2,0.5625,64,2058.600572761893,3038.1917357834054
1,784,2,DCIS_2,0.5862068965517241,58,1941.0881123811005,3038.1917357834054
1,785,3,DCIS_2,0.9516129032258065,62,2058.600572761893,2952.711468768679
1,786,3,DCIS_2,0.8205128205128205,39,1941.0881123811005,2952.711468768679
1,787,1,Stromal,0.5,78,2293.6254935234783,2867.2312017539516
1,788,2,Stromal,0.4489795918367347,49,2176.1130331426857,2867.2312017539516
1,789,1,Stromal,0.4,90,2293.6254935234783,2781.7509347392242
1,790,2,Stromal,0.5932203389830508,59,2176.1130331426857,2781.7509347392242
1,791,3,DCIS_2,0.9024390243902439,41,2058.600572761893,2867.2312017539516
1,792,2,DCIS_2,0.39344262295081966,61,1941.0881123811005,2867.2312017539516
1,793,2,DCIS_2,0.4528301886792453,53,2058.600572761893,2781.7509347392242
1,794,2,Stromal,0.8235294117647058,51,1941.0881123811005,2781.7509347392242
1,795,1,Stromal,0.44871794871794873,78,1294.769580286741,4021.214806452766
1,796,0,Invasive_Tumor,0.5751633986928104,153,1059.7446595251558,4021.214806452766
1,797,0,Invasive_Tumor,0.5533333333333333,150,1294.769580286741,3850.2542724233117
1,798,0,Invasive_Tumor,0.7333333333333333,45,1118.5008897155521,3892.9944059306754
1,799,0,Invasive_Tumor,0.46551724137931033,58,1000.9884293347595,3892.9944059306754
1,800,3,Invasive_Tumor,0.7951807228915663,83,1118.5008897155521,3807.514138915948
1,801,3,Invasive_Tumor,0.7246376811594203,69,1000.9884293347595,3807.514138915948
1,802,1,Stromal,0.8653846153846154,52,1764.8194218099115,3679.293738393858
1,803,0,Invasive_Tumor,0.44370860927152317,151,1529.7945010483263,3679.293738393858
1,804,1,Stromal,0.6578947368421053,38,1823.5756520003079,3551.073337871767
1,805,1,Invasive_Tumor,0.5,24,1706.0631916195152,3551.073337871767
1,806,1,Stromal,0.3076923076923077,117,1823.5756520003079,3465.5930708570404
1,807,0,Stromal,0.375,32,1706.0631916195152,3465.5930708570404
1,808,0,Invasive_Tumor,0.625,48,1588.5507312387226,3551.073337871767
1,809,0,Invasive_Tumor,0.9565217391304348,69,1471.03827085793,3551.073337871767
1,811,0,Invasive_Tumor,0.6346153846153846,52,1471.03827085793,3465.5930708570404
1,812,0,Stromal,0.4298245614035088,114,1294.769580286741,3679.293738393858
1,813,0,Invasive_Tumor,0.38235294117647056,170,1059.7446595251558,3679.293738393858
1,814,3,Invasive_Tumor,0.8591549295774648,71,1353.5258104771374,3551.073337871767
1,815,0,Invasive_Tumor,0.7702702702702703,74,1236.0133500963448,3551.073337871767
1,817,0,Invasive_Tumor,0.6282051282051282,78,1236.0133500963448,3465.5930708570404
1,818,3,Invasive_Tumor,0.8227848101265823,79,1118.5008897155521,3551.073337871767
1,819,0,CD4+_T_Cells,0.36666666666666664,30,1000.9884293347595,3551.073337871767
1,821,0,Invasive_Tumor,0.7105263157894737,76,1000.9884293347595,3465.5930708570404
1,822,0,Invasive_Tumor,0.41954022988505746,174,824.7197387635707,4021.214806452766
1,823,0,Invasive_Tumor,0.48947368421052634,190,589.6948180019855,4021.214806452766
1,825,0,Invasive_Tumor,0.631578947368421,57,765.9635085731744,3892.9944059306754
1,826,0,Invasive_Tumor,0.5471698113207547,53,883.475968953967,3807.514138915948
1,829,0,Stromal,0.2962962962962963,54,530.9385878115892,3892.9944059306754
1,830,0,Invasive_Tumor,0.8,65,648.4510481923818,3807.514138915948
1,831,0,Macrophages_1,0.28205128205128205,78,530.9385878115892,3807.514138915948
1,832,0,Invasive_Tumor,0.45,180,354.6698972404003,4021.214806452766
1,833,0,Invasive_Tumor,0.5357142857142857,56,178.40120666921138,4063.954939960129
1,834,0,Stromal,0.391304347826087,46,60.888746288418766,4063.954939960129
1,835,0,Invasive_Tumor,0.5660377358490566,53,178.40120666921138,3978.4746729454027
1,836,0,Invasive_Tumor,0.62,50,60.888746288418766,3978.4746729454027
1,837,0,Invasive_Tumor,0.5434782608695652,46,413.4261274307966,3892.9944059306754
1,838,0,Invasive_Tumor,0.5555555555555556,54,295.913667050004,3892.9944059306754
1,839,0,Invasive_Tumor,0.6792452830188679,53,413.4261274307966,3807.514138915948
1,841,0,Invasive_Tumor,0.5434782608695652,46,178.40120666921138,3892.9944059306754
1,842,0,Invasive_Tumor,0.75,44,60.888746288418766,3892.9944059306754
1,843,0,Invasive_Tumor,0.3584905660377358,53,178.40120666921138,3807.514138915948
1,844,0,Invasive_Tumor,0.3380281690140845,71,60.888746288418766,3807.514138915948
1,846,3,Invasive_Tumor,0.8793103448275862,58,648.4510481923818,3722.0338719012216
1,847,0,Invasive_Tumor,0.5454545454545454,55,530.9385878115892,3722.0338719012216
1,848,0,Invasive_Tumor,0.4807692307692308,52,648.4510481923818,3636.553604886494
1,849,0,Invasive_Tumor,0.765625,64,530.9385878115892,3636.553604886494
1,850,0,Invasive_Tumor,0.6829268292682927,164,824.7197387635707,3508.3332043644036
1,851,0,Invasive_Tumor,0.7222222222222222,54,648.4510481923818,3551.073337871767
1,852,0,Invasive_Tumor,0.7413793103448276,58,530.9385878115892,3551.073337871767
1,853,0,Invasive_Tumor,0.7037037037037037,54,648.4510481923818,3465.5930708570404
1,854,0,Invasive_Tumor,0.6615384615384615,65,530.9385878115892,3465.5930708570404
1,855,0,Invasive_Tumor,0.49444444444444446,180,354.6698972404003,3679.293738393858
1,856,0,Stromal,0.38095238095238093,42,178.40120666921138,3722.0338719012216
1,858,0,Stromal,0.4772727272727273,44,178.40120666921138,3636.553604886494
1,859,0,Invasive_Tumor,0.3484848484848485,66,60.888746288418766,3636.553604886494
1,860,0,Invasive_Tumor,0.45161290322580644,186,354.6698972404003,3508.3332043644036
1,862,0,Stromal,0.22784810126582278,79,60.888746288418766,3551.073337871767
1,863,0,Stromal,0.44,50,178.40120666921138,3465.5930708570404
1,864,0,Stromal,0.36363636363636365,44,60.888746288418766,3465.5930708570404
1,865,1,B_Cells,0.30952380952380953,126,1823.5756520003079,3380.112803842313
1,866,0,Stromal,0.5531914893617021,47,1706.0631916195152,3380.112803842313
1,867,1,CD4+_T_Cells,0.3333333333333333,120,1823.5756520003079,3294.6325368275866
1,869,0,Invasive_Tumor,0.450261780104712,191,1529.7945010483263,3337.37267033495
1,871,1,Stromal,0.3368421052631579,95,1706.0631916195152,3209.1522698128592
1,872,1,Stromal,0.5779816513761468,109,1823.5756520003079,3123.672002798133
1,873,1,Stromal,0.375,104,1706.0631916195152,3123.672002798133
1,874,0,Invasive_Tumor,0.3157894736842105,57,1588.5507312387226,3209.1522698128592
1,875,0,CD4+_T_Cells,0.3283582089552239,134,1471.03827085793,3209.1522698128592
1,876,0,Stromal,0.3472222222222222,72,1588.5507312387226,3123.672002798133
1,877,0,CD4+_T_Cells,0.5954198473282443,131,1471.03827085793,3123.672002798133
1,878,0,Invasive_Tumor,0.8245614035087719,57,1353.5258104771374,3380.112803842313
1,879,0,Invasive_Tumor,0.28846153846153844,52,1236.0133500963448,3380.112803842313
1,880,0,Invasive_Tumor,0.8,65,1353.5258104771374,3294.6325368275866
1,881,0,Invasive_Tumor,0.4827586206896552,58,1236.0133500963448,3294.6325368275866
1,882,0,Invasive_Tumor,0.8026315789473685,76,1118.5008897155521,3380.112803842313
1,883,0,Invasive_Tumor,0.8767123287671232,73,1000.9884293347595,3380.112803842313
1,884,0,Invasive_Tumor,0.7567567567567568,74,1118.5008897155521,3294.6325368275866
1,885,0,Invasive_Tumor,0.7230769230769231,65,1000.9884293347595,3294.6325368275866
1,886,0,Invasive_Tumor,0.7586206896551724,58,1353.5258104771374,3209.1522698128592
1,887,0,Invasive_Tumor,0.7727272727272727,66,1236.0133500963448,3209.1522698128592
1,888,0,Invasive_Tumor,0.803030303030303,66,1353.5258104771374,3123.672002798133
1,889,0,Invasive_Tumor,0.46774193548387094,62,1236.0133500963448,3123.672002798133
1,890,0,Invasive_Tumor,0.8714285714285714,70,1118.5008897155521,3209.1522698128592
1,891,0,Invasive_Tumor,0.6363636363636364,66,1000.9884293347595,3209.1522698128592
1,892,0,Invasive_Tumor,0.5714285714285714,77,1118.5008897155521,3123.672002798133
1,893,0,Invasive_Tumor,0.6885245901639344,61,1000.9884293347595,3123.672002798133
1,894,2,Stromal,0.7058823529411765,68,1823.5756520003079,3038.1917357834054
1,895,1,Stromal,0.45454545454545453,88,1706.0631916195152,3038.1917357834054
1,896,2,DCIS_2,0.5692307692307692,65,1823.5756520003079,2952.711468768679
1,897,1,Stromal,0.6944444444444444,72,1706.0631916195152,2952.711468768679
1,898,1,Stromal,0.7142857142857143,21,1588.5507312387226,3038.1917357834054
1,899,0,CD4+_T_Cells,0.3888888888888889,90,1471.03827085793,3038.1917357834054
1,900,1,Stromal,0.7916666666666666,24,1588.5507312387226,2952.711468768679
1,901,0,Stromal,0.21212121212121213,99,1471.03827085793,2952.711468768679
1,902,2,Myoepi_ACTA2+,0.47674418604651164,86,1823.5756520003079,2867.2312017539516
1,903,1,Stromal,0.7638888888888888,72,1706.0631916195152,2867.2312017539516
1,904,1,Stromal,0.6075949367088608,79,1823.5756520003079,2781.7509347392242
1,905,1,Stromal,0.35789473684210527,95,1706.0631916195152,2781.7509347392242
1,906,0,Stromal,0.398876404494382,178,1529.7945010483263,2824.491068246588
1,907,0,Invasive_Tumor,0.6901408450704225,71,1353.5258104771374,3038.1917357834054
1,908,0,Invasive_Tumor,0.5,52,1236.0133500963448,3038.1917357834054
1,909,0,Invasive_Tumor,0.42424242424242425,66,1353.5258104771374,2952.711468768679
1,910,0,Invasive_Tumor,0.5147058823529411,68,1236.0133500963448,2952.711468768679
1,911,0,Invasive_Tumor,0.746031746031746,63,1118.5008897155521,3038.1917357834054
1,912,3,Invasive_Tumor,0.9012345679012346,81,1000.9884293347595,3038.1917357834054
1,913,0,Invasive_Tumor,0.5714285714285714,56,1118.5008897155521,2952.711468768679
1,914,0,Invasive_Tumor,0.6363636363636364,55,1000.9884293347595,2952.711468768679
1,915,0,Invasive_Tumor,0.6976744186046512,43,1353.5258104771374,2867.2312017539516
1,917,0,Invasive_Tumor,0.7391304347826086,69,1353.5258104771374,2781.7509347392242
1,918,0,Invasive_Tumor,0.7228915662650602,83,1236.0133500963448,2781.7509347392242
1,919,0,Invasive_Tumor,0.7808219178082192,73,1118.5008897155521,2867.2312017539516
1,920,0,Invasive_Tumor,0.5915492957746479,71,1000.9884293347595,2867.2312017539516
1,921,0,Invasive_Tumor,0.6027397260273972,73,1118.5008897155521,2781.7509347392242
1,922,0,Invasive_Tumor,0.5151515151515151,66,1000.9884293347595,2781.7509347392242
1,923,0,Invasive_Tumor,0.6612021857923497,183,824.7197387635707,3337.37267033495
1,925,0,Invasive_Tumor,0.8095238095238095,63,530.9385878115892,3380.112803842313
1,926,0,Invasive_Tumor,0.6363636363636364,33,648.4510481923818,3294.6325368275866
1,927,0,Invasive_Tumor,0.859375,64,530.9385878115892,3294.6325368275866
1,928,0,Invasive_Tumor,0.6351351351351351,74,883.475968953967,3209.1522698128592
1,929,0,Invasive_Tumor,0.39344262295081966,61,765.9635085731744,3209.1522698128592
1,930,0,Invasive_Tumor,0.38,50,883.475968953967,3123.672002798133
1,932,0,Invasive_Tumor,0.546875,64,648.4510481923818,3209.1522698128592
1,933,0,Invasive_Tumor,0.746268656716418,67,530.9385878115892,3209.1522698128592
1,934,0,Invasive_Tumor,0.7647058823529411,68,648.4510481923818,3123.672002798133
1,935,0,Invasive_Tumor,0.5319148936170213,47,530.9385878115892,3123.672002798133
1,937,0,Endothelial,0.42592592592592593,54,178.40120666921138,3380.112803842313
1,938,0,Invasive_Tumor,0.5344827586206896,58,60.888746288418766,3380.112803842313
1,939,0,Endothelial,0.2653061224489796,49,178.40120666921138,3294.6325368275866
1,940,0,Invasive_Tumor,0.48,50,60.888746288418766,3294.6325368275866
1,941,0,Invasive_Tumor,0.4406779661016949,59,413.4261274307966,3209.1522698128592
1,942,0,Invasive_Tumor,0.54,50,295.913667050004,3209.1522698128592
1,943,0,Invasive_Tumor,0.5535714285714286,56,413.4261274307966,3123.672002798133
1,944,0,Invasive_Tumor,0.41304347826086957,46,295.913667050004,3123.672002798133
1,945,0,Invasive_Tumor,0.39759036144578314,166,119.64497647881507,3166.412136305496
1,946,0,Invasive_Tumor,0.8095238095238095,63,883.475968953967,3038.1917357834054
1,947,0,CD4+_T_Cells,0.3,90,765.9635085731744,3038.1917357834054
1,948,0,Invasive_Tumor,0.48214285714285715,56,883.475968953967,2952.711468768679
1,949,0,Invasive_Tumor,0.390625,64,765.9635085731744,2952.711468768679
1,950,0,Invasive_Tumor,0.4230769230769231,52,648.4510481923818,3038.1917357834054
1,952,0,Invasive_Tumor,0.5483870967741935,62,648.4510481923818,2952.711468768679
1,953,0,Invasive_Tumor,0.5507246376811594,69,530.9385878115892,2952.711468768679
1,954,0,Invasive_Tumor,0.5538461538461539,65,883.475968953967,2867.2312017539516
1,955,0,Invasive_Tumor,0.47761194029850745,67,765.9635085731744,2867.2312017539516
1,956,0,Stromal,0.2537313432835821,67,883.475968953967,2781.7509347392242
1,957,0,Invasive_Tumor,0.5866666666666667,75,765.9635085731744,2781.7509347392242
1,958,0,CD8+_T_Cells,0.37254901960784315,51,648.4510481923818,2867.2312017539516
1,959,0,CD8+_T_Cells,0.2191780821917808,73,530.9385878115892,2867.2312017539516
1,960,0,Invasive_Tumor,0.5538461538461539,65,648.4510481923818,2781.7509347392242
1,961,0,CD8+_T_Cells,0.23943661971830985,71,530.9385878115892,2781.7509347392242
1,962,0,Invasive_Tumor,0.5692307692307692,195,354.6698972404003,2995.451602276042
1,963,0,Invasive_Tumor,0.576271186440678,59,178.40120666921138,3038.1917357834054
1,964,0,Invasive_Tumor,0.3902439024390244,41,60.888746288418766,3038.1917357834054
1,965,0,Invasive_Tumor,0.7313432835820896,67,178.40120666921138,2952.711468768679
1,966,0,Invasive_Tumor,0.6304347826086957,46,60.888746288418766,2952.711468768679
1,967,0,Invasive_Tumor,0.31088082901554404,193,354.6698972404003,2824.491068246588
1,969,1,Stromal,0.9230769230769231,65,7405.417520087957,2653.530534217134
1,971,1,Stromal,0.5714285714285714,91,7405.417520087957,2482.57000018768
1,972,2,Stromal,0.6880733944954128,109,7170.392599326372,2482.57000018768
1,973,3,DCIS_1,0.6216216216216216,74,6994.123908755183,2696.270667724498
1,974,3,DCIS_1,0.52,100,6876.61144837439,2696.270667724498
1,975,3,DCIS_1,0.8857142857142857,70,6994.123908755183,2610.7904007097704
1,976,3,DCIS_1,0.4338235294117647,136,6876.61144837439,2610.7904007097704
1,978,2,DCIS_1,0.6551724137931034,58,6641.586527612805,2696.270667724498
1,979,3,DCIS_1,0.7340425531914894,94,6759.098987993598,2610.7904007097704
1,980,3,DCIS_1,0.90625,64,6641.586527612805,2610.7904007097704
1,981,3,DCIS_1,0.7966101694915254,59,6994.123908755183,2525.310133695043
1,982,3,DCIS_1,0.7951807228915663,83,6876.61144837439,2525.310133695043
1,983,2,DCIS_1,0.5245901639344263,61,6994.123908755183,2439.8298666803166
1,985,3,DCIS_1,0.8552631578947368,76,6759.098987993598,2525.310133695043
1,986,0,DCIS_1,0.7796610169491526,59,6641.586527612805,2525.310133695043
1,987,2,DCIS_1,0.5476190476190477,84,6759.098987993598,2439.8298666803166
1,988,2,DCIS_1,0.6727272727272727,55,6641.586527612805,2439.8298666803166
1,989,2,DCIS_1,0.35,40,7464.1737502783535,2354.3495996655893
1,990,2,DCIS_1,0.6538461538461539,52,7346.661289897561,2354.3495996655893
1,992,3,DCIS_1,1.0,62,7346.661289897561,2268.869332650863
1,993,2,DCIS_1,0.48,50,7229.148829516768,2354.3495996655893
1,995,3,DCIS_1,0.9636363636363636,55,7229.148829516768,2268.869332650863
1,996,2,DCIS_1,0.8235294117647058,68,7111.636369135976,2268.869332650863
1,997,2,DCIS_1,0.6666666666666666,75,7464.1737502783535,2183.3890656361355
1,998,2,DCIS_1,0.6363636363636364,88,7346.661289897561,2183.3890656361355
1,999,2,DCIS_1,0.6865671641791045,67,7464.1737502783535,2097.908798621409
1,1000,2,DCIS_1,0.4791666666666667,96,7346.661289897561,2097.908798621409
1,1001,3,DCIS_1,0.7333333333333333,75,7229.148829516768,2183.3890656361355
1,1002,3,DCIS_1,0.5824175824175825,91,7111.636369135976,2183.3890656361355
1,1003,3,DCIS_1,0.4819277108433735,83,7229.148829516768,2097.908798621409
1,1004,3,DCIS_1,0.7833333333333333,60,7111.636369135976,2097.908798621409
1,1005,2,Stromal,0.49079754601226994,163,6935.367678564787,2311.609466158226
1,1006,2,Stromal,0.40229885057471265,174,6700.3427578032015,2311.609466158226
1,1007,2,DCIS_1,0.42105263157894735,171,6935.367678564787,2140.6489321287722
1,1008,1,Stromal,0.75,64,6700.3427578032015,2140.6489321287722
1,1009,1,Stromal,0.62,100,6465.317837041616,2653.530534217134
1,1010,1,Stromal,0.3972602739726027,146,6230.292916280031,2653.530534217134
1,1011,2,Stromal,0.3333333333333333,180,6465.317837041616,2482.57000018768
1,1012,1,Stromal,0.6105263157894737,95,6230.292916280031,2482.57000018768
1,1013,1,Stromal,0.711864406779661,118,5995.267995518446,2653.530534217134
1,1014,2,Stromal,0.48854961832061067,131,5760.243074756861,2653.530534217134
1,1015,1,Stromal,0.7023809523809523,84,5995.267995518446,2482.57000018768
1,1016,1,Stromal,0.9423076923076923,52,5760.243074756861,2482.57000018768
1,1017,2,Stromal,0.5348837209302325,129,6465.317837041616,2311.609466158226
1,1018,1,Stromal,0.868421052631579,38,6230.292916280031,2311.609466158226
1,1019,1,Stromal,0.9,40,6465.317837041616,2140.6489321287722
1,1020,1,Stromal,0.8,30,6230.292916280031,2140.6489321287722
1,1021,1,Stromal,0.907563025210084,119,5877.755535137653,2226.129199143499
1,1022,2,DCIS_1,0.5753424657534246,73,7464.1737502783535,2012.4285316066819
1,1023,2,DCIS_1,0.5625,80,7346.661289897561,2012.4285316066819
1,1024,2,Stromal,0.32786885245901637,61,7464.1737502783535,1926.9482645919547
1,1025,2,DCIS_1,0.3333333333333333,75,7346.661289897561,1926.9482645919547
1,1026,2,DCIS_1,0.45454545454545453,66,7229.148829516768,2012.4285316066819
1,1027,3,DCIS_1,0.9402985074626866,67,7111.636369135976,2012.4285316066819
1,1028,2,Stromal,0.5434782608695652,46,7229.148829516768,1926.9482645919547
1,1029,2,Stromal,0.47619047619047616,42,7111.636369135976,1926.9482645919547
1,1031,2,Stromal,0.2833333333333333,60,7346.661289897561,1841.4679975772278
1,1032,1,CD4+_T_Cells,0.25,20,7464.1737502783535,1755.9877305625007
1,1033,1,CD4+_T_Cells,0.3026315789473684,76,7346.661289897561,1755.9877305625007
1,1034,2,CD4+_T_Cells,0.30434782608695654,92,7229.148829516768,1841.4679975772278
1,1035,1,CD4+_T_Cells,0.38372093023255816,86,7111.636369135976,1841.4679975772278
1,1036,1,CD4+_T_Cells,0.3516483516483517,91,7229.148829516768,1755.9877305625007
1,1038,2,Stromal,0.4690265486725664,113,6935.367678564787,1969.6883980993184
1,1039,2,Stromal,0.4330708661417323,127,6700.3427578032015,1969.6883980993184
1,1040,1,Stromal,0.8571428571428571,56,6935.367678564787,1798.7278640698642
1,1041,2,DCIS_1,0.2890625,128,6700.3427578032015,1798.7278640698642
1,1042,1,CD4+_T_Cells,0.3087248322147651,149,7405.417520087957,1627.7673300404103
1,1043,0,Stromal,0.5833333333333334,72,7170.392599326372,1627.7673300404103
1,1044,1,CD4+_T_Cells,0.3333333333333333,33,7464.1737502783535,1499.5469295183198
1,1045,1,CD8+_T_Cells,0.25806451612903225,62,7346.661289897561,1499.5469295183198
1,1046,1,CD4+_T_Cells,0.41509433962264153,53,7464.1737502783535,1414.0666625035926
1,1047,1,CD4+_T_Cells,0.2727272727272727,88,7346.661289897561,1414.0666625035926
1,1048,1,Stromal,0.5542168674698795,83,7170.392599326372,1456.806796010956
1,1049,1,Stromal,0.7924528301886793,53,6935.367678564787,1627.7673300404103
1,1050,1,Stromal,0.851063829787234,47,6700.3427578032015,1627.7673300404103
1,1051,1,Stromal,0.5362318840579711,69,6935.367678564787,1456.806796010956
1,1052,2,DCIS_1,0.33858267716535434,127,6700.3427578032015,1456.806796010956
1,1054,1,Stromal,0.576271186440678,59,6230.292916280031,1969.6883980993184
1,1055,2,Stromal,0.23595505617977527,89,6465.317837041616,1798.7278640698642
1,1056,1,Stromal,0.5094339622641509,53,6230.292916280031,1798.7278640698642
1,1057,1,Stromal,0.543010752688172,186,5877.755535137653,1884.2081310845913
1,1058,1,Stromal,0.6,10,6524.074067232013,1670.5074635477738
1,1060,1,Stromal,0.4782608695652174,23,6524.074067232013,1585.0271965330467
1,1061,1,CD4+_T_Cells,0.5918367346938775,98,6406.56160685122,1585.0271965330467
1,1062,1,Stromal,0.6271186440677966,59,6230.292916280031,1627.7673300404103
1,1063,2,Stromal,0.3202614379084967,153,6465.317837041616,1456.806796010956
1,1064,1,Stromal,0.6474820143884892,139,5877.755535137653,1542.2870630256832
1,1065,2,DCIS_1,0.35625,160,5525.218153995275,2653.530534217134
1,1066,1,Stromal,0.5343511450381679,131,5290.19323323369,2653.530534217134
1,1067,1,Stromal,0.8536585365853658,41,5525.218153995275,2482.57000018768
1,1069,1,Stromal,0.5866666666666667,75,5055.168312472105,2653.530534217134
1,1070,1,Invasive_Tumor,0.6666666666666666,75,4820.14339171052,2653.530534217134
1,1071,1,Stromal,0.3855421686746988,83,5055.168312472105,2482.57000018768
1,1072,1,Stromal,0.96875,32,4820.14339171052,2482.57000018768
1,1073,1,Stromal,0.5192307692307693,52,5525.218153995275,2311.609466158226
1,1074,1,Stromal,0.631578947368421,57,5290.19323323369,2311.609466158226
1,1075,1,Stromal,0.3763440860215054,93,5525.218153995275,2140.6489321287722
1,1076,1,Stromal,0.43902439024390244,41,5290.19323323369,2140.6489321287722
1,1077,1,Stromal,0.7,50,4585.118470948934,2653.530534217134
1,1078,1,Stromal,0.9166666666666666,60,4350.093550187349,2653.530534217134
1,1079,0,Invasive_Tumor,0.5859375,128,4585.118470948934,2482.57000018768
1,1080,1,Stromal,0.9310344827586207,29,4350.093550187349,2482.57000018768
1,1081,1,Stromal,0.6746987951807228,83,4115.068629425764,2653.530534217134
1,1083,1,Stromal,0.7073170731707317,41,4115.068629425764,2482.57000018768
1,1084,1,Stromal,0.6404494382022472,89,3880.0437086641787,2482.57000018768
1,1085,1,Stromal,0.9655172413793104,29,4115.068629425764,2311.609466158226
1,1086,1,Stromal,0.5833333333333334,24,3938.799938854575,2354.3495996655893
1,1087,1,Endothelial,0.2727272727272727,55,3821.2874784737824,2354.3495996655893
1,1088,1,B_Cells,0.3287671232876712,73,3938.799938854575,2268.869332650863
1,1090,1,Stromal,0.8409090909090909,44,4115.068629425764,2140.6489321287722
1,1091,1,CD4+_T_Cells,0.3275862068965517,58,3938.799938854575,2183.3890656361355
1,1092,1,B_Cells,0.3434343434343434,99,3821.2874784737824,2183.3890656361355
1,1094,1,Stromal,0.5416666666666666,24,3821.2874784737824,2097.908798621409
1,1095,1,Stromal,0.5244755244755245,143,5407.705693614483,1884.2081310845913
1,1096,1,Stromal,0.5657894736842105,152,4937.655852091312,1884.2081310845913
1,1098,1,Stromal,0.5930232558139535,86,5290.19323323369,1627.7673300404103
1,1099,1,Stromal,0.34615384615384615,26,5583.974384185672,1499.5469295183198
1,1100,0,DCIS_2,0.8142857142857143,70,5466.461923804879,1499.5469295183198
1,1101,2,Stromal,0.3333333333333333,33,5583.974384185672,1414.0666625035926
1,1102,2,DCIS_2,0.7391304347826086,92,5466.461923804879,1414.0666625035926
1,1103,2,Stromal,0.34545454545454546,55,5348.949463424086,1499.5469295183198
1,1104,2,DCIS_2,0.2807017543859649,57,5231.437003043294,1499.5469295183198
1,1105,3,DCIS_2,0.8378378378378378,74,5348.949463424086,1414.0666625035926
1,1106,3,DCIS_2,0.7777777777777778,72,5231.437003043294,1414.0666625035926
1,1107,2,Stromal,0.517948717948718,195,4937.655852091312,1542.2870630256832
1,1108,1,Stromal,0.7647058823529411,119,3997.5561690449713,1884.2081310845913
1,1110,2,DCIS_1,0.5740740740740741,54,7464.1737502783535,1328.5863954888657
1,1111,1,Stromal,0.25,52,7346.661289897561,1328.5863954888657
1,1113,2,DCIS_1,0.4444444444444444,54,7346.661289897561,1243.1061284741386
1,1114,2,DCIS_1,0.36257309941520466,171,7170.392599326372,1285.8462619815023
1,1115,2,DCIS_1,0.484472049689441,161,7405.417520087957,1114.885727952048
1,1116,2,DCIS_1,0.4083769633507853,191,7170.392599326372,1114.885727952048
1,1117,2,DCIS_1,0.6708074534161491,161,6935.367678564787,1285.8462619815023
1,1118,2,DCIS_1,0.30612244897959184,147,6700.3427578032015,1285.8462619815023
1,1119,2,DCIS_1,0.4533333333333333,150,6935.367678564787,1114.885727952048
1,1120,2,DCIS_1,0.37988826815642457,179,6700.3427578032015,1114.885727952048
1,1121,1,Stromal,0.3282051282051282,195,7405.417520087957,943.9251939225942
1,1122,2,DCIS_1,0.3717948717948718,78,7229.148829516768,986.6653274299576
1,1123,2,CD8+_T_Cells,0.19298245614035087,57,7111.636369135976,986.6653274299576
1,1124,2,DCIS_1,0.33766233766233766,77,7229.148829516768,901.1850604152307
1,1126,1,Stromal,0.3769230769230769,130,7405.417520087957,772.9646598931402
1,1127,2,Stromal,0.4049079754601227,163,7170.392599326372,772.9646598931402
1,1128,1,Stromal,0.6871165644171779,163,6817.855218183994,858.4449269078672
1,1129,2,Stromal,0.40217391304347827,92,6465.317837041616,1285.8462619815023
1,1130,2,DCIS_1,0.39473684210526316,114,6465.317837041616,1114.885727952048
1,1131,1,Stromal,0.8108108108108109,37,5995.267995518446,1285.8462619815023
1,1132,1,Stromal,0.5873015873015873,63,5760.243074756861,1285.8462619815023
1,1133,1,Stromal,0.6341463414634146,41,5995.267995518446,1114.885727952048
1,1134,1,Stromal,0.6041666666666666,96,5760.243074756861,1114.885727952048
1,1135,1,Stromal,0.4772727272727273,44,6465.317837041616,943.9251939225942
1,1136,1,Stromal,0.5822784810126582,79,6230.292916280031,943.9251939225942
1,1137,1,Stromal,0.7837837837837838,37,6465.317837041616,772.9646598931402
1,1138,2,Stromal,0.2857142857142857,140,6230.292916280031,772.9646598931402
1,1139,2,Stromal,0.22289156626506024,166,5995.267995518446,943.9251939225942
1,1140,1,Stromal,0.631578947368421,57,5760.243074756861,943.9251939225942
1,1141,2,DCIS_2,0.6733668341708543,199,5995.267995518446,772.9646598931402
1,1142,1,Stromal,0.44696969696969696,132,5760.243074756861,772.9646598931402
1,1145,0,Invasive_Tumor,0.4805194805194805,77,6700.3427578032015,602.0041258636862
1,1146,1,Stromal,0.6785714285714286,28,6935.367678564787,431.0435918342322
1,1147,1,Stromal,0.5609756097560976,41,6700.3427578032015,431.0435918342322
1,1148,1,Stromal,0.45652173913043476,46,7405.417520087957,260.0830578047782
1,1149,1,Stromal,0.7586206896551724,58,7170.392599326372,260.0830578047782
1,1150,0,Stromal,0.35714285714285715,56,7405.417520087957,89.12252377532423
1,1151,0,Stromal,0.4189189189189189,74,7170.392599326372,89.12252377532423
1,1152,1,Stromal,0.6618705035971223,139,6817.855218183994,174.60279079005122
1,1153,2,Stromal,0.38961038961038963,154,6230.292916280031,602.0041258636862
1,1154,1,Stromal,0.7692307692307693,39,6230.292916280031,431.0435918342322
1,1155,1,Stromal,0.40404040404040403,99,5995.267995518446,602.0041258636862
1,1157,1,Stromal,0.7,30,5701.486844566464,644.7442593710498
1,1158,1,CD4+_T_Cells,0.43119266055045874,109,5818.999304947257,559.2639923563227
1,1159,1,Stromal,0.40425531914893614,47,5701.486844566464,559.2639923563227
1,1160,1,Stromal,0.55,20,6054.024225708842,473.7837253415957
1,1161,1,CD4+_T_Cells,0.4896551724137931,145,5936.5117653280495,473.7837253415957
1,1162,1,Stromal,0.6,20,6054.024225708842,388.30345832686874
1,1163,1,CD4+_T_Cells,0.4230769230769231,104,5936.5117653280495,388.30345832686874
1,1164,1,CD4+_T_Cells,0.5069444444444444,144,5818.999304947257,473.7837253415957
1,1165,1,Stromal,0.31343283582089554,67,5701.486844566464,473.7837253415957
1,1166,1,CD4+_T_Cells,0.3173076923076923,104,5818.999304947257,388.30345832686874
1,1167,2,Macrophages_1,0.23170731707317074,82,5701.486844566464,388.30345832686874
1,1168,1,Stromal,0.2596685082872928,181,5995.267995518446,260.0830578047782
1,1169,1,Macrophages_1,0.3125,80,5818.999304947257,302.8231913121417
1,1170,2,CD4+_T_Cells,0.21951219512195122,82,5701.486844566464,302.8231913121417
1,1171,1,CD4+_T_Cells,0.4791666666666667,96,5818.999304947257,217.3429242974147
1,1173,1,Stromal,0.28846153846153844,104,5995.267995518446,89.12252377532423
1,1174,3,CD4+_T_Cells,0.6666666666666666,108,5818.999304947257,131.86265728268774
1,1175,3,CD4+_T_Cells,0.7551020408163265,98,5701.486844566464,131.86265728268774
1,1176,3,CD4+_T_Cells,0.3157894736842105,19,5818.999304947257,46.38239026796073
1,1177,3,CD4+_T_Cells,0.5454545454545454,11,5701.486844566464,46.38239026796073
1,1178,2,DCIS_2,0.41304347826086957,184,5525.218153995275,1285.8462619815023
1,1179,3,DCIS_2,0.8,80,5348.949463424086,1328.5863954888657
1,1180,3,DCIS_2,0.8314606741573034,89,5231.437003043294,1328.5863954888657
1,1181,3,DCIS_2,0.8380952380952381,105,5348.949463424086,1243.1061284741386
1,1182,3,DCIS_2,0.8620689655172413,116,5231.437003043294,1243.1061284741386
1,1183,2,DCIS_2,0.3756906077348066,181,5525.218153995275,1114.885727952048
1,1184,3,DCIS_2,0.7866666666666666,75,5348.949463424086,1157.6258614594117
1,1185,3,DCIS_2,0.953125,64,5231.437003043294,1157.6258614594117
1,1186,2,DCIS_2,0.5151515151515151,66,5348.949463424086,1072.1455944446845
1,1187,3,DCIS_2,0.8666666666666667,60,5231.437003043294,1072.1455944446845
1,1188,2,DCIS_2,0.6686746987951807,166,5055.168312472105,1285.8462619815023
1,1190,2,DCIS_2,0.5128205128205128,156,5055.168312472105,1114.885727952048
1,1191,1,Stromal,0.7321428571428571,56,4820.14339171052,1114.885727952048
1,1192,3,DCIS_2,0.8428571428571429,70,5583.974384185672,986.6653274299576
1,1193,3,DCIS_2,0.9647058823529412,85,5466.461923804879,986.6653274299576
1,1195,3,DCIS_2,0.9701492537313433,67,5466.461923804879,901.1850604152307
1,1196,2,DCIS_2,0.6,75,5348.949463424086,986.6653274299576
1,1197,2,Myoepi_ACTA2+,0.25,48,5231.437003043294,986.6653274299576
1,1198,2,DCIS_2,0.7384615384615385,65,5348.949463424086,901.1850604152307
1,1199,1,Stromal,0.7297297297297297,37,5231.437003043294,901.1850604152307
1,1200,2,Stromal,0.4189189189189189,148,5525.218153995275,772.9646598931402
1,1201,2,Stromal,0.5517241379310345,29,5348.949463424086,815.7047934005036
1,1202,2,Stromal,0.3389830508474576,59,5231.437003043294,815.7047934005036
1,1203,1,Macrophages_1,0.288135593220339,59,5348.949463424086,730.2245263857767
1,1205,1,Stromal,0.5825242718446602,103,5055.168312472105,943.9251939225942
1,1206,1,Stromal,0.8048780487804879,41,4820.14339171052,943.9251939225942
1,1207,2,Stromal,0.3430232558139535,172,5055.168312472105,772.9646598931402
1,1208,1,Stromal,0.5106382978723404,47,4820.14339171052,772.9646598931402
1,1210,2,Stromal,0.37055837563451777,197,5525.218153995275,602.0041258636862
1,1211,1,Stromal,0.25,60,5348.949463424086,644.7442593710498
1,1212,2,CD8+_T_Cells,0.2875,80,5231.437003043294,644.7442593710498
1,1213,2,Stromal,0.24193548387096775,62,5348.949463424086,559.2639923563227
1,1214,1,Stromal,0.32142857142857145,56,5231.437003043294,559.2639923563227
1,1215,2,DCIS_2,0.4069767441860465,86,5583.974384185672,473.7837253415957
1,1216,3,DCIS_2,0.9859154929577465,71,5466.461923804879,473.7837253415957
1,1217,3,DCIS_2,0.8181818181818182,77,5583.974384185672,388.30345832686874
1,1218,3,DCIS_2,1.0,65,5466.461923804879,388.30345832686874
1,1219,2,DCIS_2,0.3076923076923077,78,5348.949463424086,473.7837253415957
1,1220,2,Stromal,0.3114754098360656,61,5231.437003043294,473.7837253415957
1,1222,2,Stromal,0.25287356321839083,87,5231.437003043294,388.30345832686874
1,1223,1,Endothelial,0.32653061224489793,49,5113.924542662501,644.7442593710498
1,1224,1,Stromal,0.38666666666666666,75,4996.4120822817085,644.7442593710498
1,1225,1,Stromal,0.3384615384615385,65,5113.924542662501,559.2639923563227
1,1226,1,Stromal,0.2903225806451613,62,4996.4120822817085,559.2639923563227
1,1227,1,Stromal,0.5666666666666667,30,4878.899621900916,644.7442593710498
1,1228,1,Stromal,0.5294117647058824,34,4761.387161520123,644.7442593710498
1,1229,2,CD8+_T_Cells,0.3076923076923077,78,4878.899621900916,559.2639923563227
1,1230,2,Stromal,0.2375,80,4761.387161520123,559.2639923563227
1,1231,2,Stromal,0.23376623376623376,77,5113.924542662501,473.7837253415957
1,1232,2,Myoepi_ACTA2+,0.24675324675324675,77,4996.4120822817085,473.7837253415957
1,1233,2,DCIS_2,0.7105263157894737,76,5113.924542662501,388.30345832686874
1,1234,2,DCIS_2,0.25287356321839083,87,4996.4120822817085,388.30345832686874
1,1235,2,DCIS_2,0.2222222222222222,90,4878.899621900916,473.7837253415957
1,1236,2,DCIS_2,0.5492957746478874,71,4761.387161520123,473.7837253415957
1,1237,2,DCIS_2,0.28431372549019607,102,4878.899621900916,388.30345832686874
1,1238,2,DCIS_2,0.4823529411764706,85,4761.387161520123,388.30345832686874
1,1239,2,DCIS_2,0.42857142857142855,91,5583.974384185672,302.8231913121417
1,1240,2,DCIS_2,0.6333333333333333,60,5466.461923804879,302.8231913121417
1,1241,1,CD4+_T_Cells,0.5354330708661418,127,5583.974384185672,217.3429242974147
1,1242,2,DCIS_2,0.2537313432835821,67,5466.461923804879,217.3429242974147
1,1243,2,DCIS_2,0.5584415584415584,77,5348.949463424086,302.8231913121417
1,1244,2,CD4+_T_Cells,0.2692307692307692,78,5231.437003043294,302.8231913121417
1,1245,3,DCIS_2,0.9629629629629629,54,5348.949463424086,217.3429242974147
1,1247,3,CD4+_T_Cells,0.3211009174311927,109,5525.218153995275,89.12252377532423
1,1248,3,DCIS_2,0.6029411764705882,68,5290.19323323369,89.12252377532423
1,1249,2,Stromal,0.3333333333333333,69,5113.924542662501,302.8231913121417
1,1251,3,Stromal,0.45454545454545453,44,5113.924542662501,217.3429242974147
1,1252,3,Stromal,0.5151515151515151,33,4996.4120822817085,217.3429242974147
1,1253,3,DCIS_2,0.6582278481012658,79,4878.899621900916,302.8231913121417
1,1254,3,DCIS_2,0.4268292682926829,82,4761.387161520123,302.8231913121417
1,1255,3,Stromal,0.4222222222222222,45,4878.899621900916,217.3429242974147
1,1256,3,Stromal,0.2682926829268293,41,4761.387161520123,217.3429242974147
1,1257,1,Stromal,0.32727272727272727,55,4643.874701139331,644.7442593710498
1,1258,1,CD4+_T_Cells,0.33695652173913043,92,4526.362240758538,644.7442593710498
1,1259,1,CD4+_T_Cells,0.2857142857142857,133,4643.874701139331,559.2639923563227
1,1260,2,CD4+_T_Cells,0.35344827586206895,116,4526.362240758538,559.2639923563227
1,1261,1,CD4+_T_Cells,0.5050505050505051,99,4408.849780377745,644.7442593710498
1,1262,1,CD4+_T_Cells,0.2625,80,4291.337319996953,644.7442593710498
1,1263,2,CD8+_T_Cells,0.25,120,4408.849780377745,559.2639923563227
1,1264,2,CD4+_T_Cells,0.3220338983050847,118,4291.337319996953,559.2639923563227
1,1265,2,CD8+_T_Cells,0.2087912087912088,91,4643.874701139331,473.7837253415957
1,1266,2,DCIS_2,0.3258426966292135,89,4526.362240758538,473.7837253415957
1,1267,2,DCIS_2,0.2235294117647059,85,4643.874701139331,388.30345832686874
1,1268,2,DCIS_2,0.3974358974358974,78,4526.362240758538,388.30345832686874
1,1269,2,CD4+_T_Cells,0.26956521739130435,115,4408.849780377745,473.7837253415957
1,1270,2,DCIS_2,0.618421052631579,76,4291.337319996953,473.7837253415957
1,1271,2,DCIS_2,0.4111111111111111,90,4408.849780377745,388.30345832686874
1,1272,2,CD4+_T_Cells,0.3023255813953488,129,4291.337319996953,388.30345832686874
1,1273,1,CD4+_T_Cells,0.26548672566371684,113,4115.068629425764,602.0041258636862
1,1274,2,DCIS_2,0.23376623376623376,77,4173.82485961616,473.7837253415957
1,1275,1,Stromal,0.42857142857142855,21,4056.3123992353676,473.7837253415957
1,1276,2,DCIS_2,0.2777777777777778,90,4173.82485961616,388.30345832686874
1,1277,1,Stromal,0.5,20,4056.3123992353676,388.30345832686874
1,1278,1,Stromal,0.36363636363636365,33,3880.0437086641787,431.0435918342322
1,1279,2,CD4+_T_Cells,0.20833333333333334,96,4643.874701139331,302.8231913121417
1,1280,2,CD4+_T_Cells,0.26582278481012656,79,4526.362240758538,302.8231913121417
1,1281,3,CD4+_T_Cells,0.38235294117647056,34,4643.874701139331,217.3429242974147
1,1282,3,DCIS_2,0.4,20,4526.362240758538,217.3429242974147
1,1283,3,DCIS_2,0.2676056338028169,71,4408.849780377745,302.8231913121417
1,1284,3,B_Cells,0.21428571428571427,112,4291.337319996953,302.8231913121417
1,1285,3,DCIS_1,0.47058823529411764,17,4408.849780377745,217.3429242974147
1,1286,3,Stromal,0.3333333333333333,9,4291.337319996953,217.3429242974147
1,1287,1,CD4+_T_Cells,0.2795031055900621,161,3997.5561690449713,174.60279079005122
1,1288,1,Stromal,0.6464646464646465,99,3645.0187879025934,2653.530534217134
1,1289,1,Stromal,0.8636363636363636,66,3409.993867141008,2653.530534217134
1,1291,3,DCIS_2,0.36,75,3586.262557712197,2525.310133695043
1,1292,2,Myoepi_ACTA2+,0.3150684931506849,73,3703.7750180929897,2439.8298666803166
1,1293,2,Stromal,0.40384615384615385,52,3586.262557712197,2439.8298666803166
1,1294,1,Stromal,0.7105263157894737,76,3409.993867141008,2482.57000018768
1,1295,1,Stromal,0.9298245614035088,57,3174.968946379423,2653.530534217134
1,1296,1,Stromal,0.7619047619047619,168,2939.9440256178377,2653.530534217134
1,1297,1,Stromal,0.7831325301204819,83,3174.968946379423,2482.57000018768
1,1298,1,Stromal,0.7092198581560284,141,2939.9440256178377,2482.57000018768
1,1299,1,Stromal,0.7837837837837838,74,3645.0187879025934,2311.609466158226
1,1300,1,Stromal,0.782608695652174,46,3409.993867141008,2311.609466158226
1,1301,0,Stromal,0.4639175257731959,97,3645.0187879025934,2140.6489321287722
1,1302,1,Stromal,1.0,33,3409.993867141008,2140.6489321287722
1,1303,1,Stromal,0.8181818181818182,44,3174.968946379423,2311.609466158226
1,1304,1,Stromal,0.3945945945945946,185,2939.9440256178377,2311.609466158226
1,1305,1,Stromal,0.7142857142857143,77,3174.968946379423,2140.6489321287722
1,1306,1,Stromal,0.49523809523809526,105,2939.9440256178377,2140.6489321287722
1,1307,2,Stromal,0.6122448979591837,98,2763.675335046649,2696.270667724498
1,1308,1,Stromal,0.8484848484848485,66,2646.162874665856,2696.270667724498
1,1309,1,Stromal,0.9714285714285714,35,2763.675335046649,2610.7904007097704
1,1310,1,Stromal,0.918918918918919,37,2646.162874665856,2610.7904007097704
1,1311,1,Stromal,0.945054945054945,91,2469.8941840946673,2653.530534217134
1,1312,1,Stromal,0.7166666666666667,180,2704.9191048562525,2482.57000018768
1,1313,1,Stromal,0.8461538461538461,78,2469.8941840946673,2482.57000018768
1,1314,1,Stromal,0.22988505747126436,87,2293.6254935234783,2696.270667724498
1,1315,1,Stromal,0.3148148148148148,54,2176.1130331426857,2696.270667724498
1,1316,1,Stromal,0.5,64,2293.6254935234783,2610.7904007097704
1,1317,1,Stromal,0.23076923076923078,78,2176.1130331426857,2610.7904007097704
1,1318,1,Stromal,0.6875,48,2058.600572761893,2696.270667724498
1,1319,2,Stromal,0.6888888888888889,45,1941.0881123811005,2696.270667724498
1,1320,1,Stromal,0.7142857142857143,63,2058.600572761893,2610.7904007097704
1,1321,2,Stromal,0.42857142857142855,56,1941.0881123811005,2610.7904007097704
1,1322,1,Stromal,0.37142857142857144,70,2293.6254935234783,2525.310133695043
1,1323,1,Stromal,0.3114754098360656,61,2176.1130331426857,2525.310133695043
1,1324,1,Stromal,0.45098039215686275,51,2293.6254935234783,2439.8298666803166
1,1326,1,Stromal,0.7241379310344828,58,2058.600572761893,2525.310133695043
1,1327,2,Stromal,0.4915254237288136,59,1941.0881123811005,2525.310133695043
1,1328,1,Stromal,0.3958333333333333,48,2058.600572761893,2439.8298666803166
1,1329,2,Stromal,0.47761194029850745,67,1941.0881123811005,2439.8298666803166
1,1330,1,Stromal,0.6223776223776224,143,2704.9191048562525,2311.609466158226
1,1331,0,Stromal,0.6263736263736264,91,2469.8941840946673,2311.609466158226
1,1332,1,Stromal,0.42857142857142855,147,2704.9191048562525,2140.6489321287722
1,1333,0,Invasive_Tumor,0.8703703703703703,54,2528.6504142850636,2183.3890656361355
1,1334,0,Invasive_Tumor,0.7288135593220338,59,2411.137953904271,2183.3890656361355
1,1336,0,Invasive_Tumor,0.546875,64,2411.137953904271,2097.908798621409
1,1337,0,Stromal,0.5138888888888888,144,2234.869263333082,2311.609466158226
1,1338,1,Stromal,0.5211267605633803,142,1999.8443425714968,2311.609466158226
1,1339,0,Invasive_Tumor,0.5573770491803278,183,2234.869263333082,2140.6489321287722
1,1340,0,Invasive_Tumor,0.4067796610169492,118,1999.8443425714968,2140.6489321287722
1,1341,0,Stromal,0.47244094488188976,127,3645.0187879025934,1969.6883980993184
1,1342,1,Stromal,0.64,25,3468.7500973314045,2012.4285316066819
1,1343,0,Invasive_Tumor,0.56,50,3351.237636950612,2012.4285316066819
1,1344,0,Invasive_Tumor,0.8275862068965517,58,3468.7500973314045,1926.9482645919547
1,1345,3,Invasive_Tumor,0.8904109589041096,73,3351.237636950612,1926.9482645919547
1,1346,0,Stromal,0.3673469387755102,98,3645.0187879025934,1798.7278640698642
1,1347,3,Invasive_Tumor,0.921875,64,3468.7500973314045,1841.4679975772278
1,1348,3,Invasive_Tumor,0.9482758620689655,58,3351.237636950612,1841.4679975772278
1,1349,0,Invasive_Tumor,0.3050847457627119,59,3468.7500973314045,1755.9877305625007
1,1350,0,Invasive_Tumor,0.5964912280701754,57,3351.237636950612,1755.9877305625007
1,1351,0,Invasive_Tumor,0.7903225806451613,62,3233.7251765698193,2012.4285316066819
1,1352,0,Invasive_Tumor,0.8846153846153846,52,3116.2127161890267,2012.4285316066819
1,1353,3,Invasive_Tumor,0.9830508474576272,59,3233.7251765698193,1926.9482645919547
1,1354,3,Invasive_Tumor,0.9482758620689655,58,3116.2127161890267,1926.9482645919547
1,1355,0,Invasive_Tumor,0.5508982035928144,167,2939.9440256178377,1969.6883980993184
1,1356,3,Invasive_Tumor,1.0,69,3233.7251765698193,1841.4679975772278
1,1357,3,Invasive_Tumor,0.9661016949152542,59,3116.2127161890267,1841.4679975772278
1,1358,0,Invasive_Tumor,0.8367346938775511,49,3233.7251765698193,1755.9877305625007
1,1359,3,Invasive_Tumor,0.8783783783783784,74,3116.2127161890267,1755.9877305625007
1,1360,3,Invasive_Tumor,0.9473684210526315,76,2998.700255808234,1841.4679975772278
1,1361,0,Invasive_Tumor,0.85,60,2881.1877954274414,1841.4679975772278
1,1362,0,Invasive_Tumor,0.618421052631579,76,2998.700255808234,1755.9877305625007
1,1364,0,Invasive_Tumor,0.6666666666666666,42,3703.7750180929897,1670.5074635477738
1,1366,0,Invasive_Tumor,0.8533333333333334,75,3703.7750180929897,1585.0271965330467
1,1367,0,Invasive_Tumor,0.7454545454545455,55,3586.262557712197,1585.0271965330467
1,1368,0,Invasive_Tumor,0.6666666666666666,57,3468.7500973314045,1670.5074635477738
1,1369,0,Invasive_Tumor,0.7727272727272727,44,3351.237636950612,1670.5074635477738
1,1370,0,Invasive_Tumor,0.6756756756756757,74,3468.7500973314045,1585.0271965330467
1,1372,0,Invasive_Tumor,0.3,60,3703.7750180929897,1499.5469295183198
1,1373,0,Invasive_Tumor,0.8028169014084507,71,3586.262557712197,1499.5469295183198
1,1374,0,Invasive_Tumor,0.7380952380952381,84,3703.7750180929897,1414.0666625035926
1,1375,0,Invasive_Tumor,0.8,70,3586.262557712197,1414.0666625035926
1,1376,0,Invasive_Tumor,0.7540983606557377,61,3468.7500973314045,1499.5469295183198
1,1377,0,Invasive_Tumor,0.8354430379746836,79,3351.237636950612,1499.5469295183198
1,1379,0,Invasive_Tumor,0.7012987012987013,77,3351.237636950612,1414.0666625035926
1,1380,0,Invasive_Tumor,0.3137254901960784,51,3233.7251765698193,1670.5074635477738
1,1381,0,Invasive_Tumor,0.35064935064935066,77,3116.2127161890267,1670.5074635477738
1,1383,0,Invasive_Tumor,0.4745762711864407,59,3116.2127161890267,1585.0271965330467
1,1384,0,Invasive_Tumor,0.673469387755102,196,2939.9440256178377,1627.7673300404103
1,1385,0,Invasive_Tumor,0.6923076923076923,65,3233.7251765698193,1499.5469295183198
1,1386,0,Invasive_Tumor,0.825,80,3116.2127161890267,1499.5469295183198
1,1387,0,Invasive_Tumor,0.8208955223880597,67,3233.7251765698193,1414.0666625035926
1,1389,0,Invasive_Tumor,0.6585365853658537,82,2998.700255808234,1499.5469295183198
1,1390,0,Invasive_Tumor,0.765625,64,2881.1877954274414,1499.5469295183198
1,1391,0,Invasive_Tumor,0.6825396825396826,63,2998.700255808234,1414.0666625035926
1,1392,0,Invasive_Tumor,0.5333333333333333,45,2881.1877954274414,1414.0666625035926
1,1393,0,Stromal,0.2727272727272727,176,2704.9191048562525,1969.6883980993184
1,1394,0,Invasive_Tumor,0.35947712418300654,153,2469.8941840946673,1969.6883980993184
1,1395,0,Invasive_Tumor,0.2215909090909091,176,2704.9191048562525,1798.7278640698642
1,1396,0,Invasive_Tumor,0.30256410256410254,195,2469.8941840946673,1798.7278640698642
1,1397,0,Invasive_Tumor,0.45595854922279794,193,2234.869263333082,1969.6883980993184
1,1398,0,Invasive_Tumor,0.7093023255813954,172,1999.8443425714968,1969.6883980993184
1,1400,0,Invasive_Tumor,0.3333333333333333,63,2176.1130331426857,1841.4679975772278
1,1401,0,Invasive_Tumor,0.813953488372093,43,2293.6254935234783,1755.9877305625007
1,1402,0,Invasive_Tumor,0.8857142857142857,70,2176.1130331426857,1755.9877305625007
1,1403,3,Invasive_Tumor,0.9629629629629629,54,2058.600572761893,1841.4679975772278
1,1404,3,Invasive_Tumor,1.0,60,1941.0881123811005,1841.4679975772278
1,1405,0,Invasive_Tumor,0.7611940298507462,67,2058.600572761893,1755.9877305625007
1,1408,0,Invasive_Tumor,0.36363636363636365,44,2528.6504142850636,1670.5074635477738
1,1409,3,Invasive_Tumor,0.8813559322033898,59,2411.137953904271,1670.5074635477738
1,1410,0,Invasive_Tumor,0.45161290322580644,62,2528.6504142850636,1585.0271965330467
1,1411,3,Invasive_Tumor,0.8987341772151899,79,2411.137953904271,1585.0271965330467
1,1412,0,Invasive_Tumor,0.6730769230769231,52,2763.675335046649,1499.5469295183198
1,1413,0,Invasive_Tumor,0.5970149253731343,67,2646.162874665856,1499.5469295183198
1,1414,0,Invasive_Tumor,0.55,60,2763.675335046649,1414.0666625035926
1,1415,0,Invasive_Tumor,0.68,75,2646.162874665856,1414.0666625035926
1,1416,0,Invasive_Tumor,0.625,72,2528.6504142850636,1499.5469295183198
1,1417,0,Invasive_Tumor,0.6060606060606061,66,2411.137953904271,1499.5469295183198
1,1418,0,Invasive_Tumor,0.5932203389830508,59,2528.6504142850636,1414.0666625035926
1,1419,0,Invasive_Tumor,0.6338028169014085,71,2411.137953904271,1414.0666625035926
1,1420,3,Invasive_Tumor,0.9420289855072463,69,2293.6254935234783,1670.5074635477738
1,1421,0,Invasive_Tumor,0.7090909090909091,55,2176.1130331426857,1670.5074635477738
1,1422,0,Invasive_Tumor,0.5833333333333334,60,2293.6254935234783,1585.0271965330467
1,1423,0,Invasive_Tumor,0.5,40,2176.1130331426857,1585.0271965330467
1,1424,0,Stromal,0.3488372093023256,43,2058.600572761893,1670.5074635477738
1,1425,2,Invasive_Tumor,0.5961538461538461,52,1941.0881123811005,1670.5074635477738
1,1426,0,Macrophages_1,0.22413793103448276,58,2058.600572761893,1585.0271965330467
1,1427,0,Invasive_Tumor,0.47058823529411764,68,1941.0881123811005,1585.0271965330467
1,1429,0,Invasive_Tumor,0.3958333333333333,48,2058.600572761893,1499.5469295183198
1,1430,0,Invasive_Tumor,0.7419354838709677,62,1941.0881123811005,1499.5469295183198
1,1431,0,Invasive_Tumor,0.7384615384615385,65,2058.600572761893,1414.0666625035926
1,1432,0,Invasive_Tumor,0.6551724137931034,58,1941.0881123811005,1414.0666625035926
1,1433,2,Stromal,0.4025974025974026,77,1823.5756520003079,2696.270667724498
1,1434,1,CD4+_T_Cells,0.2980769230769231,104,1706.0631916195152,2696.270667724498
1,1435,2,Stromal,0.35135135135135137,74,1823.5756520003079,2610.7904007097704
1,1436,1,Stromal,0.3246753246753247,77,1706.0631916195152,2610.7904007097704
1,1437,0,Stromal,0.3812154696132597,181,1529.7945010483263,2653.530534217134
1,1438,2,Myoepi_ACTA2+,0.2976190476190476,84,1823.5756520003079,2525.310133695043
1,1439,1,Stromal,0.5384615384615384,39,1706.0631916195152,2525.310133695043
1,1440,2,Stromal,0.33980582524271846,103,1823.5756520003079,2439.8298666803166
1,1441,1,Stromal,0.8064516129032258,31,1706.0631916195152,2439.8298666803166
1,1442,1,Stromal,0.5609756097560976,41,1588.5507312387226,2525.310133695043
1,1443,0,Invasive_Tumor,0.28125,96,1471.03827085793,2525.310133695043
1,1445,0,Invasive_Tumor,0.6136363636363636,44,1471.03827085793,2439.8298666803166
1,1446,0,Invasive_Tumor,0.6716417910447762,67,1353.5258104771374,2696.270667724498
1,1448,0,Invasive_Tumor,0.8571428571428571,63,1353.5258104771374,2610.7904007097704
1,1449,3,Invasive_Tumor,0.8450704225352113,71,1236.0133500963448,2610.7904007097704
1,1450,0,Invasive_Tumor,0.5543478260869565,92,1118.5008897155521,2696.270667724498
1,1451,0,Invasive_Tumor,0.6052631578947368,76,1000.9884293347595,2696.270667724498
1,1452,0,Invasive_Tumor,0.8701298701298701,77,1118.5008897155521,2610.7904007097704
1,1454,0,Invasive_Tumor,0.6037735849056604,53,1353.5258104771374,2525.310133695043
1,1455,0,Invasive_Tumor,0.4126984126984127,63,1236.0133500963448,2525.310133695043
1,1456,0,Invasive_Tumor,0.6078431372549019,51,1353.5258104771374,2439.8298666803166
1,1457,0,Invasive_Tumor,0.4266666666666667,75,1236.0133500963448,2439.8298666803166
1,1458,0,Invasive_Tumor,0.6909090909090909,55,1118.5008897155521,2525.310133695043
1,1459,0,Invasive_Tumor,0.5522388059701493,67,1000.9884293347595,2525.310133695043
1,1461,0,Invasive_Tumor,0.7272727272727273,66,1000.9884293347595,2439.8298666803166
1,1462,1,Stromal,0.8222222222222222,45,1823.5756520003079,2354.3495996655893
1,1463,0,Stromal,0.5714285714285714,49,1706.0631916195152,2354.3495996655893
1,1464,0,Invasive_Tumor,0.6612903225806451,62,1823.5756520003079,2268.869332650863
1,1465,0,Invasive_Tumor,0.8181818181818182,55,1706.0631916195152,2268.869332650863
1,1466,0,Stromal,0.3684210526315789,38,1588.5507312387226,2354.3495996655893
1,1467,0,Invasive_Tumor,0.6,60,1471.03827085793,2354.3495996655893
1,1468,0,Invasive_Tumor,0.703125,64,1588.5507312387226,2268.869332650863
1,1469,0,Invasive_Tumor,0.5957446808510638,47,1471.03827085793,2268.869332650863
1,1470,0,Invasive_Tumor,0.7846153846153846,65,1823.5756520003079,2183.3890656361355
1,1471,0,Invasive_Tumor,0.7580645161290323,62,1706.0631916195152,2183.3890656361355
1,1472,0,Invasive_Tumor,0.6774193548387096,62,1823.5756520003079,2097.908798621409
1,1473,0,Invasive_Tumor,0.640625,64,1706.0631916195152,2097.908798621409
1,1474,0,Invasive_Tumor,0.676923076923077,65,1588.5507312387226,2183.3890656361355
1,1476,0,Invasive_Tumor,0.2875,80,1588.5507312387226,2097.908798621409
1,1477,0,Invasive_Tumor,0.6896551724137931,58,1471.03827085793,2097.908798621409
1,1478,0,Invasive_Tumor,0.6363636363636364,66,1353.5258104771374,2354.3495996655893
1,1479,0,Invasive_Tumor,0.5901639344262295,61,1236.0133500963448,2354.3495996655893
1,1480,0,Invasive_Tumor,0.6346153846153846,52,1353.5258104771374,2268.869332650863
1,1481,0,Invasive_Tumor,0.4642857142857143,56,1236.0133500963448,2268.869332650863
1,1482,0,Invasive_Tumor,0.6166666666666667,60,1118.5008897155521,2354.3495996655893
1,1483,0,Invasive_Tumor,0.546875,64,1000.9884293347595,2354.3495996655893
1,1484,0,Invasive_Tumor,0.6440677966101694,59,1118.5008897155521,2268.869332650863
1,1485,0,Invasive_Tumor,0.2222222222222222,90,1000.9884293347595,2268.869332650863
1,1486,0,Invasive_Tumor,0.5510204081632653,49,1353.5258104771374,2183.3890656361355
1,1487,0,Invasive_Tumor,0.6923076923076923,52,1236.0133500963448,2183.3890656361355
1,1489,0,Invasive_Tumor,0.8095238095238095,63,1236.0133500963448,2097.908798621409
1,1490,0,Invasive_Tumor,0.8169014084507042,71,1118.5008897155521,2183.3890656361355
1,1491,0,Invasive_Tumor,0.7142857142857143,70,1000.9884293347595,2183.3890656361355
1,1492,0,Invasive_Tumor,0.8387096774193549,62,1118.5008897155521,2097.908798621409
1,1493,0,Invasive_Tumor,0.8507462686567164,67,1000.9884293347595,2097.908798621409
1,1495,0,Invasive_Tumor,0.5714285714285714,63,765.9635085731744,2696.270667724498
1,1496,0,Invasive_Tumor,0.7123287671232876,73,883.475968953967,2610.7904007097704
1,1497,0,Invasive_Tumor,0.7910447761194029,67,765.9635085731744,2610.7904007097704
1,1498,0,Stromal,0.35714285714285715,56,648.4510481923818,2696.270667724498
1,1499,0,Invasive_Tumor,0.36538461538461536,52,530.9385878115892,2696.270667724498
1,1500,0,Invasive_Tumor,0.5409836065573771,61,648.4510481923818,2610.7904007097704
1,1502,0,Invasive_Tumor,0.7017543859649122,57,883.475968953967,2525.310133695043
1,1503,0,Invasive_Tumor,0.6530612244897959,49,765.9635085731744,2525.310133695043
1,1504,0,Invasive_Tumor,0.3684210526315789,57,883.475968953967,2439.8298666803166
1,1505,0,Invasive_Tumor,0.7941176470588235,68,765.9635085731744,2439.8298666803166
1,1506,0,Invasive_Tumor,0.7368421052631579,76,648.4510481923818,2525.310133695043
1,1508,0,Invasive_Tumor,0.375,72,648.4510481923818,2439.8298666803166
1,1509,0,Invasive_Tumor,0.6024096385542169,83,530.9385878115892,2439.8298666803166
1,1510,0,Invasive_Tumor,0.24193548387096775,62,413.4261274307966,2696.270667724498
1,1511,0,CD4+_T_Cells,0.23853211009174313,109,295.913667050004,2696.270667724498
1,1512,0,Macrophages_1,0.32,75,413.4261274307966,2610.7904007097704
1,1514,1,CD4+_T_Cells,0.3,120,178.40120666921138,2696.270667724498
1,1515,1,CD4+_T_Cells,0.23529411764705882,102,60.888746288418766,2696.270667724498
1,1516,2,Myoepi_ACTA2+,0.26595744680851063,94,178.40120666921138,2610.7904007097704
1,1517,2,CD4+_T_Cells,0.21782178217821782,101,60.888746288418766,2610.7904007097704
1,1518,0,Invasive_Tumor,0.5833333333333334,72,413.4261274307966,2525.310133695043
1,1519,2,DCIS_2,0.5735294117647058,68,295.913667050004,2525.310133695043
1,1520,2,Invasive_Tumor,0.3375,80,413.4261274307966,2439.8298666803166
1,1521,2,DCIS_2,0.3181818181818182,66,295.913667050004,2439.8298666803166
1,1522,3,DCIS_2,0.8933333333333333,75,178.40120666921138,2525.310133695043
1,1523,2,Stromal,0.375,72,60.888746288418766,2525.310133695043
1,1524,2,Myoepi_ACTA2+,0.32954545454545453,88,178.40120666921138,2439.8298666803166
1,1525,2,DCIS_2,0.2976190476190476,84,60.888746288418766,2439.8298666803166
1,1527,3,Invasive_Tumor,0.6833333333333333,60,765.9635085731744,2354.3495996655893
1,1528,0,Invasive_Tumor,0.5606060606060606,66,883.475968953967,2268.869332650863
1,1530,0,Invasive_Tumor,0.5606060606060606,66,648.4510481923818,2354.3495996655893
1,1531,0,Invasive_Tumor,0.8311688311688312,77,530.9385878115892,2354.3495996655893
1,1532,0,Invasive_Tumor,0.43283582089552236,67,648.4510481923818,2268.869332650863
1,1533,3,Invasive_Tumor,0.8055555555555556,72,530.9385878115892,2268.869332650863
1,1534,0,Invasive_Tumor,0.6415094339622641,53,883.475968953967,2183.3890656361355
1,1535,0,Invasive_Tumor,0.6615384615384615,65,765.9635085731744,2183.3890656361355
1,1536,0,Invasive_Tumor,0.47761194029850745,67,883.475968953967,2097.908798621409
1,1537,0,Invasive_Tumor,0.8615384615384616,65,765.9635085731744,2097.908798621409
1,1538,0,Invasive_Tumor,0.3707865168539326,89,648.4510481923818,2183.3890656361355
1,1539,0,Invasive_Tumor,0.5256410256410257,78,530.9385878115892,2183.3890656361355
1,1540,0,Invasive_Tumor,0.859375,64,648.4510481923818,2097.908798621409
1,1541,0,Invasive_Tumor,0.38461538461538464,78,530.9385878115892,2097.908798621409
1,1542,0,CD4+_T_Cells,0.2222222222222222,108,413.4261274307966,2354.3495996655893
1,1544,0,Invasive_Tumor,0.3333333333333333,93,413.4261274307966,2268.869332650863
1,1545,0,Macrophages_1,0.27358490566037735,106,295.913667050004,2268.869332650863
1,1546,2,Myoepi_ACTA2+,0.4270833333333333,96,178.40120666921138,2354.3495996655893
1,1549,2,Myoepi_ACTA2+,0.21568627450980393,102,60.888746288418766,2268.869332650863
1,1550,0,Invasive_Tumor,0.40963855421686746,83,413.4261274307966,2183.3890656361355
1,1551,0,Invasive_Tumor,0.21238938053097345,113,295.913667050004,2183.3890656361355
1,1552,0,Invasive_Tumor,0.21,100,413.4261274307966,2097.908798621409
1,1555,2,Stromal,0.17105263157894737,76,60.888746288418766,2183.3890656361355
1,1557,2,Stromal,0.23655913978494625,93,60.888746288418766,2097.908798621409
1,1558,3,Invasive_Tumor,0.7971014492753623,69,1823.5756520003079,2012.4285316066819
1,1559,0,Invasive_Tumor,0.7735849056603774,53,1706.0631916195152,2012.4285316066819
1,1560,1,Invasive_Tumor,0.475,40,1823.5756520003079,1926.9482645919547
1,1561,0,Invasive_Tumor,0.7692307692307693,65,1706.0631916195152,1926.9482645919547
1,1562,0,Invasive_Tumor,0.75,60,1588.5507312387226,2012.4285316066819
1,1564,0,Invasive_Tumor,0.7627118644067796,59,1588.5507312387226,1926.9482645919547
1,1565,0,Invasive_Tumor,0.746031746031746,63,1471.03827085793,1926.9482645919547
1,1566,0,Invasive_Tumor,0.8103448275862069,58,1823.5756520003079,1841.4679975772278
1,1567,0,Invasive_Tumor,0.78125,64,1706.0631916195152,1841.4679975772278
1,1568,0,Invasive_Tumor,0.9206349206349206,63,1823.5756520003079,1755.9877305625007
1,1569,0,Invasive_Tumor,0.5909090909090909,44,1706.0631916195152,1755.9877305625007
1,1570,0,Invasive_Tumor,0.7384615384615385,65,1588.5507312387226,1841.4679975772278
1,1571,0,Invasive_Tumor,0.75,52,1471.03827085793,1841.4679975772278
1,1572,0,Invasive_Tumor,0.7083333333333334,72,1588.5507312387226,1755.9877305625007
1,1573,0,Invasive_Tumor,0.7169811320754716,53,1471.03827085793,1755.9877305625007
1,1574,0,Invasive_Tumor,0.5,62,1353.5258104771374,2012.4285316066819
1,1575,0,Invasive_Tumor,0.6507936507936508,63,1236.0133500963448,2012.4285316066819
1,1576,0,Invasive_Tumor,0.5094339622641509,53,1353.5258104771374,1926.9482645919547
1,1577,0,Invasive_Tumor,0.8421052631578947,57,1236.0133500963448,1926.9482645919547
1,1578,0,Invasive_Tumor,0.5645161290322581,62,1118.5008897155521,2012.4285316066819
1,1579,0,Invasive_Tumor,0.819672131147541,61,1000.9884293347595,2012.4285316066819
1,1580,0,Invasive_Tumor,0.7758620689655172,58,1118.5008897155521,1926.9482645919547
1,1581,0,Invasive_Tumor,0.746031746031746,63,1000.9884293347595,1926.9482645919547
1,1582,3,Invasive_Tumor,0.8793103448275862,58,1353.5258104771374,1841.4679975772278
1,1584,0,Invasive_Tumor,0.6470588235294118,68,1353.5258104771374,1755.9877305625007
1,1585,0,Invasive_Tumor,0.5223880597014925,67,1236.0133500963448,1755.9877305625007
1,1586,0,Invasive_Tumor,0.7878787878787878,66,1118.5008897155521,1841.4679975772278
1,1587,0,Invasive_Tumor,0.6623376623376623,77,1000.9884293347595,1841.4679975772278
1,1588,0,Invasive_Tumor,0.6825396825396826,63,1118.5008897155521,1755.9877305625007
1,1589,0,Invasive_Tumor,0.7875,80,1000.9884293347595,1755.9877305625007
1,1590,0,Invasive_Tumor,0.48,50,1823.5756520003079,1670.5074635477738
1,1591,0,Invasive_Tumor,0.6727272727272727,55,1706.0631916195152,1670.5074635477738
1,1592,0,Invasive_Tumor,0.8181818181818182,66,1823.5756520003079,1585.0271965330467
1,1593,0,Invasive_Tumor,0.7213114754098361,61,1706.0631916195152,1585.0271965330467
1,1594,0,Invasive_Tumor,0.46987951807228917,83,1588.5507312387226,1670.5074635477738
1,1595,3,Invasive_Tumor,0.9285714285714286,84,1471.03827085793,1670.5074635477738
1,1596,0,Invasive_Tumor,0.54,50,1588.5507312387226,1585.0271965330467
1,1597,0,Invasive_Tumor,0.7920792079207921,101,1471.03827085793,1585.0271965330467
1,1598,0,Invasive_Tumor,0.7884615384615384,52,1823.5756520003079,1499.5469295183198
1,1599,0,Invasive_Tumor,0.3230769230769231,65,1706.0631916195152,1499.5469295183198
1,1600,0,Invasive_Tumor,0.6296296296296297,54,1823.5756520003079,1414.0666625035926
1,1601,0,Invasive_Tumor,0.7090909090909091,55,1706.0631916195152,1414.0666625035926
1,1602,0,Invasive_Tumor,0.6842105263157895,57,1588.5507312387226,1499.5469295183198
1,1603,0,Invasive_Tumor,0.5230769230769231,65,1471.03827085793,1499.5469295183198
1,1604,0,Stromal,0.39215686274509803,51,1588.5507312387226,1414.0666625035926
1,1605,0,Invasive_Tumor,0.7096774193548387,62,1471.03827085793,1414.0666625035926
1,1606,0,Invasive_Tumor,0.4,75,1353.5258104771374,1670.5074635477738
1,1607,0,Invasive_Tumor,0.75,68,1236.0133500963448,1670.5074635477738
1,1608,0,Invasive_Tumor,0.5454545454545454,77,1353.5258104771374,1585.0271965330467
1,1609,0,Invasive_Tumor,0.6129032258064516,62,1236.0133500963448,1585.0271965330467
1,1610,0,Invasive_Tumor,0.5324675324675324,77,1118.5008897155521,1670.5074635477738
1,1611,0,Invasive_Tumor,0.62,50,1000.9884293347595,1670.5074635477738
1,1612,0,Invasive_Tumor,0.6206896551724138,58,1118.5008897155521,1585.0271965330467
1,1613,0,Invasive_Tumor,0.31868131868131866,91,1000.9884293347595,1585.0271965330467
1,1615,0,Invasive_Tumor,0.7777777777777778,45,1236.0133500963448,1499.5469295183198
1,1616,0,Invasive_Tumor,0.3559322033898305,59,1353.5258104771374,1414.0666625035926
1,1617,0,Invasive_Tumor,0.6935483870967742,62,1236.0133500963448,1414.0666625035926
1,1618,3,Invasive_Tumor,0.8356164383561644,73,1118.5008897155521,1499.5469295183198
1,1619,0,Invasive_Tumor,0.717948717948718,78,1000.9884293347595,1499.5469295183198
1,1620,0,Invasive_Tumor,0.6724137931034483,58,1118.5008897155521,1414.0666625035926
1,1621,0,Invasive_Tumor,0.6521739130434783,69,1000.9884293347595,1414.0666625035926
1,1622,0,Invasive_Tumor,0.6666666666666666,54,883.475968953967,2012.4285316066819
1,1623,0,Invasive_Tumor,0.7575757575757576,66,765.9635085731744,2012.4285316066819
1,1624,0,Invasive_Tumor,0.7049180327868853,61,883.475968953967,1926.9482645919547
1,1625,3,Invasive_Tumor,0.8870967741935484,62,765.9635085731744,1926.9482645919547
1,1626,0,Invasive_Tumor,0.6557377049180327,61,648.4510481923818,2012.4285316066819
1,1627,0,Invasive_Tumor,0.7878787878787878,66,530.9385878115892,2012.4285316066819
1,1628,3,Invasive_Tumor,0.8245614035087719,57,648.4510481923818,1926.9482645919547
1,1629,0,Invasive_Tumor,0.696969696969697,66,530.9385878115892,1926.9482645919547
1,1630,0,Invasive_Tumor,0.7547169811320755,53,883.475968953967,1841.4679975772278
1,1631,0,Invasive_Tumor,0.6338028169014085,71,765.9635085731744,1841.4679975772278
1,1632,0,Invasive_Tumor,0.7391304347826086,69,883.475968953967,1755.9877305625007
1,1633,0,Invasive_Tumor,0.78125,64,765.9635085731744,1755.9877305625007
1,1634,0,Invasive_Tumor,0.6493506493506493,77,648.4510481923818,1841.4679975772278
1,1635,0,Invasive_Tumor,0.3492063492063492,63,530.9385878115892,1841.4679975772278
1,1636,0,Invasive_Tumor,0.3333333333333333,54,648.4510481923818,1755.9877305625007
1,1638,0,CD4+_T_Cells,0.2543859649122807,114,413.4261274307966,2012.4285316066819
1,1639,0,CD4+_T_Cells,0.25,52,295.913667050004,2012.4285316066819
1,1640,0,CD4+_T_Cells,0.2871287128712871,101,413.4261274307966,1926.9482645919547
1,1641,0,CD4+_T_Cells,0.34513274336283184,113,295.913667050004,1926.9482645919547
1,1642,0,Invasive_Tumor,0.3181818181818182,66,178.40120666921138,2012.4285316066819
1,1643,2,Myoepi_ACTA2+,0.2222222222222222,81,60.888746288418766,2012.4285316066819
1,1644,0,CD4+_T_Cells,0.32978723404255317,94,178.40120666921138,1926.9482645919547
1,1645,2,Stromal,0.2028985507246377,69,60.888746288418766,1926.9482645919547
1,1646,0,Invasive_Tumor,0.2894736842105263,76,413.4261274307966,1841.4679975772278
1,1647,0,CD4+_T_Cells,0.32075471698113206,106,295.913667050004,1841.4679975772278
1,1648,0,Endothelial,0.2459016393442623,61,413.4261274307966,1755.9877305625007
1,1649,0,Macrophages_1,0.2916666666666667,96,295.913667050004,1755.9877305625007
1,1650,2,Myoepi_ACTA2+,0.19672131147540983,61,178.40120666921138,1841.4679975772278
1,1651,3,DCIS_2,0.7321428571428571,56,60.888746288418766,1841.4679975772278
1,1652,2,DCIS_2,0.3508771929824561,57,178.40120666921138,1755.9877305625007
1,1653,3,DCIS_2,0.9,60,60.888746288418766,1755.9877305625007
1,1654,0,Stromal,0.30120481927710846,166,824.7197387635707,1627.7673300404103
1,1655,0,Invasive_Tumor,0.3768844221105528,199,589.6948180019855,1627.7673300404103
1,1656,0,Invasive_Tumor,0.2,75,883.475968953967,1499.5469295183198
1,1657,1,CD4+_T_Cells,0.3088235294117647,68,765.9635085731744,1499.5469295183198
1,1658,0,CD4+_T_Cells,0.36893203883495146,103,883.475968953967,1414.0666625035926
1,1659,1,CD4+_T_Cells,0.410958904109589,73,765.9635085731744,1414.0666625035926
1,1661,0,Invasive_Tumor,0.7126436781609196,87,530.9385878115892,1499.5469295183198
1,1662,0,Invasive_Tumor,0.4444444444444444,63,648.4510481923818,1414.0666625035926
1,1663,0,Invasive_Tumor,0.4166666666666667,72,530.9385878115892,1414.0666625035926
1,1664,0,Invasive_Tumor,0.6268656716417911,67,413.4261274307966,1670.5074635477738
1,1665,2,Stromal,0.24390243902439024,82,295.913667050004,1670.5074635477738
1,1666,0,Invasive_Tumor,0.7466666666666667,75,413.4261274307966,1585.0271965330467
1,1667,2,Stromal,0.30158730158730157,63,295.913667050004,1585.0271965330467
1,1668,2,Myoepi_ACTA2+,0.34782608695652173,69,178.40120666921138,1670.5074635477738
1,1669,3,DCIS_2,0.8701298701298701,77,60.888746288418766,1670.5074635477738
1,1670,2,Myoepi_ACTA2+,0.4050632911392405,79,178.40120666921138,1585.0271965330467
1,1671,2,Myoepi_ACTA2+,0.5529411764705883,85,60.888746288418766,1585.0271965330467
1,1672,0,Invasive_Tumor,0.3333333333333333,60,413.4261274307966,1499.5469295183198
1,1673,2,Stromal,0.2641509433962264,53,295.913667050004,1499.5469295183198
1,1674,0,Invasive_Tumor,0.49230769230769234,65,413.4261274307966,1414.0666625035926
1,1675,0,Stromal,0.29545454545454547,44,295.913667050004,1414.0666625035926
1,1676,2,DCIS_2,0.47540983606557374,61,178.40120666921138,1499.5469295183198
1,1677,2,Myoepi_ACTA2+,0.39436619718309857,71,60.888746288418766,1499.5469295183198
1,1678,2,Myoepi_ACTA2+,0.5849056603773585,53,178.40120666921138,1414.0666625035926
1,1679,2,Myoepi_ACTA2+,0.34,50,60.888746288418766,1414.0666625035926
1,1680,0,Invasive_Tumor,0.7878787878787878,66,3703.7750180929897,1328.5863954888657
1,1681,0,Invasive_Tumor,0.65,80,3586.262557712197,1328.5863954888657
1,1682,0,Invasive_Tumor,0.6323529411764706,68,3703.7750180929897,1243.1061284741386
1,1684,0,Invasive_Tumor,0.821917808219178,73,3468.7500973314045,1328.5863954888657
1,1685,0,Invasive_Tumor,0.759493670886076,79,3351.237636950612,1328.5863954888657
1,1686,3,Invasive_Tumor,0.8805970149253731,67,3468.7500973314045,1243.1061284741386
1,1687,0,Invasive_Tumor,0.7402597402597403,77,3351.237636950612,1243.1061284741386
1,1688,0,Invasive_Tumor,0.76,50,3703.7750180929897,1157.6258614594117
1,1689,0,Invasive_Tumor,0.7976190476190477,84,3586.262557712197,1157.6258614594117
1,1690,1,Invasive_Tumor,0.2962962962962963,27,3703.7750180929897,1072.1455944446845
1,1691,0,Invasive_Tumor,0.5,54,3586.262557712197,1072.1455944446845
1,1692,0,Invasive_Tumor,0.8360655737704918,61,3468.7500973314045,1157.6258614594117
1,1694,0,Invasive_Tumor,0.578125,64,3468.7500973314045,1072.1455944446845
1,1695,0,Invasive_Tumor,0.44,50,3351.237636950612,1072.1455944446845
1,1697,3,Invasive_Tumor,0.7746478873239436,71,3116.2127161890267,1328.5863954888657
1,1698,0,Invasive_Tumor,0.6825396825396826,63,3233.7251765698193,1243.1061284741386
1,1700,0,Invasive_Tumor,0.576271186440678,59,2998.700255808234,1328.5863954888657
1,1701,0,Invasive_Tumor,0.375,40,2881.1877954274414,1328.5863954888657
1,1703,0,Invasive_Tumor,0.7837837837837838,74,2881.1877954274414,1243.1061284741386
1,1704,0,Invasive_Tumor,0.8840579710144928,69,3233.7251765698193,1157.6258614594117
1,1705,3,Invasive_Tumor,0.927710843373494,83,3116.2127161890267,1157.6258614594117
1,1706,0,Invasive_Tumor,0.84,75,3233.7251765698193,1072.1455944446845
1,1708,0,Invasive_Tumor,0.8421052631578947,57,2998.700255808234,1157.6258614594117
1,1709,0,Invasive_Tumor,0.9137931034482759,58,2881.1877954274414,1157.6258614594117
1,1710,0,Invasive_Tumor,0.8070175438596491,57,2998.700255808234,1072.1455944446845
1,1711,3,Invasive_Tumor,0.8205128205128205,78,2881.1877954274414,1072.1455944446845
1,1712,0,Invasive_Tumor,0.569620253164557,158,3645.0187879025934,943.9251939225942
1,1713,0,Invasive_Tumor,0.66,150,3409.993867141008,943.9251939225942
1,1714,1,Stromal,0.39215686274509803,51,3645.0187879025934,772.9646598931402
1,1715,1,Stromal,0.5333333333333333,60,3409.993867141008,772.9646598931402
1,1716,0,Invasive_Tumor,0.639344262295082,61,3233.7251765698193,986.6653274299576
1,1717,3,Invasive_Tumor,0.8607594936708861,79,3116.2127161890267,986.6653274299576
1,1718,0,Invasive_Tumor,0.7346938775510204,49,3233.7251765698193,901.1850604152307
1,1719,0,Invasive_Tumor,0.6964285714285714,56,3116.2127161890267,901.1850604152307
1,1720,0,Invasive_Tumor,0.8767123287671232,73,2998.700255808234,986.6653274299576
1,1722,0,Invasive_Tumor,0.7115384615384616,52,2998.700255808234,901.1850604152307
1,1723,0,Invasive_Tumor,0.375,48,2881.1877954274414,901.1850604152307
1,1725,0,Invasive_Tumor,0.5294117647058824,51,2998.700255808234,815.7047934005036
1,1726,3,Invasive_Tumor,0.9649122807017544,57,2881.1877954274414,815.7047934005036
1,1727,0,Invasive_Tumor,0.8421052631578947,38,2998.700255808234,730.2245263857767
1,1728,3,Invasive_Tumor,0.8805970149253731,67,2881.1877954274414,730.2245263857767
1,1729,0,Invasive_Tumor,0.7936507936507936,63,2763.675335046649,1328.5863954888657
1,1730,0,Invasive_Tumor,0.6923076923076923,52,2646.162874665856,1328.5863954888657
1,1731,3,Invasive_Tumor,0.8260869565217391,69,2763.675335046649,1243.1061284741386
1,1732,0,Invasive_Tumor,0.8125,48,2646.162874665856,1243.1061284741386
1,1733,0,Invasive_Tumor,0.7936507936507936,63,2528.6504142850636,1328.5863954888657
1,1734,0,Invasive_Tumor,0.5882352941176471,51,2411.137953904271,1328.5863954888657
1,1736,0,Invasive_Tumor,0.6,60,2411.137953904271,1243.1061284741386
1,1737,0,Invasive_Tumor,0.8529411764705882,68,2763.675335046649,1157.6258614594117
1,1738,0,Invasive_Tumor,0.6730769230769231,52,2646.162874665856,1157.6258614594117
1,1740,0,Invasive_Tumor,0.8611111111111112,72,2646.162874665856,1072.1455944446845
1,1741,0,Invasive_Tumor,0.5,46,2528.6504142850636,1157.6258614594117
1,1742,0,Invasive_Tumor,0.6825396825396826,63,2411.137953904271,1157.6258614594117
1,1743,0,Invasive_Tumor,0.6666666666666666,54,2528.6504142850636,1072.1455944446845
1,1744,3,Invasive_Tumor,0.8448275862068966,58,2411.137953904271,1072.1455944446845
1,1745,0,Invasive_Tumor,0.7833333333333333,60,2293.6254935234783,1328.5863954888657
1,1746,0,Invasive_Tumor,0.7755102040816326,49,2176.1130331426857,1328.5863954888657
1,1747,0,Invasive_Tumor,0.6833333333333333,60,2293.6254935234783,1243.1061284741386
1,1748,0,Invasive_Tumor,0.72,50,2176.1130331426857,1243.1061284741386
1,1750,3,Invasive_Tumor,0.9104477611940298,67,1941.0881123811005,1328.5863954888657
1,1751,0,Invasive_Tumor,0.6140350877192983,57,2058.600572761893,1243.1061284741386
1,1752,0,Invasive_Tumor,0.75,64,1941.0881123811005,1243.1061284741386
1,1753,0,Invasive_Tumor,0.65625,64,2293.6254935234783,1157.6258614594117
1,1755,0,Invasive_Tumor,0.576271186440678,59,2293.6254935234783,1072.1455944446845
1,1756,0,Invasive_Tumor,0.8421052631578947,57,2176.1130331426857,1072.1455944446845
1,1757,3,Invasive_Tumor,0.8596491228070176,57,2058.600572761893,1157.6258614594117
1,1758,0,Invasive_Tumor,0.6268656716417911,67,1941.0881123811005,1157.6258614594117
1,1759,0,Invasive_Tumor,0.803921568627451,51,2058.600572761893,1072.1455944446845
1,1760,0,Invasive_Tumor,0.5714285714285714,56,1941.0881123811005,1072.1455944446845
1,1761,0,Invasive_Tumor,0.8387096774193549,62,2763.675335046649,986.6653274299576
1,1762,0,Invasive_Tumor,0.5576923076923077,52,2646.162874665856,986.6653274299576
1,1764,0,Invasive_Tumor,0.7,50,2646.162874665856,901.1850604152307
1,1765,0,Invasive_Tumor,0.8653846153846154,52,2528.6504142850636,986.6653274299576
1,1766,3,Invasive_Tumor,0.88,75,2411.137953904271,986.6653274299576
1,1767,0,Invasive_Tumor,0.7272727272727273,55,2528.6504142850636,901.1850604152307
1,1771,0,Invasive_Tumor,0.38,50,2763.675335046649,730.2245263857767
1,1772,0,Invasive_Tumor,0.5238095238095238,63,2646.162874665856,730.2245263857767
1,1773,0,Invasive_Tumor,0.7931034482758621,58,2528.6504142850636,815.7047934005036
1,1775,0,Invasive_Tumor,0.7090909090909091,55,2528.6504142850636,730.2245263857767
1,1776,0,Invasive_Tumor,0.6888888888888889,45,2411.137953904271,730.2245263857767
1,1777,0,Invasive_Tumor,0.6964285714285714,56,2293.6254935234783,986.6653274299576
1,1778,0,Stromal,0.40540540540540543,37,2176.1130331426857,986.6653274299576
1,1779,0,Invasive_Tumor,0.7692307692307693,52,2293.6254935234783,901.1850604152307
1,1780,3,Invasive_Tumor,0.8169014084507042,71,2176.1130331426857,901.1850604152307
1,1781,0,Invasive_Tumor,0.6751269035532995,197,1999.8443425714968,943.9251939225942
1,1782,0,Invasive_Tumor,0.5555555555555556,45,2293.6254935234783,815.7047934005036
1,1783,0,Invasive_Tumor,0.7407407407407407,54,2176.1130331426857,815.7047934005036
1,1784,0,Invasive_Tumor,0.864406779661017,59,2293.6254935234783,730.2245263857767
1,1785,0,Invasive_Tumor,0.6842105263157895,57,2176.1130331426857,730.2245263857767
1,1786,0,Invasive_Tumor,0.7619047619047619,63,2058.600572761893,815.7047934005036
1,1787,0,Invasive_Tumor,0.7254901960784313,51,1941.0881123811005,815.7047934005036
1,1788,0,Invasive_Tumor,0.847457627118644,59,2058.600572761893,730.2245263857767
1,1791,0,Invasive_Tumor,0.3979591836734694,98,2939.9440256178377,431.0435918342322
1,1792,0,Invasive_Tumor,0.7010309278350515,194,2704.9191048562525,602.0041258636862
1,1793,0,Invasive_Tumor,0.8360655737704918,61,2528.6504142850636,644.7442593710498
1,1794,0,Invasive_Tumor,0.6190476190476191,42,2411.137953904271,644.7442593710498
1,1795,0,Invasive_Tumor,0.6811594202898551,69,2528.6504142850636,559.2639923563227
1,1796,0,Invasive_Tumor,0.782608695652174,69,2411.137953904271,559.2639923563227
1,1798,0,Invasive_Tumor,0.76,50,2528.6504142850636,473.7837253415957
1,1799,0,Invasive_Tumor,0.5535714285714286,56,2411.137953904271,473.7837253415957
1,1800,0,Invasive_Tumor,0.717391304347826,46,2528.6504142850636,388.30345832686874
1,1801,0,Invasive_Tumor,0.49019607843137253,51,2411.137953904271,388.30345832686874
1,1802,3,Invasive_Tumor,0.85,60,2293.6254935234783,644.7442593710498
1,1803,3,Invasive_Tumor,0.8769230769230769,65,2176.1130331426857,644.7442593710498
1,1804,0,Invasive_Tumor,0.8,65,2293.6254935234783,559.2639923563227
1,1805,0,Invasive_Tumor,0.5384615384615384,65,2176.1130331426857,559.2639923563227
1,1806,0,Invasive_Tumor,0.7230769230769231,65,2058.600572761893,644.7442593710498
1,1807,0,Invasive_Tumor,0.7868852459016393,61,1941.0881123811005,644.7442593710498
1,1808,3,Invasive_Tumor,0.8253968253968254,63,2058.600572761893,559.2639923563227
1,1809,0,Invasive_Tumor,0.7592592592592593,54,1941.0881123811005,559.2639923563227
1,1810,0,Invasive_Tumor,0.6271186440677966,59,2293.6254935234783,473.7837253415957
1,1811,1,Stromal,0.625,48,2176.1130331426857,473.7837253415957
1,1812,1,Stromal,0.4230769230769231,52,2293.6254935234783,388.30345832686874
1,1813,2,Myoepi_ACTA2+,0.3181818181818182,66,2176.1130331426857,388.30345832686874
1,1814,0,Invasive_Tumor,0.3402061855670103,194,1999.8443425714968,431.0435918342322
1,1815,0,Invasive_Tumor,0.7551020408163265,196,2704.9191048562525,260.0830578047782
1,1816,0,Invasive_Tumor,0.3373493975903614,166,2469.8941840946673,260.0830578047782
1,1817,3,DCIS_2,0.5,66,2293.6254935234783,302.8231913121417
1,1820,3,DCIS_2,0.29545454545454547,44,2176.1130331426857,217.3429242974147
1,1821,3,DCIS_2,0.5584415584415584,77,2058.600572761893,302.8231913121417
1,1822,0,Stromal,0.2926829268292683,41,1941.0881123811005,302.8231913121417
1,1823,3,DCIS_2,0.6292134831460674,89,2058.600572761893,217.3429242974147
1,1824,2,Endothelial,0.16216216216216217,74,1941.0881123811005,217.3429242974147
1,1825,3,Invasive_Tumor,0.6891891891891891,74,2234.869263333082,89.12252377532423
1,1826,3,Invasive_Tumor,0.5579710144927537,138,1999.8443425714968,89.12252377532423
1,1828,0,Invasive_Tumor,0.8181818181818182,55,1706.0631916195152,1328.5863954888657
1,1830,0,Invasive_Tumor,0.7058823529411765,51,1706.0631916195152,1243.1061284741386
1,1831,0,Invasive_Tumor,0.543010752688172,186,1529.7945010483263,1285.8462619815023
1,1832,0,Invasive_Tumor,0.5454545454545454,66,1823.5756520003079,1157.6258614594117
1,1833,0,Invasive_Tumor,0.8,55,1706.0631916195152,1157.6258614594117
1,1834,0,Invasive_Tumor,0.5,62,1823.5756520003079,1072.1455944446845
1,1835,0,Invasive_Tumor,0.52,50,1706.0631916195152,1072.1455944446845
1,1837,0,Invasive_Tumor,0.8095238095238095,63,1471.03827085793,1157.6258614594117
1,1838,0,Invasive_Tumor,0.6610169491525424,59,1588.5507312387226,1072.1455944446845
1,1839,0,Invasive_Tumor,0.7708333333333334,48,1471.03827085793,1072.1455944446845
1,1840,0,Invasive_Tumor,0.4126984126984127,63,1353.5258104771374,1328.5863954888657
1,1841,0,Invasive_Tumor,0.5471698113207547,53,1236.0133500963448,1328.5863954888657
1,1842,0,Invasive_Tumor,0.575,40,1353.5258104771374,1243.1061284741386
1,1843,0,Invasive_Tumor,0.6031746031746031,63,1236.0133500963448,1243.1061284741386
1,1844,0,Stromal,0.25555555555555554,180,1059.7446595251558,1285.8462619815023
1,1845,0,Invasive_Tumor,0.6855670103092784,194,1294.769580286741,1114.885727952048
1,1846,0,Invasive_Tumor,0.32642487046632124,193,1059.7446595251558,1114.885727952048
1,1847,0,Invasive_Tumor,0.5082872928176796,181,1764.8194218099115,943.9251939225942
1,1848,0,Invasive_Tumor,0.5849056603773585,159,1529.7945010483263,943.9251939225942
1,1849,0,Invasive_Tumor,0.7741935483870968,62,1823.5756520003079,815.7047934005036
1,1850,0,Invasive_Tumor,0.7692307692307693,52,1706.0631916195152,815.7047934005036
1,1851,0,Invasive_Tumor,0.6481481481481481,54,1823.5756520003079,730.2245263857767
1,1852,0,Invasive_Tumor,0.8363636363636363,55,1706.0631916195152,730.2245263857767
1,1854,0,Invasive_Tumor,0.36065573770491804,183,1294.769580286741,943.9251939225942
1,1855,2,Stromal,0.28846153846153844,52,1118.5008897155521,986.6653274299576
1,1856,2,DCIS_2,0.2835820895522388,67,1000.9884293347595,986.6653274299576
1,1857,2,DCIS_2,0.48484848484848486,66,1118.5008897155521,901.1850604152307
1,1858,2,Stromal,0.30952380952380953,84,1000.9884293347595,901.1850604152307
1,1859,2,Invasive_Tumor,0.285,200,1294.769580286741,772.9646598931402
1,1860,3,Invasive_Tumor,0.4794520547945205,73,1118.5008897155521,815.7047934005036
1,1862,3,Invasive_Tumor,0.581081081081081,74,1118.5008897155521,730.2245263857767
1,1863,3,DCIS_2,0.7283950617283951,81,1000.9884293347595,730.2245263857767
1,1864,1,B_Cells,0.20967741935483872,62,883.475968953967,1328.5863954888657
1,1865,2,Stromal,0.2465753424657534,73,765.9635085731744,1328.5863954888657
1,1866,2,Stromal,0.3090909090909091,55,883.475968953967,1243.1061284741386
1,1867,3,DCIS_2,0.8,70,765.9635085731744,1243.1061284741386
1,1869,0,Invasive_Tumor,0.546875,64,530.9385878115892,1328.5863954888657
1,1870,2,DCIS_2,0.44,50,648.4510481923818,1243.1061284741386
1,1871,0,Stromal,0.24,50,530.9385878115892,1243.1061284741386
1,1872,3,DCIS_2,0.6857142857142857,70,883.475968953967,1157.6258614594117
1,1873,3,DCIS_2,0.8987341772151899,79,765.9635085731744,1157.6258614594117
1,1874,3,Invasive_Tumor,0.532258064516129,62,883.475968953967,1072.1455944446845
1,1875,3,DCIS_2,0.8020833333333334,96,765.9635085731744,1072.1455944446845
1,1876,2,DCIS_2,0.6585365853658537,82,648.4510481923818,1157.6258614594117
1,1877,1,Endothelial,0.37777777777777777,45,530.9385878115892,1157.6258614594117
1,1878,3,DCIS_2,0.676923076923077,65,648.4510481923818,1072.1455944446845
1,1879,2,DCIS_2,0.32,50,530.9385878115892,1072.1455944446845
1,1880,0,Invasive_Tumor,0.8428571428571429,70,413.4261274307966,1328.5863954888657
1,1881,0,Invasive_Tumor,0.6440677966101694,59,295.913667050004,1328.5863954888657
1,1882,0,Invasive_Tumor,0.48148148148148145,54,413.4261274307966,1243.1061284741386
1,1883,0,Invasive_Tumor,0.2830188679245283,53,295.913667050004,1243.1061284741386
1,1885,2,Myoepi_ACTA2+,0.3333333333333333,75,60.888746288418766,1328.5863954888657
1,1886,2,Stromal,0.2714285714285714,70,178.40120666921138,1243.1061284741386
1,1887,3,DCIS_2,0.803921568627451,51,60.888746288418766,1243.1061284741386
1,1888,1,Stromal,0.28205128205128205,39,413.4261274307966,1157.6258614594117
1,1889,0,Invasive_Tumor,0.1875,64,295.913667050004,1157.6258614594117
1,1890,1,CD8+_T_Cells,0.2459016393442623,61,413.4261274307966,1072.1455944446845
1,1891,1,CD4+_T_Cells,0.23076923076923078,52,295.913667050004,1072.1455944446845
1,1892,2,CD4+_T_Cells,0.26136363636363635,88,178.40120666921138,1157.6258614594117
1,1893,2,Myoepi_ACTA2+,0.5769230769230769,52,60.888746288418766,1157.6258614594117
1,1894,1,Stromal,0.26136363636363635,88,178.40120666921138,1072.1455944446845
1,1896,3,Invasive_Tumor,0.5074626865671642,67,883.475968953967,986.6653274299576
1,1898,2,DCIS_2,0.3614457831325301,83,883.475968953967,901.1850604152307
1,1899,3,DCIS_2,0.7647058823529411,85,765.9635085731744,901.1850604152307
1,1900,3,DCIS_2,0.6534653465346535,101,648.4510481923818,986.6653274299576
1,1901,2,DCIS_2,0.6363636363636364,66,530.9385878115892,986.6653274299576
1,1903,3,DCIS_2,0.797979797979798,99,530.9385878115892,901.1850604152307
1,1904,2,DCIS_2,0.35135135135135137,74,883.475968953967,815.7047934005036
1,1905,2,DCIS_2,0.5238095238095238,63,765.9635085731744,815.7047934005036
1,1906,2,DCIS_2,0.746031746031746,63,883.475968953967,730.2245263857767
1,1907,2,DCIS_2,0.39473684210526316,76,765.9635085731744,730.2245263857767
1,1908,3,DCIS_2,0.8478260869565217,92,648.4510481923818,815.7047934005036
1,1909,2,DCIS_2,0.4659090909090909,88,530.9385878115892,815.7047934005036
1,1910,2,DCIS_2,0.42391304347826086,92,648.4510481923818,730.2245263857767
1,1911,2,DCIS_2,0.3409090909090909,88,530.9385878115892,730.2245263857767
1,1912,1,CD4+_T_Cells,0.2549019607843137,51,413.4261274307966,986.6653274299576
1,1913,0,Stromal,0.21666666666666667,60,295.913667050004,986.6653274299576
1,1915,0,Invasive_Tumor,0.4117647058823529,68,295.913667050004,901.1850604152307
1,1916,0,Stromal,0.3137254901960784,51,178.40120666921138,986.6653274299576
1,1917,1,CD4+_T_Cells,0.34,100,60.888746288418766,986.6653274299576
1,1918,0,Invasive_Tumor,0.2978723404255319,47,178.40120666921138,901.1850604152307
1,1919,0,Stromal,0.47058823529411764,51,60.888746288418766,901.1850604152307
1,1920,2,Stromal,0.18571428571428572,70,413.4261274307966,815.7047934005036
1,1921,0,Invasive_Tumor,0.24528301886792453,106,295.913667050004,815.7047934005036
1,1922,2,DCIS_2,0.44871794871794873,78,413.4261274307966,730.2245263857767
1,1923,0,CD8+_T_Cells,0.16161616161616163,99,295.913667050004,730.2245263857767
1,1924,0,Invasive_Tumor,0.6896551724137931,58,178.40120666921138,815.7047934005036
1,1927,0,Invasive_Tumor,0.7857142857142857,56,60.888746288418766,730.2245263857767
1,1928,3,Invasive_Tumor,0.8245614035087719,57,1823.5756520003079,644.7442593710498
1,1930,0,Invasive_Tumor,0.7321428571428571,56,1823.5756520003079,559.2639923563227
1,1931,0,Invasive_Tumor,0.6785714285714286,56,1706.0631916195152,559.2639923563227
1,1932,0,Invasive_Tumor,0.3761467889908257,109,1529.7945010483263,602.0041258636862
1,1933,0,Invasive_Tumor,0.6666666666666666,54,1823.5756520003079,473.7837253415957
1,1934,0,Invasive_Tumor,0.38095238095238093,42,1706.0631916195152,473.7837253415957
1,1935,0,Invasive_Tumor,0.5362318840579711,69,1823.5756520003079,388.30345832686874
1,1936,0,Invasive_Tumor,0.7567567567567568,74,1706.0631916195152,388.30345832686874
1,1937,0,Invasive_Tumor,0.3786407766990291,103,1529.7945010483263,431.0435918342322
1,1938,2,Stromal,0.25,48,1353.5258104771374,644.7442593710498
1,1939,3,DCIS_2,0.515625,64,1236.0133500963448,644.7442593710498
1,1940,2,DCIS_2,0.2835820895522388,67,1353.5258104771374,559.2639923563227
1,1941,3,Invasive_Tumor,0.5072463768115942,69,1236.0133500963448,559.2639923563227
1,1942,3,DCIS_2,0.7901234567901234,81,1118.5008897155521,644.7442593710498
1,1943,3,DCIS_2,0.6206896551724138,58,1000.9884293347595,644.7442593710498
1,1945,3,Invasive_Tumor,0.29545454545454547,44,1000.9884293347595,559.2639923563227
1,1946,2,DCIS_2,0.3,40,1353.5258104771374,473.7837253415957
1,1947,2,Myoepi_ACTA2+,0.2692307692307692,78,1236.0133500963448,473.7837253415957
1,1948,1,Stromal,0.42857142857142855,35,1353.5258104771374,388.30345832686874
1,1949,2,Myoepi_ACTA2+,0.17567567567567569,74,1236.0133500963448,388.30345832686874
1,1950,2,Macrophages_1,0.3382352941176471,68,1118.5008897155521,473.7837253415957
1,1951,1,Invasive_Tumor,0.52,50,1000.9884293347595,473.7837253415957
1,1952,3,DCIS_2,0.5285714285714286,70,1118.5008897155521,388.30345832686874
1,1954,0,Invasive_Tumor,0.48,50,1823.5756520003079,302.8231913121417
1,1955,0,Invasive_Tumor,0.56,50,1706.0631916195152,302.8231913121417
1,1956,1,Macrophages_1,0.27450980392156865,51,1823.5756520003079,217.3429242974147
1,1957,0,Invasive_Tumor,0.7377049180327869,61,1706.0631916195152,217.3429242974147
1,1958,0,Invasive_Tumor,0.36,50,1588.5507312387226,302.8231913121417
1,1959,0,Invasive_Tumor,0.7777777777777778,81,1471.03827085793,302.8231913121417
1,1960,0,Invasive_Tumor,0.8307692307692308,65,1588.5507312387226,217.3429242974147
1,1961,0,Invasive_Tumor,0.7916666666666666,48,1471.03827085793,217.3429242974147
1,1962,3,Invasive_Tumor,0.7638190954773869,199,1764.8194218099115,89.12252377532423
1,1963,3,Invasive_Tumor,0.8620689655172413,87,1588.5507312387226,131.86265728268774
1,1964,3,Invasive_Tumor,0.8166666666666667,60,1471.03827085793,131.86265728268774
1,1965,3,Invasive_Tumor,0.6206896551724138,29,1588.5507312387226,46.38239026796073
1,1966,3,Invasive_Tumor,0.76,50,1471.03827085793,46.38239026796073
1,1967,0,B_Cells,0.25,56,1353.5258104771374,302.8231913121417
1,1968,1,Stromal,0.325,40,1236.0133500963448,302.8231913121417
1,1969,0,Invasive_Tumor,0.6190476190476191,63,1353.5258104771374,217.3429242974147
1,1971,2,DCIS_2,0.5465116279069767,86,1118.5008897155521,302.8231913121417
1,1972,3,DCIS_2,0.5476190476190477,84,1000.9884293347595,302.8231913121417
1,1973,2,DCIS_2,0.3333333333333333,51,1118.5008897155521,217.3429242974147
1,1974,2,DCIS_2,0.5876288659793815,97,1000.9884293347595,217.3429242974147
1,1975,0,Invasive_Tumor,0.7945205479452054,73,1353.5258104771374,131.86265728268774
1,1976,3,Invasive_Tumor,0.759493670886076,79,1236.0133500963448,131.86265728268774
1,1977,3,Invasive_Tumor,0.8472222222222222,72,1353.5258104771374,46.38239026796073
1,1978,3,Invasive_Tumor,0.7571428571428571,70,1236.0133500963448,46.38239026796073
1,1979,1,Stromal,0.4,35,1118.5008897155521,131.86265728268774
1,1980,2,Myoepi_ACTA2+,0.3132530120481928,83,1000.9884293347595,131.86265728268774
1,1981,0,Invasive_Tumor,0.6727272727272727,55,1118.5008897155521,46.38239026796073
1,1982,1,Stromal,0.5111111111111111,45,1000.9884293347595,46.38239026796073
1,1983,3,DCIS_2,0.8588235294117647,85,883.475968953967,644.7442593710498
1,1984,3,DCIS_2,0.8108108108108109,74,765.9635085731744,644.7442593710498
1,1985,3,DCIS_2,0.4152542372881356,118,883.475968953967,559.2639923563227
1,1986,3,DCIS_2,0.7450980392156863,102,765.9635085731744,559.2639923563227
1,1987,3,DCIS_2,0.5205479452054794,73,648.4510481923818,644.7442593710498
1,1988,2,DCIS_2,0.3695652173913043,92,530.9385878115892,644.7442593710498
1,1989,3,DCIS_2,0.75,76,648.4510481923818,559.2639923563227
1,1990,2,DCIS_2,0.22666666666666666,75,530.9385878115892,559.2639923563227
1,1992,3,DCIS_2,0.7752808988764045,89,765.9635085731744,473.7837253415957
1,1993,1,DCIS_2,0.4222222222222222,90,883.475968953967,388.30345832686874
1,1994,3,DCIS_2,0.7192982456140351,114,765.9635085731744,388.30345832686874
1,1995,3,DCIS_2,0.550561797752809,89,648.4510481923818,473.7837253415957
1,1996,2,Invasive_Tumor,0.4588235294117647,85,530.9385878115892,473.7837253415957
1,1997,3,DCIS_2,0.5957446808510638,94,648.4510481923818,388.30345832686874
1,1998,3,Invasive_Tumor,0.5529411764705883,85,530.9385878115892,388.30345832686874
1,1999,2,Invasive_Tumor,0.3287671232876712,73,413.4261274307966,644.7442593710498
1,2000,0,Stromal,0.28169014084507044,71,295.913667050004,644.7442593710498
1,2001,2,DCIS_2,0.3424657534246575,73,413.4261274307966,559.2639923563227
1,2002,0,Invasive_Tumor,0.6721311475409836,61,295.913667050004,559.2639923563227
1,2003,0,Invasive_Tumor,0.5636363636363636,55,178.40120666921138,644.7442593710498
1,2004,0,Invasive_Tumor,0.5737704918032787,61,60.888746288418766,644.7442593710498
1,2005,0,Invasive_Tumor,0.7540983606557377,61,178.40120666921138,559.2639923563227
1,2006,0,Invasive_Tumor,0.6153846153846154,65,60.888746288418766,559.2639923563227
1,2007,3,DCIS_2,0.5189873417721519,79,413.4261274307966,473.7837253415957
1,2008,0,Invasive_Tumor,0.6451612903225806,62,295.913667050004,473.7837253415957
1,2009,0,DCIS_2,0.3384615384615385,65,413.4261274307966,388.30345832686874
1,2010,0,Invasive_Tumor,0.68,75,295.913667050004,388.30345832686874
1,2012,0,Invasive_Tumor,0.7164179104477612,67,60.888746288418766,473.7837253415957
1,2013,0,Invasive_Tumor,0.8,95,178.40120666921138,388.30345832686874
1,2014,3,Invasive_Tumor,0.7777777777777778,108,60.888746288418766,388.30345832686874
1,2015,3,DCIS_2,0.7764705882352941,85,883.475968953967,302.8231913121417
1,2016,3,DCIS_2,0.77,100,765.9635085731744,302.8231913121417
1,2017,2,DCIS_2,0.41935483870967744,93,883.475968953967,217.3429242974147
1,2018,3,DCIS_2,0.7391304347826086,92,765.9635085731744,217.3429242974147
1,2019,3,DCIS_2,0.6703296703296703,91,648.4510481923818,302.8231913121417
1,2020,2,DCIS_2,0.3253012048192771,83,530.9385878115892,302.8231913121417
1,2021,2,DCIS_2,0.33663366336633666,101,648.4510481923818,217.3429242974147
1,2022,1,Stromal,0.5151515151515151,33,530.9385878115892,217.3429242974147
1,2023,3,Invasive_Tumor,0.5360824742268041,97,883.475968953967,131.86265728268774
1,2024,3,DCIS_2,0.61,100,765.9635085731744,131.86265728268774
1,2025,2,DCIS_2,0.34375,64,883.475968953967,46.38239026796073
1,2026,3,DCIS_2,0.6021505376344086,93,765.9635085731744,46.38239026796073
1,2030,1,Stromal,0.6086956521739131,23,530.9385878115892,46.38239026796073
1,2031,0,Invasive_Tumor,0.4375,48,413.4261274307966,302.8231913121417
1,2032,0,Invasive_Tumor,0.8095238095238095,84,295.913667050004,302.8231913121417
1,2033,0,Invasive_Tumor,0.5873015873015873,63,413.4261274307966,217.3429242974147
1,2034,0,Invasive_Tumor,0.7070707070707071,99,295.913667050004,217.3429242974147
1,2036,0,Invasive_Tumor,0.7111111111111111,90,60.888746288418766,302.8231913121417
1,2037,0,Invasive_Tumor,0.6060606060606061,99,178.40120666921138,217.3429242974147
1,2038,0,Invasive_Tumor,0.6781609195402298,87,60.888746288418766,217.3429242974147
1,2039,0,Invasive_Tumor,0.3611111111111111,36,413.4261274307966,131.86265728268774
1,2040,0,Invasive_Tumor,0.7672413793103449,116,295.913667050004,131.86265728268774
1,2041,0,Macrophages_1,0.225,40,413.4261274307966,46.38239026796073
1,2042,0,Invasive_Tumor,0.6909090909090909,55,295.913667050004,46.38239026796073
1,2043,0,Invasive_Tumor,0.6186440677966102,118,119.64497647881507,89.12252377532423
2,0,1,DCIS_1,0.32456140350877194,114,7405.417520087957,5388.899078688399
2,1,1,DCIS_1,0.4,50,7229.148829516768,5431.6392121957615
2,2,3,DCIS_1,0.5128205128205128,78,7111.636369135976,5431.6392121957615
2,3,1,Stromal,0.40425531914893614,47,7229.148829516768,5346.158945181035
2,5,1,DCIS_1,0.4945054945054945,91,7464.1737502783535,5260.678678166308
2,6,2,Stromal,0.3888888888888889,36,7346.661289897561,5260.678678166308
2,7,3,DCIS_1,0.8235294117647058,51,7464.1737502783535,5175.19841115158
2,8,1,DCIS_1,0.5882352941176471,68,7346.661289897561,5175.19841115158
2,9,1,Stromal,0.3617021276595745,47,7229.148829516768,5260.678678166308
2,10,3,DCIS_1,0.6666666666666666,72,7111.636369135976,5260.678678166308
2,11,1,DCIS_1,0.43548387096774194,62,7229.148829516768,5175.19841115158
2,12,1,DCIS_1,0.2328767123287671,73,7111.636369135976,5175.19841115158
2,13,1,Stromal,0.3048780487804878,164,6935.367678564787,5388.899078688399
2,14,2,Stromal,0.5357142857142857,28,6700.3427578032015,5388.899078688399
2,15,1,DCIS_1,0.38095238095238093,147,6935.367678564787,5217.938544658944
2,16,2,Stromal,0.5344827586206896,58,6700.3427578032015,5217.938544658944
2,17,3,DCIS_1,0.8596491228070176,57,7464.1737502783535,5089.718144136853
2,18,3,DCIS_1,0.896551724137931,58,7346.661289897561,5089.718144136853
2,19,1,Stromal,0.3684210526315789,57,7464.1737502783535,5004.2378771221265
2,20,1,DCIS_1,0.6666666666666666,51,7346.661289897561,5004.2378771221265
2,21,3,DCIS_1,0.8666666666666667,45,7229.148829516768,5089.718144136853
2,22,1,DCIS_1,0.34545454545454546,55,7111.636369135976,5089.718144136853
2,23,1,DCIS_1,0.72,50,7229.148829516768,5004.2378771221265
2,24,1,Stromal,0.5384615384615384,52,7111.636369135976,5004.2378771221265
2,25,2,Stromal,0.6666666666666666,81,7405.417520087957,4876.017476600036
2,26,2,Stromal,0.34177215189873417,79,7229.148829516768,4918.757610107399
2,27,2,Stromal,0.45454545454545453,44,7111.636369135976,4918.757610107399
2,28,1,Stromal,0.36363636363636365,66,7229.148829516768,4833.277343092673
2,29,2,Stromal,0.85,20,7111.636369135976,4833.277343092673
2,30,2,Stromal,0.7346938775510204,49,6935.367678564787,5046.978010629489
2,31,2,Stromal,0.5913978494623656,93,6700.3427578032015,5046.978010629489
2,32,2,Stromal,0.7608695652173914,46,6935.367678564787,4876.017476600036
2,33,2,Stromal,0.4482758620689655,29,6759.098987993598,4918.757610107399
2,34,2,Stromal,0.5471698113207547,53,6641.586527612805,4918.757610107399
2,35,1,Stromal,0.37681159420289856,69,6759.098987993598,4833.277343092673
2,36,1,DCIS_1,0.746268656716418,67,6641.586527612805,4833.277343092673
2,37,2,Stromal,0.6159420289855072,138,5877.755535137653,5303.418811673671
2,38,2,Stromal,0.8333333333333334,30,6465.317837041616,5046.978010629489
2,39,2,Stromal,0.7142857142857143,28,6230.292916280031,5046.978010629489
2,40,1,Stromal,0.3770491803278688,183,6465.317837041616,4876.017476600036
2,41,2,Stromal,0.6666666666666666,72,6230.292916280031,4876.017476600036
2,42,2,Stromal,0.7052023121387283,173,5877.755535137653,4961.497743614763
2,43,2,Stromal,0.6461538461538462,65,7405.417520087957,4705.056942570582
2,44,2,Stromal,0.639344262295082,61,7170.392599326372,4705.056942570582
2,46,2,Stromal,0.48360655737704916,122,7170.392599326372,4534.096408541129
2,47,2,Stromal,0.6863905325443787,169,6935.367678564787,4705.056942570582
2,48,1,DCIS_1,0.4827586206896552,58,6759.098987993598,4747.797076077945
2,49,3,DCIS_1,0.8870967741935484,62,6641.586527612805,4747.797076077945
2,50,1,DCIS_1,0.5753424657534246,73,6759.098987993598,4662.316809063219
2,51,3,DCIS_1,0.7058823529411765,68,6641.586527612805,4662.316809063219
2,52,2,Stromal,0.5714285714285714,56,6994.123908755183,4576.8365420484915
2,53,1,Stromal,0.49122807017543857,57,6876.61144837439,4576.8365420484915
2,54,2,Stromal,0.49122807017543857,57,6994.123908755183,4491.356275033765
2,55,1,DCIS_1,0.37681159420289856,69,6876.61144837439,4491.356275033765
2,56,3,DCIS_1,0.6440677966101694,59,6759.098987993598,4576.8365420484915
2,57,3,DCIS_1,0.75,80,6641.586527612805,4576.8365420484915
2,58,3,DCIS_1,0.6976744186046512,43,6759.098987993598,4491.356275033765
2,59,3,Macrophages_1,0.5161290322580645,31,6641.586527612805,4491.356275033765
2,60,2,Stromal,0.9396551724137931,116,7287.905059707165,4277.655607496947
2,61,2,Stromal,0.696969696969697,66,6994.123908755183,4405.876008019038
2,62,1,Myoepi_KRT15+,0.37681159420289856,69,6876.61144837439,4405.876008019038
2,63,2,Stromal,0.7222222222222222,54,6994.123908755183,4320.39574100431
2,64,3,DCIS_1,0.8235294117647058,85,6876.61144837439,4320.39574100431
2,65,3,DCIS_1,0.6875,144,6700.3427578032015,4363.135874511674
2,66,2,Stromal,0.8529411764705882,34,6994.123908755183,4234.915473989583
2,67,1,DCIS_1,0.4722222222222222,72,6876.61144837439,4234.915473989583
2,68,2,Stromal,0.5333333333333333,45,6994.123908755183,4149.435206974857
2,69,1,Stromal,0.35294117647058826,68,6876.61144837439,4149.435206974857
2,70,3,DCIS_1,0.4895833333333333,96,6759.098987993598,4234.915473989583
2,72,1,DCIS_1,0.44285714285714284,70,6759.098987993598,4149.435206974857
2,73,3,DCIS_1,0.8367346938775511,49,6641.586527612805,4149.435206974857
2,74,3,DCIS_1,0.6833333333333333,60,6524.074067232013,4747.797076077945
2,75,1,DCIS_1,0.49295774647887325,71,6406.56160685122,4747.797076077945
2,77,3,DCIS_1,0.627906976744186,43,6406.56160685122,4662.316809063219
2,78,1,Stromal,0.3333333333333333,174,6230.292916280031,4705.056942570582
2,79,3,DCIS_1,0.45925925925925926,135,6465.317837041616,4534.096408541129
2,80,3,DCIS_1,0.546875,64,6289.049146470427,4576.8365420484915
2,81,1,Stromal,0.5217391304347826,46,6171.536686089635,4576.8365420484915
2,82,3,DCIS_1,0.7945205479452054,73,6289.049146470427,4491.356275033765
2,84,2,Stromal,0.3983739837398374,123,5995.267995518446,4705.056942570582
2,85,2,Stromal,0.925,40,5760.243074756861,4705.056942570582
2,86,2,Stromal,0.7142857142857143,35,6054.024225708842,4576.8365420484915
2,87,1,Stromal,0.3076923076923077,78,5936.5117653280495,4576.8365420484915
2,88,2,B_Cells,0.2558139534883721,86,6054.024225708842,4491.356275033765
2,89,2,CD4+_T_Cells,0.41830065359477125,153,5936.5117653280495,4491.356275033765
2,90,2,CD4+_T_Cells,0.375,80,5818.999304947257,4576.8365420484915
2,91,2,Stromal,0.7777777777777778,27,5701.486844566464,4576.8365420484915
2,92,2,CD4+_T_Cells,0.5294117647058824,136,5818.999304947257,4491.356275033765
2,93,2,CD4+_T_Cells,0.35714285714285715,98,5701.486844566464,4491.356275033765
2,94,3,DCIS_1,0.9295774647887324,71,6289.049146470427,4405.876008019038
2,95,1,DCIS_1,0.5081967213114754,61,6171.536686089635,4405.876008019038
2,96,3,DCIS_1,0.7638888888888888,72,6289.049146470427,4320.39574100431
2,97,1,DCIS_1,0.515625,64,6171.536686089635,4320.39574100431
2,98,3,Macrophages_1,0.4457831325301205,83,6465.317837041616,4192.175340482219
2,99,3,DCIS_1,0.6666666666666666,39,6289.049146470427,4234.915473989583
2,100,1,DCIS_1,0.7272727272727273,77,6171.536686089635,4234.915473989583
2,102,1,DCIS_1,0.6582278481012658,79,6171.536686089635,4149.435206974857
2,103,2,B_Cells,0.24778761061946902,113,6054.024225708842,4405.876008019038
2,104,2,Stromal,0.2248062015503876,129,5936.5117653280495,4405.876008019038
2,105,2,Stromal,0.3118279569892473,93,6054.024225708842,4320.39574100431
2,106,1,Myoepi_KRT15+,0.5116279069767442,129,5936.5117653280495,4320.39574100431
2,107,2,CD4+_T_Cells,0.5182926829268293,164,5818.999304947257,4405.876008019038
2,108,2,CD4+_T_Cells,0.33587786259541985,131,5701.486844566464,4405.876008019038
2,109,1,Stromal,0.415929203539823,113,5818.999304947257,4320.39574100431
2,110,2,Stromal,0.5833333333333334,84,5701.486844566464,4320.39574100431
2,111,2,Stromal,0.5254237288135594,59,6054.024225708842,4234.915473989583
2,113,2,Stromal,0.6842105263157895,76,6054.024225708842,4149.435206974857
2,114,3,Myoepi_KRT15+,0.4,55,5936.5117653280495,4149.435206974857
2,115,3,Myoepi_KRT15+,0.494949494949495,99,5818.999304947257,4234.915473989583
2,116,1,Myoepi_ACTA2+,0.4344262295081967,122,5701.486844566464,4234.915473989583
2,117,3,Macrophages_1,0.9166666666666666,24,5818.999304947257,4149.435206974857
2,118,3,Macrophages_1,0.6,45,5701.486844566464,4149.435206974857
2,119,2,Endothelial,0.46875,32,4585.118470948934,5046.978010629489
2,120,1,Stromal,0.43157894736842106,95,4350.093550187349,5046.978010629489
2,121,2,Stromal,0.8387096774193549,31,4585.118470948934,4876.017476600036
2,122,1,DCIS_2,0.3829787234042553,188,4350.093550187349,4876.017476600036
2,124,2,Stromal,0.8666666666666667,30,3880.0437086641787,5046.978010629489
2,125,3,DCIS_2,0.875,56,4173.82485961616,4918.757610107399
2,126,2,Stromal,0.5428571428571428,35,4056.3123992353676,4918.757610107399
2,127,1,DCIS_2,0.7575757575757576,99,4173.82485961616,4833.277343092673
2,128,2,Stromal,0.7857142857142857,14,4056.3123992353676,4833.277343092673
2,129,2,Stromal,0.8125,32,3880.0437086641787,4876.017476600036
2,130,2,Stromal,0.8244274809160306,131,5407.705693614483,4619.576675555855
2,131,2,Stromal,0.7280701754385965,114,4937.655852091312,4619.576675555855
2,132,2,Stromal,0.532258064516129,124,5525.218153995275,4363.135874511674
2,133,2,Stromal,0.6571428571428571,70,5583.974384185672,4234.915473989583
2,134,2,Stromal,0.85,20,5466.461923804879,4234.915473989583
2,135,1,Stromal,0.4878048780487805,82,5583.974384185672,4149.435206974857
2,136,2,Stromal,0.7346938775510204,49,5466.461923804879,4149.435206974857
2,138,2,Stromal,0.8606060606060606,165,4937.655852091312,4277.655607496947
2,139,2,Stromal,0.7424242424242424,198,4467.606010568142,4619.576675555855
2,140,2,Stromal,0.8484848484848485,198,3997.5561690449713,4619.576675555855
2,141,2,Stromal,0.8333333333333334,42,4585.118470948934,4363.135874511674
2,142,2,Stromal,0.8541666666666666,48,4350.093550187349,4363.135874511674
2,143,2,Stromal,0.5555555555555556,117,4585.118470948934,4192.175340482219
2,144,1,Stromal,0.5827814569536424,151,4350.093550187349,4192.175340482219
2,146,2,Stromal,0.9418604651162791,86,3880.0437086641787,4363.135874511674
2,147,2,Stromal,0.6,165,4115.068629425764,4192.175340482219
2,148,2,Stromal,0.8490566037735849,106,3880.0437086641787,4192.175340482219
2,149,2,Stromal,0.5980392156862745,102,7170.392599326372,4021.214806452766
2,150,1,Stromal,0.6017699115044248,113,7405.417520087957,3850.2542724233117
2,151,2,Stromal,0.8255813953488372,86,7170.392599326372,3850.2542724233117
2,152,2,Stromal,0.7518248175182481,137,6935.367678564787,4021.214806452766
2,153,1,DCIS_1,0.3611111111111111,72,6759.098987993598,4063.954939960129
2,154,3,DCIS_1,0.7241379310344828,58,6641.586527612805,4063.954939960129
2,155,2,Stromal,0.5217391304347826,69,6759.098987993598,3978.4746729454027
2,156,1,Stromal,0.35294117647058826,68,6641.586527612805,3978.4746729454027
2,157,2,Stromal,0.6178343949044586,157,6935.367678564787,3850.2542724233117
2,158,1,Stromal,0.5588235294117647,68,6759.098987993598,3892.9944059306754
2,159,1,DCIS_1,0.39705882352941174,68,6641.586527612805,3892.9944059306754
2,160,1,DCIS_1,0.25,96,6759.098987993598,3807.514138915948
2,162,3,DCIS_1,0.7466666666666667,75,7464.1737502783535,3722.0338719012216
2,163,1,Stromal,0.5405405405405406,37,7346.661289897561,3722.0338719012216
2,164,3,DCIS_1,0.8450704225352113,71,7464.1737502783535,3636.553604886494
2,165,1,DCIS_1,0.8461538461538461,78,7346.661289897561,3636.553604886494
2,166,1,Stromal,0.6637931034482759,116,7170.392599326372,3679.293738393858
2,167,3,DCIS_1,0.8909090909090909,55,7464.1737502783535,3551.073337871767
2,168,3,DCIS_1,0.8266666666666667,75,7346.661289897561,3551.073337871767
2,169,3,DCIS_1,0.8493150684931506,73,7464.1737502783535,3465.5930708570404
2,170,3,DCIS_1,0.8823529411764706,51,7346.661289897561,3465.5930708570404
2,171,3,DCIS_1,0.8977272727272727,88,7229.148829516768,3551.073337871767
2,172,3,DCIS_1,0.7837837837837838,74,7111.636369135976,3551.073337871767
2,173,3,DCIS_1,0.8833333333333333,60,7229.148829516768,3465.5930708570404
2,174,3,DCIS_1,0.8666666666666667,90,7111.636369135976,3465.5930708570404
2,175,2,Stromal,0.6625766871165644,163,6935.367678564787,3679.293738393858
2,176,1,DCIS_1,0.6081081081081081,74,6759.098987993598,3722.0338719012216
2,177,3,DCIS_1,0.8311688311688312,77,6641.586527612805,3722.0338719012216
2,178,1,DCIS_1,0.5569620253164557,79,6759.098987993598,3636.553604886494
2,179,3,DCIS_1,0.8285714285714286,70,6641.586527612805,3636.553604886494
2,181,1,Stromal,0.4523809523809524,42,6876.61144837439,3551.073337871767
2,182,3,DCIS_1,0.88,75,6994.123908755183,3465.5930708570404
2,183,3,DCIS_1,0.8923076923076924,65,6876.61144837439,3465.5930708570404
2,184,1,Stromal,0.5245901639344263,61,6759.098987993598,3551.073337871767
2,185,1,DCIS_1,0.47058823529411764,68,6641.586527612805,3551.073337871767
2,186,1,Stromal,0.4666666666666667,45,6759.098987993598,3465.5930708570404
2,187,2,Stromal,0.8275862068965517,29,6641.586527612805,3465.5930708570404
2,188,3,Macrophages_1,0.4857142857142857,35,6524.074067232013,4063.954939960129
2,189,3,DCIS_1,0.7407407407407407,54,6406.56160685122,4063.954939960129
2,190,1,DCIS_1,0.44285714285714284,70,6524.074067232013,3978.4746729454027
2,191,3,DCIS_1,0.5932203389830508,59,6406.56160685122,3978.4746729454027
2,192,3,Myoepi_KRT15+,0.5375,80,6289.049146470427,4063.954939960129
2,193,1,DCIS_1,0.5147058823529411,68,6171.536686089635,4063.954939960129
2,194,1,DCIS_1,0.5569620253164557,79,6289.049146470427,3978.4746729454027
2,195,1,Stromal,0.6415094339622641,53,6171.536686089635,3978.4746729454027
2,196,1,Stromal,0.5072463768115942,69,6524.074067232013,3892.9944059306754
2,197,1,Stromal,0.49056603773584906,53,6406.56160685122,3892.9944059306754
2,198,3,DCIS_1,0.7469879518072289,83,6524.074067232013,3807.514138915948
2,200,1,Stromal,0.5064935064935064,77,6289.049146470427,3892.9944059306754
2,201,2,Stromal,0.7169811320754716,53,6171.536686089635,3892.9944059306754
2,202,2,Stromal,0.6101694915254238,59,6289.049146470427,3807.514138915948
2,203,2,Stromal,0.6756756756756757,37,6171.536686089635,3807.514138915948
2,204,2,Stromal,0.5625,64,6054.024225708842,4063.954939960129
2,205,3,Myoepi_KRT15+,0.484375,64,5936.5117653280495,4063.954939960129
2,206,2,Stromal,0.4,70,6054.024225708842,3978.4746729454027
2,207,1,Stromal,0.37349397590361444,83,5936.5117653280495,3978.4746729454027
2,208,3,Macrophages_1,0.7419354838709677,31,5818.999304947257,4063.954939960129
2,209,3,Macrophages_1,0.42857142857142855,56,5701.486844566464,4063.954939960129
2,210,1,Stromal,0.27058823529411763,85,5818.999304947257,3978.4746729454027
2,211,1,Stromal,0.3258426966292135,89,5701.486844566464,3978.4746729454027
2,212,2,Stromal,0.5266666666666666,150,5995.267995518446,3850.2542724233117
2,213,2,Stromal,0.5555555555555556,54,5818.999304947257,3892.9944059306754
2,214,2,Stromal,0.2891566265060241,83,5701.486844566464,3892.9944059306754
2,215,2,Stromal,0.5,40,5818.999304947257,3807.514138915948
2,216,2,Stromal,0.45098039215686275,51,5701.486844566464,3807.514138915948
2,217,3,DCIS_1,0.7792207792207793,77,6524.074067232013,3722.0338719012216
2,218,1,DCIS_1,0.39215686274509803,51,6406.56160685122,3722.0338719012216
2,219,3,DCIS_1,0.5970149253731343,67,6524.074067232013,3636.553604886494
2,220,1,Stromal,0.2553191489361702,47,6406.56160685122,3636.553604886494
2,221,1,DCIS_1,0.5294117647058824,51,6289.049146470427,3722.0338719012216
2,222,1,DCIS_1,0.7424242424242424,66,6171.536686089635,3722.0338719012216
2,223,3,DCIS_1,0.6,70,6289.049146470427,3636.553604886494
2,224,3,DCIS_1,0.9142857142857143,70,6171.536686089635,3636.553604886494
2,225,1,Stromal,0.42424242424242425,66,6524.074067232013,3551.073337871767
2,226,1,DCIS_1,0.4126984126984127,63,6406.56160685122,3551.073337871767
2,227,1,Stromal,0.5192307692307693,52,6524.074067232013,3465.5930708570404
2,228,3,DCIS_1,0.5,64,6406.56160685122,3465.5930708570404
2,229,1,DCIS_1,0.51,200,6230.292916280031,3508.3332043644036
2,233,1,DCIS_1,0.375,56,5936.5117653280495,3636.553604886494
2,234,2,Stromal,0.627906976744186,43,5818.999304947257,3722.0338719012216
2,235,1,DCIS_1,0.42105263157894735,57,5701.486844566464,3722.0338719012216
2,237,3,DCIS_1,0.7794117647058824,68,5701.486844566464,3636.553604886494
2,238,3,DCIS_1,0.9142857142857143,70,6054.024225708842,3551.073337871767
2,240,3,DCIS_1,0.7303370786516854,89,6054.024225708842,3465.5930708570404
2,242,3,DCIS_1,0.7719298245614035,57,5818.999304947257,3551.073337871767
2,243,3,DCIS_1,0.7301587301587301,63,5701.486844566464,3551.073337871767
2,244,3,DCIS_1,0.9180327868852459,61,5818.999304947257,3465.5930708570404
2,245,3,DCIS_1,0.8208955223880597,67,5701.486844566464,3465.5930708570404
2,246,0,DCIS_1,0.7857142857142857,56,7464.1737502783535,3380.112803842313
2,247,2,Endothelial,0.5185185185185185,54,7346.661289897561,3380.112803842313
2,248,3,DCIS_1,0.6506024096385542,83,7464.1737502783535,3294.6325368275866
2,249,1,Stromal,0.3142857142857143,35,7346.661289897561,3294.6325368275866
2,250,1,Myoepi_KRT15+,0.4067796610169492,59,7229.148829516768,3380.112803842313
2,251,3,DCIS_1,0.6829268292682927,82,7111.636369135976,3380.112803842313
2,252,2,Stromal,0.4,10,7229.148829516768,3294.6325368275866
2,253,3,Myoepi_KRT15+,0.40384615384615385,52,7111.636369135976,3294.6325368275866
2,254,1,Myoepi_KRT15+,0.36619718309859156,71,7464.1737502783535,3209.1522698128592
2,255,1,Endothelial,0.29411764705882354,17,7346.661289897561,3209.1522698128592
2,256,3,DCIS_1,0.5975609756097561,82,7464.1737502783535,3123.672002798133
2,257,1,Myoepi_ACTA2+,0.5,40,7346.661289897561,3123.672002798133
2,258,1,Myoepi_KRT15+,0.22522522522522523,111,7170.392599326372,3166.412136305496
2,259,3,DCIS_1,0.41025641025641024,78,6994.123908755183,3380.112803842313
2,260,3,DCIS_1,0.9666666666666667,60,6876.61144837439,3380.112803842313
2,261,3,DCIS_1,0.7171717171717171,99,6994.123908755183,3294.6325368275866
2,262,3,DCIS_1,0.8571428571428571,70,6876.61144837439,3294.6325368275866
2,264,3,Myoepi_KRT15+,0.55,60,6994.123908755183,3209.1522698128592
2,265,3,DCIS_1,0.810126582278481,79,6876.61144837439,3209.1522698128592
2,266,3,Myoepi_KRT15+,0.5434782608695652,46,6994.123908755183,3123.672002798133
2,267,3,DCIS_1,0.7922077922077922,77,6876.61144837439,3123.672002798133
2,269,3,DCIS_1,0.647887323943662,71,7464.1737502783535,3038.1917357834054
2,270,3,Myoepi_KRT15+,0.43902439024390244,82,7346.661289897561,3038.1917357834054
2,271,1,DCIS_1,0.5370370370370371,54,7464.1737502783535,2952.711468768679
2,272,3,DCIS_1,0.821917808219178,73,7346.661289897561,2952.711468768679
2,273,3,Myoepi_KRT15+,0.6197183098591549,71,7229.148829516768,3038.1917357834054
2,274,3,DCIS_1,0.671875,64,7111.636369135976,3038.1917357834054
2,275,3,DCIS_1,0.8387096774193549,62,7229.148829516768,2952.711468768679
2,276,3,DCIS_1,0.8,75,7111.636369135976,2952.711468768679
2,277,1,DCIS_1,0.47282608695652173,184,7405.417520087957,2824.491068246588
2,279,3,DCIS_1,0.5970149253731343,67,7111.636369135976,2867.2312017539516
2,280,3,DCIS_1,0.6551724137931034,58,7229.148829516768,2781.7509347392242
2,281,1,DCIS_1,0.52,50,7111.636369135976,2781.7509347392242
2,282,3,DCIS_1,0.8266666666666667,75,6994.123908755183,3038.1917357834054
2,283,1,DCIS_1,0.65,60,6876.61144837439,3038.1917357834054
2,284,3,DCIS_1,0.725,80,6994.123908755183,2952.711468768679
2,285,1,DCIS_1,0.45714285714285713,35,6876.61144837439,2952.711468768679
2,286,2,Stromal,0.7850467289719626,107,6700.3427578032015,2995.451602276042
2,287,1,DCIS_1,0.2777777777777778,54,6994.123908755183,2867.2312017539516
2,288,2,Stromal,0.7142857142857143,35,6876.61144837439,2867.2312017539516
2,289,1,DCIS_1,0.44680851063829785,47,6994.123908755183,2781.7509347392242
2,290,1,DCIS_1,0.569620253164557,79,6876.61144837439,2781.7509347392242
2,291,1,Stromal,0.34615384615384615,182,6700.3427578032015,2824.491068246588
2,292,1,Stromal,0.5208333333333334,48,6524.074067232013,3380.112803842313
2,293,3,DCIS_1,0.3918918918918919,74,6406.56160685122,3380.112803842313
2,294,1,Stromal,0.5185185185185185,54,6524.074067232013,3294.6325368275866
2,295,3,DCIS_1,0.5897435897435898,78,6406.56160685122,3294.6325368275866
2,296,3,Myoepi_KRT15+,0.3125,16,6289.049146470427,3380.112803842313
2,297,3,Myoepi_KRT15+,0.5131578947368421,76,6171.536686089635,3380.112803842313
2,298,3,Myoepi_KRT15+,0.5647058823529412,85,6289.049146470427,3294.6325368275866
2,299,3,DCIS_1,0.5180722891566265,83,6171.536686089635,3294.6325368275866
2,300,2,Stromal,0.3090909090909091,55,6524.074067232013,3209.1522698128592
2,301,1,DCIS_1,0.3333333333333333,48,6406.56160685122,3209.1522698128592
2,302,2,Stromal,0.6341463414634146,41,6524.074067232013,3123.672002798133
2,303,2,Stromal,0.35,60,6406.56160685122,3123.672002798133
2,304,1,DCIS_1,0.589041095890411,73,6289.049146470427,3209.1522698128592
2,305,1,DCIS_1,0.3055555555555556,72,6171.536686089635,3209.1522698128592
2,306,2,Stromal,0.391304347826087,46,6289.049146470427,3123.672002798133
2,307,1,Stromal,0.3617021276595745,47,6171.536686089635,3123.672002798133
2,308,3,DCIS_1,0.7926829268292683,82,6054.024225708842,3380.112803842313
2,309,3,DCIS_1,0.30357142857142855,56,5936.5117653280495,3380.112803842313
2,310,3,DCIS_1,0.9047619047619048,63,6054.024225708842,3294.6325368275866
2,311,3,DCIS_1,0.8513513513513513,74,5936.5117653280495,3294.6325368275866
2,312,3,DCIS_1,0.5921052631578947,76,5818.999304947257,3380.112803842313
2,313,3,DCIS_1,0.8985507246376812,69,5701.486844566464,3380.112803842313
2,314,3,DCIS_1,0.8518518518518519,81,5818.999304947257,3294.6325368275866
2,315,1,DCIS_1,0.6197183098591549,71,5701.486844566464,3294.6325368275866
2,317,3,DCIS_1,0.8372093023255814,86,5936.5117653280495,3209.1522698128592
2,318,3,DCIS_1,0.6,85,6054.024225708842,3123.672002798133
2,319,3,DCIS_1,0.5774647887323944,71,5936.5117653280495,3123.672002798133
2,320,1,DCIS_1,0.6180904522613065,199,5760.243074756861,3166.412136305496
2,321,1,Stromal,0.5833333333333334,108,6465.317837041616,2995.451602276042
2,322,1,Stromal,0.49101796407185627,167,6230.292916280031,2995.451602276042
2,323,1,Stromal,0.5454545454545454,99,6465.317837041616,2824.491068246588
2,324,1,Stromal,0.418848167539267,191,6230.292916280031,2824.491068246588
2,325,1,DCIS_1,0.3548387096774194,62,6054.024225708842,3038.1917357834054
2,326,3,DCIS_1,0.8705882352941177,85,5936.5117653280495,3038.1917357834054
2,327,1,Stromal,0.30612244897959184,49,6054.024225708842,2952.711468768679
2,328,1,Stromal,0.46511627906976744,43,5936.5117653280495,2952.711468768679
2,329,1,Stromal,0.3584905660377358,53,5818.999304947257,3038.1917357834054
2,330,1,DCIS_1,0.5357142857142857,56,5701.486844566464,3038.1917357834054
2,331,1,DCIS_1,0.40425531914893614,47,5818.999304947257,2952.711468768679
2,333,1,Stromal,0.38095238095238093,42,6054.024225708842,2867.2312017539516
2,334,1,DCIS_1,0.3880597014925373,67,5936.5117653280495,2867.2312017539516
2,335,1,Stromal,0.5833333333333334,36,6054.024225708842,2781.7509347392242
2,336,1,DCIS_1,0.4642857142857143,56,5936.5117653280495,2781.7509347392242
2,337,3,DCIS_1,0.8,60,5818.999304947257,2867.2312017539516
2,338,3,DCIS_1,0.9074074074074074,54,5701.486844566464,2867.2312017539516
2,339,3,DCIS_1,0.5844155844155844,77,5818.999304947257,2781.7509347392242
2,340,3,DCIS_1,0.4153846153846154,65,5701.486844566464,2781.7509347392242
2,341,2,Stromal,0.5652173913043478,69,5583.974384185672,4063.954939960129
2,342,2,Stromal,0.35443037974683544,79,5466.461923804879,4063.954939960129
2,343,2,Stromal,0.23595505617977527,89,5583.974384185672,3978.4746729454027
2,344,2,Stromal,0.31958762886597936,97,5466.461923804879,3978.4746729454027
2,345,2,Stromal,0.49122807017543857,57,5348.949463424086,4063.954939960129
2,346,2,Stromal,0.46551724137931033,58,5231.437003043294,4063.954939960129
2,347,2,Macrophages_1,0.23,100,5348.949463424086,3978.4746729454027
2,348,2,Stromal,0.3333333333333333,87,5231.437003043294,3978.4746729454027
2,349,2,Macrophages_1,0.1896551724137931,116,5583.974384185672,3892.9944059306754
2,350,2,Stromal,0.27722772277227725,101,5466.461923804879,3892.9944059306754
2,351,2,Stromal,0.5070422535211268,71,5583.974384185672,3807.514138915948
2,353,2,Macrophages_1,0.2978723404255319,94,5348.949463424086,3892.9944059306754
2,354,2,Stromal,0.5641025641025641,39,5231.437003043294,3892.9944059306754
2,357,2,Stromal,0.8055555555555556,72,5055.168312472105,4021.214806452766
2,358,2,Stromal,0.5797101449275363,69,4820.14339171052,4021.214806452766
2,359,1,Stromal,0.46060606060606063,165,5055.168312472105,3850.2542724233117
2,360,2,Stromal,0.6210526315789474,95,4820.14339171052,3850.2542724233117
2,361,1,DCIS_1,0.47368421052631576,57,5583.974384185672,3722.0338719012216
2,362,1,Stromal,0.48214285714285715,56,5466.461923804879,3722.0338719012216
2,363,3,DCIS_1,0.8888888888888888,54,5583.974384185672,3636.553604886494
2,364,3,DCIS_1,0.803030303030303,66,5466.461923804879,3636.553604886494
2,365,2,Stromal,0.5,64,5348.949463424086,3722.0338719012216
2,366,1,DCIS_1,0.35526315789473684,76,5231.437003043294,3722.0338719012216
2,367,1,Stromal,0.4482758620689655,58,5348.949463424086,3636.553604886494
2,368,1,Stromal,0.4714285714285714,70,5231.437003043294,3636.553604886494
2,369,3,DCIS_1,0.75,76,5583.974384185672,3551.073337871767
2,371,3,DCIS_1,0.8222222222222222,90,5583.974384185672,3465.5930708570404
2,372,3,DCIS_1,0.9104477611940298,67,5466.461923804879,3465.5930708570404
2,373,1,DCIS_1,0.4375,64,5348.949463424086,3551.073337871767
2,374,1,DCIS_1,0.22857142857142856,70,5231.437003043294,3551.073337871767
2,375,1,DCIS_1,0.3333333333333333,66,5348.949463424086,3465.5930708570404
2,376,1,DCIS_1,0.20930232558139536,86,5231.437003043294,3465.5930708570404
2,377,1,DCIS_1,0.3793103448275862,58,5113.924542662501,3722.0338719012216
2,378,1,Stromal,0.37254901960784315,51,4996.4120822817085,3722.0338719012216
2,379,1,Stromal,0.36619718309859156,71,5113.924542662501,3636.553604886494
2,380,1,Stromal,0.3125,48,4996.4120822817085,3636.553604886494
2,381,2,Stromal,0.59375,64,4820.14339171052,3679.293738393858
2,382,1,Stromal,0.39416058394160586,137,5055.168312472105,3508.3332043644036
2,383,2,Stromal,0.5194805194805194,77,4820.14339171052,3508.3332043644036
2,384,1,Stromal,0.54,150,4585.118470948934,4021.214806452766
2,385,1,Stromal,0.5,34,4408.849780377745,4063.954939960129
2,386,1,Stromal,0.6216216216216216,37,4291.337319996953,4063.954939960129
2,387,1,Stromal,0.24,50,4408.849780377745,3978.4746729454027
2,388,1,Myoepi_ACTA2+,0.27710843373493976,83,4291.337319996953,3978.4746729454027
2,389,1,Stromal,0.44666666666666666,150,4585.118470948934,3850.2542724233117
2,390,1,Stromal,0.3584905660377358,53,4408.849780377745,3892.9944059306754
2,392,1,Stromal,0.358974358974359,39,4408.849780377745,3807.514138915948
2,393,1,Stromal,0.37209302325581395,43,4291.337319996953,3807.514138915948
2,394,1,Myoepi_ACTA2+,0.38235294117647056,68,4173.82485961616,4063.954939960129
2,395,1,Myoepi_ACTA2+,0.3050847457627119,59,4056.3123992353676,4063.954939960129
2,396,1,Myoepi_ACTA2+,0.4,60,4173.82485961616,3978.4746729454027
2,397,1,Stromal,0.3958333333333333,48,4056.3123992353676,3978.4746729454027
2,398,2,Stromal,0.4523809523809524,42,3938.799938854575,4063.954939960129
2,399,2,Stromal,0.6,25,3821.2874784737824,4063.954939960129
2,400,1,Stromal,0.325,80,3938.799938854575,3978.4746729454027
2,401,1,Stromal,0.45454545454545453,66,3821.2874784737824,3978.4746729454027
2,402,1,Stromal,0.3487179487179487,195,4115.068629425764,3850.2542724233117
2,403,1,Myoepi_ACTA2+,0.5510204081632653,49,3938.799938854575,3892.9944059306754
2,404,1,Stromal,0.37333333333333335,75,3821.2874784737824,3892.9944059306754
2,405,1,Stromal,0.36507936507936506,63,3938.799938854575,3807.514138915948
2,406,2,Stromal,0.5365853658536586,41,3821.2874784737824,3807.514138915948
2,407,1,Stromal,0.42953020134228187,149,4585.118470948934,3679.293738393858
2,408,1,Stromal,0.41818181818181815,55,4408.849780377745,3722.0338719012216
2,409,1,DCIS_2,0.484375,64,4291.337319996953,3722.0338719012216
2,410,1,Stromal,0.40425531914893614,47,4408.849780377745,3636.553604886494
2,412,1,Stromal,0.5089285714285714,112,4585.118470948934,3508.3332043644036
2,413,1,Stromal,0.5046728971962616,107,4350.093550187349,3508.3332043644036
2,414,1,Stromal,0.4074074074074074,162,4115.068629425764,3679.293738393858
2,415,1,Stromal,0.42857142857142855,154,3880.0437086641787,3679.293738393858
2,416,1,Stromal,0.3885350318471338,157,4115.068629425764,3508.3332043644036
2,417,1,Stromal,0.3983050847457627,118,3880.0437086641787,3508.3332043644036
2,419,1,DCIS_1,0.5873015873015873,63,5466.461923804879,3380.112803842313
2,420,1,DCIS_1,0.5555555555555556,54,5583.974384185672,3294.6325368275866
2,421,1,DCIS_1,0.578125,64,5466.461923804879,3294.6325368275866
2,422,1,DCIS_1,0.5660377358490566,53,5348.949463424086,3380.112803842313
2,423,1,Macrophages_1,0.23076923076923078,91,5231.437003043294,3380.112803842313
2,424,1,DCIS_1,0.47761194029850745,67,5348.949463424086,3294.6325368275866
2,425,1,DCIS_1,0.5753424657534246,73,5231.437003043294,3294.6325368275866
2,427,1,DCIS_1,0.7619047619047619,63,5348.949463424086,3209.1522698128592
2,428,1,Stromal,0.35555555555555557,45,5231.437003043294,3209.1522698128592
2,429,1,DCIS_1,0.62,50,5348.949463424086,3123.672002798133
2,430,1,DCIS_1,0.48,50,5231.437003043294,3123.672002798133
2,431,1,Stromal,0.4358974358974359,156,5055.168312472105,3337.37267033495
2,432,2,Stromal,0.5304347826086957,115,4820.14339171052,3337.37267033495
2,433,2,Stromal,0.27638190954773867,199,5055.168312472105,3166.412136305496
2,434,2,Stromal,0.43956043956043955,91,4820.14339171052,3166.412136305496
2,435,1,Stromal,0.3269230769230769,52,5583.974384185672,3038.1917357834054
2,436,1,Stromal,0.37209302325581395,43,5466.461923804879,3038.1917357834054
2,437,1,DCIS_1,0.43548387096774194,62,5583.974384185672,2952.711468768679
2,438,1,DCIS_1,0.49206349206349204,63,5466.461923804879,2952.711468768679
2,439,3,DCIS_1,0.6567164179104478,67,5348.949463424086,3038.1917357834054
2,440,1,DCIS_1,0.5571428571428572,70,5231.437003043294,3038.1917357834054
2,441,1,DCIS_1,0.7532467532467533,77,5348.949463424086,2952.711468768679
2,442,3,DCIS_1,0.7121212121212122,66,5231.437003043294,2952.711468768679
2,443,3,DCIS_1,0.5294117647058824,68,5583.974384185672,2867.2312017539516
2,444,1,Stromal,0.3333333333333333,54,5466.461923804879,2867.2312017539516
2,445,3,DCIS_1,0.3235294117647059,68,5583.974384185672,2781.7509347392242
2,446,1,Stromal,0.34285714285714286,35,5466.461923804879,2781.7509347392242
2,447,1,DCIS_1,0.4198895027624309,181,5290.19323323369,2824.491068246588
2,448,1,Stromal,0.4329896907216495,194,5055.168312472105,2995.451602276042
2,449,2,Stromal,0.625,96,4820.14339171052,2995.451602276042
2,450,1,Stromal,0.5217391304347826,92,5055.168312472105,2824.491068246588
2,451,2,CD4+_T_Cells,0.3567567567567568,185,4820.14339171052,2824.491068246588
2,453,1,Myoepi_ACTA2+,0.41304347826086957,46,4408.849780377745,3380.112803842313
2,454,1,Stromal,0.36585365853658536,41,4291.337319996953,3380.112803842313
2,456,2,Stromal,0.34375,64,4291.337319996953,3294.6325368275866
2,457,2,Stromal,0.7866666666666666,75,4585.118470948934,3166.412136305496
2,458,2,CD4+_T_Cells,0.3620689655172414,116,4408.849780377745,3209.1522698128592
2,459,2,B_Cells,0.25842696629213485,89,4291.337319996953,3209.1522698128592
2,460,2,B_Cells,0.25742574257425743,101,4408.849780377745,3123.672002798133
2,461,1,Stromal,0.5111111111111111,45,4291.337319996953,3123.672002798133
2,462,2,Stromal,0.5882352941176471,136,4115.068629425764,3337.37267033495
2,463,2,Stromal,0.7547169811320755,53,3880.0437086641787,3337.37267033495
2,466,2,Stromal,0.6632653061224489,98,4585.118470948934,2995.451602276042
2,467,1,DCIS_2,0.4397905759162304,191,4350.093550187349,2995.451602276042
2,468,2,Stromal,0.5324675324675324,77,4585.118470948934,2824.491068246588
2,469,1,Stromal,0.4260869565217391,115,4350.093550187349,2824.491068246588
2,470,2,Stromal,0.41420118343195267,169,4115.068629425764,2995.451602276042
2,471,1,Stromal,0.4873417721518987,158,3880.0437086641787,2995.451602276042
2,473,2,Stromal,0.6333333333333333,30,3938.799938854575,2867.2312017539516
2,474,1,Myoepi_ACTA2+,0.3620689655172414,58,3821.2874784737824,2867.2312017539516
2,475,1,Stromal,0.59375,32,3938.799938854575,2781.7509347392242
2,476,1,DCIS_2,0.36585365853658536,82,3821.2874784737824,2781.7509347392242
2,477,2,Stromal,0.9044117647058824,136,3057.4564859986303,5303.418811673671
2,478,2,Stromal,0.7096774193548387,124,3527.506327521801,4961.497743614763
2,479,2,Stromal,0.7398843930635838,173,3057.4564859986303,4961.497743614763
2,480,2,Stromal,0.9722222222222222,36,2704.9191048562525,5388.899078688399
2,482,2,Stromal,0.627906976744186,43,2704.9191048562525,5217.938544658944
2,483,0,Invasive_Tumor,0.6415094339622641,159,2469.8941840946673,5217.938544658944
2,485,2,Stromal,0.7352941176470589,68,2469.8941840946673,5046.978010629489
2,486,2,Stromal,0.7580645161290323,62,2704.9191048562525,4876.017476600036
2,487,2,Stromal,0.896551724137931,58,2469.8941840946673,4876.017476600036
2,488,2,Stromal,0.813953488372093,172,2117.3568029522894,4961.497743614763
2,489,2,Stromal,1.0,40,3645.0187879025934,4705.056942570582
2,490,2,Stromal,0.9583333333333334,72,3409.993867141008,4705.056942570582
2,491,2,Stromal,0.8888888888888888,99,3645.0187879025934,4534.096408541129
2,493,2,Stromal,0.9054054054054054,74,3174.968946379423,4705.056942570582
2,495,2,Stromal,0.9142857142857143,35,3174.968946379423,4534.096408541129
2,496,2,Stromal,0.7857142857142857,42,2939.9440256178377,4534.096408541129
2,497,2,Stromal,0.9305555555555556,72,3645.0187879025934,4363.135874511674
2,498,2,Stromal,0.8,55,3409.993867141008,4363.135874511674
2,499,2,Stromal,0.8717948717948718,78,3645.0187879025934,4192.175340482219
2,500,2,Stromal,0.975,40,3409.993867141008,4192.175340482219
2,501,2,Stromal,0.891566265060241,166,3057.4564859986303,4277.655607496947
2,502,2,Stromal,0.7291666666666666,96,2704.9191048562525,4705.056942570582
2,503,2,Stromal,0.9759036144578314,83,2469.8941840946673,4705.056942570582
2,504,2,Stromal,0.8979591836734694,49,2704.9191048562525,4534.096408541129
2,506,2,Stromal,0.9105691056910569,123,2117.3568029522894,4619.576675555855
2,507,2,Stromal,0.8181818181818182,143,2587.40664447546,4277.655607496947
2,508,2,Stromal,0.8113207547169812,159,2117.3568029522894,4277.655607496947
2,509,0,Stromal,0.6971830985915493,142,1647.306961429119,5303.418811673671
2,510,2,Stromal,0.9642857142857143,28,1294.769580286741,5388.899078688399
2,511,2,Stromal,0.40298507462686567,67,1059.7446595251558,5388.899078688399
2,512,2,Stromal,0.8285714285714286,35,1294.769580286741,5217.938544658944
2,513,2,Stromal,0.6310679611650486,103,1059.7446595251558,5217.938544658944
2,514,0,Invasive_Tumor,0.7350427350427351,117,1529.7945010483263,5046.978010629489
2,515,2,Stromal,0.6363636363636364,33,1764.8194218099115,4876.017476600036
2,516,0,Invasive_Tumor,0.7368421052631579,38,1588.5507312387226,4918.757610107399
2,517,0,Invasive_Tumor,0.59375,64,1471.03827085793,4918.757610107399
2,518,0,Invasive_Tumor,0.6808510638297872,47,1588.5507312387226,4833.277343092673
2,519,0,Invasive_Tumor,0.6491228070175439,57,1471.03827085793,4833.277343092673
2,520,0,Invasive_Tumor,0.6707317073170732,164,1294.769580286741,5046.978010629489
2,521,2,Invasive_Tumor,0.6229508196721312,61,1059.7446595251558,5046.978010629489
2,522,0,Invasive_Tumor,0.6666666666666666,54,1353.5258104771374,4918.757610107399
2,523,0,Invasive_Tumor,0.7049180327868853,61,1236.0133500963448,4918.757610107399
2,524,0,Invasive_Tumor,0.6610169491525424,59,1353.5258104771374,4833.277343092673
2,525,0,Invasive_Tumor,0.7794117647058824,68,1236.0133500963448,4833.277343092673
2,526,0,Invasive_Tumor,0.6774193548387096,62,1118.5008897155521,4918.757610107399
2,527,0,Invasive_Tumor,0.40425531914893614,47,1000.9884293347595,4918.757610107399
2,528,0,Invasive_Tumor,0.7111111111111111,45,1118.5008897155521,4833.277343092673
2,529,0,Invasive_Tumor,0.7230769230769231,65,1000.9884293347595,4833.277343092673
2,530,1,Stromal,0.34782608695652173,46,883.475968953967,5431.6392121957615
2,531,1,DCIS_2,0.6229508196721312,61,765.9635085731744,5431.6392121957615
2,533,1,DCIS_2,0.4925373134328358,67,765.9635085731744,5346.158945181035
2,534,1,DCIS_2,0.4406779661016949,59,648.4510481923818,5431.6392121957615
2,535,3,DCIS_2,0.8596491228070176,57,530.9385878115892,5431.6392121957615
2,536,1,Stromal,0.24242424242424243,33,648.4510481923818,5346.158945181035
2,537,1,Myoepi_ACTA2+,0.46296296296296297,54,530.9385878115892,5346.158945181035
2,539,1,DCIS_2,0.5151515151515151,66,765.9635085731744,5260.678678166308
2,540,2,Stromal,0.45652173913043476,46,883.475968953967,5175.19841115158
2,541,1,Stromal,0.46938775510204084,49,765.9635085731744,5175.19841115158
2,542,1,Stromal,0.29545454545454547,44,648.4510481923818,5260.678678166308
2,543,1,DCIS_2,0.3404255319148936,47,530.9385878115892,5260.678678166308
2,544,1,Myoepi_ACTA2+,0.4264705882352941,68,648.4510481923818,5175.19841115158
2,545,1,DCIS_2,0.3382352941176471,68,530.9385878115892,5175.19841115158
2,546,1,Stromal,0.38095238095238093,42,413.4261274307966,5431.6392121957615
2,548,1,DCIS_2,0.2631578947368421,38,413.4261274307966,5346.158945181035
2,549,1,B_Cells,0.3898305084745763,59,295.913667050004,5346.158945181035
2,550,2,CD4+_T_Cells,0.46534653465346537,101,178.40120666921138,5431.6392121957615
2,551,2,CD4+_T_Cells,0.3372093023255814,86,60.888746288418766,5431.6392121957615
2,552,2,Stromal,0.35185185185185186,54,178.40120666921138,5346.158945181035
2,553,2,Stromal,0.3333333333333333,66,60.888746288418766,5346.158945181035
2,554,3,DCIS_2,0.7142857142857143,70,413.4261274307966,5260.678678166308
2,555,1,DCIS_2,0.7346938775510204,49,295.913667050004,5260.678678166308
2,556,1,DCIS_2,0.45714285714285713,70,413.4261274307966,5175.19841115158
2,558,1,Stromal,0.3148148148148148,54,178.40120666921138,5260.678678166308
2,559,2,Stromal,0.3698630136986301,73,60.888746288418766,5260.678678166308
2,560,1,DCIS_2,0.4642857142857143,56,178.40120666921138,5175.19841115158
2,561,2,Stromal,0.358974358974359,78,60.888746288418766,5175.19841115158
2,562,2,Stromal,0.5555555555555556,36,883.475968953967,5089.718144136853
2,563,2,Stromal,0.4507042253521127,71,765.9635085731744,5089.718144136853
2,564,2,Stromal,0.6666666666666666,30,883.475968953967,5004.2378771221265
2,565,2,CD4+_T_Cells,0.24691358024691357,81,765.9635085731744,5004.2378771221265
2,566,1,Macrophages_1,0.352112676056338,71,648.4510481923818,5089.718144136853
2,567,1,Stromal,0.3877551020408163,49,530.9385878115892,5089.718144136853
2,568,2,Stromal,0.5106382978723404,47,648.4510481923818,5004.2378771221265
2,569,1,DCIS_2,0.22641509433962265,53,530.9385878115892,5004.2378771221265
2,572,0,B_Cells,0.2463768115942029,69,883.475968953967,4833.277343092673
2,573,2,Stromal,0.2727272727272727,88,765.9635085731744,4833.277343092673
2,574,2,Stromal,0.32222222222222224,90,648.4510481923818,4918.757610107399
2,575,1,Stromal,0.36,75,530.9385878115892,4918.757610107399
2,576,0,CD4+_T_Cells,0.2876712328767123,73,648.4510481923818,4833.277343092673
2,577,2,CD4+_T_Cells,0.31297709923664124,131,530.9385878115892,4833.277343092673
2,578,1,Stromal,0.30303030303030304,66,413.4261274307966,5089.718144136853
2,579,1,Stromal,0.2807017543859649,57,295.913667050004,5089.718144136853
2,580,1,CD4+_T_Cells,0.275,80,413.4261274307966,5004.2378771221265
2,582,1,CD8+_T_Cells,0.2872340425531915,94,178.40120666921138,5089.718144136853
2,583,2,Macrophages_1,0.34615384615384615,104,60.888746288418766,5089.718144136853
2,584,1,CD8+_T_Cells,0.29896907216494845,97,178.40120666921138,5004.2378771221265
2,585,1,Macrophages_1,0.2549019607843137,102,60.888746288418766,5004.2378771221265
2,587,1,DCIS_2,0.36470588235294116,85,295.913667050004,4918.757610107399
2,588,2,CD4+_T_Cells,0.47928994082840237,169,413.4261274307966,4833.277343092673
2,589,2,CD4+_T_Cells,0.25,120,295.913667050004,4833.277343092673
2,590,1,DCIS_2,0.323943661971831,71,178.40120666921138,4918.757610107399
2,591,1,Stromal,0.22988505747126436,87,60.888746288418766,4918.757610107399
2,592,2,Stromal,0.3764705882352941,85,178.40120666921138,4833.277343092673
2,593,1,DCIS_2,0.4716981132075472,53,60.888746288418766,4833.277343092673
2,594,0,Stromal,0.5853658536585366,41,1764.8194218099115,4705.056942570582
2,595,0,Invasive_Tumor,0.4528301886792453,159,1529.7945010483263,4705.056942570582
2,596,0,Stromal,0.4430379746835443,79,1764.8194218099115,4534.096408541129
2,597,0,Invasive_Tumor,0.6282722513089005,191,1529.7945010483263,4534.096408541129
2,598,0,Invasive_Tumor,0.7049180327868853,61,1353.5258104771374,4747.797076077945
2,600,0,Invasive_Tumor,0.7058823529411765,68,1353.5258104771374,4662.316809063219
2,601,0,Invasive_Tumor,0.6933333333333334,75,1236.0133500963448,4662.316809063219
2,602,0,Invasive_Tumor,0.532258064516129,62,1118.5008897155521,4747.797076077945
2,603,0,Invasive_Tumor,0.7543859649122807,57,1000.9884293347595,4747.797076077945
2,604,0,Invasive_Tumor,0.8253968253968254,63,1118.5008897155521,4662.316809063219
2,605,0,Invasive_Tumor,0.6170212765957447,47,1000.9884293347595,4662.316809063219
2,607,0,Invasive_Tumor,0.5735294117647058,68,1236.0133500963448,4576.8365420484915
2,608,0,Invasive_Tumor,0.8,60,1353.5258104771374,4491.356275033765
2,609,3,Invasive_Tumor,0.9375,48,1236.0133500963448,4491.356275033765
2,611,0,Stromal,0.5567567567567567,185,1647.306961429119,4277.655607496947
2,612,0,Invasive_Tumor,0.7161290322580646,155,1294.769580286741,4363.135874511674
2,613,0,Invasive_Tumor,0.7,50,1118.5008897155521,4405.876008019038
2,614,0,Stromal,0.25806451612903225,62,1000.9884293347595,4405.876008019038
2,616,0,Invasive_Tumor,0.3953488372093023,43,1000.9884293347595,4320.39574100431
2,617,0,Stromal,0.47560975609756095,82,1294.769580286741,4192.175340482219
2,618,0,Invasive_Tumor,0.47,200,1059.7446595251558,4192.175340482219
2,620,0,Stromal,0.4262295081967213,61,648.4510481923818,4747.797076077945
2,621,1,CD4+_T_Cells,0.3291139240506329,79,530.9385878115892,4747.797076077945
2,622,0,Stromal,0.5526315789473685,38,648.4510481923818,4662.316809063219
2,623,1,Stromal,0.4888888888888889,45,530.9385878115892,4662.316809063219
2,624,0,Invasive_Tumor,0.46368715083798884,179,824.7197387635707,4534.096408541129
2,625,0,Stromal,0.410958904109589,73,648.4510481923818,4576.8365420484915
2,626,1,Myoepi_ACTA2+,0.49333333333333335,75,530.9385878115892,4576.8365420484915
2,627,0,Invasive_Tumor,0.47540983606557374,61,648.4510481923818,4491.356275033765
2,628,1,Stromal,0.4117647058823529,85,530.9385878115892,4491.356275033765
2,629,2,CD4+_T_Cells,0.4430379746835443,158,413.4261274307966,4747.797076077945
2,630,1,CD4+_T_Cells,0.42105263157894735,114,295.913667050004,4747.797076077945
2,631,2,Stromal,0.4461538461538462,65,413.4261274307966,4662.316809063219
2,632,1,Stromal,0.2765957446808511,94,295.913667050004,4662.316809063219
2,633,2,Stromal,0.2876712328767123,73,178.40120666921138,4747.797076077945
2,634,1,DCIS_2,0.30666666666666664,75,60.888746288418766,4747.797076077945
2,635,1,Stromal,0.3108108108108108,74,178.40120666921138,4662.316809063219
2,636,1,CD8+_T_Cells,0.352112676056338,71,60.888746288418766,4662.316809063219
2,637,1,Stromal,0.5277777777777778,72,413.4261274307966,4576.8365420484915
2,638,1,DCIS_2,0.36363636363636365,55,295.913667050004,4576.8365420484915
2,639,1,DCIS_2,0.7636363636363637,55,413.4261274307966,4491.356275033765
2,640,1,Stromal,0.6721311475409836,61,295.913667050004,4491.356275033765
2,641,1,Stromal,0.26,100,178.40120666921138,4576.8365420484915
2,642,1,Stromal,0.2777777777777778,54,60.888746288418766,4576.8365420484915
2,644,1,CD4+_T_Cells,0.3026315789473684,76,60.888746288418766,4491.356275033765
2,645,0,Invasive_Tumor,0.49230769230769234,195,824.7197387635707,4363.135874511674
2,646,0,Invasive_Tumor,0.48148148148148145,54,648.4510481923818,4405.876008019038
2,647,1,Stromal,0.3595505617977528,89,530.9385878115892,4405.876008019038
2,648,0,Invasive_Tumor,0.7413793103448276,58,648.4510481923818,4320.39574100431
2,649,0,Stromal,0.4358974358974359,78,530.9385878115892,4320.39574100431
2,650,0,Invasive_Tumor,0.6098901098901099,182,824.7197387635707,4192.175340482219
2,651,0,Invasive_Tumor,0.4528301886792453,53,648.4510481923818,4234.915473989583
2,653,0,Invasive_Tumor,0.5223880597014925,67,648.4510481923818,4149.435206974857
2,654,0,Invasive_Tumor,0.30158730158730157,63,530.9385878115892,4149.435206974857
2,655,1,DCIS_2,0.7924528301886793,53,413.4261274307966,4405.876008019038
2,656,1,Stromal,0.6111111111111112,72,295.913667050004,4405.876008019038
2,657,1,Stromal,0.3523809523809524,105,413.4261274307966,4320.39574100431
2,658,1,Stromal,0.6527777777777778,72,295.913667050004,4320.39574100431
2,660,2,CD4+_T_Cells,0.4051724137931034,116,60.888746288418766,4405.876008019038
2,661,2,CD4+_T_Cells,0.34108527131782945,129,178.40120666921138,4320.39574100431
2,662,2,CD4+_T_Cells,0.5142857142857142,140,60.888746288418766,4320.39574100431
2,663,2,Stromal,0.6056338028169014,71,413.4261274307966,4234.915473989583
2,664,0,Stromal,0.7230769230769231,65,295.913667050004,4234.915473989583
2,665,0,Stromal,0.3684210526315789,38,413.4261274307966,4149.435206974857
2,666,0,Invasive_Tumor,0.660377358490566,53,295.913667050004,4149.435206974857
2,667,0,Stromal,0.5151515151515151,66,178.40120666921138,4234.915473989583
2,668,2,CD4+_T_Cells,0.3706293706293706,143,60.888746288418766,4234.915473989583
2,669,0,Invasive_Tumor,0.6,50,178.40120666921138,4149.435206974857
2,670,0,Stromal,0.5882352941176471,68,60.888746288418766,4149.435206974857
2,671,2,Stromal,0.8777777777777778,90,3645.0187879025934,4021.214806452766
2,672,2,Stromal,0.6810344827586207,116,3409.993867141008,4021.214806452766
2,673,2,Stromal,0.5117647058823529,170,3645.0187879025934,3850.2542724233117
2,674,2,Stromal,0.625,120,3409.993867141008,3850.2542724233117
2,675,2,Stromal,0.7662337662337663,77,3174.968946379423,4021.214806452766
2,676,2,Stromal,0.8333333333333334,36,2939.9440256178377,4021.214806452766
2,677,2,Stromal,0.7380952380952381,84,3174.968946379423,3850.2542724233117
2,678,2,Stromal,0.7837837837837838,74,2939.9440256178377,3850.2542724233117
2,679,2,Stromal,0.32786885245901637,61,3703.7750180929897,3722.0338719012216
2,680,2,Stromal,0.38461538461538464,65,3586.262557712197,3722.0338719012216
2,681,2,Stromal,0.38095238095238093,63,3703.7750180929897,3636.553604886494
2,682,2,Stromal,0.7631578947368421,38,3586.262557712197,3636.553604886494
2,683,2,Stromal,0.7368421052631579,95,3409.993867141008,3679.293738393858
2,684,2,Stromal,0.7843137254901961,102,3645.0187879025934,3508.3332043644036
2,685,2,Stromal,0.9154929577464789,71,3409.993867141008,3508.3332043644036
2,686,2,Stromal,0.7672413793103449,116,3174.968946379423,3679.293738393858
2,687,2,Stromal,0.7701149425287356,87,2939.9440256178377,3679.293738393858
2,688,2,Stromal,0.9230769230769231,65,3174.968946379423,3508.3332043644036
2,689,2,Stromal,0.675,120,2939.9440256178377,3508.3332043644036
2,690,2,Stromal,0.8368421052631579,190,2587.40664447546,3935.734539438039
2,691,2,Stromal,0.8888888888888888,171,2117.3568029522894,3935.734539438039
2,692,2,Stromal,0.7166666666666667,120,2704.9191048562525,3679.293738393858
2,693,2,Stromal,0.5798319327731093,119,2469.8941840946673,3679.293738393858
2,694,2,Stromal,0.3333333333333333,84,2763.675335046649,3551.073337871767
2,695,2,Stromal,0.42592592592592593,54,2646.162874665856,3551.073337871767
2,697,2,CD8+_T_Cells,0.3185840707964602,113,2646.162874665856,3465.5930708570404
2,698,2,Stromal,0.7927927927927928,111,2469.8941840946673,3508.3332043644036
2,699,2,Stromal,0.65625,96,2234.869263333082,3679.293738393858
2,700,2,Stromal,0.49032258064516127,155,1999.8443425714968,3679.293738393858
2,701,2,Stromal,0.32323232323232326,99,2293.6254935234783,3551.073337871767
2,702,2,CD4+_T_Cells,0.3941176470588235,170,2176.1130331426857,3551.073337871767
2,703,2,CD4+_T_Cells,0.29411764705882354,136,2293.6254935234783,3465.5930708570404
2,704,2,CD4+_T_Cells,0.3088235294117647,136,2176.1130331426857,3465.5930708570404
2,705,2,CD4+_T_Cells,0.3161764705882353,136,2058.600572761893,3551.073337871767
2,706,2,CD4+_T_Cells,0.3287671232876712,146,1941.0881123811005,3551.073337871767
2,707,1,Stromal,0.4722222222222222,108,2058.600572761893,3465.5930708570404
2,708,2,CD4+_T_Cells,0.3194444444444444,144,1941.0881123811005,3465.5930708570404
2,709,2,Stromal,0.84,50,3645.0187879025934,3337.37267033495
2,710,2,Stromal,0.9692307692307692,65,3409.993867141008,3337.37267033495
2,711,1,Stromal,0.44,50,3703.7750180929897,3209.1522698128592
2,712,1,Myoepi_ACTA2+,0.4827586206896552,58,3586.262557712197,3209.1522698128592
2,713,1,Stromal,0.2962962962962963,54,3703.7750180929897,3123.672002798133
2,714,1,Myoepi_ACTA2+,0.3469387755102041,49,3586.262557712197,3123.672002798133
2,715,2,Stromal,0.8709677419354839,62,3409.993867141008,3166.412136305496
2,716,2,Stromal,0.9841269841269841,63,3174.968946379423,3337.37267033495
2,717,2,Stromal,0.54,200,2939.9440256178377,3337.37267033495
2,718,2,Stromal,0.8958333333333334,96,3174.968946379423,3166.412136305496
2,719,2,Stromal,0.5342465753424658,73,2998.700255808234,3209.1522698128592
2,720,2,Stromal,0.676923076923077,65,2881.1877954274414,3209.1522698128592
2,721,2,Stromal,0.4155844155844156,77,2998.700255808234,3123.672002798133
2,722,1,Myoepi_ACTA2+,0.3037974683544304,79,2881.1877954274414,3123.672002798133
2,723,1,DCIS_2,0.38095238095238093,63,3703.7750180929897,3038.1917357834054
2,725,3,DCIS_2,0.782608695652174,69,3703.7750180929897,2952.711468768679
2,726,1,Stromal,0.32608695652173914,46,3586.262557712197,2952.711468768679
2,727,2,Stromal,0.7375,80,3409.993867141008,2995.451602276042
2,728,1,Stromal,0.3496932515337423,163,3645.0187879025934,2824.491068246588
2,730,2,Stromal,0.6721311475409836,122,3174.968946379423,2995.451602276042
2,731,2,CD4+_T_Cells,0.29896907216494845,97,2998.700255808234,3038.1917357834054
2,732,1,Myoepi_ACTA2+,0.4782608695652174,92,2881.1877954274414,3038.1917357834054
2,733,2,CD4+_T_Cells,0.4069767441860465,86,2998.700255808234,2952.711468768679
2,735,2,Stromal,0.9493670886075949,79,3174.968946379423,2824.491068246588
2,736,2,Stromal,0.6901408450704225,71,2998.700255808234,2867.2312017539516
2,737,1,DCIS_2,0.3050847457627119,59,2881.1877954274414,2867.2312017539516
2,739,1,Stromal,0.5370370370370371,54,2881.1877954274414,2781.7509347392242
2,740,2,Stromal,0.3132530120481928,83,2763.675335046649,3380.112803842313
2,741,2,CD4+_T_Cells,0.2923076923076923,130,2646.162874665856,3380.112803842313
2,742,2,Stromal,0.6666666666666666,48,2763.675335046649,3294.6325368275866
2,743,2,Stromal,0.37662337662337664,77,2646.162874665856,3294.6325368275866
2,744,2,Stromal,0.5898876404494382,178,2469.8941840946673,3337.37267033495
2,745,2,Stromal,0.559322033898305,59,2763.675335046649,3209.1522698128592
2,746,2,Stromal,0.5555555555555556,63,2646.162874665856,3209.1522698128592
2,747,1,Stromal,0.5106382978723404,47,2763.675335046649,3123.672002798133
2,748,2,Stromal,0.6666666666666666,39,2646.162874665856,3123.672002798133
2,749,2,Stromal,0.46153846153846156,65,2528.6504142850636,3209.1522698128592
2,750,2,Stromal,0.4444444444444444,54,2411.137953904271,3209.1522698128592
2,751,2,Stromal,0.7083333333333334,48,2528.6504142850636,3123.672002798133
2,752,2,Stromal,0.5306122448979592,49,2411.137953904271,3123.672002798133
2,753,2,B_Cells,0.2523364485981308,107,2293.6254935234783,3380.112803842313
2,754,1,Stromal,0.20754716981132076,106,2176.1130331426857,3380.112803842313
2,755,2,Stromal,0.45977011494252873,87,2293.6254935234783,3294.6325368275866
2,756,2,Stromal,0.5,80,2176.1130331426857,3294.6325368275866
2,758,1,Stromal,0.45098039215686275,102,1941.0881123811005,3380.112803842313
2,759,1,Stromal,0.5113636363636364,88,2058.600572761893,3294.6325368275866
2,760,1,Stromal,0.5324675324675324,77,1941.0881123811005,3294.6325368275866
2,761,1,Stromal,0.2828282828282828,99,2293.6254935234783,3209.1522698128592
2,762,1,Stromal,0.49019607843137253,51,2176.1130331426857,3209.1522698128592
2,763,1,Stromal,0.421875,64,2293.6254935234783,3123.672002798133
2,764,1,Stromal,0.5087719298245614,57,2176.1130331426857,3123.672002798133
2,766,1,Myoepi_KRT15+,0.5,76,1941.0881123811005,3209.1522698128592
2,767,2,Stromal,0.95,40,2058.600572761893,3123.672002798133
2,769,1,DCIS_2,0.5423728813559322,59,2763.675335046649,3038.1917357834054
2,771,1,Myoepi_ACTA2+,0.41025641025641024,39,2763.675335046649,2952.711468768679
2,772,1,Myoepi_ACTA2+,0.4473684210526316,76,2646.162874665856,2952.711468768679
2,773,2,Stromal,0.6923076923076923,156,2469.8941840946673,2995.451602276042
2,774,1,Myoepi_KRT15+,0.37209302325581395,86,2763.675335046649,2867.2312017539516
2,775,1,Stromal,0.5689655172413793,58,2646.162874665856,2867.2312017539516
2,777,2,Stromal,0.6419753086419753,81,2646.162874665856,2781.7509347392242
2,778,2,Stromal,0.7526881720430108,93,2469.8941840946673,2824.491068246588
2,779,2,Stromal,0.5185185185185185,81,2293.6254935234783,3038.1917357834054
2,780,2,Stromal,0.8285714285714286,35,2176.1130331426857,3038.1917357834054
2,781,2,Stromal,0.4342105263157895,76,2293.6254935234783,2952.711468768679
2,782,1,Stromal,0.5333333333333333,45,2176.1130331426857,2952.711468768679
2,783,1,DCIS_2,0.5625,64,2058.600572761893,3038.1917357834054
2,784,1,DCIS_2,0.5862068965517241,58,1941.0881123811005,3038.1917357834054
2,785,3,DCIS_2,0.9516129032258065,62,2058.600572761893,2952.711468768679
2,786,3,DCIS_2,0.8205128205128205,39,1941.0881123811005,2952.711468768679
2,787,2,Stromal,0.5,78,2293.6254935234783,2867.2312017539516
2,788,1,Stromal,0.4489795918367347,49,2176.1130331426857,2867.2312017539516
2,789,2,Stromal,0.4,90,2293.6254935234783,2781.7509347392242
2,790,1,Stromal,0.5932203389830508,59,2176.1130331426857,2781.7509347392242
2,791,3,DCIS_2,0.9024390243902439,41,2058.600572761893,2867.2312017539516
2,792,1,DCIS_2,0.39344262295081966,61,1941.0881123811005,2867.2312017539516
2,793,1,DCIS_2,0.4528301886792453,53,2058.600572761893,2781.7509347392242
2,794,1,Stromal,0.8235294117647058,51,1941.0881123811005,2781.7509347392242
2,795,2,Stromal,0.44871794871794873,78,1294.769580286741,4021.214806452766
2,796,0,Invasive_Tumor,0.5751633986928104,153,1059.7446595251558,4021.214806452766
2,797,0,Invasive_Tumor,0.5533333333333333,150,1294.769580286741,3850.2542724233117
2,799,0,Invasive_Tumor,0.46551724137931033,58,1000.9884293347595,3892.9944059306754
2,800,3,Invasive_Tumor,0.7951807228915663,83,1118.5008897155521,3807.514138915948
2,801,0,Invasive_Tumor,0.7246376811594203,69,1000.9884293347595,3807.514138915948
2,802,2,Stromal,0.8653846153846154,52,1764.8194218099115,3679.293738393858
2,803,0,Invasive_Tumor,0.44370860927152317,151,1529.7945010483263,3679.293738393858
2,804,2,Stromal,0.6578947368421053,38,1823.5756520003079,3551.073337871767
2,805,2,Invasive_Tumor,0.5,24,1706.0631916195152,3551.073337871767
2,806,2,Stromal,0.3076923076923077,117,1823.5756520003079,3465.5930708570404
2,807,0,Stromal,0.375,32,1706.0631916195152,3465.5930708570404
2,808,0,Invasive_Tumor,0.625,48,1588.5507312387226,3551.073337871767
2,809,0,Invasive_Tumor,0.9565217391304348,69,1471.03827085793,3551.073337871767
2,810,0,Stromal,0.41025641025641024,39,1588.5507312387226,3465.5930708570404
2,811,0,Invasive_Tumor,0.6346153846153846,52,1471.03827085793,3465.5930708570404
2,812,0,Stromal,0.4298245614035088,114,1294.769580286741,3679.293738393858
2,813,0,Invasive_Tumor,0.38235294117647056,170,1059.7446595251558,3679.293738393858
2,815,0,Invasive_Tumor,0.7702702702702703,74,1236.0133500963448,3551.073337871767
2,816,0,Invasive_Tumor,0.6470588235294118,51,1353.5258104771374,3465.5930708570404
2,817,0,Invasive_Tumor,0.6282051282051282,78,1236.0133500963448,3465.5930708570404
2,818,0,Invasive_Tumor,0.8227848101265823,79,1118.5008897155521,3551.073337871767
2,819,0,CD4+_T_Cells,0.36666666666666664,30,1000.9884293347595,3551.073337871767
2,820,0,Invasive_Tumor,0.7934782608695652,92,1118.5008897155521,3465.5930708570404
2,822,0,Invasive_Tumor,0.41954022988505746,174,824.7197387635707,4021.214806452766
2,823,0,Invasive_Tumor,0.48947368421052634,190,589.6948180019855,4021.214806452766
2,824,0,Invasive_Tumor,0.7758620689655172,58,883.475968953967,3892.9944059306754
2,826,0,Invasive_Tumor,0.5471698113207547,53,883.475968953967,3807.514138915948
2,827,0,Invasive_Tumor,0.8301886792452831,53,765.9635085731744,3807.514138915948
2,828,0,Invasive_Tumor,0.45454545454545453,55,648.4510481923818,3892.9944059306754
2,830,0,Invasive_Tumor,0.8,65,648.4510481923818,3807.514138915948
2,831,0,Macrophages_1,0.28205128205128205,78,530.9385878115892,3807.514138915948
2,832,0,Invasive_Tumor,0.45,180,354.6698972404003,4021.214806452766
2,833,0,Invasive_Tumor,0.5357142857142857,56,178.40120666921138,4063.954939960129
2,834,0,Stromal,0.391304347826087,46,60.888746288418766,4063.954939960129
2,836,0,Invasive_Tumor,0.62,50,60.888746288418766,3978.4746729454027
2,837,0,Invasive_Tumor,0.5434782608695652,46,413.4261274307966,3892.9944059306754
2,838,0,Invasive_Tumor,0.5555555555555556,54,295.913667050004,3892.9944059306754
2,839,0,Invasive_Tumor,0.6792452830188679,53,413.4261274307966,3807.514138915948
2,840,0,Invasive_Tumor,0.5178571428571429,56,295.913667050004,3807.514138915948
2,841,0,Invasive_Tumor,0.5434782608695652,46,178.40120666921138,3892.9944059306754
2,842,0,Invasive_Tumor,0.75,44,60.888746288418766,3892.9944059306754
2,843,0,Invasive_Tumor,0.3584905660377358,53,178.40120666921138,3807.514138915948
2,845,0,Invasive_Tumor,0.39080459770114945,174,824.7197387635707,3679.293738393858
2,846,0,Invasive_Tumor,0.8793103448275862,58,648.4510481923818,3722.0338719012216
2,848,0,Invasive_Tumor,0.4807692307692308,52,648.4510481923818,3636.553604886494
2,849,0,Invasive_Tumor,0.765625,64,530.9385878115892,3636.553604886494
2,850,0,Invasive_Tumor,0.6829268292682927,164,824.7197387635707,3508.3332043644036
2,853,0,Invasive_Tumor,0.7037037037037037,54,648.4510481923818,3465.5930708570404
2,854,0,Invasive_Tumor,0.6615384615384615,65,530.9385878115892,3465.5930708570404
2,855,0,Invasive_Tumor,0.49444444444444446,180,354.6698972404003,3679.293738393858
2,856,0,Stromal,0.38095238095238093,42,178.40120666921138,3722.0338719012216
2,857,0,Invasive_Tumor,0.4393939393939394,66,60.888746288418766,3722.0338719012216
2,858,0,Stromal,0.4772727272727273,44,178.40120666921138,3636.553604886494
2,859,0,Invasive_Tumor,0.3484848484848485,66,60.888746288418766,3636.553604886494
2,860,0,Invasive_Tumor,0.45161290322580644,186,354.6698972404003,3508.3332043644036
2,862,0,Stromal,0.22784810126582278,79,60.888746288418766,3551.073337871767
2,863,0,Stromal,0.44,50,178.40120666921138,3465.5930708570404
2,864,0,Stromal,0.36363636363636365,44,60.888746288418766,3465.5930708570404
2,865,2,B_Cells,0.30952380952380953,126,1823.5756520003079,3380.112803842313
2,866,0,Stromal,0.5531914893617021,47,1706.0631916195152,3380.112803842313
2,867,2,CD4+_T_Cells,0.3333333333333333,120,1823.5756520003079,3294.6325368275866
2,868,2,Stromal,0.4057971014492754,69,1706.0631916195152,3294.6325368275866
2,869,0,Invasive_Tumor,0.450261780104712,191,1529.7945010483263,3337.37267033495
2,870,2,Stromal,0.48148148148148145,108,1823.5756520003079,3209.1522698128592
2,871,2,Stromal,0.3368421052631579,95,1706.0631916195152,3209.1522698128592
2,872,2,Stromal,0.5779816513761468,109,1823.5756520003079,3123.672002798133
2,873,2,Stromal,0.375,104,1706.0631916195152,3123.672002798133
2,874,0,Invasive_Tumor,0.3157894736842105,57,1588.5507312387226,3209.1522698128592
2,875,0,CD4+_T_Cells,0.3283582089552239,134,1471.03827085793,3209.1522698128592
2,876,0,Stromal,0.3472222222222222,72,1588.5507312387226,3123.672002798133
2,877,0,CD4+_T_Cells,0.5954198473282443,131,1471.03827085793,3123.672002798133
2,878,0,Invasive_Tumor,0.8245614035087719,57,1353.5258104771374,3380.112803842313
2,879,0,Invasive_Tumor,0.28846153846153844,52,1236.0133500963448,3380.112803842313
2,880,0,Invasive_Tumor,0.8,65,1353.5258104771374,3294.6325368275866
2,881,0,Invasive_Tumor,0.4827586206896552,58,1236.0133500963448,3294.6325368275866
2,883,0,Invasive_Tumor,0.8767123287671232,73,1000.9884293347595,3380.112803842313
2,884,0,Invasive_Tumor,0.7567567567567568,74,1118.5008897155521,3294.6325368275866
2,885,0,Invasive_Tumor,0.7230769230769231,65,1000.9884293347595,3294.6325368275866
2,886,0,Invasive_Tumor,0.7586206896551724,58,1353.5258104771374,3209.1522698128592
2,887,0,Invasive_Tumor,0.7727272727272727,66,1236.0133500963448,3209.1522698128592
2,888,0,Invasive_Tumor,0.803030303030303,66,1353.5258104771374,3123.672002798133
2,889,0,Invasive_Tumor,0.46774193548387094,62,1236.0133500963448,3123.672002798133
2,890,0,Invasive_Tumor,0.8714285714285714,70,1118.5008897155521,3209.1522698128592
2,892,0,Invasive_Tumor,0.5714285714285714,77,1118.5008897155521,3123.672002798133
2,893,0,Invasive_Tumor,0.6885245901639344,61,1000.9884293347595,3123.672002798133
2,894,1,Stromal,0.7058823529411765,68,1823.5756520003079,3038.1917357834054
2,895,2,Stromal,0.45454545454545453,88,1706.0631916195152,3038.1917357834054
2,896,1,DCIS_2,0.5692307692307692,65,1823.5756520003079,2952.711468768679
2,898,2,Stromal,0.7142857142857143,21,1588.5507312387226,3038.1917357834054
2,899,0,CD4+_T_Cells,0.3888888888888889,90,1471.03827085793,3038.1917357834054
2,900,2,Stromal,0.7916666666666666,24,1588.5507312387226,2952.711468768679
2,901,0,Stromal,0.21212121212121213,99,1471.03827085793,2952.711468768679
2,902,1,Myoepi_ACTA2+,0.47674418604651164,86,1823.5756520003079,2867.2312017539516
2,903,2,Stromal,0.7638888888888888,72,1706.0631916195152,2867.2312017539516
2,904,2,Stromal,0.6075949367088608,79,1823.5756520003079,2781.7509347392242
2,905,2,Stromal,0.35789473684210527,95,1706.0631916195152,2781.7509347392242
2,906,0,Stromal,0.398876404494382,178,1529.7945010483263,2824.491068246588
2,907,0,Invasive_Tumor,0.6901408450704225,71,1353.5258104771374,3038.1917357834054
2,908,0,Invasive_Tumor,0.5,52,1236.0133500963448,3038.1917357834054
2,910,0,Invasive_Tumor,0.5147058823529411,68,1236.0133500963448,2952.711468768679
2,911,0,Invasive_Tumor,0.746031746031746,63,1118.5008897155521,3038.1917357834054
2,912,0,Invasive_Tumor,0.9012345679012346,81,1000.9884293347595,3038.1917357834054
2,913,0,Invasive_Tumor,0.5714285714285714,56,1118.5008897155521,2952.711468768679
2,914,0,Invasive_Tumor,0.6363636363636364,55,1000.9884293347595,2952.711468768679
2,915,0,Invasive_Tumor,0.6976744186046512,43,1353.5258104771374,2867.2312017539516
2,916,0,Invasive_Tumor,0.6415094339622641,53,1236.0133500963448,2867.2312017539516
2,917,0,Invasive_Tumor,0.7391304347826086,69,1353.5258104771374,2781.7509347392242
2,918,0,Invasive_Tumor,0.7228915662650602,83,1236.0133500963448,2781.7509347392242
2,919,0,Invasive_Tumor,0.7808219178082192,73,1118.5008897155521,2867.2312017539516
2,920,0,Invasive_Tumor,0.5915492957746479,71,1000.9884293347595,2867.2312017539516
2,921,0,Invasive_Tumor,0.6027397260273972,73,1118.5008897155521,2781.7509347392242
2,922,0,Invasive_Tumor,0.5151515151515151,66,1000.9884293347595,2781.7509347392242
2,924,0,Invasive_Tumor,0.7575757575757576,66,648.4510481923818,3380.112803842313
2,925,0,Invasive_Tumor,0.8095238095238095,63,530.9385878115892,3380.112803842313
2,926,0,Invasive_Tumor,0.6363636363636364,33,648.4510481923818,3294.6325368275866
2,927,0,Invasive_Tumor,0.859375,64,530.9385878115892,3294.6325368275866
2,928,0,Invasive_Tumor,0.6351351351351351,74,883.475968953967,3209.1522698128592
2,929,0,Invasive_Tumor,0.39344262295081966,61,765.9635085731744,3209.1522698128592
2,930,0,Invasive_Tumor,0.38,50,883.475968953967,3123.672002798133
2,931,0,Invasive_Tumor,0.4032258064516129,62,765.9635085731744,3123.672002798133
2,932,0,Invasive_Tumor,0.546875,64,648.4510481923818,3209.1522698128592
2,933,0,Invasive_Tumor,0.746268656716418,67,530.9385878115892,3209.1522698128592
2,934,0,Invasive_Tumor,0.7647058823529411,68,648.4510481923818,3123.672002798133
2,935,0,Invasive_Tumor,0.5319148936170213,47,530.9385878115892,3123.672002798133
2,936,0,Invasive_Tumor,0.4046242774566474,173,354.6698972404003,3337.37267033495
2,937,0,Endothelial,0.42592592592592593,54,178.40120666921138,3380.112803842313
2,938,0,Invasive_Tumor,0.5344827586206896,58,60.888746288418766,3380.112803842313
2,939,0,Endothelial,0.2653061224489796,49,178.40120666921138,3294.6325368275866
2,941,0,Invasive_Tumor,0.4406779661016949,59,413.4261274307966,3209.1522698128592
2,942,0,Invasive_Tumor,0.54,50,295.913667050004,3209.1522698128592
2,943,0,Invasive_Tumor,0.5535714285714286,56,413.4261274307966,3123.672002798133
2,944,0,Invasive_Tumor,0.41304347826086957,46,295.913667050004,3123.672002798133
2,946,0,Invasive_Tumor,0.8095238095238095,63,883.475968953967,3038.1917357834054
2,947,0,CD4+_T_Cells,0.3,90,765.9635085731744,3038.1917357834054
2,950,0,Invasive_Tumor,0.4230769230769231,52,648.4510481923818,3038.1917357834054
2,951,0,Invasive_Tumor,0.4523809523809524,42,530.9385878115892,3038.1917357834054
2,952,0,Invasive_Tumor,0.5483870967741935,62,648.4510481923818,2952.711468768679
2,953,0,Invasive_Tumor,0.5507246376811594,69,530.9385878115892,2952.711468768679
2,954,0,Invasive_Tumor,0.5538461538461539,65,883.475968953967,2867.2312017539516
2,955,0,Invasive_Tumor,0.47761194029850745,67,765.9635085731744,2867.2312017539516
2,956,0,Stromal,0.2537313432835821,67,883.475968953967,2781.7509347392242
2,957,0,Invasive_Tumor,0.5866666666666667,75,765.9635085731744,2781.7509347392242
2,958,0,CD8+_T_Cells,0.37254901960784315,51,648.4510481923818,2867.2312017539516
2,959,0,CD8+_T_Cells,0.2191780821917808,73,530.9385878115892,2867.2312017539516
2,962,0,Invasive_Tumor,0.5692307692307692,195,354.6698972404003,2995.451602276042
2,963,0,Invasive_Tumor,0.576271186440678,59,178.40120666921138,3038.1917357834054
2,964,0,Invasive_Tumor,0.3902439024390244,41,60.888746288418766,3038.1917357834054
2,965,0,Invasive_Tumor,0.7313432835820896,67,178.40120666921138,2952.711468768679
2,966,0,Invasive_Tumor,0.6304347826086957,46,60.888746288418766,2952.711468768679
2,967,0,Invasive_Tumor,0.31088082901554404,193,354.6698972404003,2824.491068246588
2,968,0,Stromal,0.30386740331491713,181,119.64497647881507,2824.491068246588
2,969,2,Stromal,0.9230769230769231,65,7405.417520087957,2653.530534217134
2,970,1,Stromal,0.54421768707483,147,7170.392599326372,2653.530534217134
2,971,2,Stromal,0.5714285714285714,91,7405.417520087957,2482.57000018768
2,972,1,Stromal,0.6880733944954128,109,7170.392599326372,2482.57000018768
2,973,3,DCIS_1,0.6216216216216216,74,6994.123908755183,2696.270667724498
2,974,3,DCIS_1,0.52,100,6876.61144837439,2696.270667724498
2,975,3,DCIS_1,0.8857142857142857,70,6994.123908755183,2610.7904007097704
2,976,3,DCIS_1,0.4338235294117647,136,6876.61144837439,2610.7904007097704
2,977,3,DCIS_1,0.7317073170731707,82,6759.098987993598,2696.270667724498
2,978,1,DCIS_1,0.6551724137931034,58,6641.586527612805,2696.270667724498
2,979,3,DCIS_1,0.7340425531914894,94,6759.098987993598,2610.7904007097704
2,980,3,DCIS_1,0.90625,64,6641.586527612805,2610.7904007097704
2,981,3,DCIS_1,0.7966101694915254,59,6994.123908755183,2525.310133695043
2,982,3,DCIS_1,0.7951807228915663,83,6876.61144837439,2525.310133695043
2,983,1,DCIS_1,0.5245901639344263,61,6994.123908755183,2439.8298666803166
2,984,3,DCIS_1,0.859375,64,6876.61144837439,2439.8298666803166
2,985,3,DCIS_1,0.8552631578947368,76,6759.098987993598,2525.310133695043
2,986,1,DCIS_1,0.7796610169491526,59,6641.586527612805,2525.310133695043
2,987,1,DCIS_1,0.5476190476190477,84,6759.098987993598,2439.8298666803166
2,988,1,DCIS_1,0.6727272727272727,55,6641.586527612805,2439.8298666803166
2,989,1,DCIS_1,0.35,40,7464.1737502783535,2354.3495996655893
2,990,1,DCIS_1,0.6538461538461539,52,7346.661289897561,2354.3495996655893
2,991,3,DCIS_1,0.8421052631578947,76,7464.1737502783535,2268.869332650863
2,992,3,DCIS_1,1.0,62,7346.661289897561,2268.869332650863
2,993,1,DCIS_1,0.48,50,7229.148829516768,2354.3495996655893
2,995,3,DCIS_1,0.9636363636363636,55,7229.148829516768,2268.869332650863
2,996,1,DCIS_1,0.8235294117647058,68,7111.636369135976,2268.869332650863
2,998,1,DCIS_1,0.6363636363636364,88,7346.661289897561,2183.3890656361355
2,999,1,DCIS_1,0.6865671641791045,67,7464.1737502783535,2097.908798621409
2,1000,1,DCIS_1,0.4791666666666667,96,7346.661289897561,2097.908798621409
2,1001,3,DCIS_1,0.7333333333333333,75,7229.148829516768,2183.3890656361355
2,1002,3,DCIS_1,0.5824175824175825,91,7111.636369135976,2183.3890656361355
2,1003,3,DCIS_1,0.4819277108433735,83,7229.148829516768,2097.908798621409
2,1004,3,DCIS_1,0.7833333333333333,60,7111.636369135976,2097.908798621409
2,1005,1,Stromal,0.49079754601226994,163,6935.367678564787,2311.609466158226
2,1007,1,DCIS_1,0.42105263157894735,171,6935.367678564787,2140.6489321287722
2,1008,2,Stromal,0.75,64,6700.3427578032015,2140.6489321287722
2,1009,2,Stromal,0.62,100,6465.317837041616,2653.530534217134
2,1010,2,Stromal,0.3972602739726027,146,6230.292916280031,2653.530534217134
2,1011,1,Stromal,0.3333333333333333,180,6465.317837041616,2482.57000018768
2,1012,2,Stromal,0.6105263157894737,95,6230.292916280031,2482.57000018768
2,1013,2,Stromal,0.711864406779661,118,5995.267995518446,2653.530534217134
2,1014,1,Stromal,0.48854961832061067,131,5760.243074756861,2653.530534217134
2,1015,2,Stromal,0.7023809523809523,84,5995.267995518446,2482.57000018768
2,1016,2,Stromal,0.9423076923076923,52,5760.243074756861,2482.57000018768
2,1017,1,Stromal,0.5348837209302325,129,6465.317837041616,2311.609466158226
2,1018,2,Stromal,0.868421052631579,38,6230.292916280031,2311.609466158226
2,1019,2,Stromal,0.9,40,6465.317837041616,2140.6489321287722
2,1020,2,Stromal,0.8,30,6230.292916280031,2140.6489321287722
2,1021,2,Stromal,0.907563025210084,119,5877.755535137653,2226.129199143499
2,1022,1,DCIS_1,0.5753424657534246,73,7464.1737502783535,2012.4285316066819
2,1023,1,DCIS_1,0.5625,80,7346.661289897561,2012.4285316066819
2,1024,1,Stromal,0.32786885245901637,61,7464.1737502783535,1926.9482645919547
2,1025,1,DCIS_1,0.3333333333333333,75,7346.661289897561,1926.9482645919547
2,1026,1,DCIS_1,0.45454545454545453,66,7229.148829516768,2012.4285316066819
2,1027,3,DCIS_1,0.9402985074626866,67,7111.636369135976,2012.4285316066819
2,1028,1,Stromal,0.5434782608695652,46,7229.148829516768,1926.9482645919547
2,1029,1,Stromal,0.47619047619047616,42,7111.636369135976,1926.9482645919547
2,1030,2,Endothelial,0.24,50,7464.1737502783535,1841.4679975772278
2,1031,1,Stromal,0.2833333333333333,60,7346.661289897561,1841.4679975772278
2,1032,2,CD4+_T_Cells,0.25,20,7464.1737502783535,1755.9877305625007
2,1033,2,CD4+_T_Cells,0.3026315789473684,76,7346.661289897561,1755.9877305625007
2,1034,1,CD4+_T_Cells,0.30434782608695654,92,7229.148829516768,1841.4679975772278
2,1035,2,CD4+_T_Cells,0.38372093023255816,86,7111.636369135976,1841.4679975772278
2,1036,2,CD4+_T_Cells,0.3516483516483517,91,7229.148829516768,1755.9877305625007
2,1037,2,CD4+_T_Cells,0.3404255319148936,47,7111.636369135976,1755.9877305625007
2,1038,1,Stromal,0.4690265486725664,113,6935.367678564787,1969.6883980993184
2,1039,1,Stromal,0.4330708661417323,127,6700.3427578032015,1969.6883980993184
2,1040,2,Stromal,0.8571428571428571,56,6935.367678564787,1798.7278640698642
2,1041,1,DCIS_1,0.2890625,128,6700.3427578032015,1798.7278640698642
2,1042,2,CD4+_T_Cells,0.3087248322147651,149,7405.417520087957,1627.7673300404103
2,1043,0,Stromal,0.5833333333333334,72,7170.392599326372,1627.7673300404103
2,1044,2,CD4+_T_Cells,0.3333333333333333,33,7464.1737502783535,1499.5469295183198
2,1045,2,CD8+_T_Cells,0.25806451612903225,62,7346.661289897561,1499.5469295183198
2,1046,2,CD4+_T_Cells,0.41509433962264153,53,7464.1737502783535,1414.0666625035926
2,1047,2,CD4+_T_Cells,0.2727272727272727,88,7346.661289897561,1414.0666625035926
2,1048,2,Stromal,0.5542168674698795,83,7170.392599326372,1456.806796010956
2,1049,2,Stromal,0.7924528301886793,53,6935.367678564787,1627.7673300404103
2,1050,2,Stromal,0.851063829787234,47,6700.3427578032015,1627.7673300404103
2,1051,2,Stromal,0.5362318840579711,69,6935.367678564787,1456.806796010956
2,1052,1,DCIS_1,0.33858267716535434,127,6700.3427578032015,1456.806796010956
2,1053,2,Stromal,0.7254901960784313,51,6465.317837041616,1969.6883980993184
2,1054,2,Stromal,0.576271186440678,59,6230.292916280031,1969.6883980993184
2,1055,1,Stromal,0.23595505617977527,89,6465.317837041616,1798.7278640698642
2,1056,2,Stromal,0.5094339622641509,53,6230.292916280031,1798.7278640698642
2,1057,2,Stromal,0.543010752688172,186,5877.755535137653,1884.2081310845913
2,1058,2,Stromal,0.6,10,6524.074067232013,1670.5074635477738
2,1059,2,CD4+_T_Cells,0.580952380952381,105,6406.56160685122,1670.5074635477738
2,1060,2,Stromal,0.4782608695652174,23,6524.074067232013,1585.0271965330467
2,1061,2,CD4+_T_Cells,0.5918367346938775,98,6406.56160685122,1585.0271965330467
2,1062,2,Stromal,0.6271186440677966,59,6230.292916280031,1627.7673300404103
2,1063,1,Stromal,0.3202614379084967,153,6465.317837041616,1456.806796010956
2,1064,2,Stromal,0.6474820143884892,139,5877.755535137653,1542.2870630256832
2,1065,1,DCIS_1,0.35625,160,5525.218153995275,2653.530534217134
2,1066,2,Stromal,0.5343511450381679,131,5290.19323323369,2653.530534217134
2,1067,2,Stromal,0.8536585365853658,41,5525.218153995275,2482.57000018768
2,1068,2,Stromal,0.5909090909090909,88,5290.19323323369,2482.57000018768
2,1069,2,Stromal,0.5866666666666667,75,5055.168312472105,2653.530534217134
2,1070,2,Invasive_Tumor,0.6666666666666666,75,4820.14339171052,2653.530534217134
2,1071,2,Stromal,0.3855421686746988,83,5055.168312472105,2482.57000018768
2,1072,2,Stromal,0.96875,32,4820.14339171052,2482.57000018768
2,1073,2,Stromal,0.5192307692307693,52,5525.218153995275,2311.609466158226
2,1074,2,Stromal,0.631578947368421,57,5290.19323323369,2311.609466158226
2,1075,2,Stromal,0.3763440860215054,93,5525.218153995275,2140.6489321287722
2,1076,2,Stromal,0.43902439024390244,41,5290.19323323369,2140.6489321287722
2,1077,2,Stromal,0.7,50,4585.118470948934,2653.530534217134
2,1079,0,Invasive_Tumor,0.5859375,128,4585.118470948934,2482.57000018768
2,1080,2,Stromal,0.9310344827586207,29,4350.093550187349,2482.57000018768
2,1081,2,Stromal,0.6746987951807228,83,4115.068629425764,2653.530534217134
2,1082,1,Stromal,0.7313432835820896,67,3880.0437086641787,2653.530534217134
2,1083,2,Stromal,0.7073170731707317,41,4115.068629425764,2482.57000018768
2,1084,2,Stromal,0.6404494382022472,89,3880.0437086641787,2482.57000018768
2,1085,2,Stromal,0.9655172413793104,29,4115.068629425764,2311.609466158226
2,1086,2,Stromal,0.5833333333333334,24,3938.799938854575,2354.3495996655893
2,1087,2,Endothelial,0.2727272727272727,55,3821.2874784737824,2354.3495996655893
2,1088,2,B_Cells,0.3287671232876712,73,3938.799938854575,2268.869332650863
2,1089,2,CD4+_T_Cells,0.39622641509433965,106,3821.2874784737824,2268.869332650863
2,1090,2,Stromal,0.8409090909090909,44,4115.068629425764,2140.6489321287722
2,1091,2,CD4+_T_Cells,0.3275862068965517,58,3938.799938854575,2183.3890656361355
2,1093,2,CD4+_T_Cells,0.37037037037037035,54,3938.799938854575,2097.908798621409
2,1094,2,Stromal,0.5416666666666666,24,3821.2874784737824,2097.908798621409
2,1095,2,Stromal,0.5244755244755245,143,5407.705693614483,1884.2081310845913
2,1097,1,Stromal,0.52,75,5525.218153995275,1627.7673300404103
2,1098,2,Stromal,0.5930232558139535,86,5290.19323323369,1627.7673300404103
2,1099,2,Stromal,0.34615384615384615,26,5583.974384185672,1499.5469295183198
2,1100,0,DCIS_2,0.8142857142857143,70,5466.461923804879,1499.5469295183198
2,1101,1,Stromal,0.3333333333333333,33,5583.974384185672,1414.0666625035926
2,1102,1,DCIS_2,0.7391304347826086,92,5466.461923804879,1414.0666625035926
2,1103,1,Stromal,0.34545454545454546,55,5348.949463424086,1499.5469295183198
2,1105,1,DCIS_2,0.8378378378378378,74,5348.949463424086,1414.0666625035926
2,1106,3,DCIS_2,0.7777777777777778,72,5231.437003043294,1414.0666625035926
2,1107,1,Stromal,0.517948717948718,195,4937.655852091312,1542.2870630256832
2,1108,2,Stromal,0.7647058823529411,119,3997.5561690449713,1884.2081310845913
2,1109,0,Stromal,0.5620437956204379,137,3997.5561690449713,1542.2870630256832
2,1110,1,DCIS_1,0.5740740740740741,54,7464.1737502783535,1328.5863954888657
2,1111,2,Stromal,0.25,52,7346.661289897561,1328.5863954888657
2,1112,1,DCIS_1,0.23214285714285715,56,7464.1737502783535,1243.1061284741386
2,1113,1,DCIS_1,0.4444444444444444,54,7346.661289897561,1243.1061284741386
2,1114,1,DCIS_1,0.36257309941520466,171,7170.392599326372,1285.8462619815023
2,1116,1,DCIS_1,0.4083769633507853,191,7170.392599326372,1114.885727952048
2,1117,1,DCIS_1,0.6708074534161491,161,6935.367678564787,1285.8462619815023
2,1119,1,DCIS_1,0.4533333333333333,150,6935.367678564787,1114.885727952048
2,1120,1,DCIS_1,0.37988826815642457,179,6700.3427578032015,1114.885727952048
2,1121,2,Stromal,0.3282051282051282,195,7405.417520087957,943.9251939225942
2,1122,1,DCIS_1,0.3717948717948718,78,7229.148829516768,986.6653274299576
2,1124,1,DCIS_1,0.33766233766233766,77,7229.148829516768,901.1850604152307
2,1125,1,Stromal,0.2692307692307692,52,7111.636369135976,901.1850604152307
2,1126,2,Stromal,0.3769230769230769,130,7405.417520087957,772.9646598931402
2,1127,1,Stromal,0.4049079754601227,163,7170.392599326372,772.9646598931402
2,1128,2,Stromal,0.6871165644171779,163,6817.855218183994,858.4449269078672
2,1130,1,DCIS_1,0.39473684210526316,114,6465.317837041616,1114.885727952048
2,1131,2,Stromal,0.8108108108108109,37,5995.267995518446,1285.8462619815023
2,1132,2,Stromal,0.5873015873015873,63,5760.243074756861,1285.8462619815023
2,1133,2,Stromal,0.6341463414634146,41,5995.267995518446,1114.885727952048
2,1134,2,Stromal,0.6041666666666666,96,5760.243074756861,1114.885727952048
2,1135,2,Stromal,0.4772727272727273,44,6465.317837041616,943.9251939225942
2,1136,1,Stromal,0.5822784810126582,79,6230.292916280031,943.9251939225942
2,1138,1,Stromal,0.2857142857142857,140,6230.292916280031,772.9646598931402
2,1139,1,Stromal,0.22289156626506024,166,5995.267995518446,943.9251939225942
2,1140,2,Stromal,0.631578947368421,57,5760.243074756861,943.9251939225942
2,1141,1,DCIS_2,0.6733668341708543,199,5995.267995518446,772.9646598931402
2,1142,2,Stromal,0.44696969696969696,132,5760.243074756861,772.9646598931402
2,1143,2,Stromal,0.6770833333333334,192,7287.905059707165,516.5238588489592
2,1144,0,Invasive_Tumor,0.5172413793103449,58,6935.367678564787,602.0041258636862
2,1146,2,Stromal,0.6785714285714286,28,6935.367678564787,431.0435918342322
2,1147,2,Stromal,0.5609756097560976,41,6700.3427578032015,431.0435918342322
2,1148,2,Stromal,0.45652173913043476,46,7405.417520087957,260.0830578047782
2,1149,2,Stromal,0.7586206896551724,58,7170.392599326372,260.0830578047782
2,1150,2,Stromal,0.35714285714285715,56,7405.417520087957,89.12252377532423
2,1151,0,Stromal,0.4189189189189189,74,7170.392599326372,89.12252377532423
2,1152,2,Stromal,0.6618705035971223,139,6817.855218183994,174.60279079005122
2,1153,1,Stromal,0.38961038961038963,154,6230.292916280031,602.0041258636862
2,1154,2,Stromal,0.7692307692307693,39,6230.292916280031,431.0435918342322
2,1155,2,Stromal,0.40404040404040403,99,5995.267995518446,602.0041258636862
2,1156,2,Stromal,0.46875,32,5818.999304947257,644.7442593710498
2,1157,2,Stromal,0.7,30,5701.486844566464,644.7442593710498
2,1159,2,Stromal,0.40425531914893614,47,5701.486844566464,559.2639923563227
2,1160,2,Stromal,0.55,20,6054.024225708842,473.7837253415957
2,1161,2,CD4+_T_Cells,0.4896551724137931,145,5936.5117653280495,473.7837253415957
2,1162,2,Stromal,0.6,20,6054.024225708842,388.30345832686874
2,1164,2,CD4+_T_Cells,0.5069444444444444,144,5818.999304947257,473.7837253415957
2,1165,2,Stromal,0.31343283582089554,67,5701.486844566464,473.7837253415957
2,1166,2,CD4+_T_Cells,0.3173076923076923,104,5818.999304947257,388.30345832686874
2,1168,2,Stromal,0.2596685082872928,181,5995.267995518446,260.0830578047782
2,1169,2,Macrophages_1,0.3125,80,5818.999304947257,302.8231913121417
2,1171,2,CD4+_T_Cells,0.4791666666666667,96,5818.999304947257,217.3429242974147
2,1172,2,CD4+_T_Cells,0.7328767123287672,146,5701.486844566464,217.3429242974147
2,1173,2,Stromal,0.28846153846153844,104,5995.267995518446,89.12252377532423
2,1174,2,CD4+_T_Cells,0.6666666666666666,108,5818.999304947257,131.86265728268774
2,1175,2,CD4+_T_Cells,0.7551020408163265,98,5701.486844566464,131.86265728268774
2,1176,3,CD4+_T_Cells,0.3157894736842105,19,5818.999304947257,46.38239026796073
2,1178,1,DCIS_2,0.41304347826086957,184,5525.218153995275,1285.8462619815023
2,1179,3,DCIS_2,0.8,80,5348.949463424086,1328.5863954888657
2,1180,3,DCIS_2,0.8314606741573034,89,5231.437003043294,1328.5863954888657
2,1181,3,DCIS_2,0.8380952380952381,105,5348.949463424086,1243.1061284741386
2,1182,3,DCIS_2,0.8620689655172413,116,5231.437003043294,1243.1061284741386
2,1183,1,DCIS_2,0.3756906077348066,181,5525.218153995275,1114.885727952048
2,1184,3,DCIS_2,0.7866666666666666,75,5348.949463424086,1157.6258614594117
2,1185,3,DCIS_2,0.953125,64,5231.437003043294,1157.6258614594117
2,1186,1,DCIS_2,0.5151515151515151,66,5348.949463424086,1072.1455944446845
2,1187,3,DCIS_2,0.8666666666666667,60,5231.437003043294,1072.1455944446845
2,1188,1,DCIS_2,0.6686746987951807,166,5055.168312472105,1285.8462619815023
2,1189,2,Stromal,0.64,50,4820.14339171052,1285.8462619815023
2,1190,1,DCIS_2,0.5128205128205128,156,5055.168312472105,1114.885727952048
2,1191,2,Stromal,0.7321428571428571,56,4820.14339171052,1114.885727952048
2,1192,1,DCIS_2,0.8428571428571429,70,5583.974384185672,986.6653274299576
2,1193,3,DCIS_2,0.9647058823529412,85,5466.461923804879,986.6653274299576
2,1194,1,DCIS_2,0.5294117647058824,51,5583.974384185672,901.1850604152307
2,1195,3,DCIS_2,0.9701492537313433,67,5466.461923804879,901.1850604152307
2,1196,1,DCIS_2,0.6,75,5348.949463424086,986.6653274299576
2,1197,1,Myoepi_ACTA2+,0.25,48,5231.437003043294,986.6653274299576
2,1198,0,DCIS_2,0.7384615384615385,65,5348.949463424086,901.1850604152307
2,1199,2,Stromal,0.7297297297297297,37,5231.437003043294,901.1850604152307
2,1200,1,Stromal,0.4189189189189189,148,5525.218153995275,772.9646598931402
2,1201,1,Stromal,0.5517241379310345,29,5348.949463424086,815.7047934005036
2,1202,1,Stromal,0.3389830508474576,59,5231.437003043294,815.7047934005036
2,1203,2,Macrophages_1,0.288135593220339,59,5348.949463424086,730.2245263857767
2,1204,1,DCIS_2,0.35526315789473684,76,5231.437003043294,730.2245263857767
2,1207,1,Stromal,0.3430232558139535,172,5055.168312472105,772.9646598931402
2,1208,2,Stromal,0.5106382978723404,47,4820.14339171052,772.9646598931402
2,1209,2,Stromal,0.5304878048780488,164,4467.606010568142,858.4449269078672
2,1210,1,Stromal,0.37055837563451777,197,5525.218153995275,602.0041258636862
2,1211,2,Stromal,0.25,60,5348.949463424086,644.7442593710498
2,1212,1,CD8+_T_Cells,0.2875,80,5231.437003043294,644.7442593710498
2,1213,1,Stromal,0.24193548387096775,62,5348.949463424086,559.2639923563227
2,1214,2,Stromal,0.32142857142857145,56,5231.437003043294,559.2639923563227
2,1215,1,DCIS_2,0.4069767441860465,86,5583.974384185672,473.7837253415957
2,1216,3,DCIS_2,0.9859154929577465,71,5466.461923804879,473.7837253415957
2,1219,1,DCIS_2,0.3076923076923077,78,5348.949463424086,473.7837253415957
2,1220,1,Stromal,0.3114754098360656,61,5231.437003043294,473.7837253415957
2,1221,1,DCIS_2,0.328125,64,5348.949463424086,388.30345832686874
2,1222,1,Stromal,0.25287356321839083,87,5231.437003043294,388.30345832686874
2,1223,2,Endothelial,0.32653061224489793,49,5113.924542662501,644.7442593710498
2,1224,2,Stromal,0.38666666666666666,75,4996.4120822817085,644.7442593710498
2,1225,2,Stromal,0.3384615384615385,65,5113.924542662501,559.2639923563227
2,1226,2,Stromal,0.2903225806451613,62,4996.4120822817085,559.2639923563227
2,1227,2,Stromal,0.5666666666666667,30,4878.899621900916,644.7442593710498
2,1228,2,Stromal,0.5294117647058824,34,4761.387161520123,644.7442593710498
2,1229,1,CD8+_T_Cells,0.3076923076923077,78,4878.899621900916,559.2639923563227
2,1230,1,Stromal,0.2375,80,4761.387161520123,559.2639923563227
2,1231,1,Stromal,0.23376623376623376,77,5113.924542662501,473.7837253415957
2,1232,1,Myoepi_ACTA2+,0.24675324675324675,77,4996.4120822817085,473.7837253415957
2,1233,1,DCIS_2,0.7105263157894737,76,5113.924542662501,388.30345832686874
2,1234,1,DCIS_2,0.25287356321839083,87,4996.4120822817085,388.30345832686874
2,1235,1,DCIS_2,0.2222222222222222,90,4878.899621900916,473.7837253415957
2,1236,1,DCIS_2,0.5492957746478874,71,4761.387161520123,473.7837253415957
2,1237,1,DCIS_2,0.28431372549019607,102,4878.899621900916,388.30345832686874
2,1238,1,DCIS_2,0.4823529411764706,85,4761.387161520123,388.30345832686874
2,1239,1,DCIS_2,0.42857142857142855,91,5583.974384185672,302.8231913121417
2,1240,1,DCIS_2,0.6333333333333333,60,5466.461923804879,302.8231913121417
2,1241,2,CD4+_T_Cells,0.5354330708661418,127,5583.974384185672,217.3429242974147
2,1242,1,DCIS_2,0.2537313432835821,67,5466.461923804879,217.3429242974147
2,1243,1,DCIS_2,0.5584415584415584,77,5348.949463424086,302.8231913121417
2,1244,1,CD4+_T_Cells,0.2692307692307692,78,5231.437003043294,302.8231913121417
2,1245,3,DCIS_2,0.9629629629629629,54,5348.949463424086,217.3429242974147
2,1246,3,DCIS_2,0.6666666666666666,72,5231.437003043294,217.3429242974147
2,1248,3,DCIS_2,0.6029411764705882,68,5290.19323323369,89.12252377532423
2,1249,1,Stromal,0.3333333333333333,69,5113.924542662501,302.8231913121417
2,1250,1,DCIS_2,0.2839506172839506,81,4996.4120822817085,302.8231913121417
2,1251,2,Stromal,0.45454545454545453,44,5113.924542662501,217.3429242974147
2,1252,3,Stromal,0.5151515151515151,33,4996.4120822817085,217.3429242974147
2,1253,1,DCIS_2,0.6582278481012658,79,4878.899621900916,302.8231913121417
2,1254,1,DCIS_2,0.4268292682926829,82,4761.387161520123,302.8231913121417
2,1255,3,Stromal,0.4222222222222222,45,4878.899621900916,217.3429242974147
2,1257,2,Stromal,0.32727272727272727,55,4643.874701139331,644.7442593710498
2,1258,2,CD4+_T_Cells,0.33695652173913043,92,4526.362240758538,644.7442593710498
2,1259,2,CD4+_T_Cells,0.2857142857142857,133,4643.874701139331,559.2639923563227
2,1260,1,CD4+_T_Cells,0.35344827586206895,116,4526.362240758538,559.2639923563227
2,1261,2,CD4+_T_Cells,0.5050505050505051,99,4408.849780377745,644.7442593710498
2,1262,2,CD4+_T_Cells,0.2625,80,4291.337319996953,644.7442593710498
2,1263,1,CD8+_T_Cells,0.25,120,4408.849780377745,559.2639923563227
2,1264,1,CD4+_T_Cells,0.3220338983050847,118,4291.337319996953,559.2639923563227
2,1265,1,CD8+_T_Cells,0.2087912087912088,91,4643.874701139331,473.7837253415957
2,1266,1,DCIS_2,0.3258426966292135,89,4526.362240758538,473.7837253415957
2,1267,1,DCIS_2,0.2235294117647059,85,4643.874701139331,388.30345832686874
2,1268,1,DCIS_2,0.3974358974358974,78,4526.362240758538,388.30345832686874
2,1269,1,CD4+_T_Cells,0.26956521739130435,115,4408.849780377745,473.7837253415957
2,1270,1,DCIS_2,0.618421052631579,76,4291.337319996953,473.7837253415957
2,1271,1,DCIS_2,0.4111111111111111,90,4408.849780377745,388.30345832686874
2,1272,2,CD4+_T_Cells,0.3023255813953488,129,4291.337319996953,388.30345832686874
2,1273,2,CD4+_T_Cells,0.26548672566371684,113,4115.068629425764,602.0041258636862
2,1274,1,DCIS_2,0.23376623376623376,77,4173.82485961616,473.7837253415957
2,1275,2,Stromal,0.42857142857142855,21,4056.3123992353676,473.7837253415957
2,1276,1,DCIS_2,0.2777777777777778,90,4173.82485961616,388.30345832686874
2,1277,2,Stromal,0.5,20,4056.3123992353676,388.30345832686874
2,1278,2,Stromal,0.36363636363636365,33,3880.0437086641787,431.0435918342322
2,1279,1,CD4+_T_Cells,0.20833333333333334,96,4643.874701139331,302.8231913121417
2,1280,1,CD4+_T_Cells,0.26582278481012656,79,4526.362240758538,302.8231913121417
2,1281,3,CD4+_T_Cells,0.38235294117647056,34,4643.874701139331,217.3429242974147
2,1282,3,DCIS_2,0.4,20,4526.362240758538,217.3429242974147
2,1283,3,DCIS_2,0.2676056338028169,71,4408.849780377745,302.8231913121417
2,1284,3,B_Cells,0.21428571428571427,112,4291.337319996953,302.8231913121417
2,1285,3,DCIS_1,0.47058823529411764,17,4408.849780377745,217.3429242974147
2,1286,3,Stromal,0.3333333333333333,9,4291.337319996953,217.3429242974147
2,1287,2,CD4+_T_Cells,0.2795031055900621,161,3997.5561690449713,174.60279079005122
2,1288,2,Stromal,0.6464646464646465,99,3645.0187879025934,2653.530534217134
2,1290,1,Myoepi_ACTA2+,0.4107142857142857,56,3703.7750180929897,2525.310133695043
2,1291,1,DCIS_2,0.36,75,3586.262557712197,2525.310133695043
2,1292,1,Myoepi_ACTA2+,0.3150684931506849,73,3703.7750180929897,2439.8298666803166
2,1293,1,Stromal,0.40384615384615385,52,3586.262557712197,2439.8298666803166
2,1294,2,Stromal,0.7105263157894737,76,3409.993867141008,2482.57000018768
2,1295,2,Stromal,0.9298245614035088,57,3174.968946379423,2653.530534217134
2,1296,2,Stromal,0.7619047619047619,168,2939.9440256178377,2653.530534217134
2,1297,2,Stromal,0.7831325301204819,83,3174.968946379423,2482.57000018768
2,1299,2,Stromal,0.7837837837837838,74,3645.0187879025934,2311.609466158226
2,1300,2,Stromal,0.782608695652174,46,3409.993867141008,2311.609466158226
2,1301,0,Stromal,0.4639175257731959,97,3645.0187879025934,2140.6489321287722
2,1302,2,Stromal,1.0,33,3409.993867141008,2140.6489321287722
2,1303,2,Stromal,0.8181818181818182,44,3174.968946379423,2311.609466158226
2,1304,2,Stromal,0.3945945945945946,185,2939.9440256178377,2311.609466158226
2,1306,2,Stromal,0.49523809523809526,105,2939.9440256178377,2140.6489321287722
2,1307,1,Stromal,0.6122448979591837,98,2763.675335046649,2696.270667724498
2,1309,2,Stromal,0.9714285714285714,35,2763.675335046649,2610.7904007097704
2,1310,2,Stromal,0.918918918918919,37,2646.162874665856,2610.7904007097704
2,1311,2,Stromal,0.945054945054945,91,2469.8941840946673,2653.530534217134
2,1312,2,Stromal,0.7166666666666667,180,2704.9191048562525,2482.57000018768
2,1313,2,Stromal,0.8461538461538461,78,2469.8941840946673,2482.57000018768
2,1314,2,Stromal,0.22988505747126436,87,2293.6254935234783,2696.270667724498
2,1315,2,Stromal,0.3148148148148148,54,2176.1130331426857,2696.270667724498
2,1317,2,Stromal,0.23076923076923078,78,2176.1130331426857,2610.7904007097704
2,1318,2,Stromal,0.6875,48,2058.600572761893,2696.270667724498
2,1319,1,Stromal,0.6888888888888889,45,1941.0881123811005,2696.270667724498
2,1320,2,Stromal,0.7142857142857143,63,2058.600572761893,2610.7904007097704
2,1321,1,Stromal,0.42857142857142855,56,1941.0881123811005,2610.7904007097704
2,1322,2,Stromal,0.37142857142857144,70,2293.6254935234783,2525.310133695043
2,1323,2,Stromal,0.3114754098360656,61,2176.1130331426857,2525.310133695043
2,1324,2,Stromal,0.45098039215686275,51,2293.6254935234783,2439.8298666803166
2,1325,2,CD8+_T_Cells,0.3389830508474576,59,2176.1130331426857,2439.8298666803166
2,1326,2,Stromal,0.7241379310344828,58,2058.600572761893,2525.310133695043
2,1327,1,Stromal,0.4915254237288136,59,1941.0881123811005,2525.310133695043
2,1328,2,Stromal,0.3958333333333333,48,2058.600572761893,2439.8298666803166
2,1329,1,Stromal,0.47761194029850745,67,1941.0881123811005,2439.8298666803166
2,1330,2,Stromal,0.6223776223776224,143,2704.9191048562525,2311.609466158226
2,1331,0,Stromal,0.6263736263736264,91,2469.8941840946673,2311.609466158226
2,1332,2,Stromal,0.42857142857142855,147,2704.9191048562525,2140.6489321287722
2,1333,0,Invasive_Tumor,0.8703703703703703,54,2528.6504142850636,2183.3890656361355
2,1334,0,Invasive_Tumor,0.7288135593220338,59,2411.137953904271,2183.3890656361355
2,1336,0,Invasive_Tumor,0.546875,64,2411.137953904271,2097.908798621409
2,1337,0,Stromal,0.5138888888888888,144,2234.869263333082,2311.609466158226
2,1338,2,Stromal,0.5211267605633803,142,1999.8443425714968,2311.609466158226
2,1339,0,Invasive_Tumor,0.5573770491803278,183,2234.869263333082,2140.6489321287722
2,1340,0,Invasive_Tumor,0.4067796610169492,118,1999.8443425714968,2140.6489321287722
2,1341,0,Stromal,0.47244094488188976,127,3645.0187879025934,1969.6883980993184
2,1342,2,Stromal,0.64,25,3468.7500973314045,2012.4285316066819
2,1343,0,Invasive_Tumor,0.56,50,3351.237636950612,2012.4285316066819
2,1344,0,Invasive_Tumor,0.8275862068965517,58,3468.7500973314045,1926.9482645919547
2,1346,0,Stromal,0.3673469387755102,98,3645.0187879025934,1798.7278640698642
2,1347,3,Invasive_Tumor,0.921875,64,3468.7500973314045,1841.4679975772278
2,1348,3,Invasive_Tumor,0.9482758620689655,58,3351.237636950612,1841.4679975772278
2,1349,0,Invasive_Tumor,0.3050847457627119,59,3468.7500973314045,1755.9877305625007
2,1350,0,Invasive_Tumor,0.5964912280701754,57,3351.237636950612,1755.9877305625007
2,1351,0,Invasive_Tumor,0.7903225806451613,62,3233.7251765698193,2012.4285316066819
2,1352,0,Invasive_Tumor,0.8846153846153846,52,3116.2127161890267,2012.4285316066819
2,1353,3,Invasive_Tumor,0.9830508474576272,59,3233.7251765698193,1926.9482645919547
2,1354,3,Invasive_Tumor,0.9482758620689655,58,3116.2127161890267,1926.9482645919547
2,1355,0,Invasive_Tumor,0.5508982035928144,167,2939.9440256178377,1969.6883980993184
2,1356,3,Invasive_Tumor,1.0,69,3233.7251765698193,1841.4679975772278
2,1357,3,Invasive_Tumor,0.9661016949152542,59,3116.2127161890267,1841.4679975772278
2,1358,0,Invasive_Tumor,0.8367346938775511,49,3233.7251765698193,1755.9877305625007
2,1359,0,Invasive_Tumor,0.8783783783783784,74,3116.2127161890267,1755.9877305625007
2,1360,3,Invasive_Tumor,0.9473684210526315,76,2998.700255808234,1841.4679975772278
2,1361,0,Invasive_Tumor,0.85,60,2881.1877954274414,1841.4679975772278
2,1362,0,Invasive_Tumor,0.618421052631579,76,2998.700255808234,1755.9877305625007
2,1363,0,Invasive_Tumor,0.5573770491803278,61,2881.1877954274414,1755.9877305625007
2,1364,0,Invasive_Tumor,0.6666666666666666,42,3703.7750180929897,1670.5074635477738
2,1365,0,Invasive_Tumor,0.6363636363636364,55,3586.262557712197,1670.5074635477738
2,1366,0,Invasive_Tumor,0.8533333333333334,75,3703.7750180929897,1585.0271965330467
2,1367,0,Invasive_Tumor,0.7454545454545455,55,3586.262557712197,1585.0271965330467
2,1368,0,Invasive_Tumor,0.6666666666666666,57,3468.7500973314045,1670.5074635477738
2,1372,0,Invasive_Tumor,0.3,60,3703.7750180929897,1499.5469295183198
2,1373,0,Invasive_Tumor,0.8028169014084507,71,3586.262557712197,1499.5469295183198
2,1374,0,Invasive_Tumor,0.7380952380952381,84,3703.7750180929897,1414.0666625035926
2,1375,0,Invasive_Tumor,0.8,70,3586.262557712197,1414.0666625035926
2,1376,0,Invasive_Tumor,0.7540983606557377,61,3468.7500973314045,1499.5469295183198
2,1378,0,Invasive_Tumor,0.855072463768116,69,3468.7500973314045,1414.0666625035926
2,1379,0,Invasive_Tumor,0.7012987012987013,77,3351.237636950612,1414.0666625035926
2,1380,0,Invasive_Tumor,0.3137254901960784,51,3233.7251765698193,1670.5074635477738
2,1381,0,Invasive_Tumor,0.35064935064935066,77,3116.2127161890267,1670.5074635477738
2,1382,0,Invasive_Tumor,0.7261904761904762,84,3233.7251765698193,1585.0271965330467
2,1383,0,Invasive_Tumor,0.4745762711864407,59,3116.2127161890267,1585.0271965330467
2,1384,0,Invasive_Tumor,0.673469387755102,196,2939.9440256178377,1627.7673300404103
2,1385,0,Invasive_Tumor,0.6923076923076923,65,3233.7251765698193,1499.5469295183198
2,1386,0,Invasive_Tumor,0.825,80,3116.2127161890267,1499.5469295183198
2,1388,0,Invasive_Tumor,0.828125,64,3116.2127161890267,1414.0666625035926
2,1391,0,Invasive_Tumor,0.6825396825396826,63,2998.700255808234,1414.0666625035926
2,1392,0,Invasive_Tumor,0.5333333333333333,45,2881.1877954274414,1414.0666625035926
2,1393,0,Stromal,0.2727272727272727,176,2704.9191048562525,1969.6883980993184
2,1394,0,Invasive_Tumor,0.35947712418300654,153,2469.8941840946673,1969.6883980993184
2,1395,0,Invasive_Tumor,0.2215909090909091,176,2704.9191048562525,1798.7278640698642
2,1396,0,Invasive_Tumor,0.30256410256410254,195,2469.8941840946673,1798.7278640698642
2,1397,0,Invasive_Tumor,0.45595854922279794,193,2234.869263333082,1969.6883980993184
2,1398,0,Invasive_Tumor,0.7093023255813954,172,1999.8443425714968,1969.6883980993184
2,1399,2,Macrophages_1,0.45,40,2293.6254935234783,1841.4679975772278
2,1400,0,Invasive_Tumor,0.3333333333333333,63,2176.1130331426857,1841.4679975772278
2,1401,0,Invasive_Tumor,0.813953488372093,43,2293.6254935234783,1755.9877305625007
2,1402,0,Invasive_Tumor,0.8857142857142857,70,2176.1130331426857,1755.9877305625007
2,1403,0,Invasive_Tumor,0.9629629629629629,54,2058.600572761893,1841.4679975772278
2,1404,3,Invasive_Tumor,1.0,60,1941.0881123811005,1841.4679975772278
2,1405,0,Invasive_Tumor,0.7611940298507462,67,2058.600572761893,1755.9877305625007
2,1406,0,Invasive_Tumor,0.7962962962962963,54,1941.0881123811005,1755.9877305625007
2,1407,0,Invasive_Tumor,0.5401069518716578,187,2704.9191048562525,1627.7673300404103
2,1408,0,Invasive_Tumor,0.36363636363636365,44,2528.6504142850636,1670.5074635477738
2,1409,0,Invasive_Tumor,0.8813559322033898,59,2411.137953904271,1670.5074635477738
2,1410,0,Invasive_Tumor,0.45161290322580644,62,2528.6504142850636,1585.0271965330467
2,1411,0,Invasive_Tumor,0.8987341772151899,79,2411.137953904271,1585.0271965330467
2,1412,0,Invasive_Tumor,0.6730769230769231,52,2763.675335046649,1499.5469295183198
2,1413,0,Invasive_Tumor,0.5970149253731343,67,2646.162874665856,1499.5469295183198
2,1414,0,Invasive_Tumor,0.55,60,2763.675335046649,1414.0666625035926
2,1415,0,Invasive_Tumor,0.68,75,2646.162874665856,1414.0666625035926
2,1416,0,Invasive_Tumor,0.625,72,2528.6504142850636,1499.5469295183198
2,1418,0,Invasive_Tumor,0.5932203389830508,59,2528.6504142850636,1414.0666625035926
2,1419,0,Invasive_Tumor,0.6338028169014085,71,2411.137953904271,1414.0666625035926
2,1420,3,Invasive_Tumor,0.9420289855072463,69,2293.6254935234783,1670.5074635477738
2,1421,0,Invasive_Tumor,0.7090909090909091,55,2176.1130331426857,1670.5074635477738
2,1422,0,Invasive_Tumor,0.5833333333333334,60,2293.6254935234783,1585.0271965330467
2,1423,0,Invasive_Tumor,0.5,40,2176.1130331426857,1585.0271965330467
2,1424,0,Stromal,0.3488372093023256,43,2058.600572761893,1670.5074635477738
2,1425,0,Invasive_Tumor,0.5961538461538461,52,1941.0881123811005,1670.5074635477738
2,1426,0,Macrophages_1,0.22413793103448276,58,2058.600572761893,1585.0271965330467
2,1427,0,Invasive_Tumor,0.47058823529411764,68,1941.0881123811005,1585.0271965330467
2,1428,0,Invasive_Tumor,0.5212765957446809,188,2234.869263333082,1456.806796010956
2,1429,0,Invasive_Tumor,0.3958333333333333,48,2058.600572761893,1499.5469295183198
2,1430,0,Invasive_Tumor,0.7419354838709677,62,1941.0881123811005,1499.5469295183198
2,1431,0,Invasive_Tumor,0.7384615384615385,65,2058.600572761893,1414.0666625035926
2,1432,0,Invasive_Tumor,0.6551724137931034,58,1941.0881123811005,1414.0666625035926
2,1433,1,Stromal,0.4025974025974026,77,1823.5756520003079,2696.270667724498
2,1434,2,CD4+_T_Cells,0.2980769230769231,104,1706.0631916195152,2696.270667724498
2,1436,2,Stromal,0.3246753246753247,77,1706.0631916195152,2610.7904007097704
2,1437,0,Stromal,0.3812154696132597,181,1529.7945010483263,2653.530534217134
2,1438,1,Myoepi_ACTA2+,0.2976190476190476,84,1823.5756520003079,2525.310133695043
2,1439,2,Stromal,0.5384615384615384,39,1706.0631916195152,2525.310133695043
2,1440,1,Stromal,0.33980582524271846,103,1823.5756520003079,2439.8298666803166
2,1442,2,Stromal,0.5609756097560976,41,1588.5507312387226,2525.310133695043
2,1443,0,Invasive_Tumor,0.28125,96,1471.03827085793,2525.310133695043
2,1444,2,Stromal,0.41379310344827586,29,1588.5507312387226,2439.8298666803166
2,1445,0,Invasive_Tumor,0.6136363636363636,44,1471.03827085793,2439.8298666803166
2,1446,0,Invasive_Tumor,0.6716417910447762,67,1353.5258104771374,2696.270667724498
2,1447,0,Invasive_Tumor,0.35526315789473684,76,1236.0133500963448,2696.270667724498
2,1448,0,Invasive_Tumor,0.8571428571428571,63,1353.5258104771374,2610.7904007097704
2,1449,0,Invasive_Tumor,0.8450704225352113,71,1236.0133500963448,2610.7904007097704
2,1450,0,Invasive_Tumor,0.5543478260869565,92,1118.5008897155521,2696.270667724498
2,1451,0,Invasive_Tumor,0.6052631578947368,76,1000.9884293347595,2696.270667724498
2,1452,0,Invasive_Tumor,0.8701298701298701,77,1118.5008897155521,2610.7904007097704
2,1453,0,Invasive_Tumor,0.6338028169014085,71,1000.9884293347595,2610.7904007097704
2,1454,0,Invasive_Tumor,0.6037735849056604,53,1353.5258104771374,2525.310133695043
2,1455,0,Invasive_Tumor,0.4126984126984127,63,1236.0133500963448,2525.310133695043
2,1456,0,Invasive_Tumor,0.6078431372549019,51,1353.5258104771374,2439.8298666803166
2,1457,0,Invasive_Tumor,0.4266666666666667,75,1236.0133500963448,2439.8298666803166
2,1460,0,Invasive_Tumor,0.8285714285714286,70,1118.5008897155521,2439.8298666803166
2,1461,0,Invasive_Tumor,0.7272727272727273,66,1000.9884293347595,2439.8298666803166
2,1462,2,Stromal,0.8222222222222222,45,1823.5756520003079,2354.3495996655893
2,1463,0,Stromal,0.5714285714285714,49,1706.0631916195152,2354.3495996655893
2,1464,0,Invasive_Tumor,0.6612903225806451,62,1823.5756520003079,2268.869332650863
2,1465,0,Invasive_Tumor,0.8181818181818182,55,1706.0631916195152,2268.869332650863
2,1467,0,Invasive_Tumor,0.6,60,1471.03827085793,2354.3495996655893
2,1468,0,Invasive_Tumor,0.703125,64,1588.5507312387226,2268.869332650863
2,1469,0,Invasive_Tumor,0.5957446808510638,47,1471.03827085793,2268.869332650863
2,1470,0,Invasive_Tumor,0.7846153846153846,65,1823.5756520003079,2183.3890656361355
2,1471,0,Invasive_Tumor,0.7580645161290323,62,1706.0631916195152,2183.3890656361355
2,1472,0,Invasive_Tumor,0.6774193548387096,62,1823.5756520003079,2097.908798621409
2,1473,0,Invasive_Tumor,0.640625,64,1706.0631916195152,2097.908798621409
2,1474,0,Invasive_Tumor,0.676923076923077,65,1588.5507312387226,2183.3890656361355
2,1475,0,Invasive_Tumor,0.43478260869565216,46,1471.03827085793,2183.3890656361355
2,1476,0,Invasive_Tumor,0.2875,80,1588.5507312387226,2097.908798621409
2,1477,0,Invasive_Tumor,0.6896551724137931,58,1471.03827085793,2097.908798621409
2,1478,0,Invasive_Tumor,0.6363636363636364,66,1353.5258104771374,2354.3495996655893
2,1479,0,Invasive_Tumor,0.5901639344262295,61,1236.0133500963448,2354.3495996655893
2,1480,0,Invasive_Tumor,0.6346153846153846,52,1353.5258104771374,2268.869332650863
2,1481,0,Invasive_Tumor,0.4642857142857143,56,1236.0133500963448,2268.869332650863
2,1482,0,Invasive_Tumor,0.6166666666666667,60,1118.5008897155521,2354.3495996655893
2,1483,0,Invasive_Tumor,0.546875,64,1000.9884293347595,2354.3495996655893
2,1484,0,Invasive_Tumor,0.6440677966101694,59,1118.5008897155521,2268.869332650863
2,1485,0,Invasive_Tumor,0.2222222222222222,90,1000.9884293347595,2268.869332650863
2,1486,0,Invasive_Tumor,0.5510204081632653,49,1353.5258104771374,2183.3890656361355
2,1487,0,Invasive_Tumor,0.6923076923076923,52,1236.0133500963448,2183.3890656361355
2,1488,0,Invasive_Tumor,0.4807692307692308,52,1353.5258104771374,2097.908798621409
2,1489,0,Invasive_Tumor,0.8095238095238095,63,1236.0133500963448,2097.908798621409
2,1490,0,Invasive_Tumor,0.8169014084507042,71,1118.5008897155521,2183.3890656361355
2,1491,0,Invasive_Tumor,0.7142857142857143,70,1000.9884293347595,2183.3890656361355
2,1492,0,Invasive_Tumor,0.8387096774193549,62,1118.5008897155521,2097.908798621409
2,1493,0,Invasive_Tumor,0.8507462686567164,67,1000.9884293347595,2097.908798621409
2,1494,0,Invasive_Tumor,0.7317073170731707,82,883.475968953967,2696.270667724498
2,1495,0,Invasive_Tumor,0.5714285714285714,63,765.9635085731744,2696.270667724498
2,1496,0,Invasive_Tumor,0.7123287671232876,73,883.475968953967,2610.7904007097704
2,1497,0,Invasive_Tumor,0.7910447761194029,67,765.9635085731744,2610.7904007097704
2,1498,0,Stromal,0.35714285714285715,56,648.4510481923818,2696.270667724498
2,1499,0,Invasive_Tumor,0.36538461538461536,52,530.9385878115892,2696.270667724498
2,1500,0,Invasive_Tumor,0.5409836065573771,61,648.4510481923818,2610.7904007097704
2,1501,0,Invasive_Tumor,0.48717948717948717,39,530.9385878115892,2610.7904007097704
2,1502,0,Invasive_Tumor,0.7017543859649122,57,883.475968953967,2525.310133695043
2,1503,0,Invasive_Tumor,0.6530612244897959,49,765.9635085731744,2525.310133695043
2,1505,0,Invasive_Tumor,0.7941176470588235,68,765.9635085731744,2439.8298666803166
2,1506,0,Invasive_Tumor,0.7368421052631579,76,648.4510481923818,2525.310133695043
2,1507,0,Invasive_Tumor,0.6029411764705882,68,530.9385878115892,2525.310133695043
2,1508,0,Invasive_Tumor,0.375,72,648.4510481923818,2439.8298666803166
2,1509,0,Invasive_Tumor,0.6024096385542169,83,530.9385878115892,2439.8298666803166
2,1510,0,Invasive_Tumor,0.24193548387096775,62,413.4261274307966,2696.270667724498
2,1511,0,CD4+_T_Cells,0.23853211009174313,109,295.913667050004,2696.270667724498
2,1512,0,Macrophages_1,0.32,75,413.4261274307966,2610.7904007097704
2,1513,0,Invasive_Tumor,0.3181818181818182,88,295.913667050004,2610.7904007097704
2,1514,2,CD4+_T_Cells,0.3,120,178.40120666921138,2696.270667724498
2,1515,2,CD4+_T_Cells,0.23529411764705882,102,60.888746288418766,2696.270667724498
2,1516,1,Myoepi_ACTA2+,0.26595744680851063,94,178.40120666921138,2610.7904007097704
2,1517,1,CD4+_T_Cells,0.21782178217821782,101,60.888746288418766,2610.7904007097704
2,1518,0,Invasive_Tumor,0.5833333333333334,72,413.4261274307966,2525.310133695043
2,1519,1,DCIS_2,0.5735294117647058,68,295.913667050004,2525.310133695043
2,1520,0,Invasive_Tumor,0.3375,80,413.4261274307966,2439.8298666803166
2,1521,1,DCIS_2,0.3181818181818182,66,295.913667050004,2439.8298666803166
2,1522,3,DCIS_2,0.8933333333333333,75,178.40120666921138,2525.310133695043
2,1523,1,Stromal,0.375,72,60.888746288418766,2525.310133695043
2,1524,1,Myoepi_ACTA2+,0.32954545454545453,88,178.40120666921138,2439.8298666803166
2,1525,1,DCIS_2,0.2976190476190476,84,60.888746288418766,2439.8298666803166
2,1527,0,Invasive_Tumor,0.6833333333333333,60,765.9635085731744,2354.3495996655893
2,1528,0,Invasive_Tumor,0.5606060606060606,66,883.475968953967,2268.869332650863
2,1529,0,Invasive_Tumor,0.8382352941176471,68,765.9635085731744,2268.869332650863
2,1531,0,Invasive_Tumor,0.8311688311688312,77,530.9385878115892,2354.3495996655893
2,1532,0,Invasive_Tumor,0.43283582089552236,67,648.4510481923818,2268.869332650863
2,1533,0,Invasive_Tumor,0.8055555555555556,72,530.9385878115892,2268.869332650863
2,1535,0,Invasive_Tumor,0.6615384615384615,65,765.9635085731744,2183.3890656361355
2,1536,0,Invasive_Tumor,0.47761194029850745,67,883.475968953967,2097.908798621409
2,1537,0,Invasive_Tumor,0.8615384615384616,65,765.9635085731744,2097.908798621409
2,1538,0,Invasive_Tumor,0.3707865168539326,89,648.4510481923818,2183.3890656361355
2,1540,0,Invasive_Tumor,0.859375,64,648.4510481923818,2097.908798621409
2,1541,0,Invasive_Tumor,0.38461538461538464,78,530.9385878115892,2097.908798621409
2,1542,0,CD4+_T_Cells,0.2222222222222222,108,413.4261274307966,2354.3495996655893
2,1543,1,Stromal,0.27710843373493976,83,295.913667050004,2354.3495996655893
2,1544,0,Invasive_Tumor,0.3333333333333333,93,413.4261274307966,2268.869332650863
2,1545,2,Macrophages_1,0.27358490566037735,106,295.913667050004,2268.869332650863
2,1546,1,Myoepi_ACTA2+,0.4270833333333333,96,178.40120666921138,2354.3495996655893
2,1547,1,DCIS_2,0.23958333333333334,96,60.888746288418766,2354.3495996655893
2,1549,1,Myoepi_ACTA2+,0.21568627450980393,102,60.888746288418766,2268.869332650863
2,1550,0,Invasive_Tumor,0.40963855421686746,83,413.4261274307966,2183.3890656361355
2,1551,0,Invasive_Tumor,0.21238938053097345,113,295.913667050004,2183.3890656361355
2,1553,0,Invasive_Tumor,0.4186046511627907,86,295.913667050004,2097.908798621409
2,1554,1,Stromal,0.26506024096385544,83,178.40120666921138,2183.3890656361355
2,1556,0,Invasive_Tumor,0.2857142857142857,63,178.40120666921138,2097.908798621409
2,1557,1,Stromal,0.23655913978494625,93,60.888746288418766,2097.908798621409
2,1558,0,Invasive_Tumor,0.7971014492753623,69,1823.5756520003079,2012.4285316066819
2,1560,2,Invasive_Tumor,0.475,40,1823.5756520003079,1926.9482645919547
2,1561,0,Invasive_Tumor,0.7692307692307693,65,1706.0631916195152,1926.9482645919547
2,1562,0,Invasive_Tumor,0.75,60,1588.5507312387226,2012.4285316066819
2,1563,0,Invasive_Tumor,0.7543859649122807,57,1471.03827085793,2012.4285316066819
2,1565,0,Invasive_Tumor,0.746031746031746,63,1471.03827085793,1926.9482645919547
2,1566,0,Invasive_Tumor,0.8103448275862069,58,1823.5756520003079,1841.4679975772278
2,1569,0,Invasive_Tumor,0.5909090909090909,44,1706.0631916195152,1755.9877305625007
2,1570,0,Invasive_Tumor,0.7384615384615385,65,1588.5507312387226,1841.4679975772278
2,1571,0,Invasive_Tumor,0.75,52,1471.03827085793,1841.4679975772278
2,1572,0,Invasive_Tumor,0.7083333333333334,72,1588.5507312387226,1755.9877305625007
2,1573,0,Invasive_Tumor,0.7169811320754716,53,1471.03827085793,1755.9877305625007
2,1574,0,Invasive_Tumor,0.5,62,1353.5258104771374,2012.4285316066819
2,1575,0,Invasive_Tumor,0.6507936507936508,63,1236.0133500963448,2012.4285316066819
2,1576,0,Invasive_Tumor,0.5094339622641509,53,1353.5258104771374,1926.9482645919547
2,1577,0,Invasive_Tumor,0.8421052631578947,57,1236.0133500963448,1926.9482645919547
2,1578,0,Invasive_Tumor,0.5645161290322581,62,1118.5008897155521,2012.4285316066819
2,1579,0,Invasive_Tumor,0.819672131147541,61,1000.9884293347595,2012.4285316066819
2,1580,0,Invasive_Tumor,0.7758620689655172,58,1118.5008897155521,1926.9482645919547
2,1581,0,Invasive_Tumor,0.746031746031746,63,1000.9884293347595,1926.9482645919547
2,1582,3,Invasive_Tumor,0.8793103448275862,58,1353.5258104771374,1841.4679975772278
2,1584,0,Invasive_Tumor,0.6470588235294118,68,1353.5258104771374,1755.9877305625007
2,1585,0,Invasive_Tumor,0.5223880597014925,67,1236.0133500963448,1755.9877305625007
2,1586,0,Invasive_Tumor,0.7878787878787878,66,1118.5008897155521,1841.4679975772278
2,1587,0,Invasive_Tumor,0.6623376623376623,77,1000.9884293347595,1841.4679975772278
2,1588,0,Invasive_Tumor,0.6825396825396826,63,1118.5008897155521,1755.9877305625007
2,1590,0,Invasive_Tumor,0.48,50,1823.5756520003079,1670.5074635477738
2,1591,0,Invasive_Tumor,0.6727272727272727,55,1706.0631916195152,1670.5074635477738
2,1592,0,Invasive_Tumor,0.8181818181818182,66,1823.5756520003079,1585.0271965330467
2,1593,0,Invasive_Tumor,0.7213114754098361,61,1706.0631916195152,1585.0271965330467
2,1594,0,Invasive_Tumor,0.46987951807228917,83,1588.5507312387226,1670.5074635477738
2,1595,0,Invasive_Tumor,0.9285714285714286,84,1471.03827085793,1670.5074635477738
2,1596,0,Invasive_Tumor,0.54,50,1588.5507312387226,1585.0271965330467
2,1597,0,Invasive_Tumor,0.7920792079207921,101,1471.03827085793,1585.0271965330467
2,1598,0,Invasive_Tumor,0.7884615384615384,52,1823.5756520003079,1499.5469295183198
2,1599,0,Invasive_Tumor,0.3230769230769231,65,1706.0631916195152,1499.5469295183198
2,1600,0,Invasive_Tumor,0.6296296296296297,54,1823.5756520003079,1414.0666625035926
2,1601,0,Invasive_Tumor,0.7090909090909091,55,1706.0631916195152,1414.0666625035926
2,1602,0,Invasive_Tumor,0.6842105263157895,57,1588.5507312387226,1499.5469295183198
2,1603,0,Invasive_Tumor,0.5230769230769231,65,1471.03827085793,1499.5469295183198
2,1604,0,Stromal,0.39215686274509803,51,1588.5507312387226,1414.0666625035926
2,1605,0,Invasive_Tumor,0.7096774193548387,62,1471.03827085793,1414.0666625035926
2,1606,0,Invasive_Tumor,0.4,75,1353.5258104771374,1670.5074635477738
2,1607,0,Invasive_Tumor,0.75,68,1236.0133500963448,1670.5074635477738
2,1608,0,Invasive_Tumor,0.5454545454545454,77,1353.5258104771374,1585.0271965330467
2,1609,0,Invasive_Tumor,0.6129032258064516,62,1236.0133500963448,1585.0271965330467
2,1610,0,Invasive_Tumor,0.5324675324675324,77,1118.5008897155521,1670.5074635477738
2,1611,0,Invasive_Tumor,0.62,50,1000.9884293347595,1670.5074635477738
2,1612,0,Invasive_Tumor,0.6206896551724138,58,1118.5008897155521,1585.0271965330467
2,1613,0,Invasive_Tumor,0.31868131868131866,91,1000.9884293347595,1585.0271965330467
2,1614,0,Invasive_Tumor,0.618421052631579,76,1353.5258104771374,1499.5469295183198
2,1615,0,Invasive_Tumor,0.7777777777777778,45,1236.0133500963448,1499.5469295183198
2,1616,0,Invasive_Tumor,0.3559322033898305,59,1353.5258104771374,1414.0666625035926
2,1617,0,Invasive_Tumor,0.6935483870967742,62,1236.0133500963448,1414.0666625035926
2,1618,0,Invasive_Tumor,0.8356164383561644,73,1118.5008897155521,1499.5469295183198
2,1619,0,Invasive_Tumor,0.717948717948718,78,1000.9884293347595,1499.5469295183198
2,1620,0,Invasive_Tumor,0.6724137931034483,58,1118.5008897155521,1414.0666625035926
2,1621,0,Invasive_Tumor,0.6521739130434783,69,1000.9884293347595,1414.0666625035926
2,1622,0,Invasive_Tumor,0.6666666666666666,54,883.475968953967,2012.4285316066819
2,1623,0,Invasive_Tumor,0.7575757575757576,66,765.9635085731744,2012.4285316066819
2,1624,0,Invasive_Tumor,0.7049180327868853,61,883.475968953967,1926.9482645919547
2,1625,0,Invasive_Tumor,0.8870967741935484,62,765.9635085731744,1926.9482645919547
2,1626,0,Invasive_Tumor,0.6557377049180327,61,648.4510481923818,2012.4285316066819
2,1627,0,Invasive_Tumor,0.7878787878787878,66,530.9385878115892,2012.4285316066819
2,1628,0,Invasive_Tumor,0.8245614035087719,57,648.4510481923818,1926.9482645919547
2,1629,0,Invasive_Tumor,0.696969696969697,66,530.9385878115892,1926.9482645919547
2,1630,0,Invasive_Tumor,0.7547169811320755,53,883.475968953967,1841.4679975772278
2,1632,0,Invasive_Tumor,0.7391304347826086,69,883.475968953967,1755.9877305625007
2,1633,0,Invasive_Tumor,0.78125,64,765.9635085731744,1755.9877305625007
2,1634,0,Invasive_Tumor,0.6493506493506493,77,648.4510481923818,1841.4679975772278
2,1635,0,Invasive_Tumor,0.3492063492063492,63,530.9385878115892,1841.4679975772278
2,1636,0,Invasive_Tumor,0.3333333333333333,54,648.4510481923818,1755.9877305625007
2,1637,2,Macrophages_1,0.26666666666666666,60,530.9385878115892,1755.9877305625007
2,1638,0,CD4+_T_Cells,0.2543859649122807,114,413.4261274307966,2012.4285316066819
2,1639,0,CD4+_T_Cells,0.25,52,295.913667050004,2012.4285316066819
2,1641,0,CD4+_T_Cells,0.34513274336283184,113,295.913667050004,1926.9482645919547
2,1642,0,Invasive_Tumor,0.3181818181818182,66,178.40120666921138,2012.4285316066819
2,1643,1,Myoepi_ACTA2+,0.2222222222222222,81,60.888746288418766,2012.4285316066819
2,1644,0,CD4+_T_Cells,0.32978723404255317,94,178.40120666921138,1926.9482645919547
2,1645,1,Stromal,0.2028985507246377,69,60.888746288418766,1926.9482645919547
2,1647,0,CD4+_T_Cells,0.32075471698113206,106,295.913667050004,1841.4679975772278
2,1648,0,Endothelial,0.2459016393442623,61,413.4261274307966,1755.9877305625007
2,1649,0,Macrophages_1,0.2916666666666667,96,295.913667050004,1755.9877305625007
2,1650,1,Myoepi_ACTA2+,0.19672131147540983,61,178.40120666921138,1841.4679975772278
2,1651,3,DCIS_2,0.7321428571428571,56,60.888746288418766,1841.4679975772278
2,1652,1,DCIS_2,0.3508771929824561,57,178.40120666921138,1755.9877305625007
2,1653,3,DCIS_2,0.9,60,60.888746288418766,1755.9877305625007
2,1654,0,Stromal,0.30120481927710846,166,824.7197387635707,1627.7673300404103
2,1655,0,Invasive_Tumor,0.3768844221105528,199,589.6948180019855,1627.7673300404103
2,1656,0,Invasive_Tumor,0.2,75,883.475968953967,1499.5469295183198
2,1657,2,CD4+_T_Cells,0.3088235294117647,68,765.9635085731744,1499.5469295183198
2,1658,0,CD4+_T_Cells,0.36893203883495146,103,883.475968953967,1414.0666625035926
2,1659,2,CD4+_T_Cells,0.410958904109589,73,765.9635085731744,1414.0666625035926
2,1660,0,Invasive_Tumor,0.4246575342465753,73,648.4510481923818,1499.5469295183198
2,1661,0,Invasive_Tumor,0.7126436781609196,87,530.9385878115892,1499.5469295183198
2,1662,0,Invasive_Tumor,0.4444444444444444,63,648.4510481923818,1414.0666625035926
2,1664,0,Invasive_Tumor,0.6268656716417911,67,413.4261274307966,1670.5074635477738
2,1665,1,Stromal,0.24390243902439024,82,295.913667050004,1670.5074635477738
2,1666,0,Invasive_Tumor,0.7466666666666667,75,413.4261274307966,1585.0271965330467
2,1667,1,Stromal,0.30158730158730157,63,295.913667050004,1585.0271965330467
2,1668,1,Myoepi_ACTA2+,0.34782608695652173,69,178.40120666921138,1670.5074635477738
2,1670,1,Myoepi_ACTA2+,0.4050632911392405,79,178.40120666921138,1585.0271965330467
2,1671,1,Myoepi_ACTA2+,0.5529411764705883,85,60.888746288418766,1585.0271965330467
2,1672,0,Invasive_Tumor,0.3333333333333333,60,413.4261274307966,1499.5469295183198
2,1673,1,Stromal,0.2641509433962264,53,295.913667050004,1499.5469295183198
2,1674,0,Invasive_Tumor,0.49230769230769234,65,413.4261274307966,1414.0666625035926
2,1675,0,Stromal,0.29545454545454547,44,295.913667050004,1414.0666625035926
2,1676,1,DCIS_2,0.47540983606557374,61,178.40120666921138,1499.5469295183198
2,1677,1,Myoepi_ACTA2+,0.39436619718309857,71,60.888746288418766,1499.5469295183198
2,1678,1,Myoepi_ACTA2+,0.5849056603773585,53,178.40120666921138,1414.0666625035926
2,1679,1,Myoepi_ACTA2+,0.34,50,60.888746288418766,1414.0666625035926
2,1680,0,Invasive_Tumor,0.7878787878787878,66,3703.7750180929897,1328.5863954888657
2,1681,0,Invasive_Tumor,0.65,80,3586.262557712197,1328.5863954888657
2,1682,0,Invasive_Tumor,0.6323529411764706,68,3703.7750180929897,1243.1061284741386
2,1683,0,Invasive_Tumor,0.8266666666666667,75,3586.262557712197,1243.1061284741386
2,1685,0,Invasive_Tumor,0.759493670886076,79,3351.237636950612,1328.5863954888657
2,1686,0,Invasive_Tumor,0.8805970149253731,67,3468.7500973314045,1243.1061284741386
2,1687,0,Invasive_Tumor,0.7402597402597403,77,3351.237636950612,1243.1061284741386
2,1688,0,Invasive_Tumor,0.76,50,3703.7750180929897,1157.6258614594117
2,1689,0,Invasive_Tumor,0.7976190476190477,84,3586.262557712197,1157.6258614594117
2,1690,2,Invasive_Tumor,0.2962962962962963,27,3703.7750180929897,1072.1455944446845
2,1692,0,Invasive_Tumor,0.8360655737704918,61,3468.7500973314045,1157.6258614594117
2,1693,0,Invasive_Tumor,0.5616438356164384,73,3351.237636950612,1157.6258614594117
2,1694,0,Invasive_Tumor,0.578125,64,3468.7500973314045,1072.1455944446845
2,1695,0,Invasive_Tumor,0.44,50,3351.237636950612,1072.1455944446845
2,1696,0,Invasive_Tumor,0.8412698412698413,63,3233.7251765698193,1328.5863954888657
2,1698,0,Invasive_Tumor,0.6825396825396826,63,3233.7251765698193,1243.1061284741386
2,1699,0,Invasive_Tumor,0.7971014492753623,69,3116.2127161890267,1243.1061284741386
2,1700,0,Invasive_Tumor,0.576271186440678,59,2998.700255808234,1328.5863954888657
2,1701,0,Invasive_Tumor,0.375,40,2881.1877954274414,1328.5863954888657
2,1702,0,Invasive_Tumor,0.8769230769230769,65,2998.700255808234,1243.1061284741386
2,1703,0,Invasive_Tumor,0.7837837837837838,74,2881.1877954274414,1243.1061284741386
2,1704,0,Invasive_Tumor,0.8840579710144928,69,3233.7251765698193,1157.6258614594117
2,1705,0,Invasive_Tumor,0.927710843373494,83,3116.2127161890267,1157.6258614594117
2,1706,0,Invasive_Tumor,0.84,75,3233.7251765698193,1072.1455944446845
2,1707,0,Invasive_Tumor,0.8734177215189873,79,3116.2127161890267,1072.1455944446845
2,1708,0,Invasive_Tumor,0.8421052631578947,57,2998.700255808234,1157.6258614594117
2,1709,0,Invasive_Tumor,0.9137931034482759,58,2881.1877954274414,1157.6258614594117
2,1711,0,Invasive_Tumor,0.8205128205128205,78,2881.1877954274414,1072.1455944446845
2,1712,0,Invasive_Tumor,0.569620253164557,158,3645.0187879025934,943.9251939225942
2,1713,0,Invasive_Tumor,0.66,150,3409.993867141008,943.9251939225942
2,1714,2,Stromal,0.39215686274509803,51,3645.0187879025934,772.9646598931402
2,1715,2,Stromal,0.5333333333333333,60,3409.993867141008,772.9646598931402
2,1716,0,Invasive_Tumor,0.639344262295082,61,3233.7251765698193,986.6653274299576
2,1717,0,Invasive_Tumor,0.8607594936708861,79,3116.2127161890267,986.6653274299576
2,1718,0,Invasive_Tumor,0.7346938775510204,49,3233.7251765698193,901.1850604152307
2,1721,0,Invasive_Tumor,0.6808510638297872,47,2881.1877954274414,986.6653274299576
2,1722,0,Invasive_Tumor,0.7115384615384616,52,2998.700255808234,901.1850604152307
2,1723,0,Invasive_Tumor,0.375,48,2881.1877954274414,901.1850604152307
2,1724,0,Stromal,0.5079365079365079,63,3174.968946379423,772.9646598931402
2,1725,0,Invasive_Tumor,0.5294117647058824,51,2998.700255808234,815.7047934005036
2,1727,0,Invasive_Tumor,0.8421052631578947,38,2998.700255808234,730.2245263857767
2,1728,0,Invasive_Tumor,0.8805970149253731,67,2881.1877954274414,730.2245263857767
2,1729,0,Invasive_Tumor,0.7936507936507936,63,2763.675335046649,1328.5863954888657
2,1731,0,Invasive_Tumor,0.8260869565217391,69,2763.675335046649,1243.1061284741386
2,1732,0,Invasive_Tumor,0.8125,48,2646.162874665856,1243.1061284741386
2,1733,0,Invasive_Tumor,0.7936507936507936,63,2528.6504142850636,1328.5863954888657
2,1734,0,Invasive_Tumor,0.5882352941176471,51,2411.137953904271,1328.5863954888657
2,1735,0,Invasive_Tumor,0.8095238095238095,63,2528.6504142850636,1243.1061284741386
2,1736,0,Invasive_Tumor,0.6,60,2411.137953904271,1243.1061284741386
2,1737,0,Invasive_Tumor,0.8529411764705882,68,2763.675335046649,1157.6258614594117
2,1739,0,Invasive_Tumor,0.8166666666666667,60,2763.675335046649,1072.1455944446845
2,1740,0,Invasive_Tumor,0.8611111111111112,72,2646.162874665856,1072.1455944446845
2,1741,0,Invasive_Tumor,0.5,46,2528.6504142850636,1157.6258614594117
2,1742,0,Invasive_Tumor,0.6825396825396826,63,2411.137953904271,1157.6258614594117
2,1743,0,Invasive_Tumor,0.6666666666666666,54,2528.6504142850636,1072.1455944446845
2,1744,0,Invasive_Tumor,0.8448275862068966,58,2411.137953904271,1072.1455944446845
2,1745,0,Invasive_Tumor,0.7833333333333333,60,2293.6254935234783,1328.5863954888657
2,1746,0,Invasive_Tumor,0.7755102040816326,49,2176.1130331426857,1328.5863954888657
2,1749,0,Invasive_Tumor,0.7058823529411765,68,2058.600572761893,1328.5863954888657
2,1750,0,Invasive_Tumor,0.9104477611940298,67,1941.0881123811005,1328.5863954888657
2,1751,0,Invasive_Tumor,0.6140350877192983,57,2058.600572761893,1243.1061284741386
2,1752,0,Invasive_Tumor,0.75,64,1941.0881123811005,1243.1061284741386
2,1753,0,Invasive_Tumor,0.65625,64,2293.6254935234783,1157.6258614594117
2,1754,0,Invasive_Tumor,0.7884615384615384,52,2176.1130331426857,1157.6258614594117
2,1755,0,Invasive_Tumor,0.576271186440678,59,2293.6254935234783,1072.1455944446845
2,1756,0,Invasive_Tumor,0.8421052631578947,57,2176.1130331426857,1072.1455944446845
2,1757,0,Invasive_Tumor,0.8596491228070176,57,2058.600572761893,1157.6258614594117
2,1758,0,Invasive_Tumor,0.6268656716417911,67,1941.0881123811005,1157.6258614594117
2,1759,0,Invasive_Tumor,0.803921568627451,51,2058.600572761893,1072.1455944446845
2,1760,0,Invasive_Tumor,0.5714285714285714,56,1941.0881123811005,1072.1455944446845
2,1761,0,Invasive_Tumor,0.8387096774193549,62,2763.675335046649,986.6653274299576
2,1762,0,Invasive_Tumor,0.5576923076923077,52,2646.162874665856,986.6653274299576
2,1763,0,Invasive_Tumor,0.7903225806451613,62,2763.675335046649,901.1850604152307
2,1764,0,Invasive_Tumor,0.7,50,2646.162874665856,901.1850604152307
2,1765,0,Invasive_Tumor,0.8653846153846154,52,2528.6504142850636,986.6653274299576
2,1766,0,Invasive_Tumor,0.88,75,2411.137953904271,986.6653274299576
2,1767,0,Invasive_Tumor,0.7272727272727273,55,2528.6504142850636,901.1850604152307
2,1768,0,Invasive_Tumor,0.7166666666666667,60,2411.137953904271,901.1850604152307
2,1769,0,Invasive_Tumor,0.6666666666666666,48,2763.675335046649,815.7047934005036
2,1770,0,Invasive_Tumor,0.8518518518518519,54,2646.162874665856,815.7047934005036
2,1771,0,Invasive_Tumor,0.38,50,2763.675335046649,730.2245263857767
2,1772,0,Invasive_Tumor,0.5238095238095238,63,2646.162874665856,730.2245263857767
2,1773,0,Invasive_Tumor,0.7931034482758621,58,2528.6504142850636,815.7047934005036
2,1774,0,Invasive_Tumor,0.6896551724137931,58,2411.137953904271,815.7047934005036
2,1775,0,Invasive_Tumor,0.7090909090909091,55,2528.6504142850636,730.2245263857767
2,1776,0,Invasive_Tumor,0.6888888888888889,45,2411.137953904271,730.2245263857767
2,1777,0,Invasive_Tumor,0.6964285714285714,56,2293.6254935234783,986.6653274299576
2,1778,0,Stromal,0.40540540540540543,37,2176.1130331426857,986.6653274299576
2,1779,0,Invasive_Tumor,0.7692307692307693,52,2293.6254935234783,901.1850604152307
2,1780,0,Invasive_Tumor,0.8169014084507042,71,2176.1130331426857,901.1850604152307
2,1782,0,Invasive_Tumor,0.5555555555555556,45,2293.6254935234783,815.7047934005036
2,1784,0,Invasive_Tumor,0.864406779661017,59,2293.6254935234783,730.2245263857767
2,1785,0,Invasive_Tumor,0.6842105263157895,57,2176.1130331426857,730.2245263857767
2,1787,0,Invasive_Tumor,0.7254901960784313,51,1941.0881123811005,815.7047934005036
2,1788,0,Invasive_Tumor,0.847457627118644,59,2058.600572761893,730.2245263857767
2,1790,0,Invasive_Tumor,0.7294117647058823,170,2939.9440256178377,602.0041258636862
2,1791,0,Invasive_Tumor,0.3979591836734694,98,2939.9440256178377,431.0435918342322
2,1793,0,Invasive_Tumor,0.8360655737704918,61,2528.6504142850636,644.7442593710498
2,1794,0,Invasive_Tumor,0.6190476190476191,42,2411.137953904271,644.7442593710498
2,1795,0,Invasive_Tumor,0.6811594202898551,69,2528.6504142850636,559.2639923563227
2,1797,0,Invasive_Tumor,0.7017543859649122,171,2704.9191048562525,431.0435918342322
2,1798,0,Invasive_Tumor,0.76,50,2528.6504142850636,473.7837253415957
2,1799,0,Invasive_Tumor,0.5535714285714286,56,2411.137953904271,473.7837253415957
2,1800,0,Invasive_Tumor,0.717391304347826,46,2528.6504142850636,388.30345832686874
2,1801,0,Invasive_Tumor,0.49019607843137253,51,2411.137953904271,388.30345832686874
2,1802,0,Invasive_Tumor,0.85,60,2293.6254935234783,644.7442593710498
2,1803,0,Invasive_Tumor,0.8769230769230769,65,2176.1130331426857,644.7442593710498
2,1804,0,Invasive_Tumor,0.8,65,2293.6254935234783,559.2639923563227
2,1805,0,Invasive_Tumor,0.5384615384615384,65,2176.1130331426857,559.2639923563227
2,1807,0,Invasive_Tumor,0.7868852459016393,61,1941.0881123811005,644.7442593710498
2,1808,0,Invasive_Tumor,0.8253968253968254,63,2058.600572761893,559.2639923563227
2,1809,0,Invasive_Tumor,0.7592592592592593,54,1941.0881123811005,559.2639923563227
2,1810,0,Invasive_Tumor,0.6271186440677966,59,2293.6254935234783,473.7837253415957
2,1811,0,Stromal,0.625,48,2176.1130331426857,473.7837253415957
2,1813,1,Myoepi_ACTA2+,0.3181818181818182,66,2176.1130331426857,388.30345832686874
2,1814,0,Invasive_Tumor,0.3402061855670103,194,1999.8443425714968,431.0435918342322
2,1815,0,Invasive_Tumor,0.7551020408163265,196,2704.9191048562525,260.0830578047782
2,1816,0,Invasive_Tumor,0.3373493975903614,166,2469.8941840946673,260.0830578047782
2,1817,1,DCIS_2,0.5,66,2293.6254935234783,302.8231913121417
2,1818,3,DCIS_2,0.8307692307692308,65,2176.1130331426857,302.8231913121417
2,1819,3,DCIS_2,0.46296296296296297,54,2293.6254935234783,217.3429242974147
2,1820,3,DCIS_2,0.29545454545454547,44,2176.1130331426857,217.3429242974147
2,1823,3,DCIS_2,0.6292134831460674,89,2058.600572761893,217.3429242974147
2,1824,1,Endothelial,0.16216216216216217,74,1941.0881123811005,217.3429242974147
2,1825,3,Invasive_Tumor,0.6891891891891891,74,2234.869263333082,89.12252377532423
2,1826,3,Invasive_Tumor,0.5579710144927537,138,1999.8443425714968,89.12252377532423
2,1827,0,Invasive_Tumor,0.6296296296296297,54,1823.5756520003079,1328.5863954888657
2,1828,0,Invasive_Tumor,0.8181818181818182,55,1706.0631916195152,1328.5863954888657
2,1829,0,Invasive_Tumor,0.8461538461538461,65,1823.5756520003079,1243.1061284741386
2,1831,0,Invasive_Tumor,0.543010752688172,186,1529.7945010483263,1285.8462619815023
2,1832,0,Invasive_Tumor,0.5454545454545454,66,1823.5756520003079,1157.6258614594117
2,1834,0,Invasive_Tumor,0.5,62,1823.5756520003079,1072.1455944446845
2,1835,0,Invasive_Tumor,0.52,50,1706.0631916195152,1072.1455944446845
2,1836,0,Invasive_Tumor,0.5,54,1588.5507312387226,1157.6258614594117
2,1838,0,Invasive_Tumor,0.6610169491525424,59,1588.5507312387226,1072.1455944446845
2,1839,0,Invasive_Tumor,0.7708333333333334,48,1471.03827085793,1072.1455944446845
2,1840,0,Invasive_Tumor,0.4126984126984127,63,1353.5258104771374,1328.5863954888657
2,1841,0,Invasive_Tumor,0.5471698113207547,53,1236.0133500963448,1328.5863954888657
2,1843,0,Invasive_Tumor,0.6031746031746031,63,1236.0133500963448,1243.1061284741386
2,1844,0,Stromal,0.25555555555555554,180,1059.7446595251558,1285.8462619815023
2,1845,0,Invasive_Tumor,0.6855670103092784,194,1294.769580286741,1114.885727952048
2,1846,0,Invasive_Tumor,0.32642487046632124,193,1059.7446595251558,1114.885727952048
2,1847,0,Invasive_Tumor,0.5082872928176796,181,1764.8194218099115,943.9251939225942
2,1848,0,Invasive_Tumor,0.5849056603773585,159,1529.7945010483263,943.9251939225942
2,1849,0,Invasive_Tumor,0.7741935483870968,62,1823.5756520003079,815.7047934005036
2,1850,0,Invasive_Tumor,0.7692307692307693,52,1706.0631916195152,815.7047934005036
2,1851,0,Invasive_Tumor,0.6481481481481481,54,1823.5756520003079,730.2245263857767
2,1852,0,Invasive_Tumor,0.8363636363636363,55,1706.0631916195152,730.2245263857767
2,1854,0,Invasive_Tumor,0.36065573770491804,183,1294.769580286741,943.9251939225942
2,1855,1,Stromal,0.28846153846153844,52,1118.5008897155521,986.6653274299576
2,1856,1,DCIS_2,0.2835820895522388,67,1000.9884293347595,986.6653274299576
2,1857,1,DCIS_2,0.48484848484848486,66,1118.5008897155521,901.1850604152307
2,1859,1,Invasive_Tumor,0.285,200,1294.769580286741,772.9646598931402
2,1860,3,Invasive_Tumor,0.4794520547945205,73,1118.5008897155521,815.7047934005036
2,1861,1,DCIS_2,0.4,70,1000.9884293347595,815.7047934005036
2,1862,3,Invasive_Tumor,0.581081081081081,74,1118.5008897155521,730.2245263857767
2,1863,3,DCIS_2,0.7283950617283951,81,1000.9884293347595,730.2245263857767
2,1864,2,B_Cells,0.20967741935483872,62,883.475968953967,1328.5863954888657
2,1865,1,Stromal,0.2465753424657534,73,765.9635085731744,1328.5863954888657
2,1866,1,Stromal,0.3090909090909091,55,883.475968953967,1243.1061284741386
2,1867,3,DCIS_2,0.8,70,765.9635085731744,1243.1061284741386
2,1868,2,CD4+_T_Cells,0.410958904109589,73,648.4510481923818,1328.5863954888657
2,1869,0,Invasive_Tumor,0.546875,64,530.9385878115892,1328.5863954888657
2,1870,1,DCIS_2,0.44,50,648.4510481923818,1243.1061284741386
2,1872,3,DCIS_2,0.6857142857142857,70,883.475968953967,1157.6258614594117
2,1873,3,DCIS_2,0.8987341772151899,79,765.9635085731744,1157.6258614594117
2,1874,3,Invasive_Tumor,0.532258064516129,62,883.475968953967,1072.1455944446845
2,1875,3,DCIS_2,0.8020833333333334,96,765.9635085731744,1072.1455944446845
2,1876,1,DCIS_2,0.6585365853658537,82,648.4510481923818,1157.6258614594117
2,1877,2,Endothelial,0.37777777777777777,45,530.9385878115892,1157.6258614594117
2,1878,3,DCIS_2,0.676923076923077,65,648.4510481923818,1072.1455944446845
2,1879,1,DCIS_2,0.32,50,530.9385878115892,1072.1455944446845
2,1880,0,Invasive_Tumor,0.8428571428571429,70,413.4261274307966,1328.5863954888657
2,1881,0,Invasive_Tumor,0.6440677966101694,59,295.913667050004,1328.5863954888657
2,1882,0,Invasive_Tumor,0.48148148148148145,54,413.4261274307966,1243.1061284741386
2,1883,0,Invasive_Tumor,0.2830188679245283,53,295.913667050004,1243.1061284741386
2,1885,1,Myoepi_ACTA2+,0.3333333333333333,75,60.888746288418766,1328.5863954888657
2,1886,1,Stromal,0.2714285714285714,70,178.40120666921138,1243.1061284741386
2,1887,3,DCIS_2,0.803921568627451,51,60.888746288418766,1243.1061284741386
2,1888,2,Stromal,0.28205128205128205,39,413.4261274307966,1157.6258614594117
2,1889,0,Invasive_Tumor,0.1875,64,295.913667050004,1157.6258614594117
2,1890,2,CD8+_T_Cells,0.2459016393442623,61,413.4261274307966,1072.1455944446845
2,1891,2,CD4+_T_Cells,0.23076923076923078,52,295.913667050004,1072.1455944446845
2,1892,1,CD4+_T_Cells,0.26136363636363635,88,178.40120666921138,1157.6258614594117
2,1893,1,Myoepi_ACTA2+,0.5769230769230769,52,60.888746288418766,1157.6258614594117
2,1894,2,Stromal,0.26136363636363635,88,178.40120666921138,1072.1455944446845
2,1895,1,CD4+_T_Cells,0.27884615384615385,104,60.888746288418766,1072.1455944446845
2,1896,3,Invasive_Tumor,0.5074626865671642,67,883.475968953967,986.6653274299576
2,1897,3,DCIS_2,0.6122448979591837,98,765.9635085731744,986.6653274299576
2,1898,1,DCIS_2,0.3614457831325301,83,883.475968953967,901.1850604152307
2,1899,3,DCIS_2,0.7647058823529411,85,765.9635085731744,901.1850604152307
2,1900,3,DCIS_2,0.6534653465346535,101,648.4510481923818,986.6653274299576
2,1903,3,DCIS_2,0.797979797979798,99,530.9385878115892,901.1850604152307
2,1904,1,DCIS_2,0.35135135135135137,74,883.475968953967,815.7047934005036
2,1905,1,DCIS_2,0.5238095238095238,63,765.9635085731744,815.7047934005036
2,1906,1,DCIS_2,0.746031746031746,63,883.475968953967,730.2245263857767
2,1907,1,DCIS_2,0.39473684210526316,76,765.9635085731744,730.2245263857767
2,1908,3,DCIS_2,0.8478260869565217,92,648.4510481923818,815.7047934005036
2,1909,1,DCIS_2,0.4659090909090909,88,530.9385878115892,815.7047934005036
2,1910,1,DCIS_2,0.42391304347826086,92,648.4510481923818,730.2245263857767
2,1911,1,DCIS_2,0.3409090909090909,88,530.9385878115892,730.2245263857767
2,1912,2,CD4+_T_Cells,0.2549019607843137,51,413.4261274307966,986.6653274299576
2,1913,0,Stromal,0.21666666666666667,60,295.913667050004,986.6653274299576
2,1914,2,Stromal,0.32,50,413.4261274307966,901.1850604152307
2,1915,0,Invasive_Tumor,0.4117647058823529,68,295.913667050004,901.1850604152307
2,1916,0,Stromal,0.3137254901960784,51,178.40120666921138,986.6653274299576
2,1917,2,CD4+_T_Cells,0.34,100,60.888746288418766,986.6653274299576
2,1918,0,Invasive_Tumor,0.2978723404255319,47,178.40120666921138,901.1850604152307
2,1919,0,Stromal,0.47058823529411764,51,60.888746288418766,901.1850604152307
2,1920,1,Stromal,0.18571428571428572,70,413.4261274307966,815.7047934005036
2,1921,0,Invasive_Tumor,0.24528301886792453,106,295.913667050004,815.7047934005036
2,1922,1,DCIS_2,0.44871794871794873,78,413.4261274307966,730.2245263857767
2,1923,0,CD8+_T_Cells,0.16161616161616163,99,295.913667050004,730.2245263857767
2,1924,0,Invasive_Tumor,0.6896551724137931,58,178.40120666921138,815.7047934005036
2,1927,0,Invasive_Tumor,0.7857142857142857,56,60.888746288418766,730.2245263857767
2,1928,0,Invasive_Tumor,0.8245614035087719,57,1823.5756520003079,644.7442593710498
2,1929,0,Invasive_Tumor,0.5614035087719298,57,1706.0631916195152,644.7442593710498
2,1930,0,Invasive_Tumor,0.7321428571428571,56,1823.5756520003079,559.2639923563227
2,1931,0,Invasive_Tumor,0.6785714285714286,56,1706.0631916195152,559.2639923563227
2,1932,0,Invasive_Tumor,0.3761467889908257,109,1529.7945010483263,602.0041258636862
2,1933,0,Invasive_Tumor,0.6666666666666666,54,1823.5756520003079,473.7837253415957
2,1934,0,Invasive_Tumor,0.38095238095238093,42,1706.0631916195152,473.7837253415957
2,1935,0,Invasive_Tumor,0.5362318840579711,69,1823.5756520003079,388.30345832686874
2,1937,0,Invasive_Tumor,0.3786407766990291,103,1529.7945010483263,431.0435918342322
2,1938,1,Stromal,0.25,48,1353.5258104771374,644.7442593710498
2,1939,3,DCIS_2,0.515625,64,1236.0133500963448,644.7442593710498
2,1940,1,DCIS_2,0.2835820895522388,67,1353.5258104771374,559.2639923563227
2,1941,3,Invasive_Tumor,0.5072463768115942,69,1236.0133500963448,559.2639923563227
2,1942,3,DCIS_2,0.7901234567901234,81,1118.5008897155521,644.7442593710498
2,1943,3,DCIS_2,0.6206896551724138,58,1000.9884293347595,644.7442593710498
2,1944,3,DCIS_2,0.5555555555555556,63,1118.5008897155521,559.2639923563227
2,1945,3,Invasive_Tumor,0.29545454545454547,44,1000.9884293347595,559.2639923563227
2,1946,1,DCIS_2,0.3,40,1353.5258104771374,473.7837253415957
2,1947,1,Myoepi_ACTA2+,0.2692307692307692,78,1236.0133500963448,473.7837253415957
2,1948,2,Stromal,0.42857142857142855,35,1353.5258104771374,388.30345832686874
2,1949,1,Myoepi_ACTA2+,0.17567567567567569,74,1236.0133500963448,388.30345832686874
2,1950,1,Macrophages_1,0.3382352941176471,68,1118.5008897155521,473.7837253415957
2,1952,3,DCIS_2,0.5285714285714286,70,1118.5008897155521,388.30345832686874
2,1953,3,Invasive_Tumor,0.39473684210526316,38,1000.9884293347595,388.30345832686874
2,1954,0,Invasive_Tumor,0.48,50,1823.5756520003079,302.8231913121417
2,1955,0,Invasive_Tumor,0.56,50,1706.0631916195152,302.8231913121417
2,1956,2,Macrophages_1,0.27450980392156865,51,1823.5756520003079,217.3429242974147
2,1958,0,Invasive_Tumor,0.36,50,1588.5507312387226,302.8231913121417
2,1959,0,Invasive_Tumor,0.7777777777777778,81,1471.03827085793,302.8231913121417
2,1960,0,Invasive_Tumor,0.8307692307692308,65,1588.5507312387226,217.3429242974147
2,1961,0,Invasive_Tumor,0.7916666666666666,48,1471.03827085793,217.3429242974147
2,1962,3,Invasive_Tumor,0.7638190954773869,199,1764.8194218099115,89.12252377532423
2,1965,3,Invasive_Tumor,0.6206896551724138,29,1588.5507312387226,46.38239026796073
2,1966,3,Invasive_Tumor,0.76,50,1471.03827085793,46.38239026796073
2,1967,0,B_Cells,0.25,56,1353.5258104771374,302.8231913121417
2,1968,2,Stromal,0.325,40,1236.0133500963448,302.8231913121417
2,1969,0,Invasive_Tumor,0.6190476190476191,63,1353.5258104771374,217.3429242974147
2,1971,1,DCIS_2,0.5465116279069767,86,1118.5008897155521,302.8231913121417
2,1972,3,DCIS_2,0.5476190476190477,84,1000.9884293347595,302.8231913121417
2,1973,1,DCIS_2,0.3333333333333333,51,1118.5008897155521,217.3429242974147
2,1974,1,DCIS_2,0.5876288659793815,97,1000.9884293347595,217.3429242974147
2,1975,0,Invasive_Tumor,0.7945205479452054,73,1353.5258104771374,131.86265728268774
2,1976,0,Invasive_Tumor,0.759493670886076,79,1236.0133500963448,131.86265728268774
2,1977,3,Invasive_Tumor,0.8472222222222222,72,1353.5258104771374,46.38239026796073
2,1978,0,Invasive_Tumor,0.7571428571428571,70,1236.0133500963448,46.38239026796073
2,1980,1,Myoepi_ACTA2+,0.3132530120481928,83,1000.9884293347595,131.86265728268774
2,1981,0,Invasive_Tumor,0.6727272727272727,55,1118.5008897155521,46.38239026796073
2,1982,2,Stromal,0.5111111111111111,45,1000.9884293347595,46.38239026796073
2,1983,3,DCIS_2,0.8588235294117647,85,883.475968953967,644.7442593710498
2,1986,3,DCIS_2,0.7450980392156863,102,765.9635085731744,559.2639923563227
2,1987,3,DCIS_2,0.5205479452054794,73,648.4510481923818,644.7442593710498
2,1988,1,DCIS_2,0.3695652173913043,92,530.9385878115892,644.7442593710498
2,1990,1,DCIS_2,0.22666666666666666,75,530.9385878115892,559.2639923563227
2,1991,2,Invasive_Tumor,0.47560975609756095,82,883.475968953967,473.7837253415957
2,1992,3,DCIS_2,0.7752808988764045,89,765.9635085731744,473.7837253415957
2,1993,2,DCIS_2,0.4222222222222222,90,883.475968953967,388.30345832686874
2,1994,3,DCIS_2,0.7192982456140351,114,765.9635085731744,388.30345832686874
2,1995,3,DCIS_2,0.550561797752809,89,648.4510481923818,473.7837253415957
2,1996,1,Invasive_Tumor,0.4588235294117647,85,530.9385878115892,473.7837253415957
2,1997,3,DCIS_2,0.5957446808510638,94,648.4510481923818,388.30345832686874
2,1998,3,Invasive_Tumor,0.5529411764705883,85,530.9385878115892,388.30345832686874
2,1999,1,Invasive_Tumor,0.3287671232876712,73,413.4261274307966,644.7442593710498
2,2000,0,Stromal,0.28169014084507044,71,295.913667050004,644.7442593710498
2,2001,1,DCIS_2,0.3424657534246575,73,413.4261274307966,559.2639923563227
2,2002,0,Invasive_Tumor,0.6721311475409836,61,295.913667050004,559.2639923563227
2,2004,0,Invasive_Tumor,0.5737704918032787,61,60.888746288418766,644.7442593710498
2,2005,0,Invasive_Tumor,0.7540983606557377,61,178.40120666921138,559.2639923563227
2,2006,0,Invasive_Tumor,0.6153846153846154,65,60.888746288418766,559.2639923563227
2,2008,0,Invasive_Tumor,0.6451612903225806,62,295.913667050004,473.7837253415957
2,2009,1,DCIS_2,0.3384615384615385,65,413.4261274307966,388.30345832686874
2,2010,0,Invasive_Tumor,0.68,75,295.913667050004,388.30345832686874
2,2011,0,Invasive_Tumor,0.7590361445783133,83,178.40120666921138,473.7837253415957
2,2012,0,Invasive_Tumor,0.7164179104477612,67,60.888746288418766,473.7837253415957
2,2013,0,Invasive_Tumor,0.8,95,178.40120666921138,388.30345832686874
2,2014,3,Invasive_Tumor,0.7777777777777778,108,60.888746288418766,388.30345832686874
2,2015,3,DCIS_2,0.7764705882352941,85,883.475968953967,302.8231913121417
2,2016,3,DCIS_2,0.77,100,765.9635085731744,302.8231913121417
2,2017,1,DCIS_2,0.41935483870967744,93,883.475968953967,217.3429242974147
2,2018,3,DCIS_2,0.7391304347826086,92,765.9635085731744,217.3429242974147
2,2020,1,DCIS_2,0.3253012048192771,83,530.9385878115892,302.8231913121417
2,2021,1,DCIS_2,0.33663366336633666,101,648.4510481923818,217.3429242974147
2,2023,3,Invasive_Tumor,0.5360824742268041,97,883.475968953967,131.86265728268774
2,2024,3,DCIS_2,0.61,100,765.9635085731744,131.86265728268774
2,2025,1,DCIS_2,0.34375,64,883.475968953967,46.38239026796073
2,2026,3,DCIS_2,0.6021505376344086,93,765.9635085731744,46.38239026796073
2,2027,3,DCIS_2,0.5494505494505495,91,648.4510481923818,131.86265728268774
2,2029,1,DCIS_2,0.3188405797101449,69,648.4510481923818,46.38239026796073
2,2030,2,Stromal,0.6086956521739131,23,530.9385878115892,46.38239026796073
2,2031,0,Invasive_Tumor,0.4375,48,413.4261274307966,302.8231913121417
2,2032,0,Invasive_Tumor,0.8095238095238095,84,295.913667050004,302.8231913121417
2,2033,0,Invasive_Tumor,0.5873015873015873,63,413.4261274307966,217.3429242974147
2,2034,0,Invasive_Tumor,0.7070707070707071,99,295.913667050004,217.3429242974147
2,2035,0,Invasive_Tumor,0.6976744186046512,86,178.40120666921138,302.8231913121417
2,2036,0,Invasive_Tumor,0.7111111111111111,90,60.888746288418766,302.8231913121417
2,2037,0,Invasive_Tumor,0.6060606060606061,99,178.40120666921138,217.3429242974147
2,2038,0,Invasive_Tumor,0.6781609195402298,87,60.888746288418766,217.3429242974147
2,2041,0,Macrophages_1,0.225,40,413.4261274307966,46.38239026796073
2,2043,0,Invasive_Tumor,0.6186440677966102,118,119.64497647881507,89.12252377532423
3,0,2,DCIS_1,0.32456140350877194,114,7405.417520087957,5388.899078688399
3,1,2,DCIS_1,0.4,50,7229.148829516768,5431.6392121957615
3,2,3,DCIS_1,0.5128205128205128,78,7111.636369135976,5431.6392121957615
3,4,3,DCIS_1,0.6282051282051282,78,7111.636369135976,5346.158945181035
3,5,2,DCIS_1,0.4945054945054945,91,7464.1737502783535,5260.678678166308
3,6,1,Stromal,0.3888888888888889,36,7346.661289897561,5260.678678166308
3,7,3,DCIS_1,0.8235294117647058,51,7464.1737502783535,5175.19841115158
3,8,2,DCIS_1,0.5882352941176471,68,7346.661289897561,5175.19841115158
3,9,0,Stromal,0.3617021276595745,47,7229.148829516768,5260.678678166308
3,10,3,DCIS_1,0.6666666666666666,72,7111.636369135976,5260.678678166308
3,11,2,DCIS_1,0.43548387096774194,62,7229.148829516768,5175.19841115158
3,12,2,DCIS_1,0.2328767123287671,73,7111.636369135976,5175.19841115158
3,13,2,Stromal,0.3048780487804878,164,6935.367678564787,5388.899078688399
3,14,1,Stromal,0.5357142857142857,28,6700.3427578032015,5388.899078688399
3,15,2,DCIS_1,0.38095238095238093,147,6935.367678564787,5217.938544658944
3,17,3,DCIS_1,0.8596491228070176,57,7464.1737502783535,5089.718144136853
3,18,3,DCIS_1,0.896551724137931,58,7346.661289897561,5089.718144136853
3,19,2,Stromal,0.3684210526315789,57,7464.1737502783535,5004.2378771221265
3,20,2,DCIS_1,0.6666666666666666,51,7346.661289897561,5004.2378771221265
3,21,3,DCIS_1,0.8666666666666667,45,7229.148829516768,5089.718144136853
3,22,2,DCIS_1,0.34545454545454546,55,7111.636369135976,5089.718144136853
3,23,2,DCIS_1,0.72,50,7229.148829516768,5004.2378771221265
3,24,2,Stromal,0.5384615384615384,52,7111.636369135976,5004.2378771221265
3,25,1,Stromal,0.6666666666666666,81,7405.417520087957,4876.017476600036
3,26,1,Stromal,0.34177215189873417,79,7229.148829516768,4918.757610107399
3,29,1,Stromal,0.85,20,7111.636369135976,4833.277343092673
3,30,1,Stromal,0.7346938775510204,49,6935.367678564787,5046.978010629489
3,32,1,Stromal,0.7608695652173914,46,6935.367678564787,4876.017476600036
3,33,1,Stromal,0.4482758620689655,29,6759.098987993598,4918.757610107399
3,34,1,Stromal,0.5471698113207547,53,6641.586527612805,4918.757610107399
3,35,2,Stromal,0.37681159420289856,69,6759.098987993598,4833.277343092673
3,36,2,DCIS_1,0.746268656716418,67,6641.586527612805,4833.277343092673
3,37,1,Stromal,0.6159420289855072,138,5877.755535137653,5303.418811673671
3,38,1,Stromal,0.8333333333333334,30,6465.317837041616,5046.978010629489
3,39,1,Stromal,0.7142857142857143,28,6230.292916280031,5046.978010629489
3,40,2,Stromal,0.3770491803278688,183,6465.317837041616,4876.017476600036
3,41,1,Stromal,0.6666666666666666,72,6230.292916280031,4876.017476600036
3,42,1,Stromal,0.7052023121387283,173,5877.755535137653,4961.497743614763
3,43,1,Stromal,0.6461538461538462,65,7405.417520087957,4705.056942570582
3,44,1,Stromal,0.639344262295082,61,7170.392599326372,4705.056942570582
3,45,1,Stromal,0.8285714285714286,35,7405.417520087957,4534.096408541129
3,46,1,Stromal,0.48360655737704916,122,7170.392599326372,4534.096408541129
3,47,1,Stromal,0.6863905325443787,169,6935.367678564787,4705.056942570582
3,48,2,DCIS_1,0.4827586206896552,58,6759.098987993598,4747.797076077945
3,49,3,DCIS_1,0.8870967741935484,62,6641.586527612805,4747.797076077945
3,50,2,DCIS_1,0.5753424657534246,73,6759.098987993598,4662.316809063219
3,51,3,DCIS_1,0.7058823529411765,68,6641.586527612805,4662.316809063219
3,52,1,Stromal,0.5714285714285714,56,6994.123908755183,4576.8365420484915
3,53,2,Stromal,0.49122807017543857,57,6876.61144837439,4576.8365420484915
3,54,1,Stromal,0.49122807017543857,57,6994.123908755183,4491.356275033765
3,55,2,DCIS_1,0.37681159420289856,69,6876.61144837439,4491.356275033765
3,56,3,DCIS_1,0.6440677966101694,59,6759.098987993598,4576.8365420484915
3,57,3,DCIS_1,0.75,80,6641.586527612805,4576.8365420484915
3,60,1,Stromal,0.9396551724137931,116,7287.905059707165,4277.655607496947
3,62,2,Myoepi_KRT15+,0.37681159420289856,69,6876.61144837439,4405.876008019038
3,63,1,Stromal,0.7222222222222222,54,6994.123908755183,4320.39574100431
3,64,3,DCIS_1,0.8235294117647058,85,6876.61144837439,4320.39574100431
3,66,1,Stromal,0.8529411764705882,34,6994.123908755183,4234.915473989583
3,67,2,DCIS_1,0.4722222222222222,72,6876.61144837439,4234.915473989583
3,68,1,Stromal,0.5333333333333333,45,6994.123908755183,4149.435206974857
3,71,3,DCIS_1,0.4666666666666667,15,6641.586527612805,4234.915473989583
3,72,2,DCIS_1,0.44285714285714284,70,6759.098987993598,4149.435206974857
3,73,3,DCIS_1,0.8367346938775511,49,6641.586527612805,4149.435206974857
3,74,3,DCIS_1,0.6833333333333333,60,6524.074067232013,4747.797076077945
3,75,2,DCIS_1,0.49295774647887325,71,6406.56160685122,4747.797076077945
3,76,3,DCIS_1,0.5897435897435898,78,6524.074067232013,4662.316809063219
3,77,3,DCIS_1,0.627906976744186,43,6406.56160685122,4662.316809063219
3,78,2,Stromal,0.3333333333333333,174,6230.292916280031,4705.056942570582
3,79,3,DCIS_1,0.45925925925925926,135,6465.317837041616,4534.096408541129
3,80,3,DCIS_1,0.546875,64,6289.049146470427,4576.8365420484915
3,82,3,DCIS_1,0.7945205479452054,73,6289.049146470427,4491.356275033765
3,84,1,Stromal,0.3983739837398374,123,5995.267995518446,4705.056942570582
3,86,1,Stromal,0.7142857142857143,35,6054.024225708842,4576.8365420484915
3,87,0,Stromal,0.3076923076923077,78,5936.5117653280495,4576.8365420484915
3,88,1,B_Cells,0.2558139534883721,86,6054.024225708842,4491.356275033765
3,89,1,CD4+_T_Cells,0.41830065359477125,153,5936.5117653280495,4491.356275033765
3,90,1,CD4+_T_Cells,0.375,80,5818.999304947257,4576.8365420484915
3,91,1,Stromal,0.7777777777777778,27,5701.486844566464,4576.8365420484915
3,92,1,CD4+_T_Cells,0.5294117647058824,136,5818.999304947257,4491.356275033765
3,93,1,CD4+_T_Cells,0.35714285714285715,98,5701.486844566464,4491.356275033765
3,94,3,DCIS_1,0.9295774647887324,71,6289.049146470427,4405.876008019038
3,95,2,DCIS_1,0.5081967213114754,61,6171.536686089635,4405.876008019038
3,96,3,DCIS_1,0.7638888888888888,72,6289.049146470427,4320.39574100431
3,97,2,DCIS_1,0.515625,64,6171.536686089635,4320.39574100431
3,98,3,Macrophages_1,0.4457831325301205,83,6465.317837041616,4192.175340482219
3,99,3,DCIS_1,0.6666666666666666,39,6289.049146470427,4234.915473989583
3,100,2,DCIS_1,0.7272727272727273,77,6171.536686089635,4234.915473989583
3,101,3,DCIS_1,0.6037735849056604,53,6289.049146470427,4149.435206974857
3,102,2,DCIS_1,0.6582278481012658,79,6171.536686089635,4149.435206974857
3,104,1,Stromal,0.2248062015503876,129,5936.5117653280495,4405.876008019038
3,105,1,Stromal,0.3118279569892473,93,6054.024225708842,4320.39574100431
3,106,1,Myoepi_KRT15+,0.5116279069767442,129,5936.5117653280495,4320.39574100431
3,107,1,CD4+_T_Cells,0.5182926829268293,164,5818.999304947257,4405.876008019038
3,108,1,CD4+_T_Cells,0.33587786259541985,131,5701.486844566464,4405.876008019038
3,109,1,Stromal,0.415929203539823,113,5818.999304947257,4320.39574100431
3,110,1,Stromal,0.5833333333333334,84,5701.486844566464,4320.39574100431
3,111,1,Stromal,0.5254237288135594,59,6054.024225708842,4234.915473989583
3,113,1,Stromal,0.6842105263157895,76,6054.024225708842,4149.435206974857
3,114,3,Myoepi_KRT15+,0.4,55,5936.5117653280495,4149.435206974857
3,115,3,Myoepi_KRT15+,0.494949494949495,99,5818.999304947257,4234.915473989583
3,116,1,Myoepi_ACTA2+,0.4344262295081967,122,5701.486844566464,4234.915473989583
3,117,3,Macrophages_1,0.9166666666666666,24,5818.999304947257,4149.435206974857
3,118,3,Macrophages_1,0.6,45,5701.486844566464,4149.435206974857
3,119,1,Endothelial,0.46875,32,4585.118470948934,5046.978010629489
3,120,2,Stromal,0.43157894736842106,95,4350.093550187349,5046.978010629489
3,121,1,Stromal,0.8387096774193549,31,4585.118470948934,4876.017476600036
3,122,2,DCIS_2,0.3829787234042553,188,4350.093550187349,4876.017476600036
3,123,2,DCIS_2,0.49032258064516127,155,4115.068629425764,5046.978010629489
3,124,1,Stromal,0.8666666666666667,30,3880.0437086641787,5046.978010629489
3,125,3,DCIS_2,0.875,56,4173.82485961616,4918.757610107399
3,126,1,Stromal,0.5428571428571428,35,4056.3123992353676,4918.757610107399
3,127,2,DCIS_2,0.7575757575757576,99,4173.82485961616,4833.277343092673
3,129,1,Stromal,0.8125,32,3880.0437086641787,4876.017476600036
3,130,1,Stromal,0.8244274809160306,131,5407.705693614483,4619.576675555855
3,131,1,Stromal,0.7280701754385965,114,4937.655852091312,4619.576675555855
3,132,1,Stromal,0.532258064516129,124,5525.218153995275,4363.135874511674
3,133,1,Stromal,0.6571428571428571,70,5583.974384185672,4234.915473989583
3,134,1,Stromal,0.85,20,5466.461923804879,4234.915473989583
3,135,1,Stromal,0.4878048780487805,82,5583.974384185672,4149.435206974857
3,136,1,Stromal,0.7346938775510204,49,5466.461923804879,4149.435206974857
3,137,1,Stromal,0.84375,64,5290.19323323369,4192.175340482219
3,138,1,Stromal,0.8606060606060606,165,4937.655852091312,4277.655607496947
3,139,1,Stromal,0.7424242424242424,198,4467.606010568142,4619.576675555855
3,141,1,Stromal,0.8333333333333334,42,4585.118470948934,4363.135874511674
3,142,1,Stromal,0.8541666666666666,48,4350.093550187349,4363.135874511674
3,143,1,Stromal,0.5555555555555556,117,4585.118470948934,4192.175340482219
3,144,2,Stromal,0.5827814569536424,151,4350.093550187349,4192.175340482219
3,145,1,Stromal,0.7435897435897436,78,4115.068629425764,4363.135874511674
3,148,1,Stromal,0.8490566037735849,106,3880.0437086641787,4192.175340482219
3,149,1,Stromal,0.5980392156862745,102,7170.392599326372,4021.214806452766
3,150,2,Stromal,0.6017699115044248,113,7405.417520087957,3850.2542724233117
3,151,1,Stromal,0.8255813953488372,86,7170.392599326372,3850.2542724233117
3,152,1,Stromal,0.7518248175182481,137,6935.367678564787,4021.214806452766
3,153,2,DCIS_1,0.3611111111111111,72,6759.098987993598,4063.954939960129
3,155,1,Stromal,0.5217391304347826,69,6759.098987993598,3978.4746729454027
3,156,2,Stromal,0.35294117647058826,68,6641.586527612805,3978.4746729454027
3,157,1,Stromal,0.6178343949044586,157,6935.367678564787,3850.2542724233117
3,158,2,Stromal,0.5588235294117647,68,6759.098987993598,3892.9944059306754
3,159,2,DCIS_1,0.39705882352941174,68,6641.586527612805,3892.9944059306754
3,160,2,DCIS_1,0.25,96,6759.098987993598,3807.514138915948
3,161,3,DCIS_1,0.7611940298507462,67,6641.586527612805,3807.514138915948
3,162,3,DCIS_1,0.7466666666666667,75,7464.1737502783535,3722.0338719012216
3,163,2,Stromal,0.5405405405405406,37,7346.661289897561,3722.0338719012216
3,164,3,DCIS_1,0.8450704225352113,71,7464.1737502783535,3636.553604886494
3,165,2,DCIS_1,0.8461538461538461,78,7346.661289897561,3636.553604886494
3,167,3,DCIS_1,0.8909090909090909,55,7464.1737502783535,3551.073337871767
3,169,3,DCIS_1,0.8493150684931506,73,7464.1737502783535,3465.5930708570404
3,171,3,DCIS_1,0.8977272727272727,88,7229.148829516768,3551.073337871767
3,172,3,DCIS_1,0.7837837837837838,74,7111.636369135976,3551.073337871767
3,173,3,DCIS_1,0.8833333333333333,60,7229.148829516768,3465.5930708570404
3,174,3,DCIS_1,0.8666666666666667,90,7111.636369135976,3465.5930708570404
3,175,1,Stromal,0.6625766871165644,163,6935.367678564787,3679.293738393858
3,176,2,DCIS_1,0.6081081081081081,74,6759.098987993598,3722.0338719012216
3,177,3,DCIS_1,0.8311688311688312,77,6641.586527612805,3722.0338719012216
3,178,2,DCIS_1,0.5569620253164557,79,6759.098987993598,3636.553604886494
3,179,3,DCIS_1,0.8285714285714286,70,6641.586527612805,3636.553604886494
3,180,2,DCIS_1,0.6666666666666666,54,6994.123908755183,3551.073337871767
3,181,2,Stromal,0.4523809523809524,42,6876.61144837439,3551.073337871767
3,182,3,DCIS_1,0.88,75,6994.123908755183,3465.5930708570404
3,183,2,DCIS_1,0.8923076923076924,65,6876.61144837439,3465.5930708570404
3,184,2,Stromal,0.5245901639344263,61,6759.098987993598,3551.073337871767
3,185,2,DCIS_1,0.47058823529411764,68,6641.586527612805,3551.073337871767
3,186,2,Stromal,0.4666666666666667,45,6759.098987993598,3465.5930708570404
3,187,1,Stromal,0.8275862068965517,29,6641.586527612805,3465.5930708570404
3,188,3,Macrophages_1,0.4857142857142857,35,6524.074067232013,4063.954939960129
3,189,3,DCIS_1,0.7407407407407407,54,6406.56160685122,4063.954939960129
3,190,2,DCIS_1,0.44285714285714284,70,6524.074067232013,3978.4746729454027
3,191,3,DCIS_1,0.5932203389830508,59,6406.56160685122,3978.4746729454027
3,192,3,Myoepi_KRT15+,0.5375,80,6289.049146470427,4063.954939960129
3,193,2,DCIS_1,0.5147058823529411,68,6171.536686089635,4063.954939960129
3,195,2,Stromal,0.6415094339622641,53,6171.536686089635,3978.4746729454027
3,196,2,Stromal,0.5072463768115942,69,6524.074067232013,3892.9944059306754
3,197,2,Stromal,0.49056603773584906,53,6406.56160685122,3892.9944059306754
3,198,3,DCIS_1,0.7469879518072289,83,6524.074067232013,3807.514138915948
3,199,2,Stromal,0.4090909090909091,66,6406.56160685122,3807.514138915948
3,200,2,Stromal,0.5064935064935064,77,6289.049146470427,3892.9944059306754
3,201,1,Stromal,0.7169811320754716,53,6171.536686089635,3892.9944059306754
3,202,1,Stromal,0.6101694915254238,59,6289.049146470427,3807.514138915948
3,205,3,Myoepi_KRT15+,0.484375,64,5936.5117653280495,4063.954939960129
3,206,1,Stromal,0.4,70,6054.024225708842,3978.4746729454027
3,207,1,Stromal,0.37349397590361444,83,5936.5117653280495,3978.4746729454027
3,208,3,Macrophages_1,0.7419354838709677,31,5818.999304947257,4063.954939960129
3,209,3,Macrophages_1,0.42857142857142855,56,5701.486844566464,4063.954939960129
3,212,1,Stromal,0.5266666666666666,150,5995.267995518446,3850.2542724233117
3,213,1,Stromal,0.5555555555555556,54,5818.999304947257,3892.9944059306754
3,214,1,Stromal,0.2891566265060241,83,5701.486844566464,3892.9944059306754
3,215,1,Stromal,0.5,40,5818.999304947257,3807.514138915948
3,216,1,Stromal,0.45098039215686275,51,5701.486844566464,3807.514138915948
3,217,3,DCIS_1,0.7792207792207793,77,6524.074067232013,3722.0338719012216
3,218,2,DCIS_1,0.39215686274509803,51,6406.56160685122,3722.0338719012216
3,219,3,DCIS_1,0.5970149253731343,67,6524.074067232013,3636.553604886494
3,220,2,Stromal,0.2553191489361702,47,6406.56160685122,3636.553604886494
3,221,2,DCIS_1,0.5294117647058824,51,6289.049146470427,3722.0338719012216
3,222,2,DCIS_1,0.7424242424242424,66,6171.536686089635,3722.0338719012216
3,223,3,DCIS_1,0.6,70,6289.049146470427,3636.553604886494
3,224,3,DCIS_1,0.9142857142857143,70,6171.536686089635,3636.553604886494
3,225,2,Stromal,0.42424242424242425,66,6524.074067232013,3551.073337871767
3,226,2,DCIS_1,0.4126984126984127,63,6406.56160685122,3551.073337871767
3,227,2,Stromal,0.5192307692307693,52,6524.074067232013,3465.5930708570404
3,228,3,DCIS_1,0.5,64,6406.56160685122,3465.5930708570404
3,229,2,DCIS_1,0.51,200,6230.292916280031,3508.3332043644036
3,230,2,DCIS_1,0.5777777777777777,45,6054.024225708842,3722.0338719012216
3,231,2,Stromal,0.45652173913043476,46,5936.5117653280495,3722.0338719012216
3,232,3,DCIS_1,0.8870967741935484,62,6054.024225708842,3636.553604886494
3,233,2,DCIS_1,0.375,56,5936.5117653280495,3636.553604886494
3,234,1,Stromal,0.627906976744186,43,5818.999304947257,3722.0338719012216
3,235,2,DCIS_1,0.42105263157894735,57,5701.486844566464,3722.0338719012216
3,236,2,DCIS_1,0.5166666666666667,60,5818.999304947257,3636.553604886494
3,237,3,DCIS_1,0.7794117647058824,68,5701.486844566464,3636.553604886494
3,238,3,DCIS_1,0.9142857142857143,70,6054.024225708842,3551.073337871767
3,240,3,DCIS_1,0.7303370786516854,89,6054.024225708842,3465.5930708570404
3,241,3,DCIS_1,0.5625,64,5936.5117653280495,3465.5930708570404
3,242,3,DCIS_1,0.7719298245614035,57,5818.999304947257,3551.073337871767
3,243,3,DCIS_1,0.7301587301587301,63,5701.486844566464,3551.073337871767
3,244,3,DCIS_1,0.9180327868852459,61,5818.999304947257,3465.5930708570404
3,245,3,DCIS_1,0.8208955223880597,67,5701.486844566464,3465.5930708570404
3,246,0,DCIS_1,0.7857142857142857,56,7464.1737502783535,3380.112803842313
3,247,1,Endothelial,0.5185185185185185,54,7346.661289897561,3380.112803842313
3,248,3,DCIS_1,0.6506024096385542,83,7464.1737502783535,3294.6325368275866
3,249,2,Stromal,0.3142857142857143,35,7346.661289897561,3294.6325368275866
3,250,3,Myoepi_KRT15+,0.4067796610169492,59,7229.148829516768,3380.112803842313
3,251,3,DCIS_1,0.6829268292682927,82,7111.636369135976,3380.112803842313
3,252,0,Stromal,0.4,10,7229.148829516768,3294.6325368275866
3,253,3,Myoepi_KRT15+,0.40384615384615385,52,7111.636369135976,3294.6325368275866
3,254,2,Myoepi_KRT15+,0.36619718309859156,71,7464.1737502783535,3209.1522698128592
3,255,2,Endothelial,0.29411764705882354,17,7346.661289897561,3209.1522698128592
3,256,3,DCIS_1,0.5975609756097561,82,7464.1737502783535,3123.672002798133
3,257,2,Myoepi_ACTA2+,0.5,40,7346.661289897561,3123.672002798133
3,258,2,Myoepi_KRT15+,0.22522522522522523,111,7170.392599326372,3166.412136305496
3,259,3,DCIS_1,0.41025641025641024,78,6994.123908755183,3380.112803842313
3,260,3,DCIS_1,0.9666666666666667,60,6876.61144837439,3380.112803842313
3,261,3,DCIS_1,0.7171717171717171,99,6994.123908755183,3294.6325368275866
3,262,3,DCIS_1,0.8571428571428571,70,6876.61144837439,3294.6325368275866
3,264,3,Myoepi_KRT15+,0.55,60,6994.123908755183,3209.1522698128592
3,265,3,DCIS_1,0.810126582278481,79,6876.61144837439,3209.1522698128592
3,266,3,Myoepi_KRT15+,0.5434782608695652,46,6994.123908755183,3123.672002798133
3,267,3,DCIS_1,0.7922077922077922,77,6876.61144837439,3123.672002798133
3,268,2,Stromal,0.37894736842105264,190,6700.3427578032015,3166.412136305496
3,270,3,Myoepi_KRT15+,0.43902439024390244,82,7346.661289897561,3038.1917357834054
3,271,2,DCIS_1,0.5370370370370371,54,7464.1737502783535,2952.711468768679
3,272,3,DCIS_1,0.821917808219178,73,7346.661289897561,2952.711468768679
3,273,3,Myoepi_KRT15+,0.6197183098591549,71,7229.148829516768,3038.1917357834054
3,274,3,DCIS_1,0.671875,64,7111.636369135976,3038.1917357834054
3,275,3,DCIS_1,0.8387096774193549,62,7229.148829516768,2952.711468768679
3,276,3,DCIS_1,0.8,75,7111.636369135976,2952.711468768679
3,277,2,DCIS_1,0.47282608695652173,184,7405.417520087957,2824.491068246588
3,278,3,DCIS_1,0.8243243243243243,74,7229.148829516768,2867.2312017539516
3,279,3,DCIS_1,0.5970149253731343,67,7111.636369135976,2867.2312017539516
3,280,3,DCIS_1,0.6551724137931034,58,7229.148829516768,2781.7509347392242
3,281,2,DCIS_1,0.52,50,7111.636369135976,2781.7509347392242
3,282,3,DCIS_1,0.8266666666666667,75,6994.123908755183,3038.1917357834054
3,283,2,DCIS_1,0.65,60,6876.61144837439,3038.1917357834054
3,284,3,DCIS_1,0.725,80,6994.123908755183,2952.711468768679
3,285,2,DCIS_1,0.45714285714285713,35,6876.61144837439,2952.711468768679
3,286,1,Stromal,0.7850467289719626,107,6700.3427578032015,2995.451602276042
3,287,2,DCIS_1,0.2777777777777778,54,6994.123908755183,2867.2312017539516
3,289,2,DCIS_1,0.44680851063829785,47,6994.123908755183,2781.7509347392242
3,290,2,DCIS_1,0.569620253164557,79,6876.61144837439,2781.7509347392242
3,291,2,Stromal,0.34615384615384615,182,6700.3427578032015,2824.491068246588
3,292,2,Stromal,0.5208333333333334,48,6524.074067232013,3380.112803842313
3,294,2,Stromal,0.5185185185185185,54,6524.074067232013,3294.6325368275866
3,295,3,DCIS_1,0.5897435897435898,78,6406.56160685122,3294.6325368275866
3,296,3,Myoepi_KRT15+,0.3125,16,6289.049146470427,3380.112803842313
3,298,3,Myoepi_KRT15+,0.5647058823529412,85,6289.049146470427,3294.6325368275866
3,299,3,DCIS_1,0.5180722891566265,83,6171.536686089635,3294.6325368275866
3,300,1,Stromal,0.3090909090909091,55,6524.074067232013,3209.1522698128592
3,301,2,DCIS_1,0.3333333333333333,48,6406.56160685122,3209.1522698128592
3,302,1,Stromal,0.6341463414634146,41,6524.074067232013,3123.672002798133
3,303,1,Stromal,0.35,60,6406.56160685122,3123.672002798133
3,305,2,DCIS_1,0.3055555555555556,72,6171.536686089635,3209.1522698128592
3,306,1,Stromal,0.391304347826087,46,6289.049146470427,3123.672002798133
3,307,2,Stromal,0.3617021276595745,47,6171.536686089635,3123.672002798133
3,308,3,DCIS_1,0.7926829268292683,82,6054.024225708842,3380.112803842313
3,309,3,DCIS_1,0.30357142857142855,56,5936.5117653280495,3380.112803842313
3,310,3,DCIS_1,0.9047619047619048,63,6054.024225708842,3294.6325368275866
3,311,3,DCIS_1,0.8513513513513513,74,5936.5117653280495,3294.6325368275866
3,312,3,DCIS_1,0.5921052631578947,76,5818.999304947257,3380.112803842313
3,313,3,DCIS_1,0.8985507246376812,69,5701.486844566464,3380.112803842313
3,314,3,DCIS_1,0.8518518518518519,81,5818.999304947257,3294.6325368275866
3,315,2,DCIS_1,0.6197183098591549,71,5701.486844566464,3294.6325368275866
3,316,2,DCIS_1,0.6829268292682927,82,6054.024225708842,3209.1522698128592
3,317,3,DCIS_1,0.8372093023255814,86,5936.5117653280495,3209.1522698128592
3,318,3,DCIS_1,0.6,85,6054.024225708842,3123.672002798133
3,319,3,DCIS_1,0.5774647887323944,71,5936.5117653280495,3123.672002798133
3,320,2,DCIS_1,0.6180904522613065,199,5760.243074756861,3166.412136305496
3,321,2,Stromal,0.5833333333333334,108,6465.317837041616,2995.451602276042
3,323,2,Stromal,0.5454545454545454,99,6465.317837041616,2824.491068246588
3,324,2,Stromal,0.418848167539267,191,6230.292916280031,2824.491068246588
3,325,2,DCIS_1,0.3548387096774194,62,6054.024225708842,3038.1917357834054
3,326,3,DCIS_1,0.8705882352941177,85,5936.5117653280495,3038.1917357834054
3,327,2,Stromal,0.30612244897959184,49,6054.024225708842,2952.711468768679
3,328,2,Stromal,0.46511627906976744,43,5936.5117653280495,2952.711468768679
3,329,2,Stromal,0.3584905660377358,53,5818.999304947257,3038.1917357834054
3,330,2,DCIS_1,0.5357142857142857,56,5701.486844566464,3038.1917357834054
3,331,2,DCIS_1,0.40425531914893614,47,5818.999304947257,2952.711468768679
3,333,2,Stromal,0.38095238095238093,42,6054.024225708842,2867.2312017539516
3,334,2,DCIS_1,0.3880597014925373,67,5936.5117653280495,2867.2312017539516
3,335,2,Stromal,0.5833333333333334,36,6054.024225708842,2781.7509347392242
3,336,2,DCIS_1,0.4642857142857143,56,5936.5117653280495,2781.7509347392242
3,337,3,DCIS_1,0.8,60,5818.999304947257,2867.2312017539516
3,338,3,DCIS_1,0.9074074074074074,54,5701.486844566464,2867.2312017539516
3,339,3,DCIS_1,0.5844155844155844,77,5818.999304947257,2781.7509347392242
3,340,3,DCIS_1,0.4153846153846154,65,5701.486844566464,2781.7509347392242
3,341,1,Stromal,0.5652173913043478,69,5583.974384185672,4063.954939960129
3,342,1,Stromal,0.35443037974683544,79,5466.461923804879,4063.954939960129
3,343,1,Stromal,0.23595505617977527,89,5583.974384185672,3978.4746729454027
3,344,1,Stromal,0.31958762886597936,97,5466.461923804879,3978.4746729454027
3,345,1,Stromal,0.49122807017543857,57,5348.949463424086,4063.954939960129
3,346,1,Stromal,0.46551724137931033,58,5231.437003043294,4063.954939960129
3,347,1,Macrophages_1,0.23,100,5348.949463424086,3978.4746729454027
3,348,1,Stromal,0.3333333333333333,87,5231.437003043294,3978.4746729454027
3,349,1,Macrophages_1,0.1896551724137931,116,5583.974384185672,3892.9944059306754
3,351,1,Stromal,0.5070422535211268,71,5583.974384185672,3807.514138915948
3,352,1,Stromal,0.4852941176470588,68,5466.461923804879,3807.514138915948
3,353,1,Macrophages_1,0.2978723404255319,94,5348.949463424086,3892.9944059306754
3,354,1,Stromal,0.5641025641025641,39,5231.437003043294,3892.9944059306754
3,355,2,Stromal,0.33707865168539325,89,5348.949463424086,3807.514138915948
3,356,2,Stromal,0.3389830508474576,59,5231.437003043294,3807.514138915948
3,357,1,Stromal,0.8055555555555556,72,5055.168312472105,4021.214806452766
3,358,1,Stromal,0.5797101449275363,69,4820.14339171052,4021.214806452766
3,359,2,Stromal,0.46060606060606063,165,5055.168312472105,3850.2542724233117
3,360,1,Stromal,0.6210526315789474,95,4820.14339171052,3850.2542724233117
3,361,2,DCIS_1,0.47368421052631576,57,5583.974384185672,3722.0338719012216
3,363,3,DCIS_1,0.8888888888888888,54,5583.974384185672,3636.553604886494
3,364,3,DCIS_1,0.803030303030303,66,5466.461923804879,3636.553604886494
3,365,1,Stromal,0.5,64,5348.949463424086,3722.0338719012216
3,366,2,DCIS_1,0.35526315789473684,76,5231.437003043294,3722.0338719012216
3,367,2,Stromal,0.4482758620689655,58,5348.949463424086,3636.553604886494
3,368,2,Stromal,0.4714285714285714,70,5231.437003043294,3636.553604886494
3,369,3,DCIS_1,0.75,76,5583.974384185672,3551.073337871767
3,370,3,DCIS_1,0.819672131147541,61,5466.461923804879,3551.073337871767
3,371,3,DCIS_1,0.8222222222222222,90,5583.974384185672,3465.5930708570404
3,372,3,DCIS_1,0.9104477611940298,67,5466.461923804879,3465.5930708570404
3,373,2,DCIS_1,0.4375,64,5348.949463424086,3551.073337871767
3,375,2,DCIS_1,0.3333333333333333,66,5348.949463424086,3465.5930708570404
3,376,2,DCIS_1,0.20930232558139536,86,5231.437003043294,3465.5930708570404
3,377,2,DCIS_1,0.3793103448275862,58,5113.924542662501,3722.0338719012216
3,379,2,Stromal,0.36619718309859156,71,5113.924542662501,3636.553604886494
3,380,2,Stromal,0.3125,48,4996.4120822817085,3636.553604886494
3,382,2,Stromal,0.39416058394160586,137,5055.168312472105,3508.3332043644036
3,383,1,Stromal,0.5194805194805194,77,4820.14339171052,3508.3332043644036
3,384,2,Stromal,0.54,150,4585.118470948934,4021.214806452766
3,385,2,Stromal,0.5,34,4408.849780377745,4063.954939960129
3,386,2,Stromal,0.6216216216216216,37,4291.337319996953,4063.954939960129
3,387,2,Stromal,0.24,50,4408.849780377745,3978.4746729454027
3,388,2,Myoepi_ACTA2+,0.27710843373493976,83,4291.337319996953,3978.4746729454027
3,389,2,Stromal,0.44666666666666666,150,4585.118470948934,3850.2542724233117
3,390,2,Stromal,0.3584905660377358,53,4408.849780377745,3892.9944059306754
3,391,2,Stromal,0.323943661971831,71,4291.337319996953,3892.9944059306754
3,392,2,Stromal,0.358974358974359,39,4408.849780377745,3807.514138915948
3,394,2,Myoepi_ACTA2+,0.38235294117647056,68,4173.82485961616,4063.954939960129
3,395,2,Myoepi_ACTA2+,0.3050847457627119,59,4056.3123992353676,4063.954939960129
3,396,2,Myoepi_ACTA2+,0.4,60,4173.82485961616,3978.4746729454027
3,397,2,Stromal,0.3958333333333333,48,4056.3123992353676,3978.4746729454027
3,398,1,Stromal,0.4523809523809524,42,3938.799938854575,4063.954939960129
3,399,1,Stromal,0.6,25,3821.2874784737824,4063.954939960129
3,400,2,Stromal,0.325,80,3938.799938854575,3978.4746729454027
3,401,2,Stromal,0.45454545454545453,66,3821.2874784737824,3978.4746729454027
3,402,2,Stromal,0.3487179487179487,195,4115.068629425764,3850.2542724233117
3,403,2,Myoepi_ACTA2+,0.5510204081632653,49,3938.799938854575,3892.9944059306754
3,404,2,Stromal,0.37333333333333335,75,3821.2874784737824,3892.9944059306754
3,405,2,Stromal,0.36507936507936506,63,3938.799938854575,3807.514138915948
3,406,1,Stromal,0.5365853658536586,41,3821.2874784737824,3807.514138915948
3,407,2,Stromal,0.42953020134228187,149,4585.118470948934,3679.293738393858
3,408,2,Stromal,0.41818181818181815,55,4408.849780377745,3722.0338719012216
3,409,2,DCIS_2,0.484375,64,4291.337319996953,3722.0338719012216
3,410,2,Stromal,0.40425531914893614,47,4408.849780377745,3636.553604886494
3,412,2,Stromal,0.5089285714285714,112,4585.118470948934,3508.3332043644036
3,413,2,Stromal,0.5046728971962616,107,4350.093550187349,3508.3332043644036
3,414,2,Stromal,0.4074074074074074,162,4115.068629425764,3679.293738393858
3,415,2,Stromal,0.42857142857142855,154,3880.0437086641787,3679.293738393858
3,417,1,Stromal,0.3983050847457627,118,3880.0437086641787,3508.3332043644036
3,418,3,DCIS_1,0.9032258064516129,62,5583.974384185672,3380.112803842313
3,419,2,DCIS_1,0.5873015873015873,63,5466.461923804879,3380.112803842313
3,420,2,DCIS_1,0.5555555555555556,54,5583.974384185672,3294.6325368275866
3,421,2,DCIS_1,0.578125,64,5466.461923804879,3294.6325368275866
3,422,2,DCIS_1,0.5660377358490566,53,5348.949463424086,3380.112803842313
3,423,2,Macrophages_1,0.23076923076923078,91,5231.437003043294,3380.112803842313
3,424,2,DCIS_1,0.47761194029850745,67,5348.949463424086,3294.6325368275866
3,425,2,DCIS_1,0.5753424657534246,73,5231.437003043294,3294.6325368275866
3,426,2,Stromal,0.336734693877551,196,5525.218153995275,3166.412136305496
3,427,2,DCIS_1,0.7619047619047619,63,5348.949463424086,3209.1522698128592
3,428,2,Stromal,0.35555555555555557,45,5231.437003043294,3209.1522698128592
3,429,2,DCIS_1,0.62,50,5348.949463424086,3123.672002798133
3,430,2,DCIS_1,0.48,50,5231.437003043294,3123.672002798133
3,431,2,Stromal,0.4358974358974359,156,5055.168312472105,3337.37267033495
3,432,1,Stromal,0.5304347826086957,115,4820.14339171052,3337.37267033495
3,433,1,Stromal,0.27638190954773867,199,5055.168312472105,3166.412136305496
3,434,1,Stromal,0.43956043956043955,91,4820.14339171052,3166.412136305496
3,435,2,Stromal,0.3269230769230769,52,5583.974384185672,3038.1917357834054
3,436,2,Stromal,0.37209302325581395,43,5466.461923804879,3038.1917357834054
3,437,2,DCIS_1,0.43548387096774194,62,5583.974384185672,2952.711468768679
3,438,2,DCIS_1,0.49206349206349204,63,5466.461923804879,2952.711468768679
3,439,3,DCIS_1,0.6567164179104478,67,5348.949463424086,3038.1917357834054
3,441,2,DCIS_1,0.7532467532467533,77,5348.949463424086,2952.711468768679
3,442,3,DCIS_1,0.7121212121212122,66,5231.437003043294,2952.711468768679
3,443,3,DCIS_1,0.5294117647058824,68,5583.974384185672,2867.2312017539516
3,444,2,Stromal,0.3333333333333333,54,5466.461923804879,2867.2312017539516
3,445,3,DCIS_1,0.3235294117647059,68,5583.974384185672,2781.7509347392242
3,446,2,Stromal,0.34285714285714286,35,5466.461923804879,2781.7509347392242
3,447,2,DCIS_1,0.4198895027624309,181,5290.19323323369,2824.491068246588
3,448,2,Stromal,0.4329896907216495,194,5055.168312472105,2995.451602276042
3,449,1,Stromal,0.625,96,4820.14339171052,2995.451602276042
3,450,2,Stromal,0.5217391304347826,92,5055.168312472105,2824.491068246588
3,451,1,CD4+_T_Cells,0.3567567567567568,185,4820.14339171052,2824.491068246588
3,452,1,Stromal,0.647887323943662,71,4585.118470948934,3337.37267033495
3,453,2,Myoepi_ACTA2+,0.41304347826086957,46,4408.849780377745,3380.112803842313
3,454,2,Stromal,0.36585365853658536,41,4291.337319996953,3380.112803842313
3,455,1,Stromal,0.41818181818181815,55,4408.849780377745,3294.6325368275866
3,457,1,Stromal,0.7866666666666666,75,4585.118470948934,3166.412136305496
3,458,1,CD4+_T_Cells,0.3620689655172414,116,4408.849780377745,3209.1522698128592
3,459,1,B_Cells,0.25842696629213485,89,4291.337319996953,3209.1522698128592
3,460,1,B_Cells,0.25742574257425743,101,4408.849780377745,3123.672002798133
3,461,2,Stromal,0.5111111111111111,45,4291.337319996953,3123.672002798133
3,462,1,Stromal,0.5882352941176471,136,4115.068629425764,3337.37267033495
3,463,1,Stromal,0.7547169811320755,53,3880.0437086641787,3337.37267033495
3,465,2,Stromal,0.4652777777777778,144,3880.0437086641787,3166.412136305496
3,466,1,Stromal,0.6632653061224489,98,4585.118470948934,2995.451602276042
3,467,2,DCIS_2,0.4397905759162304,191,4350.093550187349,2995.451602276042
3,468,1,Stromal,0.5324675324675324,77,4585.118470948934,2824.491068246588
3,469,2,Stromal,0.4260869565217391,115,4350.093550187349,2824.491068246588
3,470,1,Stromal,0.41420118343195267,169,4115.068629425764,2995.451602276042
3,472,1,Stromal,0.41216216216216217,148,4115.068629425764,2824.491068246588
3,473,1,Stromal,0.6333333333333333,30,3938.799938854575,2867.2312017539516
3,474,2,Myoepi_ACTA2+,0.3620689655172414,58,3821.2874784737824,2867.2312017539516
3,475,2,Stromal,0.59375,32,3938.799938854575,2781.7509347392242
3,476,3,DCIS_2,0.36585365853658536,82,3821.2874784737824,2781.7509347392242
3,477,1,Stromal,0.9044117647058824,136,3057.4564859986303,5303.418811673671
3,478,1,Stromal,0.7096774193548387,124,3527.506327521801,4961.497743614763
3,479,1,Stromal,0.7398843930635838,173,3057.4564859986303,4961.497743614763
3,480,1,Stromal,0.9722222222222222,36,2704.9191048562525,5388.899078688399
3,481,0,Stromal,0.432,125,2469.8941840946673,5388.899078688399
3,482,1,Stromal,0.627906976744186,43,2704.9191048562525,5217.938544658944
3,483,0,Invasive_Tumor,0.6415094339622641,159,2469.8941840946673,5217.938544658944
3,484,1,Stromal,0.9746835443037974,158,2117.3568029522894,5303.418811673671
3,485,1,Stromal,0.7352941176470589,68,2469.8941840946673,5046.978010629489
3,486,1,Stromal,0.7580645161290323,62,2704.9191048562525,4876.017476600036
3,489,1,Stromal,1.0,40,3645.0187879025934,4705.056942570582
3,491,1,Stromal,0.8888888888888888,99,3645.0187879025934,4534.096408541129
3,492,1,Stromal,0.9069767441860465,86,3409.993867141008,4534.096408541129
3,493,1,Stromal,0.9054054054054054,74,3174.968946379423,4705.056942570582
3,494,1,Stromal,0.8243243243243243,74,2939.9440256178377,4705.056942570582
3,495,1,Stromal,0.9142857142857143,35,3174.968946379423,4534.096408541129
3,496,1,Stromal,0.7857142857142857,42,2939.9440256178377,4534.096408541129
3,497,1,Stromal,0.9305555555555556,72,3645.0187879025934,4363.135874511674
3,498,1,Stromal,0.8,55,3409.993867141008,4363.135874511674
3,501,1,Stromal,0.891566265060241,166,3057.4564859986303,4277.655607496947
3,502,1,Stromal,0.7291666666666666,96,2704.9191048562525,4705.056942570582
3,503,1,Stromal,0.9759036144578314,83,2469.8941840946673,4705.056942570582
3,504,1,Stromal,0.8979591836734694,49,2704.9191048562525,4534.096408541129
3,505,1,Stromal,0.9148936170212766,47,2469.8941840946673,4534.096408541129
3,506,1,Stromal,0.9105691056910569,123,2117.3568029522894,4619.576675555855
3,507,1,Stromal,0.8181818181818182,143,2587.40664447546,4277.655607496947
3,508,1,Stromal,0.8113207547169812,159,2117.3568029522894,4277.655607496947
3,509,0,Stromal,0.6971830985915493,142,1647.306961429119,5303.418811673671
3,510,1,Stromal,0.9642857142857143,28,1294.769580286741,5388.899078688399
3,511,1,Stromal,0.40298507462686567,67,1059.7446595251558,5388.899078688399
3,512,1,Stromal,0.8285714285714286,35,1294.769580286741,5217.938544658944
3,513,1,Stromal,0.6310679611650486,103,1059.7446595251558,5217.938544658944
3,514,0,Invasive_Tumor,0.7350427350427351,117,1529.7945010483263,5046.978010629489
3,515,1,Stromal,0.6363636363636364,33,1764.8194218099115,4876.017476600036
3,516,0,Invasive_Tumor,0.7368421052631579,38,1588.5507312387226,4918.757610107399
3,517,0,Invasive_Tumor,0.59375,64,1471.03827085793,4918.757610107399
3,518,0,Invasive_Tumor,0.6808510638297872,47,1588.5507312387226,4833.277343092673
3,519,0,Invasive_Tumor,0.6491228070175439,57,1471.03827085793,4833.277343092673
3,520,0,Invasive_Tumor,0.6707317073170732,164,1294.769580286741,5046.978010629489
3,521,1,Invasive_Tumor,0.6229508196721312,61,1059.7446595251558,5046.978010629489
3,523,0,Invasive_Tumor,0.7049180327868853,61,1236.0133500963448,4918.757610107399
3,524,0,Invasive_Tumor,0.6610169491525424,59,1353.5258104771374,4833.277343092673
3,525,0,Invasive_Tumor,0.7794117647058824,68,1236.0133500963448,4833.277343092673
3,526,0,Invasive_Tumor,0.6774193548387096,62,1118.5008897155521,4918.757610107399
3,527,0,Invasive_Tumor,0.40425531914893614,47,1000.9884293347595,4918.757610107399
3,528,0,Invasive_Tumor,0.7111111111111111,45,1118.5008897155521,4833.277343092673
3,529,0,Invasive_Tumor,0.7230769230769231,65,1000.9884293347595,4833.277343092673
3,530,2,Stromal,0.34782608695652173,46,883.475968953967,5431.6392121957615
3,531,2,DCIS_2,0.6229508196721312,61,765.9635085731744,5431.6392121957615
3,532,2,DCIS_2,0.2553191489361702,47,883.475968953967,5346.158945181035
3,533,2,DCIS_2,0.4925373134328358,67,765.9635085731744,5346.158945181035
3,534,2,DCIS_2,0.4406779661016949,59,648.4510481923818,5431.6392121957615
3,535,3,DCIS_2,0.8596491228070176,57,530.9385878115892,5431.6392121957615
3,536,2,Stromal,0.24242424242424243,33,648.4510481923818,5346.158945181035
3,537,2,Myoepi_ACTA2+,0.46296296296296297,54,530.9385878115892,5346.158945181035
3,538,2,Stromal,0.28888888888888886,45,883.475968953967,5260.678678166308
3,539,2,DCIS_2,0.5151515151515151,66,765.9635085731744,5260.678678166308
3,540,1,Stromal,0.45652173913043476,46,883.475968953967,5175.19841115158
3,541,2,Stromal,0.46938775510204084,49,765.9635085731744,5175.19841115158
3,542,2,Stromal,0.29545454545454547,44,648.4510481923818,5260.678678166308
3,543,2,DCIS_2,0.3404255319148936,47,530.9385878115892,5260.678678166308
3,544,2,Myoepi_ACTA2+,0.4264705882352941,68,648.4510481923818,5175.19841115158
3,545,2,DCIS_2,0.3382352941176471,68,530.9385878115892,5175.19841115158
3,546,2,Stromal,0.38095238095238093,42,413.4261274307966,5431.6392121957615
3,547,1,Stromal,0.375,64,295.913667050004,5431.6392121957615
3,548,2,DCIS_2,0.2631578947368421,38,413.4261274307966,5346.158945181035
3,550,1,CD4+_T_Cells,0.46534653465346537,101,178.40120666921138,5431.6392121957615
3,551,1,CD4+_T_Cells,0.3372093023255814,86,60.888746288418766,5431.6392121957615
3,552,1,Stromal,0.35185185185185186,54,178.40120666921138,5346.158945181035
3,553,1,Stromal,0.3333333333333333,66,60.888746288418766,5346.158945181035
3,554,3,DCIS_2,0.7142857142857143,70,413.4261274307966,5260.678678166308
3,555,2,DCIS_2,0.7346938775510204,49,295.913667050004,5260.678678166308
3,556,2,DCIS_2,0.45714285714285713,70,413.4261274307966,5175.19841115158
3,557,3,DCIS_2,0.9215686274509803,51,295.913667050004,5175.19841115158
3,558,2,Stromal,0.3148148148148148,54,178.40120666921138,5260.678678166308
3,559,1,Stromal,0.3698630136986301,73,60.888746288418766,5260.678678166308
3,560,2,DCIS_2,0.4642857142857143,56,178.40120666921138,5175.19841115158
3,561,1,Stromal,0.358974358974359,78,60.888746288418766,5175.19841115158
3,562,1,Stromal,0.5555555555555556,36,883.475968953967,5089.718144136853
3,563,1,Stromal,0.4507042253521127,71,765.9635085731744,5089.718144136853
3,564,1,Stromal,0.6666666666666666,30,883.475968953967,5004.2378771221265
3,566,2,Macrophages_1,0.352112676056338,71,648.4510481923818,5089.718144136853
3,567,2,Stromal,0.3877551020408163,49,530.9385878115892,5089.718144136853
3,569,2,DCIS_2,0.22641509433962265,53,530.9385878115892,5004.2378771221265
3,570,1,Stromal,0.4423076923076923,52,883.475968953967,4918.757610107399
3,571,1,Stromal,0.2826086956521739,92,765.9635085731744,4918.757610107399
3,572,0,B_Cells,0.2463768115942029,69,883.475968953967,4833.277343092673
3,574,1,Stromal,0.32222222222222224,90,648.4510481923818,4918.757610107399
3,575,2,Stromal,0.36,75,530.9385878115892,4918.757610107399
3,576,0,CD4+_T_Cells,0.2876712328767123,73,648.4510481923818,4833.277343092673
3,577,1,CD4+_T_Cells,0.31297709923664124,131,530.9385878115892,4833.277343092673
3,578,2,Stromal,0.30303030303030304,66,413.4261274307966,5089.718144136853
3,580,2,CD4+_T_Cells,0.275,80,413.4261274307966,5004.2378771221265
3,581,2,DCIS_2,0.21052631578947367,76,295.913667050004,5004.2378771221265
3,582,2,CD8+_T_Cells,0.2872340425531915,94,178.40120666921138,5089.718144136853
3,583,1,Macrophages_1,0.34615384615384615,104,60.888746288418766,5089.718144136853
3,584,2,CD8+_T_Cells,0.29896907216494845,97,178.40120666921138,5004.2378771221265
3,585,2,Macrophages_1,0.2549019607843137,102,60.888746288418766,5004.2378771221265
3,586,2,CD8+_T_Cells,0.25961538461538464,104,413.4261274307966,4918.757610107399
3,587,2,DCIS_2,0.36470588235294116,85,295.913667050004,4918.757610107399
3,588,1,CD4+_T_Cells,0.47928994082840237,169,413.4261274307966,4833.277343092673
3,589,1,CD4+_T_Cells,0.25,120,295.913667050004,4833.277343092673
3,590,2,DCIS_2,0.323943661971831,71,178.40120666921138,4918.757610107399
3,591,2,Stromal,0.22988505747126436,87,60.888746288418766,4918.757610107399
3,592,1,Stromal,0.3764705882352941,85,178.40120666921138,4833.277343092673
3,593,2,DCIS_2,0.4716981132075472,53,60.888746288418766,4833.277343092673
3,594,0,Stromal,0.5853658536585366,41,1764.8194218099115,4705.056942570582
3,595,0,Invasive_Tumor,0.4528301886792453,159,1529.7945010483263,4705.056942570582
3,596,0,Stromal,0.4430379746835443,79,1764.8194218099115,4534.096408541129
3,598,0,Invasive_Tumor,0.7049180327868853,61,1353.5258104771374,4747.797076077945
3,599,0,Invasive_Tumor,0.4166666666666667,60,1236.0133500963448,4747.797076077945
3,600,0,Invasive_Tumor,0.7058823529411765,68,1353.5258104771374,4662.316809063219
3,601,0,Invasive_Tumor,0.6933333333333334,75,1236.0133500963448,4662.316809063219
3,602,0,Invasive_Tumor,0.532258064516129,62,1118.5008897155521,4747.797076077945
3,604,0,Invasive_Tumor,0.8253968253968254,63,1118.5008897155521,4662.316809063219
3,605,0,Invasive_Tumor,0.6170212765957447,47,1000.9884293347595,4662.316809063219
3,606,0,Invasive_Tumor,0.660377358490566,53,1353.5258104771374,4576.8365420484915
3,607,0,Invasive_Tumor,0.5735294117647058,68,1236.0133500963448,4576.8365420484915
3,608,0,Invasive_Tumor,0.8,60,1353.5258104771374,4491.356275033765
3,609,3,Invasive_Tumor,0.9375,48,1236.0133500963448,4491.356275033765
3,611,0,Stromal,0.5567567567567567,185,1647.306961429119,4277.655607496947
3,612,0,Invasive_Tumor,0.7161290322580646,155,1294.769580286741,4363.135874511674
3,613,0,Invasive_Tumor,0.7,50,1118.5008897155521,4405.876008019038
3,614,0,Stromal,0.25806451612903225,62,1000.9884293347595,4405.876008019038
3,616,0,Invasive_Tumor,0.3953488372093023,43,1000.9884293347595,4320.39574100431
3,617,0,Stromal,0.47560975609756095,82,1294.769580286741,4192.175340482219
3,618,0,Invasive_Tumor,0.47,200,1059.7446595251558,4192.175340482219
3,619,0,Stromal,0.3854748603351955,179,824.7197387635707,4705.056942570582
3,621,1,CD4+_T_Cells,0.3291139240506329,79,530.9385878115892,4747.797076077945
3,622,0,Stromal,0.5526315789473685,38,648.4510481923818,4662.316809063219
3,624,0,Invasive_Tumor,0.46368715083798884,179,824.7197387635707,4534.096408541129
3,625,0,Stromal,0.410958904109589,73,648.4510481923818,4576.8365420484915
3,626,2,Myoepi_ACTA2+,0.49333333333333335,75,530.9385878115892,4576.8365420484915
3,627,0,Invasive_Tumor,0.47540983606557374,61,648.4510481923818,4491.356275033765
3,628,2,Stromal,0.4117647058823529,85,530.9385878115892,4491.356275033765
3,629,1,CD4+_T_Cells,0.4430379746835443,158,413.4261274307966,4747.797076077945
3,630,2,CD4+_T_Cells,0.42105263157894735,114,295.913667050004,4747.797076077945
3,631,1,Stromal,0.4461538461538462,65,413.4261274307966,4662.316809063219
3,634,2,DCIS_2,0.30666666666666664,75,60.888746288418766,4747.797076077945
3,635,2,Stromal,0.3108108108108108,74,178.40120666921138,4662.316809063219
3,636,2,CD8+_T_Cells,0.352112676056338,71,60.888746288418766,4662.316809063219
3,637,2,Stromal,0.5277777777777778,72,413.4261274307966,4576.8365420484915
3,638,2,DCIS_2,0.36363636363636365,55,295.913667050004,4576.8365420484915
3,639,2,DCIS_2,0.7636363636363637,55,413.4261274307966,4491.356275033765
3,640,1,Stromal,0.6721311475409836,61,295.913667050004,4491.356275033765
3,641,2,Stromal,0.26,100,178.40120666921138,4576.8365420484915
3,643,1,CD4+_T_Cells,0.3433734939759036,166,178.40120666921138,4491.356275033765
3,644,2,CD4+_T_Cells,0.3026315789473684,76,60.888746288418766,4491.356275033765
3,645,0,Invasive_Tumor,0.49230769230769234,195,824.7197387635707,4363.135874511674
3,646,0,Invasive_Tumor,0.48148148148148145,54,648.4510481923818,4405.876008019038
3,647,2,Stromal,0.3595505617977528,89,530.9385878115892,4405.876008019038
3,648,0,Invasive_Tumor,0.7413793103448276,58,648.4510481923818,4320.39574100431
3,649,0,Stromal,0.4358974358974359,78,530.9385878115892,4320.39574100431
3,650,0,Invasive_Tumor,0.6098901098901099,182,824.7197387635707,4192.175340482219
3,651,0,Invasive_Tumor,0.4528301886792453,53,648.4510481923818,4234.915473989583
3,652,0,Stromal,0.35714285714285715,56,530.9385878115892,4234.915473989583
3,653,0,Invasive_Tumor,0.5223880597014925,67,648.4510481923818,4149.435206974857
3,654,0,Invasive_Tumor,0.30158730158730157,63,530.9385878115892,4149.435206974857
3,655,2,DCIS_2,0.7924528301886793,53,413.4261274307966,4405.876008019038
3,656,2,Stromal,0.6111111111111112,72,295.913667050004,4405.876008019038
3,657,2,Stromal,0.3523809523809524,105,413.4261274307966,4320.39574100431
3,658,2,Stromal,0.6527777777777778,72,295.913667050004,4320.39574100431
3,659,1,CD4+_T_Cells,0.3795620437956204,137,178.40120666921138,4405.876008019038
3,660,1,CD4+_T_Cells,0.4051724137931034,116,60.888746288418766,4405.876008019038
3,661,1,CD4+_T_Cells,0.34108527131782945,129,178.40120666921138,4320.39574100431
3,662,1,CD4+_T_Cells,0.5142857142857142,140,60.888746288418766,4320.39574100431
3,663,1,Stromal,0.6056338028169014,71,413.4261274307966,4234.915473989583
3,664,0,Stromal,0.7230769230769231,65,295.913667050004,4234.915473989583
3,665,0,Stromal,0.3684210526315789,38,413.4261274307966,4149.435206974857
3,666,0,Invasive_Tumor,0.660377358490566,53,295.913667050004,4149.435206974857
3,667,0,Stromal,0.5151515151515151,66,178.40120666921138,4234.915473989583
3,668,1,CD4+_T_Cells,0.3706293706293706,143,60.888746288418766,4234.915473989583
3,669,0,Invasive_Tumor,0.6,50,178.40120666921138,4149.435206974857
3,670,0,Stromal,0.5882352941176471,68,60.888746288418766,4149.435206974857
3,672,1,Stromal,0.6810344827586207,116,3409.993867141008,4021.214806452766
3,673,1,Stromal,0.5117647058823529,170,3645.0187879025934,3850.2542724233117
3,674,1,Stromal,0.625,120,3409.993867141008,3850.2542724233117
3,675,1,Stromal,0.7662337662337663,77,3174.968946379423,4021.214806452766
3,676,1,Stromal,0.8333333333333334,36,2939.9440256178377,4021.214806452766
3,677,1,Stromal,0.7380952380952381,84,3174.968946379423,3850.2542724233117
3,679,1,Stromal,0.32786885245901637,61,3703.7750180929897,3722.0338719012216
3,680,1,Stromal,0.38461538461538464,65,3586.262557712197,3722.0338719012216
3,681,1,Stromal,0.38095238095238093,63,3703.7750180929897,3636.553604886494
3,682,1,Stromal,0.7631578947368421,38,3586.262557712197,3636.553604886494
3,683,1,Stromal,0.7368421052631579,95,3409.993867141008,3679.293738393858
3,684,1,Stromal,0.7843137254901961,102,3645.0187879025934,3508.3332043644036
3,685,1,Stromal,0.9154929577464789,71,3409.993867141008,3508.3332043644036
3,686,1,Stromal,0.7672413793103449,116,3174.968946379423,3679.293738393858
3,687,1,Stromal,0.7701149425287356,87,2939.9440256178377,3679.293738393858
3,688,1,Stromal,0.9230769230769231,65,3174.968946379423,3508.3332043644036
3,690,1,Stromal,0.8368421052631579,190,2587.40664447546,3935.734539438039
3,691,1,Stromal,0.8888888888888888,171,2117.3568029522894,3935.734539438039
3,692,1,Stromal,0.7166666666666667,120,2704.9191048562525,3679.293738393858
3,693,1,Stromal,0.5798319327731093,119,2469.8941840946673,3679.293738393858
3,694,1,Stromal,0.3333333333333333,84,2763.675335046649,3551.073337871767
3,695,1,Stromal,0.42592592592592593,54,2646.162874665856,3551.073337871767
3,696,1,CD4+_T_Cells,0.45161290322580644,124,2763.675335046649,3465.5930708570404
3,697,1,CD8+_T_Cells,0.3185840707964602,113,2646.162874665856,3465.5930708570404
3,698,1,Stromal,0.7927927927927928,111,2469.8941840946673,3508.3332043644036
3,699,1,Stromal,0.65625,96,2234.869263333082,3679.293738393858
3,700,1,Stromal,0.49032258064516127,155,1999.8443425714968,3679.293738393858
3,701,1,Stromal,0.32323232323232326,99,2293.6254935234783,3551.073337871767
3,702,1,CD4+_T_Cells,0.3941176470588235,170,2176.1130331426857,3551.073337871767
3,703,1,CD4+_T_Cells,0.29411764705882354,136,2293.6254935234783,3465.5930708570404
3,704,1,CD4+_T_Cells,0.3088235294117647,136,2176.1130331426857,3465.5930708570404
3,705,1,CD4+_T_Cells,0.3161764705882353,136,2058.600572761893,3551.073337871767
3,707,2,Stromal,0.4722222222222222,108,2058.600572761893,3465.5930708570404
3,708,1,CD4+_T_Cells,0.3194444444444444,144,1941.0881123811005,3465.5930708570404
3,709,1,Stromal,0.84,50,3645.0187879025934,3337.37267033495
3,710,1,Stromal,0.9692307692307692,65,3409.993867141008,3337.37267033495
3,711,2,Stromal,0.44,50,3703.7750180929897,3209.1522698128592
3,712,2,Myoepi_ACTA2+,0.4827586206896552,58,3586.262557712197,3209.1522698128592
3,713,2,Stromal,0.2962962962962963,54,3703.7750180929897,3123.672002798133
3,714,2,Myoepi_ACTA2+,0.3469387755102041,49,3586.262557712197,3123.672002798133
3,716,1,Stromal,0.9841269841269841,63,3174.968946379423,3337.37267033495
3,717,1,Stromal,0.54,200,2939.9440256178377,3337.37267033495
3,718,1,Stromal,0.8958333333333334,96,3174.968946379423,3166.412136305496
3,719,1,Stromal,0.5342465753424658,73,2998.700255808234,3209.1522698128592
3,720,1,Stromal,0.676923076923077,65,2881.1877954274414,3209.1522698128592
3,721,1,Stromal,0.4155844155844156,77,2998.700255808234,3123.672002798133
3,722,2,Myoepi_ACTA2+,0.3037974683544304,79,2881.1877954274414,3123.672002798133
3,723,2,DCIS_2,0.38095238095238093,63,3703.7750180929897,3038.1917357834054
3,724,2,Stromal,0.8214285714285714,28,3586.262557712197,3038.1917357834054
3,725,3,DCIS_2,0.782608695652174,69,3703.7750180929897,2952.711468768679
3,726,2,Stromal,0.32608695652173914,46,3586.262557712197,2952.711468768679
3,727,1,Stromal,0.7375,80,3409.993867141008,2995.451602276042
3,728,2,Stromal,0.3496932515337423,163,3645.0187879025934,2824.491068246588
3,729,1,Stromal,0.9117647058823529,68,3409.993867141008,2824.491068246588
3,730,1,Stromal,0.6721311475409836,122,3174.968946379423,2995.451602276042
3,731,1,CD4+_T_Cells,0.29896907216494845,97,2998.700255808234,3038.1917357834054
3,732,2,Myoepi_ACTA2+,0.4782608695652174,92,2881.1877954274414,3038.1917357834054
3,733,1,CD4+_T_Cells,0.4069767441860465,86,2998.700255808234,2952.711468768679
3,734,2,Myoepi_ACTA2+,0.4375,48,2881.1877954274414,2952.711468768679
3,735,1,Stromal,0.9493670886075949,79,3174.968946379423,2824.491068246588
3,736,1,Stromal,0.6901408450704225,71,2998.700255808234,2867.2312017539516
3,737,2,DCIS_2,0.3050847457627119,59,2881.1877954274414,2867.2312017539516
3,738,1,Stromal,0.875,64,2998.700255808234,2781.7509347392242
3,739,2,Stromal,0.5370370370370371,54,2881.1877954274414,2781.7509347392242
3,740,1,Stromal,0.3132530120481928,83,2763.675335046649,3380.112803842313
3,741,1,CD4+_T_Cells,0.2923076923076923,130,2646.162874665856,3380.112803842313
3,742,1,Stromal,0.6666666666666666,48,2763.675335046649,3294.6325368275866
3,743,1,Stromal,0.37662337662337664,77,2646.162874665856,3294.6325368275866
3,744,1,Stromal,0.5898876404494382,178,2469.8941840946673,3337.37267033495
3,746,1,Stromal,0.5555555555555556,63,2646.162874665856,3209.1522698128592
3,747,2,Stromal,0.5106382978723404,47,2763.675335046649,3123.672002798133
3,748,1,Stromal,0.6666666666666666,39,2646.162874665856,3123.672002798133
3,749,1,Stromal,0.46153846153846156,65,2528.6504142850636,3209.1522698128592
3,750,1,Stromal,0.4444444444444444,54,2411.137953904271,3209.1522698128592
3,751,1,Stromal,0.7083333333333334,48,2528.6504142850636,3123.672002798133
3,752,1,Stromal,0.5306122448979592,49,2411.137953904271,3123.672002798133
3,753,1,B_Cells,0.2523364485981308,107,2293.6254935234783,3380.112803842313
3,754,1,Stromal,0.20754716981132076,106,2176.1130331426857,3380.112803842313
3,755,1,Stromal,0.45977011494252873,87,2293.6254935234783,3294.6325368275866
3,756,1,Stromal,0.5,80,2176.1130331426857,3294.6325368275866
3,757,2,Myoepi_KRT15+,0.4,95,2058.600572761893,3380.112803842313
3,758,2,Stromal,0.45098039215686275,102,1941.0881123811005,3380.112803842313
3,759,2,Stromal,0.5113636363636364,88,2058.600572761893,3294.6325368275866
3,760,2,Stromal,0.5324675324675324,77,1941.0881123811005,3294.6325368275866
3,761,2,Stromal,0.2828282828282828,99,2293.6254935234783,3209.1522698128592
3,762,2,Stromal,0.49019607843137253,51,2176.1130331426857,3209.1522698128592
3,763,2,Stromal,0.421875,64,2293.6254935234783,3123.672002798133
3,764,2,Stromal,0.5087719298245614,57,2176.1130331426857,3123.672002798133
3,765,2,Stromal,0.625,64,2058.600572761893,3209.1522698128592
3,766,3,Myoepi_KRT15+,0.5,76,1941.0881123811005,3209.1522698128592
3,767,1,Stromal,0.95,40,2058.600572761893,3123.672002798133
3,768,2,Stromal,0.4117647058823529,68,1941.0881123811005,3123.672002798133
3,769,2,DCIS_2,0.5423728813559322,59,2763.675335046649,3038.1917357834054
3,770,2,Myoepi_ACTA2+,0.4657534246575342,73,2646.162874665856,3038.1917357834054
3,771,2,Myoepi_ACTA2+,0.41025641025641024,39,2763.675335046649,2952.711468768679
3,772,2,Myoepi_ACTA2+,0.4473684210526316,76,2646.162874665856,2952.711468768679
3,773,1,Stromal,0.6923076923076923,156,2469.8941840946673,2995.451602276042
3,774,2,Myoepi_KRT15+,0.37209302325581395,86,2763.675335046649,2867.2312017539516
3,775,2,Stromal,0.5689655172413793,58,2646.162874665856,2867.2312017539516
3,776,2,Myoepi_ACTA2+,0.47191011235955055,89,2763.675335046649,2781.7509347392242
3,777,1,Stromal,0.6419753086419753,81,2646.162874665856,2781.7509347392242
3,778,1,Stromal,0.7526881720430108,93,2469.8941840946673,2824.491068246588
3,779,1,Stromal,0.5185185185185185,81,2293.6254935234783,3038.1917357834054
3,780,1,Stromal,0.8285714285714286,35,2176.1130331426857,3038.1917357834054
3,781,1,Stromal,0.4342105263157895,76,2293.6254935234783,2952.711468768679
3,783,2,DCIS_2,0.5625,64,2058.600572761893,3038.1917357834054
3,784,2,DCIS_2,0.5862068965517241,58,1941.0881123811005,3038.1917357834054
3,785,3,DCIS_2,0.9516129032258065,62,2058.600572761893,2952.711468768679
3,786,3,DCIS_2,0.8205128205128205,39,1941.0881123811005,2952.711468768679
3,787,1,Stromal,0.5,78,2293.6254935234783,2867.2312017539516
3,788,2,Stromal,0.4489795918367347,49,2176.1130331426857,2867.2312017539516
3,789,1,Stromal,0.4,90,2293.6254935234783,2781.7509347392242
3,791,3,DCIS_2,0.9024390243902439,41,2058.600572761893,2867.2312017539516
3,792,2,DCIS_2,0.39344262295081966,61,1941.0881123811005,2867.2312017539516
3,793,2,DCIS_2,0.4528301886792453,53,2058.600572761893,2781.7509347392242
3,794,2,Stromal,0.8235294117647058,51,1941.0881123811005,2781.7509347392242
3,795,1,Stromal,0.44871794871794873,78,1294.769580286741,4021.214806452766
3,796,0,Invasive_Tumor,0.5751633986928104,153,1059.7446595251558,4021.214806452766
3,797,0,Invasive_Tumor,0.5533333333333333,150,1294.769580286741,3850.2542724233117
3,798,0,Invasive_Tumor,0.7333333333333333,45,1118.5008897155521,3892.9944059306754
3,799,0,Invasive_Tumor,0.46551724137931033,58,1000.9884293347595,3892.9944059306754
3,800,3,Invasive_Tumor,0.7951807228915663,83,1118.5008897155521,3807.514138915948
3,801,3,Invasive_Tumor,0.7246376811594203,69,1000.9884293347595,3807.514138915948
3,802,1,Stromal,0.8653846153846154,52,1764.8194218099115,3679.293738393858
3,803,0,Invasive_Tumor,0.44370860927152317,151,1529.7945010483263,3679.293738393858
3,805,1,Invasive_Tumor,0.5,24,1706.0631916195152,3551.073337871767
3,806,1,Stromal,0.3076923076923077,117,1823.5756520003079,3465.5930708570404
3,807,0,Stromal,0.375,32,1706.0631916195152,3465.5930708570404
3,808,0,Invasive_Tumor,0.625,48,1588.5507312387226,3551.073337871767
3,809,0,Invasive_Tumor,0.9565217391304348,69,1471.03827085793,3551.073337871767
3,810,0,Stromal,0.41025641025641024,39,1588.5507312387226,3465.5930708570404
3,811,0,Invasive_Tumor,0.6346153846153846,52,1471.03827085793,3465.5930708570404
3,812,0,Stromal,0.4298245614035088,114,1294.769580286741,3679.293738393858
3,813,0,Invasive_Tumor,0.38235294117647056,170,1059.7446595251558,3679.293738393858
3,814,3,Invasive_Tumor,0.8591549295774648,71,1353.5258104771374,3551.073337871767
3,815,0,Invasive_Tumor,0.7702702702702703,74,1236.0133500963448,3551.073337871767
3,816,0,Invasive_Tumor,0.6470588235294118,51,1353.5258104771374,3465.5930708570404
3,817,0,Invasive_Tumor,0.6282051282051282,78,1236.0133500963448,3465.5930708570404
3,818,0,Invasive_Tumor,0.8227848101265823,79,1118.5008897155521,3551.073337871767
3,819,0,CD4+_T_Cells,0.36666666666666664,30,1000.9884293347595,3551.073337871767
3,820,0,Invasive_Tumor,0.7934782608695652,92,1118.5008897155521,3465.5930708570404
3,821,0,Invasive_Tumor,0.7105263157894737,76,1000.9884293347595,3465.5930708570404
3,822,0,Invasive_Tumor,0.41954022988505746,174,824.7197387635707,4021.214806452766
3,823,0,Invasive_Tumor,0.48947368421052634,190,589.6948180019855,4021.214806452766
3,824,0,Invasive_Tumor,0.7758620689655172,58,883.475968953967,3892.9944059306754
3,826,0,Invasive_Tumor,0.5471698113207547,53,883.475968953967,3807.514138915948
3,827,0,Invasive_Tumor,0.8301886792452831,53,765.9635085731744,3807.514138915948
3,828,0,Invasive_Tumor,0.45454545454545453,55,648.4510481923818,3892.9944059306754
3,829,0,Stromal,0.2962962962962963,54,530.9385878115892,3892.9944059306754
3,830,0,Invasive_Tumor,0.8,65,648.4510481923818,3807.514138915948
3,831,0,Macrophages_1,0.28205128205128205,78,530.9385878115892,3807.514138915948
3,832,0,Invasive_Tumor,0.45,180,354.6698972404003,4021.214806452766
3,833,0,Invasive_Tumor,0.5357142857142857,56,178.40120666921138,4063.954939960129
3,834,0,Stromal,0.391304347826087,46,60.888746288418766,4063.954939960129
3,835,0,Invasive_Tumor,0.5660377358490566,53,178.40120666921138,3978.4746729454027
3,836,0,Invasive_Tumor,0.62,50,60.888746288418766,3978.4746729454027
3,837,0,Invasive_Tumor,0.5434782608695652,46,413.4261274307966,3892.9944059306754
3,838,0,Invasive_Tumor,0.5555555555555556,54,295.913667050004,3892.9944059306754
3,839,0,Invasive_Tumor,0.6792452830188679,53,413.4261274307966,3807.514138915948
3,840,0,Invasive_Tumor,0.5178571428571429,56,295.913667050004,3807.514138915948
3,843,0,Invasive_Tumor,0.3584905660377358,53,178.40120666921138,3807.514138915948
3,844,0,Invasive_Tumor,0.3380281690140845,71,60.888746288418766,3807.514138915948
3,846,3,Invasive_Tumor,0.8793103448275862,58,648.4510481923818,3722.0338719012216
3,847,0,Invasive_Tumor,0.5454545454545454,55,530.9385878115892,3722.0338719012216
3,848,0,Invasive_Tumor,0.4807692307692308,52,648.4510481923818,3636.553604886494
3,849,0,Invasive_Tumor,0.765625,64,530.9385878115892,3636.553604886494
3,851,0,Invasive_Tumor,0.7222222222222222,54,648.4510481923818,3551.073337871767
3,852,0,Invasive_Tumor,0.7413793103448276,58,530.9385878115892,3551.073337871767
3,853,0,Invasive_Tumor,0.7037037037037037,54,648.4510481923818,3465.5930708570404
3,854,0,Invasive_Tumor,0.6615384615384615,65,530.9385878115892,3465.5930708570404
3,855,0,Invasive_Tumor,0.49444444444444446,180,354.6698972404003,3679.293738393858
3,856,0,Stromal,0.38095238095238093,42,178.40120666921138,3722.0338719012216
3,857,0,Invasive_Tumor,0.4393939393939394,66,60.888746288418766,3722.0338719012216
3,858,0,Stromal,0.4772727272727273,44,178.40120666921138,3636.553604886494
3,859,0,Invasive_Tumor,0.3484848484848485,66,60.888746288418766,3636.553604886494
3,860,0,Invasive_Tumor,0.45161290322580644,186,354.6698972404003,3508.3332043644036
3,861,2,Stromal,0.625,32,178.40120666921138,3551.073337871767
3,862,0,Stromal,0.22784810126582278,79,60.888746288418766,3551.073337871767
3,863,0,Stromal,0.44,50,178.40120666921138,3465.5930708570404
3,864,0,Stromal,0.36363636363636365,44,60.888746288418766,3465.5930708570404
3,865,1,B_Cells,0.30952380952380953,126,1823.5756520003079,3380.112803842313
3,866,0,Stromal,0.5531914893617021,47,1706.0631916195152,3380.112803842313
3,867,1,CD4+_T_Cells,0.3333333333333333,120,1823.5756520003079,3294.6325368275866
3,868,1,Stromal,0.4057971014492754,69,1706.0631916195152,3294.6325368275866
3,869,0,Invasive_Tumor,0.450261780104712,191,1529.7945010483263,3337.37267033495
3,870,1,Stromal,0.48148148148148145,108,1823.5756520003079,3209.1522698128592
3,871,1,Stromal,0.3368421052631579,95,1706.0631916195152,3209.1522698128592
3,872,1,Stromal,0.5779816513761468,109,1823.5756520003079,3123.672002798133
3,873,1,Stromal,0.375,104,1706.0631916195152,3123.672002798133
3,874,0,Invasive_Tumor,0.3157894736842105,57,1588.5507312387226,3209.1522698128592
3,875,0,CD4+_T_Cells,0.3283582089552239,134,1471.03827085793,3209.1522698128592
3,876,0,Stromal,0.3472222222222222,72,1588.5507312387226,3123.672002798133
3,878,0,Invasive_Tumor,0.8245614035087719,57,1353.5258104771374,3380.112803842313
3,879,0,Invasive_Tumor,0.28846153846153844,52,1236.0133500963448,3380.112803842313
3,880,0,Invasive_Tumor,0.8,65,1353.5258104771374,3294.6325368275866
3,881,0,Invasive_Tumor,0.4827586206896552,58,1236.0133500963448,3294.6325368275866
3,882,0,Invasive_Tumor,0.8026315789473685,76,1118.5008897155521,3380.112803842313
3,883,0,Invasive_Tumor,0.8767123287671232,73,1000.9884293347595,3380.112803842313
3,884,0,Invasive_Tumor,0.7567567567567568,74,1118.5008897155521,3294.6325368275866
3,885,0,Invasive_Tumor,0.7230769230769231,65,1000.9884293347595,3294.6325368275866
3,886,0,Invasive_Tumor,0.7586206896551724,58,1353.5258104771374,3209.1522698128592
3,887,0,Invasive_Tumor,0.7727272727272727,66,1236.0133500963448,3209.1522698128592
3,888,0,Invasive_Tumor,0.803030303030303,66,1353.5258104771374,3123.672002798133
3,889,0,Invasive_Tumor,0.46774193548387094,62,1236.0133500963448,3123.672002798133
3,890,0,Invasive_Tumor,0.8714285714285714,70,1118.5008897155521,3209.1522698128592
3,893,0,Invasive_Tumor,0.6885245901639344,61,1000.9884293347595,3123.672002798133
3,896,2,DCIS_2,0.5692307692307692,65,1823.5756520003079,2952.711468768679
3,897,1,Stromal,0.6944444444444444,72,1706.0631916195152,2952.711468768679
3,898,1,Stromal,0.7142857142857143,21,1588.5507312387226,3038.1917357834054
3,900,1,Stromal,0.7916666666666666,24,1588.5507312387226,2952.711468768679
3,901,0,Stromal,0.21212121212121213,99,1471.03827085793,2952.711468768679
3,902,2,Myoepi_ACTA2+,0.47674418604651164,86,1823.5756520003079,2867.2312017539516
3,903,1,Stromal,0.7638888888888888,72,1706.0631916195152,2867.2312017539516
3,904,1,Stromal,0.6075949367088608,79,1823.5756520003079,2781.7509347392242
3,906,0,Stromal,0.398876404494382,178,1529.7945010483263,2824.491068246588
3,907,0,Invasive_Tumor,0.6901408450704225,71,1353.5258104771374,3038.1917357834054
3,908,0,Invasive_Tumor,0.5,52,1236.0133500963448,3038.1917357834054
3,909,0,Invasive_Tumor,0.42424242424242425,66,1353.5258104771374,2952.711468768679
3,912,0,Invasive_Tumor,0.9012345679012346,81,1000.9884293347595,3038.1917357834054
3,913,0,Invasive_Tumor,0.5714285714285714,56,1118.5008897155521,2952.711468768679
3,914,0,Invasive_Tumor,0.6363636363636364,55,1000.9884293347595,2952.711468768679
3,915,0,Invasive_Tumor,0.6976744186046512,43,1353.5258104771374,2867.2312017539516
3,916,0,Invasive_Tumor,0.6415094339622641,53,1236.0133500963448,2867.2312017539516
3,917,0,Invasive_Tumor,0.7391304347826086,69,1353.5258104771374,2781.7509347392242
3,918,0,Invasive_Tumor,0.7228915662650602,83,1236.0133500963448,2781.7509347392242
3,919,0,Invasive_Tumor,0.7808219178082192,73,1118.5008897155521,2867.2312017539516
3,920,0,Invasive_Tumor,0.5915492957746479,71,1000.9884293347595,2867.2312017539516
3,921,0,Invasive_Tumor,0.6027397260273972,73,1118.5008897155521,2781.7509347392242
3,922,0,Invasive_Tumor,0.5151515151515151,66,1000.9884293347595,2781.7509347392242
3,923,0,Invasive_Tumor,0.6612021857923497,183,824.7197387635707,3337.37267033495
3,924,0,Invasive_Tumor,0.7575757575757576,66,648.4510481923818,3380.112803842313
3,926,0,Invasive_Tumor,0.6363636363636364,33,648.4510481923818,3294.6325368275866
3,927,0,Invasive_Tumor,0.859375,64,530.9385878115892,3294.6325368275866
3,928,0,Invasive_Tumor,0.6351351351351351,74,883.475968953967,3209.1522698128592
3,929,0,Invasive_Tumor,0.39344262295081966,61,765.9635085731744,3209.1522698128592
3,930,0,Invasive_Tumor,0.38,50,883.475968953967,3123.672002798133
3,931,0,Invasive_Tumor,0.4032258064516129,62,765.9635085731744,3123.672002798133
3,932,0,Invasive_Tumor,0.546875,64,648.4510481923818,3209.1522698128592
3,933,0,Invasive_Tumor,0.746268656716418,67,530.9385878115892,3209.1522698128592
3,934,0,Invasive_Tumor,0.7647058823529411,68,648.4510481923818,3123.672002798133
3,935,0,Invasive_Tumor,0.5319148936170213,47,530.9385878115892,3123.672002798133
3,936,0,Invasive_Tumor,0.4046242774566474,173,354.6698972404003,3337.37267033495
3,937,0,Endothelial,0.42592592592592593,54,178.40120666921138,3380.112803842313
3,938,0,Invasive_Tumor,0.5344827586206896,58,60.888746288418766,3380.112803842313
3,939,0,Endothelial,0.2653061224489796,49,178.40120666921138,3294.6325368275866
3,940,0,Invasive_Tumor,0.48,50,60.888746288418766,3294.6325368275866
3,941,0,Invasive_Tumor,0.4406779661016949,59,413.4261274307966,3209.1522698128592
3,942,0,Invasive_Tumor,0.54,50,295.913667050004,3209.1522698128592
3,943,0,Invasive_Tumor,0.5535714285714286,56,413.4261274307966,3123.672002798133
3,944,0,Invasive_Tumor,0.41304347826086957,46,295.913667050004,3123.672002798133
3,945,0,Invasive_Tumor,0.39759036144578314,166,119.64497647881507,3166.412136305496
3,946,0,Invasive_Tumor,0.8095238095238095,63,883.475968953967,3038.1917357834054
3,947,0,CD4+_T_Cells,0.3,90,765.9635085731744,3038.1917357834054
3,948,0,Invasive_Tumor,0.48214285714285715,56,883.475968953967,2952.711468768679
3,949,0,Invasive_Tumor,0.390625,64,765.9635085731744,2952.711468768679
3,950,0,Invasive_Tumor,0.4230769230769231,52,648.4510481923818,3038.1917357834054
3,952,0,Invasive_Tumor,0.5483870967741935,62,648.4510481923818,2952.711468768679
3,954,0,Invasive_Tumor,0.5538461538461539,65,883.475968953967,2867.2312017539516
3,955,0,Invasive_Tumor,0.47761194029850745,67,765.9635085731744,2867.2312017539516
3,956,0,Stromal,0.2537313432835821,67,883.475968953967,2781.7509347392242
3,957,0,Invasive_Tumor,0.5866666666666667,75,765.9635085731744,2781.7509347392242
3,958,0,CD8+_T_Cells,0.37254901960784315,51,648.4510481923818,2867.2312017539516
3,959,0,CD8+_T_Cells,0.2191780821917808,73,530.9385878115892,2867.2312017539516
3,960,0,Invasive_Tumor,0.5538461538461539,65,648.4510481923818,2781.7509347392242
3,961,0,CD8+_T_Cells,0.23943661971830985,71,530.9385878115892,2781.7509347392242
3,962,0,Invasive_Tumor,0.5692307692307692,195,354.6698972404003,2995.451602276042
3,963,0,Invasive_Tumor,0.576271186440678,59,178.40120666921138,3038.1917357834054
3,964,0,Invasive_Tumor,0.3902439024390244,41,60.888746288418766,3038.1917357834054
3,965,0,Invasive_Tumor,0.7313432835820896,67,178.40120666921138,2952.711468768679
3,966,0,Invasive_Tumor,0.6304347826086957,46,60.888746288418766,2952.711468768679
3,967,0,Invasive_Tumor,0.31088082901554404,193,354.6698972404003,2824.491068246588
3,968,0,Stromal,0.30386740331491713,181,119.64497647881507,2824.491068246588
3,969,1,Stromal,0.9230769230769231,65,7405.417520087957,2653.530534217134
3,970,2,Stromal,0.54421768707483,147,7170.392599326372,2653.530534217134
3,971,1,Stromal,0.5714285714285714,91,7405.417520087957,2482.57000018768
3,972,2,Stromal,0.6880733944954128,109,7170.392599326372,2482.57000018768
3,973,3,DCIS_1,0.6216216216216216,74,6994.123908755183,2696.270667724498
3,974,3,DCIS_1,0.52,100,6876.61144837439,2696.270667724498
3,975,3,DCIS_1,0.8857142857142857,70,6994.123908755183,2610.7904007097704
3,976,3,DCIS_1,0.4338235294117647,136,6876.61144837439,2610.7904007097704
3,977,3,DCIS_1,0.7317073170731707,82,6759.098987993598,2696.270667724498
3,978,2,DCIS_1,0.6551724137931034,58,6641.586527612805,2696.270667724498
3,979,3,DCIS_1,0.7340425531914894,94,6759.098987993598,2610.7904007097704
3,980,3,DCIS_1,0.90625,64,6641.586527612805,2610.7904007097704
3,981,3,DCIS_1,0.7966101694915254,59,6994.123908755183,2525.310133695043
3,982,3,DCIS_1,0.7951807228915663,83,6876.61144837439,2525.310133695043
3,983,2,DCIS_1,0.5245901639344263,61,6994.123908755183,2439.8298666803166
3,984,3,DCIS_1,0.859375,64,6876.61144837439,2439.8298666803166
3,985,3,DCIS_1,0.8552631578947368,76,6759.098987993598,2525.310133695043
3,986,2,DCIS_1,0.7796610169491526,59,6641.586527612805,2525.310133695043
3,987,2,DCIS_1,0.5476190476190477,84,6759.098987993598,2439.8298666803166
3,988,2,DCIS_1,0.6727272727272727,55,6641.586527612805,2439.8298666803166
3,989,2,DCIS_1,0.35,40,7464.1737502783535,2354.3495996655893
3,990,2,DCIS_1,0.6538461538461539,52,7346.661289897561,2354.3495996655893
3,991,2,DCIS_1,0.8421052631578947,76,7464.1737502783535,2268.869332650863
3,992,3,DCIS_1,1.0,62,7346.661289897561,2268.869332650863
3,993,2,DCIS_1,0.48,50,7229.148829516768,2354.3495996655893
3,994,2,Stromal,0.5217391304347826,46,7111.636369135976,2354.3495996655893
3,995,3,DCIS_1,0.9636363636363636,55,7229.148829516768,2268.869332650863
3,996,2,DCIS_1,0.8235294117647058,68,7111.636369135976,2268.869332650863
3,997,2,DCIS_1,0.6666666666666666,75,7464.1737502783535,2183.3890656361355
3,998,2,DCIS_1,0.6363636363636364,88,7346.661289897561,2183.3890656361355
3,999,2,DCIS_1,0.6865671641791045,67,7464.1737502783535,2097.908798621409
3,1000,2,DCIS_1,0.4791666666666667,96,7346.661289897561,2097.908798621409
3,1001,3,DCIS_1,0.7333333333333333,75,7229.148829516768,2183.3890656361355
3,1002,3,DCIS_1,0.5824175824175825,91,7111.636369135976,2183.3890656361355
3,1003,3,DCIS_1,0.4819277108433735,83,7229.148829516768,2097.908798621409
3,1004,3,DCIS_1,0.7833333333333333,60,7111.636369135976,2097.908798621409
3,1005,2,Stromal,0.49079754601226994,163,6935.367678564787,2311.609466158226
3,1006,2,Stromal,0.40229885057471265,174,6700.3427578032015,2311.609466158226
3,1007,2,DCIS_1,0.42105263157894735,171,6935.367678564787,2140.6489321287722
3,1008,1,Stromal,0.75,64,6700.3427578032015,2140.6489321287722
3,1009,1,Stromal,0.62,100,6465.317837041616,2653.530534217134
3,1010,1,Stromal,0.3972602739726027,146,6230.292916280031,2653.530534217134
3,1011,2,Stromal,0.3333333333333333,180,6465.317837041616,2482.57000018768
3,1012,1,Stromal,0.6105263157894737,95,6230.292916280031,2482.57000018768
3,1013,1,Stromal,0.711864406779661,118,5995.267995518446,2653.530534217134
3,1014,2,Stromal,0.48854961832061067,131,5760.243074756861,2653.530534217134
3,1015,1,Stromal,0.7023809523809523,84,5995.267995518446,2482.57000018768
3,1016,1,Stromal,0.9423076923076923,52,5760.243074756861,2482.57000018768
3,1017,2,Stromal,0.5348837209302325,129,6465.317837041616,2311.609466158226
3,1018,1,Stromal,0.868421052631579,38,6230.292916280031,2311.609466158226
3,1019,1,Stromal,0.9,40,6465.317837041616,2140.6489321287722
3,1020,1,Stromal,0.8,30,6230.292916280031,2140.6489321287722
3,1021,1,Stromal,0.907563025210084,119,5877.755535137653,2226.129199143499
3,1022,2,DCIS_1,0.5753424657534246,73,7464.1737502783535,2012.4285316066819
3,1023,2,DCIS_1,0.5625,80,7346.661289897561,2012.4285316066819
3,1024,2,Stromal,0.32786885245901637,61,7464.1737502783535,1926.9482645919547
3,1025,2,DCIS_1,0.3333333333333333,75,7346.661289897561,1926.9482645919547
3,1026,2,DCIS_1,0.45454545454545453,66,7229.148829516768,2012.4285316066819
3,1027,3,DCIS_1,0.9402985074626866,67,7111.636369135976,2012.4285316066819
3,1028,2,Stromal,0.5434782608695652,46,7229.148829516768,1926.9482645919547
3,1029,2,Stromal,0.47619047619047616,42,7111.636369135976,1926.9482645919547
3,1030,1,Endothelial,0.24,50,7464.1737502783535,1841.4679975772278
3,1031,2,Stromal,0.2833333333333333,60,7346.661289897561,1841.4679975772278
3,1032,1,CD4+_T_Cells,0.25,20,7464.1737502783535,1755.9877305625007
3,1033,1,CD4+_T_Cells,0.3026315789473684,76,7346.661289897561,1755.9877305625007
3,1035,1,CD4+_T_Cells,0.38372093023255816,86,7111.636369135976,1841.4679975772278
3,1036,1,CD4+_T_Cells,0.3516483516483517,91,7229.148829516768,1755.9877305625007
3,1037,1,CD4+_T_Cells,0.3404255319148936,47,7111.636369135976,1755.9877305625007
3,1038,2,Stromal,0.4690265486725664,113,6935.367678564787,1969.6883980993184
3,1039,2,Stromal,0.4330708661417323,127,6700.3427578032015,1969.6883980993184
3,1040,1,Stromal,0.8571428571428571,56,6935.367678564787,1798.7278640698642
3,1041,2,DCIS_1,0.2890625,128,6700.3427578032015,1798.7278640698642
3,1042,1,CD4+_T_Cells,0.3087248322147651,149,7405.417520087957,1627.7673300404103
3,1044,1,CD4+_T_Cells,0.3333333333333333,33,7464.1737502783535,1499.5469295183198
3,1045,1,CD8+_T_Cells,0.25806451612903225,62,7346.661289897561,1499.5469295183198
3,1046,1,CD4+_T_Cells,0.41509433962264153,53,7464.1737502783535,1414.0666625035926
3,1047,1,CD4+_T_Cells,0.2727272727272727,88,7346.661289897561,1414.0666625035926
3,1048,1,Stromal,0.5542168674698795,83,7170.392599326372,1456.806796010956
3,1049,1,Stromal,0.7924528301886793,53,6935.367678564787,1627.7673300404103
3,1050,1,Stromal,0.851063829787234,47,6700.3427578032015,1627.7673300404103
3,1051,1,Stromal,0.5362318840579711,69,6935.367678564787,1456.806796010956
3,1052,2,DCIS_1,0.33858267716535434,127,6700.3427578032015,1456.806796010956
3,1053,1,Stromal,0.7254901960784313,51,6465.317837041616,1969.6883980993184
3,1054,1,Stromal,0.576271186440678,59,6230.292916280031,1969.6883980993184
3,1055,2,Stromal,0.23595505617977527,89,6465.317837041616,1798.7278640698642
3,1056,1,Stromal,0.5094339622641509,53,6230.292916280031,1798.7278640698642
3,1057,1,Stromal,0.543010752688172,186,5877.755535137653,1884.2081310845913
3,1058,1,Stromal,0.6,10,6524.074067232013,1670.5074635477738
3,1059,1,CD4+_T_Cells,0.580952380952381,105,6406.56160685122,1670.5074635477738
3,1060,1,Stromal,0.4782608695652174,23,6524.074067232013,1585.0271965330467
3,1061,1,CD4+_T_Cells,0.5918367346938775,98,6406.56160685122,1585.0271965330467
3,1062,1,Stromal,0.6271186440677966,59,6230.292916280031,1627.7673300404103
3,1063,2,Stromal,0.3202614379084967,153,6465.317837041616,1456.806796010956
3,1064,1,Stromal,0.6474820143884892,139,5877.755535137653,1542.2870630256832
3,1065,2,DCIS_1,0.35625,160,5525.218153995275,2653.530534217134
3,1066,1,Stromal,0.5343511450381679,131,5290.19323323369,2653.530534217134
3,1068,1,Stromal,0.5909090909090909,88,5290.19323323369,2482.57000018768
3,1069,1,Stromal,0.5866666666666667,75,5055.168312472105,2653.530534217134
3,1070,1,Invasive_Tumor,0.6666666666666666,75,4820.14339171052,2653.530534217134
3,1071,1,Stromal,0.3855421686746988,83,5055.168312472105,2482.57000018768
3,1073,1,Stromal,0.5192307692307693,52,5525.218153995275,2311.609466158226
3,1074,1,Stromal,0.631578947368421,57,5290.19323323369,2311.609466158226
3,1075,1,Stromal,0.3763440860215054,93,5525.218153995275,2140.6489321287722
3,1076,1,Stromal,0.43902439024390244,41,5290.19323323369,2140.6489321287722
3,1077,1,Stromal,0.7,50,4585.118470948934,2653.530534217134
3,1078,1,Stromal,0.9166666666666666,60,4350.093550187349,2653.530534217134
3,1079,0,Invasive_Tumor,0.5859375,128,4585.118470948934,2482.57000018768
3,1080,1,Stromal,0.9310344827586207,29,4350.093550187349,2482.57000018768
3,1083,1,Stromal,0.7073170731707317,41,4115.068629425764,2482.57000018768
3,1084,1,Stromal,0.6404494382022472,89,3880.0437086641787,2482.57000018768
3,1085,1,Stromal,0.9655172413793104,29,4115.068629425764,2311.609466158226
3,1086,1,Stromal,0.5833333333333334,24,3938.799938854575,2354.3495996655893
3,1087,1,Endothelial,0.2727272727272727,55,3821.2874784737824,2354.3495996655893
3,1088,1,B_Cells,0.3287671232876712,73,3938.799938854575,2268.869332650863
3,1089,1,CD4+_T_Cells,0.39622641509433965,106,3821.2874784737824,2268.869332650863
3,1090,1,Stromal,0.8409090909090909,44,4115.068629425764,2140.6489321287722
3,1092,1,B_Cells,0.3434343434343434,99,3821.2874784737824,2183.3890656361355
3,1093,1,CD4+_T_Cells,0.37037037037037035,54,3938.799938854575,2097.908798621409
3,1095,1,Stromal,0.5244755244755245,143,5407.705693614483,1884.2081310845913
3,1096,1,Stromal,0.5657894736842105,152,4937.655852091312,1884.2081310845913
3,1097,1,Stromal,0.52,75,5525.218153995275,1627.7673300404103
3,1098,1,Stromal,0.5930232558139535,86,5290.19323323369,1627.7673300404103
3,1099,1,Stromal,0.34615384615384615,26,5583.974384185672,1499.5469295183198
3,1100,0,DCIS_2,0.8142857142857143,70,5466.461923804879,1499.5469295183198
3,1101,2,Stromal,0.3333333333333333,33,5583.974384185672,1414.0666625035926
3,1102,2,DCIS_2,0.7391304347826086,92,5466.461923804879,1414.0666625035926
3,1103,2,Stromal,0.34545454545454546,55,5348.949463424086,1499.5469295183198
3,1104,2,DCIS_2,0.2807017543859649,57,5231.437003043294,1499.5469295183198
3,1105,3,DCIS_2,0.8378378378378378,74,5348.949463424086,1414.0666625035926
3,1106,3,DCIS_2,0.7777777777777778,72,5231.437003043294,1414.0666625035926
3,1108,1,Stromal,0.7647058823529411,119,3997.5561690449713,1884.2081310845913
3,1109,0,Stromal,0.5620437956204379,137,3997.5561690449713,1542.2870630256832
3,1110,2,DCIS_1,0.5740740740740741,54,7464.1737502783535,1328.5863954888657
3,1111,1,Stromal,0.25,52,7346.661289897561,1328.5863954888657
3,1112,2,DCIS_1,0.23214285714285715,56,7464.1737502783535,1243.1061284741386
3,1113,2,DCIS_1,0.4444444444444444,54,7346.661289897561,1243.1061284741386
3,1114,2,DCIS_1,0.36257309941520466,171,7170.392599326372,1285.8462619815023
3,1115,2,DCIS_1,0.484472049689441,161,7405.417520087957,1114.885727952048
3,1116,2,DCIS_1,0.4083769633507853,191,7170.392599326372,1114.885727952048
3,1117,2,DCIS_1,0.6708074534161491,161,6935.367678564787,1285.8462619815023
3,1118,2,DCIS_1,0.30612244897959184,147,6700.3427578032015,1285.8462619815023
3,1119,2,DCIS_1,0.4533333333333333,150,6935.367678564787,1114.885727952048
3,1120,2,DCIS_1,0.37988826815642457,179,6700.3427578032015,1114.885727952048
3,1121,1,Stromal,0.3282051282051282,195,7405.417520087957,943.9251939225942
3,1123,2,CD8+_T_Cells,0.19298245614035087,57,7111.636369135976,986.6653274299576
3,1124,2,DCIS_1,0.33766233766233766,77,7229.148829516768,901.1850604152307
3,1125,2,Stromal,0.2692307692307692,52,7111.636369135976,901.1850604152307
3,1126,1,Stromal,0.3769230769230769,130,7405.417520087957,772.9646598931402
3,1127,2,Stromal,0.4049079754601227,163,7170.392599326372,772.9646598931402
3,1128,1,Stromal,0.6871165644171779,163,6817.855218183994,858.4449269078672
3,1129,2,Stromal,0.40217391304347827,92,6465.317837041616,1285.8462619815023
3,1130,2,DCIS_1,0.39473684210526316,114,6465.317837041616,1114.885727952048
3,1131,1,Stromal,0.8108108108108109,37,5995.267995518446,1285.8462619815023
3,1132,1,Stromal,0.5873015873015873,63,5760.243074756861,1285.8462619815023
3,1133,1,Stromal,0.6341463414634146,41,5995.267995518446,1114.885727952048
3,1134,1,Stromal,0.6041666666666666,96,5760.243074756861,1114.885727952048
3,1135,1,Stromal,0.4772727272727273,44,6465.317837041616,943.9251939225942
3,1136,1,Stromal,0.5822784810126582,79,6230.292916280031,943.9251939225942
3,1137,1,Stromal,0.7837837837837838,37,6465.317837041616,772.9646598931402
3,1138,2,Stromal,0.2857142857142857,140,6230.292916280031,772.9646598931402
3,1139,2,Stromal,0.22289156626506024,166,5995.267995518446,943.9251939225942
3,1141,2,DCIS_2,0.6733668341708543,199,5995.267995518446,772.9646598931402
3,1142,1,Stromal,0.44696969696969696,132,5760.243074756861,772.9646598931402
3,1143,1,Stromal,0.6770833333333334,192,7287.905059707165,516.5238588489592
3,1144,0,Invasive_Tumor,0.5172413793103449,58,6935.367678564787,602.0041258636862
3,1145,0,Invasive_Tumor,0.4805194805194805,77,6700.3427578032015,602.0041258636862
3,1146,1,Stromal,0.6785714285714286,28,6935.367678564787,431.0435918342322
3,1147,1,Stromal,0.5609756097560976,41,6700.3427578032015,431.0435918342322
3,1148,1,Stromal,0.45652173913043476,46,7405.417520087957,260.0830578047782
3,1149,1,Stromal,0.7586206896551724,58,7170.392599326372,260.0830578047782
3,1150,0,Stromal,0.35714285714285715,56,7405.417520087957,89.12252377532423
3,1151,0,Stromal,0.4189189189189189,74,7170.392599326372,89.12252377532423
3,1152,1,Stromal,0.6618705035971223,139,6817.855218183994,174.60279079005122
3,1153,2,Stromal,0.38961038961038963,154,6230.292916280031,602.0041258636862
3,1154,1,Stromal,0.7692307692307693,39,6230.292916280031,431.0435918342322
3,1155,1,Stromal,0.40404040404040403,99,5995.267995518446,602.0041258636862
3,1157,1,Stromal,0.7,30,5701.486844566464,644.7442593710498
3,1158,1,CD4+_T_Cells,0.43119266055045874,109,5818.999304947257,559.2639923563227
3,1159,1,Stromal,0.40425531914893614,47,5701.486844566464,559.2639923563227
3,1160,1,Stromal,0.55,20,6054.024225708842,473.7837253415957
3,1161,1,CD4+_T_Cells,0.4896551724137931,145,5936.5117653280495,473.7837253415957
3,1162,1,Stromal,0.6,20,6054.024225708842,388.30345832686874
3,1163,1,CD4+_T_Cells,0.4230769230769231,104,5936.5117653280495,388.30345832686874
3,1164,1,CD4+_T_Cells,0.5069444444444444,144,5818.999304947257,473.7837253415957
3,1165,1,Stromal,0.31343283582089554,67,5701.486844566464,473.7837253415957
3,1166,1,CD4+_T_Cells,0.3173076923076923,104,5818.999304947257,388.30345832686874
3,1167,2,Macrophages_1,0.23170731707317074,82,5701.486844566464,388.30345832686874
3,1168,1,Stromal,0.2596685082872928,181,5995.267995518446,260.0830578047782
3,1169,1,Macrophages_1,0.3125,80,5818.999304947257,302.8231913121417
3,1170,2,CD4+_T_Cells,0.21951219512195122,82,5701.486844566464,302.8231913121417
3,1171,1,CD4+_T_Cells,0.4791666666666667,96,5818.999304947257,217.3429242974147
3,1172,1,CD4+_T_Cells,0.7328767123287672,146,5701.486844566464,217.3429242974147
3,1173,1,Stromal,0.28846153846153844,104,5995.267995518446,89.12252377532423
3,1174,1,CD4+_T_Cells,0.6666666666666666,108,5818.999304947257,131.86265728268774
3,1175,1,CD4+_T_Cells,0.7551020408163265,98,5701.486844566464,131.86265728268774
3,1176,1,CD4+_T_Cells,0.3157894736842105,19,5818.999304947257,46.38239026796073
3,1177,1,CD4+_T_Cells,0.5454545454545454,11,5701.486844566464,46.38239026796073
3,1178,2,DCIS_2,0.41304347826086957,184,5525.218153995275,1285.8462619815023
3,1179,3,DCIS_2,0.8,80,5348.949463424086,1328.5863954888657
3,1180,3,DCIS_2,0.8314606741573034,89,5231.437003043294,1328.5863954888657
3,1182,3,DCIS_2,0.8620689655172413,116,5231.437003043294,1243.1061284741386
3,1183,2,DCIS_2,0.3756906077348066,181,5525.218153995275,1114.885727952048
3,1184,3,DCIS_2,0.7866666666666666,75,5348.949463424086,1157.6258614594117
3,1185,3,DCIS_2,0.953125,64,5231.437003043294,1157.6258614594117
3,1186,2,DCIS_2,0.5151515151515151,66,5348.949463424086,1072.1455944446845
3,1187,3,DCIS_2,0.8666666666666667,60,5231.437003043294,1072.1455944446845
3,1188,2,DCIS_2,0.6686746987951807,166,5055.168312472105,1285.8462619815023
3,1189,1,Stromal,0.64,50,4820.14339171052,1285.8462619815023
3,1190,2,DCIS_2,0.5128205128205128,156,5055.168312472105,1114.885727952048
3,1191,1,Stromal,0.7321428571428571,56,4820.14339171052,1114.885727952048
3,1192,3,DCIS_2,0.8428571428571429,70,5583.974384185672,986.6653274299576
3,1193,3,DCIS_2,0.9647058823529412,85,5466.461923804879,986.6653274299576
3,1195,3,DCIS_2,0.9701492537313433,67,5466.461923804879,901.1850604152307
3,1196,2,DCIS_2,0.6,75,5348.949463424086,986.6653274299576
3,1197,2,Myoepi_ACTA2+,0.25,48,5231.437003043294,986.6653274299576
3,1198,0,DCIS_2,0.7384615384615385,65,5348.949463424086,901.1850604152307
3,1202,2,Stromal,0.3389830508474576,59,5231.437003043294,815.7047934005036
3,1203,1,Macrophages_1,0.288135593220339,59,5348.949463424086,730.2245263857767
3,1204,2,DCIS_2,0.35526315789473684,76,5231.437003043294,730.2245263857767
3,1205,1,Stromal,0.5825242718446602,103,5055.168312472105,943.9251939225942
3,1206,1,Stromal,0.8048780487804879,41,4820.14339171052,943.9251939225942
3,1207,2,Stromal,0.3430232558139535,172,5055.168312472105,772.9646598931402
3,1208,1,Stromal,0.5106382978723404,47,4820.14339171052,772.9646598931402
3,1209,1,Stromal,0.5304878048780488,164,4467.606010568142,858.4449269078672
3,1210,2,Stromal,0.37055837563451777,197,5525.218153995275,602.0041258636862
3,1211,1,Stromal,0.25,60,5348.949463424086,644.7442593710498
3,1212,2,CD8+_T_Cells,0.2875,80,5231.437003043294,644.7442593710498
3,1213,2,Stromal,0.24193548387096775,62,5348.949463424086,559.2639923563227
3,1214,1,Stromal,0.32142857142857145,56,5231.437003043294,559.2639923563227
3,1215,2,DCIS_2,0.4069767441860465,86,5583.974384185672,473.7837253415957
3,1216,3,DCIS_2,0.9859154929577465,71,5466.461923804879,473.7837253415957
3,1217,3,DCIS_2,0.8181818181818182,77,5583.974384185672,388.30345832686874
3,1218,3,DCIS_2,1.0,65,5466.461923804879,388.30345832686874
3,1219,2,DCIS_2,0.3076923076923077,78,5348.949463424086,473.7837253415957
3,1221,2,DCIS_2,0.328125,64,5348.949463424086,388.30345832686874
3,1222,2,Stromal,0.25287356321839083,87,5231.437003043294,388.30345832686874
3,1223,1,Endothelial,0.32653061224489793,49,5113.924542662501,644.7442593710498
3,1224,1,Stromal,0.38666666666666666,75,4996.4120822817085,644.7442593710498
3,1226,1,Stromal,0.2903225806451613,62,4996.4120822817085,559.2639923563227
3,1227,1,Stromal,0.5666666666666667,30,4878.899621900916,644.7442593710498
3,1228,1,Stromal,0.5294117647058824,34,4761.387161520123,644.7442593710498
3,1229,2,CD8+_T_Cells,0.3076923076923077,78,4878.899621900916,559.2639923563227
3,1230,2,Stromal,0.2375,80,4761.387161520123,559.2639923563227
3,1232,2,Myoepi_ACTA2+,0.24675324675324675,77,4996.4120822817085,473.7837253415957
3,1233,2,DCIS_2,0.7105263157894737,76,5113.924542662501,388.30345832686874
3,1234,2,DCIS_2,0.25287356321839083,87,4996.4120822817085,388.30345832686874
3,1236,2,DCIS_2,0.5492957746478874,71,4761.387161520123,473.7837253415957
3,1237,2,DCIS_2,0.28431372549019607,102,4878.899621900916,388.30345832686874
3,1238,2,DCIS_2,0.4823529411764706,85,4761.387161520123,388.30345832686874
3,1239,2,DCIS_2,0.42857142857142855,91,5583.974384185672,302.8231913121417
3,1240,3,DCIS_2,0.6333333333333333,60,5466.461923804879,302.8231913121417
3,1241,1,CD4+_T_Cells,0.5354330708661418,127,5583.974384185672,217.3429242974147
3,1242,3,DCIS_2,0.2537313432835821,67,5466.461923804879,217.3429242974147
3,1243,2,DCIS_2,0.5584415584415584,77,5348.949463424086,302.8231913121417
3,1245,3,DCIS_2,0.9629629629629629,54,5348.949463424086,217.3429242974147
3,1246,3,DCIS_2,0.6666666666666666,72,5231.437003043294,217.3429242974147
3,1247,3,CD4+_T_Cells,0.3211009174311927,109,5525.218153995275,89.12252377532423
3,1248,1,DCIS_2,0.6029411764705882,68,5290.19323323369,89.12252377532423
3,1249,2,Stromal,0.3333333333333333,69,5113.924542662501,302.8231913121417
3,1250,3,DCIS_2,0.2839506172839506,81,4996.4120822817085,302.8231913121417
3,1251,1,Stromal,0.45454545454545453,44,5113.924542662501,217.3429242974147
3,1252,3,Stromal,0.5151515151515151,33,4996.4120822817085,217.3429242974147
3,1253,3,DCIS_2,0.6582278481012658,79,4878.899621900916,302.8231913121417
3,1254,3,DCIS_2,0.4268292682926829,82,4761.387161520123,302.8231913121417
3,1255,3,Stromal,0.4222222222222222,45,4878.899621900916,217.3429242974147
3,1256,3,Stromal,0.2682926829268293,41,4761.387161520123,217.3429242974147
3,1257,1,Stromal,0.32727272727272727,55,4643.874701139331,644.7442593710498
3,1258,1,CD4+_T_Cells,0.33695652173913043,92,4526.362240758538,644.7442593710498
3,1260,2,CD4+_T_Cells,0.35344827586206895,116,4526.362240758538,559.2639923563227
3,1262,1,CD4+_T_Cells,0.2625,80,4291.337319996953,644.7442593710498
3,1263,2,CD8+_T_Cells,0.25,120,4408.849780377745,559.2639923563227
3,1264,2,CD4+_T_Cells,0.3220338983050847,118,4291.337319996953,559.2639923563227
3,1265,2,CD8+_T_Cells,0.2087912087912088,91,4643.874701139331,473.7837253415957
3,1266,2,DCIS_2,0.3258426966292135,89,4526.362240758538,473.7837253415957
3,1268,2,DCIS_2,0.3974358974358974,78,4526.362240758538,388.30345832686874
3,1269,2,CD4+_T_Cells,0.26956521739130435,115,4408.849780377745,473.7837253415957
3,1271,2,DCIS_2,0.4111111111111111,90,4408.849780377745,388.30345832686874
3,1272,1,CD4+_T_Cells,0.3023255813953488,129,4291.337319996953,388.30345832686874
3,1273,1,CD4+_T_Cells,0.26548672566371684,113,4115.068629425764,602.0041258636862
3,1274,2,DCIS_2,0.23376623376623376,77,4173.82485961616,473.7837253415957
3,1275,1,Stromal,0.42857142857142855,21,4056.3123992353676,473.7837253415957
3,1276,2,DCIS_2,0.2777777777777778,90,4173.82485961616,388.30345832686874
3,1277,1,Stromal,0.5,20,4056.3123992353676,388.30345832686874
3,1278,1,Stromal,0.36363636363636365,33,3880.0437086641787,431.0435918342322
3,1279,3,CD4+_T_Cells,0.20833333333333334,96,4643.874701139331,302.8231913121417
3,1280,3,CD4+_T_Cells,0.26582278481012656,79,4526.362240758538,302.8231913121417
3,1281,1,CD4+_T_Cells,0.38235294117647056,34,4643.874701139331,217.3429242974147
3,1282,1,DCIS_2,0.4,20,4526.362240758538,217.3429242974147
3,1283,3,DCIS_2,0.2676056338028169,71,4408.849780377745,302.8231913121417
3,1284,3,B_Cells,0.21428571428571427,112,4291.337319996953,302.8231913121417
3,1285,1,DCIS_1,0.47058823529411764,17,4408.849780377745,217.3429242974147
3,1286,1,Stromal,0.3333333333333333,9,4291.337319996953,217.3429242974147
3,1287,1,CD4+_T_Cells,0.2795031055900621,161,3997.5561690449713,174.60279079005122
3,1288,1,Stromal,0.6464646464646465,99,3645.0187879025934,2653.530534217134
3,1289,1,Stromal,0.8636363636363636,66,3409.993867141008,2653.530534217134
3,1290,2,Myoepi_ACTA2+,0.4107142857142857,56,3703.7750180929897,2525.310133695043
3,1291,3,DCIS_2,0.36,75,3586.262557712197,2525.310133695043
3,1292,2,Myoepi_ACTA2+,0.3150684931506849,73,3703.7750180929897,2439.8298666803166
3,1293,2,Stromal,0.40384615384615385,52,3586.262557712197,2439.8298666803166
3,1294,1,Stromal,0.7105263157894737,76,3409.993867141008,2482.57000018768
3,1295,1,Stromal,0.9298245614035088,57,3174.968946379423,2653.530534217134
3,1296,1,Stromal,0.7619047619047619,168,2939.9440256178377,2653.530534217134
3,1298,1,Stromal,0.7092198581560284,141,2939.9440256178377,2482.57000018768
3,1299,1,Stromal,0.7837837837837838,74,3645.0187879025934,2311.609466158226
3,1300,1,Stromal,0.782608695652174,46,3409.993867141008,2311.609466158226
3,1302,1,Stromal,1.0,33,3409.993867141008,2140.6489321287722
3,1303,1,Stromal,0.8181818181818182,44,3174.968946379423,2311.609466158226
3,1304,1,Stromal,0.3945945945945946,185,2939.9440256178377,2311.609466158226
3,1305,1,Stromal,0.7142857142857143,77,3174.968946379423,2140.6489321287722
3,1306,1,Stromal,0.49523809523809526,105,2939.9440256178377,2140.6489321287722
3,1307,2,Stromal,0.6122448979591837,98,2763.675335046649,2696.270667724498
3,1308,1,Stromal,0.8484848484848485,66,2646.162874665856,2696.270667724498
3,1309,1,Stromal,0.9714285714285714,35,2763.675335046649,2610.7904007097704
3,1310,1,Stromal,0.918918918918919,37,2646.162874665856,2610.7904007097704
3,1311,1,Stromal,0.945054945054945,91,2469.8941840946673,2653.530534217134
3,1312,1,Stromal,0.7166666666666667,180,2704.9191048562525,2482.57000018768
3,1313,1,Stromal,0.8461538461538461,78,2469.8941840946673,2482.57000018768
3,1314,1,Stromal,0.22988505747126436,87,2293.6254935234783,2696.270667724498
3,1315,1,Stromal,0.3148148148148148,54,2176.1130331426857,2696.270667724498
3,1316,1,Stromal,0.5,64,2293.6254935234783,2610.7904007097704
3,1317,1,Stromal,0.23076923076923078,78,2176.1130331426857,2610.7904007097704
3,1318,1,Stromal,0.6875,48,2058.600572761893,2696.270667724498
3,1319,2,Stromal,0.6888888888888889,45,1941.0881123811005,2696.270667724498
3,1320,1,Stromal,0.7142857142857143,63,2058.600572761893,2610.7904007097704
3,1321,2,Stromal,0.42857142857142855,56,1941.0881123811005,2610.7904007097704
3,1322,1,Stromal,0.37142857142857144,70,2293.6254935234783,2525.310133695043
3,1323,1,Stromal,0.3114754098360656,61,2176.1130331426857,2525.310133695043
3,1324,1,Stromal,0.45098039215686275,51,2293.6254935234783,2439.8298666803166
3,1325,1,CD8+_T_Cells,0.3389830508474576,59,2176.1130331426857,2439.8298666803166
3,1326,1,Stromal,0.7241379310344828,58,2058.600572761893,2525.310133695043
3,1327,2,Stromal,0.4915254237288136,59,1941.0881123811005,2525.310133695043
3,1328,1,Stromal,0.3958333333333333,48,2058.600572761893,2439.8298666803166
3,1330,1,Stromal,0.6223776223776224,143,2704.9191048562525,2311.609466158226
3,1331,0,Stromal,0.6263736263736264,91,2469.8941840946673,2311.609466158226
3,1333,0,Invasive_Tumor,0.8703703703703703,54,2528.6504142850636,2183.3890656361355
3,1334,0,Invasive_Tumor,0.7288135593220338,59,2411.137953904271,2183.3890656361355
3,1335,0,Invasive_Tumor,0.7222222222222222,54,2528.6504142850636,2097.908798621409
3,1336,0,Invasive_Tumor,0.546875,64,2411.137953904271,2097.908798621409
3,1337,0,Stromal,0.5138888888888888,144,2234.869263333082,2311.609466158226
3,1338,1,Stromal,0.5211267605633803,142,1999.8443425714968,2311.609466158226
3,1339,0,Invasive_Tumor,0.5573770491803278,183,2234.869263333082,2140.6489321287722
3,1340,0,Invasive_Tumor,0.4067796610169492,118,1999.8443425714968,2140.6489321287722
3,1341,0,Stromal,0.47244094488188976,127,3645.0187879025934,1969.6883980993184
3,1342,1,Stromal,0.64,25,3468.7500973314045,2012.4285316066819
3,1343,0,Invasive_Tumor,0.56,50,3351.237636950612,2012.4285316066819
3,1344,0,Invasive_Tumor,0.8275862068965517,58,3468.7500973314045,1926.9482645919547
3,1345,3,Invasive_Tumor,0.8904109589041096,73,3351.237636950612,1926.9482645919547
3,1346,0,Stromal,0.3673469387755102,98,3645.0187879025934,1798.7278640698642
3,1347,3,Invasive_Tumor,0.921875,64,3468.7500973314045,1841.4679975772278
3,1348,3,Invasive_Tumor,0.9482758620689655,58,3351.237636950612,1841.4679975772278
3,1349,0,Invasive_Tumor,0.3050847457627119,59,3468.7500973314045,1755.9877305625007
3,1350,0,Invasive_Tumor,0.5964912280701754,57,3351.237636950612,1755.9877305625007
3,1351,0,Invasive_Tumor,0.7903225806451613,62,3233.7251765698193,2012.4285316066819
3,1352,0,Invasive_Tumor,0.8846153846153846,52,3116.2127161890267,2012.4285316066819
3,1353,3,Invasive_Tumor,0.9830508474576272,59,3233.7251765698193,1926.9482645919547
3,1355,0,Invasive_Tumor,0.5508982035928144,167,2939.9440256178377,1969.6883980993184
3,1356,3,Invasive_Tumor,1.0,69,3233.7251765698193,1841.4679975772278
3,1358,0,Invasive_Tumor,0.8367346938775511,49,3233.7251765698193,1755.9877305625007
3,1359,0,Invasive_Tumor,0.8783783783783784,74,3116.2127161890267,1755.9877305625007
3,1360,3,Invasive_Tumor,0.9473684210526315,76,2998.700255808234,1841.4679975772278
3,1361,0,Invasive_Tumor,0.85,60,2881.1877954274414,1841.4679975772278
3,1362,0,Invasive_Tumor,0.618421052631579,76,2998.700255808234,1755.9877305625007
3,1363,0,Invasive_Tumor,0.5573770491803278,61,2881.1877954274414,1755.9877305625007
3,1364,0,Invasive_Tumor,0.6666666666666666,42,3703.7750180929897,1670.5074635477738
3,1366,0,Invasive_Tumor,0.8533333333333334,75,3703.7750180929897,1585.0271965330467
3,1367,0,Invasive_Tumor,0.7454545454545455,55,3586.262557712197,1585.0271965330467
3,1369,0,Invasive_Tumor,0.7727272727272727,44,3351.237636950612,1670.5074635477738
3,1370,0,Invasive_Tumor,0.6756756756756757,74,3468.7500973314045,1585.0271965330467
3,1371,0,Invasive_Tumor,0.847457627118644,59,3351.237636950612,1585.0271965330467
3,1372,0,Invasive_Tumor,0.3,60,3703.7750180929897,1499.5469295183198
3,1373,0,Invasive_Tumor,0.8028169014084507,71,3586.262557712197,1499.5469295183198
3,1374,0,Invasive_Tumor,0.7380952380952381,84,3703.7750180929897,1414.0666625035926
3,1375,0,Invasive_Tumor,0.8,70,3586.262557712197,1414.0666625035926
3,1376,0,Invasive_Tumor,0.7540983606557377,61,3468.7500973314045,1499.5469295183198
3,1377,0,Invasive_Tumor,0.8354430379746836,79,3351.237636950612,1499.5469295183198
3,1378,0,Invasive_Tumor,0.855072463768116,69,3468.7500973314045,1414.0666625035926
3,1379,0,Invasive_Tumor,0.7012987012987013,77,3351.237636950612,1414.0666625035926
3,1382,0,Invasive_Tumor,0.7261904761904762,84,3233.7251765698193,1585.0271965330467
3,1383,0,Invasive_Tumor,0.4745762711864407,59,3116.2127161890267,1585.0271965330467
3,1384,0,Invasive_Tumor,0.673469387755102,196,2939.9440256178377,1627.7673300404103
3,1385,0,Invasive_Tumor,0.6923076923076923,65,3233.7251765698193,1499.5469295183198
3,1386,0,Invasive_Tumor,0.825,80,3116.2127161890267,1499.5469295183198
3,1387,0,Invasive_Tumor,0.8208955223880597,67,3233.7251765698193,1414.0666625035926
3,1388,0,Invasive_Tumor,0.828125,64,3116.2127161890267,1414.0666625035926
3,1389,0,Invasive_Tumor,0.6585365853658537,82,2998.700255808234,1499.5469295183198
3,1390,0,Invasive_Tumor,0.765625,64,2881.1877954274414,1499.5469295183198
3,1391,0,Invasive_Tumor,0.6825396825396826,63,2998.700255808234,1414.0666625035926
3,1392,0,Invasive_Tumor,0.5333333333333333,45,2881.1877954274414,1414.0666625035926
3,1393,0,Stromal,0.2727272727272727,176,2704.9191048562525,1969.6883980993184
3,1394,0,Invasive_Tumor,0.35947712418300654,153,2469.8941840946673,1969.6883980993184
3,1395,0,Invasive_Tumor,0.2215909090909091,176,2704.9191048562525,1798.7278640698642
3,1396,0,Invasive_Tumor,0.30256410256410254,195,2469.8941840946673,1798.7278640698642
3,1397,0,Invasive_Tumor,0.45595854922279794,193,2234.869263333082,1969.6883980993184
3,1398,0,Invasive_Tumor,0.7093023255813954,172,1999.8443425714968,1969.6883980993184
3,1400,0,Invasive_Tumor,0.3333333333333333,63,2176.1130331426857,1841.4679975772278
3,1402,0,Invasive_Tumor,0.8857142857142857,70,2176.1130331426857,1755.9877305625007
3,1403,0,Invasive_Tumor,0.9629629629629629,54,2058.600572761893,1841.4679975772278
3,1404,3,Invasive_Tumor,1.0,60,1941.0881123811005,1841.4679975772278
3,1405,0,Invasive_Tumor,0.7611940298507462,67,2058.600572761893,1755.9877305625007
3,1406,0,Invasive_Tumor,0.7962962962962963,54,1941.0881123811005,1755.9877305625007
3,1407,0,Invasive_Tumor,0.5401069518716578,187,2704.9191048562525,1627.7673300404103
3,1408,0,Invasive_Tumor,0.36363636363636365,44,2528.6504142850636,1670.5074635477738
3,1409,0,Invasive_Tumor,0.8813559322033898,59,2411.137953904271,1670.5074635477738
3,1410,0,Invasive_Tumor,0.45161290322580644,62,2528.6504142850636,1585.0271965330467
3,1411,0,Invasive_Tumor,0.8987341772151899,79,2411.137953904271,1585.0271965330467
3,1412,0,Invasive_Tumor,0.6730769230769231,52,2763.675335046649,1499.5469295183198
3,1413,0,Invasive_Tumor,0.5970149253731343,67,2646.162874665856,1499.5469295183198
3,1414,0,Invasive_Tumor,0.55,60,2763.675335046649,1414.0666625035926
3,1415,0,Invasive_Tumor,0.68,75,2646.162874665856,1414.0666625035926
3,1416,0,Invasive_Tumor,0.625,72,2528.6504142850636,1499.5469295183198
3,1417,0,Invasive_Tumor,0.6060606060606061,66,2411.137953904271,1499.5469295183198
3,1418,0,Invasive_Tumor,0.5932203389830508,59,2528.6504142850636,1414.0666625035926
3,1420,3,Invasive_Tumor,0.9420289855072463,69,2293.6254935234783,1670.5074635477738
3,1421,0,Invasive_Tumor,0.7090909090909091,55,2176.1130331426857,1670.5074635477738
3,1422,0,Invasive_Tumor,0.5833333333333334,60,2293.6254935234783,1585.0271965330467
3,1423,0,Invasive_Tumor,0.5,40,2176.1130331426857,1585.0271965330467
3,1424,0,Stromal,0.3488372093023256,43,2058.600572761893,1670.5074635477738
3,1425,0,Invasive_Tumor,0.5961538461538461,52,1941.0881123811005,1670.5074635477738
3,1426,0,Macrophages_1,0.22413793103448276,58,2058.600572761893,1585.0271965330467
3,1429,0,Invasive_Tumor,0.3958333333333333,48,2058.600572761893,1499.5469295183198
3,1430,0,Invasive_Tumor,0.7419354838709677,62,1941.0881123811005,1499.5469295183198
3,1431,0,Invasive_Tumor,0.7384615384615385,65,2058.600572761893,1414.0666625035926
3,1432,0,Invasive_Tumor,0.6551724137931034,58,1941.0881123811005,1414.0666625035926
3,1433,2,Stromal,0.4025974025974026,77,1823.5756520003079,2696.270667724498
3,1434,1,CD4+_T_Cells,0.2980769230769231,104,1706.0631916195152,2696.270667724498
3,1435,2,Stromal,0.35135135135135137,74,1823.5756520003079,2610.7904007097704
3,1436,1,Stromal,0.3246753246753247,77,1706.0631916195152,2610.7904007097704
3,1437,0,Stromal,0.3812154696132597,181,1529.7945010483263,2653.530534217134
3,1438,2,Myoepi_ACTA2+,0.2976190476190476,84,1823.5756520003079,2525.310133695043
3,1439,1,Stromal,0.5384615384615384,39,1706.0631916195152,2525.310133695043
3,1440,2,Stromal,0.33980582524271846,103,1823.5756520003079,2439.8298666803166
3,1441,1,Stromal,0.8064516129032258,31,1706.0631916195152,2439.8298666803166
3,1442,1,Stromal,0.5609756097560976,41,1588.5507312387226,2525.310133695043
3,1443,0,Invasive_Tumor,0.28125,96,1471.03827085793,2525.310133695043
3,1444,1,Stromal,0.41379310344827586,29,1588.5507312387226,2439.8298666803166
3,1445,0,Invasive_Tumor,0.6136363636363636,44,1471.03827085793,2439.8298666803166
3,1446,0,Invasive_Tumor,0.6716417910447762,67,1353.5258104771374,2696.270667724498
3,1447,0,Invasive_Tumor,0.35526315789473684,76,1236.0133500963448,2696.270667724498
3,1448,0,Invasive_Tumor,0.8571428571428571,63,1353.5258104771374,2610.7904007097704
3,1449,0,Invasive_Tumor,0.8450704225352113,71,1236.0133500963448,2610.7904007097704
3,1450,0,Invasive_Tumor,0.5543478260869565,92,1118.5008897155521,2696.270667724498
3,1451,0,Invasive_Tumor,0.6052631578947368,76,1000.9884293347595,2696.270667724498
3,1452,0,Invasive_Tumor,0.8701298701298701,77,1118.5008897155521,2610.7904007097704
3,1453,0,Invasive_Tumor,0.6338028169014085,71,1000.9884293347595,2610.7904007097704
3,1454,0,Invasive_Tumor,0.6037735849056604,53,1353.5258104771374,2525.310133695043
3,1455,0,Invasive_Tumor,0.4126984126984127,63,1236.0133500963448,2525.310133695043
3,1456,0,Invasive_Tumor,0.6078431372549019,51,1353.5258104771374,2439.8298666803166
3,1457,0,Invasive_Tumor,0.4266666666666667,75,1236.0133500963448,2439.8298666803166
3,1458,0,Invasive_Tumor,0.6909090909090909,55,1118.5008897155521,2525.310133695043
3,1459,0,Invasive_Tumor,0.5522388059701493,67,1000.9884293347595,2525.310133695043
3,1460,0,Invasive_Tumor,0.8285714285714286,70,1118.5008897155521,2439.8298666803166
3,1461,0,Invasive_Tumor,0.7272727272727273,66,1000.9884293347595,2439.8298666803166
3,1462,1,Stromal,0.8222222222222222,45,1823.5756520003079,2354.3495996655893
3,1463,0,Stromal,0.5714285714285714,49,1706.0631916195152,2354.3495996655893
3,1464,0,Invasive_Tumor,0.6612903225806451,62,1823.5756520003079,2268.869332650863
3,1465,0,Invasive_Tumor,0.8181818181818182,55,1706.0631916195152,2268.869332650863
3,1466,0,Stromal,0.3684210526315789,38,1588.5507312387226,2354.3495996655893
3,1467,0,Invasive_Tumor,0.6,60,1471.03827085793,2354.3495996655893
3,1468,0,Invasive_Tumor,0.703125,64,1588.5507312387226,2268.869332650863
3,1469,0,Invasive_Tumor,0.5957446808510638,47,1471.03827085793,2268.869332650863
3,1470,0,Invasive_Tumor,0.7846153846153846,65,1823.5756520003079,2183.3890656361355
3,1471,0,Invasive_Tumor,0.7580645161290323,62,1706.0631916195152,2183.3890656361355
3,1473,0,Invasive_Tumor,0.640625,64,1706.0631916195152,2097.908798621409
3,1474,0,Invasive_Tumor,0.676923076923077,65,1588.5507312387226,2183.3890656361355
3,1475,0,Invasive_Tumor,0.43478260869565216,46,1471.03827085793,2183.3890656361355
3,1477,0,Invasive_Tumor,0.6896551724137931,58,1471.03827085793,2097.908798621409
3,1478,0,Invasive_Tumor,0.6363636363636364,66,1353.5258104771374,2354.3495996655893
3,1479,0,Invasive_Tumor,0.5901639344262295,61,1236.0133500963448,2354.3495996655893
3,1480,0,Invasive_Tumor,0.6346153846153846,52,1353.5258104771374,2268.869332650863
3,1481,0,Invasive_Tumor,0.4642857142857143,56,1236.0133500963448,2268.869332650863
3,1482,0,Invasive_Tumor,0.6166666666666667,60,1118.5008897155521,2354.3495996655893
3,1483,0,Invasive_Tumor,0.546875,64,1000.9884293347595,2354.3495996655893
3,1484,0,Invasive_Tumor,0.6440677966101694,59,1118.5008897155521,2268.869332650863
3,1485,0,Invasive_Tumor,0.2222222222222222,90,1000.9884293347595,2268.869332650863
3,1486,0,Invasive_Tumor,0.5510204081632653,49,1353.5258104771374,2183.3890656361355
3,1487,0,Invasive_Tumor,0.6923076923076923,52,1236.0133500963448,2183.3890656361355
3,1488,0,Invasive_Tumor,0.4807692307692308,52,1353.5258104771374,2097.908798621409
3,1489,0,Invasive_Tumor,0.8095238095238095,63,1236.0133500963448,2097.908798621409
3,1490,0,Invasive_Tumor,0.8169014084507042,71,1118.5008897155521,2183.3890656361355
3,1491,0,Invasive_Tumor,0.7142857142857143,70,1000.9884293347595,2183.3890656361355
3,1492,0,Invasive_Tumor,0.8387096774193549,62,1118.5008897155521,2097.908798621409
3,1493,0,Invasive_Tumor,0.8507462686567164,67,1000.9884293347595,2097.908798621409
3,1494,0,Invasive_Tumor,0.7317073170731707,82,883.475968953967,2696.270667724498
3,1495,0,Invasive_Tumor,0.5714285714285714,63,765.9635085731744,2696.270667724498
3,1496,0,Invasive_Tumor,0.7123287671232876,73,883.475968953967,2610.7904007097704
3,1497,0,Invasive_Tumor,0.7910447761194029,67,765.9635085731744,2610.7904007097704
3,1498,0,Stromal,0.35714285714285715,56,648.4510481923818,2696.270667724498
3,1499,0,Invasive_Tumor,0.36538461538461536,52,530.9385878115892,2696.270667724498
3,1500,0,Invasive_Tumor,0.5409836065573771,61,648.4510481923818,2610.7904007097704
3,1501,0,Invasive_Tumor,0.48717948717948717,39,530.9385878115892,2610.7904007097704
3,1502,0,Invasive_Tumor,0.7017543859649122,57,883.475968953967,2525.310133695043
3,1503,0,Invasive_Tumor,0.6530612244897959,49,765.9635085731744,2525.310133695043
3,1504,0,Invasive_Tumor,0.3684210526315789,57,883.475968953967,2439.8298666803166
3,1505,0,Invasive_Tumor,0.7941176470588235,68,765.9635085731744,2439.8298666803166
3,1506,0,Invasive_Tumor,0.7368421052631579,76,648.4510481923818,2525.310133695043
3,1508,0,Invasive_Tumor,0.375,72,648.4510481923818,2439.8298666803166
3,1509,0,Invasive_Tumor,0.6024096385542169,83,530.9385878115892,2439.8298666803166
3,1510,0,Invasive_Tumor,0.24193548387096775,62,413.4261274307966,2696.270667724498
3,1511,0,CD4+_T_Cells,0.23853211009174313,109,295.913667050004,2696.270667724498
3,1512,0,Macrophages_1,0.32,75,413.4261274307966,2610.7904007097704
3,1513,0,Invasive_Tumor,0.3181818181818182,88,295.913667050004,2610.7904007097704
3,1514,1,CD4+_T_Cells,0.3,120,178.40120666921138,2696.270667724498
3,1515,1,CD4+_T_Cells,0.23529411764705882,102,60.888746288418766,2696.270667724498
3,1516,2,Myoepi_ACTA2+,0.26595744680851063,94,178.40120666921138,2610.7904007097704
3,1517,2,CD4+_T_Cells,0.21782178217821782,101,60.888746288418766,2610.7904007097704
3,1518,0,Invasive_Tumor,0.5833333333333334,72,413.4261274307966,2525.310133695043
3,1519,2,DCIS_2,0.5735294117647058,68,295.913667050004,2525.310133695043
3,1520,0,Invasive_Tumor,0.3375,80,413.4261274307966,2439.8298666803166
3,1522,3,DCIS_2,0.8933333333333333,75,178.40120666921138,2525.310133695043
3,1523,2,Stromal,0.375,72,60.888746288418766,2525.310133695043
3,1524,2,Myoepi_ACTA2+,0.32954545454545453,88,178.40120666921138,2439.8298666803166
3,1525,2,DCIS_2,0.2976190476190476,84,60.888746288418766,2439.8298666803166
3,1526,0,Stromal,0.23,100,883.475968953967,2354.3495996655893
3,1527,3,Invasive_Tumor,0.6833333333333333,60,765.9635085731744,2354.3495996655893
3,1528,0,Invasive_Tumor,0.5606060606060606,66,883.475968953967,2268.869332650863
3,1529,0,Invasive_Tumor,0.8382352941176471,68,765.9635085731744,2268.869332650863
3,1530,0,Invasive_Tumor,0.5606060606060606,66,648.4510481923818,2354.3495996655893
3,1531,0,Invasive_Tumor,0.8311688311688312,77,530.9385878115892,2354.3495996655893
3,1532,0,Invasive_Tumor,0.43283582089552236,67,648.4510481923818,2268.869332650863
3,1534,0,Invasive_Tumor,0.6415094339622641,53,883.475968953967,2183.3890656361355
3,1536,0,Invasive_Tumor,0.47761194029850745,67,883.475968953967,2097.908798621409
3,1537,0,Invasive_Tumor,0.8615384615384616,65,765.9635085731744,2097.908798621409
3,1538,0,Invasive_Tumor,0.3707865168539326,89,648.4510481923818,2183.3890656361355
3,1539,0,Invasive_Tumor,0.5256410256410257,78,530.9385878115892,2183.3890656361355
3,1540,0,Invasive_Tumor,0.859375,64,648.4510481923818,2097.908798621409
3,1541,0,Invasive_Tumor,0.38461538461538464,78,530.9385878115892,2097.908798621409
3,1542,0,CD4+_T_Cells,0.2222222222222222,108,413.4261274307966,2354.3495996655893
3,1543,2,Stromal,0.27710843373493976,83,295.913667050004,2354.3495996655893
3,1545,1,Macrophages_1,0.27358490566037735,106,295.913667050004,2268.869332650863
3,1546,2,Myoepi_ACTA2+,0.4270833333333333,96,178.40120666921138,2354.3495996655893
3,1547,2,DCIS_2,0.23958333333333334,96,60.888746288418766,2354.3495996655893
3,1548,2,Myoepi_ACTA2+,0.38028169014084506,71,178.40120666921138,2268.869332650863
3,1549,2,Myoepi_ACTA2+,0.21568627450980393,102,60.888746288418766,2268.869332650863
3,1550,0,Invasive_Tumor,0.40963855421686746,83,413.4261274307966,2183.3890656361355
3,1551,0,Invasive_Tumor,0.21238938053097345,113,295.913667050004,2183.3890656361355
3,1552,0,Invasive_Tumor,0.21,100,413.4261274307966,2097.908798621409
3,1553,0,Invasive_Tumor,0.4186046511627907,86,295.913667050004,2097.908798621409
3,1554,2,Stromal,0.26506024096385544,83,178.40120666921138,2183.3890656361355
3,1555,2,Stromal,0.17105263157894737,76,60.888746288418766,2183.3890656361355
3,1557,2,Stromal,0.23655913978494625,93,60.888746288418766,2097.908798621409
3,1558,0,Invasive_Tumor,0.7971014492753623,69,1823.5756520003079,2012.4285316066819
3,1560,1,Invasive_Tumor,0.475,40,1823.5756520003079,1926.9482645919547
3,1561,0,Invasive_Tumor,0.7692307692307693,65,1706.0631916195152,1926.9482645919547
3,1562,0,Invasive_Tumor,0.75,60,1588.5507312387226,2012.4285316066819
3,1563,0,Invasive_Tumor,0.7543859649122807,57,1471.03827085793,2012.4285316066819
3,1564,0,Invasive_Tumor,0.7627118644067796,59,1588.5507312387226,1926.9482645919547
3,1565,0,Invasive_Tumor,0.746031746031746,63,1471.03827085793,1926.9482645919547
3,1566,0,Invasive_Tumor,0.8103448275862069,58,1823.5756520003079,1841.4679975772278
3,1568,0,Invasive_Tumor,0.9206349206349206,63,1823.5756520003079,1755.9877305625007
3,1569,0,Invasive_Tumor,0.5909090909090909,44,1706.0631916195152,1755.9877305625007
3,1570,0,Invasive_Tumor,0.7384615384615385,65,1588.5507312387226,1841.4679975772278
3,1571,0,Invasive_Tumor,0.75,52,1471.03827085793,1841.4679975772278
3,1572,0,Invasive_Tumor,0.7083333333333334,72,1588.5507312387226,1755.9877305625007
3,1573,0,Invasive_Tumor,0.7169811320754716,53,1471.03827085793,1755.9877305625007
3,1574,0,Invasive_Tumor,0.5,62,1353.5258104771374,2012.4285316066819
3,1575,0,Invasive_Tumor,0.6507936507936508,63,1236.0133500963448,2012.4285316066819
3,1576,0,Invasive_Tumor,0.5094339622641509,53,1353.5258104771374,1926.9482645919547
3,1577,0,Invasive_Tumor,0.8421052631578947,57,1236.0133500963448,1926.9482645919547
3,1578,0,Invasive_Tumor,0.5645161290322581,62,1118.5008897155521,2012.4285316066819
3,1579,0,Invasive_Tumor,0.819672131147541,61,1000.9884293347595,2012.4285316066819
3,1580,0,Invasive_Tumor,0.7758620689655172,58,1118.5008897155521,1926.9482645919547
3,1581,0,Invasive_Tumor,0.746031746031746,63,1000.9884293347595,1926.9482645919547
3,1582,3,Invasive_Tumor,0.8793103448275862,58,1353.5258104771374,1841.4679975772278
3,1583,0,Invasive_Tumor,0.62,50,1236.0133500963448,1841.4679975772278
3,1584,0,Invasive_Tumor,0.6470588235294118,68,1353.5258104771374,1755.9877305625007
3,1585,0,Invasive_Tumor,0.5223880597014925,67,1236.0133500963448,1755.9877305625007
3,1586,0,Invasive_Tumor,0.7878787878787878,66,1118.5008897155521,1841.4679975772278
3,1587,0,Invasive_Tumor,0.6623376623376623,77,1000.9884293347595,1841.4679975772278
3,1588,0,Invasive_Tumor,0.6825396825396826,63,1118.5008897155521,1755.9877305625007
3,1589,0,Invasive_Tumor,0.7875,80,1000.9884293347595,1755.9877305625007
3,1590,0,Invasive_Tumor,0.48,50,1823.5756520003079,1670.5074635477738
3,1591,0,Invasive_Tumor,0.6727272727272727,55,1706.0631916195152,1670.5074635477738
3,1592,0,Invasive_Tumor,0.8181818181818182,66,1823.5756520003079,1585.0271965330467
3,1594,0,Invasive_Tumor,0.46987951807228917,83,1588.5507312387226,1670.5074635477738
3,1595,0,Invasive_Tumor,0.9285714285714286,84,1471.03827085793,1670.5074635477738
3,1596,0,Invasive_Tumor,0.54,50,1588.5507312387226,1585.0271965330467
3,1598,0,Invasive_Tumor,0.7884615384615384,52,1823.5756520003079,1499.5469295183198
3,1599,0,Invasive_Tumor,0.3230769230769231,65,1706.0631916195152,1499.5469295183198
3,1600,0,Invasive_Tumor,0.6296296296296297,54,1823.5756520003079,1414.0666625035926
3,1601,0,Invasive_Tumor,0.7090909090909091,55,1706.0631916195152,1414.0666625035926
3,1603,0,Invasive_Tumor,0.5230769230769231,65,1471.03827085793,1499.5469295183198
3,1604,0,Stromal,0.39215686274509803,51,1588.5507312387226,1414.0666625035926
3,1605,0,Invasive_Tumor,0.7096774193548387,62,1471.03827085793,1414.0666625035926
3,1607,0,Invasive_Tumor,0.75,68,1236.0133500963448,1670.5074635477738
3,1608,0,Invasive_Tumor,0.5454545454545454,77,1353.5258104771374,1585.0271965330467
3,1610,0,Invasive_Tumor,0.5324675324675324,77,1118.5008897155521,1670.5074635477738
3,1611,0,Invasive_Tumor,0.62,50,1000.9884293347595,1670.5074635477738
3,1612,0,Invasive_Tumor,0.6206896551724138,58,1118.5008897155521,1585.0271965330467
3,1613,0,Invasive_Tumor,0.31868131868131866,91,1000.9884293347595,1585.0271965330467
3,1614,0,Invasive_Tumor,0.618421052631579,76,1353.5258104771374,1499.5469295183198
3,1615,0,Invasive_Tumor,0.7777777777777778,45,1236.0133500963448,1499.5469295183198
3,1616,0,Invasive_Tumor,0.3559322033898305,59,1353.5258104771374,1414.0666625035926
3,1617,0,Invasive_Tumor,0.6935483870967742,62,1236.0133500963448,1414.0666625035926
3,1618,0,Invasive_Tumor,0.8356164383561644,73,1118.5008897155521,1499.5469295183198
3,1619,0,Invasive_Tumor,0.717948717948718,78,1000.9884293347595,1499.5469295183198
3,1621,0,Invasive_Tumor,0.6521739130434783,69,1000.9884293347595,1414.0666625035926
3,1623,0,Invasive_Tumor,0.7575757575757576,66,765.9635085731744,2012.4285316066819
3,1624,0,Invasive_Tumor,0.7049180327868853,61,883.475968953967,1926.9482645919547
3,1625,0,Invasive_Tumor,0.8870967741935484,62,765.9635085731744,1926.9482645919547
3,1626,0,Invasive_Tumor,0.6557377049180327,61,648.4510481923818,2012.4285316066819
3,1627,0,Invasive_Tumor,0.7878787878787878,66,530.9385878115892,2012.4285316066819
3,1628,0,Invasive_Tumor,0.8245614035087719,57,648.4510481923818,1926.9482645919547
3,1629,0,Invasive_Tumor,0.696969696969697,66,530.9385878115892,1926.9482645919547
3,1631,0,Invasive_Tumor,0.6338028169014085,71,765.9635085731744,1841.4679975772278
3,1632,0,Invasive_Tumor,0.7391304347826086,69,883.475968953967,1755.9877305625007
3,1633,0,Invasive_Tumor,0.78125,64,765.9635085731744,1755.9877305625007
3,1635,0,Invasive_Tumor,0.3492063492063492,63,530.9385878115892,1841.4679975772278
3,1637,1,Macrophages_1,0.26666666666666666,60,530.9385878115892,1755.9877305625007
3,1638,0,CD4+_T_Cells,0.2543859649122807,114,413.4261274307966,2012.4285316066819
3,1639,0,CD4+_T_Cells,0.25,52,295.913667050004,2012.4285316066819
3,1640,0,CD4+_T_Cells,0.2871287128712871,101,413.4261274307966,1926.9482645919547
3,1642,0,Invasive_Tumor,0.3181818181818182,66,178.40120666921138,2012.4285316066819
3,1643,2,Myoepi_ACTA2+,0.2222222222222222,81,60.888746288418766,2012.4285316066819
3,1644,0,CD4+_T_Cells,0.32978723404255317,94,178.40120666921138,1926.9482645919547
3,1645,2,Stromal,0.2028985507246377,69,60.888746288418766,1926.9482645919547
3,1646,0,Invasive_Tumor,0.2894736842105263,76,413.4261274307966,1841.4679975772278
3,1647,0,CD4+_T_Cells,0.32075471698113206,106,295.913667050004,1841.4679975772278
3,1648,0,Endothelial,0.2459016393442623,61,413.4261274307966,1755.9877305625007
3,1649,0,Macrophages_1,0.2916666666666667,96,295.913667050004,1755.9877305625007
3,1650,2,Myoepi_ACTA2+,0.19672131147540983,61,178.40120666921138,1841.4679975772278
3,1651,3,DCIS_2,0.7321428571428571,56,60.888746288418766,1841.4679975772278
3,1652,2,DCIS_2,0.3508771929824561,57,178.40120666921138,1755.9877305625007
3,1654,0,Stromal,0.30120481927710846,166,824.7197387635707,1627.7673300404103
3,1655,0,Invasive_Tumor,0.3768844221105528,199,589.6948180019855,1627.7673300404103
3,1656,0,Invasive_Tumor,0.2,75,883.475968953967,1499.5469295183198
3,1657,1,CD4+_T_Cells,0.3088235294117647,68,765.9635085731744,1499.5469295183198
3,1658,0,CD4+_T_Cells,0.36893203883495146,103,883.475968953967,1414.0666625035926
3,1659,1,CD4+_T_Cells,0.410958904109589,73,765.9635085731744,1414.0666625035926
3,1660,0,Invasive_Tumor,0.4246575342465753,73,648.4510481923818,1499.5469295183198
3,1661,0,Invasive_Tumor,0.7126436781609196,87,530.9385878115892,1499.5469295183198
3,1662,0,Invasive_Tumor,0.4444444444444444,63,648.4510481923818,1414.0666625035926
3,1663,0,Invasive_Tumor,0.4166666666666667,72,530.9385878115892,1414.0666625035926
3,1664,0,Invasive_Tumor,0.6268656716417911,67,413.4261274307966,1670.5074635477738
3,1665,2,Stromal,0.24390243902439024,82,295.913667050004,1670.5074635477738
3,1666,0,Invasive_Tumor,0.7466666666666667,75,413.4261274307966,1585.0271965330467
3,1667,2,Stromal,0.30158730158730157,63,295.913667050004,1585.0271965330467
3,1668,2,Myoepi_ACTA2+,0.34782608695652173,69,178.40120666921138,1670.5074635477738
3,1669,3,DCIS_2,0.8701298701298701,77,60.888746288418766,1670.5074635477738
3,1670,2,Myoepi_ACTA2+,0.4050632911392405,79,178.40120666921138,1585.0271965330467
3,1671,2,Myoepi_ACTA2+,0.5529411764705883,85,60.888746288418766,1585.0271965330467
3,1673,2,Stromal,0.2641509433962264,53,295.913667050004,1499.5469295183198
3,1674,0,Invasive_Tumor,0.49230769230769234,65,413.4261274307966,1414.0666625035926
3,1675,0,Stromal,0.29545454545454547,44,295.913667050004,1414.0666625035926
3,1676,2,DCIS_2,0.47540983606557374,61,178.40120666921138,1499.5469295183198
3,1677,2,Myoepi_ACTA2+,0.39436619718309857,71,60.888746288418766,1499.5469295183198
3,1678,2,Myoepi_ACTA2+,0.5849056603773585,53,178.40120666921138,1414.0666625035926
3,1679,2,Myoepi_ACTA2+,0.34,50,60.888746288418766,1414.0666625035926
3,1680,0,Invasive_Tumor,0.7878787878787878,66,3703.7750180929897,1328.5863954888657
3,1681,0,Invasive_Tumor,0.65,80,3586.262557712197,1328.5863954888657
3,1682,0,Invasive_Tumor,0.6323529411764706,68,3703.7750180929897,1243.1061284741386
3,1683,0,Invasive_Tumor,0.8266666666666667,75,3586.262557712197,1243.1061284741386
3,1684,0,Invasive_Tumor,0.821917808219178,73,3468.7500973314045,1328.5863954888657
3,1685,0,Invasive_Tumor,0.759493670886076,79,3351.237636950612,1328.5863954888657
3,1686,0,Invasive_Tumor,0.8805970149253731,67,3468.7500973314045,1243.1061284741386
3,1687,0,Invasive_Tumor,0.7402597402597403,77,3351.237636950612,1243.1061284741386
3,1688,0,Invasive_Tumor,0.76,50,3703.7750180929897,1157.6258614594117
3,1690,1,Invasive_Tumor,0.2962962962962963,27,3703.7750180929897,1072.1455944446845
3,1691,0,Invasive_Tumor,0.5,54,3586.262557712197,1072.1455944446845
3,1692,0,Invasive_Tumor,0.8360655737704918,61,3468.7500973314045,1157.6258614594117
3,1693,0,Invasive_Tumor,0.5616438356164384,73,3351.237636950612,1157.6258614594117
3,1694,0,Invasive_Tumor,0.578125,64,3468.7500973314045,1072.1455944446845
3,1695,0,Invasive_Tumor,0.44,50,3351.237636950612,1072.1455944446845
3,1696,0,Invasive_Tumor,0.8412698412698413,63,3233.7251765698193,1328.5863954888657
3,1697,0,Invasive_Tumor,0.7746478873239436,71,3116.2127161890267,1328.5863954888657
3,1698,0,Invasive_Tumor,0.6825396825396826,63,3233.7251765698193,1243.1061284741386
3,1699,0,Invasive_Tumor,0.7971014492753623,69,3116.2127161890267,1243.1061284741386
3,1700,0,Invasive_Tumor,0.576271186440678,59,2998.700255808234,1328.5863954888657
3,1701,0,Invasive_Tumor,0.375,40,2881.1877954274414,1328.5863954888657
3,1702,0,Invasive_Tumor,0.8769230769230769,65,2998.700255808234,1243.1061284741386
3,1703,0,Invasive_Tumor,0.7837837837837838,74,2881.1877954274414,1243.1061284741386
3,1704,0,Invasive_Tumor,0.8840579710144928,69,3233.7251765698193,1157.6258614594117
3,1705,0,Invasive_Tumor,0.927710843373494,83,3116.2127161890267,1157.6258614594117
3,1706,0,Invasive_Tumor,0.84,75,3233.7251765698193,1072.1455944446845
3,1707,0,Invasive_Tumor,0.8734177215189873,79,3116.2127161890267,1072.1455944446845
3,1708,0,Invasive_Tumor,0.8421052631578947,57,2998.700255808234,1157.6258614594117
3,1709,0,Invasive_Tumor,0.9137931034482759,58,2881.1877954274414,1157.6258614594117
3,1710,0,Invasive_Tumor,0.8070175438596491,57,2998.700255808234,1072.1455944446845
3,1711,0,Invasive_Tumor,0.8205128205128205,78,2881.1877954274414,1072.1455944446845
3,1712,0,Invasive_Tumor,0.569620253164557,158,3645.0187879025934,943.9251939225942
3,1713,0,Invasive_Tumor,0.66,150,3409.993867141008,943.9251939225942
3,1714,1,Stromal,0.39215686274509803,51,3645.0187879025934,772.9646598931402
3,1715,1,Stromal,0.5333333333333333,60,3409.993867141008,772.9646598931402
3,1716,0,Invasive_Tumor,0.639344262295082,61,3233.7251765698193,986.6653274299576
3,1717,0,Invasive_Tumor,0.8607594936708861,79,3116.2127161890267,986.6653274299576
3,1718,0,Invasive_Tumor,0.7346938775510204,49,3233.7251765698193,901.1850604152307
3,1719,0,Invasive_Tumor,0.6964285714285714,56,3116.2127161890267,901.1850604152307
3,1720,0,Invasive_Tumor,0.8767123287671232,73,2998.700255808234,986.6653274299576
3,1721,0,Invasive_Tumor,0.6808510638297872,47,2881.1877954274414,986.6653274299576
3,1722,0,Invasive_Tumor,0.7115384615384616,52,2998.700255808234,901.1850604152307
3,1724,0,Stromal,0.5079365079365079,63,3174.968946379423,772.9646598931402
3,1725,0,Invasive_Tumor,0.5294117647058824,51,2998.700255808234,815.7047934005036
3,1726,0,Invasive_Tumor,0.9649122807017544,57,2881.1877954274414,815.7047934005036
3,1727,0,Invasive_Tumor,0.8421052631578947,38,2998.700255808234,730.2245263857767
3,1728,0,Invasive_Tumor,0.8805970149253731,67,2881.1877954274414,730.2245263857767
3,1729,0,Invasive_Tumor,0.7936507936507936,63,2763.675335046649,1328.5863954888657
3,1730,0,Invasive_Tumor,0.6923076923076923,52,2646.162874665856,1328.5863954888657
3,1731,3,Invasive_Tumor,0.8260869565217391,69,2763.675335046649,1243.1061284741386
3,1732,0,Invasive_Tumor,0.8125,48,2646.162874665856,1243.1061284741386
3,1733,0,Invasive_Tumor,0.7936507936507936,63,2528.6504142850636,1328.5863954888657
3,1735,0,Invasive_Tumor,0.8095238095238095,63,2528.6504142850636,1243.1061284741386
3,1736,0,Invasive_Tumor,0.6,60,2411.137953904271,1243.1061284741386
3,1737,0,Invasive_Tumor,0.8529411764705882,68,2763.675335046649,1157.6258614594117
3,1738,0,Invasive_Tumor,0.6730769230769231,52,2646.162874665856,1157.6258614594117
3,1739,0,Invasive_Tumor,0.8166666666666667,60,2763.675335046649,1072.1455944446845
3,1740,0,Invasive_Tumor,0.8611111111111112,72,2646.162874665856,1072.1455944446845
3,1741,0,Invasive_Tumor,0.5,46,2528.6504142850636,1157.6258614594117
3,1742,0,Invasive_Tumor,0.6825396825396826,63,2411.137953904271,1157.6258614594117
3,1743,0,Invasive_Tumor,0.6666666666666666,54,2528.6504142850636,1072.1455944446845
3,1744,0,Invasive_Tumor,0.8448275862068966,58,2411.137953904271,1072.1455944446845
3,1745,0,Invasive_Tumor,0.7833333333333333,60,2293.6254935234783,1328.5863954888657
3,1746,0,Invasive_Tumor,0.7755102040816326,49,2176.1130331426857,1328.5863954888657
3,1748,0,Invasive_Tumor,0.72,50,2176.1130331426857,1243.1061284741386
3,1749,0,Invasive_Tumor,0.7058823529411765,68,2058.600572761893,1328.5863954888657
3,1750,3,Invasive_Tumor,0.9104477611940298,67,1941.0881123811005,1328.5863954888657
3,1751,0,Invasive_Tumor,0.6140350877192983,57,2058.600572761893,1243.1061284741386
3,1752,0,Invasive_Tumor,0.75,64,1941.0881123811005,1243.1061284741386
3,1753,0,Invasive_Tumor,0.65625,64,2293.6254935234783,1157.6258614594117
3,1754,0,Invasive_Tumor,0.7884615384615384,52,2176.1130331426857,1157.6258614594117
3,1755,0,Invasive_Tumor,0.576271186440678,59,2293.6254935234783,1072.1455944446845
3,1756,0,Invasive_Tumor,0.8421052631578947,57,2176.1130331426857,1072.1455944446845
3,1757,0,Invasive_Tumor,0.8596491228070176,57,2058.600572761893,1157.6258614594117
3,1758,0,Invasive_Tumor,0.6268656716417911,67,1941.0881123811005,1157.6258614594117
3,1759,0,Invasive_Tumor,0.803921568627451,51,2058.600572761893,1072.1455944446845
3,1760,0,Invasive_Tumor,0.5714285714285714,56,1941.0881123811005,1072.1455944446845
3,1761,0,Invasive_Tumor,0.8387096774193549,62,2763.675335046649,986.6653274299576
3,1762,0,Invasive_Tumor,0.5576923076923077,52,2646.162874665856,986.6653274299576
3,1764,0,Invasive_Tumor,0.7,50,2646.162874665856,901.1850604152307
3,1765,0,Invasive_Tumor,0.8653846153846154,52,2528.6504142850636,986.6653274299576
3,1766,0,Invasive_Tumor,0.88,75,2411.137953904271,986.6653274299576
3,1767,0,Invasive_Tumor,0.7272727272727273,55,2528.6504142850636,901.1850604152307
3,1768,0,Invasive_Tumor,0.7166666666666667,60,2411.137953904271,901.1850604152307
3,1769,0,Invasive_Tumor,0.6666666666666666,48,2763.675335046649,815.7047934005036
3,1770,0,Invasive_Tumor,0.8518518518518519,54,2646.162874665856,815.7047934005036
3,1771,0,Invasive_Tumor,0.38,50,2763.675335046649,730.2245263857767
3,1772,0,Invasive_Tumor,0.5238095238095238,63,2646.162874665856,730.2245263857767
3,1773,0,Invasive_Tumor,0.7931034482758621,58,2528.6504142850636,815.7047934005036
3,1774,0,Invasive_Tumor,0.6896551724137931,58,2411.137953904271,815.7047934005036
3,1776,0,Invasive_Tumor,0.6888888888888889,45,2411.137953904271,730.2245263857767
3,1777,0,Invasive_Tumor,0.6964285714285714,56,2293.6254935234783,986.6653274299576
3,1778,0,Stromal,0.40540540540540543,37,2176.1130331426857,986.6653274299576
3,1780,0,Invasive_Tumor,0.8169014084507042,71,2176.1130331426857,901.1850604152307
3,1781,0,Invasive_Tumor,0.6751269035532995,197,1999.8443425714968,943.9251939225942
3,1782,0,Invasive_Tumor,0.5555555555555556,45,2293.6254935234783,815.7047934005036
3,1783,0,Invasive_Tumor,0.7407407407407407,54,2176.1130331426857,815.7047934005036
3,1784,0,Invasive_Tumor,0.864406779661017,59,2293.6254935234783,730.2245263857767
3,1785,0,Invasive_Tumor,0.6842105263157895,57,2176.1130331426857,730.2245263857767
3,1786,0,Invasive_Tumor,0.7619047619047619,63,2058.600572761893,815.7047934005036
3,1787,0,Invasive_Tumor,0.7254901960784313,51,1941.0881123811005,815.7047934005036
3,1788,0,Invasive_Tumor,0.847457627118644,59,2058.600572761893,730.2245263857767
3,1789,0,Invasive_Tumor,0.875,56,1941.0881123811005,730.2245263857767
3,1790,0,Invasive_Tumor,0.7294117647058823,170,2939.9440256178377,602.0041258636862
3,1791,0,Invasive_Tumor,0.3979591836734694,98,2939.9440256178377,431.0435918342322
3,1792,0,Invasive_Tumor,0.7010309278350515,194,2704.9191048562525,602.0041258636862
3,1794,0,Invasive_Tumor,0.6190476190476191,42,2411.137953904271,644.7442593710498
3,1795,0,Invasive_Tumor,0.6811594202898551,69,2528.6504142850636,559.2639923563227
3,1798,0,Invasive_Tumor,0.76,50,2528.6504142850636,473.7837253415957
3,1799,0,Invasive_Tumor,0.5535714285714286,56,2411.137953904271,473.7837253415957
3,1800,0,Invasive_Tumor,0.717391304347826,46,2528.6504142850636,388.30345832686874
3,1801,0,Invasive_Tumor,0.49019607843137253,51,2411.137953904271,388.30345832686874
3,1802,0,Invasive_Tumor,0.85,60,2293.6254935234783,644.7442593710498
3,1803,0,Invasive_Tumor,0.8769230769230769,65,2176.1130331426857,644.7442593710498
3,1804,0,Invasive_Tumor,0.8,65,2293.6254935234783,559.2639923563227
3,1805,0,Invasive_Tumor,0.5384615384615384,65,2176.1130331426857,559.2639923563227
3,1807,0,Invasive_Tumor,0.7868852459016393,61,1941.0881123811005,644.7442593710498
3,1808,0,Invasive_Tumor,0.8253968253968254,63,2058.600572761893,559.2639923563227
3,1809,0,Invasive_Tumor,0.7592592592592593,54,1941.0881123811005,559.2639923563227
3,1810,0,Invasive_Tumor,0.6271186440677966,59,2293.6254935234783,473.7837253415957
3,1811,1,Stromal,0.625,48,2176.1130331426857,473.7837253415957
3,1813,2,Myoepi_ACTA2+,0.3181818181818182,66,2176.1130331426857,388.30345832686874
3,1815,0,Invasive_Tumor,0.7551020408163265,196,2704.9191048562525,260.0830578047782
3,1819,3,DCIS_2,0.46296296296296297,54,2293.6254935234783,217.3429242974147
3,1820,3,DCIS_2,0.29545454545454547,44,2176.1130331426857,217.3429242974147
3,1821,3,DCIS_2,0.5584415584415584,77,2058.600572761893,302.8231913121417
3,1822,0,Stromal,0.2926829268292683,41,1941.0881123811005,302.8231913121417
3,1823,3,DCIS_2,0.6292134831460674,89,2058.600572761893,217.3429242974147
3,1824,2,Endothelial,0.16216216216216217,74,1941.0881123811005,217.3429242974147
3,1826,1,Invasive_Tumor,0.5579710144927537,138,1999.8443425714968,89.12252377532423
3,1827,0,Invasive_Tumor,0.6296296296296297,54,1823.5756520003079,1328.5863954888657
3,1828,0,Invasive_Tumor,0.8181818181818182,55,1706.0631916195152,1328.5863954888657
3,1829,0,Invasive_Tumor,0.8461538461538461,65,1823.5756520003079,1243.1061284741386
3,1830,0,Invasive_Tumor,0.7058823529411765,51,1706.0631916195152,1243.1061284741386
3,1831,0,Invasive_Tumor,0.543010752688172,186,1529.7945010483263,1285.8462619815023
3,1832,0,Invasive_Tumor,0.5454545454545454,66,1823.5756520003079,1157.6258614594117
3,1833,0,Invasive_Tumor,0.8,55,1706.0631916195152,1157.6258614594117
3,1834,0,Invasive_Tumor,0.5,62,1823.5756520003079,1072.1455944446845
3,1835,0,Invasive_Tumor,0.52,50,1706.0631916195152,1072.1455944446845
3,1837,0,Invasive_Tumor,0.8095238095238095,63,1471.03827085793,1157.6258614594117
3,1838,0,Invasive_Tumor,0.6610169491525424,59,1588.5507312387226,1072.1455944446845
3,1842,0,Invasive_Tumor,0.575,40,1353.5258104771374,1243.1061284741386
3,1844,0,Stromal,0.25555555555555554,180,1059.7446595251558,1285.8462619815023
3,1845,0,Invasive_Tumor,0.6855670103092784,194,1294.769580286741,1114.885727952048
3,1846,0,Invasive_Tumor,0.32642487046632124,193,1059.7446595251558,1114.885727952048
3,1847,0,Invasive_Tumor,0.5082872928176796,181,1764.8194218099115,943.9251939225942
3,1848,0,Invasive_Tumor,0.5849056603773585,159,1529.7945010483263,943.9251939225942
3,1849,0,Invasive_Tumor,0.7741935483870968,62,1823.5756520003079,815.7047934005036
3,1850,0,Invasive_Tumor,0.7692307692307693,52,1706.0631916195152,815.7047934005036
3,1851,0,Invasive_Tumor,0.6481481481481481,54,1823.5756520003079,730.2245263857767
3,1852,0,Invasive_Tumor,0.8363636363636363,55,1706.0631916195152,730.2245263857767
3,1853,0,Invasive_Tumor,0.5432098765432098,162,1529.7945010483263,772.9646598931402
3,1854,0,Invasive_Tumor,0.36065573770491804,183,1294.769580286741,943.9251939225942
3,1855,2,Stromal,0.28846153846153844,52,1118.5008897155521,986.6653274299576
3,1856,2,DCIS_2,0.2835820895522388,67,1000.9884293347595,986.6653274299576
3,1858,2,Stromal,0.30952380952380953,84,1000.9884293347595,901.1850604152307
3,1859,2,Invasive_Tumor,0.285,200,1294.769580286741,772.9646598931402
3,1860,3,Invasive_Tumor,0.4794520547945205,73,1118.5008897155521,815.7047934005036
3,1861,2,DCIS_2,0.4,70,1000.9884293347595,815.7047934005036
3,1862,3,Invasive_Tumor,0.581081081081081,74,1118.5008897155521,730.2245263857767
3,1863,3,DCIS_2,0.7283950617283951,81,1000.9884293347595,730.2245263857767
3,1866,2,Stromal,0.3090909090909091,55,883.475968953967,1243.1061284741386
3,1867,3,DCIS_2,0.8,70,765.9635085731744,1243.1061284741386
3,1868,1,CD4+_T_Cells,0.410958904109589,73,648.4510481923818,1328.5863954888657
3,1869,0,Invasive_Tumor,0.546875,64,530.9385878115892,1328.5863954888657
3,1870,2,DCIS_2,0.44,50,648.4510481923818,1243.1061284741386
3,1871,0,Stromal,0.24,50,530.9385878115892,1243.1061284741386
3,1872,3,DCIS_2,0.6857142857142857,70,883.475968953967,1157.6258614594117
3,1873,3,DCIS_2,0.8987341772151899,79,765.9635085731744,1157.6258614594117
3,1874,3,Invasive_Tumor,0.532258064516129,62,883.475968953967,1072.1455944446845
3,1875,3,DCIS_2,0.8020833333333334,96,765.9635085731744,1072.1455944446845
3,1876,2,DCIS_2,0.6585365853658537,82,648.4510481923818,1157.6258614594117
3,1877,1,Endothelial,0.37777777777777777,45,530.9385878115892,1157.6258614594117
3,1879,2,DCIS_2,0.32,50,530.9385878115892,1072.1455944446845
3,1880,0,Invasive_Tumor,0.8428571428571429,70,413.4261274307966,1328.5863954888657
3,1881,0,Invasive_Tumor,0.6440677966101694,59,295.913667050004,1328.5863954888657
3,1882,0,Invasive_Tumor,0.48148148148148145,54,413.4261274307966,1243.1061284741386
3,1883,0,Invasive_Tumor,0.2830188679245283,53,295.913667050004,1243.1061284741386
3,1885,2,Myoepi_ACTA2+,0.3333333333333333,75,60.888746288418766,1328.5863954888657
3,1886,2,Stromal,0.2714285714285714,70,178.40120666921138,1243.1061284741386
3,1887,3,DCIS_2,0.803921568627451,51,60.888746288418766,1243.1061284741386
3,1888,1,Stromal,0.28205128205128205,39,413.4261274307966,1157.6258614594117
3,1889,0,Invasive_Tumor,0.1875,64,295.913667050004,1157.6258614594117
3,1891,1,CD4+_T_Cells,0.23076923076923078,52,295.913667050004,1072.1455944446845
3,1892,2,CD4+_T_Cells,0.26136363636363635,88,178.40120666921138,1157.6258614594117
3,1894,1,Stromal,0.26136363636363635,88,178.40120666921138,1072.1455944446845
3,1896,3,Invasive_Tumor,0.5074626865671642,67,883.475968953967,986.6653274299576
3,1897,3,DCIS_2,0.6122448979591837,98,765.9635085731744,986.6653274299576
3,1898,2,DCIS_2,0.3614457831325301,83,883.475968953967,901.1850604152307
3,1899,3,DCIS_2,0.7647058823529411,85,765.9635085731744,901.1850604152307
3,1900,3,DCIS_2,0.6534653465346535,101,648.4510481923818,986.6653274299576
3,1901,2,DCIS_2,0.6363636363636364,66,530.9385878115892,986.6653274299576
3,1902,3,DCIS_2,0.7592592592592593,108,648.4510481923818,901.1850604152307
3,1903,3,DCIS_2,0.797979797979798,99,530.9385878115892,901.1850604152307
3,1904,2,DCIS_2,0.35135135135135137,74,883.475968953967,815.7047934005036
3,1905,2,DCIS_2,0.5238095238095238,63,765.9635085731744,815.7047934005036
3,1906,2,DCIS_2,0.746031746031746,63,883.475968953967,730.2245263857767
3,1907,2,DCIS_2,0.39473684210526316,76,765.9635085731744,730.2245263857767
3,1908,3,DCIS_2,0.8478260869565217,92,648.4510481923818,815.7047934005036
3,1909,2,DCIS_2,0.4659090909090909,88,530.9385878115892,815.7047934005036
3,1910,2,DCIS_2,0.42391304347826086,92,648.4510481923818,730.2245263857767
3,1911,2,DCIS_2,0.3409090909090909,88,530.9385878115892,730.2245263857767
3,1912,1,CD4+_T_Cells,0.2549019607843137,51,413.4261274307966,986.6653274299576
3,1913,0,Stromal,0.21666666666666667,60,295.913667050004,986.6653274299576
3,1914,1,Stromal,0.32,50,413.4261274307966,901.1850604152307
3,1915,0,Invasive_Tumor,0.4117647058823529,68,295.913667050004,901.1850604152307
3,1916,0,Stromal,0.3137254901960784,51,178.40120666921138,986.6653274299576
3,1917,1,CD4+_T_Cells,0.34,100,60.888746288418766,986.6653274299576
3,1918,0,Invasive_Tumor,0.2978723404255319,47,178.40120666921138,901.1850604152307
3,1919,0,Stromal,0.47058823529411764,51,60.888746288418766,901.1850604152307
3,1921,0,Invasive_Tumor,0.24528301886792453,106,295.913667050004,815.7047934005036
3,1922,2,DCIS_2,0.44871794871794873,78,413.4261274307966,730.2245263857767
3,1923,0,CD8+_T_Cells,0.16161616161616163,99,295.913667050004,730.2245263857767
3,1924,0,Invasive_Tumor,0.6896551724137931,58,178.40120666921138,815.7047934005036
3,1925,0,Invasive_Tumor,0.3125,48,60.888746288418766,815.7047934005036
3,1927,0,Invasive_Tumor,0.7857142857142857,56,60.888746288418766,730.2245263857767
3,1929,0,Invasive_Tumor,0.5614035087719298,57,1706.0631916195152,644.7442593710498
3,1930,0,Invasive_Tumor,0.7321428571428571,56,1823.5756520003079,559.2639923563227
3,1933,0,Invasive_Tumor,0.6666666666666666,54,1823.5756520003079,473.7837253415957
3,1934,0,Invasive_Tumor,0.38095238095238093,42,1706.0631916195152,473.7837253415957
3,1935,0,Invasive_Tumor,0.5362318840579711,69,1823.5756520003079,388.30345832686874
3,1936,0,Invasive_Tumor,0.7567567567567568,74,1706.0631916195152,388.30345832686874
3,1937,0,Invasive_Tumor,0.3786407766990291,103,1529.7945010483263,431.0435918342322
3,1938,2,Stromal,0.25,48,1353.5258104771374,644.7442593710498
3,1939,3,DCIS_2,0.515625,64,1236.0133500963448,644.7442593710498
3,1940,2,DCIS_2,0.2835820895522388,67,1353.5258104771374,559.2639923563227
3,1941,3,Invasive_Tumor,0.5072463768115942,69,1236.0133500963448,559.2639923563227
3,1942,3,DCIS_2,0.7901234567901234,81,1118.5008897155521,644.7442593710498
3,1943,3,DCIS_2,0.6206896551724138,58,1000.9884293347595,644.7442593710498
3,1944,3,DCIS_2,0.5555555555555556,63,1118.5008897155521,559.2639923563227
3,1945,3,Invasive_Tumor,0.29545454545454547,44,1000.9884293347595,559.2639923563227
3,1946,2,DCIS_2,0.3,40,1353.5258104771374,473.7837253415957
3,1947,2,Myoepi_ACTA2+,0.2692307692307692,78,1236.0133500963448,473.7837253415957
3,1948,1,Stromal,0.42857142857142855,35,1353.5258104771374,388.30345832686874
3,1949,2,Myoepi_ACTA2+,0.17567567567567569,74,1236.0133500963448,388.30345832686874
3,1950,2,Macrophages_1,0.3382352941176471,68,1118.5008897155521,473.7837253415957
3,1951,1,Invasive_Tumor,0.52,50,1000.9884293347595,473.7837253415957
3,1952,3,DCIS_2,0.5285714285714286,70,1118.5008897155521,388.30345832686874
3,1953,3,Invasive_Tumor,0.39473684210526316,38,1000.9884293347595,388.30345832686874
3,1954,0,Invasive_Tumor,0.48,50,1823.5756520003079,302.8231913121417
3,1955,0,Invasive_Tumor,0.56,50,1706.0631916195152,302.8231913121417
3,1956,1,Macrophages_1,0.27450980392156865,51,1823.5756520003079,217.3429242974147
3,1957,0,Invasive_Tumor,0.7377049180327869,61,1706.0631916195152,217.3429242974147
3,1958,0,Invasive_Tumor,0.36,50,1588.5507312387226,302.8231913121417
3,1960,0,Invasive_Tumor,0.8307692307692308,65,1588.5507312387226,217.3429242974147
3,1961,0,Invasive_Tumor,0.7916666666666666,48,1471.03827085793,217.3429242974147
3,1962,3,Invasive_Tumor,0.7638190954773869,199,1764.8194218099115,89.12252377532423
3,1964,0,Invasive_Tumor,0.8166666666666667,60,1471.03827085793,131.86265728268774
3,1965,3,Invasive_Tumor,0.6206896551724138,29,1588.5507312387226,46.38239026796073
3,1967,0,B_Cells,0.25,56,1353.5258104771374,302.8231913121417
3,1968,1,Stromal,0.325,40,1236.0133500963448,302.8231913121417
3,1969,0,Invasive_Tumor,0.6190476190476191,63,1353.5258104771374,217.3429242974147
3,1970,1,Stromal,0.29545454545454547,44,1236.0133500963448,217.3429242974147
3,1971,2,DCIS_2,0.5465116279069767,86,1118.5008897155521,302.8231913121417
3,1972,3,DCIS_2,0.5476190476190477,84,1000.9884293347595,302.8231913121417
3,1973,2,DCIS_2,0.3333333333333333,51,1118.5008897155521,217.3429242974147
3,1974,2,DCIS_2,0.5876288659793815,97,1000.9884293347595,217.3429242974147
3,1975,0,Invasive_Tumor,0.7945205479452054,73,1353.5258104771374,131.86265728268774
3,1976,0,Invasive_Tumor,0.759493670886076,79,1236.0133500963448,131.86265728268774
3,1977,3,Invasive_Tumor,0.8472222222222222,72,1353.5258104771374,46.38239026796073
3,1978,0,Invasive_Tumor,0.7571428571428571,70,1236.0133500963448,46.38239026796073
3,1979,1,Stromal,0.4,35,1118.5008897155521,131.86265728268774
3,1980,2,Myoepi_ACTA2+,0.3132530120481928,83,1000.9884293347595,131.86265728268774
3,1981,0,Invasive_Tumor,0.6727272727272727,55,1118.5008897155521,46.38239026796073
3,1982,1,Stromal,0.5111111111111111,45,1000.9884293347595,46.38239026796073
3,1983,3,DCIS_2,0.8588235294117647,85,883.475968953967,644.7442593710498
3,1984,3,DCIS_2,0.8108108108108109,74,765.9635085731744,644.7442593710498
3,1985,3,DCIS_2,0.4152542372881356,118,883.475968953967,559.2639923563227
3,1986,3,DCIS_2,0.7450980392156863,102,765.9635085731744,559.2639923563227
3,1987,3,DCIS_2,0.5205479452054794,73,648.4510481923818,644.7442593710498
3,1988,2,DCIS_2,0.3695652173913043,92,530.9385878115892,644.7442593710498
3,1989,3,DCIS_2,0.75,76,648.4510481923818,559.2639923563227
3,1990,2,DCIS_2,0.22666666666666666,75,530.9385878115892,559.2639923563227
3,1991,1,Invasive_Tumor,0.47560975609756095,82,883.475968953967,473.7837253415957
3,1992,3,DCIS_2,0.7752808988764045,89,765.9635085731744,473.7837253415957
3,1993,1,DCIS_2,0.4222222222222222,90,883.475968953967,388.30345832686874
3,1995,3,DCIS_2,0.550561797752809,89,648.4510481923818,473.7837253415957
3,1996,2,Invasive_Tumor,0.4588235294117647,85,530.9385878115892,473.7837253415957
3,1997,3,DCIS_2,0.5957446808510638,94,648.4510481923818,388.30345832686874
3,1998,3,Invasive_Tumor,0.5529411764705883,85,530.9385878115892,388.30345832686874
3,1999,2,Invasive_Tumor,0.3287671232876712,73,413.4261274307966,644.7442593710498
3,2001,2,DCIS_2,0.3424657534246575,73,413.4261274307966,559.2639923563227
3,2002,0,Invasive_Tumor,0.6721311475409836,61,295.913667050004,559.2639923563227
3,2003,0,Invasive_Tumor,0.5636363636363636,55,178.40120666921138,644.7442593710498
3,2004,0,Invasive_Tumor,0.5737704918032787,61,60.888746288418766,644.7442593710498
3,2005,0,Invasive_Tumor,0.7540983606557377,61,178.40120666921138,559.2639923563227
3,2006,0,Invasive_Tumor,0.6153846153846154,65,60.888746288418766,559.2639923563227
3,2007,3,DCIS_2,0.5189873417721519,79,413.4261274307966,473.7837253415957
3,2008,0,Invasive_Tumor,0.6451612903225806,62,295.913667050004,473.7837253415957
3,2009,0,DCIS_2,0.3384615384615385,65,413.4261274307966,388.30345832686874
3,2010,0,Invasive_Tumor,0.68,75,295.913667050004,388.30345832686874
3,2011,0,Invasive_Tumor,0.7590361445783133,83,178.40120666921138,473.7837253415957
3,2013,0,Invasive_Tumor,0.8,95,178.40120666921138,388.30345832686874
3,2014,3,Invasive_Tumor,0.7777777777777778,108,60.888746288418766,388.30345832686874
3,2015,3,DCIS_2,0.7764705882352941,85,883.475968953967,302.8231913121417
3,2016,3,DCIS_2,0.77,100,765.9635085731744,302.8231913121417
3,2017,2,DCIS_2,0.41935483870967744,93,883.475968953967,217.3429242974147
3,2018,3,DCIS_2,0.7391304347826086,92,765.9635085731744,217.3429242974147
3,2019,3,DCIS_2,0.6703296703296703,91,648.4510481923818,302.8231913121417
3,2020,2,DCIS_2,0.3253012048192771,83,530.9385878115892,302.8231913121417
3,2021,2,DCIS_2,0.33663366336633666,101,648.4510481923818,217.3429242974147
3,2022,1,Stromal,0.5151515151515151,33,530.9385878115892,217.3429242974147
3,2023,3,Invasive_Tumor,0.5360824742268041,97,883.475968953967,131.86265728268774
3,2024,3,DCIS_2,0.61,100,765.9635085731744,131.86265728268774
3,2025,2,DCIS_2,0.34375,64,883.475968953967,46.38239026796073
3,2028,1,Stromal,0.4666666666666667,30,530.9385878115892,131.86265728268774
3,2029,2,DCIS_2,0.3188405797101449,69,648.4510481923818,46.38239026796073
3,2030,1,Stromal,0.6086956521739131,23,530.9385878115892,46.38239026796073
3,2031,0,Invasive_Tumor,0.4375,48,413.4261274307966,302.8231913121417
3,2032,0,Invasive_Tumor,0.8095238095238095,84,295.913667050004,302.8231913121417
3,2033,0,Invasive_Tumor,0.5873015873015873,63,413.4261274307966,217.3429242974147
3,2034,0,Invasive_Tumor,0.7070707070707071,99,295.913667050004,217.3429242974147
3,2035,0,Invasive_Tumor,0.6976744186046512,86,178.40120666921138,302.8231913121417
3,2036,0,Invasive_Tumor,0.7111111111111111,90,60.888746288418766,302.8231913121417
3,2037,0,Invasive_Tumor,0.6060606060606061,99,178.40120666921138,217.3429242974147
3,2039,0,Invasive_Tumor,0.3611111111111111,36,413.4261274307966,131.86265728268774
3,2040,0,Invasive_Tumor,0.7672413793103449,116,295.913667050004,131.86265728268774
3,2041,0,Macrophages_1,0.225,40,413.4261274307966,46.38239026796073
3,2042,0,Invasive_Tumor,0.6909090909090909,55,295.913667050004,46.38239026796073
3,2043,0,Invasive_Tumor,0.6186440677966102,118,119.64497647881507,89.12252377532423
4,0,2,DCIS_1,0.32456140350877194,114,7405.417520087957,5388.899078688399
4,1,2,DCIS_1,0.4,50,7229.148829516768,5431.6392121957615
4,2,3,DCIS_1,0.5128205128205128,78,7111.636369135976,5431.6392121957615
4,3,2,Stromal,0.40425531914893614,47,7229.148829516768,5346.158945181035
4,4,3,DCIS_1,0.6282051282051282,78,7111.636369135976,5346.158945181035
4,5,3,DCIS_1,0.4945054945054945,91,7464.1737502783535,5260.678678166308
4,6,1,Stromal,0.3888888888888889,36,7346.661289897561,5260.678678166308
4,7,3,DCIS_1,0.8235294117647058,51,7464.1737502783535,5175.19841115158
4,9,0,Stromal,0.3617021276595745,47,7229.148829516768,5260.678678166308
4,10,3,DCIS_1,0.6666666666666666,72,7111.636369135976,5260.678678166308
4,12,2,DCIS_1,0.2328767123287671,73,7111.636369135976,5175.19841115158
4,13,2,Stromal,0.3048780487804878,164,6935.367678564787,5388.899078688399
4,14,1,Stromal,0.5357142857142857,28,6700.3427578032015,5388.899078688399
4,15,2,DCIS_1,0.38095238095238093,147,6935.367678564787,5217.938544658944
4,16,1,Stromal,0.5344827586206896,58,6700.3427578032015,5217.938544658944
4,17,3,DCIS_1,0.8596491228070176,57,7464.1737502783535,5089.718144136853
4,18,3,DCIS_1,0.896551724137931,58,7346.661289897561,5089.718144136853
4,19,2,Stromal,0.3684210526315789,57,7464.1737502783535,5004.2378771221265
4,20,2,DCIS_1,0.6666666666666666,51,7346.661289897561,5004.2378771221265
4,21,3,DCIS_1,0.8666666666666667,45,7229.148829516768,5089.718144136853
4,22,2,DCIS_1,0.34545454545454546,55,7111.636369135976,5089.718144136853
4,23,2,DCIS_1,0.72,50,7229.148829516768,5004.2378771221265
4,24,2,Stromal,0.5384615384615384,52,7111.636369135976,5004.2378771221265
4,25,1,Stromal,0.6666666666666666,81,7405.417520087957,4876.017476600036
4,27,1,Stromal,0.45454545454545453,44,7111.636369135976,4918.757610107399
4,28,2,Stromal,0.36363636363636365,66,7229.148829516768,4833.277343092673
4,30,1,Stromal,0.7346938775510204,49,6935.367678564787,5046.978010629489
4,32,1,Stromal,0.7608695652173914,46,6935.367678564787,4876.017476600036
4,33,1,Stromal,0.4482758620689655,29,6759.098987993598,4918.757610107399
4,34,1,Stromal,0.5471698113207547,53,6641.586527612805,4918.757610107399
4,35,2,Stromal,0.37681159420289856,69,6759.098987993598,4833.277343092673
4,36,2,DCIS_1,0.746268656716418,67,6641.586527612805,4833.277343092673
4,37,1,Stromal,0.6159420289855072,138,5877.755535137653,5303.418811673671
4,38,1,Stromal,0.8333333333333334,30,6465.317837041616,5046.978010629489
4,39,1,Stromal,0.7142857142857143,28,6230.292916280031,5046.978010629489
4,40,2,Stromal,0.3770491803278688,183,6465.317837041616,4876.017476600036
4,41,1,Stromal,0.6666666666666666,72,6230.292916280031,4876.017476600036
4,42,1,Stromal,0.7052023121387283,173,5877.755535137653,4961.497743614763
4,43,1,Stromal,0.6461538461538462,65,7405.417520087957,4705.056942570582
4,44,1,Stromal,0.639344262295082,61,7170.392599326372,4705.056942570582
4,45,1,Stromal,0.8285714285714286,35,7405.417520087957,4534.096408541129
4,46,1,Stromal,0.48360655737704916,122,7170.392599326372,4534.096408541129
4,48,2,DCIS_1,0.4827586206896552,58,6759.098987993598,4747.797076077945
4,50,2,DCIS_1,0.5753424657534246,73,6759.098987993598,4662.316809063219
4,51,3,DCIS_1,0.7058823529411765,68,6641.586527612805,4662.316809063219
4,52,1,Stromal,0.5714285714285714,56,6994.123908755183,4576.8365420484915
4,53,2,Stromal,0.49122807017543857,57,6876.61144837439,4576.8365420484915
4,54,1,Stromal,0.49122807017543857,57,6994.123908755183,4491.356275033765
4,55,2,DCIS_1,0.37681159420289856,69,6876.61144837439,4491.356275033765
4,56,3,DCIS_1,0.6440677966101694,59,6759.098987993598,4576.8365420484915
4,59,3,Macrophages_1,0.5161290322580645,31,6641.586527612805,4491.356275033765
4,60,1,Stromal,0.9396551724137931,116,7287.905059707165,4277.655607496947
4,61,1,Stromal,0.696969696969697,66,6994.123908755183,4405.876008019038
4,62,2,Myoepi_KRT15+,0.37681159420289856,69,6876.61144837439,4405.876008019038
4,63,1,Stromal,0.7222222222222222,54,6994.123908755183,4320.39574100431
4,64,3,DCIS_1,0.8235294117647058,85,6876.61144837439,4320.39574100431
4,65,3,DCIS_1,0.6875,144,6700.3427578032015,4363.135874511674
4,66,1,Stromal,0.8529411764705882,34,6994.123908755183,4234.915473989583
4,67,2,DCIS_1,0.4722222222222222,72,6876.61144837439,4234.915473989583
4,69,2,Stromal,0.35294117647058826,68,6876.61144837439,4149.435206974857
4,71,3,DCIS_1,0.4666666666666667,15,6641.586527612805,4234.915473989583
4,72,3,DCIS_1,0.44285714285714284,70,6759.098987993598,4149.435206974857
4,73,3,DCIS_1,0.8367346938775511,49,6641.586527612805,4149.435206974857
4,74,3,DCIS_1,0.6833333333333333,60,6524.074067232013,4747.797076077945
4,77,3,DCIS_1,0.627906976744186,43,6406.56160685122,4662.316809063219
4,78,2,Stromal,0.3333333333333333,174,6230.292916280031,4705.056942570582
4,79,3,DCIS_1,0.45925925925925926,135,6465.317837041616,4534.096408541129
4,80,3,DCIS_1,0.546875,64,6289.049146470427,4576.8365420484915
4,81,2,Stromal,0.5217391304347826,46,6171.536686089635,4576.8365420484915
4,82,3,DCIS_1,0.7945205479452054,73,6289.049146470427,4491.356275033765
4,83,2,Stromal,0.43103448275862066,58,6171.536686089635,4491.356275033765
4,84,1,Stromal,0.3983739837398374,123,5995.267995518446,4705.056942570582
4,85,1,Stromal,0.925,40,5760.243074756861,4705.056942570582
4,86,1,Stromal,0.7142857142857143,35,6054.024225708842,4576.8365420484915
4,89,1,CD4+_T_Cells,0.41830065359477125,153,5936.5117653280495,4491.356275033765
4,90,1,CD4+_T_Cells,0.375,80,5818.999304947257,4576.8365420484915
4,91,1,Stromal,0.7777777777777778,27,5701.486844566464,4576.8365420484915
4,92,1,CD4+_T_Cells,0.5294117647058824,136,5818.999304947257,4491.356275033765
4,93,1,CD4+_T_Cells,0.35714285714285715,98,5701.486844566464,4491.356275033765
4,94,3,DCIS_1,0.9295774647887324,71,6289.049146470427,4405.876008019038
4,95,2,DCIS_1,0.5081967213114754,61,6171.536686089635,4405.876008019038
4,96,3,DCIS_1,0.7638888888888888,72,6289.049146470427,4320.39574100431
4,97,2,DCIS_1,0.515625,64,6171.536686089635,4320.39574100431
4,99,3,DCIS_1,0.6666666666666666,39,6289.049146470427,4234.915473989583
4,100,2,DCIS_1,0.7272727272727273,77,6171.536686089635,4234.915473989583
4,101,3,DCIS_1,0.6037735849056604,53,6289.049146470427,4149.435206974857
4,102,2,DCIS_1,0.6582278481012658,79,6171.536686089635,4149.435206974857
4,103,1,B_Cells,0.24778761061946902,113,6054.024225708842,4405.876008019038
4,104,1,Stromal,0.2248062015503876,129,5936.5117653280495,4405.876008019038
4,105,1,Stromal,0.3118279569892473,93,6054.024225708842,4320.39574100431
4,106,1,Myoepi_KRT15+,0.5116279069767442,129,5936.5117653280495,4320.39574100431
4,107,1,CD4+_T_Cells,0.5182926829268293,164,5818.999304947257,4405.876008019038
4,108,1,CD4+_T_Cells,0.33587786259541985,131,5701.486844566464,4405.876008019038
4,109,1,Stromal,0.415929203539823,113,5818.999304947257,4320.39574100431
4,110,1,Stromal,0.5833333333333334,84,5701.486844566464,4320.39574100431
4,111,1,Stromal,0.5254237288135594,59,6054.024225708842,4234.915473989583
4,112,3,Myoepi_KRT15+,0.5194805194805194,77,5936.5117653280495,4234.915473989583
4,114,3,Myoepi_KRT15+,0.4,55,5936.5117653280495,4149.435206974857
4,115,3,Myoepi_KRT15+,0.494949494949495,99,5818.999304947257,4234.915473989583
4,116,1,Myoepi_ACTA2+,0.4344262295081967,122,5701.486844566464,4234.915473989583
4,117,3,Macrophages_1,0.9166666666666666,24,5818.999304947257,4149.435206974857
4,118,3,Macrophages_1,0.6,45,5701.486844566464,4149.435206974857
4,119,1,Endothelial,0.46875,32,4585.118470948934,5046.978010629489
4,120,2,Stromal,0.43157894736842106,95,4350.093550187349,5046.978010629489
4,121,1,Stromal,0.8387096774193549,31,4585.118470948934,4876.017476600036
4,122,2,DCIS_2,0.3829787234042553,188,4350.093550187349,4876.017476600036
4,123,2,DCIS_2,0.49032258064516127,155,4115.068629425764,5046.978010629489
4,124,1,Stromal,0.8666666666666667,30,3880.0437086641787,5046.978010629489
4,127,2,DCIS_2,0.7575757575757576,99,4173.82485961616,4833.277343092673
4,128,1,Stromal,0.7857142857142857,14,4056.3123992353676,4833.277343092673
4,129,1,Stromal,0.8125,32,3880.0437086641787,4876.017476600036
4,130,1,Stromal,0.8244274809160306,131,5407.705693614483,4619.576675555855
4,132,1,Stromal,0.532258064516129,124,5525.218153995275,4363.135874511674
4,133,1,Stromal,0.6571428571428571,70,5583.974384185672,4234.915473989583
4,134,1,Stromal,0.85,20,5466.461923804879,4234.915473989583
4,135,1,Stromal,0.4878048780487805,82,5583.974384185672,4149.435206974857
4,136,1,Stromal,0.7346938775510204,49,5466.461923804879,4149.435206974857
4,138,1,Stromal,0.8606060606060606,165,4937.655852091312,4277.655607496947
4,139,1,Stromal,0.7424242424242424,198,4467.606010568142,4619.576675555855
4,140,1,Stromal,0.8484848484848485,198,3997.5561690449713,4619.576675555855
4,141,1,Stromal,0.8333333333333334,42,4585.118470948934,4363.135874511674
4,142,1,Stromal,0.8541666666666666,48,4350.093550187349,4363.135874511674
4,143,1,Stromal,0.5555555555555556,117,4585.118470948934,4192.175340482219
4,145,1,Stromal,0.7435897435897436,78,4115.068629425764,4363.135874511674
4,146,1,Stromal,0.9418604651162791,86,3880.0437086641787,4363.135874511674
4,148,1,Stromal,0.8490566037735849,106,3880.0437086641787,4192.175340482219
4,149,1,Stromal,0.5980392156862745,102,7170.392599326372,4021.214806452766
4,150,2,Stromal,0.6017699115044248,113,7405.417520087957,3850.2542724233117
4,151,1,Stromal,0.8255813953488372,86,7170.392599326372,3850.2542724233117
4,152,1,Stromal,0.7518248175182481,137,6935.367678564787,4021.214806452766
4,154,3,DCIS_1,0.7241379310344828,58,6641.586527612805,4063.954939960129
4,155,1,Stromal,0.5217391304347826,69,6759.098987993598,3978.4746729454027
4,156,2,Stromal,0.35294117647058826,68,6641.586527612805,3978.4746729454027
4,157,1,Stromal,0.6178343949044586,157,6935.367678564787,3850.2542724233117
4,159,2,DCIS_1,0.39705882352941174,68,6641.586527612805,3892.9944059306754
4,160,2,DCIS_1,0.25,96,6759.098987993598,3807.514138915948
4,161,3,DCIS_1,0.7611940298507462,67,6641.586527612805,3807.514138915948
4,163,2,Stromal,0.5405405405405406,37,7346.661289897561,3722.0338719012216
4,164,3,DCIS_1,0.8450704225352113,71,7464.1737502783535,3636.553604886494
4,165,2,DCIS_1,0.8461538461538461,78,7346.661289897561,3636.553604886494
4,166,2,Stromal,0.6637931034482759,116,7170.392599326372,3679.293738393858
4,167,3,DCIS_1,0.8909090909090909,55,7464.1737502783535,3551.073337871767
4,168,3,DCIS_1,0.8266666666666667,75,7346.661289897561,3551.073337871767
4,170,3,DCIS_1,0.8823529411764706,51,7346.661289897561,3465.5930708570404
4,171,3,DCIS_1,0.8977272727272727,88,7229.148829516768,3551.073337871767
4,172,3,DCIS_1,0.7837837837837838,74,7111.636369135976,3551.073337871767
4,173,3,DCIS_1,0.8833333333333333,60,7229.148829516768,3465.5930708570404
4,174,3,DCIS_1,0.8666666666666667,90,7111.636369135976,3465.5930708570404
4,175,1,Stromal,0.6625766871165644,163,6935.367678564787,3679.293738393858
4,176,2,DCIS_1,0.6081081081081081,74,6759.098987993598,3722.0338719012216
4,177,3,DCIS_1,0.8311688311688312,77,6641.586527612805,3722.0338719012216
4,178,2,DCIS_1,0.5569620253164557,79,6759.098987993598,3636.553604886494
4,179,3,DCIS_1,0.8285714285714286,70,6641.586527612805,3636.553604886494
4,180,2,DCIS_1,0.6666666666666666,54,6994.123908755183,3551.073337871767
4,181,2,Stromal,0.4523809523809524,42,6876.61144837439,3551.073337871767
4,182,3,DCIS_1,0.88,75,6994.123908755183,3465.5930708570404
4,183,2,DCIS_1,0.8923076923076924,65,6876.61144837439,3465.5930708570404
4,184,2,Stromal,0.5245901639344263,61,6759.098987993598,3551.073337871767
4,185,2,DCIS_1,0.47058823529411764,68,6641.586527612805,3551.073337871767
4,186,2,Stromal,0.4666666666666667,45,6759.098987993598,3465.5930708570404
4,187,1,Stromal,0.8275862068965517,29,6641.586527612805,3465.5930708570404
4,188,3,Macrophages_1,0.4857142857142857,35,6524.074067232013,4063.954939960129
4,190,2,DCIS_1,0.44285714285714284,70,6524.074067232013,3978.4746729454027
4,191,3,DCIS_1,0.5932203389830508,59,6406.56160685122,3978.4746729454027
4,192,3,Myoepi_KRT15+,0.5375,80,6289.049146470427,4063.954939960129
4,193,2,DCIS_1,0.5147058823529411,68,6171.536686089635,4063.954939960129
4,194,2,DCIS_1,0.5569620253164557,79,6289.049146470427,3978.4746729454027
4,195,2,Stromal,0.6415094339622641,53,6171.536686089635,3978.4746729454027
4,196,2,Stromal,0.5072463768115942,69,6524.074067232013,3892.9944059306754
4,197,2,Stromal,0.49056603773584906,53,6406.56160685122,3892.9944059306754
4,198,3,DCIS_1,0.7469879518072289,83,6524.074067232013,3807.514138915948
4,199,2,Stromal,0.4090909090909091,66,6406.56160685122,3807.514138915948
4,200,2,Stromal,0.5064935064935064,77,6289.049146470427,3892.9944059306754
4,201,1,Stromal,0.7169811320754716,53,6171.536686089635,3892.9944059306754
4,202,1,Stromal,0.6101694915254238,59,6289.049146470427,3807.514138915948
4,203,1,Stromal,0.6756756756756757,37,6171.536686089635,3807.514138915948
4,204,1,Stromal,0.5625,64,6054.024225708842,4063.954939960129
4,205,3,Myoepi_KRT15+,0.484375,64,5936.5117653280495,4063.954939960129
4,206,1,Stromal,0.4,70,6054.024225708842,3978.4746729454027
4,207,1,Stromal,0.37349397590361444,83,5936.5117653280495,3978.4746729454027
4,208,3,Macrophages_1,0.7419354838709677,31,5818.999304947257,4063.954939960129
4,209,3,Macrophages_1,0.42857142857142855,56,5701.486844566464,4063.954939960129
4,210,2,Stromal,0.27058823529411763,85,5818.999304947257,3978.4746729454027
4,211,1,Stromal,0.3258426966292135,89,5701.486844566464,3978.4746729454027
4,212,1,Stromal,0.5266666666666666,150,5995.267995518446,3850.2542724233117
4,214,1,Stromal,0.2891566265060241,83,5701.486844566464,3892.9944059306754
4,215,1,Stromal,0.5,40,5818.999304947257,3807.514138915948
4,216,1,Stromal,0.45098039215686275,51,5701.486844566464,3807.514138915948
4,217,3,DCIS_1,0.7792207792207793,77,6524.074067232013,3722.0338719012216
4,218,2,DCIS_1,0.39215686274509803,51,6406.56160685122,3722.0338719012216
4,219,3,DCIS_1,0.5970149253731343,67,6524.074067232013,3636.553604886494
4,220,2,Stromal,0.2553191489361702,47,6406.56160685122,3636.553604886494
4,221,2,DCIS_1,0.5294117647058824,51,6289.049146470427,3722.0338719012216
4,222,2,DCIS_1,0.7424242424242424,66,6171.536686089635,3722.0338719012216
4,223,3,DCIS_1,0.6,70,6289.049146470427,3636.553604886494
4,224,3,DCIS_1,0.9142857142857143,70,6171.536686089635,3636.553604886494
4,226,2,DCIS_1,0.4126984126984127,63,6406.56160685122,3551.073337871767
4,227,2,Stromal,0.5192307692307693,52,6524.074067232013,3465.5930708570404
4,228,3,DCIS_1,0.5,64,6406.56160685122,3465.5930708570404
4,229,3,DCIS_1,0.51,200,6230.292916280031,3508.3332043644036
4,230,2,DCIS_1,0.5777777777777777,45,6054.024225708842,3722.0338719012216
4,231,1,Stromal,0.45652173913043476,46,5936.5117653280495,3722.0338719012216
4,232,3,DCIS_1,0.8870967741935484,62,6054.024225708842,3636.553604886494
4,234,1,Stromal,0.627906976744186,43,5818.999304947257,3722.0338719012216
4,235,2,DCIS_1,0.42105263157894735,57,5701.486844566464,3722.0338719012216
4,237,3,DCIS_1,0.7794117647058824,68,5701.486844566464,3636.553604886494
4,238,3,DCIS_1,0.9142857142857143,70,6054.024225708842,3551.073337871767
4,239,2,DCIS_1,0.7101449275362319,69,5936.5117653280495,3551.073337871767
4,240,3,DCIS_1,0.7303370786516854,89,6054.024225708842,3465.5930708570404
4,241,3,DCIS_1,0.5625,64,5936.5117653280495,3465.5930708570404
4,242,2,DCIS_1,0.7719298245614035,57,5818.999304947257,3551.073337871767
4,243,3,DCIS_1,0.7301587301587301,63,5701.486844566464,3551.073337871767
4,244,3,DCIS_1,0.9180327868852459,61,5818.999304947257,3465.5930708570404
4,245,3,DCIS_1,0.8208955223880597,67,5701.486844566464,3465.5930708570404
4,246,0,DCIS_1,0.7857142857142857,56,7464.1737502783535,3380.112803842313
4,247,1,Endothelial,0.5185185185185185,54,7346.661289897561,3380.112803842313
4,248,3,DCIS_1,0.6506024096385542,83,7464.1737502783535,3294.6325368275866
4,249,1,Stromal,0.3142857142857143,35,7346.661289897561,3294.6325368275866
4,250,3,Myoepi_KRT15+,0.4067796610169492,59,7229.148829516768,3380.112803842313
4,251,3,DCIS_1,0.6829268292682927,82,7111.636369135976,3380.112803842313
4,252,1,Stromal,0.4,10,7229.148829516768,3294.6325368275866
4,253,3,Myoepi_KRT15+,0.40384615384615385,52,7111.636369135976,3294.6325368275866
4,254,2,Myoepi_KRT15+,0.36619718309859156,71,7464.1737502783535,3209.1522698128592
4,255,2,Endothelial,0.29411764705882354,17,7346.661289897561,3209.1522698128592
4,256,3,DCIS_1,0.5975609756097561,82,7464.1737502783535,3123.672002798133
4,257,2,Myoepi_ACTA2+,0.5,40,7346.661289897561,3123.672002798133
4,259,3,DCIS_1,0.41025641025641024,78,6994.123908755183,3380.112803842313
4,261,3,DCIS_1,0.7171717171717171,99,6994.123908755183,3294.6325368275866
4,262,3,DCIS_1,0.8571428571428571,70,6876.61144837439,3294.6325368275866
4,263,2,Stromal,0.3197278911564626,147,6700.3427578032015,3337.37267033495
4,264,3,Myoepi_KRT15+,0.55,60,6994.123908755183,3209.1522698128592
4,265,3,DCIS_1,0.810126582278481,79,6876.61144837439,3209.1522698128592
4,266,3,Myoepi_KRT15+,0.5434782608695652,46,6994.123908755183,3123.672002798133
4,267,3,DCIS_1,0.7922077922077922,77,6876.61144837439,3123.672002798133
4,268,2,Stromal,0.37894736842105264,190,6700.3427578032015,3166.412136305496
4,269,3,DCIS_1,0.647887323943662,71,7464.1737502783535,3038.1917357834054
4,270,3,Myoepi_KRT15+,0.43902439024390244,82,7346.661289897561,3038.1917357834054
4,271,2,DCIS_1,0.5370370370370371,54,7464.1737502783535,2952.711468768679
4,272,3,DCIS_1,0.821917808219178,73,7346.661289897561,2952.711468768679
4,274,3,DCIS_1,0.671875,64,7111.636369135976,3038.1917357834054
4,275,3,DCIS_1,0.8387096774193549,62,7229.148829516768,2952.711468768679
4,277,2,DCIS_1,0.47282608695652173,184,7405.417520087957,2824.491068246588
4,278,3,DCIS_1,0.8243243243243243,74,7229.148829516768,2867.2312017539516
4,279,3,DCIS_1,0.5970149253731343,67,7111.636369135976,2867.2312017539516
4,281,2,DCIS_1,0.52,50,7111.636369135976,2781.7509347392242
4,282,3,DCIS_1,0.8266666666666667,75,6994.123908755183,3038.1917357834054
4,284,3,DCIS_1,0.725,80,6994.123908755183,2952.711468768679
4,285,2,DCIS_1,0.45714285714285713,35,6876.61144837439,2952.711468768679
4,287,2,DCIS_1,0.2777777777777778,54,6994.123908755183,2867.2312017539516
4,288,1,Stromal,0.7142857142857143,35,6876.61144837439,2867.2312017539516
4,289,2,DCIS_1,0.44680851063829785,47,6994.123908755183,2781.7509347392242
4,290,2,DCIS_1,0.569620253164557,79,6876.61144837439,2781.7509347392242
4,291,2,Stromal,0.34615384615384615,182,6700.3427578032015,2824.491068246588
4,292,2,Stromal,0.5208333333333334,48,6524.074067232013,3380.112803842313
4,293,3,DCIS_1,0.3918918918918919,74,6406.56160685122,3380.112803842313
4,294,2,Stromal,0.5185185185185185,54,6524.074067232013,3294.6325368275866
4,296,3,Myoepi_KRT15+,0.3125,16,6289.049146470427,3380.112803842313
4,297,3,Myoepi_KRT15+,0.5131578947368421,76,6171.536686089635,3380.112803842313
4,298,3,Myoepi_KRT15+,0.5647058823529412,85,6289.049146470427,3294.6325368275866
4,299,3,DCIS_1,0.5180722891566265,83,6171.536686089635,3294.6325368275866
4,300,1,Stromal,0.3090909090909091,55,6524.074067232013,3209.1522698128592
4,302,1,Stromal,0.6341463414634146,41,6524.074067232013,3123.672002798133
4,303,1,Stromal,0.35,60,6406.56160685122,3123.672002798133
4,304,2,DCIS_1,0.589041095890411,73,6289.049146470427,3209.1522698128592
4,305,2,DCIS_1,0.3055555555555556,72,6171.536686089635,3209.1522698128592
4,306,1,Stromal,0.391304347826087,46,6289.049146470427,3123.672002798133
4,307,2,Stromal,0.3617021276595745,47,6171.536686089635,3123.672002798133
4,308,3,DCIS_1,0.7926829268292683,82,6054.024225708842,3380.112803842313
4,309,3,DCIS_1,0.30357142857142855,56,5936.5117653280495,3380.112803842313
4,310,3,DCIS_1,0.9047619047619048,63,6054.024225708842,3294.6325368275866
4,311,3,DCIS_1,0.8513513513513513,74,5936.5117653280495,3294.6325368275866
4,312,3,DCIS_1,0.5921052631578947,76,5818.999304947257,3380.112803842313
4,313,3,DCIS_1,0.8985507246376812,69,5701.486844566464,3380.112803842313
4,314,3,DCIS_1,0.8518518518518519,81,5818.999304947257,3294.6325368275866
4,316,3,DCIS_1,0.6829268292682927,82,6054.024225708842,3209.1522698128592
4,317,3,DCIS_1,0.8372093023255814,86,5936.5117653280495,3209.1522698128592
4,318,3,DCIS_1,0.6,85,6054.024225708842,3123.672002798133
4,319,3,DCIS_1,0.5774647887323944,71,5936.5117653280495,3123.672002798133
4,320,2,DCIS_1,0.6180904522613065,199,5760.243074756861,3166.412136305496
4,321,2,Stromal,0.5833333333333334,108,6465.317837041616,2995.451602276042
4,322,2,Stromal,0.49101796407185627,167,6230.292916280031,2995.451602276042
4,323,2,Stromal,0.5454545454545454,99,6465.317837041616,2824.491068246588
4,324,2,Stromal,0.418848167539267,191,6230.292916280031,2824.491068246588
4,326,3,DCIS_1,0.8705882352941177,85,5936.5117653280495,3038.1917357834054
4,327,2,Stromal,0.30612244897959184,49,6054.024225708842,2952.711468768679
4,328,2,Stromal,0.46511627906976744,43,5936.5117653280495,2952.711468768679
4,329,2,Stromal,0.3584905660377358,53,5818.999304947257,3038.1917357834054
4,330,2,DCIS_1,0.5357142857142857,56,5701.486844566464,3038.1917357834054
4,331,2,DCIS_1,0.40425531914893614,47,5818.999304947257,2952.711468768679
4,332,3,DCIS_1,0.8709677419354839,62,5701.486844566464,2952.711468768679
4,333,2,Stromal,0.38095238095238093,42,6054.024225708842,2867.2312017539516
4,334,2,DCIS_1,0.3880597014925373,67,5936.5117653280495,2867.2312017539516
4,335,2,Stromal,0.5833333333333334,36,6054.024225708842,2781.7509347392242
4,336,2,DCIS_1,0.4642857142857143,56,5936.5117653280495,2781.7509347392242
4,337,3,DCIS_1,0.8,60,5818.999304947257,2867.2312017539516
4,338,3,DCIS_1,0.9074074074074074,54,5701.486844566464,2867.2312017539516
4,339,3,DCIS_1,0.5844155844155844,77,5818.999304947257,2781.7509347392242
4,340,3,DCIS_1,0.4153846153846154,65,5701.486844566464,2781.7509347392242
4,341,1,Stromal,0.5652173913043478,69,5583.974384185672,4063.954939960129
4,342,1,Stromal,0.35443037974683544,79,5466.461923804879,4063.954939960129
4,343,1,Stromal,0.23595505617977527,89,5583.974384185672,3978.4746729454027
4,344,1,Stromal,0.31958762886597936,97,5466.461923804879,3978.4746729454027
4,345,1,Stromal,0.49122807017543857,57,5348.949463424086,4063.954939960129
4,346,1,Stromal,0.46551724137931033,58,5231.437003043294,4063.954939960129
4,347,1,Macrophages_1,0.23,100,5348.949463424086,3978.4746729454027
4,348,1,Stromal,0.3333333333333333,87,5231.437003043294,3978.4746729454027
4,349,1,Macrophages_1,0.1896551724137931,116,5583.974384185672,3892.9944059306754
4,350,1,Stromal,0.27722772277227725,101,5466.461923804879,3892.9944059306754
4,351,1,Stromal,0.5070422535211268,71,5583.974384185672,3807.514138915948
4,352,1,Stromal,0.4852941176470588,68,5466.461923804879,3807.514138915948
4,353,1,Macrophages_1,0.2978723404255319,94,5348.949463424086,3892.9944059306754
4,354,1,Stromal,0.5641025641025641,39,5231.437003043294,3892.9944059306754
4,355,2,Stromal,0.33707865168539325,89,5348.949463424086,3807.514138915948
4,356,2,Stromal,0.3389830508474576,59,5231.437003043294,3807.514138915948
4,357,1,Stromal,0.8055555555555556,72,5055.168312472105,4021.214806452766
4,359,2,Stromal,0.46060606060606063,165,5055.168312472105,3850.2542724233117
4,360,1,Stromal,0.6210526315789474,95,4820.14339171052,3850.2542724233117
4,361,2,DCIS_1,0.47368421052631576,57,5583.974384185672,3722.0338719012216
4,362,2,Stromal,0.48214285714285715,56,5466.461923804879,3722.0338719012216
4,363,3,DCIS_1,0.8888888888888888,54,5583.974384185672,3636.553604886494
4,364,3,DCIS_1,0.803030303030303,66,5466.461923804879,3636.553604886494
4,365,1,Stromal,0.5,64,5348.949463424086,3722.0338719012216
4,366,2,DCIS_1,0.35526315789473684,76,5231.437003043294,3722.0338719012216
4,367,2,Stromal,0.4482758620689655,58,5348.949463424086,3636.553604886494
4,368,2,Stromal,0.4714285714285714,70,5231.437003043294,3636.553604886494
4,369,3,DCIS_1,0.75,76,5583.974384185672,3551.073337871767
4,370,3,DCIS_1,0.819672131147541,61,5466.461923804879,3551.073337871767
4,371,3,DCIS_1,0.8222222222222222,90,5583.974384185672,3465.5930708570404
4,372,3,DCIS_1,0.9104477611940298,67,5466.461923804879,3465.5930708570404
4,373,2,DCIS_1,0.4375,64,5348.949463424086,3551.073337871767
4,374,2,DCIS_1,0.22857142857142856,70,5231.437003043294,3551.073337871767
4,375,2,DCIS_1,0.3333333333333333,66,5348.949463424086,3465.5930708570404
4,376,2,DCIS_1,0.20930232558139536,86,5231.437003043294,3465.5930708570404
4,378,2,Stromal,0.37254901960784315,51,4996.4120822817085,3722.0338719012216
4,379,2,Stromal,0.36619718309859156,71,5113.924542662501,3636.553604886494
4,380,2,Stromal,0.3125,48,4996.4120822817085,3636.553604886494
4,381,1,Stromal,0.59375,64,4820.14339171052,3679.293738393858
4,382,2,Stromal,0.39416058394160586,137,5055.168312472105,3508.3332043644036
4,383,1,Stromal,0.5194805194805194,77,4820.14339171052,3508.3332043644036
4,384,2,Stromal,0.54,150,4585.118470948934,4021.214806452766
4,385,2,Stromal,0.5,34,4408.849780377745,4063.954939960129
4,386,2,Stromal,0.6216216216216216,37,4291.337319996953,4063.954939960129
4,387,2,Stromal,0.24,50,4408.849780377745,3978.4746729454027
4,388,2,Myoepi_ACTA2+,0.27710843373493976,83,4291.337319996953,3978.4746729454027
4,389,2,Stromal,0.44666666666666666,150,4585.118470948934,3850.2542724233117
4,390,2,Stromal,0.3584905660377358,53,4408.849780377745,3892.9944059306754
4,391,2,Stromal,0.323943661971831,71,4291.337319996953,3892.9944059306754
4,392,2,Stromal,0.358974358974359,39,4408.849780377745,3807.514138915948
4,393,2,Stromal,0.37209302325581395,43,4291.337319996953,3807.514138915948
4,394,2,Myoepi_ACTA2+,0.38235294117647056,68,4173.82485961616,4063.954939960129
4,395,2,Myoepi_ACTA2+,0.3050847457627119,59,4056.3123992353676,4063.954939960129
4,396,2,Myoepi_ACTA2+,0.4,60,4173.82485961616,3978.4746729454027
4,397,2,Stromal,0.3958333333333333,48,4056.3123992353676,3978.4746729454027
4,399,1,Stromal,0.6,25,3821.2874784737824,4063.954939960129
4,400,2,Stromal,0.325,80,3938.799938854575,3978.4746729454027
4,401,2,Stromal,0.45454545454545453,66,3821.2874784737824,3978.4746729454027
4,402,2,Stromal,0.3487179487179487,195,4115.068629425764,3850.2542724233117
4,403,2,Myoepi_ACTA2+,0.5510204081632653,49,3938.799938854575,3892.9944059306754
4,404,2,Stromal,0.37333333333333335,75,3821.2874784737824,3892.9944059306754
4,405,2,Stromal,0.36507936507936506,63,3938.799938854575,3807.514138915948
4,407,2,Stromal,0.42953020134228187,149,4585.118470948934,3679.293738393858
4,408,2,Stromal,0.41818181818181815,55,4408.849780377745,3722.0338719012216
4,410,2,Stromal,0.40425531914893614,47,4408.849780377745,3636.553604886494
4,411,2,Myoepi_ACTA2+,0.2857142857142857,42,4291.337319996953,3636.553604886494
4,412,2,Stromal,0.5089285714285714,112,4585.118470948934,3508.3332043644036
4,413,2,Stromal,0.5046728971962616,107,4350.093550187349,3508.3332043644036
4,414,2,Stromal,0.4074074074074074,162,4115.068629425764,3679.293738393858
4,415,2,Stromal,0.42857142857142855,154,3880.0437086641787,3679.293738393858
4,416,2,Stromal,0.3885350318471338,157,4115.068629425764,3508.3332043644036
4,417,1,Stromal,0.3983050847457627,118,3880.0437086641787,3508.3332043644036
4,418,3,DCIS_1,0.9032258064516129,62,5583.974384185672,3380.112803842313
4,419,2,DCIS_1,0.5873015873015873,63,5466.461923804879,3380.112803842313
4,420,2,DCIS_1,0.5555555555555556,54,5583.974384185672,3294.6325368275866
4,421,2,DCIS_1,0.578125,64,5466.461923804879,3294.6325368275866
4,422,2,DCIS_1,0.5660377358490566,53,5348.949463424086,3380.112803842313
4,423,2,Macrophages_1,0.23076923076923078,91,5231.437003043294,3380.112803842313
4,424,2,DCIS_1,0.47761194029850745,67,5348.949463424086,3294.6325368275866
4,426,2,Stromal,0.336734693877551,196,5525.218153995275,3166.412136305496
4,427,2,DCIS_1,0.7619047619047619,63,5348.949463424086,3209.1522698128592
4,428,2,Stromal,0.35555555555555557,45,5231.437003043294,3209.1522698128592
4,429,2,DCIS_1,0.62,50,5348.949463424086,3123.672002798133
4,430,2,DCIS_1,0.48,50,5231.437003043294,3123.672002798133
4,431,2,Stromal,0.4358974358974359,156,5055.168312472105,3337.37267033495
4,432,1,Stromal,0.5304347826086957,115,4820.14339171052,3337.37267033495
4,433,1,Stromal,0.27638190954773867,199,5055.168312472105,3166.412136305496
4,434,1,Stromal,0.43956043956043955,91,4820.14339171052,3166.412136305496
4,435,2,Stromal,0.3269230769230769,52,5583.974384185672,3038.1917357834054
4,436,2,Stromal,0.37209302325581395,43,5466.461923804879,3038.1917357834054
4,437,3,DCIS_1,0.43548387096774194,62,5583.974384185672,2952.711468768679
4,439,3,DCIS_1,0.6567164179104478,67,5348.949463424086,3038.1917357834054
4,440,2,DCIS_1,0.5571428571428572,70,5231.437003043294,3038.1917357834054
4,441,2,DCIS_1,0.7532467532467533,77,5348.949463424086,2952.711468768679
4,442,3,DCIS_1,0.7121212121212122,66,5231.437003043294,2952.711468768679
4,443,3,DCIS_1,0.5294117647058824,68,5583.974384185672,2867.2312017539516
4,444,2,Stromal,0.3333333333333333,54,5466.461923804879,2867.2312017539516
4,445,3,DCIS_1,0.3235294117647059,68,5583.974384185672,2781.7509347392242
4,446,2,Stromal,0.34285714285714286,35,5466.461923804879,2781.7509347392242
4,447,2,DCIS_1,0.4198895027624309,181,5290.19323323369,2824.491068246588
4,448,2,Stromal,0.4329896907216495,194,5055.168312472105,2995.451602276042
4,449,1,Stromal,0.625,96,4820.14339171052,2995.451602276042
4,450,2,Stromal,0.5217391304347826,92,5055.168312472105,2824.491068246588
4,451,1,CD4+_T_Cells,0.3567567567567568,185,4820.14339171052,2824.491068246588
4,452,1,Stromal,0.647887323943662,71,4585.118470948934,3337.37267033495
4,453,2,Myoepi_ACTA2+,0.41304347826086957,46,4408.849780377745,3380.112803842313
4,454,2,Stromal,0.36585365853658536,41,4291.337319996953,3380.112803842313
4,455,1,Stromal,0.41818181818181815,55,4408.849780377745,3294.6325368275866
4,456,1,Stromal,0.34375,64,4291.337319996953,3294.6325368275866
4,457,1,Stromal,0.7866666666666666,75,4585.118470948934,3166.412136305496
4,458,1,CD4+_T_Cells,0.3620689655172414,116,4408.849780377745,3209.1522698128592
4,459,1,B_Cells,0.25842696629213485,89,4291.337319996953,3209.1522698128592
4,460,1,B_Cells,0.25742574257425743,101,4408.849780377745,3123.672002798133
4,462,1,Stromal,0.5882352941176471,136,4115.068629425764,3337.37267033495
4,463,1,Stromal,0.7547169811320755,53,3880.0437086641787,3337.37267033495
4,464,1,Stromal,0.577639751552795,161,4115.068629425764,3166.412136305496
4,465,2,Stromal,0.4652777777777778,144,3880.0437086641787,3166.412136305496
4,466,1,Stromal,0.6632653061224489,98,4585.118470948934,2995.451602276042
4,467,2,DCIS_2,0.4397905759162304,191,4350.093550187349,2995.451602276042
4,468,1,Stromal,0.5324675324675324,77,4585.118470948934,2824.491068246588
4,469,2,Stromal,0.4260869565217391,115,4350.093550187349,2824.491068246588
4,470,1,Stromal,0.41420118343195267,169,4115.068629425764,2995.451602276042
4,471,2,Stromal,0.4873417721518987,158,3880.0437086641787,2995.451602276042
4,472,1,Stromal,0.41216216216216217,148,4115.068629425764,2824.491068246588
4,473,1,Stromal,0.6333333333333333,30,3938.799938854575,2867.2312017539516
4,474,2,Myoepi_ACTA2+,0.3620689655172414,58,3821.2874784737824,2867.2312017539516
4,475,2,Stromal,0.59375,32,3938.799938854575,2781.7509347392242
4,476,3,DCIS_2,0.36585365853658536,82,3821.2874784737824,2781.7509347392242
4,477,1,Stromal,0.9044117647058824,136,3057.4564859986303,5303.418811673671
4,478,1,Stromal,0.7096774193548387,124,3527.506327521801,4961.497743614763
4,479,1,Stromal,0.7398843930635838,173,3057.4564859986303,4961.497743614763
4,480,1,Stromal,0.9722222222222222,36,2704.9191048562525,5388.899078688399
4,481,0,Stromal,0.432,125,2469.8941840946673,5388.899078688399
4,482,1,Stromal,0.627906976744186,43,2704.9191048562525,5217.938544658944
4,483,0,Invasive_Tumor,0.6415094339622641,159,2469.8941840946673,5217.938544658944
4,484,1,Stromal,0.9746835443037974,158,2117.3568029522894,5303.418811673671
4,485,1,Stromal,0.7352941176470589,68,2469.8941840946673,5046.978010629489
4,486,1,Stromal,0.7580645161290323,62,2704.9191048562525,4876.017476600036
4,487,1,Stromal,0.896551724137931,58,2469.8941840946673,4876.017476600036
4,488,1,Stromal,0.813953488372093,172,2117.3568029522894,4961.497743614763
4,489,1,Stromal,1.0,40,3645.0187879025934,4705.056942570582
4,490,1,Stromal,0.9583333333333334,72,3409.993867141008,4705.056942570582
4,491,1,Stromal,0.8888888888888888,99,3645.0187879025934,4534.096408541129
4,493,1,Stromal,0.9054054054054054,74,3174.968946379423,4705.056942570582
4,494,1,Stromal,0.8243243243243243,74,2939.9440256178377,4705.056942570582
4,495,1,Stromal,0.9142857142857143,35,3174.968946379423,4534.096408541129
4,496,1,Stromal,0.7857142857142857,42,2939.9440256178377,4534.096408541129
4,497,1,Stromal,0.9305555555555556,72,3645.0187879025934,4363.135874511674
4,498,1,Stromal,0.8,55,3409.993867141008,4363.135874511674
4,499,1,Stromal,0.8717948717948718,78,3645.0187879025934,4192.175340482219
4,500,1,Stromal,0.975,40,3409.993867141008,4192.175340482219
4,501,1,Stromal,0.891566265060241,166,3057.4564859986303,4277.655607496947
4,502,1,Stromal,0.7291666666666666,96,2704.9191048562525,4705.056942570582
4,503,1,Stromal,0.9759036144578314,83,2469.8941840946673,4705.056942570582
4,504,1,Stromal,0.8979591836734694,49,2704.9191048562525,4534.096408541129
4,505,1,Stromal,0.9148936170212766,47,2469.8941840946673,4534.096408541129
4,506,1,Stromal,0.9105691056910569,123,2117.3568029522894,4619.576675555855
4,507,1,Stromal,0.8181818181818182,143,2587.40664447546,4277.655607496947
4,509,0,Stromal,0.6971830985915493,142,1647.306961429119,5303.418811673671
4,510,1,Stromal,0.9642857142857143,28,1294.769580286741,5388.899078688399
4,511,1,Stromal,0.40298507462686567,67,1059.7446595251558,5388.899078688399
4,512,1,Stromal,0.8285714285714286,35,1294.769580286741,5217.938544658944
4,514,0,Invasive_Tumor,0.7350427350427351,117,1529.7945010483263,5046.978010629489
4,515,1,Stromal,0.6363636363636364,33,1764.8194218099115,4876.017476600036
4,516,0,Invasive_Tumor,0.7368421052631579,38,1588.5507312387226,4918.757610107399
4,518,0,Invasive_Tumor,0.6808510638297872,47,1588.5507312387226,4833.277343092673
4,519,0,Invasive_Tumor,0.6491228070175439,57,1471.03827085793,4833.277343092673
4,520,0,Invasive_Tumor,0.6707317073170732,164,1294.769580286741,5046.978010629489
4,521,0,Invasive_Tumor,0.6229508196721312,61,1059.7446595251558,5046.978010629489
4,522,0,Invasive_Tumor,0.6666666666666666,54,1353.5258104771374,4918.757610107399
4,523,0,Invasive_Tumor,0.7049180327868853,61,1236.0133500963448,4918.757610107399
4,524,0,Invasive_Tumor,0.6610169491525424,59,1353.5258104771374,4833.277343092673
4,525,0,Invasive_Tumor,0.7794117647058824,68,1236.0133500963448,4833.277343092673
4,526,0,Invasive_Tumor,0.6774193548387096,62,1118.5008897155521,4918.757610107399
4,527,0,Invasive_Tumor,0.40425531914893614,47,1000.9884293347595,4918.757610107399
4,528,0,Invasive_Tumor,0.7111111111111111,45,1118.5008897155521,4833.277343092673
4,529,0,Invasive_Tumor,0.7230769230769231,65,1000.9884293347595,4833.277343092673
4,530,2,Stromal,0.34782608695652173,46,883.475968953967,5431.6392121957615
4,531,2,DCIS_2,0.6229508196721312,61,765.9635085731744,5431.6392121957615
4,532,2,DCIS_2,0.2553191489361702,47,883.475968953967,5346.158945181035
4,533,2,DCIS_2,0.4925373134328358,67,765.9635085731744,5346.158945181035
4,534,2,DCIS_2,0.4406779661016949,59,648.4510481923818,5431.6392121957615
4,535,3,DCIS_2,0.8596491228070176,57,530.9385878115892,5431.6392121957615
4,536,2,Stromal,0.24242424242424243,33,648.4510481923818,5346.158945181035
4,537,2,Myoepi_ACTA2+,0.46296296296296297,54,530.9385878115892,5346.158945181035
4,538,2,Stromal,0.28888888888888886,45,883.475968953967,5260.678678166308
4,539,2,DCIS_2,0.5151515151515151,66,765.9635085731744,5260.678678166308
4,540,1,Stromal,0.45652173913043476,46,883.475968953967,5175.19841115158
4,541,2,Stromal,0.46938775510204084,49,765.9635085731744,5175.19841115158
4,543,2,DCIS_2,0.3404255319148936,47,530.9385878115892,5260.678678166308
4,545,2,DCIS_2,0.3382352941176471,68,530.9385878115892,5175.19841115158
4,546,2,Stromal,0.38095238095238093,42,413.4261274307966,5431.6392121957615
4,547,1,Stromal,0.375,64,295.913667050004,5431.6392121957615
4,548,2,DCIS_2,0.2631578947368421,38,413.4261274307966,5346.158945181035
4,549,2,B_Cells,0.3898305084745763,59,295.913667050004,5346.158945181035
4,551,1,CD4+_T_Cells,0.3372093023255814,86,60.888746288418766,5431.6392121957615
4,552,1,Stromal,0.35185185185185186,54,178.40120666921138,5346.158945181035
4,553,1,Stromal,0.3333333333333333,66,60.888746288418766,5346.158945181035
4,554,3,DCIS_2,0.7142857142857143,70,413.4261274307966,5260.678678166308
4,555,2,DCIS_2,0.7346938775510204,49,295.913667050004,5260.678678166308
4,556,2,DCIS_2,0.45714285714285713,70,413.4261274307966,5175.19841115158
4,557,3,DCIS_2,0.9215686274509803,51,295.913667050004,5175.19841115158
4,558,2,Stromal,0.3148148148148148,54,178.40120666921138,5260.678678166308
4,559,1,Stromal,0.3698630136986301,73,60.888746288418766,5260.678678166308
4,560,2,DCIS_2,0.4642857142857143,56,178.40120666921138,5175.19841115158
4,561,1,Stromal,0.358974358974359,78,60.888746288418766,5175.19841115158
4,562,1,Stromal,0.5555555555555556,36,883.475968953967,5089.718144136853
4,563,1,Stromal,0.4507042253521127,71,765.9635085731744,5089.718144136853
4,564,1,Stromal,0.6666666666666666,30,883.475968953967,5004.2378771221265
4,565,1,CD4+_T_Cells,0.24691358024691357,81,765.9635085731744,5004.2378771221265
4,566,2,Macrophages_1,0.352112676056338,71,648.4510481923818,5089.718144136853
4,567,2,Stromal,0.3877551020408163,49,530.9385878115892,5089.718144136853
4,569,2,DCIS_2,0.22641509433962265,53,530.9385878115892,5004.2378771221265
4,570,1,Stromal,0.4423076923076923,52,883.475968953967,4918.757610107399
4,571,1,Stromal,0.2826086956521739,92,765.9635085731744,4918.757610107399
4,572,0,B_Cells,0.2463768115942029,69,883.475968953967,4833.277343092673
4,573,1,Stromal,0.2727272727272727,88,765.9635085731744,4833.277343092673
4,575,2,Stromal,0.36,75,530.9385878115892,4918.757610107399
4,576,0,CD4+_T_Cells,0.2876712328767123,73,648.4510481923818,4833.277343092673
4,578,2,Stromal,0.30303030303030304,66,413.4261274307966,5089.718144136853
4,579,2,Stromal,0.2807017543859649,57,295.913667050004,5089.718144136853
4,580,2,CD4+_T_Cells,0.275,80,413.4261274307966,5004.2378771221265
4,581,2,DCIS_2,0.21052631578947367,76,295.913667050004,5004.2378771221265
4,583,1,Macrophages_1,0.34615384615384615,104,60.888746288418766,5089.718144136853
4,584,2,CD8+_T_Cells,0.29896907216494845,97,178.40120666921138,5004.2378771221265
4,585,2,Macrophages_1,0.2549019607843137,102,60.888746288418766,5004.2378771221265
4,586,2,CD8+_T_Cells,0.25961538461538464,104,413.4261274307966,4918.757610107399
4,587,2,DCIS_2,0.36470588235294116,85,295.913667050004,4918.757610107399
4,588,1,CD4+_T_Cells,0.47928994082840237,169,413.4261274307966,4833.277343092673
4,589,1,CD4+_T_Cells,0.25,120,295.913667050004,4833.277343092673
4,590,2,DCIS_2,0.323943661971831,71,178.40120666921138,4918.757610107399
4,591,2,Stromal,0.22988505747126436,87,60.888746288418766,4918.757610107399
4,592,1,Stromal,0.3764705882352941,85,178.40120666921138,4833.277343092673
4,593,2,DCIS_2,0.4716981132075472,53,60.888746288418766,4833.277343092673
4,595,0,Invasive_Tumor,0.4528301886792453,159,1529.7945010483263,4705.056942570582
4,596,0,Stromal,0.4430379746835443,79,1764.8194218099115,4534.096408541129
4,598,0,Invasive_Tumor,0.7049180327868853,61,1353.5258104771374,4747.797076077945
4,599,0,Invasive_Tumor,0.4166666666666667,60,1236.0133500963448,4747.797076077945
4,601,0,Invasive_Tumor,0.6933333333333334,75,1236.0133500963448,4662.316809063219
4,602,0,Invasive_Tumor,0.532258064516129,62,1118.5008897155521,4747.797076077945
4,603,0,Invasive_Tumor,0.7543859649122807,57,1000.9884293347595,4747.797076077945
4,604,0,Invasive_Tumor,0.8253968253968254,63,1118.5008897155521,4662.316809063219
4,605,0,Invasive_Tumor,0.6170212765957447,47,1000.9884293347595,4662.316809063219
4,606,0,Invasive_Tumor,0.660377358490566,53,1353.5258104771374,4576.8365420484915
4,607,0,Invasive_Tumor,0.5735294117647058,68,1236.0133500963448,4576.8365420484915
4,608,0,Invasive_Tumor,0.8,60,1353.5258104771374,4491.356275033765
4,609,3,Invasive_Tumor,0.9375,48,1236.0133500963448,4491.356275033765
4,610,0,Invasive_Tumor,0.4898989898989899,198,1059.7446595251558,4534.096408541129
4,611,0,Stromal,0.5567567567567567,185,1647.306961429119,4277.655607496947
4,612,0,Invasive_Tumor,0.7161290322580646,155,1294.769580286741,4363.135874511674
4,613,0,Invasive_Tumor,0.7,50,1118.5008897155521,4405.876008019038
4,614,0,Stromal,0.25806451612903225,62,1000.9884293347595,4405.876008019038
4,615,0,Invasive_Tumor,0.821917808219178,73,1118.5008897155521,4320.39574100431
4,616,0,Invasive_Tumor,0.3953488372093023,43,1000.9884293347595,4320.39574100431
4,617,0,Stromal,0.47560975609756095,82,1294.769580286741,4192.175340482219
4,618,0,Invasive_Tumor,0.47,200,1059.7446595251558,4192.175340482219
4,619,0,Stromal,0.3854748603351955,179,824.7197387635707,4705.056942570582
4,620,0,Stromal,0.4262295081967213,61,648.4510481923818,4747.797076077945
4,621,1,CD4+_T_Cells,0.3291139240506329,79,530.9385878115892,4747.797076077945
4,622,0,Stromal,0.5526315789473685,38,648.4510481923818,4662.316809063219
4,623,2,Stromal,0.4888888888888889,45,530.9385878115892,4662.316809063219
4,624,0,Invasive_Tumor,0.46368715083798884,179,824.7197387635707,4534.096408541129
4,625,0,Stromal,0.410958904109589,73,648.4510481923818,4576.8365420484915
4,626,2,Myoepi_ACTA2+,0.49333333333333335,75,530.9385878115892,4576.8365420484915
4,627,0,Invasive_Tumor,0.47540983606557374,61,648.4510481923818,4491.356275033765
4,628,2,Stromal,0.4117647058823529,85,530.9385878115892,4491.356275033765
4,629,1,CD4+_T_Cells,0.4430379746835443,158,413.4261274307966,4747.797076077945
4,632,2,Stromal,0.2765957446808511,94,295.913667050004,4662.316809063219
4,633,1,Stromal,0.2876712328767123,73,178.40120666921138,4747.797076077945
4,634,2,DCIS_2,0.30666666666666664,75,60.888746288418766,4747.797076077945
4,635,2,Stromal,0.3108108108108108,74,178.40120666921138,4662.316809063219
4,636,2,CD8+_T_Cells,0.352112676056338,71,60.888746288418766,4662.316809063219
4,637,2,Stromal,0.5277777777777778,72,413.4261274307966,4576.8365420484915
4,638,2,DCIS_2,0.36363636363636365,55,295.913667050004,4576.8365420484915
4,639,2,DCIS_2,0.7636363636363637,55,413.4261274307966,4491.356275033765
4,640,1,Stromal,0.6721311475409836,61,295.913667050004,4491.356275033765
4,641,2,Stromal,0.26,100,178.40120666921138,4576.8365420484915
4,642,2,Stromal,0.2777777777777778,54,60.888746288418766,4576.8365420484915
4,643,1,CD4+_T_Cells,0.3433734939759036,166,178.40120666921138,4491.356275033765
4,644,2,CD4+_T_Cells,0.3026315789473684,76,60.888746288418766,4491.356275033765
4,646,0,Invasive_Tumor,0.48148148148148145,54,648.4510481923818,4405.876008019038
4,647,2,Stromal,0.3595505617977528,89,530.9385878115892,4405.876008019038
4,648,0,Invasive_Tumor,0.7413793103448276,58,648.4510481923818,4320.39574100431
4,650,0,Invasive_Tumor,0.6098901098901099,182,824.7197387635707,4192.175340482219
4,651,0,Invasive_Tumor,0.4528301886792453,53,648.4510481923818,4234.915473989583
4,652,0,Stromal,0.35714285714285715,56,530.9385878115892,4234.915473989583
4,653,0,Invasive_Tumor,0.5223880597014925,67,648.4510481923818,4149.435206974857
4,654,0,Invasive_Tumor,0.30158730158730157,63,530.9385878115892,4149.435206974857
4,655,2,DCIS_2,0.7924528301886793,53,413.4261274307966,4405.876008019038
4,657,2,Stromal,0.3523809523809524,105,413.4261274307966,4320.39574100431
4,658,2,Stromal,0.6527777777777778,72,295.913667050004,4320.39574100431
4,663,1,Stromal,0.6056338028169014,71,413.4261274307966,4234.915473989583
4,664,0,Stromal,0.7230769230769231,65,295.913667050004,4234.915473989583
4,665,0,Stromal,0.3684210526315789,38,413.4261274307966,4149.435206974857
4,666,0,Invasive_Tumor,0.660377358490566,53,295.913667050004,4149.435206974857
4,667,0,Stromal,0.5151515151515151,66,178.40120666921138,4234.915473989583
4,668,1,CD4+_T_Cells,0.3706293706293706,143,60.888746288418766,4234.915473989583
4,669,0,Invasive_Tumor,0.6,50,178.40120666921138,4149.435206974857
4,670,0,Stromal,0.5882352941176471,68,60.888746288418766,4149.435206974857
4,671,1,Stromal,0.8777777777777778,90,3645.0187879025934,4021.214806452766
4,672,1,Stromal,0.6810344827586207,116,3409.993867141008,4021.214806452766
4,673,1,Stromal,0.5117647058823529,170,3645.0187879025934,3850.2542724233117
4,676,1,Stromal,0.8333333333333334,36,2939.9440256178377,4021.214806452766
4,677,1,Stromal,0.7380952380952381,84,3174.968946379423,3850.2542724233117
4,679,1,Stromal,0.32786885245901637,61,3703.7750180929897,3722.0338719012216
4,680,1,Stromal,0.38461538461538464,65,3586.262557712197,3722.0338719012216
4,681,1,Stromal,0.38095238095238093,63,3703.7750180929897,3636.553604886494
4,683,1,Stromal,0.7368421052631579,95,3409.993867141008,3679.293738393858
4,684,1,Stromal,0.7843137254901961,102,3645.0187879025934,3508.3332043644036
4,685,1,Stromal,0.9154929577464789,71,3409.993867141008,3508.3332043644036
4,686,1,Stromal,0.7672413793103449,116,3174.968946379423,3679.293738393858
4,687,1,Stromal,0.7701149425287356,87,2939.9440256178377,3679.293738393858
4,688,1,Stromal,0.9230769230769231,65,3174.968946379423,3508.3332043644036
4,689,1,Stromal,0.675,120,2939.9440256178377,3508.3332043644036
4,690,1,Stromal,0.8368421052631579,190,2587.40664447546,3935.734539438039
4,691,1,Stromal,0.8888888888888888,171,2117.3568029522894,3935.734539438039
4,692,1,Stromal,0.7166666666666667,120,2704.9191048562525,3679.293738393858
4,693,1,Stromal,0.5798319327731093,119,2469.8941840946673,3679.293738393858
4,695,1,Stromal,0.42592592592592593,54,2646.162874665856,3551.073337871767
4,696,1,CD4+_T_Cells,0.45161290322580644,124,2763.675335046649,3465.5930708570404
4,697,1,CD8+_T_Cells,0.3185840707964602,113,2646.162874665856,3465.5930708570404
4,698,1,Stromal,0.7927927927927928,111,2469.8941840946673,3508.3332043644036
4,699,1,Stromal,0.65625,96,2234.869263333082,3679.293738393858
4,700,1,Stromal,0.49032258064516127,155,1999.8443425714968,3679.293738393858
4,701,1,Stromal,0.32323232323232326,99,2293.6254935234783,3551.073337871767
4,702,1,CD4+_T_Cells,0.3941176470588235,170,2176.1130331426857,3551.073337871767
4,703,1,CD4+_T_Cells,0.29411764705882354,136,2293.6254935234783,3465.5930708570404
4,704,1,CD4+_T_Cells,0.3088235294117647,136,2176.1130331426857,3465.5930708570404
4,705,1,CD4+_T_Cells,0.3161764705882353,136,2058.600572761893,3551.073337871767
4,706,1,CD4+_T_Cells,0.3287671232876712,146,1941.0881123811005,3551.073337871767
4,707,2,Stromal,0.4722222222222222,108,2058.600572761893,3465.5930708570404
4,708,1,CD4+_T_Cells,0.3194444444444444,144,1941.0881123811005,3465.5930708570404
4,709,1,Stromal,0.84,50,3645.0187879025934,3337.37267033495
4,710,1,Stromal,0.9692307692307692,65,3409.993867141008,3337.37267033495
4,711,2,Stromal,0.44,50,3703.7750180929897,3209.1522698128592
4,712,2,Myoepi_ACTA2+,0.4827586206896552,58,3586.262557712197,3209.1522698128592
4,713,2,Stromal,0.2962962962962963,54,3703.7750180929897,3123.672002798133
4,714,2,Myoepi_ACTA2+,0.3469387755102041,49,3586.262557712197,3123.672002798133
4,715,1,Stromal,0.8709677419354839,62,3409.993867141008,3166.412136305496
4,716,1,Stromal,0.9841269841269841,63,3174.968946379423,3337.37267033495
4,718,1,Stromal,0.8958333333333334,96,3174.968946379423,3166.412136305496
4,720,1,Stromal,0.676923076923077,65,2881.1877954274414,3209.1522698128592
4,721,1,Stromal,0.4155844155844156,77,2998.700255808234,3123.672002798133
4,723,2,DCIS_2,0.38095238095238093,63,3703.7750180929897,3038.1917357834054
4,724,1,Stromal,0.8214285714285714,28,3586.262557712197,3038.1917357834054
4,725,3,DCIS_2,0.782608695652174,69,3703.7750180929897,2952.711468768679
4,727,1,Stromal,0.7375,80,3409.993867141008,2995.451602276042
4,728,2,Stromal,0.3496932515337423,163,3645.0187879025934,2824.491068246588
4,729,1,Stromal,0.9117647058823529,68,3409.993867141008,2824.491068246588
4,730,1,Stromal,0.6721311475409836,122,3174.968946379423,2995.451602276042
4,731,1,CD4+_T_Cells,0.29896907216494845,97,2998.700255808234,3038.1917357834054
4,732,2,Myoepi_ACTA2+,0.4782608695652174,92,2881.1877954274414,3038.1917357834054
4,733,1,CD4+_T_Cells,0.4069767441860465,86,2998.700255808234,2952.711468768679
4,735,1,Stromal,0.9493670886075949,79,3174.968946379423,2824.491068246588
4,736,1,Stromal,0.6901408450704225,71,2998.700255808234,2867.2312017539516
4,737,2,DCIS_2,0.3050847457627119,59,2881.1877954274414,2867.2312017539516
4,738,1,Stromal,0.875,64,2998.700255808234,2781.7509347392242
4,739,2,Stromal,0.5370370370370371,54,2881.1877954274414,2781.7509347392242
4,741,1,CD4+_T_Cells,0.2923076923076923,130,2646.162874665856,3380.112803842313
4,742,1,Stromal,0.6666666666666666,48,2763.675335046649,3294.6325368275866
4,743,1,Stromal,0.37662337662337664,77,2646.162874665856,3294.6325368275866
4,745,1,Stromal,0.559322033898305,59,2763.675335046649,3209.1522698128592
4,746,1,Stromal,0.5555555555555556,63,2646.162874665856,3209.1522698128592
4,747,2,Stromal,0.5106382978723404,47,2763.675335046649,3123.672002798133
4,748,1,Stromal,0.6666666666666666,39,2646.162874665856,3123.672002798133
4,749,1,Stromal,0.46153846153846156,65,2528.6504142850636,3209.1522698128592
4,750,1,Stromal,0.4444444444444444,54,2411.137953904271,3209.1522698128592
4,751,1,Stromal,0.7083333333333334,48,2528.6504142850636,3123.672002798133
4,752,1,Stromal,0.5306122448979592,49,2411.137953904271,3123.672002798133
4,753,1,B_Cells,0.2523364485981308,107,2293.6254935234783,3380.112803842313
4,754,2,Stromal,0.20754716981132076,106,2176.1130331426857,3380.112803842313
4,755,1,Stromal,0.45977011494252873,87,2293.6254935234783,3294.6325368275866
4,756,1,Stromal,0.5,80,2176.1130331426857,3294.6325368275866
4,757,2,Myoepi_KRT15+,0.4,95,2058.600572761893,3380.112803842313
4,758,2,Stromal,0.45098039215686275,102,1941.0881123811005,3380.112803842313
4,759,2,Stromal,0.5113636363636364,88,2058.600572761893,3294.6325368275866
4,760,2,Stromal,0.5324675324675324,77,1941.0881123811005,3294.6325368275866
4,762,2,Stromal,0.49019607843137253,51,2176.1130331426857,3209.1522698128592
4,763,2,Stromal,0.421875,64,2293.6254935234783,3123.672002798133
4,764,2,Stromal,0.5087719298245614,57,2176.1130331426857,3123.672002798133
4,765,2,Stromal,0.625,64,2058.600572761893,3209.1522698128592
4,766,3,Myoepi_KRT15+,0.5,76,1941.0881123811005,3209.1522698128592
4,767,1,Stromal,0.95,40,2058.600572761893,3123.672002798133
4,768,2,Stromal,0.4117647058823529,68,1941.0881123811005,3123.672002798133
4,769,2,DCIS_2,0.5423728813559322,59,2763.675335046649,3038.1917357834054
4,770,2,Myoepi_ACTA2+,0.4657534246575342,73,2646.162874665856,3038.1917357834054
4,771,3,Myoepi_ACTA2+,0.41025641025641024,39,2763.675335046649,2952.711468768679
4,772,2,Myoepi_ACTA2+,0.4473684210526316,76,2646.162874665856,2952.711468768679
4,773,1,Stromal,0.6923076923076923,156,2469.8941840946673,2995.451602276042
4,775,2,Stromal,0.5689655172413793,58,2646.162874665856,2867.2312017539516
4,776,2,Myoepi_ACTA2+,0.47191011235955055,89,2763.675335046649,2781.7509347392242
4,777,1,Stromal,0.6419753086419753,81,2646.162874665856,2781.7509347392242
4,778,1,Stromal,0.7526881720430108,93,2469.8941840946673,2824.491068246588
4,779,1,Stromal,0.5185185185185185,81,2293.6254935234783,3038.1917357834054
4,780,1,Stromal,0.8285714285714286,35,2176.1130331426857,3038.1917357834054
4,781,1,Stromal,0.4342105263157895,76,2293.6254935234783,2952.711468768679
4,782,2,Stromal,0.5333333333333333,45,2176.1130331426857,2952.711468768679
4,783,2,DCIS_2,0.5625,64,2058.600572761893,3038.1917357834054
4,784,2,DCIS_2,0.5862068965517241,58,1941.0881123811005,3038.1917357834054
4,785,3,DCIS_2,0.9516129032258065,62,2058.600572761893,2952.711468768679
4,786,3,DCIS_2,0.8205128205128205,39,1941.0881123811005,2952.711468768679
4,787,1,Stromal,0.5,78,2293.6254935234783,2867.2312017539516
4,789,1,Stromal,0.4,90,2293.6254935234783,2781.7509347392242
4,790,2,Stromal,0.5932203389830508,59,2176.1130331426857,2781.7509347392242
4,791,3,DCIS_2,0.9024390243902439,41,2058.600572761893,2867.2312017539516
4,792,2,DCIS_2,0.39344262295081966,61,1941.0881123811005,2867.2312017539516
4,793,2,DCIS_2,0.4528301886792453,53,2058.600572761893,2781.7509347392242
4,794,2,Stromal,0.8235294117647058,51,1941.0881123811005,2781.7509347392242
4,795,1,Stromal,0.44871794871794873,78,1294.769580286741,4021.214806452766
4,796,0,Invasive_Tumor,0.5751633986928104,153,1059.7446595251558,4021.214806452766
4,797,0,Invasive_Tumor,0.5533333333333333,150,1294.769580286741,3850.2542724233117
4,798,0,Invasive_Tumor,0.7333333333333333,45,1118.5008897155521,3892.9944059306754
4,799,0,Invasive_Tumor,0.46551724137931033,58,1000.9884293347595,3892.9944059306754
4,800,3,Invasive_Tumor,0.7951807228915663,83,1118.5008897155521,3807.514138915948
4,801,0,Invasive_Tumor,0.7246376811594203,69,1000.9884293347595,3807.514138915948
4,803,0,Invasive_Tumor,0.44370860927152317,151,1529.7945010483263,3679.293738393858
4,804,1,Stromal,0.6578947368421053,38,1823.5756520003079,3551.073337871767
4,805,1,Invasive_Tumor,0.5,24,1706.0631916195152,3551.073337871767
4,806,1,Stromal,0.3076923076923077,117,1823.5756520003079,3465.5930708570404
4,807,0,Stromal,0.375,32,1706.0631916195152,3465.5930708570404
4,808,0,Invasive_Tumor,0.625,48,1588.5507312387226,3551.073337871767
4,809,0,Invasive_Tumor,0.9565217391304348,69,1471.03827085793,3551.073337871767
4,810,0,Stromal,0.41025641025641024,39,1588.5507312387226,3465.5930708570404
4,811,0,Invasive_Tumor,0.6346153846153846,52,1471.03827085793,3465.5930708570404
4,812,0,Stromal,0.4298245614035088,114,1294.769580286741,3679.293738393858
4,813,0,Invasive_Tumor,0.38235294117647056,170,1059.7446595251558,3679.293738393858
4,815,0,Invasive_Tumor,0.7702702702702703,74,1236.0133500963448,3551.073337871767
4,816,0,Invasive_Tumor,0.6470588235294118,51,1353.5258104771374,3465.5930708570404
4,817,0,Invasive_Tumor,0.6282051282051282,78,1236.0133500963448,3465.5930708570404
4,818,0,Invasive_Tumor,0.8227848101265823,79,1118.5008897155521,3551.073337871767
4,819,0,CD4+_T_Cells,0.36666666666666664,30,1000.9884293347595,3551.073337871767
4,820,0,Invasive_Tumor,0.7934782608695652,92,1118.5008897155521,3465.5930708570404
4,821,0,Invasive_Tumor,0.7105263157894737,76,1000.9884293347595,3465.5930708570404
4,823,0,Invasive_Tumor,0.48947368421052634,190,589.6948180019855,4021.214806452766
4,825,0,Invasive_Tumor,0.631578947368421,57,765.9635085731744,3892.9944059306754
4,826,0,Invasive_Tumor,0.5471698113207547,53,883.475968953967,3807.514138915948
4,827,0,Invasive_Tumor,0.8301886792452831,53,765.9635085731744,3807.514138915948
4,828,0,Invasive_Tumor,0.45454545454545453,55,648.4510481923818,3892.9944059306754
4,830,0,Invasive_Tumor,0.8,65,648.4510481923818,3807.514138915948
4,831,0,Macrophages_1,0.28205128205128205,78,530.9385878115892,3807.514138915948
4,832,0,Invasive_Tumor,0.45,180,354.6698972404003,4021.214806452766
4,833,0,Invasive_Tumor,0.5357142857142857,56,178.40120666921138,4063.954939960129
4,834,0,Stromal,0.391304347826087,46,60.888746288418766,4063.954939960129
4,835,0,Invasive_Tumor,0.5660377358490566,53,178.40120666921138,3978.4746729454027
4,836,0,Invasive_Tumor,0.62,50,60.888746288418766,3978.4746729454027
4,837,0,Invasive_Tumor,0.5434782608695652,46,413.4261274307966,3892.9944059306754
4,838,0,Invasive_Tumor,0.5555555555555556,54,295.913667050004,3892.9944059306754
4,840,0,Invasive_Tumor,0.5178571428571429,56,295.913667050004,3807.514138915948
4,841,0,Invasive_Tumor,0.5434782608695652,46,178.40120666921138,3892.9944059306754
4,842,0,Invasive_Tumor,0.75,44,60.888746288418766,3892.9944059306754
4,843,0,Invasive_Tumor,0.3584905660377358,53,178.40120666921138,3807.514138915948
4,844,0,Invasive_Tumor,0.3380281690140845,71,60.888746288418766,3807.514138915948
4,845,0,Invasive_Tumor,0.39080459770114945,174,824.7197387635707,3679.293738393858
4,846,0,Invasive_Tumor,0.8793103448275862,58,648.4510481923818,3722.0338719012216
4,847,0,Invasive_Tumor,0.5454545454545454,55,530.9385878115892,3722.0338719012216
4,848,0,Invasive_Tumor,0.4807692307692308,52,648.4510481923818,3636.553604886494
4,849,0,Invasive_Tumor,0.765625,64,530.9385878115892,3636.553604886494
4,850,0,Invasive_Tumor,0.6829268292682927,164,824.7197387635707,3508.3332043644036
4,851,0,Invasive_Tumor,0.7222222222222222,54,648.4510481923818,3551.073337871767
4,852,0,Invasive_Tumor,0.7413793103448276,58,530.9385878115892,3551.073337871767
4,853,0,Invasive_Tumor,0.7037037037037037,54,648.4510481923818,3465.5930708570404
4,854,0,Invasive_Tumor,0.6615384615384615,65,530.9385878115892,3465.5930708570404
4,856,0,Stromal,0.38095238095238093,42,178.40120666921138,3722.0338719012216
4,857,0,Invasive_Tumor,0.4393939393939394,66,60.888746288418766,3722.0338719012216
4,858,0,Stromal,0.4772727272727273,44,178.40120666921138,3636.553604886494
4,860,0,Invasive_Tumor,0.45161290322580644,186,354.6698972404003,3508.3332043644036
4,861,0,Stromal,0.625,32,178.40120666921138,3551.073337871767
4,862,0,Stromal,0.22784810126582278,79,60.888746288418766,3551.073337871767
4,863,0,Stromal,0.44,50,178.40120666921138,3465.5930708570404
4,864,0,Stromal,0.36363636363636365,44,60.888746288418766,3465.5930708570404
4,865,1,B_Cells,0.30952380952380953,126,1823.5756520003079,3380.112803842313
4,866,0,Stromal,0.5531914893617021,47,1706.0631916195152,3380.112803842313
4,867,1,CD4+_T_Cells,0.3333333333333333,120,1823.5756520003079,3294.6325368275866
4,868,1,Stromal,0.4057971014492754,69,1706.0631916195152,3294.6325368275866
4,870,1,Stromal,0.48148148148148145,108,1823.5756520003079,3209.1522698128592
4,871,1,Stromal,0.3368421052631579,95,1706.0631916195152,3209.1522698128592
4,872,1,Stromal,0.5779816513761468,109,1823.5756520003079,3123.672002798133
4,873,1,Stromal,0.375,104,1706.0631916195152,3123.672002798133
4,874,0,Invasive_Tumor,0.3157894736842105,57,1588.5507312387226,3209.1522698128592
4,875,0,CD4+_T_Cells,0.3283582089552239,134,1471.03827085793,3209.1522698128592
4,876,0,Stromal,0.3472222222222222,72,1588.5507312387226,3123.672002798133
4,877,0,CD4+_T_Cells,0.5954198473282443,131,1471.03827085793,3123.672002798133
4,878,0,Invasive_Tumor,0.8245614035087719,57,1353.5258104771374,3380.112803842313
4,879,0,Invasive_Tumor,0.28846153846153844,52,1236.0133500963448,3380.112803842313
4,880,0,Invasive_Tumor,0.8,65,1353.5258104771374,3294.6325368275866
4,881,0,Invasive_Tumor,0.4827586206896552,58,1236.0133500963448,3294.6325368275866
4,882,0,Invasive_Tumor,0.8026315789473685,76,1118.5008897155521,3380.112803842313
4,883,0,Invasive_Tumor,0.8767123287671232,73,1000.9884293347595,3380.112803842313
4,884,0,Invasive_Tumor,0.7567567567567568,74,1118.5008897155521,3294.6325368275866
4,885,0,Invasive_Tumor,0.7230769230769231,65,1000.9884293347595,3294.6325368275866
4,886,0,Invasive_Tumor,0.7586206896551724,58,1353.5258104771374,3209.1522698128592
4,887,0,Invasive_Tumor,0.7727272727272727,66,1236.0133500963448,3209.1522698128592
4,888,0,Invasive_Tumor,0.803030303030303,66,1353.5258104771374,3123.672002798133
4,889,0,Invasive_Tumor,0.46774193548387094,62,1236.0133500963448,3123.672002798133
4,891,0,Invasive_Tumor,0.6363636363636364,66,1000.9884293347595,3209.1522698128592
4,892,0,Invasive_Tumor,0.5714285714285714,77,1118.5008897155521,3123.672002798133
4,893,0,Invasive_Tumor,0.6885245901639344,61,1000.9884293347595,3123.672002798133
4,894,2,Stromal,0.7058823529411765,68,1823.5756520003079,3038.1917357834054
4,895,1,Stromal,0.45454545454545453,88,1706.0631916195152,3038.1917357834054
4,896,2,DCIS_2,0.5692307692307692,65,1823.5756520003079,2952.711468768679
4,897,1,Stromal,0.6944444444444444,72,1706.0631916195152,2952.711468768679
4,898,1,Stromal,0.7142857142857143,21,1588.5507312387226,3038.1917357834054
4,899,0,CD4+_T_Cells,0.3888888888888889,90,1471.03827085793,3038.1917357834054
4,900,1,Stromal,0.7916666666666666,24,1588.5507312387226,2952.711468768679
4,901,0,Stromal,0.21212121212121213,99,1471.03827085793,2952.711468768679
4,902,2,Myoepi_ACTA2+,0.47674418604651164,86,1823.5756520003079,2867.2312017539516
4,903,1,Stromal,0.7638888888888888,72,1706.0631916195152,2867.2312017539516
4,904,1,Stromal,0.6075949367088608,79,1823.5756520003079,2781.7509347392242
4,905,1,Stromal,0.35789473684210527,95,1706.0631916195152,2781.7509347392242
4,906,0,Stromal,0.398876404494382,178,1529.7945010483263,2824.491068246588
4,907,0,Invasive_Tumor,0.6901408450704225,71,1353.5258104771374,3038.1917357834054
4,908,0,Invasive_Tumor,0.5,52,1236.0133500963448,3038.1917357834054
4,909,0,Invasive_Tumor,0.42424242424242425,66,1353.5258104771374,2952.711468768679
4,910,0,Invasive_Tumor,0.5147058823529411,68,1236.0133500963448,2952.711468768679
4,912,0,Invasive_Tumor,0.9012345679012346,81,1000.9884293347595,3038.1917357834054
4,913,0,Invasive_Tumor,0.5714285714285714,56,1118.5008897155521,2952.711468768679
4,914,0,Invasive_Tumor,0.6363636363636364,55,1000.9884293347595,2952.711468768679
4,915,0,Invasive_Tumor,0.6976744186046512,43,1353.5258104771374,2867.2312017539516
4,916,0,Invasive_Tumor,0.6415094339622641,53,1236.0133500963448,2867.2312017539516
4,919,0,Invasive_Tumor,0.7808219178082192,73,1118.5008897155521,2867.2312017539516
4,920,0,Invasive_Tumor,0.5915492957746479,71,1000.9884293347595,2867.2312017539516
4,921,0,Invasive_Tumor,0.6027397260273972,73,1118.5008897155521,2781.7509347392242
4,922,0,Invasive_Tumor,0.5151515151515151,66,1000.9884293347595,2781.7509347392242
4,923,0,Invasive_Tumor,0.6612021857923497,183,824.7197387635707,3337.37267033495
4,924,0,Invasive_Tumor,0.7575757575757576,66,648.4510481923818,3380.112803842313
4,925,0,Invasive_Tumor,0.8095238095238095,63,530.9385878115892,3380.112803842313
4,926,0,Invasive_Tumor,0.6363636363636364,33,648.4510481923818,3294.6325368275866
4,927,0,Invasive_Tumor,0.859375,64,530.9385878115892,3294.6325368275866
4,928,0,Invasive_Tumor,0.6351351351351351,74,883.475968953967,3209.1522698128592
4,929,0,Invasive_Tumor,0.39344262295081966,61,765.9635085731744,3209.1522698128592
4,930,0,Invasive_Tumor,0.38,50,883.475968953967,3123.672002798133
4,931,0,Invasive_Tumor,0.4032258064516129,62,765.9635085731744,3123.672002798133
4,932,0,Invasive_Tumor,0.546875,64,648.4510481923818,3209.1522698128592
4,933,0,Invasive_Tumor,0.746268656716418,67,530.9385878115892,3209.1522698128592
4,934,0,Invasive_Tumor,0.7647058823529411,68,648.4510481923818,3123.672002798133
4,935,0,Invasive_Tumor,0.5319148936170213,47,530.9385878115892,3123.672002798133
4,936,0,Invasive_Tumor,0.4046242774566474,173,354.6698972404003,3337.37267033495
4,937,0,Endothelial,0.42592592592592593,54,178.40120666921138,3380.112803842313
4,938,0,Invasive_Tumor,0.5344827586206896,58,60.888746288418766,3380.112803842313
4,939,0,Endothelial,0.2653061224489796,49,178.40120666921138,3294.6325368275866
4,940,0,Invasive_Tumor,0.48,50,60.888746288418766,3294.6325368275866
4,941,0,Invasive_Tumor,0.4406779661016949,59,413.4261274307966,3209.1522698128592
4,942,0,Invasive_Tumor,0.54,50,295.913667050004,3209.1522698128592
4,943,0,Invasive_Tumor,0.5535714285714286,56,413.4261274307966,3123.672002798133
4,944,0,Invasive_Tumor,0.41304347826086957,46,295.913667050004,3123.672002798133
4,945,0,Invasive_Tumor,0.39759036144578314,166,119.64497647881507,3166.412136305496
4,946,0,Invasive_Tumor,0.8095238095238095,63,883.475968953967,3038.1917357834054
4,947,0,CD4+_T_Cells,0.3,90,765.9635085731744,3038.1917357834054
4,948,0,Invasive_Tumor,0.48214285714285715,56,883.475968953967,2952.711468768679
4,949,0,Invasive_Tumor,0.390625,64,765.9635085731744,2952.711468768679
4,950,0,Invasive_Tumor,0.4230769230769231,52,648.4510481923818,3038.1917357834054
4,951,0,Invasive_Tumor,0.4523809523809524,42,530.9385878115892,3038.1917357834054
4,952,0,Invasive_Tumor,0.5483870967741935,62,648.4510481923818,2952.711468768679
4,953,0,Invasive_Tumor,0.5507246376811594,69,530.9385878115892,2952.711468768679
4,954,0,Invasive_Tumor,0.5538461538461539,65,883.475968953967,2867.2312017539516
4,955,0,Invasive_Tumor,0.47761194029850745,67,765.9635085731744,2867.2312017539516
4,956,0,Stromal,0.2537313432835821,67,883.475968953967,2781.7509347392242
4,957,0,Invasive_Tumor,0.5866666666666667,75,765.9635085731744,2781.7509347392242
4,958,0,CD8+_T_Cells,0.37254901960784315,51,648.4510481923818,2867.2312017539516
4,959,0,CD8+_T_Cells,0.2191780821917808,73,530.9385878115892,2867.2312017539516
4,961,0,CD8+_T_Cells,0.23943661971830985,71,530.9385878115892,2781.7509347392242
4,962,0,Invasive_Tumor,0.5692307692307692,195,354.6698972404003,2995.451602276042
4,963,0,Invasive_Tumor,0.576271186440678,59,178.40120666921138,3038.1917357834054
4,964,0,Invasive_Tumor,0.3902439024390244,41,60.888746288418766,3038.1917357834054
4,965,0,Invasive_Tumor,0.7313432835820896,67,178.40120666921138,2952.711468768679
4,966,0,Invasive_Tumor,0.6304347826086957,46,60.888746288418766,2952.711468768679
4,967,0,Invasive_Tumor,0.31088082901554404,193,354.6698972404003,2824.491068246588
4,969,1,Stromal,0.9230769230769231,65,7405.417520087957,2653.530534217134
4,970,2,Stromal,0.54421768707483,147,7170.392599326372,2653.530534217134
4,971,1,Stromal,0.5714285714285714,91,7405.417520087957,2482.57000018768
4,972,2,Stromal,0.6880733944954128,109,7170.392599326372,2482.57000018768
4,973,3,DCIS_1,0.6216216216216216,74,6994.123908755183,2696.270667724498
4,974,3,DCIS_1,0.52,100,6876.61144837439,2696.270667724498
4,975,3,DCIS_1,0.8857142857142857,70,6994.123908755183,2610.7904007097704
4,976,3,DCIS_1,0.4338235294117647,136,6876.61144837439,2610.7904007097704
4,977,3,DCIS_1,0.7317073170731707,82,6759.098987993598,2696.270667724498
4,978,2,DCIS_1,0.6551724137931034,58,6641.586527612805,2696.270667724498
4,979,3,DCIS_1,0.7340425531914894,94,6759.098987993598,2610.7904007097704
4,982,3,DCIS_1,0.7951807228915663,83,6876.61144837439,2525.310133695043
4,983,2,DCIS_1,0.5245901639344263,61,6994.123908755183,2439.8298666803166
4,984,3,DCIS_1,0.859375,64,6876.61144837439,2439.8298666803166
4,985,3,DCIS_1,0.8552631578947368,76,6759.098987993598,2525.310133695043
4,986,0,DCIS_1,0.7796610169491526,59,6641.586527612805,2525.310133695043
4,988,2,DCIS_1,0.6727272727272727,55,6641.586527612805,2439.8298666803166
4,989,2,DCIS_1,0.35,40,7464.1737502783535,2354.3495996655893
4,990,2,DCIS_1,0.6538461538461539,52,7346.661289897561,2354.3495996655893
4,991,2,DCIS_1,0.8421052631578947,76,7464.1737502783535,2268.869332650863
4,992,3,DCIS_1,1.0,62,7346.661289897561,2268.869332650863
4,993,2,DCIS_1,0.48,50,7229.148829516768,2354.3495996655893
4,994,2,Stromal,0.5217391304347826,46,7111.636369135976,2354.3495996655893
4,995,3,DCIS_1,0.9636363636363636,55,7229.148829516768,2268.869332650863
4,996,3,DCIS_1,0.8235294117647058,68,7111.636369135976,2268.869332650863
4,997,2,DCIS_1,0.6666666666666666,75,7464.1737502783535,2183.3890656361355
4,999,3,DCIS_1,0.6865671641791045,67,7464.1737502783535,2097.908798621409
4,1001,3,DCIS_1,0.7333333333333333,75,7229.148829516768,2183.3890656361355
4,1002,3,DCIS_1,0.5824175824175825,91,7111.636369135976,2183.3890656361355
4,1003,3,DCIS_1,0.4819277108433735,83,7229.148829516768,2097.908798621409
4,1004,3,DCIS_1,0.7833333333333333,60,7111.636369135976,2097.908798621409
4,1005,2,Stromal,0.49079754601226994,163,6935.367678564787,2311.609466158226
4,1006,2,Stromal,0.40229885057471265,174,6700.3427578032015,2311.609466158226
4,1008,1,Stromal,0.75,64,6700.3427578032015,2140.6489321287722
4,1009,1,Stromal,0.62,100,6465.317837041616,2653.530534217134
4,1010,1,Stromal,0.3972602739726027,146,6230.292916280031,2653.530534217134
4,1011,2,Stromal,0.3333333333333333,180,6465.317837041616,2482.57000018768
4,1012,1,Stromal,0.6105263157894737,95,6230.292916280031,2482.57000018768
4,1013,1,Stromal,0.711864406779661,118,5995.267995518446,2653.530534217134
4,1014,2,Stromal,0.48854961832061067,131,5760.243074756861,2653.530534217134
4,1015,1,Stromal,0.7023809523809523,84,5995.267995518446,2482.57000018768
4,1016,1,Stromal,0.9423076923076923,52,5760.243074756861,2482.57000018768
4,1017,2,Stromal,0.5348837209302325,129,6465.317837041616,2311.609466158226
4,1018,1,Stromal,0.868421052631579,38,6230.292916280031,2311.609466158226
4,1019,1,Stromal,0.9,40,6465.317837041616,2140.6489321287722
4,1020,1,Stromal,0.8,30,6230.292916280031,2140.6489321287722
4,1021,1,Stromal,0.907563025210084,119,5877.755535137653,2226.129199143499
4,1022,3,DCIS_1,0.5753424657534246,73,7464.1737502783535,2012.4285316066819
4,1024,2,Stromal,0.32786885245901637,61,7464.1737502783535,1926.9482645919547
4,1025,2,DCIS_1,0.3333333333333333,75,7346.661289897561,1926.9482645919547
4,1026,2,DCIS_1,0.45454545454545453,66,7229.148829516768,2012.4285316066819
4,1027,3,DCIS_1,0.9402985074626866,67,7111.636369135976,2012.4285316066819
4,1028,2,Stromal,0.5434782608695652,46,7229.148829516768,1926.9482645919547
4,1029,2,Stromal,0.47619047619047616,42,7111.636369135976,1926.9482645919547
4,1030,1,Endothelial,0.24,50,7464.1737502783535,1841.4679975772278
4,1031,2,Stromal,0.2833333333333333,60,7346.661289897561,1841.4679975772278
4,1032,1,CD4+_T_Cells,0.25,20,7464.1737502783535,1755.9877305625007
4,1033,1,CD4+_T_Cells,0.3026315789473684,76,7346.661289897561,1755.9877305625007
4,1034,2,CD4+_T_Cells,0.30434782608695654,92,7229.148829516768,1841.4679975772278
4,1036,1,CD4+_T_Cells,0.3516483516483517,91,7229.148829516768,1755.9877305625007
4,1038,2,Stromal,0.4690265486725664,113,6935.367678564787,1969.6883980993184
4,1039,2,Stromal,0.4330708661417323,127,6700.3427578032015,1969.6883980993184
4,1040,1,Stromal,0.8571428571428571,56,6935.367678564787,1798.7278640698642
4,1041,2,DCIS_1,0.2890625,128,6700.3427578032015,1798.7278640698642
4,1042,1,CD4+_T_Cells,0.3087248322147651,149,7405.417520087957,1627.7673300404103
4,1043,0,Stromal,0.5833333333333334,72,7170.392599326372,1627.7673300404103
4,1044,1,CD4+_T_Cells,0.3333333333333333,33,7464.1737502783535,1499.5469295183198
4,1045,1,CD8+_T_Cells,0.25806451612903225,62,7346.661289897561,1499.5469295183198
4,1046,1,CD4+_T_Cells,0.41509433962264153,53,7464.1737502783535,1414.0666625035926
4,1047,1,CD4+_T_Cells,0.2727272727272727,88,7346.661289897561,1414.0666625035926
4,1048,1,Stromal,0.5542168674698795,83,7170.392599326372,1456.806796010956
4,1049,1,Stromal,0.7924528301886793,53,6935.367678564787,1627.7673300404103
4,1050,1,Stromal,0.851063829787234,47,6700.3427578032015,1627.7673300404103
4,1051,1,Stromal,0.5362318840579711,69,6935.367678564787,1456.806796010956
4,1052,2,DCIS_1,0.33858267716535434,127,6700.3427578032015,1456.806796010956
4,1053,1,Stromal,0.7254901960784313,51,6465.317837041616,1969.6883980993184
4,1054,1,Stromal,0.576271186440678,59,6230.292916280031,1969.6883980993184
4,1056,1,Stromal,0.5094339622641509,53,6230.292916280031,1798.7278640698642
4,1057,1,Stromal,0.543010752688172,186,5877.755535137653,1884.2081310845913
4,1058,1,Stromal,0.6,10,6524.074067232013,1670.5074635477738
4,1059,1,CD4+_T_Cells,0.580952380952381,105,6406.56160685122,1670.5074635477738
4,1060,1,Stromal,0.4782608695652174,23,6524.074067232013,1585.0271965330467
4,1061,1,CD4+_T_Cells,0.5918367346938775,98,6406.56160685122,1585.0271965330467
4,1062,1,Stromal,0.6271186440677966,59,6230.292916280031,1627.7673300404103
4,1063,2,Stromal,0.3202614379084967,153,6465.317837041616,1456.806796010956
4,1064,1,Stromal,0.6474820143884892,139,5877.755535137653,1542.2870630256832
4,1065,2,DCIS_1,0.35625,160,5525.218153995275,2653.530534217134
4,1066,1,Stromal,0.5343511450381679,131,5290.19323323369,2653.530534217134
4,1068,1,Stromal,0.5909090909090909,88,5290.19323323369,2482.57000018768
4,1069,1,Stromal,0.5866666666666667,75,5055.168312472105,2653.530534217134
4,1070,1,Invasive_Tumor,0.6666666666666666,75,4820.14339171052,2653.530534217134
4,1071,1,Stromal,0.3855421686746988,83,5055.168312472105,2482.57000018768
4,1072,1,Stromal,0.96875,32,4820.14339171052,2482.57000018768
4,1073,1,Stromal,0.5192307692307693,52,5525.218153995275,2311.609466158226
4,1074,1,Stromal,0.631578947368421,57,5290.19323323369,2311.609466158226
4,1075,1,Stromal,0.3763440860215054,93,5525.218153995275,2140.6489321287722
4,1076,1,Stromal,0.43902439024390244,41,5290.19323323369,2140.6489321287722
4,1077,1,Stromal,0.7,50,4585.118470948934,2653.530534217134
4,1078,1,Stromal,0.9166666666666666,60,4350.093550187349,2653.530534217134
4,1080,1,Stromal,0.9310344827586207,29,4350.093550187349,2482.57000018768
4,1081,1,Stromal,0.6746987951807228,83,4115.068629425764,2653.530534217134
4,1082,1,Stromal,0.7313432835820896,67,3880.0437086641787,2653.530534217134
4,1083,1,Stromal,0.7073170731707317,41,4115.068629425764,2482.57000018768
4,1084,1,Stromal,0.6404494382022472,89,3880.0437086641787,2482.57000018768
4,1085,1,Stromal,0.9655172413793104,29,4115.068629425764,2311.609466158226
4,1086,1,Stromal,0.5833333333333334,24,3938.799938854575,2354.3495996655893
4,1087,1,Endothelial,0.2727272727272727,55,3821.2874784737824,2354.3495996655893
4,1088,1,B_Cells,0.3287671232876712,73,3938.799938854575,2268.869332650863
4,1089,1,CD4+_T_Cells,0.39622641509433965,106,3821.2874784737824,2268.869332650863
4,1091,1,CD4+_T_Cells,0.3275862068965517,58,3938.799938854575,2183.3890656361355
4,1092,1,B_Cells,0.3434343434343434,99,3821.2874784737824,2183.3890656361355
4,1093,1,CD4+_T_Cells,0.37037037037037035,54,3938.799938854575,2097.908798621409
4,1094,1,Stromal,0.5416666666666666,24,3821.2874784737824,2097.908798621409
4,1095,1,Stromal,0.5244755244755245,143,5407.705693614483,1884.2081310845913
4,1096,1,Stromal,0.5657894736842105,152,4937.655852091312,1884.2081310845913
4,1097,1,Stromal,0.52,75,5525.218153995275,1627.7673300404103
4,1098,1,Stromal,0.5930232558139535,86,5290.19323323369,1627.7673300404103
4,1099,1,Stromal,0.34615384615384615,26,5583.974384185672,1499.5469295183198
4,1100,0,DCIS_2,0.8142857142857143,70,5466.461923804879,1499.5469295183198
4,1101,2,Stromal,0.3333333333333333,33,5583.974384185672,1414.0666625035926
4,1102,2,DCIS_2,0.7391304347826086,92,5466.461923804879,1414.0666625035926
4,1103,2,Stromal,0.34545454545454546,55,5348.949463424086,1499.5469295183198
4,1104,2,DCIS_2,0.2807017543859649,57,5231.437003043294,1499.5469295183198
4,1105,3,DCIS_2,0.8378378378378378,74,5348.949463424086,1414.0666625035926
4,1106,3,DCIS_2,0.7777777777777778,72,5231.437003043294,1414.0666625035926
4,1107,2,Stromal,0.517948717948718,195,4937.655852091312,1542.2870630256832
4,1108,1,Stromal,0.7647058823529411,119,3997.5561690449713,1884.2081310845913
4,1110,2,DCIS_1,0.5740740740740741,54,7464.1737502783535,1328.5863954888657
4,1111,1,Stromal,0.25,52,7346.661289897561,1328.5863954888657
4,1112,2,DCIS_1,0.23214285714285715,56,7464.1737502783535,1243.1061284741386
4,1113,2,DCIS_1,0.4444444444444444,54,7346.661289897561,1243.1061284741386
4,1114,2,DCIS_1,0.36257309941520466,171,7170.392599326372,1285.8462619815023
4,1115,2,DCIS_1,0.484472049689441,161,7405.417520087957,1114.885727952048
4,1116,2,DCIS_1,0.4083769633507853,191,7170.392599326372,1114.885727952048
4,1117,2,DCIS_1,0.6708074534161491,161,6935.367678564787,1285.8462619815023
4,1118,2,DCIS_1,0.30612244897959184,147,6700.3427578032015,1285.8462619815023
4,1119,2,DCIS_1,0.4533333333333333,150,6935.367678564787,1114.885727952048
4,1120,2,DCIS_1,0.37988826815642457,179,6700.3427578032015,1114.885727952048
4,1121,1,Stromal,0.3282051282051282,195,7405.417520087957,943.9251939225942
4,1122,2,DCIS_1,0.3717948717948718,78,7229.148829516768,986.6653274299576
4,1123,2,CD8+_T_Cells,0.19298245614035087,57,7111.636369135976,986.6653274299576
4,1124,2,DCIS_1,0.33766233766233766,77,7229.148829516768,901.1850604152307
4,1125,2,Stromal,0.2692307692307692,52,7111.636369135976,901.1850604152307
4,1126,1,Stromal,0.3769230769230769,130,7405.417520087957,772.9646598931402
4,1127,2,Stromal,0.4049079754601227,163,7170.392599326372,772.9646598931402
4,1128,1,Stromal,0.6871165644171779,163,6817.855218183994,858.4449269078672
4,1129,2,Stromal,0.40217391304347827,92,6465.317837041616,1285.8462619815023
4,1130,2,DCIS_1,0.39473684210526316,114,6465.317837041616,1114.885727952048
4,1132,1,Stromal,0.5873015873015873,63,5760.243074756861,1285.8462619815023
4,1133,1,Stromal,0.6341463414634146,41,5995.267995518446,1114.885727952048
4,1134,1,Stromal,0.6041666666666666,96,5760.243074756861,1114.885727952048
4,1135,1,Stromal,0.4772727272727273,44,6465.317837041616,943.9251939225942
4,1136,1,Stromal,0.5822784810126582,79,6230.292916280031,943.9251939225942
4,1138,2,Stromal,0.2857142857142857,140,6230.292916280031,772.9646598931402
4,1139,2,Stromal,0.22289156626506024,166,5995.267995518446,943.9251939225942
4,1140,1,Stromal,0.631578947368421,57,5760.243074756861,943.9251939225942
4,1142,1,Stromal,0.44696969696969696,132,5760.243074756861,772.9646598931402
4,1144,0,Invasive_Tumor,0.5172413793103449,58,6935.367678564787,602.0041258636862
4,1145,0,Invasive_Tumor,0.4805194805194805,77,6700.3427578032015,602.0041258636862
4,1146,1,Stromal,0.6785714285714286,28,6935.367678564787,431.0435918342322
4,1147,1,Stromal,0.5609756097560976,41,6700.3427578032015,431.0435918342322
4,1148,1,Stromal,0.45652173913043476,46,7405.417520087957,260.0830578047782
4,1149,1,Stromal,0.7586206896551724,58,7170.392599326372,260.0830578047782
4,1150,0,Stromal,0.35714285714285715,56,7405.417520087957,89.12252377532423
4,1151,0,Stromal,0.4189189189189189,74,7170.392599326372,89.12252377532423
4,1152,1,Stromal,0.6618705035971223,139,6817.855218183994,174.60279079005122
4,1153,2,Stromal,0.38961038961038963,154,6230.292916280031,602.0041258636862
4,1154,1,Stromal,0.7692307692307693,39,6230.292916280031,431.0435918342322
4,1155,1,Stromal,0.40404040404040403,99,5995.267995518446,602.0041258636862
4,1156,1,Stromal,0.46875,32,5818.999304947257,644.7442593710498
4,1157,1,Stromal,0.7,30,5701.486844566464,644.7442593710498
4,1159,1,Stromal,0.40425531914893614,47,5701.486844566464,559.2639923563227
4,1161,1,CD4+_T_Cells,0.4896551724137931,145,5936.5117653280495,473.7837253415957
4,1162,1,Stromal,0.6,20,6054.024225708842,388.30345832686874
4,1164,1,CD4+_T_Cells,0.5069444444444444,144,5818.999304947257,473.7837253415957
4,1165,1,Stromal,0.31343283582089554,67,5701.486844566464,473.7837253415957
4,1166,1,CD4+_T_Cells,0.3173076923076923,104,5818.999304947257,388.30345832686874
4,1167,2,Macrophages_1,0.23170731707317074,82,5701.486844566464,388.30345832686874
4,1168,1,Stromal,0.2596685082872928,181,5995.267995518446,260.0830578047782
4,1169,1,Macrophages_1,0.3125,80,5818.999304947257,302.8231913121417
4,1170,2,CD4+_T_Cells,0.21951219512195122,82,5701.486844566464,302.8231913121417
4,1171,1,CD4+_T_Cells,0.4791666666666667,96,5818.999304947257,217.3429242974147
4,1172,1,CD4+_T_Cells,0.7328767123287672,146,5701.486844566464,217.3429242974147
4,1173,1,Stromal,0.28846153846153844,104,5995.267995518446,89.12252377532423
4,1174,3,CD4+_T_Cells,0.6666666666666666,108,5818.999304947257,131.86265728268774
4,1175,3,CD4+_T_Cells,0.7551020408163265,98,5701.486844566464,131.86265728268774
4,1176,3,CD4+_T_Cells,0.3157894736842105,19,5818.999304947257,46.38239026796073
4,1177,3,CD4+_T_Cells,0.5454545454545454,11,5701.486844566464,46.38239026796073
4,1178,2,DCIS_2,0.41304347826086957,184,5525.218153995275,1285.8462619815023
4,1180,3,DCIS_2,0.8314606741573034,89,5231.437003043294,1328.5863954888657
4,1181,3,DCIS_2,0.8380952380952381,105,5348.949463424086,1243.1061284741386
4,1182,3,DCIS_2,0.8620689655172413,116,5231.437003043294,1243.1061284741386
4,1183,2,DCIS_2,0.3756906077348066,181,5525.218153995275,1114.885727952048
4,1184,3,DCIS_2,0.7866666666666666,75,5348.949463424086,1157.6258614594117
4,1185,3,DCIS_2,0.953125,64,5231.437003043294,1157.6258614594117
4,1186,2,DCIS_2,0.5151515151515151,66,5348.949463424086,1072.1455944446845
4,1187,3,DCIS_2,0.8666666666666667,60,5231.437003043294,1072.1455944446845
4,1188,2,DCIS_2,0.6686746987951807,166,5055.168312472105,1285.8462619815023
4,1189,1,Stromal,0.64,50,4820.14339171052,1285.8462619815023
4,1190,2,DCIS_2,0.5128205128205128,156,5055.168312472105,1114.885727952048
4,1191,1,Stromal,0.7321428571428571,56,4820.14339171052,1114.885727952048
4,1192,3,DCIS_2,0.8428571428571429,70,5583.974384185672,986.6653274299576
4,1193,3,DCIS_2,0.9647058823529412,85,5466.461923804879,986.6653274299576
4,1194,2,DCIS_2,0.5294117647058824,51,5583.974384185672,901.1850604152307
4,1195,3,DCIS_2,0.9701492537313433,67,5466.461923804879,901.1850604152307
4,1196,2,DCIS_2,0.6,75,5348.949463424086,986.6653274299576
4,1197,2,Myoepi_ACTA2+,0.25,48,5231.437003043294,986.6653274299576
4,1198,0,DCIS_2,0.7384615384615385,65,5348.949463424086,901.1850604152307
4,1199,1,Stromal,0.7297297297297297,37,5231.437003043294,901.1850604152307
4,1200,2,Stromal,0.4189189189189189,148,5525.218153995275,772.9646598931402
4,1201,2,Stromal,0.5517241379310345,29,5348.949463424086,815.7047934005036
4,1202,2,Stromal,0.3389830508474576,59,5231.437003043294,815.7047934005036
4,1204,2,DCIS_2,0.35526315789473684,76,5231.437003043294,730.2245263857767
4,1205,1,Stromal,0.5825242718446602,103,5055.168312472105,943.9251939225942
4,1206,1,Stromal,0.8048780487804879,41,4820.14339171052,943.9251939225942
4,1210,2,Stromal,0.37055837563451777,197,5525.218153995275,602.0041258636862
4,1211,1,Stromal,0.25,60,5348.949463424086,644.7442593710498
4,1212,2,CD8+_T_Cells,0.2875,80,5231.437003043294,644.7442593710498
4,1213,2,Stromal,0.24193548387096775,62,5348.949463424086,559.2639923563227
4,1214,1,Stromal,0.32142857142857145,56,5231.437003043294,559.2639923563227
4,1215,2,DCIS_2,0.4069767441860465,86,5583.974384185672,473.7837253415957
4,1216,3,DCIS_2,0.9859154929577465,71,5466.461923804879,473.7837253415957
4,1217,3,DCIS_2,0.8181818181818182,77,5583.974384185672,388.30345832686874
4,1218,3,DCIS_2,1.0,65,5466.461923804879,388.30345832686874
4,1219,2,DCIS_2,0.3076923076923077,78,5348.949463424086,473.7837253415957
4,1220,2,Stromal,0.3114754098360656,61,5231.437003043294,473.7837253415957
4,1221,2,DCIS_2,0.328125,64,5348.949463424086,388.30345832686874
4,1222,2,Stromal,0.25287356321839083,87,5231.437003043294,388.30345832686874
4,1223,1,Endothelial,0.32653061224489793,49,5113.924542662501,644.7442593710498
4,1224,1,Stromal,0.38666666666666666,75,4996.4120822817085,644.7442593710498
4,1225,1,Stromal,0.3384615384615385,65,5113.924542662501,559.2639923563227
4,1226,1,Stromal,0.2903225806451613,62,4996.4120822817085,559.2639923563227
4,1227,1,Stromal,0.5666666666666667,30,4878.899621900916,644.7442593710498
4,1228,1,Stromal,0.5294117647058824,34,4761.387161520123,644.7442593710498
4,1229,2,CD8+_T_Cells,0.3076923076923077,78,4878.899621900916,559.2639923563227
4,1230,2,Stromal,0.2375,80,4761.387161520123,559.2639923563227
4,1231,2,Stromal,0.23376623376623376,77,5113.924542662501,473.7837253415957
4,1232,2,Myoepi_ACTA2+,0.24675324675324675,77,4996.4120822817085,473.7837253415957
4,1233,2,DCIS_2,0.7105263157894737,76,5113.924542662501,388.30345832686874
4,1234,2,DCIS_2,0.25287356321839083,87,4996.4120822817085,388.30345832686874
4,1235,2,DCIS_2,0.2222222222222222,90,4878.899621900916,473.7837253415957
4,1236,2,DCIS_2,0.5492957746478874,71,4761.387161520123,473.7837253415957
4,1237,2,DCIS_2,0.28431372549019607,102,4878.899621900916,388.30345832686874
4,1238,2,DCIS_2,0.4823529411764706,85,4761.387161520123,388.30345832686874
4,1239,2,DCIS_2,0.42857142857142855,91,5583.974384185672,302.8231913121417
4,1240,3,DCIS_2,0.6333333333333333,60,5466.461923804879,302.8231913121417
4,1241,1,CD4+_T_Cells,0.5354330708661418,127,5583.974384185672,217.3429242974147
4,1242,2,DCIS_2,0.2537313432835821,67,5466.461923804879,217.3429242974147
4,1244,2,CD4+_T_Cells,0.2692307692307692,78,5231.437003043294,302.8231913121417
4,1245,3,DCIS_2,0.9629629629629629,54,5348.949463424086,217.3429242974147
4,1246,3,DCIS_2,0.6666666666666666,72,5231.437003043294,217.3429242974147
4,1247,3,CD4+_T_Cells,0.3211009174311927,109,5525.218153995275,89.12252377532423
4,1248,3,DCIS_2,0.6029411764705882,68,5290.19323323369,89.12252377532423
4,1249,2,Stromal,0.3333333333333333,69,5113.924542662501,302.8231913121417
4,1250,3,DCIS_2,0.2839506172839506,81,4996.4120822817085,302.8231913121417
4,1251,3,Stromal,0.45454545454545453,44,5113.924542662501,217.3429242974147
4,1252,3,Stromal,0.5151515151515151,33,4996.4120822817085,217.3429242974147
4,1253,3,DCIS_2,0.6582278481012658,79,4878.899621900916,302.8231913121417
4,1254,3,DCIS_2,0.4268292682926829,82,4761.387161520123,302.8231913121417
4,1255,3,Stromal,0.4222222222222222,45,4878.899621900916,217.3429242974147
4,1256,3,Stromal,0.2682926829268293,41,4761.387161520123,217.3429242974147
4,1257,1,Stromal,0.32727272727272727,55,4643.874701139331,644.7442593710498
4,1258,1,CD4+_T_Cells,0.33695652173913043,92,4526.362240758538,644.7442593710498
4,1259,1,CD4+_T_Cells,0.2857142857142857,133,4643.874701139331,559.2639923563227
4,1260,2,CD4+_T_Cells,0.35344827586206895,116,4526.362240758538,559.2639923563227
4,1261,1,CD4+_T_Cells,0.5050505050505051,99,4408.849780377745,644.7442593710498
4,1262,1,CD4+_T_Cells,0.2625,80,4291.337319996953,644.7442593710498
4,1263,2,CD8+_T_Cells,0.25,120,4408.849780377745,559.2639923563227
4,1264,2,CD4+_T_Cells,0.3220338983050847,118,4291.337319996953,559.2639923563227
4,1265,2,CD8+_T_Cells,0.2087912087912088,91,4643.874701139331,473.7837253415957
4,1266,2,DCIS_2,0.3258426966292135,89,4526.362240758538,473.7837253415957
4,1267,2,DCIS_2,0.2235294117647059,85,4643.874701139331,388.30345832686874
4,1268,2,DCIS_2,0.3974358974358974,78,4526.362240758538,388.30345832686874
4,1269,2,CD4+_T_Cells,0.26956521739130435,115,4408.849780377745,473.7837253415957
4,1270,2,DCIS_2,0.618421052631579,76,4291.337319996953,473.7837253415957
4,1271,2,DCIS_2,0.4111111111111111,90,4408.849780377745,388.30345832686874
4,1272,2,CD4+_T_Cells,0.3023255813953488,129,4291.337319996953,388.30345832686874
4,1273,1,CD4+_T_Cells,0.26548672566371684,113,4115.068629425764,602.0041258636862
4,1274,2,DCIS_2,0.23376623376623376,77,4173.82485961616,473.7837253415957
4,1276,2,DCIS_2,0.2777777777777778,90,4173.82485961616,388.30345832686874
4,1277,1,Stromal,0.5,20,4056.3123992353676,388.30345832686874
4,1278,1,Stromal,0.36363636363636365,33,3880.0437086641787,431.0435918342322
4,1279,2,CD4+_T_Cells,0.20833333333333334,96,4643.874701139331,302.8231913121417
4,1280,2,CD4+_T_Cells,0.26582278481012656,79,4526.362240758538,302.8231913121417
4,1281,3,CD4+_T_Cells,0.38235294117647056,34,4643.874701139331,217.3429242974147
4,1282,3,DCIS_2,0.4,20,4526.362240758538,217.3429242974147
4,1283,3,DCIS_2,0.2676056338028169,71,4408.849780377745,302.8231913121417
4,1285,3,DCIS_1,0.47058823529411764,17,4408.849780377745,217.3429242974147
4,1287,1,CD4+_T_Cells,0.2795031055900621,161,3997.5561690449713,174.60279079005122
4,1288,1,Stromal,0.6464646464646465,99,3645.0187879025934,2653.530534217134
4,1290,2,Myoepi_ACTA2+,0.4107142857142857,56,3703.7750180929897,2525.310133695043
4,1291,3,DCIS_2,0.36,75,3586.262557712197,2525.310133695043
4,1293,1,Stromal,0.40384615384615385,52,3586.262557712197,2439.8298666803166
4,1294,1,Stromal,0.7105263157894737,76,3409.993867141008,2482.57000018768
4,1295,1,Stromal,0.9298245614035088,57,3174.968946379423,2653.530534217134
4,1296,1,Stromal,0.7619047619047619,168,2939.9440256178377,2653.530534217134
4,1297,1,Stromal,0.7831325301204819,83,3174.968946379423,2482.57000018768
4,1298,1,Stromal,0.7092198581560284,141,2939.9440256178377,2482.57000018768
4,1299,1,Stromal,0.7837837837837838,74,3645.0187879025934,2311.609466158226
4,1300,1,Stromal,0.782608695652174,46,3409.993867141008,2311.609466158226
4,1301,0,Stromal,0.4639175257731959,97,3645.0187879025934,2140.6489321287722
4,1302,1,Stromal,1.0,33,3409.993867141008,2140.6489321287722
4,1303,1,Stromal,0.8181818181818182,44,3174.968946379423,2311.609466158226
4,1305,1,Stromal,0.7142857142857143,77,3174.968946379423,2140.6489321287722
4,1306,1,Stromal,0.49523809523809526,105,2939.9440256178377,2140.6489321287722
4,1307,2,Stromal,0.6122448979591837,98,2763.675335046649,2696.270667724498
4,1308,1,Stromal,0.8484848484848485,66,2646.162874665856,2696.270667724498
4,1311,1,Stromal,0.945054945054945,91,2469.8941840946673,2653.530534217134
4,1312,1,Stromal,0.7166666666666667,180,2704.9191048562525,2482.57000018768
4,1313,1,Stromal,0.8461538461538461,78,2469.8941840946673,2482.57000018768
4,1314,1,Stromal,0.22988505747126436,87,2293.6254935234783,2696.270667724498
4,1316,1,Stromal,0.5,64,2293.6254935234783,2610.7904007097704
4,1317,1,Stromal,0.23076923076923078,78,2176.1130331426857,2610.7904007097704
4,1318,1,Stromal,0.6875,48,2058.600572761893,2696.270667724498
4,1320,1,Stromal,0.7142857142857143,63,2058.600572761893,2610.7904007097704
4,1321,2,Stromal,0.42857142857142855,56,1941.0881123811005,2610.7904007097704
4,1323,1,Stromal,0.3114754098360656,61,2176.1130331426857,2525.310133695043
4,1324,1,Stromal,0.45098039215686275,51,2293.6254935234783,2439.8298666803166
4,1325,1,CD8+_T_Cells,0.3389830508474576,59,2176.1130331426857,2439.8298666803166
4,1326,1,Stromal,0.7241379310344828,58,2058.600572761893,2525.310133695043
4,1327,2,Stromal,0.4915254237288136,59,1941.0881123811005,2525.310133695043
4,1328,1,Stromal,0.3958333333333333,48,2058.600572761893,2439.8298666803166
4,1329,2,Stromal,0.47761194029850745,67,1941.0881123811005,2439.8298666803166
4,1330,1,Stromal,0.6223776223776224,143,2704.9191048562525,2311.609466158226
4,1331,0,Stromal,0.6263736263736264,91,2469.8941840946673,2311.609466158226
4,1332,1,Stromal,0.42857142857142855,147,2704.9191048562525,2140.6489321287722
4,1333,0,Invasive_Tumor,0.8703703703703703,54,2528.6504142850636,2183.3890656361355
4,1334,0,Invasive_Tumor,0.7288135593220338,59,2411.137953904271,2183.3890656361355
4,1336,0,Invasive_Tumor,0.546875,64,2411.137953904271,2097.908798621409
4,1337,0,Stromal,0.5138888888888888,144,2234.869263333082,2311.609466158226
4,1338,1,Stromal,0.5211267605633803,142,1999.8443425714968,2311.609466158226
4,1339,0,Invasive_Tumor,0.5573770491803278,183,2234.869263333082,2140.6489321287722
4,1340,0,Invasive_Tumor,0.4067796610169492,118,1999.8443425714968,2140.6489321287722
4,1341,0,Stromal,0.47244094488188976,127,3645.0187879025934,1969.6883980993184
4,1342,1,Stromal,0.64,25,3468.7500973314045,2012.4285316066819
4,1343,0,Invasive_Tumor,0.56,50,3351.237636950612,2012.4285316066819
4,1344,0,Invasive_Tumor,0.8275862068965517,58,3468.7500973314045,1926.9482645919547
4,1345,3,Invasive_Tumor,0.8904109589041096,73,3351.237636950612,1926.9482645919547
4,1346,0,Stromal,0.3673469387755102,98,3645.0187879025934,1798.7278640698642
4,1347,3,Invasive_Tumor,0.921875,64,3468.7500973314045,1841.4679975772278
4,1349,0,Invasive_Tumor,0.3050847457627119,59,3468.7500973314045,1755.9877305625007
4,1351,0,Invasive_Tumor,0.7903225806451613,62,3233.7251765698193,2012.4285316066819
4,1352,0,Invasive_Tumor,0.8846153846153846,52,3116.2127161890267,2012.4285316066819
4,1353,3,Invasive_Tumor,0.9830508474576272,59,3233.7251765698193,1926.9482645919547
4,1354,3,Invasive_Tumor,0.9482758620689655,58,3116.2127161890267,1926.9482645919547
4,1355,0,Invasive_Tumor,0.5508982035928144,167,2939.9440256178377,1969.6883980993184
4,1356,3,Invasive_Tumor,1.0,69,3233.7251765698193,1841.4679975772278
4,1357,3,Invasive_Tumor,0.9661016949152542,59,3116.2127161890267,1841.4679975772278
4,1358,0,Invasive_Tumor,0.8367346938775511,49,3233.7251765698193,1755.9877305625007
4,1359,0,Invasive_Tumor,0.8783783783783784,74,3116.2127161890267,1755.9877305625007
4,1360,3,Invasive_Tumor,0.9473684210526315,76,2998.700255808234,1841.4679975772278
4,1361,0,Invasive_Tumor,0.85,60,2881.1877954274414,1841.4679975772278
4,1362,0,Invasive_Tumor,0.618421052631579,76,2998.700255808234,1755.9877305625007
4,1363,0,Invasive_Tumor,0.5573770491803278,61,2881.1877954274414,1755.9877305625007
4,1364,0,Invasive_Tumor,0.6666666666666666,42,3703.7750180929897,1670.5074635477738
4,1365,0,Invasive_Tumor,0.6363636363636364,55,3586.262557712197,1670.5074635477738
4,1366,0,Invasive_Tumor,0.8533333333333334,75,3703.7750180929897,1585.0271965330467
4,1367,0,Invasive_Tumor,0.7454545454545455,55,3586.262557712197,1585.0271965330467
4,1368,0,Invasive_Tumor,0.6666666666666666,57,3468.7500973314045,1670.5074635477738
4,1369,0,Invasive_Tumor,0.7727272727272727,44,3351.237636950612,1670.5074635477738
4,1370,0,Invasive_Tumor,0.6756756756756757,74,3468.7500973314045,1585.0271965330467
4,1372,0,Invasive_Tumor,0.3,60,3703.7750180929897,1499.5469295183198
4,1373,0,Invasive_Tumor,0.8028169014084507,71,3586.262557712197,1499.5469295183198
4,1374,0,Invasive_Tumor,0.7380952380952381,84,3703.7750180929897,1414.0666625035926
4,1375,0,Invasive_Tumor,0.8,70,3586.262557712197,1414.0666625035926
4,1376,0,Invasive_Tumor,0.7540983606557377,61,3468.7500973314045,1499.5469295183198
4,1377,0,Invasive_Tumor,0.8354430379746836,79,3351.237636950612,1499.5469295183198
4,1378,0,Invasive_Tumor,0.855072463768116,69,3468.7500973314045,1414.0666625035926
4,1379,0,Invasive_Tumor,0.7012987012987013,77,3351.237636950612,1414.0666625035926
4,1380,0,Invasive_Tumor,0.3137254901960784,51,3233.7251765698193,1670.5074635477738
4,1381,0,Invasive_Tumor,0.35064935064935066,77,3116.2127161890267,1670.5074635477738
4,1382,0,Invasive_Tumor,0.7261904761904762,84,3233.7251765698193,1585.0271965330467
4,1383,0,Invasive_Tumor,0.4745762711864407,59,3116.2127161890267,1585.0271965330467
4,1384,0,Invasive_Tumor,0.673469387755102,196,2939.9440256178377,1627.7673300404103
4,1385,0,Invasive_Tumor,0.6923076923076923,65,3233.7251765698193,1499.5469295183198
4,1386,0,Invasive_Tumor,0.825,80,3116.2127161890267,1499.5469295183198
4,1387,0,Invasive_Tumor,0.8208955223880597,67,3233.7251765698193,1414.0666625035926
4,1388,0,Invasive_Tumor,0.828125,64,3116.2127161890267,1414.0666625035926
4,1389,0,Invasive_Tumor,0.6585365853658537,82,2998.700255808234,1499.5469295183198
4,1390,0,Invasive_Tumor,0.765625,64,2881.1877954274414,1499.5469295183198
4,1391,0,Invasive_Tumor,0.6825396825396826,63,2998.700255808234,1414.0666625035926
4,1392,0,Invasive_Tumor,0.5333333333333333,45,2881.1877954274414,1414.0666625035926
4,1393,0,Stromal,0.2727272727272727,176,2704.9191048562525,1969.6883980993184
4,1394,0,Invasive_Tumor,0.35947712418300654,153,2469.8941840946673,1969.6883980993184
4,1395,0,Invasive_Tumor,0.2215909090909091,176,2704.9191048562525,1798.7278640698642
4,1396,0,Invasive_Tumor,0.30256410256410254,195,2469.8941840946673,1798.7278640698642
4,1397,0,Invasive_Tumor,0.45595854922279794,193,2234.869263333082,1969.6883980993184
4,1398,0,Invasive_Tumor,0.7093023255813954,172,1999.8443425714968,1969.6883980993184
4,1399,1,Macrophages_1,0.45,40,2293.6254935234783,1841.4679975772278
4,1400,0,Invasive_Tumor,0.3333333333333333,63,2176.1130331426857,1841.4679975772278
4,1401,0,Invasive_Tumor,0.813953488372093,43,2293.6254935234783,1755.9877305625007
4,1402,0,Invasive_Tumor,0.8857142857142857,70,2176.1130331426857,1755.9877305625007
4,1403,0,Invasive_Tumor,0.9629629629629629,54,2058.600572761893,1841.4679975772278
4,1404,3,Invasive_Tumor,1.0,60,1941.0881123811005,1841.4679975772278
4,1405,0,Invasive_Tumor,0.7611940298507462,67,2058.600572761893,1755.9877305625007
4,1406,0,Invasive_Tumor,0.7962962962962963,54,1941.0881123811005,1755.9877305625007
4,1407,0,Invasive_Tumor,0.5401069518716578,187,2704.9191048562525,1627.7673300404103
4,1408,0,Invasive_Tumor,0.36363636363636365,44,2528.6504142850636,1670.5074635477738
4,1410,0,Invasive_Tumor,0.45161290322580644,62,2528.6504142850636,1585.0271965330467
4,1411,0,Invasive_Tumor,0.8987341772151899,79,2411.137953904271,1585.0271965330467
4,1412,0,Invasive_Tumor,0.6730769230769231,52,2763.675335046649,1499.5469295183198
4,1414,0,Invasive_Tumor,0.55,60,2763.675335046649,1414.0666625035926
4,1415,0,Invasive_Tumor,0.68,75,2646.162874665856,1414.0666625035926
4,1416,0,Invasive_Tumor,0.625,72,2528.6504142850636,1499.5469295183198
4,1417,0,Invasive_Tumor,0.6060606060606061,66,2411.137953904271,1499.5469295183198
4,1418,0,Invasive_Tumor,0.5932203389830508,59,2528.6504142850636,1414.0666625035926
4,1419,0,Invasive_Tumor,0.6338028169014085,71,2411.137953904271,1414.0666625035926
4,1420,3,Invasive_Tumor,0.9420289855072463,69,2293.6254935234783,1670.5074635477738
4,1421,0,Invasive_Tumor,0.7090909090909091,55,2176.1130331426857,1670.5074635477738
4,1422,0,Invasive_Tumor,0.5833333333333334,60,2293.6254935234783,1585.0271965330467
4,1423,0,Invasive_Tumor,0.5,40,2176.1130331426857,1585.0271965330467
4,1424,0,Stromal,0.3488372093023256,43,2058.600572761893,1670.5074635477738
4,1425,0,Invasive_Tumor,0.5961538461538461,52,1941.0881123811005,1670.5074635477738
4,1426,0,Macrophages_1,0.22413793103448276,58,2058.600572761893,1585.0271965330467
4,1427,0,Invasive_Tumor,0.47058823529411764,68,1941.0881123811005,1585.0271965330467
4,1429,0,Invasive_Tumor,0.3958333333333333,48,2058.600572761893,1499.5469295183198
4,1430,0,Invasive_Tumor,0.7419354838709677,62,1941.0881123811005,1499.5469295183198
4,1431,0,Invasive_Tumor,0.7384615384615385,65,2058.600572761893,1414.0666625035926
4,1432,0,Invasive_Tumor,0.6551724137931034,58,1941.0881123811005,1414.0666625035926
4,1433,2,Stromal,0.4025974025974026,77,1823.5756520003079,2696.270667724498
4,1434,1,CD4+_T_Cells,0.2980769230769231,104,1706.0631916195152,2696.270667724498
4,1435,2,Stromal,0.35135135135135137,74,1823.5756520003079,2610.7904007097704
4,1436,1,Stromal,0.3246753246753247,77,1706.0631916195152,2610.7904007097704
4,1437,0,Stromal,0.3812154696132597,181,1529.7945010483263,2653.530534217134
4,1438,2,Myoepi_ACTA2+,0.2976190476190476,84,1823.5756520003079,2525.310133695043
4,1439,1,Stromal,0.5384615384615384,39,1706.0631916195152,2525.310133695043
4,1440,2,Stromal,0.33980582524271846,103,1823.5756520003079,2439.8298666803166
4,1441,1,Stromal,0.8064516129032258,31,1706.0631916195152,2439.8298666803166
4,1442,1,Stromal,0.5609756097560976,41,1588.5507312387226,2525.310133695043
4,1443,0,Invasive_Tumor,0.28125,96,1471.03827085793,2525.310133695043
4,1444,1,Stromal,0.41379310344827586,29,1588.5507312387226,2439.8298666803166
4,1445,0,Invasive_Tumor,0.6136363636363636,44,1471.03827085793,2439.8298666803166
4,1446,0,Invasive_Tumor,0.6716417910447762,67,1353.5258104771374,2696.270667724498
4,1447,0,Invasive_Tumor,0.35526315789473684,76,1236.0133500963448,2696.270667724498
4,1448,0,Invasive_Tumor,0.8571428571428571,63,1353.5258104771374,2610.7904007097704
4,1449,0,Invasive_Tumor,0.8450704225352113,71,1236.0133500963448,2610.7904007097704
4,1451,0,Invasive_Tumor,0.6052631578947368,76,1000.9884293347595,2696.270667724498
4,1452,0,Invasive_Tumor,0.8701298701298701,77,1118.5008897155521,2610.7904007097704
4,1453,0,Invasive_Tumor,0.6338028169014085,71,1000.9884293347595,2610.7904007097704
4,1454,0,Invasive_Tumor,0.6037735849056604,53,1353.5258104771374,2525.310133695043
4,1455,0,Invasive_Tumor,0.4126984126984127,63,1236.0133500963448,2525.310133695043
4,1456,0,Invasive_Tumor,0.6078431372549019,51,1353.5258104771374,2439.8298666803166
4,1457,0,Invasive_Tumor,0.4266666666666667,75,1236.0133500963448,2439.8298666803166
4,1458,0,Invasive_Tumor,0.6909090909090909,55,1118.5008897155521,2525.310133695043
4,1459,0,Invasive_Tumor,0.5522388059701493,67,1000.9884293347595,2525.310133695043
4,1460,0,Invasive_Tumor,0.8285714285714286,70,1118.5008897155521,2439.8298666803166
4,1461,0,Invasive_Tumor,0.7272727272727273,66,1000.9884293347595,2439.8298666803166
4,1462,1,Stromal,0.8222222222222222,45,1823.5756520003079,2354.3495996655893
4,1463,0,Stromal,0.5714285714285714,49,1706.0631916195152,2354.3495996655893
4,1464,0,Invasive_Tumor,0.6612903225806451,62,1823.5756520003079,2268.869332650863
4,1465,0,Invasive_Tumor,0.8181818181818182,55,1706.0631916195152,2268.869332650863
4,1466,0,Stromal,0.3684210526315789,38,1588.5507312387226,2354.3495996655893
4,1467,0,Invasive_Tumor,0.6,60,1471.03827085793,2354.3495996655893
4,1468,0,Invasive_Tumor,0.703125,64,1588.5507312387226,2268.869332650863
4,1469,0,Invasive_Tumor,0.5957446808510638,47,1471.03827085793,2268.869332650863
4,1470,0,Invasive_Tumor,0.7846153846153846,65,1823.5756520003079,2183.3890656361355
4,1471,0,Invasive_Tumor,0.7580645161290323,62,1706.0631916195152,2183.3890656361355
4,1472,0,Invasive_Tumor,0.6774193548387096,62,1823.5756520003079,2097.908798621409
4,1473,0,Invasive_Tumor,0.640625,64,1706.0631916195152,2097.908798621409
4,1474,0,Invasive_Tumor,0.676923076923077,65,1588.5507312387226,2183.3890656361355
4,1475,0,Invasive_Tumor,0.43478260869565216,46,1471.03827085793,2183.3890656361355
4,1476,0,Invasive_Tumor,0.2875,80,1588.5507312387226,2097.908798621409
4,1477,0,Invasive_Tumor,0.6896551724137931,58,1471.03827085793,2097.908798621409
4,1479,0,Invasive_Tumor,0.5901639344262295,61,1236.0133500963448,2354.3495996655893
4,1480,0,Invasive_Tumor,0.6346153846153846,52,1353.5258104771374,2268.869332650863
4,1481,0,Invasive_Tumor,0.4642857142857143,56,1236.0133500963448,2268.869332650863
4,1482,0,Invasive_Tumor,0.6166666666666667,60,1118.5008897155521,2354.3495996655893
4,1483,0,Invasive_Tumor,0.546875,64,1000.9884293347595,2354.3495996655893
4,1484,0,Invasive_Tumor,0.6440677966101694,59,1118.5008897155521,2268.869332650863
4,1485,0,Invasive_Tumor,0.2222222222222222,90,1000.9884293347595,2268.869332650863
4,1486,0,Invasive_Tumor,0.5510204081632653,49,1353.5258104771374,2183.3890656361355
4,1487,0,Invasive_Tumor,0.6923076923076923,52,1236.0133500963448,2183.3890656361355
4,1488,0,Invasive_Tumor,0.4807692307692308,52,1353.5258104771374,2097.908798621409
4,1489,0,Invasive_Tumor,0.8095238095238095,63,1236.0133500963448,2097.908798621409
4,1490,0,Invasive_Tumor,0.8169014084507042,71,1118.5008897155521,2183.3890656361355
4,1492,0,Invasive_Tumor,0.8387096774193549,62,1118.5008897155521,2097.908798621409
4,1493,0,Invasive_Tumor,0.8507462686567164,67,1000.9884293347595,2097.908798621409
4,1494,0,Invasive_Tumor,0.7317073170731707,82,883.475968953967,2696.270667724498
4,1495,0,Invasive_Tumor,0.5714285714285714,63,765.9635085731744,2696.270667724498
4,1496,0,Invasive_Tumor,0.7123287671232876,73,883.475968953967,2610.7904007097704
4,1497,0,Invasive_Tumor,0.7910447761194029,67,765.9635085731744,2610.7904007097704
4,1498,0,Stromal,0.35714285714285715,56,648.4510481923818,2696.270667724498
4,1500,0,Invasive_Tumor,0.5409836065573771,61,648.4510481923818,2610.7904007097704
4,1502,0,Invasive_Tumor,0.7017543859649122,57,883.475968953967,2525.310133695043
4,1503,0,Invasive_Tumor,0.6530612244897959,49,765.9635085731744,2525.310133695043
4,1504,0,Invasive_Tumor,0.3684210526315789,57,883.475968953967,2439.8298666803166
4,1506,0,Invasive_Tumor,0.7368421052631579,76,648.4510481923818,2525.310133695043
4,1507,0,Invasive_Tumor,0.6029411764705882,68,530.9385878115892,2525.310133695043
4,1508,0,Invasive_Tumor,0.375,72,648.4510481923818,2439.8298666803166
4,1509,0,Invasive_Tumor,0.6024096385542169,83,530.9385878115892,2439.8298666803166
4,1510,0,Invasive_Tumor,0.24193548387096775,62,413.4261274307966,2696.270667724498
4,1511,0,CD4+_T_Cells,0.23853211009174313,109,295.913667050004,2696.270667724498
4,1512,0,Macrophages_1,0.32,75,413.4261274307966,2610.7904007097704
4,1513,0,Invasive_Tumor,0.3181818181818182,88,295.913667050004,2610.7904007097704
4,1514,1,CD4+_T_Cells,0.3,120,178.40120666921138,2696.270667724498
4,1515,1,CD4+_T_Cells,0.23529411764705882,102,60.888746288418766,2696.270667724498
4,1516,2,Myoepi_ACTA2+,0.26595744680851063,94,178.40120666921138,2610.7904007097704
4,1517,2,CD4+_T_Cells,0.21782178217821782,101,60.888746288418766,2610.7904007097704
4,1518,0,Invasive_Tumor,0.5833333333333334,72,413.4261274307966,2525.310133695043
4,1519,2,DCIS_2,0.5735294117647058,68,295.913667050004,2525.310133695043
4,1520,2,Invasive_Tumor,0.3375,80,413.4261274307966,2439.8298666803166
4,1521,2,DCIS_2,0.3181818181818182,66,295.913667050004,2439.8298666803166
4,1523,2,Stromal,0.375,72,60.888746288418766,2525.310133695043
4,1524,2,Myoepi_ACTA2+,0.32954545454545453,88,178.40120666921138,2439.8298666803166
4,1525,2,DCIS_2,0.2976190476190476,84,60.888746288418766,2439.8298666803166
4,1526,0,Stromal,0.23,100,883.475968953967,2354.3495996655893
4,1527,0,Invasive_Tumor,0.6833333333333333,60,765.9635085731744,2354.3495996655893
4,1528,0,Invasive_Tumor,0.5606060606060606,66,883.475968953967,2268.869332650863
4,1529,0,Invasive_Tumor,0.8382352941176471,68,765.9635085731744,2268.869332650863
4,1530,0,Invasive_Tumor,0.5606060606060606,66,648.4510481923818,2354.3495996655893
4,1531,0,Invasive_Tumor,0.8311688311688312,77,530.9385878115892,2354.3495996655893
4,1532,0,Invasive_Tumor,0.43283582089552236,67,648.4510481923818,2268.869332650863
4,1533,0,Invasive_Tumor,0.8055555555555556,72,530.9385878115892,2268.869332650863
4,1534,0,Invasive_Tumor,0.6415094339622641,53,883.475968953967,2183.3890656361355
4,1535,0,Invasive_Tumor,0.6615384615384615,65,765.9635085731744,2183.3890656361355
4,1536,0,Invasive_Tumor,0.47761194029850745,67,883.475968953967,2097.908798621409
4,1537,0,Invasive_Tumor,0.8615384615384616,65,765.9635085731744,2097.908798621409
4,1538,0,Invasive_Tumor,0.3707865168539326,89,648.4510481923818,2183.3890656361355
4,1539,0,Invasive_Tumor,0.5256410256410257,78,530.9385878115892,2183.3890656361355
4,1540,0,Invasive_Tumor,0.859375,64,648.4510481923818,2097.908798621409
4,1541,0,Invasive_Tumor,0.38461538461538464,78,530.9385878115892,2097.908798621409
4,1542,0,CD4+_T_Cells,0.2222222222222222,108,413.4261274307966,2354.3495996655893
4,1543,2,Stromal,0.27710843373493976,83,295.913667050004,2354.3495996655893
4,1545,0,Macrophages_1,0.27358490566037735,106,295.913667050004,2268.869332650863
4,1546,2,Myoepi_ACTA2+,0.4270833333333333,96,178.40120666921138,2354.3495996655893
4,1548,2,Myoepi_ACTA2+,0.38028169014084506,71,178.40120666921138,2268.869332650863
4,1549,2,Myoepi_ACTA2+,0.21568627450980393,102,60.888746288418766,2268.869332650863
4,1550,0,Invasive_Tumor,0.40963855421686746,83,413.4261274307966,2183.3890656361355
4,1551,0,Invasive_Tumor,0.21238938053097345,113,295.913667050004,2183.3890656361355
4,1552,0,Invasive_Tumor,0.21,100,413.4261274307966,2097.908798621409
4,1553,0,Invasive_Tumor,0.4186046511627907,86,295.913667050004,2097.908798621409
4,1554,2,Stromal,0.26506024096385544,83,178.40120666921138,2183.3890656361355
4,1555,2,Stromal,0.17105263157894737,76,60.888746288418766,2183.3890656361355
4,1556,0,Invasive_Tumor,0.2857142857142857,63,178.40120666921138,2097.908798621409
4,1557,2,Stromal,0.23655913978494625,93,60.888746288418766,2097.908798621409
4,1558,0,Invasive_Tumor,0.7971014492753623,69,1823.5756520003079,2012.4285316066819
4,1559,0,Invasive_Tumor,0.7735849056603774,53,1706.0631916195152,2012.4285316066819
4,1560,1,Invasive_Tumor,0.475,40,1823.5756520003079,1926.9482645919547
4,1561,0,Invasive_Tumor,0.7692307692307693,65,1706.0631916195152,1926.9482645919547
4,1562,0,Invasive_Tumor,0.75,60,1588.5507312387226,2012.4285316066819
4,1563,0,Invasive_Tumor,0.7543859649122807,57,1471.03827085793,2012.4285316066819
4,1564,0,Invasive_Tumor,0.7627118644067796,59,1588.5507312387226,1926.9482645919547
4,1565,0,Invasive_Tumor,0.746031746031746,63,1471.03827085793,1926.9482645919547
4,1566,0,Invasive_Tumor,0.8103448275862069,58,1823.5756520003079,1841.4679975772278
4,1567,0,Invasive_Tumor,0.78125,64,1706.0631916195152,1841.4679975772278
4,1569,0,Invasive_Tumor,0.5909090909090909,44,1706.0631916195152,1755.9877305625007
4,1570,0,Invasive_Tumor,0.7384615384615385,65,1588.5507312387226,1841.4679975772278
4,1571,0,Invasive_Tumor,0.75,52,1471.03827085793,1841.4679975772278
4,1572,0,Invasive_Tumor,0.7083333333333334,72,1588.5507312387226,1755.9877305625007
4,1573,0,Invasive_Tumor,0.7169811320754716,53,1471.03827085793,1755.9877305625007
4,1574,0,Invasive_Tumor,0.5,62,1353.5258104771374,2012.4285316066819
4,1575,0,Invasive_Tumor,0.6507936507936508,63,1236.0133500963448,2012.4285316066819
4,1576,0,Invasive_Tumor,0.5094339622641509,53,1353.5258104771374,1926.9482645919547
4,1577,0,Invasive_Tumor,0.8421052631578947,57,1236.0133500963448,1926.9482645919547
4,1578,0,Invasive_Tumor,0.5645161290322581,62,1118.5008897155521,2012.4285316066819
4,1579,0,Invasive_Tumor,0.819672131147541,61,1000.9884293347595,2012.4285316066819
4,1580,0,Invasive_Tumor,0.7758620689655172,58,1118.5008897155521,1926.9482645919547
4,1581,0,Invasive_Tumor,0.746031746031746,63,1000.9884293347595,1926.9482645919547
4,1583,0,Invasive_Tumor,0.62,50,1236.0133500963448,1841.4679975772278
4,1584,0,Invasive_Tumor,0.6470588235294118,68,1353.5258104771374,1755.9877305625007
4,1585,0,Invasive_Tumor,0.5223880597014925,67,1236.0133500963448,1755.9877305625007
4,1586,0,Invasive_Tumor,0.7878787878787878,66,1118.5008897155521,1841.4679975772278
4,1587,0,Invasive_Tumor,0.6623376623376623,77,1000.9884293347595,1841.4679975772278
4,1588,0,Invasive_Tumor,0.6825396825396826,63,1118.5008897155521,1755.9877305625007
4,1589,0,Invasive_Tumor,0.7875,80,1000.9884293347595,1755.9877305625007
4,1590,0,Invasive_Tumor,0.48,50,1823.5756520003079,1670.5074635477738
4,1591,0,Invasive_Tumor,0.6727272727272727,55,1706.0631916195152,1670.5074635477738
4,1592,0,Invasive_Tumor,0.8181818181818182,66,1823.5756520003079,1585.0271965330467
4,1593,0,Invasive_Tumor,0.7213114754098361,61,1706.0631916195152,1585.0271965330467
4,1594,0,Invasive_Tumor,0.46987951807228917,83,1588.5507312387226,1670.5074635477738
4,1595,0,Invasive_Tumor,0.9285714285714286,84,1471.03827085793,1670.5074635477738
4,1596,0,Invasive_Tumor,0.54,50,1588.5507312387226,1585.0271965330467
4,1597,0,Invasive_Tumor,0.7920792079207921,101,1471.03827085793,1585.0271965330467
4,1598,0,Invasive_Tumor,0.7884615384615384,52,1823.5756520003079,1499.5469295183198
4,1600,0,Invasive_Tumor,0.6296296296296297,54,1823.5756520003079,1414.0666625035926
4,1601,0,Invasive_Tumor,0.7090909090909091,55,1706.0631916195152,1414.0666625035926
4,1602,0,Invasive_Tumor,0.6842105263157895,57,1588.5507312387226,1499.5469295183198
4,1603,0,Invasive_Tumor,0.5230769230769231,65,1471.03827085793,1499.5469295183198
4,1604,0,Stromal,0.39215686274509803,51,1588.5507312387226,1414.0666625035926
4,1605,0,Invasive_Tumor,0.7096774193548387,62,1471.03827085793,1414.0666625035926
4,1606,0,Invasive_Tumor,0.4,75,1353.5258104771374,1670.5074635477738
4,1607,0,Invasive_Tumor,0.75,68,1236.0133500963448,1670.5074635477738
4,1608,0,Invasive_Tumor,0.5454545454545454,77,1353.5258104771374,1585.0271965330467
4,1609,0,Invasive_Tumor,0.6129032258064516,62,1236.0133500963448,1585.0271965330467
4,1611,0,Invasive_Tumor,0.62,50,1000.9884293347595,1670.5074635477738
4,1612,0,Invasive_Tumor,0.6206896551724138,58,1118.5008897155521,1585.0271965330467
4,1615,0,Invasive_Tumor,0.7777777777777778,45,1236.0133500963448,1499.5469295183198
4,1616,0,Invasive_Tumor,0.3559322033898305,59,1353.5258104771374,1414.0666625035926
4,1617,0,Invasive_Tumor,0.6935483870967742,62,1236.0133500963448,1414.0666625035926
4,1620,0,Invasive_Tumor,0.6724137931034483,58,1118.5008897155521,1414.0666625035926
4,1621,0,Invasive_Tumor,0.6521739130434783,69,1000.9884293347595,1414.0666625035926
4,1622,0,Invasive_Tumor,0.6666666666666666,54,883.475968953967,2012.4285316066819
4,1623,0,Invasive_Tumor,0.7575757575757576,66,765.9635085731744,2012.4285316066819
4,1624,0,Invasive_Tumor,0.7049180327868853,61,883.475968953967,1926.9482645919547
4,1625,0,Invasive_Tumor,0.8870967741935484,62,765.9635085731744,1926.9482645919547
4,1626,0,Invasive_Tumor,0.6557377049180327,61,648.4510481923818,2012.4285316066819
4,1628,0,Invasive_Tumor,0.8245614035087719,57,648.4510481923818,1926.9482645919547
4,1629,0,Invasive_Tumor,0.696969696969697,66,530.9385878115892,1926.9482645919547
4,1630,0,Invasive_Tumor,0.7547169811320755,53,883.475968953967,1841.4679975772278
4,1631,0,Invasive_Tumor,0.6338028169014085,71,765.9635085731744,1841.4679975772278
4,1632,0,Invasive_Tumor,0.7391304347826086,69,883.475968953967,1755.9877305625007
4,1633,0,Invasive_Tumor,0.78125,64,765.9635085731744,1755.9877305625007
4,1634,0,Invasive_Tumor,0.6493506493506493,77,648.4510481923818,1841.4679975772278
4,1635,0,Invasive_Tumor,0.3492063492063492,63,530.9385878115892,1841.4679975772278
4,1636,0,Invasive_Tumor,0.3333333333333333,54,648.4510481923818,1755.9877305625007
4,1637,1,Macrophages_1,0.26666666666666666,60,530.9385878115892,1755.9877305625007
4,1638,0,CD4+_T_Cells,0.2543859649122807,114,413.4261274307966,2012.4285316066819
4,1639,0,CD4+_T_Cells,0.25,52,295.913667050004,2012.4285316066819
4,1640,0,CD4+_T_Cells,0.2871287128712871,101,413.4261274307966,1926.9482645919547
4,1641,0,CD4+_T_Cells,0.34513274336283184,113,295.913667050004,1926.9482645919547
4,1644,0,CD4+_T_Cells,0.32978723404255317,94,178.40120666921138,1926.9482645919547
4,1645,2,Stromal,0.2028985507246377,69,60.888746288418766,1926.9482645919547
4,1646,0,Invasive_Tumor,0.2894736842105263,76,413.4261274307966,1841.4679975772278
4,1647,0,CD4+_T_Cells,0.32075471698113206,106,295.913667050004,1841.4679975772278
4,1648,0,Endothelial,0.2459016393442623,61,413.4261274307966,1755.9877305625007
4,1650,2,Myoepi_ACTA2+,0.19672131147540983,61,178.40120666921138,1841.4679975772278
4,1651,3,DCIS_2,0.7321428571428571,56,60.888746288418766,1841.4679975772278
4,1653,3,DCIS_2,0.9,60,60.888746288418766,1755.9877305625007
4,1654,0,Stromal,0.30120481927710846,166,824.7197387635707,1627.7673300404103
4,1655,0,Invasive_Tumor,0.3768844221105528,199,589.6948180019855,1627.7673300404103
4,1656,0,Invasive_Tumor,0.2,75,883.475968953967,1499.5469295183198
4,1657,1,CD4+_T_Cells,0.3088235294117647,68,765.9635085731744,1499.5469295183198
4,1658,0,CD4+_T_Cells,0.36893203883495146,103,883.475968953967,1414.0666625035926
4,1659,1,CD4+_T_Cells,0.410958904109589,73,765.9635085731744,1414.0666625035926
4,1660,0,Invasive_Tumor,0.4246575342465753,73,648.4510481923818,1499.5469295183198
4,1661,0,Invasive_Tumor,0.7126436781609196,87,530.9385878115892,1499.5469295183198
4,1662,0,Invasive_Tumor,0.4444444444444444,63,648.4510481923818,1414.0666625035926
4,1663,0,Invasive_Tumor,0.4166666666666667,72,530.9385878115892,1414.0666625035926
4,1664,0,Invasive_Tumor,0.6268656716417911,67,413.4261274307966,1670.5074635477738
4,1665,2,Stromal,0.24390243902439024,82,295.913667050004,1670.5074635477738
4,1666,0,Invasive_Tumor,0.7466666666666667,75,413.4261274307966,1585.0271965330467
4,1667,2,Stromal,0.30158730158730157,63,295.913667050004,1585.0271965330467
4,1668,2,Myoepi_ACTA2+,0.34782608695652173,69,178.40120666921138,1670.5074635477738
4,1669,3,DCIS_2,0.8701298701298701,77,60.888746288418766,1670.5074635477738
4,1670,2,Myoepi_ACTA2+,0.4050632911392405,79,178.40120666921138,1585.0271965330467
4,1671,2,Myoepi_ACTA2+,0.5529411764705883,85,60.888746288418766,1585.0271965330467
4,1672,0,Invasive_Tumor,0.3333333333333333,60,413.4261274307966,1499.5469295183198
4,1673,2,Stromal,0.2641509433962264,53,295.913667050004,1499.5469295183198
4,1674,0,Invasive_Tumor,0.49230769230769234,65,413.4261274307966,1414.0666625035926
4,1675,0,Stromal,0.29545454545454547,44,295.913667050004,1414.0666625035926
4,1676,2,DCIS_2,0.47540983606557374,61,178.40120666921138,1499.5469295183198
4,1677,2,Myoepi_ACTA2+,0.39436619718309857,71,60.888746288418766,1499.5469295183198
4,1678,2,Myoepi_ACTA2+,0.5849056603773585,53,178.40120666921138,1414.0666625035926
4,1679,2,Myoepi_ACTA2+,0.34,50,60.888746288418766,1414.0666625035926
4,1680,0,Invasive_Tumor,0.7878787878787878,66,3703.7750180929897,1328.5863954888657
4,1681,0,Invasive_Tumor,0.65,80,3586.262557712197,1328.5863954888657
4,1682,0,Invasive_Tumor,0.6323529411764706,68,3703.7750180929897,1243.1061284741386
4,1683,0,Invasive_Tumor,0.8266666666666667,75,3586.262557712197,1243.1061284741386
4,1684,0,Invasive_Tumor,0.821917808219178,73,3468.7500973314045,1328.5863954888657
4,1685,0,Invasive_Tumor,0.759493670886076,79,3351.237636950612,1328.5863954888657
4,1686,0,Invasive_Tumor,0.8805970149253731,67,3468.7500973314045,1243.1061284741386
4,1687,0,Invasive_Tumor,0.7402597402597403,77,3351.237636950612,1243.1061284741386
4,1688,0,Invasive_Tumor,0.76,50,3703.7750180929897,1157.6258614594117
4,1689,0,Invasive_Tumor,0.7976190476190477,84,3586.262557712197,1157.6258614594117
4,1690,1,Invasive_Tumor,0.2962962962962963,27,3703.7750180929897,1072.1455944446845
4,1691,0,Invasive_Tumor,0.5,54,3586.262557712197,1072.1455944446845
4,1693,0,Invasive_Tumor,0.5616438356164384,73,3351.237636950612,1157.6258614594117
4,1694,0,Invasive_Tumor,0.578125,64,3468.7500973314045,1072.1455944446845
4,1695,0,Invasive_Tumor,0.44,50,3351.237636950612,1072.1455944446845
4,1696,0,Invasive_Tumor,0.8412698412698413,63,3233.7251765698193,1328.5863954888657
4,1697,0,Invasive_Tumor,0.7746478873239436,71,3116.2127161890267,1328.5863954888657
4,1698,0,Invasive_Tumor,0.6825396825396826,63,3233.7251765698193,1243.1061284741386
4,1699,0,Invasive_Tumor,0.7971014492753623,69,3116.2127161890267,1243.1061284741386
4,1700,0,Invasive_Tumor,0.576271186440678,59,2998.700255808234,1328.5863954888657
4,1701,0,Invasive_Tumor,0.375,40,2881.1877954274414,1328.5863954888657
4,1702,0,Invasive_Tumor,0.8769230769230769,65,2998.700255808234,1243.1061284741386
4,1703,0,Invasive_Tumor,0.7837837837837838,74,2881.1877954274414,1243.1061284741386
4,1705,0,Invasive_Tumor,0.927710843373494,83,3116.2127161890267,1157.6258614594117
4,1706,0,Invasive_Tumor,0.84,75,3233.7251765698193,1072.1455944446845
4,1707,0,Invasive_Tumor,0.8734177215189873,79,3116.2127161890267,1072.1455944446845
4,1708,0,Invasive_Tumor,0.8421052631578947,57,2998.700255808234,1157.6258614594117
4,1709,0,Invasive_Tumor,0.9137931034482759,58,2881.1877954274414,1157.6258614594117
4,1710,0,Invasive_Tumor,0.8070175438596491,57,2998.700255808234,1072.1455944446845
4,1711,0,Invasive_Tumor,0.8205128205128205,78,2881.1877954274414,1072.1455944446845
4,1712,0,Invasive_Tumor,0.569620253164557,158,3645.0187879025934,943.9251939225942
4,1713,0,Invasive_Tumor,0.66,150,3409.993867141008,943.9251939225942
4,1714,1,Stromal,0.39215686274509803,51,3645.0187879025934,772.9646598931402
4,1716,0,Invasive_Tumor,0.639344262295082,61,3233.7251765698193,986.6653274299576
4,1717,0,Invasive_Tumor,0.8607594936708861,79,3116.2127161890267,986.6653274299576
4,1718,0,Invasive_Tumor,0.7346938775510204,49,3233.7251765698193,901.1850604152307
4,1719,0,Invasive_Tumor,0.6964285714285714,56,3116.2127161890267,901.1850604152307
4,1720,0,Invasive_Tumor,0.8767123287671232,73,2998.700255808234,986.6653274299576
4,1721,0,Invasive_Tumor,0.6808510638297872,47,2881.1877954274414,986.6653274299576
4,1722,0,Invasive_Tumor,0.7115384615384616,52,2998.700255808234,901.1850604152307
4,1723,0,Invasive_Tumor,0.375,48,2881.1877954274414,901.1850604152307
4,1724,0,Stromal,0.5079365079365079,63,3174.968946379423,772.9646598931402
4,1725,0,Invasive_Tumor,0.5294117647058824,51,2998.700255808234,815.7047934005036
4,1727,0,Invasive_Tumor,0.8421052631578947,38,2998.700255808234,730.2245263857767
4,1728,0,Invasive_Tumor,0.8805970149253731,67,2881.1877954274414,730.2245263857767
4,1729,0,Invasive_Tumor,0.7936507936507936,63,2763.675335046649,1328.5863954888657
4,1732,0,Invasive_Tumor,0.8125,48,2646.162874665856,1243.1061284741386
4,1734,0,Invasive_Tumor,0.5882352941176471,51,2411.137953904271,1328.5863954888657
4,1735,0,Invasive_Tumor,0.8095238095238095,63,2528.6504142850636,1243.1061284741386
4,1736,0,Invasive_Tumor,0.6,60,2411.137953904271,1243.1061284741386
4,1737,0,Invasive_Tumor,0.8529411764705882,68,2763.675335046649,1157.6258614594117
4,1738,0,Invasive_Tumor,0.6730769230769231,52,2646.162874665856,1157.6258614594117
4,1740,0,Invasive_Tumor,0.8611111111111112,72,2646.162874665856,1072.1455944446845
4,1741,0,Invasive_Tumor,0.5,46,2528.6504142850636,1157.6258614594117
4,1742,0,Invasive_Tumor,0.6825396825396826,63,2411.137953904271,1157.6258614594117
4,1743,0,Invasive_Tumor,0.6666666666666666,54,2528.6504142850636,1072.1455944446845
4,1744,0,Invasive_Tumor,0.8448275862068966,58,2411.137953904271,1072.1455944446845
4,1745,0,Invasive_Tumor,0.7833333333333333,60,2293.6254935234783,1328.5863954888657
4,1746,0,Invasive_Tumor,0.7755102040816326,49,2176.1130331426857,1328.5863954888657
4,1747,0,Invasive_Tumor,0.6833333333333333,60,2293.6254935234783,1243.1061284741386
4,1748,0,Invasive_Tumor,0.72,50,2176.1130331426857,1243.1061284741386
4,1749,0,Invasive_Tumor,0.7058823529411765,68,2058.600572761893,1328.5863954888657
4,1750,0,Invasive_Tumor,0.9104477611940298,67,1941.0881123811005,1328.5863954888657
4,1751,0,Invasive_Tumor,0.6140350877192983,57,2058.600572761893,1243.1061284741386
4,1752,0,Invasive_Tumor,0.75,64,1941.0881123811005,1243.1061284741386
4,1753,0,Invasive_Tumor,0.65625,64,2293.6254935234783,1157.6258614594117
4,1754,0,Invasive_Tumor,0.7884615384615384,52,2176.1130331426857,1157.6258614594117
4,1755,0,Invasive_Tumor,0.576271186440678,59,2293.6254935234783,1072.1455944446845
4,1756,0,Invasive_Tumor,0.8421052631578947,57,2176.1130331426857,1072.1455944446845
4,1758,0,Invasive_Tumor,0.6268656716417911,67,1941.0881123811005,1157.6258614594117
4,1759,0,Invasive_Tumor,0.803921568627451,51,2058.600572761893,1072.1455944446845
4,1760,0,Invasive_Tumor,0.5714285714285714,56,1941.0881123811005,1072.1455944446845
4,1761,0,Invasive_Tumor,0.8387096774193549,62,2763.675335046649,986.6653274299576
4,1762,0,Invasive_Tumor,0.5576923076923077,52,2646.162874665856,986.6653274299576
4,1763,0,Invasive_Tumor,0.7903225806451613,62,2763.675335046649,901.1850604152307
4,1764,0,Invasive_Tumor,0.7,50,2646.162874665856,901.1850604152307
4,1765,0,Invasive_Tumor,0.8653846153846154,52,2528.6504142850636,986.6653274299576
4,1766,0,Invasive_Tumor,0.88,75,2411.137953904271,986.6653274299576
4,1767,0,Invasive_Tumor,0.7272727272727273,55,2528.6504142850636,901.1850604152307
4,1768,0,Invasive_Tumor,0.7166666666666667,60,2411.137953904271,901.1850604152307
4,1769,0,Invasive_Tumor,0.6666666666666666,48,2763.675335046649,815.7047934005036
4,1770,0,Invasive_Tumor,0.8518518518518519,54,2646.162874665856,815.7047934005036
4,1771,0,Invasive_Tumor,0.38,50,2763.675335046649,730.2245263857767
4,1772,0,Invasive_Tumor,0.5238095238095238,63,2646.162874665856,730.2245263857767
4,1774,0,Invasive_Tumor,0.6896551724137931,58,2411.137953904271,815.7047934005036
4,1775,0,Invasive_Tumor,0.7090909090909091,55,2528.6504142850636,730.2245263857767
4,1776,0,Invasive_Tumor,0.6888888888888889,45,2411.137953904271,730.2245263857767
4,1777,0,Invasive_Tumor,0.6964285714285714,56,2293.6254935234783,986.6653274299576
4,1778,0,Stromal,0.40540540540540543,37,2176.1130331426857,986.6653274299576
4,1779,0,Invasive_Tumor,0.7692307692307693,52,2293.6254935234783,901.1850604152307
4,1780,0,Invasive_Tumor,0.8169014084507042,71,2176.1130331426857,901.1850604152307
4,1781,0,Invasive_Tumor,0.6751269035532995,197,1999.8443425714968,943.9251939225942
4,1782,0,Invasive_Tumor,0.5555555555555556,45,2293.6254935234783,815.7047934005036
4,1783,0,Invasive_Tumor,0.7407407407407407,54,2176.1130331426857,815.7047934005036
4,1784,0,Invasive_Tumor,0.864406779661017,59,2293.6254935234783,730.2245263857767
4,1785,0,Invasive_Tumor,0.6842105263157895,57,2176.1130331426857,730.2245263857767
4,1786,0,Invasive_Tumor,0.7619047619047619,63,2058.600572761893,815.7047934005036
4,1787,0,Invasive_Tumor,0.7254901960784313,51,1941.0881123811005,815.7047934005036
4,1788,0,Invasive_Tumor,0.847457627118644,59,2058.600572761893,730.2245263857767
4,1789,0,Invasive_Tumor,0.875,56,1941.0881123811005,730.2245263857767
4,1790,0,Invasive_Tumor,0.7294117647058823,170,2939.9440256178377,602.0041258636862
4,1792,0,Invasive_Tumor,0.7010309278350515,194,2704.9191048562525,602.0041258636862
4,1793,0,Invasive_Tumor,0.8360655737704918,61,2528.6504142850636,644.7442593710498
4,1794,0,Invasive_Tumor,0.6190476190476191,42,2411.137953904271,644.7442593710498
4,1795,0,Invasive_Tumor,0.6811594202898551,69,2528.6504142850636,559.2639923563227
4,1796,0,Invasive_Tumor,0.782608695652174,69,2411.137953904271,559.2639923563227
4,1797,0,Invasive_Tumor,0.7017543859649122,171,2704.9191048562525,431.0435918342322
4,1798,0,Invasive_Tumor,0.76,50,2528.6504142850636,473.7837253415957
4,1799,0,Invasive_Tumor,0.5535714285714286,56,2411.137953904271,473.7837253415957
4,1800,0,Invasive_Tumor,0.717391304347826,46,2528.6504142850636,388.30345832686874
4,1801,0,Invasive_Tumor,0.49019607843137253,51,2411.137953904271,388.30345832686874
4,1802,0,Invasive_Tumor,0.85,60,2293.6254935234783,644.7442593710498
4,1803,0,Invasive_Tumor,0.8769230769230769,65,2176.1130331426857,644.7442593710498
4,1804,0,Invasive_Tumor,0.8,65,2293.6254935234783,559.2639923563227
4,1805,0,Invasive_Tumor,0.5384615384615384,65,2176.1130331426857,559.2639923563227
4,1806,0,Invasive_Tumor,0.7230769230769231,65,2058.600572761893,644.7442593710498
4,1807,0,Invasive_Tumor,0.7868852459016393,61,1941.0881123811005,644.7442593710498
4,1808,0,Invasive_Tumor,0.8253968253968254,63,2058.600572761893,559.2639923563227
4,1809,0,Invasive_Tumor,0.7592592592592593,54,1941.0881123811005,559.2639923563227
4,1810,0,Invasive_Tumor,0.6271186440677966,59,2293.6254935234783,473.7837253415957
4,1811,0,Stromal,0.625,48,2176.1130331426857,473.7837253415957
4,1812,1,Stromal,0.4230769230769231,52,2293.6254935234783,388.30345832686874
4,1813,2,Myoepi_ACTA2+,0.3181818181818182,66,2176.1130331426857,388.30345832686874
4,1814,0,Invasive_Tumor,0.3402061855670103,194,1999.8443425714968,431.0435918342322
4,1815,0,Invasive_Tumor,0.7551020408163265,196,2704.9191048562525,260.0830578047782
4,1816,0,Invasive_Tumor,0.3373493975903614,166,2469.8941840946673,260.0830578047782
4,1819,3,DCIS_2,0.46296296296296297,54,2293.6254935234783,217.3429242974147
4,1820,3,DCIS_2,0.29545454545454547,44,2176.1130331426857,217.3429242974147
4,1821,3,DCIS_2,0.5584415584415584,77,2058.600572761893,302.8231913121417
4,1822,0,Stromal,0.2926829268292683,41,1941.0881123811005,302.8231913121417
4,1823,3,DCIS_2,0.6292134831460674,89,2058.600572761893,217.3429242974147
4,1824,2,Endothelial,0.16216216216216217,74,1941.0881123811005,217.3429242974147
4,1825,3,Invasive_Tumor,0.6891891891891891,74,2234.869263333082,89.12252377532423
4,1826,3,Invasive_Tumor,0.5579710144927537,138,1999.8443425714968,89.12252377532423
4,1827,0,Invasive_Tumor,0.6296296296296297,54,1823.5756520003079,1328.5863954888657
4,1828,0,Invasive_Tumor,0.8181818181818182,55,1706.0631916195152,1328.5863954888657
4,1829,0,Invasive_Tumor,0.8461538461538461,65,1823.5756520003079,1243.1061284741386
4,1830,0,Invasive_Tumor,0.7058823529411765,51,1706.0631916195152,1243.1061284741386
4,1831,0,Invasive_Tumor,0.543010752688172,186,1529.7945010483263,1285.8462619815023
4,1832,0,Invasive_Tumor,0.5454545454545454,66,1823.5756520003079,1157.6258614594117
4,1833,0,Invasive_Tumor,0.8,55,1706.0631916195152,1157.6258614594117
4,1834,0,Invasive_Tumor,0.5,62,1823.5756520003079,1072.1455944446845
4,1835,0,Invasive_Tumor,0.52,50,1706.0631916195152,1072.1455944446845
4,1836,0,Invasive_Tumor,0.5,54,1588.5507312387226,1157.6258614594117
4,1837,0,Invasive_Tumor,0.8095238095238095,63,1471.03827085793,1157.6258614594117
4,1838,0,Invasive_Tumor,0.6610169491525424,59,1588.5507312387226,1072.1455944446845
4,1839,0,Invasive_Tumor,0.7708333333333334,48,1471.03827085793,1072.1455944446845
4,1840,0,Invasive_Tumor,0.4126984126984127,63,1353.5258104771374,1328.5863954888657
4,1842,0,Invasive_Tumor,0.575,40,1353.5258104771374,1243.1061284741386
4,1843,0,Invasive_Tumor,0.6031746031746031,63,1236.0133500963448,1243.1061284741386
4,1844,0,Stromal,0.25555555555555554,180,1059.7446595251558,1285.8462619815023
4,1845,0,Invasive_Tumor,0.6855670103092784,194,1294.769580286741,1114.885727952048
4,1846,0,Invasive_Tumor,0.32642487046632124,193,1059.7446595251558,1114.885727952048
4,1847,0,Invasive_Tumor,0.5082872928176796,181,1764.8194218099115,943.9251939225942
4,1848,0,Invasive_Tumor,0.5849056603773585,159,1529.7945010483263,943.9251939225942
4,1849,0,Invasive_Tumor,0.7741935483870968,62,1823.5756520003079,815.7047934005036
4,1850,0,Invasive_Tumor,0.7692307692307693,52,1706.0631916195152,815.7047934005036
4,1851,0,Invasive_Tumor,0.6481481481481481,54,1823.5756520003079,730.2245263857767
4,1852,0,Invasive_Tumor,0.8363636363636363,55,1706.0631916195152,730.2245263857767
4,1854,0,Invasive_Tumor,0.36065573770491804,183,1294.769580286741,943.9251939225942
4,1855,2,Stromal,0.28846153846153844,52,1118.5008897155521,986.6653274299576
4,1856,2,DCIS_2,0.2835820895522388,67,1000.9884293347595,986.6653274299576
4,1857,2,DCIS_2,0.48484848484848486,66,1118.5008897155521,901.1850604152307
4,1858,2,Stromal,0.30952380952380953,84,1000.9884293347595,901.1850604152307
4,1861,2,DCIS_2,0.4,70,1000.9884293347595,815.7047934005036
4,1862,3,Invasive_Tumor,0.581081081081081,74,1118.5008897155521,730.2245263857767
4,1863,3,DCIS_2,0.7283950617283951,81,1000.9884293347595,730.2245263857767
4,1864,1,B_Cells,0.20967741935483872,62,883.475968953967,1328.5863954888657
4,1865,2,Stromal,0.2465753424657534,73,765.9635085731744,1328.5863954888657
4,1866,2,Stromal,0.3090909090909091,55,883.475968953967,1243.1061284741386
4,1867,3,DCIS_2,0.8,70,765.9635085731744,1243.1061284741386
4,1868,1,CD4+_T_Cells,0.410958904109589,73,648.4510481923818,1328.5863954888657
4,1869,0,Invasive_Tumor,0.546875,64,530.9385878115892,1328.5863954888657
4,1870,2,DCIS_2,0.44,50,648.4510481923818,1243.1061284741386
4,1871,0,Stromal,0.24,50,530.9385878115892,1243.1061284741386
4,1872,3,DCIS_2,0.6857142857142857,70,883.475968953967,1157.6258614594117
4,1873,3,DCIS_2,0.8987341772151899,79,765.9635085731744,1157.6258614594117
4,1874,3,Invasive_Tumor,0.532258064516129,62,883.475968953967,1072.1455944446845
4,1875,3,DCIS_2,0.8020833333333334,96,765.9635085731744,1072.1455944446845
4,1876,2,DCIS_2,0.6585365853658537,82,648.4510481923818,1157.6258614594117
4,1877,1,Endothelial,0.37777777777777777,45,530.9385878115892,1157.6258614594117
4,1878,3,DCIS_2,0.676923076923077,65,648.4510481923818,1072.1455944446845
4,1880,0,Invasive_Tumor,0.8428571428571429,70,413.4261274307966,1328.5863954888657
4,1881,0,Invasive_Tumor,0.6440677966101694,59,295.913667050004,1328.5863954888657
4,1883,0,Invasive_Tumor,0.2830188679245283,53,295.913667050004,1243.1061284741386
4,1884,2,Stromal,0.390625,64,178.40120666921138,1328.5863954888657
4,1885,2,Myoepi_ACTA2+,0.3333333333333333,75,60.888746288418766,1328.5863954888657
4,1886,2,Stromal,0.2714285714285714,70,178.40120666921138,1243.1061284741386
4,1887,3,DCIS_2,0.803921568627451,51,60.888746288418766,1243.1061284741386
4,1888,1,Stromal,0.28205128205128205,39,413.4261274307966,1157.6258614594117
4,1889,0,Invasive_Tumor,0.1875,64,295.913667050004,1157.6258614594117
4,1890,1,CD8+_T_Cells,0.2459016393442623,61,413.4261274307966,1072.1455944446845
4,1891,1,CD4+_T_Cells,0.23076923076923078,52,295.913667050004,1072.1455944446845
4,1892,2,CD4+_T_Cells,0.26136363636363635,88,178.40120666921138,1157.6258614594117
4,1893,2,Myoepi_ACTA2+,0.5769230769230769,52,60.888746288418766,1157.6258614594117
4,1894,1,Stromal,0.26136363636363635,88,178.40120666921138,1072.1455944446845
4,1895,2,CD4+_T_Cells,0.27884615384615385,104,60.888746288418766,1072.1455944446845
4,1896,3,Invasive_Tumor,0.5074626865671642,67,883.475968953967,986.6653274299576
4,1897,3,DCIS_2,0.6122448979591837,98,765.9635085731744,986.6653274299576
4,1899,3,DCIS_2,0.7647058823529411,85,765.9635085731744,901.1850604152307
4,1900,3,DCIS_2,0.6534653465346535,101,648.4510481923818,986.6653274299576
4,1901,2,DCIS_2,0.6363636363636364,66,530.9385878115892,986.6653274299576
4,1902,3,DCIS_2,0.7592592592592593,108,648.4510481923818,901.1850604152307
4,1903,3,DCIS_2,0.797979797979798,99,530.9385878115892,901.1850604152307
4,1904,2,DCIS_2,0.35135135135135137,74,883.475968953967,815.7047934005036
4,1905,2,DCIS_2,0.5238095238095238,63,765.9635085731744,815.7047934005036
4,1906,2,DCIS_2,0.746031746031746,63,883.475968953967,730.2245263857767
4,1907,2,DCIS_2,0.39473684210526316,76,765.9635085731744,730.2245263857767
4,1908,3,DCIS_2,0.8478260869565217,92,648.4510481923818,815.7047934005036
4,1909,2,DCIS_2,0.4659090909090909,88,530.9385878115892,815.7047934005036
4,1910,2,DCIS_2,0.42391304347826086,92,648.4510481923818,730.2245263857767
4,1911,2,DCIS_2,0.3409090909090909,88,530.9385878115892,730.2245263857767
4,1912,1,CD4+_T_Cells,0.2549019607843137,51,413.4261274307966,986.6653274299576
4,1913,0,Stromal,0.21666666666666667,60,295.913667050004,986.6653274299576
4,1914,1,Stromal,0.32,50,413.4261274307966,901.1850604152307
4,1915,0,Invasive_Tumor,0.4117647058823529,68,295.913667050004,901.1850604152307
4,1916,0,Stromal,0.3137254901960784,51,178.40120666921138,986.6653274299576
4,1917,1,CD4+_T_Cells,0.34,100,60.888746288418766,986.6653274299576
4,1918,0,Invasive_Tumor,0.2978723404255319,47,178.40120666921138,901.1850604152307
4,1919,0,Stromal,0.47058823529411764,51,60.888746288418766,901.1850604152307
4,1920,2,Stromal,0.18571428571428572,70,413.4261274307966,815.7047934005036
4,1921,0,Invasive_Tumor,0.24528301886792453,106,295.913667050004,815.7047934005036
4,1922,2,DCIS_2,0.44871794871794873,78,413.4261274307966,730.2245263857767
4,1923,0,CD8+_T_Cells,0.16161616161616163,99,295.913667050004,730.2245263857767
4,1924,0,Invasive_Tumor,0.6896551724137931,58,178.40120666921138,815.7047934005036
4,1925,0,Invasive_Tumor,0.3125,48,60.888746288418766,815.7047934005036
4,1926,0,Invasive_Tumor,0.5147058823529411,68,178.40120666921138,730.2245263857767
4,1927,0,Invasive_Tumor,0.7857142857142857,56,60.888746288418766,730.2245263857767
4,1928,0,Invasive_Tumor,0.8245614035087719,57,1823.5756520003079,644.7442593710498
4,1929,0,Invasive_Tumor,0.5614035087719298,57,1706.0631916195152,644.7442593710498
4,1930,0,Invasive_Tumor,0.7321428571428571,56,1823.5756520003079,559.2639923563227
4,1931,0,Invasive_Tumor,0.6785714285714286,56,1706.0631916195152,559.2639923563227
4,1932,0,Invasive_Tumor,0.3761467889908257,109,1529.7945010483263,602.0041258636862
4,1933,0,Invasive_Tumor,0.6666666666666666,54,1823.5756520003079,473.7837253415957
4,1934,0,Invasive_Tumor,0.38095238095238093,42,1706.0631916195152,473.7837253415957
4,1935,0,Invasive_Tumor,0.5362318840579711,69,1823.5756520003079,388.30345832686874
4,1936,0,Invasive_Tumor,0.7567567567567568,74,1706.0631916195152,388.30345832686874
4,1937,0,Invasive_Tumor,0.3786407766990291,103,1529.7945010483263,431.0435918342322
4,1938,2,Stromal,0.25,48,1353.5258104771374,644.7442593710498
4,1939,3,DCIS_2,0.515625,64,1236.0133500963448,644.7442593710498
4,1940,2,DCIS_2,0.2835820895522388,67,1353.5258104771374,559.2639923563227
4,1942,3,DCIS_2,0.7901234567901234,81,1118.5008897155521,644.7442593710498
4,1943,3,DCIS_2,0.6206896551724138,58,1000.9884293347595,644.7442593710498
4,1944,3,DCIS_2,0.5555555555555556,63,1118.5008897155521,559.2639923563227
4,1945,3,Invasive_Tumor,0.29545454545454547,44,1000.9884293347595,559.2639923563227
4,1946,1,DCIS_2,0.3,40,1353.5258104771374,473.7837253415957
4,1947,2,Myoepi_ACTA2+,0.2692307692307692,78,1236.0133500963448,473.7837253415957
4,1948,1,Stromal,0.42857142857142855,35,1353.5258104771374,388.30345832686874
4,1949,2,Myoepi_ACTA2+,0.17567567567567569,74,1236.0133500963448,388.30345832686874
4,1950,2,Macrophages_1,0.3382352941176471,68,1118.5008897155521,473.7837253415957
4,1951,1,Invasive_Tumor,0.52,50,1000.9884293347595,473.7837253415957
4,1952,3,DCIS_2,0.5285714285714286,70,1118.5008897155521,388.30345832686874
4,1954,0,Invasive_Tumor,0.48,50,1823.5756520003079,302.8231913121417
4,1955,0,Invasive_Tumor,0.56,50,1706.0631916195152,302.8231913121417
4,1956,1,Macrophages_1,0.27450980392156865,51,1823.5756520003079,217.3429242974147
4,1957,0,Invasive_Tumor,0.7377049180327869,61,1706.0631916195152,217.3429242974147
4,1958,0,Invasive_Tumor,0.36,50,1588.5507312387226,302.8231913121417
4,1959,0,Invasive_Tumor,0.7777777777777778,81,1471.03827085793,302.8231913121417
4,1960,0,Invasive_Tumor,0.8307692307692308,65,1588.5507312387226,217.3429242974147
4,1961,0,Invasive_Tumor,0.7916666666666666,48,1471.03827085793,217.3429242974147
4,1962,3,Invasive_Tumor,0.7638190954773869,199,1764.8194218099115,89.12252377532423
4,1963,3,Invasive_Tumor,0.8620689655172413,87,1588.5507312387226,131.86265728268774
4,1964,0,Invasive_Tumor,0.8166666666666667,60,1471.03827085793,131.86265728268774
4,1965,3,Invasive_Tumor,0.6206896551724138,29,1588.5507312387226,46.38239026796073
4,1968,1,Stromal,0.325,40,1236.0133500963448,302.8231913121417
4,1969,0,Invasive_Tumor,0.6190476190476191,63,1353.5258104771374,217.3429242974147
4,1970,1,Stromal,0.29545454545454547,44,1236.0133500963448,217.3429242974147
4,1971,2,DCIS_2,0.5465116279069767,86,1118.5008897155521,302.8231913121417
4,1972,3,DCIS_2,0.5476190476190477,84,1000.9884293347595,302.8231913121417
4,1973,2,DCIS_2,0.3333333333333333,51,1118.5008897155521,217.3429242974147
4,1974,2,DCIS_2,0.5876288659793815,97,1000.9884293347595,217.3429242974147
4,1975,0,Invasive_Tumor,0.7945205479452054,73,1353.5258104771374,131.86265728268774
4,1977,3,Invasive_Tumor,0.8472222222222222,72,1353.5258104771374,46.38239026796073
4,1978,0,Invasive_Tumor,0.7571428571428571,70,1236.0133500963448,46.38239026796073
4,1979,1,Stromal,0.4,35,1118.5008897155521,131.86265728268774
4,1980,2,Myoepi_ACTA2+,0.3132530120481928,83,1000.9884293347595,131.86265728268774
4,1981,0,Invasive_Tumor,0.6727272727272727,55,1118.5008897155521,46.38239026796073
4,1982,1,Stromal,0.5111111111111111,45,1000.9884293347595,46.38239026796073
4,1983,3,DCIS_2,0.8588235294117647,85,883.475968953967,644.7442593710498
4,1984,3,DCIS_2,0.8108108108108109,74,765.9635085731744,644.7442593710498
4,1985,3,DCIS_2,0.4152542372881356,118,883.475968953967,559.2639923563227
4,1986,3,DCIS_2,0.7450980392156863,102,765.9635085731744,559.2639923563227
4,1987,3,DCIS_2,0.5205479452054794,73,648.4510481923818,644.7442593710498
4,1988,2,DCIS_2,0.3695652173913043,92,530.9385878115892,644.7442593710498
4,1989,3,DCIS_2,0.75,76,648.4510481923818,559.2639923563227
4,1992,3,DCIS_2,0.7752808988764045,89,765.9635085731744,473.7837253415957
4,1993,1,DCIS_2,0.4222222222222222,90,883.475968953967,388.30345832686874
4,1994,3,DCIS_2,0.7192982456140351,114,765.9635085731744,388.30345832686874
4,1995,3,DCIS_2,0.550561797752809,89,648.4510481923818,473.7837253415957
4,1996,2,Invasive_Tumor,0.4588235294117647,85,530.9385878115892,473.7837253415957
4,1998,3,Invasive_Tumor,0.5529411764705883,85,530.9385878115892,388.30345832686874
4,1999,2,Invasive_Tumor,0.3287671232876712,73,413.4261274307966,644.7442593710498
4,2000,0,Stromal,0.28169014084507044,71,295.913667050004,644.7442593710498
4,2001,2,DCIS_2,0.3424657534246575,73,413.4261274307966,559.2639923563227
4,2002,0,Invasive_Tumor,0.6721311475409836,61,295.913667050004,559.2639923563227
4,2003,0,Invasive_Tumor,0.5636363636363636,55,178.40120666921138,644.7442593710498
4,2004,0,Invasive_Tumor,0.5737704918032787,61,60.888746288418766,644.7442593710498
4,2005,0,Invasive_Tumor,0.7540983606557377,61,178.40120666921138,559.2639923563227
4,2006,0,Invasive_Tumor,0.6153846153846154,65,60.888746288418766,559.2639923563227
4,2007,3,DCIS_2,0.5189873417721519,79,413.4261274307966,473.7837253415957
4,2008,0,Invasive_Tumor,0.6451612903225806,62,295.913667050004,473.7837253415957
4,2010,0,Invasive_Tumor,0.68,75,295.913667050004,388.30345832686874
4,2011,0,Invasive_Tumor,0.7590361445783133,83,178.40120666921138,473.7837253415957
4,2013,0,Invasive_Tumor,0.8,95,178.40120666921138,388.30345832686874
4,2014,3,Invasive_Tumor,0.7777777777777778,108,60.888746288418766,388.30345832686874
4,2015,3,DCIS_2,0.7764705882352941,85,883.475968953967,302.8231913121417
4,2016,3,DCIS_2,0.77,100,765.9635085731744,302.8231913121417
4,2017,2,DCIS_2,0.41935483870967744,93,883.475968953967,217.3429242974147
4,2018,3,DCIS_2,0.7391304347826086,92,765.9635085731744,217.3429242974147
4,2019,3,DCIS_2,0.6703296703296703,91,648.4510481923818,302.8231913121417
4,2020,2,DCIS_2,0.3253012048192771,83,530.9385878115892,302.8231913121417
4,2021,2,DCIS_2,0.33663366336633666,101,648.4510481923818,217.3429242974147
4,2022,1,Stromal,0.5151515151515151,33,530.9385878115892,217.3429242974147
4,2023,3,Invasive_Tumor,0.5360824742268041,97,883.475968953967,131.86265728268774
4,2024,3,DCIS_2,0.61,100,765.9635085731744,131.86265728268774
4,2025,2,DCIS_2,0.34375,64,883.475968953967,46.38239026796073
4,2026,3,DCIS_2,0.6021505376344086,93,765.9635085731744,46.38239026796073
4,2027,3,DCIS_2,0.5494505494505495,91,648.4510481923818,131.86265728268774
4,2028,1,Stromal,0.4666666666666667,30,530.9385878115892,131.86265728268774
4,2029,2,DCIS_2,0.3188405797101449,69,648.4510481923818,46.38239026796073
4,2030,1,Stromal,0.6086956521739131,23,530.9385878115892,46.38239026796073
4,2031,0,Invasive_Tumor,0.4375,48,413.4261274307966,302.8231913121417
4,2032,0,Invasive_Tumor,0.8095238095238095,84,295.913667050004,302.8231913121417
4,2033,0,Invasive_Tumor,0.5873015873015873,63,413.4261274307966,217.3429242974147
4,2034,0,Invasive_Tumor,0.7070707070707071,99,295.913667050004,217.3429242974147
4,2036,0,Invasive_Tumor,0.7111111111111111,90,60.888746288418766,302.8231913121417
4,2037,0,Invasive_Tumor,0.6060606060606061,99,178.40120666921138,217.3429242974147
4,2038,0,Invasive_Tumor,0.6781609195402298,87,60.888746288418766,217.3429242974147
4,2039,0,Invasive_Tumor,0.3611111111111111,36,413.4261274307966,131.86265728268774
4,2041,0,Macrophages_1,0.225,40,413.4261274307966,46.38239026796073
4,2042,0,Invasive_Tumor,0.6909090909090909,55,295.913667050004,46.38239026796073
73,0,2,DCIS_1,0.32456140350877194,114,7405.417520087957,5388.899078688399
73,1,2,DCIS_1,0.4,50,7229.148829516768,5431.6392121957615
73,2,3,DCIS_1,0.5128205128205128,78,7111.636369135976,5431.6392121957615
73,3,2,Stromal,0.40425531914893614,47,7229.148829516768,5346.158945181035
73,4,3,DCIS_1,0.6282051282051282,78,7111.636369135976,5346.158945181035
73,5,2,DCIS_1,0.4945054945054945,91,7464.1737502783535,5260.678678166308
73,6,1,Stromal,0.3888888888888889,36,7346.661289897561,5260.678678166308
73,7,3,DCIS_1,0.8235294117647058,51,7464.1737502783535,5175.19841115158
73,8,2,DCIS_1,0.5882352941176471,68,7346.661289897561,5175.19841115158
73,9,0,Stromal,0.3617021276595745,47,7229.148829516768,5260.678678166308
73,10,3,DCIS_1,0.6666666666666666,72,7111.636369135976,5260.678678166308
73,11,2,DCIS_1,0.43548387096774194,62,7229.148829516768,5175.19841115158
73,12,2,DCIS_1,0.2328767123287671,73,7111.636369135976,5175.19841115158
73,13,2,Stromal,0.3048780487804878,164,6935.367678564787,5388.899078688399
73,14,1,Stromal,0.5357142857142857,28,6700.3427578032015,5388.899078688399
73,15,2,DCIS_1,0.38095238095238093,147,6935.367678564787,5217.938544658944
73,16,1,Stromal,0.5344827586206896,58,6700.3427578032015,5217.938544658944
73,17,3,DCIS_1,0.8596491228070176,57,7464.1737502783535,5089.718144136853
73,18,3,DCIS_1,0.896551724137931,58,7346.661289897561,5089.718144136853
73,19,2,Stromal,0.3684210526315789,57,7464.1737502783535,5004.2378771221265
73,20,2,DCIS_1,0.6666666666666666,51,7346.661289897561,5004.2378771221265
73,22,2,DCIS_1,0.34545454545454546,55,7111.636369135976,5089.718144136853
73,23,2,DCIS_1,0.72,50,7229.148829516768,5004.2378771221265
73,24,2,Stromal,0.5384615384615384,52,7111.636369135976,5004.2378771221265
73,25,1,Stromal,0.6666666666666666,81,7405.417520087957,4876.017476600036
73,26,1,Stromal,0.34177215189873417,79,7229.148829516768,4918.757610107399
73,27,1,Stromal,0.45454545454545453,44,7111.636369135976,4918.757610107399
73,28,2,Stromal,0.36363636363636365,66,7229.148829516768,4833.277343092673
73,29,1,Stromal,0.85,20,7111.636369135976,4833.277343092673
73,30,1,Stromal,0.7346938775510204,49,6935.367678564787,5046.978010629489
73,31,1,Stromal,0.5913978494623656,93,6700.3427578032015,5046.978010629489
73,32,1,Stromal,0.7608695652173914,46,6935.367678564787,4876.017476600036
73,33,1,Stromal,0.4482758620689655,29,6759.098987993598,4918.757610107399
73,34,1,Stromal,0.5471698113207547,53,6641.586527612805,4918.757610107399
73,35,2,Stromal,0.37681159420289856,69,6759.098987993598,4833.277343092673
73,36,2,DCIS_1,0.746268656716418,67,6641.586527612805,4833.277343092673
73,37,1,Stromal,0.6159420289855072,138,5877.755535137653,5303.418811673671
73,38,1,Stromal,0.8333333333333334,30,6465.317837041616,5046.978010629489
73,39,1,Stromal,0.7142857142857143,28,6230.292916280031,5046.978010629489
73,40,2,Stromal,0.3770491803278688,183,6465.317837041616,4876.017476600036
73,41,1,Stromal,0.6666666666666666,72,6230.292916280031,4876.017476600036
73,42,1,Stromal,0.7052023121387283,173,5877.755535137653,4961.497743614763
73,43,1,Stromal,0.6461538461538462,65,7405.417520087957,4705.056942570582
73,44,1,Stromal,0.639344262295082,61,7170.392599326372,4705.056942570582
73,45,1,Stromal,0.8285714285714286,35,7405.417520087957,4534.096408541129
73,46,1,Stromal,0.48360655737704916,122,7170.392599326372,4534.096408541129
73,47,1,Stromal,0.6863905325443787,169,6935.367678564787,4705.056942570582
73,48,2,DCIS_1,0.4827586206896552,58,6759.098987993598,4747.797076077945
73,49,3,DCIS_1,0.8870967741935484,62,6641.586527612805,4747.797076077945
73,50,2,DCIS_1,0.5753424657534246,73,6759.098987993598,4662.316809063219
73,51,3,DCIS_1,0.7058823529411765,68,6641.586527612805,4662.316809063219
73,52,1,Stromal,0.5714285714285714,56,6994.123908755183,4576.8365420484915
73,53,2,Stromal,0.49122807017543857,57,6876.61144837439,4576.8365420484915
73,54,1,Stromal,0.49122807017543857,57,6994.123908755183,4491.356275033765
73,55,2,DCIS_1,0.37681159420289856,69,6876.61144837439,4491.356275033765
73,56,3,DCIS_1,0.6440677966101694,59,6759.098987993598,4576.8365420484915
73,57,3,DCIS_1,0.75,80,6641.586527612805,4576.8365420484915
73,58,3,DCIS_1,0.6976744186046512,43,6759.098987993598,4491.356275033765
73,59,3,Macrophages_1,0.5161290322580645,31,6641.586527612805,4491.356275033765
73,60,1,Stromal,0.9396551724137931,116,7287.905059707165,4277.655607496947
73,61,1,Stromal,0.696969696969697,66,6994.123908755183,4405.876008019038
73,62,2,Myoepi_KRT15+,0.37681159420289856,69,6876.61144837439,4405.876008019038
73,63,1,Stromal,0.7222222222222222,54,6994.123908755183,4320.39574100431
73,64,3,DCIS_1,0.8235294117647058,85,6876.61144837439,4320.39574100431
73,65,3,DCIS_1,0.6875,144,6700.3427578032015,4363.135874511674
73,66,1,Stromal,0.8529411764705882,34,6994.123908755183,4234.915473989583
73,67,2,DCIS_1,0.4722222222222222,72,6876.61144837439,4234.915473989583
73,68,1,Stromal,0.5333333333333333,45,6994.123908755183,4149.435206974857
73,69,2,Stromal,0.35294117647058826,68,6876.61144837439,4149.435206974857
73,70,3,DCIS_1,0.4895833333333333,96,6759.098987993598,4234.915473989583
73,71,3,DCIS_1,0.4666666666666667,15,6641.586527612805,4234.915473989583
73,72,2,DCIS_1,0.44285714285714284,70,6759.098987993598,4149.435206974857
73,73,3,DCIS_1,0.8367346938775511,49,6641.586527612805,4149.435206974857
73,74,3,DCIS_1,0.6833333333333333,60,6524.074067232013,4747.797076077945
73,75,2,DCIS_1,0.49295774647887325,71,6406.56160685122,4747.797076077945
73,76,3,DCIS_1,0.5897435897435898,78,6524.074067232013,4662.316809063219
73,77,3,DCIS_1,0.627906976744186,43,6406.56160685122,4662.316809063219
73,78,2,Stromal,0.3333333333333333,174,6230.292916280031,4705.056942570582
73,79,3,DCIS_1,0.45925925925925926,135,6465.317837041616,4534.096408541129
73,80,3,DCIS_1,0.546875,64,6289.049146470427,4576.8365420484915
73,81,2,Stromal,0.5217391304347826,46,6171.536686089635,4576.8365420484915
73,82,3,DCIS_1,0.7945205479452054,73,6289.049146470427,4491.356275033765
73,83,2,Stromal,0.43103448275862066,58,6171.536686089635,4491.356275033765
73,84,1,Stromal,0.3983739837398374,123,5995.267995518446,4705.056942570582
73,85,1,Stromal,0.925,40,5760.243074756861,4705.056942570582
73,86,1,Stromal,0.7142857142857143,35,6054.024225708842,4576.8365420484915
73,87,2,Stromal,0.3076923076923077,78,5936.5117653280495,4576.8365420484915
73,88,1,B_Cells,0.2558139534883721,86,6054.024225708842,4491.356275033765
73,89,1,CD4+_T_Cells,0.41830065359477125,153,5936.5117653280495,4491.356275033765
73,90,1,CD4+_T_Cells,0.375,80,5818.999304947257,4576.8365420484915
73,91,1,Stromal,0.7777777777777778,27,5701.486844566464,4576.8365420484915
73,92,1,CD4+_T_Cells,0.5294117647058824,136,5818.999304947257,4491.356275033765
73,93,1,CD4+_T_Cells,0.35714285714285715,98,5701.486844566464,4491.356275033765
73,94,3,DCIS_1,0.9295774647887324,71,6289.049146470427,4405.876008019038
73,95,2,DCIS_1,0.5081967213114754,61,6171.536686089635,4405.876008019038
73,96,3,DCIS_1,0.7638888888888888,72,6289.049146470427,4320.39574100431
73,97,2,DCIS_1,0.515625,64,6171.536686089635,4320.39574100431
73,98,3,Macrophages_1,0.4457831325301205,83,6465.317837041616,4192.175340482219
73,99,3,DCIS_1,0.6666666666666666,39,6289.049146470427,4234.915473989583
73,100,2,DCIS_1,0.7272727272727273,77,6171.536686089635,4234.915473989583
73,101,3,DCIS_1,0.6037735849056604,53,6289.049146470427,4149.435206974857
73,102,2,DCIS_1,0.6582278481012658,79,6171.536686089635,4149.435206974857
73,103,1,B_Cells,0.24778761061946902,113,6054.024225708842,4405.876008019038
73,104,1,Stromal,0.2248062015503876,129,5936.5117653280495,4405.876008019038
73,105,1,Stromal,0.3118279569892473,93,6054.024225708842,4320.39574100431
73,106,1,Myoepi_KRT15+,0.5116279069767442,129,5936.5117653280495,4320.39574100431
73,107,1,CD4+_T_Cells,0.5182926829268293,164,5818.999304947257,4405.876008019038
73,108,1,CD4+_T_Cells,0.33587786259541985,131,5701.486844566464,4405.876008019038
73,109,1,Stromal,0.415929203539823,113,5818.999304947257,4320.39574100431
73,110,1,Stromal,0.5833333333333334,84,5701.486844566464,4320.39574100431
73,112,3,Myoepi_KRT15+,0.5194805194805194,77,5936.5117653280495,4234.915473989583
73,113,1,Stromal,0.6842105263157895,76,6054.024225708842,4149.435206974857
73,114,3,Myoepi_KRT15+,0.4,55,5936.5117653280495,4149.435206974857
73,115,3,Myoepi_KRT15+,0.494949494949495,99,5818.999304947257,4234.915473989583
73,116,1,Myoepi_ACTA2+,0.4344262295081967,122,5701.486844566464,4234.915473989583
73,117,3,Macrophages_1,0.9166666666666666,24,5818.999304947257,4149.435206974857
73,118,3,Macrophages_1,0.6,45,5701.486844566464,4149.435206974857
73,119,1,Endothelial,0.46875,32,4585.118470948934,5046.978010629489
73,121,1,Stromal,0.8387096774193549,31,4585.118470948934,4876.017476600036
73,122,2,DCIS_2,0.3829787234042553,188,4350.093550187349,4876.017476600036
73,123,2,DCIS_2,0.49032258064516127,155,4115.068629425764,5046.978010629489
73,124,1,Stromal,0.8666666666666667,30,3880.0437086641787,5046.978010629489
73,125,3,DCIS_2,0.875,56,4173.82485961616,4918.757610107399
73,126,1,Stromal,0.5428571428571428,35,4056.3123992353676,4918.757610107399
73,127,2,DCIS_2,0.7575757575757576,99,4173.82485961616,4833.277343092673
73,128,1,Stromal,0.7857142857142857,14,4056.3123992353676,4833.277343092673
73,129,1,Stromal,0.8125,32,3880.0437086641787,4876.017476600036
73,130,1,Stromal,0.8244274809160306,131,5407.705693614483,4619.576675555855
73,131,1,Stromal,0.7280701754385965,114,4937.655852091312,4619.576675555855
73,132,1,Stromal,0.532258064516129,124,5525.218153995275,4363.135874511674
73,133,1,Stromal,0.6571428571428571,70,5583.974384185672,4234.915473989583
73,134,1,Stromal,0.85,20,5466.461923804879,4234.915473989583
73,135,1,Stromal,0.4878048780487805,82,5583.974384185672,4149.435206974857
73,136,1,Stromal,0.7346938775510204,49,5466.461923804879,4149.435206974857
73,137,1,Stromal,0.84375,64,5290.19323323369,4192.175340482219
73,138,1,Stromal,0.8606060606060606,165,4937.655852091312,4277.655607496947
73,139,1,Stromal,0.7424242424242424,198,4467.606010568142,4619.576675555855
73,140,1,Stromal,0.8484848484848485,198,3997.5561690449713,4619.576675555855
73,141,1,Stromal,0.8333333333333334,42,4585.118470948934,4363.135874511674
73,142,1,Stromal,0.8541666666666666,48,4350.093550187349,4363.135874511674
73,143,1,Stromal,0.5555555555555556,117,4585.118470948934,4192.175340482219
73,144,2,Stromal,0.5827814569536424,151,4350.093550187349,4192.175340482219
73,145,1,Stromal,0.7435897435897436,78,4115.068629425764,4363.135874511674
73,146,1,Stromal,0.9418604651162791,86,3880.0437086641787,4363.135874511674
73,147,1,Stromal,0.6,165,4115.068629425764,4192.175340482219
73,148,1,Stromal,0.8490566037735849,106,3880.0437086641787,4192.175340482219
73,149,1,Stromal,0.5980392156862745,102,7170.392599326372,4021.214806452766
73,150,2,Stromal,0.6017699115044248,113,7405.417520087957,3850.2542724233117
73,151,1,Stromal,0.8255813953488372,86,7170.392599326372,3850.2542724233117
73,152,1,Stromal,0.7518248175182481,137,6935.367678564787,4021.214806452766
73,153,2,DCIS_1,0.3611111111111111,72,6759.098987993598,4063.954939960129
73,154,3,DCIS_1,0.7241379310344828,58,6641.586527612805,4063.954939960129
73,155,1,Stromal,0.5217391304347826,69,6759.098987993598,3978.4746729454027
73,156,2,Stromal,0.35294117647058826,68,6641.586527612805,3978.4746729454027
73,157,1,Stromal,0.6178343949044586,157,6935.367678564787,3850.2542724233117
73,158,2,Stromal,0.5588235294117647,68,6759.098987993598,3892.9944059306754
73,159,2,DCIS_1,0.39705882352941174,68,6641.586527612805,3892.9944059306754
73,160,2,DCIS_1,0.25,96,6759.098987993598,3807.514138915948
73,161,3,DCIS_1,0.7611940298507462,67,6641.586527612805,3807.514138915948
73,162,3,DCIS_1,0.7466666666666667,75,7464.1737502783535,3722.0338719012216
73,163,2,Stromal,0.5405405405405406,37,7346.661289897561,3722.0338719012216
73,164,3,DCIS_1,0.8450704225352113,71,7464.1737502783535,3636.553604886494
73,165,2,DCIS_1,0.8461538461538461,78,7346.661289897561,3636.553604886494
73,166,2,Stromal,0.6637931034482759,116,7170.392599326372,3679.293738393858
73,167,3,DCIS_1,0.8909090909090909,55,7464.1737502783535,3551.073337871767
73,168,3,DCIS_1,0.8266666666666667,75,7346.661289897561,3551.073337871767
73,169,3,DCIS_1,0.8493150684931506,73,7464.1737502783535,3465.5930708570404
73,170,3,DCIS_1,0.8823529411764706,51,7346.661289897561,3465.5930708570404
73,171,3,DCIS_1,0.8977272727272727,88,7229.148829516768,3551.073337871767
73,172,3,DCIS_1,0.7837837837837838,74,7111.636369135976,3551.073337871767
73,173,3,DCIS_1,0.8833333333333333,60,7229.148829516768,3465.5930708570404
73,174,3,DCIS_1,0.8666666666666667,90,7111.636369135976,3465.5930708570404
73,175,1,Stromal,0.6625766871165644,163,6935.367678564787,3679.293738393858
73,176,2,DCIS_1,0.6081081081081081,74,6759.098987993598,3722.0338719012216
73,177,3,DCIS_1,0.8311688311688312,77,6641.586527612805,3722.0338719012216
73,178,2,DCIS_1,0.5569620253164557,79,6759.098987993598,3636.553604886494
73,179,3,DCIS_1,0.8285714285714286,70,6641.586527612805,3636.553604886494
73,180,2,DCIS_1,0.6666666666666666,54,6994.123908755183,3551.073337871767
73,181,2,Stromal,0.4523809523809524,42,6876.61144837439,3551.073337871767
73,182,3,DCIS_1,0.88,75,6994.123908755183,3465.5930708570404
73,183,2,DCIS_1,0.8923076923076924,65,6876.61144837439,3465.5930708570404
73,184,2,Stromal,0.5245901639344263,61,6759.098987993598,3551.073337871767
73,185,2,DCIS_1,0.47058823529411764,68,6641.586527612805,3551.073337871767
73,186,2,Stromal,0.4666666666666667,45,6759.098987993598,3465.5930708570404
73,187,1,Stromal,0.8275862068965517,29,6641.586527612805,3465.5930708570404
73,188,3,Macrophages_1,0.4857142857142857,35,6524.074067232013,4063.954939960129
73,189,3,DCIS_1,0.7407407407407407,54,6406.56160685122,4063.954939960129
73,190,2,DCIS_1,0.44285714285714284,70,6524.074067232013,3978.4746729454027
73,191,3,DCIS_1,0.5932203389830508,59,6406.56160685122,3978.4746729454027
73,192,3,Myoepi_KRT15+,0.5375,80,6289.049146470427,4063.954939960129
73,193,2,DCIS_1,0.5147058823529411,68,6171.536686089635,4063.954939960129
73,194,2,DCIS_1,0.5569620253164557,79,6289.049146470427,3978.4746729454027
73,195,2,Stromal,0.6415094339622641,53,6171.536686089635,3978.4746729454027
73,196,2,Stromal,0.5072463768115942,69,6524.074067232013,3892.9944059306754
73,197,2,Stromal,0.49056603773584906,53,6406.56160685122,3892.9944059306754
73,198,3,DCIS_1,0.7469879518072289,83,6524.074067232013,3807.514138915948
73,199,2,Stromal,0.4090909090909091,66,6406.56160685122,3807.514138915948
73,200,2,Stromal,0.5064935064935064,77,6289.049146470427,3892.9944059306754
73,201,1,Stromal,0.7169811320754716,53,6171.536686089635,3892.9944059306754
73,202,1,Stromal,0.6101694915254238,59,6289.049146470427,3807.514138915948
73,203,1,Stromal,0.6756756756756757,37,6171.536686089635,3807.514138915948
73,204,1,Stromal,0.5625,64,6054.024225708842,4063.954939960129
73,205,3,Myoepi_KRT15+,0.484375,64,5936.5117653280495,4063.954939960129
73,206,1,Stromal,0.4,70,6054.024225708842,3978.4746729454027
73,207,1,Stromal,0.37349397590361444,83,5936.5117653280495,3978.4746729454027
73,208,3,Macrophages_1,0.7419354838709677,31,5818.999304947257,4063.954939960129
73,209,3,Macrophages_1,0.42857142857142855,56,5701.486844566464,4063.954939960129
73,210,2,Stromal,0.27058823529411763,85,5818.999304947257,3978.4746729454027
73,212,1,Stromal,0.5266666666666666,150,5995.267995518446,3850.2542724233117
73,213,1,Stromal,0.5555555555555556,54,5818.999304947257,3892.9944059306754
73,214,1,Stromal,0.2891566265060241,83,5701.486844566464,3892.9944059306754
73,215,1,Stromal,0.5,40,5818.999304947257,3807.514138915948
73,216,1,Stromal,0.45098039215686275,51,5701.486844566464,3807.514138915948
73,217,3,DCIS_1,0.7792207792207793,77,6524.074067232013,3722.0338719012216
73,218,2,DCIS_1,0.39215686274509803,51,6406.56160685122,3722.0338719012216
73,220,2,Stromal,0.2553191489361702,47,6406.56160685122,3636.553604886494
73,221,2,DCIS_1,0.5294117647058824,51,6289.049146470427,3722.0338719012216
73,222,2,DCIS_1,0.7424242424242424,66,6171.536686089635,3722.0338719012216
73,223,3,DCIS_1,0.6,70,6289.049146470427,3636.553604886494
73,224,3,DCIS_1,0.9142857142857143,70,6171.536686089635,3636.553604886494
73,225,2,Stromal,0.42424242424242425,66,6524.074067232013,3551.073337871767
73,226,2,DCIS_1,0.4126984126984127,63,6406.56160685122,3551.073337871767
73,227,2,Stromal,0.5192307692307693,52,6524.074067232013,3465.5930708570404
73,228,3,DCIS_1,0.5,64,6406.56160685122,3465.5930708570404
73,229,2,DCIS_1,0.51,200,6230.292916280031,3508.3332043644036
73,230,2,DCIS_1,0.5777777777777777,45,6054.024225708842,3722.0338719012216
73,231,2,Stromal,0.45652173913043476,46,5936.5117653280495,3722.0338719012216
73,232,3,DCIS_1,0.8870967741935484,62,6054.024225708842,3636.553604886494
73,233,2,DCIS_1,0.375,56,5936.5117653280495,3636.553604886494
73,234,1,Stromal,0.627906976744186,43,5818.999304947257,3722.0338719012216
73,235,2,DCIS_1,0.42105263157894735,57,5701.486844566464,3722.0338719012216
73,236,2,DCIS_1,0.5166666666666667,60,5818.999304947257,3636.553604886494
73,237,3,DCIS_1,0.7794117647058824,68,5701.486844566464,3636.553604886494
73,238,3,DCIS_1,0.9142857142857143,70,6054.024225708842,3551.073337871767
73,239,2,DCIS_1,0.7101449275362319,69,5936.5117653280495,3551.073337871767
73,240,3,DCIS_1,0.7303370786516854,89,6054.024225708842,3465.5930708570404
73,241,3,DCIS_1,0.5625,64,5936.5117653280495,3465.5930708570404
73,242,2,DCIS_1,0.7719298245614035,57,5818.999304947257,3551.073337871767
73,243,3,DCIS_1,0.7301587301587301,63,5701.486844566464,3551.073337871767
73,244,3,DCIS_1,0.9180327868852459,61,5818.999304947257,3465.5930708570404
73,245,3,DCIS_1,0.8208955223880597,67,5701.486844566464,3465.5930708570404
73,247,1,Endothelial,0.5185185185185185,54,7346.661289897561,3380.112803842313
73,248,3,DCIS_1,0.6506024096385542,83,7464.1737502783535,3294.6325368275866
73,249,2,Stromal,0.3142857142857143,35,7346.661289897561,3294.6325368275866
73,250,3,Myoepi_KRT15+,0.4067796610169492,59,7229.148829516768,3380.112803842313
73,251,3,DCIS_1,0.6829268292682927,82,7111.636369135976,3380.112803842313
73,252,1,Stromal,0.4,10,7229.148829516768,3294.6325368275866
73,253,3,Myoepi_KRT15+,0.40384615384615385,52,7111.636369135976,3294.6325368275866
73,254,2,Myoepi_KRT15+,0.36619718309859156,71,7464.1737502783535,3209.1522698128592
73,255,2,Endothelial,0.29411764705882354,17,7346.661289897561,3209.1522698128592
73,256,3,DCIS_1,0.5975609756097561,82,7464.1737502783535,3123.672002798133
73,257,2,Myoepi_ACTA2+,0.5,40,7346.661289897561,3123.672002798133
73,258,2,Myoepi_KRT15+,0.22522522522522523,111,7170.392599326372,3166.412136305496
73,259,3,DCIS_1,0.41025641025641024,78,6994.123908755183,3380.112803842313
73,260,3,DCIS_1,0.9666666666666667,60,6876.61144837439,3380.112803842313
73,261,3,DCIS_1,0.7171717171717171,99,6994.123908755183,3294.6325368275866
73,262,3,DCIS_1,0.8571428571428571,70,6876.61144837439,3294.6325368275866
73,263,2,Stromal,0.3197278911564626,147,6700.3427578032015,3337.37267033495
73,264,3,Myoepi_KRT15+,0.55,60,6994.123908755183,3209.1522698128592
73,266,3,Myoepi_KRT15+,0.5434782608695652,46,6994.123908755183,3123.672002798133
73,267,3,DCIS_1,0.7922077922077922,77,6876.61144837439,3123.672002798133
73,268,2,Stromal,0.37894736842105264,190,6700.3427578032015,3166.412136305496
73,269,3,DCIS_1,0.647887323943662,71,7464.1737502783535,3038.1917357834054
73,270,3,Myoepi_KRT15+,0.43902439024390244,82,7346.661289897561,3038.1917357834054
73,271,2,DCIS_1,0.5370370370370371,54,7464.1737502783535,2952.711468768679
73,272,3,DCIS_1,0.821917808219178,73,7346.661289897561,2952.711468768679
73,273,3,Myoepi_KRT15+,0.6197183098591549,71,7229.148829516768,3038.1917357834054
73,274,3,DCIS_1,0.671875,64,7111.636369135976,3038.1917357834054
73,275,3,DCIS_1,0.8387096774193549,62,7229.148829516768,2952.711468768679
73,276,3,DCIS_1,0.8,75,7111.636369135976,2952.711468768679
73,277,2,DCIS_1,0.47282608695652173,184,7405.417520087957,2824.491068246588
73,278,3,DCIS_1,0.8243243243243243,74,7229.148829516768,2867.2312017539516
73,279,3,DCIS_1,0.5970149253731343,67,7111.636369135976,2867.2312017539516
73,280,3,DCIS_1,0.6551724137931034,58,7229.148829516768,2781.7509347392242
73,281,2,DCIS_1,0.52,50,7111.636369135976,2781.7509347392242
73,282,3,DCIS_1,0.8266666666666667,75,6994.123908755183,3038.1917357834054
73,283,2,DCIS_1,0.65,60,6876.61144837439,3038.1917357834054
73,284,3,DCIS_1,0.725,80,6994.123908755183,2952.711468768679
73,285,2,DCIS_1,0.45714285714285713,35,6876.61144837439,2952.711468768679
73,286,1,Stromal,0.7850467289719626,107,6700.3427578032015,2995.451602276042
73,288,1,Stromal,0.7142857142857143,35,6876.61144837439,2867.2312017539516
73,289,2,DCIS_1,0.44680851063829785,47,6994.123908755183,2781.7509347392242
73,290,2,DCIS_1,0.569620253164557,79,6876.61144837439,2781.7509347392242
73,291,2,Stromal,0.34615384615384615,182,6700.3427578032015,2824.491068246588
73,292,2,Stromal,0.5208333333333334,48,6524.074067232013,3380.112803842313
73,293,3,DCIS_1,0.3918918918918919,74,6406.56160685122,3380.112803842313
73,294,2,Stromal,0.5185185185185185,54,6524.074067232013,3294.6325368275866
73,295,3,DCIS_1,0.5897435897435898,78,6406.56160685122,3294.6325368275866
73,296,3,Myoepi_KRT15+,0.3125,16,6289.049146470427,3380.112803842313
73,297,3,Myoepi_KRT15+,0.5131578947368421,76,6171.536686089635,3380.112803842313
73,299,3,DCIS_1,0.5180722891566265,83,6171.536686089635,3294.6325368275866
73,300,1,Stromal,0.3090909090909091,55,6524.074067232013,3209.1522698128592
73,301,2,DCIS_1,0.3333333333333333,48,6406.56160685122,3209.1522698128592
73,303,1,Stromal,0.35,60,6406.56160685122,3123.672002798133
73,304,2,DCIS_1,0.589041095890411,73,6289.049146470427,3209.1522698128592
73,305,2,DCIS_1,0.3055555555555556,72,6171.536686089635,3209.1522698128592
73,306,1,Stromal,0.391304347826087,46,6289.049146470427,3123.672002798133
73,307,2,Stromal,0.3617021276595745,47,6171.536686089635,3123.672002798133
73,308,3,DCIS_1,0.7926829268292683,82,6054.024225708842,3380.112803842313
73,309,3,DCIS_1,0.30357142857142855,56,5936.5117653280495,3380.112803842313
73,310,3,DCIS_1,0.9047619047619048,63,6054.024225708842,3294.6325368275866
73,311,3,DCIS_1,0.8513513513513513,74,5936.5117653280495,3294.6325368275866
73,312,3,DCIS_1,0.5921052631578947,76,5818.999304947257,3380.112803842313
73,313,3,DCIS_1,0.8985507246376812,69,5701.486844566464,3380.112803842313
73,314,3,DCIS_1,0.8518518518518519,81,5818.999304947257,3294.6325368275866
73,316,2,DCIS_1,0.6829268292682927,82,6054.024225708842,3209.1522698128592
73,317,3,DCIS_1,0.8372093023255814,86,5936.5117653280495,3209.1522698128592
73,318,3,DCIS_1,0.6,85,6054.024225708842,3123.672002798133
73,319,3,DCIS_1,0.5774647887323944,71,5936.5117653280495,3123.672002798133
73,320,2,DCIS_1,0.6180904522613065,199,5760.243074756861,3166.412136305496
73,321,2,Stromal,0.5833333333333334,108,6465.317837041616,2995.451602276042
73,322,2,Stromal,0.49101796407185627,167,6230.292916280031,2995.451602276042
73,323,2,Stromal,0.5454545454545454,99,6465.317837041616,2824.491068246588
73,324,2,Stromal,0.418848167539267,191,6230.292916280031,2824.491068246588
73,325,2,DCIS_1,0.3548387096774194,62,6054.024225708842,3038.1917357834054
73,326,3,DCIS_1,0.8705882352941177,85,5936.5117653280495,3038.1917357834054
73,327,2,Stromal,0.30612244897959184,49,6054.024225708842,2952.711468768679
73,328,2,Stromal,0.46511627906976744,43,5936.5117653280495,2952.711468768679
73,329,2,Stromal,0.3584905660377358,53,5818.999304947257,3038.1917357834054
73,330,2,DCIS_1,0.5357142857142857,56,5701.486844566464,3038.1917357834054
73,331,2,DCIS_1,0.40425531914893614,47,5818.999304947257,2952.711468768679
73,333,2,Stromal,0.38095238095238093,42,6054.024225708842,2867.2312017539516
73,334,2,DCIS_1,0.3880597014925373,67,5936.5117653280495,2867.2312017539516
73,335,2,Stromal,0.5833333333333334,36,6054.024225708842,2781.7509347392242
73,336,2,DCIS_1,0.4642857142857143,56,5936.5117653280495,2781.7509347392242
73,337,3,DCIS_1,0.8,60,5818.999304947257,2867.2312017539516
73,338,3,DCIS_1,0.9074074074074074,54,5701.486844566464,2867.2312017539516
73,339,3,DCIS_1,0.5844155844155844,77,5818.999304947257,2781.7509347392242
73,340,2,DCIS_1,0.4153846153846154,65,5701.486844566464,2781.7509347392242
73,341,1,Stromal,0.5652173913043478,69,5583.974384185672,4063.954939960129
73,342,1,Stromal,0.35443037974683544,79,5466.461923804879,4063.954939960129
73,343,1,Stromal,0.23595505617977527,89,5583.974384185672,3978.4746729454027
73,344,1,Stromal,0.31958762886597936,97,5466.461923804879,3978.4746729454027
73,345,1,Stromal,0.49122807017543857,57,5348.949463424086,4063.954939960129
73,346,1,Stromal,0.46551724137931033,58,5231.437003043294,4063.954939960129
73,347,1,Macrophages_1,0.23,100,5348.949463424086,3978.4746729454027
73,348,1,Stromal,0.3333333333333333,87,5231.437003043294,3978.4746729454027
73,349,1,Macrophages_1,0.1896551724137931,116,5583.974384185672,3892.9944059306754
73,350,1,Stromal,0.27722772277227725,101,5466.461923804879,3892.9944059306754
73,351,1,Stromal,0.5070422535211268,71,5583.974384185672,3807.514138915948
73,352,1,Stromal,0.4852941176470588,68,5466.461923804879,3807.514138915948
73,353,1,Macrophages_1,0.2978723404255319,94,5348.949463424086,3892.9944059306754
73,354,1,Stromal,0.5641025641025641,39,5231.437003043294,3892.9944059306754
73,355,2,Stromal,0.33707865168539325,89,5348.949463424086,3807.514138915948
73,356,2,Stromal,0.3389830508474576,59,5231.437003043294,3807.514138915948
73,357,1,Stromal,0.8055555555555556,72,5055.168312472105,4021.214806452766
73,359,2,Stromal,0.46060606060606063,165,5055.168312472105,3850.2542724233117
73,360,1,Stromal,0.6210526315789474,95,4820.14339171052,3850.2542724233117
73,361,2,DCIS_1,0.47368421052631576,57,5583.974384185672,3722.0338719012216
73,362,2,Stromal,0.48214285714285715,56,5466.461923804879,3722.0338719012216
73,363,3,DCIS_1,0.8888888888888888,54,5583.974384185672,3636.553604886494
73,364,3,DCIS_1,0.803030303030303,66,5466.461923804879,3636.553604886494
73,366,2,DCIS_1,0.35526315789473684,76,5231.437003043294,3722.0338719012216
73,367,2,Stromal,0.4482758620689655,58,5348.949463424086,3636.553604886494
73,368,2,Stromal,0.4714285714285714,70,5231.437003043294,3636.553604886494
73,369,3,DCIS_1,0.75,76,5583.974384185672,3551.073337871767
73,370,3,DCIS_1,0.819672131147541,61,5466.461923804879,3551.073337871767
73,371,3,DCIS_1,0.8222222222222222,90,5583.974384185672,3465.5930708570404
73,372,3,DCIS_1,0.9104477611940298,67,5466.461923804879,3465.5930708570404
73,373,2,DCIS_1,0.4375,64,5348.949463424086,3551.073337871767
73,374,2,DCIS_1,0.22857142857142856,70,5231.437003043294,3551.073337871767
73,375,2,DCIS_1,0.3333333333333333,66,5348.949463424086,3465.5930708570404
73,376,2,DCIS_1,0.20930232558139536,86,5231.437003043294,3465.5930708570404
73,377,2,DCIS_1,0.3793103448275862,58,5113.924542662501,3722.0338719012216
73,378,2,Stromal,0.37254901960784315,51,4996.4120822817085,3722.0338719012216
73,379,2,Stromal,0.36619718309859156,71,5113.924542662501,3636.553604886494
73,380,2,Stromal,0.3125,48,4996.4120822817085,3636.553604886494
73,381,1,Stromal,0.59375,64,4820.14339171052,3679.293738393858
73,382,2,Stromal,0.39416058394160586,137,5055.168312472105,3508.3332043644036
73,383,1,Stromal,0.5194805194805194,77,4820.14339171052,3508.3332043644036
73,385,2,Stromal,0.5,34,4408.849780377745,4063.954939960129
73,386,2,Stromal,0.6216216216216216,37,4291.337319996953,4063.954939960129
73,387,2,Stromal,0.24,50,4408.849780377745,3978.4746729454027
73,388,2,Myoepi_ACTA2+,0.27710843373493976,83,4291.337319996953,3978.4746729454027
73,389,2,Stromal,0.44666666666666666,150,4585.118470948934,3850.2542724233117
73,390,2,Stromal,0.3584905660377358,53,4408.849780377745,3892.9944059306754
73,391,2,Stromal,0.323943661971831,71,4291.337319996953,3892.9944059306754
73,392,2,Stromal,0.358974358974359,39,4408.849780377745,3807.514138915948
73,393,2,Stromal,0.37209302325581395,43,4291.337319996953,3807.514138915948
73,394,2,Myoepi_ACTA2+,0.38235294117647056,68,4173.82485961616,4063.954939960129
73,395,2,Myoepi_ACTA2+,0.3050847457627119,59,4056.3123992353676,4063.954939960129
73,396,2,Myoepi_ACTA2+,0.4,60,4173.82485961616,3978.4746729454027
73,398,1,Stromal,0.4523809523809524,42,3938.799938854575,4063.954939960129
73,399,1,Stromal,0.6,25,3821.2874784737824,4063.954939960129
73,400,2,Stromal,0.325,80,3938.799938854575,3978.4746729454027
73,401,2,Stromal,0.45454545454545453,66,3821.2874784737824,3978.4746729454027
73,402,2,Stromal,0.3487179487179487,195,4115.068629425764,3850.2542724233117
73,403,2,Myoepi_ACTA2+,0.5510204081632653,49,3938.799938854575,3892.9944059306754
73,404,2,Stromal,0.37333333333333335,75,3821.2874784737824,3892.9944059306754
73,405,2,Stromal,0.36507936507936506,63,3938.799938854575,3807.514138915948
73,406,1,Stromal,0.5365853658536586,41,3821.2874784737824,3807.514138915948
73,407,2,Stromal,0.42953020134228187,149,4585.118470948934,3679.293738393858
73,408,2,Stromal,0.41818181818181815,55,4408.849780377745,3722.0338719012216
73,409,2,DCIS_2,0.484375,64,4291.337319996953,3722.0338719012216
73,410,2,Stromal,0.40425531914893614,47,4408.849780377745,3636.553604886494
73,411,2,Myoepi_ACTA2+,0.2857142857142857,42,4291.337319996953,3636.553604886494
73,412,2,Stromal,0.5089285714285714,112,4585.118470948934,3508.3332043644036
73,413,2,Stromal,0.5046728971962616,107,4350.093550187349,3508.3332043644036
73,414,2,Stromal,0.4074074074074074,162,4115.068629425764,3679.293738393858
73,415,2,Stromal,0.42857142857142855,154,3880.0437086641787,3679.293738393858
73,416,1,Stromal,0.3885350318471338,157,4115.068629425764,3508.3332043644036
73,417,1,Stromal,0.3983050847457627,118,3880.0437086641787,3508.3332043644036
73,419,2,DCIS_1,0.5873015873015873,63,5466.461923804879,3380.112803842313
73,420,2,DCIS_1,0.5555555555555556,54,5583.974384185672,3294.6325368275866
73,421,2,DCIS_1,0.578125,64,5466.461923804879,3294.6325368275866
73,422,2,DCIS_1,0.5660377358490566,53,5348.949463424086,3380.112803842313
73,423,2,Macrophages_1,0.23076923076923078,91,5231.437003043294,3380.112803842313
73,424,2,DCIS_1,0.47761194029850745,67,5348.949463424086,3294.6325368275866
73,425,2,DCIS_1,0.5753424657534246,73,5231.437003043294,3294.6325368275866
73,426,2,Stromal,0.336734693877551,196,5525.218153995275,3166.412136305496
73,427,2,DCIS_1,0.7619047619047619,63,5348.949463424086,3209.1522698128592
73,428,2,Stromal,0.35555555555555557,45,5231.437003043294,3209.1522698128592
73,429,2,DCIS_1,0.62,50,5348.949463424086,3123.672002798133
73,431,2,Stromal,0.4358974358974359,156,5055.168312472105,3337.37267033495
73,432,1,Stromal,0.5304347826086957,115,4820.14339171052,3337.37267033495
73,433,1,Stromal,0.27638190954773867,199,5055.168312472105,3166.412136305496
73,434,1,Stromal,0.43956043956043955,91,4820.14339171052,3166.412136305496
73,435,2,Stromal,0.3269230769230769,52,5583.974384185672,3038.1917357834054
73,436,2,Stromal,0.37209302325581395,43,5466.461923804879,3038.1917357834054
73,437,2,DCIS_1,0.43548387096774194,62,5583.974384185672,2952.711468768679
73,438,2,DCIS_1,0.49206349206349204,63,5466.461923804879,2952.711468768679
73,439,3,DCIS_1,0.6567164179104478,67,5348.949463424086,3038.1917357834054
73,440,2,DCIS_1,0.5571428571428572,70,5231.437003043294,3038.1917357834054
73,441,2,DCIS_1,0.7532467532467533,77,5348.949463424086,2952.711468768679
73,443,3,DCIS_1,0.5294117647058824,68,5583.974384185672,2867.2312017539516
73,444,2,Stromal,0.3333333333333333,54,5466.461923804879,2867.2312017539516
73,445,3,DCIS_1,0.3235294117647059,68,5583.974384185672,2781.7509347392242
73,446,2,Stromal,0.34285714285714286,35,5466.461923804879,2781.7509347392242
73,447,2,DCIS_1,0.4198895027624309,181,5290.19323323369,2824.491068246588
73,448,2,Stromal,0.4329896907216495,194,5055.168312472105,2995.451602276042
73,449,1,Stromal,0.625,96,4820.14339171052,2995.451602276042
73,450,2,Stromal,0.5217391304347826,92,5055.168312472105,2824.491068246588
73,452,1,Stromal,0.647887323943662,71,4585.118470948934,3337.37267033495
73,453,2,Myoepi_ACTA2+,0.41304347826086957,46,4408.849780377745,3380.112803842313
73,454,2,Stromal,0.36585365853658536,41,4291.337319996953,3380.112803842313
73,455,1,Stromal,0.41818181818181815,55,4408.849780377745,3294.6325368275866
73,456,1,Stromal,0.34375,64,4291.337319996953,3294.6325368275866
73,457,1,Stromal,0.7866666666666666,75,4585.118470948934,3166.412136305496
73,458,1,CD4+_T_Cells,0.3620689655172414,116,4408.849780377745,3209.1522698128592
73,459,1,B_Cells,0.25842696629213485,89,4291.337319996953,3209.1522698128592
73,460,1,B_Cells,0.25742574257425743,101,4408.849780377745,3123.672002798133
73,461,1,Stromal,0.5111111111111111,45,4291.337319996953,3123.672002798133
73,462,1,Stromal,0.5882352941176471,136,4115.068629425764,3337.37267033495
73,463,1,Stromal,0.7547169811320755,53,3880.0437086641787,3337.37267033495
73,464,1,Stromal,0.577639751552795,161,4115.068629425764,3166.412136305496
73,465,2,Stromal,0.4652777777777778,144,3880.0437086641787,3166.412136305496
73,466,1,Stromal,0.6632653061224489,98,4585.118470948934,2995.451602276042
73,467,2,DCIS_2,0.4397905759162304,191,4350.093550187349,2995.451602276042
73,468,1,Stromal,0.5324675324675324,77,4585.118470948934,2824.491068246588
73,469,2,Stromal,0.4260869565217391,115,4350.093550187349,2824.491068246588
73,470,1,Stromal,0.41420118343195267,169,4115.068629425764,2995.451602276042
73,471,2,Stromal,0.4873417721518987,158,3880.0437086641787,2995.451602276042
73,472,1,Stromal,0.41216216216216217,148,4115.068629425764,2824.491068246588
73,473,1,Stromal,0.6333333333333333,30,3938.799938854575,2867.2312017539516
73,474,2,Myoepi_ACTA2+,0.3620689655172414,58,3821.2874784737824,2867.2312017539516
73,475,2,Stromal,0.59375,32,3938.799938854575,2781.7509347392242
73,476,3,DCIS_2,0.36585365853658536,82,3821.2874784737824,2781.7509347392242
73,477,1,Stromal,0.9044117647058824,136,3057.4564859986303,5303.418811673671
73,478,1,Stromal,0.7096774193548387,124,3527.506327521801,4961.497743614763
73,479,1,Stromal,0.7398843930635838,173,3057.4564859986303,4961.497743614763
73,480,1,Stromal,0.9722222222222222,36,2704.9191048562525,5388.899078688399
73,481,0,Stromal,0.432,125,2469.8941840946673,5388.899078688399
73,482,1,Stromal,0.627906976744186,43,2704.9191048562525,5217.938544658944
73,483,0,Invasive_Tumor,0.6415094339622641,159,2469.8941840946673,5217.938544658944
73,484,1,Stromal,0.9746835443037974,158,2117.3568029522894,5303.418811673671
73,485,1,Stromal,0.7352941176470589,68,2469.8941840946673,5046.978010629489
73,486,1,Stromal,0.7580645161290323,62,2704.9191048562525,4876.017476600036
73,488,1,Stromal,0.813953488372093,172,2117.3568029522894,4961.497743614763
73,489,1,Stromal,1.0,40,3645.0187879025934,4705.056942570582
73,490,1,Stromal,0.9583333333333334,72,3409.993867141008,4705.056942570582
73,491,1,Stromal,0.8888888888888888,99,3645.0187879025934,4534.096408541129
73,492,1,Stromal,0.9069767441860465,86,3409.993867141008,4534.096408541129
73,493,1,Stromal,0.9054054054054054,74,3174.968946379423,4705.056942570582
73,494,1,Stromal,0.8243243243243243,74,2939.9440256178377,4705.056942570582
73,495,1,Stromal,0.9142857142857143,35,3174.968946379423,4534.096408541129
73,496,1,Stromal,0.7857142857142857,42,2939.9440256178377,4534.096408541129
73,497,1,Stromal,0.9305555555555556,72,3645.0187879025934,4363.135874511674
73,498,1,Stromal,0.8,55,3409.993867141008,4363.135874511674
73,499,1,Stromal,0.8717948717948718,78,3645.0187879025934,4192.175340482219
73,500,1,Stromal,0.975,40,3409.993867141008,4192.175340482219
73,501,1,Stromal,0.891566265060241,166,3057.4564859986303,4277.655607496947
73,502,1,Stromal,0.7291666666666666,96,2704.9191048562525,4705.056942570582
73,503,1,Stromal,0.9759036144578314,83,2469.8941840946673,4705.056942570582
73,504,1,Stromal,0.8979591836734694,49,2704.9191048562525,4534.096408541129
73,505,1,Stromal,0.9148936170212766,47,2469.8941840946673,4534.096408541129
73,506,1,Stromal,0.9105691056910569,123,2117.3568029522894,4619.576675555855
73,507,1,Stromal,0.8181818181818182,143,2587.40664447546,4277.655607496947
73,508,1,Stromal,0.8113207547169812,159,2117.3568029522894,4277.655607496947
73,509,0,Stromal,0.6971830985915493,142,1647.306961429119,5303.418811673671
73,510,1,Stromal,0.9642857142857143,28,1294.769580286741,5388.899078688399
73,511,1,Stromal,0.40298507462686567,67,1059.7446595251558,5388.899078688399
73,512,1,Stromal,0.8285714285714286,35,1294.769580286741,5217.938544658944
73,513,1,Stromal,0.6310679611650486,103,1059.7446595251558,5217.938544658944
73,514,0,Invasive_Tumor,0.7350427350427351,117,1529.7945010483263,5046.978010629489
73,516,0,Invasive_Tumor,0.7368421052631579,38,1588.5507312387226,4918.757610107399
73,517,0,Invasive_Tumor,0.59375,64,1471.03827085793,4918.757610107399
73,518,0,Invasive_Tumor,0.6808510638297872,47,1588.5507312387226,4833.277343092673
73,520,0,Invasive_Tumor,0.6707317073170732,164,1294.769580286741,5046.978010629489
73,521,1,Invasive_Tumor,0.6229508196721312,61,1059.7446595251558,5046.978010629489
73,522,0,Invasive_Tumor,0.6666666666666666,54,1353.5258104771374,4918.757610107399
73,523,0,Invasive_Tumor,0.7049180327868853,61,1236.0133500963448,4918.757610107399
73,524,0,Invasive_Tumor,0.6610169491525424,59,1353.5258104771374,4833.277343092673
73,525,0,Invasive_Tumor,0.7794117647058824,68,1236.0133500963448,4833.277343092673
73,526,0,Invasive_Tumor,0.6774193548387096,62,1118.5008897155521,4918.757610107399
73,527,0,Invasive_Tumor,0.40425531914893614,47,1000.9884293347595,4918.757610107399
73,528,0,Invasive_Tumor,0.7111111111111111,45,1118.5008897155521,4833.277343092673
73,529,0,Invasive_Tumor,0.7230769230769231,65,1000.9884293347595,4833.277343092673
73,530,2,Stromal,0.34782608695652173,46,883.475968953967,5431.6392121957615
73,531,2,DCIS_2,0.6229508196721312,61,765.9635085731744,5431.6392121957615
73,532,2,DCIS_2,0.2553191489361702,47,883.475968953967,5346.158945181035
73,533,2,DCIS_2,0.4925373134328358,67,765.9635085731744,5346.158945181035
73,534,2,DCIS_2,0.4406779661016949,59,648.4510481923818,5431.6392121957615
73,535,3,DCIS_2,0.8596491228070176,57,530.9385878115892,5431.6392121957615
73,536,2,Stromal,0.24242424242424243,33,648.4510481923818,5346.158945181035
73,537,2,Myoepi_ACTA2+,0.46296296296296297,54,530.9385878115892,5346.158945181035
73,538,2,Stromal,0.28888888888888886,45,883.475968953967,5260.678678166308
73,539,2,DCIS_2,0.5151515151515151,66,765.9635085731744,5260.678678166308
73,540,1,Stromal,0.45652173913043476,46,883.475968953967,5175.19841115158
73,541,2,Stromal,0.46938775510204084,49,765.9635085731744,5175.19841115158
73,542,2,Stromal,0.29545454545454547,44,648.4510481923818,5260.678678166308
73,543,2,DCIS_2,0.3404255319148936,47,530.9385878115892,5260.678678166308
73,544,2,Myoepi_ACTA2+,0.4264705882352941,68,648.4510481923818,5175.19841115158
73,545,2,DCIS_2,0.3382352941176471,68,530.9385878115892,5175.19841115158
73,546,2,Stromal,0.38095238095238093,42,413.4261274307966,5431.6392121957615
73,547,1,Stromal,0.375,64,295.913667050004,5431.6392121957615
73,548,2,DCIS_2,0.2631578947368421,38,413.4261274307966,5346.158945181035
73,549,2,B_Cells,0.3898305084745763,59,295.913667050004,5346.158945181035
73,550,1,CD4+_T_Cells,0.46534653465346537,101,178.40120666921138,5431.6392121957615
73,551,1,CD4+_T_Cells,0.3372093023255814,86,60.888746288418766,5431.6392121957615
73,552,1,Stromal,0.35185185185185186,54,178.40120666921138,5346.158945181035
73,553,1,Stromal,0.3333333333333333,66,60.888746288418766,5346.158945181035
73,554,3,DCIS_2,0.7142857142857143,70,413.4261274307966,5260.678678166308
73,555,2,DCIS_2,0.7346938775510204,49,295.913667050004,5260.678678166308
73,556,2,DCIS_2,0.45714285714285713,70,413.4261274307966,5175.19841115158
73,557,3,DCIS_2,0.9215686274509803,51,295.913667050004,5175.19841115158
73,558,2,Stromal,0.3148148148148148,54,178.40120666921138,5260.678678166308
73,559,1,Stromal,0.3698630136986301,73,60.888746288418766,5260.678678166308
73,560,2,DCIS_2,0.4642857142857143,56,178.40120666921138,5175.19841115158
73,561,1,Stromal,0.358974358974359,78,60.888746288418766,5175.19841115158
73,563,1,Stromal,0.4507042253521127,71,765.9635085731744,5089.718144136853
73,564,1,Stromal,0.6666666666666666,30,883.475968953967,5004.2378771221265
73,566,2,Macrophages_1,0.352112676056338,71,648.4510481923818,5089.718144136853
73,567,2,Stromal,0.3877551020408163,49,530.9385878115892,5089.718144136853
73,568,1,Stromal,0.5106382978723404,47,648.4510481923818,5004.2378771221265
73,569,2,DCIS_2,0.22641509433962265,53,530.9385878115892,5004.2378771221265
73,570,1,Stromal,0.4423076923076923,52,883.475968953967,4918.757610107399
73,571,1,Stromal,0.2826086956521739,92,765.9635085731744,4918.757610107399
73,573,1,Stromal,0.2727272727272727,88,765.9635085731744,4833.277343092673
73,574,1,Stromal,0.32222222222222224,90,648.4510481923818,4918.757610107399
73,575,2,Stromal,0.36,75,530.9385878115892,4918.757610107399
73,576,0,CD4+_T_Cells,0.2876712328767123,73,648.4510481923818,4833.277343092673
73,577,1,CD4+_T_Cells,0.31297709923664124,131,530.9385878115892,4833.277343092673
73,578,2,Stromal,0.30303030303030304,66,413.4261274307966,5089.718144136853
73,579,2,Stromal,0.2807017543859649,57,295.913667050004,5089.718144136853
73,580,2,CD4+_T_Cells,0.275,80,413.4261274307966,5004.2378771221265
73,581,2,DCIS_2,0.21052631578947367,76,295.913667050004,5004.2378771221265
73,582,2,CD8+_T_Cells,0.2872340425531915,94,178.40120666921138,5089.718144136853
73,583,1,Macrophages_1,0.34615384615384615,104,60.888746288418766,5089.718144136853
73,584,2,CD8+_T_Cells,0.29896907216494845,97,178.40120666921138,5004.2378771221265
73,585,2,Macrophages_1,0.2549019607843137,102,60.888746288418766,5004.2378771221265
73,586,2,CD8+_T_Cells,0.25961538461538464,104,413.4261274307966,4918.757610107399
73,587,2,DCIS_2,0.36470588235294116,85,295.913667050004,4918.757610107399
73,588,1,CD4+_T_Cells,0.47928994082840237,169,413.4261274307966,4833.277343092673
73,589,1,CD4+_T_Cells,0.25,120,295.913667050004,4833.277343092673
73,590,2,DCIS_2,0.323943661971831,71,178.40120666921138,4918.757610107399
73,591,2,Stromal,0.22988505747126436,87,60.888746288418766,4918.757610107399
73,592,1,Stromal,0.3764705882352941,85,178.40120666921138,4833.277343092673
73,593,2,DCIS_2,0.4716981132075472,53,60.888746288418766,4833.277343092673
73,594,0,Stromal,0.5853658536585366,41,1764.8194218099115,4705.056942570582
73,595,0,Invasive_Tumor,0.4528301886792453,159,1529.7945010483263,4705.056942570582
73,596,0,Stromal,0.4430379746835443,79,1764.8194218099115,4534.096408541129
73,597,0,Invasive_Tumor,0.6282722513089005,191,1529.7945010483263,4534.096408541129
73,598,0,Invasive_Tumor,0.7049180327868853,61,1353.5258104771374,4747.797076077945
73,599,0,Invasive_Tumor,0.4166666666666667,60,1236.0133500963448,4747.797076077945
73,600,0,Invasive_Tumor,0.7058823529411765,68,1353.5258104771374,4662.316809063219
73,601,0,Invasive_Tumor,0.6933333333333334,75,1236.0133500963448,4662.316809063219
73,602,0,Invasive_Tumor,0.532258064516129,62,1118.5008897155521,4747.797076077945
73,603,0,Invasive_Tumor,0.7543859649122807,57,1000.9884293347595,4747.797076077945
73,604,0,Invasive_Tumor,0.8253968253968254,63,1118.5008897155521,4662.316809063219
73,605,0,Invasive_Tumor,0.6170212765957447,47,1000.9884293347595,4662.316809063219
73,606,0,Invasive_Tumor,0.660377358490566,53,1353.5258104771374,4576.8365420484915
73,607,0,Invasive_Tumor,0.5735294117647058,68,1236.0133500963448,4576.8365420484915
73,608,0,Invasive_Tumor,0.8,60,1353.5258104771374,4491.356275033765
73,609,3,Invasive_Tumor,0.9375,48,1236.0133500963448,4491.356275033765
73,610,0,Invasive_Tumor,0.4898989898989899,198,1059.7446595251558,4534.096408541129
73,611,0,Stromal,0.5567567567567567,185,1647.306961429119,4277.655607496947
73,612,0,Invasive_Tumor,0.7161290322580646,155,1294.769580286741,4363.135874511674
73,613,0,Invasive_Tumor,0.7,50,1118.5008897155521,4405.876008019038
73,614,0,Stromal,0.25806451612903225,62,1000.9884293347595,4405.876008019038
73,615,0,Invasive_Tumor,0.821917808219178,73,1118.5008897155521,4320.39574100431
73,617,0,Stromal,0.47560975609756095,82,1294.769580286741,4192.175340482219
73,618,0,Invasive_Tumor,0.47,200,1059.7446595251558,4192.175340482219
73,619,0,Stromal,0.3854748603351955,179,824.7197387635707,4705.056942570582
73,620,0,Stromal,0.4262295081967213,61,648.4510481923818,4747.797076077945
73,621,1,CD4+_T_Cells,0.3291139240506329,79,530.9385878115892,4747.797076077945
73,622,0,Stromal,0.5526315789473685,38,648.4510481923818,4662.316809063219
73,623,2,Stromal,0.4888888888888889,45,530.9385878115892,4662.316809063219
73,624,0,Invasive_Tumor,0.46368715083798884,179,824.7197387635707,4534.096408541129
73,625,0,Stromal,0.410958904109589,73,648.4510481923818,4576.8365420484915
73,626,2,Myoepi_ACTA2+,0.49333333333333335,75,530.9385878115892,4576.8365420484915
73,628,2,Stromal,0.4117647058823529,85,530.9385878115892,4491.356275033765
73,629,1,CD4+_T_Cells,0.4430379746835443,158,413.4261274307966,4747.797076077945
73,630,2,CD4+_T_Cells,0.42105263157894735,114,295.913667050004,4747.797076077945
73,631,1,Stromal,0.4461538461538462,65,413.4261274307966,4662.316809063219
73,632,2,Stromal,0.2765957446808511,94,295.913667050004,4662.316809063219
73,633,1,Stromal,0.2876712328767123,73,178.40120666921138,4747.797076077945
73,634,2,DCIS_2,0.30666666666666664,75,60.888746288418766,4747.797076077945
73,635,2,Stromal,0.3108108108108108,74,178.40120666921138,4662.316809063219
73,636,2,CD8+_T_Cells,0.352112676056338,71,60.888746288418766,4662.316809063219
73,637,2,Stromal,0.5277777777777778,72,413.4261274307966,4576.8365420484915
73,638,2,DCIS_2,0.36363636363636365,55,295.913667050004,4576.8365420484915
73,639,2,DCIS_2,0.7636363636363637,55,413.4261274307966,4491.356275033765
73,640,1,Stromal,0.6721311475409836,61,295.913667050004,4491.356275033765
73,641,2,Stromal,0.26,100,178.40120666921138,4576.8365420484915
73,642,2,Stromal,0.2777777777777778,54,60.888746288418766,4576.8365420484915
73,643,1,CD4+_T_Cells,0.3433734939759036,166,178.40120666921138,4491.356275033765
73,644,2,CD4+_T_Cells,0.3026315789473684,76,60.888746288418766,4491.356275033765
73,645,0,Invasive_Tumor,0.49230769230769234,195,824.7197387635707,4363.135874511674
73,646,0,Invasive_Tumor,0.48148148148148145,54,648.4510481923818,4405.876008019038
73,647,2,Stromal,0.3595505617977528,89,530.9385878115892,4405.876008019038
73,648,0,Invasive_Tumor,0.7413793103448276,58,648.4510481923818,4320.39574100431
73,649,0,Stromal,0.4358974358974359,78,530.9385878115892,4320.39574100431
73,650,0,Invasive_Tumor,0.6098901098901099,182,824.7197387635707,4192.175340482219
73,651,0,Invasive_Tumor,0.4528301886792453,53,648.4510481923818,4234.915473989583
73,652,0,Stromal,0.35714285714285715,56,530.9385878115892,4234.915473989583
73,653,0,Invasive_Tumor,0.5223880597014925,67,648.4510481923818,4149.435206974857
73,654,0,Invasive_Tumor,0.30158730158730157,63,530.9385878115892,4149.435206974857
73,655,2,DCIS_2,0.7924528301886793,53,413.4261274307966,4405.876008019038
73,656,2,Stromal,0.6111111111111112,72,295.913667050004,4405.876008019038
73,657,2,Stromal,0.3523809523809524,105,413.4261274307966,4320.39574100431
73,658,2,Stromal,0.6527777777777778,72,295.913667050004,4320.39574100431
73,659,1,CD4+_T_Cells,0.3795620437956204,137,178.40120666921138,4405.876008019038
73,660,2,CD4+_T_Cells,0.4051724137931034,116,60.888746288418766,4405.876008019038
73,661,1,CD4+_T_Cells,0.34108527131782945,129,178.40120666921138,4320.39574100431
73,662,1,CD4+_T_Cells,0.5142857142857142,140,60.888746288418766,4320.39574100431
73,663,1,Stromal,0.6056338028169014,71,413.4261274307966,4234.915473989583
73,664,0,Stromal,0.7230769230769231,65,295.913667050004,4234.915473989583
73,665,0,Stromal,0.3684210526315789,38,413.4261274307966,4149.435206974857
73,666,0,Invasive_Tumor,0.660377358490566,53,295.913667050004,4149.435206974857
73,667,0,Stromal,0.5151515151515151,66,178.40120666921138,4234.915473989583
73,668,1,CD4+_T_Cells,0.3706293706293706,143,60.888746288418766,4234.915473989583
73,669,0,Invasive_Tumor,0.6,50,178.40120666921138,4149.435206974857
73,670,0,Stromal,0.5882352941176471,68,60.888746288418766,4149.435206974857
73,671,1,Stromal,0.8777777777777778,90,3645.0187879025934,4021.214806452766
73,673,1,Stromal,0.5117647058823529,170,3645.0187879025934,3850.2542724233117
73,674,1,Stromal,0.625,120,3409.993867141008,3850.2542724233117
73,675,1,Stromal,0.7662337662337663,77,3174.968946379423,4021.214806452766
73,676,1,Stromal,0.8333333333333334,36,2939.9440256178377,4021.214806452766
73,677,1,Stromal,0.7380952380952381,84,3174.968946379423,3850.2542724233117
73,678,1,Stromal,0.7837837837837838,74,2939.9440256178377,3850.2542724233117
73,679,1,Stromal,0.32786885245901637,61,3703.7750180929897,3722.0338719012216
73,680,1,Stromal,0.38461538461538464,65,3586.262557712197,3722.0338719012216
73,681,1,Stromal,0.38095238095238093,63,3703.7750180929897,3636.553604886494
73,682,1,Stromal,0.7631578947368421,38,3586.262557712197,3636.553604886494
73,683,1,Stromal,0.7368421052631579,95,3409.993867141008,3679.293738393858
73,684,1,Stromal,0.7843137254901961,102,3645.0187879025934,3508.3332043644036
73,685,1,Stromal,0.9154929577464789,71,3409.993867141008,3508.3332043644036
73,686,1,Stromal,0.7672413793103449,116,3174.968946379423,3679.293738393858
73,687,1,Stromal,0.7701149425287356,87,2939.9440256178377,3679.293738393858
73,690,1,Stromal,0.8368421052631579,190,2587.40664447546,3935.734539438039
73,691,1,Stromal,0.8888888888888888,171,2117.3568029522894,3935.734539438039
73,692,1,Stromal,0.7166666666666667,120,2704.9191048562525,3679.293738393858
73,693,1,Stromal,0.5798319327731093,119,2469.8941840946673,3679.293738393858
73,694,1,Stromal,0.3333333333333333,84,2763.675335046649,3551.073337871767
73,695,1,Stromal,0.42592592592592593,54,2646.162874665856,3551.073337871767
73,696,1,CD4+_T_Cells,0.45161290322580644,124,2763.675335046649,3465.5930708570404
73,697,1,CD8+_T_Cells,0.3185840707964602,113,2646.162874665856,3465.5930708570404
73,698,1,Stromal,0.7927927927927928,111,2469.8941840946673,3508.3332043644036
73,699,1,Stromal,0.65625,96,2234.869263333082,3679.293738393858
73,700,1,Stromal,0.49032258064516127,155,1999.8443425714968,3679.293738393858
73,701,1,Stromal,0.32323232323232326,99,2293.6254935234783,3551.073337871767
73,702,1,CD4+_T_Cells,0.3941176470588235,170,2176.1130331426857,3551.073337871767
73,703,1,CD4+_T_Cells,0.29411764705882354,136,2293.6254935234783,3465.5930708570404
73,704,1,CD4+_T_Cells,0.3088235294117647,136,2176.1130331426857,3465.5930708570404
73,705,1,CD4+_T_Cells,0.3161764705882353,136,2058.600572761893,3551.073337871767
73,706,1,CD4+_T_Cells,0.3287671232876712,146,1941.0881123811005,3551.073337871767
73,707,2,Stromal,0.4722222222222222,108,2058.600572761893,3465.5930708570404
73,709,1,Stromal,0.84,50,3645.0187879025934,3337.37267033495
73,711,2,Stromal,0.44,50,3703.7750180929897,3209.1522698128592
73,712,2,Myoepi_ACTA2+,0.4827586206896552,58,3586.262557712197,3209.1522698128592
73,713,2,Stromal,0.2962962962962963,54,3703.7750180929897,3123.672002798133
73,714,2,Myoepi_ACTA2+,0.3469387755102041,49,3586.262557712197,3123.672002798133
73,715,1,Stromal,0.8709677419354839,62,3409.993867141008,3166.412136305496
73,716,1,Stromal,0.9841269841269841,63,3174.968946379423,3337.37267033495
73,717,1,Stromal,0.54,200,2939.9440256178377,3337.37267033495
73,718,1,Stromal,0.8958333333333334,96,3174.968946379423,3166.412136305496
73,719,1,Stromal,0.5342465753424658,73,2998.700255808234,3209.1522698128592
73,720,1,Stromal,0.676923076923077,65,2881.1877954274414,3209.1522698128592
73,721,1,Stromal,0.4155844155844156,77,2998.700255808234,3123.672002798133
73,722,2,Myoepi_ACTA2+,0.3037974683544304,79,2881.1877954274414,3123.672002798133
73,723,2,DCIS_2,0.38095238095238093,63,3703.7750180929897,3038.1917357834054
73,724,2,Stromal,0.8214285714285714,28,3586.262557712197,3038.1917357834054
73,725,3,DCIS_2,0.782608695652174,69,3703.7750180929897,2952.711468768679
73,726,2,Stromal,0.32608695652173914,46,3586.262557712197,2952.711468768679
73,729,1,Stromal,0.9117647058823529,68,3409.993867141008,2824.491068246588
73,731,1,CD4+_T_Cells,0.29896907216494845,97,2998.700255808234,3038.1917357834054
73,732,2,Myoepi_ACTA2+,0.4782608695652174,92,2881.1877954274414,3038.1917357834054
73,733,1,CD4+_T_Cells,0.4069767441860465,86,2998.700255808234,2952.711468768679
73,734,2,Myoepi_ACTA2+,0.4375,48,2881.1877954274414,2952.711468768679
73,735,1,Stromal,0.9493670886075949,79,3174.968946379423,2824.491068246588
73,737,2,DCIS_2,0.3050847457627119,59,2881.1877954274414,2867.2312017539516
73,738,1,Stromal,0.875,64,2998.700255808234,2781.7509347392242
73,739,2,Stromal,0.5370370370370371,54,2881.1877954274414,2781.7509347392242
73,740,1,Stromal,0.3132530120481928,83,2763.675335046649,3380.112803842313
73,741,1,CD4+_T_Cells,0.2923076923076923,130,2646.162874665856,3380.112803842313
73,742,1,Stromal,0.6666666666666666,48,2763.675335046649,3294.6325368275866
73,743,1,Stromal,0.37662337662337664,77,2646.162874665856,3294.6325368275866
73,744,1,Stromal,0.5898876404494382,178,2469.8941840946673,3337.37267033495
73,745,1,Stromal,0.559322033898305,59,2763.675335046649,3209.1522698128592
73,746,1,Stromal,0.5555555555555556,63,2646.162874665856,3209.1522698128592
73,747,2,Stromal,0.5106382978723404,47,2763.675335046649,3123.672002798133
73,748,1,Stromal,0.6666666666666666,39,2646.162874665856,3123.672002798133
73,749,1,Stromal,0.46153846153846156,65,2528.6504142850636,3209.1522698128592
73,750,1,Stromal,0.4444444444444444,54,2411.137953904271,3209.1522698128592
73,751,1,Stromal,0.7083333333333334,48,2528.6504142850636,3123.672002798133
73,752,1,Stromal,0.5306122448979592,49,2411.137953904271,3123.672002798133
73,753,1,B_Cells,0.2523364485981308,107,2293.6254935234783,3380.112803842313
73,754,1,Stromal,0.20754716981132076,106,2176.1130331426857,3380.112803842313
73,755,1,Stromal,0.45977011494252873,87,2293.6254935234783,3294.6325368275866
73,756,1,Stromal,0.5,80,2176.1130331426857,3294.6325368275866
73,760,2,Stromal,0.5324675324675324,77,1941.0881123811005,3294.6325368275866
73,761,2,Stromal,0.2828282828282828,99,2293.6254935234783,3209.1522698128592
73,762,2,Stromal,0.49019607843137253,51,2176.1130331426857,3209.1522698128592
73,763,2,Stromal,0.421875,64,2293.6254935234783,3123.672002798133
73,764,2,Stromal,0.5087719298245614,57,2176.1130331426857,3123.672002798133
73,765,2,Stromal,0.625,64,2058.600572761893,3209.1522698128592
73,766,3,Myoepi_KRT15+,0.5,76,1941.0881123811005,3209.1522698128592
73,767,1,Stromal,0.95,40,2058.600572761893,3123.672002798133
73,768,2,Stromal,0.4117647058823529,68,1941.0881123811005,3123.672002798133
73,769,2,DCIS_2,0.5423728813559322,59,2763.675335046649,3038.1917357834054
73,770,2,Myoepi_ACTA2+,0.4657534246575342,73,2646.162874665856,3038.1917357834054
73,771,2,Myoepi_ACTA2+,0.41025641025641024,39,2763.675335046649,2952.711468768679
73,772,2,Myoepi_ACTA2+,0.4473684210526316,76,2646.162874665856,2952.711468768679
73,773,1,Stromal,0.6923076923076923,156,2469.8941840946673,2995.451602276042
73,774,2,Myoepi_KRT15+,0.37209302325581395,86,2763.675335046649,2867.2312017539516
73,776,2,Myoepi_ACTA2+,0.47191011235955055,89,2763.675335046649,2781.7509347392242
73,777,1,Stromal,0.6419753086419753,81,2646.162874665856,2781.7509347392242
73,778,1,Stromal,0.7526881720430108,93,2469.8941840946673,2824.491068246588
73,779,1,Stromal,0.5185185185185185,81,2293.6254935234783,3038.1917357834054
73,780,1,Stromal,0.8285714285714286,35,2176.1130331426857,3038.1917357834054
73,781,1,Stromal,0.4342105263157895,76,2293.6254935234783,2952.711468768679
73,782,2,Stromal,0.5333333333333333,45,2176.1130331426857,2952.711468768679
73,783,2,DCIS_2,0.5625,64,2058.600572761893,3038.1917357834054
73,784,2,DCIS_2,0.5862068965517241,58,1941.0881123811005,3038.1917357834054
73,785,3,DCIS_2,0.9516129032258065,62,2058.600572761893,2952.711468768679
73,786,3,DCIS_2,0.8205128205128205,39,1941.0881123811005,2952.711468768679
73,787,1,Stromal,0.5,78,2293.6254935234783,2867.2312017539516
73,788,2,Stromal,0.4489795918367347,49,2176.1130331426857,2867.2312017539516
73,789,1,Stromal,0.4,90,2293.6254935234783,2781.7509347392242
73,790,2,Stromal,0.5932203389830508,59,2176.1130331426857,2781.7509347392242
73,791,3,DCIS_2,0.9024390243902439,41,2058.600572761893,2867.2312017539516
73,792,2,DCIS_2,0.39344262295081966,61,1941.0881123811005,2867.2312017539516
73,793,2,DCIS_2,0.4528301886792453,53,2058.600572761893,2781.7509347392242
73,794,2,Stromal,0.8235294117647058,51,1941.0881123811005,2781.7509347392242
73,795,1,Stromal,0.44871794871794873,78,1294.769580286741,4021.214806452766
73,796,0,Invasive_Tumor,0.5751633986928104,153,1059.7446595251558,4021.214806452766
73,797,0,Invasive_Tumor,0.5533333333333333,150,1294.769580286741,3850.2542724233117
73,798,0,Invasive_Tumor,0.7333333333333333,45,1118.5008897155521,3892.9944059306754
73,799,0,Invasive_Tumor,0.46551724137931033,58,1000.9884293347595,3892.9944059306754
73,801,0,Invasive_Tumor,0.7246376811594203,69,1000.9884293347595,3807.514138915948
73,802,1,Stromal,0.8653846153846154,52,1764.8194218099115,3679.293738393858
73,803,0,Invasive_Tumor,0.44370860927152317,151,1529.7945010483263,3679.293738393858
73,804,1,Stromal,0.6578947368421053,38,1823.5756520003079,3551.073337871767
73,805,1,Invasive_Tumor,0.5,24,1706.0631916195152,3551.073337871767
73,806,1,Stromal,0.3076923076923077,117,1823.5756520003079,3465.5930708570404
73,807,0,Stromal,0.375,32,1706.0631916195152,3465.5930708570404
73,808,0,Invasive_Tumor,0.625,48,1588.5507312387226,3551.073337871767
73,809,0,Invasive_Tumor,0.9565217391304348,69,1471.03827085793,3551.073337871767
73,810,0,Stromal,0.41025641025641024,39,1588.5507312387226,3465.5930708570404
73,811,0,Invasive_Tumor,0.6346153846153846,52,1471.03827085793,3465.5930708570404
73,812,0,Stromal,0.4298245614035088,114,1294.769580286741,3679.293738393858
73,814,0,Invasive_Tumor,0.8591549295774648,71,1353.5258104771374,3551.073337871767
73,815,0,Invasive_Tumor,0.7702702702702703,74,1236.0133500963448,3551.073337871767
73,816,0,Invasive_Tumor,0.6470588235294118,51,1353.5258104771374,3465.5930708570404
73,817,0,Invasive_Tumor,0.6282051282051282,78,1236.0133500963448,3465.5930708570404
73,818,0,Invasive_Tumor,0.8227848101265823,79,1118.5008897155521,3551.073337871767
73,819,0,CD4+_T_Cells,0.36666666666666664,30,1000.9884293347595,3551.073337871767
73,820,0,Invasive_Tumor,0.7934782608695652,92,1118.5008897155521,3465.5930708570404
73,821,0,Invasive_Tumor,0.7105263157894737,76,1000.9884293347595,3465.5930708570404
73,822,0,Invasive_Tumor,0.41954022988505746,174,824.7197387635707,4021.214806452766
73,823,0,Invasive_Tumor,0.48947368421052634,190,589.6948180019855,4021.214806452766
73,824,0,Invasive_Tumor,0.7758620689655172,58,883.475968953967,3892.9944059306754
73,825,0,Invasive_Tumor,0.631578947368421,57,765.9635085731744,3892.9944059306754
73,826,0,Invasive_Tumor,0.5471698113207547,53,883.475968953967,3807.514138915948
73,827,0,Invasive_Tumor,0.8301886792452831,53,765.9635085731744,3807.514138915948
73,828,0,Invasive_Tumor,0.45454545454545453,55,648.4510481923818,3892.9944059306754
73,829,0,Stromal,0.2962962962962963,54,530.9385878115892,3892.9944059306754
73,830,0,Invasive_Tumor,0.8,65,648.4510481923818,3807.514138915948
73,831,0,Macrophages_1,0.28205128205128205,78,530.9385878115892,3807.514138915948
73,832,0,Invasive_Tumor,0.45,180,354.6698972404003,4021.214806452766
73,833,0,Invasive_Tumor,0.5357142857142857,56,178.40120666921138,4063.954939960129
73,835,0,Invasive_Tumor,0.5660377358490566,53,178.40120666921138,3978.4746729454027
73,836,0,Invasive_Tumor,0.62,50,60.888746288418766,3978.4746729454027
73,837,0,Invasive_Tumor,0.5434782608695652,46,413.4261274307966,3892.9944059306754
73,838,0,Invasive_Tumor,0.5555555555555556,54,295.913667050004,3892.9944059306754
73,839,0,Invasive_Tumor,0.6792452830188679,53,413.4261274307966,3807.514138915948
73,840,0,Invasive_Tumor,0.5178571428571429,56,295.913667050004,3807.514138915948
73,841,0,Invasive_Tumor,0.5434782608695652,46,178.40120666921138,3892.9944059306754
73,842,0,Invasive_Tumor,0.75,44,60.888746288418766,3892.9944059306754
73,843,0,Invasive_Tumor,0.3584905660377358,53,178.40120666921138,3807.514138915948
73,844,0,Invasive_Tumor,0.3380281690140845,71,60.888746288418766,3807.514138915948
73,845,0,Invasive_Tumor,0.39080459770114945,174,824.7197387635707,3679.293738393858
73,846,0,Invasive_Tumor,0.8793103448275862,58,648.4510481923818,3722.0338719012216
73,847,0,Invasive_Tumor,0.5454545454545454,55,530.9385878115892,3722.0338719012216
73,848,0,Invasive_Tumor,0.4807692307692308,52,648.4510481923818,3636.553604886494
73,849,0,Invasive_Tumor,0.765625,64,530.9385878115892,3636.553604886494
73,850,0,Invasive_Tumor,0.6829268292682927,164,824.7197387635707,3508.3332043644036
73,851,0,Invasive_Tumor,0.7222222222222222,54,648.4510481923818,3551.073337871767
73,852,0,Invasive_Tumor,0.7413793103448276,58,530.9385878115892,3551.073337871767
73,853,0,Invasive_Tumor,0.7037037037037037,54,648.4510481923818,3465.5930708570404
73,854,0,Invasive_Tumor,0.6615384615384615,65,530.9385878115892,3465.5930708570404
73,855,0,Invasive_Tumor,0.49444444444444446,180,354.6698972404003,3679.293738393858
73,856,0,Stromal,0.38095238095238093,42,178.40120666921138,3722.0338719012216
73,857,0,Invasive_Tumor,0.4393939393939394,66,60.888746288418766,3722.0338719012216
73,858,0,Stromal,0.4772727272727273,44,178.40120666921138,3636.553604886494
73,859,0,Invasive_Tumor,0.3484848484848485,66,60.888746288418766,3636.553604886494
73,860,0,Invasive_Tumor,0.45161290322580644,186,354.6698972404003,3508.3332043644036
73,861,0,Stromal,0.625,32,178.40120666921138,3551.073337871767
73,862,0,Stromal,0.22784810126582278,79,60.888746288418766,3551.073337871767
73,863,0,Stromal,0.44,50,178.40120666921138,3465.5930708570404
73,864,0,Stromal,0.36363636363636365,44,60.888746288418766,3465.5930708570404
73,865,1,B_Cells,0.30952380952380953,126,1823.5756520003079,3380.112803842313
73,866,0,Stromal,0.5531914893617021,47,1706.0631916195152,3380.112803842313
73,867,1,CD4+_T_Cells,0.3333333333333333,120,1823.5756520003079,3294.6325368275866
73,868,1,Stromal,0.4057971014492754,69,1706.0631916195152,3294.6325368275866
73,869,0,Invasive_Tumor,0.450261780104712,191,1529.7945010483263,3337.37267033495
73,870,1,Stromal,0.48148148148148145,108,1823.5756520003079,3209.1522698128592
73,871,1,Stromal,0.3368421052631579,95,1706.0631916195152,3209.1522698128592
73,872,1,Stromal,0.5779816513761468,109,1823.5756520003079,3123.672002798133
73,873,1,Stromal,0.375,104,1706.0631916195152,3123.672002798133
73,874,0,Invasive_Tumor,0.3157894736842105,57,1588.5507312387226,3209.1522698128592
73,875,0,CD4+_T_Cells,0.3283582089552239,134,1471.03827085793,3209.1522698128592
73,876,0,Stromal,0.3472222222222222,72,1588.5507312387226,3123.672002798133
73,877,0,CD4+_T_Cells,0.5954198473282443,131,1471.03827085793,3123.672002798133
73,878,0,Invasive_Tumor,0.8245614035087719,57,1353.5258104771374,3380.112803842313
73,879,0,Invasive_Tumor,0.28846153846153844,52,1236.0133500963448,3380.112803842313
73,880,0,Invasive_Tumor,0.8,65,1353.5258104771374,3294.6325368275866
73,881,0,Invasive_Tumor,0.4827586206896552,58,1236.0133500963448,3294.6325368275866
73,882,0,Invasive_Tumor,0.8026315789473685,76,1118.5008897155521,3380.112803842313
73,883,0,Invasive_Tumor,0.8767123287671232,73,1000.9884293347595,3380.112803842313
73,884,0,Invasive_Tumor,0.7567567567567568,74,1118.5008897155521,3294.6325368275866
73,885,0,Invasive_Tumor,0.7230769230769231,65,1000.9884293347595,3294.6325368275866
73,886,0,Invasive_Tumor,0.7586206896551724,58,1353.5258104771374,3209.1522698128592
73,887,0,Invasive_Tumor,0.7727272727272727,66,1236.0133500963448,3209.1522698128592
73,888,0,Invasive_Tumor,0.803030303030303,66,1353.5258104771374,3123.672002798133
73,889,0,Invasive_Tumor,0.46774193548387094,62,1236.0133500963448,3123.672002798133
73,890,0,Invasive_Tumor,0.8714285714285714,70,1118.5008897155521,3209.1522698128592
73,891,0,Invasive_Tumor,0.6363636363636364,66,1000.9884293347595,3209.1522698128592
73,892,0,Invasive_Tumor,0.5714285714285714,77,1118.5008897155521,3123.672002798133
73,893,0,Invasive_Tumor,0.6885245901639344,61,1000.9884293347595,3123.672002798133
73,894,2,Stromal,0.7058823529411765,68,1823.5756520003079,3038.1917357834054
73,895,1,Stromal,0.45454545454545453,88,1706.0631916195152,3038.1917357834054
73,896,2,DCIS_2,0.5692307692307692,65,1823.5756520003079,2952.711468768679
73,897,1,Stromal,0.6944444444444444,72,1706.0631916195152,2952.711468768679
73,898,1,Stromal,0.7142857142857143,21,1588.5507312387226,3038.1917357834054
73,899,0,CD4+_T_Cells,0.3888888888888889,90,1471.03827085793,3038.1917357834054
73,900,1,Stromal,0.7916666666666666,24,1588.5507312387226,2952.711468768679
73,901,0,Stromal,0.21212121212121213,99,1471.03827085793,2952.711468768679
73,902,2,Myoepi_ACTA2+,0.47674418604651164,86,1823.5756520003079,2867.2312017539516
73,903,1,Stromal,0.7638888888888888,72,1706.0631916195152,2867.2312017539516
73,904,1,Stromal,0.6075949367088608,79,1823.5756520003079,2781.7509347392242
73,905,1,Stromal,0.35789473684210527,95,1706.0631916195152,2781.7509347392242
73,906,0,Stromal,0.398876404494382,178,1529.7945010483263,2824.491068246588
73,907,0,Invasive_Tumor,0.6901408450704225,71,1353.5258104771374,3038.1917357834054
73,908,0,Invasive_Tumor,0.5,52,1236.0133500963448,3038.1917357834054
73,909,0,Invasive_Tumor,0.42424242424242425,66,1353.5258104771374,2952.711468768679
73,910,0,Invasive_Tumor,0.5147058823529411,68,1236.0133500963448,2952.711468768679
73,911,0,Invasive_Tumor,0.746031746031746,63,1118.5008897155521,3038.1917357834054
73,912,0,Invasive_Tumor,0.9012345679012346,81,1000.9884293347595,3038.1917357834054
73,913,0,Invasive_Tumor,0.5714285714285714,56,1118.5008897155521,2952.711468768679
73,914,0,Invasive_Tumor,0.6363636363636364,55,1000.9884293347595,2952.711468768679
73,915,0,Invasive_Tumor,0.6976744186046512,43,1353.5258104771374,2867.2312017539516
73,916,0,Invasive_Tumor,0.6415094339622641,53,1236.0133500963448,2867.2312017539516
73,917,0,Invasive_Tumor,0.7391304347826086,69,1353.5258104771374,2781.7509347392242
73,918,0,Invasive_Tumor,0.7228915662650602,83,1236.0133500963448,2781.7509347392242
73,919,0,Invasive_Tumor,0.7808219178082192,73,1118.5008897155521,2867.2312017539516
73,921,0,Invasive_Tumor,0.6027397260273972,73,1118.5008897155521,2781.7509347392242
73,922,0,Invasive_Tumor,0.5151515151515151,66,1000.9884293347595,2781.7509347392242
73,923,0,Invasive_Tumor,0.6612021857923497,183,824.7197387635707,3337.37267033495
73,925,0,Invasive_Tumor,0.8095238095238095,63,530.9385878115892,3380.112803842313
73,926,0,Invasive_Tumor,0.6363636363636364,33,648.4510481923818,3294.6325368275866
73,927,0,Invasive_Tumor,0.859375,64,530.9385878115892,3294.6325368275866
73,928,0,Invasive_Tumor,0.6351351351351351,74,883.475968953967,3209.1522698128592
73,929,0,Invasive_Tumor,0.39344262295081966,61,765.9635085731744,3209.1522698128592
73,930,0,Invasive_Tumor,0.38,50,883.475968953967,3123.672002798133
73,931,0,Invasive_Tumor,0.4032258064516129,62,765.9635085731744,3123.672002798133
73,932,0,Invasive_Tumor,0.546875,64,648.4510481923818,3209.1522698128592
73,933,0,Invasive_Tumor,0.746268656716418,67,530.9385878115892,3209.1522698128592
73,934,0,Invasive_Tumor,0.7647058823529411,68,648.4510481923818,3123.672002798133
73,935,0,Invasive_Tumor,0.5319148936170213,47,530.9385878115892,3123.672002798133
73,936,0,Invasive_Tumor,0.4046242774566474,173,354.6698972404003,3337.37267033495
73,937,0,Endothelial,0.42592592592592593,54,178.40120666921138,3380.112803842313
73,938,0,Invasive_Tumor,0.5344827586206896,58,60.888746288418766,3380.112803842313
73,939,0,Endothelial,0.2653061224489796,49,178.40120666921138,3294.6325368275866
73,940,0,Invasive_Tumor,0.48,50,60.888746288418766,3294.6325368275866
73,941,0,Invasive_Tumor,0.4406779661016949,59,413.4261274307966,3209.1522698128592
73,942,0,Invasive_Tumor,0.54,50,295.913667050004,3209.1522698128592
73,943,0,Invasive_Tumor,0.5535714285714286,56,413.4261274307966,3123.672002798133
73,944,0,Invasive_Tumor,0.41304347826086957,46,295.913667050004,3123.672002798133
73,945,0,Invasive_Tumor,0.39759036144578314,166,119.64497647881507,3166.412136305496
73,947,0,CD4+_T_Cells,0.3,90,765.9635085731744,3038.1917357834054
73,948,0,Invasive_Tumor,0.48214285714285715,56,883.475968953967,2952.711468768679
73,949,0,Invasive_Tumor,0.390625,64,765.9635085731744,2952.711468768679
73,950,0,Invasive_Tumor,0.4230769230769231,52,648.4510481923818,3038.1917357834054
73,951,0,Invasive_Tumor,0.4523809523809524,42,530.9385878115892,3038.1917357834054
73,952,0,Invasive_Tumor,0.5483870967741935,62,648.4510481923818,2952.711468768679
73,953,0,Invasive_Tumor,0.5507246376811594,69,530.9385878115892,2952.711468768679
73,954,0,Invasive_Tumor,0.5538461538461539,65,883.475968953967,2867.2312017539516
73,955,0,Invasive_Tumor,0.47761194029850745,67,765.9635085731744,2867.2312017539516
73,956,0,Stromal,0.2537313432835821,67,883.475968953967,2781.7509347392242
73,957,0,Invasive_Tumor,0.5866666666666667,75,765.9635085731744,2781.7509347392242
73,958,0,CD8+_T_Cells,0.37254901960784315,51,648.4510481923818,2867.2312017539516
73,959,0,CD8+_T_Cells,0.2191780821917808,73,530.9385878115892,2867.2312017539516
73,960,0,Invasive_Tumor,0.5538461538461539,65,648.4510481923818,2781.7509347392242
73,961,0,CD8+_T_Cells,0.23943661971830985,71,530.9385878115892,2781.7509347392242
73,962,0,Invasive_Tumor,0.5692307692307692,195,354.6698972404003,2995.451602276042
73,963,0,Invasive_Tumor,0.576271186440678,59,178.40120666921138,3038.1917357834054
73,964,0,Invasive_Tumor,0.3902439024390244,41,60.888746288418766,3038.1917357834054
73,965,0,Invasive_Tumor,0.7313432835820896,67,178.40120666921138,2952.711468768679
73,966,0,Invasive_Tumor,0.6304347826086957,46,60.888746288418766,2952.711468768679
73,967,0,Invasive_Tumor,0.31088082901554404,193,354.6698972404003,2824.491068246588
73,968,0,Stromal,0.30386740331491713,181,119.64497647881507,2824.491068246588
73,969,1,Stromal,0.9230769230769231,65,7405.417520087957,2653.530534217134
73,970,2,Stromal,0.54421768707483,147,7170.392599326372,2653.530534217134
73,971,1,Stromal,0.5714285714285714,91,7405.417520087957,2482.57000018768
73,972,2,Stromal,0.6880733944954128,109,7170.392599326372,2482.57000018768
73,973,3,DCIS_1,0.6216216216216216,74,6994.123908755183,2696.270667724498
73,974,3,DCIS_1,0.52,100,6876.61144837439,2696.270667724498
73,975,3,DCIS_1,0.8857142857142857,70,6994.123908755183,2610.7904007097704
73,976,3,DCIS_1,0.4338235294117647,136,6876.61144837439,2610.7904007097704
73,977,3,DCIS_1,0.7317073170731707,82,6759.098987993598,2696.270667724498
73,978,2,DCIS_1,0.6551724137931034,58,6641.586527612805,2696.270667724498
73,979,3,DCIS_1,0.7340425531914894,94,6759.098987993598,2610.7904007097704
73,980,3,DCIS_1,0.90625,64,6641.586527612805,2610.7904007097704
73,981,3,DCIS_1,0.7966101694915254,59,6994.123908755183,2525.310133695043
73,983,2,DCIS_1,0.5245901639344263,61,6994.123908755183,2439.8298666803166
73,984,3,DCIS_1,0.859375,64,6876.61144837439,2439.8298666803166
73,985,3,DCIS_1,0.8552631578947368,76,6759.098987993598,2525.310133695043
73,986,2,DCIS_1,0.7796610169491526,59,6641.586527612805,2525.310133695043
73,987,2,DCIS_1,0.5476190476190477,84,6759.098987993598,2439.8298666803166
73,988,2,DCIS_1,0.6727272727272727,55,6641.586527612805,2439.8298666803166
73,989,2,DCIS_1,0.35,40,7464.1737502783535,2354.3495996655893
73,990,2,DCIS_1,0.6538461538461539,52,7346.661289897561,2354.3495996655893
73,991,2,DCIS_1,0.8421052631578947,76,7464.1737502783535,2268.869332650863
73,992,3,DCIS_1,1.0,62,7346.661289897561,2268.869332650863
73,993,2,DCIS_1,0.48,50,7229.148829516768,2354.3495996655893
73,994,2,Stromal,0.5217391304347826,46,7111.636369135976,2354.3495996655893
73,995,3,DCIS_1,0.9636363636363636,55,7229.148829516768,2268.869332650863
73,996,2,DCIS_1,0.8235294117647058,68,7111.636369135976,2268.869332650863
73,997,2,DCIS_1,0.6666666666666666,75,7464.1737502783535,2183.3890656361355
73,998,2,DCIS_1,0.6363636363636364,88,7346.661289897561,2183.3890656361355
73,999,2,DCIS_1,0.6865671641791045,67,7464.1737502783535,2097.908798621409
73,1000,2,DCIS_1,0.4791666666666667,96,7346.661289897561,2097.908798621409
73,1001,3,DCIS_1,0.7333333333333333,75,7229.148829516768,2183.3890656361355
73,1002,3,DCIS_1,0.5824175824175825,91,7111.636369135976,2183.3890656361355
73,1003,3,DCIS_1,0.4819277108433735,83,7229.148829516768,2097.908798621409
73,1004,3,DCIS_1,0.7833333333333333,60,7111.636369135976,2097.908798621409
73,1005,2,Stromal,0.49079754601226994,163,6935.367678564787,2311.609466158226
73,1006,2,Stromal,0.40229885057471265,174,6700.3427578032015,2311.609466158226
73,1007,2,DCIS_1,0.42105263157894735,171,6935.367678564787,2140.6489321287722
73,1008,1,Stromal,0.75,64,6700.3427578032015,2140.6489321287722
73,1009,1,Stromal,0.62,100,6465.317837041616,2653.530534217134
73,1010,1,Stromal,0.3972602739726027,146,6230.292916280031,2653.530534217134
73,1011,2,Stromal,0.3333333333333333,180,6465.317837041616,2482.57000018768
73,1012,1,Stromal,0.6105263157894737,95,6230.292916280031,2482.57000018768
73,1013,1,Stromal,0.711864406779661,118,5995.267995518446,2653.530534217134
73,1014,2,Stromal,0.48854961832061067,131,5760.243074756861,2653.530534217134
73,1015,1,Stromal,0.7023809523809523,84,5995.267995518446,2482.57000018768
73,1016,1,Stromal,0.9423076923076923,52,5760.243074756861,2482.57000018768
73,1017,2,Stromal,0.5348837209302325,129,6465.317837041616,2311.609466158226
73,1018,1,Stromal,0.868421052631579,38,6230.292916280031,2311.609466158226
73,1019,1,Stromal,0.9,40,6465.317837041616,2140.6489321287722
73,1020,1,Stromal,0.8,30,6230.292916280031,2140.6489321287722
73,1022,2,DCIS_1,0.5753424657534246,73,7464.1737502783535,2012.4285316066819
73,1023,2,DCIS_1,0.5625,80,7346.661289897561,2012.4285316066819
73,1024,2,Stromal,0.32786885245901637,61,7464.1737502783535,1926.9482645919547
73,1025,2,DCIS_1,0.3333333333333333,75,7346.661289897561,1926.9482645919547
73,1026,2,DCIS_1,0.45454545454545453,66,7229.148829516768,2012.4285316066819
73,1027,3,DCIS_1,0.9402985074626866,67,7111.636369135976,2012.4285316066819
73,1028,2,Stromal,0.5434782608695652,46,7229.148829516768,1926.9482645919547
73,1029,2,Stromal,0.47619047619047616,42,7111.636369135976,1926.9482645919547
73,1030,1,Endothelial,0.24,50,7464.1737502783535,1841.4679975772278
73,1031,2,Stromal,0.2833333333333333,60,7346.661289897561,1841.4679975772278
73,1032,1,CD4+_T_Cells,0.25,20,7464.1737502783535,1755.9877305625007
73,1033,1,CD4+_T_Cells,0.3026315789473684,76,7346.661289897561,1755.9877305625007
73,1034,2,CD4+_T_Cells,0.30434782608695654,92,7229.148829516768,1841.4679975772278
73,1035,1,CD4+_T_Cells,0.38372093023255816,86,7111.636369135976,1841.4679975772278
73,1036,1,CD4+_T_Cells,0.3516483516483517,91,7229.148829516768,1755.9877305625007
73,1037,1,CD4+_T_Cells,0.3404255319148936,47,7111.636369135976,1755.9877305625007
73,1038,2,Stromal,0.4690265486725664,113,6935.367678564787,1969.6883980993184
73,1039,2,Stromal,0.4330708661417323,127,6700.3427578032015,1969.6883980993184
73,1040,1,Stromal,0.8571428571428571,56,6935.367678564787,1798.7278640698642
73,1041,2,DCIS_1,0.2890625,128,6700.3427578032015,1798.7278640698642
73,1042,1,CD4+_T_Cells,0.3087248322147651,149,7405.417520087957,1627.7673300404103
73,1043,0,Stromal,0.5833333333333334,72,7170.392599326372,1627.7673300404103
73,1044,1,CD4+_T_Cells,0.3333333333333333,33,7464.1737502783535,1499.5469295183198
73,1045,1,CD8+_T_Cells,0.25806451612903225,62,7346.661289897561,1499.5469295183198
73,1046,1,CD4+_T_Cells,0.41509433962264153,53,7464.1737502783535,1414.0666625035926
73,1047,1,CD4+_T_Cells,0.2727272727272727,88,7346.661289897561,1414.0666625035926
73,1048,1,Stromal,0.5542168674698795,83,7170.392599326372,1456.806796010956
73,1049,1,Stromal,0.7924528301886793,53,6935.367678564787,1627.7673300404103
73,1050,1,Stromal,0.851063829787234,47,6700.3427578032015,1627.7673300404103
73,1051,1,Stromal,0.5362318840579711,69,6935.367678564787,1456.806796010956
73,1052,2,DCIS_1,0.33858267716535434,127,6700.3427578032015,1456.806796010956
73,1053,1,Stromal,0.7254901960784313,51,6465.317837041616,1969.6883980993184
73,1054,1,Stromal,0.576271186440678,59,6230.292916280031,1969.6883980993184
73,1055,2,Stromal,0.23595505617977527,89,6465.317837041616,1798.7278640698642
73,1056,1,Stromal,0.5094339622641509,53,6230.292916280031,1798.7278640698642
73,1057,1,Stromal,0.543010752688172,186,5877.755535137653,1884.2081310845913
73,1058,1,Stromal,0.6,10,6524.074067232013,1670.5074635477738
73,1059,1,CD4+_T_Cells,0.580952380952381,105,6406.56160685122,1670.5074635477738
73,1060,1,Stromal,0.4782608695652174,23,6524.074067232013,1585.0271965330467
73,1061,1,CD4+_T_Cells,0.5918367346938775,98,6406.56160685122,1585.0271965330467
73,1062,1,Stromal,0.6271186440677966,59,6230.292916280031,1627.7673300404103
73,1063,2,Stromal,0.3202614379084967,153,6465.317837041616,1456.806796010956
73,1064,1,Stromal,0.6474820143884892,139,5877.755535137653,1542.2870630256832
73,1065,2,DCIS_1,0.35625,160,5525.218153995275,2653.530534217134
73,1066,1,Stromal,0.5343511450381679,131,5290.19323323369,2653.530534217134
73,1067,1,Stromal,0.8536585365853658,41,5525.218153995275,2482.57000018768
73,1068,1,Stromal,0.5909090909090909,88,5290.19323323369,2482.57000018768
73,1069,1,Stromal,0.5866666666666667,75,5055.168312472105,2653.530534217134
73,1070,1,Invasive_Tumor,0.6666666666666666,75,4820.14339171052,2653.530534217134
73,1071,1,Stromal,0.3855421686746988,83,5055.168312472105,2482.57000018768
73,1072,1,Stromal,0.96875,32,4820.14339171052,2482.57000018768
73,1073,1,Stromal,0.5192307692307693,52,5525.218153995275,2311.609466158226
73,1074,1,Stromal,0.631578947368421,57,5290.19323323369,2311.609466158226
73,1075,1,Stromal,0.3763440860215054,93,5525.218153995275,2140.6489321287722
73,1076,1,Stromal,0.43902439024390244,41,5290.19323323369,2140.6489321287722
73,1077,1,Stromal,0.7,50,4585.118470948934,2653.530534217134
73,1078,1,Stromal,0.9166666666666666,60,4350.093550187349,2653.530534217134
73,1080,1,Stromal,0.9310344827586207,29,4350.093550187349,2482.57000018768
73,1081,1,Stromal,0.6746987951807228,83,4115.068629425764,2653.530534217134
73,1082,1,Stromal,0.7313432835820896,67,3880.0437086641787,2653.530534217134
73,1083,1,Stromal,0.7073170731707317,41,4115.068629425764,2482.57000018768
73,1084,1,Stromal,0.6404494382022472,89,3880.0437086641787,2482.57000018768
73,1085,1,Stromal,0.9655172413793104,29,4115.068629425764,2311.609466158226
73,1086,1,Stromal,0.5833333333333334,24,3938.799938854575,2354.3495996655893
73,1087,1,Endothelial,0.2727272727272727,55,3821.2874784737824,2354.3495996655893
73,1088,1,B_Cells,0.3287671232876712,73,3938.799938854575,2268.869332650863
73,1089,1,CD4+_T_Cells,0.39622641509433965,106,3821.2874784737824,2268.869332650863
73,1090,1,Stromal,0.8409090909090909,44,4115.068629425764,2140.6489321287722
73,1091,1,CD4+_T_Cells,0.3275862068965517,58,3938.799938854575,2183.3890656361355
73,1092,1,B_Cells,0.3434343434343434,99,3821.2874784737824,2183.3890656361355
73,1093,1,CD4+_T_Cells,0.37037037037037035,54,3938.799938854575,2097.908798621409
73,1094,1,Stromal,0.5416666666666666,24,3821.2874784737824,2097.908798621409
73,1095,1,Stromal,0.5244755244755245,143,5407.705693614483,1884.2081310845913
73,1096,1,Stromal,0.5657894736842105,152,4937.655852091312,1884.2081310845913
73,1097,1,Stromal,0.52,75,5525.218153995275,1627.7673300404103
73,1098,1,Stromal,0.5930232558139535,86,5290.19323323369,1627.7673300404103
73,1099,1,Stromal,0.34615384615384615,26,5583.974384185672,1499.5469295183198
73,1100,0,DCIS_2,0.8142857142857143,70,5466.461923804879,1499.5469295183198
73,1101,2,Stromal,0.3333333333333333,33,5583.974384185672,1414.0666625035926
73,1102,2,DCIS_2,0.7391304347826086,92,5466.461923804879,1414.0666625035926
73,1103,2,Stromal,0.34545454545454546,55,5348.949463424086,1499.5469295183198
73,1104,2,DCIS_2,0.2807017543859649,57,5231.437003043294,1499.5469295183198
73,1105,3,DCIS_2,0.8378378378378378,74,5348.949463424086,1414.0666625035926
73,1106,3,DCIS_2,0.7777777777777778,72,5231.437003043294,1414.0666625035926
73,1107,2,Stromal,0.517948717948718,195,4937.655852091312,1542.2870630256832
73,1108,1,Stromal,0.7647058823529411,119,3997.5561690449713,1884.2081310845913
73,1109,0,Stromal,0.5620437956204379,137,3997.5561690449713,1542.2870630256832
73,1111,1,Stromal,0.25,52,7346.661289897561,1328.5863954888657
73,1112,2,DCIS_1,0.23214285714285715,56,7464.1737502783535,1243.1061284741386
73,1113,2,DCIS_1,0.4444444444444444,54,7346.661289897561,1243.1061284741386
73,1114,2,DCIS_1,0.36257309941520466,171,7170.392599326372,1285.8462619815023
73,1115,2,DCIS_1,0.484472049689441,161,7405.417520087957,1114.885727952048
73,1116,2,DCIS_1,0.4083769633507853,191,7170.392599326372,1114.885727952048
73,1117,2,DCIS_1,0.6708074534161491,161,6935.367678564787,1285.8462619815023
73,1118,2,DCIS_1,0.30612244897959184,147,6700.3427578032015,1285.8462619815023
73,1119,2,DCIS_1,0.4533333333333333,150,6935.367678564787,1114.885727952048
73,1120,2,DCIS_1,0.37988826815642457,179,6700.3427578032015,1114.885727952048
73,1121,1,Stromal,0.3282051282051282,195,7405.417520087957,943.9251939225942
73,1122,2,DCIS_1,0.3717948717948718,78,7229.148829516768,986.6653274299576
73,1123,2,CD8+_T_Cells,0.19298245614035087,57,7111.636369135976,986.6653274299576
73,1124,2,DCIS_1,0.33766233766233766,77,7229.148829516768,901.1850604152307
73,1125,2,Stromal,0.2692307692307692,52,7111.636369135976,901.1850604152307
73,1126,1,Stromal,0.3769230769230769,130,7405.417520087957,772.9646598931402
73,1128,1,Stromal,0.6871165644171779,163,6817.855218183994,858.4449269078672
73,1129,2,Stromal,0.40217391304347827,92,6465.317837041616,1285.8462619815023
73,1130,2,DCIS_1,0.39473684210526316,114,6465.317837041616,1114.885727952048
73,1131,1,Stromal,0.8108108108108109,37,5995.267995518446,1285.8462619815023
73,1132,1,Stromal,0.5873015873015873,63,5760.243074756861,1285.8462619815023
73,1133,1,Stromal,0.6341463414634146,41,5995.267995518446,1114.885727952048
73,1134,1,Stromal,0.6041666666666666,96,5760.243074756861,1114.885727952048
73,1135,1,Stromal,0.4772727272727273,44,6465.317837041616,943.9251939225942
73,1136,1,Stromal,0.5822784810126582,79,6230.292916280031,943.9251939225942
73,1137,1,Stromal,0.7837837837837838,37,6465.317837041616,772.9646598931402
73,1138,2,Stromal,0.2857142857142857,140,6230.292916280031,772.9646598931402
73,1139,2,Stromal,0.22289156626506024,166,5995.267995518446,943.9251939225942
73,1140,1,Stromal,0.631578947368421,57,5760.243074756861,943.9251939225942
73,1141,2,DCIS_2,0.6733668341708543,199,5995.267995518446,772.9646598931402
73,1142,1,Stromal,0.44696969696969696,132,5760.243074756861,772.9646598931402
73,1143,1,Stromal,0.6770833333333334,192,7287.905059707165,516.5238588489592
73,1144,0,Invasive_Tumor,0.5172413793103449,58,6935.367678564787,602.0041258636862
73,1145,0,Invasive_Tumor,0.4805194805194805,77,6700.3427578032015,602.0041258636862
73,1146,1,Stromal,0.6785714285714286,28,6935.367678564787,431.0435918342322
73,1147,1,Stromal,0.5609756097560976,41,6700.3427578032015,431.0435918342322
73,1148,1,Stromal,0.45652173913043476,46,7405.417520087957,260.0830578047782
73,1149,1,Stromal,0.7586206896551724,58,7170.392599326372,260.0830578047782
73,1150,1,Stromal,0.35714285714285715,56,7405.417520087957,89.12252377532423
73,1151,0,Stromal,0.4189189189189189,74,7170.392599326372,89.12252377532423
73,1152,1,Stromal,0.6618705035971223,139,6817.855218183994,174.60279079005122
73,1153,2,Stromal,0.38961038961038963,154,6230.292916280031,602.0041258636862
73,1154,1,Stromal,0.7692307692307693,39,6230.292916280031,431.0435918342322
73,1155,1,Stromal,0.40404040404040403,99,5995.267995518446,602.0041258636862
73,1156,1,Stromal,0.46875,32,5818.999304947257,644.7442593710498
73,1157,1,Stromal,0.7,30,5701.486844566464,644.7442593710498
73,1158,1,CD4+_T_Cells,0.43119266055045874,109,5818.999304947257,559.2639923563227
73,1159,1,Stromal,0.40425531914893614,47,5701.486844566464,559.2639923563227
73,1160,1,Stromal,0.55,20,6054.024225708842,473.7837253415957
73,1161,1,CD4+_T_Cells,0.4896551724137931,145,5936.5117653280495,473.7837253415957
73,1162,1,Stromal,0.6,20,6054.024225708842,388.30345832686874
73,1163,1,CD4+_T_Cells,0.4230769230769231,104,5936.5117653280495,388.30345832686874
73,1164,1,CD4+_T_Cells,0.5069444444444444,144,5818.999304947257,473.7837253415957
73,1165,1,Stromal,0.31343283582089554,67,5701.486844566464,473.7837253415957
73,1166,1,CD4+_T_Cells,0.3173076923076923,104,5818.999304947257,388.30345832686874
73,1167,2,Macrophages_1,0.23170731707317074,82,5701.486844566464,388.30345832686874
73,1168,1,Stromal,0.2596685082872928,181,5995.267995518446,260.0830578047782
73,1169,1,Macrophages_1,0.3125,80,5818.999304947257,302.8231913121417
73,1171,1,CD4+_T_Cells,0.4791666666666667,96,5818.999304947257,217.3429242974147
73,1172,1,CD4+_T_Cells,0.7328767123287672,146,5701.486844566464,217.3429242974147
73,1173,1,Stromal,0.28846153846153844,104,5995.267995518446,89.12252377532423
73,1174,3,CD4+_T_Cells,0.6666666666666666,108,5818.999304947257,131.86265728268774
73,1175,1,CD4+_T_Cells,0.7551020408163265,98,5701.486844566464,131.86265728268774
73,1176,3,CD4+_T_Cells,0.3157894736842105,19,5818.999304947257,46.38239026796073
73,1178,2,DCIS_2,0.41304347826086957,184,5525.218153995275,1285.8462619815023
73,1179,3,DCIS_2,0.8,80,5348.949463424086,1328.5863954888657
73,1180,3,DCIS_2,0.8314606741573034,89,5231.437003043294,1328.5863954888657
73,1181,3,DCIS_2,0.8380952380952381,105,5348.949463424086,1243.1061284741386
73,1182,3,DCIS_2,0.8620689655172413,116,5231.437003043294,1243.1061284741386
73,1183,2,DCIS_2,0.3756906077348066,181,5525.218153995275,1114.885727952048
73,1184,3,DCIS_2,0.7866666666666666,75,5348.949463424086,1157.6258614594117
73,1185,3,DCIS_2,0.953125,64,5231.437003043294,1157.6258614594117
73,1186,2,DCIS_2,0.5151515151515151,66,5348.949463424086,1072.1455944446845
73,1187,3,DCIS_2,0.8666666666666667,60,5231.437003043294,1072.1455944446845
73,1188,2,DCIS_2,0.6686746987951807,166,5055.168312472105,1285.8462619815023
73,1189,1,Stromal,0.64,50,4820.14339171052,1285.8462619815023
73,1190,2,DCIS_2,0.5128205128205128,156,5055.168312472105,1114.885727952048
73,1191,1,Stromal,0.7321428571428571,56,4820.14339171052,1114.885727952048
73,1192,3,DCIS_2,0.8428571428571429,70,5583.974384185672,986.6653274299576
73,1193,3,DCIS_2,0.9647058823529412,85,5466.461923804879,986.6653274299576
73,1194,2,DCIS_2,0.5294117647058824,51,5583.974384185672,901.1850604152307
73,1195,3,DCIS_2,0.9701492537313433,67,5466.461923804879,901.1850604152307
73,1196,2,DCIS_2,0.6,75,5348.949463424086,986.6653274299576
73,1197,2,Myoepi_ACTA2+,0.25,48,5231.437003043294,986.6653274299576
73,1198,0,DCIS_2,0.7384615384615385,65,5348.949463424086,901.1850604152307
73,1199,1,Stromal,0.7297297297297297,37,5231.437003043294,901.1850604152307
73,1201,2,Stromal,0.5517241379310345,29,5348.949463424086,815.7047934005036
73,1202,2,Stromal,0.3389830508474576,59,5231.437003043294,815.7047934005036
73,1203,1,Macrophages_1,0.288135593220339,59,5348.949463424086,730.2245263857767
73,1204,2,DCIS_2,0.35526315789473684,76,5231.437003043294,730.2245263857767
73,1205,1,Stromal,0.5825242718446602,103,5055.168312472105,943.9251939225942
73,1206,1,Stromal,0.8048780487804879,41,4820.14339171052,943.9251939225942
73,1207,2,Stromal,0.3430232558139535,172,5055.168312472105,772.9646598931402
73,1208,1,Stromal,0.5106382978723404,47,4820.14339171052,772.9646598931402
73,1209,1,Stromal,0.5304878048780488,164,4467.606010568142,858.4449269078672
73,1210,2,Stromal,0.37055837563451777,197,5525.218153995275,602.0041258636862
73,1211,1,Stromal,0.25,60,5348.949463424086,644.7442593710498
73,1212,2,CD8+_T_Cells,0.2875,80,5231.437003043294,644.7442593710498
73,1213,2,Stromal,0.24193548387096775,62,5348.949463424086,559.2639923563227
73,1214,1,Stromal,0.32142857142857145,56,5231.437003043294,559.2639923563227
73,1215,2,DCIS_2,0.4069767441860465,86,5583.974384185672,473.7837253415957
73,1216,3,DCIS_2,0.9859154929577465,71,5466.461923804879,473.7837253415957
73,1218,3,DCIS_2,1.0,65,5466.461923804879,388.30345832686874
73,1219,2,DCIS_2,0.3076923076923077,78,5348.949463424086,473.7837253415957
73,1220,2,Stromal,0.3114754098360656,61,5231.437003043294,473.7837253415957
73,1221,2,DCIS_2,0.328125,64,5348.949463424086,388.30345832686874
73,1222,2,Stromal,0.25287356321839083,87,5231.437003043294,388.30345832686874
73,1223,1,Endothelial,0.32653061224489793,49,5113.924542662501,644.7442593710498
73,1224,1,Stromal,0.38666666666666666,75,4996.4120822817085,644.7442593710498
73,1225,1,Stromal,0.3384615384615385,65,5113.924542662501,559.2639923563227
73,1226,1,Stromal,0.2903225806451613,62,4996.4120822817085,559.2639923563227
73,1227,1,Stromal,0.5666666666666667,30,4878.899621900916,644.7442593710498
73,1228,1,Stromal,0.5294117647058824,34,4761.387161520123,644.7442593710498
73,1229,2,CD8+_T_Cells,0.3076923076923077,78,4878.899621900916,559.2639923563227
73,1230,2,Stromal,0.2375,80,4761.387161520123,559.2639923563227
73,1232,2,Myoepi_ACTA2+,0.24675324675324675,77,4996.4120822817085,473.7837253415957
73,1233,2,DCIS_2,0.7105263157894737,76,5113.924542662501,388.30345832686874
73,1234,2,DCIS_2,0.25287356321839083,87,4996.4120822817085,388.30345832686874
73,1235,2,DCIS_2,0.2222222222222222,90,4878.899621900916,473.7837253415957
73,1236,2,DCIS_2,0.5492957746478874,71,4761.387161520123,473.7837253415957
73,1237,2,DCIS_2,0.28431372549019607,102,4878.899621900916,388.30345832686874
73,1238,2,DCIS_2,0.4823529411764706,85,4761.387161520123,388.30345832686874
73,1239,2,DCIS_2,0.42857142857142855,91,5583.974384185672,302.8231913121417
73,1240,2,DCIS_2,0.6333333333333333,60,5466.461923804879,302.8231913121417
73,1241,1,CD4+_T_Cells,0.5354330708661418,127,5583.974384185672,217.3429242974147
73,1242,2,DCIS_2,0.2537313432835821,67,5466.461923804879,217.3429242974147
73,1243,2,DCIS_2,0.5584415584415584,77,5348.949463424086,302.8231913121417
73,1244,2,CD4+_T_Cells,0.2692307692307692,78,5231.437003043294,302.8231913121417
73,1245,3,DCIS_2,0.9629629629629629,54,5348.949463424086,217.3429242974147
73,1246,3,DCIS_2,0.6666666666666666,72,5231.437003043294,217.3429242974147
73,1247,3,CD4+_T_Cells,0.3211009174311927,109,5525.218153995275,89.12252377532423
73,1248,3,DCIS_2,0.6029411764705882,68,5290.19323323369,89.12252377532423
73,1249,2,Stromal,0.3333333333333333,69,5113.924542662501,302.8231913121417
73,1250,2,DCIS_2,0.2839506172839506,81,4996.4120822817085,302.8231913121417
73,1253,3,DCIS_2,0.6582278481012658,79,4878.899621900916,302.8231913121417
73,1254,3,DCIS_2,0.4268292682926829,82,4761.387161520123,302.8231913121417
73,1255,3,Stromal,0.4222222222222222,45,4878.899621900916,217.3429242974147
73,1256,3,Stromal,0.2682926829268293,41,4761.387161520123,217.3429242974147
73,1257,1,Stromal,0.32727272727272727,55,4643.874701139331,644.7442593710498
73,1258,1,CD4+_T_Cells,0.33695652173913043,92,4526.362240758538,644.7442593710498
73,1259,1,CD4+_T_Cells,0.2857142857142857,133,4643.874701139331,559.2639923563227
73,1260,2,CD4+_T_Cells,0.35344827586206895,116,4526.362240758538,559.2639923563227
73,1261,1,CD4+_T_Cells,0.5050505050505051,99,4408.849780377745,644.7442593710498
73,1262,1,CD4+_T_Cells,0.2625,80,4291.337319996953,644.7442593710498
73,1263,2,CD8+_T_Cells,0.25,120,4408.849780377745,559.2639923563227
73,1264,2,CD4+_T_Cells,0.3220338983050847,118,4291.337319996953,559.2639923563227
73,1265,2,CD8+_T_Cells,0.2087912087912088,91,4643.874701139331,473.7837253415957
73,1266,2,DCIS_2,0.3258426966292135,89,4526.362240758538,473.7837253415957
73,1267,2,DCIS_2,0.2235294117647059,85,4643.874701139331,388.30345832686874
73,1268,2,DCIS_2,0.3974358974358974,78,4526.362240758538,388.30345832686874
73,1269,2,CD4+_T_Cells,0.26956521739130435,115,4408.849780377745,473.7837253415957
73,1270,2,DCIS_2,0.618421052631579,76,4291.337319996953,473.7837253415957
73,1271,2,DCIS_2,0.4111111111111111,90,4408.849780377745,388.30345832686874
73,1272,2,CD4+_T_Cells,0.3023255813953488,129,4291.337319996953,388.30345832686874
73,1273,1,CD4+_T_Cells,0.26548672566371684,113,4115.068629425764,602.0041258636862
73,1274,2,DCIS_2,0.23376623376623376,77,4173.82485961616,473.7837253415957
73,1275,1,Stromal,0.42857142857142855,21,4056.3123992353676,473.7837253415957
73,1276,2,DCIS_2,0.2777777777777778,90,4173.82485961616,388.30345832686874
73,1277,1,Stromal,0.5,20,4056.3123992353676,388.30345832686874
73,1278,1,Stromal,0.36363636363636365,33,3880.0437086641787,431.0435918342322
73,1279,2,CD4+_T_Cells,0.20833333333333334,96,4643.874701139331,302.8231913121417
73,1280,2,CD4+_T_Cells,0.26582278481012656,79,4526.362240758538,302.8231913121417
73,1281,3,CD4+_T_Cells,0.38235294117647056,34,4643.874701139331,217.3429242974147
73,1282,3,DCIS_2,0.4,20,4526.362240758538,217.3429242974147
73,1283,3,DCIS_2,0.2676056338028169,71,4408.849780377745,302.8231913121417
73,1284,3,B_Cells,0.21428571428571427,112,4291.337319996953,302.8231913121417
73,1285,3,DCIS_1,0.47058823529411764,17,4408.849780377745,217.3429242974147
73,1286,3,Stromal,0.3333333333333333,9,4291.337319996953,217.3429242974147
73,1287,1,CD4+_T_Cells,0.2795031055900621,161,3997.5561690449713,174.60279079005122
73,1288,1,Stromal,0.6464646464646465,99,3645.0187879025934,2653.530534217134
73,1289,1,Stromal,0.8636363636363636,66,3409.993867141008,2653.530534217134
73,1290,2,Myoepi_ACTA2+,0.4107142857142857,56,3703.7750180929897,2525.310133695043
73,1291,3,DCIS_2,0.36,75,3586.262557712197,2525.310133695043
73,1292,2,Myoepi_ACTA2+,0.3150684931506849,73,3703.7750180929897,2439.8298666803166
73,1293,2,Stromal,0.40384615384615385,52,3586.262557712197,2439.8298666803166
73,1294,1,Stromal,0.7105263157894737,76,3409.993867141008,2482.57000018768
73,1295,1,Stromal,0.9298245614035088,57,3174.968946379423,2653.530534217134
73,1296,1,Stromal,0.7619047619047619,168,2939.9440256178377,2653.530534217134
73,1297,1,Stromal,0.7831325301204819,83,3174.968946379423,2482.57000018768
73,1298,1,Stromal,0.7092198581560284,141,2939.9440256178377,2482.57000018768
73,1299,1,Stromal,0.7837837837837838,74,3645.0187879025934,2311.609466158226
73,1300,1,Stromal,0.782608695652174,46,3409.993867141008,2311.609466158226
73,1301,0,Stromal,0.4639175257731959,97,3645.0187879025934,2140.6489321287722
73,1302,1,Stromal,1.0,33,3409.993867141008,2140.6489321287722
73,1303,1,Stromal,0.8181818181818182,44,3174.968946379423,2311.609466158226
73,1304,1,Stromal,0.3945945945945946,185,2939.9440256178377,2311.609466158226
73,1306,1,Stromal,0.49523809523809526,105,2939.9440256178377,2140.6489321287722
73,1307,2,Stromal,0.6122448979591837,98,2763.675335046649,2696.270667724498
73,1308,1,Stromal,0.8484848484848485,66,2646.162874665856,2696.270667724498
73,1309,1,Stromal,0.9714285714285714,35,2763.675335046649,2610.7904007097704
73,1310,1,Stromal,0.918918918918919,37,2646.162874665856,2610.7904007097704
73,1312,1,Stromal,0.7166666666666667,180,2704.9191048562525,2482.57000018768
73,1313,1,Stromal,0.8461538461538461,78,2469.8941840946673,2482.57000018768
73,1314,1,Stromal,0.22988505747126436,87,2293.6254935234783,2696.270667724498
73,1315,1,Stromal,0.3148148148148148,54,2176.1130331426857,2696.270667724498
73,1316,1,Stromal,0.5,64,2293.6254935234783,2610.7904007097704
73,1317,1,Stromal,0.23076923076923078,78,2176.1130331426857,2610.7904007097704
73,1318,1,Stromal,0.6875,48,2058.600572761893,2696.270667724498
73,1319,2,Stromal,0.6888888888888889,45,1941.0881123811005,2696.270667724498
73,1320,1,Stromal,0.7142857142857143,63,2058.600572761893,2610.7904007097704
73,1322,1,Stromal,0.37142857142857144,70,2293.6254935234783,2525.310133695043
73,1323,1,Stromal,0.3114754098360656,61,2176.1130331426857,2525.310133695043
73,1324,1,Stromal,0.45098039215686275,51,2293.6254935234783,2439.8298666803166
73,1325,1,CD8+_T_Cells,0.3389830508474576,59,2176.1130331426857,2439.8298666803166
73,1326,1,Stromal,0.7241379310344828,58,2058.600572761893,2525.310133695043
73,1327,2,Stromal,0.4915254237288136,59,1941.0881123811005,2525.310133695043
73,1328,1,Stromal,0.3958333333333333,48,2058.600572761893,2439.8298666803166
73,1329,1,Stromal,0.47761194029850745,67,1941.0881123811005,2439.8298666803166
73,1330,1,Stromal,0.6223776223776224,143,2704.9191048562525,2311.609466158226
73,1331,0,Stromal,0.6263736263736264,91,2469.8941840946673,2311.609466158226
73,1332,1,Stromal,0.42857142857142855,147,2704.9191048562525,2140.6489321287722
73,1333,0,Invasive_Tumor,0.8703703703703703,54,2528.6504142850636,2183.3890656361355
73,1334,0,Invasive_Tumor,0.7288135593220338,59,2411.137953904271,2183.3890656361355
73,1335,0,Invasive_Tumor,0.7222222222222222,54,2528.6504142850636,2097.908798621409
73,1336,0,Invasive_Tumor,0.546875,64,2411.137953904271,2097.908798621409
73,1337,0,Stromal,0.5138888888888888,144,2234.869263333082,2311.609466158226
73,1338,1,Stromal,0.5211267605633803,142,1999.8443425714968,2311.609466158226
73,1339,0,Invasive_Tumor,0.5573770491803278,183,2234.869263333082,2140.6489321287722
73,1340,0,Invasive_Tumor,0.4067796610169492,118,1999.8443425714968,2140.6489321287722
73,1341,0,Stromal,0.47244094488188976,127,3645.0187879025934,1969.6883980993184
73,1342,1,Stromal,0.64,25,3468.7500973314045,2012.4285316066819
73,1343,0,Invasive_Tumor,0.56,50,3351.237636950612,2012.4285316066819
73,1344,0,Invasive_Tumor,0.8275862068965517,58,3468.7500973314045,1926.9482645919547
73,1345,3,Invasive_Tumor,0.8904109589041096,73,3351.237636950612,1926.9482645919547
73,1346,0,Stromal,0.3673469387755102,98,3645.0187879025934,1798.7278640698642
73,1347,3,Invasive_Tumor,0.921875,64,3468.7500973314045,1841.4679975772278
73,1348,3,Invasive_Tumor,0.9482758620689655,58,3351.237636950612,1841.4679975772278
73,1349,0,Invasive_Tumor,0.3050847457627119,59,3468.7500973314045,1755.9877305625007
73,1350,0,Invasive_Tumor,0.5964912280701754,57,3351.237636950612,1755.9877305625007
73,1351,0,Invasive_Tumor,0.7903225806451613,62,3233.7251765698193,2012.4285316066819
73,1352,0,Invasive_Tumor,0.8846153846153846,52,3116.2127161890267,2012.4285316066819
73,1353,3,Invasive_Tumor,0.9830508474576272,59,3233.7251765698193,1926.9482645919547
73,1354,3,Invasive_Tumor,0.9482758620689655,58,3116.2127161890267,1926.9482645919547
73,1355,0,Invasive_Tumor,0.5508982035928144,167,2939.9440256178377,1969.6883980993184
73,1356,3,Invasive_Tumor,1.0,69,3233.7251765698193,1841.4679975772278
73,1357,3,Invasive_Tumor,0.9661016949152542,59,3116.2127161890267,1841.4679975772278
73,1358,0,Invasive_Tumor,0.8367346938775511,49,3233.7251765698193,1755.9877305625007
73,1359,0,Invasive_Tumor,0.8783783783783784,74,3116.2127161890267,1755.9877305625007
73,1360,3,Invasive_Tumor,0.9473684210526315,76,2998.700255808234,1841.4679975772278
73,1361,0,Invasive_Tumor,0.85,60,2881.1877954274414,1841.4679975772278
73,1363,0,Invasive_Tumor,0.5573770491803278,61,2881.1877954274414,1755.9877305625007
73,1364,0,Invasive_Tumor,0.6666666666666666,42,3703.7750180929897,1670.5074635477738
73,1365,0,Invasive_Tumor,0.6363636363636364,55,3586.262557712197,1670.5074635477738
73,1366,0,Invasive_Tumor,0.8533333333333334,75,3703.7750180929897,1585.0271965330467
73,1367,0,Invasive_Tumor,0.7454545454545455,55,3586.262557712197,1585.0271965330467
73,1368,0,Invasive_Tumor,0.6666666666666666,57,3468.7500973314045,1670.5074635477738
73,1369,0,Invasive_Tumor,0.7727272727272727,44,3351.237636950612,1670.5074635477738
73,1370,0,Invasive_Tumor,0.6756756756756757,74,3468.7500973314045,1585.0271965330467
73,1371,0,Invasive_Tumor,0.847457627118644,59,3351.237636950612,1585.0271965330467
73,1372,0,Invasive_Tumor,0.3,60,3703.7750180929897,1499.5469295183198
73,1373,0,Invasive_Tumor,0.8028169014084507,71,3586.262557712197,1499.5469295183198
73,1374,0,Invasive_Tumor,0.7380952380952381,84,3703.7750180929897,1414.0666625035926
73,1375,0,Invasive_Tumor,0.8,70,3586.262557712197,1414.0666625035926
73,1376,0,Invasive_Tumor,0.7540983606557377,61,3468.7500973314045,1499.5469295183198
73,1377,0,Invasive_Tumor,0.8354430379746836,79,3351.237636950612,1499.5469295183198
73,1378,0,Invasive_Tumor,0.855072463768116,69,3468.7500973314045,1414.0666625035926
73,1379,0,Invasive_Tumor,0.7012987012987013,77,3351.237636950612,1414.0666625035926
73,1380,0,Invasive_Tumor,0.3137254901960784,51,3233.7251765698193,1670.5074635477738
73,1381,0,Invasive_Tumor,0.35064935064935066,77,3116.2127161890267,1670.5074635477738
73,1382,0,Invasive_Tumor,0.7261904761904762,84,3233.7251765698193,1585.0271965330467
73,1383,0,Invasive_Tumor,0.4745762711864407,59,3116.2127161890267,1585.0271965330467
73,1384,0,Invasive_Tumor,0.673469387755102,196,2939.9440256178377,1627.7673300404103
73,1385,0,Invasive_Tumor,0.6923076923076923,65,3233.7251765698193,1499.5469295183198
73,1386,0,Invasive_Tumor,0.825,80,3116.2127161890267,1499.5469295183198
73,1387,0,Invasive_Tumor,0.8208955223880597,67,3233.7251765698193,1414.0666625035926
73,1388,0,Invasive_Tumor,0.828125,64,3116.2127161890267,1414.0666625035926
73,1389,0,Invasive_Tumor,0.6585365853658537,82,2998.700255808234,1499.5469295183198
73,1390,0,Invasive_Tumor,0.765625,64,2881.1877954274414,1499.5469295183198
73,1391,0,Invasive_Tumor,0.6825396825396826,63,2998.700255808234,1414.0666625035926
73,1392,0,Invasive_Tumor,0.5333333333333333,45,2881.1877954274414,1414.0666625035926
73,1393,0,Stromal,0.2727272727272727,176,2704.9191048562525,1969.6883980993184
73,1394,0,Invasive_Tumor,0.35947712418300654,153,2469.8941840946673,1969.6883980993184
73,1395,0,Invasive_Tumor,0.2215909090909091,176,2704.9191048562525,1798.7278640698642
73,1396,0,Invasive_Tumor,0.30256410256410254,195,2469.8941840946673,1798.7278640698642
73,1397,0,Invasive_Tumor,0.45595854922279794,193,2234.869263333082,1969.6883980993184
73,1398,0,Invasive_Tumor,0.7093023255813954,172,1999.8443425714968,1969.6883980993184
73,1399,1,Macrophages_1,0.45,40,2293.6254935234783,1841.4679975772278
73,1400,0,Invasive_Tumor,0.3333333333333333,63,2176.1130331426857,1841.4679975772278
73,1401,0,Invasive_Tumor,0.813953488372093,43,2293.6254935234783,1755.9877305625007
73,1402,0,Invasive_Tumor,0.8857142857142857,70,2176.1130331426857,1755.9877305625007
73,1403,0,Invasive_Tumor,0.9629629629629629,54,2058.600572761893,1841.4679975772278
73,1404,3,Invasive_Tumor,1.0,60,1941.0881123811005,1841.4679975772278
73,1405,0,Invasive_Tumor,0.7611940298507462,67,2058.600572761893,1755.9877305625007
73,1406,0,Invasive_Tumor,0.7962962962962963,54,1941.0881123811005,1755.9877305625007
73,1407,0,Invasive_Tumor,0.5401069518716578,187,2704.9191048562525,1627.7673300404103
73,1408,0,Invasive_Tumor,0.36363636363636365,44,2528.6504142850636,1670.5074635477738
73,1409,0,Invasive_Tumor,0.8813559322033898,59,2411.137953904271,1670.5074635477738
73,1410,0,Invasive_Tumor,0.45161290322580644,62,2528.6504142850636,1585.0271965330467
73,1411,0,Invasive_Tumor,0.8987341772151899,79,2411.137953904271,1585.0271965330467
73,1412,0,Invasive_Tumor,0.6730769230769231,52,2763.675335046649,1499.5469295183198
73,1413,0,Invasive_Tumor,0.5970149253731343,67,2646.162874665856,1499.5469295183198
73,1414,0,Invasive_Tumor,0.55,60,2763.675335046649,1414.0666625035926
73,1415,0,Invasive_Tumor,0.68,75,2646.162874665856,1414.0666625035926
73,1416,0,Invasive_Tumor,0.625,72,2528.6504142850636,1499.5469295183198
73,1417,0,Invasive_Tumor,0.6060606060606061,66,2411.137953904271,1499.5469295183198
73,1418,0,Invasive_Tumor,0.5932203389830508,59,2528.6504142850636,1414.0666625035926
73,1419,0,Invasive_Tumor,0.6338028169014085,71,2411.137953904271,1414.0666625035926
73,1420,3,Invasive_Tumor,0.9420289855072463,69,2293.6254935234783,1670.5074635477738
73,1421,0,Invasive_Tumor,0.7090909090909091,55,2176.1130331426857,1670.5074635477738
73,1422,0,Invasive_Tumor,0.5833333333333334,60,2293.6254935234783,1585.0271965330467
73,1423,0,Invasive_Tumor,0.5,40,2176.1130331426857,1585.0271965330467
73,1424,0,Stromal,0.3488372093023256,43,2058.600572761893,1670.5074635477738
73,1425,0,Invasive_Tumor,0.5961538461538461,52,1941.0881123811005,1670.5074635477738
73,1426,0,Macrophages_1,0.22413793103448276,58,2058.600572761893,1585.0271965330467
73,1427,0,Invasive_Tumor,0.47058823529411764,68,1941.0881123811005,1585.0271965330467
73,1428,0,Invasive_Tumor,0.5212765957446809,188,2234.869263333082,1456.806796010956
73,1430,0,Invasive_Tumor,0.7419354838709677,62,1941.0881123811005,1499.5469295183198
73,1431,0,Invasive_Tumor,0.7384615384615385,65,2058.600572761893,1414.0666625035926
73,1432,0,Invasive_Tumor,0.6551724137931034,58,1941.0881123811005,1414.0666625035926
73,1433,2,Stromal,0.4025974025974026,77,1823.5756520003079,2696.270667724498
73,1434,1,CD4+_T_Cells,0.2980769230769231,104,1706.0631916195152,2696.270667724498
73,1435,2,Stromal,0.35135135135135137,74,1823.5756520003079,2610.7904007097704
73,1436,1,Stromal,0.3246753246753247,77,1706.0631916195152,2610.7904007097704
73,1437,0,Stromal,0.3812154696132597,181,1529.7945010483263,2653.530534217134
73,1438,2,Myoepi_ACTA2+,0.2976190476190476,84,1823.5756520003079,2525.310133695043
73,1439,1,Stromal,0.5384615384615384,39,1706.0631916195152,2525.310133695043
73,1440,2,Stromal,0.33980582524271846,103,1823.5756520003079,2439.8298666803166
73,1441,1,Stromal,0.8064516129032258,31,1706.0631916195152,2439.8298666803166
73,1442,1,Stromal,0.5609756097560976,41,1588.5507312387226,2525.310133695043
73,1443,0,Invasive_Tumor,0.28125,96,1471.03827085793,2525.310133695043
73,1444,1,Stromal,0.41379310344827586,29,1588.5507312387226,2439.8298666803166
73,1445,0,Invasive_Tumor,0.6136363636363636,44,1471.03827085793,2439.8298666803166
73,1446,0,Invasive_Tumor,0.6716417910447762,67,1353.5258104771374,2696.270667724498
73,1447,0,Invasive_Tumor,0.35526315789473684,76,1236.0133500963448,2696.270667724498
73,1448,0,Invasive_Tumor,0.8571428571428571,63,1353.5258104771374,2610.7904007097704
73,1449,0,Invasive_Tumor,0.8450704225352113,71,1236.0133500963448,2610.7904007097704
73,1450,0,Invasive_Tumor,0.5543478260869565,92,1118.5008897155521,2696.270667724498
73,1451,0,Invasive_Tumor,0.6052631578947368,76,1000.9884293347595,2696.270667724498
73,1452,0,Invasive_Tumor,0.8701298701298701,77,1118.5008897155521,2610.7904007097704
73,1453,0,Invasive_Tumor,0.6338028169014085,71,1000.9884293347595,2610.7904007097704
73,1454,0,Invasive_Tumor,0.6037735849056604,53,1353.5258104771374,2525.310133695043
73,1455,0,Invasive_Tumor,0.4126984126984127,63,1236.0133500963448,2525.310133695043
73,1456,0,Invasive_Tumor,0.6078431372549019,51,1353.5258104771374,2439.8298666803166
73,1457,0,Invasive_Tumor,0.4266666666666667,75,1236.0133500963448,2439.8298666803166
73,1458,0,Invasive_Tumor,0.6909090909090909,55,1118.5008897155521,2525.310133695043
73,1459,0,Invasive_Tumor,0.5522388059701493,67,1000.9884293347595,2525.310133695043
73,1460,0,Invasive_Tumor,0.8285714285714286,70,1118.5008897155521,2439.8298666803166
73,1461,0,Invasive_Tumor,0.7272727272727273,66,1000.9884293347595,2439.8298666803166
73,1463,0,Stromal,0.5714285714285714,49,1706.0631916195152,2354.3495996655893
73,1464,0,Invasive_Tumor,0.6612903225806451,62,1823.5756520003079,2268.869332650863
73,1465,0,Invasive_Tumor,0.8181818181818182,55,1706.0631916195152,2268.869332650863
73,1466,0,Stromal,0.3684210526315789,38,1588.5507312387226,2354.3495996655893
73,1467,0,Invasive_Tumor,0.6,60,1471.03827085793,2354.3495996655893
73,1468,0,Invasive_Tumor,0.703125,64,1588.5507312387226,2268.869332650863
73,1469,0,Invasive_Tumor,0.5957446808510638,47,1471.03827085793,2268.869332650863
73,1471,0,Invasive_Tumor,0.7580645161290323,62,1706.0631916195152,2183.3890656361355
73,1472,0,Invasive_Tumor,0.6774193548387096,62,1823.5756520003079,2097.908798621409
73,1473,0,Invasive_Tumor,0.640625,64,1706.0631916195152,2097.908798621409
73,1474,0,Invasive_Tumor,0.676923076923077,65,1588.5507312387226,2183.3890656361355
73,1475,0,Invasive_Tumor,0.43478260869565216,46,1471.03827085793,2183.3890656361355
73,1476,0,Invasive_Tumor,0.2875,80,1588.5507312387226,2097.908798621409
73,1477,0,Invasive_Tumor,0.6896551724137931,58,1471.03827085793,2097.908798621409
73,1478,0,Invasive_Tumor,0.6363636363636364,66,1353.5258104771374,2354.3495996655893
73,1479,0,Invasive_Tumor,0.5901639344262295,61,1236.0133500963448,2354.3495996655893
73,1480,0,Invasive_Tumor,0.6346153846153846,52,1353.5258104771374,2268.869332650863
73,1481,0,Invasive_Tumor,0.4642857142857143,56,1236.0133500963448,2268.869332650863
73,1483,0,Invasive_Tumor,0.546875,64,1000.9884293347595,2354.3495996655893
73,1484,0,Invasive_Tumor,0.6440677966101694,59,1118.5008897155521,2268.869332650863
73,1485,0,Invasive_Tumor,0.2222222222222222,90,1000.9884293347595,2268.869332650863
73,1486,0,Invasive_Tumor,0.5510204081632653,49,1353.5258104771374,2183.3890656361355
73,1487,0,Invasive_Tumor,0.6923076923076923,52,1236.0133500963448,2183.3890656361355
73,1488,0,Invasive_Tumor,0.4807692307692308,52,1353.5258104771374,2097.908798621409
73,1489,0,Invasive_Tumor,0.8095238095238095,63,1236.0133500963448,2097.908798621409
73,1490,0,Invasive_Tumor,0.8169014084507042,71,1118.5008897155521,2183.3890656361355
73,1491,0,Invasive_Tumor,0.7142857142857143,70,1000.9884293347595,2183.3890656361355
73,1492,0,Invasive_Tumor,0.8387096774193549,62,1118.5008897155521,2097.908798621409
73,1493,0,Invasive_Tumor,0.8507462686567164,67,1000.9884293347595,2097.908798621409
73,1495,0,Invasive_Tumor,0.5714285714285714,63,765.9635085731744,2696.270667724498
73,1496,0,Invasive_Tumor,0.7123287671232876,73,883.475968953967,2610.7904007097704
73,1497,0,Invasive_Tumor,0.7910447761194029,67,765.9635085731744,2610.7904007097704
73,1498,0,Stromal,0.35714285714285715,56,648.4510481923818,2696.270667724498
73,1499,0,Invasive_Tumor,0.36538461538461536,52,530.9385878115892,2696.270667724498
73,1500,0,Invasive_Tumor,0.5409836065573771,61,648.4510481923818,2610.7904007097704
73,1501,0,Invasive_Tumor,0.48717948717948717,39,530.9385878115892,2610.7904007097704
73,1502,0,Invasive_Tumor,0.7017543859649122,57,883.475968953967,2525.310133695043
73,1503,0,Invasive_Tumor,0.6530612244897959,49,765.9635085731744,2525.310133695043
73,1504,0,Invasive_Tumor,0.3684210526315789,57,883.475968953967,2439.8298666803166
73,1505,0,Invasive_Tumor,0.7941176470588235,68,765.9635085731744,2439.8298666803166
73,1506,0,Invasive_Tumor,0.7368421052631579,76,648.4510481923818,2525.310133695043
73,1507,0,Invasive_Tumor,0.6029411764705882,68,530.9385878115892,2525.310133695043
73,1509,0,Invasive_Tumor,0.6024096385542169,83,530.9385878115892,2439.8298666803166
73,1510,0,Invasive_Tumor,0.24193548387096775,62,413.4261274307966,2696.270667724498
73,1511,0,CD4+_T_Cells,0.23853211009174313,109,295.913667050004,2696.270667724498
73,1512,0,Macrophages_1,0.32,75,413.4261274307966,2610.7904007097704
73,1513,0,Invasive_Tumor,0.3181818181818182,88,295.913667050004,2610.7904007097704
73,1514,1,CD4+_T_Cells,0.3,120,178.40120666921138,2696.270667724498
73,1515,1,CD4+_T_Cells,0.23529411764705882,102,60.888746288418766,2696.270667724498
73,1516,2,Myoepi_ACTA2+,0.26595744680851063,94,178.40120666921138,2610.7904007097704
73,1518,0,Invasive_Tumor,0.5833333333333334,72,413.4261274307966,2525.310133695043
73,1519,2,DCIS_2,0.5735294117647058,68,295.913667050004,2525.310133695043
73,1520,0,Invasive_Tumor,0.3375,80,413.4261274307966,2439.8298666803166
73,1521,2,DCIS_2,0.3181818181818182,66,295.913667050004,2439.8298666803166
73,1522,3,DCIS_2,0.8933333333333333,75,178.40120666921138,2525.310133695043
73,1523,2,Stromal,0.375,72,60.888746288418766,2525.310133695043
73,1524,2,Myoepi_ACTA2+,0.32954545454545453,88,178.40120666921138,2439.8298666803166
73,1525,2,DCIS_2,0.2976190476190476,84,60.888746288418766,2439.8298666803166
73,1526,0,Stromal,0.23,100,883.475968953967,2354.3495996655893
73,1527,0,Invasive_Tumor,0.6833333333333333,60,765.9635085731744,2354.3495996655893
73,1528,0,Invasive_Tumor,0.5606060606060606,66,883.475968953967,2268.869332650863
73,1529,0,Invasive_Tumor,0.8382352941176471,68,765.9635085731744,2268.869332650863
73,1530,0,Invasive_Tumor,0.5606060606060606,66,648.4510481923818,2354.3495996655893
73,1531,0,Invasive_Tumor,0.8311688311688312,77,530.9385878115892,2354.3495996655893
73,1532,0,Invasive_Tumor,0.43283582089552236,67,648.4510481923818,2268.869332650863
73,1534,0,Invasive_Tumor,0.6415094339622641,53,883.475968953967,2183.3890656361355
73,1535,0,Invasive_Tumor,0.6615384615384615,65,765.9635085731744,2183.3890656361355
73,1536,0,Invasive_Tumor,0.47761194029850745,67,883.475968953967,2097.908798621409
73,1537,0,Invasive_Tumor,0.8615384615384616,65,765.9635085731744,2097.908798621409
73,1538,0,Invasive_Tumor,0.3707865168539326,89,648.4510481923818,2183.3890656361355
73,1539,0,Invasive_Tumor,0.5256410256410257,78,530.9385878115892,2183.3890656361355
73,1540,0,Invasive_Tumor,0.859375,64,648.4510481923818,2097.908798621409
73,1541,0,Invasive_Tumor,0.38461538461538464,78,530.9385878115892,2097.908798621409
73,1542,0,CD4+_T_Cells,0.2222222222222222,108,413.4261274307966,2354.3495996655893
73,1543,2,Stromal,0.27710843373493976,83,295.913667050004,2354.3495996655893
73,1544,0,Invasive_Tumor,0.3333333333333333,93,413.4261274307966,2268.869332650863
73,1545,1,Macrophages_1,0.27358490566037735,106,295.913667050004,2268.869332650863
73,1546,2,Myoepi_ACTA2+,0.4270833333333333,96,178.40120666921138,2354.3495996655893
73,1547,2,DCIS_2,0.23958333333333334,96,60.888746288418766,2354.3495996655893
73,1548,2,Myoepi_ACTA2+,0.38028169014084506,71,178.40120666921138,2268.869332650863
73,1549,2,Myoepi_ACTA2+,0.21568627450980393,102,60.888746288418766,2268.869332650863
73,1551,0,Invasive_Tumor,0.21238938053097345,113,295.913667050004,2183.3890656361355
73,1552,0,Invasive_Tumor,0.21,100,413.4261274307966,2097.908798621409
73,1553,0,Invasive_Tumor,0.4186046511627907,86,295.913667050004,2097.908798621409
73,1554,2,Stromal,0.26506024096385544,83,178.40120666921138,2183.3890656361355
73,1555,2,Stromal,0.17105263157894737,76,60.888746288418766,2183.3890656361355
73,1556,0,Invasive_Tumor,0.2857142857142857,63,178.40120666921138,2097.908798621409
73,1557,2,Stromal,0.23655913978494625,93,60.888746288418766,2097.908798621409
73,1558,0,Invasive_Tumor,0.7971014492753623,69,1823.5756520003079,2012.4285316066819
73,1559,0,Invasive_Tumor,0.7735849056603774,53,1706.0631916195152,2012.4285316066819
73,1560,1,Invasive_Tumor,0.475,40,1823.5756520003079,1926.9482645919547
73,1561,0,Invasive_Tumor,0.7692307692307693,65,1706.0631916195152,1926.9482645919547
73,1562,0,Invasive_Tumor,0.75,60,1588.5507312387226,2012.4285316066819
73,1563,0,Invasive_Tumor,0.7543859649122807,57,1471.03827085793,2012.4285316066819
73,1564,0,Invasive_Tumor,0.7627118644067796,59,1588.5507312387226,1926.9482645919547
73,1565,0,Invasive_Tumor,0.746031746031746,63,1471.03827085793,1926.9482645919547
73,1566,0,Invasive_Tumor,0.8103448275862069,58,1823.5756520003079,1841.4679975772278
73,1567,0,Invasive_Tumor,0.78125,64,1706.0631916195152,1841.4679975772278
73,1568,0,Invasive_Tumor,0.9206349206349206,63,1823.5756520003079,1755.9877305625007
73,1569,0,Invasive_Tumor,0.5909090909090909,44,1706.0631916195152,1755.9877305625007
73,1570,0,Invasive_Tumor,0.7384615384615385,65,1588.5507312387226,1841.4679975772278
73,1571,0,Invasive_Tumor,0.75,52,1471.03827085793,1841.4679975772278
73,1572,0,Invasive_Tumor,0.7083333333333334,72,1588.5507312387226,1755.9877305625007
73,1573,0,Invasive_Tumor,0.7169811320754716,53,1471.03827085793,1755.9877305625007
73,1574,0,Invasive_Tumor,0.5,62,1353.5258104771374,2012.4285316066819
73,1575,0,Invasive_Tumor,0.6507936507936508,63,1236.0133500963448,2012.4285316066819
73,1576,0,Invasive_Tumor,0.5094339622641509,53,1353.5258104771374,1926.9482645919547
73,1577,0,Invasive_Tumor,0.8421052631578947,57,1236.0133500963448,1926.9482645919547
73,1578,0,Invasive_Tumor,0.5645161290322581,62,1118.5008897155521,2012.4285316066819
73,1579,0,Invasive_Tumor,0.819672131147541,61,1000.9884293347595,2012.4285316066819
73,1580,0,Invasive_Tumor,0.7758620689655172,58,1118.5008897155521,1926.9482645919547
73,1581,0,Invasive_Tumor,0.746031746031746,63,1000.9884293347595,1926.9482645919547
73,1582,0,Invasive_Tumor,0.8793103448275862,58,1353.5258104771374,1841.4679975772278
73,1583,0,Invasive_Tumor,0.62,50,1236.0133500963448,1841.4679975772278
73,1584,0,Invasive_Tumor,0.6470588235294118,68,1353.5258104771374,1755.9877305625007
73,1585,0,Invasive_Tumor,0.5223880597014925,67,1236.0133500963448,1755.9877305625007
73,1586,0,Invasive_Tumor,0.7878787878787878,66,1118.5008897155521,1841.4679975772278
73,1587,0,Invasive_Tumor,0.6623376623376623,77,1000.9884293347595,1841.4679975772278
73,1588,0,Invasive_Tumor,0.6825396825396826,63,1118.5008897155521,1755.9877305625007
73,1589,0,Invasive_Tumor,0.7875,80,1000.9884293347595,1755.9877305625007
73,1590,0,Invasive_Tumor,0.48,50,1823.5756520003079,1670.5074635477738
73,1591,0,Invasive_Tumor,0.6727272727272727,55,1706.0631916195152,1670.5074635477738
73,1592,0,Invasive_Tumor,0.8181818181818182,66,1823.5756520003079,1585.0271965330467
73,1593,0,Invasive_Tumor,0.7213114754098361,61,1706.0631916195152,1585.0271965330467
73,1594,0,Invasive_Tumor,0.46987951807228917,83,1588.5507312387226,1670.5074635477738
73,1595,0,Invasive_Tumor,0.9285714285714286,84,1471.03827085793,1670.5074635477738
73,1596,0,Invasive_Tumor,0.54,50,1588.5507312387226,1585.0271965330467
73,1597,0,Invasive_Tumor,0.7920792079207921,101,1471.03827085793,1585.0271965330467
73,1598,0,Invasive_Tumor,0.7884615384615384,52,1823.5756520003079,1499.5469295183198
73,1599,0,Invasive_Tumor,0.3230769230769231,65,1706.0631916195152,1499.5469295183198
73,1600,0,Invasive_Tumor,0.6296296296296297,54,1823.5756520003079,1414.0666625035926
73,1601,0,Invasive_Tumor,0.7090909090909091,55,1706.0631916195152,1414.0666625035926
73,1602,0,Invasive_Tumor,0.6842105263157895,57,1588.5507312387226,1499.5469295183198
73,1603,0,Invasive_Tumor,0.5230769230769231,65,1471.03827085793,1499.5469295183198
73,1604,0,Stromal,0.39215686274509803,51,1588.5507312387226,1414.0666625035926
73,1605,0,Invasive_Tumor,0.7096774193548387,62,1471.03827085793,1414.0666625035926
73,1606,0,Invasive_Tumor,0.4,75,1353.5258104771374,1670.5074635477738
73,1607,0,Invasive_Tumor,0.75,68,1236.0133500963448,1670.5074635477738
73,1608,0,Invasive_Tumor,0.5454545454545454,77,1353.5258104771374,1585.0271965330467
73,1610,0,Invasive_Tumor,0.5324675324675324,77,1118.5008897155521,1670.5074635477738
73,1611,0,Invasive_Tumor,0.62,50,1000.9884293347595,1670.5074635477738
73,1612,0,Invasive_Tumor,0.6206896551724138,58,1118.5008897155521,1585.0271965330467
73,1613,0,Invasive_Tumor,0.31868131868131866,91,1000.9884293347595,1585.0271965330467
73,1614,0,Invasive_Tumor,0.618421052631579,76,1353.5258104771374,1499.5469295183198
73,1615,0,Invasive_Tumor,0.7777777777777778,45,1236.0133500963448,1499.5469295183198
73,1616,0,Invasive_Tumor,0.3559322033898305,59,1353.5258104771374,1414.0666625035926
73,1617,0,Invasive_Tumor,0.6935483870967742,62,1236.0133500963448,1414.0666625035926
73,1618,0,Invasive_Tumor,0.8356164383561644,73,1118.5008897155521,1499.5469295183198
73,1619,0,Invasive_Tumor,0.717948717948718,78,1000.9884293347595,1499.5469295183198
73,1620,0,Invasive_Tumor,0.6724137931034483,58,1118.5008897155521,1414.0666625035926
73,1621,0,Invasive_Tumor,0.6521739130434783,69,1000.9884293347595,1414.0666625035926
73,1622,0,Invasive_Tumor,0.6666666666666666,54,883.475968953967,2012.4285316066819
73,1623,0,Invasive_Tumor,0.7575757575757576,66,765.9635085731744,2012.4285316066819
73,1624,0,Invasive_Tumor,0.7049180327868853,61,883.475968953967,1926.9482645919547
73,1625,0,Invasive_Tumor,0.8870967741935484,62,765.9635085731744,1926.9482645919547
73,1626,0,Invasive_Tumor,0.6557377049180327,61,648.4510481923818,2012.4285316066819
73,1628,0,Invasive_Tumor,0.8245614035087719,57,648.4510481923818,1926.9482645919547
73,1629,0,Invasive_Tumor,0.696969696969697,66,530.9385878115892,1926.9482645919547
73,1630,0,Invasive_Tumor,0.7547169811320755,53,883.475968953967,1841.4679975772278
73,1631,0,Invasive_Tumor,0.6338028169014085,71,765.9635085731744,1841.4679975772278
73,1632,0,Invasive_Tumor,0.7391304347826086,69,883.475968953967,1755.9877305625007
73,1633,0,Invasive_Tumor,0.78125,64,765.9635085731744,1755.9877305625007
73,1635,0,Invasive_Tumor,0.3492063492063492,63,530.9385878115892,1841.4679975772278
73,1636,0,Invasive_Tumor,0.3333333333333333,54,648.4510481923818,1755.9877305625007
73,1638,0,CD4+_T_Cells,0.2543859649122807,114,413.4261274307966,2012.4285316066819
73,1639,0,CD4+_T_Cells,0.25,52,295.913667050004,2012.4285316066819
73,1640,0,CD4+_T_Cells,0.2871287128712871,101,413.4261274307966,1926.9482645919547
73,1642,0,Invasive_Tumor,0.3181818181818182,66,178.40120666921138,2012.4285316066819
73,1643,2,Myoepi_ACTA2+,0.2222222222222222,81,60.888746288418766,2012.4285316066819
73,1644,0,CD4+_T_Cells,0.32978723404255317,94,178.40120666921138,1926.9482645919547
73,1645,2,Stromal,0.2028985507246377,69,60.888746288418766,1926.9482645919547
73,1646,0,Invasive_Tumor,0.2894736842105263,76,413.4261274307966,1841.4679975772278
73,1647,0,CD4+_T_Cells,0.32075471698113206,106,295.913667050004,1841.4679975772278
73,1648,0,Endothelial,0.2459016393442623,61,413.4261274307966,1755.9877305625007
73,1649,0,Macrophages_1,0.2916666666666667,96,295.913667050004,1755.9877305625007
73,1650,2,Myoepi_ACTA2+,0.19672131147540983,61,178.40120666921138,1841.4679975772278
73,1651,3,DCIS_2,0.7321428571428571,56,60.888746288418766,1841.4679975772278
73,1652,2,DCIS_2,0.3508771929824561,57,178.40120666921138,1755.9877305625007
73,1653,3,DCIS_2,0.9,60,60.888746288418766,1755.9877305625007
73,1654,0,Stromal,0.30120481927710846,166,824.7197387635707,1627.7673300404103
73,1655,0,Invasive_Tumor,0.3768844221105528,199,589.6948180019855,1627.7673300404103
73,1656,0,Invasive_Tumor,0.2,75,883.475968953967,1499.5469295183198
73,1657,1,CD4+_T_Cells,0.3088235294117647,68,765.9635085731744,1499.5469295183198
73,1658,0,CD4+_T_Cells,0.36893203883495146,103,883.475968953967,1414.0666625035926
73,1659,1,CD4+_T_Cells,0.410958904109589,73,765.9635085731744,1414.0666625035926
73,1660,0,Invasive_Tumor,0.4246575342465753,73,648.4510481923818,1499.5469295183198
73,1661,0,Invasive_Tumor,0.7126436781609196,87,530.9385878115892,1499.5469295183198
73,1662,0,Invasive_Tumor,0.4444444444444444,63,648.4510481923818,1414.0666625035926
73,1663,0,Invasive_Tumor,0.4166666666666667,72,530.9385878115892,1414.0666625035926
73,1664,0,Invasive_Tumor,0.6268656716417911,67,413.4261274307966,1670.5074635477738
73,1665,2,Stromal,0.24390243902439024,82,295.913667050004,1670.5074635477738
73,1666,0,Invasive_Tumor,0.7466666666666667,75,413.4261274307966,1585.0271965330467
73,1667,2,Stromal,0.30158730158730157,63,295.913667050004,1585.0271965330467
73,1668,2,Myoepi_ACTA2+,0.34782608695652173,69,178.40120666921138,1670.5074635477738
73,1669,3,DCIS_2,0.8701298701298701,77,60.888746288418766,1670.5074635477738
73,1670,2,Myoepi_ACTA2+,0.4050632911392405,79,178.40120666921138,1585.0271965330467
73,1671,2,Myoepi_ACTA2+,0.5529411764705883,85,60.888746288418766,1585.0271965330467
73,1672,0,Invasive_Tumor,0.3333333333333333,60,413.4261274307966,1499.5469295183198
73,1673,2,Stromal,0.2641509433962264,53,295.913667050004,1499.5469295183198
73,1674,0,Invasive_Tumor,0.49230769230769234,65,413.4261274307966,1414.0666625035926
73,1675,0,Stromal,0.29545454545454547,44,295.913667050004,1414.0666625035926
73,1676,2,DCIS_2,0.47540983606557374,61,178.40120666921138,1499.5469295183198
73,1677,2,Myoepi_ACTA2+,0.39436619718309857,71,60.888746288418766,1499.5469295183198
73,1679,2,Myoepi_ACTA2+,0.34,50,60.888746288418766,1414.0666625035926
73,1680,0,Invasive_Tumor,0.7878787878787878,66,3703.7750180929897,1328.5863954888657
73,1681,0,Invasive_Tumor,0.65,80,3586.262557712197,1328.5863954888657
73,1682,0,Invasive_Tumor,0.6323529411764706,68,3703.7750180929897,1243.1061284741386
73,1683,0,Invasive_Tumor,0.8266666666666667,75,3586.262557712197,1243.1061284741386
73,1684,0,Invasive_Tumor,0.821917808219178,73,3468.7500973314045,1328.5863954888657
73,1685,0,Invasive_Tumor,0.759493670886076,79,3351.237636950612,1328.5863954888657
73,1686,0,Invasive_Tumor,0.8805970149253731,67,3468.7500973314045,1243.1061284741386
73,1687,0,Invasive_Tumor,0.7402597402597403,77,3351.237636950612,1243.1061284741386
73,1688,0,Invasive_Tumor,0.76,50,3703.7750180929897,1157.6258614594117
73,1689,0,Invasive_Tumor,0.7976190476190477,84,3586.262557712197,1157.6258614594117
73,1690,1,Invasive_Tumor,0.2962962962962963,27,3703.7750180929897,1072.1455944446845
73,1691,0,Invasive_Tumor,0.5,54,3586.262557712197,1072.1455944446845
73,1692,0,Invasive_Tumor,0.8360655737704918,61,3468.7500973314045,1157.6258614594117
73,1693,0,Invasive_Tumor,0.5616438356164384,73,3351.237636950612,1157.6258614594117
73,1694,0,Invasive_Tumor,0.578125,64,3468.7500973314045,1072.1455944446845
73,1695,0,Invasive_Tumor,0.44,50,3351.237636950612,1072.1455944446845
73,1696,0,Invasive_Tumor,0.8412698412698413,63,3233.7251765698193,1328.5863954888657
73,1697,0,Invasive_Tumor,0.7746478873239436,71,3116.2127161890267,1328.5863954888657
73,1698,0,Invasive_Tumor,0.6825396825396826,63,3233.7251765698193,1243.1061284741386
73,1699,0,Invasive_Tumor,0.7971014492753623,69,3116.2127161890267,1243.1061284741386
73,1700,0,Invasive_Tumor,0.576271186440678,59,2998.700255808234,1328.5863954888657
73,1701,0,Invasive_Tumor,0.375,40,2881.1877954274414,1328.5863954888657
73,1702,0,Invasive_Tumor,0.8769230769230769,65,2998.700255808234,1243.1061284741386
73,1703,0,Invasive_Tumor,0.7837837837837838,74,2881.1877954274414,1243.1061284741386
73,1704,0,Invasive_Tumor,0.8840579710144928,69,3233.7251765698193,1157.6258614594117
73,1705,0,Invasive_Tumor,0.927710843373494,83,3116.2127161890267,1157.6258614594117
73,1706,0,Invasive_Tumor,0.84,75,3233.7251765698193,1072.1455944446845
73,1707,0,Invasive_Tumor,0.8734177215189873,79,3116.2127161890267,1072.1455944446845
73,1708,0,Invasive_Tumor,0.8421052631578947,57,2998.700255808234,1157.6258614594117
73,1709,0,Invasive_Tumor,0.9137931034482759,58,2881.1877954274414,1157.6258614594117
73,1710,0,Invasive_Tumor,0.8070175438596491,57,2998.700255808234,1072.1455944446845
73,1712,0,Invasive_Tumor,0.569620253164557,158,3645.0187879025934,943.9251939225942
73,1713,0,Invasive_Tumor,0.66,150,3409.993867141008,943.9251939225942
73,1714,1,Stromal,0.39215686274509803,51,3645.0187879025934,772.9646598931402
73,1715,1,Stromal,0.5333333333333333,60,3409.993867141008,772.9646598931402
73,1716,0,Invasive_Tumor,0.639344262295082,61,3233.7251765698193,986.6653274299576
73,1717,0,Invasive_Tumor,0.8607594936708861,79,3116.2127161890267,986.6653274299576
73,1718,0,Invasive_Tumor,0.7346938775510204,49,3233.7251765698193,901.1850604152307
73,1720,0,Invasive_Tumor,0.8767123287671232,73,2998.700255808234,986.6653274299576
73,1721,0,Invasive_Tumor,0.6808510638297872,47,2881.1877954274414,986.6653274299576
73,1722,0,Invasive_Tumor,0.7115384615384616,52,2998.700255808234,901.1850604152307
73,1723,0,Invasive_Tumor,0.375,48,2881.1877954274414,901.1850604152307
73,1724,0,Stromal,0.5079365079365079,63,3174.968946379423,772.9646598931402
73,1725,0,Invasive_Tumor,0.5294117647058824,51,2998.700255808234,815.7047934005036
73,1726,0,Invasive_Tumor,0.9649122807017544,57,2881.1877954274414,815.7047934005036
73,1727,0,Invasive_Tumor,0.8421052631578947,38,2998.700255808234,730.2245263857767
73,1728,0,Invasive_Tumor,0.8805970149253731,67,2881.1877954274414,730.2245263857767
73,1729,0,Invasive_Tumor,0.7936507936507936,63,2763.675335046649,1328.5863954888657
73,1730,0,Invasive_Tumor,0.6923076923076923,52,2646.162874665856,1328.5863954888657
73,1732,0,Invasive_Tumor,0.8125,48,2646.162874665856,1243.1061284741386
73,1733,0,Invasive_Tumor,0.7936507936507936,63,2528.6504142850636,1328.5863954888657
73,1734,0,Invasive_Tumor,0.5882352941176471,51,2411.137953904271,1328.5863954888657
73,1735,0,Invasive_Tumor,0.8095238095238095,63,2528.6504142850636,1243.1061284741386
73,1736,0,Invasive_Tumor,0.6,60,2411.137953904271,1243.1061284741386
73,1737,0,Invasive_Tumor,0.8529411764705882,68,2763.675335046649,1157.6258614594117
73,1738,0,Invasive_Tumor,0.6730769230769231,52,2646.162874665856,1157.6258614594117
73,1739,0,Invasive_Tumor,0.8166666666666667,60,2763.675335046649,1072.1455944446845
73,1740,0,Invasive_Tumor,0.8611111111111112,72,2646.162874665856,1072.1455944446845
73,1741,0,Invasive_Tumor,0.5,46,2528.6504142850636,1157.6258614594117
73,1742,0,Invasive_Tumor,0.6825396825396826,63,2411.137953904271,1157.6258614594117
73,1744,0,Invasive_Tumor,0.8448275862068966,58,2411.137953904271,1072.1455944446845
73,1745,0,Invasive_Tumor,0.7833333333333333,60,2293.6254935234783,1328.5863954888657
73,1746,0,Invasive_Tumor,0.7755102040816326,49,2176.1130331426857,1328.5863954888657
73,1747,0,Invasive_Tumor,0.6833333333333333,60,2293.6254935234783,1243.1061284741386
73,1748,0,Invasive_Tumor,0.72,50,2176.1130331426857,1243.1061284741386
73,1749,0,Invasive_Tumor,0.7058823529411765,68,2058.600572761893,1328.5863954888657
73,1750,0,Invasive_Tumor,0.9104477611940298,67,1941.0881123811005,1328.5863954888657
73,1751,0,Invasive_Tumor,0.6140350877192983,57,2058.600572761893,1243.1061284741386
73,1752,0,Invasive_Tumor,0.75,64,1941.0881123811005,1243.1061284741386
73,1753,0,Invasive_Tumor,0.65625,64,2293.6254935234783,1157.6258614594117
73,1754,0,Invasive_Tumor,0.7884615384615384,52,2176.1130331426857,1157.6258614594117
73,1755,0,Invasive_Tumor,0.576271186440678,59,2293.6254935234783,1072.1455944446845
73,1756,0,Invasive_Tumor,0.8421052631578947,57,2176.1130331426857,1072.1455944446845
73,1757,0,Invasive_Tumor,0.8596491228070176,57,2058.600572761893,1157.6258614594117
73,1758,0,Invasive_Tumor,0.6268656716417911,67,1941.0881123811005,1157.6258614594117
73,1759,0,Invasive_Tumor,0.803921568627451,51,2058.600572761893,1072.1455944446845
73,1760,0,Invasive_Tumor,0.5714285714285714,56,1941.0881123811005,1072.1455944446845
73,1761,0,Invasive_Tumor,0.8387096774193549,62,2763.675335046649,986.6653274299576
73,1762,0,Invasive_Tumor,0.5576923076923077,52,2646.162874665856,986.6653274299576
73,1763,0,Invasive_Tumor,0.7903225806451613,62,2763.675335046649,901.1850604152307
73,1764,0,Invasive_Tumor,0.7,50,2646.162874665856,901.1850604152307
73,1765,0,Invasive_Tumor,0.8653846153846154,52,2528.6504142850636,986.6653274299576
73,1767,0,Invasive_Tumor,0.7272727272727273,55,2528.6504142850636,901.1850604152307
73,1768,0,Invasive_Tumor,0.7166666666666667,60,2411.137953904271,901.1850604152307
73,1769,0,Invasive_Tumor,0.6666666666666666,48,2763.675335046649,815.7047934005036
73,1770,0,Invasive_Tumor,0.8518518518518519,54,2646.162874665856,815.7047934005036
73,1771,0,Invasive_Tumor,0.38,50,2763.675335046649,730.2245263857767
73,1772,0,Invasive_Tumor,0.5238095238095238,63,2646.162874665856,730.2245263857767
73,1773,0,Invasive_Tumor,0.7931034482758621,58,2528.6504142850636,815.7047934005036
73,1774,0,Invasive_Tumor,0.6896551724137931,58,2411.137953904271,815.7047934005036
73,1775,0,Invasive_Tumor,0.7090909090909091,55,2528.6504142850636,730.2245263857767
73,1776,0,Invasive_Tumor,0.6888888888888889,45,2411.137953904271,730.2245263857767
73,1777,0,Invasive_Tumor,0.6964285714285714,56,2293.6254935234783,986.6653274299576
73,1778,0,Stromal,0.40540540540540543,37,2176.1130331426857,986.6653274299576
73,1779,0,Invasive_Tumor,0.7692307692307693,52,2293.6254935234783,901.1850604152307
73,1781,0,Invasive_Tumor,0.6751269035532995,197,1999.8443425714968,943.9251939225942
73,1782,0,Invasive_Tumor,0.5555555555555556,45,2293.6254935234783,815.7047934005036
73,1783,0,Invasive_Tumor,0.7407407407407407,54,2176.1130331426857,815.7047934005036
73,1785,0,Invasive_Tumor,0.6842105263157895,57,2176.1130331426857,730.2245263857767
73,1786,0,Invasive_Tumor,0.7619047619047619,63,2058.600572761893,815.7047934005036
73,1787,0,Invasive_Tumor,0.7254901960784313,51,1941.0881123811005,815.7047934005036
73,1788,0,Invasive_Tumor,0.847457627118644,59,2058.600572761893,730.2245263857767
73,1789,0,Invasive_Tumor,0.875,56,1941.0881123811005,730.2245263857767
73,1790,0,Invasive_Tumor,0.7294117647058823,170,2939.9440256178377,602.0041258636862
73,1791,0,Invasive_Tumor,0.3979591836734694,98,2939.9440256178377,431.0435918342322
73,1792,0,Invasive_Tumor,0.7010309278350515,194,2704.9191048562525,602.0041258636862
73,1793,0,Invasive_Tumor,0.8360655737704918,61,2528.6504142850636,644.7442593710498
73,1794,0,Invasive_Tumor,0.6190476190476191,42,2411.137953904271,644.7442593710498
73,1795,0,Invasive_Tumor,0.6811594202898551,69,2528.6504142850636,559.2639923563227
73,1796,0,Invasive_Tumor,0.782608695652174,69,2411.137953904271,559.2639923563227
73,1797,0,Invasive_Tumor,0.7017543859649122,171,2704.9191048562525,431.0435918342322
73,1798,0,Invasive_Tumor,0.76,50,2528.6504142850636,473.7837253415957
73,1799,0,Invasive_Tumor,0.5535714285714286,56,2411.137953904271,473.7837253415957
73,1800,0,Invasive_Tumor,0.717391304347826,46,2528.6504142850636,388.30345832686874
73,1801,0,Invasive_Tumor,0.49019607843137253,51,2411.137953904271,388.30345832686874
73,1802,0,Invasive_Tumor,0.85,60,2293.6254935234783,644.7442593710498
73,1803,0,Invasive_Tumor,0.8769230769230769,65,2176.1130331426857,644.7442593710498
73,1804,0,Invasive_Tumor,0.8,65,2293.6254935234783,559.2639923563227
73,1805,0,Invasive_Tumor,0.5384615384615384,65,2176.1130331426857,559.2639923563227
73,1806,0,Invasive_Tumor,0.7230769230769231,65,2058.600572761893,644.7442593710498
73,1808,0,Invasive_Tumor,0.8253968253968254,63,2058.600572761893,559.2639923563227
73,1809,0,Invasive_Tumor,0.7592592592592593,54,1941.0881123811005,559.2639923563227
73,1810,0,Invasive_Tumor,0.6271186440677966,59,2293.6254935234783,473.7837253415957
73,1811,1,Stromal,0.625,48,2176.1130331426857,473.7837253415957
73,1812,1,Stromal,0.4230769230769231,52,2293.6254935234783,388.30345832686874
73,1813,2,Myoepi_ACTA2+,0.3181818181818182,66,2176.1130331426857,388.30345832686874
73,1814,0,Invasive_Tumor,0.3402061855670103,194,1999.8443425714968,431.0435918342322
73,1815,0,Invasive_Tumor,0.7551020408163265,196,2704.9191048562525,260.0830578047782
73,1816,0,Invasive_Tumor,0.3373493975903614,166,2469.8941840946673,260.0830578047782
73,1817,3,DCIS_2,0.5,66,2293.6254935234783,302.8231913121417
73,1819,3,DCIS_2,0.46296296296296297,54,2293.6254935234783,217.3429242974147
73,1820,3,DCIS_2,0.29545454545454547,44,2176.1130331426857,217.3429242974147
73,1821,3,DCIS_2,0.5584415584415584,77,2058.600572761893,302.8231913121417
73,1822,0,Stromal,0.2926829268292683,41,1941.0881123811005,302.8231913121417
73,1823,3,DCIS_2,0.6292134831460674,89,2058.600572761893,217.3429242974147
73,1824,2,Endothelial,0.16216216216216217,74,1941.0881123811005,217.3429242974147
73,1825,3,Invasive_Tumor,0.6891891891891891,74,2234.869263333082,89.12252377532423
73,1826,3,Invasive_Tumor,0.5579710144927537,138,1999.8443425714968,89.12252377532423
73,1827,0,Invasive_Tumor,0.6296296296296297,54,1823.5756520003079,1328.5863954888657
73,1830,0,Invasive_Tumor,0.7058823529411765,51,1706.0631916195152,1243.1061284741386
73,1831,0,Invasive_Tumor,0.543010752688172,186,1529.7945010483263,1285.8462619815023
73,1832,0,Invasive_Tumor,0.5454545454545454,66,1823.5756520003079,1157.6258614594117
73,1833,0,Invasive_Tumor,0.8,55,1706.0631916195152,1157.6258614594117
73,1834,0,Invasive_Tumor,0.5,62,1823.5756520003079,1072.1455944446845
73,1835,0,Invasive_Tumor,0.52,50,1706.0631916195152,1072.1455944446845
73,1836,0,Invasive_Tumor,0.5,54,1588.5507312387226,1157.6258614594117
73,1837,0,Invasive_Tumor,0.8095238095238095,63,1471.03827085793,1157.6258614594117
73,1838,0,Invasive_Tumor,0.6610169491525424,59,1588.5507312387226,1072.1455944446845
73,1839,0,Invasive_Tumor,0.7708333333333334,48,1471.03827085793,1072.1455944446845
73,1840,0,Invasive_Tumor,0.4126984126984127,63,1353.5258104771374,1328.5863954888657
73,1841,0,Invasive_Tumor,0.5471698113207547,53,1236.0133500963448,1328.5863954888657
73,1842,0,Invasive_Tumor,0.575,40,1353.5258104771374,1243.1061284741386
73,1843,0,Invasive_Tumor,0.6031746031746031,63,1236.0133500963448,1243.1061284741386
73,1844,0,Stromal,0.25555555555555554,180,1059.7446595251558,1285.8462619815023
73,1845,0,Invasive_Tumor,0.6855670103092784,194,1294.769580286741,1114.885727952048
73,1846,0,Invasive_Tumor,0.32642487046632124,193,1059.7446595251558,1114.885727952048
73,1847,0,Invasive_Tumor,0.5082872928176796,181,1764.8194218099115,943.9251939225942
73,1848,0,Invasive_Tumor,0.5849056603773585,159,1529.7945010483263,943.9251939225942
73,1849,0,Invasive_Tumor,0.7741935483870968,62,1823.5756520003079,815.7047934005036
73,1850,0,Invasive_Tumor,0.7692307692307693,52,1706.0631916195152,815.7047934005036
73,1851,0,Invasive_Tumor,0.6481481481481481,54,1823.5756520003079,730.2245263857767
73,1852,0,Invasive_Tumor,0.8363636363636363,55,1706.0631916195152,730.2245263857767
73,1853,0,Invasive_Tumor,0.5432098765432098,162,1529.7945010483263,772.9646598931402
73,1854,0,Invasive_Tumor,0.36065573770491804,183,1294.769580286741,943.9251939225942
73,1855,2,Stromal,0.28846153846153844,52,1118.5008897155521,986.6653274299576
73,1856,2,DCIS_2,0.2835820895522388,67,1000.9884293347595,986.6653274299576
73,1857,2,DCIS_2,0.48484848484848486,66,1118.5008897155521,901.1850604152307
73,1858,2,Stromal,0.30952380952380953,84,1000.9884293347595,901.1850604152307
73,1859,2,Invasive_Tumor,0.285,200,1294.769580286741,772.9646598931402
73,1860,3,Invasive_Tumor,0.4794520547945205,73,1118.5008897155521,815.7047934005036
73,1861,2,DCIS_2,0.4,70,1000.9884293347595,815.7047934005036
73,1862,3,Invasive_Tumor,0.581081081081081,74,1118.5008897155521,730.2245263857767
73,1863,3,DCIS_2,0.7283950617283951,81,1000.9884293347595,730.2245263857767
73,1864,1,B_Cells,0.20967741935483872,62,883.475968953967,1328.5863954888657
73,1865,2,Stromal,0.2465753424657534,73,765.9635085731744,1328.5863954888657
73,1866,2,Stromal,0.3090909090909091,55,883.475968953967,1243.1061284741386
73,1867,3,DCIS_2,0.8,70,765.9635085731744,1243.1061284741386
73,1868,1,CD4+_T_Cells,0.410958904109589,73,648.4510481923818,1328.5863954888657
73,1869,0,Invasive_Tumor,0.546875,64,530.9385878115892,1328.5863954888657
73,1870,2,DCIS_2,0.44,50,648.4510481923818,1243.1061284741386
73,1871,0,Stromal,0.24,50,530.9385878115892,1243.1061284741386
73,1872,3,DCIS_2,0.6857142857142857,70,883.475968953967,1157.6258614594117
73,1873,3,DCIS_2,0.8987341772151899,79,765.9635085731744,1157.6258614594117
73,1874,3,Invasive_Tumor,0.532258064516129,62,883.475968953967,1072.1455944446845
73,1875,3,DCIS_2,0.8020833333333334,96,765.9635085731744,1072.1455944446845
73,1876,2,DCIS_2,0.6585365853658537,82,648.4510481923818,1157.6258614594117
73,1877,1,Endothelial,0.37777777777777777,45,530.9385878115892,1157.6258614594117
73,1878,3,DCIS_2,0.676923076923077,65,648.4510481923818,1072.1455944446845
73,1879,2,DCIS_2,0.32,50,530.9385878115892,1072.1455944446845
73,1880,0,Invasive_Tumor,0.8428571428571429,70,413.4261274307966,1328.5863954888657
73,1881,0,Invasive_Tumor,0.6440677966101694,59,295.913667050004,1328.5863954888657
73,1882,0,Invasive_Tumor,0.48148148148148145,54,413.4261274307966,1243.1061284741386
73,1883,0,Invasive_Tumor,0.2830188679245283,53,295.913667050004,1243.1061284741386
73,1884,2,Stromal,0.390625,64,178.40120666921138,1328.5863954888657
73,1885,2,Myoepi_ACTA2+,0.3333333333333333,75,60.888746288418766,1328.5863954888657
73,1886,2,Stromal,0.2714285714285714,70,178.40120666921138,1243.1061284741386
73,1887,3,DCIS_2,0.803921568627451,51,60.888746288418766,1243.1061284741386
73,1888,1,Stromal,0.28205128205128205,39,413.4261274307966,1157.6258614594117
73,1889,0,Invasive_Tumor,0.1875,64,295.913667050004,1157.6258614594117
73,1890,1,CD8+_T_Cells,0.2459016393442623,61,413.4261274307966,1072.1455944446845
73,1891,1,CD4+_T_Cells,0.23076923076923078,52,295.913667050004,1072.1455944446845
73,1892,2,CD4+_T_Cells,0.26136363636363635,88,178.40120666921138,1157.6258614594117
73,1893,2,Myoepi_ACTA2+,0.5769230769230769,52,60.888746288418766,1157.6258614594117
73,1894,1,Stromal,0.26136363636363635,88,178.40120666921138,1072.1455944446845
73,1895,2,CD4+_T_Cells,0.27884615384615385,104,60.888746288418766,1072.1455944446845
73,1896,3,Invasive_Tumor,0.5074626865671642,67,883.475968953967,986.6653274299576
73,1897,3,DCIS_2,0.6122448979591837,98,765.9635085731744,986.6653274299576
73,1898,2,DCIS_2,0.3614457831325301,83,883.475968953967,901.1850604152307
73,1899,3,DCIS_2,0.7647058823529411,85,765.9635085731744,901.1850604152307
73,1900,3,DCIS_2,0.6534653465346535,101,648.4510481923818,986.6653274299576
73,1902,3,DCIS_2,0.7592592592592593,108,648.4510481923818,901.1850604152307
73,1903,3,DCIS_2,0.797979797979798,99,530.9385878115892,901.1850604152307
73,1904,2,DCIS_2,0.35135135135135137,74,883.475968953967,815.7047934005036
73,1905,2,DCIS_2,0.5238095238095238,63,765.9635085731744,815.7047934005036
73,1906,2,DCIS_2,0.746031746031746,63,883.475968953967,730.2245263857767
73,1907,2,DCIS_2,0.39473684210526316,76,765.9635085731744,730.2245263857767
73,1908,3,DCIS_2,0.8478260869565217,92,648.4510481923818,815.7047934005036
73,1910,2,DCIS_2,0.42391304347826086,92,648.4510481923818,730.2245263857767
73,1911,2,DCIS_2,0.3409090909090909,88,530.9385878115892,730.2245263857767
73,1912,1,CD4+_T_Cells,0.2549019607843137,51,413.4261274307966,986.6653274299576
73,1914,1,Stromal,0.32,50,413.4261274307966,901.1850604152307
73,1915,0,Invasive_Tumor,0.4117647058823529,68,295.913667050004,901.1850604152307
73,1916,0,Stromal,0.3137254901960784,51,178.40120666921138,986.6653274299576
73,1917,1,CD4+_T_Cells,0.34,100,60.888746288418766,986.6653274299576
73,1918,0,Invasive_Tumor,0.2978723404255319,47,178.40120666921138,901.1850604152307
73,1919,0,Stromal,0.47058823529411764,51,60.888746288418766,901.1850604152307
73,1920,2,Stromal,0.18571428571428572,70,413.4261274307966,815.7047934005036
73,1921,0,Invasive_Tumor,0.24528301886792453,106,295.913667050004,815.7047934005036
73,1922,2,DCIS_2,0.44871794871794873,78,413.4261274307966,730.2245263857767
73,1923,0,CD8+_T_Cells,0.16161616161616163,99,295.913667050004,730.2245263857767
73,1924,0,Invasive_Tumor,0.6896551724137931,58,178.40120666921138,815.7047934005036
73,1925,0,Invasive_Tumor,0.3125,48,60.888746288418766,815.7047934005036
73,1926,0,Invasive_Tumor,0.5147058823529411,68,178.40120666921138,730.2245263857767
73,1927,0,Invasive_Tumor,0.7857142857142857,56,60.888746288418766,730.2245263857767
73,1928,0,Invasive_Tumor,0.8245614035087719,57,1823.5756520003079,644.7442593710498
73,1929,0,Invasive_Tumor,0.5614035087719298,57,1706.0631916195152,644.7442593710498
73,1930,0,Invasive_Tumor,0.7321428571428571,56,1823.5756520003079,559.2639923563227
73,1931,0,Invasive_Tumor,0.6785714285714286,56,1706.0631916195152,559.2639923563227
73,1932,0,Invasive_Tumor,0.3761467889908257,109,1529.7945010483263,602.0041258636862
73,1933,0,Invasive_Tumor,0.6666666666666666,54,1823.5756520003079,473.7837253415957
73,1934,0,Invasive_Tumor,0.38095238095238093,42,1706.0631916195152,473.7837253415957
73,1935,0,Invasive_Tumor,0.5362318840579711,69,1823.5756520003079,388.30345832686874
73,1938,2,Stromal,0.25,48,1353.5258104771374,644.7442593710498
73,1939,0,DCIS_2,0.515625,64,1236.0133500963448,644.7442593710498
73,1940,2,DCIS_2,0.2835820895522388,67,1353.5258104771374,559.2639923563227
73,1941,3,Invasive_Tumor,0.5072463768115942,69,1236.0133500963448,559.2639923563227
73,1943,3,DCIS_2,0.6206896551724138,58,1000.9884293347595,644.7442593710498
73,1944,3,DCIS_2,0.5555555555555556,63,1118.5008897155521,559.2639923563227
73,1945,3,Invasive_Tumor,0.29545454545454547,44,1000.9884293347595,559.2639923563227
73,1946,2,DCIS_2,0.3,40,1353.5258104771374,473.7837253415957
73,1948,1,Stromal,0.42857142857142855,35,1353.5258104771374,388.30345832686874
73,1949,2,Myoepi_ACTA2+,0.17567567567567569,74,1236.0133500963448,388.30345832686874
73,1950,2,Macrophages_1,0.3382352941176471,68,1118.5008897155521,473.7837253415957
73,1951,1,Invasive_Tumor,0.52,50,1000.9884293347595,473.7837253415957
73,1952,3,DCIS_2,0.5285714285714286,70,1118.5008897155521,388.30345832686874
73,1953,3,Invasive_Tumor,0.39473684210526316,38,1000.9884293347595,388.30345832686874
73,1954,0,Invasive_Tumor,0.48,50,1823.5756520003079,302.8231913121417
73,1955,0,Invasive_Tumor,0.56,50,1706.0631916195152,302.8231913121417
73,1956,1,Macrophages_1,0.27450980392156865,51,1823.5756520003079,217.3429242974147
73,1957,0,Invasive_Tumor,0.7377049180327869,61,1706.0631916195152,217.3429242974147
73,1958,0,Invasive_Tumor,0.36,50,1588.5507312387226,302.8231913121417
73,1959,0,Invasive_Tumor,0.7777777777777778,81,1471.03827085793,302.8231913121417
73,1960,0,Invasive_Tumor,0.8307692307692308,65,1588.5507312387226,217.3429242974147
73,1961,0,Invasive_Tumor,0.7916666666666666,48,1471.03827085793,217.3429242974147
73,1962,3,Invasive_Tumor,0.7638190954773869,199,1764.8194218099115,89.12252377532423
73,1963,3,Invasive_Tumor,0.8620689655172413,87,1588.5507312387226,131.86265728268774
73,1964,0,Invasive_Tumor,0.8166666666666667,60,1471.03827085793,131.86265728268774
73,1965,3,Invasive_Tumor,0.6206896551724138,29,1588.5507312387226,46.38239026796073
73,1966,3,Invasive_Tumor,0.76,50,1471.03827085793,46.38239026796073
73,1967,0,B_Cells,0.25,56,1353.5258104771374,302.8231913121417
73,1968,1,Stromal,0.325,40,1236.0133500963448,302.8231913121417
73,1969,0,Invasive_Tumor,0.6190476190476191,63,1353.5258104771374,217.3429242974147
73,1970,1,Stromal,0.29545454545454547,44,1236.0133500963448,217.3429242974147
73,1971,2,DCIS_2,0.5465116279069767,86,1118.5008897155521,302.8231913121417
73,1972,3,DCIS_2,0.5476190476190477,84,1000.9884293347595,302.8231913121417
73,1973,2,DCIS_2,0.3333333333333333,51,1118.5008897155521,217.3429242974147
73,1974,2,DCIS_2,0.5876288659793815,97,1000.9884293347595,217.3429242974147
73,1975,0,Invasive_Tumor,0.7945205479452054,73,1353.5258104771374,131.86265728268774
73,1976,0,Invasive_Tumor,0.759493670886076,79,1236.0133500963448,131.86265728268774
73,1977,3,Invasive_Tumor,0.8472222222222222,72,1353.5258104771374,46.38239026796073
73,1978,0,Invasive_Tumor,0.7571428571428571,70,1236.0133500963448,46.38239026796073
73,1979,1,Stromal,0.4,35,1118.5008897155521,131.86265728268774
73,1980,2,Myoepi_ACTA2+,0.3132530120481928,83,1000.9884293347595,131.86265728268774
73,1981,0,Invasive_Tumor,0.6727272727272727,55,1118.5008897155521,46.38239026796073
73,1982,1,Stromal,0.5111111111111111,45,1000.9884293347595,46.38239026796073
73,1983,3,DCIS_2,0.8588235294117647,85,883.475968953967,644.7442593710498
73,1984,3,DCIS_2,0.8108108108108109,74,765.9635085731744,644.7442593710498
73,1985,3,DCIS_2,0.4152542372881356,118,883.475968953967,559.2639923563227
73,1986,3,DCIS_2,0.7450980392156863,102,765.9635085731744,559.2639923563227
73,1987,3,DCIS_2,0.5205479452054794,73,648.4510481923818,644.7442593710498
73,1988,2,DCIS_2,0.3695652173913043,92,530.9385878115892,644.7442593710498
73,1989,3,DCIS_2,0.75,76,648.4510481923818,559.2639923563227
73,1990,2,DCIS_2,0.22666666666666666,75,530.9385878115892,559.2639923563227
73,1991,1,Invasive_Tumor,0.47560975609756095,82,883.475968953967,473.7837253415957
73,1992,3,DCIS_2,0.7752808988764045,89,765.9635085731744,473.7837253415957
73,1993,1,DCIS_2,0.4222222222222222,90,883.475968953967,388.30345832686874
73,1994,3,DCIS_2,0.7192982456140351,114,765.9635085731744,388.30345832686874
73,1995,3,DCIS_2,0.550561797752809,89,648.4510481923818,473.7837253415957
73,1998,3,Invasive_Tumor,0.5529411764705883,85,530.9385878115892,388.30345832686874
73,1999,2,Invasive_Tumor,0.3287671232876712,73,413.4261274307966,644.7442593710498
73,2000,0,Stromal,0.28169014084507044,71,295.913667050004,644.7442593710498
73,2001,2,DCIS_2,0.3424657534246575,73,413.4261274307966,559.2639923563227
73,2002,0,Invasive_Tumor,0.6721311475409836,61,295.913667050004,559.2639923563227
73,2003,0,Invasive_Tumor,0.5636363636363636,55,178.40120666921138,644.7442593710498
73,2004,0,Invasive_Tumor,0.5737704918032787,61,60.888746288418766,644.7442593710498
73,2005,0,Invasive_Tumor,0.7540983606557377,61,178.40120666921138,559.2639923563227
73,2006,0,Invasive_Tumor,0.6153846153846154,65,60.888746288418766,559.2639923563227
73,2007,3,DCIS_2,0.5189873417721519,79,413.4261274307966,473.7837253415957
73,2008,0,Invasive_Tumor,0.6451612903225806,62,295.913667050004,473.7837253415957
73,2009,0,DCIS_2,0.3384615384615385,65,413.4261274307966,388.30345832686874
73,2010,0,Invasive_Tumor,0.68,75,295.913667050004,388.30345832686874
73,2011,0,Invasive_Tumor,0.7590361445783133,83,178.40120666921138,473.7837253415957
73,2012,0,Invasive_Tumor,0.7164179104477612,67,60.888746288418766,473.7837253415957
73,2013,0,Invasive_Tumor,0.8,95,178.40120666921138,388.30345832686874
73,2014,0,Invasive_Tumor,0.7777777777777778,108,60.888746288418766,388.30345832686874
73,2015,3,DCIS_2,0.7764705882352941,85,883.475968953967,302.8231913121417
73,2016,3,DCIS_2,0.77,100,765.9635085731744,302.8231913121417
73,2017,2,DCIS_2,0.41935483870967744,93,883.475968953967,217.3429242974147
73,2019,3,DCIS_2,0.6703296703296703,91,648.4510481923818,302.8231913121417
73,2020,2,DCIS_2,0.3253012048192771,83,530.9385878115892,302.8231913121417
73,2021,2,DCIS_2,0.33663366336633666,101,648.4510481923818,217.3429242974147
73,2022,1,Stromal,0.5151515151515151,33,530.9385878115892,217.3429242974147
73,2023,3,Invasive_Tumor,0.5360824742268041,97,883.475968953967,131.86265728268774
73,2024,3,DCIS_2,0.61,100,765.9635085731744,131.86265728268774
73,2025,2,DCIS_2,0.34375,64,883.475968953967,46.38239026796073
73,2026,3,DCIS_2,0.6021505376344086,93,765.9635085731744,46.38239026796073
73,2027,3,DCIS_2,0.5494505494505495,91,648.4510481923818,131.86265728268774
73,2028,1,Stromal,0.4666666666666667,30,530.9385878115892,131.86265728268774
73,2029,2,DCIS_2,0.3188405797101449,69,648.4510481923818,46.38239026796073
73,2031,0,Invasive_Tumor,0.4375,48,413.4261274307966,302.8231913121417
73,2032,0,Invasive_Tumor,0.8095238095238095,84,295.913667050004,302.8231913121417
73,2033,0,Invasive_Tumor,0.5873015873015873,63,413.4261274307966,217.3429242974147
73,2034,0,Invasive_Tumor,0.7070707070707071,99,295.913667050004,217.3429242974147
73,2035,0,Invasive_Tumor,0.6976744186046512,86,178.40120666921138,302.8231913121417
73,2036,0,Invasive_Tumor,0.7111111111111111,90,60.888746288418766,302.8231913121417
73,2037,0,Invasive_Tumor,0.6060606060606061,99,178.40120666921138,217.3429242974147
73,2038,0,Invasive_Tumor,0.6781609195402298,87,60.888746288418766,217.3429242974147
73,2039,0,Invasive_Tumor,0.3611111111111111,36,413.4261274307966,131.86265728268774
73,2040,0,Invasive_Tumor,0.7672413793103449,116,295.913667050004,131.86265728268774
73,2041,0,Macrophages_1,0.225,40,413.4261274307966,46.38239026796073
73,2042,0,Invasive_Tumor,0.6909090909090909,55,295.913667050004,46.38239026796073
73,2043,0,Invasive_Tumor,0.6186440677966102,118,119.64497647881507,89.12252377532423
