query_idx,niche,kind,layer,node,total_distance,leaf_size
0,0,best,0,41,10.290819959981079,1
0,0,best,1,101,10.290819959981079,1
0,0,best,2,131,10.290819959981079,1
0,0,best,3,254,10.290819959981079,1
0,0,best,4,299,10.290819959981079,1
0,0,best,5,393,10.290819959981079,1
0,0,best,6,455,10.290819959981079,1
0,0,best,7,473,10.290819959981079,1
0,0,best,8,580,10.290819959981079,1
0,0,best,9,583,10.290819959981079,1
0,0,best,10,645,10.290819959981079,1
0,0,best,11,743,10.290819959981079,1
0,0,best,12,820,10.290819959981079,1
0,0,best,13,913,10.290819959981079,1
0,0,best,14,1011,10.290819959981079,1
0,1,best,0,58,14.840060605130631,1
0,1,best,1,104,14.840060605130631,1
0,1,best,2,192,14.840060605130631,1
0,1,best,3,255,14.840060605130631,1
0,1,best,4,307,14.840060605130631,1
0,1,best,5,325,14.840060605130631,1
0,1,best,6,430,14.840060605130631,1
0,1,best,7,517,14.840060605130631,1
0,1,best,8,592,14.840060605130631,1
0,1,best,9,677,14.840060605130631,1
0,1,best,10,687,14.840060605130631,1
0,1,best,11,822,14.840060605130631,1
0,1,best,12,892,14.840060605130631,1
0,1,best,13,984,14.840060605130631,1
0,1,best,14,1044,14.840060605130631,1
0,2,best,0,42,11.159080703299487,1
0,2,best,1,67,11.159080703299487,1
0,2,best,2,172,11.159080703299487,1
0,2,best,3,196,11.159080703299487,1
0,2,best,4,289,11.159080703299487,1
0,2,best,5,314,11.159080703299487,1
0,2,best,6,377,11.159080703299487,1
0,2,best,7,489,11.159080703299487,1
0,2,best,8,564,11.159080703299487,1
0,2,best,9,569,11.159080703299487,1
0,2,best,10,634,11.159080703299487,1
0,2,best,11,692,11.159080703299487,1
0,2,best,12,796,11.159080703299487,1
0,2,best,13,819,11.159080703299487,1
0,2,best,14,925,11.159080703299487,1
0,2,best,15,940,11.159080703299487,1
0,2,hit,0,10,11.97666044572,1
0,2,hit,1,114,11.97666044572,1
0,2,hit,2,147,11.97666044572,1
0,2,hit,3,187,11.97666044572,1
0,2,hit,4,302,11.97666044572,1
0,2,hit,5,358,11.97666044572,1
0,2,hit,6,389,11.97666044572,1
0,2,hit,7,477,11.97666044572,1
0,2,hit,8,527,11.97666044572,1
0,2,hit,9,569,11.97666044572,1
0,2,hit,10,634,11.97666044572,1
0,2,hit,11,692,11.97666044572,1
0,2,hit,12,761,11.97666044572,1
0,2,hit,13,819,11.97666044572,1
0,2,hit,14,894,11.97666044572,1
0,2,hit,15,1002,11.97666044572,1
0,3,best,0,53,11.175861393851944,1
0,3,best,1,96,11.175861393851944,1
0,3,best,2,125,11.175861393851944,1
0,3,best,3,234,11.175861393851944,1
0,3,best,4,262,11.175861393851944,1
0,3,best,5,330,11.175861393851944,1
0,3,best,6,414,11.175861393851944,1
0,3,best,7,494,11.175861393851944,1
0,3,best,8,517,11.175861393851944,1
0,3,best,9,578,11.175861393851944,1
0,3,best,10,686,11.175861393851944,1
0,3,best,11,780,11.175861393851944,1
0,3,best,12,839,11.175861393851944,1
0,3,best,13,894,11.175861393851944,1
0,3,best,14,917,11.175861393851944,1
0,3,best,15,984,11.175861393851944,1
1,0,best,0,30,7.0915802106163035,1
1,0,best,1,81,7.0915802106163035,1
1,0,best,2,144,7.0915802106163035,1
1,0,best,3,197,7.0915802106163035,1
1,0,best,4,263,7.0915802106163035,1
1,0,best,5,385,7.0915802106163035,1
1,0,best,6,402,7.0915802106163035,1
1,0,best,7,466,7.0915802106163035,1
1,0,best,8,525,7.0915802106163035,1
1,0,best,9,583,7.0915802106163035,1
1,0,best,10,645,7.0915802106163035,1
1,0,best,11,774,7.0915802106163035,1
1,0,best,12,820,7.0915802106163035,1
1,0,best,13,914,7.0915802106163035,1
1,0,best,14,1013,7.0915802106163035,1
1,1,best,0,14,9.255952885769307,1
1,1,best,1,76,9.255952885769307,1
1,1,best,2,168,9.255952885769307,1
1,1,best,3,258,9.255952885769307,1
1,1,best,4,319,9.255952885769307,1
1,1,best,5,325,9.255952885769307,1
1,1,best,6,461,9.255952885769307,1
1,1,best,7,530,9.255952885769307,1
1,1,best,8,592,9.255952885769307,1
1,1,best,9,673,9.255952885769307,1
1,1,best,10,687,9.255952885769307,1
1,1,best,11,803,9.255952885769307,1
1,1,best,12,897,9.255952885769307,1
1,1,best,13,975,9.255952885769307,1
1,1,best,14,985,9.255952885769307,1
1,1,hit,0,63,9.874023785490058,1
1,1,hit,1,106,9.874023785490058,1
1,1,hit,2,160,9.874023785490058,1
1,1,hit,3,257,9.874023785490058,1
1,1,hit,4,263,9.874023785490058,1
1,1,hit,5,362,9.874023785490058,1
1,1,hit,6,459,9.874023785490058,1
1,1,hit,7,530,9.874023785490058,1
1,1,hit,8,566,9.874023785490058,1
1,1,hit,9,656,9.874023785490058,1
1,1,hit,10,738,9.874023785490058,1
1,1,hit,11,813,9.874023785490058,1
1,1,hit,12,897,9.874023785490058,1
1,1,hit,13,975,9.874023785490058,1
1,1,hit,14,1036,9.874023785490058,1
1,2,best,0,9,11.932186631374233,1
1,2,best,1,76,11.932186631374233,1
1,2,best,2,117,11.932186631374233,1
1,2,best,3,236,11.932186631374233,1
1,2,best,4,241,11.932186631374233,1
1,2,best,5,314,11.932186631374233,1
1,2,best,6,377,11.932186631374233,1
1,2,best,7,441,11.932186631374233,1
1,2,best,8,564,11.932186631374233,1
1,2,best,9,569,11.932186631374233,1
1,2,best,10,634,11.932186631374233,1
1,2,best,11,692,11.932186631374233,1
1,2,best,12,756,11.932186631374233,1
1,2,best,13,819,11.932186631374233,1
1,2,best,14,880,11.932186631374233,1
1,2,best,15,940,11.932186631374233,1
1,3,best,0,13,18.34147665667611,1
1,3,best,1,78,18.34147665667611,1
1,3,best,2,126,18.34147665667611,1
1,3,best,3,199,18.34147665667611,1
1,3,best,4,266,18.34147665667611,1
1,3,best,5,330,18.34147665667611,1
1,3,best,6,399,18.34147665667611,1
1,3,best,7,489,18.34147665667611,1
1,3,best,8,573,18.34147665667611,1
1,3,best,9,640,18.34147665667611,1
1,3,best,10,686,18.34147665667611,1
1,3,best,11,776,18.34147665667611,1
1,3,best,12,846,18.34147665667611,1
1,3,best,13,908,18.34147665667611,1
1,3,best,14,917,18.34147665667611,1
1,3,best,15,984,18.34147665667611,1
2,0,best,0,22,10.219211929716774,1
2,0,best,1,95,10.219211929716774,1
2,0,best,2,186,10.219211929716774,1
2,0,best,3,219,10.219211929716774,1
2,0,best,4,297,10.219211929716774,1
2,0,best,5,368,10.219211929716774,1
2,0,best,6,455,10.219211929716774,1
2,0,best,7,508,10.219211929716774,1
2,0,best,8,548,10.219211929716774,1
2,0,best,9,633,10.219211929716774,1
2,0,best,10,645,10.219211929716774,1
2,0,best,11,762,10.219211929716774,1
2,0,best,12,847,10.219211929716774,1
2,0,best,13,924,10.219211929716774,1
2,0,best,14,1007,10.219211929716774,1
2,0,hit,0,27,13.940119781172342,1
2,0,hit,1,95,13.940119781172342,1
2,0,hit,2,164,13.940119781172342,1
2,0,hit,3,261,13.940119781172342,1
2,0,hit,4,278,13.940119781172342,1
2,0,hit,5,375,13.940119781172342,1
2,0,hit,6,455,13.940119781172342,1
2,0,hit,7,475,13.940119781172342,1
2,0,hit,8,573,13.940119781172342,1
2,0,hit,9,624,13.940119781172342,1
2,0,hit,10,705,13.940119781172342,1
2,0,hit,11,743,13.940119781172342,1
2,0,hit,12,847,13.940119781172342,1
2,0,hit,13,917,13.940119781172342,1
2,0,hit,14,1011,13.940119781172342,1
2,1,best,0,38,36.69347480476909,1
2,1,best,1,100,36.69347480476909,1
2,1,best,2,194,36.69347480476909,1
2,1,best,3,232,36.69347480476909,1
2,1,best,4,297,36.69347480476909,1
2,1,best,5,325,36.69347480476909,1
2,1,best,6,453,36.69347480476909,1
2,1,best,7,489,36.69347480476909,1
2,1,best,8,592,36.69347480476909,1
2,1,best,9,656,36.69347480476909,1
2,1,best,10,738,36.69347480476909,1
2,1,best,11,826,36.69347480476909,1
2,1,best,12,902,36.69347480476909,1
2,1,best,13,983,36.69347480476909,1
2,1,best,14,1051,36.69347480476909,1
2,2,best,0,43,29.425676117499478,1
2,2,best,1,86,29.425676117499478,1
2,2,best,2,147,29.425676117499478,1
2,2,best,3,196,29.425676117499478,1
2,2,best,4,299,29.425676117499478,1
2,2,best,5,358,29.425676117499478,1
2,2,best,6,412,29.425676117499478,1
2,2,best,7,482,29.425676117499478,1
2,2,best,8,527,29.425676117499478,1
2,2,best,9,569,29.425676117499478,1
2,2,best,10,634,29.425676117499478,1
2,2,best,11,692,29.425676117499478,1
2,2,best,12,787,29.425676117499478,1
2,2,best,13,833,29.425676117499478,1
2,2,best,14,923,29.425676117499478,1
2,2,best,15,1003,29.425676117499478,1
2,3,best,0,0,16.801312053018048,1
2,3,best,1,62,16.801312053018048,1
2,3,best,2,125,16.801312053018048,1
2,3,best,3,198,16.801312053018048,1
2,3,best,4,262,16.801312053018048,1
2,3,best,5,329,16.801312053018048,1
2,3,best,6,396,16.801312053018048,1
2,3,best,7,458,16.801312053018048,1
2,3,best,8,517,16.801312053018048,1
2,3,best,9,578,16.801312053018048,1
2,3,best,10,650,16.801312053018048,1
2,3,best,11,714,16.801312053018048,1
2,3,best,12,781,16.801312053018048,1
2,3,best,13,847,16.801312053018048,1
2,3,best,14,917,16.801312053018048,1
2,3,best,15,984,16.801312053018048,1
3,0,best,0,4,4.576928247738246,1
3,0,best,1,105,4.576928247738246,1
3,0,best,2,167,4.576928247738246,1
3,0,best,3,197,4.576928247738246,1
3,0,best,4,263,4.576928247738246,1
3,0,best,5,334,4.576928247738246,1
3,0,best,6,402,4.576928247738246,1
3,0,best,7,466,4.576928247738246,1
3,0,best,8,525,4.576928247738246,1
3,0,best,9,583,4.576928247738246,1
3,0,best,10,645,4.576928247738246,1
3,0,best,11,743,4.576928247738246,1
3,0,best,12,835,4.576928247738246,1
3,0,best,13,934,4.576928247738246,1
3,0,best,14,1013,4.576928247738246,1
3,1,best,0,54,2.7716748633600385,1
3,1,best,1,105,2.7716748633600385,1
3,1,best,2,184,2.7716748633600385,1
3,1,best,3,259,2.7716748633600385,1
3,1,best,4,307,2.7716748633600385,1
3,1,best,5,362,2.7716748633600385,1
3,1,best,6,461,2.7716748633600385,1
3,1,best,7,504,2.7716748633600385,1
3,1,best,8,592,2.7716748633600385,1
3,1,best,9,625,2.7716748633600385,1
3,1,best,10,687,2.7716748633600385,1
3,1,best,11,826,2.7716748633600385,1
3,1,best,12,895,2.7716748633600385,1
3,1,best,13,974,2.7716748633600385,1
3,1,best,14,1042,2.7716748633600385,1
3,2,best,0,15,1.0941320633843041,1
3,2,best,1,88,1.0941320633843041,1
3,2,best,2,117,1.0941320633843041,1
3,2,best,3,180,1.0941320633843041,1
3,2,best,4,241,1.0941320633843041,1
3,2,best,5,314,1.0941320633843041,1
3,2,best,6,412,1.0941320633843041,1
3,2,best,7,501,1.0941320633843041,1
3,2,best,8,527,1.0941320633843041,1
3,2,best,9,607,1.0941320633843041,1
3,2,best,10,686,1.0941320633843041,1
3,2,best,11,692,1.0941320633843041,1
3,2,best,12,756,1.0941320633843041,1
3,2,best,13,819,1.0941320633843041,1
3,2,best,14,880,1.0941320633843041,1
3,2,best,15,940,1.0941320633843041,1
3,2,hit,0,15,1.0941320633843041,1
3,2,hit,1,88,1.0941320633843041,1
3,2,hit,2,117,1.0941320633843041,1
3,2,hit,3,180,1.0941320633843041,1
3,2,hit,4,241,1.0941320633843041,1
3,2,hit,5,314,1.0941320633843041,1
3,2,hit,6,412,1.0941320633843041,1
3,2,hit,7,501,1.0941320633843041,1
3,2,hit,8,527,1.0941320633843041,1
3,2,hit,9,607,1.0941320633843041,1
3,2,hit,10,686,1.0941320633843041,1
3,2,hit,11,692,1.0941320633843041,1
3,2,hit,12,756,1.0941320633843041,1
3,2,hit,13,819,1.0941320633843041,1
3,2,hit,14,880,1.0941320633843041,1
3,2,hit,15,940,1.0941320633843041,1
3,3,best,0,13,11.056979050130382,1
3,3,best,1,78,11.056979050130382,1
3,3,best,2,126,11.056979050130382,1
3,3,best,3,199,11.056979050130382,1
3,3,best,4,266,11.056979050130382,1
3,3,best,5,330,11.056979050130382,1
3,3,best,6,399,11.056979050130382,1
3,3,best,7,489,11.056979050130382,1
3,3,best,8,573,11.056979050130382,1
3,3,best,9,640,11.056979050130382,1
3,3,best,10,686,11.056979050130382,1
3,3,best,11,776,11.056979050130382,1
3,3,best,12,846,11.056979050130382,1
3,3,best,13,908,11.056979050130382,1
3,3,best,14,917,11.056979050130382,1
3,3,best,15,984,11.056979050130382,1
4,0,best,0,38,9.31941434492271,1
4,0,best,1,98,9.31941434492271,1
4,0,best,2,143,9.31941434492271,1
4,0,best,3,197,9.31941434492271,1
4,0,best,4,263,9.31941434492271,1
4,0,best,5,334,9.31941434492271,1
4,0,best,6,402,9.31941434492271,1
4,0,best,7,466,9.31941434492271,1
4,0,best,8,525,9.31941434492271,1
4,0,best,9,583,9.31941434492271,1
4,0,best,10,645,9.31941434492271,1
4,0,best,11,764,9.31941434492271,1
4,0,best,12,802,9.31941434492271,1
4,0,best,13,903,9.31941434492271,1
4,0,best,14,1012,9.31941434492271,1
4,1,best,0,38,5.796567971176485,1
4,1,best,1,118,5.796567971176485,1
4,1,best,2,149,5.796567971176485,1
4,1,best,3,259,5.796567971176485,1
4,1,best,4,314,5.796567971176485,1
4,1,best,5,367,5.796567971176485,1
4,1,best,6,452,5.796567971176485,1
4,1,best,7,467,5.796567971176485,1
4,1,best,8,592,5.796567971176485,1
4,1,best,9,667,5.796567971176485,1
4,1,best,10,687,5.796567971176485,1
4,1,best,11,803,5.796567971176485,1
4,1,best,12,897,5.796567971176485,1
4,1,best,13,981,5.796567971176485,1
4,1,best,14,1042,5.796567971176485,1
4,1,hit,0,33,7.271758502826642,1
4,1,hit,1,83,7.271758502826642,1
4,1,hit,2,180,7.271758502826642,1
4,1,hit,3,259,7.271758502826642,1
4,1,hit,4,307,7.271758502826642,1
4,1,hit,5,362,7.271758502826642,1
4,1,hit,6,459,7.271758502826642,1
4,1,hit,7,527,7.271758502826642,1
4,1,hit,8,592,7.271758502826642,1
4,1,hit,9,681,7.271758502826642,1
4,1,hit,10,687,7.271758502826642,1
4,1,hit,11,813,7.271758502826642,1
4,1,hit,12,867,7.271758502826642,1
4,1,hit,13,983,7.271758502826642,1
4,1,hit,14,1036,7.271758502826642,1
4,2,best,0,45,8.891405611209311,1
4,2,best,1,82,8.891405611209311,1
4,2,best,2,117,8.891405611209311,1
4,2,best,3,180,8.891405611209311,1
4,2,best,4,241,8.891405611209311,1
4,2,best,5,351,8.891405611209311,1
4,2,best,6,377,8.891405611209311,1
4,2,best,7,441,8.891405611209311,1
4,2,best,8,564,8.891405611209311,1
4,2,best,9,569,8.891405611209311,1
4,2,best,10,643,8.891405611209311,1
4,2,best,11,692,8.891405611209311,1
4,2,best,12,807,8.891405611209311,1
4,2,best,13,819,8.891405611209311,1
4,2,best,14,880,8.891405611209311,1
4,2,best,15,940,8.891405611209311,1
4,3,best,0,13,20.856614514841837,1
4,3,best,1,78,20.856614514841837,1
4,3,best,2,126,20.856614514841837,1
4,3,best,3,199,20.856614514841837,1
4,3,best,4,266,20.856614514841837,1
4,3,best,5,330,20.856614514841837,1
4,3,best,6,399,20.856614514841837,1
4,3,best,7,489,20.856614514841837,1
4,3,best,8,573,20.856614514841837,1
4,3,best,9,640,20.856614514841837,1
4,3,best,10,686,20.856614514841837,1
4,3,best,11,776,20.856614514841837,1
4,3,best,12,846,20.856614514841837,1
4,3,best,13,908,20.856614514841837,1
4,3,best,14,917,20.856614514841837,1
4,3,best,15,984,20.856614514841837,1
5,0,best,0,4,0.6023611897787529,1
5,0,best,1,105,0.6023611897787529,1
5,0,best,2,167,0.6023611897787529,1
5,0,best,3,197,0.6023611897787529,1
5,0,best,4,263,0.6023611897787529,1
5,0,best,5,334,0.6023611897787529,1
5,0,best,6,402,0.6023611897787529,1
5,0,best,7,466,0.6023611897787529,1
5,0,best,8,525,0.6023611897787529,1
5,0,best,9,583,0.6023611897787529,1
5,0,best,10,645,0.6023611897787529,1
5,0,best,11,743,0.6023611897787529,1
5,0,best,12,835,0.6023611897787529,1
5,0,best,13,934,0.6023611897787529,1
5,0,best,14,1013,0.6023611897787529,1
5,1,best,0,34,0.22290838874066798,1
5,1,best,1,94,0.22290838874066798,1
5,1,best,2,193,0.22290838874066798,1
5,1,best,3,196,0.22290838874066798,1
5,1,best,4,314,0.22290838874066798,1
5,1,best,5,362,0.22290838874066798,1
5,1,best,6,459,0.22290838874066798,1
5,1,best,7,517,0.22290838874066798,1
5,1,best,8,592,0.22290838874066798,1
5,1,best,9,625,0.22290838874066798,1
5,1,best,10,687,0.22290838874066798,1
5,1,best,11,826,0.22290838874066798,1
5,1,best,12,905,0.22290838874066798,1
5,1,best,13,974,0.22290838874066798,1
5,1,best,14,1051,0.22290838874066798,1
5,1,hit,0,61,2.0868137965927946,1
5,1,hit,1,81,2.0868137965927946,1
5,1,hit,2,193,2.0868137965927946,1
5,1,hit,3,259,2.0868137965927946,1
5,1,hit,4,307,2.0868137965927946,1
5,1,hit,5,362,2.0868137965927946,1
5,1,hit,6,453,2.0868137965927946,1
5,1,hit,7,517,2.0868137965927946,1
5,1,hit,8,592,2.0868137965927946,1
5,1,hit,9,625,2.0868137965927946,1
5,1,hit,10,687,2.0868137965927946,1
5,1,hit,11,826,2.0868137965927946,1
5,1,hit,12,895,2.0868137965927946,1
5,1,hit,13,974,2.0868137965927946,1
5,1,hit,14,1035,2.0868137965927946,1
5,2,best,0,14,3.639021433542035,1
5,2,best,1,82,3.639021433542035,1
5,2,best,2,117,3.639021433542035,1
5,2,best,3,180,3.639021433542035,1
5,2,best,4,241,3.639021433542035,1
5,2,best,5,314,3.639021433542035,1
5,2,best,6,377,3.639021433542035,1
5,2,best,7,441,3.639021433542035,1
5,2,best,8,564,3.639021433542035,1
5,2,best,9,609,3.639021433542035,1
5,2,best,10,634,3.639021433542035,1
5,2,best,11,692,3.639021433542035,1
5,2,best,12,807,3.639021433542035,1
5,2,best,13,819,3.639021433542035,1
5,2,best,14,880,3.639021433542035,1
5,2,best,15,940,3.639021433542035,1
5,3,best,0,13,11.466668476364596,1
5,3,best,1,78,11.466668476364596,1
5,3,best,2,126,11.466668476364596,1
5,3,best,3,199,11.466668476364596,1
5,3,best,4,266,11.466668476364596,1
5,3,best,5,330,11.466668476364596,1
5,3,best,6,399,11.466668476364596,1
5,3,best,7,489,11.466668476364596,1
5,3,best,8,573,11.466668476364596,1
5,3,best,9,640,11.466668476364596,1
5,3,best,10,686,11.466668476364596,1
5,3,best,11,776,11.466668476364596,1
5,3,best,12,846,11.466668476364596,1
5,3,best,13,908,11.466668476364596,1
5,3,best,14,917,11.466668476364596,1
5,3,best,15,984,11.466668476364596,1
6,0,best,0,12,3.526539531232747,1
6,0,best,1,57,3.526539531232747,1
6,0,best,2,126,3.526539531232747,1
6,0,best,3,197,3.526539531232747,1
6,0,best,4,283,3.526539531232747,1
6,0,best,5,334,3.526539531232747,1
6,0,best,6,402,3.526539531232747,1
6,0,best,7,466,3.526539531232747,1
6,0,best,8,525,3.526539531232747,1
6,0,best,9,583,3.526539531232747,1
6,0,best,10,645,3.526539531232747,1
6,0,best,11,764,3.526539531232747,1
6,0,best,12,823,3.526539531232747,1
6,0,best,13,936,3.526539531232747,1
6,0,best,14,1013,3.526539531232747,1
6,1,best,0,52,4.711369437785344,1
6,1,best,1,76,4.711369437785344,1
6,1,best,2,165,4.711369437785344,1
6,1,best,3,259,4.711369437785344,1
6,1,best,4,292,4.711369437785344,1
6,1,best,5,362,4.711369437785344,1
6,1,best,6,461,4.711369437785344,1
6,1,best,7,517,4.711369437785344,1
6,1,best,8,592,4.711369437785344,1
6,1,best,9,685,4.711369437785344,1
6,1,best,10,747,4.711369437785344,1
6,1,best,11,813,4.711369437785344,1
6,1,best,12,903,4.711369437785344,1
6,1,best,13,981,4.711369437785344,1
6,1,best,14,985,4.711369437785344,1
6,2,best,0,20,6.195696537800223,1
6,2,best,1,106,6.195696537800223,1
6,2,best,2,137,6.195696537800223,1
6,2,best,3,180,6.195696537800223,1
6,2,best,4,241,6.195696537800223,1
6,2,best,5,349,6.195696537800223,1
6,2,best,6,439,6.195696537800223,1
6,2,best,7,478,6.195696537800223,1
6,2,best,8,554,6.195696537800223,1
6,2,best,9,630,6.195696537800223,1
6,2,best,10,677,6.195696537800223,1
6,2,best,11,745,6.195696537800223,1
6,2,best,12,807,6.195696537800223,1
6,2,best,13,819,6.195696537800223,1
6,2,best,14,880,6.195696537800223,1
6,2,best,15,940,6.195696537800223,1
6,2,hit,0,45,7.505455958214796,1
6,2,hit,1,88,7.505455958214796,1
6,2,hit,2,162,7.505455958214796,1
6,2,hit,3,180,7.505455958214796,1
6,2,hit,4,241,7.505455958214796,1
6,2,hit,5,314,7.505455958214796,1
6,2,hit,6,439,7.505455958214796,1
6,2,hit,7,441,7.505455958214796,1
6,2,hit,8,524,7.505455958214796,1
6,2,hit,9,631,7.505455958214796,1
6,2,hit,10,674,7.505455958214796,1
6,2,hit,11,692,7.505455958214796,1
6,2,hit,12,756,7.505455958214796,1
6,2,hit,13,819,7.505455958214796,1
6,2,hit,14,880,7.505455958214796,1
6,2,hit,15,940,7.505455958214796,1
6,3,best,0,35,15.12962129195488,1
6,3,best,1,118,15.12962129195488,1
6,3,best,2,172,15.12962129195488,1
6,3,best,3,199,15.12962129195488,1
6,3,best,4,312,15.12962129195488,1
6,3,best,5,330,15.12962129195488,1
6,3,best,6,399,15.12962129195488,1
6,3,best,7,514,15.12962129195488,1
6,3,best,8,573,15.12962129195488,1
6,3,best,9,640,15.12962129195488,1
6,3,best,10,701,15.12962129195488,1
6,3,best,11,778,15.12962129195488,1
6,3,best,12,822,15.12962129195488,1
6,3,best,13,887,15.12962129195488,1
6,3,best,14,961,15.12962129195488,1
6,3,best,15,984,15.12962129195488,1
7,0,best,0,55,71.63394872420592,1
7,0,best,1,75,71.63394872420592,1
7,0,best,2,186,71.63394872420592,1
7,0,best,3,228,71.63394872420592,1
7,0,best,4,264,71.63394872420592,1
7,0,best,5,388,71.63394872420592,1
7,0,best,6,415,71.63394872420592,1
7,0,best,7,479,71.63394872420592,1
7,0,best,8,553,71.63394872420592,1
7,0,best,9,617,71.63394872420592,1
7,0,best,10,682,71.63394872420592,1
7,0,best,11,773,71.63394872420592,1
7,0,best,12,847,71.63394872420592,1
7,0,best,13,927,71.63394872420592,1
7,0,best,14,1009,71.63394872420592,1
7,1,best,0,0,77.21930407006062,1
7,1,best,1,110,77.21930407006062,1
7,1,best,2,167,77.21930407006062,1
7,1,best,3,240,77.21930407006062,1
7,1,best,4,323,77.21930407006062,1
7,1,best,5,369,77.21930407006062,1
7,1,best,6,459,77.21930407006062,1
7,1,best,7,483,77.21930407006062,1
7,1,best,8,557,77.21930407006062,1
7,1,best,9,627,77.21930407006062,1
7,1,best,10,727,77.21930407006062,1
7,1,best,11,762,77.21930407006062,1
7,1,best,12,838,77.21930407006062,1
7,1,best,13,975,77.21930407006062,1
7,1,best,14,1052,77.21930407006062,1
7,2,best,0,10,94.3748868095485,1
7,2,best,1,76,94.3748868095485,1
7,2,best,2,146,94.3748868095485,1
7,2,best,3,236,94.3748868095485,1
7,2,best,4,241,94.3748868095485,1
7,2,best,5,326,94.3748868095485,1
7,2,best,6,403,94.3748868095485,1
7,2,best,7,451,94.3748868095485,1
7,2,best,8,505,94.3748868095485,1
7,2,best,9,569,94.3748868095485,1
7,2,best,10,634,94.3748868095485,1
7,2,best,11,692,94.3748868095485,1
7,2,best,12,803,94.3748868095485,1
7,2,best,13,839,94.3748868095485,1
7,2,best,14,928,94.3748868095485,1
7,2,best,15,962,94.3748868095485,1
7,3,best,0,11,57.343855849349325,1
7,3,best,1,70,57.343855849349325,1
7,3,best,2,149,57.343855849349325,1
7,3,best,3,218,57.343855849349325,1
7,3,best,4,318,57.343855849349325,1
7,3,best,5,340,57.343855849349325,1
7,3,best,6,416,57.343855849349325,1
7,3,best,7,477,57.343855849349325,1
7,3,best,8,567,57.343855849349325,1
7,3,best,9,622,57.343855849349325,1
7,3,best,10,653,57.343855849349325,1
7,3,best,11,715,57.343855849349325,1
7,3,best,12,786,57.343855849349325,1
7,3,best,13,857,57.343855849349325,1
7,3,best,14,931,57.343855849349325,1
7,3,best,15,992,57.343855849349325,1
7,3,hit,0,0,60.603447965539694,1
7,3,hit,1,107,60.603447965539694,1
7,3,hit,2,148,60.603447965539694,1
7,3,hit,3,223,60.603447965539694,1
7,3,hit,4,318,60.603447965539694,1
7,3,hit,5,335,60.603447965539694,1
7,3,hit,6,416,60.603447965539694,1
7,3,hit,7,465,60.603447965539694,1
7,3,hit,8,528,60.603447965539694,1
7,3,hit,9,579,60.603447965539694,1
7,3,hit,10,656,60.603447965539694,1
7,3,hit,11,726,60.603447965539694,1
7,3,hit,12,782,60.603447965539694,1
7,3,hit,13,848,60.603447965539694,1
7,3,hit,14,918,60.603447965539694,1
7,3,hit,15,985,60.603447965539694,1
8,0,best,0,55,6.473401552690678,1
8,0,best,1,75,6.473401552690678,1
8,0,best,2,192,6.473401552690678,1
8,0,best,3,205,6.473401552690678,1
8,0,best,4,292,6.473401552690678,1
8,0,best,5,334,6.473401552690678,1
8,0,best,6,402,6.473401552690678,1
8,0,best,7,484,6.473401552690678,1
8,0,best,8,563,6.473401552690678,1
8,0,best,9,583,6.473401552690678,1
8,0,best,10,676,6.473401552690678,1
8,0,best,11,762,6.473401552690678,1
8,0,best,12,820,6.473401552690678,1
8,0,best,13,927,6.473401552690678,1
8,0,best,14,1011,6.473401552690678,1
8,0,hit,0,55,6.473401552690678,1
8,0,hit,1,75,6.473401552690678,1
8,0,hit,2,192,6.473401552690678,1
8,0,hit,3,205,6.473401552690678,1
8,0,hit,4,292,6.473401552690678,1
8,0,hit,5,334,6.473401552690678,1
8,0,hit,6,402,6.473401552690678,1
8,0,hit,7,484,6.473401552690678,1
8,0,hit,8,563,6.473401552690678,1
8,0,hit,9,583,6.473401552690678,1
8,0,hit,10,676,6.473401552690678,1
8,0,hit,11,762,6.473401552690678,1
8,0,hit,12,820,6.473401552690678,1
8,0,hit,13,927,6.473401552690678,1
8,0,hit,14,1011,6.473401552690678,1
8,1,best,0,16,26.665397384824637,1
8,1,best,1,73,26.665397384824637,1
8,1,best,2,184,26.665397384824637,1
8,1,best,3,254,26.665397384824637,1
8,1,best,4,307,26.665397384824637,1
8,1,best,5,373,26.665397384824637,1
8,1,best,6,461,26.665397384824637,1
8,1,best,7,520,26.665397384824637,1
8,1,best,8,592,26.665397384824637,1
8,1,best,9,625,26.665397384824637,1
8,1,best,10,734,26.665397384824637,1
8,1,best,11,820,26.665397384824637,1
8,1,best,12,881,26.665397384824637,1
8,1,best,13,983,26.665397384824637,1
8,1,best,14,1043,26.665397384824637,1
8,2,best,0,10,22.538790145345565,1
8,2,best,1,89,22.538790145345565,1
8,2,best,2,117,22.538790145345565,1
8,2,best,3,180,22.538790145345565,1
8,2,best,4,241,22.538790145345565,1
8,2,best,5,326,22.538790145345565,1
8,2,best,6,412,22.538790145345565,1
8,2,best,7,478,22.538790145345565,1
8,2,best,8,505,22.538790145345565,1
8,2,best,9,569,22.538790145345565,1
8,2,best,10,634,22.538790145345565,1
8,2,best,11,692,22.538790145345565,1
8,2,best,12,790,22.538790145345565,1
8,2,best,13,819,22.538790145345565,1
8,2,best,14,880,22.538790145345565,1
8,2,best,15,940,22.538790145345565,1
8,3,best,0,0,17.491632961548575,1
8,3,best,1,62,17.491632961548575,1
8,3,best,2,125,17.491632961548575,1
8,3,best,3,198,17.491632961548575,1
8,3,best,4,262,17.491632961548575,1
8,3,best,5,329,17.491632961548575,1
8,3,best,6,396,17.491632961548575,1
8,3,best,7,458,17.491632961548575,1
8,3,best,8,517,17.491632961548575,1
8,3,best,9,578,17.491632961548575,1
8,3,best,10,650,17.491632961548575,1
8,3,best,11,714,17.491632961548575,1
8,3,best,12,781,17.491632961548575,1
8,3,best,13,847,17.491632961548575,1
8,3,best,14,917,17.491632961548575,1
8,3,best,15,984,17.491632961548575,1
9,0,best,0,43,5.479519446433881,1
9,0,best,1,118,5.479519446433881,1
9,0,best,2,140,5.479519446433881,1
9,0,best,3,221,5.479519446433881,1
9,0,best,4,299,5.479519446433881,1
9,0,best,5,397,5.479519446433881,1
9,0,best,6,455,5.479519446433881,1
9,0,best,7,466,5.479519446433881,1
9,0,best,8,525,5.479519446433881,1
9,0,best,9,583,5.479519446433881,1
9,0,best,10,645,5.479519446433881,1
9,0,best,11,762,5.479519446433881,1
9,0,best,12,827,5.479519446433881,1
9,0,best,13,895,5.479519446433881,1
9,0,best,14,1011,5.479519446433881,1
9,0,hit,0,43,6.481566991318295,1
9,0,hit,1,77,6.481566991318295,1
9,0,hit,2,163,6.481566991318295,1
9,0,hit,3,238,6.481566991318295,1
9,0,hit,4,302,6.481566991318295,1
9,0,hit,5,368,6.481566991318295,1
9,0,hit,6,442,6.481566991318295,1
9,0,hit,7,515,6.481566991318295,1
9,0,hit,8,563,6.481566991318295,1
9,0,hit,9,631,6.481566991318295,1
9,0,hit,10,671,6.481566991318295,1
9,0,hit,11,743,6.481566991318295,1
9,0,hit,12,820,6.481566991318295,1
9,0,hit,13,913,6.481566991318295,1
9,0,hit,14,1007,6.481566991318295,1
9,1,best,0,53,18.01869979139138,1
9,1,best,1,82,18.01869979139138,1
9,1,best,2,178,18.01869979139138,1
9,1,best,3,239,18.01869979139138,1
9,1,best,4,263,18.01869979139138,1
9,1,best,5,362,18.01869979139138,1
9,1,best,6,459,18.01869979139138,1
9,1,best,7,504,18.01869979139138,1
9,1,best,8,561,18.01869979139138,1
9,1,best,9,679,18.01869979139138,1
9,1,best,10,687,18.01869979139138,1
9,1,best,11,791,18.01869979139138,1
9,1,best,12,879,18.01869979139138,1
9,1,best,13,975,18.01869979139138,1
9,1,best,14,1052,18.01869979139138,1
9,2,best,0,10,22.1599821520872,1
9,2,best,1,89,22.1599821520872,1
9,2,best,2,117,22.1599821520872,1
9,2,best,3,180,22.1599821520872,1
9,2,best,4,241,22.1599821520872,1
9,2,best,5,326,22.1599821520872,1
9,2,best,6,412,22.1599821520872,1
9,2,best,7,478,22.1599821520872,1
9,2,best,8,505,22.1599821520872,1
9,2,best,9,569,22.1599821520872,1
9,2,best,10,634,22.1599821520872,1
9,2,best,11,692,22.1599821520872,1
9,2,best,12,790,22.1599821520872,1
9,2,best,13,819,22.1599821520872,1
9,2,best,14,880,22.1599821520872,1
9,2,best,15,940,22.1599821520872,1
9,3,best,0,41,19.007557909002823,1
9,3,best,1,86,19.007557909002823,1
9,3,best,2,160,19.007557909002823,1
9,3,best,3,224,19.007557909002823,1
9,3,best,4,283,19.007557909002823,1
9,3,best,5,388,19.007557909002823,1
9,3,best,6,426,19.007557909002823,1
9,3,best,7,491,19.007557909002823,1
9,3,best,8,517,19.007557909002823,1
9,3,best,9,649,19.007557909002823,1
9,3,best,10,683,19.007557909002823,1
9,3,best,11,763,19.007557909002823,1
9,3,best,12,781,19.007557909002823,1
9,3,best,13,897,19.007557909002823,1
9,3,best,14,917,19.007557909002823,1
9,3,best,15,1027,19.007557909002823,1
10,0,best,0,16,13.230519366646424,1
10,0,best,1,105,13.230519366646424,1
10,0,best,2,130,13.230519366646424,1
10,0,best,3,197,13.230519366646424,1
10,0,best,4,263,13.230519366646424,1
10,0,best,5,334,13.230519366646424,1
10,0,best,6,402,13.230519366646424,1
10,0,best,7,466,13.230519366646424,1
10,0,best,8,566,13.230519366646424,1
10,0,best,9,625,13.230519366646424,1
10,0,best,10,645,13.230519366646424,1
10,0,best,11,751,13.230519366646424,1
10,0,best,12,783,13.230519366646424,1
10,0,best,13,877,13.230519366646424,1
10,0,best,14,1012,13.230519366646424,1
10,1,best,0,33,6.491396051748901,1
10,1,best,1,80,6.491396051748901,1
10,1,best,2,172,6.491396051748901,1
10,1,best,3,222,6.491396051748901,1
10,1,best,4,319,6.491396051748901,1
10,1,best,5,362,6.491396051748901,1
10,1,best,6,461,6.491396051748901,1
10,1,best,7,504,6.491396051748901,1
10,1,best,8,567,6.491396051748901,1
10,1,best,9,677,6.491396051748901,1
10,1,best,10,687,6.491396051748901,1
10,1,best,11,804,6.491396051748901,1
10,1,best,12,904,6.491396051748901,1
10,1,best,13,984,6.491396051748901,1
10,1,best,14,1042,6.491396051748901,1
10,1,hit,0,32,14.239645232320886,1
10,1,hit,1,73,14.239645232320886,1
10,1,hit,2,193,14.239645232320886,1
10,1,hit,3,253,14.239645232320886,1
10,1,hit,4,307,14.239645232320886,1
10,1,hit,5,362,14.239645232320886,1
10,1,hit,6,450,14.239645232320886,1
10,1,hit,7,517,14.239645232320886,1
10,1,hit,8,592,14.239645232320886,1
10,1,hit,9,677,14.239645232320886,1
10,1,hit,10,687,14.239645232320886,1
10,1,hit,11,820,14.239645232320886,1
10,1,hit,12,905,14.239645232320886,1
10,1,hit,13,984,14.239645232320886,1
10,1,hit,14,985,14.239645232320886,1
10,2,best,0,46,14.07788421714475,1
10,2,best,1,82,14.07788421714475,1
10,2,best,2,117,14.07788421714475,1
10,2,best,3,180,14.07788421714475,1
10,2,best,4,241,14.07788421714475,1
10,2,best,5,314,14.07788421714475,1
10,2,best,6,377,14.07788421714475,1
10,2,best,7,441,14.07788421714475,1
10,2,best,8,556,14.07788421714475,1
10,2,best,9,626,14.07788421714475,1
10,2,best,10,669,14.07788421714475,1
10,2,best,11,692,14.07788421714475,1
10,2,best,12,807,14.07788421714475,1
10,2,best,13,819,14.07788421714475,1
10,2,best,14,880,14.07788421714475,1
10,2,best,15,940,14.07788421714475,1
10,3,best,0,26,24.26602140066253,1
10,3,best,1,63,24.26602140066253,1
10,3,best,2,141,24.26602140066253,1
10,3,best,3,226,24.26602140066253,1
10,3,best,4,312,24.26602140066253,1
10,3,best,5,330,24.26602140066253,1
10,3,best,6,399,24.26602140066253,1
10,3,best,7,489,24.26602140066253,1
10,3,best,8,573,24.26602140066253,1
10,3,best,9,640,24.26602140066253,1
10,3,best,10,686,24.26602140066253,1
10,3,best,11,778,24.26602140066253,1
10,3,best,12,810,24.26602140066253,1
10,3,best,13,875,24.26602140066253,1
10,3,best,14,961,24.26602140066253,1
10,3,best,15,984,24.26602140066253,1
11,0,best,0,50,15.474235003045955,1
11,0,best,1,63,15.474235003045955,1
11,0,best,2,149,15.474235003045955,1
11,0,best,3,235,15.474235003045955,1
11,0,best,4,277,15.474235003045955,1
11,0,best,5,385,15.474235003045955,1
11,0,best,6,455,15.474235003045955,1
11,0,best,7,508,15.474235003045955,1
11,0,best,8,579,15.474235003045955,1
11,0,best,9,625,15.474235003045955,1
11,0,best,10,676,15.474235003045955,1
11,0,best,11,762,15.474235003045955,1
11,0,best,12,855,15.474235003045955,1
11,0,best,13,862,15.474235003045955,1
11,0,best,14,1009,15.474235003045955,1
11,1,best,0,47,35.25107260551805,1
11,1,best,1,65,35.25107260551805,1
11,1,best,2,193,35.25107260551805,1
11,1,best,3,222,35.25107260551805,1
11,1,best,4,307,35.25107260551805,1
11,1,best,5,371,35.25107260551805,1
11,1,best,6,462,35.25107260551805,1
11,1,best,7,524,35.25107260551805,1
11,1,best,8,588,35.25107260551805,1
11,1,best,9,684,35.25107260551805,1
11,1,best,10,743,35.25107260551805,1
11,1,best,11,753,35.25107260551805,1
11,1,best,12,881,35.25107260551805,1
11,1,best,13,981,35.25107260551805,1
11,1,best,14,1035,35.25107260551805,1
11,2,best,0,52,28.495664905778604,1
11,2,best,1,104,28.495664905778604,1
11,2,best,2,147,28.495664905778604,1
11,2,best,3,234,28.495664905778604,1
11,2,best,4,241,28.495664905778604,1
11,2,best,5,359,28.495664905778604,1
11,2,best,6,377,28.495664905778604,1
11,2,best,7,502,28.495664905778604,1
11,2,best,8,564,28.495664905778604,1
11,2,best,9,569,28.495664905778604,1
11,2,best,10,634,28.495664905778604,1
11,2,best,11,692,28.495664905778604,1
11,2,best,12,815,28.495664905778604,1
11,2,best,13,819,28.495664905778604,1
11,2,best,14,884,28.495664905778604,1
11,2,best,15,999,28.495664905778604,1
11,3,best,0,0,13.234051784415511,1
11,3,best,1,62,13.234051784415511,1
11,3,best,2,153,13.234051784415511,1
11,3,best,3,212,13.234051784415511,1
11,3,best,4,287,13.234051784415511,1
11,3,best,5,368,13.234051784415511,1
11,3,best,6,447,13.234051784415511,1
11,3,best,7,458,13.234051784415511,1
11,3,best,8,517,13.234051784415511,1
11,3,best,9,640,13.234051784415511,1
11,3,best,10,693,13.234051784415511,1
11,3,best,11,780,13.234051784415511,1
11,3,best,12,839,13.234051784415511,1
11,3,best,13,914,13.234051784415511,1
11,3,best,14,981,13.234051784415511,1
11,3,best,15,1020,13.234051784415511,1
11,3,hit,0,0,16.7808832613504,1
11,3,hit,1,101,16.7808832613504,1
11,3,hit,2,182,16.7808832613504,1
11,3,hit,3,200,16.7808832613504,1
11,3,hit,4,267,16.7808832613504,1
11,3,hit,5,386,16.7808832613504,1
11,3,hit,6,396,16.7808832613504,1
11,3,hit,7,501,16.7808832613504,1
11,3,hit,8,566,16.7808832613504,1
11,3,hit,9,578,16.7808832613504,1
11,3,hit,10,686,16.7808832613504,1
11,3,hit,11,780,16.7808832613504,1
11,3,hit,12,839,16.7808832613504,1
11,3,hit,13,894,16.7808832613504,1
11,3,hit,14,917,16.7808832613504,1
11,3,hit,15,984,16.7808832613504,1
12,0,best,0,18,6.121346961034873,1
12,0,best,1,115,6.121346961034873,1
12,0,best,2,143,6.121346961034873,1
12,0,best,3,216,6.121346961034873,1
12,0,best,4,263,6.121346961034873,1
12,0,best,5,334,6.121346961034873,1
12,0,best,6,402,6.121346961034873,1
12,0,best,7,466,6.121346961034873,1
12,0,best,8,525,6.121346961034873,1
12,0,best,9,583,6.121346961034873,1
12,0,best,10,645,6.121346961034873,1
12,0,best,11,777,6.121346961034873,1
12,0,best,12,787,6.121346961034873,1
12,0,best,13,877,6.121346961034873,1
12,0,best,14,1012,6.121346961034873,1
12,1,best,0,33,5.095937476049198,1
12,1,best,1,83,5.095937476049198,1
12,1,best,2,180,5.095937476049198,1
12,1,best,3,259,5.095937476049198,1
12,1,best,4,307,5.095937476049198,1
12,1,best,5,362,5.095937476049198,1
12,1,best,6,459,5.095937476049198,1
12,1,best,7,527,5.095937476049198,1
12,1,best,8,592,5.095937476049198,1
12,1,best,9,681,5.095937476049198,1
12,1,best,10,687,5.095937476049198,1
12,1,best,11,813,5.095937476049198,1
12,1,best,12,867,5.095937476049198,1
12,1,best,13,983,5.095937476049198,1
12,1,best,14,1036,5.095937476049198,1
12,1,hit,0,1,7.153416920654681,1
12,1,hit,1,123,7.153416920654681,1
12,1,hit,2,193,7.153416920654681,1
12,1,hit,3,259,7.153416920654681,1
12,1,hit,4,307,7.153416920654681,1
12,1,hit,5,362,7.153416920654681,1
12,1,hit,6,452,7.153416920654681,1
12,1,hit,7,517,7.153416920654681,1
12,1,hit,8,592,7.153416920654681,1
12,1,hit,9,625,7.153416920654681,1
12,1,hit,10,687,7.153416920654681,1
12,1,hit,11,820,7.153416920654681,1
12,1,hit,12,904,7.153416920654681,1
12,1,hit,13,974,7.153416920654681,1
12,1,hit,14,985,7.153416920654681,1
12,2,best,0,48,5.406615281817728,1
12,2,best,1,74,5.406615281817728,1
12,2,best,2,117,5.406615281817728,1
12,2,best,3,180,5.406615281817728,1
12,2,best,4,241,5.406615281817728,1
12,2,best,5,314,5.406615281817728,1
12,2,best,6,422,5.406615281817728,1
12,2,best,7,494,5.406615281817728,1
12,2,best,8,564,5.406615281817728,1
12,2,best,9,627,5.406615281817728,1
12,2,best,10,634,5.406615281817728,1
12,2,best,11,692,5.406615281817728,1
12,2,best,12,756,5.406615281817728,1
12,2,best,13,819,5.406615281817728,1
12,2,best,14,880,5.406615281817728,1
12,2,best,15,940,5.406615281817728,1
12,3,best,0,13,17.930825111559855,1
12,3,best,1,78,17.930825111559855,1
12,3,best,2,126,17.930825111559855,1
12,3,best,3,199,17.930825111559855,1
12,3,best,4,266,17.930825111559855,1
12,3,best,5,330,17.930825111559855,1
12,3,best,6,399,17.930825111559855,1
12,3,best,7,489,17.930825111559855,1
12,3,best,8,573,17.930825111559855,1
12,3,best,9,640,17.930825111559855,1
12,3,best,10,686,17.930825111559855,1
12,3,best,11,776,17.930825111559855,1
12,3,best,12,846,17.930825111559855,1
12,3,best,13,908,17.930825111559855,1
12,3,best,14,917,17.930825111559855,1
12,3,best,15,984,17.930825111559855,1
13,0,best,0,5,4.637811030344177,1
13,0,best,1,83,4.637811030344177,1
13,0,best,2,188,4.637811030344177,1
13,0,best,3,232,4.637811030344177,1
13,0,best,4,326,4.637811030344177,1
13,0,best,5,334,4.637811030344177,1
13,0,best,6,402,4.637811030344177,1
13,0,best,7,466,4.637811030344177,1
13,0,best,8,540,4.637811030344177,1
13,0,best,9,631,4.637811030344177,1
13,0,best,10,707,4.637811030344177,1
13,0,best,11,779,4.637811030344177,1
13,0,best,12,846,4.637811030344177,1
13,0,best,13,914,4.637811030344177,1
13,0,best,14,1007,4.637811030344177,1
13,0,hit,0,6,8.933215776198644,1
13,0,hit,1,106,8.933215776198644,1
13,0,hit,2,126,8.933215776198644,1
13,0,hit,3,249,8.933215776198644,1
13,0,hit,4,299,8.933215776198644,1
13,0,hit,5,334,8.933215776198644,1
13,0,hit,6,402,8.933215776198644,1
13,0,hit,7,466,8.933215776198644,1
13,0,hit,8,573,8.933215776198644,1
13,0,hit,9,583,8.933215776198644,1
13,0,hit,10,645,8.933215776198644,1
13,0,hit,11,743,8.933215776198644,1
13,0,hit,12,855,8.933215776198644,1
13,0,hit,13,862,8.933215776198644,1
13,0,hit,14,1007,8.933215776198644,1
13,1,best,0,60,6.919703202222581,1
13,1,best,1,104,6.919703202222581,1
13,1,best,2,184,6.919703202222581,1
13,1,best,3,196,6.919703202222581,1
13,1,best,4,307,6.919703202222581,1
13,1,best,5,362,6.919703202222581,1
13,1,best,6,461,6.919703202222581,1
13,1,best,7,517,6.919703202222581,1
13,1,best,8,592,6.919703202222581,1
13,1,best,9,625,6.919703202222581,1
13,1,best,10,687,6.919703202222581,1
13,1,best,11,826,6.919703202222581,1
13,1,best,12,895,6.919703202222581,1
13,1,best,13,974,6.919703202222581,1
13,1,best,14,1042,6.919703202222581,1
13,2,best,0,43,12.239382916324182,1
13,2,best,1,82,12.239382916324182,1
13,2,best,2,117,12.239382916324182,1
13,2,best,3,180,12.239382916324182,1
13,2,best,4,241,12.239382916324182,1
13,2,best,5,314,12.239382916324182,1
13,2,best,6,377,12.239382916324182,1
13,2,best,7,441,12.239382916324182,1
13,2,best,8,564,12.239382916324182,1
13,2,best,9,601,12.239382916324182,1
13,2,best,10,634,12.239382916324182,1
13,2,best,11,692,12.239382916324182,1
13,2,best,12,756,12.239382916324182,1
13,2,best,13,819,12.239382916324182,1
13,2,best,14,880,12.239382916324182,1
13,2,best,15,940,12.239382916324182,1
13,3,best,0,13,15.287804134749276,1
13,3,best,1,78,15.287804134749276,1
13,3,best,2,126,15.287804134749276,1
13,3,best,3,199,15.287804134749276,1
13,3,best,4,266,15.287804134749276,1
13,3,best,5,330,15.287804134749276,1
13,3,best,6,399,15.287804134749276,1
13,3,best,7,489,15.287804134749276,1
13,3,best,8,573,15.287804134749276,1
13,3,best,9,640,15.287804134749276,1
13,3,best,10,686,15.287804134749276,1
13,3,best,11,776,15.287804134749276,1
13,3,best,12,846,15.287804134749276,1
13,3,best,13,908,15.287804134749276,1
13,3,best,14,917,15.287804134749276,1
13,3,best,15,984,15.287804134749276,1
14,0,best,0,16,4.081825611728584,1
14,0,best,1,83,4.081825611728584,1
14,0,best,2,143,4.081825611728584,1
14,0,best,3,256,4.081825611728584,1
14,0,best,4,294,4.081825611728584,1
14,0,best,5,334,4.081825611728584,1
14,0,best,6,402,4.081825611728584,1
14,0,best,7,466,4.081825611728584,1
14,0,best,8,566,4.081825611728584,1
14,0,best,9,583,4.081825611728584,1
14,0,best,10,707,4.081825611728584,1
14,0,best,11,758,4.081825611728584,1
14,0,best,12,838,4.081825611728584,1
14,0,best,13,922,4.081825611728584,1
14,0,best,14,1013,4.081825611728584,1
14,0,hit,0,37,7.5192742640881445,1
14,0,hit,1,83,7.5192742640881445,1
14,0,hit,2,155,7.5192742640881445,1
14,0,hit,3,197,7.5192742640881445,1
14,0,hit,4,263,7.5192742640881445,1
14,0,hit,5,334,7.5192742640881445,1
14,0,hit,6,402,7.5192742640881445,1
14,0,hit,7,466,7.5192742640881445,1
14,0,hit,8,525,7.5192742640881445,1
14,0,hit,9,583,7.5192742640881445,1
14,0,hit,10,645,7.5192742640881445,1
14,0,hit,11,767,7.5192742640881445,1
14,0,hit,12,838,7.5192742640881445,1
14,0,hit,13,922,7.5192742640881445,1
14,0,hit,14,1013,7.5192742640881445,1
14,1,best,0,60,5.830104679556299,1
14,1,best,1,91,5.830104679556299,1
14,1,best,2,165,5.830104679556299,1
14,1,best,3,259,5.830104679556299,1
14,1,best,4,314,5.830104679556299,1
14,1,best,5,362,5.830104679556299,1
14,1,best,6,452,5.830104679556299,1
14,1,best,7,504,5.830104679556299,1
14,1,best,8,592,5.830104679556299,1
14,1,best,9,685,5.830104679556299,1
14,1,best,10,687,5.830104679556299,1
14,1,best,11,803,5.830104679556299,1
14,1,best,12,903,5.830104679556299,1
14,1,best,13,981,5.830104679556299,1
14,1,best,14,1035,5.830104679556299,1
14,2,best,0,13,13.23890003383081,1
14,2,best,1,88,13.23890003383081,1
14,2,best,2,117,13.23890003383081,1
14,2,best,3,180,13.23890003383081,1
14,2,best,4,241,13.23890003383081,1
14,2,best,5,367,13.23890003383081,1
14,2,best,6,416,13.23890003383081,1
14,2,best,7,441,13.23890003383081,1
14,2,best,8,564,13.23890003383081,1
14,2,best,9,631,13.23890003383081,1
14,2,best,10,634,13.23890003383081,1
14,2,best,11,692,13.23890003383081,1
14,2,best,12,807,13.23890003383081,1
14,2,best,13,819,13.23890003383081,1
14,2,best,14,880,13.23890003383081,1
14,2,best,15,940,13.23890003383081,1
14,3,best,0,13,17.90635943380777,1
14,3,best,1,78,17.90635943380777,1
14,3,best,2,126,17.90635943380777,1
14,3,best,3,199,17.90635943380777,1
14,3,best,4,266,17.90635943380777,1
14,3,best,5,330,17.90635943380777,1
14,3,best,6,399,17.90635943380777,1
14,3,best,7,489,17.90635943380777,1
14,3,best,8,573,17.90635943380777,1
14,3,best,9,640,17.90635943380777,1
14,3,best,10,686,17.90635943380777,1
14,3,best,11,776,17.90635943380777,1
14,3,best,12,846,17.90635943380777,1
14,3,best,13,908,17.90635943380777,1
14,3,best,14,917,17.90635943380777,1
14,3,best,15,984,17.90635943380777,1
15,0,best,0,4,2.9369458638388064,1
15,0,best,1,105,2.9369458638388064,1
15,0,best,2,167,2.9369458638388064,1
15,0,best,3,197,2.9369458638388064,1
15,0,best,4,263,2.9369458638388064,1
15,0,best,5,334,2.9369458638388064,1
15,0,best,6,402,2.9369458638388064,1
15,0,best,7,466,2.9369458638388064,1
15,0,best,8,525,2.9369458638388064,1
15,0,best,9,583,2.9369458638388064,1
15,0,best,10,645,2.9369458638388064,1
15,0,best,11,743,2.9369458638388064,1
15,0,best,12,835,2.9369458638388064,1
15,0,best,13,934,2.9369458638388064,1
15,0,best,14,1013,2.9369458638388064,1
15,1,best,0,61,2.2516026861695853,1
15,1,best,1,81,2.2516026861695853,1
15,1,best,2,193,2.2516026861695853,1
15,1,best,3,259,2.2516026861695853,1
15,1,best,4,307,2.2516026861695853,1
15,1,best,5,362,2.2516026861695853,1
15,1,best,6,453,2.2516026861695853,1
15,1,best,7,517,2.2516026861695853,1
15,1,best,8,592,2.2516026861695853,1
15,1,best,9,625,2.2516026861695853,1
15,1,best,10,687,2.2516026861695853,1
15,1,best,11,826,2.2516026861695853,1
15,1,best,12,895,2.2516026861695853,1
15,1,best,13,974,2.2516026861695853,1
15,1,best,14,1035,2.2516026861695853,1
15,1,hit,0,61,2.2516026861695853,1
15,1,hit,1,81,2.2516026861695853,1
15,1,hit,2,193,2.2516026861695853,1
15,1,hit,3,259,2.2516026861695853,1
15,1,hit,4,307,2.2516026861695853,1
15,1,hit,5,362,2.2516026861695853,1
15,1,hit,6,453,2.2516026861695853,1
15,1,hit,7,517,2.2516026861695853,1
15,1,hit,8,592,2.2516026861695853,1
15,1,hit,9,625,2.2516026861695853,1
15,1,hit,10,687,2.2516026861695853,1
15,1,hit,11,826,2.2516026861695853,1
15,1,hit,12,895,2.2516026861695853,1
15,1,hit,13,974,2.2516026861695853,1
15,1,hit,14,1035,2.2516026861695853,1
15,2,best,0,41,5.198052577564084,1
15,2,best,1,82,5.198052577564084,1
15,2,best,2,117,5.198052577564084,1
15,2,best,3,180,5.198052577564084,1
15,2,best,4,241,5.198052577564084,1
15,2,best,5,314,5.198052577564084,1
15,2,best,6,377,5.198052577564084,1
15,2,best,7,441,5.198052577564084,1
15,2,best,8,564,5.198052577564084,1
15,2,best,9,625,5.198052577564084,1
15,2,best,10,634,5.198052577564084,1
15,2,best,11,692,5.198052577564084,1
15,2,best,12,756,5.198052577564084,1
15,2,best,13,819,5.198052577564084,1
15,2,best,14,880,5.198052577564084,1
15,2,best,15,940,5.198052577564084,1
15,3,best,0,13,15.671865869330535,1
15,3,best,1,78,15.671865869330535,1
15,3,best,2,126,15.671865869330535,1
15,3,best,3,199,15.671865869330535,1
15,3,best,4,266,15.671865869330535,1
15,3,best,5,330,15.671865869330535,1
15,3,best,6,399,15.671865869330535,1
15,3,best,7,489,15.671865869330535,1
15,3,best,8,573,15.671865869330535,1
15,3,best,9,640,15.671865869330535,1
15,3,best,10,686,15.671865869330535,1
15,3,best,11,776,15.671865869330535,1
15,3,best,12,846,15.671865869330535,1
15,3,best,13,908,15.671865869330535,1
15,3,best,14,917,15.671865869330535,1
15,3,best,15,984,15.671865869330535,1
16,0,best,0,1,12.518998688391324,1
16,0,best,1,101,12.518998688391324,1
16,0,best,2,164,12.518998688391324,1
16,0,best,3,205,12.518998688391324,1
16,0,best,4,299,12.518998688391324,1
16,0,best,5,395,12.518998688391324,1
16,0,best,6,458,12.518998688391324,1
16,0,best,7,468,12.518998688391324,1
16,0,best,8,554,12.518998688391324,1
16,0,best,9,632,12.518998688391324,1
16,0,best,10,645,12.518998688391324,1
16,0,best,11,743,12.518998688391324,1
16,0,best,12,820,12.518998688391324,1
16,0,best,13,904,12.518998688391324,1
16,0,best,14,1007,12.518998688391324,1
16,1,best,0,17,19.801678781084707,1
16,1,best,1,65,19.801678781084707,1
16,1,best,2,168,19.801678781084707,1
16,1,best,3,216,19.801678781084707,1
16,1,best,4,315,19.801678781084707,1
16,1,best,5,325,19.801678781084707,1
16,1,best,6,466,19.801678781084707,1
16,1,best,7,504,19.801678781084707,1
16,1,best,8,592,19.801678781084707,1
16,1,best,9,686,19.801678781084707,1
16,1,best,10,687,19.801678781084707,1
16,1,best,11,826,19.801678781084707,1
16,1,best,12,895,19.801678781084707,1
16,1,best,13,976,19.801678781084707,1
16,1,best,14,1028,19.801678781084707,1
16,2,best,0,44,15.327724235008523,1
16,2,best,1,86,15.327724235008523,1
16,2,best,2,117,15.327724235008523,1
16,2,best,3,222,15.327724235008523,1
16,2,best,4,307,15.327724235008523,1
16,2,best,5,346,15.327724235008523,1
16,2,best,6,423,15.327724235008523,1
16,2,best,7,480,15.327724235008523,1
16,2,best,8,564,15.327724235008523,1
16,2,best,9,569,15.327724235008523,1
16,2,best,10,634,15.327724235008523,1
16,2,best,11,692,15.327724235008523,1
16,2,best,12,802,15.327724235008523,1
16,2,best,13,819,15.327724235008523,1
16,2,best,14,880,15.327724235008523,1
16,2,best,15,988,15.327724235008523,1
16,3,best,0,0,9.067828646378246,1
16,3,best,1,68,9.067828646378246,1
16,3,best,2,164,9.067828646378246,1
16,3,best,3,207,9.067828646378246,1
16,3,best,4,322,9.067828646378246,1
16,3,best,5,363,9.067828646378246,1
16,3,best,6,450,9.067828646378246,1
16,3,best,7,498,9.067828646378246,1
16,3,best,8,517,9.067828646378246,1
16,3,best,9,640,9.067828646378246,1
16,3,best,10,686,9.067828646378246,1
16,3,best,11,762,9.067828646378246,1
16,3,best,12,809,9.067828646378246,1
16,3,best,13,914,9.067828646378246,1
16,3,best,14,917,9.067828646378246,1
16,3,best,15,984,9.067828646378246,1
16,3,hit,0,0,9.067828646378246,1
16,3,hit,1,68,9.067828646378246,1
16,3,hit,2,164,9.067828646378246,1
16,3,hit,3,207,9.067828646378246,1
16,3,hit,4,322,9.067828646378246,1
16,3,hit,5,363,9.067828646378246,1
16,3,hit,6,450,9.067828646378246,1
16,3,hit,7,498,9.067828646378246,1
16,3,hit,8,517,9.067828646378246,1
16,3,hit,9,640,9.067828646378246,1
16,3,hit,10,686,9.067828646378246,1
16,3,hit,11,762,9.067828646378246,1
16,3,hit,12,809,9.067828646378246,1
16,3,hit,13,914,9.067828646378246,1
16,3,hit,14,917,9.067828646378246,1
16,3,hit,15,984,9.067828646378246,1
17,0,best,0,13,14.89755000370391,1
17,0,best,1,87,14.89755000370391,1
17,0,best,2,174,14.89755000370391,1
17,0,best,3,205,14.89755000370391,1
17,0,best,4,315,14.89755000370391,1
17,0,best,5,370,14.89755000370391,1
17,0,best,6,439,14.89755000370391,1
17,0,best,7,520,14.89755000370391,1
17,0,best,8,554,14.89755000370391,1
17,0,best,9,632,14.89755000370391,1
17,0,best,10,691,14.89755000370391,1
17,0,best,11,743,14.89755000370391,1
17,0,best,12,855,14.89755000370391,1
17,0,best,13,926,14.89755000370391,1
17,0,best,14,1004,14.89755000370391,1
17,0,hit,0,23,21.511082899932042,1
17,0,hit,1,58,21.511082899932042,1
17,0,hit,2,137,21.511082899932042,1
17,0,hit,3,220,21.511082899932042,1
17,0,hit,4,302,21.511082899932042,1
17,0,hit,5,393,21.511082899932042,1
17,0,hit,6,454,21.511082899932042,1
17,0,hit,7,523,21.511082899932042,1
17,0,hit,8,579,21.511082899932042,1
17,0,hit,9,588,21.511082899932042,1
17,0,hit,10,707,21.511082899932042,1
17,0,hit,11,732,21.511082899932042,1
17,0,hit,12,785,21.511082899932042,1
17,0,hit,13,907,21.511082899932042,1
17,0,hit,14,1007,21.511082899932042,1
17,1,best,0,37,34.80301818190232,1
17,1,best,1,105,34.80301818190232,1
17,1,best,2,184,34.80301818190232,1
17,1,best,3,259,34.80301818190232,1
17,1,best,4,304,34.80301818190232,1
17,1,best,5,367,34.80301818190232,1
17,1,best,6,457,34.80301818190232,1
17,1,best,7,504,34.80301818190232,1
17,1,best,8,592,34.80301818190232,1
17,1,best,9,685,34.80301818190232,1
17,1,best,10,687,34.80301818190232,1
17,1,best,11,802,34.80301818190232,1
17,1,best,12,869,34.80301818190232,1
17,1,best,13,975,34.80301818190232,1
17,1,best,14,1044,34.80301818190232,1
17,2,best,0,45,28.594900522172054,1
17,2,best,1,69,28.594900522172054,1
17,2,best,2,117,28.594900522172054,1
17,2,best,3,228,28.594900522172054,1
17,2,best,4,241,28.594900522172054,1
17,2,best,5,326,28.594900522172054,1
17,2,best,6,416,28.594900522172054,1
17,2,best,7,452,28.594900522172054,1
17,2,best,8,564,28.594900522172054,1
17,2,best,9,569,28.594900522172054,1
17,2,best,10,634,28.594900522172054,1
17,2,best,11,692,28.594900522172054,1
17,2,best,12,812,28.594900522172054,1
17,2,best,13,860,28.594900522172054,1
17,2,best,14,880,28.594900522172054,1
17,2,best,15,1003,28.594900522172054,1
17,3,best,0,0,16.751178188710778,1
17,3,best,1,101,16.751178188710778,1
17,3,best,2,182,16.751178188710778,1
17,3,best,3,200,16.751178188710778,1
17,3,best,4,267,16.751178188710778,1
17,3,best,5,386,16.751178188710778,1
17,3,best,6,396,16.751178188710778,1
17,3,best,7,501,16.751178188710778,1
17,3,best,8,566,16.751178188710778,1
17,3,best,9,578,16.751178188710778,1
17,3,best,10,686,16.751178188710778,1
17,3,best,11,780,16.751178188710778,1
17,3,best,12,839,16.751178188710778,1
17,3,best,13,894,16.751178188710778,1
17,3,best,14,917,16.751178188710778,1
17,3,best,15,984,16.751178188710778,1
18,0,best,0,43,14.768695589389846,1
18,0,best,1,77,14.768695589389846,1
18,0,best,2,163,14.768695589389846,1
18,0,best,3,238,14.768695589389846,1
18,0,best,4,302,14.768695589389846,1
18,0,best,5,368,14.768695589389846,1
18,0,best,6,442,14.768695589389846,1
18,0,best,7,515,14.768695589389846,1
18,0,best,8,563,14.768695589389846,1
18,0,best,9,631,14.768695589389846,1
18,0,best,10,671,14.768695589389846,1
18,0,best,11,743,14.768695589389846,1
18,0,best,12,820,14.768695589389846,1
18,0,best,13,913,14.768695589389846,1
18,0,best,14,1007,14.768695589389846,1
18,0,hit,0,43,14.768695589389846,1
18,0,hit,1,77,14.768695589389846,1
18,0,hit,2,163,14.768695589389846,1
18,0,hit,3,238,14.768695589389846,1
18,0,hit,4,302,14.768695589389846,1
18,0,hit,5,368,14.768695589389846,1
18,0,hit,6,442,14.768695589389846,1
18,0,hit,7,515,14.768695589389846,1
18,0,hit,8,563,14.768695589389846,1
18,0,hit,9,631,14.768695589389846,1
18,0,hit,10,671,14.768695589389846,1
18,0,hit,11,743,14.768695589389846,1
18,0,hit,12,820,14.768695589389846,1
18,0,hit,13,913,14.768695589389846,1
18,0,hit,14,1007,14.768695589389846,1
18,1,best,0,33,39.36056025161483,1
18,1,best,1,67,39.36056025161483,1
18,1,best,2,192,39.36056025161483,1
18,1,best,3,205,39.36056025161483,1
18,1,best,4,315,39.36056025161483,1
18,1,best,5,380,39.36056025161483,1
18,1,best,6,466,39.36056025161483,1
18,1,best,7,519,39.36056025161483,1
18,1,best,8,576,39.36056025161483,1
18,1,best,9,686,39.36056025161483,1
18,1,best,10,687,39.36056025161483,1
18,1,best,11,811,39.36056025161483,1
18,1,best,12,892,39.36056025161483,1
18,1,best,13,977,39.36056025161483,1
18,1,best,14,1053,39.36056025161483,1
18,2,best,0,53,31.964876870034303,1
18,2,best,1,108,31.964876870034303,1
18,2,best,2,178,31.964876870034303,1
18,2,best,3,180,31.964876870034303,1
18,2,best,4,307,31.964876870034303,1
18,2,best,5,376,31.964876870034303,1
18,2,best,6,399,31.964876870034303,1
18,2,best,7,454,31.964876870034303,1
18,2,best,8,564,31.964876870034303,1
18,2,best,9,569,31.964876870034303,1
18,2,best,10,634,31.964876870034303,1
18,2,best,11,692,31.964876870034303,1
18,2,best,12,757,31.964876870034303,1
18,2,best,13,851,31.964876870034303,1
18,2,best,14,918,31.964876870034303,1
18,2,best,15,952,31.964876870034303,1
18,3,best,0,31,15.344069913658473,1
18,3,best,1,94,15.344069913658473,1
18,3,best,2,196,15.344069913658473,1
18,3,best,3,212,15.344069913658473,1
18,3,best,4,294,15.344069913658473,1
18,3,best,5,394,15.344069913658473,1
18,3,best,6,435,15.344069913658473,1
18,3,best,7,470,15.344069913658473,1
18,3,best,8,529,15.344069913658473,1
18,3,best,9,634,15.344069913658473,1
18,3,best,10,650,15.344069913658473,1
18,3,best,11,763,15.344069913658473,1
18,3,best,12,838,15.344069913658473,1
18,3,best,13,897,15.344069913658473,1
18,3,best,14,983,15.344069913658473,1
18,3,best,15,1005,15.344069913658473,1
19,0,best,0,43,23.185373861167264,1
19,0,best,1,73,23.185373861167264,1
19,0,best,2,187,23.185373861167264,1
19,0,best,3,253,23.185373861167264,1
19,0,best,4,288,23.185373861167264,1
19,0,best,5,395,23.185373861167264,1
19,0,best,6,402,23.185373861167264,1
19,0,best,7,466,23.185373861167264,1
19,0,best,8,530,23.185373861167264,1
19,0,best,9,644,23.185373861167264,1
19,0,best,10,707,23.185373861167264,1
19,0,best,11,762,23.185373861167264,1
19,0,best,12,828,23.185373861167264,1
19,0,best,13,920,23.185373861167264,1
19,0,best,14,1013,23.185373861167264,1
19,0,hit,0,43,23.185373861167264,1
19,0,hit,1,73,23.185373861167264,1
19,0,hit,2,187,23.185373861167264,1
19,0,hit,3,253,23.185373861167264,1
19,0,hit,4,288,23.185373861167264,1
19,0,hit,5,395,23.185373861167264,1
19,0,hit,6,402,23.185373861167264,1
19,0,hit,7,466,23.185373861167264,1
19,0,hit,8,530,23.185373861167264,1
19,0,hit,9,644,23.185373861167264,1
19,0,hit,10,707,23.185373861167264,1
19,0,hit,11,762,23.185373861167264,1
19,0,hit,12,828,23.185373861167264,1
19,0,hit,13,920,23.185373861167264,1
19,0,hit,14,1013,23.185373861167264,1
19,1,best,0,3,32.23329172000266,1
19,1,best,1,78,32.23329172000266,1
19,1,best,2,165,32.23329172000266,1
19,1,best,3,196,32.23329172000266,1
19,1,best,4,307,32.23329172000266,1
19,1,best,5,362,32.23329172000266,1
19,1,best,6,461,32.23329172000266,1
19,1,best,7,467,32.23329172000266,1
19,1,best,8,566,32.23329172000266,1
19,1,best,9,685,32.23329172000266,1
19,1,best,10,744,32.23329172000266,1
19,1,best,11,799,32.23329172000266,1
19,1,best,12,897,32.23329172000266,1
19,1,best,13,983,32.23329172000266,1
19,1,best,14,1043,32.23329172000266,1
19,2,best,0,20,34.0758813468581,1
19,2,best,1,106,34.0758813468581,1
19,2,best,2,137,34.0758813468581,1
19,2,best,3,180,34.0758813468581,1
19,2,best,4,241,34.0758813468581,1
19,2,best,5,349,34.0758813468581,1
19,2,best,6,439,34.0758813468581,1
19,2,best,7,478,34.0758813468581,1
19,2,best,8,554,34.0758813468581,1
19,2,best,9,630,34.0758813468581,1
19,2,best,10,677,34.0758813468581,1
19,2,best,11,745,34.0758813468581,1
19,2,best,12,807,34.0758813468581,1
19,2,best,13,819,34.0758813468581,1
19,2,best,14,880,34.0758813468581,1
19,2,best,15,940,34.0758813468581,1
19,3,best,0,13,39.62452067432273,1
19,3,best,1,95,39.62452067432273,1
19,3,best,2,184,39.62452067432273,1
19,3,best,3,199,39.62452067432273,1
19,3,best,4,266,39.62452067432273,1
19,3,best,5,330,39.62452067432273,1
19,3,best,6,399,39.62452067432273,1
19,3,best,7,458,39.62452067432273,1
19,3,best,8,517,39.62452067432273,1
19,3,best,9,640,39.62452067432273,1
19,3,best,10,701,39.62452067432273,1
19,3,best,11,751,39.62452067432273,1
19,3,best,12,832,39.62452067432273,1
19,3,best,13,901,39.62452067432273,1
19,3,best,14,976,39.62452067432273,1
19,3,best,15,984,39.62452067432273,1
20,0,best,0,50,4.263184992829741,1
20,0,best,1,109,4.263184992829741,1
20,0,best,2,143,4.263184992829741,1
20,0,best,3,232,4.263184992829741,1
20,0,best,4,263,4.263184992829741,1
20,0,best,5,334,4.263184992829741,1
20,0,best,6,402,4.263184992829741,1
20,0,best,7,466,4.263184992829741,1
20,0,best,8,525,4.263184992829741,1
20,0,best,9,583,4.263184992829741,1
20,0,best,10,645,4.263184992829741,1
20,0,best,11,764,4.263184992829741,1
20,0,best,12,817,4.263184992829741,1
20,0,best,13,931,4.263184992829741,1
20,0,best,14,1013,4.263184992829741,1
20,0,hit,0,44,6.695813901522448,1
20,0,hit,1,115,6.695813901522448,1
20,0,hit,2,126,6.695813901522448,1
20,0,hit,3,197,6.695813901522448,1
20,0,hit,4,263,6.695813901522448,1
20,0,hit,5,334,6.695813901522448,1
20,0,hit,6,402,6.695813901522448,1
20,0,hit,7,466,6.695813901522448,1
20,0,hit,8,525,6.695813901522448,1
20,0,hit,9,583,6.695813901522448,1
20,0,hit,10,645,6.695813901522448,1
20,0,hit,11,743,6.695813901522448,1
20,0,hit,12,850,6.695813901522448,1
20,0,hit,13,934,6.695813901522448,1
20,0,hit,14,1013,6.695813901522448,1
20,1,best,0,14,4.941451098245993,1
20,1,best,1,76,4.941451098245993,1
20,1,best,2,168,4.941451098245993,1
20,1,best,3,258,4.941451098245993,1
20,1,best,4,319,4.941451098245993,1
20,1,best,5,325,4.941451098245993,1
20,1,best,6,461,4.941451098245993,1
20,1,best,7,530,4.941451098245993,1
20,1,best,8,592,4.941451098245993,1
20,1,best,9,673,4.941451098245993,1
20,1,best,10,687,4.941451098245993,1
20,1,best,11,803,4.941451098245993,1
20,1,best,12,897,4.941451098245993,1
20,1,best,13,975,4.941451098245993,1
20,1,best,14,985,4.941451098245993,1
20,2,best,0,45,7.238949915846399,1
20,2,best,1,88,7.238949915846399,1
20,2,best,2,162,7.238949915846399,1
20,2,best,3,180,7.238949915846399,1
20,2,best,4,241,7.238949915846399,1
20,2,best,5,314,7.238949915846399,1
20,2,best,6,413,7.238949915846399,1
20,2,best,7,441,7.238949915846399,1
20,2,best,8,564,7.238949915846399,1
20,2,best,9,612,7.238949915846399,1
20,2,best,10,634,7.238949915846399,1
20,2,best,11,692,7.238949915846399,1
20,2,best,12,807,7.238949915846399,1
20,2,best,13,819,7.238949915846399,1
20,2,best,14,880,7.238949915846399,1
20,2,best,15,940,7.238949915846399,1
20,3,best,0,13,20.086550922332698,1
20,3,best,1,78,20.086550922332698,1
20,3,best,2,126,20.086550922332698,1
20,3,best,3,199,20.086550922332698,1
20,3,best,4,266,20.086550922332698,1
20,3,best,5,330,20.086550922332698,1
20,3,best,6,399,20.086550922332698,1
20,3,best,7,489,20.086550922332698,1
20,3,best,8,573,20.086550922332698,1
20,3,best,9,640,20.086550922332698,1
20,3,best,10,686,20.086550922332698,1
20,3,best,11,776,20.086550922332698,1
20,3,best,12,846,20.086550922332698,1
20,3,best,13,908,20.086550922332698,1
20,3,best,14,917,20.086550922332698,1
20,3,best,15,984,20.086550922332698,1
21,0,best,0,5,42.05531318279315,1
21,0,best,1,125,42.05531318279315,1
21,0,best,2,148,42.05531318279315,1
21,0,best,3,207,42.05531318279315,1
21,0,best,4,312,42.05531318279315,1
21,0,best,5,374,42.05531318279315,1
21,0,best,6,439,42.05531318279315,1
21,0,best,7,501,42.05531318279315,1
21,0,best,8,527,42.05531318279315,1
21,0,best,9,616,42.05531318279315,1
21,0,best,10,701,42.05531318279315,1
21,0,best,11,762,42.05531318279315,1
21,0,best,12,834,42.05531318279315,1
21,0,best,13,928,42.05531318279315,1
21,0,best,14,1007,42.05531318279315,1
21,1,best,0,25,46.047015893411164,1
21,1,best,1,109,46.047015893411164,1
21,1,best,2,190,46.047015893411164,1
21,1,best,3,231,46.047015893411164,1
21,1,best,4,274,46.047015893411164,1
21,1,best,5,367,46.047015893411164,1
21,1,best,6,459,46.047015893411164,1
21,1,best,7,524,46.047015893411164,1
21,1,best,8,541,46.047015893411164,1
21,1,best,9,684,46.047015893411164,1
21,1,best,10,743,46.047015893411164,1
21,1,best,11,763,46.047015893411164,1
21,1,best,12,867,46.047015893411164,1
21,1,best,13,983,46.047015893411164,1
21,1,best,14,1028,46.047015893411164,1
21,1,hit,0,0,48.102377183675046,1
21,1,hit,1,110,48.102377183675046,1
21,1,hit,2,167,48.102377183675046,1
21,1,hit,3,240,48.102377183675046,1
21,1,hit,4,323,48.102377183675046,1
21,1,hit,5,369,48.102377183675046,1
21,1,hit,6,459,48.102377183675046,1
21,1,hit,7,483,48.102377183675046,1
21,1,hit,8,557,48.102377183675046,1
21,1,hit,9,627,48.102377183675046,1
21,1,hit,10,727,48.102377183675046,1
21,1,hit,11,762,48.102377183675046,1
21,1,hit,12,838,48.102377183675046,1
21,1,hit,13,975,48.102377183675046,1
21,1,hit,14,1052,48.102377183675046,1
21,2,best,0,15,51.54145078219711,1
21,2,best,1,69,51.54145078219711,1
21,2,best,2,151,51.54145078219711,1
21,2,best,3,180,51.54145078219711,1
21,2,best,4,291,51.54145078219711,1
21,2,best,5,326,51.54145078219711,1
21,2,best,6,415,51.54145078219711,1
21,2,best,7,503,51.54145078219711,1
21,2,best,8,554,51.54145078219711,1
21,2,best,9,626,51.54145078219711,1
21,2,best,10,634,51.54145078219711,1
21,2,best,11,692,51.54145078219711,1
21,2,best,12,756,51.54145078219711,1
21,2,best,13,819,51.54145078219711,1
21,2,best,14,933,51.54145078219711,1
21,2,best,15,940,51.54145078219711,1
21,3,best,0,56,46.1838533407239,1
21,3,best,1,72,46.1838533407239,1
21,3,best,2,134,46.1838533407239,1
21,3,best,3,221,46.1838533407239,1
21,3,best,4,314,46.1838533407239,1
21,3,best,5,388,46.1838533407239,1
21,3,best,6,456,46.1838533407239,1
21,3,best,7,494,46.1838533407239,1
21,3,best,8,517,46.1838533407239,1
21,3,best,9,649,46.1838533407239,1
21,3,best,10,711,46.1838533407239,1
21,3,best,11,756,46.1838533407239,1
21,3,best,12,825,46.1838533407239,1
21,3,best,13,884,46.1838533407239,1
21,3,best,14,956,46.1838533407239,1
21,3,best,15,1012,46.1838533407239,1
22,0,best,0,20,7.522359196556696,1
22,0,best,1,96,7.522359196556696,1
22,0,best,2,126,7.522359196556696,1
22,0,best,3,249,7.522359196556696,1
22,0,best,4,330,7.522359196556696,1
22,0,best,5,334,7.522359196556696,1
22,0,best,6,402,7.522359196556696,1
22,0,best,7,466,7.522359196556696,1
22,0,best,8,525,7.522359196556696,1
22,0,best,9,583,7.522359196556696,1
22,0,best,10,645,7.522359196556696,1
22,0,best,11,743,7.522359196556696,1
22,0,best,12,855,7.522359196556696,1
22,0,best,13,917,7.522359196556696,1
22,0,best,14,1007,7.522359196556696,1
22,1,best,0,17,18.11381766026891,1
22,1,best,1,65,18.11381766026891,1
22,1,best,2,168,18.11381766026891,1
22,1,best,3,216,18.11381766026891,1
22,1,best,4,315,18.11381766026891,1
22,1,best,5,325,18.11381766026891,1
22,1,best,6,466,18.11381766026891,1
22,1,best,7,504,18.11381766026891,1
22,1,best,8,592,18.11381766026891,1
22,1,best,9,686,18.11381766026891,1
22,1,best,10,687,18.11381766026891,1
22,1,best,11,826,18.11381766026891,1
22,1,best,12,895,18.11381766026891,1
22,1,best,13,976,18.11381766026891,1
22,1,best,14,1028,18.11381766026891,1
22,2,best,0,27,10.188921303356512,1
22,2,best,1,101,10.188921303356512,1
22,2,best,2,117,10.188921303356512,1
22,2,best,3,180,10.188921303356512,1
22,2,best,4,241,10.188921303356512,1
22,2,best,5,314,10.188921303356512,1
22,2,best,6,377,10.188921303356512,1
22,2,best,7,441,10.188921303356512,1
22,2,best,8,505,10.188921303356512,1
22,2,best,9,569,10.188921303356512,1
22,2,best,10,634,10.188921303356512,1
22,2,best,11,692,10.188921303356512,1
22,2,best,12,817,10.188921303356512,1
22,2,best,13,819,10.188921303356512,1
22,2,best,14,880,10.188921303356512,1
22,2,best,15,940,10.188921303356512,1
22,2,hit,0,38,12.040308590985061,1
22,2,hit,1,79,12.040308590985061,1
22,2,hit,2,117,12.040308590985061,1
22,2,hit,3,180,12.040308590985061,1
22,2,hit,4,241,12.040308590985061,1
22,2,hit,5,314,12.040308590985061,1
22,2,hit,6,377,12.040308590985061,1
22,2,hit,7,504,12.040308590985061,1
22,2,hit,8,564,12.040308590985061,1
22,2,hit,9,569,12.040308590985061,1
22,2,hit,10,634,12.040308590985061,1
22,2,hit,11,692,12.040308590985061,1
22,2,hit,12,789,12.040308590985061,1
22,2,hit,13,819,12.040308590985061,1
22,2,hit,14,880,12.040308590985061,1
22,2,hit,15,940,12.040308590985061,1
22,3,best,0,57,16.541988383759364,1
22,3,best,1,114,16.541988383759364,1
22,3,best,2,191,16.541988383759364,1
22,3,best,3,225,16.541988383759364,1
22,3,best,4,276,16.541988383759364,1
22,3,best,5,387,16.541988383759364,1
22,3,best,6,453,16.541988383759364,1
22,3,best,7,498,16.541988383759364,1
22,3,best,8,517,16.541988383759364,1
22,3,best,9,640,16.541988383759364,1
22,3,best,10,707,16.541988383759364,1
22,3,best,11,762,16.541988383759364,1
22,3,best,12,843,16.541988383759364,1
22,3,best,13,894,16.541988383759364,1
22,3,best,14,982,16.541988383759364,1
22,3,best,15,1020,16.541988383759364,1
23,0,best,0,28,10.595312927534836,1
23,0,best,1,100,10.595312927534836,1
23,0,best,2,194,10.595312927534836,1
23,0,best,3,204,10.595312927534836,1
23,0,best,4,297,10.595312927534836,1
23,0,best,5,361,10.595312927534836,1
23,0,best,6,462,10.595312927534836,1
23,0,best,7,501,10.595312927534836,1
23,0,best,8,525,10.595312927534836,1
23,0,best,9,583,10.595312927534836,1
23,0,best,10,655,10.595312927534836,1
23,0,best,11,779,10.595312927534836,1
23,0,best,12,847,10.595312927534836,1
23,0,best,13,924,10.595312927534836,1
23,0,best,14,1009,10.595312927534836,1
23,0,hit,0,42,12.252938958925615,1
23,0,hit,1,125,12.252938958925615,1
23,0,hit,2,176,12.252938958925615,1
23,0,hit,3,238,12.252938958925615,1
23,0,hit,4,272,12.252938958925615,1
23,0,hit,5,396,12.252938958925615,1
23,0,hit,6,455,12.252938958925615,1
23,0,hit,7,508,12.252938958925615,1
23,0,hit,8,566,12.252938958925615,1
23,0,hit,9,583,12.252938958925615,1
23,0,hit,10,676,12.252938958925615,1
23,0,hit,11,743,12.252938958925615,1
23,0,hit,12,820,12.252938958925615,1
23,0,hit,13,924,12.252938958925615,1
23,0,hit,14,1007,12.252938958925615,1
23,1,best,0,5,32.55395775981415,1
23,1,best,1,116,32.55395775981415,1
23,1,best,2,143,32.55395775981415,1
23,1,best,3,231,32.55395775981415,1
23,1,best,4,304,32.55395775981415,1
23,1,best,5,362,32.55395775981415,1
23,1,best,6,459,32.55395775981415,1
23,1,best,7,518,32.55395775981415,1
23,1,best,8,566,32.55395775981415,1
23,1,best,9,667,32.55395775981415,1
23,1,best,10,738,32.55395775981415,1
23,1,best,11,768,32.55395775981415,1
23,1,best,12,890,32.55395775981415,1
23,1,best,13,983,32.55395775981415,1
23,1,best,14,1052,32.55395775981415,1
23,2,best,0,45,29.89384811151598,1
23,2,best,1,89,29.89384811151598,1
23,2,best,2,173,29.89384811151598,1
23,2,best,3,234,29.89384811151598,1
23,2,best,4,313,29.89384811151598,1
23,2,best,5,346,29.89384811151598,1
23,2,best,6,432,29.89384811151598,1
23,2,best,7,474,29.89384811151598,1
23,2,best,8,564,29.89384811151598,1
23,2,best,9,630,29.89384811151598,1
23,2,best,10,634,29.89384811151598,1
23,2,best,11,692,29.89384811151598,1
23,2,best,12,774,29.89384811151598,1
23,2,best,13,861,29.89384811151598,1
23,2,best,14,888,29.89384811151598,1
23,2,best,15,1002,29.89384811151598,1
23,3,best,0,0,18.22762186788478,1
23,3,best,1,104,18.22762186788478,1
23,3,best,2,162,18.22762186788478,1
23,3,best,3,261,18.22762186788478,1
23,3,best,4,294,18.22762186788478,1
23,3,best,5,344,18.22762186788478,1
23,3,best,6,406,18.22762186788478,1
23,3,best,7,489,18.22762186788478,1
23,3,best,8,560,18.22762186788478,1
23,3,best,9,578,18.22762186788478,1
23,3,best,10,694,18.22762186788478,1
23,3,best,11,771,18.22762186788478,1
23,3,best,12,844,18.22762186788478,1
23,3,best,13,897,18.22762186788478,1
23,3,best,14,917,18.22762186788478,1
23,3,best,15,1027,18.22762186788478,1
24,0,best,0,5,6.3497840402516,1
24,0,best,1,100,6.3497840402516,1
24,0,best,2,190,6.3497840402516,1
24,0,best,3,243,6.3497840402516,1
24,0,best,4,325,6.3497840402516,1
24,0,best,5,395,6.3497840402516,1
24,0,best,6,402,6.3497840402516,1
24,0,best,7,466,6.3497840402516,1
24,0,best,8,573,6.3497840402516,1
24,0,best,9,583,6.3497840402516,1
24,0,best,10,645,6.3497840402516,1
24,0,best,11,762,6.3497840402516,1
24,0,best,12,826,6.3497840402516,1
24,0,best,13,928,6.3497840402516,1
24,0,best,14,1007,6.3497840402516,1
24,0,hit,0,40,9.98496839289474,1
24,0,hit,1,119,9.98496839289474,1
24,0,hit,2,167,9.98496839289474,1
24,0,hit,3,249,9.98496839289474,1
24,0,hit,4,299,9.98496839289474,1
24,0,hit,5,334,9.98496839289474,1
24,0,hit,6,402,9.98496839289474,1
24,0,hit,7,466,9.98496839289474,1
24,0,hit,8,525,9.98496839289474,1
24,0,hit,9,583,9.98496839289474,1
24,0,hit,10,645,9.98496839289474,1
24,0,hit,11,743,9.98496839289474,1
24,0,hit,12,851,9.98496839289474,1
24,0,hit,13,924,9.98496839289474,1
24,0,hit,14,1007,9.98496839289474,1
24,1,best,0,58,24.74240082413143,1
24,1,best,1,104,24.74240082413143,1
24,1,best,2,192,24.74240082413143,1
24,1,best,3,255,24.74240082413143,1
24,1,best,4,307,24.74240082413143,1
24,1,best,5,325,24.74240082413143,1
24,1,best,6,430,24.74240082413143,1
24,1,best,7,517,24.74240082413143,1
24,1,best,8,592,24.74240082413143,1
24,1,best,9,677,24.74240082413143,1
24,1,best,10,687,24.74240082413143,1
24,1,best,11,822,24.74240082413143,1
24,1,best,12,892,24.74240082413143,1
24,1,best,13,984,24.74240082413143,1
24,1,best,14,1044,24.74240082413143,1
24,2,best,0,31,20.04638555235406,1
24,2,best,1,105,20.04638555235406,1
24,2,best,2,160,20.04638555235406,1
24,2,best,3,214,20.04638555235406,1
24,2,best,4,241,20.04638555235406,1
24,2,best,5,346,20.04638555235406,1
24,2,best,6,433,20.04638555235406,1
24,2,best,7,487,20.04638555235406,1
24,2,best,8,564,20.04638555235406,1
24,2,best,9,569,20.04638555235406,1
24,2,best,10,634,20.04638555235406,1
24,2,best,11,692,20.04638555235406,1
24,2,best,12,756,20.04638555235406,1
24,2,best,13,819,20.04638555235406,1
24,2,best,14,880,20.04638555235406,1
24,2,best,15,940,20.04638555235406,1
24,3,best,0,39,18.055345871302723,1
24,3,best,1,91,18.055345871302723,1
24,3,best,2,153,18.055345871302723,1
24,3,best,3,211,18.055345871302723,1
24,3,best,4,272,18.055345871302723,1
24,3,best,5,351,18.055345871302723,1
24,3,best,6,444,18.055345871302723,1
24,3,best,7,505,18.055345871302723,1
24,3,best,8,517,18.055345871302723,1
24,3,best,9,578,18.055345871302723,1
24,3,best,10,693,18.055345871302723,1
24,3,best,11,762,18.055345871302723,1
24,3,best,12,843,18.055345871302723,1
24,3,best,13,913,18.055345871302723,1
24,3,best,14,917,18.055345871302723,1
24,3,best,15,1005,18.055345871302723,1
25,0,best,0,55,14.513567191808741,1
25,0,best,1,75,14.513567191808741,1
25,0,best,2,186,14.513567191808741,1
25,0,best,3,228,14.513567191808741,1
25,0,best,4,264,14.513567191808741,1
25,0,best,5,388,14.513567191808741,1
25,0,best,6,415,14.513567191808741,1
25,0,best,7,479,14.513567191808741,1
25,0,best,8,553,14.513567191808741,1
25,0,best,9,617,14.513567191808741,1
25,0,best,10,682,14.513567191808741,1
25,0,best,11,773,14.513567191808741,1
25,0,best,12,847,14.513567191808741,1
25,0,best,13,927,14.513567191808741,1
25,0,best,14,1009,14.513567191808741,1
25,1,best,0,12,37.529803760540936,1
25,1,best,1,113,37.529803760540936,1
25,1,best,2,166,37.529803760540936,1
25,1,best,3,207,37.529803760540936,1
25,1,best,4,282,37.529803760540936,1
25,1,best,5,387,37.529803760540936,1
25,1,best,6,448,37.529803760540936,1
25,1,best,7,500,37.529803760540936,1
25,1,best,8,593,37.529803760540936,1
25,1,best,9,680,37.529803760540936,1
25,1,best,10,687,37.529803760540936,1
25,1,best,11,822,37.529803760540936,1
25,1,best,12,869,37.529803760540936,1
25,1,best,13,984,37.529803760540936,1
25,1,best,14,1017,37.529803760540936,1
25,2,best,0,10,41.30489091531757,1
25,2,best,1,76,41.30489091531757,1
25,2,best,2,146,41.30489091531757,1
25,2,best,3,236,41.30489091531757,1
25,2,best,4,241,41.30489091531757,1
25,2,best,5,326,41.30489091531757,1
25,2,best,6,403,41.30489091531757,1
25,2,best,7,451,41.30489091531757,1
25,2,best,8,505,41.30489091531757,1
25,2,best,9,569,41.30489091531757,1
25,2,best,10,634,41.30489091531757,1
25,2,best,11,692,41.30489091531757,1
25,2,best,12,803,41.30489091531757,1
25,2,best,13,839,41.30489091531757,1
25,2,best,14,928,41.30489091531757,1
25,2,best,15,962,41.30489091531757,1
25,3,best,0,31,14.073254681776358,1
25,3,best,1,94,14.073254681776358,1
25,3,best,2,196,14.073254681776358,1
25,3,best,3,212,14.073254681776358,1
25,3,best,4,294,14.073254681776358,1
25,3,best,5,394,14.073254681776358,1
25,3,best,6,435,14.073254681776358,1
25,3,best,7,470,14.073254681776358,1
25,3,best,8,529,14.073254681776358,1
25,3,best,9,634,14.073254681776358,1
25,3,best,10,650,14.073254681776358,1
25,3,best,11,763,14.073254681776358,1
25,3,best,12,838,14.073254681776358,1
25,3,best,13,897,14.073254681776358,1
25,3,best,14,983,14.073254681776358,1
25,3,best,15,1005,14.073254681776358,1
25,3,hit,0,39,20.508434914703727,1
25,3,hit,1,96,20.508434914703727,1
25,3,hit,2,153,20.508434914703727,1
25,3,hit,3,232,20.508434914703727,1
25,3,hit,4,304,20.508434914703727,1
25,3,hit,5,376,20.508434914703727,1
25,3,hit,6,398,20.508434914703727,1
25,3,hit,7,501,20.508434914703727,1
25,3,hit,8,521,20.508434914703727,1
25,3,hit,9,637,20.508434914703727,1
25,3,hit,10,657,20.508434914703727,1
25,3,hit,11,779,20.508434914703727,1
25,3,hit,12,844,20.508434914703727,1
25,3,hit,13,864,20.508434914703727,1
25,3,hit,14,917,20.508434914703727,1
25,3,hit,15,986,20.508434914703727,1
26,0,best,0,28,6.65277350213001,1
26,0,best,1,100,6.65277350213001,1
26,0,best,2,127,6.65277350213001,1
26,0,best,3,251,6.65277350213001,1
26,0,best,4,277,6.65277350213001,1
26,0,best,5,361,6.65277350213001,1
26,0,best,6,455,6.65277350213001,1
26,0,best,7,466,6.65277350213001,1
26,0,best,8,551,6.65277350213001,1
26,0,best,9,632,6.65277350213001,1
26,0,best,10,645,6.65277350213001,1
26,0,best,11,743,6.65277350213001,1
26,0,best,12,834,6.65277350213001,1
26,0,best,13,917,6.65277350213001,1
26,0,best,14,1007,6.65277350213001,1
26,0,hit,0,13,15.341057120135693,1
26,0,hit,1,99,15.341057120135693,1
26,0,hit,2,142,15.341057120135693,1
26,0,hit,3,221,15.341057120135693,1
26,0,hit,4,299,15.341057120135693,1
26,0,hit,5,396,15.341057120135693,1
26,0,hit,6,464,15.341057120135693,1
26,0,hit,7,466,15.341057120135693,1
26,0,hit,8,576,15.341057120135693,1
26,0,hit,9,583,15.341057120135693,1
26,0,hit,10,701,15.341057120135693,1
26,0,hit,11,762,15.341057120135693,1
26,0,hit,12,820,15.341057120135693,1
26,0,hit,13,924,15.341057120135693,1
26,0,hit,14,1007,15.341057120135693,1
26,1,best,0,11,24.32489615461694,1
26,1,best,1,104,24.32489615461694,1
26,1,best,2,193,24.32489615461694,1
26,1,best,3,253,24.32489615461694,1
26,1,best,4,307,24.32489615461694,1
26,1,best,5,380,24.32489615461694,1
26,1,best,6,458,24.32489615461694,1
26,1,best,7,517,24.32489615461694,1
26,1,best,8,531,24.32489615461694,1
26,1,best,9,625,24.32489615461694,1
26,1,best,10,687,24.32489615461694,1
26,1,best,11,802,24.32489615461694,1
26,1,best,12,892,24.32489615461694,1
26,1,best,13,984,24.32489615461694,1
26,1,best,14,1045,24.32489615461694,1
26,2,best,0,20,21.041501286164905,1
26,2,best,1,57,21.041501286164905,1
26,2,best,2,178,21.041501286164905,1
26,2,best,3,180,21.041501286164905,1
26,2,best,4,241,21.041501286164905,1
26,2,best,5,314,21.041501286164905,1
26,2,best,6,377,21.041501286164905,1
26,2,best,7,441,21.041501286164905,1
26,2,best,8,549,21.041501286164905,1
26,2,best,9,632,21.041501286164905,1
26,2,best,10,634,21.041501286164905,1
26,2,best,11,692,21.041501286164905,1
26,2,best,12,783,21.041501286164905,1
26,2,best,13,819,21.041501286164905,1
26,2,best,14,880,21.041501286164905,1
26,2,best,15,940,21.041501286164905,1
26,3,best,0,53,21.050634277605607,1
26,3,best,1,96,21.050634277605607,1
26,3,best,2,125,21.050634277605607,1
26,3,best,3,234,21.050634277605607,1
26,3,best,4,262,21.050634277605607,1
26,3,best,5,330,21.050634277605607,1
26,3,best,6,414,21.050634277605607,1
26,3,best,7,494,21.050634277605607,1
26,3,best,8,517,21.050634277605607,1
26,3,best,9,578,21.050634277605607,1
26,3,best,10,686,21.050634277605607,1
26,3,best,11,780,21.050634277605607,1
26,3,best,12,839,21.050634277605607,1
26,3,best,13,894,21.050634277605607,1
26,3,best,14,917,21.050634277605607,1
26,3,best,15,984,21.050634277605607,1
27,0,best,0,28,5.674802106672333,1
27,0,best,1,95,5.674802106672333,1
27,0,best,2,188,5.674802106672333,1
27,0,best,3,201,5.674802106672333,1
27,0,best,4,299,5.674802106672333,1
27,0,best,5,334,5.674802106672333,1
27,0,best,6,402,5.674802106672333,1
27,0,best,7,466,5.674802106672333,1
27,0,best,8,525,5.674802106672333,1
27,0,best,9,583,5.674802106672333,1
27,0,best,10,645,5.674802106672333,1
27,0,best,11,743,5.674802106672333,1
27,0,best,12,854,5.674802106672333,1
27,0,best,13,926,5.674802106672333,1
27,0,best,14,1013,5.674802106672333,1
27,0,hit,0,4,10.50173749972075,1
27,0,hit,1,119,10.50173749972075,1
27,0,hit,2,161,10.50173749972075,1
27,0,hit,3,197,10.50173749972075,1
27,0,hit,4,326,10.50173749972075,1
27,0,hit,5,334,10.50173749972075,1
27,0,hit,6,402,10.50173749972075,1
27,0,hit,7,466,10.50173749972075,1
27,0,hit,8,525,10.50173749972075,1
27,0,hit,9,583,10.50173749972075,1
27,0,hit,10,645,10.50173749972075,1
27,0,hit,11,743,10.50173749972075,1
27,0,hit,12,834,10.50173749972075,1
27,0,hit,13,917,10.50173749972075,1
27,0,hit,14,1007,10.50173749972075,1
27,1,best,0,0,15.40061985493731,1
27,1,best,1,77,15.40061985493731,1
27,1,best,2,168,15.40061985493731,1
27,1,best,3,222,15.40061985493731,1
27,1,best,4,304,15.40061985493731,1
27,1,best,5,373,15.40061985493731,1
27,1,best,6,444,15.40061985493731,1
27,1,best,7,530,15.40061985493731,1
27,1,best,8,555,15.40061985493731,1
27,1,best,9,677,15.40061985493731,1
27,1,best,10,687,15.40061985493731,1
27,1,best,11,803,15.40061985493731,1
27,1,best,12,906,15.40061985493731,1
27,1,best,13,981,15.40061985493731,1
27,1,best,14,985,15.40061985493731,1
27,2,best,0,45,8.795664335404142,1
27,2,best,1,88,8.795664335404142,1
27,2,best,2,162,8.795664335404142,1
27,2,best,3,180,8.795664335404142,1
27,2,best,4,241,8.795664335404142,1
27,2,best,5,314,8.795664335404142,1
27,2,best,6,413,8.795664335404142,1
27,2,best,7,441,8.795664335404142,1
27,2,best,8,564,8.795664335404142,1
27,2,best,9,612,8.795664335404142,1
27,2,best,10,634,8.795664335404142,1
27,2,best,11,692,8.795664335404142,1
27,2,best,12,807,8.795664335404142,1
27,2,best,13,819,8.795664335404142,1
27,2,best,14,880,8.795664335404142,1
27,2,best,15,940,8.795664335404142,1
27,3,best,0,13,20.63647674033795,1
27,3,best,1,78,20.63647674033795,1
27,3,best,2,126,20.63647674033795,1
27,3,best,3,199,20.63647674033795,1
27,3,best,4,266,20.63647674033795,1
27,3,best,5,330,20.63647674033795,1
27,3,best,6,399,20.63647674033795,1
27,3,best,7,489,20.63647674033795,1
27,3,best,8,573,20.63647674033795,1
27,3,best,9,640,20.63647674033795,1
27,3,best,10,686,20.63647674033795,1
27,3,best,11,776,20.63647674033795,1
27,3,best,12,846,20.63647674033795,1
27,3,best,13,908,20.63647674033795,1
27,3,best,14,917,20.63647674033795,1
27,3,best,15,984,20.63647674033795,1
28,0,best,0,18,12.064456141251172,1
28,0,best,1,61,12.064456141251172,1
28,0,best,2,143,12.064456141251172,1
28,0,best,3,197,12.064456141251172,1
28,0,best,4,263,12.064456141251172,1
28,0,best,5,334,12.064456141251172,1
28,0,best,6,402,12.064456141251172,1
28,0,best,7,466,12.064456141251172,1
28,0,best,8,525,12.064456141251172,1
28,0,best,9,583,12.064456141251172,1
28,0,best,10,645,12.064456141251172,1
28,0,best,11,779,12.064456141251172,1
28,0,best,12,828,12.064456141251172,1
28,0,best,13,888,12.064456141251172,1
28,0,best,14,1012,12.064456141251172,1
28,1,best,0,38,7.037035558951922,1
28,1,best,1,118,7.037035558951922,1
28,1,best,2,149,7.037035558951922,1
28,1,best,3,259,7.037035558951922,1
28,1,best,4,314,7.037035558951922,1
28,1,best,5,367,7.037035558951922,1
28,1,best,6,452,7.037035558951922,1
28,1,best,7,467,7.037035558951922,1
28,1,best,8,592,7.037035558951922,1
28,1,best,9,667,7.037035558951922,1
28,1,best,10,687,7.037035558951922,1
28,1,best,11,803,7.037035558951922,1
28,1,best,12,897,7.037035558951922,1
28,1,best,13,981,7.037035558951922,1
28,1,best,14,1042,7.037035558951922,1
28,1,hit,0,33,9.24791858746351,1
28,1,hit,1,83,9.24791858746351,1
28,1,hit,2,180,9.24791858746351,1
28,1,hit,3,259,9.24791858746351,1
28,1,hit,4,307,9.24791858746351,1
28,1,hit,5,362,9.24791858746351,1
28,1,hit,6,459,9.24791858746351,1
28,1,hit,7,527,9.24791858746351,1
28,1,hit,8,592,9.24791858746351,1
28,1,hit,9,681,9.24791858746351,1
28,1,hit,10,687,9.24791858746351,1
28,1,hit,11,813,9.24791858746351,1
28,1,hit,12,867,9.24791858746351,1
28,1,hit,13,983,9.24791858746351,1
28,1,hit,14,1036,9.24791858746351,1
28,2,best,0,46,12.652652481445381,1
28,2,best,1,88,12.652652481445381,1
28,2,best,2,117,12.652652481445381,1
28,2,best,3,197,12.652652481445381,1
28,2,best,4,241,12.652652481445381,1
28,2,best,5,351,12.652652481445381,1
28,2,best,6,413,12.652652481445381,1
28,2,best,7,478,12.652652481445381,1
28,2,best,8,534,12.652652481445381,1
28,2,best,9,612,12.652652481445381,1
28,2,best,10,674,12.652652481445381,1
28,2,best,11,692,12.652652481445381,1
28,2,best,12,756,12.652652481445381,1
28,2,best,13,819,12.652652481445381,1
28,2,best,14,880,12.652652481445381,1
28,2,best,15,940,12.652652481445381,1
28,3,best,0,26,29.14354049826378,1
28,3,best,1,63,29.14354049826378,1
28,3,best,2,141,29.14354049826378,1
28,3,best,3,226,29.14354049826378,1
28,3,best,4,312,29.14354049826378,1
28,3,best,5,330,29.14354049826378,1
28,3,best,6,399,29.14354049826378,1
28,3,best,7,489,29.14354049826378,1
28,3,best,8,573,29.14354049826378,1
28,3,best,9,640,29.14354049826378,1
28,3,best,10,686,29.14354049826378,1
28,3,best,11,778,29.14354049826378,1
28,3,best,12,810,29.14354049826378,1
28,3,best,13,875,29.14354049826378,1
28,3,best,14,961,29.14354049826378,1
28,3,best,15,984,29.14354049826378,1
29,0,best,0,42,16.910288217408546,1
29,0,best,1,70,16.910288217408546,1
29,0,best,2,163,16.910288217408546,1
29,0,best,3,230,16.910288217408546,1
29,0,best,4,311,16.910288217408546,1
29,0,best,5,399,16.910288217408546,1
29,0,best,6,462,16.910288217408546,1
29,0,best,7,498,16.910288217408546,1
29,0,best,8,554,16.910288217408546,1
29,0,best,9,639,16.910288217408546,1
29,0,best,10,705,16.910288217408546,1
29,0,best,11,743,16.910288217408546,1
29,0,best,12,833,16.910288217408546,1
29,0,best,13,862,16.910288217408546,1
29,0,best,14,1009,16.910288217408546,1
29,1,best,0,37,30.727999270119376,1
29,1,best,1,105,30.727999270119376,1
29,1,best,2,184,30.727999270119376,1
29,1,best,3,259,30.727999270119376,1
29,1,best,4,304,30.727999270119376,1
29,1,best,5,367,30.727999270119376,1
29,1,best,6,457,30.727999270119376,1
29,1,best,7,504,30.727999270119376,1
29,1,best,8,592,30.727999270119376,1
29,1,best,9,685,30.727999270119376,1
29,1,best,10,687,30.727999270119376,1
29,1,best,11,802,30.727999270119376,1
29,1,best,12,869,30.727999270119376,1
29,1,best,13,975,30.727999270119376,1
29,1,best,14,1044,30.727999270119376,1
29,2,best,0,43,23.668877695846398,1
29,2,best,1,75,23.668877695846398,1
29,2,best,2,118,23.668877695846398,1
29,2,best,3,208,23.668877695846398,1
29,2,best,4,279,23.668877695846398,1
29,2,best,5,358,23.668877695846398,1
29,2,best,6,431,23.668877695846398,1
29,2,best,7,461,23.668877695846398,1
29,2,best,8,527,23.668877695846398,1
29,2,best,9,569,23.668877695846398,1
29,2,best,10,634,23.668877695846398,1
29,2,best,11,692,23.668877695846398,1
29,2,best,12,790,23.668877695846398,1
29,2,best,13,871,23.668877695846398,1
29,2,best,14,884,23.668877695846398,1
29,2,best,15,1002,23.668877695846398,1
29,3,best,0,53,9.387047241879912,1
29,3,best,1,107,9.387047241879912,1
29,3,best,2,158,9.387047241879912,1
29,3,best,3,236,9.387047241879912,1
29,3,best,4,328,9.387047241879912,1
29,3,best,5,359,9.387047241879912,1
29,3,best,6,419,9.387047241879912,1
29,3,best,7,498,9.387047241879912,1
29,3,best,8,517,9.387047241879912,1
29,3,best,9,578,9.387047241879912,1
29,3,best,10,693,9.387047241879912,1
29,3,best,11,780,9.387047241879912,1
29,3,best,12,846,9.387047241879912,1
29,3,best,13,907,9.387047241879912,1
29,3,best,14,917,9.387047241879912,1
29,3,best,15,984,9.387047241879912,1
29,3,hit,0,0,16.67665099233509,1
29,3,hit,1,110,16.67665099233509,1
29,3,hit,2,150,16.67665099233509,1
29,3,hit,3,253,16.67665099233509,1
29,3,hit,4,282,16.67665099233509,1
29,3,hit,5,391,16.67665099233509,1
29,3,hit,6,446,16.67665099233509,1
29,3,hit,7,458,16.67665099233509,1
29,3,hit,8,517,16.67665099233509,1
29,3,hit,9,640,16.67665099233509,1
29,3,hit,10,650,16.67665099233509,1
29,3,hit,11,775,16.67665099233509,1
29,3,hit,12,839,16.67665099233509,1
29,3,hit,13,914,16.67665099233509,1
29,3,hit,14,917,16.67665099233509,1
29,3,hit,15,984,16.67665099233509,1
30,0,best,0,30,6.343763144687227,1
30,0,best,1,107,6.343763144687227,1
30,0,best,2,176,6.343763144687227,1
30,0,best,3,218,6.343763144687227,1
30,0,best,4,297,6.343763144687227,1
30,0,best,5,395,6.343763144687227,1
30,0,best,6,402,6.343763144687227,1
30,0,best,7,519,6.343763144687227,1
30,0,best,8,559,6.343763144687227,1
30,0,best,9,583,6.343763144687227,1
30,0,best,10,645,6.343763144687227,1
30,0,best,11,779,6.343763144687227,1
30,0,best,12,826,6.343763144687227,1
30,0,best,13,924,6.343763144687227,1
30,0,best,14,1011,6.343763144687227,1
30,0,hit,0,42,11.210145914975614,1
30,0,hit,1,63,11.210145914975614,1
30,0,hit,2,178,11.210145914975614,1
30,0,hit,3,255,11.210145914975614,1
30,0,hit,4,299,11.210145914975614,1
30,0,hit,5,334,11.210145914975614,1
30,0,hit,6,402,11.210145914975614,1
30,0,hit,7,466,11.210145914975614,1
30,0,hit,8,582,11.210145914975614,1
30,0,hit,9,602,11.210145914975614,1
30,0,hit,10,645,11.210145914975614,1
30,0,hit,11,762,11.210145914975614,1
30,0,hit,12,826,11.210145914975614,1
30,0,hit,13,924,11.210145914975614,1
30,0,hit,14,1007,11.210145914975614,1
30,1,best,0,17,23.973780005721565,1
30,1,best,1,65,23.973780005721565,1
30,1,best,2,168,23.973780005721565,1
30,1,best,3,216,23.973780005721565,1
30,1,best,4,315,23.973780005721565,1
30,1,best,5,325,23.973780005721565,1
30,1,best,6,466,23.973780005721565,1
30,1,best,7,504,23.973780005721565,1
30,1,best,8,592,23.973780005721565,1
30,1,best,9,686,23.973780005721565,1
30,1,best,10,687,23.973780005721565,1
30,1,best,11,826,23.973780005721565,1
30,1,best,12,895,23.973780005721565,1
30,1,best,13,976,23.973780005721565,1
30,1,best,14,1028,23.973780005721565,1
30,2,best,0,45,18.567527179824875,1
30,2,best,1,89,18.567527179824875,1
30,2,best,2,117,18.567527179824875,1
30,2,best,3,180,18.567527179824875,1
30,2,best,4,241,18.567527179824875,1
30,2,best,5,326,18.567527179824875,1
30,2,best,6,422,18.567527179824875,1
30,2,best,7,494,18.567527179824875,1
30,2,best,8,564,18.567527179824875,1
30,2,best,9,590,18.567527179824875,1
30,2,best,10,686,18.567527179824875,1
30,2,best,11,692,18.567527179824875,1
30,2,best,12,787,18.567527179824875,1
30,2,best,13,819,18.567527179824875,1
30,2,best,14,880,18.567527179824875,1
30,2,best,15,940,18.567527179824875,1
30,3,best,0,60,21.22864346331834,1
30,3,best,1,119,21.22864346331834,1
30,3,best,2,143,21.22864346331834,1
30,3,best,3,199,21.22864346331834,1
30,3,best,4,269,21.22864346331834,1
30,3,best,5,391,21.22864346331834,1
30,3,best,6,414,21.22864346331834,1
30,3,best,7,480,21.22864346331834,1
30,3,best,8,517,21.22864346331834,1
30,3,best,9,578,21.22864346331834,1
30,3,best,10,686,21.22864346331834,1
30,3,best,11,714,21.22864346331834,1
30,3,best,12,827,21.22864346331834,1
30,3,best,13,911,21.22864346331834,1
30,3,best,14,974,21.22864346331834,1
30,3,best,15,984,21.22864346331834,1
31,0,best,0,34,10.4301786237959,1
31,0,best,1,76,10.4301786237959,1
31,0,best,2,152,10.4301786237959,1
31,0,best,3,214,10.4301786237959,1
31,0,best,4,299,10.4301786237959,1
31,0,best,5,393,10.4301786237959,1
31,0,best,6,439,10.4301786237959,1
31,0,best,7,503,10.4301786237959,1
31,0,best,8,553,10.4301786237959,1
31,0,best,9,617,10.4301786237959,1
31,0,best,10,661,10.4301786237959,1
31,0,best,11,762,10.4301786237959,1
31,0,best,12,847,10.4301786237959,1
31,0,best,13,924,10.4301786237959,1
31,0,best,14,1007,10.4301786237959,1
31,0,hit,0,43,11.297081686037242,1
31,0,hit,1,63,11.297081686037242,1
31,0,hit,2,127,11.297081686037242,1
31,0,hit,3,231,11.297081686037242,1
31,0,hit,4,297,11.297081686037242,1
31,0,hit,5,388,11.297081686037242,1
31,0,hit,6,455,11.297081686037242,1
31,0,hit,7,512,11.297081686037242,1
31,0,hit,8,579,11.297081686037242,1
31,0,hit,9,591,11.297081686037242,1
31,0,hit,10,676,11.297081686037242,1
31,0,hit,11,743,11.297081686037242,1
31,0,hit,12,820,11.297081686037242,1
31,0,hit,13,928,11.297081686037242,1
31,0,hit,14,1009,11.297081686037242,1
31,1,best,0,37,30.367945166062405,1
31,1,best,1,105,30.367945166062405,1
31,1,best,2,184,30.367945166062405,1
31,1,best,3,259,30.367945166062405,1
31,1,best,4,304,30.367945166062405,1
31,1,best,5,367,30.367945166062405,1
31,1,best,6,457,30.367945166062405,1
31,1,best,7,504,30.367945166062405,1
31,1,best,8,592,30.367945166062405,1
31,1,best,9,685,30.367945166062405,1
31,1,best,10,687,30.367945166062405,1
31,1,best,11,802,30.367945166062405,1
31,1,best,12,869,30.367945166062405,1
31,1,best,13,975,30.367945166062405,1
31,1,best,14,1044,30.367945166062405,1
31,2,best,0,10,31.597490494396666,1
31,2,best,1,76,31.597490494396666,1
31,2,best,2,156,31.597490494396666,1
31,2,best,3,229,31.597490494396666,1
31,2,best,4,310,31.597490494396666,1
31,2,best,5,339,31.597490494396666,1
31,2,best,6,399,31.597490494396666,1
31,2,best,7,461,31.597490494396666,1
31,2,best,8,556,31.597490494396666,1
31,2,best,9,632,31.597490494396666,1
31,2,best,10,634,31.597490494396666,1
31,2,best,11,692,31.597490494396666,1
31,2,best,12,802,31.597490494396666,1
31,2,best,13,857,31.597490494396666,1
31,2,best,14,922,31.597490494396666,1
31,2,best,15,1003,31.597490494396666,1
31,3,best,0,53,17.928238172756668,1
31,3,best,1,75,17.928238172756668,1
31,3,best,2,147,17.928238172756668,1
31,3,best,3,239,17.928238172756668,1
31,3,best,4,272,17.928238172756668,1
31,3,best,5,392,17.928238172756668,1
31,3,best,6,448,17.928238172756668,1
31,3,best,7,458,17.928238172756668,1
31,3,best,8,566,17.928238172756668,1
31,3,best,9,612,17.928238172756668,1
31,3,best,10,693,17.928238172756668,1
31,3,best,11,776,17.928238172756668,1
31,3,best,12,809,17.928238172756668,1
31,3,best,13,870,17.928238172756668,1
31,3,best,14,917,17.928238172756668,1
31,3,best,15,1028,17.928238172756668,1
32,0,best,0,29,6.581904831133867,1
32,0,best,1,118,6.581904831133867,1
32,0,best,2,146,6.581904831133867,1
32,0,best,3,246,6.581904831133867,1
32,0,best,4,315,6.581904831133867,1
32,0,best,5,361,6.581904831133867,1
32,0,best,6,402,6.581904831133867,1
32,0,best,7,498,6.581904831133867,1
32,0,best,8,532,6.581904831133867,1
32,0,best,9,590,6.581904831133867,1
32,0,best,10,707,6.581904831133867,1
32,0,best,11,774,6.581904831133867,1
32,0,best,12,833,6.581904831133867,1
32,0,best,13,926,6.581904831133867,1
32,0,best,14,1007,6.581904831133867,1
32,0,hit,0,29,6.581904831133867,1
32,0,hit,1,118,6.581904831133867,1
32,0,hit,2,146,6.581904831133867,1
32,0,hit,3,246,6.581904831133867,1
32,0,hit,4,315,6.581904831133867,1
32,0,hit,5,361,6.581904831133867,1
32,0,hit,6,402,6.581904831133867,1
32,0,hit,7,498,6.581904831133867,1
32,0,hit,8,532,6.581904831133867,1
32,0,hit,9,590,6.581904831133867,1
32,0,hit,10,707,6.581904831133867,1
32,0,hit,11,774,6.581904831133867,1
32,0,hit,12,833,6.581904831133867,1
32,0,hit,13,926,6.581904831133867,1
32,0,hit,14,1007,6.581904831133867,1
32,1,best,0,12,26.866844473955904,1
32,1,best,1,113,26.866844473955904,1
32,1,best,2,166,26.866844473955904,1
32,1,best,3,207,26.866844473955904,1
32,1,best,4,282,26.866844473955904,1
32,1,best,5,387,26.866844473955904,1
32,1,best,6,448,26.866844473955904,1
32,1,best,7,500,26.866844473955904,1
32,1,best,8,593,26.866844473955904,1
32,1,best,9,680,26.866844473955904,1
32,1,best,10,687,26.866844473955904,1
32,1,best,11,822,26.866844473955904,1
32,1,best,12,869,26.866844473955904,1
32,1,best,13,984,26.866844473955904,1
32,1,best,14,1017,26.866844473955904,1
32,2,best,0,10,21.834112518523582,1
32,2,best,1,89,21.834112518523582,1
32,2,best,2,117,21.834112518523582,1
32,2,best,3,180,21.834112518523582,1
32,2,best,4,241,21.834112518523582,1
32,2,best,5,326,21.834112518523582,1
32,2,best,6,412,21.834112518523582,1
32,2,best,7,478,21.834112518523582,1
32,2,best,8,505,21.834112518523582,1
32,2,best,9,569,21.834112518523582,1
32,2,best,10,634,21.834112518523582,1
32,2,best,11,692,21.834112518523582,1
32,2,best,12,790,21.834112518523582,1
32,2,best,13,819,21.834112518523582,1
32,2,best,14,880,21.834112518523582,1
32,2,best,15,940,21.834112518523582,1
32,3,best,0,46,18.323327015704447,1
32,3,best,1,99,18.323327015704447,1
32,3,best,2,139,18.323327015704447,1
32,3,best,3,208,18.323327015704447,1
32,3,best,4,303,18.323327015704447,1
32,3,best,5,394,18.323327015704447,1
32,3,best,6,456,18.323327015704447,1
32,3,best,7,494,18.323327015704447,1
32,3,best,8,517,18.323327015704447,1
32,3,best,9,578,18.323327015704447,1
32,3,best,10,686,18.323327015704447,1
32,3,best,11,780,18.323327015704447,1
32,3,best,12,846,18.323327015704447,1
32,3,best,13,913,18.323327015704447,1
32,3,best,14,982,18.323327015704447,1
32,3,best,15,984,18.323327015704447,1
33,0,best,0,4,1.6206025812437057,1
33,0,best,1,105,1.6206025812437057,1
33,0,best,2,167,1.6206025812437057,1
33,0,best,3,197,1.6206025812437057,1
33,0,best,4,263,1.6206025812437057,1
33,0,best,5,334,1.6206025812437057,1
33,0,best,6,402,1.6206025812437057,1
33,0,best,7,466,1.6206025812437057,1
33,0,best,8,525,1.6206025812437057,1
33,0,best,9,583,1.6206025812437057,1
33,0,best,10,645,1.6206025812437057,1
33,0,best,11,743,1.6206025812437057,1
33,0,best,12,835,1.6206025812437057,1
33,0,best,13,934,1.6206025812437057,1
33,0,best,14,1013,1.6206025812437057,1
33,1,best,0,16,0.6316192704321368,1
33,1,best,1,90,0.6316192704321368,1
33,1,best,2,193,0.6316192704321368,1
33,1,best,3,259,0.6316192704321368,1
33,1,best,4,307,0.6316192704321368,1
33,1,best,5,362,0.6316192704321368,1
33,1,best,6,452,0.6316192704321368,1
33,1,best,7,517,0.6316192704321368,1
33,1,best,8,592,0.6316192704321368,1
33,1,best,9,625,0.6316192704321368,1
33,1,best,10,687,0.6316192704321368,1
33,1,best,11,826,0.6316192704321368,1
33,1,best,12,895,0.6316192704321368,1
33,1,best,13,974,0.6316192704321368,1
33,1,best,14,985,0.6316192704321368,1
33,1,hit,0,1,2.5554501577624382,1
33,1,hit,1,123,2.5554501577624382,1
33,1,hit,2,193,2.5554501577624382,1
33,1,hit,3,259,2.5554501577624382,1
33,1,hit,4,307,2.5554501577624382,1
33,1,hit,5,362,2.5554501577624382,1
33,1,hit,6,452,2.5554501577624382,1
33,1,hit,7,517,2.5554501577624382,1
33,1,hit,8,592,2.5554501577624382,1
33,1,hit,9,625,2.5554501577624382,1
33,1,hit,10,687,2.5554501577624382,1
33,1,hit,11,820,2.5554501577624382,1
33,1,hit,12,904,2.5554501577624382,1
33,1,hit,13,974,2.5554501577624382,1
33,1,hit,14,985,2.5554501577624382,1
33,2,best,0,41,2.533662207600688,1
33,2,best,1,82,2.533662207600688,1
33,2,best,2,117,2.533662207600688,1
33,2,best,3,180,2.533662207600688,1
33,2,best,4,241,2.533662207600688,1
33,2,best,5,314,2.533662207600688,1
33,2,best,6,422,2.533662207600688,1
33,2,best,7,468,2.533662207600688,1
33,2,best,8,554,2.533662207600688,1
33,2,best,9,569,2.533662207600688,1
33,2,best,10,634,2.533662207600688,1
33,2,best,11,692,2.533662207600688,1
33,2,best,12,756,2.533662207600688,1
33,2,best,13,819,2.533662207600688,1
33,2,best,14,880,2.533662207600688,1
33,2,best,15,993,2.533662207600688,1
33,3,best,0,13,11.424843300021493,1
33,3,best,1,78,11.424843300021493,1
33,3,best,2,126,11.424843300021493,1
33,3,best,3,199,11.424843300021493,1
33,3,best,4,266,11.424843300021493,1
33,3,best,5,330,11.424843300021493,1
33,3,best,6,399,11.424843300021493,1
33,3,best,7,489,11.424843300021493,1
33,3,best,8,573,11.424843300021493,1
33,3,best,9,640,11.424843300021493,1
33,3,best,10,686,11.424843300021493,1
33,3,best,11,776,11.424843300021493,1
33,3,best,12,846,11.424843300021493,1
33,3,best,13,908,11.424843300021493,1
33,3,best,14,917,11.424843300021493,1
33,3,best,15,984,11.424843300021493,1
34,0,best,0,4,1.1798767616157229,1
34,0,best,1,105,1.1798767616157229,1
34,0,best,2,167,1.1798767616157229,1
34,0,best,3,197,1.1798767616157229,1
34,0,best,4,263,1.1798767616157229,1
34,0,best,5,334,1.1798767616157229,1
34,0,best,6,402,1.1798767616157229,1
34,0,best,7,466,1.1798767616157229,1
34,0,best,8,525,1.1798767616157229,1
34,0,best,9,583,1.1798767616157229,1
34,0,best,10,645,1.1798767616157229,1
34,0,best,11,743,1.1798767616157229,1
34,0,best,12,835,1.1798767616157229,1
34,0,best,13,934,1.1798767616157229,1
34,0,best,14,1013,1.1798767616157229,1
34,1,best,0,34,1.1178268634755573,1
34,1,best,1,94,1.1178268634755573,1
34,1,best,2,193,1.1178268634755573,1
34,1,best,3,196,1.1178268634755573,1
34,1,best,4,314,1.1178268634755573,1
34,1,best,5,362,1.1178268634755573,1
34,1,best,6,459,1.1178268634755573,1
34,1,best,7,517,1.1178268634755573,1
34,1,best,8,592,1.1178268634755573,1
34,1,best,9,625,1.1178268634755573,1
34,1,best,10,687,1.1178268634755573,1
34,1,best,11,826,1.1178268634755573,1
34,1,best,12,905,1.1178268634755573,1
34,1,best,13,974,1.1178268634755573,1
34,1,best,14,1051,1.1178268634755573,1
34,1,hit,0,61,2.8181168590400203,1
34,1,hit,1,81,2.8181168590400203,1
34,1,hit,2,193,2.8181168590400203,1
34,1,hit,3,259,2.8181168590400203,1
34,1,hit,4,307,2.8181168590400203,1
34,1,hit,5,362,2.8181168590400203,1
34,1,hit,6,453,2.8181168590400203,1
34,1,hit,7,517,2.8181168590400203,1
34,1,hit,8,592,2.8181168590400203,1
34,1,hit,9,625,2.8181168590400203,1
34,1,hit,10,687,2.8181168590400203,1
34,1,hit,11,826,2.8181168590400203,1
34,1,hit,12,895,2.8181168590400203,1
34,1,hit,13,974,2.8181168590400203,1
34,1,hit,14,1035,2.8181168590400203,1
34,2,best,0,4,1.76647456670165,1
34,2,best,1,62,1.76647456670165,1
34,2,best,2,117,1.76647456670165,1
34,2,best,3,180,1.76647456670165,1
34,2,best,4,241,1.76647456670165,1
34,2,best,5,314,1.76647456670165,1
34,2,best,6,422,1.76647456670165,1
34,2,best,7,468,1.76647456670165,1
34,2,best,8,527,1.76647456670165,1
34,2,best,9,569,1.76647456670165,1
34,2,best,10,634,1.76647456670165,1
34,2,best,11,692,1.76647456670165,1
34,2,best,12,756,1.76647456670165,1
34,2,best,13,819,1.76647456670165,1
34,2,best,14,880,1.76647456670165,1
34,2,best,15,993,1.76647456670165,1
34,3,best,0,13,13.432800853151722,1
34,3,best,1,78,13.432800853151722,1
34,3,best,2,126,13.432800853151722,1
34,3,best,3,199,13.432800853151722,1
34,3,best,4,266,13.432800853151722,1
34,3,best,5,330,13.432800853151722,1
34,3,best,6,399,13.432800853151722,1
34,3,best,7,489,13.432800853151722,1
34,3,best,8,573,13.432800853151722,1
34,3,best,9,640,13.432800853151722,1
34,3,best,10,686,13.432800853151722,1
34,3,best,11,776,13.432800853151722,1
34,3,best,12,846,13.432800853151722,1
34,3,best,13,908,13.432800853151722,1
34,3,best,14,917,13.432800853151722,1
34,3,best,15,984,13.432800853151722,1
35,0,best,0,4,0.03036442641338044,1
35,0,best,1,105,0.03036442641338044,1
35,0,best,2,167,0.03036442641338044,1
35,0,best,3,197,0.03036442641338044,1
35,0,best,4,263,0.03036442641338044,1
35,0,best,5,334,0.03036442641338044,1
35,0,best,6,402,0.03036442641338044,1
35,0,best,7,466,0.03036442641338044,1
35,0,best,8,525,0.03036442641338044,1
35,0,best,9,583,0.03036442641338044,1
35,0,best,10,645,0.03036442641338044,1
35,0,best,11,743,0.03036442641338044,1
35,0,best,12,835,0.03036442641338044,1
35,0,best,13,934,0.03036442641338044,1
35,0,best,14,1013,0.03036442641338044,1
35,1,best,0,34,0.0,1
35,1,best,1,104,0.0,1
35,1,best,2,193,0.0,1
35,1,best,3,259,0.0,1
35,1,best,4,307,0.0,1
35,1,best,5,362,0.0,1
35,1,best,6,452,0.0,1
35,1,best,7,517,0.0,1
35,1,best,8,592,0.0,1
35,1,best,9,625,0.0,1
35,1,best,10,687,0.0,1
35,1,best,11,826,0.0,1
35,1,best,12,895,0.0,1
35,1,best,13,984,0.0,1
35,1,best,14,985,0.0,1
35,1,hit,0,2,0.7202053053979949,1
35,1,hit,1,81,0.7202053053979949,1
35,1,hit,2,193,0.7202053053979949,1
35,1,hit,3,196,0.7202053053979949,1
35,1,hit,4,307,0.7202053053979949,1
35,1,hit,5,362,0.7202053053979949,1
35,1,hit,6,461,0.7202053053979949,1
35,1,hit,7,517,0.7202053053979949,1
35,1,hit,8,592,0.7202053053979949,1
35,1,hit,9,625,0.7202053053979949,1
35,1,hit,10,687,0.7202053053979949,1
35,1,hit,11,822,0.7202053053979949,1
35,1,hit,12,881,0.7202053053979949,1
35,1,hit,13,974,0.7202053053979949,1
35,1,hit,14,985,0.7202053053979949,1
35,2,best,0,14,0.8226856340403879,1
35,2,best,1,82,0.8226856340403879,1
35,2,best,2,117,0.8226856340403879,1
35,2,best,3,180,0.8226856340403879,1
35,2,best,4,241,0.8226856340403879,1
35,2,best,5,314,0.8226856340403879,1
35,2,best,6,377,0.8226856340403879,1
35,2,best,7,441,0.8226856340403879,1
35,2,best,8,564,0.8226856340403879,1
35,2,best,9,609,0.8226856340403879,1
35,2,best,10,634,0.8226856340403879,1
35,2,best,11,692,0.8226856340403879,1
35,2,best,12,807,0.8226856340403879,1
35,2,best,13,819,0.8226856340403879,1
35,2,best,14,880,0.8226856340403879,1
35,2,best,15,940,0.8226856340403879,1
35,3,best,0,13,10.943260190864239,1
35,3,best,1,78,10.943260190864239,1
35,3,best,2,126,10.943260190864239,1
35,3,best,3,199,10.943260190864239,1
35,3,best,4,266,10.943260190864239,1
35,3,best,5,330,10.943260190864239,1
35,3,best,6,399,10.943260190864239,1
35,3,best,7,489,10.943260190864239,1
35,3,best,8,573,10.943260190864239,1
35,3,best,9,640,10.943260190864239,1
35,3,best,10,686,10.943260190864239,1
35,3,best,11,776,10.943260190864239,1
35,3,best,12,846,10.943260190864239,1
35,3,best,13,908,10.943260190864239,1
35,3,best,14,917,10.943260190864239,1
35,3,best,15,984,10.943260190864239,1
36,0,best,0,4,1.1698475366500332,1
36,0,best,1,105,1.1698475366500332,1
36,0,best,2,167,1.1698475366500332,1
36,0,best,3,197,1.1698475366500332,1
36,0,best,4,263,1.1698475366500332,1
36,0,best,5,334,1.1698475366500332,1
36,0,best,6,402,1.1698475366500332,1
36,0,best,7,466,1.1698475366500332,1
36,0,best,8,525,1.1698475366500332,1
36,0,best,9,583,1.1698475366500332,1
36,0,best,10,645,1.1698475366500332,1
36,0,best,11,743,1.1698475366500332,1
36,0,best,12,835,1.1698475366500332,1
36,0,best,13,934,1.1698475366500332,1
36,0,best,14,1013,1.1698475366500332,1
36,1,best,0,48,3.0341962060809333,1
36,1,best,1,105,3.0341962060809333,1
36,1,best,2,183,3.0341962060809333,1
36,1,best,3,259,3.0341962060809333,1
36,1,best,4,307,3.0341962060809333,1
36,1,best,5,362,3.0341962060809333,1
36,1,best,6,461,3.0341962060809333,1
36,1,best,7,517,3.0341962060809333,1
36,1,best,8,592,3.0341962060809333,1
36,1,best,9,625,3.0341962060809333,1
36,1,best,10,687,3.0341962060809333,1
36,1,best,11,826,3.0341962060809333,1
36,1,best,12,885,3.0341962060809333,1
36,1,best,13,974,3.0341962060809333,1
36,1,best,14,1042,3.0341962060809333,1
36,1,hit,0,61,4.23679726905878,1
36,1,hit,1,81,4.23679726905878,1
36,1,hit,2,193,4.23679726905878,1
36,1,hit,3,259,4.23679726905878,1
36,1,hit,4,307,4.23679726905878,1
36,1,hit,5,362,4.23679726905878,1
36,1,hit,6,453,4.23679726905878,1
36,1,hit,7,517,4.23679726905878,1
36,1,hit,8,592,4.23679726905878,1
36,1,hit,9,625,4.23679726905878,1
36,1,hit,10,687,4.23679726905878,1
36,1,hit,11,826,4.23679726905878,1
36,1,hit,12,895,4.23679726905878,1
36,1,hit,13,974,4.23679726905878,1
36,1,hit,14,1035,4.23679726905878,1
36,2,best,0,41,1.3431429068471539,1
36,2,best,1,82,1.3431429068471539,1
36,2,best,2,117,1.3431429068471539,1
36,2,best,3,180,1.3431429068471539,1
36,2,best,4,241,1.3431429068471539,1
36,2,best,5,314,1.3431429068471539,1
36,2,best,6,422,1.3431429068471539,1
36,2,best,7,468,1.3431429068471539,1
36,2,best,8,554,1.3431429068471539,1
36,2,best,9,569,1.3431429068471539,1
36,2,best,10,634,1.3431429068471539,1
36,2,best,11,692,1.3431429068471539,1
36,2,best,12,756,1.3431429068471539,1
36,2,best,13,819,1.3431429068471539,1
36,2,best,14,880,1.3431429068471539,1
36,2,best,15,993,1.3431429068471539,1
36,3,best,0,13,11.895523436969421,1
36,3,best,1,78,11.895523436969421,1
36,3,best,2,126,11.895523436969421,1
36,3,best,3,199,11.895523436969421,1
36,3,best,4,266,11.895523436969421,1
36,3,best,5,330,11.895523436969421,1
36,3,best,6,399,11.895523436969421,1
36,3,best,7,489,11.895523436969421,1
36,3,best,8,573,11.895523436969421,1
36,3,best,9,640,11.895523436969421,1
36,3,best,10,686,11.895523436969421,1
36,3,best,11,776,11.895523436969421,1
36,3,best,12,846,11.895523436969421,1
36,3,best,13,908,11.895523436969421,1
36,3,best,14,917,11.895523436969421,1
36,3,best,15,984,11.895523436969421,1
37,0,best,0,30,16.904511125593835,1
37,0,best,1,113,16.904511125593835,1
37,0,best,2,163,16.904511125593835,1
37,0,best,3,236,16.904511125593835,1
37,0,best,4,277,16.904511125593835,1
37,0,best,5,392,16.904511125593835,1
37,0,best,6,439,16.904511125593835,1
37,0,best,7,502,16.904511125593835,1
37,0,best,8,579,16.904511125593835,1
37,0,best,9,615,16.904511125593835,1
37,0,best,10,702,16.904511125593835,1
37,0,best,11,762,16.904511125593835,1
37,0,best,12,855,16.904511125593835,1
37,0,best,13,904,16.904511125593835,1
37,0,best,14,1007,16.904511125593835,1
37,1,best,0,12,36.49744011761639,1
37,1,best,1,113,36.49744011761639,1
37,1,best,2,166,36.49744011761639,1
37,1,best,3,207,36.49744011761639,1
37,1,best,4,282,36.49744011761639,1
37,1,best,5,387,36.49744011761639,1
37,1,best,6,448,36.49744011761639,1
37,1,best,7,500,36.49744011761639,1
37,1,best,8,593,36.49744011761639,1
37,1,best,9,680,36.49744011761639,1
37,1,best,10,687,36.49744011761639,1
37,1,best,11,822,36.49744011761639,1
37,1,best,12,869,36.49744011761639,1
37,1,best,13,984,36.49744011761639,1
37,1,best,14,1017,36.49744011761639,1
37,2,best,0,10,31.729275177215143,1
37,2,best,1,76,31.729275177215143,1
37,2,best,2,146,31.729275177215143,1
37,2,best,3,236,31.729275177215143,1
37,2,best,4,241,31.729275177215143,1
37,2,best,5,326,31.729275177215143,1
37,2,best,6,403,31.729275177215143,1
37,2,best,7,451,31.729275177215143,1
37,2,best,8,505,31.729275177215143,1
37,2,best,9,569,31.729275177215143,1
37,2,best,10,634,31.729275177215143,1
37,2,best,11,692,31.729275177215143,1
37,2,best,12,803,31.729275177215143,1
37,2,best,13,839,31.729275177215143,1
37,2,best,14,928,31.729275177215143,1
37,2,best,15,962,31.729275177215143,1
37,3,best,0,15,12.258777266122447,1
37,3,best,1,120,12.258777266122447,1
37,3,best,2,145,12.258777266122447,1
37,3,best,3,235,12.258777266122447,1
37,3,best,4,268,12.258777266122447,1
37,3,best,5,337,12.258777266122447,1
37,3,best,6,418,12.258777266122447,1
37,3,best,7,458,12.258777266122447,1
37,3,best,8,517,12.258777266122447,1
37,3,best,9,630,12.258777266122447,1
37,3,best,10,690,12.258777266122447,1
37,3,best,11,762,12.258777266122447,1
37,3,best,12,843,12.258777266122447,1
37,3,best,13,876,12.258777266122447,1
37,3,best,14,973,12.258777266122447,1
37,3,best,15,1028,12.258777266122447,1
37,3,hit,0,15,12.258777266122447,1
37,3,hit,1,120,12.258777266122447,1
37,3,hit,2,145,12.258777266122447,1
37,3,hit,3,235,12.258777266122447,1
37,3,hit,4,268,12.258777266122447,1
37,3,hit,5,337,12.258777266122447,1
37,3,hit,6,418,12.258777266122447,1
37,3,hit,7,458,12.258777266122447,1
37,3,hit,8,517,12.258777266122447,1
37,3,hit,9,630,12.258777266122447,1
37,3,hit,10,690,12.258777266122447,1
37,3,hit,11,762,12.258777266122447,1
37,3,hit,12,843,12.258777266122447,1
37,3,hit,13,876,12.258777266122447,1
37,3,hit,14,973,12.258777266122447,1
37,3,hit,15,1028,12.258777266122447,1
38,0,best,0,22,2.7613704802136425,1
38,0,best,1,79,2.7613704802136425,1
38,0,best,2,164,2.7613704802136425,1
38,0,best,3,243,2.7613704802136425,1
38,0,best,4,299,2.7613704802136425,1
38,0,best,5,334,2.7613704802136425,1
38,0,best,6,402,2.7613704802136425,1
38,0,best,7,466,2.7613704802136425,1
38,0,best,8,563,2.7613704802136425,1
38,0,best,9,638,2.7613704802136425,1
38,0,best,10,645,2.7613704802136425,1
38,0,best,11,768,2.7613704802136425,1
38,0,best,12,855,2.7613704802136425,1
38,0,best,13,928,2.7613704802136425,1
38,0,best,14,1007,2.7613704802136425,1
38,0,hit,0,13,7.7111652765016165,1
38,0,hit,1,125,7.7111652765016165,1
38,0,hit,2,143,7.7111652765016165,1
38,0,hit,3,260,7.7111652765016165,1
38,0,hit,4,327,7.7111652765016165,1
38,0,hit,5,334,7.7111652765016165,1
38,0,hit,6,402,7.7111652765016165,1
38,0,hit,7,466,7.7111652765016165,1
38,0,hit,8,566,7.7111652765016165,1
38,0,hit,9,632,7.7111652765016165,1
38,0,hit,10,645,7.7111652765016165,1
38,0,hit,11,762,7.7111652765016165,1
38,0,hit,12,856,7.7111652765016165,1
38,0,hit,13,908,7.7111652765016165,1
38,0,hit,14,1011,7.7111652765016165,1
38,1,best,0,58,14.204380922025386,1
38,1,best,1,104,14.204380922025386,1
38,1,best,2,192,14.204380922025386,1
38,1,best,3,255,14.204380922025386,1
38,1,best,4,307,14.204380922025386,1
38,1,best,5,325,14.204380922025386,1
38,1,best,6,430,14.204380922025386,1
38,1,best,7,517,14.204380922025386,1
38,1,best,8,592,14.204380922025386,1
38,1,best,9,677,14.204380922025386,1
38,1,best,10,687,14.204380922025386,1
38,1,best,11,822,14.204380922025386,1
38,1,best,12,892,14.204380922025386,1
38,1,best,13,984,14.204380922025386,1
38,1,best,14,1044,14.204380922025386,1
38,2,best,0,31,10.04947431693913,1
38,2,best,1,105,10.04947431693913,1
38,2,best,2,160,10.04947431693913,1
38,2,best,3,214,10.04947431693913,1
38,2,best,4,241,10.04947431693913,1
38,2,best,5,346,10.04947431693913,1
38,2,best,6,433,10.04947431693913,1
38,2,best,7,487,10.04947431693913,1
38,2,best,8,564,10.04947431693913,1
38,2,best,9,569,10.04947431693913,1
38,2,best,10,634,10.04947431693913,1
38,2,best,11,692,10.04947431693913,1
38,2,best,12,756,10.04947431693913,1
38,2,best,13,819,10.04947431693913,1
38,2,best,14,880,10.04947431693913,1
38,2,best,15,940,10.04947431693913,1
38,3,best,0,53,19.39289894833943,1
38,3,best,1,107,19.39289894833943,1
38,3,best,2,158,19.39289894833943,1
38,3,best,3,236,19.39289894833943,1
38,3,best,4,328,19.39289894833943,1
38,3,best,5,359,19.39289894833943,1
38,3,best,6,419,19.39289894833943,1
38,3,best,7,498,19.39289894833943,1
38,3,best,8,517,19.39289894833943,1
38,3,best,9,578,19.39289894833943,1
38,3,best,10,693,19.39289894833943,1
38,3,best,11,780,19.39289894833943,1
38,3,best,12,846,19.39289894833943,1
38,3,best,13,907,19.39289894833943,1
38,3,best,14,917,19.39289894833943,1
38,3,best,15,984,19.39289894833943,1
39,0,best,0,32,4.242423466217054,1
39,0,best,1,105,4.242423466217054,1
39,0,best,2,126,4.242423466217054,1
39,0,best,3,197,4.242423466217054,1
39,0,best,4,263,4.242423466217054,1
39,0,best,5,334,4.242423466217054,1
39,0,best,6,402,4.242423466217054,1
39,0,best,7,466,4.242423466217054,1
39,0,best,8,525,4.242423466217054,1
39,0,best,9,583,4.242423466217054,1
39,0,best,10,645,4.242423466217054,1
39,0,best,11,774,4.242423466217054,1
39,0,best,12,856,4.242423466217054,1
39,0,best,13,903,4.242423466217054,1
39,0,best,14,1013,4.242423466217054,1
39,1,best,0,16,2.163109421113085,1
39,1,best,1,114,2.163109421113085,1
39,1,best,2,184,2.163109421113085,1
39,1,best,3,259,2.163109421113085,1
39,1,best,4,307,2.163109421113085,1
39,1,best,5,362,2.163109421113085,1
39,1,best,6,459,2.163109421113085,1
39,1,best,7,517,2.163109421113085,1
39,1,best,8,592,2.163109421113085,1
39,1,best,9,625,2.163109421113085,1
39,1,best,10,687,2.163109421113085,1
39,1,best,11,826,2.163109421113085,1
39,1,best,12,895,2.163109421113085,1
39,1,best,13,984,2.163109421113085,1
39,1,best,14,985,2.163109421113085,1
39,1,hit,0,1,5.464816736616818,1
39,1,hit,1,123,5.464816736616818,1
39,1,hit,2,193,5.464816736616818,1
39,1,hit,3,259,5.464816736616818,1
39,1,hit,4,307,5.464816736616818,1
39,1,hit,5,362,5.464816736616818,1
39,1,hit,6,452,5.464816736616818,1
39,1,hit,7,517,5.464816736616818,1
39,1,hit,8,592,5.464816736616818,1
39,1,hit,9,625,5.464816736616818,1
39,1,hit,10,687,5.464816736616818,1
39,1,hit,11,820,5.464816736616818,1
39,1,hit,12,904,5.464816736616818,1
39,1,hit,13,974,5.464816736616818,1
39,1,hit,14,985,5.464816736616818,1
39,2,best,0,43,4.626338838081134,1
39,2,best,1,82,4.626338838081134,1
39,2,best,2,117,4.626338838081134,1
39,2,best,3,180,4.626338838081134,1
39,2,best,4,241,4.626338838081134,1
39,2,best,5,314,4.626338838081134,1
39,2,best,6,377,4.626338838081134,1
39,2,best,7,488,4.626338838081134,1
39,2,best,8,505,4.626338838081134,1
39,2,best,9,609,4.626338838081134,1
39,2,best,10,634,4.626338838081134,1
39,2,best,11,692,4.626338838081134,1
39,2,best,12,807,4.626338838081134,1
39,2,best,13,819,4.626338838081134,1
39,2,best,14,880,4.626338838081134,1
39,2,best,15,993,4.626338838081134,1
39,3,best,0,13,14.39972619978973,1
39,3,best,1,78,14.39972619978973,1
39,3,best,2,126,14.39972619978973,1
39,3,best,3,199,14.39972619978973,1
39,3,best,4,266,14.39972619978973,1
39,3,best,5,330,14.39972619978973,1
39,3,best,6,399,14.39972619978973,1
39,3,best,7,489,14.39972619978973,1
39,3,best,8,573,14.39972619978973,1
39,3,best,9,640,14.39972619978973,1
39,3,best,10,686,14.39972619978973,1
39,3,best,11,776,14.39972619978973,1
39,3,best,12,846,14.39972619978973,1
39,3,best,13,908,14.39972619978973,1
39,3,best,14,917,14.39972619978973,1
39,3,best,15,984,14.39972619978973,1
40,0,best,0,29,3.4652348279784686,1
40,0,best,1,77,3.4652348279784686,1
40,0,best,2,127,3.4652348279784686,1
40,0,best,3,230,3.4652348279784686,1
40,0,best,4,277,3.4652348279784686,1
40,0,best,5,397,3.4652348279784686,1
40,0,best,6,402,3.4652348279784686,1
40,0,best,7,501,3.4652348279784686,1
40,0,best,8,569,3.4652348279784686,1
40,0,best,9,638,3.4652348279784686,1
40,0,best,10,698,3.4652348279784686,1
40,0,best,11,743,3.4652348279784686,1
40,0,best,12,834,3.4652348279784686,1
40,0,best,13,928,3.4652348279784686,1
40,0,best,14,1007,3.4652348279784686,1
40,0,hit,0,50,7.024050402316543,1
40,0,hit,1,77,7.024050402316543,1
40,0,hit,2,138,7.024050402316543,1
40,0,hit,3,236,7.024050402316543,1
40,0,hit,4,299,7.024050402316543,1
40,0,hit,5,397,7.024050402316543,1
40,0,hit,6,455,7.024050402316543,1
40,0,hit,7,466,7.024050402316543,1
40,0,hit,8,573,7.024050402316543,1
40,0,hit,9,583,7.024050402316543,1
40,0,hit,10,645,7.024050402316543,1
40,0,hit,11,743,7.024050402316543,1
40,0,hit,12,820,7.024050402316543,1
40,0,hit,13,913,7.024050402316543,1
40,0,hit,14,1007,7.024050402316543,1
40,1,best,0,27,21.636015719865743,1
40,1,best,1,104,21.636015719865743,1
40,1,best,2,162,21.636015719865743,1
40,1,best,3,221,21.636015719865743,1
40,1,best,4,315,21.636015719865743,1
40,1,best,5,389,21.636015719865743,1
40,1,best,6,459,21.636015719865743,1
40,1,best,7,517,21.636015719865743,1
40,1,best,8,592,21.636015719865743,1
40,1,best,9,625,21.636015719865743,1
40,1,best,10,687,21.636015719865743,1
40,1,best,11,807,21.636015719865743,1
40,1,best,12,885,21.636015719865743,1
40,1,best,13,984,21.636015719865743,1
40,1,best,14,1028,21.636015719865743,1
40,2,best,0,1,16.169879340874072,1
40,2,best,1,65,16.169879340874072,1
40,2,best,2,156,16.169879340874072,1
40,2,best,3,180,16.169879340874072,1
40,2,best,4,241,16.169879340874072,1
40,2,best,5,349,16.169879340874072,1
40,2,best,6,413,16.169879340874072,1
40,2,best,7,478,16.169879340874072,1
40,2,best,8,556,16.169879340874072,1
40,2,best,9,569,16.169879340874072,1
40,2,best,10,634,16.169879340874072,1
40,2,best,11,692,16.169879340874072,1
40,2,best,12,756,16.169879340874072,1
40,2,best,13,819,16.169879340874072,1
40,2,best,14,880,16.169879340874072,1
40,2,best,15,1003,16.169879340874072,1
40,3,best,0,46,20.092107621104034,1
40,3,best,1,99,20.092107621104034,1
40,3,best,2,139,20.092107621104034,1
40,3,best,3,208,20.092107621104034,1
40,3,best,4,303,20.092107621104034,1
40,3,best,5,394,20.092107621104034,1
40,3,best,6,456,20.092107621104034,1
40,3,best,7,494,20.092107621104034,1
40,3,best,8,517,20.092107621104034,1
40,3,best,9,578,20.092107621104034,1
40,3,best,10,686,20.092107621104034,1
40,3,best,11,780,20.092107621104034,1
40,3,best,12,846,20.092107621104034,1
40,3,best,13,913,20.092107621104034,1
40,3,best,14,982,20.092107621104034,1
40,3,best,15,984,20.092107621104034,1
41,0,best,0,12,2.62261233428499,1
41,0,best,1,67,2.62261233428499,1
41,0,best,2,184,2.62261233428499,1
41,0,best,3,237,2.62261233428499,1
41,0,best,4,312,2.62261233428499,1
41,0,best,5,334,2.62261233428499,1
41,0,best,6,402,2.62261233428499,1
41,0,best,7,466,2.62261233428499,1
41,0,best,8,569,2.62261233428499,1
41,0,best,9,642,2.62261233428499,1
41,0,best,10,645,2.62261233428499,1
41,0,best,11,779,2.62261233428499,1
41,0,best,12,846,2.62261233428499,1
41,0,best,13,924,2.62261233428499,1
41,0,best,14,1007,2.62261233428499,1
41,0,hit,0,10,10.189127141528195,1
41,0,hit,1,106,10.189127141528195,1
41,0,hit,2,126,10.189127141528195,1
41,0,hit,3,249,10.189127141528195,1
41,0,hit,4,299,10.189127141528195,1
41,0,hit,5,334,10.189127141528195,1
41,0,hit,6,402,10.189127141528195,1
41,0,hit,7,466,10.189127141528195,1
41,0,hit,8,525,10.189127141528195,1
41,0,hit,9,583,10.189127141528195,1
41,0,hit,10,645,10.189127141528195,1
41,0,hit,11,743,10.189127141528195,1
41,0,hit,12,826,10.189127141528195,1
41,0,hit,13,928,10.189127141528195,1
41,0,hit,14,1009,10.189127141528195,1
41,1,best,0,16,16.490002776199592,1
41,1,best,1,122,16.490002776199592,1
41,1,best,2,193,16.490002776199592,1
41,1,best,3,259,16.490002776199592,1
41,1,best,4,303,16.490002776199592,1
41,1,best,5,325,16.490002776199592,1
41,1,best,6,463,16.490002776199592,1
41,1,best,7,517,16.490002776199592,1
41,1,best,8,592,16.490002776199592,1
41,1,best,9,625,16.490002776199592,1
41,1,best,10,687,16.490002776199592,1
41,1,best,11,823,16.490002776199592,1
41,1,best,12,892,16.490002776199592,1
41,1,best,13,974,16.490002776199592,1
41,1,best,14,985,16.490002776199592,1
41,2,best,0,15,11.351939767258807,1
41,2,best,1,99,11.351939767258807,1
41,2,best,2,165,11.351939767258807,1
41,2,best,3,234,11.351939767258807,1
41,2,best,4,241,11.351939767258807,1
41,2,best,5,326,11.351939767258807,1
41,2,best,6,411,11.351939767258807,1
41,2,best,7,478,11.351939767258807,1
41,2,best,8,564,11.351939767258807,1
41,2,best,9,607,11.351939767258807,1
41,2,best,10,634,11.351939767258807,1
41,2,best,11,692,11.351939767258807,1
41,2,best,12,756,11.351939767258807,1
41,2,best,13,819,11.351939767258807,1
41,2,best,14,880,11.351939767258807,1
41,2,best,15,940,11.351939767258807,1
41,3,best,0,0,17.97522857095369,1
41,3,best,1,108,17.97522857095369,1
41,3,best,2,148,17.97522857095369,1
41,3,best,3,236,17.97522857095369,1
41,3,best,4,287,17.97522857095369,1
41,3,best,5,359,17.97522857095369,1
41,3,best,6,399,17.97522857095369,1
41,3,best,7,512,17.97522857095369,1
41,3,best,8,517,17.97522857095369,1
41,3,best,9,606,17.97522857095369,1
41,3,best,10,693,17.97522857095369,1
41,3,best,11,776,17.97522857095369,1
41,3,best,12,839,17.97522857095369,1
41,3,best,13,847,17.97522857095369,1
41,3,best,14,917,17.97522857095369,1
41,3,best,15,984,17.97522857095369,1
42,0,best,0,4,0.34808806688038385,1
42,0,best,1,105,0.34808806688038385,1
42,0,best,2,167,0.34808806688038385,1
42,0,best,3,197,0.34808806688038385,1
42,0,best,4,263,0.34808806688038385,1
42,0,best,5,334,0.34808806688038385,1
42,0,best,6,402,0.34808806688038385,1
42,0,best,7,466,0.34808806688038385,1
42,0,best,8,525,0.34808806688038385,1
42,0,best,9,583,0.34808806688038385,1
42,0,best,10,645,0.34808806688038385,1
42,0,best,11,743,0.34808806688038385,1
42,0,best,12,835,0.34808806688038385,1
42,0,best,13,934,0.34808806688038385,1
42,0,best,14,1013,0.34808806688038385,1
42,1,best,0,2,0.0,1
42,1,best,1,65,0.0,1
42,1,best,2,193,0.0,1
42,1,best,3,259,0.0,1
42,1,best,4,307,0.0,1
42,1,best,5,362,0.0,1
42,1,best,6,459,0.0,1
42,1,best,7,517,0.0,1
42,1,best,8,592,0.0,1
42,1,best,9,625,0.0,1
42,1,best,10,687,0.0,1
42,1,best,11,822,0.0,1
42,1,best,12,895,0.0,1
42,1,best,13,974,0.0,1
42,1,best,14,1046,0.0,1
42,1,hit,0,2,0.4003667381712941,1
42,1,hit,1,81,0.4003667381712941,1
42,1,hit,2,193,0.4003667381712941,1
42,1,hit,3,259,0.4003667381712941,1
42,1,hit,4,307,0.4003667381712941,1
42,1,hit,5,362,0.4003667381712941,1
42,1,hit,6,459,0.4003667381712941,1
42,1,hit,7,517,0.4003667381712941,1
42,1,hit,8,592,0.4003667381712941,1
42,1,hit,9,625,0.4003667381712941,1
42,1,hit,10,687,0.4003667381712941,1
42,1,hit,11,822,0.4003667381712941,1
42,1,hit,12,895,0.4003667381712941,1
42,1,hit,13,974,0.4003667381712941,1
42,1,hit,14,1042,0.4003667381712941,1
42,2,best,0,14,0.8081366272244983,1
42,2,best,1,82,0.8081366272244983,1
42,2,best,2,117,0.8081366272244983,1
42,2,best,3,180,0.8081366272244983,1
42,2,best,4,241,0.8081366272244983,1
42,2,best,5,314,0.8081366272244983,1
42,2,best,6,377,0.8081366272244983,1
42,2,best,7,468,0.8081366272244983,1
42,2,best,8,527,0.8081366272244983,1
42,2,best,9,569,0.8081366272244983,1
42,2,best,10,634,0.8081366272244983,1
42,2,best,11,692,0.8081366272244983,1
42,2,best,12,807,0.8081366272244983,1
42,2,best,13,819,0.8081366272244983,1
42,2,best,14,880,0.8081366272244983,1
42,2,best,15,993,0.8081366272244983,1
42,3,best,0,13,8.436218837220409,1
42,3,best,1,78,8.436218837220409,1
42,3,best,2,126,8.436218837220409,1
42,3,best,3,199,8.436218837220409,1
42,3,best,4,266,8.436218837220409,1
42,3,best,5,330,8.436218837220409,1
42,3,best,6,399,8.436218837220409,1
42,3,best,7,489,8.436218837220409,1
42,3,best,8,573,8.436218837220409,1
42,3,best,9,640,8.436218837220409,1
42,3,best,10,686,8.436218837220409,1
42,3,best,11,776,8.436218837220409,1
42,3,best,12,846,8.436218837220409,1
42,3,best,13,908,8.436218837220409,1
42,3,best,14,917,8.436218837220409,1
42,3,best,15,984,8.436218837220409,1
43,0,best,0,32,3.2484216507271473,1
43,0,best,1,105,3.2484216507271473,1
43,0,best,2,126,3.2484216507271473,1
43,0,best,3,197,3.2484216507271473,1
43,0,best,4,263,3.2484216507271473,1
43,0,best,5,334,3.2484216507271473,1
43,0,best,6,402,3.2484216507271473,1
43,0,best,7,466,3.2484216507271473,1
43,0,best,8,525,3.2484216507271473,1
43,0,best,9,583,3.2484216507271473,1
43,0,best,10,645,3.2484216507271473,1
43,0,best,11,774,3.2484216507271473,1
43,0,best,12,856,3.2484216507271473,1
43,0,best,13,903,3.2484216507271473,1
43,0,best,14,1013,3.2484216507271473,1
43,1,best,0,34,3.7316529917330694,1
43,1,best,1,104,3.7316529917330694,1
43,1,best,2,193,3.7316529917330694,1
43,1,best,3,259,3.7316529917330694,1
43,1,best,4,307,3.7316529917330694,1
43,1,best,5,362,3.7316529917330694,1
43,1,best,6,452,3.7316529917330694,1
43,1,best,7,517,3.7316529917330694,1
43,1,best,8,592,3.7316529917330694,1
43,1,best,9,625,3.7316529917330694,1
43,1,best,10,687,3.7316529917330694,1
43,1,best,11,826,3.7316529917330694,1
43,1,best,12,895,3.7316529917330694,1
43,1,best,13,984,3.7316529917330694,1
43,1,best,14,985,3.7316529917330694,1
43,1,hit,0,13,5.767391119144176,1
43,1,hit,1,65,5.767391119144176,1
43,1,hit,2,193,5.767391119144176,1
43,1,hit,3,259,5.767391119144176,1
43,1,hit,4,307,5.767391119144176,1
43,1,hit,5,362,5.767391119144176,1
43,1,hit,6,459,5.767391119144176,1
43,1,hit,7,517,5.767391119144176,1
43,1,hit,8,592,5.767391119144176,1
43,1,hit,9,625,5.767391119144176,1
43,1,hit,10,687,5.767391119144176,1
43,1,hit,11,826,5.767391119144176,1
43,1,hit,12,905,5.767391119144176,1
43,1,hit,13,974,5.767391119144176,1
43,1,hit,14,985,5.767391119144176,1
43,2,best,0,13,8.982487810740023,1
43,2,best,1,82,8.982487810740023,1
43,2,best,2,117,8.982487810740023,1
43,2,best,3,180,8.982487810740023,1
43,2,best,4,241,8.982487810740023,1
43,2,best,5,314,8.982487810740023,1
43,2,best,6,377,8.982487810740023,1
43,2,best,7,441,8.982487810740023,1
43,2,best,8,505,8.982487810740023,1
43,2,best,9,569,8.982487810740023,1
43,2,best,10,634,8.982487810740023,1
43,2,best,11,692,8.982487810740023,1
43,2,best,12,756,8.982487810740023,1
43,2,best,13,819,8.982487810740023,1
43,2,best,14,880,8.982487810740023,1
43,2,best,15,940,8.982487810740023,1
43,3,best,0,35,16.695122172417697,1
43,3,best,1,118,16.695122172417697,1
43,3,best,2,172,16.695122172417697,1
43,3,best,3,199,16.695122172417697,1
43,3,best,4,312,16.695122172417697,1
43,3,best,5,330,16.695122172417697,1
43,3,best,6,399,16.695122172417697,1
43,3,best,7,514,16.695122172417697,1
43,3,best,8,573,16.695122172417697,1
43,3,best,9,640,16.695122172417697,1
43,3,best,10,701,16.695122172417697,1
43,3,best,11,778,16.695122172417697,1
43,3,best,12,822,16.695122172417697,1
43,3,best,13,887,16.695122172417697,1
43,3,best,14,961,16.695122172417697,1
43,3,best,15,984,16.695122172417697,1
44,0,best,0,32,5.15171578630196,1
44,0,best,1,105,5.15171578630196,1
44,0,best,2,126,5.15171578630196,1
44,0,best,3,197,5.15171578630196,1
44,0,best,4,263,5.15171578630196,1
44,0,best,5,334,5.15171578630196,1
44,0,best,6,402,5.15171578630196,1
44,0,best,7,466,5.15171578630196,1
44,0,best,8,525,5.15171578630196,1
44,0,best,9,583,5.15171578630196,1
44,0,best,10,645,5.15171578630196,1
44,0,best,11,774,5.15171578630196,1
44,0,best,12,856,5.15171578630196,1
44,0,best,13,903,5.15171578630196,1
44,0,best,14,1013,5.15171578630196,1
44,1,best,0,27,4.971544499373288,1
44,1,best,1,105,4.971544499373288,1
44,1,best,2,166,4.971544499373288,1
44,1,best,3,253,4.971544499373288,1
44,1,best,4,307,4.971544499373288,1
44,1,best,5,362,4.971544499373288,1
44,1,best,6,461,4.971544499373288,1
44,1,best,7,517,4.971544499373288,1
44,1,best,8,592,4.971544499373288,1
44,1,best,9,656,4.971544499373288,1
44,1,best,10,687,4.971544499373288,1
44,1,best,11,813,4.971544499373288,1
44,1,best,12,853,4.971544499373288,1
44,1,best,13,981,4.971544499373288,1
44,1,best,14,1042,4.971544499373288,1
44,1,hit,0,61,7.341191605515427,1
44,1,hit,1,122,7.341191605515427,1
44,1,hit,2,193,7.341191605515427,1
44,1,hit,3,196,7.341191605515427,1
44,1,hit,4,307,7.341191605515427,1
44,1,hit,5,362,7.341191605515427,1
44,1,hit,6,459,7.341191605515427,1
44,1,hit,7,517,7.341191605515427,1
44,1,hit,8,592,7.341191605515427,1
44,1,hit,9,685,7.341191605515427,1
44,1,hit,10,687,7.341191605515427,1
44,1,hit,11,826,7.341191605515427,1
44,1,hit,12,881,7.341191605515427,1
44,1,hit,13,981,7.341191605515427,1
44,1,hit,14,1041,7.341191605515427,1
44,2,best,0,24,2.5143608843113725,1
44,2,best,1,88,2.5143608843113725,1
44,2,best,2,117,2.5143608843113725,1
44,2,best,3,180,2.5143608843113725,1
44,2,best,4,241,2.5143608843113725,1
44,2,best,5,314,2.5143608843113725,1
44,2,best,6,377,2.5143608843113725,1
44,2,best,7,441,2.5143608843113725,1
44,2,best,8,564,2.5143608843113725,1
44,2,best,9,569,2.5143608843113725,1
44,2,best,10,634,2.5143608843113725,1
44,2,best,11,692,2.5143608843113725,1
44,2,best,12,756,2.5143608843113725,1
44,2,best,13,819,2.5143608843113725,1
44,2,best,14,880,2.5143608843113725,1
44,2,best,15,940,2.5143608843113725,1
44,3,best,0,26,16.741286665743555,1
44,3,best,1,63,16.741286665743555,1
44,3,best,2,141,16.741286665743555,1
44,3,best,3,226,16.741286665743555,1
44,3,best,4,312,16.741286665743555,1
44,3,best,5,330,16.741286665743555,1
44,3,best,6,399,16.741286665743555,1
44,3,best,7,489,16.741286665743555,1
44,3,best,8,573,16.741286665743555,1
44,3,best,9,640,16.741286665743555,1
44,3,best,10,686,16.741286665743555,1
44,3,best,11,778,16.741286665743555,1
44,3,best,12,810,16.741286665743555,1
44,3,best,13,875,16.741286665743555,1
44,3,best,14,961,16.741286665743555,1
44,3,best,15,984,16.741286665743555,1
45,0,best,0,38,15.345407824268806,1
45,0,best,1,61,15.345407824268806,1
45,0,best,2,143,15.345407824268806,1
45,0,best,3,216,15.345407824268806,1
45,0,best,4,294,15.345407824268806,1
45,0,best,5,334,15.345407824268806,1
45,0,best,6,402,15.345407824268806,1
45,0,best,7,466,15.345407824268806,1
45,0,best,8,566,15.345407824268806,1
45,0,best,9,630,15.345407824268806,1
45,0,best,10,645,15.345407824268806,1
45,0,best,11,774,15.345407824268806,1
45,0,best,12,822,15.345407824268806,1
45,0,best,13,895,15.345407824268806,1
45,0,best,14,1010,15.345407824268806,1
45,1,best,0,16,12.909870979712467,1
45,1,best,1,73,12.909870979712467,1
45,1,best,2,184,12.909870979712467,1
45,1,best,3,254,12.909870979712467,1
45,1,best,4,307,12.909870979712467,1
45,1,best,5,373,12.909870979712467,1
45,1,best,6,461,12.909870979712467,1
45,1,best,7,520,12.909870979712467,1
45,1,best,8,592,12.909870979712467,1
45,1,best,9,625,12.909870979712467,1
45,1,best,10,734,12.909870979712467,1
45,1,best,11,820,12.909870979712467,1
45,1,best,12,881,12.909870979712467,1
45,1,best,13,983,12.909870979712467,1
45,1,best,14,1043,12.909870979712467,1
45,2,best,0,1,13.55523334541902,1
45,2,best,1,97,13.55523334541902,1
45,2,best,2,117,13.55523334541902,1
45,2,best,3,180,13.55523334541902,1
45,2,best,4,241,13.55523334541902,1
45,2,best,5,349,13.55523334541902,1
45,2,best,6,422,13.55523334541902,1
45,2,best,7,494,13.55523334541902,1
45,2,best,8,564,13.55523334541902,1
45,2,best,9,607,13.55523334541902,1
45,2,best,10,634,13.55523334541902,1
45,2,best,11,692,13.55523334541902,1
45,2,best,12,756,13.55523334541902,1
45,2,best,13,819,13.55523334541902,1
45,2,best,14,880,13.55523334541902,1
45,2,best,15,940,13.55523334541902,1
45,2,hit,0,39,17.989701659618962,1
45,2,hit,1,79,17.989701659618962,1
45,2,hit,2,163,17.989701659618962,1
45,2,hit,3,230,17.989701659618962,1
45,2,hit,4,278,17.989701659618962,1
45,2,hit,5,361,17.989701659618962,1
45,2,hit,6,422,17.989701659618962,1
45,2,hit,7,468,17.989701659618962,1
45,2,hit,8,535,17.989701659618962,1
45,2,hit,9,619,17.989701659618962,1
45,2,hit,10,674,17.989701659618962,1
45,2,hit,11,745,17.989701659618962,1
45,2,hit,12,756,17.989701659618962,1
45,2,hit,13,819,17.989701659618962,1
45,2,hit,14,924,17.989701659618962,1
45,2,hit,15,940,17.989701659618962,1
45,3,best,0,35,23.87226219104337,1
45,3,best,1,118,23.87226219104337,1
45,3,best,2,172,23.87226219104337,1
45,3,best,3,199,23.87226219104337,1
45,3,best,4,312,23.87226219104337,1
45,3,best,5,330,23.87226219104337,1
45,3,best,6,399,23.87226219104337,1
45,3,best,7,514,23.87226219104337,1
45,3,best,8,573,23.87226219104337,1
45,3,best,9,640,23.87226219104337,1
45,3,best,10,701,23.87226219104337,1
45,3,best,11,778,23.87226219104337,1
45,3,best,12,822,23.87226219104337,1
45,3,best,13,887,23.87226219104337,1
45,3,best,14,961,23.87226219104337,1
45,3,best,15,984,23.87226219104337,1
46,0,best,0,4,1.4967583412488366,1
46,0,best,1,105,1.4967583412488366,1
46,0,best,2,167,1.4967583412488366,1
46,0,best,3,197,1.4967583412488366,1
46,0,best,4,326,1.4967583412488366,1
46,0,best,5,334,1.4967583412488366,1
46,0,best,6,402,1.4967583412488366,1
46,0,best,7,466,1.4967583412488366,1
46,0,best,8,525,1.4967583412488366,1
46,0,best,9,583,1.4967583412488366,1
46,0,best,10,645,1.4967583412488366,1
46,0,best,11,743,1.4967583412488366,1
46,0,best,12,834,1.4967583412488366,1
46,0,best,13,917,1.4967583412488366,1
46,0,best,14,1007,1.4967583412488366,1
46,1,best,0,55,1.9549813417983806,1
46,1,best,1,113,1.9549813417983806,1
46,1,best,2,193,1.9549813417983806,1
46,1,best,3,196,1.9549813417983806,1
46,1,best,4,307,1.9549813417983806,1
46,1,best,5,380,1.9549813417983806,1
46,1,best,6,466,1.9549813417983806,1
46,1,best,7,517,1.9549813417983806,1
46,1,best,8,592,1.9549813417983806,1
46,1,best,9,625,1.9549813417983806,1
46,1,best,10,687,1.9549813417983806,1
46,1,best,11,823,1.9549813417983806,1
46,1,best,12,906,1.9549813417983806,1
46,1,best,13,984,1.9549813417983806,1
46,1,best,14,985,1.9549813417983806,1
46,1,hit,0,54,3.351916907052644,1
46,1,hit,1,90,3.351916907052644,1
46,1,hit,2,193,3.351916907052644,1
46,1,hit,3,196,3.351916907052644,1
46,1,hit,4,307,3.351916907052644,1
46,1,hit,5,362,3.351916907052644,1
46,1,hit,6,463,3.351916907052644,1
46,1,hit,7,517,3.351916907052644,1
46,1,hit,8,592,3.351916907052644,1
46,1,hit,9,625,3.351916907052644,1
46,1,hit,10,687,3.351916907052644,1
46,1,hit,11,802,3.351916907052644,1
46,1,hit,12,892,3.351916907052644,1
46,1,hit,13,984,3.351916907052644,1
46,1,hit,14,985,3.351916907052644,1
46,2,best,0,14,0.0,1
46,2,best,1,82,0.0,1
46,2,best,2,117,0.0,1
46,2,best,3,180,0.0,1
46,2,best,4,241,0.0,1
46,2,best,5,314,0.0,1
46,2,best,6,377,0.0,1
46,2,best,7,441,0.0,1
46,2,best,8,564,0.0,1
46,2,best,9,569,0.0,1
46,2,best,10,634,0.0,1
46,2,best,11,692,0.0,1
46,2,best,12,756,0.0,1
46,2,best,13,819,0.0,1
46,2,best,14,880,0.0,1
46,2,best,15,940,0.0,1
46,3,best,0,13,11.435796943108702,1
46,3,best,1,78,11.435796943108702,1
46,3,best,2,126,11.435796943108702,1
46,3,best,3,199,11.435796943108702,1
46,3,best,4,266,11.435796943108702,1
46,3,best,5,330,11.435796943108702,1
46,3,best,6,399,11.435796943108702,1
46,3,best,7,489,11.435796943108702,1
46,3,best,8,573,11.435796943108702,1
46,3,best,9,640,11.435796943108702,1
46,3,best,10,686,11.435796943108702,1
46,3,best,11,776,11.435796943108702,1
46,3,best,12,846,11.435796943108702,1
46,3,best,13,908,11.435796943108702,1
46,3,best,14,917,11.435796943108702,1
46,3,best,15,984,11.435796943108702,1
47,0,best,0,29,16.743282381546514,1
47,0,best,1,58,16.743282381546514,1
47,0,best,2,163,16.743282381546514,1
47,0,best,3,228,16.743282381546514,1
47,0,best,4,323,16.743282381546514,1
47,0,best,5,356,16.743282381546514,1
47,0,best,6,415,16.743282381546514,1
47,0,best,7,512,16.743282381546514,1
47,0,best,8,579,16.743282381546514,1
47,0,best,9,643,16.743282381546514,1
47,0,best,10,707,16.743282381546514,1
47,0,best,11,743,16.743282381546514,1
47,0,best,12,826,16.743282381546514,1
47,0,best,13,917,16.743282381546514,1
47,0,best,14,1007,16.743282381546514,1
47,1,best,0,12,28.743614724194686,1
47,1,best,1,113,28.743614724194686,1
47,1,best,2,166,28.743614724194686,1
47,1,best,3,207,28.743614724194686,1
47,1,best,4,282,28.743614724194686,1
47,1,best,5,387,28.743614724194686,1
47,1,best,6,448,28.743614724194686,1
47,1,best,7,500,28.743614724194686,1
47,1,best,8,593,28.743614724194686,1
47,1,best,9,680,28.743614724194686,1
47,1,best,10,687,28.743614724194686,1
47,1,best,11,822,28.743614724194686,1
47,1,best,12,869,28.743614724194686,1
47,1,best,13,984,28.743614724194686,1
47,1,best,14,1017,28.743614724194686,1
47,2,best,0,28,23.383619677215876,1
47,2,best,1,105,23.383619677215876,1
47,2,best,2,172,23.383619677215876,1
47,2,best,3,196,23.383619677215876,1
47,2,best,4,307,23.383619677215876,1
47,2,best,5,344,23.383619677215876,1
47,2,best,6,406,23.383619677215876,1
47,2,best,7,477,23.383619677215876,1
47,2,best,8,568,23.383619677215876,1
47,2,best,9,569,23.383619677215876,1
47,2,best,10,634,23.383619677215876,1
47,2,best,11,692,23.383619677215876,1
47,2,best,12,817,23.383619677215876,1
47,2,best,13,819,23.383619677215876,1
47,2,best,14,890,23.383619677215876,1
47,2,best,15,1003,23.383619677215876,1
47,3,best,0,53,14.556366711680912,1
47,3,best,1,122,14.556366711680912,1
47,3,best,2,163,14.556366711680912,1
47,3,best,3,207,14.556366711680912,1
47,3,best,4,291,14.556366711680912,1
47,3,best,5,355,14.556366711680912,1
47,3,best,6,419,14.556366711680912,1
47,3,best,7,458,14.556366711680912,1
47,3,best,8,576,14.556366711680912,1
47,3,best,9,578,14.556366711680912,1
47,3,best,10,693,14.556366711680912,1
47,3,best,11,780,14.556366711680912,1
47,3,best,12,846,14.556366711680912,1
47,3,best,13,902,14.556366711680912,1
47,3,best,14,917,14.556366711680912,1
47,3,best,15,984,14.556366711680912,1
47,3,hit,0,53,20.232132840435334,1
47,3,hit,1,107,20.232132840435334,1
47,3,hit,2,156,20.232132840435334,1
47,3,hit,3,211,20.232132840435334,1
47,3,hit,4,326,20.232132840435334,1
47,3,hit,5,362,20.232132840435334,1
47,3,hit,6,405,20.232132840435334,1
47,3,hit,7,464,20.232132840435334,1
47,3,hit,8,566,20.232132840435334,1
47,3,hit,9,578,20.232132840435334,1
47,3,hit,10,705,20.232132840435334,1
47,3,hit,11,780,20.232132840435334,1
47,3,hit,12,839,20.232132840435334,1
47,3,hit,13,894,20.232132840435334,1
47,3,hit,14,917,20.232132840435334,1
47,3,hit,15,984,20.232132840435334,1
48,0,best,0,4,10.569619580994843,1
48,0,best,1,105,10.569619580994843,1
48,0,best,2,167,10.569619580994843,1
48,0,best,3,197,10.569619580994843,1
48,0,best,4,263,10.569619580994843,1
48,0,best,5,334,10.569619580994843,1
48,0,best,6,402,10.569619580994843,1
48,0,best,7,466,10.569619580994843,1
48,0,best,8,525,10.569619580994843,1
48,0,best,9,583,10.569619580994843,1
48,0,best,10,645,10.569619580994843,1
48,0,best,11,743,10.569619580994843,1
48,0,best,12,835,10.569619580994843,1
48,0,best,13,934,10.569619580994843,1
48,0,best,14,1013,10.569619580994843,1
48,1,best,0,55,7.15010818535753,1
48,1,best,1,122,7.15010818535753,1
48,1,best,2,172,7.15010818535753,1
48,1,best,3,259,7.15010818535753,1
48,1,best,4,314,7.15010818535753,1
48,1,best,5,382,7.15010818535753,1
48,1,best,6,461,7.15010818535753,1
48,1,best,7,517,7.15010818535753,1
48,1,best,8,592,7.15010818535753,1
48,1,best,9,625,7.15010818535753,1
48,1,best,10,687,7.15010818535753,1
48,1,best,11,826,7.15010818535753,1
48,1,best,12,895,7.15010818535753,1
48,1,best,13,981,7.15010818535753,1
48,1,best,14,985,7.15010818535753,1
48,1,hit,0,55,7.15010818535753,1
48,1,hit,1,122,7.15010818535753,1
48,1,hit,2,172,7.15010818535753,1
48,1,hit,3,259,7.15010818535753,1
48,1,hit,4,314,7.15010818535753,1
48,1,hit,5,382,7.15010818535753,1
48,1,hit,6,461,7.15010818535753,1
48,1,hit,7,517,7.15010818535753,1
48,1,hit,8,592,7.15010818535753,1
48,1,hit,9,625,7.15010818535753,1
48,1,hit,10,687,7.15010818535753,1
48,1,hit,11,826,7.15010818535753,1
48,1,hit,12,895,7.15010818535753,1
48,1,hit,13,981,7.15010818535753,1
48,1,hit,14,985,7.15010818535753,1
48,2,best,0,46,14.12806164642356,1
48,2,best,1,82,14.12806164642356,1
48,2,best,2,117,14.12806164642356,1
48,2,best,3,180,14.12806164642356,1
48,2,best,4,241,14.12806164642356,1
48,2,best,5,314,14.12806164642356,1
48,2,best,6,377,14.12806164642356,1
48,2,best,7,441,14.12806164642356,1
48,2,best,8,556,14.12806164642356,1
48,2,best,9,626,14.12806164642356,1
48,2,best,10,669,14.12806164642356,1
48,2,best,11,692,14.12806164642356,1
48,2,best,12,807,14.12806164642356,1
48,2,best,13,819,14.12806164642356,1
48,2,best,14,880,14.12806164642356,1
48,2,best,15,940,14.12806164642356,1
48,3,best,0,26,30.506673096798334,1
48,3,best,1,63,30.506673096798334,1
48,3,best,2,141,30.506673096798334,1
48,3,best,3,226,30.506673096798334,1
48,3,best,4,312,30.506673096798334,1
48,3,best,5,330,30.506673096798334,1
48,3,best,6,399,30.506673096798334,1
48,3,best,7,489,30.506673096798334,1
48,3,best,8,573,30.506673096798334,1
48,3,best,9,640,30.506673096798334,1
48,3,best,10,686,30.506673096798334,1
48,3,best,11,778,30.506673096798334,1
48,3,best,12,810,30.506673096798334,1
48,3,best,13,875,30.506673096798334,1
48,3,best,14,961,30.506673096798334,1
48,3,best,15,984,30.506673096798334,1
49,0,best,0,34,4.505778355041881,1
49,0,best,1,83,4.505778355041881,1
49,0,best,2,143,4.505778355041881,1
49,0,best,3,253,4.505778355041881,1
49,0,best,4,263,4.505778355041881,1
49,0,best,5,334,4.505778355041881,1
49,0,best,6,402,4.505778355041881,1
49,0,best,7,466,4.505778355041881,1
49,0,best,8,525,4.505778355041881,1
49,0,best,9,583,4.505778355041881,1
49,0,best,10,645,4.505778355041881,1
49,0,best,11,776,4.505778355041881,1
49,0,best,12,790,4.505778355041881,1
49,0,best,13,877,4.505778355041881,1
49,0,best,14,1012,4.505778355041881,1
49,0,hit,0,1,9.748246392888788,1
49,0,hit,1,105,9.748246392888788,1
49,0,hit,2,155,9.748246392888788,1
49,0,hit,3,197,9.748246392888788,1
49,0,hit,4,270,9.748246392888788,1
49,0,hit,5,334,9.748246392888788,1
49,0,hit,6,402,9.748246392888788,1
49,0,hit,7,466,9.748246392888788,1
49,0,hit,8,525,9.748246392888788,1
49,0,hit,9,583,9.748246392888788,1
49,0,hit,10,645,9.748246392888788,1
49,0,hit,11,737,9.748246392888788,1
49,0,hit,12,840,9.748246392888788,1
49,0,hit,13,921,9.748246392888788,1
49,0,hit,14,1012,9.748246392888788,1
49,1,best,0,16,4.139224053505012,1
49,1,best,1,82,4.139224053505012,1
49,1,best,2,148,4.139224053505012,1
49,1,best,3,259,4.139224053505012,1
49,1,best,4,315,4.139224053505012,1
49,1,best,5,362,4.139224053505012,1
49,1,best,6,461,4.139224053505012,1
49,1,best,7,517,4.139224053505012,1
49,1,best,8,592,4.139224053505012,1
49,1,best,9,681,4.139224053505012,1
49,1,best,10,687,4.139224053505012,1
49,1,best,11,813,4.139224053505012,1
49,1,best,12,887,4.139224053505012,1
49,1,best,13,984,4.139224053505012,1
49,1,best,14,1042,4.139224053505012,1
49,2,best,0,8,9.039806342534947,1
49,2,best,1,88,9.039806342534947,1
49,2,best,2,148,9.039806342534947,1
49,2,best,3,180,9.039806342534947,1
49,2,best,4,241,9.039806342534947,1
49,2,best,5,314,9.039806342534947,1
49,2,best,6,377,9.039806342534947,1
49,2,best,7,480,9.039806342534947,1
49,2,best,8,566,9.039806342534947,1
49,2,best,9,585,9.039806342534947,1
49,2,best,10,677,9.039806342534947,1
49,2,best,11,745,9.039806342534947,1
49,2,best,12,807,9.039806342534947,1
49,2,best,13,819,9.039806342534947,1
49,2,best,14,880,9.039806342534947,1
49,2,best,15,940,9.039806342534947,1
49,3,best,0,13,18.19452386412049,1
49,3,best,1,78,18.19452386412049,1
49,3,best,2,126,18.19452386412049,1
49,3,best,3,199,18.19452386412049,1
49,3,best,4,266,18.19452386412049,1
49,3,best,5,330,18.19452386412049,1
49,3,best,6,399,18.19452386412049,1
49,3,best,7,489,18.19452386412049,1
49,3,best,8,573,18.19452386412049,1
49,3,best,9,640,18.19452386412049,1
49,3,best,10,686,18.19452386412049,1
49,3,best,11,776,18.19452386412049,1
49,3,best,12,846,18.19452386412049,1
49,3,best,13,908,18.19452386412049,1
49,3,best,14,917,18.19452386412049,1
49,3,best,15,984,18.19452386412049,1
50,0,best,0,47,7.18188959275418,1
50,0,best,1,96,7.18188959275418,1
50,0,best,2,135,7.18188959275418,1
50,0,best,3,249,7.18188959275418,1
50,0,best,4,299,7.18188959275418,1
50,0,best,5,334,7.18188959275418,1
50,0,best,6,402,7.18188959275418,1
50,0,best,7,466,7.18188959275418,1
50,0,best,8,525,7.18188959275418,1
50,0,best,9,583,7.18188959275418,1
50,0,best,10,645,7.18188959275418,1
50,0,best,11,743,7.18188959275418,1
50,0,best,12,855,7.18188959275418,1
50,0,best,13,862,7.18188959275418,1
50,0,best,14,1007,7.18188959275418,1
50,0,hit,0,6,8.06564982740667,1
50,0,hit,1,105,8.06564982740667,1
50,0,hit,2,126,8.06564982740667,1
50,0,hit,3,197,8.06564982740667,1
50,0,hit,4,326,8.06564982740667,1
50,0,hit,5,334,8.06564982740667,1
50,0,hit,6,402,8.06564982740667,1
50,0,hit,7,466,8.06564982740667,1
50,0,hit,8,525,8.06564982740667,1
50,0,hit,9,583,8.06564982740667,1
50,0,hit,10,645,8.06564982740667,1
50,0,hit,11,774,8.06564982740667,1
50,0,hit,12,820,8.06564982740667,1
50,0,hit,13,924,8.06564982740667,1
50,0,hit,14,1007,8.06564982740667,1
50,1,best,0,16,15.325728699253979,1
50,1,best,1,73,15.325728699253979,1
50,1,best,2,184,15.325728699253979,1
50,1,best,3,254,15.325728699253979,1
50,1,best,4,307,15.325728699253979,1
50,1,best,5,373,15.325728699253979,1
50,1,best,6,461,15.325728699253979,1
50,1,best,7,520,15.325728699253979,1
50,1,best,8,592,15.325728699253979,1
50,1,best,9,625,15.325728699253979,1
50,1,best,10,734,15.325728699253979,1
50,1,best,11,820,15.325728699253979,1
50,1,best,12,881,15.325728699253979,1
50,1,best,13,983,15.325728699253979,1
50,1,best,14,1043,15.325728699253979,1
50,2,best,0,45,9.78134382744461,1
50,2,best,1,102,9.78134382744461,1
50,2,best,2,136,9.78134382744461,1
50,2,best,3,180,9.78134382744461,1
50,2,best,4,309,9.78134382744461,1
50,2,best,5,376,9.78134382744461,1
50,2,best,6,422,9.78134382744461,1
50,2,best,7,478,9.78134382744461,1
50,2,best,8,527,9.78134382744461,1
50,2,best,9,569,9.78134382744461,1
50,2,best,10,634,9.78134382744461,1
50,2,best,11,692,9.78134382744461,1
50,2,best,12,791,9.78134382744461,1
50,2,best,13,819,9.78134382744461,1
50,2,best,14,880,9.78134382744461,1
50,2,best,15,940,9.78134382744461,1
50,3,best,0,13,11.408590627777464,1
50,3,best,1,78,11.408590627777464,1
50,3,best,2,126,11.408590627777464,1
50,3,best,3,199,11.408590627777464,1
50,3,best,4,266,11.408590627777464,1
50,3,best,5,330,11.408590627777464,1
50,3,best,6,399,11.408590627777464,1
50,3,best,7,489,11.408590627777464,1
50,3,best,8,573,11.408590627777464,1
50,3,best,9,640,11.408590627777464,1
50,3,best,10,686,11.408590627777464,1
50,3,best,11,776,11.408590627777464,1
50,3,best,12,846,11.408590627777464,1
50,3,best,13,908,11.408590627777464,1
50,3,best,14,917,11.408590627777464,1
50,3,best,15,984,11.408590627777464,1
51,0,best,0,1,11.88217919610344,1
51,0,best,1,118,11.88217919610344,1
51,0,best,2,180,11.88217919610344,1
51,0,best,3,249,11.88217919610344,1
51,0,best,4,311,11.88217919610344,1
51,0,best,5,334,11.88217919610344,1
51,0,best,6,402,11.88217919610344,1
51,0,best,7,466,11.88217919610344,1
51,0,best,8,569,11.88217919610344,1
51,0,best,9,632,11.88217919610344,1
51,0,best,10,645,11.88217919610344,1
51,0,best,11,762,11.88217919610344,1
51,0,best,12,826,11.88217919610344,1
51,0,best,13,924,11.88217919610344,1
51,0,best,14,1007,11.88217919610344,1
51,0,hit,0,23,17.58448680682583,1
51,0,hit,1,58,17.58448680682583,1
51,0,hit,2,137,17.58448680682583,1
51,0,hit,3,220,17.58448680682583,1
51,0,hit,4,302,17.58448680682583,1
51,0,hit,5,393,17.58448680682583,1
51,0,hit,6,454,17.58448680682583,1
51,0,hit,7,523,17.58448680682583,1
51,0,hit,8,579,17.58448680682583,1
51,0,hit,9,588,17.58448680682583,1
51,0,hit,10,707,17.58448680682583,1
51,0,hit,11,732,17.58448680682583,1
51,0,hit,12,785,17.58448680682583,1
51,0,hit,13,907,17.58448680682583,1
51,0,hit,14,1007,17.58448680682583,1
51,1,best,0,18,20.943954665316262,1
51,1,best,1,119,20.943954665316262,1
51,1,best,2,193,20.943954665316262,1
51,1,best,3,251,20.943954665316262,1
51,1,best,4,307,20.943954665316262,1
51,1,best,5,368,20.943954665316262,1
51,1,best,6,462,20.943954665316262,1
51,1,best,7,517,20.943954665316262,1
51,1,best,8,592,20.943954665316262,1
51,1,best,9,675,20.943954665316262,1
51,1,best,10,687,20.943954665316262,1
51,1,best,11,826,20.943954665316262,1
51,1,best,12,895,20.943954665316262,1
51,1,best,13,974,20.943954665316262,1
51,1,best,14,1044,20.943954665316262,1
51,2,best,0,44,14.340295727940251,1
51,2,best,1,86,14.340295727940251,1
51,2,best,2,117,14.340295727940251,1
51,2,best,3,222,14.340295727940251,1
51,2,best,4,307,14.340295727940251,1
51,2,best,5,346,14.340295727940251,1
51,2,best,6,423,14.340295727940251,1
51,2,best,7,480,14.340295727940251,1
51,2,best,8,564,14.340295727940251,1
51,2,best,9,569,14.340295727940251,1
51,2,best,10,634,14.340295727940251,1
51,2,best,11,692,14.340295727940251,1
51,2,best,12,802,14.340295727940251,1
51,2,best,13,819,14.340295727940251,1
51,2,best,14,880,14.340295727940251,1
51,2,best,15,988,14.340295727940251,1
51,3,best,0,53,9.04396009844338,1
51,3,best,1,107,9.04396009844338,1
51,3,best,2,158,9.04396009844338,1
51,3,best,3,236,9.04396009844338,1
51,3,best,4,328,9.04396009844338,1
51,3,best,5,359,9.04396009844338,1
51,3,best,6,419,9.04396009844338,1
51,3,best,7,498,9.04396009844338,1
51,3,best,8,517,9.04396009844338,1
51,3,best,9,578,9.04396009844338,1
51,3,best,10,693,9.04396009844338,1
51,3,best,11,780,9.04396009844338,1
51,3,best,12,846,9.04396009844338,1
51,3,best,13,907,9.04396009844338,1
51,3,best,14,917,9.04396009844338,1
51,3,best,15,984,9.04396009844338,1
52,0,best,0,4,0.9400593941512589,1
52,0,best,1,105,0.9400593941512589,1
52,0,best,2,167,0.9400593941512589,1
52,0,best,3,197,0.9400593941512589,1
52,0,best,4,263,0.9400593941512589,1
52,0,best,5,334,0.9400593941512589,1
52,0,best,6,402,0.9400593941512589,1
52,0,best,7,466,0.9400593941512589,1
52,0,best,8,525,0.9400593941512589,1
52,0,best,9,583,0.9400593941512589,1
52,0,best,10,645,0.9400593941512589,1
52,0,best,11,743,0.9400593941512589,1
52,0,best,12,835,0.9400593941512589,1
52,0,best,13,934,0.9400593941512589,1
52,0,best,14,1013,0.9400593941512589,1
52,1,best,0,16,0.493768175758289,1
52,1,best,1,114,0.493768175758289,1
52,1,best,2,184,0.493768175758289,1
52,1,best,3,259,0.493768175758289,1
52,1,best,4,307,0.493768175758289,1
52,1,best,5,362,0.493768175758289,1
52,1,best,6,459,0.493768175758289,1
52,1,best,7,517,0.493768175758289,1
52,1,best,8,592,0.493768175758289,1
52,1,best,9,625,0.493768175758289,1
52,1,best,10,687,0.493768175758289,1
52,1,best,11,826,0.493768175758289,1
52,1,best,12,895,0.493768175758289,1
52,1,best,13,984,0.493768175758289,1
52,1,best,14,985,0.493768175758289,1
52,2,best,0,9,0.0,1
52,2,best,1,82,0.0,1
52,2,best,2,117,0.0,1
52,2,best,3,180,0.0,1
52,2,best,4,241,0.0,1
52,2,best,5,314,0.0,1
52,2,best,6,377,0.0,1
52,2,best,7,441,0.0,1
52,2,best,8,527,0.0,1
52,2,best,9,569,0.0,1
52,2,best,10,634,0.0,1
52,2,best,11,692,0.0,1
52,2,best,12,756,0.0,1
52,2,best,13,819,0.0,1
52,2,best,14,880,0.0,1
52,2,best,15,940,0.0,1
52,2,hit,0,49,0.8864750385992668,1
52,2,hit,1,82,0.8864750385992668,1
52,2,hit,2,117,0.8864750385992668,1
52,2,hit,3,180,0.8864750385992668,1
52,2,hit,4,241,0.8864750385992668,1
52,2,hit,5,314,0.8864750385992668,1
52,2,hit,6,377,0.8864750385992668,1
52,2,hit,7,441,0.8864750385992668,1
52,2,hit,8,564,0.8864750385992668,1
52,2,hit,9,609,0.8864750385992668,1
52,2,hit,10,634,0.8864750385992668,1
52,2,hit,11,692,0.8864750385992668,1
52,2,hit,12,807,0.8864750385992668,1
52,2,hit,13,819,0.8864750385992668,1
52,2,hit,14,880,0.8864750385992668,1
52,2,hit,15,940,0.8864750385992668,1
52,3,best,0,13,8.439108151299507,1
52,3,best,1,78,8.439108151299507,1
52,3,best,2,126,8.439108151299507,1
52,3,best,3,199,8.439108151299507,1
52,3,best,4,266,8.439108151299507,1
52,3,best,5,330,8.439108151299507,1
52,3,best,6,399,8.439108151299507,1
52,3,best,7,489,8.439108151299507,1
52,3,best,8,573,8.439108151299507,1
52,3,best,9,640,8.439108151299507,1
52,3,best,10,686,8.439108151299507,1
52,3,best,11,776,8.439108151299507,1
52,3,best,12,846,8.439108151299507,1
52,3,best,13,908,8.439108151299507,1
52,3,best,14,917,8.439108151299507,1
52,3,best,15,984,8.439108151299507,1
53,0,best,0,4,2.1980918910433993,1
53,0,best,1,105,2.1980918910433993,1
53,0,best,2,167,2.1980918910433993,1
53,0,best,3,197,2.1980918910433993,1
53,0,best,4,263,2.1980918910433993,1
53,0,best,5,334,2.1980918910433993,1
53,0,best,6,402,2.1980918910433993,1
53,0,best,7,466,2.1980918910433993,1
53,0,best,8,525,2.1980918910433993,1
53,0,best,9,583,2.1980918910433993,1
53,0,best,10,645,2.1980918910433993,1
53,0,best,11,743,2.1980918910433993,1
53,0,best,12,835,2.1980918910433993,1
53,0,best,13,934,2.1980918910433993,1
53,0,best,14,1013,2.1980918910433993,1
53,1,best,0,24,2.126903274459167,1
53,1,best,1,81,2.126903274459167,1
53,1,best,2,193,2.126903274459167,1
53,1,best,3,259,2.126903274459167,1
53,1,best,4,307,2.126903274459167,1
53,1,best,5,367,2.126903274459167,1
53,1,best,6,459,2.126903274459167,1
53,1,best,7,517,2.126903274459167,1
53,1,best,8,592,2.126903274459167,1
53,1,best,9,625,2.126903274459167,1
53,1,best,10,687,2.126903274459167,1
53,1,best,11,822,2.126903274459167,1
53,1,best,12,881,2.126903274459167,1
53,1,best,13,974,2.126903274459167,1
53,1,best,14,985,2.126903274459167,1
53,1,hit,0,40,4.0823065108870935,1
53,1,hit,1,81,4.0823065108870935,1
53,1,hit,2,193,4.0823065108870935,1
53,1,hit,3,259,4.0823065108870935,1
53,1,hit,4,307,4.0823065108870935,1
53,1,hit,5,391,4.0823065108870935,1
53,1,hit,6,459,4.0823065108870935,1
53,1,hit,7,517,4.0823065108870935,1
53,1,hit,8,592,4.0823065108870935,1
53,1,hit,9,625,4.0823065108870935,1
53,1,hit,10,687,4.0823065108870935,1
53,1,hit,11,809,4.0823065108870935,1
53,1,hit,12,895,4.0823065108870935,1
53,1,hit,13,974,4.0823065108870935,1
53,1,hit,14,985,4.0823065108870935,1
53,2,best,0,8,1.5430631290754457,1
53,2,best,1,82,1.5430631290754457,1
53,2,best,2,117,1.5430631290754457,1
53,2,best,3,180,1.5430631290754457,1
53,2,best,4,241,1.5430631290754457,1
53,2,best,5,314,1.5430631290754457,1
53,2,best,6,377,1.5430631290754457,1
53,2,best,7,488,1.5430631290754457,1
53,2,best,8,527,1.5430631290754457,1
53,2,best,9,569,1.5430631290754457,1
53,2,best,10,634,1.5430631290754457,1
53,2,best,11,692,1.5430631290754457,1
53,2,best,12,756,1.5430631290754457,1
53,2,best,13,819,1.5430631290754457,1
53,2,best,14,880,1.5430631290754457,1
53,2,best,15,940,1.5430631290754457,1
53,3,best,0,13,12.390578820846523,1
53,3,best,1,78,12.390578820846523,1
53,3,best,2,126,12.390578820846523,1
53,3,best,3,199,12.390578820846523,1
53,3,best,4,266,12.390578820846523,1
53,3,best,5,330,12.390578820846523,1
53,3,best,6,399,12.390578820846523,1
53,3,best,7,489,12.390578820846523,1
53,3,best,8,573,12.390578820846523,1
53,3,best,9,640,12.390578820846523,1
53,3,best,10,686,12.390578820846523,1
53,3,best,11,776,12.390578820846523,1
53,3,best,12,846,12.390578820846523,1
53,3,best,13,908,12.390578820846523,1
53,3,best,14,917,12.390578820846523,1
53,3,best,15,984,12.390578820846523,1
54,0,best,0,20,8.003112648602746,1
54,0,best,1,96,8.003112648602746,1
54,0,best,2,126,8.003112648602746,1
54,0,best,3,249,8.003112648602746,1
54,0,best,4,330,8.003112648602746,1
54,0,best,5,334,8.003112648602746,1
54,0,best,6,402,8.003112648602746,1
54,0,best,7,466,8.003112648602746,1
54,0,best,8,525,8.003112648602746,1
54,0,best,9,583,8.003112648602746,1
54,0,best,10,645,8.003112648602746,1
54,0,best,11,743,8.003112648602746,1
54,0,best,12,855,8.003112648602746,1
54,0,best,13,917,8.003112648602746,1
54,0,best,14,1007,8.003112648602746,1
54,1,best,0,16,15.38421722210991,1
54,1,best,1,73,15.38421722210991,1
54,1,best,2,162,15.38421722210991,1
54,1,best,3,253,15.38421722210991,1
54,1,best,4,318,15.38421722210991,1
54,1,best,5,367,15.38421722210991,1
54,1,best,6,460,15.38421722210991,1
54,1,best,7,524,15.38421722210991,1
54,1,best,8,592,15.38421722210991,1
54,1,best,9,617,15.38421722210991,1
54,1,best,10,687,15.38421722210991,1
54,1,best,11,820,15.38421722210991,1
54,1,best,12,881,15.38421722210991,1
54,1,best,13,981,15.38421722210991,1
54,1,best,14,1051,15.38421722210991,1
54,2,best,0,10,6.642504485027798,1
54,2,best,1,58,6.642504485027798,1
54,2,best,2,117,6.642504485027798,1
54,2,best,3,180,6.642504485027798,1
54,2,best,4,300,6.642504485027798,1
54,2,best,5,375,6.642504485027798,1
54,2,best,6,422,6.642504485027798,1
54,2,best,7,481,6.642504485027798,1
54,2,best,8,527,6.642504485027798,1
54,2,best,9,615,6.642504485027798,1
54,2,best,10,634,6.642504485027798,1
54,2,best,11,692,6.642504485027798,1
54,2,best,12,774,6.642504485027798,1
54,2,best,13,819,6.642504485027798,1
54,2,best,14,880,6.642504485027798,1
54,2,best,15,1001,6.642504485027798,1
54,2,hit,0,45,7.359290620464694,1
54,2,hit,1,89,7.359290620464694,1
54,2,hit,2,168,7.359290620464694,1
54,2,hit,3,180,7.359290620464694,1
54,2,hit,4,307,7.359290620464694,1
54,2,hit,5,375,7.359290620464694,1
54,2,hit,6,412,7.359290620464694,1
54,2,hit,7,484,7.359290620464694,1
54,2,hit,8,527,7.359290620464694,1
54,2,hit,9,590,7.359290620464694,1
54,2,hit,10,686,7.359290620464694,1
54,2,hit,11,692,7.359290620464694,1
54,2,hit,12,756,7.359290620464694,1
54,2,hit,13,819,7.359290620464694,1
54,2,hit,14,880,7.359290620464694,1
54,2,hit,15,993,7.359290620464694,1
54,3,best,0,60,7.491519356379319,1
54,3,best,1,119,7.491519356379319,1
54,3,best,2,143,7.491519356379319,1
54,3,best,3,199,7.491519356379319,1
54,3,best,4,269,7.491519356379319,1
54,3,best,5,391,7.491519356379319,1
54,3,best,6,414,7.491519356379319,1
54,3,best,7,480,7.491519356379319,1
54,3,best,8,517,7.491519356379319,1
54,3,best,9,578,7.491519356379319,1
54,3,best,10,686,7.491519356379319,1
54,3,best,11,714,7.491519356379319,1
54,3,best,12,827,7.491519356379319,1
54,3,best,13,911,7.491519356379319,1
54,3,best,14,974,7.491519356379319,1
54,3,best,15,984,7.491519356379319,1
55,0,best,0,19,5.528249667502598,1
55,0,best,1,115,5.528249667502598,1
55,0,best,2,188,5.528249667502598,1
55,0,best,3,197,5.528249667502598,1
55,0,best,4,326,5.528249667502598,1
55,0,best,5,334,5.528249667502598,1
55,0,best,6,402,5.528249667502598,1
55,0,best,7,466,5.528249667502598,1
55,0,best,8,525,5.528249667502598,1
55,0,best,9,583,5.528249667502598,1
55,0,best,10,645,5.528249667502598,1
55,0,best,11,743,5.528249667502598,1
55,0,best,12,834,5.528249667502598,1
55,0,best,13,924,5.528249667502598,1
55,0,best,14,1007,5.528249667502598,1
55,0,hit,0,10,7.881209969978158,1
55,0,hit,1,96,7.881209969978158,1
55,0,hit,2,126,7.881209969978158,1
55,0,hit,3,216,7.881209969978158,1
55,0,hit,4,263,7.881209969978158,1
55,0,hit,5,334,7.881209969978158,1
55,0,hit,6,402,7.881209969978158,1
55,0,hit,7,466,7.881209969978158,1
55,0,hit,8,525,7.881209969978158,1
55,0,hit,9,583,7.881209969978158,1
55,0,hit,10,645,7.881209969978158,1
55,0,hit,11,743,7.881209969978158,1
55,0,hit,12,849,7.881209969978158,1
55,0,hit,13,886,7.881209969978158,1
55,0,hit,14,1007,7.881209969978158,1
55,1,best,0,47,8.080873017499105,1
55,1,best,1,73,8.080873017499105,1
55,1,best,2,168,8.080873017499105,1
55,1,best,3,253,8.080873017499105,1
55,1,best,4,307,8.080873017499105,1
55,1,best,5,325,8.080873017499105,1
55,1,best,6,461,8.080873017499105,1
55,1,best,7,517,8.080873017499105,1
55,1,best,8,592,8.080873017499105,1
55,1,best,9,625,8.080873017499105,1
55,1,best,10,687,8.080873017499105,1
55,1,best,11,822,8.080873017499105,1
55,1,best,12,828,8.080873017499105,1
55,1,best,13,974,8.080873017499105,1
55,1,best,14,1042,8.080873017499105,1
55,2,best,0,46,11.371264166781595,1
55,2,best,1,108,11.371264166781595,1
55,2,best,2,117,11.371264166781595,1
55,2,best,3,180,11.371264166781595,1
55,2,best,4,241,11.371264166781595,1
55,2,best,5,314,11.371264166781595,1
55,2,best,6,422,11.371264166781595,1
55,2,best,7,441,11.371264166781595,1
55,2,best,8,543,11.371264166781595,1
55,2,best,9,619,11.371264166781595,1
55,2,best,10,677,11.371264166781595,1
55,2,best,11,692,11.371264166781595,1
55,2,best,12,807,11.371264166781595,1
55,2,best,13,819,11.371264166781595,1
55,2,best,14,880,11.371264166781595,1
55,2,best,15,940,11.371264166781595,1
55,3,best,0,13,19.404548739891965,1
55,3,best,1,78,19.404548739891965,1
55,3,best,2,126,19.404548739891965,1
55,3,best,3,199,19.404548739891965,1
55,3,best,4,266,19.404548739891965,1
55,3,best,5,330,19.404548739891965,1
55,3,best,6,399,19.404548739891965,1
55,3,best,7,489,19.404548739891965,1
55,3,best,8,573,19.404548739891965,1
55,3,best,9,640,19.404548739891965,1
55,3,best,10,686,19.404548739891965,1
55,3,best,11,776,19.404548739891965,1
55,3,best,12,846,19.404548739891965,1
55,3,best,13,908,19.404548739891965,1
55,3,best,14,917,19.404548739891965,1
55,3,best,15,984,19.404548739891965,1
56,0,best,0,29,14.817970753658466,1
56,0,best,1,63,14.817970753658466,1
56,0,best,2,174,14.817970753658466,1
56,0,best,3,235,14.817970753658466,1
56,0,best,4,264,14.817970753658466,1
56,0,best,5,395,14.817970753658466,1
56,0,best,6,437,14.817970753658466,1
56,0,best,7,477,14.817970753658466,1
56,0,best,8,563,14.817970753658466,1
56,0,best,9,638,14.817970753658466,1
56,0,best,10,694,14.817970753658466,1
56,0,best,11,772,14.817970753658466,1
56,0,best,12,821,14.817970753658466,1
56,0,best,13,917,14.817970753658466,1
56,0,best,14,1009,14.817970753658466,1
56,0,hit,0,29,14.817970753658466,1
56,0,hit,1,63,14.817970753658466,1
56,0,hit,2,174,14.817970753658466,1
56,0,hit,3,235,14.817970753658466,1
56,0,hit,4,264,14.817970753658466,1
56,0,hit,5,395,14.817970753658466,1
56,0,hit,6,437,14.817970753658466,1
56,0,hit,7,477,14.817970753658466,1
56,0,hit,8,563,14.817970753658466,1
56,0,hit,9,638,14.817970753658466,1
56,0,hit,10,694,14.817970753658466,1
56,0,hit,11,772,14.817970753658466,1
56,0,hit,12,821,14.817970753658466,1
56,0,hit,13,917,14.817970753658466,1
56,0,hit,14,1009,14.817970753658466,1
56,1,best,0,53,37.515520827956884,1
56,1,best,1,82,37.515520827956884,1
56,1,best,2,178,37.515520827956884,1
56,1,best,3,239,37.515520827956884,1
56,1,best,4,263,37.515520827956884,1
56,1,best,5,362,37.515520827956884,1
56,1,best,6,459,37.515520827956884,1
56,1,best,7,504,37.515520827956884,1
56,1,best,8,561,37.515520827956884,1
56,1,best,9,679,37.515520827956884,1
56,1,best,10,687,37.515520827956884,1
56,1,best,11,791,37.515520827956884,1
56,1,best,12,879,37.515520827956884,1
56,1,best,13,975,37.515520827956884,1
56,1,best,14,1052,37.515520827956884,1
56,2,best,0,38,39.618193007267266,1
56,2,best,1,84,39.618193007267266,1
56,2,best,2,148,39.618193007267266,1
56,2,best,3,223,39.618193007267266,1
56,2,best,4,241,39.618193007267266,1
56,2,best,5,367,39.618193007267266,1
56,2,best,6,434,39.618193007267266,1
56,2,best,7,502,39.618193007267266,1
56,2,best,8,556,39.618193007267266,1
56,2,best,9,569,39.618193007267266,1
56,2,best,10,634,39.618193007267266,1
56,2,best,11,692,39.618193007267266,1
56,2,best,12,774,39.618193007267266,1
56,2,best,13,819,39.618193007267266,1
56,2,best,14,906,39.618193007267266,1
56,2,best,15,987,39.618193007267266,1
56,3,best,0,31,16.20454936621104,1
56,3,best,1,94,16.20454936621104,1
56,3,best,2,196,16.20454936621104,1
56,3,best,3,212,16.20454936621104,1
56,3,best,4,294,16.20454936621104,1
56,3,best,5,394,16.20454936621104,1
56,3,best,6,435,16.20454936621104,1
56,3,best,7,470,16.20454936621104,1
56,3,best,8,529,16.20454936621104,1
56,3,best,9,634,16.20454936621104,1
56,3,best,10,650,16.20454936621104,1
56,3,best,11,763,16.20454936621104,1
56,3,best,12,838,16.20454936621104,1
56,3,best,13,897,16.20454936621104,1
56,3,best,14,983,16.20454936621104,1
56,3,best,15,1005,16.20454936621104,1
57,0,best,0,5,12.963293707042547,1
57,0,best,1,118,12.963293707042547,1
57,0,best,2,163,12.963293707042547,1
57,0,best,3,213,12.963293707042547,1
57,0,best,4,284,12.963293707042547,1
57,0,best,5,334,12.963293707042547,1
57,0,best,6,402,12.963293707042547,1
57,0,best,7,502,12.963293707042547,1
57,0,best,8,579,12.963293707042547,1
57,0,best,9,615,12.963293707042547,1
57,0,best,10,684,12.963293707042547,1
57,0,best,11,743,12.963293707042547,1
57,0,best,12,816,12.963293707042547,1
57,0,best,13,924,12.963293707042547,1
57,0,best,14,1007,12.963293707042547,1
57,0,hit,0,5,12.963293707042547,1
57,0,hit,1,118,12.963293707042547,1
57,0,hit,2,163,12.963293707042547,1
57,0,hit,3,213,12.963293707042547,1
57,0,hit,4,284,12.963293707042547,1
57,0,hit,5,334,12.963293707042547,1
57,0,hit,6,402,12.963293707042547,1
57,0,hit,7,502,12.963293707042547,1
57,0,hit,8,579,12.963293707042547,1
57,0,hit,9,615,12.963293707042547,1
57,0,hit,10,684,12.963293707042547,1
57,0,hit,11,743,12.963293707042547,1
57,0,hit,12,816,12.963293707042547,1
57,0,hit,13,924,12.963293707042547,1
57,0,hit,14,1007,12.963293707042547,1
57,1,best,0,53,35.07503785498204,1
57,1,best,1,82,35.07503785498204,1
57,1,best,2,178,35.07503785498204,1
57,1,best,3,239,35.07503785498204,1
57,1,best,4,263,35.07503785498204,1
57,1,best,5,362,35.07503785498204,1
57,1,best,6,459,35.07503785498204,1
57,1,best,7,504,35.07503785498204,1
57,1,best,8,561,35.07503785498204,1
57,1,best,9,679,35.07503785498204,1
57,1,best,10,687,35.07503785498204,1
57,1,best,11,791,35.07503785498204,1
57,1,best,12,879,35.07503785498204,1
57,1,best,13,975,35.07503785498204,1
57,1,best,14,1052,35.07503785498204,1
57,2,best,0,10,32.020643188235994,1
57,2,best,1,76,32.020643188235994,1
57,2,best,2,146,32.020643188235994,1
57,2,best,3,236,32.020643188235994,1
57,2,best,4,241,32.020643188235994,1
57,2,best,5,326,32.020643188235994,1
57,2,best,6,403,32.020643188235994,1
57,2,best,7,451,32.020643188235994,1
57,2,best,8,505,32.020643188235994,1
57,2,best,9,569,32.020643188235994,1
57,2,best,10,634,32.020643188235994,1
57,2,best,11,692,32.020643188235994,1
57,2,best,12,803,32.020643188235994,1
57,2,best,13,839,32.020643188235994,1
57,2,best,14,928,32.020643188235994,1
57,2,best,15,962,32.020643188235994,1
57,3,best,0,61,22.129415470970528,1
57,3,best,1,62,22.129415470970528,1
57,3,best,2,181,22.129415470970528,1
57,3,best,3,201,22.129415470970528,1
57,3,best,4,295,22.129415470970528,1
57,3,best,5,342,22.129415470970528,1
57,3,best,6,415,22.129415470970528,1
57,3,best,7,491,22.129415470970528,1
57,3,best,8,541,22.129415470970528,1
57,3,best,9,630,22.129415470970528,1
57,3,best,10,713,22.129415470970528,1
57,3,best,11,776,22.129415470970528,1
57,3,best,12,834,22.129415470970528,1
57,3,best,13,897,22.129415470970528,1
57,3,best,14,983,22.129415470970528,1
57,3,best,15,1032,22.129415470970528,1
58,0,best,0,43,9.789218775088294,1
58,0,best,1,76,9.789218775088294,1
58,0,best,2,147,9.789218775088294,1
58,0,best,3,218,9.789218775088294,1
58,0,best,4,284,9.789218775088294,1
58,0,best,5,340,9.789218775088294,1
58,0,best,6,436,9.789218775088294,1
58,0,best,7,479,9.789218775088294,1
58,0,best,8,538,9.789218775088294,1
58,0,best,9,583,9.789218775088294,1
58,0,best,10,645,9.789218775088294,1
58,0,best,11,743,9.789218775088294,1
58,0,best,12,821,9.789218775088294,1
58,0,best,13,924,9.789218775088294,1
58,0,best,14,1007,9.789218775088294,1
58,0,hit,0,42,14.784045729646703,1
58,0,hit,1,125,14.784045729646703,1
58,0,hit,2,176,14.784045729646703,1
58,0,hit,3,238,14.784045729646703,1
58,0,hit,4,272,14.784045729646703,1
58,0,hit,5,396,14.784045729646703,1
58,0,hit,6,455,14.784045729646703,1
58,0,hit,7,508,14.784045729646703,1
58,0,hit,8,566,14.784045729646703,1
58,0,hit,9,583,14.784045729646703,1
58,0,hit,10,676,14.784045729646703,1
58,0,hit,11,743,14.784045729646703,1
58,0,hit,12,820,14.784045729646703,1
58,0,hit,13,924,14.784045729646703,1
58,0,hit,14,1007,14.784045729646703,1
58,1,best,0,47,32.21124280283809,1
58,1,best,1,107,32.21124280283809,1
58,1,best,2,193,32.21124280283809,1
58,1,best,3,257,32.21124280283809,1
58,1,best,4,307,32.21124280283809,1
58,1,best,5,380,32.21124280283809,1
58,1,best,6,446,32.21124280283809,1
58,1,best,7,467,32.21124280283809,1
58,1,best,8,592,32.21124280283809,1
58,1,best,9,686,32.21124280283809,1
58,1,best,10,687,32.21124280283809,1
58,1,best,11,753,32.21124280283809,1
58,1,best,12,881,32.21124280283809,1
58,1,best,13,981,32.21124280283809,1
58,1,best,14,1035,32.21124280283809,1
58,2,best,0,52,21.70134592289582,1
58,2,best,1,104,21.70134592289582,1
58,2,best,2,147,21.70134592289582,1
58,2,best,3,234,21.70134592289582,1
58,2,best,4,241,21.70134592289582,1
58,2,best,5,359,21.70134592289582,1
58,2,best,6,377,21.70134592289582,1
58,2,best,7,502,21.70134592289582,1
58,2,best,8,564,21.70134592289582,1
58,2,best,9,569,21.70134592289582,1
58,2,best,10,634,21.70134592289582,1
58,2,best,11,692,21.70134592289582,1
58,2,best,12,815,21.70134592289582,1
58,2,best,13,819,21.70134592289582,1
58,2,best,14,884,21.70134592289582,1
58,2,best,15,999,21.70134592289582,1
58,3,best,0,0,11.866923121466476,1
58,3,best,1,62,11.866923121466476,1
58,3,best,2,125,11.866923121466476,1
58,3,best,3,198,11.866923121466476,1
58,3,best,4,262,11.866923121466476,1
58,3,best,5,329,11.866923121466476,1
58,3,best,6,396,11.866923121466476,1
58,3,best,7,458,11.866923121466476,1
58,3,best,8,517,11.866923121466476,1
58,3,best,9,578,11.866923121466476,1
58,3,best,10,650,11.866923121466476,1
58,3,best,11,714,11.866923121466476,1
58,3,best,12,781,11.866923121466476,1
58,3,best,13,847,11.866923121466476,1
58,3,best,14,917,11.866923121466476,1
58,3,best,15,984,11.866923121466476,1
59,0,best,0,40,8.373535624198317,1
59,0,best,1,73,8.373535624198317,1
59,0,best,2,137,8.373535624198317,1
59,0,best,3,232,8.373535624198317,1
59,0,best,4,263,8.373535624198317,1
59,0,best,5,334,8.373535624198317,1
59,0,best,6,402,8.373535624198317,1
59,0,best,7,466,8.373535624198317,1
59,0,best,8,525,8.373535624198317,1
59,0,best,9,625,8.373535624198317,1
59,0,best,10,707,8.373535624198317,1
59,0,best,11,762,8.373535624198317,1
59,0,best,12,823,8.373535624198317,1
59,0,best,13,917,8.373535624198317,1
59,0,best,14,1011,8.373535624198317,1
59,0,hit,0,37,9.537707323906746,1
59,0,hit,1,99,9.537707323906746,1
59,0,hit,2,187,9.537707323906746,1
59,0,hit,3,256,9.537707323906746,1
59,0,hit,4,326,9.537707323906746,1
59,0,hit,5,334,9.537707323906746,1
59,0,hit,6,402,9.537707323906746,1
59,0,hit,7,466,9.537707323906746,1
59,0,hit,8,566,9.537707323906746,1
59,0,hit,9,638,9.537707323906746,1
59,0,hit,10,645,9.537707323906746,1
59,0,hit,11,753,9.537707323906746,1
59,0,hit,12,823,9.537707323906746,1
59,0,hit,13,894,9.537707323906746,1
59,0,hit,14,1013,9.537707323906746,1
59,1,best,0,63,14.890011401868568,1
59,1,best,1,106,14.890011401868568,1
59,1,best,2,160,14.890011401868568,1
59,1,best,3,257,14.890011401868568,1
59,1,best,4,263,14.890011401868568,1
59,1,best,5,362,14.890011401868568,1
59,1,best,6,459,14.890011401868568,1
59,1,best,7,530,14.890011401868568,1
59,1,best,8,566,14.890011401868568,1
59,1,best,9,656,14.890011401868568,1
59,1,best,10,738,14.890011401868568,1
59,1,best,11,813,14.890011401868568,1
59,1,best,12,897,14.890011401868568,1
59,1,best,13,975,14.890011401868568,1
59,1,best,14,1036,14.890011401868568,1
59,2,best,0,43,21.582454492493255,1
59,2,best,1,105,21.582454492493255,1
59,2,best,2,151,21.582454492493255,1
59,2,best,3,200,21.582454492493255,1
59,2,best,4,305,21.582454492493255,1
59,2,best,5,361,21.582454492493255,1
59,2,best,6,437,21.582454492493255,1
59,2,best,7,503,21.582454492493255,1
59,2,best,8,564,21.582454492493255,1
59,2,best,9,626,21.582454492493255,1
59,2,best,10,634,21.582454492493255,1
59,2,best,11,692,21.582454492493255,1
59,2,best,12,783,21.582454492493255,1
59,2,best,13,819,21.582454492493255,1
59,2,best,14,903,21.582454492493255,1
59,2,best,15,1003,21.582454492493255,1
59,3,best,0,32,16.31093395161324,1
59,3,best,1,85,16.31093395161324,1
59,3,best,2,151,16.31093395161324,1
59,3,best,3,212,16.31093395161324,1
59,3,best,4,322,16.31093395161324,1
59,3,best,5,330,16.31093395161324,1
59,3,best,6,450,16.31093395161324,1
59,3,best,7,492,16.31093395161324,1
59,3,best,8,517,16.31093395161324,1
59,3,best,9,578,16.31093395161324,1
59,3,best,10,693,16.31093395161324,1
59,3,best,11,714,16.31093395161324,1
59,3,best,12,839,16.31093395161324,1
59,3,best,13,847,16.31093395161324,1
59,3,best,14,917,16.31093395161324,1
59,3,best,15,984,16.31093395161324,1
60,0,best,0,49,2.5373119188613003,1
60,0,best,1,105,2.5373119188613003,1
60,0,best,2,167,2.5373119188613003,1
60,0,best,3,197,2.5373119188613003,1
60,0,best,4,263,2.5373119188613003,1
60,0,best,5,334,2.5373119188613003,1
60,0,best,6,402,2.5373119188613003,1
60,0,best,7,466,2.5373119188613003,1
60,0,best,8,525,2.5373119188613003,1
60,0,best,9,583,2.5373119188613003,1
60,0,best,10,645,2.5373119188613003,1
60,0,best,11,743,2.5373119188613003,1
60,0,best,12,822,2.5373119188613003,1
60,0,best,13,923,2.5373119188613003,1
60,0,best,14,1007,2.5373119188613003,1
60,1,best,0,33,1.2665613241512306,1
60,1,best,1,93,1.2665613241512306,1
60,1,best,2,188,1.2665613241512306,1
60,1,best,3,259,1.2665613241512306,1
60,1,best,4,307,1.2665613241512306,1
60,1,best,5,362,1.2665613241512306,1
60,1,best,6,461,1.2665613241512306,1
60,1,best,7,513,1.2665613241512306,1
60,1,best,8,592,1.2665613241512306,1
60,1,best,9,677,1.2665613241512306,1
60,1,best,10,687,1.2665613241512306,1
60,1,best,11,826,1.2665613241512306,1
60,1,best,12,904,1.2665613241512306,1
60,1,best,13,984,1.2665613241512306,1
60,1,best,14,985,1.2665613241512306,1
60,1,hit,0,36,3.886121646170852,1
60,1,hit,1,81,3.886121646170852,1
60,1,hit,2,193,3.886121646170852,1
60,1,hit,3,259,3.886121646170852,1
60,1,hit,4,307,3.886121646170852,1
60,1,hit,5,362,3.886121646170852,1
60,1,hit,6,461,3.886121646170852,1
60,1,hit,7,517,3.886121646170852,1
60,1,hit,8,592,3.886121646170852,1
60,1,hit,9,625,3.886121646170852,1
60,1,hit,10,687,3.886121646170852,1
60,1,hit,11,826,3.886121646170852,1
60,1,hit,12,895,3.886121646170852,1
60,1,hit,13,974,3.886121646170852,1
60,1,hit,14,1042,3.886121646170852,1
60,2,best,0,41,2.7996728447103907,1
60,2,best,1,82,2.7996728447103907,1
60,2,best,2,117,2.7996728447103907,1
60,2,best,3,180,2.7996728447103907,1
60,2,best,4,241,2.7996728447103907,1
60,2,best,5,314,2.7996728447103907,1
60,2,best,6,422,2.7996728447103907,1
60,2,best,7,468,2.7996728447103907,1
60,2,best,8,554,2.7996728447103907,1
60,2,best,9,569,2.7996728447103907,1
60,2,best,10,634,2.7996728447103907,1
60,2,best,11,692,2.7996728447103907,1
60,2,best,12,756,2.7996728447103907,1
60,2,best,13,819,2.7996728447103907,1
60,2,best,14,880,2.7996728447103907,1
60,2,best,15,993,2.7996728447103907,1
60,3,best,0,13,12.725081424979187,1
60,3,best,1,78,12.725081424979187,1
60,3,best,2,126,12.725081424979187,1
60,3,best,3,199,12.725081424979187,1
60,3,best,4,266,12.725081424979187,1
60,3,best,5,330,12.725081424979187,1
60,3,best,6,399,12.725081424979187,1
60,3,best,7,489,12.725081424979187,1
60,3,best,8,573,12.725081424979187,1
60,3,best,9,640,12.725081424979187,1
60,3,best,10,686,12.725081424979187,1
60,3,best,11,776,12.725081424979187,1
60,3,best,12,846,12.725081424979187,1
60,3,best,13,908,12.725081424979187,1
60,3,best,14,917,12.725081424979187,1
60,3,best,15,984,12.725081424979187,1
61,0,best,0,25,15.12407441727674,1
61,0,best,1,98,15.12407441727674,1
61,0,best,2,126,15.12407441727674,1
61,0,best,3,201,15.12407441727674,1
61,0,best,4,312,15.12407441727674,1
61,0,best,5,334,15.12407441727674,1
61,0,best,6,402,15.12407441727674,1
61,0,best,7,466,15.12407441727674,1
61,0,best,8,525,15.12407441727674,1
61,0,best,9,583,15.12407441727674,1
61,0,best,10,645,15.12407441727674,1
61,0,best,11,758,15.12407441727674,1
61,0,best,12,787,15.12407441727674,1
61,0,best,13,911,15.12407441727674,1
61,0,best,14,1012,15.12407441727674,1
61,1,best,0,63,7.5186695896316795,1
61,1,best,1,112,7.5186695896316795,1
61,1,best,2,172,7.5186695896316795,1
61,1,best,3,259,7.5186695896316795,1
61,1,best,4,319,7.5186695896316795,1
61,1,best,5,362,7.5186695896316795,1
61,1,best,6,452,7.5186695896316795,1
61,1,best,7,504,7.5186695896316795,1
61,1,best,8,592,7.5186695896316795,1
61,1,best,9,681,7.5186695896316795,1
61,1,best,10,687,7.5186695896316795,1
61,1,best,11,813,7.5186695896316795,1
61,1,best,12,893,7.5186695896316795,1
61,1,best,13,981,7.5186695896316795,1
61,1,best,14,1042,7.5186695896316795,1
61,1,hit,0,41,8.546503296059715,1
61,1,hit,1,123,8.546503296059715,1
61,1,hit,2,162,8.546503296059715,1
61,1,hit,3,259,8.546503296059715,1
61,1,hit,4,301,8.546503296059715,1
61,1,hit,5,362,8.546503296059715,1
61,1,hit,6,452,8.546503296059715,1
61,1,hit,7,519,8.546503296059715,1
61,1,hit,8,592,8.546503296059715,1
61,1,hit,9,685,8.546503296059715,1
61,1,hit,10,732,8.546503296059715,1
61,1,hit,11,803,8.546503296059715,1
61,1,hit,12,903,8.546503296059715,1
61,1,hit,13,983,8.546503296059715,1
61,1,hit,14,1042,8.546503296059715,1
61,2,best,0,50,19.405735738237716,1
61,2,best,1,106,19.405735738237716,1
61,2,best,2,117,19.405735738237716,1
61,2,best,3,180,19.405735738237716,1
61,2,best,4,241,19.405735738237716,1
61,2,best,5,314,19.405735738237716,1
61,2,best,6,413,19.405735738237716,1
61,2,best,7,498,19.405735738237716,1
61,2,best,8,554,19.405735738237716,1
61,2,best,9,628,19.405735738237716,1
61,2,best,10,674,19.405735738237716,1
61,2,best,11,745,19.405735738237716,1
61,2,best,12,807,19.405735738237716,1
61,2,best,13,819,19.405735738237716,1
61,2,best,14,880,19.405735738237716,1
61,2,best,15,940,19.405735738237716,1
61,3,best,0,13,26.80697192182654,1
61,3,best,1,95,26.80697192182654,1
61,3,best,2,184,26.80697192182654,1
61,3,best,3,199,26.80697192182654,1
61,3,best,4,266,26.80697192182654,1
61,3,best,5,330,26.80697192182654,1
61,3,best,6,399,26.80697192182654,1
61,3,best,7,458,26.80697192182654,1
61,3,best,8,517,26.80697192182654,1
61,3,best,9,640,26.80697192182654,1
61,3,best,10,701,26.80697192182654,1
61,3,best,11,751,26.80697192182654,1
61,3,best,12,832,26.80697192182654,1
61,3,best,13,901,26.80697192182654,1
61,3,best,14,976,26.80697192182654,1
61,3,best,15,984,26.80697192182654,1
62,0,best,0,4,0.5014470912377404,1
62,0,best,1,105,0.5014470912377404,1
62,0,best,2,167,0.5014470912377404,1
62,0,best,3,197,0.5014470912377404,1
62,0,best,4,263,0.5014470912377404,1
62,0,best,5,334,0.5014470912377404,1
62,0,best,6,402,0.5014470912377404,1
62,0,best,7,466,0.5014470912377404,1
62,0,best,8,525,0.5014470912377404,1
62,0,best,9,583,0.5014470912377404,1
62,0,best,10,645,0.5014470912377404,1
62,0,best,11,743,0.5014470912377404,1
62,0,best,12,835,0.5014470912377404,1
62,0,best,13,934,0.5014470912377404,1
62,0,best,14,1013,0.5014470912377404,1
62,1,best,0,24,0.4590203156077828,1
62,1,best,1,104,0.4590203156077828,1
62,1,best,2,193,0.4590203156077828,1
62,1,best,3,259,0.4590203156077828,1
62,1,best,4,307,0.4590203156077828,1
62,1,best,5,362,0.4590203156077828,1
62,1,best,6,459,0.4590203156077828,1
62,1,best,7,517,0.4590203156077828,1
62,1,best,8,592,0.4590203156077828,1
62,1,best,9,625,0.4590203156077828,1
62,1,best,10,687,0.4590203156077828,1
62,1,best,11,795,0.4590203156077828,1
62,1,best,12,895,0.4590203156077828,1
62,1,best,13,984,0.4590203156077828,1
62,1,best,14,985,0.4590203156077828,1
62,1,hit,0,2,0.8566887026069998,1
62,1,hit,1,81,0.8566887026069998,1
62,1,hit,2,193,0.8566887026069998,1
62,1,hit,3,259,0.8566887026069998,1
62,1,hit,4,307,0.8566887026069998,1
62,1,hit,5,362,0.8566887026069998,1
62,1,hit,6,459,0.8566887026069998,1
62,1,hit,7,517,0.8566887026069998,1
62,1,hit,8,592,0.8566887026069998,1
62,1,hit,9,625,0.8566887026069998,1
62,1,hit,10,687,0.8566887026069998,1
62,1,hit,11,815,0.8566887026069998,1
62,1,hit,12,895,0.8566887026069998,1
62,1,hit,13,984,0.8566887026069998,1
62,1,hit,14,985,0.8566887026069998,1
62,2,best,0,14,0.0,1
62,2,best,1,82,0.0,1
62,2,best,2,117,0.0,1
62,2,best,3,180,0.0,1
62,2,best,4,241,0.0,1
62,2,best,5,314,0.0,1
62,2,best,6,377,0.0,1
62,2,best,7,441,0.0,1
62,2,best,8,527,0.0,1
62,2,best,9,569,0.0,1
62,2,best,10,634,0.0,1
62,2,best,11,692,0.0,1
62,2,best,12,807,0.0,1
62,2,best,13,819,0.0,1
62,2,best,14,880,0.0,1
62,2,best,15,993,0.0,1
62,3,best,0,13,9.488090298147947,1
62,3,best,1,78,9.488090298147947,1
62,3,best,2,126,9.488090298147947,1
62,3,best,3,199,9.488090298147947,1
62,3,best,4,266,9.488090298147947,1
62,3,best,5,330,9.488090298147947,1
62,3,best,6,399,9.488090298147947,1
62,3,best,7,489,9.488090298147947,1
62,3,best,8,573,9.488090298147947,1
62,3,best,9,640,9.488090298147947,1
62,3,best,10,686,9.488090298147947,1
62,3,best,11,776,9.488090298147947,1
62,3,best,12,846,9.488090298147947,1
62,3,best,13,908,9.488090298147947,1
62,3,best,14,917,9.488090298147947,1
62,3,best,15,984,9.488090298147947,1
63,0,best,0,29,3.2853554010374797,1
63,0,best,1,58,3.2853554010374797,1
63,0,best,2,174,3.2853554010374797,1
63,0,best,3,247,3.2853554010374797,1
63,0,best,4,325,3.2853554010374797,1
63,0,best,5,334,3.2853554010374797,1
63,0,best,6,402,3.2853554010374797,1
63,0,best,7,478,3.2853554010374797,1
63,0,best,8,554,3.2853554010374797,1
63,0,best,9,625,3.2853554010374797,1
63,0,best,10,645,3.2853554010374797,1
63,0,best,11,743,3.2853554010374797,1
63,0,best,12,820,3.2853554010374797,1
63,0,best,13,932,3.2853554010374797,1
63,0,best,14,1011,3.2853554010374797,1
63,0,hit,0,29,3.2853554010374797,1
63,0,hit,1,58,3.2853554010374797,1
63,0,hit,2,174,3.2853554010374797,1
63,0,hit,3,247,3.2853554010374797,1
63,0,hit,4,325,3.2853554010374797,1
63,0,hit,5,334,3.2853554010374797,1
63,0,hit,6,402,3.2853554010374797,1
63,0,hit,7,478,3.2853554010374797,1
63,0,hit,8,554,3.2853554010374797,1
63,0,hit,9,625,3.2853554010374797,1
63,0,hit,10,645,3.2853554010374797,1
63,0,hit,11,743,3.2853554010374797,1
63,0,hit,12,820,3.2853554010374797,1
63,0,hit,13,932,3.2853554010374797,1
63,0,hit,14,1011,3.2853554010374797,1
63,1,best,0,53,24.975579271849536,1
63,1,best,1,77,24.975579271849536,1
63,1,best,2,157,24.975579271849536,1
63,1,best,3,253,24.975579271849536,1
63,1,best,4,300,24.975579271849536,1
63,1,best,5,325,24.975579271849536,1
63,1,best,6,460,24.975579271849536,1
63,1,best,7,524,24.975579271849536,1
63,1,best,8,549,24.975579271849536,1
63,1,best,9,684,24.975579271849536,1
63,1,best,10,734,24.975579271849536,1
63,1,best,11,803,24.975579271849536,1
63,1,best,12,903,24.975579271849536,1
63,1,best,13,974,24.975579271849536,1
63,1,best,14,1036,24.975579271849536,1
63,2,best,0,1,22.84194534540709,1
63,2,best,1,108,22.84194534540709,1
63,2,best,2,154,22.84194534540709,1
63,2,best,3,196,22.84194534540709,1
63,2,best,4,308,22.84194534540709,1
63,2,best,5,346,22.84194534540709,1
63,2,best,6,412,22.84194534540709,1
63,2,best,7,478,22.84194534540709,1
63,2,best,8,564,22.84194534540709,1
63,2,best,9,569,22.84194534540709,1
63,2,best,10,634,22.84194534540709,1
63,2,best,11,692,22.84194534540709,1
63,2,best,12,812,22.84194534540709,1
63,2,best,13,871,22.84194534540709,1
63,2,best,14,880,22.84194534540709,1
63,2,best,15,940,22.84194534540709,1
63,3,best,0,46,16.95778586442532,1
63,3,best,1,99,16.95778586442532,1
63,3,best,2,139,16.95778586442532,1
63,3,best,3,208,16.95778586442532,1
63,3,best,4,303,16.95778586442532,1
63,3,best,5,394,16.95778586442532,1
63,3,best,6,456,16.95778586442532,1
63,3,best,7,494,16.95778586442532,1
63,3,best,8,517,16.95778586442532,1
63,3,best,9,578,16.95778586442532,1
63,3,best,10,686,16.95778586442532,1
63,3,best,11,780,16.95778586442532,1
63,3,best,12,846,16.95778586442532,1
63,3,best,13,913,16.95778586442532,1
63,3,best,14,982,16.95778586442532,1
63,3,best,15,984,16.95778586442532,1
64,0,best,0,29,12.587367368288714,1
64,0,best,1,58,12.587367368288714,1
64,0,best,2,163,12.587367368288714,1
64,0,best,3,228,12.587367368288714,1
64,0,best,4,323,12.587367368288714,1
64,0,best,5,356,12.587367368288714,1
64,0,best,6,415,12.587367368288714,1
64,0,best,7,512,12.587367368288714,1
64,0,best,8,579,12.587367368288714,1
64,0,best,9,643,12.587367368288714,1
64,0,best,10,707,12.587367368288714,1
64,0,best,11,743,12.587367368288714,1
64,0,best,12,826,12.587367368288714,1
64,0,best,13,917,12.587367368288714,1
64,0,best,14,1007,12.587367368288714,1
64,0,hit,0,41,15.163680256972262,1
64,0,hit,1,101,15.163680256972262,1
64,0,hit,2,131,15.163680256972262,1
64,0,hit,3,254,15.163680256972262,1
64,0,hit,4,299,15.163680256972262,1
64,0,hit,5,393,15.163680256972262,1
64,0,hit,6,455,15.163680256972262,1
64,0,hit,7,473,15.163680256972262,1
64,0,hit,8,580,15.163680256972262,1
64,0,hit,9,583,15.163680256972262,1
64,0,hit,10,645,15.163680256972262,1
64,0,hit,11,743,15.163680256972262,1
64,0,hit,12,820,15.163680256972262,1
64,0,hit,13,913,15.163680256972262,1
64,0,hit,14,1011,15.163680256972262,1
64,1,best,0,58,26.165734825708043,1
64,1,best,1,104,26.165734825708043,1
64,1,best,2,192,26.165734825708043,1
64,1,best,3,255,26.165734825708043,1
64,1,best,4,307,26.165734825708043,1
64,1,best,5,325,26.165734825708043,1
64,1,best,6,430,26.165734825708043,1
64,1,best,7,517,26.165734825708043,1
64,1,best,8,592,26.165734825708043,1
64,1,best,9,677,26.165734825708043,1
64,1,best,10,687,26.165734825708043,1
64,1,best,11,822,26.165734825708043,1
64,1,best,12,892,26.165734825708043,1
64,1,best,13,984,26.165734825708043,1
64,1,best,14,1044,26.165734825708043,1
64,2,best,0,52,14.696333895786761,1
64,2,best,1,104,14.696333895786761,1
64,2,best,2,147,14.696333895786761,1
64,2,best,3,234,14.696333895786761,1
64,2,best,4,241,14.696333895786761,1
64,2,best,5,359,14.696333895786761,1
64,2,best,6,377,14.696333895786761,1
64,2,best,7,502,14.696333895786761,1
64,2,best,8,564,14.696333895786761,1
64,2,best,9,569,14.696333895786761,1
64,2,best,10,634,14.696333895786761,1
64,2,best,11,692,14.696333895786761,1
64,2,best,12,815,14.696333895786761,1
64,2,best,13,819,14.696333895786761,1
64,2,best,14,884,14.696333895786761,1
64,2,best,15,999,14.696333895786761,1
64,3,best,0,53,17.678528656980347,1
64,3,best,1,96,17.678528656980347,1
64,3,best,2,125,17.678528656980347,1
64,3,best,3,234,17.678528656980347,1
64,3,best,4,262,17.678528656980347,1
64,3,best,5,330,17.678528656980347,1
64,3,best,6,414,17.678528656980347,1
64,3,best,7,494,17.678528656980347,1
64,3,best,8,517,17.678528656980347,1
64,3,best,9,578,17.678528656980347,1
64,3,best,10,686,17.678528656980347,1
64,3,best,11,780,17.678528656980347,1
64,3,best,12,839,17.678528656980347,1
64,3,best,13,894,17.678528656980347,1
64,3,best,14,917,17.678528656980347,1
64,3,best,15,984,17.678528656980347,1
65,0,best,0,43,12.210876773330627,1
65,0,best,1,77,12.210876773330627,1
65,0,best,2,163,12.210876773330627,1
65,0,best,3,238,12.210876773330627,1
65,0,best,4,302,12.210876773330627,1
65,0,best,5,368,12.210876773330627,1
65,0,best,6,442,12.210876773330627,1
65,0,best,7,515,12.210876773330627,1
65,0,best,8,563,12.210876773330627,1
65,0,best,9,631,12.210876773330627,1
65,0,best,10,671,12.210876773330627,1
65,0,best,11,743,12.210876773330627,1
65,0,best,12,820,12.210876773330627,1
65,0,best,13,913,12.210876773330627,1
65,0,best,14,1007,12.210876773330627,1
65,1,best,0,12,26.155966438010246,1
65,1,best,1,113,26.155966438010246,1
65,1,best,2,166,26.155966438010246,1
65,1,best,3,207,26.155966438010246,1
65,1,best,4,282,26.155966438010246,1
65,1,best,5,387,26.155966438010246,1
65,1,best,6,448,26.155966438010246,1
65,1,best,7,500,26.155966438010246,1
65,1,best,8,593,26.155966438010246,1
65,1,best,9,680,26.155966438010246,1
65,1,best,10,687,26.155966438010246,1
65,1,best,11,822,26.155966438010246,1
65,1,best,12,869,26.155966438010246,1
65,1,best,13,984,26.155966438010246,1
65,1,best,14,1017,26.155966438010246,1
65,1,hit,0,12,26.155966438010246,1
65,1,hit,1,113,26.155966438010246,1
65,1,hit,2,166,26.155966438010246,1
65,1,hit,3,207,26.155966438010246,1
65,1,hit,4,282,26.155966438010246,1
65,1,hit,5,387,26.155966438010246,1
65,1,hit,6,448,26.155966438010246,1
65,1,hit,7,500,26.155966438010246,1
65,1,hit,8,593,26.155966438010246,1
65,1,hit,9,680,26.155966438010246,1
65,1,hit,10,687,26.155966438010246,1
65,1,hit,11,822,26.155966438010246,1
65,1,hit,12,869,26.155966438010246,1
65,1,hit,13,984,26.155966438010246,1
65,1,hit,14,1017,26.155966438010246,1
65,2,best,0,37,21.177977368261526,1
65,2,best,1,105,21.177977368261526,1
65,2,best,2,172,21.177977368261526,1
65,2,best,3,180,21.177977368261526,1
65,2,best,4,241,21.177977368261526,1
65,2,best,5,326,21.177977368261526,1
65,2,best,6,412,21.177977368261526,1
65,2,best,7,502,21.177977368261526,1
65,2,best,8,556,21.177977368261526,1
65,2,best,9,569,21.177977368261526,1
65,2,best,10,634,21.177977368261526,1
65,2,best,11,692,21.177977368261526,1
65,2,best,12,774,21.177977368261526,1
65,2,best,13,819,21.177977368261526,1
65,2,best,14,880,21.177977368261526,1
65,2,best,15,940,21.177977368261526,1
65,3,best,0,42,15.3129767909796,1
65,3,best,1,92,15.3129767909796,1
65,3,best,2,138,15.3129767909796,1
65,3,best,3,255,15.3129767909796,1
65,3,best,4,267,15.3129767909796,1
65,3,best,5,383,15.3129767909796,1
65,3,best,6,445,15.3129767909796,1
65,3,best,7,488,15.3129767909796,1
65,3,best,8,571,15.3129767909796,1
65,3,best,9,636,15.3129767909796,1
65,3,best,10,650,15.3129767909796,1
65,3,best,11,772,15.3129767909796,1
65,3,best,12,844,15.3129767909796,1
65,3,best,13,905,15.3129767909796,1
65,3,best,14,917,15.3129767909796,1
65,3,best,15,984,15.3129767909796,1
66,0,best,0,4,3.3506172876471494,1
66,0,best,1,105,3.3506172876471494,1
66,0,best,2,167,3.3506172876471494,1
66,0,best,3,197,3.3506172876471494,1
66,0,best,4,263,3.3506172876471494,1
66,0,best,5,334,3.3506172876471494,1
66,0,best,6,402,3.3506172876471494,1
66,0,best,7,466,3.3506172876471494,1
66,0,best,8,525,3.3506172876471494,1
66,0,best,9,583,3.3506172876471494,1
66,0,best,10,645,3.3506172876471494,1
66,0,best,11,743,3.3506172876471494,1
66,0,best,12,835,3.3506172876471494,1
66,0,best,13,934,3.3506172876471494,1
66,0,best,14,1013,3.3506172876471494,1
66,1,best,0,24,0.27024424395270064,1
66,1,best,1,104,0.27024424395270064,1
66,1,best,2,193,0.27024424395270064,1
66,1,best,3,259,0.27024424395270064,1
66,1,best,4,307,0.27024424395270064,1
66,1,best,5,362,0.27024424395270064,1
66,1,best,6,459,0.27024424395270064,1
66,1,best,7,517,0.27024424395270064,1
66,1,best,8,592,0.27024424395270064,1
66,1,best,9,625,0.27024424395270064,1
66,1,best,10,687,0.27024424395270064,1
66,1,best,11,795,0.27024424395270064,1
66,1,best,12,895,0.27024424395270064,1
66,1,best,13,984,0.27024424395270064,1
66,1,best,14,985,0.27024424395270064,1
66,1,hit,0,61,1.532245225532552,1
66,1,hit,1,81,1.532245225532552,1
66,1,hit,2,193,1.532245225532552,1
66,1,hit,3,259,1.532245225532552,1
66,1,hit,4,307,1.532245225532552,1
66,1,hit,5,362,1.532245225532552,1
66,1,hit,6,453,1.532245225532552,1
66,1,hit,7,517,1.532245225532552,1
66,1,hit,8,592,1.532245225532552,1
66,1,hit,9,625,1.532245225532552,1
66,1,hit,10,687,1.532245225532552,1
66,1,hit,11,826,1.532245225532552,1
66,1,hit,12,895,1.532245225532552,1
66,1,hit,13,974,1.532245225532552,1
66,1,hit,14,1035,1.532245225532552,1
66,2,best,0,13,1.620631828371296,1
66,2,best,1,82,1.620631828371296,1
66,2,best,2,117,1.620631828371296,1
66,2,best,3,180,1.620631828371296,1
66,2,best,4,241,1.620631828371296,1
66,2,best,5,314,1.620631828371296,1
66,2,best,6,377,1.620631828371296,1
66,2,best,7,441,1.620631828371296,1
66,2,best,8,564,1.620631828371296,1
66,2,best,9,569,1.620631828371296,1
66,2,best,10,634,1.620631828371296,1
66,2,best,11,692,1.620631828371296,1
66,2,best,12,807,1.620631828371296,1
66,2,best,13,819,1.620631828371296,1
66,2,best,14,880,1.620631828371296,1
66,2,best,15,940,1.620631828371296,1
66,3,best,0,13,13.402255204617443,1
66,3,best,1,78,13.402255204617443,1
66,3,best,2,126,13.402255204617443,1
66,3,best,3,199,13.402255204617443,1
66,3,best,4,266,13.402255204617443,1
66,3,best,5,330,13.402255204617443,1
66,3,best,6,399,13.402255204617443,1
66,3,best,7,489,13.402255204617443,1
66,3,best,8,573,13.402255204617443,1
66,3,best,9,640,13.402255204617443,1
66,3,best,10,686,13.402255204617443,1
66,3,best,11,776,13.402255204617443,1
66,3,best,12,846,13.402255204617443,1
66,3,best,13,908,13.402255204617443,1
66,3,best,14,917,13.402255204617443,1
66,3,best,15,984,13.402255204617443,1
67,0,best,0,32,4.390952573552617,1
67,0,best,1,105,4.390952573552617,1
67,0,best,2,126,4.390952573552617,1
67,0,best,3,197,4.390952573552617,1
67,0,best,4,263,4.390952573552617,1
67,0,best,5,334,4.390952573552617,1
67,0,best,6,402,4.390952573552617,1
67,0,best,7,466,4.390952573552617,1
67,0,best,8,525,4.390952573552617,1
67,0,best,9,583,4.390952573552617,1
67,0,best,10,645,4.390952573552617,1
67,0,best,11,774,4.390952573552617,1
67,0,best,12,856,4.390952573552617,1
67,0,best,13,903,4.390952573552617,1
67,0,best,14,1013,4.390952573552617,1
67,1,best,0,55,0.4384911419884814,1
67,1,best,1,81,0.4384911419884814,1
67,1,best,2,193,0.4384911419884814,1
67,1,best,3,259,0.4384911419884814,1
67,1,best,4,307,0.4384911419884814,1
67,1,best,5,380,0.4384911419884814,1
67,1,best,6,450,0.4384911419884814,1
67,1,best,7,517,0.4384911419884814,1
67,1,best,8,592,0.4384911419884814,1
67,1,best,9,625,0.4384911419884814,1
67,1,best,10,687,0.4384911419884814,1
67,1,best,11,826,0.4384911419884814,1
67,1,best,12,895,0.4384911419884814,1
67,1,best,13,974,0.4384911419884814,1
67,1,best,14,1042,0.4384911419884814,1
67,1,hit,0,55,0.4384911419884814,1
67,1,hit,1,81,0.4384911419884814,1
67,1,hit,2,193,0.4384911419884814,1
67,1,hit,3,259,0.4384911419884814,1
67,1,hit,4,307,0.4384911419884814,1
67,1,hit,5,380,0.4384911419884814,1
67,1,hit,6,450,0.4384911419884814,1
67,1,hit,7,517,0.4384911419884814,1
67,1,hit,8,592,0.4384911419884814,1
67,1,hit,9,625,0.4384911419884814,1
67,1,hit,10,687,0.4384911419884814,1
67,1,hit,11,826,0.4384911419884814,1
67,1,hit,12,895,0.4384911419884814,1
67,1,hit,13,974,0.4384911419884814,1
67,1,hit,14,1042,0.4384911419884814,1
67,2,best,0,41,1.5153708741185985,1
67,2,best,1,82,1.5153708741185985,1
67,2,best,2,117,1.5153708741185985,1
67,2,best,3,180,1.5153708741185985,1
67,2,best,4,241,1.5153708741185985,1
67,2,best,5,314,1.5153708741185985,1
67,2,best,6,422,1.5153708741185985,1
67,2,best,7,468,1.5153708741185985,1
67,2,best,8,554,1.5153708741185985,1
67,2,best,9,569,1.5153708741185985,1
67,2,best,10,634,1.5153708741185985,1
67,2,best,11,692,1.5153708741185985,1
67,2,best,12,756,1.5153708741185985,1
67,2,best,13,819,1.5153708741185985,1
67,2,best,14,880,1.5153708741185985,1
67,2,best,15,993,1.5153708741185985,1
67,3,best,0,13,15.348454494070577,1
67,3,best,1,78,15.348454494070577,1
67,3,best,2,126,15.348454494070577,1
67,3,best,3,199,15.348454494070577,1
67,3,best,4,266,15.348454494070577,1
67,3,best,5,330,15.348454494070577,1
67,3,best,6,399,15.348454494070577,1
67,3,best,7,489,15.348454494070577,1
67,3,best,8,573,15.348454494070577,1
67,3,best,9,640,15.348454494070577,1
67,3,best,10,686,15.348454494070577,1
67,3,best,11,776,15.348454494070577,1
67,3,best,12,846,15.348454494070577,1
67,3,best,13,908,15.348454494070577,1
67,3,best,14,917,15.348454494070577,1
67,3,best,15,984,15.348454494070577,1
68,0,best,0,38,6.759364097458005,1
68,0,best,1,98,6.759364097458005,1
68,0,best,2,143,6.759364097458005,1
68,0,best,3,197,6.759364097458005,1
68,0,best,4,263,6.759364097458005,1
68,0,best,5,334,6.759364097458005,1
68,0,best,6,402,6.759364097458005,1
68,0,best,7,466,6.759364097458005,1
68,0,best,8,525,6.759364097458005,1
68,0,best,9,583,6.759364097458005,1
68,0,best,10,645,6.759364097458005,1
68,0,best,11,764,6.759364097458005,1
68,0,best,12,802,6.759364097458005,1
68,0,best,13,903,6.759364097458005,1
68,0,best,14,1012,6.759364097458005,1
68,1,best,0,56,3.9082521488906323,1
68,1,best,1,66,3.9082521488906323,1
68,1,best,2,135,3.9082521488906323,1
68,1,best,3,250,3.9082521488906323,1
68,1,best,4,323,3.9082521488906323,1
68,1,best,5,362,3.9082521488906323,1
68,1,best,6,459,3.9082521488906323,1
68,1,best,7,486,3.9082521488906323,1
68,1,best,8,592,3.9082521488906323,1
68,1,best,9,681,3.9082521488906323,1
68,1,best,10,737,3.9082521488906323,1
68,1,best,11,813,3.9082521488906323,1
68,1,best,12,879,3.9082521488906323,1
68,1,best,13,981,3.9082521488906323,1
68,1,best,14,985,3.9082521488906323,1
68,1,hit,0,63,6.929854034161585,1
68,1,hit,1,131,6.929854034161585,1
68,1,hit,2,184,6.929854034161585,1
68,1,hit,3,253,6.929854034161585,1
68,1,hit,4,304,6.929854034161585,1
68,1,hit,5,362,6.929854034161585,1
68,1,hit,6,445,6.929854034161585,1
68,1,hit,7,504,6.929854034161585,1
68,1,hit,8,565,6.929854034161585,1
68,1,hit,9,681,6.929854034161585,1
68,1,hit,10,687,6.929854034161585,1
68,1,hit,11,813,6.929854034161585,1
68,1,hit,12,893,6.929854034161585,1
68,1,hit,13,981,6.929854034161585,1
68,1,hit,14,1036,6.929854034161585,1
68,2,best,0,45,8.85520790990203,1
68,2,best,1,88,8.85520790990203,1
68,2,best,2,162,8.85520790990203,1
68,2,best,3,180,8.85520790990203,1
68,2,best,4,241,8.85520790990203,1
68,2,best,5,314,8.85520790990203,1
68,2,best,6,413,8.85520790990203,1
68,2,best,7,441,8.85520790990203,1
68,2,best,8,564,8.85520790990203,1
68,2,best,9,612,8.85520790990203,1
68,2,best,10,634,8.85520790990203,1
68,2,best,11,692,8.85520790990203,1
68,2,best,12,807,8.85520790990203,1
68,2,best,13,819,8.85520790990203,1
68,2,best,14,880,8.85520790990203,1
68,2,best,15,940,8.85520790990203,1
68,3,best,0,35,17.282241226561325,1
68,3,best,1,118,17.282241226561325,1
68,3,best,2,172,17.282241226561325,1
68,3,best,3,199,17.282241226561325,1
68,3,best,4,312,17.282241226561325,1
68,3,best,5,330,17.282241226561325,1
68,3,best,6,399,17.282241226561325,1
68,3,best,7,514,17.282241226561325,1
68,3,best,8,573,17.282241226561325,1
68,3,best,9,640,17.282241226561325,1
68,3,best,10,701,17.282241226561325,1
68,3,best,11,778,17.282241226561325,1
68,3,best,12,822,17.282241226561325,1
68,3,best,13,887,17.282241226561325,1
68,3,best,14,961,17.282241226561325,1
68,3,best,15,984,17.282241226561325,1
69,0,best,0,13,13.655205444397598,1
69,0,best,1,77,13.655205444397598,1
69,0,best,2,163,13.655205444397598,1
69,0,best,3,217,13.655205444397598,1
69,0,best,4,302,13.655205444397598,1
69,0,best,5,338,13.655205444397598,1
69,0,best,6,455,13.655205444397598,1
69,0,best,7,500,13.655205444397598,1
69,0,best,8,525,13.655205444397598,1
69,0,best,9,632,13.655205444397598,1
69,0,best,10,704,13.655205444397598,1
69,0,best,11,774,13.655205444397598,1
69,0,best,12,852,13.655205444397598,1
69,0,best,13,907,13.655205444397598,1
69,0,best,14,1007,13.655205444397598,1
69,1,best,0,12,28.370522705792087,1
69,1,best,1,113,28.370522705792087,1
69,1,best,2,166,28.370522705792087,1
69,1,best,3,207,28.370522705792087,1
69,1,best,4,282,28.370522705792087,1
69,1,best,5,387,28.370522705792087,1
69,1,best,6,448,28.370522705792087,1
69,1,best,7,500,28.370522705792087,1
69,1,best,8,593,28.370522705792087,1
69,1,best,9,680,28.370522705792087,1
69,1,best,10,687,28.370522705792087,1
69,1,best,11,822,28.370522705792087,1
69,1,best,12,869,28.370522705792087,1
69,1,best,13,984,28.370522705792087,1
69,1,best,14,1017,28.370522705792087,1
69,2,best,0,43,19.508807595203656,1
69,2,best,1,86,19.508807595203656,1
69,2,best,2,147,19.508807595203656,1
69,2,best,3,196,19.508807595203656,1
69,2,best,4,299,19.508807595203656,1
69,2,best,5,358,19.508807595203656,1
69,2,best,6,412,19.508807595203656,1
69,2,best,7,482,19.508807595203656,1
69,2,best,8,527,19.508807595203656,1
69,2,best,9,569,19.508807595203656,1
69,2,best,10,634,19.508807595203656,1
69,2,best,11,692,19.508807595203656,1
69,2,best,12,787,19.508807595203656,1
69,2,best,13,833,19.508807595203656,1
69,2,best,14,923,19.508807595203656,1
69,2,best,15,1003,19.508807595203656,1
69,3,best,0,0,12.169550350369512,1
69,3,best,1,108,12.169550350369512,1
69,3,best,2,148,12.169550350369512,1
69,3,best,3,236,12.169550350369512,1
69,3,best,4,287,12.169550350369512,1
69,3,best,5,359,12.169550350369512,1
69,3,best,6,399,12.169550350369512,1
69,3,best,7,512,12.169550350369512,1
69,3,best,8,517,12.169550350369512,1
69,3,best,9,606,12.169550350369512,1
69,3,best,10,693,12.169550350369512,1
69,3,best,11,776,12.169550350369512,1
69,3,best,12,839,12.169550350369512,1
69,3,best,13,847,12.169550350369512,1
69,3,best,14,917,12.169550350369512,1
69,3,best,15,984,12.169550350369512,1
69,3,hit,0,46,14.193855264561655,1
69,3,hit,1,99,14.193855264561655,1
69,3,hit,2,139,14.193855264561655,1
69,3,hit,3,208,14.193855264561655,1
69,3,hit,4,303,14.193855264561655,1
69,3,hit,5,394,14.193855264561655,1
69,3,hit,6,456,14.193855264561655,1
69,3,hit,7,494,14.193855264561655,1
69,3,hit,8,517,14.193855264561655,1
69,3,hit,9,578,14.193855264561655,1
69,3,hit,10,686,14.193855264561655,1
69,3,hit,11,780,14.193855264561655,1
69,3,hit,12,846,14.193855264561655,1
69,3,hit,13,913,14.193855264561655,1
69,3,hit,14,982,14.193855264561655,1
69,3,hit,15,984,14.193855264561655,1
70,0,best,0,20,3.706055658775668,1
70,0,best,1,96,3.706055658775668,1
70,0,best,2,126,3.706055658775668,1
70,0,best,3,249,3.706055658775668,1
70,0,best,4,330,3.706055658775668,1
70,0,best,5,334,3.706055658775668,1
70,0,best,6,402,3.706055658775668,1
70,0,best,7,466,3.706055658775668,1
70,0,best,8,525,3.706055658775668,1
70,0,best,9,583,3.706055658775668,1
70,0,best,10,645,3.706055658775668,1
70,0,best,11,743,3.706055658775668,1
70,0,best,12,855,3.706055658775668,1
70,0,best,13,917,3.706055658775668,1
70,0,best,14,1007,3.706055658775668,1
70,0,hit,0,6,4.377894720093061,1
70,0,hit,1,105,4.377894720093061,1
70,0,hit,2,126,4.377894720093061,1
70,0,hit,3,197,4.377894720093061,1
70,0,hit,4,326,4.377894720093061,1
70,0,hit,5,334,4.377894720093061,1
70,0,hit,6,402,4.377894720093061,1
70,0,hit,7,466,4.377894720093061,1
70,0,hit,8,525,4.377894720093061,1
70,0,hit,9,583,4.377894720093061,1
70,0,hit,10,645,4.377894720093061,1
70,0,hit,11,774,4.377894720093061,1
70,0,hit,12,820,4.377894720093061,1
70,0,hit,13,924,4.377894720093061,1
70,0,hit,14,1007,4.377894720093061,1
70,1,best,0,32,7.094725694236253,1
70,1,best,1,73,7.094725694236253,1
70,1,best,2,193,7.094725694236253,1
70,1,best,3,253,7.094725694236253,1
70,1,best,4,307,7.094725694236253,1
70,1,best,5,362,7.094725694236253,1
70,1,best,6,450,7.094725694236253,1
70,1,best,7,517,7.094725694236253,1
70,1,best,8,592,7.094725694236253,1
70,1,best,9,677,7.094725694236253,1
70,1,best,10,687,7.094725694236253,1
70,1,best,11,820,7.094725694236253,1
70,1,best,12,905,7.094725694236253,1
70,1,best,13,984,7.094725694236253,1
70,1,best,14,985,7.094725694236253,1
70,2,best,0,9,5.60650900853341,1
70,2,best,1,76,5.60650900853341,1
70,2,best,2,117,5.60650900853341,1
70,2,best,3,236,5.60650900853341,1
70,2,best,4,241,5.60650900853341,1
70,2,best,5,314,5.60650900853341,1
70,2,best,6,377,5.60650900853341,1
70,2,best,7,441,5.60650900853341,1
70,2,best,8,564,5.60650900853341,1
70,2,best,9,569,5.60650900853341,1
70,2,best,10,634,5.60650900853341,1
70,2,best,11,692,5.60650900853341,1
70,2,best,12,756,5.60650900853341,1
70,2,best,13,819,5.60650900853341,1
70,2,best,14,880,5.60650900853341,1
70,2,best,15,940,5.60650900853341,1
70,3,best,0,13,12.744986977869182,1
70,3,best,1,78,12.744986977869182,1
70,3,best,2,126,12.744986977869182,1
70,3,best,3,199,12.744986977869182,1
70,3,best,4,266,12.744986977869182,1
70,3,best,5,330,12.744986977869182,1
70,3,best,6,399,12.744986977869182,1
70,3,best,7,489,12.744986977869182,1
70,3,best,8,573,12.744986977869182,1
70,3,best,9,640,12.744986977869182,1
70,3,best,10,686,12.744986977869182,1
70,3,best,11,776,12.744986977869182,1
70,3,best,12,846,12.744986977869182,1
70,3,best,13,908,12.744986977869182,1
70,3,best,14,917,12.744986977869182,1
70,3,best,15,984,12.744986977869182,1
71,0,best,0,30,10.382740104674136,1
71,0,best,1,105,10.382740104674136,1
71,0,best,2,126,10.382740104674136,1
71,0,best,3,249,10.382740104674136,1
71,0,best,4,325,10.382740104674136,1
71,0,best,5,334,10.382740104674136,1
71,0,best,6,402,10.382740104674136,1
71,0,best,7,466,10.382740104674136,1
71,0,best,8,525,10.382740104674136,1
71,0,best,9,583,10.382740104674136,1
71,0,best,10,645,10.382740104674136,1
71,0,best,11,743,10.382740104674136,1
71,0,best,12,826,10.382740104674136,1
71,0,best,13,924,10.382740104674136,1
71,0,best,14,1007,10.382740104674136,1
71,1,best,0,16,16.314382100156426,1
71,1,best,1,73,16.314382100156426,1
71,1,best,2,162,16.314382100156426,1
71,1,best,3,253,16.314382100156426,1
71,1,best,4,318,16.314382100156426,1
71,1,best,5,367,16.314382100156426,1
71,1,best,6,460,16.314382100156426,1
71,1,best,7,524,16.314382100156426,1
71,1,best,8,592,16.314382100156426,1
71,1,best,9,617,16.314382100156426,1
71,1,best,10,687,16.314382100156426,1
71,1,best,11,820,16.314382100156426,1
71,1,best,12,881,16.314382100156426,1
71,1,best,13,981,16.314382100156426,1
71,1,best,14,1051,16.314382100156426,1
71,2,best,0,1,9.332605055355497,1
71,2,best,1,97,9.332605055355497,1
71,2,best,2,117,9.332605055355497,1
71,2,best,3,180,9.332605055355497,1
71,2,best,4,241,9.332605055355497,1
71,2,best,5,349,9.332605055355497,1
71,2,best,6,422,9.332605055355497,1
71,2,best,7,494,9.332605055355497,1
71,2,best,8,564,9.332605055355497,1
71,2,best,9,607,9.332605055355497,1
71,2,best,10,634,9.332605055355497,1
71,2,best,11,692,9.332605055355497,1
71,2,best,12,756,9.332605055355497,1
71,2,best,13,819,9.332605055355497,1
71,2,best,14,880,9.332605055355497,1
71,2,best,15,940,9.332605055355497,1
71,2,hit,0,39,17.00508231597133,1
71,2,hit,1,79,17.00508231597133,1
71,2,hit,2,163,17.00508231597133,1
71,2,hit,3,230,17.00508231597133,1
71,2,hit,4,278,17.00508231597133,1
71,2,hit,5,361,17.00508231597133,1
71,2,hit,6,422,17.00508231597133,1
71,2,hit,7,468,17.00508231597133,1
71,2,hit,8,535,17.00508231597133,1
71,2,hit,9,619,17.00508231597133,1
71,2,hit,10,674,17.00508231597133,1
71,2,hit,11,745,17.00508231597133,1
71,2,hit,12,756,17.00508231597133,1
71,2,hit,13,819,17.00508231597133,1
71,2,hit,14,924,17.00508231597133,1
71,2,hit,15,940,17.00508231597133,1
71,3,best,0,53,16.053814545832562,1
71,3,best,1,96,16.053814545832562,1
71,3,best,2,125,16.053814545832562,1
71,3,best,3,234,16.053814545832562,1
71,3,best,4,262,16.053814545832562,1
71,3,best,5,330,16.053814545832562,1
71,3,best,6,414,16.053814545832562,1
71,3,best,7,494,16.053814545832562,1
71,3,best,8,517,16.053814545832562,1
71,3,best,9,578,16.053814545832562,1
71,3,best,10,686,16.053814545832562,1
71,3,best,11,780,16.053814545832562,1
71,3,best,12,839,16.053814545832562,1
71,3,best,13,894,16.053814545832562,1
71,3,best,14,917,16.053814545832562,1
71,3,best,15,984,16.053814545832562,1
72,0,best,0,4,1.5034326239411357,1
72,0,best,1,105,1.5034326239411357,1
72,0,best,2,167,1.5034326239411357,1
72,0,best,3,197,1.5034326239411357,1
72,0,best,4,263,1.5034326239411357,1
72,0,best,5,334,1.5034326239411357,1
72,0,best,6,402,1.5034326239411357,1
72,0,best,7,466,1.5034326239411357,1
72,0,best,8,525,1.5034326239411357,1
72,0,best,9,583,1.5034326239411357,1
72,0,best,10,645,1.5034326239411357,1
72,0,best,11,743,1.5034326239411357,1
72,0,best,12,835,1.5034326239411357,1
72,0,best,13,934,1.5034326239411357,1
72,0,best,14,1013,1.5034326239411357,1
72,0,hit,0,49,2.5781716937226866,1
72,0,hit,1,105,2.5781716937226866,1
72,0,hit,2,167,2.5781716937226866,1
72,0,hit,3,197,2.5781716937226866,1
72,0,hit,4,263,2.5781716937226866,1
72,0,hit,5,334,2.5781716937226866,1
72,0,hit,6,402,2.5781716937226866,1
72,0,hit,7,466,2.5781716937226866,1
72,0,hit,8,525,2.5781716937226866,1
72,0,hit,9,583,2.5781716937226866,1
72,0,hit,10,645,2.5781716937226866,1
72,0,hit,11,743,2.5781716937226866,1
72,0,hit,12,822,2.5781716937226866,1
72,0,hit,13,923,2.5781716937226866,1
72,0,hit,14,1007,2.5781716937226866,1
72,1,best,0,24,1.954614381021444,1
72,1,best,1,93,1.954614381021444,1
72,1,best,2,135,1.954614381021444,1
72,1,best,3,259,1.954614381021444,1
72,1,best,4,307,1.954614381021444,1
72,1,best,5,380,1.954614381021444,1
72,1,best,6,459,1.954614381021444,1
72,1,best,7,467,1.954614381021444,1
72,1,best,8,592,1.954614381021444,1
72,1,best,9,625,1.954614381021444,1
72,1,best,10,734,1.954614381021444,1
72,1,best,11,811,1.954614381021444,1
72,1,best,12,897,1.954614381021444,1
72,1,best,13,984,1.954614381021444,1
72,1,best,14,1035,1.954614381021444,1
72,2,best,0,41,1.308561105952613,1
72,2,best,1,106,1.308561105952613,1
72,2,best,2,117,1.308561105952613,1
72,2,best,3,180,1.308561105952613,1
72,2,best,4,241,1.308561105952613,1
72,2,best,5,314,1.308561105952613,1
72,2,best,6,377,1.308561105952613,1
72,2,best,7,441,1.308561105952613,1
72,2,best,8,548,1.308561105952613,1
72,2,best,9,569,1.308561105952613,1
72,2,best,10,634,1.308561105952613,1
72,2,best,11,692,1.308561105952613,1
72,2,best,12,756,1.308561105952613,1
72,2,best,13,819,1.308561105952613,1
72,2,best,14,880,1.308561105952613,1
72,2,best,15,993,1.308561105952613,1
72,3,best,0,26,7.018760023339048,1
72,3,best,1,63,7.018760023339048,1
72,3,best,2,141,7.018760023339048,1
72,3,best,3,226,7.018760023339048,1
72,3,best,4,312,7.018760023339048,1
72,3,best,5,330,7.018760023339048,1
72,3,best,6,399,7.018760023339048,1
72,3,best,7,489,7.018760023339048,1
72,3,best,8,573,7.018760023339048,1
72,3,best,9,640,7.018760023339048,1
72,3,best,10,686,7.018760023339048,1
72,3,best,11,778,7.018760023339048,1
72,3,best,12,810,7.018760023339048,1
72,3,best,13,875,7.018760023339048,1
72,3,best,14,961,7.018760023339048,1
72,3,best,15,984,7.018760023339048,1
73,0,best,0,4,1.7194539046713673,1
73,0,best,1,105,1.7194539046713673,1
73,0,best,2,167,1.7194539046713673,1
73,0,best,3,197,1.7194539046713673,1
73,0,best,4,263,1.7194539046713673,1
73,0,best,5,334,1.7194539046713673,1
73,0,best,6,402,1.7194539046713673,1
73,0,best,7,466,1.7194539046713673,1
73,0,best,8,525,1.7194539046713673,1
73,0,best,9,583,1.7194539046713673,1
73,0,best,10,645,1.7194539046713673,1
73,0,best,11,743,1.7194539046713673,1
73,0,best,12,835,1.7194539046713673,1
73,0,best,13,934,1.7194539046713673,1
73,0,best,14,1013,1.7194539046713673,1
73,1,best,0,25,3.164855892517539,1
73,1,best,1,89,3.164855892517539,1
73,1,best,2,193,3.164855892517539,1
73,1,best,3,259,3.164855892517539,1
73,1,best,4,307,3.164855892517539,1
73,1,best,5,325,3.164855892517539,1
73,1,best,6,453,3.164855892517539,1
73,1,best,7,517,3.164855892517539,1
73,1,best,8,592,3.164855892517539,1
73,1,best,9,625,3.164855892517539,1
73,1,best,10,687,3.164855892517539,1
73,1,best,11,822,3.164855892517539,1
73,1,best,12,828,3.164855892517539,1
73,1,best,13,981,3.164855892517539,1
73,1,best,14,1053,3.164855892517539,1
73,2,best,0,14,0.00432774981188877,1
73,2,best,1,82,0.00432774981188877,1
73,2,best,2,117,0.00432774981188877,1
73,2,best,3,180,0.00432774981188877,1
73,2,best,4,241,0.00432774981188877,1
73,2,best,5,314,0.00432774981188877,1
73,2,best,6,422,0.00432774981188877,1
73,2,best,7,441,0.00432774981188877,1
73,2,best,8,564,0.00432774981188877,1
73,2,best,9,569,0.00432774981188877,1
73,2,best,10,634,0.00432774981188877,1
73,2,best,11,692,0.00432774981188877,1
73,2,best,12,756,0.00432774981188877,1
73,2,best,13,819,0.00432774981188877,1
73,2,best,14,880,0.00432774981188877,1
73,2,best,15,940,0.00432774981188877,1
73,2,hit,0,9,0.9526487990593766,1
73,2,hit,1,82,0.9526487990593766,1
73,2,hit,2,117,0.9526487990593766,1
73,2,hit,3,180,0.9526487990593766,1
73,2,hit,4,241,0.9526487990593766,1
73,2,hit,5,314,0.9526487990593766,1
73,2,hit,6,377,0.9526487990593766,1
73,2,hit,7,441,0.9526487990593766,1
73,2,hit,8,527,0.9526487990593766,1
73,2,hit,9,569,0.9526487990593766,1
73,2,hit,10,634,0.9526487990593766,1
73,2,hit,11,692,0.9526487990593766,1
73,2,hit,12,756,0.9526487990593766,1
73,2,hit,13,819,0.9526487990593766,1
73,2,hit,14,880,0.9526487990593766,1
73,2,hit,15,940,0.9526487990593766,1
73,3,best,0,13,8.148953865697138,1
73,3,best,1,78,8.148953865697138,1
73,3,best,2,126,8.148953865697138,1
73,3,best,3,199,8.148953865697138,1
73,3,best,4,266,8.148953865697138,1
73,3,best,5,330,8.148953865697138,1
73,3,best,6,399,8.148953865697138,1
73,3,best,7,489,8.148953865697138,1
73,3,best,8,573,8.148953865697138,1
73,3,best,9,640,8.148953865697138,1
73,3,best,10,686,8.148953865697138,1
73,3,best,11,776,8.148953865697138,1
73,3,best,12,846,8.148953865697138,1
73,3,best,13,908,8.148953865697138,1
73,3,best,14,917,8.148953865697138,1
73,3,best,15,984,8.148953865697138,1
74,0,best,0,13,15.007295022240012,1
74,0,best,1,118,15.007295022240012,1
74,0,best,2,174,15.007295022240012,1
74,0,best,3,235,15.007295022240012,1
74,0,best,4,311,15.007295022240012,1
74,0,best,5,361,15.007295022240012,1
74,0,best,6,464,15.007295022240012,1
74,0,best,7,496,15.007295022240012,1
74,0,best,8,580,15.007295022240012,1
74,0,best,9,636,15.007295022240012,1
74,0,best,10,680,15.007295022240012,1
74,0,best,11,762,15.007295022240012,1
74,0,best,12,852,15.007295022240012,1
74,0,best,13,924,15.007295022240012,1
74,0,best,14,1007,15.007295022240012,1
74,0,hit,0,23,20.506719383698055,1
74,0,hit,1,58,20.506719383698055,1
74,0,hit,2,137,20.506719383698055,1
74,0,hit,3,220,20.506719383698055,1
74,0,hit,4,302,20.506719383698055,1
74,0,hit,5,393,20.506719383698055,1
74,0,hit,6,454,20.506719383698055,1
74,0,hit,7,523,20.506719383698055,1
74,0,hit,8,579,20.506719383698055,1
74,0,hit,9,588,20.506719383698055,1
74,0,hit,10,707,20.506719383698055,1
74,0,hit,11,732,20.506719383698055,1
74,0,hit,12,785,20.506719383698055,1
74,0,hit,13,907,20.506719383698055,1
74,0,hit,14,1007,20.506719383698055,1
74,1,best,0,17,25.984726311946172,1
74,1,best,1,65,25.984726311946172,1
74,1,best,2,168,25.984726311946172,1
74,1,best,3,216,25.984726311946172,1
74,1,best,4,315,25.984726311946172,1
74,1,best,5,325,25.984726311946172,1
74,1,best,6,466,25.984726311946172,1
74,1,best,7,504,25.984726311946172,1
74,1,best,8,592,25.984726311946172,1
74,1,best,9,686,25.984726311946172,1
74,1,best,10,687,25.984726311946172,1
74,1,best,11,826,25.984726311946172,1
74,1,best,12,895,25.984726311946172,1
74,1,best,13,976,25.984726311946172,1
74,1,best,14,1028,25.984726311946172,1
74,2,best,0,45,16.100917350322227,1
74,2,best,1,102,16.100917350322227,1
74,2,best,2,136,16.100917350322227,1
74,2,best,3,180,16.100917350322227,1
74,2,best,4,309,16.100917350322227,1
74,2,best,5,376,16.100917350322227,1
74,2,best,6,422,16.100917350322227,1
74,2,best,7,478,16.100917350322227,1
74,2,best,8,527,16.100917350322227,1
74,2,best,9,569,16.100917350322227,1
74,2,best,10,634,16.100917350322227,1
74,2,best,11,692,16.100917350322227,1
74,2,best,12,791,16.100917350322227,1
74,2,best,13,819,16.100917350322227,1
74,2,best,14,880,16.100917350322227,1
74,2,best,15,940,16.100917350322227,1
74,3,best,0,0,9.951560999016563,1
74,3,best,1,110,9.951560999016563,1
74,3,best,2,150,9.951560999016563,1
74,3,best,3,253,9.951560999016563,1
74,3,best,4,282,9.951560999016563,1
74,3,best,5,391,9.951560999016563,1
74,3,best,6,446,9.951560999016563,1
74,3,best,7,458,9.951560999016563,1
74,3,best,8,517,9.951560999016563,1
74,3,best,9,640,9.951560999016563,1
74,3,best,10,650,9.951560999016563,1
74,3,best,11,775,9.951560999016563,1
74,3,best,12,839,9.951560999016563,1
74,3,best,13,914,9.951560999016563,1
74,3,best,14,917,9.951560999016563,1
74,3,best,15,984,9.951560999016563,1
75,0,best,0,43,33.62736290115783,1
75,0,best,1,73,33.62736290115783,1
75,0,best,2,187,33.62736290115783,1
75,0,best,3,253,33.62736290115783,1
75,0,best,4,288,33.62736290115783,1
75,0,best,5,395,33.62736290115783,1
75,0,best,6,402,33.62736290115783,1
75,0,best,7,466,33.62736290115783,1
75,0,best,8,530,33.62736290115783,1
75,0,best,9,644,33.62736290115783,1
75,0,best,10,707,33.62736290115783,1
75,0,best,11,762,33.62736290115783,1
75,0,best,12,828,33.62736290115783,1
75,0,best,13,920,33.62736290115783,1
75,0,best,14,1013,33.62736290115783,1
75,1,best,0,53,36.59697851934049,1
75,1,best,1,82,36.59697851934049,1
75,1,best,2,178,36.59697851934049,1
75,1,best,3,239,36.59697851934049,1
75,1,best,4,263,36.59697851934049,1
75,1,best,5,362,36.59697851934049,1
75,1,best,6,459,36.59697851934049,1
75,1,best,7,504,36.59697851934049,1
75,1,best,8,561,36.59697851934049,1
75,1,best,9,679,36.59697851934049,1
75,1,best,10,687,36.59697851934049,1
75,1,best,11,791,36.59697851934049,1
75,1,best,12,879,36.59697851934049,1
75,1,best,13,975,36.59697851934049,1
75,1,best,14,1052,36.59697851934049,1
75,1,hit,0,0,40.315690341594795,1
75,1,hit,1,110,40.315690341594795,1
75,1,hit,2,167,40.315690341594795,1
75,1,hit,3,240,40.315690341594795,1
75,1,hit,4,323,40.315690341594795,1
75,1,hit,5,369,40.315690341594795,1
75,1,hit,6,459,40.315690341594795,1
75,1,hit,7,483,40.315690341594795,1
75,1,hit,8,557,40.315690341594795,1
75,1,hit,9,627,40.315690341594795,1
75,1,hit,10,727,40.315690341594795,1
75,1,hit,11,762,40.315690341594795,1
75,1,hit,12,838,40.315690341594795,1
75,1,hit,13,975,40.315690341594795,1
75,1,hit,14,1052,40.315690341594795,1
75,2,best,0,21,42.879206412906136,1
75,2,best,1,89,42.879206412906136,1
75,2,best,2,146,42.879206412906136,1
75,2,best,3,233,42.879206412906136,1
75,2,best,4,299,42.879206412906136,1
75,2,best,5,314,42.879206412906136,1
75,2,best,6,413,42.879206412906136,1
75,2,best,7,489,42.879206412906136,1
75,2,best,8,554,42.879206412906136,1
75,2,best,9,609,42.879206412906136,1
75,2,best,10,687,42.879206412906136,1
75,2,best,11,692,42.879206412906136,1
75,2,best,12,756,42.879206412906136,1
75,2,best,13,819,42.879206412906136,1
75,2,best,14,880,42.879206412906136,1
75,2,best,15,940,42.879206412906136,1
75,3,best,0,35,38.68526763116544,1
75,3,best,1,94,38.68526763116544,1
75,3,best,2,167,38.68526763116544,1
75,3,best,3,257,38.68526763116544,1
75,3,best,4,323,38.68526763116544,1
75,3,best,5,330,38.68526763116544,1
75,3,best,6,436,38.68526763116544,1
75,3,best,7,486,38.68526763116544,1
75,3,best,8,517,38.68526763116544,1
75,3,best,9,636,38.68526763116544,1
75,3,best,10,682,38.68526763116544,1
75,3,best,11,728,38.68526763116544,1
75,3,best,12,788,38.68526763116544,1
75,3,best,13,866,38.68526763116544,1
75,3,best,14,944,38.68526763116544,1
75,3,best,15,1043,38.68526763116544,1
76,0,best,0,43,2.240012669991729,1
76,0,best,1,61,2.240012669991729,1
76,0,best,2,126,2.240012669991729,1
76,0,best,3,249,2.240012669991729,1
76,0,best,4,299,2.240012669991729,1
76,0,best,5,397,2.240012669991729,1
76,0,best,6,402,2.240012669991729,1
76,0,best,7,501,2.240012669991729,1
76,0,best,8,525,2.240012669991729,1
76,0,best,9,583,2.240012669991729,1
76,0,best,10,645,2.240012669991729,1
76,0,best,11,743,2.240012669991729,1
76,0,best,12,820,2.240012669991729,1
76,0,best,13,927,2.240012669991729,1
76,0,best,14,1007,2.240012669991729,1
76,0,hit,0,45,4.564279687987783,1
76,0,hit,1,115,4.564279687987783,1
76,0,hit,2,167,4.564279687987783,1
76,0,hit,3,197,4.564279687987783,1
76,0,hit,4,263,4.564279687987783,1
76,0,hit,5,334,4.564279687987783,1
76,0,hit,6,402,4.564279687987783,1
76,0,hit,7,466,4.564279687987783,1
76,0,hit,8,525,4.564279687987783,1
76,0,hit,9,583,4.564279687987783,1
76,0,hit,10,645,4.564279687987783,1
76,0,hit,11,762,4.564279687987783,1
76,0,hit,12,849,4.564279687987783,1
76,0,hit,13,924,4.564279687987783,1
76,0,hit,14,1007,4.564279687987783,1
76,1,best,0,27,10.48533126163488,1
76,1,best,1,104,10.48533126163488,1
76,1,best,2,162,10.48533126163488,1
76,1,best,3,221,10.48533126163488,1
76,1,best,4,315,10.48533126163488,1
76,1,best,5,389,10.48533126163488,1
76,1,best,6,459,10.48533126163488,1
76,1,best,7,517,10.48533126163488,1
76,1,best,8,592,10.48533126163488,1
76,1,best,9,625,10.48533126163488,1
76,1,best,10,687,10.48533126163488,1
76,1,best,11,807,10.48533126163488,1
76,1,best,12,885,10.48533126163488,1
76,1,best,13,984,10.48533126163488,1
76,1,best,14,1028,10.48533126163488,1
76,2,best,0,48,8.678961242777719,1
76,2,best,1,76,8.678961242777719,1
76,2,best,2,117,8.678961242777719,1
76,2,best,3,180,8.678961242777719,1
76,2,best,4,241,8.678961242777719,1
76,2,best,5,361,8.678961242777719,1
76,2,best,6,377,8.678961242777719,1
76,2,best,7,441,8.678961242777719,1
76,2,best,8,564,8.678961242777719,1
76,2,best,9,609,8.678961242777719,1
76,2,best,10,634,8.678961242777719,1
76,2,best,11,692,8.678961242777719,1
76,2,best,12,756,8.678961242777719,1
76,2,best,13,819,8.678961242777719,1
76,2,best,14,880,8.678961242777719,1
76,2,best,15,940,8.678961242777719,1
76,3,best,0,13,18.56555595257307,1
76,3,best,1,78,18.56555595257307,1
76,3,best,2,126,18.56555595257307,1
76,3,best,3,199,18.56555595257307,1
76,3,best,4,266,18.56555595257307,1
76,3,best,5,330,18.56555595257307,1
76,3,best,6,399,18.56555595257307,1
76,3,best,7,489,18.56555595257307,1
76,3,best,8,573,18.56555595257307,1
76,3,best,9,640,18.56555595257307,1
76,3,best,10,686,18.56555595257307,1
76,3,best,11,776,18.56555595257307,1
76,3,best,12,846,18.56555595257307,1
76,3,best,13,908,18.56555595257307,1
76,3,best,14,917,18.56555595257307,1
76,3,best,15,984,18.56555595257307,1
77,0,best,0,20,0.6980041524856309,1
77,0,best,1,96,0.6980041524856309,1
77,0,best,2,126,0.6980041524856309,1
77,0,best,3,249,0.6980041524856309,1
77,0,best,4,330,0.6980041524856309,1
77,0,best,5,334,0.6980041524856309,1
77,0,best,6,402,0.6980041524856309,1
77,0,best,7,466,0.6980041524856309,1
77,0,best,8,525,0.6980041524856309,1
77,0,best,9,583,0.6980041524856309,1
77,0,best,10,645,0.6980041524856309,1
77,0,best,11,743,0.6980041524856309,1
77,0,best,12,855,0.6980041524856309,1
77,0,best,13,917,0.6980041524856309,1
77,0,best,14,1007,0.6980041524856309,1
77,0,hit,0,45,2.5849801390521856,1
77,0,hit,1,115,2.5849801390521856,1
77,0,hit,2,167,2.5849801390521856,1
77,0,hit,3,197,2.5849801390521856,1
77,0,hit,4,263,2.5849801390521856,1
77,0,hit,5,334,2.5849801390521856,1
77,0,hit,6,402,2.5849801390521856,1
77,0,hit,7,466,2.5849801390521856,1
77,0,hit,8,525,2.5849801390521856,1
77,0,hit,9,583,2.5849801390521856,1
77,0,hit,10,645,2.5849801390521856,1
77,0,hit,11,762,2.5849801390521856,1
77,0,hit,12,849,2.5849801390521856,1
77,0,hit,13,924,2.5849801390521856,1
77,0,hit,14,1007,2.5849801390521856,1
77,1,best,0,4,3.869888874792401,1
77,1,best,1,123,3.869888874792401,1
77,1,best,2,135,3.869888874792401,1
77,1,best,3,259,3.869888874792401,1
77,1,best,4,307,3.869888874792401,1
77,1,best,5,380,3.869888874792401,1
77,1,best,6,459,3.869888874792401,1
77,1,best,7,517,3.869888874792401,1
77,1,best,8,592,3.869888874792401,1
77,1,best,9,677,3.869888874792401,1
77,1,best,10,687,3.869888874792401,1
77,1,best,11,822,3.869888874792401,1
77,1,best,12,892,3.869888874792401,1
77,1,best,13,984,3.869888874792401,1
77,1,best,14,985,3.869888874792401,1
77,2,best,0,14,1.2640491481917315,1
77,2,best,1,82,1.2640491481917315,1
77,2,best,2,117,1.2640491481917315,1
77,2,best,3,180,1.2640491481917315,1
77,2,best,4,241,1.2640491481917315,1
77,2,best,5,314,1.2640491481917315,1
77,2,best,6,377,1.2640491481917315,1
77,2,best,7,441,1.2640491481917315,1
77,2,best,8,564,1.2640491481917315,1
77,2,best,9,609,1.2640491481917315,1
77,2,best,10,634,1.2640491481917315,1
77,2,best,11,692,1.2640491481917315,1
77,2,best,12,807,1.2640491481917315,1
77,2,best,13,819,1.2640491481917315,1
77,2,best,14,880,1.2640491481917315,1
77,2,best,15,940,1.2640491481917315,1
77,3,best,0,13,7.28189687874532,1
77,3,best,1,78,7.28189687874532,1
77,3,best,2,126,7.28189687874532,1
77,3,best,3,199,7.28189687874532,1
77,3,best,4,266,7.28189687874532,1
77,3,best,5,330,7.28189687874532,1
77,3,best,6,399,7.28189687874532,1
77,3,best,7,489,7.28189687874532,1
77,3,best,8,573,7.28189687874532,1
77,3,best,9,640,7.28189687874532,1
77,3,best,10,686,7.28189687874532,1
77,3,best,11,776,7.28189687874532,1
77,3,best,12,846,7.28189687874532,1
77,3,best,13,908,7.28189687874532,1
77,3,best,14,917,7.28189687874532,1
77,3,best,15,984,7.28189687874532,1
78,0,best,0,6,2.933732393422325,1
78,0,best,1,105,2.933732393422325,1
78,0,best,2,126,2.933732393422325,1
78,0,best,3,197,2.933732393422325,1
78,0,best,4,326,2.933732393422325,1
78,0,best,5,334,2.933732393422325,1
78,0,best,6,402,2.933732393422325,1
78,0,best,7,466,2.933732393422325,1
78,0,best,8,525,2.933732393422325,1
78,0,best,9,583,2.933732393422325,1
78,0,best,10,645,2.933732393422325,1
78,0,best,11,774,2.933732393422325,1
78,0,best,12,820,2.933732393422325,1
78,0,best,13,924,2.933732393422325,1
78,0,best,14,1007,2.933732393422325,1
78,1,best,0,34,5.075929476601543,1
78,1,best,1,73,5.075929476601543,1
78,1,best,2,193,5.075929476601543,1
78,1,best,3,253,5.075929476601543,1
78,1,best,4,307,5.075929476601543,1
78,1,best,5,362,5.075929476601543,1
78,1,best,6,459,5.075929476601543,1
78,1,best,7,517,5.075929476601543,1
78,1,best,8,592,5.075929476601543,1
78,1,best,9,683,5.075929476601543,1
78,1,best,10,687,5.075929476601543,1
78,1,best,11,826,5.075929476601543,1
78,1,best,12,881,5.075929476601543,1
78,1,best,13,974,5.075929476601543,1
78,1,best,14,1036,5.075929476601543,1
78,2,best,0,51,3.9246916270631713,1
78,2,best,1,79,3.9246916270631713,1
78,2,best,2,117,3.9246916270631713,1
78,2,best,3,180,3.9246916270631713,1
78,2,best,4,241,3.9246916270631713,1
78,2,best,5,314,3.9246916270631713,1
78,2,best,6,438,3.9246916270631713,1
78,2,best,7,478,3.9246916270631713,1
78,2,best,8,527,3.9246916270631713,1
78,2,best,9,607,3.9246916270631713,1
78,2,best,10,634,3.9246916270631713,1
78,2,best,11,692,3.9246916270631713,1
78,2,best,12,756,3.9246916270631713,1
78,2,best,13,819,3.9246916270631713,1
78,2,best,14,880,3.9246916270631713,1
78,2,best,15,940,3.9246916270631713,1
78,2,hit,0,51,3.9246916270631713,1
78,2,hit,1,79,3.9246916270631713,1
78,2,hit,2,117,3.9246916270631713,1
78,2,hit,3,180,3.9246916270631713,1
78,2,hit,4,241,3.9246916270631713,1
78,2,hit,5,314,3.9246916270631713,1
78,2,hit,6,438,3.9246916270631713,1
78,2,hit,7,478,3.9246916270631713,1
78,2,hit,8,527,3.9246916270631713,1
78,2,hit,9,607,3.9246916270631713,1
78,2,hit,10,634,3.9246916270631713,1
78,2,hit,11,692,3.9246916270631713,1
78,2,hit,12,756,3.9246916270631713,1
78,2,hit,13,819,3.9246916270631713,1
78,2,hit,14,880,3.9246916270631713,1
78,2,hit,15,940,3.9246916270631713,1
78,3,best,0,13,9.22776119285242,1
78,3,best,1,78,9.22776119285242,1
78,3,best,2,126,9.22776119285242,1
78,3,best,3,199,9.22776119285242,1
78,3,best,4,266,9.22776119285242,1
78,3,best,5,330,9.22776119285242,1
78,3,best,6,399,9.22776119285242,1
78,3,best,7,489,9.22776119285242,1
78,3,best,8,573,9.22776119285242,1
78,3,best,9,640,9.22776119285242,1
78,3,best,10,686,9.22776119285242,1
78,3,best,11,776,9.22776119285242,1
78,3,best,12,846,9.22776119285242,1
78,3,best,13,908,9.22776119285242,1
78,3,best,14,917,9.22776119285242,1
78,3,best,15,984,9.22776119285242,1
79,0,best,0,38,5.428080916462074,1
79,0,best,1,98,5.428080916462074,1
79,0,best,2,143,5.428080916462074,1
79,0,best,3,197,5.428080916462074,1
79,0,best,4,263,5.428080916462074,1
79,0,best,5,334,5.428080916462074,1
79,0,best,6,402,5.428080916462074,1
79,0,best,7,466,5.428080916462074,1
79,0,best,8,525,5.428080916462074,1
79,0,best,9,583,5.428080916462074,1
79,0,best,10,645,5.428080916462074,1
79,0,best,11,764,5.428080916462074,1
79,0,best,12,802,5.428080916462074,1
79,0,best,13,903,5.428080916462074,1
79,0,best,14,1012,5.428080916462074,1
79,1,best,0,60,1.9493355211144183,1
79,1,best,1,91,1.9493355211144183,1
79,1,best,2,165,1.9493355211144183,1
79,1,best,3,259,1.9493355211144183,1
79,1,best,4,314,1.9493355211144183,1
79,1,best,5,362,1.9493355211144183,1
79,1,best,6,452,1.9493355211144183,1
79,1,best,7,504,1.9493355211144183,1
79,1,best,8,592,1.9493355211144183,1
79,1,best,9,685,1.9493355211144183,1
79,1,best,10,687,1.9493355211144183,1
79,1,best,11,803,1.9493355211144183,1
79,1,best,12,903,1.9493355211144183,1
79,1,best,13,981,1.9493355211144183,1
79,1,best,14,1035,1.9493355211144183,1
79,1,hit,0,41,2.920359291011409,1
79,1,hit,1,106,2.920359291011409,1
79,1,hit,2,172,2.920359291011409,1
79,1,hit,3,259,2.920359291011409,1
79,1,hit,4,307,2.920359291011409,1
79,1,hit,5,362,2.920359291011409,1
79,1,hit,6,452,2.920359291011409,1
79,1,hit,7,467,2.920359291011409,1
79,1,hit,8,592,2.920359291011409,1
79,1,hit,9,681,2.920359291011409,1
79,1,hit,10,722,2.920359291011409,1
79,1,hit,11,813,2.920359291011409,1
79,1,hit,12,867,2.920359291011409,1
79,1,hit,13,981,2.920359291011409,1
79,1,hit,14,1035,2.920359291011409,1
79,2,best,0,50,7.218493428464281,1
79,2,best,1,88,7.218493428464281,1
79,2,best,2,165,7.218493428464281,1
79,2,best,3,180,7.218493428464281,1
79,2,best,4,241,7.218493428464281,1
79,2,best,5,314,7.218493428464281,1
79,2,best,6,422,7.218493428464281,1
79,2,best,7,478,7.218493428464281,1
79,2,best,8,554,7.218493428464281,1
79,2,best,9,630,7.218493428464281,1
79,2,best,10,677,7.218493428464281,1
79,2,best,11,692,7.218493428464281,1
79,2,best,12,756,7.218493428464281,1
79,2,best,13,819,7.218493428464281,1
79,2,best,14,938,7.218493428464281,1
79,2,best,15,940,7.218493428464281,1
79,3,best,0,13,16.651829185359105,1
79,3,best,1,78,16.651829185359105,1
79,3,best,2,126,16.651829185359105,1
79,3,best,3,199,16.651829185359105,1
79,3,best,4,266,16.651829185359105,1
79,3,best,5,330,16.651829185359105,1
79,3,best,6,399,16.651829185359105,1
79,3,best,7,489,16.651829185359105,1
79,3,best,8,573,16.651829185359105,1
79,3,best,9,640,16.651829185359105,1
79,3,best,10,686,16.651829185359105,1
79,3,best,11,776,16.651829185359105,1
79,3,best,12,846,16.651829185359105,1
79,3,best,13,908,16.651829185359105,1
79,3,best,14,917,16.651829185359105,1
79,3,best,15,984,16.651829185359105,1
80,0,best,0,46,0.7742880010643258,1
80,0,best,1,68,0.7742880010643258,1
80,0,best,2,126,0.7742880010643258,1
80,0,best,3,249,0.7742880010643258,1
80,0,best,4,263,0.7742880010643258,1
80,0,best,5,334,0.7742880010643258,1
80,0,best,6,402,0.7742880010643258,1
80,0,best,7,466,0.7742880010643258,1
80,0,best,8,525,0.7742880010643258,1
80,0,best,9,583,0.7742880010643258,1
80,0,best,10,645,0.7742880010643258,1
80,0,best,11,743,0.7742880010643258,1
80,0,best,12,839,0.7742880010643258,1
80,0,best,13,924,0.7742880010643258,1
80,0,best,14,1007,0.7742880010643258,1
80,0,hit,0,46,0.7742880010643258,1
80,0,hit,1,68,0.7742880010643258,1
80,0,hit,2,126,0.7742880010643258,1
80,0,hit,3,249,0.7742880010643258,1
80,0,hit,4,263,0.7742880010643258,1
80,0,hit,5,334,0.7742880010643258,1
80,0,hit,6,402,0.7742880010643258,1
80,0,hit,7,466,0.7742880010643258,1
80,0,hit,8,525,0.7742880010643258,1
80,0,hit,9,583,0.7742880010643258,1
80,0,hit,10,645,0.7742880010643258,1
80,0,hit,11,743,0.7742880010643258,1
80,0,hit,12,839,0.7742880010643258,1
80,0,hit,13,924,0.7742880010643258,1
80,0,hit,14,1007,0.7742880010643258,1
80,1,best,0,27,3.8375659056343205,1
80,1,best,1,113,3.8375659056343205,1
80,1,best,2,193,3.8375659056343205,1
80,1,best,3,257,3.8375659056343205,1
80,1,best,4,307,3.8375659056343205,1
80,1,best,5,362,3.8375659056343205,1
80,1,best,6,438,3.8375659056343205,1
80,1,best,7,517,3.8375659056343205,1
80,1,best,8,592,3.8375659056343205,1
80,1,best,9,625,3.8375659056343205,1
80,1,best,10,687,3.8375659056343205,1
80,1,best,11,822,3.8375659056343205,1
80,1,best,12,892,3.8375659056343205,1
80,1,best,13,984,3.8375659056343205,1
80,1,best,14,985,3.8375659056343205,1
80,2,best,0,6,5.244350659216712,1
80,2,best,1,79,5.244350659216712,1
80,2,best,2,117,5.244350659216712,1
80,2,best,3,180,5.244350659216712,1
80,2,best,4,241,5.244350659216712,1
80,2,best,5,314,5.244350659216712,1
80,2,best,6,413,5.244350659216712,1
80,2,best,7,441,5.244350659216712,1
80,2,best,8,564,5.244350659216712,1
80,2,best,9,630,5.244350659216712,1
80,2,best,10,634,5.244350659216712,1
80,2,best,11,692,5.244350659216712,1
80,2,best,12,783,5.244350659216712,1
80,2,best,13,819,5.244350659216712,1
80,2,best,14,880,5.244350659216712,1
80,2,best,15,940,5.244350659216712,1
80,3,best,0,13,12.007481122981702,1
80,3,best,1,78,12.007481122981702,1
80,3,best,2,126,12.007481122981702,1
80,3,best,3,199,12.007481122981702,1
80,3,best,4,266,12.007481122981702,1
80,3,best,5,330,12.007481122981702,1
80,3,best,6,399,12.007481122981702,1
80,3,best,7,489,12.007481122981702,1
80,3,best,8,573,12.007481122981702,1
80,3,best,9,640,12.007481122981702,1
80,3,best,10,686,12.007481122981702,1
80,3,best,11,776,12.007481122981702,1
80,3,best,12,846,12.007481122981702,1
80,3,best,13,908,12.007481122981702,1
80,3,best,14,917,12.007481122981702,1
80,3,best,15,984,12.007481122981702,1
81,0,best,0,4,0.4230610290279788,1
81,0,best,1,105,0.4230610290279788,1
81,0,best,2,167,0.4230610290279788,1
81,0,best,3,197,0.4230610290279788,1
81,0,best,4,263,0.4230610290279788,1
81,0,best,5,334,0.4230610290279788,1
81,0,best,6,402,0.4230610290279788,1
81,0,best,7,466,0.4230610290279788,1
81,0,best,8,525,0.4230610290279788,1
81,0,best,9,583,0.4230610290279788,1
81,0,best,10,645,0.4230610290279788,1
81,0,best,11,743,0.4230610290279788,1
81,0,best,12,835,0.4230610290279788,1
81,0,best,13,934,0.4230610290279788,1
81,0,best,14,1013,0.4230610290279788,1
81,0,hit,0,32,2.6503788396579213,1
81,0,hit,1,69,2.6503788396579213,1
81,0,hit,2,167,2.6503788396579213,1
81,0,hit,3,249,2.6503788396579213,1
81,0,hit,4,326,2.6503788396579213,1
81,0,hit,5,334,2.6503788396579213,1
81,0,hit,6,402,2.6503788396579213,1
81,0,hit,7,466,2.6503788396579213,1
81,0,hit,8,525,2.6503788396579213,1
81,0,hit,9,583,2.6503788396579213,1
81,0,hit,10,645,2.6503788396579213,1
81,0,hit,11,743,2.6503788396579213,1
81,0,hit,12,847,2.6503788396579213,1
81,0,hit,13,928,2.6503788396579213,1
81,0,hit,14,1007,2.6503788396579213,1
81,1,best,0,2,2.579376710633703,1
81,1,best,1,81,2.579376710633703,1
81,1,best,2,193,2.579376710633703,1
81,1,best,3,259,2.579376710633703,1
81,1,best,4,307,2.579376710633703,1
81,1,best,5,362,2.579376710633703,1
81,1,best,6,459,2.579376710633703,1
81,1,best,7,517,2.579376710633703,1
81,1,best,8,592,2.579376710633703,1
81,1,best,9,625,2.579376710633703,1
81,1,best,10,687,2.579376710633703,1
81,1,best,11,822,2.579376710633703,1
81,1,best,12,892,2.579376710633703,1
81,1,best,13,984,2.579376710633703,1
81,1,best,14,985,2.579376710633703,1
81,2,best,0,49,2.0814157936741733,1
81,2,best,1,82,2.0814157936741733,1
81,2,best,2,117,2.0814157936741733,1
81,2,best,3,180,2.0814157936741733,1
81,2,best,4,241,2.0814157936741733,1
81,2,best,5,314,2.0814157936741733,1
81,2,best,6,377,2.0814157936741733,1
81,2,best,7,441,2.0814157936741733,1
81,2,best,8,505,2.0814157936741733,1
81,2,best,9,569,2.0814157936741733,1
81,2,best,10,634,2.0814157936741733,1
81,2,best,11,692,2.0814157936741733,1
81,2,best,12,756,2.0814157936741733,1
81,2,best,13,819,2.0814157936741733,1
81,2,best,14,880,2.0814157936741733,1
81,2,best,15,940,2.0814157936741733,1
81,3,best,0,13,13.316749111234232,1
81,3,best,1,78,13.316749111234232,1
81,3,best,2,126,13.316749111234232,1
81,3,best,3,199,13.316749111234232,1
81,3,best,4,266,13.316749111234232,1
81,3,best,5,330,13.316749111234232,1
81,3,best,6,399,13.316749111234232,1
81,3,best,7,489,13.316749111234232,1
81,3,best,8,573,13.316749111234232,1
81,3,best,9,640,13.316749111234232,1
81,3,best,10,686,13.316749111234232,1
81,3,best,11,776,13.316749111234232,1
81,3,best,12,846,13.316749111234232,1
81,3,best,13,908,13.316749111234232,1
81,3,best,14,917,13.316749111234232,1
81,3,best,15,984,13.316749111234232,1
82,0,best,0,4,1.369763959590867,1
82,0,best,1,105,1.369763959590867,1
82,0,best,2,167,1.369763959590867,1
82,0,best,3,197,1.369763959590867,1
82,0,best,4,263,1.369763959590867,1
82,0,best,5,334,1.369763959590867,1
82,0,best,6,402,1.369763959590867,1
82,0,best,7,466,1.369763959590867,1
82,0,best,8,525,1.369763959590867,1
82,0,best,9,583,1.369763959590867,1
82,0,best,10,645,1.369763959590867,1
82,0,best,11,743,1.369763959590867,1
82,0,best,12,835,1.369763959590867,1
82,0,best,13,934,1.369763959590867,1
82,0,best,14,1013,1.369763959590867,1
82,0,hit,0,32,1.663373516584382,1
82,0,hit,1,105,1.663373516584382,1
82,0,hit,2,126,1.663373516584382,1
82,0,hit,3,197,1.663373516584382,1
82,0,hit,4,263,1.663373516584382,1
82,0,hit,5,334,1.663373516584382,1
82,0,hit,6,402,1.663373516584382,1
82,0,hit,7,466,1.663373516584382,1
82,0,hit,8,525,1.663373516584382,1
82,0,hit,9,583,1.663373516584382,1
82,0,hit,10,645,1.663373516584382,1
82,0,hit,11,774,1.663373516584382,1
82,0,hit,12,856,1.663373516584382,1
82,0,hit,13,903,1.663373516584382,1
82,0,hit,14,1013,1.663373516584382,1
82,1,best,0,54,0.22403781838728243,1
82,1,best,1,104,0.22403781838728243,1
82,1,best,2,168,0.22403781838728243,1
82,1,best,3,253,0.22403781838728243,1
82,1,best,4,307,0.22403781838728243,1
82,1,best,5,362,0.22403781838728243,1
82,1,best,6,445,0.22403781838728243,1
82,1,best,7,517,0.22403781838728243,1
82,1,best,8,592,0.22403781838728243,1
82,1,best,9,625,0.22403781838728243,1
82,1,best,10,687,0.22403781838728243,1
82,1,best,11,826,0.22403781838728243,1
82,1,best,12,906,0.22403781838728243,1
82,1,best,13,974,0.22403781838728243,1
82,1,best,14,1042,0.22403781838728243,1
82,2,best,0,21,0.09807975657799872,1
82,2,best,1,82,0.09807975657799872,1
82,2,best,2,117,0.09807975657799872,1
82,2,best,3,180,0.09807975657799872,1
82,2,best,4,241,0.09807975657799872,1
82,2,best,5,314,0.09807975657799872,1
82,2,best,6,422,0.09807975657799872,1
82,2,best,7,441,0.09807975657799872,1
82,2,best,8,564,0.09807975657799872,1
82,2,best,9,569,0.09807975657799872,1
82,2,best,10,634,0.09807975657799872,1
82,2,best,11,692,0.09807975657799872,1
82,2,best,12,756,0.09807975657799872,1
82,2,best,13,819,0.09807975657799872,1
82,2,best,14,880,0.09807975657799872,1
82,2,best,15,993,0.09807975657799872,1
82,3,best,0,13,9.835622100741439,1
82,3,best,1,78,9.835622100741439,1
82,3,best,2,126,9.835622100741439,1
82,3,best,3,199,9.835622100741439,1
82,3,best,4,266,9.835622100741439,1
82,3,best,5,330,9.835622100741439,1
82,3,best,6,399,9.835622100741439,1
82,3,best,7,489,9.835622100741439,1
82,3,best,8,573,9.835622100741439,1
82,3,best,9,640,9.835622100741439,1
82,3,best,10,686,9.835622100741439,1
82,3,best,11,776,9.835622100741439,1
82,3,best,12,846,9.835622100741439,1
82,3,best,13,908,9.835622100741439,1
82,3,best,14,917,9.835622100741439,1
82,3,best,15,984,9.835622100741439,1
83,0,best,0,4,0.0,1
83,0,best,1,105,0.0,1
83,0,best,2,167,0.0,1
83,0,best,3,197,0.0,1
83,0,best,4,326,0.0,1
83,0,best,5,334,0.0,1
83,0,best,6,402,0.0,1
83,0,best,7,466,0.0,1
83,0,best,8,525,0.0,1
83,0,best,9,583,0.0,1
83,0,best,10,645,0.0,1
83,0,best,11,743,0.0,1
83,0,best,12,834,0.0,1
83,0,best,13,917,0.0,1
83,0,best,14,1007,0.0,1
83,0,hit,0,4,0.01399811790880845,1
83,0,hit,1,105,0.01399811790880845,1
83,0,hit,2,126,0.01399811790880845,1
83,0,hit,3,197,0.01399811790880845,1
83,0,hit,4,326,0.01399811790880845,1
83,0,hit,5,334,0.01399811790880845,1
83,0,hit,6,402,0.01399811790880845,1
83,0,hit,7,466,0.01399811790880845,1
83,0,hit,8,525,0.01399811790880845,1
83,0,hit,9,583,0.01399811790880845,1
83,0,hit,10,645,0.01399811790880845,1
83,0,hit,11,743,0.01399811790880845,1
83,0,hit,12,816,0.01399811790880845,1
83,0,hit,13,917,0.01399811790880845,1
83,0,hit,14,1007,0.01399811790880845,1
83,1,best,0,61,0.13541902408674256,1
83,1,best,1,104,0.13541902408674256,1
83,1,best,2,193,0.13541902408674256,1
83,1,best,3,259,0.13541902408674256,1
83,1,best,4,307,0.13541902408674256,1
83,1,best,5,362,0.13541902408674256,1
83,1,best,6,459,0.13541902408674256,1
83,1,best,7,517,0.13541902408674256,1
83,1,best,8,592,0.13541902408674256,1
83,1,best,9,625,0.13541902408674256,1
83,1,best,10,687,0.13541902408674256,1
83,1,best,11,802,0.13541902408674256,1
83,1,best,12,892,0.13541902408674256,1
83,1,best,13,974,0.13541902408674256,1
83,1,best,14,1035,0.13541902408674256,1
83,2,best,0,49,1.5674885929387299,1
83,2,best,1,82,1.5674885929387299,1
83,2,best,2,117,1.5674885929387299,1
83,2,best,3,180,1.5674885929387299,1
83,2,best,4,241,1.5674885929387299,1
83,2,best,5,314,1.5674885929387299,1
83,2,best,6,377,1.5674885929387299,1
83,2,best,7,441,1.5674885929387299,1
83,2,best,8,564,1.5674885929387299,1
83,2,best,9,609,1.5674885929387299,1
83,2,best,10,634,1.5674885929387299,1
83,2,best,11,692,1.5674885929387299,1
83,2,best,12,807,1.5674885929387299,1
83,2,best,13,819,1.5674885929387299,1
83,2,best,14,880,1.5674885929387299,1
83,2,best,15,940,1.5674885929387299,1
83,3,best,0,13,8.774862533067704,1
83,3,best,1,78,8.774862533067704,1
83,3,best,2,126,8.774862533067704,1
83,3,best,3,199,8.774862533067704,1
83,3,best,4,266,8.774862533067704,1
83,3,best,5,330,8.774862533067704,1
83,3,best,6,399,8.774862533067704,1
83,3,best,7,489,8.774862533067704,1
83,3,best,8,573,8.774862533067704,1
83,3,best,9,640,8.774862533067704,1
83,3,best,10,686,8.774862533067704,1
83,3,best,11,776,8.774862533067704,1
83,3,best,12,846,8.774862533067704,1
83,3,best,13,908,8.774862533067704,1
83,3,best,14,917,8.774862533067704,1
83,3,best,15,984,8.774862533067704,1
84,0,best,0,35,13.826216106223637,1
84,0,best,1,63,13.826216106223637,1
84,0,best,2,187,13.826216106223637,1
84,0,best,3,256,13.826216106223637,1
84,0,best,4,292,13.826216106223637,1
84,0,best,5,334,13.826216106223637,1
84,0,best,6,402,13.826216106223637,1
84,0,best,7,466,13.826216106223637,1
84,0,best,8,552,13.826216106223637,1
84,0,best,9,605,13.826216106223637,1
84,0,best,10,701,13.826216106223637,1
84,0,best,11,780,13.826216106223637,1
84,0,best,12,852,13.826216106223637,1
84,0,best,13,932,13.826216106223637,1
84,0,best,14,1007,13.826216106223637,1
84,1,best,0,47,20.507120075631548,1
84,1,best,1,65,20.507120075631548,1
84,1,best,2,193,20.507120075631548,1
84,1,best,3,222,20.507120075631548,1
84,1,best,4,307,20.507120075631548,1
84,1,best,5,371,20.507120075631548,1
84,1,best,6,462,20.507120075631548,1
84,1,best,7,524,20.507120075631548,1
84,1,best,8,588,20.507120075631548,1
84,1,best,9,684,20.507120075631548,1
84,1,best,10,743,20.507120075631548,1
84,1,best,11,753,20.507120075631548,1
84,1,best,12,881,20.507120075631548,1
84,1,best,13,981,20.507120075631548,1
84,1,best,14,1035,20.507120075631548,1
84,2,best,0,38,14.935083731250657,1
84,2,best,1,86,14.935083731250657,1
84,2,best,2,158,14.935083731250657,1
84,2,best,3,191,14.935083731250657,1
84,2,best,4,249,14.935083731250657,1
84,2,best,5,375,14.935083731250657,1
84,2,best,6,426,14.935083731250657,1
84,2,best,7,453,14.935083731250657,1
84,2,best,8,527,14.935083731250657,1
84,2,best,9,569,14.935083731250657,1
84,2,best,10,634,14.935083731250657,1
84,2,best,11,692,14.935083731250657,1
84,2,best,12,800,14.935083731250657,1
84,2,best,13,819,14.935083731250657,1
84,2,best,14,930,14.935083731250657,1
84,2,best,15,1003,14.935083731250657,1
84,3,best,0,0,7.155930299577923,1
84,3,best,1,108,7.155930299577923,1
84,3,best,2,148,7.155930299577923,1
84,3,best,3,236,7.155930299577923,1
84,3,best,4,287,7.155930299577923,1
84,3,best,5,359,7.155930299577923,1
84,3,best,6,399,7.155930299577923,1
84,3,best,7,512,7.155930299577923,1
84,3,best,8,517,7.155930299577923,1
84,3,best,9,606,7.155930299577923,1
84,3,best,10,693,7.155930299577923,1
84,3,best,11,776,7.155930299577923,1
84,3,best,12,839,7.155930299577923,1
84,3,best,13,847,7.155930299577923,1
84,3,best,14,917,7.155930299577923,1
84,3,best,15,984,7.155930299577923,1
84,3,hit,0,0,8.516880828370567,1
84,3,hit,1,96,8.516880828370567,1
84,3,hit,2,148,8.516880828370567,1
84,3,hit,3,244,8.516880828370567,1
84,3,hit,4,322,8.516880828370567,1
84,3,hit,5,330,8.516880828370567,1
84,3,hit,6,399,8.516880828370567,1
84,3,hit,7,498,8.516880828370567,1
84,3,hit,8,517,8.516880828370567,1
84,3,hit,9,606,8.516880828370567,1
84,3,hit,10,679,8.516880828370567,1
84,3,hit,11,774,8.516880828370567,1
84,3,hit,12,839,8.516880828370567,1
84,3,hit,13,847,8.516880828370567,1
84,3,hit,14,917,8.516880828370567,1
84,3,hit,15,984,8.516880828370567,1
85,0,best,0,30,14.19710688833705,1
85,0,best,1,97,14.19710688833705,1
85,0,best,2,145,14.19710688833705,1
85,0,best,3,197,14.19710688833705,1
85,0,best,4,325,14.19710688833705,1
85,0,best,5,361,14.19710688833705,1
85,0,best,6,402,14.19710688833705,1
85,0,best,7,466,14.19710688833705,1
85,0,best,8,525,14.19710688833705,1
85,0,best,9,583,14.19710688833705,1
85,0,best,10,645,14.19710688833705,1
85,0,best,11,776,14.19710688833705,1
85,0,best,12,821,14.19710688833705,1
85,0,best,13,924,14.19710688833705,1
85,0,best,14,1010,14.19710688833705,1
85,1,best,0,25,12.779877027213587,1
85,1,best,1,89,12.779877027213587,1
85,1,best,2,193,12.779877027213587,1
85,1,best,3,259,12.779877027213587,1
85,1,best,4,307,12.779877027213587,1
85,1,best,5,325,12.779877027213587,1
85,1,best,6,453,12.779877027213587,1
85,1,best,7,517,12.779877027213587,1
85,1,best,8,592,12.779877027213587,1
85,1,best,9,625,12.779877027213587,1
85,1,best,10,687,12.779877027213587,1
85,1,best,11,822,12.779877027213587,1
85,1,best,12,828,12.779877027213587,1
85,1,best,13,981,12.779877027213587,1
85,1,best,14,1053,12.779877027213587,1
85,2,best,0,21,12.500331696439105,1
85,2,best,1,91,12.500331696439105,1
85,2,best,2,174,12.500331696439105,1
85,2,best,3,180,12.500331696439105,1
85,2,best,4,258,12.500331696439105,1
85,2,best,5,314,12.500331696439105,1
85,2,best,6,377,12.500331696439105,1
85,2,best,7,441,12.500331696439105,1
85,2,best,8,549,12.500331696439105,1
85,2,best,9,569,12.500331696439105,1
85,2,best,10,634,12.500331696439105,1
85,2,best,11,692,12.500331696439105,1
85,2,best,12,807,12.500331696439105,1
85,2,best,13,819,12.500331696439105,1
85,2,best,14,880,12.500331696439105,1
85,2,best,15,940,12.500331696439105,1
85,2,hit,0,56,13.783071489055253,1
85,2,hit,1,114,13.783071489055253,1
85,2,hit,2,117,13.783071489055253,1
85,2,hit,3,180,13.783071489055253,1
85,2,hit,4,241,13.783071489055253,1
85,2,hit,5,314,13.783071489055253,1
85,2,hit,6,422,13.783071489055253,1
85,2,hit,7,498,13.783071489055253,1
85,2,hit,8,564,13.783071489055253,1
85,2,hit,9,569,13.783071489055253,1
85,2,hit,10,634,13.783071489055253,1
85,2,hit,11,692,13.783071489055253,1
85,2,hit,12,756,13.783071489055253,1
85,2,hit,13,819,13.783071489055253,1
85,2,hit,14,880,13.783071489055253,1
85,2,hit,15,940,13.783071489055253,1
85,3,best,0,53,16.023809165201765,1
85,3,best,1,96,16.023809165201765,1
85,3,best,2,125,16.023809165201765,1
85,3,best,3,234,16.023809165201765,1
85,3,best,4,262,16.023809165201765,1
85,3,best,5,330,16.023809165201765,1
85,3,best,6,414,16.023809165201765,1
85,3,best,7,494,16.023809165201765,1
85,3,best,8,517,16.023809165201765,1
85,3,best,9,578,16.023809165201765,1
85,3,best,10,686,16.023809165201765,1
85,3,best,11,780,16.023809165201765,1
85,3,best,12,839,16.023809165201765,1
85,3,best,13,894,16.023809165201765,1
85,3,best,14,917,16.023809165201765,1
85,3,best,15,984,16.023809165201765,1
86,0,best,0,42,4.587557436147934,1
86,0,best,1,97,4.587557436147934,1
86,0,best,2,181,4.587557436147934,1
86,0,best,3,262,4.587557436147934,1
86,0,best,4,295,4.587557436147934,1
86,0,best,5,334,4.587557436147934,1
86,0,best,6,402,4.587557436147934,1
86,0,best,7,501,4.587557436147934,1
86,0,best,8,525,4.587557436147934,1
86,0,best,9,583,4.587557436147934,1
86,0,best,10,701,4.587557436147934,1
86,0,best,11,743,4.587557436147934,1
86,0,best,12,829,4.587557436147934,1
86,0,best,13,924,4.587557436147934,1
86,0,best,14,1007,4.587557436147934,1
86,0,hit,0,10,9.882780684311099,1
86,0,hit,1,106,9.882780684311099,1
86,0,hit,2,126,9.882780684311099,1
86,0,hit,3,249,9.882780684311099,1
86,0,hit,4,299,9.882780684311099,1
86,0,hit,5,334,9.882780684311099,1
86,0,hit,6,402,9.882780684311099,1
86,0,hit,7,466,9.882780684311099,1
86,0,hit,8,525,9.882780684311099,1
86,0,hit,9,583,9.882780684311099,1
86,0,hit,10,645,9.882780684311099,1
86,0,hit,11,743,9.882780684311099,1
86,0,hit,12,826,9.882780684311099,1
86,0,hit,13,928,9.882780684311099,1
86,0,hit,14,1009,9.882780684311099,1
86,1,best,0,27,18.131674391475052,1
86,1,best,1,65,18.131674391475052,1
86,1,best,2,183,18.131674391475052,1
86,1,best,3,228,18.131674391475052,1
86,1,best,4,304,18.131674391475052,1
86,1,best,5,362,18.131674391475052,1
86,1,best,6,464,18.131674391475052,1
86,1,best,7,517,18.131674391475052,1
86,1,best,8,592,18.131674391475052,1
86,1,best,9,625,18.131674391475052,1
86,1,best,10,687,18.131674391475052,1
86,1,best,11,822,18.131674391475052,1
86,1,best,12,892,18.131674391475052,1
86,1,best,13,974,18.131674391475052,1
86,1,best,14,1051,18.131674391475052,1
86,2,best,0,10,13.849477939620098,1
86,2,best,1,89,13.849477939620098,1
86,2,best,2,117,13.849477939620098,1
86,2,best,3,180,13.849477939620098,1
86,2,best,4,241,13.849477939620098,1
86,2,best,5,326,13.849477939620098,1
86,2,best,6,412,13.849477939620098,1
86,2,best,7,478,13.849477939620098,1
86,2,best,8,505,13.849477939620098,1
86,2,best,9,569,13.849477939620098,1
86,2,best,10,634,13.849477939620098,1
86,2,best,11,692,13.849477939620098,1
86,2,best,12,790,13.849477939620098,1
86,2,best,13,819,13.849477939620098,1
86,2,best,14,880,13.849477939620098,1
86,2,best,15,940,13.849477939620098,1
86,3,best,0,13,18.542160357402253,1
86,3,best,1,78,18.542160357402253,1
86,3,best,2,126,18.542160357402253,1
86,3,best,3,199,18.542160357402253,1
86,3,best,4,266,18.542160357402253,1
86,3,best,5,330,18.542160357402253,1
86,3,best,6,399,18.542160357402253,1
86,3,best,7,489,18.542160357402253,1
86,3,best,8,573,18.542160357402253,1
86,3,best,9,640,18.542160357402253,1
86,3,best,10,686,18.542160357402253,1
86,3,best,11,776,18.542160357402253,1
86,3,best,12,846,18.542160357402253,1
86,3,best,13,908,18.542160357402253,1
86,3,best,14,917,18.542160357402253,1
86,3,best,15,984,18.542160357402253,1
87,0,best,0,47,6.225839823238698,1
87,0,best,1,105,6.225839823238698,1
87,0,best,2,126,6.225839823238698,1
87,0,best,3,197,6.225839823238698,1
87,0,best,4,299,6.225839823238698,1
87,0,best,5,334,6.225839823238698,1
87,0,best,6,402,6.225839823238698,1
87,0,best,7,466,6.225839823238698,1
87,0,best,8,525,6.225839823238698,1
87,0,best,9,583,6.225839823238698,1
87,0,best,10,645,6.225839823238698,1
87,0,best,11,743,6.225839823238698,1
87,0,best,12,851,6.225839823238698,1
87,0,best,13,924,6.225839823238698,1
87,0,best,14,1007,6.225839823238698,1
87,1,best,0,47,12.390212192506631,1
87,1,best,1,107,12.390212192506631,1
87,1,best,2,193,12.390212192506631,1
87,1,best,3,257,12.390212192506631,1
87,1,best,4,307,12.390212192506631,1
87,1,best,5,380,12.390212192506631,1
87,1,best,6,446,12.390212192506631,1
87,1,best,7,467,12.390212192506631,1
87,1,best,8,592,12.390212192506631,1
87,1,best,9,686,12.390212192506631,1
87,1,best,10,687,12.390212192506631,1
87,1,best,11,753,12.390212192506631,1
87,1,best,12,881,12.390212192506631,1
87,1,best,13,981,12.390212192506631,1
87,1,best,14,1035,12.390212192506631,1
87,2,best,0,9,8.37878294968513,1
87,2,best,1,86,8.37878294968513,1
87,2,best,2,117,8.37878294968513,1
87,2,best,3,180,8.37878294968513,1
87,2,best,4,241,8.37878294968513,1
87,2,best,5,346,8.37878294968513,1
87,2,best,6,422,8.37878294968513,1
87,2,best,7,478,8.37878294968513,1
87,2,best,8,527,8.37878294968513,1
87,2,best,9,569,8.37878294968513,1
87,2,best,10,634,8.37878294968513,1
87,2,best,11,692,8.37878294968513,1
87,2,best,12,756,8.37878294968513,1
87,2,best,13,819,8.37878294968513,1
87,2,best,14,937,8.37878294968513,1
87,2,best,15,940,8.37878294968513,1
87,2,hit,0,9,8.37878294968513,1
87,2,hit,1,86,8.37878294968513,1
87,2,hit,2,117,8.37878294968513,1
87,2,hit,3,180,8.37878294968513,1
87,2,hit,4,241,8.37878294968513,1
87,2,hit,5,346,8.37878294968513,1
87,2,hit,6,422,8.37878294968513,1
87,2,hit,7,478,8.37878294968513,1
87,2,hit,8,527,8.37878294968513,1
87,2,hit,9,569,8.37878294968513,1
87,2,hit,10,634,8.37878294968513,1
87,2,hit,11,692,8.37878294968513,1
87,2,hit,12,756,8.37878294968513,1
87,2,hit,13,819,8.37878294968513,1
87,2,hit,14,937,8.37878294968513,1
87,2,hit,15,940,8.37878294968513,1
87,3,best,0,13,13.638597505952294,1
87,3,best,1,78,13.638597505952294,1
87,3,best,2,126,13.638597505952294,1
87,3,best,3,199,13.638597505952294,1
87,3,best,4,266,13.638597505952294,1
87,3,best,5,330,13.638597505952294,1
87,3,best,6,399,13.638597505952294,1
87,3,best,7,489,13.638597505952294,1
87,3,best,8,573,13.638597505952294,1
87,3,best,9,640,13.638597505952294,1
87,3,best,10,686,13.638597505952294,1
87,3,best,11,776,13.638597505952294,1
87,3,best,12,846,13.638597505952294,1
87,3,best,13,908,13.638597505952294,1
87,3,best,14,917,13.638597505952294,1
87,3,best,15,984,13.638597505952294,1
88,0,best,0,51,11.593454972276895,1
88,0,best,1,120,11.593454972276895,1
88,0,best,2,131,11.593454972276895,1
88,0,best,3,239,11.593454972276895,1
88,0,best,4,299,11.593454972276895,1
88,0,best,5,334,11.593454972276895,1
88,0,best,6,402,11.593454972276895,1
88,0,best,7,466,11.593454972276895,1
88,0,best,8,577,11.593454972276895,1
88,0,best,9,600,11.593454972276895,1
88,0,best,10,680,11.593454972276895,1
88,0,best,11,762,11.593454972276895,1
88,0,best,12,836,11.593454972276895,1
88,0,best,13,924,11.593454972276895,1
88,0,best,14,1007,11.593454972276895,1
88,0,hit,0,23,15.096442984850409,1
88,0,hit,1,58,15.096442984850409,1
88,0,hit,2,137,15.096442984850409,1
88,0,hit,3,220,15.096442984850409,1
88,0,hit,4,302,15.096442984850409,1
88,0,hit,5,393,15.096442984850409,1
88,0,hit,6,454,15.096442984850409,1
88,0,hit,7,523,15.096442984850409,1
88,0,hit,8,579,15.096442984850409,1
88,0,hit,9,588,15.096442984850409,1
88,0,hit,10,707,15.096442984850409,1
88,0,hit,11,732,15.096442984850409,1
88,0,hit,12,785,15.096442984850409,1
88,0,hit,13,907,15.096442984850409,1
88,0,hit,14,1007,15.096442984850409,1
88,1,best,0,17,27.25210486852366,1
88,1,best,1,65,27.25210486852366,1
88,1,best,2,168,27.25210486852366,1
88,1,best,3,216,27.25210486852366,1
88,1,best,4,315,27.25210486852366,1
88,1,best,5,325,27.25210486852366,1
88,1,best,6,466,27.25210486852366,1
88,1,best,7,504,27.25210486852366,1
88,1,best,8,592,27.25210486852366,1
88,1,best,9,686,27.25210486852366,1
88,1,best,10,687,27.25210486852366,1
88,1,best,11,826,27.25210486852366,1
88,1,best,12,895,27.25210486852366,1
88,1,best,13,976,27.25210486852366,1
88,1,best,14,1028,27.25210486852366,1
88,2,best,0,21,18.31811816484247,1
88,2,best,1,89,18.31811816484247,1
88,2,best,2,172,18.31811816484247,1
88,2,best,3,231,18.31811816484247,1
88,2,best,4,307,18.31811816484247,1
88,2,best,5,375,18.31811816484247,1
88,2,best,6,412,18.31811816484247,1
88,2,best,7,478,18.31811816484247,1
88,2,best,8,527,18.31811816484247,1
88,2,best,9,569,18.31811816484247,1
88,2,best,10,634,18.31811816484247,1
88,2,best,11,692,18.31811816484247,1
88,2,best,12,789,18.31811816484247,1
88,2,best,13,867,18.31811816484247,1
88,2,best,14,939,18.31811816484247,1
88,2,best,15,1001,18.31811816484247,1
88,3,best,0,39,8.685146366570503,1
88,3,best,1,91,8.685146366570503,1
88,3,best,2,153,8.685146366570503,1
88,3,best,3,211,8.685146366570503,1
88,3,best,4,272,8.685146366570503,1
88,3,best,5,351,8.685146366570503,1
88,3,best,6,444,8.685146366570503,1
88,3,best,7,505,8.685146366570503,1
88,3,best,8,517,8.685146366570503,1
88,3,best,9,578,8.685146366570503,1
88,3,best,10,693,8.685146366570503,1
88,3,best,11,762,8.685146366570503,1
88,3,best,12,843,8.685146366570503,1
88,3,best,13,913,8.685146366570503,1
88,3,best,14,917,8.685146366570503,1
88,3,best,15,1005,8.685146366570503,1
89,0,best,0,48,7.021550911039295,1
89,0,best,1,95,7.021550911039295,1
89,0,best,2,192,7.021550911039295,1
89,0,best,3,214,7.021550911039295,1
89,0,best,4,297,7.021550911039295,1
89,0,best,5,399,7.021550911039295,1
89,0,best,6,402,7.021550911039295,1
89,0,best,7,466,7.021550911039295,1
89,0,best,8,525,7.021550911039295,1
89,0,best,9,583,7.021550911039295,1
89,0,best,10,645,7.021550911039295,1
89,0,best,11,762,7.021550911039295,1
89,0,best,12,820,7.021550911039295,1
89,0,best,13,913,7.021550911039295,1
89,0,best,14,1007,7.021550911039295,1
89,0,hit,0,5,8.215186272180262,1
89,0,hit,1,123,8.215186272180262,1
89,0,hit,2,128,8.215186272180262,1
89,0,hit,3,198,8.215186272180262,1
89,0,hit,4,319,8.215186272180262,1
89,0,hit,5,374,8.215186272180262,1
89,0,hit,6,402,8.215186272180262,1
89,0,hit,7,488,8.215186272180262,1
89,0,hit,8,525,8.215186272180262,1
89,0,hit,9,638,8.215186272180262,1
89,0,hit,10,676,8.215186272180262,1
89,0,hit,11,774,8.215186272180262,1
89,0,hit,12,820,8.215186272180262,1
89,0,hit,13,928,8.215186272180262,1
89,0,hit,14,1007,8.215186272180262,1
89,1,best,0,58,25.07102720017492,1
89,1,best,1,104,25.07102720017492,1
89,1,best,2,192,25.07102720017492,1
89,1,best,3,255,25.07102720017492,1
89,1,best,4,307,25.07102720017492,1
89,1,best,5,325,25.07102720017492,1
89,1,best,6,430,25.07102720017492,1
89,1,best,7,517,25.07102720017492,1
89,1,best,8,592,25.07102720017492,1
89,1,best,9,677,25.07102720017492,1
89,1,best,10,687,25.07102720017492,1
89,1,best,11,822,25.07102720017492,1
89,1,best,12,892,25.07102720017492,1
89,1,best,13,984,25.07102720017492,1
89,1,best,14,1044,25.07102720017492,1
89,2,best,0,10,17.7690013425493,1
89,2,best,1,89,17.7690013425493,1
89,2,best,2,178,17.7690013425493,1
89,2,best,3,231,17.7690013425493,1
89,2,best,4,241,17.7690013425493,1
89,2,best,5,344,17.7690013425493,1
89,2,best,6,388,17.7690013425493,1
89,2,best,7,478,17.7690013425493,1
89,2,best,8,564,17.7690013425493,1
89,2,best,9,569,17.7690013425493,1
89,2,best,10,634,17.7690013425493,1
89,2,best,11,692,17.7690013425493,1
89,2,best,12,817,17.7690013425493,1
89,2,best,13,864,17.7690013425493,1
89,2,best,14,880,17.7690013425493,1
89,2,best,15,1003,17.7690013425493,1
89,3,best,0,0,20.929930517956848,1
89,3,best,1,62,20.929930517956848,1
89,3,best,2,125,20.929930517956848,1
89,3,best,3,198,20.929930517956848,1
89,3,best,4,262,20.929930517956848,1
89,3,best,5,329,20.929930517956848,1
89,3,best,6,396,20.929930517956848,1
89,3,best,7,458,20.929930517956848,1
89,3,best,8,517,20.929930517956848,1
89,3,best,9,578,20.929930517956848,1
89,3,best,10,650,20.929930517956848,1
89,3,best,11,714,20.929930517956848,1
89,3,best,12,781,20.929930517956848,1
89,3,best,13,847,20.929930517956848,1
89,3,best,14,917,20.929930517956848,1
89,3,best,15,984,20.929930517956848,1
90,0,best,0,55,4.966040599857706,1
90,0,best,1,75,4.966040599857706,1
90,0,best,2,192,4.966040599857706,1
90,0,best,3,205,4.966040599857706,1
90,0,best,4,292,4.966040599857706,1
90,0,best,5,334,4.966040599857706,1
90,0,best,6,402,4.966040599857706,1
90,0,best,7,484,4.966040599857706,1
90,0,best,8,563,4.966040599857706,1
90,0,best,9,583,4.966040599857706,1
90,0,best,10,676,4.966040599857706,1
90,0,best,11,762,4.966040599857706,1
90,0,best,12,820,4.966040599857706,1
90,0,best,13,927,4.966040599857706,1
90,0,best,14,1011,4.966040599857706,1
90,0,hit,0,43,7.304107562439551,1
90,0,hit,1,77,7.304107562439551,1
90,0,hit,2,163,7.304107562439551,1
90,0,hit,3,238,7.304107562439551,1
90,0,hit,4,302,7.304107562439551,1
90,0,hit,5,368,7.304107562439551,1
90,0,hit,6,442,7.304107562439551,1
90,0,hit,7,515,7.304107562439551,1
90,0,hit,8,563,7.304107562439551,1
90,0,hit,9,631,7.304107562439551,1
90,0,hit,10,671,7.304107562439551,1
90,0,hit,11,743,7.304107562439551,1
90,0,hit,12,820,7.304107562439551,1
90,0,hit,13,913,7.304107562439551,1
90,0,hit,14,1007,7.304107562439551,1
90,1,best,0,58,33.20847608570658,1
90,1,best,1,104,33.20847608570658,1
90,1,best,2,192,33.20847608570658,1
90,1,best,3,255,33.20847608570658,1
90,1,best,4,307,33.20847608570658,1
90,1,best,5,325,33.20847608570658,1
90,1,best,6,430,33.20847608570658,1
90,1,best,7,517,33.20847608570658,1
90,1,best,8,592,33.20847608570658,1
90,1,best,9,677,33.20847608570658,1
90,1,best,10,687,33.20847608570658,1
90,1,best,11,822,33.20847608570658,1
90,1,best,12,892,33.20847608570658,1
90,1,best,13,984,33.20847608570658,1
90,1,best,14,1044,33.20847608570658,1
90,2,best,0,27,21.114037957755777,1
90,2,best,1,89,21.114037957755777,1
90,2,best,2,149,21.114037957755777,1
90,2,best,3,236,21.114037957755777,1
90,2,best,4,241,21.114037957755777,1
90,2,best,5,355,21.114037957755777,1
90,2,best,6,377,21.114037957755777,1
90,2,best,7,465,21.114037957755777,1
90,2,best,8,564,21.114037957755777,1
90,2,best,9,601,21.114037957755777,1
90,2,best,10,634,21.114037957755777,1
90,2,best,11,692,21.114037957755777,1
90,2,best,12,793,21.114037957755777,1
90,2,best,13,868,21.114037957755777,1
90,2,best,14,931,21.114037957755777,1
90,2,best,15,1003,21.114037957755777,1
90,3,best,0,0,14.061526113671917,1
90,3,best,1,104,14.061526113671917,1
90,3,best,2,162,14.061526113671917,1
90,3,best,3,261,14.061526113671917,1
90,3,best,4,294,14.061526113671917,1
90,3,best,5,344,14.061526113671917,1
90,3,best,6,406,14.061526113671917,1
90,3,best,7,489,14.061526113671917,1
90,3,best,8,560,14.061526113671917,1
90,3,best,9,578,14.061526113671917,1
90,3,best,10,694,14.061526113671917,1
90,3,best,11,771,14.061526113671917,1
90,3,best,12,844,14.061526113671917,1
90,3,best,13,897,14.061526113671917,1
90,3,best,14,917,14.061526113671917,1
90,3,best,15,1027,14.061526113671917,1
91,0,best,0,49,7.583163973762119,1
91,0,best,1,60,7.583163973762119,1
91,0,best,2,167,7.583163973762119,1
91,0,best,3,197,7.583163973762119,1
91,0,best,4,299,7.583163973762119,1
91,0,best,5,334,7.583163973762119,1
91,0,best,6,402,7.583163973762119,1
91,0,best,7,466,7.583163973762119,1
91,0,best,8,525,7.583163973762119,1
91,0,best,9,583,7.583163973762119,1
91,0,best,10,645,7.583163973762119,1
91,0,best,11,762,7.583163973762119,1
91,0,best,12,829,7.583163973762119,1
91,0,best,13,928,7.583163973762119,1
91,0,best,14,1007,7.583163973762119,1
91,0,hit,0,45,9.89106145844586,1
91,0,hit,1,115,9.89106145844586,1
91,0,hit,2,167,9.89106145844586,1
91,0,hit,3,197,9.89106145844586,1
91,0,hit,4,263,9.89106145844586,1
91,0,hit,5,334,9.89106145844586,1
91,0,hit,6,402,9.89106145844586,1
91,0,hit,7,466,9.89106145844586,1
91,0,hit,8,525,9.89106145844586,1
91,0,hit,9,583,9.89106145844586,1
91,0,hit,10,645,9.89106145844586,1
91,0,hit,11,762,9.89106145844586,1
91,0,hit,12,849,9.89106145844586,1
91,0,hit,13,924,9.89106145844586,1
91,0,hit,14,1007,9.89106145844586,1
91,1,best,0,37,15.60223114311691,1
91,1,best,1,105,15.60223114311691,1
91,1,best,2,184,15.60223114311691,1
91,1,best,3,259,15.60223114311691,1
91,1,best,4,304,15.60223114311691,1
91,1,best,5,367,15.60223114311691,1
91,1,best,6,457,15.60223114311691,1
91,1,best,7,504,15.60223114311691,1
91,1,best,8,592,15.60223114311691,1
91,1,best,9,685,15.60223114311691,1
91,1,best,10,687,15.60223114311691,1
91,1,best,11,802,15.60223114311691,1
91,1,best,12,869,15.60223114311691,1
91,1,best,13,975,15.60223114311691,1
91,1,best,14,1044,15.60223114311691,1
91,2,best,0,18,15.956117207014238,1
91,2,best,1,79,15.956117207014238,1
91,2,best,2,117,15.956117207014238,1
91,2,best,3,180,15.956117207014238,1
91,2,best,4,241,15.956117207014238,1
91,2,best,5,314,15.956117207014238,1
91,2,best,6,377,15.956117207014238,1
91,2,best,7,488,15.956117207014238,1
91,2,best,8,564,15.956117207014238,1
91,2,best,9,609,15.956117207014238,1
91,2,best,10,634,15.956117207014238,1
91,2,best,11,692,15.956117207014238,1
91,2,best,12,756,15.956117207014238,1
91,2,best,13,819,15.956117207014238,1
91,2,best,14,880,15.956117207014238,1
91,2,best,15,993,15.956117207014238,1
91,3,best,0,13,23.355550293687713,1
91,3,best,1,78,23.355550293687713,1
91,3,best,2,126,23.355550293687713,1
91,3,best,3,199,23.355550293687713,1
91,3,best,4,266,23.355550293687713,1
91,3,best,5,330,23.355550293687713,1
91,3,best,6,399,23.355550293687713,1
91,3,best,7,489,23.355550293687713,1
91,3,best,8,573,23.355550293687713,1
91,3,best,9,640,23.355550293687713,1
91,3,best,10,686,23.355550293687713,1
91,3,best,11,776,23.355550293687713,1
91,3,best,12,846,23.355550293687713,1
91,3,best,13,908,23.355550293687713,1
91,3,best,14,917,23.355550293687713,1
91,3,best,15,984,23.355550293687713,1
92,0,best,0,55,6.8094383279883095,1
92,0,best,1,75,6.8094383279883095,1
92,0,best,2,186,6.8094383279883095,1
92,0,best,3,228,6.8094383279883095,1
92,0,best,4,264,6.8094383279883095,1
92,0,best,5,388,6.8094383279883095,1
92,0,best,6,415,6.8094383279883095,1
92,0,best,7,479,6.8094383279883095,1
92,0,best,8,553,6.8094383279883095,1
92,0,best,9,617,6.8094383279883095,1
92,0,best,10,682,6.8094383279883095,1
92,0,best,11,773,6.8094383279883095,1
92,0,best,12,847,6.8094383279883095,1
92,0,best,13,927,6.8094383279883095,1
92,0,best,14,1009,6.8094383279883095,1
92,0,hit,0,1,11.920023330456853,1
92,0,hit,1,111,11.920023330456853,1
92,0,hit,2,176,11.920023330456853,1
92,0,hit,3,257,11.920023330456853,1
92,0,hit,4,331,11.920023330456853,1
92,0,hit,5,368,11.920023330456853,1
92,0,hit,6,461,11.920023330456853,1
92,0,hit,7,518,11.920023330456853,1
92,0,hit,8,566,11.920023330456853,1
92,0,hit,9,583,11.920023330456853,1
92,0,hit,10,700,11.920023330456853,1
92,0,hit,11,743,11.920023330456853,1
92,0,hit,12,847,11.920023330456853,1
92,0,hit,13,862,11.920023330456853,1
92,0,hit,14,1007,11.920023330456853,1
92,1,best,0,53,27.73288463741283,1
92,1,best,1,82,27.73288463741283,1
92,1,best,2,178,27.73288463741283,1
92,1,best,3,239,27.73288463741283,1
92,1,best,4,263,27.73288463741283,1
92,1,best,5,362,27.73288463741283,1
92,1,best,6,459,27.73288463741283,1
92,1,best,7,504,27.73288463741283,1
92,1,best,8,561,27.73288463741283,1
92,1,best,9,679,27.73288463741283,1
92,1,best,10,687,27.73288463741283,1
92,1,best,11,791,27.73288463741283,1
92,1,best,12,879,27.73288463741283,1
92,1,best,13,975,27.73288463741283,1
92,1,best,14,1052,27.73288463741283,1
92,2,best,0,19,24.73197334252736,1
92,2,best,1,108,24.73197334252736,1
92,2,best,2,178,24.73197334252736,1
92,2,best,3,240,24.73197334252736,1
92,2,best,4,241,24.73197334252736,1
92,2,best,5,323,24.73197334252736,1
92,2,best,6,394,24.73197334252736,1
92,2,best,7,491,24.73197334252736,1
92,2,best,8,564,24.73197334252736,1
92,2,best,9,600,24.73197334252736,1
92,2,best,10,634,24.73197334252736,1
92,2,best,11,692,24.73197334252736,1
92,2,best,12,794,24.73197334252736,1
92,2,best,13,819,24.73197334252736,1
92,2,best,14,935,24.73197334252736,1
92,2,best,15,1000,24.73197334252736,1
92,3,best,0,0,14.88096012639449,1
92,3,best,1,62,14.88096012639449,1
92,3,best,2,125,14.88096012639449,1
92,3,best,3,198,14.88096012639449,1
92,3,best,4,262,14.88096012639449,1
92,3,best,5,329,14.88096012639449,1
92,3,best,6,396,14.88096012639449,1
92,3,best,7,458,14.88096012639449,1
92,3,best,8,517,14.88096012639449,1
92,3,best,9,578,14.88096012639449,1
92,3,best,10,650,14.88096012639449,1
92,3,best,11,714,14.88096012639449,1
92,3,best,12,781,14.88096012639449,1
92,3,best,13,847,14.88096012639449,1
92,3,best,14,917,14.88096012639449,1
92,3,best,15,984,14.88096012639449,1
93,0,best,0,34,8.305710372434238,1
93,0,best,1,83,8.305710372434238,1
93,0,best,2,143,8.305710372434238,1
93,0,best,3,253,8.305710372434238,1
93,0,best,4,263,8.305710372434238,1
93,0,best,5,334,8.305710372434238,1
93,0,best,6,402,8.305710372434238,1
93,0,best,7,466,8.305710372434238,1
93,0,best,8,525,8.305710372434238,1
93,0,best,9,583,8.305710372434238,1
93,0,best,10,645,8.305710372434238,1
93,0,best,11,776,8.305710372434238,1
93,0,best,12,790,8.305710372434238,1
93,0,best,13,877,8.305710372434238,1
93,0,best,14,1012,8.305710372434238,1
93,1,best,0,29,7.420163618854888,1
93,1,best,1,133,7.420163618854888,1
93,1,best,2,162,7.420163618854888,1
93,1,best,3,259,7.420163618854888,1
93,1,best,4,307,7.420163618854888,1
93,1,best,5,362,7.420163618854888,1
93,1,best,6,452,7.420163618854888,1
93,1,best,7,517,7.420163618854888,1
93,1,best,8,592,7.420163618854888,1
93,1,best,9,681,7.420163618854888,1
93,1,best,10,737,7.420163618854888,1
93,1,best,11,799,7.420163618854888,1
93,1,best,12,879,7.420163618854888,1
93,1,best,13,981,7.420163618854888,1
93,1,best,14,1035,7.420163618854888,1
93,1,hit,0,29,7.420163618854888,1
93,1,hit,1,133,7.420163618854888,1
93,1,hit,2,162,7.420163618854888,1
93,1,hit,3,259,7.420163618854888,1
93,1,hit,4,307,7.420163618854888,1
93,1,hit,5,362,7.420163618854888,1
93,1,hit,6,452,7.420163618854888,1
93,1,hit,7,517,7.420163618854888,1
93,1,hit,8,592,7.420163618854888,1
93,1,hit,9,681,7.420163618854888,1
93,1,hit,10,737,7.420163618854888,1
93,1,hit,11,799,7.420163618854888,1
93,1,hit,12,879,7.420163618854888,1
93,1,hit,13,981,7.420163618854888,1
93,1,hit,14,1035,7.420163618854888,1
93,2,best,0,45,12.813705241496487,1
93,2,best,1,88,12.813705241496487,1
93,2,best,2,162,12.813705241496487,1
93,2,best,3,180,12.813705241496487,1
93,2,best,4,241,12.813705241496487,1
93,2,best,5,314,12.813705241496487,1
93,2,best,6,413,12.813705241496487,1
93,2,best,7,441,12.813705241496487,1
93,2,best,8,564,12.813705241496487,1
93,2,best,9,612,12.813705241496487,1
93,2,best,10,634,12.813705241496487,1
93,2,best,11,692,12.813705241496487,1
93,2,best,12,807,12.813705241496487,1
93,2,best,13,819,12.813705241496487,1
93,2,best,14,880,12.813705241496487,1
93,2,best,15,940,12.813705241496487,1
93,3,best,0,13,25.136209364900854,1
93,3,best,1,95,25.136209364900854,1
93,3,best,2,184,25.136209364900854,1
93,3,best,3,199,25.136209364900854,1
93,3,best,4,266,25.136209364900854,1
93,3,best,5,330,25.136209364900854,1
93,3,best,6,399,25.136209364900854,1
93,3,best,7,458,25.136209364900854,1
93,3,best,8,517,25.136209364900854,1
93,3,best,9,640,25.136209364900854,1
93,3,best,10,701,25.136209364900854,1
93,3,best,11,751,25.136209364900854,1
93,3,best,12,832,25.136209364900854,1
93,3,best,13,901,25.136209364900854,1
93,3,best,14,976,25.136209364900854,1
93,3,best,15,984,25.136209364900854,1
94,0,best,0,13,8.91207661148588,1
94,0,best,1,95,8.91207661148588,1
94,0,best,2,127,8.91207661148588,1
94,0,best,3,260,8.91207661148588,1
94,0,best,4,266,8.91207661148588,1
94,0,best,5,334,8.91207661148588,1
94,0,best,6,445,8.91207661148588,1
94,0,best,7,488,8.91207661148588,1
94,0,best,8,582,8.91207661148588,1
94,0,best,9,615,8.91207661148588,1
94,0,best,10,645,8.91207661148588,1
94,0,best,11,758,8.91207661148588,1
94,0,best,12,826,8.91207661148588,1
94,0,best,13,913,8.91207661148588,1
94,0,best,14,1007,8.91207661148588,1
94,0,hit,0,54,14.477370392460358,1
94,0,hit,1,77,14.477370392460358,1
94,0,hit,2,188,14.477370392460358,1
94,0,hit,3,228,14.477370392460358,1
94,0,hit,4,321,14.477370392460358,1
94,0,hit,5,361,14.477370392460358,1
94,0,hit,6,455,14.477370392460358,1
94,0,hit,7,508,14.477370392460358,1
94,0,hit,8,525,14.477370392460358,1
94,0,hit,9,583,14.477370392460358,1
94,0,hit,10,645,14.477370392460358,1
94,0,hit,11,774,14.477370392460358,1
94,0,hit,12,821,14.477370392460358,1
94,0,hit,13,917,14.477370392460358,1
94,0,hit,14,1007,14.477370392460358,1
94,1,best,0,12,29.666005309442127,1
94,1,best,1,113,29.666005309442127,1
94,1,best,2,166,29.666005309442127,1
94,1,best,3,207,29.666005309442127,1
94,1,best,4,282,29.666005309442127,1
94,1,best,5,387,29.666005309442127,1
94,1,best,6,448,29.666005309442127,1
94,1,best,7,500,29.666005309442127,1
94,1,best,8,593,29.666005309442127,1
94,1,best,9,680,29.666005309442127,1
94,1,best,10,687,29.666005309442127,1
94,1,best,11,822,29.666005309442127,1
94,1,best,12,869,29.666005309442127,1
94,1,best,13,984,29.666005309442127,1
94,1,best,14,1017,29.666005309442127,1
94,2,best,0,15,25.053809034939636,1
94,2,best,1,89,25.053809034939636,1
94,2,best,2,125,25.053809034939636,1
94,2,best,3,194,25.053809034939636,1
94,2,best,4,310,25.053809034939636,1
94,2,best,5,375,25.053809034939636,1
94,2,best,6,411,25.053809034939636,1
94,2,best,7,478,25.053809034939636,1
94,2,best,8,527,25.053809034939636,1
94,2,best,9,609,25.053809034939636,1
94,2,best,10,687,25.053809034939636,1
94,2,best,11,692,25.053809034939636,1
94,2,best,12,794,25.053809034939636,1
94,2,best,13,819,25.053809034939636,1
94,2,best,14,880,25.053809034939636,1
94,2,best,15,1001,25.053809034939636,1
94,3,best,0,53,13.966222186283304,1
94,3,best,1,107,13.966222186283304,1
94,3,best,2,158,13.966222186283304,1
94,3,best,3,236,13.966222186283304,1
94,3,best,4,328,13.966222186283304,1
94,3,best,5,359,13.966222186283304,1
94,3,best,6,419,13.966222186283304,1
94,3,best,7,498,13.966222186283304,1
94,3,best,8,517,13.966222186283304,1
94,3,best,9,578,13.966222186283304,1
94,3,best,10,693,13.966222186283304,1
94,3,best,11,780,13.966222186283304,1
94,3,best,12,846,13.966222186283304,1
94,3,best,13,907,13.966222186283304,1
94,3,best,14,917,13.966222186283304,1
94,3,best,15,984,13.966222186283304,1
95,0,best,0,13,6.779796582455461,1
95,0,best,1,95,6.779796582455461,1
95,0,best,2,127,6.779796582455461,1
95,0,best,3,260,6.779796582455461,1
95,0,best,4,266,6.779796582455461,1
95,0,best,5,334,6.779796582455461,1
95,0,best,6,445,6.779796582455461,1
95,0,best,7,488,6.779796582455461,1
95,0,best,8,582,6.779796582455461,1
95,0,best,9,615,6.779796582455461,1
95,0,best,10,645,6.779796582455461,1
95,0,best,11,758,6.779796582455461,1
95,0,best,12,826,6.779796582455461,1
95,0,best,13,913,6.779796582455461,1
95,0,best,14,1007,6.779796582455461,1
95,0,hit,0,13,12.32763818056224,1
95,0,hit,1,75,12.32763818056224,1
95,0,hit,2,191,12.32763818056224,1
95,0,hit,3,244,12.32763818056224,1
95,0,hit,4,316,12.32763818056224,1
95,0,hit,5,361,12.32763818056224,1
95,0,hit,6,402,12.32763818056224,1
95,0,hit,7,473,12.32763818056224,1
95,0,hit,8,525,12.32763818056224,1
95,0,hit,9,583,12.32763818056224,1
95,0,hit,10,645,12.32763818056224,1
95,0,hit,11,743,12.32763818056224,1
95,0,hit,12,846,12.32763818056224,1
95,0,hit,13,924,12.32763818056224,1
95,0,hit,14,1007,12.32763818056224,1
95,1,best,0,14,25.039749960728376,1
95,1,best,1,76,25.039749960728376,1
95,1,best,2,168,25.039749960728376,1
95,1,best,3,258,25.039749960728376,1
95,1,best,4,319,25.039749960728376,1
95,1,best,5,325,25.039749960728376,1
95,1,best,6,461,25.039749960728376,1
95,1,best,7,530,25.039749960728376,1
95,1,best,8,592,25.039749960728376,1
95,1,best,9,673,25.039749960728376,1
95,1,best,10,687,25.039749960728376,1
95,1,best,11,803,25.039749960728376,1
95,1,best,12,897,25.039749960728376,1
95,1,best,13,975,25.039749960728376,1
95,1,best,14,985,25.039749960728376,1
95,2,best,0,1,22.516165708354183,1
95,2,best,1,69,22.516165708354183,1
95,2,best,2,178,22.516165708354183,1
95,2,best,3,236,22.516165708354183,1
95,2,best,4,241,22.516165708354183,1
95,2,best,5,367,22.516165708354183,1
95,2,best,6,422,22.516165708354183,1
95,2,best,7,489,22.516165708354183,1
95,2,best,8,554,22.516165708354183,1
95,2,best,9,569,22.516165708354183,1
95,2,best,10,634,22.516165708354183,1
95,2,best,11,692,22.516165708354183,1
95,2,best,12,756,22.516165708354183,1
95,2,best,13,819,22.516165708354183,1
95,2,best,14,890,22.516165708354183,1
95,2,best,15,940,22.516165708354183,1
95,3,best,0,0,16.651976629124626,1
95,3,best,1,108,16.651976629124626,1
95,3,best,2,148,16.651976629124626,1
95,3,best,3,236,16.651976629124626,1
95,3,best,4,287,16.651976629124626,1
95,3,best,5,359,16.651976629124626,1
95,3,best,6,399,16.651976629124626,1
95,3,best,7,512,16.651976629124626,1
95,3,best,8,517,16.651976629124626,1
95,3,best,9,606,16.651976629124626,1
95,3,best,10,693,16.651976629124626,1
95,3,best,11,776,16.651976629124626,1
95,3,best,12,839,16.651976629124626,1
95,3,best,13,847,16.651976629124626,1
95,3,best,14,917,16.651976629124626,1
95,3,best,15,984,16.651976629124626,1
96,0,best,0,1,9.904877557998566,1
96,0,best,1,124,9.904877557998566,1
96,0,best,2,181,9.904877557998566,1
96,0,best,3,239,9.904877557998566,1
96,0,best,4,323,9.904877557998566,1
96,0,best,5,340,9.904877557998566,1
96,0,best,6,402,9.904877557998566,1
96,0,best,7,497,9.904877557998566,1
96,0,best,8,566,9.904877557998566,1
96,0,best,9,638,9.904877557998566,1
96,0,best,10,704,9.904877557998566,1
96,0,best,11,762,9.904877557998566,1
96,0,best,12,820,9.904877557998566,1
96,0,best,13,924,9.904877557998566,1
96,0,best,14,1007,9.904877557998566,1
96,0,hit,0,28,13.724887842329718,1
96,0,hit,1,100,13.724887842329718,1
96,0,hit,2,127,13.724887842329718,1
96,0,hit,3,251,13.724887842329718,1
96,0,hit,4,277,13.724887842329718,1
96,0,hit,5,361,13.724887842329718,1
96,0,hit,6,455,13.724887842329718,1
96,0,hit,7,466,13.724887842329718,1
96,0,hit,8,551,13.724887842329718,1
96,0,hit,9,632,13.724887842329718,1
96,0,hit,10,645,13.724887842329718,1
96,0,hit,11,743,13.724887842329718,1
96,0,hit,12,834,13.724887842329718,1
96,0,hit,13,917,13.724887842329718,1
96,0,hit,14,1007,13.724887842329718,1
96,1,best,0,58,31.9358988547582,1
96,1,best,1,104,31.9358988547582,1
96,1,best,2,192,31.9358988547582,1
96,1,best,3,255,31.9358988547582,1
96,1,best,4,307,31.9358988547582,1
96,1,best,5,325,31.9358988547582,1
96,1,best,6,430,31.9358988547582,1
96,1,best,7,517,31.9358988547582,1
96,1,best,8,592,31.9358988547582,1
96,1,best,9,677,31.9358988547582,1
96,1,best,10,687,31.9358988547582,1
96,1,best,11,822,31.9358988547582,1
96,1,best,12,892,31.9358988547582,1
96,1,best,13,984,31.9358988547582,1
96,1,best,14,1044,31.9358988547582,1
96,2,best,0,10,24.17577777834123,1
96,2,best,1,76,24.17577777834123,1
96,2,best,2,146,24.17577777834123,1
96,2,best,3,236,24.17577777834123,1
96,2,best,4,241,24.17577777834123,1
96,2,best,5,326,24.17577777834123,1
96,2,best,6,403,24.17577777834123,1
96,2,best,7,451,24.17577777834123,1
96,2,best,8,505,24.17577777834123,1
96,2,best,9,569,24.17577777834123,1
96,2,best,10,634,24.17577777834123,1
96,2,best,11,692,24.17577777834123,1
96,2,best,12,803,24.17577777834123,1
96,2,best,13,839,24.17577777834123,1
96,2,best,14,928,24.17577777834123,1
96,2,best,15,962,24.17577777834123,1
96,3,best,0,0,16.01729542015642,1
96,3,best,1,62,16.01729542015642,1
96,3,best,2,125,16.01729542015642,1
96,3,best,3,198,16.01729542015642,1
96,3,best,4,262,16.01729542015642,1
96,3,best,5,329,16.01729542015642,1
96,3,best,6,396,16.01729542015642,1
96,3,best,7,458,16.01729542015642,1
96,3,best,8,517,16.01729542015642,1
96,3,best,9,578,16.01729542015642,1
96,3,best,10,650,16.01729542015642,1
96,3,best,11,714,16.01729542015642,1
96,3,best,12,781,16.01729542015642,1
96,3,best,13,847,16.01729542015642,1
96,3,best,14,917,16.01729542015642,1
96,3,best,15,984,16.01729542015642,1
97,0,best,0,43,8.139802384735182,1
97,0,best,1,77,8.139802384735182,1
97,0,best,2,163,8.139802384735182,1
97,0,best,3,238,8.139802384735182,1
97,0,best,4,302,8.139802384735182,1
97,0,best,5,368,8.139802384735182,1
97,0,best,6,442,8.139802384735182,1
97,0,best,7,515,8.139802384735182,1
97,0,best,8,563,8.139802384735182,1
97,0,best,9,631,8.139802384735182,1
97,0,best,10,671,8.139802384735182,1
97,0,best,11,743,8.139802384735182,1
97,0,best,12,820,8.139802384735182,1
97,0,best,13,913,8.139802384735182,1
97,0,best,14,1007,8.139802384735182,1
97,0,hit,0,43,8.139802384735182,1
97,0,hit,1,77,8.139802384735182,1
97,0,hit,2,163,8.139802384735182,1
97,0,hit,3,238,8.139802384735182,1
97,0,hit,4,302,8.139802384735182,1
97,0,hit,5,368,8.139802384735182,1
97,0,hit,6,442,8.139802384735182,1
97,0,hit,7,515,8.139802384735182,1
97,0,hit,8,563,8.139802384735182,1
97,0,hit,9,631,8.139802384735182,1
97,0,hit,10,671,8.139802384735182,1
97,0,hit,11,743,8.139802384735182,1
97,0,hit,12,820,8.139802384735182,1
97,0,hit,13,913,8.139802384735182,1
97,0,hit,14,1007,8.139802384735182,1
97,1,best,0,17,33.645630859650716,1
97,1,best,1,65,33.645630859650716,1
97,1,best,2,168,33.645630859650716,1
97,1,best,3,216,33.645630859650716,1
97,1,best,4,315,33.645630859650716,1
97,1,best,5,325,33.645630859650716,1
97,1,best,6,466,33.645630859650716,1
97,1,best,7,504,33.645630859650716,1
97,1,best,8,592,33.645630859650716,1
97,1,best,9,686,33.645630859650716,1
97,1,best,10,687,33.645630859650716,1
97,1,best,11,826,33.645630859650716,1
97,1,best,12,895,33.645630859650716,1
97,1,best,13,976,33.645630859650716,1
97,1,best,14,1028,33.645630859650716,1
97,2,best,0,52,28.909199840651137,1
97,2,best,1,104,28.909199840651137,1
97,2,best,2,147,28.909199840651137,1
97,2,best,3,234,28.909199840651137,1
97,2,best,4,241,28.909199840651137,1
97,2,best,5,359,28.909199840651137,1
97,2,best,6,377,28.909199840651137,1
97,2,best,7,502,28.909199840651137,1
97,2,best,8,564,28.909199840651137,1
97,2,best,9,569,28.909199840651137,1
97,2,best,10,634,28.909199840651137,1
97,2,best,11,692,28.909199840651137,1
97,2,best,12,815,28.909199840651137,1
97,2,best,13,819,28.909199840651137,1
97,2,best,14,884,28.909199840651137,1
97,2,best,15,999,28.909199840651137,1
97,3,best,0,61,21.14657472920393,1
97,3,best,1,62,21.14657472920393,1
97,3,best,2,181,21.14657472920393,1
97,3,best,3,201,21.14657472920393,1
97,3,best,4,295,21.14657472920393,1
97,3,best,5,342,21.14657472920393,1
97,3,best,6,415,21.14657472920393,1
97,3,best,7,491,21.14657472920393,1
97,3,best,8,541,21.14657472920393,1
97,3,best,9,630,21.14657472920393,1
97,3,best,10,713,21.14657472920393,1
97,3,best,11,776,21.14657472920393,1
97,3,best,12,834,21.14657472920393,1
97,3,best,13,897,21.14657472920393,1
97,3,best,14,983,21.14657472920393,1
97,3,best,15,1032,21.14657472920393,1
98,0,best,0,20,3.488014502808981,1
98,0,best,1,105,3.488014502808981,1
98,0,best,2,143,3.488014502808981,1
98,0,best,3,216,3.488014502808981,1
98,0,best,4,263,3.488014502808981,1
98,0,best,5,334,3.488014502808981,1
98,0,best,6,402,3.488014502808981,1
98,0,best,7,466,3.488014502808981,1
98,0,best,8,525,3.488014502808981,1
98,0,best,9,583,3.488014502808981,1
98,0,best,10,645,3.488014502808981,1
98,0,best,11,743,3.488014502808981,1
98,0,best,12,820,3.488014502808981,1
98,0,best,13,913,3.488014502808981,1
98,0,best,14,1007,3.488014502808981,1
98,0,hit,0,49,5.528280422051846,1
98,0,hit,1,105,5.528280422051846,1
98,0,hit,2,167,5.528280422051846,1
98,0,hit,3,197,5.528280422051846,1
98,0,hit,4,263,5.528280422051846,1
98,0,hit,5,334,5.528280422051846,1
98,0,hit,6,402,5.528280422051846,1
98,0,hit,7,466,5.528280422051846,1
98,0,hit,8,525,5.528280422051846,1
98,0,hit,9,583,5.528280422051846,1
98,0,hit,10,645,5.528280422051846,1
98,0,hit,11,743,5.528280422051846,1
98,0,hit,12,822,5.528280422051846,1
98,0,hit,13,923,5.528280422051846,1
98,0,hit,14,1007,5.528280422051846,1
98,1,best,0,20,10.117219283236148,1
98,1,best,1,104,10.117219283236148,1
98,1,best,2,168,10.117219283236148,1
98,1,best,3,259,10.117219283236148,1
98,1,best,4,307,10.117219283236148,1
98,1,best,5,367,10.117219283236148,1
98,1,best,6,452,10.117219283236148,1
98,1,best,7,515,10.117219283236148,1
98,1,best,8,592,10.117219283236148,1
98,1,best,9,625,10.117219283236148,1
98,1,best,10,687,10.117219283236148,1
98,1,best,11,823,10.117219283236148,1
98,1,best,12,892,10.117219283236148,1
98,1,best,13,977,10.117219283236148,1
98,1,best,14,1042,10.117219283236148,1
98,2,best,0,9,11.53908621951816,1
98,2,best,1,76,11.53908621951816,1
98,2,best,2,117,11.53908621951816,1
98,2,best,3,236,11.53908621951816,1
98,2,best,4,241,11.53908621951816,1
98,2,best,5,314,11.53908621951816,1
98,2,best,6,377,11.53908621951816,1
98,2,best,7,441,11.53908621951816,1
98,2,best,8,564,11.53908621951816,1
98,2,best,9,569,11.53908621951816,1
98,2,best,10,634,11.53908621951816,1
98,2,best,11,692,11.53908621951816,1
98,2,best,12,756,11.53908621951816,1
98,2,best,13,819,11.53908621951816,1
98,2,best,14,880,11.53908621951816,1
98,2,best,15,940,11.53908621951816,1
98,3,best,0,13,21.517163615842104,1
98,3,best,1,78,21.517163615842104,1
98,3,best,2,126,21.517163615842104,1
98,3,best,3,199,21.517163615842104,1
98,3,best,4,266,21.517163615842104,1
98,3,best,5,330,21.517163615842104,1
98,3,best,6,399,21.517163615842104,1
98,3,best,7,489,21.517163615842104,1
98,3,best,8,573,21.517163615842104,1
98,3,best,9,640,21.517163615842104,1
98,3,best,10,686,21.517163615842104,1
98,3,best,11,776,21.517163615842104,1
98,3,best,12,846,21.517163615842104,1
98,3,best,13,908,21.517163615842104,1
98,3,best,14,917,21.517163615842104,1
98,3,best,15,984,21.517163615842104,1
99,0,best,0,22,6.620118559622989,1
99,0,best,1,79,6.620118559622989,1
99,0,best,2,164,6.620118559622989,1
99,0,best,3,243,6.620118559622989,1
99,0,best,4,299,6.620118559622989,1
99,0,best,5,334,6.620118559622989,1
99,0,best,6,402,6.620118559622989,1
99,0,best,7,466,6.620118559622989,1
99,0,best,8,563,6.620118559622989,1
99,0,best,9,638,6.620118559622989,1
99,0,best,10,645,6.620118559622989,1
99,0,best,11,768,6.620118559622989,1
99,0,best,12,855,6.620118559622989,1
99,0,best,13,928,6.620118559622989,1
99,0,best,14,1007,6.620118559622989,1
99,0,hit,0,42,9.071169512778665,1
99,0,hit,1,63,9.071169512778665,1
99,0,hit,2,178,9.071169512778665,1
99,0,hit,3,255,9.071169512778665,1
99,0,hit,4,299,9.071169512778665,1
99,0,hit,5,334,9.071169512778665,1
99,0,hit,6,402,9.071169512778665,1
99,0,hit,7,466,9.071169512778665,1
99,0,hit,8,582,9.071169512778665,1
99,0,hit,9,602,9.071169512778665,1
99,0,hit,10,645,9.071169512778665,1
99,0,hit,11,762,9.071169512778665,1
99,0,hit,12,826,9.071169512778665,1
99,0,hit,13,924,9.071169512778665,1
99,0,hit,14,1007,9.071169512778665,1
99,1,best,0,37,22.021670315643544,1
99,1,best,1,105,22.021670315643544,1
99,1,best,2,184,22.021670315643544,1
99,1,best,3,259,22.021670315643544,1
99,1,best,4,304,22.021670315643544,1
99,1,best,5,367,22.021670315643544,1
99,1,best,6,457,22.021670315643544,1
99,1,best,7,504,22.021670315643544,1
99,1,best,8,592,22.021670315643544,1
99,1,best,9,685,22.021670315643544,1
99,1,best,10,687,22.021670315643544,1
99,1,best,11,802,22.021670315643544,1
99,1,best,12,869,22.021670315643544,1
99,1,best,13,975,22.021670315643544,1
99,1,best,14,1044,22.021670315643544,1
99,2,best,0,15,18.7378567490466,1
99,2,best,1,99,18.7378567490466,1
99,2,best,2,165,18.7378567490466,1
99,2,best,3,234,18.7378567490466,1
99,2,best,4,241,18.7378567490466,1
99,2,best,5,326,18.7378567490466,1
99,2,best,6,411,18.7378567490466,1
99,2,best,7,478,18.7378567490466,1
99,2,best,8,564,18.7378567490466,1
99,2,best,9,607,18.7378567490466,1
99,2,best,10,634,18.7378567490466,1
99,2,best,11,692,18.7378567490466,1
99,2,best,12,756,18.7378567490466,1
99,2,best,13,819,18.7378567490466,1
99,2,best,14,880,18.7378567490466,1
99,2,best,15,940,18.7378567490466,1
99,3,best,0,50,18.268186183187225,1
99,3,best,1,97,18.268186183187225,1
99,3,best,2,136,18.268186183187225,1
99,3,best,3,212,18.268186183187225,1
99,3,best,4,322,18.268186183187225,1
99,3,best,5,330,18.268186183187225,1
99,3,best,6,450,18.268186183187225,1
99,3,best,7,498,18.268186183187225,1
99,3,best,8,517,18.268186183187225,1
99,3,best,9,578,18.268186183187225,1
99,3,best,10,650,18.268186183187225,1
99,3,best,11,775,18.268186183187225,1
99,3,best,12,846,18.268186183187225,1
99,3,best,13,907,18.268186183187225,1
99,3,best,14,917,18.268186183187225,1
99,3,best,15,984,18.268186183187225,1
