tile_id,x0,y0,x1,y1,n_cells,status,niche,umap1,umap2,query_idx
0,7287.905059707165,5303.418811673671,7522.92998046875,5474.379345703125,114,train,2,5.232074737548828,11.933269500732422,-1
1,7170.392599326372,5388.899078688399,7287.905059707165,5474.379345703125,50,train,2,5.300714015960693,12.007513999938965,-1
2,7052.880138945579,5388.899078688399,7170.392599326372,5474.379345703125,78,train,3,8.168604850769043,8.950583457946777,-1
3,7170.392599326372,5303.418811673671,7287.905059707165,5388.899078688399,47,train,2,5.672530651092529,11.966470718383789,-1
4,7052.880138945579,5303.418811673671,7170.392599326372,5388.899078688399,78,train,3,8.466666221618652,8.877737998962402,-1
5,7405.417520087957,5217.938544658944,7522.92998046875,5303.418811673671,91,train,2,7.276760101318359,10.912920951843262,-1
6,7287.905059707165,5217.938544658944,7405.417520087957,5303.418811673671,36,train,1,1.9221144914627075,6.830027103424072,-1
7,7405.417520087957,5132.458277644217,7522.92998046875,5217.938544658944,51,train,3,7.935191631317139,10.904258728027344,-1
8,7287.905059707165,5132.458277644217,7405.417520087957,5217.938544658944,68,train,2,6.8394694328308105,11.70769214630127,-1
9,7170.392599326372,5217.938544658944,7287.905059707165,5303.418811673671,47,train,0,6.950375080108643,3.280723810195923,-1
10,7052.880138945579,5217.938544658944,7170.392599326372,5303.418811673671,72,train,3,7.9070329666137695,10.340353012084961,-1
11,7170.392599326372,5132.458277644217,7287.905059707165,5217.938544658944,62,train,2,6.466509819030762,12.10883903503418,-1
12,7052.880138945579,5132.458277644217,7170.392599326372,5217.938544658944,73,train,2,5.705399513244629,12.245582580566406,-1
13,6817.855218183994,5303.418811673671,7052.880138945579,5474.379345703125,164,train,2,5.211123466491699,12.490979194641113,-1
14,6582.830297422409,5303.418811673671,6817.855218183994,5474.379345703125,28,train,1,1.6070228815078735,6.6992034912109375,-1
15,6817.855218183994,5132.458277644217,7052.880138945579,5303.418811673671,147,train,2,5.199262619018555,12.149467468261719,-1
16,6582.830297422409,5132.458277644217,6817.855218183994,5303.418811673671,58,train,1,1.856262445449829,6.7010884284973145,-1
17,7405.417520087957,5046.978010629489,7522.92998046875,5132.458277644217,57,train,3,8.791940689086914,9.029926300048828,-1
18,7287.905059707165,5046.978010629489,7405.417520087957,5132.458277644217,58,train,3,8.48885440826416,8.905447959899902,-1
19,7405.417520087957,4961.497743614763,7522.92998046875,5046.978010629489,57,train,2,5.967641830444336,12.1976957321167,-1
20,7287.905059707165,4961.497743614763,7405.417520087957,5046.978010629489,51,train,2,6.1134538650512695,12.037403106689453,-1
21,7170.392599326372,5046.978010629489,7287.905059707165,5132.458277644217,45,heldout,-1,,,47
22,7052.880138945579,5046.978010629489,7170.392599326372,5132.458277644217,55,train,2,6.494555473327637,12.48867130279541,-1
23,7170.392599326372,4961.497743614763,7287.905059707165,5046.978010629489,50,train,2,6.302393436431885,12.208751678466797,-1
24,7052.880138945579,4961.497743614763,7170.392599326372,5046.978010629489,52,train,2,6.153069972991943,12.174750328063965,-1
25,7287.905059707165,4790.537209585309,7522.92998046875,4961.497743614763,81,train,1,2.035789728164673,6.868531227111816,-1
26,7170.392599326372,4876.017476600036,7287.905059707165,4961.497743614763,79,train,1,0.16217480599880219,7.716464519500732,-1
27,7052.880138945579,4876.017476600036,7170.392599326372,4961.497743614763,44,train,1,1.9779731035232544,6.893726348876953,-1
28,7170.392599326372,4790.537209585309,7287.905059707165,4876.017476600036,66,train,2,5.747613906860352,12.176159858703613,-1
29,7052.880138945579,4790.537209585309,7170.392599326372,4876.017476600036,20,train,1,1.5445530414581299,6.5194501876831055,-1
30,6817.855218183994,4961.497743614763,7052.880138945579,5132.458277644217,49,train,1,1.9465906620025635,6.96674919128418,-1
31,6582.830297422409,4961.497743614763,6817.855218183994,5132.458277644217,93,train,1,1.8587754964828491,6.881340026855469,-1
32,6817.855218183994,4790.537209585309,7052.880138945579,4961.497743614763,46,train,1,1.9922828674316406,6.769317150115967,-1
33,6700.3427578032015,4876.017476600036,6817.855218183994,4961.497743614763,29,train,1,1.8611966371536255,6.561136722564697,-1
34,6582.830297422409,4876.017476600036,6700.3427578032015,4961.497743614763,53,train,1,1.772789716720581,6.9651594161987305,-1
35,6700.3427578032015,4790.537209585309,6817.855218183994,4876.017476600036,69,train,2,5.268525123596191,12.028182029724121,-1
36,6582.830297422409,4790.537209585309,6700.3427578032015,4876.017476600036,67,train,2,6.542811393737793,11.875033378601074,-1
37,5642.730614376068,5132.458277644217,6112.780455899238,5474.379345703125,138,train,1,0.28702419996261597,8.80859661102295,-1
38,6347.805376660824,4961.497743614763,6582.830297422409,5132.458277644217,30,train,1,1.830704927444458,6.664098739624023,-1
39,6112.780455899238,4961.497743614763,6347.805376660824,5132.458277644217,28,train,1,1.7735975980758667,6.55816650390625,-1
40,6347.805376660824,4790.537209585309,6582.830297422409,4961.497743614763,183,train,2,5.2479705810546875,12.57156753540039,-1
41,6112.780455899238,4790.537209585309,6347.805376660824,4961.497743614763,72,train,1,0.9799391031265259,7.5647149085998535,-1
42,5642.730614376068,4790.537209585309,6112.780455899238,5132.458277644217,173,train,1,0.11052766442298889,8.991060256958008,-1
43,7287.905059707165,4619.576675555855,7522.92998046875,4790.537209585309,65,train,1,1.8053745031356812,6.9897871017456055,-1
44,7052.880138945579,4619.576675555855,7287.905059707165,4790.537209585309,61,train,1,1.93662428855896,6.879101276397705,-1
45,7287.905059707165,4448.616141526401,7522.92998046875,4619.576675555855,35,train,1,1.9554692506790161,6.637819290161133,-1
46,7052.880138945579,4448.616141526401,7287.905059707165,4619.576675555855,122,train,1,2.0706217288970947,7.025278091430664,-1
47,6817.855218183994,4619.576675555855,7052.880138945579,4790.537209585309,169,train,1,0.7967200875282288,8.958195686340332,-1
48,6700.3427578032015,4705.056942570582,6817.855218183994,4790.537209585309,58,train,2,6.414855480194092,12.294923782348633,-1
49,6582.830297422409,4705.056942570582,6700.3427578032015,4790.537209585309,62,train,3,8.705903053283691,8.906220436096191,-1
50,6700.3427578032015,4619.576675555855,6817.855218183994,4705.056942570582,73,train,2,6.392639636993408,12.258209228515625,-1
51,6582.830297422409,4619.576675555855,6700.3427578032015,4705.056942570582,68,train,3,8.762552261352539,10.097784996032715,-1
52,6935.367678564787,4534.096408541129,7052.880138945579,4619.576675555855,56,train,1,0.5265194177627563,7.501331329345703,-1
53,6817.855218183994,4534.096408541129,6935.367678564787,4619.576675555855,57,train,2,5.955386161804199,12.35301685333252,-1
54,6935.367678564787,4448.616141526401,7052.880138945579,4534.096408541129,57,train,1,0.3952470123767853,7.548205852508545,-1
55,6817.855218183994,4448.616141526401,6935.367678564787,4534.096408541129,69,train,2,5.4202680587768555,12.54814624786377,-1
56,6700.3427578032015,4534.096408541129,6817.855218183994,4619.576675555855,59,train,3,8.271645545959473,10.313523292541504,-1
57,6582.830297422409,4534.096408541129,6700.3427578032015,4619.576675555855,80,train,3,8.708846092224121,9.571099281311035,-1
58,6700.3427578032015,4448.616141526401,6817.855218183994,4534.096408541129,43,train,3,8.707298278808594,10.22036361694336,-1
59,6582.830297422409,4448.616141526401,6700.3427578032015,4534.096408541129,31,train,3,8.457656860351562,10.36707878112793,-1
60,7052.880138945579,4106.695073467493,7522.92998046875,4448.616141526401,116,train,1,0.9220060706138611,8.732648849487305,-1
61,6935.367678564787,4363.135874511674,7052.880138945579,4448.616141526401,66,train,1,0.352529376745224,7.684638977050781,-1
62,6817.855218183994,4363.135874511674,6935.367678564787,4448.616141526401,69,train,2,6.668604850769043,11.52245044708252,-1
63,6935.367678564787,4277.655607496947,7052.880138945579,4363.135874511674,54,train,1,1.944766640663147,6.821101665496826,-1
64,6817.855218183994,4277.655607496947,6935.367678564787,4363.135874511674,85,train,3,8.268355369567871,9.120884895324707,-1
65,6582.830297422409,4277.655607496947,6817.855218183994,4448.616141526401,144,train,3,8.409457206726074,10.466744422912598,-1
66,6935.367678564787,4192.175340482219,7052.880138945579,4277.655607496947,34,train,1,1.6795121431350708,6.649327278137207,-1
67,6817.855218183994,4192.175340482219,6935.367678564787,4277.655607496947,72,train,2,5.3063554763793945,12.314756393432617,-1
68,6935.367678564787,4106.695073467493,7052.880138945579,4192.175340482219,45,train,1,1.1633607149124146,7.438803672790527,-1
69,6817.855218183994,4106.695073467493,6935.367678564787,4192.175340482219,68,train,2,5.651434421539307,12.495261192321777,-1
70,6700.3427578032015,4192.175340482219,6817.855218183994,4277.655607496947,96,train,3,8.752106666564941,9.794519424438477,-1
71,6582.830297422409,4192.175340482219,6700.3427578032015,4277.655607496947,15,train,3,8.545698165893555,10.548198699951172,-1
72,6700.3427578032015,4106.695073467493,6817.855218183994,4192.175340482219,70,train,2,7.630385398864746,10.871809005737305,-1
73,6582.830297422409,4106.695073467493,6700.3427578032015,4192.175340482219,49,train,3,8.680398941040039,10.225948333740234,-1
74,6465.317837041616,4705.056942570582,6582.830297422409,4790.537209585309,60,train,3,8.461214065551758,10.080979347229004,-1
75,6347.805376660824,4705.056942570582,6465.317837041616,4790.537209585309,71,train,2,6.386161804199219,11.089189529418945,-1
76,6465.317837041616,4619.576675555855,6582.830297422409,4705.056942570582,78,train,3,7.8994879722595215,10.814504623413086,-1
77,6347.805376660824,4619.576675555855,6465.317837041616,4705.056942570582,43,train,3,8.424800872802734,10.57787036895752,-1
78,6112.780455899238,4619.576675555855,6347.805376660824,4790.537209585309,174,train,2,5.352040767669678,12.710874557495117,-1
79,6347.805376660824,4448.616141526401,6582.830297422409,4619.576675555855,135,train,3,8.377606391906738,10.47067928314209,-1
80,6230.292916280031,4534.096408541129,6347.805376660824,4619.576675555855,64,train,3,8.292267799377441,10.420717239379883,-1
81,6112.780455899238,4534.096408541129,6230.292916280031,4619.576675555855,46,train,2,5.586404323577881,11.902410507202148,-1
82,6230.292916280031,4448.616141526401,6347.805376660824,4534.096408541129,73,train,3,8.811822891235352,9.906827926635742,-1
83,6112.780455899238,4448.616141526401,6230.292916280031,4534.096408541129,58,train,2,6.211784362792969,12.0675687789917,-1
84,5877.755535137653,4619.576675555855,6112.780455899238,4790.537209585309,123,train,1,0.4448523223400116,8.294679641723633,-1
85,5642.730614376068,4619.576675555855,5877.755535137653,4790.537209585309,40,train,1,1.8233041763305664,6.735957145690918,-1
86,5995.267995518446,4534.096408541129,6112.780455899238,4619.576675555855,35,train,1,1.7059705257415771,6.5929999351501465,-1
87,5877.755535137653,4534.096408541129,5995.267995518446,4619.576675555855,78,train,2,4.744770050048828,12.217058181762695,-1
88,5995.267995518446,4448.616141526401,6112.780455899238,4534.096408541129,86,train,1,-1.1234817504882812,7.973129749298096,-1
89,5877.755535137653,4448.616141526401,5995.267995518446,4534.096408541129,153,train,1,-1.9614510536193848,7.36620569229126,-1
90,5760.243074756861,4534.096408541129,5877.755535137653,4619.576675555855,80,train,1,-1.0628705024719238,7.755136013031006,-1
91,5642.730614376068,4534.096408541129,5760.243074756861,4619.576675555855,27,train,1,1.6239370107650757,6.557736873626709,-1
92,5760.243074756861,4448.616141526401,5877.755535137653,4534.096408541129,136,train,1,-1.8671993017196655,7.717729568481445,-1
93,5642.730614376068,4448.616141526401,5760.243074756861,4534.096408541129,98,train,1,-1.197981357574463,7.8574323654174805,-1
94,6230.292916280031,4363.135874511674,6347.805376660824,4448.616141526401,71,train,3,8.391925811767578,8.940406799316406,-1
95,6112.780455899238,4363.135874511674,6230.292916280031,4448.616141526401,61,train,2,6.367576599121094,12.223204612731934,-1
96,6230.292916280031,4277.655607496947,6347.805376660824,4363.135874511674,72,train,3,8.083130836486816,10.396528244018555,-1
97,6112.780455899238,4277.655607496947,6230.292916280031,4363.135874511674,64,train,2,6.383087635040283,12.32638931274414,-1
98,6347.805376660824,4106.695073467493,6582.830297422409,4277.655607496947,83,train,3,8.433975219726562,10.572084426879883,-1
99,6230.292916280031,4192.175340482219,6347.805376660824,4277.655607496947,39,train,3,8.363404273986816,10.70447826385498,-1
100,6112.780455899238,4192.175340482219,6230.292916280031,4277.655607496947,77,train,2,6.37158203125,11.31885814666748,-1
101,6230.292916280031,4106.695073467493,6347.805376660824,4192.175340482219,53,train,3,8.323822021484375,10.729602813720703,-1
102,6112.780455899238,4106.695073467493,6230.292916280031,4192.175340482219,79,train,2,6.526957035064697,12.093589782714844,-1
103,5995.267995518446,4363.135874511674,6112.780455899238,4448.616141526401,113,train,1,-1.0433627367019653,8.12231731414795,-1
104,5877.755535137653,4363.135874511674,5995.267995518446,4448.616141526401,129,train,1,-0.9528437256813049,7.16172456741333,-1
105,5995.267995518446,4277.655607496947,6112.780455899238,4363.135874511674,93,train,1,-0.14086584746837616,8.0709810256958,-1
106,5877.755535137653,4277.655607496947,5995.267995518446,4363.135874511674,129,train,1,1.1465681791305542,9.0158052444458,-1
107,5760.243074756861,4363.135874511674,5877.755535137653,4448.616141526401,164,train,1,-1.6902728080749512,7.825228214263916,-1
108,5642.730614376068,4363.135874511674,5760.243074756861,4448.616141526401,131,train,1,-1.933931827545166,7.205869197845459,-1
109,5760.243074756861,4277.655607496947,5877.755535137653,4363.135874511674,113,train,1,1.1979045867919922,9.161148071289062,-1
110,5642.730614376068,4277.655607496947,5760.243074756861,4363.135874511674,84,train,1,-0.7734796404838562,8.079632759094238,-1
111,5995.267995518446,4192.175340482219,6112.780455899238,4277.655607496947,59,heldout,-1,,,39
112,5877.755535137653,4192.175340482219,5995.267995518446,4277.655607496947,77,train,3,3.538175582885742,8.204452514648438,-1
113,5995.267995518446,4106.695073467493,6112.780455899238,4192.175340482219,76,train,1,0.10406212508678436,8.351487159729004,-1
114,5877.755535137653,4106.695073467493,5995.267995518446,4192.175340482219,55,train,3,3.5842220783233643,8.173795700073242,-1
115,5760.243074756861,4192.175340482219,5877.755535137653,4277.655607496947,99,train,3,3.545241355895996,8.20174789428711,-1
116,5642.730614376068,4192.175340482219,5760.243074756861,4277.655607496947,122,train,1,1.1668001413345337,9.02573299407959,-1
117,5760.243074756861,4106.695073467493,5877.755535137653,4192.175340482219,24,train,3,3.577296733856201,8.16887378692627,-1
118,5642.730614376068,4106.695073467493,5760.243074756861,4192.175340482219,45,train,3,3.5749118328094482,8.159035682678223,-1
119,4467.606010568142,4961.497743614763,4702.630931329727,5132.458277644217,32,train,1,1.8156890869140625,6.76454496383667,-1
120,4232.5810898065565,4961.497743614763,4467.606010568142,5132.458277644217,95,heldout,-1,,,46
121,4467.606010568142,4790.537209585309,4702.630931329727,4961.497743614763,31,train,1,1.849624514579773,6.530488014221191,-1
122,4232.5810898065565,4790.537209585309,4467.606010568142,4961.497743614763,188,train,2,4.971051216125488,12.176004409790039,-1
123,3997.5561690449713,4961.497743614763,4232.5810898065565,5132.458277644217,155,train,2,5.028859615325928,11.980327606201172,-1
124,3762.531248283386,4961.497743614763,3997.5561690449713,5132.458277644217,30,train,1,1.9207788705825806,6.781559944152832,-1
125,4115.068629425764,4876.017476600036,4232.5810898065565,4961.497743614763,56,train,3,7.709158420562744,10.4862060546875,-1
126,3997.5561690449713,4876.017476600036,4115.068629425764,4961.497743614763,35,train,1,1.9405889511108398,6.6353864669799805,-1
127,4115.068629425764,4790.537209585309,4232.5810898065565,4876.017476600036,99,train,2,4.994186878204346,11.75191593170166,-1
128,3997.5561690449713,4790.537209585309,4115.068629425764,4876.017476600036,14,train,1,1.8884557485580444,6.519995212554932,-1
129,3762.531248283386,4790.537209585309,3997.5561690449713,4961.497743614763,32,train,1,1.80137300491333,6.722044944763184,-1
130,5172.6807728528975,4448.616141526401,5642.730614376068,4790.537209585309,131,train,1,0.5392045378684998,8.604145050048828,-1
131,4702.630931329727,4448.616141526401,5172.6807728528975,4790.537209585309,114,train,1,0.5450758337974548,8.314628601074219,-1
132,5407.705693614483,4277.655607496947,5642.730614376068,4448.616141526401,124,train,1,0.6841009259223938,8.443293571472168,-1
133,5525.218153995275,4192.175340482219,5642.730614376068,4277.655607496947,70,train,1,-0.0005817231722176075,8.277997016906738,-1
134,5407.705693614483,4192.175340482219,5525.218153995275,4277.655607496947,20,train,1,1.5379515886306763,6.5428643226623535,-1
135,5525.218153995275,4106.695073467493,5642.730614376068,4192.175340482219,82,train,1,0.47803762555122375,7.6576690673828125,-1
136,5407.705693614483,4106.695073467493,5525.218153995275,4192.175340482219,49,train,1,1.0611066818237305,6.949670791625977,-1
137,5172.6807728528975,4106.695073467493,5407.705693614483,4277.655607496947,64,train,1,1.120880126953125,7.670091152191162,-1
138,4702.630931329727,4106.695073467493,5172.6807728528975,4448.616141526401,165,train,1,0.21164119243621826,9.001047134399414,-1
139,4232.5810898065565,4448.616141526401,4702.630931329727,4790.537209585309,198,train,1,0.28512439131736755,8.930336952209473,-1
140,3762.531248283386,4448.616141526401,4232.5810898065565,4790.537209585309,198,train,1,0.10862995684146881,9.10784912109375,-1
141,4467.606010568142,4277.655607496947,4702.630931329727,4448.616141526401,42,train,1,1.8119018077850342,6.783512115478516,-1
142,4232.5810898065565,4277.655607496947,4467.606010568142,4448.616141526401,48,train,1,1.7181235551834106,6.881888389587402,-1
143,4467.606010568142,4106.695073467493,4702.630931329727,4277.655607496947,117,train,1,0.21859773993492126,8.503989219665527,-1
144,4232.5810898065565,4106.695073467493,4467.606010568142,4277.655607496947,151,train,2,4.260720729827881,9.899359703063965,-1
145,3997.5561690449713,4277.655607496947,4232.5810898065565,4448.616141526401,78,train,1,1.197042465209961,8.102572441101074,-1
146,3762.531248283386,4277.655607496947,3997.5561690449713,4448.616141526401,86,train,1,1.039594292640686,8.28974723815918,-1
147,3997.5561690449713,4106.695073467493,4232.5810898065565,4277.655607496947,165,train,1,0.21941661834716797,9.174521446228027,-1
148,3762.531248283386,4106.695073467493,3997.5561690449713,4277.655607496947,106,train,1,0.544583797454834,8.61562728881836,-1
149,7052.880138945579,3935.734539438039,7287.905059707165,4106.695073467493,102,train,1,0.8954079747200012,8.479944229125977,-1
150,7287.905059707165,3764.774005408585,7522.92998046875,3935.734539438039,113,train,2,4.617311954498291,11.848227500915527,-1
151,7052.880138945579,3764.774005408585,7287.905059707165,3935.734539438039,86,train,1,0.6312987208366394,8.327178955078125,-1
152,6817.855218183994,3935.734539438039,7052.880138945579,4106.695073467493,137,train,1,0.4401744306087494,9.04697036743164,-1
153,6700.3427578032015,4021.214806452766,6817.855218183994,4106.695073467493,72,train,2,6.331287860870361,12.395798683166504,-1
154,6582.830297422409,4021.214806452766,6700.3427578032015,4106.695073467493,58,train,3,8.224410057067871,10.729613304138184,-1
155,6700.3427578032015,3935.734539438039,6817.855218183994,4021.214806452766,69,train,1,0.3276258707046509,7.630123138427734,-1
156,6582.830297422409,3935.734539438039,6700.3427578032015,4021.214806452766,68,train,2,6.301097393035889,12.463987350463867,-1
157,6817.855218183994,3764.774005408585,7052.880138945579,3935.734539438039,157,train,1,0.07398548722267151,8.963900566101074,-1
158,6700.3427578032015,3850.2542724233117,6817.855218183994,3935.734539438039,68,train,2,5.140695095062256,12.25558853149414,-1
159,6582.830297422409,3850.2542724233117,6700.3427578032015,3935.734539438039,68,train,2,6.615353107452393,12.477065086364746,-1
160,6700.3427578032015,3764.774005408585,6817.855218183994,3850.2542724233117,96,train,2,6.6423749923706055,12.448137283325195,-1
161,6582.830297422409,3764.774005408585,6700.3427578032015,3850.2542724233117,67,train,3,8.611405372619629,9.65441608428955,-1
162,7405.417520087957,3679.293738393858,7522.92998046875,3764.774005408585,75,train,3,8.249554634094238,9.03267765045166,-1
163,7287.905059707165,3679.293738393858,7405.417520087957,3764.774005408585,37,train,2,6.581999778747559,11.755049705505371,-1
164,7405.417520087957,3593.8134713791305,7522.92998046875,3679.293738393858,71,train,3,8.838995933532715,8.843377113342285,-1
165,7287.905059707165,3593.8134713791305,7405.417520087957,3679.293738393858,78,train,2,6.5708112716674805,10.536582946777344,-1
166,7052.880138945579,3593.8134713791305,7287.905059707165,3764.774005408585,116,train,2,4.711923599243164,11.888070106506348,-1
167,7405.417520087957,3508.3332043644036,7522.92998046875,3593.8134713791305,55,train,3,8.909539222717285,8.938920021057129,-1
168,7287.905059707165,3508.3332043644036,7405.417520087957,3593.8134713791305,75,train,3,8.922064781188965,9.87205982208252,-1
169,7405.417520087957,3422.8529373496767,7522.92998046875,3508.3332043644036,73,train,3,8.708854675292969,9.032624244689941,-1
170,7287.905059707165,3422.8529373496767,7405.417520087957,3508.3332043644036,51,train,3,8.93045425415039,9.9297456741333,-1
171,7170.392599326372,3508.3332043644036,7287.905059707165,3593.8134713791305,88,train,3,9.10982608795166,8.218017578125,-1
172,7052.880138945579,3508.3332043644036,7170.392599326372,3593.8134713791305,74,train,3,8.549421310424805,9.54278564453125,-1
173,7170.392599326372,3422.8529373496767,7287.905059707165,3508.3332043644036,60,train,3,8.947526931762695,9.944098472595215,-1
174,7052.880138945579,3422.8529373496767,7170.392599326372,3508.3332043644036,90,train,3,8.878085136413574,8.974271774291992,-1
175,6817.855218183994,3593.8134713791305,7052.880138945579,3764.774005408585,163,train,1,-0.14619199931621552,8.872387886047363,-1
176,6700.3427578032015,3679.293738393858,6817.855218183994,3764.774005408585,74,train,2,7.004518508911133,11.74380874633789,-1
177,6582.830297422409,3679.293738393858,6700.3427578032015,3764.774005408585,77,train,3,9.043549537658691,9.41294002532959,-1
178,6700.3427578032015,3593.8134713791305,6817.855218183994,3679.293738393858,79,train,2,6.875052452087402,11.814244270324707,-1
179,6582.830297422409,3593.8134713791305,6700.3427578032015,3679.293738393858,70,train,3,9.096112251281738,9.243395805358887,-1
180,6935.367678564787,3508.3332043644036,7052.880138945579,3593.8134713791305,54,train,2,7.605301380157471,9.716239929199219,-1
181,6817.855218183994,3508.3332043644036,6935.367678564787,3593.8134713791305,42,train,2,6.225919246673584,11.795639991760254,-1
182,6935.367678564787,3422.8529373496767,7052.880138945579,3508.3332043644036,75,train,3,9.02695083618164,9.059306144714355,-1
183,6817.855218183994,3422.8529373496767,6935.367678564787,3508.3332043644036,65,train,2,7.826626300811768,9.574316024780273,-1
184,6700.3427578032015,3508.3332043644036,6817.855218183994,3593.8134713791305,61,train,2,6.276666164398193,12.130880355834961,-1
185,6582.830297422409,3508.3332043644036,6700.3427578032015,3593.8134713791305,68,train,2,7.010885238647461,11.434800148010254,-1
186,6700.3427578032015,3422.8529373496767,6817.855218183994,3508.3332043644036,45,train,2,5.8243231773376465,11.782745361328125,-1
187,6582.830297422409,3422.8529373496767,6700.3427578032015,3508.3332043644036,29,train,1,1.1165367364883423,7.024209976196289,-1
188,6465.317837041616,4021.214806452766,6582.830297422409,4106.695073467493,35,train,3,8.440847396850586,10.608945846557617,-1
189,6347.805376660824,4021.214806452766,6465.317837041616,4106.695073467493,54,train,3,8.28151798248291,10.122750282287598,-1
190,6465.317837041616,3935.734539438039,6582.830297422409,4021.214806452766,70,train,2,6.333175182342529,12.055843353271484,-1
191,6347.805376660824,3935.734539438039,6465.317837041616,4021.214806452766,59,train,3,8.230341911315918,10.365806579589844,-1
192,6230.292916280031,4021.214806452766,6347.805376660824,4106.695073467493,80,train,3,7.987085342407227,10.847959518432617,-1
193,6112.780455899238,4021.214806452766,6230.292916280031,4106.695073467493,68,train,2,6.2164177894592285,12.202964782714844,-1
194,6230.292916280031,3935.734539438039,6347.805376660824,4021.214806452766,79,train,2,6.770637512207031,10.655048370361328,-1
195,6112.780455899238,3935.734539438039,6230.292916280031,4021.214806452766,53,train,2,5.40625524520874,11.993602752685547,-1
196,6465.317837041616,3850.2542724233117,6582.830297422409,3935.734539438039,69,train,2,5.897593975067139,12.387236595153809,-1
197,6347.805376660824,3850.2542724233117,6465.317837041616,3935.734539438039,53,train,2,5.69492769241333,12.278826713562012,-1
198,6465.317837041616,3764.774005408585,6582.830297422409,3850.2542724233117,83,train,3,8.467975616455078,9.608158111572266,-1
199,6347.805376660824,3764.774005408585,6465.317837041616,3850.2542724233117,66,train,2,5.308526992797852,11.37023639678955,-1
200,6230.292916280031,3850.2542724233117,6347.805376660824,3935.734539438039,77,train,2,4.850430488586426,11.274515151977539,-1
201,6112.780455899238,3850.2542724233117,6230.292916280031,3935.734539438039,53,train,1,0.8547858595848083,7.749237060546875,-1
202,6230.292916280031,3764.774005408585,6347.805376660824,3850.2542724233117,59,train,1,0.9682358503341675,7.120072364807129,-1
203,6112.780455899238,3764.774005408585,6230.292916280031,3850.2542724233117,37,train,1,1.3442201614379883,6.926539421081543,-1
204,5995.267995518446,4021.214806452766,6112.780455899238,4106.695073467493,64,train,1,0.43174871802330017,7.391510486602783,-1
205,5877.755535137653,4021.214806452766,5995.267995518446,4106.695073467493,64,train,3,3.600238561630249,8.145181655883789,-1
206,5995.267995518446,3935.734539438039,6112.780455899238,4021.214806452766,70,train,1,0.05996889993548393,7.683975696563721,-1
207,5877.755535137653,3935.734539438039,5995.267995518446,4021.214806452766,83,train,1,1.1795154809951782,9.005688667297363,-1
208,5760.243074756861,4021.214806452766,5877.755535137653,4106.695073467493,31,train,3,3.5726418495178223,8.170109748840332,-1
209,5642.730614376068,4021.214806452766,5760.243074756861,4106.695073467493,56,train,3,3.5605123043060303,8.161246299743652,-1
210,5760.243074756861,3935.734539438039,5877.755535137653,4021.214806452766,85,train,2,5.331048011779785,12.17654800415039,-1
211,5642.730614376068,3935.734539438039,5760.243074756861,4021.214806452766,89,heldout,-1,,,72
212,5877.755535137653,3764.774005408585,6112.780455899238,3935.734539438039,150,train,1,0.4043186902999878,8.911031723022461,-1
213,5760.243074756861,3850.2542724233117,5877.755535137653,3935.734539438039,54,train,1,0.729999840259552,7.979249000549316,-1
214,5642.730614376068,3850.2542724233117,5760.243074756861,3935.734539438039,83,train,1,-1.1158173084259033,7.952330112457275,-1
215,5760.243074756861,3764.774005408585,5877.755535137653,3850.2542724233117,40,train,1,0.9874914288520813,7.109979152679443,-1
216,5642.730614376068,3764.774005408585,5760.243074756861,3850.2542724233117,51,train,1,0.9642136096954346,7.375676155090332,-1
217,6465.317837041616,3679.293738393858,6582.830297422409,3764.774005408585,77,train,3,9.050090789794922,8.217171669006348,-1
218,6347.805376660824,3679.293738393858,6465.317837041616,3764.774005408585,51,train,2,5.912477493286133,11.832316398620605,-1
219,6465.317837041616,3593.8134713791305,6582.830297422409,3679.293738393858,67,heldout,-1,,,16
220,6347.805376660824,3593.8134713791305,6465.317837041616,3679.293738393858,47,train,2,5.456425189971924,11.403398513793945,-1
221,6230.292916280031,3679.293738393858,6347.805376660824,3764.774005408585,51,train,2,5.833733081817627,11.867935180664062,-1
222,6112.780455899238,3679.293738393858,6230.292916280031,3764.774005408585,66,train,2,6.5737714767456055,11.786844253540039,-1
223,6230.292916280031,3593.8134713791305,6347.805376660824,3679.293738393858,70,train,3,8.00249195098877,10.816450119018555,-1
224,6112.780455899238,3593.8134713791305,6230.292916280031,3679.293738393858,70,train,3,9.119063377380371,8.969893455505371,-1
225,6465.317837041616,3508.3332043644036,6582.830297422409,3593.8134713791305,66,train,2,5.3189697265625,12.108701705932617,-1
226,6347.805376660824,3508.3332043644036,6465.317837041616,3593.8134713791305,63,train,2,6.703673839569092,10.563611030578613,-1
227,6465.317837041616,3422.8529373496767,6582.830297422409,3508.3332043644036,52,train,2,5.085623741149902,11.561053276062012,-1
228,6347.805376660824,3422.8529373496767,6465.317837041616,3508.3332043644036,64,train,3,8.116488456726074,10.261134147644043,-1
229,6112.780455899238,3422.8529373496767,6347.805376660824,3593.8134713791305,200,train,2,7.270954132080078,11.047384262084961,-1
230,5995.267995518446,3679.293738393858,6112.780455899238,3764.774005408585,45,train,2,6.231186866760254,11.940417289733887,-1
231,5877.755535137653,3679.293738393858,5995.267995518446,3764.774005408585,46,train,2,5.085397243499756,11.533592224121094,-1
232,5995.267995518446,3593.8134713791305,6112.780455899238,3679.293738393858,62,train,3,8.96102237701416,9.248441696166992,-1
233,5877.755535137653,3593.8134713791305,5995.267995518446,3679.293738393858,56,train,2,6.601484298706055,11.67701244354248,-1
234,5760.243074756861,3679.293738393858,5877.755535137653,3764.774005408585,43,train,1,0.7648599147796631,7.216131687164307,-1
235,5642.730614376068,3679.293738393858,5760.243074756861,3764.774005408585,57,train,2,5.8799824714660645,12.181046485900879,-1
236,5760.243074756861,3593.8134713791305,5877.755535137653,3679.293738393858,60,train,2,6.185012340545654,11.472658157348633,-1
237,5642.730614376068,3593.8134713791305,5760.243074756861,3679.293738393858,68,train,3,8.294642448425293,8.822382926940918,-1
238,5995.267995518446,3508.3332043644036,6112.780455899238,3593.8134713791305,70,train,3,8.778470039367676,8.472845077514648,-1
239,5877.755535137653,3508.3332043644036,5995.267995518446,3593.8134713791305,69,train,2,6.685653209686279,10.868555068969727,-1
240,5995.267995518446,3422.8529373496767,6112.780455899238,3508.3332043644036,89,train,3,8.802301406860352,9.939242362976074,-1
241,5877.755535137653,3422.8529373496767,5995.267995518446,3508.3332043644036,64,train,3,8.336718559265137,10.14352035522461,-1
242,5760.243074756861,3508.3332043644036,5877.755535137653,3593.8134713791305,57,train,2,6.964025497436523,10.67436408996582,-1
243,5642.730614376068,3508.3332043644036,5760.243074756861,3593.8134713791305,63,train,3,8.616230964660645,10.150284767150879,-1
244,5760.243074756861,3422.8529373496767,5877.755535137653,3508.3332043644036,61,train,3,8.725263595581055,9.099658012390137,-1
245,5642.730614376068,3422.8529373496767,5760.243074756861,3508.3332043644036,67,train,3,8.318428993225098,8.905759811401367,-1
246,7405.417520087957,3337.37267033495,7522.92998046875,3422.8529373496767,56,heldout,-1,,,11
247,7287.905059707165,3337.37267033495,7405.417520087957,3422.8529373496767,54,train,1,1.037026286125183,7.602965354919434,-1
248,7405.417520087957,3251.892403320223,7522.92998046875,3337.37267033495,83,train,3,7.920465469360352,10.467428207397461,-1
249,7287.905059707165,3251.892403320223,7405.417520087957,3337.37267033495,35,train,2,3.1583971977233887,9.002120971679688,-1
250,7170.392599326372,3337.37267033495,7287.905059707165,3422.8529373496767,59,train,3,7.747259616851807,11.094280242919922,-1
251,7052.880138945579,3337.37267033495,7170.392599326372,3422.8529373496767,82,train,3,8.598604202270508,9.41727066040039,-1
252,7170.392599326372,3251.892403320223,7287.905059707165,3337.37267033495,10,train,1,3.0433237552642822,8.711962699890137,-1
253,7052.880138945579,3251.892403320223,7170.392599326372,3337.37267033495,52,train,3,7.970175266265869,10.42982006072998,-1
254,7405.417520087957,3166.412136305496,7522.92998046875,3251.892403320223,71,train,2,7.339942932128906,11.57214069366455,-1
255,7287.905059707165,3166.412136305496,7405.417520087957,3251.892403320223,17,train,2,3.126094102859497,8.900934219360352,-1
256,7405.417520087957,3080.931869290769,7522.92998046875,3166.412136305496,82,train,3,7.9092607498168945,10.551301002502441,-1
257,7287.905059707165,3080.931869290769,7405.417520087957,3166.412136305496,40,train,2,3.1748034954071045,8.959067344665527,-1
258,7052.880138945579,3080.931869290769,7287.905059707165,3251.892403320223,111,train,2,5.211500644683838,12.409443855285645,-1
259,6935.367678564787,3337.37267033495,7052.880138945579,3422.8529373496767,78,train,3,8.661191940307617,9.62679672241211,-1
260,6817.855218183994,3337.37267033495,6935.367678564787,3422.8529373496767,60,train,3,8.629626274108887,8.704809188842773,-1
261,6935.367678564787,3251.892403320223,7052.880138945579,3337.37267033495,99,train,3,8.818401336669922,9.687390327453613,-1
262,6817.855218183994,3251.892403320223,6935.367678564787,3337.37267033495,70,train,3,8.860257148742676,9.896866798400879,-1
263,6582.830297422409,3251.892403320223,6817.855218183994,3422.8529373496767,147,train,2,5.129383087158203,12.593575477600098,-1
264,6935.367678564787,3166.412136305496,7052.880138945579,3251.892403320223,60,train,3,7.8489203453063965,11.037535667419434,-1
265,6817.855218183994,3166.412136305496,6935.367678564787,3251.892403320223,79,heldout,-1,,,88
266,6935.367678564787,3080.931869290769,7052.880138945579,3166.412136305496,46,train,3,8.727082252502441,10.317462921142578,-1
267,6817.855218183994,3080.931869290769,6935.367678564787,3166.412136305496,77,train,3,7.979690074920654,10.871139526367188,-1
268,6582.830297422409,3080.931869290769,6817.855218183994,3251.892403320223,190,train,2,5.308027267456055,12.750844955444336,-1
269,7405.417520087957,2995.451602276042,7522.92998046875,3080.931869290769,71,train,3,8.263209342956543,10.241494178771973,-1
270,7287.905059707165,2995.451602276042,7405.417520087957,3080.931869290769,82,train,3,8.383889198303223,10.30771541595459,-1
271,7405.417520087957,2909.9713352613153,7522.92998046875,2995.451602276042,54,train,2,6.349281311035156,11.798096656799316,-1
272,7287.905059707165,2909.9713352613153,7405.417520087957,2995.451602276042,73,train,3,8.03735637664795,10.87878131866455,-1
273,7170.392599326372,2995.451602276042,7287.905059707165,3080.931869290769,71,train,3,8.030856132507324,10.453858375549316,-1
274,7052.880138945579,2995.451602276042,7170.392599326372,3080.931869290769,64,train,3,8.497961044311523,10.652361869812012,-1
275,7170.392599326372,2909.9713352613153,7287.905059707165,2995.451602276042,62,train,3,8.95639705657959,9.897401809692383,-1
276,7052.880138945579,2909.9713352613153,7170.392599326372,2995.451602276042,75,train,3,8.680920600891113,10.415629386901855,-1
277,7287.905059707165,2739.010801231861,7522.92998046875,2909.9713352613153,184,train,2,6.11130428314209,12.615281105041504,-1
278,7170.392599326372,2824.491068246588,7287.905059707165,2909.9713352613153,74,train,3,8.704062461853027,9.10953140258789,-1
279,7052.880138945579,2824.491068246588,7170.392599326372,2909.9713352613153,67,train,3,8.573651313781738,10.289323806762695,-1
280,7170.392599326372,2739.010801231861,7287.905059707165,2824.491068246588,58,train,3,8.00517463684082,10.50838851928711,-1
281,7052.880138945579,2739.010801231861,7170.392599326372,2824.491068246588,50,train,2,6.267510414123535,12.000932693481445,-1
282,6935.367678564787,2995.451602276042,7052.880138945579,3080.931869290769,75,train,3,8.07833480834961,10.788969993591309,-1
283,6817.855218183994,2995.451602276042,6935.367678564787,3080.931869290769,60,train,2,6.936232566833496,11.453289985656738,-1
284,6935.367678564787,2909.9713352613153,7052.880138945579,2995.451602276042,80,train,3,8.879327774047852,9.848502159118652,-1
285,6817.855218183994,2909.9713352613153,6935.367678564787,2995.451602276042,35,train,2,6.032984256744385,12.104013442993164,-1
286,6582.830297422409,2909.9713352613153,6817.855218183994,3080.931869290769,107,train,1,0.29006701707839966,8.692706108093262,-1
287,6935.367678564787,2824.491068246588,7052.880138945579,2909.9713352613153,54,heldout,-1,,,0
288,6817.855218183994,2824.491068246588,6935.367678564787,2909.9713352613153,35,train,1,1.1655539274215698,7.161376476287842,-1
289,6935.367678564787,2739.010801231861,7052.880138945579,2824.491068246588,47,train,2,6.137164115905762,11.69125747680664,-1
290,6817.855218183994,2739.010801231861,6935.367678564787,2824.491068246588,79,train,2,6.896163463592529,10.553998947143555,-1
291,6582.830297422409,2739.010801231861,6817.855218183994,2909.9713352613153,182,train,2,5.292356967926025,12.811895370483398,-1
292,6465.317837041616,3337.37267033495,6582.830297422409,3422.8529373496767,48,train,2,5.573657035827637,11.834898948669434,-1
293,6347.805376660824,3337.37267033495,6465.317837041616,3422.8529373496767,74,train,3,7.906241416931152,10.504231452941895,-1
294,6465.317837041616,3251.892403320223,6582.830297422409,3337.37267033495,54,train,2,5.3305768966674805,11.65593147277832,-1
295,6347.805376660824,3251.892403320223,6465.317837041616,3337.37267033495,78,train,3,8.017595291137695,10.823214530944824,-1
296,6230.292916280031,3337.37267033495,6347.805376660824,3422.8529373496767,16,train,3,8.444232940673828,10.521946907043457,-1
297,6112.780455899238,3337.37267033495,6230.292916280031,3422.8529373496767,76,train,3,8.130733489990234,10.90219783782959,-1
298,6230.292916280031,3251.892403320223,6347.805376660824,3337.37267033495,85,heldout,-1,,,84
299,6112.780455899238,3251.892403320223,6230.292916280031,3337.37267033495,83,train,3,8.0349760055542,10.82007122039795,-1
300,6465.317837041616,3166.412136305496,6582.830297422409,3251.892403320223,55,train,1,-0.05474309250712395,7.806102752685547,-1
301,6347.805376660824,3166.412136305496,6465.317837041616,3251.892403320223,48,train,2,5.741593360900879,12.171670913696289,-1
302,6465.317837041616,3080.931869290769,6582.830297422409,3166.412136305496,41,heldout,-1,,,10
303,6347.805376660824,3080.931869290769,6465.317837041616,3166.412136305496,60,train,1,0.24612128734588623,7.48234224319458,-1
304,6230.292916280031,3166.412136305496,6347.805376660824,3251.892403320223,73,train,2,6.6324872970581055,12.370275497436523,-1
305,6112.780455899238,3166.412136305496,6230.292916280031,3251.892403320223,72,train,2,6.436619281768799,12.443099021911621,-1
306,6230.292916280031,3080.931869290769,6347.805376660824,3166.412136305496,46,train,1,0.21014192700386047,7.528446674346924,-1
307,6112.780455899238,3080.931869290769,6230.292916280031,3166.412136305496,47,train,2,6.333829402923584,12.440671920776367,-1
308,5995.267995518446,3337.37267033495,6112.780455899238,3422.8529373496767,82,train,3,9.085665702819824,9.502358436584473,-1
309,5877.755535137653,3337.37267033495,5995.267995518446,3422.8529373496767,56,train,3,8.329876899719238,10.447031021118164,-1
310,5995.267995518446,3251.892403320223,6112.780455899238,3337.37267033495,63,train,3,8.999013900756836,10.007678031921387,-1
311,5877.755535137653,3251.892403320223,5995.267995518446,3337.37267033495,74,train,3,8.646329879760742,10.33786678314209,-1
312,5760.243074756861,3337.37267033495,5877.755535137653,3422.8529373496767,76,train,3,8.684816360473633,10.091240882873535,-1
313,5642.730614376068,3337.37267033495,5760.243074756861,3422.8529373496767,69,train,3,8.790068626403809,10.001864433288574,-1
314,5760.243074756861,3251.892403320223,5877.755535137653,3337.37267033495,81,train,3,8.19540786743164,10.805290222167969,-1
315,5642.730614376068,3251.892403320223,5760.243074756861,3337.37267033495,71,heldout,-1,,,22
316,5995.267995518446,3166.412136305496,6112.780455899238,3251.892403320223,82,train,2,7.11230993270874,11.17980670928955,-1
317,5877.755535137653,3166.412136305496,5995.267995518446,3251.892403320223,86,train,3,8.013428688049316,10.825457572937012,-1
318,5995.267995518446,3080.931869290769,6112.780455899238,3166.412136305496,85,train,3,7.9297966957092285,10.861761093139648,-1
319,5877.755535137653,3080.931869290769,5995.267995518446,3166.412136305496,71,train,3,8.560625076293945,10.356125831604004,-1
320,5642.730614376068,3080.931869290769,5877.755535137653,3251.892403320223,199,train,2,6.075562477111816,12.643616676330566,-1
321,6347.805376660824,2909.9713352613153,6582.830297422409,3080.931869290769,108,train,2,4.655904293060303,12.057351112365723,-1
322,6112.780455899238,2909.9713352613153,6347.805376660824,3080.931869290769,167,train,2,4.568272590637207,11.9744234085083,-1
323,6347.805376660824,2739.010801231861,6582.830297422409,2909.9713352613153,99,train,2,5.1344313621521,12.626065254211426,-1
324,6112.780455899238,2739.010801231861,6347.805376660824,2909.9713352613153,191,train,2,5.145069122314453,12.80344295501709,-1
325,5995.267995518446,2995.451602276042,6112.780455899238,3080.931869290769,62,train,2,6.644660472869873,11.81418514251709,-1
326,5877.755535137653,2995.451602276042,5995.267995518446,3080.931869290769,85,train,3,7.891960620880127,10.165220260620117,-1
327,5995.267995518446,2909.9713352613153,6112.780455899238,2995.451602276042,49,train,2,5.501499176025391,11.924071311950684,-1
328,5877.755535137653,2909.9713352613153,5995.267995518446,2995.451602276042,43,train,2,6.268555641174316,12.219829559326172,-1
329,5760.243074756861,2995.451602276042,5877.755535137653,3080.931869290769,53,train,2,6.450706958770752,12.460346221923828,-1
330,5642.730614376068,2995.451602276042,5760.243074756861,3080.931869290769,56,train,2,6.639637470245361,12.151516914367676,-1
331,5760.243074756861,2909.9713352613153,5877.755535137653,2995.451602276042,47,train,2,6.546679496765137,12.549772262573242,-1
332,5642.730614376068,2909.9713352613153,5760.243074756861,2995.451602276042,62,heldout,-1,,,29
333,5995.267995518446,2824.491068246588,6112.780455899238,2909.9713352613153,42,train,2,5.859982013702393,12.281707763671875,-1
334,5877.755535137653,2824.491068246588,5995.267995518446,2909.9713352613153,67,train,2,6.70892858505249,11.583446502685547,-1
335,5995.267995518446,2739.010801231861,6112.780455899238,2824.491068246588,36,train,2,5.82601261138916,11.810917854309082,-1
336,5877.755535137653,2739.010801231861,5995.267995518446,2824.491068246588,56,train,2,6.611509323120117,11.725542068481445,-1
337,5760.243074756861,2824.491068246588,5877.755535137653,2909.9713352613153,60,train,3,7.9103899002075195,10.785542488098145,-1
338,5642.730614376068,2824.491068246588,5760.243074756861,2909.9713352613153,54,train,3,8.20307731628418,10.171483039855957,-1
339,5760.243074756861,2739.010801231861,5877.755535137653,2824.491068246588,77,train,3,8.065282821655273,9.340177536010742,-1
340,5642.730614376068,2739.010801231861,5760.243074756861,2824.491068246588,65,train,2,7.764346122741699,10.412652969360352,-1
341,5525.218153995275,4021.214806452766,5642.730614376068,4106.695073467493,69,train,1,0.3155555725097656,7.739806652069092,-1
342,5407.705693614483,4021.214806452766,5525.218153995275,4106.695073467493,79,train,1,-0.2797354757785797,8.191576957702637,-1
343,5525.218153995275,3935.734539438039,5642.730614376068,4021.214806452766,89,train,1,-1.2691564559936523,8.091357231140137,-1
344,5407.705693614483,3935.734539438039,5525.218153995275,4021.214806452766,97,train,1,-1.1770479679107666,8.054879188537598,-1
345,5290.19323323369,4021.214806452766,5407.705693614483,4106.695073467493,57,train,1,0.8792727589607239,7.261945724487305,-1
346,5172.6807728528975,4021.214806452766,5290.19323323369,4106.695073467493,58,train,1,1.0347845554351807,6.995511054992676,-1
347,5290.19323323369,3935.734539438039,5407.705693614483,4021.214806452766,100,train,1,-1.445324182510376,7.902947425842285,-1
348,5172.6807728528975,3935.734539438039,5290.19323323369,4021.214806452766,87,train,1,-1.0076364278793335,7.880090713500977,-1
349,5525.218153995275,3850.2542724233117,5642.730614376068,3935.734539438039,116,train,1,-1.6061803102493286,7.832056999206543,-1
350,5407.705693614483,3850.2542724233117,5525.218153995275,3935.734539438039,101,train,1,-1.294517993927002,8.001108169555664,-1
351,5525.218153995275,3764.774005408585,5642.730614376068,3850.2542724233117,71,train,1,0.13702136278152466,7.742886066436768,-1
352,5407.705693614483,3764.774005408585,5525.218153995275,3850.2542724233117,68,train,1,-0.2914108335971832,8.198468208312988,-1
353,5290.19323323369,3850.2542724233117,5407.705693614483,3935.734539438039,94,train,1,-1.1747162342071533,7.949955463409424,-1
354,5172.6807728528975,3850.2542724233117,5290.19323323369,3935.734539438039,39,train,1,0.989533007144928,7.007648468017578,-1
355,5290.19323323369,3764.774005408585,5407.705693614483,3850.2542724233117,89,train,2,4.329511642456055,11.561723709106445,-1
356,5172.6807728528975,3764.774005408585,5290.19323323369,3850.2542724233117,59,train,2,5.93290376663208,12.560508728027344,-1
357,4937.655852091312,3935.734539438039,5172.6807728528975,4106.695073467493,72,train,1,1.069174885749817,7.996384143829346,-1
358,4702.630931329727,3935.734539438039,4937.655852091312,4106.695073467493,69,heldout,-1,,,15
359,4937.655852091312,3764.774005408585,5172.6807728528975,3935.734539438039,165,train,2,5.024944305419922,12.449972152709961,-1
360,4702.630931329727,3764.774005408585,4937.655852091312,3935.734539438039,95,train,1,0.6439988613128662,8.32661247253418,-1
361,5525.218153995275,3679.293738393858,5642.730614376068,3764.774005408585,57,train,2,5.53810977935791,11.949602127075195,-1
362,5407.705693614483,3679.293738393858,5525.218153995275,3764.774005408585,56,train,2,5.531303405761719,12.072360038757324,-1
363,5525.218153995275,3593.8134713791305,5642.730614376068,3679.293738393858,54,train,3,8.747422218322754,9.868819236755371,-1
364,5407.705693614483,3593.8134713791305,5525.218153995275,3679.293738393858,66,train,3,7.999819755554199,10.0802640914917,-1
365,5290.19323323369,3679.293738393858,5407.705693614483,3764.774005408585,64,heldout,-1,,,4
366,5172.6807728528975,3679.293738393858,5290.19323323369,3764.774005408585,76,train,2,6.2374138832092285,12.223939895629883,-1
367,5290.19323323369,3593.8134713791305,5407.705693614483,3679.293738393858,58,train,2,5.880202293395996,12.284368515014648,-1
368,5172.6807728528975,3593.8134713791305,5290.19323323369,3679.293738393858,70,train,2,4.463827133178711,11.373133659362793,-1
369,5525.218153995275,3508.3332043644036,5642.730614376068,3593.8134713791305,76,train,3,8.798639297485352,8.982429504394531,-1
370,5407.705693614483,3508.3332043644036,5525.218153995275,3593.8134713791305,61,train,3,8.77193546295166,10.006091117858887,-1
371,5525.218153995275,3422.8529373496767,5642.730614376068,3508.3332043644036,90,train,3,8.669675827026367,8.657146453857422,-1
372,5407.705693614483,3422.8529373496767,5525.218153995275,3508.3332043644036,67,train,3,8.43571949005127,9.13940715789795,-1
373,5290.19323323369,3508.3332043644036,5407.705693614483,3593.8134713791305,64,train,2,6.768901348114014,12.311054229736328,-1
374,5172.6807728528975,3508.3332043644036,5290.19323323369,3593.8134713791305,70,train,2,6.705327033996582,12.010597229003906,-1
375,5290.19323323369,3422.8529373496767,5407.705693614483,3508.3332043644036,66,train,2,6.365079879760742,12.336088180541992,-1
376,5172.6807728528975,3422.8529373496767,5290.19323323369,3508.3332043644036,86,train,2,6.8798508644104,11.893365859985352,-1
377,5055.168312472105,3679.293738393858,5172.6807728528975,3764.774005408585,58,train,2,5.430689334869385,11.851693153381348,-1
378,4937.655852091312,3679.293738393858,5055.168312472105,3764.774005408585,51,train,2,5.9883928298950195,12.385193824768066,-1
379,5055.168312472105,3593.8134713791305,5172.6807728528975,3679.293738393858,71,train,2,5.245792388916016,12.180862426757812,-1
380,4937.655852091312,3593.8134713791305,5055.168312472105,3679.293738393858,48,train,2,5.477993011474609,12.09363079071045,-1
381,4702.630931329727,3593.8134713791305,4937.655852091312,3764.774005408585,64,train,1,1.0403025150299072,7.61624813079834,-1
382,4937.655852091312,3422.8529373496767,5172.6807728528975,3593.8134713791305,137,train,2,4.766160011291504,12.251809120178223,-1
383,4702.630931329727,3422.8529373496767,4937.655852091312,3593.8134713791305,77,train,1,0.6485376358032227,8.160622596740723,-1
384,4467.606010568142,3935.734539438039,4702.630931329727,4106.695073467493,150,heldout,-1,,,62
385,4350.093550187349,4021.214806452766,4467.606010568142,4106.695073467493,34,train,2,4.359040260314941,9.318912506103516,-1
386,4232.5810898065565,4021.214806452766,4350.093550187349,4106.695073467493,37,train,2,3.512025833129883,9.31645393371582,-1
387,4350.093550187349,3935.734539438039,4467.606010568142,4021.214806452766,50,train,2,4.18673849105835,9.383340835571289,-1
388,4232.5810898065565,3935.734539438039,4350.093550187349,4021.214806452766,83,train,2,4.446964263916016,9.398733139038086,-1
389,4467.606010568142,3764.774005408585,4702.630931329727,3935.734539438039,150,train,2,4.38272762298584,9.750401496887207,-1
390,4350.093550187349,3850.2542724233117,4467.606010568142,3935.734539438039,53,train,2,4.172662734985352,9.707406997680664,-1
391,4232.5810898065565,3850.2542724233117,4350.093550187349,3935.734539438039,71,train,2,4.334281921386719,9.620671272277832,-1
392,4350.093550187349,3764.774005408585,4467.606010568142,3850.2542724233117,39,train,2,4.782485008239746,10.516653060913086,-1
393,4232.5810898065565,3764.774005408585,4350.093550187349,3850.2542724233117,43,train,2,4.442383289337158,9.401105880737305,-1
394,4115.068629425764,4021.214806452766,4232.5810898065565,4106.695073467493,68,train,2,4.327033996582031,9.429654121398926,-1
395,3997.5561690449713,4021.214806452766,4115.068629425764,4106.695073467493,59,train,2,4.052689552307129,9.689749717712402,-1
396,4115.068629425764,3935.734539438039,4232.5810898065565,4021.214806452766,60,train,2,4.331950664520264,9.357261657714844,-1
397,3997.5561690449713,3935.734539438039,4115.068629425764,4021.214806452766,48,heldout,-1,,,44
398,3880.0437086641787,4021.214806452766,3997.5561690449713,4106.695073467493,42,train,1,0.7633221745491028,6.778321743011475,-1
399,3762.531248283386,4021.214806452766,3880.0437086641787,4106.695073467493,25,train,1,1.2448363304138184,6.578465461730957,-1
400,3880.0437086641787,3935.734539438039,3997.5561690449713,4021.214806452766,80,train,2,4.292802333831787,10.019502639770508,-1
401,3762.531248283386,3935.734539438039,3880.0437086641787,4021.214806452766,66,train,2,4.355112552642822,9.45820426940918,-1
402,3997.5561690449713,3764.774005408585,4232.5810898065565,3935.734539438039,195,train,2,4.25466251373291,9.948328018188477,-1
403,3880.0437086641787,3850.2542724233117,3997.5561690449713,3935.734539438039,49,train,2,4.324165344238281,9.647253036499023,-1
404,3762.531248283386,3850.2542724233117,3880.0437086641787,3935.734539438039,75,train,2,3.725074529647827,9.477007865905762,-1
405,3880.0437086641787,3764.774005408585,3997.5561690449713,3850.2542724233117,63,train,2,4.329365253448486,9.303566932678223,-1
406,3762.531248283386,3764.774005408585,3880.0437086641787,3850.2542724233117,41,train,1,0.8249334692955017,7.504585266113281,-1
407,4467.606010568142,3593.8134713791305,4702.630931329727,3764.774005408585,149,train,2,4.335540771484375,9.743342399597168,-1
408,4350.093550187349,3679.293738393858,4467.606010568142,3764.774005408585,55,train,2,4.666232109069824,10.377901077270508,-1
409,4232.5810898065565,3679.293738393858,4350.093550187349,3764.774005408585,64,train,2,4.890766143798828,9.018653869628906,-1
410,4350.093550187349,3593.8134713791305,4467.606010568142,3679.293738393858,47,train,2,3.5585238933563232,9.26537036895752,-1
411,4232.5810898065565,3593.8134713791305,4350.093550187349,3679.293738393858,42,train,2,4.324291229248047,9.364592552185059,-1
412,4467.606010568142,3422.8529373496767,4702.630931329727,3593.8134713791305,112,train,2,4.386775970458984,9.68635368347168,-1
413,4232.5810898065565,3422.8529373496767,4467.606010568142,3593.8134713791305,107,train,2,4.038361549377441,9.76912784576416,-1
414,3997.5561690449713,3593.8134713791305,4232.5810898065565,3764.774005408585,162,train,2,4.125685214996338,10.143202781677246,-1
415,3762.531248283386,3593.8134713791305,3997.5561690449713,3764.774005408585,154,train,2,3.99798321723938,10.678728103637695,-1
416,3997.5561690449713,3422.8529373496767,4232.5810898065565,3593.8134713791305,157,train,1,1.3657729625701904,9.282527923583984,-1
417,3762.531248283386,3422.8529373496767,3997.5561690449713,3593.8134713791305,118,train,1,1.343131184577942,9.135543823242188,-1
418,5525.218153995275,3337.37267033495,5642.730614376068,3422.8529373496767,62,heldout,-1,,,69
419,5407.705693614483,3337.37267033495,5525.218153995275,3422.8529373496767,63,train,2,6.7433576583862305,11.498805046081543,-1
420,5525.218153995275,3251.892403320223,5642.730614376068,3337.37267033495,54,train,2,6.66206693649292,11.635735511779785,-1
421,5407.705693614483,3251.892403320223,5525.218153995275,3337.37267033495,64,train,2,6.752643585205078,12.041757583618164,-1
422,5290.19323323369,3337.37267033495,5407.705693614483,3422.8529373496767,53,train,2,6.307413101196289,12.378372192382812,-1
423,5172.6807728528975,3337.37267033495,5290.19323323369,3422.8529373496767,91,train,2,6.852168560028076,11.950640678405762,-1
424,5290.19323323369,3251.892403320223,5407.705693614483,3337.37267033495,67,train,2,6.172788619995117,12.311683654785156,-1
425,5172.6807728528975,3251.892403320223,5290.19323323369,3337.37267033495,73,train,2,6.846236228942871,11.971588134765625,-1
426,5407.705693614483,3080.931869290769,5642.730614376068,3251.892403320223,196,train,2,5.407721996307373,12.729395866394043,-1
427,5290.19323323369,3166.412136305496,5407.705693614483,3251.892403320223,63,train,2,6.55387544631958,11.21287727355957,-1
428,5172.6807728528975,3166.412136305496,5290.19323323369,3251.892403320223,45,train,2,6.145296096801758,12.213794708251953,-1
429,5290.19323323369,3080.931869290769,5407.705693614483,3166.412136305496,50,train,2,6.337740421295166,11.98462963104248,-1
430,5172.6807728528975,3080.931869290769,5290.19323323369,3166.412136305496,50,heldout,-1,,,85
431,4937.655852091312,3251.892403320223,5172.6807728528975,3422.8529373496767,156,train,2,4.755058765411377,12.19559383392334,-1
432,4702.630931329727,3251.892403320223,4937.655852091312,3422.8529373496767,115,train,1,0.2807275056838989,8.519010543823242,-1
433,4937.655852091312,3080.931869290769,5172.6807728528975,3251.892403320223,199,train,1,-0.1596904844045639,8.859177589416504,-1
434,4702.630931329727,3080.931869290769,4937.655852091312,3251.892403320223,91,train,1,0.764004111289978,8.269898414611816,-1
435,5525.218153995275,2995.451602276042,5642.730614376068,3080.931869290769,52,train,2,6.4618096351623535,12.437740325927734,-1
436,5407.705693614483,2995.451602276042,5525.218153995275,3080.931869290769,43,train,2,6.192691326141357,12.165009498596191,-1
437,5525.218153995275,2909.9713352613153,5642.730614376068,2995.451602276042,62,train,2,7.299432754516602,11.521886825561523,-1
438,5407.705693614483,2909.9713352613153,5525.218153995275,2995.451602276042,63,train,2,6.68991756439209,11.673434257507324,-1
439,5290.19323323369,2995.451602276042,5407.705693614483,3080.931869290769,67,train,3,8.394774436950684,8.938719749450684,-1
440,5172.6807728528975,2995.451602276042,5290.19323323369,3080.931869290769,70,train,2,6.800460338592529,12.025824546813965,-1
441,5290.19323323369,2909.9713352613153,5407.705693614483,2995.451602276042,77,train,2,6.925593852996826,10.229909896850586,-1
442,5172.6807728528975,2909.9713352613153,5290.19323323369,2995.451602276042,66,heldout,-1,,,74
443,5525.218153995275,2824.491068246588,5642.730614376068,2909.9713352613153,68,train,3,8.660932540893555,10.1985502243042,-1
444,5407.705693614483,2824.491068246588,5525.218153995275,2909.9713352613153,54,train,2,6.125155448913574,12.289358139038086,-1
445,5525.218153995275,2739.010801231861,5642.730614376068,2824.491068246588,68,train,3,8.486446380615234,10.472623825073242,-1
446,5407.705693614483,2739.010801231861,5525.218153995275,2824.491068246588,35,train,2,5.993695259094238,11.97661018371582,-1
447,5172.6807728528975,2739.010801231861,5407.705693614483,2909.9713352613153,181,train,2,5.311568260192871,12.613813400268555,-1
448,4937.655852091312,2909.9713352613153,5172.6807728528975,3080.931869290769,194,train,2,5.087983131408691,12.746011734008789,-1
449,4702.630931329727,2909.9713352613153,4937.655852091312,3080.931869290769,96,train,1,1.1727465391159058,8.241555213928223,-1
450,4937.655852091312,2739.010801231861,5172.6807728528975,2909.9713352613153,92,train,2,4.483917713165283,11.735430717468262,-1
451,4702.630931329727,2739.010801231861,4937.655852091312,2909.9713352613153,185,heldout,-1,,,5
452,4467.606010568142,3251.892403320223,4702.630931329727,3422.8529373496767,71,train,1,0.7355600595474243,8.122642517089844,-1
453,4350.093550187349,3337.37267033495,4467.606010568142,3422.8529373496767,46,train,2,4.303523063659668,9.313305854797363,-1
454,4232.5810898065565,3337.37267033495,4350.093550187349,3422.8529373496767,41,train,2,4.3491597175598145,9.329590797424316,-1
455,4350.093550187349,3251.892403320223,4467.606010568142,3337.37267033495,55,train,1,1.0692782402038574,7.214987277984619,-1
456,4232.5810898065565,3251.892403320223,4350.093550187349,3337.37267033495,64,train,1,-0.9708407521247864,7.074371814727783,-1
457,4467.606010568142,3080.931869290769,4702.630931329727,3251.892403320223,75,train,1,0.7678844332695007,8.362207412719727,-1
458,4350.093550187349,3166.412136305496,4467.606010568142,3251.892403320223,116,train,1,-1.8071447610855103,7.11009407043457,-1
459,4232.5810898065565,3166.412136305496,4350.093550187349,3251.892403320223,89,train,1,-1.3352086544036865,8.0486478805542,-1
460,4350.093550187349,3080.931869290769,4467.606010568142,3166.412136305496,101,train,1,0.5036858916282654,8.605077743530273,-1
461,4232.5810898065565,3080.931869290769,4350.093550187349,3166.412136305496,45,train,1,3.2335681915283203,8.951026916503906,-1
462,3997.5561690449713,3251.892403320223,4232.5810898065565,3422.8529373496767,136,train,1,-0.084184430539608,8.733651161193848,-1
463,3762.531248283386,3251.892403320223,3997.5561690449713,3422.8529373496767,53,train,1,1.3004930019378662,7.663281440734863,-1
464,3997.5561690449713,3080.931869290769,4232.5810898065565,3251.892403320223,161,train,1,-0.11215030401945114,8.984992027282715,-1
465,3762.531248283386,3080.931869290769,3997.5561690449713,3251.892403320223,144,train,2,4.025041103363037,10.284069061279297,-1
466,4467.606010568142,2909.9713352613153,4702.630931329727,3080.931869290769,98,train,1,0.635956883430481,8.616340637207031,-1
467,4232.5810898065565,2909.9713352613153,4467.606010568142,3080.931869290769,191,train,2,4.42293119430542,11.679670333862305,-1
468,4467.606010568142,2739.010801231861,4702.630931329727,2909.9713352613153,77,train,1,1.0596225261688232,7.877427577972412,-1
469,4232.5810898065565,2739.010801231861,4467.606010568142,2909.9713352613153,115,train,2,4.488697052001953,11.471409797668457,-1
470,3997.5561690449713,2909.9713352613153,4232.5810898065565,3080.931869290769,169,train,1,-0.2801973223686218,8.858161926269531,-1
471,3762.531248283386,2909.9713352613153,3997.5561690449713,3080.931869290769,158,train,2,3.931215524673462,10.280730247497559,-1
472,3997.5561690449713,2739.010801231861,4232.5810898065565,2909.9713352613153,148,train,1,-0.21119530498981476,8.711221694946289,-1
473,3880.0437086641787,2824.491068246588,3997.5561690449713,2909.9713352613153,30,train,1,1.0951777696609497,6.717742443084717,-1
474,3762.531248283386,2824.491068246588,3880.0437086641787,2909.9713352613153,58,train,2,4.601703643798828,9.646212577819824,-1
475,3880.0437086641787,2739.010801231861,3997.5561690449713,2824.491068246588,32,train,2,5.020022392272949,10.557157516479492,-1
476,3762.531248283386,2739.010801231861,3880.0437086641787,2824.491068246588,82,train,3,7.921133041381836,8.860639572143555,-1
477,2822.431565237045,5132.458277644217,3292.4814067602156,5474.379345703125,136,train,1,0.039860084652900696,8.897653579711914,-1
478,3292.4814067602156,4790.537209585309,3762.531248283386,5132.458277644217,124,train,1,0.4237463176250458,8.314846992492676,-1
479,2822.431565237045,4790.537209585309,3292.4814067602156,5132.458277644217,173,train,1,0.0596042238175869,8.898563385009766,-1
480,2587.40664447546,5303.418811673671,2822.431565237045,5474.379345703125,36,train,1,1.5229243040084839,7.018449306488037,-1
481,2352.3817237138746,5303.418811673671,2587.40664447546,5474.379345703125,125,train,0,6.507396221160889,2.149308443069458,-1
482,2587.40664447546,5132.458277644217,2822.431565237045,5303.418811673671,43,train,1,1.7848548889160156,6.823737144470215,-1
483,2352.3817237138746,5132.458277644217,2587.40664447546,5303.418811673671,159,train,0,6.2735514640808105,2.5377657413482666,-1
484,1882.3318821907042,5132.458277644217,2352.3817237138746,5474.379345703125,158,train,1,0.24354179203510284,8.880616188049316,-1
485,2352.3817237138746,4961.497743614763,2587.40664447546,5132.458277644217,68,train,1,0.47595760226249695,7.993129730224609,-1
486,2587.40664447546,4790.537209585309,2822.431565237045,4961.497743614763,62,train,1,0.5341864228248596,8.010976791381836,-1
487,2352.3817237138746,4790.537209585309,2587.40664447546,4961.497743614763,58,heldout,-1,,,66
488,1882.3318821907042,4790.537209585309,2352.3817237138746,5132.458277644217,172,train,1,-0.13735643029212952,8.883443832397461,-1
489,3527.506327521801,4619.576675555855,3762.531248283386,4790.537209585309,40,train,1,1.7128708362579346,6.961256504058838,-1
490,3292.4814067602156,4619.576675555855,3527.506327521801,4790.537209585309,72,train,1,1.1437923908233643,8.013819694519043,-1
491,3527.506327521801,4448.616141526401,3762.531248283386,4619.576675555855,99,train,1,0.5316029787063599,8.59037971496582,-1
492,3292.4814067602156,4448.616141526401,3527.506327521801,4619.576675555855,86,train,1,0.7453926801681519,8.453420639038086,-1
493,3057.4564859986303,4619.576675555855,3292.4814067602156,4790.537209585309,74,train,1,0.5201188921928406,8.251815795898438,-1
494,2822.431565237045,4619.576675555855,3057.4564859986303,4790.537209585309,74,train,1,0.6084892153739929,8.396333694458008,-1
495,3057.4564859986303,4448.616141526401,3292.4814067602156,4619.576675555855,35,train,1,1.5013819932937622,7.2689337730407715,-1
496,2822.431565237045,4448.616141526401,3057.4564859986303,4619.576675555855,42,train,1,1.3402100801467896,7.47545051574707,-1
497,3527.506327521801,4277.655607496947,3762.531248283386,4448.616141526401,72,train,1,0.9241054654121399,8.00849437713623,-1
498,3292.4814067602156,4277.655607496947,3527.506327521801,4448.616141526401,55,train,1,1.142388105392456,7.613480091094971,-1
499,3527.506327521801,4106.695073467493,3762.531248283386,4277.655607496947,78,train,1,0.9404352307319641,8.063156127929688,-1
500,3292.4814067602156,4106.695073467493,3527.506327521801,4277.655607496947,40,train,1,1.416060447692871,7.391739368438721,-1
501,2822.431565237045,4106.695073467493,3292.4814067602156,4448.616141526401,166,train,1,0.19804011285305023,8.99852180480957,-1
502,2587.40664447546,4619.576675555855,2822.431565237045,4790.537209585309,96,train,1,0.40470752120018005,8.696235656738281,-1
503,2352.3817237138746,4619.576675555855,2587.40664447546,4790.537209585309,83,train,1,0.9893448948860168,8.195724487304688,-1
504,2587.40664447546,4448.616141526401,2822.431565237045,4619.576675555855,49,train,1,1.2362568378448486,7.6591010093688965,-1
505,2352.3817237138746,4448.616141526401,2587.40664447546,4619.576675555855,47,train,1,1.188167929649353,7.984031677246094,-1
506,1882.3318821907042,4448.616141526401,2352.3817237138746,4790.537209585309,123,train,1,0.19119714200496674,8.9534273147583,-1
507,2352.3817237138746,4106.695073467493,2822.431565237045,4448.616141526401,143,train,1,0.2085997760295868,8.997688293457031,-1
508,1882.3318821907042,4106.695073467493,2352.3817237138746,4448.616141526401,159,train,1,0.03531649336218834,9.08615779876709,-1
509,1412.2820406675337,5132.458277644217,1882.3318821907042,5474.379345703125,142,train,0,5.790231704711914,3.262770414352417,-1
510,1177.2571199059485,5303.418811673671,1412.2820406675337,5474.379345703125,28,train,1,1.2883542776107788,6.557941913604736,-1
511,942.2321991443633,5303.418811673671,1177.2571199059485,5474.379345703125,67,train,1,0.8853282928466797,7.76107931137085,-1
512,1177.2571199059485,5132.458277644217,1412.2820406675337,5303.418811673671,35,train,1,1.7468565702438354,7.006204128265381,-1
513,942.2321991443633,5132.458277644217,1177.2571199059485,5303.418811673671,103,train,1,0.8599742650985718,9.01773452758789,-1
514,1412.2820406675337,4961.497743614763,1647.306961429119,5132.458277644217,117,train,0,6.510406494140625,2.7480204105377197,-1
515,1647.306961429119,4790.537209585309,1882.3318821907042,4961.497743614763,33,heldout,-1,,,48
516,1529.7945010483263,4876.017476600036,1647.306961429119,4961.497743614763,38,train,0,7.937389373779297,4.322630405426025,-1
517,1412.2820406675337,4876.017476600036,1529.7945010483263,4961.497743614763,64,train,0,8.830818176269531,3.0183351039886475,-1
518,1529.7945010483263,4790.537209585309,1647.306961429119,4876.017476600036,47,train,0,8.830845832824707,2.986891984939575,-1
519,1412.2820406675337,4790.537209585309,1529.7945010483263,4876.017476600036,57,heldout,-1,,,86
520,1177.2571199059485,4961.497743614763,1412.2820406675337,5132.458277644217,164,train,0,6.261231899261475,2.5377955436706543,-1
521,942.2321991443633,4961.497743614763,1177.2571199059485,5132.458277644217,61,train,1,2.00766658782959,7.048615455627441,-1
522,1294.769580286741,4876.017476600036,1412.2820406675337,4961.497743614763,54,train,0,9.442362785339355,2.6107327938079834,-1
523,1177.2571199059485,4876.017476600036,1294.769580286741,4961.497743614763,61,train,0,8.03824520111084,3.154107093811035,-1
524,1294.769580286741,4790.537209585309,1412.2820406675337,4876.017476600036,59,train,0,8.418591499328613,3.0075321197509766,-1
525,1177.2571199059485,4790.537209585309,1294.769580286741,4876.017476600036,68,train,0,9.597747802734375,3.4874186515808105,-1
526,1059.7446595251558,4876.017476600036,1177.2571199059485,4961.497743614763,62,train,0,9.805699348449707,3.3671252727508545,-1
527,942.2321991443633,4876.017476600036,1059.7446595251558,4961.497743614763,47,train,0,7.297155380249023,2.504647731781006,-1
528,1059.7446595251558,4790.537209585309,1177.2571199059485,4876.017476600036,45,train,0,9.881059646606445,3.563225507736206,-1
529,942.2321991443633,4790.537209585309,1059.7446595251558,4876.017476600036,65,train,0,6.559147357940674,2.8839187622070312,-1
530,824.7197387635707,5388.899078688399,942.2321991443633,5474.379345703125,46,train,2,4.380706787109375,10.568449020385742,-1
531,707.2072783827781,5388.899078688399,824.7197387635707,5474.379345703125,61,train,2,6.141499996185303,10.309165000915527,-1
532,824.7197387635707,5303.418811673671,942.2321991443633,5388.899078688399,47,train,2,5.101075172424316,10.629559516906738,-1
533,707.2072783827781,5303.418811673671,824.7197387635707,5388.899078688399,67,train,2,5.976278781890869,10.360373497009277,-1
534,589.6948180019855,5388.899078688399,707.2072783827781,5474.379345703125,59,train,2,5.996407508850098,10.455906867980957,-1
535,472.1823576211929,5388.899078688399,589.6948180019855,5474.379345703125,57,train,3,8.249388694763184,9.003026962280273,-1
536,589.6948180019855,5303.418811673671,707.2072783827781,5388.899078688399,33,train,2,4.663783550262451,10.471094131469727,-1
537,472.1823576211929,5303.418811673671,589.6948180019855,5388.899078688399,54,train,2,5.250731945037842,10.350317001342773,-1
538,824.7197387635707,5217.938544658944,942.2321991443633,5303.418811673671,45,train,2,5.029688835144043,10.633757591247559,-1
539,707.2072783827781,5217.938544658944,824.7197387635707,5303.418811673671,66,train,2,5.49887752532959,10.279279708862305,-1
540,824.7197387635707,5132.458277644217,942.2321991443633,5217.938544658944,46,train,1,0.6070043444633484,7.505913734436035,-1
541,707.2072783827781,5132.458277644217,824.7197387635707,5217.938544658944,49,train,2,4.565082550048828,10.523642539978027,-1
542,589.6948180019855,5217.938544658944,707.2072783827781,5303.418811673671,44,train,2,5.294075012207031,10.295746803283691,-1
543,472.1823576211929,5217.938544658944,589.6948180019855,5303.418811673671,47,train,2,5.254375457763672,10.348530769348145,-1
544,589.6948180019855,5132.458277644217,707.2072783827781,5217.938544658944,68,train,2,5.344682216644287,10.179161071777344,-1
545,472.1823576211929,5132.458277644217,589.6948180019855,5217.938544658944,68,train,2,5.426804065704346,10.537054061889648,-1
546,354.6698972404003,5388.899078688399,472.1823576211929,5474.379345703125,42,train,2,4.906161785125732,10.69178581237793,-1
547,237.15743685960769,5388.899078688399,354.6698972404003,5474.379345703125,64,train,1,-0.9993930459022522,6.946394920349121,-1
548,354.6698972404003,5303.418811673671,472.1823576211929,5388.899078688399,38,train,2,5.058957099914551,10.602555274963379,-1
549,237.15743685960769,5303.418811673671,354.6698972404003,5388.899078688399,59,train,2,4.80811882019043,10.678413391113281,-1
550,119.64497647881507,5388.899078688399,237.15743685960769,5474.379345703125,101,train,1,-1.8994543552398682,7.16036319732666,-1
551,2.1325160980224607,5388.899078688399,119.64497647881507,5474.379345703125,86,train,1,-1.8207957744598389,7.795619487762451,-1
552,119.64497647881507,5303.418811673671,237.15743685960769,5388.899078688399,54,train,1,-0.19099585711956024,7.443908214569092,-1
553,2.1325160980224607,5303.418811673671,119.64497647881507,5388.899078688399,66,train,1,-0.8832529783248901,7.651510715484619,-1
554,354.6698972404003,5217.938544658944,472.1823576211929,5303.418811673671,70,train,3,8.642778396606445,8.89686393737793,-1
555,237.15743685960769,5217.938544658944,354.6698972404003,5303.418811673671,49,train,2,5.501150608062744,10.489315032958984,-1
556,354.6698972404003,5132.458277644217,472.1823576211929,5217.938544658944,70,train,2,5.390446186065674,10.447871208190918,-1
557,237.15743685960769,5132.458277644217,354.6698972404003,5217.938544658944,51,train,3,8.544803619384766,10.243614196777344,-1
558,119.64497647881507,5217.938544658944,237.15743685960769,5303.418811673671,54,train,2,5.108096122741699,10.637359619140625,-1
559,2.1325160980224607,5217.938544658944,119.64497647881507,5303.418811673671,73,train,1,-1.128311038017273,7.027045249938965,-1
560,119.64497647881507,5132.458277644217,237.15743685960769,5217.938544658944,56,train,2,5.380958080291748,10.476806640625,-1
561,2.1325160980224607,5132.458277644217,119.64497647881507,5217.938544658944,78,train,1,-0.8310613632202148,7.849821090698242,-1
562,824.7197387635707,5046.978010629489,942.2321991443633,5132.458277644217,36,heldout,-1,,,61
563,707.2072783827781,5046.978010629489,824.7197387635707,5132.458277644217,71,train,1,-0.9786092042922974,6.980356216430664,-1
564,824.7197387635707,4961.497743614763,942.2321991443633,5046.978010629489,30,train,1,1.040858507156372,6.598937511444092,-1
565,707.2072783827781,4961.497743614763,824.7197387635707,5046.978010629489,81,heldout,-1,,,43
566,589.6948180019855,5046.978010629489,707.2072783827781,5132.458277644217,71,train,2,4.758208751678467,10.213303565979004,-1
567,472.1823576211929,5046.978010629489,589.6948180019855,5132.458277644217,49,train,2,4.5731658935546875,10.435171127319336,-1
568,589.6948180019855,4961.497743614763,707.2072783827781,5046.978010629489,47,train,1,0.13179926574230194,7.414949893951416,-1
569,472.1823576211929,4961.497743614763,589.6948180019855,5046.978010629489,53,train,2,4.863874435424805,10.592127799987793,-1
570,824.7197387635707,4876.017476600036,942.2321991443633,4961.497743614763,52,train,1,0.3131048381328583,7.421274185180664,-1
571,707.2072783827781,4876.017476600036,824.7197387635707,4961.497743614763,92,train,1,-1.139090895652771,6.9879608154296875,-1
572,824.7197387635707,4790.537209585309,942.2321991443633,4876.017476600036,69,heldout,-1,,,20
573,707.2072783827781,4790.537209585309,824.7197387635707,4876.017476600036,88,train,1,-0.8660682439804077,7.616772174835205,-1
574,589.6948180019855,4876.017476600036,707.2072783827781,4961.497743614763,90,train,1,-1.049619436264038,7.066143989562988,-1
575,472.1823576211929,4876.017476600036,589.6948180019855,4961.497743614763,75,train,2,5.0619683265686035,10.664841651916504,-1
576,589.6948180019855,4790.537209585309,707.2072783827781,4876.017476600036,73,train,0,5.926692962646484,3.050111770629883,-1
577,472.1823576211929,4790.537209585309,589.6948180019855,4876.017476600036,131,train,1,-1.554755687713623,7.862844944000244,-1
578,354.6698972404003,5046.978010629489,472.1823576211929,5132.458277644217,66,train,2,4.777421474456787,10.439125061035156,-1
579,237.15743685960769,5046.978010629489,354.6698972404003,5132.458277644217,57,train,2,4.996694087982178,10.637441635131836,-1
580,354.6698972404003,4961.497743614763,472.1823576211929,5046.978010629489,80,train,2,4.5487189292907715,10.690522193908691,-1
581,237.15743685960769,4961.497743614763,354.6698972404003,5046.978010629489,76,train,2,5.385406970977783,10.571342468261719,-1
582,119.64497647881507,5046.978010629489,237.15743685960769,5132.458277644217,94,train,2,4.417844772338867,10.666723251342773,-1
583,2.1325160980224607,5046.978010629489,119.64497647881507,5132.458277644217,104,train,1,-1.2630908489227295,7.875497817993164,-1
584,119.64497647881507,4961.497743614763,237.15743685960769,5046.978010629489,97,train,2,4.656358242034912,10.755273818969727,-1
585,2.1325160980224607,4961.497743614763,119.64497647881507,5046.978010629489,102,train,2,4.791297435760498,10.786670684814453,-1
586,354.6698972404003,4876.017476600036,472.1823576211929,4961.497743614763,104,train,2,4.576510429382324,10.724852561950684,-1
587,237.15743685960769,4876.017476600036,354.6698972404003,4961.497743614763,85,train,2,5.338083267211914,10.545770645141602,-1
588,354.6698972404003,4790.537209585309,472.1823576211929,4876.017476600036,169,train,1,-1.9506222009658813,7.25853967666626,-1
589,237.15743685960769,4790.537209585309,354.6698972404003,4876.017476600036,120,train,1,-1.2731430530548096,8.026633262634277,-1
590,119.64497647881507,4876.017476600036,237.15743685960769,4961.497743614763,71,train,2,5.190423011779785,10.309293746948242,-1
591,2.1325160980224607,4876.017476600036,119.64497647881507,4961.497743614763,87,train,2,5.0597734451293945,10.707011222839355,-1
592,119.64497647881507,4790.537209585309,237.15743685960769,4876.017476600036,85,train,1,-0.6626710891723633,7.76342248916626,-1
593,2.1325160980224607,4790.537209585309,119.64497647881507,4876.017476600036,53,train,2,5.1876959800720215,10.54654312133789,-1
594,1647.306961429119,4619.576675555855,1882.3318821907042,4790.537209585309,41,train,0,7.0818562507629395,3.164867401123047,-1
595,1412.2820406675337,4619.576675555855,1647.306961429119,4790.537209585309,159,train,0,6.456454277038574,2.298786163330078,-1
596,1647.306961429119,4448.616141526401,1882.3318821907042,4619.576675555855,79,train,0,6.833486557006836,3.0738213062286377,-1
597,1412.2820406675337,4448.616141526401,1647.306961429119,4619.576675555855,191,train,0,6.082791328430176,2.4391887187957764,-1
598,1294.769580286741,4705.056942570582,1412.2820406675337,4790.537209585309,61,train,0,8.875626564025879,2.986001968383789,-1
599,1177.2571199059485,4705.056942570582,1294.769580286741,4790.537209585309,60,train,0,9.889544486999512,3.3559577465057373,-1
600,1294.769580286741,4619.576675555855,1412.2820406675337,4705.056942570582,68,train,0,9.128629684448242,3.5772016048431396,-1
601,1177.2571199059485,4619.576675555855,1294.769580286741,4705.056942570582,75,train,0,9.053552627563477,4.548471450805664,-1
602,1059.7446595251558,4705.056942570582,1177.2571199059485,4790.537209585309,62,train,0,8.618656158447266,2.775700569152832,-1
603,942.2321991443633,4705.056942570582,1059.7446595251558,4790.537209585309,57,train,0,8.913494110107422,3.7541167736053467,-1
604,1059.7446595251558,4619.576675555855,1177.2571199059485,4705.056942570582,63,train,0,9.848193168640137,5.0346903800964355,-1
605,942.2321991443633,4619.576675555855,1059.7446595251558,4705.056942570582,47,train,0,8.09933090209961,2.905501365661621,-1
606,1294.769580286741,4534.096408541129,1412.2820406675337,4619.576675555855,53,train,0,8.188236236572266,2.9897871017456055,-1
607,1177.2571199059485,4534.096408541129,1294.769580286741,4619.576675555855,68,train,0,9.845376014709473,3.9485886096954346,-1
608,1294.769580286741,4448.616141526401,1412.2820406675337,4534.096408541129,60,train,0,8.56467056274414,4.923884868621826,-1
609,1177.2571199059485,4448.616141526401,1294.769580286741,4534.096408541129,48,train,3,8.901841163635254,8.255118370056152,-1
610,942.2321991443633,4448.616141526401,1177.2571199059485,4619.576675555855,198,train,0,6.320133686065674,2.1454737186431885,-1
611,1412.2820406675337,4106.695073467493,1882.3318821907042,4448.616141526401,185,train,0,6.08266544342041,2.5346662998199463,-1
612,1177.2571199059485,4277.655607496947,1412.2820406675337,4448.616141526401,155,train,0,6.7818922996521,2.3450284004211426,-1
613,1059.7446595251558,4363.135874511674,1177.2571199059485,4448.616141526401,50,train,0,8.454541206359863,3.0292208194732666,-1
614,942.2321991443633,4363.135874511674,1059.7446595251558,4448.616141526401,62,train,0,6.797116756439209,2.405345916748047,-1
615,1059.7446595251558,4277.655607496947,1177.2571199059485,4363.135874511674,73,train,0,9.951467514038086,3.3347532749176025,-1
616,942.2321991443633,4277.655607496947,1059.7446595251558,4363.135874511674,43,heldout,-1,,,91
617,1177.2571199059485,4106.695073467493,1412.2820406675337,4277.655607496947,82,train,0,7.266441822052002,1.4442086219787598,-1
618,942.2321991443633,4106.695073467493,1177.2571199059485,4277.655607496947,200,train,0,6.483283996582031,1.8331732749938965,-1
619,707.2072783827781,4619.576675555855,942.2321991443633,4790.537209585309,179,train,0,6.563506126403809,1.7470965385437012,-1
620,589.6948180019855,4705.056942570582,707.2072783827781,4790.537209585309,61,train,0,5.804434299468994,3.2082812786102295,-1
621,472.1823576211929,4705.056942570582,589.6948180019855,4790.537209585309,79,train,1,0.10289515554904938,7.4943366050720215,-1
622,589.6948180019855,4619.576675555855,707.2072783827781,4705.056942570582,38,train,0,7.048370838165283,3.134838104248047,-1
623,472.1823576211929,4619.576675555855,589.6948180019855,4705.056942570582,45,train,2,4.770863056182861,10.528948783874512,-1
624,707.2072783827781,4448.616141526401,942.2321991443633,4619.576675555855,179,train,0,6.040408611297607,2.267296075820923,-1
625,589.6948180019855,4534.096408541129,707.2072783827781,4619.576675555855,73,train,0,6.635251522064209,2.5570671558380127,-1
626,472.1823576211929,4534.096408541129,589.6948180019855,4619.576675555855,75,train,2,5.042539119720459,9.994848251342773,-1
627,589.6948180019855,4448.616141526401,707.2072783827781,4534.096408541129,61,heldout,-1,,,1
628,472.1823576211929,4448.616141526401,589.6948180019855,4534.096408541129,85,train,2,5.25755500793457,10.607654571533203,-1
629,354.6698972404003,4705.056942570582,472.1823576211929,4790.537209585309,158,train,1,-1.9545079469680786,7.3318257331848145,-1
630,237.15743685960769,4705.056942570582,354.6698972404003,4790.537209585309,114,train,2,4.200511932373047,10.458133697509766,-1
631,354.6698972404003,4619.576675555855,472.1823576211929,4705.056942570582,65,train,1,0.949815034866333,7.413467884063721,-1
632,237.15743685960769,4619.576675555855,354.6698972404003,4705.056942570582,94,train,2,5.046515941619873,10.497818946838379,-1
633,119.64497647881507,4705.056942570582,237.15743685960769,4790.537209585309,73,train,1,0.14084266126155853,7.855350494384766,-1
634,2.1325160980224607,4705.056942570582,119.64497647881507,4790.537209585309,75,train,2,5.40601921081543,10.485983848571777,-1
635,119.64497647881507,4619.576675555855,237.15743685960769,4705.056942570582,74,train,2,4.5109477043151855,10.557272911071777,-1
636,2.1325160980224607,4619.576675555855,119.64497647881507,4705.056942570582,71,train,2,4.032800197601318,11.068371772766113,-1
637,354.6698972404003,4534.096408541129,472.1823576211929,4619.576675555855,72,train,2,4.936180114746094,10.70678997039795,-1
638,237.15743685960769,4534.096408541129,354.6698972404003,4619.576675555855,55,train,2,4.610694408416748,10.524572372436523,-1
639,354.6698972404003,4448.616141526401,472.1823576211929,4534.096408541129,55,train,2,7.609160900115967,9.376099586486816,-1
640,237.15743685960769,4448.616141526401,354.6698972404003,4534.096408541129,61,train,1,0.6652035117149353,7.565948486328125,-1
641,119.64497647881507,4534.096408541129,237.15743685960769,4619.576675555855,100,train,2,4.459449291229248,10.730109214782715,-1
642,2.1325160980224607,4534.096408541129,119.64497647881507,4619.576675555855,54,train,2,4.542121410369873,10.910265922546387,-1
643,119.64497647881507,4448.616141526401,237.15743685960769,4534.096408541129,166,train,1,-1.9775588512420654,7.478708267211914,-1
644,2.1325160980224607,4448.616141526401,119.64497647881507,4534.096408541129,76,train,2,4.505373477935791,10.902487754821777,-1
645,707.2072783827781,4277.655607496947,942.2321991443633,4448.616141526401,195,train,0,6.563767433166504,1.7634007930755615,-1
646,589.6948180019855,4363.135874511674,707.2072783827781,4448.616141526401,54,train,0,7.934320449829102,3.4251065254211426,-1
647,472.1823576211929,4363.135874511674,589.6948180019855,4448.616141526401,89,train,2,4.702118396759033,10.994099617004395,-1
648,589.6948180019855,4277.655607496947,707.2072783827781,4363.135874511674,58,train,0,9.858083724975586,3.2817575931549072,-1
649,472.1823576211929,4277.655607496947,589.6948180019855,4363.135874511674,78,train,0,6.773190498352051,2.767179489135742,-1
650,707.2072783827781,4106.695073467493,942.2321991443633,4277.655607496947,182,train,0,6.562009334564209,1.7838760614395142,-1
651,589.6948180019855,4192.175340482219,707.2072783827781,4277.655607496947,53,train,0,7.775728225708008,1.9883733987808228,-1
652,472.1823576211929,4192.175340482219,589.6948180019855,4277.655607496947,56,train,0,7.343260765075684,2.1653072834014893,-1
653,589.6948180019855,4106.695073467493,707.2072783827781,4192.175340482219,67,train,0,7.674065113067627,1.9674336910247803,-1
654,472.1823576211929,4106.695073467493,589.6948180019855,4192.175340482219,63,train,0,7.607698917388916,1.817376732826233,-1
655,354.6698972404003,4363.135874511674,472.1823576211929,4448.616141526401,53,train,2,7.7602434158325195,9.253422737121582,-1
656,237.15743685960769,4363.135874511674,354.6698972404003,4448.616141526401,72,train,2,4.57742977142334,10.77517318725586,-1
657,354.6698972404003,4277.655607496947,472.1823576211929,4363.135874511674,105,train,2,5.123417854309082,10.663865089416504,-1
658,237.15743685960769,4277.655607496947,354.6698972404003,4363.135874511674,72,train,2,5.2319159507751465,10.545354843139648,-1
659,119.64497647881507,4363.135874511674,237.15743685960769,4448.616141526401,137,train,1,-1.265299916267395,7.060399532318115,-1
660,2.1325160980224607,4363.135874511674,119.64497647881507,4448.616141526401,116,train,2,3.9576773643493652,11.120298385620117,-1
661,119.64497647881507,4277.655607496947,237.15743685960769,4363.135874511674,129,train,1,-1.2057464122772217,6.924744129180908,-1
662,2.1325160980224607,4277.655607496947,119.64497647881507,4363.135874511674,140,train,1,-1.5866763591766357,7.985930919647217,-1
663,354.6698972404003,4192.175340482219,472.1823576211929,4277.655607496947,71,train,1,0.2487579882144928,7.5202155113220215,-1
664,237.15743685960769,4192.175340482219,354.6698972404003,4277.655607496947,65,train,0,7.047651767730713,2.535633087158203,-1
665,354.6698972404003,4106.695073467493,472.1823576211929,4192.175340482219,38,train,0,7.627339839935303,2.5884652137756348,-1
666,237.15743685960769,4106.695073467493,354.6698972404003,4192.175340482219,53,train,0,7.966809272766113,4.106377601623535,-1
667,119.64497647881507,4192.175340482219,237.15743685960769,4277.655607496947,66,train,0,7.432091236114502,1.5264809131622314,-1
668,2.1325160980224607,4192.175340482219,119.64497647881507,4277.655607496947,143,train,1,-1.8169670104980469,7.818495273590088,-1
669,119.64497647881507,4106.695073467493,237.15743685960769,4192.175340482219,50,train,0,7.901394367218018,3.3567655086517334,-1
670,2.1325160980224607,4106.695073467493,119.64497647881507,4192.175340482219,68,train,0,6.269128799438477,2.8727798461914062,-1
671,3527.506327521801,3935.734539438039,3762.531248283386,4106.695073467493,90,train,1,0.6670442819595337,8.639122009277344,-1
672,3292.4814067602156,3935.734539438039,3527.506327521801,4106.695073467493,116,heldout,-1,,,35
673,3527.506327521801,3764.774005408585,3762.531248283386,3935.734539438039,170,train,1,-0.09754415601491928,8.896284103393555,-1
674,3292.4814067602156,3764.774005408585,3527.506327521801,3935.734539438039,120,train,1,0.0164162740111351,8.446208000183105,-1
675,3057.4564859986303,3935.734539438039,3292.4814067602156,4106.695073467493,77,train,1,0.774814248085022,8.338932991027832,-1
676,2822.431565237045,3935.734539438039,3057.4564859986303,4106.695073467493,36,train,1,1.4940948486328125,7.15186071395874,-1
677,3057.4564859986303,3764.774005408585,3292.4814067602156,3935.734539438039,84,train,1,0.3948274850845337,8.51505184173584,-1
678,2822.431565237045,3764.774005408585,3057.4564859986303,3935.734539438039,74,train,1,1.1666826009750366,8.014143943786621,-1
679,3645.0187879025934,3679.293738393858,3762.531248283386,3764.774005408585,61,train,1,-1.1469627618789673,7.84420919418335,-1
680,3527.506327521801,3679.293738393858,3645.0187879025934,3764.774005408585,65,train,1,-1.320726990699768,6.9577484130859375,-1
681,3645.0187879025934,3593.8134713791305,3762.531248283386,3679.293738393858,63,train,1,0.6194484233856201,7.705246925354004,-1
682,3527.506327521801,3593.8134713791305,3645.0187879025934,3679.293738393858,38,train,1,0.8118231296539307,6.716818332672119,-1
683,3292.4814067602156,3593.8134713791305,3527.506327521801,3764.774005408585,95,train,1,0.1944604218006134,8.017765998840332,-1
684,3527.506327521801,3422.8529373496767,3762.531248283386,3593.8134713791305,102,train,1,0.5067912340164185,8.761385917663574,-1
685,3292.4814067602156,3422.8529373496767,3527.506327521801,3593.8134713791305,71,train,1,1.244187593460083,7.836729526519775,-1
686,3057.4564859986303,3593.8134713791305,3292.4814067602156,3764.774005408585,116,train,1,-0.03395890071988106,8.679801940917969,-1
687,2822.431565237045,3593.8134713791305,3057.4564859986303,3764.774005408585,87,train,1,0.6444261074066162,8.526335716247559,-1
688,3057.4564859986303,3422.8529373496767,3292.4814067602156,3593.8134713791305,65,heldout,-1,,,36
689,2822.431565237045,3422.8529373496767,3057.4564859986303,3593.8134713791305,120,heldout,-1,,,33
690,2352.3817237138746,3764.774005408585,2822.431565237045,4106.695073467493,190,train,1,0.041296303272247314,9.000782012939453,-1
691,1882.3318821907042,3764.774005408585,2352.3817237138746,4106.695073467493,171,train,1,0.15818703174591064,9.104890823364258,-1
692,2587.40664447546,3593.8134713791305,2822.431565237045,3764.774005408585,120,train,1,0.4249019920825958,8.7454252243042,-1
693,2352.3817237138746,3593.8134713791305,2587.40664447546,3764.774005408585,119,train,1,0.4623817205429077,8.299989700317383,-1
694,2704.9191048562525,3508.3332043644036,2822.431565237045,3593.8134713791305,84,train,1,-1.2646387815475464,6.918203353881836,-1
695,2587.40664447546,3508.3332043644036,2704.9191048562525,3593.8134713791305,54,train,1,0.08519624918699265,6.818941116333008,-1
696,2704.9191048562525,3422.8529373496767,2822.431565237045,3508.3332043644036,124,train,1,-1.698012113571167,7.92387580871582,-1
697,2587.40664447546,3422.8529373496767,2704.9191048562525,3508.3332043644036,113,train,1,-1.380707025527954,7.995551109313965,-1
698,2352.3817237138746,3422.8529373496767,2587.40664447546,3593.8134713791305,111,train,1,0.4850632846355438,8.819525718688965,-1
699,2117.3568029522894,3593.8134713791305,2352.3817237138746,3764.774005408585,96,train,1,1.1505903005599976,8.377171516418457,-1
700,1882.3318821907042,3593.8134713791305,2117.3568029522894,3764.774005408585,155,train,1,1.1132546663284302,8.395874977111816,-1
701,2234.869263333082,3508.3332043644036,2352.3817237138746,3593.8134713791305,99,train,1,0.956855833530426,8.391905784606934,-1
702,2117.3568029522894,3508.3332043644036,2234.869263333082,3593.8134713791305,170,train,1,-2.0029475688934326,7.46052885055542,-1
703,2234.869263333082,3422.8529373496767,2352.3817237138746,3508.3332043644036,136,train,1,-1.9797176122665405,7.428431987762451,-1
704,2117.3568029522894,3422.8529373496767,2234.869263333082,3508.3332043644036,136,train,1,-1.3525010347366333,8.154679298400879,-1
705,1999.8443425714968,3508.3332043644036,2117.3568029522894,3593.8134713791305,136,train,1,-1.5473051071166992,8.01694393157959,-1
706,1882.3318821907042,3508.3332043644036,1999.8443425714968,3593.8134713791305,146,train,1,-1.962106704711914,7.448544025421143,-1
707,1999.8443425714968,3422.8529373496767,2117.3568029522894,3508.3332043644036,108,train,2,4.555911064147949,10.033949851989746,-1
708,1882.3318821907042,3422.8529373496767,1999.8443425714968,3508.3332043644036,144,heldout,-1,,,79
709,3527.506327521801,3251.892403320223,3762.531248283386,3422.8529373496767,50,train,1,1.2430928945541382,7.773468494415283,-1
710,3292.4814067602156,3251.892403320223,3527.506327521801,3422.8529373496767,65,heldout,-1,,,67
711,3645.0187879025934,3166.412136305496,3762.531248283386,3251.892403320223,50,train,2,4.589264392852783,9.201766014099121,-1
712,3527.506327521801,3166.412136305496,3645.0187879025934,3251.892403320223,58,train,2,4.999605655670166,9.00564193725586,-1
713,3645.0187879025934,3080.931869290769,3762.531248283386,3166.412136305496,54,train,2,4.413214206695557,9.354628562927246,-1
714,3527.506327521801,3080.931869290769,3645.0187879025934,3166.412136305496,49,train,2,4.79403018951416,9.049230575561523,-1
715,3292.4814067602156,3080.931869290769,3527.506327521801,3251.892403320223,62,train,1,0.8442213535308838,8.181605339050293,-1
716,3057.4564859986303,3251.892403320223,3292.4814067602156,3422.8529373496767,63,train,1,1.026803731918335,8.20475959777832,-1
717,2822.431565237045,3251.892403320223,3057.4564859986303,3422.8529373496767,200,train,1,1.0058261156082153,9.264880180358887,-1
718,3057.4564859986303,3080.931869290769,3292.4814067602156,3251.892403320223,96,train,1,0.5510304570198059,8.566893577575684,-1
719,2939.9440256178377,3166.412136305496,3057.4564859986303,3251.892403320223,73,train,1,-1.0392255783081055,6.850861549377441,-1
720,2822.431565237045,3166.412136305496,2939.9440256178377,3251.892403320223,65,train,1,-1.177746057510376,7.930156230926514,-1
721,2939.9440256178377,3080.931869290769,3057.4564859986303,3166.412136305496,77,train,1,-1.3710864782333374,6.9457597732543945,-1
722,2822.431565237045,3080.931869290769,2939.9440256178377,3166.412136305496,79,train,2,4.062138080596924,9.408609390258789,-1
723,3645.0187879025934,2995.451602276042,3762.531248283386,3080.931869290769,63,train,2,4.481914520263672,9.37093734741211,-1
724,3527.506327521801,2995.451602276042,3645.0187879025934,3080.931869290769,28,train,2,3.1613128185272217,9.018951416015625,-1
725,3645.0187879025934,2909.9713352613153,3762.531248283386,2995.451602276042,69,train,3,8.215860366821289,8.706315040588379,-1
726,3527.506327521801,2909.9713352613153,3645.0187879025934,2995.451602276042,46,train,2,4.44386625289917,10.395480155944824,-1
727,3292.4814067602156,2909.9713352613153,3527.506327521801,3080.931869290769,80,heldout,-1,,,53
728,3527.506327521801,2739.010801231861,3762.531248283386,2909.9713352613153,163,heldout,-1,,,73
729,3292.4814067602156,2739.010801231861,3527.506327521801,2909.9713352613153,68,train,1,1.1249438524246216,8.159627914428711,-1
730,3057.4564859986303,2909.9713352613153,3292.4814067602156,3080.931869290769,122,heldout,-1,,,34
731,2939.9440256178377,2995.451602276042,3057.4564859986303,3080.931869290769,97,train,1,-1.881118655204773,7.34604549407959,-1
732,2822.431565237045,2995.451602276042,2939.9440256178377,3080.931869290769,92,train,2,5.10164213180542,9.433379173278809,-1
733,2939.9440256178377,2909.9713352613153,3057.4564859986303,2995.451602276042,86,train,1,-1.782628059387207,7.640318870544434,-1
734,2822.431565237045,2909.9713352613153,2939.9440256178377,2995.451602276042,48,train,2,4.8154754638671875,8.967782974243164,-1
735,3057.4564859986303,2739.010801231861,3292.4814067602156,2909.9713352613153,79,train,1,0.8006003499031067,8.596435546875,-1
736,2939.9440256178377,2824.491068246588,3057.4564859986303,2909.9713352613153,71,heldout,-1,,,93
737,2822.431565237045,2824.491068246588,2939.9440256178377,2909.9713352613153,59,train,2,4.855298042297363,9.02286148071289,-1
738,2939.9440256178377,2739.010801231861,3057.4564859986303,2824.491068246588,64,train,1,-1.0808159112930298,6.990192413330078,-1
739,2822.431565237045,2739.010801231861,2939.9440256178377,2824.491068246588,54,train,2,4.090515613555908,9.429302215576172,-1
740,2704.9191048562525,3337.37267033495,2822.431565237045,3422.8529373496767,83,train,1,-1.1154533624649048,6.844299793243408,-1
741,2587.40664447546,3337.37267033495,2704.9191048562525,3422.8529373496767,130,train,1,-1.5930486917495728,7.9015655517578125,-1
742,2704.9191048562525,3251.892403320223,2822.431565237045,3337.37267033495,48,train,1,-0.780917763710022,7.8623552322387695,-1
743,2587.40664447546,3251.892403320223,2704.9191048562525,3337.37267033495,77,train,1,-0.9652847647666931,7.300495624542236,-1
744,2352.3817237138746,3251.892403320223,2587.40664447546,3422.8529373496767,178,train,1,0.4056206941604614,9.098288536071777,-1
745,2704.9191048562525,3166.412136305496,2822.431565237045,3251.892403320223,59,train,1,-0.9510788321495056,7.946781158447266,-1
746,2587.40664447546,3166.412136305496,2704.9191048562525,3251.892403320223,63,train,1,-1.0820740461349487,8.085536003112793,-1
747,2704.9191048562525,3080.931869290769,2822.431565237045,3166.412136305496,47,train,2,3.4286062717437744,9.23416519165039,-1
748,2587.40664447546,3080.931869290769,2704.9191048562525,3166.412136305496,39,train,1,1.0877469778060913,7.189269065856934,-1
749,2469.8941840946673,3166.412136305496,2587.40664447546,3251.892403320223,65,train,1,-0.5683434009552002,7.68986177444458,-1
750,2352.3817237138746,3166.412136305496,2469.8941840946673,3251.892403320223,54,train,1,1.780160903930664,6.536350250244141,-1
751,2469.8941840946673,3080.931869290769,2587.40664447546,3166.412136305496,48,train,1,0.6869351863861084,7.031332492828369,-1
752,2352.3817237138746,3080.931869290769,2469.8941840946673,3166.412136305496,49,train,1,1.8813408613204956,6.795629978179932,-1
753,2234.869263333082,3337.37267033495,2352.3817237138746,3422.8529373496767,107,train,1,-1.6968393325805664,7.801853656768799,-1
754,2117.3568029522894,3337.37267033495,2234.869263333082,3422.8529373496767,106,train,1,1.2869374752044678,9.303205490112305,-1
755,2234.869263333082,3251.892403320223,2352.3817237138746,3337.37267033495,87,train,1,-1.0497528314590454,8.12138557434082,-1
756,2117.3568029522894,3251.892403320223,2234.869263333082,3337.37267033495,80,train,1,-1.097671627998352,8.100934982299805,-1
757,1999.8443425714968,3337.37267033495,2117.3568029522894,3422.8529373496767,95,heldout,-1,,,54
758,1882.3318821907042,3337.37267033495,1999.8443425714968,3422.8529373496767,102,heldout,-1,,,12
759,1999.8443425714968,3251.892403320223,2117.3568029522894,3337.37267033495,88,heldout,-1,,,3
760,1882.3318821907042,3251.892403320223,1999.8443425714968,3337.37267033495,77,train,2,3.4796600341796875,9.424555778503418,-1
761,2234.869263333082,3166.412136305496,2352.3817237138746,3251.892403320223,99,train,2,4.8072733879089355,9.425748825073242,-1
762,2117.3568029522894,3166.412136305496,2234.869263333082,3251.892403320223,51,train,2,4.398181915283203,9.25926399230957,-1
763,2234.869263333082,3080.931869290769,2352.3817237138746,3166.412136305496,64,train,2,4.439621448516846,9.31417465209961,-1
764,2117.3568029522894,3080.931869290769,2234.869263333082,3166.412136305496,57,train,2,4.402280807495117,9.289798736572266,-1
765,1999.8443425714968,3166.412136305496,2117.3568029522894,3251.892403320223,64,train,2,3.657071352005005,9.435155868530273,-1
766,1882.3318821907042,3166.412136305496,1999.8443425714968,3251.892403320223,76,train,3,7.992069721221924,8.789238929748535,-1
767,1999.8443425714968,3080.931869290769,2117.3568029522894,3166.412136305496,40,train,1,1.178483009338379,7.018424034118652,-1
768,1882.3318821907042,3080.931869290769,1999.8443425714968,3166.412136305496,68,train,2,3.448848247528076,9.342652320861816,-1
769,2704.9191048562525,2995.451602276042,2822.431565237045,3080.931869290769,59,train,2,4.892237186431885,8.974299430847168,-1
770,2587.40664447546,2995.451602276042,2704.9191048562525,3080.931869290769,73,train,2,3.5010180473327637,9.312040328979492,-1
771,2704.9191048562525,2909.9713352613153,2822.431565237045,2995.451602276042,39,train,2,4.983424663543701,8.912686347961426,-1
772,2587.40664447546,2909.9713352613153,2704.9191048562525,2995.451602276042,76,train,2,4.327182292938232,9.4833402633667,-1
773,2352.3817237138746,2909.9713352613153,2587.40664447546,3080.931869290769,156,train,1,0.11548241227865219,9.178759574890137,-1
774,2704.9191048562525,2824.491068246588,2822.431565237045,2909.9713352613153,86,train,2,4.994474411010742,9.076931953430176,-1
775,2587.40664447546,2824.491068246588,2704.9191048562525,2909.9713352613153,58,heldout,-1,,,45
776,2704.9191048562525,2739.010801231861,2822.431565237045,2824.491068246588,89,train,2,4.6226606369018555,9.32946491241455,-1
777,2587.40664447546,2739.010801231861,2704.9191048562525,2824.491068246588,81,train,1,-0.9256821870803833,8.002889633178711,-1
778,2352.3817237138746,2739.010801231861,2587.40664447546,2909.9713352613153,93,train,1,1.147696614265442,8.122631072998047,-1
779,2234.869263333082,2995.451602276042,2352.3817237138746,3080.931869290769,81,train,1,-0.5345152616500854,8.162370681762695,-1
780,2117.3568029522894,2995.451602276042,2234.869263333082,3080.931869290769,35,train,1,1.2230194807052612,6.988138675689697,-1
781,2234.869263333082,2909.9713352613153,2352.3817237138746,2995.451602276042,76,train,1,-0.9711752533912659,8.11484146118164,-1
782,2117.3568029522894,2909.9713352613153,2234.869263333082,2995.451602276042,45,train,2,4.396998405456543,9.326681137084961,-1
783,1999.8443425714968,2995.451602276042,2117.3568029522894,3080.931869290769,64,train,2,4.815124988555908,9.037269592285156,-1
784,1882.3318821907042,2995.451602276042,1999.8443425714968,3080.931869290769,58,train,2,4.832162380218506,9.003083229064941,-1
785,1999.8443425714968,2909.9713352613153,2117.3568029522894,2995.451602276042,62,train,3,8.819793701171875,8.837851524353027,-1
786,1882.3318821907042,2909.9713352613153,1999.8443425714968,2995.451602276042,39,train,3,8.808520317077637,8.844368934631348,-1
787,2234.869263333082,2824.491068246588,2352.3817237138746,2909.9713352613153,78,train,1,-1.232055425643921,8.007633209228516,-1
788,2117.3568029522894,2824.491068246588,2234.869263333082,2909.9713352613153,49,train,2,4.320438861846924,9.226081848144531,-1
789,2234.869263333082,2739.010801231861,2352.3817237138746,2824.491068246588,90,train,1,-1.4477601051330566,7.079833507537842,-1
790,2117.3568029522894,2739.010801231861,2234.869263333082,2824.491068246588,59,train,2,4.3893723487854,9.316692352294922,-1
791,1999.8443425714968,2824.491068246588,2117.3568029522894,2909.9713352613153,41,train,3,8.805102348327637,8.829812049865723,-1
792,1882.3318821907042,2824.491068246588,1999.8443425714968,2909.9713352613153,61,train,2,4.43767786026001,9.189273834228516,-1
793,1999.8443425714968,2739.010801231861,2117.3568029522894,2824.491068246588,53,train,2,4.727033615112305,9.0217866897583,-1
794,1882.3318821907042,2739.010801231861,1999.8443425714968,2824.491068246588,51,train,2,3.476367712020874,9.2913818359375,-1
795,1177.2571199059485,3935.734539438039,1412.2820406675337,4106.695073467493,78,train,1,2.014749765396118,6.704006195068359,-1
796,942.2321991443633,3935.734539438039,1177.2571199059485,4106.695073467493,153,train,0,6.742984294891357,1.6998870372772217,-1
797,1177.2571199059485,3764.774005408585,1412.2820406675337,3935.734539438039,150,train,0,7.371706008911133,2.7773706912994385,-1
798,1059.7446595251558,3850.2542724233117,1177.2571199059485,3935.734539438039,45,train,0,7.725122928619385,3.1147732734680176,-1
799,942.2321991443633,3850.2542724233117,1059.7446595251558,3935.734539438039,58,train,0,8.396838188171387,2.842313051223755,-1
800,1059.7446595251558,3764.774005408585,1177.2571199059485,3850.2542724233117,83,heldout,-1,,,57
801,942.2321991443633,3764.774005408585,1059.7446595251558,3850.2542724233117,69,train,0,8.831560134887695,6.181005954742432,-1
802,1647.306961429119,3593.8134713791305,1882.3318821907042,3764.774005408585,52,train,1,1.8898000717163086,7.115241050720215,-1
803,1412.2820406675337,3593.8134713791305,1647.306961429119,3764.774005408585,151,train,0,7.15787935256958,2.79364275932312,-1
804,1764.8194218099115,3508.3332043644036,1882.3318821907042,3593.8134713791305,38,train,1,1.2261022329330444,7.005527019500732,-1
805,1647.306961429119,3508.3332043644036,1764.8194218099115,3593.8134713791305,24,train,1,1.7337570190429688,6.399473667144775,-1
806,1764.8194218099115,3422.8529373496767,1882.3318821907042,3508.3332043644036,117,train,1,-1.992870569229126,7.539864540100098,-1
807,1647.306961429119,3422.8529373496767,1764.8194218099115,3508.3332043644036,32,train,0,7.3944807052612305,3.0384552478790283,-1
808,1529.7945010483263,3508.3332043644036,1647.306961429119,3593.8134713791305,48,train,0,7.779824256896973,2.9673171043395996,-1
809,1412.2820406675337,3508.3332043644036,1529.7945010483263,3593.8134713791305,69,train,0,8.564409255981445,5.076503276824951,-1
810,1529.7945010483263,3422.8529373496767,1647.306961429119,3508.3332043644036,39,train,0,7.886718273162842,2.770820379257202,-1
811,1412.2820406675337,3422.8529373496767,1529.7945010483263,3508.3332043644036,52,train,0,7.84689998626709,2.99066162109375,-1
812,1177.2571199059485,3593.8134713791305,1412.2820406675337,3764.774005408585,114,train,0,6.769223690032959,2.5303680896759033,-1
813,942.2321991443633,3593.8134713791305,1177.2571199059485,3764.774005408585,170,heldout,-1,,,83
814,1294.769580286741,3508.3332043644036,1412.2820406675337,3593.8134713791305,71,train,0,8.872541427612305,6.4254255294799805,-1
815,1177.2571199059485,3508.3332043644036,1294.769580286741,3593.8134713791305,74,train,0,8.975423812866211,3.7111146450042725,-1
816,1294.769580286741,3422.8529373496767,1412.2820406675337,3508.3332043644036,51,train,0,8.397814750671387,2.906853199005127,-1
817,1177.2571199059485,3422.8529373496767,1294.769580286741,3508.3332043644036,78,train,0,8.608807563781738,3.5568394660949707,-1
818,1059.7446595251558,3508.3332043644036,1177.2571199059485,3593.8134713791305,79,train,0,9.054047584533691,5.754522323608398,-1
819,942.2321991443633,3508.3332043644036,1059.7446595251558,3593.8134713791305,30,train,0,7.535172939300537,1.8960740566253662,-1
820,1059.7446595251558,3422.8529373496767,1177.2571199059485,3508.3332043644036,92,train,0,9.227365493774414,4.3970537185668945,-1
821,942.2321991443633,3422.8529373496767,1059.7446595251558,3508.3332043644036,76,train,0,8.10405158996582,3.709275484085083,-1
822,707.2072783827781,3935.734539438039,942.2321991443633,4106.695073467493,174,train,0,6.554344177246094,1.642722249031067,-1
823,472.1823576211929,3935.734539438039,707.2072783827781,4106.695073467493,190,train,0,6.7476606369018555,1.5775209665298462,-1
824,824.7197387635707,3850.2542724233117,942.2321991443633,3935.734539438039,58,train,0,8.955920219421387,3.4534108638763428,-1
825,707.2072783827781,3850.2542724233117,824.7197387635707,3935.734539438039,57,train,0,8.767690658569336,3.187706470489502,-1
826,824.7197387635707,3764.774005408585,942.2321991443633,3850.2542724233117,53,train,0,7.437709331512451,2.8906521797180176,-1
827,707.2072783827781,3764.774005408585,824.7197387635707,3850.2542724233117,53,train,0,7.993231773376465,4.676085948944092,-1
828,589.6948180019855,3850.2542724233117,707.2072783827781,3935.734539438039,55,train,0,7.9795331954956055,2.0241668224334717,-1
829,472.1823576211929,3850.2542724233117,589.6948180019855,3935.734539438039,54,train,0,7.6344990730285645,1.747600793838501,-1
830,589.6948180019855,3764.774005408585,707.2072783827781,3850.2542724233117,65,train,0,9.943184852600098,4.629622459411621,-1
831,472.1823576211929,3764.774005408585,589.6948180019855,3850.2542724233117,78,train,0,7.809615135192871,1.5279042720794678,-1
832,237.15743685960769,3935.734539438039,472.1823576211929,4106.695073467493,180,train,0,6.678040981292725,1.592207431793213,-1
833,119.64497647881507,4021.214806452766,237.15743685960769,4106.695073467493,56,train,0,7.699509620666504,2.481539011001587,-1
834,2.1325160980224607,4021.214806452766,119.64497647881507,4106.695073467493,46,heldout,-1,,,55
835,119.64497647881507,3935.734539438039,237.15743685960769,4021.214806452766,53,train,0,7.69129753112793,2.5541601181030273,-1
836,2.1325160980224607,3935.734539438039,119.64497647881507,4021.214806452766,50,train,0,8.777690887451172,3.3850038051605225,-1
837,354.6698972404003,3850.2542724233117,472.1823576211929,3935.734539438039,46,train,0,8.006065368652344,2.0903408527374268,-1
838,237.15743685960769,3850.2542724233117,354.6698972404003,3935.734539438039,54,train,0,7.983462810516357,2.5505447387695312,-1
839,354.6698972404003,3764.774005408585,472.1823576211929,3850.2542724233117,53,train,0,7.9950056076049805,4.180444240570068,-1
840,237.15743685960769,3764.774005408585,354.6698972404003,3850.2542724233117,56,train,0,7.619559288024902,1.7621582746505737,-1
841,119.64497647881507,3850.2542724233117,237.15743685960769,3935.734539438039,46,train,0,7.902255058288574,2.8724594116210938,-1
842,2.1325160980224607,3850.2542724233117,119.64497647881507,3935.734539438039,44,train,0,7.932923793792725,4.144443511962891,-1
843,119.64497647881507,3764.774005408585,237.15743685960769,3850.2542724233117,53,train,0,8.049830436706543,2.359267473220825,-1
844,2.1325160980224607,3764.774005408585,119.64497647881507,3850.2542724233117,71,train,0,7.672680854797363,2.3397369384765625,-1
845,707.2072783827781,3593.8134713791305,942.2321991443633,3764.774005408585,174,train,0,6.512849807739258,1.7432270050048828,-1
846,589.6948180019855,3679.293738393858,707.2072783827781,3764.774005408585,58,train,0,8.792689323425293,5.966072082519531,-1
847,472.1823576211929,3679.293738393858,589.6948180019855,3764.774005408585,55,train,0,8.048517227172852,1.5711365938186646,-1
848,589.6948180019855,3593.8134713791305,707.2072783827781,3679.293738393858,52,train,0,8.568570137023926,2.132789134979248,-1
849,472.1823576211929,3593.8134713791305,589.6948180019855,3679.293738393858,64,train,0,9.26852035522461,3.5412304401397705,-1
850,707.2072783827781,3422.8529373496767,942.2321991443633,3593.8134713791305,164,train,0,6.497344970703125,1.7962636947631836,-1
851,589.6948180019855,3508.3332043644036,707.2072783827781,3593.8134713791305,54,train,0,8.60563850402832,4.319546222686768,-1
852,472.1823576211929,3508.3332043644036,589.6948180019855,3593.8134713791305,58,train,0,9.445639610290527,3.1603941917419434,-1
853,589.6948180019855,3422.8529373496767,707.2072783827781,3508.3332043644036,54,train,0,7.90649938583374,1.7512316703796387,-1
854,472.1823576211929,3422.8529373496767,589.6948180019855,3508.3332043644036,65,train,0,8.443894386291504,3.4336330890655518,-1
855,237.15743685960769,3593.8134713791305,472.1823576211929,3764.774005408585,180,train,0,6.60024356842041,1.6270219087600708,-1
856,119.64497647881507,3679.293738393858,237.15743685960769,3764.774005408585,42,train,0,7.408990859985352,2.441455602645874,-1
857,2.1325160980224607,3679.293738393858,119.64497647881507,3764.774005408585,66,train,0,8.19812297821045,2.3164443969726562,-1
858,119.64497647881507,3593.8134713791305,237.15743685960769,3679.293738393858,44,train,0,7.69189453125,2.5106990337371826,-1
859,2.1325160980224607,3593.8134713791305,119.64497647881507,3679.293738393858,66,train,0,7.814609050750732,2.585986852645874,-1
860,237.15743685960769,3422.8529373496767,472.1823576211929,3593.8134713791305,186,train,0,6.173343658447266,2.0777392387390137,-1
861,119.64497647881507,3508.3332043644036,237.15743685960769,3593.8134713791305,32,train,0,7.384551048278809,3.112246513366699,-1
862,2.1325160980224607,3508.3332043644036,119.64497647881507,3593.8134713791305,79,train,0,7.180668354034424,1.6298255920410156,-1
863,119.64497647881507,3422.8529373496767,237.15743685960769,3508.3332043644036,50,train,0,7.969423770904541,3.3557426929473877,-1
864,2.1325160980224607,3422.8529373496767,119.64497647881507,3508.3332043644036,44,train,0,7.755098342895508,3.0401439666748047,-1
865,1764.8194218099115,3337.37267033495,1882.3318821907042,3422.8529373496767,126,train,1,-2.039146661758423,7.254892826080322,-1
866,1647.306961429119,3337.37267033495,1764.8194218099115,3422.8529373496767,47,train,0,7.2382893562316895,2.2940547466278076,-1
867,1764.8194218099115,3251.892403320223,1882.3318821907042,3337.37267033495,120,train,1,-1.968712568283081,7.338747978210449,-1
868,1647.306961429119,3251.892403320223,1764.8194218099115,3337.37267033495,69,train,1,-0.9815338850021362,6.868144512176514,-1
869,1412.2820406675337,3251.892403320223,1647.306961429119,3422.8529373496767,191,train,0,7.04972505569458,1.5665545463562012,-1
870,1764.8194218099115,3166.412136305496,1882.3318821907042,3251.892403320223,108,train,1,0.9929233193397522,9.283195495605469,-1
871,1647.306961429119,3166.412136305496,1764.8194218099115,3251.892403320223,95,train,1,-0.3635951578617096,8.56754207611084,-1
872,1764.8194218099115,3080.931869290769,1882.3318821907042,3166.412136305496,109,train,1,-1.3112348318099976,6.9617838859558105,-1
873,1647.306961429119,3080.931869290769,1764.8194218099115,3166.412136305496,104,train,1,-0.4809383749961853,8.63967514038086,-1
874,1529.7945010483263,3166.412136305496,1647.306961429119,3251.892403320223,57,train,0,7.420542240142822,1.5074306726455688,-1
875,1412.2820406675337,3166.412136305496,1529.7945010483263,3251.892403320223,134,train,0,6.22836971282959,2.3473715782165527,-1
876,1529.7945010483263,3080.931869290769,1647.306961429119,3166.412136305496,72,train,0,7.4529194831848145,1.3915766477584839,-1
877,1412.2820406675337,3080.931869290769,1529.7945010483263,3166.412136305496,131,train,0,6.069131374359131,2.367546796798706,-1
878,1294.769580286741,3337.37267033495,1412.2820406675337,3422.8529373496767,57,train,0,9.914539337158203,3.285451889038086,-1
879,1177.2571199059485,3337.37267033495,1294.769580286741,3422.8529373496767,52,train,0,7.5430006980896,2.3425371646881104,-1
880,1294.769580286741,3251.892403320223,1412.2820406675337,3337.37267033495,65,train,0,9.863534927368164,4.923671245574951,-1
881,1177.2571199059485,3251.892403320223,1294.769580286741,3337.37267033495,58,train,0,8.191169738769531,1.82450532913208,-1
882,1059.7446595251558,3337.37267033495,1177.2571199059485,3422.8529373496767,76,train,0,9.692906379699707,3.2837412357330322,-1
883,942.2321991443633,3337.37267033495,1059.7446595251558,3422.8529373496767,73,train,0,8.588844299316406,4.534213066101074,-1
884,1059.7446595251558,3251.892403320223,1177.2571199059485,3337.37267033495,74,train,0,9.846050262451172,3.214144706726074,-1
885,942.2321991443633,3251.892403320223,1059.7446595251558,3337.37267033495,65,train,0,9.50560474395752,3.439035177230835,-1
886,1294.769580286741,3166.412136305496,1412.2820406675337,3251.892403320223,58,train,0,8.389496803283691,2.940969944000244,-1
887,1177.2571199059485,3166.412136305496,1294.769580286741,3251.892403320223,66,train,0,8.726144790649414,2.7948923110961914,-1
888,1294.769580286741,3080.931869290769,1412.2820406675337,3166.412136305496,66,train,0,9.310286521911621,2.684785842895508,-1
889,1177.2571199059485,3080.931869290769,1294.769580286741,3166.412136305496,62,train,0,8.30147647857666,1.6519266366958618,-1
890,1059.7446595251558,3166.412136305496,1177.2571199059485,3251.892403320223,70,train,0,9.87387466430664,3.1278700828552246,-1
891,942.2321991443633,3166.412136305496,1059.7446595251558,3251.892403320223,66,train,0,8.721468925476074,2.0618529319763184,-1
892,1059.7446595251558,3080.931869290769,1177.2571199059485,3166.412136305496,77,train,0,8.351235389709473,1.487776279449463,-1
893,942.2321991443633,3080.931869290769,1059.7446595251558,3166.412136305496,61,train,0,8.003910064697266,1.5540813207626343,-1
894,1764.8194218099115,2995.451602276042,1882.3318821907042,3080.931869290769,68,train,2,4.495456218719482,10.560054779052734,-1
895,1647.306961429119,2995.451602276042,1764.8194218099115,3080.931869290769,88,train,1,-1.1574946641921997,6.97700834274292,-1
896,1764.8194218099115,2909.9713352613153,1882.3318821907042,2995.451602276042,65,train,2,4.827583312988281,8.987926483154297,-1
897,1647.306961429119,2909.9713352613153,1764.8194218099115,2995.451602276042,72,train,1,-0.8165125846862793,7.934692859649658,-1
898,1529.7945010483263,2995.451602276042,1647.306961429119,3080.931869290769,21,train,1,1.4817734956741333,6.447075843811035,-1
899,1412.2820406675337,2995.451602276042,1529.7945010483263,3080.931869290769,90,train,0,6.425114154815674,2.9164319038391113,-1
900,1529.7945010483263,2909.9713352613153,1647.306961429119,2995.451602276042,24,train,1,1.147617220878601,6.530153751373291,-1
901,1412.2820406675337,2909.9713352613153,1529.7945010483263,2995.451602276042,99,train,0,6.508877754211426,2.8678905963897705,-1
902,1764.8194218099115,2824.491068246588,1882.3318821907042,2909.9713352613153,86,train,2,4.4217329025268555,9.42220401763916,-1
903,1647.306961429119,2824.491068246588,1764.8194218099115,2909.9713352613153,72,train,1,-1.07420814037323,6.966161251068115,-1
904,1764.8194218099115,2739.010801231861,1882.3318821907042,2824.491068246588,79,train,1,-1.5525377988815308,7.199583530426025,-1
905,1647.306961429119,2739.010801231861,1764.8194218099115,2824.491068246588,95,train,1,-1.8825383186340332,7.398075580596924,-1
906,1412.2820406675337,2739.010801231861,1647.306961429119,2909.9713352613153,178,train,0,5.81365966796875,3.161376714706421,-1
907,1294.769580286741,2995.451602276042,1412.2820406675337,3080.931869290769,71,train,0,8.268730163574219,2.8295068740844727,-1
908,1177.2571199059485,2995.451602276042,1294.769580286741,3080.931869290769,52,train,0,8.413111686706543,2.8084006309509277,-1
909,1294.769580286741,2909.9713352613153,1412.2820406675337,2995.451602276042,66,train,0,7.933473587036133,1.4573918581008911,-1
910,1177.2571199059485,2909.9713352613153,1294.769580286741,2995.451602276042,68,train,0,8.333959579467773,2.1490938663482666,-1
911,1059.7446595251558,2995.451602276042,1177.2571199059485,3080.931869290769,63,train,0,10.015033721923828,3.318535089492798,-1
912,942.2321991443633,2995.451602276042,1059.7446595251558,3080.931869290769,81,train,0,8.849310874938965,5.6209025382995605,-1
913,1059.7446595251558,2909.9713352613153,1177.2571199059485,2995.451602276042,56,train,0,8.43825626373291,1.4446337223052979,-1
914,942.2321991443633,2909.9713352613153,1059.7446595251558,2995.451602276042,55,train,0,8.534759521484375,2.167802572250366,-1
915,1294.769580286741,2824.491068246588,1412.2820406675337,2909.9713352613153,43,train,0,8.091577529907227,2.4731972217559814,-1
916,1177.2571199059485,2824.491068246588,1294.769580286741,2909.9713352613153,53,train,0,8.245145797729492,2.2496142387390137,-1
917,1294.769580286741,2739.010801231861,1412.2820406675337,2824.491068246588,69,train,0,9.157301902770996,3.53861927986145,-1
918,1177.2571199059485,2739.010801231861,1294.769580286741,2824.491068246588,83,train,0,9.638321876525879,3.833974599838257,-1
919,1059.7446595251558,2824.491068246588,1177.2571199059485,2909.9713352613153,73,train,0,8.658001899719238,2.077798366546631,-1
920,942.2321991443633,2824.491068246588,1059.7446595251558,2909.9713352613153,71,heldout,-1,,,26
921,1059.7446595251558,2739.010801231861,1177.2571199059485,2824.491068246588,73,train,0,8.326911926269531,1.556266188621521,-1
922,942.2321991443633,2739.010801231861,1059.7446595251558,2824.491068246588,66,train,0,8.30088996887207,1.3659735918045044,-1
923,707.2072783827781,3251.892403320223,942.2321991443633,3422.8529373496767,183,train,0,6.626452922821045,1.612398624420166,-1
924,589.6948180019855,3337.37267033495,707.2072783827781,3422.8529373496767,66,heldout,-1,,,40
925,472.1823576211929,3337.37267033495,589.6948180019855,3422.8529373496767,63,train,0,8.582189559936523,2.6897449493408203,-1
926,589.6948180019855,3251.892403320223,707.2072783827781,3337.37267033495,33,train,0,7.816590309143066,1.4442167282104492,-1
927,472.1823576211929,3251.892403320223,589.6948180019855,3337.37267033495,64,train,0,8.35964298248291,4.440914630889893,-1
928,824.7197387635707,3166.412136305496,942.2321991443633,3251.892403320223,74,train,0,8.045778274536133,4.167465686798096,-1
929,707.2072783827781,3166.412136305496,824.7197387635707,3251.892403320223,61,train,0,7.804318428039551,2.251250743865967,-1
930,824.7197387635707,3080.931869290769,942.2321991443633,3166.412136305496,50,train,0,7.91351842880249,1.3163001537322998,-1
931,707.2072783827781,3080.931869290769,824.7197387635707,3166.412136305496,62,train,0,7.551601409912109,1.4054429531097412,-1
932,589.6948180019855,3166.412136305496,707.2072783827781,3251.892403320223,64,train,0,8.43388557434082,2.301490545272827,-1
933,472.1823576211929,3166.412136305496,589.6948180019855,3251.892403320223,67,train,0,9.425230979919434,4.085565567016602,-1
934,589.6948180019855,3080.931869290769,707.2072783827781,3166.412136305496,68,train,0,9.032447814941406,3.193117618560791,-1
935,472.1823576211929,3080.931869290769,589.6948180019855,3166.412136305496,47,train,0,8.473771095275879,2.151123285293579,-1
936,237.15743685960769,3251.892403320223,472.1823576211929,3422.8529373496767,173,train,0,5.980584621429443,2.3656063079833984,-1
937,119.64497647881507,3337.37267033495,237.15743685960769,3422.8529373496767,54,train,0,7.803989887237549,3.299532651901245,-1
938,2.1325160980224607,3337.37267033495,119.64497647881507,3422.8529373496767,58,train,0,8.755914688110352,3.6605095863342285,-1
939,119.64497647881507,3251.892403320223,237.15743685960769,3337.37267033495,49,train,0,8.223780632019043,3.1235311031341553,-1
940,2.1325160980224607,3251.892403320223,119.64497647881507,3337.37267033495,50,train,0,8.629678726196289,3.421215534210205,-1
941,354.6698972404003,3166.412136305496,472.1823576211929,3251.892403320223,59,train,0,8.376017570495605,2.3558037281036377,-1
942,237.15743685960769,3166.412136305496,354.6698972404003,3251.892403320223,50,train,0,7.766765117645264,2.3956656455993652,-1
943,354.6698972404003,3080.931869290769,472.1823576211929,3166.412136305496,56,train,0,8.159211158752441,2.9591314792633057,-1
944,237.15743685960769,3080.931869290769,354.6698972404003,3166.412136305496,46,train,0,7.919103145599365,2.7809579372406006,-1
945,2.1325160980224607,3080.931869290769,237.15743685960769,3251.892403320223,166,train,0,6.2301025390625,2.2082841396331787,-1
946,824.7197387635707,2995.451602276042,942.2321991443633,3080.931869290769,63,heldout,-1,,,24
947,707.2072783827781,2995.451602276042,824.7197387635707,3080.931869290769,90,train,0,7.337953567504883,1.655657410621643,-1
948,824.7197387635707,2909.9713352613153,942.2321991443633,2995.451602276042,56,train,0,8.50053596496582,2.880634307861328,-1
949,707.2072783827781,2909.9713352613153,824.7197387635707,2995.451602276042,64,train,0,7.917039394378662,2.1896514892578125,-1
950,589.6948180019855,2995.451602276042,707.2072783827781,3080.931869290769,52,train,0,7.99312162399292,1.4617775678634644,-1
951,472.1823576211929,2995.451602276042,589.6948180019855,3080.931869290769,42,train,0,7.937955856323242,2.8283143043518066,-1
952,589.6948180019855,2909.9713352613153,707.2072783827781,2995.451602276042,62,train,0,7.7888102531433105,3.6119906902313232,-1
953,472.1823576211929,2909.9713352613153,589.6948180019855,2995.451602276042,69,train,0,8.077012062072754,1.7372477054595947,-1
954,824.7197387635707,2824.491068246588,942.2321991443633,2909.9713352613153,65,train,0,9.783574104309082,2.9533514976501465,-1
955,707.2072783827781,2824.491068246588,824.7197387635707,2909.9713352613153,67,train,0,8.662949562072754,2.379333972930908,-1
956,824.7197387635707,2739.010801231861,942.2321991443633,2824.491068246588,67,train,0,7.333879470825195,2.1188323497772217,-1
957,707.2072783827781,2739.010801231861,824.7197387635707,2824.491068246588,75,train,0,8.312671661376953,3.988297462463379,-1
958,589.6948180019855,2824.491068246588,707.2072783827781,2909.9713352613153,51,train,0,7.062959671020508,2.178760051727295,-1
959,472.1823576211929,2824.491068246588,589.6948180019855,2909.9713352613153,73,train,0,7.68455171585083,1.6236703395843506,-1
960,589.6948180019855,2739.010801231861,707.2072783827781,2824.491068246588,65,train,0,8.715572357177734,3.7618963718414307,-1
961,472.1823576211929,2739.010801231861,589.6948180019855,2824.491068246588,71,train,0,6.031131267547607,3.042297840118408,-1
962,237.15743685960769,2909.9713352613153,472.1823576211929,3080.931869290769,195,train,0,6.616790771484375,1.6324207782745361,-1
963,119.64497647881507,2995.451602276042,237.15743685960769,3080.931869290769,59,train,0,8.367534637451172,2.2364516258239746,-1
964,2.1325160980224607,2995.451602276042,119.64497647881507,3080.931869290769,41,train,0,6.95134973526001,2.9576404094696045,-1
965,119.64497647881507,2909.9713352613153,237.15743685960769,2995.451602276042,67,train,0,9.031854629516602,3.8202223777770996,-1
966,2.1325160980224607,2909.9713352613153,119.64497647881507,2995.451602276042,46,train,0,9.00157642364502,3.3757333755493164,-1
967,237.15743685960769,2739.010801231861,472.1823576211929,2909.9713352613153,193,train,0,6.542269229888916,1.690005898475647,-1
968,2.1325160980224607,2739.010801231861,237.15743685960769,2909.9713352613153,181,train,0,6.30294132232666,1.9381109476089478,-1
969,7287.905059707165,2568.0502672024068,7522.92998046875,2739.010801231861,65,train,1,1.102334976196289,7.686727523803711,-1
970,7052.880138945579,2568.0502672024068,7287.905059707165,2739.010801231861,147,train,2,4.634732723236084,12.09835433959961,-1
971,7287.905059707165,2397.089733172953,7522.92998046875,2568.0502672024068,91,train,1,0.5421491265296936,8.806951522827148,-1
972,7052.880138945579,2397.089733172953,7287.905059707165,2568.0502672024068,109,train,2,4.560181140899658,11.843345642089844,-1
973,6935.367678564787,2653.530534217134,7052.880138945579,2739.010801231861,74,train,3,8.230666160583496,10.037781715393066,-1
974,6817.855218183994,2653.530534217134,6935.367678564787,2739.010801231861,100,train,3,8.0067138671875,10.82066535949707,-1
975,6935.367678564787,2568.0502672024068,7052.880138945579,2653.530534217134,70,train,3,8.512876510620117,9.291339874267578,-1
976,6817.855218183994,2568.0502672024068,6935.367678564787,2653.530534217134,136,train,3,8.778153419494629,8.978676795959473,-1
977,6700.3427578032015,2653.530534217134,6817.855218183994,2739.010801231861,82,train,3,8.558878898620605,9.203655242919922,-1
978,6582.830297422409,2653.530534217134,6700.3427578032015,2739.010801231861,58,train,2,6.366816520690918,12.104655265808105,-1
979,6700.3427578032015,2568.0502672024068,6817.855218183994,2653.530534217134,94,train,3,8.753036499023438,8.58352279663086,-1
980,6582.830297422409,2568.0502672024068,6700.3427578032015,2653.530534217134,64,train,3,8.876212120056152,9.849740028381348,-1
981,6935.367678564787,2482.57000018768,7052.880138945579,2568.0502672024068,59,train,3,8.10010814666748,10.813942909240723,-1
982,6817.855218183994,2482.57000018768,6935.367678564787,2568.0502672024068,83,heldout,-1,,,37
983,6935.367678564787,2397.089733172953,7052.880138945579,2482.57000018768,61,train,2,5.893314838409424,12.382901191711426,-1
984,6817.855218183994,2397.089733172953,6935.367678564787,2482.57000018768,64,train,3,8.687134742736816,8.97951602935791,-1
985,6700.3427578032015,2482.57000018768,6817.855218183994,2568.0502672024068,76,train,3,7.941128730773926,10.827433586120605,-1
986,6582.830297422409,2482.57000018768,6700.3427578032015,2568.0502672024068,59,train,2,8.89383602142334,3.039151430130005,-1
987,6700.3427578032015,2397.089733172953,6817.855218183994,2482.57000018768,84,train,2,6.832907199859619,11.914996147155762,-1
988,6582.830297422409,2397.089733172953,6700.3427578032015,2482.57000018768,55,train,2,6.54874324798584,12.382919311523438,-1
989,7405.417520087957,2311.609466158226,7522.92998046875,2397.089733172953,40,train,2,5.905179023742676,11.847952842712402,-1
990,7287.905059707165,2311.609466158226,7405.417520087957,2397.089733172953,52,train,2,5.743713855743408,12.073958396911621,-1
991,7405.417520087957,2226.129199143499,7522.92998046875,2311.609466158226,76,train,2,7.773079872131348,9.582898139953613,-1
992,7287.905059707165,2226.129199143499,7405.417520087957,2311.609466158226,62,train,3,8.633649826049805,8.990138053894043,-1
993,7170.392599326372,2311.609466158226,7287.905059707165,2397.089733172953,50,train,2,6.411736011505127,12.5619535446167,-1
994,7052.880138945579,2311.609466158226,7170.392599326372,2397.089733172953,46,train,2,6.220011234283447,12.397595405578613,-1
995,7170.392599326372,2226.129199143499,7287.905059707165,2311.609466158226,55,train,3,8.642354965209961,8.939396858215332,-1
996,7052.880138945579,2226.129199143499,7170.392599326372,2311.609466158226,68,train,2,7.185402870178223,11.202938079833984,-1
997,7405.417520087957,2140.6489321287722,7522.92998046875,2226.129199143499,75,train,2,6.622931003570557,10.865104675292969,-1
998,7287.905059707165,2140.6489321287722,7405.417520087957,2226.129199143499,88,train,2,6.6647725105285645,11.049102783203125,-1
999,7405.417520087957,2055.1686651140453,7522.92998046875,2140.6489321287722,67,train,2,7.188387870788574,11.25838851928711,-1
1000,7287.905059707165,2055.1686651140453,7405.417520087957,2140.6489321287722,96,train,2,6.3766937255859375,12.553797721862793,-1
1001,7170.392599326372,2140.6489321287722,7287.905059707165,2226.129199143499,75,train,3,8.17724609375,10.819303512573242,-1
1002,7052.880138945579,2140.6489321287722,7170.392599326372,2226.129199143499,91,train,3,8.152606964111328,10.389601707458496,-1
1003,7170.392599326372,2055.1686651140453,7287.905059707165,2140.6489321287722,83,train,3,7.849557876586914,10.914769172668457,-1
1004,7052.880138945579,2055.1686651140453,7170.392599326372,2140.6489321287722,60,train,3,8.207157135009766,10.529366493225098,-1
1005,6817.855218183994,2226.129199143499,7052.880138945579,2397.089733172953,163,train,2,5.2342209815979,12.813278198242188,-1
1006,6582.830297422409,2226.129199143499,6817.855218183994,2397.089733172953,174,train,2,5.248530387878418,12.84876823425293,-1
1007,6817.855218183994,2055.1686651140453,7052.880138945579,2226.129199143499,171,train,2,5.131842613220215,12.506186485290527,-1
1008,6582.830297422409,2055.1686651140453,6817.855218183994,2226.129199143499,64,train,1,0.5093846321105957,8.072993278503418,-1
1009,6347.805376660824,2568.0502672024068,6582.830297422409,2739.010801231861,100,train,1,-0.07279593497514725,8.490351676940918,-1
1010,6112.780455899238,2568.0502672024068,6347.805376660824,2739.010801231861,146,train,1,-0.18125177919864655,8.69439697265625,-1
1011,6347.805376660824,2397.089733172953,6582.830297422409,2568.0502672024068,180,train,2,5.334237098693848,12.796646118164062,-1
1012,6112.780455899238,2397.089733172953,6347.805376660824,2568.0502672024068,95,train,1,0.3437883257865906,8.666647911071777,-1
1013,5877.755535137653,2568.0502672024068,6112.780455899238,2739.010801231861,118,train,1,0.8902661800384521,9.124288558959961,-1
1014,5642.730614376068,2568.0502672024068,5877.755535137653,2739.010801231861,131,train,2,5.0041422843933105,12.476086616516113,-1
1015,5877.755535137653,2397.089733172953,6112.780455899238,2568.0502672024068,84,train,1,0.820025622844696,8.40148639678955,-1
1016,5642.730614376068,2397.089733172953,5877.755535137653,2568.0502672024068,52,train,1,1.1262820959091187,7.981376647949219,-1
1017,6347.805376660824,2226.129199143499,6582.830297422409,2397.089733172953,129,train,2,4.511195659637451,11.812335014343262,-1
1018,6112.780455899238,2226.129199143499,6347.805376660824,2397.089733172953,38,train,1,1.4363043308258057,7.379418849945068,-1
1019,6347.805376660824,2055.1686651140453,6582.830297422409,2226.129199143499,40,train,1,1.2768833637237549,7.508481979370117,-1
1020,6112.780455899238,2055.1686651140453,6347.805376660824,2226.129199143499,30,train,1,1.2192449569702148,7.2193193435668945,-1
1021,5642.730614376068,2055.1686651140453,6112.780455899238,2397.089733172953,119,heldout,-1,,,42
1022,7405.417520087957,1969.6883980993184,7522.92998046875,2055.1686651140453,73,train,2,7.041764736175537,11.458661079406738,-1
1023,7287.905059707165,1969.6883980993184,7405.417520087957,2055.1686651140453,80,train,2,6.701735019683838,12.395235061645508,-1
1024,7405.417520087957,1884.2081310845913,7522.92998046875,1969.6883980993184,61,train,2,5.792149066925049,12.562067031860352,-1
1025,7287.905059707165,1884.2081310845913,7405.417520087957,1969.6883980993184,75,train,2,7.035848617553711,11.532588958740234,-1
1026,7170.392599326372,1969.6883980993184,7287.905059707165,2055.1686651140453,66,train,2,6.550175189971924,12.453324317932129,-1
1027,7052.880138945579,1969.6883980993184,7170.392599326372,2055.1686651140453,67,train,3,7.901727199554443,10.306453704833984,-1
1028,7170.392599326372,1884.2081310845913,7287.905059707165,1969.6883980993184,46,train,2,4.471251964569092,10.71358871459961,-1
1029,7052.880138945579,1884.2081310845913,7170.392599326372,1969.6883980993184,42,train,2,6.2756147384643555,12.470414161682129,-1
1030,7405.417520087957,1798.7278640698642,7522.92998046875,1884.2081310845913,50,train,1,0.2707558870315552,7.466811656951904,-1
1031,7287.905059707165,1798.7278640698642,7405.417520087957,1884.2081310845913,60,train,2,5.767139911651611,12.483229637145996,-1
1032,7405.417520087957,1713.2475970551372,7522.92998046875,1798.7278640698642,20,train,1,0.5453382730484009,7.250660419464111,-1
1033,7287.905059707165,1713.2475970551372,7405.417520087957,1798.7278640698642,76,train,1,-0.755743145942688,7.781704425811768,-1
1034,7170.392599326372,1798.7278640698642,7287.905059707165,1884.2081310845913,92,train,2,4.007936477661133,11.139131546020508,-1
1035,7052.880138945579,1798.7278640698642,7170.392599326372,1884.2081310845913,86,train,1,-1.2171475887298584,7.822153091430664,-1
1036,7170.392599326372,1713.2475970551372,7287.905059707165,1798.7278640698642,91,train,1,-1.189795732498169,7.974817276000977,-1
1037,7052.880138945579,1713.2475970551372,7170.392599326372,1798.7278640698642,47,train,1,0.6857805252075195,6.697798728942871,-1
1038,6817.855218183994,1884.2081310845913,7052.880138945579,2055.1686651140453,113,train,2,5.217525005340576,12.674162864685059,-1
1039,6582.830297422409,1884.2081310845913,6817.855218183994,2055.1686651140453,127,train,2,5.2766265869140625,12.62330150604248,-1
1040,6817.855218183994,1713.2475970551372,7052.880138945579,1884.2081310845913,56,train,1,1.1784628629684448,7.842952728271484,-1
1041,6582.830297422409,1713.2475970551372,6817.855218183994,1884.2081310845913,128,train,2,5.407907962799072,12.730010986328125,-1
1042,7287.905059707165,1542.2870630256832,7522.92998046875,1713.2475970551372,149,train,1,-0.0981292873620987,8.162430763244629,-1
1043,7052.880138945579,1542.2870630256832,7287.905059707165,1713.2475970551372,72,train,0,6.0805439949035645,3.220499277114868,-1
1044,7405.417520087957,1456.806796010956,7522.92998046875,1542.2870630256832,33,train,1,0.9588953256607056,6.582042217254639,-1
1045,7287.905059707165,1456.806796010956,7405.417520087957,1542.2870630256832,62,train,1,0.18099941313266754,7.505902290344238,-1
1046,7405.417520087957,1371.3265289962292,7522.92998046875,1456.806796010956,53,train,1,0.25689762830734253,7.494522571563721,-1
1047,7287.905059707165,1371.3265289962292,7405.417520087957,1456.806796010956,88,train,1,-1.2255048751831055,8.112542152404785,-1
1048,7052.880138945579,1371.3265289962292,7287.905059707165,1542.2870630256832,83,train,1,0.7315962910652161,7.499411106109619,-1
1049,6817.855218183994,1542.2870630256832,7052.880138945579,1713.2475970551372,53,train,1,1.1443006992340088,7.81096887588501,-1
1050,6582.830297422409,1542.2870630256832,6817.855218183994,1713.2475970551372,47,train,1,1.0646336078643799,7.717128753662109,-1
1051,6817.855218183994,1371.3265289962292,7052.880138945579,1542.2870630256832,69,train,1,0.45625874400138855,7.618500709533691,-1
1052,6582.830297422409,1371.3265289962292,6817.855218183994,1542.2870630256832,127,train,2,5.2860236167907715,12.50034236907959,-1
1053,6347.805376660824,1884.2081310845913,6582.830297422409,2055.1686651140453,51,train,1,1.1777667999267578,7.677847385406494,-1
1054,6112.780455899238,1884.2081310845913,6347.805376660824,2055.1686651140453,59,train,1,0.887724757194519,7.845139026641846,-1
1055,6347.805376660824,1713.2475970551372,6582.830297422409,1884.2081310845913,89,train,2,5.128882884979248,12.369908332824707,-1
1056,6112.780455899238,1713.2475970551372,6347.805376660824,1884.2081310845913,53,train,1,0.9850468039512634,7.50093412399292,-1
1057,5642.730614376068,1713.2475970551372,6112.780455899238,2055.1686651140453,186,train,1,-0.04337053373456001,9.056089401245117,-1
1058,6465.317837041616,1627.7673300404103,6582.830297422409,1713.2475970551372,10,train,1,1.4971909523010254,6.479213237762451,-1
1059,6347.805376660824,1627.7673300404103,6465.317837041616,1713.2475970551372,105,train,1,-1.7716034650802612,7.5008134841918945,-1
1060,6465.317837041616,1542.2870630256832,6582.830297422409,1627.7673300404103,23,train,1,1.239439606666565,6.751330852508545,-1
1061,6347.805376660824,1542.2870630256832,6465.317837041616,1627.7673300404103,98,train,1,-1.6299549341201782,6.962886810302734,-1
1062,6112.780455899238,1542.2870630256832,6347.805376660824,1713.2475970551372,59,train,1,1.017449975013733,7.865136623382568,-1
1063,6347.805376660824,1371.3265289962292,6582.830297422409,1542.2870630256832,153,train,2,5.315828323364258,12.745209693908691,-1
1064,5642.730614376068,1371.3265289962292,6112.780455899238,1713.2475970551372,139,train,1,0.9106528162956238,9.040732383728027,-1
1065,5407.705693614483,2568.0502672024068,5642.730614376068,2739.010801231861,160,train,2,5.253712177276611,12.612010955810547,-1
1066,5172.6807728528975,2568.0502672024068,5407.705693614483,2739.010801231861,131,train,1,-0.14625175297260284,8.698765754699707,-1
1067,5407.705693614483,2397.089733172953,5642.730614376068,2568.0502672024068,41,train,1,1.5503573417663574,7.301186561584473,-1
1068,5172.6807728528975,2397.089733172953,5407.705693614483,2568.0502672024068,88,train,1,0.6935372948646545,8.028094291687012,-1
1069,4937.655852091312,2568.0502672024068,5172.6807728528975,2739.010801231861,75,train,1,0.5902138948440552,8.188151359558105,-1
1070,4702.630931329727,2568.0502672024068,4937.655852091312,2739.010801231861,75,train,1,0.9925925731658936,8.47344970703125,-1
1071,4937.655852091312,2397.089733172953,5172.6807728528975,2568.0502672024068,83,train,1,0.5974598526954651,8.209697723388672,-1
1072,4702.630931329727,2397.089733172953,4937.655852091312,2568.0502672024068,32,train,1,1.7104403972625732,7.219597339630127,-1
1073,5407.705693614483,2226.129199143499,5642.730614376068,2397.089733172953,52,train,1,0.811787486076355,7.742366790771484,-1
1074,5172.6807728528975,2226.129199143499,5407.705693614483,2397.089733172953,57,train,1,1.2363412380218506,7.860472679138184,-1
1075,5407.705693614483,2055.1686651140453,5642.730614376068,2226.129199143499,93,train,1,0.27605029940605164,8.089569091796875,-1
1076,5172.6807728528975,2055.1686651140453,5407.705693614483,2226.129199143499,41,train,1,0.9573039412498474,6.746431827545166,-1
1077,4467.606010568142,2568.0502672024068,4702.630931329727,2739.010801231861,50,train,1,1.4753268957138062,7.451146602630615,-1
1078,4232.5810898065565,2568.0502672024068,4467.606010568142,2739.010801231861,60,train,1,1.1478745937347412,8.18132209777832,-1
1079,4467.606010568142,2397.089733172953,4702.630931329727,2568.0502672024068,128,heldout,-1,,,77
1080,4232.5810898065565,2397.089733172953,4467.606010568142,2568.0502672024068,29,train,1,1.8960816860198975,6.773805618286133,-1
1081,3997.5561690449713,2568.0502672024068,4232.5810898065565,2739.010801231861,83,train,1,-0.17560411989688873,8.580889701843262,-1
1082,3762.531248283386,2568.0502672024068,3997.5561690449713,2739.010801231861,67,train,1,1.4086544513702393,9.033364295959473,-1
1083,3997.5561690449713,2397.089733172953,4232.5810898065565,2568.0502672024068,41,train,1,1.5625697374343872,7.166870594024658,-1
1084,3762.531248283386,2397.089733172953,3997.5561690449713,2568.0502672024068,89,train,1,-0.1458696871995926,8.4893217086792,-1
1085,3997.5561690449713,2226.129199143499,4232.5810898065565,2397.089733172953,29,train,1,1.4736248254776,7.226444244384766,-1
1086,3880.0437086641787,2311.609466158226,3997.5561690449713,2397.089733172953,24,train,1,1.199707269668579,6.563572406768799,-1
1087,3762.531248283386,2311.609466158226,3880.0437086641787,2397.089733172953,55,train,1,0.35810133814811707,7.665006637573242,-1
1088,3880.0437086641787,2226.129199143499,3997.5561690449713,2311.609466158226,73,train,1,0.25488075613975525,6.873415946960449,-1
1089,3762.531248283386,2226.129199143499,3880.0437086641787,2311.609466158226,106,train,1,-1.644805669784546,7.772861957550049,-1
1090,3997.5561690449713,2055.1686651140453,4232.5810898065565,2226.129199143499,44,train,1,1.5939350128173828,7.224631309509277,-1
1091,3880.0437086641787,2140.6489321287722,3997.5561690449713,2226.129199143499,58,train,1,0.0664282813668251,7.537802219390869,-1
1092,3762.531248283386,2140.6489321287722,3880.0437086641787,2226.129199143499,99,train,1,-1.373063087463379,8.119464874267578,-1
1093,3880.0437086641787,2055.1686651140453,3997.5561690449713,2140.6489321287722,54,train,1,0.539556622505188,7.355227947235107,-1
1094,3762.531248283386,2055.1686651140453,3880.0437086641787,2140.6489321287722,24,train,1,1.1122703552246094,6.5354695320129395,-1
1095,5172.6807728528975,1713.2475970551372,5642.730614376068,2055.1686651140453,143,train,1,0.07347176969051361,9.110091209411621,-1
1096,4702.630931329727,1713.2475970551372,5172.6807728528975,2055.1686651140453,152,train,1,0.060889601707458496,9.12623119354248,-1
1097,5407.705693614483,1542.2870630256832,5642.730614376068,1713.2475970551372,75,train,1,1.116178274154663,9.10385513305664,-1
1098,5172.6807728528975,1542.2870630256832,5407.705693614483,1713.2475970551372,86,train,1,-0.18419404327869415,8.35134506225586,-1
1099,5525.218153995275,1456.806796010956,5642.730614376068,1542.2870630256832,26,train,1,1.938036561012268,6.707930088043213,-1
1100,5407.705693614483,1456.806796010956,5525.218153995275,1542.2870630256832,70,train,0,9.29086685180664,3.8255274295806885,-1
1101,5525.218153995275,1371.3265289962292,5642.730614376068,1456.806796010956,33,train,2,5.519860744476318,11.835333824157715,-1
1102,5407.705693614483,1371.3265289962292,5525.218153995275,1456.806796010956,92,train,2,7.318450927734375,10.321361541748047,-1
1103,5290.19323323369,1456.806796010956,5407.705693614483,1542.2870630256832,55,train,2,5.061688423156738,10.241458892822266,-1
1104,5172.6807728528975,1456.806796010956,5290.19323323369,1542.2870630256832,57,train,2,5.275380611419678,10.381534576416016,-1
1105,5290.19323323369,1371.3265289962292,5407.705693614483,1456.806796010956,74,train,3,8.028502464294434,8.70415210723877,-1
1106,5172.6807728528975,1371.3265289962292,5290.19323323369,1456.806796010956,72,train,3,9.345381736755371,8.815245628356934,-1
1107,4702.630931329727,1371.3265289962292,5172.6807728528975,1713.2475970551372,195,train,2,4.482428073883057,11.891846656799316,-1
1108,3762.531248283386,1713.2475970551372,4232.5810898065565,2055.1686651140453,119,train,1,0.07255366444587708,9.016879081726074,-1
1109,3762.531248283386,1371.3265289962292,4232.5810898065565,1713.2475970551372,137,train,0,6.040616989135742,2.484206199645996,-1
1110,7405.417520087957,1285.8462619815023,7522.92998046875,1371.3265289962292,54,heldout,-1,,,87
1111,7287.905059707165,1285.8462619815023,7405.417520087957,1371.3265289962292,52,train,1,0.4327263832092285,7.394613742828369,-1
1112,7405.417520087957,1200.3659949667751,7522.92998046875,1285.8462619815023,56,train,2,5.7210469245910645,12.100194931030273,-1
1113,7287.905059707165,1200.3659949667751,7405.417520087957,1285.8462619815023,54,train,2,5.66436243057251,12.435368537902832,-1
1114,7052.880138945579,1200.3659949667751,7287.905059707165,1371.3265289962292,171,train,2,5.298864364624023,12.709741592407227,-1
1115,7287.905059707165,1029.405460937321,7522.92998046875,1200.3659949667751,161,train,2,5.2877888679504395,12.651570320129395,-1
1116,7052.880138945579,1029.405460937321,7287.905059707165,1200.3659949667751,191,train,2,5.348925590515137,12.601072311401367,-1
1117,6817.855218183994,1200.3659949667751,7052.880138945579,1371.3265289962292,161,train,2,5.099913597106934,11.953001022338867,-1
1118,6582.830297422409,1200.3659949667751,6817.855218183994,1371.3265289962292,147,train,2,5.347428798675537,12.653999328613281,-1
1119,6817.855218183994,1029.405460937321,7052.880138945579,1200.3659949667751,150,train,2,5.225610733032227,12.571724891662598,-1
1120,6582.830297422409,1029.405460937321,6817.855218183994,1200.3659949667751,179,train,2,5.358664512634277,12.640242576599121,-1
1121,7287.905059707165,858.4449269078672,7522.92998046875,1029.405460937321,195,train,1,-1.358816385269165,8.064040184020996,-1
1122,7170.392599326372,943.9251939225942,7287.905059707165,1029.405460937321,78,train,2,7.147760391235352,11.5973539352417,-1
1123,7052.880138945579,943.9251939225942,7170.392599326372,1029.405460937321,57,train,2,6.0240092277526855,12.31258487701416,-1
1124,7170.392599326372,858.4449269078672,7287.905059707165,943.9251939225942,77,train,2,6.416105270385742,11.991832733154297,-1
1125,7052.880138945579,858.4449269078672,7170.392599326372,943.9251939225942,52,train,2,5.889240741729736,12.359606742858887,-1
1126,7287.905059707165,687.4843928784132,7522.92998046875,858.4449269078672,130,train,1,0.8411588072776794,8.846612930297852,-1
1127,7052.880138945579,687.4843928784132,7287.905059707165,858.4449269078672,163,heldout,-1,,,82
1128,6582.830297422409,687.4843928784132,7052.880138945579,1029.405460937321,163,train,1,0.3540816009044647,9.11215591430664,-1
1129,6347.805376660824,1200.3659949667751,6582.830297422409,1371.3265289962292,92,train,2,5.386494159698486,12.696457862854004,-1
1130,6347.805376660824,1029.405460937321,6582.830297422409,1200.3659949667751,114,train,2,5.90319299697876,12.487059593200684,-1
1131,5877.755535137653,1200.3659949667751,6112.780455899238,1371.3265289962292,37,train,1,1.9072333574295044,6.734293460845947,-1
1132,5642.730614376068,1200.3659949667751,5877.755535137653,1371.3265289962292,63,train,1,1.0539438724517822,7.713606357574463,-1
1133,5877.755535137653,1029.405460937321,6112.780455899238,1200.3659949667751,41,train,1,1.938129186630249,6.788238048553467,-1
1134,5642.730614376068,1029.405460937321,5877.755535137653,1200.3659949667751,96,train,1,0.8850770592689514,8.80225944519043,-1
1135,6347.805376660824,858.4449269078672,6582.830297422409,1029.405460937321,44,train,1,0.7072692513465881,7.220808982849121,-1
1136,6112.780455899238,858.4449269078672,6347.805376660824,1029.405460937321,79,train,1,1.0295164585113525,8.942389488220215,-1
1137,6347.805376660824,687.4843928784132,6582.830297422409,858.4449269078672,37,train,1,1.3791931867599487,6.90934944152832,-1
1138,6112.780455899238,687.4843928784132,6347.805376660824,858.4449269078672,140,train,2,4.4177751541137695,11.683131217956543,-1
1139,5877.755535137653,858.4449269078672,6112.780455899238,1029.405460937321,166,train,2,4.4922709465026855,11.932694435119629,-1
1140,5642.730614376068,858.4449269078672,5877.755535137653,1029.405460937321,57,train,1,1.2176657915115356,7.662493705749512,-1
1141,5877.755535137653,687.4843928784132,6112.780455899238,858.4449269078672,199,train,2,5.849524021148682,10.23676586151123,-1
1142,5642.730614376068,687.4843928784132,5877.755535137653,858.4449269078672,132,train,1,0.543969452381134,8.717283248901367,-1
1143,7052.880138945579,345.5633248195052,7522.92998046875,687.4843928784132,192,train,1,0.7075037956237793,9.088130950927734,-1
1144,6817.855218183994,516.5238588489592,7052.880138945579,687.4843928784132,58,train,0,7.386800765991211,3.3368911743164062,-1
1145,6582.830297422409,516.5238588489592,6817.855218183994,687.4843928784132,77,train,0,7.364283084869385,3.213979959487915,-1
1146,6817.855218183994,345.5633248195052,7052.880138945579,516.5238588489592,28,train,1,1.8153440952301025,6.601251125335693,-1
1147,6582.830297422409,345.5633248195052,6817.855218183994,516.5238588489592,41,train,1,1.8349348306655884,6.886315822601318,-1
1148,7287.905059707165,174.60279079005122,7522.92998046875,345.5633248195052,46,train,1,1.7905051708221436,6.98203706741333,-1
1149,7052.880138945579,174.60279079005122,7287.905059707165,345.5633248195052,58,train,1,1.3551689386367798,7.084804058074951,-1
1150,7287.905059707165,3.642256760597229,7522.92998046875,174.60279079005122,56,train,1,2.110553741455078,7.040406703948975,-1
1151,7052.880138945579,3.642256760597229,7287.905059707165,174.60279079005122,74,train,0,7.235202312469482,3.214442491531372,-1
1152,6582.830297422409,3.642256760597229,7052.880138945579,345.5633248195052,139,train,1,0.5297707319259644,8.988554000854492,-1
1153,6112.780455899238,516.5238588489592,6347.805376660824,687.4843928784132,154,train,2,4.422613620758057,11.55411148071289,-1
1154,6112.780455899238,345.5633248195052,6347.805376660824,516.5238588489592,39,train,1,1.3832213878631592,7.17064905166626,-1
1155,5877.755535137653,516.5238588489592,6112.780455899238,687.4843928784132,99,train,1,0.7852024435997009,7.349818706512451,-1
1156,5760.243074756861,602.0041258636862,5877.755535137653,687.4843928784132,32,train,1,0.9946479797363281,6.616618633270264,-1
1157,5642.730614376068,602.0041258636862,5760.243074756861,687.4843928784132,30,train,1,1.108899712562561,7.018439769744873,-1
1158,5760.243074756861,516.5238588489592,5877.755535137653,602.0041258636862,109,train,1,-1.096225380897522,6.99937629699707,-1
1159,5642.730614376068,516.5238588489592,5760.243074756861,602.0041258636862,47,train,1,0.6016736030578613,7.130978107452393,-1
1160,5995.267995518446,431.0435918342322,6112.780455899238,516.5238588489592,20,train,1,1.5047789812088013,6.536533355712891,-1
1161,5877.755535137653,431.0435918342322,5995.267995518446,516.5238588489592,145,train,1,-1.6853508949279785,7.679683208465576,-1
1162,5995.267995518446,345.5633248195052,6112.780455899238,431.0435918342322,20,train,1,1.6212024688720703,6.418412208557129,-1
1163,5877.755535137653,345.5633248195052,5995.267995518446,431.0435918342322,104,train,1,-1.2424595355987549,6.837062358856201,-1
1164,5760.243074756861,431.0435918342322,5877.755535137653,516.5238588489592,144,train,1,-1.8521840572357178,7.080727577209473,-1
1165,5642.730614376068,431.0435918342322,5760.243074756861,516.5238588489592,67,train,1,0.1055506244301796,7.896553039550781,-1
1166,5760.243074756861,345.5633248195052,5877.755535137653,431.0435918342322,104,train,1,-1.8119348287582397,7.0756001472473145,-1
1167,5642.730614376068,345.5633248195052,5760.243074756861,431.0435918342322,82,train,2,4.201220512390137,10.759005546569824,-1
1168,5877.755535137653,174.60279079005122,6112.780455899238,345.5633248195052,181,train,1,0.5441848635673523,7.822447776794434,-1
1169,5760.243074756861,260.0830578047782,5877.755535137653,345.5633248195052,80,train,1,-1.264311671257019,6.910742282867432,-1
1170,5642.730614376068,260.0830578047782,5760.243074756861,345.5633248195052,82,heldout,-1,,,68
1171,5760.243074756861,174.60279079005122,5877.755535137653,260.0830578047782,96,train,1,-1.8621572256088257,7.095013618469238,-1
1172,5642.730614376068,174.60279079005122,5760.243074756861,260.0830578047782,146,train,1,-2.0088605880737305,7.225458145141602,-1
1173,5877.755535137653,3.642256760597229,6112.780455899238,174.60279079005122,104,train,1,-1.5172537565231323,6.960461139678955,-1
1174,5760.243074756861,89.12252377532423,5877.755535137653,174.60279079005122,108,train,3,8.29882526397705,7.344038009643555,-1
1175,5642.730614376068,89.12252377532423,5760.243074756861,174.60279079005122,98,train,1,8.249625205993652,7.37587308883667,-1
1176,5760.243074756861,3.642256760597229,5877.755535137653,89.12252377532423,19,train,3,8.482949256896973,7.327975749969482,-1
1177,5642.730614376068,3.642256760597229,5760.243074756861,89.12252377532423,11,heldout,-1,,,7
1178,5407.705693614483,1200.3659949667751,5642.730614376068,1371.3265289962292,184,train,2,4.4796462059021,11.879951477050781,-1
1179,5290.19323323369,1285.8462619815023,5407.705693614483,1371.3265289962292,80,train,3,9.320795059204102,8.785073280334473,-1
1180,5172.6807728528975,1285.8462619815023,5290.19323323369,1371.3265289962292,89,train,3,9.327548027038574,8.602934837341309,-1
1181,5290.19323323369,1200.3659949667751,5407.705693614483,1285.8462619815023,105,train,3,9.18540096282959,8.360983848571777,-1
1182,5172.6807728528975,1200.3659949667751,5290.19323323369,1285.8462619815023,116,train,3,9.266857147216797,8.736429214477539,-1
1183,5407.705693614483,1029.405460937321,5642.730614376068,1200.3659949667751,181,train,2,4.405361175537109,11.721034049987793,-1
1184,5290.19323323369,1114.885727952048,5407.705693614483,1200.3659949667751,75,train,3,9.234308242797852,9.00804328918457,-1
1185,5172.6807728528975,1114.885727952048,5290.19323323369,1200.3659949667751,64,train,3,9.125059127807617,8.392142295837402,-1
1186,5290.19323323369,1029.405460937321,5407.705693614483,1114.885727952048,66,train,2,6.40643835067749,10.293313980102539,-1
1187,5172.6807728528975,1029.405460937321,5290.19323323369,1114.885727952048,60,train,3,8.860666275024414,8.816019058227539,-1
1188,4937.655852091312,1200.3659949667751,5172.6807728528975,1371.3265289962292,166,train,2,4.683714866638184,12.037396430969238,-1
1189,4702.630931329727,1200.3659949667751,4937.655852091312,1371.3265289962292,50,train,1,1.3063392639160156,7.681044578552246,-1
1190,4937.655852091312,1029.405460937321,5172.6807728528975,1200.3659949667751,156,train,2,4.94883394241333,12.288268089294434,-1
1191,4702.630931329727,1029.405460937321,4937.655852091312,1200.3659949667751,56,train,1,1.3482664823532104,7.854751110076904,-1
1192,5525.218153995275,943.9251939225942,5642.730614376068,1029.405460937321,70,train,3,8.076298713684082,8.552064895629883,-1
1193,5407.705693614483,943.9251939225942,5525.218153995275,1029.405460937321,85,train,3,9.146611213684082,8.213427543640137,-1
1194,5525.218153995275,858.4449269078672,5642.730614376068,943.9251939225942,51,train,2,6.439600944519043,10.560323715209961,-1
1195,5407.705693614483,858.4449269078672,5525.218153995275,943.9251939225942,67,train,3,9.051553726196289,8.19593334197998,-1
1196,5290.19323323369,943.9251939225942,5407.705693614483,1029.405460937321,75,train,2,6.102978229522705,10.192503929138184,-1
1197,5172.6807728528975,943.9251939225942,5290.19323323369,1029.405460937321,48,train,2,5.328699588775635,10.513397216796875,-1
1198,5290.19323323369,858.4449269078672,5407.705693614483,943.9251939225942,65,train,0,8.09967041015625,4.885586738586426,-1
1199,5172.6807728528975,858.4449269078672,5290.19323323369,943.9251939225942,37,train,1,-0.11950940638780594,7.423695087432861,-1
1200,5407.705693614483,687.4843928784132,5642.730614376068,858.4449269078672,148,heldout,-1,,,52
1201,5290.19323323369,772.9646598931402,5407.705693614483,858.4449269078672,29,train,2,4.60085916519165,10.476682662963867,-1
1202,5172.6807728528975,772.9646598931402,5290.19323323369,858.4449269078672,59,train,2,4.786162376403809,9.951857566833496,-1
1203,5290.19323323369,687.4843928784132,5407.705693614483,772.9646598931402,59,train,1,-0.43539053201675415,7.5860185623168945,-1
1204,5172.6807728528975,687.4843928784132,5290.19323323369,772.9646598931402,76,train,2,5.140838623046875,9.841704368591309,-1
1205,4937.655852091312,858.4449269078672,5172.6807728528975,1029.405460937321,103,train,1,0.3264264464378357,8.758362770080566,-1
1206,4702.630931329727,858.4449269078672,4937.655852091312,1029.405460937321,41,train,1,1.1128747463226318,7.191025733947754,-1
1207,4937.655852091312,687.4843928784132,5172.6807728528975,858.4449269078672,172,train,2,4.508438587188721,11.790782928466797,-1
1208,4702.630931329727,687.4843928784132,4937.655852091312,858.4449269078672,47,train,1,1.705310344696045,7.210336208343506,-1
1209,4232.5810898065565,687.4843928784132,4702.630931329727,1029.405460937321,164,train,1,0.4377514123916626,9.142962455749512,-1
1210,5407.705693614483,516.5238588489592,5642.730614376068,687.4843928784132,197,train,2,4.443775177001953,11.858378410339355,-1
1211,5290.19323323369,602.0041258636862,5407.705693614483,687.4843928784132,60,train,1,-1.036370038986206,7.799983501434326,-1
1212,5172.6807728528975,602.0041258636862,5290.19323323369,687.4843928784132,80,train,2,5.213874816894531,10.491440773010254,-1
1213,5290.19323323369,516.5238588489592,5407.705693614483,602.0041258636862,62,train,2,5.252091407775879,10.508968353271484,-1
1214,5172.6807728528975,516.5238588489592,5290.19323323369,602.0041258636862,56,train,1,-0.8219830989837646,6.824526786804199,-1
1215,5525.218153995275,431.0435918342322,5642.730614376068,516.5238588489592,86,train,2,5.438451290130615,9.83437442779541,-1
1216,5407.705693614483,431.0435918342322,5525.218153995275,516.5238588489592,71,train,3,8.832240104675293,8.318934440612793,-1
1217,5525.218153995275,345.5633248195052,5642.730614376068,431.0435918342322,77,heldout,-1,,,51
1218,5407.705693614483,345.5633248195052,5525.218153995275,431.0435918342322,65,train,3,9.010897636413574,8.281286239624023,-1
1219,5290.19323323369,431.0435918342322,5407.705693614483,516.5238588489592,78,train,2,5.125864028930664,9.818805694580078,-1
1220,5172.6807728528975,431.0435918342322,5290.19323323369,516.5238588489592,61,train,2,4.207102298736572,10.032402992248535,-1
1221,5290.19323323369,345.5633248195052,5407.705693614483,431.0435918342322,64,train,2,4.8936004638671875,10.164360046386719,-1
1222,5172.6807728528975,345.5633248195052,5290.19323323369,431.0435918342322,87,train,2,4.568047046661377,10.058869361877441,-1
1223,5055.168312472105,602.0041258636862,5172.6807728528975,687.4843928784132,49,train,1,1.2960071563720703,7.154952049255371,-1
1224,4937.655852091312,602.0041258636862,5055.168312472105,687.4843928784132,75,train,1,0.2145620882511139,7.5539093017578125,-1
1225,5055.168312472105,516.5238588489592,5172.6807728528975,602.0041258636862,65,train,1,-0.9512737393379211,7.058250427246094,-1
1226,4937.655852091312,516.5238588489592,5055.168312472105,602.0041258636862,62,train,1,0.46678635478019714,7.38743257522583,-1
1227,4820.14339171052,602.0041258636862,4937.655852091312,687.4843928784132,30,train,1,0.9411248564720154,6.672489643096924,-1
1228,4702.630931329727,602.0041258636862,4820.14339171052,687.4843928784132,34,train,1,1.4487351179122925,6.82832145690918,-1
1229,4820.14339171052,516.5238588489592,4937.655852091312,602.0041258636862,78,train,2,4.9138054847717285,9.680007934570312,-1
1230,4702.630931329727,516.5238588489592,4820.14339171052,602.0041258636862,80,train,2,4.83291482925415,9.772239685058594,-1
1231,5055.168312472105,431.0435918342322,5172.6807728528975,516.5238588489592,77,heldout,-1,,,78
1232,4937.655852091312,431.0435918342322,5055.168312472105,516.5238588489592,77,train,2,4.79417610168457,10.015177726745605,-1
1233,5055.168312472105,345.5633248195052,5172.6807728528975,431.0435918342322,76,train,2,5.764448165893555,9.92769718170166,-1
1234,4937.655852091312,345.5633248195052,5055.168312472105,431.0435918342322,87,train,2,4.807043552398682,9.926753044128418,-1
1235,4820.14339171052,431.0435918342322,4937.655852091312,516.5238588489592,90,train,2,5.066611289978027,9.75143051147461,-1
1236,4702.630931329727,431.0435918342322,4820.14339171052,516.5238588489592,71,train,2,5.365108966827393,10.016639709472656,-1
1237,4820.14339171052,345.5633248195052,4937.655852091312,431.0435918342322,102,train,2,4.83458137512207,9.9941987991333,-1
1238,4702.630931329727,345.5633248195052,4820.14339171052,431.0435918342322,85,train,2,5.4927897453308105,9.8505220413208,-1
1239,5525.218153995275,260.0830578047782,5642.730614376068,345.5633248195052,91,train,2,6.228260517120361,10.097773551940918,-1
1240,5407.705693614483,260.0830578047782,5525.218153995275,345.5633248195052,60,train,2,7.081876277923584,10.08486270904541,-1
1241,5525.218153995275,174.60279079005122,5642.730614376068,260.0830578047782,127,train,1,-1.8915942907333374,7.631694793701172,-1
1242,5407.705693614483,174.60279079005122,5525.218153995275,260.0830578047782,67,train,2,6.946891784667969,9.910745620727539,-1
1243,5290.19323323369,260.0830578047782,5407.705693614483,345.5633248195052,77,train,2,6.257073879241943,10.13094711303711,-1
1244,5172.6807728528975,260.0830578047782,5290.19323323369,345.5633248195052,78,train,2,3.974449634552002,11.108307838439941,-1
1245,5290.19323323369,174.60279079005122,5407.705693614483,260.0830578047782,54,train,3,8.783964157104492,7.994112491607666,-1
1246,5172.6807728528975,174.60279079005122,5290.19323323369,260.0830578047782,72,train,3,8.584603309631348,7.9561944007873535,-1
1247,5407.705693614483,3.642256760597229,5642.730614376068,174.60279079005122,109,train,3,8.347558975219727,7.5718278884887695,-1
1248,5172.6807728528975,3.642256760597229,5407.705693614483,174.60279079005122,68,train,3,8.549132347106934,7.381557464599609,-1
1249,5055.168312472105,260.0830578047782,5172.6807728528975,345.5633248195052,69,train,2,5.746441841125488,9.877857208251953,-1
1250,4937.655852091312,260.0830578047782,5055.168312472105,345.5633248195052,81,train,2,7.259666442871094,10.147929191589355,-1
1251,5055.168312472105,174.60279079005122,5172.6807728528975,260.0830578047782,44,heldout,-1,,,75
1252,4937.655852091312,174.60279079005122,5055.168312472105,260.0830578047782,33,heldout,-1,,,21
1253,4820.14339171052,260.0830578047782,4937.655852091312,345.5633248195052,79,train,3,8.053200721740723,8.672796249389648,-1
1254,4702.630931329727,260.0830578047782,4820.14339171052,345.5633248195052,82,train,3,8.050307273864746,8.729323387145996,-1
1255,4820.14339171052,174.60279079005122,4937.655852091312,260.0830578047782,45,train,3,8.470751762390137,7.958233833312988,-1
1256,4702.630931329727,174.60279079005122,4820.14339171052,260.0830578047782,41,train,3,8.359481811523438,8.112338066101074,-1
1257,4585.118470948934,602.0041258636862,4702.630931329727,687.4843928784132,55,train,1,0.6956591606140137,7.312280178070068,-1
1258,4467.606010568142,602.0041258636862,4585.118470948934,687.4843928784132,92,train,1,-1.8116345405578613,7.050937652587891,-1
1259,4585.118470948934,516.5238588489592,4702.630931329727,602.0041258636862,133,train,1,-1.9875612258911133,7.186647891998291,-1
1260,4467.606010568142,516.5238588489592,4585.118470948934,602.0041258636862,116,train,2,5.0609259605407715,9.705656051635742,-1
1261,4350.093550187349,602.0041258636862,4467.606010568142,687.4843928784132,99,train,1,-1.881913661956787,7.501081943511963,-1
1262,4232.5810898065565,602.0041258636862,4350.093550187349,687.4843928784132,80,train,1,-1.1778881549835205,7.994403839111328,-1
1263,4350.093550187349,516.5238588489592,4467.606010568142,602.0041258636862,120,train,2,5.067325592041016,9.6917724609375,-1
1264,4232.5810898065565,516.5238588489592,4350.093550187349,602.0041258636862,118,train,2,5.0661773681640625,9.688287734985352,-1
1265,4585.118470948934,431.0435918342322,4702.630931329727,516.5238588489592,91,train,2,4.5204877853393555,10.347908973693848,-1
1266,4467.606010568142,431.0435918342322,4585.118470948934,516.5238588489592,89,train,2,5.1106672286987305,9.74834156036377,-1
1267,4585.118470948934,345.5633248195052,4702.630931329727,431.0435918342322,85,train,2,4.756813049316406,10.009242057800293,-1
1268,4467.606010568142,345.5633248195052,4585.118470948934,431.0435918342322,78,train,2,5.868978977203369,10.075074195861816,-1
1269,4350.093550187349,431.0435918342322,4467.606010568142,516.5238588489592,115,train,2,5.180451393127441,9.644734382629395,-1
1270,4232.5810898065565,431.0435918342322,4350.093550187349,516.5238588489592,76,train,2,5.488407135009766,9.8796968460083,-1
1271,4350.093550187349,345.5633248195052,4467.606010568142,431.0435918342322,90,train,2,5.311196327209473,9.743220329284668,-1
1272,4232.5810898065565,345.5633248195052,4350.093550187349,431.0435918342322,129,train,2,3.902742385864258,11.09149169921875,-1
1273,3997.5561690449713,516.5238588489592,4232.5810898065565,687.4843928784132,113,train,1,0.843082070350647,8.954216003417969,-1
1274,4115.068629425764,431.0435918342322,4232.5810898065565,516.5238588489592,77,train,2,5.078636169433594,9.724408149719238,-1
1275,3997.5561690449713,431.0435918342322,4115.068629425764,516.5238588489592,21,train,1,1.1583526134490967,6.608730316162109,-1
1276,4115.068629425764,345.5633248195052,4232.5810898065565,431.0435918342322,90,train,2,5.138648509979248,9.724466323852539,-1
1277,3997.5561690449713,345.5633248195052,4115.068629425764,431.0435918342322,20,train,1,0.6008278131484985,6.637844085693359,-1
1278,3762.531248283386,345.5633248195052,3997.5561690449713,516.5238588489592,33,train,1,1.0083884000778198,7.020031452178955,-1
1279,4585.118470948934,260.0830578047782,4702.630931329727,345.5633248195052,96,train,2,4.042449474334717,11.07284164428711,-1
1280,4467.606010568142,260.0830578047782,4585.118470948934,345.5633248195052,79,train,2,7.006973743438721,9.49026870727539,-1
1281,4585.118470948934,174.60279079005122,4702.630931329727,260.0830578047782,34,train,3,8.425132751464844,7.3409552574157715,-1
1282,4467.606010568142,174.60279079005122,4585.118470948934,260.0830578047782,20,train,3,8.495233535766602,7.3315887451171875,-1
1283,4350.093550187349,260.0830578047782,4467.606010568142,345.5633248195052,71,train,3,8.417624473571777,8.079100608825684,-1
1284,4232.5810898065565,260.0830578047782,4350.093550187349,345.5633248195052,112,train,3,8.28681755065918,7.849331855773926,-1
1285,4350.093550187349,174.60279079005122,4467.606010568142,260.0830578047782,17,train,3,8.512889862060547,7.334689617156982,-1
1286,4232.5810898065565,174.60279079005122,4350.093550187349,260.0830578047782,9,train,3,8.496809005737305,7.3240838050842285,-1
1287,3762.531248283386,3.642256760597229,4232.5810898065565,345.5633248195052,161,train,1,-1.7585755586624146,7.014846324920654,-1
1288,3527.506327521801,2568.0502672024068,3762.531248283386,2739.010801231861,99,train,1,0.8857572674751282,8.583257675170898,-1
1289,3292.4814067602156,2568.0502672024068,3527.506327521801,2739.010801231861,66,train,1,0.8288745284080505,8.259324073791504,-1
1290,3645.0187879025934,2482.57000018768,3762.531248283386,2568.0502672024068,56,train,2,3.665851354598999,9.386625289916992,-1
1291,3527.506327521801,2482.57000018768,3645.0187879025934,2568.0502672024068,75,train,3,8.025344848632812,8.759872436523438,-1
1292,3645.0187879025934,2397.089733172953,3762.531248283386,2482.57000018768,73,train,2,3.575497627258301,9.428057670593262,-1
1293,3527.506327521801,2397.089733172953,3645.0187879025934,2482.57000018768,52,train,2,3.2001547813415527,9.125649452209473,-1
1294,3292.4814067602156,2397.089733172953,3527.506327521801,2568.0502672024068,76,train,1,0.8467288017272949,8.433064460754395,-1
1295,3057.4564859986303,2568.0502672024068,3292.4814067602156,2739.010801231861,57,train,1,1.2117615938186646,7.87560510635376,-1
1296,2822.431565237045,2568.0502672024068,3057.4564859986303,2739.010801231861,168,train,1,-0.16216151416301727,8.960213661193848,-1
1297,3057.4564859986303,2397.089733172953,3292.4814067602156,2568.0502672024068,83,train,1,0.5548974275588989,8.424074172973633,-1
1298,2822.431565237045,2397.089733172953,3057.4564859986303,2568.0502672024068,141,train,1,-0.13082964718341827,9.001826286315918,-1
1299,3527.506327521801,2226.129199143499,3762.531248283386,2397.089733172953,74,train,1,0.873293399810791,8.433650016784668,-1
1300,3292.4814067602156,2226.129199143499,3527.506327521801,2397.089733172953,46,train,1,1.2275182008743286,7.745005130767822,-1
1301,3527.506327521801,2055.1686651140453,3762.531248283386,2226.129199143499,97,train,0,6.429510116577148,2.5526487827301025,-1
1302,3292.4814067602156,2055.1686651140453,3527.506327521801,2226.129199143499,33,train,1,1.6663336753845215,7.107292175292969,-1
1303,3057.4564859986303,2226.129199143499,3292.4814067602156,2397.089733172953,44,train,1,1.2302178144454956,7.327912330627441,-1
1304,2822.431565237045,2226.129199143499,3057.4564859986303,2397.089733172953,185,train,1,0.4639865756034851,9.145054817199707,-1
1305,3057.4564859986303,2055.1686651140453,3292.4814067602156,2226.129199143499,77,heldout,-1,,,81
1306,2822.431565237045,2055.1686651140453,3057.4564859986303,2226.129199143499,105,train,1,0.6040273308753967,8.943039894104004,-1
1307,2704.9191048562525,2653.530534217134,2822.431565237045,2739.010801231861,98,train,2,3.5905063152313232,9.49933910369873,-1
1308,2587.40664447546,2653.530534217134,2704.9191048562525,2739.010801231861,66,train,1,0.27223294973373413,6.793008804321289,-1
1309,2704.9191048562525,2568.0502672024068,2822.431565237045,2653.530534217134,35,train,1,1.1240630149841309,6.724911212921143,-1
1310,2587.40664447546,2568.0502672024068,2704.9191048562525,2653.530534217134,37,train,1,1.0818774700164795,6.723456859588623,-1
1311,2352.3817237138746,2568.0502672024068,2587.40664447546,2739.010801231861,91,heldout,-1,,,60
1312,2587.40664447546,2397.089733172953,2822.431565237045,2568.0502672024068,180,train,1,-0.08677378296852112,9.061967849731445,-1
1313,2352.3817237138746,2397.089733172953,2587.40664447546,2568.0502672024068,78,train,1,0.7921534776687622,8.365762710571289,-1
1314,2234.869263333082,2653.530534217134,2352.3817237138746,2739.010801231861,87,train,1,-1.313889741897583,8.008395195007324,-1
1315,2117.3568029522894,2653.530534217134,2234.869263333082,2739.010801231861,54,train,1,-0.8912012577056885,7.947229385375977,-1
1316,2234.869263333082,2568.0502672024068,2352.3817237138746,2653.530534217134,64,train,1,-0.8675623536109924,6.8511834144592285,-1
1317,2117.3568029522894,2568.0502672024068,2234.869263333082,2653.530534217134,78,train,1,-1.1586195230484009,8.103909492492676,-1
1318,1999.8443425714968,2653.530534217134,2117.3568029522894,2739.010801231861,48,train,1,-0.8481534123420715,7.941645622253418,-1
1319,1882.3318821907042,2653.530534217134,1999.8443425714968,2739.010801231861,45,train,2,3.271059036254883,9.15871810913086,-1
1320,1999.8443425714968,2568.0502672024068,2117.3568029522894,2653.530534217134,63,train,1,-1.0019656419754028,8.024563789367676,-1
1321,1882.3318821907042,2568.0502672024068,1999.8443425714968,2653.530534217134,56,heldout,-1,,,71
1322,2234.869263333082,2482.57000018768,2352.3817237138746,2568.0502672024068,70,train,1,-0.8427773118019104,7.885494232177734,-1
1323,2117.3568029522894,2482.57000018768,2234.869263333082,2568.0502672024068,61,train,1,-1.0636612176895142,8.088241577148438,-1
1324,2234.869263333082,2397.089733172953,2352.3817237138746,2482.57000018768,51,train,1,-0.10092173516750336,7.610361576080322,-1
1325,2117.3568029522894,2397.089733172953,2234.869263333082,2482.57000018768,59,train,1,0.10936994850635529,7.836421489715576,-1
1326,1999.8443425714968,2482.57000018768,2117.3568029522894,2568.0502672024068,58,train,1,-0.9148656725883484,7.982511043548584,-1
1327,1882.3318821907042,2482.57000018768,1999.8443425714968,2568.0502672024068,59,train,2,4.351703643798828,9.350051879882812,-1
1328,1999.8443425714968,2397.089733172953,2117.3568029522894,2482.57000018768,48,train,1,-0.8084321022033691,7.025995254516602,-1
1329,1882.3318821907042,2397.089733172953,1999.8443425714968,2482.57000018768,67,train,1,1.6052528619766235,9.226859092712402,-1
1330,2587.40664447546,2226.129199143499,2822.431565237045,2397.089733172953,143,train,1,0.5350014567375183,8.985896110534668,-1
1331,2352.3817237138746,2226.129199143499,2587.40664447546,2397.089733172953,91,train,0,6.279499530792236,3.1337146759033203,-1
1332,2587.40664447546,2055.1686651140453,2822.431565237045,2226.129199143499,147,train,1,0.37096142768859863,8.958691596984863,-1
1333,2469.8941840946673,2140.6489321287722,2587.40664447546,2226.129199143499,54,train,0,8.75190544128418,4.510648250579834,-1
1334,2352.3817237138746,2140.6489321287722,2469.8941840946673,2226.129199143499,59,train,0,8.153545379638672,3.5701260566711426,-1
1335,2469.8941840946673,2055.1686651140453,2587.40664447546,2140.6489321287722,54,train,0,8.846210479736328,3.557466745376587,-1
1336,2352.3817237138746,2055.1686651140453,2469.8941840946673,2140.6489321287722,64,train,0,8.228157043457031,3.3479397296905518,-1
1337,2117.3568029522894,2226.129199143499,2352.3817237138746,2397.089733172953,144,train,0,6.513410568237305,1.905640721321106,-1
1338,1882.3318821907042,2226.129199143499,2117.3568029522894,2397.089733172953,142,train,1,0.433197945356369,9.117798805236816,-1
1339,2117.3568029522894,2055.1686651140453,2352.3817237138746,2226.129199143499,183,train,0,6.063069820404053,2.5612733364105225,-1
1340,1882.3318821907042,2055.1686651140453,2117.3568029522894,2226.129199143499,118,train,0,6.091673851013184,2.603187084197998,-1
1341,3527.506327521801,1884.2081310845913,3762.531248283386,2055.1686651140453,127,train,0,5.858972072601318,3.2738211154937744,-1
1342,3409.993867141008,1969.6883980993184,3527.506327521801,2055.1686651140453,25,train,1,2.1079652309417725,6.695677280426025,-1
1343,3292.4814067602156,1969.6883980993184,3409.993867141008,2055.1686651140453,50,train,0,8.722723960876465,3.2752861976623535,-1
1344,3409.993867141008,1884.2081310845913,3527.506327521801,1969.6883980993184,58,train,0,9.684099197387695,3.5043818950653076,-1
1345,3292.4814067602156,1884.2081310845913,3409.993867141008,1969.6883980993184,73,train,3,9.227616310119629,8.844930648803711,-1
1346,3527.506327521801,1713.2475970551372,3762.531248283386,1884.2081310845913,98,train,0,5.908287048339844,3.1512269973754883,-1
1347,3409.993867141008,1798.7278640698642,3527.506327521801,1884.2081310845913,64,train,3,9.137925148010254,7.7837958335876465,-1
1348,3292.4814067602156,1798.7278640698642,3409.993867141008,1884.2081310845913,58,train,3,8.867117881774902,7.633244037628174,-1
1349,3409.993867141008,1713.2475970551372,3527.506327521801,1798.7278640698642,59,train,0,6.515839576721191,2.757305145263672,-1
1350,3292.4814067602156,1713.2475970551372,3409.993867141008,1798.7278640698642,57,train,0,7.689714431762695,2.3014655113220215,-1
1351,3174.968946379423,1969.6883980993184,3292.4814067602156,2055.1686651140453,62,train,0,8.755485534667969,3.0588085651397705,-1
1352,3057.4564859986303,1969.6883980993184,3174.968946379423,2055.1686651140453,52,train,0,9.050079345703125,3.5378196239471436,-1
1353,3174.968946379423,1884.2081310845913,3292.4814067602156,1969.6883980993184,59,train,3,8.89276123046875,8.001982688903809,-1
1354,3057.4564859986303,1884.2081310845913,3174.968946379423,1969.6883980993184,58,train,3,8.933293342590332,7.7517828941345215,-1
1355,2822.431565237045,1884.2081310845913,3057.4564859986303,2055.1686651140453,167,train,0,5.933560371398926,3.187174081802368,-1
1356,3174.968946379423,1798.7278640698642,3292.4814067602156,1884.2081310845913,69,train,3,8.97981071472168,7.8162431716918945,-1
1357,3057.4564859986303,1798.7278640698642,3174.968946379423,1884.2081310845913,59,train,3,8.976207733154297,7.781627178192139,-1
1358,3174.968946379423,1713.2475970551372,3292.4814067602156,1798.7278640698642,49,train,0,9.937213897705078,3.3722894191741943,-1
1359,3057.4564859986303,1713.2475970551372,3174.968946379423,1798.7278640698642,74,train,0,8.805627822875977,5.653432369232178,-1
1360,2939.9440256178377,1798.7278640698642,3057.4564859986303,1884.2081310845913,76,train,3,9.008407592773438,7.759157657623291,-1
1361,2822.431565237045,1798.7278640698642,2939.9440256178377,1884.2081310845913,60,train,0,9.722125053405762,4.341977119445801,-1
1362,2939.9440256178377,1713.2475970551372,3057.4564859986303,1798.7278640698642,76,heldout,-1,,,89
1363,2822.431565237045,1713.2475970551372,2939.9440256178377,1798.7278640698642,61,train,0,7.782837390899658,3.3741648197174072,-1
1364,3645.0187879025934,1627.7673300404103,3762.531248283386,1713.2475970551372,42,train,0,8.20421028137207,3.2016642093658447,-1
1365,3527.506327521801,1627.7673300404103,3645.0187879025934,1713.2475970551372,55,train,0,9.684733390808105,3.8707005977630615,-1
1366,3645.0187879025934,1542.2870630256832,3762.531248283386,1627.7673300404103,75,train,0,8.635794639587402,5.587214946746826,-1
1367,3527.506327521801,1542.2870630256832,3645.0187879025934,1627.7673300404103,55,train,0,9.094233512878418,3.9573590755462646,-1
1368,3409.993867141008,1627.7673300404103,3527.506327521801,1713.2475970551372,57,train,0,8.473799705505371,3.6845078468322754,-1
1369,3292.4814067602156,1627.7673300404103,3409.993867141008,1713.2475970551372,44,train,0,7.90830659866333,4.07036828994751,-1
1370,3409.993867141008,1542.2870630256832,3527.506327521801,1627.7673300404103,74,train,0,9.48771858215332,4.415174961090088,-1
1371,3292.4814067602156,1542.2870630256832,3409.993867141008,1627.7673300404103,59,train,0,9.399493217468262,4.114469528198242,-1
1372,3645.0187879025934,1456.806796010956,3762.531248283386,1542.2870630256832,60,train,0,7.078917980194092,2.7673404216766357,-1
1373,3527.506327521801,1456.806796010956,3645.0187879025934,1542.2870630256832,71,train,0,8.663381576538086,3.800525665283203,-1
1374,3645.0187879025934,1371.3265289962292,3762.531248283386,1456.806796010956,84,train,0,9.521903038024902,4.365640640258789,-1
1375,3527.506327521801,1371.3265289962292,3645.0187879025934,1456.806796010956,70,train,0,8.90809440612793,4.441515922546387,-1
1376,3409.993867141008,1456.806796010956,3527.506327521801,1542.2870630256832,61,train,0,9.430549621582031,3.922969341278076,-1
1377,3292.4814067602156,1456.806796010956,3409.993867141008,1542.2870630256832,79,train,0,9.766118049621582,4.482480525970459,-1
1378,3409.993867141008,1371.3265289962292,3527.506327521801,1456.806796010956,69,train,0,9.005207061767578,5.978485107421875,-1
1379,3292.4814067602156,1371.3265289962292,3409.993867141008,1456.806796010956,77,train,0,9.201111793518066,4.602883815765381,-1
1380,3174.968946379423,1627.7673300404103,3292.4814067602156,1713.2475970551372,51,train,0,7.795018196105957,2.451324462890625,-1
1381,3057.4564859986303,1627.7673300404103,3174.968946379423,1713.2475970551372,77,train,0,8.407893180847168,3.146949052810669,-1
1382,3174.968946379423,1542.2870630256832,3292.4814067602156,1627.7673300404103,84,train,0,9.317584991455078,3.791627883911133,-1
1383,3057.4564859986303,1542.2870630256832,3174.968946379423,1627.7673300404103,59,train,0,7.674967288970947,2.0153558254241943,-1
1384,2822.431565237045,1542.2870630256832,3057.4564859986303,1713.2475970551372,196,train,0,6.228296756744385,2.1279075145721436,-1
1385,3174.968946379423,1456.806796010956,3292.4814067602156,1542.2870630256832,65,train,0,9.472273826599121,3.5595877170562744,-1
1386,3057.4564859986303,1456.806796010956,3174.968946379423,1542.2870630256832,80,train,0,9.555453300476074,4.496832847595215,-1
1387,3174.968946379423,1371.3265289962292,3292.4814067602156,1456.806796010956,67,train,0,9.171019554138184,4.36306619644165,-1
1388,3057.4564859986303,1371.3265289962292,3174.968946379423,1456.806796010956,64,train,0,9.784876823425293,4.0121169090271,-1
1389,2939.9440256178377,1456.806796010956,3057.4564859986303,1542.2870630256832,82,train,0,8.129411697387695,4.082730770111084,-1
1390,2822.431565237045,1456.806796010956,2939.9440256178377,1542.2870630256832,64,train,0,9.091251373291016,4.2167277336120605,-1
1391,2939.9440256178377,1371.3265289962292,3057.4564859986303,1456.806796010956,63,train,0,9.584420204162598,3.1782381534576416,-1
1392,2822.431565237045,1371.3265289962292,2939.9440256178377,1456.806796010956,45,train,0,7.612292289733887,3.320969581604004,-1
1393,2587.40664447546,1884.2081310845913,2822.431565237045,2055.1686651140453,176,train,0,6.157281398773193,2.2685251235961914,-1
1394,2352.3817237138746,1884.2081310845913,2587.40664447546,2055.1686651140453,153,train,0,5.91013240814209,3.113970994949341,-1
1395,2587.40664447546,1713.2475970551372,2822.431565237045,1884.2081310845913,176,train,0,6.016166687011719,2.254000425338745,-1
1396,2352.3817237138746,1713.2475970551372,2587.40664447546,1884.2081310845913,195,train,0,6.500099182128906,1.7607803344726562,-1
1397,2117.3568029522894,1884.2081310845913,2352.3817237138746,2055.1686651140453,193,train,0,6.002204418182373,2.364417791366577,-1
1398,1882.3318821907042,1884.2081310845913,2117.3568029522894,2055.1686651140453,172,train,0,6.275823593139648,2.4432437419891357,-1
1399,2234.869263333082,1798.7278640698642,2352.3817237138746,1884.2081310845913,40,train,1,0.2506650984287262,7.171537399291992,-1
1400,2117.3568029522894,1798.7278640698642,2234.869263333082,1884.2081310845913,63,train,0,8.49157428741455,3.134742259979248,-1
1401,2234.869263333082,1713.2475970551372,2352.3817237138746,1798.7278640698642,43,train,0,9.885307312011719,3.2661969661712646,-1
1402,2117.3568029522894,1713.2475970551372,2234.869263333082,1798.7278640698642,70,train,0,10.076688766479492,3.4850857257843018,-1
1403,1999.8443425714968,1798.7278640698642,2117.3568029522894,1884.2081310845913,54,train,0,8.748255729675293,5.297139644622803,-1
1404,1882.3318821907042,1798.7278640698642,1999.8443425714968,1884.2081310845913,60,train,3,8.913341522216797,7.470147609710693,-1
1405,1999.8443425714968,1713.2475970551372,2117.3568029522894,1798.7278640698642,67,train,0,10.082810401916504,3.358466386795044,-1
1406,1882.3318821907042,1713.2475970551372,1999.8443425714968,1798.7278640698642,54,train,0,9.89022159576416,3.870157480239868,-1
1407,2587.40664447546,1542.2870630256832,2822.431565237045,1713.2475970551372,187,train,0,5.978447437286377,2.323079824447632,-1
1408,2469.8941840946673,1627.7673300404103,2587.40664447546,1713.2475970551372,44,train,0,6.76950216293335,3.0923972129821777,-1
1409,2352.3817237138746,1627.7673300404103,2469.8941840946673,1713.2475970551372,59,train,0,9.677310943603516,4.728851318359375,-1
1410,2469.8941840946673,1542.2870630256832,2587.40664447546,1627.7673300404103,62,train,0,8.371683120727539,3.395169258117676,-1
1411,2352.3817237138746,1542.2870630256832,2469.8941840946673,1627.7673300404103,79,train,0,9.029585838317871,5.121330261230469,-1
1412,2704.9191048562525,1456.806796010956,2822.431565237045,1542.2870630256832,52,train,0,7.916775703430176,4.271121501922607,-1
1413,2587.40664447546,1456.806796010956,2704.9191048562525,1542.2870630256832,67,train,0,8.786752700805664,3.751481056213379,-1
1414,2704.9191048562525,1371.3265289962292,2822.431565237045,1456.806796010956,60,train,0,8.88022232055664,3.61552095413208,-1
1415,2587.40664447546,1371.3265289962292,2704.9191048562525,1456.806796010956,75,train,0,9.327033996582031,3.5536415576934814,-1
1416,2469.8941840946673,1456.806796010956,2587.40664447546,1542.2870630256832,72,train,0,9.613998413085938,3.1850271224975586,-1
1417,2352.3817237138746,1456.806796010956,2469.8941840946673,1542.2870630256832,66,train,0,9.568408012390137,3.526437520980835,-1
1418,2469.8941840946673,1371.3265289962292,2587.40664447546,1456.806796010956,59,train,0,9.045830726623535,3.15840220451355,-1
1419,2352.3817237138746,1371.3265289962292,2469.8941840946673,1456.806796010956,71,train,0,9.716117858886719,5.006275653839111,-1
1420,2234.869263333082,1627.7673300404103,2352.3817237138746,1713.2475970551372,69,train,3,8.930818557739258,7.846757411956787,-1
1421,2117.3568029522894,1627.7673300404103,2234.869263333082,1713.2475970551372,55,train,0,9.095308303833008,3.5263962745666504,-1
1422,2234.869263333082,1542.2870630256832,2352.3817237138746,1627.7673300404103,60,train,0,9.95839786529541,3.2561569213867188,-1
1423,2117.3568029522894,1542.2870630256832,2234.869263333082,1627.7673300404103,40,train,0,7.973598480224609,1.8345928192138672,-1
1424,1999.8443425714968,1627.7673300404103,2117.3568029522894,1713.2475970551372,43,train,0,8.136881828308105,3.5852150917053223,-1
1425,1882.3318821907042,1627.7673300404103,1999.8443425714968,1713.2475970551372,52,train,0,8.149497032165527,3.4875309467315674,-1
1426,1999.8443425714968,1542.2870630256832,2117.3568029522894,1627.7673300404103,58,train,0,6.706973075866699,2.820983648300171,-1
1427,1882.3318821907042,1542.2870630256832,1999.8443425714968,1627.7673300404103,68,train,0,7.255006790161133,2.314227819442749,-1
1428,2117.3568029522894,1371.3265289962292,2352.3817237138746,1542.2870630256832,188,train,0,5.982686519622803,2.4169540405273438,-1
1429,1999.8443425714968,1456.806796010956,2117.3568029522894,1542.2870630256832,48,heldout,-1,,,27
1430,1882.3318821907042,1456.806796010956,1999.8443425714968,1542.2870630256832,62,train,0,9.847689628601074,3.729996919631958,-1
1431,1999.8443425714968,1371.3265289962292,2117.3568029522894,1456.806796010956,65,train,0,7.994907379150391,4.159074783325195,-1
1432,1882.3318821907042,1371.3265289962292,1999.8443425714968,1456.806796010956,58,train,0,8.416668891906738,4.427424430847168,-1
1433,1764.8194218099115,2653.530534217134,1882.3318821907042,2739.010801231861,77,train,2,3.206616163253784,9.41000747680664,-1
1434,1647.306961429119,2653.530534217134,1764.8194218099115,2739.010801231861,104,train,1,-1.923844814300537,7.452188014984131,-1
1435,1764.8194218099115,2568.0502672024068,1882.3318821907042,2653.530534217134,74,train,2,4.6749420166015625,9.312496185302734,-1
1436,1647.306961429119,2568.0502672024068,1764.8194218099115,2653.530534217134,77,train,1,-1.2575777769088745,6.9264631271362305,-1
1437,1412.2820406675337,2568.0502672024068,1647.306961429119,2739.010801231861,181,train,0,6.492685794830322,1.7877203226089478,-1
1438,1764.8194218099115,2482.57000018768,1882.3318821907042,2568.0502672024068,84,train,2,4.748636245727539,9.345135688781738,-1
1439,1647.306961429119,2482.57000018768,1764.8194218099115,2568.0502672024068,39,train,1,-0.6962250471115112,6.884596347808838,-1
1440,1764.8194218099115,2397.089733172953,1882.3318821907042,2482.57000018768,103,train,2,3.4998044967651367,9.464932441711426,-1
1441,1647.306961429119,2397.089733172953,1764.8194218099115,2482.57000018768,31,train,1,0.12406517565250397,6.698022365570068,-1
1442,1529.7945010483263,2482.57000018768,1647.306961429119,2568.0502672024068,41,train,1,0.9904993772506714,6.707706451416016,-1
1443,1412.2820406675337,2482.57000018768,1529.7945010483263,2568.0502672024068,96,train,0,7.615415096282959,3.8844408988952637,-1
1444,1529.7945010483263,2397.089733172953,1647.306961429119,2482.57000018768,29,train,1,1.1668111085891724,6.595547199249268,-1
1445,1412.2820406675337,2397.089733172953,1529.7945010483263,2482.57000018768,44,train,0,7.8077778816223145,1.4996412992477417,-1
1446,1294.769580286741,2653.530534217134,1412.2820406675337,2739.010801231861,67,train,0,8.013134956359863,4.437281131744385,-1
1447,1177.2571199059485,2653.530534217134,1294.769580286741,2739.010801231861,76,train,0,7.842706680297852,2.022907018661499,-1
1448,1294.769580286741,2568.0502672024068,1412.2820406675337,2653.530534217134,63,train,0,8.282444953918457,3.944547414779663,-1
1449,1177.2571199059485,2568.0502672024068,1294.769580286741,2653.530534217134,71,train,0,8.9698486328125,5.951864242553711,-1
1450,1059.7446595251558,2653.530534217134,1177.2571199059485,2739.010801231861,92,train,0,7.880507469177246,4.1254472732543945,-1
1451,942.2321991443633,2653.530534217134,1059.7446595251558,2739.010801231861,76,train,0,8.12369155883789,1.3366978168487549,-1
1452,1059.7446595251558,2568.0502672024068,1177.2571199059485,2653.530534217134,77,train,0,8.385211944580078,4.871325492858887,-1
1453,942.2321991443633,2568.0502672024068,1059.7446595251558,2653.530534217134,71,train,0,8.126666069030762,4.0794267654418945,-1
1454,1294.769580286741,2482.57000018768,1412.2820406675337,2568.0502672024068,53,train,0,7.966148376464844,2.224801778793335,-1
1455,1177.2571199059485,2482.57000018768,1294.769580286741,2568.0502672024068,63,train,0,8.34843635559082,1.6284301280975342,-1
1456,1294.769580286741,2397.089733172953,1412.2820406675337,2482.57000018768,51,train,0,8.057619094848633,2.565464735031128,-1
1457,1177.2571199059485,2397.089733172953,1294.769580286741,2482.57000018768,75,train,0,7.692143440246582,2.2987868785858154,-1
1458,1059.7446595251558,2482.57000018768,1177.2571199059485,2568.0502672024068,55,train,0,8.4662504196167,4.658225059509277,-1
1459,942.2321991443633,2482.57000018768,1059.7446595251558,2568.0502672024068,67,train,0,8.286317825317383,1.547410011291504,-1
1460,1059.7446595251558,2397.089733172953,1177.2571199059485,2482.57000018768,70,train,0,8.573577880859375,4.807491302490234,-1
1461,942.2321991443633,2397.089733172953,1059.7446595251558,2482.57000018768,66,train,0,9.849421501159668,3.4467432498931885,-1
1462,1764.8194218099115,2311.609466158226,1882.3318821907042,2397.089733172953,45,heldout,-1,,,28
1463,1647.306961429119,2311.609466158226,1764.8194218099115,2397.089733172953,49,train,0,7.383277416229248,2.3193023204803467,-1
1464,1764.8194218099115,2226.129199143499,1882.3318821907042,2311.609466158226,62,train,0,8.139951705932617,4.556087493896484,-1
1465,1647.306961429119,2226.129199143499,1764.8194218099115,2311.609466158226,55,train,0,8.756128311157227,3.323793888092041,-1
1466,1529.7945010483263,2311.609466158226,1647.306961429119,2397.089733172953,38,train,0,7.763355731964111,2.6643378734588623,-1
1467,1412.2820406675337,2311.609466158226,1529.7945010483263,2397.089733172953,60,train,0,8.353415489196777,2.4326236248016357,-1
1468,1529.7945010483263,2226.129199143499,1647.306961429119,2311.609466158226,64,train,0,9.28879451751709,3.0930960178375244,-1
1469,1412.2820406675337,2226.129199143499,1529.7945010483263,2311.609466158226,47,train,0,7.578685760498047,3.9562714099884033,-1
1470,1764.8194218099115,2140.6489321287722,1882.3318821907042,2226.129199143499,65,heldout,-1,,,8
1471,1647.306961429119,2140.6489321287722,1764.8194218099115,2226.129199143499,62,train,0,9.93287467956543,3.2673144340515137,-1
1472,1764.8194218099115,2055.1686651140453,1882.3318821907042,2140.6489321287722,62,train,0,8.872591018676758,3.6221096515655518,-1
1473,1647.306961429119,2055.1686651140453,1764.8194218099115,2140.6489321287722,64,train,0,9.325361251831055,2.8823814392089844,-1
1474,1529.7945010483263,2140.6489321287722,1647.306961429119,2226.129199143499,65,train,0,8.21182918548584,1.7457984685897827,-1
1475,1412.2820406675337,2140.6489321287722,1529.7945010483263,2226.129199143499,46,train,0,7.63222074508667,1.8497991561889648,-1
1476,1529.7945010483263,2055.1686651140453,1647.306961429119,2140.6489321287722,80,train,0,6.912376403808594,2.457939624786377,-1
1477,1412.2820406675337,2055.1686651140453,1529.7945010483263,2140.6489321287722,58,train,0,9.824686050415039,3.5144636631011963,-1
1478,1294.769580286741,2311.609466158226,1412.2820406675337,2397.089733172953,66,train,0,8.023966789245605,3.6937315464019775,-1
1479,1177.2571199059485,2311.609466158226,1294.769580286741,2397.089733172953,61,train,0,8.177804946899414,1.6359905004501343,-1
1480,1294.769580286741,2226.129199143499,1412.2820406675337,2311.609466158226,52,train,0,8.08012866973877,1.8385117053985596,-1
1481,1177.2571199059485,2226.129199143499,1294.769580286741,2311.609466158226,56,train,0,7.787330150604248,1.2770544290542603,-1
1482,1059.7446595251558,2311.609466158226,1177.2571199059485,2397.089733172953,60,heldout,-1,,,41
1483,942.2321991443633,2311.609466158226,1059.7446595251558,2397.089733172953,64,train,0,7.978672504425049,1.4506710767745972,-1
1484,1059.7446595251558,2226.129199143499,1177.2571199059485,2311.609466158226,59,train,0,8.366168975830078,4.603928089141846,-1
1485,942.2321991443633,2226.129199143499,1059.7446595251558,2311.609466158226,90,train,0,7.19857931137085,1.7720789909362793,-1
1486,1294.769580286741,2140.6489321287722,1412.2820406675337,2226.129199143499,49,train,0,8.099170684814453,2.0260677337646484,-1
1487,1177.2571199059485,2140.6489321287722,1294.769580286741,2226.129199143499,52,train,0,8.547910690307617,2.867421865463257,-1
1488,1294.769580286741,2055.1686651140453,1412.2820406675337,2140.6489321287722,52,train,0,8.118265151977539,1.3998334407806396,-1
1489,1177.2571199059485,2055.1686651140453,1294.769580286741,2140.6489321287722,63,train,0,8.116471290588379,3.9302563667297363,-1
1490,1059.7446595251558,2140.6489321287722,1177.2571199059485,2226.129199143499,71,train,0,9.902369499206543,3.374128580093384,-1
1491,942.2321991443633,2140.6489321287722,1059.7446595251558,2226.129199143499,70,train,0,9.374309539794922,2.7907192707061768,-1
1492,1059.7446595251558,2055.1686651140453,1177.2571199059485,2140.6489321287722,62,train,0,9.727288246154785,3.1721506118774414,-1
1493,942.2321991443633,2055.1686651140453,1059.7446595251558,2140.6489321287722,67,train,0,8.349437713623047,2.7582709789276123,-1
1494,824.7197387635707,2653.530534217134,942.2321991443633,2739.010801231861,82,heldout,-1,,,9
1495,707.2072783827781,2653.530534217134,824.7197387635707,2739.010801231861,63,train,0,8.840860366821289,2.267040252685547,-1
1496,824.7197387635707,2568.0502672024068,942.2321991443633,2653.530534217134,73,train,0,8.415446281433105,1.445245623588562,-1
1497,707.2072783827781,2568.0502672024068,824.7197387635707,2653.530534217134,67,train,0,9.137991905212402,3.5855395793914795,-1
1498,589.6948180019855,2653.530534217134,707.2072783827781,2739.010801231861,56,train,0,7.688828945159912,3.717928647994995,-1
1499,472.1823576211929,2653.530534217134,589.6948180019855,2739.010801231861,52,train,0,7.905785083770752,3.5772359371185303,-1
1500,589.6948180019855,2568.0502672024068,707.2072783827781,2653.530534217134,61,train,0,8.300593376159668,3.5099611282348633,-1
1501,472.1823576211929,2568.0502672024068,589.6948180019855,2653.530534217134,39,train,0,7.862676620483398,2.2262322902679443,-1
1502,824.7197387635707,2482.57000018768,942.2321991443633,2568.0502672024068,57,train,0,8.455081939697266,1.5107132196426392,-1
1503,707.2072783827781,2482.57000018768,824.7197387635707,2568.0502672024068,49,train,0,8.395129203796387,1.3642981052398682,-1
1504,824.7197387635707,2397.089733172953,942.2321991443633,2482.57000018768,57,train,0,8.27246379852295,1.555240273475647,-1
1505,707.2072783827781,2397.089733172953,824.7197387635707,2482.57000018768,68,train,0,8.450583457946777,4.068654537200928,-1
1506,589.6948180019855,2482.57000018768,707.2072783827781,2568.0502672024068,76,train,0,9.180514335632324,3.099903106689453,-1
1507,472.1823576211929,2482.57000018768,589.6948180019855,2568.0502672024068,68,train,0,8.108884811401367,2.2012391090393066,-1
1508,589.6948180019855,2397.089733172953,707.2072783827781,2482.57000018768,72,heldout,-1,,,76
1509,472.1823576211929,2397.089733172953,589.6948180019855,2482.57000018768,83,train,0,7.54372501373291,1.652036190032959,-1
1510,354.6698972404003,2653.530534217134,472.1823576211929,2739.010801231861,62,train,0,7.8348517417907715,1.8519477844238281,-1
1511,237.15743685960769,2653.530534217134,354.6698972404003,2739.010801231861,109,train,0,6.906842231750488,2.0461230278015137,-1
1512,354.6698972404003,2568.0502672024068,472.1823576211929,2653.530534217134,75,train,0,6.96978759765625,1.9534987211227417,-1
1513,237.15743685960769,2568.0502672024068,354.6698972404003,2653.530534217134,88,train,0,7.543027877807617,3.067145586013794,-1
1514,119.64497647881507,2653.530534217134,237.15743685960769,2739.010801231861,120,train,1,-1.3481814861297607,8.113638877868652,-1
1515,2.1325160980224607,2653.530534217134,119.64497647881507,2739.010801231861,102,train,1,-1.9209777116775513,7.547256946563721,-1
1516,119.64497647881507,2568.0502672024068,237.15743685960769,2653.530534217134,94,train,2,4.9192118644714355,10.62580680847168,-1
1517,2.1325160980224607,2568.0502672024068,119.64497647881507,2653.530534217134,101,heldout,-1,,,6
1518,354.6698972404003,2482.57000018768,472.1823576211929,2568.0502672024068,72,train,0,7.698779106140137,2.7936573028564453,-1
1519,237.15743685960769,2482.57000018768,354.6698972404003,2568.0502672024068,68,train,2,5.4086761474609375,10.508336067199707,-1
1520,354.6698972404003,2397.089733172953,472.1823576211929,2482.57000018768,80,train,0,7.397029876708984,2.8013834953308105,-1
1521,237.15743685960769,2397.089733172953,354.6698972404003,2482.57000018768,66,train,2,5.357052326202393,10.393592834472656,-1
1522,119.64497647881507,2482.57000018768,237.15743685960769,2568.0502672024068,75,train,3,8.696745872497559,8.890300750732422,-1
1523,2.1325160980224607,2482.57000018768,119.64497647881507,2568.0502672024068,72,train,2,4.991755962371826,10.934671401977539,-1
1524,119.64497647881507,2397.089733172953,237.15743685960769,2482.57000018768,88,train,2,5.265646457672119,10.511184692382812,-1
1525,2.1325160980224607,2397.089733172953,119.64497647881507,2482.57000018768,84,train,2,5.564845085144043,10.473479270935059,-1
1526,824.7197387635707,2311.609466158226,942.2321991443633,2397.089733172953,100,train,0,6.658972263336182,2.4698965549468994,-1
1527,707.2072783827781,2311.609466158226,824.7197387635707,2397.089733172953,60,train,0,8.893485069274902,6.101756572723389,-1
1528,824.7197387635707,2226.129199143499,942.2321991443633,2311.609466158226,66,train,0,7.4407830238342285,1.950547695159912,-1
1529,707.2072783827781,2226.129199143499,824.7197387635707,2311.609466158226,68,train,0,9.95559024810791,3.2183148860931396,-1
1530,589.6948180019855,2311.609466158226,707.2072783827781,2397.089733172953,66,train,0,7.962671756744385,2.3157479763031006,-1
1531,472.1823576211929,2311.609466158226,589.6948180019855,2397.089733172953,77,train,0,8.41795825958252,4.439807891845703,-1
1532,589.6948180019855,2226.129199143499,707.2072783827781,2311.609466158226,67,train,0,8.360917091369629,2.2405264377593994,-1
1533,472.1823576211929,2226.129199143499,589.6948180019855,2311.609466158226,72,heldout,-1,,,31
1534,824.7197387635707,2140.6489321287722,942.2321991443633,2226.129199143499,53,train,0,8.562287330627441,1.4676618576049805,-1
1535,707.2072783827781,2140.6489321287722,824.7197387635707,2226.129199143499,65,train,0,8.19041633605957,1.390507459640503,-1
1536,824.7197387635707,2055.1686651140453,942.2321991443633,2140.6489321287722,67,train,0,7.904837131500244,1.0859746932983398,-1
1537,707.2072783827781,2055.1686651140453,824.7197387635707,2140.6489321287722,65,train,0,10.023030281066895,4.668544769287109,-1
1538,589.6948180019855,2140.6489321287722,707.2072783827781,2226.129199143499,89,train,0,8.11831283569336,1.4000078439712524,-1
1539,472.1823576211929,2140.6489321287722,589.6948180019855,2226.129199143499,78,train,0,7.988191604614258,1.722259283065796,-1
1540,589.6948180019855,2055.1686651140453,707.2072783827781,2140.6489321287722,64,train,0,8.781829833984375,4.836739540100098,-1
1541,472.1823576211929,2055.1686651140453,589.6948180019855,2140.6489321287722,78,train,0,7.912596702575684,1.231670618057251,-1
1542,354.6698972404003,2311.609466158226,472.1823576211929,2397.089733172953,108,train,0,7.184337139129639,1.8737850189208984,-1
1543,237.15743685960769,2311.609466158226,354.6698972404003,2397.089733172953,83,train,2,5.111310005187988,10.569554328918457,-1
1544,354.6698972404003,2226.129199143499,472.1823576211929,2311.609466158226,93,train,0,7.91264009475708,1.158095359802246,-1
1545,237.15743685960769,2226.129199143499,354.6698972404003,2311.609466158226,106,train,1,5.819313049316406,3.1969733238220215,-1
1546,119.64497647881507,2311.609466158226,237.15743685960769,2397.089733172953,96,train,2,5.761809349060059,9.945963859558105,-1
1547,2.1325160980224607,2311.609466158226,119.64497647881507,2397.089733172953,96,train,2,5.411239147186279,10.486676216125488,-1
1548,119.64497647881507,2226.129199143499,237.15743685960769,2311.609466158226,71,train,2,5.352411270141602,10.44123363494873,-1
1549,2.1325160980224607,2226.129199143499,119.64497647881507,2311.609466158226,102,train,2,5.484235763549805,10.489422798156738,-1
1550,354.6698972404003,2140.6489321287722,472.1823576211929,2226.129199143499,83,heldout,-1,,,13
1551,237.15743685960769,2140.6489321287722,354.6698972404003,2226.129199143499,113,train,0,6.926553249359131,1.698718786239624,-1
1552,354.6698972404003,2055.1686651140453,472.1823576211929,2140.6489321287722,100,train,0,7.819307804107666,1.1365361213684082,-1
1553,237.15743685960769,2055.1686651140453,354.6698972404003,2140.6489321287722,86,train,0,7.8652143478393555,1.2781604528427124,-1
1554,119.64497647881507,2140.6489321287722,237.15743685960769,2226.129199143499,83,train,2,4.56559944152832,10.656283378601074,-1
1555,2.1325160980224607,2140.6489321287722,119.64497647881507,2226.129199143499,76,train,2,4.932918071746826,10.785526275634766,-1
1556,119.64497647881507,2055.1686651140453,237.15743685960769,2140.6489321287722,63,train,0,7.865609645843506,1.092482089996338,-1
1557,2.1325160980224607,2055.1686651140453,119.64497647881507,2140.6489321287722,93,train,2,4.533820152282715,10.839542388916016,-1
1558,1764.8194218099115,1969.6883980993184,1882.3318821907042,2055.1686651140453,69,train,0,8.670763969421387,5.661091327667236,-1
1559,1647.306961429119,1969.6883980993184,1764.8194218099115,2055.1686651140453,53,train,0,8.956546783447266,3.3526172637939453,-1
1560,1764.8194218099115,1884.2081310845913,1882.3318821907042,1969.6883980993184,40,train,1,0.6127889156341553,6.921026229858398,-1
1561,1647.306961429119,1884.2081310845913,1764.8194218099115,1969.6883980993184,65,train,0,8.569557189941406,4.535499572753906,-1
1562,1529.7945010483263,1969.6883980993184,1647.306961429119,2055.1686651140453,60,train,0,8.517168045043945,3.4154603481292725,-1
1563,1412.2820406675337,1969.6883980993184,1529.7945010483263,2055.1686651140453,57,train,0,8.983874320983887,3.071478843688965,-1
1564,1529.7945010483263,1884.2081310845913,1647.306961429119,1969.6883980993184,59,train,0,8.998044967651367,3.272939920425415,-1
1565,1412.2820406675337,1884.2081310845913,1529.7945010483263,1969.6883980993184,63,train,0,9.907879829406738,3.4230244159698486,-1
1566,1764.8194218099115,1798.7278640698642,1882.3318821907042,1884.2081310845913,58,train,0,9.928608894348145,4.766938209533691,-1
1567,1647.306961429119,1798.7278640698642,1764.8194218099115,1884.2081310845913,64,train,0,9.626729011535645,4.548050403594971,-1
1568,1764.8194218099115,1713.2475970551372,1882.3318821907042,1798.7278640698642,63,train,0,9.840201377868652,5.017149448394775,-1
1569,1647.306961429119,1713.2475970551372,1764.8194218099115,1798.7278640698642,44,train,0,8.74032211303711,3.450611114501953,-1
1570,1529.7945010483263,1798.7278640698642,1647.306961429119,1884.2081310845913,65,train,0,9.45763111114502,3.701103925704956,-1
1571,1412.2820406675337,1798.7278640698642,1529.7945010483263,1884.2081310845913,52,train,0,9.712329864501953,4.6027984619140625,-1
1572,1529.7945010483263,1713.2475970551372,1647.306961429119,1798.7278640698642,72,train,0,8.849957466125488,4.118464469909668,-1
1573,1412.2820406675337,1713.2475970551372,1529.7945010483263,1798.7278640698642,53,train,0,8.906169891357422,4.047125816345215,-1
1574,1294.769580286741,1969.6883980993184,1412.2820406675337,2055.1686651140453,62,train,0,7.405879020690918,2.1164238452911377,-1
1575,1177.2571199059485,1969.6883980993184,1294.769580286741,2055.1686651140453,63,train,0,8.426294326782227,2.5902130603790283,-1
1576,1294.769580286741,1884.2081310845913,1412.2820406675337,1969.6883980993184,53,train,0,9.138487815856934,2.763838768005371,-1
1577,1177.2571199059485,1884.2081310845913,1294.769580286741,1969.6883980993184,57,train,0,9.980635643005371,4.2174553871154785,-1
1578,1059.7446595251558,1969.6883980993184,1177.2571199059485,2055.1686651140453,62,train,0,7.90090799331665,2.1940746307373047,-1
1579,942.2321991443633,1969.6883980993184,1059.7446595251558,2055.1686651140453,61,train,0,8.370871543884277,4.648702621459961,-1
1580,1059.7446595251558,1884.2081310845913,1177.2571199059485,1969.6883980993184,58,train,0,9.098670959472656,3.0099897384643555,-1
1581,942.2321991443633,1884.2081310845913,1059.7446595251558,1969.6883980993184,63,train,0,8.369439125061035,4.785539150238037,-1
1582,1294.769580286741,1798.7278640698642,1412.2820406675337,1884.2081310845913,58,train,0,8.867637634277344,6.476607799530029,-1
1583,1177.2571199059485,1798.7278640698642,1294.769580286741,1884.2081310845913,50,train,0,9.370657920837402,3.400550603866577,-1
1584,1294.769580286741,1713.2475970551372,1412.2820406675337,1798.7278640698642,68,train,0,9.444482803344727,3.1432230472564697,-1
1585,1177.2571199059485,1713.2475970551372,1294.769580286741,1798.7278640698642,67,train,0,9.025395393371582,2.524367094039917,-1
1586,1059.7446595251558,1798.7278640698642,1177.2571199059485,1884.2081310845913,66,train,0,9.194851875305176,4.458034038543701,-1
1587,942.2321991443633,1798.7278640698642,1059.7446595251558,1884.2081310845913,77,train,0,9.064262390136719,3.1657872200012207,-1
1588,1059.7446595251558,1713.2475970551372,1177.2571199059485,1798.7278640698642,63,train,0,9.2132568359375,3.155595064163208,-1
1589,942.2321991443633,1713.2475970551372,1059.7446595251558,1798.7278640698642,80,train,0,8.410274505615234,4.616286754608154,-1
1590,1764.8194218099115,1627.7673300404103,1882.3318821907042,1713.2475970551372,50,train,0,8.10215950012207,3.2320284843444824,-1
1591,1647.306961429119,1627.7673300404103,1764.8194218099115,1713.2475970551372,55,train,0,8.834744453430176,3.5808255672454834,-1
1592,1764.8194218099115,1542.2870630256832,1882.3318821907042,1627.7673300404103,66,train,0,9.784366607666016,3.9947714805603027,-1
1593,1647.306961429119,1542.2870630256832,1764.8194218099115,1627.7673300404103,61,train,0,7.77963924407959,3.995812177658081,-1
1594,1529.7945010483263,1627.7673300404103,1647.306961429119,1713.2475970551372,83,train,0,7.9662065505981445,1.3309221267700195,-1
1595,1412.2820406675337,1627.7673300404103,1529.7945010483263,1713.2475970551372,84,train,0,8.82099723815918,6.136970043182373,-1
1596,1529.7945010483263,1542.2870630256832,1647.306961429119,1627.7673300404103,50,train,0,8.107063293457031,3.0098581314086914,-1
1597,1412.2820406675337,1542.2870630256832,1529.7945010483263,1627.7673300404103,101,train,0,9.578641891479492,3.2864596843719482,-1
1598,1764.8194218099115,1456.806796010956,1882.3318821907042,1542.2870630256832,52,train,0,9.713292121887207,3.9096333980560303,-1
1599,1647.306961429119,1456.806796010956,1764.8194218099115,1542.2870630256832,65,train,0,7.975398540496826,1.1911870241165161,-1
1600,1764.8194218099115,1371.3265289962292,1882.3318821907042,1456.806796010956,54,train,0,7.872373104095459,2.3105363845825195,-1
1601,1647.306961429119,1371.3265289962292,1764.8194218099115,1456.806796010956,55,train,0,8.699135780334473,4.2589874267578125,-1
1602,1529.7945010483263,1456.806796010956,1647.306961429119,1542.2870630256832,57,train,0,8.406484603881836,1.4916598796844482,-1
1603,1412.2820406675337,1456.806796010956,1529.7945010483263,1542.2870630256832,65,train,0,8.405991554260254,1.8817806243896484,-1
1604,1529.7945010483263,1371.3265289962292,1647.306961429119,1456.806796010956,51,train,0,9.337319374084473,2.886686086654663,-1
1605,1412.2820406675337,1371.3265289962292,1529.7945010483263,1456.806796010956,62,train,0,8.674016952514648,4.314728736877441,-1
1606,1294.769580286741,1627.7673300404103,1412.2820406675337,1713.2475970551372,75,train,0,8.244513511657715,1.3702948093414307,-1
1607,1177.2571199059485,1627.7673300404103,1294.769580286741,1713.2475970551372,68,train,0,8.595600128173828,3.3983302116394043,-1
1608,1294.769580286741,1542.2870630256832,1412.2820406675337,1627.7673300404103,77,train,0,7.638965606689453,1.767281174659729,-1
1609,1177.2571199059485,1542.2870630256832,1294.769580286741,1627.7673300404103,62,heldout,-1,,,38
1610,1059.7446595251558,1627.7673300404103,1177.2571199059485,1713.2475970551372,77,train,0,8.204461097717285,1.3357477188110352,-1
1611,942.2321991443633,1627.7673300404103,1059.7446595251558,1713.2475970551372,50,train,0,8.85406494140625,3.745676279067993,-1
1612,1059.7446595251558,1542.2870630256832,1177.2571199059485,1627.7673300404103,58,train,0,7.484521865844727,1.516969084739685,-1
1613,942.2321991443633,1542.2870630256832,1059.7446595251558,1627.7673300404103,91,train,0,7.928095817565918,1.244317650794983,-1
1614,1294.769580286741,1456.806796010956,1412.2820406675337,1542.2870630256832,76,train,0,7.951785564422607,3.8880817890167236,-1
1615,1177.2571199059485,1456.806796010956,1294.769580286741,1542.2870630256832,45,train,0,8.490517616271973,4.404738903045654,-1
1616,1294.769580286741,1371.3265289962292,1412.2820406675337,1456.806796010956,59,train,0,7.6773576736450195,1.6822048425674438,-1
1617,1177.2571199059485,1371.3265289962292,1294.769580286741,1456.806796010956,62,train,0,8.49124526977539,5.022067546844482,-1
1618,1059.7446595251558,1456.806796010956,1177.2571199059485,1542.2870630256832,73,train,0,8.813155174255371,6.055015563964844,-1
1619,942.2321991443633,1456.806796010956,1059.7446595251558,1542.2870630256832,78,train,0,8.369195938110352,4.736810684204102,-1
1620,1059.7446595251558,1371.3265289962292,1177.2571199059485,1456.806796010956,58,train,0,7.522928237915039,1.990458369255066,-1
1621,942.2321991443633,1371.3265289962292,1059.7446595251558,1456.806796010956,69,train,0,8.248321533203125,4.781656265258789,-1
1622,824.7197387635707,1969.6883980993184,942.2321991443633,2055.1686651140453,54,train,0,8.573705673217773,1.9584052562713623,-1
1623,707.2072783827781,1969.6883980993184,824.7197387635707,2055.1686651140453,66,train,0,7.974156379699707,3.891700506210327,-1
1624,824.7197387635707,1884.2081310845913,942.2321991443633,1969.6883980993184,61,train,0,8.558408737182617,1.5310664176940918,-1
1625,707.2072783827781,1884.2081310845913,824.7197387635707,1969.6883980993184,62,train,0,8.421271324157715,5.199135780334473,-1
1626,589.6948180019855,1969.6883980993184,707.2072783827781,2055.1686651140453,61,train,0,8.485057830810547,1.4557455778121948,-1
1627,472.1823576211929,1969.6883980993184,589.6948180019855,2055.1686651140453,66,heldout,-1,,,99
1628,589.6948180019855,1884.2081310845913,707.2072783827781,1969.6883980993184,57,train,0,8.738879203796387,5.7992448806762695,-1
1629,472.1823576211929,1884.2081310845913,589.6948180019855,1969.6883980993184,66,train,0,9.128593444824219,3.048142433166504,-1
1630,824.7197387635707,1798.7278640698642,942.2321991443633,1884.2081310845913,53,train,0,9.172191619873047,3.3920838832855225,-1
1631,707.2072783827781,1798.7278640698642,824.7197387635707,1884.2081310845913,71,train,0,9.39992904663086,3.108187675476074,-1
1632,824.7197387635707,1713.2475970551372,942.2321991443633,1798.7278640698642,69,train,0,9.619367599487305,3.341365098953247,-1
1633,707.2072783827781,1713.2475970551372,824.7197387635707,1798.7278640698642,64,train,0,9.714543342590332,4.152801036834717,-1
1634,589.6948180019855,1798.7278640698642,707.2072783827781,1884.2081310845913,77,heldout,-1,,,59
1635,472.1823576211929,1798.7278640698642,589.6948180019855,1884.2081310845913,63,train,0,8.181947708129883,1.3800244331359863,-1
1636,589.6948180019855,1713.2475970551372,707.2072783827781,1798.7278640698642,54,train,0,7.908721923828125,4.351816177368164,-1
1637,472.1823576211929,1713.2475970551372,589.6948180019855,1798.7278640698642,60,heldout,-1,,,14
1638,354.6698972404003,1969.6883980993184,472.1823576211929,2055.1686651140453,114,train,0,6.871252059936523,1.9943498373031616,-1
1639,237.15743685960769,1969.6883980993184,354.6698972404003,2055.1686651140453,52,train,0,7.890725135803223,1.328627109527588,-1
1640,354.6698972404003,1884.2081310845913,472.1823576211929,1969.6883980993184,101,train,0,6.917500019073486,2.0770413875579834,-1
1641,237.15743685960769,1884.2081310845913,354.6698972404003,1969.6883980993184,113,heldout,-1,,,49
1642,119.64497647881507,1969.6883980993184,237.15743685960769,2055.1686651140453,66,train,0,7.708561897277832,1.2071261405944824,-1
1643,2.1325160980224607,1969.6883980993184,119.64497647881507,2055.1686651140453,81,train,2,4.660576343536377,10.846720695495605,-1
1644,119.64497647881507,1884.2081310845913,237.15743685960769,1969.6883980993184,94,train,0,5.799731254577637,3.1078953742980957,-1
1645,2.1325160980224607,1884.2081310845913,119.64497647881507,1969.6883980993184,69,train,2,4.62191915512085,10.928465843200684,-1
1646,354.6698972404003,1798.7278640698642,472.1823576211929,1884.2081310845913,76,train,0,7.165188789367676,2.0716474056243896,-1
1647,237.15743685960769,1798.7278640698642,354.6698972404003,1884.2081310845913,106,train,0,5.891361713409424,2.7679362297058105,-1
1648,354.6698972404003,1713.2475970551372,472.1823576211929,1798.7278640698642,61,train,0,6.836690425872803,2.683501958847046,-1
1649,237.15743685960769,1713.2475970551372,354.6698972404003,1798.7278640698642,96,train,0,5.773517608642578,3.204571485519409,-1
1650,119.64497647881507,1798.7278640698642,237.15743685960769,1884.2081310845913,61,train,2,4.77143669128418,10.878230094909668,-1
1651,2.1325160980224607,1798.7278640698642,119.64497647881507,1884.2081310845913,56,train,3,8.612195014953613,8.970229148864746,-1
1652,119.64497647881507,1713.2475970551372,237.15743685960769,1798.7278640698642,57,train,2,5.0482258796691895,10.977688789367676,-1
1653,2.1325160980224607,1713.2475970551372,119.64497647881507,1798.7278640698642,60,train,3,8.965950012207031,8.157102584838867,-1
1654,707.2072783827781,1542.2870630256832,942.2321991443633,1713.2475970551372,166,train,0,6.539684772491455,1.7546099424362183,-1
1655,472.1823576211929,1542.2870630256832,707.2072783827781,1713.2475970551372,199,train,0,6.747915744781494,1.568484902381897,-1
1656,824.7197387635707,1456.806796010956,942.2321991443633,1542.2870630256832,75,train,0,7.184978485107422,1.9281442165374756,-1
1657,707.2072783827781,1456.806796010956,824.7197387635707,1542.2870630256832,68,train,1,-1.0620602369308472,7.896087169647217,-1
1658,824.7197387635707,1371.3265289962292,942.2321991443633,1456.806796010956,103,train,0,5.899046421051025,3.08577036857605,-1
1659,707.2072783827781,1371.3265289962292,824.7197387635707,1456.806796010956,73,train,1,-1.012431025505066,7.712686538696289,-1
1660,589.6948180019855,1456.806796010956,707.2072783827781,1542.2870630256832,73,train,0,7.358013153076172,1.9225208759307861,-1
1661,472.1823576211929,1456.806796010956,589.6948180019855,1542.2870630256832,87,train,0,8.66770076751709,3.570131540298462,-1
1662,589.6948180019855,1371.3265289962292,707.2072783827781,1456.806796010956,63,train,0,6.8666672706604,2.98897123336792,-1
1663,472.1823576211929,1371.3265289962292,589.6948180019855,1456.806796010956,72,train,0,7.394928932189941,1.4973030090332031,-1
1664,354.6698972404003,1627.7673300404103,472.1823576211929,1713.2475970551372,67,train,0,7.857398509979248,1.566839337348938,-1
1665,237.15743685960769,1627.7673300404103,354.6698972404003,1713.2475970551372,82,train,2,4.782055854797363,10.795008659362793,-1
1666,354.6698972404003,1542.2870630256832,472.1823576211929,1627.7673300404103,75,train,0,8.583970069885254,2.1301612854003906,-1
1667,237.15743685960769,1542.2870630256832,354.6698972404003,1627.7673300404103,63,train,2,5.064359664916992,10.725438117980957,-1
1668,119.64497647881507,1627.7673300404103,237.15743685960769,1713.2475970551372,69,train,2,6.370254039764404,10.384788513183594,-1
1669,2.1325160980224607,1627.7673300404103,119.64497647881507,1713.2475970551372,77,train,3,8.80815601348877,7.883105278015137,-1
1670,119.64497647881507,1542.2870630256832,237.15743685960769,1627.7673300404103,79,train,2,5.999586582183838,10.442560195922852,-1
1671,2.1325160980224607,1542.2870630256832,119.64497647881507,1627.7673300404103,85,train,2,6.17154598236084,10.317947387695312,-1
1672,354.6698972404003,1456.806796010956,472.1823576211929,1542.2870630256832,60,train,0,7.624092102050781,2.5447428226470947,-1
1673,237.15743685960769,1456.806796010956,354.6698972404003,1542.2870630256832,53,train,2,5.41361665725708,10.59489631652832,-1
1674,354.6698972404003,1371.3265289962292,472.1823576211929,1456.806796010956,65,train,0,7.966282367706299,2.18784236907959,-1
1675,237.15743685960769,1371.3265289962292,354.6698972404003,1456.806796010956,44,train,0,7.894585132598877,1.094062328338623,-1
1676,119.64497647881507,1456.806796010956,237.15743685960769,1542.2870630256832,61,train,2,6.546835422515869,10.659594535827637,-1
1677,2.1325160980224607,1456.806796010956,119.64497647881507,1542.2870630256832,71,train,2,5.905086517333984,10.69433307647705,-1
1678,119.64497647881507,1371.3265289962292,237.15743685960769,1456.806796010956,53,heldout,-1,,,64
1679,2.1325160980224607,1371.3265289962292,119.64497647881507,1456.806796010956,50,train,2,5.433315277099609,10.269965171813965,-1
1680,3645.0187879025934,1285.8462619815023,3762.531248283386,1371.3265289962292,66,train,0,9.502975463867188,4.1681437492370605,-1
1681,3527.506327521801,1285.8462619815023,3645.0187879025934,1371.3265289962292,80,train,0,9.115704536437988,3.876523733139038,-1
1682,3645.0187879025934,1200.3659949667751,3762.531248283386,1285.8462619815023,68,train,0,8.712725639343262,3.046473979949951,-1
1683,3527.506327521801,1200.3659949667751,3645.0187879025934,1285.8462619815023,75,train,0,9.375184059143066,4.354163646697998,-1
1684,3409.993867141008,1285.8462619815023,3527.506327521801,1371.3265289962292,73,train,0,9.637020111083984,4.536801815032959,-1
1685,3292.4814067602156,1285.8462619815023,3409.993867141008,1371.3265289962292,79,train,0,9.462152481079102,3.8595235347747803,-1
1686,3409.993867141008,1200.3659949667751,3527.506327521801,1285.8462619815023,67,train,0,8.9259672164917,6.123739242553711,-1
1687,3292.4814067602156,1200.3659949667751,3409.993867141008,1285.8462619815023,77,train,0,9.189544677734375,4.246706962585449,-1
1688,3645.0187879025934,1114.885727952048,3762.531248283386,1200.3659949667751,50,train,0,8.031747817993164,2.9243078231811523,-1
1689,3527.506327521801,1114.885727952048,3645.0187879025934,1200.3659949667751,84,train,0,8.904318809509277,4.339982032775879,-1
1690,3645.0187879025934,1029.405460937321,3762.531248283386,1114.885727952048,27,train,1,1.906104564666748,6.605041027069092,-1
1691,3527.506327521801,1029.405460937321,3645.0187879025934,1114.885727952048,54,train,0,9.859739303588867,3.764601707458496,-1
1692,3409.993867141008,1114.885727952048,3527.506327521801,1200.3659949667751,61,train,0,8.55076789855957,4.5217976570129395,-1
1693,3292.4814067602156,1114.885727952048,3409.993867141008,1200.3659949667751,73,train,0,9.073285102844238,3.668069839477539,-1
1694,3409.993867141008,1029.405460937321,3527.506327521801,1114.885727952048,64,train,0,8.96616268157959,3.2261247634887695,-1
1695,3292.4814067602156,1029.405460937321,3409.993867141008,1114.885727952048,50,train,0,7.791275501251221,3.2361061573028564,-1
1696,3174.968946379423,1285.8462619815023,3292.4814067602156,1371.3265289962292,63,train,0,9.875490188598633,4.864779472351074,-1
1697,3057.4564859986303,1285.8462619815023,3174.968946379423,1371.3265289962292,71,train,0,9.666296005249023,4.696805000305176,-1
1698,3174.968946379423,1200.3659949667751,3292.4814067602156,1285.8462619815023,63,train,0,9.283889770507812,3.2512378692626953,-1
1699,3057.4564859986303,1200.3659949667751,3174.968946379423,1285.8462619815023,69,train,0,9.297919273376465,4.42095422744751,-1
1700,2939.9440256178377,1285.8462619815023,3057.4564859986303,1371.3265289962292,59,train,0,6.688958644866943,2.832411289215088,-1
1701,2822.431565237045,1285.8462619815023,2939.9440256178377,1371.3265289962292,40,train,0,7.250784397125244,2.7064595222473145,-1
1702,2939.9440256178377,1200.3659949667751,3057.4564859986303,1285.8462619815023,65,train,0,9.850042343139648,4.903725624084473,-1
1703,2822.431565237045,1200.3659949667751,2939.9440256178377,1285.8462619815023,74,train,0,9.715062141418457,4.195516109466553,-1
1704,3174.968946379423,1114.885727952048,3292.4814067602156,1200.3659949667751,69,train,0,9.69705867767334,4.430937767028809,-1
1705,3057.4564859986303,1114.885727952048,3174.968946379423,1200.3659949667751,83,train,0,8.97652816772461,6.610105991363525,-1
1706,3174.968946379423,1029.405460937321,3292.4814067602156,1114.885727952048,75,train,0,9.293187141418457,4.828271389007568,-1
1707,3057.4564859986303,1029.405460937321,3174.968946379423,1114.885727952048,79,train,0,9.041041374206543,5.824306964874268,-1
1708,2939.9440256178377,1114.885727952048,3057.4564859986303,1200.3659949667751,57,train,0,9.720621109008789,4.6945319175720215,-1
1709,2822.431565237045,1114.885727952048,2939.9440256178377,1200.3659949667751,58,train,0,9.44472599029541,3.9212334156036377,-1
1710,2939.9440256178377,1029.405460937321,3057.4564859986303,1114.885727952048,57,train,0,8.964149475097656,3.8857638835906982,-1
1711,2822.431565237045,1029.405460937321,2939.9440256178377,1114.885727952048,78,heldout,-1,,,90
1712,3527.506327521801,858.4449269078672,3762.531248283386,1029.405460937321,158,train,0,6.270445823669434,2.6733484268188477,-1
1713,3292.4814067602156,858.4449269078672,3527.506327521801,1029.405460937321,150,train,0,5.955983638763428,2.9900963306427,-1
1714,3527.506327521801,687.4843928784132,3762.531248283386,858.4449269078672,51,train,1,0.9388697743415833,7.364732265472412,-1
1715,3292.4814067602156,687.4843928784132,3527.506327521801,858.4449269078672,60,train,1,1.3499126434326172,7.344808101654053,-1
1716,3174.968946379423,943.9251939225942,3292.4814067602156,1029.405460937321,61,train,0,9.377665519714355,3.460974931716919,-1
1717,3057.4564859986303,943.9251939225942,3174.968946379423,1029.405460937321,79,train,0,9.056831359863281,5.869161128997803,-1
1718,3174.968946379423,858.4449269078672,3292.4814067602156,943.9251939225942,49,train,0,9.317302703857422,3.9231526851654053,-1
1719,3057.4564859986303,858.4449269078672,3174.968946379423,943.9251939225942,56,heldout,-1,,,95
1720,2939.9440256178377,943.9251939225942,3057.4564859986303,1029.405460937321,73,train,0,9.336527824401855,4.674378871917725,-1
1721,2822.431565237045,943.9251939225942,2939.9440256178377,1029.405460937321,47,train,0,9.195667266845703,3.7044272422790527,-1
1722,2939.9440256178377,858.4449269078672,3057.4564859986303,943.9251939225942,52,train,0,8.187265396118164,4.851927280426025,-1
1723,2822.431565237045,858.4449269078672,2939.9440256178377,943.9251939225942,48,train,0,7.878094673156738,2.639901638031006,-1
1724,3057.4564859986303,687.4843928784132,3292.4814067602156,858.4449269078672,63,train,0,6.86045503616333,3.1196653842926025,-1
1725,2939.9440256178377,772.9646598931402,3057.4564859986303,858.4449269078672,51,train,0,8.259366989135742,2.6459977626800537,-1
1726,2822.431565237045,772.9646598931402,2939.9440256178377,858.4449269078672,57,train,0,8.99638843536377,5.679239749908447,-1
1727,2939.9440256178377,687.4843928784132,3057.4564859986303,772.9646598931402,38,train,0,8.598954200744629,5.160704612731934,-1
1728,2822.431565237045,687.4843928784132,2939.9440256178377,772.9646598931402,67,train,0,9.00681209564209,5.794005393981934,-1
1729,2704.9191048562525,1285.8462619815023,2822.431565237045,1371.3265289962292,63,train,0,9.522892951965332,4.488227844238281,-1
1730,2587.40664447546,1285.8462619815023,2704.9191048562525,1371.3265289962292,52,train,0,8.010631561279297,3.006230592727661,-1
1731,2704.9191048562525,1200.3659949667751,2822.431565237045,1285.8462619815023,69,heldout,-1,,,92
1732,2587.40664447546,1200.3659949667751,2704.9191048562525,1285.8462619815023,48,train,0,9.395625114440918,2.829763650894165,-1
1733,2469.8941840946673,1285.8462619815023,2587.40664447546,1371.3265289962292,63,train,0,9.809948921203613,4.877246856689453,-1
1734,2352.3817237138746,1285.8462619815023,2469.8941840946673,1371.3265289962292,51,train,0,8.856342315673828,3.698993682861328,-1
1735,2469.8941840946673,1200.3659949667751,2587.40664447546,1285.8462619815023,63,train,0,9.356904029846191,4.271560192108154,-1
1736,2352.3817237138746,1200.3659949667751,2469.8941840946673,1285.8462619815023,60,train,0,9.828746795654297,3.7877326011657715,-1
1737,2704.9191048562525,1114.885727952048,2822.431565237045,1200.3659949667751,68,train,0,9.305403709411621,4.701023578643799,-1
1738,2587.40664447546,1114.885727952048,2704.9191048562525,1200.3659949667751,52,train,0,9.857428550720215,3.5445501804351807,-1
1739,2704.9191048562525,1029.405460937321,2822.431565237045,1114.885727952048,60,train,0,8.623826026916504,4.441008567810059,-1
1740,2587.40664447546,1029.405460937321,2704.9191048562525,1114.885727952048,72,train,0,9.951690673828125,4.0797624588012695,-1
1741,2469.8941840946673,1114.885727952048,2587.40664447546,1200.3659949667751,46,train,0,8.324559211730957,3.129408359527588,-1
1742,2352.3817237138746,1114.885727952048,2469.8941840946673,1200.3659949667751,63,train,0,9.814950942993164,3.7681257724761963,-1
1743,2469.8941840946673,1029.405460937321,2587.40664447546,1114.885727952048,54,heldout,-1,,,32
1744,2352.3817237138746,1029.405460937321,2469.8941840946673,1114.885727952048,58,train,0,8.935226440429688,5.426825046539307,-1
1745,2234.869263333082,1285.8462619815023,2352.3817237138746,1371.3265289962292,60,train,0,8.263640403747559,4.022275447845459,-1
1746,2117.3568029522894,1285.8462619815023,2234.869263333082,1371.3265289962292,49,train,0,8.67746353149414,3.994442939758301,-1
1747,2234.869263333082,1200.3659949667751,2352.3817237138746,1285.8462619815023,60,train,0,7.794582366943359,3.435354709625244,-1
1748,2117.3568029522894,1200.3659949667751,2234.869263333082,1285.8462619815023,50,train,0,8.451416969299316,1.814759373664856,-1
1749,1999.8443425714968,1285.8462619815023,2117.3568029522894,1371.3265289962292,68,train,0,9.543710708618164,3.264780044555664,-1
1750,1882.3318821907042,1285.8462619815023,1999.8443425714968,1371.3265289962292,67,train,0,8.89479923248291,6.173646450042725,-1
1751,1999.8443425714968,1200.3659949667751,2117.3568029522894,1285.8462619815023,57,train,0,7.8360185623168945,4.203325271606445,-1
1752,1882.3318821907042,1200.3659949667751,1999.8443425714968,1285.8462619815023,64,train,0,9.527130126953125,2.878614664077759,-1
1753,2234.869263333082,1114.885727952048,2352.3817237138746,1200.3659949667751,64,train,0,9.765493392944336,3.796739101409912,-1
1754,2117.3568029522894,1114.885727952048,2234.869263333082,1200.3659949667751,52,train,0,9.78542709350586,3.5296857357025146,-1
1755,2234.869263333082,1029.405460937321,2352.3817237138746,1114.885727952048,59,train,0,9.302916526794434,3.1611602306365967,-1
1756,2117.3568029522894,1029.405460937321,2234.869263333082,1114.885727952048,57,train,0,8.838059425354004,3.4591569900512695,-1
1757,1999.8443425714968,1114.885727952048,2117.3568029522894,1200.3659949667751,57,train,0,9.037251472473145,5.460301876068115,-1
1758,1882.3318821907042,1114.885727952048,1999.8443425714968,1200.3659949667751,67,train,0,9.509716033935547,2.978782892227173,-1
1759,1999.8443425714968,1029.405460937321,2117.3568029522894,1114.885727952048,51,train,0,9.792750358581543,4.051102161407471,-1
1760,1882.3318821907042,1029.405460937321,1999.8443425714968,1114.885727952048,56,train,0,9.459148406982422,3.434596538543701,-1
1761,2704.9191048562525,943.9251939225942,2822.431565237045,1029.405460937321,62,train,0,9.24783992767334,3.913924217224121,-1
1762,2587.40664447546,943.9251939225942,2704.9191048562525,1029.405460937321,52,train,0,8.470377922058105,2.9692118167877197,-1
1763,2704.9191048562525,858.4449269078672,2822.431565237045,943.9251939225942,62,train,0,9.433877944946289,3.2644312381744385,-1
1764,2587.40664447546,858.4449269078672,2704.9191048562525,943.9251939225942,50,train,0,9.178532600402832,4.0374650955200195,-1
1765,2469.8941840946673,943.9251939225942,2587.40664447546,1029.405460937321,52,train,0,9.234554290771484,3.612417459487915,-1
1766,2352.3817237138746,943.9251939225942,2469.8941840946673,1029.405460937321,75,heldout,-1,,,23
1767,2469.8941840946673,858.4449269078672,2587.40664447546,943.9251939225942,55,train,0,9.477091789245605,4.292387008666992,-1
1768,2352.3817237138746,858.4449269078672,2469.8941840946673,943.9251939225942,60,train,0,9.89395809173584,4.210723400115967,-1
1769,2704.9191048562525,772.9646598931402,2822.431565237045,858.4449269078672,48,train,0,8.94963264465332,3.6292483806610107,-1
1770,2587.40664447546,772.9646598931402,2704.9191048562525,858.4449269078672,54,train,0,9.268444061279297,4.043386459350586,-1
1771,2704.9191048562525,687.4843928784132,2822.431565237045,772.9646598931402,50,train,0,7.825815200805664,1.7864001989364624,-1
1772,2587.40664447546,687.4843928784132,2704.9191048562525,772.9646598931402,63,train,0,8.391987800598145,3.952650308609009,-1
1773,2469.8941840946673,772.9646598931402,2587.40664447546,858.4449269078672,58,train,0,9.97382926940918,4.77409029006958,-1
1774,2352.3817237138746,772.9646598931402,2469.8941840946673,858.4449269078672,58,train,0,9.480307579040527,4.330820560455322,-1
1775,2469.8941840946673,687.4843928784132,2587.40664447546,772.9646598931402,55,train,0,9.2465238571167,3.3722176551818848,-1
1776,2352.3817237138746,687.4843928784132,2469.8941840946673,772.9646598931402,45,train,0,9.723155975341797,3.3686935901641846,-1
1777,2234.869263333082,943.9251939225942,2352.3817237138746,1029.405460937321,56,train,0,9.441581726074219,2.874542713165283,-1
1778,2117.3568029522894,943.9251939225942,2234.869263333082,1029.405460937321,37,train,0,7.821901798248291,3.3195431232452393,-1
1779,2234.869263333082,858.4449269078672,2352.3817237138746,943.9251939225942,52,train,0,9.359543800354004,4.168996810913086,-1
1780,2117.3568029522894,858.4449269078672,2234.869263333082,943.9251939225942,71,heldout,-1,,,94
1781,1882.3318821907042,858.4449269078672,2117.3568029522894,1029.405460937321,197,train,0,6.107226848602295,2.1225297451019287,-1
1782,2234.869263333082,772.9646598931402,2352.3817237138746,858.4449269078672,45,train,0,9.555867195129395,3.0625767707824707,-1
1783,2117.3568029522894,772.9646598931402,2234.869263333082,858.4449269078672,54,train,0,10.097039222717285,3.5781590938568115,-1
1784,2234.869263333082,687.4843928784132,2352.3817237138746,772.9646598931402,59,heldout,-1,,,97
1785,2117.3568029522894,687.4843928784132,2234.869263333082,772.9646598931402,57,train,0,8.828434944152832,3.0258443355560303,-1
1786,1999.8443425714968,772.9646598931402,2117.3568029522894,858.4449269078672,63,train,0,9.321175575256348,3.8030905723571777,-1
1787,1882.3318821907042,772.9646598931402,1999.8443425714968,858.4449269078672,51,train,0,9.361854553222656,3.0448246002197266,-1
1788,1999.8443425714968,687.4843928784132,2117.3568029522894,772.9646598931402,59,train,0,9.651708602905273,4.568385124206543,-1
1789,1882.3318821907042,687.4843928784132,1999.8443425714968,772.9646598931402,56,train,0,8.639945030212402,5.228987216949463,-1
1790,2822.431565237045,516.5238588489592,3057.4564859986303,687.4843928784132,170,train,0,9.489655494689941,3.7790470123291016,-1
1791,2822.431565237045,345.5633248195052,3057.4564859986303,516.5238588489592,98,train,0,7.9800801277160645,2.512228012084961,-1
1792,2587.40664447546,516.5238588489592,2822.431565237045,687.4843928784132,194,train,0,6.142715930938721,2.1239616870880127,-1
1793,2469.8941840946673,602.0041258636862,2587.40664447546,687.4843928784132,61,train,0,9.423343658447266,3.863234281539917,-1
1794,2352.3817237138746,602.0041258636862,2469.8941840946673,687.4843928784132,42,train,0,9.389566421508789,2.6823554039001465,-1
1795,2469.8941840946673,516.5238588489592,2587.40664447546,602.0041258636862,69,train,0,9.535204887390137,3.2511606216430664,-1
1796,2352.3817237138746,516.5238588489592,2469.8941840946673,602.0041258636862,69,train,0,9.380556106567383,4.751402378082275,-1
1797,2587.40664447546,345.5633248195052,2822.431565237045,516.5238588489592,171,train,0,6.100024223327637,2.3425300121307373,-1
1798,2469.8941840946673,431.0435918342322,2587.40664447546,516.5238588489592,50,train,0,8.168880462646484,4.730981826782227,-1
1799,2352.3817237138746,431.0435918342322,2469.8941840946673,516.5238588489592,56,train,0,9.23345947265625,2.7848517894744873,-1
1800,2469.8941840946673,345.5633248195052,2587.40664447546,431.0435918342322,46,train,0,7.999773025512695,4.197099685668945,-1
1801,2352.3817237138746,345.5633248195052,2469.8941840946673,431.0435918342322,51,train,0,7.964126110076904,4.461141586303711,-1
1802,2234.869263333082,602.0041258636862,2352.3817237138746,687.4843928784132,60,train,0,9.022095680236816,5.9154133796691895,-1
1803,2117.3568029522894,602.0041258636862,2234.869263333082,687.4843928784132,65,train,0,9.704954147338867,4.860615253448486,-1
1804,2234.869263333082,516.5238588489592,2352.3817237138746,602.0041258636862,65,train,0,10.006409645080566,4.723526477813721,-1
1805,2117.3568029522894,516.5238588489592,2234.869263333082,602.0041258636862,65,train,0,8.773012161254883,3.7290101051330566,-1
1806,1999.8443425714968,602.0041258636862,2117.3568029522894,687.4843928784132,65,train,0,9.773011207580566,3.549105405807495,-1
1807,1882.3318821907042,602.0041258636862,1999.8443425714968,687.4843928784132,61,heldout,-1,,,2
1808,1999.8443425714968,516.5238588489592,2117.3568029522894,602.0041258636862,63,train,0,8.775813102722168,6.006445407867432,-1
1809,1882.3318821907042,516.5238588489592,1999.8443425714968,602.0041258636862,54,train,0,9.853583335876465,3.835683822631836,-1
1810,2234.869263333082,431.0435918342322,2352.3817237138746,516.5238588489592,59,train,0,8.199888229370117,3.9212284088134766,-1
1811,2117.3568029522894,431.0435918342322,2234.869263333082,516.5238588489592,48,train,1,-0.7329846024513245,6.763550758361816,-1
1812,2234.869263333082,345.5633248195052,2352.3817237138746,431.0435918342322,52,train,1,0.7337866425514221,7.449053764343262,-1
1813,2117.3568029522894,345.5633248195052,2234.869263333082,431.0435918342322,66,train,2,6.270806789398193,10.176126480102539,-1
1814,1882.3318821907042,345.5633248195052,2117.3568029522894,516.5238588489592,194,train,0,5.927139759063721,2.2752015590667725,-1
1815,2587.40664447546,174.60279079005122,2822.431565237045,345.5633248195052,196,train,0,6.021084308624268,2.22273325920105,-1
1816,2352.3817237138746,174.60279079005122,2587.40664447546,345.5633248195052,166,train,0,5.940000057220459,2.805180788040161,-1
1817,2234.869263333082,260.0830578047782,2352.3817237138746,345.5633248195052,66,train,3,8.170621871948242,8.609545707702637,-1
1818,2117.3568029522894,260.0830578047782,2234.869263333082,345.5633248195052,65,heldout,-1,,,17
1819,2234.869263333082,174.60279079005122,2352.3817237138746,260.0830578047782,54,train,3,8.793412208557129,7.813216209411621,-1
1820,2117.3568029522894,174.60279079005122,2234.869263333082,260.0830578047782,44,train,3,9.194804191589355,8.868606567382812,-1
1821,1999.8443425714968,260.0830578047782,2117.3568029522894,345.5633248195052,77,train,3,8.110821723937988,8.590106010437012,-1
1822,1882.3318821907042,260.0830578047782,1999.8443425714968,345.5633248195052,41,train,0,6.804108619689941,2.9661009311676025,-1
1823,1999.8443425714968,174.60279079005122,2117.3568029522894,260.0830578047782,89,train,3,8.836966514587402,7.727332592010498,-1
1824,1882.3318821907042,174.60279079005122,1999.8443425714968,260.0830578047782,74,train,2,4.200362682342529,11.123126983642578,-1
1825,2117.3568029522894,3.642256760597229,2352.3817237138746,174.60279079005122,74,train,3,8.518733024597168,7.318110942840576,-1
1826,1882.3318821907042,3.642256760597229,2117.3568029522894,174.60279079005122,138,train,3,8.49886703491211,7.336399078369141,-1
1827,1764.8194218099115,1285.8462619815023,1882.3318821907042,1371.3265289962292,54,train,0,7.960799694061279,4.241322994232178,-1
1828,1647.306961429119,1285.8462619815023,1764.8194218099115,1371.3265289962292,55,heldout,-1,,,30
1829,1764.8194218099115,1200.3659949667751,1882.3318821907042,1285.8462619815023,65,heldout,-1,,,96
1830,1647.306961429119,1200.3659949667751,1764.8194218099115,1285.8462619815023,51,train,0,8.694416999816895,2.14570689201355,-1
1831,1412.2820406675337,1200.3659949667751,1647.306961429119,1371.3265289962292,186,train,0,5.9776611328125,2.2673981189727783,-1
1832,1764.8194218099115,1114.885727952048,1882.3318821907042,1200.3659949667751,66,train,0,8.63407039642334,2.723705530166626,-1
1833,1647.306961429119,1114.885727952048,1764.8194218099115,1200.3659949667751,55,train,0,9.189606666564941,3.406052589416504,-1
1834,1764.8194218099115,1029.405460937321,1882.3318821907042,1114.885727952048,62,train,0,8.930418968200684,2.3562629222869873,-1
1835,1647.306961429119,1029.405460937321,1764.8194218099115,1114.885727952048,50,train,0,8.499763488769531,1.7209779024124146,-1
1836,1529.7945010483263,1114.885727952048,1647.306961429119,1200.3659949667751,54,train,0,7.355783462524414,1.995693325996399,-1
1837,1412.2820406675337,1114.885727952048,1529.7945010483263,1200.3659949667751,63,train,0,9.191765785217285,2.6720755100250244,-1
1838,1529.7945010483263,1029.405460937321,1647.306961429119,1114.885727952048,59,train,0,9.059730529785156,3.420581579208374,-1
1839,1412.2820406675337,1029.405460937321,1529.7945010483263,1114.885727952048,48,train,0,9.099364280700684,2.873129367828369,-1
1840,1294.769580286741,1285.8462619815023,1412.2820406675337,1371.3265289962292,63,train,0,8.291101455688477,3.2113876342773438,-1
1841,1177.2571199059485,1285.8462619815023,1294.769580286741,1371.3265289962292,53,train,0,7.807491779327393,2.8110954761505127,-1
1842,1294.769580286741,1200.3659949667751,1412.2820406675337,1285.8462619815023,40,train,0,9.015312194824219,3.307861566543579,-1
1843,1177.2571199059485,1200.3659949667751,1294.769580286741,1285.8462619815023,63,train,0,7.896846771240234,4.30463171005249,-1
1844,942.2321991443633,1200.3659949667751,1177.2571199059485,1371.3265289962292,180,train,0,6.582632064819336,1.770589828491211,-1
1845,1177.2571199059485,1029.405460937321,1412.2820406675337,1200.3659949667751,194,train,0,6.212726593017578,2.059616804122925,-1
1846,942.2321991443633,1029.405460937321,1177.2571199059485,1200.3659949667751,193,train,0,5.9184088706970215,2.272838592529297,-1
1847,1647.306961429119,858.4449269078672,1882.3318821907042,1029.405460937321,181,train,0,5.94193172454834,2.3439407348632812,-1
1848,1412.2820406675337,858.4449269078672,1647.306961429119,1029.405460937321,159,train,0,6.165143966674805,2.024780035018921,-1
1849,1764.8194218099115,772.9646598931402,1882.3318821907042,858.4449269078672,62,train,0,9.45887565612793,3.9740421772003174,-1
1850,1647.306961429119,772.9646598931402,1764.8194218099115,858.4449269078672,52,train,0,7.953709125518799,4.166049957275391,-1
1851,1764.8194218099115,687.4843928784132,1882.3318821907042,772.9646598931402,54,train,0,8.935863494873047,3.792543649673462,-1
1852,1647.306961429119,687.4843928784132,1764.8194218099115,772.9646598931402,55,train,0,9.3274507522583,2.6850767135620117,-1
1853,1412.2820406675337,687.4843928784132,1647.306961429119,858.4449269078672,162,train,0,6.254440784454346,2.1683666706085205,-1
1854,1177.2571199059485,858.4449269078672,1412.2820406675337,1029.405460937321,183,train,0,5.953891277313232,2.336921215057373,-1
1855,1059.7446595251558,943.9251939225942,1177.2571199059485,1029.405460937321,52,train,2,5.199262619018555,11.138625144958496,-1
1856,942.2321991443633,943.9251939225942,1059.7446595251558,1029.405460937321,67,train,2,6.185466289520264,10.395873069763184,-1
1857,1059.7446595251558,858.4449269078672,1177.2571199059485,943.9251939225942,66,train,2,6.6252851486206055,10.165356636047363,-1
1858,942.2321991443633,858.4449269078672,1059.7446595251558,943.9251939225942,84,train,2,4.969177722930908,10.871052742004395,-1
1859,1177.2571199059485,687.4843928784132,1412.2820406675337,858.4449269078672,200,train,2,4.569594860076904,12.083316802978516,-1
1860,1059.7446595251558,772.9646598931402,1177.2571199059485,858.4449269078672,73,train,3,9.325313568115234,8.66873836517334,-1
1861,942.2321991443633,772.9646598931402,1059.7446595251558,858.4449269078672,70,train,2,6.203171730041504,10.305994033813477,-1
1862,1059.7446595251558,687.4843928784132,1177.2571199059485,772.9646598931402,74,train,3,8.856884956359863,7.66066837310791,-1
1863,942.2321991443633,687.4843928784132,1059.7446595251558,772.9646598931402,81,train,3,8.95614242553711,8.016709327697754,-1
1864,824.7197387635707,1285.8462619815023,942.2321991443633,1371.3265289962292,62,train,1,-0.14576713740825653,7.3388872146606445,-1
1865,707.2072783827781,1285.8462619815023,824.7197387635707,1371.3265289962292,73,train,2,4.408650875091553,10.656943321228027,-1
1866,824.7197387635707,1200.3659949667751,942.2321991443633,1285.8462619815023,55,train,2,5.513268947601318,10.992945671081543,-1
1867,707.2072783827781,1200.3659949667751,824.7197387635707,1285.8462619815023,70,train,3,8.249984741210938,8.387909889221191,-1
1868,589.6948180019855,1285.8462619815023,707.2072783827781,1371.3265289962292,73,train,1,-0.018943626433610916,7.509247303009033,-1
1869,472.1823576211929,1285.8462619815023,589.6948180019855,1371.3265289962292,64,train,0,7.710763454437256,3.957886219024658,-1
1870,589.6948180019855,1200.3659949667751,707.2072783827781,1285.8462619815023,50,train,2,6.503868103027344,10.240697860717773,-1
1871,472.1823576211929,1200.3659949667751,589.6948180019855,1285.8462619815023,50,train,0,7.540335178375244,1.4550665616989136,-1
1872,824.7197387635707,1114.885727952048,942.2321991443633,1200.3659949667751,70,train,3,8.819734573364258,7.826680660247803,-1
1873,707.2072783827781,1114.885727952048,824.7197387635707,1200.3659949667751,79,train,3,8.902203559875488,7.84535551071167,-1
1874,824.7197387635707,1029.405460937321,942.2321991443633,1114.885727952048,62,train,3,8.963627815246582,7.8301682472229,-1
1875,707.2072783827781,1029.405460937321,824.7197387635707,1114.885727952048,96,train,3,8.932177543640137,8.302708625793457,-1
1876,589.6948180019855,1114.885727952048,707.2072783827781,1200.3659949667751,82,train,2,6.270968914031982,10.324546813964844,-1
1877,472.1823576211929,1114.885727952048,589.6948180019855,1200.3659949667751,45,train,1,0.28261542320251465,7.514675617218018,-1
1878,589.6948180019855,1029.405460937321,707.2072783827781,1114.885727952048,65,train,3,8.689364433288574,8.95263957977295,-1
1879,472.1823576211929,1029.405460937321,589.6948180019855,1114.885727952048,50,train,2,5.21986722946167,11.128002166748047,-1
1880,354.6698972404003,1285.8462619815023,472.1823576211929,1371.3265289962292,70,train,0,9.28965950012207,2.728163480758667,-1
1881,237.15743685960769,1285.8462619815023,354.6698972404003,1371.3265289962292,59,train,0,7.860696315765381,1.563775897026062,-1
1882,354.6698972404003,1200.3659949667751,472.1823576211929,1285.8462619815023,54,train,0,8.029104232788086,2.1279208660125732,-1
1883,237.15743685960769,1200.3659949667751,354.6698972404003,1285.8462619815023,53,train,0,7.596259593963623,1.4590460062026978,-1
1884,119.64497647881507,1285.8462619815023,237.15743685960769,1371.3265289962292,64,train,2,4.468964099884033,10.771414756774902,-1
1885,2.1325160980224607,1285.8462619815023,119.64497647881507,1371.3265289962292,75,train,2,5.255475997924805,11.00893497467041,-1
1886,119.64497647881507,1200.3659949667751,237.15743685960769,1285.8462619815023,70,train,2,4.639995574951172,10.85820198059082,-1
1887,2.1325160980224607,1200.3659949667751,119.64497647881507,1285.8462619815023,51,train,3,8.441996574401855,8.947318077087402,-1
1888,354.6698972404003,1114.885727952048,472.1823576211929,1200.3659949667751,39,train,1,0.1795695722103119,7.474174499511719,-1
1889,237.15743685960769,1114.885727952048,354.6698972404003,1200.3659949667751,64,train,0,7.692807197570801,1.424185037612915,-1
1890,354.6698972404003,1029.405460937321,472.1823576211929,1114.885727952048,61,train,1,-1.0944608449935913,7.441890716552734,-1
1891,237.15743685960769,1029.405460937321,354.6698972404003,1114.885727952048,52,train,1,-0.8195933103561401,7.702085971832275,-1
1892,119.64497647881507,1114.885727952048,237.15743685960769,1200.3659949667751,88,train,2,4.21027135848999,10.836163520812988,-1
1893,2.1325160980224607,1114.885727952048,119.64497647881507,1200.3659949667751,52,train,2,6.541653633117676,10.450316429138184,-1
1894,119.64497647881507,1029.405460937321,237.15743685960769,1114.885727952048,88,train,1,-1.34275484085083,7.940337657928467,-1
1895,2.1325160980224607,1029.405460937321,119.64497647881507,1114.885727952048,104,train,2,4.399936199188232,10.721710205078125,-1
1896,824.7197387635707,943.9251939225942,942.2321991443633,1029.405460937321,67,train,3,8.871723175048828,7.723572731018066,-1
1897,707.2072783827781,943.9251939225942,824.7197387635707,1029.405460937321,98,train,3,8.960082054138184,8.44283676147461,-1
1898,824.7197387635707,858.4449269078672,942.2321991443633,943.9251939225942,83,train,2,6.291988372802734,10.214207649230957,-1
1899,707.2072783827781,858.4449269078672,824.7197387635707,943.9251939225942,85,train,3,9.218117713928223,8.207677841186523,-1
1900,589.6948180019855,943.9251939225942,707.2072783827781,1029.405460937321,101,train,3,8.870501518249512,8.659056663513184,-1
1901,472.1823576211929,943.9251939225942,589.6948180019855,1029.405460937321,66,heldout,-1,,,65
1902,589.6948180019855,858.4449269078672,707.2072783827781,943.9251939225942,108,train,3,9.177748680114746,8.162832260131836,-1
1903,472.1823576211929,858.4449269078672,589.6948180019855,943.9251939225942,99,train,3,8.489751815795898,8.45894718170166,-1
1904,824.7197387635707,772.9646598931402,942.2321991443633,858.4449269078672,74,train,2,6.3422040939331055,10.35532283782959,-1
1905,707.2072783827781,772.9646598931402,824.7197387635707,858.4449269078672,63,train,2,7.385664463043213,10.32319164276123,-1
1906,824.7197387635707,687.4843928784132,942.2321991443633,772.9646598931402,63,train,2,6.299410343170166,10.280137062072754,-1
1907,707.2072783827781,687.4843928784132,824.7197387635707,772.9646598931402,76,train,2,6.264729022979736,10.22347354888916,-1
1908,589.6948180019855,772.9646598931402,707.2072783827781,858.4449269078672,92,train,3,9.373583793640137,8.741571426391602,-1
1909,472.1823576211929,772.9646598931402,589.6948180019855,858.4449269078672,88,heldout,-1,,,50
1910,589.6948180019855,687.4843928784132,707.2072783827781,772.9646598931402,92,train,2,6.446844100952148,10.049626350402832,-1
1911,472.1823576211929,687.4843928784132,589.6948180019855,772.9646598931402,88,train,2,6.468386173248291,10.255845069885254,-1
1912,354.6698972404003,943.9251939225942,472.1823576211929,1029.405460937321,51,train,1,0.22782889008522034,7.536639213562012,-1
1913,237.15743685960769,943.9251939225942,354.6698972404003,1029.405460937321,60,heldout,-1,,,98
1914,354.6698972404003,858.4449269078672,472.1823576211929,943.9251939225942,50,train,1,0.1845024973154068,7.5198974609375,-1
1915,237.15743685960769,858.4449269078672,354.6698972404003,943.9251939225942,68,train,0,6.91862154006958,2.0080506801605225,-1
1916,119.64497647881507,943.9251939225942,237.15743685960769,1029.405460937321,51,train,0,7.685042381286621,3.6834042072296143,-1
1917,2.1325160980224607,943.9251939225942,119.64497647881507,1029.405460937321,100,train,1,-1.855864405632019,7.749626636505127,-1
1918,119.64497647881507,858.4449269078672,237.15743685960769,943.9251939225942,47,train,0,7.682992935180664,1.605271816253662,-1
1919,2.1325160980224607,858.4449269078672,119.64497647881507,943.9251939225942,51,train,0,6.078693389892578,3.0631449222564697,-1
1920,354.6698972404003,772.9646598931402,472.1823576211929,858.4449269078672,70,train,2,4.907740116119385,10.768638610839844,-1
1921,237.15743685960769,772.9646598931402,354.6698972404003,858.4449269078672,106,train,0,7.18986177444458,1.5365325212478638,-1
1922,354.6698972404003,687.4843928784132,472.1823576211929,772.9646598931402,78,train,2,6.425258159637451,10.146607398986816,-1
1923,237.15743685960769,687.4843928784132,354.6698972404003,772.9646598931402,99,train,0,6.724127292633057,2.1642441749572754,-1
1924,119.64497647881507,772.9646598931402,237.15743685960769,858.4449269078672,58,train,0,8.189153671264648,3.6212263107299805,-1
1925,2.1325160980224607,772.9646598931402,119.64497647881507,858.4449269078672,48,train,0,7.760256767272949,2.50423002243042,-1
1926,119.64497647881507,687.4843928784132,237.15743685960769,772.9646598931402,68,train,0,7.3097734451293945,2.314953565597534,-1
1927,2.1325160980224607,687.4843928784132,119.64497647881507,772.9646598931402,56,train,0,9.039161682128906,3.9782721996307373,-1
1928,1764.8194218099115,602.0041258636862,1882.3318821907042,687.4843928784132,57,train,0,8.993179321289062,6.2059807777404785,-1
1929,1647.306961429119,602.0041258636862,1764.8194218099115,687.4843928784132,57,train,0,9.174363136291504,2.9912302494049072,-1
1930,1764.8194218099115,516.5238588489592,1882.3318821907042,602.0041258636862,56,train,0,9.417947769165039,3.1159236431121826,-1
1931,1647.306961429119,516.5238588489592,1764.8194218099115,602.0041258636862,56,train,0,9.762626647949219,4.537661552429199,-1
1932,1412.2820406675337,516.5238588489592,1647.306961429119,687.4843928784132,109,train,0,6.142714023590088,2.6127490997314453,-1
1933,1764.8194218099115,431.0435918342322,1882.3318821907042,516.5238588489592,54,train,0,8.27148723602295,4.948062419891357,-1
1934,1647.306961429119,431.0435918342322,1764.8194218099115,516.5238588489592,42,train,0,8.756872177124023,3.00447678565979,-1
1935,1764.8194218099115,345.5633248195052,1882.3318821907042,431.0435918342322,69,train,0,9.269122123718262,3.7371325492858887,-1
1936,1647.306961429119,345.5633248195052,1764.8194218099115,431.0435918342322,74,heldout,-1,,,63
1937,1412.2820406675337,345.5633248195052,1647.306961429119,516.5238588489592,103,heldout,-1,,,80
1938,1294.769580286741,602.0041258636862,1412.2820406675337,687.4843928784132,48,train,2,5.431080341339111,10.930644035339355,-1
1939,1177.2571199059485,602.0041258636862,1294.769580286741,687.4843928784132,64,train,0,9.143450736999512,5.968848705291748,-1
1940,1294.769580286741,516.5238588489592,1412.2820406675337,602.0041258636862,67,train,2,5.802296161651611,10.69498062133789,-1
1941,1177.2571199059485,516.5238588489592,1294.769580286741,602.0041258636862,69,train,3,8.887301445007324,7.998630046844482,-1
1942,1059.7446595251558,602.0041258636862,1177.2571199059485,687.4843928784132,81,heldout,-1,,,56
1943,942.2321991443633,602.0041258636862,1059.7446595251558,687.4843928784132,58,train,3,8.470072746276855,10.493576049804688,-1
1944,1059.7446595251558,516.5238588489592,1177.2571199059485,602.0041258636862,63,train,3,8.358843803405762,10.414311408996582,-1
1945,942.2321991443633,516.5238588489592,1059.7446595251558,602.0041258636862,44,train,3,3.5029542446136475,8.126168251037598,-1
1946,1294.769580286741,431.0435918342322,1412.2820406675337,516.5238588489592,40,train,2,5.041822910308838,11.388978004455566,-1
1947,1177.2571199059485,431.0435918342322,1294.769580286741,516.5238588489592,78,heldout,-1,,,70
1948,1294.769580286741,345.5633248195052,1412.2820406675337,431.0435918342322,35,train,1,-0.8085407614707947,6.835213661193848,-1
1949,1177.2571199059485,345.5633248195052,1294.769580286741,431.0435918342322,74,train,2,4.868293762207031,10.739163398742676,-1
1950,1059.7446595251558,431.0435918342322,1177.2571199059485,516.5238588489592,68,train,2,5.823633670806885,10.11974048614502,-1
1951,942.2321991443633,431.0435918342322,1059.7446595251558,516.5238588489592,50,train,1,0.6628088355064392,8.306868553161621,-1
1952,1059.7446595251558,345.5633248195052,1177.2571199059485,431.0435918342322,70,train,3,8.257718086242676,10.42040729522705,-1
1953,942.2321991443633,345.5633248195052,1059.7446595251558,431.0435918342322,38,train,3,3.5777339935302734,8.14395809173584,-1
1954,1764.8194218099115,260.0830578047782,1882.3318821907042,345.5633248195052,50,train,0,8.251167297363281,2.8977208137512207,-1
1955,1647.306961429119,260.0830578047782,1764.8194218099115,345.5633248195052,50,train,0,8.908651351928711,3.7426223754882812,-1
1956,1764.8194218099115,174.60279079005122,1882.3318821907042,260.0830578047782,51,train,1,-0.5677828788757324,7.0570268630981445,-1
1957,1647.306961429119,174.60279079005122,1764.8194218099115,260.0830578047782,61,train,0,9.725944519042969,3.310347318649292,-1
1958,1529.7945010483263,260.0830578047782,1647.306961429119,345.5633248195052,50,train,0,7.994172096252441,3.5931317806243896,-1
1959,1412.2820406675337,260.0830578047782,1529.7945010483263,345.5633248195052,81,train,0,9.953625679016113,4.386394023895264,-1
1960,1529.7945010483263,174.60279079005122,1647.306961429119,260.0830578047782,65,train,0,8.365960121154785,5.098845958709717,-1
1961,1412.2820406675337,174.60279079005122,1529.7945010483263,260.0830578047782,48,train,0,9.674976348876953,3.7948989868164062,-1
1962,1647.306961429119,3.642256760597229,1882.3318821907042,174.60279079005122,199,train,3,8.884591102600098,7.337519645690918,-1
1963,1529.7945010483263,89.12252377532423,1647.306961429119,174.60279079005122,87,train,3,8.981473922729492,6.76572847366333,-1
1964,1412.2820406675337,89.12252377532423,1529.7945010483263,174.60279079005122,60,train,0,8.657063484191895,5.475186347961426,-1
1965,1529.7945010483263,3.642256760597229,1647.306961429119,89.12252377532423,29,train,3,8.818840980529785,7.386858940124512,-1
1966,1412.2820406675337,3.642256760597229,1529.7945010483263,89.12252377532423,50,train,3,8.865053176879883,7.510806083679199,-1
1967,1294.769580286741,260.0830578047782,1412.2820406675337,345.5633248195052,56,train,0,6.951210975646973,2.043462038040161,-1
1968,1177.2571199059485,260.0830578047782,1294.769580286741,345.5633248195052,40,train,1,-0.19355209171772003,7.434871673583984,-1
1969,1294.769580286741,174.60279079005122,1412.2820406675337,260.0830578047782,63,train,0,9.261441230773926,3.684114456176758,-1
1970,1177.2571199059485,174.60279079005122,1294.769580286741,260.0830578047782,44,train,1,-0.45703837275505066,7.067350387573242,-1
1971,1059.7446595251558,260.0830578047782,1177.2571199059485,345.5633248195052,86,train,2,5.970164775848389,10.091217994689941,-1
1972,942.2321991443633,260.0830578047782,1059.7446595251558,345.5633248195052,84,train,3,8.936873435974121,8.717535018920898,-1
1973,1059.7446595251558,174.60279079005122,1177.2571199059485,260.0830578047782,51,train,2,5.957488059997559,10.485244750976562,-1
1974,942.2321991443633,174.60279079005122,1059.7446595251558,260.0830578047782,97,train,2,6.533007621765137,10.024842262268066,-1
1975,1294.769580286741,89.12252377532423,1412.2820406675337,174.60279079005122,73,train,0,9.244908332824707,4.767490863800049,-1
1976,1177.2571199059485,89.12252377532423,1294.769580286741,174.60279079005122,79,train,0,8.649089813232422,5.5411200523376465,-1
1977,1294.769580286741,3.642256760597229,1412.2820406675337,89.12252377532423,72,train,3,8.845718383789062,7.475012302398682,-1
1978,1177.2571199059485,3.642256760597229,1294.769580286741,89.12252377532423,70,train,0,9.655942916870117,5.405478000640869,-1
1979,1059.7446595251558,89.12252377532423,1177.2571199059485,174.60279079005122,35,train,1,-0.4521953761577606,7.0526628494262695,-1
1980,942.2321991443633,89.12252377532423,1059.7446595251558,174.60279079005122,83,train,2,6.215743541717529,10.168815612792969,-1
1981,1059.7446595251558,3.642256760597229,1177.2571199059485,89.12252377532423,55,train,0,8.388906478881836,5.089681625366211,-1
1982,942.2321991443633,3.642256760597229,1059.7446595251558,89.12252377532423,45,train,1,-0.9967219829559326,7.485519886016846,-1
1983,824.7197387635707,602.0041258636862,942.2321991443633,687.4843928784132,85,train,3,9.21652603149414,8.88552188873291,-1
1984,707.2072783827781,602.0041258636862,824.7197387635707,687.4843928784132,74,train,3,9.327692985534668,8.956814765930176,-1
1985,824.7197387635707,516.5238588489592,942.2321991443633,602.0041258636862,118,train,3,9.237290382385254,8.595881462097168,-1
1986,707.2072783827781,516.5238588489592,824.7197387635707,602.0041258636862,102,train,3,9.322484016418457,9.061614990234375,-1
1987,589.6948180019855,602.0041258636862,707.2072783827781,687.4843928784132,73,train,3,9.242269515991211,8.865068435668945,-1
1988,472.1823576211929,602.0041258636862,589.6948180019855,687.4843928784132,92,train,2,6.453277111053467,10.042583465576172,-1
1989,589.6948180019855,516.5238588489592,707.2072783827781,602.0041258636862,76,train,3,8.710993766784668,8.105684280395508,-1
1990,472.1823576211929,516.5238588489592,589.6948180019855,602.0041258636862,75,train,2,6.2364277839660645,10.289802551269531,-1
1991,824.7197387635707,431.0435918342322,942.2321991443633,516.5238588489592,82,train,1,0.22451439499855042,8.198952674865723,-1
1992,707.2072783827781,431.0435918342322,824.7197387635707,516.5238588489592,89,train,3,9.329561233520508,8.892814636230469,-1
1993,824.7197387635707,345.5633248195052,942.2321991443633,431.0435918342322,90,train,1,-1.6551340818405151,7.243151664733887,-1
1994,707.2072783827781,345.5633248195052,824.7197387635707,431.0435918342322,114,train,3,8.961841583251953,8.652958869934082,-1
1995,589.6948180019855,431.0435918342322,707.2072783827781,516.5238588489592,89,train,3,8.735808372497559,8.007880210876465,-1
1996,472.1823576211929,431.0435918342322,589.6948180019855,516.5238588489592,85,heldout,-1,,,58
1997,589.6948180019855,345.5633248195052,707.2072783827781,431.0435918342322,94,heldout,-1,,,25
1998,472.1823576211929,345.5633248195052,589.6948180019855,431.0435918342322,85,train,3,8.942983627319336,6.9964680671691895,-1
1999,354.6698972404003,602.0041258636862,472.1823576211929,687.4843928784132,73,train,2,5.950076580047607,10.505414962768555,-1
2000,237.15743685960769,602.0041258636862,354.6698972404003,687.4843928784132,71,train,0,6.850864887237549,2.3498189449310303,-1
2001,354.6698972404003,516.5238588489592,472.1823576211929,602.0041258636862,73,train,2,6.450099468231201,10.233636856079102,-1
2002,237.15743685960769,516.5238588489592,354.6698972404003,602.0041258636862,61,train,0,8.301974296569824,2.802220106124878,-1
2003,119.64497647881507,602.0041258636862,237.15743685960769,687.4843928784132,55,train,0,8.112079620361328,1.3435078859329224,-1
2004,2.1325160980224607,602.0041258636862,119.64497647881507,687.4843928784132,61,train,0,8.832024574279785,2.316087245941162,-1
2005,119.64497647881507,516.5238588489592,237.15743685960769,602.0041258636862,61,train,0,8.730589866638184,2.8792386054992676,-1
2006,2.1325160980224607,516.5238588489592,119.64497647881507,602.0041258636862,65,train,0,9.495457649230957,3.605038642883301,-1
2007,354.6698972404003,431.0435918342322,472.1823576211929,516.5238588489592,79,train,3,8.982340812683105,7.885635852813721,-1
2008,237.15743685960769,431.0435918342322,354.6698972404003,516.5238588489592,62,train,0,8.47035026550293,3.5212161540985107,-1
2009,354.6698972404003,345.5633248195052,472.1823576211929,431.0435918342322,65,train,0,8.878823280334473,3.764556884765625,-1
2010,237.15743685960769,345.5633248195052,354.6698972404003,431.0435918342322,75,train,0,8.019674301147461,3.3389041423797607,-1
2011,119.64497647881507,431.0435918342322,237.15743685960769,516.5238588489592,83,train,0,9.583984375,3.0843923091888428,-1
2012,2.1325160980224607,431.0435918342322,119.64497647881507,516.5238588489592,67,train,0,8.741035461425781,2.774813175201416,-1
2013,119.64497647881507,345.5633248195052,237.15743685960769,431.0435918342322,95,train,0,9.730945587158203,3.7138938903808594,-1
2014,2.1325160980224607,345.5633248195052,119.64497647881507,431.0435918342322,108,train,0,8.953661918640137,6.7574334144592285,-1
2015,824.7197387635707,260.0830578047782,942.2321991443633,345.5633248195052,85,train,3,8.871855735778809,8.799741744995117,-1
2016,707.2072783827781,260.0830578047782,824.7197387635707,345.5633248195052,100,train,3,8.909295082092285,8.327165603637695,-1
2017,824.7197387635707,174.60279079005122,942.2321991443633,260.0830578047782,93,train,2,6.327652454376221,10.1320161819458,-1
2018,707.2072783827781,174.60279079005122,824.7197387635707,260.0830578047782,92,heldout,-1,,,18
2019,589.6948180019855,260.0830578047782,707.2072783827781,345.5633248195052,91,train,3,8.983931541442871,7.874634265899658,-1
2020,472.1823576211929,260.0830578047782,589.6948180019855,345.5633248195052,83,train,2,6.092079162597656,10.342961311340332,-1
2021,589.6948180019855,174.60279079005122,707.2072783827781,260.0830578047782,101,train,2,6.484596252441406,10.013096809387207,-1
2022,472.1823576211929,174.60279079005122,589.6948180019855,260.0830578047782,33,train,1,1.6928187608718872,6.855900287628174,-1
2023,824.7197387635707,89.12252377532423,942.2321991443633,174.60279079005122,97,train,3,9.200453758239746,8.294479370117188,-1
2024,707.2072783827781,89.12252377532423,824.7197387635707,174.60279079005122,100,train,3,8.951937675476074,7.710673809051514,-1
2025,824.7197387635707,3.642256760597229,942.2321991443633,89.12252377532423,64,train,2,6.25831937789917,10.27661418914795,-1
2026,707.2072783827781,3.642256760597229,824.7197387635707,89.12252377532423,93,train,3,8.68100357055664,7.557666778564453,-1
2027,589.6948180019855,89.12252377532423,707.2072783827781,174.60279079005122,91,train,3,8.765037536621094,7.840054512023926,-1
2028,472.1823576211929,89.12252377532423,589.6948180019855,174.60279079005122,30,train,1,1.4230319261550903,6.831363201141357,-1
2029,589.6948180019855,3.642256760597229,707.2072783827781,89.12252377532423,69,train,2,6.793949127197266,10.083466529846191,-1
2030,472.1823576211929,3.642256760597229,589.6948180019855,89.12252377532423,23,heldout,-1,,,19
2031,354.6698972404003,260.0830578047782,472.1823576211929,345.5633248195052,48,train,0,7.526466369628906,2.3807873725891113,-1
2032,237.15743685960769,260.0830578047782,354.6698972404003,345.5633248195052,84,train,0,9.400163650512695,3.786996841430664,-1
2033,354.6698972404003,174.60279079005122,472.1823576211929,260.0830578047782,63,train,0,8.126425743103027,3.254556655883789,-1
2034,237.15743685960769,174.60279079005122,354.6698972404003,260.0830578047782,99,train,0,9.544977188110352,3.1708009243011475,-1
2035,119.64497647881507,260.0830578047782,237.15743685960769,345.5633248195052,86,train,0,9.409527778625488,2.8629653453826904,-1
2036,2.1325160980224607,260.0830578047782,119.64497647881507,345.5633248195052,90,train,0,9.492952346801758,3.997995138168335,-1
2037,119.64497647881507,174.60279079005122,237.15743685960769,260.0830578047782,99,train,0,9.587106704711914,2.9493956565856934,-1
2038,2.1325160980224607,174.60279079005122,119.64497647881507,260.0830578047782,87,train,0,9.849065780639648,4.072805881500244,-1
2039,354.6698972404003,89.12252377532423,472.1823576211929,174.60279079005122,36,train,0,7.630763053894043,2.6757967472076416,-1
2040,237.15743685960769,89.12252377532423,354.6698972404003,174.60279079005122,116,train,0,9.841146469116211,3.78212308883667,-1
2041,354.6698972404003,3.642256760597229,472.1823576211929,89.12252377532423,40,train,0,7.26003885269165,2.914057731628418,-1
2042,237.15743685960769,3.642256760597229,354.6698972404003,89.12252377532423,55,train,0,7.767380714416504,4.195460796356201,-1
2043,2.1325160980224607,3.642256760597229,237.15743685960769,174.60279079005122,118,train,0,8.31739330291748,2.6972241401672363,-1
