Case,Tile,Iter,Query_Length,recall_at_1,recall_at_5,recall_at_10,recall_at_20,overlap_at_5,overlap_at_10,overlap_at_20,overlap_at_50,overlap_at_100,rank,dist_gap,spindle_time_ms,brute_force_time_ms,speedup,retrieved,Dataset,Length_Bin
Contiguous Random,0,0,14,1,1,1,1,0.0,0.0,0.0,0.0,0.01,1,0.0,37.5661,133.002,3.54,50,xenium_human_brain_cancer,13-16 genes
Contiguous Random,0,1,4,1,1,1,1,0.0,0.0,0.0,0.0,0.0,1,0.0,15.669,95.1072,6.07,50,xenium_human_brain_cancer,<=6 genes
Contiguous Random,0,2,8,1,1,1,1,0.0,0.0,0.0,0.02,0.01,1,0.0,27.2779,107.0372,3.92,50,xenium_human_brain_cancer,7-12 genes
Contiguous Random,0,3,7,1,1,1,1,0.0,0.0,0.0,0.04,0.02,1,0.0,24.4371,104.0191,4.26,50,xenium_human_brain_cancer,7-12 genes
Contiguous Random,0,4,15,1,1,1,1,0.0,0.0,0.0,0.0,0.0,1,0.0,40.1549,137.5381,3.43,50,xenium_human_brain_cancer,13-16 genes
Contiguous Random,1,0,28,1,1,1,1,1.0,1.0,0.8,0.52,0.33,1,-3.732146649247648e-06,55.0964,259.5506,4.71,50,xenium_human_brain_cancer,>16 genes
Contiguous Random,1,1,25,1,1,1,1,1.0,1.0,0.85,0.52,0.33,1,-3.605566024779405e-06,54.3048,234.2408,4.31,50,xenium_human_brain_cancer,>16 genes
Contiguous Random,1,2,8,1,1,1,1,0.0,0.0,0.1,0.06,0.03,1,0.0,22.0145,106.6947,4.85,50,xenium_human_brain_cancer,7-12 genes
Contiguous Random,1,3,9,1,1,1,1,0.0,0.4,0.35,0.26,0.24,1,0.0,28.8521,109.9259,3.81,50,xenium_human_brain_cancer,7-12 genes
Contiguous Random,1,4,14,1,1,1,1,0.4,0.5,0.4,0.26,0.2,1,0.0,34.4346,132.5045,3.85,50,xenium_human_brain_cancer,13-16 genes
Contiguous Random,2,0,12,1,1,1,1,0.0,0.0,0.0,0.0,0.0,1,0.0,33.3028,135.4786,4.07,50,xenium_human_brain_cancer,7-12 genes
Contiguous Random,2,1,15,1,1,1,1,0.0,0.0,0.0,0.0,0.0,1,0.0,36.8336,154.7515,4.2,50,xenium_human_brain_cancer,13-16 genes
Contiguous Random,2,2,7,1,1,1,1,0.0,0.0,0.0,0.0,0.0,1,0.0,23.0236,106.5792,4.63,50,xenium_human_brain_cancer,7-12 genes
Contiguous Random,2,3,13,1,1,1,1,0.0,0.0,0.0,0.02,0.01,1,0.0,35.4323,140.4397,3.96,50,xenium_human_brain_cancer,13-16 genes
Contiguous Random,2,4,4,1,1,1,1,0.0,0.0,0.0,0.0,0.0,1,0.0,15.5063,95.9213,6.19,50,xenium_human_brain_cancer,<=6 genes
Contiguous Random,3,0,19,1,1,1,1,0.0,0.0,0.0,0.02,0.04,1,0.0,45.6691,162.785,3.56,50,xenium_human_brain_cancer,>16 genes
Contiguous Random,3,1,14,1,1,1,1,0.0,0.0,0.0,0.0,0.0,1,0.0,36.5548,133.1791,3.64,50,xenium_human_brain_cancer,13-16 genes
Contiguous Random,3,2,12,1,1,1,1,0.6,0.6,0.8,0.74,0.39,1,0.0,36.7966,124.6458,3.39,50,xenium_human_brain_cancer,7-12 genes
Contiguous Random,3,3,16,1,1,1,1,0.0,0.0,0.0,0.0,0.0,1,0.0,38.9912,141.3916,3.63,50,xenium_human_brain_cancer,13-16 genes
Contiguous Random,3,4,8,1,1,1,1,0.0,0.0,0.0,0.0,0.0,1,0.0,24.7015,109.2857,4.42,50,xenium_human_brain_cancer,7-12 genes
Contiguous Random,4,0,8,1,1,1,1,0.0,0.0,0.0,0.0,0.0,1,0.0,29.2909,109.044,3.72,50,xenium_human_brain_cancer,7-12 genes
Contiguous Random,4,1,16,1,1,1,1,0.6,0.7,0.7,0.5,0.4,1,0.0,44.9312,142.5992,3.17,50,xenium_human_brain_cancer,13-16 genes
Contiguous Random,4,2,13,1,1,1,1,0.0,0.0,0.0,0.0,0.0,1,0.0,37.6295,129.563,3.44,50,xenium_human_brain_cancer,13-16 genes
Contiguous Random,4,3,19,1,1,1,1,0.0,0.0,0.05,0.04,0.07,1,0.0,48.0618,162.8606,3.39,50,xenium_human_brain_cancer,>16 genes
Contiguous Random,4,4,17,1,1,1,1,0.0,0.0,0.0,0.04,0.02,1,0.0,45.3999,151.389,3.33,50,xenium_human_brain_cancer,>16 genes
Contiguous Random,5,0,24,1,1,1,1,0.8,0.7,0.65,0.66,0.42,1,-1.5246257194633656e-06,53.6662,219.9131,4.1,50,xenium_human_brain_cancer,>16 genes
Contiguous Random,5,1,27,1,1,1,1,0.8,0.7,0.65,0.7,0.41,1,1.868504128555229e-06,56.4988,257.8561,4.56,50,xenium_human_brain_cancer,>16 genes
Contiguous Random,5,2,18,1,1,1,1,1.0,0.9,0.8,0.74,0.45,1,0.0,46.1759,161.0089,3.49,50,xenium_human_brain_cancer,>16 genes
Contiguous Random,5,3,13,1,1,1,1,0.8,0.7,0.75,0.62,0.44,1,0.0,35.7869,130.4798,3.65,50,xenium_human_brain_cancer,13-16 genes
Contiguous Random,5,4,8,1,1,1,1,1.0,0.7,0.55,0.58,0.5,1,0.0,24.4424,108.3811,4.43,50,xenium_human_brain_cancer,7-12 genes
Contiguous Random,6,0,12,1,1,1,1,0.0,0.0,0.0,0.0,0.0,1,0.0,32.3155,124.0643,3.84,50,xenium_human_brain_cancer,7-12 genes
Contiguous Random,6,1,7,1,1,1,1,0.0,0.0,0.0,0.0,0.0,1,0.0,22.6683,105.003,4.63,50,xenium_human_brain_cancer,7-12 genes
Contiguous Random,6,2,8,1,1,1,1,0.0,0.0,0.0,0.0,0.0,1,0.0,24.819,107.1479,4.32,50,xenium_human_brain_cancer,7-12 genes
Contiguous Random,6,3,13,1,1,1,1,0.0,0.0,0.0,0.0,0.0,1,0.0,35.0834,130.276,3.71,50,xenium_human_brain_cancer,13-16 genes
Contiguous Random,6,4,16,1,1,1,1,0.0,0.0,0.0,0.0,0.01,1,0.0,39.5641,141.9283,3.59,50,xenium_human_brain_cancer,13-16 genes
Contiguous Random,7,0,15,1,1,1,1,1.0,1.0,1.0,0.68,0.36,1,-1.4302645745707665e-06,40.72,142.014,3.49,50,xenium_human_brain_cancer,13-16 genes
Contiguous Random,7,1,10,1,1,1,1,0.4,0.3,0.5,0.32,0.25,1,0.0,29.8287,114.6891,3.84,50,xenium_human_brain_cancer,7-12 genes
Contiguous Random,7,2,6,1,1,1,1,0.0,0.0,0.0,0.0,0.0,1,0.0,20.9682,103.548,4.94,50,xenium_human_brain_cancer,<=6 genes
Contiguous Random,7,3,9,1,1,1,1,0.6,0.6,0.5,0.7,0.5,1,0.0,28.9969,111.4777,3.84,50,xenium_human_brain_cancer,7-12 genes
Contiguous Random,7,4,11,1,1,1,1,0.6,0.5,0.5,0.34,0.26,1,0.0,32.8464,120.6568,3.67,50,xenium_human_brain_cancer,7-12 genes
Contiguous Random,8,0,20,1,1,1,1,1.0,0.9,0.6,0.42,0.27,1,-6.936281838482161e-07,48.2817,171.7465,3.56,50,xenium_human_brain_cancer,>16 genes
Contiguous Random,8,1,14,1,1,1,1,0.2,0.4,0.55,0.66,0.42,1,0.0,39.8196,135.9421,3.41,50,xenium_human_brain_cancer,13-16 genes
Contiguous Random,8,2,23,1,1,1,1,1.0,0.9,0.75,0.48,0.31,1,3.1206166490743703e-06,50.491,194.3939,3.85,50,xenium_human_brain_cancer,>16 genes
Contiguous Random,8,3,16,1,1,1,1,0.8,0.7,0.75,0.52,0.35,1,0.0,39.2829,141.3379,3.6,50,xenium_human_brain_cancer,13-16 genes
Contiguous Random,8,4,13,1,1,1,1,0.6,0.7,0.65,0.3,0.25,1,0.0,35.5548,129.6646,3.65,50,xenium_human_brain_cancer,13-16 genes
Contiguous Random,9,0,16,1,1,1,1,0.0,0.0,0.0,0.0,0.0,1,0.0,41.1013,143.224,3.48,50,xenium_human_brain_cancer,13-16 genes
Contiguous Random,9,1,10,1,1,1,1,0.0,0.0,0.0,0.04,0.03,1,0.0,31.5812,117.5874,3.72,50,xenium_human_brain_cancer,7-12 genes
Contiguous Random,9,2,5,1,1,1,1,0.0,0.0,0.0,0.0,0.01,1,0.0,19.9762,100.1087,5.01,50,xenium_human_brain_cancer,<=6 genes
Contiguous Random,9,3,13,1,1,1,1,0.0,0.0,0.0,0.0,0.0,1,0.0,39.3069,132.8786,3.38,50,xenium_human_brain_cancer,13-16 genes
Contiguous Random,9,4,7,1,1,1,1,0.0,0.0,0.0,0.0,0.03,1,0.0,23.6366,106.1107,4.49,50,xenium_human_brain_cancer,7-12 genes
Contiguous Random,10,0,10,1,1,1,1,0.0,0.0,0.0,0.0,0.0,1,0.0,31.9104,115.986,3.63,50,xenium_human_brain_cancer,7-12 genes
Contiguous Random,10,1,11,1,1,1,1,0.0,0.0,0.0,0.0,0.0,1,0.0,33.0173,120.4423,3.65,50,xenium_human_brain_cancer,7-12 genes
Contiguous Random,10,2,8,1,1,1,1,0.0,0.0,0.0,0.0,0.0,1,0.0,26.4807,107.1247,4.05,50,xenium_human_brain_cancer,7-12 genes
Contiguous Random,10,3,7,1,1,1,1,0.0,0.0,0.0,0.0,0.0,1,0.0,23.928,105.3653,4.4,50,xenium_human_brain_cancer,7-12 genes
Contiguous Random,10,4,12,1,1,1,1,0.0,0.0,0.0,0.04,0.03,1,0.0,35.4771,124.3568,3.51,50,xenium_human_brain_cancer,7-12 genes
Contiguous Random,11,0,18,1,1,1,1,1.0,0.9,0.65,0.62,0.36,1,0.0,48.3383,161.6268,3.34,50,xenium_human_brain_cancer,>16 genes
Contiguous Random,11,1,17,1,1,1,1,1.0,1.0,0.75,0.54,0.32,1,0.0,47.3651,153.8141,3.25,50,xenium_human_brain_cancer,>16 genes
Contiguous Random,11,2,12,1,1,1,1,0.8,0.7,0.7,0.68,0.38,1,0.0,38.8674,124.7163,3.21,50,xenium_human_brain_cancer,7-12 genes
Contiguous Random,11,3,21,1,1,1,1,1.0,0.9,0.65,0.5,0.29,1,0.0,50.8777,175.4571,3.45,50,xenium_human_brain_cancer,>16 genes
Contiguous Random,11,4,7,1,1,1,1,0.0,0.0,0.0,0.02,0.01,1,0.0,22.2837,106.7097,4.79,50,xenium_human_brain_cancer,7-12 genes
Contiguous Random,12,0,5,1,1,1,1,0.0,0.0,0.0,0.0,0.01,1,0.0,19.4495,101.0192,5.19,50,xenium_human_brain_cancer,<=6 genes
Contiguous Random,12,1,14,1,1,1,1,0.0,0.0,0.0,0.0,0.01,1,0.0,37.9583,134.0783,3.53,50,xenium_human_brain_cancer,13-16 genes
Contiguous Random,12,2,16,1,1,1,1,0.6,0.8,0.75,0.64,0.41,1,0.0,42.1329,142.6382,3.39,50,xenium_human_brain_cancer,13-16 genes
Contiguous Random,12,3,13,1,1,1,1,0.0,0.0,0.0,0.0,0.0,1,0.0,36.0279,129.0765,3.58,50,xenium_human_brain_cancer,13-16 genes
Contiguous Random,12,4,10,1,1,1,1,0.0,0.1,0.05,0.02,0.01,1,0.0,31.4686,115.1771,3.66,50,xenium_human_brain_cancer,7-12 genes
Contiguous Random,13,0,19,1,1,1,1,0.4,0.5,0.6,0.52,0.38,1,0.0,44.2389,167.1909,3.78,50,xenium_human_brain_cancer,>16 genes
Contiguous Random,13,1,22,1,1,1,1,0.4,0.5,0.55,0.64,0.46,1,0.0,47.9012,181.2763,3.78,50,xenium_human_brain_cancer,>16 genes
Contiguous Random,13,2,8,1,1,1,1,0.0,0.0,0.0,0.0,0.04,1,0.0,25.9637,108.1685,4.17,50,xenium_human_brain_cancer,7-12 genes
Contiguous Random,13,3,22,1,1,1,1,0.4,0.5,0.55,0.64,0.46,1,0.0,46.4085,180.0713,3.88,50,xenium_human_brain_cancer,>16 genes
Contiguous Random,13,4,15,1,1,1,1,0.8,0.8,0.8,0.66,0.38,1,0.0,37.63,138.8931,3.69,50,xenium_human_brain_cancer,13-16 genes
Contiguous Random,14,0,15,1,1,1,1,0.4,0.3,0.4,0.5,0.44,1,-5.866853774339625e-07,40.3463,143.8463,3.57,50,xenium_human_brain_cancer,13-16 genes
Contiguous Random,14,1,11,0,0,0,0,0.0,0.2,0.25,0.44,0.41,3,0.012298440998884,31.4703,121.0811,3.85,50,xenium_human_brain_cancer,7-12 genes
Contiguous Random,14,2,6,1,1,1,1,0.0,0.0,0.0,0.0,0.0,1,0.0,20.4689,102.5995,5.01,50,xenium_human_brain_cancer,<=6 genes
Contiguous Random,14,3,22,1,1,1,1,0.4,0.5,0.7,0.66,0.48,1,-4.333094407111063e-07,48.7807,181.2372,3.72,50,xenium_human_brain_cancer,>16 genes
Contiguous Random,14,4,22,1,1,1,1,0.4,0.5,0.7,0.66,0.48,1,-4.333094407111063e-07,48.466,180.2415,3.72,50,xenium_human_brain_cancer,>16 genes
Contiguous Random,15,0,14,1,1,1,1,0.6,0.5,0.7,0.64,0.41,1,0.0,41.5386,150.3676,3.62,50,xenium_human_brain_cancer,13-16 genes
Contiguous Random,15,1,14,1,1,1,1,0.6,0.7,0.75,0.72,0.41,1,0.0,40.5765,135.2995,3.33,50,xenium_human_brain_cancer,13-16 genes
Contiguous Random,15,2,13,1,1,1,1,0.6,0.5,0.65,0.58,0.4,1,0.0,38.6417,130.0469,3.37,50,xenium_human_brain_cancer,13-16 genes
Contiguous Random,15,3,6,1,1,1,1,0.6,0.6,0.6,0.58,0.48,1,0.0,23.0223,115.0798,5.0,50,xenium_human_brain_cancer,<=6 genes
Contiguous Random,15,4,16,1,1,1,1,0.6,0.7,0.75,0.72,0.43,1,0.0,41.1564,142.3704,3.46,50,xenium_human_brain_cancer,13-16 genes
Contiguous Random,16,0,12,1,1,1,1,0.4,0.6,0.55,0.44,0.35,1,0.0,36.5455,135.5587,3.71,50,xenium_human_brain_cancer,7-12 genes
Contiguous Random,16,1,4,1,1,1,1,0.2,0.7,0.6,0.46,0.27,1,0.0,16.1365,103.706,6.43,50,xenium_human_brain_cancer,<=6 genes
Contiguous Random,16,2,9,1,1,1,1,0.2,0.7,0.65,0.4,0.3,1,0.0,28.148,130.3204,4.63,50,xenium_human_brain_cancer,7-12 genes
Contiguous Random,16,3,4,1,1,1,1,0.0,0.0,0.0,0.04,0.02,1,0.0,15.2901,95.8531,6.27,50,xenium_human_brain_cancer,<=6 genes
Contiguous Random,16,4,9,1,1,1,1,1.0,0.6,0.5,0.4,0.3,1,0.0,28.9507,112.023,3.87,50,xenium_human_brain_cancer,7-12 genes
Contiguous Random,17,0,7,1,1,1,1,0.0,0.0,0.0,0.0,0.02,1,0.0,20.4696,107.4136,5.25,50,xenium_human_brain_cancer,7-12 genes
Contiguous Random,17,1,7,1,1,1,1,0.0,0.0,0.0,0.04,0.03,1,0.0,21.5848,105.8229,4.9,50,xenium_human_brain_cancer,7-12 genes
Contiguous Random,17,2,5,1,1,1,1,0.0,0.0,0.0,0.0,0.0,1,0.0,18.3793,110.2316,6.0,50,xenium_human_brain_cancer,<=6 genes
Contiguous Random,17,3,5,1,1,1,1,0.0,0.0,0.0,0.0,0.0,1,0.0,17.8565,99.2699,5.56,50,xenium_human_brain_cancer,<=6 genes
Contiguous Random,17,4,6,1,1,1,1,0.0,0.0,0.0,0.0,0.01,1,0.0,19.4533,101.6433,5.22,50,xenium_human_brain_cancer,<=6 genes
Contiguous Random,18,0,14,1,1,1,1,0.2,0.1,0.05,0.02,0.03,1,0.0,41.6642,138.4218,3.32,50,xenium_human_brain_cancer,13-16 genes
Contiguous Random,18,1,12,1,1,1,1,0.2,0.1,0.05,0.04,0.04,1,0.0,36.1066,124.0129,3.43,50,xenium_human_brain_cancer,7-12 genes
Contiguous Random,18,2,8,1,1,1,1,0.0,0.1,0.05,0.02,0.01,1,0.0,25.0778,108.1643,4.31,50,xenium_human_brain_cancer,7-12 genes
Contiguous Random,18,3,13,1,1,1,1,0.2,0.2,0.1,0.04,0.04,1,0.0,39.2395,129.9236,3.31,50,xenium_human_brain_cancer,13-16 genes
Contiguous Random,18,4,7,1,1,1,1,0.0,0.0,0.0,0.04,0.02,1,0.0,23.168,105.4826,4.55,50,xenium_human_brain_cancer,7-12 genes
Contiguous Random,19,0,11,1,1,1,1,0.8,0.8,0.85,0.8,0.5,1,1.3613619413606335e-06,33.6773,125.634,3.73,50,xenium_human_brain_cancer,7-12 genes
Contiguous Random,19,1,14,1,1,1,1,1.0,1.0,1.0,0.88,0.48,1,-1.92143694358049e-09,41.9733,134.3669,3.2,50,xenium_human_brain_cancer,13-16 genes
Contiguous Random,19,2,16,1,1,1,1,1.0,1.0,1.0,0.86,0.47,1,3.702360093593357e-06,45.8661,147.8122,3.22,50,xenium_human_brain_cancer,13-16 genes
Contiguous Random,19,3,21,1,1,1,1,1.0,1.0,1.0,1.0,0.5,1,-3.0132817132599854e-06,51.1317,189.0215,3.7,50,xenium_human_brain_cancer,>16 genes
Contiguous Random,19,4,8,1,1,1,1,0.0,0.0,0.0,0.02,0.01,1,0.0,27.8461,108.2575,3.89,50,xenium_human_brain_cancer,7-12 genes
Contiguous Random,20,0,11,1,1,1,1,1.0,1.0,1.0,0.96,0.48,1,3.151030758204859e-06,32.3616,120.8385,3.73,50,xenium_human_brain_cancer,7-12 genes
Contiguous Random,20,1,14,1,1,1,1,1.0,1.0,1.0,0.72,0.4,1,2.112117498204169e-06,37.5387,132.3907,3.53,50,xenium_human_brain_cancer,13-16 genes
Contiguous Random,20,2,11,1,1,1,1,1.0,1.0,0.95,0.94,0.47,1,-1.5506031438433654e-06,32.941,120.0358,3.64,50,xenium_human_brain_cancer,7-12 genes
Contiguous Random,20,3,4,1,1,1,1,0.0,0.0,0.0,0.0,0.0,1,0.0,15.013,96.6238,6.44,50,xenium_human_brain_cancer,<=6 genes
Contiguous Random,20,4,5,1,1,1,1,0.6,0.8,0.8,0.78,0.48,1,-2.600519368650689e-06,18.3396,99.4918,5.42,50,xenium_human_brain_cancer,<=6 genes
Contiguous Random,21,0,5,1,1,1,1,0.0,0.0,0.0,0.0,0.0,1,0.0,17.2627,100.9805,5.85,50,xenium_human_brain_cancer,<=6 genes
Contiguous Random,21,1,9,1,1,1,1,0.0,0.0,0.0,0.0,0.01,1,0.0,24.4994,110.9884,4.53,50,xenium_human_brain_cancer,7-12 genes
Contiguous Random,21,2,12,1,1,1,1,0.0,0.0,0.0,0.0,0.0,1,0.0,33.3249,135.89,4.08,50,xenium_human_brain_cancer,7-12 genes
Contiguous Random,21,3,8,1,1,1,1,0.0,0.0,0.0,0.0,0.0,1,0.0,24.5403,109.467,4.46,50,xenium_human_brain_cancer,7-12 genes
Contiguous Random,21,4,7,1,1,1,1,0.0,0.0,0.0,0.0,0.01,1,0.0,22.3402,108.8555,4.87,50,xenium_human_brain_cancer,7-12 genes
Contiguous Random,22,0,11,1,1,1,1,1.0,1.0,1.0,0.64,0.33,1,-4.625570219490838e-06,31.5947,123.6748,3.91,50,xenium_human_brain_cancer,7-12 genes
Contiguous Random,22,1,25,1,1,1,1,0.8,0.8,0.8,0.64,0.43,1,3.352127075195721e-06,54.3906,237.9352,4.37,50,xenium_human_brain_cancer,>16 genes
Contiguous Random,22,2,14,1,1,1,1,1.0,1.0,0.95,0.56,0.38,1,7.225730562950006e-07,40.8787,138.1194,3.38,50,xenium_human_brain_cancer,13-16 genes
Contiguous Random,22,3,20,1,1,1,1,1.0,1.0,0.75,0.52,0.35,1,-2.8999628981438152e-06,48.9776,171.6162,3.5,50,xenium_human_brain_cancer,>16 genes
Contiguous Random,22,4,10,1,1,1,1,0.6,0.9,0.75,0.56,0.44,1,0.0,29.5642,115.0768,3.89,50,xenium_human_brain_cancer,7-12 genes
Contiguous Random,23,0,14,1,1,1,1,0.0,0.0,0.0,0.0,0.0,1,0.0,41.4686,136.5627,3.29,50,xenium_human_brain_cancer,13-16 genes
Contiguous Random,23,1,9,1,1,1,1,0.0,0.0,0.0,0.02,0.02,1,0.0,29.982,113.2635,3.78,50,xenium_human_brain_cancer,7-12 genes
Contiguous Random,23,2,10,1,1,1,1,0.0,0.0,0.0,0.0,0.0,1,0.0,31.5272,114.9323,3.65,50,xenium_human_brain_cancer,7-12 genes
Contiguous Random,23,3,15,1,1,1,1,0.0,0.0,0.0,0.0,0.01,1,0.0,40.6525,140.442,3.45,50,xenium_human_brain_cancer,13-16 genes
Contiguous Random,23,4,14,1,1,1,1,0.0,0.0,0.0,0.0,0.0,1,0.0,40.5813,135.9499,3.35,50,xenium_human_brain_cancer,13-16 genes
Contiguous Random,24,0,8,1,1,1,1,0.6,0.5,0.35,0.44,0.37,1,0.0,26.3599,107.8044,4.09,50,xenium_human_brain_cancer,7-12 genes
Contiguous Random,24,1,17,1,1,1,1,1.0,1.0,1.0,0.88,0.5,1,0.0,44.9495,164.0569,3.65,50,xenium_human_brain_cancer,>16 genes
Contiguous Random,24,2,8,1,1,1,1,0.6,0.5,0.3,0.32,0.36,1,0.0,27.1477,108.741,4.01,50,xenium_human_brain_cancer,7-12 genes
Contiguous Random,24,3,11,1,1,1,1,0.6,0.5,0.35,0.38,0.39,1,0.0,34.4758,118.944,3.45,50,xenium_human_brain_cancer,7-12 genes
Contiguous Random,24,4,19,1,1,1,1,1.0,1.0,1.0,0.7,0.38,1,0.0,45.9926,179.6853,3.91,50,xenium_human_brain_cancer,>16 genes
Contiguous Random,25,0,19,1,1,1,1,0.8,0.6,0.7,0.7,0.39,1,0.0,42.6885,162.5873,3.81,50,xenium_human_brain_cancer,>16 genes
Contiguous Random,25,1,14,1,1,1,1,0.8,1.0,0.85,0.74,0.44,1,0.0,38.8343,133.934,3.45,50,xenium_human_brain_cancer,13-16 genes
Contiguous Random,25,2,13,1,1,1,1,0.6,0.7,0.65,0.66,0.47,1,0.0,34.5189,128.7742,3.73,50,xenium_human_brain_cancer,13-16 genes
Contiguous Random,25,3,20,1,1,1,1,0.6,0.9,0.85,0.66,0.41,1,0.0,47.8154,170.4077,3.56,50,xenium_human_brain_cancer,>16 genes
Contiguous Random,25,4,9,1,1,1,1,0.0,0.0,0.0,0.0,0.0,1,0.0,25.9254,110.7345,4.27,50,xenium_human_brain_cancer,7-12 genes
Contiguous Random,26,0,14,1,1,1,1,0.0,0.0,0.0,0.0,0.0,1,0.0,38.401,133.5422,3.48,50,xenium_human_brain_cancer,13-16 genes
Contiguous Random,26,1,4,1,1,1,1,0.0,0.0,0.0,0.0,0.0,1,0.0,15.761,95.8137,6.08,50,xenium_human_brain_cancer,<=6 genes
Contiguous Random,26,2,16,1,1,1,1,0.0,0.0,0.0,0.0,0.0,1,0.0,38.2362,139.8869,3.66,50,xenium_human_brain_cancer,13-16 genes
Contiguous Random,26,3,6,1,1,1,1,0.0,0.0,0.0,0.0,0.0,1,0.0,20.0663,102.1033,5.09,50,xenium_human_brain_cancer,<=6 genes
Contiguous Random,26,4,11,1,1,1,1,0.0,0.0,0.0,0.1,0.05,1,0.0,32.6964,119.2755,3.65,50,xenium_human_brain_cancer,7-12 genes
Contiguous Random,27,0,12,0,0,0,0,0.4,0.2,0.25,0.38,0.32,4,0.01957,39.7648,133.5416,3.36,50,xenium_human_brain_cancer,7-12 genes
Contiguous Random,27,1,7,1,1,1,1,0.2,0.8,0.8,0.56,0.33,1,0.0,23.3776,105.3578,4.51,50,xenium_human_brain_cancer,7-12 genes
Contiguous Random,27,2,18,1,1,1,1,1.0,1.0,0.9,0.58,0.34,1,-1.4819464302581742e-06,42.5535,168.6965,3.96,50,xenium_human_brain_cancer,>16 genes
Contiguous Random,27,3,18,1,1,1,1,1.0,1.0,1.0,0.76,0.45,1,-4.676125107190565e-06,46.9424,171.2568,3.65,50,xenium_human_brain_cancer,>16 genes
Contiguous Random,27,4,20,1,1,1,1,1.0,1.0,1.0,0.7,0.46,1,2.073911956730623e-06,50.9335,186.7263,3.67,50,xenium_human_brain_cancer,>16 genes
Contiguous Random,28,0,19,1,1,1,1,0.0,0.0,0.0,0.08,0.04,1,0.0,46.2039,167.4923,3.63,50,xenium_human_brain_cancer,>16 genes
Contiguous Random,28,1,23,1,1,1,1,0.0,0.0,0.0,0.0,0.01,1,0.0,51.4203,213.0453,4.14,50,xenium_human_brain_cancer,>16 genes
Contiguous Random,28,2,10,1,1,1,1,0.0,0.0,0.0,0.02,0.03,1,0.0,30.3713,115.3088,3.8,50,xenium_human_brain_cancer,7-12 genes
Contiguous Random,28,3,15,1,1,1,1,0.0,0.0,0.0,0.0,0.0,1,0.0,37.8668,137.3574,3.63,50,xenium_human_brain_cancer,13-16 genes
Contiguous Random,28,4,7,1,1,1,1,0.0,0.0,0.05,0.02,0.01,1,0.0,26.2478,107.0339,4.08,50,xenium_human_brain_cancer,7-12 genes
Contiguous Random,29,0,4,1,1,1,1,0.0,0.0,0.0,0.0,0.0,1,0.0,18.404,96.4459,5.24,50,xenium_human_brain_cancer,<=6 genes
Contiguous Random,29,1,9,1,1,1,1,0.0,0.0,0.0,0.02,0.01,1,0.0,23.6735,111.589,4.71,50,xenium_human_brain_cancer,7-12 genes
Contiguous Random,29,2,4,1,1,1,1,0.0,0.0,0.0,0.0,0.0,1,0.0,16.4819,96.2036,5.84,50,xenium_human_brain_cancer,<=6 genes
Contiguous Random,29,3,11,1,1,1,1,0.0,0.0,0.0,0.0,0.0,1,0.0,33.061,121.5773,3.68,50,xenium_human_brain_cancer,7-12 genes
Contiguous Random,29,4,12,1,1,1,1,0.0,0.0,0.0,0.0,0.0,1,0.0,31.5045,122.4689,3.89,50,xenium_human_brain_cancer,7-12 genes
Contiguous Random,30,0,4,1,1,1,1,0.0,0.0,0.0,0.0,0.0,1,0.0,15.853,96.5993,6.09,50,xenium_human_brain_cancer,<=6 genes
Contiguous Random,30,1,5,1,1,1,1,0.0,0.0,0.0,0.0,0.0,1,0.0,18.5889,100.4339,5.4,50,xenium_human_brain_cancer,<=6 genes
Contiguous Random,30,2,5,1,1,1,1,0.0,0.0,0.0,0.0,0.0,1,0.0,18.9877,99.5981,5.25,50,xenium_human_brain_cancer,<=6 genes
Contiguous Random,30,3,5,1,1,1,1,0.0,0.0,0.0,0.0,0.0,1,0.0,19.7184,100.3433,5.09,50,xenium_human_brain_cancer,<=6 genes
Contiguous Random,30,4,7,1,1,1,1,0.0,0.0,0.0,0.0,0.0,1,0.0,22.9085,104.0799,4.54,50,xenium_human_brain_cancer,7-12 genes
Contiguous Random,31,0,7,1,1,1,1,1.0,1.0,1.0,0.74,0.44,1,3.0366653809617977e-06,23.7857,108.8594,4.58,50,xenium_human_brain_cancer,7-12 genes
Contiguous Random,31,1,11,1,1,1,1,0.4,0.7,0.5,0.5,0.49,1,0.0,31.4622,119.089,3.79,50,xenium_human_brain_cancer,7-12 genes
Contiguous Random,31,2,6,1,1,1,1,1.0,1.0,0.95,0.86,0.49,1,-1.882185451424108e-06,21.6769,102.6233,4.73,50,xenium_human_brain_cancer,<=6 genes
Contiguous Random,31,3,14,1,1,1,1,1.0,1.0,0.95,0.6,0.41,1,2.227836763064698e-06,38.5176,132.6598,3.44,50,xenium_human_brain_cancer,13-16 genes
Contiguous Random,31,4,10,1,1,1,1,1.0,0.9,1.0,0.72,0.41,1,1.982281577738755e-06,30.7295,114.3137,3.72,50,xenium_human_brain_cancer,7-12 genes
Contiguous Random,32,0,7,1,1,1,1,0.8,1.0,1.0,0.92,0.47,1,0.0,23.1471,106.6383,4.61,50,xenium_human_brain_cancer,7-12 genes
Contiguous Random,32,1,10,1,1,1,1,0.8,1.0,1.0,0.82,0.42,1,0.0,29.063,113.1765,3.89,50,xenium_human_brain_cancer,7-12 genes
Contiguous Random,32,2,14,1,1,1,1,0.8,1.0,1.0,0.84,0.45,1,0.0,38.7287,133.8702,3.46,50,xenium_human_brain_cancer,13-16 genes
Contiguous Random,32,3,8,1,1,1,1,1.0,0.7,0.6,0.56,0.44,1,0.0,25.7538,108.9254,4.23,50,xenium_human_brain_cancer,7-12 genes
Contiguous Random,32,4,9,1,1,1,1,0.8,1.0,1.0,0.84,0.43,1,0.0,27.4293,109.6559,4.0,50,xenium_human_brain_cancer,7-12 genes
Contiguous Random,33,0,4,1,1,1,1,0.0,0.0,0.0,0.0,0.0,1,0.0,18.6631,96.9119,5.19,50,xenium_human_brain_cancer,<=6 genes
Contiguous Random,33,1,13,1,1,1,1,0.0,0.0,0.0,0.0,0.0,1,0.0,36.5041,127.8448,3.5,50,xenium_human_brain_cancer,13-16 genes
Contiguous Random,33,2,5,1,1,1,1,0.0,0.0,0.0,0.0,0.0,1,0.0,19.6523,100.8772,5.13,50,xenium_human_brain_cancer,<=6 genes
Contiguous Random,33,3,7,1,1,1,1,0.0,0.0,0.0,0.0,0.0,1,0.0,24.1137,105.8177,4.39,50,xenium_human_brain_cancer,7-12 genes
Contiguous Random,33,4,8,1,1,1,1,0.0,0.0,0.0,0.0,0.0,1,0.0,26.4672,107.9996,4.08,50,xenium_human_brain_cancer,7-12 genes
Contiguous Random,34,0,16,1,1,1,1,1.0,1.0,1.0,0.9,0.47,1,-9.229278563616106e-07,42.5947,154.7044,3.63,50,xenium_human_brain_cancer,13-16 genes
Contiguous Random,34,1,12,1,1,1,1,0.8,0.9,0.95,0.78,0.5,1,1.588166353982956e-07,35.3759,134.2826,3.8,50,xenium_human_brain_cancer,7-12 genes
Contiguous Random,34,2,14,1,1,1,1,1.0,1.0,1.0,0.92,0.48,1,-1.02797867240767e-06,40.7954,145.5049,3.57,50,xenium_human_brain_cancer,13-16 genes
Contiguous Random,34,3,19,1,1,1,1,0.6,0.8,0.9,0.86,0.49,1,3.953257960986889e-07,49.4441,179.8839,3.64,50,xenium_human_brain_cancer,>16 genes
Contiguous Random,34,4,5,1,1,1,1,0.4,0.3,0.35,0.34,0.29,1,0.0,20.2329,100.4717,4.97,50,xenium_human_brain_cancer,<=6 genes
Contiguous Random,35,0,14,1,1,1,1,0.0,0.0,0.0,0.0,0.01,1,0.0,41.7457,136.9515,3.28,50,xenium_human_brain_cancer,13-16 genes
Contiguous Random,35,1,6,1,1,1,1,0.0,0.0,0.0,0.0,0.0,1,0.0,20.8489,102.8843,4.93,50,xenium_human_brain_cancer,<=6 genes
Contiguous Random,35,2,5,1,1,1,1,0.0,0.0,0.0,0.0,0.0,1,0.0,19.4878,100.3625,5.15,50,xenium_human_brain_cancer,<=6 genes
Contiguous Random,35,3,15,1,1,1,1,0.0,0.0,0.0,0.02,0.02,1,0.0,42.6617,139.7353,3.28,50,xenium_human_brain_cancer,13-16 genes
Contiguous Random,35,4,8,1,1,1,1,0.0,0.0,0.0,0.0,0.0,1,0.0,26.6607,109.6533,4.11,50,xenium_human_brain_cancer,7-12 genes
Contiguous Random,36,0,25,1,1,1,1,1.0,1.0,1.0,0.96,0.49,1,4.4258117676276854e-07,55.6066,229.8975,4.13,50,xenium_human_brain_cancer,>16 genes
Contiguous Random,36,1,16,1,1,1,1,0.6,0.6,0.65,0.68,0.48,1,0.0,43.3366,154.6465,3.57,50,xenium_human_brain_cancer,13-16 genes
Contiguous Random,36,2,27,1,1,1,1,1.0,1.0,1.0,0.9,0.49,1,3.5190190409983835e-06,59.4465,255.7475,4.3,50,xenium_human_brain_cancer,>16 genes
Contiguous Random,36,3,22,1,1,1,1,1.0,0.9,0.95,0.98,0.5,1,1.7778112123834069e-06,54.3736,203.6986,3.75,50,xenium_human_brain_cancer,>16 genes
Contiguous Random,36,4,14,1,1,1,1,1.0,1.0,1.0,0.94,0.5,1,2.262897714285992e-06,45.2674,147.9414,3.27,50,xenium_human_brain_cancer,13-16 genes
Contiguous Random,37,0,4,1,1,1,1,0.6,0.6,0.6,0.52,0.28,1,0.0,15.8624,96.3429,6.07,50,xenium_human_brain_cancer,<=6 genes
Contiguous Random,37,1,14,1,1,1,1,1.0,0.9,0.75,0.58,0.41,1,0.0,38.6337,133.0232,3.44,50,xenium_human_brain_cancer,13-16 genes
Contiguous Random,37,2,8,1,1,1,1,0.6,0.5,0.5,0.5,0.3,1,0.0,23.8923,107.0539,4.48,50,xenium_human_brain_cancer,7-12 genes
Contiguous Random,37,3,4,1,1,1,1,0.0,0.0,0.0,0.0,0.0,1,0.0,15.858,96.0368,6.06,50,xenium_human_brain_cancer,<=6 genes
Contiguous Random,37,4,16,1,1,1,1,1.0,0.7,0.65,0.6,0.44,1,0.0,38.1794,141.3753,3.7,50,xenium_human_brain_cancer,13-16 genes
Contiguous Random,38,0,14,1,1,1,1,0.0,0.0,0.0,0.0,0.0,1,0.0,38.6134,135.6245,3.51,50,xenium_human_brain_cancer,13-16 genes
Contiguous Random,38,1,6,1,1,1,1,0.0,0.0,0.0,0.0,0.0,1,0.0,20.126,101.8175,5.06,50,xenium_human_brain_cancer,<=6 genes
Contiguous Random,38,2,12,1,1,1,1,0.0,0.0,0.0,0.0,0.0,1,0.0,34.9798,125.8436,3.6,50,xenium_human_brain_cancer,7-12 genes
Contiguous Random,38,3,12,1,1,1,1,0.0,0.0,0.0,0.0,0.0,1,0.0,29.4789,122.691,4.16,50,xenium_human_brain_cancer,7-12 genes
Contiguous Random,38,4,5,1,1,1,1,0.0,0.0,0.0,0.04,0.04,1,0.0,17.2063,100.5707,5.84,50,xenium_human_brain_cancer,<=6 genes
Contiguous Random,39,0,9,1,1,1,1,0.6,0.6,0.5,0.52,0.38,1,0.0,31.8328,112.6636,3.54,50,xenium_human_brain_cancer,7-12 genes
Contiguous Random,39,1,6,1,1,1,1,0.4,0.6,0.5,0.42,0.37,1,0.0,22.2713,103.973,4.67,50,xenium_human_brain_cancer,<=6 genes
Contiguous Random,39,2,22,1,1,1,1,0.8,0.7,0.65,0.58,0.43,1,0.0,49.961,181.3018,3.63,50,xenium_human_brain_cancer,>16 genes
Contiguous Random,39,3,18,1,1,1,1,0.4,0.6,0.6,0.54,0.38,1,0.0,48.8544,156.9898,3.21,50,xenium_human_brain_cancer,>16 genes
Contiguous Random,39,4,6,1,1,1,1,0.0,0.0,0.0,0.0,0.0,1,0.0,25.4794,102.4863,4.02,50,xenium_human_brain_cancer,<=6 genes
Contiguous Random,40,0,9,1,1,1,1,0.0,0.0,0.0,0.02,0.01,1,0.0,26.914,112.6871,4.19,50,xenium_human_brain_cancer,7-12 genes
Contiguous Random,40,1,9,1,1,1,1,0.2,0.5,0.5,0.46,0.3,1,0.0,29.4751,111.847,3.79,50,xenium_human_brain_cancer,7-12 genes
Contiguous Random,40,2,14,1,1,1,1,0.2,0.4,0.5,0.44,0.34,1,0.0,37.8794,133.5618,3.53,50,xenium_human_brain_cancer,13-16 genes
Contiguous Random,40,3,14,1,1,1,1,0.2,0.4,0.5,0.44,0.34,1,0.0,37.926,135.2716,3.57,50,xenium_human_brain_cancer,13-16 genes
Contiguous Random,40,4,9,1,1,1,1,0.4,0.5,0.5,0.48,0.34,1,0.0,30.058,112.6221,3.75,50,xenium_human_brain_cancer,7-12 genes
Contiguous Random,41,0,13,1,1,1,1,0.0,0.0,0.0,0.0,0.0,1,0.0,35.5579,128.1804,3.6,50,xenium_human_brain_cancer,13-16 genes
Contiguous Random,41,1,7,1,1,1,1,0.0,0.0,0.0,0.0,0.0,1,0.0,23.038,105.5878,4.58,50,xenium_human_brain_cancer,7-12 genes
Contiguous Random,41,2,16,1,1,1,1,0.0,0.0,0.0,0.0,0.0,1,0.0,38.1209,140.8336,3.69,50,xenium_human_brain_cancer,13-16 genes
Contiguous Random,41,3,10,1,1,1,1,0.0,0.0,0.0,0.0,0.02,1,0.0,26.4315,114.0668,4.32,50,xenium_human_brain_cancer,7-12 genes
Contiguous Random,41,4,6,1,1,1,1,0.0,0.0,0.0,0.0,0.0,1,0.0,20.5955,102.0868,4.96,50,xenium_human_brain_cancer,<=6 genes
Contiguous Random,42,0,20,1,1,1,1,0.2,0.3,0.4,0.4,0.39,1,0.0,48.9119,172.5705,3.53,50,xenium_human_brain_cancer,>16 genes
Contiguous Random,42,1,15,0,0,0,0,0.0,0.2,0.3,0.34,0.31,2,0.00313,40.578,137.76,3.39,50,xenium_human_brain_cancer,13-16 genes
Contiguous Random,42,2,29,1,1,1,1,0.6,0.7,0.7,0.78,0.5,1,0.0,57.4852,274.9487,4.78,50,xenium_human_brain_cancer,>16 genes
Contiguous Random,42,3,19,1,1,1,1,0.6,0.6,0.65,0.52,0.39,1,0.0,46.7143,164.9042,3.53,50,xenium_human_brain_cancer,>16 genes
Contiguous Random,42,4,22,1,1,1,1,0.2,0.3,0.5,0.46,0.42,1,0.0,50.2667,186.5251,3.71,50,xenium_human_brain_cancer,>16 genes
Contiguous Random,43,0,12,1,1,1,1,0.6,0.7,0.5,0.38,0.29,1,0.0,33.9482,124.7728,3.68,50,xenium_human_brain_cancer,7-12 genes
Contiguous Random,43,1,17,1,1,1,1,0.4,0.6,0.6,0.54,0.37,1,0.0,42.8391,152.4552,3.56,50,xenium_human_brain_cancer,>16 genes
Contiguous Random,43,2,13,1,1,1,1,0.0,0.0,0.0,0.0,0.0,1,0.0,34.8939,127.3911,3.65,50,xenium_human_brain_cancer,13-16 genes
Contiguous Random,43,3,6,1,1,1,1,0.2,0.1,0.1,0.04,0.02,1,0.0,21.0989,114.3205,5.42,50,xenium_human_brain_cancer,<=6 genes
Contiguous Random,43,4,18,1,1,1,1,0.6,0.8,0.7,0.4,0.32,1,0.0,42.7813,154.9565,3.62,50,xenium_human_brain_cancer,>16 genes
Contiguous Random,44,0,13,1,1,1,1,0.4,0.7,0.75,0.82,0.5,1,-2.8899737309108497e-06,40.5925,156.554,3.86,50,xenium_human_brain_cancer,13-16 genes
Contiguous Random,44,1,13,1,1,1,1,1.0,1.0,1.0,0.74,0.41,1,-8.883281188750564e-07,41.279,129.3693,3.13,50,xenium_human_brain_cancer,13-16 genes
Contiguous Random,44,2,21,1,1,1,1,1.0,1.0,1.0,0.98,0.5,1,3.332246938381189e-06,51.3617,194.5939,3.79,50,xenium_human_brain_cancer,>16 genes
Contiguous Random,44,3,22,1,1,1,1,0.8,0.9,0.9,0.92,0.49,1,-2.435272067113914e-06,49.4599,202.9748,4.1,50,xenium_human_brain_cancer,>16 genes
Contiguous Random,44,4,5,1,1,1,1,0.8,0.6,0.75,0.7,0.43,1,0.0,18.3844,101.0145,5.49,50,xenium_human_brain_cancer,<=6 genes
Contiguous Random,45,0,13,1,1,1,1,0.0,0.0,0.0,0.0,0.0,1,0.0,36.056,128.0964,3.55,50,xenium_human_brain_cancer,13-16 genes
Contiguous Random,45,1,13,1,1,1,1,0.0,0.0,0.0,0.0,0.0,1,0.0,32.4216,127.1836,3.92,50,xenium_human_brain_cancer,13-16 genes
Contiguous Random,45,2,8,1,1,1,1,0.0,0.0,0.0,0.0,0.04,1,0.0,25.7539,125.3356,4.87,50,xenium_human_brain_cancer,7-12 genes
Contiguous Random,45,3,18,1,1,1,1,0.0,0.0,0.0,0.0,0.02,1,0.0,43.6391,156.0465,3.58,50,xenium_human_brain_cancer,>16 genes
Contiguous Random,45,4,15,1,1,1,1,0.0,0.0,0.05,0.02,0.01,1,0.0,38.0822,137.7648,3.62,50,xenium_human_brain_cancer,13-16 genes
Contiguous Random,46,0,22,1,1,1,1,0.6,0.7,0.55,0.68,0.48,1,0.0,48.3682,181.3836,3.75,50,xenium_human_brain_cancer,>16 genes
Contiguous Random,46,1,18,1,1,1,1,0.6,0.6,0.5,0.62,0.46,1,0.0,44.657,156.5061,3.5,50,xenium_human_brain_cancer,>16 genes
Contiguous Random,46,2,12,1,1,1,1,0.4,0.7,0.5,0.62,0.5,1,0.0,33.1733,122.0411,3.68,50,xenium_human_brain_cancer,7-12 genes
Contiguous Random,46,3,7,1,1,1,1,0.0,0.0,0.0,0.0,0.0,1,0.0,22.5702,108.1306,4.79,50,xenium_human_brain_cancer,7-12 genes
Contiguous Random,46,4,6,1,1,1,1,0.0,0.0,0.0,0.0,0.0,1,0.0,22.3719,101.6483,4.54,50,xenium_human_brain_cancer,<=6 genes
Contiguous Random,47,0,16,1,1,1,1,1.0,1.0,1.0,0.84,0.45,1,-1.6496172547345728e-06,42.4041,141.6023,3.34,50,xenium_human_brain_cancer,13-16 genes
Contiguous Random,47,1,9,1,1,1,1,1.0,0.9,0.95,0.94,0.49,1,-2.199489672978852e-06,29.5544,114.1528,3.86,50,xenium_human_brain_cancer,7-12 genes
Contiguous Random,47,2,5,1,1,1,1,0.8,0.5,0.45,0.48,0.29,1,0.0,18.2865,100.177,5.48,50,xenium_human_brain_cancer,<=6 genes
Contiguous Random,47,3,9,1,1,1,1,1.0,1.0,1.0,0.94,0.47,1,0.0,29.587,110.4159,3.73,50,xenium_human_brain_cancer,7-12 genes
Contiguous Random,47,4,14,1,1,1,1,1.0,0.9,1.0,0.9,0.46,1,0.0,38.0526,132.3354,3.48,50,xenium_human_brain_cancer,13-16 genes
Contiguous Random,48,0,14,1,1,1,1,0.0,0.0,0.0,0.0,0.0,1,0.0,37.5549,133.5215,3.56,50,xenium_human_brain_cancer,13-16 genes
Contiguous Random,48,1,14,1,1,1,1,0.0,0.0,0.0,0.0,0.0,1,0.0,36.3785,132.9584,3.65,50,xenium_human_brain_cancer,13-16 genes
Contiguous Random,48,2,15,1,1,1,1,0.0,0.0,0.05,0.02,0.01,1,0.0,38.1866,137.3419,3.6,50,xenium_human_brain_cancer,13-16 genes
Contiguous Random,48,3,14,1,1,1,1,0.0,0.0,0.0,0.0,0.0,1,0.0,37.5207,131.4678,3.5,50,xenium_human_brain_cancer,13-16 genes
Contiguous Random,48,4,9,1,1,1,1,0.0,0.0,0.0,0.0,0.0,1,0.0,26.9096,110.1335,4.09,50,xenium_human_brain_cancer,7-12 genes
Contiguous Random,49,0,10,1,1,1,1,0.0,0.0,0.0,0.0,0.0,1,0.0,30.8409,117.3084,3.8,50,xenium_human_brain_cancer,7-12 genes
Contiguous Random,49,1,10,1,1,1,1,0.0,0.0,0.0,0.0,0.0,1,0.0,30.7606,115.5583,3.76,50,xenium_human_brain_cancer,7-12 genes
Contiguous Random,49,2,15,1,1,1,1,0.0,0.0,0.0,0.0,0.0,1,0.0,37.6737,140.0884,3.72,50,xenium_human_brain_cancer,13-16 genes
Contiguous Random,49,3,13,1,1,1,1,0.0,0.0,0.0,0.0,0.0,1,0.0,37.7182,127.7172,3.39,50,xenium_human_brain_cancer,13-16 genes
Contiguous Random,49,4,10,1,1,1,1,0.0,0.0,0.0,0.0,0.0,1,0.0,30.3162,113.9562,3.76,50,xenium_human_brain_cancer,7-12 genes
Non-Contiguous Random,0,0,8,1,1,1,1,0.0,0.0,0.0,0.0,0.0,1,0.0,24.9656,107.9443,4.32,50,xenium_human_brain_cancer,7-12 genes
Non-Contiguous Random,0,1,14,1,1,1,1,0.0,0.0,0.0,0.0,0.0,1,0.0,39.253,132.2652,3.37,50,xenium_human_brain_cancer,13-16 genes
Non-Contiguous Random,0,2,10,1,1,1,1,0.0,0.0,0.0,0.0,0.0,1,0.0,31.3859,114.4148,3.65,50,xenium_human_brain_cancer,7-12 genes
Non-Contiguous Random,0,3,6,1,1,1,1,0.0,0.0,0.0,0.0,0.0,1,0.0,21.0838,101.677,4.82,50,xenium_human_brain_cancer,<=6 genes
Non-Contiguous Random,0,4,7,1,1,1,1,0.0,0.0,0.0,0.02,0.01,1,0.0,23.869,104.9927,4.4,50,xenium_human_brain_cancer,7-12 genes
Non-Contiguous Random,1,0,23,1,1,1,1,0.6,0.9,0.75,0.64,0.48,1,0.0,51.7562,199.3091,3.85,50,xenium_human_brain_cancer,>16 genes
Non-Contiguous Random,1,1,26,1,1,1,1,1.0,1.0,0.9,0.52,0.33,1,4.256933853382869e-06,55.2618,248.0173,4.49,50,xenium_human_brain_cancer,>16 genes
Non-Contiguous Random,1,2,27,1,1,1,1,0.8,0.7,0.55,0.6,0.49,1,0.0,55.3095,253.2654,4.58,50,xenium_human_brain_cancer,>16 genes
Non-Contiguous Random,1,3,6,1,1,1,1,0.2,0.3,0.4,0.2,0.26,1,0.0,21.7487,102.4704,4.71,50,xenium_human_brain_cancer,<=6 genes
Non-Contiguous Random,1,4,18,1,1,1,1,0.6,0.6,0.5,0.52,0.32,1,0.0,48.2427,158.9424,3.29,50,xenium_human_brain_cancer,>16 genes
Non-Contiguous Random,2,0,11,1,1,1,1,0.0,0.0,0.0,0.0,0.01,1,0.0,32.0719,121.8669,3.8,50,xenium_human_brain_cancer,7-12 genes
Non-Contiguous Random,2,1,15,1,1,1,1,0.0,0.0,0.0,0.0,0.0,1,0.0,37.1344,153.0262,4.12,50,xenium_human_brain_cancer,13-16 genes
Non-Contiguous Random,2,2,13,1,1,1,1,0.0,0.0,0.0,0.0,0.0,1,0.0,35.4006,139.5047,3.94,50,xenium_human_brain_cancer,13-16 genes
Non-Contiguous Random,2,3,10,1,1,1,1,0.0,0.0,0.0,0.0,0.0,1,0.0,30.8755,116.0622,3.76,50,xenium_human_brain_cancer,7-12 genes
Non-Contiguous Random,2,4,7,1,1,1,1,0.0,0.0,0.0,0.0,0.0,1,0.0,22.8742,106.2863,4.65,50,xenium_human_brain_cancer,7-12 genes
Non-Contiguous Random,3,0,12,1,1,1,1,0.0,0.0,0.0,0.0,0.0,1,0.0,37.7451,125.3769,3.32,50,xenium_human_brain_cancer,7-12 genes
Non-Contiguous Random,3,1,6,1,1,1,1,0.0,0.0,0.0,0.0,0.0,1,0.0,22.7433,102.291,4.5,50,xenium_human_brain_cancer,<=6 genes
Non-Contiguous Random,3,2,18,1,1,1,1,0.0,0.0,0.0,0.02,0.02,1,0.0,42.8079,155.494,3.63,50,xenium_human_brain_cancer,>16 genes
Non-Contiguous Random,3,3,14,1,1,1,1,0.0,0.0,0.0,0.0,0.0,1,0.0,42.7057,134.727,3.15,50,xenium_human_brain_cancer,13-16 genes
Non-Contiguous Random,3,4,10,1,1,1,1,0.4,0.8,0.8,0.72,0.36,1,0.0,32.2801,115.3672,3.57,50,xenium_human_brain_cancer,7-12 genes
Non-Contiguous Random,4,0,20,1,1,1,1,0.4,0.5,0.65,0.56,0.43,1,0.0,49.0516,168.4062,3.43,50,xenium_human_brain_cancer,>16 genes
Non-Contiguous Random,4,1,5,1,1,1,1,0.2,0.2,0.35,0.38,0.26,1,0.0,20.7934,100.4909,4.83,50,xenium_human_brain_cancer,<=6 genes
Non-Contiguous Random,4,2,16,1,1,1,1,0.6,0.6,0.6,0.54,0.43,1,0.0,45.7029,142.6815,3.12,50,xenium_human_brain_cancer,13-16 genes
Non-Contiguous Random,4,3,12,1,1,1,1,0.6,0.5,0.55,0.54,0.35,1,0.0,39.4934,125.2909,3.17,50,xenium_human_brain_cancer,7-12 genes
Non-Contiguous Random,4,4,17,1,1,1,1,0.6,0.6,0.6,0.52,0.41,1,0.0,45.4978,150.5307,3.31,50,xenium_human_brain_cancer,>16 genes
Non-Contiguous Random,5,0,14,1,1,1,1,0.8,0.7,0.7,0.68,0.42,1,0.0,34.7646,133.3511,3.84,50,xenium_human_brain_cancer,13-16 genes
Non-Contiguous Random,5,1,23,1,1,1,1,0.8,0.9,0.8,0.76,0.48,1,0.0,52.778,201.5526,3.82,50,xenium_human_brain_cancer,>16 genes
Non-Contiguous Random,5,2,21,1,1,1,1,1.0,0.9,0.95,0.8,0.5,1,0.0,48.9265,177.8295,3.63,50,xenium_human_brain_cancer,>16 genes
Non-Contiguous Random,5,3,15,1,1,1,1,0.8,0.8,0.8,0.66,0.46,1,0.0,43.2601,139.0378,3.21,50,xenium_human_brain_cancer,13-16 genes
Non-Contiguous Random,5,4,20,1,1,1,1,1.0,0.8,0.65,0.64,0.4,1,8.829499956210241e-07,48.4101,170.9168,3.53,50,xenium_human_brain_cancer,>16 genes
Non-Contiguous Random,6,0,11,1,1,1,1,0.0,0.0,0.0,0.0,0.0,1,0.0,32.5676,120.5491,3.7,50,xenium_human_brain_cancer,7-12 genes
Non-Contiguous Random,6,1,7,1,1,1,1,0.0,0.0,0.0,0.0,0.0,1,0.0,22.9562,107.6681,4.69,50,xenium_human_brain_cancer,7-12 genes
Non-Contiguous Random,6,2,10,1,1,1,1,0.0,0.0,0.0,0.02,0.03,1,0.0,26.7399,113.8263,4.26,50,xenium_human_brain_cancer,7-12 genes
Non-Contiguous Random,6,3,12,1,1,1,1,0.0,0.0,0.0,0.0,0.0,1,0.0,34.4887,123.4951,3.58,50,xenium_human_brain_cancer,7-12 genes
Non-Contiguous Random,6,4,15,1,1,1,1,0.0,0.0,0.0,0.04,0.02,1,0.0,40.8072,138.7964,3.4,50,xenium_human_brain_cancer,13-16 genes
Non-Contiguous Random,7,0,11,1,1,1,1,1.0,1.0,1.0,0.78,0.4,1,-1.1810849220887309e-06,35.8473,120.9844,3.37,50,xenium_human_brain_cancer,7-12 genes
Non-Contiguous Random,7,1,18,1,1,1,1,1.0,0.9,1.0,0.66,0.37,1,2.022578387940368e-06,43.2841,156.1584,3.61,50,xenium_human_brain_cancer,>16 genes
Non-Contiguous Random,7,2,8,1,1,1,1,0.6,0.7,0.6,0.6,0.5,1,0.0,25.4754,108.7068,4.27,50,xenium_human_brain_cancer,7-12 genes
Non-Contiguous Random,7,3,10,1,1,1,1,0.0,0.0,0.0,0.0,0.0,1,0.0,29.1953,114.2187,3.91,50,xenium_human_brain_cancer,7-12 genes
Non-Contiguous Random,7,4,16,1,1,1,1,1.0,1.0,1.0,0.72,0.37,1,1.0300138592721914e-06,38.7538,139.8003,3.61,50,xenium_human_brain_cancer,13-16 genes
Non-Contiguous Random,8,0,17,1,1,1,1,1.0,1.0,0.9,0.48,0.28,1,-1.7630100752393657e-06,45.6756,150.9178,3.3,50,xenium_human_brain_cancer,>16 genes
Non-Contiguous Random,8,1,17,1,1,1,1,0.8,0.8,0.75,0.56,0.42,1,0.0,44.838,150.3991,3.35,50,xenium_human_brain_cancer,>16 genes
Non-Contiguous Random,8,2,21,1,1,1,1,1.0,0.9,0.7,0.48,0.31,1,-2.830609834025833e-07,51.17,176.1873,3.44,50,xenium_human_brain_cancer,>16 genes
Non-Contiguous Random,8,3,15,1,1,1,1,0.4,0.5,0.55,0.6,0.39,1,0.0,40.2785,139.1005,3.45,50,xenium_human_brain_cancer,13-16 genes
Non-Contiguous Random,8,4,21,1,1,1,1,0.6,0.8,0.65,0.62,0.4,1,0.0,49.7373,176.8341,3.56,50,xenium_human_brain_cancer,>16 genes
Non-Contiguous Random,9,0,16,1,1,1,1,0.0,0.0,0.0,0.0,0.0,1,0.0,41.1719,143.029,3.47,50,xenium_human_brain_cancer,13-16 genes
Non-Contiguous Random,9,1,14,1,1,1,1,0.0,0.0,0.0,0.0,0.0,1,0.0,37.9975,132.3185,3.48,50,xenium_human_brain_cancer,13-16 genes
Non-Contiguous Random,9,2,10,1,1,1,1,0.0,0.0,0.0,0.0,0.0,1,0.0,29.7856,115.7693,3.89,50,xenium_human_brain_cancer,7-12 genes
Non-Contiguous Random,9,3,12,1,1,1,1,0.0,0.0,0.0,0.0,0.0,1,0.0,32.841,122.6963,3.74,50,xenium_human_brain_cancer,7-12 genes
Non-Contiguous Random,9,4,11,1,1,1,1,0.0,0.0,0.0,0.0,0.0,1,0.0,34.3032,120.9042,3.52,50,xenium_human_brain_cancer,7-12 genes
Non-Contiguous Random,10,0,5,1,1,1,1,0.0,0.0,0.0,0.0,0.0,1,0.0,19.631,101.1988,5.16,50,xenium_human_brain_cancer,<=6 genes
Non-Contiguous Random,10,1,15,1,1,1,1,0.0,0.0,0.0,0.0,0.0,1,0.0,41.6715,138.002,3.31,50,xenium_human_brain_cancer,13-16 genes
Non-Contiguous Random,10,2,11,1,1,1,1,0.0,0.0,0.0,0.0,0.0,1,0.0,32.8918,119.9522,3.65,50,xenium_human_brain_cancer,7-12 genes
Non-Contiguous Random,10,3,8,1,1,1,1,0.0,0.0,0.0,0.02,0.01,1,0.0,25.7108,108.4067,4.22,50,xenium_human_brain_cancer,7-12 genes
Non-Contiguous Random,10,4,11,1,1,1,1,0.0,0.0,0.0,0.02,0.01,1,0.0,33.3192,119.9175,3.6,50,xenium_human_brain_cancer,7-12 genes
Non-Contiguous Random,11,0,17,1,1,1,1,0.8,0.7,0.8,0.56,0.36,1,0.0,49.6418,152.5916,3.07,50,xenium_human_brain_cancer,>16 genes
Non-Contiguous Random,11,1,14,1,1,1,1,0.6,0.7,0.75,0.62,0.39,1,0.0,43.2439,135.2434,3.13,50,xenium_human_brain_cancer,13-16 genes
Non-Contiguous Random,11,2,6,1,1,1,1,0.0,0.0,0.0,0.0,0.0,1,0.0,20.6735,102.9565,4.98,50,xenium_human_brain_cancer,<=6 genes
Non-Contiguous Random,11,3,16,1,1,1,1,0.4,0.7,0.65,0.56,0.37,1,0.0,45.0478,142.8722,3.17,50,xenium_human_brain_cancer,13-16 genes
Non-Contiguous Random,11,4,14,1,1,1,1,1.0,1.0,0.85,0.68,0.42,1,0.0,37.1705,134.308,3.61,50,xenium_human_brain_cancer,13-16 genes
Non-Contiguous Random,12,0,7,1,1,1,1,0.0,0.0,0.0,0.1,0.05,1,0.0,22.5975,106.8129,4.73,50,xenium_human_brain_cancer,7-12 genes
Non-Contiguous Random,12,1,4,1,1,1,1,0.0,0.0,0.0,0.0,0.0,1,0.0,15.1366,96.1383,6.35,50,xenium_human_brain_cancer,<=6 genes
Non-Contiguous Random,12,2,9,1,1,1,1,0.0,0.5,0.4,0.36,0.35,1,0.0,29.3996,110.723,3.77,50,xenium_human_brain_cancer,7-12 genes
Non-Contiguous Random,12,3,9,1,1,1,1,0.2,0.7,0.55,0.62,0.39,1,0.0,26.4041,111.3635,4.22,50,xenium_human_brain_cancer,7-12 genes
Non-Contiguous Random,12,4,13,1,1,1,1,0.0,0.0,0.0,0.0,0.0,1,0.0,37.322,128.7749,3.45,50,xenium_human_brain_cancer,13-16 genes
Non-Contiguous Random,13,0,8,1,1,1,1,0.6,0.6,0.65,0.66,0.37,1,0.0,25.6115,109.2441,4.27,50,xenium_human_brain_cancer,7-12 genes
Non-Contiguous Random,13,1,9,1,1,1,1,0.2,0.5,0.6,0.64,0.41,1,0.0,27.2305,111.1562,4.08,50,xenium_human_brain_cancer,7-12 genes
Non-Contiguous Random,13,2,13,1,1,1,1,0.0,0.0,0.0,0.0,0.0,1,0.0,32.136,127.5148,3.97,50,xenium_human_brain_cancer,13-16 genes
Non-Contiguous Random,13,3,14,1,1,1,1,0.0,0.0,0.0,0.0,0.0,1,0.0,38.0167,132.2625,3.48,50,xenium_human_brain_cancer,13-16 genes
Non-Contiguous Random,13,4,13,1,1,1,1,1.0,0.8,0.85,0.62,0.36,1,0.0,37.0437,128.0145,3.46,50,xenium_human_brain_cancer,13-16 genes
Non-Contiguous Random,14,0,22,1,1,1,1,0.8,0.7,0.75,0.66,0.47,1,-4.333094407111063e-07,50.3916,229.9573,4.56,50,xenium_human_brain_cancer,>16 genes
Non-Contiguous Random,14,1,17,1,1,1,1,0.0,0.0,0.0,0.06,0.03,1,0.0,42.8395,149.3199,3.49,50,xenium_human_brain_cancer,>16 genes
Non-Contiguous Random,14,2,13,1,1,1,1,0.0,0.0,0.0,0.0,0.0,1,0.0,34.6915,127.6034,3.68,50,xenium_human_brain_cancer,13-16 genes
Non-Contiguous Random,14,3,11,1,1,1,1,0.0,0.0,0.0,0.0,0.0,1,0.0,34.5612,142.1624,4.11,50,xenium_human_brain_cancer,7-12 genes
Non-Contiguous Random,14,4,8,1,1,1,1,0.0,0.0,0.0,0.0,0.0,1,0.0,26.7204,108.0205,4.04,50,xenium_human_brain_cancer,7-12 genes
Non-Contiguous Random,15,0,10,1,1,1,1,0.0,0.0,0.0,0.0,0.01,1,0.0,30.0509,116.1245,3.86,50,xenium_human_brain_cancer,7-12 genes
Non-Contiguous Random,15,1,9,1,1,1,1,0.0,0.0,0.0,0.06,0.06,1,0.0,27.8573,112.1825,4.03,50,xenium_human_brain_cancer,7-12 genes
Non-Contiguous Random,15,2,16,1,1,1,1,0.6,0.7,0.75,0.72,0.43,1,0.0,41.0715,142.7407,3.48,50,xenium_human_brain_cancer,13-16 genes
Non-Contiguous Random,15,3,5,1,1,1,1,0.0,0.0,0.0,0.0,0.0,1,0.0,17.711,101.7175,5.74,50,xenium_human_brain_cancer,<=6 genes
Non-Contiguous Random,15,4,15,1,1,1,1,0.4,0.7,0.75,0.72,0.42,1,0.0,42.4272,140.4494,3.31,50,xenium_human_brain_cancer,13-16 genes
Non-Contiguous Random,16,0,10,1,1,1,1,0.4,0.3,0.35,0.3,0.24,1,0.0,32.2097,115.4449,3.58,50,xenium_human_brain_cancer,7-12 genes
Non-Contiguous Random,16,1,11,1,1,1,1,0.4,0.4,0.5,0.44,0.33,1,0.0,34.1182,120.2731,3.53,50,xenium_human_brain_cancer,7-12 genes
Non-Contiguous Random,16,2,11,1,1,1,1,0.4,0.4,0.5,0.42,0.32,1,0.0,33.9046,121.0417,3.57,50,xenium_human_brain_cancer,7-12 genes
Non-Contiguous Random,16,3,13,1,1,1,1,0.4,0.4,0.55,0.42,0.37,1,0.0,39.3221,129.1337,3.28,50,xenium_human_brain_cancer,13-16 genes
Non-Contiguous Random,16,4,10,1,1,1,1,0.6,0.4,0.55,0.38,0.24,1,0.0,27.4464,114.1143,4.16,50,xenium_human_brain_cancer,7-12 genes
Non-Contiguous Random,17,0,11,1,1,1,1,0.0,0.0,0.0,0.0,0.0,1,0.0,32.5129,120.6186,3.71,50,xenium_human_brain_cancer,7-12 genes
Non-Contiguous Random,17,1,14,1,1,1,1,0.0,0.0,0.0,0.0,0.0,1,0.0,36.7765,132.3686,3.6,50,xenium_human_brain_cancer,13-16 genes
Non-Contiguous Random,17,2,9,1,1,1,1,0.0,0.0,0.0,0.04,0.02,1,0.0,26.1524,109.6369,4.19,50,xenium_human_brain_cancer,7-12 genes
Non-Contiguous Random,17,3,9,1,1,1,1,0.0,0.0,0.0,0.0,0.0,1,0.0,29.4981,110.249,3.74,50,xenium_human_brain_cancer,7-12 genes
Non-Contiguous Random,17,4,4,1,1,1,1,0.0,0.0,0.0,0.0,0.0,1,0.0,15.7863,96.0723,6.09,50,xenium_human_brain_cancer,<=6 genes
Non-Contiguous Random,18,0,12,1,1,1,1,0.0,0.0,0.0,0.0,0.0,1,0.0,34.5863,123.5602,3.57,50,xenium_human_brain_cancer,7-12 genes
Non-Contiguous Random,18,1,11,1,1,1,1,0.2,0.2,0.1,0.04,0.03,1,0.0,34.5575,119.2764,3.45,50,xenium_human_brain_cancer,7-12 genes
Non-Contiguous Random,18,2,12,1,1,1,1,0.2,0.2,0.15,0.06,0.05,1,0.0,36.4753,124.3153,3.41,50,xenium_human_brain_cancer,7-12 genes
Non-Contiguous Random,18,3,12,1,1,1,1,0.2,0.1,0.1,0.04,0.04,1,0.0,36.2243,123.2649,3.4,50,xenium_human_brain_cancer,7-12 genes
Non-Contiguous Random,18,4,14,1,1,1,1,0.2,0.2,0.1,0.04,0.04,1,0.0,40.56,134.093,3.31,50,xenium_human_brain_cancer,13-16 genes
Non-Contiguous Random,19,0,13,1,1,1,1,0.8,0.8,0.9,0.84,0.5,1,4.044903406663637e-08,35.9386,128.1511,3.57,50,xenium_human_brain_cancer,13-16 genes
Non-Contiguous Random,19,1,12,1,1,1,1,1.0,1.0,1.0,0.82,0.47,1,3.4137786844301576e-06,37.4411,124.1792,3.32,50,xenium_human_brain_cancer,7-12 genes
Non-Contiguous Random,19,2,8,1,1,1,1,1.0,0.9,0.85,0.86,0.5,1,4.462015636141903e-07,30.7366,107.465,3.5,50,xenium_human_brain_cancer,7-12 genes
Non-Contiguous Random,19,3,16,1,1,1,1,1.0,1.0,1.0,0.68,0.41,1,-3.151293247937933e-06,45.2071,143.9932,3.19,50,xenium_human_brain_cancer,13-16 genes
Non-Contiguous Random,19,4,20,1,1,1,1,1.0,1.0,1.0,0.98,0.5,1,4.736342988448383e-06,48.1363,168.4112,3.5,50,xenium_human_brain_cancer,>16 genes
Non-Contiguous Random,20,0,15,1,1,1,1,1.0,1.0,0.95,0.64,0.37,1,8.894552794846966e-07,44.1479,138.6823,3.14,50,xenium_human_brain_cancer,13-16 genes
Non-Contiguous Random,20,1,10,1,1,1,1,0.0,0.0,0.0,0.0,0.0,1,0.0,32.087,114.3205,3.56,50,xenium_human_brain_cancer,7-12 genes
Non-Contiguous Random,20,2,8,1,1,1,1,0.0,0.0,0.0,0.0,0.0,1,0.0,26.8214,107.5733,4.01,50,xenium_human_brain_cancer,7-12 genes
Non-Contiguous Random,20,3,14,1,1,1,1,1.0,1.0,1.0,0.78,0.45,1,-9.918362432193015e-07,40.4525,131.972,3.26,50,xenium_human_brain_cancer,13-16 genes
Non-Contiguous Random,20,4,13,1,1,1,1,1.0,1.0,1.0,0.9,0.47,1,-4.776598226174933e-06,38.3468,127.8278,3.33,50,xenium_human_brain_cancer,13-16 genes
Non-Contiguous Random,21,0,11,1,1,1,1,0.0,0.0,0.0,0.12,0.08,1,0.0,31.7198,120.329,3.79,50,xenium_human_brain_cancer,7-12 genes
Non-Contiguous Random,21,1,11,1,1,1,1,0.0,0.0,0.0,0.0,0.0,1,0.0,29.1682,121.8018,4.18,50,xenium_human_brain_cancer,7-12 genes
Non-Contiguous Random,21,2,11,1,1,1,1,0.0,0.0,0.0,0.0,0.0,1,0.0,31.6362,121.2168,3.83,50,xenium_human_brain_cancer,7-12 genes
Non-Contiguous Random,21,3,9,1,1,1,1,0.0,0.0,0.0,0.02,0.01,1,0.0,26.5376,111.4009,4.2,50,xenium_human_brain_cancer,7-12 genes
Non-Contiguous Random,21,4,13,1,1,1,1,0.0,0.0,0.0,0.0,0.0,1,0.0,33.4827,140.2434,4.19,50,xenium_human_brain_cancer,13-16 genes
Non-Contiguous Random,22,0,20,1,1,1,1,0.8,0.8,0.7,0.72,0.45,1,-2.425963556082489e-06,45.5823,170.1352,3.73,50,xenium_human_brain_cancer,>16 genes
Non-Contiguous Random,22,1,11,1,1,1,1,1.0,1.0,1.0,0.98,0.49,1,-4.331544801398218e-06,32.7646,122.7731,3.75,50,xenium_human_brain_cancer,7-12 genes
Non-Contiguous Random,22,2,19,1,1,1,1,1.0,1.0,0.75,0.48,0.32,1,-3.275055943019814e-06,47.6973,165.122,3.46,50,xenium_human_brain_cancer,>16 genes
Non-Contiguous Random,22,3,19,1,1,1,1,1.0,0.9,0.8,0.74,0.45,1,3.586393211730404e-07,46.9547,163.9685,3.49,50,xenium_human_brain_cancer,>16 genes
Non-Contiguous Random,22,4,8,1,1,1,1,0.0,0.0,0.0,0.0,0.0,1,0.0,25.8871,109.4653,4.23,50,xenium_human_brain_cancer,7-12 genes
Non-Contiguous Random,23,0,5,1,1,1,1,0.0,0.0,0.0,0.04,0.02,1,0.0,19.0371,101.0444,5.31,50,xenium_human_brain_cancer,<=6 genes
Non-Contiguous Random,23,1,8,1,1,1,1,0.0,0.0,0.0,0.0,0.0,1,0.0,28.6071,108.2216,3.78,50,xenium_human_brain_cancer,7-12 genes
Non-Contiguous Random,23,2,9,1,1,1,1,0.0,0.0,0.0,0.0,0.01,1,0.0,26.9689,111.656,4.14,50,xenium_human_brain_cancer,7-12 genes
Non-Contiguous Random,23,3,8,1,1,1,1,0.0,0.0,0.0,0.0,0.0,1,0.0,26.3294,108.2887,4.11,50,xenium_human_brain_cancer,7-12 genes
Non-Contiguous Random,23,4,7,1,1,1,1,0.0,0.0,0.0,0.0,0.0,1,0.0,23.6215,106.7917,4.52,50,xenium_human_brain_cancer,7-12 genes
Non-Contiguous Random,24,0,15,1,1,1,1,0.8,1.0,1.0,0.94,0.49,1,0.0,43.3497,152.0157,3.51,50,xenium_human_brain_cancer,13-16 genes
Non-Contiguous Random,24,1,13,1,1,1,1,0.4,0.6,0.5,0.64,0.48,1,0.0,38.4189,140.3639,3.65,50,xenium_human_brain_cancer,13-16 genes
Non-Contiguous Random,24,2,15,1,1,1,1,0.4,0.6,0.4,0.46,0.49,1,0.0,39.3169,151.8363,3.86,50,xenium_human_brain_cancer,13-16 genes
Non-Contiguous Random,24,3,12,1,1,1,1,0.4,0.3,0.4,0.48,0.38,1,0.0,36.5316,134.9241,3.69,50,xenium_human_brain_cancer,7-12 genes
Non-Contiguous Random,24,4,18,1,1,1,1,0.8,0.7,0.65,0.78,0.5,1,0.0,46.7493,171.6676,3.67,50,xenium_human_brain_cancer,>16 genes
Non-Contiguous Random,25,0,14,1,1,1,1,0.0,0.0,0.0,0.0,0.0,1,0.0,39.2952,133.5093,3.4,50,xenium_human_brain_cancer,13-16 genes
Non-Contiguous Random,25,1,10,1,1,1,1,0.0,0.0,0.0,0.02,0.1,1,0.0,32.377,115.2264,3.56,50,xenium_human_brain_cancer,7-12 genes
Non-Contiguous Random,25,2,18,1,1,1,1,0.6,0.7,0.8,0.66,0.37,1,0.0,45.7282,156.0712,3.41,50,xenium_human_brain_cancer,>16 genes
Non-Contiguous Random,25,3,14,1,1,1,1,0.6,0.9,0.8,0.66,0.39,1,0.0,38.8174,134.3553,3.46,50,xenium_human_brain_cancer,13-16 genes
Non-Contiguous Random,25,4,17,1,1,1,1,0.8,0.6,0.75,0.64,0.38,1,0.0,45.0288,151.0278,3.35,50,xenium_human_brain_cancer,>16 genes
Non-Contiguous Random,26,0,7,1,1,1,1,0.0,0.0,0.0,0.02,0.01,1,0.0,23.92,105.7135,4.42,50,xenium_human_brain_cancer,7-12 genes
Non-Contiguous Random,26,1,10,1,1,1,1,0.0,0.0,0.0,0.0,0.0,1,0.0,29.5982,114.3397,3.86,50,xenium_human_brain_cancer,7-12 genes
Non-Contiguous Random,26,2,5,1,1,1,1,0.0,0.0,0.0,0.0,0.05,1,0.0,19.3023,100.9411,5.23,50,xenium_human_brain_cancer,<=6 genes
Non-Contiguous Random,26,3,8,1,1,1,1,0.0,0.0,0.3,0.12,0.06,1,0.0,25.4684,106.5337,4.18,50,xenium_human_brain_cancer,7-12 genes
Non-Contiguous Random,26,4,8,1,1,1,1,0.0,0.0,0.0,0.04,0.02,1,0.0,26.0864,106.7993,4.09,50,xenium_human_brain_cancer,7-12 genes
Non-Contiguous Random,27,0,14,1,1,1,1,1.0,1.0,1.0,0.84,0.46,1,-4.971778309527386e-06,40.3188,144.8862,3.59,50,xenium_human_brain_cancer,13-16 genes
Non-Contiguous Random,27,1,17,1,1,1,1,1.0,1.0,0.9,0.6,0.39,1,2.945048713509646e-06,51.4992,165.3742,3.21,50,xenium_human_brain_cancer,>16 genes
Non-Contiguous Random,27,2,5,1,1,1,1,0.6,0.7,0.75,0.54,0.31,1,0.0,20.3194,100.2139,4.93,50,xenium_human_brain_cancer,<=6 genes
Non-Contiguous Random,27,3,9,1,1,1,1,0.0,0.0,0.0,0.0,0.0,1,0.0,33.1417,112.2502,3.39,50,xenium_human_brain_cancer,7-12 genes
Non-Contiguous Random,27,4,16,1,1,1,1,0.8,0.6,0.5,0.52,0.38,1,0.0,44.7371,153.9363,3.44,50,xenium_human_brain_cancer,13-16 genes
Non-Contiguous Random,28,0,8,1,1,1,1,0.0,0.0,0.0,0.0,0.0,1,0.0,28.8532,109.2134,3.79,50,xenium_human_brain_cancer,7-12 genes
Non-Contiguous Random,28,1,20,1,1,1,1,0.0,0.0,0.0,0.0,0.0,1,0.0,43.5969,167.0227,3.83,50,xenium_human_brain_cancer,>16 genes
Non-Contiguous Random,28,2,13,1,1,1,1,0.0,0.0,0.0,0.0,0.0,1,0.0,36.6035,130.0329,3.55,50,xenium_human_brain_cancer,13-16 genes
Non-Contiguous Random,28,3,8,1,1,1,1,0.0,0.0,0.0,0.04,0.02,1,0.0,24.2611,106.997,4.41,50,xenium_human_brain_cancer,7-12 genes
Non-Contiguous Random,28,4,18,1,1,1,1,0.0,0.1,0.1,0.04,0.02,1,0.0,45.365,157.5735,3.47,50,xenium_human_brain_cancer,>16 genes
Non-Contiguous Random,29,0,14,1,1,1,1,0.0,0.0,0.0,0.0,0.0,1,0.0,38.9968,133.9284,3.43,50,xenium_human_brain_cancer,13-16 genes
Non-Contiguous Random,29,1,6,1,1,1,1,0.0,0.0,0.0,0.0,0.0,1,0.0,19.9355,102.9689,5.17,50,xenium_human_brain_cancer,<=6 genes
Non-Contiguous Random,29,2,13,1,1,1,1,0.0,0.0,0.0,0.0,0.0,1,0.0,32.4228,127.6538,3.94,50,xenium_human_brain_cancer,13-16 genes
Non-Contiguous Random,29,3,10,1,1,1,1,0.0,0.0,0.0,0.02,0.02,1,0.0,27.8811,113.5703,4.07,50,xenium_human_brain_cancer,7-12 genes
Non-Contiguous Random,29,4,8,1,1,1,1,0.0,0.0,0.0,0.06,0.06,1,0.0,24.6393,107.8619,4.38,50,xenium_human_brain_cancer,7-12 genes
Non-Contiguous Random,30,0,16,1,1,1,1,0.0,0.0,0.0,0.0,0.0,1,0.0,38.3568,140.9832,3.68,50,xenium_human_brain_cancer,13-16 genes
Non-Contiguous Random,30,1,7,1,1,1,1,0.0,0.0,0.0,0.0,0.0,1,0.0,23.2319,106.1069,4.57,50,xenium_human_brain_cancer,7-12 genes
Non-Contiguous Random,30,2,7,1,1,1,1,0.0,0.0,0.0,0.0,0.0,1,0.0,24.0626,106.8927,4.44,50,xenium_human_brain_cancer,7-12 genes
Non-Contiguous Random,30,3,7,1,1,1,1,0.0,0.0,0.0,0.0,0.0,1,0.0,23.8677,105.8446,4.43,50,xenium_human_brain_cancer,7-12 genes
Non-Contiguous Random,30,4,4,1,1,1,1,0.0,0.0,0.0,0.0,0.0,1,0.0,16.4837,95.9257,5.82,50,xenium_human_brain_cancer,<=6 genes
Non-Contiguous Random,31,0,8,1,1,1,1,0.0,0.0,0.0,0.0,0.0,1,0.0,24.9131,108.0865,4.34,50,xenium_human_brain_cancer,7-12 genes
Non-Contiguous Random,31,1,9,1,1,1,1,1.0,1.0,1.0,0.74,0.45,1,2.430386344592049e-06,27.7841,111.0279,4.0,50,xenium_human_brain_cancer,7-12 genes
Non-Contiguous Random,31,2,10,1,1,1,1,0.0,0.0,0.0,0.0,0.0,1,0.0,28.7283,114.2573,3.98,50,xenium_human_brain_cancer,7-12 genes
Non-Contiguous Random,31,3,12,1,1,1,1,0.8,1.0,1.0,0.7,0.43,1,2.2668633895758794e-06,34.3182,123.5391,3.6,50,xenium_human_brain_cancer,7-12 genes
Non-Contiguous Random,31,4,8,1,1,1,1,0.6,0.5,0.35,0.46,0.43,1,0.0,27.2204,108.3703,3.98,50,xenium_human_brain_cancer,7-12 genes
Non-Contiguous Random,32,0,16,1,1,1,1,0.8,1.0,1.0,0.82,0.46,1,0.0,38.1998,141.3475,3.7,50,xenium_human_brain_cancer,13-16 genes
Non-Contiguous Random,32,1,6,1,1,1,1,0.0,0.0,0.0,0.0,0.0,1,0.0,21.1649,102.6109,4.85,50,xenium_human_brain_cancer,<=6 genes
Non-Contiguous Random,32,2,7,1,1,1,1,0.0,0.0,0.0,0.0,0.0,1,0.0,22.8723,105.5278,4.61,50,xenium_human_brain_cancer,7-12 genes
Non-Contiguous Random,32,3,10,1,1,1,1,0.0,0.0,0.0,0.0,0.0,1,0.0,30.9664,117.2116,3.79,50,xenium_human_brain_cancer,7-12 genes
Non-Contiguous Random,32,4,13,1,1,1,1,1.0,1.0,1.0,0.82,0.46,1,0.0,36.2952,127.0418,3.5,50,xenium_human_brain_cancer,13-16 genes
Non-Contiguous Random,33,0,13,1,1,1,1,0.0,0.0,0.0,0.0,0.0,1,0.0,37.3935,129.7695,3.47,50,xenium_human_brain_cancer,13-16 genes
Non-Contiguous Random,33,1,12,1,1,1,1,0.0,0.0,0.0,0.0,0.0,1,0.0,35.6855,124.1512,3.48,50,xenium_human_brain_cancer,7-12 genes
Non-Contiguous Random,33,2,16,1,1,1,1,0.0,0.0,0.0,0.0,0.0,1,0.0,42.0927,142.1806,3.38,50,xenium_human_brain_cancer,13-16 genes
Non-Contiguous Random,33,3,14,1,1,1,1,0.0,0.0,0.0,0.0,0.0,1,0.0,38.4277,133.985,3.49,50,xenium_human_brain_cancer,13-16 genes
Non-Contiguous Random,33,4,10,1,1,1,1,0.0,0.0,0.0,0.0,0.01,1,0.0,31.2661,114.6453,3.67,50,xenium_human_brain_cancer,7-12 genes
Non-Contiguous Random,34,0,13,1,1,1,1,0.8,0.8,0.9,0.82,0.5,1,4.773098999599768e-06,38.4561,142.0376,3.69,50,xenium_human_brain_cancer,13-16 genes
Non-Contiguous Random,34,1,8,1,1,1,1,0.0,0.0,0.0,0.0,0.0,1,0.0,26.4708,108.8266,4.11,50,xenium_human_brain_cancer,7-12 genes
Non-Contiguous Random,34,2,16,1,1,1,1,1.0,1.0,1.0,0.86,0.48,1,-9.229278563616106e-07,44.2848,155.692,3.52,50,xenium_human_brain_cancer,13-16 genes
Non-Contiguous Random,34,3,6,1,1,1,1,0.0,0.0,0.0,0.0,0.02,1,0.0,21.2862,102.1938,4.8,50,xenium_human_brain_cancer,<=6 genes
Non-Contiguous Random,34,4,7,1,1,1,1,0.2,0.3,0.6,0.36,0.26,1,0.0,24.5782,105.5568,4.29,50,xenium_human_brain_cancer,7-12 genes
Non-Contiguous Random,35,0,10,1,1,1,1,0.0,0.0,0.0,0.0,0.0,1,0.0,31.2843,115.9419,3.71,50,xenium_human_brain_cancer,7-12 genes
Non-Contiguous Random,35,1,12,1,1,1,1,0.0,0.0,0.0,0.0,0.02,1,0.0,35.7025,149.3963,4.18,50,xenium_human_brain_cancer,7-12 genes
Non-Contiguous Random,35,2,9,1,1,1,1,0.0,0.0,0.0,0.0,0.0,1,0.0,29.2143,111.1776,3.81,50,xenium_human_brain_cancer,7-12 genes
Non-Contiguous Random,35,3,6,1,1,1,1,0.0,0.0,0.0,0.0,0.0,1,0.0,21.0255,107.1341,5.1,50,xenium_human_brain_cancer,<=6 genes
Non-Contiguous Random,35,4,11,1,1,1,1,0.0,0.0,0.0,0.0,0.01,1,0.0,35.4178,145.0431,4.1,50,xenium_human_brain_cancer,7-12 genes
Non-Contiguous Random,36,0,16,1,1,1,1,1.0,1.0,0.95,0.78,0.5,1,-4.4467735290654176e-06,48.2356,159.1802,3.3,50,xenium_human_brain_cancer,13-16 genes
Non-Contiguous Random,36,1,22,1,1,1,1,1.0,1.0,1.0,0.9,0.48,1,7.582565171755651e-07,55.3721,203.4076,3.67,50,xenium_human_brain_cancer,>16 genes
Non-Contiguous Random,36,2,25,1,1,1,1,1.0,1.0,1.0,0.9,0.49,1,4.4258117676276854e-07,60.1764,233.8459,3.89,50,xenium_human_brain_cancer,>16 genes
Non-Contiguous Random,36,3,18,1,1,1,1,1.0,1.0,0.95,0.94,0.49,1,-2.199683033328285e-06,52.7129,173.4647,3.29,50,xenium_human_brain_cancer,>16 genes
Non-Contiguous Random,36,4,10,1,1,1,1,0.2,0.1,0.15,0.08,0.09,1,0.0,33.213,115.5545,3.48,50,xenium_human_brain_cancer,7-12 genes
Non-Contiguous Random,37,0,13,1,1,1,1,0.8,0.6,0.6,0.46,0.37,1,0.0,32.8964,129.2752,3.93,50,xenium_human_brain_cancer,13-16 genes
Non-Contiguous Random,37,1,8,1,1,1,1,0.0,0.0,0.0,0.0,0.0,1,0.0,24.8075,107.4538,4.33,50,xenium_human_brain_cancer,7-12 genes
Non-Contiguous Random,37,2,14,1,1,1,1,1.0,0.7,0.65,0.56,0.4,1,0.0,35.7465,131.8994,3.69,50,xenium_human_brain_cancer,13-16 genes
Non-Contiguous Random,37,3,13,1,1,1,1,0.8,0.6,0.4,0.46,0.35,1,0.0,35.9024,127.2966,3.55,50,xenium_human_brain_cancer,13-16 genes
Non-Contiguous Random,37,4,13,1,1,1,1,0.0,0.0,0.0,0.0,0.0,1,0.0,36.1463,127.6792,3.53,50,xenium_human_brain_cancer,13-16 genes
Non-Contiguous Random,38,0,7,1,1,1,1,0.0,0.0,0.0,0.0,0.0,1,0.0,21.7352,108.2897,4.98,50,xenium_human_brain_cancer,7-12 genes
Non-Contiguous Random,38,1,7,1,1,1,1,0.0,0.0,0.0,0.04,0.02,1,0.0,21.8703,105.4987,4.82,50,xenium_human_brain_cancer,7-12 genes
Non-Contiguous Random,38,2,6,1,1,1,1,0.0,0.0,0.0,0.0,0.0,1,0.0,20.3787,102.6382,5.04,50,xenium_human_brain_cancer,<=6 genes
Non-Contiguous Random,38,3,11,1,1,1,1,0.0,0.0,0.0,0.0,0.0,1,0.0,29.0117,121.2092,4.18,50,xenium_human_brain_cancer,7-12 genes
Non-Contiguous Random,38,4,9,1,1,1,1,0.0,0.0,0.0,0.0,0.0,1,0.0,29.6712,111.7387,3.77,50,xenium_human_brain_cancer,7-12 genes
Non-Contiguous Random,39,0,20,1,1,1,1,0.6,0.4,0.5,0.52,0.38,1,0.0,48.8266,170.562,3.49,50,xenium_human_brain_cancer,>16 genes
Non-Contiguous Random,39,1,8,1,1,1,1,0.4,0.7,0.45,0.42,0.4,1,0.0,26.1234,108.4858,4.15,50,xenium_human_brain_cancer,7-12 genes
Non-Contiguous Random,39,2,18,1,1,1,1,0.0,0.0,0.0,0.04,0.04,1,0.0,49.2274,157.901,3.21,50,xenium_human_brain_cancer,>16 genes
Non-Contiguous Random,39,3,12,1,1,1,1,0.0,0.0,0.0,0.0,0.0,1,0.0,36.7526,124.4007,3.38,50,xenium_human_brain_cancer,7-12 genes
Non-Contiguous Random,39,4,18,1,1,1,1,0.0,0.0,0.0,0.0,0.0,1,0.0,45.5138,156.2474,3.43,50,xenium_human_brain_cancer,>16 genes
Non-Contiguous Random,40,0,15,1,1,1,1,0.4,0.6,0.5,0.56,0.39,1,0.0,42.3233,142.453,3.37,50,xenium_human_brain_cancer,13-16 genes
Non-Contiguous Random,40,1,9,1,1,1,1,0.0,0.0,0.0,0.0,0.0,1,0.0,30.1072,111.8034,3.71,50,xenium_human_brain_cancer,7-12 genes
Non-Contiguous Random,40,2,12,1,1,1,1,0.6,0.5,0.5,0.48,0.32,1,0.0,36.7851,124.1569,3.38,50,xenium_human_brain_cancer,7-12 genes
Non-Contiguous Random,40,3,7,1,1,1,1,0.6,0.4,0.4,0.32,0.26,1,0.0,23.1803,105.6958,4.56,50,xenium_human_brain_cancer,7-12 genes
Non-Contiguous Random,40,4,8,1,1,1,1,0.4,0.4,0.4,0.38,0.3,1,0.0,24.999,108.3821,4.34,50,xenium_human_brain_cancer,7-12 genes
Non-Contiguous Random,41,0,11,1,1,1,1,0.0,0.0,0.0,0.0,0.0,1,0.0,31.8837,120.4809,3.78,50,xenium_human_brain_cancer,7-12 genes
Non-Contiguous Random,41,1,15,1,1,1,1,0.0,0.0,0.0,0.0,0.0,1,0.0,39.326,137.3258,3.49,50,xenium_human_brain_cancer,13-16 genes
Non-Contiguous Random,41,2,5,1,1,1,1,0.0,0.0,0.0,0.0,0.01,1,0.0,19.3479,99.9263,5.16,50,xenium_human_brain_cancer,<=6 genes
Non-Contiguous Random,41,3,12,1,1,1,1,0.0,0.0,0.0,0.0,0.0,1,0.0,34.5244,122.7565,3.56,50,xenium_human_brain_cancer,7-12 genes
Non-Contiguous Random,41,4,10,1,1,1,1,0.0,0.0,0.0,0.02,0.02,1,0.0,30.4816,114.8541,3.77,50,xenium_human_brain_cancer,7-12 genes
Non-Contiguous Random,42,0,10,1,1,1,1,0.0,0.0,0.0,0.0,0.0,1,0.0,31.0786,117.4474,3.78,50,xenium_human_brain_cancer,7-12 genes
Non-Contiguous Random,42,1,18,1,1,1,1,0.0,0.0,0.0,0.02,0.06,1,0.0,48.0333,161.9042,3.37,50,xenium_human_brain_cancer,>16 genes
Non-Contiguous Random,42,2,15,1,1,1,1,0.0,0.0,0.0,0.0,0.0,1,0.0,42.7076,139.6762,3.27,50,xenium_human_brain_cancer,13-16 genes
Non-Contiguous Random,42,3,20,1,1,1,1,0.6,0.7,0.75,0.54,0.41,1,0.0,49.8276,168.6813,3.39,50,xenium_human_brain_cancer,>16 genes
Non-Contiguous Random,42,4,8,1,1,1,1,0.0,0.0,0.0,0.0,0.0,1,0.0,26.3866,109.2496,4.14,50,xenium_human_brain_cancer,7-12 genes
Non-Contiguous Random,43,0,15,1,1,1,1,1.0,1.0,0.85,0.62,0.36,1,4.352756852180756e-06,41.8137,140.0591,3.35,50,xenium_human_brain_cancer,13-16 genes
Non-Contiguous Random,43,1,11,1,1,1,1,0.0,0.0,0.0,0.0,0.0,1,0.0,35.3504,121.923,3.45,50,xenium_human_brain_cancer,7-12 genes
Non-Contiguous Random,43,2,10,1,1,1,1,0.0,0.0,0.0,0.0,0.0,1,0.0,33.643,115.0334,3.42,50,xenium_human_brain_cancer,7-12 genes
Non-Contiguous Random,43,3,23,1,1,1,1,1.0,0.8,0.45,0.34,0.26,1,-2.4012537274131773e-06,52.3898,194.6425,3.72,50,xenium_human_brain_cancer,>16 genes
Non-Contiguous Random,43,4,18,1,1,1,1,0.6,0.8,0.8,0.64,0.42,1,0.0,46.8149,158.6363,3.39,50,xenium_human_brain_cancer,>16 genes
Non-Contiguous Random,44,0,7,1,1,1,1,0.4,0.3,0.45,0.34,0.33,1,0.0,26.1482,106.8675,4.09,50,xenium_human_brain_cancer,7-12 genes
Non-Contiguous Random,44,1,16,1,1,1,1,0.6,0.8,0.8,0.72,0.49,1,-3.948860168457007e-06,42.2975,140.8882,3.33,50,xenium_human_brain_cancer,13-16 genes
Non-Contiguous Random,44,2,16,1,1,1,1,1.0,1.0,1.0,0.9,0.45,1,-2.3995971680790262e-06,46.6926,142.5353,3.05,50,xenium_human_brain_cancer,13-16 genes
Non-Contiguous Random,44,3,7,1,1,1,1,0.4,0.4,0.65,0.6,0.43,1,0.0,21.2082,106.542,5.02,50,xenium_human_brain_cancer,7-12 genes
Non-Contiguous Random,44,4,11,1,1,1,1,0.8,1.0,0.9,0.98,0.5,1,2.0967460184068143e-06,32.2882,121.5678,3.77,50,xenium_human_brain_cancer,7-12 genes
Non-Contiguous Random,45,0,9,1,1,1,1,0.0,0.0,0.0,0.0,0.0,1,0.0,28.7749,111.9706,3.89,50,xenium_human_brain_cancer,7-12 genes
Non-Contiguous Random,45,1,13,1,1,1,1,0.0,0.0,0.0,0.0,0.0,1,0.0,37.7112,127.4531,3.38,50,xenium_human_brain_cancer,13-16 genes
Non-Contiguous Random,45,2,19,1,1,1,1,0.0,0.0,0.0,0.0,0.0,1,0.0,44.4536,162.6397,3.66,50,xenium_human_brain_cancer,>16 genes
Non-Contiguous Random,45,3,17,1,1,1,1,0.0,0.0,0.0,0.02,0.04,1,0.0,43.4553,151.2294,3.48,50,xenium_human_brain_cancer,>16 genes
Non-Contiguous Random,45,4,7,1,1,1,1,0.0,0.0,0.0,0.0,0.0,1,0.0,23.4327,107.6964,4.6,50,xenium_human_brain_cancer,7-12 genes
Non-Contiguous Random,46,0,18,1,1,1,1,0.4,0.6,0.45,0.54,0.45,1,0.0,46.9617,158.5855,3.38,50,xenium_human_brain_cancer,>16 genes
Non-Contiguous Random,46,1,16,1,1,1,1,0.0,0.0,0.0,0.0,0.0,1,0.0,42.5587,141.2053,3.32,50,xenium_human_brain_cancer,13-16 genes
Non-Contiguous Random,46,2,18,1,1,1,1,0.0,0.0,0.0,0.0,0.0,1,0.0,47.2851,156.5969,3.31,50,xenium_human_brain_cancer,>16 genes
Non-Contiguous Random,46,3,16,1,1,1,1,0.6,0.6,0.45,0.48,0.43,1,0.0,43.2938,143.0457,3.3,50,xenium_human_brain_cancer,13-16 genes
Non-Contiguous Random,46,4,18,1,1,1,1,0.6,0.6,0.5,0.52,0.42,1,0.0,43.3818,156.9382,3.62,50,xenium_human_brain_cancer,>16 genes
Non-Contiguous Random,47,0,13,1,1,1,1,1.0,1.0,1.0,0.96,0.48,1,3.895813171454071e-07,37.4993,130.337,3.48,50,xenium_human_brain_cancer,13-16 genes
Non-Contiguous Random,47,1,5,1,1,1,1,0.2,0.2,0.3,0.26,0.21,1,0.0,20.3226,99.9404,4.92,50,xenium_human_brain_cancer,<=6 genes
Non-Contiguous Random,47,2,11,1,1,1,1,1.0,1.0,1.0,0.92,0.46,1,0.0,33.6155,119.0582,3.54,50,xenium_human_brain_cancer,7-12 genes
Non-Contiguous Random,47,3,8,1,1,1,1,0.8,0.5,0.45,0.42,0.29,1,0.0,24.9824,106.7061,4.27,50,xenium_human_brain_cancer,7-12 genes
Non-Contiguous Random,47,4,11,1,1,1,1,1.0,0.9,0.95,0.96,0.49,1,3.26951017990372e-06,32.1826,121.8125,3.79,50,xenium_human_brain_cancer,7-12 genes
Non-Contiguous Random,48,0,7,1,1,1,1,0.0,0.0,0.0,0.0,0.0,1,0.0,23.2743,106.7185,4.59,50,xenium_human_brain_cancer,7-12 genes
Non-Contiguous Random,48,1,5,1,1,1,1,0.0,0.0,0.0,0.0,0.0,1,0.0,18.8538,102.0651,5.41,50,xenium_human_brain_cancer,<=6 genes
Non-Contiguous Random,48,2,9,1,1,1,1,0.0,0.0,0.0,0.0,0.0,1,0.0,28.0252,111.5503,3.98,50,xenium_human_brain_cancer,7-12 genes
Non-Contiguous Random,48,3,16,1,1,1,1,0.0,0.0,0.0,0.0,0.0,1,0.0,43.0178,141.4586,3.29,50,xenium_human_brain_cancer,13-16 genes
Non-Contiguous Random,48,4,12,1,1,1,1,0.0,0.0,0.0,0.0,0.0,1,0.0,32.2528,122.8344,3.81,50,xenium_human_brain_cancer,7-12 genes
Non-Contiguous Random,49,0,11,1,1,1,1,0.0,0.0,0.0,0.06,0.04,1,0.0,28.3446,121.2907,4.28,50,xenium_human_brain_cancer,7-12 genes
Non-Contiguous Random,49,1,7,1,1,1,1,0.0,0.0,0.0,0.0,0.0,1,0.0,23.3107,107.3209,4.6,50,xenium_human_brain_cancer,7-12 genes
Non-Contiguous Random,49,2,11,1,1,1,1,0.0,0.0,0.0,0.02,0.01,1,0.0,29.2255,118.5276,4.06,50,xenium_human_brain_cancer,7-12 genes
Non-Contiguous Random,49,3,14,1,1,1,1,0.0,0.0,0.0,0.0,0.0,1,0.0,35.8356,133.5133,3.73,50,xenium_human_brain_cancer,13-16 genes
Non-Contiguous Random,49,4,6,1,1,1,1,0.0,0.0,0.0,0.0,0.0,1,0.0,21.1516,102.3074,4.84,50,xenium_human_brain_cancer,<=6 genes
Contiguous Random,0,0,9,1,1,1,1,0.0,0.0,0.0,0.12,0.09,1,0.0,6.0168,23.3276,3.88,50,xenium_human_breast_cancer,7-12 genes
Contiguous Random,0,1,14,1,1,1,1,0.2,0.2,0.45,0.76,0.48,1,0.0,11.0637,34.4341,3.11,50,xenium_human_breast_cancer,13-16 genes
Contiguous Random,0,2,13,1,1,1,1,0.2,0.2,0.2,0.56,0.48,1,0.0,10.5291,31.4481,2.99,50,xenium_human_breast_cancer,13-16 genes
Contiguous Random,0,3,9,1,1,1,1,0.0,0.1,0.05,0.24,0.23,1,0.0,6.5641,23.8917,3.64,50,xenium_human_breast_cancer,7-12 genes
Contiguous Random,0,4,24,1,1,1,1,1.0,0.9,0.85,0.62,0.45,1,-1.0824672165288265e-06,13.3659,65.3172,4.89,50,xenium_human_breast_cancer,>16 genes
Contiguous Random,1,0,6,1,1,1,1,0.0,0.0,0.0,0.06,0.09,1,0.0,5.5898,19.799,3.54,50,xenium_human_breast_cancer,<=6 genes
Contiguous Random,1,1,7,1,1,1,1,0.0,0.0,0.0,0.06,0.07,1,0.0,6.144,20.9029,3.4,50,xenium_human_breast_cancer,7-12 genes
Contiguous Random,1,2,12,1,1,1,1,1.0,1.0,1.0,0.88,0.48,1,-1.0651420433438474e-06,7.5809,29.128,3.84,50,xenium_human_breast_cancer,7-12 genes
Contiguous Random,1,3,5,1,1,1,1,0.0,0.0,0.0,0.0,0.05,1,0.0,5.1083,19.4304,3.8,50,xenium_human_breast_cancer,<=6 genes
Contiguous Random,1,4,18,1,1,1,1,1.0,1.0,1.0,0.76,0.47,1,4.7942881137297284e-08,10.5719,42.3014,4.0,50,xenium_human_breast_cancer,>16 genes
Contiguous Random,2,0,19,1,1,1,1,1.0,1.0,0.95,0.64,0.43,1,3.502889689865896e-06,11.0641,46.4504,4.2,50,xenium_human_breast_cancer,>16 genes
Contiguous Random,2,1,13,1,1,1,1,1.0,1.0,0.85,0.72,0.44,1,-1.4264472911473811e-06,7.144,28.3783,3.97,50,xenium_human_breast_cancer,13-16 genes
Contiguous Random,2,2,10,1,1,1,1,1.0,1.0,1.0,0.72,0.41,1,-3.3724550378422258e-06,6.1876,26.0878,4.22,50,xenium_human_breast_cancer,7-12 genes
Contiguous Random,2,3,18,1,1,1,1,1.0,1.0,0.9,0.74,0.49,1,-5.834395939707804e-07,10.4674,42.7626,4.09,50,xenium_human_breast_cancer,>16 genes
Contiguous Random,2,4,13,1,1,1,1,1.0,1.0,1.0,0.76,0.43,1,-1.4264472911473811e-06,8.9329,28.7727,3.22,50,xenium_human_breast_cancer,13-16 genes
Contiguous Random,3,0,11,1,1,1,1,1.0,0.9,0.85,0.7,0.47,1,3.3914674993640315e-06,6.5638,29.4386,4.48,50,xenium_human_breast_cancer,7-12 genes
Contiguous Random,3,1,8,1,1,1,1,1.0,0.9,0.9,0.82,0.5,1,-3.314621161737419e-06,6.9357,21.1408,3.05,50,xenium_human_breast_cancer,7-12 genes
Contiguous Random,3,2,17,1,1,1,1,0.8,0.7,0.65,0.3,0.2,1,4.839003524270691e-06,8.5,36.4413,4.29,50,xenium_human_breast_cancer,>16 genes
Contiguous Random,3,3,16,1,1,1,1,1.0,1.0,0.8,0.82,0.44,1,-2.933502197266513e-07,9.8182,38.0093,3.87,50,xenium_human_breast_cancer,13-16 genes
Contiguous Random,3,4,13,1,1,1,1,1.0,1.0,0.65,0.4,0.32,1,1.2798076592934748e-06,7.3055,28.2458,3.87,50,xenium_human_breast_cancer,13-16 genes
Contiguous Random,4,0,20,1,1,1,1,1.0,0.9,0.95,0.78,0.49,1,-3.774472231210524e-06,12.5713,49.1775,3.91,50,xenium_human_breast_cancer,>16 genes
Contiguous Random,4,1,18,1,1,1,1,1.0,1.0,1.0,0.84,0.49,1,8.124756813998602e-07,11.2891,42.9395,3.8,50,xenium_human_breast_cancer,>16 genes
Contiguous Random,4,2,23,1,1,1,1,1.0,1.0,0.95,0.76,0.46,1,-2.180592932887748e-06,15.3879,62.7046,4.07,50,xenium_human_breast_cancer,>16 genes
Contiguous Random,4,3,26,1,1,1,1,0.8,0.9,0.95,0.78,0.46,1,3.7399421808359534e-06,17.2369,74.2394,4.31,50,xenium_human_breast_cancer,>16 genes
Contiguous Random,4,4,24,1,1,1,1,1.0,1.0,0.95,0.76,0.48,1,1.3623678651875082e-06,16.1567,64.4083,3.99,50,xenium_human_breast_cancer,>16 genes
Contiguous Random,5,0,7,1,1,1,1,0.0,0.0,0.05,0.12,0.1,1,0.0,4.8809,20.5466,4.21,50,xenium_human_breast_cancer,7-12 genes
Contiguous Random,5,1,12,1,1,1,1,1.0,0.9,0.95,0.8,0.41,1,-4.999525850590825e-06,7.195,27.4825,3.82,50,xenium_human_breast_cancer,7-12 genes
Contiguous Random,5,2,7,0,0,0,0,0.4,0.6,0.75,0.88,0.47,3,0.0811502491447834,5.9106,24.4197,4.13,50,xenium_human_breast_cancer,7-12 genes
Contiguous Random,5,3,12,1,1,1,1,1.0,0.8,0.8,0.68,0.5,1,4.0881303024487e-06,8.1971,27.0814,3.3,50,xenium_human_breast_cancer,7-12 genes
Contiguous Random,5,4,17,1,1,1,1,1.0,1.0,0.95,0.82,0.46,1,-2.159500373188905e-06,10.5036,42.1983,4.02,50,xenium_human_breast_cancer,>16 genes
Contiguous Random,6,0,19,1,1,1,1,1.0,0.8,0.85,0.66,0.39,1,-2.591744784563588e-06,12.7176,47.8551,3.76,50,xenium_human_breast_cancer,>16 genes
Contiguous Random,6,1,10,1,1,1,1,1.0,1.0,1.0,0.68,0.42,1,-4.656553506898753e-06,6.578,24.6367,3.75,50,xenium_human_breast_cancer,7-12 genes
Contiguous Random,6,2,16,1,1,1,1,1.0,0.9,0.9,0.64,0.42,1,-4.746246338172e-07,10.3121,36.8069,3.57,50,xenium_human_breast_cancer,13-16 genes
Contiguous Random,6,3,13,1,1,1,1,1.0,1.0,1.0,0.62,0.34,1,-3.010931429708874e-06,8.7886,28.8452,3.28,50,xenium_human_breast_cancer,13-16 genes
Contiguous Random,6,4,10,1,1,1,1,1.0,1.0,0.9,0.72,0.39,1,-2.053176023864012e-06,6.829,25.6682,3.76,50,xenium_human_breast_cancer,7-12 genes
Contiguous Random,7,0,13,1,1,1,1,1.0,1.0,0.95,0.56,0.36,1,4.534286364578366e-06,9.4723,29.9225,3.16,50,xenium_human_breast_cancer,13-16 genes
Contiguous Random,7,1,20,1,1,1,1,1.0,1.0,1.0,0.64,0.44,1,3.0060629123696003e-06,14.4404,53.6414,3.71,50,xenium_human_breast_cancer,>16 genes
Contiguous Random,7,2,14,1,1,1,1,1.0,1.0,0.95,0.9,0.49,1,1.2797520145824135e-06,10.0169,35.4909,3.54,50,xenium_human_breast_cancer,13-16 genes
Contiguous Random,7,3,23,1,1,1,1,1.0,1.0,0.95,0.58,0.46,1,-4.21423428509371e-06,14.5454,61.1492,4.2,50,xenium_human_breast_cancer,>16 genes
Contiguous Random,7,4,27,1,1,1,1,1.0,1.0,1.0,0.74,0.4,1,4.7500511426434855e-06,15.9606,78.6954,4.93,50,xenium_human_breast_cancer,>16 genes
Contiguous Random,8,0,6,1,1,1,1,0.0,0.0,0.0,0.02,0.04,1,0.0,5.8384,20.3025,3.48,50,xenium_human_breast_cancer,<=6 genes
Contiguous Random,8,1,6,1,1,1,1,1.0,1.0,1.0,0.7,0.48,1,-2.09782159169003e-06,5.2547,20.6503,3.93,50,xenium_human_breast_cancer,<=6 genes
Contiguous Random,8,2,15,1,1,1,1,1.0,1.0,0.95,0.92,0.5,1,2.1479548579783625e-06,9.8768,34.6317,3.51,50,xenium_human_breast_cancer,13-16 genes
Contiguous Random,8,3,13,1,1,1,1,1.0,1.0,1.0,0.66,0.47,1,-1.7937460764731045e-06,8.7555,28.6521,3.27,50,xenium_human_breast_cancer,13-16 genes
Contiguous Random,8,4,11,1,1,1,1,1.0,1.0,1.0,0.78,0.44,1,-6.527704863867889e-07,8.4515,28.914,3.42,50,xenium_human_breast_cancer,7-12 genes
Contiguous Random,9,0,15,1,1,1,1,1.0,1.0,1.0,0.88,0.47,1,-1.32373086891846e-06,9.4051,32.7936,3.49,50,xenium_human_breast_cancer,13-16 genes
Contiguous Random,9,1,20,1,1,1,1,1.0,1.0,1.0,0.76,0.5,1,4.180707182666055e-06,11.2077,48.6696,4.34,50,xenium_human_breast_cancer,>16 genes
Contiguous Random,9,2,19,1,1,1,1,0.8,0.9,0.9,0.78,0.44,1,-4.727803473603132e-06,9.7849,43.8006,4.48,50,xenium_human_breast_cancer,>16 genes
Contiguous Random,9,3,13,1,1,1,1,1.0,1.0,1.0,0.9,0.46,1,8.503318955632722e-07,9.1247,28.9914,3.18,50,xenium_human_breast_cancer,13-16 genes
Contiguous Random,9,4,12,1,1,1,1,1.0,0.9,0.95,0.82,0.41,1,1.0259981904070514e-06,7.4776,29.0846,3.89,50,xenium_human_breast_cancer,7-12 genes
Contiguous Random,10,0,23,1,1,1,1,1.0,1.0,0.8,0.54,0.38,1,4.451885463385708e-06,15.4254,64.8731,4.21,50,xenium_human_breast_cancer,>16 genes
Contiguous Random,10,1,24,1,1,1,1,1.0,1.0,0.9,0.46,0.36,1,7.254406906298527e-07,15.6288,67.099,4.29,50,xenium_human_breast_cancer,>16 genes
Contiguous Random,10,2,24,1,1,1,1,1.0,1.0,0.9,0.46,0.36,1,7.254406906298527e-07,15.465,66.6913,4.31,50,xenium_human_breast_cancer,>16 genes
Contiguous Random,10,3,17,1,1,1,1,1.0,1.0,0.9,0.86,0.45,1,1.907095117381629e-06,10.2429,40.9256,4.0,50,xenium_human_breast_cancer,>16 genes
Contiguous Random,10,4,10,1,1,1,1,1.0,1.0,0.95,0.78,0.46,1,2.7891551415137883e-06,8.5309,28.3518,3.32,50,xenium_human_breast_cancer,7-12 genes
Contiguous Random,11,0,21,1,1,1,1,1.0,1.0,1.0,0.52,0.39,1,3.178190671082604e-06,10.9072,50.3449,4.62,50,xenium_human_breast_cancer,>16 genes
Contiguous Random,11,1,7,1,1,1,1,0.0,0.0,0.0,0.12,0.21,1,0.0,6.0406,21.0913,3.49,50,xenium_human_breast_cancer,7-12 genes
Contiguous Random,11,2,10,1,1,1,1,0.8,0.8,0.9,0.9,0.47,1,-1.872638127132717e-06,9.3594,25.2464,2.7,50,xenium_human_breast_cancer,7-12 genes
Contiguous Random,11,3,27,1,1,1,1,1.0,1.0,1.0,0.68,0.42,1,-4.817598858508632e-06,15.7065,76.9286,4.9,50,xenium_human_breast_cancer,>16 genes
Contiguous Random,11,4,25,1,1,1,1,1.0,1.0,1.0,0.82,0.46,1,-7.324218742610358e-08,14.4062,66.8159,4.64,50,xenium_human_breast_cancer,>16 genes
Contiguous Random,12,0,18,1,1,1,1,1.0,0.8,1.0,0.7,0.44,1,-4.853772401780532e-07,12.2013,47.3487,3.88,50,xenium_human_breast_cancer,>16 genes
Contiguous Random,12,1,25,1,1,1,1,0.8,0.9,1.0,0.84,0.48,1,-4.629516601184491e-07,16.2408,68.9963,4.25,50,xenium_human_breast_cancer,>16 genes
Contiguous Random,12,2,22,1,1,1,1,0.6,0.9,1.0,0.84,0.47,1,-3.871031897695332e-06,13.2259,57.7284,4.36,50,xenium_human_breast_cancer,>16 genes
Contiguous Random,12,3,23,1,1,1,1,1.0,0.7,1.0,0.76,0.45,1,-2.633843463328845e-07,11.7558,58.5226,4.98,50,xenium_human_breast_cancer,>16 genes
Contiguous Random,12,4,27,1,1,1,1,0.4,1.0,1.0,0.78,0.43,1,-4.3594564693716364e-06,15.402,76.5949,4.97,50,xenium_human_breast_cancer,>16 genes
Contiguous Random,13,0,13,1,1,1,1,1.0,1.0,0.7,0.82,0.5,1,2.5546665843173555e-06,8.457,31.9204,3.77,50,xenium_human_breast_cancer,13-16 genes
Contiguous Random,13,1,8,1,1,1,1,0.0,0.0,0.0,0.1,0.19,1,0.0,6.0612,21.8851,3.61,50,xenium_human_breast_cancer,7-12 genes
Contiguous Random,13,2,18,1,1,1,1,1.0,0.8,0.75,0.8,0.48,1,1.2266290729812113e-06,10.7372,40.0155,3.73,50,xenium_human_breast_cancer,>16 genes
Contiguous Random,13,3,19,1,1,1,1,1.0,0.8,0.65,0.86,0.48,1,-1.0586447309890443e-06,9.4634,43.7868,4.63,50,xenium_human_breast_cancer,>16 genes
Contiguous Random,13,4,13,1,1,1,1,1.0,1.0,1.0,0.82,0.47,1,8.345686662303287e-07,7.9815,31.8518,3.99,50,xenium_human_breast_cancer,13-16 genes
Contiguous Random,14,0,10,1,1,1,1,1.0,1.0,1.0,0.66,0.39,1,1.2343733248876276e-06,7.2378,25.8589,3.57,50,xenium_human_breast_cancer,7-12 genes
Contiguous Random,14,1,8,1,1,1,1,1.0,1.0,0.8,0.82,0.49,1,0.0,5.3866,23.1766,4.3,50,xenium_human_breast_cancer,7-12 genes
Contiguous Random,14,2,14,1,1,1,1,1.0,1.0,0.95,0.52,0.43,1,2.658112361761389e-06,8.5843,31.3567,3.65,50,xenium_human_breast_cancer,13-16 genes
Contiguous Random,14,3,9,1,1,1,1,1.0,1.0,1.0,0.58,0.4,1,-2.3532700538647644e-06,5.9324,23.239,3.92,50,xenium_human_breast_cancer,7-12 genes
Contiguous Random,14,4,10,1,1,1,1,1.0,1.0,1.0,0.66,0.39,1,1.2343733248876276e-06,7.0983,25.2846,3.56,50,xenium_human_breast_cancer,7-12 genes
Contiguous Random,15,0,22,1,1,1,1,1.0,1.0,1.0,0.58,0.41,1,-1.5303023994661658e-06,11.2665,55.2725,4.91,50,xenium_human_breast_cancer,>16 genes
Contiguous Random,15,1,16,1,1,1,1,1.0,1.0,1.0,0.7,0.47,1,-1.6626739500757992e-06,10.5608,38.6748,3.66,50,xenium_human_breast_cancer,13-16 genes
Contiguous Random,15,2,6,1,1,1,1,0.0,0.0,0.0,0.04,0.17,1,0.0,5.5212,20.3134,3.68,50,xenium_human_breast_cancer,<=6 genes
Contiguous Random,15,3,17,1,1,1,1,1.0,1.0,1.0,0.8,0.43,1,-2.638918710218263e-07,11.0317,40.779,3.7,50,xenium_human_breast_cancer,>16 genes
Contiguous Random,15,4,13,1,1,1,1,1.0,0.8,0.9,0.9,0.48,1,3.0524203779025427e-06,7.4925,28.8776,3.85,50,xenium_human_breast_cancer,13-16 genes
Contiguous Random,16,0,13,1,1,1,1,0.6,0.7,0.75,0.46,0.34,1,-1.3008926584845426e-06,9.9768,35.1002,3.52,50,xenium_human_breast_cancer,13-16 genes
Contiguous Random,16,1,24,1,1,1,1,1.0,0.9,0.65,0.42,0.35,1,-1.4466813889058017e-06,13.1792,59.3065,4.5,50,xenium_human_breast_cancer,>16 genes
Contiguous Random,16,2,8,0,0,0,0,0.0,0.0,0.1,0.24,0.13,11,0.3552478720514864,5.8676,24.6681,4.2,50,xenium_human_breast_cancer,7-12 genes
Contiguous Random,16,3,8,1,1,1,1,1.0,0.9,0.85,0.64,0.39,1,4.572237406463842e-07,7.5417,24.6947,3.27,50,xenium_human_breast_cancer,7-12 genes
Contiguous Random,16,4,10,1,1,1,1,0.8,1.0,0.95,0.66,0.38,1,2.1613818681903707e-06,8.5817,25.7512,3.0,50,xenium_human_breast_cancer,7-12 genes
Contiguous Random,17,0,20,1,1,1,1,0.8,0.8,0.9,0.66,0.43,1,1.4314844452023578e-06,10.8742,48.7008,4.48,50,xenium_human_breast_cancer,>16 genes
Contiguous Random,17,1,13,1,1,1,1,0.6,0.8,1.0,0.86,0.5,1,0.0,7.8921,31.1917,3.95,50,xenium_human_breast_cancer,13-16 genes
Contiguous Random,17,2,11,1,1,1,1,0.6,0.7,0.95,0.74,0.5,1,0.0,7.0159,27.973,3.99,50,xenium_human_breast_cancer,7-12 genes
Contiguous Random,17,3,11,1,1,1,1,0.2,0.1,0.25,0.66,0.48,1,0.0,7.3146,25.4353,3.48,50,xenium_human_breast_cancer,7-12 genes
Contiguous Random,17,4,17,1,1,1,1,0.0,0.8,1.0,0.9,0.49,1,4.895348017619483e-06,10.3287,41.9935,4.07,50,xenium_human_breast_cancer,>16 genes
Contiguous Random,18,0,20,1,1,1,1,1.0,1.0,1.0,0.72,0.44,1,-4.4650872066398506e-07,14.3538,55.8908,3.89,50,xenium_human_breast_cancer,>16 genes
Contiguous Random,18,1,9,1,1,1,1,1.0,1.0,0.7,0.42,0.41,1,-3.3124287923159967e-06,7.6733,24.0135,3.13,50,xenium_human_breast_cancer,7-12 genes
Contiguous Random,18,2,13,1,1,1,1,1.0,1.0,1.0,0.72,0.38,1,-2.746350801330344e-06,9.6118,28.44,2.96,50,xenium_human_breast_cancer,13-16 genes
Contiguous Random,18,3,16,1,1,1,1,1.0,1.0,0.9,0.8,0.5,1,4.137268066362054e-06,9.2901,35.9696,3.87,50,xenium_human_breast_cancer,13-16 genes
Contiguous Random,18,4,24,1,1,1,1,1.0,1.0,0.95,0.66,0.46,1,4.293277127143114e-06,15.886,64.1766,4.04,50,xenium_human_breast_cancer,>16 genes
Contiguous Random,19,0,12,1,1,1,1,0.6,0.6,0.45,0.34,0.28,1,2.185591001513388e-06,6.8206,26.3419,3.86,50,xenium_human_breast_cancer,7-12 genes
Contiguous Random,19,1,7,1,1,1,1,1.0,1.0,0.95,0.84,0.49,1,2.0626942361934297e-06,5.2135,21.5872,4.14,50,xenium_human_breast_cancer,7-12 genes
Contiguous Random,19,2,6,1,1,1,1,1.0,0.9,0.6,0.28,0.2,1,-1.7089216601817725e-06,4.6686,20.2974,4.35,50,xenium_human_breast_cancer,<=6 genes
Contiguous Random,19,3,7,0,0,0,0,0.8,0.8,0.75,0.54,0.3,2,0.0484549630303789,4.7728,21.9143,4.59,50,xenium_human_breast_cancer,7-12 genes
Contiguous Random,19,4,6,1,1,1,1,0.6,0.6,0.6,0.44,0.34,1,-2.501707934143837e-06,4.4205,20.1436,4.56,50,xenium_human_breast_cancer,<=6 genes
Contiguous Random,20,0,8,1,1,1,1,1.0,0.9,0.9,0.68,0.45,1,-2.213920037553996e-06,6.7326,23.9664,3.56,50,xenium_human_breast_cancer,7-12 genes
Contiguous Random,20,1,13,1,1,1,1,1.0,1.0,0.95,0.9,0.46,1,-8.145733373932096e-07,9.7597,30.9347,3.17,50,xenium_human_breast_cancer,13-16 genes
Contiguous Random,20,2,21,1,1,1,1,1.0,1.0,1.0,0.8,0.48,1,-1.4031908430744975e-06,12.3875,53.9011,4.35,50,xenium_human_breast_cancer,>16 genes
Contiguous Random,20,3,23,1,1,1,1,1.0,1.0,0.95,0.78,0.44,1,-1.2690090571698676e-06,11.7003,60.3611,5.16,50,xenium_human_breast_cancer,>16 genes
Contiguous Random,20,4,24,1,1,1,1,1.0,1.0,1.0,0.64,0.45,1,4.999899095192717e-06,13.052,65.4857,5.02,50,xenium_human_breast_cancer,>16 genes
Contiguous Random,21,0,13,1,1,1,1,1.0,1.0,0.95,0.68,0.4,1,2.8108039717977817e-06,10.5767,33.9467,3.21,50,xenium_human_breast_cancer,13-16 genes
Contiguous Random,21,1,21,1,1,1,1,1.0,1.0,0.9,0.64,0.42,1,2.321017684714377e-06,14.7454,57.4941,3.9,50,xenium_human_breast_cancer,>16 genes
Contiguous Random,21,2,19,1,1,1,1,1.0,1.0,1.0,0.8,0.47,1,2.511043894148912e-06,11.4383,47.3638,4.14,50,xenium_human_breast_cancer,>16 genes
Contiguous Random,21,3,9,1,1,1,1,1.0,1.0,1.0,0.94,0.49,1,-2.269268035870464e-06,6.2401,22.7971,3.65,50,xenium_human_breast_cancer,7-12 genes
Contiguous Random,21,4,27,1,1,1,1,1.0,1.0,0.95,0.72,0.45,1,2.290238752866713e-06,15.5886,76.7176,4.92,50,xenium_human_breast_cancer,>16 genes
Contiguous Random,22,0,16,1,1,1,1,1.0,0.9,0.95,0.68,0.44,1,-1.0819244384840945e-06,10.6825,39.9433,3.74,50,xenium_human_breast_cancer,13-16 genes
Contiguous Random,22,1,18,1,1,1,1,1.0,0.9,0.9,0.6,0.39,1,4.937801239002226e-07,12.0622,43.9426,3.64,50,xenium_human_breast_cancer,>16 genes
Contiguous Random,22,2,6,1,1,1,1,1.0,1.0,0.75,0.72,0.49,1,-3.095624435678346e-07,4.3066,20.716,4.81,50,xenium_human_breast_cancer,<=6 genes
Contiguous Random,22,3,8,1,1,1,1,0.8,0.9,0.9,0.64,0.36,1,1.4496888777471018e-06,4.9412,20.8049,4.21,50,xenium_human_breast_cancer,7-12 genes
Contiguous Random,22,4,17,1,1,1,1,1.0,1.0,0.95,0.64,0.42,1,-1.8235996042115232e-06,10.736,39.906,3.72,50,xenium_human_breast_cancer,>16 genes
Contiguous Random,23,0,8,1,1,1,1,1.0,1.0,0.85,0.7,0.5,1,-7.863799278834405e-07,6.296,22.3449,3.55,50,xenium_human_breast_cancer,7-12 genes
Contiguous Random,23,1,11,1,1,1,1,1.0,0.9,0.85,0.74,0.47,1,2.776966489204113e-06,7.5519,25.9755,3.44,50,xenium_human_breast_cancer,7-12 genes
Contiguous Random,23,2,19,1,1,1,1,1.0,1.0,1.0,0.7,0.4,1,8.612804545116148e-07,10.2576,45.9438,4.48,50,xenium_human_breast_cancer,>16 genes
Contiguous Random,23,3,18,1,1,1,1,1.0,1.0,0.95,0.74,0.42,1,-3.8997646911731465e-06,9.5843,41.4163,4.32,50,xenium_human_breast_cancer,>16 genes
Contiguous Random,23,4,13,1,1,1,1,1.0,1.0,0.95,0.68,0.36,1,-4.632166929474657e-06,9.5304,31.9452,3.35,50,xenium_human_breast_cancer,13-16 genes
Contiguous Random,24,0,12,1,1,1,1,0.0,0.1,0.1,0.64,0.49,1,0.0,8.2366,27.2911,3.31,50,xenium_human_breast_cancer,7-12 genes
Contiguous Random,24,1,19,1,1,1,1,0.2,0.8,1.0,0.78,0.45,1,0.0,9.712,43.6337,4.49,50,xenium_human_breast_cancer,>16 genes
Contiguous Random,24,2,6,1,1,1,1,0.0,0.0,0.05,0.42,0.32,1,0.0,4.1668,20.3232,4.88,50,xenium_human_breast_cancer,<=6 genes
Contiguous Random,24,3,5,1,1,1,1,0.0,0.0,0.0,0.02,0.06,1,0.0,4.1451,18.9384,4.57,50,xenium_human_breast_cancer,<=6 genes
Contiguous Random,24,4,12,1,1,1,1,0.0,0.1,0.25,0.58,0.47,1,0.0,7.4255,27.2513,3.67,50,xenium_human_breast_cancer,7-12 genes
Contiguous Random,25,0,18,1,1,1,1,1.0,1.0,0.85,0.72,0.44,1,-3.692390290410685e-06,10.546,44.0153,4.17,50,xenium_human_breast_cancer,>16 genes
Contiguous Random,25,1,20,1,1,1,1,1.0,1.0,1.0,0.74,0.44,1,-7.996175241942183e-07,9.6636,46.2318,4.78,50,xenium_human_breast_cancer,>16 genes
Contiguous Random,25,2,17,1,1,1,1,1.0,1.0,1.0,0.66,0.41,1,7.28658934967541e-07,8.3979,37.8299,4.5,50,xenium_human_breast_cancer,>16 genes
Contiguous Random,25,3,10,1,1,1,1,0.8,0.9,0.95,0.84,0.46,1,-3.888454388978335e-06,7.4868,25.0918,3.35,50,xenium_human_breast_cancer,7-12 genes
Contiguous Random,25,4,5,1,1,1,1,0.8,0.9,0.75,0.74,0.5,1,0.0,3.8653,19.4003,5.02,50,xenium_human_breast_cancer,<=6 genes
Contiguous Random,26,0,14,1,1,1,1,1.0,1.0,0.9,0.7,0.44,1,4.184611726021359e-06,11.094,35.7619,3.22,50,xenium_human_breast_cancer,13-16 genes
Contiguous Random,26,1,20,1,1,1,1,1.0,0.9,0.9,0.66,0.4,1,-2.79231313449202e-06,13.4689,51.7153,3.84,50,xenium_human_breast_cancer,>16 genes
Contiguous Random,26,2,19,1,1,1,1,1.0,1.0,0.95,0.56,0.39,1,2.3867929224152817e-06,14.0674,52.5103,3.73,50,xenium_human_breast_cancer,>16 genes
Contiguous Random,26,3,27,1,1,1,1,1.0,1.0,0.9,0.58,0.43,1,-3.290601949146321e-06,15.8108,76.8009,4.86,50,xenium_human_breast_cancer,>16 genes
Contiguous Random,26,4,10,1,1,1,1,1.0,0.9,0.85,0.82,0.44,1,-3.489904885523032e-06,8.5518,25.8743,3.03,50,xenium_human_breast_cancer,7-12 genes
Contiguous Random,27,0,15,1,1,1,1,1.0,1.0,0.9,0.66,0.43,1,3.262513897894261e-06,9.764,34.2716,3.51,50,xenium_human_breast_cancer,13-16 genes
Contiguous Random,27,1,7,1,1,1,1,1.0,1.0,1.0,0.64,0.4,1,1.6663564314746068e-06,7.0715,22.5755,3.19,50,xenium_human_breast_cancer,7-12 genes
Contiguous Random,27,2,23,1,1,1,1,1.0,0.9,0.85,0.8,0.44,1,6.600709956394724e-07,11.9258,58.4756,4.9,50,xenium_human_breast_cancer,>16 genes
Contiguous Random,27,3,16,1,1,1,1,1.0,1.0,1.0,0.52,0.36,1,-4.836883544800941e-06,9.3676,33.6164,3.59,50,xenium_human_breast_cancer,13-16 genes
Contiguous Random,27,4,7,1,1,1,1,1.0,1.0,1.0,0.64,0.4,1,1.6663564314746068e-06,7.0351,22.3802,3.18,50,xenium_human_breast_cancer,7-12 genes
Contiguous Random,28,0,20,1,1,1,1,1.0,1.0,0.8,0.6,0.37,1,3.7134640074043546e-06,11.3309,46.521,4.11,50,xenium_human_breast_cancer,>16 genes
Contiguous Random,28,1,6,1,1,1,1,1.0,1.0,0.75,0.84,0.47,1,-3.3468354820875845e-07,4.411,20.2079,4.58,50,xenium_human_breast_cancer,<=6 genes
Contiguous Random,28,2,7,1,1,1,1,1.0,1.0,0.95,0.76,0.46,1,4.181831469662889e-06,5.7378,21.9825,3.83,50,xenium_human_breast_cancer,7-12 genes
Contiguous Random,28,3,10,1,1,1,1,1.0,0.9,0.75,0.56,0.37,1,-2.9078595953357933e-06,7.4765,23.4655,3.14,50,xenium_human_breast_cancer,7-12 genes
Contiguous Random,28,4,7,1,1,1,1,1.0,0.9,0.85,0.8,0.44,1,2.5838985395765235e-08,5.176,21.4738,4.15,50,xenium_human_breast_cancer,7-12 genes
Contiguous Random,29,0,12,1,1,1,1,1.0,0.9,0.75,0.66,0.41,1,4.141257594070247e-06,7.5945,28.6219,3.77,50,xenium_human_breast_cancer,7-12 genes
Contiguous Random,29,1,8,1,1,1,1,1.0,1.0,0.95,0.76,0.42,1,2.762079869156331e-06,6.0325,22.5809,3.74,50,xenium_human_breast_cancer,7-12 genes
Contiguous Random,29,2,12,1,1,1,1,1.0,1.0,0.9,0.84,0.5,1,-2.275755325187312e-06,6.9703,28.2146,4.05,50,xenium_human_breast_cancer,7-12 genes
Contiguous Random,29,3,7,1,1,1,1,1.0,0.9,0.9,0.7,0.5,1,0.0,4.4283,21.058,4.76,50,xenium_human_breast_cancer,7-12 genes
Contiguous Random,29,4,15,1,1,1,1,0.8,0.8,0.8,0.62,0.39,1,8.743164716662477e-07,9.1957,33.4729,3.64,50,xenium_human_breast_cancer,13-16 genes
Contiguous Random,30,0,12,1,1,1,1,1.0,1.0,0.95,0.56,0.36,1,2.101774421170433e-06,8.4639,30.3559,3.59,50,xenium_human_breast_cancer,7-12 genes
Contiguous Random,30,1,13,1,1,1,1,1.0,1.0,0.95,0.74,0.48,1,1.9002151940838985e-06,9.8681,31.3046,3.17,50,xenium_human_breast_cancer,13-16 genes
Contiguous Random,30,2,18,1,1,1,1,1.0,1.0,1.0,0.76,0.47,1,-3.8781128086640144e-08,10.8906,41.5614,3.82,50,xenium_human_breast_cancer,>16 genes
Contiguous Random,30,3,27,1,1,1,1,1.0,0.9,0.8,0.6,0.38,1,4.490334921669614e-06,16.0353,77.0363,4.8,50,xenium_human_breast_cancer,>16 genes
Contiguous Random,30,4,20,1,1,1,1,1.0,1.0,1.0,0.62,0.43,1,-1.7919687342882185e-06,15.0299,52.882,3.52,50,xenium_human_breast_cancer,>16 genes
Contiguous Random,31,0,7,1,1,1,1,0.0,0.0,0.05,0.12,0.1,1,0.0,4.9355,20.5837,4.17,50,xenium_human_breast_cancer,7-12 genes
Contiguous Random,31,1,19,1,1,1,1,1.0,0.9,0.95,0.66,0.35,1,2.679742003408592e-06,9.8628,43.732,4.43,50,xenium_human_breast_cancer,>16 genes
Contiguous Random,31,2,7,1,1,1,1,1.0,0.9,0.9,0.84,0.49,1,2.9520369276003766e-06,5.2595,21.3866,4.07,50,xenium_human_breast_cancer,7-12 genes
Contiguous Random,31,3,11,1,1,1,1,1.0,1.0,0.9,0.78,0.42,1,3.5619623592886285e-06,7.2375,27.9598,3.86,50,xenium_human_breast_cancer,7-12 genes
Contiguous Random,31,4,13,1,1,1,1,1.0,1.0,1.0,0.72,0.43,1,3.0478786025855964e-06,8.6292,29.1878,3.38,50,xenium_human_breast_cancer,13-16 genes
Contiguous Random,32,0,17,1,1,1,1,1.0,1.0,0.95,0.66,0.48,1,4.979660487958171e-06,11.8256,41.2224,3.49,50,xenium_human_breast_cancer,>16 genes
Contiguous Random,32,1,13,1,1,1,1,1.0,1.0,1.0,0.58,0.37,1,1.6412645287289254e-07,10.3232,33.324,3.23,50,xenium_human_breast_cancer,13-16 genes
Contiguous Random,32,2,15,1,1,1,1,1.0,1.0,1.0,0.6,0.38,1,1.934106119705348e-06,11.3719,34.8177,3.06,50,xenium_human_breast_cancer,13-16 genes
Contiguous Random,32,3,20,1,1,1,1,1.0,1.0,0.95,0.66,0.39,1,-2.8371123987902536e-06,13.4584,50.9532,3.79,50,xenium_human_breast_cancer,>16 genes
Contiguous Random,32,4,15,1,1,1,1,1.0,1.0,0.85,0.74,0.46,1,-2.323109301816117e-06,11.4355,36.6617,3.21,50,xenium_human_breast_cancer,13-16 genes
Contiguous Random,33,0,26,1,1,1,1,1.0,1.0,1.0,0.62,0.38,1,1.4474578069467723e-06,15.4579,71.3607,4.62,50,xenium_human_breast_cancer,>16 genes
Contiguous Random,33,1,27,1,1,1,1,1.0,1.0,0.85,0.54,0.39,1,-3.733090054858224e-07,15.7776,76.6406,4.86,50,xenium_human_breast_cancer,>16 genes
Contiguous Random,33,2,27,1,1,1,1,1.0,1.0,0.85,0.54,0.39,1,-3.733090054858224e-07,15.9234,76.4933,4.8,50,xenium_human_breast_cancer,>16 genes
Contiguous Random,33,3,10,1,1,1,1,0.8,0.8,0.65,0.78,0.42,1,4.994001187086372e-06,7.2832,26.0215,3.57,50,xenium_human_breast_cancer,7-12 genes
Contiguous Random,33,4,9,1,1,1,1,0.8,0.8,0.6,0.54,0.49,1,-9.393437703508756e-07,6.2346,22.8447,3.66,50,xenium_human_breast_cancer,7-12 genes
Contiguous Random,34,0,23,1,1,1,1,1.0,1.0,1.0,0.74,0.42,1,4.6521165817381416e-06,14.3958,58.34,4.05,50,xenium_human_breast_cancer,>16 genes
Contiguous Random,34,1,14,1,1,1,1,0.8,0.8,0.9,0.58,0.37,1,2.164293593120981e-06,10.0646,32.4576,3.22,50,xenium_human_breast_cancer,13-16 genes
Contiguous Random,34,2,25,1,1,1,1,1.0,1.0,1.0,0.68,0.42,1,-1.7138671872807263e-06,14.5891,66.7082,4.57,50,xenium_human_breast_cancer,>16 genes
Contiguous Random,34,3,16,1,1,1,1,1.0,1.0,0.95,0.54,0.43,1,4.901437759385896e-06,9.5198,36.2725,3.81,50,xenium_human_breast_cancer,13-16 genes
Contiguous Random,34,4,27,1,1,1,1,1.0,1.0,1.0,0.76,0.45,1,4.84782117426974e-06,15.7008,76.8682,4.9,50,xenium_human_breast_cancer,>16 genes
Contiguous Random,35,0,20,1,1,1,1,1.0,1.0,0.85,0.62,0.38,1,2.232817972736001e-06,11.0873,48.9199,4.41,50,xenium_human_breast_cancer,>16 genes
Contiguous Random,35,1,6,1,1,1,1,0.0,0.0,0.05,0.1,0.06,1,0.0,5.4814,19.794,3.61,50,xenium_human_breast_cancer,<=6 genes
Contiguous Random,35,2,18,1,1,1,1,1.0,1.0,1.0,0.58,0.4,1,2.083472472769188e-06,11.8365,41.9295,3.54,50,xenium_human_breast_cancer,>16 genes
Contiguous Random,35,3,6,1,1,1,1,0.0,0.0,0.0,0.0,0.04,1,0.0,4.453,19.5284,4.39,50,xenium_human_breast_cancer,<=6 genes
Contiguous Random,35,4,15,1,1,1,1,1.0,0.9,0.9,0.66,0.35,1,2.779866037805334e-06,9.5414,32.6968,3.43,50,xenium_human_breast_cancer,13-16 genes
Contiguous Random,36,0,26,1,1,1,1,1.0,1.0,0.95,0.76,0.47,1,-2.9057774413310256e-06,17.0399,74.1182,4.35,50,xenium_human_breast_cancer,>16 genes
Contiguous Random,36,1,11,1,1,1,1,1.0,0.9,0.85,0.82,0.46,1,-8.791945116382038e-09,8.8251,29.4295,3.33,50,xenium_human_breast_cancer,7-12 genes
Contiguous Random,36,2,23,1,1,1,1,1.0,0.9,0.95,0.84,0.5,1,-3.636401015416624e-06,14.8242,60.483,4.08,50,xenium_human_breast_cancer,>16 genes
Contiguous Random,36,3,23,1,1,1,1,1.0,1.0,1.0,0.82,0.48,1,-4.03411069793691e-06,11.9491,58.9107,4.93,50,xenium_human_breast_cancer,>16 genes
Contiguous Random,36,4,9,1,1,1,1,1.0,1.0,1.0,0.7,0.35,1,3.678639729817745e-06,7.9459,22.8525,2.88,50,xenium_human_breast_cancer,7-12 genes
Contiguous Random,37,0,10,1,1,1,1,1.0,1.0,1.0,0.78,0.46,1,-4.358370291335234e-06,9.4157,26.1086,2.77,50,xenium_human_breast_cancer,7-12 genes
Contiguous Random,37,1,7,1,1,1,1,1.0,1.0,1.0,0.76,0.45,1,4.374901910297879e-06,7.0467,21.7772,3.09,50,xenium_human_breast_cancer,7-12 genes
Contiguous Random,37,2,24,1,1,1,1,1.0,1.0,1.0,0.76,0.44,1,3.5021968285420257e-06,13.3199,62.0179,4.66,50,xenium_human_breast_cancer,>16 genes
Contiguous Random,37,3,19,1,1,1,1,1.0,1.0,1.0,0.74,0.46,1,3.605970688269622e-06,11.5864,45.0713,3.89,50,xenium_human_breast_cancer,>16 genes
Contiguous Random,37,4,7,1,1,1,1,1.0,0.9,1.0,0.88,0.49,1,-1.811310600396965e-07,7.491,21.7211,2.9,50,xenium_human_breast_cancer,7-12 genes
Contiguous Random,38,0,17,1,1,1,1,0.8,1.0,1.0,0.62,0.35,1,3.20607238754253e-06,10.1981,38.4719,3.77,50,xenium_human_breast_cancer,>16 genes
Contiguous Random,38,1,17,1,1,1,1,1.0,1.0,1.0,0.76,0.49,1,3.20607238754253e-06,11.7831,42.0449,3.57,50,xenium_human_breast_cancer,>16 genes
Contiguous Random,38,2,13,1,1,1,1,1.0,1.0,0.95,0.62,0.49,1,2.932558381268935e-06,8.8119,32.542,3.69,50,xenium_human_breast_cancer,13-16 genes
Contiguous Random,38,3,9,1,1,1,1,1.0,0.9,0.95,0.62,0.36,1,4.273834228515211e-06,6.9869,24.5092,3.51,50,xenium_human_breast_cancer,7-12 genes
Contiguous Random,38,4,23,1,1,1,1,1.0,1.0,0.8,0.76,0.49,1,2.3140503166985127e-06,14.639,61.3496,4.19,50,xenium_human_breast_cancer,>16 genes
Contiguous Random,39,0,9,1,1,1,1,1.0,0.8,0.9,0.78,0.48,1,2.432187398287988e-06,6.6335,23.4575,3.54,50,xenium_human_breast_cancer,7-12 genes
Contiguous Random,39,1,10,1,1,1,1,1.0,0.8,0.9,0.76,0.49,1,1.4672139423965724e-06,6.5171,24.0778,3.69,50,xenium_human_breast_cancer,7-12 genes
Contiguous Random,39,2,18,1,1,1,1,1.0,0.9,0.9,0.78,0.41,1,-3.988816282385344e-06,9.4461,41.9927,4.45,50,xenium_human_breast_cancer,>16 genes
Contiguous Random,39,3,10,1,1,1,1,1.0,1.0,1.0,0.5,0.43,1,1.8174133397178e-06,6.5194,24.4568,3.75,50,xenium_human_breast_cancer,7-12 genes
Contiguous Random,39,4,18,1,1,1,1,1.0,1.0,0.75,0.86,0.47,1,-1.100023650835169e-06,11.3526,43.1636,3.8,50,xenium_human_breast_cancer,>16 genes
Contiguous Random,40,0,12,1,1,1,1,1.0,1.0,1.0,0.64,0.4,1,-1.371036683378568e-06,7.3978,27.7783,3.75,50,xenium_human_breast_cancer,7-12 genes
Contiguous Random,40,1,10,1,1,1,1,1.0,1.0,0.9,0.76,0.47,1,-3.382184952105405e-06,7.5535,23.8009,3.15,50,xenium_human_breast_cancer,7-12 genes
Contiguous Random,40,2,17,1,1,1,1,1.0,1.0,0.95,0.68,0.35,1,8.540719513838724e-07,8.5937,36.4231,4.24,50,xenium_human_breast_cancer,>16 genes
Contiguous Random,40,3,20,1,1,1,1,1.0,1.0,0.95,0.78,0.43,1,2.335117587737301e-06,11.1538,48.5344,4.35,50,xenium_human_breast_cancer,>16 genes
Contiguous Random,40,4,11,1,1,1,1,1.0,1.0,0.8,0.66,0.39,1,2.0566714220571214e-06,8.1392,27.014,3.32,50,xenium_human_breast_cancer,7-12 genes
Contiguous Random,41,0,16,1,1,1,1,1.0,1.0,0.95,0.8,0.5,1,1.14021301261813e-07,10.3255,34.875,3.38,50,xenium_human_breast_cancer,13-16 genes
Contiguous Random,41,1,12,1,1,1,1,1.0,0.8,0.85,0.86,0.49,1,1.092588230167113e-06,8.1519,27.328,3.35,50,xenium_human_breast_cancer,7-12 genes
Contiguous Random,41,2,5,1,1,1,1,0.0,0.0,0.0,0.0,0.05,1,0.0,5.0242,19.1292,3.81,50,xenium_human_breast_cancer,<=6 genes
Contiguous Random,41,3,17,1,1,1,1,1.0,1.0,0.95,0.86,0.49,1,-3.404203808232697e-06,10.7737,38.3795,3.56,50,xenium_human_breast_cancer,>16 genes
Contiguous Random,41,4,13,1,1,1,1,1.0,0.9,0.75,0.8,0.5,1,-2.083972903466069e-06,8.6358,28.3413,3.28,50,xenium_human_breast_cancer,13-16 genes
Contiguous Random,42,0,14,1,1,1,1,1.0,1.0,0.9,0.74,0.48,1,0.0,9.851,34.9428,3.55,50,xenium_human_breast_cancer,13-16 genes
Contiguous Random,42,1,22,1,1,1,1,1.0,1.0,1.0,0.68,0.42,1,6.174346984799683e-07,13.0184,55.11,4.23,50,xenium_human_breast_cancer,>16 genes
Contiguous Random,42,2,23,1,1,1,1,1.0,1.0,0.95,0.5,0.42,1,4.609071425409894e-06,14.4584,63.3215,4.38,50,xenium_human_breast_cancer,>16 genes
Contiguous Random,42,3,6,1,1,1,1,0.8,1.0,0.95,0.88,0.44,1,0.0,5.558,20.9968,3.78,50,xenium_human_breast_cancer,<=6 genes
Contiguous Random,42,4,14,1,1,1,1,1.0,1.0,1.0,0.92,0.48,1,-1.0573262869684186e-06,10.8793,34.5662,3.18,50,xenium_human_breast_cancer,13-16 genes
Contiguous Random,43,0,13,1,1,1,1,0.6,0.7,0.75,0.42,0.22,1,-3.792833821840425e-06,7.2388,29.3535,4.06,50,xenium_human_breast_cancer,13-16 genes
Contiguous Random,43,1,8,1,1,1,1,0.0,0.0,0.25,0.5,0.5,1,0.0,5.575,22.4538,4.03,50,xenium_human_breast_cancer,7-12 genes
Contiguous Random,43,2,18,1,1,1,1,0.6,0.7,1.0,0.66,0.47,1,1.4987846442063304e-07,10.4428,40.5957,3.89,50,xenium_human_breast_cancer,>16 genes
Contiguous Random,43,3,15,1,1,1,1,0.8,0.5,0.5,0.92,0.48,1,-4.7179546310838205e-06,9.5888,35.0389,3.65,50,xenium_human_breast_cancer,13-16 genes
Contiguous Random,43,4,21,1,1,1,1,0.4,0.5,1.0,0.76,0.48,1,3.5812640977184174e-06,9.8673,50.2371,5.09,50,xenium_human_breast_cancer,>16 genes
Contiguous Random,44,0,18,1,1,1,1,1.0,1.0,0.95,0.78,0.47,1,1.9841282181687347e-06,12.9947,47.1506,3.63,50,xenium_human_breast_cancer,>16 genes
Contiguous Random,44,1,12,1,1,1,1,1.0,0.8,0.75,0.78,0.48,1,-4.98009820868589e-06,8.7231,29.5975,3.39,50,xenium_human_breast_cancer,7-12 genes
Contiguous Random,44,2,7,1,1,1,1,0.0,0.1,0.35,0.68,0.47,1,0.0,5.6493,22.113,3.91,50,xenium_human_breast_cancer,7-12 genes
Contiguous Random,44,3,6,1,1,1,1,0.8,0.9,0.9,0.8,0.5,1,0.0,4.766,20.7382,4.35,50,xenium_human_breast_cancer,<=6 genes
Contiguous Random,44,4,23,1,1,1,1,1.0,1.0,0.95,0.62,0.42,1,-2.592625657715786e-06,14.4791,58.6773,4.05,50,xenium_human_breast_cancer,>16 genes
Contiguous Random,45,0,17,1,1,1,1,1.0,1.0,0.95,0.72,0.48,1,-4.066961070137154e-06,11.2724,41.7978,3.71,50,xenium_human_breast_cancer,>16 genes
Contiguous Random,45,1,8,1,1,1,1,0.8,0.9,0.95,0.66,0.41,1,0.0,5.7356,22.8902,3.99,50,xenium_human_breast_cancer,7-12 genes
Contiguous Random,45,2,25,1,1,1,1,1.0,1.0,0.9,0.66,0.43,1,-4.107666016217593e-07,16.7651,65.7004,3.92,50,xenium_human_breast_cancer,>16 genes
Contiguous Random,45,3,27,1,1,1,1,1.0,0.9,0.85,0.66,0.42,1,4.7932868234568105e-06,15.7605,77.0084,4.89,50,xenium_human_breast_cancer,>16 genes
Contiguous Random,45,4,15,1,1,1,1,1.0,1.0,1.0,0.84,0.49,1,2.2852805918738284e-06,10.2581,36.6089,3.57,50,xenium_human_breast_cancer,13-16 genes
Contiguous Random,46,0,14,1,1,1,1,1.0,1.0,1.0,0.88,0.49,1,2.3094031527115533e-06,9.6474,36.6915,3.8,50,xenium_human_breast_cancer,13-16 genes
Contiguous Random,46,1,18,1,1,1,1,1.0,1.0,1.0,0.9,0.5,1,3.054714722061646e-06,12.3549,44.2695,3.58,50,xenium_human_breast_cancer,>16 genes
Contiguous Random,46,2,17,1,1,1,1,1.0,1.0,1.0,0.86,0.5,1,-8.585778159542201e-07,10.8489,40.0319,3.69,50,xenium_human_breast_cancer,>16 genes
Contiguous Random,46,3,9,1,1,1,1,1.0,1.0,1.0,0.84,0.49,1,-3.5824839274001263e-06,6.7735,23.4388,3.46,50,xenium_human_breast_cancer,7-12 genes
Contiguous Random,46,4,18,1,1,1,1,1.0,1.0,1.0,0.82,0.49,1,-3.459818475715082e-06,11.9043,43.3886,3.64,50,xenium_human_breast_cancer,>16 genes
Contiguous Random,47,0,17,1,1,1,1,1.0,1.0,0.9,0.72,0.42,1,-1.6703173906229551e-06,11.48,40.1335,3.5,50,xenium_human_breast_cancer,>16 genes
Contiguous Random,47,1,14,1,1,1,1,1.0,1.0,0.9,0.76,0.45,1,-2.4896764383441905e-06,9.1248,32.1295,3.52,50,xenium_human_breast_cancer,13-16 genes
Contiguous Random,47,2,5,1,1,1,1,1.0,1.0,1.0,0.86,0.48,1,1.2101816702636548e-06,4.2288,19.5271,4.62,50,xenium_human_breast_cancer,<=6 genes
Contiguous Random,47,3,14,1,1,1,1,1.0,1.0,1.0,0.86,0.47,1,-4.575459565892004e-06,10.037,31.0104,3.09,50,xenium_human_breast_cancer,13-16 genes
Contiguous Random,47,4,18,1,1,1,1,1.0,1.0,0.95,0.74,0.41,1,-2.7213908611045667e-06,11.6287,45.271,3.89,50,xenium_human_breast_cancer,>16 genes
Contiguous Random,48,0,25,1,1,1,1,1.0,1.0,0.8,0.76,0.45,1,-1.622314452998097e-06,16.6247,71.1744,4.28,50,xenium_human_breast_cancer,>16 genes
Contiguous Random,48,1,16,1,1,1,1,1.0,1.0,0.95,0.78,0.44,1,-4.788208007866501e-06,10.6412,38.3297,3.6,50,xenium_human_breast_cancer,13-16 genes
Contiguous Random,48,2,20,1,1,1,1,1.0,1.0,0.9,0.74,0.43,1,1.042234653247931e-06,14.3293,51.5624,3.6,50,xenium_human_breast_cancer,>16 genes
Contiguous Random,48,3,27,1,1,1,1,1.0,1.0,0.8,0.72,0.45,1,-4.4619243482202364e-06,15.8401,76.9949,4.86,50,xenium_human_breast_cancer,>16 genes
Contiguous Random,48,4,22,1,1,1,1,1.0,1.0,0.85,0.74,0.44,1,6.567734263107639e-07,14.2906,58.4637,4.09,50,xenium_human_breast_cancer,>16 genes
Contiguous Random,49,0,10,1,1,1,1,1.0,1.0,0.7,0.62,0.5,1,-3.811935333837557e-06,6.2791,26.3325,4.19,50,xenium_human_breast_cancer,7-12 genes
Contiguous Random,49,1,7,1,1,1,1,1.0,1.0,1.0,0.96,0.49,1,3.417656103246736e-06,5.9174,20.8518,3.52,50,xenium_human_breast_cancer,7-12 genes
Contiguous Random,49,2,21,1,1,1,1,1.0,0.9,0.85,0.84,0.48,1,1.2874259391892906e-06,9.8049,47.7551,4.87,50,xenium_human_breast_cancer,>16 genes
Contiguous Random,49,3,7,1,1,1,1,0.2,0.2,0.2,0.72,0.48,1,0.0,4.8913,22.1176,4.52,50,xenium_human_breast_cancer,7-12 genes
Contiguous Random,49,4,12,1,1,1,1,1.0,1.0,0.95,0.78,0.49,1,9.089005986728792e-07,7.283,27.6241,3.79,50,xenium_human_breast_cancer,7-12 genes
Non-Contiguous Random,0,0,7,1,1,1,1,0.0,0.0,0.0,0.0,0.06,1,0.0,5.9583,22.036,3.7,50,xenium_human_breast_cancer,7-12 genes
Non-Contiguous Random,0,1,18,1,1,1,1,1.0,1.0,0.9,0.66,0.49,1,1.1184214727157082e-06,10.4657,40.8133,3.9,50,xenium_human_breast_cancer,>16 genes
Non-Contiguous Random,0,2,16,1,1,1,1,1.0,1.0,0.85,0.64,0.49,1,9.719848632809905e-07,9.9065,38.5071,3.89,50,xenium_human_breast_cancer,13-16 genes
Non-Contiguous Random,0,3,12,1,1,1,1,0.8,1.0,0.95,0.68,0.43,1,-7.684824944792154e-07,8.0514,28.4456,3.53,50,xenium_human_breast_cancer,7-12 genes
Non-Contiguous Random,0,4,13,1,1,1,1,1.0,0.9,0.9,0.64,0.43,1,-6.692130770369342e-07,9.9761,32.1965,3.23,50,xenium_human_breast_cancer,13-16 genes
Non-Contiguous Random,1,0,18,1,1,1,1,1.0,1.0,0.95,0.74,0.5,1,4.7942881137297284e-08,10.347,39.5876,3.83,50,xenium_human_breast_cancer,>16 genes
Non-Contiguous Random,1,1,15,1,1,1,1,1.0,1.0,1.0,0.84,0.48,1,1.2208044696815357e-06,8.7624,35.1907,4.02,50,xenium_human_breast_cancer,13-16 genes
Non-Contiguous Random,1,2,15,1,1,1,1,1.0,1.0,0.95,0.82,0.5,1,-4.67425875227967e-06,8.69,36.668,4.22,50,xenium_human_breast_cancer,13-16 genes
Non-Contiguous Random,1,3,19,1,1,1,1,1.0,1.0,1.0,0.7,0.43,1,2.4186709035034504e-06,9.358,42.2267,4.51,50,xenium_human_breast_cancer,>16 genes
Non-Contiguous Random,1,4,13,1,1,1,1,1.0,1.0,1.0,0.86,0.48,1,2.523341066096308e-07,8.021,31.2029,3.89,50,xenium_human_breast_cancer,13-16 genes
Non-Contiguous Random,2,0,17,1,1,1,1,1.0,1.0,1.0,0.76,0.48,1,3.586618344986192e-06,10.7428,38.58,3.59,50,xenium_human_breast_cancer,>16 genes
Non-Contiguous Random,2,1,18,1,1,1,1,1.0,1.0,0.95,0.76,0.49,1,-2.8122949918066298e-06,9.6921,40.3338,4.16,50,xenium_human_breast_cancer,>16 genes
Non-Contiguous Random,2,2,11,1,1,1,1,0.8,1.0,0.8,0.68,0.39,1,2.124842738886537e-07,8.0755,26.6908,3.31,50,xenium_human_breast_cancer,7-12 genes
Non-Contiguous Random,2,3,11,1,1,1,1,1.0,1.0,0.85,0.88,0.49,1,-4.134114834963842e-06,6.9749,26.0571,3.74,50,xenium_human_breast_cancer,7-12 genes
Non-Contiguous Random,2,4,6,1,1,1,1,0.4,0.3,0.2,0.22,0.27,1,0.0,5.7222,19.8808,3.47,50,xenium_human_breast_cancer,<=6 genes
Non-Contiguous Random,3,0,16,1,1,1,1,1.0,1.0,1.0,0.76,0.47,1,-4.234824180604502e-06,10.9521,37.1406,3.39,50,xenium_human_breast_cancer,13-16 genes
Non-Contiguous Random,3,1,16,1,1,1,1,1.0,1.0,0.9,0.8,0.47,1,-2.933502197266513e-07,10.0882,37.112,3.68,50,xenium_human_breast_cancer,13-16 genes
Non-Contiguous Random,3,2,19,1,1,1,1,1.0,1.0,1.0,0.58,0.38,1,3.1392110870498424e-06,10.0418,43.6857,4.35,50,xenium_human_breast_cancer,>16 genes
Non-Contiguous Random,3,3,12,1,1,1,1,1.0,1.0,1.0,0.78,0.46,1,0.0,9.2111,29.9144,3.25,50,xenium_human_breast_cancer,7-12 genes
Non-Contiguous Random,3,4,18,1,1,1,1,1.0,1.0,0.95,0.58,0.38,1,2.660344288335504e-06,10.7059,40.5521,3.79,50,xenium_human_breast_cancer,>16 genes
Non-Contiguous Random,4,0,10,1,1,1,1,1.0,0.6,0.65,0.74,0.49,1,3.946250576786214e-06,7.0917,24.6281,3.47,50,xenium_human_breast_cancer,7-12 genes
Non-Contiguous Random,4,1,25,1,1,1,1,1.0,0.9,0.95,0.78,0.48,1,-1.2579345702867784e-06,17.0576,66.0471,3.87,50,xenium_human_breast_cancer,>16 genes
Non-Contiguous Random,4,2,16,1,1,1,1,1.0,1.0,0.9,0.72,0.48,1,-4.235305786082222e-06,12.8874,39.9495,3.1,50,xenium_human_breast_cancer,13-16 genes
Non-Contiguous Random,4,3,23,1,1,1,1,1.0,0.9,0.85,0.7,0.45,1,-3.5695630313803406e-06,16.3791,64.7291,3.95,50,xenium_human_breast_cancer,>16 genes
Non-Contiguous Random,4,4,21,1,1,1,1,1.0,1.0,1.0,0.86,0.46,1,4.0432918959609765e-06,11.9102,48.9026,4.11,50,xenium_human_breast_cancer,>16 genes
Non-Contiguous Random,5,0,15,1,1,1,1,1.0,0.9,0.95,0.8,0.43,1,-2.976639274399062e-06,7.9078,31.4326,3.97,50,xenium_human_breast_cancer,13-16 genes
Non-Contiguous Random,5,1,15,1,1,1,1,1.0,1.0,1.0,0.82,0.48,1,-1.8672967884159064e-06,10.5668,36.809,3.48,50,xenium_human_breast_cancer,13-16 genes
Non-Contiguous Random,5,2,19,1,1,1,1,1.0,1.0,0.95,0.7,0.4,1,1.2948529497514016e-06,10.0957,43.5253,4.31,50,xenium_human_breast_cancer,>16 genes
Non-Contiguous Random,5,3,4,0,0,0,0,0.8,0.4,0.35,0.54,0.5,2,0.01987,3.4115,18.9115,5.54,50,xenium_human_breast_cancer,<=6 genes
Non-Contiguous Random,5,4,16,1,1,1,1,1.0,1.0,0.9,0.92,0.46,1,-2.617340087773812e-06,9.9571,39.4918,3.97,50,xenium_human_breast_cancer,13-16 genes
Non-Contiguous Random,6,0,14,1,1,1,1,1.0,1.0,0.95,0.8,0.47,1,-7.037109366336836e-07,9.4459,32.8844,3.48,50,xenium_human_breast_cancer,13-16 genes
Non-Contiguous Random,6,1,15,1,1,1,1,0.8,0.9,0.85,0.7,0.43,1,-8.379936304869773e-07,10.0135,35.1407,3.51,50,xenium_human_breast_cancer,13-16 genes
Non-Contiguous Random,6,2,12,1,1,1,1,1.0,0.9,0.9,0.7,0.47,1,4.030701271862114e-06,8.8991,29.4718,3.31,50,xenium_human_breast_cancer,7-12 genes
Non-Contiguous Random,6,3,9,1,1,1,1,1.0,1.0,0.85,0.66,0.46,1,1.824061075850203e-06,7.0712,22.8912,3.24,50,xenium_human_breast_cancer,7-12 genes
Non-Contiguous Random,6,4,4,1,1,1,1,0.4,0.5,0.5,0.52,0.48,1,-2.2522735595720267e-06,3.5596,18.2886,5.14,50,xenium_human_breast_cancer,<=6 genes
Non-Contiguous Random,7,0,17,1,1,1,1,1.0,1.0,1.0,0.74,0.46,1,3.552199828504854e-06,12.3101,42.9341,3.49,50,xenium_human_breast_cancer,>16 genes
Non-Contiguous Random,7,1,13,1,1,1,1,1.0,1.0,1.0,0.8,0.47,1,-4.483500064988988e-06,12.7078,29.8105,2.35,50,xenium_human_breast_cancer,13-16 genes
Non-Contiguous Random,7,2,9,1,1,1,1,1.0,1.0,0.95,0.78,0.47,1,-1.336364746085117e-06,9.5068,23.2417,2.44,50,xenium_human_breast_cancer,7-12 genes
Non-Contiguous Random,7,3,15,1,1,1,1,1.0,1.0,0.9,0.8,0.47,1,-1.3423300009307582e-06,13.6151,37.4865,2.75,50,xenium_human_breast_cancer,13-16 genes
Non-Contiguous Random,7,4,8,1,1,1,1,1.0,1.0,1.0,0.66,0.35,1,-1.6841931807301536e-06,6.6491,21.5787,3.25,50,xenium_human_breast_cancer,7-12 genes
Non-Contiguous Random,8,0,11,1,1,1,1,1.0,1.0,0.95,0.86,0.5,1,-7.286468426126458e-07,8.6808,26.254,3.02,50,xenium_human_breast_cancer,7-12 genes
Non-Contiguous Random,8,1,13,1,1,1,1,1.0,1.0,0.95,0.78,0.45,1,2.741185297638893e-07,9.5765,30.2879,3.16,50,xenium_human_breast_cancer,13-16 genes
Non-Contiguous Random,8,2,16,1,1,1,1,1.0,1.0,0.85,0.84,0.48,1,4.175491333135994e-06,10.7852,37.1548,3.44,50,xenium_human_breast_cancer,13-16 genes
Non-Contiguous Random,8,3,19,1,1,1,1,1.0,1.0,1.0,0.54,0.34,1,4.746195421567734e-06,10.2216,46.3594,4.54,50,xenium_human_breast_cancer,>16 genes
Non-Contiguous Random,8,4,12,1,1,1,1,1.0,1.0,0.95,0.68,0.41,1,-3.0870542975665848e-06,8.2419,27.128,3.29,50,xenium_human_breast_cancer,7-12 genes
Non-Contiguous Random,9,0,16,1,1,1,1,1.0,1.0,0.95,0.72,0.49,1,1.020812989693809e-07,10.9926,35.0971,3.19,50,xenium_human_breast_cancer,13-16 genes
Non-Contiguous Random,9,1,15,1,1,1,1,1.0,0.9,0.9,0.8,0.45,1,3.878683771940672e-06,8.7398,31.896,3.65,50,xenium_human_breast_cancer,13-16 genes
Non-Contiguous Random,9,2,14,1,1,1,1,1.0,1.0,0.95,0.42,0.36,1,-6.405842269963102e-07,8.2567,30.3207,3.67,50,xenium_human_breast_cancer,13-16 genes
Non-Contiguous Random,9,3,17,1,1,1,1,1.0,1.0,1.0,0.68,0.5,1,1.2671984470635778e-06,10.2977,38.4258,3.73,50,xenium_human_breast_cancer,>16 genes
Non-Contiguous Random,9,4,14,1,1,1,1,1.0,1.0,0.75,0.74,0.5,1,-1.5503393830940126e-06,8.3152,32.8529,3.95,50,xenium_human_breast_cancer,13-16 genes
Non-Contiguous Random,10,0,8,1,1,1,1,1.0,1.0,1.0,0.72,0.48,1,-8.813418008735141e-07,7.7415,23.3821,3.02,50,xenium_human_breast_cancer,7-12 genes
Non-Contiguous Random,10,1,19,1,1,1,1,1.0,1.0,1.0,0.84,0.48,1,3.213095080667472e-06,12.5683,43.1389,3.43,50,xenium_human_breast_cancer,>16 genes
Non-Contiguous Random,10,2,19,1,1,1,1,1.0,1.0,0.9,0.62,0.42,1,-4.88327020242707e-06,14.2122,49.4638,3.48,50,xenium_human_breast_cancer,>16 genes
Non-Contiguous Random,10,3,20,1,1,1,1,1.0,1.0,1.0,0.78,0.45,1,2.767860088681573e-06,15.1019,48.8411,3.23,50,xenium_human_breast_cancer,>16 genes
Non-Contiguous Random,10,4,11,1,1,1,1,1.0,1.0,0.95,0.78,0.44,1,-1.1180282051825865e-06,8.2044,26.2632,3.2,50,xenium_human_breast_cancer,7-12 genes
Non-Contiguous Random,11,0,14,1,1,1,1,0.8,0.8,0.85,0.64,0.49,1,-3.8123749789079056e-06,8.5446,30.5684,3.58,50,xenium_human_breast_cancer,13-16 genes
Non-Contiguous Random,11,1,27,1,1,1,1,1.0,1.0,1.0,0.68,0.42,1,-4.817598858508632e-06,15.8365,78.4358,4.95,50,xenium_human_breast_cancer,>16 genes
Non-Contiguous Random,11,2,12,1,1,1,1,1.0,1.0,0.95,0.96,0.48,1,1.911041354565879e-06,8.4795,28.4377,3.35,50,xenium_human_breast_cancer,7-12 genes
Non-Contiguous Random,11,3,23,1,1,1,1,1.0,0.9,0.9,0.74,0.48,1,-3.851953905176231e-06,15.7938,60.0895,3.8,50,xenium_human_breast_cancer,>16 genes
Non-Contiguous Random,11,4,12,1,1,1,1,1.0,1.0,1.0,0.72,0.46,1,1.911041354565879e-06,8.3128,28.9242,3.48,50,xenium_human_breast_cancer,7-12 genes
Non-Contiguous Random,12,0,12,1,1,1,1,1.0,1.0,0.95,0.58,0.31,1,0.0,7.5833,26.2619,3.46,50,xenium_human_breast_cancer,7-12 genes
Non-Contiguous Random,12,1,16,1,1,1,1,0.8,0.7,1.0,0.72,0.48,1,0.0,12.5316,41.3506,3.3,50,xenium_human_breast_cancer,13-16 genes
Non-Contiguous Random,12,2,10,1,1,1,1,0.2,0.3,0.3,0.8,0.5,1,0.0,9.3012,24.8072,2.67,50,xenium_human_breast_cancer,7-12 genes
Non-Contiguous Random,12,3,19,1,1,1,1,1.0,0.7,0.95,0.74,0.48,1,-2.651015540422464e-06,11.6257,46.1743,3.97,50,xenium_human_breast_cancer,>16 genes
Non-Contiguous Random,12,4,6,1,1,1,1,0.0,0.1,0.15,0.26,0.34,1,0.0,7.3389,20.619,2.81,50,xenium_human_breast_cancer,<=6 genes
Non-Contiguous Random,13,0,17,1,1,1,1,1.0,1.0,0.95,0.8,0.45,1,-9.9788284496638e-07,10.5917,38.9897,3.68,50,xenium_human_breast_cancer,>16 genes
Non-Contiguous Random,13,1,19,1,1,1,1,1.0,1.0,1.0,0.88,0.47,1,-4.156385905673687e-06,9.3448,44.7074,4.78,50,xenium_human_breast_cancer,>16 genes
Non-Contiguous Random,13,2,20,1,1,1,1,1.0,1.0,1.0,0.78,0.45,1,4.88740768211926e-06,11.048,46.4294,4.2,50,xenium_human_breast_cancer,>16 genes
Non-Contiguous Random,13,3,17,1,1,1,1,1.0,1.0,0.7,0.86,0.49,1,-3.1948031975481683e-06,9.3691,36.3323,3.88,50,xenium_human_breast_cancer,>16 genes
Non-Contiguous Random,13,4,8,1,1,1,1,1.0,1.0,0.95,0.78,0.44,1,9.878595022272396e-07,5.4815,22.9491,4.19,50,xenium_human_breast_cancer,7-12 genes
Non-Contiguous Random,14,0,6,1,1,1,1,0.6,0.6,0.45,0.38,0.33,1,0.0,6.2971,20.3347,3.23,50,xenium_human_breast_cancer,<=6 genes
Non-Contiguous Random,14,1,5,1,1,1,1,0.0,0.0,0.0,0.08,0.1,1,0.0,6.0023,19.0263,3.17,50,xenium_human_breast_cancer,<=6 genes
Non-Contiguous Random,14,2,11,1,1,1,1,1.0,1.0,1.0,0.62,0.39,1,4.3363281219468974e-06,8.0369,24.9989,3.11,50,xenium_human_breast_cancer,7-12 genes
Non-Contiguous Random,14,3,20,1,1,1,1,1.0,0.9,0.95,0.7,0.47,1,-3.071468915649689e-06,9.8208,45.0603,4.59,50,xenium_human_breast_cancer,>16 genes
Non-Contiguous Random,14,4,14,1,1,1,1,1.0,1.0,1.0,0.58,0.37,1,2.658112361761389e-06,8.1305,30.3119,3.73,50,xenium_human_breast_cancer,13-16 genes
Non-Contiguous Random,15,0,6,1,1,1,1,1.0,0.9,0.6,0.42,0.43,1,5.384074830624974e-07,6.2953,21.8247,3.47,50,xenium_human_breast_cancer,<=6 genes
Non-Contiguous Random,15,1,8,1,1,1,1,1.0,1.0,1.0,0.76,0.38,1,3.2421347283262403e-06,6.2402,21.8914,3.51,50,xenium_human_breast_cancer,7-12 genes
Non-Contiguous Random,15,2,19,1,1,1,1,1.0,1.0,1.0,0.68,0.44,1,-4.338421386123476e-06,11.4401,45.0844,3.94,50,xenium_human_breast_cancer,>16 genes
Non-Contiguous Random,15,3,18,1,1,1,1,1.0,1.0,0.95,0.92,0.48,1,-3.972220388170911e-06,10.4027,43.519,4.18,50,xenium_human_breast_cancer,>16 genes
Non-Contiguous Random,15,4,15,1,1,1,1,1.0,1.0,1.0,0.74,0.44,1,-1.95122531909675e-07,11.4918,38.1542,3.32,50,xenium_human_breast_cancer,13-16 genes
Non-Contiguous Random,16,0,14,1,1,1,1,1.0,0.8,0.65,0.46,0.26,1,-3.550445807132263e-06,10.3155,34.9386,3.39,50,xenium_human_breast_cancer,13-16 genes
Non-Contiguous Random,16,1,7,1,1,1,1,1.0,1.0,0.85,0.68,0.49,1,-2.476085045357429e-06,8.6676,21.9915,2.54,50,xenium_human_breast_cancer,7-12 genes
Non-Contiguous Random,16,2,24,1,1,1,1,1.0,1.0,0.65,0.42,0.31,1,2.403950607465788e-06,14.4297,59.8856,4.15,50,xenium_human_breast_cancer,>16 genes
Non-Contiguous Random,16,3,20,1,1,1,1,1.0,0.9,0.7,0.48,0.37,1,1.2137273222023737e-06,14.6259,51.3951,3.51,50,xenium_human_breast_cancer,>16 genes
Non-Contiguous Random,16,4,18,1,1,1,1,1.0,1.0,0.9,0.5,0.42,1,4.677523541385398e-06,14.2364,43.0787,3.03,50,xenium_human_breast_cancer,>16 genes
Non-Contiguous Random,17,0,12,1,1,1,1,0.6,0.4,0.4,0.96,0.49,1,-4.913088256397469e-06,9.4319,28.7114,3.04,50,xenium_human_breast_cancer,7-12 genes
Non-Contiguous Random,17,1,10,1,1,1,1,1.0,0.9,0.85,0.42,0.23,1,-4.166644005969104e-06,7.3873,23.8135,3.22,50,xenium_human_breast_cancer,7-12 genes
Non-Contiguous Random,17,2,11,1,1,1,1,0.2,0.3,0.6,0.8,0.45,1,0.0,8.0352,27.0977,3.37,50,xenium_human_breast_cancer,7-12 genes
Non-Contiguous Random,17,3,5,1,1,1,1,0.0,0.0,0.2,0.18,0.14,1,0.0,4.9375,19.2335,3.9,50,xenium_human_breast_cancer,<=6 genes
Non-Contiguous Random,17,4,12,1,1,1,1,0.6,0.6,0.9,0.88,0.45,1,4.978697955682065e-06,8.0081,27.9284,3.49,50,xenium_human_breast_cancer,7-12 genes
Non-Contiguous Random,18,0,6,1,1,1,1,0.0,0.0,0.0,0.08,0.07,1,0.0,5.4468,20.291,3.73,50,xenium_human_breast_cancer,<=6 genes
Non-Contiguous Random,18,1,21,1,1,1,1,1.0,0.9,0.95,0.68,0.45,1,4.4029310939386335e-06,15.9193,53.842,3.38,50,xenium_human_breast_cancer,>16 genes
Non-Contiguous Random,18,2,18,1,1,1,1,1.0,1.0,0.95,0.82,0.48,1,4.5491003772824e-06,11.4757,39.573,3.45,50,xenium_human_breast_cancer,>16 genes
Non-Contiguous Random,18,3,10,1,1,1,1,1.0,1.0,0.95,0.88,0.48,1,1.2734423404658912e-06,8.7911,27.533,3.13,50,xenium_human_breast_cancer,7-12 genes
Non-Contiguous Random,18,4,10,1,1,1,1,1.0,1.0,1.0,0.66,0.37,1,-1.1258062471708463e-06,7.9414,24.2496,3.05,50,xenium_human_breast_cancer,7-12 genes
Non-Contiguous Random,19,0,16,1,1,1,1,0.8,0.7,0.35,0.22,0.29,1,1.8666076662121607e-06,9.529,34.8283,3.65,50,xenium_human_breast_cancer,13-16 genes
Non-Contiguous Random,19,1,18,1,1,1,1,0.6,0.3,0.15,0.24,0.19,1,-4.8203730851348325e-06,9.7098,42.5569,4.38,50,xenium_human_breast_cancer,>16 genes
Non-Contiguous Random,19,2,11,0,0,0,0,0.0,0.0,0.0,0.0,0.19,15,0.51958760546513,7.5075,27.7522,3.7,50,xenium_human_breast_cancer,7-12 genes
Non-Contiguous Random,19,3,15,0,0,0,0,0.4,0.2,0.1,0.28,0.23,3,0.1994181957354426,9.8511,34.6825,3.52,50,xenium_human_breast_cancer,13-16 genes
Non-Contiguous Random,19,4,13,1,1,1,1,1.0,0.6,0.65,0.36,0.21,1,1.815850790176654e-06,7.6393,28.0876,3.68,50,xenium_human_breast_cancer,13-16 genes
Non-Contiguous Random,20,0,8,1,1,1,1,1.0,1.0,1.0,0.52,0.4,1,1.6895450871204365e-06,5.9059,24.1271,4.09,50,xenium_human_breast_cancer,7-12 genes
Non-Contiguous Random,20,1,11,1,1,1,1,1.0,0.9,0.95,0.6,0.46,1,-3.458930619260059e-06,8.593,27.5366,3.2,50,xenium_human_breast_cancer,7-12 genes
Non-Contiguous Random,20,2,17,1,1,1,1,1.0,1.0,1.0,0.82,0.44,1,2.782773877996192e-06,11.2988,45.8786,4.06,50,xenium_human_breast_cancer,>16 genes
Non-Contiguous Random,20,3,22,1,1,1,1,1.0,1.0,1.0,0.74,0.45,1,3.979796818764925e-06,14.7531,57.5532,3.9,50,xenium_human_breast_cancer,>16 genes
Non-Contiguous Random,20,4,19,1,1,1,1,1.0,1.0,1.0,0.86,0.44,1,1.447928540176946e-06,13.2091,46.7532,3.54,50,xenium_human_breast_cancer,>16 genes
Non-Contiguous Random,21,0,19,1,1,1,1,1.0,1.0,0.95,0.82,0.46,1,2.51389734673424e-06,12.7522,46.7149,3.66,50,xenium_human_breast_cancer,>16 genes
Non-Contiguous Random,21,1,11,1,1,1,1,1.0,1.0,1.0,0.8,0.48,1,-1.2957186197870565e-06,10.2071,28.5729,2.8,50,xenium_human_breast_cancer,7-12 genes
Non-Contiguous Random,21,2,17,1,1,1,1,1.0,1.0,0.9,0.78,0.47,1,2.881386212294501e-06,12.1339,40.0773,3.3,50,xenium_human_breast_cancer,>16 genes
Non-Contiguous Random,21,3,11,1,1,1,1,1.0,1.0,0.95,0.88,0.48,1,-1.5273381340774606e-06,10.5982,26.6051,2.51,50,xenium_human_breast_cancer,7-12 genes
Non-Contiguous Random,21,4,8,0,0,0,0,0.0,0.1,0.15,0.28,0.34,2,0.00565,5.47,20.7625,3.8,50,xenium_human_breast_cancer,7-12 genes
Non-Contiguous Random,22,0,13,1,1,1,1,1.0,1.0,0.75,0.56,0.41,1,-4.479051498584852e-07,8.8072,30.3527,3.45,50,xenium_human_breast_cancer,13-16 genes
Non-Contiguous Random,22,1,14,1,1,1,1,1.0,0.9,0.9,0.74,0.43,1,-3.4241323678685376e-06,8.4378,31.6956,3.76,50,xenium_human_breast_cancer,13-16 genes
Non-Contiguous Random,22,2,10,1,1,1,1,1.0,0.9,0.9,0.64,0.42,1,-5.138560861261965e-07,7.5837,26.5534,3.5,50,xenium_human_breast_cancer,7-12 genes
Non-Contiguous Random,22,3,19,1,1,1,1,1.0,0.9,0.9,0.6,0.4,1,-7.147407665719641e-07,10.3172,43.448,4.21,50,xenium_human_breast_cancer,>16 genes
Non-Contiguous Random,22,4,10,1,1,1,1,1.0,1.0,0.95,0.8,0.48,1,1.328822433532828e-06,8.0066,26.373,3.29,50,xenium_human_breast_cancer,7-12 genes
Non-Contiguous Random,23,0,5,1,1,1,1,1.0,1.0,1.0,0.76,0.44,1,-8.048585253273011e-07,6.0671,20.3166,3.35,50,xenium_human_breast_cancer,<=6 genes
Non-Contiguous Random,23,1,6,1,1,1,1,0.8,0.8,0.85,0.84,0.5,1,3.4972432213786764e-06,5.5606,20.3908,3.67,50,xenium_human_breast_cancer,<=6 genes
Non-Contiguous Random,23,2,5,1,1,1,1,0.6,0.5,0.5,0.62,0.5,1,2.002033210586271e-06,5.4064,18.7685,3.47,50,xenium_human_breast_cancer,<=6 genes
Non-Contiguous Random,23,3,8,1,1,1,1,1.0,1.0,0.95,0.78,0.47,1,2.7494367613734028e-06,6.9019,21.8726,3.17,50,xenium_human_breast_cancer,7-12 genes
Non-Contiguous Random,23,4,12,1,1,1,1,1.0,1.0,1.0,0.78,0.46,1,2.7164894778053394e-06,8.8691,26.6253,3.0,50,xenium_human_breast_cancer,7-12 genes
Non-Contiguous Random,24,0,15,1,1,1,1,0.4,0.6,1.0,0.84,0.49,1,0.0,10.2333,35.1617,3.44,50,xenium_human_breast_cancer,13-16 genes
Non-Contiguous Random,24,1,10,1,1,1,1,0.2,0.1,0.25,0.46,0.41,1,0.0,7.4341,23.7899,3.2,50,xenium_human_breast_cancer,7-12 genes
Non-Contiguous Random,24,2,10,1,1,1,1,0.0,0.1,0.2,0.76,0.46,1,0.0,6.9005,24.6297,3.57,50,xenium_human_breast_cancer,7-12 genes
Non-Contiguous Random,24,3,12,1,1,1,1,0.2,0.1,0.4,0.74,0.5,1,0.0,7.9153,27.6327,3.49,50,xenium_human_breast_cancer,7-12 genes
Non-Contiguous Random,24,4,15,1,1,1,1,0.8,0.7,1.0,0.84,0.5,1,0.0,10.6208,35.2175,3.32,50,xenium_human_breast_cancer,13-16 genes
Non-Contiguous Random,25,0,10,1,1,1,1,1.0,0.9,0.9,0.76,0.48,1,-3.257109452092788e-06,8.4305,24.1985,2.87,50,xenium_human_breast_cancer,7-12 genes
Non-Contiguous Random,25,1,12,1,1,1,1,1.0,1.0,0.9,0.92,0.49,1,-2.843659935497511e-06,8.8378,27.0206,3.06,50,xenium_human_breast_cancer,7-12 genes
Non-Contiguous Random,25,2,13,1,1,1,1,1.0,1.0,0.95,0.86,0.48,1,3.831901898454504e-06,8.2036,29.776,3.63,50,xenium_human_breast_cancer,13-16 genes
Non-Contiguous Random,25,3,5,1,1,1,1,0.6,0.4,0.45,0.38,0.28,1,0.0,4.3449,18.8662,4.34,50,xenium_human_breast_cancer,<=6 genes
Non-Contiguous Random,25,4,19,1,1,1,1,1.0,1.0,0.95,0.7,0.39,1,3.1843120833485727e-06,9.3052,42.1497,4.53,50,xenium_human_breast_cancer,>16 genes
Non-Contiguous Random,26,0,16,1,1,1,1,0.8,0.9,0.85,0.62,0.45,1,1.5474700929551943e-06,11.4325,37.5628,3.29,50,xenium_human_breast_cancer,13-16 genes
Non-Contiguous Random,26,1,10,1,1,1,1,1.0,1.0,0.85,0.54,0.43,1,-1.6893606350210089e-06,6.9971,23.4773,3.36,50,xenium_human_breast_cancer,7-12 genes
Non-Contiguous Random,26,2,10,1,1,1,1,1.0,1.0,0.95,0.74,0.46,1,1.775288906102901e-06,8.7437,26.2801,3.01,50,xenium_human_breast_cancer,7-12 genes
Non-Contiguous Random,26,3,19,1,1,1,1,1.0,1.0,0.9,0.78,0.49,1,2.8447409987641947e-06,12.6818,44.6109,3.52,50,xenium_human_breast_cancer,>16 genes
Non-Contiguous Random,26,4,17,1,1,1,1,1.0,0.9,0.75,0.68,0.45,1,2.183378238207468e-06,13.1344,43.589,3.32,50,xenium_human_breast_cancer,>16 genes
Non-Contiguous Random,27,0,14,1,1,1,1,1.0,0.8,0.7,0.74,0.5,1,4.331296560995158e-06,12.262,32.7158,2.67,50,xenium_human_breast_cancer,13-16 genes
Non-Contiguous Random,27,1,16,1,1,1,1,1.0,0.9,0.7,0.74,0.47,1,-4.836883544800941e-06,9.7513,34.4492,3.53,50,xenium_human_breast_cancer,13-16 genes
Non-Contiguous Random,27,2,22,1,1,1,1,1.0,1.0,1.0,0.72,0.46,1,4.207479769480216e-06,14.9798,57.5029,3.84,50,xenium_human_breast_cancer,>16 genes
Non-Contiguous Random,27,3,15,1,1,1,1,1.0,1.0,0.85,0.9,0.49,1,2.7942612081943707e-06,10.194,33.9741,3.33,50,xenium_human_breast_cancer,13-16 genes
Non-Contiguous Random,27,4,15,1,1,1,1,1.0,1.0,0.85,0.86,0.48,1,2.7942612081943707e-06,12.5267,34.9185,2.79,50,xenium_human_breast_cancer,13-16 genes
Non-Contiguous Random,28,0,12,1,1,1,1,1.0,0.9,0.95,0.7,0.43,1,-4.34701981344432e-06,7.7409,26.8,3.46,50,xenium_human_breast_cancer,7-12 genes
Non-Contiguous Random,28,1,7,1,1,1,1,1.0,1.0,0.95,0.7,0.49,1,2.870637578866741e-06,4.7947,20.5217,4.28,50,xenium_human_breast_cancer,7-12 genes
Non-Contiguous Random,28,2,13,1,1,1,1,1.0,1.0,1.0,0.82,0.48,1,-3.1389991532737582e-06,9.5782,30.6474,3.2,50,xenium_human_breast_cancer,13-16 genes
Non-Contiguous Random,28,3,4,1,1,1,1,0.8,0.7,0.7,0.5,0.41,1,-3.486160635949448e-06,3.4715,18.0795,5.21,50,xenium_human_breast_cancer,<=6 genes
Non-Contiguous Random,28,4,8,1,1,1,1,1.0,1.0,0.85,0.68,0.34,1,2.966976883733708e-06,6.8558,22.2001,3.24,50,xenium_human_breast_cancer,7-12 genes
Non-Contiguous Random,29,0,12,1,1,1,1,1.0,1.0,0.95,0.84,0.48,1,3.475514376738431e-06,9.2519,28.3453,3.06,50,xenium_human_breast_cancer,7-12 genes
Non-Contiguous Random,29,1,7,1,1,1,1,1.0,1.0,1.0,0.68,0.44,1,1.3025442487935024e-06,6.1149,21.717,3.55,50,xenium_human_breast_cancer,7-12 genes
Non-Contiguous Random,29,2,10,1,1,1,1,1.0,1.0,1.0,0.8,0.46,1,1.3857580312137685e-06,7.2766,24.9394,3.43,50,xenium_human_breast_cancer,7-12 genes
Non-Contiguous Random,29,3,12,1,1,1,1,1.0,1.0,0.95,0.82,0.49,1,4.791349286215052e-07,9.1009,28.9437,3.18,50,xenium_human_breast_cancer,7-12 genes
Non-Contiguous Random,29,4,11,1,1,1,1,1.0,1.0,1.0,0.66,0.46,1,3.472191558273608e-06,9.0381,26.7225,2.96,50,xenium_human_breast_cancer,7-12 genes
Non-Contiguous Random,30,0,18,1,1,1,1,1.0,0.9,0.95,0.76,0.46,1,4.826817931125049e-06,12.1349,39.9756,3.29,50,xenium_human_breast_cancer,>16 genes
Non-Contiguous Random,30,1,19,1,1,1,1,1.0,1.0,0.85,0.58,0.45,1,-2.628570054508117e-06,13.9432,51.1193,3.67,50,xenium_human_breast_cancer,>16 genes
Non-Contiguous Random,30,2,14,1,1,1,1,1.0,1.0,0.95,0.64,0.37,1,-9.74371455519929e-07,9.597,32.5623,3.39,50,xenium_human_breast_cancer,13-16 genes
Non-Contiguous Random,30,3,10,1,1,1,1,1.0,1.0,1.0,0.86,0.46,1,-4.491494070418822e-06,7.2914,24.1104,3.31,50,xenium_human_breast_cancer,7-12 genes
Non-Contiguous Random,30,4,11,1,1,1,1,1.0,1.0,1.0,0.78,0.46,1,3.1261287021244755e-06,9.5947,28.7628,3.0,50,xenium_human_breast_cancer,7-12 genes
Non-Contiguous Random,31,0,6,1,1,1,1,1.0,1.0,0.85,0.9,0.49,1,-3.53511231296344e-06,5.2774,21.649,4.1,50,xenium_human_breast_cancer,<=6 genes
Non-Contiguous Random,31,1,8,1,1,1,1,1.0,1.0,0.95,0.58,0.47,1,4.08115149005267e-06,6.145,22.8868,3.72,50,xenium_human_breast_cancer,7-12 genes
Non-Contiguous Random,31,2,6,1,1,1,1,0.0,0.0,0.0,0.08,0.13,1,0.0,6.3265,19.8913,3.14,50,xenium_human_breast_cancer,<=6 genes
Non-Contiguous Random,31,3,15,1,1,1,1,1.0,1.0,1.0,0.78,0.39,1,-1.090419320587399e-06,8.7173,31.9388,3.66,50,xenium_human_breast_cancer,13-16 genes
Non-Contiguous Random,31,4,8,1,1,1,1,1.0,1.0,1.0,0.78,0.45,1,4.08115149005267e-06,6.1042,22.1018,3.62,50,xenium_human_breast_cancer,7-12 genes
Non-Contiguous Random,32,0,17,1,1,1,1,1.0,1.0,1.0,0.94,0.47,1,8.222970979375466e-07,9.5146,38.779,4.08,50,xenium_human_breast_cancer,>16 genes
Non-Contiguous Random,32,1,22,1,1,1,1,1.0,1.0,1.0,0.52,0.4,1,-2.427617623368405e-06,13.8893,59.4126,4.28,50,xenium_human_breast_cancer,>16 genes
Non-Contiguous Random,32,2,16,1,1,1,1,1.0,1.0,1.0,0.68,0.36,1,1.8198350071902544e-06,10.6802,36.6835,3.43,50,xenium_human_breast_cancer,13-16 genes
Non-Contiguous Random,32,3,7,1,1,1,1,0.8,0.9,0.95,0.86,0.43,1,-2.476085045357429e-06,5.0264,21.7448,4.33,50,xenium_human_breast_cancer,7-12 genes
Non-Contiguous Random,32,4,17,1,1,1,1,1.0,1.0,0.8,0.72,0.46,1,1.5642606965293735e-06,10.3969,39.6472,3.81,50,xenium_human_breast_cancer,>16 genes
Non-Contiguous Random,33,0,23,1,1,1,1,1.0,1.0,0.8,0.6,0.38,1,2.468807924316252e-06,16.1097,63.5333,3.94,50,xenium_human_breast_cancer,>16 genes
Non-Contiguous Random,33,1,24,1,1,1,1,0.8,0.9,0.7,0.54,0.37,1,-2.38581524136805e-06,16.9597,66.2731,3.91,50,xenium_human_breast_cancer,>16 genes
Non-Contiguous Random,33,2,17,1,1,1,1,1.0,0.9,0.95,0.82,0.48,1,-1.5731893237003192e-06,12.6321,40.6592,3.22,50,xenium_human_breast_cancer,>16 genes
Non-Contiguous Random,33,3,23,1,1,1,1,1.0,1.0,0.95,0.64,0.46,1,-4.79757266269587e-06,14.885,59.9352,4.03,50,xenium_human_breast_cancer,>16 genes
Non-Contiguous Random,33,4,25,1,1,1,1,1.0,1.0,0.95,0.52,0.38,1,-1.2042236328113631e-06,14.3528,66.544,4.64,50,xenium_human_breast_cancer,>16 genes
Non-Contiguous Random,34,0,24,1,1,1,1,1.0,1.0,1.0,0.82,0.45,1,2.9892648414353573e-06,15.9683,65.3731,4.09,50,xenium_human_breast_cancer,>16 genes
Non-Contiguous Random,34,1,20,1,1,1,1,1.0,1.0,1.0,0.76,0.44,1,1.398927032547626e-07,12.8886,45.6156,3.54,50,xenium_human_breast_cancer,>16 genes
Non-Contiguous Random,34,2,19,1,1,1,1,1.0,1.0,1.0,0.88,0.48,1,3.700238985548943e-06,11.5406,44.3244,3.84,50,xenium_human_breast_cancer,>16 genes
Non-Contiguous Random,34,3,7,1,1,1,1,0.8,0.8,0.6,0.56,0.38,1,4.380275166590911e-06,6.8546,20.7856,3.03,50,xenium_human_breast_cancer,7-12 genes
Non-Contiguous Random,34,4,10,1,1,1,1,1.0,1.0,0.95,0.7,0.46,1,1.718038914688691e-06,8.4918,26.3913,3.11,50,xenium_human_breast_cancer,7-12 genes
Non-Contiguous Random,35,0,9,1,1,1,1,1.0,1.0,1.0,0.8,0.47,1,4.637451171962681e-06,7.1085,25.5369,3.59,50,xenium_human_breast_cancer,7-12 genes
Non-Contiguous Random,35,1,18,1,1,1,1,1.0,1.0,0.9,0.68,0.45,1,4.517797405956259e-06,12.1111,42.7869,3.53,50,xenium_human_breast_cancer,>16 genes
Non-Contiguous Random,35,2,19,1,1,1,1,1.0,1.0,0.85,0.6,0.36,1,-4.943727061501591e-06,10.2653,46.3391,4.51,50,xenium_human_breast_cancer,>16 genes
Non-Contiguous Random,35,3,12,1,1,1,1,1.0,0.9,0.9,0.7,0.44,1,-4.613590979141158e-06,7.9546,28.7409,3.61,50,xenium_human_breast_cancer,7-12 genes
Non-Contiguous Random,35,4,20,1,1,1,1,1.0,1.0,0.85,0.62,0.38,1,2.232817972736001e-06,10.8603,46.5179,4.28,50,xenium_human_breast_cancer,>16 genes
Non-Contiguous Random,36,0,13,1,1,1,1,1.0,1.0,1.0,0.82,0.48,1,1.6627711455496907e-06,8.7089,29.6119,3.4,50,xenium_human_breast_cancer,13-16 genes
Non-Contiguous Random,36,1,14,1,1,1,1,1.0,0.9,0.95,0.76,0.45,1,-3.162070163709174e-06,11.0004,35.5125,3.23,50,xenium_human_breast_cancer,13-16 genes
Non-Contiguous Random,36,2,13,1,1,1,1,1.0,0.8,0.5,0.64,0.44,1,4.796767996278172e-06,10.8999,28.9333,2.65,50,xenium_human_breast_cancer,13-16 genes
Non-Contiguous Random,36,3,9,1,1,1,1,1.0,0.7,0.7,0.82,0.5,1,3.044822216033763e-06,7.5593,23.3434,3.09,50,xenium_human_breast_cancer,7-12 genes
Non-Contiguous Random,36,4,10,1,1,1,1,1.0,1.0,0.85,0.54,0.34,1,0.0,8.0487,24.3002,3.02,50,xenium_human_breast_cancer,7-12 genes
Non-Contiguous Random,37,0,16,1,1,1,1,1.0,1.0,0.95,0.8,0.46,1,4.91004943858897e-06,10.8549,37.09,3.42,50,xenium_human_breast_cancer,13-16 genes
Non-Contiguous Random,37,1,16,1,1,1,1,1.0,0.9,0.95,0.76,0.46,1,4.030761718620823e-06,10.4907,36.5378,3.48,50,xenium_human_breast_cancer,13-16 genes
Non-Contiguous Random,37,2,14,1,1,1,1,1.0,1.0,1.0,0.74,0.44,1,-3.1275887830695126e-06,11.0962,32.5887,2.94,50,xenium_human_breast_cancer,13-16 genes
Non-Contiguous Random,37,3,6,1,1,1,1,1.0,1.0,0.85,0.76,0.49,1,4.3401959199940165e-06,4.5602,20.4248,4.48,50,xenium_human_breast_cancer,<=6 genes
Non-Contiguous Random,37,4,19,1,1,1,1,1.0,1.0,1.0,0.84,0.48,1,-8.083223455024324e-07,12.4312,46.5363,3.74,50,xenium_human_breast_cancer,>16 genes
Non-Contiguous Random,38,0,18,1,1,1,1,1.0,1.0,0.85,0.74,0.46,1,3.171789529354818e-06,13.2537,46.0972,3.48,50,xenium_human_breast_cancer,>16 genes
Non-Contiguous Random,38,1,9,1,1,1,1,0.8,1.0,0.85,0.66,0.5,1,4.273834228515211e-06,7.314,23.4873,3.21,50,xenium_human_breast_cancer,7-12 genes
Non-Contiguous Random,38,2,20,1,1,1,1,1.0,1.0,1.0,0.76,0.48,1,-1.318536560768191e-07,11.299,45.4868,4.03,50,xenium_human_breast_cancer,>16 genes
Non-Contiguous Random,38,3,13,1,1,1,1,1.0,1.0,0.6,0.5,0.38,1,0.0,6.9816,29.2425,4.19,50,xenium_human_breast_cancer,13-16 genes
Non-Contiguous Random,38,4,11,1,1,1,1,1.0,1.0,0.85,0.42,0.36,1,0.0,7.801,26.274,3.37,50,xenium_human_breast_cancer,7-12 genes
Non-Contiguous Random,39,0,11,1,1,1,1,1.0,1.0,0.9,0.88,0.48,1,1.8121927963107248e-06,8.1746,27.3691,3.35,50,xenium_human_breast_cancer,7-12 genes
Non-Contiguous Random,39,1,13,1,1,1,1,1.0,1.0,0.75,0.94,0.5,1,-1.860062447907318e-06,9.7404,31.2944,3.21,50,xenium_human_breast_cancer,13-16 genes
Non-Contiguous Random,39,2,9,1,1,1,1,1.0,1.0,0.95,0.78,0.48,1,2.630109786988521e-06,6.6453,22.4415,3.38,50,xenium_human_breast_cancer,7-12 genes
Non-Contiguous Random,39,3,16,1,1,1,1,1.0,1.0,0.95,0.68,0.46,1,-3.968505859486271e-06,9.6486,37.5014,3.89,50,xenium_human_breast_cancer,13-16 genes
Non-Contiguous Random,39,4,11,1,1,1,1,1.0,0.7,0.75,0.88,0.47,1,2.5737371313547253e-06,8.1154,27.7263,3.42,50,xenium_human_breast_cancer,7-12 genes
Non-Contiguous Random,40,0,11,1,1,1,1,1.0,0.9,0.85,0.84,0.49,1,4.521866986517686e-06,9.0775,25.8855,2.85,50,xenium_human_breast_cancer,7-12 genes
Non-Contiguous Random,40,1,19,1,1,1,1,1.0,1.0,0.9,0.68,0.48,1,-1.0714177203219322e-06,11.2555,43.3622,3.85,50,xenium_human_breast_cancer,>16 genes
Non-Contiguous Random,40,2,8,1,1,1,1,0.0,0.0,0.0,0.06,0.18,1,0.0,5.6616,21.4444,3.79,50,xenium_human_breast_cancer,7-12 genes
Non-Contiguous Random,40,3,10,1,1,1,1,1.0,1.0,0.9,0.88,0.47,1,-3.640230075596662e-06,6.6489,24.1681,3.63,50,xenium_human_breast_cancer,7-12 genes
Non-Contiguous Random,40,4,8,1,1,1,1,1.0,1.0,1.0,0.86,0.45,1,3.371948196995156e-06,5.9678,22.3637,3.75,50,xenium_human_breast_cancer,7-12 genes
Non-Contiguous Random,41,0,10,1,1,1,1,1.0,1.0,1.0,0.8,0.42,1,2.734188376124491e-06,8.1094,25.3378,3.12,50,xenium_human_breast_cancer,7-12 genes
Non-Contiguous Random,41,1,17,1,1,1,1,1.0,0.9,0.95,0.8,0.44,1,-4.3377788148390994e-06,8.5739,36.5005,4.26,50,xenium_human_breast_cancer,>16 genes
Non-Contiguous Random,41,2,15,1,1,1,1,1.0,1.0,1.0,0.98,0.5,1,2.3243996344346485e-07,7.4761,31.4552,4.21,50,xenium_human_breast_cancer,13-16 genes
Non-Contiguous Random,41,3,8,0,0,0,0,0.2,0.2,0.35,0.4,0.42,2,0.0067866281417235,6.7748,21.332,3.15,50,xenium_human_breast_cancer,7-12 genes
Non-Contiguous Random,41,4,16,1,1,1,1,1.0,1.0,1.0,0.8,0.48,1,1.7219161987380716e-06,9.8282,36.7194,3.74,50,xenium_human_breast_cancer,13-16 genes
Non-Contiguous Random,42,0,22,1,1,1,1,1.0,1.0,0.95,0.5,0.42,1,4.584093149517798e-06,15.027,60.6155,4.03,50,xenium_human_breast_cancer,>16 genes
Non-Contiguous Random,42,1,16,1,1,1,1,0.8,1.0,0.95,0.7,0.37,1,5.229187012290026e-07,11.3897,37.5259,3.29,50,xenium_human_breast_cancer,13-16 genes
Non-Contiguous Random,42,2,16,1,1,1,1,1.0,0.9,0.8,0.66,0.34,1,-3.902053832938179e-06,9.2603,34.8236,3.76,50,xenium_human_breast_cancer,13-16 genes
Non-Contiguous Random,42,3,14,1,1,1,1,1.0,0.9,0.9,0.64,0.37,1,3.911891091501474e-06,8.9952,32.2176,3.58,50,xenium_human_breast_cancer,13-16 genes
Non-Contiguous Random,42,4,7,1,1,1,1,1.0,1.0,0.75,0.42,0.33,1,3.3555051344724696e-06,4.8194,21.3024,4.42,50,xenium_human_breast_cancer,7-12 genes
Non-Contiguous Random,43,0,18,1,1,1,1,0.8,0.5,1.0,0.74,0.5,1,1.4987846442063304e-07,9.7099,40.5582,4.18,50,xenium_human_breast_cancer,>16 genes
Non-Contiguous Random,43,1,12,1,1,1,1,1.0,1.0,0.9,0.52,0.4,1,-4.333189147533167e-06,8.5389,27.4525,3.21,50,xenium_human_breast_cancer,7-12 genes
Non-Contiguous Random,43,2,12,1,1,1,1,0.2,0.1,0.45,0.84,0.5,1,0.0,7.5619,28.7882,3.81,50,xenium_human_breast_cancer,7-12 genes
Non-Contiguous Random,43,3,13,1,1,1,1,1.0,0.7,0.45,0.92,0.5,1,6.679431422060289e-07,8.2603,28.9679,3.51,50,xenium_human_breast_cancer,13-16 genes
Non-Contiguous Random,43,4,17,1,1,1,1,1.0,0.6,0.6,0.92,0.5,1,-1.469336454635456e-06,8.8806,39.3902,4.44,50,xenium_human_breast_cancer,>16 genes
Non-Contiguous Random,44,0,9,1,1,1,1,1.0,1.0,0.85,0.8,0.49,1,3.6686007182096247e-06,7.962,23.4363,2.94,50,xenium_human_breast_cancer,7-12 genes
Non-Contiguous Random,44,1,23,1,1,1,1,1.0,1.0,0.9,0.66,0.42,1,4.6410157596987744e-06,15.1093,56.7094,3.75,50,xenium_human_breast_cancer,>16 genes
Non-Contiguous Random,44,2,22,1,1,1,1,1.0,1.0,0.95,0.8,0.46,1,-4.381661850683116e-06,15.0664,59.8968,3.98,50,xenium_human_breast_cancer,>16 genes
Non-Contiguous Random,44,3,5,0,0,0,0,0.6,0.8,0.85,0.78,0.49,2,0.0109059809578812,5.1448,19.5538,3.8,50,xenium_human_breast_cancer,<=6 genes
Non-Contiguous Random,44,4,17,1,1,1,1,1.0,0.6,0.6,0.92,0.5,1,-1.212776365111523e-06,10.2641,39.3488,3.83,50,xenium_human_breast_cancer,>16 genes
Non-Contiguous Random,45,0,8,1,1,1,1,0.8,0.9,0.7,0.6,0.46,1,-3.3811536285285188e-06,8.2526,23.7127,2.87,50,xenium_human_breast_cancer,7-12 genes
Non-Contiguous Random,45,1,10,1,1,1,1,1.0,1.0,1.0,0.96,0.5,1,4.918714101354027e-06,9.7628,26.1991,2.68,50,xenium_human_breast_cancer,7-12 genes
Non-Contiguous Random,45,2,26,1,1,1,1,1.0,0.9,0.85,0.72,0.45,1,7.120462131027239e-07,17.3119,74.6358,4.31,50,xenium_human_breast_cancer,>16 genes
Non-Contiguous Random,45,3,22,1,1,1,1,1.0,1.0,1.0,0.66,0.42,1,-9.18768838786832e-08,14.2059,55.7926,3.93,50,xenium_human_breast_cancer,>16 genes
Non-Contiguous Random,45,4,8,1,1,1,1,1.0,1.0,1.0,0.98,0.5,1,-4.015881021918188e-06,6.8869,22.8372,3.32,50,xenium_human_breast_cancer,7-12 genes
Non-Contiguous Random,46,0,9,1,1,1,1,1.0,1.0,1.0,0.88,0.49,1,-4.3578592936466265e-06,8.0166,23.441,2.92,50,xenium_human_breast_cancer,7-12 genes
Non-Contiguous Random,46,1,9,1,1,1,1,1.0,1.0,1.0,0.88,0.47,1,-2.979062398322796e-06,5.6923,22.2789,3.91,50,xenium_human_breast_cancer,7-12 genes
Non-Contiguous Random,46,2,17,1,1,1,1,1.0,1.0,0.95,0.78,0.48,1,-1.9580412846664785e-08,10.4656,38.5539,3.68,50,xenium_human_breast_cancer,>16 genes
Non-Contiguous Random,46,3,9,1,1,1,1,1.0,1.0,1.0,0.78,0.4,1,1.1916987100457632e-06,7.4296,22.2864,3.0,50,xenium_human_breast_cancer,7-12 genes
Non-Contiguous Random,46,4,17,1,1,1,1,1.0,1.0,1.0,0.82,0.47,1,-3.189051203555948e-06,12.5214,39.6857,3.17,50,xenium_human_breast_cancer,>16 genes
Non-Contiguous Random,47,0,12,1,1,1,1,1.0,1.0,0.9,0.74,0.46,1,4.344360956309856e-06,8.3043,28.6231,3.45,50,xenium_human_breast_cancer,7-12 genes
Non-Contiguous Random,47,1,13,1,1,1,1,1.0,1.0,1.0,0.82,0.46,1,-1.5215401538704043e-06,8.448,31.4057,3.72,50,xenium_human_breast_cancer,13-16 genes
Non-Contiguous Random,47,2,12,1,1,1,1,1.0,1.0,0.95,0.88,0.47,1,-3.6734695547657736e-06,7.8953,27.7566,3.52,50,xenium_human_breast_cancer,7-12 genes
Non-Contiguous Random,47,3,9,1,1,1,1,1.0,1.0,0.95,0.86,0.48,1,7.625071207773004e-07,6.6293,23.8982,3.6,50,xenium_human_breast_cancer,7-12 genes
Non-Contiguous Random,47,4,16,1,1,1,1,1.0,1.0,0.95,0.78,0.45,1,4.943542480262408e-06,11.6186,37.7789,3.25,50,xenium_human_breast_cancer,13-16 genes
Non-Contiguous Random,48,0,14,1,1,1,1,1.0,0.6,0.5,0.88,0.49,1,-2.5975933093391745e-07,11.1053,31.8444,2.87,50,xenium_human_breast_cancer,13-16 genes
Non-Contiguous Random,48,1,17,1,1,1,1,1.0,1.0,0.95,0.76,0.46,1,-2.177796773583651e-06,12.58,45.2628,3.6,50,xenium_human_breast_cancer,>16 genes
Non-Contiguous Random,48,2,9,1,1,1,1,1.0,1.0,1.0,0.64,0.41,1,1.1317952473971491e-06,7.3949,23.8532,3.23,50,xenium_human_breast_cancer,7-12 genes
Non-Contiguous Random,48,3,22,1,1,1,1,1.0,1.0,0.75,0.7,0.43,1,3.020372602247079e-06,14.9012,56.5644,3.8,50,xenium_human_breast_cancer,>16 genes
Non-Contiguous Random,48,4,12,1,1,1,1,1.0,1.0,0.9,0.72,0.5,1,-3.2140803019053976e-06,9.4138,29.3308,3.12,50,xenium_human_breast_cancer,7-12 genes
Non-Contiguous Random,49,0,4,1,1,1,1,0.0,0.0,0.0,0.34,0.2,1,0.0,3.8378,19.2624,5.02,50,xenium_human_breast_cancer,<=6 genes
Non-Contiguous Random,49,1,15,1,1,1,1,0.0,0.4,0.55,0.8,0.45,1,0.0,10.1647,32.8881,3.24,50,xenium_human_breast_cancer,13-16 genes
Non-Contiguous Random,49,2,10,1,1,1,1,1.0,1.0,0.7,0.54,0.44,1,1.4377726960668191e-06,6.1165,24.0098,3.93,50,xenium_human_breast_cancer,7-12 genes
Non-Contiguous Random,49,3,16,1,1,1,1,1.0,1.0,1.0,0.74,0.43,1,2.869828939440489e-06,10.5949,35.2643,3.33,50,xenium_human_breast_cancer,13-16 genes
Non-Contiguous Random,49,4,9,1,1,1,1,0.4,0.2,0.25,0.66,0.48,1,0.0,5.899,23.3289,3.95,50,xenium_human_breast_cancer,7-12 genes
Contiguous Random,0,0,14,1,1,1,1,1.0,0.9,0.75,0.66,0.34,1,-4.724898903241126e-07,2.671,11.8572,4.44,50,xenium_human_kidney_nondiseased,13-16 genes
Contiguous Random,0,1,4,1,1,1,1,1.0,1.0,0.95,0.98,0.5,1,-2.246704101562663e-06,1.8645,7.4352,3.99,50,xenium_human_kidney_nondiseased,<=6 genes
Contiguous Random,0,2,8,1,1,1,1,1.0,0.9,1.0,0.9,0.46,1,-3.847620449458702e-06,2.131,8.4432,3.96,50,xenium_human_kidney_nondiseased,7-12 genes
Contiguous Random,0,3,7,1,1,1,1,1.0,1.0,1.0,1.0,0.5,1,-3.935214079736626e-06,2.1672,7.6595,3.53,50,xenium_human_kidney_nondiseased,7-12 genes
Contiguous Random,0,4,15,1,1,1,1,1.0,1.0,1.0,0.7,0.42,1,3.2703132966105386e-06,3.1856,12.362,3.88,50,xenium_human_kidney_nondiseased,13-16 genes
Contiguous Random,1,0,14,1,1,1,1,0.8,0.9,0.95,0.92,0.48,1,-4.837807803990957e-06,2.6683,11.3824,4.27,50,xenium_human_kidney_nondiseased,13-16 genes
Contiguous Random,1,1,13,1,1,1,1,1.0,0.7,0.65,0.58,0.3,1,-4.939975970081473e-06,2.5384,9.9487,3.92,50,xenium_human_kidney_nondiseased,13-16 genes
Contiguous Random,1,2,4,1,1,1,1,0.0,0.2,0.2,0.72,0.37,1,0.0,1.5057,7.1305,4.74,50,xenium_human_kidney_nondiseased,<=6 genes
Contiguous Random,1,3,5,1,1,1,1,0.0,0.0,0.0,0.0,0.0,1,0.0,1.7312,7.3146,4.23,50,xenium_human_kidney_nondiseased,<=6 genes
Contiguous Random,1,4,7,1,1,1,1,1.0,1.0,0.95,0.78,0.5,1,-1.5401430925529591e-06,2.2102,7.8376,3.55,50,xenium_human_kidney_nondiseased,7-12 genes
Contiguous Random,2,0,13,1,1,1,1,0.8,0.9,0.95,0.84,0.43,1,-1.155486461179578e-06,2.5965,10.2807,3.96,50,xenium_human_kidney_nondiseased,13-16 genes
Contiguous Random,2,1,12,1,1,1,1,1.0,0.9,1.0,0.96,0.48,1,-4.2807168170178045e-06,2.6653,9.2341,3.46,50,xenium_human_kidney_nondiseased,7-12 genes
Contiguous Random,2,2,15,1,1,1,1,1.0,1.0,1.0,0.58,0.4,1,4.417666632505757e-06,3.2403,10.9869,3.39,50,xenium_human_kidney_nondiseased,13-16 genes
Contiguous Random,2,3,15,1,1,1,1,1.0,1.0,1.0,0.58,0.4,1,4.417666632505757e-06,2.9929,11.0016,3.68,50,xenium_human_kidney_nondiseased,13-16 genes
Contiguous Random,2,4,10,1,1,1,1,0.8,0.9,0.95,0.94,0.49,1,4.078149030584122e-06,2.3894,8.4547,3.54,50,xenium_human_kidney_nondiseased,7-12 genes
Contiguous Random,3,0,11,1,1,1,1,1.0,1.0,1.0,0.96,0.5,1,-1.1448064469871122e-06,2.9658,9.5523,3.22,50,xenium_human_kidney_nondiseased,7-12 genes
Contiguous Random,3,1,8,1,1,1,1,0.0,0.0,0.0,0.0,0.07,1,0.0,1.8445,7.9439,4.31,50,xenium_human_kidney_nondiseased,7-12 genes
Contiguous Random,3,2,16,1,1,1,1,0.8,1.0,0.85,0.48,0.25,1,1.7407226562404787e-06,2.7627,12.7445,4.61,50,xenium_human_kidney_nondiseased,13-16 genes
Contiguous Random,3,3,15,0,0,0,0,0.4,0.3,0.2,0.24,0.33,2,0.0717610490084829,2.6968,10.8001,4.0,50,xenium_human_kidney_nondiseased,13-16 genes
Contiguous Random,3,4,9,1,1,1,1,1.0,1.0,1.0,0.94,0.5,1,-4.801076253252434e-06,2.268,8.142,3.59,50,xenium_human_kidney_nondiseased,7-12 genes
Contiguous Random,4,0,6,1,1,1,1,0.0,0.0,0.0,0.0,0.09,1,0.0,2.2272,7.9313,3.56,50,xenium_human_kidney_nondiseased,<=6 genes
Contiguous Random,4,1,16,1,1,1,1,1.0,1.0,1.0,0.8,0.41,1,1.19239538907967e-06,3.2029,11.5115,3.59,50,xenium_human_kidney_nondiseased,13-16 genes
Contiguous Random,4,2,5,1,1,1,1,0.0,0.0,0.0,0.0,0.0,1,0.0,1.5861,7.2596,4.58,50,xenium_human_kidney_nondiseased,<=6 genes
Contiguous Random,4,3,10,1,1,1,1,0.2,0.4,0.45,0.28,0.32,1,0.0,2.2832,8.2765,3.63,50,xenium_human_kidney_nondiseased,7-12 genes
Contiguous Random,4,4,9,1,1,1,1,1.0,0.9,1.0,0.78,0.39,1,2.6843770345053725e-06,2.2394,8.1711,3.65,50,xenium_human_kidney_nondiseased,7-12 genes
Contiguous Random,5,0,13,1,1,1,1,1.0,1.0,1.0,1.0,0.5,1,4.363198982323957e-06,3.1797,10.4509,3.29,50,xenium_human_kidney_nondiseased,13-16 genes
Contiguous Random,5,1,16,1,1,1,1,0.8,0.7,0.75,0.54,0.35,1,-4.12184000015553e-06,2.752,11.1394,4.05,50,xenium_human_kidney_nondiseased,13-16 genes
Contiguous Random,5,2,15,1,1,1,1,1.0,0.9,0.9,0.62,0.42,1,3.3017481089400724e-06,2.8166,10.7542,3.82,50,xenium_human_kidney_nondiseased,13-16 genes
Contiguous Random,5,3,12,1,1,1,1,1.0,1.0,1.0,0.78,0.46,1,0.0,2.3445,9.1396,3.9,50,xenium_human_kidney_nondiseased,7-12 genes
Contiguous Random,5,4,10,1,1,1,1,1.0,1.0,1.0,0.8,0.42,1,0.0,2.3521,8.3058,3.53,50,xenium_human_kidney_nondiseased,7-12 genes
Contiguous Random,6,0,12,1,1,1,1,0.4,0.3,0.4,0.4,0.38,1,0.0,2.648,9.8673,3.73,50,xenium_human_kidney_nondiseased,7-12 genes
Contiguous Random,6,1,17,1,1,1,1,1.0,1.0,0.7,0.3,0.17,1,1.286021673188066e-06,3.2602,13.8744,4.26,50,xenium_human_kidney_nondiseased,>16 genes
Contiguous Random,6,2,13,1,1,1,1,0.4,0.2,0.1,0.24,0.27,1,0.0,2.7083,9.8199,3.63,50,xenium_human_kidney_nondiseased,13-16 genes
Contiguous Random,6,3,15,1,1,1,1,1.0,1.0,1.0,0.52,0.27,1,1.3841850397837332e-06,3.0528,10.5355,3.45,50,xenium_human_kidney_nondiseased,13-16 genes
Contiguous Random,6,4,4,1,1,1,1,0.0,0.0,0.0,0.0,0.04,1,0.0,1.4529,7.097,4.88,50,xenium_human_kidney_nondiseased,<=6 genes
Contiguous Random,7,0,7,1,1,1,1,0.0,0.0,0.0,0.02,0.01,1,0.0,2.1443,8.2691,3.86,50,xenium_human_kidney_nondiseased,7-12 genes
Contiguous Random,7,1,5,1,1,1,1,0.0,0.0,0.0,0.0,0.0,1,0.0,1.8073,7.3647,4.07,50,xenium_human_kidney_nondiseased,<=6 genes
Contiguous Random,7,2,17,1,1,1,1,0.4,0.2,0.25,0.62,0.5,1,0.0,3.1907,15.2616,4.78,50,xenium_human_kidney_nondiseased,>16 genes
Contiguous Random,7,3,10,1,1,1,1,0.4,0.3,0.35,0.28,0.33,1,0.0,2.3582,8.7159,3.7,50,xenium_human_kidney_nondiseased,7-12 genes
Contiguous Random,7,4,11,1,1,1,1,0.4,0.3,0.2,0.24,0.36,1,0.0,2.2469,9.0117,4.01,50,xenium_human_kidney_nondiseased,7-12 genes
Contiguous Random,8,0,17,1,1,1,1,1.0,1.0,0.9,0.96,0.5,1,9.32893582661354e-08,3.2451,12.4459,3.84,50,xenium_human_kidney_nondiseased,>16 genes
Contiguous Random,8,1,6,1,1,1,1,1.0,1.0,1.0,0.9,0.5,1,2.959651151337138e-06,1.9519,7.6152,3.9,50,xenium_human_kidney_nondiseased,<=6 genes
Contiguous Random,8,2,9,1,1,1,1,1.0,1.0,1.0,0.86,0.48,1,4.307759602864818e-06,2.3009,8.1318,3.53,50,xenium_human_kidney_nondiseased,7-12 genes
Contiguous Random,8,3,14,1,1,1,1,0.8,0.9,0.95,0.7,0.39,1,-2.24461132034004e-06,2.6057,10.2923,3.95,50,xenium_human_kidney_nondiseased,13-16 genes
Contiguous Random,8,4,15,1,1,1,1,1.0,0.9,0.95,0.64,0.45,1,-4.078910452010032e-06,3.1387,10.8473,3.46,50,xenium_human_kidney_nondiseased,13-16 genes
Contiguous Random,9,0,14,1,1,1,1,1.0,1.0,1.0,0.84,0.47,1,-2.682495112760197e-06,2.6868,10.7012,3.98,50,xenium_human_kidney_nondiseased,13-16 genes
Contiguous Random,9,1,13,1,1,1,1,1.0,1.0,1.0,0.88,0.48,1,1.444912897968775e-06,2.7828,9.8526,3.54,50,xenium_human_kidney_nondiseased,13-16 genes
Contiguous Random,9,2,12,1,1,1,1,1.0,1.0,0.8,0.64,0.37,1,1.4706783210693963e-06,2.8536,9.6135,3.37,50,xenium_human_kidney_nondiseased,7-12 genes
Contiguous Random,9,3,7,1,1,1,1,1.0,1.0,1.0,0.86,0.43,1,-2.105653909470484e-06,2.299,7.7236,3.36,50,xenium_human_kidney_nondiseased,7-12 genes
Contiguous Random,9,4,11,1,1,1,1,1.0,1.0,1.0,0.74,0.47,1,-1.993738993705252e-06,2.4911,8.7842,3.53,50,xenium_human_kidney_nondiseased,7-12 genes
Contiguous Random,10,0,8,1,1,1,1,1.0,0.9,0.95,0.72,0.4,1,-4.146342772938082e-06,1.8547,8.6635,4.67,50,xenium_human_kidney_nondiseased,7-12 genes
Contiguous Random,10,1,7,1,1,1,1,0.8,1.0,0.95,0.96,0.5,1,1.9108972446032005e-06,2.6839,7.8868,2.94,50,xenium_human_kidney_nondiseased,7-12 genes
Contiguous Random,10,2,9,1,1,1,1,1.0,1.0,1.0,1.0,0.5,1,0.0,2.1916,8.1489,3.72,50,xenium_human_kidney_nondiseased,7-12 genes
Contiguous Random,10,3,7,1,1,1,1,1.0,1.0,1.0,0.98,0.49,1,0.0,2.0514,7.7061,3.76,50,xenium_human_kidney_nondiseased,7-12 genes
Contiguous Random,10,4,16,1,1,1,1,1.0,0.9,0.9,0.84,0.45,1,1.0813903807971317e-06,3.2587,11.2383,3.45,50,xenium_human_kidney_nondiseased,13-16 genes
Contiguous Random,11,0,10,1,1,1,1,1.0,1.0,1.0,0.7,0.36,1,2.3463408110532824e-06,2.4708,9.2939,3.76,50,xenium_human_kidney_nondiseased,7-12 genes
Contiguous Random,11,1,5,1,1,1,1,0.0,0.0,0.0,0.0,0.0,1,0.0,1.7778,7.402,4.16,50,xenium_human_kidney_nondiseased,<=6 genes
Contiguous Random,11,2,13,1,1,1,1,1.0,1.0,1.0,0.96,0.49,1,1.4898354299616725e-06,3.1259,9.761,3.12,50,xenium_human_kidney_nondiseased,13-16 genes
Contiguous Random,11,3,7,1,1,1,1,1.0,1.0,0.85,0.7,0.5,1,-1.533978183556467e-06,2.6498,7.8509,2.96,50,xenium_human_kidney_nondiseased,7-12 genes
Contiguous Random,11,4,11,1,1,1,1,1.0,1.0,1.0,0.6,0.31,1,3.090554146337188e-06,2.4466,8.882,3.63,50,xenium_human_kidney_nondiseased,7-12 genes
Contiguous Random,12,0,14,1,1,1,1,0.8,0.9,0.9,0.54,0.41,1,-3.124076220384353e-06,3.1849,11.0093,3.46,50,xenium_human_kidney_nondiseased,13-16 genes
Contiguous Random,12,1,6,1,1,1,1,1.0,1.0,0.95,0.92,0.5,1,0.0,1.859,7.5679,4.07,50,xenium_human_kidney_nondiseased,<=6 genes
Contiguous Random,12,2,6,1,1,1,1,1.0,1.0,0.95,1.0,0.5,1,0.0,2.0901,7.4814,3.58,50,xenium_human_kidney_nondiseased,<=6 genes
Contiguous Random,12,3,15,1,1,1,1,0.8,0.9,0.9,0.54,0.37,1,-3.075562587717684e-06,5.2001,10.8065,2.08,50,xenium_human_kidney_nondiseased,13-16 genes
Contiguous Random,12,4,12,1,1,1,1,1.0,1.0,1.0,0.76,0.38,1,8.935531150555676e-07,2.616,9.5448,3.65,50,xenium_human_kidney_nondiseased,7-12 genes
Contiguous Random,13,0,15,1,1,1,1,1.0,0.9,0.95,0.82,0.45,1,-4.725500327040777e-06,3.2395,11.4656,3.54,50,xenium_human_kidney_nondiseased,13-16 genes
Contiguous Random,13,1,10,1,1,1,1,1.0,1.0,1.0,0.78,0.4,1,3.045628590658822e-06,2.0256,8.8278,4.36,50,xenium_human_kidney_nondiseased,7-12 genes
Contiguous Random,13,2,9,1,1,1,1,1.0,1.0,0.95,0.92,0.49,1,2.234802245926204e-06,2.3128,8.2129,3.55,50,xenium_human_kidney_nondiseased,7-12 genes
Contiguous Random,13,3,6,1,1,1,1,0.2,0.1,0.1,0.1,0.07,1,0.0,1.7134,7.4651,4.36,50,xenium_human_kidney_nondiseased,<=6 genes
Contiguous Random,13,4,11,1,1,1,1,1.0,1.0,1.0,0.88,0.5,1,-2.536728605839756e-06,2.2219,8.7549,3.94,50,xenium_human_kidney_nondiseased,7-12 genes
Contiguous Random,14,0,16,1,1,1,1,1.0,1.0,0.9,0.94,0.5,1,4.049205780121136e-07,2.8226,11.7899,4.18,50,xenium_human_kidney_nondiseased,13-16 genes
Contiguous Random,14,1,17,1,1,1,1,1.0,0.9,0.9,0.96,0.5,1,4.691544489343613e-06,3.1669,12.1289,3.83,50,xenium_human_kidney_nondiseased,>16 genes
Contiguous Random,14,2,6,1,1,1,1,1.0,0.8,0.8,0.88,0.5,1,-4.84883538204306e-06,2.2601,7.6756,3.4,50,xenium_human_kidney_nondiseased,<=6 genes
Contiguous Random,14,3,6,1,1,1,1,1.0,0.8,0.8,0.88,0.5,1,-4.84883538204306e-06,2.1186,7.5834,3.58,50,xenium_human_kidney_nondiseased,<=6 genes
Contiguous Random,14,4,10,1,1,1,1,1.0,1.0,1.0,0.58,0.3,1,2.4478374653262927e-06,2.3632,8.5535,3.62,50,xenium_human_kidney_nondiseased,7-12 genes
Contiguous Random,15,0,10,1,1,1,1,0.4,0.3,0.15,0.26,0.3,1,0.0,2.0603,9.2778,4.5,50,xenium_human_kidney_nondiseased,7-12 genes
Contiguous Random,15,1,13,1,1,1,1,1.0,1.0,1.0,0.46,0.37,1,0.0,2.564,9.9462,3.88,50,xenium_human_kidney_nondiseased,13-16 genes
Contiguous Random,15,2,12,1,1,1,1,1.0,1.0,1.0,0.68,0.37,1,0.0,2.5864,9.2983,3.6,50,xenium_human_kidney_nondiseased,7-12 genes
Contiguous Random,15,3,12,1,1,1,1,1.0,1.0,0.95,0.7,0.4,1,0.0,2.3419,9.095,3.88,50,xenium_human_kidney_nondiseased,7-12 genes
Contiguous Random,15,4,14,1,1,1,1,1.0,1.0,1.0,0.78,0.39,1,0.0,2.5464,10.0212,3.94,50,xenium_human_kidney_nondiseased,13-16 genes
Contiguous Random,16,0,14,1,1,1,1,1.0,1.0,0.95,0.64,0.43,1,-5.911633310408393e-07,2.6685,10.8864,4.08,50,xenium_human_kidney_nondiseased,13-16 genes
Contiguous Random,16,1,16,1,1,1,1,1.0,1.0,0.95,0.62,0.46,1,9.87663269041289e-07,3.2331,12.3584,3.82,50,xenium_human_kidney_nondiseased,13-16 genes
Contiguous Random,16,2,5,1,1,1,1,0.0,0.0,0.0,0.0,0.0,1,0.0,2.0017,7.4019,3.7,50,xenium_human_kidney_nondiseased,<=6 genes
Contiguous Random,16,3,10,1,1,1,1,1.0,1.0,1.0,0.94,0.49,1,-3.936928631362302e-06,2.3412,8.4574,3.61,50,xenium_human_kidney_nondiseased,7-12 genes
Contiguous Random,16,4,11,1,1,1,1,0.0,0.0,0.0,0.0,0.16,1,0.0,2.2005,8.6446,3.93,50,xenium_human_kidney_nondiseased,7-12 genes
Contiguous Random,17,0,15,1,1,1,1,1.0,0.9,0.9,0.48,0.43,1,2.0499196371481787e-06,3.2473,12.9801,4.0,50,xenium_human_kidney_nondiseased,13-16 genes
Contiguous Random,17,1,8,0,0,0,0,0.4,0.6,0.65,0.5,0.34,4,1.2117194871221133,1.7696,8.6023,4.86,50,xenium_human_kidney_nondiseased,7-12 genes
Contiguous Random,17,2,16,0,0,0,0,0.4,0.4,0.5,0.44,0.29,2,0.0123785953521728,2.7807,11.7212,4.22,50,xenium_human_kidney_nondiseased,13-16 genes
Contiguous Random,17,3,12,1,1,1,1,1.0,0.8,0.8,0.66,0.42,1,9.35574115512594e-07,2.5073,9.2465,3.69,50,xenium_human_kidney_nondiseased,7-12 genes
Contiguous Random,17,4,17,1,1,1,1,0.4,0.4,0.55,0.42,0.32,1,-3.966108786279676e-06,3.1904,11.9388,3.74,50,xenium_human_kidney_nondiseased,>16 genes
Contiguous Random,18,0,17,1,1,1,1,1.0,0.9,0.7,0.32,0.28,1,2.202190551248151e-06,3.4654,12.5967,3.64,50,xenium_human_kidney_nondiseased,>16 genes
Contiguous Random,18,1,6,1,1,1,1,1.0,1.0,1.0,0.78,0.39,1,0.0,1.9461,7.597,3.9,50,xenium_human_kidney_nondiseased,<=6 genes
Contiguous Random,18,2,16,1,1,1,1,0.8,0.5,0.35,0.28,0.18,1,1.1962127683950996e-06,2.8412,11.1648,3.93,50,xenium_human_kidney_nondiseased,13-16 genes
Contiguous Random,18,3,12,1,1,1,1,1.0,0.9,0.75,0.66,0.33,1,2.0678415500506933e-06,2.392,9.5099,3.98,50,xenium_human_kidney_nondiseased,7-12 genes
Contiguous Random,18,4,4,1,1,1,1,0.0,0.0,0.0,0.0,0.03,1,0.0,1.5426,7.0948,4.6,50,xenium_human_kidney_nondiseased,<=6 genes
Contiguous Random,19,0,9,1,1,1,1,0.6,0.6,0.6,0.32,0.34,1,-1.982523599952657e-06,2.2176,9.0784,4.09,50,xenium_human_kidney_nondiseased,7-12 genes
Contiguous Random,19,1,4,1,1,1,1,0.0,0.0,0.0,0.0,0.01,1,0.0,1.5501,7.1504,4.61,50,xenium_human_kidney_nondiseased,<=6 genes
Contiguous Random,19,2,9,1,1,1,1,1.0,1.0,1.0,0.8,0.46,1,2.1559842427465448e-06,2.3541,8.2187,3.49,50,xenium_human_kidney_nondiseased,7-12 genes
Contiguous Random,19,3,7,1,1,1,1,1.0,1.0,1.0,0.98,0.49,1,2.909328625234821e-06,2.0612,7.6736,3.72,50,xenium_human_kidney_nondiseased,7-12 genes
Contiguous Random,19,4,7,1,1,1,1,1.0,1.0,1.0,0.76,0.44,1,1.882620178417227e-06,2.3596,7.8682,3.33,50,xenium_human_kidney_nondiseased,7-12 genes
Contiguous Random,20,0,5,1,1,1,1,0.0,0.0,0.0,0.0,0.0,1,0.0,1.7055,7.7713,4.56,50,xenium_human_kidney_nondiseased,<=6 genes
Contiguous Random,20,1,15,1,1,1,1,1.0,1.0,0.9,0.52,0.34,1,3.2129162877148065e-06,2.7845,10.9557,3.93,50,xenium_human_kidney_nondiseased,13-16 genes
Contiguous Random,20,2,17,1,1,1,1,1.0,1.0,0.85,0.54,0.29,1,4.573440613157842e-06,3.1868,11.8183,3.71,50,xenium_human_kidney_nondiseased,>16 genes
Contiguous Random,20,3,16,1,1,1,1,1.0,1.0,0.8,0.54,0.27,1,-2.627868652342602e-06,2.6928,11.0082,4.09,50,xenium_human_kidney_nondiseased,13-16 genes
Contiguous Random,20,4,6,1,1,1,1,1.0,1.0,1.0,1.0,0.5,1,-1.1537952919055128e-06,2.2131,7.6229,3.44,50,xenium_human_kidney_nondiseased,<=6 genes
Contiguous Random,21,0,11,1,1,1,1,0.4,0.2,0.1,0.26,0.31,1,0.0,2.9217,9.68,3.31,50,xenium_human_kidney_nondiseased,7-12 genes
Contiguous Random,21,1,6,1,1,1,1,0.0,0.0,0.0,0.0,0.01,1,0.0,1.8185,7.5416,4.15,50,xenium_human_kidney_nondiseased,<=6 genes
Contiguous Random,21,2,12,1,1,1,1,0.4,0.2,0.1,0.38,0.3,1,0.0,2.3133,9.5108,4.11,50,xenium_human_kidney_nondiseased,7-12 genes
Contiguous Random,21,3,10,1,1,1,1,0.0,0.0,0.05,0.24,0.26,1,0.0,2.3832,8.5227,3.58,50,xenium_human_kidney_nondiseased,7-12 genes
Contiguous Random,21,4,12,1,1,1,1,0.4,0.4,0.2,0.38,0.42,1,0.0,2.6784,9.4612,3.53,50,xenium_human_kidney_nondiseased,7-12 genes
Contiguous Random,22,0,15,1,1,1,1,1.0,0.9,0.95,0.62,0.31,1,4.0830581459656845e-06,3.1585,11.1729,3.54,50,xenium_human_kidney_nondiseased,13-16 genes
Contiguous Random,22,1,15,1,1,1,1,1.0,1.0,1.0,0.66,0.33,1,-2.912011793365643e-07,2.7754,10.7419,3.87,50,xenium_human_kidney_nondiseased,13-16 genes
Contiguous Random,22,2,10,1,1,1,1,0.8,0.8,0.8,0.74,0.44,1,4.45256855942204e-06,2.7735,8.614,3.11,50,xenium_human_kidney_nondiseased,7-12 genes
Contiguous Random,22,3,11,1,1,1,1,0.8,0.8,0.8,0.72,0.4,1,-4.746391572951064e-07,2.7936,8.8984,3.19,50,xenium_human_kidney_nondiseased,7-12 genes
Contiguous Random,22,4,11,1,1,1,1,1.0,1.0,0.95,0.74,0.38,1,-3.7163177361056177e-06,2.201,8.65,3.93,50,xenium_human_kidney_nondiseased,7-12 genes
Contiguous Random,23,0,7,1,1,1,1,0.0,0.0,0.0,0.0,0.01,1,0.0,2.1172,8.3189,3.93,50,xenium_human_kidney_nondiseased,7-12 genes
Contiguous Random,23,1,5,1,1,1,1,0.0,0.0,0.0,0.02,0.06,1,0.0,1.8159,7.3675,4.06,50,xenium_human_kidney_nondiseased,<=6 genes
Contiguous Random,23,2,4,1,1,1,1,0.8,0.9,0.8,0.76,0.5,1,0.0,1.5912,7.1672,4.5,50,xenium_human_kidney_nondiseased,<=6 genes
Contiguous Random,23,3,12,1,1,1,1,0.8,1.0,1.0,0.72,0.4,1,-3.357253174575978e-06,2.6672,9.2493,3.47,50,xenium_human_kidney_nondiseased,7-12 genes
Contiguous Random,23,4,13,1,1,1,1,1.0,1.0,1.0,0.78,0.39,1,2.882745192578926e-06,2.7169,9.6927,3.57,50,xenium_human_kidney_nondiseased,13-16 genes
Contiguous Random,24,0,4,1,1,1,1,0.0,0.0,0.0,0.0,0.01,1,0.0,1.6491,7.494,4.54,50,xenium_human_kidney_nondiseased,<=6 genes
Contiguous Random,24,1,15,1,1,1,1,1.0,0.8,0.9,0.68,0.39,1,-3.396686044876418e-06,3.1696,11.1753,3.53,50,xenium_human_kidney_nondiseased,13-16 genes
Contiguous Random,24,2,4,1,1,1,1,0.0,0.0,0.0,0.0,0.01,1,0.0,1.7114,7.1006,4.15,50,xenium_human_kidney_nondiseased,<=6 genes
Contiguous Random,24,3,5,1,1,1,1,0.0,0.0,0.0,0.0,0.0,1,0.0,1.6516,7.3086,4.43,50,xenium_human_kidney_nondiseased,<=6 genes
Contiguous Random,24,4,17,1,1,1,1,1.0,1.0,1.0,0.98,0.5,1,-6.426925467373223e-07,3.1663,11.7617,3.71,50,xenium_human_kidney_nondiseased,>16 genes
Contiguous Random,25,0,5,1,1,1,1,0.6,0.6,0.55,0.42,0.21,1,-1.909802608248551e-06,1.8133,7.8403,4.32,50,xenium_human_kidney_nondiseased,<=6 genes
Contiguous Random,25,1,7,1,1,1,1,1.0,0.9,0.9,0.76,0.5,1,4.78308000645411e-06,2.0682,7.8548,3.8,50,xenium_human_kidney_nondiseased,7-12 genes
Contiguous Random,25,2,14,1,1,1,1,1.0,1.0,0.95,0.4,0.33,1,-3.878613470398307e-06,2.9862,10.4911,3.51,50,xenium_human_kidney_nondiseased,13-16 genes
Contiguous Random,25,3,7,1,1,1,1,1.0,0.9,0.8,0.38,0.19,1,-1.9705587251880882e-07,2.2366,7.8236,3.5,50,xenium_human_kidney_nondiseased,7-12 genes
Contiguous Random,25,4,6,1,1,1,1,0.4,0.2,0.1,0.32,0.27,1,0.0,2.4756,7.6209,3.08,50,xenium_human_kidney_nondiseased,<=6 genes
Contiguous Random,26,0,13,1,1,1,1,1.0,1.0,0.8,0.48,0.45,1,1.4240098362705569e-06,2.9929,10.6907,3.57,50,xenium_human_kidney_nondiseased,13-16 genes
Contiguous Random,26,1,11,1,1,1,1,1.0,1.0,0.95,0.78,0.5,1,-5.701050271866848e-07,2.556,8.8624,3.47,50,xenium_human_kidney_nondiseased,7-12 genes
Contiguous Random,26,2,16,1,1,1,1,1.0,1.0,0.85,0.6,0.37,1,-2.455902099463003e-07,3.3155,11.2762,3.4,50,xenium_human_kidney_nondiseased,13-16 genes
Contiguous Random,26,3,16,1,1,1,1,1.0,1.0,0.85,0.6,0.37,1,-2.455902099463003e-07,3.2308,11.1613,3.45,50,xenium_human_kidney_nondiseased,13-16 genes
Contiguous Random,26,4,7,1,1,1,1,1.0,1.0,1.0,0.86,0.5,1,2.94129132046711e-06,1.9991,7.7023,3.85,50,xenium_human_kidney_nondiseased,7-12 genes
Contiguous Random,27,0,5,1,1,1,1,0.0,0.0,0.0,0.0,0.1,1,0.0,2.0949,7.9611,3.8,50,xenium_human_kidney_nondiseased,<=6 genes
Contiguous Random,27,1,10,1,1,1,1,1.0,1.0,0.8,0.46,0.23,1,-4.202797180864748e-07,2.7581,8.804,3.19,50,xenium_human_kidney_nondiseased,7-12 genes
Contiguous Random,27,2,10,1,1,1,1,1.0,1.0,0.85,0.46,0.25,1,-4.202797180864748e-07,1.9613,8.6143,4.39,50,xenium_human_kidney_nondiseased,7-12 genes
Contiguous Random,27,3,11,1,1,1,1,1.0,0.8,0.55,0.4,0.21,1,1.9608497826180404e-06,2.404,8.9901,3.74,50,xenium_human_kidney_nondiseased,7-12 genes
Contiguous Random,27,4,15,1,1,1,1,0.6,0.6,0.6,0.38,0.3,1,1.858437284146808e-06,3.0524,10.6628,3.49,50,xenium_human_kidney_nondiseased,13-16 genes
Contiguous Random,28,0,14,1,1,1,1,1.0,0.9,0.95,0.66,0.34,1,-3.2606480138142047e-06,2.7504,10.6282,3.86,50,xenium_human_kidney_nondiseased,13-16 genes
Contiguous Random,28,1,4,1,1,1,1,1.0,0.8,0.6,0.4,0.36,1,-1.0754472017301953e-06,1.5143,7.0966,4.69,50,xenium_human_kidney_nondiseased,<=6 genes
Contiguous Random,28,2,15,1,1,1,1,1.0,0.9,0.7,0.52,0.3,1,-1.8648368524942784e-06,2.8253,10.7282,3.8,50,xenium_human_kidney_nondiseased,13-16 genes
Contiguous Random,28,3,16,1,1,1,1,1.0,1.0,0.75,0.56,0.36,1,9.68933111522574e-09,2.7838,11.0358,3.96,50,xenium_human_kidney_nondiseased,13-16 genes
Contiguous Random,28,4,7,1,1,1,1,1.0,0.9,0.85,0.6,0.5,1,4.074724829813969e-06,2.0234,7.7223,3.82,50,xenium_human_kidney_nondiseased,7-12 genes
Contiguous Random,29,0,7,1,1,1,1,1.0,1.0,0.8,0.76,0.47,1,4.9021673109161945e-06,2.3962,8.4465,3.52,50,xenium_human_kidney_nondiseased,7-12 genes
Contiguous Random,29,1,11,1,1,1,1,1.0,0.9,0.9,0.6,0.33,1,1.703484177051351e-07,2.5477,8.9406,3.51,50,xenium_human_kidney_nondiseased,7-12 genes
Contiguous Random,29,2,10,1,1,1,1,0.8,0.6,0.75,0.6,0.34,1,3.600403653776507e-06,2.3271,8.4355,3.62,50,xenium_human_kidney_nondiseased,7-12 genes
Contiguous Random,29,3,8,1,1,1,1,1.0,1.0,0.85,0.78,0.48,1,-2.738680785874248e-06,2.5213,8.011,3.18,50,xenium_human_kidney_nondiseased,7-12 genes
Contiguous Random,29,4,7,1,1,1,1,0.0,0.0,0.0,0.0,0.0,1,0.0,1.9373,7.6751,3.96,50,xenium_human_kidney_nondiseased,7-12 genes
Contiguous Random,30,0,11,1,1,1,1,0.4,0.2,0.2,0.34,0.4,1,0.0,2.5294,9.8015,3.88,50,xenium_human_kidney_nondiseased,7-12 genes
Contiguous Random,30,1,17,1,1,1,1,0.4,0.2,0.25,0.62,0.5,1,0.0,3.1074,12.009,3.86,50,xenium_human_kidney_nondiseased,>16 genes
Contiguous Random,30,2,4,1,1,1,1,0.0,0.0,0.0,0.0,0.04,1,0.0,1.4632,7.1528,4.89,50,xenium_human_kidney_nondiseased,<=6 genes
Contiguous Random,30,3,12,1,1,1,1,0.0,0.0,0.0,0.06,0.16,1,0.0,2.2977,9.1662,3.99,50,xenium_human_kidney_nondiseased,7-12 genes
Contiguous Random,30,4,5,1,1,1,1,0.0,0.0,0.0,0.02,0.17,1,0.0,2.3703,7.4416,3.14,50,xenium_human_kidney_nondiseased,<=6 genes
Contiguous Random,31,0,17,1,1,1,1,0.8,0.5,0.55,0.48,0.3,1,2.5771543106963e-06,3.3367,12.4916,3.74,50,xenium_human_kidney_nondiseased,>16 genes
Contiguous Random,31,1,6,1,1,1,1,0.4,0.4,0.35,0.42,0.32,1,-6.94578158200003e-07,1.7941,7.6151,4.24,50,xenium_human_kidney_nondiseased,<=6 genes
Contiguous Random,31,2,11,1,1,1,1,1.0,0.8,0.75,0.72,0.37,1,-4.036587197378191e-06,2.4964,8.9087,3.57,50,xenium_human_kidney_nondiseased,7-12 genes
Contiguous Random,31,3,7,1,1,1,1,0.4,0.4,0.45,0.54,0.3,1,1.8257639063015e-06,1.868,7.7342,4.14,50,xenium_human_kidney_nondiseased,7-12 genes
Contiguous Random,31,4,4,1,1,1,1,1.0,0.9,0.85,0.86,0.5,1,5.811309814452402e-07,1.4639,7.09,4.84,50,xenium_human_kidney_nondiseased,<=6 genes
Contiguous Random,32,0,10,1,1,1,1,0.0,0.0,0.0,0.02,0.16,1,0.0,2.1444,9.0361,4.21,50,xenium_human_kidney_nondiseased,7-12 genes
Contiguous Random,32,1,10,1,1,1,1,0.4,0.3,0.35,0.28,0.33,1,0.0,2.3846,8.6597,3.63,50,xenium_human_kidney_nondiseased,7-12 genes
Contiguous Random,32,2,16,1,1,1,1,1.0,1.0,0.7,0.54,0.46,1,4.580001831067104e-06,3.217,11.3041,3.51,50,xenium_human_kidney_nondiseased,13-16 genes
Contiguous Random,32,3,8,1,1,1,1,0.6,0.8,0.6,0.38,0.3,1,0.0,1.9561,7.9485,4.06,50,xenium_human_kidney_nondiseased,7-12 genes
Contiguous Random,32,4,15,1,1,1,1,1.0,0.9,0.8,0.6,0.45,1,1.9379362400928645e-07,3.0201,10.8566,3.59,50,xenium_human_kidney_nondiseased,13-16 genes
Contiguous Random,33,0,16,1,1,1,1,1.0,1.0,1.0,0.6,0.45,1,-1.2548065186912538e-06,3.2625,11.9107,3.65,50,xenium_human_kidney_nondiseased,13-16 genes
Contiguous Random,33,1,6,1,1,1,1,1.0,1.0,1.0,0.72,0.36,1,4.2547762545055295e-06,2.158,7.5294,3.49,50,xenium_human_kidney_nondiseased,<=6 genes
Contiguous Random,33,2,8,1,1,1,1,1.0,0.9,1.0,0.44,0.24,1,-2.3152285364442388e-06,2.1014,7.8582,3.74,50,xenium_human_kidney_nondiseased,7-12 genes
Contiguous Random,33,3,4,1,1,1,1,1.0,0.8,0.85,0.76,0.5,1,0.0,1.542,7.0926,4.6,50,xenium_human_kidney_nondiseased,<=6 genes
Contiguous Random,33,4,15,1,1,1,1,1.0,0.9,1.0,0.56,0.34,1,-2.1922267636753645e-06,3.0253,10.795,3.57,50,xenium_human_kidney_nondiseased,13-16 genes
Contiguous Random,34,0,4,1,1,1,1,1.0,1.0,0.75,0.62,0.38,1,0.0,2.0207,7.6012,3.76,50,xenium_human_kidney_nondiseased,<=6 genes
Contiguous Random,34,1,9,1,1,1,1,1.0,1.0,1.0,0.86,0.44,1,2.773335774738928e-06,2.2343,8.2303,3.68,50,xenium_human_kidney_nondiseased,7-12 genes
Contiguous Random,34,2,4,0,0,0,0,0.6,0.5,0.55,0.6,0.5,2,0.00346,1.5413,7.1077,4.61,50,xenium_human_kidney_nondiseased,<=6 genes
Contiguous Random,34,3,11,1,1,1,1,1.0,0.9,0.75,0.7,0.49,1,4.395889130204278e-07,2.8602,8.9948,3.14,50,xenium_human_kidney_nondiseased,7-12 genes
Contiguous Random,34,4,17,1,1,1,1,1.0,0.9,0.6,0.36,0.32,1,-2.8469258017693733e-06,3.3044,11.8822,3.6,50,xenium_human_kidney_nondiseased,>16 genes
Contiguous Random,35,0,4,1,1,1,1,0.0,0.0,0.0,0.0,0.01,1,0.0,1.633,7.5415,4.62,50,xenium_human_kidney_nondiseased,<=6 genes
Contiguous Random,35,1,5,1,1,1,1,0.0,0.0,0.0,0.0,0.0,1,0.0,1.8059,7.3962,4.1,50,xenium_human_kidney_nondiseased,<=6 genes
Contiguous Random,35,2,5,1,1,1,1,0.0,0.0,0.0,0.02,0.15,1,0.0,1.585,7.3588,4.64,50,xenium_human_kidney_nondiseased,<=6 genes
Contiguous Random,35,3,5,1,1,1,1,0.0,0.0,0.0,0.0,0.1,1,0.0,1.8881,7.2996,3.87,50,xenium_human_kidney_nondiseased,<=6 genes
Contiguous Random,35,4,17,1,1,1,1,0.4,0.2,0.25,0.62,0.5,1,0.0,3.0418,11.8814,3.91,50,xenium_human_kidney_nondiseased,>16 genes
Contiguous Random,36,0,10,1,1,1,1,0.2,0.4,0.45,0.28,0.32,1,0.0,2.4466,9.0895,3.72,50,xenium_human_kidney_nondiseased,7-12 genes
Contiguous Random,36,1,13,1,1,1,1,1.0,1.0,0.95,0.54,0.27,1,0.0,2.7529,9.7632,3.55,50,xenium_human_kidney_nondiseased,13-16 genes
Contiguous Random,36,2,13,1,1,1,1,1.0,1.0,1.0,0.52,0.29,1,0.0,2.8097,9.9419,3.54,50,xenium_human_kidney_nondiseased,13-16 genes
Contiguous Random,36,3,4,0,0,0,0,0.4,0.5,0.55,0.56,0.5,2,0.00781,1.5585,7.0585,4.53,50,xenium_human_kidney_nondiseased,<=6 genes
Contiguous Random,36,4,5,1,1,1,1,0.0,0.0,0.0,0.0,0.0,1,0.0,1.604,7.2352,4.51,50,xenium_human_kidney_nondiseased,<=6 genes
Contiguous Random,37,0,14,1,1,1,1,1.0,0.8,0.65,0.58,0.42,1,-5.632346948836187e-07,2.7242,10.9436,4.02,50,xenium_human_kidney_nondiseased,13-16 genes
Contiguous Random,37,1,8,1,1,1,1,1.0,1.0,1.0,0.6,0.31,1,0.0,2.1407,7.9032,3.69,50,xenium_human_kidney_nondiseased,7-12 genes
Contiguous Random,37,2,14,1,1,1,1,1.0,0.8,0.65,0.58,0.42,1,-5.632346948836187e-07,2.6237,10.233,3.9,50,xenium_human_kidney_nondiseased,13-16 genes
Contiguous Random,37,3,7,1,1,1,1,1.0,1.0,1.0,0.76,0.38,1,0.0,1.9881,7.6975,3.87,50,xenium_human_kidney_nondiseased,7-12 genes
Contiguous Random,37,4,10,1,1,1,1,1.0,1.0,1.0,0.64,0.44,1,0.0,2.2947,8.347,3.64,50,xenium_human_kidney_nondiseased,7-12 genes
Contiguous Random,38,0,14,1,1,1,1,1.0,1.0,1.0,0.62,0.33,1,-7.787194650646714e-07,2.6802,10.9682,4.09,50,xenium_human_kidney_nondiseased,13-16 genes
Contiguous Random,38,1,11,1,1,1,1,0.2,0.1,0.15,0.3,0.3,1,0.0,2.4973,8.8691,3.55,50,xenium_human_kidney_nondiseased,7-12 genes
Contiguous Random,38,2,16,0,0,0,0,0.8,0.8,0.8,0.52,0.26,2,0.0113189282226562,2.7641,11.1921,4.05,50,xenium_human_kidney_nondiseased,13-16 genes
Contiguous Random,38,3,4,1,1,1,1,0.0,0.0,0.0,0.0,0.0,1,0.0,1.7163,7.0711,4.12,50,xenium_human_kidney_nondiseased,<=6 genes
Contiguous Random,38,4,13,1,1,1,1,1.0,1.0,0.85,0.42,0.22,1,4.200593437345482e-06,2.7953,9.8945,3.54,50,xenium_human_kidney_nondiseased,13-16 genes
Contiguous Random,39,0,5,1,1,1,1,0.0,0.0,0.0,0.0,0.0,1,0.0,1.697,7.7724,4.58,50,xenium_human_kidney_nondiseased,<=6 genes
Contiguous Random,39,1,12,1,1,1,1,1.0,1.0,1.0,0.6,0.3,1,0.0,2.6875,9.4347,3.51,50,xenium_human_kidney_nondiseased,7-12 genes
Contiguous Random,39,2,12,1,1,1,1,1.0,1.0,1.0,0.62,0.33,1,3.102132481700576e-06,2.5575,9.287,3.63,50,xenium_human_kidney_nondiseased,7-12 genes
Contiguous Random,39,3,6,1,1,1,1,0.8,0.9,0.95,0.9,0.5,1,0.0,1.9155,7.4215,3.87,50,xenium_human_kidney_nondiseased,<=6 genes
Contiguous Random,39,4,5,1,1,1,1,0.0,0.0,0.0,0.0,0.0,1,0.0,1.7348,7.2198,4.16,50,xenium_human_kidney_nondiseased,<=6 genes
Contiguous Random,40,0,9,1,1,1,1,1.0,1.0,1.0,1.0,0.5,1,-4.221089680983559e-06,2.4176,8.8742,3.67,50,xenium_human_kidney_nondiseased,7-12 genes
Contiguous Random,40,1,6,1,1,1,1,1.0,1.0,1.0,0.96,0.5,1,3.97738336447781e-06,2.0046,7.5075,3.75,50,xenium_human_kidney_nondiseased,<=6 genes
Contiguous Random,40,2,17,1,1,1,1,1.0,1.0,0.85,0.8,0.5,1,-4.021386709407437e-06,3.2225,11.9358,3.7,50,xenium_human_kidney_nondiseased,>16 genes
Contiguous Random,40,3,13,1,1,1,1,1.0,0.9,1.0,0.8,0.44,1,-4.665978194484666e-06,2.8514,10.0346,3.52,50,xenium_human_kidney_nondiseased,13-16 genes
Contiguous Random,40,4,4,1,1,1,1,0.6,0.5,0.6,0.72,0.5,1,4.698104858398902e-06,1.4687,7.0935,4.83,50,xenium_human_kidney_nondiseased,<=6 genes
Contiguous Random,41,0,17,1,1,1,1,1.0,1.0,0.75,0.6,0.5,1,2.9889854946674177e-07,3.1831,12.4682,3.92,50,xenium_human_kidney_nondiseased,>16 genes
Contiguous Random,41,1,14,1,1,1,1,1.0,1.0,1.0,0.5,0.26,1,4.262052626824442e-06,2.6171,10.2042,3.9,50,xenium_human_kidney_nondiseased,13-16 genes
Contiguous Random,41,2,6,1,1,1,1,1.0,1.0,1.0,0.9,0.45,1,-9.978367087205149e-08,1.862,7.4986,4.03,50,xenium_human_kidney_nondiseased,<=6 genes
Contiguous Random,41,3,5,1,1,1,1,0.0,0.0,0.0,0.0,0.0,1,0.0,1.5928,7.2604,4.56,50,xenium_human_kidney_nondiseased,<=6 genes
Contiguous Random,41,4,15,1,1,1,1,1.0,0.7,0.4,0.42,0.44,1,5.283643416537087e-08,4.5487,10.8758,2.39,50,xenium_human_kidney_nondiseased,13-16 genes
Contiguous Random,42,0,6,1,1,1,1,0.0,0.0,0.0,0.0,0.01,1,0.0,1.9746,8.1518,4.13,50,xenium_human_kidney_nondiseased,<=6 genes
Contiguous Random,42,1,8,1,1,1,1,0.8,1.0,1.0,0.88,0.49,1,-1.926402501420399e-06,2.9086,8.2119,2.82,50,xenium_human_kidney_nondiseased,7-12 genes
Contiguous Random,42,2,7,1,1,1,1,0.0,0.0,0.0,0.0,0.15,1,0.0,2.0616,7.754,3.76,50,xenium_human_kidney_nondiseased,7-12 genes
Contiguous Random,42,3,7,1,1,1,1,1.0,1.0,1.0,0.88,0.5,1,1.9472532523587282e-07,2.5541,7.8165,3.06,50,xenium_human_kidney_nondiseased,7-12 genes
Contiguous Random,42,4,14,1,1,1,1,1.0,1.0,1.0,0.86,0.43,1,-3.0682820698780394e-06,2.6414,10.4121,3.94,50,xenium_human_kidney_nondiseased,13-16 genes
Contiguous Random,43,0,12,1,1,1,1,1.0,1.0,1.0,0.86,0.43,1,-8.423019328173201e-07,3.1592,10.0387,3.18,50,xenium_human_kidney_nondiseased,7-12 genes
Contiguous Random,43,1,8,1,1,1,1,0.0,0.0,0.0,0.0,0.07,1,0.0,1.8769,7.9082,4.21,50,xenium_human_kidney_nondiseased,7-12 genes
Contiguous Random,43,2,5,1,1,1,1,1.0,1.0,1.0,0.98,0.5,1,-2.5220901595577987e-06,1.9441,7.3589,3.79,50,xenium_human_kidney_nondiseased,<=6 genes
Contiguous Random,43,3,10,1,1,1,1,0.4,0.3,0.35,0.28,0.33,1,0.0,2.3044,8.4875,3.68,50,xenium_human_kidney_nondiseased,7-12 genes
Contiguous Random,43,4,4,1,1,1,1,0.0,0.2,0.2,0.72,0.37,1,0.0,1.4877,7.0733,4.75,50,xenium_human_kidney_nondiseased,<=6 genes
Contiguous Random,44,0,9,1,1,1,1,1.0,1.0,0.95,0.44,0.23,1,2.864583333334753e-07,2.3594,8.703,3.69,50,xenium_human_kidney_nondiseased,7-12 genes
Contiguous Random,44,1,14,1,1,1,1,0.8,0.8,0.85,0.72,0.4,1,-3.61221666400624e-06,2.6395,10.3232,3.91,50,xenium_human_kidney_nondiseased,13-16 genes
Contiguous Random,44,2,6,1,1,1,1,1.0,1.0,1.0,0.92,0.48,1,-2.122850651405453e-06,2.5741,7.6121,2.96,50,xenium_human_kidney_nondiseased,<=6 genes
Contiguous Random,44,3,11,1,1,1,1,1.0,1.0,1.0,0.88,0.44,1,-2.585965173080608e-06,2.8627,8.9839,3.14,50,xenium_human_kidney_nondiseased,7-12 genes
Contiguous Random,44,4,15,1,1,1,1,0.8,0.7,0.75,0.72,0.42,1,1.7548712070158956e-06,2.8232,10.7185,3.8,50,xenium_human_kidney_nondiseased,13-16 genes
Contiguous Random,45,0,12,1,1,1,1,0.0,0.0,0.0,0.06,0.16,1,0.0,2.3896,9.7536,4.08,50,xenium_human_kidney_nondiseased,7-12 genes
Contiguous Random,45,1,5,1,1,1,1,0.0,0.0,0.0,0.0,0.0,1,0.0,1.6198,7.337,4.53,50,xenium_human_kidney_nondiseased,<=6 genes
Contiguous Random,45,2,15,1,1,1,1,0.8,1.0,1.0,0.92,0.46,1,-7.869201267309001e-07,3.0756,10.621,3.45,50,xenium_human_kidney_nondiseased,13-16 genes
Contiguous Random,45,3,12,1,1,1,1,0.0,0.0,0.0,0.06,0.16,1,0.0,2.2531,9.1364,4.05,50,xenium_human_kidney_nondiseased,7-12 genes
Contiguous Random,45,4,17,1,1,1,1,1.0,1.0,0.9,0.5,0.25,1,2.133590527890125e-06,3.5588,11.8481,3.33,50,xenium_human_kidney_nondiseased,>16 genes
Contiguous Random,46,0,13,1,1,1,1,1.0,0.7,0.4,0.6,0.47,1,-4.495354270162011e-06,2.9314,10.6072,3.62,50,xenium_human_kidney_nondiseased,13-16 genes
Contiguous Random,46,1,6,1,1,1,1,0.8,1.0,1.0,0.98,0.5,1,1.852959404542026e-07,1.7896,7.5277,4.21,50,xenium_human_kidney_nondiseased,<=6 genes
Contiguous Random,46,2,6,1,1,1,1,1.0,1.0,0.95,0.66,0.33,1,-6.630988186803743e-07,1.7212,7.5164,4.37,50,xenium_human_kidney_nondiseased,<=6 genes
Contiguous Random,46,3,8,1,1,1,1,1.0,1.0,1.0,1.0,0.5,1,1.2813552243556849e-08,2.2082,7.8447,3.55,50,xenium_human_kidney_nondiseased,7-12 genes
Contiguous Random,46,4,16,1,1,1,1,0.4,0.4,0.6,0.52,0.34,1,-2.3993682862766263e-06,4.0102,11.0502,2.76,50,xenium_human_kidney_nondiseased,13-16 genes
Contiguous Random,47,0,9,1,1,1,1,1.0,1.0,0.95,0.68,0.34,1,-1.0395812988280712e-06,2.4199,8.7551,3.62,50,xenium_human_kidney_nondiseased,7-12 genes
Contiguous Random,47,1,14,1,1,1,1,1.0,0.9,0.6,0.56,0.37,1,-7.042042168639313e-07,3.2436,10.5359,3.25,50,xenium_human_kidney_nondiseased,13-16 genes
Contiguous Random,47,2,14,0,0,0,0,0.2,0.2,0.1,0.18,0.28,5,0.0435292957957831,2.5642,10.0486,3.92,50,xenium_human_kidney_nondiseased,13-16 genes
Contiguous Random,47,3,9,1,1,1,1,1.0,0.9,1.0,0.68,0.35,1,1.949005126952036e-06,2.2222,8.3583,3.76,50,xenium_human_kidney_nondiseased,7-12 genes
Contiguous Random,47,4,17,1,1,1,1,1.0,1.0,1.0,0.7,0.38,1,3.1786399383726405e-06,3.155,11.965,3.79,50,xenium_human_kidney_nondiseased,>16 genes
Contiguous Random,48,0,13,1,1,1,1,0.4,0.2,0.1,0.24,0.27,1,0.0,2.8158,10.477,3.72,50,xenium_human_kidney_nondiseased,13-16 genes
Contiguous Random,48,1,7,1,1,1,1,0.0,0.0,0.0,0.0,0.05,1,0.0,2.2545,7.7917,3.46,50,xenium_human_kidney_nondiseased,7-12 genes
Contiguous Random,48,2,16,1,1,1,1,0.4,0.3,0.3,0.56,0.5,1,0.0,2.6463,11.2026,4.23,50,xenium_human_kidney_nondiseased,13-16 genes
Contiguous Random,48,3,10,1,1,1,1,0.0,0.0,0.0,0.02,0.16,1,0.0,2.0318,8.4061,4.14,50,xenium_human_kidney_nondiseased,7-12 genes
Contiguous Random,48,4,6,1,1,1,1,0.4,0.2,0.1,0.32,0.27,1,0.0,2.5515,7.6827,3.01,50,xenium_human_kidney_nondiseased,<=6 genes
Contiguous Random,49,0,9,1,1,1,1,1.0,1.0,1.0,0.78,0.49,1,3.606160481773452e-07,2.5891,9.0505,3.5,50,xenium_human_kidney_nondiseased,7-12 genes
Contiguous Random,49,1,16,1,1,1,1,1.0,1.0,1.0,0.94,0.47,1,2.704620361325752e-07,2.6884,11.2401,4.18,50,xenium_human_kidney_nondiseased,13-16 genes
Contiguous Random,49,2,8,1,1,1,1,0.0,0.0,0.0,0.0,0.06,1,0.0,2.0698,7.9469,3.84,50,xenium_human_kidney_nondiseased,7-12 genes
Contiguous Random,49,3,16,1,1,1,1,1.0,1.0,1.0,0.94,0.47,1,2.704620361325752e-07,2.6605,11.0373,4.15,50,xenium_human_kidney_nondiseased,13-16 genes
Contiguous Random,49,4,10,1,1,1,1,0.0,0.0,0.0,0.02,0.16,1,0.0,2.0047,8.4165,4.2,50,xenium_human_kidney_nondiseased,7-12 genes
Non-Contiguous Random,0,0,10,1,1,1,1,1.0,1.0,1.0,0.82,0.48,1,2.5391058335877403e-06,2.8793,9.2022,3.2,50,xenium_human_kidney_nondiseased,7-12 genes
Non-Contiguous Random,0,1,5,1,1,1,1,1.0,1.0,1.0,0.96,0.48,1,7.264432179410196e-07,1.639,7.3918,4.51,50,xenium_human_kidney_nondiseased,<=6 genes
Non-Contiguous Random,0,2,15,1,1,1,1,1.0,1.0,0.95,0.94,0.5,1,2.736010476844797e-06,3.837,10.8335,2.82,50,xenium_human_kidney_nondiseased,13-16 genes
Non-Contiguous Random,0,3,14,1,1,1,1,1.0,0.9,0.5,0.5,0.41,1,-3.903137572876247e-06,2.9769,10.4156,3.5,50,xenium_human_kidney_nondiseased,13-16 genes
Non-Contiguous Random,0,4,6,1,1,1,1,1.0,1.0,1.0,0.9,0.49,1,-4.956729071192712e-06,2.253,7.5782,3.36,50,xenium_human_kidney_nondiseased,<=6 genes
Non-Contiguous Random,1,0,10,1,1,1,1,0.8,0.7,0.55,0.58,0.36,1,2.293695875767165e-06,2.1185,9.3209,4.4,50,xenium_human_kidney_nondiseased,7-12 genes
Non-Contiguous Random,1,1,13,1,1,1,1,0.4,0.4,0.55,0.56,0.28,1,-1.1321097267980029e-07,2.4518,9.8808,4.03,50,xenium_human_kidney_nondiseased,13-16 genes
Non-Contiguous Random,1,2,10,1,1,1,1,1.0,1.0,0.95,0.88,0.5,1,2.2960519562229e-06,2.776,8.627,3.11,50,xenium_human_kidney_nondiseased,7-12 genes
Non-Contiguous Random,1,3,14,1,1,1,1,1.0,1.0,1.0,0.52,0.33,1,-3.92025244132059e-06,3.0115,10.158,3.37,50,xenium_human_kidney_nondiseased,13-16 genes
Non-Contiguous Random,1,4,15,1,1,1,1,0.6,0.6,0.6,0.5,0.26,1,8.342611226841434e-07,2.7974,10.7049,3.83,50,xenium_human_kidney_nondiseased,13-16 genes
Non-Contiguous Random,2,0,7,1,1,1,1,0.0,0.0,0.0,0.02,0.04,1,0.0,2.8801,8.448,2.93,50,xenium_human_kidney_nondiseased,7-12 genes
Non-Contiguous Random,2,1,11,1,1,1,1,1.0,1.0,0.75,0.52,0.36,1,2.4046463257057504e-07,2.7848,9.0444,3.25,50,xenium_human_kidney_nondiseased,7-12 genes
Non-Contiguous Random,2,2,9,1,1,1,1,1.0,1.0,0.75,0.66,0.39,1,-2.5702412923180734e-06,3.0227,8.2285,2.72,50,xenium_human_kidney_nondiseased,7-12 genes
Non-Contiguous Random,2,3,17,1,1,1,1,1.0,1.0,1.0,0.74,0.44,1,2.8199766672898363e-06,3.1515,11.9533,3.79,50,xenium_human_kidney_nondiseased,>16 genes
Non-Contiguous Random,2,4,6,0,0,0,0,0.6,0.8,0.85,0.92,0.5,2,0.00239,1.6946,7.6047,4.49,50,xenium_human_kidney_nondiseased,<=6 genes
Non-Contiguous Random,3,0,12,1,1,1,1,0.4,0.4,0.2,0.22,0.31,1,0.0,3.4669,9.9268,2.86,50,xenium_human_kidney_nondiseased,7-12 genes
Non-Contiguous Random,3,1,8,0,0,0,0,0.0,0.2,0.15,0.08,0.19,8,0.2132151248532326,1.74,8.1855,4.7,50,xenium_human_kidney_nondiseased,7-12 genes
Non-Contiguous Random,3,2,7,1,1,1,1,0.0,0.0,0.0,0.02,0.04,1,0.0,2.6744,7.7968,2.92,50,xenium_human_kidney_nondiseased,7-12 genes
Non-Contiguous Random,3,3,8,1,1,1,1,1.0,1.0,1.0,0.88,0.5,1,-2.50407263496788e-06,2.2578,7.9451,3.52,50,xenium_human_kidney_nondiseased,7-12 genes
Non-Contiguous Random,3,4,5,0,0,0,0,0.8,0.8,0.8,0.66,0.5,2,0.0173343028063744,1.6853,7.3322,4.35,50,xenium_human_kidney_nondiseased,<=6 genes
Non-Contiguous Random,4,0,8,1,1,1,1,1.0,1.0,1.0,0.98,0.5,1,4.47491849174704e-06,3.0784,8.7054,2.83,50,xenium_human_kidney_nondiseased,7-12 genes
Non-Contiguous Random,4,1,10,1,1,1,1,1.0,1.0,1.0,0.98,0.5,1,5.542507175923528e-07,2.9948,8.9116,2.98,50,xenium_human_kidney_nondiseased,7-12 genes
Non-Contiguous Random,4,2,6,0,0,0,0,0.8,0.8,0.7,0.72,0.5,2,0.00507,2.0852,7.5905,3.64,50,xenium_human_kidney_nondiseased,<=6 genes
Non-Contiguous Random,4,3,5,1,1,1,1,0.8,0.8,0.65,0.64,0.5,1,-3.3589966022713742e-06,1.608,7.3588,4.58,50,xenium_human_kidney_nondiseased,<=6 genes
Non-Contiguous Random,4,4,6,1,1,1,1,1.0,1.0,0.95,0.64,0.47,1,-3.3416250897026767e-06,2.3807,7.4973,3.15,50,xenium_human_kidney_nondiseased,<=6 genes
Non-Contiguous Random,5,0,13,1,1,1,1,1.0,1.0,1.0,0.94,0.5,1,1.0202211448290257e-06,3.248,10.439,3.21,50,xenium_human_kidney_nondiseased,13-16 genes
Non-Contiguous Random,5,1,14,1,1,1,1,1.0,1.0,1.0,0.96,0.49,1,-2.764025786312907e-06,3.631,10.1492,2.8,50,xenium_human_kidney_nondiseased,13-16 genes
Non-Contiguous Random,5,2,13,1,1,1,1,1.0,0.9,0.7,0.68,0.42,1,1.0202211448290257e-06,2.9825,9.9394,3.33,50,xenium_human_kidney_nondiseased,13-16 genes
Non-Contiguous Random,5,3,8,1,1,1,1,0.8,1.0,1.0,0.92,0.5,1,-2.484979946783955e-06,2.6721,8.0314,3.01,50,xenium_human_kidney_nondiseased,7-12 genes
Non-Contiguous Random,5,4,10,1,1,1,1,1.0,1.0,1.0,0.96,0.5,1,4.215698571667648e-06,2.7663,8.6194,3.12,50,xenium_human_kidney_nondiseased,7-12 genes
Non-Contiguous Random,6,0,6,1,1,1,1,1.0,1.0,1.0,0.98,0.5,1,0.0,2.266,8.1145,3.58,50,xenium_human_kidney_nondiseased,<=6 genes
Non-Contiguous Random,6,1,7,1,1,1,1,0.0,0.0,0.0,0.0,0.15,1,0.0,2.1024,7.9489,3.78,50,xenium_human_kidney_nondiseased,7-12 genes
Non-Contiguous Random,6,2,14,1,1,1,1,1.0,1.0,1.0,0.56,0.46,1,4.222475043511595e-06,3.5392,10.3839,2.93,50,xenium_human_kidney_nondiseased,13-16 genes
Non-Contiguous Random,6,3,10,1,1,1,1,1.0,1.0,1.0,0.66,0.37,1,-2.066255290248363e-06,2.978,8.7543,2.94,50,xenium_human_kidney_nondiseased,7-12 genes
Non-Contiguous Random,6,4,7,1,1,1,1,0.2,0.1,0.05,0.28,0.27,1,0.0,1.8396,7.8038,4.24,50,xenium_human_kidney_nondiseased,7-12 genes
Non-Contiguous Random,7,0,12,1,1,1,1,0.4,0.2,0.15,0.26,0.32,1,0.0,2.5239,10.0609,3.99,50,xenium_human_kidney_nondiseased,7-12 genes
Non-Contiguous Random,7,1,10,1,1,1,1,0.4,0.2,0.1,0.36,0.32,1,0.0,2.9095,8.6092,2.96,50,xenium_human_kidney_nondiseased,7-12 genes
Non-Contiguous Random,7,2,15,1,1,1,1,0.2,0.1,0.05,0.44,0.46,1,0.0,3.1132,10.8821,3.5,50,xenium_human_kidney_nondiseased,13-16 genes
Non-Contiguous Random,7,3,7,1,1,1,1,0.4,0.2,0.1,0.24,0.26,1,0.0,2.3516,7.8089,3.32,50,xenium_human_kidney_nondiseased,7-12 genes
Non-Contiguous Random,7,4,8,1,1,1,1,0.0,0.2,0.35,0.4,0.31,1,0.0,2.7817,8.0116,2.88,50,xenium_human_kidney_nondiseased,7-12 genes
Non-Contiguous Random,8,0,8,1,1,1,1,0.8,0.9,1.0,1.0,0.5,1,9.882843061783698e-07,2.4934,8.5469,3.43,50,xenium_human_kidney_nondiseased,7-12 genes
Non-Contiguous Random,8,1,10,1,1,1,1,1.0,1.0,1.0,0.94,0.5,1,2.4600240677852283e-08,2.8269,8.8019,3.11,50,xenium_human_kidney_nondiseased,7-12 genes
Non-Contiguous Random,8,2,12,1,1,1,1,1.0,1.0,1.0,0.86,0.43,1,1.9566409222367305e-06,2.9373,9.4855,3.23,50,xenium_human_kidney_nondiseased,7-12 genes
Non-Contiguous Random,8,3,8,1,1,1,1,1.0,1.0,1.0,1.0,0.5,1,9.882843061783698e-07,2.3044,7.928,3.44,50,xenium_human_kidney_nondiseased,7-12 genes
Non-Contiguous Random,8,4,7,1,1,1,1,1.0,1.0,1.0,0.9,0.5,1,-3.949822729745062e-06,2.2365,7.7047,3.44,50,xenium_human_kidney_nondiseased,7-12 genes
Non-Contiguous Random,9,0,4,1,1,1,1,1.0,1.0,1.0,0.98,0.5,1,3.901072740557232e-06,2.4084,7.7854,3.23,50,xenium_human_kidney_nondiseased,<=6 genes
Non-Contiguous Random,9,1,6,1,1,1,1,0.8,0.7,0.75,0.66,0.5,1,-1.6718254694340906e-06,1.7323,7.6173,4.4,50,xenium_human_kidney_nondiseased,<=6 genes
Non-Contiguous Random,9,2,5,1,1,1,1,0.6,0.8,0.8,0.74,0.5,1,-3.4059782075424733e-06,1.6174,7.4944,4.63,50,xenium_human_kidney_nondiseased,<=6 genes
Non-Contiguous Random,9,3,7,1,1,1,1,1.0,1.0,1.0,0.82,0.41,1,-2.002907753928529e-06,1.9022,7.7672,4.08,50,xenium_human_kidney_nondiseased,7-12 genes
Non-Contiguous Random,9,4,4,1,1,1,1,0.0,0.0,0.0,0.0,0.01,1,0.0,1.5383,7.0933,4.61,50,xenium_human_kidney_nondiseased,<=6 genes
Non-Contiguous Random,10,0,17,1,1,1,1,0.8,0.7,0.55,0.46,0.33,1,-4.814827124111076e-06,3.3138,12.7565,3.85,50,xenium_human_kidney_nondiseased,>16 genes
Non-Contiguous Random,10,1,7,1,1,1,1,0.0,0.0,0.0,0.0,0.03,1,0.0,1.9246,7.8771,4.09,50,xenium_human_kidney_nondiseased,7-12 genes
Non-Contiguous Random,10,2,15,1,1,1,1,1.0,1.0,0.95,0.78,0.45,1,1.798538001196448e-06,3.4223,10.7055,3.13,50,xenium_human_kidney_nondiseased,13-16 genes
Non-Contiguous Random,10,3,13,1,1,1,1,1.0,1.0,1.0,0.94,0.49,1,3.317433378856316e-06,3.1977,9.822,3.07,50,xenium_human_kidney_nondiseased,13-16 genes
Non-Contiguous Random,10,4,12,1,1,1,1,0.8,1.0,0.95,0.88,0.5,1,0.0,3.428,9.3414,2.73,50,xenium_human_kidney_nondiseased,7-12 genes
Non-Contiguous Random,11,0,15,1,1,1,1,1.0,0.9,1.0,0.78,0.39,1,3.0820799683806133e-06,3.2626,11.5754,3.55,50,xenium_human_kidney_nondiseased,13-16 genes
Non-Contiguous Random,11,1,15,1,1,1,1,1.0,1.0,0.95,0.78,0.39,1,3.0820799683806133e-06,3.2316,10.8526,3.36,50,xenium_human_kidney_nondiseased,13-16 genes
Non-Contiguous Random,11,2,15,1,1,1,1,1.0,1.0,1.0,0.78,0.39,1,3.0820799683806133e-06,3.1196,10.8415,3.48,50,xenium_human_kidney_nondiseased,13-16 genes
Non-Contiguous Random,11,3,9,1,1,1,1,1.0,1.0,1.0,0.98,0.5,1,0.0,2.5909,8.2793,3.2,50,xenium_human_kidney_nondiseased,7-12 genes
Non-Contiguous Random,11,4,14,1,1,1,1,1.0,1.0,0.9,0.76,0.39,1,-2.7887770461670902e-06,2.8592,10.1958,3.57,50,xenium_human_kidney_nondiseased,13-16 genes
Non-Contiguous Random,12,0,9,1,1,1,1,1.0,0.9,0.95,0.86,0.43,1,-4.819742835948659e-07,2.6768,8.963,3.35,50,xenium_human_kidney_nondiseased,7-12 genes
Non-Contiguous Random,12,1,9,1,1,1,1,1.0,1.0,0.9,0.96,0.48,1,-1.6167370478301774e-06,2.7745,8.3993,3.03,50,xenium_human_kidney_nondiseased,7-12 genes
Non-Contiguous Random,12,2,16,1,1,1,1,0.8,0.9,0.75,0.52,0.37,1,-8.723449704817199e-07,3.3434,11.4053,3.41,50,xenium_human_kidney_nondiseased,13-16 genes
Non-Contiguous Random,12,3,8,1,1,1,1,1.0,1.0,0.9,0.68,0.48,1,-9.828728181771743e-07,2.3776,8.0152,3.37,50,xenium_human_kidney_nondiseased,7-12 genes
Non-Contiguous Random,12,4,17,1,1,1,1,0.8,0.8,0.8,0.64,0.39,1,-2.531702621322296e-06,3.2977,12.0825,3.66,50,xenium_human_kidney_nondiseased,>16 genes
Non-Contiguous Random,13,0,16,1,1,1,1,1.0,0.9,0.9,0.7,0.38,1,-8.238983153496804e-07,2.731,11.7991,4.32,50,xenium_human_kidney_nondiseased,13-16 genes
Non-Contiguous Random,13,1,11,1,1,1,1,1.0,1.0,1.0,0.84,0.47,1,4.216096640981271e-06,3.2234,9.0955,2.82,50,xenium_human_kidney_nondiseased,7-12 genes
Non-Contiguous Random,13,2,15,1,1,1,1,1.0,0.9,0.95,0.82,0.45,1,-4.725500327040777e-06,3.1764,11.0623,3.48,50,xenium_human_kidney_nondiseased,13-16 genes
Non-Contiguous Random,13,3,15,1,1,1,1,1.0,1.0,1.0,0.96,0.49,1,-4.725500327040777e-06,3.5039,10.5922,3.02,50,xenium_human_kidney_nondiseased,13-16 genes
Non-Contiguous Random,13,4,12,1,1,1,1,1.0,1.0,0.95,0.86,0.5,1,-3.851341945360076e-06,3.6101,9.3246,2.58,50,xenium_human_kidney_nondiseased,7-12 genes
Non-Contiguous Random,14,0,7,1,1,1,1,1.0,1.0,0.8,0.68,0.49,1,4.268053874101341e-06,2.1062,8.3544,3.97,50,xenium_human_kidney_nondiseased,7-12 genes
Non-Contiguous Random,14,1,6,1,1,1,1,0.8,0.8,0.9,0.94,0.5,1,-1.149510878075289e-06,2.1679,7.6636,3.53,50,xenium_human_kidney_nondiseased,<=6 genes
Non-Contiguous Random,14,2,16,1,1,1,1,1.0,1.0,1.0,0.82,0.47,1,-1.5512847899579183e-06,3.3047,11.4131,3.45,50,xenium_human_kidney_nondiseased,13-16 genes
Non-Contiguous Random,14,3,7,1,1,1,1,1.0,0.9,0.7,0.64,0.49,1,-2.7536227748536923e-06,1.9093,7.8216,4.1,50,xenium_human_kidney_nondiseased,7-12 genes
Non-Contiguous Random,14,4,14,1,1,1,1,1.0,1.0,1.0,0.88,0.5,1,-7.762388492538186e-07,3.2791,10.3358,3.15,50,xenium_human_kidney_nondiseased,13-16 genes
Non-Contiguous Random,15,0,12,1,1,1,1,0.4,0.2,0.15,0.42,0.39,1,0.0,4.6189,10.1619,2.2,50,xenium_human_kidney_nondiseased,7-12 genes
Non-Contiguous Random,15,1,7,1,1,1,1,1.0,1.0,1.0,0.92,0.47,1,0.0,1.9682,7.9716,4.05,50,xenium_human_kidney_nondiseased,7-12 genes
Non-Contiguous Random,15,2,14,1,1,1,1,1.0,1.0,0.95,0.4,0.37,1,0.0,2.8493,10.4331,3.66,50,xenium_human_kidney_nondiseased,13-16 genes
Non-Contiguous Random,15,3,11,1,1,1,1,1.0,1.0,1.0,0.62,0.36,1,0.0,2.5295,9.0238,3.57,50,xenium_human_kidney_nondiseased,7-12 genes
Non-Contiguous Random,15,4,6,1,1,1,1,1.0,1.0,1.0,0.92,0.47,1,0.0,2.0693,7.5567,3.65,50,xenium_human_kidney_nondiseased,<=6 genes
Non-Contiguous Random,16,0,14,1,1,1,1,1.0,1.0,1.0,0.86,0.43,1,-5.911633310408393e-07,3.4043,10.8918,3.2,50,xenium_human_kidney_nondiseased,13-16 genes
Non-Contiguous Random,16,1,9,1,1,1,1,0.0,0.0,0.0,0.02,0.17,1,0.0,2.4379,8.3129,3.41,50,xenium_human_kidney_nondiseased,7-12 genes
Non-Contiguous Random,16,2,14,1,1,1,1,1.0,1.0,1.0,0.86,0.46,1,-5.911633310408393e-07,3.9612,10.2629,2.59,50,xenium_human_kidney_nondiseased,13-16 genes
Non-Contiguous Random,16,3,15,1,1,1,1,1.0,1.0,1.0,0.68,0.48,1,3.500842414162764e-06,3.742,10.7912,2.88,50,xenium_human_kidney_nondiseased,13-16 genes
Non-Contiguous Random,16,4,9,1,1,1,1,1.0,1.0,0.95,1.0,0.5,1,-2.016448974608009e-06,2.1125,8.1809,3.87,50,xenium_human_kidney_nondiseased,7-12 genes
Non-Contiguous Random,17,0,9,1,1,1,1,1.0,1.0,1.0,0.92,0.48,1,-4.9123128255217086e-06,3.2942,8.9117,2.71,50,xenium_human_kidney_nondiseased,7-12 genes
Non-Contiguous Random,17,1,13,1,1,1,1,1.0,1.0,0.95,0.8,0.47,1,-7.97097618132625e-07,3.2367,9.987,3.09,50,xenium_human_kidney_nondiseased,13-16 genes
Non-Contiguous Random,17,2,11,1,1,1,1,0.8,0.8,0.8,0.6,0.37,1,-2.780505869992567e-07,2.5624,9.1406,3.57,50,xenium_human_kidney_nondiseased,7-12 genes
Non-Contiguous Random,17,3,8,1,1,1,1,1.0,1.0,1.0,0.96,0.49,1,-1.8221822907782403e-06,2.3745,7.986,3.36,50,xenium_human_kidney_nondiseased,7-12 genes
Non-Contiguous Random,17,4,7,1,1,1,1,1.0,1.0,0.8,0.6,0.5,1,3.257525840488773e-06,2.2094,7.7573,3.51,50,xenium_human_kidney_nondiseased,7-12 genes
Non-Contiguous Random,18,0,6,1,1,1,1,1.0,1.0,1.0,0.86,0.5,1,-3.831462381656547e-06,2.4501,8.1628,3.33,50,xenium_human_kidney_nondiseased,<=6 genes
Non-Contiguous Random,18,1,7,1,1,1,1,1.0,1.0,0.9,0.64,0.46,1,-5.134913156901177e-07,2.1019,7.865,3.74,50,xenium_human_kidney_nondiseased,7-12 genes
Non-Contiguous Random,18,2,13,1,1,1,1,1.0,1.0,1.0,0.54,0.28,1,-2.387612278421936e-06,2.7694,9.9067,3.58,50,xenium_human_kidney_nondiseased,13-16 genes
Non-Contiguous Random,18,3,10,1,1,1,1,1.0,1.0,1.0,0.8,0.5,1,1.2784506570710783e-06,3.3033,8.6971,2.63,50,xenium_human_kidney_nondiseased,7-12 genes
Non-Contiguous Random,18,4,8,1,1,1,1,1.0,1.0,1.0,0.96,0.48,1,3.196794402526848e-06,2.8314,8.0058,2.83,50,xenium_human_kidney_nondiseased,7-12 genes
Non-Contiguous Random,19,0,8,1,1,1,1,1.0,0.8,0.65,0.56,0.5,1,-1.7920150037105398e-06,2.3623,8.5648,3.63,50,xenium_human_kidney_nondiseased,7-12 genes
Non-Contiguous Random,19,1,12,1,1,1,1,1.0,1.0,1.0,0.92,0.47,1,-3.422507568462408e-06,3.005,9.6418,3.21,50,xenium_human_kidney_nondiseased,7-12 genes
Non-Contiguous Random,19,2,12,1,1,1,1,0.6,0.6,0.6,0.4,0.35,1,-2.395411218270027e-06,2.2793,9.4994,4.17,50,xenium_human_kidney_nondiseased,7-12 genes
Non-Contiguous Random,19,3,11,1,1,1,1,1.0,1.0,1.0,0.92,0.47,1,3.0144048355218445e-06,3.421,9.0809,2.65,50,xenium_human_kidney_nondiseased,7-12 genes
Non-Contiguous Random,19,4,7,1,1,1,1,1.0,1.0,1.0,0.84,0.5,1,2.6813311323932443e-06,2.6931,7.8557,2.92,50,xenium_human_kidney_nondiseased,7-12 genes
Non-Contiguous Random,20,0,8,1,1,1,1,1.0,1.0,1.0,1.0,0.5,1,2.3875777290655043e-06,2.0684,8.4983,4.11,50,xenium_human_kidney_nondiseased,7-12 genes
Non-Contiguous Random,20,1,16,1,1,1,1,1.0,1.0,1.0,0.66,0.37,1,-2.627868652342602e-06,3.8508,11.3664,2.95,50,xenium_human_kidney_nondiseased,13-16 genes
Non-Contiguous Random,20,2,4,1,1,1,1,0.0,0.0,0.2,0.26,0.27,1,0.0,2.4675,7.0968,2.88,50,xenium_human_kidney_nondiseased,<=6 genes
Non-Contiguous Random,20,3,12,1,1,1,1,1.0,1.0,1.0,0.92,0.48,1,4.850995351909221e-06,3.2153,9.3912,2.92,50,xenium_human_kidney_nondiseased,7-12 genes
Non-Contiguous Random,20,4,5,1,1,1,1,0.0,0.0,0.15,0.62,0.47,1,0.0,1.5891,7.3326,4.61,50,xenium_human_kidney_nondiseased,<=6 genes
Non-Contiguous Random,21,0,12,1,1,1,1,0.2,0.1,0.1,0.36,0.39,1,0.0,3.4973,10.1641,2.91,50,xenium_human_kidney_nondiseased,7-12 genes
Non-Contiguous Random,21,1,12,1,1,1,1,0.4,0.3,0.35,0.32,0.29,1,0.0,2.6151,9.3968,3.59,50,xenium_human_kidney_nondiseased,7-12 genes
Non-Contiguous Random,21,2,14,1,1,1,1,0.4,0.2,0.35,0.44,0.45,1,0.0,2.5984,10.3408,3.98,50,xenium_human_kidney_nondiseased,13-16 genes
Non-Contiguous Random,21,3,8,1,1,1,1,0.4,0.2,0.1,0.22,0.31,1,0.0,2.7749,8.0206,2.89,50,xenium_human_kidney_nondiseased,7-12 genes
Non-Contiguous Random,21,4,8,1,1,1,1,0.0,0.0,0.3,0.56,0.4,1,0.0,2.3093,7.8646,3.41,50,xenium_human_kidney_nondiseased,7-12 genes
Non-Contiguous Random,22,0,8,1,1,1,1,1.0,1.0,0.95,0.98,0.49,1,0.0,2.9534,8.8972,3.01,50,xenium_human_kidney_nondiseased,7-12 genes
Non-Contiguous Random,22,1,14,1,1,1,1,0.8,1.0,0.95,0.7,0.35,1,-4.222265049647067e-06,2.6888,10.7142,3.98,50,xenium_human_kidney_nondiseased,13-16 genes
Non-Contiguous Random,22,2,11,1,1,1,1,1.0,1.0,1.0,0.74,0.43,1,-4.924803294639041e-06,2.9594,9.095,3.07,50,xenium_human_kidney_nondiseased,7-12 genes
Non-Contiguous Random,22,3,11,1,1,1,1,1.0,1.0,1.0,0.76,0.39,1,0.0,3.429,9.017,2.63,50,xenium_human_kidney_nondiseased,7-12 genes
Non-Contiguous Random,22,4,10,1,1,1,1,1.0,0.9,0.9,0.76,0.41,1,-2.8378165757691337e-06,2.7665,8.6007,3.11,50,xenium_human_kidney_nondiseased,7-12 genes
Non-Contiguous Random,23,0,10,1,1,1,1,1.0,1.0,1.0,1.0,0.5,1,1.1587902900133534e-06,2.9985,9.1813,3.06,50,xenium_human_kidney_nondiseased,7-12 genes
Non-Contiguous Random,23,1,10,1,1,1,1,1.0,0.9,1.0,0.86,0.45,1,1.1587902900133534e-06,2.3988,8.5462,3.56,50,xenium_human_kidney_nondiseased,7-12 genes
Non-Contiguous Random,23,2,13,1,1,1,1,1.0,1.0,1.0,0.6,0.3,1,4.4630034782035255e-06,3.3758,9.9131,2.94,50,xenium_human_kidney_nondiseased,13-16 genes
Non-Contiguous Random,23,3,12,1,1,1,1,1.0,1.0,1.0,0.54,0.32,1,-3.357253174575978e-06,2.9459,9.4897,3.22,50,xenium_human_kidney_nondiseased,7-12 genes
Non-Contiguous Random,23,4,11,1,1,1,1,1.0,1.0,1.0,0.94,0.48,1,2.295480971974303e-07,3.0939,8.8225,2.85,50,xenium_human_kidney_nondiseased,7-12 genes
Non-Contiguous Random,24,0,9,1,1,1,1,1.0,1.0,0.95,0.96,0.49,1,-2.821496327715112e-06,3.3695,9.0927,2.7,50,xenium_human_kidney_nondiseased,7-12 genes
Non-Contiguous Random,24,1,13,1,1,1,1,1.0,1.0,1.0,0.86,0.48,1,6.88182137942306e-08,2.5505,9.8261,3.85,50,xenium_human_kidney_nondiseased,13-16 genes
Non-Contiguous Random,24,2,13,1,1,1,1,1.0,1.0,0.85,0.84,0.46,1,-7.654762321784858e-07,2.8285,9.6499,3.41,50,xenium_human_kidney_nondiseased,13-16 genes
Non-Contiguous Random,24,3,12,1,1,1,1,0.4,0.2,0.35,0.34,0.29,1,0.0,2.8645,9.2912,3.24,50,xenium_human_kidney_nondiseased,7-12 genes
Non-Contiguous Random,24,4,7,1,1,1,1,0.0,0.0,0.0,0.0,0.1,1,0.0,2.1956,7.7927,3.55,50,xenium_human_kidney_nondiseased,7-12 genes
Non-Contiguous Random,25,0,14,1,1,1,1,1.0,1.0,1.0,0.48,0.26,1,-3.623733288549147e-06,2.7327,11.0535,4.04,50,xenium_human_kidney_nondiseased,13-16 genes
Non-Contiguous Random,25,1,15,1,1,1,1,1.0,1.0,0.8,0.42,0.34,1,2.0723398070979222e-06,3.5231,11.0014,3.12,50,xenium_human_kidney_nondiseased,13-16 genes
Non-Contiguous Random,25,2,16,1,1,1,1,1.0,1.0,1.0,0.62,0.36,1,1.857681274586298e-06,2.7724,11.9199,4.3,50,xenium_human_kidney_nondiseased,13-16 genes
Non-Contiguous Random,25,3,7,1,1,1,1,1.0,1.0,0.65,0.26,0.15,1,2.925533851543677e-06,2.243,7.9289,3.53,50,xenium_human_kidney_nondiseased,7-12 genes
Non-Contiguous Random,25,4,13,1,1,1,1,1.0,1.0,0.9,0.66,0.33,1,-1.7568354118702167e-08,2.7738,9.6889,3.49,50,xenium_human_kidney_nondiseased,13-16 genes
Non-Contiguous Random,26,0,9,1,1,1,1,1.0,0.9,0.9,0.82,0.41,1,-1.282857259088388e-06,2.5389,8.9266,3.52,50,xenium_human_kidney_nondiseased,7-12 genes
Non-Contiguous Random,26,1,12,1,1,1,1,1.0,1.0,1.0,0.64,0.38,1,-2.711198125560088e-06,3.1405,9.5634,3.05,50,xenium_human_kidney_nondiseased,7-12 genes
Non-Contiguous Random,26,2,17,1,1,1,1,1.0,1.0,0.65,0.5,0.29,1,-4.095182299934663e-06,3.2775,12.0427,3.67,50,xenium_human_kidney_nondiseased,>16 genes
Non-Contiguous Random,26,3,14,1,1,1,1,1.0,1.0,0.9,0.62,0.41,1,1.0709876154813005e-06,2.9156,10.4748,3.59,50,xenium_human_kidney_nondiseased,13-16 genes
Non-Contiguous Random,26,4,17,1,1,1,1,1.0,1.0,0.65,0.5,0.29,1,-4.095182299934663e-06,3.2344,12.0146,3.71,50,xenium_human_kidney_nondiseased,>16 genes
Non-Contiguous Random,27,0,14,1,1,1,1,1.0,1.0,1.0,0.7,0.36,1,-3.715177272142767e-07,2.8189,10.9408,3.88,50,xenium_human_kidney_nondiseased,13-16 genes
Non-Contiguous Random,27,1,5,1,1,1,1,0.0,0.0,0.0,0.0,0.08,1,0.0,2.3195,7.4905,3.23,50,xenium_human_kidney_nondiseased,<=6 genes
Non-Contiguous Random,27,2,14,1,1,1,1,1.0,1.0,0.75,0.5,0.34,1,9.01562142111706e-07,2.6278,10.3245,3.93,50,xenium_human_kidney_nondiseased,13-16 genes
Non-Contiguous Random,27,3,11,1,1,1,1,1.0,1.0,0.6,0.28,0.16,1,3.717605563646406e-06,2.8801,9.0573,3.14,50,xenium_human_kidney_nondiseased,7-12 genes
Non-Contiguous Random,27,4,12,1,1,1,1,1.0,1.0,1.0,0.72,0.37,1,-3.647784432722623e-06,2.4608,9.4048,3.82,50,xenium_human_kidney_nondiseased,7-12 genes
Non-Contiguous Random,28,0,16,1,1,1,1,1.0,1.0,0.9,0.72,0.43,1,4.8777008054834425e-06,3.4408,11.9336,3.47,50,xenium_human_kidney_nondiseased,13-16 genes
Non-Contiguous Random,28,1,10,1,1,1,1,1.0,1.0,0.85,0.66,0.44,1,-8.719788924249627e-08,2.4159,8.7244,3.61,50,xenium_human_kidney_nondiseased,7-12 genes
Non-Contiguous Random,28,2,8,1,1,1,1,1.0,1.0,1.0,0.58,0.42,1,-5.8980690553767097e-08,2.0621,7.9414,3.85,50,xenium_human_kidney_nondiseased,7-12 genes
Non-Contiguous Random,28,3,10,1,1,1,1,1.0,0.9,1.0,0.72,0.47,1,-1.5289983374133786e-06,2.7319,8.4965,3.11,50,xenium_human_kidney_nondiseased,7-12 genes
Non-Contiguous Random,28,4,10,1,1,1,1,0.8,0.8,0.65,0.58,0.46,1,-1.1754239076511297e-06,2.0465,8.3068,4.06,50,xenium_human_kidney_nondiseased,7-12 genes
Non-Contiguous Random,29,0,12,1,1,1,1,1.0,1.0,1.0,0.72,0.48,1,-3.56982689214691e-07,3.0595,10.0207,3.28,50,xenium_human_kidney_nondiseased,7-12 genes
Non-Contiguous Random,29,1,16,1,1,1,1,1.0,1.0,0.7,0.56,0.41,1,4.335422515877596e-06,3.3417,11.3525,3.4,50,xenium_human_kidney_nondiseased,13-16 genes
Non-Contiguous Random,29,2,13,1,1,1,1,1.0,0.6,0.7,0.58,0.41,1,-1.3399918190604154e-06,2.3809,9.7669,4.1,50,xenium_human_kidney_nondiseased,13-16 genes
Non-Contiguous Random,29,3,13,1,1,1,1,1.0,1.0,0.95,0.98,0.5,1,6.084134477335468e-07,3.1188,9.6768,3.1,50,xenium_human_kidney_nondiseased,13-16 genes
Non-Contiguous Random,29,4,8,1,1,1,1,0.8,1.0,1.0,0.98,0.5,1,0.0,2.7432,7.8736,2.87,50,xenium_human_kidney_nondiseased,7-12 genes
Non-Contiguous Random,30,0,14,1,1,1,1,0.4,0.4,0.3,0.44,0.46,1,0.0,3.05,11.0093,3.61,50,xenium_human_kidney_nondiseased,13-16 genes
Non-Contiguous Random,30,1,12,1,1,1,1,0.4,0.2,0.15,0.22,0.33,1,0.0,3.196,9.3455,2.92,50,xenium_human_kidney_nondiseased,7-12 genes
Non-Contiguous Random,30,2,15,1,1,1,1,0.4,0.2,0.1,0.4,0.46,1,0.0,2.9306,10.7144,3.66,50,xenium_human_kidney_nondiseased,13-16 genes
Non-Contiguous Random,30,3,17,1,1,1,1,0.4,0.2,0.25,0.62,0.5,1,0.0,3.0654,11.8378,3.86,50,xenium_human_kidney_nondiseased,>16 genes
Non-Contiguous Random,30,4,11,1,1,1,1,0.2,0.2,0.3,0.34,0.29,1,0.0,3.1418,8.8486,2.82,50,xenium_human_kidney_nondiseased,7-12 genes
Non-Contiguous Random,31,0,6,1,1,1,1,1.0,1.0,0.85,0.72,0.5,1,-2.127408698433808e-06,2.2731,8.1507,3.59,50,xenium_human_kidney_nondiseased,<=6 genes
Non-Contiguous Random,31,1,6,1,1,1,1,1.0,0.9,1.0,0.92,0.5,1,2.921834310329937e-06,2.1332,7.6355,3.58,50,xenium_human_kidney_nondiseased,<=6 genes
Non-Contiguous Random,31,2,10,1,1,1,1,1.0,1.0,1.0,0.82,0.48,1,1.9742182817508204e-06,2.7428,8.6063,3.14,50,xenium_human_kidney_nondiseased,7-12 genes
Non-Contiguous Random,31,3,6,1,1,1,1,1.0,1.0,1.0,1.0,0.5,1,2.921834310329937e-06,1.9316,7.482,3.87,50,xenium_human_kidney_nondiseased,<=6 genes
Non-Contiguous Random,31,4,14,1,1,1,1,1.0,1.0,1.0,0.86,0.43,1,1.8202762074757608e-06,3.5462,10.2272,2.88,50,xenium_human_kidney_nondiseased,13-16 genes
Non-Contiguous Random,32,0,11,1,1,1,1,0.4,0.4,0.4,0.36,0.35,1,0.0,2.9269,9.5663,3.27,50,xenium_human_kidney_nondiseased,7-12 genes
Non-Contiguous Random,32,1,7,1,1,1,1,1.0,1.0,1.0,0.8,0.47,1,0.0,2.7703,8.0201,2.9,50,xenium_human_kidney_nondiseased,7-12 genes
Non-Contiguous Random,32,2,9,1,1,1,1,0.6,0.4,0.3,0.34,0.28,1,0.0,2.7584,8.319,3.02,50,xenium_human_kidney_nondiseased,7-12 genes
Non-Contiguous Random,32,3,13,1,1,1,1,0.4,0.3,0.35,0.42,0.29,1,0.0,2.629,9.6583,3.67,50,xenium_human_kidney_nondiseased,13-16 genes
Non-Contiguous Random,32,4,11,1,1,1,1,1.0,1.0,1.0,0.5,0.29,1,-4.2257535299433657e-07,3.1535,8.9862,2.85,50,xenium_human_kidney_nondiseased,7-12 genes
Non-Contiguous Random,33,0,8,1,1,1,1,0.0,0.0,0.3,0.56,0.4,1,0.0,2.4871,8.4644,3.4,50,xenium_human_kidney_nondiseased,7-12 genes
Non-Contiguous Random,33,1,10,1,1,1,1,1.0,1.0,1.0,0.9,0.45,1,1.6674191813947914e-06,3.085,8.8127,2.86,50,xenium_human_kidney_nondiseased,7-12 genes
Non-Contiguous Random,33,2,7,1,1,1,1,0.0,0.0,0.0,0.0,0.12,1,0.0,2.3063,7.8322,3.4,50,xenium_human_kidney_nondiseased,7-12 genes
Non-Contiguous Random,33,3,7,1,1,1,1,1.0,0.9,1.0,0.78,0.42,1,0.0,2.1859,7.7949,3.57,50,xenium_human_kidney_nondiseased,7-12 genes
Non-Contiguous Random,33,4,7,1,1,1,1,1.0,1.0,1.0,0.58,0.29,1,-7.493751008722134e-07,1.8634,7.7472,4.16,50,xenium_human_kidney_nondiseased,7-12 genes
Non-Contiguous Random,34,0,13,1,1,1,1,1.0,1.0,1.0,0.58,0.44,1,-4.964747416735804e-06,3.2867,10.6722,3.25,50,xenium_human_kidney_nondiseased,13-16 genes
Non-Contiguous Random,34,1,6,1,1,1,1,1.0,1.0,0.95,0.92,0.5,1,1.5420305028487208e-06,2.2307,7.5639,3.39,50,xenium_human_kidney_nondiseased,<=6 genes
Non-Contiguous Random,34,2,15,1,1,1,1,1.0,1.0,0.75,0.76,0.46,1,3.891003025557893e-06,3.2471,10.6596,3.28,50,xenium_human_kidney_nondiseased,13-16 genes
Non-Contiguous Random,34,3,8,1,1,1,1,1.0,0.7,0.55,0.56,0.43,1,-2.5897922393443296e-06,2.3814,7.8823,3.31,50,xenium_human_kidney_nondiseased,7-12 genes
Non-Contiguous Random,34,4,8,1,1,1,1,1.0,0.9,1.0,0.92,0.46,1,-1.258457872632679e-06,2.8415,7.8884,2.78,50,xenium_human_kidney_nondiseased,7-12 genes
Non-Contiguous Random,35,0,9,1,1,1,1,0.0,0.0,0.0,0.0,0.12,1,0.0,2.3737,8.7337,3.68,50,xenium_human_kidney_nondiseased,7-12 genes
Non-Contiguous Random,35,1,7,1,1,1,1,0.0,0.0,0.0,0.02,0.05,1,0.0,2.9681,7.8553,2.65,50,xenium_human_kidney_nondiseased,7-12 genes
Non-Contiguous Random,35,2,7,1,1,1,1,0.0,0.0,0.0,0.0,0.05,1,0.0,2.1553,7.6349,3.54,50,xenium_human_kidney_nondiseased,7-12 genes
Non-Contiguous Random,35,3,15,1,1,1,1,0.4,0.3,0.35,0.58,0.5,1,0.0,3.9166,10.797,2.76,50,xenium_human_kidney_nondiseased,13-16 genes
Non-Contiguous Random,35,4,11,1,1,1,1,0.2,0.2,0.25,0.36,0.25,1,0.0,2.3644,8.7641,3.71,50,xenium_human_kidney_nondiseased,7-12 genes
Non-Contiguous Random,36,0,7,1,1,1,1,0.0,0.0,0.0,0.02,0.21,1,0.0,2.3781,8.36,3.52,50,xenium_human_kidney_nondiseased,7-12 genes
Non-Contiguous Random,36,1,17,1,1,1,1,0.8,1.0,0.85,0.4,0.23,1,0.0,3.2967,11.9998,3.64,50,xenium_human_kidney_nondiseased,>16 genes
Non-Contiguous Random,36,2,12,1,1,1,1,0.4,0.3,0.35,0.38,0.31,1,0.0,2.9779,9.2617,3.11,50,xenium_human_kidney_nondiseased,7-12 genes
Non-Contiguous Random,36,3,12,1,1,1,1,1.0,1.0,1.0,0.78,0.39,1,0.0,3.0706,9.2948,3.03,50,xenium_human_kidney_nondiseased,7-12 genes
Non-Contiguous Random,36,4,14,1,1,1,1,1.0,1.0,0.9,0.44,0.34,1,0.0,2.6837,10.47,3.9,50,xenium_human_kidney_nondiseased,13-16 genes
Non-Contiguous Random,37,0,8,1,1,1,1,0.6,0.5,0.6,0.74,0.5,1,-1.949802722065256e-07,2.6537,8.6821,3.27,50,xenium_human_kidney_nondiseased,7-12 genes
Non-Contiguous Random,37,1,8,1,1,1,1,1.0,1.0,1.0,0.58,0.36,1,0.0,2.8554,8.1132,2.84,50,xenium_human_kidney_nondiseased,7-12 genes
Non-Contiguous Random,37,2,5,1,1,1,1,0.0,0.0,0.0,0.0,0.0,1,0.0,1.5982,7.452,4.66,50,xenium_human_kidney_nondiseased,<=6 genes
Non-Contiguous Random,37,3,10,1,1,1,1,1.0,1.0,0.85,0.74,0.5,1,1.4149141937536136e-06,3.1232,8.7233,2.79,50,xenium_human_kidney_nondiseased,7-12 genes
Non-Contiguous Random,37,4,14,1,1,1,1,1.0,0.8,0.7,0.66,0.41,1,-5.632346948836187e-07,2.9995,10.4901,3.5,50,xenium_human_kidney_nondiseased,13-16 genes
Non-Contiguous Random,38,0,15,1,1,1,1,1.0,1.0,0.9,0.68,0.34,1,-6.879866611521693e-07,3.1705,11.5295,3.64,50,xenium_human_kidney_nondiseased,13-16 genes
Non-Contiguous Random,38,1,10,1,1,1,1,0.0,0.0,0.0,0.0,0.15,1,0.0,2.3841,8.5532,3.59,50,xenium_human_kidney_nondiseased,7-12 genes
Non-Contiguous Random,38,2,13,1,1,1,1,1.0,1.0,1.0,0.7,0.47,1,1.947975062812149e-06,2.7866,9.723,3.49,50,xenium_human_kidney_nondiseased,13-16 genes
Non-Contiguous Random,38,3,9,1,1,1,1,0.8,0.9,0.9,0.96,0.5,1,4.65281168619781e-06,2.6079,8.2729,3.17,50,xenium_human_kidney_nondiseased,7-12 genes
Non-Contiguous Random,38,4,11,0,0,0,0,0.8,0.9,0.9,0.7,0.35,2,0.0021882077707817,2.1373,8.9209,4.17,50,xenium_human_kidney_nondiseased,7-12 genes
Non-Contiguous Random,39,0,15,1,1,1,1,1.0,1.0,0.9,0.52,0.36,1,3.3304978802120577e-06,3.2852,11.3483,3.45,50,xenium_human_kidney_nondiseased,13-16 genes
Non-Contiguous Random,39,1,11,1,1,1,1,1.0,1.0,1.0,0.6,0.3,1,1.5095793374983455e-06,2.6328,8.9621,3.4,50,xenium_human_kidney_nondiseased,7-12 genes
Non-Contiguous Random,39,2,13,1,1,1,1,1.0,1.0,0.8,0.54,0.29,1,-1.0322366053492314e-06,2.6774,9.9891,3.73,50,xenium_human_kidney_nondiseased,13-16 genes
Non-Contiguous Random,39,3,14,1,1,1,1,1.0,1.0,0.8,0.46,0.32,1,4.188373543077134e-06,2.5933,10.3459,3.99,50,xenium_human_kidney_nondiseased,13-16 genes
Non-Contiguous Random,39,4,12,1,1,1,1,1.0,1.0,0.9,0.6,0.32,1,3.102132481700576e-06,3.1024,9.4756,3.05,50,xenium_human_kidney_nondiseased,7-12 genes
Non-Contiguous Random,40,0,11,1,1,1,1,1.0,1.0,0.95,0.82,0.46,1,3.63196663404064e-07,3.1039,9.5106,3.06,50,xenium_human_kidney_nondiseased,7-12 genes
Non-Contiguous Random,40,1,10,1,1,1,1,1.0,1.0,0.9,0.66,0.42,1,-3.742386487370908e-06,2.1268,9.8653,4.64,50,xenium_human_kidney_nondiseased,7-12 genes
Non-Contiguous Random,40,2,8,1,1,1,1,1.0,1.0,1.0,0.92,0.5,1,-2.116958897350335e-06,2.0024,7.9875,3.99,50,xenium_human_kidney_nondiseased,7-12 genes
Non-Contiguous Random,40,3,12,1,1,1,1,1.0,1.0,1.0,0.7,0.35,1,4.018707769670726e-06,3.3421,9.4533,2.83,50,xenium_human_kidney_nondiseased,7-12 genes
Non-Contiguous Random,40,4,14,1,1,1,1,1.0,1.0,1.0,0.9,0.48,1,3.6416550810436377e-06,3.7729,10.3466,2.74,50,xenium_human_kidney_nondiseased,13-16 genes
Non-Contiguous Random,41,0,11,1,1,1,1,1.0,0.9,0.45,0.42,0.36,1,6.478542260157649e-07,3.3389,9.6089,2.88,50,xenium_human_kidney_nondiseased,7-12 genes
Non-Contiguous Random,41,1,9,1,1,1,1,1.0,1.0,0.6,0.24,0.23,1,-1.2372843424465765e-06,2.4053,8.2648,3.44,50,xenium_human_kidney_nondiseased,7-12 genes
Non-Contiguous Random,41,2,5,1,1,1,1,1.0,1.0,0.9,0.4,0.2,1,3.120114458986245e-08,1.9595,7.3489,3.75,50,xenium_human_kidney_nondiseased,<=6 genes
Non-Contiguous Random,41,3,9,1,1,1,1,0.6,0.3,0.55,0.38,0.38,1,0.0,2.0916,8.2238,3.93,50,xenium_human_kidney_nondiseased,7-12 genes
Non-Contiguous Random,41,4,15,1,1,1,1,1.0,0.7,0.45,0.5,0.46,1,5.283643416537087e-08,3.0844,10.9832,3.56,50,xenium_human_kidney_nondiseased,13-16 genes
Non-Contiguous Random,42,0,13,1,1,1,1,1.0,1.0,1.0,0.78,0.4,1,-2.013238960821978e-06,3.0619,10.6036,3.46,50,xenium_human_kidney_nondiseased,13-16 genes
Non-Contiguous Random,42,1,9,1,1,1,1,1.0,1.0,1.0,0.98,0.5,1,-8.705139160156833e-07,2.4578,8.2231,3.35,50,xenium_human_kidney_nondiseased,7-12 genes
Non-Contiguous Random,42,2,12,1,1,1,1,0.0,0.0,0.0,0.06,0.16,1,0.0,2.341,9.267,3.96,50,xenium_human_kidney_nondiseased,7-12 genes
Non-Contiguous Random,42,3,14,1,1,1,1,1.0,1.0,1.0,0.96,0.48,1,-3.0682820698780394e-06,3.7258,10.3135,2.77,50,xenium_human_kidney_nondiseased,13-16 genes
Non-Contiguous Random,42,4,4,1,1,1,1,0.0,0.0,0.0,0.16,0.14,1,0.0,1.4977,7.0845,4.73,50,xenium_human_kidney_nondiseased,<=6 genes
Non-Contiguous Random,43,0,8,1,1,1,1,0.0,0.0,0.0,0.0,0.18,1,0.0,2.1608,8.4888,3.93,50,xenium_human_kidney_nondiseased,7-12 genes
Non-Contiguous Random,43,1,13,1,1,1,1,1.0,1.0,1.0,0.62,0.31,1,4.200593437345482e-06,2.5776,10.1118,3.92,50,xenium_human_kidney_nondiseased,13-16 genes
Non-Contiguous Random,43,2,7,1,1,1,1,1.0,1.0,0.95,0.78,0.49,1,1.8280956010962087e-06,2.8057,7.8571,2.8,50,xenium_human_kidney_nondiseased,7-12 genes
Non-Contiguous Random,43,3,7,1,1,1,1,0.0,0.0,0.0,0.0,0.13,1,0.0,1.9007,7.757,4.08,50,xenium_human_kidney_nondiseased,7-12 genes
Non-Contiguous Random,43,4,9,1,1,1,1,1.0,1.0,0.85,0.62,0.47,1,-4.883024692536875e-06,2.1838,8.2803,3.79,50,xenium_human_kidney_nondiseased,7-12 genes
Non-Contiguous Random,44,0,9,1,1,1,1,1.0,1.0,1.0,0.78,0.41,1,-1.3453960418727262e-06,2.3745,8.8185,3.71,50,xenium_human_kidney_nondiseased,7-12 genes
Non-Contiguous Random,44,1,8,1,1,1,1,1.0,1.0,1.0,0.84,0.48,1,-5.908976026258728e-07,2.288,7.9678,3.48,50,xenium_human_kidney_nondiseased,7-12 genes
Non-Contiguous Random,44,2,7,1,1,1,1,1.0,0.6,0.6,0.66,0.5,1,0.0,2.6163,7.8406,3.0,50,xenium_human_kidney_nondiseased,7-12 genes
Non-Contiguous Random,44,3,16,1,1,1,1,0.8,0.8,0.9,0.78,0.41,1,2.1499633788835126e-06,3.3158,11.3423,3.42,50,xenium_human_kidney_nondiseased,13-16 genes
Non-Contiguous Random,44,4,14,1,1,1,1,0.8,0.8,0.8,0.74,0.44,1,-3.830895123346778e-06,2.908,10.1815,3.5,50,xenium_human_kidney_nondiseased,13-16 genes
Non-Contiguous Random,45,0,10,1,1,1,1,0.8,1.0,1.0,0.9,0.49,1,4.0928224008291055e-06,3.1734,9.2761,2.92,50,xenium_human_kidney_nondiseased,7-12 genes
Non-Contiguous Random,45,1,12,1,1,1,1,1.0,1.0,0.95,0.86,0.47,1,-3.5840364092428606e-06,3.3803,9.4264,2.79,50,xenium_human_kidney_nondiseased,7-12 genes
Non-Contiguous Random,45,2,6,0,0,0,0,0.2,0.5,0.75,0.72,0.5,4,0.0180287451910907,2.1331,7.5184,3.52,50,xenium_human_kidney_nondiseased,<=6 genes
Non-Contiguous Random,45,3,15,1,1,1,1,1.0,1.0,0.95,0.66,0.35,1,-7.869201267309001e-07,2.9752,10.7619,3.62,50,xenium_human_kidney_nondiseased,13-16 genes
Non-Contiguous Random,45,4,14,1,1,1,1,1.0,1.0,0.95,0.64,0.32,1,4.501693770305598e-07,3.0117,10.3103,3.42,50,xenium_human_kidney_nondiseased,13-16 genes
Non-Contiguous Random,46,0,11,1,1,1,1,1.0,0.9,0.95,0.88,0.5,1,-2.998931720121778e-06,3.4744,9.5954,2.76,50,xenium_human_kidney_nondiseased,7-12 genes
Non-Contiguous Random,46,1,9,1,1,1,1,1.0,1.0,0.85,0.7,0.5,1,-2.615804672229105e-06,2.6108,8.2679,3.17,50,xenium_human_kidney_nondiseased,7-12 genes
Non-Contiguous Random,46,2,11,1,1,1,1,1.0,1.0,0.9,0.96,0.5,1,-9.367472730836824e-07,2.5772,8.802,3.42,50,xenium_human_kidney_nondiseased,7-12 genes
Non-Contiguous Random,46,3,15,1,1,1,1,1.0,1.0,0.75,0.6,0.48,1,-4.934652916954718e-06,2.8433,10.7998,3.8,50,xenium_human_kidney_nondiseased,13-16 genes
Non-Contiguous Random,46,4,12,1,1,1,1,1.0,1.0,1.0,0.96,0.49,1,1.4939036367955794e-06,3.3184,9.4544,2.85,50,xenium_human_kidney_nondiseased,7-12 genes
Non-Contiguous Random,47,0,14,1,1,1,1,1.0,1.0,0.6,0.38,0.35,1,-7.042042168639313e-07,3.3973,10.803,3.18,50,xenium_human_kidney_nondiseased,13-16 genes
Non-Contiguous Random,47,1,10,1,1,1,1,1.0,1.0,1.0,0.96,0.5,1,-3.1850689474755e-07,3.0657,8.8087,2.87,50,xenium_human_kidney_nondiseased,7-12 genes
Non-Contiguous Random,47,2,14,0,0,0,0,0.2,0.2,0.1,0.18,0.28,5,0.0435292957957831,2.5408,10.1306,3.99,50,xenium_human_kidney_nondiseased,13-16 genes
Non-Contiguous Random,47,3,16,0,0,0,0,0.4,0.5,0.7,0.56,0.38,3,4.5998535156410725e-05,3.5197,11.2395,3.19,50,xenium_human_kidney_nondiseased,13-16 genes
Non-Contiguous Random,47,4,15,0,0,0,0,0.4,0.5,0.65,0.62,0.31,2,0.003653947585462,3.3972,10.5994,3.12,50,xenium_human_kidney_nondiseased,13-16 genes
Non-Contiguous Random,48,0,15,1,1,1,1,0.4,0.2,0.3,0.42,0.47,1,0.0,3.1683,11.5811,3.66,50,xenium_human_kidney_nondiseased,13-16 genes
Non-Contiguous Random,48,1,12,1,1,1,1,0.4,0.2,0.35,0.38,0.42,1,0.0,2.2508,9.5348,4.24,50,xenium_human_kidney_nondiseased,7-12 genes
Non-Contiguous Random,48,2,7,1,1,1,1,0.0,0.2,0.25,0.62,0.47,1,0.0,1.8703,7.8211,4.18,50,xenium_human_kidney_nondiseased,7-12 genes
Non-Contiguous Random,48,3,13,1,1,1,1,0.4,0.2,0.15,0.16,0.27,1,0.0,2.4065,9.6225,4.0,50,xenium_human_kidney_nondiseased,13-16 genes
Non-Contiguous Random,48,4,9,1,1,1,1,0.4,0.4,0.25,0.3,0.3,1,0.0,3.6129,8.2742,2.29,50,xenium_human_kidney_nondiseased,7-12 genes
Non-Contiguous Random,49,0,16,1,1,1,1,1.0,1.0,0.95,0.68,0.35,1,2.704620361325752e-07,3.4412,12.0539,3.5,50,xenium_human_kidney_nondiseased,13-16 genes
Non-Contiguous Random,49,1,7,1,1,1,1,1.0,1.0,1.0,0.98,0.5,1,-4.36596963007338e-06,2.253,7.9722,3.54,50,xenium_human_kidney_nondiseased,7-12 genes
Non-Contiguous Random,49,2,12,1,1,1,1,1.0,1.0,1.0,0.74,0.49,1,3.2633455712329645e-06,2.6114,9.4128,3.6,50,xenium_human_kidney_nondiseased,7-12 genes
Non-Contiguous Random,49,3,14,1,1,1,1,1.0,1.0,1.0,0.78,0.42,1,2.8086238533925334e-06,2.6243,10.3551,3.95,50,xenium_human_kidney_nondiseased,13-16 genes
Non-Contiguous Random,49,4,9,1,1,1,1,0.0,0.0,0.0,0.08,0.14,1,0.0,2.7959,8.3144,2.97,50,xenium_human_kidney_nondiseased,7-12 genes
Contiguous Random,0,0,8,1,1,1,1,1.0,1.0,1.0,0.94,0.47,1,-3.1771035073902e-06,4.659,19.4411,4.17,50,xenium_human_lung_cancer,7-12 genes
Contiguous Random,0,1,13,1,1,1,1,1.0,1.0,1.0,0.84,0.5,1,2.1723646395632734e-07,6.4498,24.3674,3.78,50,xenium_human_lung_cancer,13-16 genes
Contiguous Random,0,2,12,1,1,1,1,1.0,1.0,1.0,0.9,0.5,1,-3.6866066163987465e-06,5.837,22.2662,3.81,50,xenium_human_lung_cancer,7-12 genes
Contiguous Random,0,3,8,1,1,1,1,1.0,0.8,0.8,0.82,0.5,1,0.0,5.1313,18.5665,3.62,50,xenium_human_lung_cancer,7-12 genes
Contiguous Random,0,4,22,1,1,1,1,0.8,0.7,0.65,0.58,0.36,1,3.4946186531215062e-06,9.221,41.9055,4.54,50,xenium_human_lung_cancer,>16 genes
Contiguous Random,1,0,18,1,1,1,1,1.0,0.9,0.85,0.52,0.33,1,-1.3858536984656666e-08,7.3291,32.7523,4.47,50,xenium_human_lung_cancer,>16 genes
Contiguous Random,1,1,5,0,0,0,0,0.0,0.2,0.3,0.32,0.32,3,0.00868,3.4638,16.5384,4.77,50,xenium_human_lung_cancer,<=6 genes
Contiguous Random,1,2,11,1,1,1,1,1.0,1.0,1.0,0.62,0.38,1,-3.960289201465628e-06,5.5688,20.7103,3.72,50,xenium_human_lung_cancer,7-12 genes
Contiguous Random,1,3,21,1,1,1,1,1.0,1.0,0.9,0.66,0.33,1,2.317925218875416e-06,9.0681,39.5716,4.36,50,xenium_human_lung_cancer,>16 genes
Contiguous Random,1,4,22,1,1,1,1,1.0,0.9,0.95,0.62,0.4,1,-1.6662690702773375e-06,9.2728,41.4842,4.47,50,xenium_human_lung_cancer,>16 genes
Contiguous Random,2,0,22,1,1,1,1,1.0,0.9,0.9,0.66,0.34,1,-7.85855822194037e-07,9.1668,41.9656,4.58,50,xenium_human_lung_cancer,>16 genes
Contiguous Random,2,1,12,1,1,1,1,1.0,1.0,1.0,0.8,0.46,1,4.495560894879347e-06,6.5016,22.7583,3.5,50,xenium_human_lung_cancer,7-12 genes
Contiguous Random,2,2,13,1,1,1,1,1.0,1.0,1.0,0.72,0.42,1,-4.375558261049406e-06,6.2869,23.0059,3.66,50,xenium_human_lung_cancer,13-16 genes
Contiguous Random,2,3,10,1,1,1,1,1.0,1.0,1.0,0.92,0.5,1,-1.1711596394903268e-06,6.5532,20.5754,3.14,50,xenium_human_lung_cancer,7-12 genes
Contiguous Random,2,4,18,1,1,1,1,1.0,1.0,1.0,0.82,0.44,1,3.185901281010928e-06,8.6915,33.4237,3.85,50,xenium_human_lung_cancer,>16 genes
Contiguous Random,3,0,13,1,1,1,1,1.0,1.0,1.0,0.7,0.35,1,-4.958972133160215e-06,6.3682,23.2881,3.66,50,xenium_human_lung_cancer,13-16 genes
Contiguous Random,3,1,11,1,1,1,1,1.0,1.0,0.95,0.82,0.43,1,-1.830336273664704e-07,8.7286,21.2133,2.43,50,xenium_human_lung_cancer,7-12 genes
Contiguous Random,3,2,8,1,1,1,1,0.0,0.0,0.0,0.04,0.03,1,0.0,4.6242,18.1745,3.93,50,xenium_human_lung_cancer,7-12 genes
Contiguous Random,3,3,17,0,0,0,0,0.8,0.8,0.85,0.4,0.2,2,0.0024883897881992,6.8148,31.2231,4.58,50,xenium_human_lung_cancer,>16 genes
Contiguous Random,3,4,16,1,1,1,1,1.0,1.0,1.0,0.76,0.45,1,-2.0050811766481047e-06,8.3088,30.3755,3.66,50,xenium_human_lung_cancer,13-16 genes
Contiguous Random,4,0,16,1,1,1,1,0.8,0.9,0.9,0.66,0.44,1,4.787826538066309e-06,8.1182,29.8038,3.67,50,xenium_human_lung_cancer,13-16 genes
Contiguous Random,4,1,13,0,0,0,0,0.4,0.5,0.75,0.46,0.27,3,0.0338649650133082,6.1603,22.6656,3.68,50,xenium_human_lung_cancer,13-16 genes
Contiguous Random,4,2,19,1,1,1,1,1.0,0.8,0.8,0.66,0.35,1,4.809390625151733e-06,7.6626,34.9172,4.56,50,xenium_human_lung_cancer,>16 genes
Contiguous Random,4,3,17,1,1,1,1,1.0,0.8,0.85,0.52,0.34,1,3.186870846820511e-06,6.8248,30.8459,4.52,50,xenium_human_lung_cancer,>16 genes
Contiguous Random,4,4,22,1,1,1,1,1.0,1.0,0.75,0.52,0.35,1,7.427044712571276e-08,9.0665,41.8078,4.61,50,xenium_human_lung_cancer,>16 genes
Contiguous Random,5,0,16,1,1,1,1,1.0,0.9,0.9,0.74,0.4,1,-1.7522192001240278e-06,8.21,29.7986,3.63,50,xenium_human_lung_cancer,13-16 genes
Contiguous Random,5,1,11,1,1,1,1,1.0,1.0,1.0,0.62,0.4,1,3.435527042849884e-06,7.0278,22.2808,3.17,50,xenium_human_lung_cancer,7-12 genes
Contiguous Random,5,2,7,1,1,1,1,1.0,1.0,0.9,0.6,0.36,1,1.1158729931182163e-06,4.4954,17.6226,3.92,50,xenium_human_lung_cancer,7-12 genes
Contiguous Random,5,3,12,1,1,1,1,1.0,0.9,0.7,0.76,0.49,1,-8.600152444221409e-07,6.2838,22.0761,3.51,50,xenium_human_lung_cancer,7-12 genes
Contiguous Random,5,4,7,1,1,1,1,0.8,0.8,0.75,0.72,0.5,1,2.1300578906847945e-06,4.3111,17.7933,4.13,50,xenium_human_lung_cancer,7-12 genes
Contiguous Random,6,0,8,0,0,0,0,0.2,0.5,0.5,0.6,0.5,4,0.0053915840431599,4.8178,18.7443,3.89,50,xenium_human_lung_cancer,7-12 genes
Contiguous Random,6,1,13,1,1,1,1,1.0,1.0,1.0,0.6,0.34,1,3.84149184312621e-06,7.1199,24.0023,3.37,50,xenium_human_lung_cancer,13-16 genes
Contiguous Random,6,2,16,1,1,1,1,0.8,0.8,0.9,0.86,0.48,1,-3.0352187156690302e-06,7.5707,29.252,3.86,50,xenium_human_lung_cancer,13-16 genes
Contiguous Random,6,3,16,1,1,1,1,1.0,1.0,1.0,0.8,0.48,1,-3.0352187156690302e-06,7.4138,29.1261,3.93,50,xenium_human_lung_cancer,13-16 genes
Contiguous Random,6,4,11,1,1,1,1,1.0,1.0,0.95,0.7,0.37,1,-2.9429101340017194e-06,6.9315,22.0769,3.18,50,xenium_human_lung_cancer,7-12 genes
Contiguous Random,7,0,13,1,1,1,1,1.0,1.0,1.0,0.92,0.46,1,2.1683322386500947e-06,6.5245,23.2264,3.56,50,xenium_human_lung_cancer,13-16 genes
Contiguous Random,7,1,10,1,1,1,1,1.0,0.9,0.8,0.54,0.3,1,-9.58881063439776e-09,5.443,20.3175,3.73,50,xenium_human_lung_cancer,7-12 genes
Contiguous Random,7,2,12,1,1,1,1,1.0,1.0,0.95,0.96,0.5,1,2.2419614075230854e-06,5.8716,21.5791,3.68,50,xenium_human_lung_cancer,7-12 genes
Contiguous Random,7,3,19,1,1,1,1,1.0,0.9,0.75,0.68,0.41,1,4.127672047271602e-06,9.1526,35.7088,3.9,50,xenium_human_lung_cancer,>16 genes
Contiguous Random,7,4,13,1,1,1,1,1.0,0.9,0.75,0.6,0.42,1,-2.374734157317704e-06,7.2637,24.3353,3.35,50,xenium_human_lung_cancer,13-16 genes
Contiguous Random,8,0,12,1,1,1,1,1.0,1.0,0.8,0.82,0.5,1,-2.038848588820086e-06,7.2819,23.5518,3.23,50,xenium_human_lung_cancer,7-12 genes
Contiguous Random,8,1,15,1,1,1,1,1.0,1.0,1.0,0.8,0.5,1,-4.696645456297999e-06,6.7734,25.4702,3.76,50,xenium_human_lung_cancer,13-16 genes
Contiguous Random,8,2,12,1,1,1,1,1.0,1.0,1.0,0.72,0.42,1,6.48142354536807e-07,5.9235,21.5718,3.64,50,xenium_human_lung_cancer,7-12 genes
Contiguous Random,8,3,15,1,1,1,1,1.0,0.8,0.7,0.62,0.43,1,-9.935583031861484e-07,8.0751,27.0205,3.35,50,xenium_human_lung_cancer,13-16 genes
Contiguous Random,8,4,13,1,1,1,1,1.0,1.0,1.0,0.66,0.5,1,-2.526210251624361e-06,6.2775,22.76,3.63,50,xenium_human_lung_cancer,13-16 genes
Contiguous Random,9,0,11,1,1,1,1,0.4,0.4,0.2,0.16,0.3,1,0.0,6.3048,22.0933,3.5,50,xenium_human_lung_cancer,7-12 genes
Contiguous Random,9,1,15,1,1,1,1,0.4,0.4,0.25,0.26,0.28,1,0.0,7.0017,25.954,3.71,50,xenium_human_lung_cancer,13-16 genes
Contiguous Random,9,2,20,1,1,1,1,0.4,0.4,0.35,0.58,0.48,1,0.0,9.4808,37.5508,3.96,50,xenium_human_lung_cancer,>16 genes
Contiguous Random,9,3,19,1,1,1,1,0.4,0.4,0.4,0.62,0.48,1,0.0,8.9026,35.2116,3.96,50,xenium_human_lung_cancer,>16 genes
Contiguous Random,9,4,13,1,1,1,1,0.0,0.0,0.0,0.42,0.26,1,0.0,6.1717,23.1106,3.74,50,xenium_human_lung_cancer,13-16 genes
Contiguous Random,10,0,12,1,1,1,1,0.6,0.5,0.45,0.7,0.41,1,-2.3729280689277488e-06,6.7087,23.1301,3.45,50,xenium_human_lung_cancer,7-12 genes
Contiguous Random,10,1,22,1,1,1,1,0.8,0.8,0.6,0.54,0.32,1,3.130319282895755e-06,9.2226,41.7138,4.52,50,xenium_human_lung_cancer,>16 genes
Contiguous Random,10,2,18,1,1,1,1,1.0,1.0,0.65,0.66,0.48,1,-2.339194780098808e-06,8.833,33.9049,3.84,50,xenium_human_lung_cancer,>16 genes
Contiguous Random,10,3,17,1,1,1,1,1.0,1.0,0.7,0.74,0.48,1,3.5691176236696265e-08,7.8187,29.1974,3.73,50,xenium_human_lung_cancer,>16 genes
Contiguous Random,10,4,12,1,1,1,1,1.0,1.0,0.85,0.78,0.5,1,-1.6383589561616565e-06,5.8376,21.6034,3.7,50,xenium_human_lung_cancer,7-12 genes
Contiguous Random,11,0,21,1,1,1,1,1.0,1.0,0.95,0.76,0.43,1,2.956323165825836e-06,10.0938,40.4829,4.01,50,xenium_human_lung_cancer,>16 genes
Contiguous Random,11,1,7,1,1,1,1,1.0,1.0,1.0,0.74,0.49,1,-9.528884961085282e-07,4.1053,17.8438,4.35,50,xenium_human_lung_cancer,7-12 genes
Contiguous Random,11,2,8,1,1,1,1,1.0,1.0,0.95,0.62,0.42,1,2.50111806376907e-06,4.6713,18.3278,3.92,50,xenium_human_lung_cancer,7-12 genes
Contiguous Random,11,3,10,1,1,1,1,1.0,1.0,1.0,0.78,0.5,1,-3.5441320842544144e-06,6.2388,21.0125,3.37,50,xenium_human_lung_cancer,7-12 genes
Contiguous Random,11,4,18,1,1,1,1,1.0,1.0,0.95,0.74,0.44,1,-2.424397177236415e-06,8.9641,32.2668,3.6,50,xenium_human_lung_cancer,>16 genes
Contiguous Random,12,0,7,0,0,0,0,0.4,0.7,0.6,0.76,0.49,2,3.362660840476378e-05,4.92,18.8174,3.82,50,xenium_human_lung_cancer,7-12 genes
Contiguous Random,12,1,17,1,1,1,1,1.0,1.0,0.55,0.52,0.44,1,1.1336370704206726e-06,8.6114,30.0179,3.49,50,xenium_human_lung_cancer,>16 genes
Contiguous Random,12,2,19,1,1,1,1,1.0,0.8,0.45,0.32,0.44,1,2.612878508357133e-06,9.0222,35.6079,3.95,50,xenium_human_lung_cancer,>16 genes
Contiguous Random,12,3,22,1,1,1,1,0.8,0.5,0.5,0.56,0.43,1,-2.6357488500817344e-06,8.833,41.9406,4.75,50,xenium_human_lung_cancer,>16 genes
Contiguous Random,12,4,8,1,1,1,1,0.0,0.0,0.0,0.1,0.18,1,0.0,5.0939,18.8904,3.71,50,xenium_human_lung_cancer,7-12 genes
Contiguous Random,13,0,22,1,1,1,1,0.4,0.4,0.2,0.6,0.48,1,0.0,8.8713,41.9475,4.73,50,xenium_human_lung_cancer,>16 genes
Contiguous Random,13,1,15,1,1,1,1,0.0,0.1,0.15,0.36,0.27,1,0.0,7.1826,25.8123,3.59,50,xenium_human_lung_cancer,13-16 genes
Contiguous Random,13,2,14,1,1,1,1,0.2,0.2,0.3,0.48,0.4,1,0.0,7.3005,25.359,3.47,50,xenium_human_lung_cancer,13-16 genes
Contiguous Random,13,3,10,1,1,1,1,0.0,0.0,0.0,0.04,0.14,1,0.0,5.3674,20.1097,3.75,50,xenium_human_lung_cancer,7-12 genes
Contiguous Random,13,4,5,1,1,1,1,0.0,0.1,0.05,0.02,0.02,1,0.0,3.3844,16.4571,4.86,50,xenium_human_lung_cancer,<=6 genes
Contiguous Random,14,0,21,1,1,1,1,1.0,0.9,0.95,0.64,0.41,1,2.819345465698841e-06,9.5468,39.9609,4.19,50,xenium_human_lung_cancer,>16 genes
Contiguous Random,14,1,21,1,1,1,1,1.0,0.9,0.95,0.64,0.41,1,2.819345465698841e-06,9.5197,41.5671,4.37,50,xenium_human_lung_cancer,>16 genes
Contiguous Random,14,2,14,1,1,1,1,1.0,1.0,1.0,0.78,0.45,1,-3.472980402818848e-06,7.4322,28.6484,3.85,50,xenium_human_lung_cancer,13-16 genes
Contiguous Random,14,3,11,1,1,1,1,0.0,0.0,0.1,0.28,0.24,1,0.0,5.6326,20.8851,3.71,50,xenium_human_lung_cancer,7-12 genes
Contiguous Random,14,4,16,1,1,1,1,1.0,1.0,0.85,0.66,0.42,1,4.601154327432688e-06,7.9553,28.9881,3.64,50,xenium_human_lung_cancer,13-16 genes
Contiguous Random,15,0,10,1,1,1,1,1.0,0.9,0.95,0.4,0.31,1,-4.452966158169369e-07,5.4994,20.8243,3.79,50,xenium_human_lung_cancer,7-12 genes
Contiguous Random,15,1,21,1,1,1,1,1.0,0.9,0.65,0.56,0.31,1,-3.8131782211792142e-06,8.8857,39.3831,4.43,50,xenium_human_lung_cancer,>16 genes
Contiguous Random,15,2,15,1,1,1,1,1.0,0.9,0.85,0.72,0.44,1,2.123149424437809e-06,7.9204,27.5445,3.48,50,xenium_human_lung_cancer,13-16 genes
Contiguous Random,15,3,5,1,1,1,1,0.4,0.3,0.35,0.42,0.5,1,2.9104262989475965e-07,3.5113,16.6496,4.74,50,xenium_human_lung_cancer,<=6 genes
Contiguous Random,15,4,16,1,1,1,1,1.0,0.9,0.95,0.76,0.41,1,-1.6026592254692051e-06,8.1801,28.1695,3.44,50,xenium_human_lung_cancer,13-16 genes
Contiguous Random,16,0,14,1,1,1,1,1.0,1.0,0.9,0.58,0.38,1,2.3769407268836584e-06,7.1201,25.0765,3.52,50,xenium_human_lung_cancer,13-16 genes
Contiguous Random,16,1,6,1,1,1,1,0.0,0.0,0.0,0.06,0.07,1,0.0,3.8689,17.3652,4.49,50,xenium_human_lung_cancer,<=6 genes
Contiguous Random,16,2,7,1,1,1,1,0.4,0.5,0.7,0.76,0.5,1,3.326990648342548e-06,4.0118,17.768,4.43,50,xenium_human_lung_cancer,7-12 genes
Contiguous Random,16,3,20,1,1,1,1,0.8,0.9,0.8,0.68,0.36,1,2.752564885771802e-06,8.7937,36.9849,4.21,50,xenium_human_lung_cancer,>16 genes
Contiguous Random,16,4,22,1,1,1,1,1.0,0.8,0.7,0.5,0.42,1,-3.765740463207434e-07,9.7198,42.2016,4.34,50,xenium_human_lung_cancer,>16 genes
Contiguous Random,17,0,9,1,1,1,1,1.0,0.5,0.35,0.3,0.29,1,-4.044087727805845e-06,5.8307,20.0753,3.44,50,xenium_human_lung_cancer,7-12 genes
Contiguous Random,17,1,20,1,1,1,1,1.0,1.0,0.75,0.46,0.38,1,2.391969067261357e-07,9.5747,37.2123,3.89,50,xenium_human_lung_cancer,>16 genes
Contiguous Random,17,2,10,1,1,1,1,1.0,0.9,0.6,0.46,0.41,1,4.5744988962023725e-06,5.3606,20.0054,3.73,50,xenium_human_lung_cancer,7-12 genes
Contiguous Random,17,3,21,1,1,1,1,1.0,0.9,0.7,0.46,0.35,1,2.653964253251928e-06,9.9999,39.8958,3.99,50,xenium_human_lung_cancer,>16 genes
Contiguous Random,17,4,11,1,1,1,1,0.4,0.4,0.5,0.42,0.27,1,2.134237860218491e-06,5.9335,21.7263,3.66,50,xenium_human_lung_cancer,7-12 genes
Contiguous Random,18,0,11,1,1,1,1,1.0,1.0,0.95,0.84,0.46,1,5.756613621482609e-07,6.7167,22.8235,3.4,50,xenium_human_lung_cancer,7-12 genes
Contiguous Random,18,1,14,1,1,1,1,1.0,1.0,0.9,0.7,0.44,1,2.147713563438458e-06,7.1504,25.6453,3.59,50,xenium_human_lung_cancer,13-16 genes
Contiguous Random,18,2,16,1,1,1,1,1.0,1.0,0.9,0.74,0.49,1,4.956436157055322e-06,7.9745,27.6333,3.47,50,xenium_human_lung_cancer,13-16 genes
Contiguous Random,18,3,21,1,1,1,1,1.0,1.0,1.0,0.74,0.44,1,-1.0242485939393475e-06,9.8548,40.6196,4.12,50,xenium_human_lung_cancer,>16 genes
Contiguous Random,18,4,8,1,1,1,1,1.0,1.0,1.0,0.88,0.46,1,-2.3199225913650423e-06,4.7569,18.4116,3.87,50,xenium_human_lung_cancer,7-12 genes
Contiguous Random,19,0,12,1,1,1,1,1.0,0.8,0.75,0.56,0.49,1,-3.749261253710445e-06,6.1019,22.1522,3.63,50,xenium_human_lung_cancer,7-12 genes
Contiguous Random,19,1,15,1,1,1,1,1.0,0.9,0.7,0.64,0.44,1,3.6552152359592416e-06,7.1486,25.3307,3.54,50,xenium_human_lung_cancer,13-16 genes
Contiguous Random,19,2,22,1,1,1,1,1.0,1.0,0.95,0.62,0.39,1,1.496782287890852e-06,10.0457,42.2798,4.21,50,xenium_human_lung_cancer,>16 genes
Contiguous Random,19,3,12,1,1,1,1,1.0,0.8,0.65,0.6,0.45,1,-3.749261253710445e-06,5.9575,21.4599,3.6,50,xenium_human_lung_cancer,7-12 genes
Contiguous Random,19,4,7,1,1,1,1,0.6,0.7,0.75,0.76,0.5,1,0.0,3.9803,17.5578,4.41,50,xenium_human_lung_cancer,7-12 genes
Contiguous Random,20,0,12,1,1,1,1,1.0,1.0,1.0,0.96,0.49,1,0.0,6.2244,22.1669,3.56,50,xenium_human_lung_cancer,7-12 genes
Contiguous Random,20,1,6,0,0,0,0,0.6,0.5,0.55,0.52,0.5,3,0.008,4.1756,17.4333,4.18,50,xenium_human_lung_cancer,<=6 genes
Contiguous Random,20,2,7,0,0,0,0,0.8,0.8,0.75,0.62,0.49,2,0.003687220652352,4.208,17.6913,4.2,50,xenium_human_lung_cancer,7-12 genes
Contiguous Random,20,3,13,1,1,1,1,0.8,1.0,0.95,0.6,0.36,1,-4.59487628637692e-06,7.0841,24.0104,3.39,50,xenium_human_lung_cancer,13-16 genes
Contiguous Random,20,4,11,1,1,1,1,1.0,1.0,1.0,0.76,0.38,1,2.494365700313368e-07,5.7276,21.4406,3.74,50,xenium_human_lung_cancer,7-12 genes
Contiguous Random,21,0,9,1,1,1,1,1.0,1.0,0.95,0.78,0.47,1,-3.490912119541445e-06,5.7889,20.3048,3.51,50,xenium_human_lung_cancer,7-12 genes
Contiguous Random,21,1,20,1,1,1,1,1.0,1.0,0.8,0.68,0.4,1,-2.3986087280825075e-06,8.9429,36.7182,4.11,50,xenium_human_lung_cancer,>16 genes
Contiguous Random,21,2,20,1,1,1,1,0.8,0.9,0.95,0.72,0.43,1,-3.0485568429661214e-06,9.7249,37.744,3.88,50,xenium_human_lung_cancer,>16 genes
Contiguous Random,21,3,11,1,1,1,1,1.0,1.0,0.85,0.64,0.49,1,2.7529792033693934e-06,5.6246,20.8645,3.71,50,xenium_human_lung_cancer,7-12 genes
Contiguous Random,21,4,8,1,1,1,1,1.0,1.0,0.85,0.48,0.34,1,-3.293443737785798e-06,5.3617,18.9053,3.53,50,xenium_human_lung_cancer,7-12 genes
Contiguous Random,22,0,18,1,1,1,1,1.0,1.0,0.9,0.56,0.37,1,-3.5238569280338083e-06,8.8563,31.1687,3.52,50,xenium_human_lung_cancer,>16 genes
Contiguous Random,22,1,18,1,1,1,1,1.0,1.0,0.8,0.7,0.4,1,-1.797658709001837e-06,9.0123,33.8069,3.75,50,xenium_human_lung_cancer,>16 genes
Contiguous Random,22,2,19,1,1,1,1,0.8,0.7,0.8,0.46,0.25,1,2.1500800579943302e-06,7.6976,34.694,4.51,50,xenium_human_lung_cancer,>16 genes
Contiguous Random,22,3,8,1,1,1,1,0.8,0.8,0.85,0.94,0.49,1,1.3591406111679305e-07,4.6828,18.3411,3.92,50,xenium_human_lung_cancer,7-12 genes
Contiguous Random,22,4,17,1,1,1,1,1.0,0.9,0.7,0.64,0.39,1,4.3225698624915765e-06,8.6933,30.2836,3.48,50,xenium_human_lung_cancer,>16 genes
Contiguous Random,23,0,15,1,1,1,1,0.0,0.1,0.15,0.36,0.27,1,0.0,7.2826,26.1601,3.59,50,xenium_human_lung_cancer,13-16 genes
Contiguous Random,23,1,12,1,1,1,1,0.0,0.0,0.2,0.3,0.27,1,0.0,5.8761,21.9348,3.73,50,xenium_human_lung_cancer,7-12 genes
Contiguous Random,23,2,11,1,1,1,1,0.0,0.0,0.05,0.2,0.24,1,0.0,5.7434,21.3144,3.71,50,xenium_human_lung_cancer,7-12 genes
Contiguous Random,23,3,19,1,1,1,1,0.4,0.4,0.4,0.62,0.48,1,0.0,8.8839,33.3918,3.76,50,xenium_human_lung_cancer,>16 genes
Contiguous Random,23,4,18,1,1,1,1,0.2,0.2,0.3,0.5,0.47,1,0.0,8.3348,33.5405,4.02,50,xenium_human_lung_cancer,>16 genes
Contiguous Random,24,0,13,1,1,1,1,1.0,1.0,0.85,0.76,0.42,1,-5.10232002870481e-07,7.2614,24.3926,3.36,50,xenium_human_lung_cancer,13-16 genes
Contiguous Random,24,1,12,1,1,1,1,1.0,1.0,1.0,0.96,0.49,1,7.132666547948752e-07,6.1823,21.6785,3.51,50,xenium_human_lung_cancer,7-12 genes
Contiguous Random,24,2,19,1,1,1,1,0.8,0.7,0.55,0.38,0.27,1,4.850144075252416e-06,7.7733,32.9858,4.24,50,xenium_human_lung_cancer,>16 genes
Contiguous Random,24,3,6,1,1,1,1,1.0,1.0,1.0,0.84,0.47,1,-3.030154538175012e-06,3.5748,17.001,4.76,50,xenium_human_lung_cancer,<=6 genes
Contiguous Random,24,4,7,1,1,1,1,0.8,0.9,0.75,0.72,0.5,1,-1.702105139379101e-06,4.2386,17.7935,4.2,50,xenium_human_lung_cancer,7-12 genes
Contiguous Random,25,0,10,1,1,1,1,0.8,0.9,0.8,0.64,0.42,1,-2.3289356272382378e-06,5.7189,20.6748,3.62,50,xenium_human_lung_cancer,7-12 genes
Contiguous Random,25,1,20,1,1,1,1,1.0,0.9,0.9,0.66,0.46,1,9.84544963777978e-07,10.0937,38.3446,3.8,50,xenium_human_lung_cancer,>16 genes
Contiguous Random,25,2,11,1,1,1,1,0.8,0.9,0.8,0.62,0.41,1,1.3038081835836657e-06,6.1016,21.5413,3.53,50,xenium_human_lung_cancer,7-12 genes
Contiguous Random,25,3,6,1,1,1,1,0.6,0.5,0.6,0.54,0.49,1,1.5869385972021655e-06,4.0255,16.9447,4.21,50,xenium_human_lung_cancer,<=6 genes
Contiguous Random,25,4,17,1,1,1,1,1.0,0.9,0.9,0.6,0.41,1,7.306147118413264e-07,8.0296,28.8858,3.6,50,xenium_human_lung_cancer,>16 genes
Contiguous Random,26,0,17,1,1,1,1,1.0,1.0,1.0,0.86,0.49,1,-6.39924830903027e-07,8.3893,29.8094,3.55,50,xenium_human_lung_cancer,>16 genes
Contiguous Random,26,1,19,1,1,1,1,1.0,1.0,0.95,0.8,0.46,1,-3.18772017671165e-08,9.1615,36.0696,3.94,50,xenium_human_lung_cancer,>16 genes
Contiguous Random,26,2,18,1,1,1,1,1.0,1.0,0.9,0.84,0.5,1,-2.886932113366214e-06,8.8411,34.4994,3.9,50,xenium_human_lung_cancer,>16 genes
Contiguous Random,26,3,20,1,1,1,1,1.0,1.0,0.85,0.6,0.39,1,-3.307342659297774e-06,9.0045,36.4495,4.05,50,xenium_human_lung_cancer,>16 genes
Contiguous Random,26,4,11,1,1,1,1,0.8,0.9,0.65,0.36,0.28,1,-4.293416881386014e-06,5.8443,21.1569,3.62,50,xenium_human_lung_cancer,7-12 genes
Contiguous Random,27,0,11,1,1,1,1,0.8,0.9,0.95,0.68,0.4,1,-5.638833331135518e-07,5.7086,20.8087,3.65,50,xenium_human_lung_cancer,7-12 genes
Contiguous Random,27,1,22,1,1,1,1,1.0,1.0,1.0,0.62,0.38,1,-4.827162016329822e-06,9.2492,41.5336,4.49,50,xenium_human_lung_cancer,>16 genes
Contiguous Random,27,2,15,1,1,1,1,1.0,1.0,0.9,0.56,0.4,1,7.9633725968975e-07,6.9874,25.408,3.64,50,xenium_human_lung_cancer,13-16 genes
Contiguous Random,27,3,6,1,1,1,1,0.6,0.6,0.65,0.62,0.45,1,0.0,4.6464,17.4504,3.76,50,xenium_human_lung_cancer,<=6 genes
Contiguous Random,27,4,21,1,1,1,1,1.0,1.0,0.9,0.5,0.32,1,4.9999757143481816e-06,9.0596,42.5979,4.7,50,xenium_human_lung_cancer,>16 genes
Contiguous Random,28,0,6,1,1,1,1,1.0,1.0,0.85,0.64,0.5,1,-1.943960488554053e-06,4.6248,17.9446,3.88,50,xenium_human_lung_cancer,<=6 genes
Contiguous Random,28,1,7,1,1,1,1,0.8,0.6,0.7,0.64,0.5,1,-6.883455633669745e-07,4.4831,17.7736,3.96,50,xenium_human_lung_cancer,7-12 genes
Contiguous Random,28,2,7,1,1,1,1,0.8,0.9,0.8,0.84,0.5,1,0.0,4.0461,17.5671,4.34,50,xenium_human_lung_cancer,7-12 genes
Contiguous Random,28,3,12,1,1,1,1,1.0,0.8,0.8,0.7,0.4,1,2.949802587082217e-06,6.4174,22.4716,3.5,50,xenium_human_lung_cancer,7-12 genes
Contiguous Random,28,4,8,1,1,1,1,1.0,1.0,1.0,0.72,0.45,1,-1.4918647677220065e-06,5.1929,18.6992,3.6,50,xenium_human_lung_cancer,7-12 genes
Contiguous Random,29,0,12,1,1,1,1,1.0,1.0,1.0,0.8,0.45,1,-2.537772333388588e-07,7.6735,23.787,3.1,50,xenium_human_lung_cancer,7-12 genes
Contiguous Random,29,1,6,1,1,1,1,0.8,0.5,0.4,0.44,0.43,1,0.0,3.7254,16.9543,4.55,50,xenium_human_lung_cancer,<=6 genes
Contiguous Random,29,2,18,1,1,1,1,1.0,1.0,1.0,0.68,0.49,1,-2.998034756007684e-06,8.8112,32.3656,3.67,50,xenium_human_lung_cancer,>16 genes
Contiguous Random,29,3,21,1,1,1,1,1.0,1.0,1.0,0.76,0.49,1,-3.215792183208777e-06,9.6195,40.318,4.19,50,xenium_human_lung_cancer,>16 genes
Contiguous Random,29,4,13,1,1,1,1,1.0,1.0,1.0,0.76,0.46,1,-3.1672426902620843e-06,6.5402,23.5727,3.6,50,xenium_human_lung_cancer,13-16 genes
Contiguous Random,30,0,15,1,1,1,1,1.0,1.0,1.0,0.7,0.42,1,2.035329827343446e-06,7.306,26.4725,3.62,50,xenium_human_lung_cancer,13-16 genes
Contiguous Random,30,1,13,1,1,1,1,1.0,0.8,0.8,0.76,0.46,1,-3.013629260022188e-06,6.7223,24.038,3.58,50,xenium_human_lung_cancer,13-16 genes
Contiguous Random,30,2,9,1,1,1,1,1.0,1.0,0.85,0.56,0.47,1,3.3278918266290564e-06,5.4476,19.4631,3.57,50,xenium_human_lung_cancer,7-12 genes
Contiguous Random,30,3,14,1,1,1,1,1.0,1.0,1.0,0.74,0.39,1,1.907515080057376e-07,7.692,25.5881,3.33,50,xenium_human_lung_cancer,13-16 genes
Contiguous Random,30,4,15,1,1,1,1,1.0,1.0,1.0,0.84,0.46,1,2.035329827343446e-06,7.1818,25.3999,3.54,50,xenium_human_lung_cancer,13-16 genes
Contiguous Random,31,0,6,1,1,1,1,0.4,0.2,0.1,0.2,0.34,1,0.0,4.3152,18.2045,4.22,50,xenium_human_lung_cancer,<=6 genes
Contiguous Random,31,1,25,1,1,1,1,0.6,0.5,0.4,0.84,0.5,1,0.0,10.5719,54.3692,5.14,50,xenium_human_lung_cancer,>16 genes
Contiguous Random,31,2,8,1,1,1,1,0.2,0.1,0.15,0.42,0.36,1,0.0,4.9531,19.1734,3.87,50,xenium_human_lung_cancer,7-12 genes
Contiguous Random,31,3,12,1,1,1,1,0.4,0.2,0.1,0.34,0.48,1,0.0,6.1154,24.9339,4.08,50,xenium_human_lung_cancer,7-12 genes
Contiguous Random,31,4,14,1,1,1,1,0.6,0.5,0.25,0.56,0.46,1,0.0,6.4683,25.0048,3.87,50,xenium_human_lung_cancer,13-16 genes
Contiguous Random,32,0,16,0,0,0,0,0.6,0.5,0.45,0.38,0.25,2,0.0045425315856935,6.8815,26.6989,3.88,50,xenium_human_lung_cancer,13-16 genes
Contiguous Random,32,1,12,1,1,1,1,1.0,0.9,0.9,0.54,0.38,1,4.914792429477899e-06,6.3499,22.2642,3.51,50,xenium_human_lung_cancer,7-12 genes
Contiguous Random,32,2,14,1,1,1,1,1.0,1.0,0.8,0.64,0.36,1,1.7581128388677314e-06,6.9384,24.3058,3.5,50,xenium_human_lung_cancer,13-16 genes
Contiguous Random,32,3,19,1,1,1,1,1.0,1.0,1.0,0.66,0.46,1,3.17017991369184e-06,9.2612,33.4762,3.61,50,xenium_human_lung_cancer,>16 genes
Contiguous Random,32,4,21,1,1,1,1,1.0,0.7,0.75,0.52,0.33,1,-7.967147954701659e-07,8.9905,39.7651,4.42,50,xenium_human_lung_cancer,>16 genes
Contiguous Random,33,0,22,1,1,1,1,1.0,0.9,0.95,0.74,0.46,1,-3.833690519261523e-06,9.8054,42.3043,4.31,50,xenium_human_lung_cancer,>16 genes
Contiguous Random,33,1,8,1,1,1,1,1.0,0.6,0.45,0.4,0.46,1,0.0,5.1894,19.2798,3.72,50,xenium_human_lung_cancer,7-12 genes
Contiguous Random,33,2,9,1,1,1,1,1.0,1.0,1.0,0.7,0.39,1,3.74053955078113e-06,5.0775,19.0643,3.75,50,xenium_human_lung_cancer,7-12 genes
Contiguous Random,33,3,8,1,1,1,1,1.0,0.6,0.45,0.4,0.46,1,0.0,5.1032,19.1042,3.74,50,xenium_human_lung_cancer,7-12 genes
Contiguous Random,33,4,8,1,1,1,1,1.0,1.0,1.0,0.68,0.38,1,-4.662840193958573e-07,5.2721,20.4192,3.87,50,xenium_human_lung_cancer,7-12 genes
Contiguous Random,34,0,23,1,1,1,1,1.0,0.7,0.4,0.64,0.47,1,4.161832947380262e-06,10.6736,51.1481,4.79,50,xenium_human_lung_cancer,>16 genes
Contiguous Random,34,1,14,1,1,1,1,0.6,0.8,0.7,0.5,0.4,1,3.355054858933393e-07,7.0529,27.6311,3.92,50,xenium_human_lung_cancer,13-16 genes
Contiguous Random,34,2,25,1,1,1,1,1.0,0.6,0.45,0.68,0.48,1,3.942871093620681e-06,10.4295,53.979,5.18,50,xenium_human_lung_cancer,>16 genes
Contiguous Random,34,3,16,1,1,1,1,1.0,1.0,0.65,0.5,0.41,1,4.479970932003141e-06,7.8861,33.0567,4.19,50,xenium_human_lung_cancer,13-16 genes
Contiguous Random,34,4,26,1,1,1,1,1.0,0.8,0.55,0.66,0.47,1,-1.1358541884831653e-07,10.8776,57.9054,5.32,50,xenium_human_lung_cancer,>16 genes
Contiguous Random,35,0,21,1,1,1,1,1.0,1.0,1.0,0.72,0.49,1,-3.201784388728868e-07,10.0404,40.3211,4.02,50,xenium_human_lung_cancer,>16 genes
Contiguous Random,35,1,13,1,1,1,1,1.0,1.0,1.0,0.92,0.48,1,0.0,6.2276,22.6656,3.64,50,xenium_human_lung_cancer,13-16 genes
Contiguous Random,35,2,7,1,1,1,1,1.0,1.0,0.95,0.78,0.4,1,1.1392670617423398e-06,5.0336,18.3081,3.64,50,xenium_human_lung_cancer,7-12 genes
Contiguous Random,35,3,13,1,1,1,1,1.0,1.0,1.0,0.92,0.48,1,0.0,6.1733,22.8043,3.69,50,xenium_human_lung_cancer,13-16 genes
Contiguous Random,35,4,5,1,1,1,1,0.0,0.1,0.05,0.02,0.06,1,0.0,3.5589,16.7057,4.69,50,xenium_human_lung_cancer,<=6 genes
Contiguous Random,36,0,9,1,1,1,1,0.8,0.9,0.95,0.74,0.4,1,0.0,5.8379,21.6095,3.7,50,xenium_human_lung_cancer,7-12 genes
Contiguous Random,36,1,13,1,1,1,1,1.0,1.0,1.0,0.76,0.4,1,-3.590537442549162e-06,6.5074,23.1093,3.55,50,xenium_human_lung_cancer,13-16 genes
Contiguous Random,36,2,19,1,1,1,1,1.0,0.9,0.95,0.6,0.34,1,4.70457759609022e-06,9.0423,34.4416,3.81,50,xenium_human_lung_cancer,>16 genes
Contiguous Random,36,3,22,1,1,1,1,1.0,1.0,1.0,0.52,0.26,1,3.965026994325049e-06,9.778,42.5027,4.35,50,xenium_human_lung_cancer,>16 genes
Contiguous Random,36,4,8,1,1,1,1,1.0,1.0,1.0,0.78,0.5,1,0.0,4.3144,18.4557,4.28,50,xenium_human_lung_cancer,7-12 genes
Contiguous Random,37,0,9,1,1,1,1,1.0,1.0,1.0,0.66,0.33,1,0.0,5.4148,19.9288,3.68,50,xenium_human_lung_cancer,7-12 genes
Contiguous Random,37,1,6,1,1,1,1,0.6,0.4,0.5,0.68,0.45,1,0.0,4.3955,17.4052,3.96,50,xenium_human_lung_cancer,<=6 genes
Contiguous Random,37,2,22,1,1,1,1,1.0,1.0,1.0,0.7,0.43,1,-3.892134007088544e-06,9.9562,42.4683,4.27,50,xenium_human_lung_cancer,>16 genes
Contiguous Random,37,3,18,1,1,1,1,0.8,1.0,1.0,0.92,0.46,1,8.220576686035486e-07,8.475,33.5407,3.96,50,xenium_human_lung_cancer,>16 genes
Contiguous Random,37,4,6,1,1,1,1,0.4,0.4,0.4,0.52,0.44,1,0.0,4.169,17.3792,4.17,50,xenium_human_lung_cancer,<=6 genes
Contiguous Random,38,0,16,1,1,1,1,1.0,0.9,0.8,0.62,0.46,1,-4.363117218020296e-06,8.1967,29.2431,3.57,50,xenium_human_lung_cancer,13-16 genes
Contiguous Random,38,1,6,1,1,1,1,0.0,0.0,0.0,0.08,0.19,1,0.0,4.4285,17.3022,3.91,50,xenium_human_lung_cancer,<=6 genes
Contiguous Random,38,2,11,1,1,1,1,1.0,1.0,0.95,0.76,0.49,1,-1.7083224264861224e-06,6.5826,22.032,3.35,50,xenium_human_lung_cancer,7-12 genes
Contiguous Random,38,3,12,1,1,1,1,1.0,1.0,1.0,0.84,0.49,1,3.890156832617522e-06,6.6649,23.102,3.47,50,xenium_human_lung_cancer,7-12 genes
Contiguous Random,38,4,8,1,1,1,1,1.0,1.0,0.75,0.42,0.37,1,1.738227992237329e-06,4.6848,18.3096,3.91,50,xenium_human_lung_cancer,7-12 genes
Contiguous Random,39,0,22,1,1,1,1,1.0,1.0,0.8,0.62,0.31,1,3.904036123492105e-06,9.8354,42.5071,4.32,50,xenium_human_lung_cancer,>16 genes
Contiguous Random,39,1,9,1,1,1,1,0.0,0.1,0.05,0.12,0.13,1,0.0,4.9766,19.0688,3.83,50,xenium_human_lung_cancer,7-12 genes
Contiguous Random,39,2,10,1,1,1,1,1.0,1.0,0.95,0.82,0.48,1,-4.173979014032714e-06,6.2112,21.2763,3.43,50,xenium_human_lung_cancer,7-12 genes
Contiguous Random,39,3,10,1,1,1,1,0.0,0.1,0.25,0.44,0.36,1,0.0,5.2906,19.8597,3.75,50,xenium_human_lung_cancer,7-12 genes
Contiguous Random,39,4,5,1,1,1,1,0.0,0.0,0.0,0.0,0.0,1,0.0,3.6562,16.3944,4.48,50,xenium_human_lung_cancer,<=6 genes
Contiguous Random,40,0,15,1,1,1,1,1.0,1.0,0.9,0.8,0.44,1,-6.66640209701086e-08,8.0414,27.8016,3.46,50,xenium_human_lung_cancer,13-16 genes
Contiguous Random,40,1,12,1,1,1,1,1.0,0.9,0.85,0.66,0.43,1,2.336437345817899e-06,6.3144,22.4616,3.56,50,xenium_human_lung_cancer,7-12 genes
Contiguous Random,40,2,10,1,1,1,1,1.0,1.0,1.0,0.74,0.45,1,2.70157847070962e-06,6.0652,21.0801,3.48,50,xenium_human_lung_cancer,7-12 genes
Contiguous Random,40,3,8,1,1,1,1,1.0,1.0,0.95,0.52,0.36,1,-1.6446495827437957e-06,4.5067,18.5494,4.12,50,xenium_human_lung_cancer,7-12 genes
Contiguous Random,40,4,6,1,1,1,1,1.0,1.0,1.0,0.7,0.38,1,0.0,4.2785,17.6123,4.12,50,xenium_human_lung_cancer,<=6 genes
Contiguous Random,41,0,12,1,1,1,1,1.0,1.0,1.0,0.8,0.48,1,-3.973890182563944e-06,6.2551,22.4808,3.59,50,xenium_human_lung_cancer,7-12 genes
Contiguous Random,41,1,19,1,1,1,1,1.0,1.0,0.95,0.78,0.43,1,-1.2019153863285226e-06,9.3062,34.305,3.69,50,xenium_human_lung_cancer,>16 genes
Contiguous Random,41,2,14,1,1,1,1,1.0,0.9,0.9,0.72,0.46,1,-4.772997298146953e-06,7.0471,24.8876,3.53,50,xenium_human_lung_cancer,13-16 genes
Contiguous Random,41,3,12,1,1,1,1,1.0,0.7,0.75,0.8,0.45,1,6.50672268620589e-07,5.8517,21.2516,3.63,50,xenium_human_lung_cancer,7-12 genes
Contiguous Random,41,4,11,1,1,1,1,1.0,0.9,0.85,0.84,0.43,1,-3.6048409753908217e-06,5.8698,21.042,3.58,50,xenium_human_lung_cancer,7-12 genes
Contiguous Random,42,0,15,1,1,1,1,1.0,1.0,1.0,0.72,0.48,1,3.042085718441001e-06,7.4439,26.7475,3.59,50,xenium_human_lung_cancer,13-16 genes
Contiguous Random,42,1,7,1,1,1,1,1.0,1.0,0.95,0.9,0.5,1,5.602513677982479e-07,4.1927,18.1696,4.33,50,xenium_human_lung_cancer,7-12 genes
Contiguous Random,42,2,16,1,1,1,1,1.0,1.0,1.0,0.68,0.39,1,4.650115966953194e-06,8.897,28.3093,3.18,50,xenium_human_lung_cancer,13-16 genes
Contiguous Random,42,3,21,1,1,1,1,1.0,1.0,1.0,0.62,0.41,1,-4.30909352955311e-06,9.9395,40.353,4.06,50,xenium_human_lung_cancer,>16 genes
Contiguous Random,42,4,22,1,1,1,1,1.0,1.0,1.0,0.68,0.39,1,3.5001068967588367e-06,9.7999,41.7185,4.26,50,xenium_human_lung_cancer,>16 genes
Contiguous Random,43,0,5,1,1,1,1,0.0,0.0,0.0,0.02,0.13,1,0.0,3.779,17.3343,4.59,50,xenium_human_lung_cancer,<=6 genes
Contiguous Random,43,1,13,1,1,1,1,1.0,1.0,0.9,0.62,0.5,1,3.4815246717015413e-06,6.2633,23.1924,3.7,50,xenium_human_lung_cancer,13-16 genes
Contiguous Random,43,2,13,1,1,1,1,1.0,1.0,1.0,0.86,0.45,1,4.768820830666504e-06,6.1911,22.6606,3.66,50,xenium_human_lung_cancer,13-16 genes
Contiguous Random,43,3,8,1,1,1,1,1.0,1.0,0.7,0.54,0.4,1,-1.4402770121685338e-06,4.6901,18.7202,3.99,50,xenium_human_lung_cancer,7-12 genes
Contiguous Random,43,4,18,1,1,1,1,1.0,1.0,0.9,0.72,0.44,1,-4.06128385099791e-06,8.6186,31.0448,3.6,50,xenium_human_lung_cancer,>16 genes
Contiguous Random,44,0,15,1,1,1,1,1.0,0.8,0.7,0.68,0.38,1,-3.650008300049024e-06,8.2459,27.4528,3.33,50,xenium_human_lung_cancer,13-16 genes
Contiguous Random,44,1,21,0,0,0,0,0.6,0.8,0.8,0.46,0.39,2,0.0024237987573276,9.0582,39.2785,4.34,50,xenium_human_lung_cancer,>16 genes
Contiguous Random,44,2,17,1,1,1,1,1.0,1.0,0.8,0.6,0.42,1,1.9412909870730743e-06,8.7587,30.3126,3.46,50,xenium_human_lung_cancer,>16 genes
Contiguous Random,44,3,11,1,1,1,1,1.0,0.7,0.7,0.7,0.5,1,3.687681406433496e-06,5.7113,21.1505,3.7,50,xenium_human_lung_cancer,7-12 genes
Contiguous Random,44,4,6,1,1,1,1,1.0,1.0,1.0,0.66,0.38,1,3.389515665780385e-07,4.2766,17.4773,4.09,50,xenium_human_lung_cancer,<=6 genes
Contiguous Random,45,0,5,1,1,1,1,1.0,1.0,0.95,0.56,0.38,1,4.968056002307986e-06,4.3429,17.5794,4.05,50,xenium_human_lung_cancer,<=6 genes
Contiguous Random,45,1,22,1,1,1,1,1.0,0.9,0.9,0.48,0.35,1,-3.874110676704845e-07,9.3214,42.2053,4.53,50,xenium_human_lung_cancer,>16 genes
Contiguous Random,45,2,16,1,1,1,1,1.0,1.0,0.95,0.64,0.48,1,2.8164672851715977e-06,7.5804,28.3637,3.74,50,xenium_human_lung_cancer,13-16 genes
Contiguous Random,45,3,7,1,1,1,1,1.0,0.9,0.9,0.84,0.49,1,0.0,4.8096,18.3102,3.81,50,xenium_human_lung_cancer,7-12 genes
Contiguous Random,45,4,15,1,1,1,1,0.8,0.9,0.8,0.78,0.49,1,3.787288895471669e-06,7.2798,25.8206,3.55,50,xenium_human_lung_cancer,13-16 genes
Contiguous Random,46,0,14,1,1,1,1,1.0,1.0,0.85,0.78,0.49,1,2.597694976014253e-06,7.6615,26.1321,3.41,50,xenium_human_lung_cancer,13-16 genes
Contiguous Random,46,1,14,1,1,1,1,1.0,1.0,0.95,0.7,0.45,1,2.597694976014253e-06,7.4773,25.3679,3.39,50,xenium_human_lung_cancer,13-16 genes
Contiguous Random,46,2,15,1,1,1,1,1.0,1.0,0.8,0.8,0.45,1,-4.422564577222232e-06,8.1124,26.9533,3.32,50,xenium_human_lung_cancer,13-16 genes
Contiguous Random,46,3,14,1,1,1,1,1.0,1.0,0.85,0.78,0.49,1,2.597694976014253e-06,7.3546,25.4491,3.46,50,xenium_human_lung_cancer,13-16 genes
Contiguous Random,46,4,9,1,1,1,1,1.0,1.0,1.0,0.9,0.45,1,8.657264709555079e-07,4.9559,18.8283,3.8,50,xenium_human_lung_cancer,7-12 genes
Contiguous Random,47,0,18,1,1,1,1,1.0,1.0,1.0,0.76,0.45,1,8.991964706162037e-07,9.0493,31.7832,3.51,50,xenium_human_lung_cancer,>16 genes
Contiguous Random,47,1,10,1,1,1,1,1.0,1.0,0.9,0.72,0.5,1,-3.4359635388003795e-06,5.5644,20.7505,3.73,50,xenium_human_lung_cancer,7-12 genes
Contiguous Random,47,2,14,1,1,1,1,1.0,1.0,0.95,0.76,0.43,1,1.295637135356742e-06,7.3282,25.2307,3.44,50,xenium_human_lung_cancer,13-16 genes
Contiguous Random,47,3,22,1,1,1,1,1.0,0.9,0.85,0.58,0.36,1,1.446361901358273e-06,9.2048,42.2278,4.59,50,xenium_human_lung_cancer,>16 genes
Contiguous Random,47,4,14,1,1,1,1,1.0,1.0,0.95,0.7,0.45,1,1.295637135356742e-06,6.911,25.0202,3.62,50,xenium_human_lung_cancer,13-16 genes
Contiguous Random,48,0,11,1,1,1,1,1.0,0.6,0.75,0.48,0.35,1,1.6389325677157451e-06,6.0786,21.7181,3.57,50,xenium_human_lung_cancer,7-12 genes
Contiguous Random,48,1,15,1,1,1,1,1.0,1.0,0.85,0.8,0.47,1,4.184826129627339e-06,7.9904,27.3439,3.42,50,xenium_human_lung_cancer,13-16 genes
Contiguous Random,48,2,19,1,1,1,1,1.0,1.0,0.95,0.68,0.43,1,3.251958977656954e-06,9.0904,34.0526,3.75,50,xenium_human_lung_cancer,>16 genes
Contiguous Random,48,3,11,1,1,1,1,1.0,1.0,0.9,0.72,0.36,1,-3.0798475183502205e-06,5.708,21.3089,3.73,50,xenium_human_lung_cancer,7-12 genes
Contiguous Random,48,4,20,1,1,1,1,1.0,1.0,0.85,0.64,0.43,1,1.848706846718784e-06,9.2539,35.0503,3.79,50,xenium_human_lung_cancer,>16 genes
Contiguous Random,49,0,11,1,1,1,1,1.0,1.0,1.0,0.58,0.37,1,-2.5388110750125537e-06,6.1018,22.2994,3.65,50,xenium_human_lung_cancer,7-12 genes
Contiguous Random,49,1,15,1,1,1,1,1.0,0.7,0.45,0.54,0.47,1,1.924163911065646e-06,7.7842,29.2763,3.76,50,xenium_human_lung_cancer,13-16 genes
Contiguous Random,49,2,26,1,1,1,1,0.6,0.4,0.45,0.78,0.5,1,-4.109862377837947e-06,10.7675,58.0791,5.39,50,xenium_human_lung_cancer,>16 genes
Contiguous Random,49,3,8,1,1,1,1,1.0,0.9,1.0,0.88,0.45,1,3.20590325640982e-06,4.8976,19.052,3.89,50,xenium_human_lung_cancer,7-12 genes
Contiguous Random,49,4,15,1,1,1,1,1.0,0.7,0.45,0.32,0.44,1,5.566887822661126e-07,7.312,29.1189,3.98,50,xenium_human_lung_cancer,13-16 genes
Non-Contiguous Random,0,0,6,1,1,1,1,0.4,0.7,0.6,0.58,0.48,1,0.0,4.0278,17.5827,4.37,50,xenium_human_lung_cancer,<=6 genes
Non-Contiguous Random,0,1,7,1,1,1,1,1.0,1.0,0.65,0.62,0.5,1,-4.3722738486268176e-06,4.6817,17.972,3.84,50,xenium_human_lung_cancer,7-12 genes
Non-Contiguous Random,0,2,12,1,1,1,1,1.0,1.0,1.0,0.82,0.49,1,4.555560230712352e-06,6.2407,22.0296,3.53,50,xenium_human_lung_cancer,7-12 genes
Non-Contiguous Random,0,3,11,1,1,1,1,1.0,0.6,0.65,0.76,0.5,1,1.7268247233925144e-06,5.7112,20.5986,3.61,50,xenium_human_lung_cancer,7-12 genes
Non-Contiguous Random,0,4,6,1,1,1,1,1.0,1.0,0.95,0.54,0.4,1,4.2100523345578456e-06,3.9364,17.0009,4.32,50,xenium_human_lung_cancer,<=6 genes
Non-Contiguous Random,1,0,10,1,1,1,1,1.0,1.0,1.0,0.94,0.48,1,2.7878570563188987e-08,6.0212,20.8428,3.46,50,xenium_human_lung_cancer,7-12 genes
Non-Contiguous Random,1,1,18,1,1,1,1,1.0,1.0,0.95,0.62,0.4,1,3.203136260232497e-06,8.9038,31.1372,3.5,50,xenium_human_lung_cancer,>16 genes
Non-Contiguous Random,1,2,14,1,1,1,1,1.0,1.0,1.0,0.88,0.44,1,1.236139494320554e-06,7.1799,24.7643,3.45,50,xenium_human_lung_cancer,13-16 genes
Non-Contiguous Random,1,3,9,1,1,1,1,1.0,1.0,1.0,0.6,0.35,1,1.6408030192316405e-06,4.8728,18.8569,3.87,50,xenium_human_lung_cancer,7-12 genes
Non-Contiguous Random,1,4,13,1,1,1,1,1.0,1.0,1.0,0.66,0.48,1,1.1825337820070558e-07,7.3215,23.6135,3.23,50,xenium_human_lung_cancer,13-16 genes
Non-Contiguous Random,2,0,12,1,1,1,1,1.0,1.0,0.95,0.88,0.49,1,-2.5695171896877862e-06,7.4197,22.7988,3.07,50,xenium_human_lung_cancer,7-12 genes
Non-Contiguous Random,2,1,10,1,1,1,1,1.0,1.0,1.0,0.74,0.5,1,4.257350796121884e-06,5.455,19.9476,3.66,50,xenium_human_lung_cancer,7-12 genes
Non-Contiguous Random,2,2,12,1,1,1,1,1.0,1.0,1.0,0.8,0.48,1,-3.470229380297951e-06,6.4007,22.7926,3.56,50,xenium_human_lung_cancer,7-12 genes
Non-Contiguous Random,2,3,16,1,1,1,1,1.0,1.0,0.95,0.76,0.41,1,1.5967559816587595e-06,8.226,27.9677,3.4,50,xenium_human_lung_cancer,13-16 genes
Non-Contiguous Random,2,4,5,1,1,1,1,1.0,1.0,0.95,0.86,0.5,1,0.0,3.5132,16.5188,4.7,50,xenium_human_lung_cancer,<=6 genes
Non-Contiguous Random,3,0,18,1,1,1,1,1.0,1.0,1.0,0.78,0.44,1,-3.684478042664807e-07,9.0844,31.9099,3.51,50,xenium_human_lung_cancer,>16 genes
Non-Contiguous Random,3,1,12,1,1,1,1,1.0,1.0,1.0,0.92,0.48,1,-3.633432406113801e-06,6.5826,22.2596,3.38,50,xenium_human_lung_cancer,7-12 genes
Non-Contiguous Random,3,2,17,1,1,1,1,1.0,1.0,1.0,0.78,0.45,1,-4.705704243157527e-06,8.449,29.868,3.54,50,xenium_human_lung_cancer,>16 genes
Non-Contiguous Random,3,3,12,1,1,1,1,1.0,1.0,1.0,0.7,0.46,1,0.0,6.5057,22.061,3.39,50,xenium_human_lung_cancer,7-12 genes
Non-Contiguous Random,3,4,7,1,1,1,1,0.6,0.5,0.5,0.48,0.43,1,0.0,4.564,17.8281,3.91,50,xenium_human_lung_cancer,7-12 genes
Non-Contiguous Random,4,0,7,1,1,1,1,0.8,0.8,0.65,0.6,0.49,1,1.8910005356326948e-06,5.2154,18.3206,3.51,50,xenium_human_lung_cancer,7-12 genes
Non-Contiguous Random,4,1,12,1,1,1,1,1.0,1.0,0.9,0.68,0.48,1,3.056054616451531e-07,6.7628,22.3307,3.3,50,xenium_human_lung_cancer,7-12 genes
Non-Contiguous Random,4,2,16,1,1,1,1,1.0,1.0,1.0,0.82,0.5,1,1.1745357513248678e-06,8.0072,27.6191,3.45,50,xenium_human_lung_cancer,13-16 genes
Non-Contiguous Random,4,3,8,1,1,1,1,0.8,0.9,0.8,0.8,0.5,1,-2.3811489647182493e-06,4.9839,18.1307,3.64,50,xenium_human_lung_cancer,7-12 genes
Non-Contiguous Random,4,4,5,1,1,1,1,0.4,0.6,0.5,0.52,0.47,1,-4.873892415090467e-06,3.3987,16.5384,4.87,50,xenium_human_lung_cancer,<=6 genes
Non-Contiguous Random,5,0,7,1,1,1,1,1.0,0.9,0.8,0.84,0.49,1,-6.328810088218617e-07,4.9287,18.4927,3.75,50,xenium_human_lung_cancer,7-12 genes
Non-Contiguous Random,5,1,7,1,1,1,1,0.8,1.0,1.0,0.88,0.44,1,1.082964723179286e-06,4.6705,18.0086,3.86,50,xenium_human_lung_cancer,7-12 genes
Non-Contiguous Random,5,2,18,1,1,1,1,1.0,1.0,1.0,0.62,0.41,1,4.888709214778686e-06,9.9835,31.9748,3.2,50,xenium_human_lung_cancer,>16 genes
Non-Contiguous Random,5,3,15,1,1,1,1,1.0,1.0,0.95,0.7,0.38,1,-3.941623043957065e-06,7.3564,26.0941,3.55,50,xenium_human_lung_cancer,13-16 genes
Non-Contiguous Random,5,4,19,1,1,1,1,1.0,1.0,0.95,0.84,0.48,1,-1.684191638595678e-06,9.4178,33.5154,3.56,50,xenium_human_lung_cancer,>16 genes
Non-Contiguous Random,6,0,16,1,1,1,1,1.0,1.0,0.95,0.74,0.47,1,-2.5300455093468788e-06,8.2669,28.3579,3.43,50,xenium_human_lung_cancer,13-16 genes
Non-Contiguous Random,6,1,15,1,1,1,1,0.8,0.8,0.9,0.88,0.47,1,-2.3812648057286445e-06,7.1548,25.9031,3.62,50,xenium_human_lung_cancer,13-16 genes
Non-Contiguous Random,6,2,16,1,1,1,1,0.8,0.8,0.9,0.86,0.48,1,-3.0352187156690302e-06,7.5581,27.2724,3.61,50,xenium_human_lung_cancer,13-16 genes
Non-Contiguous Random,6,3,11,1,1,1,1,1.0,1.0,0.95,0.66,0.36,1,-2.9429101340017194e-06,6.7125,21.6067,3.22,50,xenium_human_lung_cancer,7-12 genes
Non-Contiguous Random,6,4,10,1,1,1,1,1.0,1.0,1.0,0.86,0.49,1,4.783473939312666e-06,5.8301,20.5117,3.52,50,xenium_human_lung_cancer,7-12 genes
Non-Contiguous Random,7,0,18,1,1,1,1,1.0,1.0,1.0,0.8,0.45,1,3.601392651209068e-06,10.1316,32.022,3.16,50,xenium_human_lung_cancer,>16 genes
Non-Contiguous Random,7,1,19,1,1,1,1,1.0,0.9,0.75,0.72,0.43,1,4.127672047271602e-06,9.1631,33.629,3.67,50,xenium_human_lung_cancer,>16 genes
Non-Contiguous Random,7,2,12,1,1,1,1,1.0,0.9,0.95,0.86,0.49,1,1.3877844144971618e-06,7.3042,22.7661,3.12,50,xenium_human_lung_cancer,7-12 genes
Non-Contiguous Random,7,3,16,1,1,1,1,1.0,1.0,0.95,0.68,0.39,1,-2.8397369384869364e-06,7.7471,27.275,3.52,50,xenium_human_lung_cancer,13-16 genes
Non-Contiguous Random,7,4,9,1,1,1,1,1.0,0.9,0.65,0.56,0.48,1,6.668742497800695e-07,5.5748,19.3261,3.47,50,xenium_human_lung_cancer,7-12 genes
Non-Contiguous Random,8,0,18,1,1,1,1,1.0,1.0,1.0,0.76,0.44,1,1.919610494116597e-06,9.5214,31.962,3.36,50,xenium_human_lung_cancer,>16 genes
Non-Contiguous Random,8,1,11,1,1,1,1,1.0,1.0,0.9,0.62,0.43,1,8.034635925746603e-07,5.8372,21.2891,3.65,50,xenium_human_lung_cancer,7-12 genes
Non-Contiguous Random,8,2,13,1,1,1,1,1.0,1.0,0.5,0.42,0.35,1,-8.391654663791881e-07,6.8665,23.8409,3.47,50,xenium_human_lung_cancer,13-16 genes
Non-Contiguous Random,8,3,6,1,1,1,1,1.0,1.0,0.8,0.38,0.3,1,1.2676733535943452e-06,4.1901,17.1048,4.08,50,xenium_human_lung_cancer,<=6 genes
Non-Contiguous Random,8,4,17,1,1,1,1,1.0,1.0,0.95,0.88,0.49,1,-9.886403811165678e-07,8.1695,28.7659,3.52,50,xenium_human_lung_cancer,>16 genes
Non-Contiguous Random,9,0,21,1,1,1,1,0.4,0.4,0.3,0.66,0.48,1,0.0,8.5857,39.4156,4.59,50,xenium_human_lung_cancer,>16 genes
Non-Contiguous Random,9,1,17,1,1,1,1,0.2,0.2,0.25,0.54,0.42,1,0.0,8.2194,29.9365,3.64,50,xenium_human_lung_cancer,>16 genes
Non-Contiguous Random,9,2,10,1,1,1,1,0.0,0.0,0.0,0.04,0.14,1,0.0,6.1432,20.2231,3.29,50,xenium_human_lung_cancer,7-12 genes
Non-Contiguous Random,9,3,11,1,1,1,1,0.0,0.0,0.0,0.14,0.14,1,0.0,5.4904,20.6993,3.77,50,xenium_human_lung_cancer,7-12 genes
Non-Contiguous Random,9,4,14,1,1,1,1,0.2,0.1,0.35,0.3,0.41,1,0.0,7.2872,25.5879,3.51,50,xenium_human_lung_cancer,13-16 genes
Non-Contiguous Random,10,0,8,0,0,0,0,0.4,0.5,0.5,0.62,0.5,2,0.0121885319363393,5.5381,18.9195,3.42,50,xenium_human_lung_cancer,7-12 genes
Non-Contiguous Random,10,1,17,1,1,1,1,0.8,0.9,0.95,0.48,0.3,1,-4.456677507869156e-06,8.5837,29.6829,3.46,50,xenium_human_lung_cancer,>16 genes
Non-Contiguous Random,10,2,12,1,1,1,1,1.0,1.0,1.0,0.84,0.48,1,7.624377727777354e-07,7.1009,22.9796,3.24,50,xenium_human_lung_cancer,7-12 genes
Non-Contiguous Random,10,3,10,1,1,1,1,1.0,1.0,0.75,0.32,0.28,1,3.70272263882504e-06,4.9587,19.4884,3.93,50,xenium_human_lung_cancer,7-12 genes
Non-Contiguous Random,10,4,18,1,1,1,1,1.0,1.0,1.0,0.82,0.49,1,-2.339194780098808e-06,9.3227,31.6624,3.4,50,xenium_human_lung_cancer,>16 genes
Non-Contiguous Random,11,0,11,1,1,1,1,1.0,1.0,0.9,0.74,0.46,1,-3.285172251565882e-06,6.2504,21.6503,3.46,50,xenium_human_lung_cancer,7-12 genes
Non-Contiguous Random,11,1,9,1,1,1,1,1.0,0.9,0.95,0.76,0.48,1,-7.703653968071933e-07,5.5732,19.1298,3.43,50,xenium_human_lung_cancer,7-12 genes
Non-Contiguous Random,11,2,13,1,1,1,1,1.0,1.0,0.95,0.6,0.39,1,2.218316399016373e-06,6.893,22.9734,3.33,50,xenium_human_lung_cancer,13-16 genes
Non-Contiguous Random,11,3,14,1,1,1,1,1.0,1.0,1.0,0.8,0.46,1,1.5366084276102754e-06,7.7354,25.3635,3.28,50,xenium_human_lung_cancer,13-16 genes
Non-Contiguous Random,11,4,13,1,1,1,1,1.0,1.0,1.0,0.88,0.46,1,3.3340841985030067e-06,6.5804,23.0886,3.51,50,xenium_human_lung_cancer,13-16 genes
Non-Contiguous Random,12,0,14,1,1,1,1,0.0,0.0,0.05,0.24,0.22,1,0.0,6.7218,26.2327,3.9,50,xenium_human_lung_cancer,13-16 genes
Non-Contiguous Random,12,1,10,1,1,1,1,0.0,0.0,0.0,0.08,0.15,1,0.0,5.2268,19.9916,3.82,50,xenium_human_lung_cancer,7-12 genes
Non-Contiguous Random,12,2,10,1,1,1,1,0.0,0.0,0.0,0.22,0.13,1,0.0,4.9904,19.3087,3.87,50,xenium_human_lung_cancer,7-12 genes
Non-Contiguous Random,12,3,13,1,1,1,1,0.8,1.0,1.0,0.56,0.28,1,4.941469766894281e-06,7.0854,23.9345,3.38,50,xenium_human_lung_cancer,13-16 genes
Non-Contiguous Random,12,4,15,1,1,1,1,1.0,1.0,0.8,0.54,0.32,1,1.727556758673865e-06,7.7957,26.2045,3.36,50,xenium_human_lung_cancer,13-16 genes
Non-Contiguous Random,13,0,18,1,1,1,1,0.4,0.4,0.35,0.7,0.48,1,0.0,8.7899,34.3986,3.91,50,xenium_human_lung_cancer,>16 genes
Non-Contiguous Random,13,1,6,1,1,1,1,0.0,0.0,0.2,0.16,0.13,1,0.0,3.9675,17.3567,4.37,50,xenium_human_lung_cancer,<=6 genes
Non-Contiguous Random,13,2,6,1,1,1,1,0.0,0.0,0.0,0.18,0.14,1,0.0,4.3322,17.075,3.94,50,xenium_human_lung_cancer,<=6 genes
Non-Contiguous Random,13,3,20,1,1,1,1,0.4,0.4,0.35,0.58,0.48,1,0.0,9.4778,35.0178,3.69,50,xenium_human_lung_cancer,>16 genes
Non-Contiguous Random,13,4,16,1,1,1,1,0.0,0.1,0.3,0.52,0.48,1,0.0,8.0075,28.0665,3.51,50,xenium_human_lung_cancer,13-16 genes
Non-Contiguous Random,14,0,20,1,1,1,1,1.0,1.0,0.95,0.52,0.42,1,3.291206835620564e-06,8.6993,37.2946,4.29,50,xenium_human_lung_cancer,>16 genes
Non-Contiguous Random,14,1,19,1,1,1,1,1.0,1.0,1.0,0.54,0.37,1,1.6201560901207834e-06,8.7328,36.3355,4.16,50,xenium_human_lung_cancer,>16 genes
Non-Contiguous Random,14,2,4,1,1,1,1,0.0,0.0,0.0,0.0,0.04,1,0.0,3.1812,16.0268,5.04,50,xenium_human_lung_cancer,<=6 genes
Non-Contiguous Random,14,3,20,1,1,1,1,1.0,0.9,0.9,0.7,0.42,1,-1.5980473055954292e-08,9.6238,35.6279,3.7,50,xenium_human_lung_cancer,>16 genes
Non-Contiguous Random,14,4,13,1,1,1,1,1.0,1.0,1.0,0.82,0.47,1,4.623729239511265e-06,7.2583,24.3402,3.35,50,xenium_human_lung_cancer,13-16 genes
Non-Contiguous Random,15,0,16,1,1,1,1,1.0,1.0,0.9,0.86,0.48,1,-4.991006851196023e-06,8.0336,27.8783,3.47,50,xenium_human_lung_cancer,13-16 genes
Non-Contiguous Random,15,1,11,1,1,1,1,1.0,1.0,1.0,0.84,0.44,1,3.2300958219266818e-06,7.1262,21.6789,3.04,50,xenium_human_lung_cancer,7-12 genes
Non-Contiguous Random,15,2,22,1,1,1,1,1.0,1.0,0.9,0.6,0.31,1,3.125998989883527e-06,9.0283,41.8344,4.63,50,xenium_human_lung_cancer,>16 genes
Non-Contiguous Random,15,3,8,1,1,1,1,0.8,0.8,0.6,0.6,0.5,1,4.748404185683786e-07,5.0469,18.7987,3.72,50,xenium_human_lung_cancer,7-12 genes
Non-Contiguous Random,15,4,17,1,1,1,1,1.0,0.9,0.85,0.8,0.46,1,4.293728171234079e-06,9.286,29.9531,3.23,50,xenium_human_lung_cancer,>16 genes
Non-Contiguous Random,16,0,18,1,1,1,1,1.0,1.0,1.0,0.66,0.41,1,3.7833068473602793e-06,8.3591,31.0976,3.72,50,xenium_human_lung_cancer,>16 genes
Non-Contiguous Random,16,1,18,1,1,1,1,1.0,1.0,0.95,0.78,0.39,1,3.489051785793285e-06,8.631,34.5211,4.0,50,xenium_human_lung_cancer,>16 genes
Non-Contiguous Random,16,2,8,1,1,1,1,0.0,0.0,0.0,0.24,0.16,1,0.0,4.8934,18.6167,3.8,50,xenium_human_lung_cancer,7-12 genes
Non-Contiguous Random,16,3,19,1,1,1,1,0.8,0.9,0.95,0.7,0.39,1,4.261123687107626e-06,8.3817,33.0558,3.94,50,xenium_human_lung_cancer,>16 genes
Non-Contiguous Random,16,4,6,1,1,1,1,1.0,1.0,1.0,0.96,0.5,1,4.070145171310852e-06,4.0924,17.3867,4.25,50,xenium_human_lung_cancer,<=6 genes
Non-Contiguous Random,17,0,5,1,1,1,1,1.0,1.0,1.0,0.74,0.39,1,6.891358680042453e-07,4.1555,17.341,4.17,50,xenium_human_lung_cancer,<=6 genes
Non-Contiguous Random,17,1,19,1,1,1,1,1.0,0.9,0.8,0.46,0.37,1,-2.727771999389006e-06,9.2792,33.7778,3.64,50,xenium_human_lung_cancer,>16 genes
Non-Contiguous Random,17,2,17,1,1,1,1,0.8,0.7,0.5,0.42,0.31,1,-4.535007937622737e-06,8.4547,29.6833,3.51,50,xenium_human_lung_cancer,>16 genes
Non-Contiguous Random,17,3,9,1,1,1,1,1.0,0.9,0.8,0.66,0.5,1,1.5741348266609667e-06,5.6402,19.5238,3.46,50,xenium_human_lung_cancer,7-12 genes
Non-Contiguous Random,17,4,16,1,1,1,1,1.0,0.8,0.75,0.5,0.37,1,2.302856445091095e-06,8.2067,28.1096,3.43,50,xenium_human_lung_cancer,13-16 genes
Non-Contiguous Random,18,0,12,1,1,1,1,1.0,1.0,1.0,0.94,0.5,1,2.068764402007872e-06,6.4019,22.377,3.5,50,xenium_human_lung_cancer,7-12 genes
Non-Contiguous Random,18,1,15,1,1,1,1,1.0,1.0,1.0,0.82,0.45,1,2.642620620552094e-06,7.5702,26.2157,3.46,50,xenium_human_lung_cancer,13-16 genes
Non-Contiguous Random,18,2,17,1,1,1,1,1.0,1.0,0.95,0.8,0.45,1,2.257255486526333e-06,8.028,30.017,3.74,50,xenium_human_lung_cancer,>16 genes
Non-Contiguous Random,18,3,15,1,1,1,1,1.0,1.0,1.0,0.9,0.5,1,-3.391502404692659e-06,7.2703,26.0659,3.59,50,xenium_human_lung_cancer,13-16 genes
Non-Contiguous Random,18,4,7,1,1,1,1,1.0,1.0,1.0,0.68,0.48,1,-1.85909927846728e-06,4.5351,17.9357,3.95,50,xenium_human_lung_cancer,7-12 genes
Non-Contiguous Random,19,0,18,1,1,1,1,1.0,1.0,0.9,0.62,0.45,1,3.3076695422629143e-06,8.7999,32.3673,3.68,50,xenium_human_lung_cancer,>16 genes
Non-Contiguous Random,19,1,7,1,1,1,1,1.0,1.0,0.8,0.62,0.48,1,2.0055958282055864e-06,4.5398,18.1067,3.99,50,xenium_human_lung_cancer,7-12 genes
Non-Contiguous Random,19,2,15,1,1,1,1,1.0,1.0,0.95,0.66,0.49,1,-4.725809958472382e-06,8.0711,26.3472,3.26,50,xenium_human_lung_cancer,13-16 genes
Non-Contiguous Random,19,3,8,1,1,1,1,1.0,1.0,0.9,0.48,0.31,1,-8.528223853915273e-07,4.9532,18.1223,3.66,50,xenium_human_lung_cancer,7-12 genes
Non-Contiguous Random,19,4,14,1,1,1,1,1.0,1.0,0.85,0.78,0.5,1,2.232442258609524e-06,7.1952,25.6909,3.57,50,xenium_human_lung_cancer,13-16 genes
Non-Contiguous Random,20,0,16,1,1,1,1,1.0,0.9,0.95,0.92,0.47,1,-2.692162990564073e-06,9.1645,28.4096,3.1,50,xenium_human_lung_cancer,13-16 genes
Non-Contiguous Random,20,1,5,1,1,1,1,0.4,0.4,0.35,0.24,0.29,1,0.0,3.913,16.7359,4.28,50,xenium_human_lung_cancer,<=6 genes
Non-Contiguous Random,20,2,13,1,1,1,1,0.2,0.2,0.25,0.34,0.39,1,0.0,7.4438,23.7732,3.19,50,xenium_human_lung_cancer,13-16 genes
Non-Contiguous Random,20,3,18,1,1,1,1,1.0,0.9,0.9,0.82,0.43,1,-7.291027431521879e-07,9.1377,31.4787,3.44,50,xenium_human_lung_cancer,>16 genes
Non-Contiguous Random,20,4,5,1,1,1,1,0.0,0.0,0.0,0.02,0.01,1,0.0,3.6249,18.166,5.01,50,xenium_human_lung_cancer,<=6 genes
Non-Contiguous Random,21,0,10,1,1,1,1,1.0,1.0,0.75,0.46,0.43,1,3.810294949871744e-06,5.931,20.8353,3.51,50,xenium_human_lung_cancer,7-12 genes
Non-Contiguous Random,21,1,14,1,1,1,1,1.0,1.0,1.0,0.74,0.46,1,-3.86517461276048e-06,7.1304,25.2451,3.54,50,xenium_human_lung_cancer,13-16 genes
Non-Contiguous Random,21,2,10,1,1,1,1,1.0,1.0,0.95,0.72,0.49,1,3.1894082275496505e-06,5.9987,20.3016,3.38,50,xenium_human_lung_cancer,7-12 genes
Non-Contiguous Random,21,3,14,1,1,1,1,1.0,1.0,0.95,0.82,0.47,1,-2.5499232059189584e-08,6.8901,24.5839,3.57,50,xenium_human_lung_cancer,13-16 genes
Non-Contiguous Random,21,4,11,1,1,1,1,1.0,1.0,1.0,0.88,0.46,1,7.912261085207817e-07,5.647,20.4471,3.62,50,xenium_human_lung_cancer,7-12 genes
Non-Contiguous Random,22,0,15,1,1,1,1,1.0,0.9,0.9,0.9,0.49,1,-3.462919849539503e-06,7.559,26.1972,3.47,50,xenium_human_lung_cancer,13-16 genes
Non-Contiguous Random,22,1,18,1,1,1,1,1.0,1.0,1.0,0.68,0.46,1,1.54947325459176e-06,8.8588,31.5044,3.56,50,xenium_human_lung_cancer,>16 genes
Non-Contiguous Random,22,2,14,1,1,1,1,1.0,1.0,0.95,0.74,0.5,1,4.398931150451091e-06,7.026,25.0136,3.56,50,xenium_human_lung_cancer,13-16 genes
Non-Contiguous Random,22,3,8,1,1,1,1,1.0,1.0,0.8,0.54,0.46,1,-3.278725215984276e-06,4.9419,18.3887,3.72,50,xenium_human_lung_cancer,7-12 genes
Non-Contiguous Random,22,4,14,1,1,1,1,1.0,1.0,1.0,0.78,0.44,1,-3.469428087488069e-06,7.6758,25.06,3.26,50,xenium_human_lung_cancer,13-16 genes
Non-Contiguous Random,23,0,13,1,1,1,1,0.0,0.0,0.0,0.08,0.26,1,0.0,6.85,23.9015,3.49,50,xenium_human_lung_cancer,13-16 genes
Non-Contiguous Random,23,1,11,1,1,1,1,0.2,0.3,0.15,0.42,0.33,1,0.0,6.4221,21.2061,3.3,50,xenium_human_lung_cancer,7-12 genes
Non-Contiguous Random,23,2,19,1,1,1,1,0.2,0.1,0.15,0.54,0.48,1,0.0,7.4224,32.5397,4.38,50,xenium_human_lung_cancer,>16 genes
Non-Contiguous Random,23,3,16,1,1,1,1,0.4,0.4,0.25,0.46,0.44,1,0.0,7.9055,27.2126,3.44,50,xenium_human_lung_cancer,13-16 genes
Non-Contiguous Random,23,4,19,1,1,1,1,0.4,0.4,0.4,0.62,0.48,1,0.0,8.9265,35.6832,4.0,50,xenium_human_lung_cancer,>16 genes
Non-Contiguous Random,24,0,11,1,1,1,1,1.0,1.0,1.0,0.72,0.46,1,-3.2344436191600323e-06,6.8123,21.9263,3.22,50,xenium_human_lung_cancer,7-12 genes
Non-Contiguous Random,24,1,13,1,1,1,1,1.0,1.0,1.0,0.72,0.44,1,-1.334722794066323e-06,7.7268,25.6287,3.32,50,xenium_human_lung_cancer,13-16 genes
Non-Contiguous Random,24,2,6,0,0,0,0,0.6,0.7,0.7,0.5,0.45,2,0.0118349701125182,3.9101,17.2778,4.42,50,xenium_human_lung_cancer,<=6 genes
Non-Contiguous Random,24,3,15,1,1,1,1,1.0,0.9,0.95,0.68,0.43,1,-4.724089313068447e-06,7.2957,26.0345,3.57,50,xenium_human_lung_cancer,13-16 genes
Non-Contiguous Random,24,4,8,1,1,1,1,1.0,1.0,0.95,0.9,0.49,1,4.720275499359161e-06,5.2301,18.774,3.59,50,xenium_human_lung_cancer,7-12 genes
Non-Contiguous Random,25,0,18,1,1,1,1,1.0,1.0,1.0,0.76,0.45,1,-1.5918040237039577e-06,8.874,32.2978,3.64,50,xenium_human_lung_cancer,>16 genes
Non-Contiguous Random,25,1,5,1,1,1,1,1.0,1.0,1.0,0.62,0.37,1,-2.8648313208194665e-06,3.7143,16.9403,4.56,50,xenium_human_lung_cancer,<=6 genes
Non-Contiguous Random,25,2,14,1,1,1,1,1.0,1.0,1.0,0.7,0.39,1,-1.3485237100319123e-06,7.3116,24.6812,3.38,50,xenium_human_lung_cancer,13-16 genes
Non-Contiguous Random,25,3,16,1,1,1,1,1.0,1.0,0.9,0.62,0.41,1,-8.018493651285041e-07,8.2513,28.8445,3.5,50,xenium_human_lung_cancer,13-16 genes
Non-Contiguous Random,25,4,8,1,1,1,1,1.0,1.0,1.0,0.9,0.48,1,2.493914879941883e-06,4.9381,18.6135,3.77,50,xenium_human_lung_cancer,7-12 genes
Non-Contiguous Random,26,0,18,1,1,1,1,1.0,1.0,0.9,0.8,0.49,1,-2.886932113366214e-06,9.3286,32.7728,3.51,50,xenium_human_lung_cancer,>16 genes
Non-Contiguous Random,26,1,16,1,1,1,1,1.0,1.0,1.0,0.86,0.48,1,2.478313446047098e-06,8.1451,28.1136,3.45,50,xenium_human_lung_cancer,13-16 genes
Non-Contiguous Random,26,2,8,1,1,1,1,1.0,1.0,1.0,0.74,0.48,1,1.838904987089273e-06,5.0938,18.6618,3.66,50,xenium_human_lung_cancer,7-12 genes
Non-Contiguous Random,26,3,10,1,1,1,1,1.0,1.0,0.85,0.78,0.49,1,-2.5568709696166536e-06,5.5423,19.8407,3.58,50,xenium_human_lung_cancer,7-12 genes
Non-Contiguous Random,26,4,20,1,1,1,1,1.0,0.8,0.8,0.54,0.4,1,-4.697490700422691e-06,9.1948,34.7787,3.78,50,xenium_human_lung_cancer,>16 genes
Non-Contiguous Random,27,0,12,1,1,1,1,1.0,1.0,0.95,0.84,0.5,1,-1.357874593710395e-06,6.3304,22.3196,3.53,50,xenium_human_lung_cancer,7-12 genes
Non-Contiguous Random,27,1,14,1,1,1,1,1.0,1.0,1.0,0.82,0.46,1,-2.168083266251841e-06,8.3656,24.9634,2.98,50,xenium_human_lung_cancer,13-16 genes
Non-Contiguous Random,27,2,9,1,1,1,1,1.0,1.0,1.0,0.64,0.48,1,-2.270814577737257e-06,5.6731,19.1415,3.37,50,xenium_human_lung_cancer,7-12 genes
Non-Contiguous Random,27,3,9,1,1,1,1,0.8,0.9,0.85,0.82,0.5,1,4.007399479548715e-06,5.0242,19.0718,3.8,50,xenium_human_lung_cancer,7-12 genes
Non-Contiguous Random,27,4,12,1,1,1,1,0.8,0.8,0.9,0.86,0.48,1,1.4064674903058183e-06,6.7835,22.6516,3.34,50,xenium_human_lung_cancer,7-12 genes
Non-Contiguous Random,28,0,12,1,1,1,1,0.8,0.9,0.85,0.9,0.5,1,2.0369088038485485e-07,5.9743,22.224,3.72,50,xenium_human_lung_cancer,7-12 genes
Non-Contiguous Random,28,1,20,1,1,1,1,0.8,0.9,0.8,0.52,0.32,1,-1.6439443708549106e-06,10.0046,35.8101,3.58,50,xenium_human_lung_cancer,>16 genes
Non-Contiguous Random,28,2,4,1,1,1,1,1.0,1.0,1.0,0.5,0.3,1,2.213820815086948e-06,3.4726,15.9815,4.6,50,xenium_human_lung_cancer,<=6 genes
Non-Contiguous Random,28,3,11,1,1,1,1,1.0,1.0,0.95,0.76,0.39,1,4.211369377615792e-06,5.7579,20.9715,3.64,50,xenium_human_lung_cancer,7-12 genes
Non-Contiguous Random,28,4,17,1,1,1,1,1.0,0.7,0.65,0.68,0.37,1,-1.0619595078864563e-06,7.9603,29.3067,3.68,50,xenium_human_lung_cancer,>16 genes
Non-Contiguous Random,29,0,18,1,1,1,1,1.0,1.0,1.0,0.74,0.46,1,4.760598031505747e-06,9.2274,31.9254,3.46,50,xenium_human_lung_cancer,>16 genes
Non-Contiguous Random,29,1,16,1,1,1,1,1.0,0.9,0.95,0.72,0.37,1,-2.737014293673068e-06,7.8261,26.9927,3.45,50,xenium_human_lung_cancer,13-16 genes
Non-Contiguous Random,29,2,11,1,1,1,1,1.0,1.0,0.9,0.64,0.5,1,2.121658980086538e-06,6.0254,20.995,3.48,50,xenium_human_lung_cancer,7-12 genes
Non-Contiguous Random,29,3,13,1,1,1,1,1.0,1.0,0.95,0.94,0.49,1,-9.94779154994685e-07,6.4813,23.549,3.63,50,xenium_human_lung_cancer,13-16 genes
Non-Contiguous Random,29,4,8,1,1,1,1,1.0,0.9,0.95,0.88,0.47,1,4.23643113167671e-06,4.9163,18.5787,3.78,50,xenium_human_lung_cancer,7-12 genes
Non-Contiguous Random,30,0,15,1,1,1,1,1.0,1.0,0.8,0.66,0.43,1,3.144781517416817e-06,7.9529,27.1728,3.42,50,xenium_human_lung_cancer,13-16 genes
Non-Contiguous Random,30,1,12,1,1,1,1,1.0,1.0,1.0,0.84,0.47,1,2.336077899511846e-06,6.2737,22.0473,3.51,50,xenium_human_lung_cancer,7-12 genes
Non-Contiguous Random,30,2,13,1,1,1,1,1.0,1.0,1.0,0.86,0.46,1,4.029602174382418e-06,7.0247,23.5204,3.35,50,xenium_human_lung_cancer,13-16 genes
Non-Contiguous Random,30,3,17,1,1,1,1,1.0,1.0,1.0,0.82,0.42,1,3.3082614128987498e-06,9.1135,30.1013,3.3,50,xenium_human_lung_cancer,>16 genes
Non-Contiguous Random,30,4,14,1,1,1,1,1.0,1.0,1.0,0.86,0.45,1,4.850196342220947e-06,7.3091,24.6474,3.37,50,xenium_human_lung_cancer,13-16 genes
Non-Contiguous Random,31,0,11,1,1,1,1,0.4,0.2,0.1,0.14,0.2,1,0.0,6.6222,22.7639,3.44,50,xenium_human_lung_cancer,7-12 genes
Non-Contiguous Random,31,1,7,1,1,1,1,0.0,0.1,0.25,0.4,0.32,1,0.0,4.525,18.8684,4.17,50,xenium_human_lung_cancer,7-12 genes
Non-Contiguous Random,31,2,25,1,1,1,1,0.6,0.5,0.4,0.86,0.5,1,0.0,10.7383,54.7624,5.1,50,xenium_human_lung_cancer,>16 genes
Non-Contiguous Random,31,3,20,1,1,1,1,0.0,0.2,0.3,0.76,0.5,1,0.0,8.9573,41.4274,4.62,50,xenium_human_lung_cancer,>16 genes
Non-Contiguous Random,31,4,16,1,1,1,1,0.4,0.5,0.55,0.52,0.5,1,0.0,7.7771,32.2965,4.15,50,xenium_human_lung_cancer,13-16 genes
Non-Contiguous Random,32,0,13,1,1,1,1,1.0,0.9,0.95,0.88,0.48,1,-5.840372448917205e-07,7.2989,24.662,3.38,50,xenium_human_lung_cancer,13-16 genes
Non-Contiguous Random,32,1,11,1,1,1,1,1.0,1.0,1.0,0.76,0.39,1,-6.132606944764252e-07,5.8731,21.1223,3.6,50,xenium_human_lung_cancer,7-12 genes
Non-Contiguous Random,32,2,19,1,1,1,1,0.8,0.5,0.6,0.5,0.36,1,-3.2743407514246314e-06,7.6279,33.5929,4.4,50,xenium_human_lung_cancer,>16 genes
Non-Contiguous Random,32,3,8,1,1,1,1,1.0,1.0,0.85,0.7,0.5,1,-4.145740296664785e-06,5.0282,18.7811,3.74,50,xenium_human_lung_cancer,7-12 genes
Non-Contiguous Random,32,4,9,1,1,1,1,1.0,0.7,0.65,0.5,0.45,1,1.220176517963134e-06,4.8334,18.8746,3.91,50,xenium_human_lung_cancer,7-12 genes
Non-Contiguous Random,33,0,9,0,0,0,0,0.0,0.1,0.35,0.54,0.5,6,0.01212,5.408,19.2976,3.57,50,xenium_human_lung_cancer,7-12 genes
Non-Contiguous Random,33,1,16,1,1,1,1,0.8,0.9,0.9,0.68,0.42,1,2.522277831928932e-06,7.9808,27.857,3.49,50,xenium_human_lung_cancer,13-16 genes
Non-Contiguous Random,33,2,16,1,1,1,1,1.0,1.0,0.95,0.86,0.49,1,1.5609121322701649e-06,7.4897,27.7815,3.71,50,xenium_human_lung_cancer,13-16 genes
Non-Contiguous Random,33,3,14,1,1,1,1,1.0,1.0,0.85,0.64,0.39,1,-2.2830172742294152e-06,6.7619,24.5786,3.63,50,xenium_human_lung_cancer,13-16 genes
Non-Contiguous Random,33,4,5,1,1,1,1,0.6,0.5,0.4,0.32,0.31,1,0.0,3.7287,16.607,4.45,50,xenium_human_lung_cancer,<=6 genes
Non-Contiguous Random,34,0,19,1,1,1,1,1.0,0.8,0.6,0.66,0.48,1,4.871601658962277e-06,9.4597,38.1463,4.03,50,xenium_human_lung_cancer,>16 genes
Non-Contiguous Random,34,1,19,1,1,1,1,1.0,1.0,0.55,0.48,0.46,1,2.730232481207296e-06,8.9286,36.3798,4.07,50,xenium_human_lung_cancer,>16 genes
Non-Contiguous Random,34,2,10,1,1,1,1,1.0,1.0,0.95,0.8,0.45,1,0.0,6.0231,20.9085,3.47,50,xenium_human_lung_cancer,7-12 genes
Non-Contiguous Random,34,3,22,1,1,1,1,1.0,0.9,0.65,0.5,0.47,1,-2.928478962882508e-06,9.8301,46.5259,4.73,50,xenium_human_lung_cancer,>16 genes
Non-Contiguous Random,34,4,23,1,1,1,1,1.0,0.7,0.5,0.7,0.46,1,4.161832947380262e-06,10.0775,50.0756,4.97,50,xenium_human_lung_cancer,>16 genes
Non-Contiguous Random,35,0,10,1,1,1,1,0.0,0.0,0.1,0.16,0.17,1,0.0,5.711,20.4311,3.58,50,xenium_human_lung_cancer,7-12 genes
Non-Contiguous Random,35,1,9,1,1,1,1,1.0,1.0,1.0,0.96,0.5,1,0.0,5.2596,18.9837,3.61,50,xenium_human_lung_cancer,7-12 genes
Non-Contiguous Random,35,2,17,1,1,1,1,1.0,1.0,0.95,0.84,0.48,1,4.795834623649853e-06,8.7408,29.7519,3.4,50,xenium_human_lung_cancer,>16 genes
Non-Contiguous Random,35,3,13,1,1,1,1,1.0,1.0,1.0,0.88,0.47,1,-2.6581647983537834e-06,6.2278,23.2583,3.73,50,xenium_human_lung_cancer,13-16 genes
Non-Contiguous Random,35,4,19,1,1,1,1,0.8,1.0,0.65,0.66,0.49,1,-1.1746813299851055e-08,9.012,35.7185,3.96,50,xenium_human_lung_cancer,>16 genes
Non-Contiguous Random,36,0,19,1,1,1,1,1.0,1.0,1.0,0.84,0.42,1,4.70457759609022e-06,9.135,34.1753,3.74,50,xenium_human_lung_cancer,>16 genes
Non-Contiguous Random,36,1,5,1,1,1,1,0.2,0.4,0.5,0.6,0.5,1,0.0,3.6518,16.6772,4.57,50,xenium_human_lung_cancer,<=6 genes
Non-Contiguous Random,36,2,21,1,1,1,1,1.0,1.0,1.0,0.7,0.35,1,3.036280026541549e-06,10.0849,37.3635,3.7,50,xenium_human_lung_cancer,>16 genes
Non-Contiguous Random,36,3,14,1,1,1,1,1.0,1.0,1.0,0.58,0.3,1,0.0,7.4236,25.0201,3.37,50,xenium_human_lung_cancer,13-16 genes
Non-Contiguous Random,36,4,15,1,1,1,1,1.0,1.0,0.95,0.52,0.33,1,0.0,7.837,26.2044,3.34,50,xenium_human_lung_cancer,13-16 genes
Non-Contiguous Random,37,0,9,1,1,1,1,1.0,1.0,1.0,0.88,0.44,1,1.0762023925784197e-06,5.7357,19.9169,3.47,50,xenium_human_lung_cancer,7-12 genes
Non-Contiguous Random,37,1,22,1,1,1,1,1.0,1.0,1.0,0.7,0.43,1,-3.892134007088544e-06,9.9509,42.2802,4.25,50,xenium_human_lung_cancer,>16 genes
Non-Contiguous Random,37,2,16,1,1,1,1,1.0,1.0,0.75,0.68,0.5,1,-2.00660705562683e-06,8.2333,26.9031,3.27,50,xenium_human_lung_cancer,13-16 genes
Non-Contiguous Random,37,3,8,1,1,1,1,1.0,1.0,1.0,0.8,0.4,1,0.0,4.732,18.6383,3.94,50,xenium_human_lung_cancer,7-12 genes
Non-Contiguous Random,37,4,11,1,1,1,1,1.0,1.0,1.0,0.86,0.44,1,-3.298588332367736e-06,6.3756,21.0282,3.3,50,xenium_human_lung_cancer,7-12 genes
Non-Contiguous Random,38,0,20,1,1,1,1,1.0,1.0,0.8,0.66,0.46,1,-4.713081803497943e-06,9.5847,36.2573,3.78,50,xenium_human_lung_cancer,>16 genes
Non-Contiguous Random,38,1,16,1,1,1,1,1.0,0.9,1.0,0.94,0.49,1,-2.4552154540558035e-06,7.5868,27.3918,3.61,50,xenium_human_lung_cancer,13-16 genes
Non-Contiguous Random,38,2,16,1,1,1,1,1.0,0.9,0.9,0.82,0.47,1,4.355874061584553e-06,8.2476,28.0324,3.4,50,xenium_human_lung_cancer,13-16 genes
Non-Contiguous Random,38,3,18,1,1,1,1,1.0,1.0,1.0,0.6,0.41,1,-1.2750394682292665e-06,8.7782,33.9039,3.86,50,xenium_human_lung_cancer,>16 genes
Non-Contiguous Random,38,4,20,1,1,1,1,1.0,1.0,0.8,0.68,0.46,1,-4.713081803497943e-06,9.4547,37.9405,4.01,50,xenium_human_lung_cancer,>16 genes
Non-Contiguous Random,39,0,7,1,1,1,1,0.8,0.7,0.55,0.46,0.42,1,-1.1070767183679608e-06,4.8418,18.7093,3.86,50,xenium_human_lung_cancer,7-12 genes
Non-Contiguous Random,39,1,8,1,1,1,1,0.0,0.0,0.0,0.0,0.02,1,0.0,4.5746,18.3256,4.01,50,xenium_human_lung_cancer,7-12 genes
Non-Contiguous Random,39,2,16,1,1,1,1,1.0,1.0,0.9,0.76,0.48,1,-9.166145324701612e-07,8.0028,28.2183,3.53,50,xenium_human_lung_cancer,13-16 genes
Non-Contiguous Random,39,3,5,1,1,1,1,0.0,0.0,0.0,0.0,0.02,1,0.0,3.4291,16.7607,4.89,50,xenium_human_lung_cancer,<=6 genes
Non-Contiguous Random,39,4,17,1,1,1,1,1.0,1.0,1.0,0.66,0.44,1,2.244281906073342e-06,7.7453,28.9474,3.74,50,xenium_human_lung_cancer,>16 genes
Non-Contiguous Random,40,0,19,1,1,1,1,1.0,1.0,0.75,0.58,0.36,1,-4.676041488238525e-06,9.8562,34.4943,3.5,50,xenium_human_lung_cancer,>16 genes
Non-Contiguous Random,40,1,10,1,1,1,1,1.0,1.0,1.0,0.86,0.5,1,2.894226163618896e-06,5.8711,20.4691,3.49,50,xenium_human_lung_cancer,7-12 genes
Non-Contiguous Random,40,2,20,1,1,1,1,1.0,1.0,0.9,0.72,0.43,1,1.5633472481013655e-06,9.439,35.5004,3.76,50,xenium_human_lung_cancer,>16 genes
Non-Contiguous Random,40,3,6,1,1,1,1,1.0,1.0,1.0,0.58,0.32,1,1.4540616452233396e-06,4.0852,17.3523,4.25,50,xenium_human_lung_cancer,<=6 genes
Non-Contiguous Random,40,4,13,1,1,1,1,1.0,1.0,1.0,0.76,0.45,1,3.84338196335321e-06,7.1477,24.3468,3.41,50,xenium_human_lung_cancer,13-16 genes
Non-Contiguous Random,41,0,7,1,1,1,1,1.0,1.0,1.0,0.7,0.36,1,4.733961356782196e-06,4.9428,19.0578,3.86,50,xenium_human_lung_cancer,7-12 genes
Non-Contiguous Random,41,1,16,1,1,1,1,1.0,1.0,1.0,0.82,0.46,1,-4.266891479698387e-06,7.7684,26.9234,3.47,50,xenium_human_lung_cancer,13-16 genes
Non-Contiguous Random,41,2,16,1,1,1,1,1.0,1.0,1.0,0.76,0.46,1,-7.110595703352374e-07,8.0743,27.7642,3.44,50,xenium_human_lung_cancer,13-16 genes
Non-Contiguous Random,41,3,7,1,1,1,1,1.0,1.0,1.0,0.62,0.31,1,-4.226154987366226e-06,4.5175,18.0767,4.0,50,xenium_human_lung_cancer,7-12 genes
Non-Contiguous Random,41,4,11,1,1,1,1,1.0,1.0,1.0,0.82,0.46,1,-3.7192922954787377e-06,6.4754,21.8827,3.38,50,xenium_human_lung_cancer,7-12 genes
Non-Contiguous Random,42,0,9,1,1,1,1,0.6,0.7,0.8,0.68,0.5,1,1.6440836588544475e-06,5.3714,19.4977,3.63,50,xenium_human_lung_cancer,7-12 genes
Non-Contiguous Random,42,1,13,1,1,1,1,1.0,1.0,0.95,0.86,0.5,1,-1.66191712347441e-06,7.4617,24.4024,3.27,50,xenium_human_lung_cancer,13-16 genes
Non-Contiguous Random,42,2,19,1,1,1,1,1.0,1.0,1.0,0.82,0.46,1,-9.720966773762996e-07,9.4514,33.2875,3.52,50,xenium_human_lung_cancer,>16 genes
Non-Contiguous Random,42,3,17,1,1,1,1,1.0,1.0,0.95,0.8,0.43,1,4.143859536398509e-06,8.6729,30.5305,3.52,50,xenium_human_lung_cancer,>16 genes
Non-Contiguous Random,42,4,7,1,1,1,1,0.0,0.0,0.0,0.2,0.16,1,0.0,4.7351,18.1579,3.83,50,xenium_human_lung_cancer,7-12 genes
Non-Contiguous Random,43,0,16,1,1,1,1,0.8,0.8,0.9,0.6,0.4,1,-4.214935302560008e-06,8.6024,28.8456,3.35,50,xenium_human_lung_cancer,13-16 genes
Non-Contiguous Random,43,1,11,1,1,1,1,1.0,1.0,1.0,0.96,0.49,1,-4.453652947749871e-06,6.2194,21.5426,3.46,50,xenium_human_lung_cancer,7-12 genes
Non-Contiguous Random,43,2,21,1,1,1,1,1.0,1.0,0.75,0.68,0.45,1,7.474135661489356e-07,9.8996,37.7881,3.82,50,xenium_human_lung_cancer,>16 genes
Non-Contiguous Random,43,3,22,1,1,1,1,1.0,1.0,0.7,0.46,0.33,1,2.423429467324212e-06,9.1015,42.3158,4.65,50,xenium_human_lung_cancer,>16 genes
Non-Contiguous Random,43,4,9,1,1,1,1,1.0,1.0,0.9,0.5,0.4,1,2.430386344592049e-06,5.8577,20.0262,3.42,50,xenium_human_lung_cancer,7-12 genes
Non-Contiguous Random,44,0,12,1,1,1,1,1.0,1.0,0.95,0.88,0.48,1,-4.26188144275752e-07,6.0132,22.0931,3.67,50,xenium_human_lung_cancer,7-12 genes
Non-Contiguous Random,44,1,14,1,1,1,1,1.0,0.9,0.95,0.9,0.46,1,3.0679688429735563e-06,7.1067,25.125,3.54,50,xenium_human_lung_cancer,13-16 genes
Non-Contiguous Random,44,2,8,1,1,1,1,1.0,0.9,0.95,0.8,0.5,1,-2.0704096628798574e-06,4.8645,18.461,3.8,50,xenium_human_lung_cancer,7-12 genes
Non-Contiguous Random,44,3,17,1,1,1,1,0.8,0.9,0.75,0.64,0.4,1,-4.387077057188549e-08,8.8284,29.9876,3.4,50,xenium_human_lung_cancer,>16 genes
Non-Contiguous Random,44,4,7,1,1,1,1,0.8,0.8,0.75,0.62,0.31,1,3.7452402024129583e-06,4.3067,17.8152,4.14,50,xenium_human_lung_cancer,7-12 genes
Non-Contiguous Random,45,0,5,1,1,1,1,0.4,0.4,0.4,0.4,0.3,1,0.0,3.8519,17.3647,4.51,50,xenium_human_lung_cancer,<=6 genes
Non-Contiguous Random,45,1,9,1,1,1,1,1.0,1.0,0.95,0.5,0.33,1,-3.711207310359843e-06,5.4975,19.4535,3.54,50,xenium_human_lung_cancer,7-12 genes
Non-Contiguous Random,45,2,16,1,1,1,1,1.0,1.0,0.8,0.66,0.47,1,4.1933441163877205e-06,8.5576,27.5797,3.22,50,xenium_human_lung_cancer,13-16 genes
Non-Contiguous Random,45,3,12,1,1,1,1,0.8,1.0,1.0,0.92,0.46,1,0.0,6.1738,21.8726,3.54,50,xenium_human_lung_cancer,7-12 genes
Non-Contiguous Random,45,4,9,1,1,1,1,1.0,1.0,1.0,0.82,0.44,1,-3.8913361231490695e-06,5.6073,19.0764,3.4,50,xenium_human_lung_cancer,7-12 genes
Non-Contiguous Random,46,0,8,1,1,1,1,1.0,1.0,1.0,0.86,0.43,1,-3.782968731158576e-06,4.8609,18.8231,3.87,50,xenium_human_lung_cancer,7-12 genes
Non-Contiguous Random,46,1,19,1,1,1,1,1.0,1.0,1.0,0.88,0.49,1,-4.560967954425621e-07,9.5635,33.4965,3.5,50,xenium_human_lung_cancer,>16 genes
Non-Contiguous Random,46,2,4,1,1,1,1,1.0,1.0,1.0,0.66,0.4,1,3.556485176081648e-06,3.3911,16.0324,4.73,50,xenium_human_lung_cancer,<=6 genes
Non-Contiguous Random,46,3,6,1,1,1,1,1.0,1.0,0.95,0.58,0.37,1,-2.5059181140915654e-06,3.8626,17.0112,4.4,50,xenium_human_lung_cancer,<=6 genes
Non-Contiguous Random,46,4,10,1,1,1,1,1.0,1.0,1.0,0.9,0.48,1,3.199933506614628e-06,5.9926,20.5297,3.43,50,xenium_human_lung_cancer,7-12 genes
Non-Contiguous Random,47,0,6,1,1,1,1,0.0,0.0,0.0,0.02,0.11,1,0.0,4.2672,17.8102,4.17,50,xenium_human_lung_cancer,<=6 genes
Non-Contiguous Random,47,1,6,1,1,1,1,1.0,1.0,0.7,0.64,0.48,1,-3.7403743853303695e-06,4.2821,17.5139,4.09,50,xenium_human_lung_cancer,<=6 genes
Non-Contiguous Random,47,2,16,1,1,1,1,1.0,1.0,0.9,0.74,0.45,1,-2.888183593618976e-06,7.7354,27.0042,3.49,50,xenium_human_lung_cancer,13-16 genes
Non-Contiguous Random,47,3,10,1,1,1,1,1.0,0.8,0.6,0.6,0.38,1,3.096096444308444e-07,5.1059,19.5115,3.82,50,xenium_human_lung_cancer,7-12 genes
Non-Contiguous Random,47,4,18,1,1,1,1,1.0,1.0,1.0,0.76,0.46,1,9.715169220214648e-07,9.0577,31.4737,3.47,50,xenium_human_lung_cancer,>16 genes
Non-Contiguous Random,48,0,20,1,1,1,1,1.0,1.0,1.0,0.56,0.33,1,-3.014098948206368e-07,8.399,35.057,4.17,50,xenium_human_lung_cancer,>16 genes
Non-Contiguous Random,48,1,6,0,0,0,0,0.4,0.4,0.4,0.48,0.38,2,0.0052,4.0957,17.2617,4.21,50,xenium_human_lung_cancer,<=6 genes
Non-Contiguous Random,48,2,8,1,1,1,1,1.0,1.0,1.0,0.72,0.47,1,-2.9528869434081173e-06,5.3713,18.7464,3.49,50,xenium_human_lung_cancer,7-12 genes
Non-Contiguous Random,48,3,14,1,1,1,1,1.0,1.0,1.0,0.54,0.28,1,-3.2772647941339828e-06,6.7374,24.6083,3.65,50,xenium_human_lung_cancer,13-16 genes
Non-Contiguous Random,48,4,14,1,1,1,1,1.0,1.0,1.0,0.88,0.48,1,-2.36403273340402e-06,7.3037,24.7281,3.39,50,xenium_human_lung_cancer,13-16 genes
Non-Contiguous Random,49,0,18,1,1,1,1,0.6,0.5,0.7,0.72,0.49,1,3.362801271195037e-06,8.6705,37.1538,4.29,50,xenium_human_lung_cancer,>16 genes
Non-Contiguous Random,49,1,18,1,1,1,1,1.0,0.9,0.6,0.62,0.48,1,4.4752624070443225e-06,8.6557,31.8339,3.68,50,xenium_human_lung_cancer,>16 genes
Non-Contiguous Random,49,2,17,1,1,1,1,1.0,0.9,0.5,0.46,0.47,1,-2.849995187396981e-06,8.4634,31.0921,3.67,50,xenium_human_lung_cancer,>16 genes
Non-Contiguous Random,49,3,7,1,1,1,1,0.0,0.0,0.0,0.06,0.11,1,0.0,4.6875,18.446,3.94,50,xenium_human_lung_cancer,7-12 genes
Non-Contiguous Random,49,4,10,1,1,1,1,0.0,0.1,0.05,0.4,0.37,1,0.0,5.9365,21.7324,3.66,50,xenium_human_lung_cancer,7-12 genes
Contiguous Random,0,0,8,1,1,1,1,1.0,1.0,1.0,0.92,0.46,1,-4.511433149806399e-06,26.6572,103.4013,3.88,50,xenium_human_lymph_node_5k,7-12 genes
Contiguous Random,0,1,13,1,1,1,1,1.0,1.0,1.0,0.94,0.5,1,4.553621659519891e-06,42.406,169.4463,4.0,50,xenium_human_lymph_node_5k,13-16 genes
Contiguous Random,0,2,12,1,1,1,1,1.0,1.0,0.95,0.86,0.47,1,-3.0638969666929583e-06,38.5611,148.961,3.86,50,xenium_human_lymph_node_5k,7-12 genes
Contiguous Random,0,3,8,1,1,1,1,0.8,0.4,0.35,0.3,0.27,1,-4.199302670260252e-06,27.3674,116.1202,4.24,50,xenium_human_lymph_node_5k,7-12 genes
Contiguous Random,0,4,22,1,1,1,1,1.0,1.0,0.95,0.7,0.45,1,2.6769235044188378e-06,55.9666,323.3792,5.78,50,xenium_human_lymph_node_5k,>16 genes
Contiguous Random,1,0,23,1,1,1,1,1.0,1.0,0.9,0.66,0.42,1,-2.507408805030309e-06,67.3652,414.8823,6.16,50,xenium_human_lymph_node_5k,>16 genes
Contiguous Random,1,1,6,1,1,1,1,1.0,0.8,0.85,0.84,0.5,1,-2.74193390620292e-06,24.9632,109.8509,4.4,50,xenium_human_lymph_node_5k,<=6 genes
Contiguous Random,1,2,7,1,1,1,1,1.0,1.0,0.85,0.42,0.26,1,-3.253572178119057e-06,27.5743,104.1724,3.78,50,xenium_human_lymph_node_5k,7-12 genes
Contiguous Random,1,3,12,1,1,1,1,0.8,0.9,0.8,0.68,0.42,1,-2.5712144655631874e-06,39.7388,168.1182,4.23,50,xenium_human_lymph_node_5k,7-12 genes
Contiguous Random,1,4,5,1,1,1,1,0.8,0.9,0.85,0.8,0.48,1,-2.170866034822972e-06,19.4122,99.2668,5.11,50,xenium_human_lymph_node_5k,<=6 genes
Contiguous Random,2,0,11,1,1,1,1,1.0,0.9,0.8,0.84,0.43,1,-4.014800991991585e-06,38.0118,145.6271,3.83,50,xenium_human_lymph_node_5k,7-12 genes
Contiguous Random,2,1,22,1,1,1,1,1.0,1.0,0.95,0.68,0.45,1,-2.083620938453379e-06,67.7448,314.4525,4.64,50,xenium_human_lymph_node_5k,>16 genes
Contiguous Random,2,2,12,1,1,1,1,1.0,1.0,0.8,0.6,0.42,1,1.3162622773954524e-06,40.6836,151.5176,3.72,50,xenium_human_lymph_node_5k,7-12 genes
Contiguous Random,2,3,23,1,1,1,1,1.0,1.0,0.9,0.62,0.4,1,4.7247944561235045e-06,67.2173,328.5217,4.89,50,xenium_human_lymph_node_5k,>16 genes
Contiguous Random,2,4,5,1,1,1,1,1.0,0.9,0.8,0.78,0.5,1,-1.497054829668193e-07,20.8237,86.758,4.17,50,xenium_human_lymph_node_5k,<=6 genes
Contiguous Random,3,0,18,0,0,0,0,0.4,0.5,0.6,0.52,0.44,2,0.0580207904571222,58.3854,261.9902,4.49,50,xenium_human_lymph_node_5k,>16 genes
Contiguous Random,3,1,13,0,0,0,0,0.0,0.1,0.15,0.18,0.19,7,0.0211363254978271,46.4738,161.2974,3.47,50,xenium_human_lymph_node_5k,13-16 genes
Contiguous Random,3,2,11,0,0,0,0,0.0,0.0,0.1,0.08,0.08,13,0.1296531706333407,41.949,144.3823,3.44,50,xenium_human_lymph_node_5k,7-12 genes
Contiguous Random,3,3,8,0,0,0,0,0.0,0.0,0.2,0.4,0.35,11,0.2456294868111147,28.6733,102.0605,3.56,50,xenium_human_lymph_node_5k,7-12 genes
Contiguous Random,3,4,17,0,0,0,0,0.6,0.6,0.7,0.66,0.49,2,0.1441872629079171,48.8922,210.7363,4.31,50,xenium_human_lymph_node_5k,>16 genes
Contiguous Random,4,0,9,0,0,0,0,0.2,0.3,0.3,0.3,0.21,3,0.0408306892649332,34.6512,122.2192,3.53,50,xenium_human_lymph_node_5k,7-12 genes
Contiguous Random,4,1,9,1,1,1,1,0.6,0.4,0.45,0.34,0.27,1,1.6224670410514008e-06,34.0603,118.9155,3.49,50,xenium_human_lymph_node_5k,7-12 genes
Contiguous Random,4,2,8,1,1,1,1,1.0,1.0,1.0,0.78,0.48,1,-4.796275875129652e-06,26.2816,99.8565,3.8,50,xenium_human_lymph_node_5k,7-12 genes
Contiguous Random,4,3,15,1,1,1,1,1.0,1.0,1.0,0.78,0.5,1,-4.299304472432652e-06,48.3285,181.8261,3.76,50,xenium_human_lymph_node_5k,13-16 genes
Contiguous Random,4,4,12,1,1,1,1,1.0,1.0,1.0,0.76,0.5,1,-3.329773481386411e-06,39.825,140.1186,3.52,50,xenium_human_lymph_node_5k,7-12 genes
Contiguous Random,5,0,10,1,1,1,1,1.0,1.0,1.0,0.7,0.44,1,-1.1232993110121825e-06,33.4805,119.7962,3.58,50,xenium_human_lymph_node_5k,7-12 genes
Contiguous Random,5,1,12,1,1,1,1,1.0,1.0,1.0,0.7,0.41,1,1.182104274355389e-06,44.7431,149.8243,3.35,50,xenium_human_lymph_node_5k,7-12 genes
Contiguous Random,5,2,14,1,1,1,1,1.0,1.0,1.0,0.74,0.44,1,-3.584235068743169e-06,52.5156,172.2825,3.28,50,xenium_human_lymph_node_5k,13-16 genes
Contiguous Random,5,3,13,1,1,1,1,1.0,1.0,1.0,0.78,0.44,1,-3.975477925521886e-06,45.27,152.5945,3.37,50,xenium_human_lymph_node_5k,13-16 genes
Contiguous Random,5,4,15,1,1,1,1,1.0,1.0,1.0,0.76,0.45,1,4.3004429386428455e-06,51.5403,182.4399,3.54,50,xenium_human_lymph_node_5k,13-16 genes
Contiguous Random,6,0,6,1,1,1,1,0.2,0.1,0.1,0.22,0.18,1,3.360825797327216e-06,24.8388,97.1408,3.91,50,xenium_human_lymph_node_5k,<=6 genes
Contiguous Random,6,1,14,1,1,1,1,1.0,1.0,1.0,0.76,0.48,1,3.794960798830793e-06,44.9995,176.5626,3.92,50,xenium_human_lymph_node_5k,13-16 genes
Contiguous Random,6,2,12,1,1,1,1,1.0,1.0,1.0,0.78,0.48,1,3.332042758485976e-06,39.1126,145.0389,3.71,50,xenium_human_lymph_node_5k,7-12 genes
Contiguous Random,6,3,17,0,0,0,0,0.8,0.9,0.95,0.8,0.47,2,0.0340358426106421,50.561,234.4781,4.64,50,xenium_human_lymph_node_5k,>16 genes
Contiguous Random,6,4,19,1,1,1,1,0.8,0.9,0.95,0.82,0.48,1,2.4312920576807784e-07,56.0303,337.1708,6.02,50,xenium_human_lymph_node_5k,>16 genes
Contiguous Random,7,0,6,1,1,1,1,1.0,0.9,0.8,0.5,0.32,1,-3.479549238710744e-06,27.6863,99.8695,3.61,50,xenium_human_lymph_node_5k,<=6 genes
Contiguous Random,7,1,9,0,0,0,0,0.8,0.7,0.55,0.54,0.4,2,0.0450555511474609,34.1354,114.4681,3.35,50,xenium_human_lymph_node_5k,7-12 genes
Contiguous Random,7,2,14,0,0,0,0,0.4,0.5,0.65,0.76,0.49,3,0.0739807726591537,49.7322,172.805,3.47,50,xenium_human_lymph_node_5k,13-16 genes
Contiguous Random,7,3,15,1,1,1,1,1.0,1.0,1.0,0.74,0.46,1,-4.759674647747403e-07,48.6221,183.1996,3.77,50,xenium_human_lymph_node_5k,13-16 genes
Contiguous Random,7,4,13,0,0,0,0,0.4,0.5,0.65,0.74,0.49,3,0.0767816793123522,44.87,164.1442,3.66,50,xenium_human_lymph_node_5k,13-16 genes
Contiguous Random,8,0,6,1,1,1,1,0.6,0.8,0.75,0.58,0.4,1,-4.983930270707759e-06,27.1524,99.8245,3.68,50,xenium_human_lymph_node_5k,<=6 genes
Contiguous Random,8,1,15,1,1,1,1,1.0,1.0,1.0,0.88,0.49,1,-4.051234315682883e-06,53.6041,182.7774,3.41,50,xenium_human_lymph_node_5k,13-16 genes
Contiguous Random,8,2,6,1,1,1,1,1.0,1.0,0.95,0.74,0.46,1,4.11155566826249e-06,26.2919,96.4464,3.67,50,xenium_human_lymph_node_5k,<=6 genes
Contiguous Random,8,3,10,1,1,1,1,1.0,0.9,0.85,0.78,0.49,1,4.2200952895532495e-06,38.8799,126.2217,3.25,50,xenium_human_lymph_node_5k,7-12 genes
Contiguous Random,8,4,14,1,1,1,1,1.0,1.0,1.0,0.88,0.49,1,4.712246365445871e-06,47.7441,168.6096,3.53,50,xenium_human_lymph_node_5k,13-16 genes
Contiguous Random,9,0,14,1,1,1,1,1.0,0.9,0.8,0.84,0.46,1,-4.760793921310125e-06,49.2978,174.1263,3.53,50,xenium_human_lymph_node_5k,13-16 genes
Contiguous Random,9,1,4,1,1,1,1,0.6,0.5,0.5,0.5,0.38,1,0.0,19.6798,79.7689,4.05,50,xenium_human_lymph_node_5k,<=6 genes
Contiguous Random,9,2,4,1,1,1,1,0.6,0.7,0.8,0.76,0.49,1,-1.8624949455203763e-06,18.6794,80.0523,4.29,50,xenium_human_lymph_node_5k,<=6 genes
Contiguous Random,9,3,10,1,1,1,1,1.0,0.8,0.75,0.78,0.5,1,-1.8178090102072275e-06,38.5472,123.0092,3.19,50,xenium_human_lymph_node_5k,7-12 genes
Contiguous Random,9,4,5,1,1,1,1,1.0,1.0,1.0,0.76,0.48,1,-2.708117916666586e-06,22.1819,84.8263,3.82,50,xenium_human_lymph_node_5k,<=6 genes
Contiguous Random,10,0,24,1,1,1,1,1.0,1.0,0.8,0.5,0.34,1,-3.32582523832059e-06,79.3406,461.2568,5.81,50,xenium_human_lymph_node_5k,>16 genes
Contiguous Random,10,1,16,1,1,1,1,0.8,0.9,0.8,0.58,0.35,1,2.218475341653204e-06,52.3703,212.8447,4.06,50,xenium_human_lymph_node_5k,13-16 genes
Contiguous Random,10,2,26,1,1,1,1,1.0,1.0,0.95,0.58,0.36,1,3.37947485551382e-07,81.1301,428.1562,5.28,50,xenium_human_lymph_node_5k,>16 genes
Contiguous Random,10,3,18,1,1,1,1,1.0,1.0,0.9,0.6,0.37,1,3.2418047011262274e-06,55.914,258.1446,4.62,50,xenium_human_lymph_node_5k,>16 genes
Contiguous Random,10,4,10,1,1,1,1,1.0,0.9,0.9,0.7,0.39,1,-1.4056560604380766e-07,34.9556,131.781,3.77,50,xenium_human_lymph_node_5k,7-12 genes
Contiguous Random,11,0,9,0,0,0,0,0.8,0.8,0.9,0.7,0.49,2,0.0059123662058512,34.1989,118.1076,3.45,50,xenium_human_lymph_node_5k,7-12 genes
Contiguous Random,11,1,13,1,1,1,1,1.0,0.6,0.5,0.36,0.26,1,4.997767101388995e-06,48.9172,175.1689,3.58,50,xenium_human_lymph_node_5k,13-16 genes
Contiguous Random,11,2,17,1,1,1,1,1.0,0.9,0.65,0.44,0.31,1,-4.505797091436392e-06,56.4945,228.5191,4.04,50,xenium_human_lymph_node_5k,>16 genes
Contiguous Random,11,3,12,1,1,1,1,1.0,1.0,1.0,0.88,0.5,1,3.777462908471918e-06,42.8096,149.5922,3.49,50,xenium_human_lymph_node_5k,7-12 genes
Contiguous Random,11,4,20,1,1,1,1,1.0,0.8,0.55,0.4,0.33,1,-3.231152883031996e-06,59.6838,276.1852,4.63,50,xenium_human_lymph_node_5k,>16 genes
Contiguous Random,12,0,6,1,1,1,1,1.0,0.6,0.6,0.56,0.45,1,1.2636263681531368e-06,25.3723,114.2727,4.5,50,xenium_human_lymph_node_5k,<=6 genes
Contiguous Random,12,1,9,1,1,1,1,0.8,0.6,0.7,0.46,0.37,1,-8.884429931743654e-07,33.2344,128.0905,3.85,50,xenium_human_lymph_node_5k,7-12 genes
Contiguous Random,12,2,10,1,1,1,1,0.6,0.5,0.25,0.22,0.2,1,2.3879241360935666e-06,34.9276,136.7661,3.92,50,xenium_human_lymph_node_5k,7-12 genes
Contiguous Random,12,3,18,1,1,1,1,1.0,0.9,0.95,0.74,0.44,1,-2.096710077559294e-06,55.7129,274.4247,4.93,50,xenium_human_lymph_node_5k,>16 genes
Contiguous Random,12,4,7,0,0,0,0,0.6,0.4,0.25,0.18,0.17,2,0.0257283575434729,26.8571,104.3255,3.88,50,xenium_human_lymph_node_5k,7-12 genes
Contiguous Random,13,0,17,1,1,1,1,0.8,0.8,0.8,0.58,0.37,1,-3.4266017339135142e-06,53.1871,228.8328,4.3,50,xenium_human_lymph_node_5k,>16 genes
Contiguous Random,13,1,19,1,1,1,1,0.8,0.8,0.8,0.52,0.38,1,4.375447426596679e-06,58.0412,266.1576,4.59,50,xenium_human_lymph_node_5k,>16 genes
Contiguous Random,13,2,13,1,1,1,1,0.6,0.8,0.9,0.66,0.4,1,-3.5392782138377044e-06,42.0232,167.1387,3.98,50,xenium_human_lymph_node_5k,13-16 genes
Contiguous Random,13,3,5,1,1,1,1,0.8,1.0,1.0,0.94,0.5,1,0.0,22.0427,92.317,4.19,50,xenium_human_lymph_node_5k,<=6 genes
Contiguous Random,13,4,22,1,1,1,1,0.6,0.6,0.65,0.46,0.32,1,3.533048465786948e-06,67.8015,390.9385,5.77,50,xenium_human_lymph_node_5k,>16 genes
Contiguous Random,14,0,14,1,1,1,1,1.0,1.0,0.8,0.74,0.45,1,-4.727146619587508e-06,49.0009,174.4047,3.56,50,xenium_human_lymph_node_5k,13-16 genes
Contiguous Random,14,1,5,1,1,1,1,1.0,1.0,0.95,0.74,0.49,1,-2.1149054019731217e-06,21.1822,85.3991,4.03,50,xenium_human_lymph_node_5k,<=6 genes
Contiguous Random,14,2,10,1,1,1,1,1.0,0.9,0.8,0.76,0.46,1,2.1945004001211466e-06,36.1699,121.9678,3.37,50,xenium_human_lymph_node_5k,7-12 genes
Contiguous Random,14,3,11,1,1,1,1,1.0,0.9,0.75,0.68,0.39,1,1.9499678233225737e-06,35.994,131.476,3.65,50,xenium_human_lymph_node_5k,7-12 genes
Contiguous Random,14,4,15,1,1,1,1,1.0,0.8,0.75,0.64,0.4,1,-9.928320463536977e-07,48.0438,183.1292,3.81,50,xenium_human_lymph_node_5k,13-16 genes
Contiguous Random,15,0,12,1,1,1,1,1.0,0.9,0.9,0.9,0.49,1,-2.6111369066939005e-07,46.2051,145.0753,3.14,50,xenium_human_lymph_node_5k,7-12 genes
Contiguous Random,15,1,12,1,1,1,1,1.0,1.0,0.95,0.74,0.46,1,-2.427084742295804e-06,42.1231,140.3538,3.33,50,xenium_human_lymph_node_5k,7-12 genes
Contiguous Random,15,2,14,1,1,1,1,1.0,0.9,0.9,0.92,0.5,1,3.6347696223959503e-06,53.1563,173.4204,3.26,50,xenium_human_lymph_node_5k,13-16 genes
Contiguous Random,15,3,14,1,1,1,1,1.0,1.0,0.95,0.76,0.46,1,-9.677417447395698e-07,48.3481,168.5046,3.49,50,xenium_human_lymph_node_5k,13-16 genes
Contiguous Random,15,4,6,1,1,1,1,0.6,0.7,0.6,0.4,0.26,1,-3.797041543074364e-06,27.1399,95.0678,3.5,50,xenium_human_lymph_node_5k,<=6 genes
Contiguous Random,16,0,10,1,1,1,1,0.6,0.6,0.6,0.36,0.27,1,4.983022010796034e-06,39.5071,137.7055,3.49,50,xenium_human_lymph_node_5k,7-12 genes
Contiguous Random,16,1,5,0,0,0,0,0.4,0.2,0.2,0.24,0.18,2,0.0171879517443812,23.4213,91.7616,3.92,50,xenium_human_lymph_node_5k,<=6 genes
Contiguous Random,16,2,20,1,1,1,1,1.0,1.0,0.8,0.7,0.5,1,-5.855717856162457e-07,59.912,343.3659,5.73,50,xenium_human_lymph_node_5k,>16 genes
Contiguous Random,16,3,8,1,1,1,1,0.2,0.5,0.4,0.42,0.34,1,-1.5559282643962111e-06,33.2401,113.8524,3.43,50,xenium_human_lymph_node_5k,7-12 genes
Contiguous Random,16,4,14,1,1,1,1,1.0,1.0,0.9,0.68,0.42,1,1.5534694502439272e-06,51.0709,173.4417,3.4,50,xenium_human_lymph_node_5k,13-16 genes
Contiguous Random,17,0,6,0,0,0,0,0.8,0.8,0.9,0.92,0.5,2,0.1668327822767693,24.8059,93.2649,3.76,50,xenium_human_lymph_node_5k,<=6 genes
Contiguous Random,17,1,7,1,1,1,1,1.0,1.0,1.0,0.96,0.49,1,4.5103520628364535e-06,26.6951,96.5837,3.62,50,xenium_human_lymph_node_5k,7-12 genes
Contiguous Random,17,2,20,1,1,1,1,1.0,1.0,1.0,0.76,0.5,1,-1.0226529125745287e-06,57.9882,272.2932,4.7,50,xenium_human_lymph_node_5k,>16 genes
Contiguous Random,17,3,9,1,1,1,1,1.0,1.0,1.0,0.84,0.49,1,-3.133405049648985e-06,32.8561,115.7167,3.52,50,xenium_human_lymph_node_5k,7-12 genes
Contiguous Random,17,4,20,1,1,1,1,1.0,1.0,1.0,0.76,0.5,1,-1.0226529125745287e-06,57.8435,272.165,4.71,50,xenium_human_lymph_node_5k,>16 genes
Contiguous Random,18,0,13,1,1,1,1,1.0,0.8,0.65,0.36,0.33,1,-3.09022844569018e-06,48.3498,176.4943,3.65,50,xenium_human_lymph_node_5k,13-16 genes
Contiguous Random,18,1,11,1,1,1,1,0.4,0.6,0.3,0.36,0.25,1,-4.704959444046253e-06,42.1171,148.2764,3.52,50,xenium_human_lymph_node_5k,7-12 genes
Contiguous Random,18,2,11,1,1,1,1,1.0,0.9,0.8,0.62,0.43,1,3.914447201880389e-06,42.1975,144.8605,3.43,50,xenium_human_lymph_node_5k,7-12 genes
Contiguous Random,18,3,17,1,1,1,1,1.0,1.0,1.0,0.96,0.5,1,7.432193270817677e-07,57.4884,226.0471,3.93,50,xenium_human_lymph_node_5k,>16 genes
Contiguous Random,18,4,19,1,1,1,1,1.0,1.0,1.0,0.9,0.47,1,-4.064655606317302e-06,62.3591,262.3626,4.21,50,xenium_human_lymph_node_5k,>16 genes
Contiguous Random,19,0,8,1,1,1,1,1.0,1.0,0.9,0.7,0.44,1,1.2075456607418822e-06,29.4678,110.7042,3.76,50,xenium_human_lymph_node_5k,7-12 genes
Contiguous Random,19,1,12,1,1,1,1,1.0,1.0,0.85,0.8,0.43,1,-3.492125891457753e-06,39.7362,145.0458,3.65,50,xenium_human_lymph_node_5k,7-12 genes
Contiguous Random,19,2,15,1,1,1,1,1.0,0.9,0.75,0.7,0.42,1,-2.026750589467774e-06,44.8255,186.6941,4.16,50,xenium_human_lymph_node_5k,13-16 genes
Contiguous Random,19,3,22,1,1,1,1,0.6,0.7,0.8,0.56,0.39,1,-4.310206862534471e-06,56.8866,320.6076,5.64,50,xenium_human_lymph_node_5k,>16 genes
Contiguous Random,19,4,12,1,1,1,1,1.0,0.9,0.85,0.78,0.42,1,4.1752765259084335e-06,36.8641,140.6931,3.82,50,xenium_human_lymph_node_5k,7-12 genes
Contiguous Random,20,0,5,0,0,0,0,0.0,0.1,0.05,0.08,0.07,9,0.0879317318309872,23.1735,92.3005,3.98,50,xenium_human_lymph_node_5k,<=6 genes
Contiguous Random,20,1,4,0,0,0,0,0.0,0.1,0.05,0.02,0.01,6,0.253558091392517,19.9488,78.7181,3.95,50,xenium_human_lymph_node_5k,<=6 genes
Contiguous Random,20,2,5,1,1,1,1,1.0,1.0,0.95,0.74,0.49,1,-3.797869805061138e-06,19.2038,81.6724,4.25,50,xenium_human_lymph_node_5k,<=6 genes
Contiguous Random,20,3,9,1,1,1,1,1.0,1.0,1.0,0.62,0.36,1,3.8509114581586346e-06,30.9627,108.6398,3.51,50,xenium_human_lymph_node_5k,7-12 genes
Contiguous Random,20,4,12,1,1,1,1,1.0,1.0,1.0,0.86,0.44,1,1.175236912009936e-06,43.9302,144.1311,3.28,50,xenium_human_lymph_node_5k,7-12 genes
Contiguous Random,21,0,8,0,0,0,0,0.2,0.2,0.1,0.08,0.09,2,0.031414810412822,33.8573,134.0666,3.96,50,xenium_human_lymph_node_5k,7-12 genes
Contiguous Random,21,1,7,1,1,1,1,0.4,0.3,0.15,0.12,0.12,1,2.406556448841801e-06,30.0045,105.5047,3.52,50,xenium_human_lymph_node_5k,7-12 genes
Contiguous Random,21,2,6,0,0,0,0,0.0,0.2,0.25,0.2,0.13,8,0.0960630794263852,26.2537,104.4003,3.98,50,xenium_human_lymph_node_5k,<=6 genes
Contiguous Random,21,3,13,1,1,1,1,0.6,0.6,0.6,0.52,0.36,1,4.293790622833527e-06,48.5278,176.0952,3.63,50,xenium_human_lymph_node_5k,13-16 genes
Contiguous Random,21,4,7,0,0,0,0,0.0,0.1,0.05,0.06,0.05,6,0.1153623253311346,29.0259,105.5947,3.64,50,xenium_human_lymph_node_5k,7-12 genes
Contiguous Random,22,0,18,1,1,1,1,1.0,1.0,0.95,0.6,0.4,1,3.393045601374212e-06,60.4007,298.5327,4.94,50,xenium_human_lymph_node_5k,>16 genes
Contiguous Random,22,1,8,1,1,1,1,1.0,1.0,1.0,0.76,0.46,1,3.532686621288139e-06,28.7613,105.415,3.67,50,xenium_human_lymph_node_5k,7-12 genes
Contiguous Random,22,2,18,1,1,1,1,1.0,1.0,0.95,0.62,0.38,1,-5.153867843610271e-07,58.1425,237.853,4.09,50,xenium_human_lymph_node_5k,>16 genes
Contiguous Random,22,3,18,1,1,1,1,1.0,1.0,1.0,0.7,0.4,1,-2.670019443762328e-06,56.9834,243.986,4.28,50,xenium_human_lymph_node_5k,>16 genes
Contiguous Random,22,4,19,1,1,1,1,1.0,0.9,0.9,0.6,0.37,1,4.520131815510808e-06,57.7991,245.8992,4.25,50,xenium_human_lymph_node_5k,>16 genes
Contiguous Random,23,0,26,1,1,1,1,1.0,1.0,1.0,0.74,0.45,1,-1.910231559598685e-07,81.6116,509.0165,6.24,50,xenium_human_lymph_node_5k,>16 genes
Contiguous Random,23,1,7,1,1,1,1,1.0,1.0,1.0,0.88,0.46,1,4.31988089902996e-06,26.2034,127.0118,4.85,50,xenium_human_lymph_node_5k,7-12 genes
Contiguous Random,23,2,16,1,1,1,1,1.0,1.0,1.0,0.86,0.47,1,-1.6601562524698465e-07,54.7451,213.3104,3.9,50,xenium_human_lymph_node_5k,13-16 genes
Contiguous Random,23,3,13,1,1,1,1,1.0,0.9,0.9,0.76,0.44,1,-1.0706979614028e-06,46.2826,165.039,3.57,50,xenium_human_lymph_node_5k,13-16 genes
Contiguous Random,23,4,12,1,1,1,1,1.0,0.9,0.95,0.78,0.47,1,4.809814022094239e-06,42.1483,154.2737,3.66,50,xenium_human_lymph_node_5k,7-12 genes
Contiguous Random,24,0,19,1,1,1,1,1.0,1.0,1.0,0.76,0.48,1,5.658103523487057e-07,61.0367,266.5809,4.37,50,xenium_human_lymph_node_5k,>16 genes
Contiguous Random,24,1,18,1,1,1,1,1.0,1.0,1.0,0.8,0.47,1,-8.172767769210054e-07,58.3594,234.6809,4.02,50,xenium_human_lymph_node_5k,>16 genes
Contiguous Random,24,2,13,1,1,1,1,1.0,1.0,1.0,0.76,0.44,1,-4.023449842183169e-06,43.2518,166.3774,3.85,50,xenium_human_lymph_node_5k,13-16 genes
Contiguous Random,24,3,12,1,1,1,1,1.0,1.0,1.0,0.76,0.48,1,-2.2263510961462174e-06,42.7985,144.3821,3.37,50,xenium_human_lymph_node_5k,7-12 genes
Contiguous Random,24,4,19,1,1,1,1,1.0,0.9,0.85,0.74,0.47,1,-4.8473788560876585e-06,58.6174,267.0243,4.56,50,xenium_human_lymph_node_5k,>16 genes
Contiguous Random,25,0,9,1,1,1,1,1.0,1.0,1.0,0.84,0.46,1,-8.559544881769909e-07,31.9395,111.7308,3.5,50,xenium_human_lymph_node_5k,7-12 genes
Contiguous Random,25,1,26,1,1,1,1,1.0,1.0,1.0,0.76,0.42,1,3.0573580565018688e-06,73.7575,415.6401,5.64,50,xenium_human_lymph_node_5k,>16 genes
Contiguous Random,25,2,8,1,1,1,1,0.2,0.1,0.15,0.12,0.13,1,-1.166236184235725e-06,32.244,113.225,3.51,50,xenium_human_lymph_node_5k,7-12 genes
Contiguous Random,25,3,11,0,0,0,0,0.0,0.1,0.25,0.12,0.14,9,0.0390070958027031,33.6492,152.1478,4.52,50,xenium_human_lymph_node_5k,7-12 genes
Contiguous Random,25,4,21,1,1,1,1,1.0,0.9,0.95,0.88,0.48,1,-4.6664469699475575e-06,64.952,318.6008,4.91,50,xenium_human_lymph_node_5k,>16 genes
Contiguous Random,26,0,11,1,1,1,1,1.0,1.0,0.9,0.68,0.44,1,2.6093033995699955e-06,45.3667,146.8844,3.24,50,xenium_human_lymph_node_5k,7-12 genes
Contiguous Random,26,1,6,1,1,1,1,1.0,1.0,1.0,0.78,0.49,1,-4.48775914718702e-06,24.4886,89.4355,3.65,50,xenium_human_lymph_node_5k,<=6 genes
Contiguous Random,26,2,17,1,1,1,1,1.0,1.0,1.0,0.78,0.49,1,-3.20423638511258e-06,50.008,211.9138,4.24,50,xenium_human_lymph_node_5k,>16 genes
Contiguous Random,26,3,17,1,1,1,1,1.0,1.0,1.0,0.82,0.48,1,-4.244258562824399e-06,56.9402,225.7729,3.97,50,xenium_human_lymph_node_5k,>16 genes
Contiguous Random,26,4,19,1,1,1,1,1.0,1.0,1.0,0.86,0.48,1,2.331361512064589e-06,61.5048,263.5458,4.28,50,xenium_human_lymph_node_5k,>16 genes
Contiguous Random,27,0,10,0,0,0,0,0.4,0.5,0.5,0.38,0.28,3,0.085428388985789,40.6256,137.8529,3.39,50,xenium_human_lymph_node_5k,7-12 genes
Contiguous Random,27,1,14,1,1,1,1,1.0,1.0,0.9,0.7,0.46,1,-1.2121248391672168e-06,47.3662,183.3411,3.87,50,xenium_human_lymph_node_5k,13-16 genes
Contiguous Random,27,2,6,1,1,1,1,1.0,1.0,1.0,0.9,0.47,1,3.3848659335977693e-06,24.419,94.1631,3.86,50,xenium_human_lymph_node_5k,<=6 genes
Contiguous Random,27,3,8,1,1,1,1,1.0,1.0,0.9,0.68,0.47,1,1.6268643582284525e-07,28.8924,108.775,3.76,50,xenium_human_lymph_node_5k,7-12 genes
Contiguous Random,27,4,4,0,0,0,0,0.2,0.1,0.15,0.2,0.2,2,0.0438630017232894,16.8562,81.6176,4.84,50,xenium_human_lymph_node_5k,<=6 genes
Contiguous Random,28,0,15,1,1,1,1,0.4,0.6,0.65,0.64,0.48,1,-1.4625171727011832e-06,50.326,182.439,3.63,50,xenium_human_lymph_node_5k,13-16 genes
Contiguous Random,28,1,15,1,1,1,1,0.4,0.6,0.65,0.64,0.48,1,-1.4625171727011832e-06,48.3458,183.5677,3.8,50,xenium_human_lymph_node_5k,13-16 genes
Contiguous Random,28,2,4,1,1,1,1,0.4,0.6,0.45,0.44,0.3,1,3.222446441686344e-06,16.3239,77.3337,4.74,50,xenium_human_lymph_node_5k,<=6 genes
Contiguous Random,28,3,13,1,1,1,1,0.4,0.7,0.65,0.52,0.42,1,1.549823707147624e-06,45.6615,157.7047,3.45,50,xenium_human_lymph_node_5k,13-16 genes
Contiguous Random,28,4,12,1,1,1,1,0.8,0.6,0.6,0.44,0.36,1,5.133877650775887e-07,41.7275,144.351,3.46,50,xenium_human_lymph_node_5k,7-12 genes
Contiguous Random,29,0,4,1,1,1,1,0.6,0.3,0.2,0.1,0.05,1,-2.7579689025891696e-06,19.8529,82.45,4.15,50,xenium_human_lymph_node_5k,<=6 genes
Contiguous Random,29,1,5,1,1,1,1,1.0,0.9,0.95,0.74,0.45,1,-7.867637815683892e-07,20.9852,85.1806,4.06,50,xenium_human_lymph_node_5k,<=6 genes
Contiguous Random,29,2,5,0,0,0,0,0.4,0.3,0.25,0.18,0.14,3,0.0540084429748218,24.9825,89.1206,3.57,50,xenium_human_lymph_node_5k,<=6 genes
Contiguous Random,29,3,5,0,0,0,0,0.4,0.2,0.25,0.2,0.2,3,0.0687288968837851,23.9692,88.6397,3.7,50,xenium_human_lymph_node_5k,<=6 genes
Contiguous Random,29,4,7,1,1,1,1,0.4,0.3,0.2,0.1,0.07,1,4.3623135725923134e-06,28.2772,105.8005,3.74,50,xenium_human_lymph_node_5k,7-12 genes
Contiguous Random,30,0,8,1,1,1,1,0.2,0.3,0.5,0.42,0.3,1,4.490928454337073e-06,25.55,118.0984,4.62,50,xenium_human_lymph_node_5k,7-12 genes
Contiguous Random,30,1,12,0,0,0,0,0.4,0.4,0.35,0.22,0.22,2,0.0176968728725495,38.9369,164.9747,4.24,50,xenium_human_lymph_node_5k,7-12 genes
Contiguous Random,30,2,6,1,1,1,1,1.0,1.0,1.0,0.86,0.47,1,4.4853388829757534e-06,23.0222,92.0021,4.0,50,xenium_human_lymph_node_5k,<=6 genes
Contiguous Random,30,3,18,1,1,1,1,1.0,0.9,0.9,0.76,0.5,1,3.730946205315888e-07,50.8132,260.9571,5.14,50,xenium_human_lymph_node_5k,>16 genes
Contiguous Random,30,4,21,1,1,1,1,1.0,0.9,0.9,0.82,0.5,1,-4.4961537226662084e-07,58.0467,306.6878,5.28,50,xenium_human_lymph_node_5k,>16 genes
Contiguous Random,31,0,13,1,1,1,1,1.0,0.9,0.95,0.74,0.43,1,-4.042008288518417e-06,42.6371,177.0168,4.15,50,xenium_human_lymph_node_5k,13-16 genes
Contiguous Random,31,1,15,1,1,1,1,1.0,0.9,0.95,0.74,0.43,1,3.0807138449162608e-06,46.7128,197.1917,4.22,50,xenium_human_lymph_node_5k,13-16 genes
Contiguous Random,31,2,13,1,1,1,1,0.8,0.7,0.75,0.7,0.47,1,-4.393665132051972e-06,45.7004,182.9179,4.0,50,xenium_human_lymph_node_5k,13-16 genes
Contiguous Random,31,3,9,0,0,0,0,0.4,0.4,0.4,0.28,0.22,2,0.0076733449045817,30.8431,126.5167,4.1,50,xenium_human_lymph_node_5k,7-12 genes
Contiguous Random,31,4,14,1,1,1,1,1.0,0.9,0.8,0.62,0.44,1,-3.808819344364167e-06,48.0066,194.6592,4.05,50,xenium_human_lymph_node_5k,13-16 genes
Contiguous Random,32,0,15,1,1,1,1,1.0,1.0,0.9,0.74,0.45,1,-1.589678654490001e-06,52.7955,191.7186,3.63,50,xenium_human_lymph_node_5k,13-16 genes
Contiguous Random,32,1,5,1,1,1,1,1.0,1.0,1.0,0.84,0.43,1,3.800320481528452e-06,22.1029,92.0728,4.17,50,xenium_human_lymph_node_5k,<=6 genes
Contiguous Random,32,2,23,1,1,1,1,1.0,0.9,0.9,0.64,0.43,1,8.483571014572533e-07,68.3331,409.8861,6.0,50,xenium_human_lymph_node_5k,>16 genes
Contiguous Random,32,3,7,1,1,1,1,0.6,0.6,0.6,0.6,0.32,1,-3.95544223739247e-06,27.9088,100.6393,3.61,50,xenium_human_lymph_node_5k,7-12 genes
Contiguous Random,32,4,21,1,1,1,1,1.0,0.9,0.95,0.72,0.46,1,1.813731366873128e-06,65.6615,363.363,5.53,50,xenium_human_lymph_node_5k,>16 genes
Contiguous Random,33,0,8,1,1,1,1,1.0,1.0,0.95,0.82,0.48,1,-4.56307400242828e-06,28.7925,108.6196,3.77,50,xenium_human_lymph_node_5k,7-12 genes
Contiguous Random,33,1,6,1,1,1,1,1.0,1.0,1.0,0.72,0.47,1,-1.4765557714013775e-06,24.4889,92.5294,3.78,50,xenium_human_lymph_node_5k,<=6 genes
Contiguous Random,33,2,15,1,1,1,1,1.0,1.0,1.0,0.78,0.49,1,-3.0661557470779144e-06,48.8041,187.8421,3.85,50,xenium_human_lymph_node_5k,13-16 genes
Contiguous Random,33,3,9,1,1,1,1,1.0,1.0,1.0,0.8,0.46,1,2.1804555258020386e-06,32.4635,120.8362,3.72,50,xenium_human_lymph_node_5k,7-12 genes
Contiguous Random,33,4,13,1,1,1,1,1.0,1.0,1.0,0.82,0.49,1,-2.616022565127274e-06,43.1895,165.0451,3.82,50,xenium_human_lymph_node_5k,13-16 genes
Contiguous Random,34,0,4,1,1,1,1,0.6,0.8,0.85,0.8,0.49,1,3.7839889526491977e-06,18.0935,82.7617,4.57,50,xenium_human_lymph_node_5k,<=6 genes
Contiguous Random,34,1,7,1,1,1,1,1.0,1.0,1.0,0.76,0.5,1,5.588039001525047e-07,28.3826,97.9742,3.45,50,xenium_human_lymph_node_5k,7-12 genes
Contiguous Random,34,2,12,1,1,1,1,0.8,0.9,0.95,0.7,0.48,1,-2.664967303722676e-06,39.4752,143.3693,3.63,50,xenium_human_lymph_node_5k,7-12 genes
Contiguous Random,34,3,7,1,1,1,1,0.8,0.8,0.65,0.38,0.25,1,-2.1351224692711668e-06,26.5397,104.6603,3.94,50,xenium_human_lymph_node_5k,7-12 genes
Contiguous Random,34,4,8,1,1,1,1,1.0,1.0,0.95,0.84,0.48,1,4.001010851184539e-06,29.7199,107.0143,3.6,50,xenium_human_lymph_node_5k,7-12 genes
Contiguous Random,35,0,8,1,1,1,1,1.0,0.8,0.85,0.68,0.47,1,2.174526516685038e-06,31.8789,111.7215,3.5,50,xenium_human_lymph_node_5k,7-12 genes
Contiguous Random,35,1,15,1,1,1,1,1.0,0.9,0.85,0.78,0.48,1,-4.183906404664484e-07,48.5974,184.3542,3.79,50,xenium_human_lymph_node_5k,13-16 genes
Contiguous Random,35,2,7,1,1,1,1,0.8,0.6,0.5,0.5,0.37,1,-8.83784385341535e-07,27.4912,101.7626,3.7,50,xenium_human_lymph_node_5k,7-12 genes
Contiguous Random,35,3,12,1,1,1,1,1.0,0.9,0.75,0.74,0.46,1,3.12683714032147e-06,43.8753,151.6254,3.46,50,xenium_human_lymph_node_5k,7-12 genes
Contiguous Random,35,4,8,1,1,1,1,0.8,0.9,0.9,0.82,0.46,1,3.889405569446058e-06,28.4868,103.2742,3.63,50,xenium_human_lymph_node_5k,7-12 genes
Contiguous Random,36,0,5,0,0,0,0,0.4,0.4,0.35,0.28,0.25,4,0.0119122773131282,22.3356,90.6256,4.06,50,xenium_human_lymph_node_5k,<=6 genes
Contiguous Random,36,1,10,0,0,0,0,0.6,0.8,0.75,0.82,0.49,2,0.0431808813596304,36.0613,129.1631,3.58,50,xenium_human_lymph_node_5k,7-12 genes
Contiguous Random,36,2,4,1,1,1,1,0.0,0.0,0.1,0.14,0.14,1,0.0,17.7595,76.7445,4.32,50,xenium_human_lymph_node_5k,<=6 genes
Contiguous Random,36,3,9,0,0,0,0,0.8,0.8,0.85,0.8,0.45,2,0.0660400880686441,31.0191,113.5291,3.66,50,xenium_human_lymph_node_5k,7-12 genes
Contiguous Random,36,4,14,0,0,0,0,0.8,0.8,0.85,0.8,0.44,2,0.0141250349315199,46.2069,176.5694,3.82,50,xenium_human_lymph_node_5k,13-16 genes
Contiguous Random,37,0,6,0,0,0,0,0.0,0.1,0.1,0.12,0.1,8,0.0512280011162823,26.9122,97.8157,3.63,50,xenium_human_lymph_node_5k,<=6 genes
Contiguous Random,37,1,12,1,1,1,1,1.0,1.0,1.0,0.78,0.48,1,4.3394606247249e-06,44.6601,153.3612,3.43,50,xenium_human_lymph_node_5k,7-12 genes
Contiguous Random,37,2,12,1,1,1,1,1.0,1.0,1.0,0.78,0.5,1,4.3142173672405814e-07,37.9282,139.7746,3.69,50,xenium_human_lymph_node_5k,7-12 genes
Contiguous Random,37,3,5,1,1,1,1,0.0,0.0,0.05,0.16,0.17,1,0.0,22.0489,83.0229,3.77,50,xenium_human_lymph_node_5k,<=6 genes
Contiguous Random,37,4,15,1,1,1,1,1.0,1.0,1.0,0.84,0.5,1,-4.963483333453311e-06,48.635,182.942,3.76,50,xenium_human_lymph_node_5k,13-16 genes
Contiguous Random,38,0,6,1,1,1,1,0.2,0.4,0.4,0.28,0.17,1,2.6532954133795528e-06,28.7253,99.7835,3.47,50,xenium_human_lymph_node_5k,<=6 genes
Contiguous Random,38,1,16,1,1,1,1,1.0,1.0,0.9,0.9,0.5,1,-7.68833160358362e-07,57.6377,221.1854,3.84,50,xenium_human_lymph_node_5k,13-16 genes
Contiguous Random,38,2,9,1,1,1,1,0.6,0.7,0.4,0.4,0.31,1,-2.959505716992883e-06,37.7777,125.4596,3.32,50,xenium_human_lymph_node_5k,7-12 genes
Contiguous Random,38,3,9,1,1,1,1,1.0,1.0,1.0,0.74,0.47,1,-4.058062235523519e-06,29.3187,109.5885,3.74,50,xenium_human_lymph_node_5k,7-12 genes
Contiguous Random,38,4,14,1,1,1,1,1.0,1.0,1.0,0.8,0.45,1,1.1435604559961732e-06,48.219,180.1745,3.74,50,xenium_human_lymph_node_5k,13-16 genes
Contiguous Random,39,0,4,1,1,1,1,0.0,0.0,0.1,0.24,0.2,1,0.0,22.4964,79.5959,3.54,50,xenium_human_lymph_node_5k,<=6 genes
Contiguous Random,39,1,7,1,1,1,1,0.2,0.4,0.45,0.58,0.49,1,0.0,29.3846,99.0313,3.37,50,xenium_human_lymph_node_5k,7-12 genes
Contiguous Random,39,2,14,1,1,1,1,1.0,0.9,0.95,0.7,0.44,1,-2.1892809387580314e-06,49.6906,167.7529,3.38,50,xenium_human_lymph_node_5k,13-16 genes
Contiguous Random,39,3,9,1,1,1,1,1.0,1.0,1.0,0.86,0.48,1,2.410608927416736e-06,37.9105,123.9152,3.27,50,xenium_human_lymph_node_5k,7-12 genes
Contiguous Random,39,4,12,1,1,1,1,1.0,1.0,1.0,0.76,0.43,1,2.8904540037011373e-06,47.6263,154.141,3.24,50,xenium_human_lymph_node_5k,7-12 genes
Contiguous Random,40,0,9,1,1,1,1,1.0,1.0,0.95,0.64,0.36,1,-2.442677815572836e-07,33.1483,122.9656,3.71,50,xenium_human_lymph_node_5k,7-12 genes
Contiguous Random,40,1,12,1,1,1,1,1.0,1.0,0.95,0.74,0.37,1,4.851741252975828e-06,42.1834,148.2647,3.51,50,xenium_human_lymph_node_5k,7-12 genes
Contiguous Random,40,2,10,0,0,0,0,0.6,0.7,0.8,0.5,0.35,2,0.1884527261266908,36.1302,127.555,3.53,50,xenium_human_lymph_node_5k,7-12 genes
Contiguous Random,40,3,5,1,1,1,1,1.0,1.0,0.85,0.72,0.49,1,0.0,20.8686,87.2593,4.18,50,xenium_human_lymph_node_5k,<=6 genes
Contiguous Random,40,4,15,1,1,1,1,1.0,0.8,0.7,0.48,0.33,1,-3.745026402324214e-07,49.5251,195.3085,3.94,50,xenium_human_lymph_node_5k,13-16 genes
Contiguous Random,41,0,12,1,1,1,1,1.0,1.0,0.75,0.62,0.4,1,-5.601385260067815e-07,40.9313,159.0456,3.89,50,xenium_human_lymph_node_5k,7-12 genes
Contiguous Random,41,1,10,1,1,1,1,0.6,0.4,0.35,0.32,0.19,1,-9.060964933915729e-08,28.5201,138.9694,4.87,50,xenium_human_lymph_node_5k,7-12 genes
Contiguous Random,41,2,8,0,0,0,0,0.4,0.7,0.6,0.4,0.31,3,0.1552791275539147,28.7465,114.8959,4.0,50,xenium_human_lymph_node_5k,7-12 genes
Contiguous Random,41,3,6,0,0,0,0,0.4,0.3,0.2,0.12,0.09,3,0.0573379606718438,22.1111,98.5526,4.46,50,xenium_human_lymph_node_5k,<=6 genes
Contiguous Random,41,4,12,1,1,1,1,0.8,0.8,0.65,0.56,0.41,1,8.150766996894987e-07,40.3418,156.7026,3.88,50,xenium_human_lymph_node_5k,7-12 genes
Contiguous Random,42,0,11,1,1,1,1,0.6,0.8,0.8,0.64,0.45,1,-3.329005028862575e-06,38.5738,142.363,3.69,50,xenium_human_lymph_node_5k,7-12 genes
Contiguous Random,42,1,8,0,0,0,0,0.8,0.8,0.85,0.56,0.4,2,0.0449096725409893,31.6139,109.9516,3.48,50,xenium_human_lymph_node_5k,7-12 genes
Contiguous Random,42,2,7,0,0,0,0,0.8,0.8,0.85,0.76,0.48,2,0.076023655077713,24.6186,95.569,3.88,50,xenium_human_lymph_node_5k,7-12 genes
Contiguous Random,42,3,14,1,1,1,1,1.0,1.0,0.85,0.72,0.47,1,7.463200877300125e-07,45.5068,182.4074,4.01,50,xenium_human_lymph_node_5k,13-16 genes
Contiguous Random,42,4,10,1,1,1,1,0.8,0.8,0.85,0.64,0.45,1,2.57649467638732e-06,34.1334,125.5085,3.68,50,xenium_human_lymph_node_5k,7-12 genes
Contiguous Random,43,0,8,1,1,1,1,1.0,1.0,0.95,0.9,0.47,1,4.978126777577252e-06,31.2656,103.1429,3.3,50,xenium_human_lymph_node_5k,7-12 genes
Contiguous Random,43,1,8,1,1,1,1,0.8,0.5,0.6,0.48,0.38,1,-6.327872661415768e-07,34.5658,111.2151,3.22,50,xenium_human_lymph_node_5k,7-12 genes
Contiguous Random,43,2,14,1,1,1,1,1.0,1.0,1.0,0.9,0.48,1,-3.3689821101745565e-06,52.8044,172.962,3.28,50,xenium_human_lymph_node_5k,13-16 genes
Contiguous Random,43,3,14,1,1,1,1,1.0,1.0,1.0,0.9,0.48,1,-3.3689821101745565e-06,52.5195,173.0115,3.29,50,xenium_human_lymph_node_5k,13-16 genes
Contiguous Random,43,4,4,1,1,1,1,0.8,0.8,0.8,0.64,0.41,1,-4.096364974975897e-06,19.2762,80.0294,4.15,50,xenium_human_lymph_node_5k,<=6 genes
Contiguous Random,44,0,13,1,1,1,1,0.8,0.8,0.8,0.76,0.49,1,2.4646295935237816e-06,41.8849,165.1825,3.94,50,xenium_human_lymph_node_5k,13-16 genes
Contiguous Random,44,1,13,1,1,1,1,1.0,0.9,0.85,0.78,0.45,1,-4.636947467828723e-06,39.0315,153.3649,3.93,50,xenium_human_lymph_node_5k,13-16 genes
Contiguous Random,44,2,8,0,0,0,0,0.6,0.4,0.35,0.24,0.2,2,0.07735638729975,29.0472,117.5869,4.05,50,xenium_human_lymph_node_5k,7-12 genes
Contiguous Random,44,3,18,0,0,0,0,0.6,0.8,0.8,0.74,0.5,2,0.1198332973527214,55.1076,315.117,5.72,50,xenium_human_lymph_node_5k,>16 genes
Contiguous Random,44,4,15,1,1,1,1,0.6,0.7,0.5,0.52,0.4,1,2.943126079513192e-07,45.7102,211.4373,4.63,50,xenium_human_lymph_node_5k,13-16 genes
Contiguous Random,45,0,25,1,1,1,1,1.0,1.0,0.9,0.64,0.39,1,1.996459960906805e-06,76.9865,483.2812,6.28,50,xenium_human_lymph_node_5k,>16 genes
Contiguous Random,45,1,18,1,1,1,1,1.0,1.0,1.0,0.8,0.43,1,-1.0731008579512036e-06,59.3197,261.9019,4.42,50,xenium_human_lymph_node_5k,>16 genes
Contiguous Random,45,2,14,1,1,1,1,1.0,1.0,1.0,0.74,0.4,1,2.343676941851669e-06,47.4239,168.2964,3.55,50,xenium_human_lymph_node_5k,13-16 genes
Contiguous Random,45,3,19,1,1,1,1,1.0,1.0,0.95,0.7,0.44,1,4.586597171840623e-06,58.891,253.7229,4.31,50,xenium_human_lymph_node_5k,>16 genes
Contiguous Random,45,4,22,1,1,1,1,1.0,1.0,0.95,0.68,0.41,1,3.851501024776384e-07,69.5256,344.3017,4.95,50,xenium_human_lymph_node_5k,>16 genes
Contiguous Random,46,0,12,1,1,1,1,1.0,0.9,0.9,0.78,0.46,1,2.3291548085779823e-06,43.1965,148.9651,3.45,50,xenium_human_lymph_node_5k,7-12 genes
Contiguous Random,46,1,19,1,1,1,1,0.8,0.6,0.65,0.56,0.4,1,-2.782467974693504e-06,60.6765,243.46,4.01,50,xenium_human_lymph_node_5k,>16 genes
Contiguous Random,46,2,16,1,1,1,1,1.0,1.0,0.85,0.66,0.44,1,-1.4715957641353583e-06,54.9815,217.4605,3.96,50,xenium_human_lymph_node_5k,13-16 genes
Contiguous Random,46,3,16,1,1,1,1,1.0,0.9,0.8,0.62,0.43,1,-8.692932129683584e-07,51.949,216.2806,4.16,50,xenium_human_lymph_node_5k,13-16 genes
Contiguous Random,46,4,9,1,1,1,1,0.8,0.8,0.75,0.62,0.43,1,-2.205149332690226e-06,34.899,120.0902,3.44,50,xenium_human_lymph_node_5k,7-12 genes
Contiguous Random,47,0,13,1,1,1,1,1.0,0.9,0.9,0.8,0.49,1,-2.944754528222404e-06,46.0993,165.727,3.59,50,xenium_human_lymph_node_5k,13-16 genes
Contiguous Random,47,1,17,1,1,1,1,1.0,1.0,1.0,0.84,0.49,1,-2.9628780346957484e-06,55.4871,222.0507,4.0,50,xenium_human_lymph_node_5k,>16 genes
Contiguous Random,47,2,16,1,1,1,1,1.0,1.0,1.0,0.78,0.47,1,2.772941589457289e-06,51.5487,202.6067,3.93,50,xenium_human_lymph_node_5k,13-16 genes
Contiguous Random,47,3,8,1,1,1,1,1.0,1.0,0.95,0.82,0.48,1,4.847621075665387e-06,30.105,107.1608,3.56,50,xenium_human_lymph_node_5k,7-12 genes
Contiguous Random,47,4,17,1,1,1,1,1.0,1.0,1.0,0.78,0.47,1,-1.8981969751585842e-07,55.0655,222.1953,4.04,50,xenium_human_lymph_node_5k,>16 genes
Contiguous Random,48,0,10,0,0,0,0,0.0,0.0,0.0,0.02,0.01,43,0.3140637837273768,40.3854,133.1977,3.3,50,xenium_human_lymph_node_5k,7-12 genes
Contiguous Random,48,1,15,1,1,1,1,1.0,1.0,0.8,0.64,0.45,1,-9.720482097019813e-08,48.9049,183.9446,3.76,50,xenium_human_lymph_node_5k,13-16 genes
Contiguous Random,48,2,13,1,1,1,1,0.6,0.8,0.6,0.48,0.37,1,9.43910993700392e-07,45.0412,163.04,3.62,50,xenium_human_lymph_node_5k,13-16 genes
Contiguous Random,48,3,8,0,0,0,0,0.0,0.0,0.0,0.0,0.0,490,0.6704752554656334,32.1401,114.1308,3.55,50,xenium_human_lymph_node_5k,7-12 genes
Contiguous Random,48,4,12,1,1,1,1,1.0,0.9,0.75,0.64,0.45,1,1.6991456467385646e-06,37.391,138.4742,3.7,50,xenium_human_lymph_node_5k,7-12 genes
Contiguous Random,49,0,8,1,1,1,1,1.0,0.9,0.75,0.66,0.44,1,2.9550052476623456e-06,31.7237,111.4187,3.51,50,xenium_human_lymph_node_5k,7-12 genes
Contiguous Random,49,1,7,1,1,1,1,0.4,0.4,0.35,0.34,0.3,1,-1.8312211748638951e-06,30.2116,103.281,3.42,50,xenium_human_lymph_node_5k,7-12 genes
Contiguous Random,49,2,13,0,0,0,0,0.4,0.3,0.6,0.62,0.4,2,0.5955415705767511,47.8053,161.9992,3.39,50,xenium_human_lymph_node_5k,13-16 genes
Contiguous Random,49,3,14,0,0,0,0,0.2,0.3,0.55,0.48,0.41,4,0.0555847734028449,48.7756,173.7792,3.56,50,xenium_human_lymph_node_5k,13-16 genes
Contiguous Random,49,4,11,0,0,0,0,0.4,0.6,0.55,0.48,0.35,3,0.0816460345501834,40.5379,140.4463,3.46,50,xenium_human_lymph_node_5k,7-12 genes
Non-Contiguous Random,0,0,13,1,1,1,1,0.6,0.5,0.5,0.3,0.22,1,-1.5301958568025853e-06,42.485,179.0969,4.22,50,xenium_human_lymph_node_5k,13-16 genes
Non-Contiguous Random,0,1,8,0,0,0,0,0.6,0.5,0.5,0.46,0.35,2,0.0446043910418523,31.454,107.4737,3.42,50,xenium_human_lymph_node_5k,7-12 genes
Non-Contiguous Random,0,2,11,1,1,1,1,0.6,0.7,0.65,0.58,0.38,1,-2.818521830816323e-06,38.8649,138.5864,3.57,50,xenium_human_lymph_node_5k,7-12 genes
Non-Contiguous Random,0,3,19,1,1,1,1,1.0,0.9,0.9,0.66,0.46,1,7.684742786562282e-07,56.6927,271.3472,4.79,50,xenium_human_lymph_node_5k,>16 genes
Non-Contiguous Random,0,4,13,1,1,1,1,0.6,0.8,0.85,0.64,0.43,1,-2.429276257931434e-06,42.0089,159.4209,3.79,50,xenium_human_lymph_node_5k,13-16 genes
Non-Contiguous Random,1,0,17,1,1,1,1,1.0,1.0,0.85,0.62,0.36,1,3.7108695853937945e-06,56.2326,220.0788,3.91,50,xenium_human_lymph_node_5k,>16 genes
Non-Contiguous Random,1,1,11,1,1,1,1,1.0,0.8,0.65,0.4,0.28,1,2.359174757771143e-06,39.5656,133.3866,3.37,50,xenium_human_lymph_node_5k,7-12 genes
Non-Contiguous Random,1,2,20,1,1,1,1,1.0,1.0,0.9,0.66,0.41,1,-3.255878064933881e-06,61.6506,266.4063,4.32,50,xenium_human_lymph_node_5k,>16 genes
Non-Contiguous Random,1,3,21,1,1,1,1,1.0,1.0,1.0,0.72,0.44,1,1.544175061152231e-06,64.3641,289.1361,4.49,50,xenium_human_lymph_node_5k,>16 genes
Non-Contiguous Random,1,4,20,1,1,1,1,0.8,0.9,0.75,0.62,0.39,1,5.806910907679708e-07,63.0486,278.0986,4.41,50,xenium_human_lymph_node_5k,>16 genes
Non-Contiguous Random,2,0,19,1,1,1,1,1.0,1.0,0.95,0.68,0.46,1,-4.01264828897574e-06,62.0309,259.0214,4.18,50,xenium_human_lymph_node_5k,>16 genes
Non-Contiguous Random,2,1,22,1,1,1,1,1.0,1.0,0.95,0.68,0.45,1,-2.083620938453379e-06,69.2243,328.056,4.74,50,xenium_human_lymph_node_5k,>16 genes
Non-Contiguous Random,2,2,15,1,1,1,1,1.0,1.0,0.9,0.58,0.41,1,4.955013637175654e-06,51.0719,183.7648,3.6,50,xenium_human_lymph_node_5k,13-16 genes
Non-Contiguous Random,2,3,17,1,1,1,1,1.0,0.8,0.75,0.64,0.42,1,-4.000000351389588e-06,57.4993,238.5106,4.15,50,xenium_human_lymph_node_5k,>16 genes
Non-Contiguous Random,2,4,11,1,1,1,1,1.0,1.0,1.0,0.7,0.46,1,4.630191800525374e-06,42.0841,136.02,3.23,50,xenium_human_lymph_node_5k,7-12 genes
Non-Contiguous Random,3,0,10,0,0,0,0,0.6,0.7,0.7,0.7,0.48,2,0.0503783724838481,37.6478,126.7607,3.37,50,xenium_human_lymph_node_5k,7-12 genes
Non-Contiguous Random,3,1,14,0,0,0,0,0.6,0.4,0.55,0.46,0.37,2,0.0515061362994226,52.446,174.4941,3.33,50,xenium_human_lymph_node_5k,13-16 genes
Non-Contiguous Random,3,2,19,0,0,0,0,0.4,0.5,0.65,0.52,0.46,2,0.0061934815848985,61.3394,330.2866,5.38,50,xenium_human_lymph_node_5k,>16 genes
Non-Contiguous Random,3,3,19,0,0,0,0,0.4,0.5,0.7,0.66,0.49,2,0.0564740500876134,55.2918,254.1609,4.6,50,xenium_human_lymph_node_5k,>16 genes
Non-Contiguous Random,3,4,12,1,1,1,1,0.6,0.5,0.3,0.26,0.28,1,-3.5772169499903583e-06,44.2555,153.818,3.48,50,xenium_human_lymph_node_5k,7-12 genes
Non-Contiguous Random,4,0,14,1,1,1,1,1.0,1.0,1.0,0.76,0.5,1,3.545686129036163e-06,45.623,169.3002,3.71,50,xenium_human_lymph_node_5k,13-16 genes
Non-Contiguous Random,4,1,7,1,1,1,1,0.8,0.7,0.65,0.64,0.48,1,-1.1095913149405945e-06,28.0288,100.2282,3.58,50,xenium_human_lymph_node_5k,7-12 genes
Non-Contiguous Random,4,2,14,1,1,1,1,1.0,1.0,1.0,0.82,0.5,1,3.0961478636459816e-06,48.5993,172.513,3.55,50,xenium_human_lymph_node_5k,13-16 genes
Non-Contiguous Random,4,3,6,1,1,1,1,0.8,0.7,0.45,0.3,0.25,1,3.083202083753456e-06,23.8469,96.6157,4.05,50,xenium_human_lymph_node_5k,<=6 genes
Non-Contiguous Random,4,4,6,1,1,1,1,0.8,0.5,0.35,0.32,0.28,1,1.233556551516468e-06,24.6383,95.2126,3.86,50,xenium_human_lymph_node_5k,<=6 genes
Non-Contiguous Random,5,0,10,0,0,0,0,0.6,0.7,0.7,0.68,0.49,2,0.0128548546640041,41.3783,132.5128,3.2,50,xenium_human_lymph_node_5k,7-12 genes
Non-Contiguous Random,5,1,12,1,1,1,1,1.0,1.0,1.0,0.68,0.42,1,1.172923011161231e-06,44.3909,144.2911,3.25,50,xenium_human_lymph_node_5k,7-12 genes
Non-Contiguous Random,5,2,13,1,1,1,1,1.0,1.0,1.0,0.68,0.44,1,4.107055411317617e-07,48.5701,158.5364,3.26,50,xenium_human_lymph_node_5k,13-16 genes
Non-Contiguous Random,5,3,4,0,0,0,0,0.0,0.0,0.0,0.0,0.01,66,0.41608797873497,19.277,81.5678,4.23,50,xenium_human_lymph_node_5k,<=6 genes
Non-Contiguous Random,5,4,4,0,0,0,0,0.0,0.0,0.0,0.02,0.02,40,0.0722265951150655,18.4071,77.8818,4.23,50,xenium_human_lymph_node_5k,<=6 genes
Non-Contiguous Random,6,0,7,1,1,1,1,0.6,0.6,0.55,0.38,0.31,1,-3.595239710552089e-06,27.8177,104.4657,3.76,50,xenium_human_lymph_node_5k,7-12 genes
Non-Contiguous Random,6,1,7,0,0,0,0,0.0,0.1,0.1,0.1,0.07,7,0.0990472152917815,28.0128,108.4438,3.87,50,xenium_human_lymph_node_5k,7-12 genes
Non-Contiguous Random,6,2,18,1,1,1,1,1.0,1.0,1.0,0.86,0.45,1,2.348814307162605e-06,50.5715,250.3259,4.95,50,xenium_human_lymph_node_5k,>16 genes
Non-Contiguous Random,6,3,15,1,1,1,1,1.0,0.9,0.7,0.56,0.42,1,-1.938306611437568e-06,45.7007,190.8965,4.18,50,xenium_human_lymph_node_5k,13-16 genes
Non-Contiguous Random,6,4,19,1,1,1,1,1.0,1.0,1.0,0.84,0.48,1,7.044631016306369e-07,53.7261,263.9161,4.91,50,xenium_human_lymph_node_5k,>16 genes
Non-Contiguous Random,7,0,7,1,1,1,1,0.6,0.7,0.7,0.6,0.43,1,3.732599344274945e-06,27.9101,103.897,3.72,50,xenium_human_lymph_node_5k,7-12 genes
Non-Contiguous Random,7,1,15,1,1,1,1,1.0,1.0,1.0,0.74,0.46,1,-4.759674647747403e-07,48.3959,181.9642,3.76,50,xenium_human_lymph_node_5k,13-16 genes
Non-Contiguous Random,7,2,13,0,0,0,0,0.2,0.5,0.65,0.78,0.49,3,0.0500240402533324,46.4189,157.2433,3.39,50,xenium_human_lymph_node_5k,13-16 genes
Non-Contiguous Random,7,3,6,1,1,1,1,1.0,1.0,1.0,0.88,0.47,1,-1.4825197567989309e-06,21.9024,88.4952,4.04,50,xenium_human_lymph_node_5k,<=6 genes
Non-Contiguous Random,7,4,7,1,1,1,1,0.6,0.5,0.3,0.24,0.2,1,-9.227382857801558e-09,28.1774,107.4587,3.81,50,xenium_human_lymph_node_5k,7-12 genes
Non-Contiguous Random,8,0,15,1,1,1,1,1.0,1.0,1.0,0.88,0.49,1,-4.051234315682883e-06,55.5246,183.4576,3.3,50,xenium_human_lymph_node_5k,13-16 genes
Non-Contiguous Random,8,1,12,1,1,1,1,1.0,1.0,0.95,0.84,0.49,1,-2.9899939594235647e-06,45.0873,143.7717,3.19,50,xenium_human_lymph_node_5k,7-12 genes
Non-Contiguous Random,8,2,10,1,1,1,1,1.0,1.0,1.0,0.76,0.5,1,-2.8716881326773525e-06,37.9317,120.681,3.18,50,xenium_human_lymph_node_5k,7-12 genes
Non-Contiguous Random,8,3,10,1,1,1,1,0.6,0.6,0.65,0.68,0.43,1,-4.25045392904444e-06,42.1137,129.7938,3.08,50,xenium_human_lymph_node_5k,7-12 genes
Non-Contiguous Random,8,4,7,0,0,0,0,0.6,0.5,0.35,0.38,0.27,2,0.0143740818666373,28.5395,99.1066,3.47,50,xenium_human_lymph_node_5k,7-12 genes
Non-Contiguous Random,9,0,11,1,1,1,1,1.0,1.0,0.9,0.72,0.5,1,4.893115766901879e-06,43.1612,137.3999,3.18,50,xenium_human_lymph_node_5k,7-12 genes
Non-Contiguous Random,9,1,12,1,1,1,1,1.0,1.0,0.9,0.88,0.5,1,4.812144750010461e-06,41.6174,142.4719,3.42,50,xenium_human_lymph_node_5k,7-12 genes
Non-Contiguous Random,9,2,10,1,1,1,1,0.4,0.5,0.5,0.52,0.36,1,-2.3914703408678406e-06,39.3008,127.3677,3.24,50,xenium_human_lymph_node_5k,7-12 genes
Non-Contiguous Random,9,3,8,1,1,1,1,0.8,0.9,0.8,0.72,0.47,1,2.490167173796465e-06,33.8742,110.3933,3.26,50,xenium_human_lymph_node_5k,7-12 genes
Non-Contiguous Random,9,4,6,0,0,0,0,0.2,0.1,0.05,0.06,0.05,5,0.0248217634139283,24.3572,94.7137,3.89,50,xenium_human_lymph_node_5k,<=6 genes
Non-Contiguous Random,10,0,19,1,1,1,1,1.0,1.0,1.0,0.64,0.42,1,3.2220161489959764e-06,66.2347,259.1891,3.91,50,xenium_human_lymph_node_5k,>16 genes
Non-Contiguous Random,10,1,17,1,1,1,1,1.0,0.9,0.75,0.64,0.36,1,8.093733683267601e-09,56.4102,239.0338,4.24,50,xenium_human_lymph_node_5k,>16 genes
Non-Contiguous Random,10,2,17,1,1,1,1,1.0,1.0,1.0,0.64,0.37,1,-1.6149357326966651e-06,55.4639,238.4338,4.3,50,xenium_human_lymph_node_5k,>16 genes
Non-Contiguous Random,10,3,9,1,1,1,1,1.0,1.0,0.95,0.92,0.49,1,-2.57740338643897e-06,36.5523,121.0502,3.31,50,xenium_human_lymph_node_5k,7-12 genes
Non-Contiguous Random,10,4,14,1,1,1,1,1.0,0.9,0.75,0.62,0.37,1,1.5082786564146744e-06,47.8295,171.1061,3.58,50,xenium_human_lymph_node_5k,13-16 genes
Non-Contiguous Random,11,0,18,0,0,0,0,0.8,0.8,0.55,0.4,0.29,2,0.7560191482035168,62.6116,244.6737,3.91,50,xenium_human_lymph_node_5k,>16 genes
Non-Contiguous Random,11,1,7,1,1,1,1,0.6,0.6,0.5,0.44,0.3,1,1.9696651851752733e-06,29.7083,102.5322,3.45,50,xenium_human_lymph_node_5k,7-12 genes
Non-Contiguous Random,11,2,17,0,0,0,0,0.4,0.2,0.25,0.24,0.22,4,1.0723540376391514,54.9324,222.7609,4.06,50,xenium_human_lymph_node_5k,>16 genes
Non-Contiguous Random,11,3,6,1,1,1,1,0.8,0.7,0.65,0.5,0.33,1,-4.031491979472612e-06,27.1504,90.5463,3.33,50,xenium_human_lymph_node_5k,<=6 genes
Non-Contiguous Random,11,4,19,1,1,1,1,1.0,0.9,0.65,0.5,0.33,1,2.091998262176986e-06,60.3316,252.5249,4.19,50,xenium_human_lymph_node_5k,>16 genes
Non-Contiguous Random,12,0,13,1,1,1,1,0.8,0.8,0.75,0.72,0.41,1,3.9002249655473165e-06,44.7295,167.3079,3.74,50,xenium_human_lymph_node_5k,13-16 genes
Non-Contiguous Random,12,1,19,1,1,1,1,1.0,1.0,1.0,0.78,0.48,1,3.747574855772484e-06,62.9473,256.1956,4.07,50,xenium_human_lymph_node_5k,>16 genes
Non-Contiguous Random,12,2,12,1,1,1,1,0.8,0.9,0.9,0.8,0.42,1,4.086315145590547e-06,41.3432,143.2004,3.46,50,xenium_human_lymph_node_5k,7-12 genes
Non-Contiguous Random,12,3,6,0,0,0,0,0.6,0.3,0.35,0.36,0.35,2,0.0286009958165606,24.2872,96.373,3.97,50,xenium_human_lymph_node_5k,<=6 genes
Non-Contiguous Random,12,4,9,1,1,1,1,1.0,1.0,1.0,0.56,0.34,1,-2.226702372265521e-06,34.8425,113.229,3.25,50,xenium_human_lymph_node_5k,7-12 genes
Non-Contiguous Random,13,0,15,1,1,1,1,0.8,0.6,0.65,0.52,0.41,1,-7.959597272400032e-07,51.1119,189.4686,3.71,50,xenium_human_lymph_node_5k,13-16 genes
Non-Contiguous Random,13,1,13,1,1,1,1,1.0,1.0,1.0,0.68,0.4,1,2.0250015716483105e-06,43.2888,164.1387,3.79,50,xenium_human_lymph_node_5k,13-16 genes
Non-Contiguous Random,13,2,12,1,1,1,1,0.4,0.7,0.75,0.68,0.4,1,-3.458047710402923e-07,40.1822,151.1017,3.76,50,xenium_human_lymph_node_5k,7-12 genes
Non-Contiguous Random,13,3,13,0,0,0,0,0.4,0.3,0.25,0.34,0.22,2,0.0303064855564931,46.8319,157.291,3.36,50,xenium_human_lymph_node_5k,13-16 genes
Non-Contiguous Random,13,4,13,1,1,1,1,0.8,0.6,0.7,0.46,0.38,1,3.5248838607948585e-06,45.0725,159.0677,3.53,50,xenium_human_lymph_node_5k,13-16 genes
Non-Contiguous Random,14,0,11,1,1,1,1,0.8,0.8,0.85,0.66,0.45,1,2.614000760292612e-07,42.6319,142.9125,3.35,50,xenium_human_lymph_node_5k,7-12 genes
Non-Contiguous Random,14,1,6,0,0,0,0,0.4,0.5,0.3,0.28,0.22,2,0.0295027866256399,27.062,94.3501,3.49,50,xenium_human_lymph_node_5k,<=6 genes
Non-Contiguous Random,14,2,7,1,1,1,1,0.4,0.5,0.25,0.28,0.21,1,-3.618558536144789e-06,27.4096,102.2016,3.73,50,xenium_human_lymph_node_5k,7-12 genes
Non-Contiguous Random,14,3,6,1,1,1,1,0.4,0.4,0.35,0.28,0.23,1,1.370871438505228e-06,25.3858,98.8075,3.89,50,xenium_human_lymph_node_5k,<=6 genes
Non-Contiguous Random,14,4,5,1,1,1,1,0.6,0.7,0.55,0.4,0.31,1,0.0,23.9625,84.0045,3.51,50,xenium_human_lymph_node_5k,<=6 genes
Non-Contiguous Random,15,0,11,1,1,1,1,1.0,0.9,0.9,0.92,0.49,1,2.544554222216888e-06,43.0763,134.5896,3.12,50,xenium_human_lymph_node_5k,7-12 genes
Non-Contiguous Random,15,1,10,1,1,1,1,0.6,0.5,0.45,0.38,0.26,1,1.3782705421405694e-06,41.1183,128.8781,3.13,50,xenium_human_lymph_node_5k,7-12 genes
Non-Contiguous Random,15,2,8,1,1,1,1,1.0,1.0,0.75,0.6,0.41,1,-2.510137338207485e-06,32.3354,107.5598,3.33,50,xenium_human_lymph_node_5k,7-12 genes
Non-Contiguous Random,15,3,5,0,0,0,0,0.8,0.8,0.5,0.36,0.32,2,0.1017319082492933,22.2049,85.4617,3.85,50,xenium_human_lymph_node_5k,<=6 genes
Non-Contiguous Random,15,4,7,1,1,1,1,1.0,1.0,0.9,0.66,0.4,1,-4.510181367267663e-06,27.7174,98.5541,3.56,50,xenium_human_lymph_node_5k,7-12 genes
Non-Contiguous Random,16,0,13,1,1,1,1,1.0,1.0,0.9,0.78,0.49,1,-4.629709492887102e-06,43.84,158.4179,3.61,50,xenium_human_lymph_node_5k,13-16 genes
Non-Contiguous Random,16,1,18,1,1,1,1,1.0,1.0,0.85,0.76,0.5,1,-1.2711418213573469e-06,52.5847,296.2041,5.63,50,xenium_human_lymph_node_5k,>16 genes
Non-Contiguous Random,16,2,10,1,1,1,1,1.0,1.0,0.95,0.84,0.5,1,3.816641712506286e-06,38.503,123.7077,3.21,50,xenium_human_lymph_node_5k,7-12 genes
Non-Contiguous Random,16,3,11,1,1,1,1,1.0,1.0,1.0,0.84,0.5,1,-4.289949515068336e-06,41.2321,140.8992,3.42,50,xenium_human_lymph_node_5k,7-12 genes
Non-Contiguous Random,16,4,5,0,0,0,0,0.6,0.4,0.55,0.3,0.21,2,0.0122009980123502,23.3499,87.5647,3.75,50,xenium_human_lymph_node_5k,<=6 genes
Non-Contiguous Random,17,0,12,1,1,1,1,0.8,0.5,0.65,0.5,0.29,1,-1.3044163054143354e-06,42.9063,146.3302,3.41,50,xenium_human_lymph_node_5k,7-12 genes
Non-Contiguous Random,17,1,6,1,1,1,1,0.4,0.3,0.25,0.26,0.18,1,-1.471997290225513e-06,25.8958,99.4121,3.84,50,xenium_human_lymph_node_5k,<=6 genes
Non-Contiguous Random,17,2,12,1,1,1,1,0.8,0.6,0.55,0.38,0.27,1,-5.237489975051801e-08,42.323,158.2179,3.74,50,xenium_human_lymph_node_5k,7-12 genes
Non-Contiguous Random,17,3,17,1,1,1,1,1.0,1.0,1.0,0.86,0.46,1,-2.9458154722217245e-06,57.2403,236.2946,4.13,50,xenium_human_lymph_node_5k,>16 genes
Non-Contiguous Random,17,4,8,1,1,1,1,0.8,0.7,0.75,0.62,0.45,1,-4.3914713760973e-06,33.3934,108.2426,3.24,50,xenium_human_lymph_node_5k,7-12 genes
Non-Contiguous Random,18,0,11,1,1,1,1,1.0,1.0,1.0,0.88,0.46,1,2.691070493332504e-06,38.0382,130.4158,3.43,50,xenium_human_lymph_node_5k,7-12 genes
Non-Contiguous Random,18,1,10,1,1,1,1,0.8,0.9,0.8,0.62,0.46,1,-5.267977113421196e-07,38.3416,130.686,3.41,50,xenium_human_lymph_node_5k,7-12 genes
Non-Contiguous Random,18,2,13,1,1,1,1,1.0,1.0,1.0,0.94,0.5,1,3.667475690249944e-06,46.129,155.2947,3.37,50,xenium_human_lymph_node_5k,13-16 genes
Non-Contiguous Random,18,3,12,1,1,1,1,1.0,1.0,0.85,0.74,0.46,1,4.291723383342827e-07,44.7823,152.3821,3.4,50,xenium_human_lymph_node_5k,7-12 genes
Non-Contiguous Random,18,4,15,1,1,1,1,0.8,0.9,0.95,0.8,0.49,1,3.343628294794065e-06,53.8353,196.8411,3.66,50,xenium_human_lymph_node_5k,13-16 genes
Non-Contiguous Random,19,0,17,1,1,1,1,1.0,1.0,1.0,0.78,0.43,1,2.3332411658305574e-06,51.7549,217.3064,4.2,50,xenium_human_lymph_node_5k,>16 genes
Non-Contiguous Random,19,1,16,1,1,1,1,0.6,0.6,0.4,0.3,0.23,1,-4.891948699903281e-06,46.1222,219.4345,4.76,50,xenium_human_lymph_node_5k,13-16 genes
Non-Contiguous Random,19,2,12,1,1,1,1,1.0,0.9,0.75,0.72,0.47,1,3.025134954315334e-06,38.6255,150.444,3.89,50,xenium_human_lymph_node_5k,7-12 genes
Non-Contiguous Random,19,3,15,1,1,1,1,1.0,0.9,0.8,0.82,0.42,1,-1.852827677506497e-06,45.4515,189.1566,4.16,50,xenium_human_lymph_node_5k,13-16 genes
Non-Contiguous Random,19,4,17,1,1,1,1,1.0,0.7,0.7,0.66,0.45,1,4.772849914846944e-06,53.4259,232.0104,4.34,50,xenium_human_lymph_node_5k,>16 genes
Non-Contiguous Random,20,0,10,1,1,1,1,1.0,1.0,1.0,0.88,0.46,1,-4.810524539711203e-06,37.1115,123.7818,3.34,50,xenium_human_lymph_node_5k,7-12 genes
Non-Contiguous Random,20,1,7,0,0,0,0,0.0,0.1,0.05,0.04,0.05,10,0.2738511934618621,31.7247,100.1099,3.16,50,xenium_human_lymph_node_5k,7-12 genes
Non-Contiguous Random,20,2,11,1,1,1,1,1.0,1.0,1.0,0.88,0.44,1,-8.551502874709627e-07,40.7471,133.4319,3.27,50,xenium_human_lymph_node_5k,7-12 genes
Non-Contiguous Random,20,3,5,1,1,1,1,0.8,0.5,0.5,0.4,0.27,1,1.715481425162979e-06,24.3495,87.8709,3.61,50,xenium_human_lymph_node_5k,<=6 genes
Non-Contiguous Random,20,4,6,1,1,1,1,1.0,1.0,1.0,0.98,0.49,1,3.1946622225387244e-07,22.0567,87.4926,3.97,50,xenium_human_lymph_node_5k,<=6 genes
Non-Contiguous Random,21,0,9,1,1,1,1,0.6,0.5,0.45,0.44,0.3,1,-2.0718065897873394e-06,35.0419,117.3888,3.35,50,xenium_human_lymph_node_5k,7-12 genes
Non-Contiguous Random,21,1,11,0,0,0,0,0.8,0.7,0.6,0.52,0.39,2,0.0192416011430752,43.9027,140.9269,3.21,50,xenium_human_lymph_node_5k,7-12 genes
Non-Contiguous Random,21,2,10,1,1,1,1,0.4,0.5,0.35,0.22,0.19,1,5.539444725144449e-07,38.6198,126.8307,3.28,50,xenium_human_lymph_node_5k,7-12 genes
Non-Contiguous Random,21,3,4,0,0,0,0,0.0,0.1,0.2,0.24,0.17,9,0.0711280503797531,20.5266,84.0671,4.1,50,xenium_human_lymph_node_5k,<=6 genes
Non-Contiguous Random,21,4,8,1,1,1,1,0.4,0.4,0.4,0.24,0.18,1,2.2478659136293544e-06,32.1346,106.5558,3.32,50,xenium_human_lymph_node_5k,7-12 genes
Non-Contiguous Random,22,0,16,1,1,1,1,1.0,0.9,0.85,0.7,0.41,1,-3.075790405482337e-06,56.3865,192.7415,3.42,50,xenium_human_lymph_node_5k,13-16 genes
Non-Contiguous Random,22,1,14,1,1,1,1,1.0,0.9,0.95,0.62,0.43,1,-3.445587059780486e-06,47.838,169.7737,3.55,50,xenium_human_lymph_node_5k,13-16 genes
Non-Contiguous Random,22,2,13,1,1,1,1,1.0,1.0,0.95,0.62,0.43,1,-3.249592127385625e-06,43.7396,163.0494,3.73,50,xenium_human_lymph_node_5k,13-16 genes
Non-Contiguous Random,22,3,14,1,1,1,1,1.0,0.9,0.95,0.72,0.47,1,-2.5146617699256524e-06,47.103,179.0649,3.8,50,xenium_human_lymph_node_5k,13-16 genes
Non-Contiguous Random,22,4,17,1,1,1,1,1.0,1.0,0.9,0.66,0.45,1,-7.389865981366484e-07,52.5425,233.6344,4.45,50,xenium_human_lymph_node_5k,>16 genes
Non-Contiguous Random,23,0,13,1,1,1,1,1.0,1.0,0.95,0.72,0.41,1,4.388913457109567e-06,45.1711,217.1585,4.81,50,xenium_human_lymph_node_5k,13-16 genes
Non-Contiguous Random,23,1,18,1,1,1,1,1.0,1.0,0.9,0.74,0.43,1,-7.891615676491881e-07,62.5248,273.8407,4.38,50,xenium_human_lymph_node_5k,>16 genes
Non-Contiguous Random,23,2,26,1,1,1,1,1.0,1.0,1.0,0.74,0.45,1,-1.910231559598685e-07,80.8752,518.5899,6.41,50,xenium_human_lymph_node_5k,>16 genes
Non-Contiguous Random,23,3,25,1,1,1,1,1.0,1.0,1.0,0.82,0.47,1,-3.533935548638567e-07,77.1832,393.6178,5.1,50,xenium_human_lymph_node_5k,>16 genes
Non-Contiguous Random,23,4,22,1,1,1,1,1.0,1.0,1.0,0.76,0.45,1,3.823412932035808e-06,73.4376,333.4061,4.54,50,xenium_human_lymph_node_5k,>16 genes
Non-Contiguous Random,24,0,11,1,1,1,1,0.8,0.9,0.9,0.78,0.47,1,3.938082213994498e-06,39.2804,141.3495,3.6,50,xenium_human_lymph_node_5k,7-12 genes
Non-Contiguous Random,24,1,17,1,1,1,1,1.0,1.0,0.9,0.8,0.48,1,2.5944700587920977e-06,54.4836,221.3468,4.06,50,xenium_human_lymph_node_5k,>16 genes
Non-Contiguous Random,24,2,10,1,1,1,1,1.0,1.0,0.95,0.68,0.47,1,-4.6837608902450256e-08,35.4775,127.4279,3.59,50,xenium_human_lymph_node_5k,7-12 genes
Non-Contiguous Random,24,3,13,1,1,1,1,1.0,1.0,1.0,0.82,0.49,1,-6.529315208503306e-07,47.5738,157.9379,3.32,50,xenium_human_lymph_node_5k,13-16 genes
Non-Contiguous Random,24,4,11,1,1,1,1,0.8,0.6,0.7,0.72,0.46,1,3.5952188085497383e-06,39.728,141.6655,3.57,50,xenium_human_lymph_node_5k,7-12 genes
Non-Contiguous Random,25,0,8,1,1,1,1,1.0,1.0,0.95,0.7,0.43,1,1.10322124746709e-06,31.4082,105.8575,3.37,50,xenium_human_lymph_node_5k,7-12 genes
Non-Contiguous Random,25,1,10,1,1,1,1,0.6,0.6,0.7,0.54,0.49,1,1.894474345565112e-06,37.1955,122.9278,3.3,50,xenium_human_lymph_node_5k,7-12 genes
Non-Contiguous Random,25,2,15,0,0,0,0,0.8,0.5,0.5,0.5,0.35,2,0.0194566428822735,54.4253,204.0092,3.75,50,xenium_human_lymph_node_5k,13-16 genes
Non-Contiguous Random,25,3,17,1,1,1,1,1.0,0.9,0.9,0.76,0.44,1,1.154596134811392e-06,52.4823,236.0153,4.5,50,xenium_human_lymph_node_5k,>16 genes
Non-Contiguous Random,25,4,14,1,1,1,1,1.0,0.9,0.95,0.98,0.49,1,-8.460687919153997e-07,51.7004,171.0279,3.31,50,xenium_human_lymph_node_5k,13-16 genes
Non-Contiguous Random,26,0,8,0,0,0,0,0.6,0.6,0.5,0.46,0.35,3,0.0467487909508973,34.0937,112.5094,3.3,50,xenium_human_lymph_node_5k,7-12 genes
Non-Contiguous Random,26,1,17,1,1,1,1,1.0,1.0,1.0,0.84,0.48,1,-8.652794127872454e-07,60.9354,225.1981,3.7,50,xenium_human_lymph_node_5k,>16 genes
Non-Contiguous Random,26,2,17,1,1,1,1,1.0,1.0,1.0,0.82,0.48,1,-4.244258562824399e-06,56.1549,224.7895,4.0,50,xenium_human_lymph_node_5k,>16 genes
Non-Contiguous Random,26,3,12,1,1,1,1,1.0,1.0,1.0,0.78,0.47,1,-3.136590076557866e-07,36.4705,139.5711,3.83,50,xenium_human_lymph_node_5k,7-12 genes
Non-Contiguous Random,26,4,15,1,1,1,1,1.0,1.0,1.0,0.8,0.49,1,-3.7889588155870513e-06,51.1602,192.0746,3.75,50,xenium_human_lymph_node_5k,13-16 genes
Non-Contiguous Random,27,0,7,0,0,0,0,0.4,0.5,0.55,0.46,0.3,2,0.0414102894067011,29.333,107.1399,3.65,50,xenium_human_lymph_node_5k,7-12 genes
Non-Contiguous Random,27,1,15,1,1,1,1,1.0,1.0,1.0,0.9,0.48,1,-4.632601763532307e-06,47.9975,180.7763,3.77,50,xenium_human_lymph_node_5k,13-16 genes
Non-Contiguous Random,27,2,14,1,1,1,1,1.0,1.0,1.0,0.88,0.49,1,-2.7208750998930498e-06,49.9554,177.4985,3.55,50,xenium_human_lymph_node_5k,13-16 genes
Non-Contiguous Random,27,3,8,0,0,0,0,0.2,0.4,0.35,0.3,0.26,3,0.0696394328066815,32.6754,110.2498,3.37,50,xenium_human_lymph_node_5k,7-12 genes
Non-Contiguous Random,27,4,12,1,1,1,1,1.0,1.0,0.95,0.64,0.45,1,-4.838618065106104e-06,43.643,145.2563,3.33,50,xenium_human_lymph_node_5k,7-12 genes
Non-Contiguous Random,28,0,15,1,1,1,1,0.4,0.6,0.65,0.64,0.48,1,-1.4625171727011832e-06,50.9044,182.3914,3.58,50,xenium_human_lymph_node_5k,13-16 genes
Non-Contiguous Random,28,1,14,0,0,0,0,0.6,0.6,0.4,0.44,0.32,2,0.0547131332096155,48.0254,169.529,3.53,50,xenium_human_lymph_node_5k,13-16 genes
Non-Contiguous Random,28,2,6,0,0,0,0,0.0,0.2,0.2,0.16,0.13,6,0.3161558004492787,25.3699,96.3455,3.8,50,xenium_human_lymph_node_5k,<=6 genes
Non-Contiguous Random,28,3,13,1,1,1,1,0.6,0.6,0.7,0.64,0.47,1,2.963657415255838e-06,42.4721,153.0953,3.6,50,xenium_human_lymph_node_5k,13-16 genes
Non-Contiguous Random,28,4,10,1,1,1,1,0.8,0.6,0.65,0.5,0.36,1,-1.53415583026284e-06,34.6366,125.0207,3.61,50,xenium_human_lymph_node_5k,7-12 genes
Non-Contiguous Random,29,0,8,1,1,1,1,1.0,0.9,0.9,0.78,0.49,1,-3.834492817822444e-06,33.5565,105.3201,3.14,50,xenium_human_lymph_node_5k,7-12 genes
Non-Contiguous Random,29,1,15,1,1,1,1,1.0,1.0,1.0,0.84,0.49,1,-2.943239726826974e-06,48.6176,182.2772,3.75,50,xenium_human_lymph_node_5k,13-16 genes
Non-Contiguous Random,29,2,7,1,1,1,1,0.8,0.7,0.55,0.38,0.36,1,9.654381084023278e-07,27.6779,99.438,3.59,50,xenium_human_lymph_node_5k,7-12 genes
Non-Contiguous Random,29,3,15,1,1,1,1,1.0,1.0,1.0,0.84,0.49,1,-2.943239726826974e-06,48.4646,182.4173,3.76,50,xenium_human_lymph_node_5k,13-16 genes
Non-Contiguous Random,29,4,6,1,1,1,1,0.8,0.9,0.65,0.56,0.37,1,3.3273312421977508e-06,21.896,87.7561,4.01,50,xenium_human_lymph_node_5k,<=6 genes
Non-Contiguous Random,30,0,9,0,0,0,0,0.4,0.4,0.45,0.32,0.26,3,0.0217374921162923,33.8944,123.1334,3.63,50,xenium_human_lymph_node_5k,7-12 genes
Non-Contiguous Random,30,1,4,1,1,1,1,0.4,0.4,0.45,0.36,0.25,1,3.870258331289955e-06,17.638,77.987,4.42,50,xenium_human_lymph_node_5k,<=6 genes
Non-Contiguous Random,30,2,11,1,1,1,1,1.0,1.0,0.95,0.92,0.5,1,9.293262523968338e-07,35.6458,132.1364,3.71,50,xenium_human_lymph_node_5k,7-12 genes
Non-Contiguous Random,30,3,17,1,1,1,1,1.0,1.0,0.95,0.8,0.5,1,-1.791611508927815e-06,52.1953,230.67,4.42,50,xenium_human_lymph_node_5k,>16 genes
Non-Contiguous Random,30,4,18,1,1,1,1,1.0,0.8,0.8,0.68,0.47,1,-3.7450286722862094e-06,51.4336,244.589,4.76,50,xenium_human_lymph_node_5k,>16 genes
Non-Contiguous Random,31,0,16,1,1,1,1,1.0,1.0,0.95,0.78,0.47,1,1.893291473376024e-06,47.8561,194.768,4.07,50,xenium_human_lymph_node_5k,13-16 genes
Non-Contiguous Random,31,1,11,1,1,1,1,1.0,1.0,0.95,0.72,0.48,1,4.535417865381142e-06,36.5434,129.6868,3.55,50,xenium_human_lymph_node_5k,7-12 genes
Non-Contiguous Random,31,2,13,1,1,1,1,1.0,1.0,0.95,0.72,0.46,1,4.767782234404994e-06,49.259,160.2519,3.25,50,xenium_human_lymph_node_5k,13-16 genes
Non-Contiguous Random,31,3,8,1,1,1,1,1.0,0.9,0.9,0.88,0.47,1,-2.493836813166617e-07,32.5643,106.8372,3.28,50,xenium_human_lymph_node_5k,7-12 genes
Non-Contiguous Random,31,4,15,1,1,1,1,0.8,0.9,0.9,0.72,0.48,1,3.709954621955447e-06,47.6437,192.5799,4.04,50,xenium_human_lymph_node_5k,13-16 genes
Non-Contiguous Random,32,0,15,1,1,1,1,1.0,0.9,0.8,0.78,0.47,1,1.5279344487417743e-06,50.4034,198.0273,3.93,50,xenium_human_lymph_node_5k,13-16 genes
Non-Contiguous Random,32,1,10,1,1,1,1,0.8,0.9,0.95,0.74,0.43,1,2.6772939543118213e-07,35.5783,132.5877,3.73,50,xenium_human_lymph_node_5k,7-12 genes
Non-Contiguous Random,32,2,13,1,1,1,1,1.0,0.9,0.85,0.68,0.42,1,-1.3239382692931123e-06,43.6731,166.3542,3.81,50,xenium_human_lymph_node_5k,13-16 genes
Non-Contiguous Random,32,3,12,1,1,1,1,1.0,0.9,0.85,0.7,0.46,1,-1.3571547239354942e-06,41.1717,148.6285,3.61,50,xenium_human_lymph_node_5k,7-12 genes
Non-Contiguous Random,32,4,19,1,1,1,1,1.0,1.0,0.9,0.8,0.49,1,-1.84395239921642e-06,62.5627,256.5253,4.1,50,xenium_human_lymph_node_5k,>16 genes
Non-Contiguous Random,33,0,11,1,1,1,1,1.0,1.0,1.0,0.84,0.49,1,-4.961409262982386e-06,39.8162,133.2556,3.35,50,xenium_human_lymph_node_5k,7-12 genes
Non-Contiguous Random,33,1,16,1,1,1,1,1.0,1.0,1.0,0.76,0.48,1,1.4862060546683151e-06,55.887,201.7881,3.61,50,xenium_human_lymph_node_5k,13-16 genes
Non-Contiguous Random,33,2,18,1,1,1,1,1.0,1.0,1.0,0.74,0.48,1,-2.3228646544026788e-06,53.5497,292.4222,5.46,50,xenium_human_lymph_node_5k,>16 genes
Non-Contiguous Random,33,3,14,1,1,1,1,1.0,1.0,1.0,0.76,0.49,1,3.920083259445484e-06,45.4347,173.5424,3.82,50,xenium_human_lymph_node_5k,13-16 genes
Non-Contiguous Random,33,4,15,1,1,1,1,1.0,1.0,0.95,0.66,0.45,1,-2.45737474191543e-06,49.7951,190.6151,3.83,50,xenium_human_lymph_node_5k,13-16 genes
Non-Contiguous Random,34,0,10,1,1,1,1,1.0,0.9,0.95,0.76,0.46,1,-4.581078103527149e-07,36.3062,122.6236,3.38,50,xenium_human_lymph_node_5k,7-12 genes
Non-Contiguous Random,34,1,13,1,1,1,1,0.6,0.7,0.85,0.8,0.47,1,2.6680334010986684e-06,44.0234,155.0959,3.52,50,xenium_human_lymph_node_5k,13-16 genes
Non-Contiguous Random,34,2,12,1,1,1,1,0.8,0.9,0.9,0.82,0.5,1,4.859980843652245e-06,42.4187,152.3988,3.59,50,xenium_human_lymph_node_5k,7-12 genes
Non-Contiguous Random,34,3,17,1,1,1,1,1.0,0.9,0.85,0.84,0.47,1,1.6842240788683682e-06,55.8753,216.3732,3.87,50,xenium_human_lymph_node_5k,>16 genes
Non-Contiguous Random,34,4,17,1,1,1,1,0.8,0.9,0.95,0.78,0.44,1,4.79837786837578e-07,56.4603,217.3064,3.85,50,xenium_human_lymph_node_5k,>16 genes
Non-Contiguous Random,35,0,6,1,1,1,1,0.8,0.8,0.65,0.48,0.4,1,3.919029126553397e-06,27.9191,92.8644,3.33,50,xenium_human_lymph_node_5k,<=6 genes
Non-Contiguous Random,35,1,7,1,1,1,1,1.0,1.0,1.0,0.88,0.44,1,3.318335998925281e-06,26.5092,94.682,3.57,50,xenium_human_lymph_node_5k,7-12 genes
Non-Contiguous Random,35,2,5,1,1,1,1,1.0,0.8,0.75,0.44,0.33,1,1.6474515597830752e-06,24.1171,84.5346,3.51,50,xenium_human_lymph_node_5k,<=6 genes
Non-Contiguous Random,35,3,8,0,0,0,0,0.6,0.7,0.65,0.6,0.43,3,0.0160661375177825,34.588,110.358,3.19,50,xenium_human_lymph_node_5k,7-12 genes
Non-Contiguous Random,35,4,7,1,1,1,1,1.0,1.0,0.95,0.8,0.49,1,-2.7192813086274192e-06,29.5011,99.9323,3.39,50,xenium_human_lymph_node_5k,7-12 genes
Non-Contiguous Random,36,0,13,1,1,1,1,0.8,0.7,0.75,0.64,0.43,1,-2.077264982247584e-06,40.595,151.8173,3.74,50,xenium_human_lymph_node_5k,13-16 genes
Non-Contiguous Random,36,1,8,1,1,1,1,0.4,0.6,0.4,0.24,0.19,1,-5.336226183150217e-09,32.0734,109.5764,3.42,50,xenium_human_lymph_node_5k,7-12 genes
Non-Contiguous Random,36,2,13,0,0,0,0,0.8,0.8,0.8,0.82,0.49,2,0.0663052746381047,47.5367,166.0778,3.49,50,xenium_human_lymph_node_5k,13-16 genes
Non-Contiguous Random,36,3,6,1,1,1,1,1.0,0.9,0.6,0.5,0.34,1,-9.8613148369342e-07,24.706,97.6132,3.95,50,xenium_human_lymph_node_5k,<=6 genes
Non-Contiguous Random,36,4,12,1,1,1,1,0.4,0.4,0.65,0.56,0.39,1,-1.803696192292925e-06,45.6264,153.2357,3.36,50,xenium_human_lymph_node_5k,7-12 genes
Non-Contiguous Random,37,0,13,1,1,1,1,1.0,1.0,0.95,0.84,0.5,1,1.5846824482079749e-06,45.9177,156.7651,3.41,50,xenium_human_lymph_node_5k,13-16 genes
Non-Contiguous Random,37,1,7,0,0,0,0,0.8,0.7,0.65,0.58,0.45,2,0.027461879567345,28.4847,101.0452,3.55,50,xenium_human_lymph_node_5k,7-12 genes
Non-Contiguous Random,37,2,6,1,1,1,1,1.0,1.0,0.8,0.66,0.48,1,-1.511943881954414e-06,23.5769,93.0209,3.95,50,xenium_human_lymph_node_5k,<=6 genes
Non-Contiguous Random,37,3,11,1,1,1,1,1.0,1.0,0.9,0.74,0.5,1,2.3304318702010995e-06,39.5934,130.2553,3.29,50,xenium_human_lymph_node_5k,7-12 genes
Non-Contiguous Random,37,4,9,1,1,1,1,1.0,1.0,0.8,0.52,0.37,1,-2.8856277465849622e-06,33.7762,120.6699,3.57,50,xenium_human_lymph_node_5k,7-12 genes
Non-Contiguous Random,38,0,11,1,1,1,1,1.0,1.0,1.0,0.82,0.42,1,2.399517968987297e-06,37.6496,132.7901,3.53,50,xenium_human_lymph_node_5k,7-12 genes
Non-Contiguous Random,38,1,11,0,0,0,0,0.6,0.4,0.3,0.32,0.25,2,0.0078783700536104,45.1705,145.5255,3.22,50,xenium_human_lymph_node_5k,7-12 genes
Non-Contiguous Random,38,2,11,1,1,1,1,1.0,1.0,1.0,0.82,0.5,1,-3.7559146893739737e-06,37.0182,132.0453,3.57,50,xenium_human_lymph_node_5k,7-12 genes
Non-Contiguous Random,38,3,19,1,1,1,1,1.0,1.0,1.0,0.68,0.46,1,-6.49445247469238e-07,62.0892,256.0735,4.12,50,xenium_human_lymph_node_5k,>16 genes
Non-Contiguous Random,38,4,8,1,1,1,1,0.2,0.4,0.35,0.26,0.19,1,2.791589993778043e-06,32.8773,107.0155,3.26,50,xenium_human_lymph_node_5k,7-12 genes
Non-Contiguous Random,39,0,7,0,0,0,0,0.2,0.4,0.5,0.46,0.3,5,0.153876388741171,32.7488,103.4115,3.16,50,xenium_human_lymph_node_5k,7-12 genes
Non-Contiguous Random,39,1,6,1,1,1,1,0.2,0.4,0.45,0.46,0.5,1,0.0,26.3809,93.2977,3.54,50,xenium_human_lymph_node_5k,<=6 genes
Non-Contiguous Random,39,2,7,1,1,1,1,0.8,0.9,0.9,0.76,0.45,1,-2.069561806483655e-06,29.8026,106.6441,3.58,50,xenium_human_lymph_node_5k,7-12 genes
Non-Contiguous Random,39,3,7,1,1,1,1,0.0,0.0,0.4,0.92,0.48,1,0.0,29.0505,97.7535,3.36,50,xenium_human_lymph_node_5k,7-12 genes
Non-Contiguous Random,39,4,8,1,1,1,1,1.0,1.0,0.9,0.72,0.41,1,-3.69858258995881e-06,31.9446,104.3243,3.27,50,xenium_human_lymph_node_5k,7-12 genes
Non-Contiguous Random,40,0,11,1,1,1,1,1.0,1.0,0.95,0.82,0.47,1,4.018941366812356e-06,38.1591,135.6446,3.55,50,xenium_human_lymph_node_5k,7-12 genes
Non-Contiguous Random,40,1,21,1,1,1,1,1.0,0.9,0.9,0.66,0.4,1,4.200569890144834e-06,66.6246,311.2992,4.67,50,xenium_human_lymph_node_5k,>16 genes
Non-Contiguous Random,40,2,7,1,1,1,1,1.0,0.9,0.95,0.42,0.3,1,-1.7544565487082051e-06,24.243,104.1679,4.3,50,xenium_human_lymph_node_5k,7-12 genes
Non-Contiguous Random,40,3,15,1,1,1,1,1.0,1.0,0.85,0.68,0.37,1,6.8063213509717e-07,50.3979,195.4028,3.88,50,xenium_human_lymph_node_5k,13-16 genes
Non-Contiguous Random,40,4,14,1,1,1,1,1.0,1.0,0.95,0.72,0.42,1,-3.770773444600195e-07,49.0346,173.2308,3.53,50,xenium_human_lymph_node_5k,13-16 genes
Non-Contiguous Random,41,0,7,1,1,1,1,0.8,0.9,0.7,0.68,0.45,1,2.030942421127336e-06,27.1156,99.7582,3.68,50,xenium_human_lymph_node_5k,7-12 genes
Non-Contiguous Random,41,1,18,1,1,1,1,0.8,0.9,0.75,0.6,0.42,1,-6.640668435142771e-07,56.4178,259.559,4.6,50,xenium_human_lymph_node_5k,>16 genes
Non-Contiguous Random,41,2,13,1,1,1,1,0.8,0.5,0.5,0.48,0.34,1,3.220903897149796e-06,43.4808,173.2338,3.98,50,xenium_human_lymph_node_5k,13-16 genes
Non-Contiguous Random,41,3,15,1,1,1,1,1.0,1.0,0.8,0.7,0.47,1,3.8943379936373645e-06,46.3646,196.5924,4.24,50,xenium_human_lymph_node_5k,13-16 genes
Non-Contiguous Random,41,4,12,1,1,1,1,0.8,0.9,0.95,0.72,0.46,1,-3.447689824964684e-06,38.4188,150.1549,3.91,50,xenium_human_lymph_node_5k,7-12 genes
Non-Contiguous Random,42,0,14,1,1,1,1,0.8,0.8,0.85,0.72,0.46,1,-2.983647992227389e-06,48.9389,169.9988,3.47,50,xenium_human_lymph_node_5k,13-16 genes
Non-Contiguous Random,42,1,13,1,1,1,1,1.0,0.8,0.8,0.68,0.45,1,-3.3267546353243915e-06,47.2395,158.3868,3.35,50,xenium_human_lymph_node_5k,13-16 genes
Non-Contiguous Random,42,2,10,0,0,0,0,0.8,0.8,0.85,0.7,0.48,2,0.0449390376078875,33.6199,122.1933,3.63,50,xenium_human_lymph_node_5k,7-12 genes
Non-Contiguous Random,42,3,11,1,1,1,1,0.6,0.8,0.85,0.68,0.47,1,4.616487543351866e-07,41.3971,140.3419,3.39,50,xenium_human_lymph_node_5k,7-12 genes
Non-Contiguous Random,42,4,9,1,1,1,1,0.8,0.7,0.6,0.54,0.4,1,3.627014160123565e-07,35.2856,118.9153,3.37,50,xenium_human_lymph_node_5k,7-12 genes
Non-Contiguous Random,43,0,7,0,0,0,0,0.2,0.3,0.3,0.24,0.23,4,0.0828401489237951,31.9598,106.453,3.33,50,xenium_human_lymph_node_5k,7-12 genes
Non-Contiguous Random,43,1,10,1,1,1,1,1.0,0.9,0.9,0.76,0.48,1,-2.988087812072493e-06,42.0705,123.8368,2.94,50,xenium_human_lymph_node_5k,7-12 genes
Non-Contiguous Random,43,2,7,0,0,0,0,0.4,0.3,0.3,0.32,0.27,2,0.0116065360369549,31.2446,106.3057,3.4,50,xenium_human_lymph_node_5k,7-12 genes
Non-Contiguous Random,43,3,7,1,1,1,1,0.8,0.8,0.8,0.56,0.42,1,4.354349163404603e-06,29.3399,98.5907,3.36,50,xenium_human_lymph_node_5k,7-12 genes
Non-Contiguous Random,43,4,11,1,1,1,1,0.8,0.6,0.6,0.6,0.46,1,-3.7400338064319527e-06,41.3444,130.6165,3.16,50,xenium_human_lymph_node_5k,7-12 genes
Non-Contiguous Random,44,0,9,0,0,0,0,0.8,0.6,0.45,0.38,0.31,2,0.0442238446044921,31.7291,115.6128,3.64,50,xenium_human_lymph_node_5k,7-12 genes
Non-Contiguous Random,44,1,10,1,1,1,1,0.2,0.2,0.25,0.2,0.19,1,8.851142279109325e-07,33.4004,124.7486,3.73,50,xenium_human_lymph_node_5k,7-12 genes
Non-Contiguous Random,44,2,7,0,0,0,0,0.6,0.6,0.6,0.5,0.42,2,0.0666548014759627,28.2447,100.306,3.55,50,xenium_human_lymph_node_5k,7-12 genes
Non-Contiguous Random,44,3,9,1,1,1,1,1.0,0.9,0.9,0.82,0.49,1,-1.667086283407837e-06,32.7055,114.0004,3.49,50,xenium_human_lymph_node_5k,7-12 genes
Non-Contiguous Random,44,4,15,0,0,0,0,0.8,0.8,0.75,0.68,0.5,2,0.1531302600755292,49.9425,194.1677,3.89,50,xenium_human_lymph_node_5k,13-16 genes
Non-Contiguous Random,45,0,14,1,1,1,1,1.0,1.0,0.9,0.68,0.4,1,-1.041906486420885e-06,46.3961,189.6138,4.09,50,xenium_human_lymph_node_5k,13-16 genes
Non-Contiguous Random,45,1,14,1,1,1,1,1.0,1.0,0.95,0.72,0.4,1,-1.0078594963047749e-06,45.9341,183.2553,3.99,50,xenium_human_lymph_node_5k,13-16 genes
Non-Contiguous Random,45,2,21,1,1,1,1,1.0,1.0,1.0,0.58,0.34,1,4.875856030484016e-06,69.7017,381.4965,5.47,50,xenium_human_lymph_node_5k,>16 genes
Non-Contiguous Random,45,3,18,1,1,1,1,1.0,1.0,0.9,0.64,0.39,1,-1.360485879509099e-07,58.6808,262.548,4.47,50,xenium_human_lymph_node_5k,>16 genes
Non-Contiguous Random,45,4,14,1,1,1,1,1.0,1.0,1.0,0.78,0.48,1,1.0637445768679757e-07,48.0248,172.8852,3.6,50,xenium_human_lymph_node_5k,13-16 genes
Non-Contiguous Random,46,0,17,1,1,1,1,1.0,0.9,0.75,0.46,0.33,1,-4.7820642197216046e-06,56.213,221.3646,3.94,50,xenium_human_lymph_node_5k,>16 genes
Non-Contiguous Random,46,1,17,0,0,0,0,0.8,0.7,0.65,0.58,0.4,2,0.0159716553790629,52.7527,205.966,3.9,50,xenium_human_lymph_node_5k,>16 genes
Non-Contiguous Random,46,2,22,1,1,1,1,1.0,1.0,0.95,0.8,0.46,1,3.955037483516222e-06,72.2592,330.6191,4.58,50,xenium_human_lymph_node_5k,>16 genes
Non-Contiguous Random,46,3,12,0,0,0,0,0.8,0.8,0.6,0.46,0.31,2,0.078608775242313,41.045,155.6866,3.79,50,xenium_human_lymph_node_5k,7-12 genes
Non-Contiguous Random,46,4,17,1,1,1,1,0.8,0.8,0.6,0.42,0.29,1,-3.427863920268948e-06,55.5044,219.7178,3.96,50,xenium_human_lymph_node_5k,>16 genes
Non-Contiguous Random,47,0,6,1,1,1,1,0.8,0.7,0.5,0.5,0.39,1,4.807759250435861e-06,25.7114,97.1175,3.78,50,xenium_human_lymph_node_5k,<=6 genes
Non-Contiguous Random,47,1,5,0,0,0,0,0.4,0.2,0.1,0.18,0.13,3,0.033369093801369,22.5944,86.4742,3.83,50,xenium_human_lymph_node_5k,<=6 genes
Non-Contiguous Random,47,2,12,1,1,1,1,1.0,1.0,1.0,0.66,0.44,1,2.5673331063291727e-06,39.9984,137.8612,3.45,50,xenium_human_lymph_node_5k,7-12 genes
Non-Contiguous Random,47,3,9,1,1,1,1,1.0,0.8,0.75,0.76,0.49,1,1.7190678914258406e-06,34.7931,117.8262,3.39,50,xenium_human_lymph_node_5k,7-12 genes
Non-Contiguous Random,47,4,4,0,0,0,0,0.4,0.3,0.25,0.16,0.13,2,0.0001203411746025,19.3662,79.9033,4.13,50,xenium_human_lymph_node_5k,<=6 genes
Non-Contiguous Random,48,0,6,0,0,0,0,0.6,0.5,0.5,0.4,0.31,2,0.0482661966711991,29.2269,97.8974,3.35,50,xenium_human_lymph_node_5k,<=6 genes
Non-Contiguous Random,48,1,5,0,0,0,0,0.0,0.2,0.2,0.18,0.18,8,0.0900088923164623,21.3059,86.5851,4.06,50,xenium_human_lymph_node_5k,<=6 genes
Non-Contiguous Random,48,2,8,1,1,1,1,0.4,0.4,0.55,0.36,0.3,1,1.4481545800859583e-06,29.8056,105.4123,3.54,50,xenium_human_lymph_node_5k,7-12 genes
Non-Contiguous Random,48,3,13,1,1,1,1,0.8,0.8,0.65,0.54,0.41,1,1.486748576695618e-06,45.721,156.6009,3.43,50,xenium_human_lymph_node_5k,13-16 genes
Non-Contiguous Random,48,4,6,0,0,0,0,0.2,0.3,0.35,0.28,0.27,3,0.4930333721218757,25.2623,88.9211,3.52,50,xenium_human_lymph_node_5k,<=6 genes
Non-Contiguous Random,49,0,10,1,1,1,1,1.0,1.0,1.0,0.92,0.48,1,2.482765349531846e-06,35.8571,124.467,3.47,50,xenium_human_lymph_node_5k,7-12 genes
Non-Contiguous Random,49,1,7,0,0,0,0,0.6,0.7,0.7,0.64,0.44,2,0.1312743060858929,24.7279,101.1898,4.09,50,xenium_human_lymph_node_5k,7-12 genes
Non-Contiguous Random,49,2,13,1,1,1,1,1.0,1.0,0.95,0.68,0.45,1,-8.24518547215547e-07,43.4211,153.6584,3.54,50,xenium_human_lymph_node_5k,13-16 genes
Non-Contiguous Random,49,3,9,1,1,1,1,0.8,0.9,0.9,0.58,0.37,1,1.227836608941324e-06,34.8979,119.2089,3.42,50,xenium_human_lymph_node_5k,7-12 genes
Non-Contiguous Random,49,4,10,1,1,1,1,0.6,0.4,0.45,0.66,0.34,1,-8.34143520478392e-07,36.2788,121.6163,3.35,50,xenium_human_lymph_node_5k,7-12 genes
Contiguous Random,0,0,8,1,1,1,1,1.0,1.0,0.95,0.84,0.5,1,-2.319450235432896e-06,7.5102,31.3952,4.18,50,xenium_human_lymph_node,7-12 genes
Contiguous Random,0,1,13,1,1,1,1,1.0,1.0,1.0,0.7,0.5,1,4.170832753280784e-06,10.4783,41.3296,3.94,50,xenium_human_lymph_node,13-16 genes
Contiguous Random,0,2,12,1,1,1,1,1.0,1.0,0.95,0.86,0.5,1,1.4222533746277577e-06,9.6934,38.7407,4.0,50,xenium_human_lymph_node,7-12 genes
Contiguous Random,0,3,8,1,1,1,1,1.0,0.9,0.75,0.76,0.5,1,-1.0531611806773038e-07,7.912,31.3522,3.96,50,xenium_human_lymph_node,7-12 genes
Contiguous Random,0,4,7,1,1,1,1,0.8,0.8,0.85,0.46,0.47,1,2.303601763772e-06,7.9462,28.6993,3.61,50,xenium_human_lymph_node,7-12 genes
Contiguous Random,1,0,10,1,1,1,1,1.0,1.0,0.95,0.62,0.42,1,-3.890248911453398e-06,8.6139,34.3255,3.98,50,xenium_human_lymph_node,7-12 genes
Contiguous Random,1,1,4,1,1,1,1,1.0,1.0,1.0,0.9,0.49,1,0.0,4.9158,24.9025,5.07,50,xenium_human_lymph_node,<=6 genes
Contiguous Random,1,2,7,1,1,1,1,1.0,0.8,0.85,0.64,0.46,1,1.6505489026097386e-06,7.6054,28.3161,3.72,50,xenium_human_lymph_node,7-12 genes
Contiguous Random,1,3,12,1,1,1,1,1.0,1.0,1.0,0.8,0.45,1,-3.3785303043543102e-06,10.3636,39.3189,3.79,50,xenium_human_lymph_node,7-12 genes
Contiguous Random,1,4,4,0,0,0,0,0.4,0.6,0.5,0.48,0.36,2,0.00401,4.7906,24.862,5.19,50,xenium_human_lymph_node,<=6 genes
Contiguous Random,2,0,7,1,1,1,1,0.4,0.6,1.0,0.66,0.38,1,0.0,10.7335,34.6844,3.23,50,xenium_human_lymph_node,7-12 genes
Contiguous Random,2,1,10,1,1,1,1,0.4,0.6,1.0,0.76,0.4,1,0.0,11.1731,42.6355,3.82,50,xenium_human_lymph_node,7-12 genes
Contiguous Random,2,2,11,1,1,1,1,0.2,0.4,1.0,0.76,0.39,1,0.0,13.8841,49.0798,3.53,50,xenium_human_lymph_node,7-12 genes
Contiguous Random,2,3,8,1,1,1,1,0.2,0.6,0.95,0.82,0.44,1,0.0,9.2765,36.3495,3.92,50,xenium_human_lymph_node,7-12 genes
Contiguous Random,2,4,6,1,1,1,1,0.6,0.8,1.0,0.66,0.37,1,0.0,7.6532,31.3131,4.09,50,xenium_human_lymph_node,<=6 genes
Contiguous Random,3,0,9,1,1,1,1,0.6,0.9,0.95,0.92,0.5,1,4.385375976562363e-06,8.5328,31.1847,3.65,50,xenium_human_lymph_node,7-12 genes
Contiguous Random,3,1,6,1,1,1,1,0.8,1.0,0.9,0.8,0.49,1,-6.23774473957131e-07,6.8574,27.2293,3.97,50,xenium_human_lymph_node,<=6 genes
Contiguous Random,3,2,9,1,1,1,1,0.8,1.0,0.95,0.88,0.49,1,4.385375976562363e-06,7.4408,30.4493,4.09,50,xenium_human_lymph_node,7-12 genes
Contiguous Random,3,3,5,1,1,1,1,0.8,1.0,0.9,0.84,0.49,1,0.0,5.918,25.8435,4.37,50,xenium_human_lymph_node,<=6 genes
Contiguous Random,3,4,5,1,1,1,1,0.8,0.8,0.85,0.82,0.49,1,0.0,5.4368,25.7873,4.74,50,xenium_human_lymph_node,<=6 genes
Contiguous Random,4,0,17,1,1,1,1,1.0,1.0,1.0,0.8,0.43,1,-4.69131663782818e-06,11.301,52.1715,4.62,50,xenium_human_lymph_node,>16 genes
Contiguous Random,4,1,13,1,1,1,1,1.0,1.0,1.0,0.82,0.42,1,1.7952193171848208e-06,9.8151,41.3784,4.22,50,xenium_human_lymph_node,13-16 genes
Contiguous Random,4,2,16,1,1,1,1,1.0,1.0,0.85,0.78,0.42,1,3.1278610229668047e-06,9.8852,48.2679,4.88,50,xenium_human_lymph_node,13-16 genes
Contiguous Random,4,3,15,1,1,1,1,1.0,1.0,0.85,0.84,0.48,1,-4.875615943034095e-06,10.7695,46.4296,4.31,50,xenium_human_lymph_node,13-16 genes
Contiguous Random,4,4,12,1,1,1,1,1.0,1.0,1.0,0.8,0.47,1,-2.6014804340151326e-06,8.34,37.7754,4.53,50,xenium_human_lymph_node,7-12 genes
Contiguous Random,5,0,10,0,0,0,0,0.6,0.8,0.9,0.72,0.49,3,0.051762539251877,7.8699,32.1928,4.09,50,xenium_human_lymph_node,7-12 genes
Contiguous Random,5,1,12,1,1,1,1,1.0,1.0,1.0,0.8,0.48,1,3.390042173957719e-06,9.9088,38.9086,3.93,50,xenium_human_lymph_node,7-12 genes
Contiguous Random,5,2,14,1,1,1,1,1.0,1.0,1.0,0.94,0.5,1,-2.6967545764811085e-06,11.4797,43.7667,3.81,50,xenium_human_lymph_node,13-16 genes
Contiguous Random,5,3,13,1,1,1,1,1.0,1.0,0.95,0.76,0.49,1,-3.1570533419143787e-06,10.2097,40.1609,3.93,50,xenium_human_lymph_node,13-16 genes
Contiguous Random,5,4,15,1,1,1,1,1.0,1.0,0.9,0.78,0.48,1,2.945885195067277e-06,10.7481,45.4512,4.23,50,xenium_human_lymph_node,13-16 genes
Contiguous Random,6,0,4,1,1,1,1,0.0,0.0,0.0,0.02,0.04,1,0.0,5.8443,25.6979,4.4,50,xenium_human_lymph_node,<=6 genes
Contiguous Random,6,1,7,1,1,1,1,0.8,0.9,0.9,0.76,0.5,1,0.0,7.6229,28.5355,3.74,50,xenium_human_lymph_node,7-12 genes
Contiguous Random,6,2,5,1,1,1,1,0.0,0.0,0.0,0.04,0.05,1,0.0,6.0437,26.2612,4.35,50,xenium_human_lymph_node,<=6 genes
Contiguous Random,6,3,5,1,1,1,1,1.0,0.9,0.9,0.84,0.49,1,0.0,5.9559,26.4266,4.44,50,xenium_human_lymph_node,<=6 genes
Contiguous Random,6,4,8,1,1,1,1,1.0,1.0,0.95,0.86,0.48,1,-5.968984597287674e-07,9.3682,30.0417,3.21,50,xenium_human_lymph_node,7-12 genes
Contiguous Random,7,0,16,1,1,1,1,1.0,1.0,0.95,0.92,0.49,1,-8.133459091230755e-07,11.736,48.9572,4.17,50,xenium_human_lymph_node,13-16 genes
Contiguous Random,7,1,16,1,1,1,1,1.0,1.0,1.0,0.82,0.46,1,-2.875671386792789e-06,11.5078,49.6035,4.31,50,xenium_human_lymph_node,13-16 genes
Contiguous Random,7,2,11,1,1,1,1,1.0,1.0,0.9,0.9,0.5,1,2.0378518435920645e-06,10.1954,37.4568,3.67,50,xenium_human_lymph_node,7-12 genes
Contiguous Random,7,3,7,1,1,1,1,1.0,1.0,1.0,0.78,0.49,1,-4.244167211314709e-06,8.0788,28.9696,3.59,50,xenium_human_lymph_node,7-12 genes
Contiguous Random,7,4,10,1,1,1,1,1.0,1.0,1.0,0.68,0.45,1,-4.252353630218586e-06,9.0216,33.4336,3.71,50,xenium_human_lymph_node,7-12 genes
Contiguous Random,8,0,12,1,1,1,1,1.0,1.0,0.75,0.76,0.5,1,4.104949764743848e-06,9.6874,39.217,4.05,50,xenium_human_lymph_node,7-12 genes
Contiguous Random,8,1,19,1,1,1,1,1.0,1.0,1.0,0.9,0.49,1,2.410291046611724e-06,12.917,60.5097,4.68,50,xenium_human_lymph_node,>16 genes
Contiguous Random,8,2,13,1,1,1,1,1.0,1.0,1.0,0.88,0.5,1,3.179145586403032e-06,10.4482,42.0948,4.03,50,xenium_human_lymph_node,13-16 genes
Contiguous Random,8,3,15,1,1,1,1,1.0,1.0,0.8,0.76,0.49,1,3.267883059154819e-06,10.6375,45.5854,4.29,50,xenium_human_lymph_node,13-16 genes
Contiguous Random,8,4,12,1,1,1,1,1.0,1.0,0.95,0.54,0.37,1,-6.484482922286539e-07,9.0148,38.0808,4.22,50,xenium_human_lymph_node,7-12 genes
Contiguous Random,9,0,16,1,1,1,1,1.0,1.0,1.0,0.8,0.43,1,7.168579101435313e-07,12.2311,49.269,4.03,50,xenium_human_lymph_node,13-16 genes
Contiguous Random,9,1,10,1,1,1,1,1.0,0.9,0.95,0.88,0.5,1,3.861017855322224e-06,8.8649,34.9783,3.95,50,xenium_human_lymph_node,7-12 genes
Contiguous Random,9,2,5,0,0,0,0,0.4,0.4,0.6,0.52,0.4,2,0.004548976137586,5.2826,26.2765,4.97,50,xenium_human_lymph_node,<=6 genes
Contiguous Random,9,3,13,1,1,1,1,1.0,1.0,1.0,0.92,0.49,1,2.5253508143530112e-06,9.6715,41.2501,4.27,50,xenium_human_lymph_node,13-16 genes
Contiguous Random,9,4,7,1,1,1,1,1.0,0.9,0.9,0.94,0.5,1,-4.365088108748694e-07,7.645,28.998,3.79,50,xenium_human_lymph_node,7-12 genes
Contiguous Random,10,0,20,1,1,1,1,1.0,1.0,0.9,0.64,0.39,1,-2.114034982181323e-06,11.3375,62.962,5.55,50,xenium_human_lymph_node,>16 genes
Contiguous Random,10,1,19,1,1,1,1,1.0,0.9,0.9,0.76,0.43,1,4.717424138878101e-06,11.3876,59.7415,5.25,50,xenium_human_lymph_node,>16 genes
Contiguous Random,10,2,13,1,1,1,1,1.0,1.0,0.95,0.8,0.5,1,2.381662380646077e-06,10.4077,41.396,3.98,50,xenium_human_lymph_node,13-16 genes
Contiguous Random,10,3,12,1,1,1,1,1.0,1.0,0.8,0.8,0.46,1,6.711531952419136e-07,10.0482,40.3703,4.02,50,xenium_human_lymph_node,7-12 genes
Contiguous Random,10,4,13,1,1,1,1,1.0,1.0,1.0,0.8,0.46,1,4.321113297400814e-06,11.755,42.3807,3.61,50,xenium_human_lymph_node,13-16 genes
Contiguous Random,11,0,13,1,1,1,1,1.0,1.0,1.0,0.9,0.5,1,2.1122915709603785e-06,10.6308,40.7187,3.83,50,xenium_human_lymph_node,13-16 genes
Contiguous Random,11,1,9,1,1,1,1,0.0,0.1,0.2,0.12,0.15,1,0.0,8.8593,30.9213,3.49,50,xenium_human_lymph_node,7-12 genes
Contiguous Random,11,2,6,1,1,1,1,1.0,1.0,1.0,0.92,0.49,1,-4.230082813486136e-06,7.7225,27.33,3.54,50,xenium_human_lymph_node,<=6 genes
Contiguous Random,11,3,11,0,0,0,0,0.0,0.5,0.75,0.84,0.46,6,0.1724072159227951,8.439,36.3592,4.31,50,xenium_human_lymph_node,7-12 genes
Contiguous Random,11,4,4,1,1,1,1,0.0,0.0,0.0,0.08,0.05,1,0.0,5.5269,24.7525,4.48,50,xenium_human_lymph_node,<=6 genes
Contiguous Random,12,0,9,1,1,1,1,1.0,1.0,0.95,0.88,0.46,1,-4.636670351028729e-06,8.9752,32.0785,3.57,50,xenium_human_lymph_node,7-12 genes
Contiguous Random,12,1,10,1,1,1,1,1.0,1.0,1.0,0.78,0.5,1,2.414511951938369e-06,9.4225,33.6192,3.57,50,xenium_human_lymph_node,7-12 genes
Contiguous Random,12,2,18,1,1,1,1,1.0,1.0,1.0,0.8,0.48,1,2.226017319362228e-06,12.3634,57.7048,4.67,50,xenium_human_lymph_node,>16 genes
Contiguous Random,12,3,7,1,1,1,1,1.0,1.0,0.7,0.8,0.5,1,-4.195312958393815e-06,7.8846,28.7927,3.65,50,xenium_human_lymph_node,7-12 genes
Contiguous Random,12,4,17,1,1,1,1,1.0,1.0,0.95,0.82,0.46,1,4.880945860818997e-07,12.252,54.3192,4.43,50,xenium_human_lymph_node,>16 genes
Contiguous Random,13,0,13,1,1,1,1,1.0,1.0,1.0,0.84,0.43,1,-2.8709084750888625e-06,8.9365,40.51,4.53,50,xenium_human_lymph_node,13-16 genes
Contiguous Random,13,1,8,1,1,1,1,1.0,0.8,0.7,0.82,0.49,1,1.46750228430248e-06,8.1149,30.5075,3.76,50,xenium_human_lymph_node,7-12 genes
Contiguous Random,13,2,13,1,1,1,1,1.0,1.0,1.0,0.82,0.47,1,2.631598724267548e-06,11.5451,42.1508,3.65,50,xenium_human_lymph_node,13-16 genes
Contiguous Random,13,3,8,1,1,1,1,1.0,1.0,0.9,0.76,0.49,1,3.009679914806745e-06,7.9058,29.573,3.74,50,xenium_human_lymph_node,7-12 genes
Contiguous Random,13,4,18,1,1,1,1,1.0,1.0,1.0,0.72,0.41,1,4.344847930326523e-07,10.5678,55.622,5.26,50,xenium_human_lymph_node,>16 genes
Contiguous Random,14,0,19,1,1,1,1,1.0,1.0,1.0,0.82,0.49,1,2.73534962147437e-06,13.3608,61.3198,4.59,50,xenium_human_lymph_node,>16 genes
Contiguous Random,14,1,13,1,1,1,1,1.0,1.0,1.0,0.94,0.48,1,1.3271911645240664e-06,12.8896,44.2122,3.43,50,xenium_human_lymph_node,13-16 genes
Contiguous Random,14,2,10,1,1,1,1,0.8,0.9,0.95,0.94,0.49,1,-4.3543499028686483e-07,10.5048,35.698,3.4,50,xenium_human_lymph_node,7-12 genes
Contiguous Random,14,3,8,1,1,1,1,1.0,1.0,1.0,0.68,0.48,1,6.292623155323973e-07,8.5655,31.2401,3.65,50,xenium_human_lymph_node,7-12 genes
Contiguous Random,14,4,14,1,1,1,1,1.0,1.0,1.0,0.9,0.48,1,1.35310375171116e-06,13.6826,46.7711,3.42,50,xenium_human_lymph_node,13-16 genes
Contiguous Random,15,0,13,1,1,1,1,1.0,1.0,1.0,0.72,0.5,1,2.533374532931454e-07,10.2831,41.3305,4.02,50,xenium_human_lymph_node,13-16 genes
Contiguous Random,15,1,6,1,1,1,1,1.0,1.0,1.0,0.88,0.49,1,0.0,7.217,27.173,3.77,50,xenium_human_lymph_node,<=6 genes
Contiguous Random,15,2,16,1,1,1,1,1.0,0.9,0.9,0.66,0.36,1,-3.034152984637828e-06,9.8889,48.4372,4.9,50,xenium_human_lymph_node,13-16 genes
Contiguous Random,15,3,12,1,1,1,1,1.0,1.0,1.0,0.76,0.45,1,2.970486095404956e-06,9.8489,39.457,4.01,50,xenium_human_lymph_node,7-12 genes
Contiguous Random,15,4,4,1,1,1,1,0.4,0.4,0.4,0.46,0.34,1,0.0,4.8335,25.3898,5.25,50,xenium_human_lymph_node,<=6 genes
Contiguous Random,16,0,17,1,1,1,1,1.0,1.0,1.0,0.84,0.47,1,-2.925203486103811e-06,14.9542,57.7735,3.86,50,xenium_human_lymph_node,>16 genes
Contiguous Random,16,1,7,1,1,1,1,1.0,1.0,1.0,0.9,0.5,1,6.646098993368099e-08,8.2415,28.3318,3.44,50,xenium_human_lymph_node,7-12 genes
Contiguous Random,16,2,18,1,1,1,1,1.0,1.0,1.0,0.86,0.49,1,-6.615383036923106e-07,15.0796,60.1007,3.99,50,xenium_human_lymph_node,>16 genes
Contiguous Random,16,3,14,1,1,1,1,1.0,1.0,0.95,0.8,0.49,1,3.969050978103184e-06,12.1815,43.3955,3.56,50,xenium_human_lymph_node,13-16 genes
Contiguous Random,16,4,14,1,1,1,1,1.0,1.0,1.0,0.78,0.47,1,2.238616957583872e-06,13.2873,47.4194,3.57,50,xenium_human_lymph_node,13-16 genes
Contiguous Random,17,0,7,1,1,1,1,0.8,0.8,0.6,0.64,0.5,1,0.0,7.2298,28.5277,3.95,50,xenium_human_lymph_node,7-12 genes
Contiguous Random,17,1,20,1,1,1,1,1.0,0.8,0.85,0.64,0.33,1,3.147500065692199e-06,10.846,62.6365,5.78,50,xenium_human_lymph_node,>16 genes
Contiguous Random,17,2,9,1,1,1,1,1.0,1.0,1.0,0.9,0.5,1,3.355051676432472e-06,8.3616,33.0504,3.95,50,xenium_human_lymph_node,7-12 genes
Contiguous Random,17,3,20,1,1,1,1,1.0,0.8,0.85,0.64,0.33,1,3.147500065692199e-06,10.7806,62.6133,5.81,50,xenium_human_lymph_node,>16 genes
Contiguous Random,17,4,13,1,1,1,1,1.0,1.0,1.0,0.58,0.41,1,-4.821975733495208e-06,11.3896,42.1459,3.7,50,xenium_human_lymph_node,13-16 genes
Contiguous Random,18,0,11,1,1,1,1,1.0,1.0,1.0,0.86,0.44,1,-4.7375381405714845e-06,9.8225,38.1803,3.89,50,xenium_human_lymph_node,7-12 genes
Contiguous Random,18,1,11,1,1,1,1,1.0,1.0,0.9,0.84,0.5,1,-1.8077922381287688e-06,10.2752,37.36,3.64,50,xenium_human_lymph_node,7-12 genes
Contiguous Random,18,2,17,1,1,1,1,1.0,1.0,1.0,0.76,0.47,1,-3.623362922589024e-06,12.2215,53.4656,4.37,50,xenium_human_lymph_node,>16 genes
Contiguous Random,18,3,19,1,1,1,1,1.0,1.0,0.9,0.84,0.47,1,2.7501620993852782e-06,13.1463,60.4726,4.6,50,xenium_human_lymph_node,>16 genes
Contiguous Random,18,4,8,1,1,1,1,1.0,0.8,0.9,0.8,0.5,1,-4.293748529712871e-06,8.1849,30.2517,3.7,50,xenium_human_lymph_node,7-12 genes
Contiguous Random,19,0,14,1,1,1,1,1.0,1.0,1.0,0.78,0.45,1,-1.869038948915103e-06,13.6657,44.4357,3.25,50,xenium_human_lymph_node,13-16 genes
Contiguous Random,19,1,17,1,1,1,1,1.0,0.9,0.9,0.82,0.44,1,-4.113680085016114e-06,11.8222,52.3031,4.42,50,xenium_human_lymph_node,>16 genes
Contiguous Random,19,2,25,1,1,1,1,1.0,1.0,1.0,0.82,0.45,1,-1.7068481446003148e-06,17.7803,91.2708,5.13,50,xenium_human_lymph_node,>16 genes
Contiguous Random,19,3,25,1,1,1,1,1.0,1.0,1.0,0.82,0.45,1,-1.7068481446003148e-06,17.6301,90.749,5.15,50,xenium_human_lymph_node,>16 genes
Contiguous Random,19,4,7,1,1,1,1,1.0,1.0,1.0,0.74,0.44,1,-1.5395071131804952e-06,7.9197,29.016,3.66,50,xenium_human_lymph_node,7-12 genes
Contiguous Random,20,0,6,1,1,1,1,0.0,0.0,0.0,0.14,0.12,1,0.0,6.825,27.6229,4.05,50,xenium_human_lymph_node,<=6 genes
Contiguous Random,20,1,7,0,0,0,0,0.8,0.9,0.9,0.72,0.5,2,0.0069350229658608,7.6886,30.4318,3.96,50,xenium_human_lymph_node,7-12 genes
Contiguous Random,20,2,15,1,1,1,1,1.0,1.0,0.9,0.88,0.5,1,-4.398812456063439e-06,10.6517,45.9567,4.31,50,xenium_human_lymph_node,13-16 genes
Contiguous Random,20,3,12,1,1,1,1,1.0,1.0,1.0,0.76,0.49,1,5.211082103884213e-07,10.4417,36.6116,3.51,50,xenium_human_lymph_node,7-12 genes
Contiguous Random,20,4,20,1,1,1,1,1.0,0.9,0.9,0.72,0.47,1,2.305244313216548e-06,11.0248,63.0088,5.72,50,xenium_human_lymph_node,>16 genes
Contiguous Random,21,0,9,1,1,1,1,1.0,1.0,1.0,0.78,0.49,1,-3.928197224889463e-06,8.2842,32.5388,3.93,50,xenium_human_lymph_node,7-12 genes
Contiguous Random,21,1,20,1,1,1,1,1.0,0.9,0.8,0.62,0.39,1,1.2508859148496754e-07,11.2712,63.1596,5.6,50,xenium_human_lymph_node,>16 genes
Contiguous Random,21,2,20,1,1,1,1,1.0,0.9,0.8,0.62,0.39,1,1.2508859148496754e-07,11.3862,63.1928,5.55,50,xenium_human_lymph_node,>16 genes
Contiguous Random,21,3,11,1,1,1,1,1.0,1.0,1.0,0.86,0.46,1,3.673646705310009e-07,9.7181,37.5571,3.86,50,xenium_human_lymph_node,7-12 genes
Contiguous Random,21,4,8,1,1,1,1,1.0,1.0,0.95,0.76,0.46,1,-3.929699196686398e-06,8.1931,30.7628,3.75,50,xenium_human_lymph_node,7-12 genes
Contiguous Random,22,0,10,1,1,1,1,1.0,1.0,1.0,0.74,0.49,1,4.965295537760067e-06,9.4145,33.4293,3.55,50,xenium_human_lymph_node,7-12 genes
Contiguous Random,22,1,10,1,1,1,1,0.0,0.0,0.15,0.28,0.21,1,0.0,8.5563,33.0446,3.86,50,xenium_human_lymph_node,7-12 genes
Contiguous Random,22,2,11,1,1,1,1,1.0,1.0,1.0,0.78,0.45,1,4.434155108709939e-06,9.8148,35.2513,3.59,50,xenium_human_lymph_node,7-12 genes
Contiguous Random,22,3,15,1,1,1,1,1.0,1.0,0.9,0.8,0.42,1,-3.857104325807881e-06,9.7344,46.1356,4.74,50,xenium_human_lymph_node,13-16 genes
Contiguous Random,22,4,14,1,1,1,1,1.0,1.0,1.0,0.86,0.43,1,1.3433337362304951e-06,9.4531,43.2413,4.57,50,xenium_human_lymph_node,13-16 genes
Contiguous Random,23,0,6,0,0,0,0,0.4,0.7,0.75,0.78,0.5,2,0.00206,6.9867,27.9288,4.0,50,xenium_human_lymph_node,<=6 genes
Contiguous Random,23,1,15,1,1,1,1,1.0,1.0,0.9,0.4,0.36,1,-1.3116313389571754e-06,10.5322,45.9587,4.36,50,xenium_human_lymph_node,13-16 genes
Contiguous Random,23,2,12,1,1,1,1,1.0,1.0,1.0,0.86,0.49,1,-2.2130325431357623e-06,10.276,36.7749,3.58,50,xenium_human_lymph_node,7-12 genes
Contiguous Random,23,3,11,1,1,1,1,1.0,1.0,0.95,0.74,0.5,1,-3.666077500130704e-06,9.7715,35.4781,3.63,50,xenium_human_lymph_node,7-12 genes
Contiguous Random,23,4,19,1,1,1,1,1.0,1.0,0.85,0.62,0.44,1,-1.1131570631928156e-06,11.1692,59.7489,5.35,50,xenium_human_lymph_node,>16 genes
Contiguous Random,24,0,18,1,1,1,1,1.0,1.0,1.0,0.66,0.35,1,1.9919925204892053e-06,10.6367,56.4891,5.31,50,xenium_human_lymph_node,>16 genes
Contiguous Random,24,1,13,1,1,1,1,1.0,1.0,0.55,0.42,0.31,1,-6.806905047535006e-07,10.6864,42.8664,4.01,50,xenium_human_lymph_node,13-16 genes
Contiguous Random,24,2,12,1,1,1,1,1.0,1.0,0.95,0.94,0.5,1,-2.174371424940036e-06,9.4608,35.954,3.8,50,xenium_human_lymph_node,7-12 genes
Contiguous Random,24,3,19,1,1,1,1,1.0,1.0,0.95,0.5,0.32,1,2.086859415412201e-06,11.1378,59.7377,5.36,50,xenium_human_lymph_node,>16 genes
Contiguous Random,24,4,6,1,1,1,1,1.0,1.0,1.0,0.88,0.5,1,3.517313160210193e-06,6.9163,27.9383,4.04,50,xenium_human_lymph_node,<=6 genes
Contiguous Random,25,0,5,0,0,0,0,0.4,0.3,0.5,0.36,0.36,2,2.161368523576068e-05,7.0914,26.6645,3.76,50,xenium_human_lymph_node,<=6 genes
Contiguous Random,25,1,12,1,1,1,1,1.0,1.0,1.0,0.78,0.5,1,-3.4471449746609206e-06,9.7854,36.4207,3.72,50,xenium_human_lymph_node,7-12 genes
Contiguous Random,25,2,18,1,1,1,1,1.0,0.9,0.95,0.86,0.48,1,2.0624432295335282e-07,12.9559,56.4458,4.36,50,xenium_human_lymph_node,>16 genes
Contiguous Random,25,3,20,1,1,1,1,1.0,0.9,0.8,0.62,0.37,1,-4.249483737783777e-06,11.2538,62.8509,5.58,50,xenium_human_lymph_node,>16 genes
Contiguous Random,25,4,17,1,1,1,1,0.8,0.7,0.7,0.76,0.42,1,1.0496733078291245e-06,10.3961,52.3349,5.03,50,xenium_human_lymph_node,>16 genes
Contiguous Random,26,0,6,1,1,1,1,0.0,0.0,0.05,0.16,0.1,1,0.0,7.3613,27.8618,3.78,50,xenium_human_lymph_node,<=6 genes
Contiguous Random,26,1,4,1,1,1,1,0.0,0.0,0.0,0.02,0.04,1,0.0,4.7151,24.989,5.3,50,xenium_human_lymph_node,<=6 genes
Contiguous Random,26,2,8,1,1,1,1,1.0,1.0,1.0,0.86,0.5,1,-2.016043160024683e-06,9.1663,29.6808,3.24,50,xenium_human_lymph_node,7-12 genes
Contiguous Random,26,3,8,1,1,1,1,1.0,1.0,0.95,0.96,0.5,1,-2.016043160024683e-06,9.0535,29.2765,3.23,50,xenium_human_lymph_node,7-12 genes
Contiguous Random,26,4,15,1,1,1,1,1.0,1.0,0.95,0.68,0.34,1,-2.900317757958959e-06,10.8492,46.1859,4.26,50,xenium_human_lymph_node,13-16 genes
Contiguous Random,27,0,6,1,1,1,1,1.0,1.0,1.0,0.84,0.45,1,-2.4279861828360727e-06,7.3947,27.8473,3.77,50,xenium_human_lymph_node,<=6 genes
Contiguous Random,27,1,8,1,1,1,1,1.0,1.0,1.0,0.92,0.5,1,1.6353152316739283e-06,8.7707,29.5033,3.36,50,xenium_human_lymph_node,7-12 genes
Contiguous Random,27,2,4,0,0,0,0,0.6,0.6,0.7,0.6,0.4,3,0.011142774477005,5.1822,25.0577,4.84,50,xenium_human_lymph_node,<=6 genes
Contiguous Random,27,3,15,1,1,1,1,1.0,1.0,0.95,0.68,0.41,1,2.1181671634451504e-06,10.5147,46.1644,4.39,50,xenium_human_lymph_node,13-16 genes
Contiguous Random,27,4,15,1,1,1,1,1.0,1.0,1.0,0.76,0.44,1,3.91576905522939e-06,11.4152,46.24,4.05,50,xenium_human_lymph_node,13-16 genes
Contiguous Random,28,0,6,0,0,0,0,0.2,0.2,0.2,0.3,0.31,4,0.0219287833848076,6.8651,27.3412,3.98,50,xenium_human_lymph_node,<=6 genes
Contiguous Random,28,1,20,1,1,1,1,1.0,1.0,0.85,0.46,0.31,1,4.230768200219615e-06,11.3266,63.0996,5.57,50,xenium_human_lymph_node,>16 genes
Contiguous Random,28,2,6,1,1,1,1,1.0,1.0,0.95,0.68,0.48,1,-1.3812021275178e-06,7.2207,27.4821,3.81,50,xenium_human_lymph_node,<=6 genes
Contiguous Random,28,3,7,1,1,1,1,1.0,1.0,0.7,0.74,0.5,1,-1.5965729037864529e-06,7.0883,29.4727,4.16,50,xenium_human_lymph_node,7-12 genes
Contiguous Random,28,4,10,1,1,1,1,1.0,1.0,1.0,0.98,0.5,1,-1.822253079569736e-06,9.213,32.0615,3.48,50,xenium_human_lymph_node,7-12 genes
Contiguous Random,29,0,13,1,1,1,1,1.0,1.0,0.85,0.84,0.49,1,-1.878476742669944e-06,9.708,38.7178,3.99,50,xenium_human_lymph_node,13-16 genes
Contiguous Random,29,1,14,1,1,1,1,1.0,1.0,0.95,0.94,0.47,1,-2.741220695781643e-07,9.9651,43.4101,4.36,50,xenium_human_lymph_node,13-16 genes
Contiguous Random,29,2,10,1,1,1,1,1.0,1.0,1.0,0.76,0.45,1,-4.7149868702967e-06,8.5285,32.0781,3.76,50,xenium_human_lymph_node,7-12 genes
Contiguous Random,29,3,13,1,1,1,1,1.0,1.0,0.85,0.92,0.49,1,-1.878476742669944e-06,10.0142,38.6144,3.86,50,xenium_human_lymph_node,13-16 genes
Contiguous Random,29,4,13,1,1,1,1,1.0,1.0,0.85,0.84,0.49,1,-1.878476742669944e-06,9.6615,38.0483,3.94,50,xenium_human_lymph_node,13-16 genes
Contiguous Random,30,0,7,1,1,1,1,1.0,1.0,1.0,0.92,0.48,1,3.136021527821997e-06,8.1299,29.2521,3.6,50,xenium_human_lymph_node,7-12 genes
Contiguous Random,30,1,15,1,1,1,1,1.0,1.0,1.0,0.78,0.5,1,-2.602404791662849e-06,11.1439,47.1599,4.23,50,xenium_human_lymph_node,13-16 genes
Contiguous Random,30,2,11,1,1,1,1,1.0,1.0,1.0,0.72,0.48,1,-2.502841383034138e-06,10.6583,34.7363,3.26,50,xenium_human_lymph_node,7-12 genes
Contiguous Random,30,3,12,1,1,1,1,1.0,1.0,0.95,0.9,0.5,1,-2.2092606299928264e-06,10.4958,36.7566,3.5,50,xenium_human_lymph_node,7-12 genes
Contiguous Random,30,4,17,1,1,1,1,1.0,1.0,0.8,0.82,0.48,1,-6.520426967249193e-07,12.266,53.0282,4.32,50,xenium_human_lymph_node,>16 genes
Contiguous Random,31,0,14,1,1,1,1,0.2,0.3,0.2,0.24,0.28,1,0.0,9.9317,44.7003,4.5,50,xenium_human_lymph_node,13-16 genes
Contiguous Random,31,1,11,1,1,1,1,0.0,0.1,0.05,0.18,0.17,1,0.0,8.6644,34.6692,4.0,50,xenium_human_lymph_node,7-12 genes
Contiguous Random,31,2,16,1,1,1,1,0.0,0.0,0.4,0.34,0.34,1,0.0,9.6672,48.1724,4.98,50,xenium_human_lymph_node,13-16 genes
Contiguous Random,31,3,4,1,1,1,1,0.0,0.0,0.0,0.14,0.12,1,0.0,5.3296,25.2272,4.73,50,xenium_human_lymph_node,<=6 genes
Contiguous Random,31,4,13,1,1,1,1,0.0,0.0,0.25,0.48,0.33,1,0.0,11.0073,39.1619,3.56,50,xenium_human_lymph_node,13-16 genes
Contiguous Random,32,0,5,1,1,1,1,1.0,1.0,0.95,0.82,0.49,1,-9.383787490917922e-07,6.7787,26.6949,3.94,50,xenium_human_lymph_node,<=6 genes
Contiguous Random,32,1,12,1,1,1,1,1.0,1.0,1.0,0.84,0.49,1,2.585086185113994e-07,9.6693,35.8551,3.71,50,xenium_human_lymph_node,7-12 genes
Contiguous Random,32,2,12,1,1,1,1,1.0,1.0,0.9,0.88,0.5,1,2.4392140787199423e-06,9.3715,36.4578,3.89,50,xenium_human_lymph_node,7-12 genes
Contiguous Random,32,3,6,1,1,1,1,1.0,1.0,0.75,0.62,0.35,1,1.0055590756972987e-06,7.2886,27.4949,3.77,50,xenium_human_lymph_node,<=6 genes
Contiguous Random,32,4,5,1,1,1,1,1.0,1.0,0.95,0.66,0.46,1,-4.228241806847333e-06,5.1844,25.9669,5.01,50,xenium_human_lymph_node,<=6 genes
Contiguous Random,33,0,16,1,1,1,1,1.0,1.0,0.85,0.58,0.42,1,9.94873047055478e-07,11.698,50.1894,4.29,50,xenium_human_lymph_node,13-16 genes
Contiguous Random,33,1,10,1,1,1,1,1.0,1.0,0.85,0.6,0.35,1,4.9383159743676686e-06,9.4682,33.059,3.49,50,xenium_human_lymph_node,7-12 genes
Contiguous Random,33,2,14,1,1,1,1,1.0,1.0,0.9,0.5,0.34,1,3.666698171311822e-06,11.5697,41.6019,3.6,50,xenium_human_lymph_node,13-16 genes
Contiguous Random,33,3,5,1,1,1,1,1.0,1.0,0.9,0.76,0.5,1,2.812125910796586e-06,6.8342,26.403,3.86,50,xenium_human_lymph_node,<=6 genes
Contiguous Random,33,4,8,1,1,1,1,1.0,1.0,1.0,0.86,0.48,1,-4.374391971040392e-06,7.7759,29.4685,3.79,50,xenium_human_lymph_node,7-12 genes
Contiguous Random,34,0,8,1,1,1,1,0.0,0.0,0.15,0.16,0.16,1,0.0,8.6236,29.8645,3.46,50,xenium_human_lymph_node,7-12 genes
Contiguous Random,34,1,5,1,1,1,1,1.0,0.9,0.9,0.84,0.5,1,4.82726969636138e-06,6.8899,26.2551,3.81,50,xenium_human_lymph_node,<=6 genes
Contiguous Random,34,2,6,1,1,1,1,0.0,0.0,0.05,0.06,0.03,1,0.0,6.6758,27.5116,4.12,50,xenium_human_lymph_node,<=6 genes
Contiguous Random,34,3,8,1,1,1,1,0.8,0.9,0.9,0.86,0.5,1,0.0,8.3281,29.6065,3.55,50,xenium_human_lymph_node,7-12 genes
Contiguous Random,34,4,15,1,1,1,1,1.0,1.0,1.0,0.84,0.49,1,-4.3289166714866045e-06,11.1156,46.1601,4.15,50,xenium_human_lymph_node,13-16 genes
Contiguous Random,35,0,11,1,1,1,1,1.0,1.0,1.0,0.92,0.5,1,-2.7609923249904966e-06,10.487,35.2945,3.37,50,xenium_human_lymph_node,7-12 genes
Contiguous Random,35,1,20,1,1,1,1,1.0,1.0,0.9,0.66,0.41,1,4.784208611052776e-06,11.3726,62.8868,5.53,50,xenium_human_lymph_node,>16 genes
Contiguous Random,35,2,6,1,1,1,1,1.0,1.0,1.0,0.84,0.47,1,-2.4209867649505057e-06,7.8607,27.2172,3.46,50,xenium_human_lymph_node,<=6 genes
Contiguous Random,35,3,18,1,1,1,1,1.0,1.0,0.95,0.86,0.5,1,1.248303990841748e-06,13.1541,56.8226,4.32,50,xenium_human_lymph_node,>16 genes
Contiguous Random,35,4,6,1,1,1,1,1.0,1.0,0.95,0.86,0.5,1,-2.790634084426369e-06,6.8271,27.0461,3.96,50,xenium_human_lymph_node,<=6 genes
Contiguous Random,36,0,15,1,1,1,1,1.0,1.0,1.0,0.94,0.5,1,3.27816392697855e-06,11.4515,47.0014,4.1,50,xenium_human_lymph_node,13-16 genes
Contiguous Random,36,1,13,1,1,1,1,1.0,1.0,1.0,0.96,0.49,1,2.65969410229161e-06,10.5029,38.6813,3.68,50,xenium_human_lymph_node,13-16 genes
Contiguous Random,36,2,19,1,1,1,1,1.0,1.0,1.0,0.74,0.44,1,-3.0898476888197024e-06,13.2284,60.8103,4.6,50,xenium_human_lymph_node,>16 genes
Contiguous Random,36,3,5,1,1,1,1,0.8,1.0,0.95,0.86,0.5,1,0.0,6.0219,26.2691,4.36,50,xenium_human_lymph_node,<=6 genes
Contiguous Random,36,4,7,1,1,1,1,1.0,1.0,1.0,0.74,0.49,1,-2.5063495841248784e-06,6.8115,29.0183,4.26,50,xenium_human_lymph_node,7-12 genes
Contiguous Random,37,0,9,1,1,1,1,1.0,1.0,1.0,0.8,0.46,1,-3.612986405693297e-06,8.6508,31.9364,3.69,50,xenium_human_lymph_node,7-12 genes
Contiguous Random,37,1,6,1,1,1,1,1.0,1.0,0.95,0.76,0.47,1,-2.256022034963223e-06,6.4097,27.6246,4.31,50,xenium_human_lymph_node,<=6 genes
Contiguous Random,37,2,16,1,1,1,1,1.0,1.0,1.0,0.88,0.47,1,-2.600326538093612e-06,12.4156,50.804,4.09,50,xenium_human_lymph_node,13-16 genes
Contiguous Random,37,3,9,1,1,1,1,1.0,1.0,0.65,0.8,0.5,1,4.031131267547006e-06,9.6761,31.4022,3.25,50,xenium_human_lymph_node,7-12 genes
Contiguous Random,37,4,9,0,0,0,0,0.2,0.4,0.35,0.36,0.43,5,0.0064336157226562,7.3216,30.1917,4.12,50,xenium_human_lymph_node,7-12 genes
Contiguous Random,38,0,14,1,1,1,1,1.0,1.0,0.85,0.74,0.49,1,5.239176581461891e-07,10.8477,41.3643,3.81,50,xenium_human_lymph_node,13-16 genes
Contiguous Random,38,1,6,1,1,1,1,1.0,1.0,1.0,0.74,0.5,1,4.607161728009679e-06,6.4475,27.9047,4.33,50,xenium_human_lymph_node,<=6 genes
Contiguous Random,38,2,16,1,1,1,1,1.0,1.0,1.0,0.72,0.47,1,1.6616821287840366e-06,12.1544,49.1501,4.04,50,xenium_human_lymph_node,13-16 genes
Contiguous Random,38,3,12,1,1,1,1,1.0,1.0,1.0,0.96,0.5,1,2.4021424449571782e-06,9.6776,36.2768,3.75,50,xenium_human_lymph_node,7-12 genes
Contiguous Random,38,4,16,1,1,1,1,1.0,0.7,0.7,0.62,0.38,1,4.330673217811665e-06,12.3362,50.586,4.1,50,xenium_human_lymph_node,13-16 genes
Contiguous Random,39,0,18,1,1,1,1,0.0,0.0,0.25,0.56,0.5,1,0.0,12.1607,58.1217,4.78,50,xenium_human_lymph_node,>16 genes
Contiguous Random,39,1,9,1,1,1,1,0.0,0.0,0.0,0.24,0.23,1,0.0,8.5291,31.6199,3.71,50,xenium_human_lymph_node,7-12 genes
Contiguous Random,39,2,10,1,1,1,1,0.0,0.0,0.15,0.26,0.2,1,0.0,8.5787,32.5838,3.8,50,xenium_human_lymph_node,7-12 genes
Contiguous Random,39,3,18,1,1,1,1,0.0,0.1,0.1,0.4,0.41,1,0.0,10.3238,55.9658,5.42,50,xenium_human_lymph_node,>16 genes
Contiguous Random,39,4,10,1,1,1,1,0.0,0.1,0.1,0.24,0.25,1,0.0,10.2529,32.7949,3.2,50,xenium_human_lymph_node,7-12 genes
Contiguous Random,40,0,18,1,1,1,1,1.0,1.0,1.0,0.84,0.49,1,-7.077473895833464e-07,12.6918,58.0065,4.57,50,xenium_human_lymph_node,>16 genes
Contiguous Random,40,1,12,1,1,1,1,0.8,0.9,0.85,0.92,0.48,1,2.2979133103007143e-06,10.6023,36.5243,3.44,50,xenium_human_lymph_node,7-12 genes
Contiguous Random,40,2,10,1,1,1,1,1.0,1.0,1.0,0.92,0.5,1,-2.378273528225172e-06,9.2083,32.0792,3.48,50,xenium_human_lymph_node,7-12 genes
Contiguous Random,40,3,17,1,1,1,1,1.0,1.0,0.95,0.72,0.45,1,-2.5869052207028176e-06,10.3542,52.0991,5.03,50,xenium_human_lymph_node,>16 genes
Contiguous Random,40,4,20,1,1,1,1,1.0,1.0,0.95,0.76,0.43,1,1.804137164551633e-06,11.1875,62.4824,5.58,50,xenium_human_lymph_node,>16 genes
Contiguous Random,41,0,7,1,1,1,1,1.0,0.9,0.9,0.8,0.5,1,0.0,8.4432,28.8034,3.41,50,xenium_human_lymph_node,7-12 genes
Contiguous Random,41,1,9,1,1,1,1,0.0,0.1,0.1,0.18,0.16,1,0.0,8.477,30.9318,3.65,50,xenium_human_lymph_node,7-12 genes
Contiguous Random,41,2,7,1,1,1,1,0.0,0.1,0.05,0.08,0.07,1,0.0,7.4652,28.1606,3.77,50,xenium_human_lymph_node,7-12 genes
Contiguous Random,41,3,4,1,1,1,1,1.0,0.9,1.0,0.62,0.42,1,0.0,5.3386,25.3467,4.75,50,xenium_human_lymph_node,<=6 genes
Contiguous Random,41,4,7,1,1,1,1,0.0,0.0,0.1,0.2,0.15,1,0.0,8.2358,28.3322,3.44,50,xenium_human_lymph_node,7-12 genes
Contiguous Random,42,0,15,1,1,1,1,1.0,1.0,1.0,0.8,0.46,1,3.376755816728028e-06,11.1049,46.7847,4.21,50,xenium_human_lymph_node,13-16 genes
Contiguous Random,42,1,7,0,0,0,0,0.8,0.9,0.95,0.86,0.5,2,0.0021039488613122,7.4278,29.0066,3.91,50,xenium_human_lymph_node,7-12 genes
Contiguous Random,42,2,13,1,1,1,1,1.0,1.0,1.0,0.84,0.48,1,-3.87635946608178e-06,11.448,39.3938,3.44,50,xenium_human_lymph_node,13-16 genes
Contiguous Random,42,3,17,1,1,1,1,1.0,1.0,1.0,0.9,0.48,1,-1.791894991498566e-06,12.1581,53.9002,4.43,50,xenium_human_lymph_node,>16 genes
Contiguous Random,42,4,5,1,1,1,1,1.0,0.8,0.85,0.88,0.5,1,-2.5090977820271983e-06,6.4808,26.281,4.06,50,xenium_human_lymph_node,<=6 genes
Contiguous Random,43,0,8,1,1,1,1,0.8,0.8,0.85,0.86,0.5,1,-2.822783551661469e-06,7.4807,29.8682,3.99,50,xenium_human_lymph_node,7-12 genes
Contiguous Random,43,1,13,1,1,1,1,1.0,1.0,1.0,0.96,0.5,1,5.388902519221084e-07,9.8271,38.8081,3.95,50,xenium_human_lymph_node,13-16 genes
Contiguous Random,43,2,4,0,0,0,0,0.4,0.5,0.5,0.34,0.27,2,0.00341,5.6329,24.7611,4.4,50,xenium_human_lymph_node,<=6 genes
Contiguous Random,43,3,13,1,1,1,1,1.0,1.0,1.0,0.88,0.46,1,5.388902519221084e-07,9.8845,38.9268,3.94,50,xenium_human_lymph_node,13-16 genes
Contiguous Random,43,4,9,1,1,1,1,1.0,0.9,0.95,0.94,0.5,1,5.865987141927091e-07,8.6867,31.3672,3.61,50,xenium_human_lymph_node,7-12 genes
Contiguous Random,44,0,10,1,1,1,1,1.0,1.0,0.95,0.86,0.5,1,1.938412884178176e-06,9.0152,32.983,3.66,50,xenium_human_lymph_node,7-12 genes
Contiguous Random,44,1,10,1,1,1,1,1.0,1.0,1.0,0.74,0.43,1,2.048221387551674e-06,8.4942,32.6107,3.84,50,xenium_human_lymph_node,7-12 genes
Contiguous Random,44,2,8,1,1,1,1,1.0,1.0,0.95,0.76,0.43,1,-8.481646423877387e-07,6.6731,29.0846,4.36,50,xenium_human_lymph_node,7-12 genes
Contiguous Random,44,3,15,1,1,1,1,1.0,1.0,1.0,0.84,0.48,1,2.7423574713303367e-06,10.938,46.7613,4.28,50,xenium_human_lymph_node,13-16 genes
Contiguous Random,44,4,4,1,1,1,1,0.2,0.4,0.3,0.34,0.28,1,0.0,4.625,25.2804,5.47,50,xenium_human_lymph_node,<=6 genes
Contiguous Random,45,0,16,1,1,1,1,1.0,1.0,0.9,0.74,0.39,1,6.114959716363444e-07,10.2099,48.6984,4.77,50,xenium_human_lymph_node,13-16 genes
Contiguous Random,45,1,9,1,1,1,1,1.0,1.0,0.95,0.84,0.5,1,-2.0425351460739982e-06,8.3082,31.2532,3.76,50,xenium_human_lymph_node,7-12 genes
Contiguous Random,45,2,5,1,1,1,1,0.4,0.5,0.45,0.44,0.26,1,0.0,5.9143,26.3833,4.46,50,xenium_human_lymph_node,<=6 genes
Contiguous Random,45,3,9,1,1,1,1,1.0,1.0,0.95,0.8,0.5,1,-2.0425351460739982e-06,8.6352,31.1113,3.6,50,xenium_human_lymph_node,7-12 genes
Contiguous Random,45,4,14,1,1,1,1,1.0,1.0,0.95,0.7,0.4,1,-3.703122423148741e-06,9.8078,40.388,4.12,50,xenium_human_lymph_node,13-16 genes
Contiguous Random,46,0,15,1,1,1,1,0.0,0.1,0.2,0.36,0.38,1,0.0,11.2192,46.328,4.13,50,xenium_human_lymph_node,13-16 genes
Contiguous Random,46,1,12,1,1,1,1,0.0,0.1,0.35,0.38,0.33,1,0.0,10.5278,36.5259,3.47,50,xenium_human_lymph_node,7-12 genes
Contiguous Random,46,2,14,1,1,1,1,0.0,0.1,0.1,0.24,0.25,1,0.0,10.681,40.9076,3.83,50,xenium_human_lymph_node,13-16 genes
Contiguous Random,46,3,9,1,1,1,1,0.0,0.0,0.1,0.24,0.24,1,0.0,8.4717,31.4427,3.71,50,xenium_human_lymph_node,7-12 genes
Contiguous Random,46,4,15,1,1,1,1,0.0,0.1,0.2,0.36,0.38,1,0.0,11.1184,46.5855,4.19,50,xenium_human_lymph_node,13-16 genes
Contiguous Random,47,0,12,1,1,1,1,1.0,1.0,0.85,0.66,0.48,1,1.7977956961196667e-06,9.5986,36.0325,3.75,50,xenium_human_lymph_node,7-12 genes
Contiguous Random,47,1,7,1,1,1,1,0.4,0.6,0.65,0.6,0.46,1,-4.309447182273066e-07,7.1198,28.9184,4.06,50,xenium_human_lymph_node,7-12 genes
Contiguous Random,47,2,14,1,1,1,1,1.0,1.0,1.0,0.8,0.48,1,2.8736790977368365e-06,11.1354,41.8133,3.75,50,xenium_human_lymph_node,13-16 genes
Contiguous Random,47,3,14,1,1,1,1,1.0,1.0,1.0,0.68,0.46,1,-3.960779872080877e-06,10.4789,41.2025,3.93,50,xenium_human_lymph_node,13-16 genes
Contiguous Random,47,4,13,1,1,1,1,1.0,1.0,1.0,0.84,0.47,1,-2.00660854510204e-06,11.0722,39.4804,3.57,50,xenium_human_lymph_node,13-16 genes
Contiguous Random,48,0,8,1,1,1,1,0.8,1.0,1.0,0.92,0.5,1,0.0,9.4277,30.1082,3.19,50,xenium_human_lymph_node,7-12 genes
Contiguous Random,48,1,12,1,1,1,1,1.0,1.0,1.0,0.78,0.47,1,0.0,8.8867,35.4374,3.99,50,xenium_human_lymph_node,7-12 genes
Contiguous Random,48,2,8,1,1,1,1,0.8,1.0,1.0,0.92,0.5,1,0.0,8.3151,29.7016,3.57,50,xenium_human_lymph_node,7-12 genes
Contiguous Random,48,3,7,1,1,1,1,0.8,1.0,1.0,0.86,0.5,1,0.0,8.3706,28.4546,3.4,50,xenium_human_lymph_node,7-12 genes
Contiguous Random,48,4,13,1,1,1,1,1.0,1.0,1.0,0.92,0.48,1,0.0,10.7216,38.8727,3.63,50,xenium_human_lymph_node,13-16 genes
Contiguous Random,49,0,14,1,1,1,1,0.0,0.1,0.25,0.28,0.3,1,0.0,11.4357,41.0955,3.59,50,xenium_human_lymph_node,13-16 genes
Contiguous Random,49,1,11,1,1,1,1,0.0,0.1,0.2,0.32,0.26,1,0.0,9.8223,34.7449,3.54,50,xenium_human_lymph_node,7-12 genes
Contiguous Random,49,2,11,1,1,1,1,0.2,0.2,0.1,0.12,0.18,1,0.0,9.9231,34.3072,3.46,50,xenium_human_lymph_node,7-12 genes
Contiguous Random,49,3,12,1,1,1,1,0.2,0.1,0.2,0.3,0.27,1,0.0,10.7161,37.0912,3.46,50,xenium_human_lymph_node,7-12 genes
Contiguous Random,49,4,15,1,1,1,1,0.2,0.2,0.1,0.24,0.24,1,0.0,10.8971,46.7226,4.29,50,xenium_human_lymph_node,13-16 genes
Non-Contiguous Random,0,0,9,1,1,1,1,1.0,1.0,1.0,0.8,0.42,1,2.587381998696639e-07,9.6111,32.178,3.35,50,xenium_human_lymph_node,7-12 genes
Non-Contiguous Random,0,1,8,1,1,1,1,1.0,1.0,0.65,0.78,0.5,1,-5.58681318877513e-07,7.9211,29.7992,3.76,50,xenium_human_lymph_node,7-12 genes
Non-Contiguous Random,0,2,7,1,1,1,1,1.0,1.0,1.0,0.7,0.45,1,1.470730001604248e-06,8.2526,28.3919,3.44,50,xenium_human_lymph_node,7-12 genes
Non-Contiguous Random,0,3,14,1,1,1,1,1.0,1.0,0.9,0.88,0.5,1,3.6020163314276488e-06,11.6488,41.3661,3.55,50,xenium_human_lymph_node,13-16 genes
Non-Contiguous Random,0,4,18,1,1,1,1,1.0,1.0,1.0,0.74,0.44,1,-4.803006457887449e-06,12.4256,56.0815,4.51,50,xenium_human_lymph_node,>16 genes
Non-Contiguous Random,1,0,11,1,1,1,1,1.0,1.0,1.0,0.6,0.38,1,2.1562988520296145e-06,8.2791,34.0509,4.11,50,xenium_human_lymph_node,7-12 genes
Non-Contiguous Random,1,1,7,1,1,1,1,1.0,1.0,1.0,0.94,0.47,1,2.9655686844612394e-06,7.2182,28.1871,3.9,50,xenium_human_lymph_node,7-12 genes
Non-Contiguous Random,1,2,5,1,1,1,1,0.6,0.6,0.5,0.44,0.47,1,0.0,5.5963,26.2303,4.69,50,xenium_human_lymph_node,<=6 genes
Non-Contiguous Random,1,3,9,1,1,1,1,1.0,1.0,1.0,0.8,0.43,1,4.395936628182919e-06,8.9532,30.9775,3.46,50,xenium_human_lymph_node,7-12 genes
Non-Contiguous Random,1,4,16,1,1,1,1,1.0,0.9,0.9,0.9,0.49,1,2.105712888500477e-07,10.8772,48.8665,4.49,50,xenium_human_lymph_node,13-16 genes
Non-Contiguous Random,2,0,11,1,1,1,1,0.2,0.5,1.0,0.74,0.42,1,0.0,13.0854,43.096,3.29,50,xenium_human_lymph_node,7-12 genes
Non-Contiguous Random,2,1,13,1,1,1,1,0.2,0.5,1.0,0.74,0.39,1,0.0,14.6401,55.6461,3.8,50,xenium_human_lymph_node,13-16 genes
Non-Contiguous Random,2,2,12,1,1,1,1,0.4,0.7,1.0,0.76,0.42,1,0.0,15.1856,48.5017,3.19,50,xenium_human_lymph_node,7-12 genes
Non-Contiguous Random,2,3,11,1,1,1,1,0.6,0.6,1.0,0.76,0.42,1,0.0,13.5544,44.4891,3.28,50,xenium_human_lymph_node,7-12 genes
Non-Contiguous Random,2,4,7,1,1,1,1,0.2,0.5,1.0,0.66,0.36,1,0.0,8.6177,31.524,3.66,50,xenium_human_lymph_node,7-12 genes
Non-Contiguous Random,3,0,11,1,1,1,1,1.0,1.0,1.0,0.86,0.49,1,-2.7840772048991907e-06,11.1537,34.0035,3.05,50,xenium_human_lymph_node,7-12 genes
Non-Contiguous Random,3,1,11,1,1,1,1,0.8,1.0,1.0,0.86,0.49,1,-2.7840772048991907e-06,10.8491,34.0451,3.14,50,xenium_human_lymph_node,7-12 genes
Non-Contiguous Random,3,2,7,1,1,1,1,0.0,0.0,0.0,0.06,0.08,1,0.0,8.2412,28.1665,3.42,50,xenium_human_lymph_node,7-12 genes
Non-Contiguous Random,3,3,6,1,1,1,1,0.0,0.0,0.0,0.04,0.05,1,0.0,7.096,27.4601,3.87,50,xenium_human_lymph_node,<=6 genes
Non-Contiguous Random,3,4,8,1,1,1,1,0.0,0.1,0.05,0.2,0.16,1,0.0,8.9948,29.0275,3.23,50,xenium_human_lymph_node,7-12 genes
Non-Contiguous Random,4,0,14,1,1,1,1,1.0,1.0,0.9,0.72,0.48,1,-3.079778782555387e-06,10.1261,40.6547,4.01,50,xenium_human_lymph_node,13-16 genes
Non-Contiguous Random,4,1,16,1,1,1,1,1.0,1.0,1.0,0.84,0.49,1,2.08068847662446e-06,12.0391,49.0019,4.07,50,xenium_human_lymph_node,13-16 genes
Non-Contiguous Random,4,2,10,1,1,1,1,1.0,1.0,0.9,0.76,0.5,1,-1.5225163247645224e-06,9.4289,33.1961,3.52,50,xenium_human_lymph_node,7-12 genes
Non-Contiguous Random,4,3,9,1,1,1,1,1.0,1.0,1.0,0.82,0.46,1,-1.710815429711854e-06,8.8107,31.5807,3.58,50,xenium_human_lymph_node,7-12 genes
Non-Contiguous Random,4,4,7,1,1,1,1,0.8,0.8,0.75,0.58,0.47,1,4.221636825778741e-06,6.5918,27.7545,4.21,50,xenium_human_lymph_node,7-12 genes
Non-Contiguous Random,5,0,12,1,1,1,1,1.0,1.0,1.0,0.74,0.47,1,-2.9574372481079927e-06,11.7042,36.2828,3.1,50,xenium_human_lymph_node,7-12 genes
Non-Contiguous Random,5,1,12,0,0,0,0,0.0,0.0,0.4,0.62,0.47,10,0.0437170425627518,10.3276,35.855,3.47,50,xenium_human_lymph_node,7-12 genes
Non-Contiguous Random,5,2,4,1,1,1,1,0.0,0.0,0.0,0.02,0.02,1,0.0,6.0015,25.1497,4.19,50,xenium_human_lymph_node,<=6 genes
Non-Contiguous Random,5,3,4,1,1,1,1,0.6,0.8,0.85,0.7,0.48,1,0.0,4.8191,25.2154,5.23,50,xenium_human_lymph_node,<=6 genes
Non-Contiguous Random,5,4,6,1,1,1,1,0.0,0.0,0.0,0.06,0.07,1,0.0,6.5157,27.0519,4.15,50,xenium_human_lymph_node,<=6 genes
Non-Contiguous Random,6,0,6,1,1,1,1,0.8,0.8,0.9,0.84,0.48,1,0.0,7.2464,27.7925,3.84,50,xenium_human_lymph_node,<=6 genes
Non-Contiguous Random,6,1,10,1,1,1,1,1.0,0.8,0.95,0.9,0.5,1,0.0,9.4622,32.1722,3.4,50,xenium_human_lymph_node,7-12 genes
Non-Contiguous Random,6,2,10,1,1,1,1,1.0,0.9,0.9,0.82,0.5,1,0.0,10.6805,32.7644,3.07,50,xenium_human_lymph_node,7-12 genes
Non-Contiguous Random,6,3,5,1,1,1,1,0.0,0.0,0.0,0.0,0.03,1,0.0,5.8162,26.1556,4.5,50,xenium_human_lymph_node,<=6 genes
Non-Contiguous Random,6,4,11,1,1,1,1,1.0,1.0,1.0,0.86,0.49,1,0.0,10.8207,34.0163,3.14,50,xenium_human_lymph_node,7-12 genes
Non-Contiguous Random,7,0,7,1,1,1,1,0.8,0.8,0.85,0.8,0.5,1,4.59404724885296e-06,6.737,28.5674,4.24,50,xenium_human_lymph_node,7-12 genes
Non-Contiguous Random,7,1,8,1,1,1,1,1.0,1.0,0.95,0.88,0.48,1,2.477026951705485e-06,8.5268,30.099,3.53,50,xenium_human_lymph_node,7-12 genes
Non-Contiguous Random,7,2,18,1,1,1,1,1.0,1.0,0.95,0.86,0.45,1,9.54471399694512e-08,13.9682,56.6171,4.05,50,xenium_human_lymph_node,>16 genes
Non-Contiguous Random,7,3,6,1,1,1,1,0.8,0.9,0.7,0.58,0.48,1,-4.992162575752444e-06,6.1789,27.3669,4.43,50,xenium_human_lymph_node,<=6 genes
Non-Contiguous Random,7,4,17,1,1,1,1,1.0,1.0,1.0,0.8,0.46,1,4.413028317440393e-06,11.18,52.5861,4.7,50,xenium_human_lymph_node,>16 genes
Non-Contiguous Random,8,0,14,1,1,1,1,1.0,1.0,0.95,0.5,0.31,1,3.2353724739239698e-06,11.0527,43.9293,3.97,50,xenium_human_lymph_node,13-16 genes
Non-Contiguous Random,8,1,16,1,1,1,1,1.0,1.0,0.9,0.74,0.5,1,2.523069381726861e-06,12.1621,49.6687,4.08,50,xenium_human_lymph_node,13-16 genes
Non-Contiguous Random,8,2,14,1,1,1,1,0.8,1.0,0.9,0.46,0.32,1,3.2353724739239698e-06,10.4821,44.4021,4.24,50,xenium_human_lymph_node,13-16 genes
Non-Contiguous Random,8,3,8,0,0,0,0,0.2,0.4,0.45,0.64,0.49,4,0.0099377611411932,9.6371,29.8532,3.1,50,xenium_human_lymph_node,7-12 genes
Non-Contiguous Random,8,4,12,1,1,1,1,1.0,1.0,0.9,0.74,0.5,1,4.104949764743848e-06,9.4074,36.0006,3.83,50,xenium_human_lymph_node,7-12 genes
Non-Contiguous Random,9,0,12,1,1,1,1,1.0,1.0,1.0,0.9,0.5,1,-2.9371008186326875e-06,10.3385,36.5989,3.54,50,xenium_human_lymph_node,7-12 genes
Non-Contiguous Random,9,1,15,1,1,1,1,1.0,1.0,1.0,0.86,0.46,1,1.0532605443369647e-06,10.4713,46.1465,4.41,50,xenium_human_lymph_node,13-16 genes
Non-Contiguous Random,9,2,8,1,1,1,1,1.0,1.0,0.95,0.56,0.49,1,3.443057871144184e-06,8.212,29.6178,3.61,50,xenium_human_lymph_node,7-12 genes
Non-Contiguous Random,9,3,10,1,1,1,1,1.0,1.0,0.95,0.8,0.47,1,-2.688950140952717e-06,8.6171,32.9789,3.83,50,xenium_human_lymph_node,7-12 genes
Non-Contiguous Random,9,4,10,1,1,1,1,1.0,1.0,1.0,0.94,0.49,1,-5.357522965265815e-07,10.3423,33.4161,3.23,50,xenium_human_lymph_node,7-12 genes
Non-Contiguous Random,10,0,8,1,1,1,1,1.0,1.0,1.0,0.76,0.46,1,-2.313262812157768e-06,7.9595,30.1184,3.78,50,xenium_human_lymph_node,7-12 genes
Non-Contiguous Random,10,1,16,1,1,1,1,1.0,1.0,0.95,0.78,0.46,1,-1.1703491211711992e-06,13.5582,50.3895,3.72,50,xenium_human_lymph_node,13-16 genes
Non-Contiguous Random,10,2,18,1,1,1,1,1.0,1.0,0.95,0.58,0.38,1,3.768323334263357e-06,11.7415,55.9451,4.76,50,xenium_human_lymph_node,>16 genes
Non-Contiguous Random,10,3,16,1,1,1,1,1.0,1.0,1.0,0.92,0.47,1,8.666229249776336e-07,11.5691,50.1876,4.34,50,xenium_human_lymph_node,13-16 genes
Non-Contiguous Random,10,4,7,1,1,1,1,1.0,1.0,1.0,0.7,0.43,1,4.912486372674052e-06,8.1138,28.6318,3.53,50,xenium_human_lymph_node,7-12 genes
Non-Contiguous Random,11,0,8,1,1,1,1,1.0,1.0,1.0,0.78,0.5,1,2.926360690790053e-06,9.7531,30.1624,3.09,50,xenium_human_lymph_node,7-12 genes
Non-Contiguous Random,11,1,9,1,1,1,1,1.0,1.0,0.95,0.78,0.5,1,4.720576604208548e-06,8.8216,31.4119,3.56,50,xenium_human_lymph_node,7-12 genes
Non-Contiguous Random,11,2,7,1,1,1,1,0.0,0.1,0.1,0.12,0.13,1,0.0,7.378,28.0145,3.8,50,xenium_human_lymph_node,7-12 genes
Non-Contiguous Random,11,3,14,1,1,1,1,1.0,1.0,0.95,0.94,0.48,1,-4.413327003127687e-06,11.7852,41.13,3.49,50,xenium_human_lymph_node,13-16 genes
Non-Contiguous Random,11,4,8,1,1,1,1,1.0,1.0,1.0,0.8,0.5,1,4.934584399846065e-06,9.1012,29.3816,3.23,50,xenium_human_lymph_node,7-12 genes
Non-Contiguous Random,12,0,9,1,1,1,1,1.0,1.0,0.95,0.88,0.46,1,-4.636670351028729e-06,8.9351,32.1845,3.6,50,xenium_human_lymph_node,7-12 genes
Non-Contiguous Random,12,1,5,1,1,1,1,1.0,1.0,1.0,0.96,0.5,1,3.746736085642744e-06,6.0902,26.3582,4.33,50,xenium_human_lymph_node,<=6 genes
Non-Contiguous Random,12,2,13,1,1,1,1,1.0,1.0,1.0,0.76,0.49,1,2.742491315405049e-06,10.5084,38.1264,3.63,50,xenium_human_lymph_node,13-16 genes
Non-Contiguous Random,12,3,8,1,1,1,1,0.0,0.0,0.05,0.06,0.09,1,0.0,8.1365,29.4905,3.62,50,xenium_human_lymph_node,7-12 genes
Non-Contiguous Random,12,4,7,0,0,0,0,0.6,0.5,0.5,0.7,0.47,2,0.0022691229281786,7.5486,28.4367,3.77,50,xenium_human_lymph_node,7-12 genes
Non-Contiguous Random,13,0,13,1,1,1,1,1.0,1.0,0.95,0.88,0.5,1,-1.1593596833114894e-06,9.8567,39.2232,3.98,50,xenium_human_lymph_node,13-16 genes
Non-Contiguous Random,13,1,15,1,1,1,1,1.0,1.0,1.0,0.8,0.47,1,3.057814174117768e-06,11.5134,46.2357,4.02,50,xenium_human_lymph_node,13-16 genes
Non-Contiguous Random,13,2,16,1,1,1,1,1.0,1.0,1.0,0.84,0.49,1,2.5733184814136223e-06,11.741,49.2216,4.19,50,xenium_human_lymph_node,13-16 genes
Non-Contiguous Random,13,3,14,1,1,1,1,1.0,1.0,1.0,0.92,0.49,1,2.3705147960129125e-06,11.4648,44.9895,3.92,50,xenium_human_lymph_node,13-16 genes
Non-Contiguous Random,13,4,17,1,1,1,1,1.0,1.0,1.0,0.86,0.5,1,-1.6756792824423885e-06,12.0592,52.5628,4.36,50,xenium_human_lymph_node,>16 genes
Non-Contiguous Random,14,0,9,1,1,1,1,1.0,0.8,0.75,0.84,0.5,1,2.0860163370550744e-06,8.9549,34.4764,3.85,50,xenium_human_lymph_node,7-12 genes
Non-Contiguous Random,14,1,10,1,1,1,1,1.0,1.0,1.0,1.0,0.5,1,3.994625432393595e-06,10.0178,35.2016,3.51,50,xenium_human_lymph_node,7-12 genes
Non-Contiguous Random,14,2,18,1,1,1,1,1.0,1.0,1.0,0.86,0.47,1,4.2984985393346165e-06,16.6849,59.2884,3.55,50,xenium_human_lymph_node,>16 genes
Non-Contiguous Random,14,3,13,1,1,1,1,1.0,1.0,0.85,0.88,0.5,1,-8.884214716120553e-07,11.0595,41.9243,3.79,50,xenium_human_lymph_node,13-16 genes
Non-Contiguous Random,14,4,14,1,1,1,1,1.0,1.0,1.0,0.88,0.47,1,3.057208309620308e-06,12.9921,44.5297,3.43,50,xenium_human_lymph_node,13-16 genes
Non-Contiguous Random,15,0,13,1,1,1,1,1.0,1.0,1.0,0.8,0.42,1,0.0,9.9303,39.1051,3.94,50,xenium_human_lymph_node,13-16 genes
Non-Contiguous Random,15,1,16,1,1,1,1,1.0,0.9,0.9,0.66,0.36,1,-3.034152984637828e-06,9.941,48.3375,4.86,50,xenium_human_lymph_node,13-16 genes
Non-Contiguous Random,15,2,5,1,1,1,1,1.0,0.8,0.85,0.76,0.5,1,0.0,6.3631,26.0174,4.09,50,xenium_human_lymph_node,<=6 genes
Non-Contiguous Random,15,3,15,1,1,1,1,1.0,1.0,1.0,0.82,0.44,1,2.7501261626317053e-06,10.8579,43.254,3.98,50,xenium_human_lymph_node,13-16 genes
Non-Contiguous Random,15,4,10,1,1,1,1,1.0,1.0,0.95,0.92,0.5,1,-6.254158779334107e-07,8.9846,32.7774,3.65,50,xenium_human_lymph_node,7-12 genes
Non-Contiguous Random,16,0,6,1,1,1,1,1.0,1.0,0.8,0.86,0.5,1,-4.1633343073402274e-07,7.3649,29.3478,3.98,50,xenium_human_lymph_node,<=6 genes
Non-Contiguous Random,16,1,13,1,1,1,1,1.0,1.0,1.0,0.74,0.45,1,-2.474522069029206e-06,11.2155,41.0925,3.66,50,xenium_human_lymph_node,13-16 genes
Non-Contiguous Random,16,2,5,0,0,0,0,0.4,0.6,0.75,0.5,0.48,3,0.0635563279612178,6.5734,26.3279,4.01,50,xenium_human_lymph_node,<=6 genes
Non-Contiguous Random,16,3,24,1,1,1,1,1.0,1.0,0.95,0.72,0.43,1,2.798870267106679e-06,16.9644,84.3386,4.97,50,xenium_human_lymph_node,>16 genes
Non-Contiguous Random,16,4,20,1,1,1,1,1.0,1.0,0.95,0.82,0.48,1,1.1532943444692023e-06,17.0391,66.787,3.92,50,xenium_human_lymph_node,>16 genes
Non-Contiguous Random,17,0,14,1,1,1,1,1.0,1.0,1.0,0.98,0.49,1,2.485419856479432e-06,11.2769,46.3269,4.11,50,xenium_human_lymph_node,13-16 genes
Non-Contiguous Random,17,1,7,1,1,1,1,0.6,0.7,0.65,0.66,0.5,1,0.0,7.8858,30.3503,3.85,50,xenium_human_lymph_node,7-12 genes
Non-Contiguous Random,17,2,14,1,1,1,1,1.0,1.0,1.0,0.98,0.49,1,3.7039921433924816e-06,11.6231,45.1615,3.89,50,xenium_human_lymph_node,13-16 genes
Non-Contiguous Random,17,3,9,1,1,1,1,1.0,1.0,0.75,0.72,0.49,1,-1.1233358581863237e-06,8.8005,34.0819,3.87,50,xenium_human_lymph_node,7-12 genes
Non-Contiguous Random,17,4,15,1,1,1,1,1.0,1.0,1.0,0.96,0.5,1,1.2594541451511551e-06,12.2942,47.3128,3.85,50,xenium_human_lymph_node,13-16 genes
Non-Contiguous Random,18,0,13,1,1,1,1,1.0,1.0,1.0,0.74,0.47,1,4.042759895850345e-06,11.1319,41.6062,3.74,50,xenium_human_lymph_node,13-16 genes
Non-Contiguous Random,18,1,18,1,1,1,1,1.0,1.0,1.0,0.82,0.47,1,-1.1510653421531458e-06,14.1842,56.7268,4.0,50,xenium_human_lymph_node,>16 genes
Non-Contiguous Random,18,2,6,1,1,1,1,1.0,1.0,1.0,0.96,0.48,1,4.373945241956979e-06,6.7437,28.4041,4.21,50,xenium_human_lymph_node,<=6 genes
Non-Contiguous Random,18,3,14,1,1,1,1,1.0,1.0,0.85,0.76,0.49,1,-1.6268466791480307e-06,10.6533,44.5497,4.18,50,xenium_human_lymph_node,13-16 genes
Non-Contiguous Random,18,4,13,1,1,1,1,1.0,1.0,0.85,0.76,0.48,1,2.0381073220776533e-07,11.4751,41.6358,3.63,50,xenium_human_lymph_node,13-16 genes
Non-Contiguous Random,19,0,12,1,1,1,1,1.0,1.0,1.0,0.92,0.47,1,1.830825686999216e-06,11.3292,39.2184,3.46,50,xenium_human_lymph_node,7-12 genes
Non-Contiguous Random,19,1,9,1,1,1,1,1.0,0.9,0.95,0.92,0.5,1,-1.1623509725000591e-06,8.812,34.7797,3.95,50,xenium_human_lymph_node,7-12 genes
Non-Contiguous Random,19,2,16,1,1,1,1,1.0,1.0,1.0,0.68,0.48,1,-3.3668518062413e-07,14.8782,50.9043,3.42,50,xenium_human_lymph_node,13-16 genes
Non-Contiguous Random,19,3,26,1,1,1,1,1.0,1.0,1.0,0.72,0.45,1,-1.6441952319645736e-06,16.6649,95.7171,5.74,50,xenium_human_lymph_node,>16 genes
Non-Contiguous Random,19,4,15,1,1,1,1,1.0,1.0,1.0,0.94,0.49,1,-2.3825853592285284e-06,13.3399,50.4183,3.78,50,xenium_human_lymph_node,13-16 genes
Non-Contiguous Random,20,0,6,1,1,1,1,0.2,0.1,0.1,0.14,0.12,1,0.0,8.2473,27.8878,3.38,50,xenium_human_lymph_node,<=6 genes
Non-Contiguous Random,20,1,12,1,1,1,1,1.0,1.0,1.0,0.78,0.45,1,2.3973289615397686e-06,10.3289,39.7147,3.85,50,xenium_human_lymph_node,7-12 genes
Non-Contiguous Random,20,2,9,1,1,1,1,1.0,1.0,0.9,0.9,0.5,1,1.9071753819786816e-06,9.3985,33.724,3.59,50,xenium_human_lymph_node,7-12 genes
Non-Contiguous Random,20,3,16,0,0,0,0,0.8,0.9,0.95,0.82,0.44,2,1.9690485181951525,12.0629,49.1575,4.08,50,xenium_human_lymph_node,13-16 genes
Non-Contiguous Random,20,4,15,1,1,1,1,1.0,1.0,1.0,0.82,0.5,1,-2.7385045854588785e-06,10.7975,47.4993,4.4,50,xenium_human_lymph_node,13-16 genes
Non-Contiguous Random,21,0,7,1,1,1,1,1.0,1.0,1.0,0.82,0.42,1,-3.1711297360237367e-06,8.2258,30.5486,3.71,50,xenium_human_lymph_node,7-12 genes
Non-Contiguous Random,21,1,7,1,1,1,1,1.0,1.0,0.95,0.74,0.43,1,-1.57531041548864e-06,8.0239,28.8555,3.6,50,xenium_human_lymph_node,7-12 genes
Non-Contiguous Random,21,2,14,1,1,1,1,1.0,1.0,1.0,0.76,0.47,1,2.450219418081989e-06,12.3276,45.2529,3.67,50,xenium_human_lymph_node,13-16 genes
Non-Contiguous Random,21,3,17,1,1,1,1,1.0,1.0,1.0,0.9,0.5,1,-4.537541968385739e-06,12.0444,52.2677,4.34,50,xenium_human_lymph_node,>16 genes
Non-Contiguous Random,21,4,19,1,1,1,1,1.0,1.0,1.0,0.7,0.45,1,4.9620867366151344e-06,13.0624,60.0681,4.6,50,xenium_human_lymph_node,>16 genes
Non-Contiguous Random,22,0,6,0,0,0,0,0.0,0.4,0.5,0.38,0.32,5,0.01708,7.3164,27.8376,3.8,50,xenium_human_lymph_node,<=6 genes
Non-Contiguous Random,22,1,8,1,1,1,1,0.0,0.1,0.1,0.14,0.09,1,0.0,7.6823,29.1568,3.8,50,xenium_human_lymph_node,7-12 genes
Non-Contiguous Random,22,2,7,0,0,0,0,0.6,0.8,0.9,0.84,0.5,2,0.00635,8.2641,28.6229,3.46,50,xenium_human_lymph_node,7-12 genes
Non-Contiguous Random,22,3,13,1,1,1,1,1.0,1.0,1.0,0.94,0.5,1,3.4751053678838684e-06,11.1182,42.1206,3.79,50,xenium_human_lymph_node,13-16 genes
Non-Contiguous Random,22,4,4,1,1,1,1,0.0,0.0,0.05,0.1,0.05,1,0.0,4.5741,24.9818,5.46,50,xenium_human_lymph_node,<=6 genes
Non-Contiguous Random,23,0,15,1,1,1,1,1.0,1.0,1.0,0.96,0.49,1,-1.3116313389571754e-06,11.2009,46.5898,4.16,50,xenium_human_lymph_node,13-16 genes
Non-Contiguous Random,23,1,6,1,1,1,1,1.0,1.0,1.0,0.96,0.5,1,-4.697778532278263e-06,6.9387,27.8201,4.01,50,xenium_human_lymph_node,<=6 genes
Non-Contiguous Random,23,2,6,1,1,1,1,0.0,0.0,0.0,0.08,0.06,1,0.0,6.2257,27.0413,4.34,50,xenium_human_lymph_node,<=6 genes
Non-Contiguous Random,23,3,6,1,1,1,1,1.0,1.0,1.0,0.66,0.38,1,7.82909792829134e-08,6.7876,27.1383,4.0,50,xenium_human_lymph_node,<=6 genes
Non-Contiguous Random,23,4,14,1,1,1,1,1.0,1.0,1.0,0.86,0.47,1,-4.58434851036138e-06,12.6458,45.3903,3.59,50,xenium_human_lymph_node,13-16 genes
Non-Contiguous Random,24,0,15,1,1,1,1,1.0,1.0,1.0,0.82,0.43,1,-2.0146692639444463e-06,10.8454,45.9484,4.24,50,xenium_human_lymph_node,13-16 genes
Non-Contiguous Random,24,1,15,1,1,1,1,1.0,0.9,0.45,0.48,0.39,1,2.365806766400913e-06,11.3276,47.0144,4.15,50,xenium_human_lymph_node,13-16 genes
Non-Contiguous Random,24,2,10,1,1,1,1,1.0,1.0,1.0,0.82,0.47,1,1.369625853933111e-06,9.1674,34.463,3.76,50,xenium_human_lymph_node,7-12 genes
Non-Contiguous Random,24,3,10,1,1,1,1,1.0,1.0,1.0,0.6,0.31,1,1.7138416500105114e-06,9.3764,34.997,3.73,50,xenium_human_lymph_node,7-12 genes
Non-Contiguous Random,24,4,12,1,1,1,1,1.0,1.0,1.0,0.8,0.44,1,2.259252124423017e-06,9.8469,39.3074,3.99,50,xenium_human_lymph_node,7-12 genes
Non-Contiguous Random,25,0,15,1,1,1,1,1.0,1.0,0.9,0.72,0.49,1,-3.865315302137296e-06,10.9037,47.9258,4.4,50,xenium_human_lymph_node,13-16 genes
Non-Contiguous Random,25,1,10,1,1,1,1,1.0,1.0,1.0,0.62,0.48,1,1.558046090784429e-06,10.1137,34.8474,3.45,50,xenium_human_lymph_node,7-12 genes
Non-Contiguous Random,25,2,11,1,1,1,1,1.0,1.0,1.0,0.96,0.5,1,6.282824078877869e-08,10.0493,36.861,3.67,50,xenium_human_lymph_node,7-12 genes
Non-Contiguous Random,25,3,11,1,1,1,1,1.0,1.0,1.0,0.96,0.48,1,7.177668436969542e-07,10.1074,37.249,3.69,50,xenium_human_lymph_node,7-12 genes
Non-Contiguous Random,25,4,5,1,1,1,1,0.8,1.0,0.95,0.66,0.48,1,0.0,6.4692,25.9741,4.02,50,xenium_human_lymph_node,<=6 genes
Non-Contiguous Random,26,0,10,1,1,1,1,1.0,0.9,0.45,0.18,0.11,1,2.857759230145973e-06,10.8068,34.3312,3.18,50,xenium_human_lymph_node,7-12 genes
Non-Contiguous Random,26,1,10,1,1,1,1,1.0,1.0,0.55,0.22,0.11,1,2.857759230145973e-06,10.0173,33.995,3.39,50,xenium_human_lymph_node,7-12 genes
Non-Contiguous Random,26,2,10,1,1,1,1,1.0,1.0,0.55,0.22,0.11,1,2.4149735051715027e-06,9.9714,33.9838,3.41,50,xenium_human_lymph_node,7-12 genes
Non-Contiguous Random,26,3,6,0,0,0,0,0.8,0.8,0.9,0.78,0.5,2,0.0023540793941825,6.7915,27.0829,3.99,50,xenium_human_lymph_node,<=6 genes
Non-Contiguous Random,26,4,10,1,1,1,1,1.0,1.0,1.0,0.8,0.5,1,2.93152628283444e-06,9.6434,34.4341,3.57,50,xenium_human_lymph_node,7-12 genes
Non-Contiguous Random,27,0,8,1,1,1,1,1.0,1.0,0.95,0.86,0.5,1,2.9719782811583884e-06,8.134,30.0647,3.7,50,xenium_human_lymph_node,7-12 genes
Non-Contiguous Random,27,1,8,1,1,1,1,1.0,1.0,1.0,0.78,0.43,1,-4.552660174052259e-06,9.0533,29.5493,3.26,50,xenium_human_lymph_node,7-12 genes
Non-Contiguous Random,27,2,14,1,1,1,1,1.0,1.0,1.0,0.76,0.43,1,-2.6740820966431045e-06,11.2467,44.1743,3.93,50,xenium_human_lymph_node,13-16 genes
Non-Contiguous Random,27,3,12,1,1,1,1,1.0,1.0,0.9,0.86,0.48,1,1.8128021863073047e-06,9.3087,38.2578,4.11,50,xenium_human_lymph_node,7-12 genes
Non-Contiguous Random,27,4,15,1,1,1,1,1.0,1.0,1.0,0.8,0.4,1,-8.694846475587603e-07,11.2932,45.8423,4.06,50,xenium_human_lymph_node,13-16 genes
Non-Contiguous Random,28,0,19,1,1,1,1,1.0,1.0,0.75,0.58,0.4,1,3.457118311622765e-07,11.973,59.8475,5.0,50,xenium_human_lymph_node,>16 genes
Non-Contiguous Random,28,1,14,1,1,1,1,1.0,1.0,1.0,0.82,0.48,1,-4.508007722670017e-07,11.5343,44.6602,3.87,50,xenium_human_lymph_node,13-16 genes
Non-Contiguous Random,28,2,16,1,1,1,1,1.0,1.0,1.0,0.82,0.42,1,3.6930847167049295e-06,11.4189,49.0812,4.3,50,xenium_human_lymph_node,13-16 genes
Non-Contiguous Random,28,3,12,1,1,1,1,1.0,1.0,1.0,0.9,0.49,1,-3.5282788752866168e-06,11.4333,39.7789,3.48,50,xenium_human_lymph_node,7-12 genes
Non-Contiguous Random,28,4,8,1,1,1,1,1.0,1.0,1.0,0.72,0.4,1,8.924621785477704e-07,7.7335,30.0831,3.89,50,xenium_human_lymph_node,7-12 genes
Non-Contiguous Random,29,0,11,1,1,1,1,1.0,1.0,0.95,0.68,0.47,1,3.0839898579534952e-06,8.9604,36.9987,4.13,50,xenium_human_lymph_node,7-12 genes
Non-Contiguous Random,29,1,6,1,1,1,1,0.0,0.0,0.0,0.08,0.07,1,0.0,6.0724,27.4247,4.52,50,xenium_human_lymph_node,<=6 genes
Non-Contiguous Random,29,2,13,1,1,1,1,1.0,1.0,1.0,0.88,0.47,1,-2.585357066209326e-06,11.3177,41.7398,3.69,50,xenium_human_lymph_node,13-16 genes
Non-Contiguous Random,29,3,8,1,1,1,1,1.0,1.0,0.75,0.74,0.5,1,-5.65319635964512e-08,8.5543,29.9881,3.51,50,xenium_human_lymph_node,7-12 genes
Non-Contiguous Random,29,4,13,1,1,1,1,1.0,1.0,1.0,0.8,0.45,1,1.6399954491097546e-06,10.3148,40.8925,3.96,50,xenium_human_lymph_node,13-16 genes
Non-Contiguous Random,30,0,10,1,1,1,1,1.0,1.0,1.0,0.92,0.47,1,-1.5406815643756455e-06,9.7965,34.8984,3.56,50,xenium_human_lymph_node,7-12 genes
Non-Contiguous Random,30,1,14,1,1,1,1,1.0,1.0,0.95,0.94,0.48,1,-1.4250793201053824e-06,11.2861,44.1001,3.91,50,xenium_human_lymph_node,13-16 genes
Non-Contiguous Random,30,2,8,1,1,1,1,1.0,1.0,0.95,0.76,0.49,1,-2.661356086203215e-06,8.684,30.231,3.48,50,xenium_human_lymph_node,7-12 genes
Non-Contiguous Random,30,3,15,1,1,1,1,1.0,0.8,0.85,0.82,0.47,1,-2.491562602013886e-06,12.0092,46.017,3.83,50,xenium_human_lymph_node,13-16 genes
Non-Contiguous Random,30,4,14,1,1,1,1,0.8,1.0,1.0,0.84,0.44,1,1.967432655014534e-06,9.8052,43.0587,4.39,50,xenium_human_lymph_node,13-16 genes
Non-Contiguous Random,31,0,6,1,1,1,1,0.0,0.0,0.0,0.1,0.1,1,0.0,7.2981,27.8574,3.82,50,xenium_human_lymph_node,<=6 genes
Non-Contiguous Random,31,1,11,1,1,1,1,0.0,0.1,0.1,0.3,0.25,1,0.0,8.5247,36.6757,4.3,50,xenium_human_lymph_node,7-12 genes
Non-Contiguous Random,31,2,6,1,1,1,1,0.0,0.0,0.1,0.18,0.16,1,0.0,6.9635,27.423,3.94,50,xenium_human_lymph_node,<=6 genes
Non-Contiguous Random,31,3,8,1,1,1,1,0.0,0.0,0.0,0.06,0.09,1,0.0,9.1672,29.5975,3.23,50,xenium_human_lymph_node,7-12 genes
Non-Contiguous Random,31,4,7,1,1,1,1,0.0,0.1,0.15,0.16,0.14,1,0.0,7.1545,28.32,3.96,50,xenium_human_lymph_node,7-12 genes
Non-Contiguous Random,32,0,4,0,0,0,0,0.8,0.9,0.9,0.94,0.5,2,0.0053827473795413,5.5859,25.6412,4.59,50,xenium_human_lymph_node,<=6 genes
Non-Contiguous Random,32,1,5,1,1,1,1,1.0,1.0,1.0,0.86,0.48,1,1.703465452133901e-06,6.5076,26.1547,4.02,50,xenium_human_lymph_node,<=6 genes
Non-Contiguous Random,32,2,12,1,1,1,1,1.0,1.0,1.0,0.86,0.47,1,-8.191568392490467e-07,10.8701,39.1374,3.6,50,xenium_human_lymph_node,7-12 genes
Non-Contiguous Random,32,3,16,1,1,1,1,1.0,1.0,1.0,0.7,0.41,1,3.0861663820047625e-06,11.758,48.3502,4.11,50,xenium_human_lymph_node,13-16 genes
Non-Contiguous Random,32,4,7,1,1,1,1,1.0,1.0,0.75,0.72,0.48,1,-3.146616037480454e-06,7.5591,28.5832,3.78,50,xenium_human_lymph_node,7-12 genes
Non-Contiguous Random,33,0,12,1,1,1,1,1.0,1.0,0.85,0.56,0.4,1,-8.01783541781731e-08,10.9793,40.0707,3.65,50,xenium_human_lymph_node,7-12 genes
Non-Contiguous Random,33,1,6,1,1,1,1,0.8,0.9,0.95,0.92,0.5,1,3.947296963176944e-06,6.9962,27.1774,3.88,50,xenium_human_lymph_node,<=6 genes
Non-Contiguous Random,33,2,14,1,1,1,1,1.0,1.0,0.9,0.52,0.38,1,-2.8828223470611647e-06,12.6605,44.4543,3.51,50,xenium_human_lymph_node,13-16 genes
Non-Contiguous Random,33,3,14,1,1,1,1,1.0,1.0,1.0,0.6,0.41,1,6.875762776914485e-07,11.0634,44.6737,4.04,50,xenium_human_lymph_node,13-16 genes
Non-Contiguous Random,33,4,16,1,1,1,1,1.0,1.0,1.0,0.88,0.48,1,2.341079711865035e-06,10.9948,48.2785,4.39,50,xenium_human_lymph_node,13-16 genes
Non-Contiguous Random,34,0,9,1,1,1,1,1.0,1.0,1.0,0.82,0.5,1,3.985837300615747e-06,10.2134,33.6091,3.29,50,xenium_human_lymph_node,7-12 genes
Non-Contiguous Random,34,1,12,1,1,1,1,1.0,1.0,1.0,0.88,0.48,1,-2.3102349847037298e-07,10.1636,38.0463,3.74,50,xenium_human_lymph_node,7-12 genes
Non-Contiguous Random,34,2,11,1,1,1,1,1.0,1.0,1.0,0.9,0.48,1,-1.1364144236747364e-07,11.0303,36.8449,3.34,50,xenium_human_lymph_node,7-12 genes
Non-Contiguous Random,34,3,5,0,0,0,0,0.4,0.7,0.7,0.6,0.48,3,0.005106442870685,6.7599,26.106,3.86,50,xenium_human_lymph_node,<=6 genes
Non-Contiguous Random,34,4,7,1,1,1,1,1.0,0.9,1.0,0.76,0.48,1,-4.546999484940362e-06,7.9002,28.6976,3.63,50,xenium_human_lymph_node,7-12 genes
Non-Contiguous Random,35,0,9,1,1,1,1,1.0,1.0,1.0,0.78,0.48,1,1.65678660074553e-06,8.3817,32.4813,3.88,50,xenium_human_lymph_node,7-12 genes
Non-Contiguous Random,35,1,18,1,1,1,1,1.0,1.0,1.0,0.8,0.49,1,1.248303990841748e-06,14.0132,57.0347,4.07,50,xenium_human_lymph_node,>16 genes
Non-Contiguous Random,35,2,19,1,1,1,1,1.0,0.9,0.95,0.76,0.44,1,-4.494316200531756e-06,12.7282,60.06,4.72,50,xenium_human_lymph_node,>16 genes
Non-Contiguous Random,35,3,12,1,1,1,1,1.0,1.0,1.0,0.72,0.39,1,-4.113963428142853e-06,10.8027,39.9886,3.7,50,xenium_human_lymph_node,7-12 genes
Non-Contiguous Random,35,4,20,1,1,1,1,1.0,1.0,0.9,0.66,0.41,1,4.784208611052776e-06,11.5196,62.666,5.44,50,xenium_human_lymph_node,>16 genes
Non-Contiguous Random,36,0,11,1,1,1,1,1.0,1.0,1.0,0.82,0.49,1,2.356837199818385e-06,9.164,36.8009,4.02,50,xenium_human_lymph_node,7-12 genes
Non-Contiguous Random,36,1,13,1,1,1,1,1.0,1.0,0.95,0.9,0.49,1,-1.1705227861980029e-07,11.3518,42.8084,3.77,50,xenium_human_lymph_node,13-16 genes
Non-Contiguous Random,36,2,14,1,1,1,1,1.0,1.0,1.0,0.86,0.48,1,-8.042911430194977e-07,10.6374,43.1652,4.06,50,xenium_human_lymph_node,13-16 genes
Non-Contiguous Random,36,3,14,1,1,1,1,1.0,1.0,1.0,0.94,0.49,1,3.705869748849011e-06,12.2812,43.1765,3.52,50,xenium_human_lymph_node,13-16 genes
Non-Contiguous Random,36,4,16,1,1,1,1,1.0,1.0,1.0,0.92,0.48,1,4.04815673826775e-06,11.7722,48.4501,4.12,50,xenium_human_lymph_node,13-16 genes
Non-Contiguous Random,37,0,15,1,1,1,1,1.0,1.0,1.0,0.86,0.46,1,-4.601521403024833e-06,12.6778,47.0667,3.71,50,xenium_human_lymph_node,13-16 genes
Non-Contiguous Random,37,1,14,1,1,1,1,1.0,1.0,1.0,0.78,0.47,1,1.5533684063484543e-06,12.0409,43.8923,3.65,50,xenium_human_lymph_node,13-16 genes
Non-Contiguous Random,37,2,17,1,1,1,1,1.0,1.0,1.0,0.84,0.49,1,-4.260876459216689e-06,13.7113,53.0065,3.87,50,xenium_human_lymph_node,>16 genes
Non-Contiguous Random,37,3,13,1,1,1,1,1.0,1.0,1.0,0.88,0.48,1,-1.116190234906611e-06,10.9347,41.7782,3.82,50,xenium_human_lymph_node,13-16 genes
Non-Contiguous Random,37,4,5,1,1,1,1,0.6,0.4,0.55,0.38,0.31,1,0.0,6.3452,26.1597,4.12,50,xenium_human_lymph_node,<=6 genes
Non-Contiguous Random,38,0,15,1,1,1,1,1.0,1.0,0.75,0.56,0.4,1,-2.817154682865919e-06,12.7309,47.1937,3.71,50,xenium_human_lymph_node,13-16 genes
Non-Contiguous Random,38,1,15,1,1,1,1,1.0,1.0,1.0,0.7,0.41,1,3.367886532767983e-06,11.1756,46.4194,4.15,50,xenium_human_lymph_node,13-16 genes
Non-Contiguous Random,38,2,14,1,1,1,1,0.8,0.8,0.65,0.52,0.37,1,2.0049738314043005e-07,10.6506,44.0804,4.14,50,xenium_human_lymph_node,13-16 genes
Non-Contiguous Random,38,3,13,1,1,1,1,1.0,1.0,0.95,0.74,0.42,1,-4.773641339550494e-06,11.8814,42.451,3.57,50,xenium_human_lymph_node,13-16 genes
Non-Contiguous Random,38,4,10,1,1,1,1,1.0,1.0,1.0,0.82,0.49,1,2.500955713635733e-07,9.3024,35.3351,3.8,50,xenium_human_lymph_node,7-12 genes
Non-Contiguous Random,39,0,13,1,1,1,1,0.0,0.0,0.05,0.3,0.22,1,0.0,11.0292,40.9282,3.71,50,xenium_human_lymph_node,13-16 genes
Non-Contiguous Random,39,1,8,1,1,1,1,0.0,0.0,0.05,0.12,0.12,1,0.0,8.1364,30.1131,3.7,50,xenium_human_lymph_node,7-12 genes
Non-Contiguous Random,39,2,15,1,1,1,1,0.0,0.2,0.3,0.44,0.42,1,0.0,12.1146,47.2189,3.9,50,xenium_human_lymph_node,13-16 genes
Non-Contiguous Random,39,3,13,1,1,1,1,0.4,0.3,0.3,0.52,0.39,1,0.0,11.5321,42.1638,3.66,50,xenium_human_lymph_node,13-16 genes
Non-Contiguous Random,39,4,9,1,1,1,1,0.0,0.0,0.05,0.1,0.06,1,0.0,8.843,32.7621,3.7,50,xenium_human_lymph_node,7-12 genes
Non-Contiguous Random,40,0,16,1,1,1,1,1.0,1.0,0.95,0.68,0.43,1,-2.876586914002388e-06,10.8255,48.7326,4.5,50,xenium_human_lymph_node,13-16 genes
Non-Contiguous Random,40,1,11,1,1,1,1,1.0,0.8,0.8,0.78,0.49,1,3.3688902134620946e-06,10.1884,38.1689,3.75,50,xenium_human_lymph_node,7-12 genes
Non-Contiguous Random,40,2,11,1,1,1,1,1.0,1.0,1.0,0.78,0.5,1,3.664299529415605e-06,9.1697,36.8767,4.02,50,xenium_human_lymph_node,7-12 genes
Non-Contiguous Random,40,3,19,1,1,1,1,1.0,1.0,0.95,0.7,0.44,1,3.2799162972274587e-06,12.6019,59.6601,4.73,50,xenium_human_lymph_node,>16 genes
Non-Contiguous Random,40,4,8,1,1,1,1,1.0,1.0,1.0,0.84,0.45,1,-2.8452893362463857e-06,8.7947,29.8678,3.4,50,xenium_human_lymph_node,7-12 genes
Non-Contiguous Random,41,0,7,1,1,1,1,0.8,0.9,0.95,0.72,0.5,1,0.0,8.7482,29.3109,3.35,50,xenium_human_lymph_node,7-12 genes
Non-Contiguous Random,41,1,6,1,1,1,1,0.0,0.0,0.0,0.08,0.06,1,0.0,6.7381,27.2682,4.05,50,xenium_human_lymph_node,<=6 genes
Non-Contiguous Random,41,2,7,1,1,1,1,0.8,0.9,0.9,0.9,0.5,1,0.0,8.6422,28.9664,3.35,50,xenium_human_lymph_node,7-12 genes
Non-Contiguous Random,41,3,7,1,1,1,1,0.0,0.0,0.1,0.06,0.04,1,0.0,7.4776,27.9712,3.74,50,xenium_human_lymph_node,7-12 genes
Non-Contiguous Random,41,4,8,1,1,1,1,0.0,0.1,0.15,0.14,0.11,1,0.0,8.3662,29.0201,3.47,50,xenium_human_lymph_node,7-12 genes
Non-Contiguous Random,42,0,16,1,1,1,1,1.0,1.0,1.0,0.9,0.5,1,1.6529083253224996e-06,13.9851,50.3899,3.6,50,xenium_human_lymph_node,13-16 genes
Non-Contiguous Random,42,1,16,1,1,1,1,1.0,1.0,1.0,0.86,0.49,1,2.67089843752899e-06,12.442,48.9863,3.94,50,xenium_human_lymph_node,13-16 genes
Non-Contiguous Random,42,2,12,1,1,1,1,1.0,1.0,1.0,0.94,0.5,1,1.3103220861706948e-06,11.0723,40.5401,3.66,50,xenium_human_lymph_node,7-12 genes
Non-Contiguous Random,42,3,8,1,1,1,1,1.0,1.0,1.0,0.86,0.48,1,4.691606054254335e-06,8.0821,30.4927,3.77,50,xenium_human_lymph_node,7-12 genes
Non-Contiguous Random,42,4,12,1,1,1,1,1.0,1.0,1.0,0.94,0.49,1,3.932741873102774e-06,11.3926,40.667,3.57,50,xenium_human_lymph_node,7-12 genes
Non-Contiguous Random,43,0,8,1,1,1,1,1.0,1.0,1.0,0.92,0.5,1,-2.822783551661469e-06,8.4994,29.5811,3.48,50,xenium_human_lymph_node,7-12 genes
Non-Contiguous Random,43,1,7,1,1,1,1,1.0,1.0,1.0,0.8,0.47,1,2.318848923002926e-06,7.5792,28.8716,3.81,50,xenium_human_lymph_node,7-12 genes
Non-Contiguous Random,43,2,15,1,1,1,1,1.0,1.0,0.9,0.84,0.48,1,4.775367971276978e-06,11.2555,46.3837,4.12,50,xenium_human_lymph_node,13-16 genes
Non-Contiguous Random,43,3,9,1,1,1,1,1.0,1.0,1.0,0.88,0.5,1,-4.8311360677085954e-06,9.8987,31.5905,3.19,50,xenium_human_lymph_node,7-12 genes
Non-Contiguous Random,43,4,9,1,1,1,1,1.0,1.0,0.75,0.56,0.48,1,-2.964650789895329e-06,8.3838,30.9179,3.69,50,xenium_human_lymph_node,7-12 genes
Non-Contiguous Random,44,0,11,1,1,1,1,1.0,0.9,0.95,0.88,0.49,1,1.2691937329722958e-06,8.9077,36.2732,4.07,50,xenium_human_lymph_node,7-12 genes
Non-Contiguous Random,44,1,15,1,1,1,1,1.0,1.0,1.0,0.84,0.48,1,2.7423574713303367e-06,10.8592,46.5862,4.29,50,xenium_human_lymph_node,13-16 genes
Non-Contiguous Random,44,2,12,1,1,1,1,1.0,1.0,1.0,0.9,0.48,1,6.653751709606581e-07,11.4406,39.6835,3.47,50,xenium_human_lymph_node,7-12 genes
Non-Contiguous Random,44,3,14,1,1,1,1,1.0,1.0,0.95,0.86,0.48,1,2.539456806283092e-06,10.2636,42.9506,4.18,50,xenium_human_lymph_node,13-16 genes
Non-Contiguous Random,44,4,10,1,1,1,1,1.0,1.0,1.0,0.86,0.48,1,3.921461467298881e-06,9.863,35.1357,3.56,50,xenium_human_lymph_node,7-12 genes
Non-Contiguous Random,45,0,14,1,1,1,1,1.0,1.0,0.95,0.7,0.4,1,-3.703122423148741e-06,9.7552,44.6949,4.58,50,xenium_human_lymph_node,13-16 genes
Non-Contiguous Random,45,1,16,1,1,1,1,1.0,1.0,0.9,0.7,0.43,1,-4.4372558591909694e-06,11.1655,48.3592,4.33,50,xenium_human_lymph_node,13-16 genes
Non-Contiguous Random,45,2,15,1,1,1,1,1.0,1.0,0.95,0.68,0.42,1,2.3022756368007435e-06,11.0538,46.2469,4.18,50,xenium_human_lymph_node,13-16 genes
Non-Contiguous Random,45,3,15,1,1,1,1,1.0,1.0,0.95,0.84,0.49,1,-2.720313466042512e-06,12.272,46.78,3.81,50,xenium_human_lymph_node,13-16 genes
Non-Contiguous Random,45,4,12,1,1,1,1,1.0,1.0,0.95,0.88,0.49,1,-4.538858298541726e-06,10.9885,39.7118,3.61,50,xenium_human_lymph_node,7-12 genes
Non-Contiguous Random,46,0,7,1,1,1,1,0.0,0.0,0.0,0.06,0.04,1,0.0,8.1862,28.6958,3.51,50,xenium_human_lymph_node,7-12 genes
Non-Contiguous Random,46,1,11,1,1,1,1,0.0,0.0,0.05,0.08,0.17,1,0.0,8.398,36.9071,4.39,50,xenium_human_lymph_node,7-12 genes
Non-Contiguous Random,46,2,9,1,1,1,1,0.0,0.1,0.1,0.06,0.16,1,0.0,9.8467,31.1213,3.16,50,xenium_human_lymph_node,7-12 genes
Non-Contiguous Random,46,3,14,1,1,1,1,0.4,0.3,0.2,0.18,0.3,1,0.0,10.3356,43.4264,4.2,50,xenium_human_lymph_node,13-16 genes
Non-Contiguous Random,46,4,10,1,1,1,1,0.0,0.0,0.0,0.16,0.17,1,0.0,8.8825,34.4346,3.88,50,xenium_human_lymph_node,7-12 genes
Non-Contiguous Random,47,0,6,0,0,0,0,0.6,0.3,0.25,0.4,0.48,2,0.00288,7.5728,28.041,3.7,50,xenium_human_lymph_node,<=6 genes
Non-Contiguous Random,47,1,16,1,1,1,1,1.0,1.0,0.9,0.86,0.49,1,1.552886963018807e-06,11.9453,48.8025,4.09,50,xenium_human_lymph_node,13-16 genes
Non-Contiguous Random,47,2,8,1,1,1,1,1.0,1.0,1.0,0.74,0.43,1,1.5413433242517094e-06,8.1023,29.8714,3.69,50,xenium_human_lymph_node,7-12 genes
Non-Contiguous Random,47,3,12,1,1,1,1,1.0,1.0,1.0,0.76,0.49,1,1.2287558143753152e-06,11.7639,39.828,3.39,50,xenium_human_lymph_node,7-12 genes
Non-Contiguous Random,47,4,12,1,1,1,1,1.0,1.0,1.0,0.92,0.46,1,1.829020392363212e-06,10.383,39.5888,3.81,50,xenium_human_lymph_node,7-12 genes
Non-Contiguous Random,48,0,7,1,1,1,1,0.8,0.8,0.85,0.72,0.5,1,0.0,8.6167,28.9677,3.36,50,xenium_human_lymph_node,7-12 genes
Non-Contiguous Random,48,1,7,1,1,1,1,0.8,0.9,0.95,0.76,0.5,1,0.0,8.3733,28.6754,3.42,50,xenium_human_lymph_node,7-12 genes
Non-Contiguous Random,48,2,5,1,1,1,1,0.0,0.0,0.0,0.06,0.13,1,0.0,6.3712,26.1347,4.1,50,xenium_human_lymph_node,<=6 genes
Non-Contiguous Random,48,3,11,1,1,1,1,0.8,1.0,1.0,0.8,0.49,1,0.0,11.2901,37.7412,3.34,50,xenium_human_lymph_node,7-12 genes
Non-Contiguous Random,48,4,10,1,1,1,1,0.8,1.0,1.0,0.98,0.49,1,0.0,9.2753,32.3479,3.49,50,xenium_human_lymph_node,7-12 genes
Non-Contiguous Random,49,0,4,1,1,1,1,0.0,0.0,0.0,0.02,0.02,1,0.0,6.1459,25.5276,4.15,50,xenium_human_lymph_node,<=6 genes
Non-Contiguous Random,49,1,10,1,1,1,1,0.2,0.1,0.1,0.22,0.18,1,0.0,10.652,32.3408,3.04,50,xenium_human_lymph_node,7-12 genes
Non-Contiguous Random,49,2,7,1,1,1,1,0.0,0.0,0.0,0.12,0.11,1,0.0,7.8075,28.4481,3.64,50,xenium_human_lymph_node,7-12 genes
Non-Contiguous Random,49,3,11,1,1,1,1,0.0,0.0,0.0,0.22,0.25,1,0.0,8.4748,38.7776,4.58,50,xenium_human_lymph_node,7-12 genes
Non-Contiguous Random,49,4,13,1,1,1,1,0.0,0.1,0.15,0.3,0.27,1,0.0,10.8419,41.9657,3.87,50,xenium_human_lymph_node,13-16 genes
Contiguous Random,0,0,9,1,1,1,1,0.0,0.0,0.0,0.0,0.0,1,0.0,4.3136,24.6134,5.71,50,xenium_human_pancreatic_cancer,7-12 genes
Contiguous Random,0,1,14,1,1,1,1,0.0,0.0,0.0,0.0,0.02,1,0.0,7.2031,32.2039,4.47,50,xenium_human_pancreatic_cancer,13-16 genes
Contiguous Random,0,2,13,1,1,1,1,0.0,0.0,0.05,0.12,0.11,1,0.0,6.0145,30.5837,5.08,50,xenium_human_pancreatic_cancer,13-16 genes
Contiguous Random,0,3,9,1,1,1,1,0.0,0.0,0.0,0.0,0.0,1,0.0,5.5189,24.2996,4.4,50,xenium_human_pancreatic_cancer,7-12 genes
Contiguous Random,0,4,24,1,1,1,1,1.0,0.9,0.95,0.84,0.43,1,3.6516236177064334e-06,10.1201,51.6434,5.1,50,xenium_human_pancreatic_cancer,>16 genes
Contiguous Random,1,0,7,1,1,1,1,0.0,0.0,0.0,0.0,0.0,1,0.0,4.351,23.2747,5.35,50,xenium_human_pancreatic_cancer,7-12 genes
Contiguous Random,1,1,8,1,1,1,1,0.0,0.0,0.0,0.0,0.0,1,0.0,4.498,23.5762,5.24,50,xenium_human_pancreatic_cancer,7-12 genes
Contiguous Random,1,2,13,1,1,1,1,1.0,0.7,0.65,0.6,0.43,1,0.0,7.2027,31.5822,4.38,50,xenium_human_pancreatic_cancer,13-16 genes
Contiguous Random,1,3,6,1,1,1,1,0.0,0.0,0.0,0.0,0.0,1,0.0,4.8873,22.6571,4.64,50,xenium_human_pancreatic_cancer,<=6 genes
Contiguous Random,1,4,12,1,1,1,1,1.0,0.8,0.65,0.38,0.36,1,0.0,6.8784,28.3221,4.12,50,xenium_human_pancreatic_cancer,7-12 genes
Contiguous Random,2,0,23,1,1,1,1,1.0,0.7,0.55,0.6,0.48,1,0.0,10.1313,50.7071,5.01,50,xenium_human_pancreatic_cancer,>16 genes
Contiguous Random,2,1,13,1,1,1,1,1.0,1.0,0.75,0.42,0.33,1,0.0,6.25,31.5351,5.05,50,xenium_human_pancreatic_cancer,13-16 genes
Contiguous Random,2,2,24,1,1,1,1,1.0,0.9,0.8,0.72,0.49,1,0.0,10.0912,51.6241,5.12,50,xenium_human_pancreatic_cancer,>16 genes
Contiguous Random,2,3,6,1,1,1,1,0.0,0.0,0.0,0.0,0.0,1,0.0,4.954,22.5678,4.56,50,xenium_human_pancreatic_cancer,<=6 genes
Contiguous Random,2,4,19,1,1,1,1,1.0,1.0,0.7,0.44,0.4,1,0.0,8.4948,40.987,4.82,50,xenium_human_pancreatic_cancer,>16 genes
Contiguous Random,3,0,15,1,1,1,1,0.4,0.3,0.3,0.6,0.33,1,0.0,8.127,33.5027,4.12,50,xenium_human_pancreatic_cancer,13-16 genes
Contiguous Random,3,1,13,1,1,1,1,1.0,1.0,1.0,0.96,0.48,1,0.0,8.4868,32.0743,3.78,50,xenium_human_pancreatic_cancer,13-16 genes
Contiguous Random,3,2,10,1,1,1,1,0.4,0.3,0.35,0.48,0.5,1,0.0,5.9964,25.1307,4.19,50,xenium_human_pancreatic_cancer,7-12 genes
Contiguous Random,3,3,19,1,1,1,1,0.4,0.5,0.65,0.4,0.29,1,0.0,10.191,41.5537,4.08,50,xenium_human_pancreatic_cancer,>16 genes
Contiguous Random,3,4,18,1,1,1,1,1.0,0.8,0.7,0.76,0.49,1,-1.943150361703033e-06,10.236,40.3168,3.94,50,xenium_human_pancreatic_cancer,>16 genes
Contiguous Random,4,0,14,1,1,1,1,1.0,0.9,0.6,0.34,0.35,1,0.0,5.9558,32.3389,5.43,50,xenium_human_pancreatic_cancer,13-16 genes
Contiguous Random,4,1,20,1,1,1,1,1.0,0.9,0.7,0.62,0.42,1,3.1843913581575123e-06,9.3784,43.2504,4.61,50,xenium_human_pancreatic_cancer,>16 genes
Contiguous Random,4,2,9,1,1,1,1,1.0,1.0,0.6,0.38,0.3,1,3.822189370791297e-06,5.7111,24.8109,4.34,50,xenium_human_pancreatic_cancer,7-12 genes
Contiguous Random,4,3,8,1,1,1,1,0.8,1.0,1.0,0.94,0.48,1,-8.645570113707812e-07,5.6144,23.8902,4.26,50,xenium_human_pancreatic_cancer,7-12 genes
Contiguous Random,4,4,17,1,1,1,1,0.8,0.8,0.75,0.54,0.37,1,-8.135243221296662e-07,7.5728,37.4003,4.94,50,xenium_human_pancreatic_cancer,>16 genes
Contiguous Random,5,0,9,0,0,0,0,0.6,0.6,0.55,0.44,0.44,2,0.01058,5.9327,24.7161,4.17,50,xenium_human_pancreatic_cancer,7-12 genes
Contiguous Random,5,1,28,1,1,1,1,0.8,0.8,0.9,0.54,0.42,1,-2.272008517323343e-06,12.3699,64.9305,5.25,50,xenium_human_pancreatic_cancer,>16 genes
Contiguous Random,5,2,16,1,1,1,1,1.0,1.0,1.0,0.84,0.44,1,-3.905436992648892e-06,8.6381,34.3911,3.98,50,xenium_human_pancreatic_cancer,13-16 genes
Contiguous Random,5,3,14,1,1,1,1,0.8,0.9,0.95,0.52,0.38,1,-1.0574104007260443e-06,9.3758,34.0554,3.63,50,xenium_human_pancreatic_cancer,13-16 genes
Contiguous Random,5,4,10,1,1,1,1,1.0,0.8,0.85,0.56,0.38,1,1.2609727789479957e-06,6.9748,26.3005,3.77,50,xenium_human_pancreatic_cancer,7-12 genes
Contiguous Random,6,0,14,1,1,1,1,1.0,1.0,1.0,0.92,0.5,1,0.0,7.2592,33.2266,4.58,50,xenium_human_pancreatic_cancer,13-16 genes
Contiguous Random,6,1,17,1,1,1,1,1.0,1.0,1.0,0.88,0.46,1,0.0,7.4808,36.8635,4.93,50,xenium_human_pancreatic_cancer,>16 genes
Contiguous Random,6,2,17,1,1,1,1,1.0,1.0,1.0,0.66,0.33,1,-2.8933565047102078e-06,8.6027,38.0003,4.42,50,xenium_human_pancreatic_cancer,>16 genes
Contiguous Random,6,3,12,1,1,1,1,0.0,0.0,0.0,0.0,0.0,1,0.0,6.8953,27.8872,4.04,50,xenium_human_pancreatic_cancer,7-12 genes
Contiguous Random,6,4,14,1,1,1,1,0.0,0.0,0.0,0.2,0.18,1,0.0,7.6179,33.4479,4.39,50,xenium_human_pancreatic_cancer,13-16 genes
Contiguous Random,7,0,27,1,1,1,1,1.0,1.0,0.95,0.82,0.48,1,1.871307749867768e-06,12.1213,63.0441,5.2,50,xenium_human_pancreatic_cancer,>16 genes
Contiguous Random,7,1,26,1,1,1,1,1.0,1.0,0.95,0.86,0.49,1,-1.3676479566626654e-06,12.5051,59.4605,4.75,50,xenium_human_pancreatic_cancer,>16 genes
Contiguous Random,7,2,12,1,1,1,1,1.0,0.8,0.6,0.4,0.32,1,2.1995024158082133e-07,8.1727,27.6723,3.39,50,xenium_human_pancreatic_cancer,7-12 genes
Contiguous Random,7,3,12,1,1,1,1,1.0,1.0,0.6,0.42,0.44,1,-7.786888637558581e-07,8.111,28.6964,3.54,50,xenium_human_pancreatic_cancer,7-12 genes
Contiguous Random,7,4,19,1,1,1,1,1.0,1.0,0.85,0.8,0.5,1,1.4958194461470176e-06,10.1514,41.8757,4.13,50,xenium_human_pancreatic_cancer,>16 genes
Contiguous Random,8,0,27,1,1,1,1,1.0,1.0,1.0,0.82,0.41,1,3.5026752427391727e-06,12.166,62.3365,5.12,50,xenium_human_pancreatic_cancer,>16 genes
Contiguous Random,8,1,28,1,1,1,1,1.0,1.0,1.0,0.78,0.42,1,-4.94491478320036e-06,12.2055,64.7208,5.3,50,xenium_human_pancreatic_cancer,>16 genes
Contiguous Random,8,2,8,1,1,1,1,0.0,0.0,0.0,0.0,0.0,1,0.0,5.5931,23.6244,4.22,50,xenium_human_pancreatic_cancer,7-12 genes
Contiguous Random,8,3,8,1,1,1,1,0.0,0.0,0.0,0.0,0.0,1,0.0,5.7084,23.7405,4.16,50,xenium_human_pancreatic_cancer,7-12 genes
Contiguous Random,8,4,19,1,1,1,1,0.0,0.2,0.3,0.26,0.2,1,0.0,10.098,42.0152,4.16,50,xenium_human_pancreatic_cancer,>16 genes
Contiguous Random,9,0,9,1,1,1,1,1.0,0.7,0.55,0.46,0.34,1,-9.498119354217628e-07,6.2292,24.9143,4.0,50,xenium_human_pancreatic_cancer,7-12 genes
Contiguous Random,9,1,25,1,1,1,1,1.0,1.0,0.75,0.6,0.43,1,-1.1767578125265743e-06,12.4184,56.2141,4.53,50,xenium_human_pancreatic_cancer,>16 genes
Contiguous Random,9,2,13,1,1,1,1,0.6,0.7,0.45,0.44,0.47,1,-3.7439057259149033e-06,8.4197,32.7501,3.89,50,xenium_human_pancreatic_cancer,13-16 genes
Contiguous Random,9,3,19,1,1,1,1,1.0,0.9,0.75,0.42,0.37,1,-3.0497914003113635e-06,10.6876,42.5673,3.98,50,xenium_human_pancreatic_cancer,>16 genes
Contiguous Random,9,4,11,1,1,1,1,1.0,0.9,0.9,0.5,0.29,1,5.037822927711488e-07,7.5679,26.87,3.55,50,xenium_human_pancreatic_cancer,7-12 genes
Contiguous Random,10,0,11,1,1,1,1,1.0,1.0,0.95,0.78,0.47,1,0.0,7.0669,27.0124,3.82,50,xenium_human_pancreatic_cancer,7-12 genes
Contiguous Random,10,1,24,1,1,1,1,1.0,0.9,1.0,0.66,0.43,1,-3.793175637367696e-06,12.0422,54.5927,4.53,50,xenium_human_pancreatic_cancer,>16 genes
Contiguous Random,10,2,15,1,1,1,1,0.0,0.0,0.0,0.18,0.18,1,0.0,9.696,35.7368,3.69,50,xenium_human_pancreatic_cancer,13-16 genes
Contiguous Random,10,3,25,1,1,1,1,1.0,1.0,1.0,0.64,0.43,1,4.993286132792818e-06,12.6167,56.8973,4.51,50,xenium_human_pancreatic_cancer,>16 genes
Contiguous Random,10,4,25,1,1,1,1,1.0,1.0,1.0,0.64,0.43,1,4.993286132792818e-06,12.541,56.8917,4.54,50,xenium_human_pancreatic_cancer,>16 genes
Contiguous Random,11,0,17,1,1,1,1,1.0,1.0,1.0,0.48,0.24,1,0.0,7.6157,37.6006,4.94,50,xenium_human_pancreatic_cancer,>16 genes
Contiguous Random,11,1,10,1,1,1,1,0.0,0.0,0.0,0.0,0.0,1,0.0,5.5706,25.6936,4.61,50,xenium_human_pancreatic_cancer,7-12 genes
Contiguous Random,11,2,21,1,1,1,1,1.0,1.0,0.95,0.96,0.5,1,0.0,9.1639,44.3202,4.84,50,xenium_human_pancreatic_cancer,>16 genes
Contiguous Random,11,3,7,1,1,1,1,0.8,0.9,0.75,0.7,0.5,1,0.0,4.4274,23.0679,5.21,50,xenium_human_pancreatic_cancer,7-12 genes
Contiguous Random,11,4,10,1,1,1,1,0.0,0.0,0.0,0.0,0.0,1,0.0,5.5229,25.5496,4.63,50,xenium_human_pancreatic_cancer,7-12 genes
Contiguous Random,12,0,11,1,1,1,1,1.0,1.0,0.85,0.5,0.44,1,-3.311575851372428e-06,6.3781,27.2501,4.27,50,xenium_human_pancreatic_cancer,7-12 genes
Contiguous Random,12,1,19,1,1,1,1,1.0,1.0,1.0,0.76,0.5,1,2.424267922462864e-06,9.0148,42.0567,4.67,50,xenium_human_pancreatic_cancer,>16 genes
Contiguous Random,12,2,8,1,1,1,1,0.8,0.7,0.65,0.58,0.45,1,0.0,4.5869,23.85,5.2,50,xenium_human_pancreatic_cancer,7-12 genes
Contiguous Random,12,3,18,1,1,1,1,1.0,1.0,0.85,0.8,0.5,1,2.4302722618860934e-06,8.6719,39.8389,4.59,50,xenium_human_pancreatic_cancer,>16 genes
Contiguous Random,12,4,20,1,1,1,1,1.0,1.0,0.95,0.84,0.48,1,3.496128255620068e-06,9.3567,43.4131,4.64,50,xenium_human_pancreatic_cancer,>16 genes
Contiguous Random,13,0,12,1,1,1,1,0.0,0.0,0.0,0.2,0.14,1,0.0,7.383,28.3736,3.84,50,xenium_human_pancreatic_cancer,7-12 genes
Contiguous Random,13,1,7,1,1,1,1,1.0,1.0,1.0,0.6,0.37,1,3.2260409122174608e-06,5.2861,23.384,4.42,50,xenium_human_pancreatic_cancer,7-12 genes
Contiguous Random,13,2,12,1,1,1,1,1.0,0.7,0.65,0.58,0.5,1,4.236188494530224e-06,7.2078,29.0358,4.03,50,xenium_human_pancreatic_cancer,7-12 genes
Contiguous Random,13,3,7,1,1,1,1,0.0,0.0,0.0,0.0,0.0,1,0.0,4.568,23.0986,5.06,50,xenium_human_pancreatic_cancer,7-12 genes
Contiguous Random,13,4,17,1,1,1,1,1.0,0.8,0.9,0.88,0.5,1,3.6258362422214585e-06,8.9114,39.1583,4.39,50,xenium_human_pancreatic_cancer,>16 genes
Contiguous Random,14,0,20,1,1,1,1,1.0,1.0,1.0,0.84,0.44,1,0.0,8.0441,42.0002,5.22,50,xenium_human_pancreatic_cancer,>16 genes
Contiguous Random,14,1,14,1,1,1,1,1.0,1.0,1.0,0.86,0.46,1,-3.3371424578549323e-06,7.5938,32.8767,4.33,50,xenium_human_pancreatic_cancer,13-16 genes
Contiguous Random,14,2,11,1,1,1,1,1.0,1.0,0.8,0.66,0.47,1,0.0,6.1647,26.6352,4.32,50,xenium_human_pancreatic_cancer,7-12 genes
Contiguous Random,14,3,9,1,1,1,1,0.0,0.0,0.0,0.0,0.0,1,0.0,5.5774,24.5342,4.4,50,xenium_human_pancreatic_cancer,7-12 genes
Contiguous Random,14,4,22,1,1,1,1,1.0,0.9,0.95,0.84,0.48,1,4.355416573492005e-06,9.5743,47.6266,4.97,50,xenium_human_pancreatic_cancer,>16 genes
Contiguous Random,15,0,12,1,1,1,1,0.0,0.0,0.0,0.1,0.05,1,0.0,5.6232,27.2871,4.85,50,xenium_human_pancreatic_cancer,7-12 genes
Contiguous Random,15,1,17,1,1,1,1,1.0,0.8,0.8,0.88,0.49,1,0.0,7.4892,36.8699,4.92,50,xenium_human_pancreatic_cancer,>16 genes
Contiguous Random,15,2,23,1,1,1,1,0.8,0.8,0.75,0.78,0.5,1,-4.571751988497602e-06,9.8025,49.5355,5.05,50,xenium_human_pancreatic_cancer,>16 genes
Contiguous Random,15,3,16,1,1,1,1,0.6,0.5,0.6,0.48,0.5,1,4.578769206980971e-07,7.9299,35.8717,4.52,50,xenium_human_pancreatic_cancer,13-16 genes
Contiguous Random,15,4,6,1,1,1,1,0.0,0.0,0.0,0.0,0.0,1,0.0,4.0981,22.3073,5.44,50,xenium_human_pancreatic_cancer,<=6 genes
Contiguous Random,16,0,17,1,1,1,1,1.0,1.0,1.0,0.9,0.49,1,0.0,8.4178,38.0043,4.51,50,xenium_human_pancreatic_cancer,>16 genes
Contiguous Random,16,1,13,1,1,1,1,0.0,0.0,0.0,0.0,0.0,1,0.0,6.0087,30.5483,5.08,50,xenium_human_pancreatic_cancer,13-16 genes
Contiguous Random,16,2,13,1,1,1,1,1.0,1.0,0.95,0.9,0.5,1,0.0,7.5878,31.5702,4.16,50,xenium_human_pancreatic_cancer,13-16 genes
Contiguous Random,16,3,8,1,1,1,1,0.0,0.0,0.0,0.0,0.0,1,0.0,4.5673,23.5018,5.15,50,xenium_human_pancreatic_cancer,7-12 genes
Contiguous Random,16,4,21,1,1,1,1,1.0,1.0,1.0,0.86,0.47,1,0.0,9.0902,43.984,4.84,50,xenium_human_pancreatic_cancer,>16 genes
Contiguous Random,17,0,23,1,1,1,1,0.8,1.0,0.8,0.44,0.28,1,-2.7908788609084384e-06,9.8273,49.863,5.07,50,xenium_human_pancreatic_cancer,>16 genes
Contiguous Random,17,1,10,1,1,1,1,0.0,0.0,0.0,0.0,0.0,1,0.0,5.5233,25.5368,4.62,50,xenium_human_pancreatic_cancer,7-12 genes
Contiguous Random,17,2,21,1,1,1,1,1.0,1.0,1.0,0.5,0.31,1,2.5182658459927537e-06,9.364,44.7032,4.77,50,xenium_human_pancreatic_cancer,>16 genes
Contiguous Random,17,3,14,1,1,1,1,0.0,0.0,0.0,0.18,0.18,1,0.0,7.5704,33.1994,4.39,50,xenium_human_pancreatic_cancer,13-16 genes
Contiguous Random,17,4,19,1,1,1,1,1.0,1.0,1.0,0.62,0.31,1,0.0,8.0267,40.0894,4.99,50,xenium_human_pancreatic_cancer,>16 genes
Contiguous Random,18,0,23,1,1,1,1,1.0,1.0,0.95,0.44,0.3,1,-4.935752955706647e-06,9.8583,49.956,5.07,50,xenium_human_pancreatic_cancer,>16 genes
Contiguous Random,18,1,15,0,0,0,0,0.2,0.3,0.45,0.4,0.2,3,0.0052658863606583,7.6224,34.3737,4.51,50,xenium_human_pancreatic_cancer,13-16 genes
Contiguous Random,18,2,17,0,0,0,0,0.4,0.5,0.45,0.2,0.16,3,0.0231132545378134,8.2214,38.4689,4.68,50,xenium_human_pancreatic_cancer,>16 genes
Contiguous Random,18,3,22,0,0,0,0,0.6,0.7,0.5,0.38,0.31,3,0.0203179811603485,9.6633,46.997,4.86,50,xenium_human_pancreatic_cancer,>16 genes
Contiguous Random,18,4,9,0,0,0,0,0.2,0.2,0.25,0.4,0.38,2,0.00335,5.0483,24.7854,4.91,50,xenium_human_pancreatic_cancer,7-12 genes
Contiguous Random,19,0,14,1,1,1,1,0.8,0.9,0.95,0.84,0.5,1,0.0,7.5459,31.9801,4.24,50,xenium_human_pancreatic_cancer,13-16 genes
Contiguous Random,19,1,17,1,1,1,1,0.6,0.5,0.6,0.72,0.39,1,0.0,7.8305,36.2195,4.63,50,xenium_human_pancreatic_cancer,>16 genes
Contiguous Random,19,2,25,1,1,1,1,1.0,1.0,1.0,0.78,0.48,1,3.44467163085338e-06,12.4455,56.3828,4.53,50,xenium_human_pancreatic_cancer,>16 genes
Contiguous Random,19,3,25,1,1,1,1,1.0,1.0,1.0,0.78,0.48,1,3.44467163085338e-06,12.3741,56.0265,4.53,50,xenium_human_pancreatic_cancer,>16 genes
Contiguous Random,19,4,7,1,1,1,1,0.0,0.0,0.0,0.0,0.0,1,0.0,4.7318,22.8767,4.83,50,xenium_human_pancreatic_cancer,7-12 genes
Contiguous Random,20,0,7,1,1,1,1,0.4,0.6,0.45,0.44,0.44,1,0.0,4.2725,23.4449,5.49,50,xenium_human_pancreatic_cancer,7-12 genes
Contiguous Random,20,1,8,1,1,1,1,0.0,0.0,0.0,0.0,0.0,1,0.0,4.6617,23.3034,5.0,50,xenium_human_pancreatic_cancer,7-12 genes
Contiguous Random,20,2,16,1,1,1,1,1.0,1.0,0.9,0.62,0.43,1,4.918344169855399e-06,7.6388,34.8914,4.57,50,xenium_human_pancreatic_cancer,13-16 genes
Contiguous Random,20,3,22,1,1,1,1,1.0,0.8,0.85,0.82,0.5,1,-2.648258005609992e-07,9.4464,46.4242,4.91,50,xenium_human_pancreatic_cancer,>16 genes
Contiguous Random,20,4,14,1,1,1,1,1.0,1.0,0.65,0.48,0.48,1,-4.707892426364206e-06,7.7115,33.5756,4.35,50,xenium_human_pancreatic_cancer,13-16 genes
Contiguous Random,21,0,19,1,1,1,1,0.0,0.0,0.05,0.36,0.23,1,0.0,8.858,42.8956,4.84,50,xenium_human_pancreatic_cancer,>16 genes
Contiguous Random,21,1,8,1,1,1,1,0.0,0.0,0.0,0.0,0.01,1,0.0,5.5009,24.0043,4.36,50,xenium_human_pancreatic_cancer,7-12 genes
Contiguous Random,21,2,19,1,1,1,1,0.0,0.0,0.05,0.36,0.23,1,0.0,8.7995,43.1058,4.9,50,xenium_human_pancreatic_cancer,>16 genes
Contiguous Random,21,3,19,1,1,1,1,0.0,0.0,0.05,0.36,0.23,1,0.0,8.8207,42.7631,4.85,50,xenium_human_pancreatic_cancer,>16 genes
Contiguous Random,21,4,10,1,1,1,1,0.0,0.0,0.0,0.0,0.0,1,0.0,6.2208,25.7736,4.14,50,xenium_human_pancreatic_cancer,7-12 genes
Contiguous Random,22,0,10,1,1,1,1,0.8,0.5,0.6,0.6,0.49,1,0.0,7.3759,26.2827,3.56,50,xenium_human_pancreatic_cancer,7-12 genes
Contiguous Random,22,1,18,1,1,1,1,1.0,0.9,0.95,0.88,0.47,1,-3.469669638376735e-06,10.7799,40.238,3.73,50,xenium_human_pancreatic_cancer,>16 genes
Contiguous Random,22,2,20,1,1,1,1,0.8,1.0,1.0,0.78,0.48,1,0.0,11.0579,44.7115,4.04,50,xenium_human_pancreatic_cancer,>16 genes
Contiguous Random,22,3,8,1,1,1,1,0.0,0.0,0.0,0.0,0.0,1,0.0,5.2859,24.1919,4.58,50,xenium_human_pancreatic_cancer,7-12 genes
Contiguous Random,22,4,27,1,1,1,1,1.0,0.9,1.0,0.78,0.42,1,9.953267944631803e-07,12.0714,62.68,5.19,50,xenium_human_pancreatic_cancer,>16 genes
Contiguous Random,23,0,8,1,1,1,1,0.0,0.0,0.0,0.0,0.0,1,0.0,5.6565,24.6017,4.35,50,xenium_human_pancreatic_cancer,7-12 genes
Contiguous Random,23,1,17,1,1,1,1,1.0,0.9,1.0,0.92,0.49,1,4.299589325018616e-06,8.9683,37.0326,4.13,50,xenium_human_pancreatic_cancer,>16 genes
Contiguous Random,23,2,14,1,1,1,1,0.8,1.0,1.0,0.9,0.5,1,0.0,8.0776,32.3552,4.01,50,xenium_human_pancreatic_cancer,13-16 genes
Contiguous Random,23,3,13,1,1,1,1,1.0,0.9,1.0,0.92,0.49,1,0.0,8.6788,32.739,3.77,50,xenium_human_pancreatic_cancer,13-16 genes
Contiguous Random,23,4,11,1,1,1,1,0.0,0.0,0.0,0.0,0.09,1,0.0,7.9529,27.2482,3.43,50,xenium_human_pancreatic_cancer,7-12 genes
Contiguous Random,24,0,11,1,1,1,1,0.0,0.0,0.0,0.0,0.0,1,0.0,5.791,26.9358,4.65,50,xenium_human_pancreatic_cancer,7-12 genes
Contiguous Random,24,1,20,1,1,1,1,1.0,1.0,1.0,0.74,0.46,1,0.0,9.0827,42.1088,4.64,50,xenium_human_pancreatic_cancer,>16 genes
Contiguous Random,24,2,8,1,1,1,1,0.4,0.4,0.4,0.48,0.5,1,0.0,5.4009,24.0482,4.45,50,xenium_human_pancreatic_cancer,7-12 genes
Contiguous Random,24,3,23,1,1,1,1,1.0,0.9,0.8,0.68,0.34,1,-2.293427442845441e-06,9.907,49.822,5.03,50,xenium_human_pancreatic_cancer,>16 genes
Contiguous Random,24,4,7,1,1,1,1,1.0,1.0,0.75,0.38,0.22,1,1.911658549291761e-06,5.1797,23.6505,4.57,50,xenium_human_pancreatic_cancer,7-12 genes
Contiguous Random,25,0,6,1,1,1,1,0.0,0.0,0.0,0.0,0.0,1,0.0,3.8902,22.6446,5.82,50,xenium_human_pancreatic_cancer,<=6 genes
Contiguous Random,25,1,13,1,1,1,1,1.0,0.8,0.75,0.64,0.5,1,0.0,6.186,31.0716,5.02,50,xenium_human_pancreatic_cancer,13-16 genes
Contiguous Random,25,2,19,1,1,1,1,1.0,1.0,0.85,0.64,0.5,1,-4.877024407545783e-06,8.9742,41.474,4.62,50,xenium_human_pancreatic_cancer,>16 genes
Contiguous Random,25,3,21,1,1,1,1,1.0,1.0,0.9,0.68,0.5,1,-4.90668367070235e-06,9.4174,44.5945,4.74,50,xenium_human_pancreatic_cancer,>16 genes
Contiguous Random,25,4,18,1,1,1,1,1.0,0.9,0.7,0.7,0.48,1,-3.754027990124018e-07,7.4723,38.4014,5.14,50,xenium_human_pancreatic_cancer,>16 genes
Contiguous Random,26,0,12,1,1,1,1,1.0,0.8,0.85,0.58,0.46,1,4.804506820010185e-06,8.0669,29.0016,3.6,50,xenium_human_pancreatic_cancer,7-12 genes
Contiguous Random,26,1,7,1,1,1,1,1.0,1.0,0.9,0.6,0.37,1,1.9339586647473817e-06,5.6832,23.4828,4.13,50,xenium_human_pancreatic_cancer,7-12 genes
Contiguous Random,26,2,15,1,1,1,1,0.8,0.9,0.85,0.8,0.49,1,4.970681871635518e-06,9.3515,36.0568,3.86,50,xenium_human_pancreatic_cancer,13-16 genes
Contiguous Random,26,3,21,1,1,1,1,0.8,0.6,0.55,0.6,0.47,1,6.6361818618077e-07,11.2423,46.6233,4.15,50,xenium_human_pancreatic_cancer,>16 genes
Contiguous Random,26,4,20,1,1,1,1,1.0,1.0,1.0,0.78,0.46,1,1.3343393359260824e-06,10.6469,45.2692,4.25,50,xenium_human_pancreatic_cancer,>16 genes
Contiguous Random,27,0,21,1,1,1,1,1.0,1.0,1.0,0.76,0.39,1,4.597772492452232e-06,9.477,45.157,4.76,50,xenium_human_pancreatic_cancer,>16 genes
Contiguous Random,27,1,12,1,1,1,1,1.0,0.8,0.8,0.74,0.5,1,0.0,6.101,27.5038,4.51,50,xenium_human_pancreatic_cancer,7-12 genes
Contiguous Random,27,2,12,1,1,1,1,0.0,0.0,0.0,0.0,0.0,1,0.0,5.7468,27.0003,4.7,50,xenium_human_pancreatic_cancer,7-12 genes
Contiguous Random,27,3,24,1,1,1,1,1.0,1.0,0.95,0.86,0.5,1,-2.439018268379778e-06,10.1276,53.4876,5.28,50,xenium_human_pancreatic_cancer,>16 genes
Contiguous Random,27,4,16,1,1,1,1,0.8,0.9,0.95,0.86,0.5,1,0.0,7.2973,34.7093,4.76,50,xenium_human_pancreatic_cancer,13-16 genes
Contiguous Random,28,0,7,1,1,1,1,0.8,1.0,1.0,0.5,0.31,1,-4.952399195849028e-06,5.1812,23.7199,4.58,50,xenium_human_pancreatic_cancer,7-12 genes
Contiguous Random,28,1,22,1,1,1,1,1.0,1.0,0.8,0.58,0.44,1,-4.755870610440027e-06,9.5648,47.7483,4.99,50,xenium_human_pancreatic_cancer,>16 genes
Contiguous Random,28,2,11,1,1,1,1,0.8,0.9,0.6,0.5,0.45,1,0.0,5.7148,26.0738,4.56,50,xenium_human_pancreatic_cancer,7-12 genes
Contiguous Random,28,3,22,1,1,1,1,1.0,1.0,0.8,0.58,0.46,1,-2.3159820412566035e-06,9.4482,46.6573,4.94,50,xenium_human_pancreatic_cancer,>16 genes
Contiguous Random,28,4,11,1,1,1,1,0.4,0.6,0.75,0.62,0.5,1,0.0,6.1354,26.2248,4.27,50,xenium_human_pancreatic_cancer,7-12 genes
Contiguous Random,29,0,8,1,1,1,1,1.0,1.0,1.0,0.56,0.3,1,0.0,4.7515,24.2447,5.1,50,xenium_human_pancreatic_cancer,7-12 genes
Contiguous Random,29,1,18,1,1,1,1,1.0,1.0,1.0,0.66,0.46,1,4.230456867454491e-06,7.5935,38.0778,5.01,50,xenium_human_pancreatic_cancer,>16 genes
Contiguous Random,29,2,24,1,1,1,1,1.0,1.0,0.9,0.72,0.48,1,4.378832142215572e-06,10.3316,51.746,5.01,50,xenium_human_pancreatic_cancer,>16 genes
Contiguous Random,29,3,24,1,1,1,1,1.0,1.0,0.9,0.72,0.48,1,4.378832142215572e-06,10.2966,51.4455,5.0,50,xenium_human_pancreatic_cancer,>16 genes
Contiguous Random,29,4,8,1,1,1,1,1.0,1.0,1.0,0.58,0.3,1,3.781080987455901e-06,5.5292,23.8899,4.32,50,xenium_human_pancreatic_cancer,7-12 genes
Contiguous Random,30,0,28,1,1,1,1,0.8,0.9,0.95,0.92,0.46,1,-1.8292623986670973e-06,12.1906,65.2006,5.35,50,xenium_human_pancreatic_cancer,>16 genes
Contiguous Random,30,1,15,1,1,1,1,1.0,1.0,0.75,0.56,0.42,1,-5.009276980421501e-07,8.4533,35.6067,4.21,50,xenium_human_pancreatic_cancer,13-16 genes
Contiguous Random,30,2,28,1,1,1,1,0.8,0.9,0.95,0.92,0.46,1,-1.8292623986670973e-06,12.1178,65.2134,5.38,50,xenium_human_pancreatic_cancer,>16 genes
Contiguous Random,30,3,14,1,1,1,1,1.0,1.0,0.7,0.52,0.4,1,4.7915885080622445e-06,7.8577,32.9513,4.19,50,xenium_human_pancreatic_cancer,13-16 genes
Contiguous Random,30,4,19,1,1,1,1,1.0,1.0,0.95,0.52,0.38,1,-4.337749907268318e-06,10.7945,41.1624,3.81,50,xenium_human_pancreatic_cancer,>16 genes
Contiguous Random,31,0,28,1,1,1,1,1.0,1.0,0.9,0.86,0.47,1,-6.110636197043107e-07,12.17,65.4756,5.38,50,xenium_human_pancreatic_cancer,>16 genes
Contiguous Random,31,1,21,1,1,1,1,1.0,1.0,0.85,0.58,0.45,1,4.4224958388738855e-06,11.451,46.8123,4.09,50,xenium_human_pancreatic_cancer,>16 genes
Contiguous Random,31,2,9,1,1,1,1,0.0,0.0,0.0,0.0,0.0,1,0.0,4.9895,24.3676,4.88,50,xenium_human_pancreatic_cancer,7-12 genes
Contiguous Random,31,3,21,1,1,1,1,1.0,1.0,0.95,0.9,0.48,1,2.368550524471918e-06,11.279,45.1672,4.0,50,xenium_human_pancreatic_cancer,>16 genes
Contiguous Random,31,4,9,1,1,1,1,1.0,1.0,1.0,0.94,0.48,1,4.39713795985508e-07,6.837,25.3587,3.71,50,xenium_human_pancreatic_cancer,7-12 genes
Contiguous Random,32,0,13,1,1,1,1,1.0,1.0,0.85,0.46,0.36,1,4.589832811667874e-06,8.7017,32.2559,3.71,50,xenium_human_pancreatic_cancer,13-16 genes
Contiguous Random,32,1,11,1,1,1,1,1.0,1.0,0.75,0.48,0.35,1,-4.866399391477427e-06,8.0784,27.4871,3.4,50,xenium_human_pancreatic_cancer,7-12 genes
Contiguous Random,32,2,9,1,1,1,1,0.4,0.4,0.4,0.5,0.46,1,0.0,6.0073,24.6529,4.1,50,xenium_human_pancreatic_cancer,7-12 genes
Contiguous Random,32,3,18,1,1,1,1,1.0,1.0,0.7,0.48,0.43,1,3.150679946656212e-06,10.3694,40.4411,3.9,50,xenium_human_pancreatic_cancer,>16 genes
Contiguous Random,32,4,12,1,1,1,1,0.6,0.5,0.6,0.54,0.5,1,0.0,8.1692,28.8015,3.53,50,xenium_human_pancreatic_cancer,7-12 genes
Contiguous Random,33,0,13,1,1,1,1,0.0,0.0,0.0,0.08,0.1,1,0.0,7.6368,33.8746,4.44,50,xenium_human_pancreatic_cancer,13-16 genes
Contiguous Random,33,1,4,1,1,1,1,0.0,0.0,0.0,0.0,0.0,1,0.0,3.6682,21.3514,5.82,50,xenium_human_pancreatic_cancer,<=6 genes
Contiguous Random,33,2,7,1,1,1,1,0.0,0.0,0.0,0.0,0.0,1,0.0,4.983,23.8598,4.79,50,xenium_human_pancreatic_cancer,7-12 genes
Contiguous Random,33,3,12,1,1,1,1,0.0,0.0,0.0,0.0,0.0,1,0.0,7.2995,28.1429,3.86,50,xenium_human_pancreatic_cancer,7-12 genes
Contiguous Random,33,4,7,1,1,1,1,0.0,0.0,0.0,0.0,0.14,1,0.0,5.0713,23.5169,4.64,50,xenium_human_pancreatic_cancer,7-12 genes
Contiguous Random,34,0,24,1,1,1,1,1.0,1.0,1.0,0.76,0.45,1,-9.618024183755125e-07,12.4246,53.6909,4.32,50,xenium_human_pancreatic_cancer,>16 genes
Contiguous Random,34,1,15,1,1,1,1,0.8,1.0,1.0,0.76,0.45,1,2.0518514762812856e-06,9.1134,35.0674,3.85,50,xenium_human_pancreatic_cancer,13-16 genes
Contiguous Random,34,2,26,1,1,1,1,1.0,1.0,1.0,0.7,0.47,1,3.0537524768892155e-06,11.5773,59.2651,5.12,50,xenium_human_pancreatic_cancer,>16 genes
Contiguous Random,34,3,17,1,1,1,1,1.0,1.0,1.0,0.66,0.46,1,1.5840951763657074e-06,9.6314,38.4074,3.99,50,xenium_human_pancreatic_cancer,>16 genes
Contiguous Random,34,4,28,1,1,1,1,1.0,1.0,0.95,0.82,0.5,1,1.757928778323148e-06,12.0566,65.5572,5.44,50,xenium_human_pancreatic_cancer,>16 genes
Contiguous Random,35,0,23,1,1,1,1,1.0,1.0,1.0,0.78,0.46,1,4.75075379376827e-06,11.9817,51.9453,4.34,50,xenium_human_pancreatic_cancer,>16 genes
Contiguous Random,35,1,15,1,1,1,1,1.0,1.0,0.95,0.78,0.49,1,3.5605590003040533e-06,9.567,36.0576,3.77,50,xenium_human_pancreatic_cancer,13-16 genes
Contiguous Random,35,2,8,1,1,1,1,0.0,0.0,0.0,0.0,0.0,1,0.0,5.0643,23.718,4.68,50,xenium_human_pancreatic_cancer,7-12 genes
Contiguous Random,35,3,27,1,1,1,1,1.0,1.0,1.0,0.84,0.48,1,7.834166311226909e-07,12.9335,63.2775,4.89,50,xenium_human_pancreatic_cancer,>16 genes
Contiguous Random,35,4,15,1,1,1,1,0.4,0.7,0.8,0.72,0.5,1,-1.3488843865561498e-06,6.8304,33.0904,4.84,50,xenium_human_pancreatic_cancer,13-16 genes
Contiguous Random,36,0,6,1,1,1,1,0.0,0.0,0.0,0.0,0.0,1,0.0,4.3351,24.8121,5.72,50,xenium_human_pancreatic_cancer,<=6 genes
Contiguous Random,36,1,10,1,1,1,1,0.0,0.0,0.0,0.0,0.0,1,0.0,5.4736,30.1129,5.5,50,xenium_human_pancreatic_cancer,7-12 genes
Contiguous Random,36,2,14,1,1,1,1,0.0,0.0,0.0,0.0,0.0,1,0.0,6.435,32.8882,5.11,50,xenium_human_pancreatic_cancer,13-16 genes
Contiguous Random,36,3,20,1,1,1,1,0.0,0.1,0.1,0.26,0.2,1,0.0,9.274,44.5469,4.8,50,xenium_human_pancreatic_cancer,>16 genes
Contiguous Random,36,4,19,1,1,1,1,0.0,0.0,0.2,0.22,0.3,1,0.0,8.9085,41.9934,4.71,50,xenium_human_pancreatic_cancer,>16 genes
Contiguous Random,37,0,6,1,1,1,1,1.0,0.9,0.75,0.6,0.38,1,-3.8993545258651785e-06,4.2558,22.6927,5.33,50,xenium_human_pancreatic_cancer,<=6 genes
Contiguous Random,37,1,8,1,1,1,1,1.0,1.0,0.9,0.8,0.5,1,0.0,5.2439,27.0944,5.17,50,xenium_human_pancreatic_cancer,7-12 genes
Contiguous Random,37,2,23,1,1,1,1,1.0,1.0,1.0,0.64,0.37,1,-3.609676064719736e-07,10.0873,51.6823,5.12,50,xenium_human_pancreatic_cancer,>16 genes
Contiguous Random,37,3,17,1,1,1,1,1.0,1.0,1.0,0.72,0.48,1,-2.423992009781273e-06,7.6193,37.3222,4.9,50,xenium_human_pancreatic_cancer,>16 genes
Contiguous Random,37,4,19,1,1,1,1,1.0,1.0,1.0,0.74,0.48,1,-4.100703176135312e-06,8.0046,40.3633,5.04,50,xenium_human_pancreatic_cancer,>16 genes
Contiguous Random,38,0,7,1,1,1,1,0.0,0.0,0.0,0.0,0.0,1,0.0,4.8901,23.6877,4.84,50,xenium_human_pancreatic_cancer,7-12 genes
Contiguous Random,38,1,17,1,1,1,1,1.0,1.0,1.0,0.9,0.49,1,0.0,7.6876,36.8569,4.79,50,xenium_human_pancreatic_cancer,>16 genes
Contiguous Random,38,2,17,1,1,1,1,1.0,1.0,1.0,0.86,0.47,1,0.0,7.5858,37.4111,4.93,50,xenium_human_pancreatic_cancer,>16 genes
Contiguous Random,38,3,13,1,1,1,1,0.0,0.0,0.0,0.04,0.07,1,0.0,7.344,32.2157,4.39,50,xenium_human_pancreatic_cancer,13-16 genes
Contiguous Random,38,4,9,1,1,1,1,0.0,0.0,0.0,0.0,0.0,1,0.0,5.1104,28.938,5.66,50,xenium_human_pancreatic_cancer,7-12 genes
Contiguous Random,39,0,23,1,1,1,1,1.0,1.0,0.95,0.8,0.47,1,2.4440900534133947e-06,10.1598,50.83,5.0,50,xenium_human_pancreatic_cancer,>16 genes
Contiguous Random,39,1,10,0,0,0,0,0.4,0.6,0.7,0.7,0.5,2,0.00321,6.1299,25.9787,4.24,50,xenium_human_pancreatic_cancer,7-12 genes
Contiguous Random,39,2,13,1,1,1,1,0.8,0.8,0.8,0.8,0.5,1,0.0,6.0629,31.1025,5.13,50,xenium_human_pancreatic_cancer,13-16 genes
Contiguous Random,39,3,11,1,1,1,1,0.4,0.3,0.3,0.48,0.35,1,0.0,6.1283,27.1064,4.42,50,xenium_human_pancreatic_cancer,7-12 genes
Contiguous Random,39,4,6,1,1,1,1,1.0,0.8,0.85,0.72,0.44,1,0.0,5.0007,22.6116,4.52,50,xenium_human_pancreatic_cancer,<=6 genes
Contiguous Random,40,0,17,1,1,1,1,0.8,0.8,0.8,0.86,0.49,1,0.0,10.1833,38.6239,3.79,50,xenium_human_pancreatic_cancer,>16 genes
Contiguous Random,40,1,28,1,1,1,1,1.0,1.0,0.75,0.76,0.46,1,-2.0303714487468483e-08,12.1446,65.7505,5.41,50,xenium_human_pancreatic_cancer,>16 genes
Contiguous Random,40,2,15,1,1,1,1,0.0,0.0,0.0,0.06,0.03,1,0.0,8.0871,33.5648,4.15,50,xenium_human_pancreatic_cancer,13-16 genes
Contiguous Random,40,3,10,1,1,1,1,0.6,0.4,0.45,0.46,0.48,1,0.0,6.9242,26.3764,3.81,50,xenium_human_pancreatic_cancer,7-12 genes
Contiguous Random,40,4,8,0,0,0,0,0.0,0.3,0.3,0.3,0.4,2,0.00386,6.3109,24.3267,3.85,50,xenium_human_pancreatic_cancer,7-12 genes
Contiguous Random,41,0,13,0,0,0,0,0.2,0.5,0.75,0.6,0.31,2,5.778599396592636e-05,6.5511,31.5637,4.82,50,xenium_human_pancreatic_cancer,13-16 genes
Contiguous Random,41,1,20,1,1,1,1,1.0,0.9,0.45,0.34,0.33,1,-1.6522807566587971e-06,8.8789,42.6528,4.8,50,xenium_human_pancreatic_cancer,>16 genes
Contiguous Random,41,2,15,1,1,1,1,1.0,0.9,0.65,0.48,0.38,1,-4.604118075596242e-06,7.0348,33.8374,4.81,50,xenium_human_pancreatic_cancer,13-16 genes
Contiguous Random,41,3,13,1,1,1,1,1.0,0.7,0.55,0.38,0.43,1,-4.883758864426824e-06,6.1009,31.0049,5.08,50,xenium_human_pancreatic_cancer,13-16 genes
Contiguous Random,41,4,12,1,1,1,1,1.0,0.7,0.35,0.36,0.32,1,-4.909118684330582e-06,6.0034,28.166,4.69,50,xenium_human_pancreatic_cancer,7-12 genes
Contiguous Random,42,0,16,1,1,1,1,1.0,1.0,0.75,0.62,0.48,1,1.1179208755374148e-06,7.3671,35.537,4.82,50,xenium_human_pancreatic_cancer,13-16 genes
Contiguous Random,42,1,8,1,1,1,1,1.0,0.9,0.75,0.56,0.5,1,0.0,5.1013,24.0941,4.72,50,xenium_human_pancreatic_cancer,7-12 genes
Contiguous Random,42,2,17,1,1,1,1,1.0,0.9,0.7,0.68,0.49,1,-7.730911510961391e-07,8.4099,38.3047,4.55,50,xenium_human_pancreatic_cancer,>16 genes
Contiguous Random,42,3,23,1,1,1,1,1.0,0.9,0.9,0.4,0.39,1,-2.796992625286876e-06,10.1801,50.5668,4.97,50,xenium_human_pancreatic_cancer,>16 genes
Contiguous Random,42,4,6,0,0,0,0,0.0,0.1,0.25,0.32,0.36,4,0.0102,4.0637,22.73,5.59,50,xenium_human_pancreatic_cancer,<=6 genes
Contiguous Random,43,0,15,1,1,1,1,1.0,0.8,0.75,0.66,0.49,1,0.0,8.0923,33.5209,4.14,50,xenium_human_pancreatic_cancer,13-16 genes
Contiguous Random,43,1,25,1,1,1,1,1.0,0.9,0.75,0.74,0.48,1,-4.42108154286025e-06,12.4686,56.0768,4.5,50,xenium_human_pancreatic_cancer,>16 genes
Contiguous Random,43,2,8,1,1,1,1,0.0,0.0,0.0,0.0,0.0,1,0.0,5.0057,23.6056,4.72,50,xenium_human_pancreatic_cancer,7-12 genes
Contiguous Random,43,3,26,1,1,1,1,1.0,0.9,0.75,0.74,0.47,1,3.2795728830414816e-06,12.7835,59.1559,4.63,50,xenium_human_pancreatic_cancer,>16 genes
Contiguous Random,43,4,18,1,1,1,1,0.6,0.6,0.6,0.68,0.49,1,-4.6700574609752354e-06,10.2293,39.7652,3.89,50,xenium_human_pancreatic_cancer,>16 genes
Contiguous Random,44,0,17,1,1,1,1,0.0,0.0,0.0,0.12,0.19,1,0.0,8.3214,39.5022,4.75,50,xenium_human_pancreatic_cancer,>16 genes
Contiguous Random,44,1,7,1,1,1,1,0.0,0.0,0.0,0.0,0.0,1,0.0,4.8518,23.7865,4.9,50,xenium_human_pancreatic_cancer,7-12 genes
Contiguous Random,44,2,10,1,1,1,1,0.0,0.0,0.0,0.0,0.0,1,0.0,6.3178,26.0556,4.12,50,xenium_human_pancreatic_cancer,7-12 genes
Contiguous Random,44,3,5,1,1,1,1,0.0,0.0,0.0,0.0,0.0,1,0.0,4.0243,21.9468,5.45,50,xenium_human_pancreatic_cancer,<=6 genes
Contiguous Random,44,4,17,1,1,1,1,0.0,0.0,0.0,0.0,0.11,1,0.0,8.897,39.5233,4.44,50,xenium_human_pancreatic_cancer,>16 genes
Contiguous Random,45,0,23,1,1,1,1,1.0,1.0,1.0,0.84,0.43,1,-4.030570326829519e-06,12.0002,52.7247,4.39,50,xenium_human_pancreatic_cancer,>16 genes
Contiguous Random,45,1,28,0,0,0,0,0.8,0.9,0.9,0.52,0.26,2,0.0197696803527107,12.2107,64.67,5.3,50,xenium_human_pancreatic_cancer,>16 genes
Contiguous Random,45,2,18,1,1,1,1,1.0,1.0,1.0,0.92,0.47,1,1.735988106599251e-06,10.8275,40.4758,3.74,50,xenium_human_pancreatic_cancer,>16 genes
Contiguous Random,45,3,9,1,1,1,1,1.0,0.7,0.7,0.54,0.42,1,3.95925045013415e-06,7.0316,25.1219,3.57,50,xenium_human_pancreatic_cancer,7-12 genes
Contiguous Random,45,4,26,1,1,1,1,1.0,1.0,1.0,0.66,0.34,1,4.417668987954926e-06,12.7887,59.5751,4.66,50,xenium_human_pancreatic_cancer,>16 genes
Contiguous Random,46,0,7,1,1,1,1,0.0,0.0,0.0,0.0,0.14,1,0.0,5.2121,23.94,4.59,50,xenium_human_pancreatic_cancer,7-12 genes
Contiguous Random,46,1,13,1,1,1,1,1.0,1.0,0.65,0.28,0.14,1,2.69237351458243e-06,7.3241,32.7472,4.47,50,xenium_human_pancreatic_cancer,13-16 genes
Contiguous Random,46,2,13,1,1,1,1,1.0,1.0,0.75,0.32,0.17,1,2.69237351458243e-06,7.4832,32.6728,4.37,50,xenium_human_pancreatic_cancer,13-16 genes
Contiguous Random,46,3,17,1,1,1,1,1.0,0.9,1.0,0.52,0.31,1,4.670218277436078e-06,9.0061,39.2063,4.35,50,xenium_human_pancreatic_cancer,>16 genes
Contiguous Random,46,4,16,1,1,1,1,1.0,0.9,1.0,0.56,0.28,1,5.598449708266173e-07,8.5483,36.9838,4.33,50,xenium_human_pancreatic_cancer,13-16 genes
Contiguous Random,47,0,8,1,1,1,1,0.0,0.0,0.0,0.0,0.0,1,0.0,5.4106,24.9108,4.6,50,xenium_human_pancreatic_cancer,7-12 genes
Contiguous Random,47,1,17,1,1,1,1,0.0,0.0,0.0,0.12,0.19,1,0.0,8.2753,39.6299,4.79,50,xenium_human_pancreatic_cancer,>16 genes
Contiguous Random,47,2,16,1,1,1,1,0.0,0.0,0.0,0.06,0.12,1,0.0,8.9677,36.9113,4.12,50,xenium_human_pancreatic_cancer,13-16 genes
Contiguous Random,47,3,13,1,1,1,1,0.0,0.0,0.0,0.14,0.08,1,0.0,7.3779,32.2324,4.37,50,xenium_human_pancreatic_cancer,13-16 genes
Contiguous Random,47,4,4,1,1,1,1,0.0,0.0,0.0,0.0,0.0,1,0.0,3.601,22.9648,6.38,50,xenium_human_pancreatic_cancer,<=6 genes
Contiguous Random,48,0,15,0,0,0,0,0.8,0.8,0.85,0.82,0.48,2,0.00346,7.0759,34.238,4.84,50,xenium_human_pancreatic_cancer,13-16 genes
Contiguous Random,48,1,19,1,1,1,1,1.0,1.0,1.0,0.72,0.45,1,8.4643369474037e-08,8.9842,41.9644,4.67,50,xenium_human_pancreatic_cancer,>16 genes
Contiguous Random,48,2,16,1,1,1,1,1.0,1.0,0.95,0.8,0.46,1,0.0,7.9049,36.0068,4.55,50,xenium_human_pancreatic_cancer,13-16 genes
Contiguous Random,48,3,20,1,1,1,1,1.0,1.0,0.95,0.78,0.46,1,-9.173354289051562e-07,9.2109,43.4168,4.71,50,xenium_human_pancreatic_cancer,>16 genes
Contiguous Random,48,4,12,1,1,1,1,1.0,0.9,0.75,0.7,0.47,1,0.0,6.137,27.9068,4.55,50,xenium_human_pancreatic_cancer,7-12 genes
Contiguous Random,49,0,21,1,1,1,1,1.0,0.9,1.0,0.88,0.44,1,-1.1965496782310669e-06,9.4615,45.2131,4.78,50,xenium_human_pancreatic_cancer,>16 genes
Contiguous Random,49,1,8,1,1,1,1,0.0,0.0,0.0,0.0,0.0,1,0.0,5.4719,24.0268,4.39,50,xenium_human_pancreatic_cancer,7-12 genes
Contiguous Random,49,2,22,1,1,1,1,1.0,1.0,1.0,0.74,0.37,1,3.104456525895513e-06,9.5696,47.8066,5.0,50,xenium_human_pancreatic_cancer,>16 genes
Contiguous Random,49,3,16,1,1,1,1,1.0,1.0,1.0,0.88,0.49,1,-3.825073242187324e-06,7.5793,34.7967,4.59,50,xenium_human_pancreatic_cancer,13-16 genes
Contiguous Random,49,4,13,1,1,1,1,0.0,0.0,0.0,0.04,0.07,1,0.0,7.3043,32.3118,4.42,50,xenium_human_pancreatic_cancer,13-16 genes
Non-Contiguous Random,0,0,9,1,1,1,1,0.0,0.0,0.0,0.0,0.0,1,0.0,5.3534,24.9012,4.65,50,xenium_human_pancreatic_cancer,7-12 genes
Non-Contiguous Random,0,1,6,1,1,1,1,0.4,0.6,0.55,0.44,0.36,1,-1.9160927376121045e-06,4.8607,22.5072,4.63,50,xenium_human_pancreatic_cancer,<=6 genes
Non-Contiguous Random,0,2,23,1,1,1,1,1.0,1.0,0.95,0.96,0.5,1,-1.6816332659708166e-06,10.3033,49.8244,4.84,50,xenium_human_pancreatic_cancer,>16 genes
Non-Contiguous Random,0,3,17,0,0,0,0,0.8,0.8,0.6,0.7,0.5,2,0.0116276351087858,8.3066,37.3026,4.49,50,xenium_human_pancreatic_cancer,>16 genes
Non-Contiguous Random,0,4,12,1,1,1,1,1.0,0.9,0.85,0.68,0.49,1,-1.225637730417617e-06,7.4884,27.8955,3.73,50,xenium_human_pancreatic_cancer,7-12 genes
Non-Contiguous Random,1,0,19,1,1,1,1,1.0,1.0,0.95,0.92,0.48,1,0.0,9.5065,41.3099,4.35,50,xenium_human_pancreatic_cancer,>16 genes
Non-Contiguous Random,1,1,13,1,1,1,1,0.0,0.0,0.0,0.0,0.01,1,0.0,7.8531,32.3989,4.13,50,xenium_human_pancreatic_cancer,13-16 genes
Non-Contiguous Random,1,2,20,1,1,1,1,0.8,0.6,0.6,0.68,0.5,1,0.0,8.7991,42.8908,4.87,50,xenium_human_pancreatic_cancer,>16 genes
Non-Contiguous Random,1,3,19,1,1,1,1,1.0,0.6,0.35,0.5,0.49,1,0.0,9.2839,41.1341,4.43,50,xenium_human_pancreatic_cancer,>16 genes
Non-Contiguous Random,1,4,20,1,1,1,1,1.0,0.6,0.55,0.66,0.5,1,0.0,9.17,43.1387,4.7,50,xenium_human_pancreatic_cancer,>16 genes
Non-Contiguous Random,2,0,8,1,1,1,1,0.8,0.5,0.4,0.44,0.4,1,0.0,5.6685,24.7186,4.36,50,xenium_human_pancreatic_cancer,7-12 genes
Non-Contiguous Random,2,1,17,1,1,1,1,1.0,1.0,0.8,0.44,0.37,1,0.0,8.4326,37.5497,4.45,50,xenium_human_pancreatic_cancer,>16 genes
Non-Contiguous Random,2,2,17,1,1,1,1,1.0,1.0,0.7,0.52,0.37,1,0.0,8.8502,38.0791,4.3,50,xenium_human_pancreatic_cancer,>16 genes
Non-Contiguous Random,2,3,11,1,1,1,1,1.0,1.0,0.95,0.46,0.35,1,0.0,6.8115,26.6811,3.92,50,xenium_human_pancreatic_cancer,7-12 genes
Non-Contiguous Random,2,4,18,1,1,1,1,1.0,1.0,1.0,0.9,0.47,1,0.0,8.9413,39.4406,4.41,50,xenium_human_pancreatic_cancer,>16 genes
Non-Contiguous Random,3,0,19,1,1,1,1,1.0,1.0,1.0,0.78,0.41,1,2.998172516947492e-07,10.1874,42.6795,4.19,50,xenium_human_pancreatic_cancer,>16 genes
Non-Contiguous Random,3,1,8,1,1,1,1,0.8,0.6,0.55,0.6,0.5,1,0.0,5.7214,24.259,4.24,50,xenium_human_pancreatic_cancer,7-12 genes
Non-Contiguous Random,3,2,20,1,1,1,1,1.0,1.0,0.95,0.88,0.49,1,3.0308632993436904e-06,10.8751,44.3002,4.07,50,xenium_human_pancreatic_cancer,>16 genes
Non-Contiguous Random,3,3,19,1,1,1,1,1.0,1.0,1.0,0.8,0.46,1,0.0,10.7328,42.0519,3.92,50,xenium_human_pancreatic_cancer,>16 genes
Non-Contiguous Random,3,4,9,1,1,1,1,1.0,0.7,0.65,0.64,0.5,1,0.0,5.4088,25.2046,4.66,50,xenium_human_pancreatic_cancer,7-12 genes
Non-Contiguous Random,4,0,24,0,0,0,0,0.8,0.8,0.6,0.68,0.43,2,2.8208240707039423e-05,10.1547,52.1776,5.14,50,xenium_human_pancreatic_cancer,>16 genes
Non-Contiguous Random,4,1,6,1,1,1,1,0.4,0.6,0.5,0.5,0.43,1,0.0,4.5126,22.7856,5.05,50,xenium_human_pancreatic_cancer,<=6 genes
Non-Contiguous Random,4,2,21,1,1,1,1,1.0,1.0,0.8,0.54,0.43,1,1.7347622227603663e-06,9.3889,44.5796,4.75,50,xenium_human_pancreatic_cancer,>16 genes
Non-Contiguous Random,4,3,15,1,1,1,1,1.0,0.9,0.85,0.5,0.32,1,2.1427696523801387e-06,7.4273,34.0746,4.59,50,xenium_human_pancreatic_cancer,13-16 genes
Non-Contiguous Random,4,4,17,1,1,1,1,0.6,0.6,0.6,0.68,0.5,1,0.0,8.2527,37.7885,4.58,50,xenium_human_pancreatic_cancer,>16 genes
Non-Contiguous Random,5,0,15,1,1,1,1,1.0,0.8,0.85,0.46,0.31,1,3.163949308077063e-06,10.174,34.9195,3.43,50,xenium_human_pancreatic_cancer,13-16 genes
Non-Contiguous Random,5,1,6,1,1,1,1,0.8,0.9,0.95,0.96,0.5,1,0.0,5.0902,22.7447,4.47,50,xenium_human_pancreatic_cancer,<=6 genes
Non-Contiguous Random,5,2,11,1,1,1,1,1.0,1.0,1.0,0.88,0.47,1,4.977862950367173e-06,6.8481,26.4984,3.87,50,xenium_human_pancreatic_cancer,7-12 genes
Non-Contiguous Random,5,3,8,1,1,1,1,1.0,1.0,0.95,0.7,0.4,1,3.434268388980387e-06,6.5877,24.214,3.68,50,xenium_human_pancreatic_cancer,7-12 genes
Non-Contiguous Random,5,4,7,1,1,1,1,1.0,1.0,1.0,0.72,0.38,1,-1.4271119463584586e-06,6.3179,23.5657,3.73,50,xenium_human_pancreatic_cancer,7-12 genes
Non-Contiguous Random,6,0,18,1,1,1,1,0.0,0.0,0.0,0.24,0.15,1,0.0,9.0276,39.5459,4.38,50,xenium_human_pancreatic_cancer,>16 genes
Non-Contiguous Random,6,1,8,1,1,1,1,0.0,0.0,0.0,0.0,0.0,1,0.0,4.9868,23.9626,4.81,50,xenium_human_pancreatic_cancer,7-12 genes
Non-Contiguous Random,6,2,17,1,1,1,1,1.0,1.0,1.0,0.88,0.48,1,0.0,7.5955,37.0976,4.88,50,xenium_human_pancreatic_cancer,>16 genes
Non-Contiguous Random,6,3,14,1,1,1,1,1.0,1.0,1.0,0.96,0.5,1,0.0,7.1353,32.1669,4.51,50,xenium_human_pancreatic_cancer,13-16 genes
Non-Contiguous Random,6,4,16,1,1,1,1,1.0,1.0,1.0,0.92,0.46,1,0.0,7.5823,34.5708,4.56,50,xenium_human_pancreatic_cancer,13-16 genes
Non-Contiguous Random,7,0,20,1,1,1,1,0.6,0.7,0.6,0.64,0.5,1,3.6503688299691778e-06,8.6443,42.6832,4.94,50,xenium_human_pancreatic_cancer,>16 genes
Non-Contiguous Random,7,1,27,1,1,1,1,1.0,1.0,1.0,0.92,0.48,1,1.871307749867768e-06,12.9414,65.2098,5.04,50,xenium_human_pancreatic_cancer,>16 genes
Non-Contiguous Random,7,2,23,1,1,1,1,1.0,1.0,0.75,0.7,0.48,1,1.2197459020590884e-07,12.5446,52.112,4.15,50,xenium_human_pancreatic_cancer,>16 genes
Non-Contiguous Random,7,3,24,1,1,1,1,1.0,1.0,0.9,0.78,0.5,1,3.88070699952614e-06,13.9489,53.83,3.86,50,xenium_human_pancreatic_cancer,>16 genes
Non-Contiguous Random,7,4,13,1,1,1,1,1.0,0.9,1.0,0.86,0.46,1,-1.6262340542120071e-06,7.1225,31.181,4.38,50,xenium_human_pancreatic_cancer,13-16 genes
Non-Contiguous Random,8,0,25,1,1,1,1,1.0,1.0,1.0,0.88,0.46,1,-4.5233154297719125e-06,12.0555,57.2024,4.74,50,xenium_human_pancreatic_cancer,>16 genes
Non-Contiguous Random,8,1,17,1,1,1,1,1.0,1.0,1.0,0.6,0.33,1,0.0,10.3293,39.2853,3.8,50,xenium_human_pancreatic_cancer,>16 genes
Non-Contiguous Random,8,2,18,1,1,1,1,1.0,1.0,0.95,0.82,0.42,1,2.184183106379578e-06,10.6147,40.1524,3.78,50,xenium_human_pancreatic_cancer,>16 genes
Non-Contiguous Random,8,3,16,1,1,1,1,0.0,0.0,0.0,0.12,0.13,1,0.0,9.5823,35.5668,3.71,50,xenium_human_pancreatic_cancer,13-16 genes
Non-Contiguous Random,8,4,13,1,1,1,1,1.0,1.0,0.95,0.58,0.34,1,-6.758379419158356e-07,7.6231,30.9243,4.06,50,xenium_human_pancreatic_cancer,13-16 genes
Non-Contiguous Random,9,0,18,1,1,1,1,1.0,0.9,0.8,0.68,0.48,1,3.4530160055723518e-06,9.1781,40.9096,4.46,50,xenium_human_pancreatic_cancer,>16 genes
Non-Contiguous Random,9,1,11,1,1,1,1,1.0,1.0,0.7,0.48,0.34,1,3.4202256405935216e-06,8.1013,27.2562,3.36,50,xenium_human_pancreatic_cancer,7-12 genes
Non-Contiguous Random,9,2,19,1,1,1,1,1.0,1.0,0.8,0.54,0.37,1,-3.0497914003113635e-06,11.1768,42.7933,3.83,50,xenium_human_pancreatic_cancer,>16 genes
Non-Contiguous Random,9,3,23,1,1,1,1,1.0,1.0,0.85,0.5,0.42,1,-4.472137603350745e-06,11.286,50.8448,4.51,50,xenium_human_pancreatic_cancer,>16 genes
Non-Contiguous Random,9,4,19,1,1,1,1,1.0,1.0,0.85,0.4,0.28,1,1.8017266993908263e-06,10.522,43.4116,4.13,50,xenium_human_pancreatic_cancer,>16 genes
Non-Contiguous Random,10,0,13,1,1,1,1,0.0,0.0,0.0,0.02,0.07,1,0.0,9.4891,31.7783,3.35,50,xenium_human_pancreatic_cancer,13-16 genes
Non-Contiguous Random,10,1,14,1,1,1,1,0.0,0.0,0.0,0.0,0.0,1,0.0,8.0692,32.1477,3.98,50,xenium_human_pancreatic_cancer,13-16 genes
Non-Contiguous Random,10,2,16,1,1,1,1,0.0,0.0,0.0,0.1,0.15,1,0.0,9.6135,36.3187,3.78,50,xenium_human_pancreatic_cancer,13-16 genes
Non-Contiguous Random,10,3,19,1,1,1,1,0.0,0.0,0.0,0.24,0.22,1,0.0,10.4498,41.455,3.97,50,xenium_human_pancreatic_cancer,>16 genes
Non-Contiguous Random,10,4,6,1,1,1,1,0.2,0.1,0.05,0.08,0.04,1,0.0,5.0511,22.6255,4.48,50,xenium_human_pancreatic_cancer,<=6 genes
Non-Contiguous Random,11,0,13,1,1,1,1,1.0,1.0,1.0,0.84,0.42,1,0.0,6.9754,31.2279,4.48,50,xenium_human_pancreatic_cancer,13-16 genes
Non-Contiguous Random,11,1,7,1,1,1,1,0.0,0.0,0.05,0.04,0.02,1,0.0,4.5614,23.3153,5.11,50,xenium_human_pancreatic_cancer,7-12 genes
Non-Contiguous Random,11,2,18,1,1,1,1,1.0,0.8,0.85,0.84,0.5,1,4.493736113497793e-07,9.4281,39.7987,4.22,50,xenium_human_pancreatic_cancer,>16 genes
Non-Contiguous Random,11,3,17,1,1,1,1,1.0,0.9,0.8,0.84,0.48,1,-1.7590959966225922e-06,9.1212,38.0311,4.17,50,xenium_human_pancreatic_cancer,>16 genes
Non-Contiguous Random,11,4,19,1,1,1,1,0.8,0.7,0.85,0.84,0.49,1,2.6612288015620544e-06,9.2254,41.5109,4.5,50,xenium_human_pancreatic_cancer,>16 genes
Non-Contiguous Random,12,0,22,1,1,1,1,1.0,1.0,0.95,0.92,0.48,1,3.046366937486944e-06,9.9721,47.5592,4.77,50,xenium_human_pancreatic_cancer,>16 genes
Non-Contiguous Random,12,1,22,1,1,1,1,1.0,1.0,0.95,0.88,0.47,1,3.046366937486944e-06,10.1456,47.1052,4.64,50,xenium_human_pancreatic_cancer,>16 genes
Non-Contiguous Random,12,2,19,1,1,1,1,1.0,1.0,1.0,0.94,0.47,1,0.0,8.4186,40.2956,4.79,50,xenium_human_pancreatic_cancer,>16 genes
Non-Contiguous Random,12,3,17,1,1,1,1,1.0,0.9,0.9,0.96,0.5,1,-4.559620787459966e-06,10.5484,37.0343,3.51,50,xenium_human_pancreatic_cancer,>16 genes
Non-Contiguous Random,12,4,12,1,1,1,1,0.6,0.7,0.65,0.62,0.5,1,0.0,6.5923,27.2969,4.14,50,xenium_human_pancreatic_cancer,7-12 genes
Non-Contiguous Random,13,0,7,1,1,1,1,0.0,0.0,0.0,0.04,0.02,1,0.0,5.3118,23.6492,4.45,50,xenium_human_pancreatic_cancer,7-12 genes
Non-Contiguous Random,13,1,7,1,1,1,1,0.0,0.0,0.0,0.0,0.0,1,0.0,4.956,23.1188,4.66,50,xenium_human_pancreatic_cancer,7-12 genes
Non-Contiguous Random,13,2,15,1,1,1,1,1.0,1.0,1.0,0.86,0.43,1,-3.955776036606434e-06,8.1977,34.828,4.25,50,xenium_human_pancreatic_cancer,13-16 genes
Non-Contiguous Random,13,3,10,1,1,1,1,0.8,1.0,1.0,0.72,0.39,1,-4.883303118263793e-06,6.4596,25.3431,3.92,50,xenium_human_pancreatic_cancer,7-12 genes
Non-Contiguous Random,13,4,10,1,1,1,1,1.0,1.0,1.0,0.74,0.4,1,-3.049505898528558e-06,6.5347,25.11,3.84,50,xenium_human_pancreatic_cancer,7-12 genes
Non-Contiguous Random,14,0,18,1,1,1,1,1.0,1.0,1.0,0.84,0.42,1,0.0,7.1184,38.6411,5.43,50,xenium_human_pancreatic_cancer,>16 genes
Non-Contiguous Random,14,1,8,1,1,1,1,0.0,0.0,0.0,0.0,0.0,1,0.0,5.8955,23.5492,3.99,50,xenium_human_pancreatic_cancer,7-12 genes
Non-Contiguous Random,14,2,19,1,1,1,1,1.0,0.9,0.9,0.7,0.5,1,7.116755099470518e-07,8.4217,40.7017,4.83,50,xenium_human_pancreatic_cancer,>16 genes
Non-Contiguous Random,14,3,18,1,1,1,1,1.0,0.9,1.0,0.78,0.41,1,-2.790249260027026e-06,8.0567,38.49,4.78,50,xenium_human_pancreatic_cancer,>16 genes
Non-Contiguous Random,14,4,15,1,1,1,1,1.0,0.9,0.8,0.72,0.5,1,1.5466511505465158e-06,8.1946,34.9208,4.26,50,xenium_human_pancreatic_cancer,13-16 genes
Non-Contiguous Random,15,0,14,1,1,1,1,0.8,0.9,0.95,0.8,0.5,1,0.0,8.2934,32.9546,3.97,50,xenium_human_pancreatic_cancer,13-16 genes
Non-Contiguous Random,15,1,22,1,1,1,1,0.8,0.7,0.8,0.68,0.49,1,2.77835541848126e-06,9.9587,46.9148,4.71,50,xenium_human_pancreatic_cancer,>16 genes
Non-Contiguous Random,15,2,15,1,1,1,1,0.6,0.5,0.6,0.66,0.49,1,0.0,7.986,33.6242,4.21,50,xenium_human_pancreatic_cancer,13-16 genes
Non-Contiguous Random,15,3,19,1,1,1,1,1.0,1.0,0.75,0.8,0.48,1,9.23192450485999e-07,8.1858,40.9758,5.01,50,xenium_human_pancreatic_cancer,>16 genes
Non-Contiguous Random,15,4,14,1,1,1,1,0.0,0.0,0.0,0.0,0.0,1,0.0,7.6812,32.5132,4.23,50,xenium_human_pancreatic_cancer,13-16 genes
Non-Contiguous Random,16,0,15,1,1,1,1,1.0,0.9,0.9,0.82,0.5,1,0.0,7.71,33.8403,4.39,50,xenium_human_pancreatic_cancer,13-16 genes
Non-Contiguous Random,16,1,17,1,1,1,1,1.0,0.9,1.0,0.86,0.46,1,0.0,9.0576,38.0163,4.2,50,xenium_human_pancreatic_cancer,>16 genes
Non-Contiguous Random,16,2,22,1,1,1,1,1.0,1.0,1.0,0.82,0.46,1,0.0,9.4679,45.7833,4.84,50,xenium_human_pancreatic_cancer,>16 genes
Non-Contiguous Random,16,3,8,1,1,1,1,0.8,0.5,0.55,0.44,0.42,1,0.0,5.9991,23.881,3.98,50,xenium_human_pancreatic_cancer,7-12 genes
Non-Contiguous Random,16,4,21,1,1,1,1,1.0,1.0,0.95,0.74,0.44,1,0.0,9.5019,44.6444,4.7,50,xenium_human_pancreatic_cancer,>16 genes
Non-Contiguous Random,17,0,15,1,1,1,1,0.0,0.0,0.1,0.2,0.15,1,0.0,7.9677,35.0624,4.4,50,xenium_human_pancreatic_cancer,13-16 genes
Non-Contiguous Random,17,1,7,1,1,1,1,0.0,0.0,0.0,0.0,0.0,1,0.0,5.6195,23.481,4.18,50,xenium_human_pancreatic_cancer,7-12 genes
Non-Contiguous Random,17,2,12,1,1,1,1,0.8,0.9,1.0,0.94,0.5,1,0.0,5.9664,27.3974,4.59,50,xenium_human_pancreatic_cancer,7-12 genes
Non-Contiguous Random,17,3,14,1,1,1,1,0.0,0.0,0.0,0.0,0.01,1,0.0,7.0486,32.691,4.64,50,xenium_human_pancreatic_cancer,13-16 genes
Non-Contiguous Random,17,4,17,1,1,1,1,0.8,1.0,1.0,0.7,0.35,1,3.178088590494264e-06,7.6317,36.7996,4.82,50,xenium_human_pancreatic_cancer,>16 genes
Non-Contiguous Random,18,0,8,1,1,1,1,1.0,1.0,0.95,0.84,0.5,1,-2.13639249814837e-06,5.866,24.5204,4.18,50,xenium_human_pancreatic_cancer,7-12 genes
Non-Contiguous Random,18,1,16,1,1,1,1,1.0,1.0,0.95,0.96,0.48,1,-1.7397308349608592e-06,8.3548,35.1562,4.21,50,xenium_human_pancreatic_cancer,13-16 genes
Non-Contiguous Random,18,2,22,1,1,1,1,1.0,1.0,1.0,0.54,0.34,1,-2.0188396514472275e-06,9.9962,46.6185,4.66,50,xenium_human_pancreatic_cancer,>16 genes
Non-Contiguous Random,18,3,9,1,1,1,1,1.0,1.0,1.0,0.88,0.5,1,0.0,5.9851,25.0068,4.18,50,xenium_human_pancreatic_cancer,7-12 genes
Non-Contiguous Random,18,4,18,1,1,1,1,0.0,0.0,0.0,0.1,0.11,1,0.0,8.7966,39.265,4.46,50,xenium_human_pancreatic_cancer,>16 genes
Non-Contiguous Random,19,0,23,1,1,1,1,1.0,1.0,0.9,0.74,0.5,1,2.991371486654737e-06,12.402,52.6846,4.25,50,xenium_human_pancreatic_cancer,>16 genes
Non-Contiguous Random,19,1,20,1,1,1,1,1.0,1.0,0.9,0.5,0.28,1,0.0,11.011,42.6985,3.88,50,xenium_human_pancreatic_cancer,>16 genes
Non-Contiguous Random,19,2,16,1,1,1,1,1.0,1.0,0.95,0.5,0.34,1,-3.685345649706573e-06,10.5994,36.2709,3.42,50,xenium_human_pancreatic_cancer,13-16 genes
Non-Contiguous Random,19,3,19,1,1,1,1,1.0,1.0,0.8,0.5,0.41,1,-3.55144234925886e-06,10.9148,42.2963,3.88,50,xenium_human_pancreatic_cancer,>16 genes
Non-Contiguous Random,19,4,11,1,1,1,1,1.0,1.0,0.7,0.38,0.31,1,0.0,6.9311,27.2798,3.94,50,xenium_human_pancreatic_cancer,7-12 genes
Non-Contiguous Random,20,0,21,1,1,1,1,1.0,1.0,1.0,0.84,0.42,1,-4.201447089979306e-07,10.2046,45.2297,4.43,50,xenium_human_pancreatic_cancer,>16 genes
Non-Contiguous Random,20,1,11,0,0,0,0,0.2,0.4,0.4,0.54,0.46,3,0.00337,6.3722,26.3277,4.13,50,xenium_human_pancreatic_cancer,7-12 genes
Non-Contiguous Random,20,2,8,1,1,1,1,0.2,0.3,0.3,0.42,0.37,1,0.0,5.8049,23.9439,4.12,50,xenium_human_pancreatic_cancer,7-12 genes
Non-Contiguous Random,20,3,17,1,1,1,1,1.0,1.0,0.9,0.5,0.46,1,0.0,7.993,37.1408,4.65,50,xenium_human_pancreatic_cancer,>16 genes
Non-Contiguous Random,20,4,20,1,1,1,1,1.0,0.7,0.85,0.7,0.48,1,-2.8112160494566697e-06,9.2777,43.4353,4.68,50,xenium_human_pancreatic_cancer,>16 genes
Non-Contiguous Random,21,0,9,1,1,1,1,0.0,0.0,0.0,0.0,0.0,1,0.0,6.4475,26.267,4.07,50,xenium_human_pancreatic_cancer,7-12 genes
Non-Contiguous Random,21,1,17,1,1,1,1,0.0,0.0,0.0,0.1,0.11,1,0.0,8.9944,39.4789,4.39,50,xenium_human_pancreatic_cancer,>16 genes
Non-Contiguous Random,21,2,10,1,1,1,1,0.0,0.0,0.0,0.04,0.09,1,0.0,6.1963,25.6565,4.14,50,xenium_human_pancreatic_cancer,7-12 genes
Non-Contiguous Random,21,3,5,1,1,1,1,0.0,0.0,0.0,0.0,0.0,1,0.0,3.8707,21.8634,5.65,50,xenium_human_pancreatic_cancer,<=6 genes
Non-Contiguous Random,21,4,6,1,1,1,1,0.0,0.0,0.0,0.0,0.0,1,0.0,4.8648,22.6692,4.66,50,xenium_human_pancreatic_cancer,<=6 genes
Non-Contiguous Random,22,0,9,1,1,1,1,0.6,0.6,0.5,0.5,0.46,1,0.0,6.5439,25.2402,3.86,50,xenium_human_pancreatic_cancer,7-12 genes
Non-Contiguous Random,22,1,15,1,1,1,1,0.8,0.7,0.6,0.7,0.49,1,4.917669953749711e-06,9.2883,34.4795,3.71,50,xenium_human_pancreatic_cancer,13-16 genes
Non-Contiguous Random,22,2,17,1,1,1,1,1.0,1.0,0.9,0.82,0.5,1,3.6527621704827984e-06,8.6176,37.2368,4.32,50,xenium_human_pancreatic_cancer,>16 genes
Non-Contiguous Random,22,3,16,1,1,1,1,1.0,1.0,0.95,0.96,0.49,1,0.0,9.8663,36.7015,3.72,50,xenium_human_pancreatic_cancer,13-16 genes
Non-Contiguous Random,22,4,13,1,1,1,1,1.0,1.0,0.9,0.84,0.49,1,0.0,8.407,32.8352,3.91,50,xenium_human_pancreatic_cancer,13-16 genes
Non-Contiguous Random,23,0,25,1,1,1,1,1.0,1.0,1.0,0.88,0.48,1,-3.291912078873249e-06,13.2201,56.7162,4.29,50,xenium_human_pancreatic_cancer,>16 genes
Non-Contiguous Random,23,1,5,1,1,1,1,0.2,0.3,0.4,0.34,0.36,1,0.0,4.1012,22.1212,5.39,50,xenium_human_pancreatic_cancer,<=6 genes
Non-Contiguous Random,23,2,25,1,1,1,1,1.0,1.0,0.95,0.82,0.47,1,-2.423067092902076e-06,12.6711,56.3702,4.45,50,xenium_human_pancreatic_cancer,>16 genes
Non-Contiguous Random,23,3,20,1,1,1,1,1.0,1.0,0.9,0.96,0.5,1,0.0,12.3546,44.0892,3.57,50,xenium_human_pancreatic_cancer,>16 genes
Non-Contiguous Random,23,4,13,1,1,1,1,1.0,0.9,0.75,0.68,0.5,1,1.729615002749041e-06,7.4062,30.9383,4.18,50,xenium_human_pancreatic_cancer,13-16 genes
Non-Contiguous Random,24,0,17,1,1,1,1,0.8,0.5,0.5,0.38,0.34,1,-3.715547859287072e-06,9.1499,38.0029,4.15,50,xenium_human_pancreatic_cancer,>16 genes
Non-Contiguous Random,24,1,5,1,1,1,1,0.2,0.2,0.25,0.16,0.17,1,0.0,4.01,21.9178,5.47,50,xenium_human_pancreatic_cancer,<=6 genes
Non-Contiguous Random,24,2,15,1,1,1,1,0.0,0.2,0.1,0.04,0.07,1,0.0,6.696,33.8884,5.06,50,xenium_human_pancreatic_cancer,13-16 genes
Non-Contiguous Random,24,3,11,1,1,1,1,0.4,0.5,0.5,0.58,0.5,1,0.0,6.5983,26.4241,4.0,50,xenium_human_pancreatic_cancer,7-12 genes
Non-Contiguous Random,24,4,18,1,1,1,1,0.8,0.9,1.0,0.78,0.43,1,0.0,8.6194,39.565,4.59,50,xenium_human_pancreatic_cancer,>16 genes
Non-Contiguous Random,25,0,16,1,1,1,1,1.0,0.8,0.85,0.86,0.49,1,-1.6959762573240215e-06,7.8532,35.1366,4.47,50,xenium_human_pancreatic_cancer,13-16 genes
Non-Contiguous Random,25,1,17,1,1,1,1,1.0,0.8,0.9,0.84,0.49,1,-2.606363647442069e-06,7.1801,36.9884,5.15,50,xenium_human_pancreatic_cancer,>16 genes
Non-Contiguous Random,25,2,16,1,1,1,1,1.0,1.0,1.0,0.72,0.43,1,2.23724007606535e-06,8.4495,34.9798,4.14,50,xenium_human_pancreatic_cancer,13-16 genes
Non-Contiguous Random,25,3,22,1,1,1,1,1.0,1.0,0.75,0.6,0.49,1,7.751076606665741e-07,10.2487,47.1092,4.6,50,xenium_human_pancreatic_cancer,>16 genes
Non-Contiguous Random,25,4,11,1,1,1,1,0.8,0.6,0.75,0.66,0.49,1,-2.241838344183185e-06,6.8433,26.6553,3.9,50,xenium_human_pancreatic_cancer,7-12 genes
Non-Contiguous Random,26,0,21,1,1,1,1,1.0,0.8,0.65,0.52,0.48,1,8.717269834868091e-07,10.8674,45.5621,4.19,50,xenium_human_pancreatic_cancer,>16 genes
Non-Contiguous Random,26,1,12,1,1,1,1,0.8,0.8,0.75,0.66,0.5,1,-1.1487390761122374e-06,8.2938,28.631,3.45,50,xenium_human_pancreatic_cancer,7-12 genes
Non-Contiguous Random,26,2,24,1,1,1,1,1.0,1.0,1.0,0.72,0.45,1,-3.1286387043305552e-06,11.7265,52.8792,4.51,50,xenium_human_pancreatic_cancer,>16 genes
Non-Contiguous Random,26,3,16,1,1,1,1,1.0,1.0,1.0,0.68,0.39,1,-7.305145262037627e-07,8.6217,34.6704,4.02,50,xenium_human_pancreatic_cancer,13-16 genes
Non-Contiguous Random,26,4,25,1,1,1,1,1.0,0.9,0.85,0.76,0.5,1,5.590820313372546e-07,11.6974,55.8181,4.77,50,xenium_human_pancreatic_cancer,>16 genes
Non-Contiguous Random,27,0,16,1,1,1,1,0.8,1.0,1.0,0.86,0.43,1,0.0,8.4176,35.8726,4.26,50,xenium_human_pancreatic_cancer,13-16 genes
Non-Contiguous Random,27,1,13,1,1,1,1,0.8,0.8,0.75,0.76,0.5,1,0.0,7.391,31.3199,4.24,50,xenium_human_pancreatic_cancer,13-16 genes
Non-Contiguous Random,27,2,8,1,1,1,1,0.8,0.9,0.65,0.48,0.41,1,0.0,4.9363,23.6275,4.79,50,xenium_human_pancreatic_cancer,7-12 genes
Non-Contiguous Random,27,3,18,1,1,1,1,1.0,0.8,0.65,0.68,0.5,1,-1.2703320174389798e-06,9.4652,39.737,4.2,50,xenium_human_pancreatic_cancer,>16 genes
Non-Contiguous Random,27,4,10,1,1,1,1,1.0,1.0,0.8,0.6,0.45,1,0.0,5.8712,25.2963,4.31,50,xenium_human_pancreatic_cancer,7-12 genes
Non-Contiguous Random,28,0,13,1,1,1,1,1.0,1.0,0.85,0.56,0.38,1,4.427366419451628e-06,7.6788,31.3979,4.09,50,xenium_human_pancreatic_cancer,13-16 genes
Non-Contiguous Random,28,1,14,1,1,1,1,0.0,0.0,0.0,0.0,0.0,1,0.0,6.2918,31.8778,5.07,50,xenium_human_pancreatic_cancer,13-16 genes
Non-Contiguous Random,28,2,17,0,0,0,0,0.2,0.1,0.35,0.42,0.21,2,0.00251,7.4658,37.2359,4.99,50,xenium_human_pancreatic_cancer,>16 genes
Non-Contiguous Random,28,3,9,1,1,1,1,0.6,0.7,0.6,0.62,0.44,1,0.0,5.4407,24.6867,4.54,50,xenium_human_pancreatic_cancer,7-12 genes
Non-Contiguous Random,28,4,7,1,1,1,1,1.0,1.0,0.9,0.44,0.26,1,2.91400623718234e-06,4.8074,23.5467,4.9,50,xenium_human_pancreatic_cancer,7-12 genes
Non-Contiguous Random,29,0,11,1,1,1,1,1.0,1.0,0.7,0.58,0.5,1,0.0,5.9987,26.7843,4.46,50,xenium_human_pancreatic_cancer,7-12 genes
Non-Contiguous Random,29,1,17,1,1,1,1,1.0,0.9,0.85,0.62,0.37,1,-3.607258178384143e-06,8.4453,38.6442,4.58,50,xenium_human_pancreatic_cancer,>16 genes
Non-Contiguous Random,29,2,19,1,1,1,1,1.0,1.0,1.0,0.7,0.36,1,-4.880649807859072e-06,9.807,41.5405,4.24,50,xenium_human_pancreatic_cancer,>16 genes
Non-Contiguous Random,29,3,9,1,1,1,1,0.8,0.7,0.55,0.44,0.41,1,0.0,5.6631,24.6168,4.35,50,xenium_human_pancreatic_cancer,7-12 genes
Non-Contiguous Random,29,4,17,1,1,1,1,1.0,0.9,0.9,0.6,0.37,1,-3.607258178384143e-06,9.0461,38.4528,4.25,50,xenium_human_pancreatic_cancer,>16 genes
Non-Contiguous Random,30,0,11,1,1,1,1,0.8,0.8,0.65,0.68,0.48,1,0.0,8.2792,27.4984,3.32,50,xenium_human_pancreatic_cancer,7-12 genes
Non-Contiguous Random,30,1,8,1,1,1,1,1.0,1.0,1.0,0.88,0.47,1,-7.98856037320661e-07,6.4319,23.7316,3.69,50,xenium_human_pancreatic_cancer,7-12 genes
Non-Contiguous Random,30,2,25,1,1,1,1,1.0,0.8,0.85,0.72,0.49,1,-2.904663085834258e-06,11.4574,56.0159,4.89,50,xenium_human_pancreatic_cancer,>16 genes
Non-Contiguous Random,30,3,18,1,1,1,1,0.8,0.9,0.8,0.6,0.47,1,-4.344898570707301e-06,11.1361,40.409,3.63,50,xenium_human_pancreatic_cancer,>16 genes
Non-Contiguous Random,30,4,11,1,1,1,1,1.0,0.8,0.55,0.56,0.47,1,-4.713694155590587e-07,7.5398,27.3533,3.63,50,xenium_human_pancreatic_cancer,7-12 genes
Non-Contiguous Random,31,0,7,1,1,1,1,1.0,1.0,0.95,0.7,0.42,1,1.3928173198526558e-06,7.4198,24.0177,3.24,50,xenium_human_pancreatic_cancer,7-12 genes
Non-Contiguous Random,31,1,7,1,1,1,1,0.4,0.5,0.4,0.28,0.34,1,-8.84486308864313e-08,6.1283,23.3209,3.81,50,xenium_human_pancreatic_cancer,7-12 genes
Non-Contiguous Random,31,2,21,1,1,1,1,1.0,0.9,0.8,0.72,0.5,1,3.546093745136758e-06,9.0437,45.1665,4.99,50,xenium_human_pancreatic_cancer,>16 genes
Non-Contiguous Random,31,3,23,1,1,1,1,1.0,1.0,0.8,0.58,0.48,1,2.462763710964211e-06,12.2132,50.8689,4.17,50,xenium_human_pancreatic_cancer,>16 genes
Non-Contiguous Random,31,4,24,1,1,1,1,1.0,1.0,0.85,0.72,0.5,1,-3.5473314763390107e-06,12.2649,53.5867,4.37,50,xenium_human_pancreatic_cancer,>16 genes
Non-Contiguous Random,32,0,23,1,1,1,1,1.0,0.8,0.75,0.7,0.48,1,2.6454804627250653e-06,11.9548,51.0891,4.27,50,xenium_human_pancreatic_cancer,>16 genes
Non-Contiguous Random,32,1,23,1,1,1,1,1.0,0.8,0.7,0.72,0.49,1,2.6454804627250653e-06,12.7798,51.0471,3.99,50,xenium_human_pancreatic_cancer,>16 genes
Non-Contiguous Random,32,2,10,1,1,1,1,1.0,1.0,0.9,0.44,0.33,1,1.8280133721347224e-06,6.5219,25.9554,3.98,50,xenium_human_pancreatic_cancer,7-12 genes
Non-Contiguous Random,32,3,16,1,1,1,1,1.0,1.0,1.0,0.9,0.48,1,0.0,8.6596,35.8103,4.14,50,xenium_human_pancreatic_cancer,13-16 genes
Non-Contiguous Random,32,4,15,1,1,1,1,0.8,1.0,1.0,0.88,0.46,1,1.2495337912352134e-06,9.5709,35.7216,3.73,50,xenium_human_pancreatic_cancer,13-16 genes
Non-Contiguous Random,33,0,14,1,1,1,1,0.0,0.0,0.0,0.0,0.0,1,0.0,7.866,32.7253,4.16,50,xenium_human_pancreatic_cancer,13-16 genes
Non-Contiguous Random,33,1,11,1,1,1,1,0.0,0.0,0.0,0.0,0.0,1,0.0,6.6657,26.759,4.01,50,xenium_human_pancreatic_cancer,7-12 genes
Non-Contiguous Random,33,2,16,1,1,1,1,0.0,0.0,0.0,0.1,0.13,1,0.0,8.6014,36.7492,4.27,50,xenium_human_pancreatic_cancer,13-16 genes
Non-Contiguous Random,33,3,18,1,1,1,1,0.0,0.0,0.0,0.26,0.26,1,0.0,9.1382,40.9214,4.48,50,xenium_human_pancreatic_cancer,>16 genes
Non-Contiguous Random,33,4,14,1,1,1,1,0.0,0.0,0.0,0.14,0.08,1,0.0,7.7464,33.099,4.27,50,xenium_human_pancreatic_cancer,13-16 genes
Non-Contiguous Random,34,0,9,1,1,1,1,0.0,0.0,0.0,0.0,0.0,1,0.0,6.9877,24.941,3.57,50,xenium_human_pancreatic_cancer,7-12 genes
Non-Contiguous Random,34,1,13,1,1,1,1,1.0,1.0,0.8,0.6,0.44,1,-2.1056749979694867e-06,7.8081,31.1898,3.99,50,xenium_human_pancreatic_cancer,13-16 genes
Non-Contiguous Random,34,2,17,1,1,1,1,1.0,0.9,0.9,0.94,0.5,1,0.0,8.9608,37.4856,4.18,50,xenium_human_pancreatic_cancer,>16 genes
Non-Contiguous Random,34,3,17,1,1,1,1,1.0,1.0,1.0,0.7,0.42,1,1.5840951763657074e-06,9.6824,37.2347,3.85,50,xenium_human_pancreatic_cancer,>16 genes
Non-Contiguous Random,34,4,26,1,1,1,1,1.0,1.0,1.0,0.72,0.49,1,3.0537524768892155e-06,12.0619,59.3015,4.92,50,xenium_human_pancreatic_cancer,>16 genes
Non-Contiguous Random,35,0,27,1,1,1,1,1.0,1.0,0.95,0.7,0.46,1,4.91326844387352e-06,11.967,62.9775,5.26,50,xenium_human_pancreatic_cancer,>16 genes
Non-Contiguous Random,35,1,26,1,1,1,1,1.0,1.0,1.0,0.86,0.48,1,4.954773578313976e-06,12.8342,62.268,4.85,50,xenium_human_pancreatic_cancer,>16 genes
Non-Contiguous Random,35,2,11,1,1,1,1,0.0,0.0,0.0,0.0,0.01,1,0.0,7.5042,26.6054,3.55,50,xenium_human_pancreatic_cancer,7-12 genes
Non-Contiguous Random,35,3,17,1,1,1,1,1.0,0.9,0.95,0.64,0.43,1,4.681620887573429e-06,8.0791,36.8202,4.56,50,xenium_human_pancreatic_cancer,>16 genes
Non-Contiguous Random,35,4,18,1,1,1,1,1.0,1.0,1.0,0.9,0.49,1,-1.2983091470103458e-06,10.648,40.9727,3.85,50,xenium_human_pancreatic_cancer,>16 genes
Non-Contiguous Random,36,0,10,1,1,1,1,0.0,0.0,0.0,0.0,0.0,1,0.0,6.359,26.0799,4.1,50,xenium_human_pancreatic_cancer,7-12 genes
Non-Contiguous Random,36,1,14,1,1,1,1,0.0,0.0,0.0,0.0,0.0,1,0.0,6.4206,32.7883,5.11,50,xenium_human_pancreatic_cancer,13-16 genes
Non-Contiguous Random,36,2,6,1,1,1,1,0.0,0.0,0.0,0.0,0.0,1,0.0,4.6208,22.5588,4.88,50,xenium_human_pancreatic_cancer,<=6 genes
Non-Contiguous Random,36,3,19,1,1,1,1,1.0,1.0,0.8,0.52,0.32,1,0.0,9.7565,41.4004,4.24,50,xenium_human_pancreatic_cancer,>16 genes
Non-Contiguous Random,36,4,18,1,1,1,1,1.0,1.0,0.9,0.58,0.29,1,0.0,8.1714,38.7731,4.74,50,xenium_human_pancreatic_cancer,>16 genes
Non-Contiguous Random,37,0,9,1,1,1,1,1.0,0.7,0.55,0.42,0.31,1,-3.153340021766482e-06,5.9851,25.6311,4.28,50,xenium_human_pancreatic_cancer,7-12 genes
Non-Contiguous Random,37,1,20,0,0,0,0,0.8,0.8,0.55,0.38,0.32,2,0.0005810520480418,9.4336,41.7882,4.43,50,xenium_human_pancreatic_cancer,>16 genes
Non-Contiguous Random,37,2,13,1,1,1,1,0.8,1.0,1.0,0.64,0.42,1,-4.2001565740967806e-06,6.6658,30.9731,4.65,50,xenium_human_pancreatic_cancer,13-16 genes
Non-Contiguous Random,37,3,11,1,1,1,1,1.0,1.0,1.0,0.68,0.45,1,-8.815925193195184e-07,5.8222,26.4973,4.55,50,xenium_human_pancreatic_cancer,7-12 genes
Non-Contiguous Random,37,4,12,1,1,1,1,1.0,1.0,0.95,0.66,0.5,1,-3.0283938729711024e-06,6.8612,27.5368,4.01,50,xenium_human_pancreatic_cancer,7-12 genes
Non-Contiguous Random,38,0,9,1,1,1,1,0.0,0.0,0.0,0.0,0.0,1,0.0,6.4172,25.1487,3.92,50,xenium_human_pancreatic_cancer,7-12 genes
Non-Contiguous Random,38,1,21,1,1,1,1,1.0,1.0,1.0,0.74,0.37,1,0.0,8.7416,44.4196,5.08,50,xenium_human_pancreatic_cancer,>16 genes
Non-Contiguous Random,38,2,19,1,1,1,1,1.0,1.0,1.0,0.88,0.48,1,0.0,7.8701,40.3505,5.13,50,xenium_human_pancreatic_cancer,>16 genes
Non-Contiguous Random,38,3,22,1,1,1,1,1.0,1.0,0.9,0.56,0.32,1,0.0,10.1181,46.8677,4.63,50,xenium_human_pancreatic_cancer,>16 genes
Non-Contiguous Random,38,4,11,1,1,1,1,0.0,0.0,0.0,0.0,0.0,1,0.0,6.8142,26.296,3.86,50,xenium_human_pancreatic_cancer,7-12 genes
Non-Contiguous Random,39,0,13,1,1,1,1,1.0,0.8,0.8,0.72,0.5,1,-4.510245295824555e-06,8.4504,32.3066,3.82,50,xenium_human_pancreatic_cancer,13-16 genes
Non-Contiguous Random,39,1,6,1,1,1,1,0.0,0.0,0.0,0.0,0.0,1,0.0,4.3659,22.5898,5.17,50,xenium_human_pancreatic_cancer,<=6 genes
Non-Contiguous Random,39,2,17,1,1,1,1,1.0,0.9,0.95,0.94,0.5,1,-4.800062931839544e-06,8.4737,37.8507,4.47,50,xenium_human_pancreatic_cancer,>16 genes
Non-Contiguous Random,39,3,22,1,1,1,1,1.0,1.0,1.0,0.98,0.5,1,-4.188903420354606e-06,9.4966,46.4842,4.89,50,xenium_human_pancreatic_cancer,>16 genes
Non-Contiguous Random,39,4,14,0,0,0,0,0.8,0.9,0.95,0.86,0.5,2,0.00271,7.9713,32.9862,4.14,50,xenium_human_pancreatic_cancer,13-16 genes
Non-Contiguous Random,40,0,25,1,1,1,1,1.0,1.0,1.0,0.62,0.48,1,3.7533569334780026e-06,10.4409,55.9793,5.36,50,xenium_human_pancreatic_cancer,>16 genes
Non-Contiguous Random,40,1,8,1,1,1,1,0.6,0.5,0.35,0.28,0.34,1,0.0,5.7126,24.164,4.23,50,xenium_human_pancreatic_cancer,7-12 genes
Non-Contiguous Random,40,2,11,1,1,1,1,1.0,1.0,0.85,0.46,0.34,1,4.910351898148105e-06,6.7348,26.7291,3.97,50,xenium_human_pancreatic_cancer,7-12 genes
Non-Contiguous Random,40,3,20,1,1,1,1,0.8,1.0,1.0,0.88,0.45,1,5.43451889691883e-08,11.3193,43.9199,3.88,50,xenium_human_pancreatic_cancer,>16 genes
Non-Contiguous Random,40,4,27,1,1,1,1,1.0,1.0,0.8,0.78,0.48,1,2.884264309610529e-06,12.9215,63.1591,4.89,50,xenium_human_pancreatic_cancer,>16 genes
Non-Contiguous Random,41,0,7,1,1,1,1,0.8,0.5,0.7,0.6,0.5,1,0.0,6.0737,23.8217,3.92,50,xenium_human_pancreatic_cancer,7-12 genes
Non-Contiguous Random,41,1,15,1,1,1,1,0.8,0.8,0.6,0.38,0.31,1,4.965382706778598e-06,7.8332,34.7679,4.44,50,xenium_human_pancreatic_cancer,13-16 genes
Non-Contiguous Random,41,2,16,1,1,1,1,1.0,1.0,0.65,0.44,0.32,1,-1.0649871824419677e-06,8.2093,35.0042,4.26,50,xenium_human_pancreatic_cancer,13-16 genes
Non-Contiguous Random,41,3,7,1,1,1,1,1.0,1.0,0.6,0.38,0.28,1,2.9024587740802965e-06,5.6646,23.4906,4.15,50,xenium_human_pancreatic_cancer,7-12 genes
Non-Contiguous Random,41,4,18,1,1,1,1,0.8,0.7,0.45,0.34,0.27,1,7.635047558629537e-07,8.601,39.4647,4.59,50,xenium_human_pancreatic_cancer,>16 genes
Non-Contiguous Random,42,0,14,1,1,1,1,1.0,0.9,0.75,0.72,0.5,1,3.331199173922661e-06,8.3564,33.7097,4.03,50,xenium_human_pancreatic_cancer,13-16 genes
Non-Contiguous Random,42,1,11,1,1,1,1,1.0,0.9,0.8,0.58,0.49,1,-3.534430296929514e-06,6.8372,26.7448,3.91,50,xenium_human_pancreatic_cancer,7-12 genes
Non-Contiguous Random,42,2,23,1,1,1,1,1.0,0.8,0.8,0.88,0.48,1,-1.096422270530084e-06,9.8576,49.6627,5.04,50,xenium_human_pancreatic_cancer,>16 genes
Non-Contiguous Random,42,3,18,1,1,1,1,1.0,0.7,0.75,0.7,0.49,1,1.1330131788334086e-06,8.6451,39.9068,4.62,50,xenium_human_pancreatic_cancer,>16 genes
Non-Contiguous Random,42,4,22,1,1,1,1,1.0,1.0,1.0,0.8,0.48,1,-2.4772235986958435e-06,9.6025,46.229,4.81,50,xenium_human_pancreatic_cancer,>16 genes
Non-Contiguous Random,43,0,22,1,1,1,1,1.0,1.0,0.75,0.62,0.49,1,-1.4382553550351671e-06,12.2885,48.7768,3.97,50,xenium_human_pancreatic_cancer,>16 genes
Non-Contiguous Random,43,1,25,1,1,1,1,1.0,1.0,0.9,0.68,0.43,1,-1.526489257885899e-06,11.6136,56.1595,4.84,50,xenium_human_pancreatic_cancer,>16 genes
Non-Contiguous Random,43,2,23,1,1,1,1,1.0,1.0,0.7,0.62,0.48,1,2.599389107738048e-06,12.2099,51.9286,4.25,50,xenium_human_pancreatic_cancer,>16 genes
Non-Contiguous Random,43,3,21,1,1,1,1,1.0,1.0,0.8,0.66,0.49,1,-4.094390737563458e-06,11.4409,47.185,4.12,50,xenium_human_pancreatic_cancer,>16 genes
Non-Contiguous Random,43,4,15,1,1,1,1,1.0,0.6,0.65,0.72,0.5,1,4.357886591430452e-06,9.6128,35.524,3.7,50,xenium_human_pancreatic_cancer,13-16 genes
Non-Contiguous Random,44,0,8,1,1,1,1,0.0,0.0,0.0,0.0,0.0,1,0.0,5.6319,24.5993,4.37,50,xenium_human_pancreatic_cancer,7-12 genes
Non-Contiguous Random,44,1,18,1,1,1,1,0.0,0.2,0.25,0.24,0.17,1,0.0,8.875,41.5945,4.69,50,xenium_human_pancreatic_cancer,>16 genes
Non-Contiguous Random,44,2,12,1,1,1,1,0.0,0.0,0.0,0.08,0.07,1,0.0,7.744,29.6787,3.83,50,xenium_human_pancreatic_cancer,7-12 genes
Non-Contiguous Random,44,3,7,1,1,1,1,0.0,0.0,0.0,0.0,0.0,1,0.0,5.0089,23.5964,4.71,50,xenium_human_pancreatic_cancer,7-12 genes
Non-Contiguous Random,44,4,13,1,1,1,1,0.0,0.0,0.0,0.0,0.0,1,0.0,7.3237,31.3824,4.29,50,xenium_human_pancreatic_cancer,13-16 genes
Non-Contiguous Random,45,0,14,1,1,1,1,0.8,0.8,0.9,0.88,0.5,1,1.0498099382062751e-06,9.0677,33.2823,3.67,50,xenium_human_pancreatic_cancer,13-16 genes
Non-Contiguous Random,45,1,26,1,1,1,1,0.8,1.0,1.0,0.64,0.32,1,2.6887797286434534e-06,11.0908,59.3337,5.35,50,xenium_human_pancreatic_cancer,>16 genes
Non-Contiguous Random,45,2,12,1,1,1,1,0.6,0.6,0.6,0.54,0.44,1,-4.265891622619311e-07,6.9373,27.925,4.03,50,xenium_human_pancreatic_cancer,7-12 genes
Non-Contiguous Random,45,3,24,0,0,0,0,0.2,0.6,0.75,0.78,0.43,4,0.0261677536602853,11.0911,52.5768,4.74,50,xenium_human_pancreatic_cancer,>16 genes
Non-Contiguous Random,45,4,16,1,1,1,1,1.0,1.0,0.9,0.4,0.21,1,2.2095489501956084e-06,9.9963,36.5194,3.65,50,xenium_human_pancreatic_cancer,13-16 genes
Non-Contiguous Random,46,0,15,1,1,1,1,1.0,1.0,0.95,0.7,0.37,1,1.337332052653295e-06,8.4183,34.8691,4.14,50,xenium_human_pancreatic_cancer,13-16 genes
Non-Contiguous Random,46,1,9,1,1,1,1,0.2,0.5,0.65,0.64,0.5,1,0.0,5.9203,24.6557,4.16,50,xenium_human_pancreatic_cancer,7-12 genes
Non-Contiguous Random,46,2,16,0,0,0,0,0.8,0.7,0.8,0.48,0.27,2,1.2719192505006305e-05,8.3937,37.2888,4.44,50,xenium_human_pancreatic_cancer,13-16 genes
Non-Contiguous Random,46,3,10,1,1,1,1,0.0,0.0,0.0,0.0,0.01,1,0.0,6.9781,26.8321,3.85,50,xenium_human_pancreatic_cancer,7-12 genes
Non-Contiguous Random,46,4,14,1,1,1,1,1.0,1.0,1.0,0.66,0.38,1,-3.1682219865381e-06,8.8747,34.3226,3.87,50,xenium_human_pancreatic_cancer,13-16 genes
Non-Contiguous Random,47,0,15,1,1,1,1,0.0,0.0,0.0,0.12,0.17,1,0.0,8.2788,35.805,4.32,50,xenium_human_pancreatic_cancer,13-16 genes
Non-Contiguous Random,47,1,14,1,1,1,1,0.0,0.0,0.0,0.04,0.04,1,0.0,7.8453,33.885,4.32,50,xenium_human_pancreatic_cancer,13-16 genes
Non-Contiguous Random,47,2,7,1,1,1,1,0.0,0.0,0.0,0.0,0.0,1,0.0,5.6455,26.4854,4.69,50,xenium_human_pancreatic_cancer,7-12 genes
Non-Contiguous Random,47,3,12,1,1,1,1,0.0,0.0,0.0,0.1,0.15,1,0.0,7.0323,33.049,4.7,50,xenium_human_pancreatic_cancer,7-12 genes
Non-Contiguous Random,47,4,11,1,1,1,1,0.0,0.0,0.0,0.0,0.0,1,0.0,6.9226,26.3872,3.81,50,xenium_human_pancreatic_cancer,7-12 genes
Non-Contiguous Random,48,0,8,1,1,1,1,0.0,0.0,0.0,0.0,0.0,1,0.0,6.6412,24.6329,3.71,50,xenium_human_pancreatic_cancer,7-12 genes
Non-Contiguous Random,48,1,5,1,1,1,1,0.0,0.0,0.0,0.0,0.0,1,0.0,3.9437,21.9747,5.57,50,xenium_human_pancreatic_cancer,<=6 genes
Non-Contiguous Random,48,2,6,1,1,1,1,0.0,0.0,0.0,0.0,0.0,1,0.0,4.6269,22.0856,4.77,50,xenium_human_pancreatic_cancer,<=6 genes
Non-Contiguous Random,48,3,11,1,1,1,1,0.8,0.6,0.75,0.78,0.5,1,0.0,6.5816,26.6588,4.05,50,xenium_human_pancreatic_cancer,7-12 genes
Non-Contiguous Random,48,4,12,1,1,1,1,1.0,0.7,0.4,0.36,0.38,1,-3.346538223425455e-06,6.1566,27.0882,4.4,50,xenium_human_pancreatic_cancer,7-12 genes
Non-Contiguous Random,49,0,11,1,1,1,1,0.0,0.0,0.0,0.0,0.0,1,0.0,7.0483,26.7204,3.79,50,xenium_human_pancreatic_cancer,7-12 genes
Non-Contiguous Random,49,1,8,1,1,1,1,1.0,0.9,0.75,0.64,0.5,1,1.584043159950227e-06,4.9037,23.6571,4.82,50,xenium_human_pancreatic_cancer,7-12 genes
Non-Contiguous Random,49,2,22,1,1,1,1,1.0,1.0,1.0,0.74,0.37,1,3.104456525895513e-06,9.4931,47.9184,5.05,50,xenium_human_pancreatic_cancer,>16 genes
Non-Contiguous Random,49,3,21,1,1,1,1,1.0,1.0,1.0,0.78,0.39,1,-1.1965496782310669e-06,9.5967,45.8353,4.78,50,xenium_human_pancreatic_cancer,>16 genes
Non-Contiguous Random,49,4,13,1,1,1,1,1.0,1.0,1.0,0.92,0.49,1,4.796767996278172e-06,7.7069,31.4693,4.08,50,xenium_human_pancreatic_cancer,13-16 genes
Contiguous Random,0,0,14,1,1,1,1,1.0,1.0,1.0,0.84,0.46,1,8.999772296292008e-07,5.3381,14.7487,2.76,50,xenium_human_skin_melanoma,13-16 genes
Contiguous Random,0,1,4,1,1,1,1,1.0,1.0,1.0,0.96,0.5,1,2.3116797208747042e-07,2.7654,8.5317,3.09,50,xenium_human_skin_melanoma,<=6 genes
Contiguous Random,0,2,8,1,1,1,1,1.0,1.0,1.0,0.86,0.49,1,1.5125004564423006e-06,3.9601,9.7606,2.46,50,xenium_human_skin_melanoma,7-12 genes
Contiguous Random,0,3,7,1,1,1,1,1.0,1.0,0.95,0.94,0.5,1,-3.4094780460014462e-06,3.4928,9.251,2.65,50,xenium_human_skin_melanoma,7-12 genes
Contiguous Random,0,4,15,1,1,1,1,1.0,1.0,1.0,0.84,0.47,1,4.542298377430143e-06,5.6649,15.2955,2.7,50,xenium_human_skin_melanoma,13-16 genes
Contiguous Random,1,0,14,1,1,1,1,1.0,1.0,1.0,0.84,0.47,1,-4.793356797261339e-06,5.7873,14.0378,2.43,50,xenium_human_skin_melanoma,13-16 genes
Contiguous Random,1,1,12,1,1,1,1,1.0,1.0,1.0,0.76,0.47,1,4.281380805437607e-09,3.9147,11.6062,2.96,50,xenium_human_skin_melanoma,7-12 genes
Contiguous Random,1,2,13,1,1,1,1,1.0,1.0,1.0,0.78,0.46,1,-2.635108113935303e-07,5.3676,12.4583,2.32,50,xenium_human_skin_melanoma,13-16 genes
Contiguous Random,1,3,4,1,1,1,1,0.0,0.0,0.0,0.04,0.11,1,0.0,2.3658,8.4025,3.55,50,xenium_human_skin_melanoma,<=6 genes
Contiguous Random,1,4,5,1,1,1,1,1.0,1.0,1.0,0.92,0.49,1,-1.0378392584289853e-06,3.0576,8.7184,2.85,50,xenium_human_skin_melanoma,<=6 genes
Contiguous Random,2,0,11,1,1,1,1,0.0,0.1,0.4,0.52,0.41,1,0.0,4.9495,12.6166,2.55,50,xenium_human_skin_melanoma,7-12 genes
Contiguous Random,2,1,4,1,1,1,1,0.0,0.0,0.05,0.1,0.19,1,0.0,2.5037,8.6548,3.46,50,xenium_human_skin_melanoma,<=6 genes
Contiguous Random,2,2,17,1,1,1,1,0.6,0.5,0.45,0.86,0.43,1,3.501852051945864e-07,6.2598,17.2695,2.76,50,xenium_human_skin_melanoma,>16 genes
Contiguous Random,2,3,18,1,1,1,1,0.4,0.4,0.75,0.72,0.42,1,-4.020661014410287e-06,7.2295,18.4055,2.55,50,xenium_human_skin_melanoma,>16 genes
Contiguous Random,2,4,4,1,1,1,1,0.0,0.1,0.1,0.14,0.15,1,0.0,2.7363,8.4989,3.11,50,xenium_human_skin_melanoma,<=6 genes
Contiguous Random,3,0,17,1,1,1,1,1.0,1.0,0.5,0.78,0.44,1,-2.5793913711220917e-06,7.0942,17.2218,2.43,50,xenium_human_skin_melanoma,>16 genes
Contiguous Random,3,1,12,1,1,1,1,1.0,1.0,0.7,0.56,0.49,1,-2.0385103998848964e-06,4.9131,12.0946,2.46,50,xenium_human_skin_melanoma,7-12 genes
Contiguous Random,3,2,10,1,1,1,1,1.0,1.0,0.9,0.6,0.48,1,4.637513083594752e-06,4.4506,11.0176,2.48,50,xenium_human_skin_melanoma,7-12 genes
Contiguous Random,3,3,7,1,1,1,1,0.8,0.8,0.9,0.88,0.48,1,2.6066574780065493e-06,3.9496,9.3066,2.36,50,xenium_human_skin_melanoma,7-12 genes
Contiguous Random,3,4,16,1,1,1,1,1.0,1.0,0.6,0.84,0.49,1,-3.0015563964834457e-06,5.8259,14.6601,2.52,50,xenium_human_skin_melanoma,13-16 genes
Contiguous Random,4,0,9,1,1,1,1,1.0,1.0,1.0,0.6,0.42,1,4.716084798177256e-06,3.9274,10.7083,2.73,50,xenium_human_skin_melanoma,7-12 genes
Contiguous Random,4,1,13,1,1,1,1,1.0,1.0,0.8,0.66,0.5,1,2.298126747166118e-06,5.163,12.3414,2.39,50,xenium_human_skin_melanoma,13-16 genes
Contiguous Random,4,2,16,1,1,1,1,1.0,1.0,0.6,0.74,0.5,1,3.966598510742048e-06,4.597,14.317,3.11,50,xenium_human_skin_melanoma,13-16 genes
Contiguous Random,4,3,15,1,1,1,1,1.0,1.0,0.5,0.62,0.5,1,-2.2562488529859204e-06,4.916,13.6193,2.77,50,xenium_human_skin_melanoma,13-16 genes
Contiguous Random,4,4,12,1,1,1,1,0.8,0.8,0.85,0.56,0.39,1,-4.422122097481884e-06,3.8011,11.426,3.01,50,xenium_human_skin_melanoma,7-12 genes
Contiguous Random,5,0,18,1,1,1,1,1.0,1.0,0.85,0.64,0.43,1,-1.8085083017815862e-06,5.9123,17.7639,3.0,50,xenium_human_skin_melanoma,>16 genes
Contiguous Random,5,1,5,1,1,1,1,0.0,0.0,0.0,0.1,0.18,1,0.0,2.9671,8.7849,2.96,50,xenium_human_skin_melanoma,<=6 genes
Contiguous Random,5,2,8,1,1,1,1,1.0,1.0,1.0,0.86,0.45,1,1.8656532039165036e-06,3.8584,10.0078,2.59,50,xenium_human_skin_melanoma,7-12 genes
Contiguous Random,5,3,13,1,1,1,1,1.0,1.0,1.0,0.88,0.48,1,-3.1570533419143787e-06,5.2934,12.6877,2.4,50,xenium_human_skin_melanoma,13-16 genes
Contiguous Random,5,4,13,1,1,1,1,1.0,1.0,1.0,0.92,0.5,1,-3.1570533419143787e-06,5.084,12.43,2.44,50,xenium_human_skin_melanoma,13-16 genes
Contiguous Random,6,0,6,0,0,0,0,0.8,0.9,0.95,0.88,0.5,2,0.01601,3.0045,9.4268,3.14,50,xenium_human_skin_melanoma,<=6 genes
Contiguous Random,6,1,11,1,1,1,1,0.8,1.0,1.0,0.74,0.44,1,-4.344634609056153e-06,4.8371,14.4593,2.99,50,xenium_human_skin_melanoma,7-12 genes
Contiguous Random,6,2,6,1,1,1,1,0.0,0.1,0.05,0.26,0.29,1,0.0,3.3739,9.2617,2.75,50,xenium_human_skin_melanoma,<=6 genes
Contiguous Random,6,3,11,1,1,1,1,0.8,1.0,1.0,0.82,0.43,1,-4.344634609056153e-06,5.1147,11.295,2.21,50,xenium_human_skin_melanoma,7-12 genes
Contiguous Random,6,4,16,1,1,1,1,1.0,1.0,0.9,0.66,0.42,1,-8.736300468464853e-07,6.154,15.3086,2.49,50,xenium_human_skin_melanoma,13-16 genes
Contiguous Random,7,0,18,1,1,1,1,1.0,0.9,0.75,0.68,0.47,1,-2.7667691093746782e-06,7.3008,17.8063,2.44,50,xenium_human_skin_melanoma,>16 genes
Contiguous Random,7,1,9,1,1,1,1,0.8,1.0,1.0,0.78,0.4,1,-3.06861877441382e-06,4.1581,10.5419,2.54,50,xenium_human_skin_melanoma,7-12 genes
Contiguous Random,7,2,15,1,1,1,1,0.8,0.8,0.55,0.6,0.47,1,-4.373711906341393e-06,6.3845,14.2124,2.23,50,xenium_human_skin_melanoma,13-16 genes
Contiguous Random,7,3,12,1,1,1,1,0.0,0.2,0.1,0.6,0.5,1,0.0,5.4191,12.0629,2.23,50,xenium_human_skin_melanoma,7-12 genes
Contiguous Random,7,4,9,0,0,0,0,0.6,0.4,0.55,0.42,0.37,2,0.01599827222188313,4.1905,10.6414,2.54,50,xenium_human_skin_melanoma,7-12 genes
Contiguous Random,8,0,11,1,1,1,1,0.0,0.0,0.2,0.6,0.5,1,0.0,4.9429,11.9766,2.42,50,xenium_human_skin_melanoma,7-12 genes
Contiguous Random,8,1,18,1,1,1,1,0.0,0.5,0.75,0.74,0.42,1,0.0,7.1106,17.2538,2.43,50,xenium_human_skin_melanoma,>16 genes
Contiguous Random,8,2,12,1,1,1,1,0.0,0.1,0.1,0.72,0.5,1,0.0,4.8947,12.1042,2.47,50,xenium_human_skin_melanoma,7-12 genes
Contiguous Random,8,3,14,1,1,1,1,0.0,0.0,0.05,0.6,0.43,1,0.0,5.168,13.2604,2.57,50,xenium_human_skin_melanoma,13-16 genes
Contiguous Random,8,4,11,1,1,1,1,0.0,0.0,0.2,0.36,0.39,1,0.0,4.4215,11.2711,2.55,50,xenium_human_skin_melanoma,7-12 genes
Contiguous Random,9,0,14,1,1,1,1,1.0,1.0,0.95,0.58,0.41,1,-2.316283882353859e-06,5.9032,14.0895,2.39,50,xenium_human_skin_melanoma,13-16 genes
Contiguous Random,9,1,12,1,1,1,1,1.0,1.0,0.95,0.82,0.42,1,4.664974174950487e-06,5.5695,12.0787,2.17,50,xenium_human_skin_melanoma,7-12 genes
Contiguous Random,9,2,10,1,1,1,1,0.6,0.4,0.25,0.76,0.5,1,0.0,4.5425,11.3992,2.51,50,xenium_human_skin_melanoma,7-12 genes
Contiguous Random,9,3,14,1,1,1,1,1.0,0.9,0.9,0.72,0.43,1,-4.692335009437443e-07,6.1003,13.5109,2.21,50,xenium_human_skin_melanoma,13-16 genes
Contiguous Random,9,4,19,1,1,1,1,1.0,0.9,0.75,0.8,0.44,1,1.576093202615425e-06,6.5652,19.6411,2.99,50,xenium_human_skin_melanoma,>16 genes
Contiguous Random,10,0,18,1,1,1,1,1.0,0.8,0.65,0.74,0.42,1,3.314060235543037e-06,5.9505,17.61,2.96,50,xenium_human_skin_melanoma,>16 genes
Contiguous Random,10,1,6,1,1,1,1,0.2,0.1,0.1,0.26,0.2,1,0.0,3.2333,9.0889,2.81,50,xenium_human_skin_melanoma,<=6 genes
Contiguous Random,10,2,6,1,1,1,1,0.0,0.0,0.0,0.16,0.18,1,0.0,3.3317,8.9596,2.69,50,xenium_human_skin_melanoma,<=6 genes
Contiguous Random,10,3,15,1,1,1,1,1.0,1.0,0.65,0.8,0.49,1,5.585126762047699e-07,5.4838,14.3548,2.62,50,xenium_human_skin_melanoma,13-16 genes
Contiguous Random,10,4,15,1,1,1,1,1.0,1.0,0.6,0.96,0.49,1,5.585126762047699e-07,5.7903,14.6672,2.53,50,xenium_human_skin_melanoma,13-16 genes
Contiguous Random,11,0,16,1,1,1,1,0.2,0.3,0.55,0.72,0.42,1,0.0,6.4194,15.9273,2.48,50,xenium_human_skin_melanoma,13-16 genes
Contiguous Random,11,1,11,1,1,1,1,0.0,0.0,0.2,0.6,0.5,1,0.0,4.7072,11.7283,2.49,50,xenium_human_skin_melanoma,7-12 genes
Contiguous Random,11,2,19,1,1,1,1,0.2,0.1,0.7,0.82,0.43,1,0.0,6.418,18.2624,2.85,50,xenium_human_skin_melanoma,>16 genes
Contiguous Random,11,3,5,1,1,1,1,0.0,0.0,0.05,0.4,0.37,1,0.0,2.9725,8.9465,3.01,50,xenium_human_skin_melanoma,<=6 genes
Contiguous Random,11,4,7,1,1,1,1,0.0,0.0,0.2,0.24,0.28,1,0.0,3.5321,9.3918,2.66,50,xenium_human_skin_melanoma,7-12 genes
Contiguous Random,12,0,9,1,1,1,1,1.0,1.0,1.0,0.7,0.47,1,9.780009587595506e-08,4.4734,11.1577,2.49,50,xenium_human_skin_melanoma,7-12 genes
Contiguous Random,12,1,17,1,1,1,1,1.0,1.0,0.9,0.86,0.48,1,1.1981180705333827e-06,6.4594,16.4199,2.54,50,xenium_human_skin_melanoma,>16 genes
Contiguous Random,12,2,6,1,1,1,1,1.0,1.0,1.0,0.6,0.33,1,4.781335799787859e-06,3.0935,9.2513,2.99,50,xenium_human_skin_melanoma,<=6 genes
Contiguous Random,12,3,16,1,1,1,1,1.0,1.0,0.95,0.86,0.5,1,3.4748840334053455e-06,5.9486,15.1379,2.54,50,xenium_human_skin_melanoma,13-16 genes
Contiguous Random,12,4,12,1,1,1,1,1.0,1.0,0.9,0.58,0.42,1,-4.615111211451854e-06,4.5681,11.8284,2.59,50,xenium_human_skin_melanoma,7-12 genes
Contiguous Random,13,0,14,1,1,1,1,1.0,1.0,1.0,0.78,0.43,1,4.691676697698988e-06,5.7723,13.7766,2.39,50,xenium_human_skin_melanoma,13-16 genes
Contiguous Random,13,1,5,1,1,1,1,1.0,1.0,1.0,0.88,0.44,1,3.6865343561176545e-06,2.8405,8.8503,3.12,50,xenium_human_skin_melanoma,<=6 genes
Contiguous Random,13,2,12,1,1,1,1,1.0,1.0,1.0,0.94,0.47,1,6.072823866554167e-07,4.9987,11.6499,2.33,50,xenium_human_skin_melanoma,7-12 genes
Contiguous Random,13,3,16,1,1,1,1,1.0,1.0,0.95,0.8,0.4,1,-2.6444149017201823e-06,4.7664,14.9271,3.13,50,xenium_human_skin_melanoma,13-16 genes
Contiguous Random,13,4,5,1,1,1,1,0.0,0.0,0.05,0.2,0.13,1,0.0,3.1414,9.3869,2.99,50,xenium_human_skin_melanoma,<=6 genes
Contiguous Random,14,0,17,1,1,1,1,1.0,1.0,0.8,0.62,0.41,1,-5.109973860617685e-07,6.3358,18.5518,2.93,50,xenium_human_skin_melanoma,>16 genes
Contiguous Random,14,1,18,1,1,1,1,1.0,1.0,0.7,0.82,0.44,1,-4.984420783681314e-06,6.2514,17.1333,2.74,50,xenium_human_skin_melanoma,>16 genes
Contiguous Random,14,2,12,1,1,1,1,0.0,0.0,0.1,0.6,0.5,1,0.0,4.8573,12.0711,2.49,50,xenium_human_skin_melanoma,7-12 genes
Contiguous Random,14,3,7,1,1,1,1,1.0,0.9,1.0,0.88,0.46,1,-3.7297702844213756e-06,3.6525,9.4866,2.6,50,xenium_human_skin_melanoma,7-12 genes
Contiguous Random,14,4,13,1,1,1,1,1.0,1.0,0.95,0.64,0.43,1,2.8023403322594356e-06,5.1387,13.3928,2.61,50,xenium_human_skin_melanoma,13-16 genes
Contiguous Random,15,0,14,1,1,1,1,1.0,1.0,1.0,0.9,0.49,1,2.1019179246017927e-06,6.0006,14.4491,2.41,50,xenium_human_skin_melanoma,13-16 genes
Contiguous Random,15,1,13,1,1,1,1,1.0,1.0,1.0,0.94,0.49,1,3.0149940474094583e-07,5.1422,12.5735,2.45,50,xenium_human_skin_melanoma,13-16 genes
Contiguous Random,15,2,6,1,1,1,1,1.0,1.0,0.95,0.98,0.5,1,2.3468856680738948e-06,3.367,8.9635,2.66,50,xenium_human_skin_melanoma,<=6 genes
Contiguous Random,15,3,16,1,1,1,1,1.0,1.0,1.0,0.86,0.43,1,-2.783813476625596e-06,5.4814,14.5701,2.66,50,xenium_human_skin_melanoma,13-16 genes
Contiguous Random,15,4,12,1,1,1,1,1.0,1.0,0.95,0.94,0.49,1,-3.029343624838532e-06,5.0297,12.2148,2.43,50,xenium_human_skin_melanoma,7-12 genes
Contiguous Random,16,0,12,1,1,1,1,1.0,1.0,1.0,0.84,0.43,1,-2.5291544954314515e-06,4.104,12.1469,2.96,50,xenium_human_skin_melanoma,7-12 genes
Contiguous Random,16,1,13,1,1,1,1,1.0,1.0,0.95,0.96,0.5,1,3.3321163428468026e-07,5.2558,12.3802,2.36,50,xenium_human_skin_melanoma,13-16 genes
Contiguous Random,16,2,11,1,1,1,1,1.0,1.0,1.0,0.94,0.47,1,-8.06724778507073e-08,3.8615,10.864,2.81,50,xenium_human_skin_melanoma,7-12 genes
Contiguous Random,16,3,5,1,1,1,1,0.8,1.0,1.0,0.86,0.5,1,0.0,2.6536,8.7051,3.28,50,xenium_human_skin_melanoma,<=6 genes
Contiguous Random,16,4,16,1,1,1,1,1.0,1.0,1.0,0.8,0.4,1,-3.7641143797451093e-06,4.7427,14.3242,3.02,50,xenium_human_skin_melanoma,13-16 genes
Contiguous Random,17,0,12,1,1,1,1,1.0,1.0,0.95,0.64,0.38,1,1.0582875274028902e-06,4.8056,12.1371,2.53,50,xenium_human_skin_melanoma,7-12 genes
Contiguous Random,17,1,12,1,1,1,1,1.0,1.0,1.0,0.88,0.48,1,1.9639873527488305e-06,6.8052,13.9439,2.05,50,xenium_human_skin_melanoma,7-12 genes
Contiguous Random,17,2,7,1,1,1,1,0.8,1.0,1.0,0.84,0.43,1,3.1197286167565508e-06,4.1892,9.3559,2.23,50,xenium_human_skin_melanoma,7-12 genes
Contiguous Random,17,3,20,1,1,1,1,1.0,1.0,1.0,0.78,0.46,1,5.318821987287947e-07,8.3693,22.1417,2.65,50,xenium_human_skin_melanoma,>16 genes
Contiguous Random,17,4,22,1,1,1,1,1.0,1.0,0.9,0.88,0.49,1,1.242547597257726e-06,9.0838,25.5481,2.81,50,xenium_human_skin_melanoma,>16 genes
Contiguous Random,18,0,6,1,1,1,1,1.0,1.0,0.95,0.96,0.5,1,-4.585875761742297e-06,3.8472,9.7309,2.53,50,xenium_human_skin_melanoma,<=6 genes
Contiguous Random,18,1,11,1,1,1,1,1.0,1.0,0.95,0.9,0.5,1,-1.489192583969956e-06,5.11,11.3053,2.21,50,xenium_human_skin_melanoma,7-12 genes
Contiguous Random,18,2,8,1,1,1,1,1.0,1.0,1.0,0.92,0.5,1,-4.525784217279671e-06,3.8498,9.8538,2.56,50,xenium_human_skin_melanoma,7-12 genes
Contiguous Random,18,3,17,1,1,1,1,1.0,1.0,1.0,0.94,0.5,1,3.219165805035118e-06,6.5317,16.2956,2.49,50,xenium_human_skin_melanoma,>16 genes
Contiguous Random,18,4,7,1,1,1,1,1.0,1.0,1.0,0.92,0.49,1,-3.9764030310696086e-06,3.6879,9.497,2.58,50,xenium_human_skin_melanoma,7-12 genes
Contiguous Random,19,0,16,1,1,1,1,1.0,1.0,0.95,0.7,0.42,1,-4.6684265120333635e-07,5.0397,14.838,2.94,50,xenium_human_skin_melanoma,13-16 genes
Contiguous Random,19,1,15,1,1,1,1,1.0,1.0,0.95,0.76,0.47,1,4.26095516026237e-06,5.1796,13.8834,2.68,50,xenium_human_skin_melanoma,13-16 genes
Contiguous Random,19,2,10,1,1,1,1,1.0,1.0,1.0,0.94,0.5,1,-1.4670927317439464e-07,4.0049,10.721,2.68,50,xenium_human_skin_melanoma,7-12 genes
Contiguous Random,19,3,14,1,1,1,1,1.0,1.0,1.0,0.88,0.5,1,4.291527197608502e-06,4.7095,12.6831,2.69,50,xenium_human_skin_melanoma,13-16 genes
Contiguous Random,19,4,11,1,1,1,1,1.0,1.0,1.0,0.96,0.49,1,-8.532786099912926e-07,4.0582,10.9794,2.71,50,xenium_human_skin_melanoma,7-12 genes
Contiguous Random,20,0,11,1,1,1,1,1.0,1.0,1.0,0.92,0.46,1,-9.777061440452428e-07,4.1226,11.5162,2.79,50,xenium_human_skin_melanoma,7-12 genes
Contiguous Random,20,1,7,1,1,1,1,1.0,1.0,1.0,0.84,0.48,1,2.318496916156945e-06,3.6924,9.3382,2.53,50,xenium_human_skin_melanoma,7-12 genes
Contiguous Random,20,2,5,1,1,1,1,1.0,1.0,0.95,0.92,0.49,1,-2.0062345482815477e-06,2.6574,8.7807,3.3,50,xenium_human_skin_melanoma,<=6 genes
Contiguous Random,20,3,4,1,1,1,1,0.0,0.0,0.05,0.12,0.13,1,0.0,2.74,8.3724,3.06,50,xenium_human_skin_melanoma,<=6 genes
Contiguous Random,20,4,12,1,1,1,1,1.0,1.0,1.0,0.78,0.4,1,-1.616719118240073e-06,4.2643,11.6011,2.72,50,xenium_human_skin_melanoma,7-12 genes
Contiguous Random,21,0,13,1,1,1,1,1.0,1.0,0.95,0.64,0.42,1,-3.8792249023450465e-07,4.7616,12.8748,2.7,50,xenium_human_skin_melanoma,13-16 genes
Contiguous Random,21,1,4,1,1,1,1,0.0,0.0,0.05,0.12,0.07,1,0.0,2.2388,8.4295,3.77,50,xenium_human_skin_melanoma,<=6 genes
Contiguous Random,21,2,15,1,1,1,1,1.0,1.0,0.95,0.6,0.46,1,-3.4789962925409895e-06,4.5474,13.6606,3.0,50,xenium_human_skin_melanoma,13-16 genes
Contiguous Random,21,3,7,1,1,1,1,0.0,0.1,0.15,0.48,0.32,1,0.0,2.9805,9.2339,3.1,50,xenium_human_skin_melanoma,7-12 genes
Contiguous Random,21,4,4,1,1,1,1,0.0,0.0,0.05,0.22,0.12,1,0.0,3.0513,8.38,2.75,50,xenium_human_skin_melanoma,<=6 genes
Contiguous Random,22,0,6,1,1,1,1,1.0,1.0,0.95,0.78,0.42,1,-4.34911495436098e-06,3.2768,9.7766,2.98,50,xenium_human_skin_melanoma,<=6 genes
Contiguous Random,22,1,11,1,1,1,1,1.0,1.0,0.95,0.72,0.41,1,-3.456600336071425e-06,4.7203,11.8303,2.51,50,xenium_human_skin_melanoma,7-12 genes
Contiguous Random,22,2,19,1,1,1,1,1.0,1.0,0.85,0.76,0.46,1,2.248837485147037e-06,6.4972,18.2339,2.81,50,xenium_human_skin_melanoma,>16 genes
Contiguous Random,22,3,8,1,1,1,1,0.2,0.4,0.25,0.3,0.42,1,0.0,4.0174,9.8726,2.46,50,xenium_human_skin_melanoma,7-12 genes
Contiguous Random,22,4,19,1,1,1,1,1.0,1.0,0.85,0.76,0.46,1,2.248837485147037e-06,6.5332,18.0335,2.76,50,xenium_human_skin_melanoma,>16 genes
Contiguous Random,23,0,16,1,1,1,1,1.0,1.0,0.95,0.76,0.43,1,-1.9197845460006135e-06,4.9908,14.817,2.97,50,xenium_human_skin_melanoma,13-16 genes
Contiguous Random,23,1,16,1,1,1,1,1.0,1.0,0.95,0.76,0.43,1,-1.9197845460006135e-06,4.7886,14.2778,2.98,50,xenium_human_skin_melanoma,13-16 genes
Contiguous Random,23,2,7,1,1,1,1,1.0,1.0,0.7,0.5,0.48,1,3.99227182362738e-06,3.0251,9.2359,3.05,50,xenium_human_skin_melanoma,7-12 genes
Contiguous Random,23,3,5,1,1,1,1,1.0,1.0,1.0,0.8,0.44,1,-3.393751871978712e-06,2.7993,8.8252,3.15,50,xenium_human_skin_melanoma,<=6 genes
Contiguous Random,23,4,10,1,1,1,1,1.0,1.0,1.0,0.66,0.49,1,-3.61167343496116e-06,4.3665,10.492,2.4,50,xenium_human_skin_melanoma,7-12 genes
Contiguous Random,24,0,10,1,1,1,1,1.0,1.0,1.0,0.82,0.48,1,1.7863831611175662e-06,4.7296,11.4196,2.41,50,xenium_human_skin_melanoma,7-12 genes
Contiguous Random,24,1,11,1,1,1,1,1.0,0.9,0.9,0.88,0.47,1,-1.755957225346716e-06,4.6068,11.7597,2.55,50,xenium_human_skin_melanoma,7-12 genes
Contiguous Random,24,2,14,1,1,1,1,1.0,1.0,0.85,0.78,0.46,1,-2.5857641565707468e-06,5.2126,13.2095,2.53,50,xenium_human_skin_melanoma,13-16 genes
Contiguous Random,24,3,4,1,1,1,1,1.0,1.0,1.0,0.96,0.49,1,4.587278366080527e-06,2.6002,8.4323,3.24,50,xenium_human_skin_melanoma,<=6 genes
Contiguous Random,24,4,15,1,1,1,1,1.0,1.0,0.95,0.8,0.49,1,-3.2617489909014807e-06,5.7108,14.3155,2.51,50,xenium_human_skin_melanoma,13-16 genes
Contiguous Random,25,0,16,1,1,1,1,1.0,0.9,0.9,0.7,0.38,1,-4.546432494922925e-06,4.9321,14.836,3.01,50,xenium_human_skin_melanoma,13-16 genes
Contiguous Random,25,1,7,1,1,1,1,1.0,0.9,0.95,0.92,0.5,1,-3.615429227762923e-06,3.6621,9.3204,2.55,50,xenium_human_skin_melanoma,7-12 genes
Contiguous Random,25,2,7,1,1,1,1,1.0,0.8,0.85,0.9,0.49,1,9.428119707166616e-07,3.0482,9.2781,3.04,50,xenium_human_skin_melanoma,7-12 genes
Contiguous Random,25,3,11,1,1,1,1,1.0,1.0,1.0,0.9,0.45,1,3.7186834833669025e-06,3.8586,10.9156,2.83,50,xenium_human_skin_melanoma,7-12 genes
Contiguous Random,25,4,10,1,1,1,1,1.0,1.0,1.0,0.98,0.5,1,-1.7504179981031598e-06,3.7896,10.3051,2.72,50,xenium_human_skin_melanoma,7-12 genes
Contiguous Random,26,0,8,1,1,1,1,1.0,1.0,1.0,0.88,0.5,1,-2.6176039801817375e-06,3.6948,10.2925,2.79,50,xenium_human_skin_melanoma,7-12 genes
Contiguous Random,26,1,7,1,1,1,1,1.0,0.6,0.4,0.46,0.46,1,3.325297429551677e-06,3.024,9.2969,3.07,50,xenium_human_skin_melanoma,7-12 genes
Contiguous Random,26,2,11,1,1,1,1,1.0,1.0,1.0,0.96,0.5,1,2.3211568980774366e-06,4.0773,11.0382,2.71,50,xenium_human_skin_melanoma,7-12 genes
Contiguous Random,26,3,5,1,1,1,1,1.0,1.0,1.0,0.94,0.5,1,1.734051781674198e-06,2.5868,8.6986,3.36,50,xenium_human_skin_melanoma,<=6 genes
Contiguous Random,26,4,14,1,1,1,1,1.0,1.0,1.0,0.92,0.47,1,3.361970045467899e-06,5.6511,13.2021,2.34,50,xenium_human_skin_melanoma,13-16 genes
Contiguous Random,27,0,4,1,1,1,1,1.0,1.0,0.9,0.8,0.5,1,-4.21142578125016e-06,2.7151,8.9394,3.29,50,xenium_human_skin_melanoma,<=6 genes
Contiguous Random,27,1,11,1,1,1,1,1.0,1.0,0.8,0.62,0.48,1,1.0059798053324576e-06,5.027,11.562,2.3,50,xenium_human_skin_melanoma,7-12 genes
Contiguous Random,27,2,17,1,1,1,1,1.0,1.0,0.65,0.8,0.43,1,-1.0768271514471905e-06,7.0758,16.2826,2.3,50,xenium_human_skin_melanoma,>16 genes
Contiguous Random,27,3,19,1,1,1,1,1.0,1.0,1.0,0.84,0.42,1,-4.615753715686566e-06,6.6333,19.9062,3.0,50,xenium_human_skin_melanoma,>16 genes
Contiguous Random,27,4,16,1,1,1,1,1.0,1.0,1.0,0.86,0.46,1,-4.2475128174679355e-06,5.8263,14.5343,2.49,50,xenium_human_skin_melanoma,13-16 genes
Contiguous Random,28,0,9,1,1,1,1,1.0,1.0,0.95,0.96,0.49,1,-1.238791942595463e-06,4.3967,11.2249,2.55,50,xenium_human_skin_melanoma,7-12 genes
Contiguous Random,28,1,4,1,1,1,1,1.0,1.0,1.0,0.92,0.5,1,-1.8581879138931945e-06,2.6069,8.5786,3.29,50,xenium_human_skin_melanoma,<=6 genes
Contiguous Random,28,2,12,1,1,1,1,1.0,1.0,0.85,0.4,0.4,1,3.918913970796939e-06,4.9896,12.7628,2.56,50,xenium_human_skin_melanoma,7-12 genes
Contiguous Random,28,3,13,1,1,1,1,1.0,0.9,0.8,0.48,0.41,1,1.5722270697571261e-06,5.2866,12.7557,2.41,50,xenium_human_skin_melanoma,13-16 genes
Contiguous Random,28,4,19,1,1,1,1,1.0,1.0,1.0,0.72,0.4,1,-2.6967787327691894e-06,6.5828,17.9255,2.72,50,xenium_human_skin_melanoma,>16 genes
Contiguous Random,29,0,10,1,1,1,1,1.0,0.9,0.7,0.62,0.46,1,3.2190180998883933e-06,4.4967,11.4435,2.54,50,xenium_human_skin_melanoma,7-12 genes
Contiguous Random,29,1,10,1,1,1,1,1.0,1.0,1.0,0.6,0.41,1,0.0,4.1634,10.658,2.56,50,xenium_human_skin_melanoma,7-12 genes
Contiguous Random,29,2,5,1,1,1,1,1.0,1.0,0.95,0.96,0.5,1,-1.7933746682477492e-06,2.9769,8.8232,2.96,50,xenium_human_skin_melanoma,<=6 genes
Contiguous Random,29,3,14,1,1,1,1,1.0,0.9,0.65,0.46,0.43,1,-1.1164885297711147e-06,5.2042,13.1502,2.53,50,xenium_human_skin_melanoma,13-16 genes
Contiguous Random,29,4,5,1,1,1,1,0.0,0.0,0.05,0.14,0.3,1,0.0,2.7758,8.7933,3.17,50,xenium_human_skin_melanoma,<=6 genes
Contiguous Random,30,0,11,1,1,1,1,1.0,0.9,1.0,0.8,0.42,1,2.4518971734055484e-06,5.0269,11.7248,2.33,50,xenium_human_skin_melanoma,7-12 genes
Contiguous Random,30,1,4,1,1,1,1,0.0,0.0,0.1,0.16,0.11,1,0.0,2.4317,8.4647,3.48,50,xenium_human_skin_melanoma,<=6 genes
Contiguous Random,30,2,5,1,1,1,1,1.0,1.0,1.0,0.82,0.41,1,4.358841566904151e-06,3.092,8.9341,2.89,50,xenium_human_skin_melanoma,<=6 genes
Contiguous Random,30,3,6,1,1,1,1,0.0,0.0,0.0,0.08,0.15,1,0.0,2.9804,8.9567,3.01,50,xenium_human_skin_melanoma,<=6 genes
Contiguous Random,30,4,13,1,1,1,1,1.0,0.9,1.0,0.7,0.42,1,-2.9950734142178415e-06,4.8241,12.0731,2.5,50,xenium_human_skin_melanoma,13-16 genes
Contiguous Random,31,0,14,1,1,1,1,1.0,1.0,1.0,0.86,0.45,1,-2.309845366810226e-06,5.7106,13.9566,2.44,50,xenium_human_skin_melanoma,13-16 genes
Contiguous Random,31,1,10,1,1,1,1,1.0,1.0,0.85,0.82,0.5,1,-4.4165050291263e-06,4.3975,10.7613,2.45,50,xenium_human_skin_melanoma,7-12 genes
Contiguous Random,31,2,18,1,1,1,1,1.0,0.9,0.7,0.76,0.42,1,-4.541248202372117e-06,5.882,17.1162,2.91,50,xenium_human_skin_melanoma,>16 genes
Contiguous Random,31,3,13,1,1,1,1,1.0,1.0,1.0,0.74,0.48,1,1.5673038675778628e-06,5.3285,12.9309,2.43,50,xenium_human_skin_melanoma,13-16 genes
Contiguous Random,31,4,4,1,1,1,1,0.8,0.8,0.75,0.62,0.5,1,0.0,2.6981,8.446,3.13,50,xenium_human_skin_melanoma,<=6 genes
Contiguous Random,32,0,5,1,1,1,1,1.0,1.0,1.0,0.96,0.5,1,-3.4456104307063404e-06,3.0096,9.2908,3.09,50,xenium_human_skin_melanoma,<=6 genes
Contiguous Random,32,1,14,1,1,1,1,1.0,1.0,0.95,0.74,0.49,1,4.3661538691175394e-06,5.6498,13.3858,2.37,50,xenium_human_skin_melanoma,13-16 genes
Contiguous Random,32,2,13,1,1,1,1,1.0,0.9,0.95,0.88,0.5,1,-1.1078378909790132e-06,5.2105,12.256,2.35,50,xenium_human_skin_melanoma,13-16 genes
Contiguous Random,32,3,8,1,1,1,1,0.8,0.9,0.95,0.8,0.49,1,2.807359370526896e-07,3.9874,9.6701,2.43,50,xenium_human_skin_melanoma,7-12 genes
Contiguous Random,32,4,14,1,1,1,1,1.0,1.0,0.95,0.74,0.49,1,4.3661538691175394e-06,5.5508,13.1081,2.36,50,xenium_human_skin_melanoma,13-16 genes
Contiguous Random,33,0,14,1,1,1,1,0.2,0.2,0.25,0.9,0.5,1,0.0,6.2726,14.0639,2.24,50,xenium_human_skin_melanoma,13-16 genes
Contiguous Random,33,1,12,1,1,1,1,0.6,0.3,0.35,0.66,0.4,1,0.0,4.8793,12.6529,2.59,50,xenium_human_skin_melanoma,7-12 genes
Contiguous Random,33,2,8,1,1,1,1,0.0,0.0,0.1,0.42,0.44,1,0.0,3.7511,9.916,2.64,50,xenium_human_skin_melanoma,7-12 genes
Contiguous Random,33,3,13,1,1,1,1,0.0,0.0,0.3,0.64,0.4,1,0.0,5.3308,12.7635,2.39,50,xenium_human_skin_melanoma,13-16 genes
Contiguous Random,33,4,14,1,1,1,1,0.0,0.0,0.05,0.6,0.43,1,0.0,5.175,13.1907,2.55,50,xenium_human_skin_melanoma,13-16 genes
Contiguous Random,34,0,4,1,1,1,1,0.8,0.9,0.9,0.88,0.5,1,-2.924346923826107e-07,2.81,9.6524,3.43,50,xenium_human_skin_melanoma,<=6 genes
Contiguous Random,34,1,7,1,1,1,1,0.0,0.1,0.1,0.26,0.21,1,0.0,4.0491,10.4274,2.58,50,xenium_human_skin_melanoma,7-12 genes
Contiguous Random,34,2,10,1,1,1,1,1.0,1.0,0.95,0.96,0.5,1,-3.607470910077515e-06,4.4324,11.9385,2.69,50,xenium_human_skin_melanoma,7-12 genes
Contiguous Random,34,3,12,1,1,1,1,1.0,1.0,1.0,0.84,0.45,1,-2.0023092421883604e-06,4.9499,12.3804,2.5,50,xenium_human_skin_melanoma,7-12 genes
Contiguous Random,34,4,15,1,1,1,1,1.0,1.0,0.95,0.92,0.49,1,-2.0690181141702624e-06,5.7253,14.6336,2.56,50,xenium_human_skin_melanoma,13-16 genes
Contiguous Random,35,0,7,1,1,1,1,1.0,1.0,1.0,0.88,0.48,1,1.7857235374389713e-06,3.3061,9.9882,3.02,50,xenium_human_skin_melanoma,7-12 genes
Contiguous Random,35,1,8,1,1,1,1,0.0,0.0,0.0,0.32,0.3,1,0.0,3.937,9.6692,2.46,50,xenium_human_skin_melanoma,7-12 genes
Contiguous Random,35,2,11,1,1,1,1,1.0,1.0,1.0,0.84,0.48,1,-4.6230890269477465e-06,4.0773,11.3414,2.78,50,xenium_human_skin_melanoma,7-12 genes
Contiguous Random,35,3,15,1,1,1,1,1.0,1.0,1.0,0.72,0.47,1,-2.6024701189619748e-06,5.1775,13.7069,2.65,50,xenium_human_skin_melanoma,13-16 genes
Contiguous Random,35,4,13,1,1,1,1,1.0,1.0,1.0,0.88,0.44,1,-1.5133566459331338e-06,4.2581,12.2006,2.87,50,xenium_human_skin_melanoma,13-16 genes
Contiguous Random,36,0,13,1,1,1,1,0.0,0.0,0.45,0.7,0.43,1,0.0,5.5924,13.8069,2.47,50,xenium_human_skin_melanoma,13-16 genes
Contiguous Random,36,1,7,1,1,1,1,0.0,0.0,0.2,0.24,0.28,1,0.0,3.5645,9.4713,2.66,50,xenium_human_skin_melanoma,7-12 genes
Contiguous Random,36,2,12,1,1,1,1,0.0,0.2,0.1,0.6,0.5,1,0.0,5.5017,11.9969,2.18,50,xenium_human_skin_melanoma,7-12 genes
Contiguous Random,36,3,7,1,1,1,1,0.0,0.1,0.25,0.3,0.34,1,0.0,3.5997,9.5252,2.65,50,xenium_human_skin_melanoma,7-12 genes
Contiguous Random,36,4,8,1,1,1,1,0.0,0.0,0.15,0.32,0.38,1,0.0,3.6026,9.9681,2.77,50,xenium_human_skin_melanoma,7-12 genes
Contiguous Random,37,0,8,1,1,1,1,1.0,1.0,0.9,0.76,0.46,1,-4.4730982712033046e-07,4.2578,10.2826,2.42,50,xenium_human_skin_melanoma,7-12 genes
Contiguous Random,37,1,15,1,1,1,1,1.0,1.0,1.0,0.76,0.44,1,-3.561804096552379e-06,5.184,13.8213,2.67,50,xenium_human_skin_melanoma,13-16 genes
Contiguous Random,37,2,7,1,1,1,1,1.0,1.0,1.0,0.86,0.47,1,3.4452334264660142e-06,3.1917,9.2562,2.9,50,xenium_human_skin_melanoma,7-12 genes
Contiguous Random,37,3,12,1,1,1,1,1.0,1.0,1.0,0.76,0.48,1,4.448362843190168e-06,4.9566,11.6655,2.35,50,xenium_human_skin_melanoma,7-12 genes
Contiguous Random,37,4,8,0,0,0,0,0.2,0.3,0.55,0.62,0.5,2,0.01232,3.1638,9.4581,2.99,50,xenium_human_skin_melanoma,7-12 genes
Contiguous Random,38,0,6,1,1,1,1,0.8,1.0,1.0,0.88,0.48,1,4.6278071801847745e-06,3.3773,9.5617,2.83,50,xenium_human_skin_melanoma,<=6 genes
Contiguous Random,38,1,17,1,1,1,1,1.0,1.0,1.0,0.74,0.46,1,-1.959079189498003e-06,7.1016,16.4436,2.32,50,xenium_human_skin_melanoma,>16 genes
Contiguous Random,38,2,5,1,1,1,1,0.0,0.0,0.05,0.16,0.21,1,0.0,3.2295,8.6677,2.68,50,xenium_human_skin_melanoma,<=6 genes
Contiguous Random,38,3,14,1,1,1,1,1.0,1.0,0.8,0.66,0.5,1,9.606595658406825e-07,6.1165,13.6076,2.22,50,xenium_human_skin_melanoma,13-16 genes
Contiguous Random,38,4,12,1,1,1,1,1.0,1.0,0.9,0.66,0.46,1,-4.220796909707586e-07,4.874,12.081,2.48,50,xenium_human_skin_melanoma,7-12 genes
Contiguous Random,39,0,18,1,1,1,1,1.0,1.0,1.0,0.74,0.44,1,-4.840289408836185e-06,7.5455,17.9371,2.38,50,xenium_human_skin_melanoma,>16 genes
Contiguous Random,39,1,4,1,1,1,1,0.8,0.9,0.9,0.82,0.48,1,0.0,2.7231,8.5075,3.12,50,xenium_human_skin_melanoma,<=6 genes
Contiguous Random,39,2,6,1,1,1,1,1.0,1.0,1.0,0.92,0.47,1,0.0,3.4794,9.1107,2.62,50,xenium_human_skin_melanoma,<=6 genes
Contiguous Random,39,3,8,1,1,1,1,1.0,1.0,1.0,0.72,0.41,1,5.684007809564351e-07,3.6851,10.0155,2.72,50,xenium_human_skin_melanoma,7-12 genes
Contiguous Random,39,4,5,1,1,1,1,0.0,0.0,0.05,0.4,0.37,1,0.0,2.9445,9.0041,3.06,50,xenium_human_skin_melanoma,<=6 genes
Contiguous Random,40,0,9,1,1,1,1,0.2,0.2,0.55,0.66,0.5,1,0.0,4.6466,11.3157,2.44,50,xenium_human_skin_melanoma,7-12 genes
Contiguous Random,40,1,12,1,1,1,1,1.0,1.0,0.9,0.54,0.42,1,3.458597065287422e-07,5.1448,11.6801,2.27,50,xenium_human_skin_melanoma,7-12 genes
Contiguous Random,40,2,10,1,1,1,1,1.0,1.0,0.95,0.58,0.4,1,-2.531917671745945e-06,4.3114,10.5131,2.44,50,xenium_human_skin_melanoma,7-12 genes
Contiguous Random,40,3,4,1,1,1,1,1.0,1.0,1.0,0.98,0.5,1,-4.601593017579397e-06,2.7462,8.4272,3.07,50,xenium_human_skin_melanoma,<=6 genes
Contiguous Random,40,4,9,1,1,1,1,1.0,1.0,1.0,0.84,0.45,1,-3.0677286783856866e-06,3.7771,9.8301,2.6,50,xenium_human_skin_melanoma,7-12 genes
Contiguous Random,41,0,9,1,1,1,1,1.0,0.9,0.95,0.9,0.48,1,-3.472506205220993e-06,4.3439,10.7266,2.47,50,xenium_human_skin_melanoma,7-12 genes
Contiguous Random,41,1,14,1,1,1,1,1.0,1.0,0.95,0.9,0.49,1,4.020553030947838e-06,4.7169,12.9545,2.75,50,xenium_human_skin_melanoma,13-16 genes
Contiguous Random,41,2,14,1,1,1,1,1.0,1.0,0.95,0.9,0.49,1,4.020553030947838e-06,4.5873,12.8825,2.81,50,xenium_human_skin_melanoma,13-16 genes
Contiguous Random,41,3,9,1,1,1,1,1.0,1.0,0.9,0.9,0.49,1,1.0412597655218292e-06,3.6416,10.1666,2.79,50,xenium_human_skin_melanoma,7-12 genes
Contiguous Random,41,4,13,1,1,1,1,1.0,1.0,0.95,0.92,0.49,1,-5.975956223203127e-07,4.5375,12.2636,2.7,50,xenium_human_skin_melanoma,13-16 genes
Contiguous Random,42,0,11,1,1,1,1,1.0,1.0,0.95,0.56,0.48,1,9.358378772576781e-07,5.0449,12.0378,2.39,50,xenium_human_skin_melanoma,7-12 genes
Contiguous Random,42,1,9,1,1,1,1,0.8,0.9,0.95,0.88,0.5,1,-4.2432641983031205e-06,4.1295,10.564,2.56,50,xenium_human_skin_melanoma,7-12 genes
Contiguous Random,42,2,4,1,1,1,1,1.0,0.9,1.0,0.78,0.39,1,4.0422821044917845e-06,2.7389,8.5599,3.13,50,xenium_human_skin_melanoma,<=6 genes
Contiguous Random,42,3,14,1,1,1,1,0.8,1.0,1.0,0.82,0.47,1,-3.606455738935921e-06,5.7251,13.5163,2.36,50,xenium_human_skin_melanoma,13-16 genes
Contiguous Random,42,4,11,1,1,1,1,1.0,0.9,0.9,0.76,0.5,1,1.7006794381657642e-06,4.6348,11.5398,2.49,50,xenium_human_skin_melanoma,7-12 genes
Contiguous Random,43,0,6,1,1,1,1,0.4,0.2,0.1,0.52,0.45,1,0.0,3.5439,9.7681,2.76,50,xenium_human_skin_melanoma,<=6 genes
Contiguous Random,43,1,15,1,1,1,1,0.0,0.2,0.5,0.9,0.49,1,0.0,5.3324,13.933,2.61,50,xenium_human_skin_melanoma,13-16 genes
Contiguous Random,43,2,10,1,1,1,1,0.0,0.0,0.25,0.32,0.32,1,0.0,3.8946,10.2771,2.64,50,xenium_human_skin_melanoma,7-12 genes
Contiguous Random,43,3,17,1,1,1,1,0.4,0.4,0.6,0.7,0.44,1,0.0,6.3344,16.249,2.57,50,xenium_human_skin_melanoma,>16 genes
Contiguous Random,43,4,7,1,1,1,1,0.0,0.0,0.0,0.26,0.19,1,0.0,3.4769,9.3347,2.68,50,xenium_human_skin_melanoma,7-12 genes
Contiguous Random,44,0,18,1,1,1,1,1.0,1.0,1.0,0.78,0.43,1,3.0009930509500293e-06,7.5456,17.755,2.35,50,xenium_human_skin_melanoma,>16 genes
Contiguous Random,44,1,13,1,1,1,1,1.0,1.0,0.95,0.78,0.43,1,2.8587930938073214e-06,5.3399,14.1376,2.65,50,xenium_human_skin_melanoma,13-16 genes
Contiguous Random,44,2,11,1,1,1,1,1.0,1.0,1.0,0.76,0.44,1,-1.8259469826698016e-06,4.5668,11.4772,2.51,50,xenium_human_skin_melanoma,7-12 genes
Contiguous Random,44,3,4,1,1,1,1,0.0,0.0,0.05,0.1,0.19,1,0.0,2.4589,8.574,3.49,50,xenium_human_skin_melanoma,<=6 genes
Contiguous Random,44,4,16,1,1,1,1,1.0,1.0,1.0,0.8,0.45,1,3.437118530236205e-06,6.197,15.2979,2.47,50,xenium_human_skin_melanoma,13-16 genes
Contiguous Random,45,0,8,1,1,1,1,1.0,1.0,1.0,0.8,0.41,1,-2.6089870976487087e-06,4.2045,10.0711,2.4,50,xenium_human_skin_melanoma,7-12 genes
Contiguous Random,45,1,16,1,1,1,1,1.0,0.9,0.95,0.7,0.42,1,4.328155517541177e-06,4.8386,14.4141,2.98,50,xenium_human_skin_melanoma,13-16 genes
Contiguous Random,45,2,9,1,1,1,1,1.0,1.0,1.0,0.92,0.5,1,4.43686544895211e-06,3.6745,10.1564,2.76,50,xenium_human_skin_melanoma,7-12 genes
Contiguous Random,45,3,14,1,1,1,1,1.0,1.0,1.0,0.9,0.48,1,2.828236613794388e-06,5.6773,13.0939,2.31,50,xenium_human_skin_melanoma,13-16 genes
Contiguous Random,45,4,9,1,1,1,1,1.0,1.0,1.0,0.7,0.39,1,4.066925048827955e-06,4.0257,9.8452,2.45,50,xenium_human_skin_melanoma,7-12 genes
Contiguous Random,46,0,5,1,1,1,1,1.0,1.0,1.0,0.9,0.5,1,0.0,3.3395,9.3262,2.79,50,xenium_human_skin_melanoma,<=6 genes
Contiguous Random,46,1,6,1,1,1,1,0.4,0.4,0.25,0.32,0.37,1,0.0,3.4108,9.2207,2.7,50,xenium_human_skin_melanoma,<=6 genes
Contiguous Random,46,2,8,1,1,1,1,1.0,1.0,1.0,0.66,0.33,1,1.317003283103635e-06,3.4071,9.4875,2.78,50,xenium_human_skin_melanoma,7-12 genes
Contiguous Random,46,3,5,1,1,1,1,0.4,0.4,0.25,0.12,0.2,1,0.0,2.8786,8.868,3.08,50,xenium_human_skin_melanoma,<=6 genes
Contiguous Random,46,4,10,1,1,1,1,1.0,1.0,1.0,0.54,0.42,1,0.0,4.6879,10.7454,2.29,50,xenium_human_skin_melanoma,7-12 genes
Contiguous Random,47,0,14,1,1,1,1,1.0,1.0,0.7,0.5,0.4,1,0.0,5.8518,14.1326,2.42,50,xenium_human_skin_melanoma,13-16 genes
Contiguous Random,47,1,7,1,1,1,1,0.8,1.0,1.0,0.62,0.36,1,0.0,3.5059,9.6379,2.75,50,xenium_human_skin_melanoma,7-12 genes
Contiguous Random,47,2,10,1,1,1,1,1.0,1.0,0.9,0.46,0.42,1,0.0,4.2136,10.8008,2.56,50,xenium_human_skin_melanoma,7-12 genes
Contiguous Random,47,3,5,1,1,1,1,0.0,0.1,0.05,0.26,0.24,1,0.0,2.9195,8.8053,3.02,50,xenium_human_skin_melanoma,<=6 genes
Contiguous Random,47,4,17,1,1,1,1,1.0,1.0,0.65,0.9,0.48,1,0.0,6.2939,15.8868,2.52,50,xenium_human_skin_melanoma,>16 genes
Contiguous Random,48,0,10,1,1,1,1,1.0,1.0,1.0,0.86,0.47,1,3.4901400172704378e-06,4.8419,11.6544,2.41,50,xenium_human_skin_melanoma,7-12 genes
Contiguous Random,48,1,17,1,1,1,1,0.8,0.9,0.9,0.56,0.36,1,2.1701248127392603e-06,6.3515,16.0538,2.53,50,xenium_human_skin_melanoma,>16 genes
Contiguous Random,48,2,14,1,1,1,1,1.0,1.0,1.0,0.84,0.47,1,-4.089618746760948e-06,5.5843,13.9577,2.5,50,xenium_human_skin_melanoma,13-16 genes
Contiguous Random,48,3,14,1,1,1,1,1.0,1.0,1.0,0.84,0.48,1,2.8181626912093805e-06,5.5903,13.8161,2.47,50,xenium_human_skin_melanoma,13-16 genes
Contiguous Random,48,4,7,1,1,1,1,1.0,0.9,0.85,0.88,0.46,1,2.1528461562614343e-06,3.6639,9.5305,2.6,50,xenium_human_skin_melanoma,7-12 genes
Contiguous Random,49,0,18,1,1,1,1,0.6,0.4,0.55,0.7,0.43,1,-2.3358351019520107e-06,5.9837,17.4346,2.91,50,xenium_human_skin_melanoma,>16 genes
Contiguous Random,49,1,12,1,1,1,1,0.6,0.3,0.35,0.62,0.5,1,0.0,4.9553,12.1919,2.46,50,xenium_human_skin_melanoma,7-12 genes
Contiguous Random,49,2,14,1,1,1,1,0.4,0.4,0.4,0.9,0.46,1,0.0,5.5078,13.5115,2.45,50,xenium_human_skin_melanoma,13-16 genes
Contiguous Random,49,3,9,1,1,1,1,0.2,0.2,0.2,0.52,0.5,1,0.0,4.2632,10.2468,2.4,50,xenium_human_skin_melanoma,7-12 genes
Contiguous Random,49,4,15,1,1,1,1,0.4,0.3,0.5,0.9,0.46,1,0.0,5.5547,14.3491,2.58,50,xenium_human_skin_melanoma,13-16 genes
Non-Contiguous Random,0,0,9,1,1,1,1,1.0,1.0,1.0,0.92,0.5,1,-9.432474779025313e-08,4.7729,11.0308,2.31,50,xenium_human_skin_melanoma,7-12 genes
Non-Contiguous Random,0,1,10,1,1,1,1,1.0,1.0,0.95,0.94,0.5,1,-2.2120225932065196e-06,4.7099,10.9444,2.32,50,xenium_human_skin_melanoma,7-12 genes
Non-Contiguous Random,0,2,6,1,1,1,1,1.0,1.0,1.0,0.94,0.49,1,-1.511877418369778e-06,3.3815,9.0248,2.67,50,xenium_human_skin_melanoma,<=6 genes
Non-Contiguous Random,0,3,16,1,1,1,1,1.0,1.0,1.0,0.94,0.47,1,-3.5982513426624507e-06,6.1669,15.1999,2.46,50,xenium_human_skin_melanoma,13-16 genes
Non-Contiguous Random,0,4,10,1,1,1,1,1.0,1.0,0.9,0.92,0.46,1,-4.9907420459661955e-06,4.2371,10.9686,2.59,50,xenium_human_skin_melanoma,7-12 genes
Non-Contiguous Random,1,0,6,1,1,1,1,1.0,1.0,1.0,0.94,0.5,1,3.811011033890213e-06,3.2116,9.4113,2.93,50,xenium_human_skin_melanoma,<=6 genes
Non-Contiguous Random,1,1,7,1,1,1,1,1.0,1.0,0.9,0.74,0.47,1,1.8765131685142405e-06,3.3322,9.3649,2.81,50,xenium_human_skin_melanoma,7-12 genes
Non-Contiguous Random,1,2,13,1,1,1,1,1.0,1.0,1.0,0.9,0.49,1,-1.1178544307988147e-06,4.6771,12.1539,2.6,50,xenium_human_skin_melanoma,13-16 genes
Non-Contiguous Random,1,3,14,1,1,1,1,1.0,1.0,1.0,0.84,0.47,1,-4.793356797261339e-06,5.7021,13.0835,2.29,50,xenium_human_skin_melanoma,13-16 genes
Non-Contiguous Random,1,4,12,1,1,1,1,1.0,1.0,1.0,0.82,0.48,1,-1.6543927649492751e-06,5.0772,11.5002,2.27,50,xenium_human_skin_melanoma,7-12 genes
Non-Contiguous Random,2,0,15,1,1,1,1,1.0,0.6,0.4,0.56,0.44,1,-1.7508833608757823e-06,5.9934,14.8095,2.47,50,xenium_human_skin_melanoma,13-16 genes
Non-Contiguous Random,2,1,5,1,1,1,1,0.0,0.0,0.1,0.1,0.17,1,0.0,2.8369,8.9402,3.15,50,xenium_human_skin_melanoma,<=6 genes
Non-Contiguous Random,2,2,6,1,1,1,1,0.0,0.1,0.15,0.26,0.27,1,0.0,4.063,9.0602,2.23,50,xenium_human_skin_melanoma,<=6 genes
Non-Contiguous Random,2,3,15,1,1,1,1,0.0,0.1,0.4,0.86,0.43,1,0.0,5.7962,14.4229,2.49,50,xenium_human_skin_melanoma,13-16 genes
Non-Contiguous Random,2,4,16,1,1,1,1,0.8,0.5,0.35,0.74,0.45,1,3.0747985839824077e-06,5.6231,14.3411,2.55,50,xenium_human_skin_melanoma,13-16 genes
Non-Contiguous Random,3,0,12,1,1,1,1,1.0,1.0,0.95,0.62,0.42,1,-2.0385103998848964e-06,5.8268,12.593,2.16,50,xenium_human_skin_melanoma,7-12 genes
Non-Contiguous Random,3,1,10,1,1,1,1,1.0,1.0,0.85,0.5,0.4,1,4.670561327172265e-06,4.381,11.0871,2.53,50,xenium_human_skin_melanoma,7-12 genes
Non-Contiguous Random,3,2,10,1,1,1,1,1.0,1.0,0.95,0.5,0.4,1,9.245183285877534e-07,4.2655,10.7915,2.53,50,xenium_human_skin_melanoma,7-12 genes
Non-Contiguous Random,3,3,10,1,1,1,1,0.0,0.0,0.2,0.36,0.35,1,0.0,3.9514,10.4993,2.66,50,xenium_human_skin_melanoma,7-12 genes
Non-Contiguous Random,3,4,18,1,1,1,1,1.0,0.9,0.65,0.82,0.45,1,0.0,7.1801,17.1086,2.38,50,xenium_human_skin_melanoma,>16 genes
Non-Contiguous Random,4,0,10,1,1,1,1,0.0,0.0,0.1,0.28,0.38,1,0.0,4.0641,10.9984,2.71,50,xenium_human_skin_melanoma,7-12 genes
Non-Contiguous Random,4,1,11,1,1,1,1,1.0,0.8,0.85,0.46,0.34,1,4.2428642773317815e-06,4.3953,11.0549,2.52,50,xenium_human_skin_melanoma,7-12 genes
Non-Contiguous Random,4,2,7,1,1,1,1,1.0,1.0,0.95,0.68,0.44,1,-1.9380245344959024e-06,3.5854,9.4347,2.63,50,xenium_human_skin_melanoma,7-12 genes
Non-Contiguous Random,4,3,12,1,1,1,1,0.8,1.0,0.9,0.54,0.48,1,-4.488778436576024e-06,5.0199,11.7719,2.35,50,xenium_human_skin_melanoma,7-12 genes
Non-Contiguous Random,4,4,15,1,1,1,1,1.0,1.0,0.6,0.5,0.49,1,-2.2562488529859204e-06,4.941,13.7005,2.77,50,xenium_human_skin_melanoma,13-16 genes
Non-Contiguous Random,5,0,7,1,1,1,1,1.0,1.0,0.95,0.56,0.45,1,-1.8703951689888476e-06,4.3268,9.8892,2.29,50,xenium_human_skin_melanoma,7-12 genes
Non-Contiguous Random,5,1,11,1,1,1,1,1.0,1.0,0.85,0.52,0.43,1,2.7274196300747233e-08,4.8848,11.4651,2.35,50,xenium_human_skin_melanoma,7-12 genes
Non-Contiguous Random,5,2,10,1,1,1,1,1.0,1.0,1.0,0.96,0.49,1,-1.880012214662552e-06,4.7075,10.7336,2.28,50,xenium_human_skin_melanoma,7-12 genes
Non-Contiguous Random,5,3,10,1,1,1,1,1.0,0.9,1.0,0.84,0.46,1,2.7932329885321794e-06,4.9027,10.5543,2.15,50,xenium_human_skin_melanoma,7-12 genes
Non-Contiguous Random,5,4,8,1,1,1,1,1.0,0.8,0.8,0.84,0.5,1,1.8656532039165036e-06,4.299,9.4855,2.21,50,xenium_human_skin_melanoma,7-12 genes
Non-Contiguous Random,6,0,10,1,1,1,1,1.0,1.0,1.0,0.58,0.39,1,2.5685126274280212e-06,4.7811,11.1753,2.34,50,xenium_human_skin_melanoma,7-12 genes
Non-Contiguous Random,6,1,11,1,1,1,1,1.0,1.0,1.0,0.64,0.42,1,-4.344634609056153e-06,4.7397,11.6542,2.46,50,xenium_human_skin_melanoma,7-12 genes
Non-Contiguous Random,6,2,16,1,1,1,1,1.0,0.9,0.55,0.78,0.45,1,-3.203887939454836e-06,5.9091,15.0834,2.55,50,xenium_human_skin_melanoma,13-16 genes
Non-Contiguous Random,6,3,15,1,1,1,1,1.0,0.7,0.7,0.52,0.46,1,3.7154665805463893e-06,5.745,15.9517,2.78,50,xenium_human_skin_melanoma,13-16 genes
Non-Contiguous Random,6,4,14,1,1,1,1,0.8,0.6,0.7,0.36,0.45,1,-1.270729837694884e-06,5.3043,12.8793,2.43,50,xenium_human_skin_melanoma,13-16 genes
Non-Contiguous Random,7,0,6,1,1,1,1,0.0,0.1,0.1,0.18,0.3,1,0.0,3.4523,9.6733,2.8,50,xenium_human_skin_melanoma,<=6 genes
Non-Contiguous Random,7,1,16,1,1,1,1,0.8,0.9,0.55,0.68,0.47,1,-1.9804000854495296e-07,6.7532,14.8733,2.2,50,xenium_human_skin_melanoma,13-16 genes
Non-Contiguous Random,7,2,10,1,1,1,1,0.0,0.1,0.1,0.44,0.45,1,0.0,4.3641,10.7331,2.46,50,xenium_human_skin_melanoma,7-12 genes
Non-Contiguous Random,7,3,7,1,1,1,1,1.0,1.0,1.0,0.94,0.48,1,0.0,4.1018,9.3978,2.29,50,xenium_human_skin_melanoma,7-12 genes
Non-Contiguous Random,7,4,8,1,1,1,1,1.0,1.0,0.85,0.88,0.5,1,-2.39621054413941e-06,3.7795,9.7595,2.58,50,xenium_human_skin_melanoma,7-12 genes
Non-Contiguous Random,8,0,10,1,1,1,1,0.0,0.1,0.3,0.36,0.39,1,0.0,4.9607,11.2067,2.26,50,xenium_human_skin_melanoma,7-12 genes
Non-Contiguous Random,8,1,16,1,1,1,1,0.0,0.2,0.35,0.92,0.47,1,0.0,6.0316,14.8701,2.47,50,xenium_human_skin_melanoma,13-16 genes
Non-Contiguous Random,8,2,13,1,1,1,1,0.2,0.4,0.35,0.72,0.5,1,0.0,6.0165,12.8638,2.14,50,xenium_human_skin_melanoma,13-16 genes
Non-Contiguous Random,8,3,15,1,1,1,1,0.0,0.1,0.35,0.74,0.5,1,0.0,5.705,13.9961,2.45,50,xenium_human_skin_melanoma,13-16 genes
Non-Contiguous Random,8,4,10,1,1,1,1,0.0,0.2,0.25,0.64,0.5,1,0.0,4.2352,11.0253,2.6,50,xenium_human_skin_melanoma,7-12 genes
Non-Contiguous Random,9,0,8,1,1,1,1,0.0,0.0,0.1,0.32,0.34,1,0.0,4.0316,10.2499,2.54,50,xenium_human_skin_melanoma,7-12 genes
Non-Contiguous Random,9,1,14,1,1,1,1,1.0,1.0,0.85,0.72,0.49,1,-2.316283882353859e-06,5.4604,13.8496,2.54,50,xenium_human_skin_melanoma,13-16 genes
Non-Contiguous Random,9,2,14,1,1,1,1,1.0,1.0,1.0,0.7,0.49,1,-2.316283882353859e-06,5.5091,13.7317,2.49,50,xenium_human_skin_melanoma,13-16 genes
Non-Contiguous Random,9,3,11,1,1,1,1,1.0,1.0,0.95,0.7,0.39,1,-4.2712836446252844e-06,4.6639,11.4931,2.46,50,xenium_human_skin_melanoma,7-12 genes
Non-Contiguous Random,9,4,13,1,1,1,1,1.0,1.0,0.85,0.62,0.48,1,-6.177319453702645e-07,5.2501,12.9246,2.46,50,xenium_human_skin_melanoma,13-16 genes
Non-Contiguous Random,10,0,9,1,1,1,1,1.0,1.0,1.0,0.84,0.44,1,-2.1324666341152043e-06,4.5077,11.0414,2.45,50,xenium_human_skin_melanoma,7-12 genes
Non-Contiguous Random,10,1,13,1,1,1,1,1.0,0.9,0.7,0.78,0.5,1,-3.099682942417359e-06,5.4842,13.0916,2.39,50,xenium_human_skin_melanoma,13-16 genes
Non-Contiguous Random,10,2,10,1,1,1,1,1.0,1.0,0.9,0.62,0.44,1,-2.749975504600516e-06,6.2035,11.0061,1.77,50,xenium_human_skin_melanoma,7-12 genes
Non-Contiguous Random,10,3,7,1,1,1,1,1.0,1.0,1.0,0.92,0.5,1,4.557726133627704e-06,3.3981,9.4362,2.78,50,xenium_human_skin_melanoma,7-12 genes
Non-Contiguous Random,10,4,17,1,1,1,1,1.0,0.9,0.65,0.88,0.49,1,-3.5872060065028633e-06,5.7188,15.8261,2.77,50,xenium_human_skin_melanoma,>16 genes
Non-Contiguous Random,11,0,18,1,1,1,1,0.2,0.2,0.65,0.78,0.41,1,0.0,6.5605,17.5845,2.68,50,xenium_human_skin_melanoma,>16 genes
Non-Contiguous Random,11,1,11,1,1,1,1,0.0,0.0,0.3,0.66,0.5,1,0.0,4.3155,11.6743,2.71,50,xenium_human_skin_melanoma,7-12 genes
Non-Contiguous Random,11,2,16,1,1,1,1,0.0,0.3,0.5,0.88,0.45,1,0.0,6.0828,14.8432,2.44,50,xenium_human_skin_melanoma,13-16 genes
Non-Contiguous Random,11,3,16,1,1,1,1,0.2,0.1,0.4,1.0,0.5,1,0.0,6.4412,14.5804,2.26,50,xenium_human_skin_melanoma,13-16 genes
Non-Contiguous Random,11,4,7,1,1,1,1,0.0,0.0,0.4,0.44,0.26,1,0.0,4.6581,9.2972,2.0,50,xenium_human_skin_melanoma,7-12 genes
Non-Contiguous Random,12,0,12,1,1,1,1,1.0,1.0,0.9,0.8,0.46,1,4.731598397977876e-06,5.4712,13.275,2.43,50,xenium_human_skin_melanoma,7-12 genes
Non-Contiguous Random,12,1,9,1,1,1,1,1.0,1.0,0.95,0.96,0.5,1,-3.7284282843295935e-06,4.0475,10.2974,2.54,50,xenium_human_skin_melanoma,7-12 genes
Non-Contiguous Random,12,2,7,1,1,1,1,1.0,0.9,0.65,0.66,0.5,1,4.591793640526531e-06,3.9913,9.5623,2.4,50,xenium_human_skin_melanoma,7-12 genes
Non-Contiguous Random,12,3,17,1,1,1,1,1.0,1.0,0.95,0.9,0.5,1,-3.879426980546441e-06,6.4676,16.1907,2.5,50,xenium_human_skin_melanoma,>16 genes
Non-Contiguous Random,12,4,12,1,1,1,1,1.0,0.8,0.75,0.76,0.47,1,1.954932086434269e-06,4.8062,12.3491,2.57,50,xenium_human_skin_melanoma,7-12 genes
Non-Contiguous Random,13,0,7,1,1,1,1,1.0,1.0,1.0,0.96,0.49,1,4.517708910013046e-06,3.489,9.7771,2.8,50,xenium_human_skin_melanoma,7-12 genes
Non-Contiguous Random,13,1,14,1,1,1,1,1.0,1.0,1.0,0.74,0.41,1,4.691676697698988e-06,5.0371,13.0999,2.6,50,xenium_human_skin_melanoma,13-16 genes
Non-Contiguous Random,13,2,11,1,1,1,1,1.0,1.0,1.0,0.9,0.48,1,-4.768590180725951e-06,5.0092,11.1507,2.23,50,xenium_human_skin_melanoma,7-12 genes
Non-Contiguous Random,13,3,6,1,1,1,1,1.0,1.0,0.95,0.94,0.5,1,-1.8785139939206386e-06,3.1341,8.9773,2.86,50,xenium_human_skin_melanoma,<=6 genes
Non-Contiguous Random,13,4,13,1,1,1,1,1.0,1.0,1.0,0.86,0.5,1,1.2750879041512064e-06,4.1484,12.1289,2.92,50,xenium_human_skin_melanoma,13-16 genes
Non-Contiguous Random,14,0,12,1,1,1,1,1.0,1.0,1.0,0.58,0.41,1,4.484729330000818e-06,5.1835,12.6494,2.44,50,xenium_human_skin_melanoma,7-12 genes
Non-Contiguous Random,14,1,17,1,1,1,1,1.0,1.0,0.75,0.78,0.46,1,-5.109973860617685e-07,6.1571,16.0213,2.6,50,xenium_human_skin_melanoma,>16 genes
Non-Contiguous Random,14,2,17,1,1,1,1,1.0,1.0,0.7,0.88,0.5,1,-5.109973860617685e-07,6.8844,18.4076,2.67,50,xenium_human_skin_melanoma,>16 genes
Non-Contiguous Random,14,3,17,1,1,1,1,1.0,1.0,0.8,0.76,0.46,1,-5.109973860617685e-07,6.1604,15.9361,2.59,50,xenium_human_skin_melanoma,>16 genes
Non-Contiguous Random,14,4,7,1,1,1,1,0.8,1.0,0.95,0.84,0.44,1,0.0,3.5816,9.5648,2.67,50,xenium_human_skin_melanoma,7-12 genes
Non-Contiguous Random,15,0,6,1,1,1,1,0.8,0.9,1.0,0.88,0.46,1,-1.147868524842277e-06,4.2882,9.5652,2.23,50,xenium_human_skin_melanoma,<=6 genes
Non-Contiguous Random,15,1,5,1,1,1,1,1.0,1.0,1.0,0.94,0.5,1,-2.361854695737131e-06,3.722,8.9146,2.4,50,xenium_human_skin_melanoma,<=6 genes
Non-Contiguous Random,15,2,11,1,1,1,1,1.0,1.0,1.0,0.84,0.46,1,-2.8626920643530507e-06,4.5217,11.179,2.47,50,xenium_human_skin_melanoma,7-12 genes
Non-Contiguous Random,15,3,16,1,1,1,1,1.0,1.0,1.0,0.86,0.43,1,-2.783813476625596e-06,5.4743,14.6048,2.67,50,xenium_human_skin_melanoma,13-16 genes
Non-Contiguous Random,15,4,8,1,1,1,1,1.0,1.0,1.0,0.98,0.5,1,-2.165970063083833e-06,4.2095,9.7227,2.31,50,xenium_human_skin_melanoma,7-12 genes
Non-Contiguous Random,16,0,16,1,1,1,1,1.0,1.0,1.0,0.8,0.4,1,-3.7641143797451093e-06,4.953,14.9199,3.01,50,xenium_human_skin_melanoma,13-16 genes
Non-Contiguous Random,16,1,5,1,1,1,1,0.8,0.9,0.95,0.98,0.5,1,0.0,2.9369,8.8625,3.02,50,xenium_human_skin_melanoma,<=6 genes
Non-Contiguous Random,16,2,15,1,1,1,1,1.0,1.0,0.95,0.84,0.44,1,1.5874958001482753e-06,5.0689,13.8181,2.73,50,xenium_human_skin_melanoma,13-16 genes
Non-Contiguous Random,16,3,10,1,1,1,1,1.0,1.0,1.0,0.94,0.47,1,-2.7035965404764717e-06,5.3008,10.7612,2.03,50,xenium_human_skin_melanoma,7-12 genes
Non-Contiguous Random,16,4,11,1,1,1,1,1.0,1.0,1.0,0.92,0.46,1,-2.872920450751326e-06,4.2241,10.814,2.56,50,xenium_human_skin_melanoma,7-12 genes
Non-Contiguous Random,17,0,19,1,1,1,1,1.0,1.0,1.0,0.9,0.5,1,-4.390908198370624e-06,8.0897,22.0173,2.72,50,xenium_human_skin_melanoma,>16 genes
Non-Contiguous Random,17,1,22,1,1,1,1,1.0,1.0,1.0,0.86,0.48,1,8.358995025048443e-07,9.2923,23.8073,2.56,50,xenium_human_skin_melanoma,>16 genes
Non-Contiguous Random,17,2,15,1,1,1,1,1.0,1.0,0.95,0.8,0.47,1,3.875135540010177e-06,6.3141,14.8347,2.35,50,xenium_human_skin_melanoma,13-16 genes
Non-Contiguous Random,17,3,18,1,1,1,1,1.0,1.0,1.0,0.88,0.48,1,5.363992197082723e-07,7.9277,18.4506,2.33,50,xenium_human_skin_melanoma,>16 genes
Non-Contiguous Random,17,4,14,1,1,1,1,1.0,1.0,1.0,0.88,0.44,1,-1.9145876555548558e-06,5.5989,14.1774,2.53,50,xenium_human_skin_melanoma,13-16 genes
Non-Contiguous Random,18,0,12,1,1,1,1,1.0,1.0,1.0,0.82,0.47,1,-3.710995579386811e-06,5.5016,12.6267,2.3,50,xenium_human_skin_melanoma,7-12 genes
Non-Contiguous Random,18,1,17,1,1,1,1,1.0,1.0,1.0,0.94,0.5,1,3.219165805035118e-06,6.4838,16.447,2.54,50,xenium_human_skin_melanoma,>16 genes
Non-Contiguous Random,18,2,17,1,1,1,1,1.0,1.0,1.0,0.86,0.47,1,1.931142696864896e-06,5.8976,15.692,2.66,50,xenium_human_skin_melanoma,>16 genes
Non-Contiguous Random,18,3,7,1,1,1,1,1.0,1.0,1.0,0.94,0.5,1,1.168256477113161e-06,3.8302,9.3809,2.45,50,xenium_human_skin_melanoma,7-12 genes
Non-Contiguous Random,18,4,15,1,1,1,1,1.0,1.0,1.0,0.88,0.49,1,-4.078452731093307e-08,5.7124,14.1856,2.48,50,xenium_human_skin_melanoma,13-16 genes
Non-Contiguous Random,19,0,11,1,1,1,1,1.0,1.0,0.9,0.94,0.49,1,4.685055429887175e-06,4.5978,11.4343,2.49,50,xenium_human_skin_melanoma,7-12 genes
Non-Contiguous Random,19,1,11,1,1,1,1,1.0,1.0,0.95,0.94,0.5,1,-8.532786099912926e-07,4.8097,11.1114,2.31,50,xenium_human_skin_melanoma,7-12 genes
Non-Contiguous Random,19,2,12,1,1,1,1,1.0,0.9,0.9,0.86,0.5,1,-4.0202733795693946e-06,4.5101,11.599,2.57,50,xenium_human_skin_melanoma,7-12 genes
Non-Contiguous Random,19,3,9,1,1,1,1,1.0,0.9,0.8,0.7,0.5,1,-1.7156648635871519e-06,3.8877,10.0421,2.58,50,xenium_human_skin_melanoma,7-12 genes
Non-Contiguous Random,19,4,14,1,1,1,1,1.0,1.0,0.95,0.88,0.46,1,4.546407379901751e-06,4.9406,13.0663,2.64,50,xenium_human_skin_melanoma,13-16 genes
Non-Contiguous Random,20,0,11,1,1,1,1,1.0,1.0,1.0,0.78,0.41,1,-9.777061440452428e-07,4.001,11.5752,2.89,50,xenium_human_skin_melanoma,7-12 genes
Non-Contiguous Random,20,1,15,1,1,1,1,0.6,0.5,0.4,0.62,0.48,1,2.738917408606073e-06,4.9318,13.8179,2.8,50,xenium_human_skin_melanoma,13-16 genes
Non-Contiguous Random,20,2,12,1,1,1,1,1.0,1.0,0.95,0.8,0.41,1,-1.0060722597238225e-06,5.2088,11.4878,2.21,50,xenium_human_skin_melanoma,7-12 genes
Non-Contiguous Random,20,3,7,1,1,1,1,0.0,0.1,0.1,0.3,0.31,1,0.0,3.4931,9.4008,2.69,50,xenium_human_skin_melanoma,7-12 genes
Non-Contiguous Random,20,4,8,1,1,1,1,0.8,0.9,0.95,0.62,0.4,1,1.3620230623900831e-08,3.566,9.5444,2.68,50,xenium_human_skin_melanoma,7-12 genes
Non-Contiguous Random,21,0,16,1,1,1,1,0.8,0.9,0.95,0.8,0.44,1,-2.65727996826004e-06,4.9298,14.9412,3.03,50,xenium_human_skin_melanoma,13-16 genes
Non-Contiguous Random,21,1,16,1,1,1,1,0.8,0.9,0.95,0.8,0.44,1,-2.65727996826004e-06,4.7352,14.3273,3.03,50,xenium_human_skin_melanoma,13-16 genes
Non-Contiguous Random,21,2,14,1,1,1,1,1.0,1.0,0.95,0.64,0.41,1,2.73167863426918e-06,4.6902,12.7493,2.72,50,xenium_human_skin_melanoma,13-16 genes
Non-Contiguous Random,21,3,15,1,1,1,1,1.0,1.0,1.0,0.86,0.44,1,-3.178458283514818e-06,5.0782,13.9252,2.74,50,xenium_human_skin_melanoma,13-16 genes
Non-Contiguous Random,21,4,8,1,1,1,1,1.0,1.0,1.0,0.92,0.47,1,1.2637665715749258e-06,4.3017,9.6532,2.24,50,xenium_human_skin_melanoma,7-12 genes
Non-Contiguous Random,22,0,16,1,1,1,1,1.0,1.0,1.0,0.64,0.44,1,4.202523231494615e-06,7.3242,15.6959,2.14,50,xenium_human_skin_melanoma,13-16 genes
Non-Contiguous Random,22,1,6,1,1,1,1,1.0,1.0,1.0,0.96,0.5,1,-1.9160927376121045e-06,3.6493,9.042,2.48,50,xenium_human_skin_melanoma,<=6 genes
Non-Contiguous Random,22,2,19,1,1,1,1,1.0,1.0,0.85,0.76,0.46,1,2.248837485147037e-06,6.5792,18.0327,2.74,50,xenium_human_skin_melanoma,>16 genes
Non-Contiguous Random,22,3,5,1,1,1,1,0.8,1.0,1.0,0.78,0.44,1,2.5878203815353495e-06,2.6869,9.0186,3.36,50,xenium_human_skin_melanoma,<=6 genes
Non-Contiguous Random,22,4,13,1,1,1,1,0.0,0.1,0.2,0.68,0.5,1,0.0,5.1458,12.4984,2.43,50,xenium_human_skin_melanoma,13-16 genes
Non-Contiguous Random,23,0,11,1,1,1,1,1.0,1.0,1.0,0.74,0.5,1,1.3766663888858943e-06,5.1389,11.7619,2.29,50,xenium_human_skin_melanoma,7-12 genes
Non-Contiguous Random,23,1,12,1,1,1,1,1.0,0.9,0.95,0.94,0.49,1,1.019641673760674e-06,4.6015,11.6553,2.53,50,xenium_human_skin_melanoma,7-12 genes
Non-Contiguous Random,23,2,4,1,1,1,1,1.0,1.0,1.0,0.88,0.49,1,-2.9782104492212524e-06,2.7974,8.4964,3.04,50,xenium_human_skin_melanoma,<=6 genes
Non-Contiguous Random,23,3,11,1,1,1,1,1.0,1.0,0.95,0.98,0.5,1,-4.257015706055078e-06,4.237,11.0447,2.61,50,xenium_human_skin_melanoma,7-12 genes
Non-Contiguous Random,23,4,9,1,1,1,1,1.0,1.0,0.95,0.58,0.39,1,1.1643826961522247e-06,3.6288,9.8334,2.71,50,xenium_human_skin_melanoma,7-12 genes
Non-Contiguous Random,24,0,9,1,1,1,1,1.0,1.0,1.0,0.8,0.49,1,4.5165952046732905e-06,5.0185,10.7603,2.14,50,xenium_human_skin_melanoma,7-12 genes
Non-Contiguous Random,24,1,10,1,1,1,1,1.0,0.8,0.8,0.88,0.5,1,2.7341529733604375e-06,5.1377,10.7769,2.1,50,xenium_human_skin_melanoma,7-12 genes
Non-Contiguous Random,24,2,8,1,1,1,1,1.0,1.0,1.0,0.9,0.5,1,-3.4197505499322656e-06,4.3126,9.6378,2.23,50,xenium_human_skin_melanoma,7-12 genes
Non-Contiguous Random,24,3,11,1,1,1,1,1.0,1.0,1.0,0.88,0.47,1,3.6966271315108656e-06,5.3213,11.5271,2.17,50,xenium_human_skin_melanoma,7-12 genes
Non-Contiguous Random,24,4,9,1,1,1,1,1.0,1.0,1.0,0.92,0.5,1,-3.9989852905208956e-06,4.4914,10.4315,2.32,50,xenium_human_skin_melanoma,7-12 genes
Non-Contiguous Random,25,0,11,1,1,1,1,1.0,1.0,0.95,0.92,0.48,1,2.3765613801352004e-06,4.7594,11.6465,2.45,50,xenium_human_skin_melanoma,7-12 genes
Non-Contiguous Random,25,1,9,1,1,1,1,1.0,1.0,0.95,0.96,0.5,1,-4.845174155221343e-07,3.9043,10.1519,2.6,50,xenium_human_skin_melanoma,7-12 genes
Non-Contiguous Random,25,2,9,1,1,1,1,1.0,1.0,1.0,0.96,0.49,1,4.3900807694674526e-07,4.2101,10.2115,2.43,50,xenium_human_skin_melanoma,7-12 genes
Non-Contiguous Random,25,3,11,1,1,1,1,1.0,1.0,1.0,0.9,0.48,1,2.089017754336453e-06,4.4778,10.9873,2.45,50,xenium_human_skin_melanoma,7-12 genes
Non-Contiguous Random,25,4,13,1,1,1,1,1.0,1.0,1.0,0.76,0.42,1,4.712508505200219e-06,5.0421,12.3663,2.45,50,xenium_human_skin_melanoma,13-16 genes
Non-Contiguous Random,26,0,9,1,1,1,1,1.0,1.0,1.0,0.82,0.47,1,5.973052978891502e-07,4.3495,10.7798,2.48,50,xenium_human_skin_melanoma,7-12 genes
Non-Contiguous Random,26,1,12,1,1,1,1,1.0,1.0,0.95,0.82,0.5,1,4.068970895887425e-06,4.6208,11.6057,2.51,50,xenium_human_skin_melanoma,7-12 genes
Non-Contiguous Random,26,2,11,1,1,1,1,1.0,1.0,1.0,0.98,0.5,1,1.1996016002768783e-07,5.0483,11.1483,2.21,50,xenium_human_skin_melanoma,7-12 genes
Non-Contiguous Random,26,3,6,1,1,1,1,1.0,1.0,0.95,0.94,0.5,1,1.0758928306042748e-06,3.2195,9.3518,2.9,50,xenium_human_skin_melanoma,<=6 genes
Non-Contiguous Random,26,4,10,1,1,1,1,1.0,1.0,1.0,0.88,0.45,1,-4.375743756598882e-06,4.3374,10.4097,2.4,50,xenium_human_skin_melanoma,7-12 genes
Non-Contiguous Random,27,0,7,1,1,1,1,1.0,1.0,1.0,0.94,0.5,1,8.261781159202286e-08,3.9039,10.236,2.62,50,xenium_human_skin_melanoma,7-12 genes
Non-Contiguous Random,27,1,10,1,1,1,1,0.8,1.0,1.0,0.8,0.44,1,3.6496924154527655e-06,4.6843,11.1496,2.38,50,xenium_human_skin_melanoma,7-12 genes
Non-Contiguous Random,27,2,8,1,1,1,1,1.0,1.0,1.0,0.94,0.5,1,-2.9328882832357905e-06,3.9051,9.6112,2.46,50,xenium_human_skin_melanoma,7-12 genes
Non-Contiguous Random,27,3,8,1,1,1,1,0.2,0.1,0.05,0.26,0.31,1,0.0,5.0163,9.7019,1.93,50,xenium_human_skin_melanoma,7-12 genes
Non-Contiguous Random,27,4,9,1,1,1,1,1.0,1.0,1.0,0.84,0.46,1,-4.848543802893346e-06,4.3308,10.1104,2.33,50,xenium_human_skin_melanoma,7-12 genes
Non-Contiguous Random,28,0,17,1,1,1,1,1.0,1.0,0.85,0.6,0.44,1,-1.8562450066761382e-06,6.2866,16.7964,2.67,50,xenium_human_skin_melanoma,>16 genes
Non-Contiguous Random,28,1,12,1,1,1,1,1.0,0.9,0.65,0.58,0.49,1,-7.927610082281156e-08,4.876,12.2409,2.51,50,xenium_human_skin_melanoma,7-12 genes
Non-Contiguous Random,28,2,12,1,1,1,1,1.0,1.0,0.9,0.68,0.39,1,8.684549688275922e-07,5.0779,12.0673,2.38,50,xenium_human_skin_melanoma,7-12 genes
Non-Contiguous Random,28,3,19,1,1,1,1,1.0,1.0,1.0,0.72,0.4,1,-2.6967787327691894e-06,6.6217,17.973,2.71,50,xenium_human_skin_melanoma,>16 genes
Non-Contiguous Random,28,4,10,1,1,1,1,1.0,1.0,0.95,0.44,0.26,1,1.4221663639235604e-06,4.3445,10.6082,2.44,50,xenium_human_skin_melanoma,7-12 genes
Non-Contiguous Random,29,0,15,1,1,1,1,1.0,0.9,0.5,0.58,0.41,1,-4.70614412087858e-06,5.914,14.6789,2.48,50,xenium_human_skin_melanoma,13-16 genes
Non-Contiguous Random,29,1,14,1,1,1,1,1.0,1.0,1.0,0.9,0.45,1,3.905826685635105e-06,5.7558,13.7472,2.39,50,xenium_human_skin_melanoma,13-16 genes
Non-Contiguous Random,29,2,8,1,1,1,1,1.0,0.9,0.95,0.82,0.5,1,7.071104639608597e-07,3.6416,9.8192,2.7,50,xenium_human_skin_melanoma,7-12 genes
Non-Contiguous Random,29,3,12,1,1,1,1,1.0,0.9,0.5,0.68,0.49,1,-1.785921928225409e-07,4.9413,12.0158,2.43,50,xenium_human_skin_melanoma,7-12 genes
Non-Contiguous Random,29,4,19,1,1,1,1,1.0,1.0,1.0,0.72,0.4,1,-4.789965093898729e-06,6.5382,17.9456,2.74,50,xenium_human_skin_melanoma,>16 genes
Non-Contiguous Random,30,0,6,1,1,1,1,0.4,0.3,0.3,0.42,0.33,1,0.0,3.7815,9.5641,2.53,50,xenium_human_skin_melanoma,<=6 genes
Non-Contiguous Random,30,1,10,1,1,1,1,1.0,1.0,1.0,0.88,0.44,1,-6.854898050483518e-07,4.474,10.662,2.38,50,xenium_human_skin_melanoma,7-12 genes
Non-Contiguous Random,30,2,10,1,1,1,1,1.0,1.0,1.0,0.9,0.49,1,-3.6133019269690703e-07,4.9452,10.6203,2.15,50,xenium_human_skin_melanoma,7-12 genes
Non-Contiguous Random,30,3,14,1,1,1,1,1.0,1.0,1.0,0.88,0.44,1,2.4389858337275916e-06,5.4355,13.9437,2.57,50,xenium_human_skin_melanoma,13-16 genes
Non-Contiguous Random,30,4,8,1,1,1,1,0.2,0.1,0.2,0.3,0.29,1,0.0,3.7167,9.5115,2.56,50,xenium_human_skin_melanoma,7-12 genes
Non-Contiguous Random,31,0,10,1,1,1,1,1.0,1.0,1.0,0.64,0.42,1,1.6207545225251085e-06,4.7641,11.5235,2.42,50,xenium_human_skin_melanoma,7-12 genes
Non-Contiguous Random,31,1,7,1,1,1,1,0.4,0.3,0.2,0.58,0.4,1,0.0,4.3195,9.4072,2.18,50,xenium_human_skin_melanoma,7-12 genes
Non-Contiguous Random,31,2,7,1,1,1,1,1.0,0.9,1.0,0.88,0.49,1,-2.7910075059162792e-06,3.5529,9.5452,2.69,50,xenium_human_skin_melanoma,7-12 genes
Non-Contiguous Random,31,3,15,1,1,1,1,1.0,1.0,1.0,0.64,0.48,1,-2.7008147478468914e-06,5.4008,14.0507,2.6,50,xenium_human_skin_melanoma,13-16 genes
Non-Contiguous Random,31,4,13,1,1,1,1,1.0,0.7,0.35,0.72,0.47,1,-2.129345761797685e-06,5.7426,12.8148,2.23,50,xenium_human_skin_melanoma,13-16 genes
Non-Contiguous Random,32,0,6,1,1,1,1,1.0,1.0,1.0,0.96,0.49,1,3.2412196059802834e-06,3.7109,9.5067,2.56,50,xenium_human_skin_melanoma,<=6 genes
Non-Contiguous Random,32,1,14,1,1,1,1,1.0,1.0,0.95,0.94,0.5,1,-5.860965728854417e-07,4.929,13.0009,2.64,50,xenium_human_skin_melanoma,13-16 genes
Non-Contiguous Random,32,2,4,1,1,1,1,1.0,0.9,0.75,0.72,0.49,1,-3.33290100097694e-06,2.5185,8.4256,3.35,50,xenium_human_skin_melanoma,<=6 genes
Non-Contiguous Random,32,3,5,1,1,1,1,1.0,1.0,1.0,0.94,0.48,1,4.92032418485111e-06,2.9224,8.748,2.99,50,xenium_human_skin_melanoma,<=6 genes
Non-Contiguous Random,32,4,12,1,1,1,1,1.0,0.9,0.95,0.88,0.5,1,2.343016888894933e-06,4.4748,11.6762,2.61,50,xenium_human_skin_melanoma,7-12 genes
Non-Contiguous Random,33,0,8,1,1,1,1,0.0,0.1,0.25,0.44,0.44,1,0.0,4.2318,10.5691,2.5,50,xenium_human_skin_melanoma,7-12 genes
Non-Contiguous Random,33,1,11,1,1,1,1,0.0,0.0,0.05,0.58,0.5,1,0.0,4.5758,11.4483,2.5,50,xenium_human_skin_melanoma,7-12 genes
Non-Contiguous Random,33,2,12,1,1,1,1,0.0,0.3,0.25,0.82,0.5,1,0.0,5.1292,12.2826,2.39,50,xenium_human_skin_melanoma,7-12 genes
Non-Contiguous Random,33,3,6,1,1,1,1,0.0,0.0,0.0,0.12,0.18,1,0.0,3.1427,9.0965,2.89,50,xenium_human_skin_melanoma,<=6 genes
Non-Contiguous Random,33,4,14,1,1,1,1,0.0,0.2,0.4,0.64,0.5,1,0.0,6.3126,13.3138,2.11,50,xenium_human_skin_melanoma,13-16 genes
Non-Contiguous Random,34,0,12,1,1,1,1,1.0,1.0,1.0,0.92,0.5,1,-2.1553300781074203e-06,5.0105,12.5835,2.51,50,xenium_human_skin_melanoma,7-12 genes
Non-Contiguous Random,34,1,6,1,1,1,1,1.0,1.0,1.0,0.96,0.49,1,-2.5584863703187466e-06,3.3983,9.2845,2.73,50,xenium_human_skin_melanoma,<=6 genes
Non-Contiguous Random,34,2,17,1,1,1,1,1.0,1.0,0.9,0.84,0.48,1,4.69225959198738e-06,6.2864,15.9548,2.54,50,xenium_human_skin_melanoma,>16 genes
Non-Contiguous Random,34,3,11,1,1,1,1,1.0,1.0,1.0,0.96,0.5,1,2.357974091593551e-06,5.3402,11.2904,2.11,50,xenium_human_skin_melanoma,7-12 genes
Non-Contiguous Random,34,4,13,1,1,1,1,1.0,1.0,1.0,0.86,0.47,1,-1.7871890730103424e-06,5.5782,12.5249,2.25,50,xenium_human_skin_melanoma,13-16 genes
Non-Contiguous Random,35,0,8,1,1,1,1,0.0,0.0,0.0,0.16,0.3,1,0.0,4.2135,10.0268,2.38,50,xenium_human_skin_melanoma,7-12 genes
Non-Contiguous Random,35,1,10,1,1,1,1,1.0,1.0,1.0,0.62,0.33,1,-3.5195681082275665e-06,3.8252,10.5158,2.75,50,xenium_human_skin_melanoma,7-12 genes
Non-Contiguous Random,35,2,6,1,1,1,1,1.0,1.0,1.0,0.96,0.5,1,1.506254138710153e-06,3.1597,9.0331,2.86,50,xenium_human_skin_melanoma,<=6 genes
Non-Contiguous Random,35,3,12,1,1,1,1,1.0,1.0,0.9,0.82,0.48,1,4.656724555022335e-06,6.0037,11.718,1.95,50,xenium_human_skin_melanoma,7-12 genes
Non-Contiguous Random,35,4,10,1,1,1,1,0.0,0.0,0.1,0.44,0.31,1,0.0,3.5965,10.2641,2.85,50,xenium_human_skin_melanoma,7-12 genes
Non-Contiguous Random,36,0,13,1,1,1,1,0.2,0.2,0.35,0.52,0.45,1,0.0,5.3549,13.409,2.5,50,xenium_human_skin_melanoma,13-16 genes
Non-Contiguous Random,36,1,12,1,1,1,1,0.0,0.0,0.45,0.6,0.44,1,0.0,5.1207,12.5667,2.45,50,xenium_human_skin_melanoma,7-12 genes
Non-Contiguous Random,36,2,17,1,1,1,1,0.0,0.2,0.6,0.72,0.43,1,0.0,6.2825,16.1352,2.57,50,xenium_human_skin_melanoma,>16 genes
Non-Contiguous Random,36,3,17,1,1,1,1,0.0,0.2,0.5,0.72,0.4,1,0.0,6.0552,15.8785,2.62,50,xenium_human_skin_melanoma,>16 genes
Non-Contiguous Random,36,4,9,1,1,1,1,0.0,0.0,0.05,0.28,0.29,1,0.0,3.9428,10.254,2.6,50,xenium_human_skin_melanoma,7-12 genes
Non-Contiguous Random,37,0,6,1,1,1,1,0.8,0.9,0.95,0.84,0.49,1,-4.395084287194331e-06,3.9631,9.6799,2.44,50,xenium_human_skin_melanoma,<=6 genes
Non-Contiguous Random,37,1,9,0,0,0,0,0.2,0.3,0.5,0.62,0.5,2,0.01161,4.1112,10.0737,2.45,50,xenium_human_skin_melanoma,7-12 genes
Non-Contiguous Random,37,2,12,1,1,1,1,1.0,1.0,1.0,0.74,0.47,1,4.448362843190168e-06,4.3847,11.6137,2.65,50,xenium_human_skin_melanoma,7-12 genes
Non-Contiguous Random,37,3,11,1,1,1,1,1.0,1.0,0.85,0.8,0.5,1,1.7813222711535182e-06,4.404,10.9035,2.48,50,xenium_human_skin_melanoma,7-12 genes
Non-Contiguous Random,37,4,10,1,1,1,1,1.0,1.0,0.75,0.6,0.49,1,-3.4486527249050214e-06,3.8929,10.2915,2.64,50,xenium_human_skin_melanoma,7-12 genes
Non-Contiguous Random,38,0,8,1,1,1,1,1.0,1.0,0.95,0.86,0.46,1,4.308588308609036e-06,3.9099,10.5064,2.69,50,xenium_human_skin_melanoma,7-12 genes
Non-Contiguous Random,38,1,14,1,1,1,1,1.0,1.0,1.0,0.8,0.5,1,-2.3182225500351095e-07,5.4941,13.7321,2.5,50,xenium_human_skin_melanoma,13-16 genes
Non-Contiguous Random,38,2,16,1,1,1,1,1.0,1.0,0.8,0.8,0.5,1,-2.934532165526499e-06,6.8642,15.0356,2.19,50,xenium_human_skin_melanoma,13-16 genes
Non-Contiguous Random,38,3,11,1,1,1,1,1.0,1.0,1.0,0.9,0.45,1,1.6862575034299124e-06,5.327,11.1556,2.09,50,xenium_human_skin_melanoma,7-12 genes
Non-Contiguous Random,38,4,17,1,1,1,1,1.0,1.0,1.0,0.76,0.5,1,-1.959079189498003e-06,6.8191,16.2233,2.38,50,xenium_human_skin_melanoma,>16 genes
Non-Contiguous Random,39,0,13,1,1,1,1,1.0,1.0,1.0,0.86,0.46,1,0.0,6.0737,13.2553,2.18,50,xenium_human_skin_melanoma,13-16 genes
Non-Contiguous Random,39,1,7,1,1,1,1,1.0,1.0,1.0,0.84,0.48,1,0.0,4.1985,9.6436,2.3,50,xenium_human_skin_melanoma,7-12 genes
Non-Contiguous Random,39,2,9,1,1,1,1,1.0,1.0,0.95,0.9,0.5,1,0.0,4.0108,10.5181,2.62,50,xenium_human_skin_melanoma,7-12 genes
Non-Contiguous Random,39,3,7,1,1,1,1,1.0,1.0,1.0,0.84,0.47,1,0.0,3.6055,9.4084,2.61,50,xenium_human_skin_melanoma,7-12 genes
Non-Contiguous Random,39,4,15,1,1,1,1,1.0,1.0,1.0,0.82,0.45,1,3.191025758297883e-06,5.8448,14.7405,2.52,50,xenium_human_skin_melanoma,13-16 genes
Non-Contiguous Random,40,0,11,1,1,1,1,1.0,1.0,0.95,0.6,0.37,1,-2.8651336339557965e-07,4.7218,11.547,2.45,50,xenium_human_skin_melanoma,7-12 genes
Non-Contiguous Random,40,1,9,1,1,1,1,1.0,1.0,0.95,0.58,0.4,1,-3.0677286783856866e-06,4.3299,10.326,2.38,50,xenium_human_skin_melanoma,7-12 genes
Non-Contiguous Random,40,2,12,1,1,1,1,1.0,0.8,0.7,0.64,0.49,1,3.458597065287422e-07,5.2701,12.0054,2.28,50,xenium_human_skin_melanoma,7-12 genes
Non-Contiguous Random,40,3,6,1,1,1,1,1.0,1.0,1.0,0.74,0.38,1,2.0288194381729713e-06,3.4531,9.0132,2.61,50,xenium_human_skin_melanoma,<=6 genes
Non-Contiguous Random,40,4,12,1,1,1,1,1.0,1.0,0.85,0.62,0.47,1,3.458597065287422e-07,4.8333,11.5596,2.39,50,xenium_human_skin_melanoma,7-12 genes
Non-Contiguous Random,41,0,15,1,1,1,1,1.0,1.0,1.0,0.9,0.48,1,3.014767914866212e-06,5.3431,14.3711,2.69,50,xenium_human_skin_melanoma,13-16 genes
Non-Contiguous Random,41,1,9,1,1,1,1,1.0,1.0,0.95,0.94,0.49,1,-1.9723415374539588e-07,4.6469,10.1478,2.18,50,xenium_human_skin_melanoma,7-12 genes
Non-Contiguous Random,41,2,12,1,1,1,1,1.0,1.0,0.9,0.9,0.49,1,-9.348847367363078e-07,4.2839,11.5826,2.7,50,xenium_human_skin_melanoma,7-12 genes
Non-Contiguous Random,41,3,7,1,1,1,1,1.0,1.0,1.0,0.96,0.48,1,2.309239409250489e-06,3.1727,9.2545,2.92,50,xenium_human_skin_melanoma,7-12 genes
Non-Contiguous Random,41,4,8,1,1,1,1,1.0,1.0,1.0,0.84,0.5,1,2.602426794395818e-06,3.3405,9.4863,2.84,50,xenium_human_skin_melanoma,7-12 genes
Non-Contiguous Random,42,0,16,1,1,1,1,0.8,0.8,0.8,0.66,0.42,1,-8.104705808698043e-07,6.2225,15.3676,2.47,50,xenium_human_skin_melanoma,13-16 genes
Non-Contiguous Random,42,1,16,1,1,1,1,1.0,1.0,1.0,0.62,0.49,1,2.7759552003736587e-06,6.5474,15.0003,2.29,50,xenium_human_skin_melanoma,13-16 genes
Non-Contiguous Random,42,2,6,1,1,1,1,1.0,0.9,0.8,0.66,0.47,1,6.705759142758283e-07,3.2994,9.0838,2.75,50,xenium_human_skin_melanoma,<=6 genes
Non-Contiguous Random,42,3,8,1,1,1,1,1.0,1.0,0.85,0.78,0.5,1,-3.7712162424506646e-06,3.961,9.5151,2.4,50,xenium_human_skin_melanoma,7-12 genes
Non-Contiguous Random,42,4,8,1,1,1,1,1.0,1.0,0.85,0.86,0.5,1,-1.1414764919948084e-06,3.6954,9.6382,2.61,50,xenium_human_skin_melanoma,7-12 genes
Non-Contiguous Random,43,0,17,1,1,1,1,0.4,0.4,0.6,0.7,0.44,1,0.0,6.1688,16.8253,2.73,50,xenium_human_skin_melanoma,>16 genes
Non-Contiguous Random,43,1,15,1,1,1,1,0.0,0.2,0.35,0.92,0.47,1,0.0,6.314,14.3361,2.27,50,xenium_human_skin_melanoma,13-16 genes
Non-Contiguous Random,43,2,15,1,1,1,1,0.0,0.1,0.5,0.94,0.49,1,0.0,5.1595,13.8322,2.68,50,xenium_human_skin_melanoma,13-16 genes
Non-Contiguous Random,43,3,16,1,1,1,1,0.4,0.4,0.7,0.72,0.44,1,0.0,5.6838,14.6843,2.58,50,xenium_human_skin_melanoma,13-16 genes
Non-Contiguous Random,43,4,17,1,1,1,1,0.4,0.3,0.55,0.76,0.45,1,0.0,5.9734,15.7425,2.64,50,xenium_human_skin_melanoma,>16 genes
Non-Contiguous Random,44,0,6,1,1,1,1,1.0,1.0,1.0,0.88,0.46,1,0.0,3.732,9.8275,2.63,50,xenium_human_skin_melanoma,<=6 genes
Non-Contiguous Random,44,1,15,1,1,1,1,1.0,0.8,0.75,0.66,0.46,1,2.980217849835043e-06,6.7151,14.4169,2.15,50,xenium_human_skin_melanoma,13-16 genes
Non-Contiguous Random,44,2,12,1,1,1,1,1.0,0.8,0.9,0.96,0.5,1,-3.503252245629085e-06,5.2379,11.9074,2.27,50,xenium_human_skin_melanoma,7-12 genes
Non-Contiguous Random,44,3,11,1,1,1,1,1.0,1.0,0.8,0.82,0.5,1,-1.406829142513999e-06,4.5709,11.2307,2.46,50,xenium_human_skin_melanoma,7-12 genes
Non-Contiguous Random,44,4,13,1,1,1,1,1.0,1.0,1.0,0.76,0.41,1,2.8280626467314107e-06,5.4128,12.8452,2.37,50,xenium_human_skin_melanoma,13-16 genes
Non-Contiguous Random,45,0,13,1,1,1,1,1.0,1.0,1.0,0.86,0.46,1,3.393877566981729e-06,5.9294,13.076,2.21,50,xenium_human_skin_melanoma,13-16 genes
Non-Contiguous Random,45,1,9,1,1,1,1,1.0,1.0,1.0,0.92,0.5,1,3.5065714518167646e-06,3.635,10.0098,2.75,50,xenium_human_skin_melanoma,7-12 genes
Non-Contiguous Random,45,2,7,1,1,1,1,1.0,1.0,1.0,0.94,0.5,1,-8.412387808021116e-07,3.9842,9.2454,2.32,50,xenium_human_skin_melanoma,7-12 genes
Non-Contiguous Random,45,3,15,1,1,1,1,1.0,1.0,1.0,0.92,0.48,1,4.087135887509419e-06,5.2235,13.7982,2.64,50,xenium_human_skin_melanoma,13-16 genes
Non-Contiguous Random,45,4,12,1,1,1,1,1.0,0.9,0.9,0.9,0.47,1,-4.229819924983502e-06,5.1888,11.8425,2.28,50,xenium_human_skin_melanoma,7-12 genes
Non-Contiguous Random,46,0,7,1,1,1,1,1.0,1.0,0.9,0.58,0.48,1,0.0,3.4866,9.7196,2.79,50,xenium_human_skin_melanoma,7-12 genes
Non-Contiguous Random,46,1,13,1,1,1,1,1.0,1.0,0.55,0.56,0.48,1,-2.477945380972152e-06,5.0277,13.0038,2.59,50,xenium_human_skin_melanoma,13-16 genes
Non-Contiguous Random,46,2,9,1,1,1,1,0.8,0.8,0.85,0.84,0.5,1,3.1645647684819256e-06,3.8843,10.9439,2.82,50,xenium_human_skin_melanoma,7-12 genes
Non-Contiguous Random,46,3,17,1,1,1,1,1.0,1.0,1.0,0.64,0.47,1,-4.9511857560524675e-06,5.8463,16.9778,2.9,50,xenium_human_skin_melanoma,>16 genes
Non-Contiguous Random,46,4,7,1,1,1,1,1.0,0.9,0.8,0.72,0.5,1,-4.26501745290353e-06,3.6876,9.4741,2.57,50,xenium_human_skin_melanoma,7-12 genes
Non-Contiguous Random,47,0,12,1,1,1,1,1.0,1.0,0.9,0.66,0.46,1,0.0,5.177,12.6585,2.45,50,xenium_human_skin_melanoma,7-12 genes
Non-Contiguous Random,47,1,12,1,1,1,1,1.0,1.0,0.9,0.56,0.41,1,0.0,5.1012,11.8725,2.33,50,xenium_human_skin_melanoma,7-12 genes
Non-Contiguous Random,47,2,13,1,1,1,1,1.0,1.0,0.7,0.64,0.41,1,0.0,5.2355,13.2872,2.54,50,xenium_human_skin_melanoma,13-16 genes
Non-Contiguous Random,47,3,12,1,1,1,1,0.0,0.0,0.2,0.56,0.5,1,0.0,4.7589,11.7589,2.47,50,xenium_human_skin_melanoma,7-12 genes
Non-Contiguous Random,47,4,15,1,1,1,1,0.0,0.2,0.65,0.82,0.48,1,0.0,5.9853,14.6898,2.45,50,xenium_human_skin_melanoma,13-16 genes
Non-Contiguous Random,48,0,14,1,1,1,1,0.8,0.9,0.95,0.92,0.48,1,-4.089618746760948e-06,5.7963,14.2788,2.46,50,xenium_human_skin_melanoma,13-16 genes
Non-Contiguous Random,48,1,12,1,1,1,1,1.0,1.0,0.95,0.7,0.4,1,-3.0130026257924394e-06,4.6755,11.8838,2.54,50,xenium_human_skin_melanoma,7-12 genes
Non-Contiguous Random,48,2,15,1,1,1,1,1.0,1.0,0.95,0.84,0.46,1,-1.7960542383899103e-07,5.8581,14.6151,2.49,50,xenium_human_skin_melanoma,13-16 genes
Non-Contiguous Random,48,3,14,1,1,1,1,1.0,1.0,1.0,0.82,0.42,1,6.812074011541824e-07,5.2466,13.3338,2.54,50,xenium_human_skin_melanoma,13-16 genes
Non-Contiguous Random,48,4,7,1,1,1,1,1.0,0.9,0.95,0.82,0.47,1,1.6663564314746068e-06,3.4182,9.4603,2.77,50,xenium_human_skin_melanoma,7-12 genes
Non-Contiguous Random,49,0,12,1,1,1,1,1.0,1.0,0.5,0.72,0.49,1,3.907838028338606e-06,5.8298,12.7796,2.19,50,xenium_human_skin_melanoma,7-12 genes
Non-Contiguous Random,49,1,11,1,1,1,1,1.0,1.0,0.7,0.48,0.47,1,1.044518315462123e-06,5.1631,11.2388,2.18,50,xenium_human_skin_melanoma,7-12 genes
Non-Contiguous Random,49,2,12,1,1,1,1,1.0,1.0,0.9,0.48,0.44,1,3.907838028338606e-06,5.5024,11.7494,2.14,50,xenium_human_skin_melanoma,7-12 genes
Non-Contiguous Random,49,3,18,1,1,1,1,0.6,0.4,0.55,0.7,0.43,1,-2.3358351019520107e-06,5.7887,17.1121,2.96,50,xenium_human_skin_melanoma,>16 genes
Non-Contiguous Random,49,4,9,1,1,1,1,1.0,1.0,1.0,0.48,0.41,1,-5.738830566419384e-07,4.7482,10.3194,2.17,50,xenium_human_skin_melanoma,7-12 genes
