Job started at: Tue Jan 20 02:09:49 PM CST 2026
Running on node: cn1629.hw.accre.vu
Job ID: 8531131
Working directory: /data/sarkar_lab/Projects/spindle_dev/ISMB_notebook

[2026-01-20 14:10:37,900] INFO spindle_dev.index: Clustering SPD-s using 'tree' distance.
[2026-01-20 14:10:37,989] INFO spindle_dev.index: Building ultrametric features from SPD matrices.
[2026-01-20 14:10:41,445] INFO spindle_dev.index: Computing latent features from the tree representations.
[2026-01-20 14:10:41,834] INFO spindle_dev.index: Reducing latent features to 30 dimensions using PCA.
[2026-01-20 14:10:45,555] INFO spindle_dev.index: Explained variance ratios by PCA components: [0.0594365  0.04257701 0.02694363 0.02286748 0.01322526 0.00847291
 0.00765662 0.00680464 0.00621679 0.00598492 0.0054304  0.00475169
 0.00459882 0.00427495 0.00419172 0.00405914 0.00396039 0.00382956
 0.00374104 0.00359517 0.00349659 0.00337946 0.00327844 0.00323106
 0.00320595 0.00311978 0.00309778 0.00301003 0.00297968 0.00291783]
[2026-01-20 14:10:45,555] INFO spindle_dev.index: Reducing latent features to 2 dimensions using UMAP.
/panfs/accrepfs.vampire/home/sarkah1/miniforge3/envs/spatial/lib/python3.10/site-packages/umap/umap_.py:1952: UserWarning: n_jobs value 1 overridden to 1 by setting random_state. Use no seed for parallelism.
  warn(
[2026-01-20 14:10:54,907] INFO spindle_dev.index: Clustering SPD-s using 'tree' distance.
[2026-01-20 14:10:54,907] INFO spindle_dev.index: Clustering SPD matrices using Leiden clustering with resolution 0.50.
[2026-01-20 14:10:54,992] INFO spindle_dev.index: Since clustering method is tree, I am going to find global order per cluster
[2026-01-20 14:10:54,992] INFO spindle_dev.index: Finding consensus tree for cluster 0
[2026-01-20 14:10:55,046] INFO spindle_dev.index: Finding consensus tree for cluster 1
[2026-01-20 14:10:55,097] INFO spindle_dev.index: Finding consensus tree for cluster 2
[2026-01-20 14:10:55,140] INFO spindle_dev.index: Finding consensus tree for cluster 3
[2026-01-20 14:10:55,172] INFO spindle_dev.index: Finding consensus tree for cluster 4
[2026-01-20 14:10:55,202] INFO spindle_dev.index: Finding consensus tree for cluster 5
[2026-01-20 14:10:55,406] INFO spindle_dev.index: Computing mean correlation matrix for cluster 0
[2026-01-20 14:10:55,809] INFO spindle_dev.index: Computing mean correlation matrix for cluster 1
[2026-01-20 14:10:56,176] INFO spindle_dev.index: Computing mean correlation matrix for cluster 2
[2026-01-20 14:10:56,471] INFO spindle_dev.index: Computing mean correlation matrix for cluster 3
[2026-01-20 14:10:56,607] INFO spindle_dev.index: Computing mean correlation matrix for cluster 4
[2026-01-20 14:10:56,730] INFO spindle_dev.index: Computing mean correlation matrix for cluster 5
[2026-01-20 14:10:56,857] INFO spindle_dev.index: Finding adaptive block runs for cluster 0
[2026-01-20 14:10:57,253] INFO spindle_dev.index:  Chose t=0.8403484674528324 resulting in 250 blocks instead of 135 blocks would have gotten by default
[2026-01-20 14:10:57,299] INFO spindle_dev.index:  Final block runs for cluster 0: 28 blocks.
[2026-01-20 14:10:57,299] INFO spindle_dev.index: Finding adaptive block runs for cluster 1
[2026-01-20 14:10:57,690] INFO spindle_dev.index:  Chose t=0.84045364173602 resulting in 249 blocks instead of 110 blocks would have gotten by default
[2026-01-20 14:10:57,735] INFO spindle_dev.index:  Final block runs for cluster 1: 30 blocks.
[2026-01-20 14:10:57,735] INFO spindle_dev.index: Finding adaptive block runs for cluster 2
[2026-01-20 14:10:58,125] INFO spindle_dev.index:  Chose t=0.882815137034527 resulting in 209 blocks instead of 110 blocks would have gotten by default
[2026-01-20 14:10:58,158] INFO spindle_dev.index:  Final block runs for cluster 2: 26 blocks.
[2026-01-20 14:10:58,159] INFO spindle_dev.index: Finding adaptive block runs for cluster 3
[2026-01-20 14:10:58,541] INFO spindle_dev.index:  Chose t=0.8928216387309484 resulting in 213 blocks instead of 142 blocks would have gotten by default
[2026-01-20 14:10:58,576] INFO spindle_dev.index:  Final block runs for cluster 3: 26 blocks.
[2026-01-20 14:10:58,576] INFO spindle_dev.index: Finding adaptive block runs for cluster 4
[2026-01-20 14:10:58,962] INFO spindle_dev.index:  Chose t=0.8501217149922651 resulting in 196 blocks instead of 76 blocks would have gotten by default
[2026-01-20 14:10:58,990] INFO spindle_dev.index:  Final block runs for cluster 4: 24 blocks.
[2026-01-20 14:10:58,990] INFO spindle_dev.index: Finding adaptive block runs for cluster 5
[2026-01-20 14:10:59,374] INFO spindle_dev.index:  Chose t=0.869744973970191 resulting in 218 blocks instead of 98 blocks would have gotten by default
[2026-01-20 14:10:59,408] INFO spindle_dev.index:  Final block runs for cluster 5: 28 blocks.
[2026-01-20 14:11:02,310] INFO spindle_dev.index: Processing cluster 0
[2026-01-20 14:11:02,310] INFO spindle_dev.index: Building SPD index with epsilon=5.552291233651296
[2026-01-20 14:11:02,310] INFO spindle_dev.index: Step 1: Cluster blocks within each class of SPD matrices.
[2026-01-20 14:11:02,326] INFO spindle_dev.index: Cluster 0: 229 SPDs, 28 blocks
[2026-01-20 14:11:02,326] INFO spindle_dev.index:  Using epsilon-net clustering for block 0
[2026-01-20 14:11:02,348] INFO spindle_dev.index:  Finished block 0 in 0.02 seconds, found 9 clusters.
[2026-01-20 14:11:02,348] INFO spindle_dev.index:  Using epsilon-net clustering for block 1
[2026-01-20 14:11:02,381] INFO spindle_dev.index:  Finished block 1 in 0.03 seconds, found 15 clusters.
[2026-01-20 14:11:02,381] INFO spindle_dev.index:  Using epsilon-net clustering for block 2
[2026-01-20 14:11:02,417] INFO spindle_dev.index:  Finished block 2 in 0.04 seconds, found 17 clusters.
[2026-01-20 14:11:02,417] INFO spindle_dev.index:  Using epsilon-net clustering for block 3
[2026-01-20 14:11:02,449] INFO spindle_dev.index:  Finished block 3 in 0.03 seconds, found 15 clusters.
[2026-01-20 14:11:02,449] INFO spindle_dev.index:  Using epsilon-net clustering for block 4
[2026-01-20 14:11:02,479] INFO spindle_dev.index:  Finished block 4 in 0.03 seconds, found 13 clusters.
[2026-01-20 14:11:02,479] INFO spindle_dev.index:  Using epsilon-net clustering for block 5
[2026-01-20 14:11:02,509] INFO spindle_dev.index:  Finished block 5 in 0.03 seconds, found 14 clusters.
[2026-01-20 14:11:02,509] INFO spindle_dev.index:  Using epsilon-net clustering for block 6
[2026-01-20 14:11:02,540] INFO spindle_dev.index:  Finished block 6 in 0.03 seconds, found 14 clusters.
[2026-01-20 14:11:02,540] INFO spindle_dev.index:  Using epsilon-net clustering for block 7
[2026-01-20 14:11:02,578] INFO spindle_dev.index:  Finished block 7 in 0.04 seconds, found 18 clusters.
[2026-01-20 14:11:02,578] INFO spindle_dev.index:  Using epsilon-net clustering for block 8
[2026-01-20 14:11:02,604] INFO spindle_dev.index:  Finished block 8 in 0.03 seconds, found 11 clusters.
[2026-01-20 14:11:02,604] INFO spindle_dev.index:  Using epsilon-net clustering for block 9
[2026-01-20 14:11:02,643] INFO spindle_dev.index:  Finished block 9 in 0.04 seconds, found 19 clusters.
[2026-01-20 14:11:02,643] INFO spindle_dev.index:  Using epsilon-net clustering for block 10
[2026-01-20 14:11:02,675] INFO spindle_dev.index:  Finished block 10 in 0.03 seconds, found 13 clusters.
[2026-01-20 14:11:02,675] INFO spindle_dev.index:  Using epsilon-net clustering for block 11
[2026-01-20 14:11:02,693] INFO spindle_dev.index:  Finished block 11 in 0.02 seconds, found 6 clusters.
[2026-01-20 14:11:02,693] INFO spindle_dev.index:  Using epsilon-net clustering for block 12
[2026-01-20 14:11:02,715] INFO spindle_dev.index:  Finished block 12 in 0.02 seconds, found 9 clusters.
[2026-01-20 14:11:02,715] INFO spindle_dev.index:  Using epsilon-net clustering for block 13
[2026-01-20 14:11:02,734] INFO spindle_dev.index:  Finished block 13 in 0.02 seconds, found 7 clusters.
[2026-01-20 14:11:02,734] INFO spindle_dev.index:  Using epsilon-net clustering for block 14
[2026-01-20 14:11:02,747] INFO spindle_dev.index:  Finished block 14 in 0.01 seconds, found 3 clusters.
[2026-01-20 14:11:02,747] INFO spindle_dev.index:  Using epsilon-net clustering for block 15
[2026-01-20 14:11:02,764] INFO spindle_dev.index:  Finished block 15 in 0.02 seconds, found 2 clusters.
[2026-01-20 14:11:02,764] INFO spindle_dev.index:  Using epsilon-net clustering for block 16
[2026-01-20 14:11:02,780] INFO spindle_dev.index:  Finished block 16 in 0.02 seconds, found 4 clusters.
[2026-01-20 14:11:02,781] INFO spindle_dev.index:  Using epsilon-net clustering for block 17
[2026-01-20 14:11:02,816] INFO spindle_dev.index:  Finished block 17 in 0.03 seconds, found 6 clusters.
[2026-01-20 14:11:02,816] INFO spindle_dev.index:  Using epsilon-net clustering for block 18
[2026-01-20 14:11:02,839] INFO spindle_dev.index:  Finished block 18 in 0.02 seconds, found 5 clusters.
[2026-01-20 14:11:02,839] INFO spindle_dev.index:  Using epsilon-net clustering for block 19
[2026-01-20 14:11:02,862] INFO spindle_dev.index:  Finished block 19 in 0.02 seconds, found 9 clusters.
[2026-01-20 14:11:02,863] INFO spindle_dev.index:  Using epsilon-net clustering for block 20
[2026-01-20 14:11:02,878] INFO spindle_dev.index:  Finished block 20 in 0.02 seconds, found 5 clusters.
[2026-01-20 14:11:02,878] INFO spindle_dev.index:  Using epsilon-net clustering for block 21
[2026-01-20 14:11:02,896] INFO spindle_dev.index:  Finished block 21 in 0.02 seconds, found 5 clusters.
[2026-01-20 14:11:02,896] INFO spindle_dev.index:  Using epsilon-net clustering for block 22
[2026-01-20 14:11:02,912] INFO spindle_dev.index:  Finished block 22 in 0.02 seconds, found 5 clusters.
[2026-01-20 14:11:02,912] INFO spindle_dev.index:  Using epsilon-net clustering for block 23
[2026-01-20 14:11:02,926] INFO spindle_dev.index:  Finished block 23 in 0.01 seconds, found 2 clusters.
[2026-01-20 14:11:02,926] INFO spindle_dev.index:  Using epsilon-net clustering for block 24
[2026-01-20 14:11:02,935] INFO spindle_dev.index:  Finished block 24 in 0.01 seconds, found 1 clusters.
[2026-01-20 14:11:02,935] INFO spindle_dev.index:  Using epsilon-net clustering for block 25
[2026-01-20 14:11:02,944] INFO spindle_dev.index:  Finished block 25 in 0.01 seconds, found 1 clusters.
[2026-01-20 14:11:02,944] INFO spindle_dev.index:  Using epsilon-net clustering for block 26
[2026-01-20 14:11:02,955] INFO spindle_dev.index:  Finished block 26 in 0.01 seconds, found 1 clusters.
[2026-01-20 14:11:02,955] INFO spindle_dev.index:  Using epsilon-net clustering for block 27
[2026-01-20 14:11:03,028] INFO spindle_dev.index:  Finished block 27 in 0.07 seconds, found 2 clusters.
[2026-01-20 14:11:03,028] INFO spindle_dev.index: Step 2: Build DAG connections between block clusters.
[2026-01-20 14:11:03,028] INFO spindle_dev.index: Step 2.1: For each layer order the block-clusters by
[2026-01-20 14:11:03,028] INFO spindle_dev.index: Not implemented: ordering block-clusters ? How to order them?
[2026-01-20 14:11:03,028] INFO spindle_dev.index: We will use triangle inequality to order clusters.
[2026-01-20 14:11:03,028] INFO spindle_dev.index: Step 2.2: Connect block-clusters between layers based on co-occurrence in SPDs.
[2026-01-20 14:11:03,033] INFO spindle_dev.index: Check if node global_node_id matches index in nodes list
[2026-01-20 14:11:03,033] INFO spindle_dev.index: Step 2.3: Ordering block-clusters within each layer using log-Euclidean distances.
[2026-01-20 14:11:03,033] INFO spindle_dev.index: Processing cluster 1
[2026-01-20 14:11:03,033] INFO spindle_dev.index: Building SPD index with epsilon=6.528217907292994
[2026-01-20 14:11:03,033] INFO spindle_dev.index: Step 1: Cluster blocks within each class of SPD matrices.
[2026-01-20 14:11:03,047] INFO spindle_dev.index: Cluster 1: 212 SPDs, 30 blocks
[2026-01-20 14:11:03,048] INFO spindle_dev.index:  Using epsilon-net clustering for block 0
[2026-01-20 14:11:03,057] INFO spindle_dev.index:  Finished block 0 in 0.01 seconds, found 2 clusters.
[2026-01-20 14:11:03,057] INFO spindle_dev.index:  Using epsilon-net clustering for block 1
[2026-01-20 14:11:03,067] INFO spindle_dev.index:  Finished block 1 in 0.01 seconds, found 3 clusters.
[2026-01-20 14:11:03,067] INFO spindle_dev.index:  Using epsilon-net clustering for block 2
[2026-01-20 14:11:03,084] INFO spindle_dev.index:  Finished block 2 in 0.02 seconds, found 7 clusters.
[2026-01-20 14:11:03,084] INFO spindle_dev.index:  Using epsilon-net clustering for block 3
[2026-01-20 14:11:03,104] INFO spindle_dev.index:  Finished block 3 in 0.02 seconds, found 9 clusters.
[2026-01-20 14:11:03,104] INFO spindle_dev.index:  Using epsilon-net clustering for block 4
[2026-01-20 14:11:03,126] INFO spindle_dev.index:  Finished block 4 in 0.02 seconds, found 10 clusters.
[2026-01-20 14:11:03,126] INFO spindle_dev.index:  Using epsilon-net clustering for block 5
[2026-01-20 14:11:03,146] INFO spindle_dev.index:  Finished block 5 in 0.02 seconds, found 9 clusters.
[2026-01-20 14:11:03,146] INFO spindle_dev.index:  Using epsilon-net clustering for block 6
[2026-01-20 14:11:03,165] INFO spindle_dev.index:  Finished block 6 in 0.02 seconds, found 8 clusters.
[2026-01-20 14:11:03,165] INFO spindle_dev.index:  Using epsilon-net clustering for block 7
[2026-01-20 14:11:03,190] INFO spindle_dev.index:  Finished block 7 in 0.02 seconds, found 12 clusters.
[2026-01-20 14:11:03,190] INFO spindle_dev.index:  Using epsilon-net clustering for block 8
[2026-01-20 14:11:03,213] INFO spindle_dev.index:  Finished block 8 in 0.02 seconds, found 11 clusters.
[2026-01-20 14:11:03,213] INFO spindle_dev.index:  Using epsilon-net clustering for block 9
[2026-01-20 14:11:03,236] INFO spindle_dev.index:  Finished block 9 in 0.02 seconds, found 10 clusters.
[2026-01-20 14:11:03,236] INFO spindle_dev.index:  Using epsilon-net clustering for block 10
[2026-01-20 14:11:03,258] INFO spindle_dev.index:  Finished block 10 in 0.02 seconds, found 10 clusters.
[2026-01-20 14:11:03,258] INFO spindle_dev.index:  Using epsilon-net clustering for block 11
[2026-01-20 14:11:03,278] INFO spindle_dev.index:  Finished block 11 in 0.02 seconds, found 8 clusters.
[2026-01-20 14:11:03,278] INFO spindle_dev.index:  Using epsilon-net clustering for block 12
[2026-01-20 14:11:03,296] INFO spindle_dev.index:  Finished block 12 in 0.02 seconds, found 7 clusters.
[2026-01-20 14:11:03,296] INFO spindle_dev.index:  Using epsilon-net clustering for block 13
[2026-01-20 14:11:03,315] INFO spindle_dev.index:  Finished block 13 in 0.02 seconds, found 6 clusters.
[2026-01-20 14:11:03,315] INFO spindle_dev.index:  Using epsilon-net clustering for block 14
[2026-01-20 14:11:03,327] INFO spindle_dev.index:  Finished block 14 in 0.01 seconds, found 3 clusters.
[2026-01-20 14:11:03,327] INFO spindle_dev.index:  Using epsilon-net clustering for block 15
[2026-01-20 14:11:03,338] INFO spindle_dev.index:  Finished block 15 in 0.01 seconds, found 1 clusters.
[2026-01-20 14:11:03,338] INFO spindle_dev.index:  Using epsilon-net clustering for block 16
[2026-01-20 14:11:03,347] INFO spindle_dev.index:  Finished block 16 in 0.01 seconds, found 1 clusters.
[2026-01-20 14:11:03,347] INFO spindle_dev.index:  Using epsilon-net clustering for block 17
[2026-01-20 14:11:03,357] INFO spindle_dev.index:  Finished block 17 in 0.01 seconds, found 2 clusters.
[2026-01-20 14:11:03,357] INFO spindle_dev.index:  Using epsilon-net clustering for block 18
[2026-01-20 14:11:03,370] INFO spindle_dev.index:  Finished block 18 in 0.01 seconds, found 4 clusters.
[2026-01-20 14:11:03,370] INFO spindle_dev.index:  Using epsilon-net clustering for block 19
[2026-01-20 14:11:03,382] INFO spindle_dev.index:  Finished block 19 in 0.01 seconds, found 3 clusters.
[2026-01-20 14:11:03,382] INFO spindle_dev.index:  Using epsilon-net clustering for block 20
[2026-01-20 14:11:03,392] INFO spindle_dev.index:  Finished block 20 in 0.01 seconds, found 2 clusters.
[2026-01-20 14:11:03,392] INFO spindle_dev.index:  Using epsilon-net clustering for block 21
[2026-01-20 14:11:03,407] INFO spindle_dev.index:  Finished block 21 in 0.02 seconds, found 1 clusters.
[2026-01-20 14:11:03,407] INFO spindle_dev.index:  Using epsilon-net clustering for block 22
[2026-01-20 14:11:03,419] INFO spindle_dev.index:  Finished block 22 in 0.01 seconds, found 2 clusters.
[2026-01-20 14:11:03,419] INFO spindle_dev.index:  Using epsilon-net clustering for block 23
[2026-01-20 14:11:03,429] INFO spindle_dev.index:  Finished block 23 in 0.01 seconds, found 2 clusters.
[2026-01-20 14:11:03,429] INFO spindle_dev.index:  Using epsilon-net clustering for block 24
[2026-01-20 14:11:03,439] INFO spindle_dev.index:  Finished block 24 in 0.01 seconds, found 2 clusters.
[2026-01-20 14:11:03,439] INFO spindle_dev.index:  Using epsilon-net clustering for block 25
[2026-01-20 14:11:03,448] INFO spindle_dev.index:  Finished block 25 in 0.01 seconds, found 1 clusters.
[2026-01-20 14:11:03,448] INFO spindle_dev.index:  Using epsilon-net clustering for block 26
[2026-01-20 14:11:03,459] INFO spindle_dev.index:  Finished block 26 in 0.01 seconds, found 3 clusters.
[2026-01-20 14:11:03,459] INFO spindle_dev.index:  Using epsilon-net clustering for block 27
[2026-01-20 14:11:03,527] INFO spindle_dev.index:  Finished block 27 in 0.07 seconds, found 7 clusters.
[2026-01-20 14:11:03,527] INFO spindle_dev.index:  Using epsilon-net clustering for block 28
[2026-01-20 14:11:03,544] INFO spindle_dev.index:  Finished block 28 in 0.02 seconds, found 6 clusters.
[2026-01-20 14:11:03,544] INFO spindle_dev.index:  Using epsilon-net clustering for block 29
[2026-01-20 14:11:03,561] INFO spindle_dev.index:  Finished block 29 in 0.02 seconds, found 3 clusters.
[2026-01-20 14:11:03,561] INFO spindle_dev.index: Step 2: Build DAG connections between block clusters.
[2026-01-20 14:11:03,561] INFO spindle_dev.index: Step 2.1: For each layer order the block-clusters by
[2026-01-20 14:11:03,561] INFO spindle_dev.index: Not implemented: ordering block-clusters ? How to order them?
[2026-01-20 14:11:03,561] INFO spindle_dev.index: We will use triangle inequality to order clusters.
[2026-01-20 14:11:03,561] INFO spindle_dev.index: Step 2.2: Connect block-clusters between layers based on co-occurrence in SPDs.
[2026-01-20 14:11:03,565] INFO spindle_dev.index: Check if node global_node_id matches index in nodes list
[2026-01-20 14:11:03,565] INFO spindle_dev.index: Step 2.3: Ordering block-clusters within each layer using log-Euclidean distances.
[2026-01-20 14:11:03,565] INFO spindle_dev.index: Processing cluster 2
[2026-01-20 14:11:03,565] INFO spindle_dev.index: Building SPD index with epsilon=6.086265230593296
[2026-01-20 14:11:03,565] INFO spindle_dev.index: Step 1: Cluster blocks within each class of SPD matrices.
[2026-01-20 14:11:03,578] INFO spindle_dev.index: Cluster 2: 177 SPDs, 26 blocks
[2026-01-20 14:11:03,578] INFO spindle_dev.index:  Using epsilon-net clustering for block 0
[2026-01-20 14:11:03,588] INFO spindle_dev.index:  Finished block 0 in 0.01 seconds, found 4 clusters.
[2026-01-20 14:11:03,588] INFO spindle_dev.index:  Using epsilon-net clustering for block 1
[2026-01-20 14:11:03,600] INFO spindle_dev.index:  Finished block 1 in 0.01 seconds, found 5 clusters.
[2026-01-20 14:11:03,600] INFO spindle_dev.index:  Using epsilon-net clustering for block 2
[2026-01-20 14:11:03,620] INFO spindle_dev.index:  Finished block 2 in 0.02 seconds, found 11 clusters.
[2026-01-20 14:11:03,620] INFO spindle_dev.index:  Using epsilon-net clustering for block 3
[2026-01-20 14:11:03,641] INFO spindle_dev.index:  Finished block 3 in 0.02 seconds, found 12 clusters.
[2026-01-20 14:11:03,642] INFO spindle_dev.index:  Using epsilon-net clustering for block 4
[2026-01-20 14:11:03,665] INFO spindle_dev.index:  Finished block 4 in 0.02 seconds, found 14 clusters.
[2026-01-20 14:11:03,665] INFO spindle_dev.index:  Using epsilon-net clustering for block 5
[2026-01-20 14:11:03,695] INFO spindle_dev.index:  Finished block 5 in 0.03 seconds, found 18 clusters.
[2026-01-20 14:11:03,695] INFO spindle_dev.index:  Using epsilon-net clustering for block 6
[2026-01-20 14:11:03,723] INFO spindle_dev.index:  Finished block 6 in 0.03 seconds, found 17 clusters.
[2026-01-20 14:11:03,723] INFO spindle_dev.index:  Using epsilon-net clustering for block 7
[2026-01-20 14:11:03,748] INFO spindle_dev.index:  Finished block 7 in 0.03 seconds, found 15 clusters.
[2026-01-20 14:11:03,748] INFO spindle_dev.index:  Using epsilon-net clustering for block 8
[2026-01-20 14:11:03,769] INFO spindle_dev.index:  Finished block 8 in 0.02 seconds, found 12 clusters.
[2026-01-20 14:11:03,769] INFO spindle_dev.index:  Using epsilon-net clustering for block 9
[2026-01-20 14:11:03,793] INFO spindle_dev.index:  Finished block 9 in 0.02 seconds, found 14 clusters.
[2026-01-20 14:11:03,793] INFO spindle_dev.index:  Using epsilon-net clustering for block 10
[2026-01-20 14:11:03,819] INFO spindle_dev.index:  Finished block 10 in 0.03 seconds, found 15 clusters.
[2026-01-20 14:11:03,819] INFO spindle_dev.index:  Using epsilon-net clustering for block 11
[2026-01-20 14:11:03,837] INFO spindle_dev.index:  Finished block 11 in 0.02 seconds, found 10 clusters.
[2026-01-20 14:11:03,837] INFO spindle_dev.index:  Using epsilon-net clustering for block 12
[2026-01-20 14:11:03,855] INFO spindle_dev.index:  Finished block 12 in 0.02 seconds, found 9 clusters.
[2026-01-20 14:11:03,855] INFO spindle_dev.index:  Using epsilon-net clustering for block 13
[2026-01-20 14:11:03,864] INFO spindle_dev.index:  Finished block 13 in 0.01 seconds, found 3 clusters.
[2026-01-20 14:11:03,864] INFO spindle_dev.index:  Using epsilon-net clustering for block 14
[2026-01-20 14:11:03,877] INFO spindle_dev.index:  Finished block 14 in 0.01 seconds, found 3 clusters.
[2026-01-20 14:11:03,878] INFO spindle_dev.index:  Using epsilon-net clustering for block 15
[2026-01-20 14:11:03,884] INFO spindle_dev.index:  Finished block 15 in 0.01 seconds, found 1 clusters.
[2026-01-20 14:11:03,884] INFO spindle_dev.index:  Using epsilon-net clustering for block 16
[2026-01-20 14:11:03,903] INFO spindle_dev.index:  Finished block 16 in 0.02 seconds, found 2 clusters.
[2026-01-20 14:11:03,904] INFO spindle_dev.index:  Using epsilon-net clustering for block 17
[2026-01-20 14:11:03,916] INFO spindle_dev.index:  Finished block 17 in 0.01 seconds, found 1 clusters.
[2026-01-20 14:11:03,916] INFO spindle_dev.index:  Using epsilon-net clustering for block 18
[2026-01-20 14:11:03,927] INFO spindle_dev.index:  Finished block 18 in 0.01 seconds, found 3 clusters.
[2026-01-20 14:11:03,927] INFO spindle_dev.index:  Using epsilon-net clustering for block 19
[2026-01-20 14:11:03,947] INFO spindle_dev.index:  Finished block 19 in 0.02 seconds, found 2 clusters.
[2026-01-20 14:11:03,947] INFO spindle_dev.index:  Using epsilon-net clustering for block 20
[2026-01-20 14:11:03,957] INFO spindle_dev.index:  Finished block 20 in 0.01 seconds, found 1 clusters.
[2026-01-20 14:11:03,957] INFO spindle_dev.index:  Using epsilon-net clustering for block 21
[2026-01-20 14:11:04,000] INFO spindle_dev.index:  Finished block 21 in 0.04 seconds, found 4 clusters.
[2026-01-20 14:11:04,001] INFO spindle_dev.index:  Using epsilon-net clustering for block 22
[2026-01-20 14:11:04,009] INFO spindle_dev.index:  Finished block 22 in 0.01 seconds, found 1 clusters.
[2026-01-20 14:11:04,009] INFO spindle_dev.index:  Using epsilon-net clustering for block 23
[2026-01-20 14:11:04,017] INFO spindle_dev.index:  Finished block 23 in 0.01 seconds, found 1 clusters.
[2026-01-20 14:11:04,017] INFO spindle_dev.index:  Using epsilon-net clustering for block 24
[2026-01-20 14:11:04,028] INFO spindle_dev.index:  Finished block 24 in 0.01 seconds, found 1 clusters.
[2026-01-20 14:11:04,028] INFO spindle_dev.index:  Using epsilon-net clustering for block 25
[2026-01-20 14:11:04,044] INFO spindle_dev.index:  Finished block 25 in 0.02 seconds, found 4 clusters.
[2026-01-20 14:11:04,044] INFO spindle_dev.index: Step 2: Build DAG connections between block clusters.
[2026-01-20 14:11:04,044] INFO spindle_dev.index: Step 2.1: For each layer order the block-clusters by
[2026-01-20 14:11:04,044] INFO spindle_dev.index: Not implemented: ordering block-clusters ? How to order them?
[2026-01-20 14:11:04,044] INFO spindle_dev.index: We will use triangle inequality to order clusters.
[2026-01-20 14:11:04,044] INFO spindle_dev.index: Step 2.2: Connect block-clusters between layers based on co-occurrence in SPDs.
[2026-01-20 14:11:04,047] INFO spindle_dev.index: Check if node global_node_id matches index in nodes list
[2026-01-20 14:11:04,047] INFO spindle_dev.index: Step 2.3: Ordering block-clusters within each layer using log-Euclidean distances.
[2026-01-20 14:11:04,047] INFO spindle_dev.index: Processing cluster 3
[2026-01-20 14:11:04,047] INFO spindle_dev.index: Building SPD index with epsilon=5.8950403735406995
[2026-01-20 14:11:04,047] INFO spindle_dev.index: Step 1: Cluster blocks within each class of SPD matrices.
[2026-01-20 14:11:04,056] INFO spindle_dev.index: Cluster 3: 122 SPDs, 26 blocks
[2026-01-20 14:11:04,056] INFO spindle_dev.index:  Using epsilon-net clustering for block 0
[2026-01-20 14:11:04,064] INFO spindle_dev.index:  Finished block 0 in 0.01 seconds, found 4 clusters.
[2026-01-20 14:11:04,064] INFO spindle_dev.index:  Using epsilon-net clustering for block 1
[2026-01-20 14:11:04,074] INFO spindle_dev.index:  Finished block 1 in 0.01 seconds, found 7 clusters.
[2026-01-20 14:11:04,074] INFO spindle_dev.index:  Using epsilon-net clustering for block 2
[2026-01-20 14:11:04,083] INFO spindle_dev.index:  Finished block 2 in 0.01 seconds, found 7 clusters.
[2026-01-20 14:11:04,083] INFO spindle_dev.index:  Using epsilon-net clustering for block 3
[2026-01-20 14:11:04,096] INFO spindle_dev.index:  Finished block 3 in 0.01 seconds, found 11 clusters.
[2026-01-20 14:11:04,096] INFO spindle_dev.index:  Using epsilon-net clustering for block 4
[2026-01-20 14:11:04,111] INFO spindle_dev.index:  Finished block 4 in 0.01 seconds, found 12 clusters.
[2026-01-20 14:11:04,111] INFO spindle_dev.index:  Using epsilon-net clustering for block 5
[2026-01-20 14:11:04,128] INFO spindle_dev.index:  Finished block 5 in 0.02 seconds, found 15 clusters.
[2026-01-20 14:11:04,128] INFO spindle_dev.index:  Using epsilon-net clustering for block 6
[2026-01-20 14:11:04,150] INFO spindle_dev.index:  Finished block 6 in 0.02 seconds, found 19 clusters.
[2026-01-20 14:11:04,150] INFO spindle_dev.index:  Using epsilon-net clustering for block 7
[2026-01-20 14:11:04,173] INFO spindle_dev.index:  Finished block 7 in 0.02 seconds, found 21 clusters.
[2026-01-20 14:11:04,173] INFO spindle_dev.index:  Using epsilon-net clustering for block 8
[2026-01-20 14:11:04,196] INFO spindle_dev.index:  Finished block 8 in 0.02 seconds, found 20 clusters.
[2026-01-20 14:11:04,196] INFO spindle_dev.index:  Using epsilon-net clustering for block 9
[2026-01-20 14:11:04,216] INFO spindle_dev.index:  Finished block 9 in 0.02 seconds, found 18 clusters.
[2026-01-20 14:11:04,216] INFO spindle_dev.index:  Using epsilon-net clustering for block 10
[2026-01-20 14:11:04,246] INFO spindle_dev.index:  Finished block 10 in 0.03 seconds, found 25 clusters.
[2026-01-20 14:11:04,246] INFO spindle_dev.index:  Using epsilon-net clustering for block 11
[2026-01-20 14:11:04,263] INFO spindle_dev.index:  Finished block 11 in 0.02 seconds, found 15 clusters.
[2026-01-20 14:11:04,263] INFO spindle_dev.index:  Using epsilon-net clustering for block 12
[2026-01-20 14:11:04,273] INFO spindle_dev.index:  Finished block 12 in 0.01 seconds, found 7 clusters.
[2026-01-20 14:11:04,274] INFO spindle_dev.index:  Using epsilon-net clustering for block 13
[2026-01-20 14:11:04,295] INFO spindle_dev.index:  Finished block 13 in 0.02 seconds, found 16 clusters.
[2026-01-20 14:11:04,295] INFO spindle_dev.index:  Using epsilon-net clustering for block 14
[2026-01-20 14:11:04,306] INFO spindle_dev.index:  Finished block 14 in 0.01 seconds, found 8 clusters.
[2026-01-20 14:11:04,306] INFO spindle_dev.index:  Using epsilon-net clustering for block 15
[2026-01-20 14:11:04,313] INFO spindle_dev.index:  Finished block 15 in 0.01 seconds, found 4 clusters.
[2026-01-20 14:11:04,313] INFO spindle_dev.index:  Using epsilon-net clustering for block 16
[2026-01-20 14:11:04,321] INFO spindle_dev.index:  Finished block 16 in 0.01 seconds, found 4 clusters.
[2026-01-20 14:11:04,321] INFO spindle_dev.index:  Using epsilon-net clustering for block 17
[2026-01-20 14:11:04,327] INFO spindle_dev.index:  Finished block 17 in 0.01 seconds, found 2 clusters.
[2026-01-20 14:11:04,327] INFO spindle_dev.index:  Using epsilon-net clustering for block 18
[2026-01-20 14:11:04,333] INFO spindle_dev.index:  Finished block 18 in 0.01 seconds, found 2 clusters.
[2026-01-20 14:11:04,333] INFO spindle_dev.index:  Using epsilon-net clustering for block 19
[2026-01-20 14:11:04,345] INFO spindle_dev.index:  Finished block 19 in 0.01 seconds, found 4 clusters.
[2026-01-20 14:11:04,345] INFO spindle_dev.index:  Using epsilon-net clustering for block 20
[2026-01-20 14:11:04,352] INFO spindle_dev.index:  Finished block 20 in 0.01 seconds, found 2 clusters.
[2026-01-20 14:11:04,352] INFO spindle_dev.index:  Using epsilon-net clustering for block 21
[2026-01-20 14:11:04,362] INFO spindle_dev.index:  Finished block 21 in 0.01 seconds, found 3 clusters.
[2026-01-20 14:11:04,362] INFO spindle_dev.index:  Using epsilon-net clustering for block 22
[2026-01-20 14:11:04,374] INFO spindle_dev.index:  Finished block 22 in 0.01 seconds, found 3 clusters.
[2026-01-20 14:11:04,374] INFO spindle_dev.index:  Using epsilon-net clustering for block 23
[2026-01-20 14:11:04,394] INFO spindle_dev.index:  Finished block 23 in 0.02 seconds, found 2 clusters.
[2026-01-20 14:11:04,394] INFO spindle_dev.index:  Using epsilon-net clustering for block 24
[2026-01-20 14:11:04,402] INFO spindle_dev.index:  Finished block 24 in 0.01 seconds, found 2 clusters.
[2026-01-20 14:11:04,402] INFO spindle_dev.index:  Using epsilon-net clustering for block 25
[2026-01-20 14:11:04,433] INFO spindle_dev.index:  Finished block 25 in 0.03 seconds, found 5 clusters.
[2026-01-20 14:11:04,433] INFO spindle_dev.index: Step 2: Build DAG connections between block clusters.
[2026-01-20 14:11:04,433] INFO spindle_dev.index: Step 2.1: For each layer order the block-clusters by
[2026-01-20 14:11:04,433] INFO spindle_dev.index: Not implemented: ordering block-clusters ? How to order them?
[2026-01-20 14:11:04,433] INFO spindle_dev.index: We will use triangle inequality to order clusters.
[2026-01-20 14:11:04,433] INFO spindle_dev.index: Step 2.2: Connect block-clusters between layers based on co-occurrence in SPDs.
[2026-01-20 14:11:04,436] INFO spindle_dev.index: Check if node global_node_id matches index in nodes list
[2026-01-20 14:11:04,436] INFO spindle_dev.index: Step 2.3: Ordering block-clusters within each layer using log-Euclidean distances.
[2026-01-20 14:11:04,436] INFO spindle_dev.index: Processing cluster 4
[2026-01-20 14:11:04,436] INFO spindle_dev.index: Building SPD index with epsilon=8.06822025162069
[2026-01-20 14:11:04,436] INFO spindle_dev.index: Step 1: Cluster blocks within each class of SPD matrices.
[2026-01-20 14:11:04,444] INFO spindle_dev.index: Cluster 4: 106 SPDs, 24 blocks
[2026-01-20 14:11:04,444] INFO spindle_dev.index:  Using epsilon-net clustering for block 0
[2026-01-20 14:11:04,449] INFO spindle_dev.index:  Finished block 0 in 0.00 seconds, found 1 clusters.
[2026-01-20 14:11:04,449] INFO spindle_dev.index:  Using epsilon-net clustering for block 1
[2026-01-20 14:11:04,453] INFO spindle_dev.index:  Finished block 1 in 0.00 seconds, found 2 clusters.
[2026-01-20 14:11:04,453] INFO spindle_dev.index:  Using epsilon-net clustering for block 2
[2026-01-20 14:11:04,458] INFO spindle_dev.index:  Finished block 2 in 0.00 seconds, found 2 clusters.
[2026-01-20 14:11:04,458] INFO spindle_dev.index:  Using epsilon-net clustering for block 3
[2026-01-20 14:11:04,464] INFO spindle_dev.index:  Finished block 3 in 0.01 seconds, found 3 clusters.
[2026-01-20 14:11:04,464] INFO spindle_dev.index:  Using epsilon-net clustering for block 4
[2026-01-20 14:11:04,469] INFO spindle_dev.index:  Finished block 4 in 0.01 seconds, found 3 clusters.
[2026-01-20 14:11:04,469] INFO spindle_dev.index:  Using epsilon-net clustering for block 5
[2026-01-20 14:11:04,475] INFO spindle_dev.index:  Finished block 5 in 0.01 seconds, found 3 clusters.
[2026-01-20 14:11:04,475] INFO spindle_dev.index:  Using epsilon-net clustering for block 6
[2026-01-20 14:11:04,480] INFO spindle_dev.index:  Finished block 6 in 0.00 seconds, found 2 clusters.
[2026-01-20 14:11:04,480] INFO spindle_dev.index:  Using epsilon-net clustering for block 7
[2026-01-20 14:11:04,486] INFO spindle_dev.index:  Finished block 7 in 0.01 seconds, found 3 clusters.
[2026-01-20 14:11:04,486] INFO spindle_dev.index:  Using epsilon-net clustering for block 8
[2026-01-20 14:11:04,491] INFO spindle_dev.index:  Finished block 8 in 0.01 seconds, found 3 clusters.
[2026-01-20 14:11:04,491] INFO spindle_dev.index:  Using epsilon-net clustering for block 9
[2026-01-20 14:11:04,497] INFO spindle_dev.index:  Finished block 9 in 0.01 seconds, found 2 clusters.
[2026-01-20 14:11:04,497] INFO spindle_dev.index:  Using epsilon-net clustering for block 10
[2026-01-20 14:11:04,503] INFO spindle_dev.index:  Finished block 10 in 0.01 seconds, found 2 clusters.
[2026-01-20 14:11:04,503] INFO spindle_dev.index:  Using epsilon-net clustering for block 11
[2026-01-20 14:11:04,509] INFO spindle_dev.index:  Finished block 11 in 0.01 seconds, found 1 clusters.
[2026-01-20 14:11:04,509] INFO spindle_dev.index:  Using epsilon-net clustering for block 12
[2026-01-20 14:11:04,515] INFO spindle_dev.index:  Finished block 12 in 0.01 seconds, found 3 clusters.
[2026-01-20 14:11:04,515] INFO spindle_dev.index:  Using epsilon-net clustering for block 13
[2026-01-20 14:11:04,542] INFO spindle_dev.index:  Finished block 13 in 0.03 seconds, found 4 clusters.
[2026-01-20 14:11:04,542] INFO spindle_dev.index:  Using epsilon-net clustering for block 14
[2026-01-20 14:11:04,549] INFO spindle_dev.index:  Finished block 14 in 0.01 seconds, found 2 clusters.
[2026-01-20 14:11:04,549] INFO spindle_dev.index:  Using epsilon-net clustering for block 15
[2026-01-20 14:11:04,584] INFO spindle_dev.index:  Finished block 15 in 0.03 seconds, found 11 clusters.
[2026-01-20 14:11:04,584] INFO spindle_dev.index:  Using epsilon-net clustering for block 16
[2026-01-20 14:11:04,590] INFO spindle_dev.index:  Finished block 16 in 0.01 seconds, found 2 clusters.
[2026-01-20 14:11:04,590] INFO spindle_dev.index:  Using epsilon-net clustering for block 17
[2026-01-20 14:11:04,595] INFO spindle_dev.index:  Finished block 17 in 0.01 seconds, found 2 clusters.
[2026-01-20 14:11:04,595] INFO spindle_dev.index:  Using epsilon-net clustering for block 18
[2026-01-20 14:11:04,604] INFO spindle_dev.index:  Finished block 18 in 0.01 seconds, found 2 clusters.
[2026-01-20 14:11:04,604] INFO spindle_dev.index:  Using epsilon-net clustering for block 19
[2026-01-20 14:11:04,611] INFO spindle_dev.index:  Finished block 19 in 0.01 seconds, found 3 clusters.
[2026-01-20 14:11:04,611] INFO spindle_dev.index:  Using epsilon-net clustering for block 20
[2026-01-20 14:11:04,616] INFO spindle_dev.index:  Finished block 20 in 0.01 seconds, found 3 clusters.
[2026-01-20 14:11:04,616] INFO spindle_dev.index:  Using epsilon-net clustering for block 21
[2026-01-20 14:11:04,624] INFO spindle_dev.index:  Finished block 21 in 0.01 seconds, found 2 clusters.
[2026-01-20 14:11:04,625] INFO spindle_dev.index:  Using epsilon-net clustering for block 22
[2026-01-20 14:11:04,632] INFO spindle_dev.index:  Finished block 22 in 0.01 seconds, found 2 clusters.
[2026-01-20 14:11:04,632] INFO spindle_dev.index:  Using epsilon-net clustering for block 23
[2026-01-20 14:11:04,641] INFO spindle_dev.index:  Finished block 23 in 0.01 seconds, found 3 clusters.
[2026-01-20 14:11:04,641] INFO spindle_dev.index: Step 2: Build DAG connections between block clusters.
[2026-01-20 14:11:04,641] INFO spindle_dev.index: Step 2.1: For each layer order the block-clusters by
[2026-01-20 14:11:04,641] INFO spindle_dev.index: Not implemented: ordering block-clusters ? How to order them?
[2026-01-20 14:11:04,641] INFO spindle_dev.index: We will use triangle inequality to order clusters.
[2026-01-20 14:11:04,641] INFO spindle_dev.index: Step 2.2: Connect block-clusters between layers based on co-occurrence in SPDs.
[2026-01-20 14:11:04,642] INFO spindle_dev.index: Check if node global_node_id matches index in nodes list
[2026-01-20 14:11:04,642] INFO spindle_dev.index: Step 2.3: Ordering block-clusters within each layer using log-Euclidean distances.
[2026-01-20 14:11:04,642] INFO spindle_dev.index: Processing cluster 5
[2026-01-20 14:11:04,642] INFO spindle_dev.index: Building SPD index with epsilon=7.23115036152569
[2026-01-20 14:11:04,642] INFO spindle_dev.index: Step 1: Cluster blocks within each class of SPD matrices.
[2026-01-20 14:11:04,649] INFO spindle_dev.index: Cluster 5: 101 SPDs, 28 blocks
[2026-01-20 14:11:04,649] INFO spindle_dev.index:  Using epsilon-net clustering for block 0
[2026-01-20 14:11:04,653] INFO spindle_dev.index:  Finished block 0 in 0.00 seconds, found 1 clusters.
[2026-01-20 14:11:04,654] INFO spindle_dev.index:  Using epsilon-net clustering for block 1
[2026-01-20 14:11:04,658] INFO spindle_dev.index:  Finished block 1 in 0.00 seconds, found 2 clusters.
[2026-01-20 14:11:04,658] INFO spindle_dev.index:  Using epsilon-net clustering for block 2
[2026-01-20 14:11:04,664] INFO spindle_dev.index:  Finished block 2 in 0.01 seconds, found 4 clusters.
[2026-01-20 14:11:04,664] INFO spindle_dev.index:  Using epsilon-net clustering for block 3
[2026-01-20 14:11:04,670] INFO spindle_dev.index:  Finished block 3 in 0.01 seconds, found 4 clusters.
[2026-01-20 14:11:04,670] INFO spindle_dev.index:  Using epsilon-net clustering for block 4
[2026-01-20 14:11:04,677] INFO spindle_dev.index:  Finished block 4 in 0.01 seconds, found 5 clusters.
[2026-01-20 14:11:04,677] INFO spindle_dev.index:  Using epsilon-net clustering for block 5
[2026-01-20 14:11:04,683] INFO spindle_dev.index:  Finished block 5 in 0.01 seconds, found 5 clusters.
[2026-01-20 14:11:04,683] INFO spindle_dev.index:  Using epsilon-net clustering for block 6
[2026-01-20 14:11:04,691] INFO spindle_dev.index:  Finished block 6 in 0.01 seconds, found 6 clusters.
[2026-01-20 14:11:04,691] INFO spindle_dev.index:  Using epsilon-net clustering for block 7
[2026-01-20 14:11:04,698] INFO spindle_dev.index:  Finished block 7 in 0.01 seconds, found 5 clusters.
[2026-01-20 14:11:04,698] INFO spindle_dev.index:  Using epsilon-net clustering for block 8
[2026-01-20 14:11:04,705] INFO spindle_dev.index:  Finished block 8 in 0.01 seconds, found 5 clusters.
[2026-01-20 14:11:04,705] INFO spindle_dev.index:  Using epsilon-net clustering for block 9
[2026-01-20 14:11:04,712] INFO spindle_dev.index:  Finished block 9 in 0.01 seconds, found 4 clusters.
[2026-01-20 14:11:04,712] INFO spindle_dev.index:  Using epsilon-net clustering for block 10
[2026-01-20 14:11:04,717] INFO spindle_dev.index:  Finished block 10 in 0.01 seconds, found 3 clusters.
[2026-01-20 14:11:04,717] INFO spindle_dev.index:  Using epsilon-net clustering for block 11
[2026-01-20 14:11:04,724] INFO spindle_dev.index:  Finished block 11 in 0.01 seconds, found 5 clusters.
[2026-01-20 14:11:04,724] INFO spindle_dev.index:  Using epsilon-net clustering for block 12
[2026-01-20 14:11:04,730] INFO spindle_dev.index:  Finished block 12 in 0.01 seconds, found 3 clusters.
[2026-01-20 14:11:04,730] INFO spindle_dev.index:  Using epsilon-net clustering for block 13
[2026-01-20 14:11:04,736] INFO spindle_dev.index:  Finished block 13 in 0.01 seconds, found 1 clusters.
[2026-01-20 14:11:04,736] INFO spindle_dev.index:  Using epsilon-net clustering for block 14
[2026-01-20 14:11:04,746] INFO spindle_dev.index:  Finished block 14 in 0.01 seconds, found 4 clusters.
[2026-01-20 14:11:04,746] INFO spindle_dev.index:  Using epsilon-net clustering for block 15
[2026-01-20 14:11:04,753] INFO spindle_dev.index:  Finished block 15 in 0.01 seconds, found 5 clusters.
[2026-01-20 14:11:04,753] INFO spindle_dev.index:  Using epsilon-net clustering for block 16
[2026-01-20 14:11:04,758] INFO spindle_dev.index:  Finished block 16 in 0.00 seconds, found 2 clusters.
[2026-01-20 14:11:04,758] INFO spindle_dev.index:  Using epsilon-net clustering for block 17
[2026-01-20 14:11:04,764] INFO spindle_dev.index:  Finished block 17 in 0.01 seconds, found 2 clusters.
[2026-01-20 14:11:04,764] INFO spindle_dev.index:  Using epsilon-net clustering for block 18
[2026-01-20 14:11:04,772] INFO spindle_dev.index:  Finished block 18 in 0.01 seconds, found 3 clusters.
[2026-01-20 14:11:04,772] INFO spindle_dev.index:  Using epsilon-net clustering for block 19
[2026-01-20 14:11:04,778] INFO spindle_dev.index:  Finished block 19 in 0.01 seconds, found 1 clusters.
[2026-01-20 14:11:04,778] INFO spindle_dev.index:  Using epsilon-net clustering for block 20
[2026-01-20 14:11:04,784] INFO spindle_dev.index:  Finished block 20 in 0.01 seconds, found 4 clusters.
[2026-01-20 14:11:04,784] INFO spindle_dev.index:  Using epsilon-net clustering for block 21
[2026-01-20 14:11:04,791] INFO spindle_dev.index:  Finished block 21 in 0.01 seconds, found 4 clusters.
[2026-01-20 14:11:04,791] INFO spindle_dev.index:  Using epsilon-net clustering for block 22
[2026-01-20 14:11:04,800] INFO spindle_dev.index:  Finished block 22 in 0.01 seconds, found 2 clusters.
[2026-01-20 14:11:04,800] INFO spindle_dev.index:  Using epsilon-net clustering for block 23
[2026-01-20 14:11:04,806] INFO spindle_dev.index:  Finished block 23 in 0.01 seconds, found 2 clusters.
[2026-01-20 14:11:04,806] INFO spindle_dev.index:  Using epsilon-net clustering for block 24
[2026-01-20 14:11:04,813] INFO spindle_dev.index:  Finished block 24 in 0.01 seconds, found 3 clusters.
[2026-01-20 14:11:04,813] INFO spindle_dev.index:  Using epsilon-net clustering for block 25
[2026-01-20 14:11:04,817] INFO spindle_dev.index:  Finished block 25 in 0.00 seconds, found 1 clusters.
[2026-01-20 14:11:04,817] INFO spindle_dev.index:  Using epsilon-net clustering for block 26
[2026-01-20 14:11:04,821] INFO spindle_dev.index:  Finished block 26 in 0.00 seconds, found 1 clusters.
[2026-01-20 14:11:04,821] INFO spindle_dev.index:  Using epsilon-net clustering for block 27
[2026-01-20 14:11:04,855] INFO spindle_dev.index:  Finished block 27 in 0.03 seconds, found 10 clusters.
[2026-01-20 14:11:04,855] INFO spindle_dev.index: Step 2: Build DAG connections between block clusters.
[2026-01-20 14:11:04,855] INFO spindle_dev.index: Step 2.1: For each layer order the block-clusters by
[2026-01-20 14:11:04,855] INFO spindle_dev.index: Not implemented: ordering block-clusters ? How to order them?
[2026-01-20 14:11:04,855] INFO spindle_dev.index: We will use triangle inequality to order clusters.
[2026-01-20 14:11:04,855] INFO spindle_dev.index: Step 2.2: Connect block-clusters between layers based on co-occurrence in SPDs.
[2026-01-20 14:11:04,857] INFO spindle_dev.index: Check if node global_node_id matches index in nodes list
[2026-01-20 14:11:04,857] INFO spindle_dev.index: Step 2.3: Ordering block-clusters within each layer using log-Euclidean distances.
[2026-01-20 14:11:04,918] INFO spindle_dev.test: Built ground-truth paths for 229 SPDs in cluster 0 across 28 blocks.
[2026-01-20 14:11:04,972] INFO spindle_dev.test: Built ground-truth paths for 212 SPDs in cluster 1 across 30 blocks.
[2026-01-20 14:11:05,006] INFO spindle_dev.test: Built ground-truth paths for 177 SPDs in cluster 2 across 26 blocks.
[2026-01-20 14:11:05,026] INFO spindle_dev.test: Built ground-truth paths for 122 SPDs in cluster 3 across 26 blocks.
[2026-01-20 14:11:05,037] INFO spindle_dev.test: Built ground-truth paths for 106 SPDs in cluster 4 across 24 blocks.
[2026-01-20 14:11:05,049] INFO spindle_dev.test: Built ground-truth paths for 101 SPDs in cluster 5 across 28 blocks.
[2026-01-20 14:11:37,492] INFO spindle_dev.index: Clustering SPD-s using 'tree' distance.
[2026-01-20 14:11:37,493] INFO spindle_dev.index: Building ultrametric features from SPD matrices.
/panfs/accrepfs.vampire/home/sarkah1/miniforge3/envs/spatial/lib/python3.10/site-packages/scipy/cluster/hierarchy.py:1673: RuntimeWarning: invalid value encountered in scalar divide
  c = xp.sum(numerator) / xp.sqrt(xp.sum(denomA) * xp.sum(denomB))
[2026-01-20 14:12:52,672] INFO spindle_dev.index: Computing latent features from the tree representations.
[2026-01-20 14:12:59,675] INFO spindle_dev.index: Reducing latent features to 30 dimensions using PCA.
[2026-01-20 14:13:16,383] INFO spindle_dev.index: Explained variance ratios by PCA components: [0.03411894 0.02578561 0.01285703 0.00938737 0.00588084 0.00551661
 0.00453925 0.00377464 0.00356478 0.00307318 0.00273169 0.0026462
 0.00263546 0.00248134 0.00241321 0.00210543 0.00208783 0.00205712
 0.0020324  0.00196088 0.00191746 0.00189922 0.00186625 0.00184357
 0.00182782 0.00181393 0.00176957 0.00176038 0.00173033 0.00172268]
[2026-01-20 14:13:16,383] INFO spindle_dev.index: Reducing latent features to 2 dimensions using UMAP.
/panfs/accrepfs.vampire/home/sarkah1/miniforge3/envs/spatial/lib/python3.10/site-packages/umap/umap_.py:1952: UserWarning: n_jobs value 1 overridden to 1 by setting random_state. Use no seed for parallelism.
  warn(
[2026-01-20 14:13:43,666] INFO spindle_dev.index: Clustering SPD-s using 'tree' distance.
[2026-01-20 14:13:43,666] INFO spindle_dev.index: Clustering SPD matrices using Leiden clustering with resolution 0.50.
[2026-01-20 14:13:50,212] INFO spindle_dev.index: Since clustering method is tree, I am going to find global order per cluster
[2026-01-20 14:13:50,213] INFO spindle_dev.index: Finding consensus tree for cluster 0
[2026-01-20 14:13:51,733] INFO spindle_dev.index: Finding consensus tree for cluster 1
[2026-01-20 14:13:52,511] INFO spindle_dev.index: Finding consensus tree for cluster 2
[2026-01-20 14:13:53,023] INFO spindle_dev.index: Finding consensus tree for cluster 3
[2026-01-20 14:13:53,710] INFO spindle_dev.index: Finding consensus tree for cluster 4
[2026-01-20 14:13:53,923] INFO spindle_dev.index: Finding consensus tree for cluster 5
[2026-01-20 14:13:54,159] INFO spindle_dev.index: Finding consensus tree for cluster 6
[2026-01-20 14:13:54,259] INFO spindle_dev.index: Finding consensus tree for cluster 7
[2026-01-20 14:13:59,417] INFO spindle_dev.index: Computing mean correlation matrix for cluster 0
[2026-01-20 14:14:04,611] INFO spindle_dev.index: Computing mean correlation matrix for cluster 1
[2026-01-20 14:14:09,114] INFO spindle_dev.index: Computing mean correlation matrix for cluster 2
[2026-01-20 14:14:11,651] INFO spindle_dev.index: Computing mean correlation matrix for cluster 3
[2026-01-20 14:14:14,088] INFO spindle_dev.index: Computing mean correlation matrix for cluster 4
[2026-01-20 14:14:16,058] INFO spindle_dev.index: Computing mean correlation matrix for cluster 5
[2026-01-20 14:14:16,818] INFO spindle_dev.index: Computing mean correlation matrix for cluster 6
[2026-01-20 14:14:17,501] INFO spindle_dev.index: Computing mean correlation matrix for cluster 7
[2026-01-20 14:14:17,558] INFO spindle_dev.index: Finding adaptive block runs for cluster 0
[2026-01-20 14:14:18,173] INFO spindle_dev.index:  Chose t=0.8632246875507528 resulting in 354 blocks instead of 242 blocks would have gotten by default
[2026-01-20 14:14:18,259] INFO spindle_dev.index:  Final block runs for cluster 0: 36 blocks.
[2026-01-20 14:14:18,259] INFO spindle_dev.index: Finding adaptive block runs for cluster 1
[2026-01-20 14:14:18,889] INFO spindle_dev.index:  Chose t=0.8421314547071789 resulting in 370 blocks instead of 245 blocks would have gotten by default
[2026-01-20 14:14:18,988] INFO spindle_dev.index:  Final block runs for cluster 1: 36 blocks.
[2026-01-20 14:14:18,988] INFO spindle_dev.index: Finding adaptive block runs for cluster 2
[2026-01-20 14:14:19,613] INFO spindle_dev.index:  Chose t=0.8416540402268181 resulting in 331 blocks instead of 226 blocks would have gotten by default
[2026-01-20 14:14:19,692] INFO spindle_dev.index:  Final block runs for cluster 2: 35 blocks.
[2026-01-20 14:14:19,692] INFO spindle_dev.index: Finding adaptive block runs for cluster 3
[2026-01-20 14:14:20,323] INFO spindle_dev.index:  Chose t=0.8631705570040082 resulting in 387 blocks instead of 270 blocks would have gotten by default
[2026-01-20 14:14:20,426] INFO spindle_dev.index:  Final block runs for cluster 3: 38 blocks.
[2026-01-20 14:14:20,426] INFO spindle_dev.index: Finding adaptive block runs for cluster 4
[2026-01-20 14:14:21,049] INFO spindle_dev.index:  Chose t=0.784655953570506 resulting in 383 blocks instead of 205 blocks would have gotten by default
[2026-01-20 14:14:21,149] INFO spindle_dev.index:  Final block runs for cluster 4: 39 blocks.
[2026-01-20 14:14:21,149] INFO spindle_dev.index: Finding adaptive block runs for cluster 5
[2026-01-20 14:14:21,775] INFO spindle_dev.index:  Chose t=0.8552197331616531 resulting in 326 blocks instead of 208 blocks would have gotten by default
[2026-01-20 14:14:21,847] INFO spindle_dev.index:  Final block runs for cluster 5: 35 blocks.
[2026-01-20 14:14:21,848] INFO spindle_dev.index: Finding adaptive block runs for cluster 6
[2026-01-20 14:14:22,473] INFO spindle_dev.index:  Chose t=0.8304446409718929 resulting in 368 blocks instead of 241 blocks would have gotten by default
[2026-01-20 14:14:22,565] INFO spindle_dev.index:  Final block runs for cluster 6: 38 blocks.
[2026-01-20 14:14:22,565] INFO spindle_dev.index: Finding adaptive block runs for cluster 7
[2026-01-20 14:14:22,842] INFO spindle_dev.index:  Chose t=0.9705885179838508 resulting in 339 blocks instead of 459 blocks would have gotten by default
[2026-01-20 14:14:22,921] INFO spindle_dev.index:  Final block runs for cluster 7: 19 blocks.
[2026-01-20 14:15:13,692] INFO spindle_dev.index: Processing cluster 0
[2026-01-20 14:15:13,692] INFO spindle_dev.index: Building SPD index with epsilon=6.102528174732648
[2026-01-20 14:15:13,692] INFO spindle_dev.index: Step 1: Cluster blocks within each class of SPD matrices.
[2026-01-20 14:15:14,556] INFO spindle_dev.index: Cluster 0: 3053 SPDs, 36 blocks
[2026-01-20 14:15:14,556] INFO spindle_dev.index:  Using epsilon-net clustering for block 0
[2026-01-20 14:15:14,674] INFO spindle_dev.index:  Finished block 0 in 0.12 seconds, found 2 clusters.
[2026-01-20 14:15:14,675] INFO spindle_dev.index:  Using epsilon-net clustering for block 1
[2026-01-20 14:15:14,895] INFO spindle_dev.index:  Finished block 1 in 0.22 seconds, found 6 clusters.
[2026-01-20 14:15:14,895] INFO spindle_dev.index:  Using epsilon-net clustering for block 2
[2026-01-20 14:15:15,062] INFO spindle_dev.index:  Finished block 2 in 0.17 seconds, found 4 clusters.
[2026-01-20 14:15:15,063] INFO spindle_dev.index:  Using epsilon-net clustering for block 3
[2026-01-20 14:15:15,239] INFO spindle_dev.index:  Finished block 3 in 0.18 seconds, found 4 clusters.
[2026-01-20 14:15:15,239] INFO spindle_dev.index:  Using epsilon-net clustering for block 4
[2026-01-20 14:15:15,564] INFO spindle_dev.index:  Finished block 4 in 0.32 seconds, found 10 clusters.
[2026-01-20 14:15:15,564] INFO spindle_dev.index:  Using epsilon-net clustering for block 5
[2026-01-20 14:15:15,935] INFO spindle_dev.index:  Finished block 5 in 0.37 seconds, found 10 clusters.
[2026-01-20 14:15:15,936] INFO spindle_dev.index:  Using epsilon-net clustering for block 6
[2026-01-20 14:15:16,280] INFO spindle_dev.index:  Finished block 6 in 0.34 seconds, found 11 clusters.
[2026-01-20 14:15:16,281] INFO spindle_dev.index:  Using epsilon-net clustering for block 7
[2026-01-20 14:15:16,618] INFO spindle_dev.index:  Finished block 7 in 0.34 seconds, found 11 clusters.
[2026-01-20 14:15:16,619] INFO spindle_dev.index:  Using epsilon-net clustering for block 8
[2026-01-20 14:15:16,990] INFO spindle_dev.index:  Finished block 8 in 0.37 seconds, found 12 clusters.
[2026-01-20 14:15:16,990] INFO spindle_dev.index:  Using epsilon-net clustering for block 9
[2026-01-20 14:15:17,357] INFO spindle_dev.index:  Finished block 9 in 0.37 seconds, found 12 clusters.
[2026-01-20 14:15:17,357] INFO spindle_dev.index:  Using epsilon-net clustering for block 10
[2026-01-20 14:15:17,803] INFO spindle_dev.index:  Finished block 10 in 0.45 seconds, found 15 clusters.
[2026-01-20 14:15:17,803] INFO spindle_dev.index:  Using epsilon-net clustering for block 11
[2026-01-20 14:15:18,122] INFO spindle_dev.index:  Finished block 11 in 0.32 seconds, found 10 clusters.
[2026-01-20 14:15:18,122] INFO spindle_dev.index:  Using epsilon-net clustering for block 12
[2026-01-20 14:15:18,563] INFO spindle_dev.index:  Finished block 12 in 0.44 seconds, found 15 clusters.
[2026-01-20 14:15:18,563] INFO spindle_dev.index:  Using epsilon-net clustering for block 13
[2026-01-20 14:15:19,056] INFO spindle_dev.index:  Finished block 13 in 0.49 seconds, found 17 clusters.
[2026-01-20 14:15:19,057] INFO spindle_dev.index:  Using epsilon-net clustering for block 14
[2026-01-20 14:15:19,503] INFO spindle_dev.index:  Finished block 14 in 0.45 seconds, found 15 clusters.
[2026-01-20 14:15:19,504] INFO spindle_dev.index:  Using epsilon-net clustering for block 15
[2026-01-20 14:15:19,990] INFO spindle_dev.index:  Finished block 15 in 0.49 seconds, found 17 clusters.
[2026-01-20 14:15:19,990] INFO spindle_dev.index:  Using epsilon-net clustering for block 16
[2026-01-20 14:15:20,618] INFO spindle_dev.index:  Finished block 16 in 0.63 seconds, found 22 clusters.
[2026-01-20 14:15:20,618] INFO spindle_dev.index:  Using epsilon-net clustering for block 17
[2026-01-20 14:15:21,151] INFO spindle_dev.index:  Finished block 17 in 0.53 seconds, found 19 clusters.
[2026-01-20 14:15:21,152] INFO spindle_dev.index:  Using epsilon-net clustering for block 18
[2026-01-20 14:15:21,710] INFO spindle_dev.index:  Finished block 18 in 0.56 seconds, found 20 clusters.
[2026-01-20 14:15:21,710] INFO spindle_dev.index:  Using epsilon-net clustering for block 19
[2026-01-20 14:15:22,290] INFO spindle_dev.index:  Finished block 19 in 0.58 seconds, found 21 clusters.
[2026-01-20 14:15:22,290] INFO spindle_dev.index:  Using epsilon-net clustering for block 20
[2026-01-20 14:15:23,034] INFO spindle_dev.index:  Finished block 20 in 0.74 seconds, found 26 clusters.
[2026-01-20 14:15:23,035] INFO spindle_dev.index:  Using epsilon-net clustering for block 21
[2026-01-20 14:15:23,361] INFO spindle_dev.index:  Finished block 21 in 0.33 seconds, found 10 clusters.
[2026-01-20 14:15:23,362] INFO spindle_dev.index:  Using epsilon-net clustering for block 22
[2026-01-20 14:15:23,711] INFO spindle_dev.index:  Finished block 22 in 0.35 seconds, found 11 clusters.
[2026-01-20 14:15:23,711] INFO spindle_dev.index:  Using epsilon-net clustering for block 23
[2026-01-20 14:15:24,569] INFO spindle_dev.index:  Finished block 23 in 0.86 seconds, found 15 clusters.
[2026-01-20 14:15:24,570] INFO spindle_dev.index:  Using epsilon-net clustering for block 24
[2026-01-20 14:15:24,885] INFO spindle_dev.index:  Finished block 24 in 0.32 seconds, found 6 clusters.
[2026-01-20 14:15:24,885] INFO spindle_dev.index:  Using epsilon-net clustering for block 25
[2026-01-20 14:15:25,295] INFO spindle_dev.index:  Finished block 25 in 0.41 seconds, found 2 clusters.
[2026-01-20 14:15:25,295] INFO spindle_dev.index:  Using epsilon-net clustering for block 26
[2026-01-20 14:15:25,577] INFO spindle_dev.index:  Finished block 26 in 0.28 seconds, found 8 clusters.
[2026-01-20 14:15:25,578] INFO spindle_dev.index:  Using epsilon-net clustering for block 27
[2026-01-20 14:15:25,722] INFO spindle_dev.index:  Finished block 27 in 0.14 seconds, found 2 clusters.
[2026-01-20 14:15:25,722] INFO spindle_dev.index:  Using epsilon-net clustering for block 28
[2026-01-20 14:15:25,845] INFO spindle_dev.index:  Finished block 28 in 0.12 seconds, found 1 clusters.
[2026-01-20 14:15:25,845] INFO spindle_dev.index:  Using epsilon-net clustering for block 29
[2026-01-20 14:15:25,967] INFO spindle_dev.index:  Finished block 29 in 0.12 seconds, found 1 clusters.
[2026-01-20 14:15:25,967] INFO spindle_dev.index:  Using epsilon-net clustering for block 30
[2026-01-20 14:15:26,090] INFO spindle_dev.index:  Finished block 30 in 0.12 seconds, found 1 clusters.
[2026-01-20 14:15:26,090] INFO spindle_dev.index:  Using epsilon-net clustering for block 31
[2026-01-20 14:15:26,212] INFO spindle_dev.index:  Finished block 31 in 0.12 seconds, found 1 clusters.
[2026-01-20 14:15:26,213] INFO spindle_dev.index:  Using epsilon-net clustering for block 32
[2026-01-20 14:15:26,335] INFO spindle_dev.index:  Finished block 32 in 0.12 seconds, found 1 clusters.
[2026-01-20 14:15:26,335] INFO spindle_dev.index:  Using epsilon-net clustering for block 33
[2026-01-20 14:15:26,458] INFO spindle_dev.index:  Finished block 33 in 0.12 seconds, found 1 clusters.
[2026-01-20 14:15:26,459] INFO spindle_dev.index:  Using epsilon-net clustering for block 34
[2026-01-20 14:15:26,586] INFO spindle_dev.index:  Finished block 34 in 0.13 seconds, found 1 clusters.
[2026-01-20 14:15:26,586] INFO spindle_dev.index:  Using epsilon-net clustering for block 35
[2026-01-20 14:15:27,299] INFO spindle_dev.index:  Finished block 35 in 0.71 seconds, found 1 clusters.
[2026-01-20 14:15:27,299] INFO spindle_dev.index: Step 2: Build DAG connections between block clusters.
[2026-01-20 14:15:27,299] INFO spindle_dev.index: Step 2.1: For each layer order the block-clusters by
[2026-01-20 14:15:27,299] INFO spindle_dev.index: Not implemented: ordering block-clusters ? How to order them?
[2026-01-20 14:15:27,299] INFO spindle_dev.index: We will use triangle inequality to order clusters.
[2026-01-20 14:15:27,299] INFO spindle_dev.index: Step 2.2: Connect block-clusters between layers based on co-occurrence in SPDs.
[2026-01-20 14:15:27,357] INFO spindle_dev.index: Check if node global_node_id matches index in nodes list
[2026-01-20 14:15:27,357] INFO spindle_dev.index: Step 2.3: Ordering block-clusters within each layer using log-Euclidean distances.
[2026-01-20 14:15:27,358] INFO spindle_dev.index: Processing cluster 1
[2026-01-20 14:15:27,358] INFO spindle_dev.index: Building SPD index with epsilon=7.198015221770491
[2026-01-20 14:15:27,358] INFO spindle_dev.index: Step 1: Cluster blocks within each class of SPD matrices.
[2026-01-20 14:15:27,485] INFO spindle_dev.index: Cluster 1: 2643 SPDs, 36 blocks
[2026-01-20 14:15:27,486] INFO spindle_dev.index:  Using epsilon-net clustering for block 0
[2026-01-20 14:15:27,579] INFO spindle_dev.index:  Finished block 0 in 0.09 seconds, found 1 clusters.
[2026-01-20 14:15:27,579] INFO spindle_dev.index:  Using epsilon-net clustering for block 1
[2026-01-20 14:15:27,661] INFO spindle_dev.index:  Finished block 1 in 0.08 seconds, found 1 clusters.
[2026-01-20 14:15:27,661] INFO spindle_dev.index:  Using epsilon-net clustering for block 2
[2026-01-20 14:15:27,764] INFO spindle_dev.index:  Finished block 2 in 0.10 seconds, found 2 clusters.
[2026-01-20 14:15:27,764] INFO spindle_dev.index:  Using epsilon-net clustering for block 3
[2026-01-20 14:15:27,870] INFO spindle_dev.index:  Finished block 3 in 0.11 seconds, found 2 clusters.
[2026-01-20 14:15:27,871] INFO spindle_dev.index:  Using epsilon-net clustering for block 4
[2026-01-20 14:15:27,997] INFO spindle_dev.index:  Finished block 4 in 0.13 seconds, found 3 clusters.
[2026-01-20 14:15:27,997] INFO spindle_dev.index:  Using epsilon-net clustering for block 5
[2026-01-20 14:15:28,140] INFO spindle_dev.index:  Finished block 5 in 0.14 seconds, found 4 clusters.
[2026-01-20 14:15:28,141] INFO spindle_dev.index:  Using epsilon-net clustering for block 6
[2026-01-20 14:15:28,265] INFO spindle_dev.index:  Finished block 6 in 0.12 seconds, found 3 clusters.
[2026-01-20 14:15:28,266] INFO spindle_dev.index:  Using epsilon-net clustering for block 7
[2026-01-20 14:15:28,371] INFO spindle_dev.index:  Finished block 7 in 0.11 seconds, found 2 clusters.
[2026-01-20 14:15:28,371] INFO spindle_dev.index:  Using epsilon-net clustering for block 8
[2026-01-20 14:15:28,517] INFO spindle_dev.index:  Finished block 8 in 0.15 seconds, found 4 clusters.
[2026-01-20 14:15:28,517] INFO spindle_dev.index:  Using epsilon-net clustering for block 9
[2026-01-20 14:15:28,625] INFO spindle_dev.index:  Finished block 9 in 0.11 seconds, found 2 clusters.
[2026-01-20 14:15:28,626] INFO spindle_dev.index:  Using epsilon-net clustering for block 10
[2026-01-20 14:15:28,779] INFO spindle_dev.index:  Finished block 10 in 0.15 seconds, found 3 clusters.
[2026-01-20 14:15:28,779] INFO spindle_dev.index:  Using epsilon-net clustering for block 11
[2026-01-20 14:15:28,911] INFO spindle_dev.index:  Finished block 11 in 0.13 seconds, found 3 clusters.
[2026-01-20 14:15:28,911] INFO spindle_dev.index:  Using epsilon-net clustering for block 12
[2026-01-20 14:15:29,050] INFO spindle_dev.index:  Finished block 12 in 0.14 seconds, found 3 clusters.
[2026-01-20 14:15:29,050] INFO spindle_dev.index:  Using epsilon-net clustering for block 13
[2026-01-20 14:15:29,195] INFO spindle_dev.index:  Finished block 13 in 0.14 seconds, found 3 clusters.
[2026-01-20 14:15:29,195] INFO spindle_dev.index:  Using epsilon-net clustering for block 14
[2026-01-20 14:15:29,332] INFO spindle_dev.index:  Finished block 14 in 0.14 seconds, found 3 clusters.
[2026-01-20 14:15:29,332] INFO spindle_dev.index:  Using epsilon-net clustering for block 15
[2026-01-20 14:15:29,443] INFO spindle_dev.index:  Finished block 15 in 0.11 seconds, found 2 clusters.
[2026-01-20 14:15:29,444] INFO spindle_dev.index:  Using epsilon-net clustering for block 16
[2026-01-20 14:15:29,603] INFO spindle_dev.index:  Finished block 16 in 0.16 seconds, found 4 clusters.
[2026-01-20 14:15:29,603] INFO spindle_dev.index:  Using epsilon-net clustering for block 17
[2026-01-20 14:15:29,797] INFO spindle_dev.index:  Finished block 17 in 0.19 seconds, found 6 clusters.
[2026-01-20 14:15:29,797] INFO spindle_dev.index:  Using epsilon-net clustering for block 18
[2026-01-20 14:15:30,001] INFO spindle_dev.index:  Finished block 18 in 0.20 seconds, found 6 clusters.
[2026-01-20 14:15:30,001] INFO spindle_dev.index:  Using epsilon-net clustering for block 19
[2026-01-20 14:15:30,220] INFO spindle_dev.index:  Finished block 19 in 0.22 seconds, found 7 clusters.
[2026-01-20 14:15:30,221] INFO spindle_dev.index:  Using epsilon-net clustering for block 20
[2026-01-20 14:15:30,347] INFO spindle_dev.index:  Finished block 20 in 0.13 seconds, found 2 clusters.
[2026-01-20 14:15:30,347] INFO spindle_dev.index:  Using epsilon-net clustering for block 21
[2026-01-20 14:15:30,551] INFO spindle_dev.index:  Finished block 21 in 0.20 seconds, found 6 clusters.
[2026-01-20 14:15:30,551] INFO spindle_dev.index:  Using epsilon-net clustering for block 22
[2026-01-20 14:15:30,732] INFO spindle_dev.index:  Finished block 22 in 0.18 seconds, found 5 clusters.
[2026-01-20 14:15:30,733] INFO spindle_dev.index:  Using epsilon-net clustering for block 23
[2026-01-20 14:15:30,874] INFO spindle_dev.index:  Finished block 23 in 0.14 seconds, found 3 clusters.
[2026-01-20 14:15:30,874] INFO spindle_dev.index:  Using epsilon-net clustering for block 24
[2026-01-20 14:15:30,997] INFO spindle_dev.index:  Finished block 24 in 0.12 seconds, found 2 clusters.
[2026-01-20 14:15:30,997] INFO spindle_dev.index:  Using epsilon-net clustering for block 25
[2026-01-20 14:15:31,736] INFO spindle_dev.index:  Finished block 25 in 0.74 seconds, found 5 clusters.
[2026-01-20 14:15:31,736] INFO spindle_dev.index:  Using epsilon-net clustering for block 26
[2026-01-20 14:15:31,920] INFO spindle_dev.index:  Finished block 26 in 0.18 seconds, found 5 clusters.
[2026-01-20 14:15:31,920] INFO spindle_dev.index:  Using epsilon-net clustering for block 27
[2026-01-20 14:15:32,138] INFO spindle_dev.index:  Finished block 27 in 0.22 seconds, found 4 clusters.
[2026-01-20 14:15:32,139] INFO spindle_dev.index:  Using epsilon-net clustering for block 28
[2026-01-20 14:15:32,264] INFO spindle_dev.index:  Finished block 28 in 0.13 seconds, found 2 clusters.
[2026-01-20 14:15:32,264] INFO spindle_dev.index:  Using epsilon-net clustering for block 29
[2026-01-20 14:15:32,370] INFO spindle_dev.index:  Finished block 29 in 0.11 seconds, found 1 clusters.
[2026-01-20 14:15:32,371] INFO spindle_dev.index:  Using epsilon-net clustering for block 30
[2026-01-20 14:15:32,476] INFO spindle_dev.index:  Finished block 30 in 0.11 seconds, found 1 clusters.
[2026-01-20 14:15:32,476] INFO spindle_dev.index:  Using epsilon-net clustering for block 31
[2026-01-20 14:15:32,611] INFO spindle_dev.index:  Finished block 31 in 0.13 seconds, found 1 clusters.
[2026-01-20 14:15:32,611] INFO spindle_dev.index:  Using epsilon-net clustering for block 32
[2026-01-20 14:15:32,737] INFO spindle_dev.index:  Finished block 32 in 0.13 seconds, found 2 clusters.
[2026-01-20 14:15:32,737] INFO spindle_dev.index:  Using epsilon-net clustering for block 33
[2026-01-20 14:15:32,843] INFO spindle_dev.index:  Finished block 33 in 0.11 seconds, found 1 clusters.
[2026-01-20 14:15:32,843] INFO spindle_dev.index:  Using epsilon-net clustering for block 34
[2026-01-20 14:15:32,969] INFO spindle_dev.index:  Finished block 34 in 0.13 seconds, found 1 clusters.
[2026-01-20 14:15:32,999] INFO spindle_dev.index:  Using epsilon-net clustering for block 35
[2026-01-20 14:15:34,396] INFO spindle_dev.index:  Finished block 35 in 1.40 seconds, found 26 clusters.
[2026-01-20 14:15:34,396] INFO spindle_dev.index: Step 2: Build DAG connections between block clusters.
[2026-01-20 14:15:34,396] INFO spindle_dev.index: Step 2.1: For each layer order the block-clusters by
[2026-01-20 14:15:34,396] INFO spindle_dev.index: Not implemented: ordering block-clusters ? How to order them?
[2026-01-20 14:15:34,396] INFO spindle_dev.index: We will use triangle inequality to order clusters.
[2026-01-20 14:15:34,396] INFO spindle_dev.index: Step 2.2: Connect block-clusters between layers based on co-occurrence in SPDs.
[2026-01-20 14:15:34,442] INFO spindle_dev.index: Check if node global_node_id matches index in nodes list
[2026-01-20 14:15:34,442] INFO spindle_dev.index: Step 2.3: Ordering block-clusters within each layer using log-Euclidean distances.
[2026-01-20 14:15:34,442] INFO spindle_dev.index: Processing cluster 2
[2026-01-20 14:15:34,442] INFO spindle_dev.index: Building SPD index with epsilon=7.622794086832766
[2026-01-20 14:15:34,442] INFO spindle_dev.index: Step 1: Cluster blocks within each class of SPD matrices.
[2026-01-20 14:15:34,550] INFO spindle_dev.index: Cluster 2: 1523 SPDs, 35 blocks
[2026-01-20 14:15:34,552] INFO spindle_dev.index:  Using epsilon-net clustering for block 0
[2026-01-20 14:15:34,607] INFO spindle_dev.index:  Finished block 0 in 0.06 seconds, found 1 clusters.
[2026-01-20 14:15:34,608] INFO spindle_dev.index:  Using epsilon-net clustering for block 1
[2026-01-20 14:15:34,664] INFO spindle_dev.index:  Finished block 1 in 0.06 seconds, found 1 clusters.
[2026-01-20 14:15:34,664] INFO spindle_dev.index:  Using epsilon-net clustering for block 2
[2026-01-20 14:15:34,714] INFO spindle_dev.index:  Finished block 2 in 0.05 seconds, found 1 clusters.
[2026-01-20 14:15:34,714] INFO spindle_dev.index:  Using epsilon-net clustering for block 3
[2026-01-20 14:15:34,774] INFO spindle_dev.index:  Finished block 3 in 0.06 seconds, found 2 clusters.
[2026-01-20 14:15:34,774] INFO spindle_dev.index:  Using epsilon-net clustering for block 4
[2026-01-20 14:15:34,826] INFO spindle_dev.index:  Finished block 4 in 0.05 seconds, found 1 clusters.
[2026-01-20 14:15:34,826] INFO spindle_dev.index:  Using epsilon-net clustering for block 5
[2026-01-20 14:15:34,887] INFO spindle_dev.index:  Finished block 5 in 0.06 seconds, found 2 clusters.
[2026-01-20 14:15:34,888] INFO spindle_dev.index:  Using epsilon-net clustering for block 6
[2026-01-20 14:15:34,952] INFO spindle_dev.index:  Finished block 6 in 0.06 seconds, found 2 clusters.
[2026-01-20 14:15:34,952] INFO spindle_dev.index:  Using epsilon-net clustering for block 7
[2026-01-20 14:15:35,020] INFO spindle_dev.index:  Finished block 7 in 0.07 seconds, found 2 clusters.
[2026-01-20 14:15:35,020] INFO spindle_dev.index:  Using epsilon-net clustering for block 8
[2026-01-20 14:15:35,094] INFO spindle_dev.index:  Finished block 8 in 0.07 seconds, found 3 clusters.
[2026-01-20 14:15:35,094] INFO spindle_dev.index:  Using epsilon-net clustering for block 9
[2026-01-20 14:15:35,176] INFO spindle_dev.index:  Finished block 9 in 0.08 seconds, found 3 clusters.
[2026-01-20 14:15:35,176] INFO spindle_dev.index:  Using epsilon-net clustering for block 10
[2026-01-20 14:15:35,252] INFO spindle_dev.index:  Finished block 10 in 0.08 seconds, found 3 clusters.
[2026-01-20 14:15:35,253] INFO spindle_dev.index:  Using epsilon-net clustering for block 11
[2026-01-20 14:15:35,327] INFO spindle_dev.index:  Finished block 11 in 0.07 seconds, found 3 clusters.
[2026-01-20 14:15:35,328] INFO spindle_dev.index:  Using epsilon-net clustering for block 12
[2026-01-20 14:15:35,391] INFO spindle_dev.index:  Finished block 12 in 0.06 seconds, found 2 clusters.
[2026-01-20 14:15:35,391] INFO spindle_dev.index:  Using epsilon-net clustering for block 13
[2026-01-20 14:15:35,468] INFO spindle_dev.index:  Finished block 13 in 0.08 seconds, found 3 clusters.
[2026-01-20 14:15:35,469] INFO spindle_dev.index:  Using epsilon-net clustering for block 14
[2026-01-20 14:15:35,551] INFO spindle_dev.index:  Finished block 14 in 0.08 seconds, found 3 clusters.
[2026-01-20 14:15:35,552] INFO spindle_dev.index:  Using epsilon-net clustering for block 15
[2026-01-20 14:15:35,647] INFO spindle_dev.index:  Finished block 15 in 0.10 seconds, found 4 clusters.
[2026-01-20 14:15:35,647] INFO spindle_dev.index:  Using epsilon-net clustering for block 16
[2026-01-20 14:15:35,725] INFO spindle_dev.index:  Finished block 16 in 0.08 seconds, found 3 clusters.
[2026-01-20 14:15:35,725] INFO spindle_dev.index:  Using epsilon-net clustering for block 17
[2026-01-20 14:15:35,827] INFO spindle_dev.index:  Finished block 17 in 0.10 seconds, found 5 clusters.
[2026-01-20 14:15:35,828] INFO spindle_dev.index:  Using epsilon-net clustering for block 18
[2026-01-20 14:15:35,920] INFO spindle_dev.index:  Finished block 18 in 0.09 seconds, found 4 clusters.
[2026-01-20 14:15:35,920] INFO spindle_dev.index:  Using epsilon-net clustering for block 19
[2026-01-20 14:15:36,035] INFO spindle_dev.index:  Finished block 19 in 0.11 seconds, found 6 clusters.
[2026-01-20 14:15:36,035] INFO spindle_dev.index:  Using epsilon-net clustering for block 20
[2026-01-20 14:15:36,129] INFO spindle_dev.index:  Finished block 20 in 0.09 seconds, found 4 clusters.
[2026-01-20 14:15:36,129] INFO spindle_dev.index:  Using epsilon-net clustering for block 21
[2026-01-20 14:15:36,242] INFO spindle_dev.index:  Finished block 21 in 0.11 seconds, found 5 clusters.
[2026-01-20 14:15:36,243] INFO spindle_dev.index:  Using epsilon-net clustering for block 22
[2026-01-20 14:15:36,349] INFO spindle_dev.index:  Finished block 22 in 0.11 seconds, found 5 clusters.
[2026-01-20 14:15:36,349] INFO spindle_dev.index:  Using epsilon-net clustering for block 23
[2026-01-20 14:15:36,433] INFO spindle_dev.index:  Finished block 23 in 0.08 seconds, found 3 clusters.
[2026-01-20 14:15:36,434] INFO spindle_dev.index:  Using epsilon-net clustering for block 24
[2026-01-20 14:15:36,866] INFO spindle_dev.index:  Finished block 24 in 0.43 seconds, found 6 clusters.
[2026-01-20 14:15:36,866] INFO spindle_dev.index:  Using epsilon-net clustering for block 25
[2026-01-20 14:15:36,972] INFO spindle_dev.index:  Finished block 25 in 0.11 seconds, found 3 clusters.
[2026-01-20 14:15:36,973] INFO spindle_dev.index:  Using epsilon-net clustering for block 26
[2026-01-20 14:15:37,047] INFO spindle_dev.index:  Finished block 26 in 0.07 seconds, found 2 clusters.
[2026-01-20 14:15:37,047] INFO spindle_dev.index:  Using epsilon-net clustering for block 27
[2026-01-20 14:15:37,133] INFO spindle_dev.index:  Finished block 27 in 0.09 seconds, found 3 clusters.
[2026-01-20 14:15:37,134] INFO spindle_dev.index:  Using epsilon-net clustering for block 28
[2026-01-20 14:15:37,215] INFO spindle_dev.index:  Finished block 28 in 0.08 seconds, found 2 clusters.
[2026-01-20 14:15:37,215] INFO spindle_dev.index:  Using epsilon-net clustering for block 29
[2026-01-20 14:15:37,288] INFO spindle_dev.index:  Finished block 29 in 0.07 seconds, found 2 clusters.
[2026-01-20 14:15:37,289] INFO spindle_dev.index:  Using epsilon-net clustering for block 30
[2026-01-20 14:15:37,363] INFO spindle_dev.index:  Finished block 30 in 0.07 seconds, found 2 clusters.
[2026-01-20 14:15:37,363] INFO spindle_dev.index:  Using epsilon-net clustering for block 31
[2026-01-20 14:15:37,437] INFO spindle_dev.index:  Finished block 31 in 0.07 seconds, found 2 clusters.
[2026-01-20 14:15:37,437] INFO spindle_dev.index:  Using epsilon-net clustering for block 32
[2026-01-20 14:15:37,983] INFO spindle_dev.index:  Finished block 32 in 0.55 seconds, found 14 clusters.
[2026-01-20 14:15:37,984] INFO spindle_dev.index:  Using epsilon-net clustering for block 33
[2026-01-20 14:15:38,103] INFO spindle_dev.index:  Finished block 33 in 0.12 seconds, found 4 clusters.
[2026-01-20 14:15:38,104] INFO spindle_dev.index:  Using epsilon-net clustering for block 34
[2026-01-20 14:15:38,479] INFO spindle_dev.index:  Finished block 34 in 0.38 seconds, found 2 clusters.
[2026-01-20 14:15:38,479] INFO spindle_dev.index: Step 2: Build DAG connections between block clusters.
[2026-01-20 14:15:38,479] INFO spindle_dev.index: Step 2.1: For each layer order the block-clusters by
[2026-01-20 14:15:38,479] INFO spindle_dev.index: Not implemented: ordering block-clusters ? How to order them?
[2026-01-20 14:15:38,479] INFO spindle_dev.index: We will use triangle inequality to order clusters.
[2026-01-20 14:15:38,479] INFO spindle_dev.index: Step 2.2: Connect block-clusters between layers based on co-occurrence in SPDs.
[2026-01-20 14:15:38,506] INFO spindle_dev.index: Check if node global_node_id matches index in nodes list
[2026-01-20 14:15:38,506] INFO spindle_dev.index: Step 2.3: Ordering block-clusters within each layer using log-Euclidean distances.
[2026-01-20 14:15:38,506] INFO spindle_dev.index: Processing cluster 3
[2026-01-20 14:15:38,506] INFO spindle_dev.index: Building SPD index with epsilon=7.687026923261649
[2026-01-20 14:15:38,506] INFO spindle_dev.index: Step 1: Cluster blocks within each class of SPD matrices.
[2026-01-20 14:15:39,010] INFO spindle_dev.index: Cluster 3: 1479 SPDs, 38 blocks
[2026-01-20 14:15:39,011] INFO spindle_dev.index:  Using epsilon-net clustering for block 0
[2026-01-20 14:15:39,066] INFO spindle_dev.index:  Finished block 0 in 0.06 seconds, found 1 clusters.
[2026-01-20 14:15:39,067] INFO spindle_dev.index:  Using epsilon-net clustering for block 1
[2026-01-20 14:15:39,119] INFO spindle_dev.index:  Finished block 1 in 0.05 seconds, found 1 clusters.
[2026-01-20 14:15:39,120] INFO spindle_dev.index:  Using epsilon-net clustering for block 2
[2026-01-20 14:15:39,170] INFO spindle_dev.index:  Finished block 2 in 0.05 seconds, found 1 clusters.
[2026-01-20 14:15:39,170] INFO spindle_dev.index:  Using epsilon-net clustering for block 3
[2026-01-20 14:15:39,231] INFO spindle_dev.index:  Finished block 3 in 0.06 seconds, found 2 clusters.
[2026-01-20 14:15:39,232] INFO spindle_dev.index:  Using epsilon-net clustering for block 4
[2026-01-20 14:15:39,281] INFO spindle_dev.index:  Finished block 4 in 0.05 seconds, found 1 clusters.
[2026-01-20 14:15:39,281] INFO spindle_dev.index:  Using epsilon-net clustering for block 5
[2026-01-20 14:15:39,342] INFO spindle_dev.index:  Finished block 5 in 0.06 seconds, found 2 clusters.
[2026-01-20 14:15:39,342] INFO spindle_dev.index:  Using epsilon-net clustering for block 6
[2026-01-20 14:15:39,393] INFO spindle_dev.index:  Finished block 6 in 0.05 seconds, found 1 clusters.
[2026-01-20 14:15:39,394] INFO spindle_dev.index:  Using epsilon-net clustering for block 7
[2026-01-20 14:15:39,462] INFO spindle_dev.index:  Finished block 7 in 0.07 seconds, found 2 clusters.
[2026-01-20 14:15:39,462] INFO spindle_dev.index:  Using epsilon-net clustering for block 8
[2026-01-20 14:15:39,523] INFO spindle_dev.index:  Finished block 8 in 0.06 seconds, found 2 clusters.
[2026-01-20 14:15:39,524] INFO spindle_dev.index:  Using epsilon-net clustering for block 9
[2026-01-20 14:15:39,599] INFO spindle_dev.index:  Finished block 9 in 0.08 seconds, found 1 clusters.
[2026-01-20 14:15:39,599] INFO spindle_dev.index:  Using epsilon-net clustering for block 10
[2026-01-20 14:15:39,661] INFO spindle_dev.index:  Finished block 10 in 0.06 seconds, found 2 clusters.
[2026-01-20 14:15:39,661] INFO spindle_dev.index:  Using epsilon-net clustering for block 11
[2026-01-20 14:15:39,724] INFO spindle_dev.index:  Finished block 11 in 0.06 seconds, found 2 clusters.
[2026-01-20 14:15:39,724] INFO spindle_dev.index:  Using epsilon-net clustering for block 12
[2026-01-20 14:15:39,787] INFO spindle_dev.index:  Finished block 12 in 0.06 seconds, found 2 clusters.
[2026-01-20 14:15:39,788] INFO spindle_dev.index:  Using epsilon-net clustering for block 13
[2026-01-20 14:15:39,854] INFO spindle_dev.index:  Finished block 13 in 0.07 seconds, found 2 clusters.
[2026-01-20 14:15:39,854] INFO spindle_dev.index:  Using epsilon-net clustering for block 14
[2026-01-20 14:15:39,926] INFO spindle_dev.index:  Finished block 14 in 0.07 seconds, found 2 clusters.
[2026-01-20 14:15:39,927] INFO spindle_dev.index:  Using epsilon-net clustering for block 15
[2026-01-20 14:15:39,990] INFO spindle_dev.index:  Finished block 15 in 0.06 seconds, found 2 clusters.
[2026-01-20 14:15:39,991] INFO spindle_dev.index:  Using epsilon-net clustering for block 16
[2026-01-20 14:15:40,055] INFO spindle_dev.index:  Finished block 16 in 0.06 seconds, found 2 clusters.
[2026-01-20 14:15:40,056] INFO spindle_dev.index:  Using epsilon-net clustering for block 17
[2026-01-20 14:15:40,124] INFO spindle_dev.index:  Finished block 17 in 0.07 seconds, found 2 clusters.
[2026-01-20 14:15:40,124] INFO spindle_dev.index:  Using epsilon-net clustering for block 18
[2026-01-20 14:15:40,190] INFO spindle_dev.index:  Finished block 18 in 0.07 seconds, found 2 clusters.
[2026-01-20 14:15:40,190] INFO spindle_dev.index:  Using epsilon-net clustering for block 19
[2026-01-20 14:15:40,256] INFO spindle_dev.index:  Finished block 19 in 0.07 seconds, found 2 clusters.
[2026-01-20 14:15:40,256] INFO spindle_dev.index:  Using epsilon-net clustering for block 20
[2026-01-20 14:15:40,358] INFO spindle_dev.index:  Finished block 20 in 0.10 seconds, found 5 clusters.
[2026-01-20 14:15:40,359] INFO spindle_dev.index:  Using epsilon-net clustering for block 21
[2026-01-20 14:15:40,451] INFO spindle_dev.index:  Finished block 21 in 0.09 seconds, found 3 clusters.
[2026-01-20 14:15:40,451] INFO spindle_dev.index:  Using epsilon-net clustering for block 22
[2026-01-20 14:15:40,552] INFO spindle_dev.index:  Finished block 22 in 0.10 seconds, found 3 clusters.
[2026-01-20 14:15:40,553] INFO spindle_dev.index:  Using epsilon-net clustering for block 23
[2026-01-20 14:15:40,656] INFO spindle_dev.index:  Finished block 23 in 0.10 seconds, found 5 clusters.
[2026-01-20 14:15:40,656] INFO spindle_dev.index:  Using epsilon-net clustering for block 24
[2026-01-20 14:15:40,748] INFO spindle_dev.index:  Finished block 24 in 0.09 seconds, found 4 clusters.
[2026-01-20 14:15:40,748] INFO spindle_dev.index:  Using epsilon-net clustering for block 25
[2026-01-20 14:15:40,852] INFO spindle_dev.index:  Finished block 25 in 0.10 seconds, found 5 clusters.
[2026-01-20 14:15:40,852] INFO spindle_dev.index:  Using epsilon-net clustering for block 26
[2026-01-20 14:15:40,968] INFO spindle_dev.index:  Finished block 26 in 0.12 seconds, found 6 clusters.
[2026-01-20 14:15:40,969] INFO spindle_dev.index:  Using epsilon-net clustering for block 27
[2026-01-20 14:15:41,073] INFO spindle_dev.index:  Finished block 27 in 0.10 seconds, found 5 clusters.
[2026-01-20 14:15:41,073] INFO spindle_dev.index:  Using epsilon-net clustering for block 28
[2026-01-20 14:15:41,177] INFO spindle_dev.index:  Finished block 28 in 0.10 seconds, found 5 clusters.
[2026-01-20 14:15:41,178] INFO spindle_dev.index:  Using epsilon-net clustering for block 29
[2026-01-20 14:15:41,285] INFO spindle_dev.index:  Finished block 29 in 0.11 seconds, found 5 clusters.
[2026-01-20 14:15:41,285] INFO spindle_dev.index:  Using epsilon-net clustering for block 30
[2026-01-20 14:15:41,378] INFO spindle_dev.index:  Finished block 30 in 0.09 seconds, found 4 clusters.
[2026-01-20 14:15:41,379] INFO spindle_dev.index:  Using epsilon-net clustering for block 31
[2026-01-20 14:15:41,494] INFO spindle_dev.index:  Finished block 31 in 0.12 seconds, found 6 clusters.
[2026-01-20 14:15:41,495] INFO spindle_dev.index:  Using epsilon-net clustering for block 32
[2026-01-20 14:15:41,604] INFO spindle_dev.index:  Finished block 32 in 0.11 seconds, found 5 clusters.
[2026-01-20 14:15:41,604] INFO spindle_dev.index:  Using epsilon-net clustering for block 33
[2026-01-20 14:15:41,790] INFO spindle_dev.index:  Finished block 33 in 0.19 seconds, found 9 clusters.
[2026-01-20 14:15:41,790] INFO spindle_dev.index:  Using epsilon-net clustering for block 34
[2026-01-20 14:15:42,483] INFO spindle_dev.index:  Finished block 34 in 0.69 seconds, found 22 clusters.
[2026-01-20 14:15:42,483] INFO spindle_dev.index:  Using epsilon-net clustering for block 35
[2026-01-20 14:15:42,563] INFO spindle_dev.index:  Finished block 35 in 0.08 seconds, found 3 clusters.
[2026-01-20 14:15:42,563] INFO spindle_dev.index:  Using epsilon-net clustering for block 36
[2026-01-20 14:15:42,653] INFO spindle_dev.index:  Finished block 36 in 0.09 seconds, found 4 clusters.
[2026-01-20 14:15:42,654] INFO spindle_dev.index:  Using epsilon-net clustering for block 37
[2026-01-20 14:15:42,895] INFO spindle_dev.index:  Finished block 37 in 0.24 seconds, found 3 clusters.
[2026-01-20 14:15:42,895] INFO spindle_dev.index: Step 2: Build DAG connections between block clusters.
[2026-01-20 14:15:42,895] INFO spindle_dev.index: Step 2.1: For each layer order the block-clusters by
[2026-01-20 14:15:42,895] INFO spindle_dev.index: Not implemented: ordering block-clusters ? How to order them?
[2026-01-20 14:15:42,895] INFO spindle_dev.index: We will use triangle inequality to order clusters.
[2026-01-20 14:15:42,895] INFO spindle_dev.index: Step 2.2: Connect block-clusters between layers based on co-occurrence in SPDs.
[2026-01-20 14:15:42,927] INFO spindle_dev.index: Check if node global_node_id matches index in nodes list
[2026-01-20 14:15:42,927] INFO spindle_dev.index: Step 2.3: Ordering block-clusters within each layer using log-Euclidean distances.
[2026-01-20 14:15:42,927] INFO spindle_dev.index: Processing cluster 4
[2026-01-20 14:15:42,927] INFO spindle_dev.index: Building SPD index with epsilon=6.851659489825475
[2026-01-20 14:15:42,927] INFO spindle_dev.index: Step 1: Cluster blocks within each class of SPD matrices.
[2026-01-20 14:15:43,263] INFO spindle_dev.index: Cluster 4: 1196 SPDs, 39 blocks
[2026-01-20 14:15:43,263] INFO spindle_dev.index:  Using epsilon-net clustering for block 0
[2026-01-20 14:15:43,308] INFO spindle_dev.index:  Finished block 0 in 0.04 seconds, found 1 clusters.
[2026-01-20 14:15:43,308] INFO spindle_dev.index:  Using epsilon-net clustering for block 1
[2026-01-20 14:15:43,379] INFO spindle_dev.index:  Finished block 1 in 0.07 seconds, found 4 clusters.
[2026-01-20 14:15:43,379] INFO spindle_dev.index:  Using epsilon-net clustering for block 2
[2026-01-20 14:15:43,443] INFO spindle_dev.index:  Finished block 2 in 0.06 seconds, found 4 clusters.
[2026-01-20 14:15:43,443] INFO spindle_dev.index:  Using epsilon-net clustering for block 3
[2026-01-20 14:15:43,518] INFO spindle_dev.index:  Finished block 3 in 0.07 seconds, found 5 clusters.
[2026-01-20 14:15:43,518] INFO spindle_dev.index:  Using epsilon-net clustering for block 4
[2026-01-20 14:15:43,586] INFO spindle_dev.index:  Finished block 4 in 0.07 seconds, found 4 clusters.
[2026-01-20 14:15:43,586] INFO spindle_dev.index:  Using epsilon-net clustering for block 5
[2026-01-20 14:15:43,673] INFO spindle_dev.index:  Finished block 5 in 0.09 seconds, found 6 clusters.
[2026-01-20 14:15:43,673] INFO spindle_dev.index:  Using epsilon-net clustering for block 6
[2026-01-20 14:15:43,768] INFO spindle_dev.index:  Finished block 6 in 0.09 seconds, found 7 clusters.
[2026-01-20 14:15:43,768] INFO spindle_dev.index:  Using epsilon-net clustering for block 7
[2026-01-20 14:15:43,861] INFO spindle_dev.index:  Finished block 7 in 0.09 seconds, found 6 clusters.
[2026-01-20 14:15:43,861] INFO spindle_dev.index:  Using epsilon-net clustering for block 8
[2026-01-20 14:15:43,947] INFO spindle_dev.index:  Finished block 8 in 0.09 seconds, found 6 clusters.
[2026-01-20 14:15:43,947] INFO spindle_dev.index:  Using epsilon-net clustering for block 9
[2026-01-20 14:15:44,032] INFO spindle_dev.index:  Finished block 9 in 0.09 seconds, found 6 clusters.
[2026-01-20 14:15:44,032] INFO spindle_dev.index:  Using epsilon-net clustering for block 10
[2026-01-20 14:15:44,165] INFO spindle_dev.index:  Finished block 10 in 0.13 seconds, found 11 clusters.
[2026-01-20 14:15:44,165] INFO spindle_dev.index:  Using epsilon-net clustering for block 11
[2026-01-20 14:15:44,275] INFO spindle_dev.index:  Finished block 11 in 0.11 seconds, found 8 clusters.
[2026-01-20 14:15:44,275] INFO spindle_dev.index:  Using epsilon-net clustering for block 12
[2026-01-20 14:15:44,381] INFO spindle_dev.index:  Finished block 12 in 0.11 seconds, found 8 clusters.
[2026-01-20 14:15:44,381] INFO spindle_dev.index:  Using epsilon-net clustering for block 13
[2026-01-20 14:15:44,495] INFO spindle_dev.index:  Finished block 13 in 0.11 seconds, found 9 clusters.
[2026-01-20 14:15:44,496] INFO spindle_dev.index:  Using epsilon-net clustering for block 14
[2026-01-20 14:15:44,611] INFO spindle_dev.index:  Finished block 14 in 0.12 seconds, found 9 clusters.
[2026-01-20 14:15:44,611] INFO spindle_dev.index:  Using epsilon-net clustering for block 15
[2026-01-20 14:15:44,750] INFO spindle_dev.index:  Finished block 15 in 0.14 seconds, found 11 clusters.
[2026-01-20 14:15:44,750] INFO spindle_dev.index:  Using epsilon-net clustering for block 16
[2026-01-20 14:15:44,884] INFO spindle_dev.index:  Finished block 16 in 0.13 seconds, found 11 clusters.
[2026-01-20 14:15:44,884] INFO spindle_dev.index:  Using epsilon-net clustering for block 17
[2026-01-20 14:15:45,045] INFO spindle_dev.index:  Finished block 17 in 0.16 seconds, found 14 clusters.
[2026-01-20 14:15:45,046] INFO spindle_dev.index:  Using epsilon-net clustering for block 18
[2026-01-20 14:15:45,227] INFO spindle_dev.index:  Finished block 18 in 0.18 seconds, found 13 clusters.
[2026-01-20 14:15:45,228] INFO spindle_dev.index:  Using epsilon-net clustering for block 19
[2026-01-20 14:15:45,381] INFO spindle_dev.index:  Finished block 19 in 0.15 seconds, found 13 clusters.
[2026-01-20 14:15:45,381] INFO spindle_dev.index:  Using epsilon-net clustering for block 20
[2026-01-20 14:15:45,509] INFO spindle_dev.index:  Finished block 20 in 0.13 seconds, found 10 clusters.
[2026-01-20 14:15:45,509] INFO spindle_dev.index:  Using epsilon-net clustering for block 21
[2026-01-20 14:15:45,614] INFO spindle_dev.index:  Finished block 21 in 0.11 seconds, found 7 clusters.
[2026-01-20 14:15:45,614] INFO spindle_dev.index:  Using epsilon-net clustering for block 22
[2026-01-20 14:15:45,706] INFO spindle_dev.index:  Finished block 22 in 0.09 seconds, found 6 clusters.
[2026-01-20 14:15:45,706] INFO spindle_dev.index:  Using epsilon-net clustering for block 23
[2026-01-20 14:15:45,815] INFO spindle_dev.index:  Finished block 23 in 0.11 seconds, found 8 clusters.
[2026-01-20 14:15:45,816] INFO spindle_dev.index:  Using epsilon-net clustering for block 24
[2026-01-20 14:15:45,890] INFO spindle_dev.index:  Finished block 24 in 0.07 seconds, found 4 clusters.
[2026-01-20 14:15:45,890] INFO spindle_dev.index:  Using epsilon-net clustering for block 25
[2026-01-20 14:15:45,971] INFO spindle_dev.index:  Finished block 25 in 0.08 seconds, found 2 clusters.
[2026-01-20 14:15:45,971] INFO spindle_dev.index:  Using epsilon-net clustering for block 26
[2026-01-20 14:15:46,033] INFO spindle_dev.index:  Finished block 26 in 0.06 seconds, found 2 clusters.
[2026-01-20 14:15:46,033] INFO spindle_dev.index:  Using epsilon-net clustering for block 27
[2026-01-20 14:15:46,091] INFO spindle_dev.index:  Finished block 27 in 0.06 seconds, found 2 clusters.
[2026-01-20 14:15:46,091] INFO spindle_dev.index:  Using epsilon-net clustering for block 28
[2026-01-20 14:15:46,147] INFO spindle_dev.index:  Finished block 28 in 0.06 seconds, found 2 clusters.
[2026-01-20 14:15:46,147] INFO spindle_dev.index:  Using epsilon-net clustering for block 29
[2026-01-20 14:15:46,204] INFO spindle_dev.index:  Finished block 29 in 0.06 seconds, found 2 clusters.
[2026-01-20 14:15:46,205] INFO spindle_dev.index:  Using epsilon-net clustering for block 30
[2026-01-20 14:15:46,273] INFO spindle_dev.index:  Finished block 30 in 0.07 seconds, found 2 clusters.
[2026-01-20 14:15:46,286] INFO spindle_dev.index:  Using epsilon-net clustering for block 31
[2026-01-20 14:15:46,370] INFO spindle_dev.index:  Finished block 31 in 0.08 seconds, found 2 clusters.
[2026-01-20 14:15:46,370] INFO spindle_dev.index:  Using epsilon-net clustering for block 32
[2026-01-20 14:15:46,462] INFO spindle_dev.index:  Finished block 32 in 0.09 seconds, found 2 clusters.
[2026-01-20 14:15:46,463] INFO spindle_dev.index:  Using epsilon-net clustering for block 33
[2026-01-20 14:15:46,527] INFO spindle_dev.index:  Finished block 33 in 0.06 seconds, found 2 clusters.
[2026-01-20 14:15:46,527] INFO spindle_dev.index:  Using epsilon-net clustering for block 34
[2026-01-20 14:15:46,611] INFO spindle_dev.index:  Finished block 34 in 0.08 seconds, found 5 clusters.
[2026-01-20 14:15:46,611] INFO spindle_dev.index:  Using epsilon-net clustering for block 35
[2026-01-20 14:15:46,715] INFO spindle_dev.index:  Finished block 35 in 0.10 seconds, found 7 clusters.
[2026-01-20 14:15:46,715] INFO spindle_dev.index:  Using epsilon-net clustering for block 36
[2026-01-20 14:15:46,763] INFO spindle_dev.index:  Finished block 36 in 0.05 seconds, found 1 clusters.
[2026-01-20 14:15:46,763] INFO spindle_dev.index:  Using epsilon-net clustering for block 37
[2026-01-20 14:15:46,837] INFO spindle_dev.index:  Finished block 37 in 0.07 seconds, found 4 clusters.
[2026-01-20 14:15:46,837] INFO spindle_dev.index:  Using epsilon-net clustering for block 38
[2026-01-20 14:15:47,245] INFO spindle_dev.index:  Finished block 38 in 0.41 seconds, found 8 clusters.
[2026-01-20 14:15:47,245] INFO spindle_dev.index: Step 2: Build DAG connections between block clusters.
[2026-01-20 14:15:47,245] INFO spindle_dev.index: Step 2.1: For each layer order the block-clusters by
[2026-01-20 14:15:47,245] INFO spindle_dev.index: Not implemented: ordering block-clusters ? How to order them?
[2026-01-20 14:15:47,245] INFO spindle_dev.index: We will use triangle inequality to order clusters.
[2026-01-20 14:15:47,245] INFO spindle_dev.index: Step 2.2: Connect block-clusters between layers based on co-occurrence in SPDs.
[2026-01-20 14:15:47,268] INFO spindle_dev.index: Check if node global_node_id matches index in nodes list
[2026-01-20 14:15:47,268] INFO spindle_dev.index: Step 2.3: Ordering block-clusters within each layer using log-Euclidean distances.
[2026-01-20 14:15:47,268] INFO spindle_dev.index: Processing cluster 5
[2026-01-20 14:15:47,268] INFO spindle_dev.index: Building SPD index with epsilon=6.414602194087416
[2026-01-20 14:15:47,268] INFO spindle_dev.index: Step 1: Cluster blocks within each class of SPD matrices.
[2026-01-20 14:15:47,291] INFO spindle_dev.index: Cluster 5: 460 SPDs, 35 blocks
[2026-01-20 14:15:47,292] INFO spindle_dev.index:  Using epsilon-net clustering for block 0
[2026-01-20 14:15:47,306] INFO spindle_dev.index:  Finished block 0 in 0.01 seconds, found 1 clusters.
[2026-01-20 14:15:47,306] INFO spindle_dev.index:  Using epsilon-net clustering for block 1
[2026-01-20 14:15:47,333] INFO spindle_dev.index:  Finished block 1 in 0.03 seconds, found 3 clusters.
[2026-01-20 14:15:47,333] INFO spindle_dev.index:  Using epsilon-net clustering for block 2
[2026-01-20 14:15:47,347] INFO spindle_dev.index:  Finished block 2 in 0.01 seconds, found 1 clusters.
[2026-01-20 14:15:47,348] INFO spindle_dev.index:  Using epsilon-net clustering for block 3
[2026-01-20 14:15:47,372] INFO spindle_dev.index:  Finished block 3 in 0.02 seconds, found 4 clusters.
[2026-01-20 14:15:47,373] INFO spindle_dev.index:  Using epsilon-net clustering for block 4
[2026-01-20 14:15:47,401] INFO spindle_dev.index:  Finished block 4 in 0.03 seconds, found 5 clusters.
[2026-01-20 14:15:47,401] INFO spindle_dev.index:  Using epsilon-net clustering for block 5
[2026-01-20 14:15:47,437] INFO spindle_dev.index:  Finished block 5 in 0.04 seconds, found 7 clusters.
[2026-01-20 14:15:47,437] INFO spindle_dev.index:  Using epsilon-net clustering for block 6
[2026-01-20 14:15:47,466] INFO spindle_dev.index:  Finished block 6 in 0.03 seconds, found 5 clusters.
[2026-01-20 14:15:47,466] INFO spindle_dev.index:  Using epsilon-net clustering for block 7
[2026-01-20 14:15:47,503] INFO spindle_dev.index:  Finished block 7 in 0.04 seconds, found 7 clusters.
[2026-01-20 14:15:47,503] INFO spindle_dev.index:  Using epsilon-net clustering for block 8
[2026-01-20 14:15:47,539] INFO spindle_dev.index:  Finished block 8 in 0.04 seconds, found 7 clusters.
[2026-01-20 14:15:47,539] INFO spindle_dev.index:  Using epsilon-net clustering for block 9
[2026-01-20 14:15:47,577] INFO spindle_dev.index:  Finished block 9 in 0.04 seconds, found 7 clusters.
[2026-01-20 14:15:47,577] INFO spindle_dev.index:  Using epsilon-net clustering for block 10
[2026-01-20 14:15:47,625] INFO spindle_dev.index:  Finished block 10 in 0.05 seconds, found 10 clusters.
[2026-01-20 14:15:47,625] INFO spindle_dev.index:  Using epsilon-net clustering for block 11
[2026-01-20 14:15:47,669] INFO spindle_dev.index:  Finished block 11 in 0.04 seconds, found 9 clusters.
[2026-01-20 14:15:47,669] INFO spindle_dev.index:  Using epsilon-net clustering for block 12
[2026-01-20 14:15:47,716] INFO spindle_dev.index:  Finished block 12 in 0.05 seconds, found 10 clusters.
[2026-01-20 14:15:47,716] INFO spindle_dev.index:  Using epsilon-net clustering for block 13
[2026-01-20 14:15:47,772] INFO spindle_dev.index:  Finished block 13 in 0.06 seconds, found 11 clusters.
[2026-01-20 14:15:47,772] INFO spindle_dev.index:  Using epsilon-net clustering for block 14
[2026-01-20 14:15:47,817] INFO spindle_dev.index:  Finished block 14 in 0.04 seconds, found 9 clusters.
[2026-01-20 14:15:47,817] INFO spindle_dev.index:  Using epsilon-net clustering for block 15
[2026-01-20 14:15:47,890] INFO spindle_dev.index:  Finished block 15 in 0.07 seconds, found 16 clusters.
[2026-01-20 14:15:47,891] INFO spindle_dev.index:  Using epsilon-net clustering for block 16
[2026-01-20 14:15:47,953] INFO spindle_dev.index:  Finished block 16 in 0.06 seconds, found 14 clusters.
[2026-01-20 14:15:47,953] INFO spindle_dev.index:  Using epsilon-net clustering for block 17
[2026-01-20 14:15:48,012] INFO spindle_dev.index:  Finished block 17 in 0.06 seconds, found 13 clusters.
[2026-01-20 14:15:48,013] INFO spindle_dev.index:  Using epsilon-net clustering for block 18
[2026-01-20 14:15:48,062] INFO spindle_dev.index:  Finished block 18 in 0.05 seconds, found 10 clusters.
[2026-01-20 14:15:48,062] INFO spindle_dev.index:  Using epsilon-net clustering for block 19
[2026-01-20 14:15:48,094] INFO spindle_dev.index:  Finished block 19 in 0.03 seconds, found 5 clusters.
[2026-01-20 14:15:48,094] INFO spindle_dev.index:  Using epsilon-net clustering for block 20
[2026-01-20 14:15:48,116] INFO spindle_dev.index:  Finished block 20 in 0.02 seconds, found 2 clusters.
[2026-01-20 14:15:48,116] INFO spindle_dev.index:  Using epsilon-net clustering for block 21
[2026-01-20 14:15:48,226] INFO spindle_dev.index:  Finished block 21 in 0.11 seconds, found 6 clusters.
[2026-01-20 14:15:48,227] INFO spindle_dev.index:  Using epsilon-net clustering for block 22
[2026-01-20 14:15:48,264] INFO spindle_dev.index:  Finished block 22 in 0.04 seconds, found 6 clusters.
[2026-01-20 14:15:48,264] INFO spindle_dev.index:  Using epsilon-net clustering for block 23
[2026-01-20 14:15:48,289] INFO spindle_dev.index:  Finished block 23 in 0.03 seconds, found 3 clusters.
[2026-01-20 14:15:48,289] INFO spindle_dev.index:  Using epsilon-net clustering for block 24
[2026-01-20 14:15:48,340] INFO spindle_dev.index:  Finished block 24 in 0.05 seconds, found 2 clusters.
[2026-01-20 14:15:48,340] INFO spindle_dev.index:  Using epsilon-net clustering for block 25
[2026-01-20 14:15:48,372] INFO spindle_dev.index:  Finished block 25 in 0.03 seconds, found 2 clusters.
[2026-01-20 14:15:48,372] INFO spindle_dev.index:  Using epsilon-net clustering for block 26
[2026-01-20 14:15:48,390] INFO spindle_dev.index:  Finished block 26 in 0.02 seconds, found 1 clusters.
[2026-01-20 14:15:48,390] INFO spindle_dev.index:  Using epsilon-net clustering for block 27
[2026-01-20 14:15:48,409] INFO spindle_dev.index:  Finished block 27 in 0.02 seconds, found 1 clusters.
[2026-01-20 14:15:48,409] INFO spindle_dev.index:  Using epsilon-net clustering for block 28
[2026-01-20 14:15:48,429] INFO spindle_dev.index:  Finished block 28 in 0.02 seconds, found 1 clusters.
[2026-01-20 14:15:48,429] INFO spindle_dev.index:  Using epsilon-net clustering for block 29
[2026-01-20 14:15:48,449] INFO spindle_dev.index:  Finished block 29 in 0.02 seconds, found 1 clusters.
[2026-01-20 14:15:48,449] INFO spindle_dev.index:  Using epsilon-net clustering for block 30
[2026-01-20 14:15:48,470] INFO spindle_dev.index:  Finished block 30 in 0.02 seconds, found 1 clusters.
[2026-01-20 14:15:48,470] INFO spindle_dev.index:  Using epsilon-net clustering for block 31
[2026-01-20 14:15:48,612] INFO spindle_dev.index:  Finished block 31 in 0.14 seconds, found 6 clusters.
[2026-01-20 14:15:48,612] INFO spindle_dev.index:  Using epsilon-net clustering for block 32
[2026-01-20 14:15:48,669] INFO spindle_dev.index:  Finished block 32 in 0.06 seconds, found 11 clusters.
[2026-01-20 14:15:48,669] INFO spindle_dev.index:  Using epsilon-net clustering for block 33
[2026-01-20 14:15:48,718] INFO spindle_dev.index:  Finished block 33 in 0.05 seconds, found 10 clusters.
[2026-01-20 14:15:48,718] INFO spindle_dev.index:  Using epsilon-net clustering for block 34
[2026-01-20 14:15:48,846] INFO spindle_dev.index:  Finished block 34 in 0.13 seconds, found 25 clusters.
[2026-01-20 14:15:48,846] INFO spindle_dev.index: Step 2: Build DAG connections between block clusters.
[2026-01-20 14:15:48,846] INFO spindle_dev.index: Step 2.1: For each layer order the block-clusters by
[2026-01-20 14:15:48,846] INFO spindle_dev.index: Not implemented: ordering block-clusters ? How to order them?
[2026-01-20 14:15:48,846] INFO spindle_dev.index: We will use triangle inequality to order clusters.
[2026-01-20 14:15:48,846] INFO spindle_dev.index: Step 2.2: Connect block-clusters between layers based on co-occurrence in SPDs.
[2026-01-20 14:15:48,855] INFO spindle_dev.index: Check if node global_node_id matches index in nodes list
[2026-01-20 14:15:48,855] INFO spindle_dev.index: Step 2.3: Ordering block-clusters within each layer using log-Euclidean distances.
[2026-01-20 14:15:48,855] INFO spindle_dev.index: Processing cluster 6
[2026-01-20 14:15:48,855] INFO spindle_dev.index: Building SPD index with epsilon=7.348541659979907
[2026-01-20 14:15:48,855] INFO spindle_dev.index: Step 1: Cluster blocks within each class of SPD matrices.
[2026-01-20 14:15:48,974] INFO spindle_dev.index: Cluster 6: 414 SPDs, 38 blocks
[2026-01-20 14:15:48,975] INFO spindle_dev.index:  Using epsilon-net clustering for block 0
[2026-01-20 14:15:48,989] INFO spindle_dev.index:  Finished block 0 in 0.01 seconds, found 1 clusters.
[2026-01-20 14:15:48,989] INFO spindle_dev.index:  Using epsilon-net clustering for block 1
[2026-01-20 14:15:49,002] INFO spindle_dev.index:  Finished block 1 in 0.01 seconds, found 1 clusters.
[2026-01-20 14:15:49,002] INFO spindle_dev.index:  Using epsilon-net clustering for block 2
[2026-01-20 14:15:49,022] INFO spindle_dev.index:  Finished block 2 in 0.02 seconds, found 2 clusters.
[2026-01-20 14:15:49,022] INFO spindle_dev.index:  Using epsilon-net clustering for block 3
[2026-01-20 14:15:49,038] INFO spindle_dev.index:  Finished block 3 in 0.02 seconds, found 2 clusters.
[2026-01-20 14:15:49,038] INFO spindle_dev.index:  Using epsilon-net clustering for block 4
[2026-01-20 14:15:49,055] INFO spindle_dev.index:  Finished block 4 in 0.02 seconds, found 2 clusters.
[2026-01-20 14:15:49,055] INFO spindle_dev.index:  Using epsilon-net clustering for block 5
[2026-01-20 14:15:49,072] INFO spindle_dev.index:  Finished block 5 in 0.02 seconds, found 2 clusters.
[2026-01-20 14:15:49,072] INFO spindle_dev.index:  Using epsilon-net clustering for block 6
[2026-01-20 14:15:49,092] INFO spindle_dev.index:  Finished block 6 in 0.02 seconds, found 3 clusters.
[2026-01-20 14:15:49,092] INFO spindle_dev.index:  Using epsilon-net clustering for block 7
[2026-01-20 14:15:49,112] INFO spindle_dev.index:  Finished block 7 in 0.02 seconds, found 3 clusters.
[2026-01-20 14:15:49,112] INFO spindle_dev.index:  Using epsilon-net clustering for block 8
[2026-01-20 14:15:49,133] INFO spindle_dev.index:  Finished block 8 in 0.02 seconds, found 3 clusters.
[2026-01-20 14:15:49,133] INFO spindle_dev.index:  Using epsilon-net clustering for block 9
[2026-01-20 14:15:49,150] INFO spindle_dev.index:  Finished block 9 in 0.02 seconds, found 2 clusters.
[2026-01-20 14:15:49,150] INFO spindle_dev.index:  Using epsilon-net clustering for block 10
[2026-01-20 14:15:49,170] INFO spindle_dev.index:  Finished block 10 in 0.02 seconds, found 3 clusters.
[2026-01-20 14:15:49,170] INFO spindle_dev.index:  Using epsilon-net clustering for block 11
[2026-01-20 14:15:49,189] INFO spindle_dev.index:  Finished block 11 in 0.02 seconds, found 2 clusters.
[2026-01-20 14:15:49,189] INFO spindle_dev.index:  Using epsilon-net clustering for block 12
[2026-01-20 14:15:49,213] INFO spindle_dev.index:  Finished block 12 in 0.02 seconds, found 4 clusters.
[2026-01-20 14:15:49,213] INFO spindle_dev.index:  Using epsilon-net clustering for block 13
[2026-01-20 14:15:49,234] INFO spindle_dev.index:  Finished block 13 in 0.02 seconds, found 3 clusters.
[2026-01-20 14:15:49,234] INFO spindle_dev.index:  Using epsilon-net clustering for block 14
[2026-01-20 14:15:49,262] INFO spindle_dev.index:  Finished block 14 in 0.03 seconds, found 5 clusters.
[2026-01-20 14:15:49,262] INFO spindle_dev.index:  Using epsilon-net clustering for block 15
[2026-01-20 14:15:49,283] INFO spindle_dev.index:  Finished block 15 in 0.02 seconds, found 3 clusters.
[2026-01-20 14:15:49,284] INFO spindle_dev.index:  Using epsilon-net clustering for block 16
[2026-01-20 14:15:49,305] INFO spindle_dev.index:  Finished block 16 in 0.02 seconds, found 3 clusters.
[2026-01-20 14:15:49,305] INFO spindle_dev.index:  Using epsilon-net clustering for block 17
[2026-01-20 14:15:49,330] INFO spindle_dev.index:  Finished block 17 in 0.02 seconds, found 4 clusters.
[2026-01-20 14:15:49,330] INFO spindle_dev.index:  Using epsilon-net clustering for block 18
[2026-01-20 14:15:49,357] INFO spindle_dev.index:  Finished block 18 in 0.03 seconds, found 4 clusters.
[2026-01-20 14:15:49,357] INFO spindle_dev.index:  Using epsilon-net clustering for block 19
[2026-01-20 14:15:49,391] INFO spindle_dev.index:  Finished block 19 in 0.03 seconds, found 7 clusters.
[2026-01-20 14:15:49,392] INFO spindle_dev.index:  Using epsilon-net clustering for block 20
[2026-01-20 14:15:49,414] INFO spindle_dev.index:  Finished block 20 in 0.02 seconds, found 3 clusters.
[2026-01-20 14:15:49,414] INFO spindle_dev.index:  Using epsilon-net clustering for block 21
[2026-01-20 14:15:49,442] INFO spindle_dev.index:  Finished block 21 in 0.03 seconds, found 5 clusters.
[2026-01-20 14:15:49,442] INFO spindle_dev.index:  Using epsilon-net clustering for block 22
[2026-01-20 14:15:49,476] INFO spindle_dev.index:  Finished block 22 in 0.03 seconds, found 4 clusters.
[2026-01-20 14:15:49,476] INFO spindle_dev.index:  Using epsilon-net clustering for block 23
[2026-01-20 14:15:49,502] INFO spindle_dev.index:  Finished block 23 in 0.03 seconds, found 4 clusters.
[2026-01-20 14:15:49,502] INFO spindle_dev.index:  Using epsilon-net clustering for block 24
[2026-01-20 14:15:49,521] INFO spindle_dev.index:  Finished block 24 in 0.02 seconds, found 2 clusters.
[2026-01-20 14:15:49,521] INFO spindle_dev.index:  Using epsilon-net clustering for block 25
[2026-01-20 14:15:49,547] INFO spindle_dev.index:  Finished block 25 in 0.03 seconds, found 4 clusters.
[2026-01-20 14:15:49,547] INFO spindle_dev.index:  Using epsilon-net clustering for block 26
[2026-01-20 14:15:49,651] INFO spindle_dev.index:  Finished block 26 in 0.10 seconds, found 4 clusters.
[2026-01-20 14:15:49,651] INFO spindle_dev.index:  Using epsilon-net clustering for block 27
[2026-01-20 14:15:49,678] INFO spindle_dev.index:  Finished block 27 in 0.03 seconds, found 4 clusters.
[2026-01-20 14:15:49,678] INFO spindle_dev.index:  Using epsilon-net clustering for block 28
[2026-01-20 14:15:49,701] INFO spindle_dev.index:  Finished block 28 in 0.02 seconds, found 3 clusters.
[2026-01-20 14:15:49,702] INFO spindle_dev.index:  Using epsilon-net clustering for block 29
[2026-01-20 14:15:49,724] INFO spindle_dev.index:  Finished block 29 in 0.02 seconds, found 3 clusters.
[2026-01-20 14:15:49,724] INFO spindle_dev.index:  Using epsilon-net clustering for block 30
[2026-01-20 14:15:49,748] INFO spindle_dev.index:  Finished block 30 in 0.02 seconds, found 2 clusters.
[2026-01-20 14:15:49,748] INFO spindle_dev.index:  Using epsilon-net clustering for block 31
[2026-01-20 14:15:49,768] INFO spindle_dev.index:  Finished block 31 in 0.02 seconds, found 2 clusters.
[2026-01-20 14:15:49,768] INFO spindle_dev.index:  Using epsilon-net clustering for block 32
[2026-01-20 14:15:49,791] INFO spindle_dev.index:  Finished block 32 in 0.02 seconds, found 3 clusters.
[2026-01-20 14:15:49,791] INFO spindle_dev.index:  Using epsilon-net clustering for block 33
[2026-01-20 14:15:49,810] INFO spindle_dev.index:  Finished block 33 in 0.02 seconds, found 2 clusters.
[2026-01-20 14:15:49,810] INFO spindle_dev.index:  Using epsilon-net clustering for block 34
[2026-01-20 14:15:49,830] INFO spindle_dev.index:  Finished block 34 in 0.02 seconds, found 2 clusters.
[2026-01-20 14:15:49,830] INFO spindle_dev.index:  Using epsilon-net clustering for block 35
[2026-01-20 14:15:49,962] INFO spindle_dev.index:  Finished block 35 in 0.13 seconds, found 6 clusters.
[2026-01-20 14:15:49,962] INFO spindle_dev.index:  Using epsilon-net clustering for block 36
[2026-01-20 14:15:49,987] INFO spindle_dev.index:  Finished block 36 in 0.02 seconds, found 2 clusters.
[2026-01-20 14:15:49,987] INFO spindle_dev.index:  Using epsilon-net clustering for block 37
[2026-01-20 14:15:50,008] INFO spindle_dev.index:  Finished block 37 in 0.02 seconds, found 3 clusters.
[2026-01-20 14:15:50,008] INFO spindle_dev.index: Step 2: Build DAG connections between block clusters.
[2026-01-20 14:15:50,008] INFO spindle_dev.index: Step 2.1: For each layer order the block-clusters by
[2026-01-20 14:15:50,008] INFO spindle_dev.index: Not implemented: ordering block-clusters ? How to order them?
[2026-01-20 14:15:50,008] INFO spindle_dev.index: We will use triangle inequality to order clusters.
[2026-01-20 14:15:50,008] INFO spindle_dev.index: Step 2.2: Connect block-clusters between layers based on co-occurrence in SPDs.
[2026-01-20 14:15:50,017] INFO spindle_dev.index: Check if node global_node_id matches index in nodes list
[2026-01-20 14:15:50,017] INFO spindle_dev.index: Step 2.3: Ordering block-clusters within each layer using log-Euclidean distances.
[2026-01-20 14:15:50,017] INFO spindle_dev.index: Processing cluster 7
[2026-01-20 14:15:50,017] INFO spindle_dev.index: Building SPD index with epsilon=1.8774843732682847
[2026-01-20 14:15:50,017] INFO spindle_dev.index: Step 1: Cluster blocks within each class of SPD matrices.
[2026-01-20 14:15:50,027] INFO spindle_dev.index: Cluster 7: 34 SPDs, 19 blocks
[2026-01-20 14:15:50,028] INFO spindle_dev.index:  Using epsilon-net clustering for block 0
[2026-01-20 14:15:50,029] INFO spindle_dev.index:  Finished block 0 in 0.00 seconds, found 1 clusters.
[2026-01-20 14:15:50,029] INFO spindle_dev.index:  Using epsilon-net clustering for block 1
[2026-01-20 14:15:50,032] INFO spindle_dev.index:  Finished block 1 in 0.00 seconds, found 6 clusters.
[2026-01-20 14:15:50,032] INFO spindle_dev.index:  Using epsilon-net clustering for block 2
[2026-01-20 14:15:50,035] INFO spindle_dev.index:  Finished block 2 in 0.00 seconds, found 7 clusters.
[2026-01-20 14:15:50,035] INFO spindle_dev.index:  Using epsilon-net clustering for block 3
[2026-01-20 14:15:50,038] INFO spindle_dev.index:  Finished block 3 in 0.00 seconds, found 8 clusters.
[2026-01-20 14:15:50,038] INFO spindle_dev.index:  Using epsilon-net clustering for block 4
[2026-01-20 14:15:50,040] INFO spindle_dev.index:  Finished block 4 in 0.00 seconds, found 5 clusters.
[2026-01-20 14:15:50,040] INFO spindle_dev.index:  Using epsilon-net clustering for block 5
[2026-01-20 14:15:50,043] INFO spindle_dev.index:  Finished block 5 in 0.00 seconds, found 9 clusters.
[2026-01-20 14:15:50,043] INFO spindle_dev.index:  Using epsilon-net clustering for block 6
[2026-01-20 14:15:50,049] INFO spindle_dev.index:  Finished block 6 in 0.01 seconds, found 13 clusters.
[2026-01-20 14:15:50,049] INFO spindle_dev.index:  Using epsilon-net clustering for block 7
[2026-01-20 14:15:50,052] INFO spindle_dev.index:  Finished block 7 in 0.00 seconds, found 8 clusters.
[2026-01-20 14:15:50,052] INFO spindle_dev.index:  Using epsilon-net clustering for block 8
[2026-01-20 14:15:50,055] INFO spindle_dev.index:  Finished block 8 in 0.00 seconds, found 10 clusters.
[2026-01-20 14:15:50,056] INFO spindle_dev.index:  Using epsilon-net clustering for block 9
[2026-01-20 14:15:50,060] INFO spindle_dev.index:  Finished block 9 in 0.00 seconds, found 14 clusters.
[2026-01-20 14:15:50,060] INFO spindle_dev.index:  Using epsilon-net clustering for block 10
[2026-01-20 14:15:50,065] INFO spindle_dev.index:  Finished block 10 in 0.00 seconds, found 13 clusters.
[2026-01-20 14:15:50,065] INFO spindle_dev.index:  Using epsilon-net clustering for block 11
[2026-01-20 14:15:50,079] INFO spindle_dev.index:  Finished block 11 in 0.01 seconds, found 33 clusters.
[2026-01-20 14:15:50,079] INFO spindle_dev.index:  Using epsilon-net clustering for block 12
[2026-01-20 14:15:50,083] INFO spindle_dev.index:  Finished block 12 in 0.00 seconds, found 9 clusters.
[2026-01-20 14:15:50,083] INFO spindle_dev.index:  Using epsilon-net clustering for block 13
[2026-01-20 14:15:50,085] INFO spindle_dev.index:  Finished block 13 in 0.00 seconds, found 5 clusters.
[2026-01-20 14:15:50,085] INFO spindle_dev.index:  Using epsilon-net clustering for block 14
[2026-01-20 14:15:50,088] INFO spindle_dev.index:  Finished block 14 in 0.00 seconds, found 7 clusters.
[2026-01-20 14:15:50,088] INFO spindle_dev.index:  Using epsilon-net clustering for block 15
[2026-01-20 14:15:50,092] INFO spindle_dev.index:  Finished block 15 in 0.00 seconds, found 11 clusters.
[2026-01-20 14:15:50,092] INFO spindle_dev.index:  Using epsilon-net clustering for block 16
[2026-01-20 14:15:50,096] INFO spindle_dev.index:  Finished block 16 in 0.00 seconds, found 1 clusters.
[2026-01-20 14:15:50,096] INFO spindle_dev.index:  Using epsilon-net clustering for block 17
[2026-01-20 14:15:50,382] INFO spindle_dev.index:  Finished block 17 in 0.29 seconds, found 1 clusters.
[2026-01-20 14:15:50,382] INFO spindle_dev.index:  Using epsilon-net clustering for block 18
[2026-01-20 14:15:50,413] INFO spindle_dev.index:  Finished block 18 in 0.03 seconds, found 1 clusters.
[2026-01-20 14:15:50,413] INFO spindle_dev.index: Step 2: Build DAG connections between block clusters.
[2026-01-20 14:15:50,413] INFO spindle_dev.index: Step 2.1: For each layer order the block-clusters by
[2026-01-20 14:15:50,413] INFO spindle_dev.index: Not implemented: ordering block-clusters ? How to order them?
[2026-01-20 14:15:50,413] INFO spindle_dev.index: We will use triangle inequality to order clusters.
[2026-01-20 14:15:50,413] INFO spindle_dev.index: Step 2.2: Connect block-clusters between layers based on co-occurrence in SPDs.
[2026-01-20 14:15:50,414] INFO spindle_dev.index: Check if node global_node_id matches index in nodes list
[2026-01-20 14:15:50,414] INFO spindle_dev.index: Step 2.3: Ordering block-clusters within each layer using log-Euclidean distances.
[2026-01-20 14:16:05,060] INFO spindle_dev.test: Built ground-truth paths for 3053 SPDs in cluster 0 across 36 blocks.
[2026-01-20 14:16:13,858] INFO spindle_dev.test: Built ground-truth paths for 2643 SPDs in cluster 1 across 36 blocks.
[2026-01-20 14:16:16,685] INFO spindle_dev.test: Built ground-truth paths for 1523 SPDs in cluster 2 across 35 blocks.
[2026-01-20 14:16:19,572] INFO spindle_dev.test: Built ground-truth paths for 1479 SPDs in cluster 3 across 38 blocks.
[2026-01-20 14:16:21,571] INFO spindle_dev.test: Built ground-truth paths for 1196 SPDs in cluster 4 across 39 blocks.
[2026-01-20 14:16:21,858] INFO spindle_dev.test: Built ground-truth paths for 460 SPDs in cluster 5 across 35 blocks.
[2026-01-20 14:16:22,103] INFO spindle_dev.test: Built ground-truth paths for 414 SPDs in cluster 6 across 38 blocks.
[2026-01-20 14:16:22,105] INFO spindle_dev.test: Built ground-truth paths for 34 SPDs in cluster 7 across 19 blocks.
[2026-01-20 14:16:25,310] INFO spindle_dev.index: Clustering SPD-s using 'tree' distance.
[2026-01-20 14:16:25,310] INFO spindle_dev.index: Building ultrametric features from SPD matrices.
[2026-01-20 14:16:27,998] INFO spindle_dev.index: Computing latent features from the tree representations.
[2026-01-20 14:16:28,306] INFO spindle_dev.index: Reducing latent features to 30 dimensions using PCA.
[2026-01-20 14:16:31,287] INFO spindle_dev.index: Explained variance ratios by PCA components: [0.02177409 0.01621489 0.01402322 0.01061548 0.00804401 0.00778217
 0.00701543 0.00619309 0.00554718 0.00534228 0.00509347 0.00502122
 0.0047046  0.00462159 0.00455817 0.00440397 0.00429407 0.00424094
 0.00418784 0.00394087 0.0039099  0.00384954 0.00378505 0.0037558
 0.00374439 0.00363669 0.00356704 0.00348344 0.00337764 0.00329356]
[2026-01-20 14:16:31,288] INFO spindle_dev.index: Reducing latent features to 2 dimensions using UMAP.
/panfs/accrepfs.vampire/home/sarkah1/miniforge3/envs/spatial/lib/python3.10/site-packages/umap/umap_.py:1952: UserWarning: n_jobs value 1 overridden to 1 by setting random_state. Use no seed for parallelism.
  warn(
[2026-01-20 14:16:32,443] INFO spindle_dev.index: Clustering SPD-s using 'tree' distance.
[2026-01-20 14:16:32,443] INFO spindle_dev.index: Clustering SPD matrices using Leiden clustering with resolution 0.50.
[2026-01-20 14:16:32,479] INFO spindle_dev.index: Since clustering method is tree, I am going to find global order per cluster
[2026-01-20 14:16:32,479] INFO spindle_dev.index: Finding consensus tree for cluster 0
[2026-01-20 14:16:32,574] INFO spindle_dev.index: Finding consensus tree for cluster 1
[2026-01-20 14:16:32,627] INFO spindle_dev.index: Finding consensus tree for cluster 2
[2026-01-20 14:16:32,662] INFO spindle_dev.index: Finding consensus tree for cluster 3
[2026-01-20 14:16:32,689] INFO spindle_dev.index: Finding consensus tree for cluster 4
[2026-01-20 14:16:32,713] INFO spindle_dev.index: Finding consensus tree for cluster 5
[2026-01-20 14:16:33,122] INFO spindle_dev.index: Computing mean correlation matrix for cluster 0
[2026-01-20 14:16:33,386] INFO spindle_dev.index: Computing mean correlation matrix for cluster 1
[2026-01-20 14:16:33,618] INFO spindle_dev.index: Computing mean correlation matrix for cluster 2
[2026-01-20 14:16:33,806] INFO spindle_dev.index: Computing mean correlation matrix for cluster 3
[2026-01-20 14:16:33,961] INFO spindle_dev.index: Computing mean correlation matrix for cluster 4
[2026-01-20 14:16:34,085] INFO spindle_dev.index: Computing mean correlation matrix for cluster 5
[2026-01-20 14:16:34,129] INFO spindle_dev.index: Finding adaptive block runs for cluster 0
[2026-01-20 14:16:34,518] INFO spindle_dev.index:  Chose t=0.9156707036128818 resulting in 201 blocks instead of 188 blocks would have gotten by default
[2026-01-20 14:16:34,549] INFO spindle_dev.index:  Final block runs for cluster 0: 25 blocks.
[2026-01-20 14:16:34,549] INFO spindle_dev.index: Finding adaptive block runs for cluster 1
[2026-01-20 14:16:34,939] INFO spindle_dev.index:  Chose t=0.9043303022203169 resulting in 210 blocks instead of 171 blocks would have gotten by default
[2026-01-20 14:16:34,973] INFO spindle_dev.index:  Final block runs for cluster 1: 27 blocks.
[2026-01-20 14:16:34,973] INFO spindle_dev.index: Finding adaptive block runs for cluster 2
[2026-01-20 14:16:35,364] INFO spindle_dev.index:  Chose t=0.9146734050499059 resulting in 199 blocks instead of 191 blocks would have gotten by default
[2026-01-20 14:16:35,395] INFO spindle_dev.index:  Final block runs for cluster 2: 27 blocks.
[2026-01-20 14:16:35,395] INFO spindle_dev.index: Finding adaptive block runs for cluster 3
[2026-01-20 14:16:35,786] INFO spindle_dev.index:  Chose t=0.9197732613802214 resulting in 224 blocks instead of 223 blocks would have gotten by default
[2026-01-20 14:16:35,826] INFO spindle_dev.index:  Final block runs for cluster 3: 26 blocks.
[2026-01-20 14:16:35,826] INFO spindle_dev.index: Finding adaptive block runs for cluster 4
[2026-01-20 14:16:36,221] INFO spindle_dev.index:  Chose t=0.9274690944099538 resulting in 163 blocks instead of 177 blocks would have gotten by default
[2026-01-20 14:16:36,242] INFO spindle_dev.index:  Final block runs for cluster 4: 21 blocks.
[2026-01-20 14:16:36,242] INFO spindle_dev.index: Finding adaptive block runs for cluster 5
[2026-01-20 14:16:36,628] INFO spindle_dev.index:  Chose t=0.8917303715632674 resulting in 185 blocks instead of 137 blocks would have gotten by default
[2026-01-20 14:16:36,655] INFO spindle_dev.index:  Final block runs for cluster 5: 25 blocks.
[2026-01-20 14:16:39,037] INFO spindle_dev.index: Processing cluster 0
[2026-01-20 14:16:39,038] INFO spindle_dev.index: Building SPD index with epsilon=5.515774793675659
[2026-01-20 14:16:39,038] INFO spindle_dev.index: Step 1: Cluster blocks within each class of SPD matrices.
[2026-01-20 14:16:39,046] INFO spindle_dev.index: Cluster 0: 196 SPDs, 25 blocks
[2026-01-20 14:16:39,046] INFO spindle_dev.index:  Using epsilon-net clustering for block 0
[2026-01-20 14:16:39,066] INFO spindle_dev.index:  Finished block 0 in 0.02 seconds, found 8 clusters.
[2026-01-20 14:16:39,066] INFO spindle_dev.index:  Using epsilon-net clustering for block 1
[2026-01-20 14:16:39,092] INFO spindle_dev.index:  Finished block 1 in 0.03 seconds, found 14 clusters.
[2026-01-20 14:16:39,092] INFO spindle_dev.index:  Using epsilon-net clustering for block 2
[2026-01-20 14:16:39,118] INFO spindle_dev.index:  Finished block 2 in 0.03 seconds, found 14 clusters.
[2026-01-20 14:16:39,118] INFO spindle_dev.index:  Using epsilon-net clustering for block 3
[2026-01-20 14:16:39,150] INFO spindle_dev.index:  Finished block 3 in 0.03 seconds, found 17 clusters.
[2026-01-20 14:16:39,150] INFO spindle_dev.index:  Using epsilon-net clustering for block 4
[2026-01-20 14:16:39,179] INFO spindle_dev.index:  Finished block 4 in 0.03 seconds, found 15 clusters.
[2026-01-20 14:16:39,179] INFO spindle_dev.index:  Using epsilon-net clustering for block 5
[2026-01-20 14:16:39,208] INFO spindle_dev.index:  Finished block 5 in 0.03 seconds, found 16 clusters.
[2026-01-20 14:16:39,208] INFO spindle_dev.index:  Using epsilon-net clustering for block 6
[2026-01-20 14:16:39,236] INFO spindle_dev.index:  Finished block 6 in 0.03 seconds, found 15 clusters.
[2026-01-20 14:16:39,237] INFO spindle_dev.index:  Using epsilon-net clustering for block 7
[2026-01-20 14:16:39,262] INFO spindle_dev.index:  Finished block 7 in 0.03 seconds, found 13 clusters.
[2026-01-20 14:16:39,262] INFO spindle_dev.index:  Using epsilon-net clustering for block 8
[2026-01-20 14:16:39,284] INFO spindle_dev.index:  Finished block 8 in 0.02 seconds, found 11 clusters.
[2026-01-20 14:16:39,284] INFO spindle_dev.index:  Using epsilon-net clustering for block 9
[2026-01-20 14:16:39,329] INFO spindle_dev.index:  Finished block 9 in 0.04 seconds, found 23 clusters.
[2026-01-20 14:16:39,329] INFO spindle_dev.index:  Using epsilon-net clustering for block 10
[2026-01-20 14:16:39,350] INFO spindle_dev.index:  Finished block 10 in 0.02 seconds, found 10 clusters.
[2026-01-20 14:16:39,350] INFO spindle_dev.index:  Using epsilon-net clustering for block 11
[2026-01-20 14:16:39,373] INFO spindle_dev.index:  Finished block 11 in 0.02 seconds, found 11 clusters.
[2026-01-20 14:16:39,373] INFO spindle_dev.index:  Using epsilon-net clustering for block 12
[2026-01-20 14:16:39,397] INFO spindle_dev.index:  Finished block 12 in 0.02 seconds, found 11 clusters.
[2026-01-20 14:16:39,397] INFO spindle_dev.index:  Using epsilon-net clustering for block 13
[2026-01-20 14:16:39,432] INFO spindle_dev.index:  Finished block 13 in 0.04 seconds, found 16 clusters.
[2026-01-20 14:16:39,433] INFO spindle_dev.index:  Using epsilon-net clustering for block 14
[2026-01-20 14:16:39,448] INFO spindle_dev.index:  Finished block 14 in 0.02 seconds, found 6 clusters.
[2026-01-20 14:16:39,448] INFO spindle_dev.index:  Using epsilon-net clustering for block 15
[2026-01-20 14:16:39,466] INFO spindle_dev.index:  Finished block 15 in 0.02 seconds, found 8 clusters.
[2026-01-20 14:16:39,466] INFO spindle_dev.index:  Using epsilon-net clustering for block 16
[2026-01-20 14:16:39,480] INFO spindle_dev.index:  Finished block 16 in 0.01 seconds, found 5 clusters.
[2026-01-20 14:16:39,480] INFO spindle_dev.index:  Using epsilon-net clustering for block 17
[2026-01-20 14:16:39,491] INFO spindle_dev.index:  Finished block 17 in 0.01 seconds, found 1 clusters.
[2026-01-20 14:16:39,491] INFO spindle_dev.index:  Using epsilon-net clustering for block 18
[2026-01-20 14:16:39,526] INFO spindle_dev.index:  Finished block 18 in 0.03 seconds, found 1 clusters.
[2026-01-20 14:16:39,526] INFO spindle_dev.index:  Using epsilon-net clustering for block 19
[2026-01-20 14:16:39,538] INFO spindle_dev.index:  Finished block 19 in 0.01 seconds, found 4 clusters.
[2026-01-20 14:16:39,538] INFO spindle_dev.index:  Using epsilon-net clustering for block 20
[2026-01-20 14:16:39,560] INFO spindle_dev.index:  Finished block 20 in 0.02 seconds, found 1 clusters.
[2026-01-20 14:16:39,560] INFO spindle_dev.index:  Using epsilon-net clustering for block 21
[2026-01-20 14:16:39,583] INFO spindle_dev.index:  Finished block 21 in 0.02 seconds, found 2 clusters.
[2026-01-20 14:16:39,583] INFO spindle_dev.index:  Using epsilon-net clustering for block 22
[2026-01-20 14:16:39,599] INFO spindle_dev.index:  Finished block 22 in 0.02 seconds, found 5 clusters.
[2026-01-20 14:16:39,599] INFO spindle_dev.index:  Using epsilon-net clustering for block 23
[2026-01-20 14:16:39,618] INFO spindle_dev.index:  Finished block 23 in 0.02 seconds, found 4 clusters.
[2026-01-20 14:16:39,618] INFO spindle_dev.index:  Using epsilon-net clustering for block 24
[2026-01-20 14:16:39,636] INFO spindle_dev.index:  Finished block 24 in 0.02 seconds, found 2 clusters.
[2026-01-20 14:16:39,636] INFO spindle_dev.index: Step 2: Build DAG connections between block clusters.
[2026-01-20 14:16:39,636] INFO spindle_dev.index: Step 2.1: For each layer order the block-clusters by
[2026-01-20 14:16:39,636] INFO spindle_dev.index: Not implemented: ordering block-clusters ? How to order them?
[2026-01-20 14:16:39,636] INFO spindle_dev.index: We will use triangle inequality to order clusters.
[2026-01-20 14:16:39,636] INFO spindle_dev.index: Step 2.2: Connect block-clusters between layers based on co-occurrence in SPDs.
[2026-01-20 14:16:39,639] INFO spindle_dev.index: Check if node global_node_id matches index in nodes list
[2026-01-20 14:16:39,639] INFO spindle_dev.index: Step 2.3: Ordering block-clusters within each layer using log-Euclidean distances.
[2026-01-20 14:16:39,639] INFO spindle_dev.index: Processing cluster 1
[2026-01-20 14:16:39,639] INFO spindle_dev.index: Building SPD index with epsilon=6.060163503031936
[2026-01-20 14:16:39,640] INFO spindle_dev.index: Step 1: Cluster blocks within each class of SPD matrices.
[2026-01-20 14:16:39,669] INFO spindle_dev.index: Cluster 1: 178 SPDs, 27 blocks
[2026-01-20 14:16:39,669] INFO spindle_dev.index:  Using epsilon-net clustering for block 0
[2026-01-20 14:16:39,680] INFO spindle_dev.index:  Finished block 0 in 0.01 seconds, found 4 clusters.
[2026-01-20 14:16:39,680] INFO spindle_dev.index:  Using epsilon-net clustering for block 1
[2026-01-20 14:16:39,691] INFO spindle_dev.index:  Finished block 1 in 0.01 seconds, found 5 clusters.
[2026-01-20 14:16:39,691] INFO spindle_dev.index:  Using epsilon-net clustering for block 2
[2026-01-20 14:16:39,708] INFO spindle_dev.index:  Finished block 2 in 0.02 seconds, found 9 clusters.
[2026-01-20 14:16:39,708] INFO spindle_dev.index:  Using epsilon-net clustering for block 3
[2026-01-20 14:16:39,729] INFO spindle_dev.index:  Finished block 3 in 0.02 seconds, found 11 clusters.
[2026-01-20 14:16:39,729] INFO spindle_dev.index:  Using epsilon-net clustering for block 4
[2026-01-20 14:16:39,747] INFO spindle_dev.index:  Finished block 4 in 0.02 seconds, found 10 clusters.
[2026-01-20 14:16:39,747] INFO spindle_dev.index:  Using epsilon-net clustering for block 5
[2026-01-20 14:16:39,763] INFO spindle_dev.index:  Finished block 5 in 0.02 seconds, found 8 clusters.
[2026-01-20 14:16:39,763] INFO spindle_dev.index:  Using epsilon-net clustering for block 6
[2026-01-20 14:16:39,783] INFO spindle_dev.index:  Finished block 6 in 0.02 seconds, found 11 clusters.
[2026-01-20 14:16:39,784] INFO spindle_dev.index:  Using epsilon-net clustering for block 7
[2026-01-20 14:16:39,804] INFO spindle_dev.index:  Finished block 7 in 0.02 seconds, found 11 clusters.
[2026-01-20 14:16:39,804] INFO spindle_dev.index:  Using epsilon-net clustering for block 8
[2026-01-20 14:16:39,827] INFO spindle_dev.index:  Finished block 8 in 0.02 seconds, found 13 clusters.
[2026-01-20 14:16:39,827] INFO spindle_dev.index:  Using epsilon-net clustering for block 9
[2026-01-20 14:16:39,846] INFO spindle_dev.index:  Finished block 9 in 0.02 seconds, found 10 clusters.
[2026-01-20 14:16:39,846] INFO spindle_dev.index:  Using epsilon-net clustering for block 10
[2026-01-20 14:16:39,862] INFO spindle_dev.index:  Finished block 10 in 0.02 seconds, found 8 clusters.
[2026-01-20 14:16:39,862] INFO spindle_dev.index:  Using epsilon-net clustering for block 11
[2026-01-20 14:16:39,879] INFO spindle_dev.index:  Finished block 11 in 0.02 seconds, found 8 clusters.
[2026-01-20 14:16:39,879] INFO spindle_dev.index:  Using epsilon-net clustering for block 12
[2026-01-20 14:16:39,891] INFO spindle_dev.index:  Finished block 12 in 0.01 seconds, found 5 clusters.
[2026-01-20 14:16:39,892] INFO spindle_dev.index:  Using epsilon-net clustering for block 13
[2026-01-20 14:16:39,911] INFO spindle_dev.index:  Finished block 13 in 0.02 seconds, found 10 clusters.
[2026-01-20 14:16:39,911] INFO spindle_dev.index:  Using epsilon-net clustering for block 14
[2026-01-20 14:16:39,930] INFO spindle_dev.index:  Finished block 14 in 0.02 seconds, found 7 clusters.
[2026-01-20 14:16:39,930] INFO spindle_dev.index:  Using epsilon-net clustering for block 15
[2026-01-20 14:16:39,947] INFO spindle_dev.index:  Finished block 15 in 0.02 seconds, found 7 clusters.
[2026-01-20 14:16:39,947] INFO spindle_dev.index:  Using epsilon-net clustering for block 16
[2026-01-20 14:16:39,958] INFO spindle_dev.index:  Finished block 16 in 0.01 seconds, found 4 clusters.
[2026-01-20 14:16:39,958] INFO spindle_dev.index:  Using epsilon-net clustering for block 17
[2026-01-20 14:16:39,971] INFO spindle_dev.index:  Finished block 17 in 0.01 seconds, found 2 clusters.
[2026-01-20 14:16:39,972] INFO spindle_dev.index:  Using epsilon-net clustering for block 18
[2026-01-20 14:16:39,984] INFO spindle_dev.index:  Finished block 18 in 0.01 seconds, found 4 clusters.
[2026-01-20 14:16:39,984] INFO spindle_dev.index:  Using epsilon-net clustering for block 19
[2026-01-20 14:16:40,008] INFO spindle_dev.index:  Finished block 19 in 0.02 seconds, found 4 clusters.
[2026-01-20 14:16:40,008] INFO spindle_dev.index:  Using epsilon-net clustering for block 20
[2026-01-20 14:16:40,028] INFO spindle_dev.index:  Finished block 20 in 0.02 seconds, found 3 clusters.
[2026-01-20 14:16:40,028] INFO spindle_dev.index:  Using epsilon-net clustering for block 21
[2026-01-20 14:16:40,042] INFO spindle_dev.index:  Finished block 21 in 0.01 seconds, found 6 clusters.
[2026-01-20 14:16:40,042] INFO spindle_dev.index:  Using epsilon-net clustering for block 22
[2026-01-20 14:16:40,057] INFO spindle_dev.index:  Finished block 22 in 0.02 seconds, found 7 clusters.
[2026-01-20 14:16:40,058] INFO spindle_dev.index:  Using epsilon-net clustering for block 23
[2026-01-20 14:16:40,069] INFO spindle_dev.index:  Finished block 23 in 0.01 seconds, found 2 clusters.
[2026-01-20 14:16:40,069] INFO spindle_dev.index:  Using epsilon-net clustering for block 24
[2026-01-20 14:16:40,102] INFO spindle_dev.index:  Finished block 24 in 0.03 seconds, found 3 clusters.
[2026-01-20 14:16:40,102] INFO spindle_dev.index:  Using epsilon-net clustering for block 25
[2026-01-20 14:16:40,115] INFO spindle_dev.index:  Finished block 25 in 0.01 seconds, found 2 clusters.
[2026-01-20 14:16:40,115] INFO spindle_dev.index:  Using epsilon-net clustering for block 26
[2026-01-20 14:16:40,134] INFO spindle_dev.index:  Finished block 26 in 0.02 seconds, found 8 clusters.
[2026-01-20 14:16:40,134] INFO spindle_dev.index: Step 2: Build DAG connections between block clusters.
[2026-01-20 14:16:40,134] INFO spindle_dev.index: Step 2.1: For each layer order the block-clusters by
[2026-01-20 14:16:40,136] INFO spindle_dev.index: Not implemented: ordering block-clusters ? How to order them?
[2026-01-20 14:16:40,136] INFO spindle_dev.index: We will use triangle inequality to order clusters.
[2026-01-20 14:16:40,136] INFO spindle_dev.index: Step 2.2: Connect block-clusters between layers based on co-occurrence in SPDs.
[2026-01-20 14:16:40,140] INFO spindle_dev.index: Check if node global_node_id matches index in nodes list
[2026-01-20 14:16:40,140] INFO spindle_dev.index: Step 2.3: Ordering block-clusters within each layer using log-Euclidean distances.
[2026-01-20 14:16:40,140] INFO spindle_dev.index: Processing cluster 2
[2026-01-20 14:16:40,140] INFO spindle_dev.index: Building SPD index with epsilon=7.402832305920333
[2026-01-20 14:16:40,140] INFO spindle_dev.index: Step 1: Cluster blocks within each class of SPD matrices.
[2026-01-20 14:16:40,146] INFO spindle_dev.index: Cluster 2: 162 SPDs, 27 blocks
[2026-01-20 14:16:40,147] INFO spindle_dev.index:  Using epsilon-net clustering for block 0
[2026-01-20 14:16:40,153] INFO spindle_dev.index:  Finished block 0 in 0.01 seconds, found 1 clusters.
[2026-01-20 14:16:40,153] INFO spindle_dev.index:  Using epsilon-net clustering for block 1
[2026-01-20 14:16:40,160] INFO spindle_dev.index:  Finished block 1 in 0.01 seconds, found 2 clusters.
[2026-01-20 14:16:40,160] INFO spindle_dev.index:  Using epsilon-net clustering for block 2
[2026-01-20 14:16:40,168] INFO spindle_dev.index:  Finished block 2 in 0.01 seconds, found 3 clusters.
[2026-01-20 14:16:40,168] INFO spindle_dev.index:  Using epsilon-net clustering for block 3
[2026-01-20 14:16:40,175] INFO spindle_dev.index:  Finished block 3 in 0.01 seconds, found 2 clusters.
[2026-01-20 14:16:40,175] INFO spindle_dev.index:  Using epsilon-net clustering for block 4
[2026-01-20 14:16:40,182] INFO spindle_dev.index:  Finished block 4 in 0.01 seconds, found 2 clusters.
[2026-01-20 14:16:40,182] INFO spindle_dev.index:  Using epsilon-net clustering for block 5
[2026-01-20 14:16:40,190] INFO spindle_dev.index:  Finished block 5 in 0.01 seconds, found 3 clusters.
[2026-01-20 14:16:40,190] INFO spindle_dev.index:  Using epsilon-net clustering for block 6
[2026-01-20 14:16:40,197] INFO spindle_dev.index:  Finished block 6 in 0.01 seconds, found 2 clusters.
[2026-01-20 14:16:40,197] INFO spindle_dev.index:  Using epsilon-net clustering for block 7
[2026-01-20 14:16:40,206] INFO spindle_dev.index:  Finished block 7 in 0.01 seconds, found 3 clusters.
[2026-01-20 14:16:40,206] INFO spindle_dev.index:  Using epsilon-net clustering for block 8
[2026-01-20 14:16:40,214] INFO spindle_dev.index:  Finished block 8 in 0.01 seconds, found 3 clusters.
[2026-01-20 14:16:40,214] INFO spindle_dev.index:  Using epsilon-net clustering for block 9
[2026-01-20 14:16:40,223] INFO spindle_dev.index:  Finished block 9 in 0.01 seconds, found 3 clusters.
[2026-01-20 14:16:40,223] INFO spindle_dev.index:  Using epsilon-net clustering for block 10
[2026-01-20 14:16:40,232] INFO spindle_dev.index:  Finished block 10 in 0.01 seconds, found 3 clusters.
[2026-01-20 14:16:40,232] INFO spindle_dev.index:  Using epsilon-net clustering for block 11
[2026-01-20 14:16:40,242] INFO spindle_dev.index:  Finished block 11 in 0.01 seconds, found 4 clusters.
[2026-01-20 14:16:40,242] INFO spindle_dev.index:  Using epsilon-net clustering for block 12
[2026-01-20 14:16:40,253] INFO spindle_dev.index:  Finished block 12 in 0.01 seconds, found 5 clusters.
[2026-01-20 14:16:40,253] INFO spindle_dev.index:  Using epsilon-net clustering for block 13
[2026-01-20 14:16:40,264] INFO spindle_dev.index:  Finished block 13 in 0.01 seconds, found 4 clusters.
[2026-01-20 14:16:40,264] INFO spindle_dev.index:  Using epsilon-net clustering for block 14
[2026-01-20 14:16:40,274] INFO spindle_dev.index:  Finished block 14 in 0.01 seconds, found 4 clusters.
[2026-01-20 14:16:40,274] INFO spindle_dev.index:  Using epsilon-net clustering for block 15
[2026-01-20 14:16:40,285] INFO spindle_dev.index:  Finished block 15 in 0.01 seconds, found 4 clusters.
[2026-01-20 14:16:40,285] INFO spindle_dev.index:  Using epsilon-net clustering for block 16
[2026-01-20 14:16:40,298] INFO spindle_dev.index:  Finished block 16 in 0.01 seconds, found 6 clusters.
[2026-01-20 14:16:40,298] INFO spindle_dev.index:  Using epsilon-net clustering for block 17
[2026-01-20 14:16:40,323] INFO spindle_dev.index:  Finished block 17 in 0.03 seconds, found 5 clusters.
[2026-01-20 14:16:40,323] INFO spindle_dev.index:  Using epsilon-net clustering for block 18
[2026-01-20 14:16:40,331] INFO spindle_dev.index:  Finished block 18 in 0.01 seconds, found 2 clusters.
[2026-01-20 14:16:40,331] INFO spindle_dev.index:  Using epsilon-net clustering for block 19
[2026-01-20 14:16:40,344] INFO spindle_dev.index:  Finished block 19 in 0.01 seconds, found 3 clusters.
[2026-01-20 14:16:40,344] INFO spindle_dev.index:  Using epsilon-net clustering for block 20
[2026-01-20 14:16:40,357] INFO spindle_dev.index:  Finished block 20 in 0.01 seconds, found 5 clusters.
[2026-01-20 14:16:40,357] INFO spindle_dev.index:  Using epsilon-net clustering for block 21
[2026-01-20 14:16:40,368] INFO spindle_dev.index:  Finished block 21 in 0.01 seconds, found 5 clusters.
[2026-01-20 14:16:40,369] INFO spindle_dev.index:  Using epsilon-net clustering for block 22
[2026-01-20 14:16:40,377] INFO spindle_dev.index:  Finished block 22 in 0.01 seconds, found 3 clusters.
[2026-01-20 14:16:40,377] INFO spindle_dev.index:  Using epsilon-net clustering for block 23
[2026-01-20 14:16:40,435] INFO spindle_dev.index:  Finished block 23 in 0.06 seconds, found 10 clusters.
[2026-01-20 14:16:40,436] INFO spindle_dev.index:  Using epsilon-net clustering for block 24
[2026-01-20 14:16:40,445] INFO spindle_dev.index:  Finished block 24 in 0.01 seconds, found 3 clusters.
[2026-01-20 14:16:40,445] INFO spindle_dev.index:  Using epsilon-net clustering for block 25
[2026-01-20 14:16:40,455] INFO spindle_dev.index:  Finished block 25 in 0.01 seconds, found 3 clusters.
[2026-01-20 14:16:40,455] INFO spindle_dev.index:  Using epsilon-net clustering for block 26
[2026-01-20 14:16:40,475] INFO spindle_dev.index:  Finished block 26 in 0.02 seconds, found 4 clusters.
[2026-01-20 14:16:40,475] INFO spindle_dev.index: Step 2: Build DAG connections between block clusters.
[2026-01-20 14:16:40,475] INFO spindle_dev.index: Step 2.1: For each layer order the block-clusters by
[2026-01-20 14:16:40,475] INFO spindle_dev.index: Not implemented: ordering block-clusters ? How to order them?
[2026-01-20 14:16:40,475] INFO spindle_dev.index: We will use triangle inequality to order clusters.
[2026-01-20 14:16:40,475] INFO spindle_dev.index: Step 2.2: Connect block-clusters between layers based on co-occurrence in SPDs.
[2026-01-20 14:16:40,478] INFO spindle_dev.index: Check if node global_node_id matches index in nodes list
[2026-01-20 14:16:40,478] INFO spindle_dev.index: Step 2.3: Ordering block-clusters within each layer using log-Euclidean distances.
[2026-01-20 14:16:40,478] INFO spindle_dev.index: Processing cluster 3
[2026-01-20 14:16:40,478] INFO spindle_dev.index: Building SPD index with epsilon=7.041532963396476
[2026-01-20 14:16:40,478] INFO spindle_dev.index: Step 1: Cluster blocks within each class of SPD matrices.
[2026-01-20 14:16:40,483] INFO spindle_dev.index: Cluster 3: 126 SPDs, 26 blocks
[2026-01-20 14:16:40,483] INFO spindle_dev.index:  Using epsilon-net clustering for block 0
[2026-01-20 14:16:40,488] INFO spindle_dev.index:  Finished block 0 in 0.00 seconds, found 1 clusters.
[2026-01-20 14:16:40,488] INFO spindle_dev.index:  Using epsilon-net clustering for block 1
[2026-01-20 14:16:40,493] INFO spindle_dev.index:  Finished block 1 in 0.01 seconds, found 2 clusters.
[2026-01-20 14:16:40,493] INFO spindle_dev.index:  Using epsilon-net clustering for block 2
[2026-01-20 14:16:40,498] INFO spindle_dev.index:  Finished block 2 in 0.01 seconds, found 2 clusters.
[2026-01-20 14:16:40,498] INFO spindle_dev.index:  Using epsilon-net clustering for block 3
[2026-01-20 14:16:40,504] INFO spindle_dev.index:  Finished block 3 in 0.01 seconds, found 2 clusters.
[2026-01-20 14:16:40,504] INFO spindle_dev.index:  Using epsilon-net clustering for block 4
[2026-01-20 14:16:40,511] INFO spindle_dev.index:  Finished block 4 in 0.01 seconds, found 4 clusters.
[2026-01-20 14:16:40,511] INFO spindle_dev.index:  Using epsilon-net clustering for block 5
[2026-01-20 14:16:40,519] INFO spindle_dev.index:  Finished block 5 in 0.01 seconds, found 4 clusters.
[2026-01-20 14:16:40,519] INFO spindle_dev.index:  Using epsilon-net clustering for block 6
[2026-01-20 14:16:40,526] INFO spindle_dev.index:  Finished block 6 in 0.01 seconds, found 4 clusters.
[2026-01-20 14:16:40,526] INFO spindle_dev.index:  Using epsilon-net clustering for block 7
[2026-01-20 14:16:40,534] INFO spindle_dev.index:  Finished block 7 in 0.01 seconds, found 4 clusters.
[2026-01-20 14:16:40,534] INFO spindle_dev.index:  Using epsilon-net clustering for block 8
[2026-01-20 14:16:40,541] INFO spindle_dev.index:  Finished block 8 in 0.01 seconds, found 3 clusters.
[2026-01-20 14:16:40,541] INFO spindle_dev.index:  Using epsilon-net clustering for block 9
[2026-01-20 14:16:40,548] INFO spindle_dev.index:  Finished block 9 in 0.01 seconds, found 4 clusters.
[2026-01-20 14:16:40,548] INFO spindle_dev.index:  Using epsilon-net clustering for block 10
[2026-01-20 14:16:40,556] INFO spindle_dev.index:  Finished block 10 in 0.01 seconds, found 4 clusters.
[2026-01-20 14:16:40,556] INFO spindle_dev.index:  Using epsilon-net clustering for block 11
[2026-01-20 14:16:40,564] INFO spindle_dev.index:  Finished block 11 in 0.01 seconds, found 4 clusters.
[2026-01-20 14:16:40,564] INFO spindle_dev.index:  Using epsilon-net clustering for block 12
[2026-01-20 14:16:40,571] INFO spindle_dev.index:  Finished block 12 in 0.01 seconds, found 4 clusters.
[2026-01-20 14:16:40,572] INFO spindle_dev.index:  Using epsilon-net clustering for block 13
[2026-01-20 14:16:40,580] INFO spindle_dev.index:  Finished block 13 in 0.01 seconds, found 5 clusters.
[2026-01-20 14:16:40,580] INFO spindle_dev.index:  Using epsilon-net clustering for block 14
[2026-01-20 14:16:40,589] INFO spindle_dev.index:  Finished block 14 in 0.01 seconds, found 5 clusters.
[2026-01-20 14:16:40,589] INFO spindle_dev.index:  Using epsilon-net clustering for block 15
[2026-01-20 14:16:40,598] INFO spindle_dev.index:  Finished block 15 in 0.01 seconds, found 4 clusters.
[2026-01-20 14:16:40,598] INFO spindle_dev.index:  Using epsilon-net clustering for block 16
[2026-01-20 14:16:40,606] INFO spindle_dev.index:  Finished block 16 in 0.01 seconds, found 4 clusters.
[2026-01-20 14:16:40,606] INFO spindle_dev.index:  Using epsilon-net clustering for block 17
[2026-01-20 14:16:40,613] INFO spindle_dev.index:  Finished block 17 in 0.01 seconds, found 4 clusters.
[2026-01-20 14:16:40,614] INFO spindle_dev.index:  Using epsilon-net clustering for block 18
[2026-01-20 14:16:40,622] INFO spindle_dev.index:  Finished block 18 in 0.01 seconds, found 4 clusters.
[2026-01-20 14:16:40,622] INFO spindle_dev.index:  Using epsilon-net clustering for block 19
[2026-01-20 14:16:40,647] INFO spindle_dev.index:  Finished block 19 in 0.02 seconds, found 3 clusters.
[2026-01-20 14:16:40,647] INFO spindle_dev.index:  Using epsilon-net clustering for block 20
[2026-01-20 14:16:40,656] INFO spindle_dev.index:  Finished block 20 in 0.01 seconds, found 4 clusters.
[2026-01-20 14:16:40,656] INFO spindle_dev.index:  Using epsilon-net clustering for block 21
[2026-01-20 14:16:40,665] INFO spindle_dev.index:  Finished block 21 in 0.01 seconds, found 4 clusters.
[2026-01-20 14:16:40,665] INFO spindle_dev.index:  Using epsilon-net clustering for block 22
[2026-01-20 14:16:40,672] INFO spindle_dev.index:  Finished block 22 in 0.01 seconds, found 3 clusters.
[2026-01-20 14:16:40,672] INFO spindle_dev.index:  Using epsilon-net clustering for block 23
[2026-01-20 14:16:40,680] INFO spindle_dev.index:  Finished block 23 in 0.01 seconds, found 4 clusters.
[2026-01-20 14:16:40,681] INFO spindle_dev.index:  Using epsilon-net clustering for block 24
[2026-01-20 14:16:40,703] INFO spindle_dev.index:  Finished block 24 in 0.02 seconds, found 5 clusters.
[2026-01-20 14:16:40,703] INFO spindle_dev.index:  Using epsilon-net clustering for block 25
[2026-01-20 14:16:40,740] INFO spindle_dev.index:  Finished block 25 in 0.04 seconds, found 2 clusters.
[2026-01-20 14:16:40,740] INFO spindle_dev.index: Step 2: Build DAG connections between block clusters.
[2026-01-20 14:16:40,740] INFO spindle_dev.index: Step 2.1: For each layer order the block-clusters by
[2026-01-20 14:16:40,740] INFO spindle_dev.index: Not implemented: ordering block-clusters ? How to order them?
[2026-01-20 14:16:40,740] INFO spindle_dev.index: We will use triangle inequality to order clusters.
[2026-01-20 14:16:40,740] INFO spindle_dev.index: Step 2.2: Connect block-clusters between layers based on co-occurrence in SPDs.
[2026-01-20 14:16:40,742] INFO spindle_dev.index: Check if node global_node_id matches index in nodes list
[2026-01-20 14:16:40,742] INFO spindle_dev.index: Step 2.3: Ordering block-clusters within each layer using log-Euclidean distances.
[2026-01-20 14:16:40,742] INFO spindle_dev.index: Processing cluster 4
[2026-01-20 14:16:40,743] INFO spindle_dev.index: Building SPD index with epsilon=6.088888930718716
[2026-01-20 14:16:40,743] INFO spindle_dev.index: Step 1: Cluster blocks within each class of SPD matrices.
[2026-01-20 14:16:40,746] INFO spindle_dev.index: Cluster 4: 107 SPDs, 21 blocks
[2026-01-20 14:16:40,747] INFO spindle_dev.index:  Using epsilon-net clustering for block 0
[2026-01-20 14:16:40,751] INFO spindle_dev.index:  Finished block 0 in 0.00 seconds, found 1 clusters.
[2026-01-20 14:16:40,751] INFO spindle_dev.index:  Using epsilon-net clustering for block 1
[2026-01-20 14:16:40,757] INFO spindle_dev.index:  Finished block 1 in 0.01 seconds, found 4 clusters.
[2026-01-20 14:16:40,757] INFO spindle_dev.index:  Using epsilon-net clustering for block 2
[2026-01-20 14:16:40,766] INFO spindle_dev.index:  Finished block 2 in 0.01 seconds, found 7 clusters.
[2026-01-20 14:16:40,766] INFO spindle_dev.index:  Using epsilon-net clustering for block 3
[2026-01-20 14:16:40,773] INFO spindle_dev.index:  Finished block 3 in 0.01 seconds, found 5 clusters.
[2026-01-20 14:16:40,773] INFO spindle_dev.index:  Using epsilon-net clustering for block 4
[2026-01-20 14:16:40,782] INFO spindle_dev.index:  Finished block 4 in 0.01 seconds, found 7 clusters.
[2026-01-20 14:16:40,782] INFO spindle_dev.index:  Using epsilon-net clustering for block 5
[2026-01-20 14:16:40,790] INFO spindle_dev.index:  Finished block 5 in 0.01 seconds, found 6 clusters.
[2026-01-20 14:16:40,790] INFO spindle_dev.index:  Using epsilon-net clustering for block 6
[2026-01-20 14:16:40,800] INFO spindle_dev.index:  Finished block 6 in 0.01 seconds, found 8 clusters.
[2026-01-20 14:16:40,800] INFO spindle_dev.index:  Using epsilon-net clustering for block 7
[2026-01-20 14:16:40,811] INFO spindle_dev.index:  Finished block 7 in 0.01 seconds, found 10 clusters.
[2026-01-20 14:16:40,811] INFO spindle_dev.index:  Using epsilon-net clustering for block 8
[2026-01-20 14:16:40,820] INFO spindle_dev.index:  Finished block 8 in 0.01 seconds, found 7 clusters.
[2026-01-20 14:16:40,820] INFO spindle_dev.index:  Using epsilon-net clustering for block 9
[2026-01-20 14:16:40,832] INFO spindle_dev.index:  Finished block 9 in 0.01 seconds, found 9 clusters.
[2026-01-20 14:16:40,832] INFO spindle_dev.index:  Using epsilon-net clustering for block 10
[2026-01-20 14:16:40,841] INFO spindle_dev.index:  Finished block 10 in 0.01 seconds, found 6 clusters.
[2026-01-20 14:16:40,841] INFO spindle_dev.index:  Using epsilon-net clustering for block 11
[2026-01-20 14:16:40,854] INFO spindle_dev.index:  Finished block 11 in 0.01 seconds, found 9 clusters.
[2026-01-20 14:16:40,854] INFO spindle_dev.index:  Using epsilon-net clustering for block 12
[2026-01-20 14:16:40,864] INFO spindle_dev.index:  Finished block 12 in 0.01 seconds, found 7 clusters.
[2026-01-20 14:16:40,864] INFO spindle_dev.index:  Using epsilon-net clustering for block 13
[2026-01-20 14:16:40,873] INFO spindle_dev.index:  Finished block 13 in 0.01 seconds, found 7 clusters.
[2026-01-20 14:16:40,873] INFO spindle_dev.index:  Using epsilon-net clustering for block 14
[2026-01-20 14:16:40,879] INFO spindle_dev.index:  Finished block 14 in 0.01 seconds, found 3 clusters.
[2026-01-20 14:16:40,879] INFO spindle_dev.index:  Using epsilon-net clustering for block 15
[2026-01-20 14:16:40,888] INFO spindle_dev.index:  Finished block 15 in 0.01 seconds, found 7 clusters.
[2026-01-20 14:16:40,888] INFO spindle_dev.index:  Using epsilon-net clustering for block 16
[2026-01-20 14:16:40,912] INFO spindle_dev.index:  Finished block 16 in 0.02 seconds, found 4 clusters.
[2026-01-20 14:16:40,912] INFO spindle_dev.index:  Using epsilon-net clustering for block 17
[2026-01-20 14:16:40,942] INFO spindle_dev.index:  Finished block 17 in 0.03 seconds, found 4 clusters.
[2026-01-20 14:16:40,942] INFO spindle_dev.index:  Using epsilon-net clustering for block 18
[2026-01-20 14:16:40,957] INFO spindle_dev.index:  Finished block 18 in 0.02 seconds, found 4 clusters.
[2026-01-20 14:16:40,957] INFO spindle_dev.index:  Using epsilon-net clustering for block 19
[2026-01-20 14:16:40,978] INFO spindle_dev.index:  Finished block 19 in 0.02 seconds, found 3 clusters.
[2026-01-20 14:16:40,978] INFO spindle_dev.index:  Using epsilon-net clustering for block 20
[2026-01-20 14:16:41,006] INFO spindle_dev.index:  Finished block 20 in 0.03 seconds, found 6 clusters.
[2026-01-20 14:16:41,006] INFO spindle_dev.index: Step 2: Build DAG connections between block clusters.
[2026-01-20 14:16:41,006] INFO spindle_dev.index: Step 2.1: For each layer order the block-clusters by
[2026-01-20 14:16:41,006] INFO spindle_dev.index: Not implemented: ordering block-clusters ? How to order them?
[2026-01-20 14:16:41,006] INFO spindle_dev.index: We will use triangle inequality to order clusters.
[2026-01-20 14:16:41,006] INFO spindle_dev.index: Step 2.2: Connect block-clusters between layers based on co-occurrence in SPDs.
[2026-01-20 14:16:41,008] INFO spindle_dev.index: Check if node global_node_id matches index in nodes list
[2026-01-20 14:16:41,008] INFO spindle_dev.index: Step 2.3: Ordering block-clusters within each layer using log-Euclidean distances.
[2026-01-20 14:16:41,008] INFO spindle_dev.index: Processing cluster 5
[2026-01-20 14:16:41,008] INFO spindle_dev.index: Building SPD index with epsilon=6.677926648791723
[2026-01-20 14:16:41,008] INFO spindle_dev.index: Step 1: Cluster blocks within each class of SPD matrices.
[2026-01-20 14:16:41,009] INFO spindle_dev.index: Cluster 5: 38 SPDs, 25 blocks
[2026-01-20 14:16:41,010] INFO spindle_dev.index:  Using epsilon-net clustering for block 0
[2026-01-20 14:16:41,012] INFO spindle_dev.index:  Finished block 0 in 0.00 seconds, found 1 clusters.
[2026-01-20 14:16:41,012] INFO spindle_dev.index:  Using epsilon-net clustering for block 1
[2026-01-20 14:16:41,014] INFO spindle_dev.index:  Finished block 1 in 0.00 seconds, found 3 clusters.
[2026-01-20 14:16:41,014] INFO spindle_dev.index:  Using epsilon-net clustering for block 2
[2026-01-20 14:16:41,016] INFO spindle_dev.index:  Finished block 2 in 0.00 seconds, found 5 clusters.
[2026-01-20 14:16:41,016] INFO spindle_dev.index:  Using epsilon-net clustering for block 3
[2026-01-20 14:16:41,019] INFO spindle_dev.index:  Finished block 3 in 0.00 seconds, found 5 clusters.
[2026-01-20 14:16:41,019] INFO spindle_dev.index:  Using epsilon-net clustering for block 4
[2026-01-20 14:16:41,022] INFO spindle_dev.index:  Finished block 4 in 0.00 seconds, found 5 clusters.
[2026-01-20 14:16:41,022] INFO spindle_dev.index:  Using epsilon-net clustering for block 5
[2026-01-20 14:16:41,024] INFO spindle_dev.index:  Finished block 5 in 0.00 seconds, found 5 clusters.
[2026-01-20 14:16:41,024] INFO spindle_dev.index:  Using epsilon-net clustering for block 6
[2026-01-20 14:16:41,027] INFO spindle_dev.index:  Finished block 6 in 0.00 seconds, found 5 clusters.
[2026-01-20 14:16:41,027] INFO spindle_dev.index:  Using epsilon-net clustering for block 7
[2026-01-20 14:16:41,030] INFO spindle_dev.index:  Finished block 7 in 0.00 seconds, found 5 clusters.
[2026-01-20 14:16:41,030] INFO spindle_dev.index:  Using epsilon-net clustering for block 8
[2026-01-20 14:16:41,033] INFO spindle_dev.index:  Finished block 8 in 0.00 seconds, found 7 clusters.
[2026-01-20 14:16:41,033] INFO spindle_dev.index:  Using epsilon-net clustering for block 9
[2026-01-20 14:16:41,036] INFO spindle_dev.index:  Finished block 9 in 0.00 seconds, found 6 clusters.
[2026-01-20 14:16:41,036] INFO spindle_dev.index:  Using epsilon-net clustering for block 10
[2026-01-20 14:16:41,039] INFO spindle_dev.index:  Finished block 10 in 0.00 seconds, found 7 clusters.
[2026-01-20 14:16:41,039] INFO spindle_dev.index:  Using epsilon-net clustering for block 11
[2026-01-20 14:16:41,043] INFO spindle_dev.index:  Finished block 11 in 0.00 seconds, found 7 clusters.
[2026-01-20 14:16:41,043] INFO spindle_dev.index:  Using epsilon-net clustering for block 12
[2026-01-20 14:16:41,047] INFO spindle_dev.index:  Finished block 12 in 0.00 seconds, found 8 clusters.
[2026-01-20 14:16:41,047] INFO spindle_dev.index:  Using epsilon-net clustering for block 13
[2026-01-20 14:16:41,050] INFO spindle_dev.index:  Finished block 13 in 0.00 seconds, found 6 clusters.
[2026-01-20 14:16:41,050] INFO spindle_dev.index:  Using epsilon-net clustering for block 14
[2026-01-20 14:16:41,054] INFO spindle_dev.index:  Finished block 14 in 0.00 seconds, found 9 clusters.
[2026-01-20 14:16:41,054] INFO spindle_dev.index:  Using epsilon-net clustering for block 15
[2026-01-20 14:16:41,058] INFO spindle_dev.index:  Finished block 15 in 0.00 seconds, found 8 clusters.
[2026-01-20 14:16:41,058] INFO spindle_dev.index:  Using epsilon-net clustering for block 16
[2026-01-20 14:16:41,062] INFO spindle_dev.index:  Finished block 16 in 0.00 seconds, found 8 clusters.
[2026-01-20 14:16:41,062] INFO spindle_dev.index:  Using epsilon-net clustering for block 17
[2026-01-20 14:16:41,069] INFO spindle_dev.index:  Finished block 17 in 0.01 seconds, found 5 clusters.
[2026-01-20 14:16:41,070] INFO spindle_dev.index:  Using epsilon-net clustering for block 18
[2026-01-20 14:16:41,072] INFO spindle_dev.index:  Finished block 18 in 0.00 seconds, found 4 clusters.
[2026-01-20 14:16:41,072] INFO spindle_dev.index:  Using epsilon-net clustering for block 19
[2026-01-20 14:16:41,075] INFO spindle_dev.index:  Finished block 19 in 0.00 seconds, found 4 clusters.
[2026-01-20 14:16:41,075] INFO spindle_dev.index:  Using epsilon-net clustering for block 20
[2026-01-20 14:16:41,089] INFO spindle_dev.index:  Finished block 20 in 0.01 seconds, found 10 clusters.
[2026-01-20 14:16:41,089] INFO spindle_dev.index:  Using epsilon-net clustering for block 21
[2026-01-20 14:16:41,093] INFO spindle_dev.index:  Finished block 21 in 0.00 seconds, found 4 clusters.
[2026-01-20 14:16:41,093] INFO spindle_dev.index:  Using epsilon-net clustering for block 22
[2026-01-20 14:16:41,095] INFO spindle_dev.index:  Finished block 22 in 0.00 seconds, found 2 clusters.
[2026-01-20 14:16:41,095] INFO spindle_dev.index:  Using epsilon-net clustering for block 23
[2026-01-20 14:16:41,101] INFO spindle_dev.index:  Finished block 23 in 0.01 seconds, found 6 clusters.
[2026-01-20 14:16:41,101] INFO spindle_dev.index:  Using epsilon-net clustering for block 24
[2026-01-20 14:16:41,104] INFO spindle_dev.index:  Finished block 24 in 0.00 seconds, found 4 clusters.
[2026-01-20 14:16:41,104] INFO spindle_dev.index: Step 2: Build DAG connections between block clusters.
[2026-01-20 14:16:41,104] INFO spindle_dev.index: Step 2.1: For each layer order the block-clusters by
[2026-01-20 14:16:41,104] INFO spindle_dev.index: Not implemented: ordering block-clusters ? How to order them?
[2026-01-20 14:16:41,104] INFO spindle_dev.index: We will use triangle inequality to order clusters.
[2026-01-20 14:16:41,104] INFO spindle_dev.index: Step 2.2: Connect block-clusters between layers based on co-occurrence in SPDs.
[2026-01-20 14:16:41,105] INFO spindle_dev.index: Check if node global_node_id matches index in nodes list
[2026-01-20 14:16:41,105] INFO spindle_dev.index: Step 2.3: Ordering block-clusters within each layer using log-Euclidean distances.
[2026-01-20 14:16:41,150] INFO spindle_dev.test: Built ground-truth paths for 196 SPDs in cluster 0 across 25 blocks.
[2026-01-20 14:16:41,187] INFO spindle_dev.test: Built ground-truth paths for 178 SPDs in cluster 1 across 27 blocks.
[2026-01-20 14:16:41,217] INFO spindle_dev.test: Built ground-truth paths for 162 SPDs in cluster 2 across 27 blocks.
[2026-01-20 14:16:41,235] INFO spindle_dev.test: Built ground-truth paths for 126 SPDs in cluster 3 across 26 blocks.
[2026-01-20 14:16:41,247] INFO spindle_dev.test: Built ground-truth paths for 107 SPDs in cluster 4 across 21 blocks.
[2026-01-20 14:16:41,250] INFO spindle_dev.test: Built ground-truth paths for 38 SPDs in cluster 5 across 25 blocks.
[2026-01-20 14:16:45,051] INFO spindle_dev.index: Clustering SPD-s using 'tree' distance.
[2026-01-20 14:16:45,052] INFO spindle_dev.index: Building ultrametric features from SPD matrices.
/panfs/accrepfs.vampire/home/sarkah1/miniforge3/envs/spatial/lib/python3.10/site-packages/scipy/cluster/hierarchy.py:1673: RuntimeWarning: invalid value encountered in scalar divide
  c = xp.sum(numerator) / xp.sqrt(xp.sum(denomA) * xp.sum(denomB))
[2026-01-20 14:16:50,822] INFO spindle_dev.index: Computing latent features from the tree representations.
[2026-01-20 14:16:51,556] INFO spindle_dev.index: Reducing latent features to 30 dimensions using PCA.
[2026-01-20 14:16:58,361] INFO spindle_dev.index: Explained variance ratios by PCA components: [0.0328614  0.02074485 0.01140492 0.00788271 0.00654937 0.00551079
 0.00487785 0.00442108 0.00411965 0.00376257 0.00348872 0.00346468
 0.00331665 0.00305813 0.00302168 0.00296301 0.00272664 0.00267984
 0.00263388 0.00257382 0.00251245 0.00249516 0.0024585  0.00242671
 0.00238647 0.0023464  0.00231849 0.00228553 0.00227161 0.00225024]
[2026-01-20 14:16:58,361] INFO spindle_dev.index: Reducing latent features to 2 dimensions using UMAP.
/panfs/accrepfs.vampire/home/sarkah1/miniforge3/envs/spatial/lib/python3.10/site-packages/umap/umap_.py:1952: UserWarning: n_jobs value 1 overridden to 1 by setting random_state. Use no seed for parallelism.
  warn(
[2026-01-20 14:17:01,732] INFO spindle_dev.index: Clustering SPD-s using 'tree' distance.
[2026-01-20 14:17:01,732] INFO spindle_dev.index: Clustering SPD matrices using Leiden clustering with resolution 0.50.
[2026-01-20 14:17:01,911] INFO spindle_dev.index: Since clustering method is tree, I am going to find global order per cluster
[2026-01-20 14:17:01,911] INFO spindle_dev.index: Finding consensus tree for cluster 0
[2026-01-20 14:17:02,015] INFO spindle_dev.index: Finding consensus tree for cluster 1
[2026-01-20 14:17:02,102] INFO spindle_dev.index: Finding consensus tree for cluster 2
[2026-01-20 14:17:02,173] INFO spindle_dev.index: Finding consensus tree for cluster 3
[2026-01-20 14:17:02,209] INFO spindle_dev.index: Finding consensus tree for cluster 4
[2026-01-20 14:17:02,225] INFO spindle_dev.index: Finding consensus tree for cluster 5
[2026-01-20 14:17:02,247] INFO spindle_dev.index: Finding consensus tree for cluster 6
[2026-01-20 14:17:02,453] INFO spindle_dev.index: Computing mean correlation matrix for cluster 0
[2026-01-20 14:17:03,129] INFO spindle_dev.index: Computing mean correlation matrix for cluster 1
[2026-01-20 14:17:03,819] INFO spindle_dev.index: Computing mean correlation matrix for cluster 2
[2026-01-20 14:17:04,291] INFO spindle_dev.index: Computing mean correlation matrix for cluster 3
[2026-01-20 14:17:04,412] INFO spindle_dev.index: Computing mean correlation matrix for cluster 4
[2026-01-20 14:17:04,452] INFO spindle_dev.index: Computing mean correlation matrix for cluster 5
[2026-01-20 14:17:04,490] INFO spindle_dev.index: Computing mean correlation matrix for cluster 6
[2026-01-20 14:17:04,511] INFO spindle_dev.index: Finding adaptive block runs for cluster 0
[2026-01-20 14:17:04,892] INFO spindle_dev.index:  Chose t=0.8916557251774895 resulting in 236 blocks instead of 161 blocks would have gotten by default
[2026-01-20 14:17:04,933] INFO spindle_dev.index:  Final block runs for cluster 0: 25 blocks.
[2026-01-20 14:17:04,933] INFO spindle_dev.index: Finding adaptive block runs for cluster 1
[2026-01-20 14:17:05,316] INFO spindle_dev.index:  Chose t=0.8930321866952864 resulting in 238 blocks instead of 165 blocks would have gotten by default
[2026-01-20 14:17:05,358] INFO spindle_dev.index:  Final block runs for cluster 1: 27 blocks.
[2026-01-20 14:17:05,358] INFO spindle_dev.index: Finding adaptive block runs for cluster 2
[2026-01-20 14:17:05,741] INFO spindle_dev.index:  Chose t=0.8579001161911946 resulting in 251 blocks instead of 142 blocks would have gotten by default
[2026-01-20 14:17:05,787] INFO spindle_dev.index:  Final block runs for cluster 2: 28 blocks.
[2026-01-20 14:17:05,787] INFO spindle_dev.index: Finding adaptive block runs for cluster 3
[2026-01-20 14:17:06,168] INFO spindle_dev.index:  Chose t=0.9169219175064776 resulting in 198 blocks instead of 193 blocks would have gotten by default
[2026-01-20 14:17:06,201] INFO spindle_dev.index:  Final block runs for cluster 3: 25 blocks.
[2026-01-20 14:17:06,201] INFO spindle_dev.index: Finding adaptive block runs for cluster 4
[2026-01-20 14:17:06,580] INFO spindle_dev.index:  Chose t=0.9520779171281959 resulting in 238 blocks instead of 298 blocks would have gotten by default
[2026-01-20 14:17:06,624] INFO spindle_dev.index:  Final block runs for cluster 4: 27 blocks.
[2026-01-20 14:17:06,624] INFO spindle_dev.index: Finding adaptive block runs for cluster 5
[2026-01-20 14:17:07,009] INFO spindle_dev.index:  Chose t=0.9093288131112657 resulting in 182 blocks instead of 161 blocks would have gotten by default
[2026-01-20 14:17:07,037] INFO spindle_dev.index:  Final block runs for cluster 5: 24 blocks.
[2026-01-20 14:17:07,037] INFO spindle_dev.index: Finding adaptive block runs for cluster 6
[2026-01-20 14:17:07,422] INFO spindle_dev.index:  Chose t=0.8837762877964697 resulting in 193 blocks instead of 120 blocks would have gotten by default
[2026-01-20 14:17:07,450] INFO spindle_dev.index:  Final block runs for cluster 6: 28 blocks.
[2026-01-20 14:17:12,755] INFO spindle_dev.index: Processing cluster 0
[2026-01-20 14:17:12,755] INFO spindle_dev.index: Building SPD index with epsilon=7.189364793975977
[2026-01-20 14:17:12,755] INFO spindle_dev.index: Step 1: Cluster blocks within each class of SPD matrices.
[2026-01-20 14:17:12,835] INFO spindle_dev.index: Cluster 0: 570 SPDs, 25 blocks
[2026-01-20 14:17:12,835] INFO spindle_dev.index:  Using epsilon-net clustering for block 0
[2026-01-20 14:17:12,863] INFO spindle_dev.index:  Finished block 0 in 0.03 seconds, found 2 clusters.
[2026-01-20 14:17:12,863] INFO spindle_dev.index:  Using epsilon-net clustering for block 1
[2026-01-20 14:17:12,887] INFO spindle_dev.index:  Finished block 1 in 0.02 seconds, found 2 clusters.
[2026-01-20 14:17:12,887] INFO spindle_dev.index:  Using epsilon-net clustering for block 2
[2026-01-20 14:17:12,921] INFO spindle_dev.index:  Finished block 2 in 0.03 seconds, found 4 clusters.
[2026-01-20 14:17:12,922] INFO spindle_dev.index:  Using epsilon-net clustering for block 3
[2026-01-20 14:17:12,958] INFO spindle_dev.index:  Finished block 3 in 0.04 seconds, found 4 clusters.
[2026-01-20 14:17:12,959] INFO spindle_dev.index:  Using epsilon-net clustering for block 4
[2026-01-20 14:17:12,997] INFO spindle_dev.index:  Finished block 4 in 0.04 seconds, found 5 clusters.
[2026-01-20 14:17:12,997] INFO spindle_dev.index:  Using epsilon-net clustering for block 5
[2026-01-20 14:17:13,036] INFO spindle_dev.index:  Finished block 5 in 0.04 seconds, found 5 clusters.
[2026-01-20 14:17:13,036] INFO spindle_dev.index:  Using epsilon-net clustering for block 6
[2026-01-20 14:17:13,071] INFO spindle_dev.index:  Finished block 6 in 0.03 seconds, found 4 clusters.
[2026-01-20 14:17:13,071] INFO spindle_dev.index:  Using epsilon-net clustering for block 7
[2026-01-20 14:17:13,106] INFO spindle_dev.index:  Finished block 7 in 0.03 seconds, found 4 clusters.
[2026-01-20 14:17:13,106] INFO spindle_dev.index:  Using epsilon-net clustering for block 8
[2026-01-20 14:17:13,147] INFO spindle_dev.index:  Finished block 8 in 0.04 seconds, found 5 clusters.
[2026-01-20 14:17:13,147] INFO spindle_dev.index:  Using epsilon-net clustering for block 9
[2026-01-20 14:17:13,187] INFO spindle_dev.index:  Finished block 9 in 0.04 seconds, found 5 clusters.
[2026-01-20 14:17:13,187] INFO spindle_dev.index:  Using epsilon-net clustering for block 10
[2026-01-20 14:17:13,227] INFO spindle_dev.index:  Finished block 10 in 0.04 seconds, found 5 clusters.
[2026-01-20 14:17:13,227] INFO spindle_dev.index:  Using epsilon-net clustering for block 11
[2026-01-20 14:17:13,287] INFO spindle_dev.index:  Finished block 11 in 0.06 seconds, found 7 clusters.
[2026-01-20 14:17:13,287] INFO spindle_dev.index:  Using epsilon-net clustering for block 12
[2026-01-20 14:17:13,329] INFO spindle_dev.index:  Finished block 12 in 0.04 seconds, found 5 clusters.
[2026-01-20 14:17:13,329] INFO spindle_dev.index:  Using epsilon-net clustering for block 13
[2026-01-20 14:17:13,370] INFO spindle_dev.index:  Finished block 13 in 0.04 seconds, found 4 clusters.
[2026-01-20 14:17:13,370] INFO spindle_dev.index:  Using epsilon-net clustering for block 14
[2026-01-20 14:17:13,432] INFO spindle_dev.index:  Finished block 14 in 0.06 seconds, found 4 clusters.
[2026-01-20 14:17:13,432] INFO spindle_dev.index:  Using epsilon-net clustering for block 15
[2026-01-20 14:17:13,484] INFO spindle_dev.index:  Finished block 15 in 0.05 seconds, found 5 clusters.
[2026-01-20 14:17:13,484] INFO spindle_dev.index:  Using epsilon-net clustering for block 16
[2026-01-20 14:17:13,536] INFO spindle_dev.index:  Finished block 16 in 0.05 seconds, found 5 clusters.
[2026-01-20 14:17:13,536] INFO spindle_dev.index:  Using epsilon-net clustering for block 17
[2026-01-20 14:17:13,591] INFO spindle_dev.index:  Finished block 17 in 0.05 seconds, found 4 clusters.
[2026-01-20 14:17:13,591] INFO spindle_dev.index:  Using epsilon-net clustering for block 18
[2026-01-20 14:17:13,770] INFO spindle_dev.index:  Finished block 18 in 0.18 seconds, found 6 clusters.
[2026-01-20 14:17:13,771] INFO spindle_dev.index:  Using epsilon-net clustering for block 19
[2026-01-20 14:17:13,809] INFO spindle_dev.index:  Finished block 19 in 0.04 seconds, found 4 clusters.
[2026-01-20 14:17:13,809] INFO spindle_dev.index:  Using epsilon-net clustering for block 20
[2026-01-20 14:17:13,846] INFO spindle_dev.index:  Finished block 20 in 0.04 seconds, found 4 clusters.
[2026-01-20 14:17:13,846] INFO spindle_dev.index:  Using epsilon-net clustering for block 21
[2026-01-20 14:17:13,884] INFO spindle_dev.index:  Finished block 21 in 0.04 seconds, found 3 clusters.
[2026-01-20 14:17:13,885] INFO spindle_dev.index:  Using epsilon-net clustering for block 22
[2026-01-20 14:17:13,924] INFO spindle_dev.index:  Finished block 22 in 0.04 seconds, found 3 clusters.
[2026-01-20 14:17:13,924] INFO spindle_dev.index:  Using epsilon-net clustering for block 23
[2026-01-20 14:17:13,956] INFO spindle_dev.index:  Finished block 23 in 0.03 seconds, found 3 clusters.
[2026-01-20 14:17:13,957] INFO spindle_dev.index:  Using epsilon-net clustering for block 24
[2026-01-20 14:17:14,130] INFO spindle_dev.index:  Finished block 24 in 0.17 seconds, found 8 clusters.
[2026-01-20 14:17:14,131] INFO spindle_dev.index: Step 2: Build DAG connections between block clusters.
[2026-01-20 14:17:14,131] INFO spindle_dev.index: Step 2.1: For each layer order the block-clusters by
[2026-01-20 14:17:14,131] INFO spindle_dev.index: Not implemented: ordering block-clusters ? How to order them?
[2026-01-20 14:17:14,131] INFO spindle_dev.index: We will use triangle inequality to order clusters.
[2026-01-20 14:17:14,131] INFO spindle_dev.index: Step 2.2: Connect block-clusters between layers based on co-occurrence in SPDs.
[2026-01-20 14:17:14,138] INFO spindle_dev.index: Check if node global_node_id matches index in nodes list
[2026-01-20 14:17:14,138] INFO spindle_dev.index: Step 2.3: Ordering block-clusters within each layer using log-Euclidean distances.
[2026-01-20 14:17:14,139] INFO spindle_dev.index: Processing cluster 1
[2026-01-20 14:17:14,139] INFO spindle_dev.index: Building SPD index with epsilon=7.654299602558081
[2026-01-20 14:17:14,139] INFO spindle_dev.index: Step 1: Cluster blocks within each class of SPD matrices.
[2026-01-20 14:17:14,168] INFO spindle_dev.index: Cluster 1: 546 SPDs, 27 blocks
[2026-01-20 14:17:14,169] INFO spindle_dev.index:  Using epsilon-net clustering for block 0
[2026-01-20 14:17:14,198] INFO spindle_dev.index:  Finished block 0 in 0.03 seconds, found 2 clusters.
[2026-01-20 14:17:14,198] INFO spindle_dev.index:  Using epsilon-net clustering for block 1
[2026-01-20 14:17:14,221] INFO spindle_dev.index:  Finished block 1 in 0.02 seconds, found 2 clusters.
[2026-01-20 14:17:14,221] INFO spindle_dev.index:  Using epsilon-net clustering for block 2
[2026-01-20 14:17:14,244] INFO spindle_dev.index:  Finished block 2 in 0.02 seconds, found 2 clusters.
[2026-01-20 14:17:14,245] INFO spindle_dev.index:  Using epsilon-net clustering for block 3
[2026-01-20 14:17:14,268] INFO spindle_dev.index:  Finished block 3 in 0.02 seconds, found 2 clusters.
[2026-01-20 14:17:14,268] INFO spindle_dev.index:  Using epsilon-net clustering for block 4
[2026-01-20 14:17:14,294] INFO spindle_dev.index:  Finished block 4 in 0.03 seconds, found 2 clusters.
[2026-01-20 14:17:14,294] INFO spindle_dev.index:  Using epsilon-net clustering for block 5
[2026-01-20 14:17:14,318] INFO spindle_dev.index:  Finished block 5 in 0.02 seconds, found 2 clusters.
[2026-01-20 14:17:14,318] INFO spindle_dev.index:  Using epsilon-net clustering for block 6
[2026-01-20 14:17:14,346] INFO spindle_dev.index:  Finished block 6 in 0.03 seconds, found 2 clusters.
[2026-01-20 14:17:14,346] INFO spindle_dev.index:  Using epsilon-net clustering for block 7
[2026-01-20 14:17:14,370] INFO spindle_dev.index:  Finished block 7 in 0.02 seconds, found 2 clusters.
[2026-01-20 14:17:14,371] INFO spindle_dev.index:  Using epsilon-net clustering for block 8
[2026-01-20 14:17:14,400] INFO spindle_dev.index:  Finished block 8 in 0.03 seconds, found 3 clusters.
[2026-01-20 14:17:14,400] INFO spindle_dev.index:  Using epsilon-net clustering for block 9
[2026-01-20 14:17:14,437] INFO spindle_dev.index:  Finished block 9 in 0.04 seconds, found 3 clusters.
[2026-01-20 14:17:14,437] INFO spindle_dev.index:  Using epsilon-net clustering for block 10
[2026-01-20 14:17:14,466] INFO spindle_dev.index:  Finished block 10 in 0.03 seconds, found 3 clusters.
[2026-01-20 14:17:14,466] INFO spindle_dev.index:  Using epsilon-net clustering for block 11
[2026-01-20 14:17:14,500] INFO spindle_dev.index:  Finished block 11 in 0.03 seconds, found 4 clusters.
[2026-01-20 14:17:14,500] INFO spindle_dev.index:  Using epsilon-net clustering for block 12
[2026-01-20 14:17:14,530] INFO spindle_dev.index:  Finished block 12 in 0.03 seconds, found 3 clusters.
[2026-01-20 14:17:14,530] INFO spindle_dev.index:  Using epsilon-net clustering for block 13
[2026-01-20 14:17:14,556] INFO spindle_dev.index:  Finished block 13 in 0.03 seconds, found 2 clusters.
[2026-01-20 14:17:14,556] INFO spindle_dev.index:  Using epsilon-net clustering for block 14
[2026-01-20 14:17:14,595] INFO spindle_dev.index:  Finished block 14 in 0.04 seconds, found 5 clusters.
[2026-01-20 14:17:14,595] INFO spindle_dev.index:  Using epsilon-net clustering for block 15
[2026-01-20 14:17:14,638] INFO spindle_dev.index:  Finished block 15 in 0.04 seconds, found 4 clusters.
[2026-01-20 14:17:14,638] INFO spindle_dev.index:  Using epsilon-net clustering for block 16
[2026-01-20 14:17:14,670] INFO spindle_dev.index:  Finished block 16 in 0.03 seconds, found 3 clusters.
[2026-01-20 14:17:14,670] INFO spindle_dev.index:  Using epsilon-net clustering for block 17
[2026-01-20 14:17:14,752] INFO spindle_dev.index:  Finished block 17 in 0.08 seconds, found 2 clusters.
[2026-01-20 14:17:14,752] INFO spindle_dev.index:  Using epsilon-net clustering for block 18
[2026-01-20 14:17:14,814] INFO spindle_dev.index:  Finished block 18 in 0.06 seconds, found 3 clusters.
[2026-01-20 14:17:14,814] INFO spindle_dev.index:  Using epsilon-net clustering for block 19
[2026-01-20 14:17:14,845] INFO spindle_dev.index:  Finished block 19 in 0.03 seconds, found 3 clusters.
[2026-01-20 14:17:14,845] INFO spindle_dev.index:  Using epsilon-net clustering for block 20
[2026-01-20 14:17:14,884] INFO spindle_dev.index:  Finished block 20 in 0.04 seconds, found 4 clusters.
[2026-01-20 14:17:14,884] INFO spindle_dev.index:  Using epsilon-net clustering for block 21
[2026-01-20 14:17:14,919] INFO spindle_dev.index:  Finished block 21 in 0.03 seconds, found 4 clusters.
[2026-01-20 14:17:14,919] INFO spindle_dev.index:  Using epsilon-net clustering for block 22
[2026-01-20 14:17:14,945] INFO spindle_dev.index:  Finished block 22 in 0.03 seconds, found 2 clusters.
[2026-01-20 14:17:14,946] INFO spindle_dev.index:  Using epsilon-net clustering for block 23
[2026-01-20 14:17:14,972] INFO spindle_dev.index:  Finished block 23 in 0.03 seconds, found 2 clusters.
[2026-01-20 14:17:14,972] INFO spindle_dev.index:  Using epsilon-net clustering for block 24
[2026-01-20 14:17:14,998] INFO spindle_dev.index:  Finished block 24 in 0.03 seconds, found 1 clusters.
[2026-01-20 14:17:14,998] INFO spindle_dev.index:  Using epsilon-net clustering for block 25
[2026-01-20 14:17:15,243] INFO spindle_dev.index:  Finished block 25 in 0.25 seconds, found 11 clusters.
[2026-01-20 14:17:15,244] INFO spindle_dev.index:  Using epsilon-net clustering for block 26
[2026-01-20 14:17:15,281] INFO spindle_dev.index:  Finished block 26 in 0.04 seconds, found 3 clusters.
[2026-01-20 14:17:15,281] INFO spindle_dev.index: Step 2: Build DAG connections between block clusters.
[2026-01-20 14:17:15,281] INFO spindle_dev.index: Step 2.1: For each layer order the block-clusters by
[2026-01-20 14:17:15,281] INFO spindle_dev.index: Not implemented: ordering block-clusters ? How to order them?
[2026-01-20 14:17:15,281] INFO spindle_dev.index: We will use triangle inequality to order clusters.
[2026-01-20 14:17:15,281] INFO spindle_dev.index: Step 2.2: Connect block-clusters between layers based on co-occurrence in SPDs.
[2026-01-20 14:17:15,289] INFO spindle_dev.index: Check if node global_node_id matches index in nodes list
[2026-01-20 14:17:15,289] INFO spindle_dev.index: Step 2.3: Ordering block-clusters within each layer using log-Euclidean distances.
[2026-01-20 14:17:15,289] INFO spindle_dev.index: Processing cluster 2
[2026-01-20 14:17:15,289] INFO spindle_dev.index: Building SPD index with epsilon=7.440186739787844
[2026-01-20 14:17:15,289] INFO spindle_dev.index: Step 1: Cluster blocks within each class of SPD matrices.
[2026-01-20 14:17:15,312] INFO spindle_dev.index: Cluster 2: 449 SPDs, 28 blocks
[2026-01-20 14:17:15,312] INFO spindle_dev.index:  Using epsilon-net clustering for block 0
[2026-01-20 14:17:15,329] INFO spindle_dev.index:  Finished block 0 in 0.02 seconds, found 1 clusters.
[2026-01-20 14:17:15,329] INFO spindle_dev.index:  Using epsilon-net clustering for block 1
[2026-01-20 14:17:15,349] INFO spindle_dev.index:  Finished block 1 in 0.02 seconds, found 2 clusters.
[2026-01-20 14:17:15,349] INFO spindle_dev.index:  Using epsilon-net clustering for block 2
[2026-01-20 14:17:15,369] INFO spindle_dev.index:  Finished block 2 in 0.02 seconds, found 2 clusters.
[2026-01-20 14:17:15,369] INFO spindle_dev.index:  Using epsilon-net clustering for block 3
[2026-01-20 14:17:15,389] INFO spindle_dev.index:  Finished block 3 in 0.02 seconds, found 2 clusters.
[2026-01-20 14:17:15,389] INFO spindle_dev.index:  Using epsilon-net clustering for block 4
[2026-01-20 14:17:15,412] INFO spindle_dev.index:  Finished block 4 in 0.02 seconds, found 3 clusters.
[2026-01-20 14:17:15,413] INFO spindle_dev.index:  Using epsilon-net clustering for block 5
[2026-01-20 14:17:15,432] INFO spindle_dev.index:  Finished block 5 in 0.02 seconds, found 2 clusters.
[2026-01-20 14:17:15,432] INFO spindle_dev.index:  Using epsilon-net clustering for block 6
[2026-01-20 14:17:15,454] INFO spindle_dev.index:  Finished block 6 in 0.02 seconds, found 2 clusters.
[2026-01-20 14:17:15,454] INFO spindle_dev.index:  Using epsilon-net clustering for block 7
[2026-01-20 14:17:15,478] INFO spindle_dev.index:  Finished block 7 in 0.02 seconds, found 3 clusters.
[2026-01-20 14:17:15,478] INFO spindle_dev.index:  Using epsilon-net clustering for block 8
[2026-01-20 14:17:15,505] INFO spindle_dev.index:  Finished block 8 in 0.03 seconds, found 4 clusters.
[2026-01-20 14:17:15,505] INFO spindle_dev.index:  Using epsilon-net clustering for block 9
[2026-01-20 14:17:15,529] INFO spindle_dev.index:  Finished block 9 in 0.02 seconds, found 3 clusters.
[2026-01-20 14:17:15,529] INFO spindle_dev.index:  Using epsilon-net clustering for block 10
[2026-01-20 14:17:15,557] INFO spindle_dev.index:  Finished block 10 in 0.03 seconds, found 4 clusters.
[2026-01-20 14:17:15,557] INFO spindle_dev.index:  Using epsilon-net clustering for block 11
[2026-01-20 14:17:15,592] INFO spindle_dev.index:  Finished block 11 in 0.04 seconds, found 6 clusters.
[2026-01-20 14:17:15,592] INFO spindle_dev.index:  Using epsilon-net clustering for block 12
[2026-01-20 14:17:15,628] INFO spindle_dev.index:  Finished block 12 in 0.04 seconds, found 5 clusters.
[2026-01-20 14:17:15,629] INFO spindle_dev.index:  Using epsilon-net clustering for block 13
[2026-01-20 14:17:15,661] INFO spindle_dev.index:  Finished block 13 in 0.03 seconds, found 3 clusters.
[2026-01-20 14:17:15,661] INFO spindle_dev.index:  Using epsilon-net clustering for block 14
[2026-01-20 14:17:15,686] INFO spindle_dev.index:  Finished block 14 in 0.03 seconds, found 3 clusters.
[2026-01-20 14:17:15,686] INFO spindle_dev.index:  Using epsilon-net clustering for block 15
[2026-01-20 14:17:15,728] INFO spindle_dev.index:  Finished block 15 in 0.04 seconds, found 5 clusters.
[2026-01-20 14:17:15,728] INFO spindle_dev.index:  Using epsilon-net clustering for block 16
[2026-01-20 14:17:15,756] INFO spindle_dev.index:  Finished block 16 in 0.03 seconds, found 3 clusters.
[2026-01-20 14:17:15,756] INFO spindle_dev.index:  Using epsilon-net clustering for block 17
[2026-01-20 14:17:15,782] INFO spindle_dev.index:  Finished block 17 in 0.03 seconds, found 3 clusters.
[2026-01-20 14:17:15,782] INFO spindle_dev.index:  Using epsilon-net clustering for block 18
[2026-01-20 14:17:15,820] INFO spindle_dev.index:  Finished block 18 in 0.04 seconds, found 6 clusters.
[2026-01-20 14:17:15,821] INFO spindle_dev.index:  Using epsilon-net clustering for block 19
[2026-01-20 14:17:15,860] INFO spindle_dev.index:  Finished block 19 in 0.04 seconds, found 5 clusters.
[2026-01-20 14:17:15,860] INFO spindle_dev.index:  Using epsilon-net clustering for block 20
[2026-01-20 14:17:15,893] INFO spindle_dev.index:  Finished block 20 in 0.03 seconds, found 3 clusters.
[2026-01-20 14:17:15,893] INFO spindle_dev.index:  Using epsilon-net clustering for block 21
[2026-01-20 14:17:15,928] INFO spindle_dev.index:  Finished block 21 in 0.03 seconds, found 3 clusters.
[2026-01-20 14:17:15,928] INFO spindle_dev.index:  Using epsilon-net clustering for block 22
[2026-01-20 14:17:15,950] INFO spindle_dev.index:  Finished block 22 in 0.02 seconds, found 2 clusters.
[2026-01-20 14:17:15,950] INFO spindle_dev.index:  Using epsilon-net clustering for block 23
[2026-01-20 14:17:15,990] INFO spindle_dev.index:  Finished block 23 in 0.04 seconds, found 5 clusters.
[2026-01-20 14:17:15,990] INFO spindle_dev.index:  Using epsilon-net clustering for block 24
[2026-01-20 14:17:16,019] INFO spindle_dev.index:  Finished block 24 in 0.03 seconds, found 4 clusters.
[2026-01-20 14:17:16,019] INFO spindle_dev.index:  Using epsilon-net clustering for block 25
[2026-01-20 14:17:16,051] INFO spindle_dev.index:  Finished block 25 in 0.03 seconds, found 4 clusters.
[2026-01-20 14:17:16,051] INFO spindle_dev.index:  Using epsilon-net clustering for block 26
[2026-01-20 14:17:16,080] INFO spindle_dev.index:  Finished block 26 in 0.03 seconds, found 4 clusters.
[2026-01-20 14:17:16,080] INFO spindle_dev.index:  Using epsilon-net clustering for block 27
[2026-01-20 14:17:16,254] INFO spindle_dev.index:  Finished block 27 in 0.17 seconds, found 10 clusters.
[2026-01-20 14:17:16,254] INFO spindle_dev.index: Step 2: Build DAG connections between block clusters.
[2026-01-20 14:17:16,254] INFO spindle_dev.index: Step 2.1: For each layer order the block-clusters by
[2026-01-20 14:17:16,254] INFO spindle_dev.index: Not implemented: ordering block-clusters ? How to order them?
[2026-01-20 14:17:16,254] INFO spindle_dev.index: We will use triangle inequality to order clusters.
[2026-01-20 14:17:16,254] INFO spindle_dev.index: Step 2.2: Connect block-clusters between layers based on co-occurrence in SPDs.
[2026-01-20 14:17:16,261] INFO spindle_dev.index: Check if node global_node_id matches index in nodes list
[2026-01-20 14:17:16,261] INFO spindle_dev.index: Step 2.3: Ordering block-clusters within each layer using log-Euclidean distances.
[2026-01-20 14:17:16,261] INFO spindle_dev.index: Processing cluster 3
[2026-01-20 14:17:16,261] INFO spindle_dev.index: Building SPD index with epsilon=7.138602392629589
[2026-01-20 14:17:16,261] INFO spindle_dev.index: Step 1: Cluster blocks within each class of SPD matrices.
[2026-01-20 14:17:16,267] INFO spindle_dev.index: Cluster 3: 117 SPDs, 25 blocks
[2026-01-20 14:17:16,267] INFO spindle_dev.index:  Using epsilon-net clustering for block 0
[2026-01-20 14:17:16,272] INFO spindle_dev.index:  Finished block 0 in 0.00 seconds, found 1 clusters.
[2026-01-20 14:17:16,272] INFO spindle_dev.index:  Using epsilon-net clustering for block 1
[2026-01-20 14:17:16,276] INFO spindle_dev.index:  Finished block 1 in 0.00 seconds, found 1 clusters.
[2026-01-20 14:17:16,276] INFO spindle_dev.index:  Using epsilon-net clustering for block 2
[2026-01-20 14:17:16,280] INFO spindle_dev.index:  Finished block 2 in 0.00 seconds, found 1 clusters.
[2026-01-20 14:17:16,280] INFO spindle_dev.index:  Using epsilon-net clustering for block 3
[2026-01-20 14:17:16,284] INFO spindle_dev.index:  Finished block 3 in 0.00 seconds, found 2 clusters.
[2026-01-20 14:17:16,284] INFO spindle_dev.index:  Using epsilon-net clustering for block 4
[2026-01-20 14:17:16,290] INFO spindle_dev.index:  Finished block 4 in 0.01 seconds, found 3 clusters.
[2026-01-20 14:17:16,290] INFO spindle_dev.index:  Using epsilon-net clustering for block 5
[2026-01-20 14:17:16,296] INFO spindle_dev.index:  Finished block 5 in 0.01 seconds, found 3 clusters.
[2026-01-20 14:17:16,296] INFO spindle_dev.index:  Using epsilon-net clustering for block 6
[2026-01-20 14:17:16,302] INFO spindle_dev.index:  Finished block 6 in 0.01 seconds, found 3 clusters.
[2026-01-20 14:17:16,302] INFO spindle_dev.index:  Using epsilon-net clustering for block 7
[2026-01-20 14:17:16,308] INFO spindle_dev.index:  Finished block 7 in 0.01 seconds, found 3 clusters.
[2026-01-20 14:17:16,308] INFO spindle_dev.index:  Using epsilon-net clustering for block 8
[2026-01-20 14:17:16,314] INFO spindle_dev.index:  Finished block 8 in 0.01 seconds, found 3 clusters.
[2026-01-20 14:17:16,314] INFO spindle_dev.index:  Using epsilon-net clustering for block 9
[2026-01-20 14:17:16,320] INFO spindle_dev.index:  Finished block 9 in 0.01 seconds, found 3 clusters.
[2026-01-20 14:17:16,320] INFO spindle_dev.index:  Using epsilon-net clustering for block 10
[2026-01-20 14:17:16,327] INFO spindle_dev.index:  Finished block 10 in 0.01 seconds, found 4 clusters.
[2026-01-20 14:17:16,327] INFO spindle_dev.index:  Using epsilon-net clustering for block 11
[2026-01-20 14:17:16,334] INFO spindle_dev.index:  Finished block 11 in 0.01 seconds, found 4 clusters.
[2026-01-20 14:17:16,334] INFO spindle_dev.index:  Using epsilon-net clustering for block 12
[2026-01-20 14:17:16,341] INFO spindle_dev.index:  Finished block 12 in 0.01 seconds, found 4 clusters.
[2026-01-20 14:17:16,341] INFO spindle_dev.index:  Using epsilon-net clustering for block 13
[2026-01-20 14:17:16,349] INFO spindle_dev.index:  Finished block 13 in 0.01 seconds, found 5 clusters.
[2026-01-20 14:17:16,349] INFO spindle_dev.index:  Using epsilon-net clustering for block 14
[2026-01-20 14:17:16,360] INFO spindle_dev.index:  Finished block 14 in 0.01 seconds, found 7 clusters.
[2026-01-20 14:17:16,360] INFO spindle_dev.index:  Using epsilon-net clustering for block 15
[2026-01-20 14:17:16,370] INFO spindle_dev.index:  Finished block 15 in 0.01 seconds, found 6 clusters.
[2026-01-20 14:17:16,370] INFO spindle_dev.index:  Using epsilon-net clustering for block 16
[2026-01-20 14:17:16,378] INFO spindle_dev.index:  Finished block 16 in 0.01 seconds, found 4 clusters.
[2026-01-20 14:17:16,379] INFO spindle_dev.index:  Using epsilon-net clustering for block 17
[2026-01-20 14:17:16,387] INFO spindle_dev.index:  Finished block 17 in 0.01 seconds, found 5 clusters.
[2026-01-20 14:17:16,387] INFO spindle_dev.index:  Using epsilon-net clustering for block 18
[2026-01-20 14:17:16,395] INFO spindle_dev.index:  Finished block 18 in 0.01 seconds, found 5 clusters.
[2026-01-20 14:17:16,395] INFO spindle_dev.index:  Using epsilon-net clustering for block 19
[2026-01-20 14:17:16,404] INFO spindle_dev.index:  Finished block 19 in 0.01 seconds, found 5 clusters.
[2026-01-20 14:17:16,404] INFO spindle_dev.index:  Using epsilon-net clustering for block 20
[2026-01-20 14:17:16,432] INFO spindle_dev.index:  Finished block 20 in 0.03 seconds, found 5 clusters.
[2026-01-20 14:17:16,432] INFO spindle_dev.index:  Using epsilon-net clustering for block 21
[2026-01-20 14:17:16,439] INFO spindle_dev.index:  Finished block 21 in 0.01 seconds, found 3 clusters.
[2026-01-20 14:17:16,439] INFO spindle_dev.index:  Using epsilon-net clustering for block 22
[2026-01-20 14:17:16,454] INFO spindle_dev.index:  Finished block 22 in 0.02 seconds, found 6 clusters.
[2026-01-20 14:17:16,454] INFO spindle_dev.index:  Using epsilon-net clustering for block 23
[2026-01-20 14:17:16,484] INFO spindle_dev.index:  Finished block 23 in 0.03 seconds, found 5 clusters.
[2026-01-20 14:17:16,484] INFO spindle_dev.index:  Using epsilon-net clustering for block 24
[2026-01-20 14:17:16,522] INFO spindle_dev.index:  Finished block 24 in 0.04 seconds, found 8 clusters.
[2026-01-20 14:17:16,522] INFO spindle_dev.index: Step 2: Build DAG connections between block clusters.
[2026-01-20 14:17:16,522] INFO spindle_dev.index: Step 2.1: For each layer order the block-clusters by
[2026-01-20 14:17:16,522] INFO spindle_dev.index: Not implemented: ordering block-clusters ? How to order them?
[2026-01-20 14:17:16,522] INFO spindle_dev.index: We will use triangle inequality to order clusters.
[2026-01-20 14:17:16,522] INFO spindle_dev.index: Step 2.2: Connect block-clusters between layers based on co-occurrence in SPDs.
[2026-01-20 14:17:16,525] INFO spindle_dev.index: Check if node global_node_id matches index in nodes list
[2026-01-20 14:17:16,525] INFO spindle_dev.index: Step 2.3: Ordering block-clusters within each layer using log-Euclidean distances.
[2026-01-20 14:17:16,525] INFO spindle_dev.index: Processing cluster 4
[2026-01-20 14:17:16,525] INFO spindle_dev.index: Building SPD index with epsilon=5.844685289778636
[2026-01-20 14:17:16,525] INFO spindle_dev.index: Step 1: Cluster blocks within each class of SPD matrices.
[2026-01-20 14:17:16,527] INFO spindle_dev.index: Cluster 4: 38 SPDs, 27 blocks
[2026-01-20 14:17:16,527] INFO spindle_dev.index:  Using epsilon-net clustering for block 0
[2026-01-20 14:17:16,529] INFO spindle_dev.index:  Finished block 0 in 0.00 seconds, found 1 clusters.
[2026-01-20 14:17:16,529] INFO spindle_dev.index:  Using epsilon-net clustering for block 1
[2026-01-20 14:17:16,531] INFO spindle_dev.index:  Finished block 1 in 0.00 seconds, found 1 clusters.
[2026-01-20 14:17:16,531] INFO spindle_dev.index:  Using epsilon-net clustering for block 2
[2026-01-20 14:17:16,532] INFO spindle_dev.index:  Finished block 2 in 0.00 seconds, found 2 clusters.
[2026-01-20 14:17:16,532] INFO spindle_dev.index:  Using epsilon-net clustering for block 3
[2026-01-20 14:17:16,534] INFO spindle_dev.index:  Finished block 3 in 0.00 seconds, found 2 clusters.
[2026-01-20 14:17:16,534] INFO spindle_dev.index:  Using epsilon-net clustering for block 4
[2026-01-20 14:17:16,536] INFO spindle_dev.index:  Finished block 4 in 0.00 seconds, found 3 clusters.
[2026-01-20 14:17:16,536] INFO spindle_dev.index:  Using epsilon-net clustering for block 5
[2026-01-20 14:17:16,538] INFO spindle_dev.index:  Finished block 5 in 0.00 seconds, found 3 clusters.
[2026-01-20 14:17:16,538] INFO spindle_dev.index:  Using epsilon-net clustering for block 6
[2026-01-20 14:17:16,540] INFO spindle_dev.index:  Finished block 6 in 0.00 seconds, found 3 clusters.
[2026-01-20 14:17:16,540] INFO spindle_dev.index:  Using epsilon-net clustering for block 7
[2026-01-20 14:17:16,542] INFO spindle_dev.index:  Finished block 7 in 0.00 seconds, found 2 clusters.
[2026-01-20 14:17:16,542] INFO spindle_dev.index:  Using epsilon-net clustering for block 8
[2026-01-20 14:17:16,543] INFO spindle_dev.index:  Finished block 8 in 0.00 seconds, found 2 clusters.
[2026-01-20 14:17:16,543] INFO spindle_dev.index:  Using epsilon-net clustering for block 9
[2026-01-20 14:17:16,545] INFO spindle_dev.index:  Finished block 9 in 0.00 seconds, found 2 clusters.
[2026-01-20 14:17:16,545] INFO spindle_dev.index:  Using epsilon-net clustering for block 10
[2026-01-20 14:17:16,547] INFO spindle_dev.index:  Finished block 10 in 0.00 seconds, found 4 clusters.
[2026-01-20 14:17:16,547] INFO spindle_dev.index:  Using epsilon-net clustering for block 11
[2026-01-20 14:17:16,550] INFO spindle_dev.index:  Finished block 11 in 0.00 seconds, found 4 clusters.
[2026-01-20 14:17:16,550] INFO spindle_dev.index:  Using epsilon-net clustering for block 12
[2026-01-20 14:17:16,551] INFO spindle_dev.index:  Finished block 12 in 0.00 seconds, found 2 clusters.
[2026-01-20 14:17:16,551] INFO spindle_dev.index:  Using epsilon-net clustering for block 13
[2026-01-20 14:17:16,553] INFO spindle_dev.index:  Finished block 13 in 0.00 seconds, found 3 clusters.
[2026-01-20 14:17:16,553] INFO spindle_dev.index:  Using epsilon-net clustering for block 14
[2026-01-20 14:17:16,556] INFO spindle_dev.index:  Finished block 14 in 0.00 seconds, found 5 clusters.
[2026-01-20 14:17:16,556] INFO spindle_dev.index:  Using epsilon-net clustering for block 15
[2026-01-20 14:17:16,559] INFO spindle_dev.index:  Finished block 15 in 0.00 seconds, found 7 clusters.
[2026-01-20 14:17:16,559] INFO spindle_dev.index:  Using epsilon-net clustering for block 16
[2026-01-20 14:17:16,562] INFO spindle_dev.index:  Finished block 16 in 0.00 seconds, found 4 clusters.
[2026-01-20 14:17:16,562] INFO spindle_dev.index:  Using epsilon-net clustering for block 17
[2026-01-20 14:17:16,565] INFO spindle_dev.index:  Finished block 17 in 0.00 seconds, found 6 clusters.
[2026-01-20 14:17:16,565] INFO spindle_dev.index:  Using epsilon-net clustering for block 18
[2026-01-20 14:17:16,569] INFO spindle_dev.index:  Finished block 18 in 0.00 seconds, found 10 clusters.
[2026-01-20 14:17:16,569] INFO spindle_dev.index:  Using epsilon-net clustering for block 19
[2026-01-20 14:17:16,573] INFO spindle_dev.index:  Finished block 19 in 0.00 seconds, found 9 clusters.
[2026-01-20 14:17:16,573] INFO spindle_dev.index:  Using epsilon-net clustering for block 20
[2026-01-20 14:17:16,577] INFO spindle_dev.index:  Finished block 20 in 0.00 seconds, found 10 clusters.
[2026-01-20 14:17:16,577] INFO spindle_dev.index:  Using epsilon-net clustering for block 21
[2026-01-20 14:17:16,582] INFO spindle_dev.index:  Finished block 21 in 0.00 seconds, found 12 clusters.
[2026-01-20 14:17:16,582] INFO spindle_dev.index:  Using epsilon-net clustering for block 22
[2026-01-20 14:17:16,587] INFO spindle_dev.index:  Finished block 22 in 0.00 seconds, found 10 clusters.
[2026-01-20 14:17:16,587] INFO spindle_dev.index:  Using epsilon-net clustering for block 23
[2026-01-20 14:17:16,593] INFO spindle_dev.index:  Finished block 23 in 0.01 seconds, found 15 clusters.
[2026-01-20 14:17:16,593] INFO spindle_dev.index:  Using epsilon-net clustering for block 24
[2026-01-20 14:17:16,600] INFO spindle_dev.index:  Finished block 24 in 0.01 seconds, found 14 clusters.
[2026-01-20 14:17:16,600] INFO spindle_dev.index:  Using epsilon-net clustering for block 25
[2026-01-20 14:17:16,610] INFO spindle_dev.index:  Finished block 25 in 0.01 seconds, found 13 clusters.
[2026-01-20 14:17:16,610] INFO spindle_dev.index:  Using epsilon-net clustering for block 26
[2026-01-20 14:17:16,621] INFO spindle_dev.index:  Finished block 26 in 0.01 seconds, found 11 clusters.
[2026-01-20 14:17:16,621] INFO spindle_dev.index: Step 2: Build DAG connections between block clusters.
[2026-01-20 14:17:16,621] INFO spindle_dev.index: Step 2.1: For each layer order the block-clusters by
[2026-01-20 14:17:16,621] INFO spindle_dev.index: Not implemented: ordering block-clusters ? How to order them?
[2026-01-20 14:17:16,621] INFO spindle_dev.index: We will use triangle inequality to order clusters.
[2026-01-20 14:17:16,621] INFO spindle_dev.index: Step 2.2: Connect block-clusters between layers based on co-occurrence in SPDs.
[2026-01-20 14:17:16,622] INFO spindle_dev.index: Check if node global_node_id matches index in nodes list
[2026-01-20 14:17:16,622] INFO spindle_dev.index: Step 2.3: Ordering block-clusters within each layer using log-Euclidean distances.
[2026-01-20 14:17:16,622] INFO spindle_dev.index: Processing cluster 5
[2026-01-20 14:17:16,622] INFO spindle_dev.index: Building SPD index with epsilon=5.579999655929843
[2026-01-20 14:17:16,623] INFO spindle_dev.index: Step 1: Cluster blocks within each class of SPD matrices.
[2026-01-20 14:17:16,625] INFO spindle_dev.index: Cluster 5: 37 SPDs, 24 blocks
[2026-01-20 14:17:16,625] INFO spindle_dev.index:  Using epsilon-net clustering for block 0
[2026-01-20 14:17:16,627] INFO spindle_dev.index:  Finished block 0 in 0.00 seconds, found 3 clusters.
[2026-01-20 14:17:16,627] INFO spindle_dev.index:  Using epsilon-net clustering for block 1
[2026-01-20 14:17:16,630] INFO spindle_dev.index:  Finished block 1 in 0.00 seconds, found 5 clusters.
[2026-01-20 14:17:16,630] INFO spindle_dev.index:  Using epsilon-net clustering for block 2
[2026-01-20 14:17:16,633] INFO spindle_dev.index:  Finished block 2 in 0.00 seconds, found 7 clusters.
[2026-01-20 14:17:16,633] INFO spindle_dev.index:  Using epsilon-net clustering for block 3
[2026-01-20 14:17:16,635] INFO spindle_dev.index:  Finished block 3 in 0.00 seconds, found 5 clusters.
[2026-01-20 14:17:16,635] INFO spindle_dev.index:  Using epsilon-net clustering for block 4
[2026-01-20 14:17:16,639] INFO spindle_dev.index:  Finished block 4 in 0.00 seconds, found 9 clusters.
[2026-01-20 14:17:16,639] INFO spindle_dev.index:  Using epsilon-net clustering for block 5
[2026-01-20 14:17:16,643] INFO spindle_dev.index:  Finished block 5 in 0.00 seconds, found 8 clusters.
[2026-01-20 14:17:16,643] INFO spindle_dev.index:  Using epsilon-net clustering for block 6
[2026-01-20 14:17:16,646] INFO spindle_dev.index:  Finished block 6 in 0.00 seconds, found 8 clusters.
[2026-01-20 14:17:16,646] INFO spindle_dev.index:  Using epsilon-net clustering for block 7
[2026-01-20 14:17:16,651] INFO spindle_dev.index:  Finished block 7 in 0.00 seconds, found 12 clusters.
[2026-01-20 14:17:16,651] INFO spindle_dev.index:  Using epsilon-net clustering for block 8
[2026-01-20 14:17:16,655] INFO spindle_dev.index:  Finished block 8 in 0.00 seconds, found 11 clusters.
[2026-01-20 14:17:16,655] INFO spindle_dev.index:  Using epsilon-net clustering for block 9
[2026-01-20 14:17:16,660] INFO spindle_dev.index:  Finished block 9 in 0.00 seconds, found 13 clusters.
[2026-01-20 14:17:16,660] INFO spindle_dev.index:  Using epsilon-net clustering for block 10
[2026-01-20 14:17:16,664] INFO spindle_dev.index:  Finished block 10 in 0.00 seconds, found 9 clusters.
[2026-01-20 14:17:16,664] INFO spindle_dev.index:  Using epsilon-net clustering for block 11
[2026-01-20 14:17:16,668] INFO spindle_dev.index:  Finished block 11 in 0.00 seconds, found 9 clusters.
[2026-01-20 14:17:16,668] INFO spindle_dev.index:  Using epsilon-net clustering for block 12
[2026-01-20 14:17:16,672] INFO spindle_dev.index:  Finished block 12 in 0.00 seconds, found 11 clusters.
[2026-01-20 14:17:16,673] INFO spindle_dev.index:  Using epsilon-net clustering for block 13
[2026-01-20 14:17:16,677] INFO spindle_dev.index:  Finished block 13 in 0.00 seconds, found 12 clusters.
[2026-01-20 14:17:16,681] INFO spindle_dev.index:  Using epsilon-net clustering for block 14
[2026-01-20 14:17:16,685] INFO spindle_dev.index:  Finished block 14 in 0.00 seconds, found 11 clusters.
[2026-01-20 14:17:16,685] INFO spindle_dev.index:  Using epsilon-net clustering for block 15
[2026-01-20 14:17:16,689] INFO spindle_dev.index:  Finished block 15 in 0.00 seconds, found 9 clusters.
[2026-01-20 14:17:16,689] INFO spindle_dev.index:  Using epsilon-net clustering for block 16
[2026-01-20 14:17:16,692] INFO spindle_dev.index:  Finished block 16 in 0.00 seconds, found 5 clusters.
[2026-01-20 14:17:16,692] INFO spindle_dev.index:  Using epsilon-net clustering for block 17
[2026-01-20 14:17:16,709] INFO spindle_dev.index:  Finished block 17 in 0.02 seconds, found 14 clusters.
[2026-01-20 14:17:16,709] INFO spindle_dev.index:  Using epsilon-net clustering for block 18
[2026-01-20 14:17:16,714] INFO spindle_dev.index:  Finished block 18 in 0.01 seconds, found 8 clusters.
[2026-01-20 14:17:16,714] INFO spindle_dev.index:  Using epsilon-net clustering for block 19
[2026-01-20 14:17:16,718] INFO spindle_dev.index:  Finished block 19 in 0.00 seconds, found 6 clusters.
[2026-01-20 14:17:16,718] INFO spindle_dev.index:  Using epsilon-net clustering for block 20
[2026-01-20 14:17:16,722] INFO spindle_dev.index:  Finished block 20 in 0.00 seconds, found 2 clusters.
[2026-01-20 14:17:16,722] INFO spindle_dev.index:  Using epsilon-net clustering for block 21
[2026-01-20 14:17:16,739] INFO spindle_dev.index:  Finished block 21 in 0.02 seconds, found 8 clusters.
[2026-01-20 14:17:16,739] INFO spindle_dev.index:  Using epsilon-net clustering for block 22
[2026-01-20 14:17:16,742] INFO spindle_dev.index:  Finished block 22 in 0.00 seconds, found 5 clusters.
[2026-01-20 14:17:16,742] INFO spindle_dev.index:  Using epsilon-net clustering for block 23
[2026-01-20 14:17:16,748] INFO spindle_dev.index:  Finished block 23 in 0.01 seconds, found 3 clusters.
[2026-01-20 14:17:16,748] INFO spindle_dev.index: Step 2: Build DAG connections between block clusters.
[2026-01-20 14:17:16,748] INFO spindle_dev.index: Step 2.1: For each layer order the block-clusters by
[2026-01-20 14:17:16,748] INFO spindle_dev.index: Not implemented: ordering block-clusters ? How to order them?
[2026-01-20 14:17:16,748] INFO spindle_dev.index: We will use triangle inequality to order clusters.
[2026-01-20 14:17:16,748] INFO spindle_dev.index: Step 2.2: Connect block-clusters between layers based on co-occurrence in SPDs.
[2026-01-20 14:17:16,749] INFO spindle_dev.index: Check if node global_node_id matches index in nodes list
[2026-01-20 14:17:16,749] INFO spindle_dev.index: Step 2.3: Ordering block-clusters within each layer using log-Euclidean distances.
[2026-01-20 14:17:16,749] INFO spindle_dev.index: Processing cluster 6
[2026-01-20 14:17:16,749] INFO spindle_dev.index: Building SPD index with epsilon=4.772250368165216
[2026-01-20 14:17:16,749] INFO spindle_dev.index: Step 1: Cluster blocks within each class of SPD matrices.
[2026-01-20 14:17:16,750] INFO spindle_dev.index: Cluster 6: 20 SPDs, 28 blocks
[2026-01-20 14:17:16,751] INFO spindle_dev.index:  Using epsilon-net clustering for block 0
[2026-01-20 14:17:16,752] INFO spindle_dev.index:  Finished block 0 in 0.00 seconds, found 3 clusters.
[2026-01-20 14:17:16,752] INFO spindle_dev.index:  Using epsilon-net clustering for block 1
[2026-01-20 14:17:16,754] INFO spindle_dev.index:  Finished block 1 in 0.00 seconds, found 9 clusters.
[2026-01-20 14:17:16,754] INFO spindle_dev.index:  Using epsilon-net clustering for block 2
[2026-01-20 14:17:16,756] INFO spindle_dev.index:  Finished block 2 in 0.00 seconds, found 10 clusters.
[2026-01-20 14:17:16,756] INFO spindle_dev.index:  Using epsilon-net clustering for block 3
[2026-01-20 14:17:16,759] INFO spindle_dev.index:  Finished block 3 in 0.00 seconds, found 15 clusters.
[2026-01-20 14:17:16,759] INFO spindle_dev.index:  Using epsilon-net clustering for block 4
[2026-01-20 14:17:16,762] INFO spindle_dev.index:  Finished block 4 in 0.00 seconds, found 12 clusters.
[2026-01-20 14:17:16,762] INFO spindle_dev.index:  Using epsilon-net clustering for block 5
[2026-01-20 14:17:16,765] INFO spindle_dev.index:  Finished block 5 in 0.00 seconds, found 14 clusters.
[2026-01-20 14:17:16,765] INFO spindle_dev.index:  Using epsilon-net clustering for block 6
[2026-01-20 14:17:16,768] INFO spindle_dev.index:  Finished block 6 in 0.00 seconds, found 13 clusters.
[2026-01-20 14:17:16,768] INFO spindle_dev.index:  Using epsilon-net clustering for block 7
[2026-01-20 14:17:16,771] INFO spindle_dev.index:  Finished block 7 in 0.00 seconds, found 13 clusters.
[2026-01-20 14:17:16,771] INFO spindle_dev.index:  Using epsilon-net clustering for block 8
[2026-01-20 14:17:16,773] INFO spindle_dev.index:  Finished block 8 in 0.00 seconds, found 8 clusters.
[2026-01-20 14:17:16,773] INFO spindle_dev.index:  Using epsilon-net clustering for block 9
[2026-01-20 14:17:16,775] INFO spindle_dev.index:  Finished block 9 in 0.00 seconds, found 10 clusters.
[2026-01-20 14:17:16,775] INFO spindle_dev.index:  Using epsilon-net clustering for block 10
[2026-01-20 14:17:16,777] INFO spindle_dev.index:  Finished block 10 in 0.00 seconds, found 10 clusters.
[2026-01-20 14:17:16,777] INFO spindle_dev.index:  Using epsilon-net clustering for block 11
[2026-01-20 14:17:16,779] INFO spindle_dev.index:  Finished block 11 in 0.00 seconds, found 5 clusters.
[2026-01-20 14:17:16,779] INFO spindle_dev.index:  Using epsilon-net clustering for block 12
[2026-01-20 14:17:16,781] INFO spindle_dev.index:  Finished block 12 in 0.00 seconds, found 5 clusters.
[2026-01-20 14:17:16,781] INFO spindle_dev.index:  Using epsilon-net clustering for block 13
[2026-01-20 14:17:16,782] INFO spindle_dev.index:  Finished block 13 in 0.00 seconds, found 2 clusters.
[2026-01-20 14:17:16,782] INFO spindle_dev.index:  Using epsilon-net clustering for block 14
[2026-01-20 14:17:16,783] INFO spindle_dev.index:  Finished block 14 in 0.00 seconds, found 4 clusters.
[2026-01-20 14:17:16,783] INFO spindle_dev.index:  Using epsilon-net clustering for block 15
[2026-01-20 14:17:16,785] INFO spindle_dev.index:  Finished block 15 in 0.00 seconds, found 4 clusters.
[2026-01-20 14:17:16,785] INFO spindle_dev.index:  Using epsilon-net clustering for block 16
[2026-01-20 14:17:16,786] INFO spindle_dev.index:  Finished block 16 in 0.00 seconds, found 3 clusters.
[2026-01-20 14:17:16,786] INFO spindle_dev.index:  Using epsilon-net clustering for block 17
[2026-01-20 14:17:16,788] INFO spindle_dev.index:  Finished block 17 in 0.00 seconds, found 4 clusters.
[2026-01-20 14:17:16,788] INFO spindle_dev.index:  Using epsilon-net clustering for block 18
[2026-01-20 14:17:16,789] INFO spindle_dev.index:  Finished block 18 in 0.00 seconds, found 4 clusters.
[2026-01-20 14:17:16,789] INFO spindle_dev.index:  Using epsilon-net clustering for block 19
[2026-01-20 14:17:16,792] INFO spindle_dev.index:  Finished block 19 in 0.00 seconds, found 8 clusters.
[2026-01-20 14:17:16,792] INFO spindle_dev.index:  Using epsilon-net clustering for block 20
[2026-01-20 14:17:16,793] INFO spindle_dev.index:  Finished block 20 in 0.00 seconds, found 2 clusters.
[2026-01-20 14:17:16,793] INFO spindle_dev.index:  Using epsilon-net clustering for block 21
[2026-01-20 14:17:16,794] INFO spindle_dev.index:  Finished block 21 in 0.00 seconds, found 2 clusters.
[2026-01-20 14:17:16,794] INFO spindle_dev.index:  Using epsilon-net clustering for block 22
[2026-01-20 14:17:16,795] INFO spindle_dev.index:  Finished block 22 in 0.00 seconds, found 2 clusters.
[2026-01-20 14:17:16,795] INFO spindle_dev.index:  Using epsilon-net clustering for block 23
[2026-01-20 14:17:16,801] INFO spindle_dev.index:  Finished block 23 in 0.01 seconds, found 3 clusters.
[2026-01-20 14:17:16,802] INFO spindle_dev.index:  Using epsilon-net clustering for block 24
[2026-01-20 14:17:16,803] INFO spindle_dev.index:  Finished block 24 in 0.00 seconds, found 4 clusters.
[2026-01-20 14:17:16,803] INFO spindle_dev.index:  Using epsilon-net clustering for block 25
[2026-01-20 14:17:16,805] INFO spindle_dev.index:  Finished block 25 in 0.00 seconds, found 2 clusters.
[2026-01-20 14:17:16,805] INFO spindle_dev.index:  Using epsilon-net clustering for block 26
[2026-01-20 14:17:16,807] INFO spindle_dev.index:  Finished block 26 in 0.00 seconds, found 7 clusters.
[2026-01-20 14:17:16,807] INFO spindle_dev.index:  Using epsilon-net clustering for block 27
[2026-01-20 14:17:16,810] INFO spindle_dev.index:  Finished block 27 in 0.00 seconds, found 4 clusters.
[2026-01-20 14:17:16,810] INFO spindle_dev.index: Step 2: Build DAG connections between block clusters.
[2026-01-20 14:17:16,810] INFO spindle_dev.index: Step 2.1: For each layer order the block-clusters by
[2026-01-20 14:17:16,810] INFO spindle_dev.index: Not implemented: ordering block-clusters ? How to order them?
[2026-01-20 14:17:16,810] INFO spindle_dev.index: We will use triangle inequality to order clusters.
[2026-01-20 14:17:16,810] INFO spindle_dev.index: Step 2.2: Connect block-clusters between layers based on co-occurrence in SPDs.
[2026-01-20 14:17:16,811] INFO spindle_dev.index: Check if node global_node_id matches index in nodes list
[2026-01-20 14:17:16,811] INFO spindle_dev.index: Step 2.3: Ordering block-clusters within each layer using log-Euclidean distances.
[2026-01-20 14:17:17,116] INFO spindle_dev.test: Built ground-truth paths for 570 SPDs in cluster 0 across 25 blocks.
[2026-01-20 14:17:17,416] INFO spindle_dev.test: Built ground-truth paths for 546 SPDs in cluster 1 across 27 blocks.
[2026-01-20 14:17:17,626] INFO spindle_dev.test: Built ground-truth paths for 449 SPDs in cluster 2 across 28 blocks.
[2026-01-20 14:17:17,641] INFO spindle_dev.test: Built ground-truth paths for 117 SPDs in cluster 3 across 25 blocks.
[2026-01-20 14:17:17,644] INFO spindle_dev.test: Built ground-truth paths for 38 SPDs in cluster 4 across 27 blocks.
[2026-01-20 14:17:17,646] INFO spindle_dev.test: Built ground-truth paths for 37 SPDs in cluster 5 across 24 blocks.
[2026-01-20 14:17:17,648] INFO spindle_dev.test: Built ground-truth paths for 20 SPDs in cluster 6 across 28 blocks.
[2026-01-20 14:17:24,135] INFO spindle_dev.index: Clustering SPD-s using 'tree' distance.
[2026-01-20 14:17:24,135] INFO spindle_dev.index: Building ultrametric features from SPD matrices.
[2026-01-20 14:17:33,355] INFO spindle_dev.index: Computing latent features from the tree representations.
[2026-01-20 14:17:34,635] INFO spindle_dev.index: Reducing latent features to 30 dimensions using PCA.
[2026-01-20 14:17:39,758] INFO spindle_dev.index: Explained variance ratios by PCA components: [0.04082877 0.02090289 0.01214787 0.00703324 0.00602298 0.00583663
 0.00484961 0.00420947 0.00341713 0.00326079 0.00293997 0.00285414
 0.00278242 0.00267546 0.00262346 0.00254401 0.00253857 0.00249984
 0.00243455 0.00240164 0.00238939 0.00234241 0.0022555  0.0022111
 0.00219762 0.0021745  0.00212202 0.0020705  0.00205612 0.00198888]
[2026-01-20 14:17:39,759] INFO spindle_dev.index: Reducing latent features to 2 dimensions using UMAP.
/panfs/accrepfs.vampire/home/sarkah1/miniforge3/envs/spatial/lib/python3.10/site-packages/umap/umap_.py:1952: UserWarning: n_jobs value 1 overridden to 1 by setting random_state. Use no seed for parallelism.
  warn(
[2026-01-20 14:17:46,282] INFO spindle_dev.index: Clustering SPD-s using 'tree' distance.
[2026-01-20 14:17:46,283] INFO spindle_dev.index: Clustering SPD matrices using Leiden clustering with resolution 0.50.
[2026-01-20 14:17:46,648] INFO spindle_dev.index: Since clustering method is tree, I am going to find global order per cluster
[2026-01-20 14:17:46,648] INFO spindle_dev.index: Finding consensus tree for cluster 0
[2026-01-20 14:17:46,835] INFO spindle_dev.index: Finding consensus tree for cluster 1
[2026-01-20 14:17:47,008] INFO spindle_dev.index: Finding consensus tree for cluster 2
[2026-01-20 14:17:47,142] INFO spindle_dev.index: Finding consensus tree for cluster 3
[2026-01-20 14:17:47,272] INFO spindle_dev.index: Finding consensus tree for cluster 4
[2026-01-20 14:17:47,363] INFO spindle_dev.index: Finding consensus tree for cluster 5
[2026-01-20 14:17:48,513] INFO spindle_dev.index: Computing mean correlation matrix for cluster 0
[2026-01-20 14:17:49,449] INFO spindle_dev.index: Computing mean correlation matrix for cluster 1
[2026-01-20 14:17:50,258] INFO spindle_dev.index: Computing mean correlation matrix for cluster 2
[2026-01-20 14:17:50,939] INFO spindle_dev.index: Computing mean correlation matrix for cluster 3
[2026-01-20 14:17:51,483] INFO spindle_dev.index: Computing mean correlation matrix for cluster 4
[2026-01-20 14:17:51,912] INFO spindle_dev.index: Computing mean correlation matrix for cluster 5
[2026-01-20 14:17:52,044] INFO spindle_dev.index: Finding adaptive block runs for cluster 0
[2026-01-20 14:17:52,427] INFO spindle_dev.index:  Chose t=0.8953150000734291 resulting in 269 blocks instead of 234 blocks would have gotten by default
[2026-01-20 14:17:52,480] INFO spindle_dev.index:  Final block runs for cluster 0: 33 blocks.
[2026-01-20 14:17:52,480] INFO spindle_dev.index: Finding adaptive block runs for cluster 1
[2026-01-20 14:17:52,862] INFO spindle_dev.index:  Chose t=0.8974951970517207 resulting in 247 blocks instead of 219 blocks would have gotten by default
[2026-01-20 14:17:52,908] INFO spindle_dev.index:  Final block runs for cluster 1: 30 blocks.
[2026-01-20 14:17:52,908] INFO spindle_dev.index: Finding adaptive block runs for cluster 2
[2026-01-20 14:17:53,291] INFO spindle_dev.index:  Chose t=0.9153192440240208 resulting in 190 blocks instead of 182 blocks would have gotten by default
[2026-01-20 14:17:53,322] INFO spindle_dev.index:  Final block runs for cluster 2: 22 blocks.
[2026-01-20 14:17:53,322] INFO spindle_dev.index: Finding adaptive block runs for cluster 3
[2026-01-20 14:17:53,708] INFO spindle_dev.index:  Chose t=0.9106198620507007 resulting in 285 blocks instead of 267 blocks would have gotten by default
[2026-01-20 14:17:53,769] INFO spindle_dev.index:  Final block runs for cluster 3: 32 blocks.
[2026-01-20 14:17:53,769] INFO spindle_dev.index: Finding adaptive block runs for cluster 4
[2026-01-20 14:17:54,151] INFO spindle_dev.index:  Chose t=0.9374727137890102 resulting in 246 blocks instead of 291 blocks would have gotten by default
[2026-01-20 14:17:54,198] INFO spindle_dev.index:  Final block runs for cluster 4: 28 blocks.
[2026-01-20 14:17:54,198] INFO spindle_dev.index: Finding adaptive block runs for cluster 5
[2026-01-20 14:17:54,579] INFO spindle_dev.index:  Chose t=0.9281580392858046 resulting in 252 blocks instead of 271 blocks would have gotten by default
[2026-01-20 14:17:54,627] INFO spindle_dev.index:  Final block runs for cluster 5: 28 blocks.
[2026-01-20 14:18:03,077] INFO spindle_dev.index: Processing cluster 0
[2026-01-20 14:18:03,077] INFO spindle_dev.index: Building SPD index with epsilon=5.6073310753416
[2026-01-20 14:18:03,077] INFO spindle_dev.index: Step 1: Cluster blocks within each class of SPD matrices.
[2026-01-20 14:18:03,098] INFO spindle_dev.index: Cluster 0: 692 SPDs, 33 blocks
[2026-01-20 14:18:03,098] INFO spindle_dev.index:  Using epsilon-net clustering for block 0
[2026-01-20 14:18:03,186] INFO spindle_dev.index:  Finished block 0 in 0.09 seconds, found 13 clusters.
[2026-01-20 14:18:03,187] INFO spindle_dev.index:  Using epsilon-net clustering for block 1
[2026-01-20 14:18:03,285] INFO spindle_dev.index:  Finished block 1 in 0.10 seconds, found 15 clusters.
[2026-01-20 14:18:03,285] INFO spindle_dev.index:  Using epsilon-net clustering for block 2
[2026-01-20 14:18:03,378] INFO spindle_dev.index:  Finished block 2 in 0.09 seconds, found 14 clusters.
[2026-01-20 14:18:03,379] INFO spindle_dev.index:  Using epsilon-net clustering for block 3
[2026-01-20 14:18:03,483] INFO spindle_dev.index:  Finished block 3 in 0.10 seconds, found 16 clusters.
[2026-01-20 14:18:03,483] INFO spindle_dev.index:  Using epsilon-net clustering for block 4
[2026-01-20 14:18:03,577] INFO spindle_dev.index:  Finished block 4 in 0.09 seconds, found 14 clusters.
[2026-01-20 14:18:03,577] INFO spindle_dev.index:  Using epsilon-net clustering for block 5
[2026-01-20 14:18:03,676] INFO spindle_dev.index:  Finished block 5 in 0.10 seconds, found 15 clusters.
[2026-01-20 14:18:03,677] INFO spindle_dev.index:  Using epsilon-net clustering for block 6
[2026-01-20 14:18:03,784] INFO spindle_dev.index:  Finished block 6 in 0.11 seconds, found 16 clusters.
[2026-01-20 14:18:03,784] INFO spindle_dev.index:  Using epsilon-net clustering for block 7
[2026-01-20 14:18:03,878] INFO spindle_dev.index:  Finished block 7 in 0.09 seconds, found 14 clusters.
[2026-01-20 14:18:03,878] INFO spindle_dev.index:  Using epsilon-net clustering for block 8
[2026-01-20 14:18:03,972] INFO spindle_dev.index:  Finished block 8 in 0.09 seconds, found 14 clusters.
[2026-01-20 14:18:03,972] INFO spindle_dev.index:  Using epsilon-net clustering for block 9
[2026-01-20 14:18:04,045] INFO spindle_dev.index:  Finished block 9 in 0.07 seconds, found 10 clusters.
[2026-01-20 14:18:04,046] INFO spindle_dev.index:  Using epsilon-net clustering for block 10
[2026-01-20 14:18:04,135] INFO spindle_dev.index:  Finished block 10 in 0.09 seconds, found 13 clusters.
[2026-01-20 14:18:04,135] INFO spindle_dev.index:  Using epsilon-net clustering for block 11
[2026-01-20 14:18:04,219] INFO spindle_dev.index:  Finished block 11 in 0.08 seconds, found 12 clusters.
[2026-01-20 14:18:04,219] INFO spindle_dev.index:  Using epsilon-net clustering for block 12
[2026-01-20 14:18:04,293] INFO spindle_dev.index:  Finished block 12 in 0.07 seconds, found 10 clusters.
[2026-01-20 14:18:04,293] INFO spindle_dev.index:  Using epsilon-net clustering for block 13
[2026-01-20 14:18:04,356] INFO spindle_dev.index:  Finished block 13 in 0.06 seconds, found 8 clusters.
[2026-01-20 14:18:04,357] INFO spindle_dev.index:  Using epsilon-net clustering for block 14
[2026-01-20 14:18:04,420] INFO spindle_dev.index:  Finished block 14 in 0.06 seconds, found 8 clusters.
[2026-01-20 14:18:04,420] INFO spindle_dev.index:  Using epsilon-net clustering for block 15
[2026-01-20 14:18:04,473] INFO spindle_dev.index:  Finished block 15 in 0.05 seconds, found 6 clusters.
[2026-01-20 14:18:04,473] INFO spindle_dev.index:  Using epsilon-net clustering for block 16
[2026-01-20 14:18:04,506] INFO spindle_dev.index:  Finished block 16 in 0.03 seconds, found 2 clusters.
[2026-01-20 14:18:04,506] INFO spindle_dev.index:  Using epsilon-net clustering for block 17
[2026-01-20 14:18:04,533] INFO spindle_dev.index:  Finished block 17 in 0.03 seconds, found 1 clusters.
[2026-01-20 14:18:04,534] INFO spindle_dev.index:  Using epsilon-net clustering for block 18
[2026-01-20 14:18:04,570] INFO spindle_dev.index:  Finished block 18 in 0.04 seconds, found 1 clusters.
[2026-01-20 14:18:04,570] INFO spindle_dev.index:  Using epsilon-net clustering for block 19
[2026-01-20 14:18:04,610] INFO spindle_dev.index:  Finished block 19 in 0.04 seconds, found 2 clusters.
[2026-01-20 14:18:04,610] INFO spindle_dev.index:  Using epsilon-net clustering for block 20
[2026-01-20 14:18:04,651] INFO spindle_dev.index:  Finished block 20 in 0.04 seconds, found 3 clusters.
[2026-01-20 14:18:04,652] INFO spindle_dev.index:  Using epsilon-net clustering for block 21
[2026-01-20 14:18:04,687] INFO spindle_dev.index:  Finished block 21 in 0.04 seconds, found 2 clusters.
[2026-01-20 14:18:04,688] INFO spindle_dev.index:  Using epsilon-net clustering for block 22
[2026-01-20 14:18:04,716] INFO spindle_dev.index:  Finished block 22 in 0.03 seconds, found 1 clusters.
[2026-01-20 14:18:04,716] INFO spindle_dev.index:  Using epsilon-net clustering for block 23
[2026-01-20 14:18:04,757] INFO spindle_dev.index:  Finished block 23 in 0.04 seconds, found 3 clusters.
[2026-01-20 14:18:04,757] INFO spindle_dev.index:  Using epsilon-net clustering for block 24
[2026-01-20 14:18:04,785] INFO spindle_dev.index:  Finished block 24 in 0.03 seconds, found 1 clusters.
[2026-01-20 14:18:04,785] INFO spindle_dev.index:  Using epsilon-net clustering for block 25
[2026-01-20 14:18:04,817] INFO spindle_dev.index:  Finished block 25 in 0.03 seconds, found 1 clusters.
[2026-01-20 14:18:04,817] INFO spindle_dev.index:  Using epsilon-net clustering for block 26
[2026-01-20 14:18:04,844] INFO spindle_dev.index:  Finished block 26 in 0.03 seconds, found 1 clusters.
[2026-01-20 14:18:04,844] INFO spindle_dev.index:  Using epsilon-net clustering for block 27
[2026-01-20 14:18:04,910] INFO spindle_dev.index:  Finished block 27 in 0.07 seconds, found 8 clusters.
[2026-01-20 14:18:04,910] INFO spindle_dev.index:  Using epsilon-net clustering for block 28
[2026-01-20 14:18:04,949] INFO spindle_dev.index:  Finished block 28 in 0.04 seconds, found 2 clusters.
[2026-01-20 14:18:04,949] INFO spindle_dev.index:  Using epsilon-net clustering for block 29
[2026-01-20 14:18:04,987] INFO spindle_dev.index:  Finished block 29 in 0.04 seconds, found 3 clusters.
[2026-01-20 14:18:04,987] INFO spindle_dev.index:  Using epsilon-net clustering for block 30
[2026-01-20 14:18:05,080] INFO spindle_dev.index:  Finished block 30 in 0.09 seconds, found 2 clusters.
[2026-01-20 14:18:05,080] INFO spindle_dev.index:  Using epsilon-net clustering for block 31
[2026-01-20 14:18:05,115] INFO spindle_dev.index:  Finished block 31 in 0.03 seconds, found 2 clusters.
[2026-01-20 14:18:05,115] INFO spindle_dev.index:  Using epsilon-net clustering for block 32
[2026-01-20 14:18:05,163] INFO spindle_dev.index:  Finished block 32 in 0.05 seconds, found 5 clusters.
[2026-01-20 14:18:05,163] INFO spindle_dev.index: Step 2: Build DAG connections between block clusters.
[2026-01-20 14:18:05,163] INFO spindle_dev.index: Step 2.1: For each layer order the block-clusters by
[2026-01-20 14:18:05,163] INFO spindle_dev.index: Not implemented: ordering block-clusters ? How to order them?
[2026-01-20 14:18:05,163] INFO spindle_dev.index: We will use triangle inequality to order clusters.
[2026-01-20 14:18:05,163] INFO spindle_dev.index: Step 2.2: Connect block-clusters between layers based on co-occurrence in SPDs.
[2026-01-20 14:18:05,175] INFO spindle_dev.index: Check if node global_node_id matches index in nodes list
[2026-01-20 14:18:05,175] INFO spindle_dev.index: Step 2.3: Ordering block-clusters within each layer using log-Euclidean distances.
[2026-01-20 14:18:05,175] INFO spindle_dev.index: Processing cluster 1
[2026-01-20 14:18:05,176] INFO spindle_dev.index: Building SPD index with epsilon=5.957970216475703
[2026-01-20 14:18:05,176] INFO spindle_dev.index: Step 1: Cluster blocks within each class of SPD matrices.
[2026-01-20 14:18:05,197] INFO spindle_dev.index: Cluster 1: 688 SPDs, 30 blocks
[2026-01-20 14:18:05,197] INFO spindle_dev.index:  Using epsilon-net clustering for block 0
[2026-01-20 14:18:05,255] INFO spindle_dev.index:  Finished block 0 in 0.06 seconds, found 7 clusters.
[2026-01-20 14:18:05,255] INFO spindle_dev.index:  Using epsilon-net clustering for block 1
[2026-01-20 14:18:05,326] INFO spindle_dev.index:  Finished block 1 in 0.07 seconds, found 10 clusters.
[2026-01-20 14:18:05,326] INFO spindle_dev.index:  Using epsilon-net clustering for block 2
[2026-01-20 14:18:05,392] INFO spindle_dev.index:  Finished block 2 in 0.07 seconds, found 9 clusters.
[2026-01-20 14:18:05,393] INFO spindle_dev.index:  Using epsilon-net clustering for block 3
[2026-01-20 14:18:05,493] INFO spindle_dev.index:  Finished block 3 in 0.10 seconds, found 15 clusters.
[2026-01-20 14:18:05,494] INFO spindle_dev.index:  Using epsilon-net clustering for block 4
[2026-01-20 14:18:05,571] INFO spindle_dev.index:  Finished block 4 in 0.08 seconds, found 11 clusters.
[2026-01-20 14:18:05,572] INFO spindle_dev.index:  Using epsilon-net clustering for block 5
[2026-01-20 14:18:05,660] INFO spindle_dev.index:  Finished block 5 in 0.09 seconds, found 13 clusters.
[2026-01-20 14:18:05,660] INFO spindle_dev.index:  Using epsilon-net clustering for block 6
[2026-01-20 14:18:05,744] INFO spindle_dev.index:  Finished block 6 in 0.08 seconds, found 12 clusters.
[2026-01-20 14:18:05,744] INFO spindle_dev.index:  Using epsilon-net clustering for block 7
[2026-01-20 14:18:05,822] INFO spindle_dev.index:  Finished block 7 in 0.08 seconds, found 11 clusters.
[2026-01-20 14:18:05,822] INFO spindle_dev.index:  Using epsilon-net clustering for block 8
[2026-01-20 14:18:05,901] INFO spindle_dev.index:  Finished block 8 in 0.08 seconds, found 11 clusters.
[2026-01-20 14:18:05,901] INFO spindle_dev.index:  Using epsilon-net clustering for block 9
[2026-01-20 14:18:05,984] INFO spindle_dev.index:  Finished block 9 in 0.08 seconds, found 11 clusters.
[2026-01-20 14:18:05,984] INFO spindle_dev.index:  Using epsilon-net clustering for block 10
[2026-01-20 14:18:06,062] INFO spindle_dev.index:  Finished block 10 in 0.08 seconds, found 11 clusters.
[2026-01-20 14:18:06,063] INFO spindle_dev.index:  Using epsilon-net clustering for block 11
[2026-01-20 14:18:06,131] INFO spindle_dev.index:  Finished block 11 in 0.07 seconds, found 9 clusters.
[2026-01-20 14:18:06,131] INFO spindle_dev.index:  Using epsilon-net clustering for block 12
[2026-01-20 14:18:06,204] INFO spindle_dev.index:  Finished block 12 in 0.07 seconds, found 10 clusters.
[2026-01-20 14:18:06,204] INFO spindle_dev.index:  Using epsilon-net clustering for block 13
[2026-01-20 14:18:06,267] INFO spindle_dev.index:  Finished block 13 in 0.06 seconds, found 8 clusters.
[2026-01-20 14:18:06,268] INFO spindle_dev.index:  Using epsilon-net clustering for block 14
[2026-01-20 14:18:06,326] INFO spindle_dev.index:  Finished block 14 in 0.06 seconds, found 7 clusters.
[2026-01-20 14:18:06,326] INFO spindle_dev.index:  Using epsilon-net clustering for block 15
[2026-01-20 14:18:06,369] INFO spindle_dev.index:  Finished block 15 in 0.04 seconds, found 4 clusters.
[2026-01-20 14:18:06,369] INFO spindle_dev.index:  Using epsilon-net clustering for block 16
[2026-01-20 14:18:06,401] INFO spindle_dev.index:  Finished block 16 in 0.03 seconds, found 2 clusters.
[2026-01-20 14:18:06,401] INFO spindle_dev.index:  Using epsilon-net clustering for block 17
[2026-01-20 14:18:06,444] INFO spindle_dev.index:  Finished block 17 in 0.04 seconds, found 3 clusters.
[2026-01-20 14:18:06,444] INFO spindle_dev.index:  Using epsilon-net clustering for block 18
[2026-01-20 14:18:06,488] INFO spindle_dev.index:  Finished block 18 in 0.04 seconds, found 4 clusters.
[2026-01-20 14:18:06,488] INFO spindle_dev.index:  Using epsilon-net clustering for block 19
[2026-01-20 14:18:06,538] INFO spindle_dev.index:  Finished block 19 in 0.05 seconds, found 5 clusters.
[2026-01-20 14:18:06,538] INFO spindle_dev.index:  Using epsilon-net clustering for block 20
[2026-01-20 14:18:06,585] INFO spindle_dev.index:  Finished block 20 in 0.05 seconds, found 4 clusters.
[2026-01-20 14:18:06,585] INFO spindle_dev.index:  Using epsilon-net clustering for block 21
[2026-01-20 14:18:06,626] INFO spindle_dev.index:  Finished block 21 in 0.04 seconds, found 3 clusters.
[2026-01-20 14:18:06,626] INFO spindle_dev.index:  Using epsilon-net clustering for block 22
[2026-01-20 14:18:06,681] INFO spindle_dev.index:  Finished block 22 in 0.06 seconds, found 2 clusters.
[2026-01-20 14:18:06,681] INFO spindle_dev.index:  Using epsilon-net clustering for block 23
[2026-01-20 14:18:06,742] INFO spindle_dev.index:  Finished block 23 in 0.06 seconds, found 1 clusters.
[2026-01-20 14:18:06,743] INFO spindle_dev.index:  Using epsilon-net clustering for block 24
[2026-01-20 14:18:06,771] INFO spindle_dev.index:  Finished block 24 in 0.03 seconds, found 1 clusters.
[2026-01-20 14:18:06,771] INFO spindle_dev.index:  Using epsilon-net clustering for block 25
[2026-01-20 14:18:06,839] INFO spindle_dev.index:  Finished block 25 in 0.07 seconds, found 6 clusters.
[2026-01-20 14:18:06,839] INFO spindle_dev.index:  Using epsilon-net clustering for block 26
[2026-01-20 14:18:06,907] INFO spindle_dev.index:  Finished block 26 in 0.07 seconds, found 9 clusters.
[2026-01-20 14:18:06,907] INFO spindle_dev.index:  Using epsilon-net clustering for block 27
[2026-01-20 14:18:06,960] INFO spindle_dev.index:  Finished block 27 in 0.05 seconds, found 5 clusters.
[2026-01-20 14:18:06,961] INFO spindle_dev.index:  Using epsilon-net clustering for block 28
[2026-01-20 14:18:07,137] INFO spindle_dev.index:  Finished block 28 in 0.18 seconds, found 7 clusters.
[2026-01-20 14:18:07,138] INFO spindle_dev.index:  Using epsilon-net clustering for block 29
[2026-01-20 14:18:07,208] INFO spindle_dev.index:  Finished block 29 in 0.07 seconds, found 7 clusters.
[2026-01-20 14:18:07,208] INFO spindle_dev.index: Step 2: Build DAG connections between block clusters.
[2026-01-20 14:18:07,208] INFO spindle_dev.index: Step 2.1: For each layer order the block-clusters by
[2026-01-20 14:18:07,208] INFO spindle_dev.index: Not implemented: ordering block-clusters ? How to order them?
[2026-01-20 14:18:07,208] INFO spindle_dev.index: We will use triangle inequality to order clusters.
[2026-01-20 14:18:07,208] INFO spindle_dev.index: Step 2.2: Connect block-clusters between layers based on co-occurrence in SPDs.
[2026-01-20 14:18:07,219] INFO spindle_dev.index: Check if node global_node_id matches index in nodes list
[2026-01-20 14:18:07,219] INFO spindle_dev.index: Step 2.3: Ordering block-clusters within each layer using log-Euclidean distances.
[2026-01-20 14:18:07,219] INFO spindle_dev.index: Processing cluster 2
[2026-01-20 14:18:07,219] INFO spindle_dev.index: Building SPD index with epsilon=8.066044544045555
[2026-01-20 14:18:07,219] INFO spindle_dev.index: Step 1: Cluster blocks within each class of SPD matrices.
[2026-01-20 14:18:07,235] INFO spindle_dev.index: Cluster 2: 538 SPDs, 22 blocks
[2026-01-20 14:18:07,236] INFO spindle_dev.index:  Using epsilon-net clustering for block 0
[2026-01-20 14:18:07,261] INFO spindle_dev.index:  Finished block 0 in 0.03 seconds, found 2 clusters.
[2026-01-20 14:18:07,262] INFO spindle_dev.index:  Using epsilon-net clustering for block 1
[2026-01-20 14:18:07,286] INFO spindle_dev.index:  Finished block 1 in 0.02 seconds, found 2 clusters.
[2026-01-20 14:18:07,286] INFO spindle_dev.index:  Using epsilon-net clustering for block 2
[2026-01-20 14:18:07,310] INFO spindle_dev.index:  Finished block 2 in 0.02 seconds, found 2 clusters.
[2026-01-20 14:18:07,310] INFO spindle_dev.index:  Using epsilon-net clustering for block 3
[2026-01-20 14:18:07,333] INFO spindle_dev.index:  Finished block 3 in 0.02 seconds, found 2 clusters.
[2026-01-20 14:18:07,333] INFO spindle_dev.index:  Using epsilon-net clustering for block 4
[2026-01-20 14:18:07,357] INFO spindle_dev.index:  Finished block 4 in 0.02 seconds, found 2 clusters.
[2026-01-20 14:18:07,357] INFO spindle_dev.index:  Using epsilon-net clustering for block 5
[2026-01-20 14:18:07,384] INFO spindle_dev.index:  Finished block 5 in 0.03 seconds, found 2 clusters.
[2026-01-20 14:18:07,384] INFO spindle_dev.index:  Using epsilon-net clustering for block 6
[2026-01-20 14:18:07,409] INFO spindle_dev.index:  Finished block 6 in 0.03 seconds, found 2 clusters.
[2026-01-20 14:18:07,409] INFO spindle_dev.index:  Using epsilon-net clustering for block 7
[2026-01-20 14:18:07,433] INFO spindle_dev.index:  Finished block 7 in 0.02 seconds, found 2 clusters.
[2026-01-20 14:18:07,434] INFO spindle_dev.index:  Using epsilon-net clustering for block 8
[2026-01-20 14:18:07,460] INFO spindle_dev.index:  Finished block 8 in 0.03 seconds, found 2 clusters.
[2026-01-20 14:18:07,460] INFO spindle_dev.index:  Using epsilon-net clustering for block 9
[2026-01-20 14:18:07,493] INFO spindle_dev.index:  Finished block 9 in 0.03 seconds, found 2 clusters.
[2026-01-20 14:18:07,493] INFO spindle_dev.index:  Using epsilon-net clustering for block 10
[2026-01-20 14:18:07,518] INFO spindle_dev.index:  Finished block 10 in 0.03 seconds, found 2 clusters.
[2026-01-20 14:18:07,518] INFO spindle_dev.index:  Using epsilon-net clustering for block 11
[2026-01-20 14:18:07,548] INFO spindle_dev.index:  Finished block 11 in 0.03 seconds, found 2 clusters.
[2026-01-20 14:18:07,549] INFO spindle_dev.index:  Using epsilon-net clustering for block 12
[2026-01-20 14:18:07,588] INFO spindle_dev.index:  Finished block 12 in 0.04 seconds, found 4 clusters.
[2026-01-20 14:18:07,588] INFO spindle_dev.index:  Using epsilon-net clustering for block 13
[2026-01-20 14:18:07,618] INFO spindle_dev.index:  Finished block 13 in 0.03 seconds, found 3 clusters.
[2026-01-20 14:18:07,618] INFO spindle_dev.index:  Using epsilon-net clustering for block 14
[2026-01-20 14:18:07,652] INFO spindle_dev.index:  Finished block 14 in 0.03 seconds, found 3 clusters.
[2026-01-20 14:18:07,652] INFO spindle_dev.index:  Using epsilon-net clustering for block 15
[2026-01-20 14:18:07,690] INFO spindle_dev.index:  Finished block 15 in 0.04 seconds, found 5 clusters.
[2026-01-20 14:18:07,690] INFO spindle_dev.index:  Using epsilon-net clustering for block 16
[2026-01-20 14:18:07,817] INFO spindle_dev.index:  Finished block 16 in 0.13 seconds, found 14 clusters.
[2026-01-20 14:18:07,817] INFO spindle_dev.index:  Using epsilon-net clustering for block 17
[2026-01-20 14:18:08,005] INFO spindle_dev.index:  Finished block 17 in 0.19 seconds, found 10 clusters.
[2026-01-20 14:18:08,006] INFO spindle_dev.index:  Using epsilon-net clustering for block 18
[2026-01-20 14:18:08,032] INFO spindle_dev.index:  Finished block 18 in 0.03 seconds, found 2 clusters.
[2026-01-20 14:18:08,032] INFO spindle_dev.index:  Using epsilon-net clustering for block 19
[2026-01-20 14:18:08,249] INFO spindle_dev.index:  Finished block 19 in 0.22 seconds, found 10 clusters.
[2026-01-20 14:18:08,249] INFO spindle_dev.index:  Using epsilon-net clustering for block 20
[2026-01-20 14:18:08,324] INFO spindle_dev.index:  Finished block 20 in 0.07 seconds, found 5 clusters.
[2026-01-20 14:18:08,324] INFO spindle_dev.index:  Using epsilon-net clustering for block 21
[2026-01-20 14:18:08,423] INFO spindle_dev.index:  Finished block 21 in 0.10 seconds, found 7 clusters.
[2026-01-20 14:18:08,423] INFO spindle_dev.index: Step 2: Build DAG connections between block clusters.
[2026-01-20 14:18:08,423] INFO spindle_dev.index: Step 2.1: For each layer order the block-clusters by
[2026-01-20 14:18:08,423] INFO spindle_dev.index: Not implemented: ordering block-clusters ? How to order them?
[2026-01-20 14:18:08,423] INFO spindle_dev.index: We will use triangle inequality to order clusters.
[2026-01-20 14:18:08,423] INFO spindle_dev.index: Step 2.2: Connect block-clusters between layers based on co-occurrence in SPDs.
[2026-01-20 14:18:08,429] INFO spindle_dev.index: Check if node global_node_id matches index in nodes list
[2026-01-20 14:18:08,429] INFO spindle_dev.index: Step 2.3: Ordering block-clusters within each layer using log-Euclidean distances.
[2026-01-20 14:18:08,429] INFO spindle_dev.index: Processing cluster 3
[2026-01-20 14:18:08,429] INFO spindle_dev.index: Building SPD index with epsilon=7.942401914680533
[2026-01-20 14:18:08,429] INFO spindle_dev.index: Step 1: Cluster blocks within each class of SPD matrices.
[2026-01-20 14:18:08,452] INFO spindle_dev.index: Cluster 3: 425 SPDs, 32 blocks
[2026-01-20 14:18:08,452] INFO spindle_dev.index:  Using epsilon-net clustering for block 0
[2026-01-20 14:18:08,466] INFO spindle_dev.index:  Finished block 0 in 0.01 seconds, found 1 clusters.
[2026-01-20 14:18:08,466] INFO spindle_dev.index:  Using epsilon-net clustering for block 1
[2026-01-20 14:18:08,480] INFO spindle_dev.index:  Finished block 1 in 0.01 seconds, found 1 clusters.
[2026-01-20 14:18:08,480] INFO spindle_dev.index:  Using epsilon-net clustering for block 2
[2026-01-20 14:18:08,497] INFO spindle_dev.index:  Finished block 2 in 0.02 seconds, found 2 clusters.
[2026-01-20 14:18:08,497] INFO spindle_dev.index:  Using epsilon-net clustering for block 3
[2026-01-20 14:18:08,511] INFO spindle_dev.index:  Finished block 3 in 0.01 seconds, found 1 clusters.
[2026-01-20 14:18:08,512] INFO spindle_dev.index:  Using epsilon-net clustering for block 4
[2026-01-20 14:18:08,530] INFO spindle_dev.index:  Finished block 4 in 0.02 seconds, found 2 clusters.
[2026-01-20 14:18:08,530] INFO spindle_dev.index:  Using epsilon-net clustering for block 5
[2026-01-20 14:18:08,550] INFO spindle_dev.index:  Finished block 5 in 0.02 seconds, found 2 clusters.
[2026-01-20 14:18:08,550] INFO spindle_dev.index:  Using epsilon-net clustering for block 6
[2026-01-20 14:18:08,569] INFO spindle_dev.index:  Finished block 6 in 0.02 seconds, found 2 clusters.
[2026-01-20 14:18:08,569] INFO spindle_dev.index:  Using epsilon-net clustering for block 7
[2026-01-20 14:18:08,595] INFO spindle_dev.index:  Finished block 7 in 0.03 seconds, found 3 clusters.
[2026-01-20 14:18:08,608] INFO spindle_dev.index:  Using epsilon-net clustering for block 8
[2026-01-20 14:18:08,627] INFO spindle_dev.index:  Finished block 8 in 0.02 seconds, found 2 clusters.
[2026-01-20 14:18:08,627] INFO spindle_dev.index:  Using epsilon-net clustering for block 9
[2026-01-20 14:18:08,652] INFO spindle_dev.index:  Finished block 9 in 0.02 seconds, found 2 clusters.
[2026-01-20 14:18:08,652] INFO spindle_dev.index:  Using epsilon-net clustering for block 10
[2026-01-20 14:18:08,670] INFO spindle_dev.index:  Finished block 10 in 0.02 seconds, found 2 clusters.
[2026-01-20 14:18:08,670] INFO spindle_dev.index:  Using epsilon-net clustering for block 11
[2026-01-20 14:18:08,688] INFO spindle_dev.index:  Finished block 11 in 0.02 seconds, found 2 clusters.
[2026-01-20 14:18:08,688] INFO spindle_dev.index:  Using epsilon-net clustering for block 12
[2026-01-20 14:18:08,710] INFO spindle_dev.index:  Finished block 12 in 0.02 seconds, found 3 clusters.
[2026-01-20 14:18:08,710] INFO spindle_dev.index:  Using epsilon-net clustering for block 13
[2026-01-20 14:18:08,732] INFO spindle_dev.index:  Finished block 13 in 0.02 seconds, found 3 clusters.
[2026-01-20 14:18:08,733] INFO spindle_dev.index:  Using epsilon-net clustering for block 14
[2026-01-20 14:18:08,752] INFO spindle_dev.index:  Finished block 14 in 0.02 seconds, found 2 clusters.
[2026-01-20 14:18:08,752] INFO spindle_dev.index:  Using epsilon-net clustering for block 15
[2026-01-20 14:18:08,772] INFO spindle_dev.index:  Finished block 15 in 0.02 seconds, found 2 clusters.
[2026-01-20 14:18:08,772] INFO spindle_dev.index:  Using epsilon-net clustering for block 16
[2026-01-20 14:18:08,793] INFO spindle_dev.index:  Finished block 16 in 0.02 seconds, found 2 clusters.
[2026-01-20 14:18:08,793] INFO spindle_dev.index:  Using epsilon-net clustering for block 17
[2026-01-20 14:18:08,816] INFO spindle_dev.index:  Finished block 17 in 0.02 seconds, found 3 clusters.
[2026-01-20 14:18:08,816] INFO spindle_dev.index:  Using epsilon-net clustering for block 18
[2026-01-20 14:18:08,838] INFO spindle_dev.index:  Finished block 18 in 0.02 seconds, found 3 clusters.
[2026-01-20 14:18:08,838] INFO spindle_dev.index:  Using epsilon-net clustering for block 19
[2026-01-20 14:18:08,858] INFO spindle_dev.index:  Finished block 19 in 0.02 seconds, found 2 clusters.
[2026-01-20 14:18:08,858] INFO spindle_dev.index:  Using epsilon-net clustering for block 20
[2026-01-20 14:18:08,884] INFO spindle_dev.index:  Finished block 20 in 0.03 seconds, found 4 clusters.
[2026-01-20 14:18:08,884] INFO spindle_dev.index:  Using epsilon-net clustering for block 21
[2026-01-20 14:18:08,913] INFO spindle_dev.index:  Finished block 21 in 0.03 seconds, found 5 clusters.
[2026-01-20 14:18:08,913] INFO spindle_dev.index:  Using epsilon-net clustering for block 22
[2026-01-20 14:18:08,944] INFO spindle_dev.index:  Finished block 22 in 0.03 seconds, found 4 clusters.
[2026-01-20 14:18:08,944] INFO spindle_dev.index:  Using epsilon-net clustering for block 23
[2026-01-20 14:18:08,974] INFO spindle_dev.index:  Finished block 23 in 0.03 seconds, found 5 clusters.
[2026-01-20 14:18:08,974] INFO spindle_dev.index:  Using epsilon-net clustering for block 24
[2026-01-20 14:18:09,001] INFO spindle_dev.index:  Finished block 24 in 0.03 seconds, found 4 clusters.
[2026-01-20 14:18:09,001] INFO spindle_dev.index:  Using epsilon-net clustering for block 25
[2026-01-20 14:18:09,024] INFO spindle_dev.index:  Finished block 25 in 0.02 seconds, found 3 clusters.
[2026-01-20 14:18:09,024] INFO spindle_dev.index:  Using epsilon-net clustering for block 26
[2026-01-20 14:18:09,060] INFO spindle_dev.index:  Finished block 26 in 0.04 seconds, found 7 clusters.
[2026-01-20 14:18:09,061] INFO spindle_dev.index:  Using epsilon-net clustering for block 27
[2026-01-20 14:18:09,097] INFO spindle_dev.index:  Finished block 27 in 0.04 seconds, found 6 clusters.
[2026-01-20 14:18:09,097] INFO spindle_dev.index:  Using epsilon-net clustering for block 28
[2026-01-20 14:18:09,129] INFO spindle_dev.index:  Finished block 28 in 0.03 seconds, found 5 clusters.
[2026-01-20 14:18:09,129] INFO spindle_dev.index:  Using epsilon-net clustering for block 29
[2026-01-20 14:18:09,160] INFO spindle_dev.index:  Finished block 29 in 0.03 seconds, found 4 clusters.
[2026-01-20 14:18:09,160] INFO spindle_dev.index:  Using epsilon-net clustering for block 30
[2026-01-20 14:18:09,222] INFO spindle_dev.index:  Finished block 30 in 0.06 seconds, found 8 clusters.
[2026-01-20 14:18:09,222] INFO spindle_dev.index:  Using epsilon-net clustering for block 31
[2026-01-20 14:18:09,319] INFO spindle_dev.index:  Finished block 31 in 0.10 seconds, found 10 clusters.
[2026-01-20 14:18:09,320] INFO spindle_dev.index: Step 2: Build DAG connections between block clusters.
[2026-01-20 14:18:09,320] INFO spindle_dev.index: Step 2.1: For each layer order the block-clusters by
[2026-01-20 14:18:09,320] INFO spindle_dev.index: Not implemented: ordering block-clusters ? How to order them?
[2026-01-20 14:18:09,320] INFO spindle_dev.index: We will use triangle inequality to order clusters.
[2026-01-20 14:18:09,320] INFO spindle_dev.index: Step 2.2: Connect block-clusters between layers based on co-occurrence in SPDs.
[2026-01-20 14:18:09,327] INFO spindle_dev.index: Check if node global_node_id matches index in nodes list
[2026-01-20 14:18:09,327] INFO spindle_dev.index: Step 2.3: Ordering block-clusters within each layer using log-Euclidean distances.
[2026-01-20 14:18:09,327] INFO spindle_dev.index: Processing cluster 4
[2026-01-20 14:18:09,327] INFO spindle_dev.index: Building SPD index with epsilon=5.564286986307886
[2026-01-20 14:18:09,327] INFO spindle_dev.index: Step 1: Cluster blocks within each class of SPD matrices.
[2026-01-20 14:18:09,344] INFO spindle_dev.index: Cluster 4: 340 SPDs, 28 blocks
[2026-01-20 14:18:09,345] INFO spindle_dev.index:  Using epsilon-net clustering for block 0
[2026-01-20 14:18:09,382] INFO spindle_dev.index:  Finished block 0 in 0.04 seconds, found 10 clusters.
[2026-01-20 14:18:09,382] INFO spindle_dev.index:  Using epsilon-net clustering for block 1
[2026-01-20 14:18:09,428] INFO spindle_dev.index:  Finished block 1 in 0.05 seconds, found 14 clusters.
[2026-01-20 14:18:09,428] INFO spindle_dev.index:  Using epsilon-net clustering for block 2
[2026-01-20 14:18:09,473] INFO spindle_dev.index:  Finished block 2 in 0.04 seconds, found 13 clusters.
[2026-01-20 14:18:09,473] INFO spindle_dev.index:  Using epsilon-net clustering for block 3
[2026-01-20 14:18:09,522] INFO spindle_dev.index:  Finished block 3 in 0.05 seconds, found 15 clusters.
[2026-01-20 14:18:09,522] INFO spindle_dev.index:  Using epsilon-net clustering for block 4
[2026-01-20 14:18:09,571] INFO spindle_dev.index:  Finished block 4 in 0.05 seconds, found 14 clusters.
[2026-01-20 14:18:09,571] INFO spindle_dev.index:  Using epsilon-net clustering for block 5
[2026-01-20 14:18:09,615] INFO spindle_dev.index:  Finished block 5 in 0.04 seconds, found 13 clusters.
[2026-01-20 14:18:09,615] INFO spindle_dev.index:  Using epsilon-net clustering for block 6
[2026-01-20 14:18:09,665] INFO spindle_dev.index:  Finished block 6 in 0.05 seconds, found 15 clusters.
[2026-01-20 14:18:09,665] INFO spindle_dev.index:  Using epsilon-net clustering for block 7
[2026-01-20 14:18:09,707] INFO spindle_dev.index:  Finished block 7 in 0.04 seconds, found 12 clusters.
[2026-01-20 14:18:09,707] INFO spindle_dev.index:  Using epsilon-net clustering for block 8
[2026-01-20 14:18:09,746] INFO spindle_dev.index:  Finished block 8 in 0.04 seconds, found 11 clusters.
[2026-01-20 14:18:09,746] INFO spindle_dev.index:  Using epsilon-net clustering for block 9
[2026-01-20 14:18:09,784] INFO spindle_dev.index:  Finished block 9 in 0.04 seconds, found 9 clusters.
[2026-01-20 14:18:09,784] INFO spindle_dev.index:  Using epsilon-net clustering for block 10
[2026-01-20 14:18:09,832] INFO spindle_dev.index:  Finished block 10 in 0.05 seconds, found 12 clusters.
[2026-01-20 14:18:09,832] INFO spindle_dev.index:  Using epsilon-net clustering for block 11
[2026-01-20 14:18:09,879] INFO spindle_dev.index:  Finished block 11 in 0.05 seconds, found 13 clusters.
[2026-01-20 14:18:09,879] INFO spindle_dev.index:  Using epsilon-net clustering for block 12
[2026-01-20 14:18:09,903] INFO spindle_dev.index:  Finished block 12 in 0.02 seconds, found 5 clusters.
[2026-01-20 14:18:09,904] INFO spindle_dev.index:  Using epsilon-net clustering for block 13
[2026-01-20 14:18:09,939] INFO spindle_dev.index:  Finished block 13 in 0.04 seconds, found 8 clusters.
[2026-01-20 14:18:09,939] INFO spindle_dev.index:  Using epsilon-net clustering for block 14
[2026-01-20 14:18:09,966] INFO spindle_dev.index:  Finished block 14 in 0.03 seconds, found 6 clusters.
[2026-01-20 14:18:09,966] INFO spindle_dev.index:  Using epsilon-net clustering for block 15
[2026-01-20 14:18:09,993] INFO spindle_dev.index:  Finished block 15 in 0.03 seconds, found 4 clusters.
[2026-01-20 14:18:09,993] INFO spindle_dev.index:  Using epsilon-net clustering for block 16
[2026-01-20 14:18:10,010] INFO spindle_dev.index:  Finished block 16 in 0.02 seconds, found 2 clusters.
[2026-01-20 14:18:10,010] INFO spindle_dev.index:  Using epsilon-net clustering for block 17
[2026-01-20 14:18:10,031] INFO spindle_dev.index:  Finished block 17 in 0.02 seconds, found 4 clusters.
[2026-01-20 14:18:10,031] INFO spindle_dev.index:  Using epsilon-net clustering for block 18
[2026-01-20 14:18:10,049] INFO spindle_dev.index:  Finished block 18 in 0.02 seconds, found 2 clusters.
[2026-01-20 14:18:10,049] INFO spindle_dev.index:  Using epsilon-net clustering for block 19
[2026-01-20 14:18:10,073] INFO spindle_dev.index:  Finished block 19 in 0.02 seconds, found 3 clusters.
[2026-01-20 14:18:10,074] INFO spindle_dev.index:  Using epsilon-net clustering for block 20
[2026-01-20 14:18:10,101] INFO spindle_dev.index:  Finished block 20 in 0.03 seconds, found 4 clusters.
[2026-01-20 14:18:10,101] INFO spindle_dev.index:  Using epsilon-net clustering for block 21
[2026-01-20 14:18:10,123] INFO spindle_dev.index:  Finished block 21 in 0.02 seconds, found 3 clusters.
[2026-01-20 14:18:10,124] INFO spindle_dev.index:  Using epsilon-net clustering for block 22
[2026-01-20 14:18:10,145] INFO spindle_dev.index:  Finished block 22 in 0.02 seconds, found 3 clusters.
[2026-01-20 14:18:10,145] INFO spindle_dev.index:  Using epsilon-net clustering for block 23
[2026-01-20 14:18:10,165] INFO spindle_dev.index:  Finished block 23 in 0.02 seconds, found 3 clusters.
[2026-01-20 14:18:10,165] INFO spindle_dev.index:  Using epsilon-net clustering for block 24
[2026-01-20 14:18:10,200] INFO spindle_dev.index:  Finished block 24 in 0.03 seconds, found 2 clusters.
[2026-01-20 14:18:10,200] INFO spindle_dev.index:  Using epsilon-net clustering for block 25
[2026-01-20 14:18:10,219] INFO spindle_dev.index:  Finished block 25 in 0.02 seconds, found 3 clusters.
[2026-01-20 14:18:10,219] INFO spindle_dev.index:  Using epsilon-net clustering for block 26
[2026-01-20 14:18:10,287] INFO spindle_dev.index:  Finished block 26 in 0.07 seconds, found 2 clusters.
[2026-01-20 14:18:10,287] INFO spindle_dev.index:  Using epsilon-net clustering for block 27
[2026-01-20 14:18:10,343] INFO spindle_dev.index:  Finished block 27 in 0.06 seconds, found 2 clusters.
[2026-01-20 14:18:10,343] INFO spindle_dev.index: Step 2: Build DAG connections between block clusters.
[2026-01-20 14:18:10,343] INFO spindle_dev.index: Step 2.1: For each layer order the block-clusters by
[2026-01-20 14:18:10,343] INFO spindle_dev.index: Not implemented: ordering block-clusters ? How to order them?
[2026-01-20 14:18:10,343] INFO spindle_dev.index: We will use triangle inequality to order clusters.
[2026-01-20 14:18:10,343] INFO spindle_dev.index: Step 2.2: Connect block-clusters between layers based on co-occurrence in SPDs.
[2026-01-20 14:18:10,349] INFO spindle_dev.index: Check if node global_node_id matches index in nodes list
[2026-01-20 14:18:10,349] INFO spindle_dev.index: Step 2.3: Ordering block-clusters within each layer using log-Euclidean distances.
[2026-01-20 14:18:10,350] INFO spindle_dev.index: Processing cluster 5
[2026-01-20 14:18:10,350] INFO spindle_dev.index: Building SPD index with epsilon=4.676282788276763
[2026-01-20 14:18:10,350] INFO spindle_dev.index: Step 1: Cluster blocks within each class of SPD matrices.
[2026-01-20 14:18:10,356] INFO spindle_dev.index: Cluster 5: 89 SPDs, 28 blocks
[2026-01-20 14:18:10,356] INFO spindle_dev.index:  Using epsilon-net clustering for block 0
[2026-01-20 14:18:10,368] INFO spindle_dev.index:  Finished block 0 in 0.01 seconds, found 13 clusters.
[2026-01-20 14:18:10,368] INFO spindle_dev.index:  Using epsilon-net clustering for block 1
[2026-01-20 14:18:10,395] INFO spindle_dev.index:  Finished block 1 in 0.03 seconds, found 25 clusters.
[2026-01-20 14:18:10,395] INFO spindle_dev.index:  Using epsilon-net clustering for block 2
[2026-01-20 14:18:10,418] INFO spindle_dev.index:  Finished block 2 in 0.02 seconds, found 29 clusters.
[2026-01-20 14:18:10,418] INFO spindle_dev.index:  Using epsilon-net clustering for block 3
[2026-01-20 14:18:10,438] INFO spindle_dev.index:  Finished block 3 in 0.02 seconds, found 26 clusters.
[2026-01-20 14:18:10,438] INFO spindle_dev.index:  Using epsilon-net clustering for block 4
[2026-01-20 14:18:10,460] INFO spindle_dev.index:  Finished block 4 in 0.02 seconds, found 28 clusters.
[2026-01-20 14:18:10,460] INFO spindle_dev.index:  Using epsilon-net clustering for block 5
[2026-01-20 14:18:10,484] INFO spindle_dev.index:  Finished block 5 in 0.02 seconds, found 26 clusters.
[2026-01-20 14:18:10,484] INFO spindle_dev.index:  Using epsilon-net clustering for block 6
[2026-01-20 14:18:10,503] INFO spindle_dev.index:  Finished block 6 in 0.02 seconds, found 24 clusters.
[2026-01-20 14:18:10,503] INFO spindle_dev.index:  Using epsilon-net clustering for block 7
[2026-01-20 14:18:10,520] INFO spindle_dev.index:  Finished block 7 in 0.02 seconds, found 21 clusters.
[2026-01-20 14:18:10,520] INFO spindle_dev.index:  Using epsilon-net clustering for block 8
[2026-01-20 14:18:10,534] INFO spindle_dev.index:  Finished block 8 in 0.01 seconds, found 15 clusters.
[2026-01-20 14:18:10,534] INFO spindle_dev.index:  Using epsilon-net clustering for block 9
[2026-01-20 14:18:10,548] INFO spindle_dev.index:  Finished block 9 in 0.01 seconds, found 17 clusters.
[2026-01-20 14:18:10,548] INFO spindle_dev.index:  Using epsilon-net clustering for block 10
[2026-01-20 14:18:10,559] INFO spindle_dev.index:  Finished block 10 in 0.01 seconds, found 12 clusters.
[2026-01-20 14:18:10,559] INFO spindle_dev.index:  Using epsilon-net clustering for block 11
[2026-01-20 14:18:10,570] INFO spindle_dev.index:  Finished block 11 in 0.01 seconds, found 11 clusters.
[2026-01-20 14:18:10,570] INFO spindle_dev.index:  Using epsilon-net clustering for block 12
[2026-01-20 14:18:10,581] INFO spindle_dev.index:  Finished block 12 in 0.01 seconds, found 12 clusters.
[2026-01-20 14:18:10,581] INFO spindle_dev.index:  Using epsilon-net clustering for block 13
[2026-01-20 14:18:10,592] INFO spindle_dev.index:  Finished block 13 in 0.01 seconds, found 12 clusters.
[2026-01-20 14:18:10,592] INFO spindle_dev.index:  Using epsilon-net clustering for block 14
[2026-01-20 14:18:10,601] INFO spindle_dev.index:  Finished block 14 in 0.01 seconds, found 9 clusters.
[2026-01-20 14:18:10,601] INFO spindle_dev.index:  Using epsilon-net clustering for block 15
[2026-01-20 14:18:10,607] INFO spindle_dev.index:  Finished block 15 in 0.01 seconds, found 5 clusters.
[2026-01-20 14:18:10,608] INFO spindle_dev.index:  Using epsilon-net clustering for block 16
[2026-01-20 14:18:10,617] INFO spindle_dev.index:  Finished block 16 in 0.01 seconds, found 10 clusters.
[2026-01-20 14:18:10,617] INFO spindle_dev.index:  Using epsilon-net clustering for block 17
[2026-01-20 14:18:10,626] INFO spindle_dev.index:  Finished block 17 in 0.01 seconds, found 8 clusters.
[2026-01-20 14:18:10,626] INFO spindle_dev.index:  Using epsilon-net clustering for block 18
[2026-01-20 14:18:10,635] INFO spindle_dev.index:  Finished block 18 in 0.01 seconds, found 9 clusters.
[2026-01-20 14:18:10,635] INFO spindle_dev.index:  Using epsilon-net clustering for block 19
[2026-01-20 14:18:10,643] INFO spindle_dev.index:  Finished block 19 in 0.01 seconds, found 5 clusters.
[2026-01-20 14:18:10,643] INFO spindle_dev.index:  Using epsilon-net clustering for block 20
[2026-01-20 14:18:10,651] INFO spindle_dev.index:  Finished block 20 in 0.01 seconds, found 7 clusters.
[2026-01-20 14:18:10,651] INFO spindle_dev.index:  Using epsilon-net clustering for block 21
[2026-01-20 14:18:10,670] INFO spindle_dev.index:  Finished block 21 in 0.02 seconds, found 6 clusters.
[2026-01-20 14:18:10,670] INFO spindle_dev.index:  Using epsilon-net clustering for block 22
[2026-01-20 14:18:10,681] INFO spindle_dev.index:  Finished block 22 in 0.01 seconds, found 4 clusters.
[2026-01-20 14:18:10,681] INFO spindle_dev.index:  Using epsilon-net clustering for block 23
[2026-01-20 14:18:10,685] INFO spindle_dev.index:  Finished block 23 in 0.00 seconds, found 1 clusters.
[2026-01-20 14:18:10,685] INFO spindle_dev.index:  Using epsilon-net clustering for block 24
[2026-01-20 14:18:10,692] INFO spindle_dev.index:  Finished block 24 in 0.01 seconds, found 3 clusters.
[2026-01-20 14:18:10,692] INFO spindle_dev.index:  Using epsilon-net clustering for block 25
[2026-01-20 14:18:10,696] INFO spindle_dev.index:  Finished block 25 in 0.00 seconds, found 2 clusters.
[2026-01-20 14:18:10,696] INFO spindle_dev.index:  Using epsilon-net clustering for block 26
[2026-01-20 14:18:10,729] INFO spindle_dev.index:  Finished block 26 in 0.03 seconds, found 3 clusters.
[2026-01-20 14:18:10,729] INFO spindle_dev.index:  Using epsilon-net clustering for block 27
[2026-01-20 14:18:10,734] INFO spindle_dev.index:  Finished block 27 in 0.01 seconds, found 2 clusters.
[2026-01-20 14:18:10,734] INFO spindle_dev.index: Step 2: Build DAG connections between block clusters.
[2026-01-20 14:18:10,734] INFO spindle_dev.index: Step 2.1: For each layer order the block-clusters by
[2026-01-20 14:18:10,734] INFO spindle_dev.index: Not implemented: ordering block-clusters ? How to order them?
[2026-01-20 14:18:10,734] INFO spindle_dev.index: We will use triangle inequality to order clusters.
[2026-01-20 14:18:10,734] INFO spindle_dev.index: Step 2.2: Connect block-clusters between layers based on co-occurrence in SPDs.
[2026-01-20 14:18:10,737] INFO spindle_dev.index: Check if node global_node_id matches index in nodes list
[2026-01-20 14:18:10,737] INFO spindle_dev.index: Step 2.3: Ordering block-clusters within each layer using log-Euclidean distances.
[2026-01-20 14:18:11,346] INFO spindle_dev.test: Built ground-truth paths for 692 SPDs in cluster 0 across 33 blocks.
[2026-01-20 14:18:11,904] INFO spindle_dev.test: Built ground-truth paths for 688 SPDs in cluster 1 across 30 blocks.
[2026-01-20 14:18:12,145] INFO spindle_dev.test: Built ground-truth paths for 538 SPDs in cluster 2 across 22 blocks.
[2026-01-20 14:18:12,368] INFO spindle_dev.test: Built ground-truth paths for 425 SPDs in cluster 3 across 32 blocks.
[2026-01-20 14:18:12,496] INFO spindle_dev.test: Built ground-truth paths for 340 SPDs in cluster 4 across 28 blocks.
[2026-01-20 14:18:12,510] INFO spindle_dev.test: Built ground-truth paths for 89 SPDs in cluster 5 across 28 blocks.
[2026-01-20 14:18:19,997] INFO spindle_dev.index: Clustering SPD-s using 'tree' distance.
[2026-01-20 14:18:19,998] INFO spindle_dev.index: Building ultrametric features from SPD matrices.
[2026-01-20 14:18:31,488] INFO spindle_dev.index: Computing latent features from the tree representations.
[2026-01-20 14:18:33,092] INFO spindle_dev.index: Reducing latent features to 30 dimensions using PCA.
[2026-01-20 14:18:40,018] INFO spindle_dev.index: Explained variance ratios by PCA components: [0.0320497  0.02162234 0.01256116 0.01050905 0.00749142 0.00605011
 0.00554716 0.00489446 0.00464791 0.00400857 0.00364074 0.00334745
 0.00303675 0.00288334 0.00285155 0.00278616 0.00268314 0.00255294
 0.00253779 0.0024637  0.00244129 0.00239347 0.00235185 0.00232927
 0.00231797 0.00226505 0.00223933 0.00221084 0.00216073 0.0021491 ]
[2026-01-20 14:18:40,018] INFO spindle_dev.index: Reducing latent features to 2 dimensions using UMAP.
/panfs/accrepfs.vampire/home/sarkah1/miniforge3/envs/spatial/lib/python3.10/site-packages/umap/umap_.py:1952: UserWarning: n_jobs value 1 overridden to 1 by setting random_state. Use no seed for parallelism.
  warn(
[2026-01-20 14:18:45,100] INFO spindle_dev.index: Clustering SPD-s using 'tree' distance.
[2026-01-20 14:18:45,100] INFO spindle_dev.index: Clustering SPD matrices using Leiden clustering with resolution 0.50.
[2026-01-20 14:18:45,392] INFO spindle_dev.index: Since clustering method is tree, I am going to find global order per cluster
[2026-01-20 14:18:45,393] INFO spindle_dev.index: Finding consensus tree for cluster 0
[2026-01-20 14:18:45,948] INFO spindle_dev.index: Finding consensus tree for cluster 1
[2026-01-20 14:18:46,329] INFO spindle_dev.index: Finding consensus tree for cluster 2
[2026-01-20 14:18:46,420] INFO spindle_dev.index: Finding consensus tree for cluster 3
[2026-01-20 14:18:47,614] INFO spindle_dev.index: Computing mean correlation matrix for cluster 0
[2026-01-20 14:18:49,247] INFO spindle_dev.index: Computing mean correlation matrix for cluster 1
[2026-01-20 14:18:50,397] INFO spindle_dev.index: Computing mean correlation matrix for cluster 2
[2026-01-20 14:18:51,155] INFO spindle_dev.index: Computing mean correlation matrix for cluster 3
[2026-01-20 14:18:51,660] INFO spindle_dev.index: Finding adaptive block runs for cluster 0
[2026-01-20 14:18:52,264] INFO spindle_dev.index:  Chose t=0.8293728472399398 resulting in 394 blocks instead of 207 blocks would have gotten by default
[2026-01-20 14:18:52,371] INFO spindle_dev.index:  Final block runs for cluster 0: 40 blocks.
[2026-01-20 14:18:52,371] INFO spindle_dev.index: Finding adaptive block runs for cluster 1
[2026-01-20 14:18:52,983] INFO spindle_dev.index:  Chose t=0.8590476075698847 resulting in 344 blocks instead of 187 blocks would have gotten by default
[2026-01-20 14:18:53,070] INFO spindle_dev.index:  Final block runs for cluster 1: 38 blocks.
[2026-01-20 14:18:53,070] INFO spindle_dev.index: Finding adaptive block runs for cluster 2
[2026-01-20 14:18:53,688] INFO spindle_dev.index:  Chose t=0.8391875451894203 resulting in 393 blocks instead of 219 blocks would have gotten by default
[2026-01-20 14:18:53,794] INFO spindle_dev.index:  Final block runs for cluster 2: 40 blocks.
[2026-01-20 14:18:53,795] INFO spindle_dev.index: Finding adaptive block runs for cluster 3
[2026-01-20 14:18:54,407] INFO spindle_dev.index:  Chose t=0.8906666765370457 resulting in 337 blocks instead of 226 blocks would have gotten by default
[2026-01-20 14:18:54,486] INFO spindle_dev.index:  Final block runs for cluster 3: 36 blocks.
[2026-01-20 14:19:03,845] INFO spindle_dev.index: Processing cluster 0
[2026-01-20 14:19:03,845] INFO spindle_dev.index: Building SPD index with epsilon=6.832018501734207
[2026-01-20 14:19:03,845] INFO spindle_dev.index: Step 1: Cluster blocks within each class of SPD matrices.
[2026-01-20 14:19:03,889] INFO spindle_dev.index: Cluster 0: 932 SPDs, 40 blocks
[2026-01-20 14:19:03,889] INFO spindle_dev.index:  Using epsilon-net clustering for block 0
[2026-01-20 14:19:03,918] INFO spindle_dev.index:  Finished block 0 in 0.03 seconds, found 1 clusters.
[2026-01-20 14:19:03,918] INFO spindle_dev.index:  Using epsilon-net clustering for block 1
[2026-01-20 14:19:03,958] INFO spindle_dev.index:  Finished block 1 in 0.04 seconds, found 2 clusters.
[2026-01-20 14:19:03,958] INFO spindle_dev.index:  Using epsilon-net clustering for block 2
[2026-01-20 14:19:04,002] INFO spindle_dev.index:  Finished block 2 in 0.04 seconds, found 3 clusters.
[2026-01-20 14:19:04,003] INFO spindle_dev.index:  Using epsilon-net clustering for block 3
[2026-01-20 14:19:04,054] INFO spindle_dev.index:  Finished block 3 in 0.05 seconds, found 4 clusters.
[2026-01-20 14:19:04,054] INFO spindle_dev.index:  Using epsilon-net clustering for block 4
[2026-01-20 14:19:04,106] INFO spindle_dev.index:  Finished block 4 in 0.05 seconds, found 4 clusters.
[2026-01-20 14:19:04,106] INFO spindle_dev.index:  Using epsilon-net clustering for block 5
[2026-01-20 14:19:04,174] INFO spindle_dev.index:  Finished block 5 in 0.07 seconds, found 6 clusters.
[2026-01-20 14:19:04,174] INFO spindle_dev.index:  Using epsilon-net clustering for block 6
[2026-01-20 14:19:04,234] INFO spindle_dev.index:  Finished block 6 in 0.06 seconds, found 5 clusters.
[2026-01-20 14:19:04,234] INFO spindle_dev.index:  Using epsilon-net clustering for block 7
[2026-01-20 14:19:04,289] INFO spindle_dev.index:  Finished block 7 in 0.05 seconds, found 4 clusters.
[2026-01-20 14:19:04,289] INFO spindle_dev.index:  Using epsilon-net clustering for block 8
[2026-01-20 14:19:04,366] INFO spindle_dev.index:  Finished block 8 in 0.08 seconds, found 7 clusters.
[2026-01-20 14:19:04,366] INFO spindle_dev.index:  Using epsilon-net clustering for block 9
[2026-01-20 14:19:04,442] INFO spindle_dev.index:  Finished block 9 in 0.08 seconds, found 7 clusters.
[2026-01-20 14:19:04,442] INFO spindle_dev.index:  Using epsilon-net clustering for block 10
[2026-01-20 14:19:04,519] INFO spindle_dev.index:  Finished block 10 in 0.08 seconds, found 7 clusters.
[2026-01-20 14:19:04,519] INFO spindle_dev.index:  Using epsilon-net clustering for block 11
[2026-01-20 14:19:04,596] INFO spindle_dev.index:  Finished block 11 in 0.08 seconds, found 7 clusters.
[2026-01-20 14:19:04,596] INFO spindle_dev.index:  Using epsilon-net clustering for block 12
[2026-01-20 14:19:04,687] INFO spindle_dev.index:  Finished block 12 in 0.09 seconds, found 9 clusters.
[2026-01-20 14:19:04,687] INFO spindle_dev.index:  Using epsilon-net clustering for block 13
[2026-01-20 14:19:04,781] INFO spindle_dev.index:  Finished block 13 in 0.09 seconds, found 9 clusters.
[2026-01-20 14:19:04,781] INFO spindle_dev.index:  Using epsilon-net clustering for block 14
[2026-01-20 14:19:04,884] INFO spindle_dev.index:  Finished block 14 in 0.10 seconds, found 8 clusters.
[2026-01-20 14:19:04,884] INFO spindle_dev.index:  Using epsilon-net clustering for block 15
[2026-01-20 14:19:04,970] INFO spindle_dev.index:  Finished block 15 in 0.09 seconds, found 8 clusters.
[2026-01-20 14:19:04,970] INFO spindle_dev.index:  Using epsilon-net clustering for block 16
[2026-01-20 14:19:05,041] INFO spindle_dev.index:  Finished block 16 in 0.07 seconds, found 6 clusters.
[2026-01-20 14:19:05,042] INFO spindle_dev.index:  Using epsilon-net clustering for block 17
[2026-01-20 14:19:05,140] INFO spindle_dev.index:  Finished block 17 in 0.10 seconds, found 10 clusters.
[2026-01-20 14:19:05,140] INFO spindle_dev.index:  Using epsilon-net clustering for block 18
[2026-01-20 14:19:05,227] INFO spindle_dev.index:  Finished block 18 in 0.09 seconds, found 8 clusters.
[2026-01-20 14:19:05,227] INFO spindle_dev.index:  Using epsilon-net clustering for block 19
[2026-01-20 14:19:05,315] INFO spindle_dev.index:  Finished block 19 in 0.09 seconds, found 8 clusters.
[2026-01-20 14:19:05,315] INFO spindle_dev.index:  Using epsilon-net clustering for block 20
[2026-01-20 14:19:05,422] INFO spindle_dev.index:  Finished block 20 in 0.11 seconds, found 11 clusters.
[2026-01-20 14:19:05,422] INFO spindle_dev.index:  Using epsilon-net clustering for block 21
[2026-01-20 14:19:05,487] INFO spindle_dev.index:  Finished block 21 in 0.06 seconds, found 5 clusters.
[2026-01-20 14:19:05,487] INFO spindle_dev.index:  Using epsilon-net clustering for block 22
[2026-01-20 14:19:05,551] INFO spindle_dev.index:  Finished block 22 in 0.06 seconds, found 5 clusters.
[2026-01-20 14:19:05,552] INFO spindle_dev.index:  Using epsilon-net clustering for block 23
[2026-01-20 14:19:05,612] INFO spindle_dev.index:  Finished block 23 in 0.06 seconds, found 4 clusters.
[2026-01-20 14:19:05,613] INFO spindle_dev.index:  Using epsilon-net clustering for block 24
[2026-01-20 14:19:05,704] INFO spindle_dev.index:  Finished block 24 in 0.09 seconds, found 5 clusters.
[2026-01-20 14:19:05,704] INFO spindle_dev.index:  Using epsilon-net clustering for block 25
[2026-01-20 14:19:05,757] INFO spindle_dev.index:  Finished block 25 in 0.05 seconds, found 3 clusters.
[2026-01-20 14:19:05,760] INFO spindle_dev.index:  Using epsilon-net clustering for block 26
[2026-01-20 14:19:05,825] INFO spindle_dev.index:  Finished block 26 in 0.07 seconds, found 4 clusters.
[2026-01-20 14:19:05,825] INFO spindle_dev.index:  Using epsilon-net clustering for block 27
[2026-01-20 14:19:05,894] INFO spindle_dev.index:  Finished block 27 in 0.07 seconds, found 4 clusters.
[2026-01-20 14:19:05,894] INFO spindle_dev.index:  Using epsilon-net clustering for block 28
[2026-01-20 14:19:05,966] INFO spindle_dev.index:  Finished block 28 in 0.07 seconds, found 6 clusters.
[2026-01-20 14:19:05,967] INFO spindle_dev.index:  Using epsilon-net clustering for block 29
[2026-01-20 14:19:06,025] INFO spindle_dev.index:  Finished block 29 in 0.06 seconds, found 4 clusters.
[2026-01-20 14:19:06,025] INFO spindle_dev.index:  Using epsilon-net clustering for block 30
[2026-01-20 14:19:06,069] INFO spindle_dev.index:  Finished block 30 in 0.04 seconds, found 2 clusters.
[2026-01-20 14:19:06,069] INFO spindle_dev.index:  Using epsilon-net clustering for block 31
[2026-01-20 14:19:06,141] INFO spindle_dev.index:  Finished block 31 in 0.07 seconds, found 6 clusters.
[2026-01-20 14:19:06,142] INFO spindle_dev.index:  Using epsilon-net clustering for block 32
[2026-01-20 14:19:06,199] INFO spindle_dev.index:  Finished block 32 in 0.06 seconds, found 4 clusters.
[2026-01-20 14:19:06,200] INFO spindle_dev.index:  Using epsilon-net clustering for block 33
[2026-01-20 14:19:06,268] INFO spindle_dev.index:  Finished block 33 in 0.07 seconds, found 4 clusters.
[2026-01-20 14:19:06,268] INFO spindle_dev.index:  Using epsilon-net clustering for block 34
[2026-01-20 14:19:06,326] INFO spindle_dev.index:  Finished block 34 in 0.06 seconds, found 4 clusters.
[2026-01-20 14:19:06,327] INFO spindle_dev.index:  Using epsilon-net clustering for block 35
[2026-01-20 14:19:06,371] INFO spindle_dev.index:  Finished block 35 in 0.04 seconds, found 2 clusters.
[2026-01-20 14:19:06,371] INFO spindle_dev.index:  Using epsilon-net clustering for block 36
[2026-01-20 14:19:06,408] INFO spindle_dev.index:  Finished block 36 in 0.04 seconds, found 1 clusters.
[2026-01-20 14:19:06,409] INFO spindle_dev.index:  Using epsilon-net clustering for block 37
[2026-01-20 14:19:06,464] INFO spindle_dev.index:  Finished block 37 in 0.05 seconds, found 3 clusters.
[2026-01-20 14:19:06,464] INFO spindle_dev.index:  Using epsilon-net clustering for block 38
[2026-01-20 14:19:06,509] INFO spindle_dev.index:  Finished block 38 in 0.04 seconds, found 2 clusters.
[2026-01-20 14:19:06,509] INFO spindle_dev.index:  Using epsilon-net clustering for block 39
[2026-01-20 14:19:06,834] INFO spindle_dev.index:  Finished block 39 in 0.33 seconds, found 9 clusters.
[2026-01-20 14:19:06,834] INFO spindle_dev.index: Step 2: Build DAG connections between block clusters.
[2026-01-20 14:19:06,834] INFO spindle_dev.index: Step 2.1: For each layer order the block-clusters by
[2026-01-20 14:19:06,834] INFO spindle_dev.index: Not implemented: ordering block-clusters ? How to order them?
[2026-01-20 14:19:06,834] INFO spindle_dev.index: We will use triangle inequality to order clusters.
[2026-01-20 14:19:06,834] INFO spindle_dev.index: Step 2.2: Connect block-clusters between layers based on co-occurrence in SPDs.
[2026-01-20 14:19:06,853] INFO spindle_dev.index: Check if node global_node_id matches index in nodes list
[2026-01-20 14:19:06,853] INFO spindle_dev.index: Step 2.3: Ordering block-clusters within each layer using log-Euclidean distances.
[2026-01-20 14:19:06,853] INFO spindle_dev.index: Processing cluster 1
[2026-01-20 14:19:06,853] INFO spindle_dev.index: Building SPD index with epsilon=6.708480707326438
[2026-01-20 14:19:06,853] INFO spindle_dev.index: Step 1: Cluster blocks within each class of SPD matrices.
[2026-01-20 14:19:06,884] INFO spindle_dev.index: Cluster 1: 634 SPDs, 38 blocks
[2026-01-20 14:19:06,886] INFO spindle_dev.index:  Using epsilon-net clustering for block 0
[2026-01-20 14:19:06,908] INFO spindle_dev.index:  Finished block 0 in 0.02 seconds, found 1 clusters.
[2026-01-20 14:19:06,908] INFO spindle_dev.index:  Using epsilon-net clustering for block 1
[2026-01-20 14:19:06,944] INFO spindle_dev.index:  Finished block 1 in 0.04 seconds, found 4 clusters.
[2026-01-20 14:19:06,944] INFO spindle_dev.index:  Using epsilon-net clustering for block 2
[2026-01-20 14:19:06,974] INFO spindle_dev.index:  Finished block 2 in 0.03 seconds, found 3 clusters.
[2026-01-20 14:19:06,974] INFO spindle_dev.index:  Using epsilon-net clustering for block 3
[2026-01-20 14:19:07,014] INFO spindle_dev.index:  Finished block 3 in 0.04 seconds, found 5 clusters.
[2026-01-20 14:19:07,014] INFO spindle_dev.index:  Using epsilon-net clustering for block 4
[2026-01-20 14:19:07,055] INFO spindle_dev.index:  Finished block 4 in 0.04 seconds, found 5 clusters.
[2026-01-20 14:19:07,055] INFO spindle_dev.index:  Using epsilon-net clustering for block 5
[2026-01-20 14:19:07,101] INFO spindle_dev.index:  Finished block 5 in 0.05 seconds, found 6 clusters.
[2026-01-20 14:19:07,101] INFO spindle_dev.index:  Using epsilon-net clustering for block 6
[2026-01-20 14:19:07,147] INFO spindle_dev.index:  Finished block 6 in 0.05 seconds, found 6 clusters.
[2026-01-20 14:19:07,147] INFO spindle_dev.index:  Using epsilon-net clustering for block 7
[2026-01-20 14:19:07,193] INFO spindle_dev.index:  Finished block 7 in 0.05 seconds, found 6 clusters.
[2026-01-20 14:19:07,193] INFO spindle_dev.index:  Using epsilon-net clustering for block 8
[2026-01-20 14:19:07,249] INFO spindle_dev.index:  Finished block 8 in 0.06 seconds, found 8 clusters.
[2026-01-20 14:19:07,249] INFO spindle_dev.index:  Using epsilon-net clustering for block 9
[2026-01-20 14:19:07,313] INFO spindle_dev.index:  Finished block 9 in 0.06 seconds, found 9 clusters.
[2026-01-20 14:19:07,313] INFO spindle_dev.index:  Using epsilon-net clustering for block 10
[2026-01-20 14:19:07,375] INFO spindle_dev.index:  Finished block 10 in 0.06 seconds, found 9 clusters.
[2026-01-20 14:19:07,375] INFO spindle_dev.index:  Using epsilon-net clustering for block 11
[2026-01-20 14:19:07,428] INFO spindle_dev.index:  Finished block 11 in 0.05 seconds, found 7 clusters.
[2026-01-20 14:19:07,428] INFO spindle_dev.index:  Using epsilon-net clustering for block 12
[2026-01-20 14:19:07,499] INFO spindle_dev.index:  Finished block 12 in 0.07 seconds, found 11 clusters.
[2026-01-20 14:19:07,500] INFO spindle_dev.index:  Using epsilon-net clustering for block 13
[2026-01-20 14:19:07,566] INFO spindle_dev.index:  Finished block 13 in 0.07 seconds, found 10 clusters.
[2026-01-20 14:19:07,566] INFO spindle_dev.index:  Using epsilon-net clustering for block 14
[2026-01-20 14:19:07,633] INFO spindle_dev.index:  Finished block 14 in 0.07 seconds, found 10 clusters.
[2026-01-20 14:19:07,634] INFO spindle_dev.index:  Using epsilon-net clustering for block 15
[2026-01-20 14:19:07,709] INFO spindle_dev.index:  Finished block 15 in 0.08 seconds, found 11 clusters.
[2026-01-20 14:19:07,709] INFO spindle_dev.index:  Using epsilon-net clustering for block 16
[2026-01-20 14:19:07,773] INFO spindle_dev.index:  Finished block 16 in 0.06 seconds, found 9 clusters.
[2026-01-20 14:19:07,773] INFO spindle_dev.index:  Using epsilon-net clustering for block 17
[2026-01-20 14:19:07,845] INFO spindle_dev.index:  Finished block 17 in 0.07 seconds, found 11 clusters.
[2026-01-20 14:19:07,846] INFO spindle_dev.index:  Using epsilon-net clustering for block 18
[2026-01-20 14:19:07,903] INFO spindle_dev.index:  Finished block 18 in 0.06 seconds, found 8 clusters.
[2026-01-20 14:19:07,904] INFO spindle_dev.index:  Using epsilon-net clustering for block 19
[2026-01-20 14:19:07,971] INFO spindle_dev.index:  Finished block 19 in 0.07 seconds, found 10 clusters.
[2026-01-20 14:19:07,971] INFO spindle_dev.index:  Using epsilon-net clustering for block 20
[2026-01-20 14:19:08,030] INFO spindle_dev.index:  Finished block 20 in 0.06 seconds, found 8 clusters.
[2026-01-20 14:19:08,030] INFO spindle_dev.index:  Using epsilon-net clustering for block 21
[2026-01-20 14:19:08,085] INFO spindle_dev.index:  Finished block 21 in 0.06 seconds, found 7 clusters.
[2026-01-20 14:19:08,085] INFO spindle_dev.index:  Using epsilon-net clustering for block 22
[2026-01-20 14:19:08,143] INFO spindle_dev.index:  Finished block 22 in 0.06 seconds, found 8 clusters.
[2026-01-20 14:19:08,144] INFO spindle_dev.index:  Using epsilon-net clustering for block 23
[2026-01-20 14:19:08,188] INFO spindle_dev.index:  Finished block 23 in 0.04 seconds, found 5 clusters.
[2026-01-20 14:19:08,188] INFO spindle_dev.index:  Using epsilon-net clustering for block 24
[2026-01-20 14:19:08,232] INFO spindle_dev.index:  Finished block 24 in 0.04 seconds, found 3 clusters.
[2026-01-20 14:19:08,232] INFO spindle_dev.index:  Using epsilon-net clustering for block 25
[2026-01-20 14:19:08,275] INFO spindle_dev.index:  Finished block 25 in 0.04 seconds, found 3 clusters.
[2026-01-20 14:19:08,275] INFO spindle_dev.index:  Using epsilon-net clustering for block 26
[2026-01-20 14:19:08,305] INFO spindle_dev.index:  Finished block 26 in 0.03 seconds, found 2 clusters.
[2026-01-20 14:19:08,306] INFO spindle_dev.index:  Using epsilon-net clustering for block 27
[2026-01-20 14:19:08,373] INFO spindle_dev.index:  Finished block 27 in 0.07 seconds, found 4 clusters.
[2026-01-20 14:19:08,373] INFO spindle_dev.index:  Using epsilon-net clustering for block 28
[2026-01-20 14:19:08,426] INFO spindle_dev.index:  Finished block 28 in 0.05 seconds, found 3 clusters.
[2026-01-20 14:19:08,426] INFO spindle_dev.index:  Using epsilon-net clustering for block 29
[2026-01-20 14:19:08,456] INFO spindle_dev.index:  Finished block 29 in 0.03 seconds, found 2 clusters.
[2026-01-20 14:19:08,456] INFO spindle_dev.index:  Using epsilon-net clustering for block 30
[2026-01-20 14:19:08,489] INFO spindle_dev.index:  Finished block 30 in 0.03 seconds, found 2 clusters.
[2026-01-20 14:19:08,489] INFO spindle_dev.index:  Using epsilon-net clustering for block 31
[2026-01-20 14:19:08,514] INFO spindle_dev.index:  Finished block 31 in 0.03 seconds, found 1 clusters.
[2026-01-20 14:19:08,514] INFO spindle_dev.index:  Using epsilon-net clustering for block 32
[2026-01-20 14:19:08,623] INFO spindle_dev.index:  Finished block 32 in 0.11 seconds, found 3 clusters.
[2026-01-20 14:19:08,623] INFO spindle_dev.index:  Using epsilon-net clustering for block 33
[2026-01-20 14:19:08,756] INFO spindle_dev.index:  Finished block 33 in 0.13 seconds, found 4 clusters.
[2026-01-20 14:19:08,756] INFO spindle_dev.index:  Using epsilon-net clustering for block 34
[2026-01-20 14:19:08,805] INFO spindle_dev.index:  Finished block 34 in 0.05 seconds, found 5 clusters.
[2026-01-20 14:19:08,805] INFO spindle_dev.index:  Using epsilon-net clustering for block 35
[2026-01-20 14:19:08,854] INFO spindle_dev.index:  Finished block 35 in 0.05 seconds, found 6 clusters.
[2026-01-20 14:19:08,855] INFO spindle_dev.index:  Using epsilon-net clustering for block 36
[2026-01-20 14:19:08,899] INFO spindle_dev.index:  Finished block 36 in 0.04 seconds, found 5 clusters.
[2026-01-20 14:19:08,899] INFO spindle_dev.index:  Using epsilon-net clustering for block 37
[2026-01-20 14:19:08,934] INFO spindle_dev.index:  Finished block 37 in 0.03 seconds, found 3 clusters.
[2026-01-20 14:19:08,934] INFO spindle_dev.index: Step 2: Build DAG connections between block clusters.
[2026-01-20 14:19:08,934] INFO spindle_dev.index: Step 2.1: For each layer order the block-clusters by
[2026-01-20 14:19:08,934] INFO spindle_dev.index: Not implemented: ordering block-clusters ? How to order them?
[2026-01-20 14:19:08,934] INFO spindle_dev.index: We will use triangle inequality to order clusters.
[2026-01-20 14:19:08,934] INFO spindle_dev.index: Step 2.2: Connect block-clusters between layers based on co-occurrence in SPDs.
[2026-01-20 14:19:08,947] INFO spindle_dev.index: Check if node global_node_id matches index in nodes list
[2026-01-20 14:19:08,947] INFO spindle_dev.index: Step 2.3: Ordering block-clusters within each layer using log-Euclidean distances.
[2026-01-20 14:19:08,947] INFO spindle_dev.index: Processing cluster 2
[2026-01-20 14:19:08,947] INFO spindle_dev.index: Building SPD index with epsilon=7.826565068722293
[2026-01-20 14:19:08,947] INFO spindle_dev.index: Step 1: Cluster blocks within each class of SPD matrices.
[2026-01-20 14:19:08,969] INFO spindle_dev.index: Cluster 2: 460 SPDs, 40 blocks
[2026-01-20 14:19:08,970] INFO spindle_dev.index:  Using epsilon-net clustering for block 0
[2026-01-20 14:19:08,988] INFO spindle_dev.index:  Finished block 0 in 0.02 seconds, found 1 clusters.
[2026-01-20 14:19:08,989] INFO spindle_dev.index:  Using epsilon-net clustering for block 1
[2026-01-20 14:19:09,003] INFO spindle_dev.index:  Finished block 1 in 0.01 seconds, found 1 clusters.
[2026-01-20 14:19:09,003] INFO spindle_dev.index:  Using epsilon-net clustering for block 2
[2026-01-20 14:19:09,022] INFO spindle_dev.index:  Finished block 2 in 0.02 seconds, found 2 clusters.
[2026-01-20 14:19:09,022] INFO spindle_dev.index:  Using epsilon-net clustering for block 3
[2026-01-20 14:19:09,042] INFO spindle_dev.index:  Finished block 3 in 0.02 seconds, found 2 clusters.
[2026-01-20 14:19:09,042] INFO spindle_dev.index:  Using epsilon-net clustering for block 4
[2026-01-20 14:19:09,064] INFO spindle_dev.index:  Finished block 4 in 0.02 seconds, found 3 clusters.
[2026-01-20 14:19:09,064] INFO spindle_dev.index:  Using epsilon-net clustering for block 5
[2026-01-20 14:19:09,083] INFO spindle_dev.index:  Finished block 5 in 0.02 seconds, found 2 clusters.
[2026-01-20 14:19:09,083] INFO spindle_dev.index:  Using epsilon-net clustering for block 6
[2026-01-20 14:19:09,108] INFO spindle_dev.index:  Finished block 6 in 0.03 seconds, found 4 clusters.
[2026-01-20 14:19:09,109] INFO spindle_dev.index:  Using epsilon-net clustering for block 7
[2026-01-20 14:19:09,128] INFO spindle_dev.index:  Finished block 7 in 0.02 seconds, found 2 clusters.
[2026-01-20 14:19:09,128] INFO spindle_dev.index:  Using epsilon-net clustering for block 8
[2026-01-20 14:19:09,147] INFO spindle_dev.index:  Finished block 8 in 0.02 seconds, found 2 clusters.
[2026-01-20 14:19:09,148] INFO spindle_dev.index:  Using epsilon-net clustering for block 9
[2026-01-20 14:19:09,172] INFO spindle_dev.index:  Finished block 9 in 0.02 seconds, found 3 clusters.
[2026-01-20 14:19:09,172] INFO spindle_dev.index:  Using epsilon-net clustering for block 10
[2026-01-20 14:19:09,192] INFO spindle_dev.index:  Finished block 10 in 0.02 seconds, found 2 clusters.
[2026-01-20 14:19:09,192] INFO spindle_dev.index:  Using epsilon-net clustering for block 11
[2026-01-20 14:19:09,212] INFO spindle_dev.index:  Finished block 11 in 0.02 seconds, found 2 clusters.
[2026-01-20 14:19:09,212] INFO spindle_dev.index:  Using epsilon-net clustering for block 12
[2026-01-20 14:19:09,236] INFO spindle_dev.index:  Finished block 12 in 0.02 seconds, found 3 clusters.
[2026-01-20 14:19:09,236] INFO spindle_dev.index:  Using epsilon-net clustering for block 13
[2026-01-20 14:19:09,269] INFO spindle_dev.index:  Finished block 13 in 0.03 seconds, found 4 clusters.
[2026-01-20 14:19:09,269] INFO spindle_dev.index:  Using epsilon-net clustering for block 14
[2026-01-20 14:19:09,289] INFO spindle_dev.index:  Finished block 14 in 0.02 seconds, found 2 clusters.
[2026-01-20 14:19:09,289] INFO spindle_dev.index:  Using epsilon-net clustering for block 15
[2026-01-20 14:19:09,320] INFO spindle_dev.index:  Finished block 15 in 0.03 seconds, found 5 clusters.
[2026-01-20 14:19:09,320] INFO spindle_dev.index:  Using epsilon-net clustering for block 16
[2026-01-20 14:19:09,351] INFO spindle_dev.index:  Finished block 16 in 0.03 seconds, found 5 clusters.
[2026-01-20 14:19:09,351] INFO spindle_dev.index:  Using epsilon-net clustering for block 17
[2026-01-20 14:19:09,376] INFO spindle_dev.index:  Finished block 17 in 0.02 seconds, found 3 clusters.
[2026-01-20 14:19:09,376] INFO spindle_dev.index:  Using epsilon-net clustering for block 18
[2026-01-20 14:19:09,409] INFO spindle_dev.index:  Finished block 18 in 0.03 seconds, found 5 clusters.
[2026-01-20 14:19:09,409] INFO spindle_dev.index:  Using epsilon-net clustering for block 19
[2026-01-20 14:19:09,430] INFO spindle_dev.index:  Finished block 19 in 0.02 seconds, found 2 clusters.
[2026-01-20 14:19:09,430] INFO spindle_dev.index:  Using epsilon-net clustering for block 20
[2026-01-20 14:19:09,465] INFO spindle_dev.index:  Finished block 20 in 0.03 seconds, found 5 clusters.
[2026-01-20 14:19:09,465] INFO spindle_dev.index:  Using epsilon-net clustering for block 21
[2026-01-20 14:19:09,494] INFO spindle_dev.index:  Finished block 21 in 0.03 seconds, found 4 clusters.
[2026-01-20 14:19:09,494] INFO spindle_dev.index:  Using epsilon-net clustering for block 22
[2026-01-20 14:19:09,519] INFO spindle_dev.index:  Finished block 22 in 0.03 seconds, found 3 clusters.
[2026-01-20 14:19:09,519] INFO spindle_dev.index:  Using epsilon-net clustering for block 23
[2026-01-20 14:19:09,551] INFO spindle_dev.index:  Finished block 23 in 0.03 seconds, found 5 clusters.
[2026-01-20 14:19:09,551] INFO spindle_dev.index:  Using epsilon-net clustering for block 24
[2026-01-20 14:19:09,580] INFO spindle_dev.index:  Finished block 24 in 0.03 seconds, found 4 clusters.
[2026-01-20 14:19:09,580] INFO spindle_dev.index:  Using epsilon-net clustering for block 25
[2026-01-20 14:19:09,605] INFO spindle_dev.index:  Finished block 25 in 0.03 seconds, found 3 clusters.
[2026-01-20 14:19:09,605] INFO spindle_dev.index:  Using epsilon-net clustering for block 26
[2026-01-20 14:19:09,634] INFO spindle_dev.index:  Finished block 26 in 0.03 seconds, found 4 clusters.
[2026-01-20 14:19:09,634] INFO spindle_dev.index:  Using epsilon-net clustering for block 27
[2026-01-20 14:19:09,665] INFO spindle_dev.index:  Finished block 27 in 0.03 seconds, found 3 clusters.
[2026-01-20 14:19:09,665] INFO spindle_dev.index:  Using epsilon-net clustering for block 28
[2026-01-20 14:19:09,695] INFO spindle_dev.index:  Finished block 28 in 0.03 seconds, found 3 clusters.
[2026-01-20 14:19:09,696] INFO spindle_dev.index:  Using epsilon-net clustering for block 29
[2026-01-20 14:19:09,724] INFO spindle_dev.index:  Finished block 29 in 0.03 seconds, found 4 clusters.
[2026-01-20 14:19:09,725] INFO spindle_dev.index:  Using epsilon-net clustering for block 30
[2026-01-20 14:19:09,750] INFO spindle_dev.index:  Finished block 30 in 0.03 seconds, found 3 clusters.
[2026-01-20 14:19:09,750] INFO spindle_dev.index:  Using epsilon-net clustering for block 31
[2026-01-20 14:19:09,775] INFO spindle_dev.index:  Finished block 31 in 0.03 seconds, found 3 clusters.
[2026-01-20 14:19:09,775] INFO spindle_dev.index:  Using epsilon-net clustering for block 32
[2026-01-20 14:19:09,799] INFO spindle_dev.index:  Finished block 32 in 0.02 seconds, found 2 clusters.
[2026-01-20 14:19:09,799] INFO spindle_dev.index:  Using epsilon-net clustering for block 33
[2026-01-20 14:19:09,826] INFO spindle_dev.index:  Finished block 33 in 0.03 seconds, found 3 clusters.
[2026-01-20 14:19:09,826] INFO spindle_dev.index:  Using epsilon-net clustering for block 34
[2026-01-20 14:19:09,855] INFO spindle_dev.index:  Finished block 34 in 0.03 seconds, found 4 clusters.
[2026-01-20 14:19:09,855] INFO spindle_dev.index:  Using epsilon-net clustering for block 35
[2026-01-20 14:19:09,877] INFO spindle_dev.index:  Finished block 35 in 0.02 seconds, found 2 clusters.
[2026-01-20 14:19:09,877] INFO spindle_dev.index:  Using epsilon-net clustering for block 36
[2026-01-20 14:19:09,907] INFO spindle_dev.index:  Finished block 36 in 0.03 seconds, found 4 clusters.
[2026-01-20 14:19:09,907] INFO spindle_dev.index:  Using epsilon-net clustering for block 37
[2026-01-20 14:19:09,930] INFO spindle_dev.index:  Finished block 37 in 0.02 seconds, found 2 clusters.
[2026-01-20 14:19:09,931] INFO spindle_dev.index:  Using epsilon-net clustering for block 38
[2026-01-20 14:19:10,049] INFO spindle_dev.index:  Finished block 38 in 0.12 seconds, found 12 clusters.
[2026-01-20 14:19:10,050] INFO spindle_dev.index:  Using epsilon-net clustering for block 39
[2026-01-20 14:19:10,093] INFO spindle_dev.index:  Finished block 39 in 0.04 seconds, found 4 clusters.
[2026-01-20 14:19:10,093] INFO spindle_dev.index: Step 2: Build DAG connections between block clusters.
[2026-01-20 14:19:10,093] INFO spindle_dev.index: Step 2.1: For each layer order the block-clusters by
[2026-01-20 14:19:10,093] INFO spindle_dev.index: Not implemented: ordering block-clusters ? How to order them?
[2026-01-20 14:19:10,093] INFO spindle_dev.index: We will use triangle inequality to order clusters.
[2026-01-20 14:19:10,093] INFO spindle_dev.index: Step 2.2: Connect block-clusters between layers based on co-occurrence in SPDs.
[2026-01-20 14:19:10,103] INFO spindle_dev.index: Check if node global_node_id matches index in nodes list
[2026-01-20 14:19:10,103] INFO spindle_dev.index: Step 2.3: Ordering block-clusters within each layer using log-Euclidean distances.
[2026-01-20 14:19:10,103] INFO spindle_dev.index: Processing cluster 3
[2026-01-20 14:19:10,103] INFO spindle_dev.index: Building SPD index with epsilon=5.78485128387589
[2026-01-20 14:19:10,103] INFO spindle_dev.index: Step 1: Cluster blocks within each class of SPD matrices.
[2026-01-20 14:19:10,119] INFO spindle_dev.index: Cluster 3: 325 SPDs, 36 blocks
[2026-01-20 14:19:10,119] INFO spindle_dev.index:  Using epsilon-net clustering for block 0
[2026-01-20 14:19:10,133] INFO spindle_dev.index:  Finished block 0 in 0.01 seconds, found 2 clusters.
[2026-01-20 14:19:10,133] INFO spindle_dev.index:  Using epsilon-net clustering for block 1
[2026-01-20 14:19:10,159] INFO spindle_dev.index:  Finished block 1 in 0.03 seconds, found 7 clusters.
[2026-01-20 14:19:10,159] INFO spindle_dev.index:  Using epsilon-net clustering for block 2
[2026-01-20 14:19:10,187] INFO spindle_dev.index:  Finished block 2 in 0.03 seconds, found 8 clusters.
[2026-01-20 14:19:10,187] INFO spindle_dev.index:  Using epsilon-net clustering for block 3
[2026-01-20 14:19:10,224] INFO spindle_dev.index:  Finished block 3 in 0.04 seconds, found 12 clusters.
[2026-01-20 14:19:10,224] INFO spindle_dev.index:  Using epsilon-net clustering for block 4
[2026-01-20 14:19:10,258] INFO spindle_dev.index:  Finished block 4 in 0.03 seconds, found 10 clusters.
[2026-01-20 14:19:10,258] INFO spindle_dev.index:  Using epsilon-net clustering for block 5
[2026-01-20 14:19:10,295] INFO spindle_dev.index:  Finished block 5 in 0.04 seconds, found 11 clusters.
[2026-01-20 14:19:10,295] INFO spindle_dev.index:  Using epsilon-net clustering for block 6
[2026-01-20 14:19:10,336] INFO spindle_dev.index:  Finished block 6 in 0.04 seconds, found 13 clusters.
[2026-01-20 14:19:10,336] INFO spindle_dev.index:  Using epsilon-net clustering for block 7
[2026-01-20 14:19:10,385] INFO spindle_dev.index:  Finished block 7 in 0.05 seconds, found 16 clusters.
[2026-01-20 14:19:10,385] INFO spindle_dev.index:  Using epsilon-net clustering for block 8
[2026-01-20 14:19:10,443] INFO spindle_dev.index:  Finished block 8 in 0.06 seconds, found 19 clusters.
[2026-01-20 14:19:10,444] INFO spindle_dev.index:  Using epsilon-net clustering for block 9
[2026-01-20 14:19:10,490] INFO spindle_dev.index:  Finished block 9 in 0.05 seconds, found 15 clusters.
[2026-01-20 14:19:10,490] INFO spindle_dev.index:  Using epsilon-net clustering for block 10
[2026-01-20 14:19:10,545] INFO spindle_dev.index:  Finished block 10 in 0.05 seconds, found 18 clusters.
[2026-01-20 14:19:10,545] INFO spindle_dev.index:  Using epsilon-net clustering for block 11
[2026-01-20 14:19:10,594] INFO spindle_dev.index:  Finished block 11 in 0.05 seconds, found 16 clusters.
[2026-01-20 14:19:10,594] INFO spindle_dev.index:  Using epsilon-net clustering for block 12
[2026-01-20 14:19:10,642] INFO spindle_dev.index:  Finished block 12 in 0.05 seconds, found 16 clusters.
[2026-01-20 14:19:10,643] INFO spindle_dev.index:  Using epsilon-net clustering for block 13
[2026-01-20 14:19:10,699] INFO spindle_dev.index:  Finished block 13 in 0.06 seconds, found 19 clusters.
[2026-01-20 14:19:10,700] INFO spindle_dev.index:  Using epsilon-net clustering for block 14
[2026-01-20 14:19:10,744] INFO spindle_dev.index:  Finished block 14 in 0.04 seconds, found 14 clusters.
[2026-01-20 14:19:10,744] INFO spindle_dev.index:  Using epsilon-net clustering for block 15
[2026-01-20 14:19:10,798] INFO spindle_dev.index:  Finished block 15 in 0.05 seconds, found 18 clusters.
[2026-01-20 14:19:10,798] INFO spindle_dev.index:  Using epsilon-net clustering for block 16
[2026-01-20 14:19:10,851] INFO spindle_dev.index:  Finished block 16 in 0.05 seconds, found 17 clusters.
[2026-01-20 14:19:10,852] INFO spindle_dev.index:  Using epsilon-net clustering for block 17
[2026-01-20 14:19:10,901] INFO spindle_dev.index:  Finished block 17 in 0.05 seconds, found 16 clusters.
[2026-01-20 14:19:10,901] INFO spindle_dev.index:  Using epsilon-net clustering for block 18
[2026-01-20 14:19:10,956] INFO spindle_dev.index:  Finished block 18 in 0.05 seconds, found 18 clusters.
[2026-01-20 14:19:10,956] INFO spindle_dev.index:  Using epsilon-net clustering for block 19
[2026-01-20 14:19:11,009] INFO spindle_dev.index:  Finished block 19 in 0.05 seconds, found 17 clusters.
[2026-01-20 14:19:11,009] INFO spindle_dev.index:  Using epsilon-net clustering for block 20
[2026-01-20 14:19:11,044] INFO spindle_dev.index:  Finished block 20 in 0.03 seconds, found 10 clusters.
[2026-01-20 14:19:11,044] INFO spindle_dev.index:  Using epsilon-net clustering for block 21
[2026-01-20 14:19:11,069] INFO spindle_dev.index:  Finished block 21 in 0.03 seconds, found 6 clusters.
[2026-01-20 14:19:11,069] INFO spindle_dev.index:  Using epsilon-net clustering for block 22
[2026-01-20 14:19:11,089] INFO spindle_dev.index:  Finished block 22 in 0.02 seconds, found 3 clusters.
[2026-01-20 14:19:11,089] INFO spindle_dev.index:  Using epsilon-net clustering for block 23
[2026-01-20 14:19:11,118] INFO spindle_dev.index:  Finished block 23 in 0.03 seconds, found 3 clusters.
[2026-01-20 14:19:11,118] INFO spindle_dev.index:  Using epsilon-net clustering for block 24
[2026-01-20 14:19:11,139] INFO spindle_dev.index:  Finished block 24 in 0.02 seconds, found 3 clusters.
[2026-01-20 14:19:11,139] INFO spindle_dev.index:  Using epsilon-net clustering for block 25
[2026-01-20 14:19:11,171] INFO spindle_dev.index:  Finished block 25 in 0.03 seconds, found 2 clusters.
[2026-01-20 14:19:11,171] INFO spindle_dev.index:  Using epsilon-net clustering for block 26
[2026-01-20 14:19:11,201] INFO spindle_dev.index:  Finished block 26 in 0.03 seconds, found 5 clusters.
[2026-01-20 14:19:11,201] INFO spindle_dev.index:  Using epsilon-net clustering for block 27
[2026-01-20 14:19:11,219] INFO spindle_dev.index:  Finished block 27 in 0.02 seconds, found 3 clusters.
[2026-01-20 14:19:11,219] INFO spindle_dev.index:  Using epsilon-net clustering for block 28
[2026-01-20 14:19:11,238] INFO spindle_dev.index:  Finished block 28 in 0.02 seconds, found 2 clusters.
[2026-01-20 14:19:11,238] INFO spindle_dev.index:  Using epsilon-net clustering for block 29
[2026-01-20 14:19:11,256] INFO spindle_dev.index:  Finished block 29 in 0.02 seconds, found 2 clusters.
[2026-01-20 14:19:11,256] INFO spindle_dev.index:  Using epsilon-net clustering for block 30
[2026-01-20 14:19:11,274] INFO spindle_dev.index:  Finished block 30 in 0.02 seconds, found 3 clusters.
[2026-01-20 14:19:11,274] INFO spindle_dev.index:  Using epsilon-net clustering for block 31
[2026-01-20 14:19:11,287] INFO spindle_dev.index:  Finished block 31 in 0.01 seconds, found 1 clusters.
[2026-01-20 14:19:11,287] INFO spindle_dev.index:  Using epsilon-net clustering for block 32
[2026-01-20 14:19:11,300] INFO spindle_dev.index:  Finished block 32 in 0.01 seconds, found 1 clusters.
[2026-01-20 14:19:11,300] INFO spindle_dev.index:  Using epsilon-net clustering for block 33
[2026-01-20 14:19:11,313] INFO spindle_dev.index:  Finished block 33 in 0.01 seconds, found 1 clusters.
[2026-01-20 14:19:11,313] INFO spindle_dev.index:  Using epsilon-net clustering for block 34
[2026-01-20 14:19:11,411] INFO spindle_dev.index:  Finished block 34 in 0.10 seconds, found 2 clusters.
[2026-01-20 14:19:11,411] INFO spindle_dev.index:  Using epsilon-net clustering for block 35
[2026-01-20 14:19:11,458] INFO spindle_dev.index:  Finished block 35 in 0.05 seconds, found 1 clusters.
[2026-01-20 14:19:11,458] INFO spindle_dev.index: Step 2: Build DAG connections between block clusters.
[2026-01-20 14:19:11,458] INFO spindle_dev.index: Step 2.1: For each layer order the block-clusters by
[2026-01-20 14:19:11,458] INFO spindle_dev.index: Not implemented: ordering block-clusters ? How to order them?
[2026-01-20 14:19:11,458] INFO spindle_dev.index: We will use triangle inequality to order clusters.
[2026-01-20 14:19:11,458] INFO spindle_dev.index: Step 2.2: Connect block-clusters between layers based on co-occurrence in SPDs.
[2026-01-20 14:19:11,466] INFO spindle_dev.index: Check if node global_node_id matches index in nodes list
[2026-01-20 14:19:11,466] INFO spindle_dev.index: Step 2.3: Ordering block-clusters within each layer using log-Euclidean distances.
[2026-01-20 14:19:12,709] INFO spindle_dev.test: Built ground-truth paths for 932 SPDs in cluster 0 across 40 blocks.
[2026-01-20 14:19:13,274] INFO spindle_dev.test: Built ground-truth paths for 634 SPDs in cluster 1 across 38 blocks.
[2026-01-20 14:19:13,581] INFO spindle_dev.test: Built ground-truth paths for 460 SPDs in cluster 2 across 40 blocks.
[2026-01-20 14:19:13,736] INFO spindle_dev.test: Built ground-truth paths for 325 SPDs in cluster 3 across 36 blocks.
[2026-01-20 14:19:19,838] INFO spindle_dev.index: Clustering SPD-s using 'tree' distance.
[2026-01-20 14:19:19,838] INFO spindle_dev.index: Building ultrametric features from SPD matrices.
[2026-01-20 14:19:25,050] INFO spindle_dev.index: Computing latent features from the tree representations.
[2026-01-20 14:19:25,233] INFO spindle_dev.index: Reducing latent features to 30 dimensions using PCA.
[2026-01-20 14:19:28,687] INFO spindle_dev.index: Explained variance ratios by PCA components: [0.08423994 0.05705022 0.02586921 0.01825469 0.01257789 0.00976704
 0.00760607 0.00706846 0.00636611 0.00628477 0.00481051 0.00461066
 0.00410269 0.00399039 0.00367698 0.00352124 0.00345466 0.0033279
 0.00319359 0.00302569 0.00300604 0.0029441  0.00289233 0.00285734
 0.00284254 0.00280568 0.00273195 0.00266459 0.00263317 0.00257663]
[2026-01-20 14:19:28,688] INFO spindle_dev.index: Reducing latent features to 2 dimensions using UMAP.
/panfs/accrepfs.vampire/home/sarkah1/miniforge3/envs/spatial/lib/python3.10/site-packages/umap/umap_.py:1952: UserWarning: n_jobs value 1 overridden to 1 by setting random_state. Use no seed for parallelism.
  warn(
[2026-01-20 14:19:33,211] INFO spindle_dev.index: Clustering SPD-s using 'tree' distance.
[2026-01-20 14:19:33,212] INFO spindle_dev.index: Clustering SPD matrices using Leiden clustering with resolution 0.50.
[2026-01-20 14:19:33,451] INFO spindle_dev.index: Since clustering method is tree, I am going to find global order per cluster
[2026-01-20 14:19:33,451] INFO spindle_dev.index: Finding consensus tree for cluster 0
[2026-01-20 14:19:33,607] INFO spindle_dev.index: Finding consensus tree for cluster 1
[2026-01-20 14:19:33,748] INFO spindle_dev.index: Finding consensus tree for cluster 2
[2026-01-20 14:19:33,850] INFO spindle_dev.index: Finding consensus tree for cluster 3
[2026-01-20 14:19:33,924] INFO spindle_dev.index: Finding consensus tree for cluster 4
[2026-01-20 14:19:33,967] INFO spindle_dev.index: Finding consensus tree for cluster 5
[2026-01-20 14:19:34,494] INFO spindle_dev.index: Computing mean correlation matrix for cluster 0
[2026-01-20 14:19:35,100] INFO spindle_dev.index: Computing mean correlation matrix for cluster 1
[2026-01-20 14:19:35,502] INFO spindle_dev.index: Computing mean correlation matrix for cluster 2
[2026-01-20 14:19:35,841] INFO spindle_dev.index: Computing mean correlation matrix for cluster 3
[2026-01-20 14:19:36,038] INFO spindle_dev.index: Computing mean correlation matrix for cluster 4
[2026-01-20 14:19:36,162] INFO spindle_dev.index: Computing mean correlation matrix for cluster 5
[2026-01-20 14:19:36,212] INFO spindle_dev.index: Finding adaptive block runs for cluster 0
[2026-01-20 14:19:36,482] INFO spindle_dev.index:  Chose t=0.7633192389079517 resulting in 201 blocks instead of 61 blocks would have gotten by default
[2026-01-20 14:19:36,512] INFO spindle_dev.index:  Final block runs for cluster 0: 22 blocks.
[2026-01-20 14:19:36,512] INFO spindle_dev.index: Finding adaptive block runs for cluster 1
[2026-01-20 14:19:36,784] INFO spindle_dev.index:  Chose t=0.7607017560319018 resulting in 190 blocks instead of 40 blocks would have gotten by default
[2026-01-20 14:19:36,812] INFO spindle_dev.index:  Final block runs for cluster 1: 22 blocks.
[2026-01-20 14:19:36,813] INFO spindle_dev.index: Finding adaptive block runs for cluster 2
[2026-01-20 14:19:37,085] INFO spindle_dev.index:  Chose t=0.8321018670322848 resulting in 166 blocks instead of 31 blocks would have gotten by default
[2026-01-20 14:19:37,107] INFO spindle_dev.index:  Final block runs for cluster 2: 23 blocks.
[2026-01-20 14:19:37,107] INFO spindle_dev.index: Finding adaptive block runs for cluster 3
[2026-01-20 14:19:37,378] INFO spindle_dev.index:  Chose t=0.797225986946651 resulting in 225 blocks instead of 95 blocks would have gotten by default
[2026-01-20 14:19:37,416] INFO spindle_dev.index:  Final block runs for cluster 3: 24 blocks.
[2026-01-20 14:19:37,416] INFO spindle_dev.index: Finding adaptive block runs for cluster 4
[2026-01-20 14:19:37,686] INFO spindle_dev.index:  Chose t=0.8919052951715427 resulting in 124 blocks instead of 63 blocks would have gotten by default
[2026-01-20 14:19:37,698] INFO spindle_dev.index:  Final block runs for cluster 4: 19 blocks.
[2026-01-20 14:19:37,698] INFO spindle_dev.index: Finding adaptive block runs for cluster 5
[2026-01-20 14:19:37,966] INFO spindle_dev.index:  Chose t=0.9507238858598659 resulting in 198 blocks instead of 274 blocks would have gotten by default
[2026-01-20 14:19:37,997] INFO spindle_dev.index:  Final block runs for cluster 5: 25 blocks.
[2026-01-20 14:19:43,345] INFO spindle_dev.index: Processing cluster 0
[2026-01-20 14:19:43,346] INFO spindle_dev.index: Building SPD index with epsilon=7.293585220675149
[2026-01-20 14:19:43,346] INFO spindle_dev.index: Step 1: Cluster blocks within each class of SPD matrices.
[2026-01-20 14:19:43,363] INFO spindle_dev.index: Cluster 0: 760 SPDs, 22 blocks
[2026-01-20 14:19:43,363] INFO spindle_dev.index:  Using epsilon-net clustering for block 0
[2026-01-20 14:19:43,400] INFO spindle_dev.index:  Finished block 0 in 0.04 seconds, found 2 clusters.
[2026-01-20 14:19:43,400] INFO spindle_dev.index:  Using epsilon-net clustering for block 1
[2026-01-20 14:19:43,461] INFO spindle_dev.index:  Finished block 1 in 0.06 seconds, found 7 clusters.
[2026-01-20 14:19:43,461] INFO spindle_dev.index:  Using epsilon-net clustering for block 2
[2026-01-20 14:19:43,512] INFO spindle_dev.index:  Finished block 2 in 0.05 seconds, found 5 clusters.
[2026-01-20 14:19:43,512] INFO spindle_dev.index:  Using epsilon-net clustering for block 3
[2026-01-20 14:19:43,580] INFO spindle_dev.index:  Finished block 3 in 0.07 seconds, found 8 clusters.
[2026-01-20 14:19:43,581] INFO spindle_dev.index:  Using epsilon-net clustering for block 4
[2026-01-20 14:19:43,638] INFO spindle_dev.index:  Finished block 4 in 0.06 seconds, found 6 clusters.
[2026-01-20 14:19:43,638] INFO spindle_dev.index:  Using epsilon-net clustering for block 5
[2026-01-20 14:19:43,690] INFO spindle_dev.index:  Finished block 5 in 0.05 seconds, found 5 clusters.
[2026-01-20 14:19:43,690] INFO spindle_dev.index:  Using epsilon-net clustering for block 6
[2026-01-20 14:19:43,743] INFO spindle_dev.index:  Finished block 6 in 0.05 seconds, found 5 clusters.
[2026-01-20 14:19:43,743] INFO spindle_dev.index:  Using epsilon-net clustering for block 7
[2026-01-20 14:19:43,778] INFO spindle_dev.index:  Finished block 7 in 0.04 seconds, found 2 clusters.
[2026-01-20 14:19:43,778] INFO spindle_dev.index:  Using epsilon-net clustering for block 8
[2026-01-20 14:19:43,825] INFO spindle_dev.index:  Finished block 8 in 0.05 seconds, found 2 clusters.
[2026-01-20 14:19:43,826] INFO spindle_dev.index:  Using epsilon-net clustering for block 9
[2026-01-20 14:19:43,892] INFO spindle_dev.index:  Finished block 9 in 0.07 seconds, found 3 clusters.
[2026-01-20 14:19:43,892] INFO spindle_dev.index:  Using epsilon-net clustering for block 10
[2026-01-20 14:19:43,948] INFO spindle_dev.index:  Finished block 10 in 0.06 seconds, found 3 clusters.
[2026-01-20 14:19:43,948] INFO spindle_dev.index:  Using epsilon-net clustering for block 11
[2026-01-20 14:19:43,995] INFO spindle_dev.index:  Finished block 11 in 0.05 seconds, found 4 clusters.
[2026-01-20 14:19:43,995] INFO spindle_dev.index:  Using epsilon-net clustering for block 12
[2026-01-20 14:19:44,031] INFO spindle_dev.index:  Finished block 12 in 0.04 seconds, found 2 clusters.
[2026-01-20 14:19:44,031] INFO spindle_dev.index:  Using epsilon-net clustering for block 13
[2026-01-20 14:19:44,062] INFO spindle_dev.index:  Finished block 13 in 0.03 seconds, found 1 clusters.
[2026-01-20 14:19:44,062] INFO spindle_dev.index:  Using epsilon-net clustering for block 14
[2026-01-20 14:19:44,092] INFO spindle_dev.index:  Finished block 14 in 0.03 seconds, found 1 clusters.
[2026-01-20 14:19:44,092] INFO spindle_dev.index:  Using epsilon-net clustering for block 15
[2026-01-20 14:19:44,129] INFO spindle_dev.index:  Finished block 15 in 0.04 seconds, found 2 clusters.
[2026-01-20 14:19:44,129] INFO spindle_dev.index:  Using epsilon-net clustering for block 16
[2026-01-20 14:19:44,173] INFO spindle_dev.index:  Finished block 16 in 0.04 seconds, found 2 clusters.
[2026-01-20 14:19:44,173] INFO spindle_dev.index:  Using epsilon-net clustering for block 17
[2026-01-20 14:19:44,412] INFO spindle_dev.index:  Finished block 17 in 0.24 seconds, found 7 clusters.
[2026-01-20 14:19:44,412] INFO spindle_dev.index:  Using epsilon-net clustering for block 18
[2026-01-20 14:19:44,467] INFO spindle_dev.index:  Finished block 18 in 0.06 seconds, found 2 clusters.
[2026-01-20 14:19:44,468] INFO spindle_dev.index:  Using epsilon-net clustering for block 19
[2026-01-20 14:19:44,533] INFO spindle_dev.index:  Finished block 19 in 0.07 seconds, found 4 clusters.
[2026-01-20 14:19:44,533] INFO spindle_dev.index:  Using epsilon-net clustering for block 20
[2026-01-20 14:19:44,575] INFO spindle_dev.index:  Finished block 20 in 0.04 seconds, found 1 clusters.
[2026-01-20 14:19:44,575] INFO spindle_dev.index:  Using epsilon-net clustering for block 21
[2026-01-20 14:19:44,606] INFO spindle_dev.index:  Finished block 21 in 0.03 seconds, found 1 clusters.
[2026-01-20 14:19:44,606] INFO spindle_dev.index: Step 2: Build DAG connections between block clusters.
[2026-01-20 14:19:44,606] INFO spindle_dev.index: Step 2.1: For each layer order the block-clusters by
[2026-01-20 14:19:44,606] INFO spindle_dev.index: Not implemented: ordering block-clusters ? How to order them?
[2026-01-20 14:19:44,606] INFO spindle_dev.index: We will use triangle inequality to order clusters.
[2026-01-20 14:19:44,606] INFO spindle_dev.index: Step 2.2: Connect block-clusters between layers based on co-occurrence in SPDs.
[2026-01-20 14:19:44,614] INFO spindle_dev.index: Check if node global_node_id matches index in nodes list
[2026-01-20 14:19:44,614] INFO spindle_dev.index: Step 2.3: Ordering block-clusters within each layer using log-Euclidean distances.
[2026-01-20 14:19:44,614] INFO spindle_dev.index: Processing cluster 1
[2026-01-20 14:19:44,614] INFO spindle_dev.index: Building SPD index with epsilon=6.441148916591937
[2026-01-20 14:19:44,614] INFO spindle_dev.index: Step 1: Cluster blocks within each class of SPD matrices.
[2026-01-20 14:19:44,626] INFO spindle_dev.index: Cluster 1: 515 SPDs, 22 blocks
[2026-01-20 14:19:44,626] INFO spindle_dev.index:  Using epsilon-net clustering for block 0
[2026-01-20 14:19:44,678] INFO spindle_dev.index:  Finished block 0 in 0.05 seconds, found 8 clusters.
[2026-01-20 14:19:44,678] INFO spindle_dev.index:  Using epsilon-net clustering for block 1
[2026-01-20 14:19:44,757] INFO spindle_dev.index:  Finished block 1 in 0.08 seconds, found 16 clusters.
[2026-01-20 14:19:44,757] INFO spindle_dev.index:  Using epsilon-net clustering for block 2
[2026-01-20 14:19:44,835] INFO spindle_dev.index:  Finished block 2 in 0.08 seconds, found 16 clusters.
[2026-01-20 14:19:44,835] INFO spindle_dev.index:  Using epsilon-net clustering for block 3
[2026-01-20 14:19:44,918] INFO spindle_dev.index:  Finished block 3 in 0.08 seconds, found 17 clusters.
[2026-01-20 14:19:44,918] INFO spindle_dev.index:  Using epsilon-net clustering for block 4
[2026-01-20 14:19:44,970] INFO spindle_dev.index:  Finished block 4 in 0.05 seconds, found 9 clusters.
[2026-01-20 14:19:44,970] INFO spindle_dev.index:  Using epsilon-net clustering for block 5
[2026-01-20 14:19:45,006] INFO spindle_dev.index:  Finished block 5 in 0.04 seconds, found 5 clusters.
[2026-01-20 14:19:45,006] INFO spindle_dev.index:  Using epsilon-net clustering for block 6
[2026-01-20 14:19:45,045] INFO spindle_dev.index:  Finished block 6 in 0.04 seconds, found 4 clusters.
[2026-01-20 14:19:45,045] INFO spindle_dev.index:  Using epsilon-net clustering for block 7
[2026-01-20 14:19:45,074] INFO spindle_dev.index:  Finished block 7 in 0.03 seconds, found 2 clusters.
[2026-01-20 14:19:45,074] INFO spindle_dev.index:  Using epsilon-net clustering for block 8
[2026-01-20 14:19:45,100] INFO spindle_dev.index:  Finished block 8 in 0.03 seconds, found 2 clusters.
[2026-01-20 14:19:45,100] INFO spindle_dev.index:  Using epsilon-net clustering for block 9
[2026-01-20 14:19:45,124] INFO spindle_dev.index:  Finished block 9 in 0.02 seconds, found 2 clusters.
[2026-01-20 14:19:45,124] INFO spindle_dev.index:  Using epsilon-net clustering for block 10
[2026-01-20 14:19:45,152] INFO spindle_dev.index:  Finished block 10 in 0.03 seconds, found 2 clusters.
[2026-01-20 14:19:45,152] INFO spindle_dev.index:  Using epsilon-net clustering for block 11
[2026-01-20 14:19:45,183] INFO spindle_dev.index:  Finished block 11 in 0.03 seconds, found 1 clusters.
[2026-01-20 14:19:45,183] INFO spindle_dev.index:  Using epsilon-net clustering for block 12
[2026-01-20 14:19:45,206] INFO spindle_dev.index:  Finished block 12 in 0.02 seconds, found 1 clusters.
[2026-01-20 14:19:45,206] INFO spindle_dev.index:  Using epsilon-net clustering for block 13
[2026-01-20 14:19:45,229] INFO spindle_dev.index:  Finished block 13 in 0.02 seconds, found 1 clusters.
[2026-01-20 14:19:45,229] INFO spindle_dev.index:  Using epsilon-net clustering for block 14
[2026-01-20 14:19:45,249] INFO spindle_dev.index:  Finished block 14 in 0.02 seconds, found 1 clusters.
[2026-01-20 14:19:45,249] INFO spindle_dev.index:  Using epsilon-net clustering for block 15
[2026-01-20 14:19:45,271] INFO spindle_dev.index:  Finished block 15 in 0.02 seconds, found 1 clusters.
[2026-01-20 14:19:45,271] INFO spindle_dev.index:  Using epsilon-net clustering for block 16
[2026-01-20 14:19:45,452] INFO spindle_dev.index:  Finished block 16 in 0.18 seconds, found 12 clusters.
[2026-01-20 14:19:45,452] INFO spindle_dev.index:  Using epsilon-net clustering for block 17
[2026-01-20 14:19:45,497] INFO spindle_dev.index:  Finished block 17 in 0.04 seconds, found 4 clusters.
[2026-01-20 14:19:45,497] INFO spindle_dev.index:  Using epsilon-net clustering for block 18
[2026-01-20 14:19:45,536] INFO spindle_dev.index:  Finished block 18 in 0.04 seconds, found 6 clusters.
[2026-01-20 14:19:45,537] INFO spindle_dev.index:  Using epsilon-net clustering for block 19
[2026-01-20 14:19:45,591] INFO spindle_dev.index:  Finished block 19 in 0.05 seconds, found 10 clusters.
[2026-01-20 14:19:45,592] INFO spindle_dev.index:  Using epsilon-net clustering for block 20
[2026-01-20 14:19:45,630] INFO spindle_dev.index:  Finished block 20 in 0.04 seconds, found 3 clusters.
[2026-01-20 14:19:45,630] INFO spindle_dev.index:  Using epsilon-net clustering for block 21
[2026-01-20 14:19:45,669] INFO spindle_dev.index:  Finished block 21 in 0.04 seconds, found 2 clusters.
[2026-01-20 14:19:45,669] INFO spindle_dev.index: Step 2: Build DAG connections between block clusters.
[2026-01-20 14:19:45,669] INFO spindle_dev.index: Step 2.1: For each layer order the block-clusters by
[2026-01-20 14:19:45,669] INFO spindle_dev.index: Not implemented: ordering block-clusters ? How to order them?
[2026-01-20 14:19:45,669] INFO spindle_dev.index: We will use triangle inequality to order clusters.
[2026-01-20 14:19:45,669] INFO spindle_dev.index: Step 2.2: Connect block-clusters between layers based on co-occurrence in SPDs.
[2026-01-20 14:19:45,676] INFO spindle_dev.index: Check if node global_node_id matches index in nodes list
[2026-01-20 14:19:45,676] INFO spindle_dev.index: Step 2.3: Ordering block-clusters within each layer using log-Euclidean distances.
[2026-01-20 14:19:45,676] INFO spindle_dev.index: Processing cluster 2
[2026-01-20 14:19:45,676] INFO spindle_dev.index: Building SPD index with epsilon=7.175736774306015
[2026-01-20 14:19:45,676] INFO spindle_dev.index: Step 1: Cluster blocks within each class of SPD matrices.
[2026-01-20 14:19:45,685] INFO spindle_dev.index: Cluster 2: 431 SPDs, 23 blocks
[2026-01-20 14:19:45,686] INFO spindle_dev.index:  Using epsilon-net clustering for block 0
[2026-01-20 14:19:45,716] INFO spindle_dev.index:  Finished block 0 in 0.03 seconds, found 5 clusters.
[2026-01-20 14:19:45,716] INFO spindle_dev.index:  Using epsilon-net clustering for block 1
[2026-01-20 14:19:45,755] INFO spindle_dev.index:  Finished block 1 in 0.04 seconds, found 8 clusters.
[2026-01-20 14:19:45,755] INFO spindle_dev.index:  Using epsilon-net clustering for block 2
[2026-01-20 14:19:45,804] INFO spindle_dev.index:  Finished block 2 in 0.05 seconds, found 11 clusters.
[2026-01-20 14:19:45,804] INFO spindle_dev.index:  Using epsilon-net clustering for block 3
[2026-01-20 14:19:45,847] INFO spindle_dev.index:  Finished block 3 in 0.04 seconds, found 9 clusters.
[2026-01-20 14:19:45,847] INFO spindle_dev.index:  Using epsilon-net clustering for block 4
[2026-01-20 14:19:45,883] INFO spindle_dev.index:  Finished block 4 in 0.04 seconds, found 7 clusters.
[2026-01-20 14:19:45,883] INFO spindle_dev.index:  Using epsilon-net clustering for block 5
[2026-01-20 14:19:45,917] INFO spindle_dev.index:  Finished block 5 in 0.03 seconds, found 6 clusters.
[2026-01-20 14:19:45,917] INFO spindle_dev.index:  Using epsilon-net clustering for block 6
[2026-01-20 14:19:45,943] INFO spindle_dev.index:  Finished block 6 in 0.03 seconds, found 4 clusters.
[2026-01-20 14:19:45,943] INFO spindle_dev.index:  Using epsilon-net clustering for block 7
[2026-01-20 14:19:45,964] INFO spindle_dev.index:  Finished block 7 in 0.02 seconds, found 2 clusters.
[2026-01-20 14:19:45,964] INFO spindle_dev.index:  Using epsilon-net clustering for block 8
[2026-01-20 14:19:45,991] INFO spindle_dev.index:  Finished block 8 in 0.03 seconds, found 4 clusters.
[2026-01-20 14:19:45,991] INFO spindle_dev.index:  Using epsilon-net clustering for block 9
[2026-01-20 14:19:46,016] INFO spindle_dev.index:  Finished block 9 in 0.03 seconds, found 3 clusters.
[2026-01-20 14:19:46,017] INFO spindle_dev.index:  Using epsilon-net clustering for block 10
[2026-01-20 14:19:46,033] INFO spindle_dev.index:  Finished block 10 in 0.02 seconds, found 1 clusters.
[2026-01-20 14:19:46,033] INFO spindle_dev.index:  Using epsilon-net clustering for block 11
[2026-01-20 14:19:46,104] INFO spindle_dev.index:  Finished block 11 in 0.07 seconds, found 6 clusters.
[2026-01-20 14:19:46,104] INFO spindle_dev.index:  Using epsilon-net clustering for block 12
[2026-01-20 14:19:46,133] INFO spindle_dev.index:  Finished block 12 in 0.03 seconds, found 2 clusters.
[2026-01-20 14:19:46,133] INFO spindle_dev.index:  Using epsilon-net clustering for block 13
[2026-01-20 14:19:46,159] INFO spindle_dev.index:  Finished block 13 in 0.03 seconds, found 3 clusters.
[2026-01-20 14:19:46,159] INFO spindle_dev.index:  Using epsilon-net clustering for block 14
[2026-01-20 14:19:46,211] INFO spindle_dev.index:  Finished block 14 in 0.05 seconds, found 4 clusters.
[2026-01-20 14:19:46,211] INFO spindle_dev.index:  Using epsilon-net clustering for block 15
[2026-01-20 14:19:46,245] INFO spindle_dev.index:  Finished block 15 in 0.03 seconds, found 6 clusters.
[2026-01-20 14:19:46,245] INFO spindle_dev.index:  Using epsilon-net clustering for block 16
[2026-01-20 14:19:46,265] INFO spindle_dev.index:  Finished block 16 in 0.02 seconds, found 2 clusters.
[2026-01-20 14:19:46,265] INFO spindle_dev.index:  Using epsilon-net clustering for block 17
[2026-01-20 14:19:46,293] INFO spindle_dev.index:  Finished block 17 in 0.03 seconds, found 2 clusters.
[2026-01-20 14:19:46,293] INFO spindle_dev.index:  Using epsilon-net clustering for block 18
[2026-01-20 14:19:46,311] INFO spindle_dev.index:  Finished block 18 in 0.02 seconds, found 1 clusters.
[2026-01-20 14:19:46,311] INFO spindle_dev.index:  Using epsilon-net clustering for block 19
[2026-01-20 14:19:46,328] INFO spindle_dev.index:  Finished block 19 in 0.02 seconds, found 1 clusters.
[2026-01-20 14:19:46,328] INFO spindle_dev.index:  Using epsilon-net clustering for block 20
[2026-01-20 14:19:46,345] INFO spindle_dev.index:  Finished block 20 in 0.02 seconds, found 1 clusters.
[2026-01-20 14:19:46,345] INFO spindle_dev.index:  Using epsilon-net clustering for block 21
[2026-01-20 14:19:46,378] INFO spindle_dev.index:  Finished block 21 in 0.03 seconds, found 3 clusters.
[2026-01-20 14:19:46,379] INFO spindle_dev.index:  Using epsilon-net clustering for block 22
[2026-01-20 14:19:46,488] INFO spindle_dev.index:  Finished block 22 in 0.11 seconds, found 16 clusters.
[2026-01-20 14:19:46,488] INFO spindle_dev.index: Step 2: Build DAG connections between block clusters.
[2026-01-20 14:19:46,488] INFO spindle_dev.index: Step 2.1: For each layer order the block-clusters by
[2026-01-20 14:19:46,488] INFO spindle_dev.index: Not implemented: ordering block-clusters ? How to order them?
[2026-01-20 14:19:46,488] INFO spindle_dev.index: We will use triangle inequality to order clusters.
[2026-01-20 14:19:46,488] INFO spindle_dev.index: Step 2.2: Connect block-clusters between layers based on co-occurrence in SPDs.
[2026-01-20 14:19:46,494] INFO spindle_dev.index: Check if node global_node_id matches index in nodes list
[2026-01-20 14:19:46,494] INFO spindle_dev.index: Step 2.3: Ordering block-clusters within each layer using log-Euclidean distances.
[2026-01-20 14:19:46,494] INFO spindle_dev.index: Processing cluster 3
[2026-01-20 14:19:46,494] INFO spindle_dev.index: Building SPD index with epsilon=7.306294902147425
[2026-01-20 14:19:46,494] INFO spindle_dev.index: Step 1: Cluster blocks within each class of SPD matrices.
[2026-01-20 14:19:46,500] INFO spindle_dev.index: Cluster 3: 260 SPDs, 24 blocks
[2026-01-20 14:19:46,500] INFO spindle_dev.index:  Using epsilon-net clustering for block 0
[2026-01-20 14:19:46,512] INFO spindle_dev.index:  Finished block 0 in 0.01 seconds, found 2 clusters.
[2026-01-20 14:19:46,512] INFO spindle_dev.index:  Using epsilon-net clustering for block 1
[2026-01-20 14:19:46,526] INFO spindle_dev.index:  Finished block 1 in 0.01 seconds, found 4 clusters.
[2026-01-20 14:19:46,526] INFO spindle_dev.index:  Using epsilon-net clustering for block 2
[2026-01-20 14:19:46,542] INFO spindle_dev.index:  Finished block 2 in 0.02 seconds, found 4 clusters.
[2026-01-20 14:19:46,542] INFO spindle_dev.index:  Using epsilon-net clustering for block 3
[2026-01-20 14:19:46,561] INFO spindle_dev.index:  Finished block 3 in 0.02 seconds, found 6 clusters.
[2026-01-20 14:19:46,561] INFO spindle_dev.index:  Using epsilon-net clustering for block 4
[2026-01-20 14:19:46,580] INFO spindle_dev.index:  Finished block 4 in 0.02 seconds, found 6 clusters.
[2026-01-20 14:19:46,581] INFO spindle_dev.index:  Using epsilon-net clustering for block 5
[2026-01-20 14:19:46,604] INFO spindle_dev.index:  Finished block 5 in 0.02 seconds, found 8 clusters.
[2026-01-20 14:19:46,604] INFO spindle_dev.index:  Using epsilon-net clustering for block 6
[2026-01-20 14:19:46,627] INFO spindle_dev.index:  Finished block 6 in 0.02 seconds, found 7 clusters.
[2026-01-20 14:19:46,627] INFO spindle_dev.index:  Using epsilon-net clustering for block 7
[2026-01-20 14:19:46,651] INFO spindle_dev.index:  Finished block 7 in 0.02 seconds, found 8 clusters.
[2026-01-20 14:19:46,651] INFO spindle_dev.index:  Using epsilon-net clustering for block 8
[2026-01-20 14:19:46,667] INFO spindle_dev.index:  Finished block 8 in 0.02 seconds, found 4 clusters.
[2026-01-20 14:19:46,667] INFO spindle_dev.index:  Using epsilon-net clustering for block 9
[2026-01-20 14:19:46,685] INFO spindle_dev.index:  Finished block 9 in 0.02 seconds, found 5 clusters.
[2026-01-20 14:19:46,685] INFO spindle_dev.index:  Using epsilon-net clustering for block 10
[2026-01-20 14:19:46,706] INFO spindle_dev.index:  Finished block 10 in 0.02 seconds, found 5 clusters.
[2026-01-20 14:19:46,706] INFO spindle_dev.index:  Using epsilon-net clustering for block 11
[2026-01-20 14:19:46,720] INFO spindle_dev.index:  Finished block 11 in 0.01 seconds, found 3 clusters.
[2026-01-20 14:19:46,720] INFO spindle_dev.index:  Using epsilon-net clustering for block 12
[2026-01-20 14:19:46,734] INFO spindle_dev.index:  Finished block 12 in 0.01 seconds, found 3 clusters.
[2026-01-20 14:19:46,734] INFO spindle_dev.index:  Using epsilon-net clustering for block 13
[2026-01-20 14:19:46,758] INFO spindle_dev.index:  Finished block 13 in 0.02 seconds, found 2 clusters.
[2026-01-20 14:19:46,758] INFO spindle_dev.index:  Using epsilon-net clustering for block 14
[2026-01-20 14:19:46,775] INFO spindle_dev.index:  Finished block 14 in 0.02 seconds, found 4 clusters.
[2026-01-20 14:19:46,775] INFO spindle_dev.index:  Using epsilon-net clustering for block 15
[2026-01-20 14:19:46,792] INFO spindle_dev.index:  Finished block 15 in 0.02 seconds, found 3 clusters.
[2026-01-20 14:19:46,792] INFO spindle_dev.index:  Using epsilon-net clustering for block 16
[2026-01-20 14:19:46,804] INFO spindle_dev.index:  Finished block 16 in 0.01 seconds, found 2 clusters.
[2026-01-20 14:19:46,805] INFO spindle_dev.index:  Using epsilon-net clustering for block 17
[2026-01-20 14:19:46,819] INFO spindle_dev.index:  Finished block 17 in 0.01 seconds, found 3 clusters.
[2026-01-20 14:19:46,819] INFO spindle_dev.index:  Using epsilon-net clustering for block 18
[2026-01-20 14:19:46,831] INFO spindle_dev.index:  Finished block 18 in 0.01 seconds, found 2 clusters.
[2026-01-20 14:19:46,831] INFO spindle_dev.index:  Using epsilon-net clustering for block 19
[2026-01-20 14:19:46,842] INFO spindle_dev.index:  Finished block 19 in 0.01 seconds, found 1 clusters.
[2026-01-20 14:19:46,842] INFO spindle_dev.index:  Using epsilon-net clustering for block 20
[2026-01-20 14:19:46,853] INFO spindle_dev.index:  Finished block 20 in 0.01 seconds, found 1 clusters.
[2026-01-20 14:19:46,853] INFO spindle_dev.index:  Using epsilon-net clustering for block 21
[2026-01-20 14:19:46,863] INFO spindle_dev.index:  Finished block 21 in 0.01 seconds, found 1 clusters.
[2026-01-20 14:19:46,863] INFO spindle_dev.index:  Using epsilon-net clustering for block 22
[2026-01-20 14:19:46,874] INFO spindle_dev.index:  Finished block 22 in 0.01 seconds, found 1 clusters.
[2026-01-20 14:19:46,874] INFO spindle_dev.index:  Using epsilon-net clustering for block 23
[2026-01-20 14:19:46,977] INFO spindle_dev.index:  Finished block 23 in 0.10 seconds, found 9 clusters.
[2026-01-20 14:19:46,977] INFO spindle_dev.index: Step 2: Build DAG connections between block clusters.
[2026-01-20 14:19:46,977] INFO spindle_dev.index: Step 2.1: For each layer order the block-clusters by
[2026-01-20 14:19:46,977] INFO spindle_dev.index: Not implemented: ordering block-clusters ? How to order them?
[2026-01-20 14:19:46,977] INFO spindle_dev.index: We will use triangle inequality to order clusters.
[2026-01-20 14:19:46,977] INFO spindle_dev.index: Step 2.2: Connect block-clusters between layers based on co-occurrence in SPDs.
[2026-01-20 14:19:46,980] INFO spindle_dev.index: Check if node global_node_id matches index in nodes list
[2026-01-20 14:19:46,980] INFO spindle_dev.index: Step 2.3: Ordering block-clusters within each layer using log-Euclidean distances.
[2026-01-20 14:19:46,981] INFO spindle_dev.index: Processing cluster 4
[2026-01-20 14:19:46,981] INFO spindle_dev.index: Building SPD index with epsilon=5.58167979008369
[2026-01-20 14:19:46,981] INFO spindle_dev.index: Step 1: Cluster blocks within each class of SPD matrices.
[2026-01-20 14:19:46,984] INFO spindle_dev.index: Cluster 4: 156 SPDs, 19 blocks
[2026-01-20 14:19:46,985] INFO spindle_dev.index:  Using epsilon-net clustering for block 0
[2026-01-20 14:19:46,999] INFO spindle_dev.index:  Finished block 0 in 0.01 seconds, found 8 clusters.
[2026-01-20 14:19:46,999] INFO spindle_dev.index:  Using epsilon-net clustering for block 1
[2026-01-20 14:19:47,019] INFO spindle_dev.index:  Finished block 1 in 0.02 seconds, found 13 clusters.
[2026-01-20 14:19:47,019] INFO spindle_dev.index:  Using epsilon-net clustering for block 2
[2026-01-20 14:19:47,048] INFO spindle_dev.index:  Finished block 2 in 0.03 seconds, found 21 clusters.
[2026-01-20 14:19:47,048] INFO spindle_dev.index:  Using epsilon-net clustering for block 3
[2026-01-20 14:19:47,074] INFO spindle_dev.index:  Finished block 3 in 0.03 seconds, found 18 clusters.
[2026-01-20 14:19:47,074] INFO spindle_dev.index:  Using epsilon-net clustering for block 4
[2026-01-20 14:19:47,103] INFO spindle_dev.index:  Finished block 4 in 0.03 seconds, found 20 clusters.
[2026-01-20 14:19:47,103] INFO spindle_dev.index:  Using epsilon-net clustering for block 5
[2026-01-20 14:19:47,136] INFO spindle_dev.index:  Finished block 5 in 0.03 seconds, found 23 clusters.
[2026-01-20 14:19:47,137] INFO spindle_dev.index:  Using epsilon-net clustering for block 6
[2026-01-20 14:19:47,156] INFO spindle_dev.index:  Finished block 6 in 0.02 seconds, found 10 clusters.
[2026-01-20 14:19:47,156] INFO spindle_dev.index:  Using epsilon-net clustering for block 7
[2026-01-20 14:19:47,169] INFO spindle_dev.index:  Finished block 7 in 0.01 seconds, found 6 clusters.
[2026-01-20 14:19:47,169] INFO spindle_dev.index:  Using epsilon-net clustering for block 8
[2026-01-20 14:19:47,177] INFO spindle_dev.index:  Finished block 8 in 0.01 seconds, found 2 clusters.
[2026-01-20 14:19:47,177] INFO spindle_dev.index:  Using epsilon-net clustering for block 9
[2026-01-20 14:19:47,188] INFO spindle_dev.index:  Finished block 9 in 0.01 seconds, found 1 clusters.
[2026-01-20 14:19:47,188] INFO spindle_dev.index:  Using epsilon-net clustering for block 10
[2026-01-20 14:19:47,202] INFO spindle_dev.index:  Finished block 10 in 0.01 seconds, found 8 clusters.
[2026-01-20 14:19:47,203] INFO spindle_dev.index:  Using epsilon-net clustering for block 11
[2026-01-20 14:19:47,215] INFO spindle_dev.index:  Finished block 11 in 0.01 seconds, found 6 clusters.
[2026-01-20 14:19:47,215] INFO spindle_dev.index:  Using epsilon-net clustering for block 12
[2026-01-20 14:19:47,241] INFO spindle_dev.index:  Finished block 12 in 0.03 seconds, found 6 clusters.
[2026-01-20 14:19:47,241] INFO spindle_dev.index:  Using epsilon-net clustering for block 13
[2026-01-20 14:19:47,275] INFO spindle_dev.index:  Finished block 13 in 0.03 seconds, found 4 clusters.
[2026-01-20 14:19:47,275] INFO spindle_dev.index:  Using epsilon-net clustering for block 14
[2026-01-20 14:19:47,290] INFO spindle_dev.index:  Finished block 14 in 0.01 seconds, found 1 clusters.
[2026-01-20 14:19:47,290] INFO spindle_dev.index:  Using epsilon-net clustering for block 15
[2026-01-20 14:19:47,305] INFO spindle_dev.index:  Finished block 15 in 0.01 seconds, found 3 clusters.
[2026-01-20 14:19:47,305] INFO spindle_dev.index:  Using epsilon-net clustering for block 16
[2026-01-20 14:19:47,316] INFO spindle_dev.index:  Finished block 16 in 0.01 seconds, found 5 clusters.
[2026-01-20 14:19:47,316] INFO spindle_dev.index:  Using epsilon-net clustering for block 17
[2026-01-20 14:19:47,325] INFO spindle_dev.index:  Finished block 17 in 0.01 seconds, found 3 clusters.
[2026-01-20 14:19:47,325] INFO spindle_dev.index:  Using epsilon-net clustering for block 18
[2026-01-20 14:19:47,354] INFO spindle_dev.index:  Finished block 18 in 0.03 seconds, found 3 clusters.
[2026-01-20 14:19:47,354] INFO spindle_dev.index: Step 2: Build DAG connections between block clusters.
[2026-01-20 14:19:47,354] INFO spindle_dev.index: Step 2.1: For each layer order the block-clusters by
[2026-01-20 14:19:47,354] INFO spindle_dev.index: Not implemented: ordering block-clusters ? How to order them?
[2026-01-20 14:19:47,354] INFO spindle_dev.index: We will use triangle inequality to order clusters.
[2026-01-20 14:19:47,354] INFO spindle_dev.index: Step 2.2: Connect block-clusters between layers based on co-occurrence in SPDs.
[2026-01-20 14:19:47,356] INFO spindle_dev.index: Check if node global_node_id matches index in nodes list
[2026-01-20 14:19:47,356] INFO spindle_dev.index: Step 2.3: Ordering block-clusters within each layer using log-Euclidean distances.
[2026-01-20 14:19:47,356] INFO spindle_dev.index: Processing cluster 5
[2026-01-20 14:19:47,356] INFO spindle_dev.index: Building SPD index with epsilon=7.036156630118969
[2026-01-20 14:19:47,356] INFO spindle_dev.index: Step 1: Cluster blocks within each class of SPD matrices.
[2026-01-20 14:19:47,358] INFO spindle_dev.index: Cluster 5: 66 SPDs, 25 blocks
[2026-01-20 14:19:47,358] INFO spindle_dev.index:  Using epsilon-net clustering for block 0
[2026-01-20 14:19:47,361] INFO spindle_dev.index:  Finished block 0 in 0.00 seconds, found 1 clusters.
[2026-01-20 14:19:47,361] INFO spindle_dev.index:  Using epsilon-net clustering for block 1
[2026-01-20 14:19:47,364] INFO spindle_dev.index:  Finished block 1 in 0.00 seconds, found 2 clusters.
[2026-01-20 14:19:47,364] INFO spindle_dev.index:  Using epsilon-net clustering for block 2
[2026-01-20 14:19:47,367] INFO spindle_dev.index:  Finished block 2 in 0.00 seconds, found 2 clusters.
[2026-01-20 14:19:47,367] INFO spindle_dev.index:  Using epsilon-net clustering for block 3
[2026-01-20 14:19:47,370] INFO spindle_dev.index:  Finished block 3 in 0.00 seconds, found 3 clusters.
[2026-01-20 14:19:47,370] INFO spindle_dev.index:  Using epsilon-net clustering for block 4
[2026-01-20 14:19:47,374] INFO spindle_dev.index:  Finished block 4 in 0.00 seconds, found 4 clusters.
[2026-01-20 14:19:47,374] INFO spindle_dev.index:  Using epsilon-net clustering for block 5
[2026-01-20 14:19:47,377] INFO spindle_dev.index:  Finished block 5 in 0.00 seconds, found 3 clusters.
[2026-01-20 14:19:47,377] INFO spindle_dev.index:  Using epsilon-net clustering for block 6
[2026-01-20 14:19:47,381] INFO spindle_dev.index:  Finished block 6 in 0.00 seconds, found 4 clusters.
[2026-01-20 14:19:47,381] INFO spindle_dev.index:  Using epsilon-net clustering for block 7
[2026-01-20 14:19:47,385] INFO spindle_dev.index:  Finished block 7 in 0.00 seconds, found 5 clusters.
[2026-01-20 14:19:47,385] INFO spindle_dev.index:  Using epsilon-net clustering for block 8
[2026-01-20 14:19:47,389] INFO spindle_dev.index:  Finished block 8 in 0.00 seconds, found 3 clusters.
[2026-01-20 14:19:47,389] INFO spindle_dev.index:  Using epsilon-net clustering for block 9
[2026-01-20 14:19:47,393] INFO spindle_dev.index:  Finished block 9 in 0.00 seconds, found 5 clusters.
[2026-01-20 14:19:47,393] INFO spindle_dev.index:  Using epsilon-net clustering for block 10
[2026-01-20 14:19:47,397] INFO spindle_dev.index:  Finished block 10 in 0.00 seconds, found 4 clusters.
[2026-01-20 14:19:47,397] INFO spindle_dev.index:  Using epsilon-net clustering for block 11
[2026-01-20 14:19:47,401] INFO spindle_dev.index:  Finished block 11 in 0.00 seconds, found 5 clusters.
[2026-01-20 14:19:47,401] INFO spindle_dev.index:  Using epsilon-net clustering for block 12
[2026-01-20 14:19:47,406] INFO spindle_dev.index:  Finished block 12 in 0.00 seconds, found 5 clusters.
[2026-01-20 14:19:47,406] INFO spindle_dev.index:  Using epsilon-net clustering for block 13
[2026-01-20 14:19:47,411] INFO spindle_dev.index:  Finished block 13 in 0.00 seconds, found 5 clusters.
[2026-01-20 14:19:47,411] INFO spindle_dev.index:  Using epsilon-net clustering for block 14
[2026-01-20 14:19:47,415] INFO spindle_dev.index:  Finished block 14 in 0.00 seconds, found 6 clusters.
[2026-01-20 14:19:47,416] INFO spindle_dev.index:  Using epsilon-net clustering for block 15
[2026-01-20 14:19:47,419] INFO spindle_dev.index:  Finished block 15 in 0.00 seconds, found 4 clusters.
[2026-01-20 14:19:47,419] INFO spindle_dev.index:  Using epsilon-net clustering for block 16
[2026-01-20 14:19:47,424] INFO spindle_dev.index:  Finished block 16 in 0.00 seconds, found 5 clusters.
[2026-01-20 14:19:47,460] INFO spindle_dev.index:  Using epsilon-net clustering for block 17
[2026-01-20 14:19:47,465] INFO spindle_dev.index:  Finished block 17 in 0.00 seconds, found 5 clusters.
[2026-01-20 14:19:47,465] INFO spindle_dev.index:  Using epsilon-net clustering for block 18
[2026-01-20 14:19:47,469] INFO spindle_dev.index:  Finished block 18 in 0.00 seconds, found 4 clusters.
[2026-01-20 14:19:47,469] INFO spindle_dev.index:  Using epsilon-net clustering for block 19
[2026-01-20 14:19:47,473] INFO spindle_dev.index:  Finished block 19 in 0.00 seconds, found 3 clusters.
[2026-01-20 14:19:47,473] INFO spindle_dev.index:  Using epsilon-net clustering for block 20
[2026-01-20 14:19:47,477] INFO spindle_dev.index:  Finished block 20 in 0.00 seconds, found 3 clusters.
[2026-01-20 14:19:47,477] INFO spindle_dev.index:  Using epsilon-net clustering for block 21
[2026-01-20 14:19:47,480] INFO spindle_dev.index:  Finished block 21 in 0.00 seconds, found 3 clusters.
[2026-01-20 14:19:47,480] INFO spindle_dev.index:  Using epsilon-net clustering for block 22
[2026-01-20 14:19:47,484] INFO spindle_dev.index:  Finished block 22 in 0.00 seconds, found 3 clusters.
[2026-01-20 14:19:47,484] INFO spindle_dev.index:  Using epsilon-net clustering for block 23
[2026-01-20 14:19:47,489] INFO spindle_dev.index:  Finished block 23 in 0.00 seconds, found 5 clusters.
[2026-01-20 14:19:47,489] INFO spindle_dev.index:  Using epsilon-net clustering for block 24
[2026-01-20 14:19:47,503] INFO spindle_dev.index:  Finished block 24 in 0.01 seconds, found 3 clusters.
[2026-01-20 14:19:47,503] INFO spindle_dev.index: Step 2: Build DAG connections between block clusters.
[2026-01-20 14:19:47,503] INFO spindle_dev.index: Step 2.1: For each layer order the block-clusters by
[2026-01-20 14:19:47,503] INFO spindle_dev.index: Not implemented: ordering block-clusters ? How to order them?
[2026-01-20 14:19:47,503] INFO spindle_dev.index: We will use triangle inequality to order clusters.
[2026-01-20 14:19:47,504] INFO spindle_dev.index: Step 2.2: Connect block-clusters between layers based on co-occurrence in SPDs.
[2026-01-20 14:19:47,505] INFO spindle_dev.index: Check if node global_node_id matches index in nodes list
[2026-01-20 14:19:47,505] INFO spindle_dev.index: Step 2.3: Ordering block-clusters within each layer using log-Euclidean distances.
[2026-01-20 14:19:47,949] INFO spindle_dev.test: Built ground-truth paths for 760 SPDs in cluster 0 across 22 blocks.
[2026-01-20 14:19:48,160] INFO spindle_dev.test: Built ground-truth paths for 515 SPDs in cluster 1 across 22 blocks.
[2026-01-20 14:19:48,315] INFO spindle_dev.test: Built ground-truth paths for 431 SPDs in cluster 2 across 23 blocks.
[2026-01-20 14:19:48,377] INFO spindle_dev.test: Built ground-truth paths for 260 SPDs in cluster 3 across 24 blocks.
[2026-01-20 14:19:48,397] INFO spindle_dev.test: Built ground-truth paths for 156 SPDs in cluster 4 across 19 blocks.
[2026-01-20 14:19:48,403] INFO spindle_dev.test: Built ground-truth paths for 66 SPDs in cluster 5 across 25 blocks.
Found 8 h5ad files

Processing: /data/sarkar_lab/insitupy_demo_data_xenium/xenium_human_skin_melanoma.h5ad
Experiment: xenium_human_skin_melanoma
Done with search - took 31.14s

Processing: /data/sarkar_lab/insitupy_demo_data_xenium/xenium_human_brain_cancer.h5ad
Experiment: xenium_human_brain_cancer
Done with search - took 314.58s

Processing: /data/sarkar_lab/insitupy_demo_data_xenium/xenium_human_kidney_nondiseased.h5ad
Experiment: xenium_human_kidney_nondiseased
Done with search - took 17.97s

Processing: /data/sarkar_lab/insitupy_demo_data_xenium/xenium_human_lung_cancer.h5ad
Experiment: xenium_human_lung_cancer
Done with search - took 36.10s

Processing: /data/sarkar_lab/insitupy_demo_data_xenium/xenium_human_lymph_node.h5ad
Experiment: xenium_human_lymph_node
Done with search - took 53.89s

Processing: /data/sarkar_lab/insitupy_demo_data_xenium/xenium_human_pancreatic_cancer.h5ad
Experiment: xenium_human_pancreatic_cancer
Done with search - took 60.99s

Processing: /data/sarkar_lab/insitupy_demo_data_xenium/xenium_human_breast_cancer.h5ad
Experiment: xenium_human_breast_cancer
Done with search - took 33.58s

============================================================
Saved results to /data/sarkar_lab/Projects/spindle_dev/results/search_results/cross_cluster_search_performance.csv
Total rows: 1400
============================================================

First few rows:
   True Cluster  Predicted Cluster             experiment_name
0             2                  2  xenium_human_skin_melanoma
1             2                  2  xenium_human_skin_melanoma
2             5                  5  xenium_human_skin_melanoma
3             0                  0  xenium_human_skin_melanoma
4             3                  3  xenium_human_skin_melanoma

Job completed at: Tue Jan 20 02:19:58 PM CST 2026
