Job started at: Tue Jan 20 01:21:18 PM CST 2026
Running on node: cn1607.hw.accre.vu
Job ID: 8530476
Working directory: /data/sarkar_lab/Projects/spindle_dev/ISMB_notebook

[2026-01-20 13:21:31,763] INFO spindle_dev.index: Clustering SPD-s using 'tree' distance.
[2026-01-20 13:21:31,779] INFO spindle_dev.index: Building ultrametric features from SPD matrices.
[2026-01-20 13:23:25,582] INFO spindle_dev.index: Computing latent features from the tree representations.
[2026-01-20 13:23:26,395] INFO spindle_dev.index: Reducing latent features to 30 dimensions using PCA.
[2026-01-20 13:23:38,755] INFO spindle_dev.index: Explained variance ratios by PCA components: [0.0594365  0.04257701 0.02694363 0.02286748 0.01322526 0.00847291
 0.00765662 0.00680464 0.00621679 0.00598492 0.0054304  0.00475169
 0.00459882 0.00427495 0.00419172 0.00405914 0.00396039 0.00382956
 0.00374104 0.00359517 0.00349659 0.00337946 0.00327844 0.00323106
 0.00320595 0.00311978 0.00309778 0.00301003 0.00297968 0.00291783]
[2026-01-20 13:23:38,757] INFO spindle_dev.index: Reducing latent features to 2 dimensions using UMAP.
/panfs/accrepfs.vampire/home/sarkah1/miniforge3/envs/spatial/lib/python3.10/site-packages/umap/umap_.py:1952: UserWarning: n_jobs value 1 overridden to 1 by setting random_state. Use no seed for parallelism.
  warn(
[2026-01-20 13:23:46,769] INFO spindle_dev.index: Clustering SPD-s using 'tree' distance.
[2026-01-20 13:23:46,769] INFO spindle_dev.index: Clustering SPD matrices using Leiden clustering with resolution 0.50.
[2026-01-20 13:23:46,827] INFO spindle_dev.index: Since clustering method is tree, I am going to find global order per cluster
[2026-01-20 13:23:46,827] INFO spindle_dev.index: Finding consensus tree for cluster 0
[2026-01-20 13:23:46,960] INFO spindle_dev.index: Finding consensus tree for cluster 1
[2026-01-20 13:23:47,082] INFO spindle_dev.index: Finding consensus tree for cluster 2
[2026-01-20 13:23:47,195] INFO spindle_dev.index: Finding consensus tree for cluster 3
[2026-01-20 13:23:47,267] INFO spindle_dev.index: Finding consensus tree for cluster 4
[2026-01-20 13:23:47,332] INFO spindle_dev.index: Finding consensus tree for cluster 5
[2026-01-20 13:23:47,740] INFO spindle_dev.index: Computing mean correlation matrix for cluster 0
[2026-01-20 13:24:16,897] INFO spindle_dev.index: Computing mean correlation matrix for cluster 1
[2026-01-20 13:24:45,149] INFO spindle_dev.index: Computing mean correlation matrix for cluster 2
[2026-01-20 13:24:54,825] INFO spindle_dev.index: Computing mean correlation matrix for cluster 3
[2026-01-20 13:25:07,764] INFO spindle_dev.index: Computing mean correlation matrix for cluster 4
[2026-01-20 13:25:17,917] INFO spindle_dev.index: Computing mean correlation matrix for cluster 5
[2026-01-20 13:25:31,049] INFO spindle_dev.index: Finding adaptive block runs for cluster 0
[2026-01-20 13:25:31,704] INFO spindle_dev.index:  Chose t=0.8403484674528324 resulting in 250 blocks instead of 135 blocks would have gotten by default
[2026-01-20 13:25:31,780] INFO spindle_dev.index:  Final block runs for cluster 0: 28 blocks.
[2026-01-20 13:25:31,780] INFO spindle_dev.index: Finding adaptive block runs for cluster 1
[2026-01-20 13:25:32,423] INFO spindle_dev.index:  Chose t=0.84045364173602 resulting in 249 blocks instead of 110 blocks would have gotten by default
[2026-01-20 13:25:32,498] INFO spindle_dev.index:  Final block runs for cluster 1: 30 blocks.
[2026-01-20 13:25:32,498] INFO spindle_dev.index: Finding adaptive block runs for cluster 2
[2026-01-20 13:25:33,141] INFO spindle_dev.index:  Chose t=0.882815137034527 resulting in 209 blocks instead of 110 blocks would have gotten by default
[2026-01-20 13:25:33,198] INFO spindle_dev.index:  Final block runs for cluster 2: 26 blocks.
[2026-01-20 13:25:33,198] INFO spindle_dev.index: Finding adaptive block runs for cluster 3
[2026-01-20 13:25:33,841] INFO spindle_dev.index:  Chose t=0.8928216387309484 resulting in 213 blocks instead of 142 blocks would have gotten by default
[2026-01-20 13:25:33,898] INFO spindle_dev.index:  Final block runs for cluster 3: 26 blocks.
[2026-01-20 13:25:33,898] INFO spindle_dev.index: Finding adaptive block runs for cluster 4
[2026-01-20 13:25:34,533] INFO spindle_dev.index:  Chose t=0.8501217149922651 resulting in 196 blocks instead of 76 blocks would have gotten by default
[2026-01-20 13:25:34,581] INFO spindle_dev.index:  Final block runs for cluster 4: 24 blocks.
[2026-01-20 13:25:34,581] INFO spindle_dev.index: Finding adaptive block runs for cluster 5
[2026-01-20 13:25:35,212] INFO spindle_dev.index:  Chose t=0.869744973970191 resulting in 218 blocks instead of 98 blocks would have gotten by default
[2026-01-20 13:25:35,269] INFO spindle_dev.index:  Final block runs for cluster 5: 28 blocks.
[2026-01-20 13:25:39,637] INFO spindle_dev.index: Processing cluster 0
[2026-01-20 13:25:39,638] INFO spindle_dev.index: Building SPD index with epsilon=5.552291169329959
[2026-01-20 13:25:39,642] INFO spindle_dev.index: Step 1: Cluster blocks within each class of SPD matrices.
[2026-01-20 13:25:39,674] INFO spindle_dev.index: Cluster 0: 229 SPDs, 28 blocks
[2026-01-20 13:25:39,674] INFO spindle_dev.index:  Using epsilon-net clustering for block 0
[2026-01-20 13:25:39,710] INFO spindle_dev.index:  Finished block 0 in 0.04 seconds, found 9 clusters.
[2026-01-20 13:25:39,710] INFO spindle_dev.index:  Using epsilon-net clustering for block 1
[2026-01-20 13:25:39,760] INFO spindle_dev.index:  Finished block 1 in 0.05 seconds, found 15 clusters.
[2026-01-20 13:25:39,760] INFO spindle_dev.index:  Using epsilon-net clustering for block 2
[2026-01-20 13:25:39,816] INFO spindle_dev.index:  Finished block 2 in 0.06 seconds, found 17 clusters.
[2026-01-20 13:25:39,816] INFO spindle_dev.index:  Using epsilon-net clustering for block 3
[2026-01-20 13:25:39,867] INFO spindle_dev.index:  Finished block 3 in 0.05 seconds, found 15 clusters.
[2026-01-20 13:25:39,867] INFO spindle_dev.index:  Using epsilon-net clustering for block 4
[2026-01-20 13:25:39,912] INFO spindle_dev.index:  Finished block 4 in 0.05 seconds, found 13 clusters.
[2026-01-20 13:25:39,913] INFO spindle_dev.index:  Using epsilon-net clustering for block 5
[2026-01-20 13:25:39,960] INFO spindle_dev.index:  Finished block 5 in 0.05 seconds, found 14 clusters.
[2026-01-20 13:25:39,960] INFO spindle_dev.index:  Using epsilon-net clustering for block 6
[2026-01-20 13:25:40,008] INFO spindle_dev.index:  Finished block 6 in 0.05 seconds, found 14 clusters.
[2026-01-20 13:25:40,008] INFO spindle_dev.index:  Using epsilon-net clustering for block 7
[2026-01-20 13:25:40,066] INFO spindle_dev.index:  Finished block 7 in 0.06 seconds, found 18 clusters.
[2026-01-20 13:25:40,067] INFO spindle_dev.index:  Using epsilon-net clustering for block 8
[2026-01-20 13:25:40,106] INFO spindle_dev.index:  Finished block 8 in 0.04 seconds, found 11 clusters.
[2026-01-20 13:25:40,106] INFO spindle_dev.index:  Using epsilon-net clustering for block 9
[2026-01-20 13:25:40,166] INFO spindle_dev.index:  Finished block 9 in 0.06 seconds, found 19 clusters.
[2026-01-20 13:25:40,166] INFO spindle_dev.index:  Using epsilon-net clustering for block 10
[2026-01-20 13:25:40,213] INFO spindle_dev.index:  Finished block 10 in 0.05 seconds, found 13 clusters.
[2026-01-20 13:25:40,213] INFO spindle_dev.index:  Using epsilon-net clustering for block 11
[2026-01-20 13:25:40,240] INFO spindle_dev.index:  Finished block 11 in 0.03 seconds, found 6 clusters.
[2026-01-20 13:25:40,240] INFO spindle_dev.index:  Using epsilon-net clustering for block 12
[2026-01-20 13:25:40,275] INFO spindle_dev.index:  Finished block 12 in 0.03 seconds, found 9 clusters.
[2026-01-20 13:25:40,275] INFO spindle_dev.index:  Using epsilon-net clustering for block 13
[2026-01-20 13:25:40,304] INFO spindle_dev.index:  Finished block 13 in 0.03 seconds, found 7 clusters.
[2026-01-20 13:25:40,304] INFO spindle_dev.index:  Using epsilon-net clustering for block 14
[2026-01-20 13:25:40,323] INFO spindle_dev.index:  Finished block 14 in 0.02 seconds, found 3 clusters.
[2026-01-20 13:25:40,323] INFO spindle_dev.index:  Using epsilon-net clustering for block 15
[2026-01-20 13:25:40,348] INFO spindle_dev.index:  Finished block 15 in 0.02 seconds, found 2 clusters.
[2026-01-20 13:25:40,348] INFO spindle_dev.index:  Using epsilon-net clustering for block 16
[2026-01-20 13:25:40,373] INFO spindle_dev.index:  Finished block 16 in 0.02 seconds, found 4 clusters.
[2026-01-20 13:25:40,373] INFO spindle_dev.index:  Using epsilon-net clustering for block 17
[2026-01-20 13:25:40,424] INFO spindle_dev.index:  Finished block 17 in 0.05 seconds, found 6 clusters.
[2026-01-20 13:25:40,424] INFO spindle_dev.index:  Using epsilon-net clustering for block 18
[2026-01-20 13:25:40,458] INFO spindle_dev.index:  Finished block 18 in 0.03 seconds, found 5 clusters.
[2026-01-20 13:25:40,458] INFO spindle_dev.index:  Using epsilon-net clustering for block 19
[2026-01-20 13:25:40,493] INFO spindle_dev.index:  Finished block 19 in 0.04 seconds, found 9 clusters.
[2026-01-20 13:25:40,493] INFO spindle_dev.index:  Using epsilon-net clustering for block 20
[2026-01-20 13:25:40,517] INFO spindle_dev.index:  Finished block 20 in 0.02 seconds, found 5 clusters.
[2026-01-20 13:25:40,517] INFO spindle_dev.index:  Using epsilon-net clustering for block 21
[2026-01-20 13:25:40,544] INFO spindle_dev.index:  Finished block 21 in 0.03 seconds, found 5 clusters.
[2026-01-20 13:25:40,544] INFO spindle_dev.index:  Using epsilon-net clustering for block 22
[2026-01-20 13:25:40,568] INFO spindle_dev.index:  Finished block 22 in 0.02 seconds, found 5 clusters.
[2026-01-20 13:25:40,568] INFO spindle_dev.index:  Using epsilon-net clustering for block 23
[2026-01-20 13:25:40,589] INFO spindle_dev.index:  Finished block 23 in 0.02 seconds, found 2 clusters.
[2026-01-20 13:25:40,589] INFO spindle_dev.index:  Using epsilon-net clustering for block 24
[2026-01-20 13:25:40,603] INFO spindle_dev.index:  Finished block 24 in 0.01 seconds, found 1 clusters.
[2026-01-20 13:25:40,603] INFO spindle_dev.index:  Using epsilon-net clustering for block 25
[2026-01-20 13:25:40,617] INFO spindle_dev.index:  Finished block 25 in 0.01 seconds, found 1 clusters.
[2026-01-20 13:25:40,617] INFO spindle_dev.index:  Using epsilon-net clustering for block 26
[2026-01-20 13:25:40,633] INFO spindle_dev.index:  Finished block 26 in 0.02 seconds, found 1 clusters.
[2026-01-20 13:25:40,633] INFO spindle_dev.index:  Using epsilon-net clustering for block 27
[2026-01-20 13:25:40,719] INFO spindle_dev.index:  Finished block 27 in 0.09 seconds, found 2 clusters.
[2026-01-20 13:25:40,720] INFO spindle_dev.index: Step 2: Build DAG connections between block clusters.
[2026-01-20 13:25:40,720] INFO spindle_dev.index: Step 2.1: For each layer order the block-clusters by
[2026-01-20 13:25:40,720] INFO spindle_dev.index: Not implemented: ordering block-clusters ? How to order them?
[2026-01-20 13:25:40,720] INFO spindle_dev.index: We will use triangle inequality to order clusters.
[2026-01-20 13:25:40,720] INFO spindle_dev.index: Step 2.2: Connect block-clusters between layers based on co-occurrence in SPDs.
[2026-01-20 13:25:40,725] INFO spindle_dev.index: Check if node global_node_id matches index in nodes list
[2026-01-20 13:25:40,726] INFO spindle_dev.index: Step 2.3: Ordering block-clusters within each layer using log-Euclidean distances.
[2026-01-20 13:25:40,726] INFO spindle_dev.index: Processing cluster 1
[2026-01-20 13:25:40,726] INFO spindle_dev.index: Building SPD index with epsilon=6.528217930503226
[2026-01-20 13:25:40,726] INFO spindle_dev.index: Step 1: Cluster blocks within each class of SPD matrices.
[2026-01-20 13:25:40,746] INFO spindle_dev.index: Cluster 1: 212 SPDs, 30 blocks
[2026-01-20 13:25:40,747] INFO spindle_dev.index:  Using epsilon-net clustering for block 0
[2026-01-20 13:25:40,761] INFO spindle_dev.index:  Finished block 0 in 0.01 seconds, found 2 clusters.
[2026-01-20 13:25:40,761] INFO spindle_dev.index:  Using epsilon-net clustering for block 1
[2026-01-20 13:25:40,777] INFO spindle_dev.index:  Finished block 1 in 0.02 seconds, found 3 clusters.
[2026-01-20 13:25:40,777] INFO spindle_dev.index:  Using epsilon-net clustering for block 2
[2026-01-20 13:25:40,803] INFO spindle_dev.index:  Finished block 2 in 0.03 seconds, found 7 clusters.
[2026-01-20 13:25:40,803] INFO spindle_dev.index:  Using epsilon-net clustering for block 3
[2026-01-20 13:25:40,833] INFO spindle_dev.index:  Finished block 3 in 0.03 seconds, found 9 clusters.
[2026-01-20 13:25:40,833] INFO spindle_dev.index:  Using epsilon-net clustering for block 4
[2026-01-20 13:25:40,865] INFO spindle_dev.index:  Finished block 4 in 0.03 seconds, found 10 clusters.
[2026-01-20 13:25:40,865] INFO spindle_dev.index:  Using epsilon-net clustering for block 5
[2026-01-20 13:25:40,896] INFO spindle_dev.index:  Finished block 5 in 0.03 seconds, found 9 clusters.
[2026-01-20 13:25:40,896] INFO spindle_dev.index:  Using epsilon-net clustering for block 6
[2026-01-20 13:25:40,924] INFO spindle_dev.index:  Finished block 6 in 0.03 seconds, found 8 clusters.
[2026-01-20 13:25:40,924] INFO spindle_dev.index:  Using epsilon-net clustering for block 7
[2026-01-20 13:25:40,963] INFO spindle_dev.index:  Finished block 7 in 0.04 seconds, found 12 clusters.
[2026-01-20 13:25:40,963] INFO spindle_dev.index:  Using epsilon-net clustering for block 8
[2026-01-20 13:25:40,999] INFO spindle_dev.index:  Finished block 8 in 0.04 seconds, found 11 clusters.
[2026-01-20 13:25:41,000] INFO spindle_dev.index:  Using epsilon-net clustering for block 9
[2026-01-20 13:25:41,033] INFO spindle_dev.index:  Finished block 9 in 0.03 seconds, found 10 clusters.
[2026-01-20 13:25:41,033] INFO spindle_dev.index:  Using epsilon-net clustering for block 10
[2026-01-20 13:25:41,068] INFO spindle_dev.index:  Finished block 10 in 0.03 seconds, found 10 clusters.
[2026-01-20 13:25:41,068] INFO spindle_dev.index:  Using epsilon-net clustering for block 11
[2026-01-20 13:25:41,099] INFO spindle_dev.index:  Finished block 11 in 0.03 seconds, found 8 clusters.
[2026-01-20 13:25:41,099] INFO spindle_dev.index:  Using epsilon-net clustering for block 12
[2026-01-20 13:25:41,128] INFO spindle_dev.index:  Finished block 12 in 0.03 seconds, found 7 clusters.
[2026-01-20 13:25:41,128] INFO spindle_dev.index:  Using epsilon-net clustering for block 13
[2026-01-20 13:25:41,157] INFO spindle_dev.index:  Finished block 13 in 0.03 seconds, found 6 clusters.
[2026-01-20 13:25:41,158] INFO spindle_dev.index:  Using epsilon-net clustering for block 14
[2026-01-20 13:25:41,176] INFO spindle_dev.index:  Finished block 14 in 0.02 seconds, found 3 clusters.
[2026-01-20 13:25:41,177] INFO spindle_dev.index:  Using epsilon-net clustering for block 15
[2026-01-20 13:25:41,195] INFO spindle_dev.index:  Finished block 15 in 0.02 seconds, found 1 clusters.
[2026-01-20 13:25:41,195] INFO spindle_dev.index:  Using epsilon-net clustering for block 16
[2026-01-20 13:25:41,209] INFO spindle_dev.index:  Finished block 16 in 0.01 seconds, found 1 clusters.
[2026-01-20 13:25:41,209] INFO spindle_dev.index:  Using epsilon-net clustering for block 17
[2026-01-20 13:25:41,225] INFO spindle_dev.index:  Finished block 17 in 0.02 seconds, found 2 clusters.
[2026-01-20 13:25:41,225] INFO spindle_dev.index:  Using epsilon-net clustering for block 18
[2026-01-20 13:25:41,246] INFO spindle_dev.index:  Finished block 18 in 0.02 seconds, found 4 clusters.
[2026-01-20 13:25:41,246] INFO spindle_dev.index:  Using epsilon-net clustering for block 19
[2026-01-20 13:25:41,266] INFO spindle_dev.index:  Finished block 19 in 0.02 seconds, found 3 clusters.
[2026-01-20 13:25:41,266] INFO spindle_dev.index:  Using epsilon-net clustering for block 20
[2026-01-20 13:25:41,283] INFO spindle_dev.index:  Finished block 20 in 0.02 seconds, found 2 clusters.
[2026-01-20 13:25:41,283] INFO spindle_dev.index:  Using epsilon-net clustering for block 21
[2026-01-20 13:25:41,306] INFO spindle_dev.index:  Finished block 21 in 0.02 seconds, found 1 clusters.
[2026-01-20 13:25:41,307] INFO spindle_dev.index:  Using epsilon-net clustering for block 22
[2026-01-20 13:25:41,325] INFO spindle_dev.index:  Finished block 22 in 0.02 seconds, found 2 clusters.
[2026-01-20 13:25:41,325] INFO spindle_dev.index:  Using epsilon-net clustering for block 23
[2026-01-20 13:25:41,342] INFO spindle_dev.index:  Finished block 23 in 0.02 seconds, found 2 clusters.
[2026-01-20 13:25:41,342] INFO spindle_dev.index:  Using epsilon-net clustering for block 24
[2026-01-20 13:25:41,359] INFO spindle_dev.index:  Finished block 24 in 0.02 seconds, found 2 clusters.
[2026-01-20 13:25:41,359] INFO spindle_dev.index:  Using epsilon-net clustering for block 25
[2026-01-20 13:25:41,373] INFO spindle_dev.index:  Finished block 25 in 0.01 seconds, found 1 clusters.
[2026-01-20 13:25:41,374] INFO spindle_dev.index:  Using epsilon-net clustering for block 26
[2026-01-20 13:25:41,392] INFO spindle_dev.index:  Finished block 26 in 0.02 seconds, found 3 clusters.
[2026-01-20 13:25:41,392] INFO spindle_dev.index:  Using epsilon-net clustering for block 27
[2026-01-20 13:25:41,488] INFO spindle_dev.index:  Finished block 27 in 0.10 seconds, found 7 clusters.
[2026-01-20 13:25:41,488] INFO spindle_dev.index:  Using epsilon-net clustering for block 28
[2026-01-20 13:25:41,517] INFO spindle_dev.index:  Finished block 28 in 0.03 seconds, found 6 clusters.
[2026-01-20 13:25:41,517] INFO spindle_dev.index:  Using epsilon-net clustering for block 29
[2026-01-20 13:25:41,544] INFO spindle_dev.index:  Finished block 29 in 0.03 seconds, found 3 clusters.
[2026-01-20 13:25:41,545] INFO spindle_dev.index: Step 2: Build DAG connections between block clusters.
[2026-01-20 13:25:41,545] INFO spindle_dev.index: Step 2.1: For each layer order the block-clusters by
[2026-01-20 13:25:41,545] INFO spindle_dev.index: Not implemented: ordering block-clusters ? How to order them?
[2026-01-20 13:25:41,545] INFO spindle_dev.index: We will use triangle inequality to order clusters.
[2026-01-20 13:25:41,545] INFO spindle_dev.index: Step 2.2: Connect block-clusters between layers based on co-occurrence in SPDs.
[2026-01-20 13:25:41,550] INFO spindle_dev.index: Check if node global_node_id matches index in nodes list
[2026-01-20 13:25:41,550] INFO spindle_dev.index: Step 2.3: Ordering block-clusters within each layer using log-Euclidean distances.
[2026-01-20 13:25:41,550] INFO spindle_dev.index: Processing cluster 2
[2026-01-20 13:25:41,550] INFO spindle_dev.index: Building SPD index with epsilon=6.086265270524512
[2026-01-20 13:25:41,550] INFO spindle_dev.index: Step 1: Cluster blocks within each class of SPD matrices.
[2026-01-20 13:25:41,572] INFO spindle_dev.index: Cluster 2: 177 SPDs, 26 blocks
[2026-01-20 13:25:41,572] INFO spindle_dev.index:  Using epsilon-net clustering for block 0
[2026-01-20 13:25:41,588] INFO spindle_dev.index:  Finished block 0 in 0.02 seconds, found 4 clusters.
[2026-01-20 13:25:41,588] INFO spindle_dev.index:  Using epsilon-net clustering for block 1
[2026-01-20 13:25:41,607] INFO spindle_dev.index:  Finished block 1 in 0.02 seconds, found 5 clusters.
[2026-01-20 13:25:41,607] INFO spindle_dev.index:  Using epsilon-net clustering for block 2
[2026-01-20 13:25:41,637] INFO spindle_dev.index:  Finished block 2 in 0.03 seconds, found 11 clusters.
[2026-01-20 13:25:41,637] INFO spindle_dev.index:  Using epsilon-net clustering for block 3
[2026-01-20 13:25:41,671] INFO spindle_dev.index:  Finished block 3 in 0.03 seconds, found 12 clusters.
[2026-01-20 13:25:41,671] INFO spindle_dev.index:  Using epsilon-net clustering for block 4
[2026-01-20 13:25:41,707] INFO spindle_dev.index:  Finished block 4 in 0.04 seconds, found 14 clusters.
[2026-01-20 13:25:41,708] INFO spindle_dev.index:  Using epsilon-net clustering for block 5
[2026-01-20 13:25:41,752] INFO spindle_dev.index:  Finished block 5 in 0.04 seconds, found 18 clusters.
[2026-01-20 13:25:41,752] INFO spindle_dev.index:  Using epsilon-net clustering for block 6
[2026-01-20 13:25:41,794] INFO spindle_dev.index:  Finished block 6 in 0.04 seconds, found 17 clusters.
[2026-01-20 13:25:41,794] INFO spindle_dev.index:  Using epsilon-net clustering for block 7
[2026-01-20 13:25:41,831] INFO spindle_dev.index:  Finished block 7 in 0.04 seconds, found 15 clusters.
[2026-01-20 13:25:41,831] INFO spindle_dev.index:  Using epsilon-net clustering for block 8
[2026-01-20 13:25:41,862] INFO spindle_dev.index:  Finished block 8 in 0.03 seconds, found 12 clusters.
[2026-01-20 13:25:41,862] INFO spindle_dev.index:  Using epsilon-net clustering for block 9
[2026-01-20 13:25:41,898] INFO spindle_dev.index:  Finished block 9 in 0.04 seconds, found 14 clusters.
[2026-01-20 13:25:41,898] INFO spindle_dev.index:  Using epsilon-net clustering for block 10
[2026-01-20 13:25:41,936] INFO spindle_dev.index:  Finished block 10 in 0.04 seconds, found 15 clusters.
[2026-01-20 13:25:41,936] INFO spindle_dev.index:  Using epsilon-net clustering for block 11
[2026-01-20 13:25:41,964] INFO spindle_dev.index:  Finished block 11 in 0.03 seconds, found 10 clusters.
[2026-01-20 13:25:41,964] INFO spindle_dev.index:  Using epsilon-net clustering for block 12
[2026-01-20 13:25:41,990] INFO spindle_dev.index:  Finished block 12 in 0.03 seconds, found 9 clusters.
[2026-01-20 13:25:41,990] INFO spindle_dev.index:  Using epsilon-net clustering for block 13
[2026-01-20 13:25:42,004] INFO spindle_dev.index:  Finished block 13 in 0.01 seconds, found 3 clusters.
[2026-01-20 13:25:42,004] INFO spindle_dev.index:  Using epsilon-net clustering for block 14
[2026-01-20 13:25:42,023] INFO spindle_dev.index:  Finished block 14 in 0.02 seconds, found 3 clusters.
[2026-01-20 13:25:42,023] INFO spindle_dev.index:  Using epsilon-net clustering for block 15
[2026-01-20 13:25:42,034] INFO spindle_dev.index:  Finished block 15 in 0.01 seconds, found 1 clusters.
[2026-01-20 13:25:42,034] INFO spindle_dev.index:  Using epsilon-net clustering for block 16
[2026-01-20 13:25:42,060] INFO spindle_dev.index:  Finished block 16 in 0.03 seconds, found 2 clusters.
[2026-01-20 13:25:42,060] INFO spindle_dev.index:  Using epsilon-net clustering for block 17
[2026-01-20 13:25:42,077] INFO spindle_dev.index:  Finished block 17 in 0.02 seconds, found 1 clusters.
[2026-01-20 13:25:42,077] INFO spindle_dev.index:  Using epsilon-net clustering for block 18
[2026-01-20 13:25:42,093] INFO spindle_dev.index:  Finished block 18 in 0.02 seconds, found 3 clusters.
[2026-01-20 13:25:42,093] INFO spindle_dev.index:  Using epsilon-net clustering for block 19
[2026-01-20 13:25:42,121] INFO spindle_dev.index:  Finished block 19 in 0.03 seconds, found 2 clusters.
[2026-01-20 13:25:42,121] INFO spindle_dev.index:  Using epsilon-net clustering for block 20
[2026-01-20 13:25:42,135] INFO spindle_dev.index:  Finished block 20 in 0.01 seconds, found 1 clusters.
[2026-01-20 13:25:42,135] INFO spindle_dev.index:  Using epsilon-net clustering for block 21
[2026-01-20 13:25:42,191] INFO spindle_dev.index:  Finished block 21 in 0.06 seconds, found 4 clusters.
[2026-01-20 13:25:42,191] INFO spindle_dev.index:  Using epsilon-net clustering for block 22
[2026-01-20 13:25:42,204] INFO spindle_dev.index:  Finished block 22 in 0.01 seconds, found 1 clusters.
[2026-01-20 13:25:42,204] INFO spindle_dev.index:  Using epsilon-net clustering for block 23
[2026-01-20 13:25:42,215] INFO spindle_dev.index:  Finished block 23 in 0.01 seconds, found 1 clusters.
[2026-01-20 13:25:42,215] INFO spindle_dev.index:  Using epsilon-net clustering for block 24
[2026-01-20 13:25:42,231] INFO spindle_dev.index:  Finished block 24 in 0.02 seconds, found 1 clusters.
[2026-01-20 13:25:42,232] INFO spindle_dev.index:  Using epsilon-net clustering for block 25
[2026-01-20 13:25:42,254] INFO spindle_dev.index:  Finished block 25 in 0.02 seconds, found 4 clusters.
[2026-01-20 13:25:42,255] INFO spindle_dev.index: Step 2: Build DAG connections between block clusters.
[2026-01-20 13:25:42,255] INFO spindle_dev.index: Step 2.1: For each layer order the block-clusters by
[2026-01-20 13:25:42,255] INFO spindle_dev.index: Not implemented: ordering block-clusters ? How to order them?
[2026-01-20 13:25:42,255] INFO spindle_dev.index: We will use triangle inequality to order clusters.
[2026-01-20 13:25:42,255] INFO spindle_dev.index: Step 2.2: Connect block-clusters between layers based on co-occurrence in SPDs.
[2026-01-20 13:25:42,259] INFO spindle_dev.index: Check if node global_node_id matches index in nodes list
[2026-01-20 13:25:42,259] INFO spindle_dev.index: Step 2.3: Ordering block-clusters within each layer using log-Euclidean distances.
[2026-01-20 13:25:42,259] INFO spindle_dev.index: Processing cluster 3
[2026-01-20 13:25:42,259] INFO spindle_dev.index: Building SPD index with epsilon=5.895040311192139
[2026-01-20 13:25:42,259] INFO spindle_dev.index: Step 1: Cluster blocks within each class of SPD matrices.
[2026-01-20 13:25:42,276] INFO spindle_dev.index: Cluster 3: 122 SPDs, 26 blocks
[2026-01-20 13:25:42,276] INFO spindle_dev.index:  Using epsilon-net clustering for block 0
[2026-01-20 13:25:42,288] INFO spindle_dev.index:  Finished block 0 in 0.01 seconds, found 4 clusters.
[2026-01-20 13:25:42,288] INFO spindle_dev.index:  Using epsilon-net clustering for block 1
[2026-01-20 13:25:42,302] INFO spindle_dev.index:  Finished block 1 in 0.01 seconds, found 7 clusters.
[2026-01-20 13:25:42,302] INFO spindle_dev.index:  Using epsilon-net clustering for block 2
[2026-01-20 13:25:42,317] INFO spindle_dev.index:  Finished block 2 in 0.01 seconds, found 7 clusters.
[2026-01-20 13:25:42,317] INFO spindle_dev.index:  Using epsilon-net clustering for block 3
[2026-01-20 13:25:42,337] INFO spindle_dev.index:  Finished block 3 in 0.02 seconds, found 11 clusters.
[2026-01-20 13:25:42,337] INFO spindle_dev.index:  Using epsilon-net clustering for block 4
[2026-01-20 13:25:42,359] INFO spindle_dev.index:  Finished block 4 in 0.02 seconds, found 12 clusters.
[2026-01-20 13:25:42,359] INFO spindle_dev.index:  Using epsilon-net clustering for block 5
[2026-01-20 13:25:42,385] INFO spindle_dev.index:  Finished block 5 in 0.03 seconds, found 15 clusters.
[2026-01-20 13:25:42,385] INFO spindle_dev.index:  Using epsilon-net clustering for block 6
[2026-01-20 13:25:42,417] INFO spindle_dev.index:  Finished block 6 in 0.03 seconds, found 19 clusters.
[2026-01-20 13:25:42,417] INFO spindle_dev.index:  Using epsilon-net clustering for block 7
[2026-01-20 13:25:42,452] INFO spindle_dev.index:  Finished block 7 in 0.03 seconds, found 21 clusters.
[2026-01-20 13:25:42,452] INFO spindle_dev.index:  Using epsilon-net clustering for block 8
[2026-01-20 13:25:42,485] INFO spindle_dev.index:  Finished block 8 in 0.03 seconds, found 20 clusters.
[2026-01-20 13:25:42,485] INFO spindle_dev.index:  Using epsilon-net clustering for block 9
[2026-01-20 13:25:42,515] INFO spindle_dev.index:  Finished block 9 in 0.03 seconds, found 18 clusters.
[2026-01-20 13:25:42,515] INFO spindle_dev.index:  Using epsilon-net clustering for block 10
[2026-01-20 13:25:42,559] INFO spindle_dev.index:  Finished block 10 in 0.04 seconds, found 25 clusters.
[2026-01-20 13:25:42,559] INFO spindle_dev.index:  Using epsilon-net clustering for block 11
[2026-01-20 13:25:42,586] INFO spindle_dev.index:  Finished block 11 in 0.03 seconds, found 15 clusters.
[2026-01-20 13:25:42,586] INFO spindle_dev.index:  Using epsilon-net clustering for block 12
[2026-01-20 13:25:42,602] INFO spindle_dev.index:  Finished block 12 in 0.02 seconds, found 7 clusters.
[2026-01-20 13:25:42,602] INFO spindle_dev.index:  Using epsilon-net clustering for block 13
[2026-01-20 13:25:42,633] INFO spindle_dev.index:  Finished block 13 in 0.03 seconds, found 16 clusters.
[2026-01-20 13:25:42,633] INFO spindle_dev.index:  Using epsilon-net clustering for block 14
[2026-01-20 13:25:42,651] INFO spindle_dev.index:  Finished block 14 in 0.02 seconds, found 8 clusters.
[2026-01-20 13:25:42,651] INFO spindle_dev.index:  Using epsilon-net clustering for block 15
[2026-01-20 13:25:42,663] INFO spindle_dev.index:  Finished block 15 in 0.01 seconds, found 4 clusters.
[2026-01-20 13:25:42,663] INFO spindle_dev.index:  Using epsilon-net clustering for block 16
[2026-01-20 13:25:42,675] INFO spindle_dev.index:  Finished block 16 in 0.01 seconds, found 4 clusters.
[2026-01-20 13:25:42,675] INFO spindle_dev.index:  Using epsilon-net clustering for block 17
[2026-01-20 13:25:42,684] INFO spindle_dev.index:  Finished block 17 in 0.01 seconds, found 2 clusters.
[2026-01-20 13:25:42,684] INFO spindle_dev.index:  Using epsilon-net clustering for block 18
[2026-01-20 13:25:42,693] INFO spindle_dev.index:  Finished block 18 in 0.01 seconds, found 2 clusters.
[2026-01-20 13:25:42,693] INFO spindle_dev.index:  Using epsilon-net clustering for block 19
[2026-01-20 13:25:42,710] INFO spindle_dev.index:  Finished block 19 in 0.02 seconds, found 4 clusters.
[2026-01-20 13:25:42,711] INFO spindle_dev.index:  Using epsilon-net clustering for block 20
[2026-01-20 13:25:42,721] INFO spindle_dev.index:  Finished block 20 in 0.01 seconds, found 2 clusters.
[2026-01-20 13:25:42,721] INFO spindle_dev.index:  Using epsilon-net clustering for block 21
[2026-01-20 13:25:42,736] INFO spindle_dev.index:  Finished block 21 in 0.02 seconds, found 3 clusters.
[2026-01-20 13:25:42,736] INFO spindle_dev.index:  Using epsilon-net clustering for block 22
[2026-01-20 13:25:42,755] INFO spindle_dev.index:  Finished block 22 in 0.02 seconds, found 3 clusters.
[2026-01-20 13:25:42,755] INFO spindle_dev.index:  Using epsilon-net clustering for block 23
[2026-01-20 13:25:42,782] INFO spindle_dev.index:  Finished block 23 in 0.03 seconds, found 2 clusters.
[2026-01-20 13:25:42,783] INFO spindle_dev.index:  Using epsilon-net clustering for block 24
[2026-01-20 13:25:42,795] INFO spindle_dev.index:  Finished block 24 in 0.01 seconds, found 2 clusters.
[2026-01-20 13:25:42,795] INFO spindle_dev.index:  Using epsilon-net clustering for block 25
[2026-01-20 13:25:42,837] INFO spindle_dev.index:  Finished block 25 in 0.04 seconds, found 5 clusters.
[2026-01-20 13:25:42,837] INFO spindle_dev.index: Step 2: Build DAG connections between block clusters.
[2026-01-20 13:25:42,837] INFO spindle_dev.index: Step 2.1: For each layer order the block-clusters by
[2026-01-20 13:25:42,837] INFO spindle_dev.index: Not implemented: ordering block-clusters ? How to order them?
[2026-01-20 13:25:42,837] INFO spindle_dev.index: We will use triangle inequality to order clusters.
[2026-01-20 13:25:42,837] INFO spindle_dev.index: Step 2.2: Connect block-clusters between layers based on co-occurrence in SPDs.
[2026-01-20 13:25:42,841] INFO spindle_dev.index: Check if node global_node_id matches index in nodes list
[2026-01-20 13:25:42,841] INFO spindle_dev.index: Step 2.3: Ordering block-clusters within each layer using log-Euclidean distances.
[2026-01-20 13:25:42,841] INFO spindle_dev.index: Processing cluster 4
[2026-01-20 13:25:42,841] INFO spindle_dev.index: Building SPD index with epsilon=8.0682202120226
[2026-01-20 13:25:42,841] INFO spindle_dev.index: Step 1: Cluster blocks within each class of SPD matrices.
[2026-01-20 13:25:42,854] INFO spindle_dev.index: Cluster 4: 106 SPDs, 24 blocks
[2026-01-20 13:25:42,854] INFO spindle_dev.index:  Using epsilon-net clustering for block 0
[2026-01-20 13:25:42,861] INFO spindle_dev.index:  Finished block 0 in 0.01 seconds, found 1 clusters.
[2026-01-20 13:25:42,861] INFO spindle_dev.index:  Using epsilon-net clustering for block 1
[2026-01-20 13:25:42,868] INFO spindle_dev.index:  Finished block 1 in 0.01 seconds, found 2 clusters.
[2026-01-20 13:25:42,868] INFO spindle_dev.index:  Using epsilon-net clustering for block 2
[2026-01-20 13:25:42,876] INFO spindle_dev.index:  Finished block 2 in 0.01 seconds, found 2 clusters.
[2026-01-20 13:25:42,876] INFO spindle_dev.index:  Using epsilon-net clustering for block 3
[2026-01-20 13:25:42,885] INFO spindle_dev.index:  Finished block 3 in 0.01 seconds, found 3 clusters.
[2026-01-20 13:25:42,886] INFO spindle_dev.index:  Using epsilon-net clustering for block 4
[2026-01-20 13:25:42,895] INFO spindle_dev.index:  Finished block 4 in 0.01 seconds, found 3 clusters.
[2026-01-20 13:25:42,895] INFO spindle_dev.index:  Using epsilon-net clustering for block 5
[2026-01-20 13:25:42,905] INFO spindle_dev.index:  Finished block 5 in 0.01 seconds, found 3 clusters.
[2026-01-20 13:25:42,905] INFO spindle_dev.index:  Using epsilon-net clustering for block 6
[2026-01-20 13:25:42,913] INFO spindle_dev.index:  Finished block 6 in 0.01 seconds, found 2 clusters.
[2026-01-20 13:25:42,913] INFO spindle_dev.index:  Using epsilon-net clustering for block 7
[2026-01-20 13:25:42,923] INFO spindle_dev.index:  Finished block 7 in 0.01 seconds, found 3 clusters.
[2026-01-20 13:25:42,923] INFO spindle_dev.index:  Using epsilon-net clustering for block 8
[2026-01-20 13:25:42,932] INFO spindle_dev.index:  Finished block 8 in 0.01 seconds, found 3 clusters.
[2026-01-20 13:25:42,933] INFO spindle_dev.index:  Using epsilon-net clustering for block 9
[2026-01-20 13:25:42,941] INFO spindle_dev.index:  Finished block 9 in 0.01 seconds, found 2 clusters.
[2026-01-20 13:25:42,942] INFO spindle_dev.index:  Using epsilon-net clustering for block 10
[2026-01-20 13:25:42,952] INFO spindle_dev.index:  Finished block 10 in 0.01 seconds, found 2 clusters.
[2026-01-20 13:25:42,952] INFO spindle_dev.index:  Using epsilon-net clustering for block 11
[2026-01-20 13:25:42,961] INFO spindle_dev.index:  Finished block 11 in 0.01 seconds, found 1 clusters.
[2026-01-20 13:25:42,961] INFO spindle_dev.index:  Using epsilon-net clustering for block 12
[2026-01-20 13:25:42,970] INFO spindle_dev.index:  Finished block 12 in 0.01 seconds, found 3 clusters.
[2026-01-20 13:25:42,971] INFO spindle_dev.index:  Using epsilon-net clustering for block 13
[2026-01-20 13:25:43,007] INFO spindle_dev.index:  Finished block 13 in 0.04 seconds, found 4 clusters.
[2026-01-20 13:25:43,007] INFO spindle_dev.index:  Using epsilon-net clustering for block 14
[2026-01-20 13:25:43,017] INFO spindle_dev.index:  Finished block 14 in 0.01 seconds, found 2 clusters.
[2026-01-20 13:25:43,017] INFO spindle_dev.index:  Using epsilon-net clustering for block 15
[2026-01-20 13:25:43,068] INFO spindle_dev.index:  Finished block 15 in 0.05 seconds, found 11 clusters.
[2026-01-20 13:25:43,068] INFO spindle_dev.index:  Using epsilon-net clustering for block 16
[2026-01-20 13:25:43,078] INFO spindle_dev.index:  Finished block 16 in 0.01 seconds, found 2 clusters.
[2026-01-20 13:25:43,079] INFO spindle_dev.index:  Using epsilon-net clustering for block 17
[2026-01-20 13:25:43,087] INFO spindle_dev.index:  Finished block 17 in 0.01 seconds, found 2 clusters.
[2026-01-20 13:25:43,087] INFO spindle_dev.index:  Using epsilon-net clustering for block 18
[2026-01-20 13:25:43,100] INFO spindle_dev.index:  Finished block 18 in 0.01 seconds, found 2 clusters.
[2026-01-20 13:25:43,101] INFO spindle_dev.index:  Using epsilon-net clustering for block 19
[2026-01-20 13:25:43,111] INFO spindle_dev.index:  Finished block 19 in 0.01 seconds, found 3 clusters.
[2026-01-20 13:25:43,111] INFO spindle_dev.index:  Using epsilon-net clustering for block 20
[2026-01-20 13:25:43,120] INFO spindle_dev.index:  Finished block 20 in 0.01 seconds, found 3 clusters.
[2026-01-20 13:25:43,120] INFO spindle_dev.index:  Using epsilon-net clustering for block 21
[2026-01-20 13:25:43,132] INFO spindle_dev.index:  Finished block 21 in 0.01 seconds, found 2 clusters.
[2026-01-20 13:25:43,132] INFO spindle_dev.index:  Using epsilon-net clustering for block 22
[2026-01-20 13:25:43,144] INFO spindle_dev.index:  Finished block 22 in 0.01 seconds, found 2 clusters.
[2026-01-20 13:25:43,144] INFO spindle_dev.index:  Using epsilon-net clustering for block 23
[2026-01-20 13:25:43,157] INFO spindle_dev.index:  Finished block 23 in 0.01 seconds, found 3 clusters.
[2026-01-20 13:25:43,157] INFO spindle_dev.index: Step 2: Build DAG connections between block clusters.
[2026-01-20 13:25:43,157] INFO spindle_dev.index: Step 2.1: For each layer order the block-clusters by
[2026-01-20 13:25:43,157] INFO spindle_dev.index: Not implemented: ordering block-clusters ? How to order them?
[2026-01-20 13:25:43,157] INFO spindle_dev.index: We will use triangle inequality to order clusters.
[2026-01-20 13:25:43,157] INFO spindle_dev.index: Step 2.2: Connect block-clusters between layers based on co-occurrence in SPDs.
[2026-01-20 13:25:43,159] INFO spindle_dev.index: Check if node global_node_id matches index in nodes list
[2026-01-20 13:25:43,159] INFO spindle_dev.index: Step 2.3: Ordering block-clusters within each layer using log-Euclidean distances.
[2026-01-20 13:25:43,159] INFO spindle_dev.index: Processing cluster 5
[2026-01-20 13:25:43,159] INFO spindle_dev.index: Building SPD index with epsilon=7.231150426282728
[2026-01-20 13:25:43,159] INFO spindle_dev.index: Step 1: Cluster blocks within each class of SPD matrices.
[2026-01-20 13:25:43,175] INFO spindle_dev.index: Cluster 5: 101 SPDs, 28 blocks
[2026-01-20 13:25:43,175] INFO spindle_dev.index:  Using epsilon-net clustering for block 0
[2026-01-20 13:25:43,181] INFO spindle_dev.index:  Finished block 0 in 0.01 seconds, found 1 clusters.
[2026-01-20 13:25:43,181] INFO spindle_dev.index:  Using epsilon-net clustering for block 1
[2026-01-20 13:25:43,187] INFO spindle_dev.index:  Finished block 1 in 0.01 seconds, found 2 clusters.
[2026-01-20 13:25:43,187] INFO spindle_dev.index:  Using epsilon-net clustering for block 2
[2026-01-20 13:25:43,196] INFO spindle_dev.index:  Finished block 2 in 0.01 seconds, found 4 clusters.
[2026-01-20 13:25:43,196] INFO spindle_dev.index:  Using epsilon-net clustering for block 3
[2026-01-20 13:25:43,206] INFO spindle_dev.index:  Finished block 3 in 0.01 seconds, found 4 clusters.
[2026-01-20 13:25:43,206] INFO spindle_dev.index:  Using epsilon-net clustering for block 4
[2026-01-20 13:25:43,216] INFO spindle_dev.index:  Finished block 4 in 0.01 seconds, found 5 clusters.
[2026-01-20 13:25:43,216] INFO spindle_dev.index:  Using epsilon-net clustering for block 5
[2026-01-20 13:25:43,227] INFO spindle_dev.index:  Finished block 5 in 0.01 seconds, found 5 clusters.
[2026-01-20 13:25:43,227] INFO spindle_dev.index:  Using epsilon-net clustering for block 6
[2026-01-20 13:25:43,239] INFO spindle_dev.index:  Finished block 6 in 0.01 seconds, found 6 clusters.
[2026-01-20 13:25:43,239] INFO spindle_dev.index:  Using epsilon-net clustering for block 7
[2026-01-20 13:25:43,250] INFO spindle_dev.index:  Finished block 7 in 0.01 seconds, found 5 clusters.
[2026-01-20 13:25:43,250] INFO spindle_dev.index:  Using epsilon-net clustering for block 8
[2026-01-20 13:25:43,262] INFO spindle_dev.index:  Finished block 8 in 0.01 seconds, found 5 clusters.
[2026-01-20 13:25:43,262] INFO spindle_dev.index:  Using epsilon-net clustering for block 9
[2026-01-20 13:25:43,272] INFO spindle_dev.index:  Finished block 9 in 0.01 seconds, found 4 clusters.
[2026-01-20 13:25:43,272] INFO spindle_dev.index:  Using epsilon-net clustering for block 10
[2026-01-20 13:25:43,281] INFO spindle_dev.index:  Finished block 10 in 0.01 seconds, found 3 clusters.
[2026-01-20 13:25:43,281] INFO spindle_dev.index:  Using epsilon-net clustering for block 11
[2026-01-20 13:25:43,293] INFO spindle_dev.index:  Finished block 11 in 0.01 seconds, found 5 clusters.
[2026-01-20 13:25:43,293] INFO spindle_dev.index:  Using epsilon-net clustering for block 12
[2026-01-20 13:25:43,302] INFO spindle_dev.index:  Finished block 12 in 0.01 seconds, found 3 clusters.
[2026-01-20 13:25:43,302] INFO spindle_dev.index:  Using epsilon-net clustering for block 13
[2026-01-20 13:25:43,311] INFO spindle_dev.index:  Finished block 13 in 0.01 seconds, found 1 clusters.
[2026-01-20 13:25:43,311] INFO spindle_dev.index:  Using epsilon-net clustering for block 14
[2026-01-20 13:25:43,326] INFO spindle_dev.index:  Finished block 14 in 0.01 seconds, found 4 clusters.
[2026-01-20 13:25:43,326] INFO spindle_dev.index:  Using epsilon-net clustering for block 15
[2026-01-20 13:25:43,337] INFO spindle_dev.index:  Finished block 15 in 0.01 seconds, found 5 clusters.
[2026-01-20 13:25:43,337] INFO spindle_dev.index:  Using epsilon-net clustering for block 16
[2026-01-20 13:25:43,344] INFO spindle_dev.index:  Finished block 16 in 0.01 seconds, found 2 clusters.
[2026-01-20 13:25:43,344] INFO spindle_dev.index:  Using epsilon-net clustering for block 17
[2026-01-20 13:25:43,353] INFO spindle_dev.index:  Finished block 17 in 0.01 seconds, found 2 clusters.
[2026-01-20 13:25:43,353] INFO spindle_dev.index:  Using epsilon-net clustering for block 18
[2026-01-20 13:25:43,365] INFO spindle_dev.index:  Finished block 18 in 0.01 seconds, found 3 clusters.
[2026-01-20 13:25:43,365] INFO spindle_dev.index:  Using epsilon-net clustering for block 19
[2026-01-20 13:25:43,373] INFO spindle_dev.index:  Finished block 19 in 0.01 seconds, found 1 clusters.
[2026-01-20 13:25:43,373] INFO spindle_dev.index:  Using epsilon-net clustering for block 20
[2026-01-20 13:25:43,383] INFO spindle_dev.index:  Finished block 20 in 0.01 seconds, found 4 clusters.
[2026-01-20 13:25:43,383] INFO spindle_dev.index:  Using epsilon-net clustering for block 21
[2026-01-20 13:25:43,393] INFO spindle_dev.index:  Finished block 21 in 0.01 seconds, found 4 clusters.
[2026-01-20 13:25:43,393] INFO spindle_dev.index:  Using epsilon-net clustering for block 22
[2026-01-20 13:25:43,405] INFO spindle_dev.index:  Finished block 22 in 0.01 seconds, found 2 clusters.
[2026-01-20 13:25:43,405] INFO spindle_dev.index:  Using epsilon-net clustering for block 23
[2026-01-20 13:25:43,414] INFO spindle_dev.index:  Finished block 23 in 0.01 seconds, found 2 clusters.
[2026-01-20 13:25:43,414] INFO spindle_dev.index:  Using epsilon-net clustering for block 24
[2026-01-20 13:25:43,424] INFO spindle_dev.index:  Finished block 24 in 0.01 seconds, found 3 clusters.
[2026-01-20 13:25:43,424] INFO spindle_dev.index:  Using epsilon-net clustering for block 25
[2026-01-20 13:25:43,431] INFO spindle_dev.index:  Finished block 25 in 0.01 seconds, found 1 clusters.
[2026-01-20 13:25:43,431] INFO spindle_dev.index:  Using epsilon-net clustering for block 26
[2026-01-20 13:25:43,437] INFO spindle_dev.index:  Finished block 26 in 0.01 seconds, found 1 clusters.
[2026-01-20 13:25:43,437] INFO spindle_dev.index:  Using epsilon-net clustering for block 27
[2026-01-20 13:25:43,482] INFO spindle_dev.index:  Finished block 27 in 0.04 seconds, found 10 clusters.
[2026-01-20 13:25:43,482] INFO spindle_dev.index: Step 2: Build DAG connections between block clusters.
[2026-01-20 13:25:43,482] INFO spindle_dev.index: Step 2.1: For each layer order the block-clusters by
[2026-01-20 13:25:43,482] INFO spindle_dev.index: Not implemented: ordering block-clusters ? How to order them?
[2026-01-20 13:25:43,482] INFO spindle_dev.index: We will use triangle inequality to order clusters.
[2026-01-20 13:25:43,482] INFO spindle_dev.index: Step 2.2: Connect block-clusters between layers based on co-occurrence in SPDs.
[2026-01-20 13:25:43,485] INFO spindle_dev.index: Check if node global_node_id matches index in nodes list
[2026-01-20 13:25:43,485] INFO spindle_dev.index: Step 2.3: Ordering block-clusters within each layer using log-Euclidean distances.
[2026-01-20 13:25:43,562] INFO spindle_dev.test: Built ground-truth paths for 229 SPDs in cluster 0 across 28 blocks.
[2026-01-20 13:25:43,628] INFO spindle_dev.test: Built ground-truth paths for 212 SPDs in cluster 1 across 30 blocks.
[2026-01-20 13:25:43,671] INFO spindle_dev.test: Built ground-truth paths for 177 SPDs in cluster 2 across 26 blocks.
[2026-01-20 13:25:43,696] INFO spindle_dev.test: Built ground-truth paths for 122 SPDs in cluster 3 across 26 blocks.
[2026-01-20 13:25:43,710] INFO spindle_dev.test: Built ground-truth paths for 106 SPDs in cluster 4 across 24 blocks.
[2026-01-20 13:25:43,725] INFO spindle_dev.test: Built ground-truth paths for 101 SPDs in cluster 5 across 28 blocks.
[2026-01-20 13:26:33,569] INFO spindle_dev.index: Clustering SPD-s using 'tree' distance.
[2026-01-20 13:26:33,570] INFO spindle_dev.index: Building ultrametric features from SPD matrices.
/panfs/accrepfs.vampire/home/sarkah1/miniforge3/envs/spatial/lib/python3.10/site-packages/scipy/cluster/hierarchy.py:1673: RuntimeWarning: invalid value encountered in scalar divide
  c = xp.sum(numerator) / xp.sqrt(xp.sum(denomA) * xp.sum(denomB))
[2026-01-20 13:30:24,609] INFO spindle_dev.index: Computing latent features from the tree representations.
[2026-01-20 13:30:49,348] INFO spindle_dev.index: Reducing latent features to 30 dimensions using PCA.
[2026-01-20 13:31:31,631] INFO spindle_dev.index: Explained variance ratios by PCA components: [0.03411894 0.02578561 0.01285703 0.00938737 0.00588084 0.00551661
 0.00453925 0.00377464 0.00356478 0.00307318 0.00273169 0.0026462
 0.00263546 0.00248134 0.00241321 0.00210543 0.00208783 0.00205712
 0.0020324  0.00196088 0.00191746 0.00189922 0.00186625 0.00184357
 0.00182782 0.00181393 0.00176957 0.00176038 0.00173033 0.00172268]
[2026-01-20 13:31:31,633] INFO spindle_dev.index: Reducing latent features to 2 dimensions using UMAP.
/panfs/accrepfs.vampire/home/sarkah1/miniforge3/envs/spatial/lib/python3.10/site-packages/umap/umap_.py:1952: UserWarning: n_jobs value 1 overridden to 1 by setting random_state. Use no seed for parallelism.
  warn(
[2026-01-20 13:31:56,002] INFO spindle_dev.index: Clustering SPD-s using 'tree' distance.
[2026-01-20 13:31:56,003] INFO spindle_dev.index: Clustering SPD matrices using Leiden clustering with resolution 0.50.
[2026-01-20 13:32:02,157] INFO spindle_dev.index: Since clustering method is tree, I am going to find global order per cluster
[2026-01-20 13:32:02,159] INFO spindle_dev.index: Finding consensus tree for cluster 0
[2026-01-20 13:32:04,959] INFO spindle_dev.index: Finding consensus tree for cluster 1
[2026-01-20 13:32:06,836] INFO spindle_dev.index: Finding consensus tree for cluster 2
[2026-01-20 13:32:07,947] INFO spindle_dev.index: Finding consensus tree for cluster 3
[2026-01-20 13:32:09,153] INFO spindle_dev.index: Finding consensus tree for cluster 4
[2026-01-20 13:32:10,223] INFO spindle_dev.index: Finding consensus tree for cluster 5
[2026-01-20 13:32:10,616] INFO spindle_dev.index: Finding consensus tree for cluster 6
[2026-01-20 13:32:10,933] INFO spindle_dev.index: Finding consensus tree for cluster 7
[2026-01-20 13:32:35,189] INFO spindle_dev.index: Computing mean correlation matrix for cluster 0
[2026-01-20 13:33:04,597] INFO spindle_dev.index: Computing mean correlation matrix for cluster 1
[2026-01-20 13:33:17,358] INFO spindle_dev.index: Computing mean correlation matrix for cluster 2
[2026-01-20 13:33:22,516] INFO spindle_dev.index: Computing mean correlation matrix for cluster 3
[2026-01-20 13:33:27,422] INFO spindle_dev.index: Computing mean correlation matrix for cluster 4
[2026-01-20 13:33:31,490] INFO spindle_dev.index: Computing mean correlation matrix for cluster 5
[2026-01-20 13:33:33,090] INFO spindle_dev.index: Computing mean correlation matrix for cluster 6
[2026-01-20 13:33:34,488] INFO spindle_dev.index: Computing mean correlation matrix for cluster 7
[2026-01-20 13:33:34,599] INFO spindle_dev.index: Finding adaptive block runs for cluster 0
[2026-01-20 13:33:35,591] INFO spindle_dev.index:  Chose t=0.8632246875507528 resulting in 354 blocks instead of 242 blocks would have gotten by default
[2026-01-20 13:33:35,729] INFO spindle_dev.index:  Final block runs for cluster 0: 36 blocks.
[2026-01-20 13:33:35,729] INFO spindle_dev.index: Finding adaptive block runs for cluster 1
[2026-01-20 13:33:36,767] INFO spindle_dev.index:  Chose t=0.8421314547071789 resulting in 370 blocks instead of 245 blocks would have gotten by default
[2026-01-20 13:33:36,922] INFO spindle_dev.index:  Final block runs for cluster 1: 36 blocks.
[2026-01-20 13:33:36,922] INFO spindle_dev.index: Finding adaptive block runs for cluster 2
[2026-01-20 13:33:37,927] INFO spindle_dev.index:  Chose t=0.8416540402268181 resulting in 331 blocks instead of 226 blocks would have gotten by default
[2026-01-20 13:33:38,054] INFO spindle_dev.index:  Final block runs for cluster 2: 35 blocks.
[2026-01-20 13:33:38,054] INFO spindle_dev.index: Finding adaptive block runs for cluster 3
[2026-01-20 13:33:39,016] INFO spindle_dev.index:  Chose t=0.8631705570040082 resulting in 387 blocks instead of 270 blocks would have gotten by default
[2026-01-20 13:33:39,183] INFO spindle_dev.index:  Final block runs for cluster 3: 38 blocks.
[2026-01-20 13:33:39,183] INFO spindle_dev.index: Finding adaptive block runs for cluster 4
[2026-01-20 13:33:40,171] INFO spindle_dev.index:  Chose t=0.784655953570506 resulting in 383 blocks instead of 205 blocks would have gotten by default
[2026-01-20 13:33:40,331] INFO spindle_dev.index:  Final block runs for cluster 4: 39 blocks.
[2026-01-20 13:33:40,331] INFO spindle_dev.index: Finding adaptive block runs for cluster 5
[2026-01-20 13:33:41,319] INFO spindle_dev.index:  Chose t=0.8552197331616531 resulting in 326 blocks instead of 208 blocks would have gotten by default
[2026-01-20 13:33:41,445] INFO spindle_dev.index:  Final block runs for cluster 5: 35 blocks.
[2026-01-20 13:33:41,445] INFO spindle_dev.index: Finding adaptive block runs for cluster 6
[2026-01-20 13:33:42,408] INFO spindle_dev.index:  Chose t=0.8304446409718929 resulting in 368 blocks instead of 241 blocks would have gotten by default
[2026-01-20 13:33:42,562] INFO spindle_dev.index:  Final block runs for cluster 6: 38 blocks.
[2026-01-20 13:33:42,562] INFO spindle_dev.index: Finding adaptive block runs for cluster 7
[2026-01-20 13:33:42,970] INFO spindle_dev.index:  Chose t=0.9705885179838508 resulting in 339 blocks instead of 459 blocks would have gotten by default
[2026-01-20 13:33:43,102] INFO spindle_dev.index:  Final block runs for cluster 7: 19 blocks.
[2026-01-20 13:34:47,103] INFO spindle_dev.index: Processing cluster 0
[2026-01-20 13:34:47,108] INFO spindle_dev.index: Building SPD index with epsilon=6.102528176453383
[2026-01-20 13:34:47,108] INFO spindle_dev.index: Step 1: Cluster blocks within each class of SPD matrices.
[2026-01-20 13:34:47,936] INFO spindle_dev.index: Cluster 0: 3053 SPDs, 36 blocks
[2026-01-20 13:34:47,936] INFO spindle_dev.index:  Using epsilon-net clustering for block 0
[2026-01-20 13:34:48,120] INFO spindle_dev.index:  Finished block 0 in 0.18 seconds, found 2 clusters.
[2026-01-20 13:34:48,120] INFO spindle_dev.index:  Using epsilon-net clustering for block 1
[2026-01-20 13:34:48,446] INFO spindle_dev.index:  Finished block 1 in 0.33 seconds, found 6 clusters.
[2026-01-20 13:34:48,446] INFO spindle_dev.index:  Using epsilon-net clustering for block 2
[2026-01-20 13:34:48,699] INFO spindle_dev.index:  Finished block 2 in 0.25 seconds, found 4 clusters.
[2026-01-20 13:34:48,699] INFO spindle_dev.index:  Using epsilon-net clustering for block 3
[2026-01-20 13:34:48,954] INFO spindle_dev.index:  Finished block 3 in 0.25 seconds, found 4 clusters.
[2026-01-20 13:34:48,954] INFO spindle_dev.index:  Using epsilon-net clustering for block 4
[2026-01-20 13:34:49,420] INFO spindle_dev.index:  Finished block 4 in 0.47 seconds, found 10 clusters.
[2026-01-20 13:34:49,420] INFO spindle_dev.index:  Using epsilon-net clustering for block 5
[2026-01-20 13:34:49,938] INFO spindle_dev.index:  Finished block 5 in 0.52 seconds, found 10 clusters.
[2026-01-20 13:34:49,938] INFO spindle_dev.index:  Using epsilon-net clustering for block 6
[2026-01-20 13:34:50,434] INFO spindle_dev.index:  Finished block 6 in 0.50 seconds, found 11 clusters.
[2026-01-20 13:34:50,434] INFO spindle_dev.index:  Using epsilon-net clustering for block 7
[2026-01-20 13:34:50,932] INFO spindle_dev.index:  Finished block 7 in 0.50 seconds, found 11 clusters.
[2026-01-20 13:34:50,932] INFO spindle_dev.index:  Using epsilon-net clustering for block 8
[2026-01-20 13:34:51,467] INFO spindle_dev.index:  Finished block 8 in 0.53 seconds, found 12 clusters.
[2026-01-20 13:34:51,467] INFO spindle_dev.index:  Using epsilon-net clustering for block 9
[2026-01-20 13:34:51,999] INFO spindle_dev.index:  Finished block 9 in 0.53 seconds, found 12 clusters.
[2026-01-20 13:34:51,999] INFO spindle_dev.index:  Using epsilon-net clustering for block 10
[2026-01-20 13:34:52,647] INFO spindle_dev.index:  Finished block 10 in 0.65 seconds, found 15 clusters.
[2026-01-20 13:34:52,648] INFO spindle_dev.index:  Using epsilon-net clustering for block 11
[2026-01-20 13:34:53,122] INFO spindle_dev.index:  Finished block 11 in 0.47 seconds, found 10 clusters.
[2026-01-20 13:34:53,122] INFO spindle_dev.index:  Using epsilon-net clustering for block 12
[2026-01-20 13:34:53,759] INFO spindle_dev.index:  Finished block 12 in 0.64 seconds, found 15 clusters.
[2026-01-20 13:34:53,759] INFO spindle_dev.index:  Using epsilon-net clustering for block 13
[2026-01-20 13:34:54,479] INFO spindle_dev.index:  Finished block 13 in 0.72 seconds, found 17 clusters.
[2026-01-20 13:34:54,479] INFO spindle_dev.index:  Using epsilon-net clustering for block 14
[2026-01-20 13:34:55,130] INFO spindle_dev.index:  Finished block 14 in 0.65 seconds, found 15 clusters.
[2026-01-20 13:34:55,130] INFO spindle_dev.index:  Using epsilon-net clustering for block 15
[2026-01-20 13:34:55,840] INFO spindle_dev.index:  Finished block 15 in 0.71 seconds, found 17 clusters.
[2026-01-20 13:34:55,840] INFO spindle_dev.index:  Using epsilon-net clustering for block 16
[2026-01-20 13:34:56,745] INFO spindle_dev.index:  Finished block 16 in 0.91 seconds, found 22 clusters.
[2026-01-20 13:34:56,746] INFO spindle_dev.index:  Using epsilon-net clustering for block 17
[2026-01-20 13:34:57,520] INFO spindle_dev.index:  Finished block 17 in 0.77 seconds, found 19 clusters.
[2026-01-20 13:34:57,520] INFO spindle_dev.index:  Using epsilon-net clustering for block 18
[2026-01-20 13:34:58,326] INFO spindle_dev.index:  Finished block 18 in 0.81 seconds, found 20 clusters.
[2026-01-20 13:34:58,327] INFO spindle_dev.index:  Using epsilon-net clustering for block 19
[2026-01-20 13:34:59,167] INFO spindle_dev.index:  Finished block 19 in 0.84 seconds, found 21 clusters.
[2026-01-20 13:34:59,167] INFO spindle_dev.index:  Using epsilon-net clustering for block 20
[2026-01-20 13:35:00,236] INFO spindle_dev.index:  Finished block 20 in 1.07 seconds, found 26 clusters.
[2026-01-20 13:35:00,237] INFO spindle_dev.index:  Using epsilon-net clustering for block 21
[2026-01-20 13:35:00,717] INFO spindle_dev.index:  Finished block 21 in 0.48 seconds, found 10 clusters.
[2026-01-20 13:35:00,717] INFO spindle_dev.index:  Using epsilon-net clustering for block 22
[2026-01-20 13:35:01,227] INFO spindle_dev.index:  Finished block 22 in 0.51 seconds, found 11 clusters.
[2026-01-20 13:35:01,228] INFO spindle_dev.index:  Using epsilon-net clustering for block 23
[2026-01-20 13:35:02,399] INFO spindle_dev.index:  Finished block 23 in 1.17 seconds, found 15 clusters.
[2026-01-20 13:35:02,400] INFO spindle_dev.index:  Using epsilon-net clustering for block 24
[2026-01-20 13:35:02,847] INFO spindle_dev.index:  Finished block 24 in 0.45 seconds, found 6 clusters.
[2026-01-20 13:35:02,848] INFO spindle_dev.index:  Using epsilon-net clustering for block 25
[2026-01-20 13:35:03,387] INFO spindle_dev.index:  Finished block 25 in 0.54 seconds, found 2 clusters.
[2026-01-20 13:35:03,388] INFO spindle_dev.index:  Using epsilon-net clustering for block 26
[2026-01-20 13:35:03,805] INFO spindle_dev.index:  Finished block 26 in 0.42 seconds, found 8 clusters.
[2026-01-20 13:35:03,805] INFO spindle_dev.index:  Using epsilon-net clustering for block 27
[2026-01-20 13:35:04,027] INFO spindle_dev.index:  Finished block 27 in 0.22 seconds, found 2 clusters.
[2026-01-20 13:35:04,027] INFO spindle_dev.index:  Using epsilon-net clustering for block 28
[2026-01-20 13:35:04,213] INFO spindle_dev.index:  Finished block 28 in 0.19 seconds, found 1 clusters.
[2026-01-20 13:35:04,214] INFO spindle_dev.index:  Using epsilon-net clustering for block 29
[2026-01-20 13:35:04,400] INFO spindle_dev.index:  Finished block 29 in 0.19 seconds, found 1 clusters.
[2026-01-20 13:35:04,400] INFO spindle_dev.index:  Using epsilon-net clustering for block 30
[2026-01-20 13:35:04,589] INFO spindle_dev.index:  Finished block 30 in 0.19 seconds, found 1 clusters.
[2026-01-20 13:35:04,589] INFO spindle_dev.index:  Using epsilon-net clustering for block 31
[2026-01-20 13:35:04,776] INFO spindle_dev.index:  Finished block 31 in 0.19 seconds, found 1 clusters.
[2026-01-20 13:35:04,776] INFO spindle_dev.index:  Using epsilon-net clustering for block 32
[2026-01-20 13:35:04,963] INFO spindle_dev.index:  Finished block 32 in 0.19 seconds, found 1 clusters.
[2026-01-20 13:35:04,964] INFO spindle_dev.index:  Using epsilon-net clustering for block 33
[2026-01-20 13:35:05,151] INFO spindle_dev.index:  Finished block 33 in 0.19 seconds, found 1 clusters.
[2026-01-20 13:35:05,151] INFO spindle_dev.index:  Using epsilon-net clustering for block 34
[2026-01-20 13:35:05,345] INFO spindle_dev.index:  Finished block 34 in 0.19 seconds, found 1 clusters.
[2026-01-20 13:35:05,346] INFO spindle_dev.index:  Using epsilon-net clustering for block 35
[2026-01-20 13:35:06,232] INFO spindle_dev.index:  Finished block 35 in 0.89 seconds, found 1 clusters.
[2026-01-20 13:35:06,233] INFO spindle_dev.index: Step 2: Build DAG connections between block clusters.
[2026-01-20 13:35:06,233] INFO spindle_dev.index: Step 2.1: For each layer order the block-clusters by
[2026-01-20 13:35:06,233] INFO spindle_dev.index: Not implemented: ordering block-clusters ? How to order them?
[2026-01-20 13:35:06,233] INFO spindle_dev.index: We will use triangle inequality to order clusters.
[2026-01-20 13:35:06,233] INFO spindle_dev.index: Step 2.2: Connect block-clusters between layers based on co-occurrence in SPDs.
[2026-01-20 13:35:06,316] INFO spindle_dev.index: Check if node global_node_id matches index in nodes list
[2026-01-20 13:35:06,316] INFO spindle_dev.index: Step 2.3: Ordering block-clusters within each layer using log-Euclidean distances.
[2026-01-20 13:35:06,316] INFO spindle_dev.index: Processing cluster 1
[2026-01-20 13:35:06,316] INFO spindle_dev.index: Building SPD index with epsilon=7.198015254724661
[2026-01-20 13:35:06,316] INFO spindle_dev.index: Step 1: Cluster blocks within each class of SPD matrices.
[2026-01-20 13:35:07,100] INFO spindle_dev.index: Cluster 1: 2643 SPDs, 36 blocks
[2026-01-20 13:35:07,102] INFO spindle_dev.index:  Using epsilon-net clustering for block 0
[2026-01-20 13:35:07,248] INFO spindle_dev.index:  Finished block 0 in 0.15 seconds, found 1 clusters.
[2026-01-20 13:35:07,248] INFO spindle_dev.index:  Using epsilon-net clustering for block 1
[2026-01-20 13:35:07,378] INFO spindle_dev.index:  Finished block 1 in 0.13 seconds, found 1 clusters.
[2026-01-20 13:35:07,378] INFO spindle_dev.index:  Using epsilon-net clustering for block 2
[2026-01-20 13:35:07,540] INFO spindle_dev.index:  Finished block 2 in 0.16 seconds, found 2 clusters.
[2026-01-20 13:35:07,540] INFO spindle_dev.index:  Using epsilon-net clustering for block 3
[2026-01-20 13:35:07,705] INFO spindle_dev.index:  Finished block 3 in 0.17 seconds, found 2 clusters.
[2026-01-20 13:35:07,705] INFO spindle_dev.index:  Using epsilon-net clustering for block 4
[2026-01-20 13:35:07,899] INFO spindle_dev.index:  Finished block 4 in 0.19 seconds, found 3 clusters.
[2026-01-20 13:35:07,900] INFO spindle_dev.index:  Using epsilon-net clustering for block 5
[2026-01-20 13:35:08,117] INFO spindle_dev.index:  Finished block 5 in 0.22 seconds, found 4 clusters.
[2026-01-20 13:35:08,117] INFO spindle_dev.index:  Using epsilon-net clustering for block 6
[2026-01-20 13:35:08,307] INFO spindle_dev.index:  Finished block 6 in 0.19 seconds, found 3 clusters.
[2026-01-20 13:35:08,307] INFO spindle_dev.index:  Using epsilon-net clustering for block 7
[2026-01-20 13:35:08,473] INFO spindle_dev.index:  Finished block 7 in 0.17 seconds, found 2 clusters.
[2026-01-20 13:35:08,473] INFO spindle_dev.index:  Using epsilon-net clustering for block 8
[2026-01-20 13:35:08,696] INFO spindle_dev.index:  Finished block 8 in 0.22 seconds, found 4 clusters.
[2026-01-20 13:35:08,696] INFO spindle_dev.index:  Using epsilon-net clustering for block 9
[2026-01-20 13:35:08,859] INFO spindle_dev.index:  Finished block 9 in 0.16 seconds, found 2 clusters.
[2026-01-20 13:35:08,859] INFO spindle_dev.index:  Using epsilon-net clustering for block 10
[2026-01-20 13:35:09,091] INFO spindle_dev.index:  Finished block 10 in 0.23 seconds, found 3 clusters.
[2026-01-20 13:35:09,091] INFO spindle_dev.index:  Using epsilon-net clustering for block 11
[2026-01-20 13:35:09,294] INFO spindle_dev.index:  Finished block 11 in 0.20 seconds, found 3 clusters.
[2026-01-20 13:35:09,295] INFO spindle_dev.index:  Using epsilon-net clustering for block 12
[2026-01-20 13:35:09,509] INFO spindle_dev.index:  Finished block 12 in 0.22 seconds, found 3 clusters.
[2026-01-20 13:35:09,510] INFO spindle_dev.index:  Using epsilon-net clustering for block 13
[2026-01-20 13:35:09,726] INFO spindle_dev.index:  Finished block 13 in 0.22 seconds, found 3 clusters.
[2026-01-20 13:35:09,726] INFO spindle_dev.index:  Using epsilon-net clustering for block 14
[2026-01-20 13:35:09,935] INFO spindle_dev.index:  Finished block 14 in 0.21 seconds, found 3 clusters.
[2026-01-20 13:35:09,936] INFO spindle_dev.index:  Using epsilon-net clustering for block 15
[2026-01-20 13:35:10,107] INFO spindle_dev.index:  Finished block 15 in 0.17 seconds, found 2 clusters.
[2026-01-20 13:35:10,107] INFO spindle_dev.index:  Using epsilon-net clustering for block 16
[2026-01-20 13:35:10,347] INFO spindle_dev.index:  Finished block 16 in 0.24 seconds, found 4 clusters.
[2026-01-20 13:35:10,347] INFO spindle_dev.index:  Using epsilon-net clustering for block 17
[2026-01-20 13:35:10,640] INFO spindle_dev.index:  Finished block 17 in 0.29 seconds, found 6 clusters.
[2026-01-20 13:35:10,641] INFO spindle_dev.index:  Using epsilon-net clustering for block 18
[2026-01-20 13:35:10,945] INFO spindle_dev.index:  Finished block 18 in 0.30 seconds, found 6 clusters.
[2026-01-20 13:35:10,945] INFO spindle_dev.index:  Using epsilon-net clustering for block 19
[2026-01-20 13:35:11,269] INFO spindle_dev.index:  Finished block 19 in 0.32 seconds, found 7 clusters.
[2026-01-20 13:35:11,270] INFO spindle_dev.index:  Using epsilon-net clustering for block 20
[2026-01-20 13:35:11,462] INFO spindle_dev.index:  Finished block 20 in 0.19 seconds, found 2 clusters.
[2026-01-20 13:35:11,462] INFO spindle_dev.index:  Using epsilon-net clustering for block 21
[2026-01-20 13:35:11,767] INFO spindle_dev.index:  Finished block 21 in 0.31 seconds, found 6 clusters.
[2026-01-20 13:35:11,767] INFO spindle_dev.index:  Using epsilon-net clustering for block 22
[2026-01-20 13:35:12,042] INFO spindle_dev.index:  Finished block 22 in 0.28 seconds, found 5 clusters.
[2026-01-20 13:35:12,042] INFO spindle_dev.index:  Using epsilon-net clustering for block 23
[2026-01-20 13:35:12,257] INFO spindle_dev.index:  Finished block 23 in 0.21 seconds, found 3 clusters.
[2026-01-20 13:35:12,257] INFO spindle_dev.index:  Using epsilon-net clustering for block 24
[2026-01-20 13:35:12,444] INFO spindle_dev.index:  Finished block 24 in 0.19 seconds, found 2 clusters.
[2026-01-20 13:35:12,445] INFO spindle_dev.index:  Using epsilon-net clustering for block 25
[2026-01-20 13:35:13,395] INFO spindle_dev.index:  Finished block 25 in 0.95 seconds, found 5 clusters.
[2026-01-20 13:35:13,396] INFO spindle_dev.index:  Using epsilon-net clustering for block 26
[2026-01-20 13:35:13,671] INFO spindle_dev.index:  Finished block 26 in 0.28 seconds, found 5 clusters.
[2026-01-20 13:35:13,671] INFO spindle_dev.index:  Using epsilon-net clustering for block 27
[2026-01-20 13:35:13,985] INFO spindle_dev.index:  Finished block 27 in 0.31 seconds, found 4 clusters.
[2026-01-20 13:35:13,985] INFO spindle_dev.index:  Using epsilon-net clustering for block 28
[2026-01-20 13:35:14,175] INFO spindle_dev.index:  Finished block 28 in 0.19 seconds, found 2 clusters.
[2026-01-20 13:35:14,176] INFO spindle_dev.index:  Using epsilon-net clustering for block 29
[2026-01-20 13:35:14,337] INFO spindle_dev.index:  Finished block 29 in 0.16 seconds, found 1 clusters.
[2026-01-20 13:35:14,337] INFO spindle_dev.index:  Using epsilon-net clustering for block 30
[2026-01-20 13:35:14,498] INFO spindle_dev.index:  Finished block 30 in 0.16 seconds, found 1 clusters.
[2026-01-20 13:35:14,498] INFO spindle_dev.index:  Using epsilon-net clustering for block 31
[2026-01-20 13:35:14,697] INFO spindle_dev.index:  Finished block 31 in 0.20 seconds, found 1 clusters.
[2026-01-20 13:35:14,697] INFO spindle_dev.index:  Using epsilon-net clustering for block 32
[2026-01-20 13:35:14,889] INFO spindle_dev.index:  Finished block 32 in 0.19 seconds, found 2 clusters.
[2026-01-20 13:35:14,889] INFO spindle_dev.index:  Using epsilon-net clustering for block 33
[2026-01-20 13:35:15,050] INFO spindle_dev.index:  Finished block 33 in 0.16 seconds, found 1 clusters.
[2026-01-20 13:35:15,050] INFO spindle_dev.index:  Using epsilon-net clustering for block 34
[2026-01-20 13:35:15,236] INFO spindle_dev.index:  Finished block 34 in 0.19 seconds, found 1 clusters.
[2026-01-20 13:35:15,239] INFO spindle_dev.index:  Using epsilon-net clustering for block 35
[2026-01-20 13:35:17,005] INFO spindle_dev.index:  Finished block 35 in 1.77 seconds, found 26 clusters.
[2026-01-20 13:35:17,005] INFO spindle_dev.index: Step 2: Build DAG connections between block clusters.
[2026-01-20 13:35:17,005] INFO spindle_dev.index: Step 2.1: For each layer order the block-clusters by
[2026-01-20 13:35:17,005] INFO spindle_dev.index: Not implemented: ordering block-clusters ? How to order them?
[2026-01-20 13:35:17,005] INFO spindle_dev.index: We will use triangle inequality to order clusters.
[2026-01-20 13:35:17,005] INFO spindle_dev.index: Step 2.2: Connect block-clusters between layers based on co-occurrence in SPDs.
[2026-01-20 13:35:17,067] INFO spindle_dev.index: Check if node global_node_id matches index in nodes list
[2026-01-20 13:35:17,067] INFO spindle_dev.index: Step 2.3: Ordering block-clusters within each layer using log-Euclidean distances.
[2026-01-20 13:35:17,067] INFO spindle_dev.index: Processing cluster 2
[2026-01-20 13:35:17,067] INFO spindle_dev.index: Building SPD index with epsilon=7.622794235690398
[2026-01-20 13:35:17,067] INFO spindle_dev.index: Step 1: Cluster blocks within each class of SPD matrices.
[2026-01-20 13:35:17,276] INFO spindle_dev.index: Cluster 2: 1523 SPDs, 35 blocks
[2026-01-20 13:35:17,277] INFO spindle_dev.index:  Using epsilon-net clustering for block 0
[2026-01-20 13:35:17,360] INFO spindle_dev.index:  Finished block 0 in 0.08 seconds, found 1 clusters.
[2026-01-20 13:35:17,361] INFO spindle_dev.index:  Using epsilon-net clustering for block 1
[2026-01-20 13:35:17,438] INFO spindle_dev.index:  Finished block 1 in 0.08 seconds, found 1 clusters.
[2026-01-20 13:35:17,438] INFO spindle_dev.index:  Using epsilon-net clustering for block 2
[2026-01-20 13:35:17,515] INFO spindle_dev.index:  Finished block 2 in 0.08 seconds, found 1 clusters.
[2026-01-20 13:35:17,515] INFO spindle_dev.index:  Using epsilon-net clustering for block 3
[2026-01-20 13:35:17,610] INFO spindle_dev.index:  Finished block 3 in 0.09 seconds, found 2 clusters.
[2026-01-20 13:35:17,610] INFO spindle_dev.index:  Using epsilon-net clustering for block 4
[2026-01-20 13:35:17,690] INFO spindle_dev.index:  Finished block 4 in 0.08 seconds, found 1 clusters.
[2026-01-20 13:35:17,690] INFO spindle_dev.index:  Using epsilon-net clustering for block 5
[2026-01-20 13:35:17,786] INFO spindle_dev.index:  Finished block 5 in 0.10 seconds, found 2 clusters.
[2026-01-20 13:35:17,786] INFO spindle_dev.index:  Using epsilon-net clustering for block 6
[2026-01-20 13:35:17,884] INFO spindle_dev.index:  Finished block 6 in 0.10 seconds, found 2 clusters.
[2026-01-20 13:35:17,884] INFO spindle_dev.index:  Using epsilon-net clustering for block 7
[2026-01-20 13:35:17,987] INFO spindle_dev.index:  Finished block 7 in 0.10 seconds, found 2 clusters.
[2026-01-20 13:35:17,987] INFO spindle_dev.index:  Using epsilon-net clustering for block 8
[2026-01-20 13:35:18,100] INFO spindle_dev.index:  Finished block 8 in 0.11 seconds, found 3 clusters.
[2026-01-20 13:35:18,100] INFO spindle_dev.index:  Using epsilon-net clustering for block 9
[2026-01-20 13:35:18,214] INFO spindle_dev.index:  Finished block 9 in 0.11 seconds, found 3 clusters.
[2026-01-20 13:35:18,214] INFO spindle_dev.index:  Using epsilon-net clustering for block 10
[2026-01-20 13:35:18,330] INFO spindle_dev.index:  Finished block 10 in 0.12 seconds, found 3 clusters.
[2026-01-20 13:35:18,331] INFO spindle_dev.index:  Using epsilon-net clustering for block 11
[2026-01-20 13:35:18,445] INFO spindle_dev.index:  Finished block 11 in 0.11 seconds, found 3 clusters.
[2026-01-20 13:35:18,445] INFO spindle_dev.index:  Using epsilon-net clustering for block 12
[2026-01-20 13:35:18,541] INFO spindle_dev.index:  Finished block 12 in 0.10 seconds, found 2 clusters.
[2026-01-20 13:35:18,541] INFO spindle_dev.index:  Using epsilon-net clustering for block 13
[2026-01-20 13:35:18,658] INFO spindle_dev.index:  Finished block 13 in 0.12 seconds, found 3 clusters.
[2026-01-20 13:35:18,658] INFO spindle_dev.index:  Using epsilon-net clustering for block 14
[2026-01-20 13:35:18,781] INFO spindle_dev.index:  Finished block 14 in 0.12 seconds, found 3 clusters.
[2026-01-20 13:35:18,782] INFO spindle_dev.index:  Using epsilon-net clustering for block 15
[2026-01-20 13:35:18,915] INFO spindle_dev.index:  Finished block 15 in 0.13 seconds, found 4 clusters.
[2026-01-20 13:35:18,915] INFO spindle_dev.index:  Using epsilon-net clustering for block 16
[2026-01-20 13:35:19,034] INFO spindle_dev.index:  Finished block 16 in 0.12 seconds, found 3 clusters.
[2026-01-20 13:35:19,034] INFO spindle_dev.index:  Using epsilon-net clustering for block 17
[2026-01-20 13:35:19,189] INFO spindle_dev.index:  Finished block 17 in 0.15 seconds, found 5 clusters.
[2026-01-20 13:35:19,189] INFO spindle_dev.index:  Using epsilon-net clustering for block 18
[2026-01-20 13:35:19,326] INFO spindle_dev.index:  Finished block 18 in 0.14 seconds, found 4 clusters.
[2026-01-20 13:35:19,327] INFO spindle_dev.index:  Using epsilon-net clustering for block 19
[2026-01-20 13:35:19,497] INFO spindle_dev.index:  Finished block 19 in 0.17 seconds, found 6 clusters.
[2026-01-20 13:35:19,498] INFO spindle_dev.index:  Using epsilon-net clustering for block 20
[2026-01-20 13:35:19,636] INFO spindle_dev.index:  Finished block 20 in 0.14 seconds, found 4 clusters.
[2026-01-20 13:35:19,637] INFO spindle_dev.index:  Using epsilon-net clustering for block 21
[2026-01-20 13:35:19,794] INFO spindle_dev.index:  Finished block 21 in 0.16 seconds, found 5 clusters.
[2026-01-20 13:35:19,794] INFO spindle_dev.index:  Using epsilon-net clustering for block 22
[2026-01-20 13:35:19,951] INFO spindle_dev.index:  Finished block 22 in 0.16 seconds, found 5 clusters.
[2026-01-20 13:35:19,951] INFO spindle_dev.index:  Using epsilon-net clustering for block 23
[2026-01-20 13:35:20,075] INFO spindle_dev.index:  Finished block 23 in 0.12 seconds, found 3 clusters.
[2026-01-20 13:35:20,075] INFO spindle_dev.index:  Using epsilon-net clustering for block 24
[2026-01-20 13:35:20,583] INFO spindle_dev.index:  Finished block 24 in 0.51 seconds, found 6 clusters.
[2026-01-20 13:35:20,583] INFO spindle_dev.index:  Using epsilon-net clustering for block 25
[2026-01-20 13:35:20,734] INFO spindle_dev.index:  Finished block 25 in 0.15 seconds, found 3 clusters.
[2026-01-20 13:35:20,735] INFO spindle_dev.index:  Using epsilon-net clustering for block 26
[2026-01-20 13:35:20,845] INFO spindle_dev.index:  Finished block 26 in 0.11 seconds, found 2 clusters.
[2026-01-20 13:35:20,846] INFO spindle_dev.index:  Using epsilon-net clustering for block 27
[2026-01-20 13:35:20,973] INFO spindle_dev.index:  Finished block 27 in 0.13 seconds, found 3 clusters.
[2026-01-20 13:35:20,973] INFO spindle_dev.index:  Using epsilon-net clustering for block 28
[2026-01-20 13:35:21,083] INFO spindle_dev.index:  Finished block 28 in 0.11 seconds, found 2 clusters.
[2026-01-20 13:35:21,083] INFO spindle_dev.index:  Using epsilon-net clustering for block 29
[2026-01-20 13:35:21,190] INFO spindle_dev.index:  Finished block 29 in 0.11 seconds, found 2 clusters.
[2026-01-20 13:35:21,190] INFO spindle_dev.index:  Using epsilon-net clustering for block 30
[2026-01-20 13:35:21,299] INFO spindle_dev.index:  Finished block 30 in 0.11 seconds, found 2 clusters.
[2026-01-20 13:35:21,299] INFO spindle_dev.index:  Using epsilon-net clustering for block 31
[2026-01-20 13:35:21,407] INFO spindle_dev.index:  Finished block 31 in 0.11 seconds, found 2 clusters.
[2026-01-20 13:35:21,408] INFO spindle_dev.index:  Using epsilon-net clustering for block 32
[2026-01-20 13:35:22,108] INFO spindle_dev.index:  Finished block 32 in 0.70 seconds, found 14 clusters.
[2026-01-20 13:35:22,108] INFO spindle_dev.index:  Using epsilon-net clustering for block 33
[2026-01-20 13:35:22,274] INFO spindle_dev.index:  Finished block 33 in 0.17 seconds, found 4 clusters.
[2026-01-20 13:35:22,275] INFO spindle_dev.index:  Using epsilon-net clustering for block 34
[2026-01-20 13:35:22,712] INFO spindle_dev.index:  Finished block 34 in 0.44 seconds, found 2 clusters.
[2026-01-20 13:35:22,712] INFO spindle_dev.index: Step 2: Build DAG connections between block clusters.
[2026-01-20 13:35:22,712] INFO spindle_dev.index: Step 2.1: For each layer order the block-clusters by
[2026-01-20 13:35:22,713] INFO spindle_dev.index: Not implemented: ordering block-clusters ? How to order them?
[2026-01-20 13:35:22,713] INFO spindle_dev.index: We will use triangle inequality to order clusters.
[2026-01-20 13:35:22,713] INFO spindle_dev.index: Step 2.2: Connect block-clusters between layers based on co-occurrence in SPDs.
[2026-01-20 13:35:22,748] INFO spindle_dev.index: Check if node global_node_id matches index in nodes list
[2026-01-20 13:35:22,748] INFO spindle_dev.index: Step 2.3: Ordering block-clusters within each layer using log-Euclidean distances.
[2026-01-20 13:35:22,748] INFO spindle_dev.index: Processing cluster 3
[2026-01-20 13:35:22,748] INFO spindle_dev.index: Building SPD index with epsilon=7.687026962565294
[2026-01-20 13:35:22,748] INFO spindle_dev.index: Step 1: Cluster blocks within each class of SPD matrices.
[2026-01-20 13:35:22,912] INFO spindle_dev.index: Cluster 3: 1479 SPDs, 38 blocks
[2026-01-20 13:35:22,912] INFO spindle_dev.index:  Using epsilon-net clustering for block 0
[2026-01-20 13:35:22,993] INFO spindle_dev.index:  Finished block 0 in 0.08 seconds, found 1 clusters.
[2026-01-20 13:35:22,993] INFO spindle_dev.index:  Using epsilon-net clustering for block 1
[2026-01-20 13:35:23,072] INFO spindle_dev.index:  Finished block 1 in 0.08 seconds, found 1 clusters.
[2026-01-20 13:35:23,072] INFO spindle_dev.index:  Using epsilon-net clustering for block 2
[2026-01-20 13:35:23,149] INFO spindle_dev.index:  Finished block 2 in 0.08 seconds, found 1 clusters.
[2026-01-20 13:35:23,149] INFO spindle_dev.index:  Using epsilon-net clustering for block 3
[2026-01-20 13:35:23,242] INFO spindle_dev.index:  Finished block 3 in 0.09 seconds, found 2 clusters.
[2026-01-20 13:35:23,242] INFO spindle_dev.index:  Using epsilon-net clustering for block 4
[2026-01-20 13:35:23,318] INFO spindle_dev.index:  Finished block 4 in 0.08 seconds, found 1 clusters.
[2026-01-20 13:35:23,318] INFO spindle_dev.index:  Using epsilon-net clustering for block 5
[2026-01-20 13:35:23,411] INFO spindle_dev.index:  Finished block 5 in 0.09 seconds, found 2 clusters.
[2026-01-20 13:35:23,411] INFO spindle_dev.index:  Using epsilon-net clustering for block 6
[2026-01-20 13:35:23,491] INFO spindle_dev.index:  Finished block 6 in 0.08 seconds, found 1 clusters.
[2026-01-20 13:35:23,491] INFO spindle_dev.index:  Using epsilon-net clustering for block 7
[2026-01-20 13:35:23,585] INFO spindle_dev.index:  Finished block 7 in 0.09 seconds, found 2 clusters.
[2026-01-20 13:35:23,585] INFO spindle_dev.index:  Using epsilon-net clustering for block 8
[2026-01-20 13:35:23,679] INFO spindle_dev.index:  Finished block 8 in 0.09 seconds, found 2 clusters.
[2026-01-20 13:35:23,679] INFO spindle_dev.index:  Using epsilon-net clustering for block 9
[2026-01-20 13:35:23,785] INFO spindle_dev.index:  Finished block 9 in 0.11 seconds, found 1 clusters.
[2026-01-20 13:35:23,785] INFO spindle_dev.index:  Using epsilon-net clustering for block 10
[2026-01-20 13:35:23,881] INFO spindle_dev.index:  Finished block 10 in 0.10 seconds, found 2 clusters.
[2026-01-20 13:35:23,881] INFO spindle_dev.index:  Using epsilon-net clustering for block 11
[2026-01-20 13:35:23,977] INFO spindle_dev.index:  Finished block 11 in 0.10 seconds, found 2 clusters.
[2026-01-20 13:35:23,977] INFO spindle_dev.index:  Using epsilon-net clustering for block 12
[2026-01-20 13:35:24,075] INFO spindle_dev.index:  Finished block 12 in 0.10 seconds, found 2 clusters.
[2026-01-20 13:35:24,075] INFO spindle_dev.index:  Using epsilon-net clustering for block 13
[2026-01-20 13:35:24,175] INFO spindle_dev.index:  Finished block 13 in 0.10 seconds, found 2 clusters.
[2026-01-20 13:35:24,175] INFO spindle_dev.index:  Using epsilon-net clustering for block 14
[2026-01-20 13:35:24,274] INFO spindle_dev.index:  Finished block 14 in 0.10 seconds, found 2 clusters.
[2026-01-20 13:35:24,274] INFO spindle_dev.index:  Using epsilon-net clustering for block 15
[2026-01-20 13:35:24,371] INFO spindle_dev.index:  Finished block 15 in 0.10 seconds, found 2 clusters.
[2026-01-20 13:35:24,372] INFO spindle_dev.index:  Using epsilon-net clustering for block 16
[2026-01-20 13:35:24,471] INFO spindle_dev.index:  Finished block 16 in 0.10 seconds, found 2 clusters.
[2026-01-20 13:35:24,471] INFO spindle_dev.index:  Using epsilon-net clustering for block 17
[2026-01-20 13:35:24,574] INFO spindle_dev.index:  Finished block 17 in 0.10 seconds, found 2 clusters.
[2026-01-20 13:35:24,574] INFO spindle_dev.index:  Using epsilon-net clustering for block 18
[2026-01-20 13:35:24,674] INFO spindle_dev.index:  Finished block 18 in 0.10 seconds, found 2 clusters.
[2026-01-20 13:35:24,674] INFO spindle_dev.index:  Using epsilon-net clustering for block 19
[2026-01-20 13:35:24,774] INFO spindle_dev.index:  Finished block 19 in 0.10 seconds, found 2 clusters.
[2026-01-20 13:35:24,774] INFO spindle_dev.index:  Using epsilon-net clustering for block 20
[2026-01-20 13:35:24,926] INFO spindle_dev.index:  Finished block 20 in 0.15 seconds, found 5 clusters.
[2026-01-20 13:35:24,926] INFO spindle_dev.index:  Using epsilon-net clustering for block 21
[2026-01-20 13:35:25,056] INFO spindle_dev.index:  Finished block 21 in 0.13 seconds, found 3 clusters.
[2026-01-20 13:35:25,056] INFO spindle_dev.index:  Using epsilon-net clustering for block 22
[2026-01-20 13:35:25,201] INFO spindle_dev.index:  Finished block 22 in 0.15 seconds, found 3 clusters.
[2026-01-20 13:35:25,201] INFO spindle_dev.index:  Using epsilon-net clustering for block 23
[2026-01-20 13:35:25,356] INFO spindle_dev.index:  Finished block 23 in 0.15 seconds, found 5 clusters.
[2026-01-20 13:35:25,356] INFO spindle_dev.index:  Using epsilon-net clustering for block 24
[2026-01-20 13:35:25,497] INFO spindle_dev.index:  Finished block 24 in 0.14 seconds, found 4 clusters.
[2026-01-20 13:35:25,497] INFO spindle_dev.index:  Using epsilon-net clustering for block 25
[2026-01-20 13:35:25,653] INFO spindle_dev.index:  Finished block 25 in 0.16 seconds, found 5 clusters.
[2026-01-20 13:35:25,653] INFO spindle_dev.index:  Using epsilon-net clustering for block 26
[2026-01-20 13:35:25,823] INFO spindle_dev.index:  Finished block 26 in 0.17 seconds, found 6 clusters.
[2026-01-20 13:35:25,823] INFO spindle_dev.index:  Using epsilon-net clustering for block 27
[2026-01-20 13:35:25,981] INFO spindle_dev.index:  Finished block 27 in 0.16 seconds, found 5 clusters.
[2026-01-20 13:35:25,981] INFO spindle_dev.index:  Using epsilon-net clustering for block 28
[2026-01-20 13:35:26,138] INFO spindle_dev.index:  Finished block 28 in 0.16 seconds, found 5 clusters.
[2026-01-20 13:35:26,139] INFO spindle_dev.index:  Using epsilon-net clustering for block 29
[2026-01-20 13:35:26,296] INFO spindle_dev.index:  Finished block 29 in 0.16 seconds, found 5 clusters.
[2026-01-20 13:35:26,296] INFO spindle_dev.index:  Using epsilon-net clustering for block 30
[2026-01-20 13:35:26,438] INFO spindle_dev.index:  Finished block 30 in 0.14 seconds, found 4 clusters.
[2026-01-20 13:35:26,438] INFO spindle_dev.index:  Using epsilon-net clustering for block 31
[2026-01-20 13:35:26,613] INFO spindle_dev.index:  Finished block 31 in 0.17 seconds, found 6 clusters.
[2026-01-20 13:35:26,613] INFO spindle_dev.index:  Using epsilon-net clustering for block 32
[2026-01-20 13:35:26,770] INFO spindle_dev.index:  Finished block 32 in 0.16 seconds, found 5 clusters.
[2026-01-20 13:35:26,771] INFO spindle_dev.index:  Using epsilon-net clustering for block 33
[2026-01-20 13:35:27,041] INFO spindle_dev.index:  Finished block 33 in 0.27 seconds, found 9 clusters.
[2026-01-20 13:35:27,041] INFO spindle_dev.index:  Using epsilon-net clustering for block 34
[2026-01-20 13:35:27,935] INFO spindle_dev.index:  Finished block 34 in 0.89 seconds, found 22 clusters.
[2026-01-20 13:35:27,935] INFO spindle_dev.index:  Using epsilon-net clustering for block 35
[2026-01-20 13:35:28,056] INFO spindle_dev.index:  Finished block 35 in 0.12 seconds, found 3 clusters.
[2026-01-20 13:35:28,057] INFO spindle_dev.index:  Using epsilon-net clustering for block 36
[2026-01-20 13:35:28,195] INFO spindle_dev.index:  Finished block 36 in 0.14 seconds, found 4 clusters.
[2026-01-20 13:35:28,195] INFO spindle_dev.index:  Using epsilon-net clustering for block 37
[2026-01-20 13:35:28,500] INFO spindle_dev.index:  Finished block 37 in 0.31 seconds, found 3 clusters.
[2026-01-20 13:35:28,500] INFO spindle_dev.index: Step 2: Build DAG connections between block clusters.
[2026-01-20 13:35:28,500] INFO spindle_dev.index: Step 2.1: For each layer order the block-clusters by
[2026-01-20 13:35:28,500] INFO spindle_dev.index: Not implemented: ordering block-clusters ? How to order them?
[2026-01-20 13:35:28,500] INFO spindle_dev.index: We will use triangle inequality to order clusters.
[2026-01-20 13:35:28,500] INFO spindle_dev.index: Step 2.2: Connect block-clusters between layers based on co-occurrence in SPDs.
[2026-01-20 13:35:28,537] INFO spindle_dev.index: Check if node global_node_id matches index in nodes list
[2026-01-20 13:35:28,538] INFO spindle_dev.index: Step 2.3: Ordering block-clusters within each layer using log-Euclidean distances.
[2026-01-20 13:35:28,538] INFO spindle_dev.index: Processing cluster 4
[2026-01-20 13:35:28,538] INFO spindle_dev.index: Building SPD index with epsilon=6.851659581044885
[2026-01-20 13:35:28,538] INFO spindle_dev.index: Step 1: Cluster blocks within each class of SPD matrices.
[2026-01-20 13:35:28,667] INFO spindle_dev.index: Cluster 4: 1196 SPDs, 39 blocks
[2026-01-20 13:35:28,668] INFO spindle_dev.index:  Using epsilon-net clustering for block 0
[2026-01-20 13:35:28,738] INFO spindle_dev.index:  Finished block 0 in 0.07 seconds, found 1 clusters.
[2026-01-20 13:35:28,739] INFO spindle_dev.index:  Using epsilon-net clustering for block 1
[2026-01-20 13:35:28,840] INFO spindle_dev.index:  Finished block 1 in 0.10 seconds, found 4 clusters.
[2026-01-20 13:35:28,841] INFO spindle_dev.index:  Using epsilon-net clustering for block 2
[2026-01-20 13:35:28,941] INFO spindle_dev.index:  Finished block 2 in 0.10 seconds, found 4 clusters.
[2026-01-20 13:35:28,941] INFO spindle_dev.index:  Using epsilon-net clustering for block 3
[2026-01-20 13:35:29,056] INFO spindle_dev.index:  Finished block 3 in 0.12 seconds, found 5 clusters.
[2026-01-20 13:35:29,056] INFO spindle_dev.index:  Using epsilon-net clustering for block 4
[2026-01-20 13:35:29,158] INFO spindle_dev.index:  Finished block 4 in 0.10 seconds, found 4 clusters.
[2026-01-20 13:35:29,158] INFO spindle_dev.index:  Using epsilon-net clustering for block 5
[2026-01-20 13:35:29,290] INFO spindle_dev.index:  Finished block 5 in 0.13 seconds, found 6 clusters.
[2026-01-20 13:35:29,290] INFO spindle_dev.index:  Using epsilon-net clustering for block 6
[2026-01-20 13:35:29,434] INFO spindle_dev.index:  Finished block 6 in 0.14 seconds, found 7 clusters.
[2026-01-20 13:35:29,434] INFO spindle_dev.index:  Using epsilon-net clustering for block 7
[2026-01-20 13:35:29,570] INFO spindle_dev.index:  Finished block 7 in 0.14 seconds, found 6 clusters.
[2026-01-20 13:35:29,570] INFO spindle_dev.index:  Using epsilon-net clustering for block 8
[2026-01-20 13:35:29,700] INFO spindle_dev.index:  Finished block 8 in 0.13 seconds, found 6 clusters.
[2026-01-20 13:35:29,700] INFO spindle_dev.index:  Using epsilon-net clustering for block 9
[2026-01-20 13:35:29,830] INFO spindle_dev.index:  Finished block 9 in 0.13 seconds, found 6 clusters.
[2026-01-20 13:35:29,830] INFO spindle_dev.index:  Using epsilon-net clustering for block 10
[2026-01-20 13:35:30,026] INFO spindle_dev.index:  Finished block 10 in 0.20 seconds, found 11 clusters.
[2026-01-20 13:35:30,026] INFO spindle_dev.index:  Using epsilon-net clustering for block 11
[2026-01-20 13:35:30,183] INFO spindle_dev.index:  Finished block 11 in 0.16 seconds, found 8 clusters.
[2026-01-20 13:35:30,183] INFO spindle_dev.index:  Using epsilon-net clustering for block 12
[2026-01-20 13:35:30,342] INFO spindle_dev.index:  Finished block 12 in 0.16 seconds, found 8 clusters.
[2026-01-20 13:35:30,342] INFO spindle_dev.index:  Using epsilon-net clustering for block 13
[2026-01-20 13:35:30,514] INFO spindle_dev.index:  Finished block 13 in 0.17 seconds, found 9 clusters.
[2026-01-20 13:35:30,514] INFO spindle_dev.index:  Using epsilon-net clustering for block 14
[2026-01-20 13:35:30,687] INFO spindle_dev.index:  Finished block 14 in 0.17 seconds, found 9 clusters.
[2026-01-20 13:35:30,687] INFO spindle_dev.index:  Using epsilon-net clustering for block 15
[2026-01-20 13:35:30,883] INFO spindle_dev.index:  Finished block 15 in 0.20 seconds, found 11 clusters.
[2026-01-20 13:35:30,883] INFO spindle_dev.index:  Using epsilon-net clustering for block 16
[2026-01-20 13:35:31,084] INFO spindle_dev.index:  Finished block 16 in 0.20 seconds, found 11 clusters.
[2026-01-20 13:35:31,084] INFO spindle_dev.index:  Using epsilon-net clustering for block 17
[2026-01-20 13:35:31,326] INFO spindle_dev.index:  Finished block 17 in 0.24 seconds, found 14 clusters.
[2026-01-20 13:35:31,326] INFO spindle_dev.index:  Using epsilon-net clustering for block 18
[2026-01-20 13:35:31,582] INFO spindle_dev.index:  Finished block 18 in 0.26 seconds, found 13 clusters.
[2026-01-20 13:35:31,582] INFO spindle_dev.index:  Using epsilon-net clustering for block 19
[2026-01-20 13:35:31,810] INFO spindle_dev.index:  Finished block 19 in 0.23 seconds, found 13 clusters.
[2026-01-20 13:35:31,810] INFO spindle_dev.index:  Using epsilon-net clustering for block 20
[2026-01-20 13:35:31,997] INFO spindle_dev.index:  Finished block 20 in 0.19 seconds, found 10 clusters.
[2026-01-20 13:35:31,997] INFO spindle_dev.index:  Using epsilon-net clustering for block 21
[2026-01-20 13:35:32,149] INFO spindle_dev.index:  Finished block 21 in 0.15 seconds, found 7 clusters.
[2026-01-20 13:35:32,149] INFO spindle_dev.index:  Using epsilon-net clustering for block 22
[2026-01-20 13:35:32,287] INFO spindle_dev.index:  Finished block 22 in 0.14 seconds, found 6 clusters.
[2026-01-20 13:35:32,287] INFO spindle_dev.index:  Using epsilon-net clustering for block 23
[2026-01-20 13:35:32,451] INFO spindle_dev.index:  Finished block 23 in 0.16 seconds, found 8 clusters.
[2026-01-20 13:35:32,451] INFO spindle_dev.index:  Using epsilon-net clustering for block 24
[2026-01-20 13:35:32,563] INFO spindle_dev.index:  Finished block 24 in 0.11 seconds, found 4 clusters.
[2026-01-20 13:35:32,563] INFO spindle_dev.index:  Using epsilon-net clustering for block 25
[2026-01-20 13:35:32,681] INFO spindle_dev.index:  Finished block 25 in 0.12 seconds, found 2 clusters.
[2026-01-20 13:35:32,681] INFO spindle_dev.index:  Using epsilon-net clustering for block 26
[2026-01-20 13:35:32,769] INFO spindle_dev.index:  Finished block 26 in 0.09 seconds, found 2 clusters.
[2026-01-20 13:35:32,769] INFO spindle_dev.index:  Using epsilon-net clustering for block 27
[2026-01-20 13:35:32,855] INFO spindle_dev.index:  Finished block 27 in 0.09 seconds, found 2 clusters.
[2026-01-20 13:35:32,855] INFO spindle_dev.index:  Using epsilon-net clustering for block 28
[2026-01-20 13:35:32,941] INFO spindle_dev.index:  Finished block 28 in 0.09 seconds, found 2 clusters.
[2026-01-20 13:35:32,941] INFO spindle_dev.index:  Using epsilon-net clustering for block 29
[2026-01-20 13:35:33,028] INFO spindle_dev.index:  Finished block 29 in 0.09 seconds, found 2 clusters.
[2026-01-20 13:35:33,028] INFO spindle_dev.index:  Using epsilon-net clustering for block 30
[2026-01-20 13:35:33,129] INFO spindle_dev.index:  Finished block 30 in 0.10 seconds, found 2 clusters.
[2026-01-20 13:35:33,129] INFO spindle_dev.index:  Using epsilon-net clustering for block 31
[2026-01-20 13:35:33,249] INFO spindle_dev.index:  Finished block 31 in 0.12 seconds, found 2 clusters.
[2026-01-20 13:35:33,249] INFO spindle_dev.index:  Using epsilon-net clustering for block 32
[2026-01-20 13:35:33,371] INFO spindle_dev.index:  Finished block 32 in 0.12 seconds, found 2 clusters.
[2026-01-20 13:35:33,371] INFO spindle_dev.index:  Using epsilon-net clustering for block 33
[2026-01-20 13:35:33,467] INFO spindle_dev.index:  Finished block 33 in 0.10 seconds, found 2 clusters.
[2026-01-20 13:35:33,467] INFO spindle_dev.index:  Using epsilon-net clustering for block 34
[2026-01-20 13:35:33,593] INFO spindle_dev.index:  Finished block 34 in 0.13 seconds, found 5 clusters.
[2026-01-20 13:35:33,593] INFO spindle_dev.index:  Using epsilon-net clustering for block 35
[2026-01-20 13:35:33,747] INFO spindle_dev.index:  Finished block 35 in 0.15 seconds, found 7 clusters.
[2026-01-20 13:35:33,747] INFO spindle_dev.index:  Using epsilon-net clustering for block 36
[2026-01-20 13:35:33,819] INFO spindle_dev.index:  Finished block 36 in 0.07 seconds, found 1 clusters.
[2026-01-20 13:35:33,819] INFO spindle_dev.index:  Using epsilon-net clustering for block 37
[2026-01-20 13:35:33,932] INFO spindle_dev.index:  Finished block 37 in 0.11 seconds, found 4 clusters.
[2026-01-20 13:35:33,932] INFO spindle_dev.index:  Using epsilon-net clustering for block 38
[2026-01-20 13:35:34,444] INFO spindle_dev.index:  Finished block 38 in 0.51 seconds, found 8 clusters.
[2026-01-20 13:35:34,444] INFO spindle_dev.index: Step 2: Build DAG connections between block clusters.
[2026-01-20 13:35:34,444] INFO spindle_dev.index: Step 2.1: For each layer order the block-clusters by
[2026-01-20 13:35:34,444] INFO spindle_dev.index: Not implemented: ordering block-clusters ? How to order them?
[2026-01-20 13:35:34,444] INFO spindle_dev.index: We will use triangle inequality to order clusters.
[2026-01-20 13:35:34,444] INFO spindle_dev.index: Step 2.2: Connect block-clusters between layers based on co-occurrence in SPDs.
[2026-01-20 13:35:34,966] INFO spindle_dev.index: Check if node global_node_id matches index in nodes list
[2026-01-20 13:35:34,966] INFO spindle_dev.index: Step 2.3: Ordering block-clusters within each layer using log-Euclidean distances.
[2026-01-20 13:35:34,966] INFO spindle_dev.index: Processing cluster 5
[2026-01-20 13:35:34,967] INFO spindle_dev.index: Building SPD index with epsilon=6.414602220897768
[2026-01-20 13:35:34,967] INFO spindle_dev.index: Step 1: Cluster blocks within each class of SPD matrices.
[2026-01-20 13:35:35,022] INFO spindle_dev.index: Cluster 5: 460 SPDs, 35 blocks
[2026-01-20 13:35:35,023] INFO spindle_dev.index:  Using epsilon-net clustering for block 0
[2026-01-20 13:35:35,047] INFO spindle_dev.index:  Finished block 0 in 0.02 seconds, found 1 clusters.
[2026-01-20 13:35:35,047] INFO spindle_dev.index:  Using epsilon-net clustering for block 1
[2026-01-20 13:35:35,079] INFO spindle_dev.index:  Finished block 1 in 0.03 seconds, found 3 clusters.
[2026-01-20 13:35:35,080] INFO spindle_dev.index:  Using epsilon-net clustering for block 2
[2026-01-20 13:35:35,102] INFO spindle_dev.index:  Finished block 2 in 0.02 seconds, found 1 clusters.
[2026-01-20 13:35:35,102] INFO spindle_dev.index:  Using epsilon-net clustering for block 3
[2026-01-20 13:35:35,140] INFO spindle_dev.index:  Finished block 3 in 0.04 seconds, found 4 clusters.
[2026-01-20 13:35:35,140] INFO spindle_dev.index:  Using epsilon-net clustering for block 4
[2026-01-20 13:35:35,184] INFO spindle_dev.index:  Finished block 4 in 0.04 seconds, found 5 clusters.
[2026-01-20 13:35:35,184] INFO spindle_dev.index:  Using epsilon-net clustering for block 5
[2026-01-20 13:35:35,238] INFO spindle_dev.index:  Finished block 5 in 0.05 seconds, found 7 clusters.
[2026-01-20 13:35:35,238] INFO spindle_dev.index:  Using epsilon-net clustering for block 6
[2026-01-20 13:35:35,282] INFO spindle_dev.index:  Finished block 6 in 0.04 seconds, found 5 clusters.
[2026-01-20 13:35:35,282] INFO spindle_dev.index:  Using epsilon-net clustering for block 7
[2026-01-20 13:35:35,337] INFO spindle_dev.index:  Finished block 7 in 0.06 seconds, found 7 clusters.
[2026-01-20 13:35:35,337] INFO spindle_dev.index:  Using epsilon-net clustering for block 8
[2026-01-20 13:35:35,391] INFO spindle_dev.index:  Finished block 8 in 0.05 seconds, found 7 clusters.
[2026-01-20 13:35:35,391] INFO spindle_dev.index:  Using epsilon-net clustering for block 9
[2026-01-20 13:35:35,447] INFO spindle_dev.index:  Finished block 9 in 0.06 seconds, found 7 clusters.
[2026-01-20 13:35:35,447] INFO spindle_dev.index:  Using epsilon-net clustering for block 10
[2026-01-20 13:35:35,519] INFO spindle_dev.index:  Finished block 10 in 0.07 seconds, found 10 clusters.
[2026-01-20 13:35:35,519] INFO spindle_dev.index:  Using epsilon-net clustering for block 11
[2026-01-20 13:35:35,585] INFO spindle_dev.index:  Finished block 11 in 0.07 seconds, found 9 clusters.
[2026-01-20 13:35:35,585] INFO spindle_dev.index:  Using epsilon-net clustering for block 12
[2026-01-20 13:35:35,657] INFO spindle_dev.index:  Finished block 12 in 0.07 seconds, found 10 clusters.
[2026-01-20 13:35:35,657] INFO spindle_dev.index:  Using epsilon-net clustering for block 13
[2026-01-20 13:35:35,733] INFO spindle_dev.index:  Finished block 13 in 0.08 seconds, found 11 clusters.
[2026-01-20 13:35:35,733] INFO spindle_dev.index:  Using epsilon-net clustering for block 14
[2026-01-20 13:35:35,800] INFO spindle_dev.index:  Finished block 14 in 0.07 seconds, found 9 clusters.
[2026-01-20 13:35:35,800] INFO spindle_dev.index:  Using epsilon-net clustering for block 15
[2026-01-20 13:35:35,909] INFO spindle_dev.index:  Finished block 15 in 0.11 seconds, found 16 clusters.
[2026-01-20 13:35:35,909] INFO spindle_dev.index:  Using epsilon-net clustering for block 16
[2026-01-20 13:35:36,001] INFO spindle_dev.index:  Finished block 16 in 0.09 seconds, found 14 clusters.
[2026-01-20 13:35:36,001] INFO spindle_dev.index:  Using epsilon-net clustering for block 17
[2026-01-20 13:35:36,088] INFO spindle_dev.index:  Finished block 17 in 0.09 seconds, found 13 clusters.
[2026-01-20 13:35:36,088] INFO spindle_dev.index:  Using epsilon-net clustering for block 18
[2026-01-20 13:35:36,162] INFO spindle_dev.index:  Finished block 18 in 0.07 seconds, found 10 clusters.
[2026-01-20 13:35:36,162] INFO spindle_dev.index:  Using epsilon-net clustering for block 19
[2026-01-20 13:35:36,209] INFO spindle_dev.index:  Finished block 19 in 0.05 seconds, found 5 clusters.
[2026-01-20 13:35:36,209] INFO spindle_dev.index:  Using epsilon-net clustering for block 20
[2026-01-20 13:35:36,242] INFO spindle_dev.index:  Finished block 20 in 0.03 seconds, found 2 clusters.
[2026-01-20 13:35:36,242] INFO spindle_dev.index:  Using epsilon-net clustering for block 21
[2026-01-20 13:35:36,382] INFO spindle_dev.index:  Finished block 21 in 0.14 seconds, found 6 clusters.
[2026-01-20 13:35:36,382] INFO spindle_dev.index:  Using epsilon-net clustering for block 22
[2026-01-20 13:35:36,438] INFO spindle_dev.index:  Finished block 22 in 0.06 seconds, found 6 clusters.
[2026-01-20 13:35:36,438] INFO spindle_dev.index:  Using epsilon-net clustering for block 23
[2026-01-20 13:35:36,476] INFO spindle_dev.index:  Finished block 23 in 0.04 seconds, found 3 clusters.
[2026-01-20 13:35:36,476] INFO spindle_dev.index:  Using epsilon-net clustering for block 24
[2026-01-20 13:35:36,547] INFO spindle_dev.index:  Finished block 24 in 0.07 seconds, found 2 clusters.
[2026-01-20 13:35:36,547] INFO spindle_dev.index:  Using epsilon-net clustering for block 25
[2026-01-20 13:35:36,592] INFO spindle_dev.index:  Finished block 25 in 0.04 seconds, found 2 clusters.
[2026-01-20 13:35:36,592] INFO spindle_dev.index:  Using epsilon-net clustering for block 26
[2026-01-20 13:35:36,620] INFO spindle_dev.index:  Finished block 26 in 0.03 seconds, found 1 clusters.
[2026-01-20 13:35:36,620] INFO spindle_dev.index:  Using epsilon-net clustering for block 27
[2026-01-20 13:35:36,647] INFO spindle_dev.index:  Finished block 27 in 0.03 seconds, found 1 clusters.
[2026-01-20 13:35:36,648] INFO spindle_dev.index:  Using epsilon-net clustering for block 28
[2026-01-20 13:35:36,678] INFO spindle_dev.index:  Finished block 28 in 0.03 seconds, found 1 clusters.
[2026-01-20 13:35:36,678] INFO spindle_dev.index:  Using epsilon-net clustering for block 29
[2026-01-20 13:35:36,708] INFO spindle_dev.index:  Finished block 29 in 0.03 seconds, found 1 clusters.
[2026-01-20 13:35:36,708] INFO spindle_dev.index:  Using epsilon-net clustering for block 30
[2026-01-20 13:35:36,740] INFO spindle_dev.index:  Finished block 30 in 0.03 seconds, found 1 clusters.
[2026-01-20 13:35:36,740] INFO spindle_dev.index:  Using epsilon-net clustering for block 31
[2026-01-20 13:35:36,915] INFO spindle_dev.index:  Finished block 31 in 0.17 seconds, found 6 clusters.
[2026-01-20 13:35:36,915] INFO spindle_dev.index:  Using epsilon-net clustering for block 32
[2026-01-20 13:35:36,998] INFO spindle_dev.index:  Finished block 32 in 0.08 seconds, found 11 clusters.
[2026-01-20 13:35:36,998] INFO spindle_dev.index:  Using epsilon-net clustering for block 33
[2026-01-20 13:35:37,070] INFO spindle_dev.index:  Finished block 33 in 0.07 seconds, found 10 clusters.
[2026-01-20 13:35:37,070] INFO spindle_dev.index:  Using epsilon-net clustering for block 34
[2026-01-20 13:35:37,258] INFO spindle_dev.index:  Finished block 34 in 0.19 seconds, found 25 clusters.
[2026-01-20 13:35:37,258] INFO spindle_dev.index: Step 2: Build DAG connections between block clusters.
[2026-01-20 13:35:37,258] INFO spindle_dev.index: Step 2.1: For each layer order the block-clusters by
[2026-01-20 13:35:37,258] INFO spindle_dev.index: Not implemented: ordering block-clusters ? How to order them?
[2026-01-20 13:35:37,258] INFO spindle_dev.index: We will use triangle inequality to order clusters.
[2026-01-20 13:35:37,258] INFO spindle_dev.index: Step 2.2: Connect block-clusters between layers based on co-occurrence in SPDs.
[2026-01-20 13:35:37,270] INFO spindle_dev.index: Check if node global_node_id matches index in nodes list
[2026-01-20 13:35:37,270] INFO spindle_dev.index: Step 2.3: Ordering block-clusters within each layer using log-Euclidean distances.
[2026-01-20 13:35:37,270] INFO spindle_dev.index: Processing cluster 6
[2026-01-20 13:35:37,270] INFO spindle_dev.index: Building SPD index with epsilon=7.348541690464721
[2026-01-20 13:35:37,270] INFO spindle_dev.index: Step 1: Cluster blocks within each class of SPD matrices.
[2026-01-20 13:35:37,319] INFO spindle_dev.index: Cluster 6: 414 SPDs, 38 blocks
[2026-01-20 13:35:37,319] INFO spindle_dev.index:  Using epsilon-net clustering for block 0
[2026-01-20 13:35:37,341] INFO spindle_dev.index:  Finished block 0 in 0.02 seconds, found 1 clusters.
[2026-01-20 13:35:37,341] INFO spindle_dev.index:  Using epsilon-net clustering for block 1
[2026-01-20 13:35:37,362] INFO spindle_dev.index:  Finished block 1 in 0.02 seconds, found 1 clusters.
[2026-01-20 13:35:37,362] INFO spindle_dev.index:  Using epsilon-net clustering for block 2
[2026-01-20 13:35:37,388] INFO spindle_dev.index:  Finished block 2 in 0.03 seconds, found 2 clusters.
[2026-01-20 13:35:37,388] INFO spindle_dev.index:  Using epsilon-net clustering for block 3
[2026-01-20 13:35:37,414] INFO spindle_dev.index:  Finished block 3 in 0.03 seconds, found 2 clusters.
[2026-01-20 13:35:37,414] INFO spindle_dev.index:  Using epsilon-net clustering for block 4
[2026-01-20 13:35:37,440] INFO spindle_dev.index:  Finished block 4 in 0.03 seconds, found 2 clusters.
[2026-01-20 13:35:37,440] INFO spindle_dev.index:  Using epsilon-net clustering for block 5
[2026-01-20 13:35:37,466] INFO spindle_dev.index:  Finished block 5 in 0.03 seconds, found 2 clusters.
[2026-01-20 13:35:37,466] INFO spindle_dev.index:  Using epsilon-net clustering for block 6
[2026-01-20 13:35:37,497] INFO spindle_dev.index:  Finished block 6 in 0.03 seconds, found 3 clusters.
[2026-01-20 13:35:37,498] INFO spindle_dev.index:  Using epsilon-net clustering for block 7
[2026-01-20 13:35:37,529] INFO spindle_dev.index:  Finished block 7 in 0.03 seconds, found 3 clusters.
[2026-01-20 13:35:37,529] INFO spindle_dev.index:  Using epsilon-net clustering for block 8
[2026-01-20 13:35:37,561] INFO spindle_dev.index:  Finished block 8 in 0.03 seconds, found 3 clusters.
[2026-01-20 13:35:37,561] INFO spindle_dev.index:  Using epsilon-net clustering for block 9
[2026-01-20 13:35:37,588] INFO spindle_dev.index:  Finished block 9 in 0.03 seconds, found 2 clusters.
[2026-01-20 13:35:37,588] INFO spindle_dev.index:  Using epsilon-net clustering for block 10
[2026-01-20 13:35:37,620] INFO spindle_dev.index:  Finished block 10 in 0.03 seconds, found 3 clusters.
[2026-01-20 13:35:37,620] INFO spindle_dev.index:  Using epsilon-net clustering for block 11
[2026-01-20 13:35:37,649] INFO spindle_dev.index:  Finished block 11 in 0.03 seconds, found 2 clusters.
[2026-01-20 13:35:37,649] INFO spindle_dev.index:  Using epsilon-net clustering for block 12
[2026-01-20 13:35:37,686] INFO spindle_dev.index:  Finished block 12 in 0.04 seconds, found 4 clusters.
[2026-01-20 13:35:37,686] INFO spindle_dev.index:  Using epsilon-net clustering for block 13
[2026-01-20 13:35:37,719] INFO spindle_dev.index:  Finished block 13 in 0.03 seconds, found 3 clusters.
[2026-01-20 13:35:37,719] INFO spindle_dev.index:  Using epsilon-net clustering for block 14
[2026-01-20 13:35:37,761] INFO spindle_dev.index:  Finished block 14 in 0.04 seconds, found 5 clusters.
[2026-01-20 13:35:37,761] INFO spindle_dev.index:  Using epsilon-net clustering for block 15
[2026-01-20 13:35:37,795] INFO spindle_dev.index:  Finished block 15 in 0.03 seconds, found 3 clusters.
[2026-01-20 13:35:37,795] INFO spindle_dev.index:  Using epsilon-net clustering for block 16
[2026-01-20 13:35:37,828] INFO spindle_dev.index:  Finished block 16 in 0.03 seconds, found 3 clusters.
[2026-01-20 13:35:37,828] INFO spindle_dev.index:  Using epsilon-net clustering for block 17
[2026-01-20 13:35:37,866] INFO spindle_dev.index:  Finished block 17 in 0.04 seconds, found 4 clusters.
[2026-01-20 13:35:37,866] INFO spindle_dev.index:  Using epsilon-net clustering for block 18
[2026-01-20 13:35:37,906] INFO spindle_dev.index:  Finished block 18 in 0.04 seconds, found 4 clusters.
[2026-01-20 13:35:37,906] INFO spindle_dev.index:  Using epsilon-net clustering for block 19
[2026-01-20 13:35:37,959] INFO spindle_dev.index:  Finished block 19 in 0.05 seconds, found 7 clusters.
[2026-01-20 13:35:37,959] INFO spindle_dev.index:  Using epsilon-net clustering for block 20
[2026-01-20 13:35:37,992] INFO spindle_dev.index:  Finished block 20 in 0.03 seconds, found 3 clusters.
[2026-01-20 13:35:37,992] INFO spindle_dev.index:  Using epsilon-net clustering for block 21
[2026-01-20 13:35:38,036] INFO spindle_dev.index:  Finished block 21 in 0.04 seconds, found 5 clusters.
[2026-01-20 13:35:38,036] INFO spindle_dev.index:  Using epsilon-net clustering for block 22
[2026-01-20 13:35:38,084] INFO spindle_dev.index:  Finished block 22 in 0.05 seconds, found 4 clusters.
[2026-01-20 13:35:38,084] INFO spindle_dev.index:  Using epsilon-net clustering for block 23
[2026-01-20 13:35:38,122] INFO spindle_dev.index:  Finished block 23 in 0.04 seconds, found 4 clusters.
[2026-01-20 13:35:38,123] INFO spindle_dev.index:  Using epsilon-net clustering for block 24
[2026-01-20 13:35:38,151] INFO spindle_dev.index:  Finished block 24 in 0.03 seconds, found 2 clusters.
[2026-01-20 13:35:38,151] INFO spindle_dev.index:  Using epsilon-net clustering for block 25
[2026-01-20 13:35:38,190] INFO spindle_dev.index:  Finished block 25 in 0.04 seconds, found 4 clusters.
[2026-01-20 13:35:38,190] INFO spindle_dev.index:  Using epsilon-net clustering for block 26
[2026-01-20 13:35:38,318] INFO spindle_dev.index:  Finished block 26 in 0.13 seconds, found 4 clusters.
[2026-01-20 13:35:38,318] INFO spindle_dev.index:  Using epsilon-net clustering for block 27
[2026-01-20 13:35:38,359] INFO spindle_dev.index:  Finished block 27 in 0.04 seconds, found 4 clusters.
[2026-01-20 13:35:38,359] INFO spindle_dev.index:  Using epsilon-net clustering for block 28
[2026-01-20 13:35:38,393] INFO spindle_dev.index:  Finished block 28 in 0.03 seconds, found 3 clusters.
[2026-01-20 13:35:38,393] INFO spindle_dev.index:  Using epsilon-net clustering for block 29
[2026-01-20 13:35:38,427] INFO spindle_dev.index:  Finished block 29 in 0.03 seconds, found 3 clusters.
[2026-01-20 13:35:38,427] INFO spindle_dev.index:  Using epsilon-net clustering for block 30
[2026-01-20 13:35:38,461] INFO spindle_dev.index:  Finished block 30 in 0.03 seconds, found 2 clusters.
[2026-01-20 13:35:38,461] INFO spindle_dev.index:  Using epsilon-net clustering for block 31
[2026-01-20 13:35:38,492] INFO spindle_dev.index:  Finished block 31 in 0.03 seconds, found 2 clusters.
[2026-01-20 13:35:38,492] INFO spindle_dev.index:  Using epsilon-net clustering for block 32
[2026-01-20 13:35:38,526] INFO spindle_dev.index:  Finished block 32 in 0.03 seconds, found 3 clusters.
[2026-01-20 13:35:38,526] INFO spindle_dev.index:  Using epsilon-net clustering for block 33
[2026-01-20 13:35:38,556] INFO spindle_dev.index:  Finished block 33 in 0.03 seconds, found 2 clusters.
[2026-01-20 13:35:38,556] INFO spindle_dev.index:  Using epsilon-net clustering for block 34
[2026-01-20 13:35:38,586] INFO spindle_dev.index:  Finished block 34 in 0.03 seconds, found 2 clusters.
[2026-01-20 13:35:38,586] INFO spindle_dev.index:  Using epsilon-net clustering for block 35
[2026-01-20 13:35:38,753] INFO spindle_dev.index:  Finished block 35 in 0.17 seconds, found 6 clusters.
[2026-01-20 13:35:38,754] INFO spindle_dev.index:  Using epsilon-net clustering for block 36
[2026-01-20 13:35:38,790] INFO spindle_dev.index:  Finished block 36 in 0.04 seconds, found 2 clusters.
[2026-01-20 13:35:38,790] INFO spindle_dev.index:  Using epsilon-net clustering for block 37
[2026-01-20 13:35:38,823] INFO spindle_dev.index:  Finished block 37 in 0.03 seconds, found 3 clusters.
[2026-01-20 13:35:38,823] INFO spindle_dev.index: Step 2: Build DAG connections between block clusters.
[2026-01-20 13:35:38,823] INFO spindle_dev.index: Step 2.1: For each layer order the block-clusters by
[2026-01-20 13:35:38,823] INFO spindle_dev.index: Not implemented: ordering block-clusters ? How to order them?
[2026-01-20 13:35:38,823] INFO spindle_dev.index: We will use triangle inequality to order clusters.
[2026-01-20 13:35:38,823] INFO spindle_dev.index: Step 2.2: Connect block-clusters between layers based on co-occurrence in SPDs.
[2026-01-20 13:35:38,834] INFO spindle_dev.index: Check if node global_node_id matches index in nodes list
[2026-01-20 13:35:38,834] INFO spindle_dev.index: Step 2.3: Ordering block-clusters within each layer using log-Euclidean distances.
[2026-01-20 13:35:38,834] INFO spindle_dev.index: Processing cluster 7
[2026-01-20 13:35:38,834] INFO spindle_dev.index: Building SPD index with epsilon=1.8774843590512265
[2026-01-20 13:35:38,834] INFO spindle_dev.index: Step 1: Cluster blocks within each class of SPD matrices.
[2026-01-20 13:35:38,839] INFO spindle_dev.index: Cluster 7: 34 SPDs, 19 blocks
[2026-01-20 13:35:38,839] INFO spindle_dev.index:  Using epsilon-net clustering for block 0
[2026-01-20 13:35:38,842] INFO spindle_dev.index:  Finished block 0 in 0.00 seconds, found 1 clusters.
[2026-01-20 13:35:38,842] INFO spindle_dev.index:  Using epsilon-net clustering for block 1
[2026-01-20 13:35:38,846] INFO spindle_dev.index:  Finished block 1 in 0.00 seconds, found 6 clusters.
[2026-01-20 13:35:38,846] INFO spindle_dev.index:  Using epsilon-net clustering for block 2
[2026-01-20 13:35:38,850] INFO spindle_dev.index:  Finished block 2 in 0.00 seconds, found 7 clusters.
[2026-01-20 13:35:38,850] INFO spindle_dev.index:  Using epsilon-net clustering for block 3
[2026-01-20 13:35:38,854] INFO spindle_dev.index:  Finished block 3 in 0.00 seconds, found 8 clusters.
[2026-01-20 13:35:38,854] INFO spindle_dev.index:  Using epsilon-net clustering for block 4
[2026-01-20 13:35:38,858] INFO spindle_dev.index:  Finished block 4 in 0.00 seconds, found 5 clusters.
[2026-01-20 13:35:38,858] INFO spindle_dev.index:  Using epsilon-net clustering for block 5
[2026-01-20 13:35:38,863] INFO spindle_dev.index:  Finished block 5 in 0.01 seconds, found 9 clusters.
[2026-01-20 13:35:38,863] INFO spindle_dev.index:  Using epsilon-net clustering for block 6
[2026-01-20 13:35:38,870] INFO spindle_dev.index:  Finished block 6 in 0.01 seconds, found 13 clusters.
[2026-01-20 13:35:38,870] INFO spindle_dev.index:  Using epsilon-net clustering for block 7
[2026-01-20 13:35:38,875] INFO spindle_dev.index:  Finished block 7 in 0.00 seconds, found 8 clusters.
[2026-01-20 13:35:38,875] INFO spindle_dev.index:  Using epsilon-net clustering for block 8
[2026-01-20 13:35:38,881] INFO spindle_dev.index:  Finished block 8 in 0.01 seconds, found 10 clusters.
[2026-01-20 13:35:38,881] INFO spindle_dev.index:  Using epsilon-net clustering for block 9
[2026-01-20 13:35:38,888] INFO spindle_dev.index:  Finished block 9 in 0.01 seconds, found 14 clusters.
[2026-01-20 13:35:38,888] INFO spindle_dev.index:  Using epsilon-net clustering for block 10
[2026-01-20 13:35:38,894] INFO spindle_dev.index:  Finished block 10 in 0.01 seconds, found 13 clusters.
[2026-01-20 13:35:38,895] INFO spindle_dev.index:  Using epsilon-net clustering for block 11
[2026-01-20 13:35:38,915] INFO spindle_dev.index:  Finished block 11 in 0.02 seconds, found 33 clusters.
[2026-01-20 13:35:38,916] INFO spindle_dev.index:  Using epsilon-net clustering for block 12
[2026-01-20 13:35:38,920] INFO spindle_dev.index:  Finished block 12 in 0.00 seconds, found 9 clusters.
[2026-01-20 13:35:38,920] INFO spindle_dev.index:  Using epsilon-net clustering for block 13
[2026-01-20 13:35:38,924] INFO spindle_dev.index:  Finished block 13 in 0.00 seconds, found 5 clusters.
[2026-01-20 13:35:38,924] INFO spindle_dev.index:  Using epsilon-net clustering for block 14
[2026-01-20 13:35:38,928] INFO spindle_dev.index:  Finished block 14 in 0.00 seconds, found 7 clusters.
[2026-01-20 13:35:38,928] INFO spindle_dev.index:  Using epsilon-net clustering for block 15
[2026-01-20 13:35:38,934] INFO spindle_dev.index:  Finished block 15 in 0.01 seconds, found 11 clusters.
[2026-01-20 13:35:38,934] INFO spindle_dev.index:  Using epsilon-net clustering for block 16
[2026-01-20 13:35:38,939] INFO spindle_dev.index:  Finished block 16 in 0.00 seconds, found 1 clusters.
[2026-01-20 13:35:38,939] INFO spindle_dev.index:  Using epsilon-net clustering for block 17
[2026-01-20 13:35:42,903] INFO spindle_dev.index:  Finished block 17 in 3.96 seconds, found 1 clusters.
[2026-01-20 13:35:42,904] INFO spindle_dev.index:  Using epsilon-net clustering for block 18
[2026-01-20 13:35:46,872] INFO spindle_dev.index:  Finished block 18 in 3.97 seconds, found 1 clusters.
[2026-01-20 13:35:46,872] INFO spindle_dev.index: Step 2: Build DAG connections between block clusters.
[2026-01-20 13:35:46,872] INFO spindle_dev.index: Step 2.1: For each layer order the block-clusters by
[2026-01-20 13:35:46,872] INFO spindle_dev.index: Not implemented: ordering block-clusters ? How to order them?
[2026-01-20 13:35:46,872] INFO spindle_dev.index: We will use triangle inequality to order clusters.
[2026-01-20 13:35:46,872] INFO spindle_dev.index: Step 2.2: Connect block-clusters between layers based on co-occurrence in SPDs.
[2026-01-20 13:35:46,874] INFO spindle_dev.index: Check if node global_node_id matches index in nodes list
[2026-01-20 13:35:46,874] INFO spindle_dev.index: Step 2.3: Ordering block-clusters within each layer using log-Euclidean distances.
[2026-01-20 13:36:02,368] INFO spindle_dev.test: Built ground-truth paths for 3053 SPDs in cluster 0 across 36 blocks.
[2026-01-20 13:36:13,937] INFO spindle_dev.test: Built ground-truth paths for 2643 SPDs in cluster 1 across 36 blocks.
[2026-01-20 13:36:17,503] INFO spindle_dev.test: Built ground-truth paths for 1523 SPDs in cluster 2 across 35 blocks.
[2026-01-20 13:36:21,159] INFO spindle_dev.test: Built ground-truth paths for 1479 SPDs in cluster 3 across 38 blocks.
[2026-01-20 13:36:23,779] INFO spindle_dev.test: Built ground-truth paths for 1196 SPDs in cluster 4 across 39 blocks.
[2026-01-20 13:36:24,131] INFO spindle_dev.test: Built ground-truth paths for 460 SPDs in cluster 5 across 35 blocks.
[2026-01-20 13:36:24,428] INFO spindle_dev.test: Built ground-truth paths for 414 SPDs in cluster 6 across 38 blocks.
[2026-01-20 13:36:24,430] INFO spindle_dev.test: Built ground-truth paths for 34 SPDs in cluster 7 across 19 blocks.
[2026-01-20 13:36:45,934] INFO spindle_dev.index: Clustering SPD-s using 'tree' distance.
[2026-01-20 13:36:45,934] INFO spindle_dev.index: Building ultrametric features from SPD matrices.
[2026-01-20 13:37:06,880] INFO spindle_dev.index: Computing latent features from the tree representations.
[2026-01-20 13:37:07,350] INFO spindle_dev.index: Reducing latent features to 30 dimensions using PCA.
[2026-01-20 13:37:19,436] INFO spindle_dev.index: Explained variance ratios by PCA components: [0.02177409 0.01621489 0.01402322 0.01061548 0.00804401 0.00778217
 0.00701543 0.00619309 0.00554718 0.00534228 0.00509347 0.00502122
 0.0047046  0.00462159 0.00455817 0.00440397 0.00429407 0.00424094
 0.00418784 0.00394087 0.0039099  0.00384954 0.00378505 0.0037558
 0.00374439 0.00363669 0.00356704 0.00348344 0.00337764 0.00329356]
[2026-01-20 13:37:19,437] INFO spindle_dev.index: Reducing latent features to 2 dimensions using UMAP.
/panfs/accrepfs.vampire/home/sarkah1/miniforge3/envs/spatial/lib/python3.10/site-packages/umap/umap_.py:1952: UserWarning: n_jobs value 1 overridden to 1 by setting random_state. Use no seed for parallelism.
  warn(
[2026-01-20 13:37:20,705] INFO spindle_dev.index: Clustering SPD-s using 'tree' distance.
[2026-01-20 13:37:20,705] INFO spindle_dev.index: Clustering SPD matrices using Leiden clustering with resolution 0.50.
[2026-01-20 13:37:20,746] INFO spindle_dev.index: Since clustering method is tree, I am going to find global order per cluster
[2026-01-20 13:37:20,747] INFO spindle_dev.index: Finding consensus tree for cluster 0
[2026-01-20 13:37:20,811] INFO spindle_dev.index: Finding consensus tree for cluster 1
[2026-01-20 13:37:20,868] INFO spindle_dev.index: Finding consensus tree for cluster 2
[2026-01-20 13:37:20,918] INFO spindle_dev.index: Finding consensus tree for cluster 3
[2026-01-20 13:37:20,957] INFO spindle_dev.index: Finding consensus tree for cluster 4
[2026-01-20 13:37:20,995] INFO spindle_dev.index: Finding consensus tree for cluster 5
[2026-01-20 13:37:21,196] INFO spindle_dev.index: Computing mean correlation matrix for cluster 0
[2026-01-20 13:37:35,181] INFO spindle_dev.index: Computing mean correlation matrix for cluster 1
[2026-01-20 13:37:39,790] INFO spindle_dev.index: Computing mean correlation matrix for cluster 2
[2026-01-20 13:37:43,978] INFO spindle_dev.index: Computing mean correlation matrix for cluster 3
[2026-01-20 13:37:48,004] INFO spindle_dev.index: Computing mean correlation matrix for cluster 4
[2026-01-20 13:37:51,068] INFO spindle_dev.index: Computing mean correlation matrix for cluster 5
[2026-01-20 13:37:52,124] INFO spindle_dev.index: Finding adaptive block runs for cluster 0
[2026-01-20 13:37:52,751] INFO spindle_dev.index:  Chose t=0.9156707036128818 resulting in 201 blocks instead of 188 blocks would have gotten by default
[2026-01-20 13:37:52,800] INFO spindle_dev.index:  Final block runs for cluster 0: 25 blocks.
[2026-01-20 13:37:52,800] INFO spindle_dev.index: Finding adaptive block runs for cluster 1
[2026-01-20 13:37:53,392] INFO spindle_dev.index:  Chose t=0.9043303022203169 resulting in 210 blocks instead of 171 blocks would have gotten by default
[2026-01-20 13:37:53,444] INFO spindle_dev.index:  Final block runs for cluster 1: 27 blocks.
[2026-01-20 13:37:53,444] INFO spindle_dev.index: Finding adaptive block runs for cluster 2
[2026-01-20 13:37:54,045] INFO spindle_dev.index:  Chose t=0.9146734050499059 resulting in 199 blocks instead of 191 blocks would have gotten by default
[2026-01-20 13:37:54,094] INFO spindle_dev.index:  Final block runs for cluster 2: 27 blocks.
[2026-01-20 13:37:54,094] INFO spindle_dev.index: Finding adaptive block runs for cluster 3
[2026-01-20 13:37:54,690] INFO spindle_dev.index:  Chose t=0.9197732613802214 resulting in 224 blocks instead of 223 blocks would have gotten by default
[2026-01-20 13:37:54,752] INFO spindle_dev.index:  Final block runs for cluster 3: 26 blocks.
[2026-01-20 13:37:54,752] INFO spindle_dev.index: Finding adaptive block runs for cluster 4
[2026-01-20 13:37:55,356] INFO spindle_dev.index:  Chose t=0.9274690944099538 resulting in 163 blocks instead of 177 blocks would have gotten by default
[2026-01-20 13:37:55,389] INFO spindle_dev.index:  Final block runs for cluster 4: 21 blocks.
[2026-01-20 13:37:55,389] INFO spindle_dev.index: Finding adaptive block runs for cluster 5
[2026-01-20 13:37:56,025] INFO spindle_dev.index:  Chose t=0.8917303715632674 resulting in 185 blocks instead of 137 blocks would have gotten by default
[2026-01-20 13:37:56,070] INFO spindle_dev.index:  Final block runs for cluster 5: 25 blocks.
[2026-01-20 13:37:59,462] INFO spindle_dev.index: Processing cluster 0
[2026-01-20 13:37:59,462] INFO spindle_dev.index: Building SPD index with epsilon=5.515774736849565
[2026-01-20 13:37:59,462] INFO spindle_dev.index: Step 1: Cluster blocks within each class of SPD matrices.
[2026-01-20 13:37:59,480] INFO spindle_dev.index: Cluster 0: 196 SPDs, 25 blocks
[2026-01-20 13:37:59,480] INFO spindle_dev.index:  Using epsilon-net clustering for block 0
[2026-01-20 13:37:59,509] INFO spindle_dev.index:  Finished block 0 in 0.03 seconds, found 8 clusters.
[2026-01-20 13:37:59,509] INFO spindle_dev.index:  Using epsilon-net clustering for block 1
[2026-01-20 13:37:59,549] INFO spindle_dev.index:  Finished block 1 in 0.04 seconds, found 14 clusters.
[2026-01-20 13:37:59,549] INFO spindle_dev.index:  Using epsilon-net clustering for block 2
[2026-01-20 13:37:59,589] INFO spindle_dev.index:  Finished block 2 in 0.04 seconds, found 14 clusters.
[2026-01-20 13:37:59,589] INFO spindle_dev.index:  Using epsilon-net clustering for block 3
[2026-01-20 13:37:59,635] INFO spindle_dev.index:  Finished block 3 in 0.05 seconds, found 17 clusters.
[2026-01-20 13:37:59,635] INFO spindle_dev.index:  Using epsilon-net clustering for block 4
[2026-01-20 13:37:59,678] INFO spindle_dev.index:  Finished block 4 in 0.04 seconds, found 15 clusters.
[2026-01-20 13:37:59,678] INFO spindle_dev.index:  Using epsilon-net clustering for block 5
[2026-01-20 13:37:59,721] INFO spindle_dev.index:  Finished block 5 in 0.04 seconds, found 16 clusters.
[2026-01-20 13:37:59,721] INFO spindle_dev.index:  Using epsilon-net clustering for block 6
[2026-01-20 13:37:59,763] INFO spindle_dev.index:  Finished block 6 in 0.04 seconds, found 15 clusters.
[2026-01-20 13:37:59,763] INFO spindle_dev.index:  Using epsilon-net clustering for block 7
[2026-01-20 13:37:59,801] INFO spindle_dev.index:  Finished block 7 in 0.04 seconds, found 13 clusters.
[2026-01-20 13:37:59,801] INFO spindle_dev.index:  Using epsilon-net clustering for block 8
[2026-01-20 13:37:59,834] INFO spindle_dev.index:  Finished block 8 in 0.03 seconds, found 11 clusters.
[2026-01-20 13:37:59,834] INFO spindle_dev.index:  Using epsilon-net clustering for block 9
[2026-01-20 13:37:59,899] INFO spindle_dev.index:  Finished block 9 in 0.07 seconds, found 23 clusters.
[2026-01-20 13:37:59,899] INFO spindle_dev.index:  Using epsilon-net clustering for block 10
[2026-01-20 13:37:59,930] INFO spindle_dev.index:  Finished block 10 in 0.03 seconds, found 10 clusters.
[2026-01-20 13:37:59,930] INFO spindle_dev.index:  Using epsilon-net clustering for block 11
[2026-01-20 13:37:59,964] INFO spindle_dev.index:  Finished block 11 in 0.03 seconds, found 11 clusters.
[2026-01-20 13:37:59,964] INFO spindle_dev.index:  Using epsilon-net clustering for block 12
[2026-01-20 13:37:59,999] INFO spindle_dev.index:  Finished block 12 in 0.04 seconds, found 11 clusters.
[2026-01-20 13:37:59,999] INFO spindle_dev.index:  Using epsilon-net clustering for block 13
[2026-01-20 13:38:00,051] INFO spindle_dev.index:  Finished block 13 in 0.05 seconds, found 16 clusters.
[2026-01-20 13:38:00,051] INFO spindle_dev.index:  Using epsilon-net clustering for block 14
[2026-01-20 13:38:00,073] INFO spindle_dev.index:  Finished block 14 in 0.02 seconds, found 6 clusters.
[2026-01-20 13:38:00,073] INFO spindle_dev.index:  Using epsilon-net clustering for block 15
[2026-01-20 13:38:00,100] INFO spindle_dev.index:  Finished block 15 in 0.03 seconds, found 8 clusters.
[2026-01-20 13:38:00,100] INFO spindle_dev.index:  Using epsilon-net clustering for block 16
[2026-01-20 13:38:00,121] INFO spindle_dev.index:  Finished block 16 in 0.02 seconds, found 5 clusters.
[2026-01-20 13:38:00,159] INFO spindle_dev.index:  Using epsilon-net clustering for block 17
[2026-01-20 13:38:00,175] INFO spindle_dev.index:  Finished block 17 in 0.02 seconds, found 1 clusters.
[2026-01-20 13:38:00,175] INFO spindle_dev.index:  Using epsilon-net clustering for block 18
[2026-01-20 13:38:00,220] INFO spindle_dev.index:  Finished block 18 in 0.04 seconds, found 1 clusters.
[2026-01-20 13:38:00,220] INFO spindle_dev.index:  Using epsilon-net clustering for block 19
[2026-01-20 13:38:00,238] INFO spindle_dev.index:  Finished block 19 in 0.02 seconds, found 4 clusters.
[2026-01-20 13:38:00,238] INFO spindle_dev.index:  Using epsilon-net clustering for block 20
[2026-01-20 13:38:00,268] INFO spindle_dev.index:  Finished block 20 in 0.03 seconds, found 1 clusters.
[2026-01-20 13:38:00,268] INFO spindle_dev.index:  Using epsilon-net clustering for block 21
[2026-01-20 13:38:00,299] INFO spindle_dev.index:  Finished block 21 in 0.03 seconds, found 2 clusters.
[2026-01-20 13:38:00,299] INFO spindle_dev.index:  Using epsilon-net clustering for block 22
[2026-01-20 13:38:00,323] INFO spindle_dev.index:  Finished block 22 in 0.02 seconds, found 5 clusters.
[2026-01-20 13:38:00,323] INFO spindle_dev.index:  Using epsilon-net clustering for block 23
[2026-01-20 13:38:00,350] INFO spindle_dev.index:  Finished block 23 in 0.03 seconds, found 4 clusters.
[2026-01-20 13:38:00,350] INFO spindle_dev.index:  Using epsilon-net clustering for block 24
[2026-01-20 13:38:00,374] INFO spindle_dev.index:  Finished block 24 in 0.02 seconds, found 2 clusters.
[2026-01-20 13:38:00,374] INFO spindle_dev.index: Step 2: Build DAG connections between block clusters.
[2026-01-20 13:38:00,374] INFO spindle_dev.index: Step 2.1: For each layer order the block-clusters by
[2026-01-20 13:38:00,374] INFO spindle_dev.index: Not implemented: ordering block-clusters ? How to order them?
[2026-01-20 13:38:00,374] INFO spindle_dev.index: We will use triangle inequality to order clusters.
[2026-01-20 13:38:00,374] INFO spindle_dev.index: Step 2.2: Connect block-clusters between layers based on co-occurrence in SPDs.
[2026-01-20 13:38:00,378] INFO spindle_dev.index: Check if node global_node_id matches index in nodes list
[2026-01-20 13:38:00,378] INFO spindle_dev.index: Step 2.3: Ordering block-clusters within each layer using log-Euclidean distances.
[2026-01-20 13:38:00,378] INFO spindle_dev.index: Processing cluster 1
[2026-01-20 13:38:00,379] INFO spindle_dev.index: Building SPD index with epsilon=6.060163377910802
[2026-01-20 13:38:00,379] INFO spindle_dev.index: Step 1: Cluster blocks within each class of SPD matrices.
[2026-01-20 13:38:00,393] INFO spindle_dev.index: Cluster 1: 178 SPDs, 27 blocks
[2026-01-20 13:38:00,394] INFO spindle_dev.index:  Using epsilon-net clustering for block 0
[2026-01-20 13:38:00,409] INFO spindle_dev.index:  Finished block 0 in 0.02 seconds, found 4 clusters.
[2026-01-20 13:38:00,409] INFO spindle_dev.index:  Using epsilon-net clustering for block 1
[2026-01-20 13:38:00,427] INFO spindle_dev.index:  Finished block 1 in 0.02 seconds, found 5 clusters.
[2026-01-20 13:38:00,427] INFO spindle_dev.index:  Using epsilon-net clustering for block 2
[2026-01-20 13:38:00,452] INFO spindle_dev.index:  Finished block 2 in 0.03 seconds, found 9 clusters.
[2026-01-20 13:38:00,452] INFO spindle_dev.index:  Using epsilon-net clustering for block 3
[2026-01-20 13:38:00,482] INFO spindle_dev.index:  Finished block 3 in 0.03 seconds, found 11 clusters.
[2026-01-20 13:38:00,482] INFO spindle_dev.index:  Using epsilon-net clustering for block 4
[2026-01-20 13:38:00,509] INFO spindle_dev.index:  Finished block 4 in 0.03 seconds, found 10 clusters.
[2026-01-20 13:38:00,509] INFO spindle_dev.index:  Using epsilon-net clustering for block 5
[2026-01-20 13:38:00,533] INFO spindle_dev.index:  Finished block 5 in 0.02 seconds, found 8 clusters.
[2026-01-20 13:38:00,533] INFO spindle_dev.index:  Using epsilon-net clustering for block 6
[2026-01-20 13:38:00,563] INFO spindle_dev.index:  Finished block 6 in 0.03 seconds, found 11 clusters.
[2026-01-20 13:38:00,563] INFO spindle_dev.index:  Using epsilon-net clustering for block 7
[2026-01-20 13:38:00,593] INFO spindle_dev.index:  Finished block 7 in 0.03 seconds, found 11 clusters.
[2026-01-20 13:38:00,593] INFO spindle_dev.index:  Using epsilon-net clustering for block 8
[2026-01-20 13:38:00,627] INFO spindle_dev.index:  Finished block 8 in 0.03 seconds, found 13 clusters.
[2026-01-20 13:38:00,627] INFO spindle_dev.index:  Using epsilon-net clustering for block 9
[2026-01-20 13:38:00,656] INFO spindle_dev.index:  Finished block 9 in 0.03 seconds, found 10 clusters.
[2026-01-20 13:38:00,656] INFO spindle_dev.index:  Using epsilon-net clustering for block 10
[2026-01-20 13:38:00,680] INFO spindle_dev.index:  Finished block 10 in 0.02 seconds, found 8 clusters.
[2026-01-20 13:38:00,680] INFO spindle_dev.index:  Using epsilon-net clustering for block 11
[2026-01-20 13:38:00,705] INFO spindle_dev.index:  Finished block 11 in 0.03 seconds, found 8 clusters.
[2026-01-20 13:38:00,705] INFO spindle_dev.index:  Using epsilon-net clustering for block 12
[2026-01-20 13:38:00,724] INFO spindle_dev.index:  Finished block 12 in 0.02 seconds, found 5 clusters.
[2026-01-20 13:38:00,724] INFO spindle_dev.index:  Using epsilon-net clustering for block 13
[2026-01-20 13:38:00,754] INFO spindle_dev.index:  Finished block 13 in 0.03 seconds, found 10 clusters.
[2026-01-20 13:38:00,754] INFO spindle_dev.index:  Using epsilon-net clustering for block 14
[2026-01-20 13:38:00,781] INFO spindle_dev.index:  Finished block 14 in 0.03 seconds, found 7 clusters.
[2026-01-20 13:38:00,781] INFO spindle_dev.index:  Using epsilon-net clustering for block 15
[2026-01-20 13:38:00,805] INFO spindle_dev.index:  Finished block 15 in 0.02 seconds, found 7 clusters.
[2026-01-20 13:38:00,805] INFO spindle_dev.index:  Using epsilon-net clustering for block 16
[2026-01-20 13:38:00,822] INFO spindle_dev.index:  Finished block 16 in 0.02 seconds, found 4 clusters.
[2026-01-20 13:38:00,822] INFO spindle_dev.index:  Using epsilon-net clustering for block 17
[2026-01-20 13:38:00,841] INFO spindle_dev.index:  Finished block 17 in 0.02 seconds, found 2 clusters.
[2026-01-20 13:38:00,841] INFO spindle_dev.index:  Using epsilon-net clustering for block 18
[2026-01-20 13:38:00,860] INFO spindle_dev.index:  Finished block 18 in 0.02 seconds, found 4 clusters.
[2026-01-20 13:38:00,860] INFO spindle_dev.index:  Using epsilon-net clustering for block 19
[2026-01-20 13:38:00,892] INFO spindle_dev.index:  Finished block 19 in 0.03 seconds, found 4 clusters.
[2026-01-20 13:38:00,892] INFO spindle_dev.index:  Using epsilon-net clustering for block 20
[2026-01-20 13:38:00,919] INFO spindle_dev.index:  Finished block 20 in 0.03 seconds, found 3 clusters.
[2026-01-20 13:38:00,919] INFO spindle_dev.index:  Using epsilon-net clustering for block 21
[2026-01-20 13:38:00,941] INFO spindle_dev.index:  Finished block 21 in 0.02 seconds, found 6 clusters.
[2026-01-20 13:38:00,941] INFO spindle_dev.index:  Using epsilon-net clustering for block 22
[2026-01-20 13:38:00,964] INFO spindle_dev.index:  Finished block 22 in 0.02 seconds, found 7 clusters.
[2026-01-20 13:38:00,964] INFO spindle_dev.index:  Using epsilon-net clustering for block 23
[2026-01-20 13:38:00,980] INFO spindle_dev.index:  Finished block 23 in 0.02 seconds, found 2 clusters.
[2026-01-20 13:38:00,980] INFO spindle_dev.index:  Using epsilon-net clustering for block 24
[2026-01-20 13:38:01,024] INFO spindle_dev.index:  Finished block 24 in 0.04 seconds, found 3 clusters.
[2026-01-20 13:38:01,024] INFO spindle_dev.index:  Using epsilon-net clustering for block 25
[2026-01-20 13:38:01,042] INFO spindle_dev.index:  Finished block 25 in 0.02 seconds, found 2 clusters.
[2026-01-20 13:38:01,042] INFO spindle_dev.index:  Using epsilon-net clustering for block 26
[2026-01-20 13:38:01,069] INFO spindle_dev.index:  Finished block 26 in 0.03 seconds, found 8 clusters.
[2026-01-20 13:38:01,069] INFO spindle_dev.index: Step 2: Build DAG connections between block clusters.
[2026-01-20 13:38:01,069] INFO spindle_dev.index: Step 2.1: For each layer order the block-clusters by
[2026-01-20 13:38:01,072] INFO spindle_dev.index: Not implemented: ordering block-clusters ? How to order them?
[2026-01-20 13:38:01,072] INFO spindle_dev.index: We will use triangle inequality to order clusters.
[2026-01-20 13:38:01,072] INFO spindle_dev.index: Step 2.2: Connect block-clusters between layers based on co-occurrence in SPDs.
[2026-01-20 13:38:01,077] INFO spindle_dev.index: Check if node global_node_id matches index in nodes list
[2026-01-20 13:38:01,077] INFO spindle_dev.index: Step 2.3: Ordering block-clusters within each layer using log-Euclidean distances.
[2026-01-20 13:38:01,077] INFO spindle_dev.index: Processing cluster 2
[2026-01-20 13:38:01,077] INFO spindle_dev.index: Building SPD index with epsilon=7.402832328795446
[2026-01-20 13:38:01,077] INFO spindle_dev.index: Step 1: Cluster blocks within each class of SPD matrices.
[2026-01-20 13:38:01,090] INFO spindle_dev.index: Cluster 2: 162 SPDs, 27 blocks
[2026-01-20 13:38:01,091] INFO spindle_dev.index:  Using epsilon-net clustering for block 0
[2026-01-20 13:38:01,100] INFO spindle_dev.index:  Finished block 0 in 0.01 seconds, found 1 clusters.
[2026-01-20 13:38:01,100] INFO spindle_dev.index:  Using epsilon-net clustering for block 1
[2026-01-20 13:38:01,111] INFO spindle_dev.index:  Finished block 1 in 0.01 seconds, found 2 clusters.
[2026-01-20 13:38:01,111] INFO spindle_dev.index:  Using epsilon-net clustering for block 2
[2026-01-20 13:38:01,123] INFO spindle_dev.index:  Finished block 2 in 0.01 seconds, found 3 clusters.
[2026-01-20 13:38:01,123] INFO spindle_dev.index:  Using epsilon-net clustering for block 3
[2026-01-20 13:38:01,134] INFO spindle_dev.index:  Finished block 3 in 0.01 seconds, found 2 clusters.
[2026-01-20 13:38:01,134] INFO spindle_dev.index:  Using epsilon-net clustering for block 4
[2026-01-20 13:38:01,145] INFO spindle_dev.index:  Finished block 4 in 0.01 seconds, found 2 clusters.
[2026-01-20 13:38:01,145] INFO spindle_dev.index:  Using epsilon-net clustering for block 5
[2026-01-20 13:38:01,158] INFO spindle_dev.index:  Finished block 5 in 0.01 seconds, found 3 clusters.
[2026-01-20 13:38:01,158] INFO spindle_dev.index:  Using epsilon-net clustering for block 6
[2026-01-20 13:38:01,169] INFO spindle_dev.index:  Finished block 6 in 0.01 seconds, found 2 clusters.
[2026-01-20 13:38:01,169] INFO spindle_dev.index:  Using epsilon-net clustering for block 7
[2026-01-20 13:38:01,182] INFO spindle_dev.index:  Finished block 7 in 0.01 seconds, found 3 clusters.
[2026-01-20 13:38:01,182] INFO spindle_dev.index:  Using epsilon-net clustering for block 8
[2026-01-20 13:38:01,196] INFO spindle_dev.index:  Finished block 8 in 0.01 seconds, found 3 clusters.
[2026-01-20 13:38:01,196] INFO spindle_dev.index:  Using epsilon-net clustering for block 9
[2026-01-20 13:38:01,209] INFO spindle_dev.index:  Finished block 9 in 0.01 seconds, found 3 clusters.
[2026-01-20 13:38:01,209] INFO spindle_dev.index:  Using epsilon-net clustering for block 10
[2026-01-20 13:38:01,223] INFO spindle_dev.index:  Finished block 10 in 0.01 seconds, found 3 clusters.
[2026-01-20 13:38:01,223] INFO spindle_dev.index:  Using epsilon-net clustering for block 11
[2026-01-20 13:38:01,238] INFO spindle_dev.index:  Finished block 11 in 0.01 seconds, found 4 clusters.
[2026-01-20 13:38:01,238] INFO spindle_dev.index:  Using epsilon-net clustering for block 12
[2026-01-20 13:38:01,254] INFO spindle_dev.index:  Finished block 12 in 0.02 seconds, found 5 clusters.
[2026-01-20 13:38:01,254] INFO spindle_dev.index:  Using epsilon-net clustering for block 13
[2026-01-20 13:38:01,270] INFO spindle_dev.index:  Finished block 13 in 0.02 seconds, found 4 clusters.
[2026-01-20 13:38:01,270] INFO spindle_dev.index:  Using epsilon-net clustering for block 14
[2026-01-20 13:38:01,285] INFO spindle_dev.index:  Finished block 14 in 0.01 seconds, found 4 clusters.
[2026-01-20 13:38:01,285] INFO spindle_dev.index:  Using epsilon-net clustering for block 15
[2026-01-20 13:38:01,302] INFO spindle_dev.index:  Finished block 15 in 0.02 seconds, found 4 clusters.
[2026-01-20 13:38:01,302] INFO spindle_dev.index:  Using epsilon-net clustering for block 16
[2026-01-20 13:38:01,320] INFO spindle_dev.index:  Finished block 16 in 0.02 seconds, found 6 clusters.
[2026-01-20 13:38:01,320] INFO spindle_dev.index:  Using epsilon-net clustering for block 17
[2026-01-20 13:38:01,354] INFO spindle_dev.index:  Finished block 17 in 0.03 seconds, found 5 clusters.
[2026-01-20 13:38:01,354] INFO spindle_dev.index:  Using epsilon-net clustering for block 18
[2026-01-20 13:38:01,366] INFO spindle_dev.index:  Finished block 18 in 0.01 seconds, found 2 clusters.
[2026-01-20 13:38:01,366] INFO spindle_dev.index:  Using epsilon-net clustering for block 19
[2026-01-20 13:38:01,384] INFO spindle_dev.index:  Finished block 19 in 0.02 seconds, found 3 clusters.
[2026-01-20 13:38:01,384] INFO spindle_dev.index:  Using epsilon-net clustering for block 20
[2026-01-20 13:38:01,404] INFO spindle_dev.index:  Finished block 20 in 0.02 seconds, found 5 clusters.
[2026-01-20 13:38:01,404] INFO spindle_dev.index:  Using epsilon-net clustering for block 21
[2026-01-20 13:38:01,421] INFO spindle_dev.index:  Finished block 21 in 0.02 seconds, found 5 clusters.
[2026-01-20 13:38:01,421] INFO spindle_dev.index:  Using epsilon-net clustering for block 22
[2026-01-20 13:38:01,434] INFO spindle_dev.index:  Finished block 22 in 0.01 seconds, found 3 clusters.
[2026-01-20 13:38:01,434] INFO spindle_dev.index:  Using epsilon-net clustering for block 23
[2026-01-20 13:38:01,508] INFO spindle_dev.index:  Finished block 23 in 0.07 seconds, found 10 clusters.
[2026-01-20 13:38:01,508] INFO spindle_dev.index:  Using epsilon-net clustering for block 24
[2026-01-20 13:38:01,523] INFO spindle_dev.index:  Finished block 24 in 0.01 seconds, found 3 clusters.
[2026-01-20 13:38:01,523] INFO spindle_dev.index:  Using epsilon-net clustering for block 25
[2026-01-20 13:38:01,537] INFO spindle_dev.index:  Finished block 25 in 0.01 seconds, found 3 clusters.
[2026-01-20 13:38:01,537] INFO spindle_dev.index:  Using epsilon-net clustering for block 26
[2026-01-20 13:38:01,565] INFO spindle_dev.index:  Finished block 26 in 0.03 seconds, found 4 clusters.
[2026-01-20 13:38:01,565] INFO spindle_dev.index: Step 2: Build DAG connections between block clusters.
[2026-01-20 13:38:01,565] INFO spindle_dev.index: Step 2.1: For each layer order the block-clusters by
[2026-01-20 13:38:01,565] INFO spindle_dev.index: Not implemented: ordering block-clusters ? How to order them?
[2026-01-20 13:38:01,565] INFO spindle_dev.index: We will use triangle inequality to order clusters.
[2026-01-20 13:38:01,565] INFO spindle_dev.index: Step 2.2: Connect block-clusters between layers based on co-occurrence in SPDs.
[2026-01-20 13:38:01,569] INFO spindle_dev.index: Check if node global_node_id matches index in nodes list
[2026-01-20 13:38:01,569] INFO spindle_dev.index: Step 2.3: Ordering block-clusters within each layer using log-Euclidean distances.
[2026-01-20 13:38:01,569] INFO spindle_dev.index: Processing cluster 3
[2026-01-20 13:38:01,569] INFO spindle_dev.index: Building SPD index with epsilon=7.041532964388605
[2026-01-20 13:38:01,569] INFO spindle_dev.index: Step 1: Cluster blocks within each class of SPD matrices.
[2026-01-20 13:38:01,580] INFO spindle_dev.index: Cluster 3: 126 SPDs, 26 blocks
[2026-01-20 13:38:01,580] INFO spindle_dev.index:  Using epsilon-net clustering for block 0
[2026-01-20 13:38:01,588] INFO spindle_dev.index:  Finished block 0 in 0.01 seconds, found 1 clusters.
[2026-01-20 13:38:01,588] INFO spindle_dev.index:  Using epsilon-net clustering for block 1
[2026-01-20 13:38:01,596] INFO spindle_dev.index:  Finished block 1 in 0.01 seconds, found 2 clusters.
[2026-01-20 13:38:01,596] INFO spindle_dev.index:  Using epsilon-net clustering for block 2
[2026-01-20 13:38:01,604] INFO spindle_dev.index:  Finished block 2 in 0.01 seconds, found 2 clusters.
[2026-01-20 13:38:01,604] INFO spindle_dev.index:  Using epsilon-net clustering for block 3
[2026-01-20 13:38:01,612] INFO spindle_dev.index:  Finished block 3 in 0.01 seconds, found 2 clusters.
[2026-01-20 13:38:01,612] INFO spindle_dev.index:  Using epsilon-net clustering for block 4
[2026-01-20 13:38:01,624] INFO spindle_dev.index:  Finished block 4 in 0.01 seconds, found 4 clusters.
[2026-01-20 13:38:01,624] INFO spindle_dev.index:  Using epsilon-net clustering for block 5
[2026-01-20 13:38:01,635] INFO spindle_dev.index:  Finished block 5 in 0.01 seconds, found 4 clusters.
[2026-01-20 13:38:01,635] INFO spindle_dev.index:  Using epsilon-net clustering for block 6
[2026-01-20 13:38:01,646] INFO spindle_dev.index:  Finished block 6 in 0.01 seconds, found 4 clusters.
[2026-01-20 13:38:01,646] INFO spindle_dev.index:  Using epsilon-net clustering for block 7
[2026-01-20 13:38:01,658] INFO spindle_dev.index:  Finished block 7 in 0.01 seconds, found 4 clusters.
[2026-01-20 13:38:01,658] INFO spindle_dev.index:  Using epsilon-net clustering for block 8
[2026-01-20 13:38:01,668] INFO spindle_dev.index:  Finished block 8 in 0.01 seconds, found 3 clusters.
[2026-01-20 13:38:01,669] INFO spindle_dev.index:  Using epsilon-net clustering for block 9
[2026-01-20 13:38:01,680] INFO spindle_dev.index:  Finished block 9 in 0.01 seconds, found 4 clusters.
[2026-01-20 13:38:01,680] INFO spindle_dev.index:  Using epsilon-net clustering for block 10
[2026-01-20 13:38:01,692] INFO spindle_dev.index:  Finished block 10 in 0.01 seconds, found 4 clusters.
[2026-01-20 13:38:01,692] INFO spindle_dev.index:  Using epsilon-net clustering for block 11
[2026-01-20 13:38:01,704] INFO spindle_dev.index:  Finished block 11 in 0.01 seconds, found 4 clusters.
[2026-01-20 13:38:01,704] INFO spindle_dev.index:  Using epsilon-net clustering for block 12
[2026-01-20 13:38:01,715] INFO spindle_dev.index:  Finished block 12 in 0.01 seconds, found 4 clusters.
[2026-01-20 13:38:01,715] INFO spindle_dev.index:  Using epsilon-net clustering for block 13
[2026-01-20 13:38:01,728] INFO spindle_dev.index:  Finished block 13 in 0.01 seconds, found 5 clusters.
[2026-01-20 13:38:01,728] INFO spindle_dev.index:  Using epsilon-net clustering for block 14
[2026-01-20 13:38:01,741] INFO spindle_dev.index:  Finished block 14 in 0.01 seconds, found 5 clusters.
[2026-01-20 13:38:01,741] INFO spindle_dev.index:  Using epsilon-net clustering for block 15
[2026-01-20 13:38:01,755] INFO spindle_dev.index:  Finished block 15 in 0.01 seconds, found 4 clusters.
[2026-01-20 13:38:01,755] INFO spindle_dev.index:  Using epsilon-net clustering for block 16
[2026-01-20 13:38:01,767] INFO spindle_dev.index:  Finished block 16 in 0.01 seconds, found 4 clusters.
[2026-01-20 13:38:01,767] INFO spindle_dev.index:  Using epsilon-net clustering for block 17
[2026-01-20 13:38:01,778] INFO spindle_dev.index:  Finished block 17 in 0.01 seconds, found 4 clusters.
[2026-01-20 13:38:01,778] INFO spindle_dev.index:  Using epsilon-net clustering for block 18
[2026-01-20 13:38:01,791] INFO spindle_dev.index:  Finished block 18 in 0.01 seconds, found 4 clusters.
[2026-01-20 13:38:01,791] INFO spindle_dev.index:  Using epsilon-net clustering for block 19
[2026-01-20 13:38:01,824] INFO spindle_dev.index:  Finished block 19 in 0.03 seconds, found 3 clusters.
[2026-01-20 13:38:01,824] INFO spindle_dev.index:  Using epsilon-net clustering for block 20
[2026-01-20 13:38:01,837] INFO spindle_dev.index:  Finished block 20 in 0.01 seconds, found 4 clusters.
[2026-01-20 13:38:01,837] INFO spindle_dev.index:  Using epsilon-net clustering for block 21
[2026-01-20 13:38:01,851] INFO spindle_dev.index:  Finished block 21 in 0.01 seconds, found 4 clusters.
[2026-01-20 13:38:01,851] INFO spindle_dev.index:  Using epsilon-net clustering for block 22
[2026-01-20 13:38:01,861] INFO spindle_dev.index:  Finished block 22 in 0.01 seconds, found 3 clusters.
[2026-01-20 13:38:01,861] INFO spindle_dev.index:  Using epsilon-net clustering for block 23
[2026-01-20 13:38:01,874] INFO spindle_dev.index:  Finished block 23 in 0.01 seconds, found 4 clusters.
[2026-01-20 13:38:01,874] INFO spindle_dev.index:  Using epsilon-net clustering for block 24
[2026-01-20 13:38:01,904] INFO spindle_dev.index:  Finished block 24 in 0.03 seconds, found 5 clusters.
[2026-01-20 13:38:01,904] INFO spindle_dev.index:  Using epsilon-net clustering for block 25
[2026-01-20 13:38:01,950] INFO spindle_dev.index:  Finished block 25 in 0.05 seconds, found 2 clusters.
[2026-01-20 13:38:01,950] INFO spindle_dev.index: Step 2: Build DAG connections between block clusters.
[2026-01-20 13:38:01,950] INFO spindle_dev.index: Step 2.1: For each layer order the block-clusters by
[2026-01-20 13:38:01,950] INFO spindle_dev.index: Not implemented: ordering block-clusters ? How to order them?
[2026-01-20 13:38:01,950] INFO spindle_dev.index: We will use triangle inequality to order clusters.
[2026-01-20 13:38:01,950] INFO spindle_dev.index: Step 2.2: Connect block-clusters between layers based on co-occurrence in SPDs.
[2026-01-20 13:38:01,953] INFO spindle_dev.index: Check if node global_node_id matches index in nodes list
[2026-01-20 13:38:01,953] INFO spindle_dev.index: Step 2.3: Ordering block-clusters within each layer using log-Euclidean distances.
[2026-01-20 13:38:01,953] INFO spindle_dev.index: Processing cluster 4
[2026-01-20 13:38:01,953] INFO spindle_dev.index: Building SPD index with epsilon=6.08888899114165
[2026-01-20 13:38:01,954] INFO spindle_dev.index: Step 1: Cluster blocks within each class of SPD matrices.
[2026-01-20 13:38:01,963] INFO spindle_dev.index: Cluster 4: 107 SPDs, 21 blocks
[2026-01-20 13:38:01,963] INFO spindle_dev.index:  Using epsilon-net clustering for block 0
[2026-01-20 13:38:01,970] INFO spindle_dev.index:  Finished block 0 in 0.01 seconds, found 1 clusters.
[2026-01-20 13:38:01,970] INFO spindle_dev.index:  Using epsilon-net clustering for block 1
[2026-01-20 13:38:01,979] INFO spindle_dev.index:  Finished block 1 in 0.01 seconds, found 4 clusters.
[2026-01-20 13:38:01,979] INFO spindle_dev.index:  Using epsilon-net clustering for block 2
[2026-01-20 13:38:01,992] INFO spindle_dev.index:  Finished block 2 in 0.01 seconds, found 7 clusters.
[2026-01-20 13:38:01,992] INFO spindle_dev.index:  Using epsilon-net clustering for block 3
[2026-01-20 13:38:02,003] INFO spindle_dev.index:  Finished block 3 in 0.01 seconds, found 5 clusters.
[2026-01-20 13:38:02,003] INFO spindle_dev.index:  Using epsilon-net clustering for block 4
[2026-01-20 13:38:02,017] INFO spindle_dev.index:  Finished block 4 in 0.01 seconds, found 7 clusters.
[2026-01-20 13:38:02,017] INFO spindle_dev.index:  Using epsilon-net clustering for block 5
[2026-01-20 13:38:02,029] INFO spindle_dev.index:  Finished block 5 in 0.01 seconds, found 6 clusters.
[2026-01-20 13:38:02,029] INFO spindle_dev.index:  Using epsilon-net clustering for block 6
[2026-01-20 13:38:02,044] INFO spindle_dev.index:  Finished block 6 in 0.01 seconds, found 8 clusters.
[2026-01-20 13:38:02,044] INFO spindle_dev.index:  Using epsilon-net clustering for block 7
[2026-01-20 13:38:02,061] INFO spindle_dev.index:  Finished block 7 in 0.02 seconds, found 10 clusters.
[2026-01-20 13:38:02,061] INFO spindle_dev.index:  Using epsilon-net clustering for block 8
[2026-01-20 13:38:02,074] INFO spindle_dev.index:  Finished block 8 in 0.01 seconds, found 7 clusters.
[2026-01-20 13:38:02,074] INFO spindle_dev.index:  Using epsilon-net clustering for block 9
[2026-01-20 13:38:02,091] INFO spindle_dev.index:  Finished block 9 in 0.02 seconds, found 9 clusters.
[2026-01-20 13:38:02,091] INFO spindle_dev.index:  Using epsilon-net clustering for block 10
[2026-01-20 13:38:02,104] INFO spindle_dev.index:  Finished block 10 in 0.01 seconds, found 6 clusters.
[2026-01-20 13:38:02,104] INFO spindle_dev.index:  Using epsilon-net clustering for block 11
[2026-01-20 13:38:02,124] INFO spindle_dev.index:  Finished block 11 in 0.02 seconds, found 9 clusters.
[2026-01-20 13:38:02,124] INFO spindle_dev.index:  Using epsilon-net clustering for block 12
[2026-01-20 13:38:02,138] INFO spindle_dev.index:  Finished block 12 in 0.01 seconds, found 7 clusters.
[2026-01-20 13:38:02,138] INFO spindle_dev.index:  Using epsilon-net clustering for block 13
[2026-01-20 13:38:02,151] INFO spindle_dev.index:  Finished block 13 in 0.01 seconds, found 7 clusters.
[2026-01-20 13:38:02,151] INFO spindle_dev.index:  Using epsilon-net clustering for block 14
[2026-01-20 13:38:02,160] INFO spindle_dev.index:  Finished block 14 in 0.01 seconds, found 3 clusters.
[2026-01-20 13:38:02,160] INFO spindle_dev.index:  Using epsilon-net clustering for block 15
[2026-01-20 13:38:02,175] INFO spindle_dev.index:  Finished block 15 in 0.01 seconds, found 7 clusters.
[2026-01-20 13:38:02,175] INFO spindle_dev.index:  Using epsilon-net clustering for block 16
[2026-01-20 13:38:02,205] INFO spindle_dev.index:  Finished block 16 in 0.03 seconds, found 4 clusters.
[2026-01-20 13:38:02,205] INFO spindle_dev.index:  Using epsilon-net clustering for block 17
[2026-01-20 13:38:02,242] INFO spindle_dev.index:  Finished block 17 in 0.04 seconds, found 4 clusters.
[2026-01-20 13:38:02,242] INFO spindle_dev.index:  Using epsilon-net clustering for block 18
[2026-01-20 13:38:02,263] INFO spindle_dev.index:  Finished block 18 in 0.02 seconds, found 4 clusters.
[2026-01-20 13:38:02,263] INFO spindle_dev.index:  Using epsilon-net clustering for block 19
[2026-01-20 13:38:02,290] INFO spindle_dev.index:  Finished block 19 in 0.03 seconds, found 3 clusters.
[2026-01-20 13:38:02,290] INFO spindle_dev.index:  Using epsilon-net clustering for block 20
[2026-01-20 13:38:02,325] INFO spindle_dev.index:  Finished block 20 in 0.03 seconds, found 6 clusters.
[2026-01-20 13:38:02,325] INFO spindle_dev.index: Step 2: Build DAG connections between block clusters.
[2026-01-20 13:38:02,325] INFO spindle_dev.index: Step 2.1: For each layer order the block-clusters by
[2026-01-20 13:38:02,325] INFO spindle_dev.index: Not implemented: ordering block-clusters ? How to order them?
[2026-01-20 13:38:02,325] INFO spindle_dev.index: We will use triangle inequality to order clusters.
[2026-01-20 13:38:02,325] INFO spindle_dev.index: Step 2.2: Connect block-clusters between layers based on co-occurrence in SPDs.
[2026-01-20 13:38:02,327] INFO spindle_dev.index: Check if node global_node_id matches index in nodes list
[2026-01-20 13:38:02,327] INFO spindle_dev.index: Step 2.3: Ordering block-clusters within each layer using log-Euclidean distances.
[2026-01-20 13:38:02,327] INFO spindle_dev.index: Processing cluster 5
[2026-01-20 13:38:02,327] INFO spindle_dev.index: Building SPD index with epsilon=6.677926691662406
[2026-01-20 13:38:02,327] INFO spindle_dev.index: Step 1: Cluster blocks within each class of SPD matrices.
[2026-01-20 13:38:02,331] INFO spindle_dev.index: Cluster 5: 38 SPDs, 25 blocks
[2026-01-20 13:38:02,331] INFO spindle_dev.index:  Using epsilon-net clustering for block 0
[2026-01-20 13:38:02,334] INFO spindle_dev.index:  Finished block 0 in 0.00 seconds, found 1 clusters.
[2026-01-20 13:38:02,334] INFO spindle_dev.index:  Using epsilon-net clustering for block 1
[2026-01-20 13:38:02,337] INFO spindle_dev.index:  Finished block 1 in 0.00 seconds, found 3 clusters.
[2026-01-20 13:38:02,337] INFO spindle_dev.index:  Using epsilon-net clustering for block 2
[2026-01-20 13:38:02,341] INFO spindle_dev.index:  Finished block 2 in 0.00 seconds, found 5 clusters.
[2026-01-20 13:38:02,341] INFO spindle_dev.index:  Using epsilon-net clustering for block 3
[2026-01-20 13:38:02,345] INFO spindle_dev.index:  Finished block 3 in 0.00 seconds, found 5 clusters.
[2026-01-20 13:38:02,345] INFO spindle_dev.index:  Using epsilon-net clustering for block 4
[2026-01-20 13:38:02,349] INFO spindle_dev.index:  Finished block 4 in 0.00 seconds, found 5 clusters.
[2026-01-20 13:38:02,349] INFO spindle_dev.index:  Using epsilon-net clustering for block 5
[2026-01-20 13:38:02,353] INFO spindle_dev.index:  Finished block 5 in 0.00 seconds, found 5 clusters.
[2026-01-20 13:38:02,353] INFO spindle_dev.index:  Using epsilon-net clustering for block 6
[2026-01-20 13:38:02,357] INFO spindle_dev.index:  Finished block 6 in 0.00 seconds, found 5 clusters.
[2026-01-20 13:38:02,357] INFO spindle_dev.index:  Using epsilon-net clustering for block 7
[2026-01-20 13:38:02,361] INFO spindle_dev.index:  Finished block 7 in 0.00 seconds, found 5 clusters.
[2026-01-20 13:38:02,361] INFO spindle_dev.index:  Using epsilon-net clustering for block 8
[2026-01-20 13:38:02,366] INFO spindle_dev.index:  Finished block 8 in 0.00 seconds, found 7 clusters.
[2026-01-20 13:38:02,366] INFO spindle_dev.index:  Using epsilon-net clustering for block 9
[2026-01-20 13:38:02,370] INFO spindle_dev.index:  Finished block 9 in 0.00 seconds, found 6 clusters.
[2026-01-20 13:38:02,371] INFO spindle_dev.index:  Using epsilon-net clustering for block 10
[2026-01-20 13:38:02,376] INFO spindle_dev.index:  Finished block 10 in 0.00 seconds, found 7 clusters.
[2026-01-20 13:38:02,376] INFO spindle_dev.index:  Using epsilon-net clustering for block 11
[2026-01-20 13:38:02,381] INFO spindle_dev.index:  Finished block 11 in 0.00 seconds, found 7 clusters.
[2026-01-20 13:38:02,381] INFO spindle_dev.index:  Using epsilon-net clustering for block 12
[2026-01-20 13:38:02,386] INFO spindle_dev.index:  Finished block 12 in 0.01 seconds, found 8 clusters.
[2026-01-20 13:38:02,386] INFO spindle_dev.index:  Using epsilon-net clustering for block 13
[2026-01-20 13:38:02,391] INFO spindle_dev.index:  Finished block 13 in 0.00 seconds, found 6 clusters.
[2026-01-20 13:38:02,391] INFO spindle_dev.index:  Using epsilon-net clustering for block 14
[2026-01-20 13:38:02,397] INFO spindle_dev.index:  Finished block 14 in 0.01 seconds, found 9 clusters.
[2026-01-20 13:38:02,397] INFO spindle_dev.index:  Using epsilon-net clustering for block 15
[2026-01-20 13:38:02,402] INFO spindle_dev.index:  Finished block 15 in 0.01 seconds, found 8 clusters.
[2026-01-20 13:38:02,402] INFO spindle_dev.index:  Using epsilon-net clustering for block 16
[2026-01-20 13:38:02,409] INFO spindle_dev.index:  Finished block 16 in 0.01 seconds, found 8 clusters.
[2026-01-20 13:38:02,409] INFO spindle_dev.index:  Using epsilon-net clustering for block 17
[2026-01-20 13:38:02,418] INFO spindle_dev.index:  Finished block 17 in 0.01 seconds, found 5 clusters.
[2026-01-20 13:38:02,418] INFO spindle_dev.index:  Using epsilon-net clustering for block 18
[2026-01-20 13:38:02,422] INFO spindle_dev.index:  Finished block 18 in 0.00 seconds, found 4 clusters.
[2026-01-20 13:38:02,422] INFO spindle_dev.index:  Using epsilon-net clustering for block 19
[2026-01-20 13:38:02,426] INFO spindle_dev.index:  Finished block 19 in 0.00 seconds, found 4 clusters.
[2026-01-20 13:38:02,426] INFO spindle_dev.index:  Using epsilon-net clustering for block 20
[2026-01-20 13:38:02,443] INFO spindle_dev.index:  Finished block 20 in 0.02 seconds, found 10 clusters.
[2026-01-20 13:38:02,443] INFO spindle_dev.index:  Using epsilon-net clustering for block 21
[2026-01-20 13:38:02,449] INFO spindle_dev.index:  Finished block 21 in 0.01 seconds, found 4 clusters.
[2026-01-20 13:38:02,449] INFO spindle_dev.index:  Using epsilon-net clustering for block 22
[2026-01-20 13:38:02,452] INFO spindle_dev.index:  Finished block 22 in 0.00 seconds, found 2 clusters.
[2026-01-20 13:38:02,452] INFO spindle_dev.index:  Using epsilon-net clustering for block 23
[2026-01-20 13:38:02,460] INFO spindle_dev.index:  Finished block 23 in 0.01 seconds, found 6 clusters.
[2026-01-20 13:38:02,460] INFO spindle_dev.index:  Using epsilon-net clustering for block 24
[2026-01-20 13:38:02,464] INFO spindle_dev.index:  Finished block 24 in 0.00 seconds, found 4 clusters.
[2026-01-20 13:38:02,464] INFO spindle_dev.index: Step 2: Build DAG connections between block clusters.
[2026-01-20 13:38:02,464] INFO spindle_dev.index: Step 2.1: For each layer order the block-clusters by
[2026-01-20 13:38:02,464] INFO spindle_dev.index: Not implemented: ordering block-clusters ? How to order them?
[2026-01-20 13:38:02,464] INFO spindle_dev.index: We will use triangle inequality to order clusters.
[2026-01-20 13:38:02,464] INFO spindle_dev.index: Step 2.2: Connect block-clusters between layers based on co-occurrence in SPDs.
[2026-01-20 13:38:02,465] INFO spindle_dev.index: Check if node global_node_id matches index in nodes list
[2026-01-20 13:38:02,466] INFO spindle_dev.index: Step 2.3: Ordering block-clusters within each layer using log-Euclidean distances.
[2026-01-20 13:38:02,521] INFO spindle_dev.test: Built ground-truth paths for 196 SPDs in cluster 0 across 25 blocks.
[2026-01-20 13:38:02,567] INFO spindle_dev.test: Built ground-truth paths for 178 SPDs in cluster 1 across 27 blocks.
[2026-01-20 13:38:02,602] INFO spindle_dev.test: Built ground-truth paths for 162 SPDs in cluster 2 across 27 blocks.
[2026-01-20 13:38:02,625] INFO spindle_dev.test: Built ground-truth paths for 126 SPDs in cluster 3 across 26 blocks.
[2026-01-20 13:38:02,639] INFO spindle_dev.test: Built ground-truth paths for 107 SPDs in cluster 4 across 21 blocks.
[2026-01-20 13:38:02,642] INFO spindle_dev.test: Built ground-truth paths for 38 SPDs in cluster 5 across 25 blocks.
[2026-01-20 13:38:11,592] INFO spindle_dev.index: Clustering SPD-s using 'tree' distance.
[2026-01-20 13:38:11,592] INFO spindle_dev.index: Building ultrametric features from SPD matrices.
/panfs/accrepfs.vampire/home/sarkah1/miniforge3/envs/spatial/lib/python3.10/site-packages/scipy/cluster/hierarchy.py:1673: RuntimeWarning: invalid value encountered in scalar divide
  c = xp.sum(numerator) / xp.sqrt(xp.sum(denomA) * xp.sum(denomB))
[2026-01-20 13:40:08,431] INFO spindle_dev.index: Computing latent features from the tree representations.
[2026-01-20 13:40:09,651] INFO spindle_dev.index: Reducing latent features to 30 dimensions using PCA.
[2026-01-20 13:40:22,504] INFO spindle_dev.index: Explained variance ratios by PCA components: [0.0328614  0.02074485 0.01140492 0.00788271 0.00654937 0.00551079
 0.00487785 0.00442108 0.00411965 0.00376257 0.00348872 0.00346468
 0.00331665 0.00305813 0.00302168 0.00296301 0.00272664 0.00267984
 0.00263388 0.00257382 0.00251245 0.00249516 0.0024585  0.00242671
 0.00238647 0.0023464  0.00231849 0.00228553 0.00227161 0.00225024]
[2026-01-20 13:40:22,504] INFO spindle_dev.index: Reducing latent features to 2 dimensions using UMAP.
/panfs/accrepfs.vampire/home/sarkah1/miniforge3/envs/spatial/lib/python3.10/site-packages/umap/umap_.py:1952: UserWarning: n_jobs value 1 overridden to 1 by setting random_state. Use no seed for parallelism.
  warn(
[2026-01-20 13:40:26,455] INFO spindle_dev.index: Clustering SPD-s using 'tree' distance.
[2026-01-20 13:40:26,455] INFO spindle_dev.index: Clustering SPD matrices using Leiden clustering with resolution 0.50.
[2026-01-20 13:40:26,639] INFO spindle_dev.index: Since clustering method is tree, I am going to find global order per cluster
[2026-01-20 13:40:26,639] INFO spindle_dev.index: Finding consensus tree for cluster 0
[2026-01-20 13:40:26,842] INFO spindle_dev.index: Finding consensus tree for cluster 1
[2026-01-20 13:40:27,038] INFO spindle_dev.index: Finding consensus tree for cluster 2
[2026-01-20 13:40:27,200] INFO spindle_dev.index: Finding consensus tree for cluster 3
[2026-01-20 13:40:27,262] INFO spindle_dev.index: Finding consensus tree for cluster 4
[2026-01-20 13:40:27,284] INFO spindle_dev.index: Finding consensus tree for cluster 5
[2026-01-20 13:40:27,305] INFO spindle_dev.index: Finding consensus tree for cluster 6
[2026-01-20 13:40:28,055] INFO spindle_dev.index: Computing mean correlation matrix for cluster 0
[2026-01-20 13:41:02,903] INFO spindle_dev.index: Computing mean correlation matrix for cluster 1
[2026-01-20 13:41:19,205] INFO spindle_dev.index: Computing mean correlation matrix for cluster 2
[2026-01-20 13:41:34,608] INFO spindle_dev.index: Computing mean correlation matrix for cluster 3
[2026-01-20 13:41:40,730] INFO spindle_dev.index: Computing mean correlation matrix for cluster 4
[2026-01-20 13:41:41,752] INFO spindle_dev.index: Computing mean correlation matrix for cluster 5
[2026-01-20 13:41:41,964] INFO spindle_dev.index: Computing mean correlation matrix for cluster 6
[2026-01-20 13:41:42,038] INFO spindle_dev.index: Finding adaptive block runs for cluster 0
[2026-01-20 13:41:42,658] INFO spindle_dev.index:  Chose t=0.8916557251774895 resulting in 236 blocks instead of 161 blocks would have gotten by default
[2026-01-20 13:41:42,724] INFO spindle_dev.index:  Final block runs for cluster 0: 25 blocks.
[2026-01-20 13:41:42,724] INFO spindle_dev.index: Finding adaptive block runs for cluster 1
[2026-01-20 13:41:43,315] INFO spindle_dev.index:  Chose t=0.8930321866952864 resulting in 238 blocks instead of 165 blocks would have gotten by default
[2026-01-20 13:41:43,381] INFO spindle_dev.index:  Final block runs for cluster 1: 27 blocks.
[2026-01-20 13:41:43,381] INFO spindle_dev.index: Finding adaptive block runs for cluster 2
[2026-01-20 13:41:43,966] INFO spindle_dev.index:  Chose t=0.8579001161911946 resulting in 251 blocks instead of 142 blocks would have gotten by default
[2026-01-20 13:41:44,037] INFO spindle_dev.index:  Final block runs for cluster 2: 28 blocks.
[2026-01-20 13:41:44,037] INFO spindle_dev.index: Finding adaptive block runs for cluster 3
[2026-01-20 13:41:44,626] INFO spindle_dev.index:  Chose t=0.9169219175064776 resulting in 198 blocks instead of 193 blocks would have gotten by default
[2026-01-20 13:41:44,677] INFO spindle_dev.index:  Final block runs for cluster 3: 25 blocks.
[2026-01-20 13:41:44,677] INFO spindle_dev.index: Finding adaptive block runs for cluster 4
[2026-01-20 13:41:45,260] INFO spindle_dev.index:  Chose t=0.9520779171281959 resulting in 238 blocks instead of 298 blocks would have gotten by default
[2026-01-20 13:41:45,328] INFO spindle_dev.index:  Final block runs for cluster 4: 27 blocks.
[2026-01-20 13:41:45,328] INFO spindle_dev.index: Finding adaptive block runs for cluster 5
[2026-01-20 13:41:45,922] INFO spindle_dev.index:  Chose t=0.9093288131112657 resulting in 182 blocks instead of 161 blocks would have gotten by default
[2026-01-20 13:41:45,965] INFO spindle_dev.index:  Final block runs for cluster 5: 24 blocks.
[2026-01-20 13:41:45,965] INFO spindle_dev.index: Finding adaptive block runs for cluster 6
[2026-01-20 13:41:46,559] INFO spindle_dev.index:  Chose t=0.8837762877964697 resulting in 193 blocks instead of 120 blocks would have gotten by default
[2026-01-20 13:41:46,604] INFO spindle_dev.index:  Final block runs for cluster 6: 28 blocks.
[2026-01-20 13:41:54,759] INFO spindle_dev.index: Processing cluster 0
[2026-01-20 13:41:54,760] INFO spindle_dev.index: Building SPD index with epsilon=7.189364799659769
[2026-01-20 13:41:54,760] INFO spindle_dev.index: Step 1: Cluster blocks within each class of SPD matrices.
[2026-01-20 13:41:54,825] INFO spindle_dev.index: Cluster 0: 570 SPDs, 25 blocks
[2026-01-20 13:41:54,825] INFO spindle_dev.index:  Using epsilon-net clustering for block 0
[2026-01-20 13:41:54,866] INFO spindle_dev.index:  Finished block 0 in 0.04 seconds, found 2 clusters.
[2026-01-20 13:41:54,866] INFO spindle_dev.index:  Using epsilon-net clustering for block 1
[2026-01-20 13:41:54,902] INFO spindle_dev.index:  Finished block 1 in 0.04 seconds, found 2 clusters.
[2026-01-20 13:41:54,902] INFO spindle_dev.index:  Using epsilon-net clustering for block 2
[2026-01-20 13:41:54,952] INFO spindle_dev.index:  Finished block 2 in 0.05 seconds, found 4 clusters.
[2026-01-20 13:41:54,952] INFO spindle_dev.index:  Using epsilon-net clustering for block 3
[2026-01-20 13:41:55,006] INFO spindle_dev.index:  Finished block 3 in 0.05 seconds, found 4 clusters.
[2026-01-20 13:41:55,006] INFO spindle_dev.index:  Using epsilon-net clustering for block 4
[2026-01-20 13:41:55,063] INFO spindle_dev.index:  Finished block 4 in 0.06 seconds, found 5 clusters.
[2026-01-20 13:41:55,063] INFO spindle_dev.index:  Using epsilon-net clustering for block 5
[2026-01-20 13:41:55,121] INFO spindle_dev.index:  Finished block 5 in 0.06 seconds, found 5 clusters.
[2026-01-20 13:41:55,121] INFO spindle_dev.index:  Using epsilon-net clustering for block 6
[2026-01-20 13:41:55,171] INFO spindle_dev.index:  Finished block 6 in 0.05 seconds, found 4 clusters.
[2026-01-20 13:41:55,171] INFO spindle_dev.index:  Using epsilon-net clustering for block 7
[2026-01-20 13:41:55,222] INFO spindle_dev.index:  Finished block 7 in 0.05 seconds, found 4 clusters.
[2026-01-20 13:41:55,222] INFO spindle_dev.index:  Using epsilon-net clustering for block 8
[2026-01-20 13:41:55,282] INFO spindle_dev.index:  Finished block 8 in 0.06 seconds, found 5 clusters.
[2026-01-20 13:41:55,282] INFO spindle_dev.index:  Using epsilon-net clustering for block 9
[2026-01-20 13:41:55,340] INFO spindle_dev.index:  Finished block 9 in 0.06 seconds, found 5 clusters.
[2026-01-20 13:41:55,340] INFO spindle_dev.index:  Using epsilon-net clustering for block 10
[2026-01-20 13:41:55,398] INFO spindle_dev.index:  Finished block 10 in 0.06 seconds, found 5 clusters.
[2026-01-20 13:41:55,398] INFO spindle_dev.index:  Using epsilon-net clustering for block 11
[2026-01-20 13:41:55,476] INFO spindle_dev.index:  Finished block 11 in 0.08 seconds, found 7 clusters.
[2026-01-20 13:41:55,476] INFO spindle_dev.index:  Using epsilon-net clustering for block 12
[2026-01-20 13:41:55,535] INFO spindle_dev.index:  Finished block 12 in 0.06 seconds, found 5 clusters.
[2026-01-20 13:41:55,535] INFO spindle_dev.index:  Using epsilon-net clustering for block 13
[2026-01-20 13:41:55,590] INFO spindle_dev.index:  Finished block 13 in 0.05 seconds, found 4 clusters.
[2026-01-20 13:41:55,590] INFO spindle_dev.index:  Using epsilon-net clustering for block 14
[2026-01-20 13:41:55,668] INFO spindle_dev.index:  Finished block 14 in 0.08 seconds, found 4 clusters.
[2026-01-20 13:41:55,668] INFO spindle_dev.index:  Using epsilon-net clustering for block 15
[2026-01-20 13:41:55,739] INFO spindle_dev.index:  Finished block 15 in 0.07 seconds, found 5 clusters.
[2026-01-20 13:41:55,739] INFO spindle_dev.index:  Using epsilon-net clustering for block 16
[2026-01-20 13:41:55,811] INFO spindle_dev.index:  Finished block 16 in 0.07 seconds, found 5 clusters.
[2026-01-20 13:41:55,811] INFO spindle_dev.index:  Using epsilon-net clustering for block 17
[2026-01-20 13:41:55,883] INFO spindle_dev.index:  Finished block 17 in 0.07 seconds, found 4 clusters.
[2026-01-20 13:41:55,884] INFO spindle_dev.index:  Using epsilon-net clustering for block 18
[2026-01-20 13:41:56,105] INFO spindle_dev.index:  Finished block 18 in 0.22 seconds, found 6 clusters.
[2026-01-20 13:41:56,105] INFO spindle_dev.index:  Using epsilon-net clustering for block 19
[2026-01-20 13:41:56,160] INFO spindle_dev.index:  Finished block 19 in 0.06 seconds, found 4 clusters.
[2026-01-20 13:41:56,160] INFO spindle_dev.index:  Using epsilon-net clustering for block 20
[2026-01-20 13:41:56,214] INFO spindle_dev.index:  Finished block 20 in 0.05 seconds, found 4 clusters.
[2026-01-20 13:41:56,214] INFO spindle_dev.index:  Using epsilon-net clustering for block 21
[2026-01-20 13:41:56,260] INFO spindle_dev.index:  Finished block 21 in 0.05 seconds, found 3 clusters.
[2026-01-20 13:41:56,260] INFO spindle_dev.index:  Using epsilon-net clustering for block 22
[2026-01-20 13:41:56,314] INFO spindle_dev.index:  Finished block 22 in 0.05 seconds, found 3 clusters.
[2026-01-20 13:41:56,314] INFO spindle_dev.index:  Using epsilon-net clustering for block 23
[2026-01-20 13:41:56,361] INFO spindle_dev.index:  Finished block 23 in 0.05 seconds, found 3 clusters.
[2026-01-20 13:41:56,361] INFO spindle_dev.index:  Using epsilon-net clustering for block 24
[2026-01-20 13:41:56,578] INFO spindle_dev.index:  Finished block 24 in 0.22 seconds, found 8 clusters.
[2026-01-20 13:41:56,578] INFO spindle_dev.index: Step 2: Build DAG connections between block clusters.
[2026-01-20 13:41:56,578] INFO spindle_dev.index: Step 2.1: For each layer order the block-clusters by
[2026-01-20 13:41:56,578] INFO spindle_dev.index: Not implemented: ordering block-clusters ? How to order them?
[2026-01-20 13:41:56,579] INFO spindle_dev.index: We will use triangle inequality to order clusters.
[2026-01-20 13:41:56,579] INFO spindle_dev.index: Step 2.2: Connect block-clusters between layers based on co-occurrence in SPDs.
[2026-01-20 13:41:56,589] INFO spindle_dev.index: Check if node global_node_id matches index in nodes list
[2026-01-20 13:41:56,589] INFO spindle_dev.index: Step 2.3: Ordering block-clusters within each layer using log-Euclidean distances.
[2026-01-20 13:41:56,589] INFO spindle_dev.index: Processing cluster 1
[2026-01-20 13:41:56,589] INFO spindle_dev.index: Building SPD index with epsilon=7.6542997470609215
[2026-01-20 13:41:56,589] INFO spindle_dev.index: Step 1: Cluster blocks within each class of SPD matrices.
[2026-01-20 13:41:56,831] INFO spindle_dev.index: Cluster 1: 546 SPDs, 27 blocks
[2026-01-20 13:41:56,832] INFO spindle_dev.index:  Using epsilon-net clustering for block 0
[2026-01-20 13:41:56,873] INFO spindle_dev.index:  Finished block 0 in 0.04 seconds, found 2 clusters.
[2026-01-20 13:41:56,873] INFO spindle_dev.index:  Using epsilon-net clustering for block 1
[2026-01-20 13:41:56,908] INFO spindle_dev.index:  Finished block 1 in 0.03 seconds, found 2 clusters.
[2026-01-20 13:41:56,908] INFO spindle_dev.index:  Using epsilon-net clustering for block 2
[2026-01-20 13:41:56,943] INFO spindle_dev.index:  Finished block 2 in 0.04 seconds, found 2 clusters.
[2026-01-20 13:41:56,943] INFO spindle_dev.index:  Using epsilon-net clustering for block 3
[2026-01-20 13:41:56,979] INFO spindle_dev.index:  Finished block 3 in 0.04 seconds, found 2 clusters.
[2026-01-20 13:41:56,979] INFO spindle_dev.index:  Using epsilon-net clustering for block 4
[2026-01-20 13:41:57,016] INFO spindle_dev.index:  Finished block 4 in 0.04 seconds, found 2 clusters.
[2026-01-20 13:41:57,016] INFO spindle_dev.index:  Using epsilon-net clustering for block 5
[2026-01-20 13:41:57,052] INFO spindle_dev.index:  Finished block 5 in 0.04 seconds, found 2 clusters.
[2026-01-20 13:41:57,052] INFO spindle_dev.index:  Using epsilon-net clustering for block 6
[2026-01-20 13:41:57,093] INFO spindle_dev.index:  Finished block 6 in 0.04 seconds, found 2 clusters.
[2026-01-20 13:41:57,093] INFO spindle_dev.index:  Using epsilon-net clustering for block 7
[2026-01-20 13:41:57,129] INFO spindle_dev.index:  Finished block 7 in 0.04 seconds, found 2 clusters.
[2026-01-20 13:41:57,130] INFO spindle_dev.index:  Using epsilon-net clustering for block 8
[2026-01-20 13:41:57,172] INFO spindle_dev.index:  Finished block 8 in 0.04 seconds, found 3 clusters.
[2026-01-20 13:41:57,172] INFO spindle_dev.index:  Using epsilon-net clustering for block 9
[2026-01-20 13:41:57,216] INFO spindle_dev.index:  Finished block 9 in 0.04 seconds, found 3 clusters.
[2026-01-20 13:41:57,216] INFO spindle_dev.index:  Using epsilon-net clustering for block 10
[2026-01-20 13:41:57,259] INFO spindle_dev.index:  Finished block 10 in 0.04 seconds, found 3 clusters.
[2026-01-20 13:41:57,259] INFO spindle_dev.index:  Using epsilon-net clustering for block 11
[2026-01-20 13:41:57,309] INFO spindle_dev.index:  Finished block 11 in 0.05 seconds, found 4 clusters.
[2026-01-20 13:41:57,309] INFO spindle_dev.index:  Using epsilon-net clustering for block 12
[2026-01-20 13:41:57,353] INFO spindle_dev.index:  Finished block 12 in 0.04 seconds, found 3 clusters.
[2026-01-20 13:41:57,353] INFO spindle_dev.index:  Using epsilon-net clustering for block 13
[2026-01-20 13:41:57,390] INFO spindle_dev.index:  Finished block 13 in 0.04 seconds, found 2 clusters.
[2026-01-20 13:41:57,391] INFO spindle_dev.index:  Using epsilon-net clustering for block 14
[2026-01-20 13:41:57,446] INFO spindle_dev.index:  Finished block 14 in 0.06 seconds, found 5 clusters.
[2026-01-20 13:41:57,447] INFO spindle_dev.index:  Using epsilon-net clustering for block 15
[2026-01-20 13:41:57,507] INFO spindle_dev.index:  Finished block 15 in 0.06 seconds, found 4 clusters.
[2026-01-20 13:41:57,507] INFO spindle_dev.index:  Using epsilon-net clustering for block 16
[2026-01-20 13:41:57,553] INFO spindle_dev.index:  Finished block 16 in 0.05 seconds, found 3 clusters.
[2026-01-20 13:41:57,553] INFO spindle_dev.index:  Using epsilon-net clustering for block 17
[2026-01-20 13:41:57,657] INFO spindle_dev.index:  Finished block 17 in 0.10 seconds, found 2 clusters.
[2026-01-20 13:41:57,657] INFO spindle_dev.index:  Using epsilon-net clustering for block 18
[2026-01-20 13:41:57,738] INFO spindle_dev.index:  Finished block 18 in 0.08 seconds, found 3 clusters.
[2026-01-20 13:41:57,738] INFO spindle_dev.index:  Using epsilon-net clustering for block 19
[2026-01-20 13:41:57,783] INFO spindle_dev.index:  Finished block 19 in 0.04 seconds, found 3 clusters.
[2026-01-20 13:41:57,783] INFO spindle_dev.index:  Using epsilon-net clustering for block 20
[2026-01-20 13:41:57,838] INFO spindle_dev.index:  Finished block 20 in 0.06 seconds, found 4 clusters.
[2026-01-20 13:41:57,838] INFO spindle_dev.index:  Using epsilon-net clustering for block 21
[2026-01-20 13:41:57,890] INFO spindle_dev.index:  Finished block 21 in 0.05 seconds, found 4 clusters.
[2026-01-20 13:41:57,890] INFO spindle_dev.index:  Using epsilon-net clustering for block 22
[2026-01-20 13:41:57,928] INFO spindle_dev.index:  Finished block 22 in 0.04 seconds, found 2 clusters.
[2026-01-20 13:41:57,928] INFO spindle_dev.index:  Using epsilon-net clustering for block 23
[2026-01-20 13:41:57,967] INFO spindle_dev.index:  Finished block 23 in 0.04 seconds, found 2 clusters.
[2026-01-20 13:41:57,968] INFO spindle_dev.index:  Using epsilon-net clustering for block 24
[2026-01-20 13:41:58,004] INFO spindle_dev.index:  Finished block 24 in 0.04 seconds, found 1 clusters.
[2026-01-20 13:41:58,004] INFO spindle_dev.index:  Using epsilon-net clustering for block 25
[2026-01-20 13:41:58,297] INFO spindle_dev.index:  Finished block 25 in 0.29 seconds, found 11 clusters.
[2026-01-20 13:41:58,298] INFO spindle_dev.index:  Using epsilon-net clustering for block 26
[2026-01-20 13:41:58,350] INFO spindle_dev.index:  Finished block 26 in 0.05 seconds, found 3 clusters.
[2026-01-20 13:41:58,350] INFO spindle_dev.index: Step 2: Build DAG connections between block clusters.
[2026-01-20 13:41:58,350] INFO spindle_dev.index: Step 2.1: For each layer order the block-clusters by
[2026-01-20 13:41:58,351] INFO spindle_dev.index: Not implemented: ordering block-clusters ? How to order them?
[2026-01-20 13:41:58,351] INFO spindle_dev.index: We will use triangle inequality to order clusters.
[2026-01-20 13:41:58,351] INFO spindle_dev.index: Step 2.2: Connect block-clusters between layers based on co-occurrence in SPDs.
[2026-01-20 13:41:58,360] INFO spindle_dev.index: Check if node global_node_id matches index in nodes list
[2026-01-20 13:41:58,360] INFO spindle_dev.index: Step 2.3: Ordering block-clusters within each layer using log-Euclidean distances.
[2026-01-20 13:41:58,361] INFO spindle_dev.index: Processing cluster 2
[2026-01-20 13:41:58,361] INFO spindle_dev.index: Building SPD index with epsilon=7.440186811717104
[2026-01-20 13:41:58,361] INFO spindle_dev.index: Step 1: Cluster blocks within each class of SPD matrices.
[2026-01-20 13:41:58,412] INFO spindle_dev.index: Cluster 2: 449 SPDs, 28 blocks
[2026-01-20 13:41:58,413] INFO spindle_dev.index:  Using epsilon-net clustering for block 0
[2026-01-20 13:41:58,439] INFO spindle_dev.index:  Finished block 0 in 0.03 seconds, found 1 clusters.
[2026-01-20 13:41:58,439] INFO spindle_dev.index:  Using epsilon-net clustering for block 1
[2026-01-20 13:41:58,468] INFO spindle_dev.index:  Finished block 1 in 0.03 seconds, found 2 clusters.
[2026-01-20 13:41:58,468] INFO spindle_dev.index:  Using epsilon-net clustering for block 2
[2026-01-20 13:41:58,498] INFO spindle_dev.index:  Finished block 2 in 0.03 seconds, found 2 clusters.
[2026-01-20 13:41:58,498] INFO spindle_dev.index:  Using epsilon-net clustering for block 3
[2026-01-20 13:41:58,528] INFO spindle_dev.index:  Finished block 3 in 0.03 seconds, found 2 clusters.
[2026-01-20 13:41:58,528] INFO spindle_dev.index:  Using epsilon-net clustering for block 4
[2026-01-20 13:41:58,562] INFO spindle_dev.index:  Finished block 4 in 0.03 seconds, found 3 clusters.
[2026-01-20 13:41:58,562] INFO spindle_dev.index:  Using epsilon-net clustering for block 5
[2026-01-20 13:41:58,590] INFO spindle_dev.index:  Finished block 5 in 0.03 seconds, found 2 clusters.
[2026-01-20 13:41:58,590] INFO spindle_dev.index:  Using epsilon-net clustering for block 6
[2026-01-20 13:41:58,622] INFO spindle_dev.index:  Finished block 6 in 0.03 seconds, found 2 clusters.
[2026-01-20 13:41:58,622] INFO spindle_dev.index:  Using epsilon-net clustering for block 7
[2026-01-20 13:41:58,657] INFO spindle_dev.index:  Finished block 7 in 0.04 seconds, found 3 clusters.
[2026-01-20 13:41:58,657] INFO spindle_dev.index:  Using epsilon-net clustering for block 8
[2026-01-20 13:41:58,697] INFO spindle_dev.index:  Finished block 8 in 0.04 seconds, found 4 clusters.
[2026-01-20 13:41:58,697] INFO spindle_dev.index:  Using epsilon-net clustering for block 9
[2026-01-20 13:41:58,733] INFO spindle_dev.index:  Finished block 9 in 0.04 seconds, found 3 clusters.
[2026-01-20 13:41:58,733] INFO spindle_dev.index:  Using epsilon-net clustering for block 10
[2026-01-20 13:41:58,774] INFO spindle_dev.index:  Finished block 10 in 0.04 seconds, found 4 clusters.
[2026-01-20 13:41:58,774] INFO spindle_dev.index:  Using epsilon-net clustering for block 11
[2026-01-20 13:41:58,825] INFO spindle_dev.index:  Finished block 11 in 0.05 seconds, found 6 clusters.
[2026-01-20 13:41:58,825] INFO spindle_dev.index:  Using epsilon-net clustering for block 12
[2026-01-20 13:41:58,877] INFO spindle_dev.index:  Finished block 12 in 0.05 seconds, found 5 clusters.
[2026-01-20 13:41:58,877] INFO spindle_dev.index:  Using epsilon-net clustering for block 13
[2026-01-20 13:41:58,914] INFO spindle_dev.index:  Finished block 13 in 0.04 seconds, found 3 clusters.
[2026-01-20 13:41:58,914] INFO spindle_dev.index:  Using epsilon-net clustering for block 14
[2026-01-20 13:41:58,951] INFO spindle_dev.index:  Finished block 14 in 0.04 seconds, found 3 clusters.
[2026-01-20 13:41:58,952] INFO spindle_dev.index:  Using epsilon-net clustering for block 15
[2026-01-20 13:41:59,010] INFO spindle_dev.index:  Finished block 15 in 0.06 seconds, found 5 clusters.
[2026-01-20 13:41:59,010] INFO spindle_dev.index:  Using epsilon-net clustering for block 16
[2026-01-20 13:41:59,051] INFO spindle_dev.index:  Finished block 16 in 0.04 seconds, found 3 clusters.
[2026-01-20 13:41:59,051] INFO spindle_dev.index:  Using epsilon-net clustering for block 17
[2026-01-20 13:41:59,087] INFO spindle_dev.index:  Finished block 17 in 0.04 seconds, found 3 clusters.
[2026-01-20 13:41:59,087] INFO spindle_dev.index:  Using epsilon-net clustering for block 18
[2026-01-20 13:41:59,143] INFO spindle_dev.index:  Finished block 18 in 0.06 seconds, found 6 clusters.
[2026-01-20 13:41:59,143] INFO spindle_dev.index:  Using epsilon-net clustering for block 19
[2026-01-20 13:41:59,199] INFO spindle_dev.index:  Finished block 19 in 0.06 seconds, found 5 clusters.
[2026-01-20 13:41:59,199] INFO spindle_dev.index:  Using epsilon-net clustering for block 20
[2026-01-20 13:41:59,245] INFO spindle_dev.index:  Finished block 20 in 0.05 seconds, found 3 clusters.
[2026-01-20 13:41:59,246] INFO spindle_dev.index:  Using epsilon-net clustering for block 21
[2026-01-20 13:41:59,294] INFO spindle_dev.index:  Finished block 21 in 0.05 seconds, found 3 clusters.
[2026-01-20 13:41:59,294] INFO spindle_dev.index:  Using epsilon-net clustering for block 22
[2026-01-20 13:41:59,325] INFO spindle_dev.index:  Finished block 22 in 0.03 seconds, found 2 clusters.
[2026-01-20 13:41:59,325] INFO spindle_dev.index:  Using epsilon-net clustering for block 23
[2026-01-20 13:41:59,384] INFO spindle_dev.index:  Finished block 23 in 0.06 seconds, found 5 clusters.
[2026-01-20 13:41:59,384] INFO spindle_dev.index:  Using epsilon-net clustering for block 24
[2026-01-20 13:41:59,425] INFO spindle_dev.index:  Finished block 24 in 0.04 seconds, found 4 clusters.
[2026-01-20 13:41:59,425] INFO spindle_dev.index:  Using epsilon-net clustering for block 25
[2026-01-20 13:41:59,471] INFO spindle_dev.index:  Finished block 25 in 0.05 seconds, found 4 clusters.
[2026-01-20 13:41:59,471] INFO spindle_dev.index:  Using epsilon-net clustering for block 26
[2026-01-20 13:41:59,512] INFO spindle_dev.index:  Finished block 26 in 0.04 seconds, found 4 clusters.
[2026-01-20 13:41:59,512] INFO spindle_dev.index:  Using epsilon-net clustering for block 27
[2026-01-20 13:41:59,728] INFO spindle_dev.index:  Finished block 27 in 0.22 seconds, found 10 clusters.
[2026-01-20 13:41:59,728] INFO spindle_dev.index: Step 2: Build DAG connections between block clusters.
[2026-01-20 13:41:59,728] INFO spindle_dev.index: Step 2.1: For each layer order the block-clusters by
[2026-01-20 13:41:59,728] INFO spindle_dev.index: Not implemented: ordering block-clusters ? How to order them?
[2026-01-20 13:41:59,728] INFO spindle_dev.index: We will use triangle inequality to order clusters.
[2026-01-20 13:41:59,728] INFO spindle_dev.index: Step 2.2: Connect block-clusters between layers based on co-occurrence in SPDs.
[2026-01-20 13:41:59,737] INFO spindle_dev.index: Check if node global_node_id matches index in nodes list
[2026-01-20 13:41:59,737] INFO spindle_dev.index: Step 2.3: Ordering block-clusters within each layer using log-Euclidean distances.
[2026-01-20 13:41:59,737] INFO spindle_dev.index: Processing cluster 3
[2026-01-20 13:41:59,737] INFO spindle_dev.index: Building SPD index with epsilon=7.138602425803477
[2026-01-20 13:41:59,737] INFO spindle_dev.index: Step 1: Cluster blocks within each class of SPD matrices.
[2026-01-20 13:41:59,749] INFO spindle_dev.index: Cluster 3: 117 SPDs, 25 blocks
[2026-01-20 13:41:59,749] INFO spindle_dev.index:  Using epsilon-net clustering for block 0
[2026-01-20 13:41:59,756] INFO spindle_dev.index:  Finished block 0 in 0.01 seconds, found 1 clusters.
[2026-01-20 13:41:59,756] INFO spindle_dev.index:  Using epsilon-net clustering for block 1
[2026-01-20 13:41:59,761] INFO spindle_dev.index:  Finished block 1 in 0.01 seconds, found 1 clusters.
[2026-01-20 13:41:59,761] INFO spindle_dev.index:  Using epsilon-net clustering for block 2
[2026-01-20 13:41:59,767] INFO spindle_dev.index:  Finished block 2 in 0.01 seconds, found 1 clusters.
[2026-01-20 13:41:59,767] INFO spindle_dev.index:  Using epsilon-net clustering for block 3
[2026-01-20 13:41:59,775] INFO spindle_dev.index:  Finished block 3 in 0.01 seconds, found 2 clusters.
[2026-01-20 13:41:59,775] INFO spindle_dev.index:  Using epsilon-net clustering for block 4
[2026-01-20 13:41:59,783] INFO spindle_dev.index:  Finished block 4 in 0.01 seconds, found 3 clusters.
[2026-01-20 13:41:59,783] INFO spindle_dev.index:  Using epsilon-net clustering for block 5
[2026-01-20 13:41:59,792] INFO spindle_dev.index:  Finished block 5 in 0.01 seconds, found 3 clusters.
[2026-01-20 13:41:59,792] INFO spindle_dev.index:  Using epsilon-net clustering for block 6
[2026-01-20 13:41:59,801] INFO spindle_dev.index:  Finished block 6 in 0.01 seconds, found 3 clusters.
[2026-01-20 13:41:59,801] INFO spindle_dev.index:  Using epsilon-net clustering for block 7
[2026-01-20 13:41:59,810] INFO spindle_dev.index:  Finished block 7 in 0.01 seconds, found 3 clusters.
[2026-01-20 13:41:59,810] INFO spindle_dev.index:  Using epsilon-net clustering for block 8
[2026-01-20 13:41:59,818] INFO spindle_dev.index:  Finished block 8 in 0.01 seconds, found 3 clusters.
[2026-01-20 13:41:59,818] INFO spindle_dev.index:  Using epsilon-net clustering for block 9
[2026-01-20 13:41:59,827] INFO spindle_dev.index:  Finished block 9 in 0.01 seconds, found 3 clusters.
[2026-01-20 13:41:59,827] INFO spindle_dev.index:  Using epsilon-net clustering for block 10
[2026-01-20 13:41:59,838] INFO spindle_dev.index:  Finished block 10 in 0.01 seconds, found 4 clusters.
[2026-01-20 13:41:59,838] INFO spindle_dev.index:  Using epsilon-net clustering for block 11
[2026-01-20 13:41:59,848] INFO spindle_dev.index:  Finished block 11 in 0.01 seconds, found 4 clusters.
[2026-01-20 13:41:59,848] INFO spindle_dev.index:  Using epsilon-net clustering for block 12
[2026-01-20 13:41:59,858] INFO spindle_dev.index:  Finished block 12 in 0.01 seconds, found 4 clusters.
[2026-01-20 13:41:59,858] INFO spindle_dev.index:  Using epsilon-net clustering for block 13
[2026-01-20 13:41:59,870] INFO spindle_dev.index:  Finished block 13 in 0.01 seconds, found 5 clusters.
[2026-01-20 13:41:59,870] INFO spindle_dev.index:  Using epsilon-net clustering for block 14
[2026-01-20 13:41:59,885] INFO spindle_dev.index:  Finished block 14 in 0.02 seconds, found 7 clusters.
[2026-01-20 13:41:59,885] INFO spindle_dev.index:  Using epsilon-net clustering for block 15
[2026-01-20 13:41:59,899] INFO spindle_dev.index:  Finished block 15 in 0.01 seconds, found 6 clusters.
[2026-01-20 13:41:59,899] INFO spindle_dev.index:  Using epsilon-net clustering for block 16
[2026-01-20 13:41:59,911] INFO spindle_dev.index:  Finished block 16 in 0.01 seconds, found 4 clusters.
[2026-01-20 13:41:59,911] INFO spindle_dev.index:  Using epsilon-net clustering for block 17
[2026-01-20 13:41:59,924] INFO spindle_dev.index:  Finished block 17 in 0.01 seconds, found 5 clusters.
[2026-01-20 13:41:59,924] INFO spindle_dev.index:  Using epsilon-net clustering for block 18
[2026-01-20 13:41:59,936] INFO spindle_dev.index:  Finished block 18 in 0.01 seconds, found 5 clusters.
[2026-01-20 13:41:59,936] INFO spindle_dev.index:  Using epsilon-net clustering for block 19
[2026-01-20 13:41:59,948] INFO spindle_dev.index:  Finished block 19 in 0.01 seconds, found 5 clusters.
[2026-01-20 13:41:59,948] INFO spindle_dev.index:  Using epsilon-net clustering for block 20
[2026-01-20 13:41:59,982] INFO spindle_dev.index:  Finished block 20 in 0.03 seconds, found 5 clusters.
[2026-01-20 13:41:59,982] INFO spindle_dev.index:  Using epsilon-net clustering for block 21
[2026-01-20 13:41:59,993] INFO spindle_dev.index:  Finished block 21 in 0.01 seconds, found 3 clusters.
[2026-01-20 13:41:59,993] INFO spindle_dev.index:  Using epsilon-net clustering for block 22
[2026-01-20 13:42:00,013] INFO spindle_dev.index:  Finished block 22 in 0.02 seconds, found 6 clusters.
[2026-01-20 13:42:00,013] INFO spindle_dev.index:  Using epsilon-net clustering for block 23
[2026-01-20 13:42:00,052] INFO spindle_dev.index:  Finished block 23 in 0.04 seconds, found 5 clusters.
[2026-01-20 13:42:00,052] INFO spindle_dev.index:  Using epsilon-net clustering for block 24
[2026-01-20 13:42:00,100] INFO spindle_dev.index:  Finished block 24 in 0.05 seconds, found 8 clusters.
[2026-01-20 13:42:00,100] INFO spindle_dev.index: Step 2: Build DAG connections between block clusters.
[2026-01-20 13:42:00,100] INFO spindle_dev.index: Step 2.1: For each layer order the block-clusters by
[2026-01-20 13:42:00,100] INFO spindle_dev.index: Not implemented: ordering block-clusters ? How to order them?
[2026-01-20 13:42:00,100] INFO spindle_dev.index: We will use triangle inequality to order clusters.
[2026-01-20 13:42:00,100] INFO spindle_dev.index: Step 2.2: Connect block-clusters between layers based on co-occurrence in SPDs.
[2026-01-20 13:42:00,103] INFO spindle_dev.index: Check if node global_node_id matches index in nodes list
[2026-01-20 13:42:00,103] INFO spindle_dev.index: Step 2.3: Ordering block-clusters within each layer using log-Euclidean distances.
[2026-01-20 13:42:00,103] INFO spindle_dev.index: Processing cluster 4
[2026-01-20 13:42:00,103] INFO spindle_dev.index: Building SPD index with epsilon=5.844685463123093
[2026-01-20 13:42:00,103] INFO spindle_dev.index: Step 1: Cluster blocks within each class of SPD matrices.
[2026-01-20 13:42:00,107] INFO spindle_dev.index: Cluster 4: 38 SPDs, 27 blocks
[2026-01-20 13:42:00,108] INFO spindle_dev.index:  Using epsilon-net clustering for block 0
[2026-01-20 13:42:00,110] INFO spindle_dev.index:  Finished block 0 in 0.00 seconds, found 1 clusters.
[2026-01-20 13:42:00,110] INFO spindle_dev.index:  Using epsilon-net clustering for block 1
[2026-01-20 13:42:00,112] INFO spindle_dev.index:  Finished block 1 in 0.00 seconds, found 1 clusters.
[2026-01-20 13:42:00,112] INFO spindle_dev.index:  Using epsilon-net clustering for block 2
[2026-01-20 13:42:00,115] INFO spindle_dev.index:  Finished block 2 in 0.00 seconds, found 2 clusters.
[2026-01-20 13:42:00,115] INFO spindle_dev.index:  Using epsilon-net clustering for block 3
[2026-01-20 13:42:00,117] INFO spindle_dev.index:  Finished block 3 in 0.00 seconds, found 2 clusters.
[2026-01-20 13:42:00,117] INFO spindle_dev.index:  Using epsilon-net clustering for block 4
[2026-01-20 13:42:00,120] INFO spindle_dev.index:  Finished block 4 in 0.00 seconds, found 3 clusters.
[2026-01-20 13:42:00,120] INFO spindle_dev.index:  Using epsilon-net clustering for block 5
[2026-01-20 13:42:00,123] INFO spindle_dev.index:  Finished block 5 in 0.00 seconds, found 3 clusters.
[2026-01-20 13:42:00,123] INFO spindle_dev.index:  Using epsilon-net clustering for block 6
[2026-01-20 13:42:00,126] INFO spindle_dev.index:  Finished block 6 in 0.00 seconds, found 3 clusters.
[2026-01-20 13:42:00,126] INFO spindle_dev.index:  Using epsilon-net clustering for block 7
[2026-01-20 13:42:00,129] INFO spindle_dev.index:  Finished block 7 in 0.00 seconds, found 2 clusters.
[2026-01-20 13:42:00,129] INFO spindle_dev.index:  Using epsilon-net clustering for block 8
[2026-01-20 13:42:00,131] INFO spindle_dev.index:  Finished block 8 in 0.00 seconds, found 2 clusters.
[2026-01-20 13:42:00,131] INFO spindle_dev.index:  Using epsilon-net clustering for block 9
[2026-01-20 13:42:00,134] INFO spindle_dev.index:  Finished block 9 in 0.00 seconds, found 2 clusters.
[2026-01-20 13:42:00,134] INFO spindle_dev.index:  Using epsilon-net clustering for block 10
[2026-01-20 13:42:00,138] INFO spindle_dev.index:  Finished block 10 in 0.00 seconds, found 4 clusters.
[2026-01-20 13:42:00,138] INFO spindle_dev.index:  Using epsilon-net clustering for block 11
[2026-01-20 13:42:00,141] INFO spindle_dev.index:  Finished block 11 in 0.00 seconds, found 4 clusters.
[2026-01-20 13:42:00,141] INFO spindle_dev.index:  Using epsilon-net clustering for block 12
[2026-01-20 13:42:00,144] INFO spindle_dev.index:  Finished block 12 in 0.00 seconds, found 2 clusters.
[2026-01-20 13:42:00,144] INFO spindle_dev.index:  Using epsilon-net clustering for block 13
[2026-01-20 13:42:00,146] INFO spindle_dev.index:  Finished block 13 in 0.00 seconds, found 3 clusters.
[2026-01-20 13:42:00,147] INFO spindle_dev.index:  Using epsilon-net clustering for block 14
[2026-01-20 13:42:00,151] INFO spindle_dev.index:  Finished block 14 in 0.00 seconds, found 5 clusters.
[2026-01-20 13:42:00,151] INFO spindle_dev.index:  Using epsilon-net clustering for block 15
[2026-01-20 13:42:00,155] INFO spindle_dev.index:  Finished block 15 in 0.00 seconds, found 7 clusters.
[2026-01-20 13:42:00,155] INFO spindle_dev.index:  Using epsilon-net clustering for block 16
[2026-01-20 13:42:00,159] INFO spindle_dev.index:  Finished block 16 in 0.00 seconds, found 4 clusters.
[2026-01-20 13:42:00,159] INFO spindle_dev.index:  Using epsilon-net clustering for block 17
[2026-01-20 13:42:00,163] INFO spindle_dev.index:  Finished block 17 in 0.00 seconds, found 6 clusters.
[2026-01-20 13:42:00,163] INFO spindle_dev.index:  Using epsilon-net clustering for block 18
[2026-01-20 13:42:00,169] INFO spindle_dev.index:  Finished block 18 in 0.01 seconds, found 10 clusters.
[2026-01-20 13:42:00,169] INFO spindle_dev.index:  Using epsilon-net clustering for block 19
[2026-01-20 13:42:00,175] INFO spindle_dev.index:  Finished block 19 in 0.01 seconds, found 9 clusters.
[2026-01-20 13:42:00,175] INFO spindle_dev.index:  Using epsilon-net clustering for block 20
[2026-01-20 13:42:00,181] INFO spindle_dev.index:  Finished block 20 in 0.01 seconds, found 10 clusters.
[2026-01-20 13:42:00,181] INFO spindle_dev.index:  Using epsilon-net clustering for block 21
[2026-01-20 13:42:00,188] INFO spindle_dev.index:  Finished block 21 in 0.01 seconds, found 12 clusters.
[2026-01-20 13:42:00,188] INFO spindle_dev.index:  Using epsilon-net clustering for block 22
[2026-01-20 13:42:00,195] INFO spindle_dev.index:  Finished block 22 in 0.01 seconds, found 10 clusters.
[2026-01-20 13:42:00,195] INFO spindle_dev.index:  Using epsilon-net clustering for block 23
[2026-01-20 13:42:00,204] INFO spindle_dev.index:  Finished block 23 in 0.01 seconds, found 15 clusters.
[2026-01-20 13:42:00,204] INFO spindle_dev.index:  Using epsilon-net clustering for block 24
[2026-01-20 13:42:00,214] INFO spindle_dev.index:  Finished block 24 in 0.01 seconds, found 14 clusters.
[2026-01-20 13:42:00,214] INFO spindle_dev.index:  Using epsilon-net clustering for block 25
[2026-01-20 13:42:00,227] INFO spindle_dev.index:  Finished block 25 in 0.01 seconds, found 13 clusters.
[2026-01-20 13:42:00,227] INFO spindle_dev.index:  Using epsilon-net clustering for block 26
[2026-01-20 13:42:00,241] INFO spindle_dev.index:  Finished block 26 in 0.01 seconds, found 11 clusters.
[2026-01-20 13:42:00,241] INFO spindle_dev.index: Step 2: Build DAG connections between block clusters.
[2026-01-20 13:42:00,241] INFO spindle_dev.index: Step 2.1: For each layer order the block-clusters by
[2026-01-20 13:42:00,241] INFO spindle_dev.index: Not implemented: ordering block-clusters ? How to order them?
[2026-01-20 13:42:00,241] INFO spindle_dev.index: We will use triangle inequality to order clusters.
[2026-01-20 13:42:00,241] INFO spindle_dev.index: Step 2.2: Connect block-clusters between layers based on co-occurrence in SPDs.
[2026-01-20 13:42:00,243] INFO spindle_dev.index: Check if node global_node_id matches index in nodes list
[2026-01-20 13:42:00,243] INFO spindle_dev.index: Step 2.3: Ordering block-clusters within each layer using log-Euclidean distances.
[2026-01-20 13:42:00,243] INFO spindle_dev.index: Processing cluster 5
[2026-01-20 13:42:00,243] INFO spindle_dev.index: Building SPD index with epsilon=5.579999529314699
[2026-01-20 13:42:00,243] INFO spindle_dev.index: Step 1: Cluster blocks within each class of SPD matrices.
[2026-01-20 13:42:00,247] INFO spindle_dev.index: Cluster 5: 37 SPDs, 24 blocks
[2026-01-20 13:42:00,248] INFO spindle_dev.index:  Using epsilon-net clustering for block 0
[2026-01-20 13:42:00,251] INFO spindle_dev.index:  Finished block 0 in 0.00 seconds, found 3 clusters.
[2026-01-20 13:42:00,251] INFO spindle_dev.index:  Using epsilon-net clustering for block 1
[2026-01-20 13:42:00,255] INFO spindle_dev.index:  Finished block 1 in 0.00 seconds, found 5 clusters.
[2026-01-20 13:42:00,255] INFO spindle_dev.index:  Using epsilon-net clustering for block 2
[2026-01-20 13:42:00,259] INFO spindle_dev.index:  Finished block 2 in 0.00 seconds, found 7 clusters.
[2026-01-20 13:42:00,259] INFO spindle_dev.index:  Using epsilon-net clustering for block 3
[2026-01-20 13:42:00,263] INFO spindle_dev.index:  Finished block 3 in 0.00 seconds, found 5 clusters.
[2026-01-20 13:42:00,263] INFO spindle_dev.index:  Using epsilon-net clustering for block 4
[2026-01-20 13:42:00,268] INFO spindle_dev.index:  Finished block 4 in 0.01 seconds, found 9 clusters.
[2026-01-20 13:42:00,268] INFO spindle_dev.index:  Using epsilon-net clustering for block 5
[2026-01-20 13:42:00,273] INFO spindle_dev.index:  Finished block 5 in 0.00 seconds, found 8 clusters.
[2026-01-20 13:42:00,273] INFO spindle_dev.index:  Using epsilon-net clustering for block 6
[2026-01-20 13:42:00,279] INFO spindle_dev.index:  Finished block 6 in 0.01 seconds, found 8 clusters.
[2026-01-20 13:42:00,279] INFO spindle_dev.index:  Using epsilon-net clustering for block 7
[2026-01-20 13:42:00,285] INFO spindle_dev.index:  Finished block 7 in 0.01 seconds, found 12 clusters.
[2026-01-20 13:42:00,286] INFO spindle_dev.index:  Using epsilon-net clustering for block 8
[2026-01-20 13:42:00,292] INFO spindle_dev.index:  Finished block 8 in 0.01 seconds, found 11 clusters.
[2026-01-20 13:42:00,292] INFO spindle_dev.index:  Using epsilon-net clustering for block 9
[2026-01-20 13:42:00,299] INFO spindle_dev.index:  Finished block 9 in 0.01 seconds, found 13 clusters.
[2026-01-20 13:42:00,299] INFO spindle_dev.index:  Using epsilon-net clustering for block 10
[2026-01-20 13:42:00,304] INFO spindle_dev.index:  Finished block 10 in 0.01 seconds, found 9 clusters.
[2026-01-20 13:42:00,304] INFO spindle_dev.index:  Using epsilon-net clustering for block 11
[2026-01-20 13:42:00,310] INFO spindle_dev.index:  Finished block 11 in 0.01 seconds, found 9 clusters.
[2026-01-20 13:42:00,310] INFO spindle_dev.index:  Using epsilon-net clustering for block 12
[2026-01-20 13:42:00,316] INFO spindle_dev.index:  Finished block 12 in 0.01 seconds, found 11 clusters.
[2026-01-20 13:42:00,316] INFO spindle_dev.index:  Using epsilon-net clustering for block 13
[2026-01-20 13:42:00,323] INFO spindle_dev.index:  Finished block 13 in 0.01 seconds, found 12 clusters.
[2026-01-20 13:42:00,326] INFO spindle_dev.index:  Using epsilon-net clustering for block 14
[2026-01-20 13:42:00,333] INFO spindle_dev.index:  Finished block 14 in 0.01 seconds, found 11 clusters.
[2026-01-20 13:42:00,333] INFO spindle_dev.index:  Using epsilon-net clustering for block 15
[2026-01-20 13:42:00,338] INFO spindle_dev.index:  Finished block 15 in 0.01 seconds, found 9 clusters.
[2026-01-20 13:42:00,338] INFO spindle_dev.index:  Using epsilon-net clustering for block 16
[2026-01-20 13:42:00,342] INFO spindle_dev.index:  Finished block 16 in 0.00 seconds, found 5 clusters.
[2026-01-20 13:42:00,342] INFO spindle_dev.index:  Using epsilon-net clustering for block 17
[2026-01-20 13:42:00,364] INFO spindle_dev.index:  Finished block 17 in 0.02 seconds, found 14 clusters.
[2026-01-20 13:42:00,365] INFO spindle_dev.index:  Using epsilon-net clustering for block 18
[2026-01-20 13:42:00,372] INFO spindle_dev.index:  Finished block 18 in 0.01 seconds, found 8 clusters.
[2026-01-20 13:42:00,372] INFO spindle_dev.index:  Using epsilon-net clustering for block 19
[2026-01-20 13:42:00,377] INFO spindle_dev.index:  Finished block 19 in 0.00 seconds, found 6 clusters.
[2026-01-20 13:42:00,377] INFO spindle_dev.index:  Using epsilon-net clustering for block 20
[2026-01-20 13:42:00,383] INFO spindle_dev.index:  Finished block 20 in 0.01 seconds, found 2 clusters.
[2026-01-20 13:42:00,383] INFO spindle_dev.index:  Using epsilon-net clustering for block 21
[2026-01-20 13:42:00,396] INFO spindle_dev.index:  Finished block 21 in 0.01 seconds, found 8 clusters.
[2026-01-20 13:42:00,396] INFO spindle_dev.index:  Using epsilon-net clustering for block 22
[2026-01-20 13:42:00,400] INFO spindle_dev.index:  Finished block 22 in 0.00 seconds, found 5 clusters.
[2026-01-20 13:42:00,400] INFO spindle_dev.index:  Using epsilon-net clustering for block 23
[2026-01-20 13:42:00,407] INFO spindle_dev.index:  Finished block 23 in 0.01 seconds, found 3 clusters.
[2026-01-20 13:42:00,407] INFO spindle_dev.index: Step 2: Build DAG connections between block clusters.
[2026-01-20 13:42:00,407] INFO spindle_dev.index: Step 2.1: For each layer order the block-clusters by
[2026-01-20 13:42:00,408] INFO spindle_dev.index: Not implemented: ordering block-clusters ? How to order them?
[2026-01-20 13:42:00,408] INFO spindle_dev.index: We will use triangle inequality to order clusters.
[2026-01-20 13:42:00,408] INFO spindle_dev.index: Step 2.2: Connect block-clusters between layers based on co-occurrence in SPDs.
[2026-01-20 13:42:00,410] INFO spindle_dev.index: Check if node global_node_id matches index in nodes list
[2026-01-20 13:42:00,410] INFO spindle_dev.index: Step 2.3: Ordering block-clusters within each layer using log-Euclidean distances.
[2026-01-20 13:42:00,410] INFO spindle_dev.index: Processing cluster 6
[2026-01-20 13:42:00,410] INFO spindle_dev.index: Building SPD index with epsilon=4.772250341169802
[2026-01-20 13:42:00,410] INFO spindle_dev.index: Step 1: Cluster blocks within each class of SPD matrices.
[2026-01-20 13:42:00,412] INFO spindle_dev.index: Cluster 6: 20 SPDs, 28 blocks
[2026-01-20 13:42:00,412] INFO spindle_dev.index:  Using epsilon-net clustering for block 0
[2026-01-20 13:42:00,414] INFO spindle_dev.index:  Finished block 0 in 0.00 seconds, found 3 clusters.
[2026-01-20 13:42:00,414] INFO spindle_dev.index:  Using epsilon-net clustering for block 1
[2026-01-20 13:42:00,417] INFO spindle_dev.index:  Finished block 1 in 0.00 seconds, found 9 clusters.
[2026-01-20 13:42:00,417] INFO spindle_dev.index:  Using epsilon-net clustering for block 2
[2026-01-20 13:42:00,420] INFO spindle_dev.index:  Finished block 2 in 0.00 seconds, found 10 clusters.
[2026-01-20 13:42:00,420] INFO spindle_dev.index:  Using epsilon-net clustering for block 3
[2026-01-20 13:42:00,425] INFO spindle_dev.index:  Finished block 3 in 0.00 seconds, found 15 clusters.
[2026-01-20 13:42:00,425] INFO spindle_dev.index:  Using epsilon-net clustering for block 4
[2026-01-20 13:42:00,429] INFO spindle_dev.index:  Finished block 4 in 0.00 seconds, found 12 clusters.
[2026-01-20 13:42:00,429] INFO spindle_dev.index:  Using epsilon-net clustering for block 5
[2026-01-20 13:42:00,433] INFO spindle_dev.index:  Finished block 5 in 0.00 seconds, found 14 clusters.
[2026-01-20 13:42:00,433] INFO spindle_dev.index:  Using epsilon-net clustering for block 6
[2026-01-20 13:42:00,437] INFO spindle_dev.index:  Finished block 6 in 0.00 seconds, found 13 clusters.
[2026-01-20 13:42:00,437] INFO spindle_dev.index:  Using epsilon-net clustering for block 7
[2026-01-20 13:42:00,441] INFO spindle_dev.index:  Finished block 7 in 0.00 seconds, found 13 clusters.
[2026-01-20 13:42:00,441] INFO spindle_dev.index:  Using epsilon-net clustering for block 8
[2026-01-20 13:42:00,444] INFO spindle_dev.index:  Finished block 8 in 0.00 seconds, found 8 clusters.
[2026-01-20 13:42:00,444] INFO spindle_dev.index:  Using epsilon-net clustering for block 9
[2026-01-20 13:42:00,448] INFO spindle_dev.index:  Finished block 9 in 0.00 seconds, found 10 clusters.
[2026-01-20 13:42:00,448] INFO spindle_dev.index:  Using epsilon-net clustering for block 10
[2026-01-20 13:42:00,451] INFO spindle_dev.index:  Finished block 10 in 0.00 seconds, found 10 clusters.
[2026-01-20 13:42:00,451] INFO spindle_dev.index:  Using epsilon-net clustering for block 11
[2026-01-20 13:42:00,453] INFO spindle_dev.index:  Finished block 11 in 0.00 seconds, found 5 clusters.
[2026-01-20 13:42:00,453] INFO spindle_dev.index:  Using epsilon-net clustering for block 12
[2026-01-20 13:42:00,456] INFO spindle_dev.index:  Finished block 12 in 0.00 seconds, found 5 clusters.
[2026-01-20 13:42:00,456] INFO spindle_dev.index:  Using epsilon-net clustering for block 13
[2026-01-20 13:42:00,457] INFO spindle_dev.index:  Finished block 13 in 0.00 seconds, found 2 clusters.
[2026-01-20 13:42:00,457] INFO spindle_dev.index:  Using epsilon-net clustering for block 14
[2026-01-20 13:42:00,459] INFO spindle_dev.index:  Finished block 14 in 0.00 seconds, found 4 clusters.
[2026-01-20 13:42:00,459] INFO spindle_dev.index:  Using epsilon-net clustering for block 15
[2026-01-20 13:42:00,461] INFO spindle_dev.index:  Finished block 15 in 0.00 seconds, found 4 clusters.
[2026-01-20 13:42:00,462] INFO spindle_dev.index:  Using epsilon-net clustering for block 16
[2026-01-20 13:42:00,463] INFO spindle_dev.index:  Finished block 16 in 0.00 seconds, found 3 clusters.
[2026-01-20 13:42:00,464] INFO spindle_dev.index:  Using epsilon-net clustering for block 17
[2026-01-20 13:42:00,466] INFO spindle_dev.index:  Finished block 17 in 0.00 seconds, found 4 clusters.
[2026-01-20 13:42:00,466] INFO spindle_dev.index:  Using epsilon-net clustering for block 18
[2026-01-20 13:42:00,468] INFO spindle_dev.index:  Finished block 18 in 0.00 seconds, found 4 clusters.
[2026-01-20 13:42:00,468] INFO spindle_dev.index:  Using epsilon-net clustering for block 19
[2026-01-20 13:42:00,471] INFO spindle_dev.index:  Finished block 19 in 0.00 seconds, found 8 clusters.
[2026-01-20 13:42:00,471] INFO spindle_dev.index:  Using epsilon-net clustering for block 20
[2026-01-20 13:42:00,473] INFO spindle_dev.index:  Finished block 20 in 0.00 seconds, found 2 clusters.
[2026-01-20 13:42:00,473] INFO spindle_dev.index:  Using epsilon-net clustering for block 21
[2026-01-20 13:42:00,475] INFO spindle_dev.index:  Finished block 21 in 0.00 seconds, found 2 clusters.
[2026-01-20 13:42:00,475] INFO spindle_dev.index:  Using epsilon-net clustering for block 22
[2026-01-20 13:42:00,476] INFO spindle_dev.index:  Finished block 22 in 0.00 seconds, found 2 clusters.
[2026-01-20 13:42:00,476] INFO spindle_dev.index:  Using epsilon-net clustering for block 23
[2026-01-20 13:42:00,484] INFO spindle_dev.index:  Finished block 23 in 0.01 seconds, found 3 clusters.
[2026-01-20 13:42:00,484] INFO spindle_dev.index:  Using epsilon-net clustering for block 24
[2026-01-20 13:42:00,487] INFO spindle_dev.index:  Finished block 24 in 0.00 seconds, found 4 clusters.
[2026-01-20 13:42:00,487] INFO spindle_dev.index:  Using epsilon-net clustering for block 25
[2026-01-20 13:42:00,488] INFO spindle_dev.index:  Finished block 25 in 0.00 seconds, found 2 clusters.
[2026-01-20 13:42:00,488] INFO spindle_dev.index:  Using epsilon-net clustering for block 26
[2026-01-20 13:42:00,491] INFO spindle_dev.index:  Finished block 26 in 0.00 seconds, found 7 clusters.
[2026-01-20 13:42:00,491] INFO spindle_dev.index:  Using epsilon-net clustering for block 27
[2026-01-20 13:42:00,495] INFO spindle_dev.index:  Finished block 27 in 0.00 seconds, found 4 clusters.
[2026-01-20 13:42:00,495] INFO spindle_dev.index: Step 2: Build DAG connections between block clusters.
[2026-01-20 13:42:00,495] INFO spindle_dev.index: Step 2.1: For each layer order the block-clusters by
[2026-01-20 13:42:00,495] INFO spindle_dev.index: Not implemented: ordering block-clusters ? How to order them?
[2026-01-20 13:42:00,495] INFO spindle_dev.index: We will use triangle inequality to order clusters.
[2026-01-20 13:42:00,495] INFO spindle_dev.index: Step 2.2: Connect block-clusters between layers based on co-occurrence in SPDs.
[2026-01-20 13:42:00,497] INFO spindle_dev.index: Check if node global_node_id matches index in nodes list
[2026-01-20 13:42:00,497] INFO spindle_dev.index: Step 2.3: Ordering block-clusters within each layer using log-Euclidean distances.
[2026-01-20 13:42:00,861] INFO spindle_dev.test: Built ground-truth paths for 570 SPDs in cluster 0 across 25 blocks.
[2026-01-20 13:42:01,218] INFO spindle_dev.test: Built ground-truth paths for 546 SPDs in cluster 1 across 27 blocks.
[2026-01-20 13:42:01,477] INFO spindle_dev.test: Built ground-truth paths for 449 SPDs in cluster 2 across 28 blocks.
[2026-01-20 13:42:01,496] INFO spindle_dev.test: Built ground-truth paths for 117 SPDs in cluster 3 across 25 blocks.
[2026-01-20 13:42:01,499] INFO spindle_dev.test: Built ground-truth paths for 38 SPDs in cluster 4 across 27 blocks.
[2026-01-20 13:42:01,503] INFO spindle_dev.test: Built ground-truth paths for 37 SPDs in cluster 5 across 24 blocks.
[2026-01-20 13:42:01,504] INFO spindle_dev.test: Built ground-truth paths for 20 SPDs in cluster 6 across 28 blocks.
[2026-01-20 13:42:09,541] INFO spindle_dev.index: Clustering SPD-s using 'tree' distance.
[2026-01-20 13:42:09,542] INFO spindle_dev.index: Building ultrametric features from SPD matrices.
[2026-01-20 13:43:49,219] INFO spindle_dev.index: Computing latent features from the tree representations.
[2026-01-20 13:43:56,237] INFO spindle_dev.index: Reducing latent features to 30 dimensions using PCA.
[2026-01-20 13:44:12,658] INFO spindle_dev.index: Explained variance ratios by PCA components: [0.04082877 0.02090289 0.01214787 0.00703324 0.00602298 0.00583663
 0.00484961 0.00420947 0.00341713 0.00326079 0.00293997 0.00285414
 0.00278242 0.00267546 0.00262346 0.00254401 0.00253857 0.00249984
 0.00243455 0.00240164 0.00238939 0.00234241 0.0022555  0.0022111
 0.00219762 0.0021745  0.00212202 0.0020705  0.00205612 0.00198888]
[2026-01-20 13:44:12,659] INFO spindle_dev.index: Reducing latent features to 2 dimensions using UMAP.
/panfs/accrepfs.vampire/home/sarkah1/miniforge3/envs/spatial/lib/python3.10/site-packages/umap/umap_.py:1952: UserWarning: n_jobs value 1 overridden to 1 by setting random_state. Use no seed for parallelism.
  warn(
[2026-01-20 13:44:20,512] INFO spindle_dev.index: Clustering SPD-s using 'tree' distance.
[2026-01-20 13:44:20,513] INFO spindle_dev.index: Clustering SPD matrices using Leiden clustering with resolution 0.50.
[2026-01-20 13:44:20,995] INFO spindle_dev.index: Since clustering method is tree, I am going to find global order per cluster
[2026-01-20 13:44:20,995] INFO spindle_dev.index: Finding consensus tree for cluster 0
[2026-01-20 13:44:21,668] INFO spindle_dev.index: Finding consensus tree for cluster 1
[2026-01-20 13:44:22,158] INFO spindle_dev.index: Finding consensus tree for cluster 2
[2026-01-20 13:44:22,713] INFO spindle_dev.index: Finding consensus tree for cluster 3
[2026-01-20 13:44:23,058] INFO spindle_dev.index: Finding consensus tree for cluster 4
[2026-01-20 13:44:23,481] INFO spindle_dev.index: Finding consensus tree for cluster 5
[2026-01-20 13:44:25,034] INFO spindle_dev.index: Computing mean correlation matrix for cluster 0
[2026-01-20 13:44:41,124] INFO spindle_dev.index: Computing mean correlation matrix for cluster 1
[2026-01-20 13:44:43,220] INFO spindle_dev.index: Computing mean correlation matrix for cluster 2
[2026-01-20 13:44:44,562] INFO spindle_dev.index: Computing mean correlation matrix for cluster 3
[2026-01-20 13:44:45,829] INFO spindle_dev.index: Computing mean correlation matrix for cluster 4
[2026-01-20 13:44:46,568] INFO spindle_dev.index: Computing mean correlation matrix for cluster 5
[2026-01-20 13:44:46,732] INFO spindle_dev.index: Finding adaptive block runs for cluster 0
[2026-01-20 13:44:47,369] INFO spindle_dev.index:  Chose t=0.8953150000734291 resulting in 269 blocks instead of 234 blocks would have gotten by default
[2026-01-20 13:44:47,452] INFO spindle_dev.index:  Final block runs for cluster 0: 33 blocks.
[2026-01-20 13:44:47,452] INFO spindle_dev.index: Finding adaptive block runs for cluster 1
[2026-01-20 13:44:48,051] INFO spindle_dev.index:  Chose t=0.8974951970517207 resulting in 247 blocks instead of 219 blocks would have gotten by default
[2026-01-20 13:44:48,122] INFO spindle_dev.index:  Final block runs for cluster 1: 30 blocks.
[2026-01-20 13:44:48,122] INFO spindle_dev.index: Finding adaptive block runs for cluster 2
[2026-01-20 13:44:48,713] INFO spindle_dev.index:  Chose t=0.9153192440240208 resulting in 190 blocks instead of 182 blocks would have gotten by default
[2026-01-20 13:44:48,759] INFO spindle_dev.index:  Final block runs for cluster 2: 22 blocks.
[2026-01-20 13:44:48,759] INFO spindle_dev.index: Finding adaptive block runs for cluster 3
[2026-01-20 13:44:49,355] INFO spindle_dev.index:  Chose t=0.9106198620507007 resulting in 285 blocks instead of 267 blocks would have gotten by default
[2026-01-20 13:44:49,453] INFO spindle_dev.index:  Final block runs for cluster 3: 32 blocks.
[2026-01-20 13:44:49,453] INFO spindle_dev.index: Finding adaptive block runs for cluster 4
[2026-01-20 13:44:50,047] INFO spindle_dev.index:  Chose t=0.9374727137890102 resulting in 246 blocks instead of 291 blocks would have gotten by default
[2026-01-20 13:44:50,119] INFO spindle_dev.index:  Final block runs for cluster 4: 28 blocks.
[2026-01-20 13:44:50,119] INFO spindle_dev.index: Finding adaptive block runs for cluster 5
[2026-01-20 13:44:50,717] INFO spindle_dev.index:  Chose t=0.9281580392858046 resulting in 252 blocks instead of 271 blocks would have gotten by default
[2026-01-20 13:44:50,793] INFO spindle_dev.index:  Final block runs for cluster 5: 28 blocks.
[2026-01-20 13:45:03,275] INFO spindle_dev.index: Processing cluster 0
[2026-01-20 13:45:03,276] INFO spindle_dev.index: Building SPD index with epsilon=5.607331021354877
[2026-01-20 13:45:03,276] INFO spindle_dev.index: Step 1: Cluster blocks within each class of SPD matrices.
[2026-01-20 13:45:03,326] INFO spindle_dev.index: Cluster 0: 692 SPDs, 33 blocks
[2026-01-20 13:45:03,326] INFO spindle_dev.index:  Using epsilon-net clustering for block 0
[2026-01-20 13:45:03,456] INFO spindle_dev.index:  Finished block 0 in 0.13 seconds, found 13 clusters.
[2026-01-20 13:45:03,456] INFO spindle_dev.index:  Using epsilon-net clustering for block 1
[2026-01-20 13:45:03,599] INFO spindle_dev.index:  Finished block 1 in 0.14 seconds, found 15 clusters.
[2026-01-20 13:45:03,599] INFO spindle_dev.index:  Using epsilon-net clustering for block 2
[2026-01-20 13:45:03,737] INFO spindle_dev.index:  Finished block 2 in 0.14 seconds, found 14 clusters.
[2026-01-20 13:45:03,737] INFO spindle_dev.index:  Using epsilon-net clustering for block 3
[2026-01-20 13:45:03,889] INFO spindle_dev.index:  Finished block 3 in 0.15 seconds, found 16 clusters.
[2026-01-20 13:45:03,889] INFO spindle_dev.index:  Using epsilon-net clustering for block 4
[2026-01-20 13:45:04,026] INFO spindle_dev.index:  Finished block 4 in 0.14 seconds, found 14 clusters.
[2026-01-20 13:45:04,026] INFO spindle_dev.index:  Using epsilon-net clustering for block 5
[2026-01-20 13:45:04,171] INFO spindle_dev.index:  Finished block 5 in 0.14 seconds, found 15 clusters.
[2026-01-20 13:45:04,171] INFO spindle_dev.index:  Using epsilon-net clustering for block 6
[2026-01-20 13:45:04,326] INFO spindle_dev.index:  Finished block 6 in 0.15 seconds, found 16 clusters.
[2026-01-20 13:45:04,326] INFO spindle_dev.index:  Using epsilon-net clustering for block 7
[2026-01-20 13:45:04,463] INFO spindle_dev.index:  Finished block 7 in 0.14 seconds, found 14 clusters.
[2026-01-20 13:45:04,463] INFO spindle_dev.index:  Using epsilon-net clustering for block 8
[2026-01-20 13:45:04,601] INFO spindle_dev.index:  Finished block 8 in 0.14 seconds, found 14 clusters.
[2026-01-20 13:45:04,601] INFO spindle_dev.index:  Using epsilon-net clustering for block 9
[2026-01-20 13:45:04,709] INFO spindle_dev.index:  Finished block 9 in 0.11 seconds, found 10 clusters.
[2026-01-20 13:45:04,709] INFO spindle_dev.index:  Using epsilon-net clustering for block 10
[2026-01-20 13:45:04,839] INFO spindle_dev.index:  Finished block 10 in 0.13 seconds, found 13 clusters.
[2026-01-20 13:45:04,839] INFO spindle_dev.index:  Using epsilon-net clustering for block 11
[2026-01-20 13:45:04,965] INFO spindle_dev.index:  Finished block 11 in 0.13 seconds, found 12 clusters.
[2026-01-20 13:45:04,965] INFO spindle_dev.index:  Using epsilon-net clustering for block 12
[2026-01-20 13:45:05,073] INFO spindle_dev.index:  Finished block 12 in 0.11 seconds, found 10 clusters.
[2026-01-20 13:45:05,073] INFO spindle_dev.index:  Using epsilon-net clustering for block 13
[2026-01-20 13:45:05,167] INFO spindle_dev.index:  Finished block 13 in 0.09 seconds, found 8 clusters.
[2026-01-20 13:45:05,167] INFO spindle_dev.index:  Using epsilon-net clustering for block 14
[2026-01-20 13:45:05,260] INFO spindle_dev.index:  Finished block 14 in 0.09 seconds, found 8 clusters.
[2026-01-20 13:45:05,260] INFO spindle_dev.index:  Using epsilon-net clustering for block 15
[2026-01-20 13:45:05,339] INFO spindle_dev.index:  Finished block 15 in 0.08 seconds, found 6 clusters.
[2026-01-20 13:45:05,339] INFO spindle_dev.index:  Using epsilon-net clustering for block 16
[2026-01-20 13:45:05,387] INFO spindle_dev.index:  Finished block 16 in 0.05 seconds, found 2 clusters.
[2026-01-20 13:45:05,387] INFO spindle_dev.index:  Using epsilon-net clustering for block 17
[2026-01-20 13:45:05,428] INFO spindle_dev.index:  Finished block 17 in 0.04 seconds, found 1 clusters.
[2026-01-20 13:45:05,428] INFO spindle_dev.index:  Using epsilon-net clustering for block 18
[2026-01-20 13:45:05,479] INFO spindle_dev.index:  Finished block 18 in 0.05 seconds, found 1 clusters.
[2026-01-20 13:45:05,479] INFO spindle_dev.index:  Using epsilon-net clustering for block 19
[2026-01-20 13:45:05,537] INFO spindle_dev.index:  Finished block 19 in 0.06 seconds, found 2 clusters.
[2026-01-20 13:45:05,537] INFO spindle_dev.index:  Using epsilon-net clustering for block 20
[2026-01-20 13:45:05,597] INFO spindle_dev.index:  Finished block 20 in 0.06 seconds, found 3 clusters.
[2026-01-20 13:45:05,597] INFO spindle_dev.index:  Using epsilon-net clustering for block 21
[2026-01-20 13:45:05,650] INFO spindle_dev.index:  Finished block 21 in 0.05 seconds, found 2 clusters.
[2026-01-20 13:45:05,650] INFO spindle_dev.index:  Using epsilon-net clustering for block 22
[2026-01-20 13:45:05,692] INFO spindle_dev.index:  Finished block 22 in 0.04 seconds, found 1 clusters.
[2026-01-20 13:45:05,692] INFO spindle_dev.index:  Using epsilon-net clustering for block 23
[2026-01-20 13:45:05,752] INFO spindle_dev.index:  Finished block 23 in 0.06 seconds, found 3 clusters.
[2026-01-20 13:45:05,752] INFO spindle_dev.index:  Using epsilon-net clustering for block 24
[2026-01-20 13:45:05,793] INFO spindle_dev.index:  Finished block 24 in 0.04 seconds, found 1 clusters.
[2026-01-20 13:45:05,793] INFO spindle_dev.index:  Using epsilon-net clustering for block 25
[2026-01-20 13:45:05,840] INFO spindle_dev.index:  Finished block 25 in 0.05 seconds, found 1 clusters.
[2026-01-20 13:45:05,840] INFO spindle_dev.index:  Using epsilon-net clustering for block 26
[2026-01-20 13:45:05,880] INFO spindle_dev.index:  Finished block 26 in 0.04 seconds, found 1 clusters.
[2026-01-20 13:45:05,880] INFO spindle_dev.index:  Using epsilon-net clustering for block 27
[2026-01-20 13:45:05,977] INFO spindle_dev.index:  Finished block 27 in 0.10 seconds, found 8 clusters.
[2026-01-20 13:45:05,977] INFO spindle_dev.index:  Using epsilon-net clustering for block 28
[2026-01-20 13:45:06,032] INFO spindle_dev.index:  Finished block 28 in 0.06 seconds, found 2 clusters.
[2026-01-20 13:45:06,032] INFO spindle_dev.index:  Using epsilon-net clustering for block 29
[2026-01-20 13:45:06,089] INFO spindle_dev.index:  Finished block 29 in 0.06 seconds, found 3 clusters.
[2026-01-20 13:45:06,090] INFO spindle_dev.index:  Using epsilon-net clustering for block 30
[2026-01-20 13:45:06,208] INFO spindle_dev.index:  Finished block 30 in 0.12 seconds, found 2 clusters.
[2026-01-20 13:45:06,209] INFO spindle_dev.index:  Using epsilon-net clustering for block 31
[2026-01-20 13:45:06,260] INFO spindle_dev.index:  Finished block 31 in 0.05 seconds, found 2 clusters.
[2026-01-20 13:45:06,260] INFO spindle_dev.index:  Using epsilon-net clustering for block 32
[2026-01-20 13:45:06,331] INFO spindle_dev.index:  Finished block 32 in 0.07 seconds, found 5 clusters.
[2026-01-20 13:45:06,331] INFO spindle_dev.index: Step 2: Build DAG connections between block clusters.
[2026-01-20 13:45:06,331] INFO spindle_dev.index: Step 2.1: For each layer order the block-clusters by
[2026-01-20 13:45:06,331] INFO spindle_dev.index: Not implemented: ordering block-clusters ? How to order them?
[2026-01-20 13:45:06,331] INFO spindle_dev.index: We will use triangle inequality to order clusters.
[2026-01-20 13:45:06,331] INFO spindle_dev.index: Step 2.2: Connect block-clusters between layers based on co-occurrence in SPDs.
[2026-01-20 13:45:06,347] INFO spindle_dev.index: Check if node global_node_id matches index in nodes list
[2026-01-20 13:45:06,347] INFO spindle_dev.index: Step 2.3: Ordering block-clusters within each layer using log-Euclidean distances.
[2026-01-20 13:45:06,347] INFO spindle_dev.index: Processing cluster 1
[2026-01-20 13:45:06,347] INFO spindle_dev.index: Building SPD index with epsilon=5.957970143297901
[2026-01-20 13:45:06,347] INFO spindle_dev.index: Step 1: Cluster blocks within each class of SPD matrices.
[2026-01-20 13:45:06,396] INFO spindle_dev.index: Cluster 1: 688 SPDs, 30 blocks
[2026-01-20 13:45:06,396] INFO spindle_dev.index:  Using epsilon-net clustering for block 0
[2026-01-20 13:45:06,481] INFO spindle_dev.index:  Finished block 0 in 0.08 seconds, found 7 clusters.
[2026-01-20 13:45:06,481] INFO spindle_dev.index:  Using epsilon-net clustering for block 1
[2026-01-20 13:45:06,585] INFO spindle_dev.index:  Finished block 1 in 0.10 seconds, found 10 clusters.
[2026-01-20 13:45:06,585] INFO spindle_dev.index:  Using epsilon-net clustering for block 2
[2026-01-20 13:45:06,684] INFO spindle_dev.index:  Finished block 2 in 0.10 seconds, found 9 clusters.
[2026-01-20 13:45:06,684] INFO spindle_dev.index:  Using epsilon-net clustering for block 3
[2026-01-20 13:45:06,828] INFO spindle_dev.index:  Finished block 3 in 0.14 seconds, found 15 clusters.
[2026-01-20 13:45:06,828] INFO spindle_dev.index:  Using epsilon-net clustering for block 4
[2026-01-20 13:45:06,941] INFO spindle_dev.index:  Finished block 4 in 0.11 seconds, found 11 clusters.
[2026-01-20 13:45:06,941] INFO spindle_dev.index:  Using epsilon-net clustering for block 5
[2026-01-20 13:45:07,071] INFO spindle_dev.index:  Finished block 5 in 0.13 seconds, found 13 clusters.
[2026-01-20 13:45:07,071] INFO spindle_dev.index:  Using epsilon-net clustering for block 6
[2026-01-20 13:45:07,194] INFO spindle_dev.index:  Finished block 6 in 0.12 seconds, found 12 clusters.
[2026-01-20 13:45:07,194] INFO spindle_dev.index:  Using epsilon-net clustering for block 7
[2026-01-20 13:45:07,315] INFO spindle_dev.index:  Finished block 7 in 0.12 seconds, found 11 clusters.
[2026-01-20 13:45:07,316] INFO spindle_dev.index:  Using epsilon-net clustering for block 8
[2026-01-20 13:45:07,434] INFO spindle_dev.index:  Finished block 8 in 0.12 seconds, found 11 clusters.
[2026-01-20 13:45:07,435] INFO spindle_dev.index:  Using epsilon-net clustering for block 9
[2026-01-20 13:45:07,552] INFO spindle_dev.index:  Finished block 9 in 0.12 seconds, found 11 clusters.
[2026-01-20 13:45:07,552] INFO spindle_dev.index:  Using epsilon-net clustering for block 10
[2026-01-20 13:45:07,668] INFO spindle_dev.index:  Finished block 10 in 0.12 seconds, found 11 clusters.
[2026-01-20 13:45:07,668] INFO spindle_dev.index:  Using epsilon-net clustering for block 11
[2026-01-20 13:45:07,771] INFO spindle_dev.index:  Finished block 11 in 0.10 seconds, found 9 clusters.
[2026-01-20 13:45:07,771] INFO spindle_dev.index:  Using epsilon-net clustering for block 12
[2026-01-20 13:45:07,881] INFO spindle_dev.index:  Finished block 12 in 0.11 seconds, found 10 clusters.
[2026-01-20 13:45:07,881] INFO spindle_dev.index:  Using epsilon-net clustering for block 13
[2026-01-20 13:45:07,976] INFO spindle_dev.index:  Finished block 13 in 0.09 seconds, found 8 clusters.
[2026-01-20 13:45:07,976] INFO spindle_dev.index:  Using epsilon-net clustering for block 14
[2026-01-20 13:45:08,064] INFO spindle_dev.index:  Finished block 14 in 0.09 seconds, found 7 clusters.
[2026-01-20 13:45:08,064] INFO spindle_dev.index:  Using epsilon-net clustering for block 15
[2026-01-20 13:45:08,130] INFO spindle_dev.index:  Finished block 15 in 0.07 seconds, found 4 clusters.
[2026-01-20 13:45:08,130] INFO spindle_dev.index:  Using epsilon-net clustering for block 16
[2026-01-20 13:45:08,183] INFO spindle_dev.index:  Finished block 16 in 0.05 seconds, found 2 clusters.
[2026-01-20 13:45:08,183] INFO spindle_dev.index:  Using epsilon-net clustering for block 17
[2026-01-20 13:45:08,242] INFO spindle_dev.index:  Finished block 17 in 0.06 seconds, found 3 clusters.
[2026-01-20 13:45:08,242] INFO spindle_dev.index:  Using epsilon-net clustering for block 18
[2026-01-20 13:45:08,310] INFO spindle_dev.index:  Finished block 18 in 0.07 seconds, found 4 clusters.
[2026-01-20 13:45:08,311] INFO spindle_dev.index:  Using epsilon-net clustering for block 19
[2026-01-20 13:45:08,387] INFO spindle_dev.index:  Finished block 19 in 0.08 seconds, found 5 clusters.
[2026-01-20 13:45:08,388] INFO spindle_dev.index:  Using epsilon-net clustering for block 20
[2026-01-20 13:45:08,458] INFO spindle_dev.index:  Finished block 20 in 0.07 seconds, found 4 clusters.
[2026-01-20 13:45:08,458] INFO spindle_dev.index:  Using epsilon-net clustering for block 21
[2026-01-20 13:45:08,519] INFO spindle_dev.index:  Finished block 21 in 0.06 seconds, found 3 clusters.
[2026-01-20 13:45:08,519] INFO spindle_dev.index:  Using epsilon-net clustering for block 22
[2026-01-20 13:45:08,597] INFO spindle_dev.index:  Finished block 22 in 0.08 seconds, found 2 clusters.
[2026-01-20 13:45:08,597] INFO spindle_dev.index:  Using epsilon-net clustering for block 23
[2026-01-20 13:45:08,693] INFO spindle_dev.index:  Finished block 23 in 0.10 seconds, found 1 clusters.
[2026-01-20 13:45:08,693] INFO spindle_dev.index:  Using epsilon-net clustering for block 24
[2026-01-20 13:45:08,738] INFO spindle_dev.index:  Finished block 24 in 0.05 seconds, found 1 clusters.
[2026-01-20 13:45:08,738] INFO spindle_dev.index:  Using epsilon-net clustering for block 25
[2026-01-20 13:45:08,841] INFO spindle_dev.index:  Finished block 25 in 0.10 seconds, found 6 clusters.
[2026-01-20 13:45:08,841] INFO spindle_dev.index:  Using epsilon-net clustering for block 26
[2026-01-20 13:45:08,945] INFO spindle_dev.index:  Finished block 26 in 0.10 seconds, found 9 clusters.
[2026-01-20 13:45:08,945] INFO spindle_dev.index:  Using epsilon-net clustering for block 27
[2026-01-20 13:45:09,019] INFO spindle_dev.index:  Finished block 27 in 0.07 seconds, found 5 clusters.
[2026-01-20 13:45:09,019] INFO spindle_dev.index:  Using epsilon-net clustering for block 28
[2026-01-20 13:45:09,254] INFO spindle_dev.index:  Finished block 28 in 0.23 seconds, found 7 clusters.
[2026-01-20 13:45:09,254] INFO spindle_dev.index:  Using epsilon-net clustering for block 29
[2026-01-20 13:45:09,355] INFO spindle_dev.index:  Finished block 29 in 0.10 seconds, found 7 clusters.
[2026-01-20 13:45:09,355] INFO spindle_dev.index: Step 2: Build DAG connections between block clusters.
[2026-01-20 13:45:09,355] INFO spindle_dev.index: Step 2.1: For each layer order the block-clusters by
[2026-01-20 13:45:09,355] INFO spindle_dev.index: Not implemented: ordering block-clusters ? How to order them?
[2026-01-20 13:45:09,355] INFO spindle_dev.index: We will use triangle inequality to order clusters.
[2026-01-20 13:45:09,355] INFO spindle_dev.index: Step 2.2: Connect block-clusters between layers based on co-occurrence in SPDs.
[2026-01-20 13:45:09,369] INFO spindle_dev.index: Check if node global_node_id matches index in nodes list
[2026-01-20 13:45:09,369] INFO spindle_dev.index: Step 2.3: Ordering block-clusters within each layer using log-Euclidean distances.
[2026-01-20 13:45:09,369] INFO spindle_dev.index: Processing cluster 2
[2026-01-20 13:45:09,369] INFO spindle_dev.index: Building SPD index with epsilon=8.066044604859776
[2026-01-20 13:45:09,370] INFO spindle_dev.index: Step 1: Cluster blocks within each class of SPD matrices.
[2026-01-20 13:45:09,410] INFO spindle_dev.index: Cluster 2: 538 SPDs, 22 blocks
[2026-01-20 13:45:09,410] INFO spindle_dev.index:  Using epsilon-net clustering for block 0
[2026-01-20 13:45:09,449] INFO spindle_dev.index:  Finished block 0 in 0.04 seconds, found 2 clusters.
[2026-01-20 13:45:09,449] INFO spindle_dev.index:  Using epsilon-net clustering for block 1
[2026-01-20 13:45:09,485] INFO spindle_dev.index:  Finished block 1 in 0.04 seconds, found 2 clusters.
[2026-01-20 13:45:09,486] INFO spindle_dev.index:  Using epsilon-net clustering for block 2
[2026-01-20 13:45:09,521] INFO spindle_dev.index:  Finished block 2 in 0.04 seconds, found 2 clusters.
[2026-01-20 13:45:09,521] INFO spindle_dev.index:  Using epsilon-net clustering for block 3
[2026-01-20 13:45:09,557] INFO spindle_dev.index:  Finished block 3 in 0.04 seconds, found 2 clusters.
[2026-01-20 13:45:09,557] INFO spindle_dev.index:  Using epsilon-net clustering for block 4
[2026-01-20 13:45:09,593] INFO spindle_dev.index:  Finished block 4 in 0.04 seconds, found 2 clusters.
[2026-01-20 13:45:09,593] INFO spindle_dev.index:  Using epsilon-net clustering for block 5
[2026-01-20 13:45:09,629] INFO spindle_dev.index:  Finished block 5 in 0.04 seconds, found 2 clusters.
[2026-01-20 13:45:09,629] INFO spindle_dev.index:  Using epsilon-net clustering for block 6
[2026-01-20 13:45:09,667] INFO spindle_dev.index:  Finished block 6 in 0.04 seconds, found 2 clusters.
[2026-01-20 13:45:09,667] INFO spindle_dev.index:  Using epsilon-net clustering for block 7
[2026-01-20 13:45:09,703] INFO spindle_dev.index:  Finished block 7 in 0.04 seconds, found 2 clusters.
[2026-01-20 13:45:09,703] INFO spindle_dev.index:  Using epsilon-net clustering for block 8
[2026-01-20 13:45:09,742] INFO spindle_dev.index:  Finished block 8 in 0.04 seconds, found 2 clusters.
[2026-01-20 13:45:09,742] INFO spindle_dev.index:  Using epsilon-net clustering for block 9
[2026-01-20 13:45:09,781] INFO spindle_dev.index:  Finished block 9 in 0.04 seconds, found 2 clusters.
[2026-01-20 13:45:09,781] INFO spindle_dev.index:  Using epsilon-net clustering for block 10
[2026-01-20 13:45:09,818] INFO spindle_dev.index:  Finished block 10 in 0.04 seconds, found 2 clusters.
[2026-01-20 13:45:09,818] INFO spindle_dev.index:  Using epsilon-net clustering for block 11
[2026-01-20 13:45:09,860] INFO spindle_dev.index:  Finished block 11 in 0.04 seconds, found 2 clusters.
[2026-01-20 13:45:09,861] INFO spindle_dev.index:  Using epsilon-net clustering for block 12
[2026-01-20 13:45:09,915] INFO spindle_dev.index:  Finished block 12 in 0.05 seconds, found 4 clusters.
[2026-01-20 13:45:09,915] INFO spindle_dev.index:  Using epsilon-net clustering for block 13
[2026-01-20 13:45:09,958] INFO spindle_dev.index:  Finished block 13 in 0.04 seconds, found 3 clusters.
[2026-01-20 13:45:09,958] INFO spindle_dev.index:  Using epsilon-net clustering for block 14
[2026-01-20 13:45:10,004] INFO spindle_dev.index:  Finished block 14 in 0.05 seconds, found 3 clusters.
[2026-01-20 13:45:10,004] INFO spindle_dev.index:  Using epsilon-net clustering for block 15
[2026-01-20 13:45:10,064] INFO spindle_dev.index:  Finished block 15 in 0.06 seconds, found 5 clusters.
[2026-01-20 13:45:10,064] INFO spindle_dev.index:  Using epsilon-net clustering for block 16
[2026-01-20 13:45:10,232] INFO spindle_dev.index:  Finished block 16 in 0.17 seconds, found 14 clusters.
[2026-01-20 13:45:10,233] INFO spindle_dev.index:  Using epsilon-net clustering for block 17
[2026-01-20 13:45:10,461] INFO spindle_dev.index:  Finished block 17 in 0.23 seconds, found 10 clusters.
[2026-01-20 13:45:10,461] INFO spindle_dev.index:  Using epsilon-net clustering for block 18
[2026-01-20 13:45:10,499] INFO spindle_dev.index:  Finished block 18 in 0.04 seconds, found 2 clusters.
[2026-01-20 13:45:10,500] INFO spindle_dev.index:  Using epsilon-net clustering for block 19
[2026-01-20 13:45:10,757] INFO spindle_dev.index:  Finished block 19 in 0.26 seconds, found 10 clusters.
[2026-01-20 13:45:10,758] INFO spindle_dev.index:  Using epsilon-net clustering for block 20
[2026-01-20 13:45:10,856] INFO spindle_dev.index:  Finished block 20 in 0.10 seconds, found 5 clusters.
[2026-01-20 13:45:10,856] INFO spindle_dev.index:  Using epsilon-net clustering for block 21
[2026-01-20 13:45:10,987] INFO spindle_dev.index:  Finished block 21 in 0.13 seconds, found 7 clusters.
[2026-01-20 13:45:10,987] INFO spindle_dev.index: Step 2: Build DAG connections between block clusters.
[2026-01-20 13:45:10,987] INFO spindle_dev.index: Step 2.1: For each layer order the block-clusters by
[2026-01-20 13:45:10,987] INFO spindle_dev.index: Not implemented: ordering block-clusters ? How to order them?
[2026-01-20 13:45:10,987] INFO spindle_dev.index: We will use triangle inequality to order clusters.
[2026-01-20 13:45:10,987] INFO spindle_dev.index: Step 2.2: Connect block-clusters between layers based on co-occurrence in SPDs.
[2026-01-20 13:45:10,995] INFO spindle_dev.index: Check if node global_node_id matches index in nodes list
[2026-01-20 13:45:10,995] INFO spindle_dev.index: Step 2.3: Ordering block-clusters within each layer using log-Euclidean distances.
[2026-01-20 13:45:10,995] INFO spindle_dev.index: Processing cluster 3
[2026-01-20 13:45:10,995] INFO spindle_dev.index: Building SPD index with epsilon=7.942401925250819
[2026-01-20 13:45:10,995] INFO spindle_dev.index: Step 1: Cluster blocks within each class of SPD matrices.
[2026-01-20 13:45:11,033] INFO spindle_dev.index: Cluster 3: 425 SPDs, 32 blocks
[2026-01-20 13:45:11,033] INFO spindle_dev.index:  Using epsilon-net clustering for block 0
[2026-01-20 13:45:11,054] INFO spindle_dev.index:  Finished block 0 in 0.02 seconds, found 1 clusters.
[2026-01-20 13:45:11,054] INFO spindle_dev.index:  Using epsilon-net clustering for block 1
[2026-01-20 13:45:11,074] INFO spindle_dev.index:  Finished block 1 in 0.02 seconds, found 1 clusters.
[2026-01-20 13:45:11,074] INFO spindle_dev.index:  Using epsilon-net clustering for block 2
[2026-01-20 13:45:11,100] INFO spindle_dev.index:  Finished block 2 in 0.03 seconds, found 2 clusters.
[2026-01-20 13:45:11,100] INFO spindle_dev.index:  Using epsilon-net clustering for block 3
[2026-01-20 13:45:11,122] INFO spindle_dev.index:  Finished block 3 in 0.02 seconds, found 1 clusters.
[2026-01-20 13:45:11,122] INFO spindle_dev.index:  Using epsilon-net clustering for block 4
[2026-01-20 13:45:11,149] INFO spindle_dev.index:  Finished block 4 in 0.03 seconds, found 2 clusters.
[2026-01-20 13:45:11,149] INFO spindle_dev.index:  Using epsilon-net clustering for block 5
[2026-01-20 13:45:11,178] INFO spindle_dev.index:  Finished block 5 in 0.03 seconds, found 2 clusters.
[2026-01-20 13:45:11,178] INFO spindle_dev.index:  Using epsilon-net clustering for block 6
[2026-01-20 13:45:11,206] INFO spindle_dev.index:  Finished block 6 in 0.03 seconds, found 2 clusters.
[2026-01-20 13:45:11,206] INFO spindle_dev.index:  Using epsilon-net clustering for block 7
[2026-01-20 13:45:11,239] INFO spindle_dev.index:  Finished block 7 in 0.03 seconds, found 3 clusters.
[2026-01-20 13:45:11,239] INFO spindle_dev.index:  Using epsilon-net clustering for block 8
[2026-01-20 13:45:11,266] INFO spindle_dev.index:  Finished block 8 in 0.03 seconds, found 2 clusters.
[2026-01-20 13:45:11,266] INFO spindle_dev.index:  Using epsilon-net clustering for block 9
[2026-01-20 13:45:11,294] INFO spindle_dev.index:  Finished block 9 in 0.03 seconds, found 2 clusters.
[2026-01-20 13:45:11,294] INFO spindle_dev.index:  Using epsilon-net clustering for block 10
[2026-01-20 13:45:11,328] INFO spindle_dev.index:  Finished block 10 in 0.03 seconds, found 2 clusters.
[2026-01-20 13:45:11,328] INFO spindle_dev.index:  Using epsilon-net clustering for block 11
[2026-01-20 13:45:11,356] INFO spindle_dev.index:  Finished block 11 in 0.03 seconds, found 2 clusters.
[2026-01-20 13:45:11,356] INFO spindle_dev.index:  Using epsilon-net clustering for block 12
[2026-01-20 13:45:11,388] INFO spindle_dev.index:  Finished block 12 in 0.03 seconds, found 3 clusters.
[2026-01-20 13:45:11,388] INFO spindle_dev.index:  Using epsilon-net clustering for block 13
[2026-01-20 13:45:11,420] INFO spindle_dev.index:  Finished block 13 in 0.03 seconds, found 3 clusters.
[2026-01-20 13:45:11,420] INFO spindle_dev.index:  Using epsilon-net clustering for block 14
[2026-01-20 13:45:11,447] INFO spindle_dev.index:  Finished block 14 in 0.03 seconds, found 2 clusters.
[2026-01-20 13:45:11,447] INFO spindle_dev.index:  Using epsilon-net clustering for block 15
[2026-01-20 13:45:11,476] INFO spindle_dev.index:  Finished block 15 in 0.03 seconds, found 2 clusters.
[2026-01-20 13:45:11,476] INFO spindle_dev.index:  Using epsilon-net clustering for block 16
[2026-01-20 13:45:11,508] INFO spindle_dev.index:  Finished block 16 in 0.03 seconds, found 2 clusters.
[2026-01-20 13:45:11,508] INFO spindle_dev.index:  Using epsilon-net clustering for block 17
[2026-01-20 13:45:11,540] INFO spindle_dev.index:  Finished block 17 in 0.03 seconds, found 3 clusters.
[2026-01-20 13:45:11,540] INFO spindle_dev.index:  Using epsilon-net clustering for block 18
[2026-01-20 13:45:11,573] INFO spindle_dev.index:  Finished block 18 in 0.03 seconds, found 3 clusters.
[2026-01-20 13:45:11,573] INFO spindle_dev.index:  Using epsilon-net clustering for block 19
[2026-01-20 13:45:11,601] INFO spindle_dev.index:  Finished block 19 in 0.03 seconds, found 2 clusters.
[2026-01-20 13:45:11,601] INFO spindle_dev.index:  Using epsilon-net clustering for block 20
[2026-01-20 13:45:11,640] INFO spindle_dev.index:  Finished block 20 in 0.04 seconds, found 4 clusters.
[2026-01-20 13:45:11,640] INFO spindle_dev.index:  Using epsilon-net clustering for block 21
[2026-01-20 13:45:11,682] INFO spindle_dev.index:  Finished block 21 in 0.04 seconds, found 5 clusters.
[2026-01-20 13:45:11,682] INFO spindle_dev.index:  Using epsilon-net clustering for block 22
[2026-01-20 13:45:11,727] INFO spindle_dev.index:  Finished block 22 in 0.04 seconds, found 4 clusters.
[2026-01-20 13:45:11,727] INFO spindle_dev.index:  Using epsilon-net clustering for block 23
[2026-01-20 13:45:11,771] INFO spindle_dev.index:  Finished block 23 in 0.04 seconds, found 5 clusters.
[2026-01-20 13:45:11,771] INFO spindle_dev.index:  Using epsilon-net clustering for block 24
[2026-01-20 13:45:11,809] INFO spindle_dev.index:  Finished block 24 in 0.04 seconds, found 4 clusters.
[2026-01-20 13:45:11,809] INFO spindle_dev.index:  Using epsilon-net clustering for block 25
[2026-01-20 13:45:11,843] INFO spindle_dev.index:  Finished block 25 in 0.03 seconds, found 3 clusters.
[2026-01-20 13:45:11,843] INFO spindle_dev.index:  Using epsilon-net clustering for block 26
[2026-01-20 13:45:11,897] INFO spindle_dev.index:  Finished block 26 in 0.05 seconds, found 7 clusters.
[2026-01-20 13:45:11,897] INFO spindle_dev.index:  Using epsilon-net clustering for block 27
[2026-01-20 13:45:11,950] INFO spindle_dev.index:  Finished block 27 in 0.05 seconds, found 6 clusters.
[2026-01-20 13:45:11,950] INFO spindle_dev.index:  Using epsilon-net clustering for block 28
[2026-01-20 13:45:11,996] INFO spindle_dev.index:  Finished block 28 in 0.05 seconds, found 5 clusters.
[2026-01-20 13:45:11,996] INFO spindle_dev.index:  Using epsilon-net clustering for block 29
[2026-01-20 13:45:12,040] INFO spindle_dev.index:  Finished block 29 in 0.04 seconds, found 4 clusters.
[2026-01-20 13:45:12,040] INFO spindle_dev.index:  Using epsilon-net clustering for block 30
[2026-01-20 13:45:12,113] INFO spindle_dev.index:  Finished block 30 in 0.07 seconds, found 8 clusters.
[2026-01-20 13:45:12,114] INFO spindle_dev.index:  Using epsilon-net clustering for block 31
[2026-01-20 13:45:12,242] INFO spindle_dev.index:  Finished block 31 in 0.13 seconds, found 10 clusters.
[2026-01-20 13:45:12,242] INFO spindle_dev.index: Step 2: Build DAG connections between block clusters.
[2026-01-20 13:45:12,243] INFO spindle_dev.index: Step 2.1: For each layer order the block-clusters by
[2026-01-20 13:45:12,243] INFO spindle_dev.index: Not implemented: ordering block-clusters ? How to order them?
[2026-01-20 13:45:12,243] INFO spindle_dev.index: We will use triangle inequality to order clusters.
[2026-01-20 13:45:12,243] INFO spindle_dev.index: Step 2.2: Connect block-clusters between layers based on co-occurrence in SPDs.
[2026-01-20 13:45:12,252] INFO spindle_dev.index: Check if node global_node_id matches index in nodes list
[2026-01-20 13:45:12,252] INFO spindle_dev.index: Step 2.3: Ordering block-clusters within each layer using log-Euclidean distances.
[2026-01-20 13:45:12,252] INFO spindle_dev.index: Processing cluster 4
[2026-01-20 13:45:12,252] INFO spindle_dev.index: Building SPD index with epsilon=5.564286992269356
[2026-01-20 13:45:12,252] INFO spindle_dev.index: Step 1: Cluster blocks within each class of SPD matrices.
[2026-01-20 13:45:12,285] INFO spindle_dev.index: Cluster 4: 340 SPDs, 28 blocks
[2026-01-20 13:45:12,286] INFO spindle_dev.index:  Using epsilon-net clustering for block 0
[2026-01-20 13:45:12,339] INFO spindle_dev.index:  Finished block 0 in 0.05 seconds, found 10 clusters.
[2026-01-20 13:45:12,339] INFO spindle_dev.index:  Using epsilon-net clustering for block 1
[2026-01-20 13:45:12,406] INFO spindle_dev.index:  Finished block 1 in 0.07 seconds, found 14 clusters.
[2026-01-20 13:45:12,406] INFO spindle_dev.index:  Using epsilon-net clustering for block 2
[2026-01-20 13:45:12,472] INFO spindle_dev.index:  Finished block 2 in 0.07 seconds, found 13 clusters.
[2026-01-20 13:45:12,472] INFO spindle_dev.index:  Using epsilon-net clustering for block 3
[2026-01-20 13:45:12,544] INFO spindle_dev.index:  Finished block 3 in 0.07 seconds, found 15 clusters.
[2026-01-20 13:45:12,544] INFO spindle_dev.index:  Using epsilon-net clustering for block 4
[2026-01-20 13:45:12,614] INFO spindle_dev.index:  Finished block 4 in 0.07 seconds, found 14 clusters.
[2026-01-20 13:45:12,614] INFO spindle_dev.index:  Using epsilon-net clustering for block 5
[2026-01-20 13:45:12,684] INFO spindle_dev.index:  Finished block 5 in 0.07 seconds, found 13 clusters.
[2026-01-20 13:45:12,684] INFO spindle_dev.index:  Using epsilon-net clustering for block 6
[2026-01-20 13:45:12,755] INFO spindle_dev.index:  Finished block 6 in 0.07 seconds, found 15 clusters.
[2026-01-20 13:45:12,755] INFO spindle_dev.index:  Using epsilon-net clustering for block 7
[2026-01-20 13:45:12,817] INFO spindle_dev.index:  Finished block 7 in 0.06 seconds, found 12 clusters.
[2026-01-20 13:45:12,817] INFO spindle_dev.index:  Using epsilon-net clustering for block 8
[2026-01-20 13:45:12,873] INFO spindle_dev.index:  Finished block 8 in 0.06 seconds, found 11 clusters.
[2026-01-20 13:45:12,873] INFO spindle_dev.index:  Using epsilon-net clustering for block 9
[2026-01-20 13:45:12,922] INFO spindle_dev.index:  Finished block 9 in 0.05 seconds, found 9 clusters.
[2026-01-20 13:45:12,922] INFO spindle_dev.index:  Using epsilon-net clustering for block 10
[2026-01-20 13:45:12,982] INFO spindle_dev.index:  Finished block 10 in 0.06 seconds, found 12 clusters.
[2026-01-20 13:45:12,982] INFO spindle_dev.index:  Using epsilon-net clustering for block 11
[2026-01-20 13:45:13,048] INFO spindle_dev.index:  Finished block 11 in 0.07 seconds, found 13 clusters.
[2026-01-20 13:45:13,048] INFO spindle_dev.index:  Using epsilon-net clustering for block 12
[2026-01-20 13:45:13,085] INFO spindle_dev.index:  Finished block 12 in 0.04 seconds, found 5 clusters.
[2026-01-20 13:45:13,085] INFO spindle_dev.index:  Using epsilon-net clustering for block 13
[2026-01-20 13:45:13,132] INFO spindle_dev.index:  Finished block 13 in 0.05 seconds, found 8 clusters.
[2026-01-20 13:45:13,132] INFO spindle_dev.index:  Using epsilon-net clustering for block 14
[2026-01-20 13:45:13,170] INFO spindle_dev.index:  Finished block 14 in 0.04 seconds, found 6 clusters.
[2026-01-20 13:45:13,170] INFO spindle_dev.index:  Using epsilon-net clustering for block 15
[2026-01-20 13:45:13,208] INFO spindle_dev.index:  Finished block 15 in 0.04 seconds, found 4 clusters.
[2026-01-20 13:45:13,208] INFO spindle_dev.index:  Using epsilon-net clustering for block 16
[2026-01-20 13:45:13,231] INFO spindle_dev.index:  Finished block 16 in 0.02 seconds, found 2 clusters.
[2026-01-20 13:45:13,231] INFO spindle_dev.index:  Using epsilon-net clustering for block 17
[2026-01-20 13:45:13,262] INFO spindle_dev.index:  Finished block 17 in 0.03 seconds, found 4 clusters.
[2026-01-20 13:45:13,262] INFO spindle_dev.index:  Using epsilon-net clustering for block 18
[2026-01-20 13:45:13,287] INFO spindle_dev.index:  Finished block 18 in 0.03 seconds, found 2 clusters.
[2026-01-20 13:45:13,288] INFO spindle_dev.index:  Using epsilon-net clustering for block 19
[2026-01-20 13:45:13,321] INFO spindle_dev.index:  Finished block 19 in 0.03 seconds, found 3 clusters.
[2026-01-20 13:45:13,321] INFO spindle_dev.index:  Using epsilon-net clustering for block 20
[2026-01-20 13:45:13,359] INFO spindle_dev.index:  Finished block 20 in 0.04 seconds, found 4 clusters.
[2026-01-20 13:45:13,359] INFO spindle_dev.index:  Using epsilon-net clustering for block 21
[2026-01-20 13:45:13,386] INFO spindle_dev.index:  Finished block 21 in 0.03 seconds, found 3 clusters.
[2026-01-20 13:45:13,386] INFO spindle_dev.index:  Using epsilon-net clustering for block 22
[2026-01-20 13:45:13,416] INFO spindle_dev.index:  Finished block 22 in 0.03 seconds, found 3 clusters.
[2026-01-20 13:45:13,416] INFO spindle_dev.index:  Using epsilon-net clustering for block 23
[2026-01-20 13:45:13,444] INFO spindle_dev.index:  Finished block 23 in 0.03 seconds, found 3 clusters.
[2026-01-20 13:45:13,444] INFO spindle_dev.index:  Using epsilon-net clustering for block 24
[2026-01-20 13:45:13,489] INFO spindle_dev.index:  Finished block 24 in 0.04 seconds, found 2 clusters.
[2026-01-20 13:45:13,489] INFO spindle_dev.index:  Using epsilon-net clustering for block 25
[2026-01-20 13:45:13,516] INFO spindle_dev.index:  Finished block 25 in 0.03 seconds, found 3 clusters.
[2026-01-20 13:45:13,516] INFO spindle_dev.index:  Using epsilon-net clustering for block 26
[2026-01-20 13:45:13,597] INFO spindle_dev.index:  Finished block 26 in 0.08 seconds, found 2 clusters.
[2026-01-20 13:45:13,598] INFO spindle_dev.index:  Using epsilon-net clustering for block 27
[2026-01-20 13:45:13,665] INFO spindle_dev.index:  Finished block 27 in 0.07 seconds, found 2 clusters.
[2026-01-20 13:45:13,666] INFO spindle_dev.index: Step 2: Build DAG connections between block clusters.
[2026-01-20 13:45:13,666] INFO spindle_dev.index: Step 2.1: For each layer order the block-clusters by
[2026-01-20 13:45:13,666] INFO spindle_dev.index: Not implemented: ordering block-clusters ? How to order them?
[2026-01-20 13:45:13,666] INFO spindle_dev.index: We will use triangle inequality to order clusters.
[2026-01-20 13:45:13,666] INFO spindle_dev.index: Step 2.2: Connect block-clusters between layers based on co-occurrence in SPDs.
[2026-01-20 13:45:13,673] INFO spindle_dev.index: Check if node global_node_id matches index in nodes list
[2026-01-20 13:45:13,673] INFO spindle_dev.index: Step 2.3: Ordering block-clusters within each layer using log-Euclidean distances.
[2026-01-20 13:45:13,673] INFO spindle_dev.index: Processing cluster 5
[2026-01-20 13:45:13,673] INFO spindle_dev.index: Building SPD index with epsilon=4.676282904779068
[2026-01-20 13:45:13,673] INFO spindle_dev.index: Step 1: Cluster blocks within each class of SPD matrices.
[2026-01-20 13:45:13,686] INFO spindle_dev.index: Cluster 5: 89 SPDs, 28 blocks
[2026-01-20 13:45:13,687] INFO spindle_dev.index:  Using epsilon-net clustering for block 0
[2026-01-20 13:45:13,704] INFO spindle_dev.index:  Finished block 0 in 0.02 seconds, found 13 clusters.
[2026-01-20 13:45:13,704] INFO spindle_dev.index:  Using epsilon-net clustering for block 1
[2026-01-20 13:45:13,733] INFO spindle_dev.index:  Finished block 1 in 0.03 seconds, found 25 clusters.
[2026-01-20 13:45:13,733] INFO spindle_dev.index:  Using epsilon-net clustering for block 2
[2026-01-20 13:45:13,765] INFO spindle_dev.index:  Finished block 2 in 0.03 seconds, found 29 clusters.
[2026-01-20 13:45:13,765] INFO spindle_dev.index:  Using epsilon-net clustering for block 3
[2026-01-20 13:45:13,795] INFO spindle_dev.index:  Finished block 3 in 0.03 seconds, found 26 clusters.
[2026-01-20 13:45:13,795] INFO spindle_dev.index:  Using epsilon-net clustering for block 4
[2026-01-20 13:45:13,826] INFO spindle_dev.index:  Finished block 4 in 0.03 seconds, found 28 clusters.
[2026-01-20 13:45:13,826] INFO spindle_dev.index:  Using epsilon-net clustering for block 5
[2026-01-20 13:45:13,856] INFO spindle_dev.index:  Finished block 5 in 0.03 seconds, found 26 clusters.
[2026-01-20 13:45:13,856] INFO spindle_dev.index:  Using epsilon-net clustering for block 6
[2026-01-20 13:45:13,884] INFO spindle_dev.index:  Finished block 6 in 0.03 seconds, found 24 clusters.
[2026-01-20 13:45:13,884] INFO spindle_dev.index:  Using epsilon-net clustering for block 7
[2026-01-20 13:45:13,908] INFO spindle_dev.index:  Finished block 7 in 0.02 seconds, found 21 clusters.
[2026-01-20 13:45:13,908] INFO spindle_dev.index:  Using epsilon-net clustering for block 8
[2026-01-20 13:45:13,927] INFO spindle_dev.index:  Finished block 8 in 0.02 seconds, found 15 clusters.
[2026-01-20 13:45:13,927] INFO spindle_dev.index:  Using epsilon-net clustering for block 9
[2026-01-20 13:45:13,948] INFO spindle_dev.index:  Finished block 9 in 0.02 seconds, found 17 clusters.
[2026-01-20 13:45:13,948] INFO spindle_dev.index:  Using epsilon-net clustering for block 10
[2026-01-20 13:45:13,964] INFO spindle_dev.index:  Finished block 10 in 0.02 seconds, found 12 clusters.
[2026-01-20 13:45:13,964] INFO spindle_dev.index:  Using epsilon-net clustering for block 11
[2026-01-20 13:45:13,979] INFO spindle_dev.index:  Finished block 11 in 0.01 seconds, found 11 clusters.
[2026-01-20 13:45:13,979] INFO spindle_dev.index:  Using epsilon-net clustering for block 12
[2026-01-20 13:45:14,002] INFO spindle_dev.index:  Finished block 12 in 0.02 seconds, found 12 clusters.
[2026-01-20 13:45:14,002] INFO spindle_dev.index:  Using epsilon-net clustering for block 13
[2026-01-20 13:45:14,018] INFO spindle_dev.index:  Finished block 13 in 0.02 seconds, found 12 clusters.
[2026-01-20 13:45:14,018] INFO spindle_dev.index:  Using epsilon-net clustering for block 14
[2026-01-20 13:45:14,031] INFO spindle_dev.index:  Finished block 14 in 0.01 seconds, found 9 clusters.
[2026-01-20 13:45:14,031] INFO spindle_dev.index:  Using epsilon-net clustering for block 15
[2026-01-20 13:45:14,040] INFO spindle_dev.index:  Finished block 15 in 0.01 seconds, found 5 clusters.
[2026-01-20 13:45:14,040] INFO spindle_dev.index:  Using epsilon-net clustering for block 16
[2026-01-20 13:45:14,054] INFO spindle_dev.index:  Finished block 16 in 0.01 seconds, found 10 clusters.
[2026-01-20 13:45:14,054] INFO spindle_dev.index:  Using epsilon-net clustering for block 17
[2026-01-20 13:45:14,066] INFO spindle_dev.index:  Finished block 17 in 0.01 seconds, found 8 clusters.
[2026-01-20 13:45:14,067] INFO spindle_dev.index:  Using epsilon-net clustering for block 18
[2026-01-20 13:45:14,079] INFO spindle_dev.index:  Finished block 18 in 0.01 seconds, found 9 clusters.
[2026-01-20 13:45:14,080] INFO spindle_dev.index:  Using epsilon-net clustering for block 19
[2026-01-20 13:45:14,089] INFO spindle_dev.index:  Finished block 19 in 0.01 seconds, found 5 clusters.
[2026-01-20 13:45:14,089] INFO spindle_dev.index:  Using epsilon-net clustering for block 20
[2026-01-20 13:45:14,101] INFO spindle_dev.index:  Finished block 20 in 0.01 seconds, found 7 clusters.
[2026-01-20 13:45:14,101] INFO spindle_dev.index:  Using epsilon-net clustering for block 21
[2026-01-20 13:45:14,121] INFO spindle_dev.index:  Finished block 21 in 0.02 seconds, found 6 clusters.
[2026-01-20 13:45:14,121] INFO spindle_dev.index:  Using epsilon-net clustering for block 22
[2026-01-20 13:45:14,136] INFO spindle_dev.index:  Finished block 22 in 0.01 seconds, found 4 clusters.
[2026-01-20 13:45:14,136] INFO spindle_dev.index:  Using epsilon-net clustering for block 23
[2026-01-20 13:45:14,141] INFO spindle_dev.index:  Finished block 23 in 0.01 seconds, found 1 clusters.
[2026-01-20 13:45:14,141] INFO spindle_dev.index:  Using epsilon-net clustering for block 24
[2026-01-20 13:45:14,150] INFO spindle_dev.index:  Finished block 24 in 0.01 seconds, found 3 clusters.
[2026-01-20 13:45:14,150] INFO spindle_dev.index:  Using epsilon-net clustering for block 25
[2026-01-20 13:45:14,156] INFO spindle_dev.index:  Finished block 25 in 0.01 seconds, found 2 clusters.
[2026-01-20 13:45:14,156] INFO spindle_dev.index:  Using epsilon-net clustering for block 26
[2026-01-20 13:45:14,195] INFO spindle_dev.index:  Finished block 26 in 0.04 seconds, found 3 clusters.
[2026-01-20 13:45:14,195] INFO spindle_dev.index:  Using epsilon-net clustering for block 27
[2026-01-20 13:45:14,202] INFO spindle_dev.index:  Finished block 27 in 0.01 seconds, found 2 clusters.
[2026-01-20 13:45:14,202] INFO spindle_dev.index: Step 2: Build DAG connections between block clusters.
[2026-01-20 13:45:14,202] INFO spindle_dev.index: Step 2.1: For each layer order the block-clusters by
[2026-01-20 13:45:14,202] INFO spindle_dev.index: Not implemented: ordering block-clusters ? How to order them?
[2026-01-20 13:45:14,202] INFO spindle_dev.index: We will use triangle inequality to order clusters.
[2026-01-20 13:45:14,202] INFO spindle_dev.index: Step 2.2: Connect block-clusters between layers based on co-occurrence in SPDs.
[2026-01-20 13:45:14,205] INFO spindle_dev.index: Check if node global_node_id matches index in nodes list
[2026-01-20 13:45:14,205] INFO spindle_dev.index: Step 2.3: Ordering block-clusters within each layer using log-Euclidean distances.
[2026-01-20 13:45:14,929] INFO spindle_dev.test: Built ground-truth paths for 692 SPDs in cluster 0 across 33 blocks.
[2026-01-20 13:45:15,574] INFO spindle_dev.test: Built ground-truth paths for 688 SPDs in cluster 1 across 30 blocks.
[2026-01-20 13:45:15,853] INFO spindle_dev.test: Built ground-truth paths for 538 SPDs in cluster 2 across 22 blocks.
[2026-01-20 13:45:16,117] INFO spindle_dev.test: Built ground-truth paths for 425 SPDs in cluster 3 across 32 blocks.
[2026-01-20 13:45:16,271] INFO spindle_dev.test: Built ground-truth paths for 340 SPDs in cluster 4 across 28 blocks.
[2026-01-20 13:45:16,288] INFO spindle_dev.test: Built ground-truth paths for 89 SPDs in cluster 5 across 28 blocks.
[2026-01-20 13:45:30,153] INFO spindle_dev.index: Clustering SPD-s using 'tree' distance.
[2026-01-20 13:45:30,153] INFO spindle_dev.index: Building ultrametric features from SPD matrices.
[2026-01-20 13:46:01,042] INFO spindle_dev.index: Computing latent features from the tree representations.
[2026-01-20 13:46:03,379] INFO spindle_dev.index: Reducing latent features to 30 dimensions using PCA.
[2026-01-20 13:46:22,723] INFO spindle_dev.index: Explained variance ratios by PCA components: [0.0320497  0.02162234 0.01256116 0.01050905 0.00749142 0.00605011
 0.00554716 0.00489446 0.00464791 0.00400857 0.00364074 0.00334745
 0.00303675 0.00288334 0.00285155 0.00278616 0.00268314 0.00255294
 0.00253779 0.0024637  0.00244129 0.00239347 0.00235185 0.00232927
 0.00231797 0.00226505 0.00223933 0.00221084 0.00216073 0.0021491 ]
[2026-01-20 13:46:22,724] INFO spindle_dev.index: Reducing latent features to 2 dimensions using UMAP.
/panfs/accrepfs.vampire/home/sarkah1/miniforge3/envs/spatial/lib/python3.10/site-packages/umap/umap_.py:1952: UserWarning: n_jobs value 1 overridden to 1 by setting random_state. Use no seed for parallelism.
  warn(
[2026-01-20 13:46:28,750] INFO spindle_dev.index: Clustering SPD-s using 'tree' distance.
[2026-01-20 13:46:28,750] INFO spindle_dev.index: Clustering SPD matrices using Leiden clustering with resolution 0.50.
[2026-01-20 13:46:29,076] INFO spindle_dev.index: Since clustering method is tree, I am going to find global order per cluster
[2026-01-20 13:46:29,077] INFO spindle_dev.index: Finding consensus tree for cluster 0
[2026-01-20 13:46:29,534] INFO spindle_dev.index: Finding consensus tree for cluster 1
[2026-01-20 13:46:29,828] INFO spindle_dev.index: Finding consensus tree for cluster 2
[2026-01-20 13:46:30,068] INFO spindle_dev.index: Finding consensus tree for cluster 3
[2026-01-20 13:46:31,423] INFO spindle_dev.index: Computing mean correlation matrix for cluster 0
[2026-01-20 13:47:10,745] INFO spindle_dev.index: Computing mean correlation matrix for cluster 1
[2026-01-20 13:47:33,015] INFO spindle_dev.index: Computing mean correlation matrix for cluster 2
[2026-01-20 13:47:38,023] INFO spindle_dev.index: Computing mean correlation matrix for cluster 3
[2026-01-20 13:47:39,193] INFO spindle_dev.index: Finding adaptive block runs for cluster 0
[2026-01-20 13:47:40,153] INFO spindle_dev.index:  Chose t=0.8293728472399398 resulting in 394 blocks instead of 207 blocks would have gotten by default
[2026-01-20 13:47:40,321] INFO spindle_dev.index:  Final block runs for cluster 0: 40 blocks.
[2026-01-20 13:47:40,321] INFO spindle_dev.index: Finding adaptive block runs for cluster 1
[2026-01-20 13:47:41,264] INFO spindle_dev.index:  Chose t=0.8590476075698847 resulting in 344 blocks instead of 187 blocks would have gotten by default
[2026-01-20 13:47:41,392] INFO spindle_dev.index:  Final block runs for cluster 1: 38 blocks.
[2026-01-20 13:47:41,392] INFO spindle_dev.index: Finding adaptive block runs for cluster 2
[2026-01-20 13:47:42,332] INFO spindle_dev.index:  Chose t=0.8391875451894203 resulting in 393 blocks instead of 219 blocks would have gotten by default
[2026-01-20 13:47:42,499] INFO spindle_dev.index:  Final block runs for cluster 2: 40 blocks.
[2026-01-20 13:47:42,499] INFO spindle_dev.index: Finding adaptive block runs for cluster 3
[2026-01-20 13:47:43,421] INFO spindle_dev.index:  Chose t=0.8906666765370457 resulting in 337 blocks instead of 226 blocks would have gotten by default
[2026-01-20 13:47:43,545] INFO spindle_dev.index:  Final block runs for cluster 3: 36 blocks.
[2026-01-20 13:47:57,380] INFO spindle_dev.index: Processing cluster 0
[2026-01-20 13:47:57,380] INFO spindle_dev.index: Building SPD index with epsilon=6.8219186476740195
[2026-01-20 13:47:57,380] INFO spindle_dev.index: Step 1: Cluster blocks within each class of SPD matrices.
[2026-01-20 13:47:57,537] INFO spindle_dev.index: Cluster 0: 932 SPDs, 40 blocks
[2026-01-20 13:47:57,538] INFO spindle_dev.index:  Using epsilon-net clustering for block 0
[2026-01-20 13:47:57,584] INFO spindle_dev.index:  Finished block 0 in 0.05 seconds, found 1 clusters.
[2026-01-20 13:47:57,584] INFO spindle_dev.index:  Using epsilon-net clustering for block 1
[2026-01-20 13:47:57,645] INFO spindle_dev.index:  Finished block 1 in 0.06 seconds, found 2 clusters.
[2026-01-20 13:47:57,645] INFO spindle_dev.index:  Using epsilon-net clustering for block 2
[2026-01-20 13:47:57,714] INFO spindle_dev.index:  Finished block 2 in 0.07 seconds, found 3 clusters.
[2026-01-20 13:47:57,714] INFO spindle_dev.index:  Using epsilon-net clustering for block 3
[2026-01-20 13:47:57,793] INFO spindle_dev.index:  Finished block 3 in 0.08 seconds, found 4 clusters.
[2026-01-20 13:47:57,793] INFO spindle_dev.index:  Using epsilon-net clustering for block 4
[2026-01-20 13:47:57,874] INFO spindle_dev.index:  Finished block 4 in 0.08 seconds, found 4 clusters.
[2026-01-20 13:47:57,874] INFO spindle_dev.index:  Using epsilon-net clustering for block 5
[2026-01-20 13:47:57,976] INFO spindle_dev.index:  Finished block 5 in 0.10 seconds, found 6 clusters.
[2026-01-20 13:47:57,976] INFO spindle_dev.index:  Using epsilon-net clustering for block 6
[2026-01-20 13:47:58,067] INFO spindle_dev.index:  Finished block 6 in 0.09 seconds, found 5 clusters.
[2026-01-20 13:47:58,068] INFO spindle_dev.index:  Using epsilon-net clustering for block 7
[2026-01-20 13:47:58,151] INFO spindle_dev.index:  Finished block 7 in 0.08 seconds, found 4 clusters.
[2026-01-20 13:47:58,152] INFO spindle_dev.index:  Using epsilon-net clustering for block 8
[2026-01-20 13:47:58,267] INFO spindle_dev.index:  Finished block 8 in 0.12 seconds, found 7 clusters.
[2026-01-20 13:47:58,267] INFO spindle_dev.index:  Using epsilon-net clustering for block 9
[2026-01-20 13:47:58,381] INFO spindle_dev.index:  Finished block 9 in 0.11 seconds, found 7 clusters.
[2026-01-20 13:47:58,381] INFO spindle_dev.index:  Using epsilon-net clustering for block 10
[2026-01-20 13:47:58,501] INFO spindle_dev.index:  Finished block 10 in 0.12 seconds, found 7 clusters.
[2026-01-20 13:47:58,502] INFO spindle_dev.index:  Using epsilon-net clustering for block 11
[2026-01-20 13:47:58,616] INFO spindle_dev.index:  Finished block 11 in 0.11 seconds, found 7 clusters.
[2026-01-20 13:47:58,616] INFO spindle_dev.index:  Using epsilon-net clustering for block 12
[2026-01-20 13:47:58,752] INFO spindle_dev.index:  Finished block 12 in 0.14 seconds, found 9 clusters.
[2026-01-20 13:47:58,753] INFO spindle_dev.index:  Using epsilon-net clustering for block 13
[2026-01-20 13:47:58,892] INFO spindle_dev.index:  Finished block 13 in 0.14 seconds, found 9 clusters.
[2026-01-20 13:47:58,892] INFO spindle_dev.index:  Using epsilon-net clustering for block 14
[2026-01-20 13:47:59,042] INFO spindle_dev.index:  Finished block 14 in 0.15 seconds, found 8 clusters.
[2026-01-20 13:47:59,042] INFO spindle_dev.index:  Using epsilon-net clustering for block 15
[2026-01-20 13:47:59,168] INFO spindle_dev.index:  Finished block 15 in 0.13 seconds, found 8 clusters.
[2026-01-20 13:47:59,169] INFO spindle_dev.index:  Using epsilon-net clustering for block 16
[2026-01-20 13:47:59,275] INFO spindle_dev.index:  Finished block 16 in 0.11 seconds, found 6 clusters.
[2026-01-20 13:47:59,275] INFO spindle_dev.index:  Using epsilon-net clustering for block 17
[2026-01-20 13:47:59,423] INFO spindle_dev.index:  Finished block 17 in 0.15 seconds, found 10 clusters.
[2026-01-20 13:47:59,423] INFO spindle_dev.index:  Using epsilon-net clustering for block 18
[2026-01-20 13:47:59,551] INFO spindle_dev.index:  Finished block 18 in 0.13 seconds, found 8 clusters.
[2026-01-20 13:47:59,551] INFO spindle_dev.index:  Using epsilon-net clustering for block 19
[2026-01-20 13:47:59,688] INFO spindle_dev.index:  Finished block 19 in 0.14 seconds, found 8 clusters.
[2026-01-20 13:47:59,688] INFO spindle_dev.index:  Using epsilon-net clustering for block 20
[2026-01-20 13:47:59,847] INFO spindle_dev.index:  Finished block 20 in 0.16 seconds, found 11 clusters.
[2026-01-20 13:47:59,847] INFO spindle_dev.index:  Using epsilon-net clustering for block 21
[2026-01-20 13:47:59,944] INFO spindle_dev.index:  Finished block 21 in 0.10 seconds, found 5 clusters.
[2026-01-20 13:47:59,944] INFO spindle_dev.index:  Using epsilon-net clustering for block 22
[2026-01-20 13:48:00,043] INFO spindle_dev.index:  Finished block 22 in 0.10 seconds, found 5 clusters.
[2026-01-20 13:48:00,043] INFO spindle_dev.index:  Using epsilon-net clustering for block 23
[2026-01-20 13:48:00,135] INFO spindle_dev.index:  Finished block 23 in 0.09 seconds, found 4 clusters.
[2026-01-20 13:48:00,135] INFO spindle_dev.index:  Using epsilon-net clustering for block 24
[2026-01-20 13:48:00,262] INFO spindle_dev.index:  Finished block 24 in 0.13 seconds, found 5 clusters.
[2026-01-20 13:48:00,263] INFO spindle_dev.index:  Using epsilon-net clustering for block 25
[2026-01-20 13:48:00,340] INFO spindle_dev.index:  Finished block 25 in 0.08 seconds, found 3 clusters.
[2026-01-20 13:48:00,358] INFO spindle_dev.index:  Using epsilon-net clustering for block 26
[2026-01-20 13:48:00,456] INFO spindle_dev.index:  Finished block 26 in 0.10 seconds, found 4 clusters.
[2026-01-20 13:48:00,456] INFO spindle_dev.index:  Using epsilon-net clustering for block 27
[2026-01-20 13:48:00,556] INFO spindle_dev.index:  Finished block 27 in 0.10 seconds, found 4 clusters.
[2026-01-20 13:48:00,556] INFO spindle_dev.index:  Using epsilon-net clustering for block 28
[2026-01-20 13:48:00,665] INFO spindle_dev.index:  Finished block 28 in 0.11 seconds, found 6 clusters.
[2026-01-20 13:48:00,665] INFO spindle_dev.index:  Using epsilon-net clustering for block 29
[2026-01-20 13:48:00,754] INFO spindle_dev.index:  Finished block 29 in 0.09 seconds, found 4 clusters.
[2026-01-20 13:48:00,754] INFO spindle_dev.index:  Using epsilon-net clustering for block 30
[2026-01-20 13:48:00,828] INFO spindle_dev.index:  Finished block 30 in 0.07 seconds, found 2 clusters.
[2026-01-20 13:48:00,828] INFO spindle_dev.index:  Using epsilon-net clustering for block 31
[2026-01-20 13:48:00,937] INFO spindle_dev.index:  Finished block 31 in 0.11 seconds, found 6 clusters.
[2026-01-20 13:48:00,937] INFO spindle_dev.index:  Using epsilon-net clustering for block 32
[2026-01-20 13:48:01,025] INFO spindle_dev.index:  Finished block 32 in 0.09 seconds, found 4 clusters.
[2026-01-20 13:48:01,025] INFO spindle_dev.index:  Using epsilon-net clustering for block 33
[2026-01-20 13:48:01,125] INFO spindle_dev.index:  Finished block 33 in 0.10 seconds, found 4 clusters.
[2026-01-20 13:48:01,126] INFO spindle_dev.index:  Using epsilon-net clustering for block 34
[2026-01-20 13:48:01,213] INFO spindle_dev.index:  Finished block 34 in 0.09 seconds, found 4 clusters.
[2026-01-20 13:48:01,213] INFO spindle_dev.index:  Using epsilon-net clustering for block 35
[2026-01-20 13:48:01,281] INFO spindle_dev.index:  Finished block 35 in 0.07 seconds, found 2 clusters.
[2026-01-20 13:48:01,281] INFO spindle_dev.index:  Using epsilon-net clustering for block 36
[2026-01-20 13:48:01,338] INFO spindle_dev.index:  Finished block 36 in 0.06 seconds, found 1 clusters.
[2026-01-20 13:48:01,338] INFO spindle_dev.index:  Using epsilon-net clustering for block 37
[2026-01-20 13:48:01,420] INFO spindle_dev.index:  Finished block 37 in 0.08 seconds, found 3 clusters.
[2026-01-20 13:48:01,420] INFO spindle_dev.index:  Using epsilon-net clustering for block 38
[2026-01-20 13:48:01,488] INFO spindle_dev.index:  Finished block 38 in 0.07 seconds, found 2 clusters.
[2026-01-20 13:48:01,488] INFO spindle_dev.index:  Using epsilon-net clustering for block 39
[2026-01-20 13:48:01,897] INFO spindle_dev.index:  Finished block 39 in 0.41 seconds, found 9 clusters.
[2026-01-20 13:48:01,897] INFO spindle_dev.index: Step 2: Build DAG connections between block clusters.
[2026-01-20 13:48:01,897] INFO spindle_dev.index: Step 2.1: For each layer order the block-clusters by
[2026-01-20 13:48:01,897] INFO spindle_dev.index: Not implemented: ordering block-clusters ? How to order them?
[2026-01-20 13:48:01,897] INFO spindle_dev.index: We will use triangle inequality to order clusters.
[2026-01-20 13:48:01,897] INFO spindle_dev.index: Step 2.2: Connect block-clusters between layers based on co-occurrence in SPDs.
[2026-01-20 13:48:01,921] INFO spindle_dev.index: Check if node global_node_id matches index in nodes list
[2026-01-20 13:48:01,922] INFO spindle_dev.index: Step 2.3: Ordering block-clusters within each layer using log-Euclidean distances.
[2026-01-20 13:48:01,922] INFO spindle_dev.index: Processing cluster 1
[2026-01-20 13:48:01,922] INFO spindle_dev.index: Building SPD index with epsilon=6.7084806261957945
[2026-01-20 13:48:01,922] INFO spindle_dev.index: Step 1: Cluster blocks within each class of SPD matrices.
[2026-01-20 13:48:02,286] INFO spindle_dev.index: Cluster 1: 634 SPDs, 38 blocks
[2026-01-20 13:48:02,287] INFO spindle_dev.index:  Using epsilon-net clustering for block 0
[2026-01-20 13:48:02,320] INFO spindle_dev.index:  Finished block 0 in 0.03 seconds, found 1 clusters.
[2026-01-20 13:48:02,320] INFO spindle_dev.index:  Using epsilon-net clustering for block 1
[2026-01-20 13:48:02,375] INFO spindle_dev.index:  Finished block 1 in 0.05 seconds, found 4 clusters.
[2026-01-20 13:48:02,375] INFO spindle_dev.index:  Using epsilon-net clustering for block 2
[2026-01-20 13:48:02,422] INFO spindle_dev.index:  Finished block 2 in 0.05 seconds, found 3 clusters.
[2026-01-20 13:48:02,422] INFO spindle_dev.index:  Using epsilon-net clustering for block 3
[2026-01-20 13:48:02,483] INFO spindle_dev.index:  Finished block 3 in 0.06 seconds, found 5 clusters.
[2026-01-20 13:48:02,483] INFO spindle_dev.index:  Using epsilon-net clustering for block 4
[2026-01-20 13:48:02,544] INFO spindle_dev.index:  Finished block 4 in 0.06 seconds, found 5 clusters.
[2026-01-20 13:48:02,544] INFO spindle_dev.index:  Using epsilon-net clustering for block 5
[2026-01-20 13:48:02,613] INFO spindle_dev.index:  Finished block 5 in 0.07 seconds, found 6 clusters.
[2026-01-20 13:48:02,613] INFO spindle_dev.index:  Using epsilon-net clustering for block 6
[2026-01-20 13:48:02,683] INFO spindle_dev.index:  Finished block 6 in 0.07 seconds, found 6 clusters.
[2026-01-20 13:48:02,683] INFO spindle_dev.index:  Using epsilon-net clustering for block 7
[2026-01-20 13:48:02,752] INFO spindle_dev.index:  Finished block 7 in 0.07 seconds, found 6 clusters.
[2026-01-20 13:48:02,752] INFO spindle_dev.index:  Using epsilon-net clustering for block 8
[2026-01-20 13:48:02,836] INFO spindle_dev.index:  Finished block 8 in 0.08 seconds, found 8 clusters.
[2026-01-20 13:48:02,836] INFO spindle_dev.index:  Using epsilon-net clustering for block 9
[2026-01-20 13:48:02,929] INFO spindle_dev.index:  Finished block 9 in 0.09 seconds, found 9 clusters.
[2026-01-20 13:48:02,929] INFO spindle_dev.index:  Using epsilon-net clustering for block 10
[2026-01-20 13:48:03,019] INFO spindle_dev.index:  Finished block 10 in 0.09 seconds, found 9 clusters.
[2026-01-20 13:48:03,019] INFO spindle_dev.index:  Using epsilon-net clustering for block 11
[2026-01-20 13:48:03,097] INFO spindle_dev.index:  Finished block 11 in 0.08 seconds, found 7 clusters.
[2026-01-20 13:48:03,097] INFO spindle_dev.index:  Using epsilon-net clustering for block 12
[2026-01-20 13:48:03,208] INFO spindle_dev.index:  Finished block 12 in 0.11 seconds, found 11 clusters.
[2026-01-20 13:48:03,208] INFO spindle_dev.index:  Using epsilon-net clustering for block 13
[2026-01-20 13:48:03,307] INFO spindle_dev.index:  Finished block 13 in 0.10 seconds, found 10 clusters.
[2026-01-20 13:48:03,307] INFO spindle_dev.index:  Using epsilon-net clustering for block 14
[2026-01-20 13:48:03,405] INFO spindle_dev.index:  Finished block 14 in 0.10 seconds, found 10 clusters.
[2026-01-20 13:48:03,405] INFO spindle_dev.index:  Using epsilon-net clustering for block 15
[2026-01-20 13:48:03,514] INFO spindle_dev.index:  Finished block 15 in 0.11 seconds, found 11 clusters.
[2026-01-20 13:48:03,514] INFO spindle_dev.index:  Using epsilon-net clustering for block 16
[2026-01-20 13:48:03,605] INFO spindle_dev.index:  Finished block 16 in 0.09 seconds, found 9 clusters.
[2026-01-20 13:48:03,605] INFO spindle_dev.index:  Using epsilon-net clustering for block 17
[2026-01-20 13:48:03,711] INFO spindle_dev.index:  Finished block 17 in 0.11 seconds, found 11 clusters.
[2026-01-20 13:48:03,711] INFO spindle_dev.index:  Using epsilon-net clustering for block 18
[2026-01-20 13:48:03,796] INFO spindle_dev.index:  Finished block 18 in 0.08 seconds, found 8 clusters.
[2026-01-20 13:48:03,796] INFO spindle_dev.index:  Using epsilon-net clustering for block 19
[2026-01-20 13:48:03,895] INFO spindle_dev.index:  Finished block 19 in 0.10 seconds, found 10 clusters.
[2026-01-20 13:48:03,895] INFO spindle_dev.index:  Using epsilon-net clustering for block 20
[2026-01-20 13:48:03,980] INFO spindle_dev.index:  Finished block 20 in 0.09 seconds, found 8 clusters.
[2026-01-20 13:48:03,981] INFO spindle_dev.index:  Using epsilon-net clustering for block 21
[2026-01-20 13:48:04,061] INFO spindle_dev.index:  Finished block 21 in 0.08 seconds, found 7 clusters.
[2026-01-20 13:48:04,062] INFO spindle_dev.index:  Using epsilon-net clustering for block 22
[2026-01-20 13:48:04,147] INFO spindle_dev.index:  Finished block 22 in 0.09 seconds, found 8 clusters.
[2026-01-20 13:48:04,147] INFO spindle_dev.index:  Using epsilon-net clustering for block 23
[2026-01-20 13:48:04,212] INFO spindle_dev.index:  Finished block 23 in 0.07 seconds, found 5 clusters.
[2026-01-20 13:48:04,212] INFO spindle_dev.index:  Using epsilon-net clustering for block 24
[2026-01-20 13:48:04,275] INFO spindle_dev.index:  Finished block 24 in 0.06 seconds, found 3 clusters.
[2026-01-20 13:48:04,275] INFO spindle_dev.index:  Using epsilon-net clustering for block 25
[2026-01-20 13:48:04,345] INFO spindle_dev.index:  Finished block 25 in 0.07 seconds, found 3 clusters.
[2026-01-20 13:48:04,345] INFO spindle_dev.index:  Using epsilon-net clustering for block 26
[2026-01-20 13:48:04,391] INFO spindle_dev.index:  Finished block 26 in 0.05 seconds, found 2 clusters.
[2026-01-20 13:48:04,391] INFO spindle_dev.index:  Using epsilon-net clustering for block 27
[2026-01-20 13:48:04,483] INFO spindle_dev.index:  Finished block 27 in 0.09 seconds, found 4 clusters.
[2026-01-20 13:48:04,483] INFO spindle_dev.index:  Using epsilon-net clustering for block 28
[2026-01-20 13:48:04,558] INFO spindle_dev.index:  Finished block 28 in 0.08 seconds, found 3 clusters.
[2026-01-20 13:48:04,559] INFO spindle_dev.index:  Using epsilon-net clustering for block 29
[2026-01-20 13:48:04,605] INFO spindle_dev.index:  Finished block 29 in 0.05 seconds, found 2 clusters.
[2026-01-20 13:48:04,605] INFO spindle_dev.index:  Using epsilon-net clustering for block 30
[2026-01-20 13:48:04,650] INFO spindle_dev.index:  Finished block 30 in 0.05 seconds, found 2 clusters.
[2026-01-20 13:48:04,651] INFO spindle_dev.index:  Using epsilon-net clustering for block 31
[2026-01-20 13:48:04,689] INFO spindle_dev.index:  Finished block 31 in 0.04 seconds, found 1 clusters.
[2026-01-20 13:48:04,689] INFO spindle_dev.index:  Using epsilon-net clustering for block 32
[2026-01-20 13:48:04,830] INFO spindle_dev.index:  Finished block 32 in 0.14 seconds, found 3 clusters.
[2026-01-20 13:48:04,830] INFO spindle_dev.index:  Using epsilon-net clustering for block 33
[2026-01-20 13:48:04,999] INFO spindle_dev.index:  Finished block 33 in 0.17 seconds, found 4 clusters.
[2026-01-20 13:48:04,999] INFO spindle_dev.index:  Using epsilon-net clustering for block 34
[2026-01-20 13:48:05,072] INFO spindle_dev.index:  Finished block 34 in 0.07 seconds, found 5 clusters.
[2026-01-20 13:48:05,072] INFO spindle_dev.index:  Using epsilon-net clustering for block 35
[2026-01-20 13:48:05,146] INFO spindle_dev.index:  Finished block 35 in 0.07 seconds, found 6 clusters.
[2026-01-20 13:48:05,146] INFO spindle_dev.index:  Using epsilon-net clustering for block 36
[2026-01-20 13:48:05,212] INFO spindle_dev.index:  Finished block 36 in 0.07 seconds, found 5 clusters.
[2026-01-20 13:48:05,212] INFO spindle_dev.index:  Using epsilon-net clustering for block 37
[2026-01-20 13:48:05,265] INFO spindle_dev.index:  Finished block 37 in 0.05 seconds, found 3 clusters.
[2026-01-20 13:48:05,265] INFO spindle_dev.index: Step 2: Build DAG connections between block clusters.
[2026-01-20 13:48:05,265] INFO spindle_dev.index: Step 2.1: For each layer order the block-clusters by
[2026-01-20 13:48:05,265] INFO spindle_dev.index: Not implemented: ordering block-clusters ? How to order them?
[2026-01-20 13:48:05,265] INFO spindle_dev.index: We will use triangle inequality to order clusters.
[2026-01-20 13:48:05,265] INFO spindle_dev.index: Step 2.2: Connect block-clusters between layers based on co-occurrence in SPDs.
[2026-01-20 13:48:05,282] INFO spindle_dev.index: Check if node global_node_id matches index in nodes list
[2026-01-20 13:48:05,282] INFO spindle_dev.index: Step 2.3: Ordering block-clusters within each layer using log-Euclidean distances.
[2026-01-20 13:48:05,282] INFO spindle_dev.index: Processing cluster 2
[2026-01-20 13:48:05,282] INFO spindle_dev.index: Building SPD index with epsilon=7.8265651514955294
[2026-01-20 13:48:05,282] INFO spindle_dev.index: Step 1: Cluster blocks within each class of SPD matrices.
[2026-01-20 13:48:05,711] INFO spindle_dev.index: Cluster 2: 460 SPDs, 40 blocks
[2026-01-20 13:48:05,712] INFO spindle_dev.index:  Using epsilon-net clustering for block 0
[2026-01-20 13:48:05,740] INFO spindle_dev.index:  Finished block 0 in 0.03 seconds, found 1 clusters.
[2026-01-20 13:48:05,740] INFO spindle_dev.index:  Using epsilon-net clustering for block 1
[2026-01-20 13:48:05,763] INFO spindle_dev.index:  Finished block 1 in 0.02 seconds, found 1 clusters.
[2026-01-20 13:48:05,763] INFO spindle_dev.index:  Using epsilon-net clustering for block 2
[2026-01-20 13:48:05,793] INFO spindle_dev.index:  Finished block 2 in 0.03 seconds, found 2 clusters.
[2026-01-20 13:48:05,793] INFO spindle_dev.index:  Using epsilon-net clustering for block 3
[2026-01-20 13:48:05,823] INFO spindle_dev.index:  Finished block 3 in 0.03 seconds, found 2 clusters.
[2026-01-20 13:48:05,823] INFO spindle_dev.index:  Using epsilon-net clustering for block 4
[2026-01-20 13:48:05,857] INFO spindle_dev.index:  Finished block 4 in 0.03 seconds, found 3 clusters.
[2026-01-20 13:48:05,857] INFO spindle_dev.index:  Using epsilon-net clustering for block 5
[2026-01-20 13:48:05,887] INFO spindle_dev.index:  Finished block 5 in 0.03 seconds, found 2 clusters.
[2026-01-20 13:48:05,887] INFO spindle_dev.index:  Using epsilon-net clustering for block 6
[2026-01-20 13:48:05,927] INFO spindle_dev.index:  Finished block 6 in 0.04 seconds, found 4 clusters.
[2026-01-20 13:48:05,927] INFO spindle_dev.index:  Using epsilon-net clustering for block 7
[2026-01-20 13:48:05,958] INFO spindle_dev.index:  Finished block 7 in 0.03 seconds, found 2 clusters.
[2026-01-20 13:48:05,958] INFO spindle_dev.index:  Using epsilon-net clustering for block 8
[2026-01-20 13:48:05,988] INFO spindle_dev.index:  Finished block 8 in 0.03 seconds, found 2 clusters.
[2026-01-20 13:48:05,988] INFO spindle_dev.index:  Using epsilon-net clustering for block 9
[2026-01-20 13:48:06,026] INFO spindle_dev.index:  Finished block 9 in 0.04 seconds, found 3 clusters.
[2026-01-20 13:48:06,026] INFO spindle_dev.index:  Using epsilon-net clustering for block 10
[2026-01-20 13:48:06,056] INFO spindle_dev.index:  Finished block 10 in 0.03 seconds, found 2 clusters.
[2026-01-20 13:48:06,056] INFO spindle_dev.index:  Using epsilon-net clustering for block 11
[2026-01-20 13:48:06,088] INFO spindle_dev.index:  Finished block 11 in 0.03 seconds, found 2 clusters.
[2026-01-20 13:48:06,088] INFO spindle_dev.index:  Using epsilon-net clustering for block 12
[2026-01-20 13:48:06,124] INFO spindle_dev.index:  Finished block 12 in 0.04 seconds, found 3 clusters.
[2026-01-20 13:48:06,125] INFO spindle_dev.index:  Using epsilon-net clustering for block 13
[2026-01-20 13:48:06,173] INFO spindle_dev.index:  Finished block 13 in 0.05 seconds, found 4 clusters.
[2026-01-20 13:48:06,173] INFO spindle_dev.index:  Using epsilon-net clustering for block 14
[2026-01-20 13:48:06,205] INFO spindle_dev.index:  Finished block 14 in 0.03 seconds, found 2 clusters.
[2026-01-20 13:48:06,205] INFO spindle_dev.index:  Using epsilon-net clustering for block 15
[2026-01-20 13:48:06,251] INFO spindle_dev.index:  Finished block 15 in 0.05 seconds, found 5 clusters.
[2026-01-20 13:48:06,252] INFO spindle_dev.index:  Using epsilon-net clustering for block 16
[2026-01-20 13:48:06,298] INFO spindle_dev.index:  Finished block 16 in 0.05 seconds, found 5 clusters.
[2026-01-20 13:48:06,298] INFO spindle_dev.index:  Using epsilon-net clustering for block 17
[2026-01-20 13:48:06,336] INFO spindle_dev.index:  Finished block 17 in 0.04 seconds, found 3 clusters.
[2026-01-20 13:48:06,336] INFO spindle_dev.index:  Using epsilon-net clustering for block 18
[2026-01-20 13:48:06,385] INFO spindle_dev.index:  Finished block 18 in 0.05 seconds, found 5 clusters.
[2026-01-20 13:48:06,385] INFO spindle_dev.index:  Using epsilon-net clustering for block 19
[2026-01-20 13:48:06,417] INFO spindle_dev.index:  Finished block 19 in 0.03 seconds, found 2 clusters.
[2026-01-20 13:48:06,417] INFO spindle_dev.index:  Using epsilon-net clustering for block 20
[2026-01-20 13:48:06,470] INFO spindle_dev.index:  Finished block 20 in 0.05 seconds, found 5 clusters.
[2026-01-20 13:48:06,470] INFO spindle_dev.index:  Using epsilon-net clustering for block 21
[2026-01-20 13:48:06,513] INFO spindle_dev.index:  Finished block 21 in 0.04 seconds, found 4 clusters.
[2026-01-20 13:48:06,513] INFO spindle_dev.index:  Using epsilon-net clustering for block 22
[2026-01-20 13:48:06,551] INFO spindle_dev.index:  Finished block 22 in 0.04 seconds, found 3 clusters.
[2026-01-20 13:48:06,551] INFO spindle_dev.index:  Using epsilon-net clustering for block 23
[2026-01-20 13:48:06,599] INFO spindle_dev.index:  Finished block 23 in 0.05 seconds, found 5 clusters.
[2026-01-20 13:48:06,599] INFO spindle_dev.index:  Using epsilon-net clustering for block 24
[2026-01-20 13:48:06,642] INFO spindle_dev.index:  Finished block 24 in 0.04 seconds, found 4 clusters.
[2026-01-20 13:48:06,642] INFO spindle_dev.index:  Using epsilon-net clustering for block 25
[2026-01-20 13:48:06,686] INFO spindle_dev.index:  Finished block 25 in 0.04 seconds, found 3 clusters.
[2026-01-20 13:48:06,686] INFO spindle_dev.index:  Using epsilon-net clustering for block 26
[2026-01-20 13:48:06,733] INFO spindle_dev.index:  Finished block 26 in 0.05 seconds, found 4 clusters.
[2026-01-20 13:48:06,733] INFO spindle_dev.index:  Using epsilon-net clustering for block 27
[2026-01-20 13:48:06,782] INFO spindle_dev.index:  Finished block 27 in 0.05 seconds, found 3 clusters.
[2026-01-20 13:48:06,782] INFO spindle_dev.index:  Using epsilon-net clustering for block 28
[2026-01-20 13:48:06,831] INFO spindle_dev.index:  Finished block 28 in 0.05 seconds, found 3 clusters.
[2026-01-20 13:48:06,831] INFO spindle_dev.index:  Using epsilon-net clustering for block 29
[2026-01-20 13:48:06,877] INFO spindle_dev.index:  Finished block 29 in 0.05 seconds, found 4 clusters.
[2026-01-20 13:48:06,877] INFO spindle_dev.index:  Using epsilon-net clustering for block 30
[2026-01-20 13:48:06,918] INFO spindle_dev.index:  Finished block 30 in 0.04 seconds, found 3 clusters.
[2026-01-20 13:48:06,918] INFO spindle_dev.index:  Using epsilon-net clustering for block 31
[2026-01-20 13:48:06,957] INFO spindle_dev.index:  Finished block 31 in 0.04 seconds, found 3 clusters.
[2026-01-20 13:48:06,957] INFO spindle_dev.index:  Using epsilon-net clustering for block 32
[2026-01-20 13:48:06,995] INFO spindle_dev.index:  Finished block 32 in 0.04 seconds, found 2 clusters.
[2026-01-20 13:48:06,995] INFO spindle_dev.index:  Using epsilon-net clustering for block 33
[2026-01-20 13:48:07,039] INFO spindle_dev.index:  Finished block 33 in 0.04 seconds, found 3 clusters.
[2026-01-20 13:48:07,039] INFO spindle_dev.index:  Using epsilon-net clustering for block 34
[2026-01-20 13:48:07,084] INFO spindle_dev.index:  Finished block 34 in 0.05 seconds, found 4 clusters.
[2026-01-20 13:48:07,084] INFO spindle_dev.index:  Using epsilon-net clustering for block 35
[2026-01-20 13:48:07,120] INFO spindle_dev.index:  Finished block 35 in 0.04 seconds, found 2 clusters.
[2026-01-20 13:48:07,120] INFO spindle_dev.index:  Using epsilon-net clustering for block 36
[2026-01-20 13:48:07,166] INFO spindle_dev.index:  Finished block 36 in 0.05 seconds, found 4 clusters.
[2026-01-20 13:48:07,166] INFO spindle_dev.index:  Using epsilon-net clustering for block 37
[2026-01-20 13:48:07,203] INFO spindle_dev.index:  Finished block 37 in 0.04 seconds, found 2 clusters.
[2026-01-20 13:48:07,203] INFO spindle_dev.index:  Using epsilon-net clustering for block 38
[2026-01-20 13:48:07,363] INFO spindle_dev.index:  Finished block 38 in 0.16 seconds, found 12 clusters.
[2026-01-20 13:48:07,364] INFO spindle_dev.index:  Using epsilon-net clustering for block 39
[2026-01-20 13:48:07,427] INFO spindle_dev.index:  Finished block 39 in 0.06 seconds, found 4 clusters.
[2026-01-20 13:48:07,427] INFO spindle_dev.index: Step 2: Build DAG connections between block clusters.
[2026-01-20 13:48:07,427] INFO spindle_dev.index: Step 2.1: For each layer order the block-clusters by
[2026-01-20 13:48:07,427] INFO spindle_dev.index: Not implemented: ordering block-clusters ? How to order them?
[2026-01-20 13:48:07,428] INFO spindle_dev.index: We will use triangle inequality to order clusters.
[2026-01-20 13:48:07,428] INFO spindle_dev.index: Step 2.2: Connect block-clusters between layers based on co-occurrence in SPDs.
[2026-01-20 13:48:07,440] INFO spindle_dev.index: Check if node global_node_id matches index in nodes list
[2026-01-20 13:48:07,440] INFO spindle_dev.index: Step 2.3: Ordering block-clusters within each layer using log-Euclidean distances.
[2026-01-20 13:48:07,440] INFO spindle_dev.index: Processing cluster 3
[2026-01-20 13:48:07,440] INFO spindle_dev.index: Building SPD index with epsilon=5.784851314109413
[2026-01-20 13:48:07,440] INFO spindle_dev.index: Step 1: Cluster blocks within each class of SPD matrices.
[2026-01-20 13:48:07,788] INFO spindle_dev.index: Cluster 3: 325 SPDs, 36 blocks
[2026-01-20 13:48:07,789] INFO spindle_dev.index:  Using epsilon-net clustering for block 0
[2026-01-20 13:48:07,810] INFO spindle_dev.index:  Finished block 0 in 0.02 seconds, found 2 clusters.
[2026-01-20 13:48:07,810] INFO spindle_dev.index:  Using epsilon-net clustering for block 1
[2026-01-20 13:48:07,848] INFO spindle_dev.index:  Finished block 1 in 0.04 seconds, found 7 clusters.
[2026-01-20 13:48:07,848] INFO spindle_dev.index:  Using epsilon-net clustering for block 2
[2026-01-20 13:48:07,890] INFO spindle_dev.index:  Finished block 2 in 0.04 seconds, found 8 clusters.
[2026-01-20 13:48:07,890] INFO spindle_dev.index:  Using epsilon-net clustering for block 3
[2026-01-20 13:48:07,946] INFO spindle_dev.index:  Finished block 3 in 0.06 seconds, found 12 clusters.
[2026-01-20 13:48:07,946] INFO spindle_dev.index:  Using epsilon-net clustering for block 4
[2026-01-20 13:48:07,996] INFO spindle_dev.index:  Finished block 4 in 0.05 seconds, found 10 clusters.
[2026-01-20 13:48:07,996] INFO spindle_dev.index:  Using epsilon-net clustering for block 5
[2026-01-20 13:48:08,051] INFO spindle_dev.index:  Finished block 5 in 0.06 seconds, found 11 clusters.
[2026-01-20 13:48:08,051] INFO spindle_dev.index:  Using epsilon-net clustering for block 6
[2026-01-20 13:48:08,113] INFO spindle_dev.index:  Finished block 6 in 0.06 seconds, found 13 clusters.
[2026-01-20 13:48:08,113] INFO spindle_dev.index:  Using epsilon-net clustering for block 7
[2026-01-20 13:48:08,185] INFO spindle_dev.index:  Finished block 7 in 0.07 seconds, found 16 clusters.
[2026-01-20 13:48:08,185] INFO spindle_dev.index:  Using epsilon-net clustering for block 8
[2026-01-20 13:48:08,270] INFO spindle_dev.index:  Finished block 8 in 0.09 seconds, found 19 clusters.
[2026-01-20 13:48:08,271] INFO spindle_dev.index:  Using epsilon-net clustering for block 9
[2026-01-20 13:48:08,339] INFO spindle_dev.index:  Finished block 9 in 0.07 seconds, found 15 clusters.
[2026-01-20 13:48:08,339] INFO spindle_dev.index:  Using epsilon-net clustering for block 10
[2026-01-20 13:48:08,419] INFO spindle_dev.index:  Finished block 10 in 0.08 seconds, found 18 clusters.
[2026-01-20 13:48:08,420] INFO spindle_dev.index:  Using epsilon-net clustering for block 11
[2026-01-20 13:48:08,492] INFO spindle_dev.index:  Finished block 11 in 0.07 seconds, found 16 clusters.
[2026-01-20 13:48:08,492] INFO spindle_dev.index:  Using epsilon-net clustering for block 12
[2026-01-20 13:48:08,564] INFO spindle_dev.index:  Finished block 12 in 0.07 seconds, found 16 clusters.
[2026-01-20 13:48:08,564] INFO spindle_dev.index:  Using epsilon-net clustering for block 13
[2026-01-20 13:48:08,648] INFO spindle_dev.index:  Finished block 13 in 0.08 seconds, found 19 clusters.
[2026-01-20 13:48:08,648] INFO spindle_dev.index:  Using epsilon-net clustering for block 14
[2026-01-20 13:48:08,713] INFO spindle_dev.index:  Finished block 14 in 0.07 seconds, found 14 clusters.
[2026-01-20 13:48:08,713] INFO spindle_dev.index:  Using epsilon-net clustering for block 15
[2026-01-20 13:48:08,793] INFO spindle_dev.index:  Finished block 15 in 0.08 seconds, found 18 clusters.
[2026-01-20 13:48:08,793] INFO spindle_dev.index:  Using epsilon-net clustering for block 16
[2026-01-20 13:48:08,870] INFO spindle_dev.index:  Finished block 16 in 0.08 seconds, found 17 clusters.
[2026-01-20 13:48:08,870] INFO spindle_dev.index:  Using epsilon-net clustering for block 17
[2026-01-20 13:48:08,948] INFO spindle_dev.index:  Finished block 17 in 0.08 seconds, found 16 clusters.
[2026-01-20 13:48:08,948] INFO spindle_dev.index:  Using epsilon-net clustering for block 18
[2026-01-20 13:48:09,028] INFO spindle_dev.index:  Finished block 18 in 0.08 seconds, found 18 clusters.
[2026-01-20 13:48:09,028] INFO spindle_dev.index:  Using epsilon-net clustering for block 19
[2026-01-20 13:48:09,107] INFO spindle_dev.index:  Finished block 19 in 0.08 seconds, found 17 clusters.
[2026-01-20 13:48:09,107] INFO spindle_dev.index:  Using epsilon-net clustering for block 20
[2026-01-20 13:48:09,158] INFO spindle_dev.index:  Finished block 20 in 0.05 seconds, found 10 clusters.
[2026-01-20 13:48:09,158] INFO spindle_dev.index:  Using epsilon-net clustering for block 21
[2026-01-20 13:48:09,195] INFO spindle_dev.index:  Finished block 21 in 0.04 seconds, found 6 clusters.
[2026-01-20 13:48:09,195] INFO spindle_dev.index:  Using epsilon-net clustering for block 22
[2026-01-20 13:48:09,225] INFO spindle_dev.index:  Finished block 22 in 0.03 seconds, found 3 clusters.
[2026-01-20 13:48:09,225] INFO spindle_dev.index:  Using epsilon-net clustering for block 23
[2026-01-20 13:48:09,265] INFO spindle_dev.index:  Finished block 23 in 0.04 seconds, found 3 clusters.
[2026-01-20 13:48:09,265] INFO spindle_dev.index:  Using epsilon-net clustering for block 24
[2026-01-20 13:48:09,295] INFO spindle_dev.index:  Finished block 24 in 0.03 seconds, found 3 clusters.
[2026-01-20 13:48:09,295] INFO spindle_dev.index:  Using epsilon-net clustering for block 25
[2026-01-20 13:48:09,338] INFO spindle_dev.index:  Finished block 25 in 0.04 seconds, found 2 clusters.
[2026-01-20 13:48:09,338] INFO spindle_dev.index:  Using epsilon-net clustering for block 26
[2026-01-20 13:48:09,381] INFO spindle_dev.index:  Finished block 26 in 0.04 seconds, found 5 clusters.
[2026-01-20 13:48:09,381] INFO spindle_dev.index:  Using epsilon-net clustering for block 27
[2026-01-20 13:48:09,408] INFO spindle_dev.index:  Finished block 27 in 0.03 seconds, found 3 clusters.
[2026-01-20 13:48:09,408] INFO spindle_dev.index:  Using epsilon-net clustering for block 28
[2026-01-20 13:48:09,435] INFO spindle_dev.index:  Finished block 28 in 0.03 seconds, found 2 clusters.
[2026-01-20 13:48:09,435] INFO spindle_dev.index:  Using epsilon-net clustering for block 29
[2026-01-20 13:48:09,462] INFO spindle_dev.index:  Finished block 29 in 0.03 seconds, found 2 clusters.
[2026-01-20 13:48:09,462] INFO spindle_dev.index:  Using epsilon-net clustering for block 30
[2026-01-20 13:48:09,489] INFO spindle_dev.index:  Finished block 30 in 0.03 seconds, found 3 clusters.
[2026-01-20 13:48:09,489] INFO spindle_dev.index:  Using epsilon-net clustering for block 31
[2026-01-20 13:48:09,508] INFO spindle_dev.index:  Finished block 31 in 0.02 seconds, found 1 clusters.
[2026-01-20 13:48:09,509] INFO spindle_dev.index:  Using epsilon-net clustering for block 32
[2026-01-20 13:48:09,528] INFO spindle_dev.index:  Finished block 32 in 0.02 seconds, found 1 clusters.
[2026-01-20 13:48:09,528] INFO spindle_dev.index:  Using epsilon-net clustering for block 33
[2026-01-20 13:48:09,549] INFO spindle_dev.index:  Finished block 33 in 0.02 seconds, found 1 clusters.
[2026-01-20 13:48:09,549] INFO spindle_dev.index:  Using epsilon-net clustering for block 34
[2026-01-20 13:48:09,662] INFO spindle_dev.index:  Finished block 34 in 0.11 seconds, found 2 clusters.
[2026-01-20 13:48:09,662] INFO spindle_dev.index:  Using epsilon-net clustering for block 35
[2026-01-20 13:48:09,715] INFO spindle_dev.index:  Finished block 35 in 0.05 seconds, found 1 clusters.
[2026-01-20 13:48:09,715] INFO spindle_dev.index: Step 2: Build DAG connections between block clusters.
[2026-01-20 13:48:09,715] INFO spindle_dev.index: Step 2.1: For each layer order the block-clusters by
[2026-01-20 13:48:09,715] INFO spindle_dev.index: Not implemented: ordering block-clusters ? How to order them?
[2026-01-20 13:48:09,716] INFO spindle_dev.index: We will use triangle inequality to order clusters.
[2026-01-20 13:48:09,716] INFO spindle_dev.index: Step 2.2: Connect block-clusters between layers based on co-occurrence in SPDs.
[2026-01-20 13:48:09,725] INFO spindle_dev.index: Check if node global_node_id matches index in nodes list
[2026-01-20 13:48:09,725] INFO spindle_dev.index: Step 2.3: Ordering block-clusters within each layer using log-Euclidean distances.
[2026-01-20 13:48:11,223] INFO spindle_dev.test: Built ground-truth paths for 932 SPDs in cluster 0 across 40 blocks.
[2026-01-20 13:48:11,899] INFO spindle_dev.test: Built ground-truth paths for 634 SPDs in cluster 1 across 38 blocks.
[2026-01-20 13:48:12,270] INFO spindle_dev.test: Built ground-truth paths for 460 SPDs in cluster 2 across 40 blocks.
[2026-01-20 13:48:12,469] INFO spindle_dev.test: Built ground-truth paths for 325 SPDs in cluster 3 across 36 blocks.
[2026-01-20 13:48:29,060] INFO spindle_dev.index: Clustering SPD-s using 'tree' distance.
[2026-01-20 13:48:29,060] INFO spindle_dev.index: Building ultrametric features from SPD matrices.
[2026-01-20 13:49:34,760] INFO spindle_dev.index: Computing latent features from the tree representations.
[2026-01-20 13:49:36,044] INFO spindle_dev.index: Reducing latent features to 30 dimensions using PCA.
[2026-01-20 13:49:46,678] INFO spindle_dev.index: Explained variance ratios by PCA components: [0.08423994 0.05705022 0.02586921 0.01825469 0.01257789 0.00976704
 0.00760607 0.00706846 0.00636611 0.00628477 0.00481051 0.00461066
 0.00410269 0.00399039 0.00367698 0.00352124 0.00345466 0.0033279
 0.00319359 0.00302569 0.00300604 0.0029441  0.00289233 0.00285734
 0.00284254 0.00280568 0.00273195 0.00266459 0.00263317 0.00257663]
[2026-01-20 13:49:46,679] INFO spindle_dev.index: Reducing latent features to 2 dimensions using UMAP.
/panfs/accrepfs.vampire/home/sarkah1/miniforge3/envs/spatial/lib/python3.10/site-packages/umap/umap_.py:1952: UserWarning: n_jobs value 1 overridden to 1 by setting random_state. Use no seed for parallelism.
  warn(
[2026-01-20 13:49:52,019] INFO spindle_dev.index: Clustering SPD-s using 'tree' distance.
[2026-01-20 13:49:52,020] INFO spindle_dev.index: Clustering SPD matrices using Leiden clustering with resolution 0.50.
[2026-01-20 13:49:52,266] INFO spindle_dev.index: Since clustering method is tree, I am going to find global order per cluster
[2026-01-20 13:49:52,267] INFO spindle_dev.index: Finding consensus tree for cluster 0
[2026-01-20 13:49:52,458] INFO spindle_dev.index: Finding consensus tree for cluster 1
[2026-01-20 13:49:52,588] INFO spindle_dev.index: Finding consensus tree for cluster 2
[2026-01-20 13:49:52,695] INFO spindle_dev.index: Finding consensus tree for cluster 3
[2026-01-20 13:49:52,761] INFO spindle_dev.index: Finding consensus tree for cluster 4
[2026-01-20 13:49:52,803] INFO spindle_dev.index: Finding consensus tree for cluster 5
[2026-01-20 13:49:54,136] INFO spindle_dev.index: Computing mean correlation matrix for cluster 0
[2026-01-20 13:50:35,243] INFO spindle_dev.index: Computing mean correlation matrix for cluster 1
[2026-01-20 13:51:04,078] INFO spindle_dev.index: Computing mean correlation matrix for cluster 2
[2026-01-20 13:51:24,330] INFO spindle_dev.index: Computing mean correlation matrix for cluster 3
[2026-01-20 13:51:39,962] INFO spindle_dev.index: Computing mean correlation matrix for cluster 4
[2026-01-20 13:51:45,893] INFO spindle_dev.index: Computing mean correlation matrix for cluster 5
[2026-01-20 13:51:48,467] INFO spindle_dev.index: Finding adaptive block runs for cluster 0
[2026-01-20 13:51:48,909] INFO spindle_dev.index:  Chose t=0.7633192389079517 resulting in 201 blocks instead of 61 blocks would have gotten by default
[2026-01-20 13:51:48,957] INFO spindle_dev.index:  Final block runs for cluster 0: 22 blocks.
[2026-01-20 13:51:48,958] INFO spindle_dev.index: Finding adaptive block runs for cluster 1
[2026-01-20 13:51:49,380] INFO spindle_dev.index:  Chose t=0.7607017560319018 resulting in 190 blocks instead of 40 blocks would have gotten by default
[2026-01-20 13:51:49,423] INFO spindle_dev.index:  Final block runs for cluster 1: 22 blocks.
[2026-01-20 13:51:49,424] INFO spindle_dev.index: Finding adaptive block runs for cluster 2
[2026-01-20 13:51:49,841] INFO spindle_dev.index:  Chose t=0.8321018670322848 resulting in 166 blocks instead of 31 blocks would have gotten by default
[2026-01-20 13:51:49,874] INFO spindle_dev.index:  Final block runs for cluster 2: 23 blocks.
[2026-01-20 13:51:49,874] INFO spindle_dev.index: Finding adaptive block runs for cluster 3
[2026-01-20 13:51:50,296] INFO spindle_dev.index:  Chose t=0.797225986946651 resulting in 225 blocks instead of 95 blocks would have gotten by default
[2026-01-20 13:51:50,357] INFO spindle_dev.index:  Final block runs for cluster 3: 24 blocks.
[2026-01-20 13:51:50,358] INFO spindle_dev.index: Finding adaptive block runs for cluster 4
[2026-01-20 13:51:50,776] INFO spindle_dev.index:  Chose t=0.8919052951715427 resulting in 124 blocks instead of 63 blocks would have gotten by default
[2026-01-20 13:51:50,796] INFO spindle_dev.index:  Final block runs for cluster 4: 19 blocks.
[2026-01-20 13:51:50,796] INFO spindle_dev.index: Finding adaptive block runs for cluster 5
[2026-01-20 13:51:51,210] INFO spindle_dev.index:  Chose t=0.9507238858598659 resulting in 198 blocks instead of 274 blocks would have gotten by default
[2026-01-20 13:51:51,261] INFO spindle_dev.index:  Final block runs for cluster 5: 25 blocks.
[2026-01-20 13:51:59,638] INFO spindle_dev.index: Processing cluster 0
[2026-01-20 13:51:59,638] INFO spindle_dev.index: Building SPD index with epsilon=7.293585178311536
[2026-01-20 13:51:59,638] INFO spindle_dev.index: Step 1: Cluster blocks within each class of SPD matrices.
[2026-01-20 13:51:59,674] INFO spindle_dev.index: Cluster 0: 760 SPDs, 22 blocks
[2026-01-20 13:51:59,674] INFO spindle_dev.index:  Using epsilon-net clustering for block 0
[2026-01-20 13:51:59,729] INFO spindle_dev.index:  Finished block 0 in 0.05 seconds, found 2 clusters.
[2026-01-20 13:51:59,729] INFO spindle_dev.index:  Using epsilon-net clustering for block 1
[2026-01-20 13:51:59,823] INFO spindle_dev.index:  Finished block 1 in 0.09 seconds, found 7 clusters.
[2026-01-20 13:51:59,823] INFO spindle_dev.index:  Using epsilon-net clustering for block 2
[2026-01-20 13:51:59,900] INFO spindle_dev.index:  Finished block 2 in 0.08 seconds, found 5 clusters.
[2026-01-20 13:51:59,900] INFO spindle_dev.index:  Using epsilon-net clustering for block 3
[2026-01-20 13:52:00,003] INFO spindle_dev.index:  Finished block 3 in 0.10 seconds, found 8 clusters.
[2026-01-20 13:52:00,003] INFO spindle_dev.index:  Using epsilon-net clustering for block 4
[2026-01-20 13:52:00,089] INFO spindle_dev.index:  Finished block 4 in 0.09 seconds, found 6 clusters.
[2026-01-20 13:52:00,089] INFO spindle_dev.index:  Using epsilon-net clustering for block 5
[2026-01-20 13:52:00,169] INFO spindle_dev.index:  Finished block 5 in 0.08 seconds, found 5 clusters.
[2026-01-20 13:52:00,169] INFO spindle_dev.index:  Using epsilon-net clustering for block 6
[2026-01-20 13:52:00,249] INFO spindle_dev.index:  Finished block 6 in 0.08 seconds, found 5 clusters.
[2026-01-20 13:52:00,249] INFO spindle_dev.index:  Using epsilon-net clustering for block 7
[2026-01-20 13:52:00,304] INFO spindle_dev.index:  Finished block 7 in 0.05 seconds, found 2 clusters.
[2026-01-20 13:52:00,304] INFO spindle_dev.index:  Using epsilon-net clustering for block 8
[2026-01-20 13:52:00,374] INFO spindle_dev.index:  Finished block 8 in 0.07 seconds, found 2 clusters.
[2026-01-20 13:52:00,374] INFO spindle_dev.index:  Using epsilon-net clustering for block 9
[2026-01-20 13:52:00,468] INFO spindle_dev.index:  Finished block 9 in 0.09 seconds, found 3 clusters.
[2026-01-20 13:52:00,469] INFO spindle_dev.index:  Using epsilon-net clustering for block 10
[2026-01-20 13:52:00,551] INFO spindle_dev.index:  Finished block 10 in 0.08 seconds, found 3 clusters.
[2026-01-20 13:52:00,551] INFO spindle_dev.index:  Using epsilon-net clustering for block 11
[2026-01-20 13:52:00,622] INFO spindle_dev.index:  Finished block 11 in 0.07 seconds, found 4 clusters.
[2026-01-20 13:52:00,623] INFO spindle_dev.index:  Using epsilon-net clustering for block 12
[2026-01-20 13:52:00,679] INFO spindle_dev.index:  Finished block 12 in 0.06 seconds, found 2 clusters.
[2026-01-20 13:52:00,679] INFO spindle_dev.index:  Using epsilon-net clustering for block 13
[2026-01-20 13:52:00,726] INFO spindle_dev.index:  Finished block 13 in 0.05 seconds, found 1 clusters.
[2026-01-20 13:52:00,726] INFO spindle_dev.index:  Using epsilon-net clustering for block 14
[2026-01-20 13:52:00,774] INFO spindle_dev.index:  Finished block 14 in 0.05 seconds, found 1 clusters.
[2026-01-20 13:52:00,774] INFO spindle_dev.index:  Using epsilon-net clustering for block 15
[2026-01-20 13:52:00,830] INFO spindle_dev.index:  Finished block 15 in 0.06 seconds, found 2 clusters.
[2026-01-20 13:52:00,830] INFO spindle_dev.index:  Using epsilon-net clustering for block 16
[2026-01-20 13:52:00,895] INFO spindle_dev.index:  Finished block 16 in 0.06 seconds, found 2 clusters.
[2026-01-20 13:52:00,895] INFO spindle_dev.index:  Using epsilon-net clustering for block 17
[2026-01-20 13:52:01,206] INFO spindle_dev.index:  Finished block 17 in 0.31 seconds, found 7 clusters.
[2026-01-20 13:52:01,206] INFO spindle_dev.index:  Using epsilon-net clustering for block 18
[2026-01-20 13:52:01,285] INFO spindle_dev.index:  Finished block 18 in 0.08 seconds, found 2 clusters.
[2026-01-20 13:52:01,285] INFO spindle_dev.index:  Using epsilon-net clustering for block 19
[2026-01-20 13:52:01,379] INFO spindle_dev.index:  Finished block 19 in 0.09 seconds, found 4 clusters.
[2026-01-20 13:52:01,379] INFO spindle_dev.index:  Using epsilon-net clustering for block 20
[2026-01-20 13:52:01,440] INFO spindle_dev.index:  Finished block 20 in 0.06 seconds, found 1 clusters.
[2026-01-20 13:52:01,441] INFO spindle_dev.index:  Using epsilon-net clustering for block 21
[2026-01-20 13:52:01,486] INFO spindle_dev.index:  Finished block 21 in 0.05 seconds, found 1 clusters.
[2026-01-20 13:52:01,487] INFO spindle_dev.index: Step 2: Build DAG connections between block clusters.
[2026-01-20 13:52:01,487] INFO spindle_dev.index: Step 2.1: For each layer order the block-clusters by
[2026-01-20 13:52:01,487] INFO spindle_dev.index: Not implemented: ordering block-clusters ? How to order them?
[2026-01-20 13:52:01,487] INFO spindle_dev.index: We will use triangle inequality to order clusters.
[2026-01-20 13:52:01,487] INFO spindle_dev.index: Step 2.2: Connect block-clusters between layers based on co-occurrence in SPDs.
[2026-01-20 13:52:01,498] INFO spindle_dev.index: Check if node global_node_id matches index in nodes list
[2026-01-20 13:52:01,498] INFO spindle_dev.index: Step 2.3: Ordering block-clusters within each layer using log-Euclidean distances.
[2026-01-20 13:52:01,498] INFO spindle_dev.index: Processing cluster 1
[2026-01-20 13:52:01,498] INFO spindle_dev.index: Building SPD index with epsilon=6.4411489446707755
[2026-01-20 13:52:01,498] INFO spindle_dev.index: Step 1: Cluster blocks within each class of SPD matrices.
[2026-01-20 13:52:01,594] INFO spindle_dev.index: Cluster 1: 515 SPDs, 22 blocks
[2026-01-20 13:52:01,595] INFO spindle_dev.index:  Using epsilon-net clustering for block 0
[2026-01-20 13:52:01,673] INFO spindle_dev.index:  Finished block 0 in 0.08 seconds, found 8 clusters.
[2026-01-20 13:52:01,673] INFO spindle_dev.index:  Using epsilon-net clustering for block 1
[2026-01-20 13:52:01,790] INFO spindle_dev.index:  Finished block 1 in 0.12 seconds, found 16 clusters.
[2026-01-20 13:52:01,790] INFO spindle_dev.index:  Using epsilon-net clustering for block 2
[2026-01-20 13:52:01,907] INFO spindle_dev.index:  Finished block 2 in 0.12 seconds, found 16 clusters.
[2026-01-20 13:52:01,907] INFO spindle_dev.index:  Using epsilon-net clustering for block 3
[2026-01-20 13:52:02,030] INFO spindle_dev.index:  Finished block 3 in 0.12 seconds, found 17 clusters.
[2026-01-20 13:52:02,030] INFO spindle_dev.index:  Using epsilon-net clustering for block 4
[2026-01-20 13:52:02,109] INFO spindle_dev.index:  Finished block 4 in 0.08 seconds, found 9 clusters.
[2026-01-20 13:52:02,110] INFO spindle_dev.index:  Using epsilon-net clustering for block 5
[2026-01-20 13:52:02,164] INFO spindle_dev.index:  Finished block 5 in 0.05 seconds, found 5 clusters.
[2026-01-20 13:52:02,164] INFO spindle_dev.index:  Using epsilon-net clustering for block 6
[2026-01-20 13:52:02,222] INFO spindle_dev.index:  Finished block 6 in 0.06 seconds, found 4 clusters.
[2026-01-20 13:52:02,222] INFO spindle_dev.index:  Using epsilon-net clustering for block 7
[2026-01-20 13:52:02,267] INFO spindle_dev.index:  Finished block 7 in 0.04 seconds, found 2 clusters.
[2026-01-20 13:52:02,267] INFO spindle_dev.index:  Using epsilon-net clustering for block 8
[2026-01-20 13:52:02,307] INFO spindle_dev.index:  Finished block 8 in 0.04 seconds, found 2 clusters.
[2026-01-20 13:52:02,307] INFO spindle_dev.index:  Using epsilon-net clustering for block 9
[2026-01-20 13:52:02,345] INFO spindle_dev.index:  Finished block 9 in 0.04 seconds, found 2 clusters.
[2026-01-20 13:52:02,345] INFO spindle_dev.index:  Using epsilon-net clustering for block 10
[2026-01-20 13:52:02,387] INFO spindle_dev.index:  Finished block 10 in 0.04 seconds, found 2 clusters.
[2026-01-20 13:52:02,387] INFO spindle_dev.index:  Using epsilon-net clustering for block 11
[2026-01-20 13:52:02,434] INFO spindle_dev.index:  Finished block 11 in 0.05 seconds, found 1 clusters.
[2026-01-20 13:52:02,434] INFO spindle_dev.index:  Using epsilon-net clustering for block 12
[2026-01-20 13:52:02,469] INFO spindle_dev.index:  Finished block 12 in 0.03 seconds, found 1 clusters.
[2026-01-20 13:52:02,469] INFO spindle_dev.index:  Using epsilon-net clustering for block 13
[2026-01-20 13:52:02,505] INFO spindle_dev.index:  Finished block 13 in 0.04 seconds, found 1 clusters.
[2026-01-20 13:52:02,505] INFO spindle_dev.index:  Using epsilon-net clustering for block 14
[2026-01-20 13:52:02,538] INFO spindle_dev.index:  Finished block 14 in 0.03 seconds, found 1 clusters.
[2026-01-20 13:52:02,538] INFO spindle_dev.index:  Using epsilon-net clustering for block 15
[2026-01-20 13:52:02,570] INFO spindle_dev.index:  Finished block 15 in 0.03 seconds, found 1 clusters.
[2026-01-20 13:52:02,570] INFO spindle_dev.index:  Using epsilon-net clustering for block 16
[2026-01-20 13:52:02,809] INFO spindle_dev.index:  Finished block 16 in 0.24 seconds, found 12 clusters.
[2026-01-20 13:52:02,809] INFO spindle_dev.index:  Using epsilon-net clustering for block 17
[2026-01-20 13:52:02,874] INFO spindle_dev.index:  Finished block 17 in 0.06 seconds, found 4 clusters.
[2026-01-20 13:52:02,874] INFO spindle_dev.index:  Using epsilon-net clustering for block 18
[2026-01-20 13:52:02,934] INFO spindle_dev.index:  Finished block 18 in 0.06 seconds, found 6 clusters.
[2026-01-20 13:52:02,934] INFO spindle_dev.index:  Using epsilon-net clustering for block 19
[2026-01-20 13:52:03,017] INFO spindle_dev.index:  Finished block 19 in 0.08 seconds, found 10 clusters.
[2026-01-20 13:52:03,018] INFO spindle_dev.index:  Using epsilon-net clustering for block 20
[2026-01-20 13:52:03,075] INFO spindle_dev.index:  Finished block 20 in 0.06 seconds, found 3 clusters.
[2026-01-20 13:52:03,075] INFO spindle_dev.index:  Using epsilon-net clustering for block 21
[2026-01-20 13:52:03,128] INFO spindle_dev.index:  Finished block 21 in 0.05 seconds, found 2 clusters.
[2026-01-20 13:52:03,128] INFO spindle_dev.index: Step 2: Build DAG connections between block clusters.
[2026-01-20 13:52:03,128] INFO spindle_dev.index: Step 2.1: For each layer order the block-clusters by
[2026-01-20 13:52:03,128] INFO spindle_dev.index: Not implemented: ordering block-clusters ? How to order them?
[2026-01-20 13:52:03,128] INFO spindle_dev.index: We will use triangle inequality to order clusters.
[2026-01-20 13:52:03,128] INFO spindle_dev.index: Step 2.2: Connect block-clusters between layers based on co-occurrence in SPDs.
[2026-01-20 13:52:03,136] INFO spindle_dev.index: Check if node global_node_id matches index in nodes list
[2026-01-20 13:52:03,136] INFO spindle_dev.index: Step 2.3: Ordering block-clusters within each layer using log-Euclidean distances.
[2026-01-20 13:52:03,136] INFO spindle_dev.index: Processing cluster 2
[2026-01-20 13:52:03,136] INFO spindle_dev.index: Building SPD index with epsilon=7.1757370076675295
[2026-01-20 13:52:03,136] INFO spindle_dev.index: Step 1: Cluster blocks within each class of SPD matrices.
[2026-01-20 13:52:03,158] INFO spindle_dev.index: Cluster 2: 431 SPDs, 23 blocks
[2026-01-20 13:52:03,158] INFO spindle_dev.index:  Using epsilon-net clustering for block 0
[2026-01-20 13:52:03,203] INFO spindle_dev.index:  Finished block 0 in 0.04 seconds, found 5 clusters.
[2026-01-20 13:52:03,203] INFO spindle_dev.index:  Using epsilon-net clustering for block 1
[2026-01-20 13:52:03,269] INFO spindle_dev.index:  Finished block 1 in 0.07 seconds, found 8 clusters.
[2026-01-20 13:52:03,270] INFO spindle_dev.index:  Using epsilon-net clustering for block 2
[2026-01-20 13:52:03,343] INFO spindle_dev.index:  Finished block 2 in 0.07 seconds, found 11 clusters.
[2026-01-20 13:52:03,343] INFO spindle_dev.index:  Using epsilon-net clustering for block 3
[2026-01-20 13:52:03,408] INFO spindle_dev.index:  Finished block 3 in 0.06 seconds, found 9 clusters.
[2026-01-20 13:52:03,408] INFO spindle_dev.index:  Using epsilon-net clustering for block 4
[2026-01-20 13:52:03,463] INFO spindle_dev.index:  Finished block 4 in 0.06 seconds, found 7 clusters.
[2026-01-20 13:52:03,463] INFO spindle_dev.index:  Using epsilon-net clustering for block 5
[2026-01-20 13:52:03,514] INFO spindle_dev.index:  Finished block 5 in 0.05 seconds, found 6 clusters.
[2026-01-20 13:52:03,514] INFO spindle_dev.index:  Using epsilon-net clustering for block 6
[2026-01-20 13:52:03,555] INFO spindle_dev.index:  Finished block 6 in 0.04 seconds, found 4 clusters.
[2026-01-20 13:52:03,555] INFO spindle_dev.index:  Using epsilon-net clustering for block 7
[2026-01-20 13:52:03,587] INFO spindle_dev.index:  Finished block 7 in 0.03 seconds, found 2 clusters.
[2026-01-20 13:52:03,587] INFO spindle_dev.index:  Using epsilon-net clustering for block 8
[2026-01-20 13:52:03,628] INFO spindle_dev.index:  Finished block 8 in 0.04 seconds, found 4 clusters.
[2026-01-20 13:52:03,628] INFO spindle_dev.index:  Using epsilon-net clustering for block 9
[2026-01-20 13:52:03,667] INFO spindle_dev.index:  Finished block 9 in 0.04 seconds, found 3 clusters.
[2026-01-20 13:52:03,667] INFO spindle_dev.index:  Using epsilon-net clustering for block 10
[2026-01-20 13:52:03,693] INFO spindle_dev.index:  Finished block 10 in 0.03 seconds, found 1 clusters.
[2026-01-20 13:52:03,693] INFO spindle_dev.index:  Using epsilon-net clustering for block 11
[2026-01-20 13:52:03,788] INFO spindle_dev.index:  Finished block 11 in 0.09 seconds, found 6 clusters.
[2026-01-20 13:52:03,788] INFO spindle_dev.index:  Using epsilon-net clustering for block 12
[2026-01-20 13:52:03,831] INFO spindle_dev.index:  Finished block 12 in 0.04 seconds, found 2 clusters.
[2026-01-20 13:52:03,831] INFO spindle_dev.index:  Using epsilon-net clustering for block 13
[2026-01-20 13:52:03,869] INFO spindle_dev.index:  Finished block 13 in 0.04 seconds, found 3 clusters.
[2026-01-20 13:52:03,869] INFO spindle_dev.index:  Using epsilon-net clustering for block 14
[2026-01-20 13:52:03,940] INFO spindle_dev.index:  Finished block 14 in 0.07 seconds, found 4 clusters.
[2026-01-20 13:52:03,940] INFO spindle_dev.index:  Using epsilon-net clustering for block 15
[2026-01-20 13:52:03,990] INFO spindle_dev.index:  Finished block 15 in 0.05 seconds, found 6 clusters.
[2026-01-20 13:52:03,990] INFO spindle_dev.index:  Using epsilon-net clustering for block 16
[2026-01-20 13:52:04,022] INFO spindle_dev.index:  Finished block 16 in 0.03 seconds, found 2 clusters.
[2026-01-20 13:52:04,022] INFO spindle_dev.index:  Using epsilon-net clustering for block 17
[2026-01-20 13:52:04,062] INFO spindle_dev.index:  Finished block 17 in 0.04 seconds, found 2 clusters.
[2026-01-20 13:52:04,062] INFO spindle_dev.index:  Using epsilon-net clustering for block 18
[2026-01-20 13:52:04,089] INFO spindle_dev.index:  Finished block 18 in 0.03 seconds, found 1 clusters.
[2026-01-20 13:52:04,089] INFO spindle_dev.index:  Using epsilon-net clustering for block 19
[2026-01-20 13:52:04,116] INFO spindle_dev.index:  Finished block 19 in 0.03 seconds, found 1 clusters.
[2026-01-20 13:52:04,116] INFO spindle_dev.index:  Using epsilon-net clustering for block 20
[2026-01-20 13:52:04,143] INFO spindle_dev.index:  Finished block 20 in 0.03 seconds, found 1 clusters.
[2026-01-20 13:52:04,143] INFO spindle_dev.index:  Using epsilon-net clustering for block 21
[2026-01-20 13:52:04,192] INFO spindle_dev.index:  Finished block 21 in 0.05 seconds, found 3 clusters.
[2026-01-20 13:52:04,192] INFO spindle_dev.index:  Using epsilon-net clustering for block 22
[2026-01-20 13:52:04,344] INFO spindle_dev.index:  Finished block 22 in 0.15 seconds, found 16 clusters.
[2026-01-20 13:52:04,344] INFO spindle_dev.index: Step 2: Build DAG connections between block clusters.
[2026-01-20 13:52:04,344] INFO spindle_dev.index: Step 2.1: For each layer order the block-clusters by
[2026-01-20 13:52:04,344] INFO spindle_dev.index: Not implemented: ordering block-clusters ? How to order them?
[2026-01-20 13:52:04,344] INFO spindle_dev.index: We will use triangle inequality to order clusters.
[2026-01-20 13:52:04,344] INFO spindle_dev.index: Step 2.2: Connect block-clusters between layers based on co-occurrence in SPDs.
[2026-01-20 13:52:04,351] INFO spindle_dev.index: Check if node global_node_id matches index in nodes list
[2026-01-20 13:52:04,351] INFO spindle_dev.index: Step 2.3: Ordering block-clusters within each layer using log-Euclidean distances.
[2026-01-20 13:52:04,351] INFO spindle_dev.index: Processing cluster 3
[2026-01-20 13:52:04,351] INFO spindle_dev.index: Building SPD index with epsilon=7.306294856673336
[2026-01-20 13:52:04,351] INFO spindle_dev.index: Step 1: Cluster blocks within each class of SPD matrices.
[2026-01-20 13:52:04,371] INFO spindle_dev.index: Cluster 3: 260 SPDs, 24 blocks
[2026-01-20 13:52:04,372] INFO spindle_dev.index:  Using epsilon-net clustering for block 0
[2026-01-20 13:52:04,389] INFO spindle_dev.index:  Finished block 0 in 0.02 seconds, found 2 clusters.
[2026-01-20 13:52:04,389] INFO spindle_dev.index:  Using epsilon-net clustering for block 1
[2026-01-20 13:52:04,412] INFO spindle_dev.index:  Finished block 1 in 0.02 seconds, found 4 clusters.
[2026-01-20 13:52:04,412] INFO spindle_dev.index:  Using epsilon-net clustering for block 2
[2026-01-20 13:52:04,436] INFO spindle_dev.index:  Finished block 2 in 0.02 seconds, found 4 clusters.
[2026-01-20 13:52:04,436] INFO spindle_dev.index:  Using epsilon-net clustering for block 3
[2026-01-20 13:52:04,465] INFO spindle_dev.index:  Finished block 3 in 0.03 seconds, found 6 clusters.
[2026-01-20 13:52:04,465] INFO spindle_dev.index:  Using epsilon-net clustering for block 4
[2026-01-20 13:52:04,494] INFO spindle_dev.index:  Finished block 4 in 0.03 seconds, found 6 clusters.
[2026-01-20 13:52:04,494] INFO spindle_dev.index:  Using epsilon-net clustering for block 5
[2026-01-20 13:52:04,529] INFO spindle_dev.index:  Finished block 5 in 0.04 seconds, found 8 clusters.
[2026-01-20 13:52:04,529] INFO spindle_dev.index:  Using epsilon-net clustering for block 6
[2026-01-20 13:52:04,564] INFO spindle_dev.index:  Finished block 6 in 0.03 seconds, found 7 clusters.
[2026-01-20 13:52:04,564] INFO spindle_dev.index:  Using epsilon-net clustering for block 7
[2026-01-20 13:52:04,599] INFO spindle_dev.index:  Finished block 7 in 0.04 seconds, found 8 clusters.
[2026-01-20 13:52:04,599] INFO spindle_dev.index:  Using epsilon-net clustering for block 8
[2026-01-20 13:52:04,624] INFO spindle_dev.index:  Finished block 8 in 0.02 seconds, found 4 clusters.
[2026-01-20 13:52:04,624] INFO spindle_dev.index:  Using epsilon-net clustering for block 9
[2026-01-20 13:52:04,651] INFO spindle_dev.index:  Finished block 9 in 0.03 seconds, found 5 clusters.
[2026-01-20 13:52:04,651] INFO spindle_dev.index:  Using epsilon-net clustering for block 10
[2026-01-20 13:52:04,682] INFO spindle_dev.index:  Finished block 10 in 0.03 seconds, found 5 clusters.
[2026-01-20 13:52:04,682] INFO spindle_dev.index:  Using epsilon-net clustering for block 11
[2026-01-20 13:52:04,703] INFO spindle_dev.index:  Finished block 11 in 0.02 seconds, found 3 clusters.
[2026-01-20 13:52:04,704] INFO spindle_dev.index:  Using epsilon-net clustering for block 12
[2026-01-20 13:52:04,725] INFO spindle_dev.index:  Finished block 12 in 0.02 seconds, found 3 clusters.
[2026-01-20 13:52:04,725] INFO spindle_dev.index:  Using epsilon-net clustering for block 13
[2026-01-20 13:52:04,757] INFO spindle_dev.index:  Finished block 13 in 0.03 seconds, found 2 clusters.
[2026-01-20 13:52:04,757] INFO spindle_dev.index:  Using epsilon-net clustering for block 14
[2026-01-20 13:52:04,783] INFO spindle_dev.index:  Finished block 14 in 0.03 seconds, found 4 clusters.
[2026-01-20 13:52:04,783] INFO spindle_dev.index:  Using epsilon-net clustering for block 15
[2026-01-20 13:52:04,808] INFO spindle_dev.index:  Finished block 15 in 0.02 seconds, found 3 clusters.
[2026-01-20 13:52:04,808] INFO spindle_dev.index:  Using epsilon-net clustering for block 16
[2026-01-20 13:52:04,826] INFO spindle_dev.index:  Finished block 16 in 0.02 seconds, found 2 clusters.
[2026-01-20 13:52:04,827] INFO spindle_dev.index:  Using epsilon-net clustering for block 17
[2026-01-20 13:52:04,848] INFO spindle_dev.index:  Finished block 17 in 0.02 seconds, found 3 clusters.
[2026-01-20 13:52:04,848] INFO spindle_dev.index:  Using epsilon-net clustering for block 18
[2026-01-20 13:52:04,867] INFO spindle_dev.index:  Finished block 18 in 0.02 seconds, found 2 clusters.
[2026-01-20 13:52:04,867] INFO spindle_dev.index:  Using epsilon-net clustering for block 19
[2026-01-20 13:52:04,883] INFO spindle_dev.index:  Finished block 19 in 0.02 seconds, found 1 clusters.
[2026-01-20 13:52:04,883] INFO spindle_dev.index:  Using epsilon-net clustering for block 20
[2026-01-20 13:52:04,899] INFO spindle_dev.index:  Finished block 20 in 0.02 seconds, found 1 clusters.
[2026-01-20 13:52:04,899] INFO spindle_dev.index:  Using epsilon-net clustering for block 21
[2026-01-20 13:52:04,915] INFO spindle_dev.index:  Finished block 21 in 0.02 seconds, found 1 clusters.
[2026-01-20 13:52:04,916] INFO spindle_dev.index:  Using epsilon-net clustering for block 22
[2026-01-20 13:52:04,932] INFO spindle_dev.index:  Finished block 22 in 0.02 seconds, found 1 clusters.
[2026-01-20 13:52:04,932] INFO spindle_dev.index:  Using epsilon-net clustering for block 23
[2026-01-20 13:52:05,063] INFO spindle_dev.index:  Finished block 23 in 0.13 seconds, found 9 clusters.
[2026-01-20 13:52:05,064] INFO spindle_dev.index: Step 2: Build DAG connections between block clusters.
[2026-01-20 13:52:05,064] INFO spindle_dev.index: Step 2.1: For each layer order the block-clusters by
[2026-01-20 13:52:05,064] INFO spindle_dev.index: Not implemented: ordering block-clusters ? How to order them?
[2026-01-20 13:52:05,064] INFO spindle_dev.index: We will use triangle inequality to order clusters.
[2026-01-20 13:52:05,064] INFO spindle_dev.index: Step 2.2: Connect block-clusters between layers based on co-occurrence in SPDs.
[2026-01-20 13:52:05,068] INFO spindle_dev.index: Check if node global_node_id matches index in nodes list
[2026-01-20 13:52:05,068] INFO spindle_dev.index: Step 2.3: Ordering block-clusters within each layer using log-Euclidean distances.
[2026-01-20 13:52:05,068] INFO spindle_dev.index: Processing cluster 4
[2026-01-20 13:52:05,068] INFO spindle_dev.index: Building SPD index with epsilon=5.581679702604097
[2026-01-20 13:52:05,068] INFO spindle_dev.index: Step 1: Cluster blocks within each class of SPD matrices.
[2026-01-20 13:52:05,084] INFO spindle_dev.index: Cluster 4: 156 SPDs, 19 blocks
[2026-01-20 13:52:05,084] INFO spindle_dev.index:  Using epsilon-net clustering for block 0
[2026-01-20 13:52:05,105] INFO spindle_dev.index:  Finished block 0 in 0.02 seconds, found 8 clusters.
[2026-01-20 13:52:05,106] INFO spindle_dev.index:  Using epsilon-net clustering for block 1
[2026-01-20 13:52:05,135] INFO spindle_dev.index:  Finished block 1 in 0.03 seconds, found 13 clusters.
[2026-01-20 13:52:05,136] INFO spindle_dev.index:  Using epsilon-net clustering for block 2
[2026-01-20 13:52:05,179] INFO spindle_dev.index:  Finished block 2 in 0.04 seconds, found 21 clusters.
[2026-01-20 13:52:05,180] INFO spindle_dev.index:  Using epsilon-net clustering for block 3
[2026-01-20 13:52:05,218] INFO spindle_dev.index:  Finished block 3 in 0.04 seconds, found 18 clusters.
[2026-01-20 13:52:05,218] INFO spindle_dev.index:  Using epsilon-net clustering for block 4
[2026-01-20 13:52:05,261] INFO spindle_dev.index:  Finished block 4 in 0.04 seconds, found 20 clusters.
[2026-01-20 13:52:05,261] INFO spindle_dev.index:  Using epsilon-net clustering for block 5
[2026-01-20 13:52:05,310] INFO spindle_dev.index:  Finished block 5 in 0.05 seconds, found 23 clusters.
[2026-01-20 13:52:05,311] INFO spindle_dev.index:  Using epsilon-net clustering for block 6
[2026-01-20 13:52:05,339] INFO spindle_dev.index:  Finished block 6 in 0.03 seconds, found 10 clusters.
[2026-01-20 13:52:05,339] INFO spindle_dev.index:  Using epsilon-net clustering for block 7
[2026-01-20 13:52:05,358] INFO spindle_dev.index:  Finished block 7 in 0.02 seconds, found 6 clusters.
[2026-01-20 13:52:05,358] INFO spindle_dev.index:  Using epsilon-net clustering for block 8
[2026-01-20 13:52:05,378] INFO spindle_dev.index:  Finished block 8 in 0.02 seconds, found 2 clusters.
[2026-01-20 13:52:05,379] INFO spindle_dev.index:  Using epsilon-net clustering for block 9
[2026-01-20 13:52:05,394] INFO spindle_dev.index:  Finished block 9 in 0.02 seconds, found 1 clusters.
[2026-01-20 13:52:05,394] INFO spindle_dev.index:  Using epsilon-net clustering for block 10
[2026-01-20 13:52:05,415] INFO spindle_dev.index:  Finished block 10 in 0.02 seconds, found 8 clusters.
[2026-01-20 13:52:05,415] INFO spindle_dev.index:  Using epsilon-net clustering for block 11
[2026-01-20 13:52:05,434] INFO spindle_dev.index:  Finished block 11 in 0.02 seconds, found 6 clusters.
[2026-01-20 13:52:05,434] INFO spindle_dev.index:  Using epsilon-net clustering for block 12
[2026-01-20 13:52:05,469] INFO spindle_dev.index:  Finished block 12 in 0.04 seconds, found 6 clusters.
[2026-01-20 13:52:05,469] INFO spindle_dev.index:  Using epsilon-net clustering for block 13
[2026-01-20 13:52:05,513] INFO spindle_dev.index:  Finished block 13 in 0.04 seconds, found 4 clusters.
[2026-01-20 13:52:05,513] INFO spindle_dev.index:  Using epsilon-net clustering for block 14
[2026-01-20 13:52:05,532] INFO spindle_dev.index:  Finished block 14 in 0.02 seconds, found 1 clusters.
[2026-01-20 13:52:05,532] INFO spindle_dev.index:  Using epsilon-net clustering for block 15
[2026-01-20 13:52:05,553] INFO spindle_dev.index:  Finished block 15 in 0.02 seconds, found 3 clusters.
[2026-01-20 13:52:05,553] INFO spindle_dev.index:  Using epsilon-net clustering for block 16
[2026-01-20 13:52:05,569] INFO spindle_dev.index:  Finished block 16 in 0.02 seconds, found 5 clusters.
[2026-01-20 13:52:05,569] INFO spindle_dev.index:  Using epsilon-net clustering for block 17
[2026-01-20 13:52:05,582] INFO spindle_dev.index:  Finished block 17 in 0.01 seconds, found 3 clusters.
[2026-01-20 13:52:05,582] INFO spindle_dev.index:  Using epsilon-net clustering for block 18
[2026-01-20 13:52:05,619] INFO spindle_dev.index:  Finished block 18 in 0.04 seconds, found 3 clusters.
[2026-01-20 13:52:05,619] INFO spindle_dev.index: Step 2: Build DAG connections between block clusters.
[2026-01-20 13:52:05,619] INFO spindle_dev.index: Step 2.1: For each layer order the block-clusters by
[2026-01-20 13:52:05,620] INFO spindle_dev.index: Not implemented: ordering block-clusters ? How to order them?
[2026-01-20 13:52:05,620] INFO spindle_dev.index: We will use triangle inequality to order clusters.
[2026-01-20 13:52:05,620] INFO spindle_dev.index: Step 2.2: Connect block-clusters between layers based on co-occurrence in SPDs.
[2026-01-20 13:52:05,622] INFO spindle_dev.index: Check if node global_node_id matches index in nodes list
[2026-01-20 13:52:05,623] INFO spindle_dev.index: Step 2.3: Ordering block-clusters within each layer using log-Euclidean distances.
[2026-01-20 13:52:05,623] INFO spindle_dev.index: Processing cluster 5
[2026-01-20 13:52:05,623] INFO spindle_dev.index: Building SPD index with epsilon=7.036156596265726
[2026-01-20 13:52:05,623] INFO spindle_dev.index: Step 1: Cluster blocks within each class of SPD matrices.
[2026-01-20 13:52:05,637] INFO spindle_dev.index: Cluster 5: 66 SPDs, 25 blocks
[2026-01-20 13:52:05,638] INFO spindle_dev.index:  Using epsilon-net clustering for block 0
[2026-01-20 13:52:05,642] INFO spindle_dev.index:  Finished block 0 in 0.00 seconds, found 1 clusters.
[2026-01-20 13:52:05,642] INFO spindle_dev.index:  Using epsilon-net clustering for block 1
[2026-01-20 13:52:05,647] INFO spindle_dev.index:  Finished block 1 in 0.00 seconds, found 2 clusters.
[2026-01-20 13:52:05,647] INFO spindle_dev.index:  Using epsilon-net clustering for block 2
[2026-01-20 13:52:05,651] INFO spindle_dev.index:  Finished block 2 in 0.00 seconds, found 2 clusters.
[2026-01-20 13:52:05,651] INFO spindle_dev.index:  Using epsilon-net clustering for block 3
[2026-01-20 13:52:05,656] INFO spindle_dev.index:  Finished block 3 in 0.00 seconds, found 3 clusters.
[2026-01-20 13:52:05,656] INFO spindle_dev.index:  Using epsilon-net clustering for block 4
[2026-01-20 13:52:05,662] INFO spindle_dev.index:  Finished block 4 in 0.01 seconds, found 4 clusters.
[2026-01-20 13:52:05,662] INFO spindle_dev.index:  Using epsilon-net clustering for block 5
[2026-01-20 13:52:05,667] INFO spindle_dev.index:  Finished block 5 in 0.00 seconds, found 3 clusters.
[2026-01-20 13:52:05,667] INFO spindle_dev.index:  Using epsilon-net clustering for block 6
[2026-01-20 13:52:05,673] INFO spindle_dev.index:  Finished block 6 in 0.01 seconds, found 4 clusters.
[2026-01-20 13:52:05,673] INFO spindle_dev.index:  Using epsilon-net clustering for block 7
[2026-01-20 13:52:05,679] INFO spindle_dev.index:  Finished block 7 in 0.01 seconds, found 5 clusters.
[2026-01-20 13:52:05,679] INFO spindle_dev.index:  Using epsilon-net clustering for block 8
[2026-01-20 13:52:05,684] INFO spindle_dev.index:  Finished block 8 in 0.01 seconds, found 3 clusters.
[2026-01-20 13:52:05,684] INFO spindle_dev.index:  Using epsilon-net clustering for block 9
[2026-01-20 13:52:05,691] INFO spindle_dev.index:  Finished block 9 in 0.01 seconds, found 5 clusters.
[2026-01-20 13:52:05,691] INFO spindle_dev.index:  Using epsilon-net clustering for block 10
[2026-01-20 13:52:05,697] INFO spindle_dev.index:  Finished block 10 in 0.01 seconds, found 4 clusters.
[2026-01-20 13:52:05,697] INFO spindle_dev.index:  Using epsilon-net clustering for block 11
[2026-01-20 13:52:05,704] INFO spindle_dev.index:  Finished block 11 in 0.01 seconds, found 5 clusters.
[2026-01-20 13:52:05,704] INFO spindle_dev.index:  Using epsilon-net clustering for block 12
[2026-01-20 13:52:05,711] INFO spindle_dev.index:  Finished block 12 in 0.01 seconds, found 5 clusters.
[2026-01-20 13:52:05,711] INFO spindle_dev.index:  Using epsilon-net clustering for block 13
[2026-01-20 13:52:05,717] INFO spindle_dev.index:  Finished block 13 in 0.01 seconds, found 5 clusters.
[2026-01-20 13:52:05,717] INFO spindle_dev.index:  Using epsilon-net clustering for block 14
[2026-01-20 13:52:05,725] INFO spindle_dev.index:  Finished block 14 in 0.01 seconds, found 6 clusters.
[2026-01-20 13:52:05,725] INFO spindle_dev.index:  Using epsilon-net clustering for block 15
[2026-01-20 13:52:05,731] INFO spindle_dev.index:  Finished block 15 in 0.01 seconds, found 4 clusters.
[2026-01-20 13:52:05,731] INFO spindle_dev.index:  Using epsilon-net clustering for block 16
[2026-01-20 13:52:05,738] INFO spindle_dev.index:  Finished block 16 in 0.01 seconds, found 5 clusters.
[2026-01-20 13:52:05,741] INFO spindle_dev.index:  Using epsilon-net clustering for block 17
[2026-01-20 13:52:05,747] INFO spindle_dev.index:  Finished block 17 in 0.01 seconds, found 5 clusters.
[2026-01-20 13:52:05,747] INFO spindle_dev.index:  Using epsilon-net clustering for block 18
[2026-01-20 13:52:05,753] INFO spindle_dev.index:  Finished block 18 in 0.01 seconds, found 4 clusters.
[2026-01-20 13:52:05,753] INFO spindle_dev.index:  Using epsilon-net clustering for block 19
[2026-01-20 13:52:05,760] INFO spindle_dev.index:  Finished block 19 in 0.01 seconds, found 3 clusters.
[2026-01-20 13:52:05,760] INFO spindle_dev.index:  Using epsilon-net clustering for block 20
[2026-01-20 13:52:05,765] INFO spindle_dev.index:  Finished block 20 in 0.01 seconds, found 3 clusters.
[2026-01-20 13:52:05,765] INFO spindle_dev.index:  Using epsilon-net clustering for block 21
[2026-01-20 13:52:05,771] INFO spindle_dev.index:  Finished block 21 in 0.01 seconds, found 3 clusters.
[2026-01-20 13:52:05,771] INFO spindle_dev.index:  Using epsilon-net clustering for block 22
[2026-01-20 13:52:05,776] INFO spindle_dev.index:  Finished block 22 in 0.01 seconds, found 3 clusters.
[2026-01-20 13:52:05,776] INFO spindle_dev.index:  Using epsilon-net clustering for block 23
[2026-01-20 13:52:05,783] INFO spindle_dev.index:  Finished block 23 in 0.01 seconds, found 5 clusters.
[2026-01-20 13:52:05,783] INFO spindle_dev.index:  Using epsilon-net clustering for block 24
[2026-01-20 13:52:05,802] INFO spindle_dev.index:  Finished block 24 in 0.02 seconds, found 3 clusters.
[2026-01-20 13:52:05,802] INFO spindle_dev.index: Step 2: Build DAG connections between block clusters.
[2026-01-20 13:52:05,802] INFO spindle_dev.index: Step 2.1: For each layer order the block-clusters by
[2026-01-20 13:52:05,802] INFO spindle_dev.index: Not implemented: ordering block-clusters ? How to order them?
[2026-01-20 13:52:05,802] INFO spindle_dev.index: We will use triangle inequality to order clusters.
[2026-01-20 13:52:05,802] INFO spindle_dev.index: Step 2.2: Connect block-clusters between layers based on co-occurrence in SPDs.
[2026-01-20 13:52:05,804] INFO spindle_dev.index: Check if node global_node_id matches index in nodes list
[2026-01-20 13:52:05,804] INFO spindle_dev.index: Step 2.3: Ordering block-clusters within each layer using log-Euclidean distances.
[2026-01-20 13:52:06,361] INFO spindle_dev.test: Built ground-truth paths for 760 SPDs in cluster 0 across 22 blocks.
[2026-01-20 13:52:06,624] INFO spindle_dev.test: Built ground-truth paths for 515 SPDs in cluster 1 across 22 blocks.
[2026-01-20 13:52:06,820] INFO spindle_dev.test: Built ground-truth paths for 431 SPDs in cluster 2 across 23 blocks.
[2026-01-20 13:52:06,903] INFO spindle_dev.test: Built ground-truth paths for 260 SPDs in cluster 3 across 24 blocks.
[2026-01-20 13:52:06,931] INFO spindle_dev.test: Built ground-truth paths for 156 SPDs in cluster 4 across 19 blocks.
[2026-01-20 13:52:06,945] INFO spindle_dev.test: Built ground-truth paths for 66 SPDs in cluster 5 across 25 blocks.
Found 8 h5ad files

Processing: /data/sarkar_lab/insitupy_demo_data_xenium/xenium_human_skin_melanoma.h5ad
Experiment: xenium_human_skin_melanoma
Done with search - took 268.53s

Processing: /data/sarkar_lab/insitupy_demo_data_xenium/xenium_human_brain_cancer.h5ad
Experiment: xenium_human_brain_cancer
Done with search - took 645.26s

Processing: /data/sarkar_lab/insitupy_demo_data_xenium/xenium_human_kidney_nondiseased.h5ad
Experiment: xenium_human_kidney_nondiseased
Done with search - took 84.04s

Processing: /data/sarkar_lab/insitupy_demo_data_xenium/xenium_human_lung_cancer.h5ad
Experiment: xenium_human_lung_cancer
Done with search - took 234.92s

Processing: /data/sarkar_lab/insitupy_demo_data_xenium/xenium_human_lymph_node.h5ad
Experiment: xenium_human_lymph_node
Done with search - took 198.19s

Processing: /data/sarkar_lab/insitupy_demo_data_xenium/xenium_human_pancreatic_cancer.h5ad
Experiment: xenium_human_pancreatic_cancer
Done with search - took 180.28s

Processing: /data/sarkar_lab/insitupy_demo_data_xenium/xenium_human_breast_cancer.h5ad
Experiment: xenium_human_breast_cancer
Done with search - took 232.24s
Traceback (most recent call last):
  File "/panfs/accrepfs.vampire/data/sarkar_lab/Projects/spindle_dev/ISMB_notebook/run_cross_cluster_search.py", line 131, in <module>
    main()
  File "/panfs/accrepfs.vampire/data/sarkar_lab/Projects/spindle_dev/ISMB_notebook/run_cross_cluster_search.py", line 121, in main
    merged_df.to_csv(output_path, index=False)
  File "/panfs/accrepfs.vampire/home/sarkah1/miniforge3/envs/spatial/lib/python3.10/site-packages/pandas/util/_decorators.py", line 333, in wrapper
    return func(*args, **kwargs)
  File "/panfs/accrepfs.vampire/home/sarkah1/miniforge3/envs/spatial/lib/python3.10/site-packages/pandas/core/generic.py", line 3986, in to_csv
    return DataFrameRenderer(formatter).to_csv(
  File "/panfs/accrepfs.vampire/home/sarkah1/miniforge3/envs/spatial/lib/python3.10/site-packages/pandas/io/formats/format.py", line 1014, in to_csv
    csv_formatter.save()
  File "/panfs/accrepfs.vampire/home/sarkah1/miniforge3/envs/spatial/lib/python3.10/site-packages/pandas/io/formats/csvs.py", line 251, in save
    with get_handle(
  File "/panfs/accrepfs.vampire/home/sarkah1/miniforge3/envs/spatial/lib/python3.10/site-packages/pandas/io/common.py", line 873, in get_handle
    handle = open(
IsADirectoryError: [Errno 21] Is a directory: '/data/sarkar_lab/Projects/spindle_dev/results/'

Job completed at: Tue Jan 20 01:52:22 PM CST 2026
