query_idx,budget_multiplier,Dataset,spindle_time_ms,bf_time_ms,speedup,exact_best_dist,spindle_best_dist,spindle_best_rank,recall_at_eps_0.1,overlap_at_eps_0.1,recall_at_eps_0.25,overlap_at_eps_0.25,recall_at_eps_0.5,overlap_at_eps_0.5,recall_at_eps_1.0,overlap_at_eps_1.0,first_perfect_at
0,0.05,xenium_human_kidney_nondiseased,73.4651,9649.0644,132.41,55.0871,55.0871,1,1,0.75,1,0.625,1,0.4667,1,0.3333,
1,0.05,xenium_human_kidney_nondiseased,22.4385,9212.1722,412.63,70.8632,70.8632,1,1,1.0,1,1.0,1,0.5714,1,0.0658,
2,0.05,xenium_human_kidney_nondiseased,22.9666,9210.8738,401.06,69.3708,,-1,0,0.0,0,0.0,0,0.0,0,0.0,
3,0.05,xenium_human_kidney_nondiseased,25.597,9299.3172,364.0,67.621,72.0642,16,0,0.0,0,0.0,0,0.0,1,0.0294,
4,0.05,xenium_human_kidney_nondiseased,50.1456,9513.4775,191.09,54.4661,54.4661,1,1,1.0,1,0.2,1,0.0909,1,0.1731,
5,0.05,xenium_human_kidney_nondiseased,25.3629,9320.4576,368.28,65.486,68.9347,12,0,0.0,0,0.0,0,0.0,1,0.0323,
6,0.05,xenium_human_kidney_nondiseased,15.0961,9014.8858,597.17,78.8659,,-1,0,0.0,0,0.0,0,0.0,0,0.0,
7,0.05,xenium_human_kidney_nondiseased,28.3875,9528.3842,337.32,54.8858,56.5973,5,0,0.0,0,0.0,1,0.2667,1,0.2273,
8,0.05,xenium_human_kidney_nondiseased,34.1231,9379.7322,275.86,61.4796,63.8913,3,0,0.0,0,0.0,1,0.4,1,0.1379,
9,0.05,xenium_human_kidney_nondiseased,27.8461,9237.7128,332.3,70.2012,71.9852,12,0,0.0,0,0.0,1,0.0526,1,0.0265,
10,0.05,xenium_human_kidney_nondiseased,39.3441,9396.7065,239.79,60.0133,61.4552,2,0,0.0,1,0.5,1,0.2667,1,0.1324,
11,0.05,xenium_human_kidney_nondiseased,39.8985,9433.1031,236.78,62.8194,63.5136,3,0,0.0,1,0.2,1,0.1905,1,0.1084,
12,0.05,xenium_human_kidney_nondiseased,38.6718,9362.4422,242.97,58.7145,58.7145,1,1,0.5,1,0.4,1,0.3846,1,0.2537,
13,0.05,xenium_human_kidney_nondiseased,31.4395,9272.3168,295.86,62.9089,65.1008,2,0,0.0,0,0.0,1,0.2857,1,0.1132,
14,0.05,xenium_human_kidney_nondiseased,13.7396,8883.8626,646.59,88.7807,,-1,0,0.0,0,0.0,0,0.0,0,0.0,
15,0.05,xenium_human_kidney_nondiseased,31.0919,9578.8471,308.98,55.7185,57.719,3,0,0.0,0,0.0,1,0.25,1,0.2105,
16,0.05,xenium_human_kidney_nondiseased,22.6839,9364.4973,413.4,59.519,59.519,1,1,0.25,1,0.25,1,0.16,1,0.1064,
17,0.05,xenium_human_kidney_nondiseased,23.5083,9183.5275,390.91,66.2106,66.2994,3,1,0.25,1,0.2,1,0.125,1,0.0633,
18,0.05,xenium_human_kidney_nondiseased,20.9661,9219.7729,439.94,64.7085,67.6823,15,0,0.0,0,0.0,1,0.0588,1,0.023,
19,0.05,xenium_human_kidney_nondiseased,23.9004,9346.2457,391.27,66.2135,68.0303,8,0,0.0,0,0.0,1,0.0333,1,0.018,
20,0.05,xenium_human_kidney_nondiseased,18.0057,9169.7398,509.47,76.0854,79.9311,11,0,0.0,0,0.0,0,0.0,1,0.0164,
21,0.05,xenium_human_kidney_nondiseased,14.3751,8731.9509,607.44,94.8702,,-1,0,0.0,0,0.0,0,0.0,0,0.0,
22,0.05,xenium_human_kidney_nondiseased,16.9531,9330.4097,550.37,68.9536,,-1,0,0.0,0,0.0,0,0.0,0,0.0,
23,0.05,xenium_human_kidney_nondiseased,21.5994,9530.7641,441.8,60.3739,66.6917,11,0,0.0,0,0.0,0,0.0,1,0.0769,
24,0.05,xenium_human_kidney_nondiseased,24.4886,9439.0405,385.81,66.6259,69.9011,9,0,0.0,0,0.0,1,0.1,1,0.0556,
25,0.05,xenium_human_kidney_nondiseased,22.6916,9267.2427,408.55,68.4286,71.0185,4,0,0.0,0,0.0,1,0.125,1,0.0465,
26,0.05,xenium_human_kidney_nondiseased,16.0326,9055.5714,564.83,76.1431,,-1,0,0.0,0,0.0,0,0.0,0,0.0,
27,0.05,xenium_human_kidney_nondiseased,12.0549,9283.3168,770.09,72.2015,,-1,0,0.0,0,0.0,0,0.0,0,0.0,
28,0.05,xenium_human_kidney_nondiseased,33.8582,9204.8302,272.39,65.3109,65.3109,1,1,1.0,1,0.5,1,0.2857,1,0.0952,
29,0.05,xenium_human_kidney_nondiseased,36.7352,9314.9629,254.1,63.628,63.628,1,1,0.5,1,0.3846,1,0.3214,1,0.2258,
30,0.05,xenium_human_kidney_nondiseased,38.792,9339.2527,241.05,60.2231,61.8539,3,0,0.0,1,0.3333,1,0.125,1,0.2273,
31,0.05,xenium_human_kidney_nondiseased,15.186,9020.3941,593.99,77.7924,,-1,0,0.0,0,0.0,0,0.0,0,0.0,
32,0.05,xenium_human_kidney_nondiseased,38.5774,9674.7417,251.4,55.0263,56.8061,5,0,0.0,0,0.0,1,0.375,1,0.4444,
33,0.05,xenium_human_kidney_nondiseased,23.6853,9188.5018,388.05,71.4937,73.3193,6,0,0.0,0,0.0,1,0.0357,1,0.0069,
34,0.05,xenium_human_kidney_nondiseased,14.65,8844.171,603.7,90.5825,,-1,0,0.0,0,0.0,0,0.0,0,0.0,
35,0.05,xenium_human_kidney_nondiseased,41.2039,9283.1674,225.75,66.3804,66.4782,2,1,0.3333,1,0.2,1,0.1818,1,0.1311,
36,0.05,xenium_human_kidney_nondiseased,31.981,9165.8104,286.95,64.9728,64.9728,1,1,0.5,1,0.5,1,0.24,1,0.1321,
37,0.05,xenium_human_kidney_nondiseased,36.6925,9434.3702,257.73,54.4402,54.4402,1,1,0.5,1,0.6667,1,0.375,1,0.2105,
38,0.05,xenium_human_kidney_nondiseased,16.698,9048.8294,541.91,77.3585,,-1,0,0.0,0,0.0,0,0.0,0,0.0,
39,0.05,xenium_human_kidney_nondiseased,42.4321,9306.0102,219.85,58.4638,58.4638,1,1,1.0,1,1.0,1,0.4286,1,0.2917,
40,0.05,xenium_human_kidney_nondiseased,30.692,9347.8592,305.02,54.4683,54.8033,2,1,0.6667,1,0.6,1,0.4167,1,0.2619,
41,0.05,xenium_human_kidney_nondiseased,15.4516,9110.1991,589.59,81.3084,,-1,0,0.0,0,0.0,0,0.0,0,0.0,
42,0.05,xenium_human_kidney_nondiseased,26.7714,9269.2803,346.47,68.3466,74.1566,15,0,0.0,0,0.0,0,0.0,1,0.0741,
43,0.05,xenium_human_kidney_nondiseased,15.8015,9022.5166,570.99,81.6526,,-1,0,0.0,0,0.0,0,0.0,0,0.0,
44,0.05,xenium_human_kidney_nondiseased,13.1504,8933.8107,679.36,86.1595,,-1,0,0.0,0,0.0,0,0.0,0,0.0,
45,0.05,xenium_human_kidney_nondiseased,35.3355,9382.5023,265.87,58.4664,60.2082,3,0,0.0,0,0.0,1,0.1765,1,0.1356,
46,0.05,xenium_human_kidney_nondiseased,32.8516,9233.0504,281.24,71.5535,75.3657,25,0,0.0,0,0.0,0,0.0,1,0.0435,
47,0.05,xenium_human_kidney_nondiseased,22.6568,9348.089,412.76,60.1915,60.1915,1,1,1.0,1,1.0,1,0.5,1,0.1429,
48,0.05,xenium_human_kidney_nondiseased,16.4135,9234.2862,562.6,76.8102,,-1,0,0.0,0,0.0,0,0.0,0,0.0,
49,0.05,xenium_human_kidney_nondiseased,22.3395,9264.4712,415.51,69.7665,78.2501,142,0,0.0,0,0.0,0,0.0,0,0.0,
50,0.05,xenium_human_kidney_nondiseased,20.669,9259.7097,448.24,68.1069,68.1069,1,1,0.5,1,0.2857,1,0.1176,1,0.0455,
51,0.05,xenium_human_kidney_nondiseased,27.6726,9212.4966,333.16,64.6732,68.3286,5,0,0.0,0,0.0,0,0.0,1,0.0926,
52,0.05,xenium_human_kidney_nondiseased,43.2256,9341.0645,216.35,57.4321,60.1991,3,0,0.0,0,0.0,1,0.3333,1,0.4286,
53,0.05,xenium_human_kidney_nondiseased,33.5532,9307.3491,277.82,58.9097,61.3929,3,0,0.0,0,0.0,1,0.3333,1,0.1714,
54,0.05,xenium_human_kidney_nondiseased,29.765,9210.1751,309.65,66.8666,66.8666,1,1,1.0,1,1.0,1,0.5,1,0.1304,
55,0.05,xenium_human_kidney_nondiseased,23.4546,9291.5097,396.52,61.9982,64.2198,4,0,0.0,0,0.0,1,0.1,1,0.0357,
56,0.05,xenium_human_kidney_nondiseased,35.2528,9317.9845,264.54,61.0214,61.8053,2,0,0.0,1,0.5,1,0.2857,1,0.2439,
57,0.05,xenium_human_kidney_nondiseased,23.792,9228.0762,388.01,72.12,72.12,1,1,0.2,1,0.0909,1,0.0625,1,0.0192,
58,0.05,xenium_human_kidney_nondiseased,17.191,9249.5518,538.3,67.9544,71.0245,10,0,0.0,0,0.0,1,0.1429,1,0.029,
59,0.05,xenium_human_kidney_nondiseased,28.7296,9293.8917,323.63,64.3246,68.4291,6,0,0.0,0,0.0,0,0.0,1,0.1552,
60,0.05,xenium_human_kidney_nondiseased,14.8368,9013.5484,607.51,82.111,,-1,0,0.0,0,0.0,0,0.0,0,0.0,
61,0.05,xenium_human_kidney_nondiseased,39.4277,9229.189,234.47,62.7991,62.7991,1,1,1.0,1,0.5,1,0.3889,1,0.2237,
62,0.05,xenium_human_kidney_nondiseased,14.69,9039.3438,615.34,77.9745,,-1,0,0.0,0,0.0,0,0.0,0,0.0,
63,0.05,xenium_human_kidney_nondiseased,16.9229,9124.6256,539.19,78.1028,,-1,0,0.0,0,0.0,0,0.0,0,0.0,
64,0.05,xenium_human_kidney_nondiseased,13.2934,8797.3077,661.78,100.8298,,-1,0,0.0,0,0.0,0,0.0,0,0.0,
65,0.05,xenium_human_kidney_nondiseased,20.9402,9345.5234,446.64,65.2969,70.3777,35,0,0.0,0,0.0,0,0.0,1,0.027,
66,0.05,xenium_human_kidney_nondiseased,42.588,9417.3984,221.48,57.6253,58.6218,2,0,0.0,1,0.6667,1,0.7143,1,0.4359,
67,0.05,xenium_human_kidney_nondiseased,14.2787,8980.2821,628.93,83.9108,,-1,0,0.0,0,0.0,0,0.0,0,0.0,
68,0.05,xenium_human_kidney_nondiseased,38.843,9345.3281,240.88,56.79,56.79,1,1,1.0,1,1.0,1,1.0,1,0.5,
69,0.05,xenium_human_kidney_nondiseased,15.488,9052.065,584.46,81.0997,,-1,0,0.0,0,0.0,0,0.0,0,0.0,
70,0.05,xenium_human_kidney_nondiseased,18.9389,9189.9654,485.24,70.5892,,-1,0,0.0,0,0.0,0,0.0,0,0.0,
71,0.05,xenium_human_kidney_nondiseased,21.8358,9158.3956,419.69,65.7592,65.7592,1,1,0.5,1,0.3333,1,0.0769,1,0.0133,
72,0.05,xenium_human_kidney_nondiseased,45.5325,9356.1617,205.72,54.5407,54.5407,1,1,1.0,1,0.3333,1,0.4,1,0.4,
73,0.05,xenium_human_kidney_nondiseased,18.1544,9240.9392,509.19,71.5473,73.7027,5,0,0.0,0,0.0,1,0.1667,1,0.0303,
74,0.05,xenium_human_kidney_nondiseased,18.6691,9328.6896,500.0,69.5529,69.5529,1,1,1.0,1,0.5,1,0.1667,1,0.0385,
75,0.05,xenium_human_kidney_nondiseased,16.4699,9163.847,556.4,77.9849,,-1,0,0.0,0,0.0,0,0.0,0,0.0,
76,0.05,xenium_human_kidney_nondiseased,23.4357,9190.7495,392.56,65.9228,70.8005,12,0,0.0,0,0.0,0,0.0,1,0.0278,
77,0.05,xenium_human_kidney_nondiseased,14.7753,9078.0729,614.41,77.0108,,-1,0,0.0,0,0.0,0,0.0,0,0.0,
78,0.05,xenium_human_kidney_nondiseased,31.8882,9381.4521,294.56,55.8948,58.761,2,0,0.0,0,0.0,1,0.3333,1,0.2632,
79,0.05,xenium_human_kidney_nondiseased,14.4156,9243.822,641.24,73.8989,,-1,0,0.0,0,0.0,0,0.0,0,0.0,
80,0.05,xenium_human_kidney_nondiseased,26.2106,9300.5965,355.0,61.4775,64.0371,7,0,0.0,0,0.0,1,0.1111,1,0.08,
81,0.05,xenium_human_kidney_nondiseased,19.5464,9108.3774,465.99,70.616,,-1,0,0.0,0,0.0,0,0.0,0,0.0,
82,0.05,xenium_human_kidney_nondiseased,15.6896,9297.2202,593.16,67.1344,69.7602,11,0,0.0,0,0.0,1,0.0526,1,0.0423,
83,0.05,xenium_human_kidney_nondiseased,20.6369,9192.44,445.63,65.8154,69.7343,13,0,0.0,0,0.0,0,0.0,1,0.0161,
84,0.05,xenium_human_kidney_nondiseased,29.4703,9820.3715,333.45,42.4762,47.8844,5,0,0.0,0,0.0,0,0.0,1,0.2,
85,0.05,xenium_human_kidney_nondiseased,12.6237,8823.2867,698.95,95.6316,,-1,0,0.0,0,0.0,0,0.0,0,0.0,
86,0.05,xenium_human_kidney_nondiseased,40.3595,9313.3905,230.93,58.2252,58.2252,1,1,0.5,1,0.8,1,0.6667,1,0.1795,
87,0.05,xenium_human_kidney_nondiseased,9.705,9242.3446,952.33,73.5669,,-1,0,0.0,0,0.0,0,0.0,0,0.0,
88,0.05,xenium_human_kidney_nondiseased,18.6225,9160.0383,492.17,75.1401,77.002,27,0,0.0,0,0.0,1,0.0182,1,0.0047,
89,0.05,xenium_human_kidney_nondiseased,19.1537,9228.4542,481.81,68.341,,-1,0,0.0,0,0.0,0,0.0,0,0.0,
90,0.05,xenium_human_kidney_nondiseased,14.2061,9014.6343,634.56,83.912,,-1,0,0.0,0,0.0,0,0.0,0,0.0,
91,0.05,xenium_human_kidney_nondiseased,52.498,9463.8039,180.5,58.743,58.743,1,1,1.0,1,0.6667,1,0.5,1,0.2973,
92,0.05,xenium_human_kidney_nondiseased,21.1924,9281.0501,438.27,65.9585,69.9593,20,0,0.0,0,0.0,0,0.0,1,0.0385,
93,0.05,xenium_human_kidney_nondiseased,29.0899,9321.5739,320.57,62.1645,62.8849,3,0,0.0,1,0.5714,1,0.3846,1,0.2037,
94,0.05,xenium_human_kidney_nondiseased,16.6535,9178.519,551.15,71.1774,,-1,0,0.0,0,0.0,0,0.0,0,0.0,
95,0.05,xenium_human_kidney_nondiseased,25.9997,9404.0011,361.84,58.5677,60.1903,2,0,0.0,1,0.5,1,0.1875,1,0.1633,
96,0.05,xenium_human_kidney_nondiseased,21.154,9119.0822,431.08,74.2748,,-1,0,0.0,0,0.0,0,0.0,0,0.0,
97,0.05,xenium_human_kidney_nondiseased,16.9588,9116.7752,537.59,74.7465,,-1,0,0.0,0,0.0,0,0.0,0,0.0,
98,0.05,xenium_human_kidney_nondiseased,14.9976,8931.4615,595.53,85.218,,-1,0,0.0,0,0.0,0,0.0,0,0.0,
99,0.05,xenium_human_kidney_nondiseased,26.103,9203.3617,352.71,62.1326,67.6814,12,0,0.0,0,0.0,0,0.0,1,0.0952,
0,0.06,xenium_human_kidney_nondiseased,70.9614,9649.0644,136.66,55.0871,55.0871,1,1,0.75,1,0.625,1,0.4667,1,0.4333,
1,0.06,xenium_human_kidney_nondiseased,33.223,9212.1722,277.71,70.8632,70.8632,1,1,1.0,1,1.0,1,0.5714,1,0.0921,
2,0.06,xenium_human_kidney_nondiseased,34.5959,9210.8738,266.36,69.3708,72.0006,19,0,0.0,0,0.0,1,0.0667,1,0.0323,
3,0.06,xenium_human_kidney_nondiseased,47.6623,9299.3172,195.43,67.621,69.9183,2,0,0.0,0,0.0,1,0.3333,1,0.1912,
4,0.06,xenium_human_kidney_nondiseased,69.0182,9513.4775,138.37,54.4661,54.4661,1,1,1.0,1,0.4,1,0.1818,1,0.1923,
5,0.06,xenium_human_kidney_nondiseased,40.9658,9320.4576,227.83,65.486,66.4198,3,0,0.0,1,0.4,1,0.1818,1,0.129,
6,0.06,xenium_human_kidney_nondiseased,20.1251,9014.8858,447.94,78.8659,,-1,0,0.0,0,0.0,0,0.0,0,0.0,
7,0.06,xenium_human_kidney_nondiseased,46.6774,9528.3842,204.49,54.8858,54.8858,1,1,0.5,1,0.25,1,0.3333,1,0.3409,
8,0.06,xenium_human_kidney_nondiseased,53.7153,9379.7322,174.97,61.4796,63.8913,3,0,0.0,0,0.0,1,0.4,1,0.2414,
9,0.06,xenium_human_kidney_nondiseased,46.653,9237.7128,198.33,70.2012,71.9852,12,0,0.0,0,0.0,1,0.0789,1,0.0993,
10,0.06,xenium_human_kidney_nondiseased,63.4526,9396.7065,148.35,60.0133,61.4552,2,0,0.0,1,0.5,1,0.3333,1,0.2353,
11,0.06,xenium_human_kidney_nondiseased,67.4146,9433.1031,140.11,62.8194,63.5136,3,0,0.0,1,0.4,1,0.3333,1,0.253,
12,0.06,xenium_human_kidney_nondiseased,66.0411,9362.4422,141.94,58.7145,58.7145,1,1,1.0,1,0.6,1,0.5385,1,0.3881,
13,0.06,xenium_human_kidney_nondiseased,58.5276,9272.3168,158.62,62.9089,62.9089,1,1,1.0,1,1.0,1,0.5714,1,0.3396,
14,0.06,xenium_human_kidney_nondiseased,17.2579,8883.8626,514.77,88.7807,,-1,0,0.0,0,0.0,0,0.0,0,0.0,
15,0.06,xenium_human_kidney_nondiseased,53.9452,9578.8471,177.72,55.7185,57.719,3,0,0.0,0,0.0,1,0.25,1,0.2895,
16,0.06,xenium_human_kidney_nondiseased,40.542,9364.4973,231.15,59.519,59.519,1,1,0.25,1,0.375,1,0.24,1,0.1702,
17,0.06,xenium_human_kidney_nondiseased,47.3971,9183.5275,193.9,66.2106,66.2106,1,1,0.75,1,0.6,1,0.375,1,0.2278,
18,0.06,xenium_human_kidney_nondiseased,36.2309,9219.7729,254.57,64.7085,66.1804,6,0,0.0,1,0.1429,1,0.1176,1,0.092,
19,0.06,xenium_human_kidney_nondiseased,49.8837,9346.2457,187.59,66.2135,67.5026,5,0,0.0,1,0.3333,1,0.4,1,0.1892,
20,0.06,xenium_human_kidney_nondiseased,26.129,9169.7398,350.96,76.0854,79.9311,11,0,0.0,0,0.0,0,0.0,1,0.0164,
21,0.06,xenium_human_kidney_nondiseased,17.2151,8731.9509,507.23,94.8702,,-1,0,0.0,0,0.0,0,0.0,0,0.0,
22,0.06,xenium_human_kidney_nondiseased,24.3115,9330.4097,383.86,68.9536,74.9472,78,0,0.0,0,0.0,0,0.0,1,0.0095,
23,0.06,xenium_human_kidney_nondiseased,33.5571,9530.7641,284.07,60.3739,60.3739,1,1,0.5,1,0.6667,1,0.5,1,0.3077,
24,0.06,xenium_human_kidney_nondiseased,43.2992,9439.0405,218.08,66.6259,66.6259,1,1,0.5,1,0.3333,1,0.3,1,0.2222,
25,0.06,xenium_human_kidney_nondiseased,35.6534,9267.2427,259.98,68.4286,71.0185,4,0,0.0,0,0.0,1,0.125,1,0.1163,
26,0.06,xenium_human_kidney_nondiseased,20.1709,9055.5714,448.94,76.1431,,-1,0,0.0,0,0.0,0,0.0,0,0.0,
27,0.06,xenium_human_kidney_nondiseased,17.3156,9283.3168,536.26,72.2015,76.8983,24,0,0.0,0,0.0,0,0.0,1,0.0192,
28,0.06,xenium_human_kidney_nondiseased,48.8212,9204.8302,188.59,65.3109,65.3109,1,1,1.0,1,0.5,1,0.4286,1,0.119,
29,0.06,xenium_human_kidney_nondiseased,58.9518,9314.9629,158.19,63.628,63.628,1,1,0.5,1,0.4615,1,0.4286,1,0.3441,
30,0.06,xenium_human_kidney_nondiseased,68.7446,9339.2527,136.03,60.2231,61.8539,3,0,0.0,1,0.3333,1,0.375,1,0.4091,
31,0.06,xenium_human_kidney_nondiseased,19.8468,9020.3941,454.5,77.7924,,-1,0,0.0,0,0.0,0,0.0,0,0.0,
32,0.06,xenium_human_kidney_nondiseased,59.2032,9674.7417,163.55,55.0263,56.8061,5,0,0.0,0,0.0,1,0.375,1,0.5185,
33,0.06,xenium_human_kidney_nondiseased,37.2634,9188.5018,246.59,71.4937,71.4937,1,1,1.0,1,0.4,1,0.1786,1,0.0345,
34,0.06,xenium_human_kidney_nondiseased,18.234,8844.171,485.04,90.5825,,-1,0,0.0,0,0.0,0,0.0,0,0.0,
35,0.06,xenium_human_kidney_nondiseased,61.9078,9283.1674,149.96,66.3804,66.4782,2,1,0.3333,1,0.3,1,0.2727,1,0.2213,
36,0.06,xenium_human_kidney_nondiseased,56.6711,9165.8104,161.8,64.9728,64.9728,1,1,0.5,1,0.5,1,0.44,1,0.283,
37,0.06,xenium_human_kidney_nondiseased,60.3715,9434.3702,156.3,54.4402,54.4402,1,1,0.5,1,0.6667,1,0.625,1,0.3684,
38,0.06,xenium_human_kidney_nondiseased,21.5908,9048.8294,419.1,77.3585,,-1,0,0.0,0,0.0,0,0.0,0,0.0,
39,0.06,xenium_human_kidney_nondiseased,71.05,9306.0102,130.95,58.4638,58.4638,1,1,1.0,1,1.0,1,0.5714,1,0.3958,
40,0.06,xenium_human_kidney_nondiseased,48.631,9347.8592,192.26,54.4683,54.8033,2,1,0.6667,1,0.6,1,0.4167,1,0.3095,
41,0.06,xenium_human_kidney_nondiseased,20.8832,9110.1991,436.25,81.3084,,-1,0,0.0,0,0.0,0,0.0,0,0.0,
42,0.06,xenium_human_kidney_nondiseased,41.4161,9269.2803,223.78,68.3466,73.9112,12,0,0.0,0,0.0,0,0.0,1,0.1852,
43,0.06,xenium_human_kidney_nondiseased,21.3113,9022.5166,423.37,81.6526,,-1,0,0.0,0,0.0,0,0.0,0,0.0,
44,0.06,xenium_human_kidney_nondiseased,17.1179,8933.8107,521.9,86.1595,,-1,0,0.0,0,0.0,0,0.0,0,0.0,
45,0.06,xenium_human_kidney_nondiseased,56.427,9382.5023,166.3,58.4664,60.2082,3,0,0.0,0,0.0,1,0.2353,1,0.2203,
46,0.06,xenium_human_kidney_nondiseased,52.0414,9233.0504,177.41,71.5535,71.7457,2,1,0.5,1,0.5,1,0.2778,1,0.1565,
47,0.06,xenium_human_kidney_nondiseased,33.9453,9348.089,275.34,60.1915,60.1915,1,1,1.0,1,1.0,1,0.5,1,0.1429,
48,0.06,xenium_human_kidney_nondiseased,23.1443,9234.2862,398.99,76.8102,,-1,0,0.0,0,0.0,0,0.0,0,0.0,
49,0.06,xenium_human_kidney_nondiseased,36.0323,9264.4712,257.25,69.7665,73.0706,11,0,0.0,0,0.0,1,0.0909,1,0.0568,
50,0.06,xenium_human_kidney_nondiseased,36.5498,9259.7097,253.41,68.1069,68.1069,1,1,0.75,1,0.4286,1,0.2941,1,0.1136,
51,0.06,xenium_human_kidney_nondiseased,46.5715,9212.4966,197.92,64.6732,68.2968,4,0,0.0,0,0.0,0,0.0,1,0.2222,
52,0.06,xenium_human_kidney_nondiseased,67.7111,9341.0645,138.02,57.4321,60.1991,3,0,0.0,0,0.0,1,0.5,1,0.4643,
53,0.06,xenium_human_kidney_nondiseased,56.1032,9307.3491,165.97,58.9097,58.9097,1,1,1.0,1,1.0,1,0.5,1,0.3714,
54,0.06,xenium_human_kidney_nondiseased,47.7934,9210.1751,192.75,66.8666,66.8666,1,1,1.0,1,1.0,1,0.5,1,0.3043,
55,0.06,xenium_human_kidney_nondiseased,36.8163,9291.5097,252.43,61.9982,64.2198,4,0,0.0,0,0.0,1,0.2,1,0.0536,
56,0.06,xenium_human_kidney_nondiseased,57.2899,9317.9845,162.68,61.0214,61.8053,2,0,0.0,1,0.5,1,0.2857,1,0.3171,
57,0.06,xenium_human_kidney_nondiseased,35.3782,9228.0762,260.84,72.12,72.12,1,1,0.4,1,0.1818,1,0.1562,1,0.0577,
58,0.06,xenium_human_kidney_nondiseased,30.6076,9249.5518,302.23,67.9544,68.3745,3,1,0.3333,1,0.2,1,0.2143,1,0.087,
59,0.06,xenium_human_kidney_nondiseased,46.6501,9293.8917,199.25,64.3246,64.3246,1,1,1.0,1,0.5,1,0.3333,1,0.2069,
60,0.06,xenium_human_kidney_nondiseased,19.6163,9013.5484,459.49,82.111,,-1,0,0.0,0,0.0,0,0.0,0,0.0,
61,0.06,xenium_human_kidney_nondiseased,63.6816,9229.189,144.99,62.7991,62.7991,1,1,1.0,1,0.5,1,0.4444,1,0.3026,
62,0.06,xenium_human_kidney_nondiseased,19.2328,9039.3438,470.0,77.9745,,-1,0,0.0,0,0.0,0,0.0,0,0.0,
63,0.06,xenium_human_kidney_nondiseased,22.2355,9124.6256,410.36,78.1028,,-1,0,0.0,0,0.0,0,0.0,0,0.0,
64,0.06,xenium_human_kidney_nondiseased,16.2091,8797.3077,542.74,100.8298,,-1,0,0.0,0,0.0,0,0.0,0,0.0,
65,0.06,xenium_human_kidney_nondiseased,40.7084,9345.5234,229.71,65.2969,67.8388,6,0,0.0,0,0.0,1,0.25,1,0.1351,
66,0.06,xenium_human_kidney_nondiseased,64.8754,9417.3984,145.22,57.6253,58.6218,2,0,0.0,1,0.6667,1,0.7143,1,0.4872,
67,0.06,xenium_human_kidney_nondiseased,18.6188,8980.2821,482.32,83.9108,,-1,0,0.0,0,0.0,0,0.0,0,0.0,
68,0.06,xenium_human_kidney_nondiseased,58.9237,9345.3281,158.69,56.79,56.79,1,1,1.0,1,1.0,1,1.0,1,0.5,
69,0.06,xenium_human_kidney_nondiseased,20.0759,9052.065,450.89,81.0997,,-1,0,0.0,0,0.0,0,0.0,0,0.0,
70,0.06,xenium_human_kidney_nondiseased,31.9817,9189.9654,287.42,70.5892,71.59,4,0,0.0,1,0.2857,1,0.1176,1,0.036,
71,0.06,xenium_human_kidney_nondiseased,39.7,9158.3956,230.71,65.7592,65.7592,1,1,1.0,1,0.6667,1,0.1538,1,0.0933,
72,0.06,xenium_human_kidney_nondiseased,85.6673,9356.1617,109.25,54.5407,54.5407,1,1,1.0,1,0.3333,1,0.4,1,0.525,
73,0.06,xenium_human_kidney_nondiseased,29.9335,9240.9392,308.67,71.5473,73.7027,5,0,0.0,0,0.0,1,0.25,1,0.0606,
74,0.06,xenium_human_kidney_nondiseased,30.4929,9328.6896,305.87,69.5529,69.5529,1,1,1.0,1,0.5,1,0.1667,1,0.1154,
75,0.06,xenium_human_kidney_nondiseased,24.1316,9163.847,379.74,77.9849,,-1,0,0.0,0,0.0,0,0.0,0,0.0,
76,0.06,xenium_human_kidney_nondiseased,38.8751,9190.7495,236.43,65.9228,67.2995,2,0,0.0,1,0.5,1,0.1667,1,0.1667,
77,0.06,xenium_human_kidney_nondiseased,21.5591,9078.0729,421.15,77.0108,79.3375,11,0,0.0,0,0.0,1,0.037,1,0.0081,
78,0.06,xenium_human_kidney_nondiseased,48.0735,9381.4521,195.17,55.8948,58.761,2,0,0.0,0,0.0,1,0.3333,1,0.3158,
79,0.06,xenium_human_kidney_nondiseased,20.9558,9243.822,441.17,73.8989,76.0707,8,0,0.0,0,0.0,1,0.0476,1,0.0182,
80,0.06,xenium_human_kidney_nondiseased,46.0525,9300.5965,201.96,61.4775,61.4775,1,1,1.0,1,0.6667,1,0.5556,1,0.24,
81,0.06,xenium_human_kidney_nondiseased,33.8295,9108.3774,269.31,70.616,75.2191,10,0,0.0,0,0.0,0,0.0,1,0.0476,
82,0.06,xenium_human_kidney_nondiseased,23.0195,9297.2202,403.94,67.1344,69.7602,11,0,0.0,0,0.0,1,0.0526,1,0.0563,
83,0.06,xenium_human_kidney_nondiseased,34.0758,9192.44,269.76,65.8154,68.9619,7,0,0.0,0,0.0,1,0.1111,1,0.0323,
84,0.06,xenium_human_kidney_nondiseased,46.1268,9820.3715,212.87,42.4762,47.8844,5,0,0.0,0,0.0,0,0.0,1,0.2,
85,0.06,xenium_human_kidney_nondiseased,16.1084,8823.2867,547.74,95.6316,,-1,0,0.0,0,0.0,0,0.0,0,0.0,
86,0.06,xenium_human_kidney_nondiseased,70.1741,9313.3905,132.76,58.2252,58.2252,1,1,0.5,1,0.8,1,0.6667,1,0.3077,
87,0.06,xenium_human_kidney_nondiseased,13.624,9242.3446,678.39,73.5669,,-1,0,0.0,0,0.0,0,0.0,0,0.0,
88,0.06,xenium_human_kidney_nondiseased,22.8203,9160.0383,401.4,75.1401,77.002,27,0,0.0,0,0.0,1,0.0182,1,0.0047,
89,0.06,xenium_human_kidney_nondiseased,31.6872,9228.4542,291.29,68.341,72.9816,18,0,0.0,0,0.0,0,0.0,1,0.0317,
90,0.06,xenium_human_kidney_nondiseased,18.6201,9014.6343,484.13,83.912,,-1,0,0.0,0,0.0,0,0.0,0,0.0,
91,0.06,xenium_human_kidney_nondiseased,81.8736,9463.8039,115.59,58.743,58.743,1,1,1.0,1,0.6667,1,0.75,1,0.3514,
92,0.06,xenium_human_kidney_nondiseased,39.2831,9281.0501,236.23,65.9585,67.3494,4,0,0.0,1,0.2,1,0.0769,1,0.1795,
93,0.06,xenium_human_kidney_nondiseased,47.1492,9321.5739,197.68,62.1645,62.8849,3,0,0.0,1,0.5714,1,0.4615,1,0.2778,
94,0.06,xenium_human_kidney_nondiseased,26.1191,9178.519,351.43,71.1774,73.1137,3,0,0.0,0,0.0,1,0.0909,1,0.0241,
95,0.06,xenium_human_kidney_nondiseased,43.427,9404.0011,216.52,58.5677,58.5677,1,1,1.0,1,1.0,1,0.375,1,0.2653,
96,0.06,xenium_human_kidney_nondiseased,31.8474,9119.0822,286.38,74.2748,78.2197,29,0,0.0,0,0.0,0,0.0,1,0.033,
97,0.06,xenium_human_kidney_nondiseased,25.478,9116.7752,357.88,74.7465,78.3077,4,0,0.0,0,0.0,0,0.0,1,0.087,
98,0.06,xenium_human_kidney_nondiseased,19.2206,8931.4615,464.68,85.218,,-1,0,0.0,0,0.0,0,0.0,0,0.0,
99,0.06,xenium_human_kidney_nondiseased,45.3677,9203.3617,202.89,62.1326,65.8616,3,0,0.0,0,0.0,0,0.0,1,0.4286,
0,0.07,xenium_human_kidney_nondiseased,103.6248,9649.0644,93.53,55.0871,55.0871,1,1,0.75,1,0.625,1,0.5333,1,0.5167,
1,0.07,xenium_human_kidney_nondiseased,50.8936,9212.1722,181.31,70.8632,70.8632,1,1,1.0,1,1.0,1,0.5714,1,0.1579,
2,0.07,xenium_human_kidney_nondiseased,54.6613,9210.8738,168.65,69.3708,70.0805,5,0,0.0,1,0.1,1,0.1667,1,0.071,
3,0.07,xenium_human_kidney_nondiseased,71.5923,9299.3172,130.13,67.621,69.9183,2,0,0.0,0,0.0,1,0.3333,1,0.3235,
4,0.07,xenium_human_kidney_nondiseased,98.8615,9513.4775,96.53,54.4661,54.4661,1,1,1.0,1,0.4,1,0.1818,1,0.2308,
5,0.07,xenium_human_kidney_nondiseased,67.2388,9320.4576,138.81,65.486,66.4198,3,0,0.0,1,0.4,1,0.3636,1,0.2742,
6,0.07,xenium_human_kidney_nondiseased,26.0405,9014.8858,346.19,78.8659,,-1,0,0.0,0,0.0,0,0.0,0,0.0,
7,0.07,xenium_human_kidney_nondiseased,68.5496,9528.3842,139.25,54.8858,54.8858,1,1,0.5,1,0.25,1,0.3333,1,0.3864,
8,0.07,xenium_human_kidney_nondiseased,86.8276,9379.7322,108.23,61.4796,63.8913,3,0,0.0,0,0.0,1,0.4,1,0.4138,
9,0.07,xenium_human_kidney_nondiseased,74.2557,9237.7128,124.57,70.2012,70.6291,4,1,0.1667,1,0.1818,1,0.2105,1,0.1987,
10,0.07,xenium_human_kidney_nondiseased,106.2001,9396.7065,88.62,60.0133,61.4552,2,0,0.0,1,0.5,1,0.4667,1,0.4265,
11,0.07,xenium_human_kidney_nondiseased,88.6537,9433.1031,106.49,62.8194,63.5136,3,0,0.0,1,0.4,1,0.381,1,0.3012,
12,0.07,xenium_human_kidney_nondiseased,94.3729,9362.4422,99.3,58.7145,58.7145,1,1,1.0,1,0.6,1,0.5385,1,0.4776,
13,0.07,xenium_human_kidney_nondiseased,95.8338,9272.3168,96.84,62.9089,62.9089,1,1,1.0,1,1.0,1,0.5714,1,0.5472,
14,0.07,xenium_human_kidney_nondiseased,20.4197,8883.8626,435.06,88.7807,,-1,0,0.0,0,0.0,0,0.0,0,0.0,
15,0.07,xenium_human_kidney_nondiseased,77.9097,9578.8471,123.06,55.7185,57.719,3,0,0.0,0,0.0,1,0.5,1,0.3684,
16,0.07,xenium_human_kidney_nondiseased,64.1651,9364.4973,146.02,59.519,59.519,1,1,0.5,1,0.625,1,0.48,1,0.266,
17,0.07,xenium_human_kidney_nondiseased,72.9985,9183.5275,125.88,66.2106,66.2106,1,1,0.75,1,0.8,1,0.5625,1,0.3418,
18,0.07,xenium_human_kidney_nondiseased,70.6746,9219.7729,130.5,64.7085,65.4493,4,0,0.0,1,0.4286,1,0.3529,1,0.2874,
19,0.07,xenium_human_kidney_nondiseased,83.4766,9346.2457,112.03,66.2135,67.5026,5,0,0.0,1,0.3333,1,0.4667,1,0.3333,
20,0.07,xenium_human_kidney_nondiseased,36.6081,9169.7398,250.49,76.0854,79.9311,11,0,0.0,0,0.0,0,0.0,1,0.0328,
21,0.07,xenium_human_kidney_nondiseased,20.014,8731.9509,436.29,94.8702,,-1,0,0.0,0,0.0,0,0.0,0,0.0,
22,0.07,xenium_human_kidney_nondiseased,42.9694,9330.4097,217.22,68.9536,70.7214,11,0,0.0,0,0.0,1,0.1429,1,0.1333,
23,0.07,xenium_human_kidney_nondiseased,46.7174,9530.7641,204.07,60.3739,60.3739,1,1,0.5,1,0.6667,1,0.5,1,0.4615,
24,0.07,xenium_human_kidney_nondiseased,67.3998,9439.0405,140.1,66.6259,66.6259,1,1,0.5,1,0.3333,1,0.3,1,0.2963,
25,0.07,xenium_human_kidney_nondiseased,58.163,9267.2427,159.36,68.4286,71.0185,4,0,0.0,0,0.0,1,0.125,1,0.1395,
26,0.07,xenium_human_kidney_nondiseased,24.2409,9055.5714,373.57,76.1431,,-1,0,0.0,0,0.0,0,0.0,0,0.0,
27,0.07,xenium_human_kidney_nondiseased,26.4959,9283.3168,350.38,72.2015,76.8983,24,0,0.0,0,0.0,0,0.0,1,0.0192,
28,0.07,xenium_human_kidney_nondiseased,76.3345,9204.8302,120.64,65.3109,65.3109,1,1,1.0,1,0.5,1,0.4286,1,0.2857,
29,0.07,xenium_human_kidney_nondiseased,81.6974,9314.9629,114.05,63.628,63.628,1,1,0.5,1,0.5385,1,0.4643,1,0.3871,
30,0.07,xenium_human_kidney_nondiseased,96.5748,9339.2527,96.75,60.2231,61.8539,3,0,0.0,1,0.3333,1,0.375,1,0.4773,
31,0.07,xenium_human_kidney_nondiseased,24.7764,9020.3941,364.07,77.7924,,-1,0,0.0,0,0.0,0,0.0,0,0.0,
32,0.07,xenium_human_kidney_nondiseased,83.55,9674.7417,115.84,55.0263,55.3696,2,1,0.5,1,0.25,1,0.5,1,0.5926,
33,0.07,xenium_human_kidney_nondiseased,53.8495,9188.5018,170.64,71.4937,71.4937,1,1,1.0,1,0.4,1,0.2143,1,0.0621,
34,0.07,xenium_human_kidney_nondiseased,21.239,8844.171,416.41,90.5825,,-1,0,0.0,0,0.0,0,0.0,0,0.0,
35,0.07,xenium_human_kidney_nondiseased,91.7843,9283.1674,101.18,66.3804,66.4782,2,1,0.3333,1,0.5,1,0.3636,1,0.3689,
36,0.07,xenium_human_kidney_nondiseased,89.6225,9165.8104,102.3,64.9728,64.9728,1,1,1.0,1,0.625,1,0.6,1,0.4245,
37,0.07,xenium_human_kidney_nondiseased,81.3486,9434.3702,116.02,54.4402,54.4402,1,1,0.5,1,0.6667,1,0.625,1,0.3684,
38,0.07,xenium_human_kidney_nondiseased,26.6526,9048.8294,339.51,77.3585,,-1,0,0.0,0,0.0,0,0.0,0,0.0,
39,0.07,xenium_human_kidney_nondiseased,109.0395,9306.0102,85.38,58.4638,58.4638,1,1,1.0,1,1.0,1,0.5714,1,0.5208,
40,0.07,xenium_human_kidney_nondiseased,66.2008,9347.8592,141.21,54.4683,54.4683,1,1,1.0,1,0.8,1,0.5,1,0.3571,
41,0.07,xenium_human_kidney_nondiseased,28.6104,9110.1991,318.42,81.3084,,-1,0,0.0,0,0.0,0,0.0,0,0.0,
42,0.07,xenium_human_kidney_nondiseased,58.9386,9269.2803,157.26,68.3466,71.092,3,0,0.0,0,0.0,1,0.2,1,0.2963,
43,0.07,xenium_human_kidney_nondiseased,26.6896,9022.5166,338.05,81.6526,,-1,0,0.0,0,0.0,0,0.0,0,0.0,
44,0.07,xenium_human_kidney_nondiseased,20.6304,8933.8107,433.04,86.1595,,-1,0,0.0,0,0.0,0,0.0,0,0.0,
45,0.07,xenium_human_kidney_nondiseased,88.3441,9382.5023,106.23,58.4664,60.2082,3,0,0.0,0,0.0,1,0.3529,1,0.3559,
46,0.07,xenium_human_kidney_nondiseased,73.5334,9233.0504,125.59,71.5535,71.7457,2,1,0.5,1,0.5,1,0.5,1,0.2957,
47,0.07,xenium_human_kidney_nondiseased,51.2472,9348.089,182.4,60.1915,60.1915,1,1,1.0,1,1.0,1,0.5,1,0.2857,
48,0.07,xenium_human_kidney_nondiseased,30.9521,9234.2862,298.38,76.8102,80.9323,33,0,0.0,0,0.0,0,0.0,1,0.0103,
49,0.07,xenium_human_kidney_nondiseased,60.388,9264.4712,153.42,69.7665,72.303,6,0,0.0,0,0.0,1,0.2727,1,0.25,
50,0.07,xenium_human_kidney_nondiseased,59.1501,9259.7097,156.55,68.1069,68.1069,1,1,1.0,1,0.5714,1,0.4118,1,0.2159,
51,0.07,xenium_human_kidney_nondiseased,71.6191,9212.4966,128.69,64.6732,68.2968,4,0,0.0,0,0.0,0,0.0,1,0.3704,
52,0.07,xenium_human_kidney_nondiseased,94.6352,9341.0645,98.72,57.4321,57.4778,2,1,0.5,1,0.5,1,0.6667,1,0.5714,
53,0.07,xenium_human_kidney_nondiseased,77.6293,9307.3491,119.91,58.9097,58.9097,1,1,1.0,1,1.0,1,0.8333,1,0.4286,
54,0.07,xenium_human_kidney_nondiseased,64.1426,9210.1751,143.61,66.8666,66.8666,1,1,1.0,1,1.0,1,0.5,1,0.3913,
55,0.07,xenium_human_kidney_nondiseased,61.5567,9291.5097,150.96,61.9982,61.9982,1,1,1.0,1,1.0,1,0.3,1,0.1607,
56,0.07,xenium_human_kidney_nondiseased,81.4194,9317.9845,114.48,61.0214,61.8053,2,0,0.0,1,0.5,1,0.2857,1,0.3902,
57,0.07,xenium_human_kidney_nondiseased,51.7425,9228.0762,178.34,72.12,72.12,1,1,0.4,1,0.1818,1,0.1562,1,0.1282,
58,0.07,xenium_human_kidney_nondiseased,50.3354,9249.5518,183.77,67.9544,67.9544,1,1,0.6667,1,0.8,1,0.5,1,0.2899,
59,0.07,xenium_human_kidney_nondiseased,69.3036,9293.8917,134.15,64.3246,64.3246,1,1,1.0,1,1.0,1,0.6667,1,0.3448,
60,0.07,xenium_human_kidney_nondiseased,25.337,9013.5484,355.75,82.111,,-1,0,0.0,0,0.0,0,0.0,0,0.0,
61,0.07,xenium_human_kidney_nondiseased,87.9483,9229.189,105.0,62.7991,62.7991,1,1,1.0,1,0.5,1,0.5,1,0.3947,
62,0.07,xenium_human_kidney_nondiseased,23.2623,9039.3438,388.58,77.9745,,-1,0,0.0,0,0.0,0,0.0,0,0.0,
63,0.07,xenium_human_kidney_nondiseased,28.1301,9124.6256,324.37,78.1028,,-1,0,0.0,0,0.0,0,0.0,0,0.0,
64,0.07,xenium_human_kidney_nondiseased,19.19,8797.3077,458.43,100.8298,,-1,0,0.0,0,0.0,0,0.0,0,0.0,
65,0.07,xenium_human_kidney_nondiseased,62.2985,9345.5234,150.04,65.2969,67.8388,6,0,0.0,0,0.0,1,0.25,1,0.2703,
66,0.07,xenium_human_kidney_nondiseased,98.0751,9417.3984,96.07,57.6253,58.6218,2,0,0.0,1,0.6667,1,0.7143,1,0.5641,
67,0.07,xenium_human_kidney_nondiseased,23.318,8980.2821,385.12,83.9108,,-1,0,0.0,0,0.0,0,0.0,0,0.0,
68,0.07,xenium_human_kidney_nondiseased,85.1901,9345.3281,109.74,56.79,56.79,1,1,1.0,1,1.0,1,1.0,1,0.5,
69,0.07,xenium_human_kidney_nondiseased,24.5706,9052.065,368.41,81.0997,,-1,0,0.0,0,0.0,0,0.0,0,0.0,
70,0.07,xenium_human_kidney_nondiseased,51.0464,9189.9654,180.04,70.5892,71.59,4,0,0.0,1,0.4286,1,0.2941,1,0.0991,
71,0.07,xenium_human_kidney_nondiseased,64.3731,9158.3956,142.31,65.7592,65.7592,1,1,1.0,1,0.6667,1,0.3846,1,0.24,
72,0.07,xenium_human_kidney_nondiseased,122.8309,9356.1617,76.21,54.5407,54.5407,1,1,1.0,1,0.3333,1,0.6,1,0.65,
73,0.07,xenium_human_kidney_nondiseased,41.9826,9240.9392,220.13,71.5473,73.7027,5,0,0.0,0,0.0,1,0.25,1,0.1515,
74,0.07,xenium_human_kidney_nondiseased,47.3352,9328.6896,197.09,69.5529,69.5529,1,1,1.0,1,0.5,1,0.3333,1,0.2308,
75,0.07,xenium_human_kidney_nondiseased,34.1864,9163.847,268.04,77.9849,84.6399,117,0,0.0,0,0.0,0,0.0,1,0.0082,
76,0.07,xenium_human_kidney_nondiseased,66.231,9190.7495,138.83,65.9228,67.2995,2,0,0.0,1,0.5,1,0.3333,1,0.3056,
77,0.07,xenium_human_kidney_nondiseased,30.0998,9078.0729,301.61,77.0108,79.3375,11,0,0.0,0,0.0,1,0.0741,1,0.0242,
78,0.07,xenium_human_kidney_nondiseased,74.5376,9381.4521,125.92,55.8948,58.761,2,0,0.0,0,0.0,1,0.3333,1,0.3684,
79,0.07,xenium_human_kidney_nondiseased,30.779,9243.822,300.35,73.8989,75.6456,5,0,0.0,0,0.0,1,0.0952,1,0.0455,
80,0.07,xenium_human_kidney_nondiseased,75.1224,9300.5965,123.83,61.4775,61.4775,1,1,1.0,1,0.6667,1,0.7778,1,0.44,
81,0.07,xenium_human_kidney_nondiseased,51.0275,9108.3774,178.53,70.616,74.9914,8,0,0.0,0,0.0,0,0.0,1,0.119,
82,0.07,xenium_human_kidney_nondiseased,38.6171,9297.2202,240.77,67.1344,68.1422,4,0,0.0,1,0.2222,1,0.2105,1,0.1268,
83,0.07,xenium_human_kidney_nondiseased,57.0957,9192.44,161.01,65.8154,68.9619,7,0,0.0,0,0.0,1,0.1111,1,0.1613,
84,0.07,xenium_human_kidney_nondiseased,61.7807,9820.3715,158.97,42.4762,47.8844,5,0,0.0,0,0.0,0,0.0,1,0.2,
85,0.07,xenium_human_kidney_nondiseased,18.8346,8823.2867,468.46,95.6316,,-1,0,0.0,0,0.0,0,0.0,0,0.0,
86,0.07,xenium_human_kidney_nondiseased,103.3549,9313.3905,90.12,58.2252,58.2252,1,1,1.0,1,1.0,1,0.8333,1,0.4103,
87,0.07,xenium_human_kidney_nondiseased,18.4128,9242.3446,501.95,73.5669,,-1,0,0.0,0,0.0,0,0.0,0,0.0,
88,0.07,xenium_human_kidney_nondiseased,29.4925,9160.0383,310.56,75.1401,75.8073,8,1,0.125,1,0.0417,1,0.0364,1,0.0142,
89,0.07,xenium_human_kidney_nondiseased,52.0788,9228.4542,177.23,68.341,68.341,1,1,1.0,1,0.3333,1,0.125,1,0.0952,
90,0.07,xenium_human_kidney_nondiseased,24.0325,9014.6343,375.1,83.912,,-1,0,0.0,0,0.0,0,0.0,0,0.0,
91,0.07,xenium_human_kidney_nondiseased,115.6125,9463.8039,81.87,58.743,58.743,1,1,1.0,1,1.0,1,1.0,1,0.4865,
92,0.07,xenium_human_kidney_nondiseased,61.7887,9281.0501,150.2,65.9585,66.7911,2,0,0.0,1,0.4,1,0.1538,1,0.2821,
93,0.07,xenium_human_kidney_nondiseased,78.2519,9321.5739,119.15,62.1645,62.1645,1,1,0.5,1,0.7143,1,0.5385,1,0.4815,
94,0.07,xenium_human_kidney_nondiseased,41.9868,9178.519,218.65,71.1774,73.1137,3,0,0.0,0,0.0,1,0.1818,1,0.0843,
95,0.07,xenium_human_kidney_nondiseased,64.5857,9404.0011,145.61,58.5677,58.5677,1,1,1.0,1,1.0,1,0.4375,1,0.3469,
96,0.07,xenium_human_kidney_nondiseased,44.7394,9119.0822,203.83,74.2748,74.2748,1,1,0.25,1,0.1667,1,0.15,1,0.0879,
97,0.07,xenium_human_kidney_nondiseased,36.4865,9116.7752,249.85,74.7465,78.3077,4,0,0.0,0,0.0,0,0.0,1,0.2174,
98,0.07,xenium_human_kidney_nondiseased,23.3308,8931.4615,382.82,85.218,,-1,0,0.0,0,0.0,0,0.0,0,0.0,
99,0.07,xenium_human_kidney_nondiseased,66.7222,9203.3617,137.98,62.1326,65.1405,2,0,0.0,0,0.0,1,0.5,1,0.5714,
0,0.08,xenium_human_kidney_nondiseased,132.7103,9649.0644,73.21,55.0871,55.0871,1,1,0.75,1,0.625,1,0.5333,1,0.5333,
1,0.08,xenium_human_kidney_nondiseased,76.5231,9212.1722,120.84,70.8632,70.8632,1,1,1.0,1,1.0,1,0.7143,1,0.3158,
2,0.08,xenium_human_kidney_nondiseased,82.0718,9210.8738,112.42,69.3708,69.7678,3,1,0.3333,1,0.5,1,0.3,1,0.1871,
3,0.08,xenium_human_kidney_nondiseased,102.955,9299.3172,90.55,67.621,69.9183,2,0,0.0,0,0.0,1,0.3333,1,0.3824,
4,0.08,xenium_human_kidney_nondiseased,135.5667,9513.4775,70.38,54.4661,54.4661,1,1,1.0,1,0.4,1,0.1818,1,0.3462,
5,0.08,xenium_human_kidney_nondiseased,100.3242,9320.4576,93.01,65.486,66.4198,3,0,0.0,1,0.4,1,0.4545,1,0.4516,
6,0.08,xenium_human_kidney_nondiseased,34.3187,9014.8858,262.68,78.8659,,-1,0,0.0,0,0.0,0,0.0,0,0.0,
7,0.08,xenium_human_kidney_nondiseased,94.9136,9528.3842,100.53,54.8858,54.8858,1,1,0.5,1,0.25,1,0.3333,1,0.3864,
8,0.08,xenium_human_kidney_nondiseased,125.7859,9379.7322,74.7,61.4796,61.4796,1,1,1.0,1,1.0,1,1.0,1,0.5517,
9,0.08,xenium_human_kidney_nondiseased,106.7587,9237.7128,86.61,70.2012,70.2012,1,1,0.6667,1,0.4545,1,0.3947,1,0.3642,
10,0.08,xenium_human_kidney_nondiseased,155.3701,9396.7065,60.55,60.0133,61.4552,2,0,0.0,1,0.5,1,0.6667,1,0.5735,
11,0.08,xenium_human_kidney_nondiseased,118.4053,9433.1031,79.67,62.8194,62.8194,1,1,0.5,1,0.5,1,0.5238,1,0.4699,
12,0.08,xenium_human_kidney_nondiseased,139.1442,9362.4422,67.28,58.7145,58.7145,1,1,1.0,1,1.0,1,0.8462,1,0.6418,
13,0.08,xenium_human_kidney_nondiseased,131.5953,9272.3168,70.44,62.9089,62.9089,1,1,1.0,1,1.0,1,0.5714,1,0.566,
14,0.08,xenium_human_kidney_nondiseased,24.2107,8883.8626,366.94,88.7807,,-1,0,0.0,0,0.0,0,0.0,0,0.0,
15,0.08,xenium_human_kidney_nondiseased,109.2967,9578.8471,87.6,55.7185,57.719,3,0,0.0,0,0.0,1,0.5,1,0.4211,
16,0.08,xenium_human_kidney_nondiseased,93.9055,9364.4973,99.68,59.519,59.519,1,1,0.5,1,0.625,1,0.48,1,0.3936,
17,0.08,xenium_human_kidney_nondiseased,103.7571,9183.5275,88.48,66.2106,66.2106,1,1,0.75,1,0.8,1,0.625,1,0.4684,
18,0.08,xenium_human_kidney_nondiseased,113.5251,9219.7729,81.19,64.7085,65.2971,3,1,0.3333,1,0.5714,1,0.5294,1,0.5287,
19,0.08,xenium_human_kidney_nondiseased,120.272,9346.2457,77.7,66.2135,67.4779,4,0,0.0,1,0.5,1,0.5667,1,0.4685,
20,0.08,xenium_human_kidney_nondiseased,55.1759,9169.7398,166.19,76.0854,76.0854,1,1,0.6667,1,0.6667,1,0.375,1,0.1148,
21,0.08,xenium_human_kidney_nondiseased,23.4894,8731.9509,371.74,94.8702,,-1,0,0.0,0,0.0,0,0.0,0,0.0,
22,0.08,xenium_human_kidney_nondiseased,72.1078,9330.4097,129.37,68.9536,68.9536,1,1,0.1667,1,0.2,1,0.25,1,0.2286,
23,0.08,xenium_human_kidney_nondiseased,62.0538,9530.7641,153.55,60.3739,60.3739,1,1,0.5,1,0.6667,1,0.5,1,0.5385,
24,0.08,xenium_human_kidney_nondiseased,99.2748,9439.0405,95.05,66.6259,66.6259,1,1,0.5,1,0.3333,1,0.5,1,0.463,
25,0.08,xenium_human_kidney_nondiseased,91.1419,9267.2427,101.63,68.4286,68.4286,1,1,1.0,1,1.0,1,0.5,1,0.2791,
26,0.08,xenium_human_kidney_nondiseased,29.4871,9055.5714,307.1,76.1431,,-1,0,0.0,0,0.0,0,0.0,0,0.0,
27,0.08,xenium_human_kidney_nondiseased,35.5367,9283.3168,261.26,72.2015,76.8983,24,0,0.0,0,0.0,0,0.0,1,0.0192,
28,0.08,xenium_human_kidney_nondiseased,101.2729,9204.8302,90.88,65.3109,65.3109,1,1,1.0,1,0.5,1,0.5714,1,0.3571,
29,0.08,xenium_human_kidney_nondiseased,106.8622,9314.9629,87.14,63.628,63.628,1,1,0.6667,1,0.6154,1,0.5714,1,0.4624,
30,0.08,xenium_human_kidney_nondiseased,141.4607,9339.2527,66.01,60.2231,61.8539,3,0,0.0,1,0.3333,1,0.75,1,0.6364,
31,0.08,xenium_human_kidney_nondiseased,29.7003,9020.3941,303.71,77.7924,,-1,0,0.0,0,0.0,0,0.0,0,0.0,
32,0.08,xenium_human_kidney_nondiseased,126.5595,9674.7417,76.42,55.0263,55.3696,2,1,0.5,1,0.25,1,0.5,1,0.6667,
33,0.08,xenium_human_kidney_nondiseased,74.7887,9188.5018,122.87,71.4937,71.4937,1,1,1.0,1,0.6,1,0.2857,1,0.1379,
34,0.08,xenium_human_kidney_nondiseased,26.1052,8844.171,338.79,90.5825,,-1,0,0.0,0,0.0,0,0.0,0,0.0,
35,0.08,xenium_human_kidney_nondiseased,133.5668,9283.1674,69.48,66.3804,66.4782,2,1,0.3333,1,0.5,1,0.3636,1,0.4836,
36,0.08,xenium_human_kidney_nondiseased,127.9931,9165.8104,71.57,64.9728,64.9728,1,1,1.0,1,0.625,1,0.72,1,0.4906,
37,0.08,xenium_human_kidney_nondiseased,125.5981,9434.3702,75.08,54.4402,54.4402,1,1,0.5,1,0.6667,1,0.625,1,0.4211,
38,0.08,xenium_human_kidney_nondiseased,36.0618,9048.8294,250.94,77.3585,84.3541,82,0,0.0,0,0.0,0,0.0,0,0.0,
39,0.08,xenium_human_kidney_nondiseased,157.323,9306.0102,59.11,58.4638,58.4638,1,1,1.0,1,1.0,1,0.5714,1,0.5833,
40,0.08,xenium_human_kidney_nondiseased,100.1396,9347.8592,93.28,54.4683,54.4683,1,1,1.0,1,0.8,1,0.5,1,0.4048,
41,0.08,xenium_human_kidney_nondiseased,39.1891,9110.1991,232.48,81.3084,87.7717,129,0,0.0,0,0.0,0,0.0,1,0.007,
42,0.08,xenium_human_kidney_nondiseased,86.2518,9269.2803,107.4,68.3466,68.3466,1,1,1.0,1,1.0,1,0.6,1,0.4074,
43,0.08,xenium_human_kidney_nondiseased,36.9997,9022.5166,243.85,81.6526,,-1,0,0.0,0,0.0,0,0.0,0,0.0,
44,0.08,xenium_human_kidney_nondiseased,25.4616,8933.8107,350.88,86.1595,,-1,0,0.0,0,0.0,0,0.0,0,0.0,
45,0.08,xenium_human_kidney_nondiseased,111.2497,9382.5023,84.28,58.4664,60.2082,3,0,0.0,0,0.0,1,0.4118,1,0.4576,
46,0.08,xenium_human_kidney_nondiseased,106.6797,9233.0504,86.51,71.5535,71.7457,2,1,0.5,1,0.5,1,0.5556,1,0.3565,
47,0.08,xenium_human_kidney_nondiseased,75.1682,9348.089,124.33,60.1915,60.1915,1,1,1.0,1,1.0,1,0.5,1,0.381,
48,0.08,xenium_human_kidney_nondiseased,42.6376,9234.2862,216.57,76.8102,78.7738,9,0,0.0,0,0.0,1,0.04,1,0.0309,
49,0.08,xenium_human_kidney_nondiseased,93.7664,9264.4712,98.77,69.7665,71.9016,4,0,0.0,0,0.0,1,0.3636,1,0.375,
50,0.08,xenium_human_kidney_nondiseased,88.8056,9259.7097,104.21,68.1069,68.1069,1,1,1.0,1,0.5714,1,0.4706,1,0.375,
51,0.08,xenium_human_kidney_nondiseased,98.3885,9212.4966,93.58,64.6732,68.02,3,0,0.0,0,0.0,1,0.3333,1,0.463,
52,0.08,xenium_human_kidney_nondiseased,128.4049,9341.0645,72.69,57.4321,57.4778,2,1,0.5,1,0.5,1,0.6667,1,0.6071,
53,0.08,xenium_human_kidney_nondiseased,103.0281,9307.3491,90.28,58.9097,58.9097,1,1,1.0,1,1.0,1,0.8333,1,0.5143,
54,0.08,xenium_human_kidney_nondiseased,85.7013,9210.1751,107.43,66.8666,66.8666,1,1,1.0,1,1.0,1,0.5,1,0.4565,
55,0.08,xenium_human_kidney_nondiseased,103.26,9291.5097,89.95,61.9982,61.9982,1,1,1.0,1,1.0,1,0.6,1,0.4107,
56,0.08,xenium_human_kidney_nondiseased,124.9873,9317.9845,74.5,61.0214,61.8053,2,0,0.0,1,0.5,1,0.4286,1,0.561,
57,0.08,xenium_human_kidney_nondiseased,76.4656,9228.0762,120.65,72.12,72.12,1,1,0.6,1,0.2727,1,0.3125,1,0.2051,
58,0.08,xenium_human_kidney_nondiseased,87.2203,9249.5518,106.0,67.9544,67.9544,1,1,0.6667,1,0.8,1,0.5714,1,0.4348,
59,0.08,xenium_human_kidney_nondiseased,120.0298,9293.8917,77.4,64.3246,64.3246,1,1,1.0,1,1.0,1,1.0,1,0.5862,
60,0.08,xenium_human_kidney_nondiseased,35.0477,9013.5484,257.23,82.111,84.7669,20,0,0.0,0,0.0,1,0.0312,1,0.0067,
61,0.08,xenium_human_kidney_nondiseased,138.6632,9229.189,66.52,62.7991,62.7991,1,1,1.0,1,0.75,1,0.6667,1,0.5789,
62,0.08,xenium_human_kidney_nondiseased,29.3793,9039.3438,307.68,77.9745,,-1,0,0.0,0,0.0,0,0.0,0,0.0,
63,0.08,xenium_human_kidney_nondiseased,39.963,9124.6256,228.37,78.1028,78.1028,1,1,1.0,1,0.6667,1,0.375,1,0.0694,
64,0.08,xenium_human_kidney_nondiseased,22.9764,8797.3077,382.88,100.8298,,-1,0,0.0,0,0.0,0,0.0,0,0.0,
65,0.08,xenium_human_kidney_nondiseased,102.0032,9345.5234,91.58,65.2969,67.0861,3,0,0.0,0,0.0,1,0.3333,1,0.4459,
66,0.08,xenium_human_kidney_nondiseased,150.1855,9417.3984,62.69,57.6253,58.6218,2,0,0.0,1,0.6667,1,0.7143,1,0.6667,
67,0.08,xenium_human_kidney_nondiseased,29.6077,8980.2821,303.31,83.9108,,-1,0,0.0,0,0.0,0,0.0,0,0.0,
68,0.08,xenium_human_kidney_nondiseased,113.1366,9345.3281,82.57,56.79,56.79,1,1,1.0,1,1.0,1,1.0,1,0.6,
69,0.08,xenium_human_kidney_nondiseased,35.442,9052.065,255.41,81.0997,,-1,0,0.0,0,0.0,0,0.0,0,0.0,
70,0.08,xenium_human_kidney_nondiseased,80.8062,9189.9654,113.71,70.5892,71.59,4,0,0.0,1,0.4286,1,0.4118,1,0.1802,
71,0.08,xenium_human_kidney_nondiseased,94.0169,9158.3956,97.4,65.7592,65.7592,1,1,1.0,1,0.6667,1,0.3846,1,0.3333,
72,0.08,xenium_human_kidney_nondiseased,164.108,9356.1617,56.99,54.5407,54.5407,1,1,1.0,1,0.3333,1,0.6,1,0.7,
73,0.08,xenium_human_kidney_nondiseased,59.4193,9240.9392,155.48,71.5473,73.7027,5,0,0.0,0,0.0,1,0.3333,1,0.3333,
74,0.08,xenium_human_kidney_nondiseased,74.6999,9328.6896,124.88,69.5529,69.5529,1,1,1.0,1,0.5,1,0.3333,1,0.4231,
75,0.08,xenium_human_kidney_nondiseased,49.8412,9163.847,183.84,77.9849,83.5994,84,0,0.0,0,0.0,0,0.0,1,0.0164,
76,0.08,xenium_human_kidney_nondiseased,100.4795,9190.7495,91.44,65.9228,67.2995,2,0,0.0,1,0.5,1,0.5,1,0.4167,
77,0.08,xenium_human_kidney_nondiseased,44.2826,9078.0729,204.99,77.0108,79.3375,11,0,0.0,0,0.0,1,0.0741,1,0.0242,
78,0.08,xenium_human_kidney_nondiseased,95.8771,9381.4521,97.81,55.8948,58.761,2,0,0.0,0,0.0,1,0.3333,1,0.4211,
79,0.08,xenium_human_kidney_nondiseased,49.7175,9243.822,185.9,73.8989,74.6314,2,0,0.0,1,0.25,1,0.2857,1,0.1545,
80,0.08,xenium_human_kidney_nondiseased,114.848,9300.5965,80.94,61.4775,61.4775,1,1,1.0,1,1.0,1,0.8889,1,0.64,
81,0.08,xenium_human_kidney_nondiseased,75.4191,9108.3774,120.74,70.616,74.4585,5,0,0.0,0,0.0,0,0.0,1,0.2143,
82,0.08,xenium_human_kidney_nondiseased,58.6768,9297.2202,158.41,67.1344,68.1422,4,0,0.0,1,0.2222,1,0.2632,1,0.2254,
83,0.08,xenium_human_kidney_nondiseased,91.4505,9192.44,100.5,65.8154,68.4111,5,0,0.0,0,0.0,1,0.4444,1,0.371,
84,0.08,xenium_human_kidney_nondiseased,95.2674,9820.3715,103.06,42.4762,47.8844,5,0,0.0,0,0.0,0,0.0,1,0.2,
85,0.08,xenium_human_kidney_nondiseased,22.7364,8823.2867,388.07,95.6316,,-1,0,0.0,0,0.0,0,0.0,0,0.0,
86,0.08,xenium_human_kidney_nondiseased,155.6613,9313.3905,59.82,58.2252,58.2252,1,1,1.0,1,1.0,1,1.0,1,0.6667,
87,0.08,xenium_human_kidney_nondiseased,24.4351,9242.3446,378.24,73.5669,,-1,0,0.0,0,0.0,0,0.0,0,0.0,
88,0.08,xenium_human_kidney_nondiseased,42.2369,9160.0383,216.9,75.1401,75.7482,4,1,0.25,1,0.125,1,0.0909,1,0.0474,
89,0.08,xenium_human_kidney_nondiseased,84.3338,9228.4542,109.41,68.341,68.341,1,1,1.0,1,0.3333,1,0.375,1,0.2222,
90,0.08,xenium_human_kidney_nondiseased,31.216,9014.6343,288.78,83.912,,-1,0,0.0,0,0.0,0,0.0,0,0.0,
91,0.08,xenium_human_kidney_nondiseased,158.303,9463.8039,59.76,58.743,58.743,1,1,1.0,1,1.0,1,1.0,1,0.6757,
92,0.08,xenium_human_kidney_nondiseased,95.5526,9281.0501,97.1,65.9585,66.7911,2,0,0.0,1,0.4,1,0.1538,1,0.4231,
93,0.08,xenium_human_kidney_nondiseased,117.2283,9321.5739,79.5,62.1645,62.1645,1,1,0.5,1,0.8571,1,0.6923,1,0.6296,
94,0.08,xenium_human_kidney_nondiseased,66.7597,9178.519,137.46,71.1774,71.1774,1,1,1.0,1,1.0,1,0.3636,1,0.2289,
95,0.08,xenium_human_kidney_nondiseased,89.3636,9404.0011,105.19,58.5677,58.5677,1,1,1.0,1,1.0,1,0.5,1,0.4286,
96,0.08,xenium_human_kidney_nondiseased,61.9912,9119.0822,147.08,74.2748,74.2748,1,1,0.25,1,0.1667,1,0.4,1,0.1758,
97,0.08,xenium_human_kidney_nondiseased,51.7735,9116.7752,176.08,74.7465,78.3077,4,0,0.0,0,0.0,0,0.0,1,0.2174,
98,0.08,xenium_human_kidney_nondiseased,29.5071,8931.4615,302.69,85.218,,-1,0,0.0,0,0.0,0,0.0,0,0.0,
99,0.08,xenium_human_kidney_nondiseased,98.9489,9203.3617,92.98,62.1326,65.1405,2,0,0.0,0,0.0,1,0.5,1,0.7143,
0,0.09,xenium_human_kidney_nondiseased,171.2923,9649.0644,56.95,55.0871,55.0871,1,1,0.75,1,0.75,1,0.6667,1,0.5833,
1,0.09,xenium_human_kidney_nondiseased,107.9228,9212.1722,85.72,70.8632,70.8632,1,1,1.0,1,1.0,1,0.8571,1,0.4342,
2,0.09,xenium_human_kidney_nondiseased,115.5568,9210.8738,79.91,69.3708,69.7678,3,1,0.3333,1,0.6,1,0.5,1,0.3484,
3,0.09,xenium_human_kidney_nondiseased,139.7258,9299.3172,66.74,67.621,67.621,1,1,1.0,1,1.0,1,0.6667,1,0.5147,
4,0.09,xenium_human_kidney_nondiseased,191.1286,9513.4775,49.95,54.4661,54.4661,1,1,1.0,1,0.4,1,0.2727,1,0.4038,
5,0.09,xenium_human_kidney_nondiseased,150.0345,9320.4576,62.24,65.486,65.6846,2,1,0.5,1,0.8,1,0.6364,1,0.5645,
6,0.09,xenium_human_kidney_nondiseased,44.6427,9014.8858,201.96,78.8659,83.0644,4,0,0.0,0,0.0,0,0.0,1,0.037,
7,0.09,xenium_human_kidney_nondiseased,121.0291,9528.3842,78.84,54.8858,54.8858,1,1,0.5,1,0.25,1,0.3333,1,0.4091,
8,0.09,xenium_human_kidney_nondiseased,169.6894,9379.7322,55.37,61.4796,61.4796,1,1,1.0,1,1.0,1,1.0,1,0.6207,
9,0.09,xenium_human_kidney_nondiseased,158.1731,9237.7128,58.46,70.2012,70.2012,1,1,0.6667,1,0.5455,1,0.6316,1,0.5497,
10,0.09,xenium_human_kidney_nondiseased,212.0629,9396.7065,44.35,60.0133,60.0133,1,1,1.0,1,1.0,1,0.7333,1,0.7353,
11,0.09,xenium_human_kidney_nondiseased,159.69,9433.1031,59.09,62.8194,62.8194,1,1,1.0,1,0.6,1,0.6667,1,0.5301,
12,0.09,xenium_human_kidney_nondiseased,184.7935,9362.4422,50.69,58.7145,58.7145,1,1,1.0,1,1.0,1,0.9231,1,0.6866,
13,0.09,xenium_human_kidney_nondiseased,165.5985,9272.3168,55.99,62.9089,62.9089,1,1,1.0,1,1.0,1,0.7143,1,0.6415,
14,0.09,xenium_human_kidney_nondiseased,28.9676,8883.8626,306.68,88.7807,,-1,0,0.0,0,0.0,0,0.0,0,0.0,
15,0.09,xenium_human_kidney_nondiseased,147.5555,9578.8471,64.91,55.7185,57.719,3,0,0.0,0,0.0,1,0.5,1,0.5526,
16,0.09,xenium_human_kidney_nondiseased,127.5082,9364.4973,73.44,59.519,59.519,1,1,0.5,1,0.625,1,0.48,1,0.4787,
17,0.09,xenium_human_kidney_nondiseased,136.1254,9183.5275,67.46,66.2106,66.2106,1,1,0.75,1,0.8,1,0.625,1,0.5443,
18,0.09,xenium_human_kidney_nondiseased,148.7359,9219.7729,61.99,64.7085,65.2971,3,1,0.3333,1,0.5714,1,0.5882,1,0.6322,
19,0.09,xenium_human_kidney_nondiseased,163.9847,9346.2457,56.99,66.2135,67.4779,4,0,0.0,1,0.5,1,0.7,1,0.5946,
20,0.09,xenium_human_kidney_nondiseased,80.0186,9169.7398,114.59,76.0854,76.0854,1,1,0.6667,1,0.6667,1,0.5,1,0.1967,
21,0.09,xenium_human_kidney_nondiseased,27.0089,8731.9509,323.3,94.8702,,-1,0,0.0,0,0.0,0,0.0,0,0.0,
22,0.09,xenium_human_kidney_nondiseased,118.9966,9330.4097,78.5,68.9536,68.9536,1,1,0.3333,1,0.4,1,0.4643,1,0.4476,
23,0.09,xenium_human_kidney_nondiseased,83.713,9530.7641,113.83,60.3739,60.3739,1,1,0.5,1,0.6667,1,0.5,1,0.5385,
24,0.09,xenium_human_kidney_nondiseased,150.0198,9439.0405,62.91,66.6259,66.6259,1,1,0.5,1,0.3333,1,0.6,1,0.6296,
25,0.09,xenium_human_kidney_nondiseased,126.2289,9267.2427,73.41,68.4286,68.4286,1,1,1.0,1,1.0,1,0.625,1,0.4186,
26,0.09,xenium_human_kidney_nondiseased,36.365,9055.5714,249.02,76.1431,,-1,0,0.0,0,0.0,0,0.0,0,0.0,
27,0.09,xenium_human_kidney_nondiseased,49.4747,9283.3168,187.66,72.2015,75.0378,8,0,0.0,0,0.0,1,0.1818,1,0.1154,
28,0.09,xenium_human_kidney_nondiseased,140.6767,9204.8302,65.42,65.3109,65.3109,1,1,1.0,1,1.0,1,0.7143,1,0.4524,
29,0.09,xenium_human_kidney_nondiseased,148.7412,9314.9629,61.59,63.628,63.628,1,1,0.8333,1,0.6923,1,0.6071,1,0.5376,
30,0.09,xenium_human_kidney_nondiseased,189.9257,9339.2527,49.06,60.2231,61.8539,3,0,0.0,1,0.3333,1,0.75,1,0.7273,
31,0.09,xenium_human_kidney_nondiseased,37.3777,9020.3941,241.34,77.7924,86.0878,151,0,0.0,0,0.0,0,0.0,0,0.0,
32,0.09,xenium_human_kidney_nondiseased,167.255,9674.7417,57.78,55.0263,55.0263,1,1,1.0,1,0.5,1,0.75,1,0.7778,
33,0.09,xenium_human_kidney_nondiseased,103.652,9188.5018,88.58,71.4937,71.4937,1,1,1.0,1,0.6,1,0.3214,1,0.2759,
34,0.09,xenium_human_kidney_nondiseased,30.2601,8844.171,292.27,90.5825,,-1,0,0.0,0,0.0,0,0.0,0,0.0,
35,0.09,xenium_human_kidney_nondiseased,171.9274,9283.1674,53.96,66.3804,66.4782,2,1,0.3333,1,0.5,1,0.4545,1,0.5656,
36,0.09,xenium_human_kidney_nondiseased,182.0774,9165.8104,50.31,64.9728,64.9728,1,1,1.0,1,0.875,1,0.84,1,0.6509,
37,0.09,xenium_human_kidney_nondiseased,153.0462,9434.3702,61.62,54.4402,54.4402,1,1,0.5,1,0.6667,1,0.625,1,0.4737,
38,0.09,xenium_human_kidney_nondiseased,46.9005,9048.8294,192.95,77.3585,82.436,30,0,0.0,0,0.0,0,0.0,1,0.0533,
39,0.09,xenium_human_kidney_nondiseased,204.2138,9306.0102,45.55,58.4638,58.4638,1,1,1.0,1,1.0,1,0.7143,1,0.6875,
40,0.09,xenium_human_kidney_nondiseased,135.5224,9347.8592,68.96,54.4683,54.4683,1,1,1.0,1,0.8,1,0.5833,1,0.4762,
41,0.09,xenium_human_kidney_nondiseased,50.1637,9110.1991,181.63,81.3084,84.9001,36,0,0.0,0,0.0,0,0.0,1,0.0141,
42,0.09,xenium_human_kidney_nondiseased,115.9447,9269.2803,79.92,68.3466,68.3466,1,1,1.0,1,1.0,1,0.8,1,0.5556,
43,0.09,xenium_human_kidney_nondiseased,44.5556,9022.5166,202.51,81.6526,85.0007,10,0,0.0,0,0.0,1,0.1,1,0.0286,
44,0.09,xenium_human_kidney_nondiseased,29.3089,8933.8107,304.81,86.1595,,-1,0,0.0,0,0.0,0,0.0,0,0.0,
45,0.09,xenium_human_kidney_nondiseased,154.0627,9382.5023,60.86,58.4664,59.6805,2,0,0.0,1,0.5,1,0.6471,1,0.6441,
46,0.09,xenium_human_kidney_nondiseased,136.0617,9233.0504,67.81,71.5535,71.7457,2,1,0.5,1,0.5,1,0.5556,1,0.4348,
47,0.09,xenium_human_kidney_nondiseased,108.4512,9348.089,86.16,60.1915,60.1915,1,1,1.0,1,1.0,1,0.5,1,0.381,
48,0.09,xenium_human_kidney_nondiseased,62.4662,9234.2862,147.82,76.8102,78.7738,9,0,0.0,0,0.0,1,0.16,1,0.1237,
49,0.09,xenium_human_kidney_nondiseased,133.1939,9264.4712,69.52,69.7665,69.7665,1,1,0.5,1,0.5,1,0.5455,1,0.5,
50,0.09,xenium_human_kidney_nondiseased,124.4282,9259.7097,74.4,68.1069,68.1069,1,1,1.0,1,0.7143,1,0.5294,1,0.4886,
51,0.09,xenium_human_kidney_nondiseased,154.3854,9212.4966,59.66,64.6732,67.6308,2,0,0.0,0,0.0,1,0.6667,1,0.7037,
52,0.09,xenium_human_kidney_nondiseased,163.1718,9341.0645,57.23,57.4321,57.4321,1,1,1.0,1,1.0,1,0.8333,1,0.6786,
53,0.09,xenium_human_kidney_nondiseased,142.143,9307.3491,65.46,58.9097,58.9097,1,1,1.0,1,1.0,1,0.8333,1,0.6,
54,0.09,xenium_human_kidney_nondiseased,125.1036,9210.1751,73.59,66.8666,66.8666,1,1,1.0,1,1.0,1,0.5,1,0.5,
55,0.09,xenium_human_kidney_nondiseased,139.696,9291.5097,66.48,61.9982,61.9982,1,1,1.0,1,1.0,1,0.7,1,0.4643,
56,0.09,xenium_human_kidney_nondiseased,177.1793,9317.9845,52.58,61.0214,61.8053,2,0,0.0,1,0.5,1,0.5714,1,0.6341,
57,0.09,xenium_human_kidney_nondiseased,107.6764,9228.0762,85.68,72.12,72.12,1,1,0.6,1,0.4545,1,0.4375,1,0.3333,
58,0.09,xenium_human_kidney_nondiseased,126.268,9249.5518,73.21,67.9544,67.9544,1,1,0.6667,1,0.8,1,0.5714,1,0.5797,
59,0.09,xenium_human_kidney_nondiseased,150.6659,9293.8917,61.65,64.3246,64.3246,1,1,1.0,1,1.0,1,1.0,1,0.6379,
60,0.09,xenium_human_kidney_nondiseased,45.0215,9013.5484,200.21,82.111,84.7669,20,0,0.0,0,0.0,1,0.0312,1,0.0134,
61,0.09,xenium_human_kidney_nondiseased,188.3314,9229.189,48.99,62.7991,62.7991,1,1,1.0,1,1.0,1,0.7222,1,0.7105,
62,0.09,xenium_human_kidney_nondiseased,34.8957,9039.3438,259.05,77.9745,81.8547,5,0,0.0,0,0.0,0,0.0,1,0.0385,
63,0.09,xenium_human_kidney_nondiseased,50.8183,9124.6256,179.52,78.1028,78.1028,1,1,1.0,1,0.6667,1,0.375,1,0.1528,
64,0.09,xenium_human_kidney_nondiseased,25.584,8797.3077,343.86,100.8298,,-1,0,0.0,0,0.0,0,0.0,0,0.0,
65,0.09,xenium_human_kidney_nondiseased,131.7881,9345.5234,70.88,65.2969,65.2969,1,1,1.0,1,0.5,1,0.4167,1,0.5405,
66,0.09,xenium_human_kidney_nondiseased,195.4817,9417.3984,48.16,57.6253,58.6218,2,0,0.0,1,0.6667,1,0.7143,1,0.7692,
67,0.09,xenium_human_kidney_nondiseased,37.9465,8980.2821,236.66,83.9108,,-1,0,0.0,0,0.0,0,0.0,0,0.0,
68,0.09,xenium_human_kidney_nondiseased,160.8124,9345.3281,58.1,56.79,56.79,1,1,1.0,1,1.0,1,1.0,1,0.6,
69,0.09,xenium_human_kidney_nondiseased,51.1434,9052.065,177.0,81.0997,81.0997,1,1,0.3333,1,0.125,1,0.0625,1,0.0275,
70,0.09,xenium_human_kidney_nondiseased,121.7227,9189.9654,75.48,70.5892,70.5892,1,1,0.3333,1,0.5714,1,0.4706,1,0.3243,
71,0.09,xenium_human_kidney_nondiseased,148.8929,9158.3956,61.49,65.7592,65.7592,1,1,1.0,1,0.6667,1,0.3846,1,0.5333,
72,0.09,xenium_human_kidney_nondiseased,213.5067,9356.1617,43.8,54.5407,54.5407,1,1,1.0,1,0.6667,1,0.9,1,0.85,
73,0.09,xenium_human_kidney_nondiseased,83.549,9240.9392,110.58,71.5473,73.7027,5,0,0.0,0,0.0,1,0.4167,1,0.4091,
74,0.09,xenium_human_kidney_nondiseased,110.8771,9328.6896,84.11,69.5529,69.5529,1,1,1.0,1,0.5,1,0.5,1,0.5385,
75,0.09,xenium_human_kidney_nondiseased,68.1739,9163.847,134.39,77.9849,82.3451,38,0,0.0,0,0.0,0,0.0,1,0.0574,
76,0.09,xenium_human_kidney_nondiseased,138.3799,9190.7495,66.38,65.9228,67.2995,2,0,0.0,1,0.5,1,0.5,1,0.6111,
77,0.09,xenium_human_kidney_nondiseased,62.943,9078.0729,144.22,77.0108,78.5958,7,0,0.0,1,0.1429,1,0.1111,1,0.0726,
78,0.09,xenium_human_kidney_nondiseased,129.6594,9381.4521,72.32,55.8948,58.761,2,0,0.0,0,0.0,1,0.3333,1,0.4737,
79,0.09,xenium_human_kidney_nondiseased,76.0645,9243.822,121.5,73.8989,74.6314,2,0,0.0,1,0.25,1,0.4762,1,0.2818,
80,0.09,xenium_human_kidney_nondiseased,153.1881,9300.5965,60.69,61.4775,61.4775,1,1,1.0,1,1.0,1,0.8889,1,0.72,
81,0.09,xenium_human_kidney_nondiseased,105.4546,9108.3774,86.36,70.616,74.4585,5,0,0.0,0,0.0,0,0.0,1,0.3095,
82,0.09,xenium_human_kidney_nondiseased,93.7845,9297.2202,99.13,67.1344,67.1344,1,1,1.0,1,0.5556,1,0.4211,1,0.2817,
83,0.09,xenium_human_kidney_nondiseased,143.951,9192.44,63.84,65.8154,67.7801,3,0,0.0,0,0.0,1,0.7778,1,0.5161,
84,0.09,xenium_human_kidney_nondiseased,119.4894,9820.3715,82.16,42.4762,44.9863,2,0,0.0,0,0.0,1,0.5,1,0.6,
85,0.09,xenium_human_kidney_nondiseased,25.9129,8823.2867,340.5,95.6316,,-1,0,0.0,0,0.0,0,0.0,0,0.0,
86,0.09,xenium_human_kidney_nondiseased,198.2717,9313.3905,46.96,58.2252,58.2252,1,1,1.0,1,1.0,1,1.0,1,0.7179,
87,0.09,xenium_human_kidney_nondiseased,34.635,9242.3446,266.87,73.5669,76.0199,4,0,0.0,0,0.0,1,0.2,1,0.0526,
88,0.09,xenium_human_kidney_nondiseased,58.9765,9160.0383,155.32,75.1401,75.7482,4,1,0.25,1,0.125,1,0.1273,1,0.0995,
89,0.09,xenium_human_kidney_nondiseased,119.5589,9228.4542,77.19,68.341,68.341,1,1,1.0,1,0.6667,1,0.75,1,0.4127,
90,0.09,xenium_human_kidney_nondiseased,40.1887,9014.6343,224.31,83.912,,-1,0,0.0,0,0.0,0,0.0,0,0.0,
91,0.09,xenium_human_kidney_nondiseased,206.3534,9463.8039,45.85,58.743,58.743,1,1,1.0,1,1.0,1,1.0,1,0.7838,
92,0.09,xenium_human_kidney_nondiseased,145.3477,9281.0501,63.84,65.9585,66.7911,2,0,0.0,1,0.4,1,0.2308,1,0.5769,
93,0.09,xenium_human_kidney_nondiseased,160.8869,9321.5739,57.94,62.1645,62.1645,1,1,0.5,1,0.8571,1,0.6923,1,0.6481,
94,0.09,xenium_human_kidney_nondiseased,99.7934,9178.519,91.97,71.1774,71.1774,1,1,1.0,1,1.0,1,0.5455,1,0.4217,
95,0.09,xenium_human_kidney_nondiseased,136.4533,9404.0011,68.92,58.5677,58.5677,1,1,1.0,1,1.0,1,0.5625,1,0.6735,
96,0.09,xenium_human_kidney_nondiseased,85.6856,9119.0822,106.43,74.2748,74.2748,1,1,0.25,1,0.1667,1,0.45,1,0.2527,
97,0.09,xenium_human_kidney_nondiseased,73.084,9116.7752,124.76,74.7465,78.3077,4,0,0.0,0,0.0,0,0.0,1,0.2174,
98,0.09,xenium_human_kidney_nondiseased,38.2316,8931.4615,233.61,85.218,,-1,0,0.0,0,0.0,0,0.0,0,0.0,
99,0.09,xenium_human_kidney_nondiseased,137.4484,9203.3617,66.96,62.1326,62.1326,1,1,1.0,1,1.0,1,1.0,1,0.8095,
0,0.1,xenium_human_kidney_nondiseased,229.409,9649.0644,42.3,55.0871,55.0871,1,1,1.0,1,0.875,1,0.8,1,0.7833,
1,0.1,xenium_human_kidney_nondiseased,146.9073,9212.1722,62.9,70.8632,70.8632,1,1,1.0,1,1.0,1,0.8571,1,0.5526,
2,0.1,xenium_human_kidney_nondiseased,167.2716,9210.8738,55.2,69.3708,69.7678,3,1,0.3333,1,0.7,1,0.6667,1,0.5419,
3,0.1,xenium_human_kidney_nondiseased,207.7695,9299.3172,44.86,67.621,67.621,1,1,1.0,1,1.0,1,1.0,1,0.7941,
4,0.1,xenium_human_kidney_nondiseased,261.8288,9513.4775,36.4,54.4661,54.4661,1,1,1.0,1,0.6,1,0.6364,1,0.6731,
5,0.1,xenium_human_kidney_nondiseased,199.1408,9320.4576,46.83,65.486,65.6846,2,1,0.5,1,0.8,1,0.6364,1,0.6452,
6,0.1,xenium_human_kidney_nondiseased,57.5563,9014.8858,156.62,78.8659,83.0644,4,0,0.0,0,0.0,0,0.0,1,0.0741,
7,0.1,xenium_human_kidney_nondiseased,160.9054,9528.3842,59.21,54.8858,54.8858,1,1,1.0,1,0.5,1,0.4667,1,0.5227,
8,0.1,xenium_human_kidney_nondiseased,223.8128,9379.7322,41.9,61.4796,61.4796,1,1,1.0,1,1.0,1,1.0,1,0.7241,
9,0.1,xenium_human_kidney_nondiseased,221.2537,9237.7128,41.73,70.2012,70.2012,1,1,1.0,1,0.8182,1,0.7368,1,0.6954,
10,0.1,xenium_human_kidney_nondiseased,303.6579,9396.7065,30.95,60.0133,60.0133,1,1,1.0,1,1.0,1,1.0,1,0.9853,
11,0.1,xenium_human_kidney_nondiseased,202.1108,9433.1031,46.66,62.8194,62.8194,1,1,1.0,1,0.7,1,0.7143,1,0.6024,
12,0.1,xenium_human_kidney_nondiseased,243.4608,9362.4422,38.45,58.7145,58.7145,1,1,1.0,1,1.0,1,0.9231,1,0.8358,
13,0.1,xenium_human_kidney_nondiseased,222.5267,9272.3168,41.66,62.9089,62.9089,1,1,1.0,1,1.0,1,0.7143,1,0.7736,
14,0.1,xenium_human_kidney_nondiseased,34.725,8883.8626,255.83,88.7807,,-1,0,0.0,0,0.0,0,0.0,0,0.0,
15,0.1,xenium_human_kidney_nondiseased,196.283,9578.8471,48.78,55.7185,55.7185,1,1,0.5,1,0.5,1,0.625,1,0.6579,
16,0.1,xenium_human_kidney_nondiseased,180.6249,9364.4973,51.83,59.519,59.519,1,1,0.5,1,0.625,1,0.68,1,0.5957,
17,0.1,xenium_human_kidney_nondiseased,189.7234,9183.5275,48.4,66.2106,66.2106,1,1,0.75,1,0.8,1,0.6875,1,0.6582,
18,0.1,xenium_human_kidney_nondiseased,202.6958,9219.7729,45.47,64.7085,64.7085,1,1,0.6667,1,0.7143,1,0.7647,1,0.8046,
19,0.1,xenium_human_kidney_nondiseased,250.9694,9346.2457,37.24,66.2135,66.2135,1,1,1.0,1,1.0,1,1.0,1,0.9279,
20,0.1,xenium_human_kidney_nondiseased,111.0116,9169.7398,82.59,76.0854,76.0854,1,1,1.0,1,1.0,1,0.75,1,0.3279,
21,0.1,xenium_human_kidney_nondiseased,29.5471,8731.9509,295.53,94.8702,,-1,0,0.0,0,0.0,0,0.0,0,0.0,
22,0.1,xenium_human_kidney_nondiseased,159.1266,9330.4097,58.62,68.9536,68.9536,1,1,0.6667,1,0.7,1,0.6071,1,0.6095,
23,0.1,xenium_human_kidney_nondiseased,98.4788,9530.7641,96.77,60.3739,60.3739,1,1,0.5,1,0.6667,1,0.5,1,0.5385,
24,0.1,xenium_human_kidney_nondiseased,199.6498,9439.0405,47.27,66.6259,66.6259,1,1,0.5,1,0.6667,1,0.8,1,0.7963,
25,0.1,xenium_human_kidney_nondiseased,188.5456,9267.2427,49.15,68.4286,68.4286,1,1,1.0,1,1.0,1,0.875,1,0.6512,
26,0.1,xenium_human_kidney_nondiseased,46.6195,9055.5714,194.25,76.1431,83.9159,11,0,0.0,0,0.0,0,0.0,0,0.0,
27,0.1,xenium_human_kidney_nondiseased,65.7249,9283.3168,141.22,72.2015,74.1167,6,0,0.0,0,0.0,1,0.2727,1,0.1923,
28,0.1,xenium_human_kidney_nondiseased,172.8148,9204.8302,53.25,65.3109,65.3109,1,1,1.0,1,1.0,1,0.7143,1,0.5476,
29,0.1,xenium_human_kidney_nondiseased,186.5899,9314.9629,49.91,63.628,63.628,1,1,0.8333,1,0.6923,1,0.6429,1,0.6237,
30,0.1,xenium_human_kidney_nondiseased,249.856,9339.2527,37.37,60.2231,60.2231,1,1,1.0,1,1.0,1,1.0,1,0.8864,
31,0.1,xenium_human_kidney_nondiseased,55.5555,9020.3941,162.34,77.7924,79.989,3,0,0.0,0,0.0,1,0.1667,1,0.1064,
32,0.1,xenium_human_kidney_nondiseased,213.6306,9674.7417,45.28,55.0263,55.0263,1,1,1.0,1,0.5,1,0.75,1,0.7778,
33,0.1,xenium_human_kidney_nondiseased,142.1513,9188.5018,64.63,71.4937,71.4937,1,1,1.0,1,0.6,1,0.5357,1,0.4345,
34,0.1,xenium_human_kidney_nondiseased,35.5124,8844.171,249.04,90.5825,,-1,0,0.0,0,0.0,0,0.0,0,0.0,
35,0.1,xenium_human_kidney_nondiseased,244.9649,9283.1674,37.89,66.3804,66.4782,2,1,0.6667,1,0.8,1,0.7576,1,0.8115,
36,0.1,xenium_human_kidney_nondiseased,243.6213,9165.8104,37.62,64.9728,64.9728,1,1,1.0,1,0.875,1,0.88,1,0.8019,
37,0.1,xenium_human_kidney_nondiseased,193.3656,9434.3702,48.77,54.4402,54.4402,1,1,0.5,1,0.6667,1,0.625,1,0.5263,
38,0.1,xenium_human_kidney_nondiseased,62.8422,9048.8294,143.98,77.3585,78.189,2,0,0.0,1,0.5,1,0.3333,1,0.1333,
39,0.1,xenium_human_kidney_nondiseased,304.8736,9306.0102,30.51,58.4638,58.4638,1,1,1.0,1,1.0,1,1.0,1,1.0,
40,0.1,xenium_human_kidney_nondiseased,186.0799,9347.8592,50.21,54.4683,54.4683,1,1,1.0,1,1.0,1,0.8333,1,0.6667,
41,0.1,xenium_human_kidney_nondiseased,62.2285,9110.1991,146.4,81.3084,84.9001,36,0,0.0,0,0.0,0,0.0,1,0.0211,
42,0.1,xenium_human_kidney_nondiseased,144.9535,9269.2803,63.94,68.3466,68.3466,1,1,1.0,1,1.0,1,0.8,1,0.5556,
43,0.1,xenium_human_kidney_nondiseased,57.7027,9022.5166,156.36,81.6526,83.4257,3,0,0.0,0,0.0,1,0.2,1,0.0714,
44,0.1,xenium_human_kidney_nondiseased,36.6987,8933.8107,243.44,86.1595,,-1,0,0.0,0,0.0,0,0.0,0,0.0,
45,0.1,xenium_human_kidney_nondiseased,194.6035,9382.5023,48.2,58.4664,58.4664,1,1,1.0,1,1.0,1,0.7059,1,0.7458,
46,0.1,xenium_human_kidney_nondiseased,184.4382,9233.0504,50.06,71.5535,71.5535,1,1,1.0,1,0.8333,1,0.7778,1,0.6174,
47,0.1,xenium_human_kidney_nondiseased,133.0526,9348.089,70.26,60.1915,60.1915,1,1,1.0,1,1.0,1,0.5,1,0.381,
48,0.1,xenium_human_kidney_nondiseased,86.6652,9234.2862,106.55,76.8102,77.5492,3,0,0.0,1,0.4286,1,0.32,1,0.268,
49,0.1,xenium_human_kidney_nondiseased,196.2431,9264.4712,47.21,69.7665,69.7665,1,1,1.0,1,1.0,1,0.9091,1,0.7614,
50,0.1,xenium_human_kidney_nondiseased,177.0665,9259.7097,52.3,68.1069,68.1069,1,1,1.0,1,0.7143,1,0.7647,1,0.6932,
51,0.1,xenium_human_kidney_nondiseased,197.8299,9212.4966,46.57,64.6732,67.6308,2,0,0.0,0,0.0,1,0.6667,1,0.8519,
52,0.1,xenium_human_kidney_nondiseased,204.2953,9341.0645,45.74,57.4321,57.4321,1,1,1.0,1,1.0,1,0.8333,1,0.6786,
53,0.1,xenium_human_kidney_nondiseased,195.5813,9307.3491,47.59,58.9097,58.9097,1,1,1.0,1,1.0,1,1.0,1,0.7143,
54,0.1,xenium_human_kidney_nondiseased,164.4205,9210.1751,56.02,66.8666,66.8666,1,1,1.0,1,1.0,1,0.5,1,0.5435,
55,0.1,xenium_human_kidney_nondiseased,190.3043,9291.5097,48.83,61.9982,61.9982,1,1,1.0,1,1.0,1,0.8,1,0.6429,
56,0.1,xenium_human_kidney_nondiseased,219.5391,9317.9845,42.39,61.0214,61.0214,1,1,1.0,1,1.0,1,0.8571,1,0.7805,
57,0.1,xenium_human_kidney_nondiseased,166.0831,9228.0762,55.56,72.12,72.12,1,1,0.8,1,0.7273,1,0.6875,1,0.5513,
58,0.1,xenium_human_kidney_nondiseased,165.0826,9249.5518,56.03,67.9544,67.9544,1,1,1.0,1,1.0,1,0.6429,1,0.6522,
59,0.1,xenium_human_kidney_nondiseased,227.2104,9293.8917,40.91,64.3246,64.3246,1,1,1.0,1,1.0,1,1.0,1,0.8966,
60,0.1,xenium_human_kidney_nondiseased,62.2064,9013.5484,144.91,82.111,84.7669,20,0,0.0,0,0.0,1,0.0312,1,0.0336,
61,0.1,xenium_human_kidney_nondiseased,265.2299,9229.189,34.8,62.7991,62.7991,1,1,1.0,1,1.0,1,0.8333,1,0.8816,
62,0.1,xenium_human_kidney_nondiseased,45.0069,9039.3438,200.84,77.9745,81.8547,5,0,0.0,0,0.0,0,0.0,1,0.0385,
63,0.1,xenium_human_kidney_nondiseased,68.8529,9124.6256,132.54,78.1028,78.1028,1,1,1.0,1,0.6667,1,0.5,1,0.2361,
64,0.1,xenium_human_kidney_nondiseased,29.9135,8797.3077,294.09,100.8298,,-1,0,0.0,0,0.0,0,0.0,0,0.0,
65,0.1,xenium_human_kidney_nondiseased,165.3,9345.5234,56.53,65.2969,65.2969,1,1,1.0,1,1.0,1,0.5833,1,0.6486,
66,0.1,xenium_human_kidney_nondiseased,248.1783,9417.3984,37.94,57.6253,58.6218,2,0,0.0,1,0.6667,1,0.7143,1,0.8205,
67,0.1,xenium_human_kidney_nondiseased,46.3022,8980.2821,193.98,83.9108,90.0988,124,0,0.0,0,0.0,0,0.0,1,0.0061,
68,0.1,xenium_human_kidney_nondiseased,232.7709,9345.3281,40.14,56.79,56.79,1,1,1.0,1,1.0,1,1.0,1,0.7,
69,0.1,xenium_human_kidney_nondiseased,63.5262,9052.065,142.49,81.0997,81.0997,1,1,0.3333,1,0.25,1,0.125,1,0.0917,
70,0.1,xenium_human_kidney_nondiseased,166.9645,9189.9654,55.03,70.5892,70.5892,1,1,0.3333,1,0.5714,1,0.7059,1,0.5676,
71,0.1,xenium_human_kidney_nondiseased,208.3771,9158.3956,43.94,65.7592,65.7592,1,1,1.0,1,1.0,1,0.6923,1,0.7867,
72,0.1,xenium_human_kidney_nondiseased,254.5136,9356.1617,36.75,54.5407,54.5407,1,1,1.0,1,0.6667,1,0.9,1,0.875,
73,0.1,xenium_human_kidney_nondiseased,112.389,9240.9392,82.21,71.5473,71.5473,1,1,1.0,1,0.25,1,0.5833,1,0.5,
74,0.1,xenium_human_kidney_nondiseased,145.0675,9328.6896,64.29,69.5529,69.5529,1,1,1.0,1,0.5,1,0.6667,1,0.6923,
75,0.1,xenium_human_kidney_nondiseased,99.2121,9163.847,92.35,77.9849,77.9849,1,1,0.6667,1,0.5,1,0.2105,1,0.1967,
76,0.1,xenium_human_kidney_nondiseased,193.3179,9190.7495,47.54,65.9228,67.2995,2,0,0.0,1,0.5,1,0.5,1,0.75,
77,0.1,xenium_human_kidney_nondiseased,99.4336,9078.0729,91.41,77.0108,77.0108,1,1,1.0,1,0.2857,1,0.2593,1,0.2823,
78,0.1,xenium_human_kidney_nondiseased,211.0062,9381.4521,44.45,55.8948,55.8948,1,1,1.0,1,1.0,1,0.6667,1,0.7895,
79,0.1,xenium_human_kidney_nondiseased,121.6914,9243.822,75.94,73.8989,73.8989,1,1,1.0,1,0.5,1,0.619,1,0.4,
80,0.1,xenium_human_kidney_nondiseased,207.4432,9300.5965,44.83,61.4775,61.4775,1,1,1.0,1,1.0,1,0.8889,1,0.82,
81,0.1,xenium_human_kidney_nondiseased,152.6319,9108.3774,59.68,70.616,74.2815,4,0,0.0,0,0.0,0,0.0,1,0.5952,
82,0.1,xenium_human_kidney_nondiseased,130.0858,9297.2202,71.46,67.1344,67.1344,1,1,1.0,1,0.7778,1,0.5789,1,0.3944,
83,0.1,xenium_human_kidney_nondiseased,191.0408,9192.44,48.12,65.8154,67.7801,3,0,0.0,0,0.0,1,0.7778,1,0.6935,
84,0.1,xenium_human_kidney_nondiseased,157.6364,9820.3715,62.29,42.4762,44.9863,2,0,0.0,0,0.0,1,0.5,1,0.6,
85,0.1,xenium_human_kidney_nondiseased,28.6764,8823.2867,307.68,95.6316,,-1,0,0.0,0,0.0,0,0.0,0,0.0,
86,0.1,xenium_human_kidney_nondiseased,250.333,9313.3905,37.2,58.2252,58.2252,1,1,1.0,1,1.0,1,1.0,1,0.8205,
87,0.1,xenium_human_kidney_nondiseased,48.2677,9242.3446,191.49,73.5669,74.7279,2,0,0.0,1,0.3333,1,0.6,1,0.2105,
88,0.1,xenium_human_kidney_nondiseased,93.8605,9160.0383,97.6,75.1401,75.1401,1,1,0.75,1,0.4167,1,0.3636,1,0.2417,
89,0.1,xenium_human_kidney_nondiseased,162.199,9228.4542,56.9,68.341,68.341,1,1,1.0,1,1.0,1,0.875,1,0.5556,
90,0.1,xenium_human_kidney_nondiseased,51.7082,9014.6343,174.35,83.912,94.2121,223,0,0.0,0,0.0,0,0.0,0,0.0,
91,0.1,xenium_human_kidney_nondiseased,260.6247,9463.8039,36.31,58.743,58.743,1,1,1.0,1,1.0,1,1.0,1,0.9459,
92,0.1,xenium_human_kidney_nondiseased,174.0556,9281.0501,53.32,65.9585,66.7911,2,0,0.0,1,0.4,1,0.3077,1,0.6795,
93,0.1,xenium_human_kidney_nondiseased,216.7261,9321.5739,43.0,62.1645,62.1645,1,1,1.0,1,1.0,1,0.9231,1,0.8519,
94,0.1,xenium_human_kidney_nondiseased,143.7828,9178.519,63.83,71.1774,71.1774,1,1,1.0,1,1.0,1,0.7273,1,0.5904,
95,0.1,xenium_human_kidney_nondiseased,181.7505,9404.0011,51.73,58.5677,58.5677,1,1,1.0,1,1.0,1,0.75,1,0.7959,
96,0.1,xenium_human_kidney_nondiseased,121.7329,9119.0822,74.9,74.2748,74.2748,1,1,0.5,1,0.3333,1,0.55,1,0.4176,
97,0.1,xenium_human_kidney_nondiseased,97.0478,9116.7752,93.94,74.7465,78.3077,4,0,0.0,0,0.0,0,0.0,1,0.3043,
98,0.1,xenium_human_kidney_nondiseased,47.1856,8931.4615,189.28,85.218,,-1,0,0.0,0,0.0,0,0.0,0,0.0,
99,0.1,xenium_human_kidney_nondiseased,186.5851,9203.3617,49.32,62.1326,62.1326,1,1,1.0,1,1.0,1,1.0,1,0.8571,
0,0.12,xenium_human_kidney_nondiseased,309.6116,9649.0644,31.3,55.0871,55.0871,1,1,1.0,1,1.0,1,1.0,1,1.0,
1,0.12,xenium_human_kidney_nondiseased,306.1076,9212.1722,30.19,70.8632,70.8632,1,1,1.0,1,1.0,1,1.0,1,0.9868,
2,0.12,xenium_human_kidney_nondiseased,301.8569,9210.8738,30.6,69.3708,69.3708,1,1,1.0,1,1.0,1,1.0,1,0.9226,
3,0.12,xenium_human_kidney_nondiseased,303.0447,9299.3172,30.73,67.621,67.621,1,1,1.0,1,1.0,1,1.0,1,1.0,
4,0.12,xenium_human_kidney_nondiseased,307.3624,9513.4775,30.96,54.4661,54.4661,1,1,1.0,1,1.0,1,1.0,1,1.0,
5,0.12,xenium_human_kidney_nondiseased,306.9372,9320.4576,30.38,65.486,65.486,1,1,1.0,1,1.0,1,1.0,1,0.9677,
6,0.12,xenium_human_kidney_nondiseased,94.3488,9014.8858,95.54,78.8659,78.8659,1,1,1.0,1,1.0,1,0.5,1,0.3333,
7,0.12,xenium_human_kidney_nondiseased,289.2053,9528.3842,32.95,54.8858,54.8858,1,1,1.0,1,0.75,1,0.8667,1,0.9318,
8,0.12,xenium_human_kidney_nondiseased,312.6072,9379.7322,30.01,61.4796,61.4796,1,1,1.0,1,1.0,1,1.0,1,1.0,
9,0.12,xenium_human_kidney_nondiseased,320.8344,9237.7128,28.61,70.2012,70.2012,1,1,1.0,1,0.9091,1,0.9474,1,0.9007,
10,0.12,xenium_human_kidney_nondiseased,323.8733,9396.7065,29.0,60.0133,60.0133,1,1,1.0,1,1.0,1,1.0,1,0.9853,
11,0.12,xenium_human_kidney_nondiseased,311.1638,9433.1031,30.31,62.8194,62.8194,1,1,1.0,1,1.0,1,1.0,1,1.0,
12,0.12,xenium_human_kidney_nondiseased,311.6918,9362.4422,30.03,58.7145,58.7145,1,1,1.0,1,1.0,1,1.0,1,1.0,
13,0.12,xenium_human_kidney_nondiseased,325.0677,9272.3168,28.53,62.9089,62.9089,1,1,1.0,1,1.0,1,1.0,1,1.0,
14,0.12,xenium_human_kidney_nondiseased,52.7096,8883.8626,168.54,88.7807,,-1,0,0.0,0,0.0,0,0.0,0,0.0,
15,0.12,xenium_human_kidney_nondiseased,321.176,9578.8471,29.83,55.7185,55.7185,1,1,1.0,1,1.0,1,1.0,1,1.0,
16,0.12,xenium_human_kidney_nondiseased,318.9776,9364.4973,29.36,59.519,59.519,1,1,1.0,1,1.0,1,1.0,1,1.0,
17,0.12,xenium_human_kidney_nondiseased,314.3598,9183.5275,29.22,66.2106,66.2106,1,1,1.0,1,1.0,1,0.9375,1,0.9747,
18,0.12,xenium_human_kidney_nondiseased,316.6106,9219.7729,29.12,64.7085,64.7085,1,1,1.0,1,1.0,1,1.0,1,1.0,
19,0.12,xenium_human_kidney_nondiseased,320.2533,9346.2457,29.19,66.2135,66.2135,1,1,1.0,1,1.0,1,1.0,1,1.0,
20,0.12,xenium_human_kidney_nondiseased,190.2506,9169.7398,48.19,76.0854,76.0854,1,1,1.0,1,1.0,1,0.75,1,0.5574,
21,0.12,xenium_human_kidney_nondiseased,37.7263,8731.9509,231.45,94.8702,,-1,0,0.0,0,0.0,0,0.0,0,0.0,
22,0.12,xenium_human_kidney_nondiseased,273.7957,9330.4097,34.08,68.9536,68.9536,1,1,0.8333,1,0.8,1,0.8929,1,0.8667,
23,0.12,xenium_human_kidney_nondiseased,162.6915,9530.7641,58.59,60.3739,60.3739,1,1,0.5,1,0.6667,1,0.75,1,0.6923,
24,0.12,xenium_human_kidney_nondiseased,316.852,9439.0405,29.79,66.6259,66.6259,1,1,1.0,1,1.0,1,1.0,1,0.9815,
25,0.12,xenium_human_kidney_nondiseased,320.6446,9267.2427,28.9,68.4286,68.4286,1,1,1.0,1,1.0,1,1.0,1,0.9767,
26,0.12,xenium_human_kidney_nondiseased,77.7003,9055.5714,116.54,76.1431,79.1161,2,0,0.0,0,0.0,1,0.3333,1,0.2,
27,0.12,xenium_human_kidney_nondiseased,115.6764,9283.3168,80.26,72.2015,74.1167,6,0,0.0,0,0.0,1,0.2727,1,0.3269,
28,0.12,xenium_human_kidney_nondiseased,290.8646,9204.8302,31.65,65.3109,65.3109,1,1,1.0,1,1.0,1,1.0,1,0.9524,
29,0.12,xenium_human_kidney_nondiseased,291.801,9314.9629,31.92,63.628,63.628,1,1,1.0,1,1.0,1,1.0,1,1.0,
30,0.12,xenium_human_kidney_nondiseased,296.8924,9339.2527,31.46,60.2231,60.2231,1,1,1.0,1,1.0,1,1.0,1,1.0,
31,0.12,xenium_human_kidney_nondiseased,97.8741,9020.3941,92.16,77.7924,79.989,3,0,0.0,0,0.0,1,0.3333,1,0.3191,
32,0.12,xenium_human_kidney_nondiseased,263.9836,9674.7417,36.65,55.0263,55.0263,1,1,1.0,1,1.0,1,1.0,1,0.8889,
33,0.12,xenium_human_kidney_nondiseased,301.7912,9188.5018,30.45,71.4937,71.4937,1,1,1.0,1,0.8,1,0.9286,1,0.9379,
34,0.12,xenium_human_kidney_nondiseased,48.3012,8844.171,183.1,90.5825,,-1,0,0.0,0,0.0,0,0.0,0,0.0,
35,0.12,xenium_human_kidney_nondiseased,325.5309,9283.1674,28.52,66.3804,66.3804,1,1,1.0,1,1.0,1,0.9697,1,0.9754,
36,0.12,xenium_human_kidney_nondiseased,322.2838,9165.8104,28.44,64.9728,64.9728,1,1,1.0,1,1.0,1,1.0,1,0.9811,
37,0.12,xenium_human_kidney_nondiseased,290.1036,9434.3702,32.52,54.4402,54.4402,1,1,1.0,1,1.0,1,1.0,1,1.0,
38,0.12,xenium_human_kidney_nondiseased,118.7759,9048.8294,76.19,77.3585,78.189,2,0,0.0,1,0.5,1,0.5,1,0.36,
39,0.12,xenium_human_kidney_nondiseased,304.0997,9306.0102,30.62,58.4638,58.4638,1,1,1.0,1,1.0,1,1.0,1,1.0,
40,0.12,xenium_human_kidney_nondiseased,275.8767,9347.8592,33.9,54.4683,54.4683,1,1,1.0,1,1.0,1,0.8333,1,0.9286,
41,0.12,xenium_human_kidney_nondiseased,96.3649,9110.1991,94.54,81.3084,82.0954,3,0,0.0,1,0.1667,1,0.1724,1,0.1972,
42,0.12,xenium_human_kidney_nondiseased,245.0577,9269.2803,37.85,68.3466,68.3466,1,1,1.0,1,1.0,1,0.8,1,0.7037,
43,0.12,xenium_human_kidney_nondiseased,98.3896,9022.5166,91.72,81.6526,81.6526,1,1,1.0,1,0.5,1,0.3,1,0.2143,
44,0.12,xenium_human_kidney_nondiseased,53.7107,8933.8107,166.35,86.1595,90.9764,17,0,0.0,0,0.0,0,0.0,1,0.0154,
45,0.12,xenium_human_kidney_nondiseased,310.4444,9382.5023,30.24,58.4664,58.4664,1,1,1.0,1,1.0,1,1.0,1,1.0,
46,0.12,xenium_human_kidney_nondiseased,320.4663,9233.0504,28.82,71.5535,71.5535,1,1,1.0,1,1.0,1,1.0,1,0.9739,
47,0.12,xenium_human_kidney_nondiseased,252.1457,9348.089,37.07,60.1915,60.1915,1,1,1.0,1,1.0,1,0.5,1,0.8095,
48,0.12,xenium_human_kidney_nondiseased,161.1576,9234.2862,57.33,76.8102,77.5492,3,0,0.0,1,0.5714,1,0.6,1,0.6495,
49,0.12,xenium_human_kidney_nondiseased,275.6506,9264.4712,33.63,69.7665,69.7665,1,1,1.0,1,1.0,1,0.9091,1,0.9432,
50,0.12,xenium_human_kidney_nondiseased,272.3579,9259.7097,34.02,68.1069,68.1069,1,1,1.0,1,0.8571,1,0.9412,1,0.9545,
51,0.12,xenium_human_kidney_nondiseased,296.5507,9212.4966,31.08,64.6732,64.6732,1,1,1.0,1,1.0,1,1.0,1,1.0,
52,0.12,xenium_human_kidney_nondiseased,295.8248,9341.0645,31.59,57.4321,57.4321,1,1,1.0,1,1.0,1,1.0,1,1.0,
53,0.12,xenium_human_kidney_nondiseased,315.5956,9307.3491,29.5,58.9097,58.9097,1,1,1.0,1,1.0,1,1.0,1,1.0,
54,0.12,xenium_human_kidney_nondiseased,314.3171,9210.1751,29.31,66.8666,66.8666,1,1,1.0,1,1.0,1,1.0,1,0.9565,
55,0.12,xenium_human_kidney_nondiseased,302.6123,9291.5097,30.71,61.9982,61.9982,1,1,1.0,1,1.0,1,1.0,1,0.9821,
56,0.12,xenium_human_kidney_nondiseased,299.7996,9317.9845,31.09,61.0214,61.0214,1,1,1.0,1,1.0,1,1.0,1,1.0,
57,0.12,xenium_human_kidney_nondiseased,291.0637,9228.0762,31.72,72.12,72.12,1,1,1.0,1,1.0,1,1.0,1,0.9615,
58,0.12,xenium_human_kidney_nondiseased,252.6991,9249.5518,36.61,67.9544,67.9544,1,1,1.0,1,1.0,1,0.9286,1,0.9275,
59,0.12,xenium_human_kidney_nondiseased,293.5151,9293.8917,31.67,64.3246,64.3246,1,1,1.0,1,1.0,1,1.0,1,1.0,
60,0.12,xenium_human_kidney_nondiseased,102.4056,9013.5484,88.03,82.111,83.0482,6,0,0.0,1,0.1818,1,0.25,1,0.2081,
61,0.12,xenium_human_kidney_nondiseased,309.5268,9229.189,29.82,62.7991,62.7991,1,1,1.0,1,1.0,1,1.0,1,0.9868,
62,0.12,xenium_human_kidney_nondiseased,73.0141,9039.3438,123.81,77.9745,78.857,2,0,0.0,1,0.5,1,0.25,1,0.1923,
63,0.12,xenium_human_kidney_nondiseased,131.448,9124.6256,69.43,78.1028,78.1028,1,1,1.0,1,0.6667,1,0.5,1,0.5,
64,0.12,xenium_human_kidney_nondiseased,36.7097,8797.3077,239.64,100.8298,,-1,0,0.0,0,0.0,0,0.0,0,0.0,
65,0.12,xenium_human_kidney_nondiseased,281.9717,9345.5234,33.16,65.2969,65.2969,1,1,1.0,1,1.0,1,0.9167,1,0.9865,
66,0.12,xenium_human_kidney_nondiseased,302.7075,9417.3984,31.12,57.6253,57.6253,1,1,1.0,1,1.0,1,1.0,1,1.0,
67,0.12,xenium_human_kidney_nondiseased,70.3659,8980.2821,127.63,83.9108,83.9437,2,1,0.2,1,0.2,1,0.1481,1,0.0491,
68,0.12,xenium_human_kidney_nondiseased,299.2066,9345.3281,31.24,56.79,56.79,1,1,1.0,1,1.0,1,1.0,1,1.0,
69,0.12,xenium_human_kidney_nondiseased,106.4546,9052.065,85.03,81.0997,81.0997,1,1,0.3333,1,0.5,1,0.375,1,0.2661,
70,0.12,xenium_human_kidney_nondiseased,290.5751,9189.9654,31.64,70.5892,70.5892,1,1,1.0,1,1.0,1,1.0,1,0.982,
71,0.12,xenium_human_kidney_nondiseased,300.662,9158.3956,30.47,65.7592,65.7592,1,1,1.0,1,1.0,1,0.9231,1,0.9867,
72,0.12,xenium_human_kidney_nondiseased,303.3157,9356.1617,30.87,54.5407,54.5407,1,1,1.0,1,1.0,1,1.0,1,1.0,
73,0.12,xenium_human_kidney_nondiseased,187.6756,9240.9392,49.27,71.5473,71.5473,1,1,1.0,1,0.75,1,0.9167,1,0.7424,
74,0.12,xenium_human_kidney_nondiseased,220.0604,9328.6896,42.4,69.5529,69.5529,1,1,1.0,1,0.5,1,0.8333,1,0.8077,
75,0.12,xenium_human_kidney_nondiseased,172.0071,9163.847,53.31,77.9849,77.9849,1,1,0.6667,1,0.5,1,0.4211,1,0.5082,
76,0.12,xenium_human_kidney_nondiseased,297.8545,9190.7495,30.88,65.9228,65.9228,1,1,1.0,1,1.0,1,1.0,1,1.0,
77,0.12,xenium_human_kidney_nondiseased,166.6509,9078.0729,54.5,77.0108,77.0108,1,1,1.0,1,0.8571,1,0.7778,1,0.5968,
78,0.12,xenium_human_kidney_nondiseased,292.0038,9381.4521,32.15,55.8948,55.8948,1,1,1.0,1,1.0,1,1.0,1,1.0,
79,0.12,xenium_human_kidney_nondiseased,208.3312,9243.822,44.41,73.8989,73.8989,1,1,1.0,1,0.5,1,0.8571,1,0.7909,
80,0.12,xenium_human_kidney_nondiseased,296.3079,9300.5965,31.39,61.4775,61.4775,1,1,1.0,1,1.0,1,1.0,1,1.0,
81,0.12,xenium_human_kidney_nondiseased,285.5629,9108.3774,31.9,70.616,70.616,1,1,1.0,1,1.0,1,1.0,1,1.0,
82,0.12,xenium_human_kidney_nondiseased,229.7402,9297.2202,40.47,67.1344,67.1344,1,1,1.0,1,0.8889,1,0.6316,1,0.7606,
83,0.12,xenium_human_kidney_nondiseased,301.4837,9192.44,30.5,65.8154,65.8154,1,1,1.0,1,1.0,1,1.0,1,1.0,
84,0.12,xenium_human_kidney_nondiseased,221.9657,9820.3715,44.23,42.4762,42.4762,1,1,1.0,1,1.0,1,1.0,1,0.8,
85,0.12,xenium_human_kidney_nondiseased,36.8487,8823.2867,239.45,95.6316,,-1,0,0.0,0,0.0,0,0.0,0,0.0,
86,0.12,xenium_human_kidney_nondiseased,303.1927,9313.3905,30.72,58.2252,58.2252,1,1,1.0,1,1.0,1,1.0,1,1.0,
87,0.12,xenium_human_kidney_nondiseased,79.0788,9242.3446,116.88,73.5669,74.7279,2,0,0.0,1,0.3333,1,0.6,1,0.4737,
88,0.12,xenium_human_kidney_nondiseased,182.4146,9160.0383,50.24,75.1401,75.1401,1,1,1.0,1,0.75,1,0.6727,1,0.5972,
89,0.12,xenium_human_kidney_nondiseased,280.8381,9228.4542,32.88,68.341,68.341,1,1,1.0,1,1.0,1,0.875,1,0.8889,
90,0.12,xenium_human_kidney_nondiseased,72.7419,9014.6343,123.92,83.912,87.1738,11,0,0.0,0,0.0,1,0.0909,1,0.0333,
91,0.12,xenium_human_kidney_nondiseased,303.1892,9463.8039,31.23,58.743,58.743,1,1,1.0,1,1.0,1,1.0,1,1.0,
92,0.12,xenium_human_kidney_nondiseased,267.2822,9281.0501,34.75,65.9585,66.7911,2,0,0.0,1,0.4,1,0.6154,1,0.8846,
93,0.12,xenium_human_kidney_nondiseased,303.5622,9321.5739,30.73,62.1645,62.1645,1,1,1.0,1,1.0,1,1.0,1,1.0,
94,0.12,xenium_human_kidney_nondiseased,266.3951,9178.519,34.47,71.1774,71.1774,1,1,1.0,1,1.0,1,0.9091,1,0.9157,
95,0.12,xenium_human_kidney_nondiseased,287.655,9404.0011,32.72,58.5677,58.5677,1,1,1.0,1,1.0,1,0.9375,1,0.9592,
96,0.12,xenium_human_kidney_nondiseased,213.6162,9119.0822,42.72,74.2748,74.2748,1,1,1.0,1,1.0,1,0.95,1,0.7582,
97,0.12,xenium_human_kidney_nondiseased,163.1961,9116.7752,55.9,74.7465,78.3077,4,0,0.0,0,0.0,0,0.0,1,0.5217,
98,0.12,xenium_human_kidney_nondiseased,68.2641,8931.4615,130.84,85.218,87.531,7,0,0.0,0,0.0,1,0.0769,1,0.0244,
99,0.12,xenium_human_kidney_nondiseased,294.8831,9203.3617,31.22,62.1326,62.1326,1,1,1.0,1,1.0,1,1.0,1,1.0,
0,0.14,xenium_human_kidney_nondiseased,327.3156,9649.0644,29.79,55.0871,55.0871,1,1,1.0,1,1.0,1,1.0,1,1.0,
1,0.14,xenium_human_kidney_nondiseased,327.9057,9212.1722,28.19,70.8632,70.8632,1,1,1.0,1,1.0,1,1.0,1,0.9868,
2,0.14,xenium_human_kidney_nondiseased,341.5962,9210.8738,27.02,69.3708,69.3708,1,1,1.0,1,1.0,1,1.0,1,0.9226,
3,0.14,xenium_human_kidney_nondiseased,337.3827,9299.3172,27.6,67.621,67.621,1,1,1.0,1,1.0,1,1.0,1,1.0,
4,0.14,xenium_human_kidney_nondiseased,333.721,9513.4775,28.51,54.4661,54.4661,1,1,1.0,1,1.0,1,1.0,1,1.0,
5,0.14,xenium_human_kidney_nondiseased,331.0497,9320.4576,28.15,65.486,65.486,1,1,1.0,1,1.0,1,1.0,1,0.9677,
6,0.14,xenium_human_kidney_nondiseased,169.4209,9014.8858,53.2,78.8659,78.8659,1,1,1.0,1,1.0,1,0.5,1,0.4444,
7,0.14,xenium_human_kidney_nondiseased,316.23,9528.3842,30.13,54.8858,54.8858,1,1,1.0,1,1.0,1,1.0,1,1.0,
8,0.14,xenium_human_kidney_nondiseased,333.566,9379.7322,28.12,61.4796,61.4796,1,1,1.0,1,1.0,1,1.0,1,1.0,
9,0.14,xenium_human_kidney_nondiseased,338.4958,9237.7128,27.28,70.2012,70.2012,1,1,1.0,1,0.9091,1,0.9474,1,0.9007,
10,0.14,xenium_human_kidney_nondiseased,336.8403,9396.7065,27.89,60.0133,60.0133,1,1,1.0,1,1.0,1,1.0,1,0.9853,
11,0.14,xenium_human_kidney_nondiseased,330.4516,9433.1031,28.54,62.8194,62.8194,1,1,1.0,1,1.0,1,1.0,1,1.0,
12,0.14,xenium_human_kidney_nondiseased,330.893,9362.4422,28.29,58.7145,58.7145,1,1,1.0,1,1.0,1,1.0,1,1.0,
13,0.14,xenium_human_kidney_nondiseased,328.8124,9272.3168,28.19,62.9089,62.9089,1,1,1.0,1,1.0,1,1.0,1,1.0,
14,0.14,xenium_human_kidney_nondiseased,75.2883,8883.8626,118.01,88.7807,94.2883,27,0,0.0,0,0.0,0,0.0,1,0.0328,
15,0.14,xenium_human_kidney_nondiseased,332.4453,9578.8471,28.8,55.7185,55.7185,1,1,1.0,1,1.0,1,1.0,1,1.0,
16,0.14,xenium_human_kidney_nondiseased,337.8309,9364.4973,27.71,59.519,59.519,1,1,1.0,1,1.0,1,1.0,1,1.0,
17,0.14,xenium_human_kidney_nondiseased,339.1885,9183.5275,27.07,66.2106,66.2106,1,1,1.0,1,1.0,1,0.9375,1,0.9747,
18,0.14,xenium_human_kidney_nondiseased,330.4904,9219.7729,27.89,64.7085,64.7085,1,1,1.0,1,1.0,1,1.0,1,1.0,
19,0.14,xenium_human_kidney_nondiseased,330.4428,9346.2457,28.28,66.2135,66.2135,1,1,1.0,1,1.0,1,1.0,1,1.0,
20,0.14,xenium_human_kidney_nondiseased,316.1063,9169.7398,29.0,76.0854,76.0854,1,1,1.0,1,1.0,1,1.0,1,0.918,
21,0.14,xenium_human_kidney_nondiseased,44.6565,8731.9509,195.54,94.8702,,-1,0,0.0,0,0.0,0,0.0,0,0.0,
22,0.14,xenium_human_kidney_nondiseased,329.9835,9330.4097,28.27,68.9536,68.9536,1,1,1.0,1,1.0,1,1.0,1,0.9714,
23,0.14,xenium_human_kidney_nondiseased,233.0841,9530.7641,40.88,60.3739,60.3739,1,1,0.5,1,0.6667,1,0.75,1,0.7692,
24,0.14,xenium_human_kidney_nondiseased,339.1187,9439.0405,27.83,66.6259,66.6259,1,1,1.0,1,1.0,1,1.0,1,0.9815,
25,0.14,xenium_human_kidney_nondiseased,331.4639,9267.2427,27.94,68.4286,68.4286,1,1,1.0,1,1.0,1,1.0,1,0.9767,
26,0.14,xenium_human_kidney_nondiseased,131.1721,9055.5714,69.04,76.1431,76.1431,1,1,1.0,1,1.0,1,1.0,1,0.8,
27,0.14,xenium_human_kidney_nondiseased,172.4656,9283.3168,53.83,72.2015,72.2015,1,1,0.3333,1,0.25,1,0.3636,1,0.4808,
28,0.14,xenium_human_kidney_nondiseased,323.3938,9204.8302,28.46,65.3109,65.3109,1,1,1.0,1,1.0,1,1.0,1,1.0,
29,0.14,xenium_human_kidney_nondiseased,304.1375,9314.9629,30.62,63.628,63.628,1,1,1.0,1,1.0,1,1.0,1,1.0,
30,0.14,xenium_human_kidney_nondiseased,335.6435,9339.2527,27.82,60.2231,60.2231,1,1,1.0,1,1.0,1,1.0,1,1.0,
31,0.14,xenium_human_kidney_nondiseased,219.6984,9020.3941,41.05,77.7924,79.989,3,0,0.0,0,0.0,1,0.6667,1,0.7234,
32,0.14,xenium_human_kidney_nondiseased,329.2655,9674.7417,29.38,55.0263,55.0263,1,1,1.0,1,1.0,1,1.0,1,1.0,
33,0.14,xenium_human_kidney_nondiseased,329.2803,9188.5018,27.9,71.4937,71.4937,1,1,1.0,1,1.0,1,0.9643,1,0.9586,
34,0.14,xenium_human_kidney_nondiseased,53.3377,8844.171,165.82,90.5825,,-1,0,0.0,0,0.0,0,0.0,0,0.0,
35,0.14,xenium_human_kidney_nondiseased,317.3022,9283.1674,29.25,66.3804,66.3804,1,1,1.0,1,1.0,1,0.9697,1,0.9754,
36,0.14,xenium_human_kidney_nondiseased,313.1517,9165.8104,29.27,64.9728,64.9728,1,1,1.0,1,1.0,1,1.0,1,0.9811,
37,0.14,xenium_human_kidney_nondiseased,331.5542,9434.3702,28.45,54.4402,54.4402,1,1,1.0,1,1.0,1,1.0,1,1.0,
38,0.14,xenium_human_kidney_nondiseased,282.2272,9048.8294,32.06,77.3585,77.3585,1,1,1.0,1,1.0,1,1.0,1,0.92,
39,0.14,xenium_human_kidney_nondiseased,335.6767,9306.0102,27.72,58.4638,58.4638,1,1,1.0,1,1.0,1,1.0,1,1.0,
40,0.14,xenium_human_kidney_nondiseased,303.4691,9347.8592,30.8,54.4683,54.4683,1,1,1.0,1,1.0,1,1.0,1,1.0,
41,0.14,xenium_human_kidney_nondiseased,160.1757,9110.1991,56.88,81.3084,82.0954,3,0,0.0,1,0.1667,1,0.5172,1,0.5282,
42,0.14,xenium_human_kidney_nondiseased,302.1004,9269.2803,30.68,68.3466,68.3466,1,1,1.0,1,1.0,1,1.0,1,1.0,
43,0.14,xenium_human_kidney_nondiseased,167.483,9022.5166,53.87,81.6526,81.6526,1,1,1.0,1,0.5,1,0.6,1,0.5,
44,0.14,xenium_human_kidney_nondiseased,74.6311,8933.8107,119.71,86.1595,86.1595,1,1,1.0,1,0.5,1,0.2,1,0.1692,
45,0.14,xenium_human_kidney_nondiseased,305.5028,9382.5023,30.71,58.4664,58.4664,1,1,1.0,1,1.0,1,1.0,1,1.0,
46,0.14,xenium_human_kidney_nondiseased,321.4552,9233.0504,28.72,71.5535,71.5535,1,1,1.0,1,1.0,1,1.0,1,0.9739,
47,0.14,xenium_human_kidney_nondiseased,321.198,9348.089,29.1,60.1915,60.1915,1,1,1.0,1,1.0,1,1.0,1,1.0,
48,0.14,xenium_human_kidney_nondiseased,289.5178,9234.2862,31.89,76.8102,77.1711,2,1,0.5,1,0.8571,1,0.96,1,0.9278,
49,0.14,xenium_human_kidney_nondiseased,307.0379,9264.4712,30.17,69.7665,69.7665,1,1,1.0,1,1.0,1,0.9091,1,0.9659,
50,0.14,xenium_human_kidney_nondiseased,302.881,9259.7097,30.57,68.1069,68.1069,1,1,1.0,1,1.0,1,1.0,1,1.0,
51,0.14,xenium_human_kidney_nondiseased,306.7761,9212.4966,30.02,64.6732,64.6732,1,1,1.0,1,1.0,1,1.0,1,1.0,
52,0.14,xenium_human_kidney_nondiseased,304.8781,9341.0645,30.63,57.4321,57.4321,1,1,1.0,1,1.0,1,1.0,1,1.0,
53,0.14,xenium_human_kidney_nondiseased,317.2142,9307.3491,29.33,58.9097,58.9097,1,1,1.0,1,1.0,1,1.0,1,1.0,
54,0.14,xenium_human_kidney_nondiseased,312.2872,9210.1751,29.49,66.8666,66.8666,1,1,1.0,1,1.0,1,1.0,1,0.9565,
55,0.14,xenium_human_kidney_nondiseased,321.8288,9291.5097,28.87,61.9982,61.9982,1,1,1.0,1,1.0,1,1.0,1,0.9821,
56,0.14,xenium_human_kidney_nondiseased,313.5534,9317.9845,29.71,61.0214,61.0214,1,1,1.0,1,1.0,1,1.0,1,1.0,
57,0.14,xenium_human_kidney_nondiseased,307.2223,9228.0762,30.03,72.12,72.12,1,1,1.0,1,1.0,1,1.0,1,0.9615,
58,0.14,xenium_human_kidney_nondiseased,302.0306,9249.5518,30.61,67.9544,67.9544,1,1,1.0,1,1.0,1,1.0,1,0.9855,
59,0.14,xenium_human_kidney_nondiseased,315.0461,9293.8917,29.49,64.3246,64.3246,1,1,1.0,1,1.0,1,1.0,1,1.0,
60,0.14,xenium_human_kidney_nondiseased,175.4258,9013.5484,51.37,82.111,82.111,1,1,0.6667,1,0.6364,1,0.5938,1,0.5302,
61,0.14,xenium_human_kidney_nondiseased,317.4465,9229.189,29.07,62.7991,62.7991,1,1,1.0,1,1.0,1,1.0,1,0.9868,
62,0.14,xenium_human_kidney_nondiseased,128.8296,9039.3438,70.17,77.9745,78.857,2,0,0.0,1,0.5,1,0.25,1,0.4615,
63,0.14,xenium_human_kidney_nondiseased,232.556,9124.6256,39.23,78.1028,78.1028,1,1,1.0,1,1.0,1,0.875,1,0.8611,
64,0.14,xenium_human_kidney_nondiseased,43.9874,8797.3077,200.0,100.8298,,-1,0,0.0,0,0.0,0,0.0,0,0.0,
65,0.14,xenium_human_kidney_nondiseased,303.1799,9345.5234,30.82,65.2969,65.2969,1,1,1.0,1,1.0,1,1.0,1,1.0,
66,0.14,xenium_human_kidney_nondiseased,305.3052,9417.3984,30.84,57.6253,57.6253,1,1,1.0,1,1.0,1,1.0,1,1.0,
67,0.14,xenium_human_kidney_nondiseased,109.6171,8980.2821,81.93,83.9108,83.9437,2,1,0.4,1,0.3,1,0.2593,1,0.2025,
68,0.14,xenium_human_kidney_nondiseased,307.6267,9345.3281,30.37,56.79,56.79,1,1,1.0,1,1.0,1,1.0,1,1.0,
69,0.14,xenium_human_kidney_nondiseased,185.6788,9052.065,48.74,81.0997,81.0997,1,1,0.3333,1,0.5,1,0.625,1,0.6055,
70,0.14,xenium_human_kidney_nondiseased,314.6486,9189.9654,29.2,70.5892,70.5892,1,1,1.0,1,1.0,1,1.0,1,0.982,
71,0.14,xenium_human_kidney_nondiseased,317.3411,9158.3956,28.84,65.7592,65.7592,1,1,1.0,1,1.0,1,0.9231,1,0.9867,
72,0.14,xenium_human_kidney_nondiseased,310.3987,9356.1617,30.15,54.5407,54.5407,1,1,1.0,1,1.0,1,1.0,1,1.0,
73,0.14,xenium_human_kidney_nondiseased,286.0838,9240.9392,32.29,71.5473,71.5473,1,1,1.0,1,1.0,1,1.0,1,0.9848,
74,0.14,xenium_human_kidney_nondiseased,306.3741,9328.6896,30.44,69.5529,69.5529,1,1,1.0,1,1.0,1,1.0,1,1.0,
75,0.14,xenium_human_kidney_nondiseased,302.6694,9163.847,30.27,77.9849,77.9849,1,1,1.0,1,1.0,1,0.9474,1,0.9262,
76,0.14,xenium_human_kidney_nondiseased,322.339,9190.7495,28.51,65.9228,65.9228,1,1,1.0,1,1.0,1,1.0,1,1.0,
77,0.14,xenium_human_kidney_nondiseased,302.2579,9078.0729,30.03,77.0108,77.0108,1,1,1.0,1,1.0,1,1.0,1,0.9839,
78,0.14,xenium_human_kidney_nondiseased,305.8243,9381.4521,30.67,55.8948,55.8948,1,1,1.0,1,1.0,1,1.0,1,1.0,
79,0.14,xenium_human_kidney_nondiseased,302.2458,9243.822,30.58,73.8989,73.8989,1,1,1.0,1,1.0,1,1.0,1,0.9909,
80,0.14,xenium_human_kidney_nondiseased,307.2453,9300.5965,30.26,61.4775,61.4775,1,1,1.0,1,1.0,1,1.0,1,1.0,
81,0.14,xenium_human_kidney_nondiseased,306.9981,9108.3774,29.66,70.616,70.616,1,1,1.0,1,1.0,1,1.0,1,0.9762,
82,0.14,xenium_human_kidney_nondiseased,307.5768,9297.2202,30.22,67.1344,67.1344,1,1,1.0,1,1.0,1,1.0,1,0.9859,
83,0.14,xenium_human_kidney_nondiseased,320.8348,9192.44,28.65,65.8154,65.8154,1,1,1.0,1,1.0,1,1.0,1,1.0,
84,0.14,xenium_human_kidney_nondiseased,290.1298,9820.3715,33.84,42.4762,42.4762,1,1,1.0,1,1.0,1,1.0,1,0.8,
85,0.14,xenium_human_kidney_nondiseased,47.3195,8823.2867,186.46,95.6316,,-1,0,0.0,0,0.0,0,0.0,0,0.0,
86,0.14,xenium_human_kidney_nondiseased,315.8538,9313.3905,29.48,58.2252,58.2252,1,1,1.0,1,1.0,1,1.0,1,1.0,
87,0.14,xenium_human_kidney_nondiseased,128.0508,9242.3446,72.17,73.5669,74.7279,2,0,0.0,1,0.3333,1,0.6,1,0.5789,
88,0.14,xenium_human_kidney_nondiseased,299.9357,9160.0383,30.54,75.1401,75.1401,1,1,1.0,1,1.0,1,0.9455,1,0.9289,
89,0.14,xenium_human_kidney_nondiseased,307.9388,9228.4542,29.97,68.341,68.341,1,1,1.0,1,1.0,1,0.875,1,0.9365,
90,0.14,xenium_human_kidney_nondiseased,102.3304,9014.6343,88.09,83.912,86.1538,6,0,0.0,0,0.0,1,0.2727,1,0.2,
91,0.14,xenium_human_kidney_nondiseased,319.4118,9463.8039,29.63,58.743,58.743,1,1,1.0,1,1.0,1,1.0,1,1.0,
92,0.14,xenium_human_kidney_nondiseased,314.3112,9281.0501,29.52,65.9585,65.9585,1,1,1.0,1,1.0,1,1.0,1,1.0,
93,0.14,xenium_human_kidney_nondiseased,309.9939,9321.5739,30.07,62.1645,62.1645,1,1,1.0,1,1.0,1,1.0,1,1.0,
94,0.14,xenium_human_kidney_nondiseased,304.4508,9178.519,30.14,71.1774,71.1774,1,1,1.0,1,1.0,1,1.0,1,0.988,
95,0.14,xenium_human_kidney_nondiseased,303.7221,9404.0011,30.96,58.5677,58.5677,1,1,1.0,1,1.0,1,1.0,1,1.0,
96,0.14,xenium_human_kidney_nondiseased,307.2764,9119.0822,29.67,74.2748,74.2748,1,1,1.0,1,1.0,1,1.0,1,0.9451,
97,0.14,xenium_human_kidney_nondiseased,303.6165,9116.7752,30.03,74.7465,74.7465,1,1,1.0,1,1.0,1,1.0,1,0.9565,
98,0.14,xenium_human_kidney_nondiseased,99.9739,8931.4615,89.35,85.218,87.531,7,0,0.0,0,0.0,1,0.2308,1,0.122,
99,0.14,xenium_human_kidney_nondiseased,319.393,9203.3617,28.8,62.1326,62.1326,1,1,1.0,1,1.0,1,1.0,1,1.0,
0,0.16,xenium_human_kidney_nondiseased,336.9548,9649.0644,28.82,55.0871,55.0871,1,1,1.0,1,1.0,1,1.0,1,1.0,
1,0.16,xenium_human_kidney_nondiseased,342.4247,9212.1722,26.98,70.8632,70.8632,1,1,1.0,1,1.0,1,1.0,1,0.9868,
2,0.16,xenium_human_kidney_nondiseased,340.2354,9210.8738,27.12,69.3708,69.3708,1,1,1.0,1,1.0,1,1.0,1,0.9226,
3,0.16,xenium_human_kidney_nondiseased,336.7793,9299.3172,27.63,67.621,67.621,1,1,1.0,1,1.0,1,1.0,1,1.0,
4,0.16,xenium_human_kidney_nondiseased,342.7648,9513.4775,27.76,54.4661,54.4661,1,1,1.0,1,1.0,1,1.0,1,1.0,
5,0.16,xenium_human_kidney_nondiseased,344.433,9320.4576,27.06,65.486,65.486,1,1,1.0,1,1.0,1,1.0,1,0.9677,
6,0.16,xenium_human_kidney_nondiseased,321.5147,9014.8858,28.03,78.8659,78.8659,1,1,1.0,1,1.0,1,1.0,1,1.0,
7,0.16,xenium_human_kidney_nondiseased,334.0319,9528.3842,28.52,54.8858,54.8858,1,1,1.0,1,1.0,1,1.0,1,1.0,
8,0.16,xenium_human_kidney_nondiseased,333.2739,9379.7322,28.14,61.4796,61.4796,1,1,1.0,1,1.0,1,1.0,1,1.0,
9,0.16,xenium_human_kidney_nondiseased,342.6554,9237.7128,26.96,70.2012,70.2012,1,1,1.0,1,0.9091,1,0.9474,1,0.9007,
10,0.16,xenium_human_kidney_nondiseased,346.1289,9396.7065,27.15,60.0133,60.0133,1,1,1.0,1,1.0,1,1.0,1,0.9853,
11,0.16,xenium_human_kidney_nondiseased,342.8652,9433.1031,27.51,62.8194,62.8194,1,1,1.0,1,1.0,1,1.0,1,1.0,
12,0.16,xenium_human_kidney_nondiseased,326.5584,9362.4422,28.67,58.7145,58.7145,1,1,1.0,1,1.0,1,1.0,1,1.0,
13,0.16,xenium_human_kidney_nondiseased,325.0085,9272.3168,28.52,62.9089,62.9089,1,1,1.0,1,1.0,1,1.0,1,1.0,
14,0.16,xenium_human_kidney_nondiseased,99.2115,8883.8626,89.54,88.7807,93.3555,12,0,0.0,0,0.0,0,0.0,1,0.1803,
15,0.16,xenium_human_kidney_nondiseased,322.4619,9578.8471,29.7,55.7185,55.7185,1,1,1.0,1,1.0,1,1.0,1,1.0,
16,0.16,xenium_human_kidney_nondiseased,339.8472,9364.4973,27.55,59.519,59.519,1,1,1.0,1,1.0,1,1.0,1,1.0,
17,0.16,xenium_human_kidney_nondiseased,343.7397,9183.5275,26.71,66.2106,66.2106,1,1,1.0,1,1.0,1,0.9375,1,0.9747,
18,0.16,xenium_human_kidney_nondiseased,341.6589,9219.7729,26.98,64.7085,64.7085,1,1,1.0,1,1.0,1,1.0,1,1.0,
19,0.16,xenium_human_kidney_nondiseased,321.9014,9346.2457,29.03,66.2135,66.2135,1,1,1.0,1,1.0,1,1.0,1,1.0,
20,0.16,xenium_human_kidney_nondiseased,309.7297,9169.7398,29.61,76.0854,76.0854,1,1,1.0,1,1.0,1,1.0,1,0.918,
21,0.16,xenium_human_kidney_nondiseased,48.3253,8731.9509,180.69,94.8702,,-1,0,0.0,0,0.0,0,0.0,0,0.0,
22,0.16,xenium_human_kidney_nondiseased,314.7108,9330.4097,29.65,68.9536,68.9536,1,1,1.0,1,1.0,1,1.0,1,0.9714,
23,0.16,xenium_human_kidney_nondiseased,291.517,9530.7641,32.69,60.3739,60.3739,1,1,0.5,1,0.6667,1,0.75,1,0.9231,
24,0.16,xenium_human_kidney_nondiseased,342.7965,9439.0405,27.53,66.6259,66.6259,1,1,1.0,1,1.0,1,1.0,1,0.9815,
25,0.16,xenium_human_kidney_nondiseased,341.7837,9267.2427,27.11,68.4286,68.4286,1,1,1.0,1,1.0,1,1.0,1,0.9767,
26,0.16,xenium_human_kidney_nondiseased,243.475,9055.5714,37.2,76.1431,76.1431,1,1,1.0,1,1.0,1,1.0,1,1.0,
27,0.16,xenium_human_kidney_nondiseased,242.7122,9283.3168,38.25,72.2015,72.2015,1,1,0.6667,1,0.75,1,0.6364,1,0.6538,
28,0.16,xenium_human_kidney_nondiseased,318.4896,9204.8302,28.9,65.3109,65.3109,1,1,1.0,1,1.0,1,1.0,1,1.0,
29,0.16,xenium_human_kidney_nondiseased,340.7427,9314.9629,27.34,63.628,63.628,1,1,1.0,1,1.0,1,1.0,1,1.0,
30,0.16,xenium_human_kidney_nondiseased,344.3793,9339.2527,27.12,60.2231,60.2231,1,1,1.0,1,1.0,1,1.0,1,1.0,
31,0.16,xenium_human_kidney_nondiseased,315.9893,9020.3941,28.55,77.7924,77.7924,1,1,1.0,1,1.0,1,1.0,1,0.9681,
32,0.16,xenium_human_kidney_nondiseased,313.9536,9674.7417,30.82,55.0263,55.0263,1,1,1.0,1,1.0,1,1.0,1,1.0,
33,0.16,xenium_human_kidney_nondiseased,327.817,9188.5018,28.04,71.4937,71.4937,1,1,1.0,1,1.0,1,0.9643,1,0.9586,
34,0.16,xenium_human_kidney_nondiseased,61.9963,8844.171,142.66,90.5825,,-1,0,0.0,0,0.0,0,0.0,0,0.0,
35,0.16,xenium_human_kidney_nondiseased,323.4017,9283.1674,28.72,66.3804,66.3804,1,1,1.0,1,1.0,1,0.9697,1,0.9754,
36,0.16,xenium_human_kidney_nondiseased,340.8633,9165.8104,26.9,64.9728,64.9728,1,1,1.0,1,1.0,1,1.0,1,0.9811,
37,0.16,xenium_human_kidney_nondiseased,342.5321,9434.3702,27.55,54.4402,54.4402,1,1,1.0,1,1.0,1,1.0,1,1.0,
38,0.16,xenium_human_kidney_nondiseased,325.3712,9048.8294,27.81,77.3585,77.3585,1,1,1.0,1,1.0,1,1.0,1,0.9333,
39,0.16,xenium_human_kidney_nondiseased,323.2132,9306.0102,28.8,58.4638,58.4638,1,1,1.0,1,1.0,1,1.0,1,1.0,
40,0.16,xenium_human_kidney_nondiseased,313.7652,9347.8592,29.81,54.4683,54.4683,1,1,1.0,1,1.0,1,1.0,1,1.0,
41,0.16,xenium_human_kidney_nondiseased,305.704,9110.1991,29.81,81.3084,81.3084,1,1,1.0,1,1.0,1,1.0,1,0.9507,
42,0.16,xenium_human_kidney_nondiseased,329.3042,9269.2803,28.15,68.3466,68.3466,1,1,1.0,1,1.0,1,1.0,1,1.0,
43,0.16,xenium_human_kidney_nondiseased,324.8151,9022.5166,27.79,81.6526,81.6526,1,1,1.0,1,1.0,1,0.8,1,0.9143,
44,0.16,xenium_human_kidney_nondiseased,126.6757,8933.8107,70.53,86.1595,86.1595,1,1,1.0,1,0.5,1,0.6,1,0.4308,
45,0.16,xenium_human_kidney_nondiseased,334.4636,9382.5023,28.06,58.4664,58.4664,1,1,1.0,1,1.0,1,1.0,1,1.0,
46,0.16,xenium_human_kidney_nondiseased,316.9404,9233.0504,29.14,71.5535,71.5535,1,1,1.0,1,1.0,1,1.0,1,0.9739,
47,0.16,xenium_human_kidney_nondiseased,311.1504,9348.089,30.06,60.1915,60.1915,1,1,1.0,1,1.0,1,1.0,1,1.0,
48,0.16,xenium_human_kidney_nondiseased,308.8197,9234.2862,29.91,76.8102,76.8102,1,1,1.0,1,1.0,1,1.0,1,0.9794,
49,0.16,xenium_human_kidney_nondiseased,327.8177,9264.4712,28.26,69.7665,69.7665,1,1,1.0,1,1.0,1,0.9091,1,0.9659,
50,0.16,xenium_human_kidney_nondiseased,329.5115,9259.7097,28.11,68.1069,68.1069,1,1,1.0,1,1.0,1,1.0,1,1.0,
51,0.16,xenium_human_kidney_nondiseased,322.6772,9212.4966,28.56,64.6732,64.6732,1,1,1.0,1,1.0,1,1.0,1,1.0,
52,0.16,xenium_human_kidney_nondiseased,316.5049,9341.0645,29.52,57.4321,57.4321,1,1,1.0,1,1.0,1,1.0,1,1.0,
53,0.16,xenium_human_kidney_nondiseased,316.2107,9307.3491,29.43,58.9097,58.9097,1,1,1.0,1,1.0,1,1.0,1,1.0,
54,0.16,xenium_human_kidney_nondiseased,314.5106,9210.1751,29.28,66.8666,66.8666,1,1,1.0,1,1.0,1,1.0,1,0.9565,
55,0.16,xenium_human_kidney_nondiseased,326.9981,9291.5097,28.41,61.9982,61.9982,1,1,1.0,1,1.0,1,1.0,1,0.9821,
56,0.16,xenium_human_kidney_nondiseased,332.7935,9317.9845,28.0,61.0214,61.0214,1,1,1.0,1,1.0,1,1.0,1,1.0,
57,0.16,xenium_human_kidney_nondiseased,318.828,9228.0762,28.94,72.12,72.12,1,1,1.0,1,1.0,1,1.0,1,0.9615,
58,0.16,xenium_human_kidney_nondiseased,311.5582,9249.5518,29.69,67.9544,67.9544,1,1,1.0,1,1.0,1,1.0,1,0.9855,
59,0.16,xenium_human_kidney_nondiseased,313.6341,9293.8917,29.63,64.3246,64.3246,1,1,1.0,1,1.0,1,1.0,1,1.0,
60,0.16,xenium_human_kidney_nondiseased,322.7256,9013.5484,27.93,82.111,82.111,1,1,1.0,1,0.9091,1,0.9688,1,0.9262,
61,0.16,xenium_human_kidney_nondiseased,326.709,9229.189,28.25,62.7991,62.7991,1,1,1.0,1,1.0,1,1.0,1,0.9868,
62,0.16,xenium_human_kidney_nondiseased,282.4814,9039.3438,32.0,77.9745,77.9745,1,1,1.0,1,1.0,1,1.0,1,0.9231,
63,0.16,xenium_human_kidney_nondiseased,314.0322,9124.6256,29.06,78.1028,78.1028,1,1,1.0,1,1.0,1,1.0,1,0.9444,
64,0.16,xenium_human_kidney_nondiseased,55.1018,8797.3077,159.66,100.8298,,-1,0,0.0,0,0.0,0,0.0,0,0.0,
65,0.16,xenium_human_kidney_nondiseased,313.544,9345.5234,29.81,65.2969,65.2969,1,1,1.0,1,1.0,1,1.0,1,1.0,
66,0.16,xenium_human_kidney_nondiseased,317.8969,9417.3984,29.62,57.6253,57.6253,1,1,1.0,1,1.0,1,1.0,1,1.0,
67,0.16,xenium_human_kidney_nondiseased,246.1942,8980.2821,36.47,83.9108,83.9108,1,1,0.8,1,0.7,1,0.7037,1,0.7423,
68,0.16,xenium_human_kidney_nondiseased,334.0189,9345.3281,27.98,56.79,56.79,1,1,1.0,1,1.0,1,1.0,1,1.0,
69,0.16,xenium_human_kidney_nondiseased,314.5111,9052.065,28.78,81.0997,81.0997,1,1,1.0,1,1.0,1,0.9375,1,0.8899,
70,0.16,xenium_human_kidney_nondiseased,320.0406,9189.9654,28.72,70.5892,70.5892,1,1,1.0,1,1.0,1,1.0,1,0.982,
71,0.16,xenium_human_kidney_nondiseased,322.6339,9158.3956,28.39,65.7592,65.7592,1,1,1.0,1,1.0,1,0.9231,1,0.9867,
72,0.16,xenium_human_kidney_nondiseased,314.6286,9356.1617,29.73,54.5407,54.5407,1,1,1.0,1,1.0,1,1.0,1,1.0,
73,0.16,xenium_human_kidney_nondiseased,305.8592,9240.9392,30.21,71.5473,71.5473,1,1,1.0,1,1.0,1,1.0,1,1.0,
74,0.16,xenium_human_kidney_nondiseased,322.1725,9328.6896,28.95,69.5529,69.5529,1,1,1.0,1,1.0,1,1.0,1,1.0,
75,0.16,xenium_human_kidney_nondiseased,324.8422,9163.847,28.21,77.9849,77.9849,1,1,1.0,1,1.0,1,0.9474,1,0.9344,
76,0.16,xenium_human_kidney_nondiseased,320.9937,9190.7495,28.63,65.9228,65.9228,1,1,1.0,1,1.0,1,1.0,1,1.0,
77,0.16,xenium_human_kidney_nondiseased,312.768,9078.0729,29.03,77.0108,77.0108,1,1,1.0,1,1.0,1,1.0,1,0.9839,
78,0.16,xenium_human_kidney_nondiseased,315.0534,9381.4521,29.77,55.8948,55.8948,1,1,1.0,1,1.0,1,1.0,1,1.0,
79,0.16,xenium_human_kidney_nondiseased,318.6715,9243.822,29.01,73.8989,73.8989,1,1,1.0,1,1.0,1,1.0,1,0.9909,
80,0.16,xenium_human_kidney_nondiseased,326.8244,9300.5965,28.46,61.4775,61.4775,1,1,1.0,1,1.0,1,1.0,1,1.0,
81,0.16,xenium_human_kidney_nondiseased,322.8854,9108.3774,28.21,70.616,70.616,1,1,1.0,1,1.0,1,1.0,1,0.9762,
82,0.16,xenium_human_kidney_nondiseased,314.4591,9297.2202,29.56,67.1344,67.1344,1,1,1.0,1,1.0,1,1.0,1,0.9859,
83,0.16,xenium_human_kidney_nondiseased,322.7169,9192.44,28.48,65.8154,65.8154,1,1,1.0,1,1.0,1,1.0,1,1.0,
84,0.16,xenium_human_kidney_nondiseased,305.2047,9820.3715,32.18,42.4762,42.4762,1,1,1.0,1,1.0,1,1.0,1,1.0,
85,0.16,xenium_human_kidney_nondiseased,58.8761,8823.2867,149.86,95.6316,,-1,0,0.0,0,0.0,0,0.0,0,0.0,
86,0.16,xenium_human_kidney_nondiseased,325.1563,9313.3905,28.64,58.2252,58.2252,1,1,1.0,1,1.0,1,1.0,1,1.0,
87,0.16,xenium_human_kidney_nondiseased,210.3079,9242.3446,43.95,73.5669,74.7279,2,0,0.0,1,0.3333,1,0.6,1,0.7895,
88,0.16,xenium_human_kidney_nondiseased,324.0989,9160.0383,28.26,75.1401,75.1401,1,1,1.0,1,1.0,1,0.9455,1,0.9289,
89,0.16,xenium_human_kidney_nondiseased,320.0838,9228.4542,28.83,68.341,68.341,1,1,1.0,1,1.0,1,0.875,1,0.9365,
90,0.16,xenium_human_kidney_nondiseased,170.9945,9014.6343,52.72,83.912,83.912,1,1,0.5,1,0.5,1,0.5455,1,0.4833,
91,0.16,xenium_human_kidney_nondiseased,320.5882,9463.8039,29.52,58.743,58.743,1,1,1.0,1,1.0,1,1.0,1,1.0,
92,0.16,xenium_human_kidney_nondiseased,314.9885,9281.0501,29.46,65.9585,65.9585,1,1,1.0,1,1.0,1,1.0,1,1.0,
93,0.16,xenium_human_kidney_nondiseased,322.51,9321.5739,28.9,62.1645,62.1645,1,1,1.0,1,1.0,1,1.0,1,1.0,
94,0.16,xenium_human_kidney_nondiseased,325.0168,9178.519,28.24,71.1774,71.1774,1,1,1.0,1,1.0,1,1.0,1,0.988,
95,0.16,xenium_human_kidney_nondiseased,316.0306,9404.0011,29.75,58.5677,58.5677,1,1,1.0,1,1.0,1,1.0,1,1.0,
96,0.16,xenium_human_kidney_nondiseased,316.7367,9119.0822,28.79,74.2748,74.2748,1,1,1.0,1,1.0,1,1.0,1,0.9451,
97,0.16,xenium_human_kidney_nondiseased,311.7028,9116.7752,29.24,74.7465,74.7465,1,1,1.0,1,1.0,1,1.0,1,0.9565,
98,0.16,xenium_human_kidney_nondiseased,159.3769,8931.4615,56.04,85.218,85.218,1,1,1.0,1,0.3333,1,0.5385,1,0.4146,
99,0.16,xenium_human_kidney_nondiseased,313.491,9203.3617,29.35,62.1326,62.1326,1,1,1.0,1,1.0,1,1.0,1,1.0,
0,0.18,xenium_human_kidney_nondiseased,349.7542,9649.0644,27.88,55.0871,55.0871,1,1,1.0,1,1.0,1,1.0,1,1.0,
1,0.18,xenium_human_kidney_nondiseased,350.3361,9212.1722,26.35,70.8632,70.8632,1,1,1.0,1,1.0,1,1.0,1,0.9868,
2,0.18,xenium_human_kidney_nondiseased,346.2321,9210.8738,26.62,69.3708,69.3708,1,1,1.0,1,1.0,1,1.0,1,0.9226,
3,0.18,xenium_human_kidney_nondiseased,342.5984,9299.3172,27.15,67.621,67.621,1,1,1.0,1,1.0,1,1.0,1,1.0,
4,0.18,xenium_human_kidney_nondiseased,342.0196,9513.4775,27.82,54.4661,54.4661,1,1,1.0,1,1.0,1,1.0,1,1.0,
5,0.18,xenium_human_kidney_nondiseased,343.4796,9320.4576,27.14,65.486,65.486,1,1,1.0,1,1.0,1,1.0,1,0.9677,
6,0.18,xenium_human_kidney_nondiseased,343.2571,9014.8858,26.26,78.8659,78.8659,1,1,1.0,1,1.0,1,1.0,1,0.963,
7,0.18,xenium_human_kidney_nondiseased,346.9073,9528.3842,27.47,54.8858,54.8858,1,1,1.0,1,1.0,1,1.0,1,1.0,
8,0.18,xenium_human_kidney_nondiseased,346.651,9379.7322,27.06,61.4796,61.4796,1,1,1.0,1,1.0,1,1.0,1,1.0,
9,0.18,xenium_human_kidney_nondiseased,344.5016,9237.7128,26.81,70.2012,70.2012,1,1,1.0,1,0.9091,1,0.9474,1,0.9007,
10,0.18,xenium_human_kidney_nondiseased,343.0837,9396.7065,27.39,60.0133,60.0133,1,1,1.0,1,1.0,1,1.0,1,0.9853,
11,0.18,xenium_human_kidney_nondiseased,347.7668,9433.1031,27.12,62.8194,62.8194,1,1,1.0,1,1.0,1,1.0,1,1.0,
12,0.18,xenium_human_kidney_nondiseased,350.5098,9362.4422,26.71,58.7145,58.7145,1,1,1.0,1,1.0,1,1.0,1,1.0,
13,0.18,xenium_human_kidney_nondiseased,349.2357,9272.3168,26.55,62.9089,62.9089,1,1,1.0,1,1.0,1,1.0,1,1.0,
14,0.18,xenium_human_kidney_nondiseased,159.5823,8883.8626,55.67,88.7807,89.9576,2,0,0.0,1,0.5,1,0.2,1,0.4426,
15,0.18,xenium_human_kidney_nondiseased,331.5573,9578.8471,28.89,55.7185,55.7185,1,1,1.0,1,1.0,1,1.0,1,1.0,
16,0.18,xenium_human_kidney_nondiseased,323.1079,9364.4973,28.98,59.519,59.519,1,1,1.0,1,1.0,1,1.0,1,1.0,
17,0.18,xenium_human_kidney_nondiseased,345.3524,9183.5275,26.59,66.2106,66.2106,1,1,1.0,1,1.0,1,0.9375,1,0.9747,
18,0.18,xenium_human_kidney_nondiseased,350.8146,9219.7729,26.28,64.7085,64.7085,1,1,1.0,1,1.0,1,1.0,1,1.0,
19,0.18,xenium_human_kidney_nondiseased,351.2525,9346.2457,26.61,66.2135,66.2135,1,1,1.0,1,1.0,1,1.0,1,1.0,
20,0.18,xenium_human_kidney_nondiseased,335.8863,9169.7398,27.3,76.0854,76.0854,1,1,1.0,1,1.0,1,1.0,1,0.918,
21,0.18,xenium_human_kidney_nondiseased,55.6583,8731.9509,156.88,94.8702,,-1,0,0.0,0,0.0,0,0.0,0,0.0,
22,0.18,xenium_human_kidney_nondiseased,331.8234,9330.4097,28.12,68.9536,68.9536,1,1,1.0,1,1.0,1,1.0,1,0.9714,
23,0.18,xenium_human_kidney_nondiseased,333.8498,9530.7641,28.55,60.3739,60.3739,1,1,1.0,1,1.0,1,1.0,1,1.0,
24,0.18,xenium_human_kidney_nondiseased,349.5075,9439.0405,27.0,66.6259,66.6259,1,1,1.0,1,1.0,1,1.0,1,0.9815,
25,0.18,xenium_human_kidney_nondiseased,341.6119,9267.2427,27.12,68.4286,68.4286,1,1,1.0,1,1.0,1,1.0,1,0.9767,
26,0.18,xenium_human_kidney_nondiseased,322.7207,9055.5714,28.05,76.1431,76.1431,1,1,1.0,1,1.0,1,1.0,1,1.0,
27,0.18,xenium_human_kidney_nondiseased,309.2971,9283.3168,29.99,72.2015,72.2015,1,1,1.0,1,1.0,1,1.0,1,0.9808,
28,0.18,xenium_human_kidney_nondiseased,321.3731,9204.8302,28.63,65.3109,65.3109,1,1,1.0,1,1.0,1,1.0,1,1.0,
29,0.18,xenium_human_kidney_nondiseased,344.8597,9314.9629,27.0,63.628,63.628,1,1,1.0,1,1.0,1,1.0,1,1.0,
30,0.18,xenium_human_kidney_nondiseased,347.7861,9339.2527,26.84,60.2231,60.2231,1,1,1.0,1,1.0,1,1.0,1,1.0,
31,0.18,xenium_human_kidney_nondiseased,332.816,9020.3941,27.09,77.7924,77.7924,1,1,1.0,1,1.0,1,1.0,1,0.9681,
32,0.18,xenium_human_kidney_nondiseased,321.9786,9674.7417,30.03,55.0263,55.0263,1,1,1.0,1,1.0,1,1.0,1,1.0,
33,0.18,xenium_human_kidney_nondiseased,319.0564,9188.5018,28.78,71.4937,71.4937,1,1,1.0,1,1.0,1,0.9643,1,0.9586,
34,0.18,xenium_human_kidney_nondiseased,74.5687,8844.171,118.61,90.5825,96.2779,13,0,0.0,0,0.0,0,0.0,1,0.0385,
35,0.18,xenium_human_kidney_nondiseased,342.7997,9283.1674,27.07,66.3804,66.3804,1,1,1.0,1,1.0,1,0.9697,1,0.9754,
36,0.18,xenium_human_kidney_nondiseased,342.5175,9165.8104,26.75,64.9728,64.9728,1,1,1.0,1,1.0,1,1.0,1,0.9811,
37,0.18,xenium_human_kidney_nondiseased,331.2351,9434.3702,28.47,54.4402,54.4402,1,1,1.0,1,1.0,1,1.0,1,1.0,
38,0.18,xenium_human_kidney_nondiseased,322.8256,9048.8294,28.02,77.3585,77.3585,1,1,1.0,1,1.0,1,1.0,1,0.9333,
39,0.18,xenium_human_kidney_nondiseased,318.6934,9306.0102,29.19,58.4638,58.4638,1,1,1.0,1,1.0,1,1.0,1,1.0,
40,0.18,xenium_human_kidney_nondiseased,320.0049,9347.8592,29.21,54.4683,54.4683,1,1,1.0,1,1.0,1,1.0,1,1.0,
41,0.18,xenium_human_kidney_nondiseased,329.8397,9110.1991,27.62,81.3084,81.3084,1,1,1.0,1,1.0,1,1.0,1,0.9507,
42,0.18,xenium_human_kidney_nondiseased,339.3442,9269.2803,27.32,68.3466,68.3466,1,1,1.0,1,1.0,1,1.0,1,1.0,
43,0.18,xenium_human_kidney_nondiseased,332.5418,9022.5166,27.13,81.6526,81.6526,1,1,1.0,1,1.0,1,0.8,1,0.9143,
44,0.18,xenium_human_kidney_nondiseased,202.8902,8933.8107,44.03,86.1595,86.1595,1,1,1.0,1,1.0,1,0.8,1,0.6769,
45,0.18,xenium_human_kidney_nondiseased,330.509,9382.5023,28.39,58.4664,58.4664,1,1,1.0,1,1.0,1,1.0,1,1.0,
46,0.18,xenium_human_kidney_nondiseased,328.7986,9233.0504,28.08,71.5535,71.5535,1,1,1.0,1,1.0,1,1.0,1,0.9739,
47,0.18,xenium_human_kidney_nondiseased,333.1737,9348.089,28.05,60.1915,60.1915,1,1,1.0,1,1.0,1,1.0,1,1.0,
48,0.18,xenium_human_kidney_nondiseased,338.2821,9234.2862,27.3,76.8102,76.8102,1,1,1.0,1,1.0,1,1.0,1,0.9794,
49,0.18,xenium_human_kidney_nondiseased,337.0328,9264.4712,27.49,69.7665,69.7665,1,1,1.0,1,1.0,1,0.9091,1,0.9659,
50,0.18,xenium_human_kidney_nondiseased,323.8825,9259.7097,28.59,68.1069,68.1069,1,1,1.0,1,1.0,1,1.0,1,1.0,
51,0.18,xenium_human_kidney_nondiseased,325.0324,9212.4966,28.34,64.6732,64.6732,1,1,1.0,1,1.0,1,1.0,1,1.0,
52,0.18,xenium_human_kidney_nondiseased,319.4854,9341.0645,29.23,57.4321,57.4321,1,1,1.0,1,1.0,1,1.0,1,1.0,
53,0.18,xenium_human_kidney_nondiseased,335.835,9307.3491,27.7,58.9097,58.9097,1,1,1.0,1,1.0,1,1.0,1,1.0,
54,0.18,xenium_human_kidney_nondiseased,341.8562,9210.1751,26.94,66.8666,66.8666,1,1,1.0,1,1.0,1,1.0,1,0.9565,
55,0.18,xenium_human_kidney_nondiseased,332.1349,9291.5097,27.97,61.9982,61.9982,1,1,1.0,1,1.0,1,1.0,1,0.9821,
56,0.18,xenium_human_kidney_nondiseased,319.9344,9317.9845,29.12,61.0214,61.0214,1,1,1.0,1,1.0,1,1.0,1,1.0,
57,0.18,xenium_human_kidney_nondiseased,318.3096,9228.0762,28.99,72.12,72.12,1,1,1.0,1,1.0,1,1.0,1,0.9615,
58,0.18,xenium_human_kidney_nondiseased,337.4122,9249.5518,27.41,67.9544,67.9544,1,1,1.0,1,1.0,1,1.0,1,0.9855,
59,0.18,xenium_human_kidney_nondiseased,339.6355,9293.8917,27.36,64.3246,64.3246,1,1,1.0,1,1.0,1,1.0,1,1.0,
60,0.18,xenium_human_kidney_nondiseased,319.8567,9013.5484,28.18,82.111,82.111,1,1,1.0,1,0.9091,1,0.9688,1,0.9262,
61,0.18,xenium_human_kidney_nondiseased,318.0437,9229.189,29.02,62.7991,62.7991,1,1,1.0,1,1.0,1,1.0,1,0.9868,
62,0.18,xenium_human_kidney_nondiseased,313.3107,9039.3438,28.86,77.9745,77.9745,1,1,1.0,1,1.0,1,1.0,1,0.9615,
63,0.18,xenium_human_kidney_nondiseased,315.1522,9124.6256,28.95,78.1028,78.1028,1,1,1.0,1,1.0,1,1.0,1,0.9444,
64,0.18,xenium_human_kidney_nondiseased,70.2537,8797.3077,125.22,100.8298,,-1,0,0.0,0,0.0,0,0.0,0,0.0,
65,0.18,xenium_human_kidney_nondiseased,334.6295,9345.5234,27.93,65.2969,65.2969,1,1,1.0,1,1.0,1,1.0,1,1.0,
66,0.18,xenium_human_kidney_nondiseased,329.7743,9417.3984,28.55,57.6253,57.6253,1,1,1.0,1,1.0,1,1.0,1,1.0,
67,0.18,xenium_human_kidney_nondiseased,318.0013,8980.2821,28.24,83.9108,83.9108,1,1,1.0,1,1.0,1,0.9259,1,0.8589,
68,0.18,xenium_human_kidney_nondiseased,316.3437,9345.3281,29.54,56.79,56.79,1,1,1.0,1,1.0,1,1.0,1,1.0,
69,0.18,xenium_human_kidney_nondiseased,312.3035,9052.065,28.98,81.0997,81.0997,1,1,1.0,1,1.0,1,0.9375,1,0.8899,
70,0.18,xenium_human_kidney_nondiseased,334.9119,9189.9654,27.44,70.5892,70.5892,1,1,1.0,1,1.0,1,1.0,1,0.982,
71,0.18,xenium_human_kidney_nondiseased,333.6449,9158.3956,27.45,65.7592,65.7592,1,1,1.0,1,1.0,1,0.9231,1,0.9867,
72,0.18,xenium_human_kidney_nondiseased,318.8291,9356.1617,29.34,54.5407,54.5407,1,1,1.0,1,1.0,1,1.0,1,1.0,
73,0.18,xenium_human_kidney_nondiseased,312.887,9240.9392,29.53,71.5473,71.5473,1,1,1.0,1,1.0,1,1.0,1,1.0,
74,0.18,xenium_human_kidney_nondiseased,318.7063,9328.6896,29.27,69.5529,69.5529,1,1,1.0,1,1.0,1,1.0,1,1.0,
75,0.18,xenium_human_kidney_nondiseased,312.7001,9163.847,29.3,77.9849,77.9849,1,1,1.0,1,1.0,1,0.9474,1,0.9344,
76,0.18,xenium_human_kidney_nondiseased,322.2094,9190.7495,28.52,65.9228,65.9228,1,1,1.0,1,1.0,1,1.0,1,1.0,
77,0.18,xenium_human_kidney_nondiseased,329.5158,9078.0729,27.55,77.0108,77.0108,1,1,1.0,1,1.0,1,1.0,1,0.9839,
78,0.18,xenium_human_kidney_nondiseased,318.5107,9381.4521,29.45,55.8948,55.8948,1,1,1.0,1,1.0,1,1.0,1,1.0,
79,0.18,xenium_human_kidney_nondiseased,316.4488,9243.822,29.21,73.8989,73.8989,1,1,1.0,1,1.0,1,1.0,1,0.9909,
80,0.18,xenium_human_kidney_nondiseased,318.1506,9300.5965,29.23,61.4775,61.4775,1,1,1.0,1,1.0,1,1.0,1,1.0,
81,0.18,xenium_human_kidney_nondiseased,327.805,9108.3774,27.78,70.616,70.616,1,1,1.0,1,1.0,1,1.0,1,0.9762,
82,0.18,xenium_human_kidney_nondiseased,322.2344,9297.2202,28.85,67.1344,67.1344,1,1,1.0,1,1.0,1,1.0,1,0.9859,
83,0.18,xenium_human_kidney_nondiseased,319.8791,9192.44,28.73,65.8154,65.8154,1,1,1.0,1,1.0,1,1.0,1,1.0,
84,0.18,xenium_human_kidney_nondiseased,312.666,9820.3715,31.41,42.4762,42.4762,1,1,1.0,1,1.0,1,1.0,1,1.0,
85,0.18,xenium_human_kidney_nondiseased,68.3097,8823.2867,129.17,95.6316,,-1,0,0.0,0,0.0,0,0.0,0,0.0,
86,0.18,xenium_human_kidney_nondiseased,318.9656,9313.3905,29.2,58.2252,58.2252,1,1,1.0,1,1.0,1,1.0,1,1.0,
87,0.18,xenium_human_kidney_nondiseased,296.4025,9242.3446,31.18,73.5669,73.5669,1,1,1.0,1,1.0,1,1.0,1,0.9474,
88,0.18,xenium_human_kidney_nondiseased,320.6713,9160.0383,28.57,75.1401,75.1401,1,1,1.0,1,1.0,1,0.9455,1,0.9289,
89,0.18,xenium_human_kidney_nondiseased,327.2373,9228.4542,28.2,68.341,68.341,1,1,1.0,1,1.0,1,0.875,1,0.9365,
90,0.18,xenium_human_kidney_nondiseased,316.5418,9014.6343,28.48,83.912,83.912,1,1,1.0,1,1.0,1,1.0,1,0.9,
91,0.18,xenium_human_kidney_nondiseased,319.0429,9463.8039,29.66,58.743,58.743,1,1,1.0,1,1.0,1,1.0,1,1.0,
92,0.18,xenium_human_kidney_nondiseased,314.3555,9281.0501,29.52,65.9585,65.9585,1,1,1.0,1,1.0,1,1.0,1,1.0,
93,0.18,xenium_human_kidney_nondiseased,320.7807,9321.5739,29.06,62.1645,62.1645,1,1,1.0,1,1.0,1,1.0,1,1.0,
94,0.18,xenium_human_kidney_nondiseased,321.5404,9178.519,28.55,71.1774,71.1774,1,1,1.0,1,1.0,1,1.0,1,0.988,
95,0.18,xenium_human_kidney_nondiseased,323.8179,9404.0011,29.04,58.5677,58.5677,1,1,1.0,1,1.0,1,1.0,1,1.0,
96,0.18,xenium_human_kidney_nondiseased,320.5419,9119.0822,28.45,74.2748,74.2748,1,1,1.0,1,1.0,1,1.0,1,0.9451,
97,0.18,xenium_human_kidney_nondiseased,317.8645,9116.7752,28.68,74.7465,74.7465,1,1,1.0,1,1.0,1,1.0,1,0.9565,
98,0.18,xenium_human_kidney_nondiseased,312.0704,8931.4615,28.62,85.218,85.218,1,1,1.0,1,1.0,1,0.9231,1,0.8415,
99,0.18,xenium_human_kidney_nondiseased,322.9882,9203.3617,28.5,62.1326,62.1326,1,1,1.0,1,1.0,1,1.0,1,1.0,
0,0.2,xenium_human_kidney_nondiseased,351.6811,9649.0644,27.69,55.0871,55.0871,1,1,1.0,1,1.0,1,1.0,1,1.0,
1,0.2,xenium_human_kidney_nondiseased,351.3948,9212.1722,26.3,70.8632,70.8632,1,1,1.0,1,1.0,1,1.0,1,0.9868,
2,0.2,xenium_human_kidney_nondiseased,349.1454,9210.8738,26.44,69.3708,69.3708,1,1,1.0,1,1.0,1,1.0,1,0.9226,
3,0.2,xenium_human_kidney_nondiseased,346.5861,9299.3172,26.87,67.621,67.621,1,1,1.0,1,1.0,1,1.0,1,1.0,
4,0.2,xenium_human_kidney_nondiseased,346.7071,9513.4775,27.45,54.4661,54.4661,1,1,1.0,1,1.0,1,1.0,1,1.0,
5,0.2,xenium_human_kidney_nondiseased,351.9662,9320.4576,26.48,65.486,65.486,1,1,1.0,1,1.0,1,1.0,1,0.9677,
6,0.2,xenium_human_kidney_nondiseased,349.6375,9014.8858,25.78,78.8659,78.8659,1,1,1.0,1,1.0,1,1.0,1,0.963,
7,0.2,xenium_human_kidney_nondiseased,347.3242,9528.3842,27.43,54.8858,54.8858,1,1,1.0,1,1.0,1,1.0,1,1.0,
8,0.2,xenium_human_kidney_nondiseased,347.8473,9379.7322,26.97,61.4796,61.4796,1,1,1.0,1,1.0,1,1.0,1,1.0,
9,0.2,xenium_human_kidney_nondiseased,343.2201,9237.7128,26.91,70.2012,70.2012,1,1,1.0,1,0.9091,1,0.9474,1,0.9007,
10,0.2,xenium_human_kidney_nondiseased,349.6898,9396.7065,26.87,60.0133,60.0133,1,1,1.0,1,1.0,1,1.0,1,0.9853,
11,0.2,xenium_human_kidney_nondiseased,354.5492,9433.1031,26.6,62.8194,62.8194,1,1,1.0,1,1.0,1,1.0,1,1.0,
12,0.2,xenium_human_kidney_nondiseased,355.0123,9362.4422,26.37,58.7145,58.7145,1,1,1.0,1,1.0,1,1.0,1,1.0,
13,0.2,xenium_human_kidney_nondiseased,343.5754,9272.3168,26.99,62.9089,62.9089,1,1,1.0,1,1.0,1,1.0,1,1.0,
14,0.2,xenium_human_kidney_nondiseased,318.0233,8883.8626,27.94,88.7807,88.7807,1,1,1.0,1,1.0,1,1.0,1,0.9016,
15,0.2,xenium_human_kidney_nondiseased,347.6189,9578.8471,27.56,55.7185,55.7185,1,1,1.0,1,1.0,1,1.0,1,1.0,
16,0.2,xenium_human_kidney_nondiseased,353.4924,9364.4973,26.49,59.519,59.519,1,1,1.0,1,1.0,1,1.0,1,1.0,
17,0.2,xenium_human_kidney_nondiseased,352.1493,9183.5275,26.08,66.2106,66.2106,1,1,1.0,1,1.0,1,0.9375,1,0.9747,
18,0.2,xenium_human_kidney_nondiseased,335.8852,9219.7729,27.45,64.7085,64.7085,1,1,1.0,1,1.0,1,1.0,1,1.0,
19,0.2,xenium_human_kidney_nondiseased,326.4712,9346.2457,28.63,66.2135,66.2135,1,1,1.0,1,1.0,1,1.0,1,1.0,
20,0.2,xenium_human_kidney_nondiseased,335.4664,9169.7398,27.34,76.0854,76.0854,1,1,1.0,1,1.0,1,1.0,1,0.918,
21,0.2,xenium_human_kidney_nondiseased,64.7694,8731.9509,134.82,94.8702,,-1,0,0.0,0,0.0,0,0.0,0,0.0,
22,0.2,xenium_human_kidney_nondiseased,350.6911,9330.4097,26.6,68.9536,68.9536,1,1,1.0,1,1.0,1,1.0,1,0.9714,
23,0.2,xenium_human_kidney_nondiseased,345.432,9530.7641,27.59,60.3739,60.3739,1,1,1.0,1,1.0,1,1.0,1,1.0,
24,0.2,xenium_human_kidney_nondiseased,342.5194,9439.0405,27.56,66.6259,66.6259,1,1,1.0,1,1.0,1,1.0,1,0.9815,
25,0.2,xenium_human_kidney_nondiseased,322.6141,9267.2427,28.73,68.4286,68.4286,1,1,1.0,1,1.0,1,1.0,1,0.9767,
26,0.2,xenium_human_kidney_nondiseased,319.6832,9055.5714,28.33,76.1431,76.1431,1,1,1.0,1,1.0,1,1.0,1,1.0,
27,0.2,xenium_human_kidney_nondiseased,341.3491,9283.3168,27.2,72.2015,72.2015,1,1,1.0,1,1.0,1,1.0,1,0.9808,
28,0.2,xenium_human_kidney_nondiseased,349.781,9204.8302,26.32,65.3109,65.3109,1,1,1.0,1,1.0,1,1.0,1,1.0,
29,0.2,xenium_human_kidney_nondiseased,334.943,9314.9629,27.81,63.628,63.628,1,1,1.0,1,1.0,1,1.0,1,1.0,
30,0.2,xenium_human_kidney_nondiseased,322.2515,9339.2527,28.99,60.2231,60.2231,1,1,1.0,1,1.0,1,1.0,1,1.0,
31,0.2,xenium_human_kidney_nondiseased,323.7606,9020.3941,27.86,77.7924,77.7924,1,1,1.0,1,1.0,1,1.0,1,0.9681,
32,0.2,xenium_human_kidney_nondiseased,343.8119,9674.7417,28.14,55.0263,55.0263,1,1,1.0,1,1.0,1,1.0,1,1.0,
33,0.2,xenium_human_kidney_nondiseased,345.0774,9188.5018,26.63,71.4937,71.4937,1,1,1.0,1,1.0,1,0.9643,1,0.9586,
34,0.2,xenium_human_kidney_nondiseased,103.4562,8844.171,85.49,90.5825,92.3711,2,0,0.0,0,0.0,1,0.25,1,0.2308,
35,0.2,xenium_human_kidney_nondiseased,333.5377,9283.1674,27.83,66.3804,66.3804,1,1,1.0,1,1.0,1,0.9697,1,0.9754,
36,0.2,xenium_human_kidney_nondiseased,326.5102,9165.8104,28.07,64.9728,64.9728,1,1,1.0,1,1.0,1,1.0,1,0.9811,
37,0.2,xenium_human_kidney_nondiseased,323.1319,9434.3702,29.2,54.4402,54.4402,1,1,1.0,1,1.0,1,1.0,1,1.0,
38,0.2,xenium_human_kidney_nondiseased,323.6152,9048.8294,27.96,77.3585,77.3585,1,1,1.0,1,1.0,1,1.0,1,0.9333,
39,0.2,xenium_human_kidney_nondiseased,343.5063,9306.0102,27.09,58.4638,58.4638,1,1,1.0,1,1.0,1,1.0,1,1.0,
40,0.2,xenium_human_kidney_nondiseased,336.7899,9347.8592,27.75,54.4683,54.4683,1,1,1.0,1,1.0,1,1.0,1,1.0,
41,0.2,xenium_human_kidney_nondiseased,324.2526,9110.1991,28.1,81.3084,81.3084,1,1,1.0,1,1.0,1,1.0,1,0.9507,
42,0.2,xenium_human_kidney_nondiseased,323.0623,9269.2803,28.7,68.3466,68.3466,1,1,1.0,1,1.0,1,1.0,1,1.0,
43,0.2,xenium_human_kidney_nondiseased,319.8138,9022.5166,28.2,81.6526,81.6526,1,1,1.0,1,1.0,1,0.8,1,0.9143,
44,0.2,xenium_human_kidney_nondiseased,328.3105,8933.8107,27.21,86.1595,86.1595,1,1,1.0,1,1.0,1,1.0,1,0.9077,
45,0.2,xenium_human_kidney_nondiseased,341.1491,9382.5023,27.5,58.4664,58.4664,1,1,1.0,1,1.0,1,1.0,1,1.0,
46,0.2,xenium_human_kidney_nondiseased,331.2579,9233.0504,27.87,71.5535,71.5535,1,1,1.0,1,1.0,1,1.0,1,0.9739,
47,0.2,xenium_human_kidney_nondiseased,322.0538,9348.089,29.03,60.1915,60.1915,1,1,1.0,1,1.0,1,1.0,1,1.0,
48,0.2,xenium_human_kidney_nondiseased,321.982,9234.2862,28.68,76.8102,76.8102,1,1,1.0,1,1.0,1,1.0,1,0.9794,
49,0.2,xenium_human_kidney_nondiseased,325.1976,9264.4712,28.49,69.7665,69.7665,1,1,1.0,1,1.0,1,0.9091,1,0.9659,
50,0.2,xenium_human_kidney_nondiseased,339.3535,9259.7097,27.29,68.1069,68.1069,1,1,1.0,1,1.0,1,1.0,1,1.0,
51,0.2,xenium_human_kidney_nondiseased,342.3445,9212.4966,26.91,64.6732,64.6732,1,1,1.0,1,1.0,1,1.0,1,1.0,
52,0.2,xenium_human_kidney_nondiseased,331.2189,9341.0645,28.2,57.4321,57.4321,1,1,1.0,1,1.0,1,1.0,1,1.0,
53,0.2,xenium_human_kidney_nondiseased,322.9763,9307.3491,28.82,58.9097,58.9097,1,1,1.0,1,1.0,1,1.0,1,1.0,
54,0.2,xenium_human_kidney_nondiseased,323.3138,9210.1751,28.48,66.8666,66.8666,1,1,1.0,1,1.0,1,1.0,1,0.9565,
55,0.2,xenium_human_kidney_nondiseased,338.7355,9291.5097,27.43,61.9982,61.9982,1,1,1.0,1,1.0,1,1.0,1,0.9821,
56,0.2,xenium_human_kidney_nondiseased,338.764,9317.9845,27.51,61.0214,61.0214,1,1,1.0,1,1.0,1,1.0,1,1.0,
57,0.2,xenium_human_kidney_nondiseased,323.9817,9228.0762,28.48,72.12,72.12,1,1,1.0,1,1.0,1,1.0,1,0.9615,
58,0.2,xenium_human_kidney_nondiseased,317.1038,9249.5518,29.17,67.9544,67.9544,1,1,1.0,1,1.0,1,1.0,1,0.9855,
59,0.2,xenium_human_kidney_nondiseased,319.012,9293.8917,29.13,64.3246,64.3246,1,1,1.0,1,1.0,1,1.0,1,1.0,
60,0.2,xenium_human_kidney_nondiseased,336.5991,9013.5484,26.78,82.111,82.111,1,1,1.0,1,0.9091,1,0.9688,1,0.9262,
61,0.2,xenium_human_kidney_nondiseased,338.8406,9229.189,27.24,62.7991,62.7991,1,1,1.0,1,1.0,1,1.0,1,0.9868,
62,0.2,xenium_human_kidney_nondiseased,321.6128,9039.3438,28.17,77.9745,77.9745,1,1,1.0,1,1.0,1,1.0,1,0.9615,
63,0.2,xenium_human_kidney_nondiseased,322.3207,9124.6256,28.31,78.1028,78.1028,1,1,1.0,1,1.0,1,1.0,1,0.9444,
64,0.2,xenium_human_kidney_nondiseased,79.2759,8797.3077,110.97,100.8298,,-1,0,0.0,0,0.0,0,0.0,0,0.0,
65,0.2,xenium_human_kidney_nondiseased,317.8735,9345.5234,29.4,65.2969,65.2969,1,1,1.0,1,1.0,1,1.0,1,1.0,
66,0.2,xenium_human_kidney_nondiseased,318.4056,9417.3984,29.58,57.6253,57.6253,1,1,1.0,1,1.0,1,1.0,1,1.0,
67,0.2,xenium_human_kidney_nondiseased,323.1486,8980.2821,27.79,83.9108,83.9108,1,1,1.0,1,1.0,1,0.9259,1,0.8589,
68,0.2,xenium_human_kidney_nondiseased,340.5705,9345.3281,27.44,56.79,56.79,1,1,1.0,1,1.0,1,1.0,1,1.0,
69,0.2,xenium_human_kidney_nondiseased,327.7388,9052.065,27.62,81.0997,81.0997,1,1,1.0,1,1.0,1,0.9375,1,0.8899,
70,0.2,xenium_human_kidney_nondiseased,318.6462,9189.9654,28.84,70.5892,70.5892,1,1,1.0,1,1.0,1,1.0,1,0.982,
71,0.2,xenium_human_kidney_nondiseased,320.1405,9158.3956,28.61,65.7592,65.7592,1,1,1.0,1,1.0,1,0.9231,1,0.9867,
72,0.2,xenium_human_kidney_nondiseased,333.2408,9356.1617,28.08,54.5407,54.5407,1,1,1.0,1,1.0,1,1.0,1,1.0,
73,0.2,xenium_human_kidney_nondiseased,323.0475,9240.9392,28.6,71.5473,71.5473,1,1,1.0,1,1.0,1,1.0,1,1.0,
74,0.2,xenium_human_kidney_nondiseased,319.6115,9328.6896,29.19,69.5529,69.5529,1,1,1.0,1,1.0,1,1.0,1,1.0,
75,0.2,xenium_human_kidney_nondiseased,316.1337,9163.847,28.98,77.9849,77.9849,1,1,1.0,1,1.0,1,0.9474,1,0.9344,
76,0.2,xenium_human_kidney_nondiseased,319.0834,9190.7495,28.8,65.9228,65.9228,1,1,1.0,1,1.0,1,1.0,1,1.0,
77,0.2,xenium_human_kidney_nondiseased,499.8068,9078.0729,18.16,77.0108,77.0108,1,1,1.0,1,1.0,1,1.0,1,0.9839,
78,0.2,xenium_human_kidney_nondiseased,321.3481,9381.4521,29.19,55.8948,55.8948,1,1,1.0,1,1.0,1,1.0,1,1.0,
79,0.2,xenium_human_kidney_nondiseased,324.609,9243.822,28.48,73.8989,73.8989,1,1,1.0,1,1.0,1,1.0,1,0.9909,
80,0.2,xenium_human_kidney_nondiseased,324.164,9300.5965,28.69,61.4775,61.4775,1,1,1.0,1,1.0,1,1.0,1,1.0,
81,0.2,xenium_human_kidney_nondiseased,326.0471,9108.3774,27.98,70.616,70.616,1,1,1.0,1,1.0,1,1.0,1,0.9762,
82,0.2,xenium_human_kidney_nondiseased,329.4624,9297.2202,28.25,67.1344,67.1344,1,1,1.0,1,1.0,1,1.0,1,0.9859,
83,0.2,xenium_human_kidney_nondiseased,331.6974,9192.44,27.72,65.8154,65.8154,1,1,1.0,1,1.0,1,1.0,1,1.0,
84,0.2,xenium_human_kidney_nondiseased,321.707,9820.3715,30.52,42.4762,42.4762,1,1,1.0,1,1.0,1,1.0,1,1.0,
85,0.2,xenium_human_kidney_nondiseased,79.1123,8823.2867,111.54,95.6316,101.3769,9,0,0.0,0,0.0,0,0.0,1,0.0667,
86,0.2,xenium_human_kidney_nondiseased,324.9124,9313.3905,28.67,58.2252,58.2252,1,1,1.0,1,1.0,1,1.0,1,1.0,
87,0.2,xenium_human_kidney_nondiseased,312.5109,9242.3446,29.57,73.5669,73.5669,1,1,1.0,1,1.0,1,1.0,1,1.0,
88,0.2,xenium_human_kidney_nondiseased,327.8969,9160.0383,27.94,75.1401,75.1401,1,1,1.0,1,1.0,1,0.9455,1,0.9289,
89,0.2,xenium_human_kidney_nondiseased,336.7414,9228.4542,27.42,68.341,68.341,1,1,1.0,1,1.0,1,0.875,1,0.9365,
90,0.2,xenium_human_kidney_nondiseased,331.2335,9014.6343,27.22,83.912,83.912,1,1,1.0,1,1.0,1,1.0,1,0.9,
91,0.2,xenium_human_kidney_nondiseased,324.8447,9463.8039,29.13,58.743,58.743,1,1,1.0,1,1.0,1,1.0,1,1.0,
92,0.2,xenium_human_kidney_nondiseased,319.3672,9281.0501,29.06,65.9585,65.9585,1,1,1.0,1,1.0,1,1.0,1,1.0,
93,0.2,xenium_human_kidney_nondiseased,320.8357,9321.5739,29.06,62.1645,62.1645,1,1,1.0,1,1.0,1,1.0,1,1.0,
94,0.2,xenium_human_kidney_nondiseased,332.1577,9178.519,27.64,71.1774,71.1774,1,1,1.0,1,1.0,1,1.0,1,0.988,
95,0.2,xenium_human_kidney_nondiseased,331.3143,9404.0011,28.39,58.5677,58.5677,1,1,1.0,1,1.0,1,1.0,1,1.0,
96,0.2,xenium_human_kidney_nondiseased,329.8178,9119.0822,27.66,74.2748,74.2748,1,1,1.0,1,1.0,1,1.0,1,0.9451,
97,0.2,xenium_human_kidney_nondiseased,319.5514,9116.7752,28.53,74.7465,74.7465,1,1,1.0,1,1.0,1,1.0,1,0.9565,
98,0.2,xenium_human_kidney_nondiseased,317.4645,8931.4615,28.14,85.218,85.218,1,1,1.0,1,1.0,1,0.9231,1,0.8415,
99,0.2,xenium_human_kidney_nondiseased,335.579,9203.3617,27.43,62.1326,62.1326,1,1,1.0,1,1.0,1,1.0,1,1.0,
0,0.25,xenium_human_kidney_nondiseased,326.3143,9649.0644,29.78,55.0871,55.0871,1,1,1.0,1,1.0,1,1.0,1,1.0,
1,0.25,xenium_human_kidney_nondiseased,325.6358,9212.1722,28.38,70.8632,70.8632,1,1,1.0,1,1.0,1,1.0,1,0.9868,
2,0.25,xenium_human_kidney_nondiseased,326.9267,9210.8738,28.24,69.3708,69.3708,1,1,1.0,1,1.0,1,1.0,1,0.9226,
3,0.25,xenium_human_kidney_nondiseased,326.7352,9299.3172,28.51,67.621,67.621,1,1,1.0,1,1.0,1,1.0,1,1.0,
4,0.25,xenium_human_kidney_nondiseased,325.3312,9513.4775,29.26,54.4661,54.4661,1,1,1.0,1,1.0,1,1.0,1,1.0,
5,0.25,xenium_human_kidney_nondiseased,332.8331,9320.4576,28.0,65.486,65.486,1,1,1.0,1,1.0,1,1.0,1,0.9677,
6,0.25,xenium_human_kidney_nondiseased,326.5441,9014.8858,27.6,78.8659,78.8659,1,1,1.0,1,1.0,1,1.0,1,0.963,
7,0.25,xenium_human_kidney_nondiseased,324.117,9528.3842,29.39,54.8858,54.8858,1,1,1.0,1,1.0,1,1.0,1,1.0,
8,0.25,xenium_human_kidney_nondiseased,324.5805,9379.7322,28.9,61.4796,61.4796,1,1,1.0,1,1.0,1,1.0,1,1.0,
9,0.25,xenium_human_kidney_nondiseased,329.6591,9237.7128,28.02,70.2012,70.2012,1,1,1.0,1,0.9091,1,0.9474,1,0.9007,
10,0.25,xenium_human_kidney_nondiseased,331.6151,9396.7065,28.34,60.0133,60.0133,1,1,1.0,1,1.0,1,1.0,1,0.9853,
11,0.25,xenium_human_kidney_nondiseased,329.4155,9433.1031,28.63,62.8194,62.8194,1,1,1.0,1,1.0,1,1.0,1,1.0,
12,0.25,xenium_human_kidney_nondiseased,327.9679,9362.4422,28.55,58.7145,58.7145,1,1,1.0,1,1.0,1,1.0,1,1.0,
13,0.25,xenium_human_kidney_nondiseased,328.4705,9272.3168,28.23,62.9089,62.9089,1,1,1.0,1,1.0,1,1.0,1,1.0,
14,0.25,xenium_human_kidney_nondiseased,330.837,8883.8626,26.85,88.7807,88.7807,1,1,1.0,1,1.0,1,1.0,1,0.9344,
15,0.25,xenium_human_kidney_nondiseased,339.3801,9578.8471,28.22,55.7185,55.7185,1,1,1.0,1,1.0,1,1.0,1,1.0,
16,0.25,xenium_human_kidney_nondiseased,340.8037,9364.4973,27.48,59.519,59.519,1,1,1.0,1,1.0,1,1.0,1,1.0,
17,0.25,xenium_human_kidney_nondiseased,336.3799,9183.5275,27.3,66.2106,66.2106,1,1,1.0,1,1.0,1,0.9375,1,0.9747,
18,0.25,xenium_human_kidney_nondiseased,326.1703,9219.7729,28.27,64.7085,64.7085,1,1,1.0,1,1.0,1,1.0,1,1.0,
19,0.25,xenium_human_kidney_nondiseased,329.7671,9346.2457,28.34,66.2135,66.2135,1,1,1.0,1,1.0,1,1.0,1,1.0,
20,0.25,xenium_human_kidney_nondiseased,335.0116,9169.7398,27.37,76.0854,76.0854,1,1,1.0,1,1.0,1,1.0,1,0.918,
21,0.25,xenium_human_kidney_nondiseased,82.433,8731.9509,105.94,94.8702,96.4412,3,0,0.0,1,0.3333,1,0.1667,1,0.0833,
22,0.25,xenium_human_kidney_nondiseased,340.9779,9330.4097,27.37,68.9536,68.9536,1,1,1.0,1,1.0,1,1.0,1,0.9714,
23,0.25,xenium_human_kidney_nondiseased,320.9237,9530.7641,29.7,60.3739,60.3739,1,1,1.0,1,1.0,1,1.0,1,1.0,
24,0.25,xenium_human_kidney_nondiseased,324.4676,9439.0405,29.09,66.6259,66.6259,1,1,1.0,1,1.0,1,1.0,1,0.9815,
25,0.25,xenium_human_kidney_nondiseased,322.4726,9267.2427,28.74,68.4286,68.4286,1,1,1.0,1,1.0,1,1.0,1,0.9767,
26,0.25,xenium_human_kidney_nondiseased,334.1132,9055.5714,27.11,76.1431,76.1431,1,1,1.0,1,1.0,1,1.0,1,1.0,
27,0.25,xenium_human_kidney_nondiseased,336.5334,9283.3168,27.59,72.2015,72.2015,1,1,1.0,1,1.0,1,1.0,1,0.9808,
28,0.25,xenium_human_kidney_nondiseased,326.8062,9204.8302,28.18,65.3109,65.3109,1,1,1.0,1,1.0,1,1.0,1,1.0,
29,0.25,xenium_human_kidney_nondiseased,327.0743,9314.9629,28.48,63.628,63.628,1,1,1.0,1,1.0,1,1.0,1,1.0,
30,0.25,xenium_human_kidney_nondiseased,325.13,9339.2527,28.73,60.2231,60.2231,1,1,1.0,1,1.0,1,1.0,1,1.0,
31,0.25,xenium_human_kidney_nondiseased,339.5307,9020.3941,26.57,77.7924,77.7924,1,1,1.0,1,1.0,1,1.0,1,0.9681,
32,0.25,xenium_human_kidney_nondiseased,338.8053,9674.7417,28.56,55.0263,55.0263,1,1,1.0,1,1.0,1,1.0,1,1.0,
33,0.25,xenium_human_kidney_nondiseased,330.2248,9188.5018,27.83,71.4937,71.4937,1,1,1.0,1,1.0,1,0.9643,1,0.9586,
34,0.25,xenium_human_kidney_nondiseased,319.8624,8844.171,27.66,90.5825,90.5825,1,1,1.0,1,1.0,1,1.0,1,0.7308,
35,0.25,xenium_human_kidney_nondiseased,323.8944,9283.1674,28.67,66.3804,66.3804,1,1,1.0,1,1.0,1,0.9697,1,0.9754,
36,0.25,xenium_human_kidney_nondiseased,331.9809,9165.8104,27.61,64.9728,64.9728,1,1,1.0,1,1.0,1,1.0,1,0.9811,
37,0.25,xenium_human_kidney_nondiseased,338.4892,9434.3702,27.87,54.4402,54.4402,1,1,1.0,1,1.0,1,1.0,1,1.0,
38,0.25,xenium_human_kidney_nondiseased,328.6998,9048.8294,27.54,77.3585,77.3585,1,1,1.0,1,1.0,1,1.0,1,0.9333,
39,0.25,xenium_human_kidney_nondiseased,322.6295,9306.0102,28.85,58.4638,58.4638,1,1,1.0,1,1.0,1,1.0,1,1.0,
40,0.25,xenium_human_kidney_nondiseased,322.1007,9347.8592,29.02,54.4683,54.4683,1,1,1.0,1,1.0,1,1.0,1,1.0,
41,0.25,xenium_human_kidney_nondiseased,332.6389,9110.1991,27.39,81.3084,81.3084,1,1,1.0,1,1.0,1,1.0,1,0.9507,
42,0.25,xenium_human_kidney_nondiseased,334.8847,9269.2803,27.68,68.3466,68.3466,1,1,1.0,1,1.0,1,1.0,1,1.0,
43,0.25,xenium_human_kidney_nondiseased,329.9519,9022.5166,27.35,81.6526,81.6526,1,1,1.0,1,1.0,1,0.8,1,0.9143,
44,0.25,xenium_human_kidney_nondiseased,321.7658,8933.8107,27.76,86.1595,86.1595,1,1,1.0,1,1.0,1,1.0,1,0.9077,
45,0.25,xenium_human_kidney_nondiseased,322.9448,9382.5023,29.05,58.4664,58.4664,1,1,1.0,1,1.0,1,1.0,1,1.0,
46,0.25,xenium_human_kidney_nondiseased,323.8515,9233.0504,28.51,71.5535,71.5535,1,1,1.0,1,1.0,1,1.0,1,0.9739,
47,0.25,xenium_human_kidney_nondiseased,334.3785,9348.089,27.95,60.1915,60.1915,1,1,1.0,1,1.0,1,1.0,1,1.0,
48,0.25,xenium_human_kidney_nondiseased,337.5667,9234.2862,27.35,76.8102,76.8102,1,1,1.0,1,1.0,1,1.0,1,0.9794,
49,0.25,xenium_human_kidney_nondiseased,326.9417,9264.4712,28.34,69.7665,69.7665,1,1,1.0,1,1.0,1,0.9091,1,0.9659,
50,0.25,xenium_human_kidney_nondiseased,321.0285,9259.7097,28.85,68.1069,68.1069,1,1,1.0,1,1.0,1,1.0,1,1.0,
51,0.25,xenium_human_kidney_nondiseased,323.6745,9212.4966,28.47,64.6732,64.6732,1,1,1.0,1,1.0,1,1.0,1,1.0,
52,0.25,xenium_human_kidney_nondiseased,338.1744,9341.0645,27.62,57.4321,57.4321,1,1,1.0,1,1.0,1,1.0,1,1.0,
53,0.25,xenium_human_kidney_nondiseased,338.4697,9307.3491,27.5,58.9097,58.9097,1,1,1.0,1,1.0,1,1.0,1,1.0,
54,0.25,xenium_human_kidney_nondiseased,325.5539,9210.1751,28.3,66.8666,66.8666,1,1,1.0,1,1.0,1,1.0,1,0.9565,
55,0.25,xenium_human_kidney_nondiseased,325.4086,9291.5097,28.56,61.9982,61.9982,1,1,1.0,1,1.0,1,1.0,1,0.9821,
56,0.25,xenium_human_kidney_nondiseased,321.2471,9317.9845,29.01,61.0214,61.0214,1,1,1.0,1,1.0,1,1.0,1,1.0,
57,0.25,xenium_human_kidney_nondiseased,328.6964,9228.0762,28.08,72.12,72.12,1,1,1.0,1,1.0,1,1.0,1,0.9615,
58,0.25,xenium_human_kidney_nondiseased,338.9143,9249.5518,27.29,67.9544,67.9544,1,1,1.0,1,1.0,1,1.0,1,0.9855,
59,0.25,xenium_human_kidney_nondiseased,327.5165,9293.8917,28.38,64.3246,64.3246,1,1,1.0,1,1.0,1,1.0,1,1.0,
60,0.25,xenium_human_kidney_nondiseased,323.5079,9013.5484,27.86,82.111,82.111,1,1,1.0,1,0.9091,1,0.9688,1,0.9262,
61,0.25,xenium_human_kidney_nondiseased,322.8578,9229.189,28.59,62.7991,62.7991,1,1,1.0,1,1.0,1,1.0,1,0.9868,
62,0.25,xenium_human_kidney_nondiseased,331.0806,9039.3438,27.31,77.9745,77.9745,1,1,1.0,1,1.0,1,1.0,1,0.9615,
63,0.25,xenium_human_kidney_nondiseased,334.0832,9124.6256,27.31,78.1028,78.1028,1,1,1.0,1,1.0,1,1.0,1,0.9444,
64,0.25,xenium_human_kidney_nondiseased,146.0325,8797.3077,60.24,100.8298,100.8298,1,1,1.0,1,0.25,1,0.4667,1,0.3367,
65,0.25,xenium_human_kidney_nondiseased,324.2087,9345.5234,28.83,65.2969,65.2969,1,1,1.0,1,1.0,1,1.0,1,1.0,
66,0.25,xenium_human_kidney_nondiseased,321.9921,9417.3984,29.25,57.6253,57.6253,1,1,1.0,1,1.0,1,1.0,1,1.0,
67,0.25,xenium_human_kidney_nondiseased,324.4359,8980.2821,27.68,83.9108,83.9108,1,1,1.0,1,1.0,1,0.9259,1,0.8589,
68,0.25,xenium_human_kidney_nondiseased,332.7428,9345.3281,28.08,56.79,56.79,1,1,1.0,1,1.0,1,1.0,1,1.0,
69,0.25,xenium_human_kidney_nondiseased,335.5356,9052.065,26.97,81.0997,81.0997,1,1,1.0,1,1.0,1,0.9375,1,0.8899,
70,0.25,xenium_human_kidney_nondiseased,328.9408,9189.9654,27.93,70.5892,70.5892,1,1,1.0,1,1.0,1,1.0,1,0.982,
71,0.25,xenium_human_kidney_nondiseased,326.1615,9158.3956,28.08,65.7592,65.7592,1,1,1.0,1,1.0,1,0.9231,1,0.9867,
72,0.25,xenium_human_kidney_nondiseased,324.4953,9356.1617,28.83,54.5407,54.5407,1,1,1.0,1,1.0,1,1.0,1,1.0,
73,0.25,xenium_human_kidney_nondiseased,330.0426,9240.9392,28.0,71.5473,71.5473,1,1,1.0,1,1.0,1,1.0,1,1.0,
74,0.25,xenium_human_kidney_nondiseased,335.3691,9328.6896,27.82,69.5529,69.5529,1,1,1.0,1,1.0,1,1.0,1,1.0,
75,0.25,xenium_human_kidney_nondiseased,329.7574,9163.847,27.79,77.9849,77.9849,1,1,1.0,1,1.0,1,0.9474,1,0.9344,
76,0.25,xenium_human_kidney_nondiseased,323.3316,9190.7495,28.43,65.9228,65.9228,1,1,1.0,1,1.0,1,1.0,1,1.0,
77,0.25,xenium_human_kidney_nondiseased,324.6027,9078.0729,27.97,77.0108,77.0108,1,1,1.0,1,1.0,1,1.0,1,0.9839,
78,0.25,xenium_human_kidney_nondiseased,328.4409,9381.4521,28.57,55.8948,55.8948,1,1,1.0,1,1.0,1,1.0,1,1.0,
79,0.25,xenium_human_kidney_nondiseased,337.1818,9243.822,27.42,73.8989,73.8989,1,1,1.0,1,1.0,1,1.0,1,0.9909,
80,0.25,xenium_human_kidney_nondiseased,329.172,9300.5965,28.25,61.4775,61.4775,1,1,1.0,1,1.0,1,1.0,1,1.0,
81,0.25,xenium_human_kidney_nondiseased,325.4002,9108.3774,27.99,70.616,70.616,1,1,1.0,1,1.0,1,1.0,1,0.9762,
82,0.25,xenium_human_kidney_nondiseased,323.1642,9297.2202,28.77,67.1344,67.1344,1,1,1.0,1,1.0,1,1.0,1,0.9859,
83,0.25,xenium_human_kidney_nondiseased,324.5777,9192.44,28.32,65.8154,65.8154,1,1,1.0,1,1.0,1,1.0,1,1.0,
84,0.25,xenium_human_kidney_nondiseased,329.1973,9820.3715,29.83,42.4762,42.4762,1,1,1.0,1,1.0,1,1.0,1,1.0,
85,0.25,xenium_human_kidney_nondiseased,131.0808,8823.2867,67.32,95.6316,95.6316,1,1,1.0,1,1.0,1,1.0,1,0.6,
86,0.25,xenium_human_kidney_nondiseased,335.451,9313.3905,27.76,58.2252,58.2252,1,1,1.0,1,1.0,1,1.0,1,1.0,
87,0.25,xenium_human_kidney_nondiseased,333.0487,9242.3446,27.75,73.5669,73.5669,1,1,1.0,1,1.0,1,1.0,1,1.0,
88,0.25,xenium_human_kidney_nondiseased,336.0161,9160.0383,27.27,75.1401,75.1401,1,1,1.0,1,1.0,1,0.9455,1,0.9289,
89,0.25,xenium_human_kidney_nondiseased,328.7599,9228.4542,28.07,68.341,68.341,1,1,1.0,1,1.0,1,0.875,1,0.9365,
90,0.25,xenium_human_kidney_nondiseased,340.7016,9014.6343,26.46,83.912,83.912,1,1,1.0,1,1.0,1,1.0,1,0.9,
91,0.25,xenium_human_kidney_nondiseased,341.8226,9463.8039,27.69,58.743,58.743,1,1,1.0,1,1.0,1,1.0,1,1.0,
92,0.25,xenium_human_kidney_nondiseased,341.7604,9281.0501,27.16,65.9585,65.9585,1,1,1.0,1,1.0,1,1.0,1,1.0,
93,0.25,xenium_human_kidney_nondiseased,339.2578,9321.5739,27.48,62.1645,62.1645,1,1,1.0,1,1.0,1,1.0,1,1.0,
94,0.25,xenium_human_kidney_nondiseased,325.1045,9178.519,28.23,71.1774,71.1774,1,1,1.0,1,1.0,1,1.0,1,0.988,
95,0.25,xenium_human_kidney_nondiseased,336.7402,9404.0011,27.93,58.5677,58.5677,1,1,1.0,1,1.0,1,1.0,1,1.0,
96,0.25,xenium_human_kidney_nondiseased,345.636,9119.0822,26.39,74.2748,74.2748,1,1,1.0,1,1.0,1,1.0,1,0.9451,
97,0.25,xenium_human_kidney_nondiseased,343.4959,9116.7752,26.54,74.7465,74.7465,1,1,1.0,1,1.0,1,1.0,1,0.9565,
98,0.25,xenium_human_kidney_nondiseased,329.0904,8931.4615,27.14,85.218,85.218,1,1,1.0,1,1.0,1,0.9231,1,0.8415,
99,0.25,xenium_human_kidney_nondiseased,339.2529,9203.3617,27.13,62.1326,62.1326,1,1,1.0,1,1.0,1,1.0,1,1.0,
0,0.3,xenium_human_kidney_nondiseased,339.7108,9649.0644,28.72,55.0871,55.0871,1,1,1.0,1,1.0,1,1.0,1,1.0,
1,0.3,xenium_human_kidney_nondiseased,337.6774,9212.1722,27.38,70.8632,70.8632,1,1,1.0,1,1.0,1,1.0,1,0.9868,
2,0.3,xenium_human_kidney_nondiseased,332.9224,9210.8738,27.73,69.3708,69.3708,1,1,1.0,1,1.0,1,1.0,1,0.9226,
3,0.3,xenium_human_kidney_nondiseased,330.7892,9299.3172,28.15,67.621,67.621,1,1,1.0,1,1.0,1,1.0,1,1.0,
4,0.3,xenium_human_kidney_nondiseased,335.0985,9513.4775,28.4,54.4661,54.4661,1,1,1.0,1,1.0,1,1.0,1,1.0,
5,0.3,xenium_human_kidney_nondiseased,336.8404,9320.4576,27.67,65.486,65.486,1,1,1.0,1,1.0,1,1.0,1,0.9677,
6,0.3,xenium_human_kidney_nondiseased,346.3333,9014.8858,26.02,78.8659,78.8659,1,1,1.0,1,1.0,1,1.0,1,0.963,
7,0.3,xenium_human_kidney_nondiseased,339.4386,9528.3842,28.06,54.8858,54.8858,1,1,1.0,1,1.0,1,1.0,1,1.0,
8,0.3,xenium_human_kidney_nondiseased,335.4494,9379.7322,27.95,61.4796,61.4796,1,1,1.0,1,1.0,1,1.0,1,1.0,
9,0.3,xenium_human_kidney_nondiseased,332.9034,9237.7128,27.74,70.2012,70.2012,1,1,1.0,1,0.9091,1,0.9474,1,0.9007,
10,0.3,xenium_human_kidney_nondiseased,342.1602,9396.7065,27.45,60.0133,60.0133,1,1,1.0,1,1.0,1,1.0,1,0.9853,
11,0.3,xenium_human_kidney_nondiseased,343.4955,9433.1031,27.45,62.8194,62.8194,1,1,1.0,1,1.0,1,1.0,1,1.0,
12,0.3,xenium_human_kidney_nondiseased,342.0405,9362.4422,27.36,58.7145,58.7145,1,1,1.0,1,1.0,1,1.0,1,1.0,
13,0.3,xenium_human_kidney_nondiseased,334.491,9272.3168,27.71,62.9089,62.9089,1,1,1.0,1,1.0,1,1.0,1,1.0,
14,0.3,xenium_human_kidney_nondiseased,330.2221,8883.8626,26.9,88.7807,88.7807,1,1,1.0,1,1.0,1,1.0,1,0.9344,
15,0.3,xenium_human_kidney_nondiseased,338.1857,9578.8471,28.32,55.7185,55.7185,1,1,1.0,1,1.0,1,1.0,1,1.0,
16,0.3,xenium_human_kidney_nondiseased,344.7109,9364.4973,27.16,59.519,59.519,1,1,1.0,1,1.0,1,1.0,1,1.0,
17,0.3,xenium_human_kidney_nondiseased,342.4129,9183.5275,26.81,66.2106,66.2106,1,1,1.0,1,1.0,1,0.9375,1,0.9747,
18,0.3,xenium_human_kidney_nondiseased,328.8561,9219.7729,28.02,64.7085,64.7085,1,1,1.0,1,1.0,1,1.0,1,1.0,
19,0.3,xenium_human_kidney_nondiseased,333.7085,9346.2457,27.99,66.2135,66.2135,1,1,1.0,1,1.0,1,1.0,1,1.0,
20,0.3,xenium_human_kidney_nondiseased,342.5368,9169.7398,26.76,76.0854,76.0854,1,1,1.0,1,1.0,1,1.0,1,0.918,
21,0.3,xenium_human_kidney_nondiseased,137.9262,8731.9509,63.33,94.8702,95.8966,2,0,0.0,1,0.6667,1,0.6667,1,0.5,
22,0.3,xenium_human_kidney_nondiseased,347.9975,9330.4097,26.8,68.9536,68.9536,1,1,1.0,1,1.0,1,1.0,1,0.9714,
23,0.3,xenium_human_kidney_nondiseased,341.9824,9530.7641,27.86,60.3739,60.3739,1,1,1.0,1,1.0,1,1.0,1,1.0,
24,0.3,xenium_human_kidney_nondiseased,333.2124,9439.0405,28.32,66.6259,66.6259,1,1,1.0,1,1.0,1,1.0,1,0.9815,
25,0.3,xenium_human_kidney_nondiseased,328.4663,9267.2427,28.2,68.4286,68.4286,1,1,1.0,1,1.0,1,1.0,1,0.9767,
26,0.3,xenium_human_kidney_nondiseased,339.041,9055.5714,26.7,76.1431,76.1431,1,1,1.0,1,1.0,1,1.0,1,1.0,
27,0.3,xenium_human_kidney_nondiseased,343.8412,9283.3168,26.99,72.2015,72.2015,1,1,1.0,1,1.0,1,1.0,1,0.9808,
28,0.3,xenium_human_kidney_nondiseased,343.9963,9204.8302,26.75,65.3109,65.3109,1,1,1.0,1,1.0,1,1.0,1,1.0,
29,0.3,xenium_human_kidney_nondiseased,330.2545,9314.9629,28.19,63.628,63.628,1,1,1.0,1,1.0,1,1.0,1,1.0,
30,0.3,xenium_human_kidney_nondiseased,342.766,9339.2527,27.24,60.2231,60.2231,1,1,1.0,1,1.0,1,1.0,1,1.0,
31,0.3,xenium_human_kidney_nondiseased,342.9449,9020.3941,26.3,77.7924,77.7924,1,1,1.0,1,1.0,1,1.0,1,0.9681,
32,0.3,xenium_human_kidney_nondiseased,347.6208,9674.7417,27.83,55.0263,55.0263,1,1,1.0,1,1.0,1,1.0,1,1.0,
33,0.3,xenium_human_kidney_nondiseased,347.1323,9188.5018,26.47,71.4937,71.4937,1,1,1.0,1,1.0,1,0.9643,1,0.9586,
34,0.3,xenium_human_kidney_nondiseased,343.0378,8844.171,25.78,90.5825,90.5825,1,1,1.0,1,1.0,1,1.0,1,0.7308,
35,0.3,xenium_human_kidney_nondiseased,333.7941,9283.1674,27.81,66.3804,66.3804,1,1,1.0,1,1.0,1,0.9697,1,0.9754,
36,0.3,xenium_human_kidney_nondiseased,349.0046,9165.8104,26.26,64.9728,64.9728,1,1,1.0,1,1.0,1,1.0,1,0.9811,
37,0.3,xenium_human_kidney_nondiseased,351.4748,9434.3702,26.83,54.4402,54.4402,1,1,1.0,1,1.0,1,1.0,1,1.0,
38,0.3,xenium_human_kidney_nondiseased,349.7793,9048.8294,25.87,77.3585,77.3585,1,1,1.0,1,1.0,1,1.0,1,0.9333,
39,0.3,xenium_human_kidney_nondiseased,338.229,9306.0102,27.51,58.4638,58.4638,1,1,1.0,1,1.0,1,1.0,1,1.0,
40,0.3,xenium_human_kidney_nondiseased,331.0159,9347.8592,28.23,54.4683,54.4683,1,1,1.0,1,1.0,1,1.0,1,1.0,
41,0.3,xenium_human_kidney_nondiseased,342.0565,9110.1991,26.63,81.3084,81.3084,1,1,1.0,1,1.0,1,1.0,1,0.9507,
42,0.3,xenium_human_kidney_nondiseased,351.1374,9269.2803,26.39,68.3466,68.3466,1,1,1.0,1,1.0,1,1.0,1,1.0,
43,0.3,xenium_human_kidney_nondiseased,351.6076,9022.5166,25.65,81.6526,81.6526,1,1,1.0,1,1.0,1,0.8,1,0.9143,
44,0.3,xenium_human_kidney_nondiseased,339.4099,8933.8107,26.31,86.1595,86.1595,1,1,1.0,1,1.0,1,1.0,1,0.9077,
45,0.3,xenium_human_kidney_nondiseased,332.7095,9382.5023,28.19,58.4664,58.4664,1,1,1.0,1,1.0,1,1.0,1,1.0,
46,0.3,xenium_human_kidney_nondiseased,350.2504,9233.0504,26.36,71.5535,71.5535,1,1,1.0,1,1.0,1,1.0,1,0.9739,
47,0.3,xenium_human_kidney_nondiseased,347.0452,9348.089,26.93,60.1915,60.1915,1,1,1.0,1,1.0,1,1.0,1,1.0,
48,0.3,xenium_human_kidney_nondiseased,344.0812,9234.2862,26.84,76.8102,76.8102,1,1,1.0,1,1.0,1,1.0,1,0.9794,
49,0.3,xenium_human_kidney_nondiseased,338.974,9264.4712,27.33,69.7665,69.7665,1,1,1.0,1,1.0,1,0.9091,1,0.9659,
50,0.3,xenium_human_kidney_nondiseased,343.7316,9259.7097,26.93,68.1069,68.1069,1,1,1.0,1,1.0,1,1.0,1,1.0,
51,0.3,xenium_human_kidney_nondiseased,345.4564,9212.4966,26.66,64.6732,64.6732,1,1,1.0,1,1.0,1,1.0,1,1.0,
52,0.3,xenium_human_kidney_nondiseased,350.4493,9341.0645,26.66,57.4321,57.4321,1,1,1.0,1,1.0,1,1.0,1,1.0,
53,0.3,xenium_human_kidney_nondiseased,347.9519,9307.3491,26.75,58.9097,58.9097,1,1,1.0,1,1.0,1,1.0,1,1.0,
54,0.3,xenium_human_kidney_nondiseased,325.633,9210.1751,28.28,66.8666,66.8666,1,1,1.0,1,1.0,1,1.0,1,0.9565,
55,0.3,xenium_human_kidney_nondiseased,326.5252,9291.5097,28.45,61.9982,61.9982,1,1,1.0,1,1.0,1,1.0,1,0.9821,
56,0.3,xenium_human_kidney_nondiseased,349.9774,9317.9845,26.62,61.0214,61.0214,1,1,1.0,1,1.0,1,1.0,1,1.0,
57,0.3,xenium_human_kidney_nondiseased,350.068,9228.0762,26.35,72.12,72.12,1,1,1.0,1,1.0,1,1.0,1,0.9615,
58,0.3,xenium_human_kidney_nondiseased,337.4672,9249.5518,27.4,67.9544,67.9544,1,1,1.0,1,1.0,1,1.0,1,0.9855,
59,0.3,xenium_human_kidney_nondiseased,328.498,9293.8917,28.29,64.3246,64.3246,1,1,1.0,1,1.0,1,1.0,1,1.0,
60,0.3,xenium_human_kidney_nondiseased,328.6589,9013.5484,27.43,82.111,82.111,1,1,1.0,1,0.9091,1,0.9688,1,0.9262,
61,0.3,xenium_human_kidney_nondiseased,340.189,9229.189,27.13,62.7991,62.7991,1,1,1.0,1,1.0,1,1.0,1,0.9868,
62,0.3,xenium_human_kidney_nondiseased,347.994,9039.3438,25.97,77.9745,77.9745,1,1,1.0,1,1.0,1,1.0,1,0.9615,
63,0.3,xenium_human_kidney_nondiseased,334.755,9124.6256,27.25,78.1028,78.1028,1,1,1.0,1,1.0,1,1.0,1,0.9444,
64,0.3,xenium_human_kidney_nondiseased,324.1666,8797.3077,27.14,100.8298,100.8298,1,1,1.0,1,1.0,1,1.0,1,0.8265,
65,0.3,xenium_human_kidney_nondiseased,339.3766,9345.5234,27.54,65.2969,65.2969,1,1,1.0,1,1.0,1,1.0,1,1.0,
66,0.3,xenium_human_kidney_nondiseased,336.0577,9417.3984,28.02,57.6253,57.6253,1,1,1.0,1,1.0,1,1.0,1,1.0,
67,0.3,xenium_human_kidney_nondiseased,343.2764,8980.2821,26.15,83.9108,83.9108,1,1,1.0,1,1.0,1,0.9259,1,0.8589,
68,0.3,xenium_human_kidney_nondiseased,340.4177,9345.3281,27.45,56.79,56.79,1,1,1.0,1,1.0,1,1.0,1,1.0,
69,0.3,xenium_human_kidney_nondiseased,334.7112,9052.065,27.04,81.0997,81.0997,1,1,1.0,1,1.0,1,0.9375,1,0.8899,
70,0.3,xenium_human_kidney_nondiseased,340.0782,9189.9654,27.02,70.5892,70.5892,1,1,1.0,1,1.0,1,1.0,1,0.982,
71,0.3,xenium_human_kidney_nondiseased,342.5619,9158.3956,26.73,65.7592,65.7592,1,1,1.0,1,1.0,1,0.9231,1,0.9867,
72,0.3,xenium_human_kidney_nondiseased,346.1488,9356.1617,27.03,54.5407,54.5407,1,1,1.0,1,1.0,1,1.0,1,1.0,
73,0.3,xenium_human_kidney_nondiseased,340.2489,9240.9392,27.15,71.5473,71.5473,1,1,1.0,1,1.0,1,1.0,1,1.0,
74,0.3,xenium_human_kidney_nondiseased,342.9618,9328.6896,27.19,69.5529,69.5529,1,1,1.0,1,1.0,1,1.0,1,1.0,
75,0.3,xenium_human_kidney_nondiseased,324.7253,9163.847,28.21,77.9849,77.9849,1,1,1.0,1,1.0,1,0.9474,1,0.9344,
76,0.3,xenium_human_kidney_nondiseased,332.8309,9190.7495,27.61,65.9228,65.9228,1,1,1.0,1,1.0,1,1.0,1,1.0,
77,0.3,xenium_human_kidney_nondiseased,348.6167,9078.0729,26.03,77.0108,77.0108,1,1,1.0,1,1.0,1,1.0,1,0.9839,
78,0.3,xenium_human_kidney_nondiseased,348.0344,9381.4521,26.95,55.8948,55.8948,1,1,1.0,1,1.0,1,1.0,1,1.0,
79,0.3,xenium_human_kidney_nondiseased,323.3964,9243.822,28.57,73.8989,73.8989,1,1,1.0,1,1.0,1,1.0,1,0.9909,
80,0.3,xenium_human_kidney_nondiseased,323.1435,9300.5965,28.77,61.4775,61.4775,1,1,1.0,1,1.0,1,1.0,1,1.0,
81,0.3,xenium_human_kidney_nondiseased,323.8271,9108.3774,28.12,70.616,70.616,1,1,1.0,1,1.0,1,1.0,1,0.9762,
82,0.3,xenium_human_kidney_nondiseased,340.899,9297.2202,27.27,67.1344,67.1344,1,1,1.0,1,1.0,1,1.0,1,0.9859,
83,0.3,xenium_human_kidney_nondiseased,351.1841,9192.44,26.17,65.8154,65.8154,1,1,1.0,1,1.0,1,1.0,1,1.0,
84,0.3,xenium_human_kidney_nondiseased,327.0685,9820.3715,30.02,42.4762,42.4762,1,1,1.0,1,1.0,1,1.0,1,1.0,
85,0.3,xenium_human_kidney_nondiseased,321.1397,8823.2867,27.47,95.6316,95.6316,1,1,1.0,1,1.0,1,1.0,1,0.9333,
86,0.3,xenium_human_kidney_nondiseased,324.6266,9313.3905,28.69,58.2252,58.2252,1,1,1.0,1,1.0,1,1.0,1,1.0,
87,0.3,xenium_human_kidney_nondiseased,341.1853,9242.3446,27.09,73.5669,73.5669,1,1,1.0,1,1.0,1,1.0,1,1.0,
88,0.3,xenium_human_kidney_nondiseased,338.8021,9160.0383,27.03,75.1401,75.1401,1,1,1.0,1,1.0,1,0.9455,1,0.9289,
89,0.3,xenium_human_kidney_nondiseased,329.0247,9228.4542,28.04,68.341,68.341,1,1,1.0,1,1.0,1,0.875,1,0.9365,
90,0.3,xenium_human_kidney_nondiseased,326.6795,9014.6343,27.59,83.912,83.912,1,1,1.0,1,1.0,1,1.0,1,0.9,
91,0.3,xenium_human_kidney_nondiseased,327.651,9463.8039,28.88,58.743,58.743,1,1,1.0,1,1.0,1,1.0,1,1.0,
92,0.3,xenium_human_kidney_nondiseased,338.9103,9281.0501,27.38,65.9585,65.9585,1,1,1.0,1,1.0,1,1.0,1,1.0,
93,0.3,xenium_human_kidney_nondiseased,338.6262,9321.5739,27.53,62.1645,62.1645,1,1,1.0,1,1.0,1,1.0,1,1.0,
94,0.3,xenium_human_kidney_nondiseased,328.6443,9178.519,27.92,71.1774,71.1774,1,1,1.0,1,1.0,1,1.0,1,0.988,
95,0.3,xenium_human_kidney_nondiseased,324.4803,9404.0011,28.98,58.5677,58.5677,1,1,1.0,1,1.0,1,1.0,1,1.0,
96,0.3,xenium_human_kidney_nondiseased,322.8034,9119.0822,28.25,74.2748,74.2748,1,1,1.0,1,1.0,1,1.0,1,0.9451,
97,0.3,xenium_human_kidney_nondiseased,332.8017,9116.7752,27.39,74.7465,74.7465,1,1,1.0,1,1.0,1,1.0,1,0.9565,
98,0.3,xenium_human_kidney_nondiseased,335.8723,8931.4615,26.59,85.218,85.218,1,1,1.0,1,1.0,1,0.9231,1,0.8415,
99,0.3,xenium_human_kidney_nondiseased,328.4995,9203.3617,28.01,62.1326,62.1326,1,1,1.0,1,1.0,1,1.0,1,1.0,
0,0.35,xenium_human_kidney_nondiseased,341.873,9649.0644,28.57,55.0871,55.0871,1,1,1.0,1,1.0,1,1.0,1,1.0,
1,0.35,xenium_human_kidney_nondiseased,335.1168,9212.1722,27.56,70.8632,70.8632,1,1,1.0,1,1.0,1,1.0,1,0.9868,
2,0.35,xenium_human_kidney_nondiseased,338.8265,9210.8738,27.2,69.3708,69.3708,1,1,1.0,1,1.0,1,1.0,1,0.9226,
3,0.35,xenium_human_kidney_nondiseased,342.432,9299.3172,27.16,67.621,67.621,1,1,1.0,1,1.0,1,1.0,1,1.0,
4,0.35,xenium_human_kidney_nondiseased,334.9604,9513.4775,28.41,54.4661,54.4661,1,1,1.0,1,1.0,1,1.0,1,1.0,
5,0.35,xenium_human_kidney_nondiseased,334.2622,9320.4576,27.88,65.486,65.486,1,1,1.0,1,1.0,1,1.0,1,0.9677,
6,0.35,xenium_human_kidney_nondiseased,328.7391,9014.8858,27.43,78.8659,78.8659,1,1,1.0,1,1.0,1,1.0,1,0.963,
7,0.35,xenium_human_kidney_nondiseased,340.0392,9528.3842,28.03,54.8858,54.8858,1,1,1.0,1,1.0,1,1.0,1,1.0,
8,0.35,xenium_human_kidney_nondiseased,341.848,9379.7322,27.44,61.4796,61.4796,1,1,1.0,1,1.0,1,1.0,1,1.0,
9,0.35,xenium_human_kidney_nondiseased,340.2909,9237.7128,27.15,70.2012,70.2012,1,1,1.0,1,0.9091,1,0.9474,1,0.9007,
10,0.35,xenium_human_kidney_nondiseased,335.8031,9396.7065,27.99,60.0133,60.0133,1,1,1.0,1,1.0,1,1.0,1,0.9853,
11,0.35,xenium_human_kidney_nondiseased,330.1949,9433.1031,28.57,62.8194,62.8194,1,1,1.0,1,1.0,1,1.0,1,1.0,
12,0.35,xenium_human_kidney_nondiseased,342.5077,9362.4422,27.33,58.7145,58.7145,1,1,1.0,1,1.0,1,1.0,1,1.0,
13,0.35,xenium_human_kidney_nondiseased,344.7819,9272.3168,26.89,62.9089,62.9089,1,1,1.0,1,1.0,1,1.0,1,1.0,
14,0.35,xenium_human_kidney_nondiseased,341.0276,8883.8626,26.05,88.7807,88.7807,1,1,1.0,1,1.0,1,1.0,1,0.9344,
15,0.35,xenium_human_kidney_nondiseased,332.3507,9578.8471,28.82,55.7185,55.7185,1,1,1.0,1,1.0,1,1.0,1,1.0,
16,0.35,xenium_human_kidney_nondiseased,327.6549,9364.4973,28.58,59.519,59.519,1,1,1.0,1,1.0,1,1.0,1,1.0,
17,0.35,xenium_human_kidney_nondiseased,341.7214,9183.5275,26.87,66.2106,66.2106,1,1,1.0,1,1.0,1,0.9375,1,0.9747,
18,0.35,xenium_human_kidney_nondiseased,347.2289,9219.7729,26.56,64.7085,64.7085,1,1,1.0,1,1.0,1,1.0,1,1.0,
19,0.35,xenium_human_kidney_nondiseased,338.0772,9346.2457,27.65,66.2135,66.2135,1,1,1.0,1,1.0,1,1.0,1,1.0,
20,0.35,xenium_human_kidney_nondiseased,327.1816,9169.7398,28.03,76.0854,76.0854,1,1,1.0,1,1.0,1,1.0,1,0.918,
21,0.35,xenium_human_kidney_nondiseased,326.8772,8731.9509,26.74,94.8702,95.8966,2,0,0.0,1,0.6667,1,0.6667,1,0.6667,
22,0.35,xenium_human_kidney_nondiseased,343.0984,9330.4097,27.2,68.9536,68.9536,1,1,1.0,1,1.0,1,1.0,1,0.9714,
23,0.35,xenium_human_kidney_nondiseased,345.9975,9530.7641,27.55,60.3739,60.3739,1,1,1.0,1,1.0,1,1.0,1,1.0,
24,0.35,xenium_human_kidney_nondiseased,346.1421,9439.0405,27.27,66.6259,66.6259,1,1,1.0,1,1.0,1,1.0,1,0.9815,
25,0.35,xenium_human_kidney_nondiseased,330.7837,9267.2427,28.02,68.4286,68.4286,1,1,1.0,1,1.0,1,1.0,1,0.9767,
26,0.35,xenium_human_kidney_nondiseased,329.6492,9055.5714,27.47,76.1431,76.1431,1,1,1.0,1,1.0,1,1.0,1,1.0,
27,0.35,xenium_human_kidney_nondiseased,343.4185,9283.3168,27.04,72.2015,72.2015,1,1,1.0,1,1.0,1,1.0,1,0.9808,
28,0.35,xenium_human_kidney_nondiseased,347.5082,9204.8302,26.49,65.3109,65.3109,1,1,1.0,1,1.0,1,1.0,1,1.0,
29,0.35,xenium_human_kidney_nondiseased,335.8794,9314.9629,27.74,63.628,63.628,1,1,1.0,1,1.0,1,1.0,1,1.0,
30,0.35,xenium_human_kidney_nondiseased,328.8752,9339.2527,28.4,60.2231,60.2231,1,1,1.0,1,1.0,1,1.0,1,1.0,
31,0.35,xenium_human_kidney_nondiseased,331.3328,9020.3941,27.23,77.7924,77.7924,1,1,1.0,1,1.0,1,1.0,1,0.9681,
32,0.35,xenium_human_kidney_nondiseased,345.9065,9674.7417,27.97,55.0263,55.0263,1,1,1.0,1,1.0,1,1.0,1,1.0,
33,0.35,xenium_human_kidney_nondiseased,347.076,9188.5018,26.47,71.4937,71.4937,1,1,1.0,1,1.0,1,0.9643,1,0.9586,
34,0.35,xenium_human_kidney_nondiseased,337.4452,8844.171,26.21,90.5825,90.5825,1,1,1.0,1,1.0,1,1.0,1,0.7308,
35,0.35,xenium_human_kidney_nondiseased,332.9639,9283.1674,27.88,66.3804,66.3804,1,1,1.0,1,1.0,1,0.9697,1,0.9754,
36,0.35,xenium_human_kidney_nondiseased,335.7136,9165.8104,27.3,64.9728,64.9728,1,1,1.0,1,1.0,1,1.0,1,0.9811,
37,0.35,xenium_human_kidney_nondiseased,347.6174,9434.3702,27.14,54.4402,54.4402,1,1,1.0,1,1.0,1,1.0,1,1.0,
38,0.35,xenium_human_kidney_nondiseased,350.773,9048.8294,25.8,77.3585,77.3585,1,1,1.0,1,1.0,1,1.0,1,0.9333,
39,0.35,xenium_human_kidney_nondiseased,336.8516,9306.0102,27.63,58.4638,58.4638,1,1,1.0,1,1.0,1,1.0,1,1.0,
40,0.35,xenium_human_kidney_nondiseased,333.3433,9347.8592,28.04,54.4683,54.4683,1,1,1.0,1,1.0,1,1.0,1,1.0,
41,0.35,xenium_human_kidney_nondiseased,331.9951,9110.1991,27.44,81.3084,81.3084,1,1,1.0,1,1.0,1,1.0,1,0.9507,
42,0.35,xenium_human_kidney_nondiseased,343.105,9269.2803,27.01,68.3466,68.3466,1,1,1.0,1,1.0,1,1.0,1,1.0,
43,0.35,xenium_human_kidney_nondiseased,350.3162,9022.5166,25.75,81.6526,81.6526,1,1,1.0,1,1.0,1,0.8,1,0.9143,
44,0.35,xenium_human_kidney_nondiseased,337.6632,8933.8107,26.45,86.1595,86.1595,1,1,1.0,1,1.0,1,1.0,1,0.9077,
45,0.35,xenium_human_kidney_nondiseased,340.1474,9382.5023,27.58,58.4664,58.4664,1,1,1.0,1,1.0,1,1.0,1,1.0,
46,0.35,xenium_human_kidney_nondiseased,339.1114,9233.0504,27.21,71.5535,71.5535,1,1,1.0,1,1.0,1,1.0,1,0.9739,
47,0.35,xenium_human_kidney_nondiseased,349.6733,9348.089,26.72,60.1915,60.1915,1,1,1.0,1,1.0,1,1.0,1,1.0,
48,0.35,xenium_human_kidney_nondiseased,346.7825,9234.2862,26.62,76.8102,76.8102,1,1,1.0,1,1.0,1,1.0,1,0.9794,
49,0.35,xenium_human_kidney_nondiseased,333.2941,9264.4712,27.79,69.7665,69.7665,1,1,1.0,1,1.0,1,0.9091,1,0.9659,
50,0.35,xenium_human_kidney_nondiseased,337.8692,9259.7097,27.4,68.1069,68.1069,1,1,1.0,1,1.0,1,1.0,1,1.0,
51,0.35,xenium_human_kidney_nondiseased,338.6537,9212.4966,27.19,64.6732,64.6732,1,1,1.0,1,1.0,1,1.0,1,1.0,
52,0.35,xenium_human_kidney_nondiseased,349.1934,9341.0645,26.74,57.4321,57.4321,1,1,1.0,1,1.0,1,1.0,1,1.0,
53,0.35,xenium_human_kidney_nondiseased,348.1482,9307.3491,26.73,58.9097,58.9097,1,1,1.0,1,1.0,1,1.0,1,1.0,
54,0.35,xenium_human_kidney_nondiseased,340.5287,9210.1751,27.04,66.8666,66.8666,1,1,1.0,1,1.0,1,1.0,1,0.9565,
55,0.35,xenium_human_kidney_nondiseased,330.0811,9291.5097,28.14,61.9982,61.9982,1,1,1.0,1,1.0,1,1.0,1,0.9821,
56,0.35,xenium_human_kidney_nondiseased,340.0238,9317.9845,27.4,61.0214,61.0214,1,1,1.0,1,1.0,1,1.0,1,1.0,
57,0.35,xenium_human_kidney_nondiseased,350.3247,9228.0762,26.34,72.12,72.12,1,1,1.0,1,1.0,1,1.0,1,0.9615,
58,0.35,xenium_human_kidney_nondiseased,339.0053,9249.5518,27.28,67.9544,67.9544,1,1,1.0,1,1.0,1,1.0,1,0.9855,
59,0.35,xenium_human_kidney_nondiseased,325.8432,9293.8917,28.52,64.3246,64.3246,1,1,1.0,1,1.0,1,1.0,1,1.0,
60,0.35,xenium_human_kidney_nondiseased,326.8622,9013.5484,27.57,82.111,82.111,1,1,1.0,1,0.9091,1,0.9688,1,0.9262,
61,0.35,xenium_human_kidney_nondiseased,340.5497,9229.189,27.1,62.7991,62.7991,1,1,1.0,1,1.0,1,1.0,1,0.9868,
62,0.35,xenium_human_kidney_nondiseased,330.7767,9039.3438,27.32,77.9745,77.9745,1,1,1.0,1,1.0,1,1.0,1,0.9615,
63,0.35,xenium_human_kidney_nondiseased,325.0681,9124.6256,28.07,78.1028,78.1028,1,1,1.0,1,1.0,1,1.0,1,0.9444,
64,0.35,xenium_human_kidney_nondiseased,324.6596,8797.3077,27.09,100.8298,100.8298,1,1,1.0,1,1.0,1,1.0,1,0.8265,
65,0.35,xenium_human_kidney_nondiseased,324.0291,9345.5234,28.84,65.2969,65.2969,1,1,1.0,1,1.0,1,1.0,1,1.0,
66,0.35,xenium_human_kidney_nondiseased,326.7875,9417.3984,28.88,57.6253,57.6253,1,1,1.0,1,1.0,1,1.0,1,1.0,
67,0.35,xenium_human_kidney_nondiseased,336.53,8980.2821,26.67,83.9108,83.9108,1,1,1.0,1,1.0,1,0.9259,1,0.8589,
68,0.35,xenium_human_kidney_nondiseased,331.9215,9345.3281,28.14,56.79,56.79,1,1,1.0,1,1.0,1,1.0,1,1.0,
69,0.35,xenium_human_kidney_nondiseased,324.8057,9052.065,27.85,81.0997,81.0997,1,1,1.0,1,1.0,1,0.9375,1,0.8899,
70,0.35,xenium_human_kidney_nondiseased,326.5309,9189.9654,28.13,70.5892,70.5892,1,1,1.0,1,1.0,1,1.0,1,0.982,
71,0.35,xenium_human_kidney_nondiseased,333.2249,9158.3956,27.47,65.7592,65.7592,1,1,1.0,1,1.0,1,0.9231,1,0.9867,
72,0.35,xenium_human_kidney_nondiseased,330.9339,9356.1617,28.26,54.5407,54.5407,1,1,1.0,1,1.0,1,1.0,1,1.0,
73,0.35,xenium_human_kidney_nondiseased,330.9304,9240.9392,27.91,71.5473,71.5473,1,1,1.0,1,1.0,1,1.0,1,1.0,
74,0.35,xenium_human_kidney_nondiseased,326.6373,9328.6896,28.55,69.5529,69.5529,1,1,1.0,1,1.0,1,1.0,1,1.0,
75,0.35,xenium_human_kidney_nondiseased,328.0858,9163.847,27.92,77.9849,77.9849,1,1,1.0,1,1.0,1,0.9474,1,0.9344,
76,0.35,xenium_human_kidney_nondiseased,334.5147,9190.7495,27.47,65.9228,65.9228,1,1,1.0,1,1.0,1,1.0,1,1.0,
77,0.35,xenium_human_kidney_nondiseased,336.8384,9078.0729,26.94,77.0108,77.0108,1,1,1.0,1,1.0,1,1.0,1,0.9839,
78,0.35,xenium_human_kidney_nondiseased,330.3023,9381.4521,28.4,55.8948,55.8948,1,1,1.0,1,1.0,1,1.0,1,1.0,
79,0.35,xenium_human_kidney_nondiseased,326.8023,9243.822,28.28,73.8989,73.8989,1,1,1.0,1,1.0,1,1.0,1,0.9909,
80,0.35,xenium_human_kidney_nondiseased,326.2353,9300.5965,28.5,61.4775,61.4775,1,1,1.0,1,1.0,1,1.0,1,1.0,
81,0.35,xenium_human_kidney_nondiseased,330.6178,9108.3774,27.54,70.616,70.616,1,1,1.0,1,1.0,1,1.0,1,0.9762,
82,0.35,xenium_human_kidney_nondiseased,332.1371,9297.2202,27.99,67.1344,67.1344,1,1,1.0,1,1.0,1,1.0,1,0.9859,
83,0.35,xenium_human_kidney_nondiseased,326.1852,9192.44,28.17,65.8154,65.8154,1,1,1.0,1,1.0,1,1.0,1,1.0,
84,0.35,xenium_human_kidney_nondiseased,321.5382,9820.3715,30.53,42.4762,42.4762,1,1,1.0,1,1.0,1,1.0,1,1.0,
85,0.35,xenium_human_kidney_nondiseased,322.3186,8823.2867,27.37,95.6316,95.6316,1,1,1.0,1,1.0,1,1.0,1,0.9333,
86,0.35,xenium_human_kidney_nondiseased,329.4897,9313.3905,28.26,58.2252,58.2252,1,1,1.0,1,1.0,1,1.0,1,1.0,
87,0.35,xenium_human_kidney_nondiseased,333.2224,9242.3446,27.73,73.5669,73.5669,1,1,1.0,1,1.0,1,1.0,1,1.0,
88,0.35,xenium_human_kidney_nondiseased,329.0089,9160.0383,27.84,75.1401,75.1401,1,1,1.0,1,1.0,1,0.9455,1,0.9289,
89,0.35,xenium_human_kidney_nondiseased,323.5992,9228.4542,28.51,68.341,68.341,1,1,1.0,1,1.0,1,0.875,1,0.9365,
90,0.35,xenium_human_kidney_nondiseased,325.969,9014.6343,27.65,83.912,83.912,1,1,1.0,1,1.0,1,1.0,1,0.9,
91,0.35,xenium_human_kidney_nondiseased,335.2055,9463.8039,28.23,58.743,58.743,1,1,1.0,1,1.0,1,1.0,1,1.0,
92,0.35,xenium_human_kidney_nondiseased,334.8839,9281.0501,27.71,65.9585,65.9585,1,1,1.0,1,1.0,1,1.0,1,1.0,
93,0.35,xenium_human_kidney_nondiseased,329.3398,9321.5739,28.3,62.1645,62.1645,1,1,1.0,1,1.0,1,1.0,1,1.0,
94,0.35,xenium_human_kidney_nondiseased,326.4688,9178.519,28.11,71.1774,71.1774,1,1,1.0,1,1.0,1,1.0,1,0.988,
95,0.35,xenium_human_kidney_nondiseased,323.2471,9404.0011,29.09,58.5677,58.5677,1,1,1.0,1,1.0,1,1.0,1,1.0,
96,0.35,xenium_human_kidney_nondiseased,334.0858,9119.0822,27.29,74.2748,74.2748,1,1,1.0,1,1.0,1,1.0,1,0.9451,
97,0.35,xenium_human_kidney_nondiseased,340.0419,9116.7752,26.8,74.7465,74.7465,1,1,1.0,1,1.0,1,1.0,1,0.9565,
98,0.35,xenium_human_kidney_nondiseased,330.7508,8931.4615,27.0,85.218,85.218,1,1,1.0,1,1.0,1,0.9231,1,0.8415,
99,0.35,xenium_human_kidney_nondiseased,325.9986,9203.3617,28.22,62.1326,62.1326,1,1,1.0,1,1.0,1,1.0,1,1.0,
0,0.4,xenium_human_kidney_nondiseased,346.2398,9649.0644,28.21,55.0871,55.0871,1,1,1.0,1,1.0,1,1.0,1,1.0,
1,0.4,xenium_human_kidney_nondiseased,337.9688,9212.1722,27.36,70.8632,70.8632,1,1,1.0,1,1.0,1,1.0,1,0.9868,
2,0.4,xenium_human_kidney_nondiseased,347.5918,9210.8738,26.57,69.3708,69.3708,1,1,1.0,1,1.0,1,1.0,1,0.9226,
3,0.4,xenium_human_kidney_nondiseased,344.9938,9299.3172,26.99,67.621,67.621,1,1,1.0,1,1.0,1,1.0,1,1.0,
4,0.4,xenium_human_kidney_nondiseased,340.5807,9513.4775,27.95,54.4661,54.4661,1,1,1.0,1,1.0,1,1.0,1,1.0,
5,0.4,xenium_human_kidney_nondiseased,523.0055,9320.4576,17.83,65.486,65.486,1,1,1.0,1,1.0,1,1.0,1,0.9677,
6,0.4,xenium_human_kidney_nondiseased,327.3486,9014.8858,27.55,78.8659,78.8659,1,1,1.0,1,1.0,1,1.0,1,0.963,
7,0.4,xenium_human_kidney_nondiseased,331.2673,9528.3842,28.78,54.8858,54.8858,1,1,1.0,1,1.0,1,1.0,1,1.0,
8,0.4,xenium_human_kidney_nondiseased,329.0679,9379.7322,28.52,61.4796,61.4796,1,1,1.0,1,1.0,1,1.0,1,1.0,
9,0.4,xenium_human_kidney_nondiseased,326.2507,9237.7128,28.33,70.2012,70.2012,1,1,1.0,1,0.9091,1,0.9474,1,0.9007,
10,0.4,xenium_human_kidney_nondiseased,331.3285,9396.7065,28.37,60.0133,60.0133,1,1,1.0,1,1.0,1,1.0,1,0.9853,
11,0.4,xenium_human_kidney_nondiseased,333.6009,9433.1031,28.29,62.8194,62.8194,1,1,1.0,1,1.0,1,1.0,1,1.0,
12,0.4,xenium_human_kidney_nondiseased,332.1493,9362.4422,28.2,58.7145,58.7145,1,1,1.0,1,1.0,1,1.0,1,1.0,
13,0.4,xenium_human_kidney_nondiseased,328.3705,9272.3168,28.25,62.9089,62.9089,1,1,1.0,1,1.0,1,1.0,1,1.0,
14,0.4,xenium_human_kidney_nondiseased,327.9522,8883.8626,27.1,88.7807,88.7807,1,1,1.0,1,1.0,1,1.0,1,0.9344,
15,0.4,xenium_human_kidney_nondiseased,335.2285,9578.8471,28.58,55.7185,55.7185,1,1,1.0,1,1.0,1,1.0,1,1.0,
16,0.4,xenium_human_kidney_nondiseased,341.3761,9364.4973,27.44,59.519,59.519,1,1,1.0,1,1.0,1,1.0,1,1.0,
17,0.4,xenium_human_kidney_nondiseased,337.096,9183.5275,27.25,66.2106,66.2106,1,1,1.0,1,1.0,1,0.9375,1,0.9747,
18,0.4,xenium_human_kidney_nondiseased,333.0025,9219.7729,27.7,64.7085,64.7085,1,1,1.0,1,1.0,1,1.0,1,1.0,
19,0.4,xenium_human_kidney_nondiseased,331.5642,9346.2457,28.2,66.2135,66.2135,1,1,1.0,1,1.0,1,1.0,1,1.0,
20,0.4,xenium_human_kidney_nondiseased,338.4256,9169.7398,27.1,76.0854,76.0854,1,1,1.0,1,1.0,1,1.0,1,0.918,
21,0.4,xenium_human_kidney_nondiseased,341.6699,8731.9509,25.58,94.8702,95.8966,2,0,0.0,1,0.6667,1,0.6667,1,0.6667,
22,0.4,xenium_human_kidney_nondiseased,333.5946,9330.4097,27.98,68.9536,68.9536,1,1,1.0,1,1.0,1,1.0,1,0.9714,
23,0.4,xenium_human_kidney_nondiseased,327.7341,9530.7641,29.1,60.3739,60.3739,1,1,1.0,1,1.0,1,1.0,1,1.0,
24,0.4,xenium_human_kidney_nondiseased,329.736,9439.0405,28.64,66.6259,66.6259,1,1,1.0,1,1.0,1,1.0,1,0.9815,
25,0.4,xenium_human_kidney_nondiseased,341.2283,9267.2427,27.17,68.4286,68.4286,1,1,1.0,1,1.0,1,1.0,1,0.9767,
26,0.4,xenium_human_kidney_nondiseased,347.2728,9055.5714,26.09,76.1431,76.1431,1,1,1.0,1,1.0,1,1.0,1,1.0,
27,0.4,xenium_human_kidney_nondiseased,335.413,9283.3168,27.69,72.2015,72.2015,1,1,1.0,1,1.0,1,1.0,1,0.9808,
28,0.4,xenium_human_kidney_nondiseased,331.0336,9204.8302,27.82,65.3109,65.3109,1,1,1.0,1,1.0,1,1.0,1,1.0,
29,0.4,xenium_human_kidney_nondiseased,328.052,9314.9629,28.41,63.628,63.628,1,1,1.0,1,1.0,1,1.0,1,1.0,
30,0.4,xenium_human_kidney_nondiseased,340.2213,9339.2527,27.46,60.2231,60.2231,1,1,1.0,1,1.0,1,1.0,1,1.0,
31,0.4,xenium_human_kidney_nondiseased,346.1659,9020.3941,26.07,77.7924,77.7924,1,1,1.0,1,1.0,1,1.0,1,0.9681,
32,0.4,xenium_human_kidney_nondiseased,335.9188,9674.7417,28.81,55.0263,55.0263,1,1,1.0,1,1.0,1,1.0,1,1.0,
33,0.4,xenium_human_kidney_nondiseased,330.4268,9188.5018,27.82,71.4937,71.4937,1,1,1.0,1,1.0,1,0.9643,1,0.9586,
34,0.4,xenium_human_kidney_nondiseased,327.5678,8844.171,27.01,90.5825,90.5825,1,1,1.0,1,1.0,1,1.0,1,0.7308,
35,0.4,xenium_human_kidney_nondiseased,342.3877,9283.1674,27.13,66.3804,66.3804,1,1,1.0,1,1.0,1,0.9697,1,0.9754,
36,0.4,xenium_human_kidney_nondiseased,349.3697,9165.8104,26.25,64.9728,64.9728,1,1,1.0,1,1.0,1,1.0,1,0.9811,
37,0.4,xenium_human_kidney_nondiseased,334.2033,9434.3702,28.24,54.4402,54.4402,1,1,1.0,1,1.0,1,1.0,1,1.0,
38,0.4,xenium_human_kidney_nondiseased,328.0213,9048.8294,27.6,77.3585,77.3585,1,1,1.0,1,1.0,1,1.0,1,0.9333,
39,0.4,xenium_human_kidney_nondiseased,343.9202,9306.0102,27.08,58.4638,58.4638,1,1,1.0,1,1.0,1,1.0,1,1.0,
40,0.4,xenium_human_kidney_nondiseased,341.0832,9347.8592,27.42,54.4683,54.4683,1,1,1.0,1,1.0,1,1.0,1,1.0,
41,0.4,xenium_human_kidney_nondiseased,328.5453,9110.1991,27.73,81.3084,81.3084,1,1,1.0,1,1.0,1,1.0,1,0.9507,
42,0.4,xenium_human_kidney_nondiseased,325.9643,9269.2803,28.44,68.3466,68.3466,1,1,1.0,1,1.0,1,1.0,1,1.0,
43,0.4,xenium_human_kidney_nondiseased,328.3597,9022.5166,27.49,81.6526,81.6526,1,1,1.0,1,1.0,1,0.8,1,0.9143,
44,0.4,xenium_human_kidney_nondiseased,337.2303,8933.8107,26.5,86.1595,86.1595,1,1,1.0,1,1.0,1,1.0,1,0.9077,
45,0.4,xenium_human_kidney_nondiseased,341.2,9382.5023,27.51,58.4664,58.4664,1,1,1.0,1,1.0,1,1.0,1,1.0,
46,0.4,xenium_human_kidney_nondiseased,337.838,9233.0504,27.34,71.5535,71.5535,1,1,1.0,1,1.0,1,1.0,1,0.9739,
47,0.4,xenium_human_kidney_nondiseased,328.4846,9348.089,28.46,60.1915,60.1915,1,1,1.0,1,1.0,1,1.0,1,1.0,
48,0.4,xenium_human_kidney_nondiseased,332.0445,9234.2862,27.83,76.8102,76.8102,1,1,1.0,1,1.0,1,1.0,1,0.9794,
49,0.4,xenium_human_kidney_nondiseased,342.6646,9264.4712,27.05,69.7665,69.7665,1,1,1.0,1,1.0,1,0.9091,1,0.9659,
50,0.4,xenium_human_kidney_nondiseased,339.9176,9259.7097,27.26,68.1069,68.1069,1,1,1.0,1,1.0,1,1.0,1,1.0,
51,0.4,xenium_human_kidney_nondiseased,330.3252,9212.4966,27.9,64.6732,64.6732,1,1,1.0,1,1.0,1,1.0,1,1.0,
52,0.4,xenium_human_kidney_nondiseased,327.3416,9341.0645,28.53,57.4321,57.4321,1,1,1.0,1,1.0,1,1.0,1,1.0,
53,0.4,xenium_human_kidney_nondiseased,327.4615,9307.3491,28.42,58.9097,58.9097,1,1,1.0,1,1.0,1,1.0,1,1.0,
54,0.4,xenium_human_kidney_nondiseased,338.2005,9210.1751,27.24,66.8666,66.8666,1,1,1.0,1,1.0,1,1.0,1,0.9565,
55,0.4,xenium_human_kidney_nondiseased,342.4545,9291.5097,27.14,61.9982,61.9982,1,1,1.0,1,1.0,1,1.0,1,0.9821,
56,0.4,xenium_human_kidney_nondiseased,332.7988,9317.9845,27.99,61.0214,61.0214,1,1,1.0,1,1.0,1,1.0,1,1.0,
57,0.4,xenium_human_kidney_nondiseased,327.2579,9228.0762,28.19,72.12,72.12,1,1,1.0,1,1.0,1,1.0,1,0.9615,
58,0.4,xenium_human_kidney_nondiseased,325.8763,9249.5518,28.37,67.9544,67.9544,1,1,1.0,1,1.0,1,1.0,1,0.9855,
59,0.4,xenium_human_kidney_nondiseased,338.3135,9293.8917,27.47,64.3246,64.3246,1,1,1.0,1,1.0,1,1.0,1,1.0,
60,0.4,xenium_human_kidney_nondiseased,343.2086,9013.5484,26.26,82.111,82.111,1,1,1.0,1,0.9091,1,0.9688,1,0.9262,
61,0.4,xenium_human_kidney_nondiseased,333.4454,9229.189,27.68,62.7991,62.7991,1,1,1.0,1,1.0,1,1.0,1,0.9868,
62,0.4,xenium_human_kidney_nondiseased,329.3303,9039.3438,27.46,77.9745,77.9745,1,1,1.0,1,1.0,1,1.0,1,0.9615,
63,0.4,xenium_human_kidney_nondiseased,326.2104,9124.6256,27.98,78.1028,78.1028,1,1,1.0,1,1.0,1,1.0,1,0.9444,
64,0.4,xenium_human_kidney_nondiseased,341.5015,8797.3077,25.77,100.8298,100.8298,1,1,1.0,1,1.0,1,1.0,1,0.8265,
65,0.4,xenium_human_kidney_nondiseased,345.5732,9345.5234,27.04,65.2969,65.2969,1,1,1.0,1,1.0,1,1.0,1,1.0,
66,0.4,xenium_human_kidney_nondiseased,335.1416,9417.3984,28.1,57.6253,57.6253,1,1,1.0,1,1.0,1,1.0,1,1.0,
67,0.4,xenium_human_kidney_nondiseased,329.0238,8980.2821,27.29,83.9108,83.9108,1,1,1.0,1,1.0,1,0.9259,1,0.8589,
68,0.4,xenium_human_kidney_nondiseased,327.2197,9345.3281,28.56,56.79,56.79,1,1,1.0,1,1.0,1,1.0,1,1.0,
69,0.4,xenium_human_kidney_nondiseased,342.8103,9052.065,26.4,81.0997,81.0997,1,1,1.0,1,1.0,1,0.9375,1,0.8899,
70,0.4,xenium_human_kidney_nondiseased,343.8496,9189.9654,26.72,70.5892,70.5892,1,1,1.0,1,1.0,1,1.0,1,0.982,
71,0.4,xenium_human_kidney_nondiseased,334.7071,9158.3956,27.36,65.7592,65.7592,1,1,1.0,1,1.0,1,0.9231,1,0.9867,
72,0.4,xenium_human_kidney_nondiseased,327.4808,9356.1617,28.56,54.5407,54.5407,1,1,1.0,1,1.0,1,1.0,1,1.0,
73,0.4,xenium_human_kidney_nondiseased,341.9693,9240.9392,27.02,71.5473,71.5473,1,1,1.0,1,1.0,1,1.0,1,1.0,
74,0.4,xenium_human_kidney_nondiseased,342.0981,9328.6896,27.26,69.5529,69.5529,1,1,1.0,1,1.0,1,1.0,1,1.0,
75,0.4,xenium_human_kidney_nondiseased,326.5422,9163.847,28.06,77.9849,77.9849,1,1,1.0,1,1.0,1,0.9474,1,0.9344,
76,0.4,xenium_human_kidney_nondiseased,326.398,9190.7495,28.16,65.9228,65.9228,1,1,1.0,1,1.0,1,1.0,1,1.0,
77,0.4,xenium_human_kidney_nondiseased,325.7364,9078.0729,27.87,77.0108,77.0108,1,1,1.0,1,1.0,1,1.0,1,0.9839,
78,0.4,xenium_human_kidney_nondiseased,337.9951,9381.4521,27.76,55.8948,55.8948,1,1,1.0,1,1.0,1,1.0,1,1.0,
79,0.4,xenium_human_kidney_nondiseased,339.1937,9243.822,27.26,73.8989,73.8989,1,1,1.0,1,1.0,1,1.0,1,0.9909,
80,0.4,xenium_human_kidney_nondiseased,331.4417,9300.5965,28.07,61.4775,61.4775,1,1,1.0,1,1.0,1,1.0,1,1.0,
81,0.4,xenium_human_kidney_nondiseased,328.181,9108.3774,27.76,70.616,70.616,1,1,1.0,1,1.0,1,1.0,1,0.9762,
82,0.4,xenium_human_kidney_nondiseased,327.0179,9297.2202,28.44,67.1344,67.1344,1,1,1.0,1,1.0,1,1.0,1,0.9859,
83,0.4,xenium_human_kidney_nondiseased,337.0129,9192.44,27.28,65.8154,65.8154,1,1,1.0,1,1.0,1,1.0,1,1.0,
84,0.4,xenium_human_kidney_nondiseased,337.7419,9820.3715,29.08,42.4762,42.4762,1,1,1.0,1,1.0,1,1.0,1,1.0,
85,0.4,xenium_human_kidney_nondiseased,328.8223,8823.2867,26.84,95.6316,95.6316,1,1,1.0,1,1.0,1,1.0,1,0.9333,
86,0.4,xenium_human_kidney_nondiseased,325.2689,9313.3905,28.64,58.2252,58.2252,1,1,1.0,1,1.0,1,1.0,1,1.0,
87,0.4,xenium_human_kidney_nondiseased,324.6383,9242.3446,28.48,73.5669,73.5669,1,1,1.0,1,1.0,1,1.0,1,1.0,
88,0.4,xenium_human_kidney_nondiseased,331.124,9160.0383,27.67,75.1401,75.1401,1,1,1.0,1,1.0,1,0.9455,1,0.9289,
89,0.4,xenium_human_kidney_nondiseased,342.3977,9228.4542,26.96,68.341,68.341,1,1,1.0,1,1.0,1,0.875,1,0.9365,
90,0.4,xenium_human_kidney_nondiseased,333.2212,9014.6343,27.04,83.912,83.912,1,1,1.0,1,1.0,1,1.0,1,0.9,
91,0.4,xenium_human_kidney_nondiseased,325.7133,9463.8039,29.04,58.743,58.743,1,1,1.0,1,1.0,1,1.0,1,1.0,
92,0.4,xenium_human_kidney_nondiseased,327.579,9281.0501,28.33,65.9585,65.9585,1,1,1.0,1,1.0,1,1.0,1,1.0,
93,0.4,xenium_human_kidney_nondiseased,336.8724,9321.5739,27.67,62.1645,62.1645,1,1,1.0,1,1.0,1,1.0,1,1.0,
94,0.4,xenium_human_kidney_nondiseased,335.7334,9178.519,27.34,71.1774,71.1774,1,1,1.0,1,1.0,1,1.0,1,0.988,
95,0.4,xenium_human_kidney_nondiseased,336.3843,9404.0011,27.96,58.5677,58.5677,1,1,1.0,1,1.0,1,1.0,1,1.0,
96,0.4,xenium_human_kidney_nondiseased,336.7863,9119.0822,27.08,74.2748,74.2748,1,1,1.0,1,1.0,1,1.0,1,0.9451,
97,0.4,xenium_human_kidney_nondiseased,338.99,9116.7752,26.89,74.7465,74.7465,1,1,1.0,1,1.0,1,1.0,1,0.9565,
98,0.4,xenium_human_kidney_nondiseased,334.3541,8931.4615,26.7,85.218,85.218,1,1,1.0,1,1.0,1,0.9231,1,0.8415,
99,0.4,xenium_human_kidney_nondiseased,340.6005,9203.3617,27.01,62.1326,62.1326,1,1,1.0,1,1.0,1,1.0,1,1.0,
0,0.5,xenium_human_kidney_nondiseased,341.3703,9649.0644,28.43,55.0871,55.0871,1,1,1.0,1,1.0,1,1.0,1,1.0,
1,0.5,xenium_human_kidney_nondiseased,340.2556,9212.1722,27.15,70.8632,70.8632,1,1,1.0,1,1.0,1,1.0,1,0.9868,
2,0.5,xenium_human_kidney_nondiseased,340.4734,9210.8738,27.12,69.3708,69.3708,1,1,1.0,1,1.0,1,1.0,1,0.9226,
3,0.5,xenium_human_kidney_nondiseased,340.299,9299.3172,27.36,67.621,67.621,1,1,1.0,1,1.0,1,1.0,1,1.0,
4,0.5,xenium_human_kidney_nondiseased,338.888,9513.4775,28.08,54.4661,54.4661,1,1,1.0,1,1.0,1,1.0,1,1.0,
5,0.5,xenium_human_kidney_nondiseased,340.5364,9320.4576,27.37,65.486,65.486,1,1,1.0,1,1.0,1,1.0,1,0.9677,
6,0.5,xenium_human_kidney_nondiseased,332.5755,9014.8858,27.11,78.8659,78.8659,1,1,1.0,1,1.0,1,1.0,1,0.963,
7,0.5,xenium_human_kidney_nondiseased,335.1549,9528.3842,28.43,54.8858,54.8858,1,1,1.0,1,1.0,1,1.0,1,1.0,
8,0.5,xenium_human_kidney_nondiseased,344.9209,9379.7322,27.19,61.4796,61.4796,1,1,1.0,1,1.0,1,1.0,1,1.0,
9,0.5,xenium_human_kidney_nondiseased,347.8324,9237.7128,26.56,70.2012,70.2012,1,1,1.0,1,0.9091,1,0.9474,1,0.9007,
10,0.5,xenium_human_kidney_nondiseased,340.8396,9396.7065,27.57,60.0133,60.0133,1,1,1.0,1,1.0,1,1.0,1,0.9853,
11,0.5,xenium_human_kidney_nondiseased,341.6208,9433.1031,27.61,62.8194,62.8194,1,1,1.0,1,1.0,1,1.0,1,1.0,
12,0.5,xenium_human_kidney_nondiseased,344.4358,9362.4422,27.18,58.7145,58.7145,1,1,1.0,1,1.0,1,1.0,1,1.0,
13,0.5,xenium_human_kidney_nondiseased,346.6947,9272.3168,26.74,62.9089,62.9089,1,1,1.0,1,1.0,1,1.0,1,1.0,
14,0.5,xenium_human_kidney_nondiseased,349.0205,8883.8626,25.45,88.7807,88.7807,1,1,1.0,1,1.0,1,1.0,1,0.9344,
15,0.5,xenium_human_kidney_nondiseased,342.4927,9578.8471,27.96,55.7185,55.7185,1,1,1.0,1,1.0,1,1.0,1,1.0,
16,0.5,xenium_human_kidney_nondiseased,337.131,9364.4973,27.77,59.519,59.519,1,1,1.0,1,1.0,1,1.0,1,1.0,
17,0.5,xenium_human_kidney_nondiseased,346.3534,9183.5275,26.51,66.2106,66.2106,1,1,1.0,1,1.0,1,0.9375,1,0.9747,
18,0.5,xenium_human_kidney_nondiseased,348.5563,9219.7729,26.44,64.7085,64.7085,1,1,1.0,1,1.0,1,1.0,1,1.0,
19,0.5,xenium_human_kidney_nondiseased,344.9417,9346.2457,27.09,66.2135,66.2135,1,1,1.0,1,1.0,1,1.0,1,1.0,
20,0.5,xenium_human_kidney_nondiseased,335.9713,9169.7398,27.29,76.0854,76.0854,1,1,1.0,1,1.0,1,1.0,1,0.918,
21,0.5,xenium_human_kidney_nondiseased,332.841,8731.9509,26.23,94.8702,95.8966,2,0,0.0,1,0.6667,1,0.6667,1,0.6667,
22,0.5,xenium_human_kidney_nondiseased,348.63,9330.4097,26.76,68.9536,68.9536,1,1,1.0,1,1.0,1,1.0,1,0.9714,
23,0.5,xenium_human_kidney_nondiseased,351.2098,9530.7641,27.13,60.3739,60.3739,1,1,1.0,1,1.0,1,1.0,1,1.0,
24,0.5,xenium_human_kidney_nondiseased,338.4169,9439.0405,27.89,66.6259,66.6259,1,1,1.0,1,1.0,1,1.0,1,0.9815,
25,0.5,xenium_human_kidney_nondiseased,331.7648,9267.2427,27.93,68.4286,68.4286,1,1,1.0,1,1.0,1,1.0,1,0.9767,
26,0.5,xenium_human_kidney_nondiseased,346.8795,9055.5714,26.1,76.1431,76.1431,1,1,1.0,1,1.0,1,1.0,1,1.0,
27,0.5,xenium_human_kidney_nondiseased,348.9274,9283.3168,26.6,72.2015,72.2015,1,1,1.0,1,1.0,1,1.0,1,0.9808,
28,0.5,xenium_human_kidney_nondiseased,331.9037,9204.8302,27.72,65.3109,65.3109,1,1,1.0,1,1.0,1,1.0,1,1.0,
29,0.5,xenium_human_kidney_nondiseased,330.9318,9314.9629,28.14,63.628,63.628,1,1,1.0,1,1.0,1,1.0,1,1.0,
30,0.5,xenium_human_kidney_nondiseased,327.5245,9339.2527,28.51,60.2231,60.2231,1,1,1.0,1,1.0,1,1.0,1,1.0,
31,0.5,xenium_human_kidney_nondiseased,345.5645,9020.3941,26.1,77.7924,77.7924,1,1,1.0,1,1.0,1,1.0,1,0.9681,
32,0.5,xenium_human_kidney_nondiseased,346.2012,9674.7417,27.94,55.0263,55.0263,1,1,1.0,1,1.0,1,1.0,1,1.0,
33,0.5,xenium_human_kidney_nondiseased,332.4465,9188.5018,27.63,71.4937,71.4937,1,1,1.0,1,1.0,1,0.9643,1,0.9586,
34,0.5,xenium_human_kidney_nondiseased,328.156,8844.171,26.95,90.5825,90.5825,1,1,1.0,1,1.0,1,1.0,1,0.7308,
35,0.5,xenium_human_kidney_nondiseased,332.0857,9283.1674,27.95,66.3804,66.3804,1,1,1.0,1,1.0,1,0.9697,1,0.9754,
36,0.5,xenium_human_kidney_nondiseased,343.2981,9165.8104,26.7,64.9728,64.9728,1,1,1.0,1,1.0,1,1.0,1,0.9811,
37,0.5,xenium_human_kidney_nondiseased,350.6744,9434.3702,26.9,54.4402,54.4402,1,1,1.0,1,1.0,1,1.0,1,1.0,
38,0.5,xenium_human_kidney_nondiseased,331.8893,9048.8294,27.26,77.3585,77.3585,1,1,1.0,1,1.0,1,1.0,1,0.9333,
39,0.5,xenium_human_kidney_nondiseased,331.7744,9306.0102,28.04,58.4638,58.4638,1,1,1.0,1,1.0,1,1.0,1,1.0,
40,0.5,xenium_human_kidney_nondiseased,333.9133,9347.8592,27.99,54.4683,54.4683,1,1,1.0,1,1.0,1,1.0,1,1.0,
41,0.5,xenium_human_kidney_nondiseased,344.3442,9110.1991,26.45,81.3084,81.3084,1,1,1.0,1,1.0,1,1.0,1,0.9507,
42,0.5,xenium_human_kidney_nondiseased,345.253,9269.2803,26.85,68.3466,68.3466,1,1,1.0,1,1.0,1,1.0,1,1.0,
43,0.5,xenium_human_kidney_nondiseased,328.7509,9022.5166,27.45,81.6526,81.6526,1,1,1.0,1,1.0,1,0.8,1,0.9143,
44,0.5,xenium_human_kidney_nondiseased,327.6099,8933.8107,27.27,86.1595,86.1595,1,1,1.0,1,1.0,1,1.0,1,0.9077,
45,0.5,xenium_human_kidney_nondiseased,327.3368,9382.5023,28.67,58.4664,58.4664,1,1,1.0,1,1.0,1,1.0,1,1.0,
46,0.5,xenium_human_kidney_nondiseased,339.674,9233.0504,27.19,71.5535,71.5535,1,1,1.0,1,1.0,1,1.0,1,0.9739,
47,0.5,xenium_human_kidney_nondiseased,345.1203,9348.089,27.08,60.1915,60.1915,1,1,1.0,1,1.0,1,1.0,1,1.0,
48,0.5,xenium_human_kidney_nondiseased,338.351,9234.2862,27.29,76.8102,76.8102,1,1,1.0,1,1.0,1,1.0,1,0.9794,
49,0.5,xenium_human_kidney_nondiseased,344.0292,9264.4712,26.92,69.7665,69.7665,1,1,1.0,1,1.0,1,0.9091,1,0.9659,
50,0.5,xenium_human_kidney_nondiseased,343.7466,9259.7097,26.94,68.1069,68.1069,1,1,1.0,1,1.0,1,1.0,1,1.0,
51,0.5,xenium_human_kidney_nondiseased,350.271,9212.4966,26.3,64.6732,64.6732,1,1,1.0,1,1.0,1,1.0,1,1.0,
52,0.5,xenium_human_kidney_nondiseased,332.5328,9341.0645,28.09,57.4321,57.4321,1,1,1.0,1,1.0,1,1.0,1,1.0,
53,0.5,xenium_human_kidney_nondiseased,329.8353,9307.3491,28.21,58.9097,58.9097,1,1,1.0,1,1.0,1,1.0,1,1.0,
54,0.5,xenium_human_kidney_nondiseased,325.6139,9210.1751,28.28,66.8666,66.8666,1,1,1.0,1,1.0,1,1.0,1,0.9565,
55,0.5,xenium_human_kidney_nondiseased,330.6704,9291.5097,28.09,61.9982,61.9982,1,1,1.0,1,1.0,1,1.0,1,0.9821,
56,0.5,xenium_human_kidney_nondiseased,345.1613,9317.9845,26.99,61.0214,61.0214,1,1,1.0,1,1.0,1,1.0,1,1.0,
57,0.5,xenium_human_kidney_nondiseased,341.4779,9228.0762,27.02,72.12,72.12,1,1,1.0,1,1.0,1,1.0,1,0.9615,
58,0.5,xenium_human_kidney_nondiseased,339.1765,9249.5518,27.27,67.9544,67.9544,1,1,1.0,1,1.0,1,1.0,1,0.9855,
59,0.5,xenium_human_kidney_nondiseased,340.2262,9293.8917,27.31,64.3246,64.3246,1,1,1.0,1,1.0,1,1.0,1,1.0,
60,0.5,xenium_human_kidney_nondiseased,349.3041,9013.5484,25.8,82.111,82.111,1,1,1.0,1,0.9091,1,0.9688,1,0.9262,
61,0.5,xenium_human_kidney_nondiseased,335.1324,9229.189,27.54,62.7991,62.7991,1,1,1.0,1,1.0,1,1.0,1,0.9868,
62,0.5,xenium_human_kidney_nondiseased,338.1417,9039.3438,26.74,77.9745,77.9745,1,1,1.0,1,1.0,1,1.0,1,0.9615,
63,0.5,xenium_human_kidney_nondiseased,342.3474,9124.6256,26.65,78.1028,78.1028,1,1,1.0,1,1.0,1,1.0,1,0.9444,
64,0.5,xenium_human_kidney_nondiseased,333.2191,8797.3077,26.4,100.8298,100.8298,1,1,1.0,1,1.0,1,1.0,1,0.8265,
65,0.5,xenium_human_kidney_nondiseased,343.1176,9345.5234,27.24,65.2969,65.2969,1,1,1.0,1,1.0,1,1.0,1,1.0,
66,0.5,xenium_human_kidney_nondiseased,349.5233,9417.3984,26.94,57.6253,57.6253,1,1,1.0,1,1.0,1,1.0,1,1.0,
67,0.5,xenium_human_kidney_nondiseased,345.6615,8980.2821,25.98,83.9108,83.9108,1,1,1.0,1,1.0,1,0.9259,1,0.8589,
68,0.5,xenium_human_kidney_nondiseased,335.7979,9345.3281,27.83,56.79,56.79,1,1,1.0,1,1.0,1,1.0,1,1.0,
69,0.5,xenium_human_kidney_nondiseased,332.1966,9052.065,27.25,81.0997,81.0997,1,1,1.0,1,1.0,1,0.9375,1,0.8899,
70,0.5,xenium_human_kidney_nondiseased,349.1987,9189.9654,26.32,70.5892,70.5892,1,1,1.0,1,1.0,1,1.0,1,0.982,
71,0.5,xenium_human_kidney_nondiseased,350.8248,9158.3956,26.1,65.7592,65.7592,1,1,1.0,1,1.0,1,0.9231,1,0.9867,
72,0.5,xenium_human_kidney_nondiseased,339.4902,9356.1617,27.55,54.5407,54.5407,1,1,1.0,1,1.0,1,1.0,1,1.0,
73,0.5,xenium_human_kidney_nondiseased,339.6626,9240.9392,27.2,71.5473,71.5473,1,1,1.0,1,1.0,1,1.0,1,1.0,
74,0.5,xenium_human_kidney_nondiseased,348.5748,9328.6896,26.76,69.5529,69.5529,1,1,1.0,1,1.0,1,1.0,1,1.0,
75,0.5,xenium_human_kidney_nondiseased,349.1937,9163.847,26.24,77.9849,77.9849,1,1,1.0,1,1.0,1,0.9474,1,0.9344,
76,0.5,xenium_human_kidney_nondiseased,329.124,9190.7495,27.91,65.9228,65.9228,1,1,1.0,1,1.0,1,1.0,1,1.0,
77,0.5,xenium_human_kidney_nondiseased,340.2905,9078.0729,26.67,77.0108,77.0108,1,1,1.0,1,1.0,1,1.0,1,0.9839,
78,0.5,xenium_human_kidney_nondiseased,339.2855,9381.4521,27.65,55.8948,55.8948,1,1,1.0,1,1.0,1,1.0,1,1.0,
79,0.5,xenium_human_kidney_nondiseased,331.6569,9243.822,27.87,73.8989,73.8989,1,1,1.0,1,1.0,1,1.0,1,0.9909,
80,0.5,xenium_human_kidney_nondiseased,349.6688,9300.5965,26.59,61.4775,61.4775,1,1,1.0,1,1.0,1,1.0,1,1.0,
81,0.5,xenium_human_kidney_nondiseased,344.1365,9108.3774,26.46,70.616,70.616,1,1,1.0,1,1.0,1,1.0,1,0.9762,
82,0.5,xenium_human_kidney_nondiseased,341.6928,9297.2202,27.2,67.1344,67.1344,1,1,1.0,1,1.0,1,1.0,1,0.9859,
83,0.5,xenium_human_kidney_nondiseased,329.531,9192.44,27.89,65.8154,65.8154,1,1,1.0,1,1.0,1,1.0,1,1.0,
84,0.5,xenium_human_kidney_nondiseased,347.6881,9820.3715,28.24,42.4762,42.4762,1,1,1.0,1,1.0,1,1.0,1,1.0,
85,0.5,xenium_human_kidney_nondiseased,347.757,8823.2867,25.37,95.6316,95.6316,1,1,1.0,1,1.0,1,1.0,1,0.9333,
86,0.5,xenium_human_kidney_nondiseased,345.3939,9313.3905,26.97,58.2252,58.2252,1,1,1.0,1,1.0,1,1.0,1,1.0,
87,0.5,xenium_human_kidney_nondiseased,335.1673,9242.3446,27.58,73.5669,73.5669,1,1,1.0,1,1.0,1,1.0,1,1.0,
88,0.5,xenium_human_kidney_nondiseased,332.2337,9160.0383,27.57,75.1401,75.1401,1,1,1.0,1,1.0,1,0.9455,1,0.9289,
89,0.5,xenium_human_kidney_nondiseased,352.3871,9228.4542,26.2,68.341,68.341,1,1,1.0,1,1.0,1,0.875,1,0.9365,
90,0.5,xenium_human_kidney_nondiseased,347.4163,9014.6343,25.95,83.912,83.912,1,1,1.0,1,1.0,1,1.0,1,0.9,
91,0.5,xenium_human_kidney_nondiseased,330.7958,9463.8039,28.62,58.743,58.743,1,1,1.0,1,1.0,1,1.0,1,1.0,
92,0.5,xenium_human_kidney_nondiseased,327.8356,9281.0501,28.32,65.9585,65.9585,1,1,1.0,1,1.0,1,1.0,1,1.0,
93,0.5,xenium_human_kidney_nondiseased,325.5356,9321.5739,28.64,62.1645,62.1645,1,1,1.0,1,1.0,1,1.0,1,1.0,
94,0.5,xenium_human_kidney_nondiseased,348.932,9178.519,26.31,71.1774,71.1774,1,1,1.0,1,1.0,1,1.0,1,0.988,
95,0.5,xenium_human_kidney_nondiseased,348.1104,9404.0011,27.02,58.5677,58.5677,1,1,1.0,1,1.0,1,1.0,1,1.0,
96,0.5,xenium_human_kidney_nondiseased,329.1392,9119.0822,27.71,74.2748,74.2748,1,1,1.0,1,1.0,1,1.0,1,0.9451,
97,0.5,xenium_human_kidney_nondiseased,342.4795,9116.7752,26.63,74.7465,74.7465,1,1,1.0,1,1.0,1,1.0,1,0.9565,
98,0.5,xenium_human_kidney_nondiseased,343.0171,8931.4615,26.04,85.218,85.218,1,1,1.0,1,1.0,1,0.9231,1,0.8415,
99,0.5,xenium_human_kidney_nondiseased,346.906,9203.3617,26.54,62.1326,62.1326,1,1,1.0,1,1.0,1,1.0,1,1.0,
0,0.6,xenium_human_kidney_nondiseased,336.089,9649.0644,29.02,55.0871,55.0871,1,1,1.0,1,1.0,1,1.0,1,1.0,
1,0.6,xenium_human_kidney_nondiseased,334.019,9212.1722,27.68,70.8632,70.8632,1,1,1.0,1,1.0,1,1.0,1,0.9868,
2,0.6,xenium_human_kidney_nondiseased,332.295,9210.8738,27.79,69.3708,69.3708,1,1,1.0,1,1.0,1,1.0,1,0.9226,
3,0.6,xenium_human_kidney_nondiseased,348.0558,9299.3172,26.75,67.621,67.621,1,1,1.0,1,1.0,1,1.0,1,1.0,
4,0.6,xenium_human_kidney_nondiseased,350.5256,9513.4775,27.14,54.4661,54.4661,1,1,1.0,1,1.0,1,1.0,1,1.0,
5,0.6,xenium_human_kidney_nondiseased,337.8635,9320.4576,27.59,65.486,65.486,1,1,1.0,1,1.0,1,1.0,1,0.9677,
6,0.6,xenium_human_kidney_nondiseased,332.1225,9014.8858,27.15,78.8659,78.8659,1,1,1.0,1,1.0,1,1.0,1,0.963,
7,0.6,xenium_human_kidney_nondiseased,330.8596,9528.3842,28.8,54.8858,54.8858,1,1,1.0,1,1.0,1,1.0,1,1.0,
8,0.6,xenium_human_kidney_nondiseased,339.9223,9379.7322,27.6,61.4796,61.4796,1,1,1.0,1,1.0,1,1.0,1,1.0,
9,0.6,xenium_human_kidney_nondiseased,349.3146,9237.7128,26.44,70.2012,70.2012,1,1,1.0,1,0.9091,1,0.9474,1,0.9007,
10,0.6,xenium_human_kidney_nondiseased,339.8074,9396.7065,27.64,60.0133,60.0133,1,1,1.0,1,1.0,1,1.0,1,0.9853,
11,0.6,xenium_human_kidney_nondiseased,330.6968,9433.1031,28.52,62.8194,62.8194,1,1,1.0,1,1.0,1,1.0,1,1.0,
12,0.6,xenium_human_kidney_nondiseased,340.0294,9362.4422,27.54,58.7145,58.7145,1,1,1.0,1,1.0,1,1.0,1,1.0,
13,0.6,xenium_human_kidney_nondiseased,348.646,9272.3168,26.6,62.9089,62.9089,1,1,1.0,1,1.0,1,1.0,1,1.0,
14,0.6,xenium_human_kidney_nondiseased,353.2259,8883.8626,25.16,88.7807,88.7807,1,1,1.0,1,1.0,1,1.0,1,0.9344,
15,0.6,xenium_human_kidney_nondiseased,336.14,9578.8471,28.5,55.7185,55.7185,1,1,1.0,1,1.0,1,1.0,1,1.0,
16,0.6,xenium_human_kidney_nondiseased,329.9412,9364.4973,28.39,59.519,59.519,1,1,1.0,1,1.0,1,1.0,1,1.0,
17,0.6,xenium_human_kidney_nondiseased,331.2422,9183.5275,27.73,66.2106,66.2106,1,1,1.0,1,1.0,1,0.9375,1,0.9747,
18,0.6,xenium_human_kidney_nondiseased,346.7136,9219.7729,26.59,64.7085,64.7085,1,1,1.0,1,1.0,1,1.0,1,1.0,
19,0.6,xenium_human_kidney_nondiseased,352.7443,9346.2457,26.49,66.2135,66.2135,1,1,1.0,1,1.0,1,1.0,1,1.0,
20,0.6,xenium_human_kidney_nondiseased,333.9056,9169.7398,27.46,76.0854,76.0854,1,1,1.0,1,1.0,1,1.0,1,0.918,
21,0.6,xenium_human_kidney_nondiseased,336.4395,8731.9509,25.97,94.8702,95.8966,2,0,0.0,1,0.6667,1,0.6667,1,0.6667,
22,0.6,xenium_human_kidney_nondiseased,347.6051,9330.4097,26.84,68.9536,68.9536,1,1,1.0,1,1.0,1,1.0,1,0.9714,
23,0.6,xenium_human_kidney_nondiseased,348.5557,9530.7641,27.34,60.3739,60.3739,1,1,1.0,1,1.0,1,1.0,1,1.0,
24,0.6,xenium_human_kidney_nondiseased,335.5744,9439.0405,28.12,66.6259,66.6259,1,1,1.0,1,1.0,1,1.0,1,0.9815,
25,0.6,xenium_human_kidney_nondiseased,331.8753,9267.2427,27.92,68.4286,68.4286,1,1,1.0,1,1.0,1,1.0,1,0.9767,
26,0.6,xenium_human_kidney_nondiseased,331.8136,9055.5714,27.28,76.1431,76.1431,1,1,1.0,1,1.0,1,1.0,1,1.0,
27,0.6,xenium_human_kidney_nondiseased,347.772,9283.3168,26.69,72.2015,72.2015,1,1,1.0,1,1.0,1,1.0,1,0.9808,
28,0.6,xenium_human_kidney_nondiseased,347.2313,9204.8302,26.51,65.3109,65.3109,1,1,1.0,1,1.0,1,1.0,1,1.0,
29,0.6,xenium_human_kidney_nondiseased,338.035,9314.9629,27.55,63.628,63.628,1,1,1.0,1,1.0,1,1.0,1,1.0,
30,0.6,xenium_human_kidney_nondiseased,332.2514,9339.2527,28.1,60.2231,60.2231,1,1,1.0,1,1.0,1,1.0,1,1.0,
31,0.6,xenium_human_kidney_nondiseased,331.4341,9020.3941,27.21,77.7924,77.7924,1,1,1.0,1,1.0,1,1.0,1,0.9681,
32,0.6,xenium_human_kidney_nondiseased,342.7044,9674.7417,28.23,55.0263,55.0263,1,1,1.0,1,1.0,1,1.0,1,1.0,
33,0.6,xenium_human_kidney_nondiseased,349.7901,9188.5018,26.26,71.4937,71.4937,1,1,1.0,1,1.0,1,0.9643,1,0.9586,
34,0.6,xenium_human_kidney_nondiseased,344.9589,8844.171,25.63,90.5825,90.5825,1,1,1.0,1,1.0,1,1.0,1,0.7308,
35,0.6,xenium_human_kidney_nondiseased,331.4113,9283.1674,28.01,66.3804,66.3804,1,1,1.0,1,1.0,1,0.9697,1,0.9754,
36,0.6,xenium_human_kidney_nondiseased,329.3388,9165.8104,27.82,64.9728,64.9728,1,1,1.0,1,1.0,1,1.0,1,0.9811,
37,0.6,xenium_human_kidney_nondiseased,343.5413,9434.3702,27.46,54.4402,54.4402,1,1,1.0,1,1.0,1,1.0,1,1.0,
38,0.6,xenium_human_kidney_nondiseased,347.3811,9048.8294,26.05,77.3585,77.3585,1,1,1.0,1,1.0,1,1.0,1,0.9333,
39,0.6,xenium_human_kidney_nondiseased,343.6045,9306.0102,27.08,58.4638,58.4638,1,1,1.0,1,1.0,1,1.0,1,1.0,
40,0.6,xenium_human_kidney_nondiseased,333.8284,9347.8592,28.0,54.4683,54.4683,1,1,1.0,1,1.0,1,1.0,1,1.0,
41,0.6,xenium_human_kidney_nondiseased,344.7382,9110.1991,26.42,81.3084,81.3084,1,1,1.0,1,1.0,1,1.0,1,0.9507,
42,0.6,xenium_human_kidney_nondiseased,348.5885,9269.2803,26.58,68.3466,68.3466,1,1,1.0,1,1.0,1,1.0,1,1.0,
43,0.6,xenium_human_kidney_nondiseased,338.6304,9022.5166,26.63,81.6526,81.6526,1,1,1.0,1,1.0,1,0.8,1,0.9143,
44,0.6,xenium_human_kidney_nondiseased,332.7914,8933.8107,26.84,86.1595,86.1595,1,1,1.0,1,1.0,1,1.0,1,0.9077,
45,0.6,xenium_human_kidney_nondiseased,334.7365,9382.5023,28.02,58.4664,58.4664,1,1,1.0,1,1.0,1,1.0,1,1.0,
46,0.6,xenium_human_kidney_nondiseased,342.0742,9233.0504,26.98,71.5535,71.5535,1,1,1.0,1,1.0,1,1.0,1,0.9739,
47,0.6,xenium_human_kidney_nondiseased,349.5831,9348.089,26.73,60.1915,60.1915,1,1,1.0,1,1.0,1,1.0,1,1.0,
48,0.6,xenium_human_kidney_nondiseased,343.4856,9234.2862,26.87,76.8102,76.8102,1,1,1.0,1,1.0,1,1.0,1,0.9794,
49,0.6,xenium_human_kidney_nondiseased,331.8833,9264.4712,27.9,69.7665,69.7665,1,1,1.0,1,1.0,1,0.9091,1,0.9659,
50,0.6,xenium_human_kidney_nondiseased,338.1417,9259.7097,27.37,68.1069,68.1069,1,1,1.0,1,1.0,1,1.0,1,1.0,
51,0.6,xenium_human_kidney_nondiseased,350.3771,9212.4966,26.28,64.6732,64.6732,1,1,1.0,1,1.0,1,1.0,1,1.0,
52,0.6,xenium_human_kidney_nondiseased,349.3165,9341.0645,26.73,57.4321,57.4321,1,1,1.0,1,1.0,1,1.0,1,1.0,
53,0.6,xenium_human_kidney_nondiseased,344.1648,9307.3491,27.03,58.9097,58.9097,1,1,1.0,1,1.0,1,1.0,1,1.0,
54,0.6,xenium_human_kidney_nondiseased,334.9665,9210.1751,27.49,66.8666,66.8666,1,1,1.0,1,1.0,1,1.0,1,0.9565,
55,0.6,xenium_human_kidney_nondiseased,332.7315,9291.5097,27.92,61.9982,61.9982,1,1,1.0,1,1.0,1,1.0,1,0.9821,
56,0.6,xenium_human_kidney_nondiseased,343.2622,9317.9845,27.14,61.0214,61.0214,1,1,1.0,1,1.0,1,1.0,1,1.0,
57,0.6,xenium_human_kidney_nondiseased,349.3514,9228.0762,26.4,72.12,72.12,1,1,1.0,1,1.0,1,1.0,1,0.9615,
58,0.6,xenium_human_kidney_nondiseased,338.3644,9249.5518,27.33,67.9544,67.9544,1,1,1.0,1,1.0,1,1.0,1,0.9855,
59,0.6,xenium_human_kidney_nondiseased,345.9961,9293.8917,26.85,64.3246,64.3246,1,1,1.0,1,1.0,1,1.0,1,1.0,
60,0.6,xenium_human_kidney_nondiseased,340.3498,9013.5484,26.47,82.111,82.111,1,1,1.0,1,0.9091,1,0.9688,1,0.9262,
61,0.6,xenium_human_kidney_nondiseased,348.9587,9229.189,26.44,62.7991,62.7991,1,1,1.0,1,1.0,1,1.0,1,0.9868,
62,0.6,xenium_human_kidney_nondiseased,351.8706,9039.3438,25.68,77.9745,77.9745,1,1,1.0,1,1.0,1,1.0,1,0.9615,
63,0.6,xenium_human_kidney_nondiseased,343.2554,9124.6256,26.57,78.1028,78.1028,1,1,1.0,1,1.0,1,1.0,1,0.9444,
64,0.6,xenium_human_kidney_nondiseased,329.2961,8797.3077,26.7,100.8298,100.8298,1,1,1.0,1,1.0,1,1.0,1,0.8265,
65,0.6,xenium_human_kidney_nondiseased,346.0506,9345.5234,27.0,65.2969,65.2969,1,1,1.0,1,1.0,1,1.0,1,1.0,
66,0.6,xenium_human_kidney_nondiseased,349.2313,9417.3984,26.96,57.6253,57.6253,1,1,1.0,1,1.0,1,1.0,1,1.0,
67,0.6,xenium_human_kidney_nondiseased,330.169,8980.2821,27.19,83.9108,83.9108,1,1,1.0,1,1.0,1,0.9259,1,0.8589,
68,0.6,xenium_human_kidney_nondiseased,328.0645,9345.3281,28.48,56.79,56.79,1,1,1.0,1,1.0,1,1.0,1,1.0,
69,0.6,xenium_human_kidney_nondiseased,325.6036,9052.065,27.79,81.0997,81.0997,1,1,1.0,1,1.0,1,0.9375,1,0.8899,
70,0.6,xenium_human_kidney_nondiseased,347.0959,9189.9654,26.47,70.5892,70.5892,1,1,1.0,1,1.0,1,1.0,1,0.982,
71,0.6,xenium_human_kidney_nondiseased,337.1964,9158.3956,27.16,65.7592,65.7592,1,1,1.0,1,1.0,1,0.9231,1,0.9867,
72,0.6,xenium_human_kidney_nondiseased,328.1958,9356.1617,28.51,54.5407,54.5407,1,1,1.0,1,1.0,1,1.0,1,1.0,
73,0.6,xenium_human_kidney_nondiseased,326.972,9240.9392,28.26,71.5473,71.5473,1,1,1.0,1,1.0,1,1.0,1,1.0,
74,0.6,xenium_human_kidney_nondiseased,323.8223,9328.6896,28.8,69.5529,69.5529,1,1,1.0,1,1.0,1,1.0,1,1.0,
75,0.6,xenium_human_kidney_nondiseased,330.0749,9163.847,27.76,77.9849,77.9849,1,1,1.0,1,1.0,1,0.9474,1,0.9344,
76,0.6,xenium_human_kidney_nondiseased,344.851,9190.7495,26.64,65.9228,65.9228,1,1,1.0,1,1.0,1,1.0,1,1.0,
77,0.6,xenium_human_kidney_nondiseased,332.1358,9078.0729,27.33,77.0108,77.0108,1,1,1.0,1,1.0,1,1.0,1,0.9839,
78,0.6,xenium_human_kidney_nondiseased,326.7553,9381.4521,28.7,55.8948,55.8948,1,1,1.0,1,1.0,1,1.0,1,1.0,
79,0.6,xenium_human_kidney_nondiseased,324.199,9243.822,28.51,73.8989,73.8989,1,1,1.0,1,1.0,1,1.0,1,0.9909,
80,0.6,xenium_human_kidney_nondiseased,335.2358,9300.5965,27.74,61.4775,61.4775,1,1,1.0,1,1.0,1,1.0,1,1.0,
81,0.6,xenium_human_kidney_nondiseased,334.5411,9108.3774,27.22,70.616,70.616,1,1,1.0,1,1.0,1,1.0,1,0.9762,
82,0.6,xenium_human_kidney_nondiseased,328.4762,9297.2202,28.3,67.1344,67.1344,1,1,1.0,1,1.0,1,1.0,1,0.9859,
83,0.6,xenium_human_kidney_nondiseased,328.3024,9192.44,28.0,65.8154,65.8154,1,1,1.0,1,1.0,1,1.0,1,1.0,
84,0.6,xenium_human_kidney_nondiseased,340.7041,9820.3715,28.82,42.4762,42.4762,1,1,1.0,1,1.0,1,1.0,1,1.0,
85,0.6,xenium_human_kidney_nondiseased,333.3773,8823.2867,26.46,95.6316,95.6316,1,1,1.0,1,1.0,1,1.0,1,0.9333,
86,0.6,xenium_human_kidney_nondiseased,327.7139,9313.3905,28.41,58.2252,58.2252,1,1,1.0,1,1.0,1,1.0,1,1.0,
87,0.6,xenium_human_kidney_nondiseased,323.855,9242.3446,28.53,73.5669,73.5669,1,1,1.0,1,1.0,1,1.0,1,1.0,
88,0.6,xenium_human_kidney_nondiseased,322.9163,9160.0383,28.36,75.1401,75.1401,1,1,1.0,1,1.0,1,0.9455,1,0.9289,
89,0.6,xenium_human_kidney_nondiseased,326.3744,9228.4542,28.27,68.341,68.341,1,1,1.0,1,1.0,1,0.875,1,0.9365,
90,0.6,xenium_human_kidney_nondiseased,338.0226,9014.6343,26.66,83.912,83.912,1,1,1.0,1,1.0,1,1.0,1,0.9,
91,0.6,xenium_human_kidney_nondiseased,327.6538,9463.8039,28.88,58.743,58.743,1,1,1.0,1,1.0,1,1.0,1,1.0,
92,0.6,xenium_human_kidney_nondiseased,329.711,9281.0501,28.14,65.9585,65.9585,1,1,1.0,1,1.0,1,1.0,1,1.0,
93,0.6,xenium_human_kidney_nondiseased,324.8687,9321.5739,28.69,62.1645,62.1645,1,1,1.0,1,1.0,1,1.0,1,1.0,
94,0.6,xenium_human_kidney_nondiseased,331.1192,9178.519,27.55,71.1774,71.1774,1,1,1.0,1,1.0,1,1.0,1,0.988,
95,0.6,xenium_human_kidney_nondiseased,334.7113,9404.0011,28.08,58.5677,58.5677,1,1,1.0,1,1.0,1,1.0,1,1.0,
96,0.6,xenium_human_kidney_nondiseased,328.0778,9119.0822,27.79,74.2748,74.2748,1,1,1.0,1,1.0,1,1.0,1,0.9451,
97,0.6,xenium_human_kidney_nondiseased,325.6699,9116.7752,27.99,74.7465,74.7465,1,1,1.0,1,1.0,1,1.0,1,0.9565,
98,0.6,xenium_human_kidney_nondiseased,321.4411,8931.4615,27.78,85.218,85.218,1,1,1.0,1,1.0,1,0.9231,1,0.8415,
99,0.6,xenium_human_kidney_nondiseased,329.291,9203.3617,27.95,62.1326,62.1326,1,1,1.0,1,1.0,1,1.0,1,1.0,
0,0.7,xenium_human_kidney_nondiseased,349.423,9649.0644,27.74,55.0871,55.0871,1,1,1.0,1,1.0,1,1.0,1,1.0,
1,0.7,xenium_human_kidney_nondiseased,350.9163,9212.1722,26.32,70.8632,70.8632,1,1,1.0,1,1.0,1,1.0,1,0.9868,
2,0.7,xenium_human_kidney_nondiseased,348.1071,9210.8738,26.52,69.3708,69.3708,1,1,1.0,1,1.0,1,1.0,1,0.9226,
3,0.7,xenium_human_kidney_nondiseased,514.1038,9299.3172,18.1,67.621,67.621,1,1,1.0,1,1.0,1,1.0,1,1.0,
4,0.7,xenium_human_kidney_nondiseased,328.711,9513.4775,28.96,54.4661,54.4661,1,1,1.0,1,1.0,1,1.0,1,1.0,
5,0.7,xenium_human_kidney_nondiseased,326.4501,9320.4576,28.56,65.486,65.486,1,1,1.0,1,1.0,1,1.0,1,0.9677,
6,0.7,xenium_human_kidney_nondiseased,323.6755,9014.8858,27.86,78.8659,78.8659,1,1,1.0,1,1.0,1,1.0,1,0.963,
7,0.7,xenium_human_kidney_nondiseased,329.2115,9528.3842,28.95,54.8858,54.8858,1,1,1.0,1,1.0,1,1.0,1,1.0,
8,0.7,xenium_human_kidney_nondiseased,333.6266,9379.7322,28.12,61.4796,61.4796,1,1,1.0,1,1.0,1,1.0,1,1.0,
9,0.7,xenium_human_kidney_nondiseased,330.0934,9237.7128,27.99,70.2012,70.2012,1,1,1.0,1,0.9091,1,0.9474,1,0.9007,
10,0.7,xenium_human_kidney_nondiseased,324.3314,9396.7065,28.98,60.0133,60.0133,1,1,1.0,1,1.0,1,1.0,1,0.9853,
11,0.7,xenium_human_kidney_nondiseased,324.1985,9433.1031,29.1,62.8194,62.8194,1,1,1.0,1,1.0,1,1.0,1,1.0,
12,0.7,xenium_human_kidney_nondiseased,332.47,9362.4422,28.16,58.7145,58.7145,1,1,1.0,1,1.0,1,1.0,1,1.0,
13,0.7,xenium_human_kidney_nondiseased,331.032,9272.3168,28.01,62.9089,62.9089,1,1,1.0,1,1.0,1,1.0,1,1.0,
14,0.7,xenium_human_kidney_nondiseased,331.8693,8883.8626,26.77,88.7807,88.7807,1,1,1.0,1,1.0,1,1.0,1,0.9344,
15,0.7,xenium_human_kidney_nondiseased,324.554,9578.8471,29.52,55.7185,55.7185,1,1,1.0,1,1.0,1,1.0,1,1.0,
16,0.7,xenium_human_kidney_nondiseased,323.9459,9364.4973,28.91,59.519,59.519,1,1,1.0,1,1.0,1,1.0,1,1.0,
17,0.7,xenium_human_kidney_nondiseased,330.8032,9183.5275,27.77,66.2106,66.2106,1,1,1.0,1,1.0,1,0.9375,1,0.9747,
18,0.7,xenium_human_kidney_nondiseased,337.7187,9219.7729,27.31,64.7085,64.7085,1,1,1.0,1,1.0,1,1.0,1,1.0,
19,0.7,xenium_human_kidney_nondiseased,330.0439,9346.2457,28.32,66.2135,66.2135,1,1,1.0,1,1.0,1,1.0,1,1.0,
20,0.7,xenium_human_kidney_nondiseased,323.7462,9169.7398,28.33,76.0854,76.0854,1,1,1.0,1,1.0,1,1.0,1,0.918,
21,0.7,xenium_human_kidney_nondiseased,324.504,8731.9509,26.91,94.8702,95.8966,2,0,0.0,1,0.6667,1,0.6667,1,0.6667,
22,0.7,xenium_human_kidney_nondiseased,331.3997,9330.4097,28.16,68.9536,68.9536,1,1,1.0,1,1.0,1,1.0,1,0.9714,
23,0.7,xenium_human_kidney_nondiseased,337.3287,9530.7641,28.25,60.3739,60.3739,1,1,1.0,1,1.0,1,1.0,1,1.0,
24,0.7,xenium_human_kidney_nondiseased,332.0322,9439.0405,28.43,66.6259,66.6259,1,1,1.0,1,1.0,1,1.0,1,0.9815,
25,0.7,xenium_human_kidney_nondiseased,324.3224,9267.2427,28.57,68.4286,68.4286,1,1,1.0,1,1.0,1,1.0,1,0.9767,
26,0.7,xenium_human_kidney_nondiseased,325.7618,9055.5714,27.81,76.1431,76.1431,1,1,1.0,1,1.0,1,1.0,1,1.0,
27,0.7,xenium_human_kidney_nondiseased,336.8162,9283.3168,27.57,72.2015,72.2015,1,1,1.0,1,1.0,1,1.0,1,0.9808,
28,0.7,xenium_human_kidney_nondiseased,338.7996,9204.8302,27.17,65.3109,65.3109,1,1,1.0,1,1.0,1,1.0,1,1.0,
29,0.7,xenium_human_kidney_nondiseased,330.1249,9314.9629,28.22,63.628,63.628,1,1,1.0,1,1.0,1,1.0,1,1.0,
30,0.7,xenium_human_kidney_nondiseased,323.826,9339.2527,28.84,60.2231,60.2231,1,1,1.0,1,1.0,1,1.0,1,1.0,
31,0.7,xenium_human_kidney_nondiseased,323.7312,9020.3941,27.86,77.7924,77.7924,1,1,1.0,1,1.0,1,1.0,1,0.9681,
32,0.7,xenium_human_kidney_nondiseased,336.2913,9674.7417,28.77,55.0263,55.0263,1,1,1.0,1,1.0,1,1.0,1,1.0,
33,0.7,xenium_human_kidney_nondiseased,338.2216,9188.5018,27.17,71.4937,71.4937,1,1,1.0,1,1.0,1,0.9643,1,0.9586,
34,0.7,xenium_human_kidney_nondiseased,327.808,8844.171,26.99,90.5825,90.5825,1,1,1.0,1,1.0,1,1.0,1,0.7308,
35,0.7,xenium_human_kidney_nondiseased,325.7616,9283.1674,28.5,66.3804,66.3804,1,1,1.0,1,1.0,1,0.9697,1,0.9754,
36,0.7,xenium_human_kidney_nondiseased,338.623,9165.8104,27.07,64.9728,64.9728,1,1,1.0,1,1.0,1,1.0,1,0.9811,
37,0.7,xenium_human_kidney_nondiseased,339.8383,9434.3702,27.76,54.4402,54.4402,1,1,1.0,1,1.0,1,1.0,1,1.0,
38,0.7,xenium_human_kidney_nondiseased,326.4309,9048.8294,27.72,77.3585,77.3585,1,1,1.0,1,1.0,1,1.0,1,0.9333,
39,0.7,xenium_human_kidney_nondiseased,322.8841,9306.0102,28.82,58.4638,58.4638,1,1,1.0,1,1.0,1,1.0,1,1.0,
40,0.7,xenium_human_kidney_nondiseased,321.7466,9347.8592,29.05,54.4683,54.4683,1,1,1.0,1,1.0,1,1.0,1,1.0,
41,0.7,xenium_human_kidney_nondiseased,326.1803,9110.1991,27.93,81.3084,81.3084,1,1,1.0,1,1.0,1,1.0,1,0.9507,
42,0.7,xenium_human_kidney_nondiseased,339.4131,9269.2803,27.31,68.3466,68.3466,1,1,1.0,1,1.0,1,1.0,1,1.0,
43,0.7,xenium_human_kidney_nondiseased,331.6165,9022.5166,27.21,81.6526,81.6526,1,1,1.0,1,1.0,1,0.8,1,0.9143,
44,0.7,xenium_human_kidney_nondiseased,323.6502,8933.8107,27.6,86.1595,86.1595,1,1,1.0,1,1.0,1,1.0,1,0.9077,
45,0.7,xenium_human_kidney_nondiseased,323.777,9382.5023,28.98,58.4664,58.4664,1,1,1.0,1,1.0,1,1.0,1,1.0,
46,0.7,xenium_human_kidney_nondiseased,336.5544,9233.0504,27.43,71.5535,71.5535,1,1,1.0,1,1.0,1,1.0,1,0.9739,
47,0.7,xenium_human_kidney_nondiseased,336.7592,9348.089,27.76,60.1915,60.1915,1,1,1.0,1,1.0,1,1.0,1,1.0,
48,0.7,xenium_human_kidney_nondiseased,332.0328,9234.2862,27.81,76.8102,76.8102,1,1,1.0,1,1.0,1,1.0,1,0.9794,
49,0.7,xenium_human_kidney_nondiseased,324.3968,9264.4712,28.56,69.7665,69.7665,1,1,1.0,1,1.0,1,0.9091,1,0.9659,
50,0.7,xenium_human_kidney_nondiseased,323.5134,9259.7097,28.62,68.1069,68.1069,1,1,1.0,1,1.0,1,1.0,1,1.0,
51,0.7,xenium_human_kidney_nondiseased,332.3082,9212.4966,27.72,64.6732,64.6732,1,1,1.0,1,1.0,1,1.0,1,1.0,
52,0.7,xenium_human_kidney_nondiseased,338.019,9341.0645,27.64,57.4321,57.4321,1,1,1.0,1,1.0,1,1.0,1,1.0,
53,0.7,xenium_human_kidney_nondiseased,327.6706,9307.3491,28.41,58.9097,58.9097,1,1,1.0,1,1.0,1,1.0,1,1.0,
54,0.7,xenium_human_kidney_nondiseased,326.8334,9210.1751,28.19,66.8666,66.8666,1,1,1.0,1,1.0,1,1.0,1,0.9565,
55,0.7,xenium_human_kidney_nondiseased,340.0401,9291.5097,27.33,61.9982,61.9982,1,1,1.0,1,1.0,1,1.0,1,0.9821,
56,0.7,xenium_human_kidney_nondiseased,338.1832,9317.9845,27.56,61.0214,61.0214,1,1,1.0,1,1.0,1,1.0,1,1.0,
57,0.7,xenium_human_kidney_nondiseased,326.5189,9228.0762,28.26,72.12,72.12,1,1,1.0,1,1.0,1,1.0,1,0.9615,
58,0.7,xenium_human_kidney_nondiseased,326.7643,9249.5518,28.31,67.9544,67.9544,1,1,1.0,1,1.0,1,1.0,1,0.9855,
59,0.7,xenium_human_kidney_nondiseased,324.9762,9293.8917,28.6,64.3246,64.3246,1,1,1.0,1,1.0,1,1.0,1,1.0,
60,0.7,xenium_human_kidney_nondiseased,334.7147,9013.5484,26.94,82.111,82.111,1,1,1.0,1,0.9091,1,0.9688,1,0.9262,
61,0.7,xenium_human_kidney_nondiseased,342.2618,9229.189,26.97,62.7991,62.7991,1,1,1.0,1,1.0,1,1.0,1,0.9868,
62,0.7,xenium_human_kidney_nondiseased,331.7302,9039.3438,27.25,77.9745,77.9745,1,1,1.0,1,1.0,1,1.0,1,0.9615,
63,0.7,xenium_human_kidney_nondiseased,325.9283,9124.6256,28.0,78.1028,78.1028,1,1,1.0,1,1.0,1,1.0,1,0.9444,
64,0.7,xenium_human_kidney_nondiseased,324.3927,8797.3077,27.12,100.8298,100.8298,1,1,1.0,1,1.0,1,1.0,1,0.8265,
65,0.7,xenium_human_kidney_nondiseased,333.7903,9345.5234,28.0,65.2969,65.2969,1,1,1.0,1,1.0,1,1.0,1,1.0,
66,0.7,xenium_human_kidney_nondiseased,337.9702,9417.3984,27.87,57.6253,57.6253,1,1,1.0,1,1.0,1,1.0,1,1.0,
67,0.7,xenium_human_kidney_nondiseased,333.6873,8980.2821,26.91,83.9108,83.9108,1,1,1.0,1,1.0,1,0.9259,1,0.8589,
68,0.7,xenium_human_kidney_nondiseased,326.8577,9345.3281,28.59,56.79,56.79,1,1,1.0,1,1.0,1,1.0,1,1.0,
69,0.7,xenium_human_kidney_nondiseased,326.4221,9052.065,27.73,81.0997,81.0997,1,1,1.0,1,1.0,1,0.9375,1,0.8899,
70,0.7,xenium_human_kidney_nondiseased,336.0453,9189.9654,27.35,70.5892,70.5892,1,1,1.0,1,1.0,1,1.0,1,0.982,
71,0.7,xenium_human_kidney_nondiseased,340.6573,9158.3956,26.89,65.7592,65.7592,1,1,1.0,1,1.0,1,0.9231,1,0.9867,
72,0.7,xenium_human_kidney_nondiseased,329.5372,9356.1617,28.39,54.5407,54.5407,1,1,1.0,1,1.0,1,1.0,1,1.0,
73,0.7,xenium_human_kidney_nondiseased,328.5044,9240.9392,28.13,71.5473,71.5473,1,1,1.0,1,1.0,1,1.0,1,1.0,
74,0.7,xenium_human_kidney_nondiseased,340.0927,9328.6896,27.43,69.5529,69.5529,1,1,1.0,1,1.0,1,1.0,1,1.0,
75,0.7,xenium_human_kidney_nondiseased,339.3081,9163.847,27.01,77.9849,77.9849,1,1,1.0,1,1.0,1,0.9474,1,0.9344,
76,0.7,xenium_human_kidney_nondiseased,335.9057,9190.7495,27.36,65.9228,65.9228,1,1,1.0,1,1.0,1,1.0,1,1.0,
77,0.7,xenium_human_kidney_nondiseased,337.9722,9078.0729,26.86,77.0108,77.0108,1,1,1.0,1,1.0,1,1.0,1,0.9839,
78,0.7,xenium_human_kidney_nondiseased,326.701,9381.4521,28.71,55.8948,55.8948,1,1,1.0,1,1.0,1,1.0,1,1.0,
79,0.7,xenium_human_kidney_nondiseased,333.2849,9243.822,27.73,73.8989,73.8989,1,1,1.0,1,1.0,1,1.0,1,0.9909,
80,0.7,xenium_human_kidney_nondiseased,340.6993,9300.5965,27.3,61.4775,61.4775,1,1,1.0,1,1.0,1,1.0,1,1.0,
81,0.7,xenium_human_kidney_nondiseased,334.3139,9108.3774,27.24,70.616,70.616,1,1,1.0,1,1.0,1,1.0,1,0.9762,
82,0.7,xenium_human_kidney_nondiseased,335.1463,9297.2202,27.74,67.1344,67.1344,1,1,1.0,1,1.0,1,1.0,1,0.9859,
83,0.7,xenium_human_kidney_nondiseased,323.7788,9192.44,28.39,65.8154,65.8154,1,1,1.0,1,1.0,1,1.0,1,1.0,
84,0.7,xenium_human_kidney_nondiseased,333.7777,9820.3715,29.42,42.4762,42.4762,1,1,1.0,1,1.0,1,1.0,1,1.0,
85,0.7,xenium_human_kidney_nondiseased,336.6379,8823.2867,26.21,95.6316,95.6316,1,1,1.0,1,1.0,1,1.0,1,0.9333,
86,0.7,xenium_human_kidney_nondiseased,340.4459,9313.3905,27.36,58.2252,58.2252,1,1,1.0,1,1.0,1,1.0,1,1.0,
87,0.7,xenium_human_kidney_nondiseased,326.3471,9242.3446,28.33,73.5669,73.5669,1,1,1.0,1,1.0,1,1.0,1,1.0,
88,0.7,xenium_human_kidney_nondiseased,327.4773,9160.0383,27.98,75.1401,75.1401,1,1,1.0,1,1.0,1,0.9455,1,0.9289,
89,0.7,xenium_human_kidney_nondiseased,331.5991,9228.4542,27.83,68.341,68.341,1,1,1.0,1,1.0,1,0.875,1,0.9365,
90,0.7,xenium_human_kidney_nondiseased,344.6461,9014.6343,26.15,83.912,83.912,1,1,1.0,1,1.0,1,1.0,1,0.9,
91,0.7,xenium_human_kidney_nondiseased,330.4121,9463.8039,28.64,58.743,58.743,1,1,1.0,1,1.0,1,1.0,1,1.0,
92,0.7,xenium_human_kidney_nondiseased,325.1206,9281.0501,28.55,65.9585,65.9585,1,1,1.0,1,1.0,1,1.0,1,1.0,
93,0.7,xenium_human_kidney_nondiseased,324.7239,9321.5739,28.7,62.1645,62.1645,1,1,1.0,1,1.0,1,1.0,1,1.0,
94,0.7,xenium_human_kidney_nondiseased,336.7854,9178.519,27.25,71.1774,71.1774,1,1,1.0,1,1.0,1,1.0,1,0.988,
95,0.7,xenium_human_kidney_nondiseased,338.2082,9404.0011,27.8,58.5677,58.5677,1,1,1.0,1,1.0,1,1.0,1,1.0,
96,0.7,xenium_human_kidney_nondiseased,333.9511,9119.0822,27.31,74.2748,74.2748,1,1,1.0,1,1.0,1,1.0,1,0.9451,
97,0.7,xenium_human_kidney_nondiseased,336.8778,9116.7752,27.06,74.7465,74.7465,1,1,1.0,1,1.0,1,1.0,1,0.9565,
98,0.7,xenium_human_kidney_nondiseased,340.6852,8931.4615,26.21,85.218,85.218,1,1,1.0,1,1.0,1,0.9231,1,0.8415,
99,0.7,xenium_human_kidney_nondiseased,341.1873,9203.3617,26.97,62.1326,62.1326,1,1,1.0,1,1.0,1,1.0,1,1.0,
0,0.8,xenium_human_kidney_nondiseased,345.0915,9649.0644,28.28,55.0871,55.0871,1,1,1.0,1,1.0,1,1.0,1,1.0,
1,0.8,xenium_human_kidney_nondiseased,340.7926,9212.1722,27.12,70.8632,70.8632,1,1,1.0,1,1.0,1,1.0,1,0.9868,
2,0.8,xenium_human_kidney_nondiseased,338.7532,9210.8738,27.25,69.3708,69.3708,1,1,1.0,1,1.0,1,1.0,1,0.9226,
3,0.8,xenium_human_kidney_nondiseased,342.3884,9299.3172,27.19,67.621,67.621,1,1,1.0,1,1.0,1,1.0,1,1.0,
4,0.8,xenium_human_kidney_nondiseased,340.5181,9513.4775,27.94,54.4661,54.4661,1,1,1.0,1,1.0,1,1.0,1,1.0,
5,0.8,xenium_human_kidney_nondiseased,339.4697,9320.4576,27.46,65.486,65.486,1,1,1.0,1,1.0,1,1.0,1,0.9677,
6,0.8,xenium_human_kidney_nondiseased,340.0113,9014.8858,26.51,78.8659,78.8659,1,1,1.0,1,1.0,1,1.0,1,0.963,
7,0.8,xenium_human_kidney_nondiseased,336.2962,9528.3842,28.34,54.8858,54.8858,1,1,1.0,1,1.0,1,1.0,1,1.0,
8,0.8,xenium_human_kidney_nondiseased,342.9137,9379.7322,27.35,61.4796,61.4796,1,1,1.0,1,1.0,1,1.0,1,1.0,
9,0.8,xenium_human_kidney_nondiseased,349.545,9237.7128,26.42,70.2012,70.2012,1,1,1.0,1,0.9091,1,0.9474,1,0.9007,
10,0.8,xenium_human_kidney_nondiseased,344.1843,9396.7065,27.29,60.0133,60.0133,1,1,1.0,1,1.0,1,1.0,1,0.9853,
11,0.8,xenium_human_kidney_nondiseased,345.1196,9433.1031,27.33,62.8194,62.8194,1,1,1.0,1,1.0,1,1.0,1,1.0,
12,0.8,xenium_human_kidney_nondiseased,352.6032,9362.4422,26.55,58.7145,58.7145,1,1,1.0,1,1.0,1,1.0,1,1.0,
13,0.8,xenium_human_kidney_nondiseased,348.5952,9272.3168,26.59,62.9089,62.9089,1,1,1.0,1,1.0,1,1.0,1,1.0,
14,0.8,xenium_human_kidney_nondiseased,344.9251,8883.8626,25.76,88.7807,88.7807,1,1,1.0,1,1.0,1,1.0,1,0.9344,
15,0.8,xenium_human_kidney_nondiseased,335.1892,9578.8471,28.57,55.7185,55.7185,1,1,1.0,1,1.0,1,1.0,1,1.0,
16,0.8,xenium_human_kidney_nondiseased,336.2421,9364.4973,27.84,59.519,59.519,1,1,1.0,1,1.0,1,1.0,1,1.0,
17,0.8,xenium_human_kidney_nondiseased,339.5119,9183.5275,27.04,66.2106,66.2106,1,1,1.0,1,1.0,1,0.9375,1,0.9747,
18,0.8,xenium_human_kidney_nondiseased,349.4808,9219.7729,26.38,64.7085,64.7085,1,1,1.0,1,1.0,1,1.0,1,1.0,
19,0.8,xenium_human_kidney_nondiseased,348.509,9346.2457,26.81,66.2135,66.2135,1,1,1.0,1,1.0,1,1.0,1,1.0,
20,0.8,xenium_human_kidney_nondiseased,341.5209,9169.7398,26.84,76.0854,76.0854,1,1,1.0,1,1.0,1,1.0,1,0.918,
21,0.8,xenium_human_kidney_nondiseased,332.8426,8731.9509,26.25,94.8702,95.8966,2,0,0.0,1,0.6667,1,0.6667,1,0.6667,
22,0.8,xenium_human_kidney_nondiseased,346.0423,9330.4097,26.96,68.9536,68.9536,1,1,1.0,1,1.0,1,1.0,1,0.9714,
23,0.8,xenium_human_kidney_nondiseased,346.7841,9530.7641,27.48,60.3739,60.3739,1,1,1.0,1,1.0,1,1.0,1,1.0,
24,0.8,xenium_human_kidney_nondiseased,348.0539,9439.0405,27.11,66.6259,66.6259,1,1,1.0,1,1.0,1,1.0,1,0.9815,
25,0.8,xenium_human_kidney_nondiseased,337.8443,9267.2427,27.42,68.4286,68.4286,1,1,1.0,1,1.0,1,1.0,1,0.9767,
26,0.8,xenium_human_kidney_nondiseased,333.5049,9055.5714,27.15,76.1431,76.1431,1,1,1.0,1,1.0,1,1.0,1,1.0,
27,0.8,xenium_human_kidney_nondiseased,345.3041,9283.3168,26.88,72.2015,72.2015,1,1,1.0,1,1.0,1,1.0,1,0.9808,
28,0.8,xenium_human_kidney_nondiseased,348.5147,9204.8302,26.41,65.3109,65.3109,1,1,1.0,1,1.0,1,1.0,1,1.0,
29,0.8,xenium_human_kidney_nondiseased,341.4529,9314.9629,27.28,63.628,63.628,1,1,1.0,1,1.0,1,1.0,1,1.0,
30,0.8,xenium_human_kidney_nondiseased,335.9933,9339.2527,27.79,60.2231,60.2231,1,1,1.0,1,1.0,1,1.0,1,1.0,
31,0.8,xenium_human_kidney_nondiseased,344.413,9020.3941,26.18,77.7924,77.7924,1,1,1.0,1,1.0,1,1.0,1,0.9681,
32,0.8,xenium_human_kidney_nondiseased,346.9191,9674.7417,27.88,55.0263,55.0263,1,1,1.0,1,1.0,1,1.0,1,1.0,
33,0.8,xenium_human_kidney_nondiseased,343.1886,9188.5018,26.77,71.4937,71.4937,1,1,1.0,1,1.0,1,0.9643,1,0.9586,
34,0.8,xenium_human_kidney_nondiseased,328.9078,8844.171,26.89,90.5825,90.5825,1,1,1.0,1,1.0,1,1.0,1,0.7308,
35,0.8,xenium_human_kidney_nondiseased,327.5271,9283.1674,28.34,66.3804,66.3804,1,1,1.0,1,1.0,1,0.9697,1,0.9754,
36,0.8,xenium_human_kidney_nondiseased,339.602,9165.8104,26.98,64.9728,64.9728,1,1,1.0,1,1.0,1,1.0,1,0.9811,
37,0.8,xenium_human_kidney_nondiseased,347.9243,9434.3702,27.11,54.4402,54.4402,1,1,1.0,1,1.0,1,1.0,1,1.0,
38,0.8,xenium_human_kidney_nondiseased,345.1874,9048.8294,26.21,77.3585,77.3585,1,1,1.0,1,1.0,1,1.0,1,0.9333,
39,0.8,xenium_human_kidney_nondiseased,330.4025,9306.0102,28.16,58.4638,58.4638,1,1,1.0,1,1.0,1,1.0,1,1.0,
40,0.8,xenium_human_kidney_nondiseased,337.5484,9347.8592,27.69,54.4683,54.4683,1,1,1.0,1,1.0,1,1.0,1,1.0,
41,0.8,xenium_human_kidney_nondiseased,344.6551,9110.1991,26.43,81.3084,81.3084,1,1,1.0,1,1.0,1,1.0,1,0.9507,
42,0.8,xenium_human_kidney_nondiseased,345.7237,9269.2803,26.81,68.3466,68.3466,1,1,1.0,1,1.0,1,1.0,1,1.0,
43,0.8,xenium_human_kidney_nondiseased,334.2025,9022.5166,26.99,81.6526,81.6526,1,1,1.0,1,1.0,1,0.8,1,0.9143,
44,0.8,xenium_human_kidney_nondiseased,325.9523,8933.8107,27.4,86.1595,86.1595,1,1,1.0,1,1.0,1,1.0,1,0.9077,
45,0.8,xenium_human_kidney_nondiseased,325.6515,9382.5023,28.82,58.4664,58.4664,1,1,1.0,1,1.0,1,1.0,1,1.0,
46,0.8,xenium_human_kidney_nondiseased,340.6481,9233.0504,27.1,71.5535,71.5535,1,1,1.0,1,1.0,1,1.0,1,0.9739,
47,0.8,xenium_human_kidney_nondiseased,347.8354,9348.089,26.87,60.1915,60.1915,1,1,1.0,1,1.0,1,1.0,1,1.0,
48,0.8,xenium_human_kidney_nondiseased,329.7324,9234.2862,28.0,76.8102,76.8102,1,1,1.0,1,1.0,1,1.0,1,0.9794,
49,0.8,xenium_human_kidney_nondiseased,324.6979,9264.4712,28.53,69.7665,69.7665,1,1,1.0,1,1.0,1,0.9091,1,0.9659,
50,0.8,xenium_human_kidney_nondiseased,324.4748,9259.7097,28.54,68.1069,68.1069,1,1,1.0,1,1.0,1,1.0,1,1.0,
51,0.8,xenium_human_kidney_nondiseased,344.1122,9212.4966,26.77,64.6732,64.6732,1,1,1.0,1,1.0,1,1.0,1,1.0,
52,0.8,xenium_human_kidney_nondiseased,342.8494,9341.0645,27.24,57.4321,57.4321,1,1,1.0,1,1.0,1,1.0,1,1.0,
53,0.8,xenium_human_kidney_nondiseased,327.4318,9307.3491,28.42,58.9097,58.9097,1,1,1.0,1,1.0,1,1.0,1,1.0,
54,0.8,xenium_human_kidney_nondiseased,335.5575,9210.1751,27.44,66.8666,66.8666,1,1,1.0,1,1.0,1,1.0,1,0.9565,
55,0.8,xenium_human_kidney_nondiseased,336.4837,9291.5097,27.61,61.9982,61.9982,1,1,1.0,1,1.0,1,1.0,1,0.9821,
56,0.8,xenium_human_kidney_nondiseased,344.637,9317.9845,27.03,61.0214,61.0214,1,1,1.0,1,1.0,1,1.0,1,1.0,
57,0.8,xenium_human_kidney_nondiseased,339.5376,9228.0762,27.17,72.12,72.12,1,1,1.0,1,1.0,1,1.0,1,0.9615,
58,0.8,xenium_human_kidney_nondiseased,329.6592,9249.5518,28.05,67.9544,67.9544,1,1,1.0,1,1.0,1,1.0,1,0.9855,
59,0.8,xenium_human_kidney_nondiseased,335.4034,9293.8917,27.7,64.3246,64.3246,1,1,1.0,1,1.0,1,1.0,1,1.0,
60,0.8,xenium_human_kidney_nondiseased,339.8428,9013.5484,26.53,82.111,82.111,1,1,1.0,1,0.9091,1,0.9688,1,0.9262,
61,0.8,xenium_human_kidney_nondiseased,343.9695,9229.189,26.84,62.7991,62.7991,1,1,1.0,1,1.0,1,1.0,1,0.9868,
62,0.8,xenium_human_kidney_nondiseased,347.4808,9039.3438,26.01,77.9745,77.9745,1,1,1.0,1,1.0,1,1.0,1,0.9615,
63,0.8,xenium_human_kidney_nondiseased,344.3581,9124.6256,26.48,78.1028,78.1028,1,1,1.0,1,1.0,1,1.0,1,0.9444,
64,0.8,xenium_human_kidney_nondiseased,344.3236,8797.3077,25.55,100.8298,100.8298,1,1,1.0,1,1.0,1,1.0,1,0.8265,
65,0.8,xenium_human_kidney_nondiseased,349.9267,9345.5234,26.7,65.2969,65.2969,1,1,1.0,1,1.0,1,1.0,1,1.0,
66,0.8,xenium_human_kidney_nondiseased,347.1993,9417.3984,27.12,57.6253,57.6253,1,1,1.0,1,1.0,1,1.0,1,1.0,
67,0.8,xenium_human_kidney_nondiseased,344.9081,8980.2821,26.03,83.9108,83.9108,1,1,1.0,1,1.0,1,0.9259,1,0.8589,
68,0.8,xenium_human_kidney_nondiseased,341.4848,9345.3281,27.36,56.79,56.79,1,1,1.0,1,1.0,1,1.0,1,1.0,
69,0.8,xenium_human_kidney_nondiseased,337.3508,9052.065,26.83,81.0997,81.0997,1,1,1.0,1,1.0,1,0.9375,1,0.8899,
70,0.8,xenium_human_kidney_nondiseased,349.594,9189.9654,26.29,70.5892,70.5892,1,1,1.0,1,1.0,1,1.0,1,0.982,
71,0.8,xenium_human_kidney_nondiseased,352.6415,9158.3956,25.97,65.7592,65.7592,1,1,1.0,1,1.0,1,0.9231,1,0.9867,
72,0.8,xenium_human_kidney_nondiseased,342.2956,9356.1617,27.33,54.5407,54.5407,1,1,1.0,1,1.0,1,1.0,1,1.0,
73,0.8,xenium_human_kidney_nondiseased,345.452,9240.9392,26.75,71.5473,71.5473,1,1,1.0,1,1.0,1,1.0,1,1.0,
74,0.8,xenium_human_kidney_nondiseased,350.2249,9328.6896,26.63,69.5529,69.5529,1,1,1.0,1,1.0,1,1.0,1,1.0,
75,0.8,xenium_human_kidney_nondiseased,350.2132,9163.847,26.16,77.9849,77.9849,1,1,1.0,1,1.0,1,0.9474,1,0.9344,
76,0.8,xenium_human_kidney_nondiseased,335.8056,9190.7495,27.37,65.9228,65.9228,1,1,1.0,1,1.0,1,1.0,1,1.0,
77,0.8,xenium_human_kidney_nondiseased,334.2692,9078.0729,27.16,77.0108,77.0108,1,1,1.0,1,1.0,1,1.0,1,0.9839,
78,0.8,xenium_human_kidney_nondiseased,337.1699,9381.4521,27.83,55.8948,55.8948,1,1,1.0,1,1.0,1,1.0,1,1.0,
79,0.8,xenium_human_kidney_nondiseased,344.1898,9243.822,26.85,73.8989,73.8989,1,1,1.0,1,1.0,1,1.0,1,0.9909,
80,0.8,xenium_human_kidney_nondiseased,350.9212,9300.5965,26.5,61.4775,61.4775,1,1,1.0,1,1.0,1,1.0,1,1.0,
81,0.8,xenium_human_kidney_nondiseased,343.9662,9108.3774,26.48,70.616,70.616,1,1,1.0,1,1.0,1,1.0,1,0.9762,
82,0.8,xenium_human_kidney_nondiseased,335.5277,9297.2202,27.71,67.1344,67.1344,1,1,1.0,1,1.0,1,1.0,1,0.9859,
83,0.8,xenium_human_kidney_nondiseased,328.5219,9192.44,27.98,65.8154,65.8154,1,1,1.0,1,1.0,1,1.0,1,1.0,
84,0.8,xenium_human_kidney_nondiseased,348.5221,9820.3715,28.17,42.4762,42.4762,1,1,1.0,1,1.0,1,1.0,1,1.0,
85,0.8,xenium_human_kidney_nondiseased,349.3159,8823.2867,25.25,95.6316,95.6316,1,1,1.0,1,1.0,1,1.0,1,0.9333,
86,0.8,xenium_human_kidney_nondiseased,343.6917,9313.3905,27.1,58.2252,58.2252,1,1,1.0,1,1.0,1,1.0,1,1.0,
87,0.8,xenium_human_kidney_nondiseased,326.8601,9242.3446,28.27,73.5669,73.5669,1,1,1.0,1,1.0,1,1.0,1,1.0,
88,0.8,xenium_human_kidney_nondiseased,338.5429,9160.0383,27.05,75.1401,75.1401,1,1,1.0,1,1.0,1,0.9455,1,0.9289,
89,0.8,xenium_human_kidney_nondiseased,350.3984,9228.4542,26.19,68.341,68.341,1,1,1.0,1,1.0,1,0.875,1,0.9365,
90,0.8,xenium_human_kidney_nondiseased,346.6438,9014.6343,25.99,83.912,83.912,1,1,1.0,1,1.0,1,1.0,1,0.9,
91,0.8,xenium_human_kidney_nondiseased,340.9463,9463.8039,27.75,58.743,58.743,1,1,1.0,1,1.0,1,1.0,1,1.0,
92,0.8,xenium_human_kidney_nondiseased,327.2821,9281.0501,28.35,65.9585,65.9585,1,1,1.0,1,1.0,1,1.0,1,1.0,
93,0.8,xenium_human_kidney_nondiseased,345.6191,9321.5739,26.97,62.1645,62.1645,1,1,1.0,1,1.0,1,1.0,1,1.0,
94,0.8,xenium_human_kidney_nondiseased,350.1638,9178.519,26.21,71.1774,71.1774,1,1,1.0,1,1.0,1,1.0,1,0.988,
95,0.8,xenium_human_kidney_nondiseased,344.307,9404.0011,27.32,58.5677,58.5677,1,1,1.0,1,1.0,1,1.0,1,1.0,
96,0.8,xenium_human_kidney_nondiseased,342.3374,9119.0822,26.63,74.2748,74.2748,1,1,1.0,1,1.0,1,1.0,1,0.9451,
97,0.8,xenium_human_kidney_nondiseased,332.9879,9116.7752,27.37,74.7465,74.7465,1,1,1.0,1,1.0,1,1.0,1,0.9565,
98,0.8,xenium_human_kidney_nondiseased,343.3536,8931.4615,26.01,85.218,85.218,1,1,1.0,1,1.0,1,0.9231,1,0.8415,
99,0.8,xenium_human_kidney_nondiseased,348.8584,9203.3617,26.38,62.1326,62.1326,1,1,1.0,1,1.0,1,1.0,1,1.0,
0,0.9,xenium_human_kidney_nondiseased,341.1484,9649.0644,28.62,55.0871,55.0871,1,1,1.0,1,1.0,1,1.0,1,1.0,
1,0.9,xenium_human_kidney_nondiseased,340.8514,9212.1722,27.11,70.8632,70.8632,1,1,1.0,1,1.0,1,1.0,1,0.9868,
2,0.9,xenium_human_kidney_nondiseased,341.0019,9210.8738,27.03,69.3708,69.3708,1,1,1.0,1,1.0,1,1.0,1,0.9226,
3,0.9,xenium_human_kidney_nondiseased,345.1486,9299.3172,26.95,67.621,67.621,1,1,1.0,1,1.0,1,1.0,1,1.0,
4,0.9,xenium_human_kidney_nondiseased,343.9542,9513.4775,27.65,54.4661,54.4661,1,1,1.0,1,1.0,1,1.0,1,1.0,
5,0.9,xenium_human_kidney_nondiseased,337.3901,9320.4576,27.62,65.486,65.486,1,1,1.0,1,1.0,1,1.0,1,0.9677,
6,0.9,xenium_human_kidney_nondiseased,334.3247,9014.8858,26.97,78.8659,78.8659,1,1,1.0,1,1.0,1,1.0,1,0.963,
7,0.9,xenium_human_kidney_nondiseased,330.7247,9528.3842,28.81,54.8858,54.8858,1,1,1.0,1,1.0,1,1.0,1,1.0,
8,0.9,xenium_human_kidney_nondiseased,342.1147,9379.7322,27.41,61.4796,61.4796,1,1,1.0,1,1.0,1,1.0,1,1.0,
9,0.9,xenium_human_kidney_nondiseased,348.1065,9237.7128,26.52,70.2012,70.2012,1,1,1.0,1,0.9091,1,0.9474,1,0.9007,
10,0.9,xenium_human_kidney_nondiseased,342.6099,9396.7065,27.42,60.0133,60.0133,1,1,1.0,1,1.0,1,1.0,1,0.9853,
11,0.9,xenium_human_kidney_nondiseased,328.724,9433.1031,28.69,62.8194,62.8194,1,1,1.0,1,1.0,1,1.0,1,1.0,
12,0.9,xenium_human_kidney_nondiseased,338.7627,9362.4422,27.63,58.7145,58.7145,1,1,1.0,1,1.0,1,1.0,1,1.0,
13,0.9,xenium_human_kidney_nondiseased,347.4942,9272.3168,26.68,62.9089,62.9089,1,1,1.0,1,1.0,1,1.0,1,1.0,
14,0.9,xenium_human_kidney_nondiseased,344.3795,8883.8626,25.79,88.7807,88.7807,1,1,1.0,1,1.0,1,1.0,1,0.9344,
15,0.9,xenium_human_kidney_nondiseased,331.9689,9578.8471,28.85,55.7185,55.7185,1,1,1.0,1,1.0,1,1.0,1,1.0,
16,0.9,xenium_human_kidney_nondiseased,328.4983,9364.4973,28.5,59.519,59.519,1,1,1.0,1,1.0,1,1.0,1,1.0,
17,0.9,xenium_human_kidney_nondiseased,344.8504,9183.5275,26.62,66.2106,66.2106,1,1,1.0,1,1.0,1,0.9375,1,0.9747,
18,0.9,xenium_human_kidney_nondiseased,344.8992,9219.7729,26.73,64.7085,64.7085,1,1,1.0,1,1.0,1,1.0,1,1.0,
19,0.9,xenium_human_kidney_nondiseased,334.4798,9346.2457,27.94,66.2135,66.2135,1,1,1.0,1,1.0,1,1.0,1,1.0,
20,0.9,xenium_human_kidney_nondiseased,332.3457,9169.7398,27.58,76.0854,76.0854,1,1,1.0,1,1.0,1,1.0,1,0.918,
21,0.9,xenium_human_kidney_nondiseased,333.4973,8731.9509,26.2,94.8702,95.8966,2,0,0.0,1,0.6667,1,0.6667,1,0.6667,
22,0.9,xenium_human_kidney_nondiseased,338.7856,9330.4097,27.54,68.9536,68.9536,1,1,1.0,1,1.0,1,1.0,1,0.9714,
23,0.9,xenium_human_kidney_nondiseased,348.7,9530.7641,27.33,60.3739,60.3739,1,1,1.0,1,1.0,1,1.0,1,1.0,
24,0.9,xenium_human_kidney_nondiseased,343.1289,9439.0405,27.51,66.6259,66.6259,1,1,1.0,1,1.0,1,1.0,1,0.9815,
25,0.9,xenium_human_kidney_nondiseased,328.8501,9267.2427,28.18,68.4286,68.4286,1,1,1.0,1,1.0,1,1.0,1,0.9767,
26,0.9,xenium_human_kidney_nondiseased,331.1639,9055.5714,27.35,76.1431,76.1431,1,1,1.0,1,1.0,1,1.0,1,1.0,
27,0.9,xenium_human_kidney_nondiseased,345.411,9283.3168,26.88,72.2015,72.2015,1,1,1.0,1,1.0,1,1.0,1,0.9808,
28,0.9,xenium_human_kidney_nondiseased,346.5719,9204.8302,26.56,65.3109,65.3109,1,1,1.0,1,1.0,1,1.0,1,1.0,
29,0.9,xenium_human_kidney_nondiseased,336.1313,9314.9629,27.72,63.628,63.628,1,1,1.0,1,1.0,1,1.0,1,1.0,
30,0.9,xenium_human_kidney_nondiseased,332.712,9339.2527,28.07,60.2231,60.2231,1,1,1.0,1,1.0,1,1.0,1,1.0,
31,0.9,xenium_human_kidney_nondiseased,333.824,9020.3941,27.02,77.7924,77.7924,1,1,1.0,1,1.0,1,1.0,1,0.9681,
32,0.9,xenium_human_kidney_nondiseased,348.5088,9674.7417,27.76,55.0263,55.0263,1,1,1.0,1,1.0,1,1.0,1,1.0,
33,0.9,xenium_human_kidney_nondiseased,344.6786,9188.5018,26.66,71.4937,71.4937,1,1,1.0,1,1.0,1,0.9643,1,0.9586,
34,0.9,xenium_human_kidney_nondiseased,335.9435,8844.171,26.33,90.5825,90.5825,1,1,1.0,1,1.0,1,1.0,1,0.7308,
35,0.9,xenium_human_kidney_nondiseased,331.9629,9283.1674,27.97,66.3804,66.3804,1,1,1.0,1,1.0,1,0.9697,1,0.9754,
36,0.9,xenium_human_kidney_nondiseased,344.4806,9165.8104,26.61,64.9728,64.9728,1,1,1.0,1,1.0,1,1.0,1,0.9811,
37,0.9,xenium_human_kidney_nondiseased,346.6366,9434.3702,27.22,54.4402,54.4402,1,1,1.0,1,1.0,1,1.0,1,1.0,
38,0.9,xenium_human_kidney_nondiseased,333.6304,9048.8294,27.12,77.3585,77.3585,1,1,1.0,1,1.0,1,1.0,1,0.9333,
39,0.9,xenium_human_kidney_nondiseased,332.4008,9306.0102,28.0,58.4638,58.4638,1,1,1.0,1,1.0,1,1.0,1,1.0,
40,0.9,xenium_human_kidney_nondiseased,330.7649,9347.8592,28.27,54.4683,54.4683,1,1,1.0,1,1.0,1,1.0,1,1.0,
41,0.9,xenium_human_kidney_nondiseased,341.1317,9110.1991,26.7,81.3084,81.3084,1,1,1.0,1,1.0,1,1.0,1,0.9507,
42,0.9,xenium_human_kidney_nondiseased,346.6875,9269.2803,26.74,68.3466,68.3466,1,1,1.0,1,1.0,1,1.0,1,1.0,
43,0.9,xenium_human_kidney_nondiseased,337.9308,9022.5166,26.7,81.6526,81.6526,1,1,1.0,1,1.0,1,0.8,1,0.9143,
44,0.9,xenium_human_kidney_nondiseased,334.7574,8933.8107,26.69,86.1595,86.1595,1,1,1.0,1,1.0,1,1.0,1,0.9077,
45,0.9,xenium_human_kidney_nondiseased,334.0672,9382.5023,28.09,58.4664,58.4664,1,1,1.0,1,1.0,1,1.0,1,1.0,
46,0.9,xenium_human_kidney_nondiseased,344.8542,9233.0504,26.78,71.5535,71.5535,1,1,1.0,1,1.0,1,1.0,1,0.9739,
47,0.9,xenium_human_kidney_nondiseased,350.9404,9348.089,26.64,60.1915,60.1915,1,1,1.0,1,1.0,1,1.0,1,1.0,
48,0.9,xenium_human_kidney_nondiseased,340.4569,9234.2862,27.12,76.8102,76.8102,1,1,1.0,1,1.0,1,1.0,1,0.9794,
49,0.9,xenium_human_kidney_nondiseased,334.928,9264.4712,27.66,69.7665,69.7665,1,1,1.0,1,1.0,1,0.9091,1,0.9659,
50,0.9,xenium_human_kidney_nondiseased,332.6116,9259.7097,27.84,68.1069,68.1069,1,1,1.0,1,1.0,1,1.0,1,1.0,
51,0.9,xenium_human_kidney_nondiseased,348.6053,9212.4966,26.42,64.6732,64.6732,1,1,1.0,1,1.0,1,1.0,1,1.0,
52,0.9,xenium_human_kidney_nondiseased,348.1486,9341.0645,26.83,57.4321,57.4321,1,1,1.0,1,1.0,1,1.0,1,1.0,
53,0.9,xenium_human_kidney_nondiseased,342.3275,9307.3491,27.19,58.9097,58.9097,1,1,1.0,1,1.0,1,1.0,1,1.0,
54,0.9,xenium_human_kidney_nondiseased,345.624,9210.1751,26.65,66.8666,66.8666,1,1,1.0,1,1.0,1,1.0,1,0.9565,
55,0.9,xenium_human_kidney_nondiseased,349.5079,9291.5097,26.59,61.9982,61.9982,1,1,1.0,1,1.0,1,1.0,1,0.9821,
56,0.9,xenium_human_kidney_nondiseased,349.8058,9317.9845,26.64,61.0214,61.0214,1,1,1.0,1,1.0,1,1.0,1,1.0,
57,0.9,xenium_human_kidney_nondiseased,349.606,9228.0762,26.4,72.12,72.12,1,1,1.0,1,1.0,1,1.0,1,0.9615,
58,0.9,xenium_human_kidney_nondiseased,347.8757,9249.5518,26.59,67.9544,67.9544,1,1,1.0,1,1.0,1,1.0,1,0.9855,
59,0.9,xenium_human_kidney_nondiseased,345.7137,9293.8917,26.89,64.3246,64.3246,1,1,1.0,1,1.0,1,1.0,1,1.0,
60,0.9,xenium_human_kidney_nondiseased,350.924,9013.5484,25.7,82.111,82.111,1,1,1.0,1,0.9091,1,0.9688,1,0.9262,
61,0.9,xenium_human_kidney_nondiseased,356.2915,9229.189,25.91,62.7991,62.7991,1,1,1.0,1,1.0,1,1.0,1,0.9868,
62,0.9,xenium_human_kidney_nondiseased,350.5813,9039.3438,25.79,77.9745,77.9745,1,1,1.0,1,1.0,1,1.0,1,0.9615,
63,0.9,xenium_human_kidney_nondiseased,340.7136,9124.6256,26.79,78.1028,78.1028,1,1,1.0,1,1.0,1,1.0,1,0.9444,
64,0.9,xenium_human_kidney_nondiseased,336.2767,8797.3077,26.16,100.8298,100.8298,1,1,1.0,1,1.0,1,1.0,1,0.8265,
65,0.9,xenium_human_kidney_nondiseased,352.6351,9345.5234,26.5,65.2969,65.2969,1,1,1.0,1,1.0,1,1.0,1,1.0,
66,0.9,xenium_human_kidney_nondiseased,350.9208,9417.3984,26.84,57.6253,57.6253,1,1,1.0,1,1.0,1,1.0,1,1.0,
67,0.9,xenium_human_kidney_nondiseased,326.4336,8980.2821,27.51,83.9108,83.9108,1,1,1.0,1,1.0,1,0.9259,1,0.8589,
68,0.9,xenium_human_kidney_nondiseased,325.755,9345.3281,28.69,56.79,56.79,1,1,1.0,1,1.0,1,1.0,1,1.0,
69,0.9,xenium_human_kidney_nondiseased,323.0291,9052.065,28.03,81.0997,81.0997,1,1,1.0,1,1.0,1,0.9375,1,0.8899,
70,0.9,xenium_human_kidney_nondiseased,343.8807,9189.9654,26.73,70.5892,70.5892,1,1,1.0,1,1.0,1,1.0,1,0.982,
71,0.9,xenium_human_kidney_nondiseased,353.765,9158.3956,25.89,65.7592,65.7592,1,1,1.0,1,1.0,1,0.9231,1,0.9867,
72,0.9,xenium_human_kidney_nondiseased,333.4453,9356.1617,28.06,54.5407,54.5407,1,1,1.0,1,1.0,1,1.0,1,1.0,
73,0.9,xenium_human_kidney_nondiseased,326.8763,9240.9392,28.27,71.5473,71.5473,1,1,1.0,1,1.0,1,1.0,1,1.0,
74,0.9,xenium_human_kidney_nondiseased,328.8206,9328.6896,28.37,69.5529,69.5529,1,1,1.0,1,1.0,1,1.0,1,1.0,
75,0.9,xenium_human_kidney_nondiseased,346.8887,9163.847,26.42,77.9849,77.9849,1,1,1.0,1,1.0,1,0.9474,1,0.9344,
76,0.9,xenium_human_kidney_nondiseased,334.6066,9190.7495,27.47,65.9228,65.9228,1,1,1.0,1,1.0,1,1.0,1,1.0,
77,0.9,xenium_human_kidney_nondiseased,324.9215,9078.0729,27.94,77.0108,77.0108,1,1,1.0,1,1.0,1,1.0,1,0.9839,
78,0.9,xenium_human_kidney_nondiseased,325.8268,9381.4521,28.8,55.8948,55.8948,1,1,1.0,1,1.0,1,1.0,1,1.0,
79,0.9,xenium_human_kidney_nondiseased,339.14,9243.822,27.26,73.8989,73.8989,1,1,1.0,1,1.0,1,1.0,1,0.9909,
80,0.9,xenium_human_kidney_nondiseased,336.9951,9300.5965,27.6,61.4775,61.4775,1,1,1.0,1,1.0,1,1.0,1,1.0,
81,0.9,xenium_human_kidney_nondiseased,331.418,9108.3774,27.49,70.616,70.616,1,1,1.0,1,1.0,1,1.0,1,0.9762,
82,0.9,xenium_human_kidney_nondiseased,326.5065,9297.2202,28.48,67.1344,67.1344,1,1,1.0,1,1.0,1,1.0,1,0.9859,
83,0.9,xenium_human_kidney_nondiseased,325.3092,9192.44,28.26,65.8154,65.8154,1,1,1.0,1,1.0,1,1.0,1,1.0,
84,0.9,xenium_human_kidney_nondiseased,329.5142,9820.3715,29.81,42.4762,42.4762,1,1,1.0,1,1.0,1,1.0,1,1.0,
85,0.9,xenium_human_kidney_nondiseased,334.9,8823.2867,26.35,95.6316,95.6316,1,1,1.0,1,1.0,1,1.0,1,0.9333,
86,0.9,xenium_human_kidney_nondiseased,328.1749,9313.3905,28.38,58.2252,58.2252,1,1,1.0,1,1.0,1,1.0,1,1.0,
87,0.9,xenium_human_kidney_nondiseased,326.4092,9242.3446,28.32,73.5669,73.5669,1,1,1.0,1,1.0,1,1.0,1,1.0,
88,0.9,xenium_human_kidney_nondiseased,326.4386,9160.0383,28.07,75.1401,75.1401,1,1,1.0,1,1.0,1,0.9455,1,0.9289,
89,0.9,xenium_human_kidney_nondiseased,335.2467,9228.4542,27.53,68.341,68.341,1,1,1.0,1,1.0,1,0.875,1,0.9365,
90,0.9,xenium_human_kidney_nondiseased,333.8379,9014.6343,27.01,83.912,83.912,1,1,1.0,1,1.0,1,1.0,1,0.9,
91,0.9,xenium_human_kidney_nondiseased,329.6823,9463.8039,28.71,58.743,58.743,1,1,1.0,1,1.0,1,1.0,1,1.0,
92,0.9,xenium_human_kidney_nondiseased,326.4181,9281.0501,28.44,65.9585,65.9585,1,1,1.0,1,1.0,1,1.0,1,1.0,
93,0.9,xenium_human_kidney_nondiseased,507.2986,9321.5739,18.38,62.1645,62.1645,1,1,1.0,1,1.0,1,1.0,1,1.0,
94,0.9,xenium_human_kidney_nondiseased,328.9582,9178.519,27.91,71.1774,71.1774,1,1,1.0,1,1.0,1,1.0,1,0.988,
95,0.9,xenium_human_kidney_nondiseased,349.8941,9404.0011,26.89,58.5677,58.5677,1,1,1.0,1,1.0,1,1.0,1,1.0,
96,0.9,xenium_human_kidney_nondiseased,349.7502,9119.0822,26.08,74.2748,74.2748,1,1,1.0,1,1.0,1,1.0,1,0.9451,
97,0.9,xenium_human_kidney_nondiseased,348.7511,9116.7752,26.15,74.7465,74.7465,1,1,1.0,1,1.0,1,1.0,1,0.9565,
98,0.9,xenium_human_kidney_nondiseased,350.1475,8931.4615,25.51,85.218,85.218,1,1,1.0,1,1.0,1,0.9231,1,0.8415,
99,0.9,xenium_human_kidney_nondiseased,348.3288,9203.3617,26.42,62.1326,62.1326,1,1,1.0,1,1.0,1,1.0,1,1.0,
0,1.0,xenium_human_kidney_nondiseased,344.8078,9649.0644,28.15,55.0871,55.0871,1,1,1.0,1,1.0,1,1.0,1,1.0,
1,1.0,xenium_human_kidney_nondiseased,352.8319,9212.1722,26.18,70.8632,70.8632,1,1,1.0,1,1.0,1,1.0,1,0.9868,
2,1.0,xenium_human_kidney_nondiseased,350.6506,9210.8738,26.32,69.3708,69.3708,1,1,1.0,1,1.0,1,1.0,1,0.9226,
3,1.0,xenium_human_kidney_nondiseased,349.3257,9299.3172,26.65,67.621,67.621,1,1,1.0,1,1.0,1,1.0,1,1.0,
4,1.0,xenium_human_kidney_nondiseased,347.094,9513.4775,27.41,54.4661,54.4661,1,1,1.0,1,1.0,1,1.0,1,1.0,
5,1.0,xenium_human_kidney_nondiseased,340.5319,9320.4576,27.36,65.486,65.486,1,1,1.0,1,1.0,1,1.0,1,0.9677,
6,1.0,xenium_human_kidney_nondiseased,340.3738,9014.8858,26.48,78.8659,78.8659,1,1,1.0,1,1.0,1,1.0,1,0.963,
7,1.0,xenium_human_kidney_nondiseased,348.8484,9528.3842,27.31,54.8858,54.8858,1,1,1.0,1,1.0,1,1.0,1,1.0,
8,1.0,xenium_human_kidney_nondiseased,352.2707,9379.7322,26.62,61.4796,61.4796,1,1,1.0,1,1.0,1,1.0,1,1.0,
9,1.0,xenium_human_kidney_nondiseased,340.3769,9237.7128,27.14,70.2012,70.2012,1,1,1.0,1,0.9091,1,0.9474,1,0.9007,
10,1.0,xenium_human_kidney_nondiseased,345.6494,9396.7065,27.18,60.0133,60.0133,1,1,1.0,1,1.0,1,1.0,1,0.9853,
11,1.0,xenium_human_kidney_nondiseased,343.4822,9433.1031,27.46,62.8194,62.8194,1,1,1.0,1,1.0,1,1.0,1,1.0,
12,1.0,xenium_human_kidney_nondiseased,351.9936,9362.4422,26.59,58.7145,58.7145,1,1,1.0,1,1.0,1,1.0,1,1.0,
13,1.0,xenium_human_kidney_nondiseased,347.9104,9272.3168,26.65,62.9089,62.9089,1,1,1.0,1,1.0,1,1.0,1,1.0,
14,1.0,xenium_human_kidney_nondiseased,345.3042,8883.8626,25.73,88.7807,88.7807,1,1,1.0,1,1.0,1,1.0,1,0.9344,
15,1.0,xenium_human_kidney_nondiseased,344.0864,9578.8471,27.83,55.7185,55.7185,1,1,1.0,1,1.0,1,1.0,1,1.0,
16,1.0,xenium_human_kidney_nondiseased,342.9303,9364.4973,27.3,59.519,59.519,1,1,1.0,1,1.0,1,1.0,1,1.0,
17,1.0,xenium_human_kidney_nondiseased,349.3808,9183.5275,26.28,66.2106,66.2106,1,1,1.0,1,1.0,1,0.9375,1,0.9747,
18,1.0,xenium_human_kidney_nondiseased,349.573,9219.7729,26.37,64.7085,64.7085,1,1,1.0,1,1.0,1,1.0,1,1.0,
19,1.0,xenium_human_kidney_nondiseased,344.412,9346.2457,27.14,66.2135,66.2135,1,1,1.0,1,1.0,1,1.0,1,1.0,
20,1.0,xenium_human_kidney_nondiseased,327.8282,9169.7398,27.97,76.0854,76.0854,1,1,1.0,1,1.0,1,1.0,1,0.918,
21,1.0,xenium_human_kidney_nondiseased,348.9011,8731.9509,25.03,94.8702,95.8966,2,0,0.0,1,0.6667,1,0.6667,1,0.6667,
22,1.0,xenium_human_kidney_nondiseased,348.3502,9330.4097,26.78,68.9536,68.9536,1,1,1.0,1,1.0,1,1.0,1,0.9714,
23,1.0,xenium_human_kidney_nondiseased,341.6723,9530.7641,27.89,60.3739,60.3739,1,1,1.0,1,1.0,1,1.0,1,1.0,
24,1.0,xenium_human_kidney_nondiseased,337.1092,9439.0405,28.0,66.6259,66.6259,1,1,1.0,1,1.0,1,1.0,1,0.9815,
25,1.0,xenium_human_kidney_nondiseased,343.7185,9267.2427,26.96,68.4286,68.4286,1,1,1.0,1,1.0,1,1.0,1,0.9767,
26,1.0,xenium_human_kidney_nondiseased,346.3048,9055.5714,26.14,76.1431,76.1431,1,1,1.0,1,1.0,1,1.0,1,1.0,
27,1.0,xenium_human_kidney_nondiseased,353.2273,9283.3168,26.27,72.2015,72.2015,1,1,1.0,1,1.0,1,1.0,1,0.9808,
28,1.0,xenium_human_kidney_nondiseased,346.7393,9204.8302,26.54,65.3109,65.3109,1,1,1.0,1,1.0,1,1.0,1,1.0,
29,1.0,xenium_human_kidney_nondiseased,343.6993,9314.9629,27.1,63.628,63.628,1,1,1.0,1,1.0,1,1.0,1,1.0,
30,1.0,xenium_human_kidney_nondiseased,346.4935,9339.2527,26.95,60.2231,60.2231,1,1,1.0,1,1.0,1,1.0,1,1.0,
31,1.0,xenium_human_kidney_nondiseased,352.6008,9020.3941,25.58,77.7924,77.7924,1,1,1.0,1,1.0,1,1.0,1,0.9681,
32,1.0,xenium_human_kidney_nondiseased,351.9996,9674.7417,27.47,55.0263,55.0263,1,1,1.0,1,1.0,1,1.0,1,1.0,
33,1.0,xenium_human_kidney_nondiseased,343.4948,9188.5018,26.74,71.4937,71.4937,1,1,1.0,1,1.0,1,0.9643,1,0.9586,
34,1.0,xenium_human_kidney_nondiseased,325.1715,8844.171,27.2,90.5825,90.5825,1,1,1.0,1,1.0,1,1.0,1,0.7308,
35,1.0,xenium_human_kidney_nondiseased,326.2487,9283.1674,28.45,66.3804,66.3804,1,1,1.0,1,1.0,1,0.9697,1,0.9754,
36,1.0,xenium_human_kidney_nondiseased,347.8832,9165.8104,26.34,64.9728,64.9728,1,1,1.0,1,1.0,1,1.0,1,0.9811,
37,1.0,xenium_human_kidney_nondiseased,356.1776,9434.3702,26.48,54.4402,54.4402,1,1,1.0,1,1.0,1,1.0,1,1.0,
38,1.0,xenium_human_kidney_nondiseased,336.4288,9048.8294,26.89,77.3585,77.3585,1,1,1.0,1,1.0,1,1.0,1,0.9333,
39,1.0,xenium_human_kidney_nondiseased,326.604,9306.0102,28.49,58.4638,58.4638,1,1,1.0,1,1.0,1,1.0,1,1.0,
40,1.0,xenium_human_kidney_nondiseased,335.4948,9347.8592,27.86,54.4683,54.4683,1,1,1.0,1,1.0,1,1.0,1,1.0,
41,1.0,xenium_human_kidney_nondiseased,351.099,9110.1991,25.94,81.3084,81.3084,1,1,1.0,1,1.0,1,1.0,1,0.9507,
42,1.0,xenium_human_kidney_nondiseased,346.7022,9269.2803,26.73,68.3466,68.3466,1,1,1.0,1,1.0,1,1.0,1,1.0,
43,1.0,xenium_human_kidney_nondiseased,326.7631,9022.5166,27.61,81.6526,81.6526,1,1,1.0,1,1.0,1,0.8,1,0.9143,
44,1.0,xenium_human_kidney_nondiseased,328.2174,8933.8107,27.21,86.1595,86.1595,1,1,1.0,1,1.0,1,1.0,1,0.9077,
45,1.0,xenium_human_kidney_nondiseased,348.4511,9382.5023,26.92,58.4664,58.4664,1,1,1.0,1,1.0,1,1.0,1,1.0,
46,1.0,xenium_human_kidney_nondiseased,337.8394,9233.0504,27.33,71.5535,71.5535,1,1,1.0,1,1.0,1,1.0,1,0.9739,
47,1.0,xenium_human_kidney_nondiseased,329.074,9348.089,28.4,60.1915,60.1915,1,1,1.0,1,1.0,1,1.0,1,1.0,
48,1.0,xenium_human_kidney_nondiseased,328.4788,9234.2862,28.1,76.8102,76.8102,1,1,1.0,1,1.0,1,1.0,1,0.9794,
49,1.0,xenium_human_kidney_nondiseased,328.2461,9264.4712,28.22,69.7665,69.7665,1,1,1.0,1,1.0,1,0.9091,1,0.9659,
50,1.0,xenium_human_kidney_nondiseased,340.5801,9259.7097,27.18,68.1069,68.1069,1,1,1.0,1,1.0,1,1.0,1,1.0,
51,1.0,xenium_human_kidney_nondiseased,345.3289,9212.4966,26.67,64.6732,64.6732,1,1,1.0,1,1.0,1,1.0,1,1.0,
52,1.0,xenium_human_kidney_nondiseased,339.6715,9341.0645,27.5,57.4321,57.4321,1,1,1.0,1,1.0,1,1.0,1,1.0,
53,1.0,xenium_human_kidney_nondiseased,324.6875,9307.3491,28.66,58.9097,58.9097,1,1,1.0,1,1.0,1,1.0,1,1.0,
54,1.0,xenium_human_kidney_nondiseased,333.9175,9210.1751,27.58,66.8666,66.8666,1,1,1.0,1,1.0,1,1.0,1,0.9565,
55,1.0,xenium_human_kidney_nondiseased,343.1279,9291.5097,27.07,61.9982,61.9982,1,1,1.0,1,1.0,1,1.0,1,0.9821,
56,1.0,xenium_human_kidney_nondiseased,339.6272,9317.9845,27.43,61.0214,61.0214,1,1,1.0,1,1.0,1,1.0,1,1.0,
57,1.0,xenium_human_kidney_nondiseased,329.6255,9228.0762,27.99,72.12,72.12,1,1,1.0,1,1.0,1,1.0,1,0.9615,
58,1.0,xenium_human_kidney_nondiseased,328.1313,9249.5518,28.18,67.9544,67.9544,1,1,1.0,1,1.0,1,1.0,1,0.9855,
59,1.0,xenium_human_kidney_nondiseased,329.3373,9293.8917,28.21,64.3246,64.3246,1,1,1.0,1,1.0,1,1.0,1,1.0,
60,1.0,xenium_human_kidney_nondiseased,337.6716,9013.5484,26.69,82.111,82.111,1,1,1.0,1,0.9091,1,0.9688,1,0.9262,
61,1.0,xenium_human_kidney_nondiseased,346.0818,9229.189,26.67,62.7991,62.7991,1,1,1.0,1,1.0,1,1.0,1,0.9868,
62,1.0,xenium_human_kidney_nondiseased,331.721,9039.3438,27.25,77.9745,77.9745,1,1,1.0,1,1.0,1,1.0,1,0.9615,
63,1.0,xenium_human_kidney_nondiseased,331.0187,9124.6256,27.57,78.1028,78.1028,1,1,1.0,1,1.0,1,1.0,1,0.9444,
64,1.0,xenium_human_kidney_nondiseased,339.5139,8797.3077,25.91,100.8298,100.8298,1,1,1.0,1,1.0,1,1.0,1,0.8265,
65,1.0,xenium_human_kidney_nondiseased,343.1728,9345.5234,27.23,65.2969,65.2969,1,1,1.0,1,1.0,1,1.0,1,1.0,
66,1.0,xenium_human_kidney_nondiseased,329.7258,9417.3984,28.56,57.6253,57.6253,1,1,1.0,1,1.0,1,1.0,1,1.0,
67,1.0,xenium_human_kidney_nondiseased,329.0319,8980.2821,27.29,83.9108,83.9108,1,1,1.0,1,1.0,1,0.9259,1,0.8589,
68,1.0,xenium_human_kidney_nondiseased,326.6993,9345.3281,28.61,56.79,56.79,1,1,1.0,1,1.0,1,1.0,1,1.0,
69,1.0,xenium_human_kidney_nondiseased,332.605,9052.065,27.21,81.0997,81.0997,1,1,1.0,1,1.0,1,0.9375,1,0.8899,
70,1.0,xenium_human_kidney_nondiseased,340.3235,9189.9654,27.0,70.5892,70.5892,1,1,1.0,1,1.0,1,1.0,1,0.982,
71,1.0,xenium_human_kidney_nondiseased,333.1963,9158.3956,27.48,65.7592,65.7592,1,1,1.0,1,1.0,1,0.9231,1,0.9867,
72,1.0,xenium_human_kidney_nondiseased,340.5401,9356.1617,27.47,54.5407,54.5407,1,1,1.0,1,1.0,1,1.0,1,1.0,
73,1.0,xenium_human_kidney_nondiseased,334.467,9240.9392,27.63,71.5473,71.5473,1,1,1.0,1,1.0,1,1.0,1,1.0,
74,1.0,xenium_human_kidney_nondiseased,337.8415,9328.6896,27.61,69.5529,69.5529,1,1,1.0,1,1.0,1,1.0,1,1.0,
75,1.0,xenium_human_kidney_nondiseased,344.3492,9163.847,26.61,77.9849,77.9849,1,1,1.0,1,1.0,1,0.9474,1,0.9344,
76,1.0,xenium_human_kidney_nondiseased,326.8392,9190.7495,28.11,65.9228,65.9228,1,1,1.0,1,1.0,1,1.0,1,1.0,
77,1.0,xenium_human_kidney_nondiseased,325.3144,9078.0729,27.9,77.0108,77.0108,1,1,1.0,1,1.0,1,1.0,1,0.9839,
78,1.0,xenium_human_kidney_nondiseased,329.1037,9381.4521,28.49,55.8948,55.8948,1,1,1.0,1,1.0,1,1.0,1,1.0,
79,1.0,xenium_human_kidney_nondiseased,344.1644,9243.822,26.85,73.8989,73.8989,1,1,1.0,1,1.0,1,1.0,1,0.9909,
80,1.0,xenium_human_kidney_nondiseased,341.264,9300.5965,27.25,61.4775,61.4775,1,1,1.0,1,1.0,1,1.0,1,1.0,
81,1.0,xenium_human_kidney_nondiseased,330.5987,9108.3774,27.54,70.616,70.616,1,1,1.0,1,1.0,1,1.0,1,0.9762,
82,1.0,xenium_human_kidney_nondiseased,327.7765,9297.2202,28.36,67.1344,67.1344,1,1,1.0,1,1.0,1,1.0,1,0.9859,
83,1.0,xenium_human_kidney_nondiseased,340.2913,9192.44,27.01,65.8154,65.8154,1,1,1.0,1,1.0,1,1.0,1,1.0,
84,1.0,xenium_human_kidney_nondiseased,339.7442,9820.3715,28.9,42.4762,42.4762,1,1,1.0,1,1.0,1,1.0,1,1.0,
85,1.0,xenium_human_kidney_nondiseased,326.7353,8823.2867,27.0,95.6316,95.6316,1,1,1.0,1,1.0,1,1.0,1,0.9333,
86,1.0,xenium_human_kidney_nondiseased,328.3632,9313.3905,28.36,58.2252,58.2252,1,1,1.0,1,1.0,1,1.0,1,1.0,
87,1.0,xenium_human_kidney_nondiseased,325.0334,9242.3446,28.43,73.5669,73.5669,1,1,1.0,1,1.0,1,1.0,1,1.0,
88,1.0,xenium_human_kidney_nondiseased,334.1484,9160.0383,27.41,75.1401,75.1401,1,1,1.0,1,1.0,1,0.9455,1,0.9289,
89,1.0,xenium_human_kidney_nondiseased,341.757,9228.4542,27.0,68.341,68.341,1,1,1.0,1,1.0,1,0.875,1,0.9365,
90,1.0,xenium_human_kidney_nondiseased,335.4026,9014.6343,26.87,83.912,83.912,1,1,1.0,1,1.0,1,1.0,1,0.9,
91,1.0,xenium_human_kidney_nondiseased,327.948,9463.8039,28.85,58.743,58.743,1,1,1.0,1,1.0,1,1.0,1,1.0,
92,1.0,xenium_human_kidney_nondiseased,328.6052,9281.0501,28.24,65.9585,65.9585,1,1,1.0,1,1.0,1,1.0,1,1.0,
93,1.0,xenium_human_kidney_nondiseased,334.8244,9321.5739,27.83,62.1645,62.1645,1,1,1.0,1,1.0,1,1.0,1,1.0,
94,1.0,xenium_human_kidney_nondiseased,337.7126,9178.519,27.17,71.1774,71.1774,1,1,1.0,1,1.0,1,1.0,1,0.988,
95,1.0,xenium_human_kidney_nondiseased,336.8242,9404.0011,27.92,58.5677,58.5677,1,1,1.0,1,1.0,1,1.0,1,1.0,
96,1.0,xenium_human_kidney_nondiseased,330.2611,9119.0822,27.61,74.2748,74.2748,1,1,1.0,1,1.0,1,1.0,1,0.9451,
97,1.0,xenium_human_kidney_nondiseased,327.3528,9116.7752,27.84,74.7465,74.7465,1,1,1.0,1,1.0,1,1.0,1,0.9565,
98,1.0,xenium_human_kidney_nondiseased,338.9536,8931.4615,26.35,85.218,85.218,1,1,1.0,1,1.0,1,0.9231,1,0.8415,
99,1.0,xenium_human_kidney_nondiseased,344.2659,9203.3617,26.73,62.1326,62.1326,1,1,1.0,1,1.0,1,1.0,1,1.0,
0,1.25,xenium_human_kidney_nondiseased,347.4721,9649.0644,28.06,55.0871,55.0871,1,1,1.0,1,1.0,1,1.0,1,1.0,
1,1.25,xenium_human_kidney_nondiseased,345.7061,9212.1722,26.74,70.8632,70.8632,1,1,1.0,1,1.0,1,1.0,1,0.9868,
2,1.25,xenium_human_kidney_nondiseased,345.9308,9210.8738,26.69,69.3708,69.3708,1,1,1.0,1,1.0,1,1.0,1,0.9226,
3,1.25,xenium_human_kidney_nondiseased,343.8199,9299.3172,27.08,67.621,67.621,1,1,1.0,1,1.0,1,1.0,1,1.0,
4,1.25,xenium_human_kidney_nondiseased,339.7956,9513.4775,28.0,54.4661,54.4661,1,1,1.0,1,1.0,1,1.0,1,1.0,
5,1.25,xenium_human_kidney_nondiseased,341.3002,9320.4576,27.32,65.486,65.486,1,1,1.0,1,1.0,1,1.0,1,0.9677,
6,1.25,xenium_human_kidney_nondiseased,339.2649,9014.8858,26.57,78.8659,78.8659,1,1,1.0,1,1.0,1,1.0,1,0.963,
7,1.25,xenium_human_kidney_nondiseased,339.9124,9528.3842,28.03,54.8858,54.8858,1,1,1.0,1,1.0,1,1.0,1,1.0,
8,1.25,xenium_human_kidney_nondiseased,348.2649,9379.7322,26.93,61.4796,61.4796,1,1,1.0,1,1.0,1,1.0,1,1.0,
9,1.25,xenium_human_kidney_nondiseased,347.5477,9237.7128,26.57,70.2012,70.2012,1,1,1.0,1,0.9091,1,0.9474,1,0.9007,
10,1.25,xenium_human_kidney_nondiseased,341.0192,9396.7065,27.55,60.0133,60.0133,1,1,1.0,1,1.0,1,1.0,1,0.9853,
11,1.25,xenium_human_kidney_nondiseased,338.4928,9433.1031,27.86,62.8194,62.8194,1,1,1.0,1,1.0,1,1.0,1,1.0,
12,1.25,xenium_human_kidney_nondiseased,348.8908,9362.4422,26.83,58.7145,58.7145,1,1,1.0,1,1.0,1,1.0,1,1.0,
13,1.25,xenium_human_kidney_nondiseased,350.8881,9272.3168,26.42,62.9089,62.9089,1,1,1.0,1,1.0,1,1.0,1,1.0,
14,1.25,xenium_human_kidney_nondiseased,347.7699,8883.8626,25.55,88.7807,88.7807,1,1,1.0,1,1.0,1,1.0,1,0.9344,
15,1.25,xenium_human_kidney_nondiseased,347.9867,9578.8471,27.52,55.7185,55.7185,1,1,1.0,1,1.0,1,1.0,1,1.0,
16,1.25,xenium_human_kidney_nondiseased,347.0941,9364.4973,26.98,59.519,59.519,1,1,1.0,1,1.0,1,1.0,1,1.0,
17,1.25,xenium_human_kidney_nondiseased,350.8727,9183.5275,26.17,66.2106,66.2106,1,1,1.0,1,1.0,1,0.9375,1,0.9747,
18,1.25,xenium_human_kidney_nondiseased,353.7768,9219.7729,26.06,64.7085,64.7085,1,1,1.0,1,1.0,1,1.0,1,1.0,
19,1.25,xenium_human_kidney_nondiseased,345.8669,9346.2457,27.02,66.2135,66.2135,1,1,1.0,1,1.0,1,1.0,1,1.0,
20,1.25,xenium_human_kidney_nondiseased,345.4357,9169.7398,26.54,76.0854,76.0854,1,1,1.0,1,1.0,1,1.0,1,0.918,
21,1.25,xenium_human_kidney_nondiseased,353.4071,8731.9509,24.71,94.8702,95.8966,2,0,0.0,1,0.6667,1,0.6667,1,0.6667,
22,1.25,xenium_human_kidney_nondiseased,351.3443,9330.4097,26.55,68.9536,68.9536,1,1,1.0,1,1.0,1,1.0,1,0.9714,
23,1.25,xenium_human_kidney_nondiseased,340.8767,9530.7641,27.96,60.3739,60.3739,1,1,1.0,1,1.0,1,1.0,1,1.0,
24,1.25,xenium_human_kidney_nondiseased,331.1594,9439.0405,28.5,66.6259,66.6259,1,1,1.0,1,1.0,1,1.0,1,0.9815,
25,1.25,xenium_human_kidney_nondiseased,338.8037,9267.2427,27.35,68.4286,68.4286,1,1,1.0,1,1.0,1,1.0,1,0.9767,
26,1.25,xenium_human_kidney_nondiseased,348.0424,9055.5714,26.02,76.1431,76.1431,1,1,1.0,1,1.0,1,1.0,1,1.0,
27,1.25,xenium_human_kidney_nondiseased,355.766,9283.3168,26.09,72.2015,72.2015,1,1,1.0,1,1.0,1,1.0,1,0.9808,
28,1.25,xenium_human_kidney_nondiseased,347.0855,9204.8302,26.52,65.3109,65.3109,1,1,1.0,1,1.0,1,1.0,1,1.0,
29,1.25,xenium_human_kidney_nondiseased,328.0086,9314.9629,28.4,63.628,63.628,1,1,1.0,1,1.0,1,1.0,1,1.0,
30,1.25,xenium_human_kidney_nondiseased,326.183,9339.2527,28.63,60.2231,60.2231,1,1,1.0,1,1.0,1,1.0,1,1.0,
31,1.25,xenium_human_kidney_nondiseased,348.8982,9020.3941,25.85,77.7924,77.7924,1,1,1.0,1,1.0,1,1.0,1,0.9681,
32,1.25,xenium_human_kidney_nondiseased,351.52,9674.7417,27.52,55.0263,55.0263,1,1,1.0,1,1.0,1,1.0,1,1.0,
33,1.25,xenium_human_kidney_nondiseased,343.6708,9188.5018,26.73,71.4937,71.4937,1,1,1.0,1,1.0,1,0.9643,1,0.9586,
34,1.25,xenium_human_kidney_nondiseased,326.435,8844.171,27.09,90.5825,90.5825,1,1,1.0,1,1.0,1,1.0,1,0.7308,
35,1.25,xenium_human_kidney_nondiseased,325.248,9283.1674,28.54,66.3804,66.3804,1,1,1.0,1,1.0,1,0.9697,1,0.9754,
36,1.25,xenium_human_kidney_nondiseased,346.333,9165.8104,26.46,64.9728,64.9728,1,1,1.0,1,1.0,1,1.0,1,0.9811,
37,1.25,xenium_human_kidney_nondiseased,349.2045,9434.3702,27.01,54.4402,54.4402,1,1,1.0,1,1.0,1,1.0,1,1.0,
38,1.25,xenium_human_kidney_nondiseased,332.799,9048.8294,27.19,77.3585,77.3585,1,1,1.0,1,1.0,1,1.0,1,0.9333,
39,1.25,xenium_human_kidney_nondiseased,326.1232,9306.0102,28.53,58.4638,58.4638,1,1,1.0,1,1.0,1,1.0,1,1.0,
40,1.25,xenium_human_kidney_nondiseased,330.7771,9347.8592,28.26,54.4683,54.4683,1,1,1.0,1,1.0,1,1.0,1,1.0,
41,1.25,xenium_human_kidney_nondiseased,350.6555,9110.1991,25.98,81.3084,81.3084,1,1,1.0,1,1.0,1,1.0,1,0.9507,
42,1.25,xenium_human_kidney_nondiseased,343.4231,9269.2803,26.99,68.3466,68.3466,1,1,1.0,1,1.0,1,1.0,1,1.0,
43,1.25,xenium_human_kidney_nondiseased,329.0834,9022.5166,27.41,81.6526,81.6526,1,1,1.0,1,1.0,1,0.8,1,0.9143,
44,1.25,xenium_human_kidney_nondiseased,333.8647,8933.8107,26.76,86.1595,86.1595,1,1,1.0,1,1.0,1,1.0,1,0.9077,
45,1.25,xenium_human_kidney_nondiseased,340.6484,9382.5023,27.54,58.4664,58.4664,1,1,1.0,1,1.0,1,1.0,1,1.0,
46,1.25,xenium_human_kidney_nondiseased,331.1967,9233.0504,27.88,71.5535,71.5535,1,1,1.0,1,1.0,1,1.0,1,0.9739,
47,1.25,xenium_human_kidney_nondiseased,326.3906,9348.089,28.64,60.1915,60.1915,1,1,1.0,1,1.0,1,1.0,1,1.0,
48,1.25,xenium_human_kidney_nondiseased,323.3756,9234.2862,28.55,76.8102,76.8102,1,1,1.0,1,1.0,1,1.0,1,0.9794,
49,1.25,xenium_human_kidney_nondiseased,323.1414,9264.4712,28.67,69.7665,69.7665,1,1,1.0,1,1.0,1,0.9091,1,0.9659,
50,1.25,xenium_human_kidney_nondiseased,329.4159,9259.7097,28.11,68.1069,68.1069,1,1,1.0,1,1.0,1,1.0,1,1.0,
51,1.25,xenium_human_kidney_nondiseased,338.3117,9212.4966,27.23,64.6732,64.6732,1,1,1.0,1,1.0,1,1.0,1,1.0,
52,1.25,xenium_human_kidney_nondiseased,325.5137,9341.0645,28.69,57.4321,57.4321,1,1,1.0,1,1.0,1,1.0,1,1.0,
53,1.25,xenium_human_kidney_nondiseased,325.9581,9307.3491,28.55,58.9097,58.9097,1,1,1.0,1,1.0,1,1.0,1,1.0,
54,1.25,xenium_human_kidney_nondiseased,324.8594,9210.1751,28.35,66.8666,66.8666,1,1,1.0,1,1.0,1,1.0,1,0.9565,
55,1.25,xenium_human_kidney_nondiseased,334.5354,9291.5097,27.77,61.9982,61.9982,1,1,1.0,1,1.0,1,1.0,1,0.9821,
56,1.25,xenium_human_kidney_nondiseased,339.1644,9317.9845,27.47,61.0214,61.0214,1,1,1.0,1,1.0,1,1.0,1,1.0,
57,1.25,xenium_human_kidney_nondiseased,332.5126,9228.0762,27.75,72.12,72.12,1,1,1.0,1,1.0,1,1.0,1,0.9615,
58,1.25,xenium_human_kidney_nondiseased,327.0366,9249.5518,28.28,67.9544,67.9544,1,1,1.0,1,1.0,1,1.0,1,0.9855,
59,1.25,xenium_human_kidney_nondiseased,327.4123,9293.8917,28.38,64.3246,64.3246,1,1,1.0,1,1.0,1,1.0,1,1.0,
60,1.25,xenium_human_kidney_nondiseased,337.9896,9013.5484,26.66,82.111,82.111,1,1,1.0,1,0.9091,1,0.9688,1,0.9262,
61,1.25,xenium_human_kidney_nondiseased,337.1599,9229.189,27.37,62.7991,62.7991,1,1,1.0,1,1.0,1,1.0,1,0.9868,
62,1.25,xenium_human_kidney_nondiseased,330.1788,9039.3438,27.37,77.9745,77.9745,1,1,1.0,1,1.0,1,1.0,1,0.9615,
63,1.25,xenium_human_kidney_nondiseased,326.3274,9124.6256,27.96,78.1028,78.1028,1,1,1.0,1,1.0,1,1.0,1,0.9444,
64,1.25,xenium_human_kidney_nondiseased,337.1473,8797.3077,26.09,100.8298,100.8298,1,1,1.0,1,1.0,1,1.0,1,0.8265,
65,1.25,xenium_human_kidney_nondiseased,335.6847,9345.5234,27.84,65.2969,65.2969,1,1,1.0,1,1.0,1,1.0,1,1.0,
66,1.25,xenium_human_kidney_nondiseased,327.5161,9417.3984,28.75,57.6253,57.6253,1,1,1.0,1,1.0,1,1.0,1,1.0,
67,1.25,xenium_human_kidney_nondiseased,325.9426,8980.2821,27.55,83.9108,83.9108,1,1,1.0,1,1.0,1,0.9259,1,0.8589,
68,1.25,xenium_human_kidney_nondiseased,325.3183,9345.3281,28.72,56.79,56.79,1,1,1.0,1,1.0,1,1.0,1,1.0,
69,1.25,xenium_human_kidney_nondiseased,332.154,9052.065,27.25,81.0997,81.0997,1,1,1.0,1,1.0,1,0.9375,1,0.8899,
70,1.25,xenium_human_kidney_nondiseased,343.7646,9189.9654,26.73,70.5892,70.5892,1,1,1.0,1,1.0,1,1.0,1,0.982,
71,1.25,xenium_human_kidney_nondiseased,330.7586,9158.3956,27.69,65.7592,65.7592,1,1,1.0,1,1.0,1,0.9231,1,0.9867,
72,1.25,xenium_human_kidney_nondiseased,327.3984,9356.1617,28.58,54.5407,54.5407,1,1,1.0,1,1.0,1,1.0,1,1.0,
73,1.25,xenium_human_kidney_nondiseased,322.8803,9240.9392,28.62,71.5473,71.5473,1,1,1.0,1,1.0,1,1.0,1,1.0,
74,1.25,xenium_human_kidney_nondiseased,332.6517,9328.6896,28.04,69.5529,69.5529,1,1,1.0,1,1.0,1,1.0,1,1.0,
75,1.25,xenium_human_kidney_nondiseased,332.9207,9163.847,27.52,77.9849,77.9849,1,1,1.0,1,1.0,1,0.9474,1,0.9344,
76,1.25,xenium_human_kidney_nondiseased,327.2259,9190.7495,28.08,65.9228,65.9228,1,1,1.0,1,1.0,1,1.0,1,1.0,
77,1.25,xenium_human_kidney_nondiseased,323.7587,9078.0729,28.04,77.0108,77.0108,1,1,1.0,1,1.0,1,1.0,1,0.9839,
78,1.25,xenium_human_kidney_nondiseased,325.3672,9381.4521,28.83,55.8948,55.8948,1,1,1.0,1,1.0,1,1.0,1,1.0,
79,1.25,xenium_human_kidney_nondiseased,330.735,9243.822,27.94,73.8989,73.8989,1,1,1.0,1,1.0,1,1.0,1,0.9909,
80,1.25,xenium_human_kidney_nondiseased,330.5651,9300.5965,28.13,61.4775,61.4775,1,1,1.0,1,1.0,1,1.0,1,1.0,
81,1.25,xenium_human_kidney_nondiseased,323.4272,9108.3774,28.16,70.616,70.616,1,1,1.0,1,1.0,1,1.0,1,0.9762,
82,1.25,xenium_human_kidney_nondiseased,339.2765,9297.2202,27.4,67.1344,67.1344,1,1,1.0,1,1.0,1,1.0,1,0.9859,
83,1.25,xenium_human_kidney_nondiseased,333.1137,9192.44,27.59,65.8154,65.8154,1,1,1.0,1,1.0,1,1.0,1,1.0,
84,1.25,xenium_human_kidney_nondiseased,343.6285,9820.3715,28.58,42.4762,42.4762,1,1,1.0,1,1.0,1,1.0,1,1.0,
85,1.25,xenium_human_kidney_nondiseased,346.6364,8823.2867,25.45,95.6316,95.6316,1,1,1.0,1,1.0,1,1.0,1,0.9333,
86,1.25,xenium_human_kidney_nondiseased,344.7375,9313.3905,27.02,58.2252,58.2252,1,1,1.0,1,1.0,1,1.0,1,1.0,
87,1.25,xenium_human_kidney_nondiseased,332.5755,9242.3446,27.78,73.5669,73.5669,1,1,1.0,1,1.0,1,1.0,1,1.0,
88,1.25,xenium_human_kidney_nondiseased,347.7609,9160.0383,26.33,75.1401,75.1401,1,1,1.0,1,1.0,1,0.9455,1,0.9289,
89,1.25,xenium_human_kidney_nondiseased,348.6882,9228.4542,26.46,68.341,68.341,1,1,1.0,1,1.0,1,0.875,1,0.9365,
90,1.25,xenium_human_kidney_nondiseased,343.7758,9014.6343,26.21,83.912,83.912,1,1,1.0,1,1.0,1,1.0,1,0.9,
91,1.25,xenium_human_kidney_nondiseased,342.525,9463.8039,27.62,58.743,58.743,1,1,1.0,1,1.0,1,1.0,1,1.0,
92,1.25,xenium_human_kidney_nondiseased,337.3146,9281.0501,27.5,65.9585,65.9585,1,1,1.0,1,1.0,1,1.0,1,1.0,
93,1.25,xenium_human_kidney_nondiseased,346.5925,9321.5739,26.89,62.1645,62.1645,1,1,1.0,1,1.0,1,1.0,1,1.0,
94,1.25,xenium_human_kidney_nondiseased,349.975,9178.519,26.22,71.1774,71.1774,1,1,1.0,1,1.0,1,1.0,1,0.988,
95,1.25,xenium_human_kidney_nondiseased,341.6577,9404.0011,27.52,58.5677,58.5677,1,1,1.0,1,1.0,1,1.0,1,1.0,
96,1.25,xenium_human_kidney_nondiseased,327.8139,9119.0822,27.81,74.2748,74.2748,1,1,1.0,1,1.0,1,1.0,1,0.9451,
97,1.25,xenium_human_kidney_nondiseased,339.5666,9116.7752,26.84,74.7465,74.7465,1,1,1.0,1,1.0,1,1.0,1,0.9565,
98,1.25,xenium_human_kidney_nondiseased,352.7892,8931.4615,25.31,85.218,85.218,1,1,1.0,1,1.0,1,0.9231,1,0.8415,
99,1.25,xenium_human_kidney_nondiseased,348.4128,9203.3617,26.41,62.1326,62.1326,1,1,1.0,1,1.0,1,1.0,1,1.0,
0,1.5,xenium_human_kidney_nondiseased,353.4075,9649.0644,27.62,55.0871,55.0871,1,1,1.0,1,1.0,1,1.0,1,1.0,
1,1.5,xenium_human_kidney_nondiseased,355.5089,9212.1722,26.0,70.8632,70.8632,1,1,1.0,1,1.0,1,1.0,1,0.9868,
2,1.5,xenium_human_kidney_nondiseased,356.487,9210.8738,25.9,69.3708,69.3708,1,1,1.0,1,1.0,1,1.0,1,0.9226,
3,1.5,xenium_human_kidney_nondiseased,355.957,9299.3172,26.16,67.621,67.621,1,1,1.0,1,1.0,1,1.0,1,1.0,
4,1.5,xenium_human_kidney_nondiseased,351.7529,9513.4775,27.06,54.4661,54.4661,1,1,1.0,1,1.0,1,1.0,1,1.0,
5,1.5,xenium_human_kidney_nondiseased,350.2824,9320.4576,26.61,65.486,65.486,1,1,1.0,1,1.0,1,1.0,1,0.9677,
6,1.5,xenium_human_kidney_nondiseased,346.0379,9014.8858,26.05,78.8659,78.8659,1,1,1.0,1,1.0,1,1.0,1,0.963,
7,1.5,xenium_human_kidney_nondiseased,354.491,9528.3842,26.77,54.8858,54.8858,1,1,1.0,1,1.0,1,1.0,1,1.0,
8,1.5,xenium_human_kidney_nondiseased,359.2814,9379.7322,26.11,61.4796,61.4796,1,1,1.0,1,1.0,1,1.0,1,1.0,
9,1.5,xenium_human_kidney_nondiseased,355.984,9237.7128,25.95,70.2012,70.2012,1,1,1.0,1,0.9091,1,0.9474,1,0.9007,
10,1.5,xenium_human_kidney_nondiseased,353.0162,9396.7065,26.62,60.0133,60.0133,1,1,1.0,1,1.0,1,1.0,1,0.9853,
11,1.5,xenium_human_kidney_nondiseased,353.1198,9433.1031,26.72,62.8194,62.8194,1,1,1.0,1,1.0,1,1.0,1,1.0,
12,1.5,xenium_human_kidney_nondiseased,361.0111,9362.4422,25.94,58.7145,58.7145,1,1,1.0,1,1.0,1,1.0,1,1.0,
13,1.5,xenium_human_kidney_nondiseased,356.8754,9272.3168,25.98,62.9089,62.9089,1,1,1.0,1,1.0,1,1.0,1,1.0,
14,1.5,xenium_human_kidney_nondiseased,352.3593,8883.8626,25.22,88.7807,88.7807,1,1,1.0,1,1.0,1,1.0,1,0.9344,
15,1.5,xenium_human_kidney_nondiseased,337.7019,9578.8471,28.37,55.7185,55.7185,1,1,1.0,1,1.0,1,1.0,1,1.0,
16,1.5,xenium_human_kidney_nondiseased,344.9055,9364.4973,27.15,59.519,59.519,1,1,1.0,1,1.0,1,1.0,1,1.0,
17,1.5,xenium_human_kidney_nondiseased,355.3734,9183.5275,25.85,66.2106,66.2106,1,1,1.0,1,1.0,1,0.9375,1,0.9747,
18,1.5,xenium_human_kidney_nondiseased,359.6065,9219.7729,25.64,64.7085,64.7085,1,1,1.0,1,1.0,1,1.0,1,1.0,
19,1.5,xenium_human_kidney_nondiseased,347.3108,9346.2457,26.91,66.2135,66.2135,1,1,1.0,1,1.0,1,1.0,1,1.0,
20,1.5,xenium_human_kidney_nondiseased,348.4015,9169.7398,26.32,76.0854,76.0854,1,1,1.0,1,1.0,1,1.0,1,0.918,
21,1.5,xenium_human_kidney_nondiseased,360.9787,8731.9509,24.2,94.8702,95.8966,2,0,0.0,1,0.6667,1,0.6667,1,0.6667,
22,1.5,xenium_human_kidney_nondiseased,354.677,9330.4097,26.3,68.9536,68.9536,1,1,1.0,1,1.0,1,1.0,1,0.9714,
23,1.5,xenium_human_kidney_nondiseased,335.2871,9530.7641,28.42,60.3739,60.3739,1,1,1.0,1,1.0,1,1.0,1,1.0,
24,1.5,xenium_human_kidney_nondiseased,338.663,9439.0405,27.87,66.6259,66.6259,1,1,1.0,1,1.0,1,1.0,1,0.9815,
25,1.5,xenium_human_kidney_nondiseased,338.8439,9267.2427,27.34,68.4286,68.4286,1,1,1.0,1,1.0,1,1.0,1,0.9767,
26,1.5,xenium_human_kidney_nondiseased,347.3393,9055.5714,26.07,76.1431,76.1431,1,1,1.0,1,1.0,1,1.0,1,1.0,
27,1.5,xenium_human_kidney_nondiseased,361.887,9283.3168,25.65,72.2015,72.2015,1,1,1.0,1,1.0,1,1.0,1,0.9808,
28,1.5,xenium_human_kidney_nondiseased,341.7271,9204.8302,26.93,65.3109,65.3109,1,1,1.0,1,1.0,1,1.0,1,1.0,
29,1.5,xenium_human_kidney_nondiseased,330.0807,9314.9629,28.22,63.628,63.628,1,1,1.0,1,1.0,1,1.0,1,1.0,
30,1.5,xenium_human_kidney_nondiseased,328.718,9339.2527,28.41,60.2231,60.2231,1,1,1.0,1,1.0,1,1.0,1,1.0,
31,1.5,xenium_human_kidney_nondiseased,353.4785,9020.3941,25.52,77.7924,77.7924,1,1,1.0,1,1.0,1,1.0,1,0.9681,
32,1.5,xenium_human_kidney_nondiseased,349.8287,9674.7417,27.65,55.0263,55.0263,1,1,1.0,1,1.0,1,1.0,1,1.0,
33,1.5,xenium_human_kidney_nondiseased,333.5237,9188.5018,27.55,71.4937,71.4937,1,1,1.0,1,1.0,1,0.9643,1,0.9586,
34,1.5,xenium_human_kidney_nondiseased,330.4508,8844.171,26.76,90.5825,90.5825,1,1,1.0,1,1.0,1,1.0,1,0.7308,
35,1.5,xenium_human_kidney_nondiseased,338.429,9283.1674,27.43,66.3804,66.3804,1,1,1.0,1,1.0,1,0.9697,1,0.9754,
36,1.5,xenium_human_kidney_nondiseased,345.6627,9165.8104,26.51,64.9728,64.9728,1,1,1.0,1,1.0,1,1.0,1,0.9811,
37,1.5,xenium_human_kidney_nondiseased,351.536,9434.3702,26.83,54.4402,54.4402,1,1,1.0,1,1.0,1,1.0,1,1.0,
38,1.5,xenium_human_kidney_nondiseased,336.7788,9048.8294,26.87,77.3585,77.3585,1,1,1.0,1,1.0,1,1.0,1,0.9333,
39,1.5,xenium_human_kidney_nondiseased,328.4591,9306.0102,28.33,58.4638,58.4638,1,1,1.0,1,1.0,1,1.0,1,1.0,
40,1.5,xenium_human_kidney_nondiseased,338.2805,9347.8592,27.63,54.4683,54.4683,1,1,1.0,1,1.0,1,1.0,1,1.0,
41,1.5,xenium_human_kidney_nondiseased,346.3091,9110.1991,26.3,81.3084,81.3084,1,1,1.0,1,1.0,1,1.0,1,0.9507,
42,1.5,xenium_human_kidney_nondiseased,343.8013,9269.2803,26.96,68.3466,68.3466,1,1,1.0,1,1.0,1,1.0,1,1.0,
43,1.5,xenium_human_kidney_nondiseased,329.2708,9022.5166,27.4,81.6526,81.6526,1,1,1.0,1,1.0,1,0.8,1,0.9143,
44,1.5,xenium_human_kidney_nondiseased,333.8883,8933.8107,26.75,86.1595,86.1595,1,1,1.0,1,1.0,1,1.0,1,0.9077,
45,1.5,xenium_human_kidney_nondiseased,348.8622,9382.5023,26.89,58.4664,58.4664,1,1,1.0,1,1.0,1,1.0,1,1.0,
46,1.5,xenium_human_kidney_nondiseased,341.0923,9233.0504,27.07,71.5535,71.5535,1,1,1.0,1,1.0,1,1.0,1,0.9739,
47,1.5,xenium_human_kidney_nondiseased,337.0016,9348.089,27.74,60.1915,60.1915,1,1,1.0,1,1.0,1,1.0,1,1.0,
48,1.5,xenium_human_kidney_nondiseased,333.8487,9234.2862,27.66,76.8102,76.8102,1,1,1.0,1,1.0,1,1.0,1,0.9794,
49,1.5,xenium_human_kidney_nondiseased,334.1614,9264.4712,27.72,69.7665,69.7665,1,1,1.0,1,1.0,1,0.9091,1,0.9659,
50,1.5,xenium_human_kidney_nondiseased,343.357,9259.7097,26.97,68.1069,68.1069,1,1,1.0,1,1.0,1,1.0,1,1.0,
51,1.5,xenium_human_kidney_nondiseased,348.8244,9212.4966,26.41,64.6732,64.6732,1,1,1.0,1,1.0,1,1.0,1,1.0,
52,1.5,xenium_human_kidney_nondiseased,344.3,9341.0645,27.13,57.4321,57.4321,1,1,1.0,1,1.0,1,1.0,1,1.0,
53,1.5,xenium_human_kidney_nondiseased,337.1788,9307.3491,27.6,58.9097,58.9097,1,1,1.0,1,1.0,1,1.0,1,1.0,
54,1.5,xenium_human_kidney_nondiseased,343.7467,9210.1751,26.79,66.8666,66.8666,1,1,1.0,1,1.0,1,1.0,1,0.9565,
55,1.5,xenium_human_kidney_nondiseased,345.7827,9291.5097,26.87,61.9982,61.9982,1,1,1.0,1,1.0,1,1.0,1,0.9821,
56,1.5,xenium_human_kidney_nondiseased,349.7498,9317.9845,26.64,61.0214,61.0214,1,1,1.0,1,1.0,1,1.0,1,1.0,
57,1.5,xenium_human_kidney_nondiseased,339.2842,9228.0762,27.19,72.12,72.12,1,1,1.0,1,1.0,1,1.0,1,0.9615,
58,1.5,xenium_human_kidney_nondiseased,341.3828,9249.5518,27.09,67.9544,67.9544,1,1,1.0,1,1.0,1,1.0,1,0.9855,
59,1.5,xenium_human_kidney_nondiseased,336.8733,9293.8917,27.58,64.3246,64.3246,1,1,1.0,1,1.0,1,1.0,1,1.0,
60,1.5,xenium_human_kidney_nondiseased,350.3902,9013.5484,25.72,82.111,82.111,1,1,1.0,1,0.9091,1,0.9688,1,0.9262,
61,1.5,xenium_human_kidney_nondiseased,350.1468,9229.189,26.35,62.7991,62.7991,1,1,1.0,1,1.0,1,1.0,1,0.9868,
62,1.5,xenium_human_kidney_nondiseased,330.2584,9039.3438,27.37,77.9745,77.9745,1,1,1.0,1,1.0,1,1.0,1,0.9615,
63,1.5,xenium_human_kidney_nondiseased,327.6858,9124.6256,27.84,78.1028,78.1028,1,1,1.0,1,1.0,1,1.0,1,0.9444,
64,1.5,xenium_human_kidney_nondiseased,348.1434,8797.3077,25.27,100.8298,100.8298,1,1,1.0,1,1.0,1,1.0,1,0.8265,
65,1.5,xenium_human_kidney_nondiseased,344.7478,9345.5234,27.1,65.2969,65.2969,1,1,1.0,1,1.0,1,1.0,1,1.0,
66,1.5,xenium_human_kidney_nondiseased,329.1393,9417.3984,28.61,57.6253,57.6253,1,1,1.0,1,1.0,1,1.0,1,1.0,
67,1.5,xenium_human_kidney_nondiseased,326.6047,8980.2821,27.49,83.9108,83.9108,1,1,1.0,1,1.0,1,0.9259,1,0.8589,
68,1.5,xenium_human_kidney_nondiseased,324.5173,9345.3281,28.79,56.79,56.79,1,1,1.0,1,1.0,1,1.0,1,1.0,
69,1.5,xenium_human_kidney_nondiseased,328.5759,9052.065,27.55,81.0997,81.0997,1,1,1.0,1,1.0,1,0.9375,1,0.8899,
70,1.5,xenium_human_kidney_nondiseased,342.7467,9189.9654,26.8,70.5892,70.5892,1,1,1.0,1,1.0,1,1.0,1,0.982,
71,1.5,xenium_human_kidney_nondiseased,328.9855,9158.3956,27.83,65.7592,65.7592,1,1,1.0,1,1.0,1,0.9231,1,0.9867,
72,1.5,xenium_human_kidney_nondiseased,326.2802,9356.1617,28.67,54.5407,54.5407,1,1,1.0,1,1.0,1,1.0,1,1.0,
73,1.5,xenium_human_kidney_nondiseased,324.1777,9240.9392,28.5,71.5473,71.5473,1,1,1.0,1,1.0,1,1.0,1,1.0,
74,1.5,xenium_human_kidney_nondiseased,333.7959,9328.6896,27.94,69.5529,69.5529,1,1,1.0,1,1.0,1,1.0,1,1.0,
75,1.5,xenium_human_kidney_nondiseased,332.6882,9163.847,27.54,77.9849,77.9849,1,1,1.0,1,1.0,1,0.9474,1,0.9344,
76,1.5,xenium_human_kidney_nondiseased,333.3649,9190.7495,27.56,65.9228,65.9228,1,1,1.0,1,1.0,1,1.0,1,1.0,
77,1.5,xenium_human_kidney_nondiseased,325.1145,9078.0729,27.92,77.0108,77.0108,1,1,1.0,1,1.0,1,1.0,1,0.9839,
78,1.5,xenium_human_kidney_nondiseased,326.1731,9381.4521,28.75,55.8948,55.8948,1,1,1.0,1,1.0,1,1.0,1,1.0,
79,1.5,xenium_human_kidney_nondiseased,335.224,9243.822,27.57,73.8989,73.8989,1,1,1.0,1,1.0,1,1.0,1,0.9909,
80,1.5,xenium_human_kidney_nondiseased,334.0756,9300.5965,27.83,61.4775,61.4775,1,1,1.0,1,1.0,1,1.0,1,1.0,
81,1.5,xenium_human_kidney_nondiseased,326.5802,9108.3774,27.87,70.616,70.616,1,1,1.0,1,1.0,1,1.0,1,0.9762,
82,1.5,xenium_human_kidney_nondiseased,324.7274,9297.2202,28.62,67.1344,67.1344,1,1,1.0,1,1.0,1,1.0,1,0.9859,
83,1.5,xenium_human_kidney_nondiseased,510.2508,9192.44,18.02,65.8154,65.8154,1,1,1.0,1,1.0,1,1.0,1,1.0,
84,1.5,xenium_human_kidney_nondiseased,329.2139,9820.3715,29.83,42.4762,42.4762,1,1,1.0,1,1.0,1,1.0,1,1.0,
85,1.5,xenium_human_kidney_nondiseased,339.96,8823.2867,25.95,95.6316,95.6316,1,1,1.0,1,1.0,1,1.0,1,0.9333,
86,1.5,xenium_human_kidney_nondiseased,340.1655,9313.3905,27.38,58.2252,58.2252,1,1,1.0,1,1.0,1,1.0,1,1.0,
87,1.5,xenium_human_kidney_nondiseased,344.673,9242.3446,26.8,73.5669,73.5669,1,1,1.0,1,1.0,1,1.0,1,1.0,
88,1.5,xenium_human_kidney_nondiseased,340.9264,9160.0383,26.86,75.1401,75.1401,1,1,1.0,1,1.0,1,0.9455,1,0.9289,
89,1.5,xenium_human_kidney_nondiseased,342.9208,9228.4542,26.9,68.341,68.341,1,1,1.0,1,1.0,1,0.875,1,0.9365,
90,1.5,xenium_human_kidney_nondiseased,348.4561,9014.6343,25.87,83.912,83.912,1,1,1.0,1,1.0,1,1.0,1,0.9,
91,1.5,xenium_human_kidney_nondiseased,346.138,9463.8039,27.34,58.743,58.743,1,1,1.0,1,1.0,1,1.0,1,1.0,
92,1.5,xenium_human_kidney_nondiseased,347.3037,9281.0501,26.71,65.9585,65.9585,1,1,1.0,1,1.0,1,1.0,1,1.0,
93,1.5,xenium_human_kidney_nondiseased,348.4968,9321.5739,26.74,62.1645,62.1645,1,1,1.0,1,1.0,1,1.0,1,1.0,
94,1.5,xenium_human_kidney_nondiseased,345.8514,9178.519,26.53,71.1774,71.1774,1,1,1.0,1,1.0,1,1.0,1,0.988,
95,1.5,xenium_human_kidney_nondiseased,342.6953,9404.0011,27.44,58.5677,58.5677,1,1,1.0,1,1.0,1,1.0,1,1.0,
96,1.5,xenium_human_kidney_nondiseased,334.9478,9119.0822,27.22,74.2748,74.2748,1,1,1.0,1,1.0,1,1.0,1,0.9451,
97,1.5,xenium_human_kidney_nondiseased,347.1728,9116.7752,26.26,74.7465,74.7465,1,1,1.0,1,1.0,1,1.0,1,0.9565,
98,1.5,xenium_human_kidney_nondiseased,352.8907,8931.4615,25.3,85.218,85.218,1,1,1.0,1,1.0,1,0.9231,1,0.8415,
99,1.5,xenium_human_kidney_nondiseased,347.9627,9203.3617,26.44,62.1326,62.1326,1,1,1.0,1,1.0,1,1.0,1,1.0,
